 reading user weak rate file /home/njm/MESA/mesa-2025-summerschool-prerelease/data/rates_data/rate_tables/S13_r_be7_wk_li7.h5
 version_number 5d9f195f
 read inlist_project
 Extras startup routine
 DEBUG: colors_handle =            1
 DEBUG: colors instrument = /colors/data/filters/GAIA/GAIA
 DEBUG: colors vega_sed = /colors/data/stellar_models/vega_flam.csv
 DEBUG: colors stellar_atm = /colors/data/stellar_models/Kurucz2003all/
 DEBUG: colors metallicity =   0.57999999999999996     
 DEBUG: colors distance =    30857000000000000.     
 DEBUG: colors make_csv =  F
 DEBUG: colors use_colors =  T


 The terminal output contains the following information

      'step' is the number of steps since the start of the run,
      'lg_dt' is log10 timestep in years,
      'age_yr' is the simulated years since the start run,
      'lg_Tcntr' is log10 center temperature (K),
      'lg_Dcntr' is log10 center density (g/cm^3),
      'lg_Tmax' is log10 max temperature (K),
      'Teff' is the surface temperature (K),
      'lg_R' is log10 surface radius (Rsun),
      'lg_L' is log10 surface luminosity (Lsun),
      'lg_LH' is log10 total PP and CNO hydrogen burning power (Lsun),
      'lg_L3a' is log10 total triple-alpha helium burning power (Lsun),
      'lg_gsurf' is log10 surface gravity,
      'lg_Lnuc' is log10 nuclear power (Lsun),
      'lg_Lneu' is log10 total neutrino power (Lsun),
      'lg_Lphoto' is log10 total photodisintegration (Lsun),
      'Mass' is the total stellar baryonic mass (Msun),
      'lg_Mdot' is log10 magnitude of rate of change of mass (Msun/year),
      'lg_Dsurf' is log10 surface density (g/cm^3),
      'H_env' is the amount of mass where H is dominant,
      'He_core' is the largest mass where He is dominant.
      'CO_core' is the largest mass where CO is dominant.
      'H_cntr' is the center H1 mass fraction,
      'He_cntr' is the center He4 mass fraction,
      'C_cntr' is the center C12 mass fraction,
      'N_cntr' is the center N14 mass fraction,
      'O_cntr' is the center O16 mass fraction,
      'Ne_cntr' is the center Ne20 mass fraction,
      'gam_cntr' is the center plasma interaction parameter,
      'eta_cntr' is the center electron degeneracy parameter,
      'zones' is the number of zones in the current model,
      'iters' is the number of solver iterations for the current step,
      'retry' is the number of step retries required during the run,
      'dt_limit' is an indication of what limited the timestep.

 All this and more are saved in the LOGS directory during the run.
 create pre-main-sequence model
                                          species  mass           8    5.0000000000000000D+00

                                        relax_num_steps         100

          1   5.480230   3774.079 -21.473810 -21.473810   5.000000   5.000000   0.718000   0.000707   0.268000 -11.101385   1332      0
-5.0000E+00   5.480230   2.114503 -99.000000 -22.871678 -99.000000   0.000000   0.268000   0.006566   0.014000   0.025083      5
 1.0000E-05  -4.626717   3.490943 -99.000000 -99.000000  -8.255066   0.000000   0.002413   0.001460   0.014000  0.000E+00    initial dt

          2   5.478633   3904.413 -21.473931 -21.473931   5.000000   5.000000   0.718000   0.000707   0.268000 -11.097566    726      0
-5.0000E+00   5.478633   2.114794 -99.000000 -22.871799 -99.000000   0.000000   0.268000   0.006566   0.014000   0.025161      3
 2.0000E-05  -4.627451   3.550504 -99.000000 -99.000000  -8.327924   0.000000   0.002413   0.001460   0.014000  0.000E+00        max_dt

          3   5.478430   3996.666 -21.473998 -21.473998   5.000000   5.000000   0.718000   0.000707   0.268000 -11.095918    473      0
-5.0000E+00   5.478430   2.114941 -99.000000 -22.871866 -99.000000   0.000000   0.268000   0.006566   0.014000   0.025181      3
 3.0000E-05  -4.627039   3.591368 -99.000000 -99.000000  -8.365883   0.000000   0.002413   0.001460   0.014000  0.000E+00        max_dt

          4   5.478337   4067.711 -21.474003 -21.474003   5.000000   5.000000   0.718000   0.000707   0.268000 -11.094894    484      0
-5.0000E+00   5.478272   2.115011 -99.000000 -22.871871 -99.000000   0.000000   0.268000   0.006566   0.014000   0.025194      3
 4.0000E-05  -4.626832   3.622116 -99.000000 -99.000000  -8.386277   0.000000   0.002413   0.001460   0.014000  0.000E+00        max_dt

          5   5.478227   4118.463 -21.474006 -21.474006   5.000000   5.000000   0.718000   0.000707   0.268000 -11.094166    489      0
-5.0000E+00   5.478159   2.115039 -99.000000 -22.871875 -99.000000   0.000000   0.268000   0.006566   0.014000   0.025204      3
 5.0000E-05  -4.626685   3.643712 -37.026689 -99.000000  -8.397260   0.000000   0.002413   0.001460   0.014000  0.000E+00        max_dt

          6   5.478139   4151.840 -21.474008 -21.474008   5.000000   5.000000   0.718000   0.000707   0.268000 -11.093606    474      0
-5.0000E+00   5.478070   2.115048 -99.000000 -22.871876 -99.000000   0.000000   0.268000   0.006566   0.014000   0.025211      3
 6.0000E-05  -4.626575   3.657752 -99.000000 -99.000000  -8.403281   0.000000   0.002413   0.001460   0.014000  0.000E+00        max_dt

          7   5.478068   4172.260 -21.474009 -21.474009   5.000000   5.000000   0.718000   0.000707   0.268000 -11.093156    486      0
-5.0000E+00   5.477998   2.115048 -99.000000 -22.871878 -99.000000   0.000000   0.268000   0.006566   0.014000   0.025217      3
 7.0000E-05  -4.626487   3.666275 -99.000000 -99.000000  -8.406598   0.000000   0.002413   0.001460   0.014000  0.000E+00        max_dt

          8   5.478068   4183.773 -21.474010 -21.474010   5.000000   5.000000   0.718000   0.000707   0.268000 -11.092782    472      0
-5.0000E+00   5.477938   2.115043 -99.000000 -22.871878 -99.000000   0.000000   0.268000   0.006566   0.014000   0.025222      3
 8.0000E-05  -4.626415   3.671051 -99.000000 -99.000000  -8.408363   0.000000   0.002413   0.001460   0.014000  0.000E+00        max_dt

          9   5.478068   4189.286 -21.474011 -21.474011   5.000000   5.000000   0.718000   0.000707   0.268000 -11.092423    489      0
-5.0000E+00   5.477878   2.115035 -99.000000 -22.871879 -99.000000   0.000000   0.268000   0.006566   0.014000   0.025226      3
 9.0000E-05  -4.626349   3.673324 -99.000000 -99.000000  -8.409181   0.000000   0.002413   0.001460   0.014000  0.000E+00        max_dt


__________________________________________________________________________________________________________________________________________________

       step    lg_Tmax     Teff     lg_LH      lg_Lnuc_tot     Mass       H_rich     H_cntr     N_cntr     Y_surf   eta_cntr   zones  retry
  lg_dt_yrs    lg_Tcntr    lg_R     lg_L3a     lg_Lneu     lg_Mdot    He_core    He_cntr    O_cntr     Z_surf   gam_cntr   iters  
    age_yrs    lg_Dcntr    lg_L     lg_LZ      lg_Lphoto   lg_Dsurf   CO_core    C_cntr     Ne_cntr    Z_cntr   v_div_cs       dt_limit
__________________________________________________________________________________________________________________________________________________

         10   5.478068   4190.857 -21.474011 -21.474011   5.000000   5.000000   0.718000   0.000707   0.268000 -11.092127    472      0
-5.0000E+00   5.477828   2.115026 -99.000000 -22.871880 -99.000000   0.000000   0.268000   0.006566   0.014000   0.025230      3
 1.0000E-04  -4.626295   3.673956 -99.000000 -99.000000  -8.409403   0.000000   0.002413   0.001460   0.014000  0.000E+00        max_dt

         11   5.478068   4189.777 -21.474012 -21.474012   5.000000   5.000000   0.718000   0.000707   0.268000 -11.091886    490      0
-5.0000E+00   5.477788   2.115015 -99.000000 -22.871880 -99.000000   0.000000   0.268000   0.006566   0.014000   0.025234      3
 1.1000E-04  -4.626251   3.673488 -99.000000 -99.000000  -8.409232   0.000000   0.002413   0.001460   0.014000  0.000E+00        max_dt

         12   5.478068   4186.972 -21.474012 -21.474012   5.000000   5.000000   0.718000   0.000707   0.268000 -11.091689    472      0
-5.0000E+00   5.477755   2.115004 -99.000000 -22.871880 -99.000000   0.000000   0.268000   0.006566   0.014000   0.025236      3
 1.2000E-04  -4.626215   3.672303 -99.000000 -99.000000  -8.408802   0.000000   0.002413   0.001460   0.014000  0.000E+00        max_dt

         13   5.478068   4183.002 -21.474012 -21.474012   5.000000   5.000000   0.718000   0.000707   0.268000 -11.091526    489      0
-5.0000E+00   5.477728   2.114993 -99.000000 -22.871881 -99.000000   0.000000   0.268000   0.006566   0.014000   0.025238      3
 1.3000E-04  -4.626185   3.670632 -37.327719 -99.000000  -8.408191   0.000000   0.002413   0.001460   0.014000  0.000E+00        max_dt

         14   5.478068   4178.327 -21.474013 -21.474013   5.000000   5.000000   0.718000   0.000707   0.268000 -11.091390    473      0
-5.0000E+00   5.477705   2.114982 -99.000000 -22.871881 -99.000000   0.000000   0.268000   0.006566   0.014000   0.025240      3
 1.4000E-04  -4.626160   3.668667 -99.000000 -99.000000  -8.407465   0.000000   0.002413   0.001460   0.014000  0.000E+00        max_dt

         15   5.478068   4173.179 -21.474013 -21.474013   5.000000   5.000000   0.718000   0.000707   0.268000 -11.091275    490      0
-5.0000E+00   5.477686   2.114970 -99.000000 -22.871881 -99.000000   0.000000   0.268000   0.006566   0.014000   0.025242      3
 1.5000E-04  -4.626139   3.666503 -37.327719 -99.000000  -8.406655   0.000000   0.002413   0.001460   0.014000  0.000E+00        max_dt

         16   5.478068   4167.791 -21.474013 -21.474013   5.000000   5.000000   0.718000   0.000707   0.268000 -11.091177    473      0
-5.0000E+00   5.477669   2.114959 -99.000000 -22.871881 -99.000000   0.000000   0.268000   0.006566   0.014000   0.025243      3
 1.6000E-04  -4.626121   3.664236 -99.000000 -99.000000  -8.405792   0.000000   0.002413   0.001460   0.014000  0.000E+00        max_dt

         17   5.478068   4162.250 -21.474013 -21.474013   5.000000   5.000000   0.718000   0.000707   0.268000 -11.091092    490      0
-5.0000E+00   5.477655   2.114948 -99.000000 -22.871881 -99.000000   0.000000   0.268000   0.006566   0.014000   0.025244      3
 1.7000E-04  -4.626105   3.661902 -99.000000 -99.000000  -8.404889   0.000000   0.002413   0.001460   0.014000  0.000E+00        max_dt

         18   5.478068   4156.694 -21.474013 -21.474013   5.000000   5.000000   0.718000   0.000707   0.268000 -11.091019    474      0
-5.0000E+00   5.477643   2.114937 -99.000000 -22.871881 -99.000000   0.000000   0.268000   0.006566   0.014000   0.025245      3
 1.8000E-04  -4.626092   3.659560 -99.000000 -99.000000  -8.403966   0.000000   0.002413   0.001460   0.014000  0.000E+00        max_dt

         19   5.478068   4151.149 -21.474013 -21.474013   5.000000   5.000000   0.718000   0.000707   0.268000 -11.090956    494      0
-5.0000E+00   5.477632   2.114926 -99.000000 -22.871881 -99.000000   0.000000   0.268000   0.006566   0.014000   0.025246      3
 1.9000E-04  -4.626080   3.657218 -99.000000 -99.000000  -8.403026   0.000000   0.002413   0.001460   0.014000  0.000E+00        max_dt


__________________________________________________________________________________________________________________________________________________

       step    lg_Tmax     Teff     lg_LH      lg_Lnuc_tot     Mass       H_rich     H_cntr     N_cntr     Y_surf   eta_cntr   zones  retry
  lg_dt_yrs    lg_Tcntr    lg_R     lg_L3a     lg_Lneu     lg_Mdot    He_core    He_cntr    O_cntr     Z_surf   gam_cntr   iters  
    age_yrs    lg_Dcntr    lg_L     lg_LZ      lg_Lphoto   lg_Dsurf   CO_core    C_cntr     Ne_cntr    Z_cntr   v_div_cs       dt_limit
__________________________________________________________________________________________________________________________________________________

         20   5.478068   4145.682 -21.474013 -21.474013   5.000000   5.000000   0.718000   0.000707   0.268000 -11.090900    474      0
-5.0000E+00   5.477623   2.114915 -99.000000 -22.871882 -99.000000   0.000000   0.268000   0.006566   0.014000   0.025247      3
 2.0000E-04  -4.626070   3.654907 -37.327719 -99.000000  -8.402080   0.000000   0.002413   0.001460   0.014000  0.000E+00        max_dt

         21   5.478069   4140.267 -21.474013 -21.474013   5.000000   5.000000   0.718000   0.000707   0.268000 -11.090850    490      0
-5.0000E+00   5.477615   2.114904 -99.000000 -22.871882 -99.000000   0.000000   0.268000   0.006566   0.014000   0.025247      3
 2.1000E-04  -4.626061   3.652615 -99.000000 -99.000000  -8.401124   0.000000   0.002413   0.001460   0.014000  0.000E+00        max_dt

         22   5.478069   4134.975 -21.474013 -21.474013   5.000000   5.000000   0.718000   0.000707   0.268000 -11.090807    472      0
-5.0000E+00   5.477608   2.114894 -99.000000 -22.871882 -99.000000   0.000000   0.268000   0.006566   0.014000   0.025248      3
 2.2000E-04  -4.626053   3.650372 -99.000000 -99.000000  -8.400169   0.000000   0.002413   0.001460   0.014000  0.000E+00        max_dt

         23   5.478069   4129.781 -21.474013 -21.474013   5.000000   5.000000   0.718000   0.000707   0.268000 -11.090767    489      0
-5.0000E+00   5.477601   2.114883 -99.000000 -22.871882 -99.000000   0.000000   0.268000   0.006566   0.014000   0.025248      3
 2.3000E-04  -4.626045   3.648168 -99.000000 -99.000000  -8.399213   0.000000   0.002413   0.001460   0.014000  0.000E+00        max_dt

         24   5.478069   4124.743 -21.474013 -21.474013   5.000000   5.000000   0.718000   0.000707   0.268000 -11.090733    472      0
-5.0000E+00   5.477595   2.114873 -99.000000 -22.871882 -99.000000   0.000000   0.268000   0.006566   0.014000   0.025249      3
 2.4000E-04  -4.626039   3.646027 -99.000000 -99.000000  -8.398265   0.000000   0.002413   0.001460   0.014000  0.000E+00        max_dt

         25   5.478069   4119.820 -21.474013 -21.474013   5.000000   5.000000   0.718000   0.000707   0.268000 -11.090701    489      0
-5.0000E+00   5.477590   2.114863 -99.000000 -22.871882 -99.000000   0.000000   0.268000   0.006566   0.014000   0.025249      3
 2.5000E-04  -4.626033   3.643933 -99.000000 -99.000000  -8.397321   0.000000   0.002413   0.001460   0.014000  0.000E+00        max_dt

         26   5.478069   4115.065 -21.474013 -21.474013   5.000000   5.000000   0.718000   0.000707   0.268000 -11.090673    478      0
-5.0000E+00   5.477585   2.114853 -99.000000 -22.871882 -99.000000   0.000000   0.268000   0.006566   0.014000   0.025250      3
 2.6000E-04  -4.626028   3.641907 -99.000000 -99.000000  -8.396389   0.000000   0.002413   0.001460   0.014000  0.000E+00        max_dt

         27   5.478069   4110.435 -21.474013 -21.474013   5.000000   5.000000   0.718000   0.000707   0.268000 -11.090647    493      0
-5.0000E+00   5.477581   2.114843 -99.000000 -22.871881 -99.000000   0.000000   0.268000   0.006566   0.014000   0.025250      3
 2.7000E-04  -4.626023   3.639932 -99.000000 -99.000000  -8.395464   0.000000   0.002413   0.001460   0.014000  0.000E+00        max_dt

         28   5.478069   4105.955 -21.474013 -21.474013   5.000000   5.000000   0.718000   0.000707   0.268000 -11.090624    475      0
-5.0000E+00   5.477577   2.114834 -99.000000 -22.871881 -99.000000   0.000000   0.268000   0.006566   0.014000   0.025250      3
 2.8000E-04  -4.626019   3.638018 -99.000000 -99.000000  -8.394551   0.000000   0.002413   0.001460   0.014000  0.000E+00        max_dt

         29   5.478069   4101.575 -21.474013 -21.474013   5.000000   5.000000   0.718000   0.000707   0.268000 -11.090603    492      0
-5.0000E+00   5.477574   2.114825 -99.000000 -22.871881 -99.000000   0.000000   0.268000   0.006566   0.014000   0.025251      3
 2.9000E-04  -4.626015   3.636145 -99.000000 -99.000000  -8.393641   0.000000   0.002413   0.001460   0.014000  0.000E+00        max_dt


__________________________________________________________________________________________________________________________________________________

       step    lg_Tmax     Teff     lg_LH      lg_Lnuc_tot     Mass       H_rich     H_cntr     N_cntr     Y_surf   eta_cntr   zones  retry
  lg_dt_yrs    lg_Tcntr    lg_R     lg_L3a     lg_Lneu     lg_Mdot    He_core    He_cntr    O_cntr     Z_surf   gam_cntr   iters  
    age_yrs    lg_Dcntr    lg_L     lg_LZ      lg_Lphoto   lg_Dsurf   CO_core    C_cntr     Ne_cntr    Z_cntr   v_div_cs       dt_limit
__________________________________________________________________________________________________________________________________________________

         30   5.478069   4097.340 -21.474013 -21.474013   5.000000   5.000000   0.718000   0.000707   0.268000 -11.090583    474      0
-5.0000E+00   5.477570   2.114815 -99.000000 -22.871881 -99.000000   0.000000   0.268000   0.006566   0.014000   0.025251      3
 3.0000E-04  -4.626011   3.634332 -99.000000 -99.000000  -8.392745   0.000000   0.002413   0.001460   0.014000  0.000E+00        max_dt

         31   5.478069   4093.202 -21.474013 -21.474013   5.000000   5.000000   0.718000   0.000707   0.268000 -11.090565    491      0
-5.0000E+00   5.477568   2.114806 -99.000000 -22.871881 -99.000000   0.000000   0.268000   0.006566   0.014000   0.025251      3
 3.1000E-04  -4.626008   3.632559 -99.000000 -99.000000  -8.391852   0.000000   0.002413   0.001460   0.014000  0.000E+00        max_dt

         32   5.478069   4089.202 -21.474013 -21.474013   5.000000   5.000000   0.718000   0.000707   0.268000 -11.090549    474      0
-5.0000E+00   5.477565   2.114797 -99.000000 -22.871881 -99.000000   0.000000   0.268000   0.006566   0.014000   0.025251      3
 3.2000E-04  -4.626005   3.630842 -99.000000 -99.000000  -8.390974   0.000000   0.002413   0.001460   0.014000  0.000E+00        max_dt

         33   5.478150   4085.296 -21.474405 -21.474405   5.000000   5.000000   0.718000   0.000707   0.268000 -11.090511    489      0
-5.0000E+00   5.477643   2.114787 -99.000000 -22.872273 -99.000000   0.000000   0.268000   0.006566   0.014000   0.025249      3
 3.3000E-04  -4.625871   3.629162 -99.000000 -99.000000  -8.390099   0.000000   0.002413   0.001460   0.014000  0.000E+00        max_dt

         34   5.478150   4081.513 -21.474406 -21.474406   5.000000   5.000000   0.718000   0.000707   0.268000 -11.090497    471      0
-5.0000E+00   5.477641   2.114779 -99.000000 -22.872274 -99.000000   0.000000   0.268000   0.006566   0.014000   0.025250      3
 3.4000E-04  -4.625868   3.627536 -99.000000 -99.000000  -8.389239   0.000000   0.002413   0.001460   0.014000  0.000E+00        max_dt

         35   5.478150   4077.809 -21.474406 -21.474406   5.000000   5.000000   0.718000   0.000707   0.268000 -11.090484    487      0
-5.0000E+00   5.477639   2.114770 -99.000000 -22.872274 -99.000000   0.000000   0.268000   0.006566   0.014000   0.025250      3
 3.5000E-04  -4.625866   3.625941 -99.000000 -99.000000  -8.388382   0.000000   0.002413   0.001460   0.014000  0.000E+00        max_dt

         36   5.478150   4074.222 -21.474407 -21.474407   5.000000   5.000000   0.718000   0.000707   0.268000 -11.090472    470      0
-5.0000E+00   5.477637   2.114762 -99.000000 -22.872275 -99.000000   0.000000   0.268000   0.006566   0.014000   0.025250      3
 3.6000E-04  -4.625863   3.624395 -99.000000 -99.000000  -8.387539   0.000000   0.002413   0.001460   0.014000  0.000E+00        max_dt

         37   5.478150   4070.707 -21.474407 -21.474407   5.000000   5.000000   0.718000   0.000707   0.268000 -11.090461    487      0
-5.0000E+00   5.477635   2.114753 -99.000000 -22.872275 -99.000000   0.000000   0.268000   0.006566   0.014000   0.025250      3
 3.7000E-04  -4.625861   3.622879 -99.000000 -99.000000  -8.386699   0.000000   0.002413   0.001460   0.014000  0.000E+00        max_dt

         38   5.478150   4067.306 -21.474408 -21.474408   5.000000   5.000000   0.718000   0.000707   0.268000 -11.090451    470      0
-5.0000E+00   5.477633   2.114745 -99.000000 -22.872276 -99.000000   0.000000   0.268000   0.006566   0.014000   0.025250      3
 3.8000E-04  -4.625859   3.621411 -99.000000 -99.000000  -8.385873   0.000000   0.002413   0.001460   0.014000  0.000E+00        max_dt

         39   5.478150   4063.974 -21.474408 -21.474408   5.000000   5.000000   0.718000   0.000707   0.268000 -11.090442    489      0
-5.0000E+00   5.477632   2.114737 -99.000000 -22.872276 -99.000000   0.000000   0.268000   0.006566   0.014000   0.025250      3
 3.9000E-04  -4.625858   3.619971 -99.000000 -99.000000  -8.385052   0.000000   0.002413   0.001460   0.014000  0.000E+00        max_dt


__________________________________________________________________________________________________________________________________________________

       step    lg_Tmax     Teff     lg_LH      lg_Lnuc_tot     Mass       H_rich     H_cntr     N_cntr     Y_surf   eta_cntr   zones  retry
  lg_dt_yrs    lg_Tcntr    lg_R     lg_L3a     lg_Lneu     lg_Mdot    He_core    He_cntr    O_cntr     Z_surf   gam_cntr   iters  
    age_yrs    lg_Dcntr    lg_L     lg_LZ      lg_Lphoto   lg_Dsurf   CO_core    C_cntr     Ne_cntr    Z_cntr   v_div_cs       dt_limit
__________________________________________________________________________________________________________________________________________________

         40   5.478150   4060.754 -21.474408 -21.474408   5.000000   5.000000   0.718000   0.000707   0.268000 -11.090433    473      0
-5.0000E+00   5.477630   2.114729 -99.000000 -22.872277 -99.000000   0.000000   0.268000   0.006566   0.014000   0.025250      3
 4.0000E-04  -4.625856   3.618578 -99.000000 -99.000000  -8.384245   0.000000   0.002413   0.001460   0.014000  0.000E+00        max_dt

         41   5.478150   4057.598 -21.474409 -21.474409   5.000000   5.000000   0.718000   0.000707   0.268000 -11.090425    490      0
-5.0000E+00   5.477629   2.114721 -99.000000 -22.872277 -99.000000   0.000000   0.268000   0.006566   0.014000   0.025250      3
 4.1000E-04  -4.625854   3.617212 -37.026689 -99.000000  -8.383444   0.000000   0.002413   0.001460   0.014000  0.000E+00        max_dt

         42   5.478150   4054.547 -21.474409 -21.474409   5.000000   5.000000   0.718000   0.000707   0.268000 -11.090417    473      0
-5.0000E+00   5.477628   2.114713 -99.000000 -22.872277 -99.000000   0.000000   0.268000   0.006566   0.014000   0.025251      3
 4.2000E-04  -4.625853   3.615890 -99.000000 -99.000000  -8.382658   0.000000   0.002413   0.001460   0.014000  0.000E+00        max_dt

         43   5.478150   4051.553 -21.474410 -21.474410   5.000000   5.000000   0.718000   0.000707   0.268000 -11.090410    490      0
-5.0000E+00   5.477627   2.114706 -99.000000 -22.872278 -99.000000   0.000000   0.268000   0.006566   0.014000   0.025251      3
 4.3000E-04  -4.625851   3.614591 -99.000000 -99.000000  -8.381875   0.000000   0.002413   0.001460   0.014000  0.000E+00        max_dt

         44   5.478150   4048.653 -21.474410 -21.474410   5.000000   5.000000   0.718000   0.000707   0.268000 -11.090403    473      0
-5.0000E+00   5.477626   2.114698 -99.000000 -22.872278 -99.000000   0.000000   0.268000   0.006566   0.014000   0.025251      3
 4.4000E-04  -4.625850   3.613333 -99.000000 -99.000000  -8.381107   0.000000   0.002413   0.001460   0.014000  0.000E+00        max_dt

         45   5.478151   4045.802 -21.474410 -21.474410   5.000000   5.000000   0.718000   0.000707   0.268000 -11.090397    490      0
-5.0000E+00   5.477625   2.114691 -99.000000 -22.872278 -99.000000   0.000000   0.268000   0.006566   0.014000   0.025251      3
 4.5000E-04  -4.625849   3.612094 -99.000000 -99.000000  -8.380341   0.000000   0.002413   0.001460   0.014000  0.000E+00        max_dt

         46   5.478151   4043.036 -21.474411 -21.474411   5.000000   5.000000   0.718000   0.000707   0.268000 -11.090391    472      0
-5.0000E+00   5.477624   2.114684 -99.000000 -22.872279 -99.000000   0.000000   0.268000   0.006566   0.014000   0.025251      3
 4.6000E-04  -4.625848   3.610891 -99.000000 -99.000000  -8.379589   0.000000   0.002413   0.001460   0.014000  0.000E+00        max_dt

         47   5.478151   4040.310 -21.474411 -21.474411   5.000000   5.000000   0.718000   0.000707   0.268000 -11.090385    489      0
-5.0000E+00   5.477623   2.114676 -99.000000 -22.872279 -99.000000   0.000000   0.268000   0.006566   0.014000   0.025251      3
 4.7000E-04  -4.625847   3.609705 -37.327719 -99.000000  -8.378838   0.000000   0.002413   0.001460   0.014000  0.000E+00        max_dt

         48   5.478151   4037.663 -21.474411 -21.474411   5.000000   5.000000   0.718000   0.000707   0.268000 -11.090380    472      0
-5.0000E+00   5.477622   2.114669 -99.000000 -22.872279 -99.000000   0.000000   0.268000   0.006566   0.014000   0.025251      3
 4.8000E-04  -4.625846   3.608553 -37.327719 -99.000000  -8.378100   0.000000   0.002413   0.001460   0.014000  0.000E+00        max_dt

         49   5.478151   4035.054 -21.474412 -21.474412   5.000000   5.000000   0.718000   0.000707   0.268000 -11.090375    489      0
-5.0000E+00   5.477621   2.114662 -99.000000 -22.872280 -99.000000   0.000000   0.268000   0.006566   0.014000   0.025251      3
 4.9000E-04  -4.625845   3.607415 -99.000000 -99.000000  -8.377363   0.000000   0.002413   0.001460   0.014000  0.000E+00        max_dt


__________________________________________________________________________________________________________________________________________________

       step    lg_Tmax     Teff     lg_LH      lg_Lnuc_tot     Mass       H_rich     H_cntr     N_cntr     Y_surf   eta_cntr   zones  retry
  lg_dt_yrs    lg_Tcntr    lg_R     lg_L3a     lg_Lneu     lg_Mdot    He_core    He_cntr    O_cntr     Z_surf   gam_cntr   iters  
    age_yrs    lg_Dcntr    lg_L     lg_LZ      lg_Lphoto   lg_Dsurf   CO_core    C_cntr     Ne_cntr    Z_cntr   v_div_cs       dt_limit
__________________________________________________________________________________________________________________________________________________

         50   5.478151   4032.520 -21.474412 -21.474412   5.000000   5.000000   0.718000   0.000707   0.268000 -11.090370    471      0
-5.0000E+00   5.477620   2.114655 -99.000000 -22.872280 -99.000000   0.000000   0.268000   0.006566   0.014000   0.025251      3
 5.0000E-04  -4.625844   3.606310 -99.000000 -99.000000  -8.376639   0.000000   0.002413   0.001460   0.014000  0.000E+00        max_dt

         51   5.478151   4030.018 -21.474412 -21.474412   5.000000   5.000000   0.718000   0.000707   0.268000 -11.090365    488      0
-5.0000E+00   5.477620   2.114648 -99.000000 -22.872280 -99.000000   0.000000   0.268000   0.006566   0.014000   0.025251      3
 5.1000E-04  -4.625843   3.605218 -99.000000 -99.000000  -8.375916   0.000000   0.002413   0.001460   0.014000  0.000E+00        max_dt

         52   5.478151   4027.589 -21.474412 -21.474412   5.000000   5.000000   0.718000   0.000707   0.268000 -11.090361    471      0
-5.0000E+00   5.477619   2.114642 -99.000000 -22.872281 -99.000000   0.000000   0.268000   0.006566   0.014000   0.025251      3
 5.2000E-04  -4.625842   3.604158 -99.000000 -99.000000  -8.375206   0.000000   0.002413   0.001460   0.014000  0.000E+00        max_dt

         53   5.478151   4025.192 -21.474413 -21.474413   5.000000   5.000000   0.718000   0.000707   0.268000 -11.090357    488      0
-5.0000E+00   5.477618   2.114635 -99.000000 -22.872281 -99.000000   0.000000   0.268000   0.006566   0.014000   0.025251      3
 5.3000E-04  -4.625841   3.603110 -99.000000 -99.000000  -8.374497   0.000000   0.002413   0.001460   0.014000  0.000E+00        max_dt

         54   5.478151   4022.868 -21.474413 -21.474413   5.000000   5.000000   0.718000   0.000707   0.268000 -11.090353    472      0
-5.0000E+00   5.477618   2.114628 -99.000000 -22.872281 -99.000000   0.000000   0.268000   0.006566   0.014000   0.025251      3
 5.4000E-04  -4.625840   3.602093 -99.000000 -99.000000  -8.373802   0.000000   0.002413   0.001460   0.014000  0.000E+00        max_dt

         55   5.478151   4020.573 -21.474413 -21.474413   5.000000   5.000000   0.718000   0.000707   0.268000 -11.090350    489      0
-5.0000E+00   5.477617   2.114622 -99.000000 -22.872281 -99.000000   0.000000   0.268000   0.006566   0.014000   0.025251      3
 5.5000E-04  -4.625840   3.601089 -37.327719 -99.000000  -8.373108   0.000000   0.002413   0.001460   0.014000  0.000E+00        max_dt

         56   5.478151   4018.348 -21.474413 -21.474413   5.000000   5.000000   0.718000   0.000707   0.268000 -11.090346    472      0
-5.0000E+00   5.477617   2.114615 -99.000000 -22.872281 -99.000000   0.000000   0.268000   0.006566   0.014000   0.025252      3
 5.6000E-04  -4.625839   3.600115 -99.000000 -99.000000  -8.372429   0.000000   0.002413   0.001460   0.014000  0.000E+00        max_dt

         57   5.478151   4016.149 -21.474414 -21.474414   5.000000   5.000000   0.718000   0.000707   0.268000 -11.090343    489      0
-5.0000E+00   5.477616   2.114609 -99.000000 -22.872282 -99.000000   0.000000   0.268000   0.006566   0.014000   0.025252      3
 5.7000E-04  -4.625838   3.599151 -37.327719 -99.000000  -8.371750   0.000000   0.002413   0.001460   0.014000  0.000E+00        max_dt

         58   5.478151   4014.015 -21.474414 -21.474414   5.000000   5.000000   0.718000   0.000707   0.268000 -11.090340    474      0
-5.0000E+00   5.477616   2.114603 -99.000000 -22.872282 -99.000000   0.000000   0.268000   0.006566   0.014000   0.025252      3
 5.8000E-04  -4.625838   3.598215 -37.327719 -99.000000  -8.371085   0.000000   0.002413   0.001460   0.014000  0.000E+00        max_dt

         59   5.478151   4011.905 -21.474414 -21.474414   5.000000   5.000000   0.718000   0.000707   0.268000 -11.090337    489      0
-5.0000E+00   5.477615   2.114597 -99.000000 -22.872282 -99.000000   0.000000   0.268000   0.006566   0.014000   0.025252      3
 5.9000E-04  -4.625837   3.597290 -99.000000 -99.000000  -8.370420   0.000000   0.002413   0.001460   0.014000  0.000E+00        max_dt


__________________________________________________________________________________________________________________________________________________

       step    lg_Tmax     Teff     lg_LH      lg_Lnuc_tot     Mass       H_rich     H_cntr     N_cntr     Y_surf   eta_cntr   zones  retry
  lg_dt_yrs    lg_Tcntr    lg_R     lg_L3a     lg_Lneu     lg_Mdot    He_core    He_cntr    O_cntr     Z_surf   gam_cntr   iters  
    age_yrs    lg_Dcntr    lg_L     lg_LZ      lg_Lphoto   lg_Dsurf   CO_core    C_cntr     Ne_cntr    Z_cntr   v_div_cs       dt_limit
__________________________________________________________________________________________________________________________________________________

         60   5.478151   4009.856 -21.474414 -21.474414   5.000000   5.000000   0.718000   0.000707   0.268000 -11.090334    472      0
-5.0000E+00   5.477615   2.114591 -99.000000 -22.872282 -99.000000   0.000000   0.268000   0.006566   0.014000   0.025252      3
 6.0000E-04  -4.625836   3.596390 -37.026689 -99.000000  -8.369769   0.000000   0.002413   0.001460   0.014000  0.000E+00        max_dt

         61   5.478151   4007.826 -21.474414 -21.474414   5.000000   5.000000   0.718000   0.000707   0.268000 -11.090331    489      0
-5.0000E+00   5.477614   2.114585 -99.000000 -22.872283 -99.000000   0.000000   0.268000   0.006566   0.014000   0.025252      3
 6.1000E-04  -4.625836   3.595498 -99.000000 -99.000000  -8.369117   0.000000   0.002413   0.001460   0.014000  0.000E+00        max_dt

         62   5.478151   4005.854 -21.474415 -21.474415   5.000000   5.000000   0.718000   0.000707   0.268000 -11.090329    472      0
-5.0000E+00   5.477614   2.114579 -99.000000 -22.872283 -99.000000   0.000000   0.268000   0.006566   0.014000   0.025252      3
 6.2000E-04  -4.625835   3.594631 -99.000000 -99.000000  -8.368479   0.000000   0.002413   0.001460   0.014000  0.000E+00        max_dt

         63   5.478151   4003.901 -21.474415 -21.474415   5.000000   5.000000   0.718000   0.000707   0.268000 -11.090326    489      0
-5.0000E+00   5.477614   2.114573 -99.000000 -22.872283 -99.000000   0.000000   0.268000   0.006566   0.014000   0.025252      3
 6.3000E-04  -4.625835   3.593772 -37.327719 -99.000000  -8.367840   0.000000   0.002413   0.001460   0.014000  0.000E+00        max_dt

         64   5.478151   4002.003 -21.474415 -21.474415   5.000000   5.000000   0.718000   0.000707   0.268000 -11.090324    472      0
-5.0000E+00   5.477613   2.114567 -99.000000 -22.872283 -99.000000   0.000000   0.268000   0.006566   0.014000   0.025252      3
 6.4000E-04  -4.625834   3.592937 -99.000000 -99.000000  -8.367214   0.000000   0.002413   0.001460   0.014000  0.000E+00        max_dt

         65   5.478151   4000.121 -21.474415 -21.474415   5.000000   5.000000   0.718000   0.000707   0.268000 -11.090322    489      0
-5.0000E+00   5.477613   2.114561 -99.000000 -22.872283 -99.000000   0.000000   0.268000   0.006566   0.014000   0.025252      3
 6.5000E-04  -4.625834   3.592108 -99.000000 -99.000000  -8.366588   0.000000   0.002413   0.001460   0.014000  0.000E+00        max_dt

         66   5.478151   3998.294 -21.474415 -21.474415   5.000000   5.000000   0.718000   0.000707   0.268000 -11.090319    472      0
-5.0000E+00   5.477613   2.114555 -99.000000 -22.872283 -99.000000   0.000000   0.268000   0.006566   0.014000   0.025252      3
 6.6000E-04  -4.625833   3.591303 -99.000000 -99.000000  -8.365975   0.000000   0.002413   0.001460   0.014000  0.000E+00        max_dt

         67   5.478151   3996.480 -21.474415 -21.474415   5.000000   5.000000   0.718000   0.000707   0.268000 -11.090317    489      0
-5.0000E+00   5.477612   2.114550 -99.000000 -22.872283 -99.000000   0.000000   0.268000   0.006566   0.014000   0.025252      3
 6.7000E-04  -4.625833   3.590504 -37.327719 -99.000000  -8.365361   0.000000   0.002413   0.001460   0.014000  0.000E+00        max_dt

         68   5.478152   3994.719 -21.474415 -21.474415   5.000000   5.000000   0.718000   0.000707   0.268000 -11.090315    472      0
-5.0000E+00   5.477612   2.114544 -99.000000 -22.872284 -99.000000   0.000000   0.268000   0.006566   0.014000   0.025252      3
 6.8000E-04  -4.625832   3.589727 -37.026689 -99.000000  -8.364760   0.000000   0.002413   0.001460   0.014000  0.000E+00        max_dt

         69   5.478152   3992.971 -21.474416 -21.474416   5.000000   5.000000   0.718000   0.000707   0.268000 -11.090314    491      0
-5.0000E+00   5.477612   2.114539 -99.000000 -22.872284 -99.000000   0.000000   0.268000   0.006566   0.014000   0.025252      3
 6.9000E-04  -4.625832   3.588955 -99.000000 -99.000000  -8.364158   0.000000   0.002413   0.001460   0.014000  0.000E+00        max_dt


__________________________________________________________________________________________________________________________________________________

       step    lg_Tmax     Teff     lg_LH      lg_Lnuc_tot     Mass       H_rich     H_cntr     N_cntr     Y_surf   eta_cntr   zones  retry
  lg_dt_yrs    lg_Tcntr    lg_R     lg_L3a     lg_Lneu     lg_Mdot    He_core    He_cntr    O_cntr     Z_surf   gam_cntr   iters  
    age_yrs    lg_Dcntr    lg_L     lg_LZ      lg_Lphoto   lg_Dsurf   CO_core    C_cntr     Ne_cntr    Z_cntr   v_div_cs       dt_limit
__________________________________________________________________________________________________________________________________________________

         70   5.478152   3991.273 -21.474416 -21.474416   5.000000   5.000000   0.718000   0.000707   0.268000 -11.090312    474      0
-5.0000E+00   5.477612   2.114533 -99.000000 -22.872284 -99.000000   0.000000   0.268000   0.006566   0.014000   0.025252      3
 7.0000E-04  -4.625832   3.588206 -99.000000 -99.000000  -8.363570   0.000000   0.002413   0.001460   0.014000  0.000E+00        max_dt

         71   5.478152   3989.586 -21.474416 -21.474416   5.000000   5.000000   0.718000   0.000707   0.268000 -11.090310    491      0
-5.0000E+00   5.477611   2.114528 -99.000000 -22.872284 -99.000000   0.000000   0.268000   0.006566   0.014000   0.025252      3
 7.1000E-04  -4.625831   3.587460 -99.000000 -99.000000  -8.362980   0.000000   0.002413   0.001460   0.014000  0.000E+00        max_dt

         72   5.478152   3987.947 -21.474416 -21.474416   5.000000   5.000000   0.718000   0.000707   0.268000 -11.090308    474      0
-5.0000E+00   5.477611   2.114522 -99.000000 -22.872284 -99.000000   0.000000   0.268000   0.006566   0.014000   0.025252      3
 7.2000E-04  -4.625831   3.586736 -99.000000 -99.000000  -8.362402   0.000000   0.002413   0.001460   0.014000  0.000E+00        max_dt

         73   5.478152   3986.316 -21.474416 -21.474416   5.000000   5.000000   0.718000   0.000707   0.268000 -11.090307    491      0
-5.0000E+00   5.477611   2.114517 -99.000000 -22.872284 -99.000000   0.000000   0.268000   0.006566   0.014000   0.025252      3
 7.3000E-04  -4.625831   3.586015 -99.000000 -99.000000  -8.361824   0.000000   0.002413   0.001460   0.014000  0.000E+00        max_dt

         74   5.478152   3984.732 -21.474416 -21.474416   5.000000   5.000000   0.718000   0.000707   0.268000 -11.090305    474      0
-5.0000E+00   5.477611   2.114512 -99.000000 -22.872284 -99.000000   0.000000   0.268000   0.006566   0.014000   0.025252      3
 7.4000E-04  -4.625830   3.585314 -37.327719 -99.000000  -8.361257   0.000000   0.002413   0.001460   0.014000  0.000E+00        max_dt

         75   5.478152   3983.155 -21.474416 -21.474416   5.000000   5.000000   0.718000   0.000707   0.268000 -11.090304    491      0
-5.0000E+00   5.477610   2.114507 -99.000000 -22.872284 -99.000000   0.000000   0.268000   0.006566   0.014000   0.025252      3
 7.5000E-04  -4.625830   3.584616 -99.000000 -99.000000  -8.360689   0.000000   0.002413   0.001460   0.014000  0.000E+00        max_dt

         76   5.478152   3981.623 -21.474416 -21.474416   5.000000   5.000000   0.718000   0.000707   0.268000 -11.090302    474      0
-5.0000E+00   5.477610   2.114502 -99.000000 -22.872284 -99.000000   0.000000   0.268000   0.006566   0.014000   0.025252      3
 7.6000E-04  -4.625830   3.583937 -99.000000 -99.000000  -8.360133   0.000000   0.002413   0.001460   0.014000  0.000E+00        max_dt

         77   5.478152   3980.097 -21.474416 -21.474416   5.000000   5.000000   0.718000   0.000707   0.268000 -11.090301    491      0
-5.0000E+00   5.477610   2.114497 -99.000000 -22.872285 -99.000000   0.000000   0.268000   0.006566   0.014000   0.025252      3
 7.7000E-04  -4.625829   3.583261 -99.000000 -99.000000  -8.359575   0.000000   0.002413   0.001460   0.014000  0.000E+00        max_dt

         78   5.478152   3978.614 -21.474416 -21.474416   5.000000   5.000000   0.718000   0.000707   0.268000 -11.090300    474      0
-5.0000E+00   5.477610   2.114492 -99.000000 -22.872285 -99.000000   0.000000   0.268000   0.006566   0.014000   0.025252      3
 7.8000E-04  -4.625829   3.582604 -99.000000 -99.000000  -8.359030   0.000000   0.002413   0.001460   0.014000  0.000E+00        max_dt

         79   5.478152   3977.136 -21.474417 -21.474417   5.000000   5.000000   0.718000   0.000707   0.268000 -11.090298    491      0
-5.0000E+00   5.477610   2.114487 -99.000000 -22.872285 -99.000000   0.000000   0.268000   0.006566   0.014000   0.025252      3
 7.9000E-04  -4.625829   3.581949 -99.000000 -99.000000  -8.358483   0.000000   0.002413   0.001460   0.014000  0.000E+00        max_dt


__________________________________________________________________________________________________________________________________________________

       step    lg_Tmax     Teff     lg_LH      lg_Lnuc_tot     Mass       H_rich     H_cntr     N_cntr     Y_surf   eta_cntr   zones  retry
  lg_dt_yrs    lg_Tcntr    lg_R     lg_L3a     lg_Lneu     lg_Mdot    He_core    He_cntr    O_cntr     Z_surf   gam_cntr   iters  
    age_yrs    lg_Dcntr    lg_L     lg_LZ      lg_Lphoto   lg_Dsurf   CO_core    C_cntr     Ne_cntr    Z_cntr   v_div_cs       dt_limit
__________________________________________________________________________________________________________________________________________________

         80   5.478152   3975.699 -21.474417 -21.474417   5.000000   5.000000   0.718000   0.000707   0.268000 -11.090297    472      0
-5.0000E+00   5.477609   2.114482 -99.000000 -22.872285 -99.000000   0.000000   0.268000   0.006566   0.014000   0.025252      3
 8.0000E-04  -4.625828   3.581311 -37.327719 -99.000000  -8.357947   0.000000   0.002413   0.001460   0.014000  0.000E+00        max_dt

         81   5.478152   3974.263 -21.474417 -21.474417   5.000000   5.000000   0.718000   0.000707   0.268000 -11.090296    489      0
-5.0000E+00   5.477609   2.114477 -99.000000 -22.872285 -99.000000   0.000000   0.268000   0.006566   0.014000   0.025252      3
 8.1000E-04  -4.625828   3.580674 -99.000000 -99.000000  -8.357408   0.000000   0.002413   0.001460   0.014000  0.000E+00        max_dt

         82   5.478152   3972.865 -21.474417 -21.474417   5.000000   5.000000   0.718000   0.000707   0.268000 -11.090295    472      0
-5.0000E+00   5.477609   2.114472 -99.000000 -22.872285 -99.000000   0.000000   0.268000   0.006566   0.014000   0.025252      3
 8.2000E-04  -4.625828   3.580053 -99.000000 -99.000000  -8.356880   0.000000   0.002413   0.001460   0.014000  0.000E+00        max_dt

         83   5.478152   3971.467 -21.474417 -21.474417   5.000000   5.000000   0.718000   0.000707   0.268000 -11.090294    489      0
-5.0000E+00   5.477609   2.114467 -99.000000 -22.872285 -99.000000   0.000000   0.268000   0.006566   0.014000   0.025252      3
 8.3000E-04  -4.625828   3.579432 -99.000000 -99.000000  -8.356349   0.000000   0.002413   0.001460   0.014000  0.000E+00        max_dt

         84   5.478152   3970.108 -21.474417 -21.474417   5.000000   5.000000   0.718000   0.000707   0.268000 -11.090293    472      0
-5.0000E+00   5.477609   2.114463 -99.000000 -22.872285 -99.000000   0.000000   0.268000   0.006566   0.014000   0.025252      3
 8.4000E-04  -4.625827   3.578828 -99.000000 -99.000000  -8.355829   0.000000   0.002413   0.001460   0.014000  0.000E+00        max_dt

         85   5.478152   3968.752 -21.474417 -21.474417   5.000000   5.000000   0.718000   0.000707   0.268000 -11.090291    489      0
-5.0000E+00   5.477609   2.114458 -99.000000 -22.872285 -99.000000   0.000000   0.268000   0.006566   0.014000   0.025252      3
 8.5000E-04  -4.625827   3.578225 -99.000000 -99.000000  -8.355308   0.000000   0.002413   0.001460   0.014000  0.000E+00        max_dt

         86   5.478152   3967.434 -21.474417 -21.474417   5.000000   5.000000   0.718000   0.000707   0.268000 -11.090290    472      0
-5.0000E+00   5.477609   2.114453 -99.000000 -22.872285 -99.000000   0.000000   0.268000   0.006566   0.014000   0.025252      3
 8.6000E-04  -4.625827   3.577639 -99.000000 -99.000000  -8.354798   0.000000   0.002413   0.001460   0.014000  0.000E+00        max_dt

         87   5.478152   3966.119 -21.474417 -21.474417   5.000000   5.000000   0.718000   0.000707   0.268000 -11.090289    489      0
-5.0000E+00   5.477608   2.114449 -99.000000 -22.872285 -99.000000   0.000000   0.268000   0.006566   0.014000   0.025252      3
 8.7000E-04  -4.625827   3.577054 -99.000000 -99.000000  -8.354287   0.000000   0.002413   0.001460   0.014000  0.000E+00        max_dt

         88   5.478152   3964.843 -21.474417 -21.474417   5.000000   5.000000   0.718000   0.000707   0.268000 -11.090289    472      0
-5.0000E+00   5.477608   2.114444 -99.000000 -22.872285 -99.000000   0.000000   0.268000   0.006566   0.014000   0.025252      2
 8.8000E-04  -4.625826   3.576486 -99.000000 -99.000000  -8.353788   0.000000   0.002413   0.001460   0.014000  0.000E+00        max_dt

         89   5.478152   3963.567 -21.474417 -21.474417   5.000000   5.000000   0.718000   0.000707   0.268000 -11.090288    489      0
-5.0000E+00   5.477608   2.114440 -99.000000 -22.872285 -99.000000   0.000000   0.268000   0.006566   0.014000   0.025252      3
 8.9000E-04  -4.625826   3.575918 -99.000000 -99.000000  -8.353287   0.000000   0.002413   0.001460   0.014000  0.000E+00        max_dt


__________________________________________________________________________________________________________________________________________________

       step    lg_Tmax     Teff     lg_LH      lg_Lnuc_tot     Mass       H_rich     H_cntr     N_cntr     Y_surf   eta_cntr   zones  retry
  lg_dt_yrs    lg_Tcntr    lg_R     lg_L3a     lg_Lneu     lg_Mdot    He_core    He_cntr    O_cntr     Z_surf   gam_cntr   iters  
    age_yrs    lg_Dcntr    lg_L     lg_LZ      lg_Lphoto   lg_Dsurf   CO_core    C_cntr     Ne_cntr    Z_cntr   v_div_cs       dt_limit
__________________________________________________________________________________________________________________________________________________

         90   5.478152   3962.330 -21.474417 -21.474417   5.000000   5.000000   0.718000   0.000707   0.268000 -11.090287    472      0
-5.0000E+00   5.477608   2.114435 -99.000000 -22.872285 -99.000000   0.000000   0.268000   0.006566   0.014000   0.025252      2
 9.0000E-04  -4.625826   3.575367 -99.000000 -99.000000  -8.352798   0.000000   0.002413   0.001460   0.014000  0.000E+00        max_dt

         91   5.478152   3961.094 -21.474417 -21.474417   5.000000   5.000000   0.718000   0.000707   0.268000 -11.090286    489      0
-5.0000E+00   5.477608   2.114431 -99.000000 -22.872285 -99.000000   0.000000   0.268000   0.006566   0.014000   0.025252      3
 9.1000E-04  -4.625826   3.574816 -99.000000 -99.000000  -8.352307   0.000000   0.002413   0.001460   0.014000  0.000E+00        max_dt

         92   5.478152   3959.890 -21.474417 -21.474417   5.000000   5.000000   0.718000   0.000707   0.268000 -11.090285    470      0
-5.0000E+00   5.477608   2.114427 -99.000000 -22.872285 -99.000000   0.000000   0.268000   0.006566   0.014000   0.025252      2
 9.2000E-04  -4.625826   3.574279 -99.000000 -99.000000  -8.351826   0.000000   0.002413   0.001460   0.014000  0.000E+00        max_dt

         93   5.478152   3958.679 -21.474417 -21.474417   5.000000   5.000000   0.718000   0.000707   0.268000 -11.090284    487      0
-5.0000E+00   5.477608   2.114422 -99.000000 -22.872285 -99.000000   0.000000   0.268000   0.006566   0.014000   0.025252      2
 9.3000E-04  -4.625825   3.573740 -99.000000 -99.000000  -8.351341   0.000000   0.002413   0.001460   0.014000  0.000E+00        max_dt

         94   5.478152   3957.499 -21.474417 -21.474417   5.000000   5.000000   0.718000   0.000707   0.268000 -11.090284    471      0
-5.0000E+00   5.477608   2.114418 -99.000000 -22.872285 -99.000000   0.000000   0.268000   0.006566   0.014000   0.025252      3
 9.4000E-04  -4.625825   3.573213 -99.000000 -99.000000  -8.350865   0.000000   0.002413   0.001460   0.014000  0.000E+00        max_dt

         95   5.478152   3956.315 -21.474417 -21.474417   5.000000   5.000000   0.718000   0.000707   0.268000 -11.090283    488      0
-5.0000E+00   5.477608   2.114414 -99.000000 -22.872285 -99.000000   0.000000   0.268000   0.006566   0.014000   0.025252      2
 9.5000E-04  -4.625825   3.572685 -99.000000 -99.000000  -8.350386   0.000000   0.002413   0.001460   0.014000  0.000E+00        max_dt

         96   5.478152   3955.167 -21.474417 -21.474417   5.000000   5.000000   0.718000   0.000707   0.268000 -11.090282    471      0
-5.0000E+00   5.477608   2.114410 -99.000000 -22.872285 -99.000000   0.000000   0.268000   0.006566   0.014000   0.025252      2
 9.6000E-04  -4.625825   3.572172 -99.000000 -99.000000  -8.349919   0.000000   0.002413   0.001460   0.014000  0.000E+00        max_dt

         97   5.478152   3954.020 -21.474417 -21.474417   5.000000   5.000000   0.718000   0.000707   0.268000 -11.090281    488      0
-5.0000E+00   5.477607   2.114405 -99.000000 -22.872285 -99.000000   0.000000   0.268000   0.006566   0.014000   0.025252      2
 9.7000E-04  -4.625825   3.571660 -99.000000 -99.000000  -8.349450   0.000000   0.002413   0.001460   0.014000  0.000E+00        max_dt

         98   5.478153   3952.909 -21.474417 -21.474417   5.000000   5.000000   0.718000   0.000707   0.268000 -11.090281    471      0
-5.0000E+00   5.477607   2.114401 -99.000000 -22.872285 -99.000000   0.000000   0.268000   0.006566   0.014000   0.025252      2
 9.8000E-04  -4.625824   3.571164 -99.000000 -99.000000  -8.348994   0.000000   0.002413   0.001460   0.014000  0.000E+00        max_dt

         99   5.478153   3951.797 -21.474417 -21.474417   5.000000   5.000000   0.718000   0.000707   0.268000 -11.090280    488      0
-5.0000E+00   5.477607   2.114397 -99.000000 -22.872285 -99.000000   0.000000   0.268000   0.006566   0.014000   0.025252      2
 9.9000E-04  -4.625824   3.570667 -99.000000 -99.000000  -8.348536   0.000000   0.002413   0.001460   0.014000  0.000E+00        max_dt


__________________________________________________________________________________________________________________________________________________

       step    lg_Tmax     Teff     lg_LH      lg_Lnuc_tot     Mass       H_rich     H_cntr     N_cntr     Y_surf   eta_cntr   zones  retry
  lg_dt_yrs    lg_Tcntr    lg_R     lg_L3a     lg_Lneu     lg_Mdot    He_core    He_cntr    O_cntr     Z_surf   gam_cntr   iters  
    age_yrs    lg_Dcntr    lg_L     lg_LZ      lg_Lphoto   lg_Dsurf   CO_core    C_cntr     Ne_cntr    Z_cntr   v_div_cs       dt_limit
__________________________________________________________________________________________________________________________________________________

        100   5.478153   3950.721 -21.474417 -21.474417   5.000000   5.000000   0.718000   0.000707   0.268000 -11.090279    471      0
-5.0000E+00   5.477607   2.114393 -99.000000 -22.872285 -99.000000   0.000000   0.268000   0.006566   0.014000   0.025252      2
 1.0000E-03  -4.625824   3.570186 -99.000000 -99.000000  -8.348090   0.000000   0.002413   0.001460   0.014000  0.000E+00        max_dt


 finished doing relax num steps


                                relax_to_radiative_core

          1   5.478153   3949.643 -21.474417 -21.474417   5.000000   5.000000   0.718000   0.000707   0.268000 -11.090279    488      0
-5.0000E+00   5.477607   2.114389 -99.000000 -22.872285 -99.000000   0.000000   0.268000   0.006566   0.014000   0.025252      2
 1.0000E-05  -4.625824   3.569704 -99.000000 -99.000000  -8.347642   0.000000   0.002413   0.001460   0.014000  0.000E+00        max_dt

           waiting for fully convective core to develop           1    3.6239840734170081D-02
          2   5.478153   3947.572 -21.474417 -21.474417   5.000000   5.000000   0.718000   0.000707   0.268000 -11.090278    471      0
-4.6990E+00   5.477607   2.114382 -99.000000 -22.872285 -99.000000   0.000000   0.268000   0.006566   0.014000   0.025252      3
 3.0000E-05  -4.625824   3.568777 -99.000000 -99.000000  -8.346776   0.000000   0.002413   0.001460   0.014000  0.000E+00  max increase

           waiting for fully convective core to develop           2    3.6239825792370284D-02
          3   5.478153   3943.625 -21.474417 -21.474417   5.000000   5.000000   0.718000   0.000707   0.268000 -11.090275    488      0
-4.3979E+00   5.477607   2.114367 -99.000000 -22.872285 -99.000000   0.000000   0.268000   0.006566   0.014000   0.025252      3
 7.0000E-05  -4.625823   3.567010 -99.000000 -99.000000  -8.345106   0.000000   0.002413   0.001460   0.014000  0.000E+00  max increase

           waiting for fully convective core to develop           3    3.6239797383966203D-02
          4   5.478153   3936.404 -21.474417 -21.474417   5.000000   5.000000   0.718000   0.000707   0.268000 -11.090272    472      0
-4.0969E+00   5.477606   2.114339 -99.000000 -22.872285 -99.000000   0.000000   0.268000   0.006566   0.014000   0.025252      3
 1.5000E-04  -4.625822   3.563770 -99.000000 -99.000000  -8.341988   0.000000   0.002413   0.001460   0.014000  0.000E+00  max increase

           waiting for fully convective core to develop           4    3.6239745854930630D-02
          5   5.478153   3924.301 -21.474416 -21.474416   5.000000   5.000000   0.718000   0.000707   0.268000 -11.090267    489      0
-3.7959E+00   5.477606   2.114290 -99.000000 -22.872284 -99.000000   0.000000   0.268000   0.006566   0.014000   0.025252      3
 3.1000E-04  -4.625821   3.558323 -99.000000 -99.000000  -8.336581   0.000000   0.002413   0.001460   0.014000  0.000E+00  max increase

           waiting for fully convective core to develop           5    3.6239659989153294D-02
          6   5.478154   3906.137 -21.474413 -21.474413   5.000000   5.000000   0.718000   0.000707   0.268000 -11.090261    470      0
-3.4949E+00   5.477606   2.114213 -99.000000 -22.872281 -99.000000   0.000000   0.268000   0.006566   0.014000   0.025253      3
 6.3000E-04  -4.625819   3.550109 -99.000000 -99.000000  -8.328052   0.000000   0.002413   0.001460   0.014000  0.000E+00  max increase

           waiting for fully convective core to develop           6    3.6239535508458542D-02
          7   5.478155   3882.989 -21.474406 -21.474406   5.000000   5.000000   0.718000   0.000707   0.268000 -11.090255    487      0
-3.1938E+00   5.477606   2.114106 -99.000000 -22.872274 -99.000000   0.000000   0.268000   0.006566   0.014000   0.025253      3
 1.2700E-03  -4.625816   3.539571 -37.327719 -99.000000  -8.316493   0.000000   0.002413   0.001460   0.014000  0.000E+00  max increase

           waiting for fully convective core to develop           7    3.6239386731062972D-02
          8   5.478156   3858.573 -21.474389 -21.474389   5.000000   5.000000   0.718000   0.000707   0.268000 -11.090251    474      0
-2.8928E+00   5.477606   2.113985 -99.000000 -22.872257 -99.000000   0.000000   0.268000   0.006566   0.014000   0.025253      3
 2.5500E-03  -4.625813   3.528370 -99.000000 -99.000000  -8.303517   0.000000   0.002413   0.001460   0.014000  0.000E+00  max increase

           waiting for fully convective core to develop           8    3.6239239518496190D-02
          9   5.478159   3837.870 -21.474353 -21.474353   5.000000   5.000000   0.718000   0.000707   0.268000 -11.090247    489      0
-2.5918E+00   5.477609   2.113876 -99.000000 -22.872221 -99.000000   0.000000   0.268000   0.006566   0.014000   0.025253      3
 5.1100E-03  -4.625808   3.518806 -99.000000 -99.000000  -8.291934   0.000000   0.002413   0.001460   0.014000  0.000E+00  max increase

           waiting for fully convective core to develop           9    3.6239098806631911D-02

__________________________________________________________________________________________________________________________________________________

       step    lg_Tmax     Teff     lg_LH      lg_Lnuc_tot     Mass       H_rich     H_cntr     N_cntr     Y_surf   eta_cntr   zones  retry
  lg_dt_yrs    lg_Tcntr    lg_R     lg_L3a     lg_Lneu     lg_Mdot    He_core    He_cntr    O_cntr     Z_surf   gam_cntr   iters  
    age_yrs    lg_Dcntr    lg_L     lg_LZ      lg_Lphoto   lg_Dsurf   CO_core    C_cntr     Ne_cntr    Z_cntr   v_div_cs       dt_limit
__________________________________________________________________________________________________________________________________________________

         10   5.478163   3824.343 -21.474284 -21.474284   5.000000   5.000000   0.718000   0.000707   0.268000 -11.090245    474      0
-2.2907E+00   5.477613   2.113808 -99.000000 -22.872152 -99.000000   0.000000   0.268000   0.006566   0.014000   0.025252      3
 1.0230E-02  -4.625801   3.512536 -99.000000 -99.000000  -8.284110   0.000000   0.002413   0.001460   0.014000  0.000E+00  max increase

           waiting for fully convective core to develop          10    3.1448427561348746D-02
         11   5.478171   3817.741 -21.474148 -21.474148   5.000000   5.000000   0.718000   0.000707   0.268000 -11.090242    488      0
-1.9897E+00   5.477621   2.113794 -99.000000 -22.872016 -99.000000   0.000000   0.268000   0.006566   0.014000   0.025252      3
 2.0470E-02  -4.625788   3.509507 -99.000000 -99.000000  -8.280246   0.000000   0.002413   0.001460   0.014000  0.000E+00  max increase

           waiting for fully convective core to develop          11    3.1446824100472767D-02
         12   5.478186   3816.159 -21.473884 -21.473884   5.000000   5.000000   0.718000   0.000707   0.268000 -11.090237    471      0
-1.6887E+00   5.477636   2.113830 -99.000000 -22.871753 -99.000000   0.000000   0.268000   0.006566   0.014000   0.025252      3
 4.0950E-02  -4.625762   3.508859 -99.000000 -99.000000  -8.279362   0.000000   0.002413   0.001460   0.014000  0.000E+00  max increase

           waiting for fully convective core to develop          12    2.6843280087097618D-02
         13   5.478216   3816.895 -21.473374 -21.473374   5.000000   5.000000   0.718000   0.000707   0.268000 -11.090227    488      0
-1.3876E+00   5.477667   2.113892 -99.000000 -22.871242 -99.000000   0.000000   0.268000   0.006566   0.014000   0.025251      3
 8.1910E-02  -4.625712   3.509319 -99.000000 -99.000000  -8.279871   0.000000   0.002413   0.001460   0.014000  0.000E+00  max increase

           waiting for fully convective core to develop          13    2.2185931680249585D-02
         14   5.478277   3818.062 -21.472383 -21.472383   5.000000   5.000000   0.718000   0.000707   0.268000 -11.090206    471      0
-1.0866E+00   5.477729   2.113943 -99.000000 -22.870251 -99.000000   0.000000   0.268000   0.006566   0.014000   0.025249      2
 1.6383E-01  -4.625610   3.509951 -99.000000 -99.000000  -8.280617   0.000000   0.002413   0.001460   0.014000  0.000E+00  max increase

           waiting for fully convective core to develop          14    2.4532010929877824D-04
         15   5.478399   3818.896 -21.470459 -21.470459   5.000000   5.000000   0.718000   0.000707   0.268000 -11.090165    488      0
-7.8558E-01   5.477854   2.113934 -99.000000 -22.868327 -99.000000   0.000000   0.268000   0.006566   0.014000   0.025246      3
 3.2767E-01  -4.625404   3.510312 -99.000000 -99.000000  -8.281094   0.000000   0.002413   0.001460   0.014000  0.000E+00  max increase

           waiting for fully convective core to develop          15    2.5421015524442142D-04
         16   5.478604   3819.419 -21.466958 -21.466958   5.000000   5.000000   0.718000   0.000707   0.268000 -11.090080    471      0
-4.8455E-01   5.478112   2.113809 -99.000000 -22.864826 -99.000000   0.000000   0.268000   0.006566   0.014000   0.025239      3
 6.5535E-01  -4.624981   3.510301 -99.000000 -99.000000  -8.281247   0.000000   0.002413   0.001460   0.014000  0.000E+00  max increase

           waiting for fully convective core to develop          16    2.5972731606537815D-04
         17   5.478952   3819.926 -21.460192 -21.460192   5.000000   5.000000   0.718000   0.000707   0.268000 -11.089909    488      0
-1.8352E-01   5.478628   2.113483 -99.000000 -22.858060 -99.000000   0.000000   0.268000   0.006566   0.014000   0.025226      3
 1.3107E+00  -4.624134   3.509879 -99.000000 -99.000000  -8.281142   0.000000   0.002413   0.001460   0.014000  0.000E+00  max increase

           waiting for fully convective core to develop          17    1.4590456933460288D-04
         18   5.479651   3820.753 -21.446798 -21.446798   5.000000   5.000000   0.718000   0.000707   0.268000 -11.089570    471      0
 1.1751E-01   5.479651   2.112789 -99.000000 -22.844666 -99.000000   0.000000   0.268000   0.006566   0.014000   0.025199      3
 2.6214E+00  -4.622452   3.508868 -99.000000 -99.000000  -8.280773   0.000000   0.002413   0.001460   0.014000  0.000E+00  max increase

           waiting for fully convective core to develop          18    1.3653042620839437D-04
         19   5.481678   3822.350 -21.420253 -21.420253   5.000000   5.000000   0.718000   0.000707   0.268000 -11.088892    488      0
 4.1854E-01   5.481678   2.111396 -99.000000 -22.818121 -99.000000   0.000000   0.268000   0.006566   0.014000   0.025146      3
 5.2429E+00  -4.619119   3.506808 -99.000000 -99.000000  -8.279994   0.000000   0.002413   0.001460   0.014000  0.000E+00  max increase

           waiting for fully convective core to develop          19    1.3166535203393143D-04

__________________________________________________________________________________________________________________________________________________

       step    lg_Tmax     Teff     lg_LH      lg_Lnuc_tot     Mass       H_rich     H_cntr     N_cntr     Y_surf   eta_cntr   zones  retry
  lg_dt_yrs    lg_Tcntr    lg_R     lg_L3a     lg_Lneu     lg_Mdot    He_core    He_cntr    O_cntr     Z_surf   gam_cntr   iters  
    age_yrs    lg_Dcntr    lg_L     lg_LZ      lg_Lphoto   lg_Dsurf   CO_core    C_cntr     Ne_cntr    Z_cntr   v_div_cs       dt_limit
__________________________________________________________________________________________________________________________________________________

         20   5.484605   3825.481 -21.368093 -21.368093   5.000000   5.000000   0.718000   0.000707   0.268000 -11.081189    471      0
 7.1957E-01   5.484605   2.108650 -99.000000 -22.765961 -99.000000   0.000000   0.268000   0.006566   0.014000   0.025126      3
 1.0486E+01  -4.611386   3.502739 -99.000000 -99.000000  -8.278445   0.000000   0.002413   0.001460   0.014000  0.000E+00  max increase

           waiting for fully convective core to develop          20    7.2613483603496391D-05
         21   5.489806   3831.635 -21.267143 -21.267143   5.000000   5.000000   0.718000   0.000707   0.268000 -11.063391    488      0
 1.0206E+00   5.489806   2.103323 -99.000000 -22.665012 -99.000000   0.000000   0.268000   0.006566   0.014000   0.025124      3
 2.0972E+01  -4.595859   3.494875 -99.000000 -99.000000  -8.275469   0.000000   0.002413   0.001460   0.014000  0.000E+00  max increase

             relative mass of radiative core still tiny          21    7.8178720637825383D-08
         22   5.499620   3843.043 -21.077423 -21.077423   5.000000   5.000000   0.718000   0.000707   0.268000 -11.029780    472      0
 1.3216E+00   5.499620   2.093265 -99.000000 -22.475291 -99.000000   0.000000   0.268000   0.006566   0.014000   0.025122      3
 4.1943E+01  -4.566548   3.479925 -99.000000 -99.000000  -8.269674   0.000000   0.002413   0.001460   0.014000  0.000E+00  max increase

             relative mass of radiative core still tiny          22    7.8178720415780778D-08
         23   5.513872   3860.287 -20.803829 -20.803829   5.000000   5.000000   0.718000   0.000707   0.268000 -10.980915    491      0
 1.5200E+00   5.513872   2.078649 -99.000000 -22.201697 -99.000000   0.000000   0.268000   0.006566   0.014000   0.025118      3
 7.5057E+01  -4.523960   3.458470 -99.000000 -99.000000  -8.261474   0.000000   0.002413   0.001460   0.014000  0.000E+00    varcontrol

             relative mass of radiative core still tiny          23    7.8178719971691568D-08
         24   5.530834   3881.029 -20.481357 -20.481357   5.000000   5.000000   0.718000   0.000707   0.268000 -10.922693    475      0
 1.6387E+00   5.530834   2.061244 -99.000000 -21.879225 -99.000000   0.000000   0.268000   0.006566   0.014000   0.025115      3
 1.1858E+02  -4.473247   3.432968 -99.000000 -99.000000  -8.251539   0.000000   0.002413   0.001460   0.014000  0.000E+00    varcontrol

             relative mass of radiative core still tiny          24    7.8178720637825383D-08
         25   5.549144   3903.293 -20.137146 -20.137146   5.000000   5.000000   0.718000   0.000707   0.268000 -10.859769    492      0
 1.7185E+00   5.549144   2.042445 -99.000000 -21.535014 -99.000000   0.000000   0.268000   0.006566   0.014000   0.025112      3
 1.7088E+02  -4.418472   3.405309 -99.000000 -99.000000  -8.240338   0.000000   0.002413   0.001460   0.014000  0.000E+00    varcontrol

             relative mass of radiative core still tiny          25    7.8178719305557753D-08
         26   5.568067   3926.974 -19.785685 -19.785685   5.000000   5.000000   0.718000   0.000707   0.268000 -10.794676    485      0
 1.7807E+00   5.568067   2.023008 -99.000000 -21.183553 -99.000000   0.000000   0.268000   0.006566   0.014000   0.025110      3
 2.3123E+02  -4.361836   3.376942 -99.000000 -99.000000  -8.228587   0.000000   0.002413   0.001460   0.014000  0.000E+00    varcontrol

             relative mass of radiative core still tiny          26    7.8178719527602358D-08
         27   5.587240   3949.679 -19.433994 -19.433994   5.000000   5.000000   0.718000   0.000707   0.268000 -10.728673    502      0
 1.8354E+00   5.587240   2.003314 -99.000000 -20.831862 -99.000000   0.000000   0.268000   0.006566   0.014000   0.025107      3
 2.9968E+02  -4.304430   3.347570 -99.000000 -99.000000  -8.215510   0.000000   0.002413   0.001460   0.014000  0.000E+00    varcontrol

             relative mass of radiative core still tiny          27    7.8178720415780778D-08
         28   5.606527   3974.431 -19.084646 -19.084646   5.000000   5.000000   0.718000   0.000707   0.268000 -10.662246    491      0
 1.8864E+00   5.606527   1.983495 -99.000000 -20.482514 -99.000000   0.000000   0.268000   0.006566   0.014000   0.025105      3
 3.7667E+02  -4.246669   3.318783 -99.000000 -99.000000  -8.202556   0.000000   0.002413   0.001460   0.014000  0.000E+00    varcontrol

             relative mass of radiative core still tiny          28    7.8178720193736173D-08
         29   5.625876   3999.267 -18.738598 -18.738598   5.000000   5.000000   0.718000   0.000707   0.268000 -10.595586    504      0
 1.9364E+00   5.625876   1.963614 -99.000000 -20.136466 -99.000000   0.000000   0.268000   0.006566   0.014000   0.025104      3
 4.6305E+02  -4.188714   3.289843 -99.000000 -99.000000  -8.188806   0.000000   0.002413   0.001460   0.014000  0.000E+00    varcontrol

             relative mass of radiative core still tiny          29    7.8178719971691568D-08

__________________________________________________________________________________________________________________________________________________

       step    lg_Tmax     Teff     lg_LH      lg_Lnuc_tot     Mass       H_rich     H_cntr     N_cntr     Y_surf   eta_cntr   zones  retry
  lg_dt_yrs    lg_Tcntr    lg_R     lg_L3a     lg_Lneu     lg_Mdot    He_core    He_cntr    O_cntr     Z_surf   gam_cntr   iters  
    age_yrs    lg_Dcntr    lg_L     lg_LZ      lg_Lphoto   lg_Dsurf   CO_core    C_cntr     Ne_cntr    Z_cntr   v_div_cs       dt_limit
__________________________________________________________________________________________________________________________________________________

         30   5.645262   4023.570 -18.396222 -18.396222   5.000000   5.000000   0.718000   0.000707   0.268000 -10.528773    510      0
 1.9863E+00   5.645262   1.943697 -99.000000 -19.794090 -99.000000   0.000000   0.268000   0.006566   0.014000   0.025102      3
 5.5993E+02  -4.130636   3.260535 -99.000000 -99.000000  -8.174119   0.000000   0.002413   0.001460   0.014000  0.000E+00    varcontrol

             relative mass of radiative core still tiny          30    7.8178719971691568D-08
         31   5.664700   4047.162 -18.057225 -18.057225   5.000000   5.000000   0.718000   0.000707   0.268000 -10.461748    510      0
 2.0369E+00   5.664700   1.923732 -99.000000 -19.455093 -99.000000   0.000000   0.268000   0.006566   0.014000   0.025101      3
 6.6880E+02  -4.072389   3.230761 -99.000000 -99.000000  -8.158562   0.000000   0.002413   0.001460   0.014000  0.000E+00    varcontrol

             relative mass of radiative core still tiny          31    7.8178719749646963D-08
         32   5.684174   4073.242 -17.721823 -17.721823   5.000000   5.000000   0.718000   0.000707   0.268000 -10.394554    502      0
 2.0864E+00   5.684174   1.903725 -99.000000 -19.119692 -99.000000   0.000000   0.268000   0.006566   0.014000   0.025100      3
 7.9080E+02  -4.014015   3.201904 -99.000000 -99.000000  -8.143228   0.000000   0.002413   0.001460   0.014000  0.000E+00    varcontrol

             relative mass of radiative core still tiny          32    7.8178719305557753D-08
         33   5.703582   4097.823 -17.391698 -17.391698   5.000000   5.000000   0.718000   0.000707   0.268000 -10.327537    504      0
 2.1340E+00   5.703582   1.883792 -99.000000 -18.789566 -99.000000   0.000000   0.268000   0.006566   0.014000   0.025099      3
 9.2694E+02  -3.955819   3.172491 -99.000000 -99.000000  -8.127077   0.000000   0.002413   0.001460   0.014000  0.000E+00    varcontrol

             relative mass of radiative core still tiny          33    7.8178719749646963D-08
         34   5.722906   4122.916 -17.067089 -17.067089   5.000000   5.000000   0.718000   0.000707   0.268000 -10.260780    508      0
 2.1807E+00   5.722906   1.863950 -99.000000 -18.464957 -99.000000   0.000000   0.268000   0.006566   0.014000   0.025099      3
 1.0785E+03  -3.897863   3.143412 -99.000000 -99.000000  -8.110819   0.000000   0.002413   0.001460   0.014000  0.000E+00    varcontrol

             relative mass of radiative core still tiny          34    7.8178719749646963D-08
         35   5.742186   4147.342 -16.747232 -16.747232   5.000000   5.000000   0.718000   0.000707   0.268000 -10.194160    511      0
 2.2285E+00   5.742186   1.844162 -99.000000 -18.145100 -99.000000   0.000000   0.268000   0.006566   0.014000   0.025099      3
 1.2478E+03  -3.840030   3.114097 -99.000000 -99.000000  -8.094178   0.000000   0.002413   0.001460   0.014000  0.000E+00    varcontrol

             relative mass of radiative core still tiny          35    7.8178719749646963D-08
         36   5.761423   4172.215 -16.432032 -16.432032   5.000000   5.000000   0.718000   0.000707   0.268000 -10.127684    510      0
 2.2760E+00   5.761423   1.824426 -99.000000 -17.829900 -99.000000   0.000000   0.268000   0.006566   0.014000   0.025099      3
 1.4366E+03  -3.782324   3.085011 -99.000000 -99.000000  -8.077508   0.000000   0.002413   0.001460   0.014000  0.000E+00    varcontrol

             relative mass of radiative core still tiny          36    7.8178719971691568D-08
         37   5.780600   4196.135 -16.121687 -16.121687   5.000000   5.000000   0.718000   0.000707   0.268000 -10.061417    515      0
 2.3233E+00   5.780600   1.804763 -99.000000 -17.519555 -99.000000   0.000000   0.268000   0.006566   0.014000   0.025099      3
 1.6471E+03  -3.724799   3.055618 -99.000000 -99.000000  -8.060575   0.000000   0.002413   0.001460   0.014000  0.000E+00    varcontrol

             relative mass of radiative core still tiny          37    7.8178719971691568D-08
         38   5.799779   4221.580 -15.815096 -15.815096   5.000000   5.000000   0.718000   0.000707   0.268000  -9.995134    516      0
 2.3714E+00   5.799779   1.785105 -99.000000 -17.212964 -99.000000   0.000000   0.268000   0.006566   0.014000   0.025099      3
 1.8823E+03  -3.667265   3.026804 -99.000000 -99.000000  -8.043927   0.000000   0.002413   0.001460   0.014000  0.000E+00    varcontrol

             relative mass of radiative core still tiny          38    7.8178719527602358D-08
         39   5.818966   4246.396 -15.512072 -15.512072   5.000000   5.000000   0.718000   0.000707   0.268000  -9.928795    517      0
 2.4201E+00   5.818966   1.765447 -99.000000 -16.909940 -99.000000   0.000000   0.268000   0.006566   0.014000   0.025099      3
 2.1454E+03  -3.609693   2.997670 -99.000000 -99.000000  -8.027115   0.000000   0.002413   0.001460   0.014000  0.000E+00    varcontrol

             relative mass of radiative core still tiny          39    7.8178719971691568D-08

__________________________________________________________________________________________________________________________________________________

       step    lg_Tmax     Teff     lg_LH      lg_Lnuc_tot     Mass       H_rich     H_cntr     N_cntr     Y_surf   eta_cntr   zones  retry
  lg_dt_yrs    lg_Tcntr    lg_R     lg_L3a     lg_Lneu     lg_Mdot    He_core    He_cntr    O_cntr     Z_surf   gam_cntr   iters  
    age_yrs    lg_Dcntr    lg_L     lg_LZ      lg_Lphoto   lg_Dsurf   CO_core    C_cntr     Ne_cntr    Z_cntr   v_div_cs       dt_limit
__________________________________________________________________________________________________________________________________________________

         40   5.838155   4271.221 -15.212653 -15.212653   5.000000   5.000000   0.718000   0.000707   0.268000  -9.862408    525      0
 2.4687E+00   5.838155   1.745794 -99.000000 -16.610522 -99.000000   0.000000   0.268000   0.006566   0.014000   0.025099      3
 2.4396E+03  -3.552100   2.968490 -99.000000 -99.000000  -8.010280   0.000000   0.002413   0.001460   0.014000  0.000E+00    varcontrol

             relative mass of radiative core still tiny          40    7.8178720193736173D-08
         41   5.857339   4295.726 -14.916882 -14.916882   5.000000   5.000000   0.718000   0.000707   0.268000  -9.795983    528      0
 2.5173E+00   5.857339   1.726152 -99.000000 -16.314750 -99.000000   0.000000   0.268000   0.006566   0.014000   0.025100      3
 2.7686E+03  -3.494499   2.939144 -99.000000 -99.000000  -7.993347   0.000000   0.002413   0.001460   0.014000  0.000E+00    varcontrol

             relative mass of radiative core still tiny          41    7.8178719527602358D-08
         42   5.876509   4320.596 -14.624862 -14.624862   5.000000   5.000000   0.718000   0.000707   0.268000  -9.729555    528      0
 2.5655E+00   5.876509   1.706529 -99.000000 -16.022730 -99.000000   0.000000   0.268000   0.006566   0.014000   0.025102      3
 3.1363E+03  -3.436920   2.909927 -99.000000 -99.000000  -7.976450   0.000000   0.002413   0.001460   0.014000  0.000E+00    varcontrol

             relative mass of radiative core still tiny          42    7.8178720193736173D-08
         43   5.895638   4344.672 -14.336970 -14.336970   5.000000   5.000000   0.718000   0.000707   0.268000  -9.663239    532      0
 2.6133E+00   5.895638   1.686959 -99.000000 -15.734838 -99.000000   0.000000   0.268000   0.006566   0.014000   0.025103      3
 3.5468E+03  -3.379453   2.880440 -99.000000 -99.000000  -7.959378   0.000000   0.002413   0.001460   0.014000  0.000E+00    varcontrol

             relative mass of radiative core still tiny          43    7.8178719971691568D-08
         44   5.914771   4370.019 -14.052504 -14.052504   5.000000   5.000000   0.718000   0.000707   0.268000  -9.596907    539      0
 2.6615E+00   5.914771   1.667394 -99.000000 -15.450372 -99.000000   0.000000   0.268000   0.006566   0.014000   0.025105      3
 4.0055E+03  -3.321974   2.851415 -99.000000 -99.000000  -7.942457   0.000000   0.002413   0.001460   0.014000  0.000E+00    varcontrol

             relative mass of radiative core still tiny          44    7.8178720637825383D-08
         45   5.933861   4392.396 -13.772119 -13.772119   5.000000   5.000000   0.718000   0.000707   0.268000  -9.530748    538      0
 2.7097E+00   5.933861   1.647890 -99.000000 -15.169987 -99.000000   0.000000   0.268000   0.006566   0.014000   0.025106      3
 4.5180E+03  -3.264633   2.821280 -99.000000 -99.000000  -7.924951   0.000000   0.002413   0.001460   0.014000  0.000E+00    varcontrol

             relative mass of radiative core still tiny          45    7.8178720859869988D-08
         46   5.952957   4418.155 -13.495042 -13.495042   5.000000   5.000000   0.718000   0.000707   0.268000  -9.464606    538      0
 2.7577E+00   5.952957   1.628391 -99.000000 -14.892910 -99.000000   0.000000   0.268000   0.006566   0.014000   0.025107      3
 5.0905E+03  -3.207290   2.792438 -99.000000 -99.000000  -7.907921   0.000000   0.002413   0.001460   0.014000  0.000E+00    varcontrol

             relative mass of radiative core still tiny          46    7.8178720859869988D-08
         47   5.972080   4443.525 -13.220919 -13.220919   5.000000   5.000000   0.718000   0.000707   0.268000  -9.398411    545      0
 2.8065E+00   5.972080   1.608878 -99.000000 -14.618787 -99.000000   0.000000   0.268000   0.006566   0.014000   0.025108      3
 5.7309E+03  -3.149882   2.763361 -99.000000 -99.000000  -7.890637   0.000000   0.002413   0.001460   0.014000  0.000E+00    varcontrol

             relative mass of radiative core still tiny          47    7.8178720415780778D-08
         48   5.991163   4466.729 -12.950621 -12.950621   5.000000   5.000000   0.718000   0.000707   0.268000  -9.332379    545      0
 2.8545E+00   5.991163   1.589421 -99.000000 -14.348489 -99.000000   0.000000   0.268000   0.006566   0.014000   0.025108      3
 6.4462E+03  -3.092603   2.733495 -99.000000 -99.000000  -7.872893   0.000000   0.002413   0.001460   0.014000  0.000E+00    varcontrol

             relative mass of radiative core still tiny          48    7.8178720637825383D-08
         49   6.010236   4492.466 -12.683663 -12.683663   5.000000   5.000000   0.718000   0.000707   0.268000  -9.266402    552      0
 2.9022E+00   6.010236   1.569983 -99.000000 -14.081531 -99.000000   0.000000   0.268000   0.006566   0.014000   0.025109      3
 7.2447E+03  -3.035363   2.704599 -99.000000 -99.000000  -7.855361   0.000000   0.002413   0.001460   0.014000  0.000E+00    varcontrol

             relative mass of radiative core still tiny          49    7.8178719971691568D-08

__________________________________________________________________________________________________________________________________________________

       step    lg_Tmax     Teff     lg_LH      lg_Lnuc_tot     Mass       H_rich     H_cntr     N_cntr     Y_surf   eta_cntr   zones  retry
  lg_dt_yrs    lg_Tcntr    lg_R     lg_L3a     lg_Lneu     lg_Mdot    He_core    He_cntr    O_cntr     Z_surf   gam_cntr   iters  
    age_yrs    lg_Dcntr    lg_L     lg_LZ      lg_Lphoto   lg_Dsurf   CO_core    C_cntr     Ne_cntr    Z_cntr   v_div_cs       dt_limit
__________________________________________________________________________________________________________________________________________________

         50   6.029330   4517.260 -12.419543 -12.419543   5.000000   5.000000   0.718000   0.000707   0.268000  -9.200361    560      0
 2.9512E+00   6.029330   1.550534 -99.000000 -13.817411 -99.000000   0.000000   0.268000   0.006566   0.014000   0.025109      3
 8.1383E+03  -2.978062   2.675262 -99.000000 -99.000000  -7.837491   0.000000   0.002413   0.001460   0.014000  0.000E+00    varcontrol

             relative mass of radiative core still tiny          50    7.8178719305557753D-08
         51   6.048331   4540.895 -12.158791 -12.158791   5.000000   5.000000   0.718000   0.000707   0.268000  -9.133944    555      0
 2.9996E+00   6.048331   1.531116 -99.000000 -13.556659 -99.000000   0.000000   0.268000   0.006566   0.014000   0.025115      3
 9.1374E+03  -2.920737   2.645491 -99.000000 -99.000000  -7.819346   0.000000   0.002413   0.001460   0.014000  0.000E+00    varcontrol

             relative mass of radiative core still tiny          51    7.8178719083513148D-08
         52   6.066822   4565.876 -11.901714 -11.901714   5.000000   5.000000   0.718000   0.000707   0.268000  -9.064527    559      0
 3.0473E+00   6.066822   1.511737 -99.000000 -13.299582 -99.000000   0.000000   0.268000   0.006566   0.014000   0.025162      3
 1.0252E+04  -2.862872   2.616265 -99.000000 -99.000000  -7.801282   0.000000   0.002413   0.001460   0.014000  0.000E+00    varcontrol

                 finished relax to begin radiative core          52    2.7202094082308379D-03

 finished doing relax_to_radiative_core

 read my_history_columns.list
 read my_profile_columns.list
                                 set_initial_dt (years)    1.0000000000000000D+00
                             set_initial_number_retries           0
 net name basic.net
 kap_option gs98
 kap_CO_option gs98_co
 kap_lowT_option lowT_fa05_gs98
                                        OMP_NUM_THREADS          16


__________________________________________________________________________________________________________________________________________________

       step    lg_Tmax     Teff     lg_LH      lg_Lnuc_tot     Mass       H_rich     H_cntr     N_cntr     Y_surf   eta_cntr   zones  retry
  lg_dt_yrs    lg_Tcntr    lg_R     lg_L3a     lg_Lneu     lg_Mdot    He_core    He_cntr    O_cntr     Z_surf   gam_cntr   iters  
    age_yrs    lg_Dcntr    lg_L     lg_LZ      lg_Lphoto   lg_Dsurf   CO_core    C_cntr     Ne_cntr    Z_cntr   v_div_cs       dt_limit
__________________________________________________________________________________________________________________________________________________

          1   6.066839   4565.890 -11.901484 -11.901484   5.000000   5.000000   0.718000   0.000707   0.268000  -9.064465    559      0
 0.0000E+00   6.066839   1.511720 -99.000000 -13.299352  -9.663190   0.000000   0.268000   0.006566   0.014000   0.025162      2
 1.0000E+00  -2.862820   2.616235 -99.000000 -99.000000  -7.801292   0.000000   0.002413   0.001460   0.014000  0.000E+00    varcontrol

save LOGS/profile1.data for model 1
          2   6.066859   4566.757 -11.901209 -11.901209   5.000000   5.000000   0.718000   0.000707   0.268000  -9.064390    562      0
 7.9181E-02   6.066859   1.511698 -99.000000 -13.299077  -9.663245   0.000000   0.268000   0.006566   0.014000   0.025162      3
 2.2000E+00  -2.862758   2.616522 -99.000000 -99.000000  -7.801374   0.000000   0.002413   0.001460   0.014000  0.000E+00  max increase

          3   6.066883   4566.787 -11.900879 -11.900879   5.000000   5.000000   0.718000   0.000707   0.268000  -9.064300    562      0
 1.5836E-01   6.066883   1.511673 -99.000000 -13.298747  -9.662876   0.000000   0.268000   0.006566   0.014000   0.025162      2
 3.6400E+00  -2.862683   2.616483 -99.000000 -99.000000  -7.801351   0.000000   0.002413   0.001460   0.014000  0.000E+00  max increase

          4   6.066911   4566.824 -11.900483 -11.900483   5.000000   5.000000   0.718000   0.000707   0.268000  -9.064193    562      0
 2.3754E-01   6.066911   1.511643 -99.000000 -13.298351  -9.662949   0.000000   0.268000   0.006566   0.014000   0.025162      2
 5.3680E+00  -2.862593   2.616437 -99.000000 -99.000000  -7.801322   0.000000   0.002413   0.001460   0.014000  0.000E+00  max increase

          5   6.066946   4566.868 -11.900008 -11.900008   5.000000   5.000000   0.718000   0.000707   0.268000  -9.064064    562      0
 3.1672E-01   6.066946   1.511607 -99.000000 -13.297876  -9.663036   0.000000   0.268000   0.006566   0.014000   0.025162      2
 7.4416E+00  -2.862486   2.616382 -99.000000 -99.000000  -7.801288   0.000000   0.002413   0.001460   0.014000  0.000E+00  max increase

          6   6.066987   4566.922 -11.899437 -11.899437   5.000000   5.000000   0.718000   0.000707   0.268000  -9.063909    562      0
 3.9591E-01   6.066987   1.511564 -99.000000 -13.297305  -9.663141   0.000000   0.268000   0.006566   0.014000   0.025162      2
 9.9299E+00  -2.862357   2.616316 -99.000000 -99.000000  -7.801247   0.000000   0.002413   0.001460   0.014000  0.000E+00  max increase

          7   6.067036   4566.985 -11.898753 -11.898753   5.000000   5.000000   0.718000   0.000707   0.268000  -9.063723    562      0
 4.7509E-01   6.067036   1.511512 -99.000000 -13.296621  -9.663267   0.000000   0.268000   0.006566   0.014000   0.025162      2
 1.2916E+01  -2.862202   2.616236 -99.000000 -99.000000  -7.801199   0.000000   0.002413   0.001460   0.014000  0.000E+00  max increase

          8   6.067096   4567.062 -11.897933 -11.897933   5.000000   5.000000   0.718000   0.000707   0.268000  -9.063500    562      0
 5.5427E-01   6.067096   1.511450 -99.000000 -13.295801  -9.663417   0.000000   0.268000   0.006566   0.014000   0.025162      2
 1.6499E+01  -2.862016   2.616141 -99.000000 -99.000000  -7.801140   0.000000   0.002413   0.001460   0.014000  0.000E+00  max increase

          9   6.067167   4567.154 -11.896949 -11.896949   5.000000   5.000000   0.718000   0.000707   0.268000  -9.063233    562      0
 6.3345E-01   6.067167   1.511375 -99.000000 -13.294817  -9.663598   0.000000   0.268000   0.006566   0.014000   0.025162      2
 2.0799E+01  -2.861793   2.616027 -99.000000 -99.000000  -7.801070   0.000000   0.002413   0.001460   0.014000  0.000E+00  max increase


__________________________________________________________________________________________________________________________________________________

       step    lg_Tmax     Teff     lg_LH      lg_Lnuc_tot     Mass       H_rich     H_cntr     N_cntr     Y_surf   eta_cntr   zones  retry
  lg_dt_yrs    lg_Tcntr    lg_R     lg_L3a     lg_Lneu     lg_Mdot    He_core    He_cntr    O_cntr     Z_surf   gam_cntr   iters  
    age_yrs    lg_Dcntr    lg_L     lg_LZ      lg_Lphoto   lg_Dsurf   CO_core    C_cntr     Ne_cntr    Z_cntr   v_div_cs       dt_limit
__________________________________________________________________________________________________________________________________________________

         10   6.067252   4567.264 -11.895768 -11.895768   5.000000   5.000000   0.718000   0.000707   0.268000  -9.062912    562      0
 7.1263E-01   6.067252   1.511286 -99.000000 -13.293636  -9.663815   0.000000   0.268000   0.006566   0.014000   0.025163      2
 2.5959E+01  -2.861526   2.615890 -99.000000 -99.000000  -7.800985   0.000000   0.002413   0.001460   0.014000  0.000E+00  max increase

         11   6.067355   4567.396 -11.894353 -11.894353   5.000000   5.000000   0.718000   0.000707   0.268000  -9.062528    562      0
 7.9181E-01   6.067355   1.511178 -99.000000 -13.292221  -9.664075   0.000000   0.268000   0.006566   0.014000   0.025163      2
 3.2150E+01  -2.861205   2.615725 -99.000000 -99.000000  -7.800884   0.000000   0.002413   0.001460   0.014000  0.000E+00  max increase

         12   6.067478   4567.554 -11.892656 -11.892656   5.000000   5.000000   0.718000   0.000707   0.268000  -9.062066    562      0
 8.7099E-01   6.067478   1.511050 -99.000000 -13.290524  -9.664387   0.000000   0.268000   0.006566   0.014000   0.025163      2
 3.9581E+01  -2.860821   2.615528 -99.000000 -99.000000  -7.800763   0.000000   0.002413   0.001460   0.014000  0.000E+00  max increase

         13   6.067625   4567.743 -11.890622 -11.890622   5.000000   5.000000   0.718000   0.000707   0.268000  -9.061513    562      0
 9.5017E-01   6.067625   1.510895 -99.000000 -13.288490  -9.664761   0.000000   0.268000   0.006566   0.014000   0.025164      2
 4.8497E+01  -2.860360   2.615291 -27.694760 -99.000000  -7.800617   0.000000   0.002413   0.001460   0.014000  0.000E+00  max increase

         14   6.067801   4567.971 -11.888183 -11.888183   5.000000   5.000000   0.718000   0.000707   0.268000  -9.060850    562      0
 1.0294E+00   6.067801   1.510710 -99.000000 -13.286051  -9.665210   0.000000   0.268000   0.006566   0.014000   0.025164      2
 5.9196E+01  -2.859807   2.615008 -99.000000 -99.000000  -7.800443   0.000000   0.002413   0.001460   0.014000  0.000E+00  max increase

         15   6.068013   4568.243 -11.885261 -11.885261   5.000000   5.000000   0.718000   0.000707   0.268000  -9.060054    562      0
 1.1085E+00   6.068013   1.510489 -99.000000 -13.283129  -9.665747   0.000000   0.268000   0.006566   0.014000   0.025165      2
 7.2035E+01  -2.859145   2.614668 -99.000000 -99.000000  -7.800233   0.000000   0.002413   0.001460   0.014000  0.000E+00  max increase

         16   6.068266   4568.568 -11.881761 -11.881761   5.000000   5.000000   0.718000   0.000707   0.268000  -9.059101    562      0
 1.1877E+00   6.068266   1.510223 -99.000000 -13.279629  -9.666392   0.000000   0.268000   0.006566   0.014000   0.025165      2
 8.7442E+01  -2.858351   2.614261 -99.000000 -99.000000  -7.799983   0.000000   0.002413   0.001460   0.014000  0.000E+00  max increase

         17   6.068570   4568.958 -11.877569 -11.877569   5.000000   5.000000   0.718000   0.000707   0.268000  -9.057958    562      0
 1.2669E+00   6.068570   1.509905 -99.000000 -13.275437  -9.667164   0.000000   0.268000   0.006566   0.014000   0.025166      2
 1.0593E+02  -2.857400   2.613773 -99.000000 -99.000000  -7.799682   0.000000   0.002413   0.001460   0.014000  0.000E+00  max increase

         18   6.068933   4569.424 -11.872550 -11.872550   5.000000   5.000000   0.718000   0.000707   0.268000  -9.056589    562      0
 1.3461E+00   6.068933   1.509524 -99.000000 -13.270418  -9.668090   0.000000   0.268000   0.006566   0.014000   0.025167      2
 1.2812E+02  -2.856261   2.613188 -99.000000 -99.000000  -7.799323   0.000000   0.002413   0.001460   0.014000  0.000E+00  max increase

         19   6.069367   4569.982 -11.866546 -11.866546   5.000000   5.000000   0.718000   0.000707   0.268000  -9.054949    562      0
 1.4253E+00   6.069367   1.509068 -99.000000 -13.264414  -9.669198   0.000000   0.268000   0.006566   0.014000   0.025168      2
 1.5474E+02  -2.854897   2.612488 -99.000000 -99.000000  -7.798892   0.000000   0.002413   0.001460   0.014000  0.000E+00  max increase


__________________________________________________________________________________________________________________________________________________

       step    lg_Tmax     Teff     lg_LH      lg_Lnuc_tot     Mass       H_rich     H_cntr     N_cntr     Y_surf   eta_cntr   zones  retry
  lg_dt_yrs    lg_Tcntr    lg_R     lg_L3a     lg_Lneu     lg_Mdot    He_core    He_cntr    O_cntr     Z_surf   gam_cntr   iters  
    age_yrs    lg_Dcntr    lg_L     lg_LZ      lg_Lphoto   lg_Dsurf   CO_core    C_cntr     Ne_cntr    Z_cntr   v_div_cs       dt_limit
__________________________________________________________________________________________________________________________________________________

         20   6.069887   4570.647 -11.859365 -11.859365   5.000000   5.000000   0.718000   0.000707   0.268000  -9.052985    562      0
 1.5044E+00   6.069887   1.508523 -99.000000 -13.257233  -9.670526   0.000000   0.268000   0.006566   0.014000   0.025170      2
 1.8669E+02  -2.853265   2.611650 -99.000000 -99.000000  -7.798377   0.000000   0.002413   0.001460   0.014000  0.000E+00  max increase

         21   6.070508   4571.442 -11.850783 -11.850783   5.000000   5.000000   0.718000   0.000707   0.268000  -9.050635    562      0
 1.5836E+00   6.070508   1.507871 -99.000000 -13.248651  -9.672114   0.000000   0.268000   0.006566   0.014000   0.025171      3
 2.2503E+02  -2.851314   2.610648 -99.000000 -99.000000  -7.797760   0.000000   0.002413   0.001460   0.014000  0.000E+00  max increase

         22   6.071249   4572.389 -11.840536 -11.840536   5.000000   5.000000   0.718000   0.000707   0.268000  -9.047823    562      0
 1.6628E+00   6.071249   1.507092 -99.000000 -13.238404  -9.674013   0.000000   0.268000   0.006566   0.014000   0.025173      3
 2.7103E+02  -2.848981   2.609449 -99.000000 -99.000000  -7.797023   0.000000   0.002413   0.001460   0.014000  0.000E+00  max increase

         23   6.072134   4573.518 -11.828312 -11.828312   5.000000   5.000000   0.718000   0.000707   0.268000  -9.044462    562      0
 1.7420E+00   6.072134   1.506162 -99.000000 -13.226180  -9.676284   0.000000   0.268000   0.006566   0.014000   0.025176      3
 3.2624E+02  -2.846196   2.608018 -99.000000 -99.000000  -7.796143   0.000000   0.002413   0.001460   0.014000  0.000E+00  max increase

         24   6.073187   4574.862 -11.813744 -11.813744   5.000000   5.000000   0.718000   0.000707   0.268000  -9.040446    562      0
 1.8212E+00   6.073187   1.505053 -99.000000 -13.211612  -9.678995   0.000000   0.268000   0.006566   0.014000   0.025179      3
 3.9248E+02  -2.842872   2.606311 -99.000000 -99.000000  -7.795093   0.000000   0.002413   0.001460   0.014000  0.000E+00  max increase

         25   6.074441   4576.460 -11.796410 -11.796410   5.000000   5.000000   0.718000   0.000707   0.268000  -9.035652    562      0
 1.9003E+00   6.074441   1.503732 -99.000000 -13.194278  -9.682229   0.000000   0.268000   0.006566   0.014000   0.025183      3
 4.7198E+02  -2.838911   2.604276 -99.000000 -99.000000  -7.793842   0.000000   0.002413   0.001460   0.014000  0.000E+00  max increase

         26   6.075930   4578.358 -11.775816 -11.775816   5.000000   5.000000   0.718000   0.000707   0.268000  -9.029933    561      0
 1.9795E+00   6.075930   1.502161 -99.000000 -13.173684  -9.686083   0.000000   0.268000   0.006566   0.014000   0.025188      3
 5.6738E+02  -2.834196   2.601855 -27.694760 -99.000000  -7.792353   0.000000   0.002413   0.001460   0.014000  0.000E+00  max increase

         27   6.077695   4580.610 -11.751393 -11.751393   5.000000   5.000000   0.718000   0.000707   0.268000  -9.023120    562      0
 2.0587E+00   6.077695   1.500296 -99.000000 -13.149261  -9.690668   0.000000   0.268000   0.006566   0.014000   0.025194      3
 6.8185E+02  -2.828591   2.598980 -99.000000 -99.000000  -7.790585   0.000000   0.002413   0.001460   0.014000  0.000E+00  max increase

         28   6.079782   4583.582 -11.722488 -11.722488   5.000000   5.000000   0.718000   0.000707   0.268000  -9.015011    565      0
 2.1379E+00   6.079782   1.498086 -99.000000 -13.120356  -9.696113   0.000000   0.268000   0.006566   0.014000   0.025201      3
 8.1922E+02  -2.821940   2.595685 -99.000000 -99.000000  -7.788523   0.000000   0.002413   0.001460   0.014000  0.000E+00  max increase

         29   6.082244   4586.706 -11.688375 -11.688375   5.000000   5.000000   0.718000   0.000707   0.268000  -9.005375    565      0
 2.2171E+00   6.082244   1.495473 -99.000000 -13.086243  -9.702413   0.000000   0.268000   0.006566   0.014000   0.025211      3
 9.8407E+02  -2.814064   2.591643 -99.000000 -99.000000  -7.786038   0.000000   0.002413   0.001460   0.014000  0.000E+00  max increase


__________________________________________________________________________________________________________________________________________________

       step    lg_Tmax     Teff     lg_LH      lg_Lnuc_tot     Mass       H_rich     H_cntr     N_cntr     Y_surf   eta_cntr   zones  retry
  lg_dt_yrs    lg_Tcntr    lg_R     lg_L3a     lg_Lneu     lg_Mdot    He_core    He_cntr    O_cntr     Z_surf   gam_cntr   iters  
    age_yrs    lg_Dcntr    lg_L     lg_LZ      lg_Lphoto   lg_Dsurf   CO_core    C_cntr     Ne_cntr    Z_cntr   v_div_cs       dt_limit
__________________________________________________________________________________________________________________________________________________

         30   6.085139   4590.278 -11.648243 -11.648243   5.000000   5.000000   0.718000   0.000707   0.268000  -8.993946    563      0
 2.2963E+00   6.085139   1.492392 -99.000000 -13.046111  -9.710060   0.000000   0.268000   0.006566   0.014000   0.025223      3
 1.1819E+03  -2.804762   2.586834 -99.000000 -99.000000  -7.783094   0.000000   0.002413   0.001460   0.014000  0.000E+00  max increase

         31   6.088533   4595.400 -11.601155 -11.601155   5.000000   5.000000   0.718000   0.000707   0.268000  -8.980417    564      0
 2.3754E+00   6.088533   1.488769 -99.000000 -12.999023  -9.719132   0.000000   0.268000   0.006566   0.014000   0.025238      3
 1.4193E+03  -2.793798   2.581525 -99.000000 -99.000000  -7.779735   0.000000   0.002413   0.001460   0.014000  0.000E+00  max increase

         32   6.092493   4600.547 -11.546165 -11.546165   5.000000   5.000000   0.718000   0.000707   0.268000  -8.964444    564      0
 2.4546E+00   6.092493   1.484526 -99.000000 -12.944033  -9.729336   0.000000   0.268000   0.006566   0.014000   0.025257      3
 1.7041E+03  -2.780924   2.574984 -99.000000 -99.000000  -7.775699   0.000000   0.002413   0.001460   0.014000  0.000E+00  max increase

         33   6.097094   4606.509 -11.482247 -11.482247   5.000000   5.000000   0.718000   0.000707   0.268000  -8.945645    564      0
 2.5338E+00   6.097094   1.479579 -99.000000 -12.880115  -9.741721   0.000000   0.268000   0.006566   0.014000   0.025281      3
 2.0459E+03  -2.765862   2.567339 -99.000000 -99.000000  -7.770983   0.000000   0.002413   0.001460   0.014000  0.000E+00  max increase

         34   6.102413   4613.588 -11.408328 -11.408328   5.000000   5.000000   0.718000   0.000707   0.268000  -8.923595    566      0
 2.6130E+00   6.102413   1.473835 -99.000000 -12.806196  -9.756189   0.000000   0.268000   0.006566   0.014000   0.025312      4
 2.4561E+03  -2.748312   2.558518 -99.000000 -99.000000  -7.765520   0.000000   0.002413   0.001460   0.014000  0.000E+00  max increase

         35   6.108526   4621.377 -11.323372 -11.323372   4.999999   4.999999   0.718000   0.000707   0.268000  -8.897838    565      0
 2.6922E+00   6.108526   1.467204 -99.000000 -12.721240  -9.772911   0.000000   0.268000   0.006566   0.014000   0.025352      3
 2.9483E+03  -2.727961   2.548187 -99.000000 -99.000000  -7.759162   0.000000   0.002413   0.001460   0.014000  0.000E+00  max increase

         36   6.115524   4632.074 -11.226213 -11.226213   4.999999   4.999999   0.718000   0.000707   0.268000  -8.867883    572      0
 2.7713E+00   6.115524   1.459581 -99.000000 -12.624081  -9.792414   0.000000   0.268000   0.006566   0.014000   0.025400      4
 3.5390E+03  -2.704460   2.536958 -99.000000 -99.000000  -7.752041   0.000000   0.002413   0.001460   0.014000  0.000E+00  max increase

         37   6.123468   4642.524 -11.116053 -11.116053   4.999999   4.999999   0.718000   0.000707   0.268000  -8.833222    569      0
 2.8505E+00   6.123468   1.450891 -99.000000 -12.513921  -9.813960   0.000000   0.268000   0.006566   0.014000   0.025461      4
 4.2478E+03  -2.677497   2.523492 -99.000000 -99.000000  -7.743715   0.000000   0.002413   0.001460   0.014000  0.000E+00  max increase

         38   6.132421   4654.237 -10.992123 -10.992123   4.999999   4.999999   0.718000   0.000707   0.268000  -8.793341    567      0
 2.9297E+00   6.132421   1.441053 -99.000000 -12.389991  -9.839422   0.000000   0.268000   0.006566   0.014000   0.025537      4
 5.0984E+03  -2.646753   2.508193 -26.791670 -99.000000  -7.734266   0.000000   0.002413   0.001460   0.014000  0.000E+00  max increase

         39   6.142463   4669.339 -10.853596 -10.853596   4.999999   4.999999   0.718000   0.000707   0.268000  -8.747723    578      0
 3.0089E+00   6.142463   1.429981 -99.000000 -12.251463  -9.868320   0.000000   0.268000   0.006566   0.014000   0.025631      4
 6.1190E+03  -2.611885   2.491677 -99.000000 -99.000000  -7.723830   0.000000   0.002413   0.001460   0.014000  0.000E+00  max increase


__________________________________________________________________________________________________________________________________________________

       step    lg_Tmax     Teff     lg_LH      lg_Lnuc_tot     Mass       H_rich     H_cntr     N_cntr     Y_surf   eta_cntr   zones  retry
  lg_dt_yrs    lg_Tcntr    lg_R     lg_L3a     lg_Lneu     lg_Mdot    He_core    He_cntr    O_cntr     Z_surf   gam_cntr   iters  
    age_yrs    lg_Dcntr    lg_L     lg_LZ      lg_Lphoto   lg_Dsurf   CO_core    C_cntr     Ne_cntr    Z_cntr   v_div_cs       dt_limit
__________________________________________________________________________________________________________________________________________________

         40   6.153616   4684.105 -10.700345 -10.700345   4.999999   4.999999   0.718000   0.000707   0.268000  -8.695888    571      0
 3.0881E+00   6.153616   1.417647 -99.000000 -12.098213  -9.899895   0.000000   0.268000   0.006566   0.014000   0.025744      4
 7.3439E+03  -2.572650   2.472493 -99.000000 -99.000000  -7.711971   0.000000   0.002413   0.001460   0.014000  0.000E+00  max increase

         41   6.165922   4701.034 -10.532175 -10.532175   4.999999   4.999999   0.718000   0.000707   0.268000  -8.637395    577      0
 3.1672E+00   6.165922   1.404015 -99.000000 -11.930043  -9.936130   0.000000   0.268000   0.006566   0.014000   0.025882      4
 8.8136E+03  -2.528795   2.451497 -99.000000 -99.000000  -7.698924   0.000000   0.002413   0.001460   0.014000  0.000E+00  max increase

         42   6.179418   4720.476 -10.349074 -10.349074   4.999998   4.999998   0.718000   0.000707   0.268000  -8.571884    582      0
 3.2464E+00   6.179418   1.389073 -99.000000 -11.746942  -9.975898   0.000000   0.268000   0.006566   0.014000   0.026045      4
 1.0577E+04  -2.480105   2.428783 -99.000000 -99.000000  -7.684719   0.000000   0.002413   0.001460   0.014000  0.000E+00  max increase

         43   6.194090   4739.371 -10.151775 -10.151775   4.999998   4.999998   0.718000   0.000707   0.268000  -8.499117    577      0
 3.3256E+00   6.194090   1.372880 -99.000000 -11.549642 -10.019083   0.000000   0.268000   0.006566   0.014000   0.026238      4
 1.2694E+04  -2.426500   2.403337 -99.000000 -99.000000  -7.669101   0.000000   0.002413   0.001460   0.014000  0.000E+00  max increase

         44   6.208353   4760.939  -9.961830  -9.961830   4.999998   4.999998   0.718000   0.000707   0.268000  -8.426920    586      0
 3.3543E+00   6.208353   1.357226 -99.000000 -11.359697 -10.067005   0.000000   0.268000   0.006566   0.014000   0.026439      4
 1.4955E+04  -2.373756   2.379917 -99.000000 -99.000000  -7.654388   0.000000   0.002413   0.001460   0.014000  0.000E+00    lgRho_cntr

         45   6.220823   4777.232  -9.797131  -9.797131   4.999998   4.999998   0.718000   0.000707   0.268000  -8.362329    586      0
 3.3337E+00   6.220823   1.343634 -99.000000 -11.194999 -10.111740   0.000000   0.268000   0.006566   0.014000   0.026629      4
 1.7111E+04  -2.327003   2.358666 -99.000000 -99.000000  -7.641378   0.000000   0.002413   0.001460   0.014000  0.000E+00    lgRho_cntr

         46   6.234157   4796.410  -9.623172  -9.623172   4.999998   4.999998   0.718000   0.000707   0.268000  -8.293016    584      0
 3.3976E+00   6.234157   1.329285 -99.000000 -11.021039 -10.151819   0.000000   0.268000   0.006566   0.014000   0.026837      4
 1.9609E+04  -2.276903   2.336930 -99.000000 -99.000000  -7.627918   0.000000   0.002413   0.001460   0.014000  0.000E+00    varcontrol

         47   6.247870   4814.847  -9.446410  -9.446410   4.999998   4.999998   0.718000   0.000707   0.268000  -8.221335    587      0
 3.4460E+00   6.247870   1.314751 -99.000000 -10.844278 -10.193187   0.000000   0.268000   0.006566   0.014000   0.027055      4
 2.2402E+04  -2.225205   2.314526 -99.000000 -99.000000  -7.614235   0.000000   0.002413   0.001460   0.014000  0.000E+00    lgRho_cntr

         48   6.260112   4832.156  -9.290106  -9.290106   4.999997   4.999997   0.718000   0.000707   0.268000  -8.156609    592      0
 3.4301E+00   6.260112   1.301971 -99.000000 -10.687973 -10.235611   0.000000   0.268000   0.006566   0.014000   0.027258      4
 2.5093E+04  -2.178735   2.295199 -99.000000 -99.000000  -7.602404   0.000000   0.002413   0.001460   0.014000  0.000E+00    lgRho_cntr

         49   6.273439   4849.934  -9.121976  -9.121976   4.999997   4.999997   0.718000   0.000707   0.268000  -8.086321    592      0
 3.4996E+00   6.273439   1.288326 -99.000000 -10.519844 -10.272413   0.000000   0.268000   0.006566   0.014000   0.027479      5
 2.8253E+04  -2.128220   2.274290 -99.000000 -99.000000  -7.589768   0.000000   0.002413   0.001460   0.014000  0.000E+00    varcontrol


__________________________________________________________________________________________________________________________________________________

       step    lg_Tmax     Teff     lg_LH      lg_Lnuc_tot     Mass       H_rich     H_cntr     N_cntr     Y_surf   eta_cntr   zones  retry
  lg_dt_yrs    lg_Tcntr    lg_R     lg_L3a     lg_Lneu     lg_Mdot    He_core    He_cntr    O_cntr     Z_surf   gam_cntr   iters  
    age_yrs    lg_Dcntr    lg_L     lg_LZ      lg_Lphoto   lg_Dsurf   CO_core    C_cntr     Ne_cntr    Z_cntr   v_div_cs       dt_limit
__________________________________________________________________________________________________________________________________________________

         50   6.287304   4869.109  -8.949115  -8.949115   4.999997   4.999997   0.718000   0.000707   0.268000  -8.013286    598      0
 3.5503E+00   6.287304   1.274443 -99.000000 -10.346982 -10.312074   0.000000   0.268000   0.006566   0.014000   0.027710      5
 3.1803E+04  -2.075706   2.253377 -99.000000 -99.000000  -7.577156   0.000000   0.002413   0.001460   0.014000  0.000E+00    lgRho_cntr

save LOGS/profile2.data for model 50
save photos/x050 for model 50
         51   6.299635   4884.750  -8.796746  -8.796746   4.999997   4.999997   0.718000   0.000707   0.268000  -7.947793    596      0
 3.5311E+00   6.299635   1.262379 -99.000000 -10.194613 -10.351941   0.000000   0.268000   0.006566   0.014000   0.027923      4
 3.5200E+04  -2.028768   2.234821 -99.000000 -99.000000  -7.566149   0.000000   0.002413   0.001460   0.014000  0.000E+00    lgRho_cntr

         52   6.313218   4903.690  -8.630973  -8.630973   4.999997   4.999997   0.718000   0.000707   0.268000  -7.876363    600      0
 3.6028E+00   6.313218   1.249447 -99.000000 -10.028840 -10.387102   0.000000   0.268000   0.006566   0.014000   0.028152      4
 3.9207E+04  -1.977374   2.215680 -99.000000 -99.000000  -7.554777   0.000000   0.002413   0.001460   0.014000  0.000E+00    varcontrol

         53   6.327432   4921.686  -8.459550  -8.459550   4.999997   4.999997   0.718000   0.000707   0.268000  -7.802071    596      0
 3.6541E+00   6.327432   1.236344 -99.000000  -9.857416 -10.423779   0.000000   0.268000   0.006566   0.014000   0.028389      4
 4.3717E+04  -1.923791   2.195837 -99.000000 -99.000000  -7.543208   0.000000   0.002413   0.001460   0.014000  0.000E+00    lgRho_cntr

         54   6.340026   4937.933  -8.308997  -8.308997   4.999996   4.999996   0.718000   0.000707   0.268000  -7.736021    603      0
 3.6308E+00   6.340026   1.225120 -99.000000  -9.706864 -10.461548   0.000000   0.268000   0.006566   0.014000   0.028603      4
 4.7991E+04  -1.876217   2.179115 -99.000000 -99.000000  -7.533548   0.000000   0.002413   0.001460   0.014000  0.000E+00    lgRho_cntr

         55   6.354051   4957.029  -8.143296  -8.143296   4.999996   4.999996   0.718000   0.000707   0.268000  -7.663488    603      0
 3.7051E+00   6.354051   1.213078 -99.000000  -9.541162 -10.493527   0.000000   0.268000   0.006566   0.014000   0.028834      4
 5.3062E+04  -1.823680   2.161736 -99.000000 -99.000000  -7.523612   0.000000   0.002413   0.001460   0.014000  0.000E+00    varcontrol

         56   6.368820   4975.398  -7.970665  -7.970665   4.999996   4.999996   0.718000   0.000707   0.268000  -7.587768    603      0
 3.7572E+00   6.368820   1.200960 -99.000000  -9.368531 -10.527081   0.000000   0.268000   0.006566   0.014000   0.029073      4
 5.8780E+04  -1.768644   2.143924 -99.000000 -99.000000  -7.513636   0.000000   0.002413   0.001460   0.014000  0.000E+00    lgRho_cntr

         57   6.381801   4992.690  -7.819975  -7.819975   4.999996   4.999996   0.718000   0.000707   0.268000  -7.520997    608      0
 3.7284E+00   6.381801   1.190812 -99.000000  -9.217842 -10.561281   0.000000   0.268000   0.006566   0.014000   0.029286      4
 6.4130E+04  -1.720175   2.129656 -99.000000 -99.000000  -7.505796   0.000000   0.002413   0.001460   0.014000  0.000E+00    lgRho_cntr

         58   6.396381   5010.620  -7.652303  -7.652303   4.999996   4.999996   0.718000   0.000707   0.268000  -7.446893    601      0
 3.8053E+00   6.396381   1.180025 -99.000000  -9.050169 -10.589048   0.000000   0.268000   0.006566   0.014000   0.029519      4
 7.0517E+04  -1.666124   2.114310 -99.000000 -99.000000  -7.497552   0.000000   0.002413   0.001460   0.014000  0.000E+00    varcontrol

         59   6.411830   5032.210  -7.476007  -7.476007   4.999996   4.999996   0.718000   0.000707   0.268000  -7.368932    612      0
 3.8577E+00   6.411830   1.169295 -99.000000  -8.873873 -10.618804   0.000000   0.268000   0.006566   0.014000   0.029762      4
 7.7723E+04  -1.609093   2.100319 -99.000000 -99.000000  -7.490375   0.000000   0.002413   0.001460   0.014000  0.000E+00    lgRho_cntr


__________________________________________________________________________________________________________________________________________________

       step    lg_Tmax     Teff     lg_LH      lg_Lnuc_tot     Mass       H_rich     H_cntr     N_cntr     Y_surf   eta_cntr   zones  retry
  lg_dt_yrs    lg_Tcntr    lg_R     lg_L3a     lg_Lneu     lg_Mdot    He_core    He_cntr    O_cntr     Z_surf   gam_cntr   iters  
    age_yrs    lg_Dcntr    lg_L     lg_LZ      lg_Lphoto   lg_Dsurf   CO_core    C_cntr     Ne_cntr    Z_cntr   v_div_cs       dt_limit
__________________________________________________________________________________________________________________________________________________

         60   6.425235   5049.509  -7.323634  -7.323634   4.999995   4.999995   0.718000   0.000707   0.268000  -7.300690    608      0
 3.8219E+00   6.425235   1.160702 -99.000000  -8.721499 -10.646683   0.000000   0.268000   0.006566   0.014000   0.029980      4
 8.4358E+04  -1.559350   2.089094 -23.179310 -99.000000  -7.484824   0.000000   0.002413   0.001460   0.014000  0.000E+00    lgRho_cntr

         61   6.440479   5070.717  -7.151624  -7.151624   4.999995   4.999995   0.718000   0.000707   0.268000  -7.223913    614      0
 3.9010E+00   6.440479   1.151740 -99.000000  -8.549489 -10.669039   0.000000   0.268000   0.006566   0.014000   0.030222      4
 9.2320E+04  -1.503141   2.078452 -99.000000 -99.000000  -7.479992   0.000000   0.002413   0.001460   0.014000  0.000E+00  max increase

         62   6.456781   5092.752  -6.969002  -6.969002   4.999995   4.999995   0.718000   0.000707   0.268000  -7.142307    609      0
 3.9543E+00   6.456781   1.143259 -99.000000  -8.366866 -10.690915   0.000000   0.268000   0.006566   0.014000   0.030478      5
 1.0132E+05  -1.443248   2.069022 -22.878280 -99.000000  -7.476151   0.000000   0.002413   0.001460   0.014000  0.000E+00    lgRho_cntr

         63   6.470760   5112.745  -6.813117  -6.813117   4.999995   4.999995   0.718000   0.000707   0.268000  -7.071856    614      0
 3.9087E+00   6.470760   1.137092 -99.000000  -8.210982 -10.710752   0.000000   0.268000   0.006566   0.014000   0.030704      4
 1.0943E+05  -1.391684   2.063493 -99.000000 -99.000000  -7.474593   0.000000   0.002413   0.001460   0.014000  0.000E+00    lgRho_cntr

         64   6.483873   5132.187  -6.667759  -6.667759   4.999995   4.999995   0.718000   0.000707   0.268000  -7.005955    614      0
 3.8972E+00   6.483873   1.132345 -99.000000  -8.065623 -10.723384   0.000000   0.268000   0.006566   0.014000   0.030916      4
 1.1732E+05  -1.343396   2.060594 -22.577250 -99.000000  -7.474680   0.000000   0.002413   0.001460   0.014000  0.000E+00    lgRho_cntr

         65   6.499117   5155.849  -6.500289  -6.500289   4.999995   4.999995   0.718000   0.000707   0.268000  -6.930694    614      0
 3.9763E+00   6.499117   1.128086 -99.000000  -7.898153 -10.731276   0.000000   0.268000   0.006566   0.014000   0.031150      4
 1.2679E+05  -1.287846   2.060066 -22.276220 -99.000000  -7.476758   0.000000   0.002413   0.001460   0.014000  0.000E+00  max increase

         66   6.516689   5184.200  -6.309066  -6.309066   4.999994   4.999994   0.718000   0.000707   0.268000  -6.845458    616      0
 4.0514E+00   6.516689   1.124975 -99.000000  -7.706930 -10.735559   0.000000   0.268000   0.006566   0.014000   0.031405      4
 1.3804E+05  -1.224472   2.063371 -99.000000 -99.000000  -7.481886   0.000000   0.002413   0.001460   0.014000  0.000E+00    lgRho_cntr

         67   6.531737   5211.524  -6.146202  -6.146202   4.999994   4.999994   0.718000   0.000707   0.268000  -6.772321    619      0
 3.9955E+00   6.531737   1.124233 -99.000000  -7.544065 -10.733704   0.000000   0.268000   0.006566   0.014000   0.031628      4
 1.4794E+05  -1.170139   2.071018 -99.000000 -99.000000  -7.489795   0.000000   0.002413   0.001460   0.014000  0.000E+00    lgRho_cntr

         68   6.545878   5238.388  -5.994266  -5.994266   4.999994   4.999994   0.718000   0.000707   0.268000  -6.704183    621      0
 3.9747E+00   6.545878   1.125165 -99.000000  -7.392128 -10.724002   0.000000   0.268000   0.006566   0.014000   0.031832      4
 1.5737E+05  -1.119339   2.081814 -99.000000 -99.000000  -7.499865   0.000000   0.002413   0.001460   0.014000  0.000E+00    lgRho_cntr

         69   6.559745   5267.216  -5.846507  -5.846507   4.999994   4.999994   0.718000   0.000707   0.268000  -6.638261    622      0
 3.9691E+00   6.559745   1.127312 -99.000000  -7.244369 -10.708646   0.000000   0.268000   0.006566   0.014000   0.032024      4
 1.6669E+05  -1.069910   2.095642 -99.000000 -99.000000  -7.512424   0.000000   0.002413   0.001460   0.014000  0.000E+00    lgRho_cntr


__________________________________________________________________________________________________________________________________________________

       step    lg_Tmax     Teff     lg_LH      lg_Lnuc_tot     Mass       H_rich     H_cntr     N_cntr     Y_surf   eta_cntr   zones  retry
  lg_dt_yrs    lg_Tcntr    lg_R     lg_L3a     lg_Lneu     lg_Mdot    He_core    He_cntr    O_cntr     Z_surf   gam_cntr   iters  
    age_yrs    lg_Dcntr    lg_L     lg_LZ      lg_Lphoto   lg_Dsurf   CO_core    C_cntr     Ne_cntr    Z_cntr   v_div_cs       dt_limit
__________________________________________________________________________________________________________________________________________________

         70   6.576250   5303.655  -5.672775  -5.672775   4.999994   4.999994   0.718000   0.000707   0.268000  -6.561845    621      0
 4.0447E+00   6.576250   1.130268 -99.000000  -7.070636 -10.688179   0.000000   0.268000   0.006566   0.014000   0.032231      5
 1.7777E+05  -1.011967   2.113530 -21.373130 -99.000000  -7.529202   0.000000   0.002413   0.001460   0.014000  0.000E+00    varcontrol

         71   6.594355   5346.924  -5.484603  -5.484603   4.999993   4.999993   0.718000   0.000707   0.268000  -6.479494    620      0
 4.0857E+00   6.594355   1.133126 -99.000000  -6.882462 -10.661553   0.000000   0.268000   0.006566   0.014000   0.032445      5
 1.8995E+05  -0.949047   2.133361 -20.528032 -99.000000  -7.549209   0.000000   0.002413   0.001460   0.014000  0.000E+00    lgRho_cntr

         72   6.610331   5388.233  -5.320154  -5.320154   4.999993   4.999993   0.718000   0.000707   0.268000  -6.406713    619      0
 4.0345E+00   6.610331   1.135184 -99.000000  -6.718013 -10.632386   0.000000   0.268000   0.006566   0.014000   0.032636      5
 2.0078E+05  -0.893476   2.150847 -99.000000 -99.000000  -7.568388   0.000000   0.002413   0.001460   0.014000  0.000E+00    lgRho_cntr

         73   6.625380   5430.002  -5.166864  -5.166864   4.999993   4.999993   0.718000   0.000707   0.268000  -6.338278    623      0
 4.0109E+00   6.625380   1.135944 -99.000000  -6.564722 -10.607056   0.000000   0.268000   0.006566   0.014000   0.032815      5
 2.1103E+05  -0.841184   2.165782 -99.000000 -99.000000  -7.587077   0.000000   0.002413   0.001460   0.014000  0.000E+00    lgRho_cntr

         74   6.639994   5473.438  -5.019567  -5.019567   4.999993   4.999993   0.718000   0.000707   0.268000  -6.271941    621      0
 4.0004E+00   6.639994   1.135562 -99.000000  -6.417424 -10.586256   0.000000   0.268000   0.006566   0.014000   0.032989      5
 2.2104E+05  -0.790455   2.178858 -99.000000 -99.000000  -7.606005   0.000000   0.002413   0.001460   0.014000  0.000E+00    lgRho_cntr

         75   6.654414   5519.909  -4.875768  -4.875768   4.999992   4.999992   0.718000   0.000707   0.268000  -6.206610    625      0
 3.9966E+00   6.654414   1.134316 -99.000000  -6.273623 -10.568924   0.000000   0.268000   0.006566   0.014000   0.033160      5
 2.3096E+05  -0.740454   2.191054 -99.000000 -99.000000  -7.626225   0.000000   0.002413   0.001460   0.014000  0.000E+00    lgRho_cntr

         76   6.668768   5571.055  -4.734139  -4.734139   4.999992   4.999992   0.718000   0.000707   0.268000  -6.141737    632      0
 3.9960E+00   6.668768   1.132345 -99.000000  -6.131993 -10.553504   0.000000   0.268000   0.006566   0.014000   0.033330      5
 2.4087E+05  -0.690752   2.203134 -20.169010 -99.000000  -7.648856   0.000000   0.002413   0.001460   0.014000  0.000E+00    lgRho_cntr

         77   6.684196   5632.403  -4.583747  -4.583747   4.999992   4.999992   0.718000   0.000707   0.268000  -6.072576    634      0
 4.0271E+00   6.684196   1.129434 -99.000000  -5.981600 -10.538848   0.000000   0.268000   0.006566   0.014000   0.033507      5
 2.5152E+05  -0.637577   2.216337 -99.000000 -99.000000  -7.676724   0.000000   0.002413   0.001460   0.014000  0.000E+00    varcontrol

         78   6.700260   5709.937  -4.429077  -4.429077   4.999991   4.999991   0.718000   0.000707   0.268000  -6.001112    642      0
 4.0436E+00   6.700260   1.124889 -99.000000  -5.826928 -10.523463   0.000000   0.268000   0.006566   0.014000   0.033685      6
 2.6257E+05  -0.582448   2.230997 -99.000000 -99.000000  -7.712673   0.000000   0.002413   0.001460   0.014000  0.000E+00    lgRho_cntr

         79   6.715603   5808.255  -4.282998  -4.282998   4.999991   4.999991   0.718000   0.000707   0.268000  -5.933150    650      0
 4.0222E+00   6.715603   1.117713 -99.000000  -5.680847 -10.507481   0.000000   0.268000   0.006566   0.014000   0.033854      6
 2.7310E+05  -0.529922   2.246302 -99.000000 -99.000000  -7.758569   0.000000   0.002413   0.001460   0.014000  0.000E+00    lgRho_cntr


__________________________________________________________________________________________________________________________________________________

       step    lg_Tmax     Teff     lg_LH      lg_Lnuc_tot     Mass       H_rich     H_cntr     N_cntr     Y_surf   eta_cntr   zones  retry
  lg_dt_yrs    lg_Tcntr    lg_R     lg_L3a     lg_Lneu     lg_Mdot    He_core    He_cntr    O_cntr     Z_surf   gam_cntr   iters  
    age_yrs    lg_Dcntr    lg_L     lg_LZ      lg_Lphoto   lg_Dsurf   CO_core    C_cntr     Ne_cntr    Z_cntr   v_div_cs       dt_limit
__________________________________________________________________________________________________________________________________________________

         80   6.730688   5926.290  -4.141042  -4.141042   4.999991   4.999991   0.718000   0.000707   0.268000  -5.866940    668      0
 4.0116E+00   6.730688   1.108328 -99.000000  -5.538889 -10.492832   0.000000   0.268000   0.006566   0.014000   0.034013      7
 2.8337E+05  -0.478544   2.262482 -19.390858 -99.000000  -7.814849   0.000000   0.002413   0.001460   0.014000  0.000E+00    lgRho_cntr

         81   6.745737   6064.763  -4.001097  -4.001097   4.999990   4.999990   0.718000   0.000707   0.268000  -5.801687    686      0
 4.0060E+00   6.745737   1.096894 -99.000000  -5.398942 -10.478854   0.000000   0.268000   0.006566   0.014000   0.034164      8
 2.9351E+05  -0.427637   2.279736 -99.000000 -99.000000  -7.882652   0.000000   0.002413   0.001460   0.014000  0.000E+00    lgRho_cntr

         82   6.760862   6215.927  -3.862087  -3.862087   4.999990   4.999990   0.718000   0.000707   0.268000  -5.737014    689      0
 4.0025E+00   6.760862   1.084706 -99.000000  -5.259929 -10.465142   0.000000   0.268000   0.006566   0.014000   0.034306      6
 3.0357E+05  -0.376869   2.298129 -18.964890 -99.000000  -7.958190   0.000000   0.002413   0.001460   0.014000  0.000E+00    lgRho_cntr

         83   6.775920   6373.310  -3.725264  -3.725264   4.999990   4.999990   0.718000   0.000707   0.268000  -5.673547    684      0
 3.9941E+00   6.775920   1.072637 -99.000000  -5.123104 -10.450526   0.000000   0.268000   0.006566   0.014000   0.034437      9
 3.1343E+05  -0.326724   2.317428 -99.000000 -99.000000  -8.037131   0.000000   0.002413   0.001460   0.014000  0.000E+00        lgTeff

 hydro_solver_step returned ierr          -1
 s% model_number          84
 nz         683
 s% num_retries           0

 retry:  logRho < hydro_mtx_min_allowed_logRho          68      84
         84   6.783170   6453.250  -3.659410  -3.659410   4.999990   4.999990   0.718000   0.000707   0.268000  -5.642151    683      1
 3.6790E+00   6.783170   1.067018 -99.000000  -5.057249 -10.434586   0.000000   0.268000   0.006566   0.014000   0.034510      5
 3.1821E+05  -0.302218   2.327843 -99.000000 -99.000000  -8.077156   0.000000   0.002413   0.001460   0.014000  0.000E+00         retry

         85   6.790499   6534.934  -3.593278  -3.593278   4.999989   4.999989   0.718000   0.000707   0.268000  -5.610817    693      1
 3.6790E+00   6.790499   1.061362 -99.000000  -4.991115 -10.425234   0.000000   0.268000   0.006566   0.014000   0.034579      5
 3.2298E+05  -0.277620   2.338383 -99.000000 -99.000000  -8.117282   0.000000   0.002413   0.001460   0.014000  0.000E+00          hold

         86   6.799433   6635.724  -3.513371  -3.513371   4.999989   4.999989   0.718000   0.000707   0.268000  -5.573438    704      1
 3.7582E+00   6.799433   1.054475 -99.000000  -4.911207 -10.415744   0.000000   0.268000   0.006566   0.014000   0.034654      6
 3.2871E+05  -0.247990   2.351197 -18.788798 -99.000000  -8.165908   0.000000   0.002413   0.001460   0.014000  0.000E+00  max increase

         87   6.810357   6760.776  -3.416682  -3.416682   4.999989   4.999989   0.718000   0.000707   0.268000  -5.528857    703      1
 3.8373E+00   6.810357   1.046080 -99.000000  -4.814515 -10.404218   0.000000   0.268000   0.006566   0.014000   0.034733      6
 3.3559E+05  -0.212249   2.366839 -18.566950 -99.000000  -8.225848   0.000000   0.002413   0.001460   0.014000  0.000E+00  max increase

         88   6.823758   6917.038  -3.299481  -3.299481   4.999989   4.999989   0.718000   0.000707   0.268000  -5.475683    703      1
 3.9165E+00   6.823758   1.035802 -99.000000  -4.697311 -10.390136   0.000000   0.268000   0.006566   0.014000   0.034813      7
 3.4384E+05  -0.169060   2.385978 -99.000000 -99.000000  -8.302317   0.000000   0.002413   0.001460   0.014000  0.000E+00  max increase

         89   6.840267   7113.903  -3.157111  -3.157111   4.999988   4.999988   0.718000   0.000707   0.268000  -5.412248    708      1
 3.9957E+00   6.840267   1.023173 -99.000000  -4.554938 -10.372912   0.000000   0.268000   0.006566   0.014000   0.034887      6
 3.5374E+05  -0.116755   2.409471 -99.000000 -99.000000  -8.405088   0.000000   0.002413   0.001460   0.014000  0.000E+00  max increase


__________________________________________________________________________________________________________________________________________________

       step    lg_Tmax     Teff     lg_LH      lg_Lnuc_tot     Mass       H_rich     H_cntr     N_cntr     Y_surf   eta_cntr   zones  retry
  lg_dt_yrs    lg_Tcntr    lg_R     lg_L3a     lg_Lneu     lg_Mdot    He_core    He_cntr    O_cntr     Z_surf   gam_cntr   iters  
    age_yrs    lg_Dcntr    lg_L     lg_LZ      lg_Lphoto   lg_Dsurf   CO_core    C_cntr     Ne_cntr    Z_cntr   v_div_cs       dt_limit
__________________________________________________________________________________________________________________________________________________

         90   6.857535   7326.669  -3.010055  -3.010055   4.999988   4.999988   0.718000   0.000707   0.268000  -5.347309    710      1
 4.0051E+00   6.857535   1.010105 -99.000000  -4.407878 -10.351778   0.000000   0.268000   0.006566   0.014000   0.034949      5
 3.6386E+05  -0.062659   2.434530 -99.000000 -99.000000  -8.526152   0.000000   0.002413   0.001460   0.014000  0.000E+00        lgTeff

         91   6.873192   7526.906  -2.878048  -2.878048   4.999987   4.999987   0.718000   0.000707   0.268000  -5.289052    704      1
 3.9545E+00   6.873192   0.998426 -99.000000  -4.275869 -10.328899   0.000000   0.268000   0.006566   0.014000   0.034997      5
 3.7286E+05  -0.013882   2.458012 -99.000000 -99.000000  -8.648991   0.000000   0.002413   0.001460   0.014000  0.000E+00        lgTeff

         92   6.888048   7722.819  -2.754037  -2.754037   4.999987   4.999987   0.718000   0.000707   0.268000  -5.234579    702      1
 3.9232E+00   6.888048   0.987421 -99.000000  -4.151856 -10.306986   0.000000   0.268000   0.006566   0.014000   0.035034      5
 3.8124E+05   0.032051   2.480640 -99.000000 -99.000000  -8.774532   0.000000   0.002413   0.001460   0.014000  0.000E+00        lgTeff

         93   6.902474   7918.487  -2.634783  -2.634783   4.999986   4.999986   0.718000   0.000707   0.268000  -5.182527    712      1
 3.9020E+00   6.902474   0.976748 -99.000000  -4.032601 -10.285660   0.000000   0.268000   0.006566   0.014000   0.035059      5
 3.8922E+05   0.076287   2.502758 -18.362830 -99.000000  -8.902876   0.000000   0.002413   0.001460   0.014000  0.000E+00        lgTeff

         94   6.916662   8116.053  -2.518620  -2.518620   4.999986   4.999986   0.718000   0.000707   0.268000  -5.132185    717      1
 3.8864E+00   6.916662   0.966224 -99.000000  -3.916439 -10.264746   0.000000   0.268000   0.006566   0.014000   0.035075      5
 3.9692E+05   0.119423   2.524521 -99.000000 -99.000000  -9.033704   0.000000   0.002413   0.001460   0.014000  0.000E+00        lgTeff

         95   6.930708   8316.751  -2.404678  -2.404678   4.999986   4.999986   0.718000   0.000707   0.268000  -5.083166    721      1
 3.8739E+00   6.930708   0.955740 -99.000000  -3.802500 -10.244184   0.000000   0.268000   0.006566   0.014000   0.035081      4
 4.0440E+05   0.161772   2.545988 -99.000000 -99.000000  -9.164300   0.000000   0.002413   0.001460   0.014000  0.000E+00        lgTeff

         96   6.944665   8521.253  -2.292486  -2.292486   4.999985   4.999985   0.718000   0.000707   0.268000  -5.035257    722      1
 3.8632E+00   6.944665   0.945229 -99.000000  -3.690314 -10.223990   0.000000   0.268000   0.006566   0.014000   0.035077      4
 4.1170E+05   0.203505   2.567165 -99.000000 -99.000000  -9.290507   0.000000   0.002413   0.001460   0.014000  0.000E+00        lgTeff

         97   6.958558   8729.950  -2.181782  -2.181782   4.999985   4.999985   0.718000   0.000707   0.268000  -4.988329    729      1
 3.8536E+00   6.958558   0.934645 -99.000000  -3.579619 -10.204210   0.000000   0.268000   0.006566   0.014000   0.035064      4
 4.1883E+05   0.244716   2.588030 -99.000000 -99.000000  -9.406388   0.000000   0.002413   0.001460   0.014000  0.000E+00        lgTeff

         98   6.972400   8943.071  -2.072398  -2.072398   4.999984   4.999984   0.718000   0.000707   0.268000  -4.942304    729      1
 3.8448E+00   6.972400   0.923956 -99.000000  -3.470248 -10.184910   0.000000   0.268000   0.006566   0.014000   0.035043      5
 4.2583E+05   0.285457   2.608553 -17.459740 -99.000000  -9.505810   0.000000   0.002413   0.001460   0.014000  0.000E+00        lgTeff

         99   6.986199   9160.728  -1.964205  -1.964205   4.999984   4.999984   0.718000   0.000707   0.268000  -4.897136    729      1
 3.8366E+00   6.986199   0.913140 -99.000000  -3.362068 -10.166162   0.000000   0.268000   0.006566   0.014000   0.035014      4
 4.3269E+05   0.325763   2.628695 -99.000000 -99.000000  -9.584815   0.000000   0.002413   0.001460   0.014000  0.000E+00        lgTeff


__________________________________________________________________________________________________________________________________________________

       step    lg_Tmax     Teff     lg_LH      lg_Lnuc_tot     Mass       H_rich     H_cntr     N_cntr     Y_surf   eta_cntr   zones  retry
  lg_dt_yrs    lg_Tcntr    lg_R     lg_L3a     lg_Lneu     lg_Mdot    He_core    He_cntr    O_cntr     Z_surf   gam_cntr   iters  
    age_yrs    lg_Dcntr    lg_L     lg_LZ      lg_Lphoto   lg_Dsurf   CO_core    C_cntr     Ne_cntr    Z_cntr   v_div_cs       dt_limit
__________________________________________________________________________________________________________________________________________________

        100   6.999961   9382.959  -1.857066  -1.857066   4.999983   4.999983   0.718000   0.000707   0.268000  -4.852796    733      1
 3.8289E+00   6.999961   0.902184 -59.127238  -3.254939 -10.148034   0.000000   0.268000   0.006566   0.014000   0.034976      4
 4.3944E+05   0.365653   2.648420 -99.000000 -99.000000  -9.643189   0.000000   0.002413   0.001460   0.014000  0.000E+00        lgTeff

save LOGS/profile3.data for model 100
save photos/x100 for model 100
        101   7.013693   9609.783  -1.750800  -1.750800   4.999983   4.999983   0.718000   0.000707   0.268000  -4.809263    738      1
 3.8218E+00   7.013693   0.891075 -55.952060  -3.148668 -10.130586   0.000000   0.268000   0.006566   0.014000   0.034931      4
 4.4607E+05   0.405149   2.667698 -99.000000 -99.000000  -9.683636   0.000000   0.002413   0.001460   0.014000  0.000E+00        lgTeff

        102   7.027402   9841.243  -1.645149  -1.645149   4.999982   4.999982   0.718000   0.000707   0.268000  -4.766509    738      1
 3.8152E+00   7.027402   0.879804 -55.013388  -3.042978 -10.113871   0.000000   0.268000   0.006566   0.014000   0.034877      3
 4.5261E+05   0.444270   2.686501 -17.158710 -99.000000  -9.708716   0.000000   0.002413   0.001460   0.014000  0.000E+00        lgTeff

        103   7.041090  1.008E+04  -1.539746  -1.539746   4.999982   4.999982   0.718000   0.000707   0.268000  -4.724495    738      1
 3.8093E+00   7.041090   0.868361 -54.159297  -2.937460 -10.097931   0.000000   0.268000   0.006566   0.014000   0.034816      3
 4.5905E+05   0.483040   2.704810 -99.000000 -99.000000  -9.720477   0.000000   0.002413   0.001460   0.014000  0.000E+00        lgTeff

        104   7.054762  1.032E+04  -1.434062  -1.434062   4.999981   4.999981   0.718000   0.000707   0.268000  -4.683177    738      1
 3.8040E+00   7.054762   0.856736 -53.326672  -2.831514 -10.111209   0.000000   0.268000   0.006566   0.014000   0.034747      3
 4.6542E+05   0.521483   2.722606 -99.000000 -99.000000  -9.721257   0.000000   0.002413   0.001460   0.014000  0.000E+00        lgTeff

        105   7.068419  1.056E+04  -1.327336  -1.327336   4.999981   4.999981   0.718000   0.000707   0.268000  -4.642507    738      1
 3.7993E+00   7.068419   0.844925 -52.505403  -2.724263 -10.196578   0.000000   0.268000   0.006566   0.014000   0.034671      3
 4.7172E+05   0.559622   2.739878 -16.857680 -99.000000  -9.713757   0.000000   0.002413   0.001460   0.014000  0.000E+00        lgTeff

        106   7.082064  1.081E+04  -1.218481  -1.218481   4.999981   4.999981   0.718000   0.000707   0.268000  -4.602444    738      1
 3.7953E+00   7.082064   0.832920 -51.693640  -2.614431 -10.309225   0.000000   0.268000   0.006566   0.014000   0.034590      3
 4.7796E+05   0.597478   2.756614 -99.000000 -99.000000  -9.700117   0.000000   0.002413   0.001460   0.014000  0.000E+00        lgTeff

        107   7.095697  1.107E+04  -1.105971  -1.105971   4.999980   4.999980   0.718000   0.000707   0.268000  -4.562950    741      1
 3.7919E+00   7.095697   0.820716 -50.890902  -2.500210 -10.468535   0.000000   0.268000   0.006566   0.014000   0.034502      3
 4.8415E+05   0.635072   2.772807 -16.556650 -99.000000  -9.681769   0.000000   0.002413   0.001460   0.014000  0.000E+00        lgTeff

        108   7.109323  1.133E+04  -0.987751  -0.987751   4.999980   4.999980   0.718000   0.000707   0.268000  -4.523995    741      1
 3.7891E+00   7.109323   0.808310 -50.096930  -2.379161 -10.628593   0.000000   0.268000   0.006566   0.014000   0.034409      3
 4.9031E+05   0.672419   2.788448 -16.012582 -99.000000  -9.659787   0.000000   0.002413   0.001460   0.014000  0.000E+00        lgTeff

        109   7.122942  1.160E+04  -0.861209  -0.861209   4.999980   4.999980   0.718000   0.000707   0.268000  -4.485550    741      1
 3.7870E+00   7.122942   0.795697 -49.311514  -2.248222 -10.583206   0.000000   0.268000   0.006566   0.014000   0.034310      3
 4.9643E+05   0.709535   2.803529 -16.255620 -99.000000  -9.634925   0.000000   0.002413   0.001460   0.014000  0.000E+00        lgTeff


__________________________________________________________________________________________________________________________________________________

       step    lg_Tmax     Teff     lg_LH      lg_Lnuc_tot     Mass       H_rich     H_cntr     N_cntr     Y_surf   eta_cntr   zones  retry
  lg_dt_yrs    lg_Tcntr    lg_R     lg_L3a     lg_Lneu     lg_Mdot    He_core    He_cntr    O_cntr     Z_surf   gam_cntr   iters  
    age_yrs    lg_Dcntr    lg_L     lg_LZ      lg_Lphoto   lg_Dsurf   CO_core    C_cntr     Ne_cntr    Z_cntr   v_div_cs       dt_limit
__________________________________________________________________________________________________________________________________________________

        110   7.136556  1.187E+04  -0.723323  -0.723323   4.999980   4.999980   0.718000   0.000708   0.268000  -4.447588    742      1
 3.7854E+00   7.136556   0.782873 -48.534479  -2.103950 -10.539092   0.000000   0.268000   0.006566   0.014000   0.034206      3
 5.0253E+05   0.746435   2.818045 -99.000000 -99.000000  -9.607654   0.000000   0.002413   0.001460   0.014000  0.000E+00        lgTeff

        111   7.150166  1.215E+04  -0.571052  -0.571052   4.999980   4.999980   0.718000   0.000708   0.268000  -4.410081    743      1
 3.7845E+00   7.150166   0.769836 -47.765678  -1.943105 -10.496269   0.000000   0.268000   0.006566   0.014000   0.034098      3
 5.0862E+05   0.783130   2.831985 -99.000000 -99.000000  -9.578403   0.000000   0.002412   0.001460   0.014000  0.000E+00        lgTeff

        112   7.163773  1.243E+04  -0.401983  -0.401983   4.999979   4.999979   0.718000   0.000708   0.268000  -4.373013    743      1
 3.7843E+00   7.163773   0.756582 -47.004975  -1.763463 -10.454758   0.000000   0.268000   0.006566   0.014000   0.033985      5
 5.1471E+05   0.819630   2.845339 -99.000000 -99.000000  -9.547833   0.000000   0.002412   0.001460   0.014000  0.000E+00        lgTeff

        113   7.179483  1.276E+04  -0.180650  -0.180650   4.999979   4.999979   0.717999   0.000709   0.268000  -4.330029    749      1
 3.8537E+00   7.179483   0.740597 -46.124903  -1.528007 -10.414581   0.000000   0.268000   0.006566   0.014000   0.033857      5
 5.2185E+05   0.861853   2.859698 -99.000000 -99.000000  -9.511090   0.000000   0.002411   0.001460   0.014000  0.000E+00    varcontrol

        114   7.196771  1.313E+04   0.085103   0.085103   4.999979   4.999979   0.717999   0.000712   0.268000  -4.285050    762      1
 3.8899E+00   7.196771   0.722912 -45.180317  -1.246393 -10.370456   0.000000   0.268000   0.006566   0.014000   0.033691      5
 5.2961E+05   0.907310   2.874196 -99.000000 -99.000000  -9.470758   0.000000   0.002409   0.001460   0.014001  0.000E+00        lgTeff

        115   7.212205  1.347E+04   0.339483   0.339483   4.999979   4.999979   0.717998   0.000717   0.268000  -4.245884    770      1
 3.8410E+00   7.212205   0.707105 -44.351731  -0.978520 -10.325076   0.000000   0.268000   0.006566   0.014000   0.033533      5
 5.3654E+05   0.947466   2.886822 -15.051500 -99.000000  -9.434584   0.000000   0.002404   0.001460   0.014001  0.000E+00        lgTeff

        116   7.226818  1.380E+04   0.590554   0.590554   4.999978   4.999978   0.717997   0.000727   0.268000  -4.210078    776      1
 3.8183E+00   7.226818   0.692006 -43.579177  -0.715507 -10.285337   0.000000   0.268000   0.006566   0.014000   0.033369      3
 5.4312E+05   0.984933   2.898049 -14.750470 -99.000000  -9.400379   0.000000   0.002396   0.001460   0.014003  0.000E+00        lgTeff

        117   7.241140  1.412E+04   0.840709   0.840709   4.999978   4.999978   0.717994   0.000745   0.268000  -4.177159    783      1
 3.8092E+00   7.241140   0.677127 -42.835034  -0.454189 -10.249444   0.000000   0.268000   0.006566   0.014000   0.033186      3
 5.4957E+05   1.020715   2.908157 -99.000000 -99.000000  -9.367550   0.000000   0.002380   0.001460   0.014005  0.000E+00        lgTeff

        118   7.257726  1.448E+04   1.126906   1.126906   4.999977   4.999977   0.717989   0.000787   0.268000  -4.144498    790      1
 3.8683E+00   7.257726   0.659872 -41.994945  -0.154983 -10.216441   0.000000   0.268000   0.006566   0.014000   0.032916      5
 5.5695E+05   1.059795   2.917997 -14.750470 -99.000000  -9.331192   0.000000   0.002344   0.001460   0.014011  0.000E+00    varcontrol

        119   7.276175  1.487E+04   1.429613   1.429613   4.999977   4.999977   0.717975   0.000885   0.268000  -4.119102    796      1
 3.9029E+00   7.276175   0.641189 -41.096724   0.162894 -10.182833   0.000000   0.268000   0.006566   0.014000   0.032501      3
 5.6495E+05   1.098546   2.926794 -99.000000 -99.000000  -9.293475   0.000000   0.002260   0.001460   0.014025  0.000E+00        lgTeff


__________________________________________________________________________________________________________________________________________________

       step    lg_Tmax     Teff     lg_LH      lg_Lnuc_tot     Mass       H_rich     H_cntr     N_cntr     Y_surf   eta_cntr   zones  retry
  lg_dt_yrs    lg_Tcntr    lg_R     lg_L3a     lg_Lneu     lg_Mdot    He_core    He_cntr    O_cntr     Z_surf   gam_cntr   iters  
    age_yrs    lg_Dcntr    lg_L     lg_LZ      lg_Lphoto   lg_Dsurf   CO_core    C_cntr     Ne_cntr    Z_cntr   v_div_cs       dt_limit
__________________________________________________________________________________________________________________________________________________

        120   7.294022  1.523E+04   1.696992   1.696992   4.999976   4.999976   0.717950   0.001063   0.268000  -4.109877    807      1
 3.8675E+00   7.294022   0.624256 -40.272484   0.445109 -10.151043   0.000000   0.267999   0.006566   0.014000   0.031942      4
 5.7231E+05   1.129415   2.933445 -13.546350 -99.000000  -9.260351   0.000000   0.002108   0.001460   0.014051  0.000E+00        lgTeff

        121   7.312425  1.555E+04   1.942792   1.942792   4.999976   4.999976   0.717905   0.001381   0.268000  -4.119248    815      1
 3.8593E+00   7.312425   0.607924 -39.456712   0.705437 -10.125505   0.000000   0.267999   0.006566   0.014000   0.031182      4
 5.7955E+05   1.153055   2.937589 -13.546350 -99.000000  -9.229582   0.000000   0.001835   0.001460   0.014096  0.000E+00        lgTeff

        122   7.330913  1.588E+04   2.184459   2.184459   4.999975   4.999975   0.717861   0.001680   0.268000  -4.136637    826      1
 3.9168E+00   7.330913   0.589773 -38.595394   0.961191 -10.106501   0.000000   0.268000   0.006566   0.014000   0.030346      5
 5.8780E+05   1.172944   2.937928 -99.000000 -99.000000  -9.197107   0.000000   0.001579   0.001460   0.014139  0.000E+00    varcontrol

        123   7.348293  1.620E+04   2.405362   2.405362   4.999974   4.999974   0.717847   0.001780   0.268000  -4.161646    831      1
 3.9959E+00   7.348293   0.569234 -37.788997   1.194040 -10.095949   0.000000   0.268000   0.006566   0.014000   0.029484      5
 5.9771E+05   1.187482   2.931220 -99.000000 -99.000000  -9.162801   0.000000   0.001494   0.001460   0.014153  0.000E+00  max increase

        124   7.362273  1.644E+04   2.587668   2.587668   4.999973   4.999973   0.717832   0.001880   0.268000  -4.195278    844      1
 4.0675E+00   7.362273   0.547616 -37.155683   1.385151 -10.101579   0.000000   0.268001   0.006566   0.014000   0.028679      5
 6.0939E+05   1.193290   2.913251 -99.000000 -99.000000  -9.130017   0.000000   0.001408   0.001460   0.014167  0.000E+00    varcontrol

        125   7.371744  1.654E+04   2.698830   2.698830   4.999972   4.999972   0.717809   0.002027   0.268000  -4.231534    848      1
 4.1371E+00   7.371744   0.526455 -36.738814   1.501572 -10.134532   0.000000   0.268002   0.006566   0.014000   0.028024      5
 6.2310E+05   1.191503   2.882219 -99.000000 -99.000000  -9.101745   0.000000   0.001282   0.001460   0.014188  0.000E+00    varcontrol

        126   7.377614  1.653E+04   2.739858   2.739858   4.999971   4.999971   0.717781   0.002210   0.268000  -4.262305    848      1
 4.2162E+00   7.377614   0.507002 -36.486796   1.545843 -10.200093   0.000000   0.268004   0.006566   0.014000   0.027552      4
 6.3956E+05   1.186879   2.841469 -99.000000 -99.000000  -9.079161   0.000000   0.001125   0.001460   0.014215  0.000E+00  max increase

        127   7.382091  1.647E+04   2.723790   2.723790   4.999970   4.999970   0.717742   0.002470   0.268000  -4.277242    854      1
 4.2954E+00   7.382091   0.490537 -36.289896   1.532990 -10.290644   0.000000   0.268007   0.006565   0.014000   0.027276      5
 6.5930E+05   1.187082   2.802351 -99.000000 -99.000000  -9.061330   0.000000   0.000903   0.001460   0.014252  0.000E+00  max increase

        128   7.388458  1.652E+04   2.664460   2.664460   4.999969   4.999969   0.717684   0.002834   0.268000  -4.265877    855      1
 4.3746E+00   7.388458   0.476556 -35.989241   1.478879 -10.378751   0.000000   0.268013   0.006565   0.014000   0.027183      5
 6.8299E+05   1.201520   2.779456 -99.000000 -99.000000  -9.043213   0.000000   0.000591   0.001460   0.014303  0.000E+00  max increase

        129   7.400999  1.684E+04   2.562282   2.562282   4.999968   4.999968   0.717612   0.003234   0.268000  -4.214293    864      1
 4.4538E+00   7.400999   0.461443 -35.378565   1.389072 -10.427993   0.000000   0.268028   0.006563   0.014000   0.027263      5
 7.1142E+05   1.242701   2.783163 -12.944290 -99.000000  -9.015634   0.000000   0.000250   0.001460   0.014360  0.000E+00  max increase


__________________________________________________________________________________________________________________________________________________

       step    lg_Tmax     Teff     lg_LH      lg_Lnuc_tot     Mass       H_rich     H_cntr     N_cntr     Y_surf   eta_cntr   zones  retry
  lg_dt_yrs    lg_Tcntr    lg_R     lg_L3a     lg_Lneu     lg_Mdot    He_core    He_cntr    O_cntr     Z_surf   gam_cntr   iters  
    age_yrs    lg_Dcntr    lg_L     lg_LZ      lg_Lphoto   lg_Dsurf   CO_core    C_cntr     Ne_cntr    Z_cntr   v_div_cs       dt_limit
__________________________________________________________________________________________________________________________________________________

        130   7.420296  1.743E+04   2.497748   2.497748   4.999967   4.999967   0.717532   0.003452   0.268000  -4.132645    870      1
 4.5330E+00   7.420296   0.441391 -34.426267   1.352954 -10.410723   0.000000   0.268078   0.006558   0.014000   0.027402      5
 7.4554E+05   1.307092   2.802670 -99.000000 -99.000000  -8.975591   0.000000   0.000067   0.001460   0.014390  0.000E+00  max increase

        131   7.434723  1.782E+04   2.604569   2.604569   4.999966   4.999966   0.717418   0.003502   0.268000  -4.090957    875      1
 4.5298E+00   7.434723   0.423842 -33.700904   1.471065 -10.351666   0.000000   0.268188   0.006545   0.014000   0.027331      5
 7.7941E+05   1.346885   2.806427 -99.000000 -99.000000  -8.944516   0.000000   0.000033   0.001460   0.014394  0.000E+00        lgTeff

        132   7.441489  1.793E+04   2.711265   2.711265   4.999964   4.999964   0.717297   0.003517   0.268000  -4.088634    878      1
 4.5337E+00   7.441489   0.411541 -33.358611   1.578138 -10.332969   0.000000   0.268311   0.006531   0.014000   0.027143      5
 8.1358E+05   1.358126   2.791699 -99.000000 -99.000000  -8.927150   0.000000   0.000031   0.001460   0.014392  0.000E+00    varcontrol

        133   7.443589  1.787E+04   2.751909   2.751909   4.999962   4.999962   0.717184   0.003527   0.268000  -4.099050    883      1
 4.6129E+00   7.443589   0.403641 -33.257036   1.620006 -10.362876   0.000000   0.268426   0.006517   0.014000   0.026987      5
 8.5460E+05   1.356826   2.770080 -99.000000 -99.000000  -8.918973   0.000000   0.000033   0.001460   0.014391  0.000E+00  max increase

        134   7.443496  1.777E+04   2.756660   2.756660   4.999960   4.999960   0.717045   0.003539   0.268000  -4.108568    887      1
 4.6921E+00   7.443496   0.400094 -33.267138   1.624245 -10.412211   0.000000   0.268566   0.006501   0.014000   0.026907      5
 9.0381E+05   1.352611   2.754092 -12.643260 -99.000000  -8.916858   0.000000   0.000034   0.001460   0.014388  0.000E+00  max increase

        135   7.443174  1.773E+04   2.750492   2.750492   4.999958   4.999958   0.716877   0.003556   0.268000  -4.112695    887      1
 4.7713E+00   7.443174   0.399089 -33.285505   1.618086 -10.449923   0.000000   0.268738   0.006481   0.014000   0.026884      5
 9.6287E+05   1.350385   2.747398 -99.000000 -99.000000  -8.916804   0.000000   0.000035   0.001460   0.014386  0.000E+00  max increase

        136   7.443476  1.773E+04   2.745091   2.745091   4.999956   4.999956   0.716654   0.003581   0.268000  -4.111956    887      1
 4.8505E+00   7.443476   0.398676 -33.268440   1.613292 -10.465971   0.000000   0.268964   0.006455   0.014000   0.026885      5
 1.0337E+06   1.351217   2.746720 -99.000000 -99.000000  -8.916264   0.000000   0.000033   0.001460   0.014383  0.000E+00  max increase

        137   7.443599  1.773E+04   2.746246   2.746246   4.999953   4.999953   0.716383   0.003609   0.268000  -4.112362    887      1
 4.9297E+00   7.443599   0.398570 -33.261088   1.614524 -10.467428   0.000000   0.269238   0.006424   0.014000   0.026883      5
 1.1188E+06   1.351295   2.746440 -99.000000 -99.000000  -8.916152   0.000000   0.000033   0.001460   0.014379  0.000E+00  max increase

        138   7.443574  1.772E+04   2.746799   2.746799   4.999949   4.999949   0.716055   0.003641   0.268000  -4.113317    885      1
 5.0088E+00   7.443574   0.398685 -33.261372   1.615005 -10.468066   0.000000   0.269570   0.006387   0.014000   0.026881      5
 1.2208E+06   1.350929   2.746234 -99.000000 -99.000000  -8.916401   0.000000   0.000033   0.001460   0.014374  0.000E+00  max increase

        139   7.443422  1.772E+04   2.747119   2.747119   4.999945   4.999945   0.715676   0.003678   0.268000  -4.114747    885      1
 5.0880E+00   7.443422   0.399004 -33.268314   1.615285 -10.468638   0.000000   0.269955   0.006345   0.014000   0.026880      5
 1.3433E+06   1.350177   2.746113 -99.000000 -99.000000  -8.916982   0.000000   0.000033   0.001460   0.014369  0.000E+00  max increase


__________________________________________________________________________________________________________________________________________________

       step    lg_Tmax     Teff     lg_LH      lg_Lnuc_tot     Mass       H_rich     H_cntr     N_cntr     Y_surf   eta_cntr   zones  retry
  lg_dt_yrs    lg_Tcntr    lg_R     lg_L3a     lg_Lneu     lg_Mdot    He_core    He_cntr    O_cntr     Z_surf   gam_cntr   iters  
    age_yrs    lg_Dcntr    lg_L     lg_LZ      lg_Lphoto   lg_Dsurf   CO_core    C_cntr     Ne_cntr    Z_cntr   v_div_cs       dt_limit
__________________________________________________________________________________________________________________________________________________

        140   7.443265  1.771E+04   2.747134   2.747134   4.999940   4.999940   0.715221   0.003721   0.268000  -4.116177    885      1
 5.1672E+00   7.443265   0.399414 -33.275089   1.615121 -10.469106   0.000000   0.270417   0.006295   0.014000   0.026881      5
 1.4903E+06   1.349439   2.746228 -12.643260 -99.000000  -8.917658   0.000000   0.000033   0.001460   0.014363  0.000E+00  max increase

        141   7.443082  1.770E+04   2.747322   2.747322   4.999934   4.999934   0.714664   0.003772   0.268000  -4.117804    881      1
 5.2464E+00   7.443082   0.399917 -33.282897   1.614985 -10.469041   0.000000   0.270981   0.006236   0.014000   0.026883      5
 1.6666E+06   1.348600   2.746429 -99.000000 -99.000000  -8.918476   0.000000   0.000033   0.001460   0.014355  0.000E+00  max increase

        142   7.442838  1.769E+04   2.747621   2.747621   4.999927   4.999927   0.713993   0.003833   0.268000  -4.119790    881      1
 5.3256E+00   7.442838   0.400554 -33.293455   1.614901 -10.468812   0.000000   0.271661   0.006166   0.014000   0.026885      5
 1.8782E+06   1.347545   2.746683 -12.944290 -99.000000  -8.919510   0.000000   0.000034   0.001460   0.014346  0.000E+00  max increase

        143   7.442547  1.768E+04   2.747968   2.747968   4.999918   4.999918   0.713187   0.003903   0.268000  -4.122112    880      1
 5.4047E+00   7.442547   0.401329 -33.306024   1.614791 -10.468522   0.000000   0.272476   0.006085   0.014000   0.026889      5
 2.1322E+06   1.346308   2.747036 -12.643260 -99.000000  -8.920758   0.000000   0.000034   0.001460   0.014336  0.000E+00  max increase

        144   7.442214  1.766E+04   2.748405   2.748405   4.999908   4.999908   0.712221   0.003984   0.268000  -4.124798    879      1
 5.4839E+00   7.442214   0.402250 -33.320217   1.614701 -10.468062   0.000000   0.273454   0.005992   0.014000   0.026894      5
 2.4369E+06   1.344890   2.747501 -99.000000 -99.000000  -8.922229   0.000000   0.000035   0.001460   0.014324  0.000E+00  max increase

        145   7.441842  1.765E+04   2.748966   2.748966   4.999896   4.999896   0.711063   0.004077   0.268000  -4.127891    878      1
 5.5631E+00   7.441842   0.403330 -33.335780   1.614661 -10.467399   0.000000   0.274626   0.005885   0.014000   0.026900      5
 2.8026E+06   1.343286   2.748100 -99.000000 -99.000000  -8.923941   0.000000   0.000036   0.001460   0.014311  0.000E+00  max increase

        146   7.441433  1.763E+04   2.749683   2.749683   4.999881   4.999881   0.709674   0.004183   0.268000  -4.131440    878      1
 5.6423E+00   7.441433   0.404589 -33.352424   1.614706 -10.466492   0.000000   0.276031   0.005762   0.014000   0.026907      5
 3.2414E+06   1.341489   2.748859 -99.000000 -99.000000  -8.925922   0.000000   0.000037   0.001460   0.014295  0.000E+00  max increase

        147   7.440991  1.761E+04   2.750592   2.750592   4.999863   4.999863   0.708007   0.004304   0.268000  -4.135500    873      1
 5.7215E+00   7.440991   0.406050 -33.369760   1.614877 -10.465283   0.000000   0.277715   0.005623   0.014000   0.026917      5
 3.7680E+06   1.339493   2.749814 -99.000000 -99.000000  -8.928202   0.000000   0.000038   0.001460   0.014278  0.000E+00  max increase

        148   7.440523  1.759E+04   2.751740   2.751740   4.999841   4.999841   0.706009   0.004440   0.268000  -4.140134    875      1
 5.8006E+00   7.440523   0.407738 -33.387256   1.615224 -10.463697   0.000000   0.279733   0.005466   0.014000   0.026929      5
 4.3999E+06   1.337294   2.751010 -12.944290 -99.000000  -8.930814   0.000000   0.000039   0.001460   0.014258  0.000E+00  max increase

        149   7.440039  1.756E+04   2.753181   2.753181   4.999815   4.999815   0.703611   0.004592   0.268000  -4.145415    871      1
 5.8798E+00   7.440039   0.409684 -33.404206   1.615808 -10.461635   0.000000   0.282153   0.005290   0.014000   0.026943      5
 5.1582E+06   1.334894   2.752500 -12.643260 -99.000000  -8.933795   0.000000   0.000040   0.001460   0.014236  0.000E+00  max increase


__________________________________________________________________________________________________________________________________________________

       step    lg_Tmax     Teff     lg_LH      lg_Lnuc_tot     Mass       H_rich     H_cntr     N_cntr     Y_surf   eta_cntr   zones  retry
  lg_dt_yrs    lg_Tcntr    lg_R     lg_L3a     lg_Lneu     lg_Mdot    He_core    He_cntr    O_cntr     Z_surf   gam_cntr   iters  
    age_yrs    lg_Dcntr    lg_L     lg_LZ      lg_Lphoto   lg_Dsurf   CO_core    C_cntr     Ne_cntr    Z_cntr   v_div_cs       dt_limit
__________________________________________________________________________________________________________________________________________________

        150   7.439552  1.754E+04   2.754983   2.754983   4.999783   4.999783   0.700736   0.004761   0.268000  -4.151425    873      1
 5.9590E+00   7.439552   0.411921 -33.419695   1.616708 -10.458982   0.000000   0.285053   0.005095   0.014000   0.026961      5
 6.0681E+06   1.332296   2.754351 -99.000000 -99.000000  -8.937188   0.000000   0.000042   0.001460   0.014211  0.000E+00  max increase

save LOGS/profile4.data for model 150
save photos/x150 for model 150
        151   7.439079  1.751E+04   2.757238   2.757238   4.999745   4.999745   0.697298   0.004947   0.268000  -4.158233    869      1
 6.0382E+00   7.439079   0.414487 -33.432525   1.618036 -10.455587   0.000000   0.288517   0.004881   0.014000   0.026983      5
 7.1600E+06   1.329522   2.756657 -99.000000 -99.000000  -8.941036   0.000000   0.000043   0.001460   0.014184  0.000E+00  max increase

        152   7.438642  1.748E+04   2.760051   2.760051   4.999698   4.999698   0.693186   0.005149   0.268000  -4.165959    868      1
 6.1174E+00   7.438642   0.417435 -33.441377   1.619893 -10.451245   0.000000   0.292659   0.004648   0.014000   0.027010      5
 8.4703E+06   1.326578   2.759517 -12.467169 -99.000000  -8.945399   0.000000   0.000045   0.001460   0.014155  0.000E+00  max increase

        153   7.438223  1.744E+04   2.763527   2.763527   4.999642   4.999642   0.687974   0.005381   0.268000  -4.175061    862      1
 6.1966E+00   7.438223   0.420956 -33.445681   1.622138 -10.445730   0.000000   0.297905   0.004379   0.014000   0.027046      5
 1.0043E+07   1.323353   2.763011 -99.000000 -99.000000  -8.950591   0.000000   0.000047   0.001460   0.014121  0.000E+00  max increase

        154   7.437899  1.740E+04   2.767816   2.767816   4.999573   4.999573   0.681745   0.005628   0.268000  -4.185422    865      1
 6.2757E+00   7.437899   0.425011 -33.442094   1.625364 -10.438952   0.000000   0.304170   0.004094   0.014000   0.027090      5
 1.1930E+07   1.319995   2.767345 -12.944290 -99.000000  -8.956488   0.000000   0.000049   0.001460   0.014085  0.000E+00  max increase

        155   7.437713  1.736E+04   2.773146   2.773146   4.999489   4.999489   0.674317   0.005887   0.268000  -4.197243    863      1
 6.3549E+00   7.437713   0.429694 -33.428198   1.629658 -10.430375   0.000000   0.311636   0.003796   0.014000   0.027143      5
 1.4194E+07   1.316529   2.772718 -12.467169 -99.000000  -8.963198   0.000000   0.000051   0.001460   0.014047  0.000E+00  max increase

        156   7.437675  1.732E+04   2.779738   2.779738   4.999386   4.999386   0.664934   0.006173   0.268000  -4.211229    866      1
 6.4341E+00   7.437675   0.435329 -33.401215   1.634975 -10.419558   0.000000   0.321060   0.003466   0.014000   0.027214      5
 1.6911E+07   1.312870   2.779328 -99.000000 -99.000000  -8.971233   0.000000   0.000053   0.001460   0.014006  0.000E+00  max increase

        157   7.437882  1.727E+04   2.787983   2.787983   4.999258   4.999258   0.653696   0.006465   0.268000  -4.227307    863      1
 6.5133E+00   7.437882   0.441957 -33.357286   1.642097 -10.406186   0.000000   0.332341   0.003129   0.014000   0.027302      5
 2.0171E+07   1.309177   2.787608 -12.467169 -99.000000  -8.980545   0.000000   0.000056   0.001460   0.013963  0.000E+00  max increase

        158   7.438396  1.721E+04   2.798280   2.798280   4.999098   4.999098   0.639878   0.006767   0.268000  -4.246266    865      1
 6.5925E+00   7.438396   0.449939 -33.291767   1.651159 -10.389203   0.000000   0.346203   0.002780   0.014000   0.027415      5
 2.4084E+07   1.305405   2.797928 -99.000000 -99.000000  -8.991657   0.000000   0.000059   0.001460   0.013919  0.000E+00      XHe_cntr

        159   7.439002  1.716E+04   2.807331   2.807331   4.998955   4.998955   0.627243   0.007008   0.268000  -4.262718    864      1
 6.5241E+00   7.439002   0.457025 -33.226291   1.659042 -10.367888   0.000000   0.358873   0.002501   0.014000   0.027528      5
 2.7427E+07   1.302568   2.806980 -99.000000 -99.000000  -9.001543   0.000000   0.000061   0.001460   0.013884  0.000E+00      XHe_cntr


__________________________________________________________________________________________________________________________________________________

       step    lg_Tmax     Teff     lg_LH      lg_Lnuc_tot     Mass       H_rich     H_cntr     N_cntr     Y_surf   eta_cntr   zones  retry
  lg_dt_yrs    lg_Tcntr    lg_R     lg_L3a     lg_Lneu     lg_Mdot    He_core    He_cntr    O_cntr     Z_surf   gam_cntr   iters  
    age_yrs    lg_Dcntr    lg_L     lg_LZ      lg_Lphoto   lg_Dsurf   CO_core    C_cntr     Ne_cntr    Z_cntr   v_div_cs       dt_limit
__________________________________________________________________________________________________________________________________________________

        160   7.439678  1.712E+04   2.815734   2.815734   4.998820   4.998820   0.615493   0.007205   0.268000  -4.277619    866      1
 6.4801E+00   7.439678   0.463569 -33.160866   1.666522 -10.349236   0.000000   0.370652   0.002273   0.014000   0.027637      5
 3.0447E+07   1.300295   2.815390 -12.643260 -99.000000  -9.010652   0.000000   0.000063   0.001460   0.013855  0.000E+00      XHe_cntr

        161   7.440401  1.707E+04   2.823753   2.823753   4.998689   4.998689   0.604630   0.007367   0.268000  -4.291353    860      1
 6.4476E+00   7.440401   0.469693 -33.096459   1.673834 -10.331883   0.000000   0.381539   0.002086   0.014000   0.027740      5
 3.3250E+07   1.298381   2.823424 -12.643260 -99.000000  -9.019127   0.000000   0.000064   0.001460   0.013831  0.000E+00      XHe_cntr

        162   7.441185  1.703E+04   2.831611   2.831611   4.998559   4.998559   0.593650   0.007514   0.268000  -4.304784    866      1
 6.4287E+00   7.441185   0.475794 -33.029384   1.680871 -10.315242   0.000000   0.392540   0.001916   0.014000   0.027851      5
 3.5934E+07   1.296740   2.831278 -12.342230 -99.000000  -9.027607   0.000000   0.000066   0.001460   0.013810  0.000E+00      XHe_cntr

        163   7.442021  1.699E+04   2.839371   2.839371   4.998429   4.998429   0.582699   0.007646   0.268000  -4.317915    867      1
 6.4139E+00   7.442021   0.481869 -32.960439   1.687880 -10.299033   0.000000   0.403510   0.001764   0.014000   0.027966      5
 3.8528E+07   1.295320   2.839038 -12.944290 -99.000000  -9.036064   0.000000   0.000067   0.001460   0.013791  0.000E+00      XHe_cntr

        164   7.442886  1.695E+04   2.847021   2.847021   4.998299   4.998299   0.572179   0.007760   0.268000  -4.330542    862      1
 6.3972E+00   7.442886   0.487806 -32.891812   1.694927 -10.283043   0.000000   0.414047   0.001632   0.014000   0.028079      5
 4.1023E+07   1.294062   2.846696 -99.000000 -99.000000  -9.044303   0.000000   0.000068   0.001460   0.013774  0.000E+00      XHe_cntr

        165   7.443802  1.690E+04   2.854622   2.854622   4.998168   4.998168   0.561393   0.007866   0.268000  -4.343135    869      1
 6.3856E+00   7.443802   0.493835 -32.820412   1.701805 -10.267229   0.000000   0.424849   0.001509   0.014000   0.028202      5
 4.3453E+07   1.292990   2.854291 -99.000000 -99.000000  -9.052717   0.000000   0.000070   0.001460   0.013758  0.000E+00      XHe_cntr

        166   7.444760  1.686E+04   2.862189   2.862189   4.998035   4.998035   0.550548   0.007963   0.268000  -4.355594    866      1
 6.3745E+00   7.444760   0.499916 -32.747285   1.708699 -10.251624   0.000000   0.435708   0.001397   0.014000   0.028331      5
 4.5822E+07   1.292076   2.861856 -12.467169 -99.000000  -9.061228   0.000000   0.000071   0.001460   0.013744  0.000E+00      XHe_cntr

        167   7.445735  1.682E+04   2.869676   2.869676   4.997902   4.997902   0.540022   0.008048   0.268000  -4.367718    862      1
 6.3599E+00   7.445735   0.505928 -32.674548   1.715623 -10.236120   0.000000   0.446247   0.001298   0.014000   0.028458      5
 4.8112E+07   1.291264   2.869347 -99.000000 -99.000000  -9.069637   0.000000   0.000072   0.001460   0.013732  0.000E+00      XHe_cntr

        168   7.446741  1.677E+04   2.877140   2.877140   4.997768   4.997768   0.529525   0.008126   0.268000  -4.379706    862      1
 6.3489E+00   7.446741   0.511979 -32.600752   1.722507 -10.220761   0.000000   0.456755   0.001208   0.014000   0.028590      5
 5.0345E+07   1.290568   2.876810 -12.944290 -99.000000  -9.078120   0.000000   0.000073   0.001460   0.013720  0.000E+00      XHe_cntr

        169   7.447776  1.672E+04   2.884629   2.884629   4.997631   4.997631   0.519060   0.008197   0.268000  -4.391609    866      1
 6.3406E+00   7.447776   0.518096 -32.525846   1.729443 -10.205494   0.000000   0.467231   0.001126   0.014000   0.028726      5
 5.2536E+07   1.289966   2.884299 -12.245320 -99.000000  -9.086709   0.000000   0.000074   0.001460   0.013710  0.000E+00      XHe_cntr


__________________________________________________________________________________________________________________________________________________

       step    lg_Tmax     Teff     lg_LH      lg_Lnuc_tot     Mass       H_rich     H_cntr     N_cntr     Y_surf   eta_cntr   zones  retry
  lg_dt_yrs    lg_Tcntr    lg_R     lg_L3a     lg_Lneu     lg_Mdot    He_core    He_cntr    O_cntr     Z_surf   gam_cntr   iters  
    age_yrs    lg_Dcntr    lg_L     lg_LZ      lg_Lphoto   lg_Dsurf   CO_core    C_cntr     Ne_cntr    Z_cntr   v_div_cs       dt_limit
__________________________________________________________________________________________________________________________________________________

        170   7.448867  1.667E+04   2.892114   2.892114   4.997493   4.997493   0.508148   0.008264   0.268000  -4.403661    862      1
 6.3322E+00   7.448867   0.524413 -32.447430   1.736272 -10.190196   0.000000   0.478152   0.001048   0.014000   0.028876      5
 5.4685E+07   1.289529   2.891772 -99.000000 -99.000000  -9.095649   0.000000   0.000074   0.001460   0.013700  0.000E+00      XHe_cntr

        171   7.449984  1.662E+04   2.899550   2.899550   4.997353   4.997353   0.497220   0.008325   0.268000  -4.415558    859      1
 6.3197E+00   7.449984   0.530795 -32.367856   1.743118 -10.175045   0.000000   0.489089   0.000977   0.014000   0.029033      5
 5.6773E+07   1.289229   2.899203 -99.000000 -99.000000  -9.104716   0.000000   0.000075   0.001460   0.013691  0.000E+00      XHe_cntr

        172   7.451095  1.657E+04   2.906913   2.906913   4.997214   4.997214   0.486744   0.008379   0.268000  -4.426971    862      1
 6.3036E+00   7.451095   0.537094 -32.289785   1.750007 -10.160032   0.000000   0.499574   0.000914   0.014000   0.029187      5
 5.8785E+07   1.289020   2.906572 -99.000000 -99.000000  -9.113655   0.000000   0.000076   0.001460   0.013683  0.000E+00      XHe_cntr

        173   7.452249  1.652E+04   2.914230   2.914230   4.997073   4.997073   0.475953   0.008430   0.268000  -4.438405    859      1
 6.2927E+00   7.452249   0.543545 -32.208980   1.756749 -10.145131   0.000000   0.510371   0.000855   0.014000   0.029354      5
 6.0747E+07   1.288979   2.913877 -12.643260 -99.000000  -9.122877   0.000000   0.000077   0.001460   0.013675  0.000E+00      XHe_cntr

        174   7.453432  1.647E+04   2.921503   2.921503   4.996932   4.996932   0.465085   0.008477   0.268000  -4.449757    858      1
 6.2820E+00   7.453432   0.550094 -32.126690   1.763488 -10.130467   0.000000   0.521247   0.000800   0.014000   0.029530      5
 6.2661E+07   1.289064   2.921144 -12.166139 -99.000000  -9.132284   0.000000   0.000078   0.001460   0.013668  0.000E+00      XHe_cntr

        175   7.454604  1.641E+04   2.928695   2.928695   4.996790   4.996790   0.454663   0.008518   0.268000  -4.460753    858      1
 6.2672E+00   7.454604   0.556572 -32.046046   1.770254 -10.115950   0.000000   0.531675   0.000753   0.014000   0.029702      5
 6.4511E+07   1.289176   2.928340 -99.000000 -99.000000  -9.141586   0.000000   0.000078   0.001460   0.013662  0.000E+00      XHe_cntr

        176   7.455824  1.635E+04   2.935844   2.935844   4.996647   4.996647   0.443862   0.008557   0.268000  -4.471830    863      1
 6.2572E+00   7.455824   0.563237 -31.962167   1.776876 -10.101572   0.000000   0.542481   0.000707   0.014000   0.029890      5
 6.6319E+07   1.289462   2.935476 -12.944290 -99.000000  -9.151237   0.000000   0.000079   0.001460   0.013657  0.000E+00      XHe_cntr

        177   7.457073  1.629E+04   2.942954   2.942954   4.996503   4.996503   0.432979   0.008593   0.268000  -4.482842    859      1
 6.2468E+00   7.457073   0.570019 -31.876694   1.783501 -10.087442   0.000000   0.553370   0.000665   0.014000   0.030087      5
 6.8084E+07   1.289869   2.942578 -12.342230 -99.000000  -9.161104   0.000000   0.000080   0.001460   0.013651  0.000E+00      XHe_cntr

        178   7.458305  1.623E+04   2.949981   2.949981   4.996359   4.996359   0.422568   0.008625   0.268000  -4.493495    860      1
 6.2317E+00   7.458305   0.576731 -31.793079   1.790145 -10.073458   0.000000   0.563786   0.000628   0.014000   0.030280      5
 6.9789E+07   1.290288   2.949609 -99.000000 -99.000000  -9.170873   0.000000   0.000080   0.001460   0.013646  0.000E+00      XHe_cntr

        179   7.459590  1.617E+04   2.956968   2.956968   4.996213   4.996213   0.411755   0.008655   0.268000  -4.504235    858      1
 6.2218E+00   7.459590   0.583653 -31.705890   1.796656 -10.059612   0.000000   0.574603   0.000592   0.014000   0.030490      5
 7.1456E+07   1.290894   2.956580 -99.000000 -99.000000  -9.181032   0.000000   0.000081   0.001460   0.013642  0.000E+00      XHe_cntr


__________________________________________________________________________________________________________________________________________________

       step    lg_Tmax     Teff     lg_LH      lg_Lnuc_tot     Mass       H_rich     H_cntr     N_cntr     Y_surf   eta_cntr   zones  retry
  lg_dt_yrs    lg_Tcntr    lg_R     lg_L3a     lg_Lneu     lg_Mdot    He_core    He_cntr    O_cntr     Z_surf   gam_cntr   iters  
    age_yrs    lg_Dcntr    lg_L     lg_LZ      lg_Lphoto   lg_Dsurf   CO_core    C_cntr     Ne_cntr    Z_cntr   v_div_cs       dt_limit
__________________________________________________________________________________________________________________________________________________

        180   7.460905  1.610E+04   2.963917   2.963917   4.996067   4.996067   0.400860   0.008683   0.268000  -4.514907    860      1
 6.2113E+00   7.460905   0.590707 -31.616957   1.803170 -10.046027   0.000000   0.585502   0.000559   0.014000   0.030711      5
 7.3082E+07   1.291626   2.963520 -12.643260 -99.000000  -9.191438   0.000000   0.000081   0.001460   0.013638  0.000E+00      XHe_cntr

        181   7.462201  1.604E+04   2.970772   2.970772   4.995921   4.995921   0.390429   0.008708   0.268000  -4.525224    865      1
 6.1961E+00   7.462201   0.597695 -31.529899   1.809679 -10.032591   0.000000   0.595937   0.000530   0.014000   0.030929      5
 7.4653E+07   1.292364   2.970378 -12.944290 -99.000000  -9.201758   0.000000   0.000082   0.001460   0.013634  0.000E+00      XHe_cntr

        182   7.463551  1.597E+04   2.977567   2.977567   4.995775   4.995775   0.379616   0.008731   0.268000  -4.535590    859      1
 6.1859E+00   7.463551   0.604891 -31.439175   1.816051 -10.019322   0.000000   0.606753   0.000503   0.014000   0.031165      5
 7.6187E+07   1.293307   2.977157 -99.000000 -99.000000  -9.212475   0.000000   0.000083   0.001460   0.013630  0.000E+00      XHe_cntr

        183   7.464917  1.589E+04   2.984318   2.984318   4.995627   4.995627   0.368882   0.008753   0.268000  -4.545796    858      1
 6.1753E+00   7.464917   0.612177 -31.347607   1.822442 -10.006360   0.000000   0.617491   0.000478   0.014000   0.031409      5
 7.7685E+07   1.294346   2.983903 -12.245320 -99.000000  -9.223369   0.000000   0.000083   0.001460   0.013627  0.000E+00      XHe_cntr

        184   7.466291  1.582E+04   2.990985   2.990985   4.995480   4.995480   0.358308   0.008772   0.268000  -4.555775    859      1
 6.1617E+00   7.466291   0.619500 -31.255862   1.828770  -9.993527   0.000000   0.628067   0.000455   0.014000   0.031658      5
 7.9136E+07   1.295469   2.990564 -12.944290 -99.000000  -9.234362   0.000000   0.000084   0.001460   0.013624  0.000E+00      XHe_cntr

        185   7.467715  1.574E+04   2.997601   2.997601   4.995332   4.995332   0.347457   0.008790   0.268000  -4.565720    857      1
 6.1513E+00   7.467715   0.627023 -31.160769   1.835019  -9.980924   0.000000   0.638922   0.000433   0.014000   0.031925      5
 8.0553E+07   1.296798   2.997166 -99.000000 -99.000000  -9.245740   0.000000   0.000084   0.001460   0.013621  0.000E+00      XHe_cntr

        186   7.469161  1.566E+04   3.004174   3.004174   4.995184   4.995184   0.336641   0.008807   0.268000  -4.575386    862      1
 6.1389E+00   7.469161   0.634661 -31.064319   1.841262  -9.968578   0.000000   0.649740   0.000413   0.014000   0.032204      5
 8.1930E+07   1.298298   3.003731 -99.000000 -99.000000  -9.257343   0.000000   0.000085   0.001460   0.013619  0.000E+00      XHe_cntr

        187   7.470596  1.559E+04   3.010665   3.010665   4.995036   4.995036   0.326203   0.008822   0.268000  -4.584740    863      1
 6.1246E+00   7.470596   0.642281 -30.969072   1.847477  -9.956381   0.000000   0.660180   0.000396   0.014000   0.032481      5
 8.3262E+07   1.299821   3.010221 -99.000000 -99.000000  -9.268952   0.000000   0.000086   0.001460   0.013617  0.000E+00      XHe_cntr

        188   7.472099  1.550E+04   3.017109   3.017109   4.994888   4.994888   0.315364   0.008836   0.268000  -4.594108    867      1
 6.1149E+00   7.472099   0.650159 -30.869222   1.853595  -9.944361   0.000000   0.671021   0.000379   0.014000   0.032784      5
 8.4565E+07   1.301598   3.016645 -99.000000 -99.000000  -9.281054   0.000000   0.000086   0.001460   0.013614  0.000E+00      XHe_cntr

        189   7.473618  1.542E+04   3.023504   3.023504   4.994740   4.994740   0.304659   0.008849   0.268000  -4.603281    866      1
 6.1039E+00   7.473618   0.658139 -30.768515   1.859716  -9.932643   0.000000   0.681728   0.000363   0.014000   0.033094      5
 8.5835E+07   1.303471   3.023034 -99.000000 -99.000000  -9.293366   0.000000   0.000087   0.001460   0.013612  0.000E+00      XHe_cntr


__________________________________________________________________________________________________________________________________________________

       step    lg_Tmax     Teff     lg_LH      lg_Lnuc_tot     Mass       H_rich     H_cntr     N_cntr     Y_surf   eta_cntr   zones  retry
  lg_dt_yrs    lg_Tcntr    lg_R     lg_L3a     lg_Lneu     lg_Mdot    He_core    He_cntr    O_cntr     Z_surf   gam_cntr   iters  
    age_yrs    lg_Dcntr    lg_L     lg_LZ      lg_Lphoto   lg_Dsurf   CO_core    C_cntr     Ne_cntr    Z_cntr   v_div_cs       dt_limit
__________________________________________________________________________________________________________________________________________________

        190   7.475183  1.533E+04   3.029799   3.029799   4.994592   4.994592   0.293805   0.008861   0.268000  -4.612309    865      1
 6.0905E+00   7.475183   0.666274 -30.664876   1.865724  -9.921066   0.000000   0.692585   0.000349   0.014000   0.033423      5
 8.7067E+07   1.305555   3.029313 -99.000000 -99.000000  -9.306009   0.000000   0.000087   0.001460   0.013610  0.000E+00      XHe_cntr

        191   7.476765  1.524E+04   3.036007   3.036007   4.994445   4.994445   0.283095   0.008872   0.268000  -4.621075    872      1
 6.0775E+00   7.476765   0.674483 -30.560378   1.871682  -9.909845   0.000000   0.703296   0.000336   0.014000   0.033760      5
 8.8262E+07   1.307758   3.035514 -99.000000 -99.000000  -9.318828   0.000000   0.000088   0.001460   0.013609  0.000E+00      XHe_cntr

        192   7.478393  1.515E+04   3.042106   3.042106   4.994299   4.994299   0.272267   0.008882   0.268000  -4.629677    868      1
 6.0644E+00   7.478393   0.682838 -30.452889   1.877525  -9.898856   0.000000   0.714126   0.000323   0.014000   0.034118      5
 8.9422E+07   1.310173   3.041598 -99.000000 -99.000000  -9.331967   0.000000   0.000088   0.001460   0.013607  0.000E+00      XHe_cntr

        193   7.480061  1.505E+04   3.048111   3.048111   4.994153   4.994153   0.261411   0.008891   0.268000  -4.638057    868      1
 6.0515E+00   7.480061   0.691327 -30.342879   1.883291  -9.888237   0.000000   0.724984   0.000312   0.014000   0.034492      5
 9.0548E+07   1.312786   3.047589 -99.000000 -99.000000  -9.345400   0.000000   0.000089   0.001460   0.013606  0.000E+00      XHe_cntr

        194   7.481725  1.496E+04   3.054023   3.054023   4.994009   4.994009   0.250915   0.008899   0.268000  -4.646084    872      1
 6.0371E+00   7.481725   0.699821 -30.233532   1.889003  -9.877918   0.000000   0.735481   0.000302   0.014000   0.034867      5
 9.1637E+07   1.315453   3.053498 -99.000000 -99.000000  -9.358892   0.000000   0.000090   0.001460   0.013604  0.000E+00      XHe_cntr

        195   7.483469  1.486E+04   3.059861   3.059861   4.993865   4.993865   0.240135   0.008907   0.268000  -4.653992    874      1
 6.0265E+00   7.483469   0.708553 -30.119059   1.894622  -9.867806   0.000000   0.746262   0.000292   0.014000   0.035271      5
 9.2700E+07   1.318420   3.059317 -99.000000 -99.000000  -9.372866   0.000000   0.000090   0.001460   0.013603  0.000E+00      XHe_cntr

        196   7.485274  1.475E+04   3.065630   3.065630   4.993721   4.993721   0.229261   0.008914   0.268000  -4.661695    875      1
 6.0158E+00   7.485274   0.717480 -30.000718   1.900188  -9.858045   0.000000   0.757138   0.000283   0.014000   0.035698      5
 9.3737E+07   1.321636   3.065070 -12.166139 -99.000000  -9.387247   0.000000   0.000091   0.001460   0.013602  0.000E+00      XHe_cntr

        197   7.487076  1.465E+04   3.071308   3.071308   4.993579   4.993579   0.218786   0.008920   0.268000  -4.669008    878      1
 6.0012E+00   7.487076   0.726412 -29.883006   1.905698  -9.848550   0.000000   0.767614   0.000275   0.014000   0.036125      5
 9.4740E+07   1.324908   3.070746 -12.643260 -99.000000  -9.401699   0.000000   0.000091   0.001460   0.013601  0.000E+00      XHe_cntr

        198   7.488978  1.454E+04   3.076917   3.076917   4.993437   4.993437   0.208005   0.008926   0.268000  -4.676128    879      1
 5.9907E+00   7.488978   0.735607 -29.758881   1.911124  -9.839251   0.000000   0.778395   0.000267   0.014000   0.036587      5
 9.5719E+07   1.328556   3.076334 -12.643260 -99.000000  -9.416709   0.000000   0.000092   0.001460   0.013599  0.000E+00      XHe_cntr

        199   7.490964  1.443E+04   3.082463   3.082463   4.993296   4.993296   0.197106   0.008932   0.268000  -4.682960    877      1
 5.9801E+00   7.490964   0.745027 -29.629554   1.916500  -9.830310   0.000000   0.789296   0.000260   0.014000   0.037076      5
 9.6674E+07   1.332533   3.081863 -99.000000 -99.000000  -9.432213   0.000000   0.000093   0.001460   0.013598  0.000E+00      XHe_cntr


__________________________________________________________________________________________________________________________________________________

       step    lg_Tmax     Teff     lg_LH      lg_Lnuc_tot     Mass       H_rich     H_cntr     N_cntr     Y_surf   eta_cntr   zones  retry
  lg_dt_yrs    lg_Tcntr    lg_R     lg_L3a     lg_Lneu     lg_Mdot    He_core    He_cntr    O_cntr     Z_surf   gam_cntr   iters  
    age_yrs    lg_Dcntr    lg_L     lg_LZ      lg_Lphoto   lg_Dsurf   CO_core    C_cntr     Ne_cntr    Z_cntr   v_div_cs       dt_limit
__________________________________________________________________________________________________________________________________________________

        200   7.492995  1.432E+04   3.087920   3.087920   4.993157   4.993157   0.186369   0.008937   0.268000  -4.689265    885      1
 5.9652E+00   7.492995   0.754538 -29.497617   1.921806  -9.821634   0.000000   0.800033   0.000254   0.014000   0.037582      5
 9.7597E+07   1.336783   3.087310 -12.041200 -99.000000  -9.447988   0.000000   0.000093   0.001460   0.013597  0.000E+00      XHe_cntr

save LOGS/profile5.data for model 200
save photos/x200 for model 200
        201   7.495082  1.420E+04   3.093286   3.093286   4.993019   4.993019   0.175769   0.008942   0.268000  -4.695140    882      1
 5.9518E+00   7.495082   0.764148 -29.362435   1.927033  -9.813213   0.000000   0.810635   0.000247   0.014000   0.038105      5
 9.8492E+07   1.341289   3.092665 -12.342230 -99.000000  -9.464065   0.000000   0.000094   0.001460   0.013597  0.000E+00      XHe_cntr

        202   7.497300  1.409E+04   3.098570   3.098570   4.992882   4.992882   0.164926   0.008946   0.268000  -4.700686    885      1
 5.9411E+00   7.497300   0.774001 -29.219154   1.932178  -9.805069   0.000000   0.821478   0.000242   0.014000   0.038667      5
 9.9365E+07   1.346259   3.097930 -12.643260 -99.000000  -9.480730   0.000000   0.000095   0.001460   0.013596  0.000E+00      XHe_cntr

        203   7.499596  1.397E+04   3.103777   3.103777   4.992747   4.992747   0.154219   0.008950   0.268000  -4.705747    889      1
 5.9286E+00   7.499596   0.783974 -29.071319   1.937264  -9.797281   0.000000   0.832186   0.000236   0.014000   0.039250      5
 1.0021E+08   1.351545   3.103129 -12.643260 -99.000000  -9.497757   0.000000   0.000096   0.001460   0.013595  0.000E+00      XHe_cntr

        204   7.502054  1.385E+04   3.108887   3.108887   4.992613   4.992613   0.143273   0.008953   0.268000  -4.710297    893      1
 5.9155E+00   7.502054   0.794150 -28.913468   1.942252  -9.789720   0.000000   0.843133   0.000231   0.014000   0.039877      5
 1.0104E+08   1.357426   3.108220 -12.166139 -99.000000  -9.515307   0.000000   0.000096   0.001460   0.013594  0.000E+00      XHe_cntr

        205   7.504593  1.372E+04   3.113917   3.113917   4.992482   4.992482   0.132605   0.008957   0.268000  -4.714252    894      1
 5.9016E+00   7.504593   0.804376 -28.751133   1.947181  -9.782536   0.000000   0.853801   0.000226   0.014000   0.040518      5
 1.0183E+08   1.363619   3.113246 -99.000000 -99.000000  -9.533053   0.000000   0.000097   0.001460   0.013593  0.000E+00      XHe_cntr

        206   7.507321  1.360E+04   3.118862   3.118862   4.992352   4.992352   0.121793   0.008960   0.268000  -4.717588    899      1
 5.8882E+00   7.507321   0.814747 -28.577390   1.952026  -9.775540   0.000000   0.864614   0.000221   0.014000   0.041203      5
 1.0261E+08   1.370459   3.118178 -99.000000 -99.000000  -9.551167   0.000000   0.000098   0.001460   0.013593  0.000E+00      XHe_cntr

        207   7.510218  1.347E+04   3.123762   3.123762   4.992224   4.992224   0.111065   0.008962   0.268000  -4.720171    903      1
 5.8760E+00   7.510218   0.825218 -28.393616   1.956839  -9.768853   0.000000   0.875343   0.000217   0.014000   0.041918      5
 1.0336E+08   1.377890   3.123076 -99.000000 -99.000000  -9.569513   0.000000   0.000099   0.001460   0.013592  0.000E+00      XHe_cntr

        208   7.513290  1.335E+04   3.128626   3.128626   4.992098   4.992098   0.100535   0.008965   0.268000  -4.721914    901      1
 5.8630E+00   7.513290   0.835717 -28.199813   1.961627  -9.762306   0.000000   0.885874   0.000213   0.014000   0.042657      5
 1.0409E+08   1.385911   3.127944 -99.000000 -99.000000  -9.587921   0.000000   0.000100   0.001460   0.013591  0.000E+00      XHe_cntr

        209   7.516739  1.322E+04   3.133520   3.133520   4.991973   4.090311   0.089645   0.008967   0.268000  -4.722368    910      1
 5.8530E+00   7.516739   0.846414 -27.983154   1.966446  -9.755848   0.901662   0.896765   0.000209   0.014000   0.043467      5
 1.0480E+08   1.395242   3.132838 -99.000000 -99.000000  -9.606671   0.000000   0.000101   0.001460   0.013591  0.000E+00      XHe_cntr


__________________________________________________________________________________________________________________________________________________

       step    lg_Tmax     Teff     lg_LH      lg_Lnuc_tot     Mass       H_rich     H_cntr     N_cntr     Y_surf   eta_cntr   zones  retry
  lg_dt_yrs    lg_Tcntr    lg_R     lg_L3a     lg_Lneu     lg_Mdot    He_core    He_cntr    O_cntr     Z_surf   gam_cntr   iters  
    age_yrs    lg_Dcntr    lg_L     lg_LZ      lg_Lphoto   lg_Dsurf   CO_core    C_cntr     Ne_cntr    Z_cntr   v_div_cs       dt_limit
__________________________________________________________________________________________________________________________________________________

        210   7.520480  1.310E+04   3.138440   3.138440   4.991850   4.079913   0.078975   0.008969   0.268000  -4.721532    908      1
 5.8406E+00   7.520480   0.857047 -27.749607   1.971304  -9.749431   0.911937   0.907435   0.000205   0.014000   0.044305      5
 1.0549E+08   1.405528   3.137780 -99.000000 -99.000000  -9.625247   0.000000   0.000102   0.001460   0.013590  0.000E+00      XHe_cntr

        211   7.524736  1.298E+04   3.143373   3.143373   4.991729   4.079793   0.068132   0.008970   0.268000  -4.718939    908      1
 5.8240E+00   7.524736   0.867473 -27.485575   1.976179  -9.742861   0.911937   0.918279   0.000201   0.014000   0.045208      5
 1.0616E+08   1.417466   3.142746 -99.000000 -99.000000  -9.643393   0.000000   0.000104   0.001460   0.013589  0.000E+00    lg_XH_cntr

        212   7.529267  1.287E+04   3.148203   3.148203   4.991616   4.079679   0.058041   0.008972   0.268000  -4.714559    909      1
 5.7907E+00   7.529267   0.877094 -27.206549   1.980965  -9.736122   0.911937   0.928370   0.000198   0.014000   0.046094      5
 1.0678E+08   1.430328   3.147638 -99.000000 -99.000000  -9.660008   0.000000   0.000105   0.001460   0.013589  0.000E+00    lg_XH_cntr

        213   7.534185  1.279E+04   3.152775   3.152775   4.991514   4.079578   0.048585   0.008973   0.268000  -4.708041    911      1
 5.7361E+00   7.534185   0.885323 -26.905943   1.985499  -9.729138   0.911937   0.937827   0.000195   0.014000   0.046971      5
 1.0732E+08   1.444479   3.152309 -12.342230 -99.000000  -9.674028   0.000000   0.000107   0.001460   0.013588  0.000E+00    lg_XH_cntr

        214   7.539186  1.272E+04   3.157029   3.157029   4.991426   4.079490   0.040414   0.008973   0.268000  -4.699820    912      1
 5.6666E+00   7.539186   0.891851 -26.602226   1.989726  -9.721956   0.911937   0.945999   0.000192   0.014000   0.047766      5
 1.0779E+08   1.458990   3.156705 -12.342230 -99.000000  -9.684883   0.000000   0.000109   0.001460   0.013587  0.000E+00    lg_XH_cntr

        215   7.544190  1.268E+04   3.160932   3.160932   4.991352   4.079415   0.033532   0.008973   0.268000  -4.690212    914      1
 5.5859E+00   7.544190   0.896619 -26.301209   1.993610  -9.714547   0.911937   0.952881   0.000189   0.014000   0.048463      5
 1.0817E+08   1.473594   3.160801 -99.000000 -99.000000  -9.692469   0.000000   0.000110   0.001460   0.013587  0.000E+00    lg_XH_cntr

        216   7.549262  1.267E+04   3.164549   3.164549   4.991289   4.079353   0.027685   0.008973   0.268000  -4.679236    920      1
 5.5027E+00   7.549262   0.899719 -25.998518   1.997212  -9.706941   0.911937   0.958729   0.000187   0.014000   0.049077      5
 1.0849E+08   1.488473   3.164686 -12.643260 -99.000000  -9.696928   0.000000   0.000112   0.001460   0.013586  0.000E+00    lg_XH_cntr

        217   7.554406  1.267E+04   3.167913   3.167913   4.991237   4.079301   0.022749   0.008973   0.268000  -4.667001    924      1
 5.4158E+00   7.554406   0.901290 -25.693945   2.000565  -9.698966   0.911937   0.963666   0.000185   0.014000   0.049612      5
 1.0875E+08   1.503634   3.168412 -99.000000 -99.000000  -9.698502   0.000000   0.000114   0.001460   0.013585  0.000E+00    lg_XH_cntr

        218   7.559589  1.269E+04   3.171035   3.171035   4.991194   4.079258   0.018631   0.008972   0.268000  -4.653697    923      1
 5.3243E+00   7.559589   0.901497 -25.389426   2.003678  -9.690569   0.911937   0.967784   0.000184   0.014000   0.050070      5
 1.0896E+08   1.518977   3.172011 -99.000000 -99.000000  -9.697502   0.000000   0.000116   0.001460   0.013585  0.000E+00    lg_XH_cntr

        219   7.564758  1.273E+04   3.173916   3.173916   4.991159   4.079222   0.015246   0.008971   0.268000  -4.639595    931      1
 5.2295E+00   7.564758   0.900544 -25.088030   2.006552  -9.681760   0.911937   0.971169   0.000182   0.014000   0.050456      5
 1.0913E+08   1.534340   3.175506 -12.643260 -99.000000  -9.694310   0.000000   0.000118   0.001460   0.013584  0.000E+00    lg_XH_cntr


__________________________________________________________________________________________________________________________________________________

       step    lg_Tmax     Teff     lg_LH      lg_Lnuc_tot     Mass       H_rich     H_cntr     N_cntr     Y_surf   eta_cntr   zones  retry
  lg_dt_yrs    lg_Tcntr    lg_R     lg_L3a     lg_Lneu     lg_Mdot    He_core    He_cntr    O_cntr     Z_surf   gam_cntr   iters  
    age_yrs    lg_Dcntr    lg_L     lg_LZ      lg_Lphoto   lg_Dsurf   CO_core    C_cntr     Ne_cntr    Z_cntr   v_div_cs       dt_limit
__________________________________________________________________________________________________________________________________________________

        220   7.569678  1.278E+04   3.176561   3.176561   4.991130   4.079193   0.012587   0.008970   0.268000  -4.625545    929      1
 5.1333E+00   7.569678   0.898841 -24.803260   2.009193  -9.672587   0.911937   0.973829   0.000181   0.014000   0.050765      5
 1.0927E+08   1.548999   3.178784 -12.342230 -99.000000  -9.689764   0.000000   0.000119   0.001460   0.013584  0.000E+00    lg_XH_cntr

        221   7.574727  1.284E+04   3.178925   3.178925   4.991106   4.079170   0.010325   0.008969   0.268000  -4.610415    929      1
 5.0419E+00   7.574727   0.896336 -24.513091   2.011550  -9.663550   0.911937   0.976091   0.000180   0.014000   0.051035      5
 1.0938E+08   1.564150   3.182143 -99.000000 -99.000000  -9.683652   0.000000   0.000121   0.001460   0.013584  0.000E+00    lg_XH_cntr

        222   7.579602  1.291E+04   3.181152   3.181152   4.991086   4.079150   0.008525   0.008968   0.268000  -4.595341    932      1
 4.9506E+00   7.579602   0.893356 -24.234899   2.013774  -9.653887   0.911937   0.977892   0.000179   0.014000   0.051255      5
 1.0947E+08   1.578819   3.185357 -99.000000 -99.000000  -9.676686   0.000000   0.000123   0.001460   0.013583  0.000E+00    lg_XH_cntr

        223   7.584569  1.299E+04   3.183016   3.183016   4.991070   4.079133   0.007003   0.008966   0.268000  -4.579329    939      1
 4.8593E+00   7.584569   0.889905 -23.953216   2.015631  -9.644326   0.911937   0.979414   0.000178   0.014000   0.051448      5
 1.0954E+08   1.593914   3.188696 -12.041200 -99.000000  -9.668773   0.000000   0.000125   0.001460   0.013583  0.000E+00    lg_XH_cntr

        224   7.589411  1.307E+04   3.184745   3.184745   4.991056   4.079120   0.005779   0.008965   0.268000  -4.563316    938      1
 4.7687E+00   7.589411   0.886187 -23.680538   2.017356  -9.634205   0.911937   0.980638   0.000177   0.014000   0.051608      5
 1.0960E+08   1.608693   3.191959 -11.865109 -99.000000  -9.660379   0.000000   0.000126   0.001460   0.013582  0.000E+00    lg_XH_cntr

        225   7.593968  1.315E+04   3.186305   3.186305   4.991045   4.079108   0.004823   0.008963   0.268000  -4.547910    947      1
 4.6778E+00   7.593968   0.882446 -23.425555   2.018912  -9.624131   0.911937   0.981595   0.000177   0.014000   0.051739      5
 1.0965E+08   1.622665   3.195030 -12.041200 -99.000000  -9.652014   0.000000   0.000128   0.001460   0.013582  0.000E+00    lg_XH_cntr

        226   7.598687  1.323E+04   3.187185   3.187185   4.991035   4.079099   0.003990   0.008962   0.268000  -4.531234    950      1
 4.5960E+00   7.598687   0.878548 -23.162943   2.019785  -9.614519   0.911937   0.982428   0.000176   0.014000   0.051864      5
 1.0968E+08   1.637377   3.198377 -99.000000 -99.000000  -9.643241   0.000000   0.000130   0.001460   0.013582  0.000E+00    lg_XH_cntr

        227   7.603448  1.332E+04   3.187836   3.187836   4.991027   4.079091   0.003293   0.008960   0.268000  -4.513903    961      1
 4.5133E+00   7.603448   0.874539 -22.899563   2.020430  -9.604142   0.911937   0.983125   0.000176   0.014000   0.051980      5
 1.0972E+08   1.652378   3.201862 -99.000000 -99.000000  -9.634195   0.000000   0.000132   0.001460   0.013581  0.000E+00    lg_XH_cntr

        228   7.608222  1.341E+04   3.187932   3.187932   4.991020   4.079084   0.002712   0.008958   0.268000  -4.495874    962      1
 4.4245E+00   7.608222   0.870549 -22.636922   2.020519  -9.593361   0.911937   0.983707   0.000176   0.014000   0.052091      5
 1.0974E+08   1.667651   3.205475 -99.000000 -99.000000  -9.625128   0.000000   0.000134   0.001460   0.013581  0.000E+00    lg_XH_cntr

        229   7.612815  1.350E+04   3.187911   3.187911   4.991015   4.079078   0.002248   0.008957   0.268000  -4.478104    963      1
 4.3345E+00   7.612815   0.866696 -22.385737   2.020492  -9.582274   0.911937   0.984171   0.000175   0.014000   0.052192      5
 1.0977E+08   1.682487   3.209014 -99.000000 -99.000000  -9.616357   0.000000   0.000135   0.001460   0.013581  0.000E+00    lg_XH_cntr


__________________________________________________________________________________________________________________________________________________

       step    lg_Tmax     Teff     lg_LH      lg_Lnuc_tot     Mass       H_rich     H_cntr     N_cntr     Y_surf   eta_cntr   zones  retry
  lg_dt_yrs    lg_Tcntr    lg_R     lg_L3a     lg_Lneu     lg_Mdot    He_core    He_cntr    O_cntr     Z_surf   gam_cntr   iters  
    age_yrs    lg_Dcntr    lg_L     lg_LZ      lg_Lphoto   lg_Dsurf   CO_core    C_cntr     Ne_cntr    Z_cntr   v_div_cs       dt_limit
__________________________________________________________________________________________________________________________________________________

        230   7.617438  1.358E+04   3.186711   3.186711   4.991010   4.079074   0.001855   0.008955   0.268000  -4.459274    967      1
 4.2473E+00   7.617438   0.863016 -22.134025   2.019283  -9.571445   0.911937   0.984565   0.000175   0.014000   0.052300      5
 1.0978E+08   1.697797   3.212731 -99.000000 -99.000000  -9.607863   0.000000   0.000137   0.001460   0.013580  0.000E+00    lg_XH_cntr

        231   7.621931  1.367E+04   3.185369   3.185369   4.991006   4.079070   0.001537   0.008953   0.268000  -4.440406    970      1
 4.1606E+00   7.621931   0.859548 -21.890624   2.017934  -9.560266   0.911937   0.984883   0.000175   0.014000   0.052405      5
 1.0980E+08   1.712894   3.216455 -12.342230 -99.000000  -9.599795   0.000000   0.000139   0.001460   0.013580  0.000E+00    lg_XH_cntr

        232   7.626235  1.375E+04   3.183569   3.183569   4.991003   4.079066   0.001281   0.008951   0.268000  -4.421721    971      1
 4.0734E+00   7.626235   0.856342 -21.658574   2.016128  -9.549186   0.911937   0.985139   0.000174   0.014000   0.052510      5
 1.0981E+08   1.727599   3.220095 -11.944290 -99.000000  -9.592290   0.000000   0.000140   0.001460   0.013580  0.000E+00    lg_XH_cntr

        233   7.630475  1.382E+04   3.180519   3.180519   4.991000   4.079063   0.001066   0.008950   0.268000  -4.402350    972      1
 3.9921E+00   7.630475   0.853389 -21.430770   2.013071  -9.538451   0.911937   0.985355   0.000174   0.014000   0.052625      5
 1.0982E+08   1.742487   3.223764 -99.000000 -99.000000  -9.585291   0.000000   0.000142   0.001460   0.013579  0.000E+00    lg_XH_cntr

        234   7.634480  1.389E+04   3.177980   3.177980   4.990997   4.079061   0.000895   0.008948   0.268000  -4.383529    983      1
 3.9117E+00   7.634480   0.850699 -21.216528   2.010527  -9.527781   0.911937   0.985525   0.000174   0.014000   0.052738      5
 1.0983E+08   1.756761   3.227283 -99.000000 -99.000000  -9.578885   0.000000   0.000143   0.001460   0.013579  0.000E+00    lg_XH_cntr

        235   7.638416  1.396E+04   3.173483   3.173483   4.990995   4.079059   0.000749   0.008946   0.268000  -4.363971    985      1
 3.8361E+00   7.638416   0.848257 -21.006533   2.006023  -9.517622   0.911937   0.985672   0.000174   0.014000   0.052865      5
 1.0983E+08   1.771238   3.230772 -99.000000 -99.000000  -9.572999   0.000000   0.000145   0.001460   0.013579  0.000E+00    lg_XH_cntr

        236   7.642259  1.402E+04   3.168318   3.168318   4.990994   4.079057   0.000627   0.008945   0.268000  -4.343894    986      1
 3.7628E+00   7.642259   0.846057 -20.801999   2.000852  -9.507672   0.911937   0.985794   0.000174   0.014000   0.053003      5
 1.0984E+08   1.785789   3.234207 -99.000000 -99.000000  -9.567625   0.000000   0.000146   0.001460   0.013579  0.000E+00    lg_XH_cntr

        237   7.646050  1.408E+04   3.160730   3.160730   4.990992   4.079056   0.000521   0.008943   0.268000  -4.322729    992      1
 3.6866E+00   7.646050   0.844113 -20.600519   1.993255  -9.497984   0.911937   0.985900   0.000174   0.014000   0.053162      5
 1.0984E+08   1.800724   3.237606 -99.000000 -99.000000  -9.562784   0.000000   0.000148   0.001460   0.013578  0.000E+00    lg_XH_cntr

        238   7.649650  1.414E+04   3.153502   3.153502   4.990991   4.079054   0.000436   0.008942   0.268000  -4.301632    987      1
 3.6069E+00   7.649650   0.842430 -20.409550   1.986023  -9.488524   0.911937   0.985986   0.000174   0.014000   0.053329      4
 1.0985E+08   1.815332   3.240837 -99.000000 -99.000000  -9.558520   0.000000   0.000149   0.001460   0.013578  0.000E+00    lg_XH_cntr

        239   7.653056  1.418E+04   3.144847   3.144847   4.990990   4.079053   0.000365   0.008940   0.268000  -4.280474    992      1
 3.5274E+00   7.653056   0.840983 -20.229035   1.977363  -9.479619   0.911937   0.986058   0.000174   0.014000   0.053507      3
 1.0985E+08   1.829665   3.243878 -12.342230 -99.000000  -9.554790   0.000000   0.000151   0.001460   0.013578  0.000E+00    lg_XH_cntr


__________________________________________________________________________________________________________________________________________________

       step    lg_Tmax     Teff     lg_LH      lg_Lnuc_tot     Mass       H_rich     H_cntr     N_cntr     Y_surf   eta_cntr   zones  retry
  lg_dt_yrs    lg_Tcntr    lg_R     lg_L3a     lg_Lneu     lg_Mdot    He_core    He_cntr    O_cntr     Z_surf   gam_cntr   iters  
    age_yrs    lg_Dcntr    lg_L     lg_LZ      lg_Lphoto   lg_Dsurf   CO_core    C_cntr     Ne_cntr    Z_cntr   v_div_cs       dt_limit
__________________________________________________________________________________________________________________________________________________

        240   7.656220  1.423E+04   3.137211   3.137211   4.990989   4.079052   0.000308   0.008939   0.268000  -4.259895    993      1
 3.4517E+00   7.656220   0.839738 -20.061542   1.969728  -9.471311   0.911937   0.986114   0.000174   0.014000   0.053687      3
 1.0986E+08   1.843375   3.246679 -99.000000 -99.000000  -9.551539   0.000000   0.000152   0.001460   0.013578  0.000E+00    lg_XH_cntr

        241   7.659210  1.427E+04   3.127373   3.127373   4.990988   4.079051   0.000259   0.008938   0.268000  -4.239184    996      1
 3.3813E+00   7.659210   0.838659 -19.903196   1.959887  -9.463703   0.911937   0.986164   0.000174   0.014000   0.053881      3
 1.0986E+08   1.856873   3.249287 -99.000000 -99.000000  -9.548678   0.000000   0.000153   0.001460   0.013578  0.000E+00    lg_XH_cntr

        242   7.662011  1.430E+04   3.117552   3.117552   4.990987   4.079051   0.000218   0.008936   0.268000  -4.218593    994      1
 3.3130E+00   7.662011   0.837727 -19.754725   1.950065  -9.456667   0.911937   0.986204   0.000173   0.014000   0.054083      3
 1.0986E+08   1.870030   3.251686 -99.000000 -99.000000  -9.546169   0.000000   0.000154   0.001460   0.013577  0.000E+00    lg_XH_cntr

        243   7.664594  1.433E+04   3.107672   3.107672   4.990986   4.079050   0.000185   0.008935   0.268000  -4.198403    998      1
 3.2432E+00   7.664594   0.836926 -19.617589   1.940187  -9.450223   0.911937   0.986238   0.000173   0.014000   0.054291      3
 1.0986E+08   1.882680   3.253856 -99.000000 -99.000000  -9.543988   0.000000   0.000155   0.001460   0.013577  0.000E+00    lg_XH_cntr

        244   7.666967  1.436E+04   3.098410   3.098410   4.990986   4.079049   0.000157   0.008934   0.268000  -4.178717    996      1
 3.1773E+00   7.666967   0.836236 -19.491370   1.930928  -9.444418   0.911937   0.986266   0.000173   0.014000   0.054503      3
 1.0986E+08   1.894790   3.255807 -12.643260 -99.000000  -9.542090   0.000000   0.000156   0.001460   0.013577  0.000E+00    lg_XH_cntr

        245   7.669153  1.438E+04   3.088339   3.088339   4.990985   4.079049   0.000133   0.008933   0.268000  -4.159287    994      1
 3.1152E+00   7.669153   0.835637 -19.374626   1.920859  -9.439215   0.911937   0.986290   0.000173   0.014000   0.054723      3
 1.0986E+08   1.906505   3.257566 -99.000000 -99.000000  -9.540427   0.000000   0.000157   0.001460   0.013577  0.000E+00    lg_XH_cntr

        246   7.671140  1.441E+04   3.079379   3.079379   4.990985   4.079049   0.000113   0.008932   0.268000  -4.140406    994      1
 3.0530E+00   7.671140   0.835119 -19.268148   1.911904  -9.434537   0.911937   0.986310   0.000173   0.014000   0.054945      3
 1.0987E+08   1.917678   3.259130 -99.000000 -99.000000  -9.538979   0.000000   0.000157   0.001460   0.013577  0.000E+00    lg_XH_cntr

        247   7.672924  1.443E+04   3.071712   3.071712   4.990985   4.079048   0.000096   0.008932   0.268000  -4.122252    993      1
 2.9913E+00   7.672924   0.834671 -19.172024   1.904246  -9.430385   0.911937   0.986327   0.000173   0.014000   0.055167      3
 1.0987E+08   1.928228   3.260507 -99.000000 -99.000000  -9.537723   0.000000   0.000158   0.001460   0.013577  0.000E+00    lg_XH_cntr

        248   7.674535  1.444E+04   3.064432   3.064432   4.990984   4.079048   0.000082   0.008931   0.268000  -4.104640    993      1
 2.9354E+00   7.674535   0.834279 -19.084720   1.896972  -9.426734   0.911937   0.986341   0.000173   0.014000   0.055390      3
 1.0987E+08   1.938280   3.261726 -99.000000 -99.000000  -9.536622   0.000000   0.000159   0.001460   0.013577  0.000E+00    lg_XH_cntr

        249   7.675975  1.446E+04   3.059025   3.059025   4.990984   4.079048   0.000071   0.008930   0.268000  -4.087716    989      1
 2.8805E+00   7.675975   0.833935 -19.006143   1.891574  -9.423505   0.911937   0.986353   0.000173   0.014000   0.055612      3
 1.0987E+08   1.947774   3.262795 -12.643260 -99.000000  -9.535659   0.000000   0.000159   0.001460   0.013576  0.000E+00    lg_XH_cntr


__________________________________________________________________________________________________________________________________________________

       step    lg_Tmax     Teff     lg_LH      lg_Lnuc_tot     Mass       H_rich     H_cntr     N_cntr     Y_surf   eta_cntr   zones  retry
  lg_dt_yrs    lg_Tcntr    lg_R     lg_L3a     lg_Lneu     lg_Mdot    He_core    He_cntr    O_cntr     Z_surf   gam_cntr   iters  
    age_yrs    lg_Dcntr    lg_L     lg_LZ      lg_Lphoto   lg_Dsurf   CO_core    C_cntr     Ne_cntr    Z_cntr   v_div_cs       dt_limit
__________________________________________________________________________________________________________________________________________________

        250   7.677257  1.447E+04   3.054194   3.054194   4.990984   4.079047   0.000060   0.008930   0.268000  -4.071418    993      1
 2.8282E+00   7.677257   0.833633 -18.935543   1.886751  -9.420671   0.911937   0.986363   0.000173   0.014000   0.055833      3
 1.0987E+08   1.956757   3.263734 -99.000000 -99.000000  -9.534813   0.000000   0.000160   0.001460   0.013576  0.000E+00    lg_XH_cntr

save LOGS/profile6.data for model 250
save photos/x250 for model 250
        251   7.678391  1.448E+04   3.051164   3.051164   4.990984   4.079047   0.000052   0.008929   0.268000  -4.055777    991      1
 2.7777E+00   7.678391   0.833365 -18.872496   1.883731  -9.418184   0.911937   0.986372   0.000173   0.014000   0.056052      3
 1.0987E+08   1.965231   3.264553 -99.000000 -99.000000  -9.534070   0.000000   0.000160   0.001460   0.013576  0.000E+00    lg_XH_cntr

        252   7.679381  1.449E+04   3.048885   3.048885   4.990983   4.079047   0.000045   0.008929   0.268000  -4.040797    989      1
 2.7287E+00   7.679381   0.833128 -18.816191   1.881461  -9.416011   0.911937   0.986379   0.000173   0.014000   0.056268      3
 1.0987E+08   1.973201   3.265266 -99.000000 -99.000000  -9.533416   0.000000   0.000161   0.001460   0.013576  0.000E+00    lg_XH_cntr

        253   7.680252  1.450E+04   3.047765   3.047765   4.990983   4.079047   0.000038   0.008928   0.268000  -4.026459    987      1
 2.6811E+00   7.680252   0.832917 -18.766530   1.880350  -9.414118   0.911937   0.986386   0.000173   0.014000   0.056481      3
 1.0987E+08   1.980711   3.265885 -99.000000 -99.000000  -9.532839   0.000000   0.000161   0.001460   0.013576  0.000E+00    lg_XH_cntr

        254   7.681001  1.451E+04   3.047971   3.047971   4.990983   4.079047   0.000033   0.008928   0.268000  -4.012882    983      1
 2.6318E+00   7.681001   0.832730 -18.723094   1.880565  -9.412472   0.911937   0.986391   0.000173   0.014000   0.056688      3
 1.0987E+08   1.987709   3.266416 -99.000000 -99.000000  -9.532334   0.000000   0.000162   0.001460   0.013576  0.000E+00    lg_XH_cntr

        255   7.681641  1.451E+04   3.048997   3.048997   4.990983   4.079046   0.000028   0.008927   0.268000  -3.999979    984      1
 2.5859E+00   7.681641   0.832562 -18.685248   1.881600  -9.411056   0.911937   0.986396   0.000173   0.014000   0.056890      3
 1.0987E+08   1.994249   3.266873 -99.000000 -99.000000  -9.531888   0.000000   0.000162   0.001460   0.013576  0.000E+00    lg_XH_cntr

        256   7.682189  1.452E+04   3.051155   3.051155   4.990983   4.079046   0.000025   0.008927   0.268000  -3.987756    981      1
 2.5412E+00   7.682189   0.832412 -18.652212   1.883766  -9.409834   0.911937   0.986399   0.000173   0.014000   0.057086      3
 1.0987E+08   2.000354   3.267265 -99.000000 -99.000000  -9.531494   0.000000   0.000162   0.001460   0.013576  0.000E+00    lg_XH_cntr

        257   7.682648  1.452E+04   3.053988   3.053988   4.990983   4.079046   0.000021   0.008927   0.268000  -3.976157    982      1
 2.4988E+00   7.682648   0.832277 -18.623670   1.886608  -9.408783   0.911937   0.986403   0.000173   0.014000   0.057276      3
 1.0987E+08   2.006057   3.267601 -11.865109 -99.000000  -9.531145   0.000000   0.000163   0.001460   0.013576  0.000E+00    lg_XH_cntr

        258   7.683032  1.453E+04   3.057386   3.057386   4.990983   4.079046   0.000018   0.008926   0.268000  -3.965111    981      1
 2.4592E+00   7.683032   0.832155 -18.599041   1.890014  -9.407879   0.911937   0.986406   0.000173   0.014000   0.057461      3
 1.0987E+08   2.011406   3.267889 -99.000000 -99.000000  -9.530834   0.000000   0.000163   0.001460   0.013576  0.000E+00    lg_XH_cntr

        259   7.683347  1.453E+04   3.061110   3.061110   4.990982   4.079046   0.000016   0.008926   0.268000  -3.954635    982      1
 2.4188E+00   7.683347   0.832043 -18.577990   1.893746  -9.407099   0.911937   0.986408   0.000173   0.014000   0.057641      3
 1.0987E+08   2.016404   3.268134 -12.041200 -99.000000  -9.530556   0.000000   0.000163   0.001460   0.013576  0.000E+00    lg_XH_cntr


__________________________________________________________________________________________________________________________________________________

       step    lg_Tmax     Teff     lg_LH      lg_Lnuc_tot     Mass       H_rich     H_cntr     N_cntr     Y_surf   eta_cntr   zones  retry
  lg_dt_yrs    lg_Tcntr    lg_R     lg_L3a     lg_Lneu     lg_Mdot    He_core    He_cntr    O_cntr     Z_surf   gam_cntr   iters  
    age_yrs    lg_Dcntr    lg_L     lg_LZ      lg_Lphoto   lg_Dsurf   CO_core    C_cntr     Ne_cntr    Z_cntr   v_div_cs       dt_limit
__________________________________________________________________________________________________________________________________________________

        260   7.683596  1.454E+04   3.065317   3.065317   4.990982   4.079046   0.000014   0.008926   0.268000  -3.944805    983      1
 2.3756E+00   7.683596   0.831943 -18.560413   1.897960  -9.406431   0.911937   0.986410   0.000173   0.014000   0.057813      3
 1.0987E+08   2.021023   3.268342 -99.000000 -99.000000  -9.530311   0.000000   0.000163   0.001460   0.013576  0.000E+00    lg_XH_cntr

        261   7.683765  1.454E+04   3.069629   3.069629   4.990982   4.079046   0.000012   0.008925   0.268000  -3.935383    981      1
 2.3349E+00   7.683765   0.831853 -18.546406   1.902278  -9.405864   0.911937   0.986412   0.000173   0.014000   0.057982      3
 1.0987E+08   2.025343   3.268516 -99.000000 -99.000000  -9.530093   0.000000   0.000164   0.001460   0.013576  0.000E+00    lg_XH_cntr

        262   7.683932  1.454E+04   3.074151   3.074151   4.990982   4.079046   0.000010   0.008925   0.268000  -3.926820    981      1
 2.2950E+00   7.683932   0.831770 -18.533601   1.906807  -9.405383   0.911937   0.986414   0.000173   0.014000   0.058136      3
 1.0987E+08   2.029291   3.268663 -99.000000 -99.000000  -9.529899   0.000000   0.000164   0.001460   0.013576  0.000E+00    lg_XH_cntr

        263   7.684036  1.454E+04   3.078634   3.078634   4.990982   4.079046   0.000009   0.008925   0.268000  -3.918648    982      1
 2.2545E+00   7.684036   0.831696 -18.523709   1.911296  -9.404976   0.911937   0.986415   0.000173   0.014000   0.058287      3
 1.0987E+08   2.032974   3.268785 -12.041200 -99.000000  -9.529726   0.000000   0.000164   0.001460   0.013576  0.000E+00    lg_XH_cntr

        264   7.684107  1.455E+04   3.083133   3.083133   4.990982   4.079046   0.000008   0.008925   0.268000  -3.911013    980      1
 2.2131E+00   7.684107   0.831628 -18.515636   1.915801  -9.404633   0.911937   0.986417   0.000173   0.014000   0.058430      3
 1.0987E+08   2.036376   3.268887 -12.643260 -99.000000  -9.529572   0.000000   0.000164   0.001460   0.013576  0.000E+00    lg_XH_cntr

        265   7.684142  1.455E+04   3.087479   3.087479   4.990982   4.079045   0.000007   0.008924   0.268000  -3.903893    987      1
 2.1720E+00   7.684142   0.831567 -18.509461   1.920152  -9.404345   0.911937   0.986418   0.000173   0.014000   0.058566      3
 1.0987E+08   2.039500   3.268972 -12.166139 -99.000000  -9.529435   0.000000   0.000164   0.001460   0.013576  0.000E+00    lg_XH_cntr

        266   7.684155  1.455E+04   3.091790   3.091790   4.990982   4.079045   0.000006   0.008924   0.268000  -3.897208    983      1
 2.1346E+00   7.684155   0.831511 -18.504504   1.924468  -9.404102   0.911937   0.986419   0.000173   0.014000   0.058695      3
 1.0987E+08   2.042403   3.269041 -99.000000 -99.000000  -9.529313   0.000000   0.000165   0.001460   0.013576  0.000E+00    lg_XH_cntr

        267   7.684144  1.455E+04   3.095879   3.095879   4.990982   4.079045   0.000005   0.008924   0.268000  -3.890951    985      1
 2.0965E+00   7.684144   0.831460 -18.500780   1.928562  -9.403900   0.911937   0.986419   0.000173   0.014000   0.058817      3
 1.0987E+08   2.045085   3.269099 -12.643260 -99.000000  -9.529202   0.000000   0.000165   0.001460   0.013576  0.000E+00    lg_XH_cntr

        268   7.684126  1.455E+04   3.099869   3.099869   4.990982   4.079045   0.000004   0.008924   0.268000  -3.885087    980      1
 2.0595E+00   7.684126   0.831413 -18.497634   1.932556  -9.403729   0.911937   0.986420   0.000173   0.014000   0.058933      3
 1.0987E+08   2.047586   3.269146 -11.865109 -99.000000  -9.529103   0.000000   0.000165   0.001460   0.013576  0.000E+00    lg_XH_cntr

        269   7.684087  1.455E+04   3.103645   3.103645   4.990982   4.079045   0.000004   0.008924   0.268000  -3.879588    979      1
 2.0240E+00   7.684087   0.831370 -18.495496   1.936336  -9.403587   0.911937   0.986421   0.000173   0.014000   0.059043      3
 1.0987E+08   2.049898   3.269185 -99.000000 -99.000000  -9.529013   0.000000   0.000165   0.001460   0.013576  0.000E+00    lg_XH_cntr


__________________________________________________________________________________________________________________________________________________

       step    lg_Tmax     Teff     lg_LH      lg_Lnuc_tot     Mass       H_rich     H_cntr     N_cntr     Y_surf   eta_cntr   zones  retry
  lg_dt_yrs    lg_Tcntr    lg_R     lg_L3a     lg_Lneu     lg_Mdot    He_core    He_cntr    O_cntr     Z_surf   gam_cntr   iters  
    age_yrs    lg_Dcntr    lg_L     lg_LZ      lg_Lphoto   lg_Dsurf   CO_core    C_cntr     Ne_cntr    Z_cntr   v_div_cs       dt_limit
__________________________________________________________________________________________________________________________________________________

        270   7.684045  1.455E+04   3.107245   3.107245   4.990982   4.079045   0.000003   0.008924   0.268000  -3.874408    977      1
 1.9902E+00   7.684045   0.831330 -18.493851   1.939940  -9.403468   0.911937   0.986421   0.000173   0.014000   0.059147      2
 1.0987E+08   2.052069   3.269216 -11.944290 -99.000000  -9.528932   0.000000   0.000165   0.001460   0.013575  0.000E+00    lg_XH_cntr

        271   7.683982  1.455E+04   3.110652   3.110652   4.990982   4.079045   0.000003   0.008924   0.268000  -3.869543    977      1
 1.9568E+00   7.683982   0.831294 -18.492773   1.943351  -9.403369   0.911937   0.986422   0.000173   0.014000   0.059247      2
 1.0987E+08   2.054071   3.269242 -99.000000 -99.000000  -9.528858   0.000000   0.000165   0.001460   0.013575  0.000E+00    lg_XH_cntr

        272   7.683915  1.455E+04   3.113860   3.113860   4.990982   4.079045   0.000002   0.008923   0.268000  -3.864985    975      1
 1.9220E+00   7.683915   0.831260 -18.492050   1.946563  -9.403287   0.911937   0.986422   0.000173   0.014000   0.059341      2
 1.0987E+08   2.055935   3.269262 -99.000000 -99.000000  -9.528790   0.000000   0.000165   0.001460   0.013575  0.000E+00    lg_XH_cntr

        273   7.683937  1.456E+04   3.116953   3.116953   4.990982   4.079045   0.000002   0.008923   0.268000  -3.860635    970      1
 1.8915E+00   7.683937   0.831228 -18.490301   1.949659  -9.403219   0.911937   0.986422   0.000173   0.014000   0.059425      3
 1.0987E+08   2.057844   3.269278 -12.166139 -99.000000  -9.528728   0.000000   0.000165   0.001460   0.013575  0.000E+00    lg_XH_cntr

        274   7.683867  1.456E+04   3.119824   3.119824   4.990982   4.079045   0.000002   0.008923   0.268000  -3.856566    969      1
 1.8613E+00   7.683867   0.831199 -18.490234   1.952532  -9.403161   0.911937   0.986423   0.000173   0.014000   0.059509      2
 1.0987E+08   2.059492   3.269291 -12.643260 -99.000000  -9.528671   0.000000   0.000165   0.001460   0.013575  0.000E+00    lg_XH_cntr

        275   7.683786  1.456E+04   3.122508   3.122508   4.990982   4.079045   0.000002   0.008923   0.268000  -3.852767    969      1
 1.8282E+00   7.683786   0.831172 -18.490091   1.955220  -9.403115   0.911937   0.986423   0.000173   0.014000   0.059590      2
 1.0987E+08   2.061007   3.269300 -99.000000 -99.000000  -9.528619   0.000000   0.000165   0.001460   0.013575  0.000E+00    lg_XH_cntr

        276   7.683704  1.456E+04   3.125058   3.125058   4.990982   4.079045   0.000001   0.008923   0.268000  -3.849164    969      1
 1.8024E+00   7.683704   0.831146 -18.490043   1.957772  -9.403078   0.911937   0.986423   0.000173   0.014000   0.059667      2
 1.0987E+08   2.062436   3.269306 -12.643260 -99.000000  -9.528571   0.000000   0.000166   0.001460   0.013575  0.000E+00    lg_XH_cntr

        277   7.683621  1.456E+04   3.127532   3.127532   4.990982   4.079045   0.000001   0.008923   0.268000  -3.845675    969      1
 1.7866E+00   7.683621   0.831122 -18.490069   1.960249  -9.403048   0.911937   0.986423   0.000173   0.014000   0.059741      2
 1.0987E+08   2.063815   3.269311 -99.000000 -99.000000  -9.528526   0.000000   0.000166   0.001460   0.013575  0.000E+00    lg_XH_cntr

        278   7.683536  1.456E+04   3.129971   3.129971   4.990982   4.079045   0.000001   0.008923   0.268000  -3.842245    970      1
 1.7778E+00   7.683536   0.831098 -18.490156   1.962690  -9.403024   0.911937   0.986423   0.000173   0.014000   0.059815      2
 1.0987E+08   2.065165   3.269313 -99.000000 -99.000000  -9.528482   0.000000   0.000166   0.001460   0.013575  0.000E+00    lg_XH_cntr

        279   7.683462  1.456E+04   3.132393   3.132393   4.990982   4.079045   0.000001   0.008923   0.268000  -3.838841    969      1
 1.7729E+00   7.683462   0.831074 -18.490536   1.965114  -9.403005   0.911937   0.986424   0.000173   0.014000   0.059887      2
 1.0987E+08   2.066520   3.269314 -12.643260 -99.000000  -9.528438   0.000000   0.000166   0.001460   0.013575  0.000E+00    lg_XH_cntr


stop because have dropped below central lower limit for h1
    0.9129493017E-06    0.1000000000E-05


__________________________________________________________________________________________________________________________________________________

       step    lg_Tmax     Teff     lg_LH      lg_Lnuc_tot     Mass       H_rich     H_cntr     N_cntr     Y_surf   eta_cntr   zones  retry
  lg_dt_yrs    lg_Tcntr    lg_R     lg_L3a     lg_Lneu     lg_Mdot    He_core    He_cntr    O_cntr     Z_surf   gam_cntr   iters  
    age_yrs    lg_Dcntr    lg_L     lg_LZ      lg_Lphoto   lg_Dsurf   CO_core    C_cntr     Ne_cntr    Z_cntr   v_div_cs       dt_limit
__________________________________________________________________________________________________________________________________________________

        280   7.683519  1.456E+04   3.134834   3.134834   4.990981   4.079045   0.000001   0.008923   0.268000  -3.835394    967      1
 1.7700E+00   7.683519   0.831050 -18.493251   1.967558  -9.402991   0.911937   0.986424   0.000173   0.014000   0.059952      2
 1.0987E+08   2.068092   3.269313 -99.000000 -99.000000  -9.528396   0.000000   0.000166   0.001460   0.013575  0.000E+00    lg_XH_cntr

save LOGS/profile7.data for model 280
                                         solver retries           1

                                    varcontrol dt limit          43
                                  max increase dt limit         201
                                        lgTeff dt limit          33
                                    lgRho_cntr dt limit          30
                                    lg_XH_cntr dt limit          70
                                      XHe_cntr dt limit          53

 model saved to M5_Z0.0140_exponential_fov0.03_f00.001.mod
save photos/x280 for model 280
termination code: xa_central_lower_limit
finished custom colors
__________________________________________________________________________________________________________________________________________________

       step    lg_Tmax     Teff     lg_LH      lg_Lnuc_tot     Mass       H_rich     H_cntr     N_cntr     Y_surf   eta_cntr   zones  retry
  lg_dt_yrs    lg_Tcntr    lg_R     lg_L3a     lg_Lneu     lg_Mdot    He_core    He_cntr    O_cntr     Z_surf   gam_cntr   iters  
    age_yrs    lg_Dcntr    lg_L     lg_LZ      lg_Lphoto   lg_Dsurf   CO_core    C_cntr     Ne_cntr    Z_cntr   v_div_cs       dt_limit
__________________________________________________________________________________________________________________________________________________

        280   7.683519  1.456E+04   3.134834   3.134834   4.990981   4.079045   0.000001   0.008923   0.268000  -3.835394    967      1
 1.7700E+00   7.683519   0.831050 -18.493251   1.967558  -9.402991   0.911937   0.986424   0.000173   0.014000   0.059952      2
 1.0987E+08   2.068092   3.269313 -99.000000 -99.000000  -9.528396   0.000000   0.000166   0.001460   0.013575  0.000E+00  max increase

