                                       1                                        2                                        3                                        4                                        5                                        6                                        7                                        8                                        9                                       10                                       11                                       12                                       13                                       14                                       15                                       16                                       17                                       18                                       19                                       20                                       21                                       22                                       23                                       24                                       25                                       26                                       27                                       28                                       29                                       30                                       31                                       32                                       33                                       34                                       35                                       36                                       37                                       38                                       39                                       40                                       41                                       42                                       43                                       44                                       45                                       46                                       47                                       48                                       49 
                            model_number                                num_zones                             initial_mass                                initial_z                                 star_age                                time_step                                     Teff                            photosphere_L                            photosphere_r                               center_eta                                center_h1                               center_he3                               center_he4                               center_c12                               center_n14                               center_o16                              center_ne20                                star_mass                                star_mdot                             star_mass_h1                            star_mass_he3                            star_mass_he4                            star_mass_c12                            star_mass_n14                            star_mass_o16                           star_mass_ne20                             he_core_mass                             co_core_mass                             fe_core_mass                   neutron_rich_core_mass                             dynamic_time                             kh_timescale                            nuc_timescale                           power_nuc_burn                             power_h_burn                            power_he_burn                                power_neu                                burn_min1                                burn_min2                             time_seconds                           version_number                                 compiler                                    build                         MESA_SDK_version                             math_backend                                     date                                     msun                                     rsun                                     lsun 
                                     200                                      943                  2.0000000000000000E+000                  1.4000000000000000E-003                  7.8802824521494818E+008                  5.2484010252317972E+006                  9.9650706084956801E+003                  6.5411711215542752E+001                  2.7134395802821532E+000                 -2.9963269534596280E+000                  1.0538712806937452E-001                  3.5290393743275698E-009                  8.9325371669479847E-001                  8.9260893384148607E-006                  8.9882753263032856E-004                  2.0040847099580820E-005                  1.4595170967123791E-004                  1.9998865654592093E+000                 -2.0902367657342139E-012                  1.1917938391849854E+000                  4.6353226576675610E-004                  8.0483165330689432E-001                  2.2495362665325317E-004                  7.5856963144217118E-004                  9.5135189884183247E-004                  2.9188686337732725E-004                  0.0000000000000000E+000                  0.0000000000000000E+000                  0.0000000000000000E+000                  0.0000000000000000E+000                  3.1632579514093068E+004                  5.3065952968165779E+005                  3.0573830408888739E+008                  6.5514547173487131E+001                  6.5514547173487117E+001                  4.9388387579752849E-030                  4.5034778538827851E+000                  5.0000000000000000E+001                  1.0000000000000000E+003                  2.4868280151195248E+016                               "5d9f195f"                               "gfortran"                                 "13.3.0"                    "x86_64-linux-24.7.1"                                 "CRMATH"                               "20250718"                  1.9884098706980504E+033                  6.9570000000000000E+010                  3.8280000000000003E+033 

                                       1                                        2                                        3                                        4                                        5                                        6                                        7                                        8                                        9                                       10                                       11                                       12                                       13                                       14                                       15                                       16 
                                    zone                                     mass                                     logR                                     logT                                   logRho                                     logP                        x_mass_fraction_H                       y_mass_fraction_He                   z_mass_fraction_metals                                       pp                                      cno                                tri_alpha                              mixing_type                                log_D_mix                               log_D_conv                                log_D_ovr 
                                       1                  1.9998865654592093E+000                  4.3352015565855845E-001                  3.9997324209581393E+000                 -9.4061608602863185E+000                  2.6687022782643095E+000                  7.5579999999986525E-001                  2.4280000000013480E-001                  1.3999999999999568E-003                  6.7096719102514985E-029                  0.0000000000000000E+000                  0.0000000000000000E+000                                        1                  9.9263916505650638E+000                  9.8777622509661782E+000                 -9.9000000000000000E+001 
                                       2                  1.9998865654585842E+000                  4.3350388914329363E-001                  4.0027519714998165E+000                 -9.3890765440850874E+000                  2.6912097038592160E+000                  7.5579999999986525E-001                  2.4280000000013480E-001                  1.3999999999999568E-003                  6.9788833089726105E-029                  0.0000000000000000E+000                  0.0000000000000000E+000                                        1                  9.9263916505650638E+000                  9.9263916505650638E+000                 -9.9000000000000000E+001 
                                       3                  1.9998865654577094E+000                  4.3348199159511980E-001                  4.0055690021496542E+000                 -9.3745844263543159E+000                  2.7108683382877934E+000                  7.5579999999986525E-001                  2.4280000000013480E-001                  1.3999999999999568E-003                  7.2156979398925021E-029                  0.0000000000000000E+000                  0.0000000000000000E+000                                        1                  1.0043780316710714E+001                  1.0043780316710714E+001                 -9.9000000000000000E+001 
                                       4                  1.9998865654572093E+000                  4.3346988794597302E-001                  4.0071640607550121E+000                 -9.3668522051215479E+000                  2.7215485776076793E+000                  7.5579999999986525E-001                  2.4280000000013480E-001                  1.3999999999999568E-003                  7.3453200357645546E-029                  0.0000000000000000E+000                  0.0000000000000000E+000                                        1                  1.0099032608217327E+001                  1.0099032608217327E+001                 -9.9000000000000000E+001 
                                       5                  1.9998865654569358E+000                  4.3346338515064420E-001                  4.0088588632464530E+000                 -9.3589432087171804E+000                  2.7325968927977509E+000                  7.5579999999986525E-001                  2.4280000000013480E-001                  1.3999999999999568E-003                  7.4803149039063133E-029                  0.0000000000000000E+000                  0.0000000000000000E+000                                        1                  1.0125714002066495E+001                  1.0125714002066495E+001                 -9.9000000000000000E+001 
                                       6                  1.9998865654563891E+000                  4.3345061341278701E-001                  4.0122610282793261E+000                 -9.3439627426157781E+000                  2.7538869188357848E+000                  7.5579999999986525E-001                  2.4280000000013480E-001                  1.3999999999999568E-003                  7.7428466470523857E-029                  0.0000000000000000E+000                  0.0000000000000000E+000                                        1                  1.0172373531113852E+001                  1.0172373531113852E+001                 -9.9000000000000000E+001 
                                       7                  1.9998865654552953E+000                  4.3342593281334613E-001                  4.0162522269038119E+000                 -9.3277502459477990E+000                  2.7774792371430443E+000                  7.5579999999986525E-001                  2.4280000000013480E-001                  1.3999999999999568E-003                  8.0373613996100818E-029                  0.0000000000000000E+000                  0.0000000000000000E+000                                        1                  1.0245573579743013E+001                  1.0245573579743013E+001                 -9.9000000000000000E+001 
                                       8                  1.9998865654544751E+000                  4.3340809801333613E-001                  4.0190991871411788E+000                 -9.3168601262356798E+000                  2.7935818000590515E+000                  7.5579999999986525E-001                  2.4280000000013480E-001                  1.3999999999999568E-003                  8.2414542110227129E-029                  0.0000000000000000E+000                  0.0000000000000000E+000                                        1                  1.0285947040997517E+001                  1.0285947040997517E+001                 -9.9000000000000000E+001 
                                       9                  1.9998865654539284E+000                  4.3339650140439434E-001                  4.0224986344684881E+000                 -9.3044315918676777E+000                  2.8121503871717253E+000                  7.5579999999986525E-001                  2.4280000000013480E-001                  1.3999999999999568E-003                  8.4807186294467156E-029                  0.0000000000000000E+000                  0.0000000000000000E+000                                        1                  1.0306142750259372E+001                  1.0306142750259372E+001                 -9.9000000000000000E+001 
                                      10                  1.9998865654528344E+000                  4.3337395985933724E-001                  4.0269917131499007E+000                 -9.2887945327308135E+000                  2.8357393413532597E+000                  7.5579999999986525E-001                  2.4280000000013480E-001                  1.3999999999999568E-003                  8.7916432960382031E-029                  0.0000000000000000E+000                  0.0000000000000000E+000                                        1                  1.0333472025868714E+001                  1.0333472025868714E+001                 -9.9000000000000000E+001 
                                      11                  1.9998865654517410E+000                  4.3335221217327258E-001                  4.0303184423244609E+000                 -9.2776576026629076E+000                  2.8526298688696961E+000                  7.5579999999986525E-001                  2.4280000000013480E-001                  1.3999999999999568E-003                  9.0200145688526824E-029                  0.0000000000000000E+000                  0.0000000000000000E+000                                        1                  1.0346715997665823E+001                  1.0346715997665823E+001                 -9.9000000000000000E+001 
                                      12                  1.9998865654511939E+000                  4.3334161244698188E-001                  4.0325144266083592E+000                 -9.2704837084990928E+000                  2.8635370234770190E+000                  7.5579999999986525E-001                  2.4280000000013480E-001                  1.3999999999999568E-003                  9.1702525379278977E-029                  0.0000000000000000E+000                  0.0000000000000000E+000                                        1                  1.0348450266003733E+001                  1.0348450266003733E+001                 -9.9000000000000000E+001 
                                      13                  1.9998865654506470E+000                  4.3333118561689299E-001                  4.0357721893599514E+000                 -9.2600589195693530E+000                  2.8794022224786509E+000                  7.5579999999986525E-001                  2.4280000000013480E-001                  1.3999999999999568E-003                  9.3930432805054064E-029                  0.0000000000000000E+000                  0.0000000000000000E+000                                        1                  1.0347097753692049E+001                  1.0347097753692049E+001                 -9.9000000000000000E+001 
                                      14                  1.9998865654495532E+000                  4.3331082440211222E-001                  4.0389673733481972E+000                 -9.2499620248829402E+000                  2.8947110392453133E+000                  7.5579999999986525E-001                  2.4280000000013480E-001                  1.3999999999999568E-003                  9.6139852634802319E-029                  0.0000000000000000E+000                  0.0000000000000000E+000                                        1                  1.0337319938618494E+001                  1.0337319938618494E+001                 -9.9000000000000000E+001 
                                      15                  1.9998865654490066E+000                  4.3330087671175976E-001                  4.0424151142655047E+000                 -9.2392871897243403E+000                  2.9108824254993313E+000                  7.5579999999986525E-001                  2.4280000000013480E-001                  1.3999999999999568E-003                  9.8532281194769079E-029                  0.0000000000000000E+000                  0.0000000000000000E+000                                        1                  1.0329278521534045E+001                  1.0329278521534045E+001                 -9.9000000000000000E+001 
                                      16                  1.9998865654477567E+000                  4.3327868874181041E-001                  4.0473649438649995E+000                 -9.2240733236659498E+000                  2.9337408933286890E+000                  7.5579999999986525E-001                  2.4280000000013480E-001                  1.3999999999999568E-003                  1.0204524336734864E-028                  0.0000000000000000E+000                  0.0000000000000000E+000                                        1                  1.0303493177469106E+001                  1.0303493177469106E+001                 -9.9000000000000000E+001 
                                      17                  1.9998865654463507E+000                  4.3325458271327599E-001                  4.0511600037336155E+000                 -9.2124058732802574E+000                  2.9510770323009248E+000                  7.5579999999986525E-001                  2.4280000000013480E-001                  1.3999999999999568E-003                  1.0482394452768919E-028                  0.0000000000000000E+000                  0.0000000000000000E+000                                        1                  1.0263374866674734E+001                  1.0263374866674734E+001                 -9.9000000000000000E+001 
                                      18                  1.9998865654456472E+000                  4.3324284774331739E-001                  4.0536374549619403E+000                 -9.2048405434252611E+000                  2.9622627527332082E+000                  7.5579999999986525E-001                  2.4280000000013480E-001                  1.3999999999999568E-003                  1.0666600090854321E-028                  0.0000000000000000E+000                  0.0000000000000000E+000                                        1                  1.0239566963615616E+001                  1.0239566963615616E+001                 -9.9000000000000000E+001 
                                      19                  1.9998865654449443E+000                  4.3323131449734015E-001                  4.0560651174718920E+000                 -9.1974200848522845E+000                  2.9731687361912922E+000                  7.5579999999986525E-001                  2.4280000000013480E-001                  1.3999999999999568E-003                  1.0850422628390176E-028                  0.0000000000000000E+000                  0.0000000000000000E+000                                        1                  1.0213843112801472E+001                  1.0213843112801472E+001                 -9.9000000000000000E+001 
                                      20                  1.9998865654442410E+000                  4.3321997574148879E-001                  4.0596264170876317E+000                 -9.1865676863796644E+000                  2.9890324141657048E+000                  7.5579999999986525E-001                  2.4280000000013480E-001                  1.3999999999999568E-003                  1.1124982162247957E-028                  0.0000000000000000E+000                  0.0000000000000000E+000                                        1                  1.0185949902798313E+001                  1.0185949902798313E+001                 -9.9000000000000000E+001 
                                      21                  1.9998865654428348E+000                  4.3319785533060445E-001                  4.0630486874811309E+000                 -9.1759514570816769E+000                  3.0043400586935083E+000                  7.5579999999986525E-001                  2.4280000000013480E-001                  1.3999999999999568E-003                  1.1400287935238553E-028                  0.0000000000000000E+000                  0.0000000000000000E+000                                        1                  1.0124637805470794E+001                  1.0124637805470794E+001                 -9.9000000000000000E+001 
                                      22                  1.9998865654421318E+000                  4.3318706098454529E-001                  4.0663892309136020E+000                 -9.1656507058804433E+000                  3.0191279174914714E+000                  7.5579999999986525E-001                  2.4280000000013480E-001                  1.3999999999999568E-003                  1.1673923272098293E-028                  0.0000000000000000E+000                  0.0000000000000000E+000                                        1                  1.0091090297990045E+001                  1.0091090297990045E+001                 -9.9000000000000000E+001 
                                      23                  1.9998865654407254E+000                  4.3316597599449735E-001                  4.0695957295611143E+000                 -9.1555549894481025E+000                  3.0334315142712520E+000                  7.5579999999986525E-001                  2.4280000000013480E-001                  1.3999999999999568E-003                  1.1948484148298297E-028                  0.0000000000000000E+000                  0.0000000000000000E+000                                        1                  1.0017733956252474E+001                  1.0017733956252474E+001                 -9.9000000000000000E+001 
                                      24                  1.9998865654400224E+000                  4.3315567462967136E-001                  4.0727255908831825E+000                 -9.1457426642419932E+000                  3.0472802938986572E+000                  7.5579999999986525E-001                  2.4280000000013480E-001                  1.3999999999999568E-003                  1.2221524798304537E-028                  0.0000000000000000E+000                  0.0000000000000000E+000                                        1                  9.9776279538768833E+000                  9.9776279538768833E+000                 -9.9000000000000000E+001 
                                      25                  1.9998865654386164E+000                  4.3313553005477151E-001                  4.0767258549831409E+000                 -9.1329818499945805E+000                  3.0650872999119883E+000                  7.5579999999986525E-001                  2.4280000000013480E-001                  1.3999999999999568E-003                  1.2585965742821230E-028                  0.0000000000000000E+000                  0.0000000000000000E+000                                        1                  9.8887123256607108E+000                  9.8887123256607108E+000                 -9.9000000000000000E+001 
                                      26                  1.9998865654372100E+000                  4.3311596609073433E-001                  4.0797099633364731E+000                 -9.1233062814850125E+000                  3.0784517850337432E+000                  7.5579999999986525E-001                  2.4280000000013480E-001                  1.3999999999999568E-003                  1.2869520714740729E-028                  0.0000000000000000E+000                  0.0000000000000000E+000                                        1                  9.7857952308477554E+000                  9.7857952308477554E+000                 -9.9000000000000000E+001 
                                      27                  1.9998865654364291E+000                  4.3310533558137820E-001                  4.0817900220123784E+000                 -9.1165451502435886E+000                  3.0877530640376478E+000                  7.5579999999986525E-001                  2.4280000000013480E-001                  1.3999999999999568E-003                  1.3071447637059437E-028                  0.0000000000000000E+000                  0.0000000000000000E+000                                        1                  9.7201179102528830E+000                  9.7201179102528830E+000                 -9.9000000000000000E+001 
                                      28                  1.9998865654356479E+000                  4.3309486852437817E-001                  4.0848346029570193E+000                 -9.1066300299253875E+000                  3.1013431035950099E+000                  7.5579999999986525E-001                  2.4280000000013480E-001                  1.3999999999999568E-003                  1.3373315139100679E-028                  0.0000000000000000E+000                  0.0000000000000000E+000                                        1                  9.6458885554683995E+000                  9.6458885554683995E+000                 -9.9000000000000000E+001 
                                      29                  1.9998865654340854E+000                  4.3307440474426512E-001                  4.0887170382269620E+000                 -9.0937479878815228E+000                  3.1188291510823740E+000                  7.5579999999986525E-001                  2.4280000000013480E-001                  1.3999999999999568E-003                  1.3775947451859105E-028                  0.0000000000000000E+000                  0.0000000000000000E+000                                        1                  9.4590301279007178E+000                  9.4590301279007178E+000                 -9.9000000000000000E+001 
                                      30                  1.9998865654325231E+000                  4.3305453627920965E-001                  4.0924312090295718E+000                 -9.0812661600764812E+000                  3.1356413386702644E+000                  7.5579999999986525E-001                  2.4280000000013480E-001                  1.3999999999999568E-003                  1.4177630581144274E-028                  0.0000000000000000E+000                  0.0000000000000000E+000                                        1                  9.1641340605736765E+000                  9.1641340605736765E+000                 -9.9000000000000000E+001 
                                      31                  1.9998865654309608E+000                  4.3303522810297906E-001                  4.0959893549228816E+000                 -9.0691643990373070E+000                  3.1518297099164965E+000                  7.5579999999986525E-001                  2.4280000000013480E-001                  1.3999999999999568E-003                  1.4578262361854162E-028                  0.0000000000000000E+000                  0.0000000000000000E+000                                        1                  8.1833920295539286E+000                  8.1833920295539286E+000                 -9.9000000000000000E+001 
                                      32                  1.9998865654293980E+000                  4.3301644805811740E-001                  4.0994029429984122E+000                 -9.0574244511472255E+000                  3.1674389315082068E+000                  7.5579999999986525E-001                  2.4280000000013480E-001                  1.3999999999999568E-003                  1.4977731776438826E-028                  0.0000000000000000E+000                  0.0000000000000000E+000                                        0                 -9.8999999999999986E+001                 -9.9000000000000000E+001                 -9.9000000000000000E+001 
                                      33                  1.9998865654278357E+000                  4.3299816653946760E-001                  4.1026825999739289E+000                 -9.0460293719916294E+000                  3.1825090370993654E+000                  7.5579999999986525E-001                  2.4280000000013480E-001                  1.3999999999999568E-003                  1.5375932424648856E-028                  0.0000000000000000E+000                  0.0000000000000000E+000                                        0                 -9.8999999999999986E+001                 -9.9000000000000000E+001                 -9.9000000000000000E+001 
                                      34                  1.9998865654262732E+000                  4.3298035623562792E-001                  4.1058380193020341E+000                 -9.0349622489477888E+000                  3.1970760467965733E+000                  7.5579999999986525E-001                  2.4280000000013480E-001                  1.3999999999999568E-003                  1.5772804228617685E-028                  0.0000000000000000E+000                  0.0000000000000000E+000                                        0                 -9.8999999999999986E+001                 -9.9000000000000000E+001                 -9.9000000000000000E+001 
                                      35                  1.9998865654247109E+000                  4.3296299194814930E-001                  4.1088779211863287E+000                 -9.0242068056588582E+000                  3.2111724864300903E+000                  7.5579999999986525E-001                  2.4280000000013480E-001                  1.3999999999999568E-003                  1.6168311926116603E-028                  0.0000000000000000E+000                  0.0000000000000000E+000                                        0                 -9.8999999999999986E+001                 -9.9000000000000000E+001                 -9.9000000000000000E+001 
                                      36                  1.9998865654231486E+000                  4.3294605040435680E-001                  4.1118101419636739E+000                 -9.0137478158367728E+000                  3.2248278254604195E+000                  7.5579999999986525E-001                  2.4280000000013480E-001                  1.3999999999999568E-003                  1.6562427375564160E-028                  0.0000000000000000E+000                  0.0000000000000000E+000                                        0                 -9.8999999999999986E+001                 -9.9000000000000000E+001                 -9.9000000000000000E+001 
                                      37                  1.9998865654215858E+000                  4.3292951007261421E-001                  4.1146417499349344E+000                 -9.0035710401442000E+000                  3.2380688483586155E+000                  7.5579999999986525E-001                  2.4280000000013480E-001                  1.3999999999999568E-003                  1.6955128114685122E-028                  0.0000000000000000E+000                  0.0000000000000000E+000                                        0                 -9.8999999999999986E+001                 -9.9000000000000000E+001                 -9.9000000000000000E+001 
                                      38                  1.9998865654200235E+000                  4.3291335099789252E-001                  4.1173791430323403E+000                 -8.9936631608102378E+000                  3.2509199712325056E+000                  7.5579999999986525E-001                  2.4280000000013480E-001                  1.3999999999999568E-003                  1.7346396267794524E-028                  0.0000000000000000E+000                  0.0000000000000000E+000                                        0                 -9.8999999999999986E+001                 -9.9000000000000000E+001                 -9.9000000000000000E+001 
                                      39                  1.9998865654184612E+000                  4.3289755465534241E-001                  4.1200281314731173E+000                 -8.9840117175328960E+000                  3.2634035131095573E+000                  7.5579999999986525E-001                  2.4280000000013480E-001                  1.3999999999999568E-003                  1.7736217682429663E-028                  0.0000000000000000E+000                  0.0000000000000000E+000                                        0                 -9.8999999999999986E+001                 -9.9000000000000000E+001                 -9.9000000000000000E+001 
                                      40                  1.9998865654168987E+000                  4.3288210381978093E-001                  4.1238709646756400E+000                 -8.9700214183377867E+000                  3.2814832797766647E+000                  7.5579999999986525E-001                  2.4280000000013480E-001                  1.3999999999999568E-003                  1.8316890783402510E-028                  0.0000000000000000E+000                  0.0000000000000000E+000                                        0                 -9.8999999999999986E+001                 -9.9000000000000000E+001                 -9.9000000000000000E+001 
                                      41                  1.9998865654137736E+000                  4.3285217705757550E-001                  4.1286973593528247E+000                 -8.9521145456631679E+000                  3.3044814308840773E+000                  7.5579999999986525E-001                  2.4280000000013480E-001                  1.3999999999999568E-003                  1.9087946558488796E-028                  0.0000000000000000E+000                  0.0000000000000000E+000                                        0                 -9.8999999999999986E+001                 -9.9000000000000000E+001                 -9.9000000000000000E+001 
                                      42                  1.9998865654106490E+000                  4.3282345332756372E-001                  4.1321188784894929E+000                 -8.9392106901628878E+000                  3.3209687860008255E+000                  7.5579999999986525E-001                  2.4280000000013480E-001                  1.3999999999999568E-003                  1.9663620897109973E-028                  0.0000000000000000E+000                  0.0000000000000000E+000                                        0                 -9.8999999999999986E+001                 -9.9000000000000000E+001                 -9.9000000000000000E+001 
                                      43                  1.9998865654090865E+000                  4.3280950985372718E-001                  4.1354384383672551E+000                 -8.9267963969083866E+000                  3.3368550517254301E+000                  7.5579999999986525E-001                  2.4280000000013480E-001                  1.3999999999999568E-003                  2.0233834925047609E-028                  0.0000000000000000E+000                  0.0000000000000000E+000                                        0                 -9.8999999999999986E+001                 -9.9000000000000000E+001                 -9.9000000000000000E+001 
                                      44                  1.9998865654059614E+000                  4.3278240492556186E-001                  4.1385943951399700E+000                 -8.9147491335720765E+000                  3.3521844142845914E+000                  7.5579999999986525E-001                  2.4280000000013480E-001                  1.3999999999999568E-003                  2.0802995536384813E-028                  0.0000000000000000E+000                  0.0000000000000000E+000                                        0                 -9.8999999999999986E+001                 -9.9000000000000000E+001                 -9.9000000000000000E+001 
                                      45                  1.9998865654043991E+000                  4.3276922140396734E-001                  4.1406432810643068E+000                 -8.9069500380724289E+000                  3.3621125998318941E+000                  7.5579999999986525E-001                  2.4280000000013480E-001                  1.3999999999999568E-003                  2.1179965086115385E-028                  0.0000000000000000E+000                  0.0000000000000000E+000                                        0                 -9.8999999999999986E+001                 -9.9000000000000000E+001                 -9.9000000000000000E+001 
                                      46                  1.9998865654028368E+000                  4.3275627135115191E-001                  4.1431406106714066E+000                 -8.8974421460178288E+000                  3.3742133594585733E+000                  7.5579999999986525E-001                  2.4280000000013480E-001                  1.3999999999999568E-003                  2.1648781766496566E-028                  0.0000000000000000E+000                  0.0000000000000000E+000                                        0                 -9.8999999999999986E+001                 -9.9000000000000000E+001                 -9.9000000000000000E+001 
                                      47                  1.9998865654004931E+000                  4.3273726482089303E-001                  4.1460341661283602E+000                 -8.8863489744264808E+000                  3.3883052281767503E+000                  7.5579999999986525E-001                  2.4280000000013480E-001                  1.3999999999999568E-003                  2.2208898760506951E-028                  0.0000000000000000E+000                  0.0000000000000000E+000                                        0                 -9.8999999999999986E+001                 -9.9000000000000000E+001                 -9.9000000000000000E+001 
                                      48                  1.9998865653981495E+000                  4.3271873522389082E-001                  4.1502221996129842E+000                 -8.8703721529698090E+000                  3.4086244861372608E+000                  7.5579999999986525E-001                  2.4280000000013480E-001                  1.3999999999999568E-003                  2.3041164086977867E-028                  0.0000000000000000E+000                  0.0000000000000000E+000                                        0                 -9.8999999999999986E+001                 -9.9000000000000000E+001                 -9.9000000000000000E+001 
                                      49                  1.9998865653934623E+000                  4.3268300789624464E-001                  4.1545988595207097E+000                 -8.8533761946338476E+000                  3.4301464938607906E+000                  7.5579999999986525E-001                  2.4280000000013480E-001                  1.3999999999999568E-003                  2.3960782341600151E-028                  0.0000000000000000E+000                  0.0000000000000000E+000                                        0                 -9.8999999999999986E+001                 -9.9000000000000000E+001                 -9.9000000000000000E+001 
                                      50                  1.9998865653903373E+000                  4.3266009915271725E-001                  4.1579605165363356E+000                 -8.8403741634563993E+000                  3.4466311331690607E+000                  7.5579999999986525E-001                  2.4280000000013480E-001                  1.3999999999999568E-003                  2.4689000415655323E-028                  0.0000000000000000E+000                  0.0000000000000000E+000                                        0                 -9.8999999999999986E+001                 -9.9000000000000000E+001                 -9.9000000000000000E+001 
                                      51                  1.9998865653872127E+000                  4.3263786262578013E-001                  4.1611974132338698E+000                 -8.8278473015933443E+000                  3.4625160691848471E+000                  7.5579999999986525E-001                  2.4280000000013480E-001                  1.3999999999999568E-003                  2.5411531500217065E-028                  0.0000000000000000E+000                  0.0000000000000000E+000                                        0                 -9.8999999999999986E+001                 -9.9000000000000000E+001                 -9.9000000000000000E+001 
                                      52                  1.9998865653840878E+000                  4.3261625505913481E-001                  4.1643194079537693E+000                 -8.8157649299606575E+000                  3.4778434313961348E+000                  7.5579999999986525E-001                  2.4280000000013480E-001                  1.3999999999999568E-003                  2.6128451511751780E-028                  0.0000000000000000E+000                  0.0000000000000000E+000                                        0                 -9.8999999999999986E+001                 -9.9000000000000000E+001                 -9.9000000000000000E+001 
                                      53                  1.9998865653809628E+000                  4.3259523725078208E-001                  4.1673350211798184E+000                 -8.8040987359757565E+000                  3.4926510595275135E+000                  7.5579999999986525E-001                  2.4280000000013480E-001                  1.3999999999999568E-003                  2.6839864393847089E-028                  0.0000000000000000E+000                  0.0000000000000000E+000                                        0                 -9.8999999999999986E+001                 -9.9000000000000000E+001                 -9.9000000000000000E+001 
                                      54                  1.9998865653778379E+000                  4.3257477358397828E-001                  4.1717023334883123E+000                 -8.7873595629478949E+000                  3.5139607635192895E+000                  7.5579999999986525E-001                  2.4280000000013480E-001                  1.3999999999999568E-003                  2.7894600638934271E-028                  0.0000000000000000E+000                  0.0000000000000000E+000                                        0                 -9.8999999999999986E+001                 -9.9000000000000000E+001                 -9.9000000000000000E+001 
                                      55                  1.9998865653715883E+000                  4.3253538557256321E-001                  4.1758147491049513E+000                 -8.7713503355485383E+000                  3.5342807802600142E+000                  7.5579999999986525E-001                  2.4280000000013480E-001                  1.3999999999999568E-003                  2.8942098454107603E-028                  0.0000000000000000E+000                  0.0000000000000000E+000                                        0                 -9.8999999999999986E+001                 -9.9000000000000000E+001                 -9.9000000000000000E+001 
                                      56                  1.9998865653684637E+000                  4.3251640049426116E-001                  4.1784708374627337E+000                 -8.7611103893349433E+000                  3.5473200243110607E+000                  7.5579999999986525E-001                  2.4280000000013480E-001                  1.3999999999999568E-003                  2.9632642328938986E-028                  0.0000000000000000E+000                  0.0000000000000000E+000                                        0                 -9.8999999999999986E+001                 -9.9000000000000000E+001                 -9.9000000000000000E+001 
                                      57                  1.9998865653653386E+000                  4.3249785541295549E-001                  4.1823339351592317E+000                 -8.7463482075139769E+000                  3.5661761459371308E+000                  7.5579999999986525E-001                  2.4280000000013480E-001                  1.3999999999999568E-003                  3.0657248182463860E-028                  0.0000000000000000E+000                  0.0000000000000000E+000                                        0                 -9.8999999999999986E+001                 -9.9000000000000000E+001                 -9.9000000000000000E+001 
                                      58                  1.9998865653590889E+000                  4.3246199806559099E-001                  4.1872107234273939E+000                 -8.7276013775834844E+000                  3.5901156877552816E+000                  7.5579999999986525E-001                  2.4280000000013480E-001                  1.3999999999999568E-003                  3.2009639848917610E-028                  0.0000000000000000E+000                  0.0000000000000000E+000                                        0                 -9.8999999999999986E+001                 -9.9000000000000000E+001                 -9.9000000000000000E+001 
                                      59                  1.9998865653528395E+000                  4.3242764728260386E-001                  4.1918369596649239E+000                 -8.7098642384100344E+000                  3.6128112655127720E+000                  7.5579999999986525E-001                  2.4280000000013480E-001                  1.3999999999999568E-003                  3.3344076102114476E-028                  0.0000000000000000E+000                  0.0000000000000000E+000                                        0                 -9.8999999999999986E+001                 -9.9000000000000000E+001                 -9.9000000000000000E+001 
                                      60                  1.9998865653465900E+000                  4.3239466349664707E-001                  4.1962388663870120E+000                 -8.6930380850399462E+000                  3.6343858702474083E+000                  7.5579999999986525E-001                  2.4280000000013480E-001                  1.3999999999999568E-003                  3.4661358383564492E-028                  0.0000000000000000E+000                  0.0000000000000000E+000                                        0                 -9.8999999999999986E+001                 -9.9000000000000000E+001                 -9.9000000000000000E+001 
                                      61                  1.9998865653403406E+000                  4.3236292609032595E-001                  4.2004391903359029E+000                 -8.6770390596116975E+000                  3.6549451066891363E+000                  7.5579999999986525E-001                  2.4280000000013480E-001                  1.3999999999999568E-003                  3.5962122680112932E-028                  0.0000000000000000E+000                  0.0000000000000000E+000                                        0                 -9.8999999999999986E+001                 -9.9000000000000000E+001                 -9.9000000000000000E+001 
                                      62                  1.9998865653340909E+000                  4.3233233000193738E-001                  4.2044576642484257E+000                 -8.6617938141782762E+000                  3.6745803235434096E+000                  7.5579999999986525E-001                  2.4280000000013480E-001                  1.3999999999999568E-003                  3.7246996351767486E-028                  0.0000000000000000E+000                  0.0000000000000000E+000                                        1                  9.2486854868445771E+000                  9.2486854868445771E+000                 -9.9000000000000000E+001 
                                      63                  1.9998865653278413E+000                  4.3230278317312953E-001                  4.2092690740939647E+000                 -8.6437208587449490E+000                  3.6979444133331123E+000                  7.5579999999986525E-001                  2.4280000000013480E-001                  1.3999999999999568E-003                  3.8829790638472924E-028                  0.0000000000000000E+000                  0.0000000000000000E+000                                        1                  9.6500054805192939E+000                  9.6500054805192939E+000                 -9.9000000000000000E+001 
                                      64                  1.9998865653184670E+000                  4.3226025886216030E-001                  4.2138144433322751E+000                 -8.6265578713224524E+000                  3.7201239428719304E+000                  7.5579999999986525E-001                  2.4280000000013480E-001                  1.3999999999999568E-003                  4.0395114880896404E-028                  0.0000000000000000E+000                  0.0000000000000000E+000                                        1                  9.9080304515092621E+000                  9.9080304515092621E+000                 -9.9000000000000000E+001 
                                      65                  1.9998865653122175E+000                  4.3223300125596625E-001                  4.2173147839449658E+000                 -8.6134718795342256E+000                  3.7370906593077664E+000                  7.5579999999986525E-001                  2.4280000000013480E-001                  1.3999999999999568E-003                  4.1630868262281246E-028                  0.0000000000000000E+000                  0.0000000000000000E+000                                        1                  1.0002765533019621E+001                  1.0002765533019621E+001                 -9.9000000000000000E+001 
                                      66                  1.9998865653059679E+000                  4.3220654780793000E-001                  4.2206928724683426E+000                 -8.6008946346262096E+000                  3.7534232835568124E+000                  7.5579999999986525E-001                  2.4280000000013480E-001                  1.3999999999999568E-003                  4.2854193623685372E-028                  0.0000000000000000E+000                  0.0000000000000000E+000                                        1                  1.0059593154094195E+001                  1.0059593154094195E+001                 -9.9000000000000000E+001 
                                      67                  1.9998865652997182E+000                  4.3218084483982638E-001                  4.2239575662623707E+000                 -8.5887875079152867E+000                  3.7691675399273157E+000                  7.5579999999986525E-001                  2.4280000000013480E-001                  1.3999999999999568E-003                  4.4065738572475209E-028                  0.0000000000000000E+000                  0.0000000000000000E+000                                        1                  1.0090460404689662E+001                  1.0090460404689662E+001                 -9.9000000000000000E+001 
                                      68                  1.9998865652934690E+000                  4.3215584413767355E-001                  4.2271166962701789E+000                 -8.5771151200363800E+000                  3.7843643779167855E+000                  7.5579999999986525E-001                  2.4280000000013480E-001                  1.3999999999999568E-003                  4.5266198889464524E-028                  0.0000000000000000E+000                  0.0000000000000000E+000                                        1                  1.0099402978343543E+001                  1.0099402978343543E+001                 -9.9000000000000000E+001 
                                      69                  1.9998865652872193E+000                  4.3213150227364744E-001                  4.2301772653129115E+000                 -8.5658457055320483E+000                  3.7990506147510286E+000                  7.5579999999986525E-001                  2.4280000000013480E-001                  1.3999999999999568E-003                  4.6456235530545711E-028                  0.0000000000000000E+000                  0.0000000000000000E+000                                        1                  1.0087260693235818E+001                  1.0087260693235818E+001                 -9.9000000000000000E+001 
                                      70                  1.9998865652809699E+000                  4.3210777998894162E-001                  4.2346219107174896E+000                 -8.5496700701699595E+000                  3.8201932941538987E+000                  7.5579999999986525E-001                  2.4280000000013480E-001                  1.3999999999999568E-003                  4.8219253866064505E-028                  0.0000000000000000E+000                  0.0000000000000000E+000                                        1                  1.0048465143382955E+001                  1.0048465143382955E+001                 -9.9000000000000000E+001 
                                      71                  1.9998865652684705E+000                  4.3206205906083989E-001                  4.2395264612214794E+000                 -8.5316924035656641E+000                  3.8436349190569188E+000                  7.5579999999986525E-001                  2.4280000000013480E-001                  1.3999999999999568E-003                  5.0257293827900159E-028                  0.0000000000000000E+000                  0.0000000000000000E+000                                        1                  9.8694571912445674E+000                  9.8694571912445674E+000                 -9.9000000000000000E+001 
                                      72                  1.9998865652590960E+000                  4.3202914991726188E-001                  4.2435579925191185E+000                 -8.5170363955141593E+000                  3.8627730818753356E+000                  7.5579999999986525E-001                  2.4280000000013480E-001                  1.3999999999999568E-003                  5.1982348266374689E-028                  0.0000000000000000E+000                  0.0000000000000000E+000                                        1                  9.5155491457246839E+000                  9.5155491457246839E+000                 -9.9000000000000000E+001 
                                      73                  1.9998865652497217E+000                  4.3199732570426674E-001                  4.2480772781540264E+000                 -8.5007292773264762E+000                  3.8840906666571708E+000                  7.5579999999986525E-001                  2.4280000000013480E-001                  1.3999999999999568E-003                  5.3971427369809551E-028                  0.0000000000000000E+000                  0.0000000000000000E+000                                        0                 -9.8999999999999986E+001                 -9.9000000000000000E+001                 -9.9000000000000000E+001 
                                      74                  1.9998865652372222E+000                  4.3195644688484613E-001                  4.2536071566208404E+000                 -8.4808670672146089E+000                  3.9100553929130824E+000                  7.5579999999986525E-001                  2.4280000000013480E-001                  1.3999999999999568E-003                  5.6497238705566240E-028                  0.0000000000000000E+000                  0.0000000000000000E+000                                        0                 -9.8999999999999986E+001                 -9.9000000000000000E+001                 -9.9000000000000000E+001 
                                      75                  1.9998865652215982E+000                  4.3190761756113016E-001                  4.2579670608981184E+000                 -8.4651258291236413E+000                  3.9305755028005014E+000                  7.5579999999986514E-001                  2.4280000000013474E-001                  1.4000000000000679E-003                  5.8582696349083306E-028                  0.0000000000000000E+000                  0.0000000000000000E+000                                        0                 -9.8999999999999986E+001                 -9.9000000000000000E+001                 -9.9000000000000000E+001 
                                      76                  1.9998865652137863E+000                  4.3188406608955987E-001                  4.2607904996515362E+000                 -8.4550463404391447E+000                  3.9437388003693949E+000                  7.5579999999986514E-001                  2.4280000000013474E-001                  1.4000000000000679E-003                  5.9958316195382554E-028                  0.0000000000000000E+000                  0.0000000000000000E+000                                        0                 -9.8999999999999986E+001                 -9.9000000000000000E+001                 -9.9000000000000000E+001 
                                      77                  1.9998865652059743E+000                  4.3186105122575380E-001                  4.2642246946400215E+000                 -8.4428672649742911E+000                  3.9596542790566911E+000                  7.5579999999986525E-001                  2.4280000000013477E-001                  1.3999999999999568E-003                  6.1663648385584780E-028                  0.0000000000000000E+000                  0.0000000000000000E+000                                        0                 -9.8999999999999986E+001                 -9.9000000000000000E+001                 -9.9000000000000000E+001 
                                      78                  1.9998865651942561E+000                  4.3182747704100732E-001                  4.2681943593327487E+000                 -8.4287978354998554E+000                  3.9780191142676533E+000                  7.5579999999986525E-001                  2.4280000000013477E-001                  1.3999999999999568E-003                  6.3694140606165165E-028                  0.0000000000000000E+000                  0.0000000000000000E+000                                        0                 -9.8999999999999986E+001                 -9.9000000000000000E+001                 -9.9000000000000000E+001 
                                      79                  1.9998865651825379E+000                  4.3179496567818293E-001                  4.2726565112728094E+000                 -8.4131068840852894E+000                  3.9985131043000082E+000                  7.5579999999986525E-001                  2.4280000000013480E-001                  1.3999999999999568E-003                  6.6037615360193432E-028                  0.0000000000000000E+000                  0.0000000000000000E+000                                        0                 -9.8999999999999986E+001                 -9.9000000000000000E+001                 -9.9000000000000000E+001 
                                      80                  1.9998865651669138E+000                  4.3175314467387749E-001                  4.2775294790125606E+000                 -8.3960138000399240E+000                  4.0208169325158973E+000                  7.5579999999986525E-001                  2.4280000000013480E-001                  1.3999999999999568E-003                  6.8688735191270005E-028                  0.0000000000000000E+000                  0.0000000000000000E+000                                        0                 -9.8999999999999986E+001                 -9.9000000000000000E+001                 -9.9000000000000000E+001 
                                      81                  1.9998865651512896E+000                  4.3171292630685543E-001                  4.2821941716535763E+000                 -8.3797483814288434E+000                  4.0420387216324185E+000                  7.5579999999986525E-001                  2.4280000000013480E-001                  1.3999999999999568E-003                  7.1310250103847141E-028                  0.0000000000000000E+000                  0.0000000000000000E+000                                        0                 -9.8999999999999986E+001                 -9.9000000000000000E+001                 -9.9000000000000000E+001 
                                      82                  1.9998865651356654E+000                  4.3167417579282141E-001                  4.2866690431325427E+000                 -8.3642347904978216E+000                  4.0622786988288588E+000                  7.5579999999986525E-001                  2.4280000000013480E-001                  1.3999999999999568E-003                  7.3903761406926342E-028                  0.0000000000000000E+000                  0.0000000000000000E+000                                        0                 -9.8999999999999986E+001                 -9.9000000000000000E+001                 -9.9000000000000000E+001 
                                      83                  1.9998865651200410E+000                  4.3163677523293575E-001                  4.2909697308574657E+000                 -8.3494077993941094E+000                  4.0816237771299999E+000                  7.5579999999986514E-001                  2.4280000000013474E-001                  1.4000000000000679E-003                  7.6470600209227176E-028                  0.0000000000000000E+000                  0.0000000000000000E+000                                        0                 -9.8999999999999986E+001                 -9.9000000000000000E+001                 -9.9000000000000000E+001 
                                      84                  1.9998865651044169E+000                  4.3160062080908596E-001                  4.2961381081877139E+000                 -8.3317744039968051E+000                  4.1046604232317376E+000                  7.5579999999986525E-001                  2.4280000000013480E-001                  1.3999999999999568E-003                  7.9639598816661866E-028                  0.0000000000000000E+000                  0.0000000000000000E+000                                        0                 -9.8999999999999986E+001                 -9.9000000000000000E+001                 -9.9000000000000000E+001 
                                      85                  1.9998865650809809E+000                  4.3154853113097968E-001                  4.3020171206556777E+000                 -8.3117470988228046E+000                  4.1307946004536396E+000                  7.5579999999986525E-001                  2.4280000000013480E-001                  1.3999999999999568E-003                  8.3398401362222070E-028                  0.0000000000000000E+000                  0.0000000000000000E+000                                        0                 -9.8999999999999986E+001                 -9.9000000000000000E+001                 -9.9000000000000000E+001 
                                      86                  1.9998865650575448E+000                  4.3149877150094623E-001                  4.3066740640928947E+000                 -8.2959104715486713E+000                  4.1514417724479182E+000                  7.5579999999986525E-001                  2.4280000000013480E-001                  1.3999999999999568E-003                  8.6495885394216398E-028                  0.0000000000000000E+000                  0.0000000000000000E+000                                        0                 -9.8999999999999986E+001                 -9.9000000000000000E+001                 -9.9000000000000000E+001 
                                      87                  1.9998865650419206E+000                  4.3146677725430377E-001                  4.3102743326285937E+000                 -8.2837742302301294E+000                  4.1672852327646304E+000                  7.5579999999986525E-001                  2.4280000000013480E-001                  1.3999999999999568E-003                  8.8947253590049889E-028                  0.0000000000000000E+000                  0.0000000000000000E+000                                        0                 -9.8999999999999986E+001                 -9.9000000000000000E+001                 -9.9000000000000000E+001 
                                      88                  1.9998865650262965E+000                  4.3143565791861033E-001                  4.3146278765082657E+000                 -8.2692145381588045E+000                  4.1863151620723587E+000                  7.5579999999986525E-001                  2.4280000000013482E-001                  1.3999999999999568E-003                  9.1979972271233055E-028                  0.0000000000000000E+000                  0.0000000000000000E+000                                        0                 -9.8999999999999986E+001                 -9.9000000000000000E+001                 -9.9000000000000000E+001 
                                      89                  1.9998865650028601E+000                  4.3139050599155376E-001                  4.3196208972667831E+000                 -8.2525256303360077E+000                  4.2081110852656920E+000                  7.5579999999986525E-001                  2.4280000000013477E-001                  1.3999999999999568E-003                  9.5583602525284219E-028                  0.0000000000000000E+000                  0.0000000000000000E+000                                        0                 -9.8999999999999986E+001                 -9.9000000000000000E+001                 -9.9000000000000000E+001 
                                      90                  1.9998865649794242E+000                  4.3134704293096437E-001                  4.3243991998451632E+000                 -8.2366355749015803E+000                  4.2288733277380723E+000                  7.5579999999986525E-001                  2.4280000000013480E-001                  1.3999999999999568E-003                  9.9145869758266923E-028                  0.0000000000000000E+000                  0.0000000000000000E+000                                        0                 -9.8999999999999986E+001                 -9.9000000000000000E+001                 -9.9000000000000000E+001 
                                      91                  1.9998865649559880E+000                  4.3130512900756052E-001                  4.3289817039285863E+000                 -8.2214735125342617E+000                  4.2486955946407505E+000                  7.5579999999986525E-001                  2.4280000000013480E-001                  1.3999999999999568E-003                  1.0266864545000586E-027                  0.0000000000000000E+000                  0.0000000000000000E+000                                        0                 -9.8999999999999986E+001                 -9.9000000000000000E+001                 -9.9000000000000000E+001 
                                      92                  1.9998865649325519E+000                  4.3126464161065658E-001                  4.3326544054882046E+000                 -8.2093394017185517E+000                  4.2645557119271125E+000                  7.5579999999986514E-001                  2.4280000000013474E-001                  1.4000000000000679E-003                  1.0557786420146387E-027                  0.0000000000000000E+000                  0.0000000000000000E+000                                        0                 -9.8999999999999986E+001                 -9.9000000000000000E+001                 -9.9000000000000000E+001 
                                      93                  1.9998865649169275E+000                  4.3123838766402600E-001                  4.3362283712347329E+000                 -8.1976569431850699E+000                  4.2798606141953286E+000                  7.5579999999986525E-001                  2.4280000000013480E-001                  1.3999999999999568E-003                  1.0845666290270507E-027                  0.0000000000000000E+000                  0.0000000000000000E+000                                        0                 -9.8999999999999986E+001                 -9.9000000000000000E+001                 -9.9000000000000000E+001 
                                      94                  1.9998865648934914E+000                  4.3120004340981311E-001                  4.3410499668738654E+000                 -8.1819695230210936E+000                  4.3004270112785132E+000                  7.5579999999986525E-001                  2.4280000000013480E-001                  1.3999999999999568E-003                  1.1244622879529268E-027                  0.0000000000000000E+000                  0.0000000000000000E+000                                        0                 -9.8999999999999986E+001                 -9.9000000000000000E+001                 -9.9000000000000000E+001 
                                      95                  1.9998865648622435E+000                  4.3115071658990584E-001                  4.3450023268433879E+000                 -8.1690672669988622E+000                  4.3173194563868194E+000                  7.5579999999986514E-001                  2.4280000000013474E-001                  1.4000000000000679E-003                  1.1583723566289450E-027                  0.0000000000000000E+000                  0.0000000000000000E+000                                        0                 -9.8999999999999986E+001                 -9.9000000000000000E+001                 -9.9000000000000000E+001 
                                      96                  1.9998865648466193E+000                  4.3112676905698555E-001                  4.3488549432641195E+000                 -8.1566934168265099E+000                  4.3335828946580213E+000                  7.5579999999986514E-001                  2.4280000000013480E-001                  1.4000000000000679E-003                  1.1918539538808737E-027                  0.0000000000000000E+000                  0.0000000000000000E+000                                        0                 -9.8999999999999986E+001                 -9.9000000000000000E+001                 -9.9000000000000000E+001 
                                      97                  1.9998865648153710E+000                  4.3108020801552482E-001                  4.3537801914224383E+000                 -8.1408704395660294E+000                  4.3543700924471960E+000                  7.5579999999986514E-001                  2.4280000000013474E-001                  1.4000000000000679E-003                  1.2360821267914422E-027                  0.0000000000000000E+000                  0.0000000000000000E+000                                        0                 -9.8999999999999986E+001                 -9.9000000000000000E+001                 -9.9000000000000000E+001 
                                      98                  1.9998865647841231E+000                  4.3103529865052359E-001                  4.3585057475591755E+000                 -8.1257831160389706E+000                  4.3742156309766473E+000                  7.5579999999986525E-001                  2.4280000000013480E-001                  1.3999999999999568E-003                  1.2797817707333431E-027                  0.0000000000000000E+000                  0.0000000000000000E+000                                        0                 -9.8999999999999986E+001                 -9.9000000000000000E+001                 -9.9000000000000000E+001 
                                      99                  1.9998865647528747E+000                  4.3099190941095150E-001                  4.3630482186037316E+000                 -8.1113679845287834E+000                  4.3932012204140740E+000                  7.5579999999986514E-001                  2.4280000000013480E-001                  1.4000000000000679E-003                  1.3229769722730083E-027                  0.0000000000000000E+000                  0.0000000000000000E+000                                        0                 -9.8999999999999986E+001                 -9.9000000000000000E+001                 -9.9000000000000000E+001 
                                     100                  1.9998865647216268E+000                  4.3094992433250701E-001                  4.3674221901356010E+000                 -8.0975692086275188E+000                  4.4113983742374527E+000                  7.5579999999986525E-001                  2.4280000000013480E-001                  1.3999999999999568E-003                  1.3656904139557197E-027                  0.0000000000000000E+000                  0.0000000000000000E+000                                        0                 -9.8999999999999986E+001                 -9.9000000000000000E+001                 -9.9000000000000000E+001 
                                     101                  1.9998865646903787E+000                  4.3090924065563752E-001                  4.3716405453653984E+000                 -8.0843374818801639E+000                  4.4288700384562887E+000                  7.5579999999986525E-001                  2.4280000000013480E-001                  1.3999999999999568E-003                  1.4079432714294887E-027                  0.0000000000000000E+000                  0.0000000000000000E+000                                        0                 -9.8999999999999986E+001                 -9.9000000000000000E+001                 -9.9000000000000000E+001 
                                     102                  1.9998865646591304E+000                  4.3086976687659512E-001                  4.3757147221470882E+000                 -8.0716291976085763E+000                  4.4456719078796629E+000                  7.5579999999986514E-001                  2.4280000000013480E-001                  1.4000000000000679E-003                  1.4497548837408741E-027                  0.0000000000000000E+000                  0.0000000000000000E+000                                        0                 -9.8999999999999986E+001                 -9.9000000000000000E+001                 -9.9000000000000000E+001 
                                     103                  1.9998865646278825E+000                  4.3083142113415651E-001                  4.3796549142358669E+000                 -8.0594055947920697E+000                  4.4618534989122942E+000                  7.5579999999986514E-001                  2.4280000000013480E-001                  1.4000000000000679E-003                  1.4911430033035776E-027                  0.0000000000000000E+000                  0.0000000000000000E+000                                        0                 -9.8999999999999986E+001                 -9.9000000000000000E+001                 -9.9000000000000000E+001 
                                     104                  1.9998865645966342E+000                  4.3079412987878968E-001                  4.3844186279364346E+000                 -8.0447708503984181E+000                  4.4812743436740847E+000                  7.5579999999986525E-001                  2.4280000000013482E-001                  1.3999999999999568E-003                  1.5422521747603158E-027                  0.0000000000000000E+000                  0.0000000000000000E+000                                        0                 -9.8999999999999986E+001                 -9.9000000000000000E+001                 -9.9000000000000000E+001 
                                     105                  1.9998865645497621E+000                  4.3074002946280571E-001                  4.3898825412222289E+000                 -8.0280332104436400E+000                  4.5034988382570562E+000                  7.5579999999986525E-001                  2.4280000000013480E-001                  1.3999999999999568E-003                  1.6028563626291843E-027                  0.0000000000000000E+000                  0.0000000000000000E+000                                        0                 -9.8999999999999986E+001                 -9.9000000000000000E+001                 -9.9000000000000000E+001 
                                     106                  1.9998865645028896E+000                  4.3068795530839210E-001                  4.3951115051793046E+000                 -8.0121316366536153E+000                  4.5246510744174948E+000                  7.5579999999986525E-001                  2.4280000000013480E-001                  1.3999999999999568E-003                  1.6626380038115057E-027                  0.0000000000000000E+000                  0.0000000000000000E+000                                        0                 -9.8999999999999986E+001                 -9.9000000000000000E+001                 -9.9000000000000000E+001 
                                     107                  1.9998865644560175E+000                  4.3063773561074042E-001                  4.3992942599413327E+000                 -7.9994504951199072E+000                  4.5415311867732795E+000                  7.5579999999986514E-001                  2.4280000000013474E-001                  1.4000000000000679E-003                  1.7119066543898981E-027                  0.0000000000000000E+000                  0.0000000000000000E+000                                        0                 -9.8999999999999986E+001                 -9.9000000000000000E+001                 -9.9000000000000000E+001 
                                     108                  1.9998865644247692E+000                  4.3060520997362156E-001                  4.4041662212558856E+000                 -7.9849138741680017E+000                  4.5609633720245668E+000                  7.5579999999986525E-001                  2.4280000000013480E-001                  1.3999999999999568E-003                  1.7701828932756070E-027                  0.0000000000000000E+000                  0.0000000000000000E+000                                        0                 -9.8999999999999986E+001                 -9.9000000000000000E+001                 -9.9000000000000000E+001 
                                     109                  1.9998865643622730E+000                  4.3054227930166389E-001                  4.4088099085497525E+000                 -7.9709649050280280E+000                  4.5795737453340228E+000                  7.5579999999986514E-001                  2.4280000000013474E-001                  1.4000000000000679E-003                  1.8279676754428976E-027                  0.0000000000000000E+000                  0.0000000000000000E+000                                        0                 -9.8999999999999986E+001                 -9.9000000000000000E+001                 -9.9000000000000000E+001 
                                     110                  1.9998865643310246E+000                  4.3051179870081652E-001                  4.4133241934350060E+000                 -7.9576515714902429E+000                  4.5974241987511126E+000                  7.5579999999986514E-001                  2.4280000000013480E-001                  1.4000000000000679E-003                  1.8848778265669014E-027                  0.0000000000000000E+000                  0.0000000000000000E+000                                        0                 -9.8999999999999986E+001                 -9.9000000000000000E+001                 -9.9000000000000000E+001 
                                     111                  1.9998865642685284E+000                  4.3045265961413037E-001                  4.4183588837436707E+000                 -7.9427594960703276E+000                  4.6173733842050257E+000                  7.5579999999986525E-001                  2.4280000000013480E-001                  1.3999999999999568E-003                  1.9506386600290383E-027                  0.0000000000000000E+000                  0.0000000000000000E+000                                        0                 -9.8999999999999986E+001                 -9.9000000000000000E+001                 -9.9000000000000000E+001 
                                     112                  1.9998865642216559E+000                  4.3040978533583246E-001                  4.4225265482996443E+000                 -7.9305424441485233E+000                  4.6337787144579954E+000                  7.5579999999986525E-001                  2.4280000000013480E-001                  1.3999999999999568E-003                  2.0062967413816793E-027                  0.0000000000000000E+000                  0.0000000000000000E+000                                        0                 -9.8999999999999986E+001                 -9.9000000000000000E+001                 -9.9000000000000000E+001 
                                     113                  1.9998865641747838E+000                  4.3036808816124744E-001                  4.4272283051405328E+000                 -7.9168750418491713E+000                  4.6521733808493089E+000                  7.5579999999986514E-001                  2.4280000000013480E-001                  1.4000000000000679E-003                  2.0704465966832686E-027                  0.0000000000000000E+000                  0.0000000000000000E+000                                        0                 -9.8999999999999986E+001                 -9.9000000000000000E+001                 -9.9000000000000000E+001 
                                     114                  1.9998865641122872E+000                  4.3031419652813263E-001                  4.4323854543174814E+000                 -7.9019402348660481E+000                  4.6722937314593178E+000                  7.5579999999986514E-001                  2.4280000000013480E-001                  1.4000000000000679E-003                  2.1428928974632893E-027                  0.0000000000000000E+000                  0.0000000000000000E+000                                        0                 -9.8999999999999986E+001                 -9.9000000000000000E+001                 -9.9000000000000000E+001 
                                     115                  1.9998865640497907E+000                  4.3026210758946964E-001                  4.4373413626139993E+000                 -7.8876869351884071E+000                  4.6915320840007668E+000                  7.5579999999986514E-001                  2.4280000000013480E-001                  1.4000000000000679E-003                  2.2143962757663710E-027                  0.0000000000000000E+000                  0.0000000000000000E+000                                        0                 -9.8999999999999986E+001                 -9.9000000000000000E+001                 -9.9000000000000000E+001 
                                     116                  1.9998865639872943E+000                  4.3021168258098585E-001                  4.4427055995536850E+000                 -7.8724057669639915E+000                  4.7122124034511774E+000                  7.5579999999986525E-001                  2.4280000000013480E-001                  1.3999999999999568E-003                  2.2937085347075283E-027                  0.0000000000000000E+000                  0.0000000000000000E+000                                        0                 -9.8999999999999986E+001                 -9.9000000000000000E+001                 -9.9000000000000000E+001 
                                     117                  1.9998865639091736E+000                  4.3015080718849419E-001                  4.4495393798890737E+000                 -7.8531491888430249E+000                  4.7383523575737527E+000                  7.5579999999986514E-001                  2.4280000000013474E-001                  1.4000000000000679E-003                  2.3977120149286835E-027                  0.0000000000000000E+000                  0.0000000000000000E+000                                        0                 -9.8999999999999986E+001                 -9.9000000000000000E+001                 -9.9000000000000000E+001 
                                     118                  1.9998865637998049E+000                  4.3006923785824214E-001                  4.4565351121591918E+000                 -7.8335297749975084E+000                  4.7650201256507732E+000                  7.5579999999986525E-001                  2.4280000000013482E-001                  1.3999999999999568E-003                  2.5085267510658836E-027                  0.0000000000000000E+000                  0.0000000000000000E+000                                        0                 -9.8999999999999986E+001                 -9.9000000000000000E+001                 -9.9000000000000000E+001 
                                     119                  1.9998865637060603E+000                  4.3000237524556967E-001                  4.4616744779630304E+000                 -7.8192453241098860E+000                  4.7844860835248806E+000                  7.5579999999986525E-001                  2.4280000000013480E-001                  1.3999999999999568E-003                  2.5924172200737582E-027                  0.0000000000000000E+000                  0.0000000000000000E+000                                        0                 -9.8999999999999986E+001                 -9.9000000000000000E+001                 -9.9000000000000000E+001 
                                     120                  1.9998865636435639E+000                  4.2995922605504788E-001                  4.4666527427391527E+000                 -7.8056330205929516E+000                  4.8031240884104811E+000                  7.5579999999986525E-001                  2.4280000000013482E-001                  1.3999999999999568E-003                  2.6749696376660551E-027                  0.0000000000000000E+000                  0.0000000000000000E+000                                        0                 -9.8999999999999986E+001                 -9.9000000000000000E+001                 -9.9000000000000000E+001 
                                     121                  1.9998865635498193E+000                  4.2989647652832341E-001                  4.4714357728151874E+000                 -7.7925814890970537E+000                  4.8210051596415822E+000                  7.5579999999986514E-001                  2.4280000000013474E-001                  1.4000000000000679E-003                  2.7565888838488032E-027                  0.0000000000000000E+000                  0.0000000000000000E+000                                        0                 -9.8999999999999986E+001                 -9.9000000000000000E+001                 -9.9000000000000000E+001 
                                     122                  1.9998865634873229E+000                  4.2985586749009908E-001                  4.4751564382806892E+000                 -7.7825438977246133E+000                  4.8348032437513808E+000                  7.5579999999986514E-001                  2.4280000000013474E-001                  1.4000000000000679E-003                  2.8210504196668130E-027                  0.0000000000000000E+000                  0.0000000000000000E+000                                        0                 -9.8999999999999986E+001                 -9.9000000000000000E+001                 -9.9000000000000000E+001 
                                     123                  1.9998865634248264E+000                  4.2981617525413918E-001                  4.4787813148983888E+000                 -7.7728318736361315E+000                  4.8481812261119650E+000                  7.5579999999986514E-001                  2.4280000000013474E-001                  1.4000000000000679E-003                  2.8848557470085046E-027                  0.0000000000000000E+000                  0.0000000000000000E+000                                        0                 -9.8999999999999986E+001                 -9.9000000000000000E+001                 -9.9000000000000000E+001 
                                     124                  1.9998865633623297E+000                  4.2977735026738151E-001                  4.4840719848449995E+000                 -7.7588577925787519E+000                  4.8675126477569286E+000                  7.5579999999986514E-001                  2.4280000000013480E-001                  1.4000000000000679E-003                  2.9792021729752064E-027                  0.0000000000000000E+000                  0.0000000000000000E+000                                        0                 -9.8999999999999986E+001                 -9.9000000000000000E+001                 -9.9000000000000000E+001 
                                     125                  1.9998865632373370E+000                  4.2970212940709601E-001                  4.4895523990454311E+000                 -7.7443800629049750E+000                  4.8875409569009074E+000                  7.5579999999986525E-001                  2.4280000000013480E-001                  1.3999999999999568E-003                  3.0802048063889064E-027                  0.0000000000000000E+000                  0.0000000000000000E+000                                        0                 -9.8999999999999986E+001                 -9.9000000000000000E+001                 -9.9000000000000000E+001 
                                     126                  1.9998865631592162E+000                  4.2965663880824712E-001                  4.4956735310395670E+000                 -7.7285662013961698E+000                  4.9095671203950149E+000                  7.5579999999986525E-001                  2.4280000000013480E-001                  1.3999999999999568E-003                  3.1944460263154208E-027                  0.0000000000000000E+000                  0.0000000000000000E+000                                        0                 -9.8999999999999986E+001                 -9.9000000000000000E+001                 -9.9000000000000000E+001 
                                     127                  1.9998865630029754E+000                  4.2956887051125053E-001                  4.5024599629419191E+000                 -7.7110788731028750E+000                  4.9339465449596558E+000                  7.5579999999986514E-001                  2.4280000000013480E-001                  1.4000000000000679E-003                  3.3257166812659012E-027                  0.0000000000000000E+000                  0.0000000000000000E+000                                        0                 -9.8999999999999986E+001                 -9.9000000000000000E+001                 -9.9000000000000000E+001 
                                     128                  1.9998865628857945E+000                  4.2950560920512215E-001                  4.5071251302701327E+000                 -7.6992017920718112E+000                  4.9505683566167464E+000                  7.5579999999986525E-001                  2.4280000000013480E-001                  1.3999999999999568E-003                  3.4179362955994355E-027                  0.0000000000000000E+000                  0.0000000000000000E+000                                        0                 -9.8999999999999986E+001                 -9.9000000000000000E+001                 -9.9000000000000000E+001 
                                     129                  1.9998865628076739E+000                  4.2946455796464478E-001                  4.5116676602369905E+000                 -7.6878148511555491E+000                  4.9665833245074911E+000                  7.5579999999986514E-001                  2.4280000000013480E-001                  1.4000000000000679E-003                  3.5087505413383734E-027                  0.0000000000000000E+000                  0.0000000000000000E+000                                        0                 -9.8999999999999986E+001                 -9.9000000000000000E+001                 -9.9000000000000000E+001 
                                     130                  1.9998865626904929E+000                  4.2940455369073838E-001                  4.5178059305263920E+000                 -7.6725941945573322E+000                  4.9880677985771964E+000                  7.5579999999986525E-001                  2.4280000000013480E-001                  1.3999999999999568E-003                  3.6339195153023804E-027                  0.0000000000000000E+000                  0.0000000000000000E+000                                        0                 -9.8999999999999986E+001                 -9.9000000000000000E+001                 -9.9000000000000000E+001 
                                     131                  1.9998865625342517E+000                  4.2932726673527372E-001                  4.5228511371091553E+000                 -7.6601312353899234E+000                  5.0056855499899635E+000                  7.5579999999986525E-001                  2.4280000000013480E-001                  1.3999999999999568E-003                  3.7397283463863318E-027                  0.0000000000000000E+000                  0.0000000000000000E+000                                        0                 -9.8999999999999986E+001                 -9.9000000000000000E+001                 -9.9000000000000000E+001 
                                     132                  1.9998865624561311E+000                  4.2928970155070606E-001                  4.5269538747105242E+000                 -7.6501733317170864E+000                  5.0198448412299310E+000                  7.5579999999986514E-001                  2.4280000000013480E-001                  1.4000000000000679E-003                  3.8264796755125975E-027                  0.0000000000000000E+000                  0.0000000000000000E+000                                        0                 -9.8999999999999986E+001                 -9.9000000000000000E+001                 -9.9000000000000000E+001 
                                     133                  1.9998865623389501E+000                  4.2923461344218744E-001                  4.5340970482376255E+000                 -7.6331172231549651E+000                  5.0442353922632543E+000                  7.5579999999986514E-001                  2.4280000000013474E-001                  1.4000000000000679E-003                  3.9797706387345689E-027                  0.0000000000000000E+000                  0.0000000000000000E+000                                        0                 -9.8999999999999986E+001                 -9.9000000000000000E+001                 -9.9000000000000000E+001 
                                     134                  1.9998865621045885E+000                  4.2912862137529606E-001                  4.5404918999276838E+000                 -7.6178336906247104E+000                  5.0660982293657106E+000                  7.5579999999986525E-001                  2.4280000000013480E-001                  1.3999999999999568E-003                  4.1223406829964039E-027                  0.0000000000000000E+000                  0.0000000000000000E+000                                        0                 -9.8999999999999986E+001                 -9.9000000000000000E+001                 -9.9000000000000000E+001 
                                     135                  1.9998865620069377E+000                  4.2908596326917231E-001                  4.5441560263165917E+000                 -7.6092466400616621E+000                  5.0784674792992268E+000                  7.5579999999986525E-001                  2.4280000000013480E-001                  1.3999999999999568E-003                  4.2046731674380378E-027                  0.0000000000000000E+000                  0.0000000000000000E+000                                        0                 -9.8999999999999986E+001                 -9.9000000000000000E+001                 -9.9000000000000000E+001 
                                     136                  1.9998865619092869E+000                  4.2904412812599318E-001                  4.5502294663486449E+000                 -7.5952787673861932E+000                  5.0987266069207742E+000                  7.5579999999986525E-001                  2.4280000000013480E-001                  1.3999999999999568E-003                  4.3421245712537524E-027                  0.0000000000000000E+000                  0.0000000000000000E+000                                        0                 -9.8999999999999986E+001                 -9.9000000000000000E+001                 -9.9000000000000000E+001 
                                     137                  1.9998865616749253E+000                  4.2894685490773971E-001                  4.5570532382140216E+000                 -7.5796699382980925E+000                  5.1214304484260484E+000                  7.5579999999986525E-001                  2.4280000000013480E-001                  1.3999999999999568E-003                  4.5010471881278094E-027                  0.0000000000000000E+000                  0.0000000000000000E+000                                        0                 -9.8999999999999986E+001                 -9.9000000000000000E+001                 -9.9000000000000000E+001 
                                     138                  1.9998865615186843E+000                  4.2888426086499154E-001                  4.5649517492098051E+000                 -7.5621595750127941E+000                  5.1472099773634037E+000                  7.5579999999986525E-001                  2.4280000000013480E-001                  1.3999999999999568E-003                  4.6862638811450466E-027                  0.0000000000000000E+000                  0.0000000000000000E+000                                        0                 -9.8999999999999986E+001                 -9.9000000000000000E+001                 -9.9000000000000000E+001 
                                     139                  1.9998865612062020E+000                  4.2876394386572908E-001                  4.5724387081473621E+000                 -7.5456872173273855E+000                  5.1715708514932821E+000                  7.5579999999986525E-001                  2.4280000000013480E-001                  1.3999999999999568E-003                  4.8674533009638646E-027                  0.0000000000000000E+000                  0.0000000000000000E+000                                        1                  1.2375991579478798E+001                  1.2375991579478798E+001                 -9.9000000000000000E+001 
                                     140                  1.9998865610499608E+000                  4.2870598871276183E-001                  4.5772756711897813E+000                 -7.5352995259171527E+000                  5.1870920837726366E+000                  7.5579999999986525E-001                  2.4280000000013480E-001                  1.3999999999999568E-003                  4.9852990072930859E-027                  0.0000000000000000E+000                  0.0000000000000000E+000                                        1                  1.2606264594709629E+001                  1.2606264594709629E+001                 -9.9000000000000000E+001 
                                     141                  1.9998865608937200E+000                  4.2864938092152671E-001                  4.5831451441965543E+000                 -7.5229085588981768E+000                  5.2057541906527049E+000                  7.5579999999986525E-001                  2.4280000000013480E-001                  1.3999999999999568E-003                  5.1296090283908834E-027                  0.0000000000000000E+000                  0.0000000000000000E+000                                        1                  1.2772899131477406E+001                  1.2772899131477406E+001                 -9.9000000000000000E+001 
                                     142                  1.9998865606593581E+000                  4.2856681796152990E-001                  4.5887884102702632E+000                 -7.5110734032597684E+000                  5.2236606326716029E+000                  7.5579999999986525E-001                  2.4280000000013480E-001                  1.3999999999999568E-003                  5.2713450077505869E-027                  0.0000000000000000E+000                  0.0000000000000000E+000                                        1                  1.2962370487010073E+001                  1.2962370487010073E+001                 -9.9000000000000000E+001 
                                     143                  1.9998865605031173E+000                  4.2851323051428519E-001                  4.5942628901113540E+000                 -7.4998055476944430E+000                  5.2408662392092200E+000                  7.5579999999986525E-001                  2.4280000000013480E-001                  1.3999999999999568E-003                  5.4099250307970782E-027                  0.0000000000000000E+000                  0.0000000000000000E+000                                        1                  1.3062751316189498E+001                  1.3062751316189498E+001                 -9.9000000000000000E+001 
                                     144                  1.9998865602687554E+000                  4.2843487232565308E-001                  4.5995273097322258E+000                 -7.4889951694616963E+000                  5.2574278246774124E+000                  7.5579999999986525E-001                  2.4280000000013480E-001                  1.3999999999999568E-003                  5.5463020753018298E-027                  0.0000000000000000E+000                  0.0000000000000000E+000                                        1                  1.3186743107550384E+001                  1.3186743107550384E+001                 -9.9000000000000000E+001 
                                     145                  1.9998865601125146E+000                  4.2838389503414948E-001                  4.6036190530173737E+000                 -7.4806828568730053E+000                  5.2702428090427293E+000                  7.5579999999986525E-001                  2.4280000000013480E-001                  1.3999999999999568E-003                  5.6534988047515485E-027                  0.0000000000000000E+000                  0.0000000000000000E+000                                        1                  1.3255875456610100E+001                  1.3255875456610100E+001                 -9.9000000000000000E+001 
                                     146                  1.9998865599562734E+000                  4.2833386671024443E-001                  4.6095744136572172E+000                 -7.4687400034110834E+000                  5.2887913786319762E+000                  7.5579999999986525E-001                  2.4280000000013480E-001                  1.3999999999999568E-003                  5.8111528500958315E-027                  0.0000000000000000E+000                  0.0000000000000000E+000                                        1                  1.3314651193259909E+001                  1.3314651193259909E+001                 -9.9000000000000000E+001 
                                     147                  1.9998865596437911E+000                  4.2823647450044494E-001                  4.6171036924844842E+000                 -7.4535860128801490E+000                  5.3123719233902458E+000                  7.5579999999986525E-001                  2.4280000000013480E-001                  1.3999999999999568E-003                  6.0175408628487448E-027                  0.0000000000000000E+000                  0.0000000000000000E+000                                        1                  1.3409164095845332E+001                  1.3409164095845332E+001                 -9.9000000000000000E+001 
                                     148                  1.9998865593313089E+000                  4.2814235979435150E-001                  4.6242327540309480E+000                 -7.4392587295090680E+000                  5.3347567070532795E+000                  7.5579999999986525E-001                  2.4280000000013480E-001                  1.3999999999999568E-003                  6.2194070872702437E-027                  0.0000000000000000E+000                  0.0000000000000000E+000                                        1                  1.3479018350366124E+001                  1.3479018350366124E+001                 -9.9000000000000000E+001 
                                     149                  1.9998865590188266E+000                  4.2805124098048186E-001                  4.6309877647285766E+000                 -7.4256492996478638E+000                  5.3560614902967769E+000                  7.5579999999986525E-001                  2.4280000000013480E-001                  1.3999999999999568E-003                  6.4174275535164213E-027                  0.0000000000000000E+000                  0.0000000000000000E+000                                        1                  1.3525858028123180E+001                  1.3525858028123180E+001                 -9.9000000000000000E+001 
                                     150                  1.9998865587063441E+000                  4.2796287850986892E-001                  4.6373921389548309E+000                 -7.4126613530028269E+000                  5.3763859890569243E+000                  7.5579999999986525E-001                  2.4280000000013480E-001                  1.3999999999999568E-003                  6.6122825387930143E-027                  0.0000000000000000E+000                  0.0000000000000000E+000                                        1                  1.3551485275157292E+001                  1.3551485275157292E+001                 -9.9000000000000000E+001 
                                     151                  1.9998865583938616E+000                  4.2787706786541468E-001                  4.6434653943587607E+000                 -7.4002118203271907E+000                  5.3958167087223279E+000                  7.5579999999986525E-001                  2.4280000000013480E-001                  1.3999999999999568E-003                  6.8046117128938753E-027                  0.0000000000000000E+000                  0.0000000000000000E+000                                        1                  1.3557594317995086E+001                  1.3557594317995086E+001                 -9.9000000000000000E+001 
                                     152                  1.9998865580813794E+000                  4.2779363339782439E-001                  4.6492243392542729E+000                 -7.3882277078289222E+000                  5.4144291789209165E+000                  7.5579999999986525E-001                  2.4280000000013480E-001                  1.3999999999999568E-003                  6.9950337900054033E-027                  0.0000000000000000E+000                  0.0000000000000000E+000                                        1                  1.3546018342848008E+001                  1.3546018342848008E+001                 -9.9000000000000000E+001 
                                     153                  1.9998865577688971E+000                  4.2771242361423539E-001                  4.6540063755316163E+000                 -7.3780581404187382E+000                  5.4300969235626049E+000                  7.5579999999986525E-001                  2.4280000000013480E-001                  1.3999999999999568E-003                  7.1607977692766216E-027                  0.0000000000000000E+000                  0.0000000000000000E+000                                        1                  1.3518920208928071E+001                  1.3518920208928071E+001                 -9.9000000000000000E+001 
                                     154                  1.9998865575345357E+000                  4.2765289700342884E-001                  4.6572889610073513E+000                 -7.3709650339820261E+000                  5.4409577902732948E+000                  7.5579999999986525E-001                  2.4280000000013480E-001                  1.3999999999999568E-003                  7.2787355594757408E-027                  0.0000000000000000E+000                  0.0000000000000000E+000                                        1                  1.3488993844241936E+001                  1.3488993844241936E+001                 -9.9000000000000000E+001 
                                     155                  1.9998865573782945E+000                  4.2761384218124820E-001                  4.6604810790647644E+000                 -7.3640242777492322E+000                  5.4515574271926353E+000                  7.5579999999986525E-001                  2.4280000000013480E-001                  1.3999999999999568E-003                  7.3960204723000753E-027                  0.0000000000000000E+000                  0.0000000000000000E+000                                        1                  1.3463913933136903E+001                  1.3463913933136903E+001                 -9.9000000000000000E+001 
                                     156                  1.9998865571439330E+000                  4.2755616948476100E-001                  4.6659966257929932E+000                 -7.3518664965035772E+000                  5.4700178747886490E+000                  7.5579999999986525E-001                  2.4280000000013480E-001                  1.3999999999999568E-003                  7.6060360133272578E-027                  0.0000000000000000E+000                  0.0000000000000000E+000                                        1                  1.3417926326512429E+001                  1.3417926326512429E+001                 -9.9000000000000000E+001 
                                     157                  1.9998865566752095E+000                  4.2744394249521417E-001                  4.6739485190778378E+000                 -7.3336129365171425E+000                  5.4972871231537619E+000                  7.5579999999986525E-001                  2.4280000000013480E-001                  1.3999999999999568E-003                  7.9326034406245754E-027                  0.0000000000000000E+000                  0.0000000000000000E+000                                        1                  1.3294810441681392E+001                  1.3294810441681392E+001                 -9.9000000000000000E+001 
                                     158                  1.9998865560502450E+000                  4.2730033859698907E-001                  4.6801635656984075E+000                 -7.3184651857979697E+000                  5.5193994495662420E+000                  7.5579999999986525E-001                  2.4280000000013480E-001                  1.3999999999999568E-003                  8.2142272701898498E-027                  0.0000000000000000E+000                  0.0000000000000000E+000                                        1                  1.3024907431145987E+001                  1.3024907431145987E+001                 -9.9000000000000000E+001 
                                     159                  1.9998865557377627E+000                  4.2723094682303797E-001                  4.6860737112945410E+000                 -7.3039920166025469E+000                  5.5404533835339986E+000                  7.5579999999986525E-001                  2.4280000000013480E-001                  1.3999999999999568E-003                  8.4926458330861855E-027                  0.0000000000000000E+000                  0.0000000000000000E+000                                        1                  1.2765729037667160E+001                  1.2765729037667160E+001                 -9.9000000000000000E+001 
                                     160                  1.9998865551127980E+000                  4.2709661763595380E-001                  4.6915141356538292E+000                 -7.2898721497715986E+000                  5.5605579662484717E+000                  7.5579999999986525E-001                  2.4280000000013480E-001                  1.3999999999999568E-003                  8.7733606689421911E-027                  0.0000000000000000E+000                  0.0000000000000000E+000                                        0                 -9.8999999999999986E+001                 -9.9000000000000000E+001                 -9.9000000000000000E+001 
                                     161                  1.9998865548003157E+000                  4.2703155680271737E-001                  4.6949863780745229E+000                 -7.2807577376791430E+000                  5.5734695274963340E+000                  7.5579999999986525E-001                  2.4280000000013480E-001                  1.3999999999999568E-003                  8.9594721857437256E-027                  0.0000000000000000E+000                  0.0000000000000000E+000                                        0                 -9.8999999999999986E+001                 -9.9000000000000000E+001                 -9.9000000000000000E+001 
                                     162                  1.9998865544878333E+000                  4.2696781880632140E-001                  4.6991497128293123E+000                 -7.2696574871631983E+000                  5.5890962234478083E+000                  7.5579999999986514E-001                  2.4280000000013471E-001                  1.4000000000001789E-003                  9.1914743018179929E-027                  0.0000000000000000E+000                  0.0000000000000000E+000                                        0                 -9.8999999999999986E+001                 -9.9000000000000000E+001                 -9.9000000000000000E+001 
                                     163                  1.9998865540191100E+000                  4.2687457394956402E-001                  4.7038636616823908E+000                 -7.2566852523379586E+000                  5.6071502135997777E+000                  7.5579999999986514E-001                  2.4280000000013474E-001                  1.4000000000000679E-003                  9.4702267100449291E-027                  0.0000000000000000E+000                  0.0000000000000000E+000                                        0                 -9.8999999999999986E+001                 -9.9000000000000000E+001                 -9.9000000000000000E+001 
                                     164                  1.9998865535503869E+000                  4.2678401562968332E-001                  4.7090552734627718E+000                 -7.2420651125580280E+000                  5.6273227810199140E+000                  7.5579999999986525E-001                  2.4280000000013480E-001                  1.3999999999999568E-003                  9.7945369514779900E-027                  0.0000000000000000E+000                  0.0000000000000000E+000                                        0                 -9.8999999999999986E+001                 -9.9000000000000000E+001                 -9.9000000000000000E+001 
                                     165                  1.9998865529254219E+000                  4.2666718464620690E-001                  4.7132064230977573E+000                 -7.2298683564803197E+000                  5.6439152801684820E+000                  7.5579999999986525E-001                  2.4280000000013480E-001                  1.3999999999999568E-003                  1.0073573044597293E-026                  0.0000000000000000E+000                  0.0000000000000000E+000                                        0                 -9.8999999999999986E+001                 -9.9000000000000000E+001                 -9.9000000000000000E+001 
                                     166                  1.9998865526129397E+000                  4.2661035279744103E-001                  4.7158760351716165E+000                 -7.2219579708499255E+000                  5.6546404557871144E+000                  7.5579999999986525E-001                  2.4280000000013480E-001                  1.3999999999999568E-003                  1.0258782248363695E-026                  0.0000000000000000E+000                  0.0000000000000000E+000                                        0                 -9.8999999999999986E+001                 -9.9000000000000000E+001                 -9.9000000000000000E+001 
                                     167                  1.9998865523004574E+000                  4.2655452501363872E-001                  4.7203812291554090E+000                 -7.2085345848849629E+000                  5.6727952491104023E+000                  7.5579999999986525E-001                  2.4280000000013480E-001                  1.3999999999999568E-003                  1.0580895802131640E-026                  0.0000000000000000E+000                  0.0000000000000000E+000                                        0                 -9.8999999999999986E+001                 -9.9000000000000000E+001                 -9.9000000000000000E+001 
                                     168                  1.9998865515197903E+000                  4.2641920742936806E-001                  4.7269196461098932E+000                 -7.1882558059949773E+000                  5.6998721348004366E+000                  7.5579999999986514E-001                  2.4280000000013480E-001                  1.4000000000000679E-003                  1.1086799835214158E-026                  0.0000000000000000E+000                  0.0000000000000000E+000                                        0                 -9.8999999999999986E+001                 -9.9000000000000000E+001                 -9.9000000000000000E+001 
                                     169                  1.9998865505849197E+000                  4.2626439845899300E-001                  4.7329037471610480E+000                 -7.1689482098387582E+000                  5.7253376903599138E+000                  7.5579999999986525E-001                  2.4280000000013482E-001                  1.3999999999999568E-003                  1.1590940144042517E-026                  0.0000000000000000E+000                  0.0000000000000000E+000                                        0                 -9.8999999999999986E+001                 -9.9000000000000000E+001                 -9.9000000000000000E+001 
                                     170                  1.9998865498082050E+000                  4.2614125376976969E-001                  4.7374719389433144E+000                 -7.1538573982971547E+000                  5.7450965293101293E+000                  7.5579999999986525E-001                  2.4280000000013480E-001                  1.3999999999999568E-003                  1.2000887071901874E-026                  0.0000000000000000E+000                  0.0000000000000000E+000                                        0                 -9.8999999999999986E+001                 -9.9000000000000000E+001                 -9.9000000000000000E+001 
                                     171                  1.9998865491875815E+000                  4.2604614533737545E-001                  4.7422774179250977E+000                 -7.1378321507631322E+000                  5.7660111834406136E+000                  7.5579999999986525E-001                  2.4280000000013480E-001                  1.3999999999999568E-003                  1.2452105309938016E-026                  0.0000000000000000E+000                  0.0000000000000000E+000                                        0                 -9.8999999999999986E+001                 -9.9000000000000000E+001                 -9.9000000000000000E+001 
                                     172                  1.9998865482595607E+000                  4.2590897142602885E-001                  4.7467561751222931E+000                 -7.1224135945866358E+000                  5.7859535291446198E+000                  7.5579999999986525E-001                  2.4280000000013480E-001                  1.3999999999999568E-003                  1.2902249745729830E-026                  0.0000000000000000E+000                  0.0000000000000000E+000                                        0                 -9.8999999999999986E+001                 -9.9000000000000000E+001                 -9.9000000000000000E+001 
                                     173                  1.9998865476417813E+000                  4.2582077183394629E-001                  4.7518737147602961E+000                 -7.1048107212211260E+000                  5.8087131914860652E+000                  7.5579999999986525E-001                  2.4280000000013480E-001                  1.3999999999999568E-003                  1.3436095789357627E-026                  0.0000000000000000E+000                  0.0000000000000000E+000                                        0                 -9.8999999999999986E+001                 -9.9000000000000000E+001                 -9.9000000000000000E+001 
                                     174                  1.9998865464079374E+000                  4.2565146403568527E-001                  4.7565988526619769E+000                 -7.0879016832299877E+000                  5.8303446369187952E+000                  7.5579999999986525E-001                  2.4280000000013480E-001                  1.3999999999999568E-003                  1.3969691215754257E-026                  0.0000000000000000E+000                  0.0000000000000000E+000                                        0                 -9.8999999999999986E+001                 -9.9000000000000000E+001                 -9.9000000000000000E+001 
                                     175                  1.9998865457925730E+000                  4.2557017800744029E-001                  4.7611189566286747E+000                 -7.0718463213436031E+000                  5.8509140709359713E+000                  7.5579999999986525E-001                  2.4280000000013480E-001                  1.3999999999999568E-003                  1.4495950399702492E-026                  0.0000000000000000E+000                  0.0000000000000000E+000                                        0                 -9.8999999999999986E+001                 -9.9000000000000000E+001                 -9.9000000000000000E+001 
                                     176                  1.9998865445633736E+000                  4.2541357238827410E-001                  4.7653339404180715E+000                 -7.0563846649047104E+000                  5.8705578291785887E+000                  7.5579999999986525E-001                  2.4280000000013480E-001                  1.3999999999999568E-003                  1.5021482239325754E-026                  0.0000000000000000E+000                  0.0000000000000000E+000                                        0                 -9.8999999999999986E+001                 -9.9000000000000000E+001                 -9.9000000000000000E+001 
                                     177                  1.9998865439502214E+000                  4.2533812577571156E-001                  4.7690520425946019E+000                 -7.0428328039550312E+000                  5.8877976272715085E+000                  7.5579999999986525E-001                  2.4280000000013480E-001                  1.3999999999999568E-003                  1.5497748345627705E-026                  0.0000000000000000E+000                  0.0000000000000000E+000                                        0                 -9.8999999999999986E+001                 -9.9000000000000000E+001                 -9.9000000000000000E+001 
                                     178                  1.9998865428775519E+000                  4.2521010199828674E-001                  4.7732105015523780E+000                 -7.0273918463872915E+000                  5.9073467390884336E+000                  7.5579999999986525E-001                  2.4280000000013480E-001                  1.3999999999999568E-003                  1.6058838989082447E-026                  0.0000000000000000E+000                  0.0000000000000000E+000                                        0                 -9.8999999999999986E+001                 -9.9000000000000000E+001                 -9.9000000000000000E+001 
                                     179                  1.9998865419581862E+000                  4.2510412219327276E-001                  4.7768718805442054E+000                 -7.0137085009316076E+000                  5.9246398234012476E+000                  7.5579999999986525E-001                  2.4280000000013480E-001                  1.3999999999999568E-003                  1.6573018596847693E-026                  0.0000000000000000E+000                  0.0000000000000000E+000                                        0                 -9.8999999999999986E+001                 -9.9000000000000000E+001                 -9.9000000000000000E+001 
                                     180                  1.9998865410408802E+000                  4.2500158565980384E-001                  4.7812412665551616E+000                 -6.9973367146199443E+000                  5.9453136039915160E+000                  7.5579999999986525E-001                  2.4280000000013480E-001                  1.3999999999999568E-003                  1.7209903273603815E-026                  0.0000000000000000E+000                  0.0000000000000000E+000                                        0                 -9.8999999999999986E+001                 -9.9000000000000000E+001                 -9.9000000000000000E+001 
                                     181                  1.9998865396664502E+000                  4.2485350749900580E-001                  4.7861688733465408E+000                 -6.9786005298110618E+000                  5.9688858617156155E+000                  7.5579999999986525E-001                  2.4280000000013477E-001                  1.3999999999999568E-003                  1.7968858233350695E-026                  0.0000000000000000E+000                  0.0000000000000000E+000                                        0                 -9.8999999999999986E+001                 -9.9000000000000000E+001                 -9.9000000000000000E+001 
                                     182                  1.9998865382949536E+000                  4.2471184282591390E-001                  4.7908146317732321E+000                 -6.9607982452064103E+000                  5.9912382780067759E+000                  7.5579999999986525E-001                  2.4280000000013480E-001                  1.3999999999999568E-003                  1.8720974873768695E-026                  0.0000000000000000E+000                  0.0000000000000000E+000                                        0                 -9.8999999999999986E+001                 -9.9000000000000000E+001                 -9.9000000000000000E+001 
                                     183                  1.9998865369248604E+000                  4.2457587655427576E-001                  4.7944839646318878E+000                 -6.9465916183163401E+000                  6.0090306942729201E+000                  7.5579999999986514E-001                  2.4280000000013480E-001                  1.4000000000000679E-003                  1.9343707425786491E-026                  0.0000000000000000E+000                  0.0000000000000000E+000                                        0                 -9.8999999999999986E+001                 -9.9000000000000000E+001                 -9.9000000000000000E+001 
                                     184                  1.9998865360123843E+000                  4.2448817016636808E-001                  4.7973163326802890E+000                 -6.9356357572714726E+000                  6.0227536427880244E+000                  7.5579999999986525E-001                  2.4280000000013477E-001                  1.3999999999999568E-003                  1.9838059859302336E-026                  0.0000000000000000E+000                  0.0000000000000000E+000                                        0                 -9.8999999999999986E+001                 -9.9000000000000000E+001                 -9.9000000000000000E+001 
                                     185                  1.9998865351008341E+000                  4.2440268428369304E-001                  4.8007373250220118E+000                 -6.9224168340761301E+000                  6.0393140094045314E+000                  7.5579999999986525E-001                  2.4280000000013482E-001                  1.3999999999999568E-003                  2.0451376728741003E-026                  0.0000000000000000E+000                  0.0000000000000000E+000                                        0                 -9.8999999999999986E+001                 -9.9000000000000000E+001                 -9.9000000000000000E+001 
                                     186                  1.9998865337348681E+000                  4.2427833320722669E-001                  4.8046567700818814E+000                 -6.9071612247275924E+000                  6.0583922359711817E+000                  7.5579999999986525E-001                  2.4280000000013477E-001                  1.3999999999999568E-003                  2.1182799418831461E-026                  0.0000000000000000E+000                  0.0000000000000000E+000                                        0                 -9.8999999999999986E+001                 -9.9000000000000000E+001                 -9.9000000000000000E+001 
                                     187                  1.9998865323702220E+000                  4.2415828913924969E-001                  4.8090268934506701E+000                 -6.8901730914367585E+000                  6.0796417498365871E+000                  7.5579999999986525E-001                  2.4280000000013482E-001                  1.3999999999999568E-003                  2.2028117317803169E-026                  0.0000000000000000E+000                  0.0000000000000000E+000                                        0                 -9.8999999999999986E+001                 -9.9000000000000000E+001                 -9.9000000000000000E+001 
                                     188                  1.9998865305524067E+000                  4.2400436982135720E-001                  4.8125789068605185E+000                 -6.8761958175099815E+000                  6.0970752095579410E+000                  7.5579999999986514E-001                  2.4280000000013480E-001                  1.4000000000000679E-003                  2.2748857512923828E-026                  0.0000000000000000E+000                  0.0000000000000000E+000                                        0                 -9.8999999999999986E+001                 -9.9000000000000000E+001                 -9.9000000000000000E+001 
                                     189                  1.9998865296443253E+000                  4.2392985655268678E-001                  4.8154541338307268E+000                 -6.8649915130596808E+000                  6.1110806776413193E+000                  7.5579999999986525E-001                  2.4280000000013480E-001                  1.3999999999999568E-003                  2.3343604093542647E-026                  0.0000000000000000E+000                  0.0000000000000000E+000                                        0                 -9.8999999999999986E+001                 -9.9000000000000000E+001                 -9.9000000000000000E+001 
                                     190                  1.9998865282834069E+000                  4.2382096060038688E-001                  4.8187772176738637E+000                 -6.8519916879137401E+000                  6.1273155295491684E+000                  7.5579999999986525E-001                  2.4280000000013477E-001                  1.3999999999999568E-003                  2.4053177515140062E-026                  0.0000000000000000E+000                  0.0000000000000000E+000                                        0                 -9.8999999999999986E+001                 -9.9000000000000000E+001                 -9.9000000000000000E+001 
                                     191                  1.9998865269236530E+000                  4.2371528811474696E-001                  4.8214496471979738E+000                 -6.8415043744397952E+000                  6.1404028751102402E+000                  7.5579999999986525E-001                  2.4280000000013480E-001                  1.3999999999999568E-003                  2.4641300846317416E-026                  0.0000000000000000E+000                  0.0000000000000000E+000                                        0                 -9.8999999999999986E+001                 -9.9000000000000000E+001                 -9.9000000000000000E+001 
                                     192                  1.9998865260171503E+000                  4.2364647914136849E-001                  4.8235367346961384E+000                 -6.8333403312707075E+000                  6.1505982255980935E+000                  7.5579999999986525E-001                  2.4280000000013477E-001                  1.3999999999999568E-003                  2.5109074906014240E-026                  0.0000000000000000E+000                  0.0000000000000000E+000                                        0                 -9.8999999999999986E+001                 -9.9000000000000000E+001                 -9.9000000000000000E+001 
                                     193                  1.9998865251113980E+000                  4.2357897569578823E-001                  4.8265912214169022E+000                 -6.8214624506385935E+000                  6.1654512050065939E+000                  7.5579999999986514E-001                  2.4280000000013480E-001                  1.4000000000000679E-003                  2.5805546689518145E-026                  0.0000000000000000E+000                  0.0000000000000000E+000                                        0                 -9.8999999999999986E+001                 -9.9000000000000000E+001                 -9.9000000000000000E+001 
                                     194                  1.9998865233013614E+000                  4.2344762745545056E-001                  4.8295223130483160E+000                 -6.8099374365168313E+000                  6.1798262402498345E+000                  7.5579999999986514E-001                  2.4280000000013474E-001                  1.4000000000000679E-003                  2.6499792597456044E-026                  0.0000000000000000E+000                  0.0000000000000000E+000                                        0                 -9.8999999999999986E+001                 -9.9000000000000000E+001                 -9.9000000000000000E+001 
                                     195                  1.9998865223963431E+000                  4.2338363006303098E-001                  4.8314332073601225E+000                 -6.8024695401315851E+000                  6.1891536917506551E+000                  7.5579999999986525E-001                  2.4280000000013477E-001                  1.3999999999999568E-003                  2.6959588028115335E-026                  0.0000000000000000E+000                  0.0000000000000000E+000                                        0                 -9.8999999999999986E+001                 -9.9000000000000000E+001                 -9.9000000000000000E+001 
                                     196                  1.9998865214920372E+000                  4.2332074567040900E-001                  4.8342375783529308E+000                 -6.7915721298646474E+000                  6.2027821713019389E+000                  7.5579999999986525E-001                  2.4280000000013480E-001                  1.3999999999999568E-003                  2.7644892717158871E-026                  0.0000000000000000E+000                  0.0000000000000000E+000                                        0                 -9.8999999999999986E+001                 -9.9000000000000000E+001                 -9.9000000000000000E+001 
                                     197                  1.9998865196834243E+000                  4.2319801478444696E-001                  4.8387288659704248E+000                 -6.7741268753631125E+000                  6.2246011864359678E+000                  7.5579999999986525E-001                  2.4280000000013482E-001                  1.3999999999999568E-003                  2.8778428438142553E-026                  0.0000000000000000E+000                  0.0000000000000000E+000                                        0                 -9.8999999999999986E+001                 -9.9000000000000000E+001                 -9.9000000000000000E+001 
                                     198                  1.9998865169725908E+000                  4.2302111986651392E-001                  4.8429824381466542E+000                 -6.7574682502977819E+000                  6.2453969973015511E+000                  7.5579999999986525E-001                  2.4280000000013482E-001                  1.3999999999999568E-003                  2.9904216471647947E-026                  0.0000000000000000E+000                  0.0000000000000000E+000                                        0                 -9.8999999999999986E+001                 -9.9000000000000000E+001                 -9.9000000000000000E+001 
                                     199                  1.9998865151667211E+000                  4.2290759892787211E-001                  4.8470774008426503E+000                 -6.7416086571788378E+000                  6.2652455454573435E+000                  7.5579999999986525E-001                  2.4280000000013477E-001                  1.3999999999999568E-003                  3.1016911254099742E-026                  0.0000000000000000E+000                  0.0000000000000000E+000                                        0                 -9.8999999999999986E+001                 -9.9000000000000000E+001                 -9.9000000000000000E+001 
                                     200                  1.9998865124598659E+000                  4.2274338442106624E-001                  4.8517521986491889E+000                 -6.7234619181490212E+000                  6.2879444642527078E+000                  7.5579999999986525E-001                  2.4280000000013480E-001                  1.3999999999999568E-003                  3.2340959530842930E-026                  0.0000000000000000E+000                  0.0000000000000000E+000                                        0                 -9.8999999999999986E+001                 -9.9000000000000000E+001                 -9.9000000000000000E+001 
                                     201                  1.9998865097548952E+000                  4.2258582477546286E-001                  4.8554692237532562E+000                 -6.7090164731159261E+000                  6.3060088254282887E+000                  7.5579999999986525E-001                  2.4280000000013480E-001                  1.3999999999999568E-003                  3.3435245888160540E-026                  0.0000000000000000E+000                  0.0000000000000000E+000                                        0                 -9.8999999999999986E+001                 -9.9000000000000000E+001                 -9.9000000000000000E+001 
                                     202                  1.9998865079527934E+000                  4.2248419872420900E-001                  4.8590674282090882E+000                 -6.6951791767588782E+000                  6.3233543165635568E+000                  7.5579999999986525E-001                  2.4280000000013480E-001                  1.3999999999999568E-003                  3.4518175281634043E-026                  0.0000000000000000E+000                  0.0000000000000000E+000                                        0                 -9.8999999999999986E+001                 -9.9000000000000000E+001                 -9.9000000000000000E+001 
                                     203                  1.9998865052513506E+000                  4.2233650627014435E-001                  4.8638893625712516E+000                 -6.6766894899857956E+000                  6.3465471317047291E+000                  7.5579999999986525E-001                  2.4280000000013477E-001                  1.3999999999999568E-003                  3.6020165163197401E-026                  0.0000000000000000E+000                  0.0000000000000000E+000                                        0                 -9.8999999999999986E+001                 -9.9000000000000000E+001                 -9.9000000000000000E+001 
                                     204                  1.9998865016516050E+000                  4.2214768569799560E-001                  4.8691104882365659E+000                 -6.6566806311023514E+000                  6.3716489375959720E+000                  7.5579999999986525E-001                  2.4280000000013480E-001                  1.3999999999999568E-003                  3.7719298892417295E-026                  0.0000000000000000E+000                  0.0000000000000000E+000                                        0                 -9.8999999999999986E+001                 -9.9000000000000000E+001                 -9.9000000000000000E+001 
                                     205                  1.9998864980539632E+000                  4.2196724252040863E-001                  4.8740696510708785E+000                 -6.6377663257621933E+000                  6.3954037778599764E+000                  7.5579999999986525E-001                  2.4280000000013480E-001                  1.3999999999999568E-003                  3.9399133215307524E-026                  0.0000000000000000E+000                  0.0000000000000000E+000                                        0                 -9.8999999999999986E+001                 -9.9000000000000000E+001                 -9.9000000000000000E+001 
                                     206                  1.9998864944584027E+000                  4.2179437843297868E-001                  4.8787936527006845E+000                 -6.6198350733682245E+000                  6.4179489922504418E+000                  7.5579999999986525E-001                  2.4280000000013482E-001                  1.3999999999999568E-003                  4.1060704078782594E-026                  0.0000000000000000E+000                  0.0000000000000000E+000                                        0                 -9.8999999999999986E+001                 -9.9000000000000000E+001                 -9.9000000000000000E+001 
                                     207                  1.9998864908648106E+000                  4.2162840291034465E-001                  4.8838656814005050E+000                 -6.6007327081724627E+000                  6.4420102825917169E+000                  7.5579999999986514E-001                  2.4280000000013477E-001                  1.4000000000000679E-003                  4.2907970767908081E-026                  0.0000000000000000E+000                  0.0000000000000000E+000                                        0                 -9.8999999999999986E+001                 -9.9000000000000000E+001                 -9.9000000000000000E+001 
                                     208                  1.9998864863751089E+000                  4.2142971230803195E-001                  4.8892077888194470E+000                 -6.5806658052125195E+000                  6.4673020689666512E+000                  7.5579999999986525E-001                  2.4280000000013480E-001                  1.3999999999999568E-003                  4.4938107906094261E-026                  0.0000000000000000E+000                  0.0000000000000000E+000                                        0                 -9.8999999999999986E+001                 -9.9000000000000000E+001                 -9.9000000000000000E+001 
                                     209                  1.9998864818877002E+000                  4.2123983570900581E-001                  4.8937810596035547E+000                 -6.5635412507875808E+000                  6.4889014650474826E+000                  7.5579999999986525E-001                  2.4280000000013480E-001                  1.3999999999999568E-003                  4.6746378409169435E-026                  0.0000000000000000E+000                  0.0000000000000000E+000                                        0                 -9.8999999999999986E+001                 -9.9000000000000000E+001                 -9.9000000000000000E+001 
                                     210                  1.9998864782977732E+000                  4.2109363785386006E-001                  4.8976905001963686E+000                 -6.5490130342144477E+000                  6.5072586218129782E+000                  7.5579999999986514E-001                  2.4280000000013480E-001                  1.4000000000000679E-003                  4.8337439876065266E-026                  0.0000000000000000E+000                  0.0000000000000000E+000                                        0                 -9.8999999999999986E+001                 -9.9000000000000000E+001                 -9.9000000000000000E+001 
                                     211                  1.9998864747095422E+000                  4.2095217610374946E-001                  4.9019257437462702E+000                 -6.5333861023571203E+000                  6.5270372439976017E+000                  7.5579999999986525E-001                  2.4280000000013480E-001                  1.3999999999999568E-003                  5.0109346422610606E-026                  0.0000000000000000E+000                  0.0000000000000000E+000                                        0                 -9.8999999999999986E+001                 -9.9000000000000000E+001                 -9.9000000000000000E+001 
                                     212                  1.9998864702270791E+000                  4.2078152205684782E-001                  4.9055346278287990E+000                 -6.5200466314450791E+000                  6.5439137880677887E+000                  7.5579999999986525E-001                  2.4280000000013482E-001                  1.3999999999999568E-003                  5.1673192278914393E-026                  0.0000000000000000E+000                  0.0000000000000000E+000                                        0                 -9.8999999999999986E+001                 -9.9000000000000000E+001                 -9.9000000000000000E+001 
                                     213                  1.9998864675376606E+000                  4.2068213635334223E-001                  4.9086077085155608E+000                 -6.5088101211684393E+000                  6.5581661139755685E+000                  7.5579999999986525E-001                  2.4280000000013480E-001                  1.3999999999999568E-003                  5.3028318182533947E-026                  0.0000000000000000E+000                  0.0000000000000000E+000                                        0                 -9.8999999999999986E+001                 -9.9000000000000000E+001                 -9.9000000000000000E+001 
                                     214                  1.9998864639552474E+000                  4.2055303007463901E-001                  4.9120083813442816E+000                 -6.4964008604742078E+000                  6.5739135279771013E+000                  7.5579999999986525E-001                  2.4280000000013480E-001                  1.3999999999999568E-003                  5.4566222245541674E-026                  0.0000000000000000E+000                  0.0000000000000000E+000                                        0                 -9.8999999999999986E+001                 -9.9000000000000000E+001                 -9.9000000000000000E+001 
                                     215                  1.9998864603728346E+000                  4.2042745017467553E-001                  4.9153027755536129E+000                 -6.4844324730623626E+000                  6.5891174506025960E+000                  7.5579999999986525E-001                  2.4280000000013480E-001                  1.3999999999999568E-003                  5.6091738325305978E-026                  0.0000000000000000E+000                  0.0000000000000000E+000                                        0                 -9.8999999999999986E+001                 -9.9000000000000000E+001                 -9.9000000000000000E+001 
                                     216                  1.9998864567950698E+000                  4.2030533788248803E-001                  4.9184978401784329E+000                 -6.4728757528156597E+000                  6.6038137744333714E+000                  7.5579999999986514E-001                  2.4280000000013477E-001                  1.4000000000000679E-003                  5.7605254898685111E-026                  0.0000000000000000E+000                  0.0000000000000000E+000                                        0                 -9.8999999999999986E+001                 -9.9000000000000000E+001                 -9.9000000000000000E+001 
                                     217                  1.9998864532173826E+000                  4.2018633568490538E-001                  4.9215993861880021E+000                 -6.4617055053113921E+000                  6.6180332624064766E+000                  7.5579999999986514E-001                  2.4280000000013474E-001                  1.4000000000000679E-003                  5.9106970234247349E-026                  0.0000000000000000E+000                  0.0000000000000000E+000                                        0                 -9.8999999999999986E+001                 -9.9000000000000000E+001                 -9.9000000000000000E+001 
                                     218                  1.9998864496452866E+000                  4.2007044252432424E-001                  4.9246132050000080E+000                 -6.4508974513512385E+000                  6.6318057682532903E+000                  7.5579999999986525E-001                  2.4280000000013480E-001                  1.3999999999999568E-003                  6.0597257917179007E-026                  0.0000000000000000E+000                  0.0000000000000000E+000                                        0                 -9.8999999999999986E+001                 -9.9000000000000000E+001                 -9.9000000000000000E+001 
                                     219                  1.9998864460731902E+000                  4.1995730848477053E-001                  4.9275439958539149E+000                 -6.4404310299829461E+000                  6.6451563469444599E+000                  7.5579999999986525E-001                  2.4280000000013480E-001                  1.3999999999999568E-003                  6.2076252475948481E-026                  0.0000000000000000E+000                  0.0000000000000000E+000                                        0                 -9.8999999999999986E+001                 -9.9000000000000000E+001                 -9.9000000000000000E+001 
                                     220                  1.9998864425077527E+000                  4.1984698912201207E-001                  4.9318156183738129E+000                 -6.4253519302155571E+000                  6.6644444427136751E+000                  7.5579999999986525E-001                  2.4280000000013480E-001                  1.3999999999999568E-003                  6.4270770132359338E-026                  0.0000000000000000E+000                  0.0000000000000000E+000                                        0                 -9.8999999999999986E+001                 -9.9000000000000000E+001                 -9.9000000000000000E+001 
                                     221                  1.9998864353768779E+000                  4.1963364134977110E-001                  4.9372363246023347E+000                 -6.4062184232642165E+000                  6.6889193355639964E+000                  7.5579999999986525E-001                  2.4280000000013477E-001                  1.3999999999999568E-003                  6.7167401042003385E-026                  0.0000000000000000E+000                  0.0000000000000000E+000                                        0                 -9.8999999999999986E+001                 -9.9000000000000000E+001                 -9.9000000000000000E+001 
                                     222                  1.9998864282610160E+000                  4.1942962482122248E-001                  4.9413646069924564E+000                 -6.3916823873498929E+000                  6.7075243926798693E+000                  7.5579999999986525E-001                  2.4280000000013480E-001                  1.3999999999999568E-003                  6.9454999442792559E-026                  0.0000000000000000E+000                  0.0000000000000000E+000                                        0                 -9.8999999999999986E+001                 -9.9000000000000000E+001                 -9.9000000000000000E+001 
                                     223                  1.9998864240182659E+000                  4.1931185556212452E-001                  4.9443633299455039E+000                 -6.3812302290628926E+000                  6.7209354236414471E+000                  7.5579999999986525E-001                  2.4280000000013480E-001                  1.3999999999999568E-003                  7.1147916286543052E-026                  0.0000000000000000E+000                  0.0000000000000000E+000                                        0                 -9.8999999999999986E+001                 -9.9000000000000000E+001                 -9.9000000000000000E+001 
                                     224                  1.9998864197755162E+000                  4.1919679432720980E-001                  4.9480064568669953E+000                 -6.3686337995963651E+000                  6.7371295939090388E+000                  7.5579999999986525E-001                  2.4280000000013480E-001                  1.3999999999999568E-003                  7.3243075205490307E-026                  0.0000000000000000E+000                  0.0000000000000000E+000                                        0                 -9.8999999999999986E+001                 -9.9000000000000000E+001                 -9.9000000000000000E+001 
                                     225                  1.9998864134275767E+000                  4.1902939966352659E-001                  4.9522156321147088E+000                 -6.3541140609331297E+000                  6.7558070915047965E+000                  7.5579999999986525E-001                  2.4280000000013480E-001                  1.3999999999999568E-003                  7.5734824354336962E-026                  0.0000000000000000E+000                  0.0000000000000000E+000                                        0                 -9.8999999999999986E+001                 -9.9000000000000000E+001                 -9.9000000000000000E+001 
                                     226                  1.9998864070797535E+000                  4.1886732762330103E-001                  4.9569409888691593E+000                 -6.3379659569510727E+000                  6.7766273034740534E+000                  7.5579999999986525E-001                  2.4280000000013480E-001                  1.3999999999999568E-003                  7.8605741256600032E-026                  0.0000000000000000E+000                  0.0000000000000000E+000                                        0                 -9.8999999999999986E+001                 -9.9000000000000000E+001                 -9.9000000000000000E+001 
                                     227                  1.9998863986387427E+000                  4.1865941319875472E-001                  4.9608103391157803E+000                 -6.3247099019903947E+000                  6.7937081596545976E+000                  7.5579999999986525E-001                  2.4280000000013480E-001                  1.3999999999999568E-003                  8.1043674211134585E-026                  0.0000000000000000E+000                  0.0000000000000000E+000                                        0                 -9.8999999999999986E+001                 -9.9000000000000000E+001                 -9.9000000000000000E+001 
                                     228                  1.9998863944305350E+000                  4.1855876774989131E-001                  4.9645769743228625E+000                 -6.3120214549877929E+000                  6.8101261371048256E+000                  7.5579999999986525E-001                  2.4280000000013480E-001                  1.3999999999999568E-003                  8.3448035584294647E-026                  0.0000000000000000E+000                  0.0000000000000000E+000                                        0                 -9.8999999999999986E+001                 -9.9000000000000000E+001                 -9.9000000000000000E+001 
                                     229                  1.9998863860141194E+000                  4.1836307254855543E-001                  4.9693893704432579E+000                 -6.2958132444661787E+000                  6.8310994134300911E+000                  7.5579999999986525E-001                  2.4280000000013480E-001                  1.3999999999999568E-003                  8.6623440644743191E-026                  0.0000000000000000E+000                  0.0000000000000000E+000                                        0                 -9.8999999999999986E+001                 -9.9000000000000000E+001                 -9.9000000000000000E+001 
                                     230                  1.9998863776233784E+000                  4.1817487197138914E-001                  4.9740037042788288E+000                 -6.2803742097218720E+000                  6.8511103231627519E+000                  7.5579999999986525E-001                  2.4280000000013482E-001                  1.3999999999999568E-003                  8.9760493576705012E-026                  0.0000000000000000E+000                  0.0000000000000000E+000                                        0                 -9.8999999999999986E+001                 -9.9000000000000000E+001                 -9.9000000000000000E+001 
                                     231                  1.9998863692326374E+000                  4.1799301204581879E-001                  4.9778850742873546E+000                 -6.2674318816603956E+000                  6.8678995605309057E+000                  7.5579999999986525E-001                  2.4280000000013480E-001                  1.3999999999999568E-003                  9.2477639067497348E-026                  0.0000000000000000E+000                  0.0000000000000000E+000                                        0                 -9.8999999999999986E+001                 -9.9000000000000000E+001                 -9.9000000000000000E+001 
                                     232                  1.9998863629592687E+000                  4.1786089277145488E-001                  4.9827167753602648E+000                 -6.2515649804978919E+000                  6.8885622078527362E+000                  7.5579999999986525E-001                  2.4280000000013482E-001                  1.3999999999999568E-003                  9.5921302676081799E-026                  0.0000000000000000E+000                  0.0000000000000000E+000                                        0                 -9.8999999999999986E+001                 -9.9000000000000000E+001                 -9.9000000000000000E+001 
                                     233                  1.9998863504125310E+000                  4.1760579300459666E-001                  4.9883192049967562E+000                 -6.2331165095792311E+000                  6.9125699132085838E+000                  7.5579999999986525E-001                  2.4280000000013480E-001                  1.3999999999999568E-003                  1.0008686714419934E-025                  0.0000000000000000E+000                  0.0000000000000000E+000                                        0                 -9.8999999999999986E+001                 -9.9000000000000000E+001                 -9.9000000000000000E+001 
                                     234                  1.9998863399916547E+000                  4.1740240620284741E-001                  4.9936646200295005E+000                 -6.2157159280701366E+000                  6.9352803512256909E+000                  7.5579999999986525E-001                  2.4280000000013480E-001                  1.3999999999999568E-003                  1.0418152914707073E-025                  0.0000000000000000E+000                  0.0000000000000000E+000                                        0                 -9.8999999999999986E+001                 -9.9000000000000000E+001                 -9.9000000000000000E+001 
                                     235                  1.9998863275286094E+000                  4.1716836180527633E-001                  4.9996764011892028E+000                 -6.1962831925213617E+000                  6.9606886555508245E+000                  7.5579999999986525E-001                  2.4280000000013480E-001                  1.3999999999999568E-003                  1.0895278790862168E-025                  0.0000000000000000E+000                  0.0000000000000000E+000                                        0                 -9.8999999999999986E+001                 -9.9000000000000000E+001                 -9.9000000000000000E+001 
                                     236                  1.9998863129883899E+000                  4.1690681122707157E-001                  5.0053840642204239E+000                 -6.1778984043519110E+000                  6.9847484597661520E+000                  7.5579999999986525E-001                  2.4280000000013480E-001                  1.3999999999999568E-003                  1.1366781834860102E-025                  0.0000000000000000E+000                  0.0000000000000000E+000                                        0                 -9.8999999999999986E+001                 -9.9000000000000000E+001                 -9.9000000000000000E+001 
                                     237                  1.9998863005254777E+000                  4.1669156542617558E-001                  5.0108606225354926E+000                 -6.1604478819196542E+000                  7.0076494610534299E+000                  7.5579999999986525E-001                  2.4280000000013477E-001                  1.3999999999999568E-003                  1.1833194056016965E-025                  0.0000000000000000E+000                  0.0000000000000000E+000                                        0                 -9.8999999999999986E+001                 -9.9000000000000000E+001                 -9.9000000000000000E+001 
                                     238                  1.9998862859120026E+000                  4.1644873380726677E-001                  5.0161065053577643E+000                 -6.1437824814788824E+000                  7.0295370778509483E+000                  7.5579999999986525E-001                  2.4280000000013482E-001                  1.3999999999999568E-003                  1.2296484346171022E-025                  0.0000000000000000E+000                  0.0000000000000000E+000                                        0                 -9.8999999999999986E+001                 -9.9000000000000000E+001                 -9.9000000000000000E+001 
                                     239                  1.9998862733389740E+000                  4.1624736483905245E-001                  5.0207689126572417E+000                 -6.1290844345568516E+000                  7.0488796088680390E+000                  7.5579999999986525E-001                  2.4280000000013480E-001                  1.3999999999999568E-003                  1.2720119633533918E-025                  0.0000000000000000E+000                  0.0000000000000000E+000                                        0                 -9.8999999999999986E+001                 -9.9000000000000000E+001                 -9.9000000000000000E+001 
                                     240                  1.9998862607660717E+000                  4.1605243218440841E-001                  5.0260012982670181E+000                 -6.1127344245065638E+000                  7.0704458534690477E+000                  7.5579999999986514E-001                  2.4280000000013474E-001                  1.4000000000000679E-003                  1.3208545778599762E-025                  0.0000000000000000E+000                  0.0000000000000000E+000                                        0                 -9.8999999999999986E+001                 -9.9000000000000000E+001                 -9.9000000000000000E+001 
                                     241                  1.9998862440022021E+000                  4.1580173945406579E-001                  5.0302853979276767E+000                 -6.0992942116784850E+000                  7.0881553880134076E+000                  7.5579999999986525E-001                  2.4280000000013480E-001                  1.3999999999999568E-003                  1.3624066559612142E-025                  0.0000000000000000E+000                  0.0000000000000000E+000                                        0                 -9.8999999999999986E+001                 -9.9000000000000000E+001                 -9.9000000000000000E+001 
                                     242                  1.9998862356202671E+000                  4.1568005638999855E-001                  5.0330712058696507E+000                 -6.0906427320571490E+000                  7.0995854964812599E+000                  7.5579999999986525E-001                  2.4280000000013480E-001                  1.3999999999999568E-003                  1.3898430429869367E-025                  0.0000000000000000E+000                  0.0000000000000000E+000                                        0                 -9.8999999999999986E+001                 -9.9000000000000000E+001                 -9.9000000000000000E+001 
                                     243                  1.9998862272383322E+000                  4.1556067400357971E-001                  5.0357942379136666E+000                 -6.0822103653861710E+000                  7.1107345276857670E+000                  7.5579999999986525E-001                  2.4280000000013480E-001                  1.3999999999999568E-003                  1.4171164084351261E-025                  0.0000000000000000E+000                  0.0000000000000000E+000                                        0                 -9.8999999999999986E+001                 -9.9000000000000000E+001                 -9.9000000000000000E+001 
                                     244                  1.9998862188564663E+000                  4.1544349247451134E-001                  5.0397824832700158E+000                 -6.0699706111426073E+000                  7.1269562377803926E+000                  7.5579999999986525E-001                  2.4280000000013480E-001                  1.3999999999999568E-003                  1.4576597207140984E-025                  0.0000000000000000E+000                  0.0000000000000000E+000                                        0                 -9.8999999999999986E+001                 -9.9000000000000000E+001                 -9.9000000000000000E+001 
                                     245                  1.9998862020927344E+000                  4.1521537039363943E-001                  5.0461483462496775E+000                 -6.0505177805356380E+000                  7.1527671232639580E+000                  7.5579999999986514E-001                  2.4280000000013480E-001                  1.4000000000000679E-003                  1.5244970153331015E-025                  0.0000000000000000E+000                  0.0000000000000000E+000                                        0                 -9.8999999999999986E+001                 -9.9000000000000000E+001                 -9.9000000000000000E+001 
                                     246                  1.9998861769471366E+000                  4.1488754724073290E-001                  5.0515639260415464E+000                 -6.0338396088934427E+000                  7.1748505571267458E+000                  7.5579999999986514E-001                  2.4280000000013480E-001                  1.4000000000000679E-003                  1.5842369885702593E-025                  0.0000000000000000E+000                  0.0000000000000000E+000                                        0                 -9.8999999999999986E+001                 -9.9000000000000000E+001                 -9.9000000000000000E+001 
                                     247                  1.9998861643187182E+000                  4.1472884673832278E-001                  5.0550729030441275E+000                 -6.0231620121562051E+000                  7.1890339865807222E+000                  7.5579999999986514E-001                  2.4280000000013480E-001                  1.4000000000000679E-003                  1.6237073590925320E-025                  0.0000000000000000E+000                  0.0000000000000000E+000                                        0                 -9.8999999999999986E+001                 -9.9000000000000000E+001                 -9.9000000000000000E+001 
                                     248                  1.9998861516902997E+000                  4.1457383261166886E-001                  5.0590683973226076E+000                 -6.0110718250456410E+000                  7.2051179354858910E+000                  7.5579999999986514E-001                  2.4280000000013480E-001                  1.4000000000000679E-003                  1.6695884524051216E-025                  0.0000000000000000E+000                  0.0000000000000000E+000                                        0                 -9.8999999999999986E+001                 -9.9000000000000000E+001                 -9.9000000000000000E+001 
                                     249                  1.9998861347038681E+000                  4.1437079740398081E-001                  5.0634869013580470E+000                 -5.9977102899030115E+000                  7.2228962587785404E+000                  7.5579999999986514E-001                  2.4280000000013480E-001                  1.4000000000000679E-003                  1.7218045331439400E-025                  0.0000000000000000E+000                  0.0000000000000000E+000                                        0                 -9.8999999999999986E+001                 -9.9000000000000000E+001                 -9.9000000000000000E+001 
                                     250                  1.9998861177174365E+000                  4.1417364135429408E-001                  5.0688078961054268E+000                 -5.9817492208752068E+000                  7.2441797979371270E+000                  7.5579999999986514E-001                  2.4280000000013480E-001                  1.4000000000000679E-003                  1.7863253456589464E-025                  0.0000000000000000E+000                  0.0000000000000000E+000                                        0                 -9.8999999999999986E+001                 -9.9000000000000000E+001                 -9.9000000000000000E+001 
                                     251                  1.9998860922379371E+000                  4.1388810476463461E-001                  5.0738724717545418E+000                 -5.9664715830512467E+000                  7.2645209887169342E+000                  7.5579999999986514E-001                  2.4280000000013480E-001                  1.4000000000000679E-003                  1.8503481131259104E-025                  0.0000000000000000E+000                  0.0000000000000000E+000                                        0                 -9.8999999999999986E+001                 -9.9000000000000000E+001                 -9.9000000000000000E+001 
                                     252                  1.9998860752516043E+000                  4.1370402869557438E-001                  5.0777876589958622E+000                 -5.9547486753184931E+000                  7.2801606896490769E+000                  7.5579999999986514E-001                  2.4280000000013480E-001                  1.4000000000000679E-003                  1.9010267463416668E-025                  0.0000000000000000E+000                  0.0000000000000000E+000                                        0                 -9.8999999999999986E+001                 -9.9000000000000000E+001                 -9.9000000000000000E+001 
                                     253                  1.9998860582652715E+000                  4.1352462985269822E-001                  5.0834615711179563E+000                 -5.9379420505863925E+000                  7.3026485665918281E+000                  7.5579999999986514E-001                  2.4280000000013480E-001                  1.4000000000000679E-003                  1.9761147498444183E-025                  0.0000000000000000E+000                  0.0000000000000000E+000                                        0                 -9.8999999999999986E+001                 -9.9000000000000000E+001                 -9.9000000000000000E+001 
                                     254                  1.9998860242926060E+000                  4.1317882527497851E-001                  5.0888190825329973E+000                 -5.9218533057199458E+000                  7.3240956285150256E+000                  7.5579999999986514E-001                  2.4280000000013480E-001                  1.4000000000000679E-003                  2.0507739231994806E-025                  0.0000000000000000E+000                  0.0000000000000000E+000                                        0                 -9.8999999999999986E+001                 -9.9000000000000000E+001                 -9.9000000000000000E+001 
                                     255                  1.9998860073063645E+000                  4.1301191663824938E-001                  5.0922800368835421E+000                 -5.9115655886144598E+000                  7.3378477285940891E+000                  7.5579999999986514E-001                  2.4280000000013482E-001                  1.4000000000000679E-003                  2.0999863011793485E-025                  0.0000000000000000E+000                  0.0000000000000000E+000                                        0                 -9.8999999999999986E+001                 -9.9000000000000000E+001                 -9.9000000000000000E+001 
                                     256                  1.9998859903201229E+000                  4.1284872938303002E-001                  5.0973141291454853E+000                 -5.8967345527811670E+000                  7.3577215024201674E+000                  7.5579999999986514E-001                  2.4280000000013480E-001                  1.4000000000000679E-003                  2.1730189952746776E-025                  0.0000000000000000E+000                  0.0000000000000000E+000                                        0                 -9.8999999999999986E+001                 -9.9000000000000000E+001                 -9.9000000000000000E+001 
                                     257                  1.9998859563476397E+000                  4.1253278995732046E-001                  5.1036760195969721E+000                 -5.8778746766507401E+000                  7.3829509062855552E+000                  7.5579999999986514E-001                  2.4280000000013480E-001                  1.4000000000000679E-003                  2.2695730820944860E-025                  0.0000000000000000E+000                  0.0000000000000000E+000                                        0                 -9.8999999999999986E+001                 -9.9000000000000000E+001                 -9.9000000000000000E+001 
                                     258                  1.9998859223753254E+000                  4.1222963097087845E-001                  5.1097112532781290E+000                 -5.8600091465813193E+000                  7.4068595929305427E+000                  7.5579999999986514E-001                  2.4280000000013480E-001                  1.4000000000000679E-003                  2.3649926509471768E-025                  0.0000000000000000E+000                  0.0000000000000000E+000                                        0                 -9.8999999999999986E+001                 -9.9000000000000000E+001                 -9.9000000000000000E+001 
                                     259                  1.9998858884030111E+000                  4.1193809176290425E-001                  5.1147847798733483E+000                 -5.8449582210955970E+000                  7.4269897767690614E+000                  7.5579999999986514E-001                  2.4280000000013480E-001                  1.4000000000000679E-003                  2.4484879382949961E-025                  0.0000000000000000E+000                  0.0000000000000000E+000                                        0                 -9.8999999999999986E+001                 -9.9000000000000000E+001                 -9.9000000000000000E+001 
                                     260                  1.9998858623569176E+000                  4.1172180732178998E-001                  5.1200775430490042E+000                 -5.8293865196362162E+000                  7.4478637914266885E+000                  7.5579999999986514E-001                  2.4280000000013480E-001                  1.4000000000000679E-003                  2.5379778575863940E-025                  0.0000000000000000E+000                  0.0000000000000000E+000                                        0                 -9.8999999999999986E+001                 -9.9000000000000000E+001                 -9.9000000000000000E+001 
                                     261                  1.9998858232877770E+000                  4.1140823365902224E-001                  5.1251056099356687E+000                 -5.8144467149629273E+000                  7.4678366230045539E+000                  7.5579999999986525E-001                  2.4280000000013477E-001                  1.3999999999999568E-003                  2.6269110058178443E-025                  0.0000000000000000E+000                  0.0000000000000000E+000                                        0                 -9.8999999999999986E+001                 -9.9000000000000000E+001                 -9.9000000000000000E+001 
                                     262                  1.9998857972417943E+000                  4.1120589419870601E-001                  5.1309146916663160E+000                 -5.7974116242883085E+000                  7.4906927583515666E+000                  7.5579999999986525E-001                  2.4280000000013477E-001                  1.3999999999999568E-003                  2.7321279520911512E-025                  0.0000000000000000E+000                  0.0000000000000000E+000                                        0                 -9.8999999999999986E+001                 -9.9000000000000000E+001                 -9.9000000000000000E+001 
                                     263                  1.9998857451498282E+000                  4.1081598474089404E-001                  5.1363751128633295E+000                 -5.7810851989084115E+000                  7.5124820816560511E+000                  7.5579999999986514E-001                  2.4280000000013477E-001                  1.4000000000000679E-003                  2.8369231111330465E-025                  0.0000000000000000E+000                  0.0000000000000000E+000                                        0                 -9.8999999999999986E+001                 -9.9000000000000000E+001                 -9.9000000000000000E+001 
                                     264                  1.9998857191039392E+000                  4.1062784828870547E-001                  5.1407694994221380E+000                 -5.7680980855970310E+000                  7.5298697771468150E+000                  7.5579999999986514E-001                  2.4280000000013477E-001                  1.4000000000000679E-003                  2.9231489163911410E-025                  0.0000000000000000E+000                  0.0000000000000000E+000                                        0                 -9.8999999999999986E+001                 -9.9000000000000000E+001                 -9.9000000000000000E+001 
                                     265                  1.9998856800351061E+000                  4.1035351989623564E-001                  5.1449731918023867E+000                 -5.7555443011724696E+000                  7.5466295320393639E+000                  7.5579999999986514E-001                  2.4280000000013477E-001                  1.4000000000000679E-003                  3.0089895138004600E-025                  0.0000000000000000E+000                  0.0000000000000000E+000                                        0                 -9.8999999999999986E+001                 -9.9000000000000000E+001                 -9.9000000000000000E+001 
                                     266                  1.9998856539892171E+000                  4.1017556736326105E-001                  5.1498543545008495E+000                 -5.7411074213174835E+000                  7.5659540947671582E+000                  7.5579999999986525E-001                  2.4280000000013480E-001                  1.3999999999999568E-003                  3.1108292906642668E-025                  0.0000000000000000E+000                  0.0000000000000000E+000                                        0                 -9.8999999999999986E+001                 -9.9000000000000000E+001                 -9.9000000000000000E+001 
                                     267                  1.9998856018974391E+000                  4.0983067666669598E-001                  5.1567677957113114E+000                 -5.7204759281211848E+000                  7.5935030958256027E+000                  7.5579999999986525E-001                  2.4280000000013477E-001                  1.3999999999999568E-003                  3.2623821046822216E-025                  0.0000000000000000E+000                  0.0000000000000000E+000                                        0                 -9.8999999999999986E+001                 -9.9000000000000000E+001                 -9.9000000000000000E+001 
                                     268                  1.9998855367829502E+000                  4.0941848992734825E-001                  5.1625177716864945E+000                 -5.7030338460450691E+000                  7.6166906180017113E+000                  7.5579999999986514E-001                  2.4280000000013477E-001                  1.4000000000000679E-003                  3.3962555891669224E-025                  0.0000000000000000E+000                  0.0000000000000000E+000                                        0                 -9.8999999999999986E+001                 -9.9000000000000000E+001                 -9.9000000000000000E+001 
                                     269                  1.9998854977142568E+000                  4.0918037932819157E-001                  5.1671541404342207E+000                 -5.6890471846544797E+000                  7.6353121201505170E+000                  7.5579999999986514E-001                  2.4280000000013477E-001                  1.4000000000000679E-003                  3.5075686282329523E-025                  0.0000000000000000E+000                  0.0000000000000000E+000                                        0                 -9.8999999999999986E+001                 -9.9000000000000000E+001                 -9.9000000000000000E+001 
                                     270                  1.9998854491854419E+000                  4.0889346622853334E-001                  5.1718762335763042E+000                 -5.6746832436182428E+000                  7.6543932712261507E+000                  7.5579999999986514E-001                  2.4280000000013477E-001                  1.4000000000000679E-003                  3.6256852818304925E-025                  0.0000000000000000E+000                  0.0000000000000000E+000                                        0                 -9.8999999999999986E+001                 -9.9000000000000000E+001                 -9.9000000000000000E+001 
                                     271                  1.9998854042195642E+000                  4.0863578265353567E-001                  5.1762288969878547E+000                 -5.6613937033871720E+000                  7.6720295829659158E+000                  7.5579999999986514E-001                  2.4280000000013477E-001                  1.4000000000000679E-003                  3.7385089714547990E-025                  0.0000000000000000E+000                  0.0000000000000000E+000                                        0                 -9.8999999999999986E+001                 -9.9000000000000000E+001                 -9.9000000000000000E+001 
                                     272                  1.9998853592536863E+000                  4.0838542592926036E-001                  5.1814449824112696E+000                 -5.6454716939971163E+000                  7.6931607013828556E+000                  7.5579999999986525E-001                  2.4280000000013477E-001                  1.3999999999999568E-003                  3.8783171193769398E-025                  0.0000000000000000E+000                  0.0000000000000000E+000                                        0                 -9.8999999999999986E+001                 -9.9000000000000000E+001                 -9.9000000000000000E+001 
                                     273                  1.9998852918048695E+000                  4.0802264189849569E-001                  5.1883296716653859E+000                 -5.6242961569393772E+000                  7.7212072417523316E+000                  7.5579999999986514E-001                  2.4280000000013480E-001                  1.4000000000000679E-003                  4.0723953498802529E-025                  0.0000000000000000E+000                  0.0000000000000000E+000                                        0                 -9.8999999999999986E+001                 -9.9000000000000000E+001                 -9.9000000000000000E+001 
                                     274                  1.9998852018734354E+000                  4.0756063663793229E-001                  5.1938279744395199E+000                 -5.6070011239162847E+000                  7.7439789920996915E+000                  7.5579999999986514E-001                  2.4280000000013480E-001                  1.4000000000000679E-003                  4.2380971668843174E-025                  0.0000000000000000E+000                  0.0000000000000000E+000                                        0                 -9.8999999999999986E+001                 -9.9000000000000000E+001                 -9.9000000000000000E+001 
                                     275                  1.9998851569077185E+000                  4.0733812701087541E-001                  5.1982369923577982E+000                 -5.5932550016676075E+000                  7.7621202283232291E+000                  7.5579999999986514E-001                  2.4280000000013477E-001                  1.4000000000000679E-003                  4.3745966734794681E-025                  0.0000000000000000E+000                  0.0000000000000000E+000                                        0                 -9.8999999999999986E+001                 -9.9000000000000000E+001                 -9.9000000000000000E+001 
                                     276                  1.9998850894591429E+000                  4.0701415042526728E-001                  5.2049305922867370E+000                 -5.5723093276357725E+000                  7.7897362772083847E+000                  7.5579999999986514E-001                  2.4280000000013480E-001                  1.4000000000000679E-003                  4.5910952932320184E-025                  0.0000000000000000E+000                  0.0000000000000000E+000                                        0                 -9.8999999999999986E+001                 -9.9000000000000000E+001                 -9.9000000000000000E+001 
                                     277                  1.9998849770452543E+000                  4.0649812035427846E-001                  5.2103567379532354E+000                 -5.5547935252800480E+000                  7.8126446228987225E+000                  7.5579999999986514E-001                  2.4280000000013480E-001                  1.4000000000000679E-003                  4.7803531913848511E-025                  0.0000000000000000E+000                  0.0000000000000000E+000                                        0                 -9.8999999999999986E+001                 -9.9000000000000000E+001                 -9.9000000000000000E+001 
                                     278                  1.9998849320796988E+000                  4.0629937748544792E-001                  5.2148463692293703E+000                 -5.5405099790540140E+000                  7.8313958092140892E+000                  7.5579999999986514E-001                  2.4280000000013477E-001                  1.4000000000000679E-003                  4.9404519170783531E-025                  0.0000000000000000E+000                  0.0000000000000000E+000                                        0                 -9.8999999999999986E+001                 -9.9000000000000000E+001                 -9.9000000000000000E+001 
                                     279                  1.9998848421485880E+000                  4.0591397534054557E-001                  5.2204949325343728E+000                 -5.5222352203887750E+000                  7.8552831610434168E+000                  7.5579999999986514E-001                  2.4280000000013480E-001                  1.4000000000000679E-003                  5.1531359570932946E-025                  0.0000000000000000E+000                  0.0000000000000000E+000                                        0                 -9.8999999999999986E+001                 -9.9000000000000000E+001                 -9.9000000000000000E+001 
                                     280                  1.9998847522178038E+000                  4.0554348948536550E-001                  5.2251077777453379E+000                 -5.5071301291698616E+000                  7.8749668340758321E+000                  7.5579999999986514E-001                  2.4280000000013480E-001                  1.4000000000000679E-003                  5.3358314393978041E-025                  0.0000000000000000E+000                  0.0000000000000000E+000                                        0                 -9.8999999999999986E+001                 -9.9000000000000000E+001                 -9.9000000000000000E+001 
                                     281                  1.9998846868514981E+000                  4.0528283880224825E-001                  5.2306902959417441E+000                 -5.4889745035833224E+000                  7.8986670311659921E+000                  7.5579999999986514E-001                  2.4280000000013480E-001                  1.4000000000000679E-003                  5.5640221492140236E-025                  0.0000000000000000E+000                  0.0000000000000000E+000                                        0                 -9.8999999999999986E+001                 -9.9000000000000000E+001                 -9.9000000000000000E+001 
                                     282                  1.9998845561188863E+000                  4.0478156389231534E-001                  5.2376098665505673E+000                 -5.4659878045922783E+000                  7.9285133070681644E+000                  7.5579999999986514E-001                  2.4280000000013482E-001                  1.4000000000000679E-003                  5.8669972428222605E-025                  0.0000000000000000E+000                  0.0000000000000000E+000                                        0                 -9.8999999999999986E+001                 -9.9000000000000000E+001                 -9.9000000000000000E+001 
                                     283                  1.9998844253867607E+000                  4.0430452350682211E-001                  5.2424586463766456E+000                 -5.4495847148963383E+000                  7.9497153120369832E+000                  7.5579999999986525E-001                  2.4280000000013488E-001                  1.3999999999998458E-003                  6.0932417055122814E-025                  0.0000000000000000E+000                  0.0000000000000000E+000                                        0                 -9.8999999999999986E+001                 -9.9000000000000000E+001                 -9.9000000000000000E+001 
                                     284                  1.9998843600206977E+000                  4.0407428225645997E-001                  5.2455795971613073E+000                 -5.4390657164964606E+000                  7.9633243202302042E+000                  7.5579999999986525E-001                  2.4280000000013485E-001                  1.3999999999998458E-003                  6.2429027360725120E-025                  0.0000000000000000E+000                  0.0000000000000000E+000                                        0                 -9.8999999999999986E+001                 -9.9000000000000000E+001                 -9.9000000000000000E+001 
                                     285                  1.9998842946546349E+000                  4.0384919695864457E-001                  5.2493887195998008E+000                 -5.4262177862333552E+000                  7.9799434569981269E+000                  7.5579999999986525E-001                  2.4280000000013485E-001                  1.3999999999998458E-003                  6.4306995369832392E-025                  0.0000000000000000E+000                  0.0000000000000000E+000                                        0                 -9.8999999999999986E+001                 -9.9000000000000000E+001                 -9.9000000000000000E+001 
                                     286                  1.9998841950576074E+000                  4.0351559297331324E-001                  5.2545960941586536E+000                 -5.4085314516999938E+000                  8.0027822455300850E+000                  7.5579999999986525E-001                  2.4280000000013485E-001                  1.3999999999998458E-003                  6.6985032893021438E-025                  0.0000000000000000E+000                  0.0000000000000000E+000                                        0                 -9.8999999999999986E+001                 -9.9000000000000000E+001                 -9.9000000000000000E+001 
                                     287                  1.9998840581337485E+000                  4.0307408327548394E-001                  5.2595634107602374E+000                 -5.3913773165440864E+000                  8.0248439892128367E+000                  7.5579999999986525E-001                  2.4280000000013482E-001                  1.3999999999999568E-003                  6.9689086974957132E-025                  0.0000000000000000E+000                  0.0000000000000000E+000                                        0                 -9.8999999999999986E+001                 -9.9000000000000000E+001                 -9.9000000000000000E+001 
                                     288                  1.9998839554408541E+000                  4.0275493798619638E-001                  5.2643085597021750E+000                 -5.3750109100971599E+000                  8.0458993176577600E+000                  7.5579999999986525E-001                  2.4280000000013485E-001                  1.3999999999998458E-003                  7.2370760677612373E-025                  0.0000000000000000E+000                  0.0000000000000000E+000                                        0                 -9.8999999999999986E+001                 -9.9000000000000000E+001                 -9.9000000000000000E+001 
                                     289                  1.9998838185169951E+000                  4.0234411412074328E-001                  5.2681626347639714E+000                 -5.3614800558564397E+000                  8.0632324860605689E+000                  7.5579999999986525E-001                  2.4280000000013482E-001                  1.3999999999999568E-003                  7.4665652096996468E-025                  0.0000000000000000E+000                  0.0000000000000000E+000                                        0                 -9.8999999999999986E+001                 -9.9000000000000000E+001                 -9.9000000000000000E+001 
                                     290                  1.9998837500550652E+000                  4.0214458308434092E-001                  5.2706600609414451E+000                 -5.3527418614148488E+000                  8.0744354649068253E+000                  7.5579999999986525E-001                  2.4280000000013485E-001                  1.3999999999998458E-003                  7.6186255692258850E-025                  0.0000000000000000E+000                  0.0000000000000000E+000                                        0                 -9.8999999999999986E+001                 -9.9000000000000000E+001                 -9.9000000000000000E+001 
                                     291                  1.9998836815931358E+000                  4.0194875936395452E-001                  5.2736985452077993E+000                 -5.3421073047892715E+000                  8.0880688232278608E+000                  7.5579999999986525E-001                  2.4280000000013477E-001                  1.3999999999999568E-003                  7.8078742333473289E-025                  0.0000000000000000E+000                  0.0000000000000000E+000                                        0                 -9.8999999999999986E+001                 -9.9000000000000000E+001                 -9.9000000000000000E+001 
                                     292                  1.9998835789002416E+000                  4.0166165065893572E-001                  5.2769185909653320E+000                 -5.3307263808650109E+000                  8.1026249789899172E+000                  7.5579999999986525E-001                  2.4280000000013482E-001                  1.3999999999999568E-003                  8.0156208001968336E-025                  0.0000000000000000E+000                  0.0000000000000000E+000                                        0                 -9.8999999999999986E+001                 -9.9000000000000000E+001                 -9.9000000000000000E+001 
                                     293                  1.9998834933228296E+000                  4.0142816236602347E-001                  5.2797559973624439E+000                 -5.3206742202037463E+000                  8.1154745773644450E+000                  7.5579999999986525E-001                  2.4280000000013482E-001                  1.3999999999999568E-003                  8.2037094685597849E-025                  0.0000000000000000E+000                  0.0000000000000000E+000                                        0                 -9.8999999999999986E+001                 -9.9000000000000000E+001                 -9.9000000000000000E+001 
                                     294                  1.9998834077454177E+000                  4.0119965197719343E-001                  5.2822350405290210E+000                 -5.3118455611632482E+000                  8.1267462688340686E+000                  7.5579999999986525E-001                  2.4280000000013480E-001                  1.3999999999999568E-003                  8.3725456848309453E-025                  0.0000000000000000E+000                  0.0000000000000000E+000                                        0                 -9.8999999999999986E+001                 -9.9000000000000000E+001                 -9.9000000000000000E+001 
                                     295                  1.9998833392834880E+000                  4.0102026986506084E-001                  5.2846552853060729E+000                 -5.3032262824747107E+000                  8.1377507379794398E+000                  7.5579999999986525E-001                  2.4280000000013482E-001                  1.3999999999999568E-003                  8.5407328794426309E-025                  0.0000000000000000E+000                  0.0000000000000000E+000                                        0                 -9.8999999999999986E+001                 -9.9000000000000000E+001                 -9.9000000000000000E+001 
                                     296                  1.9998832537060762E+000                  4.0080014499427169E-001                  5.2872696900682454E+000                 -5.2938690973500417E+000                  8.1496833761635177E+000                  7.5579999999986525E-001                  2.4280000000013482E-001                  1.3999999999999568E-003                  8.7271498215954979E-025                  0.0000000000000000E+000                  0.0000000000000000E+000                                        0                 -9.8999999999999986E+001                 -9.9000000000000000E+001                 -9.9000000000000000E+001 
                                     297                  1.9998831681286642E+000                  4.0058438756742948E-001                  5.2913390994356773E+000                 -5.2793724915800828E+000                  8.1681907620906333E+000                  7.5579999999986525E-001                  2.4280000000013480E-001                  1.3999999999999568E-003                  9.0240317026974930E-025                  0.0000000000000000E+000                  0.0000000000000000E+000                                        0                 -9.8999999999999986E+001                 -9.9000000000000000E+001                 -9.9000000000000000E+001 
                                     298                  1.9998829793124906E+000                  4.0012289477389429E-001                  5.2961530376392432E+000                 -5.2619146346970505E+000                  8.1903856800692871E+000                  7.5579999999986525E-001                  2.4280000000013480E-001                  1.3999999999999568E-003                  9.3950087229106907E-025                  0.0000000000000000E+000                  0.0000000000000000E+000                                        0                 -9.8999999999999986E+001                 -9.9000000000000000E+001                 -9.9000000000000000E+001 
                                     299                  1.9998828247272820E+000                  3.9975891765265076E-001                  5.3002924901207287E+000                 -5.2468687092904744E+000                  8.2095044807576159E+000                  7.5579999999986525E-001                  2.4280000000013480E-001                  1.3999999999999568E-003                  9.7269593527587163E-025                  0.0000000000000000E+000                  0.0000000000000000E+000                                        0                 -9.8999999999999986E+001                 -9.9000000000000000E+001                 -9.9000000000000000E+001 
                                     300                  1.9998826701420735E+000                  3.9940646335166080E-001                  5.3042562125244430E+000                 -5.2323965799832024E+000                  8.2278752911226807E+000                  7.5579999999986514E-001                  2.4280000000013474E-001                  1.4000000000000679E-003                  1.1545393415651127E-024                  0.0000000000000000E+000                  0.0000000000000000E+000                                        0                 -9.8999999999999986E+001                 -9.9000000000000000E+001                 -9.9000000000000000E+001 
                                     301                  1.9998825155568649E+000                  3.9906474212627879E-001                  5.3074274624915772E+000                 -5.2207313493960372E+000                  8.2426578175552017E+000                  7.5579999999986514E-001                  2.4280000000013482E-001                  1.4000000000000679E-003                  1.3578644646228954E-024                  0.0000000000000000E+000                  0.0000000000000000E+000                                        0                 -9.8999999999999986E+001                 -9.9000000000000000E+001                 -9.9000000000000000E+001 
                                     302                  1.9998824125000589E+000                  3.9884253324200447E-001                  5.3098958499506184E+000                 -5.2116608455642073E+000                  8.2541551167853129E+000                  7.5579999999986514E-001                  2.4280000000013477E-001                  1.4000000000000679E-003                  1.5402053143744409E-024                  0.0000000000000000E+000                  0.0000000000000000E+000                                        0                 -9.8999999999999986E+001                 -9.9000000000000000E+001                 -9.9000000000000000E+001 
                                     303                  1.9998823094432532E+000                  3.9862458611396201E-001                  5.3129806066231176E+000                 -5.2003396496858443E+000                  8.2685096543844434E+000                  7.5579999999986514E-001                  2.4280000000013480E-001                  1.4000000000000679E-003                  1.8022919887750795E-024                  0.0000000000000000E+000                  0.0000000000000000E+000                                        0                 -9.8999999999999986E+001                 -9.9000000000000000E+001                 -9.9000000000000000E+001 
                                     304                  1.9998821479174560E+000                  3.9829114265603033E-001                  5.3166040874161462E+000                 -5.1869427816112985E+000                  8.2854674563702915E+000                  7.5579999999986514E-001                  2.4280000000013480E-001                  1.4000000000000679E-003                  2.1672599362954958E-024                  0.0000000000000000E+000                  0.0000000000000000E+000                                        0                 -9.8999999999999986E+001                 -9.9000000000000000E+001                 -9.9000000000000000E+001 
                                     305                  1.9998819863916590E+000                  3.9796709299011801E-001                  5.3206712219226233E+000                 -5.1719026759377273E+000                  8.3045048202295604E+000                  7.5579999999986502E-001                  2.4280000000013477E-001                  1.4000000000001789E-003                  2.6642617791974584E-024                  0.0000000000000000E+000                  0.0000000000000000E+000                                        0                 -9.8999999999999986E+001                 -9.9000000000000000E+001                 -9.9000000000000000E+001 
                                     306                  1.9998817710247434E+000                  3.9754866355749330E-001                  5.3251021370423093E+000                 -5.1553948676015668E+000                  8.3253649028876406E+000                  7.5579999999986502E-001                  2.4280000000013488E-001                  1.4000000000000679E-003                  3.3351192918724882E-024                  0.0000000000000000E+000                  0.0000000000000000E+000                                        0                 -9.8999999999999986E+001                 -9.9000000000000000E+001                 -9.9000000000000000E+001 
                                     307                  1.9998815556578280E+000                  3.9714469457068058E-001                  5.3292818382472325E+000                 -5.1397583980192652E+000                  8.3451058166682710E+000                  7.5579999999986514E-001                  2.4280000000013488E-001                  1.3999999999999568E-003                  4.1202118035312260E-024                  0.0000000000000000E+000                  0.0000000000000000E+000                                        0                 -9.8999999999999986E+001                 -9.9000000000000000E+001                 -9.9000000000000000E+001 
                                     308                  1.9998813454846149E+000                  3.9676337606968243E-001                  5.3332355301327325E+000                 -5.1249190624644338E+000                  8.3638269466979143E+000                  7.5579999999986514E-001                  2.4280000000013488E-001                  1.3999999999999568E-003                  5.0301295594584645E-024                  0.0000000000000000E+000                  0.0000000000000000E+000                                        0                 -9.8999999999999986E+001                 -9.9000000000000000E+001                 -9.9000000000000000E+001 
                                     309                  1.9998811353114023E+000                  3.9639390985908801E-001                  5.3365446753307140E+000                 -5.1124245832498749E+000                  8.3795689624169807E+000                  7.5579999999986514E-001                  2.4280000000013491E-001                  1.3999999999999568E-003                  5.9430898019384819E-024                  0.0000000000000000E+000                  0.0000000000000000E+000                                        0                 -9.8999999999999986E+001                 -9.9000000000000000E+001                 -9.9000000000000000E+001 
                                     310                  1.9998809789799181E+000                  3.9612629821441830E-001                  5.3392834093073862E+000                 -5.1020884657361645E+000                  8.3925931917254601E+000                  7.5579999999986502E-001                  2.4280000000013488E-001                  1.4000000000000679E-003                  6.8208103326735859E-024                  0.0000000000000000E+000                  0.0000000000000000E+000                                        0                 -9.8999999999999986E+001                 -9.9000000000000000E+001                 -9.9000000000000000E+001 
                                     311                  1.9998808226484344E+000                  3.9586450221618941E-001                  5.3423867271839205E+000                 -5.0903790152607824E+000                  8.4073489389938896E+000                  7.5579999999986502E-001                  2.4280000000013488E-001                  1.4000000000000679E-003                  7.9705937155744817E-024                  0.0000000000000000E+000                  0.0000000000000000E+000                                        0                 -9.8999999999999986E+001                 -9.9000000000000000E+001                 -9.9000000000000000E+001 
                                     312                  1.9998806141141892E+000                  3.9552386813990970E-001                  5.3458059860618476E+000                 -5.0774091817916558E+000                  8.4236739302627015E+000                  7.5579999999986502E-001                  2.4280000000013488E-001                  1.4000000000000679E-003                  9.4611042071331996E-024                  0.0000000000000000E+000                  0.0000000000000000E+000                                        0                 -9.8999999999999986E+001                 -9.9000000000000000E+001                 -9.9000000000000000E+001 
                                     313                  1.9998804055799437E+000                  3.9519248814673269E-001                  5.3507444680094629E+000                 -5.0587974136287510E+000                  8.4471350847830227E+000                  7.5579999999986502E-001                  2.4280000000013488E-001                  1.4000000000000679E-003                  1.2107566384560518E-023                  0.0000000000000000E+000                  0.0000000000000000E+000                                        0                 -9.8999999999999986E+001                 -9.9000000000000000E+001                 -9.9000000000000000E+001 
                                     314                  1.9998799885114533E+000                  3.9455540377279230E-001                  5.3559537320981088E+000                 -5.0387860809832619E+000                  8.4722536774857300E+000                  7.5579999999986514E-001                  2.4280000000013485E-001                  1.4000000000000679E-003                  1.5705396082077567E-023                  0.0000000000000000E+000                  0.0000000000000000E+000                                        0                 -9.8999999999999986E+001                 -9.9000000000000000E+001                 -9.9000000000000000E+001 
                                     315                  1.9998797013833587E+000                  3.9413502544266787E-001                  5.3599210321433883E+000                 -5.0235856627773652E+000                  8.4913452733690811E+000                  7.5579999999986514E-001                  2.4280000000013485E-001                  1.4000000000000679E-003                  1.9133914351852671E-023                  0.0000000000000000E+000                  0.0000000000000000E+000                                        0                 -9.8999999999999986E+001                 -9.9000000000000000E+001                 -9.9000000000000000E+001 
                                     316                  1.9998794275423730E+000                  3.9374680752105684E-001                  5.3636414296964876E+000                 -5.0093087907375899E+000                  8.5092711324756429E+000                  7.5579999999986502E-001                  2.4280000000013488E-001                  1.4000000000000679E-003                  2.3016655282203045E-023                  0.0000000000000000E+000                  0.0000000000000000E+000                                        0                 -9.8999999999999986E+001                 -9.9000000000000000E+001                 -9.9000000000000000E+001 
                                     317                  1.9998791537013874E+000                  3.9337015053394303E-001                  5.3667103774034661E+000                 -4.9974758609140535E+000                  8.5241131875257352E+000                  7.5579999999986502E-001                  2.4280000000013494E-001                  1.4000000000000679E-003                  2.6800317301015719E-023                  0.0000000000000000E+000                  0.0000000000000000E+000                                        0                 -9.8999999999999986E+001                 -9.9000000000000000E+001                 -9.9000000000000000E+001 
                                     318                  1.9998789582859795E+000                  3.9310801149102226E-001                  5.3691978775835159E+000                 -4.9879011410392327E+000                  8.5361275363257967E+000                  7.5579999999986502E-001                  2.4280000000013494E-001                  1.4000000000000679E-003                  3.0311060850917482E-023                  0.0000000000000000E+000                  0.0000000000000000E+000                                        0                 -9.8999999999999986E+001                 -9.9000000000000000E+001                 -9.9000000000000000E+001 
                                     319                  1.9998787628705716E+000                  3.9285112839598307E-001                  5.3720443806778295E+000                 -4.9769572101018262E+000                  8.5498637410933291E+000                  7.5579999999986502E-001                  2.4280000000013494E-001                  1.4000000000000679E-003                  3.4886613170831585E-023                  0.0000000000000000E+000                  0.0000000000000000E+000                                        0                 -9.8999999999999986E+001                 -9.9000000000000000E+001                 -9.9000000000000000E+001 
                                     320                  1.9998784990801848E+000                  3.9251229571883950E-001                  5.3752071182316010E+000                 -4.9647488994282085E+000                  8.5651737740583602E+000                  7.5579999999986502E-001                  2.4280000000013491E-001                  1.4000000000000679E-003                  4.0777007507658476E-023                  0.0000000000000000E+000                  0.0000000000000000E+000                                        0                 -9.8999999999999986E+001                 -9.9000000000000000E+001                 -9.9000000000000000E+001 
                                     321                  1.9998782352897981E+000                  3.9218209308393004E-001                  5.3791135065838320E+000                 -4.9497191543474450E+000                  8.5840361291614862E+000                  7.5579999999986502E-001                  2.4280000000013499E-001                  1.3999999999999568E-003                  4.9415291786466805E-023                  0.0000000000000000E+000                  0.0000000000000000E+000                                        0                 -9.8999999999999986E+001                 -9.9000000000000000E+001                 -9.9000000000000000E+001 
                                     322                  1.9998778250399236E+000                  3.9168460613031614E-001                  5.3843962705096216E+000                 -4.9293345451128285E+000                  8.6096032522031205E+000                  7.5579999999986491E-001                  2.4280000000013502E-001                  1.4000000000000679E-003                  6.4036890782195091E-023                  0.0000000000000000E+000                  0.0000000000000000E+000                                        0                 -9.8999999999999986E+001                 -9.9000000000000000E+001                 -9.9000000000000000E+001 
                                     323                  1.9998772780400913E+000                  3.9104922400627329E-001                  5.3906243996016361E+000                 -4.9052087501078105E+000                  8.6398381996760154E+000                  7.5579999999986491E-001                  2.4280000000013502E-001                  1.4000000000000679E-003                  8.6844052476995766E-023                  0.0000000000000000E+000                  0.0000000000000000E+000                                        0                 -9.8999999999999986E+001                 -9.9000000000000000E+001                 -9.9000000000000000E+001 
                                     324                  1.9998766248852715E+000                  3.9032816184518987E-001                  5.3953829522480836E+000                 -4.8865101025997442E+000                  8.6631996944719809E+000                  7.5579999999986491E-001                  2.4280000000013507E-001                  1.4000000000000679E-003                  1.0958107901959577E-022                  0.0000000000000000E+000                  0.0000000000000000E+000                                        0                 -9.8999999999999986E+001                 -9.9000000000000000E+001                 -9.9000000000000000E+001 
                                     325                  1.9998762983078620E+000                  3.8998154798749440E-001                  5.3984482717367994E+000                 -4.8745653994993923E+000                  8.6781507005016074E+000                  7.5579999999986491E-001                  2.4280000000013505E-001                  1.4000000000000679E-003                  1.2721204516486729E-022                  0.0000000000000000E+000                  0.0000000000000000E+000                                        0                 -9.8999999999999986E+001                 -9.9000000000000000E+001                 -9.9000000000000000E+001 
                                     326                  1.9998759717304520E+000                  3.8964353907008770E-001                  5.4030969948253027E+000                 -4.8566040591849102E+000                  8.7006751878871960E+000                  7.5579999999986491E-001                  2.4280000000013510E-001                  1.3999999999999568E-003                  1.5936393986193756E-022                  0.0000000000000000E+000                  0.0000000000000000E+000                                        0                 -9.8999999999999986E+001                 -9.9000000000000000E+001                 -9.9000000000000000E+001 
                                     327                  1.9998752740397638E+000                  3.8894820533651325E-001                  5.4080307660165108E+000                 -4.8372137675367215E+000                  8.7249023246388759E+000                  7.5579999999986491E-001                  2.4280000000013510E-001                  1.3999999999999568E-003                  2.0242202984895613E-022                  0.0000000000000000E+000                  0.0000000000000000E+000                                        0                 -9.8999999999999986E+001                 -9.9000000000000000E+001                 -9.9000000000000000E+001 
                                     328                  1.9998748165147420E+000                  3.8851042640948769E-001                  5.4117829225530834E+000                 -4.8225472381082470E+000                  8.7432496040482235E+000                  7.5579999999986491E-001                  2.4280000000013510E-001                  1.3999999999999568E-003                  2.4263171575641526E-022                  0.0000000000000000E+000                  0.0000000000000000E+000                                        0                 -9.8999999999999986E+001                 -9.9000000000000000E+001                 -9.9000000000000000E+001 
                                     329                  1.9998743589897203E+000                  3.8808592243838386E-001                  5.4169679407377851E+000                 -4.8024459916482716E+000                  8.7684414880393913E+000                  7.5579999999986491E-001                  2.4280000000013516E-001                  1.3999999999999568E-003                  3.1131933849199814E-022                  0.0000000000000000E+000                  0.0000000000000000E+000                                        0                 -9.8999999999999986E+001                 -9.9000000000000000E+001                 -9.9000000000000000E+001 
                                     330                  1.9998735005808446E+000                  3.8732236519080737E-001                  5.4228901335968436E+000                 -4.7791994314236819E+000                  8.7974976736679498E+000                  7.5579999999986480E-001                  2.4280000000013507E-001                  1.4000000000000679E-003                  4.1371333425838340E-022                  0.0000000000000000E+000                  0.0000000000000000E+000                                        0                 -9.8999999999999986E+001                 -9.9000000000000000E+001                 -9.9000000000000000E+001 
                                     331                  1.9998727546285919E+000                  3.8669038226860619E-001                  5.4268172210786787E+000                 -4.7637054324348194E+000                  8.8168432375716570E+000                  7.5579999999986480E-001                  2.4280000000013507E-001                  1.4000000000000679E-003                  4.9935365679602355E-022                  0.0000000000000000E+000                  0.0000000000000000E+000                                        0                 -9.8999999999999986E+001                 -9.9000000000000000E+001                 -9.9000000000000000E+001 
                                     332                  1.9998723778570235E+000                  3.8638135969320997E-001                  5.4307424745187882E+000                 -4.7484493097028384E+000                  8.8359543723936671E+000                  7.5579999999986480E-001                  2.4280000000013513E-001                  1.4000000000000679E-003                  6.0206122444837771E-022                  0.0000000000000000E+000                  0.0000000000000000E+000                                        0                 -9.8999999999999986E+001                 -9.9000000000000000E+001                 -9.9000000000000000E+001 
                                     333                  1.9998715985975499E+000                  3.8576230371486603E-001                  5.4353996367499562E+000                 -4.7301551254614767E+000                  8.8588191920707526E+000                  7.5579999999986480E-001                  2.4280000000013521E-001                  1.3999999999999568E-003                  7.5152985344461837E-022                  0.0000000000000000E+000                  0.0000000000000000E+000                                        0                 -9.8999999999999986E+001                 -9.9000000000000000E+001                 -9.9000000000000000E+001 
                                     334                  1.9998709344864753E+000                  3.8525451300899821E-001                  5.4399681072332209E+000                 -4.7122889645307096E+000                  8.8811712945465153E+000                  7.5579999999986480E-001                  2.4280000000013519E-001                  1.4000000000000679E-003                  9.3337649497865769E-022                  0.0000000000000000E+000                  0.0000000000000000E+000                                        0                 -9.8999999999999986E+001                 -9.9000000000000000E+001                 -9.9000000000000000E+001 
                                     335                  1.9998701191360879E+000                  3.8465391395750159E-001                  5.4448294253952669E+000                 -4.6932246511248623E+000                  8.9050088719654976E+000                  7.5579999999986480E-001                  2.4280000000013516E-001                  1.4000000000000679E-003                  1.1747584792942028E-021                  0.0000000000000000E+000                  0.0000000000000000E+000                                        0                 -9.8999999999999986E+001                 -9.9000000000000000E+001                 -9.9000000000000000E+001 
                                     336                  1.9998692796823427E+000                  3.8405966956863413E-001                  5.4495662039651469E+000                 -4.6746388932576775E+000                  8.9282462260795672E+000                  7.5579999999986480E-001                  2.4280000000013521E-001                  1.3999999999999568E-003                  1.4688928353660496E-021                  0.0000000000000000E+000                  0.0000000000000000E+000                                        0                 -9.8999999999999986E+001                 -9.9000000000000000E+001                 -9.9000000000000000E+001 
                                     337                  1.9998684254648349E+000                  3.8347794823600967E-001                  5.4545958975847757E+000                 -4.6549455041431580E+000                  8.9528805284119830E+000                  7.5579999999986480E-001                  2.4280000000013521E-001                  1.3999999999999568E-003                  1.8606587854657465E-021                  0.0000000000000000E+000                  0.0000000000000000E+000                                        0                 -9.8999999999999986E+001                 -9.9000000000000000E+001                 -9.9000000000000000E+001 
                                     338                  1.9998673925678445E+000                  3.8280280590488880E-001                  5.4587336482535500E+000                 -4.6385965009798866E+000                  8.9732920743383495E+000                  7.5579999999986480E-001                  2.4280000000013519E-001                  1.4000000000000679E-003                  2.2596136651299797E-021                  0.0000000000000000E+000                  0.0000000000000000E+000                                        0                 -9.8999999999999986E+001                 -9.9000000000000000E+001                 -9.9000000000000000E+001 
                                     339                  1.9998667888811670E+000                  3.8242140123705776E-001                  5.4624654470512528E+000                 -4.6240074342480177E+000                  8.9915486039604158E+000                  7.5579999999986469E-001                  2.4280000000013524E-001                  1.4000000000000679E-003                  2.6901449177062616E-021                  0.0000000000000000E+000                  0.0000000000000000E+000                                        0                 -9.8999999999999986E+001                 -9.9000000000000000E+001                 -9.9000000000000000E+001 
                                     340                  1.9998658675283314E+000                  3.8185668489727786E-001                  5.4675967657113791E+000                 -4.6039423230125305E+000                  9.0166572386365900E+000                  7.5579999999986480E-001                  2.4280000000013524E-001                  1.3999999999999568E-003                  3.4168821591629628E-021                  0.0000000000000000E+000                  0.0000000000000000E+000                                        0                 -9.8999999999999986E+001                 -9.9000000000000000E+001                 -9.9000000000000000E+001 
                                     341                  1.9998645953773637E+000                  3.8110877954101147E-001                  5.4733130963158407E+000                 -4.5814869289120610E+000                  9.0447302793814988E+000                  7.5579999999986480E-001                  2.4280000000013532E-001                  1.3999999999998458E-003                  4.4568107429929013E-021                  0.0000000000000000E+000                  0.0000000000000000E+000                                        0                 -9.8999999999999986E+001                 -9.9000000000000000E+001                 -9.9000000000000000E+001 
                                     342                  1.9998632780077521E+000                  3.8036953014010311E-001                  5.4774879329058619E+000                 -4.5649522141472261E+000                  9.0653659829412963E+000                  7.5579999999986469E-001                  2.4280000000013527E-001                  1.4000000000000679E-003                  5.4096375081809984E-021                  0.0000000000000000E+000                  0.0000000000000000E+000                                        0                 -9.8999999999999986E+001                 -9.9000000000000000E+001                 -9.9000000000000000E+001 
                                     343                  1.9998625959202301E+000                  3.7999965702275490E-001                  5.4802522949590600E+000                 -4.5540873305070866E+000                  9.0789482047953349E+000                  7.5579999999986469E-001                  2.4280000000013530E-001                  1.4000000000000679E-003                  6.1471852894065541E-021                  0.0000000000000000E+000                  0.0000000000000000E+000                                        0                 -9.8999999999999986E+001                 -9.9000000000000000E+001                 -9.9000000000000000E+001 
                                     344                  1.9998619138327081E+000                  3.7963800977050638E-001                  5.4829887901042618E+000                 -4.5433328855193089E+000                  9.0923928651010879E+000                  7.5579999999986469E-001                  2.4280000000013530E-001                  1.4000000000000679E-003                  6.9747232920227933E-021                  0.0000000000000000E+000                  0.0000000000000000E+000                                        0                 -9.8999999999999986E+001                 -9.9000000000000000E+001                 -9.9000000000000000E+001 
                                     345                  1.9998612075165449E+000                  3.7927175641480865E-001                  5.4856966811944128E+000                 -4.5326859522091345E+000                  9.1057020512928073E+000                  7.5579999999986469E-001                  2.4280000000013532E-001                  1.3999999999999568E-003                  7.9015892625440101E-021                  0.0000000000000000E+000                  0.0000000000000000E+000                                        0                 -9.8999999999999986E+001                 -9.9000000000000000E+001                 -9.9000000000000000E+001 
                                     346                  1.9998605012003821E+000                  3.7891347730799180E-001                  5.4890824967985692E+000                 -4.5194275264607091E+000                  9.1222905434170691E+000                  7.5579999999986469E-001                  2.4280000000013532E-001                  1.3999999999999568E-003                  9.2316930128297047E-021                  0.0000000000000000E+000                  0.0000000000000000E+000                                        0                 -9.8999999999999986E+001                 -9.9000000000000000E+001                 -9.9000000000000000E+001 
                                     347                  1.9998593911234903E+000                  3.7836560916602346E-001                  5.4930577115582215E+000                 -4.5037888847374070E+000                  9.1418381266612521E+000                  7.5579999999986469E-001                  2.4280000000013530E-001                  1.4000000000000679E-003                  1.1078868707106070E-020                  0.0000000000000000E+000                  0.0000000000000000E+000                                        0                 -9.8999999999999986E+001                 -9.9000000000000000E+001                 -9.9000000000000000E+001 
                                     348                  1.9998582810465984E+000                  3.7783514638450727E-001                  5.4976183672773518E+000                 -4.4859197255183867E+000                  9.1641938348377714E+000                  7.5579999999986458E-001                  2.4280000000013541E-001                  1.4000000000000679E-003                  1.3647541169652278E-020                  0.0000000000000000E+000                  0.0000000000000000E+000                                        0                 -9.8999999999999986E+001                 -9.9000000000000000E+001                 -9.9000000000000000E+001 
                                     349                  1.9998567394518552E+000                  3.7712513807438153E-001                  5.5014247245010823E+000                 -4.4708378507745037E+000                  9.1830177708624952E+000                  7.5579999999986458E-001                  2.4280000000013541E-001                  1.4000000000000679E-003                  1.6240587391329667E-020                  0.0000000000000000E+000                  0.0000000000000000E+000                                        0                 -9.8999999999999986E+001                 -9.9000000000000000E+001                 -9.9000000000000000E+001 
                                     350                  1.9998559552168551E+000                  3.7677499292304090E-001                  5.5052561024392199E+000                 -4.4558815840681776E+000                  9.2017451137709472E+000                  7.5579999999986447E-001                  2.4280000000013549E-001                  1.4000000000000679E-003                  1.9330131097073649E-020                  0.0000000000000000E+000                  0.0000000000000000E+000                                        0                 -9.8999999999999986E+001                 -9.9000000000000000E+001                 -9.9000000000000000E+001 
                                     351                  1.9998543311078236E+000                  3.7607185517468783E-001                  5.5102635663700976E+000                 -4.4361961427728192E+000                  9.2263574907129566E+000                  7.5579999999986436E-001                  2.4280000000013546E-001                  1.4000000000001789E-003                  2.4262929461158195E-020                  0.0000000000000000E+000                  0.0000000000000000E+000                                        0                 -9.8999999999999986E+001                 -9.9000000000000000E+001                 -9.9000000000000000E+001 
                                     352                  1.9998526494056166E+000                  3.7537266973592914E-001                  5.5151982707171010E+000                 -4.4168056745288045E+000                  9.2506042345594324E+000                  7.5579999999986458E-001                  2.4280000000013552E-001                  1.3999999999998458E-003                  3.0331896812132360E-020                  0.0000000000000000E+000                  0.0000000000000000E+000                                        0                 -9.8999999999999986E+001                 -9.9000000000000000E+001                 -9.9000000000000000E+001 
                                     353                  1.9998509080882039E+000                  3.7467696799455752E-001                  5.5200649979723027E+000                 -4.3976909939444688E+000                  9.2745091851854493E+000                  7.5579999999986436E-001                  2.4280000000013555E-001                  1.4000000000000679E-003                  3.7775691267783860E-020                  0.0000000000000000E+000                  0.0000000000000000E+000                                        0                 -9.8999999999999986E+001                 -9.9000000000000000E+001                 -9.9000000000000000E+001 
                                     354                  1.9998491050633433E+000                  3.7398431659629428E-001                  5.5248678210889608E+000                 -4.3788342017243931E+000                  9.2980941772751287E+000                  7.5579999999986436E-001                  2.4280000000013555E-001                  1.4000000000000679E-003                  4.6878815434746712E-020                  0.0000000000000000E+000                  0.0000000000000000E+000                                        0                 -9.8999999999999986E+001                 -9.9000000000000000E+001                 -9.9000000000000000E+001 
                                     355                  1.9998472381661692E+000                  3.7329431421374210E-001                  5.5296102459816128E+000                 -4.3602186160284395E+000                  9.3213792575829739E+000                  7.5579999999986436E-001                  2.4280000000013555E-001                  1.4000000000000679E-003                  5.7979678495603673E-020                  0.0000000000000000E+000                  0.0000000000000000E+000                                        0                 -9.8999999999999986E+001                 -9.9000000000000000E+001                 -9.9000000000000000E+001 
                                     356                  1.9998453051567016E+000                  3.7260658862775931E-001                  5.5342954565844318E+000                 -4.3418288425605827E+000                  9.3443828734246619E+000                  7.5579999999986436E-001                  2.4280000000013555E-001                  1.4000000000000679E-003                  7.1480278040910129E-020                  0.0000000000000000E+000                  0.0000000000000000E+000                                        0                 -9.8999999999999986E+001                 -9.9000000000000000E+001                 -9.9000000000000000E+001 
                                     357                  1.9998433037172743E+000                  3.7192079386978227E-001                  5.5389265138928643E+000                 -4.3236508583064932E+000                  9.3671219986999983E+000                  7.5579999999986436E-001                  2.4280000000013560E-001                  1.4000000000000679E-003                  8.7857735049799529E-020                  0.0000000000000000E+000                  0.0000000000000000E+000                                        0                 -9.8999999999999986E+001                 -9.9000000000000000E+001                 -9.9000000000000000E+001 
                                     358                  1.9998412314568987E+000                  3.7123660970384736E-001                  5.5435064127393634E+000                 -4.3056718437451549E+000                  9.3896123575837471E+000                  7.5579999999986436E-001                  2.4280000000013566E-001                  1.3999999999999568E-003                  1.0767777925165129E-019                  0.0000000000000000E+000                  0.0000000000000000E+000                                        0                 -9.8999999999999986E+001                 -9.9000000000000000E+001                 -9.9000000000000000E+001 
                                     359                  1.9998390858876840E+000                  3.7055373220138899E-001                  5.5480380779219161E+000                 -4.2878800565471105E+000                  9.4118685439101846E+000                  7.5579999999986425E-001                  2.4280000000013571E-001                  1.4000000000000679E-003                  1.3161048234021201E-019                  0.0000000000000000E+000                  0.0000000000000000E+000                                        0                 -9.8999999999999986E+001                 -9.9000000000000000E+001                 -9.9000000000000000E+001 
                                     360                  1.9998368644425843E+000                  3.6987187854897308E-001                  5.5525243463264307E+000                 -4.2702647738277353E+000                  9.4339040584695226E+000                  7.5579999999986425E-001                  2.4280000000013585E-001                  1.3999999999998458E-003                  1.6044862590921923E-019                  0.0000000000000000E+000                  0.0000000000000000E+000                                        0                 -9.8999999999999986E+001                 -9.9000000000000000E+001                 -9.9000000000000000E+001 
                                     361                  1.9998345644656759E+000                  3.6919078274521833E-001                  5.5569679244469432E+000                 -4.2528161069521513E+000                  9.4557314461458510E+000                  7.5579999999986414E-001                  2.4280000000013591E-001                  1.3999999999999568E-003                  1.9512904134746567E-019                  0.0000000000000000E+000                  0.0000000000000000E+000                                        0                 -9.8999999999999986E+001                 -9.9000000000000000E+001                 -9.9000000000000000E+001 
                                     362                  1.9998321832091182E+000                  3.6851019397559415E-001                  5.5613713045857383E+000                 -4.2355248235676788E+000                  9.4773623830012674E+000                  7.5579999999986403E-001                  2.4280000000013588E-001                  1.4000000000000679E-003                  2.3675701903961258E-019                  0.0000000000000000E+000                  0.0000000000000000E+000                                        0                 -9.8999999999999986E+001                 -9.9000000000000000E+001                 -9.9000000000000000E+001 
                                     363                  1.9998297178300104E+000                  3.6782987532216282E-001                  5.5657367360238919E+000                 -4.2183822383438230E+000                  9.4988077536508229E+000                  7.5579999999986403E-001                  2.4280000000013591E-001                  1.4000000000000679E-003                  2.8663463513813955E-019                  0.0000000000000000E+000                  0.0000000000000000E+000                                        0                 -9.8999999999999986E+001                 -9.9000000000000000E+001                 -9.9000000000000000E+001 
                                     364                  1.9998271653871469E+000                  3.6714960269146046E-001                  5.5700662407091341E+000                 -4.2013801597659750E+000                  9.5200777201841369E+000                  7.5579999999986391E-001                  2.4280000000013605E-001                  1.4000000000000679E-003                  3.4629374715832172E-019                  0.0000000000000000E+000                  0.0000000000000000E+000                                        0                 -9.8999999999999986E+001                 -9.9000000000000000E+001                 -9.9000000000000000E+001 
                                     365                  1.9998245228376625E+000                  3.6646916386576356E-001                  5.5743616290400126E+000                 -4.1845108444030688E+000                  9.5411817837162776E+000                  7.5579999999986391E-001                  2.4280000000013613E-001                  1.3999999999999568E-003                  4.1753416471467259E-019                  0.0000000000000000E+000                  0.0000000000000000E+000                                        0                 -9.8999999999999986E+001                 -9.9000000000000000E+001                 -9.9000000000000000E+001 
                                     366                  1.9998217870335611E+000                  3.6578835766016388E-001                  5.5786245158873617E+000                 -4.1677669579993921E+000                  9.5621288394925834E+000                  7.5579999999986380E-001                  2.4280000000013616E-001                  1.4000000000000679E-003                  5.0246775387466114E-019                  0.0000000000000000E+000                  0.0000000000000000E+000                                        0                 -9.8999999999999986E+001                 -9.9000000000000000E+001                 -9.9000000000000000E+001 
                                     367                  1.9998189547181351E+000                  3.6510699317007778E-001                  5.5828563464038474E+000                 -4.1511415527062869E+000                  9.5829272263391996E+000                  7.5579999999986358E-001                  2.4280000000013621E-001                  1.4000000000001789E-003                  6.0356951890720813E-019                  0.0000000000000000E+000                  0.0000000000000000E+000                                        0                 -9.8999999999999986E+001                 -9.9000000000000000E+001                 -9.9000000000000000E+001 
                                     368                  1.9998160225222581E+000                  3.6442488907967729E-001                  5.5870584215837518E+000                 -4.1346280821455288E+000                  9.6035847385155400E+000                  7.5579999999986369E-001                  2.4280000000013635E-001                  1.3999999999999568E-003                  7.2373661415356534E-019                  0.0000000000000000E+000                  0.0000000000000000E+000                                        0                 -9.8999999999999986E+001                 -9.9000000000000000E+001                 -9.9000000000000000E+001 
                                     369                  1.9998129869702108E+000                  3.6374187514487866E-001                  5.5912319376707540E+000                 -4.1182203335673337E+000                  9.6241087337016484E+000                  7.5579999999986358E-001                  2.4280000000013638E-001                  1.4000000000000679E-003                  8.6635711071289730E-019                  0.0000000000000000E+000                  0.0000000000000000E+000                                        0                 -9.8999999999999986E+001                 -9.9000000000000000E+001                 -9.9000000000000000E+001 
                                     370                  1.9998098444471080E+000                  3.6305778510730574E-001                  5.5953780033452496E+000                 -4.1019124143280639E+000                  9.6445061642227365E+000                  7.5579999999986358E-001                  2.4280000000013638E-001                  1.4000000000000679E-003                  1.0353891453256559E-018                  0.0000000000000000E+000                  0.0000000000000000E+000                                        0                 -9.8999999999999986E+001                 -9.9000000000000000E+001                 -9.9000000000000000E+001 
                                     371                  1.9998065912230987E+000                  3.6237246266569245E-001                  5.5994976435306070E+000                 -4.0856987867681998E+000                  9.6647835465783345E+000                  7.5579999999986347E-001                  2.4280000000013652E-001                  1.4000000000000679E-003                  1.2354517439290851E-018                  0.0000000000000000E+000                  0.0000000000000000E+000                                        0                 -9.8999999999999986E+001                 -9.9000000000000000E+001                 -9.9000000000000000E+001 
                                     372                  1.9998032234398182E+000                  3.6168575873772923E-001                  5.6035918262568956E+000                 -4.0695742327984634E+000                  9.6849470242652025E+000                  7.5579999999986325E-001                  2.4280000000013666E-001                  1.4000000000000679E-003                  1.4719305908770536E-018                  0.0000000000000000E+000                  0.0000000000000000E+000                                        0                 -9.8999999999999986E+001                 -9.9000000000000000E+001                 -9.9000000000000000E+001 
                                     373                  1.9997997371060232E+000                  3.6099753095153336E-001                  5.6076615155606779E+000                 -4.0535338822523492E+000                  9.7050023948475861E+000                  7.5579999999986325E-001                  2.4280000000013680E-001                  1.3999999999999568E-003                  1.7511020194152228E-018                  0.0000000000000000E+000                  0.0000000000000000E+000                                        0                 -9.8999999999999986E+001                 -9.9000000000000000E+001                 -9.9000000000000000E+001 
                                     374                  1.9997961280930792E+000                  3.6030764309987867E-001                  5.6117077192389981E+000                 -4.0375732381327207E+000                  9.7249551346327809E+000                  7.5579999999986303E-001                  2.4280000000013702E-001                  1.3999999999999568E-003                  2.0802780102953793E-018                  0.0000000000000000E+000                  0.0000000000000000E+000                                        0                 -9.8999999999999986E+001                 -9.9000000000000000E+001                 -9.9000000000000000E+001 
                                     375                  1.9997923921302998E+000                  3.5961596455917555E-001                  5.6157314876610327E+000                 -4.0216881521957148E+000                  9.7448104212153570E+000                  7.5579999999986291E-001                  2.4280000000013713E-001                  1.3999999999999568E-003                  2.4679729260905983E-018                  0.0000000000000000E+000                  0.0000000000000000E+000                                        0                 -9.8999999999999986E+001                 -9.9000000000000000E+001                 -9.9000000000000000E+001 
                                     376                  1.9997885248001270E+000                  3.5892236974977942E-001                  5.6197338988384287E+000                 -4.0058747879674916E+000                  9.7645731541100425E+000                  7.5579999999986258E-001                  2.4280000000013732E-001                  1.4000000000000679E-003                  2.9240958728594124E-018                  0.0000000000000000E+000                  0.0000000000000000E+000                                        0                 -9.8999999999999986E+001                 -9.9000000000000000E+001                 -9.9000000000000000E+001 
                                     377                  1.9997845215331551E+000                  3.5822673765652696E-001                  5.6237160459950566E+000                 -3.9901295882178385E+000                  9.7842479736641597E+000                  7.5579999999986247E-001                  2.4280000000013752E-001                  1.4000000000000679E-003                  3.4601732985081455E-018                  0.0000000000000000E+000                  0.0000000000000000E+000                                        0                 -9.8999999999999986E+001                 -9.9000000000000000E+001                 -9.9000000000000000E+001 
                                     378                  1.9997803776029845E+000                  3.5752895140186469E-001                  5.6276790242934087E+000                 -3.9744492432287228E+000                  9.8038392784182502E+000                  7.5579999999986225E-001                  2.4280000000013779E-001                  1.3999999999999568E-003                  4.0896061493879751E-018                  0.0000000000000000E+000                  0.0000000000000000E+000                                        0                 -9.8999999999999986E+001                 -9.9000000000000000E+001                 -9.9000000000000000E+001 
                                     379                  1.9997760881209092E+000                  3.5682889786994615E-001                  5.6316238809886316E+000                 -3.9588306509877000E+000                  9.8233512122683884E+000                  7.5579999999986192E-001                  2.4280000000013804E-001                  1.4000000000000679E-003                  4.8279610126882297E-018                  0.0000000000000000E+000                  0.0000000000000000E+000                                        0                 -9.8999999999999986E+001                 -9.9000000000000000E+001                 -9.9000000000000000E+001 
                                     380                  1.9997716480435987E+000                  3.5612646948400495E-001                  5.6355515737918571E+000                 -3.9432707978212744E+000                  9.8427877388254075E+000                  7.5579999999986169E-001                  2.4280000000013829E-001                  1.4000000000000679E-003                  5.6933032736908842E-018                  0.0000000000000000E+000                  0.0000000000000000E+000                                        0                 -9.8999999999999986E+001                 -9.9000000000000000E+001                 -9.9000000000000000E+001 
                                     381                  1.9997670521283630E+000                  3.5542155783816926E-001                  5.6394629585726941E+000                 -3.9277667358866988E+000                  9.8621526509132824E+000                  7.5579999999986136E-001                  2.4280000000013857E-001                  1.4000000000000679E-003                  6.7065802971728940E-018                  0.0000000000000000E+000                  0.0000000000000000E+000                                        0                 -9.8999999999999986E+001                 -9.9000000000000000E+001                 -9.9000000000000000E+001 
                                     382                  1.9997622949659051E+000                  3.5471405985269411E-001                  5.6433587911067891E+000                 -3.9123156292998127E+000                  9.8814495270276304E+000                  7.5579999999986114E-001                  2.4280000000013888E-001                  1.3999999999999568E-003                  7.8920609377311199E-018                  0.0000000000000000E+000                  0.0000000000000000E+000                                        0                 -9.8999999999999986E+001                 -9.9000000000000000E+001                 -9.9000000000000000E+001 
                                     383                  1.9997573709615397E+000                  3.5400387555204660E-001                  5.6472397441578854E+000                 -3.8969147312567576E+000                  9.9006817718942983E+000                  7.5579999999986069E-001                  2.4280000000013927E-001                  1.4000000000000679E-003                  9.2778436834047644E-018                  0.0000000000000000E+000                  0.0000000000000000E+000                                        0                 -9.8999999999999986E+001                 -9.9000000000000000E+001                 -9.9000000000000000E+001 
                                     384                  1.9997522743289344E+000                  3.5329090795432566E-001                  5.6511064174704444E+000                 -3.8815613837982670E+000                  9.9198526270518226E+000                  7.5579999999986025E-001                  2.4280000000013968E-001                  1.4000000000000679E-003                  1.0896438336954668E-017                  0.0000000000000000E+000                  0.0000000000000000E+000                                        0                 -9.8999999999999986E+001                 -9.9000000000000000E+001                 -9.9000000000000000E+001 
                                     385                  1.9997469990836487E+000                  3.5257506296305702E-001                  5.6549593603479371E+000                 -3.8662530316540100E+000                  9.9389651806357442E+000                  7.5579999999985981E-001                  2.4280000000014013E-001                  1.4000000000000679E-003                  1.2785438035448409E-017                  0.0000000000000000E+000                  0.0000000000000000E+000                                        0                 -9.8999999999999986E+001                 -9.9000000000000000E+001                 -9.9000000000000000E+001 
                                     386                  1.9997415390364557E+000                  3.5185624923751774E-001                  5.6587991142547835E+000                 -3.8509872579211235E+000                  9.9580223764399385E+000                  7.5579999999985947E-001                  2.4280000000014054E-001                  1.3999999999999568E-003                  1.4988303056454956E-017                  0.0000000000000000E+000                  0.0000000000000000E+000                                        0                 -9.8999999999999986E+001                 -9.9000000000000000E+001                 -9.9000000000000000E+001 
                                     387                  1.9997358877864466E+000                  3.5113437800426883E-001                  5.6626262359219126E+000                 -3.8357617998021234E+000                  9.9770270223278921E+000                  7.5579999999985903E-001                  2.4280000000014096E-001                  1.4000000000000679E-003                  1.7555263408174975E-017                  0.0000000000000000E+000                  0.0000000000000000E+000                                        0                 -9.8999999999999986E+001                 -9.9000000000000000E+001                 -9.9000000000000000E+001 
                                     388                  1.9997300387139072E+000                  3.5040936284100010E-001                  5.6664412911381650E+000                 -3.8205745341475583E+000                  9.9959817980574961E+000                  7.5579999999985858E-001                  2.4280000000014143E-001                  1.3999999999999568E-003                  2.0544347910613346E-017                  0.0000000000000000E+000                  0.0000000000000000E+000                                        0                 -9.8999999999999986E+001                 -9.9000000000000000E+001                 -9.9000000000000000E+001 
                                     389                  1.9997239849729600E+000                  3.4968111948195407E-001                  5.6702448417141476E+000                 -3.8054234824703244E+000                  1.0014889236664654E+001                  7.5579999999985803E-001                  2.4280000000014190E-001                  1.4000000000000679E-003                  2.4022559720742119E-017                  0.0000000000000000E+000                  0.0000000000000000E+000                                        0                 -9.8999999999999986E+001                 -9.9000000000000000E+001                 -9.9000000000000000E+001 
                                     390                  1.9997177195012115E+000                  3.4894956763128382E-001                  5.6740374502023858E+000                 -3.7903067546491855E+000                  1.0033751784826190E+001                  7.5579999999985736E-001                  2.4280000000014246E-001                  1.4000000000001789E-003                  2.8067239945209681E-017                  0.0000000000000000E+000                  0.0000000000000000E+000                                        0                 -9.8999999999999986E+001                 -9.9000000000000000E+001                 -9.9000000000000000E+001 
                                     391                  1.9997112349607595E+000                  3.4821462481206727E-001                  5.6778196750454910E+000                 -3.7752225407794393E+000                  1.0052571805831660E+001                  7.5579999999985670E-001                  2.4280000000014310E-001                  1.4000000000001789E-003                  3.2767626695225006E-017                  0.0000000000000000E+000                  0.0000000000000000E+000                                        0                 -9.8999999999999986E+001                 -9.9000000000000000E+001                 -9.9000000000000000E+001 
                                     392                  1.9997045237806439E+000                  3.4747621228379438E-001                  5.6815920735834133E+000                 -3.7601691593628428E+000                  1.0071351535070109E+001                  7.5579999999985614E-001                  2.4280000000014387E-001                  1.3999999999999568E-003                  3.8226648264403839E-017                  0.0000000000000000E+000                  0.0000000000000000E+000                                        0                 -9.8999999999999986E+001                 -9.9000000000000000E+001                 -9.9000000000000000E+001 
                                     393                  1.9996975781318034E+000                  3.4673425285833259E-001                  5.6853552292323224E+000                 -3.7451450536935398E+000                  1.0090093111710464E+001                  7.5579999999985537E-001                  2.4280000000014465E-001                  1.3999999999999568E-003                  4.4563021761803712E-017                  0.0000000000000000E+000                  0.0000000000000000E+000                                        0                 -9.8999999999999986E+001                 -9.9000000000000000E+001                 -9.9000000000000000E+001 
                                     394                  1.9996903899184264E+000                  3.4598867071823391E-001                  5.6891097601639649E+000                 -3.7301487956482178E+000                  1.0108798583892725E+001                  7.5579999999985448E-001                  2.4280000000014551E-001                  1.4000000000000679E-003                  5.1913664312111776E-017                  0.0000000000000000E+000                  0.0000000000000000E+000                                        0                 -9.8999999999999986E+001                 -9.9000000000000000E+001                 -9.9000000000000000E+001 
                                     395                  1.9996829507690141E+000                  3.4523939122457692E-001                  5.6928563196583690E+000                 -3.7151790810343281E+000                  1.0127469913603109E+001                  7.5579999999985348E-001                  2.4280000000014648E-001                  1.4000000000000679E-003                  6.0436468652611963E-017                  0.0000000000000000E+000                  0.0000000000000000E+000                                        0                 -9.8999999999999986E+001                 -9.9000000000000000E+001                 -9.9000000000000000E+001 
                                     396                  1.9996752520271530E+000                  3.4448634072846235E-001                  5.6965955958344887E+000                 -3.7002347245612919E+000                  1.0146108981257980E+001                  7.5579999999985248E-001                  2.4280000000014754E-001                  1.3999999999999568E-003                  7.0313506780873055E-017                  0.0000000000000000E+000                  0.0000000000000000E+000                                        0                 -9.8999999999999986E+001                 -9.9000000000000000E+001                 -9.9000000000000000E+001 
                                     397                  1.9996672847419847E+000                  3.4372944638665448E-001                  5.7003283060558756E+000                 -3.6853146733229880E+000                  1.0164717566478966E+001                  7.5579999999985126E-001                  2.4280000000014867E-001                  1.4000000000000679E-003                  8.1754713030964242E-017                  0.0000000000000000E+000                  0.0000000000000000E+000                                        0                 -9.8999999999999986E+001                 -9.9000000000000000E+001                 -9.9000000000000000E+001 
                                     398                  1.9996590396793148E+000                  3.4296863788723608E-001                  5.7040551935735788E+000                 -3.6704179498325349E+000                  1.0183297400767001E+001                  7.5579999999984993E-001                  2.4280000000014995E-001                  1.4000000000000679E-003                  9.5002149070839675E-017                  0.0000000000000000E+000                  0.0000000000000000E+000                                        0                 -9.8999999999999986E+001                 -9.9000000000000000E+001                 -9.9000000000000000E+001 
                                     399                  1.9996505072493276E+000                  3.4220384153728478E-001                  5.7077769747566345E+000                 -3.6555435956852671E+000                  1.0201850168394957E+001                  7.5579999999984859E-001                  2.4280000000015148E-001                  1.3999999999999568E-003                  1.1033476471769656E-016                  0.0000000000000000E+000                  0.0000000000000000E+000                                        0                 -9.8999999999999986E+001                 -9.9000000000000000E+001                 -9.9000000000000000E+001 
                                     400                  1.9996416775575172E+000                  3.4143498601713629E-001                  5.7114942838522014E+000                 -3.6406906567123993E+000                  1.0220377464116238E+001                  7.5579999999984693E-001                  2.4280000000015306E-001                  1.4000000000000679E-003                  1.2807374988464215E-016                  0.0000000000000000E+000                  0.0000000000000000E+000                                        0                 -9.8999999999999986E+001                 -9.9000000000000000E+001                 -9.9000000000000000E+001 
                                     401                  1.9996325403736128E+000                  3.4066200046842021E-001                  5.7152076720666773E+000                 -3.6258581547404511E+000                  1.0238880820265550E+001                  7.5579999999984515E-001                  2.4280000000015475E-001                  1.4000000000000679E-003                  1.4858877109249797E-016                  0.0000000000000000E+000                  0.0000000000000000E+000                                        0                 -9.8999999999999986E+001                 -9.9000000000000000E+001                 -9.9000000000000000E+001 
                                     402                  1.9996230851203969E+000                  3.3988481455175962E-001                  5.7189176101041479E+000                 -3.6110450871883519E+000                  1.0257361709910239E+001                  7.5579999999984326E-001                  2.4280000000015664E-001                  1.4000000000000679E-003                  1.7230510097778025E-016                  0.0000000000000000E+000                  0.0000000000000000E+000                                        0                 -9.8999999999999986E+001                 -9.9000000000000000E+001                 -9.9000000000000000E+001 
                                     403                  1.9996133008621502E+000                  3.3910335850710233E-001                  5.7226244909982933E+000                 -3.5962504271488114E+000                  1.0275821549793754E+001                  7.5579999999984104E-001                  2.4280000000015875E-001                  1.4000000000001789E-003                  1.9971175878949030E-016                  0.0000000000000000E+000                  0.0000000000000000E+000                                        0                 -9.8999999999999986E+001                 -9.9000000000000000E+001                 -9.9000000000000000E+001 
                                     404                  1.9996031762927402E+000                  3.3831756321768275E-001                  5.7263286336197901E+000                 -3.5814731241746878E+000                  1.0294261703090550E+001                  7.5579999999983882E-001                  2.4280000000016122E-001                  1.3999999999999568E-003                  2.3137080207022449E-016                  0.0000000000000000E+000                  0.0000000000000000E+000                                        0                 -9.8999999999999986E+001                 -9.9000000000000000E+001                 -9.9000000000000000E+001 
                                     405                  1.9995926997233040E+000                  3.3752736027422781E-001                  5.7300302997803660E+000                 -3.5667121416922427E+000                  1.0312683460273050E+001                  7.5579999999983605E-001                  2.4280000000016380E-001                  1.4000000000001789E-003                  2.6792800955631067E-016                  0.0000000000000000E+000                  0.0000000000000000E+000                                        0                 -9.8999999999999986E+001                 -9.9000000000000000E+001                 -9.9000000000000000E+001 
                                     406                  1.9995818590952135E+000                  3.3673268386065480E-001                  5.7337297511912828E+000                 -3.5519664689582235E+000                  1.0331088086348140E+001                  7.5579999999983327E-001                  2.4280000000016677E-001                  1.3999999999999568E-003                  3.1012551401312514E-016                  0.0000000000000000E+000                  0.0000000000000000E+000                                        0                 -9.8999999999999986E+001                 -9.9000000000000000E+001                 -9.9000000000000000E+001 
                                     407                  1.9995706418908215E+000                  3.3593346509070332E-001                  5.7374272797658756E+000                 -3.5372351530275785E+000                  1.0349476820549196E+001                  7.5579999999982983E-001                  2.4280000000017002E-001                  1.4000000000001789E-003                  3.5881628752254279E-016                  0.0000000000000000E+000                  0.0000000000000000E+000                                        0                 -9.8999999999999986E+001                 -9.9000000000000000E+001                 -9.9000000000000000E+001 
                                     408                  1.9995590351951824E+000                  3.3512963754450958E-001                  5.7411232026437631E+000                 -3.5225173341332128E+000                  1.0367850836144083E+001                  7.5579999999982628E-001                  2.4280000000017360E-001                  1.4000000000000679E-003                  4.1498052680582730E-016                  0.0000000000000000E+000                  0.0000000000000000E+000                                        0                 -9.8999999999999986E+001                 -9.9000000000000000E+001                 -9.9000000000000000E+001 
                                     409                  1.9995470256572514E+000                  3.3432113525097146E-001                  5.7448185412891544E+000                 -3.5078095987889695E+000                  1.0386214559703177E+001                  7.5579999999982228E-001                  2.4280000000017765E-001                  1.4000000000000679E-003                  4.7975724407107934E-016                  0.0000000000000000E+000                  0.0000000000000000E+000                                        0                 -9.8999999999999986E+001                 -9.9000000000000000E+001                 -9.9000000000000000E+001 
                                     410                  1.9995345949964067E+000                  3.3350760354377351E-001                  5.7485158544212398E+000                 -3.4931026357909118E+000                  1.0404579839052779E+001                  7.5579999999981795E-001                  2.4280000000018206E-001                  1.3999999999999568E-003                  5.5449379248706975E-016                  0.0000000000000000E+000                  0.0000000000000000E+000                                        0                 -9.8999999999999986E+001                 -9.9000000000000000E+001                 -9.9000000000000000E+001 
                                     411                  1.9995217178448792E+000                  3.3268830468947552E-001                  5.7522179894827943E+000                 -3.4783860781407823E+000                  1.0422959865068700E+001                  7.5579999999981295E-001                  2.4280000000018689E-001                  1.4000000000001789E-003                  6.4076773069362111E-016                  0.0000000000000000E+000                  0.0000000000000000E+000                                        0                 -9.8999999999999986E+001                 -9.9000000000000000E+001                 -9.9000000000000000E+001 
                                     412                  1.9995083708418837E+000                  3.3186272871656569E-001                  5.7559256875613487E+000                 -3.4636579405814416E+000                  1.0441357362991896E+001                  7.5579999999980763E-001                  2.4280000000019233E-001                  1.4000000000000679E-003                  7.4036313388150054E-016                  0.0000000000000000E+000                  0.0000000000000000E+000                                        0                 -9.8999999999999986E+001                 -9.9000000000000000E+001                 -9.9000000000000000E+001 
                                     413                  1.9994945407171969E+000                  3.3103104706015984E-001                  5.7596399154368081E+000                 -3.4489154971861100E+000                  1.0459776023734378E+001                  7.5579999999980152E-001                  2.4280000000019838E-001                  1.4000000000000679E-003                  8.5535046466100211E-016                  0.0000000000000000E+000                  0.0000000000000000E+000                                        0                 -9.8999999999999986E+001                 -9.9000000000000000E+001                 -9.9000000000000000E+001 
                                     414                  1.9994802008143053E+000                  3.3019266905900918E-001                  5.7633605982064511E+000                 -3.4341595965892409E+000                  1.0478214926629342E+001                  7.5579999999979486E-001                  2.4280000000020507E-001                  1.4000000000000679E-003                  9.8808977087543118E-016                  0.0000000000000000E+000                  0.0000000000000000E+000                                        0                 -9.8999999999999986E+001                 -9.9000000000000000E+001                 -9.9000000000000000E+001 
                                     415                  1.9994653434128542E+000                  3.2934815877051499E-001                  5.7670871293102559E+000                 -3.4193933579218529E+000                  1.0496670355825659E+001                  7.5579999999978753E-001                  2.4280000000021248E-001                  1.3999999999999568E-003                  1.1412754529444822E-015                  0.0000000000000000E+000                  0.0000000000000000E+000                                        0                 -9.8999999999999986E+001                 -9.9000000000000000E+001                 -9.9000000000000000E+001 
                                     416                  1.9994499453209102E+000                  3.2849720504686125E-001                  5.7708222337915442E+000                 -3.4046064622431116E+000                  1.0515155329332543E+001                  7.5579999999977920E-001                  2.4280000000022084E-001                  1.3999999999999568E-003                  1.3181692724862427E-015                  0.0000000000000000E+000                  0.0000000000000000E+000                                        0                 -9.8999999999999986E+001                 -9.9000000000000000E+001                 -9.9000000000000000E+001 
                                     417                  1.9994339694947696E+000                  3.2763882531662292E-001                  5.7745649280813289E+000                 -3.3898025613385885E+000                  1.0533665215500299E+001                  7.5579999999976988E-001                  2.4280000000023011E-001                  1.4000000000000679E-003                  1.5223754355321805E-015                  0.0000000000000000E+000                  0.0000000000000000E+000                                        0                 -9.8999999999999986E+001                 -9.9000000000000000E+001                 -9.9000000000000000E+001 
                                     418                  1.9994174200334791E+000                  3.2677429456650314E-001                  5.7783146824832539E+000                 -3.3749841560016289E+000                  1.0552196989542484E+001                  7.5579999999975944E-001                  2.4280000000024046E-001                  1.4000000000000679E-003                  1.7580553206192005E-015                  0.0000000000000000E+000                  0.0000000000000000E+000                                        0                 -9.8999999999999986E+001                 -9.9000000000000000E+001                 -9.9000000000000000E+001 
                                     419                  1.9994002562331277E+000                  3.2590253633831517E-001                  5.7820711452042763E+000                 -3.3601521330161264E+000                  1.0570749407388513E+001                  7.5579999999974801E-001                  2.4280000000025204E-001                  1.3999999999999568E-003                  2.0300080177821396E-015                  0.0000000000000000E+000                  0.0000000000000000E+000                                        0                 -9.8999999999999986E+001                 -9.9000000000000000E+001                 -9.9000000000000000E+001 
                                     420                  1.9993824784038023E+000                  3.2502461861802873E-001                  5.7858319325594811E+000                 -3.3453159775057086E+000                  1.0589310620058303E+001                  7.5579999999973502E-001                  2.4280000000026503E-001                  1.3999999999999568E-003                  2.3435676043080696E-015                  0.0000000000000000E+000                  0.0000000000000000E+000                                        0                 -9.8999999999999986E+001                 -9.9000000000000000E+001                 -9.9000000000000000E+001 
                                     421                  1.9993640654464406E+000                  3.2414051024354212E-001                  5.7895991950103944E+000                 -3.3304672917357947E+000                  1.0607891152471554E+001                  7.5579999999972058E-001                  2.4280000000027938E-001                  1.4000000000000679E-003                  2.7052481863673266E-015                  0.0000000000000000E+000                  0.0000000000000000E+000                                        0                 -9.8999999999999986E+001                 -9.9000000000000000E+001                 -9.9000000000000000E+001 
                                     422                  1.9993449734755935E+000                  3.2324916242319746E-001                  5.7933727601516409E+000                 -3.3156063437966603E+000                  1.0626490558145171E+001                  7.5579999999970460E-001                  2.4280000000029545E-001                  1.3999999999999568E-003                  3.1223665296878889E-015                  0.0000000000000000E+000                  0.0000000000000000E+000                                        0                 -9.8999999999999986E+001                 -9.9000000000000000E+001                 -9.9000000000000000E+001 
                                     423                  1.9993252005026996E+000                  3.2235154576368491E-001                  5.7971526249324938E+000                 -3.3007334659345511E+000                  1.0645108501556503E+001                  7.5579999999968661E-001                  2.4280000000031343E-001                  1.3999999999999568E-003                  3.6033555319429875E-015                  0.0000000000000000E+000                  0.0000000000000000E+000                                        0                 -9.8999999999999986E+001                 -9.9000000000000000E+001                 -9.9000000000000000E+001 
                                     424                  1.9993047005433411E+000                  3.2144664110056592E-001                  5.8009385725425497E+000                 -3.2858491527489320E+000                  1.0663744266281073E+001                  7.5579999999966641E-001                  2.4280000000033358E-001                  1.4000000000000679E-003                  4.1578930178243584E-015                  0.0000000000000000E+000                  0.0000000000000000E+000                                        0                 -9.8999999999999986E+001                 -9.9000000000000000E+001                 -9.9000000000000000E+001 
                                     425                  1.9992834712587157E+000                  3.2053541729830876E-001                  5.8047285301207028E+000                 -3.2709617468002343E+000                  1.0682387454123594E+001                  7.5579999999964409E-001                  2.4280000000035601E-001                  1.3999999999998458E-003                  4.7967610289849515E-015                  0.0000000000000000E+000                  0.0000000000000000E+000                                        0                 -9.8999999999999986E+001                 -9.9000000000000000E+001                 -9.9000000000000000E+001 
                                     426                  1.9992614877150174E+000                  3.1961783889305190E-001                  5.8085225204546704E+000                 -3.2560712785597650E+000                  1.0701038054737502E+001                  7.5579999999961900E-001                  2.4280000000038110E-001                  1.3999999999998458E-003                  5.5326302214654757E-015                  0.0000000000000000E+000                  0.0000000000000000E+000                                        0                 -9.8999999999999986E+001                 -9.9000000000000000E+001                 -9.9000000000000000E+001 
                                     427                  1.9992387239704694E+000                  3.1869386214829110E-001                  5.8123225494971171E+000                 -3.2411703307181905E+000                  1.0719705474461623E+001                  7.5579999999959080E-001                  2.4280000000040919E-001                  1.4000000000000679E-003                  6.3805212209918541E-015                  0.0000000000000000E+000                  0.0000000000000000E+000                                        0                 -9.8999999999999986E+001                 -9.9000000000000000E+001                 -9.9000000000000000E+001 
                                     428                  1.9992151295432690E+000                  3.1776252099612423E-001                  5.8161285674448919E+000                 -3.2262592697555936E+000                  1.0738389295800655E+001                  7.5579999999955938E-001                  2.4280000000044058E-001                  1.4000000000000679E-003                  7.3573323390620321E-015                  0.0000000000000000E+000                  0.0000000000000000E+000                                        0                 -9.8999999999999986E+001                 -9.9000000000000000E+001                 -9.9000000000000000E+001 
                                     429                  1.9991906994371098E+000                  3.1682470556988934E-001                  5.8199388426630216E+000                 -3.2113456997103489E+000                  1.0757080202554205E+001                  7.5579999999952407E-001                  2.4280000000047580E-001                  1.4000000000000679E-003                  8.4819393793117205E-015                  0.0000000000000000E+000                  0.0000000000000000E+000                                        0                 -9.8999999999999986E+001                 -9.9000000000000000E+001                 -9.9000000000000000E+001 
                                     430                  1.9991654051773757E+000                  3.1588037591336926E-001                  5.8237535445616766E+000                 -3.1964297966513628E+000                  1.0775778190825987E+001                  7.5579999999948477E-001                  2.4280000000051516E-001                  1.4000000000000679E-003                  9.7764765174377945E-015                  0.0000000000000000E+000                  0.0000000000000000E+000                                        0                 -9.8999999999999986E+001                 -9.9000000000000000E+001                 -9.9000000000000000E+001 
                                     431                  1.9991392173180271E+000                  3.1492948966913409E-001                  5.8275728740799790E+000                 -3.1815117967869702E+000                  1.0794483229530790E+001                  7.5579999999944081E-001                  2.4280000000055926E-001                  1.3999999999999568E-003                  1.1266372307817166E-014                  0.0000000000000000E+000                  0.0000000000000000E+000                                        0                 -9.8999999999999986E+001                 -9.9000000000000000E+001                 -9.9000000000000000E+001 
                                     432                  1.9991121055925873E+000                  3.1397200845170919E-001                  5.8313970504957755E+000                 -3.1665919401224341E+000                  1.0813195302546111E+001                  7.5579999999939140E-001                  2.4280000000060861E-001                  1.3999999999999568E-003                  1.2980837070943376E-014                  0.0000000000000000E+000                  0.0000000000000000E+000                                        0                 -9.8999999999999986E+001                 -9.9000000000000000E+001                 -9.9000000000000000E+001 
                                     433                  1.9990840385926467E+000                  3.1300788724591688E-001                  5.8352262760010891E+000                 -3.1516704290330986E+000                  1.0831914413302426E+001                  7.5579999999933611E-001                  2.4280000000066396E-001                  1.3999999999999568E-003                  1.4953411458598986E-014                  0.0000000000000000E+000                  0.0000000000000000E+000                                        0                 -9.8999999999999986E+001                 -9.9000000000000000E+001                 -9.9000000000000000E+001 
                                     434                  1.9990549840135470E+000                  3.1203708428125704E-001                  5.8390607163337975E+000                 -3.1367474348414697E+000                  1.0850640558384509E+001                  7.5579999999927416E-001                  2.4280000000072582E-001                  1.4000000000000679E-003                  1.7222592910186947E-014                  0.0000000000000000E+000                  0.0000000000000000E+000                                        0                 -9.8999999999999986E+001                 -9.9000000000000000E+001                 -9.9000000000000000E+001 
                                     435                  1.9990249084226441E+000                  3.1105955411489788E-001                  5.8429005262409293E+000                 -3.1218229976446108E+000                  1.0869373853012636E+001                  7.5579999999920500E-001                  2.4280000000079505E-001                  1.3999999999999568E-003                  1.9832575514199685E-014                  0.0000000000000000E+000                  0.0000000000000000E+000                                        0                 -9.8999999999999986E+001                 -9.9000000000000000E+001                 -9.9000000000000000E+001 
                                     436                  1.9989937770173916E+000                  3.1007524152484622E-001                  5.8467458272602739E+000                 -3.1068971092312490E+000                  1.0888114426146130E+001                  7.5579999999912728E-001                  2.4280000000087265E-001                  1.4000000000000679E-003                  2.2834069156188011E-014                  0.0000000000000000E+000                  0.0000000000000000E+000                                        0                 -9.8999999999999986E+001                 -9.9000000000000000E+001                 -9.9000000000000000E+001 
                                     437                  1.9989615541011101E+000                  3.0908409824236649E-001                  5.8505967073735423E+000                 -3.0919697192726892E+000                  1.0906862414017727E+001                  7.5579999999904013E-001                  2.4280000000095969E-001                  1.4000000000001789E-003                  2.6285245312424444E-014                  0.0000000000000000E+000                  0.0000000000000000E+000                                        0                 -9.8999999999999986E+001                 -9.9000000000000000E+001                 -9.9000000000000000E+001 
                                     438                  1.9989282025496071E+000                  3.0808606731314131E-001                  5.8544532252244963E+000                 -3.0770407491410245E+000                  1.0925617950781911E+001                  7.5579999999894276E-001                  2.4280000000105725E-001                  1.3999999999999568E-003                  3.0252819944371417E-014                  0.0000000000000000E+000                  0.0000000000000000E+000                                        0                 -9.8999999999999986E+001                 -9.9000000000000000E+001                 -9.9000000000000000E+001 
                                     439                  1.9988936843088203E+000                  3.0708109955616597E-001                  5.8583154314021337E+000                 -3.0621101431306159E+000                  1.0944381139646394E+001                  7.5579999999883352E-001                  2.4280000000116658E-001                  1.3999999999998458E-003                  3.4813304520277701E-014                  0.0000000000000000E+000                  0.0000000000000000E+000                                        0                 -9.8999999999999986E+001                 -9.9000000000000000E+001                 -9.9000000000000000E+001 
                                     440                  1.9988579599313403E+000                  3.0606914055910589E-001                  5.8621833899416425E+000                 -3.0471778915762178E+000                  1.0963152052036243E+001                  7.5579999999871095E-001                  2.4280000000128907E-001                  1.3999999999999568E-003                  4.0054448239489428E-014                  0.0000000000000000E+000                  0.0000000000000000E+000                                        0                 -9.8999999999999986E+001                 -9.9000000000000000E+001                 -9.9000000000000000E+001 
                                     441                  1.9988209889928983E+000                  3.0505014359330729E-001                  5.8660571851090175E+000                 -3.0322440237622028E+000                  1.0981930741553064E+001                  7.5579999999857372E-001                  2.4280000000142626E-001                  1.4000000000000679E-003                  4.6076886804503982E-014                  0.0000000000000000E+000                  0.0000000000000000E+000                                        0                 -9.8999999999999986E+001                 -9.9000000000000000E+001                 -9.9000000000000000E+001 
                                     442                  1.9987827295607958E+000                  3.0402405541739302E-001                  5.8699356595762815E+000                 -3.0173133574514268E+000                  1.1000711240936871E+001                  7.5579999999841996E-001                  2.4280000000158000E-001                  1.4000000000000679E-003                  5.2993631721360147E-014                  0.0000000000000000E+000                  0.0000000000000000E+000                                        0                 -9.8999999999999986E+001                 -9.9000000000000000E+001                 -9.9000000000000000E+001 
                                     443                  1.9987431640847375E+000                  3.0299148454478314E-001                  5.8738190723532782E+000                 -3.0023856606844133E+000                  1.1019494041916557E+001                  7.5579999999824754E-001                  2.4280000000175239E-001                  1.4000000000000679E-003                  6.0936232642630201E-014                  0.0000000000000000E+000                  0.0000000000000000E+000                                        0                 -9.8999999999999986E+001                 -9.9000000000000000E+001                 -9.9000000000000000E+001 
                                     444                  1.9987022229008062E+000                  3.0195169678644013E-001                  5.8777088325339220E+000                 -2.9874560985994028E+000                  1.1038285379293482E+001                  7.5579999999805436E-001                  2.4280000000194568E-001                  1.3999999999999568E-003                  7.0058382493992241E-014                  0.0000000000000000E+000                  0.0000000000000000E+000                                        0                 -9.8999999999999986E+001                 -9.9000000000000000E+001                 -9.9000000000000000E+001 
                                     445                  1.9986598600594487E+000                  3.0090464038780962E-001                  5.8816051309645481E+000                 -2.9725247870973170E+000                  1.1057085330116118E+001                  7.5579999999783753E-001                  2.4280000000216245E-001                  1.4000000000000679E-003                  8.0533956451064575E-014                  0.0000000000000000E+000                  0.0000000000000000E+000                                        0                 -9.8999999999999986E+001                 -9.9000000000000000E+001                 -9.9000000000000000E+001 
                                     446                  1.9986160279819443E+000                  2.9985025863461934E-001                  5.8855082163037018E+000                 -2.9575918200981866E+000                  1.1075894052392792E+001                  7.5579999999759473E-001                  2.4280000000240529E-001                  1.3999999999999568E-003                  9.2562460936904006E-014                  0.0000000000000000E+000                  0.0000000000000000E+000                                        0                 -9.8999999999999986E+001                 -9.9000000000000000E+001                 -9.9000000000000000E+001 
                                     447                  1.9985706773604668E+000                  2.9878848896356219E-001                  5.8894184089984272E+000                 -2.9426572235801092E+000                  1.1094711844961918E+001                  7.5579999999732239E-001                  2.4280000000267760E-001                  1.4000000000000679E-003                  1.0637291156556809E-013                  0.0000000000000000E+000                  0.0000000000000000E+000                                        0                 -9.8999999999999986E+001                 -9.9000000000000000E+001                 -9.9000000000000000E+001 
                                     448                  1.9985237568048799E+000                  2.9771925656028814E-001                  5.8933349920102112E+000                 -2.9277250782310396E+000                  1.1113533922249475E+001                  7.5579999999701719E-001                  2.4280000000298280E-001                  1.4000000000000679E-003                  1.2222351280645983E-013                  0.0000000000000000E+000                  0.0000000000000000E+000                                        0                 -9.8999999999999986E+001                 -9.9000000000000000E+001                 -9.9000000000000000E+001 
                                     449                  1.9984752400585359E+000                  2.9664307238767318E-001                  5.8972583957216305E+000                 -2.9127954978542192E+000                  1.1132360608405397E+001                  7.5579999999667502E-001                  2.4280000000332494E-001                  1.4000000000000679E-003                  1.4041406380710191E-013                  0.0000000000000000E+000                  0.0000000000000000E+000                                        0                 -9.8999999999999986E+001                 -9.9000000000000000E+001                 -9.9000000000000000E+001 
                                     450                  1.9984250482739365E+000                  2.9555930043001261E-001                  5.9011900435811340E+000                 -2.8978647385644787E+000                  1.1151197070910683E+001                  7.5579999999629155E-001                  2.4280000000370849E-001                  1.3999999999999568E-003                  1.6129406002689495E-013                  0.0000000000000000E+000                  0.0000000000000000E+000                                        0                 -9.8999999999999986E+001                 -9.9000000000000000E+001                 -9.9000000000000000E+001 
                                     451                  1.9983731255197166E+000                  2.9446787261051155E-001                  5.9051303497680898E+000                 -2.8829330440069239E+000                  1.1170043488240088E+001                  7.5579999999586134E-001                  2.4280000000413865E-001                  1.4000000000000679E-003                  1.8526017959282777E-013                  0.0000000000000000E+000                  0.0000000000000000E+000                                        0                 -9.8999999999999986E+001                 -9.9000000000000000E+001                 -9.9000000000000000E+001 
                                     452                  1.9983194141859366E+000                  2.9336872152217880E-001                  5.9090788100679870E+000                 -2.8680038546459743E+000                  1.1188895926899781E+001                  7.5579999999537939E-001                  2.4280000000462063E-001                  1.3999999999999568E-003                  2.1276099192831419E-013                  0.0000000000000000E+000                  0.0000000000000000E+000                                        0                 -9.8999999999999986E+001                 -9.9000000000000000E+001                 -9.9000000000000000E+001 
                                     453                  1.9982638790685137E+000                  2.9226225475304768E-001                  5.9130361787664576E+000                 -2.8530757054121616E+000                  1.1207756608023962E+001                  7.5579999999483871E-001                  2.4280000000516114E-001                  1.4000000000001789E-003                  2.4431928120849456E-013                  0.0000000000000000E+000                  0.0000000000000000E+000                                        0                 -9.8999999999999986E+001                 -9.9000000000000000E+001                 -9.9000000000000000E+001 
                                     454                  1.9982064241968975E+000                  2.9114770129199802E-001                  5.9170046050048395E+000                 -2.8381413493528451E+000                  1.1226634916550516E+001                  7.5579999999423242E-001                  2.4280000000576757E-001                  1.4000000000000679E-003                  2.8055007402206400E-013                  0.0000000000000000E+000                  0.0000000000000000E+000                                        0                 -9.8999999999999986E+001                 -9.9000000000000000E+001                 -9.9000000000000000E+001 
                                     455                  1.9981469642646574E+000                  2.9002459574515499E-001                  5.9209855890020870E+000                 -2.8231957714784586E+000                  1.1245537359068004E+001                  7.5579999999355219E-001                  2.4280000000644783E-001                  1.3999999999999568E-003                  3.2215965982965931E-013                  0.0000000000000000E+000                  0.0000000000000000E+000                                        0                 -9.8999999999999986E+001                 -9.9000000000000000E+001                 -9.9000000000000000E+001 
                                     456                  1.9980854102805510E+000                  2.8889248330709022E-001                  5.9249772745514360E+000                 -2.8082460328689458E+000                  1.1264455025705134E+001                  7.5579999999278924E-001                  2.4280000000721078E-001                  1.3999999999999568E-003                  3.6992282090703093E-013                  0.0000000000000000E+000                  0.0000000000000000E+000                                        0                 -9.8999999999999986E+001                 -9.9000000000000000E+001                 -9.9000000000000000E+001 
                                     457                  1.9980217712788844E+000                  2.8775271963006138E-001                  5.9289804450372499E+000                 -2.7932897437082231E+000                  1.1283391084652127E+001                  7.5579999999193292E-001                  2.4280000000806715E-001                  1.3999999999999568E-003                  4.2475720332992647E-013                  0.0000000000000000E+000                  0.0000000000000000E+000                                        0                 -9.8999999999999986E+001                 -9.9000000000000000E+001                 -9.9000000000000000E+001 
                                     458                  1.9979558762935066E+000                  2.8660345230650702E-001                  5.9329987189792766E+000                 -2.7783133797004647E+000                  1.1302362653050368E+001                  7.5579999999097192E-001                  2.4280000000902807E-001                  1.4000000000000679E-003                  4.8776799574815070E-013                  0.0000000000000000E+000                  0.0000000000000000E+000                                        0                 -9.8999999999999986E+001                 -9.9000000000000000E+001                 -9.9000000000000000E+001 
                                     459                  1.9978876281076376E+000                  2.8544428513628795E-001                  5.9370289786821449E+000                 -2.7633287035459375E+000                  1.1321354865203801E+001                  7.5579999998989378E-001                  2.4280000001010626E-001                  1.3999999999999568E-003                  5.6011987571505358E-013                  0.0000000000000000E+000                  0.0000000000000000E+000                                        0                 -9.8999999999999986E+001                 -9.9000000000000000E+001                 -9.9000000000000000E+001 
                                     460                  1.9978170726013935E+000                  2.8427723231940566E-001                  5.9410721460858760E+000                 -2.7483336233831235E+000                  1.1340370735976110E+001                  7.5579999998868341E-001                  2.4280000001131660E-001                  1.3999999999999568E-003                  6.4321370438950143E-013                  0.0000000000000000E+000                  0.0000000000000000E+000                                        0                 -9.8999999999999986E+001                 -9.9000000000000000E+001                 -9.9000000000000000E+001 
                                     461                  1.9977439823062395E+000                  2.8309978642039635E-001                  5.9451330602237116E+000                 -2.7333109990795785E+000                  1.1359432219931012E+001                  7.5579999998732383E-001                  2.4280000001267604E-001                  1.4000000000000679E-003                  7.3876460937828006E-013                  0.0000000000000000E+000                  0.0000000000000000E+000                                        0                 -9.8999999999999986E+001                 -9.9000000000000000E+001                 -9.9000000000000000E+001 
                                     462                  1.9976682467497411E+000                  2.8191153877984804E-001                  5.9492075806067533E+000                 -2.7182771046624099E+000                  1.1378518928277208E+001                  7.5579999998579883E-001                  2.4280000001420110E-001                  1.4000000000000679E-003                  8.4853510348164585E-013                  0.0000000000000000E+000                  0.0000000000000000E+000                                        0                 -9.8999999999999986E+001                 -9.9000000000000000E+001                 -9.9000000000000000E+001 
                                     463                  1.9975899576073297E+000                  2.8071520701697139E-001                  5.9532967464860560E+000                 -2.7032304260653683E+000                  1.1397633422482537E+001                  7.5579999998408598E-001                  2.4280000001591398E-001                  1.4000000000000679E-003                  9.7467182303449625E-013                  0.0000000000000000E+000                  0.0000000000000000E+000                                        0                 -9.8999999999999986E+001                 -9.9000000000000000E+001                 -9.9000000000000000E+001 
                                     464                  1.9975088224426150E+000                  2.7950762010909924E-001                  5.9574006112849318E+000                 -2.6881715138064917E+000                  1.1416775206415096E+001                  7.5579999998216496E-001                  2.4280000001783481E-001                  1.4000000000002899E-003                  1.1196203085567941E-012                  0.0000000000000000E+000                  0.0000000000000000E+000                                        0                 -9.8999999999999986E+001                 -9.9000000000000000E+001                 -9.9000000000000000E+001 
                                     465                  1.9974249554323629E+000                  2.7829177949422224E-001                  5.9615200170118259E+000                 -2.6730993524035762E+000                  1.1435946144810279E+001                  7.5579999998000658E-001                  2.4280000001999347E-001                  1.3999999999999568E-003                  1.2862220873329280E-012                  0.0000000000000000E+000                  0.0000000000000000E+000                                        0                 -9.8999999999999986E+001                 -9.9000000000000000E+001                 -9.9000000000000000E+001 
                                     466                  1.9973380326263885E+000                  2.7706430632545975E-001                  5.9656609726483625E+000                 -2.6579925300093423E+000                  1.1455173628480770E+001                  7.5579999997758029E-001                  2.4280000002241972E-001                  1.3999999999999568E-003                  1.4780180463873863E-012                  0.0000000000000000E+000                  0.0000000000000000E+000                                        0                 -9.8999999999999986E+001                 -9.9000000000000000E+001                 -9.9000000000000000E+001 
                                     467                  1.9972479243693113E+000                  2.7582483515929390E-001                  5.9698178112439217E+000                 -2.6428718236811131E+000                  1.1474431237699321E+001                  7.5579999997485969E-001                  2.4280000002514027E-001                  1.4000000000000679E-003                  1.6985478852381767E-012                  0.0000000000000000E+000                  0.0000000000000000E+000                                        0                 -9.8999999999999986E+001                 -9.9000000000000000E+001                 -9.9000000000000000E+001 
                                     468                  1.9971547869392192E+000                  2.7457685828788303E-001                  5.9739911653806770E+000                 -2.6277360059500459E+000                  1.1493720833273965E+001                  7.5579999997180147E-001                  2.4280000002819857E-001                  1.3999999999999568E-003                  1.9521669231466138E-012                  0.0000000000000000E+000                  0.0000000000000000E+000                                        0                 -9.8999999999999986E+001                 -9.9000000000000000E+001                 -9.9000000000000000E+001 
                                     469                  1.9970582290649137E+000                  2.7331649236561939E-001                  5.9781806033533611E+000                 -2.6125854674859332E+000                  1.1513041581495619E+001                  7.5579999996837355E-001                  2.4280000003162638E-001                  1.4000000000000679E-003                  2.2438344998277093E-012                  0.0000000000000000E+000                  0.0000000000000000E+000                                        0                 -9.8999999999999986E+001                 -9.9000000000000000E+001                 -9.9000000000000000E+001 
                                     470                  1.9969584318234443E+000                  2.7204746488852016E-001                  5.9823865768724120E+000                 -2.5974190502179044E+000                  1.1532395089454260E+001                  7.5579999996451941E-001                  2.4280000003548055E-001                  1.4000000000000679E-003                  2.5793135791731875E-012                  0.0000000000000000E+000                  0.0000000000000000E+000                                        0                 -9.8999999999999986E+001                 -9.9000000000000000E+001                 -9.9000000000000000E+001 
                                     471                  1.9968549649009883E+000                  2.7076568401361717E-001                  5.9866157052270257E+000                 -2.5822118078792808E+000                  1.1551812881005958E+001                  7.5579999996018477E-001                  2.4280000003981528E-001                  1.3999999999999568E-003                  2.9658661130761389E-012                  0.0000000000000000E+000                  0.0000000000000000E+000                                        0                 -9.8999999999999986E+001                 -9.9000000000000000E+001                 -9.9000000000000000E+001 
                                     472                  1.9967476747181621E+000                  2.6947080270209922E-001                  5.9908608864925661E+000                 -2.5669879287247062E+000                  1.1571263683418511E+001                  7.5579999995532665E-001                  2.4280000004467348E-001                  1.3999999999998458E-003                  3.4106005509346854E-012                  0.0000000000000000E+000                  0.0000000000000000E+000                                        0                 -9.8999999999999986E+001                 -9.9000000000000000E+001                 -9.9000000000000000E+001 
                                     473                  1.9966367933382716E+000                  2.6816702759422528E-001                  5.9951223634250876E+000                 -2.5517465689231651E+000                  1.1590748578777122E+001                  7.5579999994986324E-001                  2.4280000005013666E-001                  1.4000000000000679E-003                  3.9223311103999974E-012                  0.0000000000000000E+000                  0.0000000000000000E+000                                        0                 -9.8999999999999986E+001                 -9.9000000000000000E+001                 -9.9000000000000000E+001 
                                     474                  1.9965218166072742E+000                  2.6684985084047835E-001                  5.9993994769507148E+000                 -2.5364877733553683E+000                  1.1610266845074769E+001                  7.5579999994374192E-001                  2.4280000005625821E-001                  1.3999999999998458E-003                  4.5111098499132495E-012                  0.0000000000000000E+000                  0.0000000000000000E+000                                        0                 -9.8999999999999986E+001                 -9.9000000000000000E+001                 -9.9000000000000000E+001 
                                     475                  1.9964029974544024E+000                  2.6552359630183742E-001                  6.0036850501975341E+000                 -2.5212362486546027E+000                  1.1629786618226312E+001                  7.5579999993688474E-001                  2.4280000006311520E-001                  1.4000000000000679E-003                  5.1873610066043502E-012                  5.3293785923046226E-039                  0.0000000000000000E+000                                        0                 -9.8999999999999986E+001                 -9.9000000000000000E+001                 -9.9000000000000000E+001 
                                     476                  1.9962802092014682E+000                  2.6418811346278964E-001                  6.0079789670750854E+000                 -2.5059908487525484E+000                  1.1649308913774187E+001                  7.5579999992920555E-001                  2.4280000007079439E-001                  1.4000000000000679E-003                  5.9639360364599446E-012                  8.5957562312068383E-039                  0.0000000000000000E+000                                        0                 -9.8999999999999986E+001                 -9.9000000000000000E+001                 -9.9000000000000000E+001 
                                     477                  1.9961533241071248E+000                  2.6284328421694131E-001                  6.0122811102731912E+000                 -2.4907505665294813E+000                  1.1668834608383618E+001                  7.5579999992060731E-001                  2.4280000007939267E-001                  1.4000000000000679E-003                  6.8555498773516754E-012                  1.3855130777726818E-038                  0.0000000000000000E+000                                        0                 -9.8999999999999986E+001                 -9.9000000000000000E+001                 -9.9000000000000000E+001 
                                     478                  1.9960222089740816E+000                  2.6148897522751741E-001                  6.0165914161534939E+000                 -2.4755143606848460E+000                  1.1688364667712040E+001                  7.5579999991098290E-001                  2.4280000008901714E-001                  1.3999999999999568E-003                  7.8790602736489159E-012                  2.2317878342790804E-038                  0.0000000000000000E+000                                        0                 -9.8999999999999986E+001                 -9.9000000000000000E+001                 -9.9000000000000000E+001 
                                     479                  1.9958867264409068E+000                  2.6012505375471412E-001                  6.0209098712175626E+000                 -2.4602811639355600E+000                  1.1707900134635731E+001                  7.5579999990021218E-001                  2.4280000009978783E-001                  1.3999999999999568E-003                  9.0537795725213892E-012                  3.5926084068931100E-038                  0.0000000000000000E+000                                        0                 -9.8999999999999986E+001                 -9.9000000000000000E+001                 -9.9000000000000000E+001 
                                     480                  1.9957467333640906E+000                  2.5875137304162604E-001                  6.0252364618989143E+000                 -2.4450500447545447E+000                  1.1727441917405921E+001                  7.5579999988816182E-001                  2.4280000011183811E-001                  1.4000000000000679E-003                  1.0401816797782963E-011                  5.7793689371067815E-038                  0.0000000000000000E+000                                        0                 -9.8999999999999986E+001                 -9.9000000000000000E+001                 -9.9000000000000000E+001 
                                     481                  1.9956020851323515E+000                  2.5736781594944425E-001                  6.0295711771777745E+000                 -2.4298201994656976E+000                  1.1746990800202813E+001                  7.5579999987468349E-001                  2.4280000012531663E-001                  1.3999999999998458E-003                  1.1948478326799836E-011                  9.2910197795196997E-038                  0.0000000000000000E+000                                        0                 -9.8999999999999986E+001                 -9.9000000000000000E+001                 -9.9000000000000000E+001 
                                     482                  1.9954526311473402E+000                  2.5597425082378078E-001                  6.0339140507262181E+000                 -2.4145907885483830E+000                  1.1766547648597534E+001                  7.5579999985961088E-001                  2.4280000014038916E-001                  1.3999999999999568E-003                  1.3722743399672798E-011                  1.4926556255880112E-037                  0.0000000000000000E+000                                        0                 -9.8999999999999986E+001                 -9.9000000000000000E+001                 -9.9000000000000000E+001 
                                     483                  1.9952982161401893E+000                  2.5457054615250879E-001                  6.0382651586727034E+000                 -2.3993609407426630E+000                  1.1786113403164553E+001                  7.5579999984276092E-001                  2.4280000015723910E-001                  1.3999999999999568E-003                  1.5757797681504048E-011                  2.3964693175779771E-037                  0.0000000000000000E+000                                        0                 -9.8999999999999986E+001                 -9.9000000000000000E+001                 -9.9000000000000000E+001 
                                     484                  1.9951386784327847E+000                  2.5315655642327162E-001                  6.0426245721590766E+000                 -2.3841299050944027E+000                  1.1805688880043345E+001                  7.5579999982392843E-001                  2.4280000017607142E-001                  1.4000000000001789E-003                  1.8091619486965595E-011                  3.8450545546538789E-037                  0.0000000000000000E+000                                        0                 -9.8999999999999986E+001                 -9.9000000000000000E+001                 -9.9000000000000000E+001 
                                     485                  1.9949738545571718E+000                  2.5173216437231560E-001                  6.0469923599001145E+000                 -2.3688970438811485E+000                  1.1825274780601443E+001                  7.5579999980288648E-001                  2.4280000019711345E-001                  1.4000000000000679E-003                  2.0767665606108922E-011                  6.1652915381102705E-037                  0.0000000000000000E+000                                        0                 -9.8999999999999986E+001                 -9.9000000000000000E+001                 -9.9000000000000000E+001 
                                     486                  1.9948035744070991E+000                  2.5029723827642336E-001                  6.0513686282432397E+000                 -2.3536616788204650E+000                  1.1844871885029736E+001                  7.5579999977938206E-001                  2.4280000022061796E-001                  1.3999999999999568E-003                  2.3835683711044252E-011                  9.8793629902214777E-037                  0.0000000000000000E+000                                        0                 -9.8999999999999986E+001                 -9.9000000000000000E+001                 -9.9000000000000000E+001 
                                     487                  1.9946276626448871E+000                  2.4885164614862360E-001                  6.0557535175777133E+000                 -2.3384231051922448E+000                  1.1864481034618555E+001                  7.5579999975313428E-001                  2.4280000024686568E-001                  1.4000000000000679E-003                  2.7352622975674389E-011                  1.5820990451186937E-036                  0.0000000000000000E+000                                        0                 -9.8999999999999986E+001                 -9.9000000000000000E+001                 -9.9000000000000000E+001 
                                     488                  1.9944459370522287E+000                  2.4739524376764455E-001                  6.0601471656159021E+000                 -2.3231807191791236E+000                  1.1884102967803884E+001                  7.5579999972383172E-001                  2.4280000027616819E-001                  1.4000000000000679E-003                  3.1383644238004014E-011                  2.5320523724323629E-036                  0.0000000000000000E+000                                        0                 -9.8999999999999986E+001                 -9.9000000000000000E+001                 -9.9000000000000000E+001 
                                     489                  1.9942582128273507E+000                  2.4592791039145445E-001                  6.0645497105412085E+000                 -2.3079340131773840E+000                  1.1903738328016232E+001                  7.5579999969112799E-001                  2.4280000030887197E-001                  1.4000000000000679E-003                  3.6003297289499910E-011                  4.0499599103593000E-036                  0.0000000000000000E+000                                        0                 -9.8999999999999986E+001                 -9.9000000000000000E+001                 -9.9000000000000000E+001 
                                     490                  1.9940642980254371E+000                  2.4444951261764378E-001                  6.0689613379937901E+000                 -2.2926823979794837E+000                  1.1923387888197956E+001                  7.5579999965463829E-001                  2.4280000034536148E-001                  1.4000000000002899E-003                  4.1296925215190530E-011                  6.4740277096202902E-036                  0.0000000000000000E+000                                        0                 -9.8999999999999986E+001                 -9.9000000000000000E+001                 -9.9000000000000000E+001 
                                     491                  1.9938639935161560E+000                  2.4295990656911159E-001                  6.0733822301785718E+000                 -2.2774253656671535E+000                  1.1943052337105456E+001                  7.5579999961393762E-001                  2.4280000038606239E-001                  1.3999999999999568E-003                  4.7362168478655780E-011                  1.0343097498697662E-035                  0.0000000000000000E+000                                        0                 -9.8999999999999986E+001                 -9.9000000000000000E+001                 -9.9000000000000000E+001 
                                     492                  1.9936570967736034E+000                  2.4145896733462330E-001                  6.0778125664955978E+000                 -2.2621624838291510E+000                  1.1962732285698653E+001                  7.5579999956855193E-001                  2.4280000043144803E-001                  1.4000000000000679E-003                  5.4310727107520203E-011                  1.6515246978316813E-035                  0.0000000000000000E+000                                        0                 -9.8999999999999986E+001                 -9.9000000000000000E+001                 -9.9000000000000000E+001 
                                     493                  1.9934433977930386E+000                  2.3994655915685559E-001                  6.0822525495554594E+000                 -2.2468932922390108E+000                  1.1982428396294303E+001                  7.5579999951795651E-001                  2.4280000048204362E-001                  1.3999999999998458E-003                  6.2270424391933329E-011                  2.6356332693842719E-035                  0.0000000000000000E+000                                        0                 -9.8999999999999986E+001                 -9.9000000000000000E+001                 -9.9000000000000000E+001 
                                     494                  1.9932226802068949E+000                  2.3842254530100720E-001                  6.0867024021473926E+000                 -2.2316173074611410E+000                  1.2002141374836699E+001                  7.5579999946156917E-001                  2.4280000053843070E-001                  1.4000000000000679E-003                  7.1387535966156640E-011                  4.2039560838042425E-035                  0.0000000000000000E+000                                        0                 -9.8999999999999986E+001                 -9.9000000000000000E+001                 -9.9000000000000000E+001 
                                     495                  1.9929947197723303E+000                  2.3688677909066885E-001                  6.0911623384116576E+000                 -2.2163341104946430E+000                  1.2021871854426177E+001                  7.5579999939874476E-001                  2.4280000060125517E-001                  1.4000000000000679E-003                  8.1829392271567817E-011                  6.7021157291549437E-035                  0.0000000000000000E+000                                        0                 -9.8999999999999986E+001                 -9.9000000000000000E+001                 -9.9000000000000000E+001 
                                     496                  1.9927592881442597E+000                  2.3533913059027325E-001                  6.0956325647701259E+000                 -2.2010433421949491E+000                  1.2041620400872084E+001                  7.5579999932876796E-001                  2.4280000067123209E-001                  1.3999999999999568E-003                  9.3787394952268430E-011                  1.0679551718246785E-034                  0.0000000000000000E+000                                        0                 -9.8999999999999986E+001                 -9.9000000000000000E+001                 -9.9000000000000000E+001 
                                     497                  1.9925161487724536E+000                  2.3377945960030161E-001                  6.1001133156248653E+000                 -2.1857445717758694E+000                  1.2061387679728153E+001                  7.5579999925084529E-001                  2.4280000074915450E-001                  1.4000000000001789E-003                  1.0748057925018101E-010                  1.7009415342132063E-034                  0.0000000000000000E+000                                        0                 -9.8999999999999986E+001                 -9.9000000000000000E+001                 -9.9000000000000000E+001 
                                     498                  1.9922650566429756E+000                  2.3220761621371647E-001                  6.1046048093194756E+000                 -2.1704374183726434E+000                  1.2081174290588121E+001                  7.5579999916409746E-001                  2.4280000083590242E-001                  1.4000000000000679E-003                  1.2315947519468929E-010                  2.7078717169018760E-034                  0.0000000000000000E+000                                        0                 -9.8999999999999986E+001                 -9.9000000000000000E+001                 -9.9000000000000000E+001 
                                     499                  1.9920057621019540E+000                  2.3062346604024350E-001                  6.1091072275629337E+000                 -2.1551215245759137E+000                  1.2100980772304142E+001                  7.5579999906755080E-001                  2.4280000093244919E-001                  1.4000000000000679E-003                  1.4111055121261802E-010                  4.3089807235636016E-034                  0.0000000000000000E+000                                        0                 -9.8999999999999986E+001                 -9.9000000000000000E+001                 -9.9000000000000000E+001 
                                     500                  1.9917380066683146E+000                  2.2902686478023818E-001                  6.1136207181762892E+000                 -2.1397964528694784E+000                  1.2120807708718244E+001                  7.5579999896012573E-001                  2.4280000103987429E-001                  1.3999999999999568E-003                  1.6166135945724758E-010                  6.8538217994418156E-034                  0.0000000000000000E+000                                        0                 -9.8999999999999986E+001                 -9.9000000000000000E+001                 -9.9000000000000000E+001 
                                     501                  1.9914615241362490E+000                  2.2741766685051129E-001                  6.1181453941358548E+000                 -2.1244616885772665E+000                  1.2140655724804647E+001                  7.5579999884062687E-001                  2.4280000115937311E-001                  1.4000000000000679E-003                  1.8518637106226846E-010                  1.0896962780279067E-033                  0.0000000000000000E+000                                        0                 -9.8999999999999986E+001                 -9.9000000000000000E+001                 -9.9000000000000000E+001 
                                     502                  1.9911760389359905E+000                  2.2579571750379879E-001                  6.1226813138183633E+000                 -2.1091167201303804E+000                  1.2160525386803233E+001                  7.5579999870772940E-001                  2.4280000129227047E-001                  1.4000000000000679E-003                  2.1211350010036406E-010                  1.7317805479706752E-033                  0.0000000000000000E+000                                        0                 -9.8999999999999986E+001                 -9.9000000000000000E+001                 -9.9000000000000000E+001 
                                     503                  1.9908812701370300E+000                  2.2416087703384249E-001                  6.1272284865764695E+000                 -2.0937610402502416E+000                  1.2180417206698591E+001                  7.5579999855996871E-001                  2.4280000144003133E-001                  1.3999999999999568E-003                  2.4293162469042125E-010                  2.7510171053948165E-033                  0.0000000000000000E+000                                        0                 -9.8999999999999986E+001                 -9.9000000000000000E+001                 -9.9000000000000000E+001 
                                     504                  1.9905769270420217E+000                  2.2251299664467511E-001                  6.1317869074185563E+000                 -2.0783940404669470E+000                  1.2200331782388716E+001                  7.5579999839572021E-001                  2.4280000160427964E-001                  1.4000000000001789E-003                  2.7819939590545421E-010                  4.3682211275494677E-033                  0.0000000000000000E+000                                        0                 -9.8999999999999986E+001                 -9.9000000000000000E+001                 -9.9000000000000000E+001 
                                     505                  1.9902627089882448E+000                  2.2085191964225298E-001                  6.1363565286387267E+000                 -2.0630151184799725E+000                  1.2220269662145682E+001                  7.5579999821318855E-001                  2.4280000178681144E-001                  1.4000000000000679E-003                  3.1855484581552814E-010                  6.9330281658243430E-033                  0.0000000000000000E+000                                        0                 -9.8999999999999986E+001                 -9.9000000000000000E+001                 -9.9000000000000000E+001 
                                     506                  1.9899383090900731E+000                  2.1917750265660646E-001                  6.1409375140972529E+000                 -2.0476228592212689E+000                  1.2240232417505908E+001                  7.5579999801037367E-001                  2.4280000198962626E-001                  1.4000000000000679E-003                  3.6472917160138012E-010                  1.0999016717769826E-032                  0.0000000000000000E+000                                        0                 -9.8999999999999986E+001                 -9.9000000000000000E+001                 -9.9000000000000000E+001 
                                     507                  1.9896033739241565E+000                  2.1748941451780282E-001                  6.1455297428477200E+000                 -2.0322166401508737E+000                  1.2260220542319718E+001                  7.5579999778507423E-001                  2.4280000221492587E-001                  1.3999999999998458E-003                  4.1755519105839629E-010                  1.7441768578326405E-032                  0.0000000000000000E+000                                        0                 -9.8999999999999986E+001                 -9.9000000000000000E+001                 -9.9000000000000000E+001 
                                     508                  1.9892576117875798E+000                  2.1578768602858447E-001                  6.1501328445742196E+000                 -2.0167966287237751E+000                  1.2280233491398789E+001                  7.5579999753486626E-001                  2.4280000246513384E-001                  1.3999999999998458E-003                  4.7798043413674109E-010                  2.7644927920835343E-032                  0.0000000000000000E+000                                        0                 -9.8999999999999986E+001                 -9.9000000000000000E+001                 -9.9000000000000000E+001 
                                     509                  1.9889006863632153E+000                  2.1407216461394532E-001                  6.1547466758165701E+000                 -2.0013621379043021E+000                  1.2300271799859919E+001                  7.5579999725705804E-001                  2.4280000274294181E-001                  1.4000000000001789E-003                  5.4708898530449216E-010                  4.3794679649345907E-032                  0.0000000000000000E+000                                        0                 -9.8999999999999986E+001                 -9.9000000000000000E+001                 -9.9000000000000000E+001 
                                     510                  1.9885322514506660E+000                  2.1234269718682908E-001                  6.1593710958057093E+000                 -1.9859124872299303E+000                  1.2320335999132840E+001                  7.5579999694867428E-001                  2.4280000305132579E-001                  1.3999999999999568E-003                  6.2611810048836125E-010                  6.9342749465258203E-032                  0.0000000000000000E+000                                        0                 -9.8999999999999986E+001                 -9.9000000000000000E+001                 -9.9000000000000000E+001 
                                     511                  1.9881519506965966E+000                  2.1059913012763307E-001                  6.1640059841810979E+000                 -1.9704470207351665E+000                  1.2340426617227859E+001                  7.5579999660642327E-001                  2.4280000339357660E-001                  1.4000000000000679E-003                  7.1647986084725917E-010                  1.0973579246613011E-031                  0.0000000000000000E+000                                        0                 -9.8999999999999986E+001                 -9.9000000000000000E+001                 -9.9000000000000000E+001 
                                     512                  1.9877594173175606E+000                  2.0884130918593483E-001                  6.1686512419823094E+000                 -1.9549651077129409E+000                  1.2360544178982874E+001                  7.5579999622666860E-001                  2.4280000377333133E-001                  1.4000000000000679E-003                  8.1978572873987339E-010                  1.7356322760483303E-031                  0.0000000000000000E+000                                        0                 -9.8999999999999986E+001                 -9.9000000000000000E+001                 -9.9000000000000000E+001 
                                     513                  1.9873542738176773E+000                  2.0706907938186048E-001                  6.1733067890065438E+000                 -1.9394661398254089E+000                  1.2380689206221950E+001                  7.5579999580538926E-001                  2.4280000419461084E-001                  1.3999999999998458E-003                  9.3787448605640333E-010                  2.7436247933334412E-031                  0.0000000000000000E+000                                        0                 -9.8999999999999986E+001                 -9.9000000000000000E+001                 -9.9000000000000000E+001 
                                     514                  1.9869361317015621E+000                  2.0528228492308520E-001                  6.1779725612914014E+000                 -1.9239495284394645E+000                  1.2400862217819244E+001                  7.5579999533814191E-001                  2.4280000466185805E-001                  1.4000000000000679E-003                  1.0728440549163695E-009                  4.3345637914400587E-031                  0.0000000000000000E+000                                        0                 -9.8999999999999986E+001                 -9.9000000000000000E+001                 -9.9000000000000000E+001 
                                     515                  1.9865045911828392E+000                  2.0348076913792992E-001                  6.1826485087136822E+000                 -1.9084147021919915E+000                  1.2421063729666198E+001                  7.5579999482001703E-001                  2.4280000517998307E-001                  1.3999999999998458E-003                  1.2270877343997770E-009                  6.8441009112652575E-031                  0.0000000000000000E+000                                        0                 -9.8999999999999986E+001                 -9.9000000000000000E+001                 -9.9000000000000000E+001 
                                     516                  1.9860592408886044E+000                  2.0166437442476592E-001                  6.1873345927050059E+000                 -1.8928611047527792E+000                  1.2441294254582253E+001                  7.5579999424558919E-001                  2.4280000575441069E-001                  1.4000000000000679E-003                  1.4033354597125836E-009                  1.0800276491809528E-030                  0.0000000000000000E+000                                        0                 -9.8999999999999986E+001                 -9.9000000000000000E+001                 -9.9000000000000000E+001 
                                     517                  1.9855996575583421E+000                  1.9983294221055670E-001                  6.1920307840946247E+000                 -1.8772881926646294E+000                  1.2461554302249935E+001                  7.5579999360886563E-001                  2.4280000639113430E-001                  1.4000000000000679E-003                  1.6047007719261576E-009                  1.7033281683167901E-030                  0.0000000000000000E+000                                        0                 -9.8999999999999986E+001                 -9.9000000000000000E+001                 -9.9000000000000000E+001 
                                     518                  1.9851254057354260E+000                  1.9798631291115071E-001                  6.1967370610672061E+000                 -1.8616954332820628E+000                  1.2481844379157810E+001                  7.5579999290322486E-001                  2.4280000709677513E-001                  1.4000000000000679E-003                  1.8347342792507588E-009                  2.6847544729920450E-030                  0.0000000000000000E+000                                        0                 -9.8999999999999986E+001                 -9.9000000000000000E+001                 -9.9000000000000000E+001 
                                     519                  1.9846360374535923E+000                  1.9612432590332321E-001                  6.2014534071066825E+000                 -1.8460823027759734E+000                  1.2502164988477094E+001                  7.5579999212135285E-001                  2.4280000787864706E-001                  1.4000000000000679E-003                  2.0974844913244953E-009                  4.2291361398334463E-030                  0.0000000000000000E+000                                        0                 -9.8999999999999986E+001                 -9.9000000000000000E+001                 -9.9000000000000000E+001 
                                     520                  1.9841310919194890E+000                  1.9424681951243664E-001                  6.2061798015331160E+000                 -1.8304482766615406E+000                  1.2522516629847001E+001                  7.5579999125517150E-001                  2.4280000874482854E-001                  1.3999999999999568E-003                  2.3975667017098363E-009                  6.6579034424436591E-030                  0.0000000000000000E+000                                        0                 -9.8999999999999986E+001                 -9.9000000000000000E+001                 -9.9000000000000000E+001 
                                     521                  1.9836100951920668E+000                  1.9235363105083891E-001                  6.2109161983506294E+000                 -1.8147928084590841E+000                  1.2542899799029206E+001                  7.5579999029575839E-001                  2.4280000970424151E-001                  1.4000000000000679E-003                  2.7402405274562386E-009                  1.0475121071579750E-029                  0.0000000000000000E+000                                        0                 -9.8999999999999986E+001                 -9.9000000000000000E+001                 -9.9000000000000000E+001 
                                     522                  1.9830725598607493E+000                  1.9044459696782781E-001                  6.2156625132982217E+000                 -1.7991153168216028E+000                  1.2563314987472221E+001                  7.5579998923325997E-001                  2.4280001076674004E-001                  1.3999999999999568E-003                  3.1314978219268610E-009                  1.6470695913347639E-029                  0.0000000000000000E+000                                        0                 -9.8999999999999986E+001                 -9.9000000000000000E+001                 -9.9000000000000000E+001 
                                     523                  1.9825179847187351E+000                  1.8851955306476434E-001                  6.2204186249843625E+000                 -1.7834151871415211E+000                  1.2583762681877374E+001                  7.5579998805679383E-001                  2.4280001194320611E-001                  1.4000000000000679E-003                  3.5781628324485265E-009                  2.5881562752014948E-029                  0.0000000000000000E+000                                        0                 -9.8999999999999986E+001                 -9.9000000000000000E+001                 -9.9000000000000000E+001 
                                     524                  1.9819458544303428E+000                  1.8657833471018526E-001                  6.2251843771713355E+000                 -1.7676917743759497E+000                  1.2604243363739295E+001                  7.5579998675434346E-001                  2.4280001324565656E-001                  1.3999999999999568E-003                  4.0880057995948611E-009                  4.0643190684401828E-029                  0.0000000000000000E+000                                        0                 -9.8999999999999986E+001                 -9.9000000000000000E+001                 -9.9000000000000000E+001 
                                     525                  1.9813556391950342E+000                  1.8462077705842628E-001                  6.2299595808858239E+000                 -1.7519444057984450E+000                  1.2624757508806974E+001                  7.5579998531263992E-001                  2.4280001468736012E-001                  1.3999999999999568E-003                  4.6698716893089961E-009                  6.3781666425946006E-029                  0.0000000000000000E+000                                        0                 -9.8999999999999986E+001                 -9.9000000000000000E+001                 -9.9000000000000000E+001 
                                     526                  1.9807467944089807E+000                  1.8264671527360837E-001                  6.2347440163599366E+000                 -1.7361723836318190E+000                  1.2645305586418756E+001                  7.5579998371703239E-001                  2.4280001628296763E-001                  1.3999999999999568E-003                  5.3338260076990273E-009                  1.0002433971329544E-028                  0.0000000000000000E+000                                        0                 -9.8999999999999986E+001                 -9.9000000000000000E+001                 -9.9000000000000000E+001 
                                     527                  1.9801187603272172E+000                  1.8065598476776962E-001                  6.2395374348108898E+000                 -1.7203749876968153E+000                  1.2665888058683462E+001                  7.5579998195134590E-001                  2.4280001804865389E-001                  1.4000000000001789E-003                  6.0913198900201734E-009                  1.5674994046853144E-028                  0.0000000000000000E+000                                        0                 -9.8999999999999986E+001                 -9.9000000000000000E+001                 -9.9000000000000000E+001 
                                     528                  1.9794709617267856E+000                  1.7864842145173204E-001                  6.2443395600983314E+000                 -1.7045514779970645E+000                  1.2686505379615989E+001                  7.5579997999772452E-001                  2.4280002000227541E-001                  1.4000000000000679E-003                  6.9553769239128083E-009                  2.4546533270580882E-028                  0.0000000000000000E+000                                        0                 -9.8999999999999986E+001                 -9.9000000000000000E+001                 -9.9000000000000000E+001 
                                     529                  1.9788028075656918E+000                  1.7662386198061494E-001                  6.2491500902863768E+000                 -1.6887010972180934E+000                  1.2707157994290421E+001                  7.5579997783645636E-001                  2.4280002216354363E-001                  1.4000000000000679E-003                  7.9408044762731202E-009                  3.8409841802116744E-028                  0.0000000000000000E+000                                        0                 -9.8999999999999986E+001                 -9.9000000000000000E+001                 -9.9000000000000000E+001 
                                     530                  1.9781136906397758E+000                  1.7458214400015656E-001                  6.2539686963875427E+000                 -1.6728230702912503E+000                  1.2727846337968728E+001                  7.5579997544578426E-001                  2.4280002455421565E-001                  1.4000000000000679E-003                  9.0644321865329832E-009                  6.0055407436838381E-028                  0.0000000000000000E+000                                        0                 -9.8999999999999986E+001                 -9.9000000000000000E+001                 -9.9000000000000000E+001 
                                     531                  1.9774029872385650E+000                  1.7252310640974414E-001                  6.2587950023522154E+000                 -1.6569165848198588E+000                  1.2748570835151893E+001                  7.5579997280169486E-001                  2.4280002719830510E-001                  1.4000000000000679E-003                  1.0345377828644665E-008                  9.3822098306235687E-028                  0.0000000000000000E+000                                        0                 -9.8999999999999986E+001                 -9.9000000000000000E+001                 -9.9000000000000000E+001 
                                     532                  1.9766700568035411E+000                  1.7044658974342461E-001                  6.2636285606009192E+000                 -1.6409807671281054E+000                  1.2769331898469316E+001                  7.5579996987768705E-001                  2.4280003012231288E-001                  1.4000000000000679E-003                  1.1805343982716565E-008                  1.4644867743106374E-027                  0.0000000000000000E+000                                        0                 -9.8999999999999986E+001                 -9.9000000000000000E+001                 -9.9000000000000000E+001 
                                     533                  1.9759142415917668E+000                  1.6835243670282196E-001                  6.2684688482956314E+000                 -1.6250146797349878E+000                  1.2790129927455032E+001                  7.5579996664451610E-001                  2.4280003335548384E-001                  1.4000000000000679E-003                  1.3468953335921294E-008                  2.2838863563006116E-027                  0.0000000000000000E+000                                        0                 -9.8999999999999986E+001                 -9.9000000000000000E+001                 -9.9000000000000000E+001 
                                     534                  1.9751348663392165E+000                  1.6624049272688607E-001                  6.2733152721483094E+000                 -1.6090173275343982E+000                  1.2810965307297941E+001                  7.5579996306991304E-001                  2.4280003693008706E-001                  1.3999999999998458E-003                  1.5364126468009700E-008                  3.5583731810682638E-027                  0.0000000000000000E+000                                        0                 -9.8999999999999986E+001                 -9.9000000000000000E+001                 -9.9000000000000000E+001 
                                     535                  1.9743312379243403E+000                  1.6411060655784035E-001                  6.2781671731153290E+000                 -1.5929876638978113E+000                  1.2831838407559566E+001                  7.5579995911827424E-001                  2.4280004088172566E-001                  1.4000000000000679E-003                  1.7522505764289725E-008                  5.5385199891962576E-027                  0.0000000000000000E+000                                        0                 -9.8999999999999986E+001                 -9.9000000000000000E+001                 -9.9000000000000000E+001 
                                     536                  1.9735026450327153E+000                  1.6196263080396980E-001                  6.2830238309805084E+000                 -1.5769245967630110E+000                  1.2852749580817386E+001                  7.5579995475032236E-001                  2.4280004524967774E-001                  1.3999999999998458E-003                  1.9979930631099922E-008                  8.6114576204426850E-027                  0.0000000000000000E+000                                        0                 -9.8999999999999986E+001                 -9.9000000000000000E+001                 -9.9000000000000000E+001 
                                     537                  1.9726483578264171E+000                  1.5979642250640441E-001                  6.2878844688541751E+000                 -1.5608269947953179E+000                  1.2873699161188270E+001                  7.5579994992272848E-001                  2.4280005007727162E-001                  1.3999999999998458E-003                  2.2776969714760404E-008                  1.3374396543989639E-026                  0.0000000000000000E+000                                        0                 -9.8999999999999986E+001                 -9.9000000000000000E+001                 -9.9000000000000000E+001 
                                     538                  1.9717676276200891E+000                  1.5761184371134673E-001                  6.2927482576342806E+000                 -1.5446936935188820E+000                  1.2894687462783768E+001                  7.5579994458769961E-001                  2.4280005541230038E-001                  1.4000000000000679E-003                  2.5959516402167028E-008                  2.0747166762986340E-026                  0.0000000000000000E+000                                        0                 -9.8999999999999986E+001                 -9.9000000000000000E+001                 -9.9000000000000000E+001 
                                     539                  1.9708596865599624E+000                  1.5540876203494547E-001                  6.2976143204755308E+000                 -1.5285235014366545E+000                  1.2915714778169502E+001                  7.5579993869252315E-001                  2.4280006130747675E-001                  1.4000000000000679E-003                  2.9579454499915986E-008                  3.2144135090775696E-026                  0.0000000000000000E+000                                        0                 -9.8999999999999986E+001                 -9.9000000000000000E+001                 -9.9000000000000000E+001 
                                     540                  1.9699237473052791E+000                  1.5318705121717746E-001                  6.3024817393594406E+000                 -1.5123152083136504E+000                  1.2936781376851043E+001                  7.5579993217906372E-001                  2.4280006782093602E-001                  1.4000000000002899E-003                  3.3695402827229741E-008                  4.9736284219150216E-026                  0.0000000000000000E+000                                        0                 -9.8999999999999986E+001                 -9.9000000000000000E+001                 -9.9000000000000000E+001 
                                     541                  1.9689590027116191E+000                  1.5094659164991187E-001                  6.3073496068028430E+000                 -1.4960676397168700E+000                  1.2957887503785027E+001                  7.5579992498321091E-001                  2.4280007501678894E-001                  1.4000000000001789E-003                  3.8373575475294357E-008                  7.6850146987850968E-026                  0.0000000000000000E+000                                        0                 -9.8999999999999986E+001                 -9.9000000000000000E+001                 -9.9000000000000000E+001 
                                     542                  1.9679646255176269E+000                  1.4868727063721518E-001                  6.3122171168619907E+000                 -1.4797797517413063E+000                  1.2979033377923455E+001                  7.5579991703427007E-001                  2.4280008296572977E-001                  1.4000000000001789E-003                  4.3688789804770514E-008                  1.1857438946529305E-025                  0.0000000000000000E+000                                        0                 -9.8999999999999986E+001                 -9.9000000000000000E+001                 -9.9000000000000000E+001 
                                     543                  1.9669397680383258E+000                  1.4640898216295795E-001                  6.3170836047971006E+000                 -1.4634506729228691E+000                  1.3000219190893230E+001                  7.5579990825429133E-001                  2.4280009174570868E-001                  1.3999999999999568E-003                  4.9725595519391628E-008                  1.8268048614390479E-025                  0.0000000000000000E+000                                        0                 -9.8999999999999986E+001                 -9.9000000000000000E+001                 -9.9000000000000000E+001 
                                     544                  1.9658835618621973E+000                  1.4411162640595485E-001                  6.3219485374439701E+000                 -1.4470796954123295E+000                  1.3021445105925700E+001                  7.5579989855733243E-001                  2.4280010144266759E-001                  1.3999999999999568E-003                  5.6579523726708097E-008                  2.8101757698232906E-025                  0.0000000000000000E+000                                        0                 -9.8999999999999986E+001                 -9.9000000000000000E+001                 -9.9000000000000000E+001 
                                     545                  1.9647951175486318E+000                  1.4179510925108382E-001                  6.3268115021096740E+000                 -1.4306662643283936E+000                  1.3042711257105292E+001                  7.5579988784864616E-001                  2.4280011215135383E-001                  1.4000000000000679E-003                  6.4358493894854536E-008                  4.3162260086645509E-025                  0.0000000000000000E+000                                        0                 -9.8999999999999986E+001                 -9.9000000000000000E+001                 -9.9000000000000000E+001 
                                     546                  1.9636735243207588E+000                  1.3945934179710842E-001                  6.3316721960694826E+000                 -1.4142099674739010E+000                  1.3064017748864515E+001                  7.5579987602378473E-001                  2.4280012397621534E-001                  1.3999999999999568E-003                  7.3184399880093166E-008                  6.6190765711417909E-025                  0.0000000000000000E+000                                        0                 -9.8999999999999986E+001                 -9.9000000000000000E+001                 -9.9000000000000000E+001 
                                     547                  1.9625178497636639E+000                  1.3710423988309581E-001                  6.3365304166652994E+000                 -1.3977105254988971E+000                  1.3085364655624868E+001                  7.5579986296761670E-001                  2.4280013703238332E-001                  1.3999999999999568E-003                  8.3194897718951926E-008                  1.0134674123376324E-024                  0.0000000000000000E+000                                        0                 -9.8999999999999986E+001                 -9.9000000000000000E+001                 -9.9000000000000000E+001 
                                     548                  1.9613271395270973E+000                  1.3472972363011732E-001                  6.3413860520321705E+000                 -1.3811677825079849E+000                  1.3106752021650438E+001                  7.5579984855324234E-001                  2.4280015144675765E-001                  1.4000000000000679E-003                  9.4545420814402769E-008                  1.5493196407755057E-024                  0.0000000000000000E+000                                        0                 -9.8999999999999986E+001                 -9.9000000000000000E+001                 -9.9000000000000000E+001 
                                     549                  1.9601004170257645E+000                  1.3233571698340307E-001                  6.3462390724789266E+000                 -1.3645816970164635E+000                  1.3128179861222415E+001                  7.5579983264080286E-001                  2.4280016735919724E-001                  1.3999999999998458E-003                  1.0741145145782380E-007                  2.3647953441373102E-024                  0.0000000000000000E+000                                        0                 -9.8999999999999986E+001                 -9.9000000000000000E+001                 -9.9000000000000000E+001 
                                     550                  1.9588366831295425E+000                  1.2992214724101853E-001                  6.3510895223895956E+000                 -1.3479523332124876E+000                  1.3149648159045510E+001                  7.5579981507617011E-001                  2.4280018492382976E-001                  1.4000000000000679E-003                  1.2199108100551461E-007                  3.6038959977391888E-024                  0.0000000000000000E+000                                        0                 -9.8999999999999986E+001                 -9.9000000000000000E+001                 -9.9000000000000000E+001 
                                     551                  1.9575349158576687E+000                  1.2748894459821444E-001                  6.3559374960763062E+000                 -1.3312798357048123E+000                  1.3171156870753164E+001                  7.5579979568951505E-001                  2.4280020431048477E-001                  1.4000000000001789E-003                  1.3850785892450737E-007                  5.4838240344936785E-024                  0.0000000000000000E+000                                        0                 -9.8999999999999986E+001                 -9.9000000000000000E+001                 -9.9000000000000000E+001 
                                     552                  1.9561940700761340E+000                  1.2503604180136008E-001                  6.3607830812186164E+000                 -1.3145643709132087E+000                  1.3192705923563731E+001                  7.5579977429372880E-001                  2.4280022570627111E-001                  1.4000000000000679E-003                  1.5721389839014493E-007                  8.3316968474443336E-024                  0.0000000000000000E+000                                        0                 -9.8999999999999986E+001                 -9.9000000000000000E+001                 -9.9000000000000000E+001 
                                     553                  1.9548130771895029E+000                  1.2256337409493093E-001                  6.3656263202162782E+000                 -1.2978060866447689E+000                  1.3214295217100185E+001                  7.5579975068269789E-001                  2.4280024931730221E-001                  1.3999999999998458E-003                  1.7839333911326010E-007                  1.2639405483409259E-023                  0.0000000000000000E+000                                        0                 -9.8999999999999986E+001                 -9.9000000000000000E+001                 -9.9000000000000000E+001 
                                     554                  1.9533908448246018E+000                  1.2007087937437121E-001                  6.3704672114712428E+000                 -1.2810051125366464E+000                  1.3235924624235899E+001                  7.5579972462940548E-001                  2.4280027537059456E-001                  1.3999999999999568E-003                  2.0236628836772399E-007                  1.9145473790044979E-023                  0.0000000000000000E+000                                        0                 -9.8999999999999986E+001                 -9.9000000000000000E+001                 -9.9000000000000000E+001 
                                     555                  1.9519262565177176E+000                  1.1755849834340733E-001                  6.3753057152685280E+000                 -1.2641615653610907E+000                  1.3257593991888223E+001                  7.5579969588385310E-001                  2.4280030411614689E-001                  1.4000000000000679E-003                  2.2949324266904409E-007                  2.8957005360036935E-023                  0.0000000000000000E+000                                        0                 -9.8999999999999986E+001                 -9.9000000000000000E+001                 -9.9000000000000000E+001 
                                     556                  1.9504181714028843E+000                  1.1502617464263162E-001                  6.3801417593613747E+000                 -1.2472755539454237E+000                  1.3279303141825844E+001                  7.5579966417077549E-001                  2.4280033582922439E-001                  1.4000000000000679E-003                  2.6018003669480939E-007                  4.3731053538185187E-023                  0.0000000000000000E+000                                        0                 -9.8999999999999986E+001                 -9.9000000000000000E+001                 -9.9000000000000000E+001 
                                     557                  1.9488654238954122E+000                  1.1247385494017441E-001                  6.3849752442918959E+000                 -1.2303471837436748E+000                  1.3301051871515721E+001                  7.5579962918713561E-001                  2.4280037081286451E-001                  1.3999999999998458E-003                  2.9488338079129864E-007                  6.5943929228396041E-023                  0.0000000000000000E+000                                        0                 -9.8999999999999986E+001                 -9.9000000000000000E+001                 -9.9000000000000000E+001 
                                     558                  1.9472668233723154E+000                  1.0990148898851393E-001                  6.3898060484578423E+000                 -1.2133765611053435E+000                  1.3322839954962449E+001                  7.5579959059937241E-001                  2.4280040940062750E-001                  1.4000000000000679E-003                  3.3411705549830089E-007                  9.9290434500111322E-023                  0.0000000000000000E+000                                        0                 -9.8999999999999986E+001                 -9.9000000000000000E+001                 -9.9000000000000000E+001 
                                     559                  1.9456211538538732E+000                  1.0730902965506083E-001                  6.3946340329358806E+000                 -1.1963637975129637E+000                  1.3344667143511071E+001                  7.5579954804038685E-001                  2.4280045195961325E-001                  1.3999999999998458E-003                  3.7845883912984918E-007                  1.4927473625869145E-022                  0.0000000000000000E+000                                        0                 -9.8999999999999986E+001                 -9.9000000000000000E+001                 -9.9000000000000000E+001 
                                     560                  1.9439271736866111E+000                  1.0469643292543132E-001                  6.3994590460810619E+000                 -1.1793090135154161E+000                  1.3366533166642444E+001                  7.5579950110622962E-001                  2.4280049889377051E-001                  1.3999999999998458E-003                  4.2855825362640462E-007                  2.2408342957918450E-022                  0.0000000000000000E+000                                        0                 -9.8999999999999986E+001                 -9.9000000000000000E+001                 -9.9000000000000000E+001 
                                     561                  1.9421836152237035E+000                  1.0206365787346613E-001                  6.4042809325658059E+000                 -1.1622123471270387E+000                  1.3388437732800524E+001                  7.5579944935247145E-001                  2.4280055064752867E-001                  1.3999999999998458E-003                  4.8514525789041001E-007                  3.3587357865215572E-022                  0.0000000000000000E+000                                        0                 -9.8999999999999986E+001                 -9.9000000000000000E+001                 -9.9000000000000000E+001 
                                     562                  1.9403891845006418E+000                  9.9410666566214764E-002                  6.4090995673143327E+000                 -1.1450739876026783E+000                  1.3410380530238099E+001                  7.5579939229021764E-001                  2.4280060770978243E-001                  1.3999999999999568E-003                  5.4904019367870438E-007                  5.0267090524374037E-022                  0.0000000000000000E+000                                        0                 -9.8999999999999986E+001                 -9.9000000000000000E+001                 -9.9000000000000000E+001 
                                     563                  1.9385425609107345E+000                  9.6737423750323043E-002                  6.4139148896984830E+000                 -1.1278942096025335E+000                  1.3432361227881565E+001                  7.5579932938173100E-001                  2.4280067061826907E-001                  1.3999999999999568E-003                  6.2116506721624602E-007                  7.5116378213704612E-022                  0.0000000000000000E+000                                        0                 -9.8999999999999986E+001                 -9.9000000000000000E+001                 -9.9000000000000000E+001 
                                     564                  1.9366423968818665E+000                  9.4043896305800456E-002                  6.4187269063911643E+000                 -1.1106733751185542E+000                  1.3454379476318124E+001                  7.5579926003562437E-001                  2.4280073996437579E-001                  1.3999999999998458E-003                  7.0255605452778876E-007                  1.1208094758648272E-021                  0.0000000000000000E+000                                        0                 -9.8999999999999986E+001                 -9.9000000000000000E+001                 -9.9000000000000000E+001 
                                     565                  1.9346873175424555E+000                  9.1330052639034320E-002                  6.4235356842289830E+000                 -1.0934119249680581E+000                  1.3476434908957373E+001                  7.5579918360158349E-001                  2.4280081639841650E-001                  1.4000000000000679E-003                  7.9437745349918989E-007                  1.6698610196988716E-021                  0.0000000000000000E+000                                        0                 -9.8999999999999986E+001                 -9.9000000000000000E+001                 -9.9000000000000000E+001 
                                     566                  1.9326759203783248E+000                  8.8595862083482482E-002                  6.4283413435919980E+000                 -1.0761103706874009E+000                  1.3498527143292801E+001                  7.5579909936457312E-001                  2.4280090063542667E-001                  1.4000000000001789E-003                  8.9793732444792297E-007                  2.4842021802022532E-021                  0.0000000000000000E+000                                        0                 -9.8999999999999986E+001                 -9.9000000000000000E+001                 -9.9000000000000000E+001 
                                     567                  1.9306067748875120E+000                  8.5841294318570779E-002                  6.4331440523012349E+000                 -1.0587692868754002E+000                  1.3520655782274162E+001                  7.5579900653847676E-001                  2.4280099346152326E-001                  1.3999999999999568E-003                  1.0147050222565028E-006                  3.6902833749672644E-021                  0.0000000000000000E+000                                        0                 -9.8999999999999986E+001                 -9.9000000000000000E+001                 -9.9000000000000000E+001 
                                     568                  1.9284784222204259E+000                  8.3066318789688329E-002                  6.4379440200393763E+000                 -1.0413893038922137E+000                  1.3542820415876387E+001                  7.5579890425911878E-001                  2.4280109574088127E-001                  1.3999999999999568E-003                  1.1463308475188184E-006                  5.4740393817858904E-021                  0.0000000000000000E+000                                        0                 -9.8999999999999986E+001                 -9.9000000000000000E+001                 -9.9000000000000000E+001 
                                     569                  1.9262893747970871E+000                  8.0270904120373590E-002                  6.4427414932756752E+000                 -1.0239711009044874E+000                  1.3565020622837398E+001                  7.5579879157661212E-001                  2.4280120842338787E-001                  1.4000000000000679E-003                  1.2946680718702675E-006                  8.1085238286130431E-021                  0.0000000000000000E+000                                        0                 -9.8999999999999986E+001                 -9.9000000000000000E+001                 -9.9000000000000000E+001 
                                     570                  1.9240381159078457E+000                  7.7455017527333012E-002                  6.4475367506738470E+000                 -1.0065153993348486E+000                  1.3587255972520671E+001                  7.5579866744696511E-001                  2.4280133255303479E-001                  1.4000000000000679E-003                  1.4617976227103254E-006                  1.1994232387784644E-020                  0.0000000000000000E+000                                        0                 -9.8999999999999986E+001                 -9.9000000000000000E+001                 -9.9000000000000000E+001 
                                     571                  1.9217230992929146E+000                  7.4618624233634856E-002                  6.4523300993066801E+000                 -9.8902295687849495E-001                  1.3609526026967359E+001                  7.5579853072287684E-001                  2.4280146927712304E-001                  1.4000000000000679E-003                  1.6500557559442656E-006                  1.7717877843593248E-020                  0.0000000000000000E+000                                        0                 -9.8999999999999986E+001                 -9.9000000000000000E+001                 -9.9000000000000000E+001 
                                     572                  1.9193427486850629E+000                  7.1761686861279927E-002                  6.4571218793740677E+000                 -9.7149456996982020E-001                  1.3631830343174467E+001                  7.5579838014364098E-001                  2.4280161985635887E-001                  1.4000000000001789E-003                  1.8620652897000665E-006                  2.6137989660537682E-020                  0.0000000000000000E+000                                        0                 -9.8999999999999986E+001                 -9.9000000000000000E+001                 -9.9000000000000000E+001 
                                     573                  1.9168954573139032E+000                  6.8884164750380297E-002                  6.4619124777443258E+000                 -9.5393108511516089E-001                  1.3654168475571764E+001                  7.5579821432407912E-001                  2.4280178567592089E-001                  1.3999999999999568E-003                  2.1007709991238424E-006                  3.8509490273191390E-020                  0.0000000000000000E+000                                        0                 -9.8999999999999986E+001                 -9.9000000000000000E+001                 -9.9000000000000000E+001 
                                     574                  1.9143795873702438E+000                  6.5986013145177644E-002                  6.4667023341765164E+000                 -9.3633340259844844E-001                  1.3676539978694876E+001                  7.5579803174240534E-001                  2.4280196825759454E-001                  1.4000000000000679E-003                  2.3694793682546101E-006                  5.6664850000772471E-020                  0.0000000000000000E+000                                        0                 -9.8999999999999986E+001                 -9.9000000000000000E+001                 -9.9000000000000000E+001 
                                     575                  1.9117934694268031E+000                  6.3067182292234625E-002                  6.4714919390384704E+000                 -9.1870247121536996E-001                  1.3698944410081223E+001                  7.5579783072693763E-001                  2.4280216927306214E-001                  1.4000000000002899E-003                  2.6719031100263057E-006                  8.3277308615427865E-020                  0.0000000000000000E+000                                        0                 -9.8999999999999986E+001                 -9.9000000000000000E+001                 -9.9000000000000000E+001 
                                     576                  1.9091354018046320E+000                  6.0127616501070708E-002                  6.4762818308970971E+000                 -9.0103928249711551E-001                  1.3721381333453358E+001                  7.5579760944153729E-001                  2.4280239055846253E-001                  1.4000000000001789E-003                  3.0122112372643172E-006                  1.2224310152984482E-019                  0.0000000000000000E+000                                        0                 -9.8999999999999986E+001                 -9.9000000000000000E+001                 -9.9000000000000000E+001 
                                     577                  1.9064036498678345E+000                  5.7167253156994675E-002                  6.4810725943506959E+000                 -8.8334486507315946E-001                  1.3743850322092273E+001                  7.5579736586965873E-001                  2.4280263413034087E-001                  1.4000000000004009E-003                  3.3950854058913304E-006                  1.7923618376036295E-019                  0.0000000000000000E+000                                        0                 -9.8999999999999986E+001                 -9.9000000000000000E+001                 -9.9000000000000000E+001 
                                     578                  1.9035964452725969E+000                  5.4186021720154458E-002                  6.4858648580455354E+000                 -8.6562027923841522E-001                  1.3766350962239640E+001                  7.5579709779688442E-001                  2.4280290220311512E-001                  1.4000000000005119E-003                  3.8257833348390647E-006                  2.6251287046174790E-019                  0.0000000000000000E+000                                        0                 -9.8999999999999986E+001                 -9.9000000000000000E+001                 -9.9000000000000000E+001 
                                     579                  1.9007119851723826E+000                  5.1183842714832159E-002                  6.4906592928806068E+000                 -8.4786661157074938E-001                  1.3788882856647469E+001                  7.5579680279178563E-001                  2.4280319720821375E-001                  1.4000000000006230E-003                  4.3102102210800357E-006                  3.8407851031900514E-019                  0.0000000000000000E+000                                        0                 -9.8999999999999986E+001                 -9.9000000000000000E+001                 -9.9000000000000000E+001 
                                     580                  1.8977484313392412E+000                  4.8160626670367621E-002                  6.4954566103879801E+000                 -8.3008496942390930E-001                  1.3811445628314587E+001                  7.5579647818495188E-001                  2.4280352181504722E-001                  1.4000000000009560E-003                  4.8549991897637370E-006                  5.6137842748849286E-019                  0.0000000000000000E+000                                        0                 -9.8999999999999986E+001                 -9.9000000000000000E+001                 -9.9000000000000000E+001 
                                     581                  1.8947039092189855E+000                  4.5116273039113107E-002                  6.5002575611935587E+000                 -8.1227647573441430E-001                  1.3834038924055655E+001                  7.5579612104600313E-001                  2.4280387895399572E-001                  1.4000000000011781E-003                  5.4676019491328115E-006                  8.1974802648081656E-019                  0.0000000000000000E+000                                        0                 -9.8999999999999986E+001                 -9.9000000000000000E+001                 -9.9000000000000000E+001 
                                     582                  1.8915765069859489E+000                  4.2050669158613461E-002                  6.5050629218903202E+000                 -7.9444225228617626E-001                  1.3856662417807463E+001                  7.5579572815840113E-001                  2.4280427184159697E-001                  1.4000000000018442E-003                  6.1563899983699988E-006                  1.1959611763346840E-018                  0.0000000000000000E+000                                        0                 -9.8999999999999986E+001                 -9.9000000000000000E+001                 -9.9000000000000000E+001 
                                     583                  1.8883642745587861E+000                  3.8963689300915212E-002                  6.5098734429091145E+000                 -7.7658336317286480E-001                  1.3879315813953584E+001                  7.5579529599183948E-001                  2.4280470400815812E-001                  1.4000000000023993E-003                  6.9307644843256826E-006                  1.7433630080864805E-018                  0.0000000000000000E+000                                        0                 -9.8999999999999986E+001                 -9.9000000000000000E+001                 -9.9000000000000000E+001 
                                     584                  1.8850652225359055E+000                  3.5855194063977060E-002                  6.5146898026146456E+000                 -7.5870076484920723E-001                  1.3901998850377483E+001                  7.5579482067197701E-001                  2.4280517932801987E-001                  1.4000000000031765E-003                  7.8012778097222011E-006                  2.5392896109477787E-018                  0.0000000000000000E+000                                        0                 -9.8999999999999986E+001                 -9.9000000000000000E+001                 -9.9000000000000000E+001 
                                     585                  1.8816773211499713E+000                  3.2725030178706753E-002                  6.5195126057355210E+000                 -7.4079530219054524E-001                  1.3924711300811962E+001                  7.5579429794727448E-001                  2.4280570205272106E-001                  1.4000000000045087E-003                  8.7797725060669209E-006                  3.6957921632505451E-018                  0.0000000000000000E+000                                        0                 -9.8999999999999986E+001                 -9.9000000000000000E+001                 -9.9000000000000000E+001 
                                     586                  1.8781984992557224E+000                  2.9573030424820127E-002                  6.5243423906915945E+000                 -7.2286771419212914E-001                  1.3947452976643129E+001                  7.5579372315263338E-001                  2.4280627684736081E-001                  1.4000000000058410E-003                  9.8795375244421319E-006                  5.3751282904034708E-018                  0.0000000000000000E+000                                        0                 -9.8999999999999986E+001                 -9.9000000000000000E+001                 -9.9000000000000000E+001 
                                     587                  1.8746266433098773E+000                  2.6399013543628010E-002                  6.5291796364749528E+000                 -7.0491863955328149E-001                  1.3970223728377523E+001                  7.5579309116950477E-001                  2.4280690883048742E-001                  1.4000000000078394E-003                  1.1115483335458170E-005                  7.8121275412669640E-018                  0.0000000000000000E+000                                        0                 -9.8999999999999986E+001                 -9.9000000000000000E+001                 -9.9000000000000000E+001 
                                     588                  1.8709595963391117E+000                  2.3202784140871194E-002                  6.5340247691189868E+000                 -6.8694862235089516E-001                  1.3993023446605280E+001                  7.5579239638213203E-001                  2.4280760361785741E-001                  1.4000000000105040E-003                  1.2504338094942616E-005                  1.1346464029172765E-017                  0.0000000000000000E+000                                        0                 -9.8999999999999986E+001                 -9.9000000000000000E+001                 -9.9000000000000000E+001 
                                     589                  1.8671951569683634E+000                  1.9984132637619646E-002                  6.5388781677868337E+000                 -6.6895811795180893E-001                  1.4015852062319617E+001                  7.5579163262955040E-001                  2.4280836737043549E-001                  1.4000000000140567E-003                  1.4064867406796005E-005                  1.6469201226481858E-017                  0.0000000000000000E+000                                        0                 -9.8999999999999986E+001                 -9.9000000000000000E+001                 -9.9000000000000000E+001 
                                     590                  1.8633310785067656E+000                  1.6742835255528780E-002                  6.5437401705549947E+000                 -6.5094749912893479E-001                  1.4038709546712139E+001                  7.5579079315293851E-001                  2.4280920684704252E-001                  1.4000000000189416E-003                  1.5818120534059140E-005                  2.3889886734976558E-017                  0.0000000000000000E+000                                        0                 -9.8999999999999986E+001                 -9.9000000000000000E+001                 -9.9000000000000000E+001 
                                     591                  1.8593650680867566E+000                  1.3478654022331249E-002                  6.5486110799712867E+000                 -6.3291706225662592E-001                  1.4061595910614130E+001                  7.5578987053788371E-001                  2.4281012946209082E-001                  1.4000000000254920E-003                  1.7787706269388179E-005                  3.4633220837741279E-017                  0.0000000000000000E+000                                        0                 -9.8999999999999986E+001                 -9.9000000000000000E+001                 -9.9000000000000000E+001 
                                     592                  1.8552947858304618E+000                  1.0191336767392964E-002                  6.5534911708652803E+000                 -6.1486703615350757E-001                  1.4084511203673308E+001                  7.5578885665107221E-001                  2.4281114334889384E-001                  1.4000000000339297E-003                  2.0000102704702380E-005                  5.0178274477613818E-017                  0.0000000000000000E+000                                        0                 -9.8999999999999986E+001                 -9.9000000000000000E+001                 -9.9000000000000000E+001 
                                     593                  1.8511178440602019E+000                  6.8806170943025739E-003                  6.5583807212136920E+000                 -5.9679761476788173E-001                  1.4107455513187649E+001                  7.5578774257088299E-001                  2.4281225742907145E-001                  1.4000000000455870E-003                  2.2485011551570019E-005                  7.2659003901133991E-017                  0.0000000000000000E+000                                        0                 -9.8999999999999986E+001                 -9.9000000000000000E+001                 -9.9000000000000000E+001 
                                     594                  1.8468318065869971E+000                  3.5462141633911203E-003                  6.5632800510144014E+000                 -5.7870899837018064E-001                  1.4130428962547088E+001                  7.5578651851130163E-001                  2.4281348148863746E-001                  1.4000000000609081E-003                  2.5275762462449149E-005                  1.0515306914108841E-016                  0.0000000000000000E+000                                        0                 -9.8999999999999986E+001                 -9.9000000000000000E+001                 -9.9000000000000000E+001 
                                     595                  1.8424341881050696E+000                  1.8783221594638363E-004                  6.5681895326746611E+000                 -5.6060140571213324E-001                  1.4153431709540094E+001                  7.5578517373851029E-001                  2.4281482626140821E-001                  1.4000000000815582E-003                  2.8409763587684926E-005                  1.5209766103506681E-016                  0.0000000000000000E+000                                        0                 -9.8999999999999986E+001                 -9.9000000000000000E+001                 -9.9000000000000000E+001 
                                     596                  1.8379224536199472E+000                 -3.1948400161400940E-003                  6.5731095861898980E+000                 -5.4247507065406630E-001                  1.4176463944815271E+001                  7.5578369647944033E-001                  2.4281630352045080E-001                  1.4000000001088697E-003                  3.1929004686707652E-005                  2.1988806078766577E-016                  0.0000000000000000E+000                                        0                 -9.8999999999999986E+001                 -9.9000000000000000E+001                 -9.9000000000000000E+001 
                                     597                  1.8332940178965071E+000                 -6.6021299131667687E-003                  6.5780406743040949E+000                 -5.2433023876614349E-001                  1.4199525890379595E+001                  7.5578207382151852E-001                  2.4281792617833584E-001                  1.4000000001456181E-003                  3.5880622938544439E-005                  3.1773919194544696E-016                  0.0000000000000000E+000                                        0                 -9.8999999999999986E+001                 -9.9000000000000000E+001                 -9.9000000000000000E+001 
                                     598                  1.8285462449932541E+000                 -1.0034381536259084E-002                  6.5829832977613947E+000                 -5.0616716416036722E-001                  1.4222617797887768E+001                  7.5578029160286408E-001                  2.4281970839694145E-001                  1.4000000001944679E-003                  4.0317539336956030E-005                  4.5892563396918386E-016                  0.0000000000000000E+000                                        0                 -9.8999999999999986E+001                 -9.9000000000000000E+001                 -9.9000000000000000E+001 
                                     599                  1.8236764479304637E+000                 -1.3491956135631688E-002                  6.5879379906631010E+000                 -4.8798610641032569E-001                  1.4245739946834204E+001                  7.5577833429208507E-001                  2.4282166570765520E-001                  1.4000000002597490E-003                  4.5299174541902471E-005                  6.6256628807298657E-016                  0.0000000000000000E+000                                        0                 -9.8999999999999986E+001                 -9.9000000000000000E+001                 -9.9000000000000000E+001 
                                     600                  1.8186818884236393E+000                 -1.6975232656207810E-002                  6.5929053159899160E+000                 -4.6978732753414371E-001                  1.4268892642983957E+001                  7.5577618485669806E-001                  2.4282381514295526E-001                  1.4000000003466795E-003                  5.0892254204600173E-005                  9.5619292147166708E-016                  0.0000000000000000E+000                                        0                 -9.8999999999999986E+001                 -9.9000000000000000E+001                 -9.9000000000000000E+001 
                                     601                  1.8135597766248241E+000                 -2.0484608285125737E-002                  6.5978858612192530E+000                 -4.5157108895246018E-001                  1.4292076216997614E+001                  7.5577382461910725E-001                  2.4282617538043008E-001                  1.4000000004626978E-003                  5.7171714972734566E-005                  1.3794470001077053E-015                  0.0000000000000000E+000                                        0                 -9.8999999999999986E+001                 -9.9000000000000000E+001                 -9.9000000000000000E+001 
                                     602                  1.8083072709503873E+000                 -2.4020498988216572E-002                  6.6028802332575625E+000                 -4.3333764773607863E-001                  1.4315291022971055E+001                  7.5577123309898786E-001                  2.4282876690039493E-001                  1.4000000006172408E-003                  6.4221723168142374E-005                  1.9894006416936195E-015                  0.0000000000000000E+000                                        0                 -9.8999999999999986E+001                 -9.9000000000000000E+001                 -9.9000000000000000E+001 
                                     603                  1.8029214780476481E+000                 -2.7583339999646569E-002                  6.6078890425967920E+000                 -4.1508724192101770E-001                  1.4338537436844760E+001                  7.5576838784075029E-001                  2.4283161215842672E-001                  1.4000000008229652E-003                  7.2136810802928651E-005                  2.8682138463812641E-015                  0.0000000000000000E+000                                        0                 -9.8999999999999986E+001                 -9.9000000000000000E+001                 -9.9000000000000000E+001 
                                     604                  1.7973994528906392E+000                 -3.1173586186909637E-002                  6.6129128818577740E+000                 -3.9682007004835429E-001                  1.4361815854946821E+001                  7.5576526422463230E-001                  2.4283473577427053E-001                  1.4000000010971902E-003                  8.1023141888473721E-005                  4.1341519198592483E-015                  0.0000000000000000E+000                                        0                 -9.8999999999999986E+001                 -9.9000000000000000E+001                 -9.9000000000000000E+001 
                                     605                  1.7917381989026639E+000                 -3.4791712308190045E-002                  6.6179523196966921E+000                 -3.7853628622786656E-001                  1.4385126692743439E+001                  7.5576183525987095E-001                  2.4283816473866673E-001                  1.4000000014623426E-003                  9.0999942649512390E-005                  5.9574402043571115E-015                  0.0000000000000000E+000                                        0                 -9.8999999999999986E+001                 -9.9000000000000000E+001                 -9.9000000000000000E+001 
                                     606                  1.7859346681642005E+000                 -3.8438213246825427E-002                  6.6230079056021873E+000                 -3.6023600622310592E-001                  1.4408470383581358E+001                  7.5575807135829809E-001                  2.4284192863975365E-001                  1.4000000019482872E-003                  1.0220111859145669E-004                  8.5830829911970697E-015                  0.0000000000000000E+000                                        0                 -9.8999999999999986E+001                 -9.9000000000000000E+001                 -9.9000000000000000E+001 
                                     607                  1.7799857617522703E+000                 -4.2113604290129884E-002                  6.6280801746809335E+000                 -3.4191931367093398E-001                  1.4431847377274144E+001                  7.5575394008660468E-001                  2.4284605991080030E-001                  1.4000000025949921E-003                  1.1477707446185411E-004                  1.2363707063722119E-014                  0.0000000000000000E+000                                        0                 -9.8999999999999986E+001                 -9.9000000000000000E+001                 -9.9000000000000000E+001 
                                     608                  1.7738883302643478E+000                 -4.5818421431484464E-002                  6.6331696521616630E+000                 -3.2358626601147594E-001                  1.4455258138678444E+001                  7.5574940589528983E-001                  2.4285059410125437E-001                  1.4000000034557480E-003                  1.2889676282448479E-004                  1.7806838895004652E-014                  0.0000000000000000E+000                                        0                 -9.8999999999999986E+001                 -9.9000000000000000E+001                 -9.9000000000000000E+001 
                                     609                  1.7676391744300433E+000                 -4.9553221764644065E-002                  6.6369901984467896E+000                 -3.0976722542680057E-001                  1.4472888659661228E+001                  7.5574571885366071E-001                  2.4285428114205779E-001                  1.4000000042815319E-003                  1.4061550056265163E-004                  2.3400047779726623E-014                  0.0000000000000000E+000                                        0                 -9.8999999999999986E+001                 -9.9000000000000000E+001                 -9.9000000000000000E+001 
                                     610                  1.7644371101220115E+000                 -5.1443403120339973E-002                  6.6408530547083569E+000                 -2.9600050191142208E-001                  1.4490510001533805E+001                  7.5574174375632108E-001                  2.4285825623836260E-001                  1.4000000053162598E-003                  1.5344678690765341E-004                  3.0805454342854867E-014                  0.0000000000000000E+000                                        0                 -9.8999999999999986E+001                 -9.9000000000000000E+001                 -9.9000000000000000E+001 
                                     611                  1.7579538467282574E+000                 -5.5224325527927255E-002                  6.6446785618809816E+000                 -2.8221819972328688E-001                  1.4508108997039203E+001                  7.5573752428599872E-001                  2.4286247570742703E-001                  1.4000000065742535E-003                  1.6733541100121381E-004                  4.0432084405298515E-014                  0.0000000000000000E+000                                        0                 -9.8999999999999986E+001                 -9.9000000000000000E+001                 -9.9000000000000000E+001 
                                     612                  1.7546726476425347E+000                 -5.7114799624240618E-002                  6.6472508458699968E+000                 -2.7302764028142784E-001                  1.4519866255159494E+001                  7.5573452902158134E-001                  2.4286547097083469E-001                  1.4000000075840013E-003                  1.7732500101192038E-004                  4.8515495484193270E-014                  0.0000000000000000E+000                                        0                 -9.8999999999999986E+001                 -9.9000000000000000E+001                 -9.9000000000000000E+001 
                                     613                  1.7513106417366302E+000                 -5.9036404435956452E-002                  6.6498276843481365E+000                 -2.6383240177957706E-001                  1.4531632786361559E+001                  7.5573139161264591E-001                  2.4286860837860649E-001                  1.4000000087476261E-003                  1.8791013401331155E-004                  5.8213267311909175E-014                  0.0000000000000000E+000                                        0                 -9.8999999999999986E+001                 -9.9000000000000000E+001                 -9.9000000000000000E+001 
                                     614                  1.7479486358307261E+000                 -6.0942790593048281E-002                  6.6537103284607362E+000                 -2.5009265587317880E-001                  1.4549247319553073E+001                  7.5572640233445831E-001                  2.4287359765470226E-001                  1.4000000108393973E-003                  2.0497878028415733E-004                  7.6538836550630430E-014                  0.0000000000000000E+000                                        0                 -9.8999999999999986E+001                 -9.9000000000000000E+001                 -9.9000000000000000E+001 
                                     615                  1.7410596201718078E+000                 -6.4803532680584294E-002                  6.6588936071923550E+000                 -2.3167814620597710E-001                  1.4572834275023775E+001                  7.5571918882708788E-001                  2.4288081115849591E-001                  1.4000000144162028E-003                  2.3017926958136960E-004                  1.1018887049501308E-013                  0.0000000000000000E+000                                        0                 -9.8999999999999986E+001                 -9.9000000000000000E+001                 -9.9000000000000000E+001 
                                     616                  1.7340021656391849E+000                 -6.8697379466517342E-002                  6.6640972448991027E+000                 -2.1324733500888390E-001                  1.4596458044764063E+001                  7.5571126026798696E-001                  2.4288873971280753E-001                  1.4000000192054829E-003                  2.5847841841342085E-004                  1.5863091315890244E-013                  0.0000000000000000E+000                                        0                 -9.8999999999999986E+001                 -9.9000000000000000E+001                 -9.9000000000000000E+001 
                                     617                  1.7267727938071742E+000                 -7.2625027251121146E-002                  6.6680060253355009E+000                 -1.9935219575503194E-001                  1.4614253691773200E+001                  7.5570484088956147E-001                  2.4289515908671355E-001                  1.4000000237249788E-003                  2.8197461706876159E-004                  2.0841990963108879E-013                  0.0000000000000000E+000                                        0                 -9.8999999999999986E+001                 -9.9000000000000000E+001                 -9.9000000000000000E+001 
                                     618                  1.7230703891270573E+000                 -7.4613431598109334E-002                  6.6706235774918703E+000                 -1.9012436170847435E-001                  1.4626093846858019E+001                  7.5570029568977115E-001                  2.4289970428287572E-001                  1.4000000273530766E-003                  2.9880766117261129E-004                  2.5007412491640237E-013                  0.0000000000000000E+000                                        0                 -9.8999999999999986E+001                 -9.9000000000000000E+001                 -9.9000000000000000E+001 
                                     619                  1.7193679844469403E+000                 -7.6586852203460093E-002                  6.6732467296574463E+000                 -1.8089309743922166E-001                  1.4637943069235861E+001                  7.5569553509530452E-001                  2.4290446487316067E-001                  1.4000000315348426E-003                  3.1664703524133451E-004                  3.0005933972384292E-013                  0.0000000000000000E+000                                        0                 -9.8999999999999986E+001                 -9.9000000000000000E+001                 -9.9000000000000000E+001 
                                     620                  1.7155760808888163E+000                 -7.8592851651955564E-002                  6.6758751142827721E+000                 -1.7165708193370760E-001                  1.4649802298727696E+001                  7.5569054937035407E-001                  2.4290945059329233E-001                  1.4000000363536547E-003                  3.3555217397995932E-004                  3.6003558659500890E-013                  0.0000000000000000E+000                                        0                 -9.8999999999999986E+001                 -9.9000000000000000E+001                 -9.9000000000000000E+001 
                                     621                  1.7117841773306923E+000                 -8.0583939751101896E-002                  6.6798358303229994E+000                 -1.5785857891830476E-001                  1.4667554184270445E+001                  7.5568262341336401E-001                  2.4291737654162765E-001                  1.4000000450082872E-003                  3.6603591804854117E-004                  4.7337236373817728E-013                  0.0000000000000000E+000                                        0                 -9.8999999999999986E+001                 -9.9000000000000000E+001                 -9.9000000000000000E+001 
                                     622                  1.7040177741776719E+000                 -8.4617428615451074E-002                  6.6851261336457357E+000                 -1.3936223047249841E-001                  1.4691330638866228E+001                  7.5567116598475603E-001                  2.4292883395544748E-001                  1.4000000597964579E-003                  4.1105992170840889E-004                  6.8158890234279541E-013                  0.0000000000000000E+000                                        0                 -9.8999999999999986E+001                 -9.9000000000000000E+001                 -9.9000000000000000E+001 
                                     623                  1.6960651407081813E+000                 -8.8687771914702354E-002                  6.6891016814069442E+000                 -1.2541573522091620E-001                  1.4709244717101271E+001                  7.5566185228152793E-001                  2.4293814764450827E-001                  1.4000000739637919E-003                  4.4845488709222063E-004                  8.9570593051237138E-013                  0.0000000000000000E+000                                        0                 -9.8999999999999986E+001                 -9.9000000000000000E+001                 -9.9000000000000000E+001 
                                     624                  1.6919938747624166E+000                 -9.0748928267782233E-002                  6.6917641573154771E+000                 -1.1615496411622579E-001                  1.4721162912674711E+001                  7.5565527449085257E-001                  2.4294472542390647E-001                  1.4000000852409933E-003                  4.7524561175368065E-004                  1.0748727694799360E-012                  0.0000000000000000E+000                                        0                 -9.8999999999999986E+001                 -9.9000000000000000E+001                 -9.9000000000000000E+001 
                                     625                  1.6879226088166521E+000                 -9.2795428048153383E-002                  6.6944327414703437E+000                 -1.0689072864693243E-001                  1.4733090695275859E+001                  7.5564838597039741E-001                  2.4295161393136810E-001                  1.4000000982344885E-003                  5.0364116447622342E-004                  1.2899286787778518E-012                  0.0000000000000000E+000                                        0                 -9.8999999999999986E+001                 -9.9000000000000000E+001                 -9.9000000000000000E+001 
                                     626                  1.6837545438903267E+000                 -9.4875808041864365E-002                  6.6971070915745932E+000                 -9.7621620431536327E-002                  1.4745029116190279E+001                  7.5564117269366704E-001                  2.4295882719313058E-001                  1.4000001132024043E-003                  5.3373696646411288E-004                  1.5480437955711687E-012                  0.0000000000000000E+000                                        0                 -9.8999999999999986E+001                 -9.9000000000000000E+001                 -9.9000000000000000E+001 
                                     627                  1.6795864789640016E+000                 -9.6941630125322018E-002                  6.7011373086260582E+000                 -8.3775485528663499E-002                  1.4762898281877090E+001                  7.5562970893531078E-001                  2.4297029092461769E-001                  1.4000001400715778E-003                  5.8226548744948192E-004                  2.0359107187837074E-012                  0.0000000000000000E+000                                        0                 -9.8999999999999986E+001                 -9.9000000000000000E+001                 -9.9000000000000000E+001 
                                     628                  1.6710530227291227E+000                 -1.0112767251728814E-001                  6.7065226124250614E+000                 -6.5212338276836798E-002                  1.4786836639049111E+001                  7.5561314045888894E-001                  2.4298685935514833E-001                  1.4000001859627575E-003                  6.5396759687551145E-004                  2.9328211161690641E-012                  0.0000000000000000E+000                                        0                 -9.8999999999999986E+001                 -9.9000000000000000E+001                 -9.9000000000000000E+001 
                                     629                  1.6623184854358501E+000                 -1.0535410397537762E-001                  6.7105711751043220E+000                 -5.1213200782438129E-002                  1.4804876374673325E+001                  7.5559967473439860E-001                  2.4300032503569094E-001                  1.4000002299104919E-003                  7.1354337648996396E-004                  3.8558577534528934E-012                  0.0000000000000000E+000                                        0                 -9.8999999999999986E+001                 -9.9000000000000000E+001                 -9.9000000000000000E+001 
                                     630                  1.6578487871381138E+000                 -1.0749490008385591E-001                  6.7146635383104041E+000                 -3.7282633685032471E-002                  1.4822891968917522E+001                  7.5558513828663765E-001                  2.4301486142811576E-001                  1.4000002852465609E-003                  7.7873417952788572E-004                  5.0777796604386086E-012                  0.0000000000000000E+000                                        0                 -9.8999999999999986E+001                 -9.9000000000000000E+001                 -9.9000000000000000E+001 
                                     631                  1.6488050614440222E+000                 -1.1178380619104747E-001                  6.7201123882706613E+000                 -1.8676823035589551E-002                  1.4846936314368012E+001                  7.5556428014638111E-001                  2.4303571947505256E-001                  1.4000003785663573E-003                  8.7472611189352639E-004                  7.3179745897321707E-012                  0.0000000000000000E+000                                        0                 -9.8999999999999986E+001                 -9.9000000000000000E+001                 -9.9000000000000000E+001 
                                     632                  1.6395507693125513E+000                 -1.1611559499864148E-001                  6.7241939601279119E+000                 -4.6967980637522781E-003                  1.4864989759396929E+001                  7.5554746439078657E-001                  2.4305253514270203E-001                  1.4000004665113419E-003                  9.5418837227345872E-004                  9.6146892588339227E-012                  0.0000000000000000E+000                                        0                 -9.8999999999999986E+001                 -9.9000000000000000E+001                 -9.9000000000000000E+001 
                                     633                  1.6348705045774354E+000                 -1.1828519003184484E-001                  6.7269384165771378E+000                  4.6187342661191720E-003                  1.4877044464557938E+001                  7.5553551031434385E-001                  2.4306448914827411E-001                  1.4000005373819846E-003                  1.0113323427432916E-003                  1.1544309548634914E-011                  0.0000000000000000E+000                                        0                 -9.8999999999999986E+001                 -9.9000000000000000E+001                 -9.9000000000000000E+001 
                                     634                  1.6300820870123940E+000                 -1.2049089568469776E-001                  6.7296894281450337E+000                  1.3939461243635334E-002                  1.4889110856333138E+001                  7.5552299856428617E-001                  2.4307700081671851E-001                  1.4000006189953673E-003                  1.0719134207851000E-003                  1.3861852961404101E-011                  0.0000000000000000E+000                                        0                 -9.8999999999999986E+001                 -9.9000000000000000E+001                 -9.9000000000000000E+001 
                                     635                  1.6252936694473528E+000                 -1.2268280867031194E-001                  6.7338353803451199E+000                  2.7859886170460101E-002                  1.4907169452392035E+001                  7.5550313152117021E-001                  2.4309686771341502E-001                  1.4000007654147995E-003                  1.1696064165589003E-003                  1.8245020310294178E-011                  0.0000000000000000E+000                                        0                 -9.8999999999999986E+001                 -9.9000000000000000E+001                 -9.9000000000000000E+001 
                                     636                  1.6154966863357743E+000                 -1.2712649843546292E-001                  6.7393785773823724E+000                  4.6528040819316205E-002                  1.4931369674031897E+001                  7.5547444723577739E-001                  2.4312555174882855E-001                  1.4000010153940590E-003                  1.3140518961084631E-003                  2.6315146254155216E-011                  0.0000000000000000E+000                                        0                 -9.8999999999999986E+001                 -9.9000000000000000E+001                 -9.9000000000000000E+001 
                                     637                  1.6054757049813215E+000                 -1.3161699522214931E-001                  6.7435483110651733E+000                  6.0610535074169192E-002                  1.4949612963817749E+001                  7.5545116497782239E-001                  2.4314883376746274E-001                  1.4000012547148444E-003                  1.4341606193469987E-003                  3.4633469696564807E-011                  0.0000000000000000E+000                                        0                 -9.8999999999999986E+001                 -9.9000000000000000E+001                 -9.9000000000000000E+001 
                                     638                  1.6003512878406634E+000                 -1.3389266005944769E-001                  6.7477621986171439E+000                  7.4616260259997777E-002                  1.4967824054721694E+001                  7.5542607732111955E-001                  2.4317392112301725E-001                  1.4000015558631729E-003                  1.5655775050015736E-003                  4.5652298606319493E-011                  0.0000000000000000E+000                                        0                 -9.8999999999999986E+001                 -9.9000000000000000E+001                 -9.9000000000000000E+001 
                                     639                  1.5899865993043840E+000                 -1.3845574947102421E-001                  6.7519487825732236E+000                  8.8668861207822552E-002                  1.4986053869537468E+001                  7.5539964650393510E-001                  2.4320035157945827E-001                  1.4000019166066080E-003                  1.7082910776736091E-003                  6.0041284335050488E-011                  0.0000000000000000E+000                                        0                 -9.8999999999999986E+001                 -9.9000000000000000E+001                 -9.9000000000000000E+001 
                                     640                  1.5847463279087630E+000                 -1.4074288925035755E-001                  6.7547636659631634E+000                  9.8030150592587129E-002                  1.4998223836517376E+001                  7.5538089474047310E-001                  2.4321910305230204E-001                  1.4000022072249152E-003                  1.8109366349009835E-003                  7.2138414825588947E-011                  0.0000000000000000E+000                                        0                 -9.8999999999999986E+001                 -9.9000000000000000E+001                 -9.9000000000000000E+001 
                                     641                  1.5793882758745170E+000                 -1.4306831923088065E-001                  6.7575858207322179E+000                  1.0739704751248087E-001                  1.5010406539733463E+001                  7.5536130417156500E-001                  2.4323869328659253E-001                  1.4000025418424711E-003                  1.9198003729566232E-003                  8.6678906984007717E-011                  0.0000000000000000E+000                                        0                 -9.8999999999999986E+001                 -9.9000000000000000E+001                 -9.9000000000000000E+001 
                                     642                  1.5740302238402715E+000                 -1.4538088136417826E-001                  6.7618391262970050E+000                  1.2138397590120684E-001                  1.5028637333865559E+001                  7.5533028855585715E-001                  2.4326970830220018E-001                  1.4000031419426628E-003                  2.0954133247232014E-003                  1.1420084834944010E-010                  0.0000000000000000E+000                                        0                 -9.8999999999999986E+001                 -9.9000000000000000E+001                 -9.9000000000000000E+001 
                                     643                  1.5630747124736832E+000                 -1.5007141739569080E-001                  6.7675288757624834E+000                  1.4014680450877048E-001                  1.5053076288712665E+001                  7.5528572179849962E-001                  2.4331427403513542E-001                  1.4000041663649876E-003                  2.3553595257868811E-003                  1.6495726338283730E-010                  0.0000000000000000E+000                                        0                 -9.8999999999999986E+001                 -9.9000000000000000E+001                 -9.9000000000000000E+001 
                                     644                  1.5518759585719546E+000                 -1.5481545496353857E-001                  6.7718112084678639E+000                  1.5430493150055638E-001                  1.5071505732760482E+001                  7.5524977135448379E-001                  2.4335022349845736E-001                  1.4000051470588470E-003                  2.5717948112040198E-003                  2.1736594530588351E-010                  0.0000000000000000E+000                                        0                 -9.8999999999999986E+001                 -9.9000000000000000E+001                 -9.9000000000000000E+001 
                                     645                  1.5461530502108107E+000                 -1.5722079001253217E-001                  6.7746796595854990E+000                  1.6370146825002116E-001                  1.5083763388945806E+001                  7.5522457585889435E-001                  2.4337541821430728E-001                  1.4000059267983422E-003                  2.7270048057159387E-003                  2.6131232982300593E-010                  0.0000000000000000E+000                                        0                 -9.8999999999999986E+001                 -9.9000000000000000E+001                 -9.9000000000000000E+001 
                                     646                  1.5404301418496669E+000                 -1.5961397835267033E-001                  6.7790028652926475E+000                  1.7773114477034188E-001                  1.5102105242067379E+001                  7.5518476639007204E-001                  2.4341522626847883E-001                  1.4000073414490721E-003                  2.9775496968257329E-003                  3.4454289919939476E-010                  0.0000000000000000E+000                                        0                 -9.8999999999999986E+001                 -9.9000000000000000E+001                 -9.9000000000000000E+001 
                                     647                  1.5287334613988577E+000                 -1.6446966820764725E-001                  6.7833337120501049E+000                  1.9192148522886268E-001                  1.5120614364933614E+001                  7.5514291609962636E-001                  2.4345707485190035E-001                  1.4000090484732608E-003                  3.2522482245905594E-003                  4.5427472505405680E-010                  0.0000000000000000E+000                                        0                 -9.8999999999999986E+001                 -9.9000000000000000E+001                 -9.9000000000000000E+001 
                                     648                  1.5227578008676963E+000                 -1.6693216854880535E-001                  6.7877091229385993E+000                  2.0602423991273555E-001                  1.5139080629526212E+001                  7.5509837572503924E-001                  2.4350161305893986E-001                  1.4000112160208467E-003                  3.5532293722028577E-003                  5.9981048112186855E-010                  0.0000000000000000E+000                                        0                 -9.8999999999999986E+001                 -9.9000000000000000E+001                 -9.9000000000000000E+001 
                                     649                  1.5106772854877049E+000                 -1.7187603546762154E-001                  6.7920622226560683E+000                  2.2018966255252240E-001                  1.5157586334458207E+001                  7.5505217434135619E-001                  2.4354781184581392E-001                  1.4000138128298367E-003                  3.8812350991218629E-003                  7.9043887587685980E-010                  0.0000000000000000E+000                                        0                 -9.8999999999999986E+001                 -9.9000000000000000E+001                 -9.9000000000000000E+001 
                                     650                  1.5045724306388741E+000                 -1.7435713661870686E-001                  6.7949888361125632E+000                  2.2962199386992893E-001                  1.5169936745111302E+001                  7.5502007843075369E-001                  2.4357990570514651E-001                  1.4000158640997684E-003                  4.1176200461277099E-003                  9.5092253596196895E-010                  0.0000000000000000E+000                                        0                 -9.8999999999999986E+001                 -9.9000000000000000E+001                 -9.9000000000000000E+001 
                                     651                  1.4983365244371010E+000                 -1.7688028366296057E-001                  6.7994151788468189E+000                  2.4375477191618580E-001                  1.5188483011917794E+001                  7.5496981332207158E-001                  2.4363016697911058E-001                  1.4000196988178670E-003                  4.5012688291996353E-003                  1.2563273802061366E-009                  0.0000000000000000E+000                                        0                 -9.8999999999999986E+001                 -9.9000000000000000E+001                 -9.9000000000000000E+001 
                                     652                  1.4857318233182129E+000                 -1.8194800095829206E-001                  6.8038209495571671E+000                  2.5795526874163804E-001                  1.5207075660960040E+001                  7.5491832602720699E-001                  2.4368164973487580E-001                  1.4000242379171857E-003                  4.9201404137253473E-003                  1.6567736663826617E-009                  0.0000000000000000E+000                                        0                 -9.8999999999999986E+001                 -9.9000000000000000E+001                 -9.9000000000000000E+001 
                                     653                  1.4793630284010979E+000                 -1.8449231802983468E-001                  6.8067829316801509E+000                  2.6740969981998686E-001                  1.5219483033681790E+001                  7.5488277078442823E-001                  2.4371720126591365E-001                  1.4000279496581003E-003                  5.2223462965217925E-003                  1.9940518374801002E-009                  0.0000000000000000E+000                                        0                 -9.8999999999999986E+001                 -9.9000000000000000E+001                 -9.9000000000000000E+001 
                                     654                  1.4728595299235956E+000                 -1.8707996083847209E-001                  6.8112627331919695E+000                  2.8157355335637735E-001                  1.5238113325734886E+001                  7.5482806668182312E-001                  2.4377189867822976E-001                  1.4000346399470898E-003                  5.7133188283550922E-003                  2.6362101417493515E-009                  0.0000000000000000E+000                                        0                 -9.8999999999999986E+001                 -9.9000000000000000E+001                 -9.9000000000000000E+001 
                                     655                  1.4597160400716804E+000                 -1.9227953025878289E-001                  6.8157239469969921E+000                  2.9581051227265259E-001                  1.5256797516195821E+001                  7.5477255124114773E-001                  2.4382740610280904E-001                  1.4000426560432100E-003                  6.2502228324371901E-003                  3.4791364351014202E-009                  0.0000000000000000E+000                                        0                 -9.8999999999999986E+001                 -9.9000000000000000E+001                 -9.9000000000000000E+001 
                                     656                  1.4530760486972678E+000                 -1.9489122001883799E-001                  6.8187232163404214E+000                  3.0528782118073511E-001                  1.5269264933759329E+001                  7.5473466799034405E-001                  2.4386528289916409E-001                  1.4000491104918522E-003                  6.6378038671143511E-003                  4.1894639658491968E-009                  0.0000000000000000E+000                                        0                 -9.8999999999999986E+001                 -9.9000000000000000E+001                 -9.9000000000000000E+001 
                                     657                  1.4462978037629242E+000                 -1.9754763532822248E-001                  6.8217320529594652E+000                  3.1477199558457186E-001                  1.5281748759729036E+001                  7.5469622169049833E-001                  2.4390372176879874E-001                  1.4000565407029653E-003                  7.0503367831897404E-003                  5.0454488171134411E-009                  0.0000000000000000E+000                                        0                 -9.8999999999999986E+001                 -9.9000000000000000E+001                 -9.9000000000000000E+001 
                                     658                  1.4395195588285810E+000                 -2.0019471544546266E-001                  6.8247508050938865E+000                  3.2426117296310936E-001                  1.5294247493454929E+001                  7.5465721966693711E-001                  2.4394271530817480E-001                  1.4000650248880975E-003                  7.4894023254222101E-003                  6.0771458057113254E-009                  0.0000000000000000E+000                                        0                 -9.8999999999999986E+001                 -9.9000000000000000E+001                 -9.9000000000000000E+001 
                                     659                  1.4326013317070967E+000                 -2.0288727123222727E-001                  6.8277794452217675E+000                  3.3375744762559406E-001                  1.5306763128482665E+001                  7.5461745580386141E-001                  2.4398246926416403E-001                  1.4000749319745820E-003                  7.9566955818281219E-003                  7.3207267045679333E-009                  0.0000000000000000E+000                                        0                 -9.8999999999999986E+001                 -9.9000000000000000E+001                 -9.9000000000000000E+001 
                                     660                  1.4256831045856124E+000                 -2.0557096433470692E-001                  6.8308183232005808E+000                  3.4325893294205112E-001                  1.5319294142077489E+001                  7.5457693855380703E-001                  2.4402297525396330E-001                  1.4000861922296437E-003                  8.4539943409425566E-003                  8.8200103736527314E-009                  0.0000000000000000E+000                                        0                 -9.8999999999999986E+001                 -9.9000000000000000E+001                 -9.9000000000000000E+001 
                                     661                  1.4186232022358825E+000                 -2.0830091940324072E-001                  6.8338674400799047E+000                  3.5276777232960288E-001                  1.5331842587800736E+001                  7.5453540569770217E-001                  2.4406449503414329E-001                  1.4000992681545421E-003                  8.9832089132468821E-003                  1.0627721400146045E-008                  0.0000000000000000E+000                                        0                 -9.8999999999999986E+001                 -9.9000000000000000E+001                 -9.9000000000000000E+001 
                                     662                  1.4115632998861531E+000                 -2.1102251772976507E-001                  6.8369271475134337E+000                  3.6228211973606933E-001                  1.5344406921515928E+001                  7.5449266626172351E-001                  2.4410721939364932E-001                  1.4001143446271680E-003                  9.5463735270997878E-003                  1.2807671492320636E-008                  0.0000000000000000E+000                                        0                 -9.8999999999999986E+001                 -9.9000000000000000E+001                 -9.9000000000000000E+001 
                                     663                  1.4043600686027977E+000                 -2.1379120273711347E-001                  6.8399974763718570E+000                  3.7180410864174851E-001                  1.5356989259347429E+001                  7.5444859051285962E-001                  2.4415127785419571E-001                  1.4001316329446123E-003                  1.0145732390196812E-002                  1.5436838372227566E-008                  0.0000000000000000E+000                                        0                 -9.8999999999999986E+001                 -9.9000000000000000E+001                 -9.9000000000000000E+001 
                                     664                  1.3971568373194425E+000                 -2.1655207255885209E-001                  6.8430787803658291E+000                  3.8133190087641738E-001                  1.5369588036436928E+001                  7.5440289160482354E-001                  2.4419695686260637E-001                  1.4001515325701153E-003                  1.0783665870841619E-002                  1.8608229180467315E-008                  0.0000000000000000E+000                                        0                 -9.8999999999999986E+001                 -9.9000000000000000E+001                 -9.9000000000000000E+001 
                                     665                  1.3898086667219205E+000                 -2.1936089519538834E-001                  6.8461711215504346E+000                  3.9086770086346467E-001                  1.5382205434250288E+001                  7.5435532391880245E-001                  2.4424450164534361E-001                  1.4001744358539403E-003                  1.1462833267891321E-002                  2.2434073266107141E-008                  0.0000000000000000E+000                                        0                 -9.8999999999999986E+001                 -9.9000000000000000E+001                 -9.9000000000000000E+001 
                                     666                  1.3824604961243987E+000                 -2.2216248253727863E-001                  6.8492748559042331E+000                  4.0040963402392216E-001                  1.5394839867939348E+001                  7.5430564484010931E-001                  2.4429415436377627E-001                  1.4002007961144702E-003                  1.2186070087759626E-002                  2.7050001534586840E-008                  0.0000000000000000E+000                                        0                 -9.8999999999999986E+001                 -9.9000000000000000E+001                 -9.9000000000000000E+001 
                                     667                  1.3749658233893647E+000                 -2.2501293297852551E-001                  6.8523900777526867E+000                  4.0995993797825048E-001                  1.5407493587285131E+001                  7.5425361673139080E-001                  2.4434615213657493E-001                  1.4002311320342464E-003                  1.2956546509526200E-002                  3.2619681239091406E-008                  0.0000000000000000E+000                                        0                 -9.8999999999999986E+001                 -9.9000000000000000E+001                 -9.9000000000000000E+001 
                                     668                  1.3674711506543302E+000                 -2.2785676967443638E-001                  6.8555171413626326E+000                  4.1951671468146801E-001                  1.5420164988304053E+001                  7.5419901604555228E-001                  2.4440071791211843E-001                  1.4002660423293456E-003                  1.3777634208082590E-002                  3.9340807521300024E-008                  0.0000000000000000E+000                                        0                 -9.8999999999999986E+001                 -9.9000000000000000E+001                 -9.9000000000000000E+001 
                                     669                  1.3598284649840813E+000                 -2.3075042764969997E-001                  6.8586561624370885E+000                  4.2908224401603862E-001                  1.5432856392371303E+001                  7.5414162967667997E-001                  2.4445806411141247E-001                  1.4003062119075649E-003                  1.4653094049742951E-002                  4.7451914971431600E-008                  0.0000000000000000E+000                                        0                 -9.8999999999999986E+001                 -9.9000000000000000E+001                 -9.9000000000000000E+001 
                                     670                  1.3521857793138321E+000                 -2.3363813880867804E-001                  6.8618074792636117E+000                  4.3865461759671098E-001                  1.5445566177341496E+001                  7.5408126051575841E-001                  2.4451838705380707E-001                  1.4003524304344594E-003                  1.5586908847171975E-002                  5.7240889491946575E-008                  0.0000000000000000E+000                                        0                 -9.8999999999999986E+001                 -9.9000000000000000E+001                 -9.9000000000000000E+001 
                                     671                  1.3443936266880094E+000                 -2.3657668116062613E-001                  6.8649712221359467E+000                  4.4823616836361369E-001                  1.5458296739772178E+001                  7.5401771906823101E-001                  2.4458187533091252E-001                  1.4004056008565247E-003                  1.6583513326552956E-002                  6.9054941838842287E-008                  0.0000000000000000E+000                                        0                 -9.8999999999999986E+001                 -9.9000000000000000E+001                 -9.9000000000000000E+001 
                                     672                  1.3366014740621870E+000                 -2.3950999283831303E-001                  6.8681477124518171E+000                  4.5782497011298784E-001                  1.5471046440434172E+001                  7.5395086428469671E-001                  2.4464866913056524E-001                  1.4004665847380249E-003                  1.7647593188206228E-002                  8.3312967321648294E-008                  0.0000000000000000E+000                                        0                 -9.8999999999999986E+001                 -9.9000000000000000E+001                 -9.9000000000000000E+001 
                                     673                  1.3286584622965800E+000                 -2.4249520140960715E-001                  6.8713370963962550E+000                  4.6742343936869901E-001                  1.5483817754983646E+001                  7.5388044310319891E-001                  2.4471901991591724E-001                  1.4005369808838264E-003                  1.8784364269076145E-002                  1.0051859756945204E-007                  0.0000000000000000E+000                                        0                 -9.8999999999999986E+001                 -9.9000000000000000E+001                 -9.9000000000000000E+001 
                                     674                  1.3207154505309731E+000                 -2.4547594876658149E-001                  6.8745320781983903E+000                  4.7700718959130695E-001                  1.5496579000370135E+001                  7.5380647043433835E-001                  2.4479291183170424E-001                  1.4006177339573878E-003                  1.9996377199189588E-002                  1.2122511186624432E-007                  0.0000000000000000E+000                                        0                 -9.8999999999999986E+001                 -9.9000000000000000E+001                 -9.9000000000000000E+001 
                                     675                  1.3126584607299570E+000                 -2.4849540774867326E-001                  6.8777480465236120E+000                  4.8662314351885694E-001                  1.5509392367771017E+001                  7.5372848499627099E-001                  2.4487080436962622E-001                  1.4007106341027420E-003                  2.1295497825900976E-002                  1.4626021075819116E-007                  0.0000000000000000E+000                                        0                 -9.8999999999999986E+001                 -9.9000000000000000E+001                 -9.9000000000000000E+001 
                                     676                  1.3045250587148314E+000                 -2.5153985415133451E-001                  6.8809776400419302E+000                  4.9624848934270427E-001                  1.5522227659028710E+001                  7.5364644443979734E-001                  2.4495273817135507E-001                  1.4008173888475639E-003                  2.2685522506971114E-002                  1.7645540093545455E-007                  0.0000000000000000E+000                                        0                 -9.8999999999999986E+001                 -9.9000000000000000E+001                 -9.9000000000000000E+001 
                                     677                  1.2963149360912762E+000                 -2.5460980807557043E-001                  6.8842210910725070E+000                  5.0588353775039641E-001                  1.5535085359497913E+001                  7.5356016255491887E-001                  2.4503889739285403E-001                  1.4009400522271287E-003                  2.4173642068445810E-002                  2.1286224337504853E-007                  0.0000000000000000E+000                                        0                 -9.8999999999999986E+001                 -9.9000000000000000E+001                 -9.9000000000000000E+001 
                                     678                  1.2880277943240392E+000                 -2.5770580644608654E-001                  6.8874786333072873E+000                  5.1552862043782377E-001                  1.5547965974301681E+001                  7.5346944521833104E-001                  2.4512947385124864E-001                  1.4010809304203509E-003                  2.5767699041532369E-002                  2.5673999559075322E-007                  0.0000000000000000E+000                                        0                 -9.8999999999999986E+001                 -9.9000000000000000E+001                 -9.9000000000000000E+001 
                                     679                  1.2796633451307609E+000                 -2.6082840367910476E-001                  6.8907505021226072E+000                  5.2518409105840491E-001                  1.5560870029199672E+001                  7.5337408918078963E-001                  2.4522466813389740E-001                  1.4012426853129423E-003                  2.7476257429504197E-002                  3.0959328792218957E-007                  0.0000000000000000E+000                                        0                 -9.8999999999999986E+001                 -9.9000000000000000E+001                 -9.9000000000000000E+001 
                                     680                  1.2712213108872215E+000                 -2.6397817238330717E-001                  6.8940369349041157E+000                  5.3485032611372929E-001                  1.5573798071498647E+001                  7.5327388110468463E-001                  2.4532469059963624E-001                  1.4014282956791302E-003                  2.9308679814527807E-002                  3.7321573000621799E-007                  0.0000000000000000E+000                                        0                 -9.8999999999999986E+001                 -9.9000000000000000E+001                 -9.9000000000000000E+001 
                                     681                  1.2627014250450963E+000                 -2.6715570409653761E-001                  6.8973381713862345E+000                  5.4452772583305764E-001                  1.5586750671007323E+001                  7.5316859675650871E-001                  2.4542976208105230E-001                  1.4016411624390157E-003                  3.1275212400666885E-002                  4.4973874031451984E-007                  0.0000000000000000E+000                                        0                 -9.8999999999999986E+001                 -9.9000000000000000E+001                 -9.9000000000000000E+001 
                                     682                  1.2541034325625862E+000                 -2.7036161006087317E-001                  6.9006544540157977E+000                  5.5421671504369396E-001                  1.5599728421038632E+001                  7.5305800028080017E-001                  2.4554011461792993E-001                  1.4018851012699285E-003                  3.3387078847744125E-002                  5.4168632251111723E-007                  0.0000000000000000E+000                                        0                 -9.8999999999999986E+001                 -9.9000000000000000E+001                 -9.9000000000000000E+001 
                                     683                  1.2454270903487619E+000                 -2.7359652203881901E-001                  6.9039860301944396E+000                  5.6391774217794000E-001                  1.5612731939460812E+001                  7.5294184350803806E-001                  2.4565599207378969E-001                  1.4021644181723136E-003                  3.5656584494210927E-002                  6.5203431974232469E-007                  0.0000000000000000E+000                                        0                 -9.8999999999999986E+001                 -9.9000000000000000E+001                 -9.9000000000000000E+001 
                                     684                  1.2366721677242938E+000                 -2.7686109318698393E-001                  6.9073331588063516E+000                  5.7363127398376479E-001                  1.5625761869804599E+001                  7.5281986526589983E-001                  2.4577765079665767E-001                  1.4024839374424669E-003                  3.8097233475536493E-002                  7.8427334830319199E-007                  0.0000000000000000E+000                                        0                 -9.8999999999999986E+001                 -9.9000000000000000E+001                 -9.9000000000000000E+001 
                                     685                  1.2278384468941659E+000                 -2.8015599902644933E-001                  6.9106961155528586E+000                  5.8335779151965983E-001                  1.5638818882439569E+001                  7.5269179067792247E-001                  2.4590536028680929E-001                  1.4028490352682166E-003                  4.0723858180836230E-002                  9.4247244954984549E-007                  0.0000000000000000E+000                                        0                 -9.8999999999999986E+001                 -9.9000000000000000E+001                 -9.9000000000000000E+001 
                                     686                  1.2189257234335618E+000                 -2.8348193850714476E-001                  6.9140751940313123E+000                  5.9309779054811984E-001                  1.5651903675827041E+001                  7.5255733044189577E-001                  2.4603940389067352E-001                  1.4032656674307642E-003                  4.3552760404959028E-002                  1.1313389390628176E-006                  0.0000000000000000E+000                                        0                 -9.8999999999999986E+001                 -9.9000000000000000E+001                 -9.9000000000000000E+001 
                                     687                  1.2099338067888261E+000                 -2.8683963513865962E-001                  6.9174707062563598E+000                  6.0285178259382266E-001                  1.5665016977854593E+001                  7.5241618008560429E-001                  2.4618007952369014E-001                  1.4037403907055657E-003                  4.6601866363067568E-002                  1.3562676380234873E-006                  0.0000000000000000E+000                                        0                 -9.8999999999999986E+001                 -9.9000000000000000E+001                 -9.9000000000000000E+001 
                                     688                  1.2008625207940729E+000                 -2.9022983818753106E-001                  6.9208829832208663E+000                  6.1262029605557033E-001                  1.5678159547257858E+001                  7.5226801920138742E-001                  2.4632770047224059E-001                  1.4042803263719650E-003                  4.9890896710979099E-002                  1.6233703700748026E-006                  0.0000000000000000E+000                                        0                 -9.8999999999999986E+001                 -9.9000000000000000E+001                 -9.9000000000000000E+001 
                                     689                  1.1917117042039365E+000                 -2.9365332394587740E-001                  6.9243123754995173E+000                  6.2240387737362302E-001                  1.5691332175135432E+001                  7.5211251066298712E-001                  2.4648259615320062E-001                  1.4048931838122058E-003                  5.3441552405369699E-002                  1.9394692945572084E-006                  0.0000000000000000E+000                                        0                 -9.8999999999999986E+001                 -9.9000000000000000E+001                 -9.9000000000000000E+001 
                                     690                  1.1824812112442793E+000                 -2.9711089707625066E-001                  6.9277592538985848E+000                  6.3220309224589666E-001                  1.5704535686563881E+001                  7.5194929983120429E-001                  2.4664511304307760E-001                  1.4055871257181440E-003                  5.7277717106973172E-002                  2.3120385787355744E-006                  0.0000000000000000E+000                                        0                 -9.8999999999999986E+001                 -9.9000000000000000E+001                 -9.9000000000000000E+001 
                                     691                  1.1731709121798963E+000                 -3.0060339203917463E-001                  6.9312240101560851E+000                  6.4201852690804362E-001                  1.5717770942322581E+001                  7.5177801375653086E-001                  2.4681561553388909E-001                  1.4063707095800515E-003                  6.1425676641550894E-002                  2.7490632328711837E-006                  0.0000000000000000E+000                                        0                 -9.8999999999999986E+001                 -9.9000000000000000E+001                 -9.9000000000000000E+001 
                                     692                  1.1637806938987498E+000                 -3.0413167461008450E-001                  6.9347070576963032E+000                  6.5185078946546426E-001                  1.5731038840736440E+001                  7.5159826038897692E-001                  2.4699448696314225E-001                  1.4072526478807745E-003                  6.5914355754200724E-002                  3.2587878432539639E-006                  0.0000000000000000E+000                                        0                 -9.8999999999999986E+001                 -9.9000000000000000E+001                 -9.9000000000000000E+001 
                                     693                  1.1543104605147132E+000                 -3.0769664349226566E-001                  6.9382088324428119E+000                  6.6170051128747132E-001                  1.5744340319644612E+001                  7.5140962780683618E-001                  2.4718213062467315E-001                  1.4082415684906202E-003                  7.0775572058087502E-002                  3.8493088489765727E-006                  0.0000000000000000E+000                                        0                 -9.8999999999999986E+001                 -9.9000000000000000E+001                 -9.9000000000000000E+001 
                                     694                  1.1447601339896136E+000                 -3.1129923203333459E-001                  6.9417297936947238E+000                  6.7156834845687119E-001                  1.5757676358505279E+001                  7.5121168347494804E-001                  2.4737897089581834E-001                  1.4093456292336715E-003                  7.6044306661209510E-002                  4.5279666754972736E-006                  0.0000000000000000E+000                                        0                 -9.8999999999999986E+001                 -9.9000000000000000E+001                 -9.9000000000000000E+001 
                                     695                  1.1351296547753094E+000                 -3.1494041005379697E-001                  6.9452704250713664E+000                  6.8145498328243725E-001                  1.5771047980647142E+001                  7.5100397354198112E-001                  2.4758545439812096E-001                  1.4105720598979188E-003                  8.1758990406196885E-002                  5.3004819985379138E-006                  0.0000000000000000E+000                                        0                 -9.8999999999999986E+001                 -9.9000000000000000E+001                 -9.9000000000000000E+001 
                                     696                  1.1254189824768621E+000                 -3.1862118579675269E-001                  6.9488312355310100E+000                  6.9136112586562959E-001                  1.5784456255679661E+001                  7.5078602218168089E-001                  2.4780205132584943E-001                  1.4119264924696839E-003                  8.7961804094664905E-002                  6.1697964973398026E-006                  0.0000000000000000E+000                                        0                 -9.8999999999999986E+001                 -9.9000000000000000E+001                 -9.9000000000000000E+001 
                                     697                  1.1156280965375915E+000                 -3.2234260800906250E-001                  6.9524127603264612E+000                  7.0128751589002514E-001                  1.5797902302076368E+001                  7.5055733097728150E-001                  2.4802925679538207E-001                  1.4134122273363747E-003                  9.4698990086278453E-002                  7.1345756512278393E-006                  0.0000000000000000E+000                                        0                 -9.8999999999999986E+001                 -9.9000000000000000E+001                 -9.9000000000000000E+001 
                                     698                  1.1057569969455154E+000                 -3.2610576816434672E-001                  6.9560155603804290E+000                  7.1123492619190110E-001                  1.5811387289946049E+001                  7.5031737834164491E-001                  2.4826759233332346E-001                  1.4150293250316803E-003                  1.0202116967212288E-001                  8.1873834395285599E-006                  0.0000000000000000E+000                                        0                 -9.8999999999999986E+001                 -9.9000000000000000E+001                 -9.9000000000000000E+001 
                                     699                  1.0958057049628989E+000                 -3.2991180282455967E-001                  6.9596402207506012E+000                  7.2120416744264926E-001                  1.5824912444005264E+001                  7.5006561894781654E-001                  2.4851760745600923E-001                  1.4167735961742034E-003                  1.0998366150675587E-001                  9.3125926408231093E-006                  0.0000000000000000E+000                                        0                 -9.8999999999999986E+001                 -9.9000000000000000E+001                 -9.9000000000000000E+001 
                                     700                  1.0857742638800769E+000                 -3.3376189614280094E-001                  6.9632873507675512E+000                  7.3119609136515584E-001                  1.5838479046766880E+001                  7.4980148310582961E-001                  2.4877988136329332E-001                  1.4186355308770660E-003                  1.1864679923067459E-001                  1.0484201946300567E-005                  0.0000000000000000E+000                                        0                 -9.8999999999999986E+001                 -9.9000000000000000E+001                 -9.9000000000000000E+001 
                                     701                  1.0756627397945191E+000                 -3.3765728253376620E-001                  6.9669575853213841E+000                  7.4121159307857787E-001                  1.5852088441962188E+001                  7.4952437597664368E-001                  2.4905502470792831E-001                  1.4205993154280394E-003                  1.2807624239683046E-001                  1.1663859860672969E-005                  0.0000000000000000E+000                                        0                 -9.8999999999999986E+001                 -9.9000000000000000E+001                 -9.9000000000000000E+001 
                                     702                  1.0654712224162681E+000                 -3.4159924953567977E-001                  6.9706515862556584E+000                  7.5125161369882154E-001                  1.5865742038217650E+001                  7.4923367646705363E-001                  2.4934368157533246E-001                  1.4226419576138793E-003                  1.3834327286376022E-001                  1.2799616112563964E-005                  0.0000000000000000E+000                                        0                 -9.8999999999999986E+001                 -9.9000000000000000E+001                 -9.9000000000000000E+001 
                                     703                  1.0551998259013391E+000                 -3.4558914087952247E-001                  6.9743700438590945E+000                  7.6131714331654243E-001                  1.5879441313009689E+001                  7.4892873559982420E-001                  2.4964653151730556E-001                  1.4247328828702610E-003                  1.4952506989835468E-001                  1.3826052340128480E-005                  0.0000000000000000E+000                                        0                 -9.8999999999999986E+001                 -9.9000000000000000E+001                 -9.9000000000000000E+001 
                                     704                  1.0448486897127918E+000                 -3.4962835978278506E-001                  6.9781136784635054E+000                  7.7140922445670468E-001                  1.5893187816923939E+001                  7.4860887411266630E-001                  2.4996429177354826E-001                  1.4268341137854135E-003                  1.6170495695979992E-001                  1.4666658344510910E-005                  0.0000000000000000E+000                                        0                 -9.8999999999999986E+001                 -9.9000000000000000E+001                 -9.9000000000000000E+001 
                                     705                  1.0344179795110442E+000                 -3.5371837248521432E-001                  6.9818832421566963E+000                  7.8152895613734141E-001                  1.5906983178246167E+001                  7.4827337903097280E-001                  2.5029771963957714E-001                  1.4289013294500608E-003                  1.7497261445821419E-001                  1.5239300032024229E-005                  0.0000000000000000E+000                                        0                 -9.8999999999999986E+001                 -9.9000000000000000E+001                 -9.9000000000000000E+001 
                                     706                  1.0239078880751560E+000                 -3.5786071204486142E-001                  6.9856795206199207E+000                  7.9167749862977743E-001                  1.5920829107915049E+001                  7.4792149900026705E-001                  2.5064761500002014E-001                  1.4308859997127499E-003                  1.8942425435623292E-001                  1.5465382557612347E-005                  0.0000000000000000E+000                                        0                 -9.8999999999999986E+001                 -9.9000000000000000E+001                 -9.9000000000000000E+001 
                                     707                  1.0133186362564437E+000                 -3.6205698241406842E-001                  6.9895033351004141E+000                  8.0185607897362654E-001                  1.5934727404870275E+001                  7.4755243828847140E-001                  2.5101482303604394E-001                  1.4327386754846572E-003                  2.0516275479641974E-001                  1.5282646072049948E-005                  0.0000000000000000E+000                                        0                 -9.8999999999999986E+001                 -9.9000000000000000E+001                 -9.9000000000000000E+001 
                                     708                  1.0026504739658375E+000                 -3.6630886281682551E-001                  6.9933555445304787E+000                  8.1206599722498463E-001                  1.5948679961831880E+001                  7.4716534958266045E-001                  2.5140023712046911E-001                  1.4344132968704404E-003                  2.2229775711682939E-001                  1.4660383142102436E-005                  0.0000000000000000E+000                                        0                 -9.8999999999999986E+001                 -9.9000000000000000E+001                 -9.9000000000000000E+001 
                                     709                  9.9190368119727301E-001                 -3.7061811245137344E-001                  6.9972370478063715E+000                  8.2230863331951320E-001                  1.5962688771551626E+001                  7.4675932600344508E-001                  2.5180480191678123E-001                  1.4358720797736924E-003                  2.4094573284944654E-001                  1.3614342815935983E-005                  0.0000000000000000E+000                                        0                 -9.8999999999999986E+001                 -9.9000000000000000E+001                 -9.9000000000000000E+001 
                                     710                  9.8107856908763991E-001                 -3.7498657554686643E-001                  7.0011487862332897E+000                  8.3258545429268571E-001                  1.5976755933581806E+001                  7.4633339308129942E-001                  2.5222951670350963E-001                  1.4370902151910059E-003                  2.6123003333393502E-001                  1.2115912917028324E-005                  1.2015698115081699E-054                                        0                 -9.8999999999999986E+001                 -9.9000000000000000E+001                 -9.9000000000000000E+001 
                                     711                  9.7017548101422502E-001                 -3.7941618680890021E-001                  7.0050917454083752E+000                  8.4289802228042787E-001                  1.5990883661611843E+001                  7.4588650167213311E-001                  2.5267543894514022E-001                  1.4380593827266752E-003                  2.8328093962299666E-001                  1.0469061987274953E-005                  2.1210804791257043E-054                                        0                 -9.8999999999999986E+001                 -9.9000000000000000E+001                 -9.9000000000000000E+001 
                                     712                  9.5919479373232552E-001                 -3.8390897728801865E-001                  7.0090669560277261E+000                  8.5324800350043550E-001                  1.6005074291427189E+001                  7.4541752279369655E-001                  2.5314368819030214E-001                  1.4387890160012518E-003                  3.0723573529796167E-001                  8.7700133175711423E-006                  3.7555106115361049E-054                                        0                 -9.8999999999999986E+001                 -9.9000000000000000E+001                 -9.9000000000000000E+001 
                                     713                  9.4813691855500659E-001                 -3.8846708070786207E-001                  7.0130754956155803E+000                  8.6363717601172385E-001                  1.6019330289552411E+001                  7.4492524500952617E-001                  2.5363545025767920E-001                  1.4393047327946329E-003                  3.3323884607297954E-001                  7.2132349264817734E-006                  6.6701964368798088E-054                                        0                 -9.8999999999999986E+001                 -9.9000000000000000E+001                 -9.9000000000000000E+001 
                                     714                  9.3700230257691342E-001                 -3.9309274031827673E-001                  7.0171184919026395E+000                  8.7406743561630917E-001                  1.6033654262649730E+001                  7.4440837426967144E-001                  2.5415198184952775E-001                  1.4396438808008671E-003                  3.6144209714998732E-001                  5.9793937219700749E-006                  1.1885640944135057E-053                                        0                 -9.8999999999999986E+001                 -9.9000000000000000E+001                 -9.9000000000000000E+001 
                                     715                  9.2579142994490649E-001                 -3.9778831635411477E-001                  7.0211971266403586E+000                  8.8454080159154458E-001                  1.6048048967756745E+001                  7.4386553521014065E-001                  2.5469461563445350E-001                  1.4398491554058479E-003                  3.9200513534356662E-001                  5.2038741793937830E-006                  2.1251040016026360E-053                                        0                 -9.8999999999999986E+001                 -9.9000000000000000E+001                 -9.9000000000000000E+001 
                                     716                  9.1450482317779180E-001                 -4.0255629417309335E-001                  7.0253126397457919E+000                  8.9505942308520092E-001                  1.6062517323461034E+001                  7.4329527225296244E-001                  2.5526476584718305E-001                  1.4399618998545138E-003                  4.2509607224230300E-001                  4.9593698892660758E-006                  3.8130588901575465E-053                                        0                 -9.8999999999999986E+001                 -9.9000000000000000E+001                 -9.9000000000000000E+001 
                                     717                  9.0314304453555272E-001                 -4.0739929314771500E-001                  7.0294663338108174E+000                  9.0562558691299810E-001                  1.6077062422120839E+001                  7.4269604875461381E-001                  2.5586393440609928E-001                  1.4400168392869617E-003                  4.6089240750123711E-001                  5.2601737394751209E-006                  6.8670122504149650E-053                                        0                 -9.8999999999999986E+001                 -9.9000000000000000E+001                 -9.9000000000000000E+001 
                                     718                  8.9170669744165043E-001                 -4.1232007638703805E-001                  7.0336595790112106E+000                  9.1624172729971154E-001                  1.6091687543253581E+001                  7.4206624299858848E-001                  2.5649371758435519E-001                  1.4400394170563935E-003                  4.9958229173011470E-001                  6.0867002455998175E-006                  1.2414569385212969E-052                                        0                 -9.8999999999999986E+001                 -9.9000000000000000E+001                 -9.9000000000000000E+001 
                                     719                  8.8019642796135711E-001                 -4.1732156136896753E-001                  7.0378938184540329E+000                  9.2691043773900361E-001                  1.6106396168229427E+001                  7.4140414084592532E-001                  2.5715581330423609E-001                  1.4400458498385893E-003                  5.4136618687992710E-001                  7.4198287217793736E-006                  2.2533946654358227E-052                                        0                 -9.8999999999999986E+001                 -9.9000000000000000E+001                 -9.9000000000000000E+001 
                                     720                  8.6861292633899068E-001                 -4.2240683157357289E-001                  7.0421705740060769E+000                  9.3763448478912481E-001                  1.6121191996424393E+001                  7.4070792580996259E-001                  2.5785202913847322E-001                  1.4400450515641428E-003                  5.8645897519886858E-001                  9.2717469656728428E-006                  4.1073405655669768E-052                                        0                 -9.8999999999999986E+001                 -9.9000000000000000E+001                 -9.9000000000000000E+001 
                                     721                  8.5695692859731842E-001                 -4.2757914922346912E-001                  7.0464914526513134E+000                  9.4841682350599110E-001                  1.6136078963007431E+001                  7.3997566769769008E-001                  2.5858429112149783E-001                  1.4400411808120905E-003                  6.3509256574017769E-001                  1.1705003787966354E-005                  7.5193857686512196E-052                                        0                 -9.8999999999999986E+001                 -9.9000000000000000E+001                 -9.9000000000000000E+001 
                                     722                  8.4522921820327490E-001                 -4.3284196925667079E-001                  7.0508581534149135E+000                  9.5926061433997178E-001                  1.6151061258561718E+001                  7.3920531068482087E-001                  2.5935465349145098E-001                  1.4400358237280919E-003                  6.8751903880901899E-001                  1.4840339120682331E-005                  1.3828882024426590E-051                                        0                 -9.8999999999999986E+001                 -9.9000000000000000E+001                 -9.9000000000000000E+001 
                                     723                  8.3343062780146759E-001                 -4.3819895468039260E-001                  7.0552724710056571E+000                  9.7016924551704364E-001                  1.6166143350770117E+001                  7.3839466109443153E-001                  2.6016530949986044E-001                  1.4400294057079766E-003                  7.4401431420843789E-001                  1.8860085220290510E-005                  2.5554329795078953E-051                                        0                 -9.8999999999999986E+001                 -9.9000000000000000E+001                 -9.9000000000000000E+001 
                                     724                  8.2156204101957286E-001                 -4.4365399342493428E-001                  7.0597362908209869E+000                  9.8114636668376520E-001                  1.6181330008420218E+001                  7.3754137465173386E-001                  2.6101860344125605E-001                  1.4400219070100917E-003                  8.0488225071767361E-001                  2.4014490441941454E-005                  4.7457922829788912E-051                                        0                 -9.8999999999999986E+001                 -9.9000000000000000E+001                 -9.9000000000000000E+001 
                                     725                  8.0962439435021116E-001                 -4.4921121676019521E-001                  7.0642515866153701E+000                  9.9219592279762581E-001                  1.6196626328006374E+001                  7.3664294277589504E-001                  2.6191704407620670E-001                  1.4400131478982114E-003                  8.7045929609688011E-001                  3.0635350297536665E-005                  8.8596830034770170E-051                                        0                 -9.8999999999999986E+001                 -9.9000000000000000E+001                 -9.9000000000000000E+001 
                                     726                  7.9761867911359774E-001                 -4.5487501949265030E-001                  7.0688204277298912E+000                  1.0033221817557103E+000                  1.6212037763252930E+001                  7.3569667747941214E-001                  2.6286331964631704E-001                  1.4400028742708182E-003                  9.4111983549200773E-001                  3.9158652824974024E-005                  1.6630143863557327E-050                                        0                 -9.8999999999999986E+001                 -9.9000000000000000E+001                 -9.9000000000000000E+001 
                                     727                  7.8554594350559370E-001                 -4.6065008228537602E-001                  7.0734449884845194E+000                  1.0145297637816526E+000                  1.6227570157948975E+001                  7.3469969451469963E-001                  2.6386031471367327E-001                  1.4399907716271532E-003                  1.0172822090084304E+000                  5.0157357527306623E-005                  3.1394280665970908E-050                                        0                 -9.8999999999999986E+001                 -9.9000000000000000E+001                 -9.9000000000000000E+001 
                                     728                  7.7340729473680336E-001                 -4.6654139639201775E-001                  7.0781275586339527E+000                  1.0258236742719704E+000                  1.6243229782550785E+001                  7.3364889444487835E-001                  2.6491112909753600E-001                  1.4399764575856455E-003                  1.0994154503788569E+000                  6.4386477266586335E-005                  5.9620529060656090E-050                                        0                 -9.8999999999999986E+001                 -9.9000000000000000E+001                 -9.9000000000000000E+001 
                                     729                  7.6120390126714887E-001                 -4.7255429112349445E-001                  7.0828705550600146E+000                  1.0372093405840095E+000                  1.6259023375082165E+001                  7.3254094130422043E-001                  2.6601909922793987E-001                  1.4399594678397021E-003                  1.1880468476636508E+000                  8.2844337346601332E-005                  1.1393372820198654E-049                                        0                 -9.8999999999999986E+001                 -9.9000000000000000E+001                 -9.9000000000000000E+001 
                                     730                  7.4893699514128598E-001                 -4.7869446441581209E-001                  7.0876765349060067E+000                  1.0486926533189447E+000                  1.6274958186950531E+001                  7.3137223847691268E-001                  2.6718782228513888E-001                  1.4399392379484954E-003                  1.2837704683407476E+000                  1.0685590707802148E-004                  2.1915300676201583E-049                                        0                 -9.8999999999999986E+001                 -9.9000000000000000E+001                 -9.9000000000000000E+001 
                                     731                  7.3660787443164299E-001                 -4.8496801692618052E-001                  7.0925482103984629E+000                  1.0602800126933771E+000                  1.6291042034401038E+001                  7.3013890147408800E-001                  2.6842118344512333E-001                  1.4399150807886674E-003                  1.3872568431469501E+000                  1.3818666408399227E-004                  4.2444013377702911E-049                                        0                 -9.8999999999999986E+001                 -9.9000000000000000E+001                 -9.9000000000000000E+001 
                                     732                  7.2421790579585898E-001                 -4.9138149015580829E-001                  7.0974884656511046E+000                  1.0719783807175896E+000                  1.6307283356457475E+001                  7.2883672719201009E-001                  2.6972338664920215E-001                  1.4398861587877620E-003                  1.4992640595362627E+000                  1.7919900381294286E-004                  8.2794826340217666E-049                                        0                 -9.8999999999999986E+001                 -9.9000000000000000E+001                 -9.9000000000000000E+001 
                                     733                  7.1176852715584749E-001                 -4.9794190918232728E-001                  7.1025003767018946E+000                  1.0837953392171835E+000                  1.6323691280350197E+001                  7.2746115884651807E-001                  2.7109898970411750E-001                  1.4398514493644265E-003                  1.6206505494840890E+000                  2.3306832437015995E-004                  1.6272762249768756E-048                                        0                 -9.8999999999999986E+001                 -9.9000000000000000E+001                 -9.9000000000000000E+001 
                                     734                  6.9926125050656529E-001                 -5.0465683069871803E-001                  7.1075872558454094E+000                  1.0957391338476499E+000                  1.6340275695616423E+001                  7.2600724572637299E-001                  2.7255294457134627E-001                  1.4398097022807477E-003                  1.7523904094403353E+000                  3.0408362974163733E-004                  3.2237114369912015E-048                                        0                 -9.8999999999999986E+001                 -9.9000000000000000E+001                 -9.9000000000000000E+001 
                                     735                  6.8669766486289552E-001                 -5.1153439751851248E-001                  7.1127527222258804E+000                  1.1078187038841323E+000                  1.6357047338335111E+001                  7.2446959693180624E-001                  2.7409064368162878E-001                  1.4397593865649316E-003                  1.8955921804527938E+000                  3.9806876408192171E-004                  6.4397462269976324E-048                                        0                 -9.8999999999999986E+001                 -9.9000000000000000E+001                 -9.9000000000000000E+001 
                                     736                  6.7407943935341785E-001                 -5.1858340095870914E-001                  7.1180007581783311E+000                  1.1200437411077886E+000                  1.6374017887302070E+001                  7.2284232799564208E-001                  2.7571797337988596E-001                  1.4396986244720189E-003                  2.0515211087589162E+000                  5.2297642290450642E-004                  1.2977713932251174E-047                                        0                 -9.8999999999999986E+001                 -9.9000000000000000E+001                 -9.9000000000000000E+001 
                                     737                  6.6140832647152481E-001                 -5.2581335208317814E-001                  7.1233357486713222E+000                  1.1324247831446324E+000                  1.6391200074266596E+001                  7.2111899900877185E-001                  2.7744137588215090E-001                  1.4396251090772472E-003                  2.2216255062629853E+000                  6.8973163247892434E-004                  2.6397550376843411E-047                                        0                 -9.8999999999999986E+001                 -9.9000000000000000E+001                 -9.9000000000000000E+001 
                                     738                  6.4868616549483438E-001                 -5.3323456290881921E-001                  7.1287625251994671E+000                  1.1449733227670267E+000                  1.6408607810729620E+001                  7.1929254254304920E-001                  2.7926792145561835E-001                  1.4395360013323977E-003                  2.4075687564505981E+000                  9.1343894469103095E-004                  5.4225860462474894E-047                                        0                 -9.8999999999999986E+001                 -9.9000000000000000E+001                 -9.9000000000000000E+001 
                                     739                  6.3591488608493085E-001                 -5.4085823925301013E-001                  7.1342864160039685E+000                  1.1577019350998874E+000                  1.6426256334328063E+001                  7.1735517924035697E-001                  2.8120539295892227E-001                  1.4394278007208161E-003                  2.6112684652420852E+000                  1.2151243389283254E-003                  1.1256221556864923E-046                                        0                 -9.8999999999999986E+001                 -9.9000000000000000E+001                 -9.9000000000000000E+001 
                                     740                  6.2309651208049832E-001                 -5.4869658725608628E-001                  7.1399133036765186E+000                  1.1706244263987111E+000                  1.6444162378486986E+001                  7.1529831838471392E-001                  2.8326238543245458E-001                  1.4392961828315620E-003                  2.8349446695645693E+000                  1.6242707223314576E-003                  2.3627376911460390E-046                                        0                 -9.8999999999999986E+001                 -9.9000000000000000E+001                 -9.9000000000000000E+001 
                                     741                  6.1023316549806739E-001                 -5.5676293603137283E-001                  7.1456496913880247E+000                  1.1837560089953560E+000                  1.6462344369842882E+001                  7.1311244004147745E-001                  2.8544842416407584E-001                  1.4391357944467664E-003                  3.0811795667867115E+000                  2.1825434700661261E-003                  5.0187892323321995E-046                                        0                 -9.8999999999999986E+001                 -9.9000000000000000E+001                 -9.9000000000000000E+001 
                                     742                  5.9732707075606395E-001                 -5.6507187941216985E-001                  7.1515027756450165E+000                  1.1971147641064550E+000                  1.6480822658977520E+001                  7.1078316763646554E-001                  2.8777789317387353E-001                  1.4389391896609816E-003                  3.3529687920306199E+000                  2.9493591394817061E-003                  1.0797436084770739E-045                                        0                 -9.8999999999999986E+001                 -9.9000000000000000E+001                 -9.9000000000000000E+001 
                                     743                  5.8438055913948128E-001                 -5.7363941488294978E-001                  7.1559916299598587E+000                  1.2073760450227562E+000                  1.6494989419121733E+001                  7.0893649878672982E-001                  2.8962473762743030E-001                  1.4387635858399417E-003                  3.5770293948027394E+000                  3.7151193516768576E-003                  1.9399123176055785E-045                                        0                 -9.8999999999999986E+001                 -9.9000000000000000E+001                 -9.9000000000000000E+001 
                                     744                  5.7788831633181692E-001                 -5.7802792841593309E-001                  7.1582599298180849E+000                  1.2125397031690062E+000                  1.6502120506885429E+001                  7.0798569044800030E-001                  2.9057564234911432E-001                  1.4386672028854353E-003                  3.6955366996342285E+000                  4.1742777245920735E-003                  2.6065415947609142E-045                                        0                 -9.8999999999999986E+001                 -9.9000000000000000E+001                 -9.9000000000000000E+001 
                                     745                  5.7464219492798430E-001                 -5.8024636281084085E-001                  7.1593990972162178E+000                  1.2151275740344598E+000                  1.6505694914092732E+001                  7.0750375461042481E-001                  2.9105762861063700E-001                  1.4386167789381954E-003                  3.7564431280024806E+000                  4.4257403029139145E-003                  3.0228269100916496E-045                                        0                 -9.8999999999999986E+001                 -9.9000000000000000E+001                 -9.9000000000000000E+001 
                                     746                  5.7301913422606821E-001                 -5.8136176799346106E-001                  7.1599699546775328E+000                  1.2164230521156105E+000                  1.6507484391584963E+001                  7.0726117515587528E-001                  2.9130023384290427E-001                  1.4385910012204572E-003                  3.7873212815396360E+000                  4.5573634667948545E-003                  3.2556681833630280E-045                                        0                 -9.8999999999999986E+001                 -9.9000000000000000E+001                 -9.9000000000000000E+001 
                                     747                  5.7220760387510994E-001                 -5.8192103602901568E-001                  7.1602557043072501E+000                  1.2170711788600967E+000                  1.6508379706153942E+001                  7.0713949137338550E-001                  2.9142193065424116E-001                  1.4385779723733449E-003                  3.8028681457772269E+000                  4.6247038407613442E-003                  3.3788331365027624E-045                                        0                 -9.8999999999999986E+001                 -9.9000000000000000E+001                 -9.9000000000000000E+001 
                                     748                  5.7180183869963097E-001                 -5.8220106374744374E-001                  7.1603986596564937E+000                  1.2173953389146221E+000                  1.6508827508318952E+001                  7.0707855358624239E-001                  2.9148287499001574E-001                  1.4385714237419300E-003                  3.8106687322002415E+000                  4.6587633785210043E-003                  3.4421782693435860E-045                                        0                 -9.8999999999999986E+001                 -9.9000000000000000E+001                 -9.9000000000000000E+001 
                                     749                  5.7159895611189115E-001                 -5.8234117632656324E-001                  7.1604701575035765E+000                  1.2175574429588800E+000                  1.6509051445737562E+001                  7.0704806141759613E-001                  2.9151337044128006E-001                  1.4385681411237528E-003                  3.8145758426929559E+000                  4.6758913801677642E-003                  3.4743013906919393E-045                                        0                 -9.8999999999999986E+001                 -9.9000000000000000E+001                 -9.9000000000000000E+001 
                                     750                  5.7149751481802114E-001                 -5.8241125733310728E-001                  7.1605059114751031E+000                  1.2176385009354798E+000                  1.6509163423545420E+001                  7.0703280969405735E-001                  2.9152862380813438E-001                  1.4385664978082691E-003                  3.8165311064742422E+000                  4.6844800484327704E-003                  3.4904768328486530E-045                                        0                 -9.8999999999999986E+001                 -9.9000000000000000E+001                 -9.9000000000000000E+001 
                                     751                  5.7144679417108624E-001                 -5.8244630402026587E-001                  7.1605237897234737E+000                  1.2176790313986097E+000                  1.6509219414725806E+001                  7.0702518246775603E-001                  2.9153625185657733E-001                  1.4385656756665810E-003                  3.8175091661825928E+000                  4.6887805623274780E-003                  3.4985931793157462E-045                                        0                 -9.8999999999999986E+001                 -9.9000000000000000E+001                 -9.9000000000000000E+001 
                                     752                  5.7142143384761868E-001                 -5.8246382891039561E-001                  7.1605327291633865E+000                  1.2176992969952660E+000                  1.6509247410885337E+001                  7.0702136852480890E-001                  2.9154006621071127E-001                  1.4385652644798297E-003                  3.8179983031156048E+000                  4.6909323656328019E-003                  3.5026585280858292E-045                                        0                 -9.8999999999999986E+001                 -9.9000000000000000E+001                 -9.9000000000000000E+001 
                                     753                  5.7140875368588495E-001                 -5.8247259174217281E-001                  7.1605371989622846E+000                  1.2177094298839497E+000                  1.6509261409107459E+001                  7.0701946147371908E-001                  2.9154197346742272E-001                  1.4385650588581989E-003                  3.8182428983771923E+000                  4.6920086540039492E-003                  3.5046929987660909E-045                                        0                 -9.8999999999999986E+001                 -9.9000000000000000E+001                 -9.9000000000000000E+001 
                                     754                  5.7140241360501809E-001                 -5.8247697325474712E-001                  7.1605394338814694E+000                  1.2177144963506510E+000                  1.6509268408254123E+001                  7.0701850792897691E-001                  2.9154292711498214E-001                  1.4385649560408886E-003                  3.8183652027123109E+000                  4.6925468948729454E-003                  3.5057106834744819E-045                                        0                 -9.8999999999999986E+001                 -9.9000000000000000E+001                 -9.9000000000000000E+001 
                                     755                  5.7139924356458460E-001                 -5.8247916403520583E-001                  7.1605405513459974E+000                  1.2177170295895305E+000                  1.6509271907836354E+001                  7.0701803115198147E-001                  2.9154340394338774E-001                  1.4385649046307902E-003                  3.8184263565573739E+000                  4.6928160394760152E-003                  3.5062196382038959E-045                                        0                 -9.8999999999999986E+001                 -9.9000000000000000E+001                 -9.9000000000000000E+001 
                                     756                  5.7139765854436797E-001                 -5.8248025943148030E-001                  7.1605411100794942E+000                  1.2177182962103372E+000                  1.6509273657629688E+001                  7.0701779276237076E-001                  2.9154364235870400E-001                  1.4385648789252414E-003                  3.8184569338994576E+000                  4.6929506178183741E-003                  3.5064741436651426E-045                                        0                 -9.8999999999999986E+001                 -9.9000000000000000E+001                 -9.9000000000000000E+001 
                                     757                  5.7139686603425932E-001                 -5.8248080713112893E-001                  7.1605413894465499E+000                  1.2177189295210826E+000                  1.6509274532526920E+001                  7.0701767356729783E-001                  2.9154376156662992E-001                  1.4385648660721895E-003                  3.8184722226754357E+000                  4.6930179084992930E-003                  3.5066014034197820E-045                                        0                 -9.8999999999999986E+001                 -9.9000000000000000E+001                 -9.9000000000000000E+001 
                                     758                  5.7139646977920511E-001                 -5.8248108098133045E-001                  7.1605415291301568E+000                  1.2177192461765376E+000                  1.6509274969975667E+001                  7.0701761396969742E-001                  2.9154382117065653E-001                  1.4385648596459966E-003                  3.8184798670898403E+000                  4.6930515542175383E-003                  3.5066650350539071E-045                                        0                 -9.8999999999999986E+001                 -9.9000000000000000E+001                 -9.9000000000000000E+001 
                                     759                  5.7139627165167783E-001                 -5.8248121790652529E-001                  7.1605415989719789E+000                  1.2177194045042858E+000                  1.6509275188700077E+001                  7.0701758417088145E-001                  2.9154385097268598E-001                  1.4385648564325670E-003                  3.8184836893035539E+000                  4.6930683771708613E-003                  3.5066968513097482E-045                                        0                 -9.8999999999999986E+001                 -9.9000000000000000E+001                 -9.9000000000000000E+001 
                                     760                  5.7139617258791431E-001                 -5.8248128636914664E-001                  7.1605416338928940E+000                  1.2177194836681615E+000                  1.6509275298062295E+001                  7.0701756927146997E-001                  2.9154386587370396E-001                  1.4385648548260743E-003                  3.8184856004119383E+000                  4.6930767886708847E-003                  3.5067127595470068E-045                                        0                 -9.8999999999999986E+001                 -9.9000000000000000E+001                 -9.9000000000000000E+001 
                                     761                  5.7139612305603260E-001                 -5.8248132060046354E-001                  7.1605416513533537E+000                  1.2177195232501059E+000                  1.6509275352743405E+001                  7.0701756182176312E-001                  2.9154387332421405E-001                  1.4385648540228280E-003                  3.8184865559666785E+000                  4.6930809944270638E-003                  3.5067207136935750E-045                                        0                 -9.8999999999999986E+001                 -9.9000000000000000E+001                 -9.9000000000000000E+001 
                                     762                  5.7139609829009186E-001                 -5.8248133771612343E-001                  7.1605416600835836E+000                  1.2177195430410794E+000                  1.6509275380083963E+001                  7.0701755809690969E-001                  2.9154387704946932E-001                  1.4385648536210383E-003                  3.8184870337441592E+000                  4.6930830973065741E-003                  3.5067246907736123E-045                                        0                 -9.8999999999999986E+001                 -9.9000000000000000E+001                 -9.9000000000000000E+001 
                                     763                  5.7139608590712132E-001                 -5.8248134627395265E-001                  7.1605416644486990E+000                  1.2177195529365572E+000                  1.6509275393754237E+001                  7.0701755623448281E-001                  2.9154387891209688E-001                  1.4385648534203099E-003                  3.8184872726328876E+000                  4.6930841487466696E-003                  3.5067266793153407E-045                                        0                 -9.8999999999999986E+001                 -9.9000000000000000E+001                 -9.9000000000000000E+001 
                                     764                  5.7139607971563655E-001                 -5.8248135055286809E-001                  7.1605416666312554E+000                  1.2177195583626688E+000                  1.6509275400589374E+001                  7.0701755386110243E-001                  2.9154388128728320E-001                  1.4385648516144212E-003                  3.8184873821698422E+000                  4.6930848237683757E-003                  3.5067277335079377E-045                                        0                 -9.8999999999999986E+001                 -9.9000000000000000E+001                 -9.9000000000000000E+001 
                                     765                  5.7139607661989389E-001                 -5.8248135269232493E-001                  7.1605416677225353E+000                  1.2177195610757205E+000                  1.6509275404006946E+001                  7.0701755267441213E-001                  2.9154388247487634E-001                  1.4385648507115878E-003                  3.8184874369384687E+000                  4.6930851612795857E-003                  3.5067282606050003E-045                                        0                 -9.8999999999999986E+001                 -9.9000000000000000E+001                 -9.9000000000000000E+001 
                                     766                  5.7139607507202328E-001                 -5.8248135376205268E-001                  7.1605416684500529E+000                  1.2177195628844206E+000                  1.6509275406285322E+001                  7.0701755188328552E-001                  2.9154388326660496E-001                  1.4385648501095138E-003                  3.8184874734506833E+000                  4.6930853862865596E-003                  3.5067286120021074E-045                                        0                 -9.8999999999999986E+001                 -9.9000000000000000E+001                 -9.9000000000000000E+001 
                                     767                  5.7139607352415245E-001                 -5.8248135483178187E-001                  7.1605416695360553E+000                  1.2358581728530214E+000                  1.6509275409709105E+001                  6.5340031369864038E-001                  3.4522453623225374E-001                  1.3751500691059348E-003                  3.4523549311333803E+000                  1.0034068184322748E-002                  6.3360579118271921E-045                                        0                 -9.8999999999999986E+001                 -9.9000000000000000E+001                 -9.9000000000000000E+001 
                                     768                  5.7139607041996610E-001                 -5.8248135688932035E-001                  7.1605416709659373E+000                  1.2358581781140345E+000                  1.6509275414278299E+001                  6.5340030752468825E-001                  3.4522454240797557E-001                  1.3751500673362393E-003                  3.4523549655475216E+000                  1.0034069023027087E-002                  6.3360594487628412E-045                                        0                 -9.8999999999999986E+001                 -9.9000000000000000E+001                 -9.9000000000000000E+001 
                                     769                  5.7139606731577985E-001                 -5.8248135894685882E-001                  7.1605416731107603E+000                  1.2358581860055444E+000                  1.6509275421132077E+001                  6.5340029826376012E-001                  3.4522455167155847E-001                  1.3751500646814740E-003                  3.4523550171686979E+000                  1.0034070281083473E-002                  6.3360617541666925E-045                                        0                 -9.8999999999999986E+001                 -9.9000000000000000E+001                 -9.9000000000000000E+001 
                                     770                  5.7139606110740748E-001                 -5.8248136306193565E-001                  7.1605416774004080E+000                  1.2358582017885598E+000                  1.6509275434839637E+001                  6.5340027974190329E-001                  3.4522457019872482E-001                  1.3751500593719435E-003                  3.4523551204111178E+000                  1.0034072797197381E-002                  6.3360663649780629E-045                                        0                 -9.8999999999999986E+001                 -9.9000000000000000E+001                 -9.9000000000000000E+001 
                                     771                  5.7139604869066296E-001                 -5.8248137129209265E-001                  7.1605416859797009E+000                  1.2358582333545982E+000                  1.6509275462254763E+001                  6.5340024269819030E-001                  3.4522460725305648E-001                  1.3751500487532153E-003                  3.4523553268958449E+000                  1.0034077829425989E-002                  6.3360755866089197E-045                                        0                 -9.8999999999999986E+001                 -9.9000000000000000E+001                 -9.9000000000000000E+001 
                                     772                  5.7139602385717403E-001                 -5.8248138775240188E-001                  7.1605417031382865E+000                  1.2358582964866809E+000                  1.6509275517085015E+001                  6.5340016861076300E-001                  3.4522468136172146E-001                  1.3751500275155371E-003                  3.4523557398653626E+000                  1.0034087893890518E-002                  6.3360940299103562E-045                                        0                 -9.8999999999999986E+001                 -9.9000000000000000E+001                 -9.9000000000000000E+001 
                                     773                  5.7139597419019594E-001                 -5.8248142067302167E-001                  7.1605417374554596E+000                  1.2358584227508480E+000                  1.6509275626745520E+001                  6.5340002043590839E-001                  3.4522482957905137E-001                  1.3751499850402915E-003                  3.4523565658044904E+000                  1.0034108022849051E-002                  6.3361309166724724E-045                                        0                 -9.8999999999999986E+001                 -9.9000000000000000E+001                 -9.9000000000000000E+001 
                                     774                  5.7139587485624077E-001                 -5.8248148651426157E-001                  7.1605418060898112E+000                  1.2358586752792211E+000                  1.6509275846066554E+001                  6.5339972408619884E-001                  3.4522512601371164E-001                  1.3751499000895784E-003                  3.4523582176834711E+000                  1.0034148280883949E-002                  6.3362046908332943E-045                                        0                 -9.8999999999999986E+001                 -9.9000000000000000E+001                 -9.9000000000000000E+001 
                                     775                  5.7139567618833054E-001                 -5.8248161819675826E-001                  7.1605419433585276E+000                  1.2358591803360555E+000                  1.6509276284708655E+001                  6.5339913138677641E-001                  3.4522571888303522E-001                  1.3751497301883742E-003                  3.4523615214430841E+000                  1.0034228797420025E-002                  6.3363522416936047E-045                                        0                 -9.8999999999999986E+001                 -9.9000000000000000E+001                 -9.9000000000000000E+001 
                                     776                  5.7139527885251062E-001                 -5.8248188156180569E-001                  7.1605422178960216E+000                  1.2358601904501496E+000                  1.6509277161993062E+001                  6.5339794598791978E-001                  3.4522690462169464E-001                  1.3751493903855216E-003                  3.4523681289699333E+000                  1.0034389832362630E-002                  6.3366473535772845E-045                                        0                 -9.8999999999999986E+001                 -9.9000000000000000E+001                 -9.9000000000000000E+001 
                                     777                  5.7139448418087080E-001                 -5.8248240829211173E-001                  7.1605427669712514E+000                  1.2358622106800201E+000                  1.6509278916562611E+001                  6.5339557519016034E-001                  3.4522927609905918E-001                  1.3751487107804827E-003                  3.4523813440538378E+000                  1.0034711909726898E-002                  6.3372376179955057E-045                                        0                 -9.8999999999999986E+001                 -9.9000000000000000E+001                 -9.9000000000000000E+001 
                                     778                  5.7139289483759159E-001                 -5.8248346175357102E-001                  7.1605438651226869E+000                  1.2358662511464595E+000                  1.6509282425704743E+001                  6.5339083359446226E-001                  3.4523401905396689E-001                  1.3751473515708490E-003                  3.4524077743431780E+000                  1.0035356094374320E-002                  6.3384183094588501E-045                                        0                 -9.8999999999999986E+001                 -9.9000000000000000E+001                 -9.9000000000000000E+001 
                                     779                  5.7138971615103284E-001                 -5.8248556867988721E-001                  7.1605460614294589E+000                  1.2358743321061503E+000                  1.6509289444001087E+001                  6.5338135040237555E-001                  3.4524350496447159E-001                  1.3751446331529138E-003                  3.4524606354078591E+000                  1.0036644583343048E-002                  6.3407803430284955E-045                                        0                 -9.8999999999999986E+001                 -9.9000000000000000E+001                 -9.9000000000000000E+001 
                                     780                  5.7138335877791591E-001                 -5.8248978254610340E-001                  7.1605504540586029E+000                  1.2358904941327420E+000                  1.6509303480642131E+001                  6.5336238401557278E-001                  3.4526247678810240E-001                  1.3751391963248150E-003                  3.4525663594818856E+000                  1.0039222040004962E-002                  6.3455070138395351E-045                                        0                 -9.8999999999999986E+001                 -9.9000000000000000E+001                 -9.9000000000000000E+001 
                                     781                  5.7137064403168292E-001                 -5.8249821033288063E-001                  7.1605592393792961E+000                  1.2359228186145579E+000                  1.6509331554117612E+001                  6.5332445123204719E-001                  3.4530042044525161E-001                  1.3751283227012578E-003                  3.4527778154135733E+000                  1.0044378868617162E-002                  6.3549707790063936E-045                                        0                 -9.8999999999999986E+001                 -9.9000000000000000E+001                 -9.9000000000000000E+001 
                                     782                  5.7134521453921638E-001                 -5.8251506612380677E-001                  7.1605768102703111E+000                  1.2359874692920065E+000                  1.6509387701842083E+001                  6.5324858562807253E-001                  3.4537630779633649E-001                  1.3751065755909231E-003                  3.4532007584351652E+000                  1.0054700190709106E-002                  6.3739400745700769E-045                                        0                 -9.8999999999999986E+001                 -9.9000000000000000E+001                 -9.9000000000000000E+001 
                                     783                  5.7129435555428409E-001                 -5.8254877857513243E-001                  7.1606119530509567E+000                  1.2361167774994894E+000                  1.6509500000384808E+001                  6.5309685428486253E-001                  3.4552808263318957E-001                  1.3750630819479026E-003                  3.4540467692365375E+000                  1.0075373526499547E-002                  6.4120462968683778E-045                                        0                 -9.8999999999999986E+001                 -9.9000000000000000E+001                 -9.9000000000000000E+001 
                                     784                  5.7119263758442007E-001                 -5.8261620695552174E-001                  7.1606822426075247E+000                  1.2363754213185794E+000                  1.6509724609842788E+001                  6.5279339111299139E-001                  3.4583163278991530E-001                  1.3749760970933611E-003                  3.4557392905772168E+000                  1.0116843231423686E-002                  6.4889338502974675E-045                                        0                 -9.8999999999999986E+001                 -9.9000000000000000E+001                 -9.9000000000000000E+001 
                                     785                  5.7098920164469191E-001                 -5.8275107762609468E-001                  7.1608228377082339E+000                  1.2368928185914154E+000                  1.6510173878228301E+001                  6.5218646307452566E-001                  3.4643873478784626E-001                  1.3748021376280839E-003                  3.4591263364823153E+000                  1.0200276952503896E-002                  6.6454463888347210E-045                                        0                 -9.8999999999999986E+001                 -9.9000000000000000E+001                 -9.9000000000000000E+001 
                                     786                  5.7058232976523582E-001                 -5.8302087459707008E-001                  7.1611040919116542E+000                  1.2379280521253631E+000                  1.6511072612712407E+001                  6.5097260131134127E-001                  3.4765294442668770E-001                  1.3744542619710254E-003                  3.4659084686943378E+000                  1.0369139290235285E-002                  6.9697222971834673E-045                                        0                 -9.8999999999999986E+001                 -9.9000000000000000E+001                 -9.9000000000000000E+001 
                                     787                  5.6976858600632441E-001                 -5.8356069098256247E-001                  7.1616668567380444E+000                  1.2400002810858022E+000                  1.6512870871207522E+001                  6.4854485698016207E-001                  3.5008138432327013E-001                  1.3737586965678616E-003                  3.4795050669938519E+000                  1.0714987201964541E-002                  7.6657953394768613E-045                                        0                 -9.8999999999999986E+001                 -9.9000000000000000E+001                 -9.9000000000000000E+001 
                                     788                  5.6814109848850125E-001                 -5.8464121289994453E-001                  7.1627934153286752E+000                  1.2441518306350294E+000                  1.6516470535626937E+001                  6.4368931033160837E-001                  3.5493832128883579E-001                  1.3723683795558994E-003                  3.5068290494746752E+000                  1.1440360898683184E-002                  9.2700140335136098E-045                                        0                 -9.8999999999999986E+001                 -9.9000000000000000E+001                 -9.9000000000000000E+001 
                                     789                  5.6488612345285572E-001                 -5.8680580796771109E-001                  7.1650481371874051E+000                  1.2557678680122168E+000                  1.6523682367540019E+001                  6.2465771636974510E-001                  3.7397477984555100E-001                  1.3675037847038496E-003                  3.4952063790909889E+000                  1.3165232353992893E-002                  1.4822585618206639E-044                                        0                 -9.8999999999999986E+001                 -9.9000000000000000E+001                 -9.9000000000000000E+001 
                                     790                  5.5837617338156453E-001                 -5.9111594145417912E-001                  7.1680733400875232E+000                  1.2629522245029112E+000                  1.6533393522210336E+001                  6.2319492584895242E-001                  3.7543770697607787E-001                  1.3673671749696581E-003                  3.6535605100800552E+000                  1.5349007819323308E-002                  2.1920448633129468E-044                                        0                 -9.8999999999999986E+001                 -9.9000000000000000E+001                 -9.9000000000000000E+001 
                                     791                  5.5184985673444931E-001                 -5.9549550541093821E-001                  7.1703616790621609E+000                  1.2721694592437118E+000                  1.6540751502701315E+001                  6.1149883103922997E-001                  3.8713580148561733E-001                  1.3653674751527012E-003                  3.6972411385397117E+000                  1.7355953528046648E-002                  3.2578107606163138E-044                                        0                 -9.8999999999999986E+001                 -9.9000000000000000E+001                 -9.9000000000000000E+001 
                                     792                  5.4858669841089192E-001                 -5.9768858817338999E-001                  7.1715070829109209E+000                  1.2773486897398445E+000                  1.6544436251054915E+001                  6.0412472212868917E-001                  3.9451070319646736E-001                  1.3645746748434107E-003                  3.7072163447485256E+000                  1.8399873053867567E-002                  4.0243799880395896E-044                                        0                 -9.8999999999999986E+001                 -9.9000000000000000E+001                 -9.9000000000000000E+001 
                                     793                  5.4695511924911366E-001                 -5.9878451719751746E-001                  7.1720797301852395E+000                  1.2806277553481857E+000                  1.6546280012350550E+001                  5.9855485092849192E-001                  4.0008099934518815E-001                  1.3641497263199298E-003                  3.6973720111847559E+000                  1.8918804536417616E-002                  4.5491820878540363E-044                                        0                 -9.8999999999999986E+001                 -9.9000000000000000E+001                 -9.9000000000000000E+001 
                                     794                  5.4613932966822432E-001                 -5.9933145563735257E-001                  7.1724610487141591E+000                  1.2844173981495315E+000                  1.6547509195672763E+001                  5.9044426600777022E-001                  4.0819209945339135E-001                  1.3636345388383653E-003                  3.6561817481123873E+000                  1.9234488957459928E-002                  5.1358515064527322E-044                                        0                 -9.8999999999999986E+001                 -9.9000000000000000E+001                 -9.9000000000000000E+001 
                                     795                  5.4532354008733475E-001                 -5.9987568950658188E-001                  7.1730315939394682E+000                  1.2967351227317452E+000                  1.6549355744778349E+001                  5.6044656199848619E-001                  4.3819162348204022E-001                  1.3618145194735920E-003                  3.4535626370115216E+000                  1.9552546722334231E-002                  7.1805253762251748E-044                                        0                 -9.8999999999999986E+001                 -9.9000000000000000E+001                 -9.9000000000000000E+001 
                                     796                  5.4368822039619835E-001                 -6.0094205855530225E-001                  7.1737892360876492E+000                  1.2986009244527221E+000                  1.6551824250963758E+001                  5.6001790746250557E-001                  4.3862026366721174E-001                  1.3618288702826886E-003                  3.4925260377039327E+000                  2.0311901775973879E-002                  7.9184158411907764E-044                                        0                 -9.8999999999999986E+001                 -9.9000000000000000E+001                 -9.9000000000000000E+001 
                                     797                  5.4205290070506174E-001                 -6.0201171858340430E-001                  7.1749274844897393E+000                  1.3013978370886878E+000                  1.6555526025788740E+001                  5.5937247939694812E-001                  4.3926567020290813E-001                  1.3618504001438048E-003                  3.5518667329772526E+000                  2.1507506891215368E-002                  9.1707866225644036E-044                                        0                 -9.8999999999999986E+001                 -9.9000000000000000E+001                 -9.9000000000000000E+001 
                                     798                  5.3878226132278906E-001                 -6.0416105473427206E-001                  7.1772122189995304E+000                  1.3069943705882645E+000                  1.6562936548641655E+001                  5.5807163828544715E-001                  4.4056651395633661E-001                  1.3618477582162392E-003                  3.6739928042283183E+000                  2.4118871818331403E-002                  1.2308814179730911E-043                                        0                 -9.8999999999999986E+001                 -9.9000000000000000E+001                 -9.9000000000000000E+001 
                                     799                  5.3224098255824370E-001                 -6.0850074843477731E-001                  7.1818102500888861E+000                  1.3266066310559186E+000                  1.6577808642175970E+001                  5.3325246022903672E-001                  4.6538622088244669E-001                  1.3613188885166494E-003                  3.7374292037611547E+000                  2.9823533289352066E-002                  2.6751595214400810E-043                                        0                 -9.8999999999999986E+001                 -9.9000000000000000E+001                 -9.9000000000000000E+001 
                                     800                  5.1913144324695881E-001                 -6.1719585215952499E-001                  7.1879793556117217E+000                  1.3598305213808819E+000                  1.6597965452782152E+001                  4.8394017676165096E-001                  5.1469890308086630E-001                  1.3609201574826812E-003                  3.6639682166424050E+000                  3.8755399399062085E-002                  8.4677146584813999E-043                                        0                 -9.8999999999999986E+001                 -9.9000000000000000E+001                 -9.9000000000000000E+001 
                                     801                  5.0599800452610610E-001                 -6.2576098677565950E-001                  7.1941795392893786E+000                  1.3812271833090120E+000                  1.6618291306346695E+001                  4.6577000154023113E-001                  5.3286915335020824E-001                  1.3608451095605822E-003                  3.8751591799003022E+000                  5.1833750822210048E-002                  2.0805799142022266E-042                                        0                 -9.8999999999999986E+001                 -9.9000000000000000E+001                 -9.9000000000000000E+001 
                                     802                  4.9284389549672930E-001                 -6.3442795399476715E-001                  7.1996547522246850E+000                  1.4041152016844207E+000                  1.6636268759504702E+001                  4.4037263900768492E-001                  5.5826659918425436E-001                  1.3607618080606620E-003                  3.9645575308752048E+000                  6.6091107414555789E-002                  4.9035090993252145E-042                                        0                 -9.8999999999999986E+001                 -9.9000000000000000E+001                 -9.9000000000000000E+001 
                                     803                  4.8296534831944204E-001                 -6.4093524854048345E-001                  7.2059130543100132E+000                  1.4358115193249001E+000                  1.6656746010154638E+001                  3.9911693670990039E-001                  5.9952241248613680E-001                  1.3606508039627485E-003                  3.9004794920103874E+000                  8.5320119408941214E-002                  1.4105256075952268E-041                                        0                 -9.8999999999999986E+001                 -9.9000000000000000E+001                 -9.9000000000000000E+001 
                                     804                  4.6648736069863100E-001                 -6.5164241384158583E-001                  7.2129978500477154E+000                  1.4629649487507179E+000                  1.6680111039055788E+001                  3.7422931266997023E-001                  6.2441010354487048E-001                  1.3605837851593527E-003                  4.0628967939624916E+000                  1.1675345960485983E-001                  3.9547910793342203E-041                                        0                 -9.8999999999999986E+001                 -9.9000000000000000E+001                 -9.9000000000000000E+001 
                                     805                  4.5329219480956229E-001                 -6.6025321735346454E-001                  7.2185418178322518E+000                  1.4858648984395579E+000                  1.6698347613673207E+001                  3.5138789655528746E-001                  6.4725157905196362E-001                  1.3605243927489186E-003                  4.1232681073774726E+000                  1.4777105662154658E-001                  9.0112154312375233E-041                                        0                 -9.8999999999999986E+001                 -9.9000000000000000E+001                 -9.9000000000000000E+001 
                                     806                  4.4339122044417589E-001                 -6.6671030479369264E-001                  7.2248726567848749E+000                  1.5144157917339749E+000                  1.6719041732022184E+001                  3.2055817681523024E-001                  6.7808137659117751E-001                  1.3604465935922461E-003                  4.0721264948376810E+000                  1.9041737289224078E-001                  2.3645697443607685E-040                                        0                 -9.8999999999999986E+001                 -9.9000000000000000E+001                 -9.9000000000000000E+001 
                                     807                  4.2688754598843304E-001                 -6.7740206109227752E-001                  7.2320224906275739E+000                  1.5436178978696153E+000                  1.6742547508979268E+001                  2.9357064499666125E-001                  7.0506897923955314E-001                  1.3603757637856706E-003                  4.0777856977138374E+000                  2.5530652956204913E-001                  6.6258200401450736E-040                                        0                 -9.8999999999999986E+001                 -9.9000000000000000E+001                 -9.9000000000000000E+001 
                                     808                  4.1368642761859786E-001                 -6.8594819100254800E-001                  7.2375939852216602E+000                  1.5670292111118751E+000                  1.6760810873866809E+001                  2.7160969197441603E-001                  7.2702999020237380E-001                  1.3603178232102220E-003                  4.0070483568363651E+000                  3.1801567928240299E-001                  1.4798295597526855E-039                                        0                 -9.8999999999999986E+001                 -9.9000000000000000E+001                 -9.9000000000000000E+001 
                                     809                  4.0379063136572152E-001                 -6.9234013697026420E-001                  7.2423743694839491E+000                  1.5844370928343248E+000                  1.6776389266504690E+001                  2.5828554178465279E-001                  7.4035417837295370E-001                  1.3602798423935081E-003                  4.0241188432562014E+000                  3.8751109055923705E-001                  2.8352351485379102E-039                                        0                 -9.8999999999999986E+001                 -9.9000000000000000E+001                 -9.9000000000000000E+001 
                                     810                  3.9390055401773938E-001                 -6.9875495059821102E-001                  7.2471637741296844E+000                  1.6051600273971602E+000                  1.6791933620331974E+001                  2.3860576935717157E-001                  7.6003400375049834E-001                  1.3602268923300631E-003                  3.8536870748160559E+000                  4.6216241101174549E-001                  5.6459151542716287E-039                                        0                 -9.8999999999999986E+001                 -9.9000000000000000E+001                 -9.9000000000000000E+001 
                                     811                  3.8401743306504721E-001                 -7.0514287751707716E-001                  7.2507608430591617E+000                  1.6213845651177778E+000                  1.6803609168808151E+001                  2.2288225192759950E-001                  7.7575756379369532E-001                  1.3601842787052121E-003                  3.6658311312291363E+000                  5.2355369149365194E-001                  9.5097274659343915E-039                                        0                 -9.8999999999999986E+001                 -9.9000000000000000E+001                 -9.9000000000000000E+001 
                                     812                  3.7907996953154377E-001                 -7.0832063117413613E-001                  7.2531546182721707E+000                  1.6321582934820165E+000                  1.6811342024532529E+001                  2.1257589896153445E-001                  7.8606394527326051E-001                  1.3601557652049845E-003                  3.5268524307749516E+000                  5.6756837359207690E-001                  1.3426662513958031E-038                                        0                 -9.8999999999999986E+001                 -9.9000000000000000E+001                 -9.9000000000000000E+001 
                                     813                  3.7414250599804039E-001                 -7.1148922130159065E-001                  7.2555464833118339E+000                  1.6433721502153980E+000                  1.6819055342755252E+001                  2.0157396533302407E-001                  7.9706590943934130E-001                  1.3601252276346232E-003                  3.3553127304985506E+000                  6.1219756262218794E-001                  1.9022381171125697E-038                                        0                 -9.8999999999999986E+001                 -9.9000000000000000E+001                 -9.9000000000000000E+001 
                                     814                  3.6921313779184145E-001                 -7.1464000598700050E-001                  7.2579366249308777E+000                  1.6532100153874554E+000                  1.6826747098968116E+001                  1.9320234433815889E-001                  8.0543755520000038E-001                  1.3601004618407631E-003                  3.2427253269668426E+000                  6.6509856125012123E-001                  2.6483029154130581E-038                                        0                 -9.8999999999999986E+001                 -9.9000000000000000E+001                 -9.9000000000000000E+001 
                                     815                  3.6428376958564246E-001                 -7.1778796443208825E-001                  7.2603278588050939E+000                  1.6612058169361932E+000                  1.6834417200131671E+001                  1.8820434027982788E-001                  8.1043557642634501E-001                  1.3600832938270857E-003                  3.2153917069019928E+000                  7.3106160468447212E-001                  3.6074510539889808E-038                                        0                 -9.8999999999999986E+001                 -9.9000000000000000E+001                 -9.9000000000000000E+001 
                                     816                  3.5936116455121481E-001                 -7.2094217102157243E-001                  7.2633143208478677E+000                  1.6744762367072483E+000                  1.6843953560864492E+001                  1.7599347136009641E-001                  8.2264649148090119E-001                  1.3600371590023475E-003                  2.9989854395561903E+000                  8.0093081925792364E-001                  5.5032937403678902E-038                                        0                 -9.8999999999999986E+001                 -9.9000000000000000E+001                 -9.9000000000000000E+001 
                                     817                  3.5198099780708975E-001                 -7.2565499099152908E-001                  7.2663026381716636E+000                  1.6868012057455968E+000                  1.6853490764544713E+001                  1.6562176671131132E-001                  8.3301821925730879E-001                  1.3600140313798637E-003                  2.8208728758583748E+000                  8.8089957339789959E-001                  8.2928095254572488E-038                                        0                 -9.8999999999999986E+001                 -9.9000000000000000E+001                 -9.9000000000000000E+001 
                                     818                  3.4706587438769537E-001                 -7.2878976486113434E-001                  7.2686902174771539E+000                  1.6955840664885449E+000                  1.6861073626742751E+001                  1.5923549863216466E-001                  8.3940448619955266E-001                  1.3600151682826578E-003                  2.7254927994772484E+000                  9.5666976742444809E-001                  1.1362546709991533E-037                                        0                 -9.8999999999999986E+001                 -9.9000000000000000E+001                 -9.9000000000000000E+001 
                                     819                  3.4215727904934840E-001                 -7.3192486173296667E-001                  7.2704794889002820E+000                  1.7049534635144763E+000                  1.6866750899732651E+001                  1.4960660137221868E-001                  8.4903345215378212E-001                  1.3599464739991740E-003                  2.5061545812264714E+000                  9.9111341582397150E-001                  1.4821744327408401E-037                                        0                 -9.8999999999999986E+001                 -9.9000000000000000E+001                 -9.9000000000000000E+001 
                                     820                  3.3970624542069910E-001                 -7.3348196818869327E-001                  7.2715697899332827E+000                  1.7114201680804964E+000                  1.6870205340207935E+001                  1.4248491079934505E-001                  8.5615521821320928E-001                  1.3598709874456105E-003                  2.3350114429446602E+000                  1.0035869002028339E+000                  1.7560636810213525E-037                                        0                 -9.8999999999999986E+001                 -9.9000000000000000E+001                 -9.9000000000000000E+001 
                                     821                  3.3766412207214097E-001                 -7.3477276179827045E-001                  7.2725607115562934E+000                  1.7139284681302718E+000                  1.6873339984810997E+001                  1.4184147321694798E-001                  8.5679861078992259E-001                  1.3599159931294569E-003                  2.3478559063056128E+000                  1.0479225399883516E+000                  1.9754598894076163E-037                                        0                 -9.8999999999999986E+001                 -9.9000000000000000E+001                 -9.9000000000000000E+001 
                                     822                  3.3562199872358289E-001                 -7.3606763426551847E-001                  7.2735529875732743E+000                  1.7164315086157749E+000                  1.6876470391602961E+001                  1.4119796566210091E-001                  8.5744207612656220E-001                  1.3599582113368314E-003                  2.3611876634101514E+000                  1.0941997834770711E+000                  2.2223262908606301E-037                                        0                 -9.8999999999999986E+001                 -9.9000000000000000E+001                 -9.9000000000000000E+001 
                                     823                  3.3357987537502476E-001                 -7.3736665110445376E-001                  7.2745466366940281E+000                  1.7189292905686577E+000                  1.6879596600264403E+001                  1.4055442488920786E-001                  8.5808557787308015E-001                  1.3599972377119629E-003                  2.3739576588365869E+000                  1.1425116725361977E+000                  2.5001136162723223E-037                                        0                 -9.8999999999999986E+001                 -9.9000000000000000E+001                 -9.9000000000000000E+001 
                                     824                  3.3153775202646668E-001                 -7.3866987896691749E-001                  7.2758368898297823E+000                  1.7255670807289225E+000                  1.6883646174197562E+001                  1.3390171914753704E-001                  8.6473833957040358E-001                  1.3599412820594070E-003                  2.2163987956053881E+000                  1.1673139457044308E+000                  3.0200678837671069E-037                                        0                 -9.8999999999999986E+001                 -9.9000000000000000E+001                 -9.9000000000000000E+001 
                                     825                  3.2827658012791605E-001                 -7.4074353810959492E-001                  7.2774232935987113E+000                  1.7323691027325123E+000                  1.6888620748099878E+001                  1.2809310409839461E-001                  8.7054704201285826E-001                  1.3598538887471534E-003                  2.0916610704342320E+000                  1.2129357896282360E+000                  3.7532509441173465E-037                                        0                 -9.8999999999999986E+001                 -9.9000000000000000E+001                 -9.9000000000000000E+001 
                                     826                  3.2501540822936564E-001                 -7.4281440482395433E-001                  7.2790076485340807E+000                  1.7402963098993156E+000                  1.6893579663240036E+001                  1.2043548462686290E-001                  8.7820469620649344E-001                  1.3598191666436277E-003                  1.9122544755265789E+000                  1.2423568496780639E+000                  4.7161209922275587E-037                                        0                 -9.8999999999999986E+001                 -9.9000000000000000E+001                 -9.9000000000000000E+001 
                                     827                  3.2175949056919739E-001                 -7.4487370642034012E-001                  7.2805885950837252E+000                  1.7493187159918020E+000                  1.6898522204184566E+001                  1.1104975892642764E-001                  8.8759040750756513E-001                  1.3598335660072181E-003                  1.6840601165986759E+000                  1.2541913307329515E+000                  5.9866010778053178E-037                                        0                 -9.8999999999999986E+001                 -9.9000000000000000E+001                 -9.9000000000000000E+001 
                                     828                  3.1850357290902942E-001                 -7.4691946882891291E-001                  7.2821680710281100E+000                  1.7534379874168633E+000                  1.6903446879055629E+001                  1.0975630380604748E-001                  8.8888388842879240E-001                  1.3598077651600926E-003                  1.6838186592782765E+000                  1.3455704170314930E+000                  7.2224899750138545E-037                                        2                  2.1233797114000237E+000                 -9.9000000000000000E+001                  2.1233797114000237E+000 
                                     829                  3.1525372726705453E-001                 -7.4897096690248754E-001                  7.2837490550167976E+000                  1.7575672626782657E+000                  1.6908353789963556E+001                  1.0841763289868846E-001                  8.9022260190289670E-001                  1.3597651984148529E-003                  1.6803209461455506E+000                  1.4570062977316884E+000                  8.7146075973996891E-037                                        2                  2.4138329928717308E+000                 -9.9000000000000000E+001                  2.4138329928717308E+000 
                                     830                  3.1200388162507953E-001                 -7.5103212253032836E-001                  7.2849369558318928E+000                  1.7605256126046407E+000                  1.6912027071199550E+001                  1.0762677408702315E-001                  8.9101351070948553E-001                  1.3597152034913185E-003                  1.6827007688921414E+000                  1.5637179770256240E+000                  1.0019737601039164E-036                                        2                  2.7045299640069875E+000                 -9.9000000000000000E+001                  2.7045299640069875E+000 
                                     831                  3.1038199481318868E-001                 -7.5206477384236159E-001                  7.2857283789488090E+000                  1.7624393642329201E+000                  1.6914466189920862E+001                  1.0718036847597558E-001                  8.9145995604556483E-001                  1.3596754784596099E-003                  1.6853425051063946E+000                  1.6448652295804493E+000                  1.0989319083735155E-036                                        2                  2.8497610644978160E+000                 -9.9000000000000000E+001                  2.8497610644978160E+000 
                                     832                  3.0876010800129788E-001                 -7.5310025486270993E-001                  7.2869162881276370E+000                  1.7652296495226958E+000                  1.6918114956963642E+001                  1.0662473624466161E-001                  8.9201565552650353E-001                  1.3596082288348521E-003                  1.6892448225958139E+000                  1.7815206748413126E+000                  1.2612490740687753E-036                                        2                  2.9950972489807919E+000                 -9.9000000000000000E+001                  2.9950972489807919E+000 
                                     833                  3.0551633437751596E-001                 -7.5518020146251397E-001                  7.2885046114728089E+000                  1.7687834647244456E+000                  1.6922974136516874E+001                  1.0613876729046937E-001                  8.9250172297920738E-001                  1.3595097303232828E-003                  1.6870548093740285E+000                  1.9910828209409459E+000                  1.5134792143530055E-036                                        2                  3.2861204060881395E+000                 -9.9000000000000000E+001                  3.2861204060881395E+000 
                                     834                  3.0227256075373410E-001                 -7.5727314570864690E-001                  7.2900953375368598E+000                  1.7722064606534595E+000                  1.6927816013086328E+001                  1.0583370632290601E-001                  8.9280687737404463E-001                  1.3594163030493656E-003                  1.6552880699361581E+000                  2.2193918678853293E+000                  1.8139733640376653E-036                                        2                  3.5776940297196300E+000                 -9.9000000000000000E+001                  3.5776940297196300E+000 
                                     835                  2.9903527879337177E-001                 -7.5937575192068829E-001                  7.2916886680031299E+000                  1.7755362052359926E+000                  1.6932640812857244E+001                  1.0564822524380189E-001                  8.9299243724291455E-001                  1.3593375132835428E-003                  1.5749961977810802E+000                  2.4572488596006559E+000                  2.1723961166985410E-036                                        2                  3.8693308348852975E+000                 -9.9000000000000000E+001                  3.8693308348852975E+000 
                                     836                  2.9579799683300911E-001                 -7.6149293212718761E-001                  7.2932827649391259E+000                  1.7787957391338900E+000                  1.6937442752206660E+001                  1.0553836995723817E-001                  8.9310235309485009E-001                  1.3592769479117139E-003                  1.4455884821303531E+000                  2.6990929792795275E+000                  2.5997373983391866E-036                                        2                  4.1616498033615503E+000                 -9.9000000000000000E+001                  4.1616498033615503E+000 
                                     837                  2.9257546907990978E-001                 -7.6361556127880581E-001                  7.2948777560620925E+000                  1.7820034402408493E+000                  1.6942222073152323E+001                  1.0547440803740010E-001                  8.9316635848294446E-001                  1.3592334796554972E-003                  1.2868770887128460E+000                  2.9437303373356949E+000                  3.1094870446196786E-036                                        2                  4.4533610347224952E+000                 -9.9000000000000000E+001                  4.4533610347224952E+000 
                                     838                  2.8935294132681022E-001                 -7.6575380732995335E-001                  7.2972751060909804E+000                  1.7867483081203164E+000                  1.6949354573969401E+001                  1.0541929268210101E-001                  8.9322151828703666E-001                  1.3591890308622956E-003                  1.0359820458924172E+000                  3.3249572684273772E+000                  4.0659650158213878E-036                                        2                  4.7458371319383685E+000                 -9.9000000000000000E+001                  4.7458371319383685E+000 
                                     839                  2.8290788582061205E-001                 -7.7007920523588080E-001                  7.2996876379101714E+000                  1.7914486261115221E+000                  1.6956481193398535E+001                  1.0540180096220306E-001                  8.9323902841042235E-001                  1.3591706273745618E-003                  8.7318643238863181E-001                  3.7196910523994871E+000                  5.3204068294081581E-036                                        2                  5.3332450003518508E+000                 -9.9000000000000000E+001                  5.3332450003518508E+000 
                                     840                  2.7970198240392447E-001                 -7.7225598680919116E-001                  7.3012941109822007E+000                  1.7945408894786934E+000                  1.6961192430515560E+001                  1.0539532826932901E-001                  8.9324550865626029E-001                  1.3591630744107519E-003                  7.9329502591627410E-001                  4.0003308093931906E+000                  6.3606134032471215E-036                                        2                  5.6267221195459953E+000                 -9.9000000000000000E+001                  5.6267221195459953E+000 
                                     841                  2.7649607898723694E-001                 -7.7445020098699879E-001                  7.3037095570174948E+000                  1.7991359559825284E+000                  1.6968225127867541E+001                  1.0538996597086396E-001                  8.9325087780784507E-001                  1.3591562212910135E-003                  7.1237371033251040E-001                  4.4539193765285514E+000                  8.3138605166311565E-036                                        2                  5.9211070276422513E+000                 -9.9000000000000000E+001                  5.9211070276422513E+000 
                                     842                  2.7008427215386149E-001                 -7.7889299909559262E-001                  7.3061415245659855E+000                  1.8037057250917718E+000                  1.6975253136980204E+001                  1.0538836928606811E-001                  8.9325247687572562E-001                  1.3591538382062840E-003                  6.9308436413400187E-001                  4.9527866954854849E+000                  1.0878136706935796E-035                                        2                  6.5127601654941119E+000                 -9.9000000000000000E+001                  6.5127601654941119E+000 
                                     843                  2.6689697019980885E-001                 -7.8112945943217504E-001                  7.3077607926498702E+000                  1.8067126589634639E+000                  1.6979898405539686E+001                  1.0538779376750956E-001                  8.9325305331313265E-001                  1.3591529193577312E-003                  6.9070914185639909E-001                  5.3133085592400748E+000                  1.3004433310348423E-035                                        2                  6.8083706416828456E+000                 -9.9000000000000000E+001                  6.8083706416828456E+000 
                                     844                  2.6370966824575626E-001                 -7.8338521749983436E-001                  7.3093859957215219E+000                  1.8097032542729108E+000                  1.6984534747609118E+001                  1.0538748323258959E-001                  8.9325336437591973E-001                  1.3591523914906478E-003                  6.9607820186445934E-001                  5.6999271697668705E+000                  1.5550897327959277E-035                                        2                  7.1050334948673983E+000                 -9.9000000000000000E+001                  7.1050334948673983E+000 
                                     845                  2.6052236629170361E-001                 -7.8566083312339940E-001                  7.3110173150155662E+000                  1.8126775055554076E+000                  1.6989162444264764E+001                  1.0538731661126652E-001                  8.9325353129767293E-001                  1.3591520910605226E-003                  7.0668775882389478E-001                  6.1149309494467117E+000                  1.8601749360337821E-035                                        2                  7.4027901010412718E+000                 -9.9000000000000000E+001                  7.4027901010412718E+000 
                                     846                  2.5733506433765096E-001                 -7.8795688702449340E-001                  7.3126496311766136E+000                  1.8156258616864795E+000                  1.6993766863341765E+001                  1.0538722797340797E-001                  8.9325362010454146E-001                  1.3591519220506054E-003                  7.2081752038837854E-001                  6.5592052773394665E+000                  2.2245464530210870E-035                                        2                  7.7016830902421001E+000                 -9.9000000000000000E+001                  7.7016830902421001E+000 
                                     847                  2.5416845664553572E-001                 -7.9025886840108062E-001                  7.3142830325874151E+000                  1.8185483698693685E+000                  1.6998348237921075E+001                  1.0538718086876418E-001                  8.9325366730389977E-001                  1.3591518273360359E-003                  7.3735998887630494E-001                  7.0349171245034654E+000                  2.6596384200196952E-035                                        2                  7.9998041924631043E+000                 -9.9000000000000000E+001                  7.9998041924631043E+000 
                                     848                  2.5100184895342026E-001                 -7.9258223226355373E-001                  7.3159230411735949E+000                  1.8214546917453045E+000                  1.7002921930804185E+001                  1.0538715587747895E-001                  8.9325369234806995E-001                  1.3591517744511172E-003                  7.5570279100512661E-001                  7.5460969786234120E+000                  3.1809624083330259E-035                                        2                  8.2991347722634767E+000                 -9.9000000000000000E+001                  8.2991347722634767E+000 
                                     849                  2.4783524126130493E-001                 -7.9492761617160168E-001                  7.3175698591337435E+000                  1.8243448259806256E+000                  1.7007488233365404E+001                  1.0538714268193647E-001                  8.9325370557295070E-001                  1.3591517451128077E-003                  7.7545070257469761E-001                  8.0955687432706451E+000                  3.8058982261725105E-035                                        2                  8.5997206520500811E+000                 -9.9000000000000000E+001                  8.5997206520500811E+000 
                                     850                  2.4466863356918941E-001                 -7.9729568264999984E-001                  7.3192177236027076E+000                  1.8272084655238123E+000                  1.7012031033208775E+001                  1.0538713577250786E-001                  8.9325371249849772E-001                  1.3591517289943678E-003                  7.9630163754283545E-001                  8.6841713657920145E+000                  4.5524488383848134E-035                                        2                  8.9016091052718878E+000                 -9.9000000000000000E+001                  8.9016091052718878E+000 
                                     851                  2.4152493836999148E-001                 -7.9966973104523131E-001                  7.3208667230742970E+000                  1.8300457139073703E+000                  1.7016550555783951E+001                  1.0538713215449527E-001                  8.9325371612535287E-001                  1.3591517201518855E-003                  8.1812486984924504E-001                  9.3146800933601970E+000                  5.4441045800139024E-035                                        2                  9.2026497882291380E+000                 -9.9000000000000000E+001                  9.2026497882291380E+000 
                                     852                  2.3838124317079351E-001                 -8.0206751455734138E-001                  7.3225230711605382E+000                  1.8328670887272271E+000                  1.7021063681961142E+001                  1.0538713026173072E-001                  8.9325371802295939E-001                  1.3591517153098698E-003                  8.4094586106383873E-001                  9.9926543405668031E+000                  6.5131825451513451E-035                                        2                  9.5050716220199831E+000                 -9.9000000000000000E+001                  9.5050716220199831E+000 
                                     853                  2.3523754797159555E-001                 -8.0448976218708279E-001                  7.3241869944432194E+000                  1.8356726464722006E+000                  1.7025570717205646E+001                  1.0538712927602403E-001                  8.9325371901130313E-001                  1.3591517126728681E-003                  8.6475684814646880E-001                  1.0721878079398776E+001                  7.7956874195466026E-035                                        2                  9.8089254884228296E+000                 -9.9000000000000000E+001                  9.8089254884228296E+000 
                                     854                  2.3209385277239761E-001                 -8.0693723261407513E-001                  7.3266788018409841E+000                  1.8398196332208934E+000                  1.7032269417353781E+001                  1.0538712851362023E-001                  8.9325371977583878E-001                  1.3591517105410178E-003                  9.0207095633617229E-001                  1.1911421284733034E+001                  1.0196505097788354E-034                                        2                  1.0114263947741829E+001                 -9.9000000000000000E+001                  1.0114263947741829E+001 
                                     855                  2.2585699674434370E-001                 -8.1187068907736193E-001                  7.3291928078084014E+000                  1.8439401048604540E+000                  1.7038968632647972E+001                  1.0538712830989359E-001                  8.9325371998018610E-001                  1.3591517099202921E-003                  9.4184084277044411E-001                  1.3241094175126410E+001                  1.3357503576305339E-034                                        2                  1.0724649626852226E+001                 -9.9000000000000000E+001                  1.0724649626852226E+001 
                                     856                  2.2273856873031653E-001                 -8.1437782168051376E-001                  7.3308756160544553E+000                  1.8466615722198387E+000                  1.7043418539569529E+001                  1.0538712824007081E-001                  8.9325372005023096E-001                  1.3591517096982475E-003                  9.6969431476598011E-001                  1.4210496111731176E+001                  1.5996357468041352E-034                                        2                  1.1032249033111585E+001                 -9.9000000000000000E+001                  1.1032249033111585E+001 
                                     857                  2.1962014071628932E-001                 -8.1691306283102982E-001                  7.3333953878066920E+000                  1.8506823728976132E+000                  1.7050030656438999E+001                  1.0538712818679376E-001                  8.9325372010368442E-001                  1.3591517095218331E-003                  1.0133614308779588E+000                  1.5792047200607982E+001                  2.0938960622971641E-034                                        2                  1.1341532845200625E+001                 -9.9000000000000000E+001                  1.1341532845200625E+001 
                                     858                  2.1343882642900269E-001                 -8.2202514165938523E-001                  7.3359393245734141E+000                  1.8546768338281279E+000                  1.7056644868255194E+001                  1.0538712817291332E-001                  8.9325372011761495E-001                  1.3591517094717620E-003                  1.0599841571013155E+000                  1.7561635425117959E+001                  2.7456570945102166E-034                                        2                  1.1959817993108516E+001                 -9.9000000000000000E+001                  1.1959817993108516E+001 
                                     859                  2.1034816928535927E-001                 -8.2462625693546865E-001                  7.3376429840226951E+000                  1.8573155523242220E+000                  1.7061039822662135E+001                  1.0538712816821671E-001                  8.9325372012232929E-001                  1.3591517094539984E-003                  1.0927204229829424E+000                  1.8852803064122185E+001                  3.2904885947039237E-034                                        2                  1.2271683355751589E+001                 -9.9000000000000000E+001                  1.2271683355751589E+001 
                                     860                  2.0725751214171609E-001                 -8.2725877395543224E-001                  7.3393478776480450E+000                  1.8599272412580576E+000                  1.7065410305948646E+001                  1.0538712816623527E-001                  8.9325372012431836E-001                  1.3591517094463379E-003                  1.1267645377873254E+000                  2.0236972199800572E+001                  3.9424850899836498E-034                                        1                  1.2661474083993603E+001                  1.2661474083993603E+001                 -9.9000000000000000E+001 
                                     861                  2.0419729286569757E-001                 -8.2989733903685103E-001                  7.3410498625348337E+000                  1.8625165532576036E+000                  1.7069756515262203E+001                  1.0538712816476786E-001                  8.9325372012579185E-001                  1.3591517094402317E-003                  1.1621229897452585E+000                  2.1717537713868094E+001                  4.7207252508936700E-034                                        1                  1.2806475147769143E+001                  1.2806475147769143E+001                 -9.9000000000000000E+001 
                                     862                  2.0113707358967933E-001                 -8.3256876619276476E-001                  7.3427508757337359E+000                  1.8651037979827192E+000                  1.7074100550836235E+001                  1.0538712816348567E-001                  8.9325372012707938E-001                  1.3591517094349026E-003                  1.1989473484919857E+000                  2.3303667484450845E+001                  5.6507121353651931E-034                                        1                  1.2881627537381114E+001                  1.2881627537381114E+001                 -9.9000000000000000E+001 
                                     863                  1.9807685431366104E-001                 -8.3527410135808799E-001                  7.3444510624607879E+000                  1.8676893609011784E+000                  1.7078442784439044E+001                  1.0538712816230535E-001                  8.9325372012826487E-001                  1.3591517094297956E-003                  1.2373146126506358E+000                  2.5002847507505532E+001                  6.7617934780873489E-034                                        1                  1.2933943707391075E+001                  1.2933943707391075E+001                 -9.9000000000000000E+001 
                                     864                  1.9501663503764277E-001                 -8.3801443761850480E-001                  7.3469794243483983E+000                  1.8715242840346948E+000                  1.7084891091474528E+001                  1.0538712816064463E-001                  8.9325372012993332E-001                  1.3591517094220240E-003                  1.2974010727964858E+000                  2.7756928742759850E+001                  8.8266879498792793E-034                                        1                  1.2974780129179544E+001                  1.2974780129179544E+001                 -9.9000000000000000E+001 
                                     865                  1.8896276576363438E-001                 -8.4354326799965751E-001                  7.3495020810690077E+000                  1.8753701148425763E+000                  1.7091345040442182E+001                  1.0538712815910378E-001                  8.9325372013148163E-001                  1.3591517094145855E-003                  1.3613092208874684E+000                  3.0803384293361198E+001                  1.1510869880189102E-033                                        1                  1.3037366804362465E+001                  1.3037366804362465E+001                 -9.9000000000000000E+001 
                                     866                  1.8593583112663020E-001                 -8.4636360311098169E-001                  7.3511820106298611E+000                  1.8779248772463637E+000                  1.7095636765118886E+001                  1.0538712815810022E-001                  8.9325372013249049E-001                  1.3591517094092564E-003                  1.4061562841326369E+000                  3.3011844038227693E+001                  1.3733258989906448E-033                                        1                  1.3063121773714801E+001                  1.3063121773714801E+001                 -9.9000000000000000E+001 
                                     867                  1.8290889648962602E-001                 -8.4922293960901418E-001                  7.3528518230157571E+000                  1.8804647538790653E+000                  1.7099903030264421E+001                  1.0538712815712041E-001                  8.9325372013347570E-001                  1.3591517094039274E-003                  1.4526717278849530E+000                  3.5361330253323011E+001                  1.6364132110529214E-033                                        1                  1.3086434121495301E+001                  1.3086434121495301E+001                 -9.9000000000000000E+001 
                                     868                  1.7991829209049898E-001                 -8.5208756097438365E-001                  7.3545116372807549E+000                  1.8829899266339019E+000                  1.7104143981496915E+001                  1.0538712815615964E-001                  8.9325372013444171E-001                  1.3591517093987093E-003                  1.5009211527887731E+000                  3.7859737023068668E+001                  1.9474906092058248E-033                                        1                  1.3107597269994869E+001                  1.3107597269994869E+001                 -9.9000000000000000E+001 
                                     869                  1.7692768769137171E-001                 -8.5499289982395155E-001                  7.3561717136881954E+000                  1.8855162400869008E+000                  1.7108385913214637E+001                  1.0538712815520876E-001                  8.9325372013539817E-001                  1.3591517093930472E-003                  1.5512875294024633E+000                  4.0532239938519332E+001                  2.3173496835792150E-033                                        1                  1.3127275642929190E+001                  1.3127275642929190E+001                 -9.9000000000000000E+001 
                                     870                  1.7393708329224489E-001                 -8.5794037040598259E-001                  7.3578322162638976E+000                  1.8880441026432728E+000                  1.7112629248052198E+001                  1.0538712815426521E-001                  8.9325372013634741E-001                  1.3591517093873851E-003                  1.6038844611373946E+000                  4.3391106736713091E+001                  2.7570962471966980E-033                                        1                  1.3145741855486989E+001                  1.3145741855486989E+001                 -9.9000000000000000E+001 
                                     871                  1.7094647889311831E-001                 -8.6093145868699195E-001                  7.3602995751454481E+000                  1.8917930734477235E+000                  1.7118925880113068E+001                  1.0538712815287003E-001                  8.9325372013775128E-001                  1.3591517093787253E-003                  1.6863427142099889E+000                  4.8008521589571622E+001                  3.5680258938380599E-033                                        1                  1.3163206013845304E+001                  1.3163206013845304E+001                 -9.9000000000000000E+001 
                                     872                  1.6504446385250135E-001                 -8.6696872579658546E-001                  7.3627630611531423E+000                  1.8955576278001367E+000                  1.7125231948677968E+001                  1.0538712815148905E-001                  8.9325372013914173E-001                  1.3591517093691774E-003                  1.7742739403164185E+000                  5.3103151916003128E+001                  4.6144508394531588E-033                                        1                  1.3195304630918521E+001                  1.3195304630918521E+001                 -9.9000000000000000E+001 
                                     873                  1.6209345633219241E-001                 -8.7005729854854075E-001                  7.3644049280851629E+000                  1.8980620948677747E+000                  1.7129428928133354E+001                  1.0538712815056905E-001                  8.9325372014006799E-001                  1.3591517093629601E-003                  1.8361291757692815E+000                  5.6789811609699782E+001                  5.4761093614451288E-033                                        1                  1.3210394933607152E+001                  1.3210394933607152E+001                 -9.9000000000000000E+001 
                                     874                  1.5914244881188327E-001                 -8.7319486048209993E-001                  7.3660360945856302E+000                  1.9005518831823949E+000                  1.7133598968450549E+001                  1.0538712814965547E-001                  8.9325372014098836E-001                  1.3591517093561878E-003                  1.9003288303521904E+000                  6.0701856089832511E+001                  6.4906017488095670E-033                                        1                  1.3224966591795296E+001                  1.3224966591795296E+001                 -9.9000000000000000E+001 
                                     875                  1.5623455196311806E-001                 -8.7633630715179778E-001                  7.3676566607421590E+000                  1.9030270437715615E+000                  1.7137742141644370E+001                  1.0538712814874730E-001                  8.9325372014190352E-001                  1.3591517093491934E-003                  1.9669582264074286E+000                  6.4851079584000246E+001                  7.6836617779085511E-033                                        1                  1.3238880080020248E+001                  1.3238880080020248E+001                 -9.9000000000000000E+001 
                                     876                  1.5332665511435284E-001                 -8.7952898751516240E-001                  7.3692788384889507E+000                  1.9055064070574459E+000                  1.7141889761878577E+001                  1.0538712814783702E-001                  8.9325372014282090E-001                  1.3591517093420880E-003                  2.0366379494218001E+000                  6.9284005851006285E+001                  9.0966102165976247E-033                                        1                  1.3252406338409433E+001                  1.3252406338409433E+001                 -9.9000000000000000E+001 
                                     877                  1.5041875826558759E-001                 -8.8277487630310847E-001                  7.3709028216358767E+000                  1.9079903650546004E+000                  1.7146042330129518E+001                  1.0538712814692386E-001                  8.9325372014374138E-001                  1.3591517093347605E-003                  2.1095346735795908E+000                  7.4020628310503213E+001                  1.0770424404139257E-032                                        1                  1.3265591838471449E+001                  1.3265591838471449E+001                 -9.9000000000000000E+001 
                                     878                  1.4751086141682215E-001                 -8.8607606217008039E-001                  7.3725157223168667E+000                  1.9104593656934348E+000                  1.7150166991315743E+001                  1.0538712814601460E-001                  8.9325372014465854E-001                  1.3591517093268779E-003                  2.1851980637479120E+000                  7.9040388777219988E+001                  1.2736552814023776E-032                                        1                  1.3278476708079310E+001                  1.3278476708079310E+001                 -9.9000000000000000E+001 
                                     879                  1.4464986714545514E-001                 -8.8938011366685732E-001                  7.3741176278333489E+000                  1.9129133712535724E+000                  1.7154263769683453E+001                  1.0538712814510867E-001                  8.9325372014557225E-001                  1.3591517093191063E-003                  2.2637236719382616E+000                  8.4357534943161511E+001                  1.5043432994555065E-032                                        1                  1.3290894427748022E+001                  1.3290894427748022E+001                 -9.9000000000000000E+001 
                                     880                  1.4178887287408812E-001                 -8.9274206539641499E-001                  7.3765217917699140E+000                  1.9165911763433123E+000                  1.7160404006651078E+001                  1.0538712814374294E-001                  8.9325372014695048E-001                  1.3591517093065608E-003                  2.3882095980552149E+000                  9.3003492311682919E+001                  1.9310458505477421E-032                                        1                  1.3303087834271887E+001                  1.3303087834271887E+001                 -9.9000000000000000E+001 
                                     881                  1.3606688433135389E-001                 -8.9964949223998469E-001                  7.3789241183514527E+000                  1.9202889238071787E+000                  1.7166558453248761E+001                  1.0538712814236915E-001                  8.9325372014833759E-001                  1.3591517092932381E-003                  2.5212439785328815E+000                  1.0251814887073441E+002                  2.4783897083619466E-032                                        1                  1.3326888935559332E+001                  1.3326888935559332E+001                 -9.9000000000000000E+001 
                                     882                  1.3325689973412741E-001                 -9.0313605256587226E-001                  7.3805079355936671E+000                  1.9227232038250237E+000                  1.7170610326653108E+001                  1.0538712814145836E-001                  8.9325372014925786E-001                  1.3591517092838012E-003                  2.6138938663514559E+000                  1.0930753784071855E+002                  2.9215132672026550E-032                                        1                  1.3338332722377007E+001                  1.3338332722377007E+001                 -9.9000000000000000E+001 
                                     883                  1.3044691513690113E-001                 -9.0668844497117007E-001                  7.3820948938238304E+000                  1.9251643133980090E+000                  1.7174670583189542E+001                  1.0538712814054116E-001                  8.9325372015018467E-001                  1.3591517092741423E-003                  2.7109193696972729E+000                  1.1655432929523967E+002                  3.4450628906945884E-032                                        1                  1.3349646764247060E+001                  1.3349646764247060E+001                 -9.9000000000000000E+001 
                                     884                  1.2763693053967509E-001                 -9.1030953752391941E-001                  7.3836852336154806E+000                  1.9276126111861729E+000                  1.7178739844850252E+001                  1.0538712813961711E-001                  8.9325372015111881E-001                  1.3591517092640393E-003                  2.8125648921624751E+000                  1.2429100724939741E+002                  4.0640339458681034E-032                                        1                  1.3360844647653394E+001                  1.3360844647653394E+001                 -9.9000000000000000E+001 
                                     885                  1.2482694594244928E-001                 -9.1400238856366345E-001                  7.3860426488028041E+000                  1.9312369931333071E+000                  1.7184764157839599E+001                  1.0538712813823846E-001                  8.9325372015251281E-001                  1.3591517092487182E-003                  2.9717672031149971E+000                  1.3669611058585787E+002                  5.1923858127252095E-032                                        1                  1.3371945006308589E+001                  1.3371945006308589E+001                 -9.9000000000000000E+001 
                                     886                  1.1931793045760185E-001                 -9.2146347509148263E-001                  7.3884001561245061E+000                  1.9348826987135113E+000                  1.7190806564952172E+001                  1.0538712813684617E-001                  8.9325372015392224E-001                  1.3591517092316208E-003                  3.1420144902665736E+000                  1.5032588752121472E+002                  6.6360897419754776E-032                                        1                  1.3393466938488887E+001                  1.3393466938488887E+001                 -9.9000000000000000E+001 
                                     887                  1.1656342271517756E-001                 -9.2531048951266170E-001                  7.3899746810722462E+000                  1.9373138684625175E+000                  1.7194836787150450E+001                  1.0538712813590972E-001                  8.9325372015487037E-001                  1.3591517092199634E-003                  3.2621497976361171E+000                  1.6016347355644413E+002                  7.8186405275194378E-032                                        1                  1.3404131540888871E+001                  1.3404131540888871E+001                 -9.9000000000000000E+001 
                                     888                  1.1380891497275351E-001                 -9.2924016900447626E-001                  7.3923066871242522E+000                  1.9409092910793784E+000                  1.7200798402723695E+001                  1.0538712813451273E-001                  8.9325372015628524E-001                  1.3591517092019778E-003                  3.4501448225137690E+000                  1.7590597406562779E+002                  9.9708298474321888E-032                                        1                  1.3414756581909616E+001                  1.3414756581909616E+001                 -9.9000000000000000E+001 
                                     889                  1.0842061778513085E-001                 -9.3718227727077419E-001                  7.3946399121170003E+000                  1.9445263378860926E+000                  1.7206780656139379E+001                  1.0538712813309946E-001                  8.9325372015771831E-001                  1.3591517091822158E-003                  3.6512473913993135E+000                  1.9318726447104581E+002                  1.2723956827652055E-031                                        1                  1.3435448889931983E+001                  1.3435448889931983E+001                 -9.9000000000000000E+001 
                                     890                  1.0572646919131952E-001                 -9.4128810354973425E-001                  7.3961992681482940E+000                  1.9469393693933954E+000                  1.7210773506693997E+001                  1.0538712813214772E-001                  8.9325372015868365E-001                  1.3591517091686711E-003                  3.7932349016097406E+000                  2.0565507616989316E+002                  1.4980108761648325E-031                                        1                  1.3445767335248934E+001                  1.3445767335248934E+001                 -9.9000000000000000E+001 
                                     891                  1.0303232059750841E-001                 -9.4549003031361167E-001                  7.3981156466574527E+000                  1.9499029241213881E+000                  1.7215677910909115E+001                  1.0538712813096968E-001                  8.9325372015987936E-001                  1.3591517091509075E-003                  3.9765677616890671E+000                  2.2206477232635169E+002                  1.8314964344102486E-031                                        1                  1.3456087966555518E+001                  1.3456087966555518E+001                 -9.9000000000000000E+001 
                                     892                  9.9125515468170083E-002                 -9.5176455831292295E-001                  7.4003976962038021E+000                  1.9534369407511247E+000                  1.7221522659792825E+001                  1.0538712812955316E-001                  8.9325372016131788E-001                  1.3591517091289251E-003                  4.2084118616301947E+000                  2.4329503231537478E+002                  2.3283592095663973E-031                                        1                  1.3471071307885245E+001                  1.3471071307885245E+001                 -9.9000000000000000E+001 
                                     893                  9.5218710338831558E-002                 -9.5826904500820709E-001                  7.4026936149165294E+000                  1.9569932093099824E+000                  1.7227403747826962E+001                  1.0538712812811322E-001                  8.9325372016278137E-001                  1.3591517091053884E-003                  4.4574450477855665E+000                  2.6666735336682052E+002                  2.9668505415328358E-031                                        1                  1.3486099571971282E+001                  1.3486099571971282E+001                 -9.9000000000000000E+001 
                                     894                  9.1311905209493227E-002                 -9.6502273582183462E-001                  7.4050046907092355E+000                  1.9605736674466991E+000                  1.7233324496005125E+001                  1.0538712812664841E-001                  8.9325372016427140E-001                  1.3591517090801863E-003                  4.7252304931730960E+000                  2.9242245877941838E+002                  3.7902644178012597E-031                                        1                  1.3501205773728600E+001                  1.3501205773728600E+001                 -9.9000000000000000E+001 
                                     895                  8.7405100080154674E-002                 -9.7204739101876148E-001                  7.4072877914955528E+000                  1.9641119683148072E+000                  1.7239174878668255E+001                  1.0538712812518573E-001                  8.9325372016576043E-001                  1.3591517090538741E-003                  5.0078194550918225E+000                  3.2026510239160353E+002                  4.8333343448771363E-031                                        1                  1.3516421170171885E+001                  1.3516421170171885E+001                 -9.9000000000000000E+001 
                                     896                  8.3648232953705534E-002                 -9.7908099773520829E-001                  7.4095428528841856E+000                  1.9676070317319099E+000                  1.7244953750425452E+001                  1.0538712812372569E-001                  8.9325372016724813E-001                  1.3591517090261185E-003                  5.3057636616006407E+000                  3.5032134084945511E+002                  6.1527504947207098E-031                                        1                  1.3531186110165775E+001                  1.3531186110165775E+001                 -9.9000000000000000E+001 
                                     897                  7.9891365827256380E-002                 -9.8641308900348201E-001                  7.4118161987263811E+000                  1.9711311371682083E+000                  1.7250780303826399E+001                  1.0538712812223808E-001                  8.9325372016876514E-001                  1.3591517089968086E-003                  5.6263842023068786E+000                  3.8342713313341397E+002                  7.8587749082804710E-031                                        1                  1.3546113549713365E+001                  1.3546113549713365E+001                 -9.9000000000000000E+001 
                                     898                  7.6134498700806796E-002                 -9.9407234423410695E-001                  7.4141095416685783E+000                  1.9746869625008112E+000                  1.7256658955631774E+001                  1.0538712812072115E-001                  8.9325372017031368E-001                  1.3591517089651672E-003                  5.9718737145666472E+000                  4.1993931237396168E+002                  1.0075570902087200E-030                                        1                  1.3561236392415545E+001                  1.3561236392415545E+001                 -9.9000000000000000E+001 
                                     899                  7.2377631574357421E-002                 -1.0020917812143424E+000                  7.4160053832104440E+000                  1.9776307526026964E+000                  1.7261523042452680E+001                  1.0538712811945411E-001                  8.9325372017160831E-001                  1.3591517089375227E-003                  6.2753576900417229E+000                  4.5269264008377172E+002                  1.2389837629963455E-030                                        1                  1.3576588326524918E+001                  1.3576588326524918E+001                 -9.9000000000000000E+001 
                                     900                  6.9984866924229547E-002                 -1.0074043355436271E+000                  7.4174895697837862E+000                  1.9799327315279913E+000                  1.7265328425003879E+001                  1.0538712811845477E-001                  8.9325372017262983E-001                  1.3591517089154292E-003                  6.5248097149598809E+000                  4.8007319850995907E+002                  1.4579791952941716E-030                                        1                  1.3586503783161936E+001                  1.3586503783161936E+001                 -9.9000000000000000E+001 
                                     901                  6.7592102274101687E-002                 -1.0128895865192682E+000                  7.4197292163530957E+000                  1.9833991775885789E+000                  1.7271063648270033E+001                  1.0538712811693506E-001                  8.9325372017418470E-001                  1.3591517088802352E-003                  6.9220366370272828E+000                  5.2449259203941847E+002                  1.8668172216448464E-030                                        1                  1.3596544972680267E+001                  1.3596544972680267E+001                 -9.9000000000000000E+001 
                                     902                  6.2806572973845717E-002                 -1.0244296727297315E+000                  7.4227032893906388E+000                  1.9880148094998364E+000                  1.7278692185639905E+001                  1.0538712811489066E-001                  8.9325372017627924E-001                  1.3591517088300531E-003                  7.4912950332273001E+000                  5.8979471728408032E+002                  2.6006629242464827E-030                                        1                  1.3617046245862529E+001                  1.3617046245862529E+001                 -9.9000000000000000E+001 
                                     903                  5.8209420047710667E-002                 -1.0363227715709604E+000                  7.4249260185901393E+000                  1.9914723160631267E+000                  1.7284401560400998E+001                  1.0538712811334364E-001                  8.9325372017786675E-001                  1.3591517087896410E-003                  7.9502398474284517E+000                  6.4377217025228879E+002                  3.3406717102974498E-030                                        1                  1.3637337267137083E+001                  1.3637337267137083E+001                 -9.9000000000000000E+001 
                                     904                  5.5910843584642912E-002                 -1.0426056629850848E+000                  7.4264195066345806E+000                  1.9937906068499016E+000                  1.7288233008417802E+001                  1.0538712811229643E-001                  8.9325372017894189E-001                  1.3591517087616634E-003                  8.2756520675413530E+000                  6.8273205018814338E+002                  3.9579232828570452E-030                                        1                  1.3647740214490646E+001                  1.3647740214490646E+001                 -9.9000000000000000E+001 
                                     905                  5.3612267121575380E-002                 -1.0491378886538174E+000                  7.4286105965002900E+000                  1.9971852905671801E+000                  1.7293847768955839E+001                  1.0538712811074888E-001                  8.9325372018053206E-001                  1.3591517087190308E-003                  8.7793517022048189E+000                  7.4410874354046098E+002                  5.0857185715200314E-030                                        1                  1.3658344418136071E+001                  1.3658344418136071E+001                 -9.9000000000000000E+001 
                                     906                  4.9223017941293835E-002                 -1.0623859877990864E+000                  7.4308131219423865E+000                  2.0006131777257696E+000                  1.7299507385619780E+001                  1.0538712810917689E-001                  8.9325372018214999E-001                  1.3591517086730676E-003                  9.3195957896892931E+000                  8.1129780675639029E+002                  6.5602605154008119E-030                                        1                  1.3679211008495809E+001                  1.3679211008495809E+001                 -9.9000000000000000E+001 
                                     907                  4.7028393351153275E-002                 -1.0694370249285956E+000                  7.4322957440645192E+000                  2.0029158629041364E+000                  1.7303312442540751E+001                  1.0538712810811152E-001                  8.9325372018324722E-001                  1.3591517086413152E-003                  9.7032779533505629E+000                  8.5984011903296198E+002                  7.7977780326811890E-030                                        1                  1.3689981552149256E+001                  1.3689981552149256E+001                 -9.9000000000000000E+001 
                                     908                  4.4833768761012506E-002                 -1.0768089474094664E+000                  7.4340770936134026E+000                  2.0056805615527700E+000                  1.7307882304835744E+001                  1.0538712810682370E-001                  8.9325372018457483E-001                  1.3591517086014582E-003                  1.0186834190157857E+001                  9.2194708958625517E+002                  9.6122401223735453E-030                                        1                  1.3701015564273682E+001                  1.3701015564273682E+001                 -9.9000000000000000E+001 
                                     909                  4.1811794143470658E-002                 -1.0875452917066073E+000                  7.4361763120433908E+000                  2.0089420236594768E+000                  1.7313271144352218E+001                  1.0538712810529496E-001                  8.9325372018615246E-001                  1.3591517085526084E-003                  1.0790200238399491E+001                  1.0008239315666960E+003                  1.2327503412919555E-029                                        1                  1.3716686990655655E+001                  1.3716686990655655E+001                 -9.9000000000000000E+001 
                                     910                  3.8789819525928596E-002                 -1.0990518248680059E+000                  7.4383142787074350E+000                  2.0122643600793446E+000                  1.7318760245873634E+001                  1.0538712810372679E-001                  8.9325372018777305E-001                  1.3591517085002058E-003                  1.1444241874075651E+001                  1.0879733441572530E+003                  1.5922855163554652E-029                                        1                  1.3732985135424695E+001                  1.3732985135424695E+001                 -9.9000000000000000E+001 
                                     911                  3.5767844908386533E-002                 -1.1114530719162901E+000                  7.4404958576297364E+000                  2.0156551734866039E+000                  1.7324362149633533E+001                  1.0538712810211590E-001                  8.9325372018943960E-001                  1.3591517084444726E-003                  1.2155512774532811E+001                  1.1845881796541378E+003                  2.0729268112769284E-029                                        1                  1.3750013968731368E+001                  1.3750013968731368E+001                 -9.9000000000000000E+001 
                                     912                  3.2745870290844692E-002                 -1.1249065035876831E+000                  7.4426184445816919E+000                  2.0189560736295484E+000                  1.7329814468264345E+001                  1.0538712810053943E-001                  8.9325372019107296E-001                  1.3591517083876292E-003                  1.2893003012436772E+001                  1.2866754804352665E+003                  2.6863436117555553E-029                                        1                  1.3767900925717935E+001                  1.3767900925717935E+001                 -9.9000000000000000E+001 
                                     913                  3.0018533206737735E-002                 -1.1381189916920784E+000                  7.4446779107453338E+000                  2.0221583960223346E+000                  1.7335104352102977E+001                  1.0538712809900262E-001                  8.9325372019266758E-001                  1.3591517083297866E-003                  1.3654210170803461E+001                  1.3939759818388557E+003                  3.4627637605558549E-029                                        1                  1.3784914277646170E+001                  1.3784914277646170E+001                 -9.9000000000000000E+001 
                                     914                  2.7291196122630992E-002                 -1.1525472669564254E+000                  7.4467898412170177E+000                  2.0254429689282696E+000                  1.7340529786802581E+001                  1.0538712809742089E-001                  8.9325372019431071E-001                  1.3591517082683913E-003                  1.4484625948209933E+001                  1.5131433967119174E+003                  4.5032794778939457E-029                                        1                  1.3802913851222922E+001                  1.3802913851222922E+001                 -9.9000000000000000E+001 
                                     915                  2.4563859038524479E-002                 -1.1684467484648620E+000                  7.4489624522008189E+000                  2.0288226304209780E+000                  1.7346111949989538E+001                  1.0538712809578980E-001                  8.9325372019600768E-001                  1.3591517082025550E-003                  1.5395064609430442E+001                  1.6461832386493134E+003                  5.9152981203816903E-029                                        1                  1.3822099853865483E+001                  1.3822099853865483E+001                 -9.9000000000000000E+001 
                                     916                  2.1836521954417962E-002                 -1.1861631015553344E+000                  7.4507927896016888E+000                  2.0316740179060830E+000                  1.7350818942679574E+001                  1.0538712809441519E-001                  8.9325372019743976E-001                  1.3591517081450455E-003                  1.6209268289090151E+001                  1.7671555638488860E+003                  7.4572518015310846E-029                                        1                  1.3842738897667253E+001                  1.3842738897667253E+001                 -9.9000000000000000E+001 
                                     917                  2.0116509742825466E-002                 -1.1984801233264075E+000                  7.4522405553573297E+000                  2.0339269156755098E+000                  1.7354539671330961E+001                  1.0538712809332804E-001                  8.9325372019857352E-001                  1.3591517080984161E-003                  1.6885418488391661E+001                  1.8689849269773215E+003                  8.9670706044735449E-029                                        1                  1.3856659246461106E+001                  1.3856659246461106E+001                 -9.9000000000000000E+001 
                                     918                  1.8396497531232972E-002                 -1.2118704125317941E+000                  7.4537252186111269E+000                  2.0362375698554569E+000                  1.7358355626459517E+001                  1.0538712809221498E-001                  8.9325372019973581E-001                  1.3591517080492332E-003                  1.7609851539167963E+001                  1.9793994730877680E+003                  1.0844435192539107E-028                                        1                  1.3871427640152309E+001                  1.3871427640152309E+001                 -9.9000000000000000E+001 
                                     919                  1.6676485319640701E-002                 -1.2265442745284600E+000                  7.4552519947240308E+000                  2.0386141265895050E+000                  1.7362280247406503E+001                  1.0538712809107371E-001                  8.9325372020092864E-001                  1.3591517079976079E-003                  1.8389165785059554E+001                  2.0996331542129992E+003                  1.3199421978250331E-028                                        1                  1.3887201735973489E+001                  1.3887201735973489E+001                 -9.9000000000000000E+001 
                                     920                  1.4956473108048648E-002                 -1.2427807468593719E+000                  7.4566986394038963E+000                  2.0408671765656954E+000                  1.7366000170105078E+001                  1.0538712808999742E-001                  8.9325372020205496E-001                  1.3591517079476478E-003                  1.9161248755262950E+001                  2.2201741961360885E+003                  1.5915765382801500E-028                                        1                  1.3904190617137015E+001                  1.3904190617137015E+001                 -9.9000000000000000E+001 
                                     921                  1.3518215086648300E-002                 -1.2578296205059265E+000                  7.4580554543187629E+000                  2.0429797859520971E+000                  1.7369488624521665E+001                  1.0538712808895906E-001                  8.9325372020314242E-001                  1.3591517078985760E-003                  1.9916450220229976E+001                  2.3393970615244102E+003                  1.8984127512208820E-028                                        1                  1.3904982314805427E+001                  1.3904982314805427E+001                 -9.9000000000000000E+001 
                                     922                  1.2079957065247950E-002                 -1.2745399346893458E+000                  7.4601575761244812E+000                  2.0462464628408608E+000                  1.7374887042930844E+001                  1.0538712808729615E-001                  8.9325372020488603E-001                  1.3591517078178628E-003                  2.1148684144515926E+001                  2.5366061250931375E+003                  2.4980769008838927E-028                                        1                  1.3904402528606042E+001                  1.3904402528606042E+001                 -9.9000000000000000E+001 
                                     923                  9.2034410224472556E-003                 -1.3148183274399232E+000                  7.4623497709493947E+000                  2.0496701250858607E+000                  1.7380533851511508E+001                  1.0538712808543438E-001                  8.9325372020684235E-001                  1.3591517077232718E-003                  2.2520392881836351E+001                  2.7597806961774363E+003                  3.3319201048393740E-028                                        1                  1.3901585386134959E+001                  1.3901585386134959E+001                 -9.9000000000000000E+001 
                                     924                  7.9397787491766493E-003                 -1.3366217651842600E+000                  7.4637480833410654E+000                  2.0518486113180896E+000                  1.7384130492144283E+001                  1.0538712808420157E-001                  8.9325372020813942E-001                  1.3591517076589898E-003                  2.3443637443508475E+001                  2.9120651229813179E+003                  4.0071002709603265E-028                                        1                  1.3899247642083694E+001                  1.3899247642083694E+001                 -9.9000000000000000E+001 
                                     925                  6.6761164759060448E-003                 -1.3621609979774885E+000                  7.4654248499511722E+000                  2.0544597178892983E+000                  1.7388442241847606E+001                  1.0538712808266187E-001                  8.9325372020976102E-001                  1.3591517075770554E-003                  2.4603322490117080E+001                  3.1055850775103090E+003                  5.0033179276556319E-028                                        1                  1.3895913622289365E+001                  1.3895913622289365E+001                 -9.9000000000000000E+001 
                                     926                  5.0656923915088446E-003                 -1.4027318169865990E+000                  7.4674728312784584E+000                  2.0576515032137652E+000                  1.7393711274568901E+001                  1.0538712808066564E-001                  8.9325372021186689E-001                  1.3591517074674764E-003                  2.6102065859134473E+001                  3.3591784663179919E+003                  6.5689190815370940E-028                                        1                  1.3889482984320749E+001                  1.3889482984320749E+001                 -9.9000000000000000E+001 
                                     927                  3.4552683071116443E-003                 -1.4587957891209311E+000                  7.4698741108918050E+000                  2.0613937571629597E+000                  1.7399889286960523E+001                  1.0538712807814164E-001                  8.9325372021453409E-001                  1.3591517073242576E-003                  2.7982024931996392E+001                  3.6825217885462484E+003                  9.0508765448613739E-028                                        1                  1.3878686618901307E+001                  1.3878686618901307E+001                 -9.9000000000000000E+001 
                                     928                  1.7182446796426378E-003                 -1.5608185894594631E+000                  7.4721270083094167E+000                  2.0649159712754943E+000                  1.7405696855042038E+001                  1.0538712807547181E-001                  8.9325372021736216E-001                  1.3591517071660508E-003                  2.9875695510810406E+001                  4.0137098485001234E+003                  1.2240158356122372E-027                                        1                  1.3855065094496139E+001                  1.3855065094496139E+001                 -9.9000000000000000E+001 
                                     929                  9.4825136838208623E-004                 -1.6473549585502822E+000                  7.4734718351097849E+000                  2.0670154114236499E+000                  1.7409160585885878E+001                  1.0538712807372735E-001                  8.9325372021921268E-001                  1.3591517070599135E-003                  3.1069312298877477E+001                  4.2251503877868117E+003                  1.4663116370724813E-027                                        1                  1.3831824888568805E+001                  1.3831824888568805E+001                 -9.9000000000000000E+001 
                                     930                  4.8412660331378471E-004                 -1.7450366433273843E+000                  7.4744176932380162E+000                  2.0684921048622726E+000                  1.7411596860349441E+001                  1.0538712807238144E-001                  8.9325372022064176E-001                  1.3591517069767578E-003                  3.1938600517389649E+001                  4.3803833837100938E+003                  1.6652147777605622E-027                                        1                  1.3803451260104433E+001                  1.3803451260104433E+001                 -9.9000000000000000E+001 
                                     931                  2.5206422077952290E-004                 -1.8397430152715286E+000                  7.4750041989260660E+000                  2.0694075058070451E+000                  1.7413107291586996E+001                  1.0538712807147399E-001                  8.9325372022160587E-001                  1.3591517069201364E-003                  3.2490331507173806E+001                  4.4794383937528128E+003                  1.8019961435104030E-027                                        1                  1.3774481960451368E+001                  1.3774481960451368E+001                 -9.9000000000000000E+001 
                                     932                  1.3603302951239199E-004                 -1.9291697236446881E+000                  7.4753638731859544E+000                  2.0699687724474263E+000                  1.7414033466037562E+001                  1.0538712807087383E-001                  8.9325372022224359E-001                  1.3591517068826109E-003                  3.2833585349557239E+001                  4.5412682462336179E+003                  1.8914210411369329E-027                                        1                  1.3746272228705671E+001                  1.3746272228705671E+001                 -9.9000000000000000E+001 
                                     933                  7.8017433878826525E-005                 -2.0097373166464565E+000                  7.4755801373203132E+000                  2.0703062103448744E+000                  1.7414590317037554E+001                  1.0538712807048838E-001                  8.9325372022265337E-001                  1.3591517068582970E-003                  3.3041792740708068E+001                  4.5788477214937529E+003                  1.9473285735379885E-027                                        1                  1.3720383102442943E+001                  1.3720383102442943E+001                 -9.9000000000000000E+001 
                                     934                  4.9009636062154828E-005                 -2.0770897989529176E+000                  7.4757063293293253E+000                  2.0705030937342910E+000                  1.7414915230638027E+001                  1.0538712807025095E-001                  8.9325372022290583E-001                  1.3591517068431980E-003                  3.3163918137225068E+001                  4.6009165368876511E+003                  1.9807167972729272E-027                                        1                  1.3698500811989218E+001                  1.3698500811989218E+001                 -9.9000000000000000E+001 
                                     935                  3.4505737153818986E-005                 -2.1279144227418123E+000                  7.4758008648286225E+000                  2.0706505696756672E+000                  1.7415158619562760E+001                  1.0538712807006576E-001                  8.9325372022310290E-001                  1.3591517068313186E-003                  3.3255714101243427E+001                  4.6175174406956230E+003                  2.0061063338230540E-027                                        1                  1.3681881880095947E+001                  1.3681881880095947E+001                 -9.9000000000000000E+001 
                                     936                  2.0001838245431089E-005                 -2.2068876009673213E+000                  7.4758966152469206E+000                  2.0707999504891319E+000                  1.7415405146222305E+001                  1.0538712806986615E-001                  8.9325372022331528E-001                  1.3591517068185510E-003                  3.3348960286309939E+001                  4.6343918043690601E+003                  2.0321564127106846E-027                                        1                  1.3655936488385121E+001                  1.3655936488385121E+001                 -9.9000000000000000E+001 
                                     937                  1.0000919115260137E-005                 -2.3072589564603794E+000                  7.4759704479927960E+000                  2.0709151409333466E+000                  1.7415595245601331E+001                  1.0538712806969965E-001                  8.9325372022349214E-001                  1.3591517068082259E-003                  3.3421047965693141E+001                  4.6474449664318508E+003                  2.0524759284581861E-027                                        1                  1.3622804758790172E+001                  1.3622804758790172E+001                 -9.9000000000000000E+001 
                                     938                  5.0004595499526117E-006                 -2.4076199354773826E+000                  7.4760169512474475E+000                  2.0709876916040160E+000                  1.7415714977455714E+001                  1.0538712806958629E-001                  8.9325372022361282E-001                  1.3591517068008985E-003                  3.3466534984774803E+001                  4.6556849699397635E+003                  2.0653789386436469E-027                                        1                  1.3589555982646226E+001                  1.3589555982646226E+001                 -9.9000000000000000E+001 
                                     939                  2.5002297674098736E-006                 -2.5079743767616027E+000                  7.4760462431037480E+000                  2.0710333898038549E+000                  1.7415790394569576E+001                  1.0538712806950916E-001                  8.9325372022369487E-001                  1.3591517067960135E-003                  3.3495219533513584E+001                  4.6608826140504643E+003                  2.0735482674153949E-027                                        1                  1.3556233456068313E+001                  1.3556233456068313E+001                 -9.9000000000000000E+001 
                                     940                  1.2501148761385044E-006                 -2.6083246941933544E+000                  7.4760646944821669E+000                  2.0710621755377807E+000                  1.7415837900707114E+001                  1.0538712806945663E-001                  8.9325372022375082E-001                  1.3591517067925718E-003                  3.3513301302507536E+001                  4.6641596125352444E+003                  2.0787109361291052E-027                                        1                  1.3522864387517203E+001                  1.3522864387517203E+001                 -9.9000000000000000E+001 
                                     941                  6.2505743055833067E-007                 -2.7086724017065493E+000                  7.4760763175898202E+000                  2.0710803084859655E+000                  1.7415867826236500E+001                  1.0538712806942091E-001                  8.9325372022378868E-001                  1.3591517067903514E-003                  3.3524696660993570E+001                  4.6662250591566280E+003                  2.0819697042138236E-027                                        1                  1.3489465816622495E+001                  1.3489465816622495E+001                 -9.9000000000000000E+001 
                                     942                  3.1252870776824382E-007                 -2.8090184404472445E+000                  7.4760836394741244E+000                  2.0710917311538242E+000                  1.7415886677549363E+001                  1.0538712806939658E-001                  8.9325372022381466E-001                  1.3591517067887970E-003                  3.3531877052547493E+001                  4.6675266320188648E+003                  2.0840251785629593E-027                                        1                  1.3456048409803710E+001                  1.3456048409803710E+001                 -9.9000000000000000E+001 
                                     943                  1.5626434613337949E-007                 -2.9093633786740738E+000                  7.4760897893410965E+000                  2.0711013253249146E+000                  1.7415902511260665E+001                  1.0538712806937450E-001                  8.9325372022383798E-001                  1.3591517067874648E-003                  3.3537909222762366E+001                  4.6686201366334381E+003                  2.0857532099902587E-027                                        1                  1.3422618069703981E+001                  1.3422618069703981E+001                 -9.9000000000000000E+001 
