 reading user weak rate file /home/njm/MESA/mesa/data/rates_data/rate_tables/S13_r_be7_wk_li7.h5
 version_number 6494df2
 read inlist_project
 Extras startup routine
 DEBUG: colors_handle =            1
 DEBUG: colors instrument = /colors/data/filters/GAIA/GAIA
 DEBUG: colors vega_sed = /colors/data/stellar_models/vega_flam.csv
 DEBUG: colors stellar_atm = /colors/data/stellar_models/Kurucz2003all/
 DEBUG: colors metallicity =    2.0000000000000000E-002
 DEBUG: colors distance =    3.0857000000000000E+017
 DEBUG: colors make_csv =  F
 DEBUG: colors use_colors =  T


 The terminal output contains the following information

      'step' is the number of steps since the start of the run,
      'lg_dt' is log10 timestep in years,
      'age_yr' is the simulated years since the start run,
      'lg_Tcntr' is log10 center temperature (K),
      'lg_Dcntr' is log10 center density (g/cm^3),
      'lg_Tmax' is log10 max temperature (K),
      'Teff' is the surface temperature (K),
      'lg_R' is log10 surface radius (Rsun),
      'lg_L' is log10 surface luminosity (Lsun),
      'lg_LH' is log10 total PP and CNO hydrogen burning power (Lsun),
      'lg_L3a' is log10 total triple-alpha helium burning power (Lsun),
      'lg_gsurf' is log10 surface gravity,
      'lg_Lnuc' is log10 nuclear power (Lsun),
      'lg_Lneu' is log10 total neutrino power (Lsun),
      'lg_Lphoto' is log10 total photodisintegration (Lsun),
      'Mass' is the total stellar baryonic mass (Msun),
      'lg_Mdot' is log10 magnitude of rate of change of mass (Msun/year),
      'lg_Dsurf' is log10 surface density (g/cm^3),
      'H_env' is the amount of mass where H is dominant,
      'He_core' is the largest mass where He is dominant.
      'CO_core' is the largest mass where CO is dominant.
      'H_cntr' is the center H1 mass fraction,
      'He_cntr' is the center He4 mass fraction,
      'C_cntr' is the center C12 mass fraction,
      'N_cntr' is the center N14 mass fraction,
      'O_cntr' is the center O16 mass fraction,
      'Ne_cntr' is the center Ne20 mass fraction,
      'gam_cntr' is the center plasma interaction parameter,
      'eta_cntr' is the center electron degeneracy parameter,
      'zones' is the number of zones in the current model,
      'iters' is the number of solver iterations for the current step,
      'retry' is the number of step retries required during the run,
      'dt_limit' is an indication of what limited the timestep.

 All this and more are saved in the LOGS directory during the run.
 create pre-main-sequence model
                                          species  mass           8    5.0000000000000000D+00

                                        relax_num_steps         100

          1   5.480115   4490.747 -21.399608 -21.399608   5.000000   5.000000   0.755800   0.000071   0.242800 -10.999519   1339      0
-5.0000E+00   5.480115   2.098707 -99.000000 -22.797476 -99.000000   0.000000   0.242800   0.000657   0.001400   0.024736      4
 1.0000E-05  -4.593050   3.761382 -99.000000 -99.000000  -8.054323   0.000000   0.000241   0.000146   0.001400  0.000E+00    initial dt

          2   5.478505   4537.473 -21.399773 -21.399773   5.000000   5.000000   0.755800   0.000071   0.242800 -10.995527    719      0
-5.0000E+00   5.478505   2.098838 -99.000000 -22.797641 -99.000000   0.000000   0.242800   0.000657   0.001400   0.024815      3
 2.0000E-05  -4.593732   3.779627 -99.000000 -99.000000  -8.082888   0.000000   0.000241   0.000146   0.001400  0.000E+00        max_dt

          3   5.478246   4552.610 -21.399766 -21.399766   5.000000   5.000000   0.755800   0.000071   0.242800 -10.993849    458      0
-5.0000E+00   5.478246   2.098880 -99.000000 -22.797634 -99.000000   0.000000   0.242800   0.000657   0.001400   0.024836      3
 3.0000E-05  -4.593392   3.785496 -99.000000 -99.000000  -8.092974   0.000000   0.000241   0.000146   0.001400  0.000E+00        max_dt

          4   5.478085   4557.908 -21.399772 -21.399772   5.000000   5.000000   0.755800   0.000071   0.242800 -10.992806    459      0
-5.0000E+00   5.478085   2.098889 -99.000000 -22.797640 -99.000000   0.000000   0.242800   0.000657   0.001400   0.024849      3
 4.0000E-05  -4.593181   3.787533 -99.000000 -99.000000  -8.096567   0.000000   0.000241   0.000146   0.001400  0.000E+00        max_dt

          5   5.477970   4558.582 -21.399774 -21.399774   5.000000   5.000000   0.755800   0.000071   0.242800 -10.992072    476      0
-5.0000E+00   5.477970   2.098879 -99.000000 -22.797642 -99.000000   0.000000   0.242800   0.000657   0.001400   0.024858      3
 5.0000E-05  -4.593034   3.787770 -37.327719 -99.000000  -8.097013   0.000000   0.000241   0.000146   0.001400  0.000E+00        max_dt

          6   5.477959   4556.744 -21.399842 -21.399842   5.000000   5.000000   0.755800   0.000071   0.242800 -10.991499    455      0
-5.0000E+00   5.477930   2.098859 -99.000000 -22.797710 -99.000000   0.000000   0.242800   0.000657   0.001400   0.024864      3
 6.0000E-05  -4.592846   3.787030 -99.000000 -99.000000  -8.095740   0.000000   0.000241   0.000146   0.001400  0.000E+00        max_dt

          7   5.478006   4553.492 -21.400116 -21.400116   5.000000   5.000000   0.755800   0.000071   0.242800 -10.991039    476      0
-5.0000E+00   5.477904   2.098833 -99.000000 -22.797984 -99.000000   0.000000   0.242800   0.000657   0.001400   0.024869      3
 7.0000E-05  -4.592684   3.785738 -99.000000 -99.000000  -8.093509   0.000000   0.000241   0.000146   0.001400  0.000E+00        max_dt

          8   5.478006   4549.435 -21.400115 -21.400115   5.000000   5.000000   0.755800   0.000071   0.242800 -10.990668    460      0
-5.0000E+00   5.477844   2.098805 -99.000000 -22.797983 -99.000000   0.000000   0.242800   0.000657   0.001400   0.024874      3
 8.0000E-05  -4.592613   3.784134 -99.000000 -99.000000  -8.090751   0.000000   0.000241   0.000146   0.001400  0.000E+00        max_dt

          9   5.478006   4544.936 -21.400114 -21.400114   5.000000   5.000000   0.755800   0.000071   0.242800 -10.990316    476      0
-5.0000E+00   5.477785   2.098776 -99.000000 -22.797982 -99.000000   0.000000   0.242800   0.000657   0.001400   0.024878      3
 9.0000E-05  -4.592549   3.782357 -99.000000 -99.000000  -8.087719   0.000000   0.000241   0.000146   0.001400  0.000E+00        max_dt


__________________________________________________________________________________________________________________________________________________

       step    lg_Tmax     Teff     lg_LH      lg_Lnuc_tot     Mass       H_rich     H_cntr     N_cntr     Y_surf   eta_cntr   zones  retry
  lg_dt_yrs    lg_Tcntr    lg_R     lg_L3a     lg_Lneu     lg_Mdot    He_core    He_cntr    O_cntr     Z_surf   gam_cntr   iters  
    age_yrs    lg_Dcntr    lg_L     lg_LZ      lg_Lphoto   lg_Dsurf   CO_core    C_cntr     Ne_cntr    Z_cntr   v_div_cs       dt_limit
__________________________________________________________________________________________________________________________________________________

         10   5.478006   4540.174 -21.400112 -21.400112   5.000000   5.000000   0.755800   0.000071   0.242800 -10.990026    458      0
-5.0000E+00   5.477736   2.098747 -99.000000 -22.797980 -99.000000   0.000000   0.242800   0.000657   0.001400   0.024882      3
 1.0000E-04  -4.592496   3.780477 -99.000000 -99.000000  -8.084542   0.000000   0.000241   0.000146   0.001400  0.000E+00        max_dt

         11   5.478006   4535.336 -21.400111 -21.400111   5.000000   5.000000   0.755800   0.000071   0.242800 -10.989791    476      0
-5.0000E+00   5.477697   2.098718 -99.000000 -22.797979 -99.000000   0.000000   0.242800   0.000657   0.001400   0.024885      3
 1.1000E-04  -4.592453   3.778567 -99.000000 -99.000000  -8.081347   0.000000   0.000241   0.000146   0.001400  0.000E+00        max_dt

         12   5.478007   4530.544 -21.400109 -21.400109   5.000000   5.000000   0.755800   0.000071   0.242800 -10.989600    460      0
-5.0000E+00   5.477665   2.098689 -99.000000 -22.797977 -99.000000   0.000000   0.242800   0.000657   0.001400   0.024888      3
 1.2000E-04  -4.592418   3.776674 -99.000000 -99.000000  -8.078214   0.000000   0.000241   0.000146   0.001400  0.000E+00        max_dt

         13   5.478110   4525.851 -21.400563 -21.400563   5.000000   5.000000   0.755800   0.000071   0.242800 -10.989416    475      0
-5.0000E+00   5.477741   2.098661 -99.000000 -22.798431 -99.000000   0.000000   0.242800   0.000657   0.001400   0.024887      3
 1.3000E-04  -4.592223   3.774817 -99.000000 -99.000000  -8.075177   0.000000   0.000241   0.000146   0.001400  0.000E+00        max_dt

         14   5.478110   4521.296 -21.400562 -21.400562   5.000000   5.000000   0.755800   0.000071   0.242800 -10.989285    459      0
-5.0000E+00   5.477719   2.098635 -99.000000 -22.798430 -99.000000   0.000000   0.242800   0.000657   0.001400   0.024889      3
 1.4000E-04  -4.592199   3.773015 -99.000000 -99.000000  -8.072261   0.000000   0.000241   0.000146   0.001400  0.000E+00        max_dt

         15   5.478110   4516.900 -21.400561 -21.400561   5.000000   5.000000   0.755800   0.000071   0.242800 -10.989174    475      0
-5.0000E+00   5.477701   2.098610 -99.000000 -22.798429 -99.000000   0.000000   0.242800   0.000657   0.001400   0.024890      3
 1.5000E-04  -4.592179   3.771275 -99.000000 -99.000000  -8.069475   0.000000   0.000241   0.000146   0.001400  0.000E+00        max_dt

         16   5.478110   4512.672 -21.400560 -21.400560   5.000000   5.000000   0.755800   0.000071   0.242800 -10.989079    459      0
-5.0000E+00   5.477685   2.098586 -99.000000 -22.798428 -99.000000   0.000000   0.242800   0.000657   0.001400   0.024891      3
 1.6000E-04  -4.592161   3.769601 -99.000000 -99.000000  -8.066823   0.000000   0.000241   0.000146   0.001400  0.000E+00        max_dt

         17   5.478110   4508.598 -21.400559 -21.400559   5.000000   5.000000   0.755800   0.000071   0.242800 -10.988998    473      0
-5.0000E+00   5.477672   2.098563 -99.000000 -22.798427 -99.000000   0.000000   0.242800   0.000657   0.001400   0.024892      3
 1.7000E-04  -4.592146   3.767986 -99.000000 -99.000000  -8.064292   0.000000   0.000241   0.000146   0.001400  0.000E+00        max_dt

         18   5.478110   4504.684 -21.400558 -21.400558   5.000000   5.000000   0.755800   0.000071   0.242800 -10.988928    457      0
-5.0000E+00   5.477660   2.098541 -99.000000 -22.798426 -99.000000   0.000000   0.242800   0.000657   0.001400   0.024893      3
 1.8000E-04  -4.592133   3.766434 -99.000000 -99.000000  -8.061885   0.000000   0.000241   0.000146   0.001400  0.000E+00        max_dt

         19   5.478111   4500.933 -21.400557 -21.400557   5.000000   5.000000   0.755800   0.000071   0.242800 -10.988867    473      0
-5.0000E+00   5.477650   2.098520 -99.000000 -22.798426 -99.000000   0.000000   0.242800   0.000657   0.001400   0.024894      3
 1.9000E-04  -4.592122   3.764945 -37.026689 -99.000000  -8.059600   0.000000   0.000241   0.000146   0.001400  0.000E+00        max_dt


__________________________________________________________________________________________________________________________________________________

       step    lg_Tmax     Teff     lg_LH      lg_Lnuc_tot     Mass       H_rich     H_cntr     N_cntr     Y_surf   eta_cntr   zones  retry
  lg_dt_yrs    lg_Tcntr    lg_R     lg_L3a     lg_Lneu     lg_Mdot    He_core    He_cntr    O_cntr     Z_surf   gam_cntr   iters  
    age_yrs    lg_Dcntr    lg_L     lg_LZ      lg_Lphoto   lg_Dsurf   CO_core    C_cntr     Ne_cntr    Z_cntr   v_div_cs       dt_limit
__________________________________________________________________________________________________________________________________________________

         20   5.478111   4497.346 -21.400557 -21.400557   5.000000   5.000000   0.755800   0.000071   0.242800 -10.988813    457      0
-5.0000E+00   5.477641   2.098501 -99.000000 -22.798425 -99.000000   0.000000   0.242800   0.000657   0.001400   0.024895      3
 2.0000E-04  -4.592112   3.763520 -99.000000 -99.000000  -8.057435   0.000000   0.000241   0.000146   0.001400  0.000E+00        max_dt

         21   5.478111   4493.914 -21.400556 -21.400556   5.000000   5.000000   0.755800   0.000071   0.242800 -10.988766    474      0
-5.0000E+00   5.477633   2.098482 -99.000000 -22.798424 -99.000000   0.000000   0.242800   0.000657   0.001400   0.024896      3
 2.1000E-04  -4.592103   3.762156 -99.000000 -99.000000  -8.055382   0.000000   0.000241   0.000146   0.001400  0.000E+00        max_dt

         22   5.478111   4490.626 -21.400555 -21.400555   5.000000   5.000000   0.755800   0.000071   0.242800 -10.988724    457      0
-5.0000E+00   5.477626   2.098464 -99.000000 -22.798424 -99.000000   0.000000   0.242800   0.000657   0.001400   0.024896      3
 2.2000E-04  -4.592095   3.760849 -99.000000 -99.000000  -8.053434   0.000000   0.000241   0.000146   0.001400  0.000E+00        max_dt

         23   5.478111   4487.474 -21.400555 -21.400555   5.000000   5.000000   0.755800   0.000071   0.242800 -10.988687    473      0
-5.0000E+00   5.477620   2.098446 -99.000000 -22.798423 -99.000000   0.000000   0.242800   0.000657   0.001400   0.024897      3
 2.3000E-04  -4.592088   3.759594 -99.000000 -99.000000  -8.051581   0.000000   0.000241   0.000146   0.001400  0.000E+00        max_dt

         24   5.478111   4484.458 -21.400554 -21.400554   5.000000   5.000000   0.755800   0.000071   0.242800 -10.988653    459      0
-5.0000E+00   5.477615   2.098430 -99.000000 -22.798423 -99.000000   0.000000   0.242800   0.000657   0.001400   0.024897      3
 2.4000E-04  -4.592082   3.758393 -99.000000 -99.000000  -8.049824   0.000000   0.000241   0.000146   0.001400  0.000E+00        max_dt

         25   5.478111   4481.570 -21.400554 -21.400554   5.000000   5.000000   0.755800   0.000071   0.242800 -10.988623    475      0
-5.0000E+00   5.477610   2.098414 -99.000000 -22.798422 -99.000000   0.000000   0.242800   0.000657   0.001400   0.024897      3
 2.5000E-04  -4.592076   3.757243 -99.000000 -99.000000  -8.048155   0.000000   0.000241   0.000146   0.001400  0.000E+00        max_dt

         26   5.478111   4478.809 -21.400553 -21.400553   5.000000   5.000000   0.755800   0.000071   0.242800 -10.988596    459      0
-5.0000E+00   5.477605   2.098399 -99.000000 -22.798422 -99.000000   0.000000   0.242800   0.000657   0.001400   0.024898      3
 2.6000E-04  -4.592071   3.756142 -37.327719 -99.000000  -8.046572   0.000000   0.000241   0.000146   0.001400  0.000E+00        max_dt

         27   5.478112   4476.160 -21.400553 -21.400553   5.000000   5.000000   0.755800   0.000071   0.242800 -10.988572    475      0
-5.0000E+00   5.477601   2.098385 -99.000000 -22.798421 -99.000000   0.000000   0.242800   0.000657   0.001400   0.024898      3
 2.7000E-04  -4.592067   3.755085 -99.000000 -99.000000  -8.045065   0.000000   0.000241   0.000146   0.001400  0.000E+00        max_dt

         28   5.478112   4473.619 -21.400553 -21.400553   5.000000   5.000000   0.755800   0.000071   0.242800 -10.988550    461      0
-5.0000E+00   5.477598   2.098371 -99.000000 -22.798421 -99.000000   0.000000   0.242800   0.000657   0.001400   0.024898      3
 2.8000E-04  -4.592062   3.754071 -99.000000 -99.000000  -8.043630   0.000000   0.000241   0.000146   0.001400  0.000E+00        max_dt

         29   5.478112   4471.177 -21.400552 -21.400552   5.000000   5.000000   0.755800   0.000071   0.242800 -10.988529    479      0
-5.0000E+00   5.477594   2.098357 -99.000000 -22.798420 -99.000000   0.000000   0.242800   0.000657   0.001400   0.024899      3
 2.9000E-04  -4.592059   3.753095 -99.000000 -99.000000  -8.042262   0.000000   0.000241   0.000146   0.001400  0.000E+00        max_dt


__________________________________________________________________________________________________________________________________________________

       step    lg_Tmax     Teff     lg_LH      lg_Lnuc_tot     Mass       H_rich     H_cntr     N_cntr     Y_surf   eta_cntr   zones  retry
  lg_dt_yrs    lg_Tcntr    lg_R     lg_L3a     lg_Lneu     lg_Mdot    He_core    He_cntr    O_cntr     Z_surf   gam_cntr   iters  
    age_yrs    lg_Dcntr    lg_L     lg_LZ      lg_Lphoto   lg_Dsurf   CO_core    C_cntr     Ne_cntr    Z_cntr   v_div_cs       dt_limit
__________________________________________________________________________________________________________________________________________________

         30   5.478112   4468.827 -21.400552 -21.400552   5.000000   5.000000   0.755800   0.000071   0.242800 -10.988511    463      0
-5.0000E+00   5.477591   2.098344 -99.000000 -22.798420 -99.000000   0.000000   0.242800   0.000657   0.001400   0.024899      3
 3.0000E-04  -4.592055   3.752157 -99.000000 -99.000000  -8.040955   0.000000   0.000241   0.000146   0.001400  0.000E+00        max_dt

         31   5.478112   4466.560 -21.400552 -21.400552   5.000000   5.000000   0.755800   0.000071   0.242800 -10.988494    479      0
-5.0000E+00   5.477589   2.098332 -99.000000 -22.798420 -99.000000   0.000000   0.242800   0.000657   0.001400   0.024899      3
 3.1000E-04  -4.592052   3.751250 -99.000000 -99.000000  -8.039702   0.000000   0.000241   0.000146   0.001400  0.000E+00        max_dt

         32   5.478112   4464.365 -21.400551 -21.400551   5.000000   5.000000   0.755800   0.000071   0.242800 -10.988479    462      0
-5.0000E+00   5.477586   2.098320 -99.000000 -22.798420 -99.000000   0.000000   0.242800   0.000657   0.001400   0.024899      3
 3.2000E-04  -4.592049   3.750372 -99.000000 -99.000000  -8.038497   0.000000   0.000241   0.000146   0.001400  0.000E+00        max_dt

         33   5.478112   4462.223 -21.400551 -21.400551   5.000000   5.000000   0.755800   0.000071   0.242800 -10.988464    477      0
-5.0000E+00   5.477584   2.098308 -99.000000 -22.798419 -99.000000   0.000000   0.242800   0.000657   0.001400   0.024899      3
 3.3000E-04  -4.592046   3.749515 -99.000000 -99.000000  -8.037329   0.000000   0.000241   0.000146   0.001400  0.000E+00        max_dt

         34   5.478112   4460.145 -21.400551 -21.400551   5.000000   5.000000   0.755800   0.000071   0.242800 -10.988451    461      0
-5.0000E+00   5.477582   2.098297 -99.000000 -22.798419 -99.000000   0.000000   0.242800   0.000657   0.001400   0.024900      3
 3.4000E-04  -4.592044   3.748684 -99.000000 -99.000000  -8.036204   0.000000   0.000241   0.000146   0.001400  0.000E+00        max_dt

         35   5.478112   4458.134 -21.400551 -21.400551   5.000000   5.000000   0.755800   0.000071   0.242800 -10.988439    477      0
-5.0000E+00   5.477580   2.098286 -99.000000 -22.798419 -99.000000   0.000000   0.242800   0.000657   0.001400   0.024900      3
 3.5000E-04  -4.592041   3.747878 -99.000000 -99.000000  -8.035122   0.000000   0.000241   0.000146   0.001400  0.000E+00        max_dt

         36   5.478112   4456.192 -21.400550 -21.400550   5.000000   5.000000   0.755800   0.000071   0.242800 -10.988428    461      0
-5.0000E+00   5.477578   2.098276 -99.000000 -22.798418 -99.000000   0.000000   0.242800   0.000657   0.001400   0.024900      3
 3.6000E-04  -4.592039   3.747100 -99.000000 -99.000000  -8.034082   0.000000   0.000241   0.000146   0.001400  0.000E+00        max_dt

         37   5.478112   4454.312 -21.400550 -21.400550   5.000000   5.000000   0.755800   0.000071   0.242800 -10.988418    477      0
-5.0000E+00   5.477576   2.098265 -99.000000 -22.798418 -99.000000   0.000000   0.242800   0.000657   0.001400   0.024900      3
 3.7000E-04  -4.592037   3.746347 -99.000000 -99.000000  -8.033082   0.000000   0.000241   0.000146   0.001400  0.000E+00        max_dt

         38   5.478113   4452.492 -21.400550 -21.400550   5.000000   5.000000   0.755800   0.000071   0.242800 -10.988408    461      0
-5.0000E+00   5.477575   2.098255 -99.000000 -22.798418 -99.000000   0.000000   0.242800   0.000657   0.001400   0.024900      3
 3.8000E-04  -4.592035   3.745617 -99.000000 -99.000000  -8.032120   0.000000   0.000241   0.000146   0.001400  0.000E+00        max_dt

         39   5.478113   4450.728 -21.400550 -21.400550   5.000000   5.000000   0.755800   0.000071   0.242800 -10.988399    477      0
-5.0000E+00   5.477573   2.098246 -99.000000 -22.798418 -99.000000   0.000000   0.242800   0.000657   0.001400   0.024900      3
 3.9000E-04  -4.592034   3.744909 -99.000000 -99.000000  -8.031193   0.000000   0.000241   0.000146   0.001400  0.000E+00        max_dt


__________________________________________________________________________________________________________________________________________________

       step    lg_Tmax     Teff     lg_LH      lg_Lnuc_tot     Mass       H_rich     H_cntr     N_cntr     Y_surf   eta_cntr   zones  retry
  lg_dt_yrs    lg_Tcntr    lg_R     lg_L3a     lg_Lneu     lg_Mdot    He_core    He_cntr    O_cntr     Z_surf   gam_cntr   iters  
    age_yrs    lg_Dcntr    lg_L     lg_LZ      lg_Lphoto   lg_Dsurf   CO_core    C_cntr     Ne_cntr    Z_cntr   v_div_cs       dt_limit
__________________________________________________________________________________________________________________________________________________

         40   5.478113   4449.018 -21.400549 -21.400549   5.000000   5.000000   0.755800   0.000071   0.242800 -10.988391    461      0
-5.0000E+00   5.477572   2.098236 -99.000000 -22.798418 -99.000000   0.000000   0.242800   0.000657   0.001400   0.024900      3
 4.0000E-04  -4.592032   3.744223 -37.026689 -99.000000  -8.030298   0.000000   0.000241   0.000146   0.001400  0.000E+00        max_dt

         41   5.478113   4447.356 -21.400549 -21.400549   5.000000   5.000000   0.755800   0.000071   0.242800 -10.988383    477      0
-5.0000E+00   5.477571   2.098227 -99.000000 -22.798417 -99.000000   0.000000   0.242800   0.000657   0.001400   0.024900      3
 4.1000E-04  -4.592030   3.743556 -99.000000 -99.000000  -8.029433   0.000000   0.000241   0.000146   0.001400  0.000E+00        max_dt

         42   5.478113   4445.743 -21.400549 -21.400549   5.000000   5.000000   0.755800   0.000071   0.242800 -10.988376    461      0
-5.0000E+00   5.477570   2.098218 -99.000000 -22.798417 -99.000000   0.000000   0.242800   0.000657   0.001400   0.024901      3
 4.2000E-04  -4.592029   3.742908 -99.000000 -99.000000  -8.028598   0.000000   0.000241   0.000146   0.001400  0.000E+00        max_dt

         43   5.478113   4444.168 -21.400549 -21.400549   5.000000   5.000000   0.755800   0.000071   0.242800 -10.988369    476      0
-5.0000E+00   5.477569   2.098210 -99.000000 -22.798417 -99.000000   0.000000   0.242800   0.000657   0.001400   0.024901      3
 4.3000E-04  -4.592028   3.742275 -99.000000 -99.000000  -8.027786   0.000000   0.000241   0.000146   0.001400  0.000E+00        max_dt

         44   5.478113   4442.634 -21.400549 -21.400549   5.000000   5.000000   0.755800   0.000071   0.242800 -10.988362    460      0
-5.0000E+00   5.477568   2.098201 -99.000000 -22.798417 -99.000000   0.000000   0.242800   0.000657   0.001400   0.024901      3
 4.4000E-04  -4.592026   3.741659 -99.000000 -99.000000  -8.026999   0.000000   0.000241   0.000146   0.001400  0.000E+00        max_dt

         45   5.478113   4441.139 -21.400549 -21.400549   5.000000   5.000000   0.755800   0.000071   0.242800 -10.988356    476      0
-5.0000E+00   5.477567   2.098193 -99.000000 -22.798417 -99.000000   0.000000   0.242800   0.000657   0.001400   0.024901      3
 4.5000E-04  -4.592025   3.741057 -99.000000 -99.000000  -8.026236   0.000000   0.000241   0.000146   0.001400  0.000E+00        max_dt

         46   5.478113   4439.684 -21.400548 -21.400548   5.000000   5.000000   0.755800   0.000071   0.242800 -10.988351    460      0
-5.0000E+00   5.477566   2.098185 -99.000000 -22.798417 -99.000000   0.000000   0.242800   0.000657   0.001400   0.024901      3
 4.6000E-04  -4.592024   3.740472 -99.000000 -99.000000  -8.025497   0.000000   0.000241   0.000146   0.001400  0.000E+00        max_dt

         47   5.478113   4438.266 -21.400548 -21.400548   5.000000   5.000000   0.755800   0.000071   0.242800 -10.988345    476      0
-5.0000E+00   5.477565   2.098177 -99.000000 -22.798416 -99.000000   0.000000   0.242800   0.000657   0.001400   0.024901      3
 4.7000E-04  -4.592023   3.739902 -99.000000 -99.000000  -8.024780   0.000000   0.000241   0.000146   0.001400  0.000E+00        max_dt

         48   5.478113   4436.861 -21.400548 -21.400548   5.000000   5.000000   0.755800   0.000071   0.242800 -10.988340    459      0
-5.0000E+00   5.477564   2.098170 -99.000000 -22.798416 -99.000000   0.000000   0.242800   0.000657   0.001400   0.024901      3
 4.8000E-04  -4.592022   3.739336 -99.000000 -99.000000  -8.024072   0.000000   0.000241   0.000146   0.001400  0.000E+00        max_dt

         49   5.478113   4435.482 -21.400548 -21.400548   5.000000   5.000000   0.755800   0.000071   0.242800 -10.988336    475      0
-5.0000E+00   5.477563   2.098162 -99.000000 -22.798416 -99.000000   0.000000   0.242800   0.000657   0.001400   0.024901      3
 4.9000E-04  -4.592021   3.738782 -99.000000 -99.000000  -8.023381   0.000000   0.000241   0.000146   0.001400  0.000E+00        max_dt


__________________________________________________________________________________________________________________________________________________

       step    lg_Tmax     Teff     lg_LH      lg_Lnuc_tot     Mass       H_rich     H_cntr     N_cntr     Y_surf   eta_cntr   zones  retry
  lg_dt_yrs    lg_Tcntr    lg_R     lg_L3a     lg_Lneu     lg_Mdot    He_core    He_cntr    O_cntr     Z_surf   gam_cntr   iters  
    age_yrs    lg_Dcntr    lg_L     lg_LZ      lg_Lphoto   lg_Dsurf   CO_core    C_cntr     Ne_cntr    Z_cntr   v_div_cs       dt_limit
__________________________________________________________________________________________________________________________________________________

         50   5.478113   4434.146 -21.400548 -21.400548   5.000000   5.000000   0.755800   0.000071   0.242800 -10.988331    459      0
-5.0000E+00   5.477563   2.098155 -99.000000 -22.798416 -99.000000   0.000000   0.242800   0.000657   0.001400   0.024901      3
 5.0000E-04  -4.592020   3.738243 -99.000000 -99.000000  -8.022713   0.000000   0.000241   0.000146   0.001400  0.000E+00        max_dt

         51   5.478113   4432.849 -21.400548 -21.400548   5.000000   5.000000   0.755800   0.000071   0.242800 -10.988327    475      0
-5.0000E+00   5.477562   2.098148 -99.000000 -22.798416 -99.000000   0.000000   0.242800   0.000657   0.001400   0.024901      3
 5.1000E-04  -4.592019   3.737721 -99.000000 -99.000000  -8.022068   0.000000   0.000241   0.000146   0.001400  0.000E+00        max_dt

         52   5.478113   4431.590 -21.400548 -21.400548   5.000000   5.000000   0.755800   0.000071   0.242800 -10.988323    459      0
-5.0000E+00   5.477561   2.098141 -99.000000 -22.798416 -99.000000   0.000000   0.242800   0.000657   0.001400   0.024901      3
 5.2000E-04  -4.592018   3.737214 -99.000000 -99.000000  -8.021444   0.000000   0.000241   0.000146   0.001400  0.000E+00        max_dt

         53   5.478113   4430.363 -21.400547 -21.400547   5.000000   5.000000   0.755800   0.000071   0.242800 -10.988319    475      0
-5.0000E+00   5.477561   2.098134 -99.000000 -22.798416 -99.000000   0.000000   0.242800   0.000657   0.001400   0.024901      3
 5.3000E-04  -4.592018   3.736719 -99.000000 -99.000000  -8.020839   0.000000   0.000241   0.000146   0.001400  0.000E+00        max_dt

         54   5.478114   4429.172 -21.400547 -21.400547   5.000000   5.000000   0.755800   0.000071   0.242800 -10.988316    461      0
-5.0000E+00   5.477560   2.098127 -99.000000 -22.798415 -99.000000   0.000000   0.242800   0.000657   0.001400   0.024901      3
 5.4000E-04  -4.592017   3.736238 -99.000000 -99.000000  -8.020253   0.000000   0.000241   0.000146   0.001400  0.000E+00        max_dt

         55   5.478114   4428.004 -21.400547 -21.400547   5.000000   5.000000   0.755800   0.000071   0.242800 -10.988312    478      0
-5.0000E+00   5.477560   2.098121 -99.000000 -22.798415 -99.000000   0.000000   0.242800   0.000657   0.001400   0.024901      3
 5.5000E-04  -4.592016   3.735767 -99.000000 -99.000000  -8.019680   0.000000   0.000241   0.000146   0.001400  0.000E+00        max_dt

         56   5.478114   4426.859 -21.400547 -21.400547   5.000000   5.000000   0.755800   0.000071   0.242800 -10.988309    462      0
-5.0000E+00   5.477559   2.098114 -99.000000 -22.798415 -99.000000   0.000000   0.242800   0.000657   0.001400   0.024901      3
 5.6000E-04  -4.592016   3.735305 -99.000000 -99.000000  -8.019121   0.000000   0.000241   0.000146   0.001400  0.000E+00        max_dt

         57   5.478114   4425.735 -21.400547 -21.400547   5.000000   5.000000   0.755800   0.000071   0.242800 -10.988306    478      0
-5.0000E+00   5.477559   2.098108 -99.000000 -22.798415 -99.000000   0.000000   0.242800   0.000657   0.001400   0.024901      3
 5.7000E-04  -4.592015   3.734852 -99.000000 -99.000000  -8.018574   0.000000   0.000241   0.000146   0.001400  0.000E+00        max_dt

         58   5.478114   4424.634 -21.400547 -21.400547   5.000000   5.000000   0.755800   0.000071   0.242800 -10.988303    462      0
-5.0000E+00   5.477558   2.098102 -99.000000 -22.798415 -99.000000   0.000000   0.242800   0.000657   0.001400   0.024902      3
 5.8000E-04  -4.592014   3.734407 -99.000000 -99.000000  -8.018040   0.000000   0.000241   0.000146   0.001400  0.000E+00        max_dt

         59   5.478114   4423.553 -21.400547 -21.400547   5.000000   5.000000   0.755800   0.000071   0.242800 -10.988300    478      0
-5.0000E+00   5.477558   2.098096 -99.000000 -22.798415 -99.000000   0.000000   0.242800   0.000657   0.001400   0.024902      3
 5.9000E-04  -4.592014   3.733970 -99.000000 -99.000000  -8.017518   0.000000   0.000241   0.000146   0.001400  0.000E+00        max_dt


__________________________________________________________________________________________________________________________________________________

       step    lg_Tmax     Teff     lg_LH      lg_Lnuc_tot     Mass       H_rich     H_cntr     N_cntr     Y_surf   eta_cntr   zones  retry
  lg_dt_yrs    lg_Tcntr    lg_R     lg_L3a     lg_Lneu     lg_Mdot    He_core    He_cntr    O_cntr     Z_surf   gam_cntr   iters  
    age_yrs    lg_Dcntr    lg_L     lg_LZ      lg_Lphoto   lg_Dsurf   CO_core    C_cntr     Ne_cntr    Z_cntr   v_div_cs       dt_limit
__________________________________________________________________________________________________________________________________________________

         60   5.478114   4422.495 -21.400547 -21.400547   5.000000   5.000000   0.755800   0.000071   0.242800 -10.988297    462      0
-5.0000E+00   5.477558   2.098090 -99.000000 -22.798415 -99.000000   0.000000   0.242800   0.000657   0.001400   0.024902      3
 6.0000E-04  -4.592013   3.733543 -99.000000 -99.000000  -8.017008   0.000000   0.000241   0.000146   0.001400  0.000E+00        max_dt

         61   5.478114   4421.456 -21.400546 -21.400546   5.000000   5.000000   0.755800   0.000071   0.242800 -10.988295    478      0
-5.0000E+00   5.477557   2.098084 -99.000000 -22.798415 -99.000000   0.000000   0.242800   0.000657   0.001400   0.024902      3
 6.1000E-04  -4.592013   3.733123 -99.000000 -99.000000  -8.016509   0.000000   0.000241   0.000146   0.001400  0.000E+00        max_dt

         62   5.478114   4420.439 -21.400546 -21.400546   5.000000   5.000000   0.755800   0.000071   0.242800 -10.988293    462      0
-5.0000E+00   5.477557   2.098078 -99.000000 -22.798414 -99.000000   0.000000   0.242800   0.000657   0.001400   0.024902      3
 6.2000E-04  -4.592012   3.732712 -99.000000 -99.000000  -8.016022   0.000000   0.000241   0.000146   0.001400  0.000E+00        max_dt

         63   5.478114   4419.439 -21.400546 -21.400546   5.000000   5.000000   0.755800   0.000071   0.242800 -10.988290    478      0
-5.0000E+00   5.477556   2.098073 -99.000000 -22.798414 -99.000000   0.000000   0.242800   0.000657   0.001400   0.024902      3
 6.3000E-04  -4.592012   3.732308 -99.000000 -99.000000  -8.015545   0.000000   0.000241   0.000146   0.001400  0.000E+00        max_dt

         64   5.478114   4418.460 -21.400546 -21.400546   5.000000   5.000000   0.755800   0.000071   0.242800 -10.988288    462      0
-5.0000E+00   5.477556   2.098067 -99.000000 -22.798414 -99.000000   0.000000   0.242800   0.000657   0.001400   0.024902      3
 6.4000E-04  -4.592011   3.731912 -99.000000 -99.000000  -8.015079   0.000000   0.000241   0.000146   0.001400  0.000E+00        max_dt

         65   5.478114   4417.498 -21.400546 -21.400546   5.000000   5.000000   0.755800   0.000071   0.242800 -10.988286    478      0
-5.0000E+00   5.477556   2.098062 -99.000000 -22.798414 -99.000000   0.000000   0.242800   0.000657   0.001400   0.024902      3
 6.5000E-04  -4.592011   3.731523 -99.000000 -99.000000  -8.014623   0.000000   0.000241   0.000146   0.001400  0.000E+00        max_dt

         66   5.478114   4416.554 -21.400546 -21.400546   5.000000   5.000000   0.755800   0.000071   0.242800 -10.988284    462      0
-5.0000E+00   5.477555   2.098057 -99.000000 -22.798414 -99.000000   0.000000   0.242800   0.000657   0.001400   0.024902      3
 6.6000E-04  -4.592010   3.731141 -99.000000 -99.000000  -8.014177   0.000000   0.000241   0.000146   0.001400  0.000E+00        max_dt

         67   5.478114   4415.626 -21.400546 -21.400546   5.000000   5.000000   0.755800   0.000071   0.242800 -10.988282    478      0
-5.0000E+00   5.477555   2.098051 -99.000000 -22.798414 -99.000000   0.000000   0.242800   0.000657   0.001400   0.024902      3
 6.7000E-04  -4.592010   3.730765 -37.026689 -99.000000  -8.013739   0.000000   0.000241   0.000146   0.001400  0.000E+00        max_dt

         68   5.478114   4414.716 -21.400546 -21.400546   5.000000   5.000000   0.755800   0.000071   0.242800 -10.988280    462      0
-5.0000E+00   5.477555   2.098046 -99.000000 -22.798414 -99.000000   0.000000   0.242800   0.000657   0.001400   0.024902      3
 6.8000E-04  -4.592010   3.730397 -99.000000 -99.000000  -8.013311   0.000000   0.000241   0.000146   0.001400  0.000E+00        max_dt

         69   5.478114   4413.820 -21.400545 -21.400545   5.000000   5.000000   0.755800   0.000071   0.242800 -10.988278    478      0
-5.0000E+00   5.477555   2.098041 -99.000000 -22.798414 -99.000000   0.000000   0.242800   0.000657   0.001400   0.024902      3
 6.9000E-04  -4.592009   3.730034 -99.000000 -99.000000  -8.012890   0.000000   0.000241   0.000146   0.001400  0.000E+00        max_dt


__________________________________________________________________________________________________________________________________________________

       step    lg_Tmax     Teff     lg_LH      lg_Lnuc_tot     Mass       H_rich     H_cntr     N_cntr     Y_surf   eta_cntr   zones  retry
  lg_dt_yrs    lg_Tcntr    lg_R     lg_L3a     lg_Lneu     lg_Mdot    He_core    He_cntr    O_cntr     Z_surf   gam_cntr   iters  
    age_yrs    lg_Dcntr    lg_L     lg_LZ      lg_Lphoto   lg_Dsurf   CO_core    C_cntr     Ne_cntr    Z_cntr   v_div_cs       dt_limit
__________________________________________________________________________________________________________________________________________________

         70   5.478114   4412.936 -21.400545 -21.400545   5.000000   5.000000   0.755800   0.000071   0.242800 -10.988277    461      0
-5.0000E+00   5.477554   2.098036 -99.000000 -22.798413 -99.000000   0.000000   0.242800   0.000657   0.001400   0.024902      2
 7.0000E-04  -4.592009   3.729676 -99.000000 -99.000000  -8.012477   0.000000   0.000241   0.000146   0.001400  0.000E+00        max_dt

         71   5.478114   4412.062 -21.400545 -21.400545   5.000000   5.000000   0.755800   0.000071   0.242800 -10.988275    477      0
-5.0000E+00   5.477554   2.098031 -99.000000 -22.798413 -99.000000   0.000000   0.242800   0.000657   0.001400   0.024902      3
 7.1000E-04  -4.592008   3.729322 -99.000000 -99.000000  -8.012069   0.000000   0.000241   0.000146   0.001400  0.000E+00        max_dt

         72   5.478114   4411.204 -21.400545 -21.400545   5.000000   5.000000   0.755800   0.000071   0.242800 -10.988273    461      0
-5.0000E+00   5.477554   2.098026 -99.000000 -22.798413 -99.000000   0.000000   0.242800   0.000657   0.001400   0.024902      2
 7.2000E-04  -4.592008   3.728975 -99.000000 -99.000000  -8.011670   0.000000   0.000241   0.000146   0.001400  0.000E+00        max_dt

         73   5.478114   4410.360 -21.400545 -21.400545   5.000000   5.000000   0.755800   0.000071   0.242800 -10.988272    477      0
-5.0000E+00   5.477554   2.098021 -99.000000 -22.798413 -99.000000   0.000000   0.242800   0.000657   0.001400   0.024902      2
 7.3000E-04  -4.592008   3.728633 -99.000000 -99.000000  -8.011278   0.000000   0.000241   0.000146   0.001400  0.000E+00        max_dt

         74   5.478114   4409.532 -21.400545 -21.400545   5.000000   5.000000   0.755800   0.000071   0.242800 -10.988270    461      0
-5.0000E+00   5.477554   2.098017 -99.000000 -22.798413 -99.000000   0.000000   0.242800   0.000657   0.001400   0.024902      2
 7.4000E-04  -4.592007   3.728297 -99.000000 -99.000000  -8.010895   0.000000   0.000241   0.000146   0.001400  0.000E+00        max_dt

         75   5.478114   4408.716 -21.400545 -21.400545   5.000000   5.000000   0.755800   0.000071   0.242800 -10.988269    477      0
-5.0000E+00   5.477553   2.098012 -99.000000 -22.798413 -99.000000   0.000000   0.242800   0.000657   0.001400   0.024902      2
 7.5000E-04  -4.592007   3.727966 -99.000000 -99.000000  -8.010518   0.000000   0.000241   0.000146   0.001400  0.000E+00        max_dt

         76   5.478114   4407.891 -21.400545 -21.400545   5.000000   5.000000   0.755800   0.000071   0.242800 -10.988268    460      0
-5.0000E+00   5.477553   2.098007 -99.000000 -22.798413 -99.000000   0.000000   0.242800   0.000657   0.001400   0.024902      2
 7.6000E-04  -4.592007   3.727632 -99.000000 -99.000000  -8.010138   0.000000   0.000241   0.000146   0.001400  0.000E+00        max_dt

         77   5.478114   4407.072 -21.400544 -21.400544   5.000000   5.000000   0.755800   0.000071   0.242800 -10.988266    476      0
-5.0000E+00   5.477553   2.098003 -99.000000 -22.798413 -99.000000   0.000000   0.242800   0.000657   0.001400   0.024902      2
 7.7000E-04  -4.592006   3.727300 -99.000000 -99.000000  -8.009762   0.000000   0.000241   0.000146   0.001400  0.000E+00        max_dt

         78   5.478115   4406.273 -21.400544 -21.400544   5.000000   5.000000   0.755800   0.000071   0.242800 -10.988265    460      0
-5.0000E+00   5.477553   2.097998 -99.000000 -22.798413 -99.000000   0.000000   0.242800   0.000657   0.001400   0.024902      2
 7.8000E-04  -4.592006   3.726976 -99.000000 -99.000000  -8.009396   0.000000   0.000241   0.000146   0.001400  0.000E+00        max_dt

         79   5.478115   4405.492 -21.400544 -21.400544   5.000000   5.000000   0.755800   0.000071   0.242800 -10.988264    476      0
-5.0000E+00   5.477553   2.097994 -99.000000 -22.798412 -99.000000   0.000000   0.242800   0.000657   0.001400   0.024902      2
 7.9000E-04  -4.592006   3.726659 -99.000000 -99.000000  -8.009039   0.000000   0.000241   0.000146   0.001400  0.000E+00        max_dt


__________________________________________________________________________________________________________________________________________________

       step    lg_Tmax     Teff     lg_LH      lg_Lnuc_tot     Mass       H_rich     H_cntr     N_cntr     Y_surf   eta_cntr   zones  retry
  lg_dt_yrs    lg_Tcntr    lg_R     lg_L3a     lg_Lneu     lg_Mdot    He_core    He_cntr    O_cntr     Z_surf   gam_cntr   iters  
    age_yrs    lg_Dcntr    lg_L     lg_LZ      lg_Lphoto   lg_Dsurf   CO_core    C_cntr     Ne_cntr    Z_cntr   v_div_cs       dt_limit
__________________________________________________________________________________________________________________________________________________

         80   5.478115   4404.729 -21.400544 -21.400544   5.000000   5.000000   0.755800   0.000071   0.242800 -10.988263    460      0
-5.0000E+00   5.477553   2.097989 -99.000000 -22.798412 -99.000000   0.000000   0.242800   0.000657   0.001400   0.024902      2
 8.0000E-04  -4.592006   3.726349 -99.000000 -99.000000  -8.008691   0.000000   0.000241   0.000146   0.001400  0.000E+00        max_dt

         81   5.478115   4403.980 -21.400544 -21.400544   5.000000   5.000000   0.755800   0.000071   0.242800 -10.988262    476      0
-5.0000E+00   5.477552   2.097985 -99.000000 -22.798412 -99.000000   0.000000   0.242800   0.000657   0.001400   0.024902      2
 8.1000E-04  -4.592005   3.726045 -99.000000 -99.000000  -8.008350   0.000000   0.000241   0.000146   0.001400  0.000E+00        max_dt

         82   5.478115   4403.245 -21.400544 -21.400544   5.000000   5.000000   0.755800   0.000071   0.242800 -10.988261    460      0
-5.0000E+00   5.477552   2.097981 -99.000000 -22.798412 -99.000000   0.000000   0.242800   0.000657   0.001400   0.024902      2
 8.2000E-04  -4.592005   3.725747 -99.000000 -99.000000  -8.008016   0.000000   0.000241   0.000146   0.001400  0.000E+00        max_dt

         83   5.478115   4402.522 -21.400544 -21.400544   5.000000   5.000000   0.755800   0.000071   0.242800 -10.988260    476      0
-5.0000E+00   5.477552   2.097977 -99.000000 -22.798412 -99.000000   0.000000   0.242800   0.000657   0.001400   0.024902      2
 8.3000E-04  -4.592005   3.725453 -99.000000 -99.000000  -8.007689   0.000000   0.000241   0.000146   0.001400  0.000E+00        max_dt

         84   5.478115   4401.812 -21.400544 -21.400544   5.000000   5.000000   0.755800   0.000071   0.242800 -10.988259    460      0
-5.0000E+00   5.477552   2.097973 -99.000000 -22.798412 -99.000000   0.000000   0.242800   0.000657   0.001400   0.024902      2
 8.4000E-04  -4.592005   3.725165 -99.000000 -99.000000  -8.007368   0.000000   0.000241   0.000146   0.001400  0.000E+00        max_dt

         85   5.478115   4401.112 -21.400543 -21.400543   5.000000   5.000000   0.755800   0.000071   0.242800 -10.988258    476      0
-5.0000E+00   5.477552   2.097969 -99.000000 -22.798412 -99.000000   0.000000   0.242800   0.000657   0.001400   0.024902      2
 8.5000E-04  -4.592004   3.724881 -99.000000 -99.000000  -8.007052   0.000000   0.000241   0.000146   0.001400  0.000E+00        max_dt

         86   5.478115   4400.424 -21.400543 -21.400543   5.000000   5.000000   0.755800   0.000071   0.242800 -10.988257    460      0
-5.0000E+00   5.477552   2.097965 -99.000000 -22.798412 -99.000000   0.000000   0.242800   0.000657   0.001400   0.024902      2
 8.6000E-04  -4.592004   3.724601 -99.000000 -99.000000  -8.006742   0.000000   0.000241   0.000146   0.001400  0.000E+00        max_dt

         87   5.478115   4399.745 -21.400543 -21.400543   5.000000   5.000000   0.755800   0.000071   0.242800 -10.988256    476      0
-5.0000E+00   5.477552   2.097961 -99.000000 -22.798411 -99.000000   0.000000   0.242800   0.000657   0.001400   0.024902      2
 8.7000E-04  -4.592004   3.724325 -37.327719 -99.000000  -8.006437   0.000000   0.000241   0.000146   0.001400  0.000E+00        max_dt

         88   5.478115   4399.077 -21.400543 -21.400543   5.000000   5.000000   0.755800   0.000071   0.242800 -10.988255    460      0
-5.0000E+00   5.477551   2.097957 -99.000000 -22.798411 -99.000000   0.000000   0.242800   0.000657   0.001400   0.024902      2
 8.8000E-04  -4.592004   3.724053 -99.000000 -99.000000  -8.006137   0.000000   0.000241   0.000146   0.001400  0.000E+00        max_dt

         89   5.478115   4398.418 -21.400543 -21.400543   5.000000   5.000000   0.755800   0.000071   0.242800 -10.988254    476      0
-5.0000E+00   5.477551   2.097953 -99.000000 -22.798411 -99.000000   0.000000   0.242800   0.000657   0.001400   0.024902      3
 8.9000E-04  -4.592004   3.723785 -99.000000 -99.000000  -8.005842   0.000000   0.000241   0.000146   0.001400  0.000E+00        max_dt


__________________________________________________________________________________________________________________________________________________

       step    lg_Tmax     Teff     lg_LH      lg_Lnuc_tot     Mass       H_rich     H_cntr     N_cntr     Y_surf   eta_cntr   zones  retry
  lg_dt_yrs    lg_Tcntr    lg_R     lg_L3a     lg_Lneu     lg_Mdot    He_core    He_cntr    O_cntr     Z_surf   gam_cntr   iters  
    age_yrs    lg_Dcntr    lg_L     lg_LZ      lg_Lphoto   lg_Dsurf   CO_core    C_cntr     Ne_cntr    Z_cntr   v_div_cs       dt_limit
__________________________________________________________________________________________________________________________________________________

         90   5.478115   4397.764 -21.400543 -21.400543   5.000000   5.000000   0.755800   0.000071   0.242800 -10.988253    459      0
-5.0000E+00   5.477551   2.097949 -99.000000 -22.798411 -99.000000   0.000000   0.242800   0.000657   0.001400   0.024902      3
 9.0000E-04  -4.592003   3.723519 -99.000000 -99.000000  -8.005550   0.000000   0.000241   0.000146   0.001400  0.000E+00        max_dt

         91   5.478115   4397.114 -21.400543 -21.400543   5.000000   5.000000   0.755800   0.000071   0.242800 -10.988252    475      0
-5.0000E+00   5.477551   2.097945 -99.000000 -22.798411 -99.000000   0.000000   0.242800   0.000657   0.001400   0.024902      3
 9.1000E-04  -4.592003   3.723255 -99.000000 -99.000000  -8.005261   0.000000   0.000241   0.000146   0.001400  0.000E+00        max_dt

         92   5.478115   4396.475 -21.400543 -21.400543   5.000000   5.000000   0.755800   0.000071   0.242800 -10.988252    459      0
-5.0000E+00   5.477551   2.097941 -99.000000 -22.798411 -99.000000   0.000000   0.242800   0.000657   0.001400   0.024902      2
 9.2000E-04  -4.592003   3.722995 -99.000000 -99.000000  -8.004976   0.000000   0.000241   0.000146   0.001400  0.000E+00        max_dt

         93   5.478115   4395.843 -21.400543 -21.400543   5.000000   5.000000   0.755800   0.000071   0.242800 -10.988251    475      0
-5.0000E+00   5.477551   2.097938 -99.000000 -22.798411 -99.000000   0.000000   0.242800   0.000657   0.001400   0.024902      2
 9.3000E-04  -4.592003   3.722738 -99.000000 -99.000000  -8.004695   0.000000   0.000241   0.000146   0.001400  0.000E+00        max_dt

         94   5.478115   4395.222 -21.400542 -21.400542   5.000000   5.000000   0.755800   0.000071   0.242800 -10.988250    459      0
-5.0000E+00   5.477551   2.097934 -99.000000 -22.798411 -99.000000   0.000000   0.242800   0.000657   0.001400   0.024902      2
 9.4000E-04  -4.592003   3.722485 -99.000000 -99.000000  -8.004420   0.000000   0.000241   0.000146   0.001400  0.000E+00        max_dt

         95   5.478115   4394.610 -21.400542 -21.400542   5.000000   5.000000   0.755800   0.000071   0.242800 -10.988250    476      0
-5.0000E+00   5.477551   2.097931 -99.000000 -22.798410 -99.000000   0.000000   0.242800   0.000657   0.001400   0.024902      3
 9.5000E-04  -4.592002   3.722236 -37.026689 -99.000000  -8.004150   0.000000   0.000241   0.000146   0.001400  0.000E+00        max_dt

         96   5.478115   4394.012 -21.400542 -21.400542   5.000000   5.000000   0.755800   0.000071   0.242800 -10.988249    460      0
-5.0000E+00   5.477551   2.097927 -99.000000 -22.798410 -99.000000   0.000000   0.242800   0.000657   0.001400   0.024902      2
 9.6000E-04  -4.592002   3.721993 -99.000000 -99.000000  -8.003885   0.000000   0.000241   0.000146   0.001400  0.000E+00        max_dt

         97   5.478115   4393.424 -21.400542 -21.400542   5.000000   5.000000   0.755800   0.000071   0.242800 -10.988248    476      0
-5.0000E+00   5.477551   2.097924 -99.000000 -22.798410 -99.000000   0.000000   0.242800   0.000657   0.001400   0.024902      2
 9.7000E-04  -4.592002   3.721753 -99.000000 -99.000000  -8.003626   0.000000   0.000241   0.000146   0.001400  0.000E+00        max_dt

         98   5.478115   4392.849 -21.400542 -21.400542   5.000000   5.000000   0.755800   0.000071   0.242800 -10.988248    460      0
-5.0000E+00   5.477551   2.097920 -99.000000 -22.798410 -99.000000   0.000000   0.242800   0.000657   0.001400   0.024902      2
 9.8000E-04  -4.592002   3.721519 -99.000000 -99.000000  -8.003373   0.000000   0.000241   0.000146   0.001400  0.000E+00        max_dt

         99   5.478115   4392.280 -21.400542 -21.400542   5.000000   5.000000   0.755800   0.000071   0.242800 -10.988247    477      0
-5.0000E+00   5.477550   2.097917 -99.000000 -22.798410 -99.000000   0.000000   0.242800   0.000657   0.001400   0.024902      3
 9.9000E-04  -4.592002   3.721287 -99.000000 -99.000000  -8.003123   0.000000   0.000241   0.000146   0.001400  0.000E+00        max_dt


__________________________________________________________________________________________________________________________________________________

       step    lg_Tmax     Teff     lg_LH      lg_Lnuc_tot     Mass       H_rich     H_cntr     N_cntr     Y_surf   eta_cntr   zones  retry
  lg_dt_yrs    lg_Tcntr    lg_R     lg_L3a     lg_Lneu     lg_Mdot    He_core    He_cntr    O_cntr     Z_surf   gam_cntr   iters  
    age_yrs    lg_Dcntr    lg_L     lg_LZ      lg_Lphoto   lg_Dsurf   CO_core    C_cntr     Ne_cntr    Z_cntr   v_div_cs       dt_limit
__________________________________________________________________________________________________________________________________________________

        100   5.478115   4391.719 -21.400542 -21.400542   5.000000   5.000000   0.755800   0.000071   0.242800 -10.988246    461      0
-5.0000E+00   5.477550   2.097913 -99.000000 -22.798410 -99.000000   0.000000   0.242800   0.000657   0.001400   0.024902      2
 1.0000E-03  -4.592002   3.721058 -99.000000 -99.000000  -8.002877   0.000000   0.000241   0.000146   0.001400  0.000E+00        max_dt


 finished doing relax num steps


                                relax_to_radiative_core

          1   5.478115   4391.161 -21.400542 -21.400542   5.000000   5.000000   0.755800   0.000071   0.242800 -10.988246    477      0
-5.0000E+00   5.477550   2.097910 -99.000000 -22.798410 -99.000000   0.000000   0.242800   0.000657   0.001400   0.024902      2
 1.0000E-05  -4.592002   3.720831 -99.000000 -99.000000  -8.002633   0.000000   0.000241   0.000146   0.001400  0.000E+00        max_dt

           waiting for fully convective core to develop           1    3.8788047703196896D-02
          2   5.478115   4390.071 -21.400541 -21.400541   5.000000   5.000000   0.755800   0.000071   0.242800 -10.988245    461      0
-4.6990E+00   5.477550   2.097903 -99.000000 -22.798409 -99.000000   0.000000   0.242800   0.000657   0.001400   0.024902      3
 3.0000E-05  -4.592001   3.720386 -99.000000 -99.000000  -8.002156   0.000000   0.000241   0.000146   0.001400  0.000E+00  max increase

           waiting for fully convective core to develop           2    3.8788042304774069D-02
          3   5.478115   4387.974 -21.400541 -21.400541   5.000000   5.000000   0.755800   0.000071   0.242800 -10.988243    477      0
-4.3979E+00   5.477550   2.097891 -99.000000 -22.798409 -99.000000   0.000000   0.242800   0.000657   0.001400   0.024902      3
 7.0000E-05  -4.592001   3.719531 -37.026689 -99.000000  -8.001245   0.000000   0.000241   0.000146   0.001400  0.000E+00  max increase

           waiting for fully convective core to develop           3    3.8788031753547773D-02
          4   5.478116   4384.099 -21.400540 -21.400540   5.000000   5.000000   0.755800   0.000071   0.242800 -10.988239    461      0
-4.0969E+00   5.477550   2.097867 -99.000000 -22.798408 -99.000000   0.000000   0.242800   0.000657   0.001400   0.024902      3
 1.5000E-04  -4.592000   3.717949 -99.000000 -99.000000  -7.999575   0.000000   0.000241   0.000146   0.001400  0.000E+00  max increase

           waiting for fully convective core to develop           4    3.8788011568513858D-02
          5   5.478116   4377.363 -21.400538 -21.400538   5.000000   5.000000   0.755800   0.000071   0.242800 -10.988235    478      0
-3.7959E+00   5.477549   2.097825 -99.000000 -22.798406 -99.000000   0.000000   0.242800   0.000657   0.001400   0.024902      3
 3.1000E-04  -4.591998   3.715194 -99.000000 -99.000000  -7.996716   0.000000   0.000241   0.000146   0.001400  0.000E+00  max increase

           waiting for fully convective core to develop           5    3.8787974411585747D-02
          6   5.478117   4366.624 -21.400534 -21.400534   5.000000   5.000000   0.755800   0.000071   0.242800 -10.988229    461      0
-3.4949E+00   5.477549   2.097755 -99.000000 -22.798402 -99.000000   0.000000   0.242800   0.000657   0.001400   0.024902      3
 6.3000E-04  -4.591996   3.710788 -99.000000 -99.000000  -7.992273   0.000000   0.000241   0.000146   0.001400  0.000E+00  max increase

           waiting for fully convective core to develop           6    3.8787910131602876D-02
          7   5.478117   4351.677 -21.400526 -21.400526   5.000000   5.000000   0.755800   0.000071   0.242800 -10.988224    476      0
-3.1938E+00   5.477549   2.097652 -99.000000 -22.798394 -99.000000   0.000000   0.242800   0.000657   0.001400   0.024902      3
 1.2700E-03  -4.591994   3.704625 -99.000000 -99.000000  -7.986308   0.000000   0.000241   0.000146   0.001400  0.000E+00  max increase

           waiting for fully convective core to develop           7    3.8787807496168225D-02
          8   5.478119   4333.478 -21.400509 -21.400509   5.000000   5.000000   0.755800   0.000071   0.242800 -10.988220    463      0
-2.8928E+00   5.477550   2.097515 -99.000000 -22.798377 -99.000000   0.000000   0.242800   0.000657   0.001400   0.024902      3
 2.5500E-03  -4.591991   3.697069 -99.000000 -99.000000  -7.979366   0.000000   0.000241   0.000146   0.001400  0.000E+00  max increase

           waiting for fully convective core to develop           8    3.8787652981863950D-02
          9   5.478122   4314.863 -21.400474 -21.400474   5.000000   5.000000   0.755800   0.000071   0.242800 -10.988217    479      0
-2.5918E+00   5.477552   2.097348 -99.000000 -22.798342 -99.000000   0.000000   0.242800   0.000657   0.001400   0.024902      3
 5.1100E-03  -4.591986   3.689258 -99.000000 -99.000000  -7.972583   0.000000   0.000241   0.000146   0.001400  0.000E+00  max increase

           waiting for fully convective core to develop           9    3.3906047700441769D-02

__________________________________________________________________________________________________________________________________________________

       step    lg_Tmax     Teff     lg_LH      lg_Lnuc_tot     Mass       H_rich     H_cntr     N_cntr     Y_surf   eta_cntr   zones  retry
  lg_dt_yrs    lg_Tcntr    lg_R     lg_L3a     lg_Lneu     lg_Mdot    He_core    He_cntr    O_cntr     Z_surf   gam_cntr   iters  
    age_yrs    lg_Dcntr    lg_L     lg_LZ      lg_Lphoto   lg_Dsurf   CO_core    C_cntr     Ne_cntr    Z_cntr   v_div_cs       dt_limit
__________________________________________________________________________________________________________________________________________________

         10   5.478116   4297.883 -21.400402 -21.400402   5.000000   5.000000   0.755800   0.000071   0.242800 -10.988214    466      0
-2.2907E+00   5.477557   2.097161 -99.000000 -22.798270 -99.000000   0.000000   0.242800   0.000657   0.001400   0.024902      3
 1.0230E-02  -4.591977   3.682035 -99.000000 -99.000000  -7.966632   0.000000   0.000241   0.000146   0.001400  0.000E+00  max increase

           waiting for fully convective core to develop          10    3.3897656227189175D-02
         11   5.478114   4284.427 -21.400254 -21.400254   5.000000   5.000000   0.755800   0.000071   0.242800 -10.988211    479      0
-1.9897E+00   5.477566   2.096962 -99.000000 -22.798122 -99.000000   0.000000   0.242800   0.000657   0.001400   0.024902      3
 2.0470E-02  -4.591962   3.676188 -99.000000 -99.000000  -7.962026   0.000000   0.000241   0.000146   0.001400  0.000E+00  max increase

           waiting for fully convective core to develop          11    2.9192735006410717D-02
         12   5.478124   4275.356 -21.399953 -21.399953   5.000000   5.000000   0.755800   0.000071   0.242800 -10.988204    462      0
-1.6887E+00   5.477584   2.096754 -99.000000 -22.797821 -99.000000   0.000000   0.242800   0.000657   0.001400   0.024902      3
 4.0950E-02  -4.591933   3.672091 -99.000000 -99.000000  -7.958914   0.000000   0.000241   0.000146   0.001400  0.000E+00  max increase

           waiting for fully convective core to develop          12    2.4688577283215499D-02
         13   5.478156   4269.983 -21.399339 -21.399339   5.000000   5.000000   0.755800   0.000071   0.242800 -10.988192    477      0
-1.3876E+00   5.477620   2.096540 -99.000000 -22.797207 -99.000000   0.000000   0.242800   0.000657   0.001400   0.024901      3
 8.1910E-02  -4.591873   3.669479 -99.000000 -99.000000  -7.956994   0.000000   0.000241   0.000146   0.001400  0.000E+00  max increase

           waiting for fully convective core to develop          13    1.5164357380702471D-04
         14   5.478227   4267.340 -21.398093 -21.398093   5.000000   5.000000   0.755800   0.000071   0.242800 -10.988166    461      0
-1.0866E+00   5.477694   2.096319 -99.000000 -22.795961 -99.000000   0.000000   0.242800   0.000657   0.001400   0.024899      3
 1.6383E-01  -4.591751   3.667960 -99.000000 -99.000000  -7.955923   0.000000   0.000241   0.000146   0.001400  0.000E+00  max increase

           waiting for fully convective core to develop          14    2.0230865011156436D-04
         15   5.478373   4266.311 -21.395562 -21.395562   5.000000   5.000000   0.755800   0.000071   0.242800 -10.988112    476      0
-7.8558E-01   5.477848   2.096069 -99.000000 -22.793430 -99.000000   0.000000   0.242800   0.000657   0.001400   0.024895      3
 3.2767E-01  -4.591497   3.667041 -99.000000 -99.000000  -7.955319   0.000000   0.000241   0.000146   0.001400  0.000E+00  max increase

           waiting for fully convective core to develop          15    2.4502410704133417D-04
         16   5.478682   4266.186 -21.390554 -21.390554   5.000000   5.000000   0.755800   0.000071   0.242800 -10.988002    460      0
-4.8455E-01   5.478171   2.095735 -99.000000 -22.788422 -99.000000   0.000000   0.242800   0.000657   0.001400   0.024886      3
 6.5535E-01  -4.590965   3.666322 -99.000000 -99.000000  -7.954896   0.000000   0.000241   0.000146   0.001400  0.000E+00  max increase

           waiting for fully convective core to develop          16    2.0392067384798863D-02
         17   5.479339   4266.594 -21.381207 -21.381207   5.000000   5.000000   0.755800   0.000071   0.242800 -10.987770    476      0
-1.8352E-01   5.478861   2.095199 -99.000000 -22.779075 -99.000000   0.000000   0.242800   0.000657   0.001400   0.024869      3
 1.3107E+00  -4.589828   3.665416 -36.850598 -99.000000  -7.954404   0.000000   0.000241   0.000146   0.001400  0.000E+00  max increase

           waiting for fully convective core to develop          17    3.3537291809516171D-03
         18   5.480263   4267.603 -21.362693 -21.362693   5.000000   5.000000   0.755800   0.000071   0.242800 -10.987298    460      0
 1.1751E-01   5.480263   2.094218 -99.000000 -22.760561 -99.000000   0.000000   0.242800   0.000657   0.001400   0.024832      3
 2.6214E+00  -4.587521   3.663866 -99.000000 -99.000000  -7.953587   0.000000   0.000241   0.000146   0.001400  0.000E+00  max increase

           waiting for fully convective core to develop          18    2.2903609359316963D-04
         19   5.483051   4269.652 -21.326194 -21.326194   5.000000   5.000000   0.755800   0.000071   0.242800 -10.986350    476      0
 4.1854E-01   5.483051   2.092318 -99.000000 -22.724062 -99.000000   0.000000   0.242800   0.000657   0.001400   0.024761      3
 5.2429E+00  -4.582928   3.660900 -99.000000 -99.000000  -7.952032   0.000000   0.000241   0.000146   0.001400  0.000E+00  max increase

           waiting for fully convective core to develop          19    1.3108849185964293D-04

__________________________________________________________________________________________________________________________________________________

       step    lg_Tmax     Teff     lg_LH      lg_Lnuc_tot     Mass       H_rich     H_cntr     N_cntr     Y_surf   eta_cntr   zones  retry
  lg_dt_yrs    lg_Tcntr    lg_R     lg_L3a     lg_Lneu     lg_Mdot    He_core    He_cntr    O_cntr     Z_surf   gam_cntr   iters  
    age_yrs    lg_Dcntr    lg_L     lg_LZ      lg_Lphoto   lg_Dsurf   CO_core    C_cntr     Ne_cntr    Z_cntr   v_div_cs       dt_limit
__________________________________________________________________________________________________________________________________________________

         20   5.486578   4273.674 -21.254969 -21.254969   5.000000   5.000000   0.755800   0.000071   0.242800 -10.972961    460      0
 7.1957E-01   5.486578   2.088610 -99.000000 -22.652837 -99.000000   0.000000   0.242800   0.000657   0.001400   0.024771      3
 1.0486E+01  -4.571823   3.655120 -99.000000 -99.000000  -7.949008   0.000000   0.000241   0.000146   0.001400  0.000E+00  max increase

           waiting for fully convective core to develop          20    5.9899807834289270D-06
         21   5.493603   4281.326 -21.118821 -21.118821   5.000000   5.000000   0.755800   0.000071   0.242800 -10.948863    476      0
 1.0206E+00   5.493603   2.081502 -99.000000 -22.516689 -99.000000   0.000000   0.242800   0.000657   0.001400   0.024769      3
 2.0972E+01  -4.550819   3.644010 -99.000000 -99.000000  -7.943207   0.000000   0.000241   0.000146   0.001400  0.000E+00  max increase

             relative mass of radiative core still tiny          21    7.8168565342817686D-08
         22   5.505596   4293.645 -20.887665 -20.887665   5.000000   5.000000   0.755800   0.000071   0.242800 -10.907710    467      0
 1.2846E+00   5.505596   2.069364 -99.000000 -22.285533 -99.000000   0.000000   0.242800   0.000657   0.001400   0.024767      3
 4.0227E+01  -4.514958   3.624726 -99.000000 -99.000000  -7.933108   0.000000   0.000241   0.000146   0.001400  0.000E+00    varcontrol

             relative mass of radiative core still tiny          22    7.8168565120773081D-08
         23   5.521160   4312.726 -20.590146 -20.590146   5.000000   5.000000   0.755800   0.000071   0.242800 -10.854276    482      0
 1.4377E+00   5.521160   2.053586 -99.000000 -21.988014 -99.000000   0.000000   0.242800   0.000657   0.001400   0.024764      3
 6.7623E+01  -4.468406   3.600873 -99.000000 -99.000000  -7.921079   0.000000   0.000241   0.000146   0.001400  0.000E+00    varcontrol

             relative mass of radiative core still tiny          23    7.8168564454639267D-08
         24   5.538638   4331.020 -20.259479 -20.259479   5.000000   5.000000   0.755800   0.000071   0.242800 -10.794227    463      0
 1.5342E+00   5.538638   2.035866 -99.000000 -21.657347 -99.000000   0.000000   0.242800   0.000657   0.001400   0.024762      3
 1.0183E+02  -4.416109   3.572787 -99.000000 -99.000000  -7.906712   0.000000   0.000241   0.000146   0.001400  0.000E+00    varcontrol

             relative mass of radiative core still tiny          24    7.8168564454639267D-08
         25   5.557081   4351.921 -19.914586 -19.914586   5.000000   5.000000   0.755800   0.000071   0.242800 -10.730831    477      0
 1.6055E+00   5.557081   2.017149 -99.000000 -21.312454 -99.000000   0.000000   0.242800   0.000657   0.001400   0.024759      3
 1.4215E+02  -4.360914   3.543716 -35.822569 -99.000000  -7.892302   0.000000   0.000241   0.000146   0.001400  0.000E+00    varcontrol

             relative mass of radiative core still tiny          25    7.8168564676683872D-08
         26   5.575957   4372.067 -19.565827 -19.565827   5.000000   5.000000   0.755800   0.000071   0.242800 -10.665905    468      0
 1.6652E+00   5.575957   1.997984 -99.000000 -20.963695 -99.000000   0.000000   0.242800   0.000657   0.001400   0.024757      3
 1.8840E+02  -4.304402   3.513409 -99.000000 -99.000000  -7.877375   0.000000   0.000241   0.000146   0.001400  0.000E+00    varcontrol

             relative mass of radiative core still tiny          26    7.8168564676683872D-08
         27   5.595014   4393.863 -19.218058 -19.218058   5.000000   5.000000   0.755800   0.000071   0.242800 -10.600328    488      0
 1.7188E+00   5.595014   1.978619 -99.000000 -20.615926 -99.000000   0.000000   0.242800   0.000657   0.001400   0.024755      3
 2.4075E+02  -4.247337   3.483318 -99.000000 -99.000000  -7.863167   0.000000   0.000241   0.000146   0.001400  0.000E+00    varcontrol

             relative mass of radiative core still tiny          27    7.8168565342817686D-08
         28   5.614103   4414.122 -18.874021 -18.874021   5.000000   5.000000   0.755800   0.000071   0.242800 -10.534613    486      0
 1.7698E+00   5.614103   1.959219 -99.000000 -20.271889 -99.000000   0.000000   0.242800   0.000657   0.001400   0.024753      3
 2.9960E+02  -4.190164   3.452508 -99.000000 -99.000000  -7.848677   0.000000   0.000241   0.000146   0.001400  0.000E+00    varcontrol

             relative mass of radiative core still tiny          28    7.8168564898728476D-08
         29   5.633302   4434.955 -18.532295 -18.532295   5.000000   5.000000   0.755800   0.000071   0.242800 -10.468496    494      0
 1.8226E+00   5.633302   1.939698 -99.000000 -19.930163 -99.000000   0.000000   0.242800   0.000657   0.001400   0.024752      3
 3.6608E+02  -4.132652   3.421647 -99.000000 -99.000000  -7.834672   0.000000   0.000241   0.000146   0.001400  0.000E+00    varcontrol

             relative mass of radiative core still tiny          29    7.8168565342817686D-08

__________________________________________________________________________________________________________________________________________________

       step    lg_Tmax     Teff     lg_LH      lg_Lnuc_tot     Mass       H_rich     H_cntr     N_cntr     Y_surf   eta_cntr   zones  retry
  lg_dt_yrs    lg_Tcntr    lg_R     lg_L3a     lg_Lneu     lg_Mdot    He_core    He_cntr    O_cntr     Z_surf   gam_cntr   iters  
    age_yrs    lg_Dcntr    lg_L     lg_LZ      lg_Lphoto   lg_Dsurf   CO_core    C_cntr     Ne_cntr    Z_cntr   v_div_cs       dt_limit
__________________________________________________________________________________________________________________________________________________

         30   5.652529   4454.911 -18.194303 -18.194303   5.000000   5.000000   0.755800   0.000071   0.242800 -10.402257    493      0
 1.8741E+00   5.652529   1.920145 -99.000000 -19.592171 -99.000000   0.000000   0.242800   0.000657   0.001400   0.024750      3
 4.4091E+02  -4.075043   3.390340 -99.000000 -99.000000  -7.820655   0.000000   0.000241   0.000146   0.001400  0.000E+00    varcontrol

             relative mass of radiative core still tiny          30    7.8168564898728476D-08
         31   5.671774   4475.772 -17.860203 -17.860203   5.000000   5.000000   0.755800   0.000071   0.242800 -10.335938    497      0
 1.9250E+00   5.671774   1.900568 -99.000000 -19.258071 -99.000000   0.000000   0.242800   0.000657   0.001400   0.024749      3
 5.2505E+02  -4.017373   3.359301 -99.000000 -99.000000  -7.807477   0.000000   0.000241   0.000146   0.001400  0.000E+00    varcontrol

             relative mass of radiative core still tiny          31    7.8168564898728476D-08
         32   5.691007   4493.827 -17.530446 -17.530446   5.000000   5.000000   0.755800   0.000071   0.242800 -10.269639    503      0
 1.9763E+00   5.691007   1.881005 -99.000000 -18.928314 -99.000000   0.000000   0.242800   0.000657   0.001400   0.024748      3
 6.1975E+02  -3.959731   3.327169 -33.113300 -99.000000  -7.793342   0.000000   0.000241   0.000146   0.001400  0.000E+00    varcontrol

             relative mass of radiative core still tiny          32    7.8168564898728476D-08
         33   5.710257   4515.148 -17.204472 -17.204472   5.000000   5.000000   0.755800   0.000071   0.242800 -10.203265    486      0
 2.0271E+00   5.710257   1.861416 -99.000000 -18.602340 -99.000000   0.000000   0.242800   0.000657   0.001400   0.024747      3
 7.2619E+02  -3.902030   3.296213 -99.000000 -99.000000  -7.781230   0.000000   0.000241   0.000146   0.001400  0.000E+00    varcontrol

             relative mass of radiative core still tiny          33    7.8168565120773081D-08
         34   5.729436   4534.304 -16.883693 -16.883693   5.000000   5.000000   0.755800   0.000071   0.242800 -10.137117    490      0
 2.0765E+00   5.729436   1.841901 -99.000000 -18.281561 -99.000000   0.000000   0.242800   0.000657   0.001400   0.024746      3
 8.4546E+02  -3.844533   3.264539 -99.000000 -99.000000  -7.768413   0.000000   0.000241   0.000146   0.001400  0.000E+00    varcontrol

             relative mass of radiative core still tiny          34    7.8168565564862291D-08
         35   5.748537   4553.290 -16.568140 -16.568140   5.000000   5.000000   0.755800   0.000071   0.242800 -10.071229    497      0
 2.1256E+00   5.748537   1.822466 -99.000000 -17.966008 -99.000000   0.000000   0.242800   0.000657   0.001400   0.024745      3
 9.7900E+02  -3.787266   3.232927 -99.000000 -99.000000  -7.755878   0.000000   0.000241   0.000146   0.001400  0.000E+00    varcontrol

             relative mass of radiative core still tiny          35    7.8168565564862291D-08
         36   5.767550   4571.042 -16.257860 -16.257860   5.000000   5.000000   0.755800   0.000071   0.242800 -10.005634    494      0
 2.1747E+00   5.767550   1.803122 -99.000000 -17.655728 -99.000000   0.000000   0.242800   0.000657   0.001400   0.024745      3
 1.1285E+03  -3.730259   3.200998 -99.000000 -99.000000  -7.742975   0.000000   0.000241   0.000146   0.001400  0.000E+00    varcontrol

             relative mass of radiative core still tiny          36    7.8168565120773081D-08
         37   5.786517   4590.972 -15.952075 -15.952075   5.000000   5.000000   0.755800   0.000071   0.242800  -9.940189    498      0
 2.2237E+00   5.786517   1.783823 -99.000000 -17.349944 -99.000000   0.000000   0.242800   0.000657   0.001400   0.024744      3
 1.2959E+03  -3.673385   3.169957 -31.608150 -99.000000  -7.731626   0.000000   0.000241   0.000146   0.001400  0.000E+00    varcontrol

             relative mass of radiative core still tiny          37    7.8168565564862291D-08
         38   5.805475   4610.096 -15.650121 -15.650121   5.000000   5.000000   0.755800   0.000071   0.242800  -9.874768    524      0
 2.2739E+00   5.805475   1.764535 -99.000000 -17.047989 -99.000000   0.000000   0.242800   0.000657   0.001400   0.024744      3
 1.4838E+03  -3.616536   3.138604 -99.000000 -99.000000  -7.720011   0.000000   0.000241   0.000146   0.001400  0.000E+00    varcontrol

             relative mass of radiative core still tiny          38    7.8168565342817686D-08
         39   5.824482   4628.022 -15.351021 -15.351021   5.000000   5.000000   0.755800   0.000071   0.242800  -9.809167    501      0
 2.3261E+00   5.824482   1.745201 -99.000000 -16.748889 -99.000000   0.000000   0.242800   0.000657   0.001400   0.024744      3
 1.6957E+03  -3.559534   3.106678 -99.000000 -99.000000  -7.707748   0.000000   0.000241   0.000146   0.001400  0.000E+00    varcontrol

             relative mass of radiative core still tiny          39    7.8168565120773081D-08

__________________________________________________________________________________________________________________________________________________

       step    lg_Tmax     Teff     lg_LH      lg_Lnuc_tot     Mass       H_rich     H_cntr     N_cntr     Y_surf   eta_cntr   zones  retry
  lg_dt_yrs    lg_Tcntr    lg_R     lg_L3a     lg_Lneu     lg_Mdot    He_core    He_cntr    O_cntr     Z_surf   gam_cntr   iters  
    age_yrs    lg_Dcntr    lg_L     lg_LZ      lg_Lphoto   lg_Dsurf   CO_core    C_cntr     Ne_cntr    Z_cntr   v_div_cs       dt_limit
__________________________________________________________________________________________________________________________________________________

         40   5.843509   4647.443 -15.055194 -15.055194   5.000000   5.000000   0.755800   0.000071   0.242800  -9.743486    526      0
 2.3771E+00   5.843509   1.725847 -99.000000 -16.453062 -99.000000   0.000000   0.242800   0.000657   0.001400   0.024743      3
 1.9340E+03  -3.502467   3.075243 -99.000000 -99.000000  -7.696528   0.000000   0.000241   0.000146   0.001400  0.000E+00    varcontrol

             relative mass of radiative core still tiny          40    7.8168565120773081D-08
         41   5.862543   4666.169 -14.762824 -14.762824   5.000000   5.000000   0.755800   0.000071   0.242800  -9.677774    513      0
 2.4281E+00   5.862543   1.706490 -99.000000 -16.160692 -99.000000   0.000000   0.242800   0.000657   0.001400   0.024743      3
 2.2019E+03  -3.445377   3.043515 -99.000000 -99.000000  -7.684969   0.000000   0.000241   0.000146   0.001400  0.000E+00    varcontrol

             relative mass of radiative core still tiny          41    7.8168564898728476D-08
         42   5.881560   4683.109 -14.474201 -14.474201   5.000000   5.000000   0.755800   0.000071   0.242800  -9.612109    525      0
 2.4792E+00   5.881560   1.687154 -99.000000 -15.872069 -99.000000   0.000000   0.242800   0.000657   0.001400   0.024743      3
 2.5033E+03  -3.388333   3.011139 -99.000000 -99.000000  -7.672334   0.000000   0.000241   0.000146   0.001400  0.000E+00    varcontrol

             relative mass of radiative core still tiny          42    7.8168564676683872D-08
         43   5.900582   4702.521 -14.188948 -14.188948   5.000000   5.000000   0.755800   0.000071   0.242800  -9.546421    513      0
 2.5298E+00   5.900582   1.667815 -99.000000 -15.586816 -99.000000   0.000000   0.242800   0.000657   0.001400   0.024743      3
 2.8421E+03  -3.331271   2.979647 -99.000000 -99.000000  -7.661359   0.000000   0.000241   0.000146   0.001400  0.000E+00    varcontrol

             relative mass of radiative core still tiny          43    7.8168564898728476D-08
         44   5.919586   4720.151 -13.907351 -13.907351   5.000000   5.000000   0.755800   0.000071   0.242800  -9.480788    531      0
 2.5806E+00   5.919586   1.648499 -99.000000 -15.305219 -99.000000   0.000000   0.242800   0.000657   0.001400   0.024743      3
 3.2228E+03  -3.274260   2.947515 -99.000000 -99.000000  -7.649254   0.000000   0.000241   0.000146   0.001400  0.000E+00    varcontrol

             relative mass of radiative core still tiny          44    7.8168564676683872D-08
         45   5.938390   4739.636 -13.628953 -13.628953   5.000000   5.000000   0.755800   0.000071   0.242800  -9.413781    537      0
 2.6315E+00   5.938390   1.629173 -99.000000 -15.026821 -99.000000   0.000000   0.242800   0.000657   0.001400   0.024760      3
 3.6509E+03  -3.216952   2.916019 -99.000000 -99.000000  -7.638373   0.000000   0.000241   0.000146   0.001400  0.000E+00    varcontrol

             relative mass of radiative core still tiny          45    7.8168564232594662D-08
         46   5.956673   4757.738 -13.354001 -13.354001   5.000000   5.000000   0.755800   0.000071   0.242800  -9.342905    541      0
 2.6836E+00   5.956673   1.609822 -99.000000 -14.751869 -99.000000   0.000000   0.242800   0.000657   0.001400   0.024824      3
 4.1334E+03  -3.158745   2.883941 -99.000000 -99.000000  -7.626516   0.000000   0.000241   0.000146   0.001400  0.000E+00    varcontrol

                 finished relax to begin radiative core          46    6.9136671617960332D-03

 finished doing relax_to_radiative_core

 read my_history_columns.list
 read my_profile_columns.list
                                 set_initial_dt (years)    1.0000000000000000D+00
                             set_initial_number_retries           0
 net name basic.net
 kap_option gs98
 kap_CO_option gs98_co
 kap_lowT_option lowT_fa05_gs98
                                        OMP_NUM_THREADS          16


__________________________________________________________________________________________________________________________________________________

       step    lg_Tmax     Teff     lg_LH      lg_Lnuc_tot     Mass       H_rich     H_cntr     N_cntr     Y_surf   eta_cntr   zones  retry
  lg_dt_yrs    lg_Tcntr    lg_R     lg_L3a     lg_Lneu     lg_Mdot    He_core    He_cntr    O_cntr     Z_surf   gam_cntr   iters  
    age_yrs    lg_Dcntr    lg_L     lg_LZ      lg_Lphoto   lg_Dsurf   CO_core    C_cntr     Ne_cntr    Z_cntr   v_div_cs       dt_limit
__________________________________________________________________________________________________________________________________________________

          1   5.956711   4757.764 -13.353437 -13.353437   5.000000   5.000000   0.755800   0.000071   0.242800  -9.342759    541      0
 0.0000E+00   5.956711   1.609782 -99.000000 -14.751305  -9.219632   0.000000   0.242800   0.000657   0.001400   0.024824      2
 1.0000E+00  -3.158624   2.883870 -99.000000 -99.000000  -7.626507   0.000000   0.000241   0.000146   0.001400  0.000E+00    varcontrol

save LOGS/profile1.data for model 1
 Loading precomputed flux cube from:/home/njm/MESA/mesa/colors/data/stellar_models/Kurucz2003all//flux_cube.bin
 Loaded flux cube with dimensions:          76 x          11 x           9 x        1173
 Performing interpolation at target parameters...
 Interpolation complete
          2   5.956757   4758.699 -13.352757 -13.352757   5.000000   5.000000   0.755800   0.000071   0.242800  -9.342582    543      0
 7.9181E-02   5.956757   1.609734 -99.000000 -14.750625  -9.219761   0.000000   0.242800   0.000657   0.001400   0.024824      3
 2.2000E+00  -3.158479   2.884115 -99.000000 -99.000000  -7.627079   0.000000   0.000241   0.000146   0.001400  0.000E+00  max increase

 Loading precomputed flux cube from:/home/njm/MESA/mesa/colors/data/stellar_models/Kurucz2003all//flux_cube.bin
 Loaded flux cube with dimensions:          76 x          11 x           9 x        1173
 Performing interpolation at target parameters...
 Interpolation complete
          3   5.956811   4758.752 -13.351942 -13.351942   5.000000   5.000000   0.755800   0.000071   0.242800  -9.342371    541      0
 1.5836E-01   5.956811   1.609676 -99.000000 -14.749810  -9.219471   0.000000   0.242800   0.000657   0.001400   0.024824      2
 3.6400E+00  -3.158306   2.884018 -99.000000 -99.000000  -7.627043   0.000000   0.000241   0.000146   0.001400  0.000E+00  max increase

 Loading precomputed flux cube from:/home/njm/MESA/mesa/colors/data/stellar_models/Kurucz2003all//flux_cube.bin
 Loaded flux cube with dimensions:          76 x          11 x           9 x        1173
 Performing interpolation at target parameters...
 Interpolation complete
          4   5.956877   4758.816 -13.350963 -13.350963   5.000000   5.000000   0.755800   0.000071   0.242800  -9.342117    544      0
 2.3754E-01   5.956877   1.609607 -99.000000 -14.748832  -9.219650   0.000000   0.242800   0.000657   0.001400   0.024824      2
 5.3680E+00  -3.158097   2.883903 -99.000000 -99.000000  -7.627000   0.000000   0.000241   0.000146   0.001400  0.000E+00  max increase

 Loading precomputed flux cube from:/home/njm/MESA/mesa/colors/data/stellar_models/Kurucz2003all//flux_cube.bin
 Loaded flux cube with dimensions:          76 x          11 x           9 x        1173
 Performing interpolation at target parameters...
 Interpolation complete
          5   5.956955   4758.893 -13.349790 -13.349790   5.000000   5.000000   0.755800   0.000071   0.242800  -9.341813    541      0
 3.1672E-01   5.956955   1.609524 -99.000000 -14.747658  -9.219863   0.000000   0.242800   0.000657   0.001400   0.024825      2
 7.4416E+00  -3.157847   2.883765 -99.000000 -99.000000  -7.626949   0.000000   0.000241   0.000146   0.001400  0.000E+00  max increase

 Loading precomputed flux cube from:/home/njm/MESA/mesa/colors/data/stellar_models/Kurucz2003all//flux_cube.bin
 Loaded flux cube with dimensions:          76 x          11 x           9 x        1173
 Performing interpolation at target parameters...
 Interpolation complete
          6   5.957050   4758.985 -13.348384 -13.348384   5.000000   5.000000   0.755800   0.000071   0.242800  -9.341448    544      0
 3.9591E-01   5.957050   1.609424 -99.000000 -14.746252  -9.220119   0.000000   0.242800   0.000657   0.001400   0.024825      2
 9.9299E+00  -3.157548   2.883600 -28.898880 -99.000000  -7.626887   0.000000   0.000241   0.000146   0.001400  0.000E+00  max increase

 Loading precomputed flux cube from:/home/njm/MESA/mesa/colors/data/stellar_models/Kurucz2003all//flux_cube.bin
 Loaded flux cube with dimensions:          76 x          11 x           9 x        1173
 Performing interpolation at target parameters...
 Interpolation complete
          7   5.957162   4759.096 -13.346697 -13.346697   5.000000   5.000000   0.755800   0.000071   0.242800  -9.341011    541      0
 4.7509E-01   5.957162   1.609305 -99.000000 -14.744565  -9.220426   0.000000   0.242800   0.000657   0.001400   0.024825      2
 1.2916E+01  -3.157188   2.883401 -99.000000 -99.000000  -7.626813   0.000000   0.000241   0.000146   0.001400  0.000E+00  max increase

 Loading precomputed flux cube from:/home/njm/MESA/mesa/colors/data/stellar_models/Kurucz2003all//flux_cube.bin
 Loaded flux cube with dimensions:          76 x          11 x           9 x        1173
 Performing interpolation at target parameters...
 Interpolation complete
          8   5.957298   4759.228 -13.344675 -13.344675   5.000000   5.000000   0.755800   0.000071   0.242800  -9.340486    544      0
 5.5427E-01   5.957298   1.609162 -99.000000 -14.742543  -9.220794   0.000000   0.242800   0.000657   0.001400   0.024826      2
 1.6499E+01  -3.156757   2.883163 -99.000000 -99.000000  -7.626724   0.000000   0.000241   0.000146   0.001400  0.000E+00  max increase

 Loading precomputed flux cube from:/home/njm/MESA/mesa/colors/data/stellar_models/Kurucz2003all//flux_cube.bin
 Loaded flux cube with dimensions:          76 x          11 x           9 x        1173
 Performing interpolation at target parameters...
 Interpolation complete
          9   5.957460   4759.387 -13.342251 -13.342251   5.000000   5.000000   0.755800   0.000071   0.242800  -9.339856    541      0
 6.3345E-01   5.957460   1.608990 -99.000000 -14.740119  -9.221235   0.000000   0.242800   0.000657   0.001400   0.024826      2
 2.0799E+01  -3.156241   2.882878 -99.000000 -99.000000  -7.626618   0.000000   0.000241   0.000146   0.001400  0.000E+00  max increase

 Loading precomputed flux cube from:/home/njm/MESA/mesa/colors/data/stellar_models/Kurucz2003all//flux_cube.bin
 Loaded flux cube with dimensions:          76 x          11 x           9 x        1173
 Performing interpolation at target parameters...
 Interpolation complete

__________________________________________________________________________________________________________________________________________________

       step    lg_Tmax     Teff     lg_LH      lg_Lnuc_tot     Mass       H_rich     H_cntr     N_cntr     Y_surf   eta_cntr   zones  retry
  lg_dt_yrs    lg_Tcntr    lg_R     lg_L3a     lg_Lneu     lg_Mdot    He_core    He_cntr    O_cntr     Z_surf   gam_cntr   iters  
    age_yrs    lg_Dcntr    lg_L     lg_LZ      lg_Lphoto   lg_Dsurf   CO_core    C_cntr     Ne_cntr    Z_cntr   v_div_cs       dt_limit
__________________________________________________________________________________________________________________________________________________

         10   5.957654   4759.578 -13.339347 -13.339347   5.000000   5.000000   0.755800   0.000071   0.242800  -9.339101    544      0
 7.1263E-01   5.957654   1.608784 -99.000000 -14.737215  -9.221764   0.000000   0.242800   0.000657   0.001400   0.024827      2
 2.5959E+01  -3.155621   2.882536 -99.000000 -99.000000  -7.626490   0.000000   0.000241   0.000146   0.001400  0.000E+00  max increase

 Loading precomputed flux cube from:/home/njm/MESA/mesa/colors/data/stellar_models/Kurucz2003all//flux_cube.bin
 Loaded flux cube with dimensions:          76 x          11 x           9 x        1173
 Performing interpolation at target parameters...
 Interpolation complete
         11   5.957887   4759.806 -13.335867 -13.335867   5.000000   5.000000   0.755800   0.000071   0.242800  -9.338197    541      0
 7.9181E-01   5.957887   1.608538 -99.000000 -14.733735  -9.222398   0.000000   0.242800   0.000657   0.001400   0.024828      2
 3.2150E+01  -3.154879   2.882126 -99.000000 -99.000000  -7.626337   0.000000   0.000241   0.000146   0.001400  0.000E+00  max increase

 Loading precomputed flux cube from:/home/njm/MESA/mesa/colors/data/stellar_models/Kurucz2003all//flux_cube.bin
 Loaded flux cube with dimensions:          76 x          11 x           9 x        1173
 Performing interpolation at target parameters...
 Interpolation complete
         12   5.958166   4760.079 -13.331700 -13.331700   5.000000   5.000000   0.755800   0.000071   0.242800  -9.337112    544      0
 8.7099E-01   5.958166   1.608242 -99.000000 -14.729568  -9.223158   0.000000   0.242800   0.000657   0.001400   0.024829      2
 3.9581E+01  -3.153990   2.881635 -29.199910 -99.000000  -7.626154   0.000000   0.000241   0.000146   0.001400  0.000E+00  max increase

 Loading precomputed flux cube from:/home/njm/MESA/mesa/colors/data/stellar_models/Kurucz2003all//flux_cube.bin
 Loaded flux cube with dimensions:          76 x          11 x           9 x        1173
 Performing interpolation at target parameters...
 Interpolation complete
         13   5.958500   4760.406 -13.326711 -13.326711   5.000000   5.000000   0.755800   0.000071   0.242800  -9.335812    541      0
 9.5017E-01   5.958500   1.607889 -99.000000 -14.724580  -9.224068   0.000000   0.242800   0.000657   0.001400   0.024830      6
 4.8497E+01  -3.152925   2.881047 -99.000000 -99.000000  -7.625935   0.000000   0.000241   0.000146   0.001400  0.000E+00  max increase

 Loading precomputed flux cube from:/home/njm/MESA/mesa/colors/data/stellar_models/Kurucz2003all//flux_cube.bin
 Loaded flux cube with dimensions:          76 x          11 x           9 x        1173
 Performing interpolation at target parameters...
 Interpolation complete
         14   5.958899   4760.797 -13.320743 -13.320743   5.000000   5.000000   0.755800   0.000071   0.242800  -9.334255    544      0
 1.0294E+00   5.958899   1.607466 -99.000000 -14.718611  -9.225158   0.000000   0.242800   0.000657   0.001400   0.024832      2
 5.9196E+01  -3.151649   2.880344 -99.000000 -99.000000  -7.625672   0.000000   0.000241   0.000146   0.001400  0.000E+00  max increase

 Loading precomputed flux cube from:/home/njm/MESA/mesa/colors/data/stellar_models/Kurucz2003all//flux_cube.bin
 Loaded flux cube with dimensions:          76 x          11 x           9 x        1173
 Performing interpolation at target parameters...
 Interpolation complete
         15   5.959377   4761.266 -13.313605 -13.313605   5.000000   5.000000   0.755800   0.000071   0.242800  -9.332390    541      0
 1.1085E+00   5.959377   1.606959 -99.000000 -14.711473  -9.226463   0.000000   0.242800   0.000657   0.001400   0.024833      2
 7.2035E+01  -3.150123   2.879502 -99.000000 -99.000000  -7.625358   0.000000   0.000241   0.000146   0.001400  0.000E+00  max increase

 Loading precomputed flux cube from:/home/njm/MESA/mesa/colors/data/stellar_models/Kurucz2003all//flux_cube.bin
 Loaded flux cube with dimensions:          76 x          11 x           9 x        1173
 Performing interpolation at target parameters...
 Interpolation complete
         16   5.959947   4761.825 -13.305074 -13.305074   5.000000   5.000000   0.755800   0.000071   0.242800  -9.330157    544      0
 1.1877E+00   5.959947   1.606354 -99.000000 -14.702942  -9.228024   0.000000   0.242800   0.000657   0.001400   0.024836      2
 8.7442E+01  -3.148297   2.878495 -99.000000 -99.000000  -7.624981   0.000000   0.000241   0.000146   0.001400  0.000E+00  max increase

 Loading precomputed flux cube from:/home/njm/MESA/mesa/colors/data/stellar_models/Kurucz2003all//flux_cube.bin
 Loaded flux cube with dimensions:          76 x          11 x           9 x        1173
 Performing interpolation at target parameters...
 Interpolation complete
         17   5.960629   4762.493 -13.294888 -13.294888   5.000000   5.000000   0.755800   0.000071   0.242800  -9.327486    541      0
 1.2669E+00   5.960629   1.605630 -99.000000 -14.692756  -9.229891   0.000000   0.242800   0.000657   0.001400   0.024838      3
 1.0593E+02  -3.146115   2.877292 -99.000000 -99.000000  -7.624532   0.000000   0.000241   0.000146   0.001400  0.000E+00  max increase

 Loading precomputed flux cube from:/home/njm/MESA/mesa/colors/data/stellar_models/Kurucz2003all//flux_cube.bin
 Loaded flux cube with dimensions:          76 x          11 x           9 x        1173
 Performing interpolation at target parameters...
 Interpolation complete
         18   5.961442   4763.289 -13.282735 -13.282735   5.000000   5.000000   0.755800   0.000071   0.242800  -9.324291    544      0
 1.3461E+00   5.961442   1.604767 -99.000000 -14.680603  -9.232121   0.000000   0.242800   0.000657   0.001400   0.024842      3
 1.2812E+02  -3.143508   2.875855 -99.000000 -99.000000  -7.623994   0.000000   0.000241   0.000146   0.001400  0.000E+00  max increase

 Loading precomputed flux cube from:/home/njm/MESA/mesa/colors/data/stellar_models/Kurucz2003all//flux_cube.bin
 Loaded flux cube with dimensions:          76 x          11 x           9 x        1173
 Performing interpolation at target parameters...
 Interpolation complete
         19   5.962410   4764.238 -13.268253 -13.268253   5.000000   5.000000   0.755800   0.000071   0.242800  -9.320473    541      0
 1.4253E+00   5.962410   1.603737 -99.000000 -14.666121  -9.234784   0.000000   0.242800   0.000657   0.001400   0.024845      3
 1.5474E+02  -3.140397   2.874141 -28.898880 -99.000000  -7.623352   0.000000   0.000241   0.000146   0.001400  0.000E+00  max increase

 Loading precomputed flux cube from:/home/njm/MESA/mesa/colors/data/stellar_models/Kurucz2003all//flux_cube.bin
 Loaded flux cube with dimensions:          76 x          11 x           9 x        1173
 Performing interpolation at target parameters...
 Interpolation complete

__________________________________________________________________________________________________________________________________________________

       step    lg_Tmax     Teff     lg_LH      lg_Lnuc_tot     Mass       H_rich     H_cntr     N_cntr     Y_surf   eta_cntr   zones  retry
  lg_dt_yrs    lg_Tcntr    lg_R     lg_L3a     lg_Lneu     lg_Mdot    He_core    He_cntr    O_cntr     Z_surf   gam_cntr   iters  
    age_yrs    lg_Dcntr    lg_L     lg_LZ      lg_Lphoto   lg_Dsurf   CO_core    C_cntr     Ne_cntr    Z_cntr   v_div_cs       dt_limit
__________________________________________________________________________________________________________________________________________________

         20   5.963563   4765.367 -13.251017 -13.251017   5.000000   5.000000   0.755800   0.000071   0.242800  -9.315913    544      0
 1.5044E+00   5.963563   1.602510 -99.000000 -14.648885  -9.237961   0.000000   0.242800   0.000657   0.001400   0.024850      3
 1.8669E+02  -3.136688   2.872099 -28.898880 -99.000000  -7.622586   0.000000   0.000241   0.000146   0.001400  0.000E+00  max increase

 Loading precomputed flux cube from:/home/njm/MESA/mesa/colors/data/stellar_models/Kurucz2003all//flux_cube.bin
 Loaded flux cube with dimensions:          76 x          11 x           9 x        1173
 Performing interpolation at target parameters...
 Interpolation complete
         21   5.964932   4766.706 -13.230539 -13.230539   5.000000   5.000000   0.755800   0.000071   0.242800  -9.310473    541      0
 1.5836E+00   5.964932   1.601051 -99.000000 -14.628408  -9.241746   0.000000   0.242800   0.000657   0.001400   0.024856      3
 2.2503E+02  -3.132271   2.869669 -99.000000 -99.000000  -7.621673   0.000000   0.000241   0.000146   0.001400  0.000E+00  max increase

 Loading precomputed flux cube from:/home/njm/MESA/mesa/colors/data/stellar_models/Kurucz2003all//flux_cube.bin
 Loaded flux cube with dimensions:          76 x          11 x           9 x        1173
 Performing interpolation at target parameters...
 Interpolation complete
         22   5.966555   4768.293 -13.206253 -13.206253   5.000000   5.000000   0.755800   0.000071   0.242800  -9.303988    544      0
 1.6628E+00   5.966555   1.599318 -99.000000 -14.604121  -9.246250   0.000000   0.242800   0.000657   0.001400   0.024863      3
 2.7103E+02  -3.127020   2.866781 -99.000000 -99.000000  -7.620586   0.000000   0.000241   0.000146   0.001400  0.000E+00  max increase

 Loading precomputed flux cube from:/home/njm/MESA/mesa/colors/data/stellar_models/Kurucz2003all//flux_cube.bin
 Loaded flux cube with dimensions:          76 x          11 x           9 x        1173
 Performing interpolation at target parameters...
 Interpolation complete
         23   5.968475   4770.166 -13.177513 -13.177513   5.000000   5.000000   0.755800   0.000071   0.242800  -9.296269    541      0
 1.7420E+00   5.968475   1.597264 -99.000000 -14.575381  -9.251601   0.000000   0.242800   0.000657   0.001400   0.024872      3
 3.2624E+02  -3.120787   2.863355 -99.000000 -99.000000  -7.619292   0.000000   0.000241   0.000146   0.001400  0.000E+00  max increase

 Loading precomputed flux cube from:/home/njm/MESA/mesa/colors/data/stellar_models/Kurucz2003all//flux_cube.bin
 Loaded flux cube with dimensions:          76 x          11 x           9 x        1173
 Performing interpolation at target parameters...
 Interpolation complete
         24   5.970741   4772.370 -13.143591 -13.143591   5.000000   5.000000   0.755800   0.000071   0.242800  -9.287092    544      0
 1.8212E+00   5.970741   1.594835 -99.000000 -14.541459  -9.257947   0.000000   0.242800   0.000657   0.001400   0.024884      3
 3.9248E+02  -3.113403   2.859300 -99.000000 -99.000000  -7.617754   0.000000   0.000241   0.000146   0.001400  0.000E+00  max increase

 Loading precomputed flux cube from:/home/njm/MESA/mesa/colors/data/stellar_models/Kurucz2003all//flux_cube.bin
 Loaded flux cube with dimensions:          76 x          11 x           9 x        1173
 Performing interpolation at target parameters...
 Interpolation complete
         25   5.973405   4774.947 -13.103674 -13.103674   5.000000   5.000000   0.755800   0.000071   0.242800  -9.276201    540      0
 1.9003E+00   5.973405   1.591971 -99.000000 -14.501543  -9.265456   0.000000   0.242800   0.000657   0.001400   0.024898      3
 4.7198E+02  -3.104676   2.854509 -99.000000 -99.000000  -7.615924   0.000000   0.000241   0.000146   0.001400  0.000E+00  max increase

 Loading precomputed flux cube from:/home/njm/MESA/mesa/colors/data/stellar_models/Kurucz2003all//flux_cube.bin
 Loaded flux cube with dimensions:          76 x          11 x           9 x        1173
 Performing interpolation at target parameters...
 Interpolation complete
         26   5.976529   4778.161 -13.056857 -13.056857   5.000000   5.000000   0.755800   0.000071   0.242800  -9.263298    544      0
 1.9795E+00   5.976529   1.588602 -99.000000 -14.454725  -9.274325   0.000000   0.242800   0.000657   0.001400   0.024915      3
 5.6738E+02  -3.094387   2.848942 -99.000000 -99.000000  -7.613896   0.000000   0.000241   0.000146   0.001400  0.000E+00  max increase

 Loading precomputed flux cube from:/home/njm/MESA/mesa/colors/data/stellar_models/Kurucz2003all//flux_cube.bin
 Loaded flux cube with dimensions:          76 x          11 x           9 x        1173
 Performing interpolation at target parameters...
 Interpolation complete
         27   5.980175   4781.695 -13.002177 -13.002177   5.000000   5.000000   0.755800   0.000071   0.242800  -9.248050    543      0
 2.0587E+00   5.980175   1.584657 -99.000000 -14.400045  -9.284663   0.000000   0.242800   0.000657   0.001400   0.024937      3
 6.8185E+02  -3.082295   2.842334 -28.421758 -99.000000  -7.611363   0.000000   0.000241   0.000146   0.001400  0.000E+00  max increase

 Loading precomputed flux cube from:/home/njm/MESA/mesa/colors/data/stellar_models/Kurucz2003all//flux_cube.bin
 Loaded flux cube with dimensions:          76 x          11 x           9 x        1173
 Performing interpolation at target parameters...
 Interpolation complete
         28   5.984411   4785.761 -12.938611 -12.938611   5.000000   5.000000   0.755800   0.000071   0.242800  -9.230079    545      0
 2.1379E+00   5.984411   1.580053 -99.000000 -14.336479  -9.296890   0.000000   0.242800   0.000657   0.001400   0.024965      4
 8.1922E+02  -3.068136   2.834605 -99.000000 -99.000000  -7.608366   0.000000   0.000241   0.000146   0.001400  0.000E+00  max increase

 Loading precomputed flux cube from:/home/njm/MESA/mesa/colors/data/stellar_models/Kurucz2003all//flux_cube.bin
 Loaded flux cube with dimensions:          76 x          11 x           9 x        1173
 Performing interpolation at target parameters...
 Interpolation complete
         29   5.989317   4791.823 -12.865007 -12.865007   4.999999   4.999999   0.755800   0.000071   0.242800  -9.208965    549      0
 2.2171E+00   5.989317   1.574701 -99.000000 -14.262875  -9.311182   0.000000   0.242800   0.000657   0.001400   0.025000      3
 9.8407E+02  -3.051607   2.826100 -99.000000 -99.000000  -7.605790   0.000000   0.000241   0.000146   0.001400  0.000E+00  max increase

 Loading precomputed flux cube from:/home/njm/MESA/mesa/colors/data/stellar_models/Kurucz2003all//flux_cube.bin
 Loaded flux cube with dimensions:          76 x          11 x           9 x        1173
 Performing interpolation at target parameters...
 Interpolation complete

__________________________________________________________________________________________________________________________________________________

       step    lg_Tmax     Teff     lg_LH      lg_Lnuc_tot     Mass       H_rich     H_cntr     N_cntr     Y_surf   eta_cntr   zones  retry
  lg_dt_yrs    lg_Tcntr    lg_R     lg_L3a     lg_Lneu     lg_Mdot    He_core    He_cntr    O_cntr     Z_surf   gam_cntr   iters  
    age_yrs    lg_Dcntr    lg_L     lg_LZ      lg_Lphoto   lg_Dsurf   CO_core    C_cntr     Ne_cntr    Z_cntr   v_div_cs       dt_limit
__________________________________________________________________________________________________________________________________________________

         30   5.994958   4797.507 -12.780370 -12.780370   4.999999   4.999999   0.755800   0.000071   0.242800  -9.184254    552      0
 2.2963E+00   5.994958   1.568519 -99.000000 -14.178238  -9.327149   0.000000   0.242800   0.000657   0.001400   0.025043      4
 1.1819E+03  -3.032412   2.815794 -99.000000 -99.000000  -7.601911   0.000000   0.000241   0.000146   0.001400  0.000E+00  max increase

 Loading precomputed flux cube from:/home/njm/MESA/mesa/colors/data/stellar_models/Kurucz2003all//flux_cube.bin
 Loaded flux cube with dimensions:          76 x          11 x           9 x        1173
 Performing interpolation at target parameters...
 Interpolation complete
         31   6.001407   4804.035 -12.683671 -12.683671   4.999999   4.999999   0.755800   0.000071   0.242800  -9.155452    548      0
 2.3754E+00   6.001407   1.561419 -99.000000 -14.081539  -9.346242   0.000000   0.242800   0.000657   0.001400   0.025098      4
 1.4193E+03  -3.010229   2.803955 -28.597850 -99.000000  -7.597453   0.000000   0.000241   0.000146   0.001400  0.000E+00  max increase

 Loading precomputed flux cube from:/home/njm/MESA/mesa/colors/data/stellar_models/Kurucz2003all//flux_cube.bin
 Loaded flux cube with dimensions:          76 x          11 x           9 x        1173
 Performing interpolation at target parameters...
 Interpolation complete
         32   6.008730   4811.337 -12.573985 -12.573985   4.999999   4.999999   0.755800   0.000071   0.242800  -9.122042    552      0
 2.4546E+00   6.008730   1.553317 -99.000000 -13.971853  -9.368175   0.000000   0.242800   0.000657   0.001400   0.025166      4
 1.7041E+03  -2.984734   2.790391 -99.000000 -99.000000  -7.592261   0.000000   0.000241   0.000146   0.001400  0.000E+00  max increase

 Loading precomputed flux cube from:/home/njm/MESA/mesa/colors/data/stellar_models/Kurucz2003all//flux_cube.bin
 Loaded flux cube with dimensions:          76 x          11 x           9 x        1173
 Performing interpolation at target parameters...
 Interpolation complete
         33   6.016993   4820.102 -12.450450 -12.450450   4.999999   4.999999   0.755800   0.000071   0.242800  -9.083487    546      0
 2.5338E+00   6.016993   1.544136 -99.000000 -13.848318  -9.393275   0.000000   0.242800   0.000657   0.001400   0.025250      4
 2.0459E+03  -2.955594   2.775191 -99.000000 -99.000000  -7.586703   0.000000   0.000241   0.000146   0.001400  0.000E+00  max increase

 Loading precomputed flux cube from:/home/njm/MESA/mesa/colors/data/stellar_models/Kurucz2003all//flux_cube.bin
 Loaded flux cube with dimensions:          76 x          11 x           9 x        1173
 Performing interpolation at target parameters...
 Interpolation complete
         34   6.026243   4829.192 -12.312530 -12.312530   4.999999   4.999999   0.755800   0.000071   0.242800  -9.039249    550      0
 2.6130E+00   6.026243   1.533819 -99.000000 -13.710398  -9.421489   0.000000   0.242800   0.000657   0.001400   0.025354      4
 2.4561E+03  -2.922507   2.757830 -99.000000 -99.000000  -7.579927   0.000000   0.000241   0.000146   0.001400  0.000E+00  max increase

 Loading precomputed flux cube from:/home/njm/MESA/mesa/colors/data/stellar_models/Kurucz2003all//flux_cube.bin
 Loaded flux cube with dimensions:          76 x          11 x           9 x        1173
 Performing interpolation at target parameters...
 Interpolation complete
         35   6.036541   4840.950 -12.159599 -12.159599   4.999999   4.999999   0.755800   0.000071   0.242800  -8.988801    552      0
 2.6922E+00   6.036541   1.522304 -99.000000 -13.557467  -9.453573   0.000000   0.242800   0.000657   0.001400   0.025480      4
 2.9483E+03  -2.885149   2.739024 -99.000000 -99.000000  -7.573459   0.000000   0.000241   0.000146   0.001400  0.000E+00  max increase

 Loading precomputed flux cube from:/home/njm/MESA/mesa/colors/data/stellar_models/Kurucz2003all//flux_cube.bin
 Loaded flux cube with dimensions:          76 x          11 x           9 x        1173
 Performing interpolation at target parameters...
 Interpolation complete
         36   6.047903   4852.258 -11.991707 -11.991707   4.999998   4.999998   0.755800   0.000071   0.242800  -8.931657    551      0
 2.7713E+00   6.047903   1.509584 -99.000000 -13.389575  -9.488610   0.000000   0.242800   0.000657   0.001400   0.025632      4
 3.5390E+03  -2.843288   2.717638 -99.000000 -99.000000  -7.565141   0.000000   0.000241   0.000146   0.001400  0.000E+00  max increase

 Loading precomputed flux cube from:/home/njm/MESA/mesa/colors/data/stellar_models/Kurucz2003all//flux_cube.bin
 Loaded flux cube with dimensions:          76 x          11 x           9 x        1173
 Performing interpolation at target parameters...
 Interpolation complete
         37   6.060379   4866.587 -11.808598 -11.808598   4.999998   4.999998   0.755800   0.000071   0.242800  -8.867378    552      0
 2.8505E+00   6.060379   1.495640 -99.000000 -13.206466  -9.528140   0.000000   0.242800   0.000657   0.001400   0.025814      4
 4.2478E+03  -2.796656   2.694871 -27.694760 -99.000000  -7.557335   0.000000   0.000241   0.000146   0.001400  0.000E+00  max increase

 Loading precomputed flux cube from:/home/njm/MESA/mesa/colors/data/stellar_models/Kurucz2003all//flux_cube.bin
 Loaded flux cube with dimensions:          76 x          11 x           9 x        1173
 Performing interpolation at target parameters...
 Interpolation complete
         38   6.073971   4880.773 -11.610739 -11.610739   4.999998   4.999998   0.755800   0.000071   0.242800  -8.795608    559      0
 2.9297E+00   6.073971   1.480519 -99.000000 -13.008607  -9.570561   0.000000   0.242800   0.000657   0.001400   0.026029      4
 5.0984E+03  -2.745097   2.669685 -99.000000 -99.000000  -7.547912   0.000000   0.000241   0.000146   0.001400  0.000E+00  max increase

 Loading precomputed flux cube from:/home/njm/MESA/mesa/colors/data/stellar_models/Kurucz2003all//flux_cube.bin
 Loaded flux cube with dimensions:          76 x          11 x           9 x        1173
 Performing interpolation at target parameters...
 Interpolation complete
         39   6.087562   4895.884 -11.414598 -11.414598   4.999998   4.999998   0.755800   0.000071   0.242800  -8.722010    560      0
 2.9716E+00   6.087562   1.465513 -99.000000 -12.812466  -9.617233   0.000000   0.242800   0.000657   0.001400   0.026261      4
 6.0350E+03  -2.692746   2.645045 -99.000000 -99.000000  -7.539251   0.000000   0.000241   0.000146   0.001400  0.000E+00    lgRho_cntr

 Loading precomputed flux cube from:/home/njm/MESA/mesa/colors/data/stellar_models/Kurucz2003all//flux_cube.bin
 Loaded flux cube with dimensions:          76 x          11 x           9 x        1173
 Performing interpolation at target parameters...
 Interpolation complete

__________________________________________________________________________________________________________________________________________________

       step    lg_Tmax     Teff     lg_LH      lg_Lnuc_tot     Mass       H_rich     H_cntr     N_cntr     Y_surf   eta_cntr   zones  retry
  lg_dt_yrs    lg_Tcntr    lg_R     lg_L3a     lg_Lneu     lg_Mdot    He_core    He_cntr    O_cntr     Z_surf   gam_cntr   iters  
    age_yrs    lg_Dcntr    lg_L     lg_LZ      lg_Lphoto   lg_Dsurf   CO_core    C_cntr     Ne_cntr    Z_cntr   v_div_cs       dt_limit
__________________________________________________________________________________________________________________________________________________

         40   6.099474   4907.866 -11.243911 -11.243911   4.999998   4.999998   0.755800   0.000071   0.242800  -8.655679    562      0
 2.9528E+00   6.099474   1.452484 -99.000000 -12.641778  -9.663072   0.000000   0.242800   0.000657   0.001400   0.026482      4
 6.9320E+03  -2.646068   2.623232 -99.000000 -99.000000  -7.530918   0.000000   0.000241   0.000146   0.001400  0.000E+00    lgRho_cntr

 Loading precomputed flux cube from:/home/njm/MESA/mesa/colors/data/stellar_models/Kurucz2003all//flux_cube.bin
 Loaded flux cube with dimensions:          76 x          11 x           9 x        1173
 Performing interpolation at target parameters...
 Interpolation complete
         41   6.112362   4922.489 -11.061346 -11.061346   4.999997   4.999997   0.755800   0.000071   0.242800  -8.583342    558      0
 3.0225E+00   6.112362   1.438620 -99.000000 -12.459214  -9.703439   0.000000   0.242800   0.000657   0.001400   0.026729      4
 7.9853E+03  -2.595319   2.600672 -99.000000 -99.000000  -7.523331   0.000000   0.000241   0.000146   0.001400  0.000E+00    varcontrol

 Loading precomputed flux cube from:/home/njm/MESA/mesa/colors/data/stellar_models/Kurucz2003all//flux_cube.bin
 Loaded flux cube with dimensions:          76 x          11 x           9 x        1173
 Performing interpolation at target parameters...
 Interpolation complete
         42   6.125674   4935.890 -10.874961 -10.874961   4.999997   4.999997   0.755800   0.000071   0.242800  -8.507908    563      0
 3.0735E+00   6.125674   1.424596 -99.000000 -12.272829  -9.745513   0.000000   0.242800   0.000657   0.001400   0.026993      4
 9.1697E+03  -2.542588   2.577348 -99.000000 -99.000000  -7.514667   0.000000   0.000241   0.000146   0.001400  0.000E+00    lgRho_cntr

 Loading precomputed flux cube from:/home/njm/MESA/mesa/colors/data/stellar_models/Kurucz2003all//flux_cube.bin
 Loaded flux cube with dimensions:          76 x          11 x           9 x        1173
 Performing interpolation at target parameters...
 Interpolation complete
         43   6.137454   4949.641 -10.711580 -10.711580   4.999997   4.999997   0.755800   0.000071   0.242800  -8.440268    569      0
 3.0534E+00   6.137454   1.412457 -99.000000 -12.109448  -9.788752   0.000000   0.242800   0.000657   0.001400   0.027237      4
 1.0300E+04  -2.495541   2.557902 -99.000000 -99.000000  -7.508649   0.000000   0.000241   0.000146   0.001400  0.000E+00    lgRho_cntr

 Loading precomputed flux cube from:/home/njm/MESA/mesa/colors/data/stellar_models/Kurucz2003all//flux_cube.bin
 Loaded flux cube with dimensions:          76 x          11 x           9 x        1173
 Performing interpolation at target parameters...
 Interpolation complete
         44   6.150440   4962.814 -10.533746 -10.533746   4.999997   4.999997   0.755800   0.000071   0.242800  -8.365882    566      0
 3.1278E+00   6.150440   1.399459 -99.000000 -11.931614  -9.825176   0.000000   0.242800   0.000657   0.001400   0.027506      4
 1.1643E+04  -2.443754   2.536523 -99.000000 -99.000000  -7.501103   0.000000   0.000241   0.000146   0.001400  0.000E+00    varcontrol

 Loading precomputed flux cube from:/home/njm/MESA/mesa/colors/data/stellar_models/Kurucz2003all//flux_cube.bin
 Loaded flux cube with dimensions:          76 x          11 x           9 x        1173
 Performing interpolation at target parameters...
 Interpolation complete
         45   6.164032   4976.729 -10.349932 -10.349932   4.999997   4.999997   0.755800   0.000071   0.242800  -8.288118    569      0
 3.1805E+00   6.164032   1.386317 -99.000000 -11.747799  -9.864931   0.000000   0.242800   0.000657   0.001400   0.027790      4
 1.3158E+04  -2.389592   2.515103 -99.000000 -99.000000  -7.493870   0.000000   0.000241   0.000146   0.001400  0.000E+00    lgRho_cntr

 Loading precomputed flux cube from:/home/njm/MESA/mesa/colors/data/stellar_models/Kurucz2003all//flux_cube.bin
 Loaded flux cube with dimensions:          76 x          11 x           9 x        1173
 Performing interpolation at target parameters...
 Interpolation complete
         46   6.175975   4988.253 -10.189888 -10.189888   4.999996   4.999996   0.755800   0.000071   0.242800  -8.219238    567      0
 3.1548E+00   6.175975   1.375189 -99.000000 -11.587755  -9.904861   0.000000   0.242800   0.000657   0.001400   0.028047      4
 1.4586E+04  -2.341761   2.496865 -99.000000 -99.000000  -7.487548   0.000000   0.000241   0.000146   0.001400  0.000E+00    lgRho_cntr

 Loading precomputed flux cube from:/home/njm/MESA/mesa/colors/data/stellar_models/Kurucz2003all//flux_cube.bin
 Loaded flux cube with dimensions:          76 x          11 x           9 x        1173
 Performing interpolation at target parameters...
 Interpolation complete
         47   6.189344   5002.845 -10.013078 -10.013078   4.999996   4.999996   0.755800   0.000071   0.242800  -8.143109    574      0
 3.2316E+00   6.189344   1.363266 -99.000000 -11.410946  -9.938808   0.000000   0.242800   0.000657   0.001400   0.028329      4
 1.6291E+04  -2.288644   2.478094 -99.000000 -99.000000  -7.482336   0.000000   0.000241   0.000146   0.001400  0.000E+00    varcontrol

 Loading precomputed flux cube from:/home/njm/MESA/mesa/colors/data/stellar_models/Kurucz2003all//flux_cube.bin
 Loaded flux cube with dimensions:          76 x          11 x           9 x        1173
 Performing interpolation at target parameters...
 Interpolation complete
         48   6.203472   5016.449  -9.828613  -9.828613   4.999996   4.999996   0.755800   0.000071   0.242800  -8.063447    570      0
 3.2848E+00   6.203472   1.351332 -99.000000 -11.226481  -9.974139   0.000000   0.242800   0.000657   0.001400   0.028622      4
 1.8217E+04  -2.232852   2.458943 -99.000000 -99.000000  -7.476399   0.000000   0.000241   0.000146   0.001400  0.000E+00    lgRho_cntr

 Loading precomputed flux cube from:/home/njm/MESA/mesa/colors/data/stellar_models/Kurucz2003all//flux_cube.bin
 Loaded flux cube with dimensions:          76 x          11 x           9 x        1173
 Performing interpolation at target parameters...
 Interpolation complete
         49   6.215833   5029.184  -9.668748  -9.668748   4.999996   4.999996   0.755800   0.000071   0.242800  -7.993772    579      0
 3.2531E+00   6.215833   1.341488 -99.000000 -11.066615 -10.009994   0.000000   0.242800   0.000657   0.001400   0.028881      4
 2.0008E+04  -2.184049   2.443659 -99.000000 -99.000000  -7.472556   0.000000   0.000241   0.000146   0.001400  0.000E+00    lgRho_cntr

 Loading precomputed flux cube from:/home/njm/MESA/mesa/colors/data/stellar_models/Kurucz2003all//flux_cube.bin
 Loaded flux cube with dimensions:          76 x          11 x           9 x        1173
 Performing interpolation at target parameters...
 Interpolation complete

__________________________________________________________________________________________________________________________________________________

       step    lg_Tmax     Teff     lg_LH      lg_Lnuc_tot     Mass       H_rich     H_cntr     N_cntr     Y_surf   eta_cntr   zones  retry
  lg_dt_yrs    lg_Tcntr    lg_R     lg_L3a     lg_Lneu     lg_Mdot    He_core    He_cntr    O_cntr     Z_surf   gam_cntr   iters  
    age_yrs    lg_Dcntr    lg_L     lg_LZ      lg_Lphoto   lg_Dsurf   CO_core    C_cntr     Ne_cntr    Z_cntr   v_div_cs       dt_limit
__________________________________________________________________________________________________________________________________________________

         50   6.229872   5043.223  -9.489646  -9.489646   4.999996   4.999996   0.755800   0.000071   0.242800  -7.916311    576      0
 3.3322E+00   6.229872   1.331059 -99.000000 -10.887513 -10.038877   0.000000   0.242800   0.000657   0.001400   0.029161      4
 2.2157E+04  -2.129347   2.427644 -99.000000 -99.000000  -7.468862   0.000000   0.000241   0.000146   0.001400  0.000E+00  max increase

save LOGS/profile2.data for model 50
 Loading precomputed flux cube from:/home/njm/MESA/mesa/colors/data/stellar_models/Kurucz2003all//flux_cube.bin
 Loaded flux cube with dimensions:          76 x          11 x           9 x        1173
 Performing interpolation at target parameters...
 Interpolation complete
save photos/x050 for model 50
         51   6.244927   5057.623  -9.300106  -9.300106   4.999995   4.999995   0.755800   0.000071   0.242800  -7.834840    581      0
 3.3874E+00   6.244927   1.320823 -99.000000 -10.697973 -10.069236   0.000000   0.242800   0.000657   0.001400   0.029449      4
 2.4597E+04  -2.071380   2.412125 -99.000000 -99.000000  -7.465666   0.000000   0.000241   0.000146   0.001400  0.000E+00    lgRho_cntr

 Loading precomputed flux cube from:/home/njm/MESA/mesa/colors/data/stellar_models/Kurucz2003all//flux_cube.bin
 Loaded flux cube with dimensions:          76 x          11 x           9 x        1173
 Performing interpolation at target parameters...
 Interpolation complete
         52   6.257981   5070.572  -9.137250  -9.137250   4.999995   4.999995   0.755800   0.000071   0.242800  -7.764610    577      0
 3.3478E+00   6.257981   1.312814 -99.000000 -10.535117 -10.098766   0.000000   0.242800   0.000657   0.001400   0.029697      4
 2.6825E+04  -2.021296   2.400549 -99.000000 -99.000000  -7.464353   0.000000   0.000241   0.000146   0.001400  0.000E+00    lgRho_cntr

 Loading precomputed flux cube from:/home/njm/MESA/mesa/colors/data/stellar_models/Kurucz2003all//flux_cube.bin
 Loaded flux cube with dimensions:          76 x          11 x           9 x        1173
 Performing interpolation at target parameters...
 Interpolation complete
         53   6.270319   5082.406  -8.984762  -8.984762   4.999995   4.999995   0.755800   0.000071   0.242800  -7.699137    580      0
 3.3415E+00   6.270319   1.306068 -99.000000 -10.382629 -10.121104   0.000000   0.242800   0.000657   0.001400   0.029924      4
 2.9020E+04  -1.974352   2.391108 -99.000000 -99.000000  -7.463902   0.000000   0.000241   0.000146   0.001400  0.000E+00    lgRho_cntr

 Loading precomputed flux cube from:/home/njm/MESA/mesa/colors/data/stellar_models/Kurucz2003all//flux_cube.bin
 Loaded flux cube with dimensions:          76 x          11 x           9 x        1173
 Performing interpolation at target parameters...
 Interpolation complete
         54   6.284569   5095.741  -8.810772  -8.810772   4.999995   4.999995   0.755800   0.000071   0.242800  -7.625689    579      0
 3.4207E+00   6.284569   1.299321 -99.000000 -10.208639 -10.139502   0.000000   0.242800   0.000657   0.001400   0.030167      4
 3.1654E+04  -1.921077   2.382165 -99.000000 -99.000000  -7.464514   0.000000   0.000241   0.000146   0.001400  0.000E+00  max increase

 Loading precomputed flux cube from:/home/njm/MESA/mesa/colors/data/stellar_models/Kurucz2003all//flux_cube.bin
 Loaded flux cube with dimensions:          76 x          11 x           9 x        1173
 Performing interpolation at target parameters...
 Interpolation complete
         55   6.300900   5112.210  -8.613806  -8.613806   4.999995   4.999995   0.755800   0.000071   0.242800  -7.544142    587      0
 3.4968E+00   6.300900   1.293015 -99.000000 -10.011672 -10.157230   0.000000   0.242800   0.000657   0.001400   0.030421      4
 3.4793E+04  -1.861161   2.375157 -99.000000 -99.000000  -7.467940   0.000000   0.000241   0.000146   0.001400  0.000E+00    lgRho_cntr

 Loading precomputed flux cube from:/home/njm/MESA/mesa/colors/data/stellar_models/Kurucz2003all//flux_cube.bin
 Loaded flux cube with dimensions:          76 x          11 x           9 x        1173
 Performing interpolation at target parameters...
 Interpolation complete
         56   6.315070   5125.873  -8.444150  -8.444150   4.999995   4.999995   0.755800   0.000071   0.242800  -7.474078    583      0
 3.4512E+00   6.315070   1.289023 -99.000000  -9.842017 -10.171975   0.000000   0.242800   0.000657   0.001400   0.030636      4
 3.7619E+04  -1.809476   2.371810 -99.000000 -99.000000  -7.472423   0.000000   0.000241   0.000146   0.001400  0.000E+00    lgRho_cntr

 Loading precomputed flux cube from:/home/njm/MESA/mesa/colors/data/stellar_models/Kurucz2003all//flux_cube.bin
 Loaded flux cube with dimensions:          76 x          11 x           9 x        1173
 Performing interpolation at target parameters...
 Interpolation complete
         57   6.328497   5139.098  -8.284642  -8.284642   4.999994   4.999994   0.755800   0.000071   0.242800  -7.408881    583      0
 3.4394E+00   6.328497   1.286654 -99.000000  -9.682508 -10.179838   0.000000   0.242800   0.000657   0.001400   0.030829      4
 4.0369E+04  -1.761019   2.371550 -99.000000 -99.000000  -7.478746   0.000000   0.000241   0.000146   0.001400  0.000E+00    lgRho_cntr

 Loading precomputed flux cube from:/home/njm/MESA/mesa/colors/data/stellar_models/Kurucz2003all//flux_cube.bin
 Loaded flux cube with dimensions:          76 x          11 x           9 x        1173
 Performing interpolation at target parameters...
 Interpolation complete
         58   6.344316   5155.585  -8.098791  -8.098791   4.999994   4.999994   0.755800   0.000071   0.242800  -7.334888    585      0
 3.5185E+00   6.344316   1.285629 -99.000000  -9.496657 -10.182175   0.000000   0.242800   0.000657   0.001400   0.031028      4
 4.3670E+04  -1.705152   2.375064 -99.000000 -99.000000  -7.489198   0.000000   0.000241   0.000146   0.001400  0.000E+00  max increase

 Loading precomputed flux cube from:/home/njm/MESA/mesa/colors/data/stellar_models/Kurucz2003all//flux_cube.bin
 Loaded flux cube with dimensions:          76 x          11 x           9 x        1173
 Performing interpolation at target parameters...
 Interpolation complete
         59   6.363041   5175.673  -7.881629  -7.881629   4.999994   4.999994   0.755800   0.000071   0.242800  -7.251094    585      0
 3.5977E+00   6.363041   1.286945 -99.000000  -9.279495 -10.178290   0.000000   0.242800   0.000657   0.001400   0.031227      5
 4.7630E+04  -1.640670   2.384451 -99.000000 -99.000000  -7.505370   0.000000   0.000241   0.000146   0.001400  0.000E+00    lgRho_cntr

 Loading precomputed flux cube from:/home/njm/MESA/mesa/colors/data/stellar_models/Kurucz2003all//flux_cube.bin
 Loaded flux cube with dimensions:          76 x          11 x           9 x        1173
 Performing interpolation at target parameters...
 Interpolation complete

__________________________________________________________________________________________________________________________________________________

       step    lg_Tmax     Teff     lg_LH      lg_Lnuc_tot     Mass       H_rich     H_cntr     N_cntr     Y_surf   eta_cntr   zones  retry
  lg_dt_yrs    lg_Tcntr    lg_R     lg_L3a     lg_Lneu     lg_Mdot    He_core    He_cntr    O_cntr     Z_surf   gam_cntr   iters  
    age_yrs    lg_Dcntr    lg_L     lg_LZ      lg_Lphoto   lg_Dsurf   CO_core    C_cntr     Ne_cntr    Z_cntr   v_div_cs       dt_limit
__________________________________________________________________________________________________________________________________________________

         60   6.379191   5194.651  -7.695994  -7.695994   4.999994   4.999994   0.755800   0.000071   0.242800  -7.180267    586      0
 3.5383E+00   6.379191   1.290810 -99.000000  -9.093859 -10.164515   0.000000   0.242800   0.000657   0.001400   0.031384      4
 5.1084E+04  -1.585682   2.398539 -99.000000 -99.000000  -7.524179   0.000000   0.000241   0.000146   0.001400  0.000E+00    lgRho_cntr

 Loading precomputed flux cube from:/home/njm/MESA/mesa/colors/data/stellar_models/Kurucz2003all//flux_cube.bin
 Loaded flux cube with dimensions:          76 x          11 x           9 x        1173
 Performing interpolation at target parameters...
 Interpolation complete
         61   6.394511   5214.007  -7.521649  -7.521649   4.999993   4.999993   0.755800   0.000071   0.242800  -7.115072    588      0
 3.5152E+00   6.394511   1.296658 -99.000000  -8.919514 -10.142257   0.000000   0.242800   0.000657   0.001400   0.031513      4
 5.4358E+04  -1.534385   2.416697 -99.000000 -99.000000  -7.545958   0.000000   0.000241   0.000146   0.001400  0.000E+00    lgRho_cntr

 Loading precomputed flux cube from:/home/njm/MESA/mesa/colors/data/stellar_models/Kurucz2003all//flux_cube.bin
 Loaded flux cube with dimensions:          76 x          11 x           9 x        1173
 Performing interpolation at target parameters...
 Interpolation complete
         62   6.409664   5235.335  -7.350946  -7.350946   4.999993   4.999993   0.755800   0.000071   0.242800  -7.052635    588      0
 3.5079E+00   6.409664   1.303811 -99.000000  -8.748811 -10.112843   0.000000   0.242800   0.000657   0.001400   0.031619      5
 5.7579E+04  -1.484537   2.438093 -22.878280 -99.000000  -7.570968   0.000000   0.000241   0.000146   0.001400  0.000E+00    lgRho_cntr

 Loading precomputed flux cube from:/home/njm/MESA/mesa/colors/data/stellar_models/Kurucz2003all//flux_cube.bin
 Loaded flux cube with dimensions:          76 x          11 x           9 x        1173
 Performing interpolation at target parameters...
 Interpolation complete
         63   6.426795   5262.743  -7.160242  -7.160242   4.999993   4.999993   0.755800   0.000071   0.242800  -6.984740    588      0
 3.5572E+00   6.426795   1.311509 -99.000000  -8.558107 -10.077965   0.000000   0.242800   0.000657   0.001400   0.031711      5
 6.1186E+04  -1.429349   2.462561 -99.000000 -99.000000  -7.601202   0.000000   0.000241   0.000146   0.001400  0.000E+00    varcontrol

 Loading precomputed flux cube from:/home/njm/MESA/mesa/colors/data/stellar_models/Kurucz2003all//flux_cube.bin
 Loaded flux cube with dimensions:          76 x          11 x           9 x        1173
 Performing interpolation at target parameters...
 Interpolation complete
         64   6.445067   5296.599  -6.959177  -6.959177   4.999992   4.999992   0.755800   0.000071   0.242800  -6.914158    588      0
 3.5845E+00   6.445067   1.317605 -99.000000  -8.357042 -10.038482   0.000000   0.242800   0.000657   0.001400   0.031790      5
 6.5028E+04  -1.371283   2.485892 -99.000000 -99.000000  -7.634058   0.000000   0.000241   0.000146   0.001400  0.000E+00    lgRho_cntr

 Loading precomputed flux cube from:/home/njm/MESA/mesa/colors/data/stellar_models/Kurucz2003all//flux_cube.bin
 Loaded flux cube with dimensions:          76 x          11 x           9 x        1173
 Performing interpolation at target parameters...
 Interpolation complete
         65   6.461832   5332.653  -6.776444  -6.776444   4.999992   4.999992   0.755800   0.000071   0.242800  -6.849668    591      0
 3.5507E+00   6.461832   1.320779 -99.000000  -8.174308 -10.001877   0.000000   0.242800   0.000657   0.001400   0.031860      5
 6.8582E+04  -1.318124   2.504026 -99.000000 -99.000000  -7.664649   0.000000   0.000241   0.000146   0.001400  0.000E+00    lgRho_cntr

 Loading precomputed flux cube from:/home/njm/MESA/mesa/colors/data/stellar_models/Kurucz2003all//flux_cube.bin
 Loaded flux cube with dimensions:          76 x          11 x           9 x        1173
 Performing interpolation at target parameters...
 Interpolation complete
         66   6.477852   5372.248  -6.603481  -6.603481   4.999992   4.999992   0.755800   0.000071   0.242800  -6.788108    591      0
 3.5363E+00   6.477852   1.321181 -99.000000  -8.001344  -9.974735   0.000000   0.242800   0.000657   0.001400   0.031927      5
 7.2020E+04  -1.267355   2.517680 -99.000000 -99.000000  -7.694101   0.000000   0.000241   0.000146   0.001400  0.000E+00    lgRho_cntr

 Loading precomputed flux cube from:/home/njm/MESA/mesa/colors/data/stellar_models/Kurucz2003all//flux_cube.bin
 Loaded flux cube with dimensions:          76 x          11 x           9 x        1173
 Performing interpolation at target parameters...
 Interpolation complete
         67   6.493467   5416.383  -6.436516  -6.436516   4.999991   4.999991   0.755800   0.000071   0.242800  -6.728027    599      0
 3.5316E+00   6.493467   1.319430 -99.000000  -7.834379  -9.955966   0.000000   0.242800   0.000657   0.001400   0.031992      5
 7.5421E+04  -1.217836   2.528391 -22.276220 -99.000000  -7.723898   0.000000   0.000241   0.000146   0.001400  0.000E+00    lgRho_cntr

 Loading precomputed flux cube from:/home/njm/MESA/mesa/colors/data/stellar_models/Kurucz2003all//flux_cube.bin
 Loaded flux cube with dimensions:          76 x          11 x           9 x        1173
 Performing interpolation at target parameters...
 Interpolation complete
         68   6.509676   5471.806  -6.265051  -6.265051   4.999991   4.999991   0.755800   0.000071   0.242800  -6.665708    613      0
 3.5547E+00   6.509676   1.315221 -99.000000  -7.662914  -9.942974   0.000000   0.242800   0.000657   0.001400   0.032060      5
 7.9008E+04  -1.166454   2.537659 -99.000000 -99.000000  -7.758389   0.000000   0.000241   0.000146   0.001400  0.000E+00    varcontrol

 Loading precomputed flux cube from:/home/njm/MESA/mesa/colors/data/stellar_models/Kurucz2003all//flux_cube.bin
 Loaded flux cube with dimensions:          76 x          11 x           9 x        1173
 Performing interpolation at target parameters...
 Interpolation complete
         69   6.526159   5541.716  -6.092591  -6.092591   4.999991   4.999991   0.755800   0.000071   0.242800  -6.602234    616      0
 3.5696E+00   6.526159   1.308466 -99.000000  -7.490453  -9.933988   0.000000   0.242800   0.000657   0.001400   0.032130      6
 8.2719E+04  -1.114160   2.546202 -21.975190 -99.000000  -7.799413   0.000000   0.000241   0.000146   0.001400  0.000E+00    lgRho_cntr

 Loading precomputed flux cube from:/home/njm/MESA/mesa/colors/data/stellar_models/Kurucz2003all//flux_cube.bin
 Loaded flux cube with dimensions:          76 x          11 x           9 x        1173
 Performing interpolation at target parameters...
 Interpolation complete

__________________________________________________________________________________________________________________________________________________

       step    lg_Tmax     Teff     lg_LH      lg_Lnuc_tot     Mass       H_rich     H_cntr     N_cntr     Y_surf   eta_cntr   zones  retry
  lg_dt_yrs    lg_Tcntr    lg_R     lg_L3a     lg_Lneu     lg_Mdot    He_core    He_cntr    O_cntr     Z_surf   gam_cntr   iters  
    age_yrs    lg_Dcntr    lg_L     lg_LZ      lg_Lphoto   lg_Dsurf   CO_core    C_cntr     Ne_cntr    Z_cntr   v_div_cs       dt_limit
__________________________________________________________________________________________________________________________________________________

         70   6.541926   5629.662  -5.929290  -5.929290   4.999990   4.999990   0.755800   0.000071   0.242800  -6.541195    633      0
 3.5580E+00   6.541926   1.298830 -99.000000  -7.327152  -9.928117   0.000000   0.242800   0.000657   0.001400   0.032201      6
 8.6333E+04  -1.063997   2.554282 -21.072100 -99.000000  -7.848345   0.000000   0.000241   0.000146   0.001400  0.000E+00    lgRho_cntr

 Loading precomputed flux cube from:/home/njm/MESA/mesa/colors/data/stellar_models/Kurucz2003all//flux_cube.bin
 Loaded flux cube with dimensions:          76 x          11 x           9 x        1173
 Performing interpolation at target parameters...
 Interpolation complete
         71   6.557220   5733.297  -5.772483  -5.772483   4.999990   4.999990   0.755800   0.000071   0.242800  -6.481814    651      0
 3.5517E+00   6.557220   1.286964 -99.000000  -7.170344  -9.925283   0.000000   0.242800   0.000657   0.001400   0.032271      6
 8.9895E+04  -1.015263   2.562240 -99.000000 -99.000000  -7.903533   0.000000   0.000241   0.000146   0.001400  0.000E+00    varcontrol

 Loading precomputed flux cube from:/home/njm/MESA/mesa/colors/data/stellar_models/Kurucz2003all//flux_cube.bin
 Loaded flux cube with dimensions:          76 x          11 x           9 x        1173
 Performing interpolation at target parameters...
 Interpolation complete
         72   6.572071   5853.325  -5.621730  -5.621730   4.999989   4.999989   0.755800   0.000071   0.242800  -6.424076    657      0
 3.5451E+00   6.572071   1.272996 -99.000000  -7.019590  -9.924484   0.000000   0.242800   0.000657   0.001400   0.032341      7
 9.3404E+04  -0.967909   2.570296 -99.000000 -99.000000  -7.965249   0.000000   0.000241   0.000146   0.001400  0.000E+00    varcontrol

 Loading precomputed flux cube from:/home/njm/MESA/mesa/colors/data/stellar_models/Kurucz2003all//flux_cube.bin
 Loaded flux cube with dimensions:          76 x          11 x           9 x        1173
 Performing interpolation at target parameters...
 Interpolation complete
         73   6.586864   5982.679  -5.473079  -5.473079   4.999989   4.999989   0.755800   0.000071   0.242800  -6.366661    664      0
 3.5487E+00   6.586864   1.258203 -99.000000  -6.870938  -9.925313   0.000000   0.242800   0.000657   0.001400   0.032409      7
 9.6941E+04  -0.920783   2.578683 -21.072100 -99.000000  -8.030589   0.000000   0.000241   0.000146   0.001400  0.000E+00    varcontrol

 Loading precomputed flux cube from:/home/njm/MESA/mesa/colors/data/stellar_models/Kurucz2003all//flux_cube.bin
 Loaded flux cube with dimensions:          76 x          11 x           9 x        1173
 Performing interpolation at target parameters...
 Interpolation complete
         74   6.602073   6121.581  -5.321872  -5.321872   4.999988   4.999988   0.755800   0.000071   0.242800  -6.307937    663      0
 3.5653E+00   6.602073   1.242773 -99.000000  -6.719730  -9.926387   0.000000   0.242800   0.000657   0.001400   0.032476      9
 1.0062E+05  -0.872462   2.587695 -20.771070 -99.000000  -8.100393   0.000000   0.000241   0.000146   0.001400  0.000E+00    varcontrol

 Loading precomputed flux cube from:/home/njm/MESA/mesa/colors/data/stellar_models/Kurucz2003all//flux_cube.bin
 Loaded flux cube with dimensions:          76 x          11 x           9 x        1173
 Performing interpolation at target parameters...
 Interpolation complete
 hydro_solver_step returned ierr          -1
 s% model_number          75
 nz         666
 s% num_retries           0

 retry: eos evaluated at too low a density      75
         75   6.610023   6198.320  -5.242969  -5.242969   4.999988   4.999988   0.755800   0.000071   0.242800  -6.276309    666      1
 3.2909E+00   6.610023   1.234896 -99.000000  -6.640826  -9.927151   0.000000   0.242800   0.000657   0.001400   0.032521      5
 1.0257E+05  -0.846801   2.593583 -99.000000 -99.000000  -8.139483   0.000000   0.000241   0.000146   0.001400  0.000E+00         retry

 Loading precomputed flux cube from:/home/njm/MESA/mesa/colors/data/stellar_models/Kurucz2003all//flux_cube.bin
 Loaded flux cube with dimensions:          76 x          11 x           9 x        1173
 Performing interpolation at target parameters...
 Interpolation complete
         76   6.617950   6275.234  -5.164782  -5.164782   4.999988   4.999988   0.755800   0.000071   0.242800  -6.244977    676      1
 3.2909E+00   6.617950   1.227035 -99.000000  -6.562639  -9.925804   0.000000   0.242800   0.000657   0.001400   0.032564      6
 1.0452E+05  -0.821303   2.599284 -20.227002 -99.000000  -8.178452   0.000000   0.000241   0.000146   0.001400  0.000E+00          hold

 Loading precomputed flux cube from:/home/njm/MESA/mesa/colors/data/stellar_models/Kurucz2003all//flux_cube.bin
 Loaded flux cube with dimensions:          76 x          11 x           9 x        1173
 Performing interpolation at target parameters...
 Interpolation complete
         77   6.627454   6368.212  -5.071803  -5.071803   4.999988   4.999988   0.755800   0.000071   0.242800  -6.207961    684      1
 3.3701E+00   6.627454   1.217583 -99.000000  -6.469659  -9.924694   0.000000   0.242800   0.000657   0.001400   0.032610      6
 1.0687E+05  -0.790969   2.605930 -20.470040 -99.000000  -8.225341   0.000000   0.000241   0.000146   0.001400  0.000E+00  max increase

 Loading precomputed flux cube from:/home/njm/MESA/mesa/colors/data/stellar_models/Kurucz2003all//flux_cube.bin
 Loaded flux cube with dimensions:          76 x          11 x           9 x        1173
 Performing interpolation at target parameters...
 Interpolation complete
         78   6.638844   6481.059  -4.961435  -4.961435   4.999987   4.999987   0.755800   0.000071   0.242800  -6.164323    678      1
 3.4492E+00   6.638844   1.206283 -99.000000  -6.359290  -9.923644   0.000000   0.242800   0.000657   0.001400   0.032656      7
 1.0968E+05  -0.754931   2.613843 -99.000000 -99.000000  -8.281808   0.000000   0.000241   0.000146   0.001400  0.000E+00  max increase

 Loading precomputed flux cube from:/home/njm/MESA/mesa/colors/data/stellar_models/Kurucz2003all//flux_cube.bin
 Loaded flux cube with dimensions:          76 x          11 x           9 x        1173
 Performing interpolation at target parameters...
 Interpolation complete
                            solver rejected trial model
                                        s% model_number          79
                                  s% solver_call_number         226
                                                     nz         682
                                         s% num_retries           1
                                                     dt    1.0654432445602554D+11
                                          log dt/secyer    3.5284263530083586D+00

 retry: max residual jumped -- give up in solver      79
         79   6.645608   6550.605  -4.896040  -4.896040   4.999987   4.999987   0.755800   0.000071   0.242800  -6.137969    682      2
 3.2274E+00   6.645608   1.199706 -99.000000  -6.293895  -9.922430   0.000000   0.242800   0.000657   0.001400   0.032689      5
 1.1137E+05  -0.733339   2.619231 -99.000000 -99.000000  -8.316752   0.000000   0.000241   0.000146   0.001400  0.000E+00         retry

 Loading precomputed flux cube from:/home/njm/MESA/mesa/colors/data/stellar_models/Kurucz2003all//flux_cube.bin
 Loaded flux cube with dimensions:          76 x          11 x           9 x        1173
 Performing interpolation at target parameters...
 Interpolation complete

__________________________________________________________________________________________________________________________________________________

       step    lg_Tmax     Teff     lg_LH      lg_Lnuc_tot     Mass       H_rich     H_cntr     N_cntr     Y_surf   eta_cntr   zones  retry
  lg_dt_yrs    lg_Tcntr    lg_R     lg_L3a     lg_Lneu     lg_Mdot    He_core    He_cntr    O_cntr     Z_surf   gam_cntr   iters  
    age_yrs    lg_Dcntr    lg_L     lg_LZ      lg_Lphoto   lg_Dsurf   CO_core    C_cntr     Ne_cntr    Z_cntr   v_div_cs       dt_limit
__________________________________________________________________________________________________________________________________________________

         80   6.652363   6620.444  -4.831073  -4.831073   4.999987   4.999987   0.755800   0.000071   0.242800  -6.111822    687      2
 3.2274E+00   6.652363   1.193160 -99.000000  -6.228928  -9.920668   0.000000   0.242800   0.000657   0.001400   0.032720      5
 1.1306E+05  -0.711850   2.624562 -20.771070 -99.000000  -8.351707   0.000000   0.000241   0.000146   0.001400  0.000E+00          hold

 Loading precomputed flux cube from:/home/njm/MESA/mesa/colors/data/stellar_models/Kurucz2003all//flux_cube.bin
 Loaded flux cube with dimensions:          76 x          11 x           9 x        1173
 Performing interpolation at target parameters...
 Interpolation complete
         81   6.660475   6704.848  -4.753603  -4.753603   4.999987   4.999987   0.755800   0.000071   0.242800  -6.080860    693      2
 3.3066E+00   6.660475   1.185296 -99.000000  -6.151456  -9.918956   0.000000   0.242800   0.000657   0.001400   0.032752      5
 1.1508E+05  -0.686235   2.630841 -99.000000 -99.000000  -8.393854   0.000000   0.000241   0.000146   0.001400  0.000E+00  max increase

 Loading precomputed flux cube from:/home/njm/MESA/mesa/colors/data/stellar_models/Kurucz2003all//flux_cube.bin
 Loaded flux cube with dimensions:          76 x          11 x           9 x        1173
 Performing interpolation at target parameters...
 Interpolation complete
         82   6.670212   6807.107  -4.661349  -4.661349   4.999986   4.999986   0.755800   0.000071   0.242800  -6.044268    689      2
 3.3858E+00   6.670212   1.175886 -99.000000  -6.059202  -9.917069   0.000000   0.242800   0.000657   0.001400   0.032784      6
 1.1751E+05  -0.655736   2.638316 -19.624942 -99.000000  -8.445161   0.000000   0.000241   0.000146   0.001400  0.000E+00  max increase

 Loading precomputed flux cube from:/home/njm/MESA/mesa/colors/data/stellar_models/Kurucz2003all//flux_cube.bin
 Loaded flux cube with dimensions:          76 x          11 x           9 x        1173
 Performing interpolation at target parameters...
 Interpolation complete
         83   6.681897   6931.652  -4.551669  -4.551669   4.999986   4.999986   0.755800   0.000071   0.242800  -6.001114    690      2
 3.4649E+00   6.681897   1.164603 -99.000000  -5.949521  -9.914865   0.000000   0.242800   0.000657   0.001400   0.032815      5
 1.2043E+05  -0.619467   2.647247 -20.470040 -99.000000  -8.508855   0.000000   0.000241   0.000146   0.001400  0.000E+00  max increase

 Loading precomputed flux cube from:/home/njm/MESA/mesa/colors/data/stellar_models/Kurucz2003all//flux_cube.bin
 Loaded flux cube with dimensions:          76 x          11 x           9 x        1173
 Performing interpolation at target parameters...
 Interpolation complete
         84   6.695909   7083.450  -4.421520  -4.421520   4.999986   4.999986   0.755800   0.000071   0.242800  -5.950347    695      2
 3.5441E+00   6.695909   1.151132 -99.000000  -5.819370  -9.912263   0.000000   0.242800   0.000657   0.001400   0.032841      5
 1.2393E+05  -0.576399   2.657938 -20.169010 -99.000000  -8.589758   0.000000   0.000241   0.000146   0.001400  0.000E+00  max increase

 Loading precomputed flux cube from:/home/njm/MESA/mesa/colors/data/stellar_models/Kurucz2003all//flux_cube.bin
 Loaded flux cube with dimensions:          76 x          11 x           9 x        1173
 Performing interpolation at target parameters...
 Interpolation complete
         85   6.712701   7269.326  -4.267436  -4.267436   4.999985   4.999985   0.755800   0.000071   0.242800  -5.890786    693      2
 3.6233E+00   6.712701   1.135035 -99.000000  -5.665284  -9.909119   0.000000   0.242800   0.000657   0.001400   0.032858      5
 1.2813E+05  -0.525342   2.670741 -19.566950 -99.000000  -8.695476   0.000000   0.000241   0.000146   0.001400  0.000E+00  max increase

 Loading precomputed flux cube from:/home/njm/MESA/mesa/colors/data/stellar_models/Kurucz2003all//flux_cube.bin
 Loaded flux cube with dimensions:          76 x          11 x           9 x        1173
 Performing interpolation at target parameters...
 Interpolation complete
         86   6.729831   7464.810  -4.111942  -4.111942   4.999985   4.999985   0.755800   0.000071   0.242800  -5.830643    684      2
 3.6341E+00   6.729831   1.118792 -99.000000  -5.509788  -9.905323   0.000000   0.242800   0.000657   0.001400   0.032869      5
 1.3244E+05  -0.473525   2.684352 -99.000000 -99.000000  -8.814375   0.000000   0.000241   0.000146   0.001400  0.000E+00        lgTeff

 Loading precomputed flux cube from:/home/njm/MESA/mesa/colors/data/stellar_models/Kurucz2003all//flux_cube.bin
 Loaded flux cube with dimensions:          76 x          11 x           9 x        1173
 Performing interpolation at target parameters...
 Interpolation complete
         87   6.745688   7651.925  -3.969343  -3.969343   4.999984   4.999984   0.755800   0.000071   0.242800  -5.775180    693      2
 3.6032E+00   6.745688   1.103904 -99.000000  -5.367186  -9.900561   0.000000   0.242800   0.000657   0.001400   0.032876      5
 1.3645E+05  -0.425652   2.697584 -19.867980 -99.000000  -8.933076   0.000000   0.000241   0.000146   0.001400  0.000E+00        lgTeff

 Loading precomputed flux cube from:/home/njm/MESA/mesa/colors/data/stellar_models/Kurucz2003all//flux_cube.bin
 Loaded flux cube with dimensions:          76 x          11 x           9 x        1173
 Performing interpolation at target parameters...
 Interpolation complete
         88   6.760921   7836.546  -3.833625  -3.833625   4.999984   4.999984   0.755800   0.000071   0.242800  -5.722305    694      2
 3.5877E+00   6.760921   1.089682 -99.000000  -5.231467  -9.895174   0.000000   0.242800   0.000657   0.001400   0.032879      5
 1.4032E+05  -0.379837   2.710557 -19.566950 -99.000000  -9.053208   0.000000   0.000241   0.000146   0.001400  0.000E+00        lgTeff

 Loading precomputed flux cube from:/home/njm/MESA/mesa/colors/data/stellar_models/Kurucz2003all//flux_cube.bin
 Loaded flux cube with dimensions:          76 x          11 x           9 x        1173
 Performing interpolation at target parameters...
 Interpolation complete
         89   6.775831   8021.823  -3.702020  -3.702020   4.999983   4.999983   0.755800   0.000071   0.242800  -5.671035    699      2
 3.5799E+00   6.775831   1.075787 -99.000000  -5.099859  -9.889577   0.000000   0.242800   0.000657   0.001400   0.032877      5
 1.4412E+05  -0.335205   2.723360 -99.000000 -99.000000  -9.174597   0.000000   0.000241   0.000146   0.001400  0.000E+00        lgTeff

 Loading precomputed flux cube from:/home/njm/MESA/mesa/colors/data/stellar_models/Kurucz2003all//flux_cube.bin
 Loaded flux cube with dimensions:          76 x          11 x           9 x        1173
 Performing interpolation at target parameters...
 Interpolation complete

__________________________________________________________________________________________________________________________________________________

       step    lg_Tmax     Teff     lg_LH      lg_Lnuc_tot     Mass       H_rich     H_cntr     N_cntr     Y_surf   eta_cntr   zones  retry
  lg_dt_yrs    lg_Tcntr    lg_R     lg_L3a     lg_Lneu     lg_Mdot    He_core    He_cntr    O_cntr     Z_surf   gam_cntr   iters  
    age_yrs    lg_Dcntr    lg_L     lg_LZ      lg_Lphoto   lg_Dsurf   CO_core    C_cntr     Ne_cntr    Z_cntr   v_div_cs       dt_limit
__________________________________________________________________________________________________________________________________________________

         90   6.790573   8209.495  -3.573094  -3.573094   4.999983   4.999983   0.755800   0.000071   0.242800  -5.620851    701      2
 3.5765E+00   6.790573   1.062033 -99.000000  -4.970931  -9.883937   0.000000   0.242800   0.000657   0.001400   0.032869      4
 1.4789E+05  -0.291296   2.736025 -99.000000 -99.000000  -9.295388   0.000000   0.000241   0.000146   0.001400  0.000E+00        lgTeff

 Loading precomputed flux cube from:/home/njm/MESA/mesa/colors/data/stellar_models/Kurucz2003all//flux_cube.bin
 Loaded flux cube with dimensions:          76 x          11 x           9 x        1173
 Performing interpolation at target parameters...
 Interpolation complete
         91   6.805221   8400.405  -3.446152  -3.446152   4.999982   4.999982   0.755800   0.000071   0.242800  -5.571490    703      2
 3.5753E+00   6.805221   1.048327 -99.000000  -4.843986  -9.878365   0.000000   0.242800   0.000657   0.001400   0.032855      4
 1.5165E+05  -0.247886   2.748548 -18.964890 -99.000000  -9.411885   0.000000   0.000241   0.000146   0.001400  0.000E+00        lgTeff

 Loading precomputed flux cube from:/home/njm/MESA/mesa/colors/data/stellar_models/Kurucz2003all//flux_cube.bin
 Loaded flux cube with dimensions:          76 x          11 x           9 x        1173
 Performing interpolation at target parameters...
 Interpolation complete
         92   6.822034   8623.701  -3.302078  -3.302078   4.999982   4.999982   0.755800   0.000071   0.242800  -5.515973    705      2
 3.6360E+00   6.822034   1.032402 -99.000000  -4.699909  -9.872946   0.000000   0.242800   0.000657   0.001400   0.032827      4
 1.5598E+05  -0.198555   2.762273 -99.000000 -99.000000  -9.533850   0.000000   0.000241   0.000146   0.001400  0.000E+00    varcontrol

 Loading precomputed flux cube from:/home/njm/MESA/mesa/colors/data/stellar_models/Kurucz2003all//flux_cube.bin
 Loaded flux cube with dimensions:          76 x          11 x           9 x        1173
 Performing interpolation at target parameters...
 Interpolation complete
         93   6.840020   8868.905  -3.149662  -3.149662   4.999981   4.999981   0.755800   0.000071   0.242800  -5.457452    711      2
 3.6676E+00   6.840020   1.015214 -99.000000  -4.547490  -9.867762   0.000000   0.242800   0.000657   0.001400   0.032788      4
 1.6063E+05  -0.146159   2.776602 -18.362830 -99.000000  -9.642385   0.000000   0.000241   0.000146   0.001400  0.000E+00        lgTeff

 Loading precomputed flux cube from:/home/njm/MESA/mesa/colors/data/stellar_models/Kurucz2003all//flux_cube.bin
 Loaded flux cube with dimensions:          76 x          11 x           9 x        1173
 Performing interpolation at target parameters...
 Interpolation complete
         94   6.856145   9096.304  -3.014173  -3.014173   4.999980   4.999980   0.755800   0.000071   0.242800  -5.404992    711      2
 3.6242E+00   6.856145   0.999800 -99.000000  -4.411997  -9.862821   0.000000   0.242800   0.000657   0.001400   0.032753      4
 1.6484E+05  -0.099188   2.789753 -18.010647 -99.000000  -9.715984   0.000000   0.000241   0.000146   0.001400  0.000E+00        lgTeff

 Loading precomputed flux cube from:/home/njm/MESA/mesa/colors/data/stellar_models/Kurucz2003all//flux_cube.bin
 Loaded flux cube with dimensions:          76 x          11 x           9 x        1173
 Performing interpolation at target parameters...
 Interpolation complete
         95   6.871400   9317.029  -2.887090  -2.887090   4.999980   4.999980   0.755800   0.000071   0.242800  -5.355602    715      2
 3.6034E+00   6.871400   0.985129 -99.000000  -4.284913  -9.857985   0.000000   0.242800   0.000657   0.001400   0.032717      4
 1.6885E+05  -0.054855   2.802061 -99.000000 -99.000000  -9.764742   0.000000   0.000241   0.000146   0.001400  0.000E+00        lgTeff

 Loading precomputed flux cube from:/home/njm/MESA/mesa/colors/data/stellar_models/Kurucz2003all//flux_cube.bin
 Loaded flux cube with dimensions:          76 x          11 x           9 x        1173
 Performing interpolation at target parameters...
 Interpolation complete
         96   6.886216   9536.323  -2.764703  -2.764703   4.999979   4.999979   0.755800   0.000071   0.242800  -5.307936    717      2
 3.5939E+00   6.886216   0.970768 -99.000000  -4.162525  -9.853663   0.000000   0.242800   0.000657   0.001400   0.032679      4
 1.7278E+05  -0.011929   2.813753 -99.000000 -99.000000  -9.795509   0.000000   0.000241   0.000146   0.001400  0.000E+00        lgTeff

 Loading precomputed flux cube from:/home/njm/MESA/mesa/colors/data/stellar_models/Kurucz2003all//flux_cube.bin
 Loaded flux cube with dimensions:          76 x          11 x           9 x        1173
 Performing interpolation at target parameters...
 Interpolation complete
         97   6.900814   9756.990  -2.645131  -2.645131   4.999979   4.999979   0.755800   0.000071   0.242800  -5.261293    723      2
 3.5907E+00   6.900814   0.956499 -99.000000  -4.042954  -9.849913   0.000000   0.242800   0.000657   0.001400   0.032637      4
 1.7667E+05   0.030223   2.824956 -18.061800 -99.000000  -9.812315   0.000000   0.000241   0.000146   0.001400  0.000E+00        lgTeff

 Loading precomputed flux cube from:/home/njm/MESA/mesa/colors/data/stellar_models/Kurucz2003all//flux_cube.bin
 Loaded flux cube with dimensions:          76 x          11 x           9 x        1173
 Performing interpolation at target parameters...
 Interpolation complete
         98   6.917640  1.002E+04  -2.508747  -2.508747   4.999978   4.999978   0.755800   0.000071   0.242800  -5.208448    724      2
 3.6555E+00   6.917640   0.939773 -99.000000  -3.906576  -9.846747   0.000000   0.242800   0.000657   0.001400   0.032580      4
 1.8120E+05   0.078414   2.836889 -99.000000 -99.000000  -9.816895   0.000000   0.000241   0.000146   0.001400  0.000E+00    varcontrol

 Loading precomputed flux cube from:/home/njm/MESA/mesa/colors/data/stellar_models/Kurucz2003all//flux_cube.bin
 Loaded flux cube with dimensions:          76 x          11 x           9 x        1173
 Performing interpolation at target parameters...
 Interpolation complete
         99   6.935686  1.030E+04  -2.363993  -2.363993   4.999977   4.999977   0.755800   0.000071   0.242800  -5.152392    725      2
 3.6907E+00   6.935686   0.921627 -99.000000  -3.761838  -9.851016   0.000000   0.242800   0.000657   0.001400   0.032512      5
 1.8610E+05   0.129827   2.849060 -99.000000 -99.000000  -9.807608   0.000000   0.000241   0.000146   0.001400  0.000E+00        lgTeff

 Loading precomputed flux cube from:/home/njm/MESA/mesa/colors/data/stellar_models/Kurucz2003all//flux_cube.bin
 Loaded flux cube with dimensions:          76 x          11 x           9 x        1173
 Performing interpolation at target parameters...
 Interpolation complete

__________________________________________________________________________________________________________________________________________________

       step    lg_Tmax     Teff     lg_LH      lg_Lnuc_tot     Mass       H_rich     H_cntr     N_cntr     Y_surf   eta_cntr   zones  retry
  lg_dt_yrs    lg_Tcntr    lg_R     lg_L3a     lg_Lneu     lg_Mdot    He_core    He_cntr    O_cntr     Z_surf   gam_cntr   iters  
    age_yrs    lg_Dcntr    lg_L     lg_LZ      lg_Lphoto   lg_Dsurf   CO_core    C_cntr     Ne_cntr    Z_cntr   v_div_cs       dt_limit
__________________________________________________________________________________________________________________________________________________

        100   6.951779  1.056E+04  -2.235893  -2.235893   4.999977   4.999977   0.755800   0.000071   0.242800  -5.102195    726      2
 3.6474E+00   6.951779   0.905425 -99.000000  -3.633767  -9.988126   0.000000   0.242800   0.000657   0.001400   0.032454      5
 1.9054E+05   0.175766   2.860069 -99.000000 -99.000000  -9.790421   0.000000   0.000241   0.000146   0.001400  0.000E+00        lgTeff

save LOGS/profile3.data for model 100
 Loading precomputed flux cube from:/home/njm/MESA/mesa/colors/data/stellar_models/Kurucz2003all//flux_cube.bin
 Loaded flux cube with dimensions:          76 x          11 x           9 x        1173
 Performing interpolation at target parameters...
 Interpolation complete
save photos/x100 for model 100
        101   6.966988  1.081E+04  -2.115755  -2.115755   4.999977   4.999977   0.755800   0.000071   0.242800  -5.054801    726      2
 3.6285E+00   6.966988   0.890009 -99.000000  -3.513675 -10.168480   0.000000   0.242800   0.000657   0.001400   0.032398      5
 1.9480E+05   0.219162   2.870191 -17.584678 -99.000000  -9.768497   0.000000   0.000241   0.000146   0.001400  0.000E+00        lgTeff

 Loading precomputed flux cube from:/home/njm/MESA/mesa/colors/data/stellar_models/Kurucz2003all//flux_cube.bin
 Loaded flux cube with dimensions:          76 x          11 x           9 x        1173
 Performing interpolation at target parameters...
 Interpolation complete
        102   6.981774  1.106E+04  -1.999833  -1.999833   4.999976   4.999976   0.755800   0.000071   0.242800  -5.008853    726      2
 3.6218E+00   6.981774   0.874902 -99.000000  -3.397830 -10.466229   0.000000   0.242800   0.000657   0.001400   0.032343      3
 1.9898E+05   0.261294   2.879652 -99.000000 -99.000000  -9.743241   0.000000   0.000241   0.000146   0.001400  0.000E+00        lgTeff

 Loading precomputed flux cube from:/home/njm/MESA/mesa/colors/data/stellar_models/Kurucz2003all//flux_cube.bin
 Loaded flux cube with dimensions:          76 x          11 x           9 x        1173
 Performing interpolation at target parameters...
 Interpolation complete
        103   6.998493  1.135E+04  -1.869965  -1.869965   4.999976   4.999976   0.755800   0.000071   0.242800  -4.957562    728      2
 3.6806E+00   6.998493   0.857562 -99.000000  -3.268109 -11.034743   0.000000   0.242800   0.000657   0.001400   0.032273      5
 2.0377E+05   0.308645   2.889354 -99.000000 -99.000000  -9.711240   0.000000   0.000241   0.000146   0.001400  0.000E+00    varcontrol

 Loading precomputed flux cube from:/home/njm/MESA/mesa/colors/data/stellar_models/Kurucz2003all//flux_cube.bin
 Loaded flux cube with dimensions:          76 x          11 x           9 x        1173
 Performing interpolation at target parameters...
 Interpolation complete
        104   7.016265  1.166E+04  -1.733085  -1.733085   4.999976   4.999976   0.755800   0.000071   0.242800  -4.903437    729      2
 3.7143E+00   7.016265   0.838948 -56.065428  -3.131498 -11.001430   0.000000   0.242800   0.000657   0.001400   0.032195      5
 2.0895E+05   0.358807   2.899029 -99.000000 -99.000000  -9.674219   0.000000   0.000241   0.000146   0.001400  0.000E+00        lgTeff

 Loading precomputed flux cube from:/home/njm/MESA/mesa/colors/data/stellar_models/Kurucz2003all//flux_cube.bin
 Loaded flux cube with dimensions:          76 x          11 x           9 x        1173
 Performing interpolation at target parameters...
 Interpolation complete
        105   7.032274  1.195E+04  -1.610426  -1.610426   4.999976   4.999976   0.755800   0.000071   0.242800  -4.854393    729      2
 3.6773E+00   7.032274   0.822167 -54.963578  -3.009244 -10.967502   0.000000   0.242800   0.000657   0.001400   0.032128      5
 2.1371E+05   0.404117   2.907825 -16.982618 -99.000000  -9.638579   0.000000   0.000241   0.000146   0.001400  0.000E+00        lgTeff

 Loading precomputed flux cube from:/home/njm/MESA/mesa/colors/data/stellar_models/Kurucz2003all//flux_cube.bin
 Loaded flux cube with dimensions:          76 x          11 x           9 x        1173
 Performing interpolation at target parameters...
 Interpolation complete
        106   7.047495  1.222E+04  -1.494271  -1.494271   4.999976   4.999976   0.755800   0.000071   0.242800  -4.807699    730      2
 3.6631E+00   7.047495   0.806122 -54.023622  -2.893702 -10.936732   0.000000   0.242800   0.000657   0.001400   0.032065      3
 2.1831E+05   0.447224   2.915877 -16.857680 -99.000000  -9.603094   0.000000   0.000241   0.000146   0.001400  0.000E+00        lgTeff

 Loading precomputed flux cube from:/home/njm/MESA/mesa/colors/data/stellar_models/Kurucz2003all//flux_cube.bin
 Loaded flux cube with dimensions:          76 x          11 x           9 x        1173
 Performing interpolation at target parameters...
 Interpolation complete
        107   7.062347  1.250E+04  -1.381153  -1.381153   4.999976   4.999976   0.755800   0.000071   0.242800  -4.762136    730      2
 3.6600E+00   7.062347   0.790364 -53.122170  -2.781511 -10.908197   0.000000   0.242800   0.000657   0.001400   0.032004      5
 2.2289E+05   0.489285   2.923360 -16.857680 -99.000000  -9.567752   0.000000   0.000241   0.000146   0.001400  0.000E+00        lgTeff

 Loading precomputed flux cube from:/home/njm/MESA/mesa/colors/data/stellar_models/Kurucz2003all//flux_cube.bin
 Loaded flux cube with dimensions:          76 x          11 x           9 x        1173
 Performing interpolation at target parameters...
 Interpolation complete
        108   7.078941  1.282E+04  -1.254775  -1.254775   4.999976   4.999976   0.755800   0.000071   0.242800  -4.711657    731      2
 3.7161E+00   7.078941   0.772540 -52.127801  -2.656751 -10.881229   0.000000   0.242800   0.000657   0.001400   0.031931      5
 2.2809E+05   0.536092   2.930822 -16.681588 -99.000000  -9.528307   0.000000   0.000241   0.000146   0.001400  0.000E+00    varcontrol

 Loading precomputed flux cube from:/home/njm/MESA/mesa/colors/data/stellar_models/Kurucz2003all//flux_cube.bin
 Loaded flux cube with dimensions:          76 x          11 x           9 x        1173
 Performing interpolation at target parameters...
 Interpolation complete
        109   7.096478  1.315E+04  -1.120298  -1.120298   4.999976   4.999976   0.755800   0.000071   0.242800  -4.658488    731      2
 3.7496E+00   7.096478   0.753562 -51.090059  -2.525010 -10.853205   0.000000   0.242800   0.000657   0.001400   0.031852      5
 2.3370E+05   0.585482   2.938160 -16.857680 -99.000000  -9.486789   0.000000   0.000241   0.000146   0.001400  0.000E+00        lgTeff

 Loading precomputed flux cube from:/home/njm/MESA/mesa/colors/data/stellar_models/Kurucz2003all//flux_cube.bin
 Loaded flux cube with dimensions:          76 x          11 x           9 x        1173
 Performing interpolation at target parameters...
 Interpolation complete

__________________________________________________________________________________________________________________________________________________

       step    lg_Tmax     Teff     lg_LH      lg_Lnuc_tot     Mass       H_rich     H_cntr     N_cntr     Y_surf   eta_cntr   zones  retry
  lg_dt_yrs    lg_Tcntr    lg_R     lg_L3a     lg_Lneu     lg_Mdot    He_core    He_cntr    O_cntr     Z_surf   gam_cntr   iters  
    age_yrs    lg_Dcntr    lg_L     lg_LZ      lg_Lphoto   lg_Dsurf   CO_core    C_cntr     Ne_cntr    Z_cntr   v_div_cs       dt_limit
__________________________________________________________________________________________________________________________________________________

        110   7.112462  1.347E+04  -0.995578  -0.995578   4.999976   4.999976   0.755800   0.000071   0.242800  -4.609659    733      2
 3.7196E+00   7.112462   0.736271 -50.155337  -2.404166 -10.824873   0.000000   0.242800   0.000657   0.001400   0.031784      3
 2.3895E+05   0.630655   2.944924 -99.000000 -99.000000  -9.448848   0.000000   0.000241   0.000146   0.001400  0.000E+00        lgTeff

 Loading precomputed flux cube from:/home/njm/MESA/mesa/colors/data/stellar_models/Kurucz2003all//flux_cube.bin
 Loaded flux cube with dimensions:          76 x          11 x           9 x        1173
 Performing interpolation at target parameters...
 Interpolation complete
        111   7.127758  1.378E+04  -0.872905  -0.872905   4.999976   4.999976   0.755800   0.000071   0.242800  -4.562798    735      2
 3.7100E+00   7.127758   0.719664 -49.270792  -2.286976 -10.798865   0.000000   0.242800   0.000657   0.001400   0.031721      3
 2.4408E+05   0.673942   2.951120 -16.255620 -99.000000  -9.412576   0.000000   0.000241   0.000146   0.001400  0.000E+00        lgTeff

 Loading precomputed flux cube from:/home/njm/MESA/mesa/colors/data/stellar_models/Kurucz2003all//flux_cube.bin
 Loaded flux cube with dimensions:          76 x          11 x           9 x        1173
 Performing interpolation at target parameters...
 Interpolation complete
        112   7.144506  1.412E+04  -0.732733  -0.732733   4.999976   4.999976   0.755800   0.000071   0.242800  -4.511819    735      2
 3.7590E+00   7.144506   0.701310 -48.313812  -2.155511 -10.774627   0.000000   0.242800   0.000657   0.001400   0.031648      4
 2.4982E+05   0.721194   2.957107 -16.556650 -99.000000  -9.373484   0.000000   0.000241   0.000146   0.001400  0.000E+00    varcontrol

 Loading precomputed flux cube from:/home/njm/MESA/mesa/colors/data/stellar_models/Kurucz2003all//flux_cube.bin
 Loaded flux cube with dimensions:          76 x          11 x           9 x        1173
 Performing interpolation at target parameters...
 Interpolation complete
        113   7.162035  1.449E+04  -0.575748  -0.575748   4.999976   4.999976   0.755800   0.000071   0.242800  -4.458581    735      2
 3.7898E+00   7.162035   0.682002 -47.324703  -2.011462 -10.749976   0.000000   0.242800   0.000657   0.001400   0.031571      3
 2.5598E+05   0.770597   2.962898 -99.000000 -99.000000  -9.333752   0.000000   0.000241   0.000146   0.001400  0.000E+00        lgTeff

 Loading precomputed flux cube from:/home/njm/MESA/mesa/colors/data/stellar_models/Kurucz2003all//flux_cube.bin
 Loaded flux cube with dimensions:          76 x          11 x           9 x        1173
 Performing interpolation at target parameters...
 Interpolation complete
        114   7.177831  1.483E+04  -0.418343  -0.418343   4.999976   4.999976   0.755800   0.000071   0.242800  -4.408879    741      2
 3.7637E+00   7.177831   0.664330 -46.432944  -1.869705 -10.725298   0.000000   0.242800   0.000657   0.001400   0.031519      3
 2.6178E+05   0.815860   2.968280 -16.255620 -99.000000  -9.298237   0.000000   0.000241   0.000146   0.001400  0.000E+00        lgTeff

 Loading precomputed flux cube from:/home/njm/MESA/mesa/colors/data/stellar_models/Kurucz2003all//flux_cube.bin
 Loaded flux cube with dimensions:          76 x          11 x           9 x        1173
 Performing interpolation at target parameters...
 Interpolation complete
        115   7.193268  1.517E+04  -0.251644  -0.251644   4.999975   4.999975   0.755800   0.000071   0.242800  -4.361589    744      2
 3.7569E+00   7.193268   0.647322 -45.579761  -1.720867 -10.702511   0.000000   0.242800   0.000657   0.001400   0.031456      4
 2.6750E+05   0.859539   2.973207 -15.954590 -99.000000  -9.264651   0.000000   0.000241   0.000146   0.001400  0.000E+00        lgTeff

 Loading precomputed flux cube from:/home/njm/MESA/mesa/colors/data/stellar_models/Kurucz2003all//flux_cube.bin
 Loaded flux cube with dimensions:          76 x          11 x           9 x        1173
 Performing interpolation at target parameters...
 Interpolation complete
        116   7.210042  1.554E+04  -0.050497  -0.050497   4.999975   4.999975   0.755799   0.000071   0.242800  -4.310622    746      2
 3.8042E+00   7.210042   0.628698 -44.665091  -1.540161 -10.681206   0.000000   0.242800   0.000657   0.001400   0.031382      3
 2.7387E+05   0.906817   2.977844 -99.000000 -99.000000  -9.228630   0.000000   0.000241   0.000146   0.001400  0.000E+00    varcontrol

 Loading precomputed flux cube from:/home/njm/MESA/mesa/colors/data/stellar_models/Kurucz2003all//flux_cube.bin
 Loaded flux cube with dimensions:          76 x          11 x           9 x        1173
 Performing interpolation at target parameters...
 Interpolation complete
        117   7.227589  1.593E+04   0.181763   0.181763   4.999975   4.999975   0.755799   0.000072   0.242800  -4.257779    749      2
 3.8349E+00   7.227589   0.609210 -43.723374  -1.326095 -10.659753   0.000000   0.242800   0.000657   0.001400   0.031301      5
 2.8071E+05   0.956068   2.982262 -99.000000 -99.000000  -9.191694   0.000000   0.000240   0.000146   0.001400  0.000E+00        lgTeff

 Loading precomputed flux cube from:/home/njm/MESA/mesa/colors/data/stellar_models/Kurucz2003all//flux_cube.bin
 Loaded flux cube with dimensions:          76 x          11 x           9 x        1173
 Performing interpolation at target parameters...
 Interpolation complete
        118   7.243723  1.630E+04   0.413742   0.413742   4.999975   4.999975   0.755799   0.000075   0.242800  -4.208716    762      2
 3.8134E+00   7.243723   0.591254 -42.864778  -1.103345 -10.638382   0.000000   0.242800   0.000657   0.001400   0.031231      3
 2.8721E+05   1.001557   2.986408 -99.000000 -99.000000  -9.158213   0.000000   0.000238   0.000146   0.001401  0.000E+00        lgTeff

 Loading precomputed flux cube from:/home/njm/MESA/mesa/colors/data/stellar_models/Kurucz2003all//flux_cube.bin
 Loaded flux cube with dimensions:          76 x          11 x           9 x        1173
 Performing interpolation at target parameters...
 Interpolation complete
        119   7.259417  1.667E+04   0.647024   0.647024   4.999975   4.999975   0.755799   0.000079   0.242800  -4.162064    768      2
 3.8098E+00   7.259417   0.573929 -42.044403  -0.867926 -10.618502   0.000000   0.242800   0.000657   0.001400   0.031152      3
 2.9367E+05   1.045341   2.990152 -99.000000 -99.000000  -9.126431   0.000000   0.000235   0.000146   0.001401  0.000E+00        lgTeff

 Loading precomputed flux cube from:/home/njm/MESA/mesa/colors/data/stellar_models/Kurucz2003all//flux_cube.bin
 Loaded flux cube with dimensions:          76 x          11 x           9 x        1173
 Performing interpolation at target parameters...
 Interpolation complete

__________________________________________________________________________________________________________________________________________________

       step    lg_Tmax     Teff     lg_LH      lg_Lnuc_tot     Mass       H_rich     H_cntr     N_cntr     Y_surf   eta_cntr   zones  retry
  lg_dt_yrs    lg_Tcntr    lg_R     lg_L3a     lg_Lneu     lg_Mdot    He_core    He_cntr    O_cntr     Z_surf   gam_cntr   iters  
    age_yrs    lg_Dcntr    lg_L     lg_LZ      lg_Lphoto   lg_Dsurf   CO_core    C_cntr     Ne_cntr    Z_cntr   v_div_cs       dt_limit
__________________________________________________________________________________________________________________________________________________

        120   7.276463  1.707E+04   0.899860   0.899860   4.999975   4.999975   0.755798   0.000088   0.242800  -4.113148    778      2
 3.8561E+00   7.276463   0.555117 -41.167671  -0.596972 -10.599958   0.000000   0.242800   0.000657   0.001400   0.031048      3
 3.0085E+05   1.092135   2.993472 -99.000000 -99.000000  -9.092530   0.000000   0.000227   0.000146   0.001402  0.000E+00    varcontrol

 Loading precomputed flux cube from:/home/njm/MESA/mesa/colors/data/stellar_models/Kurucz2003all//flux_cube.bin
 Loaded flux cube with dimensions:          76 x          11 x           9 x        1173
 Performing interpolation at target parameters...
 Interpolation complete
        121   7.294329  1.748E+04   1.153002   1.153002   4.999974   4.999974   0.755795   0.000108   0.242800  -4.064299    779      2
 3.8876E+00   7.294329   0.535527 -40.266450  -0.306947 -10.581668   0.000000   0.242799   0.000657   0.001400   0.030916      4
 3.0857E+05   1.140135   2.996385 -99.000000 -99.000000  -9.057700   0.000000   0.000209   0.000146   0.001405  0.000E+00        lgTeff

 Loading precomputed flux cube from:/home/njm/MESA/mesa/colors/data/stellar_models/Kurucz2003all//flux_cube.bin
 Loaded flux cube with dimensions:          76 x          11 x           9 x        1173
 Performing interpolation at target parameters...
 Interpolation complete
        122   7.311044  1.788E+04   1.373005   1.373005   4.999974   4.999974   0.755791   0.000142   0.242800  -4.020842    786      2
 3.8717E+00   7.311044   0.517369 -39.436686  -0.040554 -10.563972   0.000000   0.242799   0.000657   0.001400   0.030768      3
 3.1601E+05   1.184039   2.998927 -14.449440 -99.000000  -9.025648   0.000000   0.000180   0.000146   0.001410  0.000E+00        lgTeff

 Loading precomputed flux cube from:/home/njm/MESA/mesa/colors/data/stellar_models/Kurucz2003all//flux_cube.bin
 Loaded flux cube with dimensions:          76 x          11 x           9 x        1173
 Performing interpolation at target parameters...
 Interpolation complete
        123   7.328344  1.830E+04   1.581009   1.581009   4.999974   4.999974   0.755782   0.000200   0.242800  -3.976508    794      2
 3.9110E+00   7.328344   0.498168 -38.579730   0.219995 -10.547958   0.000000   0.242799   0.000657   0.001400   0.030602      4
 3.2416E+05   1.228850   3.000620 -99.000000 -99.000000  -8.992206   0.000000   0.000131   0.000146   0.001418  0.000E+00    varcontrol

 Loading precomputed flux cube from:/home/njm/MESA/mesa/colors/data/stellar_models/Kurucz2003all//flux_cube.bin
 Loaded flux cube with dimensions:          76 x          11 x           9 x        1173
 Performing interpolation at target parameters...
 Interpolation complete
        124   7.345560  1.873E+04   1.759553   1.759553   4.999974   4.999974   0.755771   0.000269   0.242800  -3.930355    802      2
 3.9419E+00   7.345560   0.478425 -37.731149   0.445982 -10.533492   0.000000   0.242801   0.000657   0.001400   0.030448      5
 3.3290E+05   1.273890   3.001443 -14.148410 -99.000000  -8.958354   0.000000   0.000072   0.000146   0.001428  0.000E+00        lgTeff

 Loading precomputed flux cube from:/home/njm/MESA/mesa/colors/data/stellar_models/Kurucz2003all//flux_cube.bin
 Loaded flux cube with dimensions:          76 x          11 x           9 x        1173
 Performing interpolation at target parameters...
 Interpolation complete
        125   7.360854  1.913E+04   1.886746   1.886746   4.999974   4.999974   0.755761   0.000318   0.242800  -3.883922    812      2
 3.9331E+00   7.360854   0.460012 -36.976536   0.608239 -10.520891   0.000000   0.242804   0.000656   0.001400   0.030364      4
 3.4148E+05   1.316138   3.001686 -99.000000 -99.000000  -8.927242   0.000000   0.000029   0.000146   0.001435  0.000E+00        lgTeff

 Loading precomputed flux cube from:/home/njm/MESA/mesa/colors/data/stellar_models/Kurucz2003all//flux_cube.bin
 Loaded flux cube with dimensions:          76 x          11 x           9 x        1173
 Performing interpolation at target parameters...
 Interpolation complete
        126   7.376281  1.955E+04   1.979713   1.979713   4.999973   4.999973   0.755752   0.000343   0.242800  -3.832443    812      2
 3.9753E+00   7.376281   0.440644 -36.219760   0.731906 -10.510437   0.000000   0.242810   0.000656   0.001400   0.030330      5
 3.5092E+05   1.360960   3.000897 -99.000000 -99.000000  -8.895064   0.000000   0.000009   0.000146   0.001439  0.000E+00    varcontrol

 Loading precomputed flux cube from:/home/njm/MESA/mesa/colors/data/stellar_models/Kurucz2003all//flux_cube.bin
 Loaded flux cube with dimensions:          76 x          11 x           9 x        1173
 Performing interpolation at target parameters...
 Interpolation complete
        127   7.393542  2.002E+04   2.053545   2.053545   4.999973   4.999973   0.755738   0.000349   0.242800  -3.777610    813      2
 4.0412E+00   7.393542   0.419308 -35.399758   0.840501 -10.502029   0.000000   0.242822   0.000655   0.001400   0.030275      5
 3.6192E+05   1.410357   2.999000 -99.000000 -99.000000  -8.860094   0.000000   0.000004   0.000146   0.001439  0.000E+00    varcontrol

 Loading precomputed flux cube from:/home/njm/MESA/mesa/colors/data/stellar_models/Kurucz2003all//flux_cube.bin
 Loaded flux cube with dimensions:          76 x          11 x           9 x        1173
 Performing interpolation at target parameters...
 Interpolation complete
        128   7.411658  2.048E+04   2.122219   2.122219   4.999973   4.999973   0.755714   0.000352   0.242800  -3.732142    820      2
 4.0584E+00   7.411658   0.398586 -34.568324   0.949378 -10.495314   0.000000   0.242847   0.000653   0.001400   0.030103      5
 3.7336E+05   1.457260   2.996865 -13.245320 -99.000000  -8.826380   0.000000   0.000003   0.000146   0.001439  0.000E+00        lgTeff

 Loading precomputed flux cube from:/home/njm/MESA/mesa/colors/data/stellar_models/Kurucz2003all//flux_cube.bin
 Loaded flux cube with dimensions:          76 x          11 x           9 x        1173
 Performing interpolation at target parameters...
 Interpolation complete
        129   7.431806  2.093E+04   2.214426   2.214426   4.999972   4.999972   0.755659   0.000357   0.242800  -3.706874    830      2
 4.0804E+00   7.431806   0.378380 -33.667107   1.084499 -10.489519   0.000000   0.242902   0.000647   0.001400   0.029664      5
 3.8539E+05   1.498546   2.994133 -13.245320 -99.000000  -8.793859   0.000000   0.000003   0.000146   0.001438  0.000E+00    varcontrol

 Loading precomputed flux cube from:/home/njm/MESA/mesa/colors/data/stellar_models/Kurucz2003all//flux_cube.bin
 Loaded flux cube with dimensions:          76 x          11 x           9 x        1173
 Performing interpolation at target parameters...
 Interpolation complete

__________________________________________________________________________________________________________________________________________________

       step    lg_Tmax     Teff     lg_LH      lg_Lnuc_tot     Mass       H_rich     H_cntr     N_cntr     Y_surf   eta_cntr   zones  retry
  lg_dt_yrs    lg_Tcntr    lg_R     lg_L3a     lg_Lneu     lg_Mdot    He_core    He_cntr    O_cntr     Z_surf   gam_cntr   iters  
    age_yrs    lg_Dcntr    lg_L     lg_LZ      lg_Lphoto   lg_Dsurf   CO_core    C_cntr     Ne_cntr    Z_cntr   v_div_cs       dt_limit
__________________________________________________________________________________________________________________________________________________

        130   7.454648  2.137E+04   2.366200   2.366200   4.999972   4.999972   0.755510   0.000372   0.242800  -3.709575    837      2
 4.1348E+00   7.454648   0.357607 -32.550318   1.270495 -10.485477   0.000000   0.243054   0.000628   0.001400   0.028876      5
 3.9903E+05   1.531883   2.989095 -13.546350 -99.000000  -8.761151   0.000000   0.000004   0.000146   0.001436  0.000E+00    varcontrol

 Loading precomputed flux cube from:/home/njm/MESA/mesa/colors/data/stellar_models/Kurucz2003all//flux_cube.bin
 Loaded flux cube with dimensions:          76 x          11 x           9 x        1173
 Performing interpolation at target parameters...
 Interpolation complete
        131   7.473968  2.174E+04   2.568595   2.568595   4.999971   4.999971   0.755456   0.000378   0.242800  -3.727968    848      2
 4.1830E+00   7.473968   0.337610 -31.480437   1.483914 -10.486845   0.000000   0.243109   0.000622   0.001400   0.028074      5
 4.1427E+05   1.553133   2.978586 -99.000000 -99.000000  -8.731057   0.000000   0.000004   0.000146   0.001435  0.000E+00    varcontrol

 Loading precomputed flux cube from:/home/njm/MESA/mesa/colors/data/stellar_models/Kurucz2003all//flux_cube.bin
 Loaded flux cube with dimensions:          76 x          11 x           9 x        1173
 Performing interpolation at target parameters...
 Interpolation complete
        132   7.487182  2.194E+04   2.742964   2.742964   4.999971   4.999971   0.755420   0.000381   0.242800  -3.759710    851      2
 4.2412E+00   7.487182   0.319323 -30.727248   1.658303 -10.502182   0.000000   0.243146   0.000618   0.001400   0.027365      5
 4.3170E+05   1.559417   2.957942 -12.944290 -99.000000  -8.705818   0.000000   0.000004   0.000146   0.001435  0.000E+00    varcontrol

 Loading precomputed flux cube from:/home/njm/MESA/mesa/colors/data/stellar_models/Kurucz2003all//flux_cube.bin
 Loaded flux cube with dimensions:          76 x          11 x           9 x        1173
 Performing interpolation at target parameters...
 Interpolation complete
        133   7.494094  2.193E+04   2.840414   2.840414   4.999970   4.999970   0.755373   0.000386   0.242800  -3.796586    860      2
 4.3204E+00   7.494094   0.303440 -30.340915   1.757896 -10.543544   0.000000   0.243193   0.000613   0.001400   0.026821      5
 4.5261E+05   1.553977   2.925391 -99.000000 -99.000000  -8.686697   0.000000   0.000004   0.000146   0.001434  0.000E+00  max increase

 Loading precomputed flux cube from:/home/njm/MESA/mesa/colors/data/stellar_models/Kurucz2003all//flux_cube.bin
 Loaded flux cube with dimensions:          76 x          11 x           9 x        1173
 Performing interpolation at target parameters...
 Interpolation complete
        134   7.496306  2.175E+04   2.870402   2.870402   4.999969   4.999969   0.755311   0.000392   0.242800  -3.828659    869      2
 4.3996E+00   7.496306   0.291451 -30.229567   1.793347 -10.615690   0.000000   0.243256   0.000606   0.001400   0.026472      5
 4.7771E+05   1.543508   2.887733 -99.000000 -99.000000  -8.674778   0.000000   0.000004   0.000146   0.001433  0.000E+00  max increase

 Loading precomputed flux cube from:/home/njm/MESA/mesa/colors/data/stellar_models/Kurucz2003all//flux_cube.bin
 Loaded flux cube with dimensions:          76 x          11 x           9 x        1173
 Performing interpolation at target parameters...
 Interpolation complete
        135   7.495983  2.153E+04   2.866035   2.866035   4.999969   4.999969   0.755207   0.000401   0.242800  -3.851611    866      2
 4.4788E+00   7.495983   0.284187 -30.262686   1.792461 -10.702574   0.000000   0.243361   0.000595   0.001400   0.026284      5
 5.0782E+05   1.533153   2.855458 -99.000000 -99.000000  -8.669465   0.000000   0.000004   0.000146   0.001432  0.000E+00  max increase

 Loading precomputed flux cube from:/home/njm/MESA/mesa/colors/data/stellar_models/Kurucz2003all//flux_cube.bin
 Loaded flux cube with dimensions:          76 x          11 x           9 x        1173
 Performing interpolation at target parameters...
 Interpolation complete
        136   7.494732  2.136E+04   2.851821   2.851821   4.999968   4.999968   0.755060   0.000414   0.242800  -3.865563    870      2
 4.5580E+00   7.494732   0.281165 -30.345083   1.779511 -10.778651   0.000000   0.243510   0.000580   0.001400   0.026203      5
 5.4396E+05   1.525285   2.835228 -12.643260 -99.000000  -8.668681   0.000000   0.000004   0.000146   0.001430  0.000E+00  max increase

 Loading precomputed flux cube from:/home/njm/MESA/mesa/colors/data/stellar_models/Kurucz2003all//flux_cube.bin
 Loaded flux cube with dimensions:          76 x          11 x           9 x        1173
 Performing interpolation at target parameters...
 Interpolation complete
        137   7.493352  2.125E+04   2.840648   2.840648   4.999968   4.999968   0.754854   0.000431   0.242800  -3.873525    869      2
 4.6372E+00   7.493352   0.280921 -30.430966   1.767260 -10.827153   0.000000   0.243719   0.000561   0.001400   0.026179      5
 5.8733E+05   1.519819   2.826238 -99.000000 -99.000000  -8.670161   0.000000   0.000005   0.000146   0.001427  0.000E+00  max increase

 Loading precomputed flux cube from:/home/njm/MESA/mesa/colors/data/stellar_models/Kurucz2003all//flux_cube.bin
 Loaded flux cube with dimensions:          76 x          11 x           9 x        1173
 Performing interpolation at target parameters...
 Interpolation complete
        138   7.492119  2.120E+04   2.834496   2.834496   4.999967   4.999967   0.754600   0.000450   0.242800  -3.878532    866      2
 4.7163E+00   7.492119   0.281926 -30.505923   1.759679 -10.849295   0.000000   0.243975   0.000539   0.001400   0.026177      5
 6.3937E+05   1.515862   2.823741 -99.000000 -99.000000  -8.672349   0.000000   0.000005   0.000146   0.001425  0.000E+00  max increase

 Loading precomputed flux cube from:/home/njm/MESA/mesa/colors/data/stellar_models/Kurucz2003all//flux_cube.bin
 Loaded flux cube with dimensions:          76 x          11 x           9 x        1173
 Performing interpolation at target parameters...
 Interpolation complete
        139   7.491015  2.116E+04   2.831795   2.831795   4.999966   4.999966   0.754294   0.000471   0.242800  -3.882616    865      2
 4.7955E+00   7.491015   0.283284 -30.572358   1.754951 -10.856019   0.000000   0.244284   0.000514   0.001400   0.026180      5
 7.0182E+05   1.512510   2.823612 -12.944290 -99.000000  -8.674623   0.000000   0.000005   0.000146   0.001422  0.000E+00  max increase

 Loading precomputed flux cube from:/home/njm/MESA/mesa/colors/data/stellar_models/Kurucz2003all//flux_cube.bin
 Loaded flux cube with dimensions:          76 x          11 x           9 x        1173
 Performing interpolation at target parameters...
 Interpolation complete

__________________________________________________________________________________________________________________________________________________

       step    lg_Tmax     Teff     lg_LH      lg_Lnuc_tot     Mass       H_rich     H_cntr     N_cntr     Y_surf   eta_cntr   zones  retry
  lg_dt_yrs    lg_Tcntr    lg_R     lg_L3a     lg_Lneu     lg_Mdot    He_core    He_cntr    O_cntr     Z_surf   gam_cntr   iters  
    age_yrs    lg_Dcntr    lg_L     lg_LZ      lg_Lphoto   lg_Dsurf   CO_core    C_cntr     Ne_cntr    Z_cntr   v_div_cs       dt_limit
__________________________________________________________________________________________________________________________________________________

        140   7.489957  2.113E+04   2.830596   2.830596   4.999965   4.999965   0.753928   0.000494   0.242800  -3.886660    865      2
 4.8747E+00   7.489957   0.284693 -30.635718   1.751809 -10.857064   0.000000   0.244653   0.000488   0.001400   0.026183      5
 7.7675E+05   1.509259   2.823936 -99.000000 -99.000000  -8.676887   0.000000   0.000005   0.000146   0.001418  0.000E+00  max increase

 Loading precomputed flux cube from:/home/njm/MESA/mesa/colors/data/stellar_models/Kurucz2003all//flux_cube.bin
 Loaded flux cube with dimensions:          76 x          11 x           9 x        1173
 Performing interpolation at target parameters...
 Interpolation complete
        141   7.488900  2.110E+04   2.829865   2.829865   4.999964   4.999964   0.753490   0.000518   0.242800  -3.890861    865      2
 4.9539E+00   7.488900   0.286116 -30.698614   1.749047 -10.857017   0.000000   0.245096   0.000460   0.001400   0.026186      5
 8.6668E+05   1.505961   2.824242 -12.944290 -99.000000  -8.679177   0.000000   0.000005   0.000146   0.001415  0.000E+00  max increase

 Loading precomputed flux cube from:/home/njm/MESA/mesa/colors/data/stellar_models/Kurucz2003all//flux_cube.bin
 Loaded flux cube with dimensions:          76 x          11 x           9 x        1173
 Performing interpolation at target parameters...
 Interpolation complete
        142   7.487841  2.107E+04   2.829300   2.829300   4.999962   4.999962   0.752964   0.000544   0.242800  -3.895208    865      2
 5.0331E+00   7.487841   0.287567 -30.761261   1.746419 -10.857019   0.000000   0.245625   0.000430   0.001400   0.026189      5
 9.7459E+05   1.502618   2.824529 -12.643260 -99.000000  -8.681519   0.000000   0.000006   0.000146   0.001411  0.000E+00  max increase

 Loading precomputed flux cube from:/home/njm/MESA/mesa/colors/data/stellar_models/Kurucz2003all//flux_cube.bin
 Loaded flux cube with dimensions:          76 x          11 x           9 x        1173
 Performing interpolation at target parameters...
 Interpolation complete
        143   7.486790  2.104E+04   2.828867   2.828867   4.999960   4.999960   0.752334   0.000571   0.242800  -3.899666    865      2
 5.1122E+00   7.486790   0.289050 -30.822923   1.743918 -10.857084   0.000000   0.246259   0.000399   0.001400   0.026193      5
 1.1041E+06   1.499265   2.824842 -12.643260 -99.000000  -8.683909   0.000000   0.000006   0.000146   0.001407  0.000E+00  max increase

 Loading precomputed flux cube from:/home/njm/MESA/mesa/colors/data/stellar_models/Kurucz2003all//flux_cube.bin
 Loaded flux cube with dimensions:          76 x          11 x           9 x        1173
 Performing interpolation at target parameters...
 Interpolation complete
        144   7.485760  2.101E+04   2.828575   2.828575   4.999958   4.999958   0.751579   0.000599   0.242800  -3.904215    864      2
 5.1914E+00   7.485760   0.290560 -30.882671   1.741579 -10.857103   0.000000   0.247018   0.000366   0.001400   0.026199      5
 1.2595E+06   1.495936   2.825204 -12.467169 -99.000000  -8.686337   0.000000   0.000006   0.000146   0.001403  0.000E+00  max increase

 Loading precomputed flux cube from:/home/njm/MESA/mesa/colors/data/stellar_models/Kurucz2003all//flux_cube.bin
 Loaded flux cube with dimensions:          76 x          11 x           9 x        1173
 Performing interpolation at target parameters...
 Interpolation complete
        145   7.484766  2.097E+04   2.828437   2.828437   4.999956   4.999956   0.750674   0.000629   0.242800  -3.908841    863      2
 5.2706E+00   7.484766   0.292095 -30.939545   1.739437 -10.857014   0.000000   0.247927   0.000332   0.001400   0.026205      5
 1.4459E+06   1.492664   2.825633 -99.000000 -99.000000  -8.688790   0.000000   0.000006   0.000146   0.001399  0.000E+00  max increase

 Loading precomputed flux cube from:/home/njm/MESA/mesa/colors/data/stellar_models/Kurucz2003all//flux_cube.bin
 Loaded flux cube with dimensions:          76 x          11 x           9 x        1173
 Performing interpolation at target parameters...
 Interpolation complete
        146   7.483818  2.094E+04   2.828472   2.828472   4.999953   4.999953   0.749582   0.000659   0.242800  -3.913557    863      2
 5.3498E+00   7.483818   0.293657 -30.992761   1.737379 -10.856771   0.000000   0.249024   0.000298   0.001400   0.026212      5
 1.6697E+06   1.489470   2.826143 -99.000000 -99.000000  -8.691272   0.000000   0.000007   0.000146   0.001394  0.000E+00  max increase

 Loading precomputed flux cube from:/home/njm/MESA/mesa/colors/data/stellar_models/Kurucz2003all//flux_cube.bin
 Loaded flux cube with dimensions:          76 x          11 x           9 x        1173
 Performing interpolation at target parameters...
 Interpolation complete
        147   7.482934  2.091E+04   2.828680   2.828680   4.999949   4.999949   0.748271   0.000689   0.242800  -3.918340    863      2
 5.4290E+00   7.482934   0.295241 -31.041057   1.735714 -10.856342   0.000000   0.250339   0.000263   0.001400   0.026221      5
 1.9382E+06   1.486398   2.826763 -99.000000 -99.000000  -8.693768   0.000000   0.000007   0.000146   0.001390  0.000E+00  max increase

 Loading precomputed flux cube from:/home/njm/MESA/mesa/colors/data/stellar_models/Kurucz2003all//flux_cube.bin
 Loaded flux cube with dimensions:          76 x          11 x           9 x        1173
 Performing interpolation at target parameters...
 Interpolation complete
        148   7.482131  2.088E+04   2.829088   2.829088   4.999944   4.999944   0.746697   0.000718   0.242800  -3.923194    863      2
 5.5081E+00   7.482131   0.296850 -31.083280   1.734344 -10.855655   0.000000   0.251918   0.000229   0.001400   0.026232      5
 2.2604E+06   1.483484   2.827516 -12.944290 -99.000000  -8.696275   0.000000   0.000007   0.000146   0.001386  0.000E+00  max increase

 Loading precomputed flux cube from:/home/njm/MESA/mesa/colors/data/stellar_models/Kurucz2003all//flux_cube.bin
 Loaded flux cube with dimensions:          76 x          11 x           9 x        1173
 Performing interpolation at target parameters...
 Interpolation complete
        149   7.481423  2.085E+04   2.829728   2.829728   4.999939   4.999939   0.744795   0.000747   0.242800  -3.928141    861      2
 5.5873E+00   7.481423   0.298496 -31.118400   1.733168 -10.854647   0.000000   0.253824   0.000195   0.001400   0.026245      5
 2.6471E+06   1.480753   2.828439 -99.000000 -99.000000  -8.698809   0.000000   0.000008   0.000146   0.001381  0.000E+00  max increase

 Loading precomputed flux cube from:/home/njm/MESA/mesa/colors/data/stellar_models/Kurucz2003all//flux_cube.bin
 Loaded flux cube with dimensions:          76 x          11 x           9 x        1173
 Performing interpolation at target parameters...
 Interpolation complete

__________________________________________________________________________________________________________________________________________________

       step    lg_Tmax     Teff     lg_LH      lg_Lnuc_tot     Mass       H_rich     H_cntr     N_cntr     Y_surf   eta_cntr   zones  retry
  lg_dt_yrs    lg_Tcntr    lg_R     lg_L3a     lg_Lneu     lg_Mdot    He_core    He_cntr    O_cntr     Z_surf   gam_cntr   iters  
    age_yrs    lg_Dcntr    lg_L     lg_LZ      lg_Lphoto   lg_Dsurf   CO_core    C_cntr     Ne_cntr    Z_cntr   v_div_cs       dt_limit
__________________________________________________________________________________________________________________________________________________

        150   7.480828  2.083E+04   2.830618   2.830618   4.999932   4.999932   0.742509   0.000775   0.242800  -3.933210    861      2
 5.6665E+00   7.480828   0.300185 -31.145048   1.732489 -10.853242   0.000000   0.256114   0.000163   0.001400   0.026261      5
 3.1111E+06   1.478238   2.829565 -99.000000 -99.000000  -8.701370   0.000000   0.000008   0.000146   0.001377  0.000E+00  max increase

save LOGS/profile4.data for model 150
 Loading precomputed flux cube from:/home/njm/MESA/mesa/colors/data/stellar_models/Kurucz2003all//flux_cube.bin
 Loaded flux cube with dimensions:          76 x          11 x           9 x        1173
 Performing interpolation at target parameters...
 Interpolation complete
save photos/x150 for model 150
        151   7.480363  2.080E+04   2.831803   2.831803   4.999925   4.999925   0.739759   0.000800   0.242800  -3.938441    861      2
 5.7457E+00   7.480363   0.301935 -31.161913   1.732219 -10.851355   0.000000   0.258868   0.000134   0.001400   0.026281      5
 3.6679E+06   1.475967   2.830941 -99.000000 -99.000000  -8.703976   0.000000   0.000008   0.000146   0.001374  0.000E+00  max increase

 Loading precomputed flux cube from:/home/njm/MESA/mesa/colors/data/stellar_models/Kurucz2003all//flux_cube.bin
 Loaded flux cube with dimensions:          76 x          11 x           9 x        1173
 Performing interpolation at target parameters...
 Interpolation complete
        152   7.480047  2.078E+04   2.833333   2.833333   4.999915   4.999915   0.736448   0.000823   0.242800  -3.943903    861      2
 5.8249E+00   7.480047   0.303773 -31.167685   1.732400 -10.848880   0.000000   0.262182   0.000107   0.001400   0.026305      5
 4.3360E+06   1.473961   2.832623 -12.643260 -99.000000  -8.706662   0.000000   0.000008   0.000146   0.001370  0.000E+00  max increase

 Loading precomputed flux cube from:/home/njm/MESA/mesa/colors/data/stellar_models/Kurucz2003all//flux_cube.bin
 Loaded flux cube with dimensions:          76 x          11 x           9 x        1173
 Performing interpolation at target parameters...
 Interpolation complete
        153   7.479894  2.075E+04   2.835269   2.835269   4.999904   4.999904   0.732411   0.000843   0.242800  -3.949726    861      2
 5.9041E+00   7.479894   0.305747 -31.160875   1.732813 -10.845697   0.000000   0.266222   0.000084   0.001400   0.026335      5
 5.1378E+06   1.472228   2.834673 -99.000000 -99.000000  -8.709490   0.000000   0.000008   0.000146   0.001367  0.000E+00  max increase

 Loading precomputed flux cube from:/home/njm/MESA/mesa/colors/data/stellar_models/Kurucz2003all//flux_cube.bin
 Loaded flux cube with dimensions:          76 x          11 x           9 x        1173
 Performing interpolation at target parameters...
 Interpolation complete
        154   7.479923  2.073E+04   2.837680   2.837680   4.999890   4.999890   0.727540   0.000860   0.242800  -3.956022    861      2
 5.9832E+00   7.479923   0.307898 -31.140072   1.734029 -10.841672   0.000000   0.271095   0.000065   0.001400   0.026372      5
 6.0999E+06   1.470778   2.837174 -99.000000 -99.000000  -8.712512   0.000000   0.000009   0.000146   0.001365  0.000E+00  max increase

 Loading precomputed flux cube from:/home/njm/MESA/mesa/colors/data/stellar_models/Kurucz2003all//flux_cube.bin
 Loaded flux cube with dimensions:          76 x          11 x           9 x        1173
 Performing interpolation at target parameters...
 Interpolation complete
        155   7.480152  2.071E+04   2.840666   2.840666   4.999873   4.999873   0.721587   0.000873   0.242800  -3.963000    863      2
 6.0624E+00   7.480152   0.310307 -31.103406   1.735588 -10.836625   0.000000   0.277050   0.000050   0.001400   0.026418      5
 7.2545E+06   1.469614   2.840224 -99.000000 -99.000000  -8.715840   0.000000   0.000009   0.000146   0.001363  0.000E+00  max increase

 Loading precomputed flux cube from:/home/njm/MESA/mesa/colors/data/stellar_models/Kurucz2003all//flux_cube.bin
 Loaded flux cube with dimensions:          76 x          11 x           9 x        1173
 Performing interpolation at target parameters...
 Interpolation complete
        156   7.480598  2.069E+04   2.844341   2.844341   4.999852   4.999852   0.714382   0.000883   0.242800  -3.970882    863      2
 6.1416E+00   7.480598   0.313056 -31.049663   1.738063 -10.830356   0.000000   0.284257   0.000038   0.001400   0.026475      5
 8.6399E+06   1.468707   2.843945 -99.000000 -99.000000  -8.719581   0.000000   0.000009   0.000146   0.001361  0.000E+00  max increase

 Loading precomputed flux cube from:/home/njm/MESA/mesa/colors/data/stellar_models/Kurucz2003all//flux_cube.bin
 Loaded flux cube with dimensions:          76 x          11 x           9 x        1173
 Performing interpolation at target parameters...
 Interpolation complete
        157   7.481282  2.067E+04   2.848851   2.848851   4.999827   4.999827   0.705541   0.000890   0.242800  -3.980031    864      2
 6.2208E+00   7.481282   0.316282 -30.976458   1.741010 -10.822605   0.000000   0.293098   0.000030   0.001400   0.026548      5
 1.0303E+07   1.468038   2.848482 -99.000000 -99.000000  -8.723931   0.000000   0.000009   0.000146   0.001360  0.000E+00  max increase

 Loading precomputed flux cube from:/home/njm/MESA/mesa/colors/data/stellar_models/Kurucz2003all//flux_cube.bin
 Loaded flux cube with dimensions:          76 x          11 x           9 x        1173
 Performing interpolation at target parameters...
 Interpolation complete
        158   7.482230  2.064E+04   2.854383   2.854383   4.999797   4.999797   0.694667   0.000894   0.242800  -3.990857    865      2
 6.3000E+00   7.482230   0.320150 -30.881450   1.744767 -10.813086   0.000000   0.303973   0.000025   0.001400   0.026640      5
 1.2298E+07   1.467575   2.854030 -12.944290 -99.000000  -8.729118   0.000000   0.000009   0.000146   0.001360  0.000E+00  max increase

 Loading precomputed flux cube from:/home/njm/MESA/mesa/colors/data/stellar_models/Kurucz2003all//flux_cube.bin
 Loaded flux cube with dimensions:          76 x          11 x           9 x        1173
 Performing interpolation at target parameters...
 Interpolation complete
        159   7.483478  2.061E+04   2.861177   2.861177   4.999759   4.999759   0.681249   0.000897   0.242800  -4.003873    866      2
 6.3791E+00   7.483478   0.324874 -30.761583   1.749455 -10.801409   0.000000   0.317392   0.000022   0.001400   0.026759      5
 1.4692E+07   1.467295   2.860829 -12.643260 -99.000000  -8.735438   0.000000   0.000009   0.000146   0.001359  0.000E+00      XHe_cntr

 Loading precomputed flux cube from:/home/njm/MESA/mesa/colors/data/stellar_models/Kurucz2003all//flux_cube.bin
 Loaded flux cube with dimensions:          76 x          11 x           9 x        1173
 Performing interpolation at target parameters...
 Interpolation complete

__________________________________________________________________________________________________________________________________________________

       step    lg_Tmax     Teff     lg_LH      lg_Lnuc_tot     Mass       H_rich     H_cntr     N_cntr     Y_surf   eta_cntr   zones  retry
  lg_dt_yrs    lg_Tcntr    lg_R     lg_L3a     lg_Lneu     lg_Mdot    He_core    He_cntr    O_cntr     Z_surf   gam_cntr   iters  
    age_yrs    lg_Dcntr    lg_L     lg_LZ      lg_Lphoto   lg_Dsurf   CO_core    C_cntr     Ne_cntr    Z_cntr   v_div_cs       dt_limit
__________________________________________________________________________________________________________________________________________________

        160   7.484626  2.058E+04   2.867201   2.867201   4.999725   4.999725   0.669274   0.000898   0.242800  -4.015315    864      2
 6.3183E+00   7.484626   0.329088 -30.654358   1.753559 -10.787085   0.000000   0.329367   0.000021   0.001400   0.026869      5
 1.6773E+07   1.467194   2.866852 -99.000000 -99.000000  -8.741083   0.000000   0.000009   0.000146   0.001359  0.000E+00      XHe_cntr

 Loading precomputed flux cube from:/home/njm/MESA/mesa/colors/data/stellar_models/Kurucz2003all//flux_cube.bin
 Loaded flux cube with dimensions:          76 x          11 x           9 x        1173
 Performing interpolation at target parameters...
 Interpolation complete
        161   7.485727  2.055E+04   2.872841   2.872841   4.999693   4.999693   0.657973   0.000899   0.242800  -4.025993    869      2
 6.2820E+00   7.485727   0.333077 -30.553572   1.757361 -10.774415   0.000000   0.340668   0.000020   0.001400   0.026978      5
 1.8687E+07   1.467198   2.872489 -99.000000 -99.000000  -8.746433   0.000000   0.000009   0.000146   0.001359  0.000E+00      XHe_cntr

 Loading precomputed flux cube from:/home/njm/MESA/mesa/colors/data/stellar_models/Kurucz2003all//flux_cube.bin
 Loaded flux cube with dimensions:          76 x          11 x           9 x        1173
 Performing interpolation at target parameters...
 Interpolation complete
        162   7.486806  2.053E+04   2.878269   2.878269   4.999661   4.999661   0.647001   0.000899   0.242800  -4.036272    869      2
 6.2583E+00   7.486806   0.336965 -30.456347   1.760988 -10.762580   0.000000   0.351639   0.000020   0.001400   0.027088      5
 2.0500E+07   1.467274   2.877912 -12.467169 -99.000000  -8.751660   0.000000   0.000009   0.000146   0.001359  0.000E+00      XHe_cntr

 Loading precomputed flux cube from:/home/njm/MESA/mesa/colors/data/stellar_models/Kurucz2003all//flux_cube.bin
 Loaded flux cube with dimensions:          76 x          11 x           9 x        1173
 Performing interpolation at target parameters...
 Interpolation complete
        163   7.487883  2.050E+04   2.883559   2.883559   4.999631   4.999631   0.636087   0.000899   0.242800  -4.046378    869      2
 6.2409E+00   7.487883   0.340826 -30.360549   1.764319 -10.751221   0.000000   0.362554   0.000019   0.001400   0.027202      5
 2.2241E+07   1.467426   2.883194 -12.342230 -99.000000  -8.756870   0.000000   0.000009   0.000146   0.001359  0.000E+00      XHe_cntr

 Loading precomputed flux cube from:/home/njm/MESA/mesa/colors/data/stellar_models/Kurucz2003all//flux_cube.bin
 Loaded flux cube with dimensions:          76 x          11 x           9 x        1173
 Performing interpolation at target parameters...
 Interpolation complete
        164   7.488958  2.047E+04   2.888747   2.888747   4.999600   4.999600   0.625244   0.000899   0.242800  -4.056310    874      2
 6.2256E+00   7.488958   0.344673 -30.266155   1.767682 -10.740197   0.000000   0.373397   0.000019   0.001400   0.027319      5
 2.3922E+07   1.467649   2.888375 -99.000000 -99.000000  -8.762077   0.000000   0.000009   0.000146   0.001359  0.000E+00      XHe_cntr

 Loading precomputed flux cube from:/home/njm/MESA/mesa/colors/data/stellar_models/Kurucz2003all//flux_cube.bin
 Loaded flux cube with dimensions:          76 x          11 x           9 x        1173
 Performing interpolation at target parameters...
 Interpolation complete
        165   7.490025  2.044E+04   2.893849   2.893849   4.999570   4.999570   0.614560   0.000899   0.242800  -4.066045    872      2
 6.2112E+00   7.490025   0.348500 -30.173681   1.771155 -10.729414   0.000000   0.384081   0.000019   0.001400   0.027439      5
 2.5548E+07   1.467922   2.893472 -12.944290 -99.000000  -8.767264   0.000000   0.000009   0.000146   0.001359  0.000E+00      XHe_cntr

 Loading precomputed flux cube from:/home/njm/MESA/mesa/colors/data/stellar_models/Kurucz2003all//flux_cube.bin
 Loaded flux cube with dimensions:          76 x          11 x           9 x        1173
 Performing interpolation at target parameters...
 Interpolation complete
        166   7.491098  2.041E+04   2.898873   2.898873   4.999540   4.999540   0.603839   0.000899   0.242800  -4.075732    872      2
 6.1988E+00   7.491098   0.352340 -30.081662   1.774349 -10.718831   0.000000   0.394802   0.000019   0.001400   0.027564      5
 2.7129E+07   1.468253   2.898488 -12.342230 -99.000000  -8.772491   0.000000   0.000009   0.000146   0.001359  0.000E+00      XHe_cntr

 Loading precomputed flux cube from:/home/njm/MESA/mesa/colors/data/stellar_models/Kurucz2003all//flux_cube.bin
 Loaded flux cube with dimensions:          76 x          11 x           9 x        1173
 Performing interpolation at target parameters...
 Interpolation complete
        167   7.492174  2.037E+04   2.903834   2.903834   4.999509   4.999509   0.593134   0.000899   0.242800  -4.085336    870      2
 6.1872E+00   7.492174   0.356193 -29.990369   1.777610 -10.708455   0.000000   0.405508   0.000019   0.001400   0.027693      5
 2.8668E+07   1.468640   2.903441 -99.000000 -99.000000  -8.777749   0.000000   0.000009   0.000146   0.001359  0.000E+00      XHe_cntr

 Loading precomputed flux cube from:/home/njm/MESA/mesa/colors/data/stellar_models/Kurucz2003all//flux_cube.bin
 Loaded flux cube with dimensions:          76 x          11 x           9 x        1173
 Performing interpolation at target parameters...
 Interpolation complete
        168   7.493254  2.034E+04   2.908731   2.908731   4.999479   4.999479   0.582454   0.000899   0.242800  -4.094829    867      2
 6.1751E+00   7.493254   0.360056 -29.899802   1.780838 -10.698241   0.000000   0.416187   0.000019   0.001400   0.027827      5
 3.0164E+07   1.469092   2.908332 -12.467169 -99.000000  -8.783034   0.000000   0.000009   0.000146   0.001359  0.000E+00      XHe_cntr

 Loading precomputed flux cube from:/home/njm/MESA/mesa/colors/data/stellar_models/Kurucz2003all//flux_cube.bin
 Loaded flux cube with dimensions:          76 x          11 x           9 x        1173
 Performing interpolation at target parameters...
 Interpolation complete
        169   7.494327  2.031E+04   2.913578   2.913578   4.999450   4.999450   0.571935   0.000899   0.242800  -4.104157    869      2
 6.1636E+00   7.494327   0.363913 -29.810777   1.784254 -10.688187   0.000000   0.426706   0.000019   0.001400   0.027963      5
 3.1622E+07   1.469582   2.913176 -99.000000 -99.000000  -8.788319   0.000000   0.000009   0.000146   0.001359  0.000E+00      XHe_cntr

 Loading precomputed flux cube from:/home/njm/MESA/mesa/colors/data/stellar_models/Kurucz2003all//flux_cube.bin
 Loaded flux cube with dimensions:          76 x          11 x           9 x        1173
 Performing interpolation at target parameters...
 Interpolation complete

__________________________________________________________________________________________________________________________________________________

       step    lg_Tmax     Teff     lg_LH      lg_Lnuc_tot     Mass       H_rich     H_cntr     N_cntr     Y_surf   eta_cntr   zones  retry
  lg_dt_yrs    lg_Tcntr    lg_R     lg_L3a     lg_Lneu     lg_Mdot    He_core    He_cntr    O_cntr     Z_surf   gam_cntr   iters  
    age_yrs    lg_Dcntr    lg_L     lg_LZ      lg_Lphoto   lg_Dsurf   CO_core    C_cntr     Ne_cntr    Z_cntr   v_div_cs       dt_limit
__________________________________________________________________________________________________________________________________________________

        170   7.495410  2.027E+04   2.918386   2.918386   4.999420   4.999420   0.561386   0.000899   0.242800  -4.113441    868      2
 6.1538E+00   7.495410   0.367799 -29.721899   1.787460 -10.678247   0.000000   0.437255   0.000019   0.001400   0.028103      5
 3.3047E+07   1.470131   2.917976 -12.944290 -99.000000  -8.793659   0.000000   0.000009   0.000146   0.001359  0.000E+00      XHe_cntr

 Loading precomputed flux cube from:/home/njm/MESA/mesa/colors/data/stellar_models/Kurucz2003all//flux_cube.bin
 Loaded flux cube with dimensions:          76 x          11 x           9 x        1173
 Performing interpolation at target parameters...
 Interpolation complete
        171   7.496503  2.024E+04   2.923163   2.923163   4.999390   4.999390   0.550782   0.000899   0.242800  -4.122699    872      2
 6.1450E+00   7.496503   0.371723 -29.632914   1.790662 -10.668429   0.000000   0.447859   0.000019   0.001400   0.028250      5
 3.4443E+07   1.470745   2.922746 -99.000000 -99.000000  -8.799067   0.000000   0.000010   0.000146   0.001359  0.000E+00      XHe_cntr

 Loading precomputed flux cube from:/home/njm/MESA/mesa/colors/data/stellar_models/Kurucz2003all//flux_cube.bin
 Loaded flux cube with dimensions:          76 x          11 x           9 x        1173
 Performing interpolation at target parameters...
 Interpolation complete
        172   7.497607  2.020E+04   2.927898   2.927898   4.999360   4.999360   0.540148   0.000899   0.242800  -4.131896    872      2
 6.1350E+00   7.497607   0.375677 -29.543980   1.793853 -10.658709   0.000000   0.458493   0.000018   0.001400   0.028402      5
 3.5808E+07   1.471427   2.927472 -99.000000 -99.000000  -8.804530   0.000000   0.000010   0.000146   0.001359  0.000E+00      XHe_cntr

 Loading precomputed flux cube from:/home/njm/MESA/mesa/colors/data/stellar_models/Kurucz2003all//flux_cube.bin
 Loaded flux cube with dimensions:          76 x          11 x           9 x        1173
 Performing interpolation at target parameters...
 Interpolation complete
        173   7.498719  2.016E+04   2.932582   2.932582   4.999330   4.999330   0.529499   0.000899   0.242800  -4.141034    874      2
 6.1245E+00   7.498719   0.379654 -29.455163   1.797029 -10.649110   0.000000   0.469143   0.000018   0.001400   0.028560      5
 3.7140E+07   1.472173   2.932148 -12.944290 -99.000000  -8.810044   0.000000   0.000010   0.000146   0.001359  0.000E+00      XHe_cntr

 Loading precomputed flux cube from:/home/njm/MESA/mesa/colors/data/stellar_models/Kurucz2003all//flux_cube.bin
 Loaded flux cube with dimensions:          76 x          11 x           9 x        1173
 Performing interpolation at target parameters...
 Interpolation complete
        174   7.499839  2.012E+04   2.937212   2.937212   4.999300   4.999300   0.518839   0.000899   0.242800  -4.150099    873      2
 6.1136E+00   7.499839   0.383653 -29.366463   1.800190 -10.639651   0.000000   0.479802   0.000018   0.001400   0.028724      5
 3.8439E+07   1.472986   2.936770 -12.342230 -99.000000  -8.815603   0.000000   0.000010   0.000146   0.001359  0.000E+00      XHe_cntr

 Loading precomputed flux cube from:/home/njm/MESA/mesa/colors/data/stellar_models/Kurucz2003all//flux_cube.bin
 Loaded flux cube with dimensions:          76 x          11 x           9 x        1173
 Performing interpolation at target parameters...
 Interpolation complete
        175   7.500968  2.008E+04   2.941789   2.941789   4.999270   4.999270   0.508173   0.000900   0.242800  -4.159077    872      2
 6.1025E+00   7.500968   0.387672 -29.277847   1.803337 -10.630336   0.000000   0.490468   0.000018   0.001400   0.028894      5
 3.9705E+07   1.473874   2.941338 -99.000000 -99.000000  -8.821208   0.000000   0.000010   0.000146   0.001359  0.000E+00      XHe_cntr

 Loading precomputed flux cube from:/home/njm/MESA/mesa/colors/data/stellar_models/Kurucz2003all//flux_cube.bin
 Loaded flux cube with dimensions:          76 x          11 x           9 x        1173
 Performing interpolation at target parameters...
 Interpolation complete
        176   7.502105  2.004E+04   2.946310   2.946310   4.999241   4.999241   0.497502   0.000900   0.242800  -4.167969    872      2
 6.0914E+00   7.502105   0.391711 -29.189281   1.806468 -10.621164   0.000000   0.501139   0.000018   0.001400   0.029070      5
 4.0939E+07   1.474834   2.945851 -12.643260 -99.000000  -8.826857   0.000000   0.000010   0.000146   0.001359  0.000E+00      XHe_cntr

 Loading precomputed flux cube from:/home/njm/MESA/mesa/colors/data/stellar_models/Kurucz2003all//flux_cube.bin
 Loaded flux cube with dimensions:          76 x          11 x           9 x        1173
 Performing interpolation at target parameters...
 Interpolation complete
        177   7.503240  2.000E+04   2.950784   2.950784   4.999212   4.999212   0.486995   0.000900   0.242800  -4.176685    875      2
 6.0801E+00   7.503240   0.395747 -29.101812   1.809748 -10.612142   0.000000   0.511646   0.000018   0.001400   0.029248      5
 4.2142E+07   1.475840   2.950321 -12.245320 -99.000000  -8.832509   0.000000   0.000010   0.000146   0.001359  0.000E+00      XHe_cntr

 Loading precomputed flux cube from:/home/njm/MESA/mesa/colors/data/stellar_models/Kurucz2003all//flux_cube.bin
 Loaded flux cube with dimensions:          76 x          11 x           9 x        1173
 Performing interpolation at target parameters...
 Interpolation complete
        178   7.504387  1.996E+04   2.955221   2.955221   4.999182   4.999182   0.476444   0.000900   0.242800  -4.185347    874      2
 6.0705E+00   7.504387   0.399817 -29.013984   1.812879 -10.603224   0.000000   0.522198   0.000018   0.001400   0.029434      5
 4.3318E+07   1.476924   2.954748 -99.000000 -99.000000  -8.838225   0.000000   0.000010   0.000146   0.001359  0.000E+00      XHe_cntr

 Loading precomputed flux cube from:/home/njm/MESA/mesa/colors/data/stellar_models/Kurucz2003all//flux_cube.bin
 Loaded flux cube with dimensions:          76 x          11 x           9 x        1173
 Performing interpolation at target parameters...
 Interpolation complete
        179   7.505552  1.991E+04   2.959621   2.959621   4.999153   4.999153   0.465827   0.000900   0.242800  -4.193986    875      2
 6.0617E+00   7.505552   0.403928 -28.925566   1.816008 -10.594429   0.000000   0.532814   0.000018   0.001400   0.029628      5
 4.4471E+07   1.478085   2.959139 -12.245320 -99.000000  -8.844018   0.000000   0.000010   0.000146   0.001359  0.000E+00      XHe_cntr

 Loading precomputed flux cube from:/home/njm/MESA/mesa/colors/data/stellar_models/Kurucz2003all//flux_cube.bin
 Loaded flux cube with dimensions:          76 x          11 x           9 x        1173
 Performing interpolation at target parameters...
 Interpolation complete

__________________________________________________________________________________________________________________________________________________

       step    lg_Tmax     Teff     lg_LH      lg_Lnuc_tot     Mass       H_rich     H_cntr     N_cntr     Y_surf   eta_cntr   zones  retry
  lg_dt_yrs    lg_Tcntr    lg_R     lg_L3a     lg_Lneu     lg_Mdot    He_core    He_cntr    O_cntr     Z_surf   gam_cntr   iters  
    age_yrs    lg_Dcntr    lg_L     lg_LZ      lg_Lphoto   lg_Dsurf   CO_core    C_cntr     Ne_cntr    Z_cntr   v_div_cs       dt_limit
__________________________________________________________________________________________________________________________________________________

        180   7.506731  1.987E+04   2.963983   2.963983   4.999124   4.999124   0.455175   0.000900   0.242800  -4.202521    877      2
 6.0516E+00   7.506731   0.408071 -28.836716   1.819136 -10.585747   0.000000   0.543466   0.000018   0.001400   0.029829      5
 4.5597E+07   1.479346   2.963491 -99.000000 -99.000000  -8.849873   0.000000   0.000010   0.000146   0.001359  0.000E+00      XHe_cntr

 Loading precomputed flux cube from:/home/njm/MESA/mesa/colors/data/stellar_models/Kurucz2003all//flux_cube.bin
 Loaded flux cube with dimensions:          76 x          11 x           9 x        1173
 Performing interpolation at target parameters...
 Interpolation complete
        181   7.507923  1.982E+04   2.968293   2.968293   4.999095   4.999095   0.444503   0.000900   0.242800  -4.210969    878      2
 6.0408E+00   7.507923   0.412239 -28.747528   1.822252 -10.577177   0.000000   0.554138   0.000018   0.001400   0.030039      5
 4.6695E+07   1.480693   2.967791 -12.643260 -99.000000  -8.855781   0.000000   0.000010   0.000146   0.001359  0.000E+00      XHe_cntr

 Loading precomputed flux cube from:/home/njm/MESA/mesa/colors/data/stellar_models/Kurucz2003all//flux_cube.bin
 Loaded flux cube with dimensions:          76 x          11 x           9 x        1173
 Performing interpolation at target parameters...
 Interpolation complete
        182   7.509129  1.978E+04   2.972541   2.972541   4.999066   4.999066   0.433819   0.000900   0.242800  -4.219344    876      2
 6.0295E+00   7.509129   0.416428 -28.658026   1.825346 -10.568751   0.000000   0.564822   0.000018   0.001400   0.030255      5
 4.7766E+07   1.482119   2.972029 -12.944290 -99.000000  -8.861737   0.000000   0.000010   0.000146   0.001359  0.000E+00      XHe_cntr

 Loading precomputed flux cube from:/home/njm/MESA/mesa/colors/data/stellar_models/Kurucz2003all//flux_cube.bin
 Loaded flux cube with dimensions:          76 x          11 x           9 x        1173
 Performing interpolation at target parameters...
 Interpolation complete
        183   7.510348  1.973E+04   2.976735   2.976735   4.999037   4.999037   0.423127   0.000900   0.242800  -4.227601    872      2
 6.0181E+00   7.510348   0.420637 -28.568161   1.828425 -10.560488   0.000000   0.575514   0.000018   0.001400   0.030481      5
 4.8808E+07   1.483643   2.976212 -12.467169 -99.000000  -8.867739   0.000000   0.000010   0.000146   0.001359  0.000E+00      XHe_cntr

 Loading precomputed flux cube from:/home/njm/MESA/mesa/colors/data/stellar_models/Kurucz2003all//flux_cube.bin
 Loaded flux cube with dimensions:          76 x          11 x           9 x        1173
 Performing interpolation at target parameters...
 Interpolation complete
        184   7.511566  1.968E+04   2.980875   2.980875   4.999009   4.999009   0.412614   0.000900   0.242800  -4.235675    874      2
 6.0065E+00   7.511566   0.424839 -28.479168   1.831604 -10.552374   0.000000   0.586028   0.000018   0.001400   0.030709      5
 4.9823E+07   1.485213   2.980347 -99.000000 -99.000000  -8.873742   0.000000   0.000010   0.000146   0.001359  0.000E+00      XHe_cntr

 Loading precomputed flux cube from:/home/njm/MESA/mesa/colors/data/stellar_models/Kurucz2003all//flux_cube.bin
 Loaded flux cube with dimensions:          76 x          11 x           9 x        1173
 Performing interpolation at target parameters...
 Interpolation complete
        185   7.512803  1.963E+04   2.984975   2.984975   4.998980   4.998980   0.402052   0.000900   0.242800  -4.243684    871      2
 5.9967E+00   7.512803   0.429076 -28.389379   1.834671 -10.544374   0.000000   0.596590   0.000018   0.001400   0.030947      5
 5.0816E+07   1.486880   2.984436 -99.000000 -99.000000  -8.879814   0.000000   0.000010   0.000146   0.001359  0.000E+00      XHe_cntr

 Loading precomputed flux cube from:/home/njm/MESA/mesa/colors/data/stellar_models/Kurucz2003all//flux_cube.bin
 Loaded flux cube with dimensions:          76 x          11 x           9 x        1173
 Performing interpolation at target parameters...
 Interpolation complete
        186   7.514063  1.958E+04   2.989040   2.989040   4.998952   4.998952   0.391417   0.000900   0.242800  -4.251635    875      2
 5.9878E+00   7.514063   0.433358 -28.298510   1.837736 -10.536508   0.000000   0.607225   0.000017   0.001400   0.031195      5
 5.1788E+07   1.488655   2.988489 -12.643260 -99.000000  -8.885969   0.000000   0.000010   0.000146   0.001359  0.000E+00      XHe_cntr

 Loading precomputed flux cube from:/home/njm/MESA/mesa/colors/data/stellar_models/Kurucz2003all//flux_cube.bin
 Loaded flux cube with dimensions:          76 x          11 x           9 x        1173
 Performing interpolation at target parameters...
 Interpolation complete
        187   7.515345  1.953E+04   2.993057   2.993057   4.998924   4.998924   0.380742   0.000900   0.242800  -4.259488    873      2
 5.9774E+00   7.515345   0.437670 -28.206754   1.840788 -10.528753   0.000000   0.617900   0.000017   0.001400   0.031454      5
 5.2737E+07   1.490542   2.992495 -99.000000 -99.000000  -8.892189   0.000000   0.000010   0.000146   0.001359  0.000E+00      XHe_cntr

 Loading precomputed flux cube from:/home/njm/MESA/mesa/colors/data/stellar_models/Kurucz2003all//flux_cube.bin
 Loaded flux cube with dimensions:          76 x          11 x           9 x        1173
 Performing interpolation at target parameters...
 Interpolation complete
        188   7.516646  1.947E+04   2.997016   2.997016   4.998896   4.998896   0.370044   0.000900   0.242800  -4.267246    873      2
 5.9662E+00   7.516646   0.442006 -28.114194   1.843818 -10.521133   0.000000   0.628597   0.000017   0.001400   0.031723      5
 5.3662E+07   1.492533   2.996442 -99.000000 -99.000000  -8.898464   0.000000   0.000010   0.000146   0.001359  0.000E+00      XHe_cntr

 Loading precomputed flux cube from:/home/njm/MESA/mesa/colors/data/stellar_models/Kurucz2003all//flux_cube.bin
 Loaded flux cube with dimensions:          76 x          11 x           9 x        1173
 Performing interpolation at target parameters...
 Interpolation complete
        189   7.517949  1.942E+04   3.000927   3.000927   4.998868   4.998868   0.359532   0.000900   0.242800  -4.274779    873      2
 5.9546E+00   7.517949   0.446335 -28.022251   1.846926 -10.513669   0.000000   0.639110   0.000017   0.001400   0.031997      5
 5.4563E+07   1.494590   3.000348 -99.000000 -99.000000  -8.904740   0.000000   0.000010   0.000146   0.001359  0.000E+00      XHe_cntr

 Loading precomputed flux cube from:/home/njm/MESA/mesa/colors/data/stellar_models/Kurucz2003all//flux_cube.bin
 Loaded flux cube with dimensions:          76 x          11 x           9 x        1173
 Performing interpolation at target parameters...
 Interpolation complete

__________________________________________________________________________________________________________________________________________________

       step    lg_Tmax     Teff     lg_LH      lg_Lnuc_tot     Mass       H_rich     H_cntr     N_cntr     Y_surf   eta_cntr   zones  retry
  lg_dt_yrs    lg_Tcntr    lg_R     lg_L3a     lg_Lneu     lg_Mdot    He_core    He_cntr    O_cntr     Z_surf   gam_cntr   iters  
    age_yrs    lg_Dcntr    lg_L     lg_LZ      lg_Lphoto   lg_Dsurf   CO_core    C_cntr     Ne_cntr    Z_cntr   v_div_cs       dt_limit
__________________________________________________________________________________________________________________________________________________

        190   7.519288  1.937E+04   3.004795   3.004795   4.998841   4.998841   0.348862   0.000900   0.242800  -4.282269    873      2
 5.9448E+00   7.519288   0.450715 -27.928320   1.849898 -10.506307   0.000000   0.649780   0.000017   0.001400   0.032285      5
 5.5444E+07   1.496797   3.004200 -99.000000 -99.000000  -8.911115   0.000000   0.000010   0.000146   0.001359  0.000E+00      XHe_cntr

 Loading precomputed flux cube from:/home/njm/MESA/mesa/colors/data/stellar_models/Kurucz2003all//flux_cube.bin
 Loaded flux cube with dimensions:          76 x          11 x           9 x        1173
 Performing interpolation at target parameters...
 Interpolation complete
        191   7.520646  1.931E+04   3.008618   3.008618   4.998814   4.998814   0.338238   0.000900   0.242800  -4.289625    872      2
 5.9348E+00   7.520646   0.455116 -27.833792   1.852935 -10.499103   0.000000   0.660404   0.000017   0.001400   0.032583      5
 5.6304E+07   1.499102   3.008014 -12.944290 -99.000000  -8.917539   0.000000   0.000010   0.000146   0.001359  0.000E+00      XHe_cntr

 Loading precomputed flux cube from:/home/njm/MESA/mesa/colors/data/stellar_models/Kurucz2003all//flux_cube.bin
 Loaded flux cube with dimensions:          76 x          11 x           9 x        1173
 Performing interpolation at target parameters...
 Interpolation complete
        192   7.522028  1.925E+04   3.012396   3.012396   4.998787   4.998787   0.327583   0.000900   0.242800  -4.296822    875      2
 5.9237E+00   7.522028   0.459544 -27.738084   1.855924 -10.492006   0.000000   0.671058   0.000017   0.001400   0.032894      5
 5.7143E+07   1.501551   3.011778 -99.000000 -99.000000  -8.924023   0.000000   0.000010   0.000146   0.001359  0.000E+00      XHe_cntr

 Loading precomputed flux cube from:/home/njm/MESA/mesa/colors/data/stellar_models/Kurucz2003all//flux_cube.bin
 Loaded flux cube with dimensions:          76 x          11 x           9 x        1173
 Performing interpolation at target parameters...
 Interpolation complete
        193   7.523436  1.920E+04   3.016124   3.016124   4.998760   4.998760   0.316937   0.000900   0.242800  -4.303879    876      2
 5.9130E+00   7.523436   0.463994 -27.641265   1.858913 -10.485045   0.000000   0.681704   0.000017   0.001400   0.033216      5
 5.7962E+07   1.504124   3.015495 -99.000000 -99.000000  -8.930560   0.000000   0.000010   0.000146   0.001359  0.000E+00      XHe_cntr

 Loading precomputed flux cube from:/home/njm/MESA/mesa/colors/data/stellar_models/Kurucz2003all//flux_cube.bin
 Loaded flux cube with dimensions:          76 x          11 x           9 x        1173
 Performing interpolation at target parameters...
 Interpolation complete
        194   7.524870  1.914E+04   3.019805   3.019805   4.998733   4.998733   0.306307   0.000900   0.242800  -4.310777    872      2
 5.9020E+00   7.524870   0.468465 -27.543339   1.861886 -10.478214   0.000000   0.692334   0.000017   0.001400   0.033550      5
 5.8759E+07   1.506828   3.019165 -99.000000 -99.000000  -8.937147   0.000000   0.000010   0.000146   0.001358  0.000E+00      XHe_cntr

 Loading precomputed flux cube from:/home/njm/MESA/mesa/colors/data/stellar_models/Kurucz2003all//flux_cube.bin
 Loaded flux cube with dimensions:          76 x          11 x           9 x        1173
 Performing interpolation at target parameters...
 Interpolation complete
        195   7.526338  1.908E+04   3.023437   3.023437   4.998707   4.998707   0.295629   0.000900   0.242800  -4.317532    873      2
 5.8913E+00   7.526338   0.472963 -27.443694   1.864826 -10.471512   0.000000   0.703012   0.000017   0.001400   0.033899      5
 5.9538E+07   1.509691   3.022783 -99.000000 -99.000000  -8.943797   0.000000   0.000010   0.000146   0.001358  0.000E+00      XHe_cntr

 Loading precomputed flux cube from:/home/njm/MESA/mesa/colors/data/stellar_models/Kurucz2003all//flux_cube.bin
 Loaded flux cube with dimensions:          76 x          11 x           9 x        1173
 Performing interpolation at target parameters...
 Interpolation complete
        196   7.527837  1.902E+04   3.027018   3.027018   4.998681   4.998681   0.284966   0.000900   0.242800  -4.324120    873      2
 5.8802E+00   7.527837   0.477478 -27.342675   1.867759 -10.464949   0.000000   0.713676   0.000017   0.001400   0.034262      5
 6.0297E+07   1.512695   3.026352 -99.000000 -99.000000  -8.950495   0.000000   0.000011   0.000146   0.001358  0.000E+00      XHe_cntr

 Loading precomputed flux cube from:/home/njm/MESA/mesa/colors/data/stellar_models/Kurucz2003all//flux_cube.bin
 Loaded flux cube with dimensions:          76 x          11 x           9 x        1173
 Performing interpolation at target parameters...
 Interpolation complete
        197   7.529367  1.896E+04   3.030550   3.030550   4.998655   4.998655   0.274322   0.000900   0.242800  -4.330500    873      2
 5.8689E+00   7.529367   0.482008 -27.240178   1.870675 -10.458521   0.000000   0.724320   0.000017   0.001400   0.034638      5
 6.1036E+07   1.515861   3.029873 -99.000000 -99.000000  -8.957235   0.000000   0.000011   0.000146   0.001358  0.000E+00      XHe_cntr

 Loading precomputed flux cube from:/home/njm/MESA/mesa/colors/data/stellar_models/Kurucz2003all//flux_cube.bin
 Loaded flux cube with dimensions:          76 x          11 x           9 x        1173
 Performing interpolation at target parameters...
 Interpolation complete
        198   7.530926  1.890E+04   3.034032   3.034032   4.998630   4.998630   0.263743   0.000900   0.242800  -4.336719    874      2
 5.8580E+00   7.530926   0.486548 -27.136453   1.873582 -10.452218   0.000000   0.734899   0.000016   0.001400   0.035027      5
 6.1757E+07   1.519149   3.033345 -12.643260 -99.000000  -8.964010   0.000000   0.000011   0.000146   0.001358  0.000E+00      XHe_cntr

 Loading precomputed flux cube from:/home/njm/MESA/mesa/colors/data/stellar_models/Kurucz2003all//flux_cube.bin
 Loaded flux cube with dimensions:          76 x          11 x           9 x        1173
 Performing interpolation at target parameters...
 Interpolation complete
        199   7.532511  1.884E+04   3.037471   3.037471   4.998605   4.998605   0.253209   0.000900   0.242800  -4.342765    874      2
 5.8478E+00   7.532511   0.491102 -27.031108   1.876472 -10.446042   0.000000   0.745433   0.000016   0.001400   0.035430      5
 6.2462E+07   1.522565   3.036773 -99.000000 -99.000000  -8.970829   0.000000   0.000011   0.000146   0.001358  0.000E+00      XHe_cntr

 Loading precomputed flux cube from:/home/njm/MESA/mesa/colors/data/stellar_models/Kurucz2003all//flux_cube.bin
 Loaded flux cube with dimensions:          76 x          11 x           9 x        1173
 Performing interpolation at target parameters...
 Interpolation complete

__________________________________________________________________________________________________________________________________________________

       step    lg_Tmax     Teff     lg_LH      lg_Lnuc_tot     Mass       H_rich     H_cntr     N_cntr     Y_surf   eta_cntr   zones  retry
  lg_dt_yrs    lg_Tcntr    lg_R     lg_L3a     lg_Lneu     lg_Mdot    He_core    He_cntr    O_cntr     Z_surf   gam_cntr   iters  
    age_yrs    lg_Dcntr    lg_L     lg_LZ      lg_Lphoto   lg_Dsurf   CO_core    C_cntr     Ne_cntr    Z_cntr   v_div_cs       dt_limit
__________________________________________________________________________________________________________________________________________________

        200   7.534161  1.877E+04   3.040887   3.040887   4.998580   4.998580   0.242582   0.000900   0.242800  -4.348566    874      2
 5.8386E+00   7.534161   0.495700 -26.922759   1.879345 -10.439983   0.000000   0.756059   0.000016   0.001400   0.035854      5
 6.3151E+07   1.526247   3.040177 -99.000000 -99.000000  -8.977734   0.000000   0.000011   0.000146   0.001358  0.000E+00      XHe_cntr

save LOGS/profile5.data for model 200
 Loading precomputed flux cube from:/home/njm/MESA/mesa/colors/data/stellar_models/Kurucz2003all//flux_cube.bin
 Loaded flux cube with dimensions:          76 x          11 x           9 x        1173
 Performing interpolation at target parameters...
 Interpolation complete
save photos/x200 for model 200
        201   7.535869  1.871E+04   3.044254   3.044254   4.998555   4.998555   0.231875   0.000900   0.242800  -4.354248    872      2
 5.8286E+00   7.535869   0.500326 -26.811255   1.882193 -10.434006   0.000000   0.766766   0.000016   0.001400   0.036298      5
 6.3825E+07   1.530130   3.043530 -99.000000 -99.000000  -8.984709   0.000000   0.000011   0.000146   0.001358  0.000E+00      XHe_cntr

 Loading precomputed flux cube from:/home/njm/MESA/mesa/colors/data/stellar_models/Kurucz2003all//flux_cube.bin
 Loaded flux cube with dimensions:          76 x          11 x           9 x        1173
 Performing interpolation at target parameters...
 Interpolation complete
        202   7.537599  1.865E+04   3.047573   3.047573   4.998530   4.998530   0.221365   0.000900   0.242800  -4.359660    871      2
 5.8171E+00   7.537599   0.504937 -26.698993   1.885059 -10.428171   0.000000   0.777277   0.000016   0.001400   0.036753      5
 6.4482E+07   1.534125   3.046844 -99.000000 -99.000000  -8.991675   0.000000   0.000011   0.000146   0.001358  0.000E+00      XHe_cntr

 Loading precomputed flux cube from:/home/njm/MESA/mesa/colors/data/stellar_models/Kurucz2003all//flux_cube.bin
 Loaded flux cube with dimensions:          76 x          11 x           9 x        1173
 Performing interpolation at target parameters...
 Interpolation complete
        203   7.539401  1.858E+04   3.050862   3.050862   4.998506   4.998506   0.210772   0.000900   0.242800  -4.364805    876      2
 5.8072E+00   7.539401   0.509572 -26.582940   1.887884 -10.422425   0.000000   0.787869   0.000016   0.001400   0.037231      5
 6.5123E+07   1.538405   3.050121 -99.000000 -99.000000  -8.998702   0.000000   0.000011   0.000146   0.001358  0.000E+00      XHe_cntr

 Loading precomputed flux cube from:/home/njm/MESA/mesa/colors/data/stellar_models/Kurucz2003all//flux_cube.bin
 Loaded flux cube with dimensions:          76 x          11 x           9 x        1173
 Performing interpolation at target parameters...
 Interpolation complete
        204   7.541283  1.852E+04   3.054122   3.054122   4.998482   4.998482   0.200074   0.000900   0.242800  -4.369676    875      2
 5.7980E+00   7.541283   0.514241 -26.462457   1.890704 -10.416783   0.000000   0.798568   0.000016   0.001400   0.037736      5
 6.5751E+07   1.542998   3.053370 -12.643260 -99.000000  -9.005798   0.000000   0.000011   0.000146   0.001358  0.000E+00      XHe_cntr

 Loading precomputed flux cube from:/home/njm/MESA/mesa/colors/data/stellar_models/Kurucz2003all//flux_cube.bin
 Loaded flux cube with dimensions:          76 x          11 x           9 x        1173
 Performing interpolation at target parameters...
 Interpolation complete
        205   7.543225  1.845E+04   3.057332   3.057332   4.998458   4.998458   0.189444   0.000900   0.242800  -4.374278    877      2
 5.7867E+00   7.543225   0.518897 -26.338992   1.893515 -10.411229   0.000000   0.809198   0.000016   0.001400   0.038259      5
 6.6363E+07   1.547807   3.056574 -99.000000 -99.000000  -9.012894   0.000000   0.000011   0.000146   0.001358  0.000E+00      XHe_cntr

 Loading precomputed flux cube from:/home/njm/MESA/mesa/colors/data/stellar_models/Kurucz2003all//flux_cube.bin
 Loaded flux cube with dimensions:          76 x          11 x           9 x        1173
 Performing interpolation at target parameters...
 Interpolation complete
        206   7.545235  1.839E+04   3.060501   3.060501   4.998435   4.998435   0.178879   0.000900   0.242800  -4.378546    876      2
 5.7756E+00   7.545235   0.523539 -26.212083   1.896309 -10.405780   0.000000   0.819763   0.000016   0.001400   0.038802      5
 6.6959E+07   1.552873   3.059738 -99.000000 -99.000000  -9.019983   0.000000   0.000011   0.000146   0.001358  0.000E+00      XHe_cntr

 Loading precomputed flux cube from:/home/njm/MESA/mesa/colors/data/stellar_models/Kurucz2003all//flux_cube.bin
 Loaded flux cube with dimensions:          76 x          11 x           9 x        1173
 Performing interpolation at target parameters...
 Interpolation complete
        207   7.547350  1.832E+04   3.063647   3.063647   4.998412   4.998412   0.168216   0.000900   0.242800  -4.382395    876      2
 5.7657E+00   7.547350   0.528189 -26.079364   1.899090 -10.400421   0.000000   0.830425   0.000016   0.001400   0.039377      5
 6.7542E+07   1.558350   3.062878 -99.000000 -99.000000  -9.027100   0.000000   0.000011   0.000146   0.001358  0.000E+00      XHe_cntr

 Loading precomputed flux cube from:/home/njm/MESA/mesa/colors/data/stellar_models/Kurucz2003all//flux_cube.bin
 Loaded flux cube with dimensions:          76 x          11 x           9 x        1173
 Performing interpolation at target parameters...
 Interpolation complete
        208   7.549582  1.826E+04   3.066748   3.066748   4.998389   4.998389   0.157467   0.000900   0.242800  -4.385941    881      2
 5.7553E+00   7.549582   0.532826 -25.940254   1.901849 -10.395126   0.000000   0.841174   0.000015   0.001400   0.039983      5
 6.8112E+07   1.564205   3.065975 -99.000000 -99.000000  -9.034211   0.000000   0.000011   0.000146   0.001358  0.000E+00      XHe_cntr

 Loading precomputed flux cube from:/home/njm/MESA/mesa/colors/data/stellar_models/Kurucz2003all//flux_cube.bin
 Loaded flux cube with dimensions:          76 x          11 x           9 x        1173
 Performing interpolation at target parameters...
 Interpolation complete
        209   7.551886  1.819E+04   3.069808   3.069808   4.998366   4.998366   0.146939   0.000900   0.242800  -4.388986    880      2
 5.7431E+00   7.551886   0.537399 -25.797689   1.904612 -10.389932   0.000000   0.851703   0.000015   0.001400   0.040605      5
 6.8665E+07   1.570339   3.069042 -12.342230 -99.000000  -9.041227   0.000000   0.000011   0.000146   0.001358  0.000E+00      XHe_cntr

 Loading precomputed flux cube from:/home/njm/MESA/mesa/colors/data/stellar_models/Kurucz2003all//flux_cube.bin
 Loaded flux cube with dimensions:          76 x          11 x           9 x        1173
 Performing interpolation at target parameters...
 Interpolation complete

__________________________________________________________________________________________________________________________________________________

       step    lg_Tmax     Teff     lg_LH      lg_Lnuc_tot     Mass       H_rich     H_cntr     N_cntr     Y_surf   eta_cntr   zones  retry
  lg_dt_yrs    lg_Tcntr    lg_R     lg_L3a     lg_Lneu     lg_Mdot    He_core    He_cntr    O_cntr     Z_surf   gam_cntr   iters  
    age_yrs    lg_Dcntr    lg_L     lg_LZ      lg_Lphoto   lg_Dsurf   CO_core    C_cntr     Ne_cntr    Z_cntr   v_div_cs       dt_limit
__________________________________________________________________________________________________________________________________________________

        210   7.554366  1.813E+04   3.072840   3.072840   4.998344   4.998344   0.136182   0.000900   0.242800  -4.391540    884      2
 5.7327E+00   7.554366   0.541944 -25.645243   1.907341 -10.384777   0.000000   0.862460   0.000015   0.001400   0.041272      5
 6.9205E+07   1.577074   3.072076 -99.000000 -99.000000  -9.048211   0.000000   0.000011   0.000146   0.001358  0.000E+00      XHe_cntr

 Loading precomputed flux cube from:/home/njm/MESA/mesa/colors/data/stellar_models/Kurucz2003all//flux_cube.bin
 Loaded flux cube with dimensions:          76 x          11 x           9 x        1173
 Performing interpolation at target parameters...
 Interpolation complete
        211   7.556991  1.807E+04   3.075840   3.075840   4.998322   4.998322   0.125478   0.000900   0.242800  -4.393496    883      2
 5.7218E+00   7.556991   0.546415 -25.485015   1.910077 -10.379691   0.000000   0.873164   0.000015   0.001400   0.041969      5
 6.9732E+07   1.584307   3.075090 -99.000000 -99.000000  -9.055075   0.000000   0.000012   0.000146   0.001358  0.000E+00      XHe_cntr

 Loading precomputed flux cube from:/home/njm/MESA/mesa/colors/data/stellar_models/Kurucz2003all//flux_cube.bin
 Loaded flux cube with dimensions:          76 x          11 x           9 x        1173
 Performing interpolation at target parameters...
 Interpolation complete
        212   7.559786  1.801E+04   3.078806   3.078806   4.998300   4.998300   0.114798   0.000900   0.242800  -4.394747    882      2
 5.7092E+00   7.559786   0.550774 -25.315388   1.912799 -10.374612   0.000000   0.883844   0.000015   0.001400   0.042700      5
 7.0244E+07   1.592131   3.078078 -12.643260 -99.000000  -9.061762   0.000000   0.000012   0.000146   0.001358  0.000E+00      XHe_cntr

 Loading precomputed flux cube from:/home/njm/MESA/mesa/colors/data/stellar_models/Kurucz2003all//flux_cube.bin
 Loaded flux cube with dimensions:          76 x          11 x           9 x        1173
 Performing interpolation at target parameters...
 Interpolation complete
        213   7.562729  1.795E+04   3.081756   3.081756   4.998279   4.998279   0.104217   0.000900   0.242800  -4.395207    887      2
 5.6978E+00   7.562729   0.555000 -25.135164   1.915531 -10.369538   0.000000   0.894425   0.000015   0.001400   0.043464      5
 7.0743E+07   1.600522   3.081061 -99.000000 -99.000000  -9.068223   0.000000   0.000012   0.000146   0.001358  0.000E+00      XHe_cntr

 Loading precomputed flux cube from:/home/njm/MESA/mesa/colors/data/stellar_models/Kurucz2003all//flux_cube.bin
 Loaded flux cube with dimensions:          76 x          11 x           9 x        1173
 Performing interpolation at target parameters...
 Interpolation complete
        214   7.566020  1.790E+04   3.084694   3.084694   4.998258   4.451098   0.093494   0.000900   0.242800  -4.394632    889      2
 5.6874E+00   7.566020   0.559050 -24.938782   1.918265 -10.364407   0.547160   0.905148   0.000015   0.001400   0.044278      5
 7.1230E+07   1.609982   3.084049 -12.643260 -99.000000  -9.074384   0.000000   0.000012   0.000146   0.001358  0.000E+00      XHe_cntr

 Loading precomputed flux cube from:/home/njm/MESA/mesa/colors/data/stellar_models/Kurucz2003all//flux_cube.bin
 Loaded flux cube with dimensions:          76 x          11 x           9 x        1173
 Performing interpolation at target parameters...
 Interpolation complete
        215   7.569645  1.785E+04   3.087632   3.087632   4.998237   4.451077   0.082752   0.000900   0.242800  -4.392772    891      2
 5.6763E+00   7.569645   0.562852 -24.724135   1.921026 -10.359169   0.547160   0.915890   0.000014   0.001400   0.045139      5
 7.1704E+07   1.620554   3.087060 -99.000000 -99.000000  -9.080115   0.000000   0.000012   0.000146   0.001358  0.000E+00      XHe_cntr

 Loading precomputed flux cube from:/home/njm/MESA/mesa/colors/data/stellar_models/Kurucz2003all//flux_cube.bin
 Loaded flux cube with dimensions:          76 x          11 x           9 x        1173
 Performing interpolation at target parameters...
 Interpolation complete
        216   7.573658  1.781E+04   3.090562   3.090562   4.998217   4.451057   0.072101   0.000900   0.242800  -4.389480    893      2
 5.6637E+00   7.573658   0.566296 -24.488629   1.923805 -10.353741   0.547160   0.926541   0.000014   0.001400   0.046040      5
 7.2165E+07   1.632338   3.090096 -99.000000 -99.000000  -9.085223   0.000000   0.000012   0.000146   0.001358  0.000E+00      XHe_cntr

 Loading precomputed flux cube from:/home/njm/MESA/mesa/colors/data/stellar_models/Kurucz2003all//flux_cube.bin
 Loaded flux cube with dimensions:          76 x          11 x           9 x        1173
 Performing interpolation at target parameters...
 Interpolation complete
        217   7.578049  1.778E+04   3.093431   3.093431   4.998197   4.451037   0.061819   0.000900   0.242800  -4.384373    895      2
 5.6396E+00   7.578049   0.569185 -24.233214   1.926551 -10.348059   0.547160   0.936823   0.000014   0.001400   0.046959      5
 7.2602E+07   1.645369   3.093116 -12.643260 -99.000000  -9.089382   0.000000   0.000012   0.000146   0.001358  0.000E+00    lg_XH_cntr

 Loading precomputed flux cube from:/home/njm/MESA/mesa/colors/data/stellar_models/Kurucz2003all//flux_cube.bin
 Loaded flux cube with dimensions:          76 x          11 x           9 x        1173
 Performing interpolation at target parameters...
 Interpolation complete
        218   7.582759  1.777E+04   3.096118   3.096118   4.998179   4.451019   0.052229   0.000900   0.242800  -4.377225    898      2
 5.5946E+00   7.582759   0.571270 -23.961638   1.929145 -10.342120   0.547160   0.946414   0.000014   0.001400   0.047866      5
 7.2995E+07   1.659522   3.096025 -99.000000 -99.000000  -9.092186   0.000000   0.000012   0.000146   0.001358  0.000E+00    lg_XH_cntr

 Loading precomputed flux cube from:/home/njm/MESA/mesa/colors/data/stellar_models/Kurucz2003all//flux_cube.bin
 Loaded flux cube with dimensions:          76 x          11 x           9 x        1173
 Performing interpolation at target parameters...
 Interpolation complete
        219   7.587689  1.778E+04   3.098540   3.098540   4.998164   4.451004   0.043624   0.000900   0.242800  -4.368173    901      2
 5.5330E+00   7.587689   0.572409 -23.679980   1.931508 -10.336026   0.547160   0.955018   0.000014   0.001400   0.048723      5
 7.3336E+07   1.674458   3.098759 -12.342230 -99.000000  -9.093411   0.000000   0.000013   0.000146   0.001358  0.000E+00    lg_XH_cntr

 Loading precomputed flux cube from:/home/njm/MESA/mesa/colors/data/stellar_models/Kurucz2003all//flux_cube.bin
 Loaded flux cube with dimensions:          76 x          11 x           9 x        1173
 Performing interpolation at target parameters...
 Interpolation complete

__________________________________________________________________________________________________________________________________________________

       step    lg_Tmax     Teff     lg_LH      lg_Lnuc_tot     Mass       H_rich     H_cntr     N_cntr     Y_surf   eta_cntr   zones  retry
  lg_dt_yrs    lg_Tcntr    lg_R     lg_L3a     lg_Lneu     lg_Mdot    He_core    He_cntr    O_cntr     Z_surf   gam_cntr   iters  
    age_yrs    lg_Dcntr    lg_L     lg_LZ      lg_Lphoto   lg_Dsurf   CO_core    C_cntr     Ne_cntr    Z_cntr   v_div_cs       dt_limit
__________________________________________________________________________________________________________________________________________________

        220   7.592671  1.780E+04   3.100669   3.100669   4.998150   4.450990   0.036247   0.000900   0.242800  -4.357523    902      2
 5.4585E+00   7.592671   0.572631 -23.397846   1.933609 -10.329862   0.547160   0.962395   0.000013   0.001400   0.049496      5
 7.3623E+07   1.689678   3.101290 -12.643260 -99.000000  -9.093110   0.000000   0.000013   0.000146   0.001358  0.000E+00    lg_XH_cntr

 Loading precomputed flux cube from:/home/njm/MESA/mesa/colors/data/stellar_models/Kurucz2003all//flux_cube.bin
 Loaded flux cube with dimensions:          76 x          11 x           9 x        1173
 Performing interpolation at target parameters...
 Interpolation complete
        221   7.597646  1.783E+04   3.102501   3.102501   4.998139   4.450979   0.030031   0.000900   0.242800  -4.345485    902      2
 5.3770E+00   7.597646   0.572026 -23.118486   1.935440 -10.323707   0.547160   0.968611   0.000013   0.001400   0.050179      5
 7.3862E+07   1.705018   3.103639 -12.342230 -99.000000  -9.091434   0.000000   0.000013   0.000146   0.001358  0.000E+00    lg_XH_cntr

 Loading precomputed flux cube from:/home/njm/MESA/mesa/colors/data/stellar_models/Kurucz2003all//flux_cube.bin
 Loaded flux cube with dimensions:          76 x          11 x           9 x        1173
 Performing interpolation at target parameters...
 Interpolation complete
        222   7.602627  1.788E+04   3.104038   3.104038   4.998129   4.450969   0.024798   0.000900   0.242800  -4.332219    902      2
 5.2925E+00   7.602627   0.570681 -22.840974   1.936998 -10.317561   0.547160   0.973844   0.000013   0.001400   0.050779      5
 7.4058E+07   1.720500   3.105850 -99.000000 -99.000000  -9.088527   0.000000   0.000013   0.000146   0.001358  0.000E+00    lg_XH_cntr

 Loading precomputed flux cube from:/home/njm/MESA/mesa/colors/data/stellar_models/Kurucz2003all//flux_cube.bin
 Loaded flux cube with dimensions:          76 x          11 x           9 x        1173
 Performing interpolation at target parameters...
 Interpolation complete
        223   7.607475  1.794E+04   3.105334   3.105334   4.998122   4.450962   0.020528   0.000900   0.242800  -4.318166    907      2
 5.2052E+00   7.607475   0.568793 -22.572895   1.938336 -10.311364   0.547160   0.978115   0.000013   0.001400   0.051291      5
 7.4218E+07   1.735721   3.107920 -99.000000 -99.000000  -9.084725   0.000000   0.000013   0.000146   0.001358  0.000E+00    lg_XH_cntr

 Loading precomputed flux cube from:/home/njm/MESA/mesa/colors/data/stellar_models/Kurucz2003all//flux_cube.bin
 Loaded flux cube with dimensions:          76 x          11 x           9 x        1173
 Performing interpolation at target parameters...
 Interpolation complete
        224   7.612286  1.801E+04   3.106340   3.106340   4.998115   4.450955   0.016965   0.000900   0.242800  -4.303048    906      2
 5.1181E+00   7.612286   0.566438 -22.308561   1.939403 -10.305224   0.547160   0.981678   0.000013   0.001400   0.051741      5
 7.4349E+07   1.751054   3.109934 -99.000000 -99.000000  -9.080139   0.000000   0.000014   0.000146   0.001357  0.000E+00    lg_XH_cntr

 Loading precomputed flux cube from:/home/njm/MESA/mesa/colors/data/stellar_models/Kurucz2003all//flux_cube.bin
 Loaded flux cube with dimensions:          76 x          11 x           9 x        1173
 Performing interpolation at target parameters...
 Interpolation complete
        225   7.617008  1.809E+04   3.107125   3.107125   4.998110   4.450950   0.014030   0.000900   0.242800  -4.287214    910      2
 5.0314E+00   7.617008   0.563742 -22.050807   1.940266 -10.298975   0.547160   0.984612   0.000013   0.001400   0.052131      5
 7.4457E+07   1.766297   3.111901 -99.000000 -99.000000  -9.074988   0.000000   0.000014   0.000146   0.001357  0.000E+00    lg_XH_cntr

 Loading precomputed flux cube from:/home/njm/MESA/mesa/colors/data/stellar_models/Kurucz2003all//flux_cube.bin
 Loaded flux cube with dimensions:          76 x          11 x           9 x        1173
 Performing interpolation at target parameters...
 Interpolation complete
        226   7.621613  1.817E+04   3.107670   3.107670   4.998105   4.440742   0.011622   0.000900   0.242800  -4.270705    910      2
 4.9440E+00   7.621613   0.560822 -21.800857   1.940907 -10.292659   0.557363   0.987020   0.000012   0.001400   0.052475      5
 7.4545E+07   1.781433   3.113839 -12.643260 -99.000000  -9.069467   0.000000   0.000014   0.000146   0.001357  0.000E+00    lg_XH_cntr

 Loading precomputed flux cube from:/home/njm/MESA/mesa/colors/data/stellar_models/Kurucz2003all//flux_cube.bin
 Loaded flux cube with dimensions:          76 x          11 x           9 x        1173
 Performing interpolation at target parameters...
 Interpolation complete
        227   7.626146  1.826E+04   3.107922   3.107922   4.998101   4.433421   0.009621   0.000899   0.242800  -4.253288    913      2
 4.8582E+00   7.626146   0.557737 -21.556060   1.941273 -10.286294   0.564680   0.989022   0.000012   0.001400   0.052786      5
 7.4617E+07   1.796679   3.115813 -12.643260 -99.000000  -9.063663   0.000000   0.000014   0.000146   0.001357  0.000E+00    lg_XH_cntr

 Loading precomputed flux cube from:/home/njm/MESA/mesa/colors/data/stellar_models/Kurucz2003all//flux_cube.bin
 Loaded flux cube with dimensions:          76 x          11 x           9 x        1173
 Performing interpolation at target parameters...
 Interpolation complete
        228   7.630554  1.834E+04   3.107960   3.107960   4.998098   4.433418   0.007974   0.000899   0.242800  -4.235164    914      2
 4.7725E+00   7.630554   0.554582 -21.319014   1.941443 -10.279753   0.564680   0.990668   0.000012   0.001400   0.053070      5
 7.4676E+07   1.811891   3.117804 -99.000000 -99.000000  -9.057749   0.000000   0.000014   0.000146   0.001357  0.000E+00    lg_XH_cntr

 Loading precomputed flux cube from:/home/njm/MESA/mesa/colors/data/stellar_models/Kurucz2003all//flux_cube.bin
 Loaded flux cube with dimensions:          76 x          11 x           9 x        1173
 Performing interpolation at target parameters...
 Interpolation complete
        229   7.634806  1.843E+04   3.107762   3.107762   4.998096   4.433416   0.006624   0.000899   0.242800  -4.216380    922      2
 4.6871E+00   7.634806   0.551445 -21.091073   1.941394 -10.273132   0.564680   0.992019   0.000012   0.001400   0.053336      5
 7.4725E+07   1.827025   3.119818 -12.342230 -99.000000  -9.051868   0.000000   0.000015   0.000146   0.001357  0.000E+00    lg_XH_cntr

 Loading precomputed flux cube from:/home/njm/MESA/mesa/colors/data/stellar_models/Kurucz2003all//flux_cube.bin
 Loaded flux cube with dimensions:          76 x          11 x           9 x        1173
 Performing interpolation at target parameters...
 Interpolation complete

__________________________________________________________________________________________________________________________________________________

       step    lg_Tmax     Teff     lg_LH      lg_Lnuc_tot     Mass       H_rich     H_cntr     N_cntr     Y_surf   eta_cntr   zones  retry
  lg_dt_yrs    lg_Tcntr    lg_R     lg_L3a     lg_Lneu     lg_Mdot    He_core    He_cntr    O_cntr     Z_surf   gam_cntr   iters  
    age_yrs    lg_Dcntr    lg_L     lg_LZ      lg_Lphoto   lg_Dsurf   CO_core    C_cntr     Ne_cntr    Z_cntr   v_div_cs       dt_limit
__________________________________________________________________________________________________________________________________________________

        230   7.638949  1.852E+04   3.107185   3.107185   4.998094   4.433414   0.005497   0.000899   0.242800  -4.196441    925      2
 4.6037E+00   7.638949   0.548356 -20.869561   1.940986 -10.266463   0.564680   0.993146   0.000012   0.001400   0.053599      5
 7.4765E+07   1.842397   3.121918 -99.000000 -99.000000  -9.046064   0.000000   0.000015   0.000146   0.001357  0.000E+00    lg_XH_cntr

 Loading precomputed flux cube from:/home/njm/MESA/mesa/colors/data/stellar_models/Kurucz2003all//flux_cube.bin
 Loaded flux cube with dimensions:          76 x          11 x           9 x        1173
 Performing interpolation at target parameters...
 Interpolation complete
        231   7.642925  1.861E+04   3.106429   3.106429   4.998092   4.433412   0.004568   0.000899   0.242800  -4.175625    927      2
 4.5204E+00   7.642925   0.545384 -20.657283   1.940415 -10.259608   0.564680   0.994075   0.000012   0.001400   0.053861      5
 7.4798E+07   1.857810   3.124053 -99.000000 -99.000000  -9.040462   0.000000   0.000015   0.000146   0.001357  0.000E+00    lg_XH_cntr

 Loading precomputed flux cube from:/home/njm/MESA/mesa/colors/data/stellar_models/Kurucz2003all//flux_cube.bin
 Loaded flux cube with dimensions:          76 x          11 x           9 x        1173
 Performing interpolation at target parameters...
 Interpolation complete
        232   7.646691  1.869E+04   3.105465   3.105465   4.998090   4.433410   0.003806   0.000899   0.242800  -4.153931    932      2
 4.4374E+00   7.646691   0.542587 -20.456223   1.939653 -10.252727   0.564680   0.994837   0.000012   0.001400   0.054129      5
 7.4825E+07   1.873212   3.126199 -99.000000 -99.000000  -9.035171   0.000000   0.000015   0.000146   0.001357  0.000E+00    lg_XH_cntr

 Loading precomputed flux cube from:/home/njm/MESA/mesa/colors/data/stellar_models/Kurucz2003all//flux_cube.bin
 Loaded flux cube with dimensions:          76 x          11 x           9 x        1173
 Performing interpolation at target parameters...
 Interpolation complete
        233   7.650211  1.877E+04   3.104374   3.104374   4.998089   4.433409   0.003180   0.000899   0.242800  -4.131322    932      2
 4.3566E+00   7.650211   0.540001 -20.267350   1.938777 -10.245915   0.564680   0.995463   0.000012   0.001400   0.054409      5
 7.4848E+07   1.888576   3.128321 -99.000000 -99.000000  -9.030256   0.000000   0.000015   0.000146   0.001357  0.000E+00    lg_XH_cntr

 Loading precomputed flux cube from:/home/njm/MESA/mesa/colors/data/stellar_models/Kurucz2003all//flux_cube.bin
 Loaded flux cube with dimensions:          76 x          11 x           9 x        1173
 Performing interpolation at target parameters...
 Interpolation complete
        234   7.653521  1.884E+04   3.102946   3.102946   4.998088   4.433408   0.002658   0.000899   0.242800  -4.107288    936      2
 4.2785E+00   7.653521   0.537638 -20.089500   1.937580 -10.239273   0.564680   0.995985   0.000012   0.001400   0.054716      5
 7.4867E+07   1.904194   3.130445 -12.166139 -99.000000  -9.025731   0.000000   0.000015   0.000146   0.001357  0.000E+00    lg_XH_cntr

 Loading precomputed flux cube from:/home/njm/MESA/mesa/colors/data/stellar_models/Kurucz2003all//flux_cube.bin
 Loaded flux cube with dimensions:          76 x          11 x           9 x        1173
 Performing interpolation at target parameters...
 Interpolation complete
        235   7.656563  1.891E+04   3.101597   3.101597   4.998087   4.433407   0.002227   0.000899   0.242800  -4.082040    936      2
 4.2016E+00   7.656563   0.535519 -19.924924   1.936473 -10.232746   0.564680   0.996416   0.000012   0.001400   0.055049      5
 7.4883E+07   1.919888   3.132505 -99.000000 -99.000000  -9.021646   0.000000   0.000015   0.000146   0.001357  0.000E+00    lg_XH_cntr

 Loading precomputed flux cube from:/home/njm/MESA/mesa/colors/data/stellar_models/Kurucz2003all//flux_cube.bin
 Loaded flux cube with dimensions:          76 x          11 x           9 x        1173
 Performing interpolation at target parameters...
 Interpolation complete
        236   7.659298  1.897E+04   3.100414   3.100414   4.998086   4.433406   0.001872   0.000898   0.242800  -4.055711    936      2
 4.1260E+00   7.659298   0.533656 -19.775388   1.935536 -10.226510   0.564680   0.996771   0.000012   0.001400   0.055412      5
 7.4896E+07   1.935551   3.134443 -99.000000 -99.000000  -9.018032   0.000000   0.000016   0.000146   0.001357  0.000E+00    lg_XH_cntr

 Loading precomputed flux cube from:/home/njm/MESA/mesa/colors/data/stellar_models/Kurucz2003all//flux_cube.bin
 Loaded flux cube with dimensions:          76 x          11 x           9 x        1173
 Performing interpolation at target parameters...
 Interpolation complete
        237   7.661726  1.903E+04   3.099240   3.099240   4.998085   4.433405   0.001575   0.000898   0.242800  -4.027813    937      2
 4.0538E+00   7.661726   0.532040 -19.640462   1.934614 -10.220712   0.564680   0.997068   0.000011   0.001400   0.055817      5
 7.4908E+07   1.951398   3.136247 -99.000000 -99.000000  -9.014872   0.000000   0.000016   0.000146   0.001357  0.000E+00    lg_XH_cntr

 Loading precomputed flux cube from:/home/njm/MESA/mesa/colors/data/stellar_models/Kurucz2003all//flux_cube.bin
 Loaded flux cube with dimensions:          76 x          11 x           9 x        1173
 Performing interpolation at target parameters...
 Interpolation complete
        238   7.663818  1.907E+04   3.098441   3.098441   4.998085   4.433405   0.001327   0.000898   0.242800  -3.998392    941      2
 3.9834E+00   7.663818   0.530666 -19.521326   1.934066 -10.215378   0.564680   0.997316   0.000011   0.001400   0.056267      4
 7.4917E+07   1.967371   3.137876 -99.000000 -99.000000  -9.012167   0.000000   0.000016   0.000146   0.001357  0.000E+00    lg_XH_cntr

 Loading precomputed flux cube from:/home/njm/MESA/mesa/colors/data/stellar_models/Kurucz2003all//flux_cube.bin
 Loaded flux cube with dimensions:          76 x          11 x           9 x        1173
 Performing interpolation at target parameters...
 Interpolation complete
        239   7.665537  1.912E+04   3.098287   3.098287   4.998084   4.433404   0.001121   0.000898   0.242800  -3.967606    942      2
 3.9139E+00   7.665537   0.529528 -19.419726   1.934154 -10.210607   0.564680   0.997522   0.000011   0.001400   0.056765      4
 7.4926E+07   1.983349   3.139285 -99.000000 -99.000000  -9.009914   0.000000   0.000016   0.000146   0.001357  0.000E+00    lg_XH_cntr

 Loading precomputed flux cube from:/home/njm/MESA/mesa/colors/data/stellar_models/Kurucz2003all//flux_cube.bin
 Loaded flux cube with dimensions:          76 x          11 x           9 x        1173
 Performing interpolation at target parameters...
 Interpolation complete

__________________________________________________________________________________________________________________________________________________

       step    lg_Tmax     Teff     lg_LH      lg_Lnuc_tot     Mass       H_rich     H_cntr     N_cntr     Y_surf   eta_cntr   zones  retry
  lg_dt_yrs    lg_Tcntr    lg_R     lg_L3a     lg_Lneu     lg_Mdot    He_core    He_cntr    O_cntr     Z_surf   gam_cntr   iters  
    age_yrs    lg_Dcntr    lg_L     lg_LZ      lg_Lphoto   lg_Dsurf   CO_core    C_cntr     Ne_cntr    Z_cntr   v_div_cs       dt_limit
__________________________________________________________________________________________________________________________________________________

        240   7.666871  1.915E+04   3.099006   3.099006   4.998084   4.433404   0.000951   0.000898   0.242800  -3.935762    946      2
 3.8468E+00   7.666871   0.528607 -19.336351   1.935099 -10.206506   0.564680   0.997692   0.000011   0.001400   0.057306      4
 7.4933E+07   1.999179   3.140446 -12.643260 -99.000000  -9.008091   0.000000   0.000016   0.000146   0.001357  0.000E+00    lg_XH_cntr

 Loading precomputed flux cube from:/home/njm/MESA/mesa/colors/data/stellar_models/Kurucz2003all//flux_cube.bin
 Loaded flux cube with dimensions:          76 x          11 x           9 x        1173
 Performing interpolation at target parameters...
 Interpolation complete
        241   7.667806  1.917E+04   3.100696   3.100696   4.998084   4.433404   0.000810   0.000898   0.242800  -3.902923    951      2
 3.7833E+00   7.667806   0.527884 -19.271614   1.936990 -10.203137   0.564680   0.997834   0.000011   0.001400   0.057893      4
 7.4939E+07   2.014822   3.141346 -99.000000 -99.000000  -9.006662   0.000000   0.000016   0.000146   0.001357  0.000E+00    lg_XH_cntr

 Loading precomputed flux cube from:/home/njm/MESA/mesa/colors/data/stellar_models/Kurucz2003all//flux_cube.bin
 Loaded flux cube with dimensions:          76 x          11 x           9 x        1173
 Performing interpolation at target parameters...
 Interpolation complete
        242   7.668347  1.919E+04   3.103269   3.103269   4.998083   4.433403   0.000690   0.000898   0.242800  -3.869007    954      2
 3.7239E+00   7.668347   0.527335 -19.225336   1.939741 -10.200521   0.564680   0.997953   0.000011   0.001400   0.058529      4
 7.4944E+07   2.030317   3.141990 -99.000000 -99.000000  -9.005587   0.000000   0.000016   0.000146   0.001357  0.000E+00    lg_XH_cntr

 Loading precomputed flux cube from:/home/njm/MESA/mesa/colors/data/stellar_models/Kurucz2003all//flux_cube.bin
 Loaded flux cube with dimensions:          76 x          11 x           9 x        1173
 Performing interpolation at target parameters...
 Interpolation complete
        243   7.668497  1.921E+04   3.106901   3.106901   4.998083   4.433403   0.000590   0.000898   0.242800  -3.834342    955      2
 3.6669E+00   7.668497   0.526940 -19.197394   1.943519 -10.198632   0.564680   0.998053   0.000011   0.001400   0.059211      3
 7.4949E+07   2.045532   3.142383 -99.000000 -99.000000  -9.004833   0.000000   0.000016   0.000146   0.001357  0.000E+00    lg_XH_cntr

 Loading precomputed flux cube from:/home/njm/MESA/mesa/colors/data/stellar_models/Kurucz2003all//flux_cube.bin
 Loaded flux cube with dimensions:          76 x          11 x           9 x        1173
 Performing interpolation at target parameters...
 Interpolation complete
        244   7.668274  1.921E+04   3.111467   3.111467   4.998083   4.433403   0.000508   0.000898   0.242800  -3.799274    956      2
 3.6127E+00   7.668274   0.526681 -19.187079   1.948199 -10.197446   0.564680   0.998136   0.000011   0.001400   0.059930      3
 7.4953E+07   2.060345   3.142544 -99.000000 -99.000000  -9.004361   0.000000   0.000016   0.000146   0.001357  0.000E+00    lg_XH_cntr

 Loading precomputed flux cube from:/home/njm/MESA/mesa/colors/data/stellar_models/Kurucz2003all//flux_cube.bin
 Loaded flux cube with dimensions:          76 x          11 x           9 x        1173
 Performing interpolation at target parameters...
 Interpolation complete
        245   7.667699  1.922E+04   3.116597   3.116597   4.998082   4.433402   0.000436   0.000898   0.242800  -3.763733    963      2
 3.5635E+00   7.667699   0.526537 -19.193371   1.953413 -10.196910   0.564680   0.998207   0.000011   0.001400   0.060691      3
 7.4956E+07   2.074818   3.142501 -99.000000 -99.000000  -9.004131   0.000000   0.000016   0.000146   0.001357  0.000E+00    lg_XH_cntr

 Loading precomputed flux cube from:/home/njm/MESA/mesa/colors/data/stellar_models/Kurucz2003all//flux_cube.bin
 Loaded flux cube with dimensions:          76 x          11 x           9 x        1173
 Performing interpolation at target parameters...
 Interpolation complete
        246   7.666794  1.922E+04   3.122172   3.122172   4.998082   4.433402   0.000376   0.000898   0.242800  -3.727946    966      2
 3.5168E+00   7.666794   0.526492 -19.215184   1.959046 -10.196939   0.564680   0.998267   0.000011   0.001400   0.061486      3
 7.4960E+07   2.088889   3.142282 -12.041200 -99.000000  -9.004109   0.000000   0.000016   0.000146   0.001357  0.000E+00    lg_XH_cntr

 Loading precomputed flux cube from:/home/njm/MESA/mesa/colors/data/stellar_models/Kurucz2003all//flux_cube.bin
 Loaded flux cube with dimensions:          76 x          11 x           9 x        1173
 Performing interpolation at target parameters...
 Interpolation complete
        247   7.665611  1.921E+04   3.127978   3.127978   4.998082   4.433402   0.000326   0.000898   0.242800  -3.692450    970      2
 3.4708E+00   7.665611   0.526530 -19.250599   1.964887 -10.197457   0.564680   0.998318   0.000011   0.001400   0.062305      3
 7.4963E+07   2.102406   3.141920 -99.000000 -99.000000  -9.004260   0.000000   0.000016   0.000146   0.001357  0.000E+00    lg_XH_cntr

 Loading precomputed flux cube from:/home/njm/MESA/mesa/colors/data/stellar_models/Kurucz2003all//flux_cube.bin
 Loaded flux cube with dimensions:          76 x          11 x           9 x        1173
 Performing interpolation at target parameters...
 Interpolation complete
        248   7.664171  1.920E+04   3.133677   3.133677   4.998082   4.433402   0.000282   0.000898   0.242800  -3.657147    970      2
 3.4301E+00   7.664171   0.526637 -19.298415   1.970603 -10.198375   0.564680   0.998361   0.000011   0.001400   0.063147      3
 7.4965E+07   2.115441   3.141445 -99.000000 -99.000000  -9.004554   0.000000   0.000016   0.000146   0.001357  0.000E+00    lg_XH_cntr

 Loading precomputed flux cube from:/home/njm/MESA/mesa/colors/data/stellar_models/Kurucz2003all//flux_cube.bin
 Loaded flux cube with dimensions:          76 x          11 x           9 x        1173
 Performing interpolation at target parameters...
 Interpolation complete
        249   7.662486  1.919E+04   3.139082   3.139082   4.998082   4.433402   0.000244   0.000898   0.242800  -3.621934    971      2
 3.3934E+00   7.662486   0.526803 -19.357704   1.976013 -10.199609   0.564680   0.998399   0.000011   0.001400   0.064015      4
 7.4968E+07   2.128060   3.140885 -12.166139 -99.000000  -9.004967   0.000000   0.000016   0.000146   0.001357  0.000E+00    lg_XH_cntr

 Loading precomputed flux cube from:/home/njm/MESA/mesa/colors/data/stellar_models/Kurucz2003all//flux_cube.bin
 Loaded flux cube with dimensions:          76 x          11 x           9 x        1173
 Performing interpolation at target parameters...
 Interpolation complete

__________________________________________________________________________________________________________________________________________________

       step    lg_Tmax     Teff     lg_LH      lg_Lnuc_tot     Mass       H_rich     H_cntr     N_cntr     Y_surf   eta_cntr   zones  retry
  lg_dt_yrs    lg_Tcntr    lg_R     lg_L3a     lg_Lneu     lg_Mdot    He_core    He_cntr    O_cntr     Z_surf   gam_cntr   iters  
    age_yrs    lg_Dcntr    lg_L     lg_LZ      lg_Lphoto   lg_Dsurf   CO_core    C_cntr     Ne_cntr    Z_cntr   v_div_cs       dt_limit
__________________________________________________________________________________________________________________________________________________

        250   7.660617  1.918E+04   3.144084   3.144084   4.998082   4.433402   0.000213   0.000898   0.242800  -3.587391    971      2
 3.3549E+00   7.660617   0.527015 -19.425657   1.981010 -10.201085   0.564680   0.998431   0.000011   0.001400   0.064893      3
 7.4970E+07   2.140104   3.140272 -12.041200 -99.000000  -9.005470   0.000000   0.000016   0.000146   0.001357  0.000E+00    lg_XH_cntr

save LOGS/profile6.data for model 250
 Loading precomputed flux cube from:/home/njm/MESA/mesa/colors/data/stellar_models/Kurucz2003all//flux_cube.bin
 Loaded flux cube with dimensions:          76 x          11 x           9 x        1173
 Performing interpolation at target parameters...
 Interpolation complete
save photos/x250 for model 250
        251   7.658538  1.917E+04   3.148549   3.148549   4.998081   4.433401   0.000185   0.000898   0.242800  -3.553618    974      2
 3.3191E+00   7.658538   0.527264 -19.499759   1.985464 -10.202715   0.564680   0.998458   0.000011   0.001400   0.065781      3
 7.4972E+07   2.151494   3.139631 -99.000000 -99.000000  -9.006042   0.000000   0.000016   0.000146   0.001357  0.000E+00    lg_XH_cntr

 Loading precomputed flux cube from:/home/njm/MESA/mesa/colors/data/stellar_models/Kurucz2003all//flux_cube.bin
 Loaded flux cube with dimensions:          76 x          11 x           9 x        1173
 Performing interpolation at target parameters...
 Interpolation complete
        252   7.656348  1.916E+04   3.152457   3.152457   4.998081   4.433401   0.000161   0.000898   0.242800  -3.520295    974      2
 3.2868E+00   7.656348   0.527545 -19.579909   1.989357 -10.204437   0.564680   0.998482   0.000011   0.001400   0.066679      4
 7.4974E+07   2.162515   3.138979 -12.342230 -99.000000  -9.006670   0.000000   0.000017   0.000146   0.001357  0.000E+00    lg_XH_cntr

 Loading precomputed flux cube from:/home/njm/MESA/mesa/colors/data/stellar_models/Kurucz2003all//flux_cube.bin
 Loaded flux cube with dimensions:          76 x          11 x           9 x        1173
 Performing interpolation at target parameters...
 Interpolation complete
        253   7.654042  1.914E+04   3.155788   3.155788   4.998081   4.433401   0.000141   0.000898   0.242800  -3.487756    975      2
 3.2544E+00   7.654042   0.527848 -19.661903   1.992673 -10.206203   0.564680   0.998503   0.000011   0.001400   0.067580      3
 7.4976E+07   2.173017   3.138334 -12.166139 -99.000000  -9.007334   0.000000   0.000017   0.000146   0.001357  0.000E+00    lg_XH_cntr

 Loading precomputed flux cube from:/home/njm/MESA/mesa/colors/data/stellar_models/Kurucz2003all//flux_cube.bin
 Loaded flux cube with dimensions:          76 x          11 x           9 x        1173
 Performing interpolation at target parameters...
 Interpolation complete
        254   7.651623  1.913E+04   3.158581   3.158581   4.998081   4.433401   0.000123   0.000898   0.242800  -3.455914    974      2
 3.2241E+00   7.651623   0.528169 -19.742844   1.995450 -10.207964   0.564680   0.998521   0.000011   0.001400   0.068486      3
 7.4978E+07   2.183044   3.137707 -99.000000 -99.000000  -9.008025   0.000000   0.000017   0.000146   0.001357  0.000E+00    lg_XH_cntr

 Loading precomputed flux cube from:/home/njm/MESA/mesa/colors/data/stellar_models/Kurucz2003all//flux_cube.bin
 Loaded flux cube with dimensions:          76 x          11 x           9 x        1173
 Performing interpolation at target parameters...
 Interpolation complete
        255   7.649109  1.911E+04   3.160880   3.160880   4.998081   4.433401   0.000107   0.000898   0.242800  -3.424783    972      2
 3.1951E+00   7.649109   0.528504 -19.819444   1.997733 -10.209689   0.564680   0.998536   0.000011   0.001400   0.069394      3
 7.4979E+07   2.192616   3.137108 -12.342230 -99.000000  -9.008732   0.000000   0.000017   0.000146   0.001357  0.000E+00    lg_XH_cntr

 Loading precomputed flux cube from:/home/njm/MESA/mesa/colors/data/stellar_models/Kurucz2003all//flux_cube.bin
 Loaded flux cube with dimensions:          76 x          11 x           9 x        1173
 Performing interpolation at target parameters...
 Interpolation complete
        256   7.646695  1.910E+04   3.162727   3.162727   4.998081   4.433401   0.000094   0.000898   0.242800  -3.395527    972      2
 3.1653E+00   7.646695   0.528847 -19.889780   1.999566 -10.211352   0.564680   0.998550   0.000011   0.001400   0.070262      3
 7.4981E+07   2.201529   3.136545 -99.000000 -99.000000  -9.009444   0.000000   0.000017   0.000146   0.001357  0.000E+00    lg_XH_cntr

 Loading precomputed flux cube from:/home/njm/MESA/mesa/colors/data/stellar_models/Kurucz2003all//flux_cube.bin
 Loaded flux cube with dimensions:          76 x          11 x           9 x        1173
 Performing interpolation at target parameters...
 Interpolation complete
        257   7.644490  1.909E+04   3.164195   3.164195   4.998081   4.433401   0.000083   0.000898   0.242800  -3.368618    970      2
 3.1375E+00   7.644490   0.529195 -19.953689   2.001021 -10.212929   0.564680   0.998560   0.000011   0.001400   0.071068      3
 7.4982E+07   2.209744   3.136022 -12.041200 -99.000000  -9.010155   0.000000   0.000017   0.000146   0.001357  0.000E+00    lg_XH_cntr

 Loading precomputed flux cube from:/home/njm/MESA/mesa/colors/data/stellar_models/Kurucz2003all//flux_cube.bin
 Loaded flux cube with dimensions:          76 x          11 x           9 x        1173
 Performing interpolation at target parameters...
 Interpolation complete
        258   7.642483  1.907E+04   3.165379   3.165379   4.998081   4.433401   0.000074   0.000898   0.242800  -3.343263    965      2
 3.1231E+00   7.642483   0.529558 -20.013840   2.002193 -10.214412   0.564680   0.998569   0.000011   0.001400   0.071830      3
 7.4983E+07   2.217590   3.135526 -99.000000 -99.000000  -9.010884   0.000000   0.000017   0.000146   0.001357  0.000E+00    lg_XH_cntr

 Loading precomputed flux cube from:/home/njm/MESA/mesa/colors/data/stellar_models/Kurucz2003all//flux_cube.bin
 Loaded flux cube with dimensions:          76 x          11 x           9 x        1173
 Performing interpolation at target parameters...
 Interpolation complete
        259   7.640138  1.906E+04   3.166448   3.166448   4.998081   4.433401   0.000065   0.000898   0.242800  -3.314072    965      2
 3.2023E+00   7.640138   0.530029 -20.081401   2.003248 -10.215835   0.564680   0.998578   0.000011   0.001400   0.072720      3
 7.4985E+07   2.226566   3.134956 -99.000000 -99.000000  -9.011814   0.000000   0.000016   0.000146   0.001357  0.000E+00  max increase

 Loading precomputed flux cube from:/home/njm/MESA/mesa/colors/data/stellar_models/Kurucz2003all//flux_cube.bin
 Loaded flux cube with dimensions:          76 x          11 x           9 x        1173
 Performing interpolation at target parameters...
 Interpolation complete

__________________________________________________________________________________________________________________________________________________

       step    lg_Tmax     Teff     lg_LH      lg_Lnuc_tot     Mass       H_rich     H_cntr     N_cntr     Y_surf   eta_cntr   zones  retry
  lg_dt_yrs    lg_Tcntr    lg_R     lg_L3a     lg_Lneu     lg_Mdot    He_core    He_cntr    O_cntr     Z_surf   gam_cntr   iters  
    age_yrs    lg_Dcntr    lg_L     lg_LZ      lg_Lphoto   lg_Dsurf   CO_core    C_cntr     Ne_cntr    Z_cntr   v_div_cs       dt_limit
__________________________________________________________________________________________________________________________________________________

        260   7.637544  1.904E+04   3.167315   3.167315   4.998080   4.433401   0.000057   0.000898   0.242800  -3.280841    963      2
 3.2815E+00   7.637544   0.530646 -20.156441   2.004099 -10.217499   0.564680   0.998587   0.000011   0.001400   0.073739      3
 7.4987E+07   2.236893   3.134327 -11.944290 -99.000000  -9.013004   0.000000   0.000016   0.000146   0.001357  0.000E+00    lg_XH_cntr

 Loading precomputed flux cube from:/home/njm/MESA/mesa/colors/data/stellar_models/Kurucz2003all//flux_cube.bin
 Loaded flux cube with dimensions:          76 x          11 x           9 x        1173
 Performing interpolation at target parameters...
 Interpolation complete
        261   7.635533  1.902E+04   3.167846   3.167846   4.998080   4.433400   0.000050   0.000898   0.242800  -3.252571    960      2
 3.2280E+00   7.635533   0.531233 -20.219769   2.004618 -10.219387   0.564680   0.998593   0.000011   0.001400   0.074600      3
 7.4989E+07   2.245969   3.133828 -99.000000 -99.000000  -9.014112   0.000000   0.000016   0.000146   0.001357  0.000E+00    lg_XH_cntr

 Loading precomputed flux cube from:/home/njm/MESA/mesa/colors/data/stellar_models/Kurucz2003all//flux_cube.bin
 Loaded flux cube with dimensions:          76 x          11 x           9 x        1173
 Performing interpolation at target parameters...
 Interpolation complete
        262   7.633593  1.900E+04   3.168130   3.168130   4.998080   4.433400   0.000045   0.000898   0.242800  -3.226528    961      2
 3.2116E+00   7.633593   0.531835 -20.275205   2.004890 -10.220938   0.564680   0.998598   0.000011   0.001400   0.075410      3
 7.4990E+07   2.254194   3.133407 -12.041200 -99.000000  -9.015227   0.000000   0.000016   0.000146   0.001357  0.000E+00    lg_XH_cntr

 Loading precomputed flux cube from:/home/njm/MESA/mesa/colors/data/stellar_models/Kurucz2003all//flux_cube.bin
 Loaded flux cube with dimensions:          76 x          11 x           9 x        1173
 Performing interpolation at target parameters...
 Interpolation complete
        263   7.631465  1.898E+04   3.168243   3.168243   4.998080   4.433400   0.000039   0.000898   0.242800  -3.196918    961      2
 3.2907E+00   7.631465   0.532610 -20.336058   2.004989 -10.222303   0.564680   0.998604   0.000011   0.001400   0.076334      3
 7.4992E+07   2.263659   3.133003 -99.000000 -99.000000  -9.016629   0.000000   0.000016   0.000146   0.001357  0.000E+00  max increase

 Loading precomputed flux cube from:/home/njm/MESA/mesa/colors/data/stellar_models/Kurucz2003all//flux_cube.bin
 Loaded flux cube with dimensions:          76 x          11 x           9 x        1173
 Performing interpolation at target parameters...
 Interpolation complete
        264   7.629165  1.895E+04   3.168172   3.168172   4.998080   4.433400   0.000034   0.000898   0.242800  -3.163500    961      2
 3.3699E+00   7.629165   0.533610 -20.401677   2.004903 -10.223719   0.564680   0.998609   0.000011   0.001400   0.077381      3
 7.4994E+07   2.274487   3.132680 -12.342230 -99.000000  -9.018391   0.000000   0.000016   0.000146   0.001357  0.000E+00    lg_XH_cntr

 Loading precomputed flux cube from:/home/njm/MESA/mesa/colors/data/stellar_models/Kurucz2003all//flux_cube.bin
 Loaded flux cube with dimensions:          76 x          11 x           9 x        1173
 Performing interpolation at target parameters...
 Interpolation complete
        265   7.627323  1.893E+04   3.168036   3.168036   4.998080   4.433400   0.000030   0.000898   0.242800  -3.135713    964      2
 3.3112E+00   7.627323   0.534537 -20.453868   2.004754 -10.225053   0.564680   0.998613   0.000011   0.001400   0.078255      3
 7.4996E+07   2.283592   3.132535 -99.000000 -99.000000  -9.019986   0.000000   0.000016   0.000146   0.001357  0.000E+00    lg_XH_cntr

 Loading precomputed flux cube from:/home/njm/MESA/mesa/colors/data/stellar_models/Kurucz2003all//flux_cube.bin
 Loaded flux cube with dimensions:          76 x          11 x           9 x        1173
 Performing interpolation at target parameters...
 Interpolation complete
        266   7.625701  1.891E+04   3.167871   3.167871   4.998080   4.433400   0.000027   0.000898   0.242800  -3.110388    964      2
 3.2906E+00   7.625701   0.535465 -20.499418   2.004576 -10.225910   0.564680   0.998616   0.000011   0.001400   0.079056      3
 7.4998E+07   2.291973   3.132522 -11.944290 -99.000000  -9.021550   0.000000   0.000016   0.000146   0.001357  0.000E+00    lg_XH_cntr

 Loading precomputed flux cube from:/home/njm/MESA/mesa/colors/data/stellar_models/Kurucz2003all//flux_cube.bin
 Loaded flux cube with dimensions:          76 x          11 x           9 x        1173
 Performing interpolation at target parameters...
 Interpolation complete
        267   7.624214  1.889E+04   3.167713   3.167713   4.998080   4.433400   0.000024   0.000899   0.242800  -3.086393    967      2
 3.2859E+00   7.624214   0.536422 -20.540797   2.004405 -10.226437   0.564680   0.998619   0.000011   0.001400   0.079817      3
 7.5000E+07   2.299986   3.132634 -12.643260 -99.000000  -9.023134   0.000000   0.000016   0.000146   0.001357  0.000E+00    lg_XH_cntr

 Loading precomputed flux cube from:/home/njm/MESA/mesa/colors/data/stellar_models/Kurucz2003all//flux_cube.bin
 Loaded flux cube with dimensions:          76 x          11 x           9 x        1173
 Performing interpolation at target parameters...
 Interpolation complete
        268   7.622578  1.887E+04   3.167552   3.167552   4.998080   4.433400   0.000021   0.000899   0.242800  -3.059001    967      2
 3.3651E+00   7.622578   0.537619 -20.585820   2.004228 -10.226672   0.564680   0.998622   0.000011   0.001400   0.080688      3
 7.5003E+07   2.309220   3.132941 -99.000000 -99.000000  -9.025075   0.000000   0.000016   0.000146   0.001357  0.000E+00  max increase

 Loading precomputed flux cube from:/home/njm/MESA/mesa/colors/data/stellar_models/Kurucz2003all//flux_cube.bin
 Loaded flux cube with dimensions:          76 x          11 x           9 x        1173
 Performing interpolation at target parameters...
 Interpolation complete
        269   7.620760  1.884E+04   3.167436   3.167436   4.998079   4.433399   0.000018   0.000899   0.242800  -3.027883    968      2
 3.4443E+00   7.620760   0.539111 -20.635141   2.004093 -10.226552   0.564680   0.998625   0.000011   0.001400   0.081686      3
 7.5005E+07   2.319766   3.133543 -99.000000 -99.000000  -9.027440   0.000000   0.000016   0.000146   0.001357  0.000E+00    lg_XH_cntr

 Loading precomputed flux cube from:/home/njm/MESA/mesa/colors/data/stellar_models/Kurucz2003all//flux_cube.bin
 Loaded flux cube with dimensions:          76 x          11 x           9 x        1173
 Performing interpolation at target parameters...
 Interpolation complete

__________________________________________________________________________________________________________________________________________________

       step    lg_Tmax     Teff     lg_LH      lg_Lnuc_tot     Mass       H_rich     H_cntr     N_cntr     Y_surf   eta_cntr   zones  retry
  lg_dt_yrs    lg_Tcntr    lg_R     lg_L3a     lg_Lneu     lg_Mdot    He_core    He_cntr    O_cntr     Z_surf   gam_cntr   iters  
    age_yrs    lg_Dcntr    lg_L     lg_LZ      lg_Lphoto   lg_Dsurf   CO_core    C_cntr     Ne_cntr    Z_cntr   v_div_cs       dt_limit
__________________________________________________________________________________________________________________________________________________

        270   7.619322  1.882E+04   3.167442   3.167442   4.998079   4.433399   0.000016   0.000899   0.242800  -3.002028    969      2
 3.3841E+00   7.619322   0.540445 -20.673245   2.004081 -10.225859   0.564680   0.998627   0.000011   0.001400   0.082517      3
 7.5008E+07   2.328632   3.134235 -12.041200 -99.000000  -9.029517   0.000000   0.000016   0.000146   0.001357  0.000E+00    lg_XH_cntr

 Loading precomputed flux cube from:/home/njm/MESA/mesa/colors/data/stellar_models/Kurucz2003all//flux_cube.bin
 Loaded flux cube with dimensions:          76 x          11 x           9 x        1173
 Performing interpolation at target parameters...
 Interpolation complete
        271   7.617862  1.880E+04   3.167499   3.167499   4.998079   4.433399   0.000014   0.000899   0.242800  -2.978294    972      2
 3.3601E+00   7.617862   0.541729 -20.708684   2.004121 -10.224859   0.564680   0.998629   0.000011   0.001400   0.083300      3
 7.5010E+07   2.336556   3.135020 -99.000000 -99.000000  -9.031488   0.000000   0.000016   0.000146   0.001357  0.000E+00    lg_XH_cntr

 Loading precomputed flux cube from:/home/njm/MESA/mesa/colors/data/stellar_models/Kurucz2003all//flux_cube.bin
 Loaded flux cube with dimensions:          76 x          11 x           9 x        1173
 Performing interpolation at target parameters...
 Interpolation complete
        272   7.616692  1.878E+04   3.167664   3.167664   4.998079   4.433399   0.000013   0.000899   0.242800  -2.956191    974      2
 3.3520E+00   7.616692   0.543002 -20.738057   2.004269 -10.223601   0.564680   0.998630   0.000011   0.001400   0.084018      3
 7.5012E+07   2.344219   3.135900 -99.000000 -99.000000  -9.033417   0.000000   0.000016   0.000146   0.001357  0.000E+00    lg_XH_cntr

 Loading precomputed flux cube from:/home/njm/MESA/mesa/colors/data/stellar_models/Kurucz2003all//flux_cube.bin
 Loaded flux cube with dimensions:          76 x          11 x           9 x        1173
 Performing interpolation at target parameters...
 Interpolation complete
        273   7.615416  1.876E+04   3.167940   3.167940   4.998079   4.433399   0.000011   0.000899   0.242800  -2.931108    977      2
 3.4312E+00   7.615416   0.544535 -20.771829   2.004524 -10.222102   0.564680   0.998632   0.000011   0.001400   0.084834      3
 7.5015E+07   2.352988   3.137077 -99.000000 -99.000000  -9.035711   0.000000   0.000015   0.000146   0.001357  0.000E+00  max increase

 Loading precomputed flux cube from:/home/njm/MESA/mesa/colors/data/stellar_models/Kurucz2003all//flux_cube.bin
 Loaded flux cube with dimensions:          76 x          11 x           9 x        1173
 Performing interpolation at target parameters...
 Interpolation complete
        274   7.613934  1.874E+04   3.168369   3.168369   4.998079   4.433399   0.000009   0.000899   0.242800  -2.902452    985      2
 3.5104E+00   7.613934   0.546363 -20.808803   2.004928 -10.220004   0.564680   0.998634   0.000011   0.001400   0.085779      3
 7.5018E+07   2.362964   3.138618 -99.000000 -99.000000  -9.038414   0.000000   0.000015   0.000146   0.001357  0.000E+00    lg_XH_cntr

 Loading precomputed flux cube from:/home/njm/MESA/mesa/colors/data/stellar_models/Kurucz2003all//flux_cube.bin
 Loaded flux cube with dimensions:          76 x          11 x           9 x        1173
 Performing interpolation at target parameters...
 Interpolation complete
        275   7.612780  1.872E+04   3.168802   3.168802   4.998078   4.433398   0.000008   0.000899   0.242800  -2.878988    988      2
 3.4432E+00   7.612780   0.547912 -20.839249   2.005340 -10.217165   0.564680   0.998635   0.000011   0.001400   0.086554      3
 7.5021E+07   2.371218   3.140007 -12.643260 -99.000000  -9.040684   0.000000   0.000015   0.000146   0.001357  0.000E+00    lg_XH_cntr

 Loading precomputed flux cube from:/home/njm/MESA/mesa/colors/data/stellar_models/Kurucz2003all//flux_cube.bin
 Loaded flux cube with dimensions:          76 x          11 x           9 x        1173
 Performing interpolation at target parameters...
 Interpolation complete
        276   7.611774  1.871E+04   3.169251   3.169251   4.998078   4.433398   0.000007   0.000899   0.242800  -2.857864    989      2
 3.4139E+00   7.611774   0.549337 -20.865178   2.005770 -10.214553   0.564680   0.998636   0.000011   0.001400   0.087254      3
 7.5024E+07   2.378694   3.141338 -99.000000 -99.000000  -9.042758   0.000000   0.000015   0.000146   0.001357  0.000E+00    lg_XH_cntr

 Loading precomputed flux cube from:/home/njm/MESA/mesa/colors/data/stellar_models/Kurucz2003all//flux_cube.bin
 Loaded flux cube with dimensions:          76 x          11 x           9 x        1173
 Performing interpolation at target parameters...
 Interpolation complete
        277   7.610825  1.869E+04   3.169708   3.169708   4.998078   4.433398   0.000007   0.000899   0.242800  -2.838041    992      2
 3.4007E+00   7.610825   0.550692 -20.889478   2.006209 -10.212018   0.564680   0.998636   0.000011   0.001400   0.087917      3
 7.5026E+07   2.385700   3.142641 -99.000000 -99.000000  -9.044722   0.000000   0.000015   0.000146   0.001357  0.000E+00    lg_XH_cntr

 Loading precomputed flux cube from:/home/njm/MESA/mesa/colors/data/stellar_models/Kurucz2003all//flux_cube.bin
 Loaded flux cube with dimensions:          76 x          11 x           9 x        1173
 Performing interpolation at target parameters...
 Interpolation complete
        278   7.609929  1.868E+04   3.170171   3.170171   4.998078   4.433398   0.000006   0.000899   0.242800  -2.819060    994      2
 3.3963E+00   7.609929   0.552001 -20.912404   2.006653 -10.209514   0.564680   0.998637   0.000011   0.001400   0.088554      3
 7.5029E+07   2.392424   3.143926 -99.000000 -99.000000  -9.046614   0.000000   0.000015   0.000146   0.001357  0.000E+00    lg_XH_cntr

 Loading precomputed flux cube from:/home/njm/MESA/mesa/colors/data/stellar_models/Kurucz2003all//flux_cube.bin
 Loaded flux cube with dimensions:          76 x          11 x           9 x        1173
 Performing interpolation at target parameters...
 Interpolation complete
        279   7.608909  1.866E+04   3.170721   3.170721   4.998078   4.433398   0.000005   0.000899   0.242800  -2.797173    995      2
 3.4755E+00   7.608909   0.553521 -20.938432   2.007182 -10.207030   0.564680   0.998638   0.000011   0.001400   0.089294      3
 7.5032E+07   2.400193   3.145439 -99.000000 -99.000000  -9.048806   0.000000   0.000015   0.000146   0.001357  0.000E+00  max increase

 Loading precomputed flux cube from:/home/njm/MESA/mesa/colors/data/stellar_models/Kurucz2003all//flux_cube.bin
 Loaded flux cube with dimensions:          76 x          11 x           9 x        1173
 Performing interpolation at target parameters...
 Interpolation complete

__________________________________________________________________________________________________________________________________________________

       step    lg_Tmax     Teff     lg_LH      lg_Lnuc_tot     Mass       H_rich     H_cntr     N_cntr     Y_surf   eta_cntr   zones  retry
  lg_dt_yrs    lg_Tcntr    lg_R     lg_L3a     lg_Lneu     lg_Mdot    He_core    He_cntr    O_cntr     Z_surf   gam_cntr   iters  
    age_yrs    lg_Dcntr    lg_L     lg_LZ      lg_Lphoto   lg_Dsurf   CO_core    C_cntr     Ne_cntr    Z_cntr   v_div_cs       dt_limit
__________________________________________________________________________________________________________________________________________________

        280   7.607751  1.864E+04   3.171357   3.171357   4.998078   4.433398   0.000004   0.000899   0.242800  -2.772083    995      2
 3.5547E+00   7.607751   0.555267 -20.967979   2.007793 -10.204095   0.564680   0.998639   0.000011   0.001400   0.090147      3
 7.5035E+07   2.409111   3.147189 -99.000000 -99.000000  -9.051321   0.000000   0.000015   0.000146   0.001357  0.000E+00    lg_XH_cntr

 Loading precomputed flux cube from:/home/njm/MESA/mesa/colors/data/stellar_models/Kurucz2003all//flux_cube.bin
 Loaded flux cube with dimensions:          76 x          11 x           9 x        1173
 Performing interpolation at target parameters...
 Interpolation complete
        281   7.606807  1.863E+04   3.171886   3.171886   4.998077   4.433397   0.000004   0.000899   0.242800  -2.751481    995      2
 3.4850E+00   7.606807   0.556698 -20.991933   2.008302 -10.200694   0.564680   0.998639   0.000011   0.001400   0.090853      3
 7.5038E+07   2.416442   3.148625 -99.000000 -99.000000  -9.053383   0.000000   0.000015   0.000146   0.001357  0.000E+00    lg_XH_cntr

 Loading precomputed flux cube from:/home/njm/MESA/mesa/colors/data/stellar_models/Kurucz2003all//flux_cube.bin
 Loaded flux cube with dimensions:          76 x          11 x           9 x        1173
 Performing interpolation at target parameters...
 Interpolation complete
        282   7.605961  1.861E+04   3.172358   3.172358   4.998077   4.433397   0.000003   0.000899   0.242800  -2.732960    997      2
 3.4531E+00   7.605961   0.557978 -21.013330   2.008756 -10.197901   0.564680   0.998640   0.000011   0.001400   0.091492      3
 7.5041E+07   2.423032   3.149904 -99.000000 -99.000000  -9.055229   0.000000   0.000015   0.000146   0.001357  0.000E+00    lg_XH_cntr

 Loading precomputed flux cube from:/home/njm/MESA/mesa/colors/data/stellar_models/Kurucz2003all//flux_cube.bin
 Loaded flux cube with dimensions:          76 x          11 x           9 x        1173
 Performing interpolation at target parameters...
 Interpolation complete
        283   7.605178  1.860E+04   3.172805   3.172805   4.998077   4.433397   0.000003   0.000899   0.242800  -2.715636    995      2
 3.4378E+00   7.605178   0.559169 -21.032955   2.009185 -10.195419   0.564680   0.998640   0.000011   0.001400   0.092093      3
 7.5044E+07   2.429206   3.151082 -99.000000 -99.000000  -9.056949   0.000000   0.000015   0.000146   0.001357  0.000E+00    lg_XH_cntr

 Loading precomputed flux cube from:/home/njm/MESA/mesa/colors/data/stellar_models/Kurucz2003all//flux_cube.bin
 Loaded flux cube with dimensions:          76 x          11 x           9 x        1173
 Performing interpolation at target parameters...
 Interpolation complete
        284   7.604427  1.859E+04   3.173207   3.173207   4.998077   4.433397   0.000003   0.000899   0.242800  -2.699071   1000      2
 3.4315E+00   7.604427   0.560299 -21.051971   2.009571 -10.193137   0.564680   0.998640   0.000011   0.001400   0.092671      3
 7.5047E+07   2.435102   3.152188 -12.166139 -99.000000  -9.058586   0.000000   0.000015   0.000146   0.001357  0.000E+00    lg_XH_cntr

 Loading precomputed flux cube from:/home/njm/MESA/mesa/colors/data/stellar_models/Kurucz2003all//flux_cube.bin
 Loaded flux cube with dimensions:          76 x          11 x           9 x        1173
 Performing interpolation at target parameters...
 Interpolation complete
        285   7.603712  1.858E+04   3.173596   3.173596   4.998077   4.433397   0.000002   0.000899   0.242800  -2.683044   1000      2
 3.4301E+00   7.603712   0.561384 -21.069611   2.009944 -10.191002   0.564680   0.998641   0.000011   0.001400   0.093232      3
 7.5049E+07   2.440824   3.153235 -99.000000 -99.000000  -9.060161   0.000000   0.000015   0.000146   0.001357  0.000E+00    lg_XH_cntr

 Loading precomputed flux cube from:/home/njm/MESA/mesa/colors/data/stellar_models/Kurucz2003all//flux_cube.bin
 Loaded flux cube with dimensions:          76 x          11 x           9 x        1173
 Performing interpolation at target parameters...
 Interpolation complete
        286   7.602893  1.856E+04   3.174028   3.174028   4.998076   4.433396   0.000002   0.000899   0.242800  -2.664484   1000      2
 3.5093E+00   7.602893   0.562630 -21.089708   2.010357 -10.188987   0.564680   0.998641   0.000011   0.001400   0.093885      3
 7.5053E+07   2.447460   3.154415 -99.000000 -99.000000  -9.061976   0.000000   0.000015   0.000146   0.001357  0.000E+00  max increase

 Loading precomputed flux cube from:/home/njm/MESA/mesa/colors/data/stellar_models/Kurucz2003all//flux_cube.bin
 Loaded flux cube with dimensions:          76 x          11 x           9 x        1173
 Performing interpolation at target parameters...
 Interpolation complete
        287   7.601963  1.855E+04   3.174502   3.174502   4.998076   4.433396   0.000002   0.000899   0.242800  -2.643114   1002      2
 3.5885E+00   7.601963   0.564050 -21.112332   2.010810 -10.186732   0.564680   0.998641   0.000011   0.001400   0.094641      3
 7.5056E+07   2.455116   3.155727 -11.740170 -99.000000  -9.064053   0.000000   0.000015   0.000146   0.001357  0.000E+00    lg_XH_cntr

 Loading precomputed flux cube from:/home/njm/MESA/mesa/colors/data/stellar_models/Kurucz2003all//flux_cube.bin
 Loaded flux cube with dimensions:          76 x          11 x           9 x        1173
 Performing interpolation at target parameters...
 Interpolation complete
        288   7.601208  1.853E+04   3.174884   3.174884   4.998076   4.433396   0.000002   0.000899   0.242800  -2.625536   1006      2
 3.5181E+00   7.601208   0.565207 -21.130495   2.011174 -10.184240   0.564680   0.998641   0.000011   0.001400   0.095265      3
 7.5060E+07   2.461425   3.156777 -99.000000 -99.000000  -9.065753   0.000000   0.000015   0.000146   0.001357  0.000E+00    lg_XH_cntr

 Loading precomputed flux cube from:/home/njm/MESA/mesa/colors/data/stellar_models/Kurucz2003all//flux_cube.bin
 Loaded flux cube with dimensions:          76 x          11 x           9 x        1173
 Performing interpolation at target parameters...
 Interpolation complete
        289   7.600539  1.852E+04   3.175217   3.175217   4.998076   4.433396   0.000001   0.000899   0.242800  -2.609733   1003      2
 3.4851E+00   7.600539   0.566240 -21.146420   2.011492 -10.182259   0.564680   0.998642   0.000011   0.001400   0.095830      3
 7.5063E+07   2.467108   3.157694 -11.865109 -99.000000  -9.067273   0.000000   0.000015   0.000146   0.001357  0.000E+00    lg_XH_cntr

 Loading precomputed flux cube from:/home/njm/MESA/mesa/colors/data/stellar_models/Kurucz2003all//flux_cube.bin
 Loaded flux cube with dimensions:          76 x          11 x           9 x        1173
 Performing interpolation at target parameters...
 Interpolation complete

__________________________________________________________________________________________________________________________________________________

       step    lg_Tmax     Teff     lg_LH      lg_Lnuc_tot     Mass       H_rich     H_cntr     N_cntr     Y_surf   eta_cntr   zones  retry
  lg_dt_yrs    lg_Tcntr    lg_R     lg_L3a     lg_Lneu     lg_Mdot    He_core    He_cntr    O_cntr     Z_surf   gam_cntr   iters  
    age_yrs    lg_Dcntr    lg_L     lg_LZ      lg_Lphoto   lg_Dsurf   CO_core    C_cntr     Ne_cntr    Z_cntr   v_div_cs       dt_limit
__________________________________________________________________________________________________________________________________________________

        290   7.599919  1.851E+04   3.175514   3.175514   4.998076   4.433396   0.000001   0.000899   0.242800  -2.594952   1009      2
 3.4685E+00   7.599919   0.567199 -21.161006   2.011774 -10.180537   0.564680   0.998642   0.000011   0.001400   0.096359      3
 7.5066E+07   2.472432   3.158531 -12.643260 -99.000000  -9.068690   0.000000   0.000015   0.000146   0.001357  0.000E+00    lg_XH_cntr

 Loading precomputed flux cube from:/home/njm/MESA/mesa/colors/data/stellar_models/Kurucz2003all//flux_cube.bin
 Loaded flux cube with dimensions:          76 x          11 x           9 x        1173
 Performing interpolation at target parameters...
 Interpolation complete
        291   7.599335  1.850E+04   3.175800   3.175800   4.998075   4.433395   0.000001   0.000899   0.242800  -2.580822   1006      2
 3.4609E+00   7.599335   0.568110 -21.174590   2.012046 -10.178978   0.564680   0.998642   0.000011   0.001400   0.096868      3
 7.5069E+07   2.477531   3.159311 -12.041200 -99.000000  -9.070039   0.000000   0.000015   0.000146   0.001357  0.000E+00    lg_XH_cntr

 Loading precomputed flux cube from:/home/njm/MESA/mesa/colors/data/stellar_models/Kurucz2003all//flux_cube.bin
 Loaded flux cube with dimensions:          76 x          11 x           9 x        1173
 Performing interpolation at target parameters...
 Interpolation complete

stop because have dropped below central lower limit for h1
    0.9677940391E-06    0.1000000000E-05

        292   7.598776  1.849E+04   3.176080   3.176080   4.998075   4.433395   0.000001   0.000899   0.242800  -2.567155   1012      2
 3.4580E+00   7.598776   0.568985 -21.187415   2.012312 -10.177533   0.564680   0.998642   0.000011   0.001400   0.097361      3
 7.5072E+07   2.482471   3.160047 -12.166139 -99.000000  -9.071340   0.000000   0.000015   0.000146   0.001357  0.000E+00    lg_XH_cntr

save LOGS/profile7.data for model 292
 Loading precomputed flux cube from:/home/njm/MESA/mesa/colors/data/stellar_models/Kurucz2003all//flux_cube.bin
 Loaded flux cube with dimensions:          76 x          11 x           9 x        1173
 Performing interpolation at target parameters...
 Interpolation complete
                                         solver retries           2

                                    varcontrol dt limit          49
                                  max increase dt limit         202
                                        lgTeff dt limit          33
                                    lgRho_cntr dt limit          24
                                    lg_XH_cntr dt limit          70
                                      XHe_cntr dt limit          58

 model saved to M5_Z0.0014_step_fov0.02_f00.01.mod
save photos/x292 for model 292
termination code: xa_central_lower_limit
pause_before_terminate: hit RETURN to continue
finished custom colors
__________________________________________________________________________________________________________________________________________________

       step    lg_Tmax     Teff     lg_LH      lg_Lnuc_tot     Mass       H_rich     H_cntr     N_cntr     Y_surf   eta_cntr   zones  retry
  lg_dt_yrs    lg_Tcntr    lg_R     lg_L3a     lg_Lneu     lg_Mdot    He_core    He_cntr    O_cntr     Z_surf   gam_cntr   iters  
    age_yrs    lg_Dcntr    lg_L     lg_LZ      lg_Lphoto   lg_Dsurf   CO_core    C_cntr     Ne_cntr    Z_cntr   v_div_cs       dt_limit
__________________________________________________________________________________________________________________________________________________

        292   7.598776  1.849E+04   3.176080   3.176080   4.998075   4.433395   0.000001   0.000899   0.242800  -2.567155   1012      2
 3.4580E+00   7.598776   0.568985 -21.187415   2.012312 -10.177533   0.564680   0.998642   0.000011   0.001400   0.097361      3
 7.5072E+07   2.482471   3.160047 -12.166139 -99.000000  -9.071340   0.000000   0.000015   0.000146   0.001357  0.000E+00  max increase

