 reading user weak rate file /home/njm/MESA/mesa-2025-summerschool-prerelease/data/rates_data/rate_tables/S13_r_be7_wk_li7.h5
 version_number 5d9f195f
 read inlist_project
 Extras startup routine
 DEBUG: colors_handle =            1
 DEBUG: colors instrument = /colors/data/filters/GAIA/GAIA
 DEBUG: colors vega_sed = /colors/data/stellar_models/vega_flam.csv
 DEBUG: colors stellar_atm = /colors/data/stellar_models/Kurucz2003all/
 DEBUG: colors metallicity =   0.57999999999999996     
 DEBUG: colors distance =    30857000000000000.     
 DEBUG: colors make_csv =  F
 DEBUG: colors use_colors =  T


 The terminal output contains the following information

      'step' is the number of steps since the start of the run,
      'lg_dt' is log10 timestep in years,
      'age_yr' is the simulated years since the start run,
      'lg_Tcntr' is log10 center temperature (K),
      'lg_Dcntr' is log10 center density (g/cm^3),
      'lg_Tmax' is log10 max temperature (K),
      'Teff' is the surface temperature (K),
      'lg_R' is log10 surface radius (Rsun),
      'lg_L' is log10 surface luminosity (Lsun),
      'lg_LH' is log10 total PP and CNO hydrogen burning power (Lsun),
      'lg_L3a' is log10 total triple-alpha helium burning power (Lsun),
      'lg_gsurf' is log10 surface gravity,
      'lg_Lnuc' is log10 nuclear power (Lsun),
      'lg_Lneu' is log10 total neutrino power (Lsun),
      'lg_Lphoto' is log10 total photodisintegration (Lsun),
      'Mass' is the total stellar baryonic mass (Msun),
      'lg_Mdot' is log10 magnitude of rate of change of mass (Msun/year),
      'lg_Dsurf' is log10 surface density (g/cm^3),
      'H_env' is the amount of mass where H is dominant,
      'He_core' is the largest mass where He is dominant.
      'CO_core' is the largest mass where CO is dominant.
      'H_cntr' is the center H1 mass fraction,
      'He_cntr' is the center He4 mass fraction,
      'C_cntr' is the center C12 mass fraction,
      'N_cntr' is the center N14 mass fraction,
      'O_cntr' is the center O16 mass fraction,
      'Ne_cntr' is the center Ne20 mass fraction,
      'gam_cntr' is the center plasma interaction parameter,
      'eta_cntr' is the center electron degeneracy parameter,
      'zones' is the number of zones in the current model,
      'iters' is the number of solver iterations for the current step,
      'retry' is the number of step retries required during the run,
      'dt_limit' is an indication of what limited the timestep.

 All this and more are saved in the LOGS directory during the run.
 create pre-main-sequence model
                                          species  mass           8    1.0000000000000000D+01

                                        relax_num_steps         100

 hydro_solver_step returned ierr          -1
 s% model_number           1
 nz        1140
 s% num_retries           0

 retry: get_T_tau -- L <= 0       1
          1   5.479611   3430.849 -21.663585 -21.663585  10.000000  10.000000   0.718000   0.000707   0.268000 -12.292119   1140      1
-5.3010E+00   5.479611   2.373131 -99.000000 -23.061453 -99.000000   0.000000   0.268000   0.006566   0.014000   0.016877      9
 5.0000E-06  -5.144821   3.842562 -99.000000 -99.000000  -8.151803   0.000000   0.002413   0.001460   0.014000  0.000E+00         retry

          2   5.478404   3493.765 -21.663703 -21.663703  10.000000  10.000000   0.718000   0.000707   0.268000 -12.290373    640      1
-5.0000E+00   5.478404   2.373275 -99.000000 -23.061571 -99.000000   0.000000   0.268000   0.006566   0.014000   0.016910      3
 1.5000E-05  -5.145871   3.874418 -99.000000 -99.000000  -8.196919   0.000000   0.002413   0.001460   0.014000  0.000E+00  max increase

          3   5.478316   3525.390 -21.663768 -21.663768  10.000000  10.000000   0.718000   0.000707   0.268000 -12.289341    443      1
-5.0000E+00   5.478316   2.373375 -99.000000 -23.061636 -99.000000   0.000000   0.268000   0.006566   0.014000   0.016918      3
 2.5000E-05  -5.145556   3.890273 -99.000000 -99.000000  -8.221217   0.000000   0.002413   0.001460   0.014000  0.000E+00        max_dt

          4   5.478219   3548.778 -21.663788 -21.663788  10.000000  10.000000   0.718000   0.000707   0.268000 -12.288643    442      1
-5.0000E+00   5.478219   2.373452 -99.000000 -23.061657 -99.000000   0.000000   0.268000   0.006566   0.014000   0.016924      3
 3.5000E-05  -5.145397   3.901914 -99.000000 -99.000000  -8.239003   0.000000   0.002413   0.001460   0.014000  0.000E+00        max_dt

          5   5.478141   3567.568 -21.663804 -21.663804  10.000000  10.000000   0.718000   0.000707   0.268000 -12.288089    460      1
-5.0000E+00   5.478141   2.373513 -99.000000 -23.061672 -99.000000   0.000000   0.268000   0.006566   0.014000   0.016928      3
 4.5000E-05  -5.145274   3.911208 -99.000000 -99.000000  -8.252993   0.000000   0.002413   0.001460   0.014000  0.000E+00        max_dt

          6   5.478071   3583.462 -21.663817 -21.663817  10.000000  10.000000   0.718000   0.000707   0.268000 -12.287613    437      1
-5.0000E+00   5.478071   2.373563 -99.000000 -23.061685 -99.000000   0.000000   0.268000   0.006566   0.014000   0.016933      3
 5.5000E-05  -5.145172   3.919030 -37.327719 -99.000000  -8.264599   0.000000   0.002413   0.001460   0.014000  0.000E+00        max_dt

          7   5.478008   3597.170 -21.663827 -21.663827  10.000000  10.000000   0.718000   0.000707   0.268000 -12.287185    456      1
-5.0000E+00   5.478008   2.373605 -99.000000 -23.061695 -99.000000   0.000000   0.268000   0.006566   0.014000   0.016936      3
 6.5000E-05  -5.145081   3.925747 -99.000000 -99.000000  -8.274446   0.000000   0.002413   0.001460   0.014000  0.000E+00        max_dt

          8   5.477948   3609.254 -21.663836 -21.663836  10.000000  10.000000   0.718000   0.000707   0.268000 -12.286793    441      1
-5.0000E+00   5.477948   2.373642 -99.000000 -23.061704 -99.000000   0.000000   0.268000   0.006566   0.014000   0.016940      3
 7.5000E-05  -5.145000   3.931647 -99.000000 -99.000000  -8.283007   0.000000   0.002413   0.001460   0.014000  0.000E+00        max_dt

          9   5.477881   3620.038 -21.663844 -21.663844  10.000000  10.000000   0.718000   0.000707   0.268000 -12.286365    457      1
-5.0000E+00   5.477881   2.373674 -99.000000 -23.061712 -99.000000   0.000000   0.268000   0.006566   0.014000   0.016943      3
 8.5000E-05  -5.144915   3.936894 -99.000000 -99.000000  -8.290554   0.000000   0.002413   0.001460   0.014000  0.000E+00        max_dt


__________________________________________________________________________________________________________________________________________________

       step    lg_Tmax     Teff     lg_LH      lg_Lnuc_tot     Mass       H_rich     H_cntr     N_cntr     Y_surf   eta_cntr   zones  retry
  lg_dt_yrs    lg_Tcntr    lg_R     lg_L3a     lg_Lneu     lg_Mdot    He_core    He_cntr    O_cntr     Z_surf   gam_cntr   iters  
    age_yrs    lg_Dcntr    lg_L     lg_LZ      lg_Lphoto   lg_Dsurf   CO_core    C_cntr     Ne_cntr    Z_cntr   v_div_cs       dt_limit
__________________________________________________________________________________________________________________________________________________

         10   5.477821   3629.780 -21.663850 -21.663850  10.000000  10.000000   0.718000   0.000707   0.268000 -12.285981    444      1
-5.0000E+00   5.477821   2.373703 -99.000000 -23.061718 -99.000000   0.000000   0.268000   0.006566   0.014000   0.016947      3
 9.5000E-05  -5.144838   3.941620 -99.000000 -99.000000  -8.297300   0.000000   0.002413   0.001460   0.014000  0.000E+00        max_dt

         11   5.477769   3638.620 -21.663856 -21.663856  10.000000  10.000000   0.718000   0.000707   0.268000 -12.285651    459      1
-5.0000E+00   5.477769   2.373728 -99.000000 -23.061724 -99.000000   0.000000   0.268000   0.006566   0.014000   0.016950      3
 1.0500E-04  -5.144772   3.945898 -37.026689 -99.000000  -8.303364   0.000000   0.002413   0.001460   0.014000  0.000E+00        max_dt

         12   5.477725   3646.702 -21.663861 -21.663861  10.000000  10.000000   0.718000   0.000707   0.268000 -12.285370    459      1
-5.0000E+00   5.477725   2.373752 -99.000000 -23.061730 -99.000000   0.000000   0.268000   0.006566   0.014000   0.016952      3
 1.1500E-04  -5.144716   3.949798 -99.000000 -99.000000  -8.308860   0.000000   0.002413   0.001460   0.014000  0.000E+00        max_dt

         13   5.477688   3654.101 -21.663866 -21.663866  10.000000  10.000000   0.718000   0.000707   0.268000 -12.285131    459      1
-5.0000E+00   5.477688   2.373773 -99.000000 -23.061734 -99.000000   0.000000   0.268000   0.006566   0.014000   0.016954      3
 1.2500E-04  -5.144669   3.953362 -99.000000 -99.000000  -8.313852   0.000000   0.002413   0.001460   0.014000  0.000E+00        max_dt

         14   5.477655   3660.894 -21.663870 -21.663870  10.000000  10.000000   0.718000   0.000707   0.268000 -12.284925    459      1
-5.0000E+00   5.477655   2.373792 -99.000000 -23.061738 -99.000000   0.000000   0.268000   0.006566   0.014000   0.016956      3
 1.3500E-04  -5.144628   3.956626 -99.000000 -99.000000  -8.318403   0.000000   0.002413   0.001460   0.014000  0.000E+00        max_dt

         15   5.477648   3667.139 -21.663874 -21.663874  10.000000  10.000000   0.718000   0.000707   0.268000 -12.284747    459      1
-5.0000E+00   5.477627   2.373809 -99.000000 -23.061742 -99.000000   0.000000   0.268000   0.006566   0.014000   0.016957      3
 1.4500E-04  -5.144592   3.959622 -99.000000 -99.000000  -8.322558   0.000000   0.002413   0.001460   0.014000  0.000E+00        max_dt

         16   5.477648   3672.883 -21.663877 -21.663877  10.000000  10.000000   0.718000   0.000707   0.268000 -12.284593    459      1
-5.0000E+00   5.477603   2.373825 -99.000000 -23.061746 -99.000000   0.000000   0.268000   0.006566   0.014000   0.016959      3
 1.5500E-04  -5.144561   3.962372 -99.000000 -99.000000  -8.326357   0.000000   0.002413   0.001460   0.014000  0.000E+00        max_dt

         17   5.477648   3678.168 -21.663881 -21.663881  10.000000  10.000000   0.718000   0.000707   0.268000 -12.284457    458      1
-5.0000E+00   5.477582   2.373840 -99.000000 -23.061749 -99.000000   0.000000   0.268000   0.006566   0.014000   0.016960      3
 1.6500E-04  -5.144535   3.964899 -99.000000 -99.000000  -8.329833   0.000000   0.002413   0.001460   0.014000  0.000E+00        max_dt

         18   5.477648   3683.030 -21.663883 -21.663883  10.000000  10.000000   0.718000   0.000707   0.268000 -12.284338    457      1
-5.0000E+00   5.477563   2.373853 -99.000000 -23.061751 -99.000000   0.000000   0.268000   0.006566   0.014000   0.016961      3
 1.7500E-04  -5.144511   3.967220 -99.000000 -99.000000  -8.333014   0.000000   0.002413   0.001460   0.014000  0.000E+00        max_dt

         19   5.477648   3687.499 -21.663886 -21.663886  10.000000  10.000000   0.718000   0.000707   0.268000 -12.284233    457      1
-5.0000E+00   5.477547   2.373865 -99.000000 -23.061754 -99.000000   0.000000   0.268000   0.006566   0.014000   0.016962      3
 1.8500E-04  -5.144490   3.969351 -99.000000 -99.000000  -8.335923   0.000000   0.002413   0.001460   0.014000  0.000E+00        max_dt


__________________________________________________________________________________________________________________________________________________

       step    lg_Tmax     Teff     lg_LH      lg_Lnuc_tot     Mass       H_rich     H_cntr     N_cntr     Y_surf   eta_cntr   zones  retry
  lg_dt_yrs    lg_Tcntr    lg_R     lg_L3a     lg_Lneu     lg_Mdot    He_core    He_cntr    O_cntr     Z_surf   gam_cntr   iters  
    age_yrs    lg_Dcntr    lg_L     lg_LZ      lg_Lphoto   lg_Dsurf   CO_core    C_cntr     Ne_cntr    Z_cntr   v_div_cs       dt_limit
__________________________________________________________________________________________________________________________________________________

         20   5.477648   3691.605 -21.663888 -21.663888  10.000000  10.000000   0.718000   0.000707   0.268000 -12.284139    457      1
-5.0000E+00   5.477532   2.373875 -99.000000 -23.061756 -99.000000   0.000000   0.268000   0.006566   0.014000   0.016963      3
 1.9500E-04  -5.144471   3.971305 -99.000000 -99.000000  -8.338584   0.000000   0.002413   0.001460   0.014000  0.000E+00        max_dt

         21   5.477648   3695.372 -21.663890 -21.663890  10.000000  10.000000   0.718000   0.000707   0.268000 -12.284055    457      1
-5.0000E+00   5.477519   2.373885 -99.000000 -23.061758 -99.000000   0.000000   0.268000   0.006566   0.014000   0.016963      3
 2.0500E-04  -5.144454   3.973096 -99.000000 -99.000000  -8.341015   0.000000   0.002413   0.001460   0.014000  0.000E+00        max_dt

         22   5.477648   3698.823 -21.663892 -21.663892  10.000000  10.000000   0.718000   0.000707   0.268000 -12.283979    457      1
-5.0000E+00   5.477507   2.373894 -99.000000 -23.061760 -99.000000   0.000000   0.268000   0.006566   0.014000   0.016964      3
 2.1500E-04  -5.144439   3.974736 -99.000000 -99.000000  -8.343235   0.000000   0.002413   0.001460   0.014000  0.000E+00        max_dt

         23   5.477647   3701.982 -21.663893 -21.663893  10.000000  10.000000   0.718000   0.000707   0.268000 -12.283911    457      1
-5.0000E+00   5.477496   2.373902 -99.000000 -23.061761 -99.000000   0.000000   0.268000   0.006566   0.014000   0.016965      3
 2.2500E-04  -5.144426   3.976235 -99.000000 -99.000000  -8.345258   0.000000   0.002413   0.001460   0.014000  0.000E+00        max_dt

         24   5.477647   3704.866 -21.663895 -21.663895  10.000000  10.000000   0.718000   0.000707   0.268000 -12.283848    457      1
-5.0000E+00   5.477487   2.373909 -99.000000 -23.061763 -99.000000   0.000000   0.268000   0.006566   0.014000   0.016965      3
 2.3500E-04  -5.144413   3.977602 -99.000000 -99.000000  -8.347100   0.000000   0.002413   0.001460   0.014000  0.000E+00        max_dt

         25   5.477647   3707.494 -21.663896 -21.663896  10.000000  10.000000   0.718000   0.000707   0.268000 -12.283792    454      1
-5.0000E+00   5.477478   2.373916 -99.000000 -23.061764 -99.000000   0.000000   0.268000   0.006566   0.014000   0.016966      3
 2.4500E-04  -5.144402   3.978847 -99.000000 -99.000000  -8.348774   0.000000   0.002413   0.001460   0.014000  0.000E+00        max_dt

         26   5.477647   3709.882 -21.663897 -21.663897  10.000000  10.000000   0.718000   0.000707   0.268000 -12.283740    454      1
-5.0000E+00   5.477470   2.373922 -99.000000 -23.061765 -99.000000   0.000000   0.268000   0.006566   0.014000   0.016966      3
 2.5500E-04  -5.144392   3.979977 -99.000000 -99.000000  -8.350290   0.000000   0.002413   0.001460   0.014000  0.000E+00        max_dt

         27   5.477647   3712.045 -21.663898 -21.663898  10.000000  10.000000   0.718000   0.000707   0.268000 -12.283693    454      1
-5.0000E+00   5.477462   2.373927 -99.000000 -23.061766 -99.000000   0.000000   0.268000   0.006566   0.014000   0.016967      3
 2.6500E-04  -5.144382   3.981000 -99.000000 -99.000000  -8.351661   0.000000   0.002413   0.001460   0.014000  0.000E+00        max_dt

         28   5.477647   3713.998 -21.663899 -21.663899  10.000000  10.000000   0.718000   0.000707   0.268000 -12.283650    454      1
-5.0000E+00   5.477455   2.373931 -99.000000 -23.061767 -99.000000   0.000000   0.268000   0.006566   0.014000   0.016967      3
 2.7500E-04  -5.144374   3.981923 -99.000000 -99.000000  -8.352895   0.000000   0.002413   0.001460   0.014000  0.000E+00        max_dt

         29   5.477647   3715.755 -21.663900 -21.663900  10.000000  10.000000   0.718000   0.000707   0.268000 -12.283610    454      1
-5.0000E+00   5.477449   2.373935 -99.000000 -23.061768 -99.000000   0.000000   0.268000   0.006566   0.014000   0.016967      3
 2.8500E-04  -5.144366   3.982753 -99.000000 -99.000000  -8.354003   0.000000   0.002413   0.001460   0.014000  0.000E+00        max_dt


__________________________________________________________________________________________________________________________________________________

       step    lg_Tmax     Teff     lg_LH      lg_Lnuc_tot     Mass       H_rich     H_cntr     N_cntr     Y_surf   eta_cntr   zones  retry
  lg_dt_yrs    lg_Tcntr    lg_R     lg_L3a     lg_Lneu     lg_Mdot    He_core    He_cntr    O_cntr     Z_surf   gam_cntr   iters  
    age_yrs    lg_Dcntr    lg_L     lg_LZ      lg_Lphoto   lg_Dsurf   CO_core    C_cntr     Ne_cntr    Z_cntr   v_div_cs       dt_limit
__________________________________________________________________________________________________________________________________________________

         30   5.477647   3717.329 -21.663900 -21.663900  10.000000  10.000000   0.718000   0.000707   0.268000 -12.283573    456      1
-5.0000E+00   5.477443   2.373939 -99.000000 -23.061768 -99.000000   0.000000   0.268000   0.006566   0.014000   0.016968      3
 2.9500E-04  -5.144358   3.983495 -37.327719 -99.000000  -8.354994   0.000000   0.002413   0.001460   0.014000  0.000E+00        max_dt

         31   5.477647   3718.733 -21.663901 -21.663901  10.000000  10.000000   0.718000   0.000707   0.268000 -12.283539    456      1
-5.0000E+00   5.477438   2.373942 -99.000000 -23.061769 -99.000000   0.000000   0.268000   0.006566   0.014000   0.016968      3
 3.0500E-04  -5.144351   3.984158 -99.000000 -99.000000  -8.355877   0.000000   0.002413   0.001460   0.014000  0.000E+00        max_dt

         32   5.477647   3719.980 -21.663901 -21.663901  10.000000  10.000000   0.718000   0.000707   0.268000 -12.283507    456      1
-5.0000E+00   5.477433   2.373945 -99.000000 -23.061769 -99.000000   0.000000   0.268000   0.006566   0.014000   0.016968      3
 3.1500E-04  -5.144345   3.984745 -99.000000 -99.000000  -8.356659   0.000000   0.002413   0.001460   0.014000  0.000E+00        max_dt

         33   5.477647   3721.079 -21.663901 -21.663901  10.000000  10.000000   0.718000   0.000707   0.268000 -12.283478    456      1
-5.0000E+00   5.477429   2.373947 -99.000000 -23.061770 -99.000000   0.000000   0.268000   0.006566   0.014000   0.016968      3
 3.2500E-04  -5.144339   3.985263 -37.327719 -99.000000  -8.357349   0.000000   0.002413   0.001460   0.014000  0.000E+00        max_dt

         34   5.477647   3722.042 -21.663902 -21.663902  10.000000  10.000000   0.718000   0.000707   0.268000 -12.283451    456      1
-5.0000E+00   5.477424   2.373949 -99.000000 -23.061770 -99.000000   0.000000   0.268000   0.006566   0.014000   0.016969      3
 3.3500E-04  -5.144334   3.985716 -99.000000 -99.000000  -8.357951   0.000000   0.002413   0.001460   0.014000  0.000E+00        max_dt

         35   5.477647   3722.879 -21.663902 -21.663902  10.000000  10.000000   0.718000   0.000707   0.268000 -12.283425    456      1
-5.0000E+00   5.477420   2.373950 -99.000000 -23.061770 -99.000000   0.000000   0.268000   0.006566   0.014000   0.016969      3
 3.4500E-04  -5.144328   3.986110 -99.000000 -99.000000  -8.358474   0.000000   0.002413   0.001460   0.014000  0.000E+00        max_dt

         36   5.477647   3723.597 -21.663902 -21.663902  10.000000  10.000000   0.718000   0.000707   0.268000 -12.283401    456      1
-5.0000E+00   5.477417   2.373952 -99.000000 -23.061770 -99.000000   0.000000   0.268000   0.006566   0.014000   0.016969      3
 3.5500E-04  -5.144324   3.986447 -99.000000 -99.000000  -8.358923   0.000000   0.002413   0.001460   0.014000  0.000E+00        max_dt

         37   5.477647   3724.205 -21.663902 -21.663902  10.000000  10.000000   0.718000   0.000707   0.268000 -12.283379    456      1
-5.0000E+00   5.477413   2.373953 -99.000000 -23.061770 -99.000000   0.000000   0.268000   0.006566   0.014000   0.016969      3
 3.6500E-04  -5.144319   3.986733 -99.000000 -99.000000  -8.359302   0.000000   0.002413   0.001460   0.014000  0.000E+00        max_dt

         38   5.477647   3724.711 -21.663902 -21.663902  10.000000  10.000000   0.718000   0.000707   0.268000 -12.283358    455      1
-5.0000E+00   5.477410   2.373953 -99.000000 -23.061770 -99.000000   0.000000   0.268000   0.006566   0.014000   0.016969      3
 3.7500E-04  -5.144315   3.986970 -37.026689 -99.000000  -8.359618   0.000000   0.002413   0.001460   0.014000  0.000E+00        max_dt

         39   5.477647   3725.121 -21.663902 -21.663902  10.000000  10.000000   0.718000   0.000707   0.268000 -12.283338    455      1
-5.0000E+00   5.477407   2.373954 -99.000000 -23.061770 -99.000000   0.000000   0.268000   0.006566   0.014000   0.016970      3
 3.8500E-04  -5.144311   3.987162 -99.000000 -99.000000  -8.359873   0.000000   0.002413   0.001460   0.014000  0.000E+00        max_dt


__________________________________________________________________________________________________________________________________________________

       step    lg_Tmax     Teff     lg_LH      lg_Lnuc_tot     Mass       H_rich     H_cntr     N_cntr     Y_surf   eta_cntr   zones  retry
  lg_dt_yrs    lg_Tcntr    lg_R     lg_L3a     lg_Lneu     lg_Mdot    He_core    He_cntr    O_cntr     Z_surf   gam_cntr   iters  
    age_yrs    lg_Dcntr    lg_L     lg_LZ      lg_Lphoto   lg_Dsurf   CO_core    C_cntr     Ne_cntr    Z_cntr   v_div_cs       dt_limit
__________________________________________________________________________________________________________________________________________________

         40   5.477647   3725.442 -21.663902 -21.663902  10.000000  10.000000   0.718000   0.000707   0.268000 -12.283320    457      1
-5.0000E+00   5.477404   2.373954 -99.000000 -23.061770 -99.000000   0.000000   0.268000   0.006566   0.014000   0.016970      3
 3.9500E-04  -5.144307   3.987313 -99.000000 -99.000000  -8.360073   0.000000   0.002413   0.001460   0.014000  0.000E+00        max_dt

         41   5.477647   3725.680 -21.663902 -21.663902  10.000000  10.000000   0.718000   0.000707   0.268000 -12.283303    457      1
-5.0000E+00   5.477401   2.373954 -99.000000 -23.061770 -99.000000   0.000000   0.268000   0.006566   0.014000   0.016970      3
 4.0500E-04  -5.144304   3.987424 -99.000000 -99.000000  -8.360221   0.000000   0.002413   0.001460   0.014000  0.000E+00        max_dt

         42   5.477648   3725.842 -21.663901 -21.663901  10.000000  10.000000   0.718000   0.000707   0.268000 -12.283286    457      1
-5.0000E+00   5.477399   2.373954 -99.000000 -23.061770 -99.000000   0.000000   0.268000   0.006566   0.014000   0.016970      3
 4.1500E-04  -5.144300   3.987499 -37.327719 -99.000000  -8.360321   0.000000   0.002413   0.001460   0.014000  0.000E+00        max_dt

         43   5.477648   3725.932 -21.663901 -21.663901  10.000000  10.000000   0.718000   0.000707   0.268000 -12.283271    457      1
-5.0000E+00   5.477397   2.373953 -99.000000 -23.061769 -99.000000   0.000000   0.268000   0.006566   0.014000   0.016970      3
 4.2500E-04  -5.144297   3.987540 -37.327719 -99.000000  -8.360376   0.000000   0.002413   0.001460   0.014000  0.000E+00        max_dt

         44   5.477648   3725.956 -21.663901 -21.663901  10.000000  10.000000   0.718000   0.000707   0.268000 -12.283256    457      1
-5.0000E+00   5.477394   2.373953 -99.000000 -23.061769 -99.000000   0.000000   0.268000   0.006566   0.014000   0.016970      3
 4.3500E-04  -5.144294   3.987550 -99.000000 -99.000000  -8.360390   0.000000   0.002413   0.001460   0.014000  0.000E+00        max_dt

         45   5.477722   3725.920 -21.664214 -21.664214  10.000000  10.000000   0.718000   0.000707   0.268000 -12.283185    456      1
-5.0000E+00   5.477467   2.373951 -99.000000 -23.062082 -99.000000   0.000000   0.268000   0.006566   0.014000   0.016969      3
 4.4500E-04  -5.144155   3.987530 -37.327719 -99.000000  -8.360366   0.000000   0.002413   0.001460   0.014000  0.000E+00        max_dt

         46   5.477722   3725.825 -21.664213 -21.664213  10.000000  10.000000   0.718000   0.000707   0.268000 -12.283172    456      1
-5.0000E+00   5.477465   2.373950 -99.000000 -23.062082 -99.000000   0.000000   0.268000   0.006566   0.014000   0.016969      3
 4.5500E-04  -5.144152   3.987484 -99.000000 -99.000000  -8.360306   0.000000   0.002413   0.001460   0.014000  0.000E+00        max_dt

         47   5.477722   3725.677 -21.664213 -21.664213  10.000000  10.000000   0.718000   0.000707   0.268000 -12.283159    456      1
-5.0000E+00   5.477463   2.373949 -99.000000 -23.062081 -99.000000   0.000000   0.268000   0.006566   0.014000   0.016970      3
 4.6500E-04  -5.144149   3.987413 -99.000000 -99.000000  -8.360213   0.000000   0.002413   0.001460   0.014000  0.000E+00        max_dt

         48   5.477722   3725.479 -21.664213 -21.664213  10.000000  10.000000   0.718000   0.000707   0.268000 -12.283148    456      1
-5.0000E+00   5.477461   2.373948 -99.000000 -23.062081 -99.000000   0.000000   0.268000   0.006566   0.014000   0.016970      3
 4.7500E-04  -5.144147   3.987319 -99.000000 -99.000000  -8.360089   0.000000   0.002413   0.001460   0.014000  0.000E+00        max_dt

         49   5.477722   3725.236 -21.664213 -21.664213  10.000000  10.000000   0.718000   0.000707   0.268000 -12.283137    456      1
-5.0000E+00   5.477459   2.373947 -99.000000 -23.062081 -99.000000   0.000000   0.268000   0.006566   0.014000   0.016970      3
 4.8500E-04  -5.144145   3.987203 -37.327719 -99.000000  -8.359936   0.000000   0.002413   0.001460   0.014000  0.000E+00        max_dt


__________________________________________________________________________________________________________________________________________________

       step    lg_Tmax     Teff     lg_LH      lg_Lnuc_tot     Mass       H_rich     H_cntr     N_cntr     Y_surf   eta_cntr   zones  retry
  lg_dt_yrs    lg_Tcntr    lg_R     lg_L3a     lg_Lneu     lg_Mdot    He_core    He_cntr    O_cntr     Z_surf   gam_cntr   iters  
    age_yrs    lg_Dcntr    lg_L     lg_LZ      lg_Lphoto   lg_Dsurf   CO_core    C_cntr     Ne_cntr    Z_cntr   v_div_cs       dt_limit
__________________________________________________________________________________________________________________________________________________

         50   5.477722   3724.951 -21.664213 -21.664213  10.000000  10.000000   0.718000   0.000707   0.268000 -12.283126    456      1
-5.0000E+00   5.477458   2.373946 -99.000000 -23.062081 -99.000000   0.000000   0.268000   0.006566   0.014000   0.016970      3
 4.9500E-04  -5.144142   3.987067 -99.000000 -99.000000  -8.359758   0.000000   0.002413   0.001460   0.014000  0.000E+00        max_dt

         51   5.477722   3724.627 -21.664212 -21.664212  10.000000  10.000000   0.718000   0.000707   0.268000 -12.283116    456      1
-5.0000E+00   5.477456   2.373944 -99.000000 -23.062081 -99.000000   0.000000   0.268000   0.006566   0.014000   0.016970      3
 5.0500E-04  -5.144140   3.986913 -99.000000 -99.000000  -8.359554   0.000000   0.002413   0.001460   0.014000  0.000E+00        max_dt

         52   5.477722   3724.267 -21.664212 -21.664212  10.000000  10.000000   0.718000   0.000707   0.268000 -12.283107    456      1
-5.0000E+00   5.477455   2.373943 -99.000000 -23.062080 -99.000000   0.000000   0.268000   0.006566   0.014000   0.016970      3
 5.1500E-04  -5.144138   3.986742 -99.000000 -99.000000  -8.359329   0.000000   0.002413   0.001460   0.014000  0.000E+00        max_dt

         53   5.477723   3723.874 -21.664212 -21.664212  10.000000  10.000000   0.718000   0.000707   0.268000 -12.283097    456      1
-5.0000E+00   5.477454   2.373941 -99.000000 -23.062080 -99.000000   0.000000   0.268000   0.006566   0.014000   0.016970      3
 5.2500E-04  -5.144136   3.986556 -99.000000 -99.000000  -8.359082   0.000000   0.002413   0.001460   0.014000  0.000E+00        max_dt

         54   5.477723   3723.450 -21.664211 -21.664211  10.000000  10.000000   0.718000   0.000707   0.268000 -12.283089    456      1
-5.0000E+00   5.477452   2.373939 -99.000000 -23.062080 -99.000000   0.000000   0.268000   0.006566   0.014000   0.016970      3
 5.3500E-04  -5.144135   3.986355 -37.327719 -99.000000  -8.358817   0.000000   0.002413   0.001460   0.014000  0.000E+00        max_dt

         55   5.477723   3722.999 -21.664211 -21.664211  10.000000  10.000000   0.718000   0.000707   0.268000 -12.283081    456      1
-5.0000E+00   5.477451   2.373938 -99.000000 -23.062079 -99.000000   0.000000   0.268000   0.006566   0.014000   0.016970      3
 5.4500E-04  -5.144133   3.986141 -99.000000 -99.000000  -8.358533   0.000000   0.002413   0.001460   0.014000  0.000E+00        max_dt

         56   5.477723   3722.521 -21.664211 -21.664211  10.000000  10.000000   0.718000   0.000707   0.268000 -12.283073    455      1
-5.0000E+00   5.477450   2.373936 -99.000000 -23.062079 -99.000000   0.000000   0.268000   0.006566   0.014000   0.016970      3
 5.5500E-04  -5.144131   3.985915 -99.000000 -99.000000  -8.358234   0.000000   0.002413   0.001460   0.014000  0.000E+00        max_dt

         57   5.477723   3722.021 -21.664210 -21.664210  10.000000  10.000000   0.718000   0.000707   0.268000 -12.283065    455      1
-5.0000E+00   5.477449   2.373934 -99.000000 -23.062078 -99.000000   0.000000   0.268000   0.006566   0.014000   0.016970      3
 5.6500E-04  -5.144130   3.985677 -99.000000 -99.000000  -8.357920   0.000000   0.002413   0.001460   0.014000  0.000E+00        max_dt

         58   5.477723   3721.498 -21.664210 -21.664210  10.000000  10.000000   0.718000   0.000707   0.268000 -12.283058    455      1
-5.0000E+00   5.477448   2.373932 -99.000000 -23.062078 -99.000000   0.000000   0.268000   0.006566   0.014000   0.016970      3
 5.7500E-04  -5.144128   3.985430 -99.000000 -99.000000  -8.357592   0.000000   0.002413   0.001460   0.014000  0.000E+00        max_dt

         59   5.477723   3720.956 -21.664210 -21.664210  10.000000  10.000000   0.718000   0.000707   0.268000 -12.283051    455      1
-5.0000E+00   5.477447   2.373930 -99.000000 -23.062078 -99.000000   0.000000   0.268000   0.006566   0.014000   0.016971      3
 5.8500E-04  -5.144127   3.985173 -37.327719 -99.000000  -8.357251   0.000000   0.002413   0.001460   0.014000  0.000E+00        max_dt


__________________________________________________________________________________________________________________________________________________

       step    lg_Tmax     Teff     lg_LH      lg_Lnuc_tot     Mass       H_rich     H_cntr     N_cntr     Y_surf   eta_cntr   zones  retry
  lg_dt_yrs    lg_Tcntr    lg_R     lg_L3a     lg_Lneu     lg_Mdot    He_core    He_cntr    O_cntr     Z_surf   gam_cntr   iters  
    age_yrs    lg_Dcntr    lg_L     lg_LZ      lg_Lphoto   lg_Dsurf   CO_core    C_cntr     Ne_cntr    Z_cntr   v_div_cs       dt_limit
__________________________________________________________________________________________________________________________________________________

         60   5.477723   3720.395 -21.664209 -21.664209  10.000000  10.000000   0.718000   0.000707   0.268000 -12.283044    455      1
-5.0000E+00   5.477446   2.373929 -99.000000 -23.062077 -99.000000   0.000000   0.268000   0.006566   0.014000   0.016971      3
 5.9500E-04  -5.144125   3.984907 -99.000000 -99.000000  -8.356899   0.000000   0.002413   0.001460   0.014000  0.000E+00        max_dt

         61   5.477723   3719.818 -21.664209 -21.664209  10.000000  10.000000   0.718000   0.000707   0.268000 -12.283038    455      1
-5.0000E+00   5.477445   2.373927 -99.000000 -23.062077 -99.000000   0.000000   0.268000   0.006566   0.014000   0.016971      3
 6.0500E-04  -5.144124   3.984634 -37.327719 -99.000000  -8.356536   0.000000   0.002413   0.001460   0.014000  0.000E+00        max_dt

         62   5.477723   3719.227 -21.664208 -21.664208  10.000000  10.000000   0.718000   0.000707   0.268000 -12.283032    455      1
-5.0000E+00   5.477444   2.373925 -99.000000 -23.062076 -99.000000   0.000000   0.268000   0.006566   0.014000   0.016971      3
 6.1500E-04  -5.144122   3.984354 -99.000000 -99.000000  -8.356164   0.000000   0.002413   0.001460   0.014000  0.000E+00        max_dt

         63   5.477723   3718.623 -21.664208 -21.664208  10.000000  10.000000   0.718000   0.000707   0.268000 -12.283026    455      1
-5.0000E+00   5.477443   2.373923 -99.000000 -23.062076 -99.000000   0.000000   0.268000   0.006566   0.014000   0.016971      3
 6.2500E-04  -5.144121   3.984067 -99.000000 -99.000000  -8.355784   0.000000   0.002413   0.001460   0.014000  0.000E+00        max_dt

         64   5.477723   3718.007 -21.664207 -21.664207  10.000000  10.000000   0.718000   0.000707   0.268000 -12.283021    455      1
-5.0000E+00   5.477442   2.373921 -99.000000 -23.062075 -99.000000   0.000000   0.268000   0.006566   0.014000   0.016971      3
 6.3500E-04  -5.144120   3.983775 -99.000000 -99.000000  -8.355396   0.000000   0.002413   0.001460   0.014000  0.000E+00        max_dt

         65   5.477723   3717.380 -21.664207 -21.664207  10.000000  10.000000   0.718000   0.000707   0.268000 -12.283015    455      1
-5.0000E+00   5.477441   2.373918 -99.000000 -23.062075 -99.000000   0.000000   0.268000   0.006566   0.014000   0.016971      3
 6.4500E-04  -5.144119   3.983479 -99.000000 -99.000000  -8.355001   0.000000   0.002413   0.001460   0.014000  0.000E+00        max_dt

         66   5.477723   3716.745 -21.664206 -21.664206  10.000000  10.000000   0.718000   0.000707   0.268000 -12.283010    455      1
-5.0000E+00   5.477441   2.373916 -99.000000 -23.062074 -99.000000   0.000000   0.268000   0.006566   0.014000   0.016971      3
 6.5500E-04  -5.144118   3.983178 -99.000000 -99.000000  -8.354600   0.000000   0.002413   0.001460   0.014000  0.000E+00        max_dt

         67   5.477723   3716.102 -21.664206 -21.664206  10.000000  10.000000   0.718000   0.000707   0.268000 -12.283005    455      1
-5.0000E+00   5.477440   2.373914 -99.000000 -23.062074 -99.000000   0.000000   0.268000   0.006566   0.014000   0.016971      3
 6.6500E-04  -5.144117   3.982873 -99.000000 -99.000000  -8.354195   0.000000   0.002413   0.001460   0.014000  0.000E+00        max_dt

         68   5.477723   3715.452 -21.664205 -21.664205  10.000000  10.000000   0.718000   0.000707   0.268000 -12.283000    455      1
-5.0000E+00   5.477439   2.373912 -99.000000 -23.062073 -99.000000   0.000000   0.268000   0.006566   0.014000   0.016971      3
 6.7500E-04  -5.144116   3.982565 -99.000000 -99.000000  -8.353784   0.000000   0.002413   0.001460   0.014000  0.000E+00        max_dt

         69   5.477723   3714.797 -21.664205 -21.664205  10.000000  10.000000   0.718000   0.000707   0.268000 -12.282996    457      1
-5.0000E+00   5.477439   2.373910 -99.000000 -23.062073 -99.000000   0.000000   0.268000   0.006566   0.014000   0.016971      3
 6.8500E-04  -5.144115   3.982254 -99.000000 -99.000000  -8.353370   0.000000   0.002413   0.001460   0.014000  0.000E+00        max_dt


__________________________________________________________________________________________________________________________________________________

       step    lg_Tmax     Teff     lg_LH      lg_Lnuc_tot     Mass       H_rich     H_cntr     N_cntr     Y_surf   eta_cntr   zones  retry
  lg_dt_yrs    lg_Tcntr    lg_R     lg_L3a     lg_Lneu     lg_Mdot    He_core    He_cntr    O_cntr     Z_surf   gam_cntr   iters  
    age_yrs    lg_Dcntr    lg_L     lg_LZ      lg_Lphoto   lg_Dsurf   CO_core    C_cntr     Ne_cntr    Z_cntr   v_div_cs       dt_limit
__________________________________________________________________________________________________________________________________________________

         70   5.477723   3714.136 -21.664204 -21.664204  10.000000  10.000000   0.718000   0.000707   0.268000 -12.282991    457      1
-5.0000E+00   5.477438   2.373908 -99.000000 -23.062072 -99.000000   0.000000   0.268000   0.006566   0.014000   0.016971      3
 6.9500E-04  -5.144114   3.981941 -99.000000 -99.000000  -8.352953   0.000000   0.002413   0.001460   0.014000  0.000E+00        max_dt

         71   5.477724   3713.472 -21.664204 -21.664204  10.000000  10.000000   0.718000   0.000707   0.268000 -12.282987    457      1
-5.0000E+00   5.477438   2.373906 -99.000000 -23.062072 -99.000000   0.000000   0.268000   0.006566   0.014000   0.016971      3
 7.0500E-04  -5.144113   3.981626 -99.000000 -99.000000  -8.352532   0.000000   0.002413   0.001460   0.014000  0.000E+00        max_dt

         72   5.477724   3712.804 -21.664203 -21.664203  10.000000  10.000000   0.718000   0.000707   0.268000 -12.282983    457      1
-5.0000E+00   5.477437   2.373904 -99.000000 -23.062071 -99.000000   0.000000   0.268000   0.006566   0.014000   0.016971      3
 7.1500E-04  -5.144112   3.981310 -99.000000 -99.000000  -8.352110   0.000000   0.002413   0.001460   0.014000  0.000E+00        max_dt

         73   5.477724   3712.135 -21.664203 -21.664203  10.000000  10.000000   0.718000   0.000707   0.268000 -12.282979    457      1
-5.0000E+00   5.477436   2.373902 -99.000000 -23.062071 -99.000000   0.000000   0.268000   0.006566   0.014000   0.016971      3
 7.2500E-04  -5.144111   3.980992 -99.000000 -99.000000  -8.351686   0.000000   0.002413   0.001460   0.014000  0.000E+00        max_dt

         74   5.477724   3711.465 -21.664202 -21.664202  10.000000  10.000000   0.718000   0.000707   0.268000 -12.282975    457      1
-5.0000E+00   5.477436   2.373900 -99.000000 -23.062070 -99.000000   0.000000   0.268000   0.006566   0.014000   0.016971      3
 7.3500E-04  -5.144110   3.980674 -99.000000 -99.000000  -8.351261   0.000000   0.002413   0.001460   0.014000  0.000E+00        max_dt

         75   5.477724   3710.794 -21.664202 -21.664202  10.000000  10.000000   0.718000   0.000707   0.268000 -12.282972    457      1
-5.0000E+00   5.477435   2.373898 -99.000000 -23.062070 -99.000000   0.000000   0.268000   0.006566   0.014000   0.016971      3
 7.4500E-04  -5.144109   3.980356 -99.000000 -99.000000  -8.350836   0.000000   0.002413   0.001460   0.014000  0.000E+00        max_dt

         76   5.477724   3710.123 -21.664201 -21.664201  10.000000  10.000000   0.718000   0.000707   0.268000 -12.282968    457      1
-5.0000E+00   5.477435   2.373896 -99.000000 -23.062069 -99.000000   0.000000   0.268000   0.006566   0.014000   0.016971      3
 7.5500E-04  -5.144108   3.980038 -37.327719 -99.000000  -8.350410   0.000000   0.002413   0.001460   0.014000  0.000E+00        max_dt

         77   5.477724   3709.453 -21.664200 -21.664200  10.000000  10.000000   0.718000   0.000707   0.268000 -12.282965    457      1
-5.0000E+00   5.477434   2.373894 -99.000000 -23.062069 -99.000000   0.000000   0.268000   0.006566   0.014000   0.016971      3
 7.6500E-04  -5.144108   3.979720 -99.000000 -99.000000  -8.349984   0.000000   0.002413   0.001460   0.014000  0.000E+00        max_dt

         78   5.477724   3708.783 -21.664200 -21.664200  10.000000  10.000000   0.718000   0.000707   0.268000 -12.282962    457      1
-5.0000E+00   5.477434   2.373892 -99.000000 -23.062068 -99.000000   0.000000   0.268000   0.006566   0.014000   0.016971      3
 7.7500E-04  -5.144107   3.979403 -99.000000 -99.000000  -8.349559   0.000000   0.002413   0.001460   0.014000  0.000E+00        max_dt

         79   5.477724   3708.116 -21.664199 -21.664199  10.000000  10.000000   0.718000   0.000707   0.268000 -12.282958    457      1
-5.0000E+00   5.477434   2.373890 -99.000000 -23.062068 -99.000000   0.000000   0.268000   0.006566   0.014000   0.016971      3
 7.8500E-04  -5.144106   3.979086 -99.000000 -99.000000  -8.349134   0.000000   0.002413   0.001460   0.014000  0.000E+00        max_dt


__________________________________________________________________________________________________________________________________________________

       step    lg_Tmax     Teff     lg_LH      lg_Lnuc_tot     Mass       H_rich     H_cntr     N_cntr     Y_surf   eta_cntr   zones  retry
  lg_dt_yrs    lg_Tcntr    lg_R     lg_L3a     lg_Lneu     lg_Mdot    He_core    He_cntr    O_cntr     Z_surf   gam_cntr   iters  
    age_yrs    lg_Dcntr    lg_L     lg_LZ      lg_Lphoto   lg_Dsurf   CO_core    C_cntr     Ne_cntr    Z_cntr   v_div_cs       dt_limit
__________________________________________________________________________________________________________________________________________________

         80   5.477724   3707.449 -21.664199 -21.664199  10.000000  10.000000   0.718000   0.000707   0.268000 -12.282955    457      1
-5.0000E+00   5.477433   2.373888 -99.000000 -23.062067 -99.000000   0.000000   0.268000   0.006566   0.014000   0.016971      3
 7.9500E-04  -5.144105   3.978770 -99.000000 -99.000000  -8.348710   0.000000   0.002413   0.001460   0.014000  0.000E+00        max_dt

         81   5.477724   3706.785 -21.664198 -21.664198  10.000000  10.000000   0.718000   0.000707   0.268000 -12.282952    457      1
-5.0000E+00   5.477433   2.373886 -99.000000 -23.062066 -99.000000   0.000000   0.268000   0.006566   0.014000   0.016971      3
 8.0500E-04  -5.144105   3.978454 -99.000000 -99.000000  -8.348287   0.000000   0.002413   0.001460   0.014000  0.000E+00        max_dt

         82   5.477724   3706.123 -21.664198 -21.664198  10.000000  10.000000   0.718000   0.000707   0.268000 -12.282949    457      1
-5.0000E+00   5.477432   2.373884 -99.000000 -23.062066 -99.000000   0.000000   0.268000   0.006566   0.014000   0.016971      3
 8.1500E-04  -5.144104   3.978140 -99.000000 -99.000000  -8.347865   0.000000   0.002413   0.001460   0.014000  0.000E+00        max_dt

         83   5.477724   3705.464 -21.664197 -21.664197  10.000000  10.000000   0.718000   0.000707   0.268000 -12.282947    456      1
-5.0000E+00   5.477432   2.373882 -99.000000 -23.062065 -99.000000   0.000000   0.268000   0.006566   0.014000   0.016971      3
 8.2500E-04  -5.144103   3.977827 -99.000000 -99.000000  -8.347445   0.000000   0.002413   0.001460   0.014000  0.000E+00        max_dt

         84   5.477724   3704.807 -21.664197 -21.664197  10.000000  10.000000   0.718000   0.000707   0.268000 -12.282944    456      1
-5.0000E+00   5.477432   2.373880 -99.000000 -23.062065 -99.000000   0.000000   0.268000   0.006566   0.014000   0.016971      3
 8.3500E-04  -5.144103   3.977515 -99.000000 -99.000000  -8.347025   0.000000   0.002413   0.001460   0.014000  0.000E+00        max_dt

         85   5.477724   3704.152 -21.664196 -21.664196  10.000000  10.000000   0.718000   0.000707   0.268000 -12.282941    456      1
-5.0000E+00   5.477431   2.373878 -99.000000 -23.062064 -99.000000   0.000000   0.268000   0.006566   0.014000   0.016971      3
 8.4500E-04  -5.144102   3.977205 -99.000000 -99.000000  -8.346608   0.000000   0.002413   0.001460   0.014000  0.000E+00        max_dt

         86   5.477724   3703.501 -21.664195 -21.664195  10.000000  10.000000   0.718000   0.000707   0.268000 -12.282939    456      1
-5.0000E+00   5.477431   2.373876 -99.000000 -23.062064 -99.000000   0.000000   0.268000   0.006566   0.014000   0.016971      3
 8.5500E-04  -5.144101   3.976895 -99.000000 -99.000000  -8.346192   0.000000   0.002413   0.001460   0.014000  0.000E+00        max_dt

         87   5.477724   3702.853 -21.664195 -21.664195  10.000000  10.000000   0.718000   0.000707   0.268000 -12.282936    456      1
-5.0000E+00   5.477431   2.373874 -99.000000 -23.062063 -99.000000   0.000000   0.268000   0.006566   0.014000   0.016971      3
 8.6500E-04  -5.144101   3.976587 -99.000000 -99.000000  -8.345777   0.000000   0.002413   0.001460   0.014000  0.000E+00        max_dt

         88   5.477725   3702.209 -21.664194 -21.664194  10.000000  10.000000   0.718000   0.000707   0.268000 -12.282934    456      1
-5.0000E+00   5.477430   2.373872 -99.000000 -23.062063 -99.000000   0.000000   0.268000   0.006566   0.014000   0.016971      3
 8.7500E-04  -5.144100   3.976281 -99.000000 -99.000000  -8.345365   0.000000   0.002413   0.001460   0.014000  0.000E+00        max_dt

         89   5.477725   3701.568 -21.664194 -21.664194  10.000000  10.000000   0.718000   0.000707   0.268000 -12.282932    456      1
-5.0000E+00   5.477430   2.373870 -99.000000 -23.062062 -99.000000   0.000000   0.268000   0.006566   0.014000   0.016972      3
 8.8500E-04  -5.144100   3.975977 -99.000000 -99.000000  -8.344955   0.000000   0.002413   0.001460   0.014000  0.000E+00        max_dt


__________________________________________________________________________________________________________________________________________________

       step    lg_Tmax     Teff     lg_LH      lg_Lnuc_tot     Mass       H_rich     H_cntr     N_cntr     Y_surf   eta_cntr   zones  retry
  lg_dt_yrs    lg_Tcntr    lg_R     lg_L3a     lg_Lneu     lg_Mdot    He_core    He_cntr    O_cntr     Z_surf   gam_cntr   iters  
    age_yrs    lg_Dcntr    lg_L     lg_LZ      lg_Lphoto   lg_Dsurf   CO_core    C_cntr     Ne_cntr    Z_cntr   v_div_cs       dt_limit
__________________________________________________________________________________________________________________________________________________

         90   5.477725   3700.931 -21.664193 -21.664193  10.000000  10.000000   0.718000   0.000707   0.268000 -12.282929    456      1
-5.0000E+00   5.477430   2.373868 -99.000000 -23.062061 -99.000000   0.000000   0.268000   0.006566   0.014000   0.016972      3
 8.9500E-04  -5.144099   3.975674 -37.327719 -99.000000  -8.344547   0.000000   0.002413   0.001460   0.014000  0.000E+00        max_dt

         91   5.477725   3700.298 -21.664193 -21.664193  10.000000  10.000000   0.718000   0.000707   0.268000 -12.282927    456      1
-5.0000E+00   5.477429   2.373867 -99.000000 -23.062061 -99.000000   0.000000   0.268000   0.006566   0.014000   0.016972      3
 9.0500E-04  -5.144099   3.975373 -99.000000 -99.000000  -8.344141   0.000000   0.002413   0.001460   0.014000  0.000E+00        max_dt

         92   5.477725   3699.669 -21.664192 -21.664192  10.000000  10.000000   0.718000   0.000707   0.268000 -12.282925    456      1
-5.0000E+00   5.477429   2.373865 -99.000000 -23.062060 -99.000000   0.000000   0.268000   0.006566   0.014000   0.016972      3
 9.1500E-04  -5.144098   3.975075 -99.000000 -99.000000  -8.343738   0.000000   0.002413   0.001460   0.014000  0.000E+00        max_dt

         93   5.477725   3699.045 -21.664192 -21.664192  10.000000  10.000000   0.718000   0.000707   0.268000 -12.282923    456      1
-5.0000E+00   5.477429   2.373863 -99.000000 -23.062060 -99.000000   0.000000   0.268000   0.006566   0.014000   0.016972      3
 9.2500E-04  -5.144098   3.974778 -99.000000 -99.000000  -8.343337   0.000000   0.002413   0.001460   0.014000  0.000E+00        max_dt

         94   5.477725   3698.426 -21.664191 -21.664191  10.000000  10.000000   0.718000   0.000707   0.268000 -12.282921    456      1
-5.0000E+00   5.477429   2.373861 -99.000000 -23.062059 -99.000000   0.000000   0.268000   0.006566   0.014000   0.016972      3
 9.3500E-04  -5.144097   3.974484 -99.000000 -99.000000  -8.342940   0.000000   0.002413   0.001460   0.014000  0.000E+00        max_dt

         95   5.477725   3697.812 -21.664190 -21.664190  10.000000  10.000000   0.718000   0.000707   0.268000 -12.282919    456      1
-5.0000E+00   5.477428   2.373859 -99.000000 -23.062059 -99.000000   0.000000   0.268000   0.006566   0.014000   0.016972      3
 9.4500E-04  -5.144097   3.974192 -99.000000 -99.000000  -8.342545   0.000000   0.002413   0.001460   0.014000  0.000E+00        max_dt

         96   5.477725   3697.202 -21.664190 -21.664190  10.000000  10.000000   0.718000   0.000707   0.268000 -12.282917    456      1
-5.0000E+00   5.477428   2.373858 -99.000000 -23.062058 -99.000000   0.000000   0.268000   0.006566   0.014000   0.016972      3
 9.5500E-04  -5.144096   3.973902 -99.000000 -99.000000  -8.342153   0.000000   0.002413   0.001460   0.014000  0.000E+00        max_dt

         97   5.477725   3696.598 -21.664189 -21.664189  10.000000  10.000000   0.718000   0.000707   0.268000 -12.282915    456      1
-5.0000E+00   5.477428   2.373856 -99.000000 -23.062057 -99.000000   0.000000   0.268000   0.006566   0.014000   0.016972      3
 9.6500E-04  -5.144096   3.973615 -99.000000 -99.000000  -8.341764   0.000000   0.002413   0.001460   0.014000  0.000E+00        max_dt

         98   5.477725   3695.999 -21.664189 -21.664189  10.000000  10.000000   0.718000   0.000707   0.268000 -12.282914    456      1
-5.0000E+00   5.477428   2.373854 -99.000000 -23.062057 -99.000000   0.000000   0.268000   0.006566   0.014000   0.016972      3
 9.7500E-04  -5.144095   3.973330 -99.000000 -99.000000  -8.341378   0.000000   0.002413   0.001460   0.014000  0.000E+00        max_dt

         99   5.477725   3695.405 -21.664188 -21.664188  10.000000  10.000000   0.718000   0.000707   0.268000 -12.282912    456      1
-5.0000E+00   5.477428   2.373853 -99.000000 -23.062056 -99.000000   0.000000   0.268000   0.006566   0.014000   0.016972      3
 9.8500E-04  -5.144095   3.973047 -99.000000 -99.000000  -8.340996   0.000000   0.002413   0.001460   0.014000  0.000E+00        max_dt


__________________________________________________________________________________________________________________________________________________

       step    lg_Tmax     Teff     lg_LH      lg_Lnuc_tot     Mass       H_rich     H_cntr     N_cntr     Y_surf   eta_cntr   zones  retry
  lg_dt_yrs    lg_Tcntr    lg_R     lg_L3a     lg_Lneu     lg_Mdot    He_core    He_cntr    O_cntr     Z_surf   gam_cntr   iters  
    age_yrs    lg_Dcntr    lg_L     lg_LZ      lg_Lphoto   lg_Dsurf   CO_core    C_cntr     Ne_cntr    Z_cntr   v_div_cs       dt_limit
__________________________________________________________________________________________________________________________________________________

        100   5.477725   3694.816 -21.664188 -21.664188  10.000000  10.000000   0.718000   0.000707   0.268000 -12.282910    458      1
-5.0000E+00   5.477427   2.373851 -99.000000 -23.062056 -99.000000   0.000000   0.268000   0.006566   0.014000   0.016972      3
 9.9500E-04  -5.144094   3.972767 -37.327719 -99.000000  -8.340617   0.000000   0.002413   0.001460   0.014000  0.000E+00        max_dt


 finished doing relax num steps


                                relax_to_radiative_core

          1   5.477725   3694.233 -21.664187 -21.664187  10.000000  10.000000   0.718000   0.000707   0.268000 -12.282909    458      0
-5.0000E+00   5.477427   2.373850 -99.000000 -23.062055 -99.000000   0.000000   0.268000   0.006566   0.014000   0.016972      3
 1.0000E-05  -5.144094   3.972490 -99.000000 -99.000000  -8.340241   0.000000   0.002413   0.001460   0.014000  0.000E+00        max_dt

           waiting for fully convective core to develop           1    1.8234612592222619D-02
          2   5.477725   3693.090 -21.664186 -21.664186  10.000000  10.000000   0.718000   0.000707   0.268000 -12.282905    458      0
-4.6990E+00   5.477427   2.373846 -99.000000 -23.062054 -99.000000   0.000000   0.268000   0.006566   0.014000   0.016972      3
 3.0000E-05  -5.144093   3.971946 -99.000000 -99.000000  -8.339503   0.000000   0.002413   0.001460   0.014000  0.000E+00  max increase

           waiting for fully convective core to develop           2    1.7176304720161110D-03
          3   5.477726   3690.895 -21.664184 -21.664184  10.000000  10.000000   0.718000   0.000707   0.268000 -12.282900    458      0
-4.3979E+00   5.477426   2.373841 -99.000000 -23.062052 -99.000000   0.000000   0.268000   0.006566   0.014000   0.016972      3
 7.0000E-05  -5.144092   3.970902 -99.000000 -99.000000  -8.338083   0.000000   0.002413   0.001460   0.014000  0.000E+00  max increase

           waiting for fully convective core to develop           3    1.7176305002173803D-03
          4   5.477726   3686.857 -21.664180 -21.664180  10.000000  10.000000   0.718000   0.000707   0.268000 -12.282890    458      0
-4.0969E+00   5.477425   2.373830 -99.000000 -23.062048 -99.000000   0.000000   0.268000   0.006566   0.014000   0.016972      3
 1.5000E-04  -5.144089   3.968979 -99.000000 -99.000000  -8.335465   0.000000   0.002413   0.001460   0.014000  0.000E+00  max increase

           waiting for fully convective core to develop           4    1.7176306237974045D-03
          5   5.477727   3680.056 -21.664171 -21.664171  10.000000  10.000000   0.718000   0.000707   0.268000 -12.282877    458      0
-3.7959E+00   5.477424   2.373815 -99.000000 -23.062040 -99.000000   0.000000   0.268000   0.006566   0.014000   0.016972      3
 3.1000E-04  -5.144085   3.965741 -99.000000 -99.000000  -8.331032   0.000000   0.002413   0.001460   0.014000  0.000E+00  max increase

           waiting for fully convective core to develop           5    1.7176310795374552D-03
          6   5.477728   3670.343 -21.664157 -21.664157  10.000000  10.000000   0.718000   0.000707   0.268000 -12.282860    458      0
-3.4949E+00   5.477423   2.373799 -99.000000 -23.062025 -99.000000   0.000000   0.268000   0.006566   0.014000   0.016972      3
 6.3000E-04  -5.144080   3.961118 -99.000000 -99.000000  -8.324656   0.000000   0.002413   0.001460   0.014000  0.000E+00  max increase

           waiting for fully convective core to develop           6    1.7176324987985903D-03
          7   5.477730   3659.926 -21.664130 -21.664130  10.000000  10.000000   0.718000   0.000707   0.268000 -12.282843    458      0
-3.1938E+00   5.477422   2.373803 -99.000000 -23.061998 -99.000000   0.000000   0.268000   0.006566   0.014000   0.016972      3
 1.2700E-03  -5.144072   3.956188 -99.000000 -99.000000  -8.317773   0.000000   0.002413   0.001460   0.014000  0.000E+00  max increase

           waiting for fully convective core to develop           7    1.7176361284157620D-03
          8   5.477733   3653.880 -21.664083 -21.664083  10.000000  10.000000   0.718000   0.000707   0.268000 -12.282829    458      0
-2.8928E+00   5.477424   2.373869 -99.000000 -23.061951 -99.000000   0.000000   0.268000   0.006566   0.014000   0.016972      3
 2.5500E-03  -5.144064   3.953448 -99.000000 -99.000000  -8.313824   0.000000   0.002413   0.001460   0.014000  0.000E+00  max increase

           waiting for fully convective core to develop           8    1.7176436100758360D-03
          9   5.477739   3657.799 -21.663994 -21.663994  10.000000  10.000000   0.718000   0.000707   0.268000 -12.282817    458      0
-2.5918E+00   5.477429   2.374059 -99.000000 -23.061862 -99.000000   0.000000   0.268000   0.006566   0.014000   0.016972      3
 5.1100E-03  -5.144051   3.955691 -99.000000 -99.000000  -8.316681   0.000000   0.002413   0.001460   0.014000  0.000E+00  max increase

           waiting for fully convective core to develop           9    1.7176556451323093D-03

__________________________________________________________________________________________________________________________________________________

       step    lg_Tmax     Teff     lg_LH      lg_Lnuc_tot     Mass       H_rich     H_cntr     N_cntr     Y_surf   eta_cntr   zones  retry
  lg_dt_yrs    lg_Tcntr    lg_R     lg_L3a     lg_Lneu     lg_Mdot    He_core    He_cntr    O_cntr     Z_surf   gam_cntr   iters  
    age_yrs    lg_Dcntr    lg_L     lg_LZ      lg_Lphoto   lg_Dsurf   CO_core    C_cntr     Ne_cntr    Z_cntr   v_div_cs       dt_limit
__________________________________________________________________________________________________________________________________________________

         10   5.477750   3674.252 -21.663824 -21.663824  10.000000  10.000000   0.718000   0.000707   0.268000 -12.282805    458      0
-2.2907E+00   5.477440   2.374444 -99.000000 -23.061692 -99.000000   0.000000   0.268000   0.006566   0.014000   0.016972      3
 1.0230E-02  -5.144031   3.964258 -99.000000 -99.000000  -8.328033   0.000000   0.002413   0.001460   0.014000  0.000E+00  max increase

           waiting for fully convective core to develop          10    1.7176667248867935D-03
         11   5.477769   3701.101 -21.663497 -21.663497  10.000000  10.000000   0.718000   0.000707   0.268000 -12.282786    458      0
-1.9897E+00   5.477460   2.375087 -99.000000 -23.061366 -99.000000   0.000000   0.268000   0.006566   0.014000   0.016972      3
 2.0470E-02  -5.143992   3.978192 -99.000000 -99.000000  -8.346181   0.000000   0.002413   0.001460   0.014000  0.000E+00  max increase

           waiting for fully convective core to develop          11    1.7176401810887532D-03
         12   5.477807   3732.187 -21.662884 -21.662884  10.000000  10.000000   0.718000   0.000707   0.268000 -12.282752    458      0
-1.6887E+00   5.477499   2.376015 -99.000000 -23.060752 -99.000000   0.000000   0.268000   0.006566   0.014000   0.016971      3
 4.0950E-02  -5.143919   3.994577 -99.000000 -99.000000  -8.366813   0.000000   0.002413   0.001460   0.014000  0.000E+00  max increase

           waiting for fully convective core to develop          12    2.7682221077962506D-04
         13   5.477877   3759.922 -21.661742 -21.661742  10.000000  10.000000   0.718000   0.000707   0.268000 -12.282687    458      0
-1.3876E+00   5.477572   2.377166 -99.000000 -23.059610 -99.000000   0.000000   0.268000   0.006566   0.014000   0.016970      3
 8.1910E-02  -5.143780   4.009742 -99.000000 -99.000000  -8.385085   0.000000   0.002413   0.001460   0.014000  0.000E+00  max increase

           waiting for fully convective core to develop          13    3.9725069380479392D-04
         14   5.478014   3779.160 -21.659732 -21.659732  10.000000  10.000000   0.718000   0.000707   0.268000 -12.282560    458      0
-1.0866E+00   5.477715   2.378370 -99.000000 -23.057600 -99.000000   0.000000   0.268000   0.006566   0.014000   0.016968      3
 1.6383E-01  -5.143511   4.021015 -99.000000 -99.000000  -8.397960   0.000000   0.002413   0.001460   0.014000  0.000E+00  max increase

           waiting for fully convective core to develop          14    3.6803322090753969D-04
         15   5.478201   3789.699 -21.656300 -21.656300  10.000000  10.000000   0.718000   0.000707   0.268000 -12.282318    458      0
-7.8558E-01   5.477986   2.379396 -99.000000 -23.054168 -99.000000   0.000000   0.268000   0.006566   0.014000   0.016964      3
 3.2767E-01  -5.143000   4.027904 -99.000000 -99.000000  -8.405342   0.000000   0.002413   0.001460   0.014000  0.000E+00  max increase

           waiting for fully convective core to develop          15    2.3936253693539197D-04
         16   5.478498   3794.662 -21.650409 -21.650409  10.000000  10.000000   0.718000   0.000707   0.268000 -12.281873    459      0
-4.8455E-01   5.478478   2.380025 -99.000000 -23.048277 -99.000000   0.000000   0.268000   0.006566   0.014000   0.016957      3
 6.5535E-01  -5.142069   4.031436 -99.000000 -99.000000  -8.408965   0.000000   0.002413   0.001460   0.014000  0.000E+00  max increase

           waiting for fully convective core to develop          16    1.4895852992565607D-04
         17   5.479344   3796.907 -21.639524 -21.639524  10.000000  10.000000   0.718000   0.000707   0.268000 -12.281073    458      0
-1.8352E-01   5.479344   2.380051 -99.000000 -23.037392 -99.000000   0.000000   0.268000   0.006566   0.014000   0.016945      3
 1.3107E+00  -5.140423   4.032516 -99.000000 -99.000000  -8.410279   0.000000   0.002413   0.001460   0.014000  0.000E+00  max increase

           waiting for fully convective core to develop          17    1.3973453372679944D-04
         18   5.480907   3798.623 -21.618107 -21.618107  10.000000  10.000000   0.718000   0.000707   0.268000 -12.279609    458      0
 1.1751E-01   5.480907   2.379231 -99.000000 -23.015976 -99.000000   0.000000   0.268000   0.006566   0.014000   0.016922      3
 2.6214E+00  -5.137444   4.031661 -99.000000 -99.000000  -8.410250   0.000000   0.002413   0.001460   0.014000  0.000E+00  max increase

           waiting for fully convective core to develop          18    1.3035205326129213D-04
         19   5.483158   3801.172 -21.575626 -21.575626  10.000000  10.000000   0.718000   0.000707   0.268000 -12.272232    458      0
 4.1854E-01   5.483158   2.377153 -99.000000 -22.973494 -99.000000   0.000000   0.268000   0.006566   0.014000   0.016920      3
 5.2429E+00  -5.130866   4.028670 -99.000000 -99.000000  -8.409148   0.000000   0.002413   0.001460   0.014000  0.000E+00  max increase

           waiting for fully convective core to develop          19    4.8807487498056472D-05

__________________________________________________________________________________________________________________________________________________

       step    lg_Tmax     Teff     lg_LH      lg_Lnuc_tot     Mass       H_rich     H_cntr     N_cntr     Y_surf   eta_cntr   zones  retry
  lg_dt_yrs    lg_Tcntr    lg_R     lg_L3a     lg_Lneu     lg_Mdot    He_core    He_cntr    O_cntr     Z_surf   gam_cntr   iters  
    age_yrs    lg_Dcntr    lg_L     lg_LZ      lg_Lphoto   lg_Dsurf   CO_core    C_cntr     Ne_cntr    Z_cntr   v_div_cs       dt_limit
__________________________________________________________________________________________________________________________________________________

         20   5.487423   3806.022 -21.492680 -21.492680  10.000000  10.000000   0.718000   0.000707   0.268000 -12.257398    458      0
 7.1957E-01   5.487423   2.372939 -99.000000 -22.890548 -99.000000   0.000000   0.268000   0.006566   0.014000   0.016921      3
 1.0486E+01  -5.118030   4.022458 -99.000000 -99.000000  -8.406726   0.000000   0.002413   0.001460   0.014000  0.000E+00  max increase

             relative mass of radiative core still tiny          20    7.8125848845811419D-08
         21   5.495574   3816.048 -21.334772 -21.334772  10.000000  10.000000   0.718000   0.000707   0.268000 -12.229183    464      0
 1.0206E+00   5.495574   2.364852 -99.000000 -22.732640 -99.000000   0.000000   0.268000   0.006566   0.014000   0.016921      3
 2.0972E+01  -5.093558   4.010852 -99.000000 -99.000000  -8.402446   0.000000   0.002413   0.001460   0.014000  0.000E+00  max increase

             relative mass of radiative core still tiny          21    7.8125849067856024D-08
         22   5.508711   3830.706 -21.081831 -21.081831  10.000000  10.000000   0.718000   0.000707   0.268000 -12.183700    453      0
 1.2609E+00   5.508711   2.351807 -99.000000 -22.479699 -99.000000   0.000000   0.268000   0.006566   0.014000   0.016921      3
 3.9207E+01  -5.054111   3.991422 -99.000000 -99.000000  -8.394602   0.000000   0.002413   0.001460   0.014000  0.000E+00    varcontrol

             relative mass of radiative core still tiny          22    7.8125848845811419D-08
         23   5.525270   3851.010 -20.765950 -20.765950  10.000000  10.000000   0.718000   0.000707   0.268000 -12.126363    460      0
 1.4022E+00   5.525270   2.335331 -99.000000 -22.163818 -99.000000   0.000000   0.268000   0.006566   0.014000   0.016922      3
 6.4455E+01  -5.004387   3.967654 -99.000000 -99.000000  -8.385465   0.000000   0.002413   0.001460   0.014000  0.000E+00    varcontrol

             relative mass of radiative core still tiny          23    7.8125849067856024D-08
         24   5.543667   3873.365 -20.418924 -20.418924  10.000000  10.000000   0.718000   0.000707   0.268000 -12.062652    464      0
 1.4934E+00   5.543667   2.317000 -99.000000 -21.816792 -99.000000   0.000000   0.268000   0.006566   0.014000   0.016923      3
 9.5598E+01  -4.949142   3.941047 -99.000000 -99.000000  -8.374834   0.000000   0.002413   0.001460   0.014000  0.000E+00    varcontrol

             relative mass of radiative core still tiny          24    7.8125848845811419D-08
         25   5.562874   3894.980 -20.061057 -20.061057  10.000000  10.000000   0.718000   0.000707   0.268000 -11.996143    449      0
 1.5603E+00   5.562874   2.297845 -99.000000 -21.458925 -99.000000   0.000000   0.268000   0.006566   0.014000   0.016923      3
 1.3193E+02  -4.891467   3.912404 -99.000000 -99.000000  -8.362456   0.000000   0.002413   0.001460   0.014000  0.000E+00    varcontrol

             relative mass of radiative core still tiny          25    7.8125849067856024D-08
         26   5.582429   3920.597 -19.701319 -19.701319  10.000000  10.000000   0.718000   0.000707   0.268000 -11.928455    468      0
 1.6156E+00   5.582429   2.278298 -99.000000 -21.099187 -99.000000   0.000000   0.268000   0.006566   0.014000   0.016924      3
 1.7320E+02  -4.832757   3.884698 -99.000000 -99.000000  -8.351026   0.000000   0.002413   0.001460   0.014000  0.000E+00    varcontrol

             relative mass of radiative core still tiny          26    7.8125848623766814D-08
         27   5.602149   3944.645 -19.343190 -19.343190  10.000000  10.000000   0.718000   0.000707   0.268000 -11.860209    452      0
 1.6681E+00   5.602149   2.258572 -99.000000 -20.741058 -99.000000   0.000000   0.268000   0.006566   0.014000   0.016924      3
 2.1977E+02  -4.773557   3.855870 -99.000000 -99.000000  -8.338042   0.000000   0.002413   0.001460   0.014000  0.000E+00    varcontrol

             relative mass of radiative core still tiny          27    7.8125849067856024D-08
         28   5.621952   3970.437 -18.988162 -18.988162  10.000000  10.000000   0.718000   0.000707   0.268000 -11.791677    481      0
 1.7183E+00   5.621952   2.238733 -99.000000 -20.386030 -99.000000   0.000000   0.268000   0.006566   0.014000   0.016925      3
 2.7205E+02  -4.714110   3.827513 -99.000000 -99.000000  -8.324966   0.000000   0.002413   0.001460   0.014000  0.000E+00    varcontrol

             relative mass of radiative core still tiny          28    7.8125848845811419D-08
         29   5.641687   3993.181 -18.638819 -18.638819  10.000000  10.000000   0.718000   0.000707   0.268000 -11.723347    480      0
 1.7665E+00   5.641687   2.218950 -99.000000 -20.036687 -99.000000   0.000000   0.268000   0.006566   0.014000   0.016926      3
 3.3046E+02  -4.654852   3.797870 -99.000000 -99.000000  -8.310082   0.000000   0.002413   0.001460   0.014000  0.000E+00    varcontrol

             relative mass of radiative core still tiny          29    7.8125848623766814D-08

__________________________________________________________________________________________________________________________________________________

       step    lg_Tmax     Teff     lg_LH      lg_Lnuc_tot     Mass       H_rich     H_cntr     N_cntr     Y_surf   eta_cntr   zones  retry
  lg_dt_yrs    lg_Tcntr    lg_R     lg_L3a     lg_Lneu     lg_Mdot    He_core    He_cntr    O_cntr     Z_surf   gam_cntr   iters  
    age_yrs    lg_Dcntr    lg_L     lg_LZ      lg_Lphoto   lg_Dsurf   CO_core    C_cntr     Ne_cntr    Z_cntr   v_div_cs       dt_limit
__________________________________________________________________________________________________________________________________________________

         30   5.661461   4018.788 -18.293257 -18.293257  10.000000  10.000000   0.718000   0.000707   0.268000 -11.654870    476      0
 1.8160E+00   5.661461   2.199097 -99.000000 -19.691125 -99.000000   0.000000   0.268000   0.006566   0.014000   0.016926      3
 3.9592E+02  -4.595474   3.769268 -34.016390 -99.000000  -8.295460   0.000000   0.002413   0.001460   0.014000  0.000E+00    varcontrol

             relative mass of radiative core still tiny          30    7.8125849289900628D-08
         31   5.681306   4045.944 -17.950899 -17.950899  10.000000  10.000000   0.718000   0.000707   0.268000 -11.586143    487      0
 1.8657E+00   5.681306   2.179151 -99.000000 -19.348767 -99.000000   0.000000   0.268000   0.006566   0.014000   0.016927      3
 4.6933E+02  -4.535882   3.741075 -99.000000 -99.000000  -8.280520   0.000000   0.002413   0.001460   0.014000  0.000E+00    varcontrol

             relative mass of radiative core still tiny          31    7.8125849733989838D-08
         32   5.701121   4069.683 -17.613428 -17.613428  10.000000  10.000000   0.718000   0.000707   0.268000 -11.517525    472      0
 1.9147E+00   5.701121   2.159233 -99.000000 -19.011296 -99.000000   0.000000   0.268000   0.006566   0.014000   0.016928      3
 5.5150E+02  -4.476379   3.711403 -99.000000 -99.000000  -8.264063   0.000000   0.002413   0.001460   0.014000  0.000E+00    varcontrol

             relative mass of radiative core still tiny          32    7.8125849733989838D-08
         33   5.720835   4096.677 -17.281980 -17.281980  10.000000  10.000000   0.718000   0.000707   0.268000 -11.449279    478      0
 1.9605E+00   5.720835   2.139395 -99.000000 -18.679849 -99.000000   0.000000   0.268000   0.006566   0.014000   0.016928      3
 6.4281E+02  -4.417191   3.683211 -99.000000 -99.000000  -8.248120   0.000000   0.002413   0.001460   0.014000  0.000E+00    varcontrol

             relative mass of radiative core still tiny          33    7.8125850844212863D-08
         34   5.740427   4121.998 -16.956761 -16.956761  10.000000  10.000000   0.718000   0.000707   0.268000 -11.381474    481      0
 2.0062E+00   5.740427   2.119676 -99.000000 -18.354629 -99.000000   0.000000   0.268000   0.006566   0.014000   0.016929      3
 7.4425E+02  -4.358377   3.654478 -99.000000 -99.000000  -8.231504   0.000000   0.002413   0.001460   0.014000  0.000E+00    varcontrol

             relative mass of radiative core still tiny          34    7.8125850400123653D-08
         35   5.759936   4146.189 -16.636954 -16.636954  10.000000  10.000000   0.718000   0.000707   0.268000 -11.313958    478      0
 2.0531E+00   5.759936   2.100035 -99.000000 -18.034822 -99.000000   0.000000   0.268000   0.006566   0.014000   0.016930      3
 8.5725E+02  -4.299811   3.625360 -99.000000 -99.000000  -8.214450   0.000000   0.002413   0.001460   0.014000  0.000E+00    varcontrol

             relative mass of radiative core still tiny          35    7.8125850400123653D-08
         36   5.779403   4172.567 -16.321761 -16.321761  10.000000  10.000000   0.718000   0.000707   0.268000 -11.246568    481      0
 2.1000E+00   5.779403   2.080419 -99.000000 -17.719629 -99.000000   0.000000   0.268000   0.006566   0.014000   0.016930      3
 9.8314E+02  -4.241364   3.597144 -99.000000 -99.000000  -8.197694   0.000000   0.002413   0.001460   0.014000  0.000E+00    varcontrol

             relative mass of radiative core still tiny          36    7.8125850178079048D-08
         37   5.798834   4197.877 -16.010796 -16.010796  10.000000  10.000000   0.718000   0.000707   0.268000 -11.179136    502      0
 2.1478E+00   5.798834   2.060819 -99.000000 -17.408664 -99.000000   0.000000   0.268000   0.006566   0.014000   0.016932      3
 1.1237E+03  -4.182954   3.568450 -99.000000 -99.000000  -8.180595   0.000000   0.002413   0.001460   0.014000  0.000E+00    varcontrol

             relative mass of radiative core still tiny          37    7.8125849067856024D-08
         38   5.817748   4223.843 -15.702845 -15.702845  10.000000  10.000000   0.718000   0.000707   0.268000 -11.107274    489      0
 2.1978E+00   5.817748   2.041138 -99.000000 -17.100714 -99.000000   0.000000   0.268000   0.006566   0.014000   0.016968      3
 1.2813E+03  -4.123397   3.539800 -99.000000 -99.000000  -8.163471   0.000000   0.002413   0.001460   0.014000  0.000E+00    varcontrol

             relative mass of radiative core still tiny          38    6.1245357553680213D-04
         39   5.836217   4250.337 -15.399684 -15.399684  10.000000  10.000000   0.718000   0.000707   0.268000 -11.031297    515      0
 2.2467E+00   5.836217   2.021445 -99.000000 -16.797552 -99.000000   0.000000   0.268000   0.006566   0.014000   0.017037      3
 1.4578E+03  -4.062723   3.511277 -99.000000 -99.000000  -8.146414   0.000000   0.002413   0.001460   0.014000  0.000E+00    varcontrol

                 finished relax to begin radiative core          39    1.8829155999517917D-02

 finished doing relax_to_radiative_core

 read my_history_columns.list
 read my_profile_columns.list
                                 set_initial_dt (years)    1.0000000000000000D+00
                             set_initial_number_retries           0
 net name basic.net
 kap_option gs98
 kap_CO_option gs98_co
 kap_lowT_option lowT_fa05_gs98
                                        OMP_NUM_THREADS          16


__________________________________________________________________________________________________________________________________________________

       step    lg_Tmax     Teff     lg_LH      lg_Lnuc_tot     Mass       H_rich     H_cntr     N_cntr     Y_surf   eta_cntr   zones  retry
  lg_dt_yrs    lg_Tcntr    lg_R     lg_L3a     lg_Lneu     lg_Mdot    He_core    He_cntr    O_cntr     Z_surf   gam_cntr   iters  
    age_yrs    lg_Dcntr    lg_L     lg_LZ      lg_Lphoto   lg_Dsurf   CO_core    C_cntr     Ne_cntr    Z_cntr   v_div_cs       dt_limit
__________________________________________________________________________________________________________________________________________________

          1   5.836322   4250.383 -15.397977 -15.397977  10.000000  10.000000   0.718000   0.000707   0.268000 -11.030867    515      0
 0.0000E+00   5.836322   2.021334 -99.000000 -16.795846  -8.027788   0.000000   0.268000   0.006566   0.014000   0.017037      2
 1.0000E+00  -4.062380   3.511074 -99.000000 -99.000000  -8.146349   0.000000   0.002413   0.001460   0.014000  0.000E+00    varcontrol

save LOGS/profile1.data for model 1
          2   5.836447   4250.694 -15.395932 -15.395932  10.000000  10.000000   0.718000   0.000707   0.268000 -11.030351    511      0
 7.9181E-02   5.836447   2.021200 -99.000000 -16.793800  -8.028156   0.000000   0.268000   0.006566   0.014000   0.017038      3
 2.2000E+00  -4.061968   3.510933 -99.000000 -99.000000  -8.146257   0.000000   0.002413   0.001460   0.014000  0.000E+00  max increase

          3   5.836598   4250.896 -15.393479 -15.393479  10.000000  10.000000   0.718000   0.000707   0.268000 -11.029732    510      0
 1.5836E-01   5.836598   2.021040 -99.000000 -16.791347  -8.028459   0.000000   0.268000   0.006566   0.014000   0.017038      2
 3.6400E+00  -4.061474   3.510695 -99.000000 -99.000000  -8.146116   0.000000   0.002413   0.001460   0.014000  0.000E+00  max increase

          4   5.836778   4251.139 -15.390540 -15.390540  10.000000  10.000000   0.718000   0.000707   0.268000 -11.028990    510      0
 2.3754E-01   5.836778   2.020847 -99.000000 -16.788408  -8.028914   0.000000   0.268000   0.006566   0.014000   0.017039      2
 5.3680E+00  -4.060881   3.510409 -99.000000 -99.000000  -8.145946   0.000000   0.002413   0.001460   0.014000  0.000E+00  max increase

          5   5.836994   4251.429 -15.387017 -15.387017  10.000000  10.000000   0.718000   0.000707   0.268000 -11.028100    510      0
 3.1672E-01   5.836994   2.020617 -99.000000 -16.784886  -8.029460   0.000000   0.268000   0.006566   0.014000   0.017040      2
 7.4416E+00  -4.060171   3.510068 -99.000000 -99.000000  -8.145743   0.000000   0.002413   0.001460   0.014000  0.000E+00  max increase

          6   5.837252   4251.777 -15.382799 -15.382799  10.000000  10.000000   0.718000   0.000707   0.268000 -11.027033    510      0
 3.9591E-01   5.837252   2.020341 -99.000000 -16.780667  -8.030115   0.000000   0.268000   0.006566   0.014000   0.017041      2
 9.9299E+00  -4.059320   3.509658 -99.000000 -99.000000  -8.145499   0.000000   0.002413   0.001460   0.014000  0.000E+00  max increase

          7   5.837562   4252.193 -15.377747 -15.377747  10.000000  10.000000   0.718000   0.000707   0.268000 -11.025754    510      0
 4.7509E-01   5.837562   2.020011 -99.000000 -16.775615  -8.030899   0.000000   0.268000   0.006566   0.014000   0.017042      2
 1.2916E+01  -4.058301   3.509167 -99.000000 -99.000000  -8.145208   0.000000   0.002413   0.001460   0.014000  0.000E+00  max increase

          8   5.837933   4252.691 -15.371700 -15.371700  10.000000  10.000000   0.718000   0.000707   0.268000 -11.024221    510      0
 5.5427E-01   5.837933   2.019615 -99.000000 -16.769569  -8.031839   0.000000   0.268000   0.006566   0.014000   0.017043      3
 1.6499E+01  -4.057079   3.508579 -99.000000 -99.000000  -8.144858   0.000000   0.002413   0.001460   0.014000  0.000E+00  max increase

          9   5.838376   4253.286 -15.364467 -15.364467  10.000000  10.000000   0.718000   0.000707   0.268000 -11.022384    510      0
 6.3345E-01   5.838376   2.019141 -99.000000 -16.762335  -8.032964   0.000000   0.268000   0.006566   0.014000   0.017045      3
 2.0799E+01  -4.055617   3.507875 -99.000000 -99.000000  -8.144440   0.000000   0.002413   0.001460   0.014000  0.000E+00  max increase


__________________________________________________________________________________________________________________________________________________

       step    lg_Tmax     Teff     lg_LH      lg_Lnuc_tot     Mass       H_rich     H_cntr     N_cntr     Y_surf   eta_cntr   zones  retry
  lg_dt_yrs    lg_Tcntr    lg_R     lg_L3a     lg_Lneu     lg_Mdot    He_core    He_cntr    O_cntr     Z_surf   gam_cntr   iters  
    age_yrs    lg_Dcntr    lg_L     lg_LZ      lg_Lphoto   lg_Dsurf   CO_core    C_cntr     Ne_cntr    Z_cntr   v_div_cs       dt_limit
__________________________________________________________________________________________________________________________________________________

         10   5.838906   4253.997 -15.355819 -15.355819  10.000000  10.000000   0.718000   0.000707   0.268000 -11.020185    510      0
 7.1263E-01   5.838906   2.018575 -99.000000 -16.753687  -8.034311   0.000000   0.268000   0.006566   0.014000   0.017047     10
 2.5959E+01  -4.053867   3.507032 -99.000000 -99.000000  -8.143939   0.000000   0.002413   0.001460   0.014000  0.000E+00  max increase

         11   5.839540   4254.844 -15.345488 -15.345488  10.000000  10.000000   0.718000   0.000707   0.268000 -11.017551    510      0
 7.9181E-01   5.839540   2.017898 -99.000000 -16.743356  -8.035924   0.000000   0.268000   0.006566   0.014000   0.017050      3
 3.2150E+01  -4.051774   3.506024 -31.006090 -99.000000  -8.143340   0.000000   0.002413   0.001460   0.014000  0.000E+00  max increase

         12   5.840296   4255.852 -15.333155 -15.333155  10.000000  10.000000   0.718000   0.000707   0.268000 -11.014399    510      0
 8.7099E-01   5.840296   2.017089 -99.000000 -16.731023  -8.037852   0.000000   0.268000   0.006566   0.014000   0.017053      3
 3.9581E+01  -4.049272   3.504819 -31.006090 -99.000000  -8.142624   0.000000   0.002413   0.001460   0.014000  0.000E+00  max increase

         13   5.841199   4257.051 -15.318449 -15.318449  10.000000  10.000000   0.718000   0.000707   0.268000 -11.010628    510      0
 9.5017E-01   5.841199   2.016124 -99.000000 -16.716317  -8.040157   0.000000   0.268000   0.006566   0.014000   0.017057      3
 4.8497E+01  -4.046282   3.503378 -99.000000 -99.000000  -8.141769   0.000000   0.002413   0.001460   0.014000  0.000E+00  max increase

         14   5.842273   4258.897 -15.300926 -15.300926   9.999999   9.999999   0.718000   0.000707   0.268000 -11.006121    512      0
 1.0294E+00   5.842273   2.014972 -99.000000 -16.698794  -8.042911   0.000000   0.268000   0.006566   0.014000   0.017061      3
 5.9196E+01  -4.042714   3.501827 -99.000000 -99.000000  -8.140825   0.000000   0.002413   0.001460   0.014000  0.000E+00  max increase

         15   5.843552   4260.604 -15.280084 -15.280084   9.999999   9.999999   0.718000   0.000707   0.268000 -11.000736    512      0
 1.1085E+00   5.843552   2.013602 -99.000000 -16.677953  -8.045971   0.000000   0.268000   0.006566   0.014000   0.017067      3
 7.2035E+01  -4.038460   3.499782 -99.000000 -99.000000  -8.139611   0.000000   0.002413   0.001460   0.014000  0.000E+00  max increase

         16   5.845070   4262.599 -15.255341 -15.255341   9.999999   9.999999   0.718000   0.000707   0.268000 -10.994310    509      0
 1.1877E+00   5.845070   2.011973 -99.000000 -16.653209  -8.049879   0.000000   0.268000   0.006566   0.014000   0.017073      3
 8.7442E+01  -4.033393   3.497337 -99.000000 -99.000000  -8.138162   0.000000   0.002413   0.001460   0.014000  0.000E+00  max increase

         17   5.846869   4264.961 -15.226020 -15.226020   9.999999   9.999999   0.718000   0.000707   0.268000 -10.986648    509      0
 1.2669E+00   5.846869   2.010039 -99.000000 -16.623888  -8.054545   0.000000   0.268000   0.006566   0.014000   0.017081      3
 1.0593E+02  -4.027370   3.494433 -99.000000 -99.000000  -8.136440   0.000000   0.002413   0.001460   0.014000  0.000E+00  max increase

         18   5.848999   4268.635 -15.191331 -15.191331   9.999999   9.999999   0.718000   0.000707   0.268000 -10.977521    516      0
 1.3461E+00   5.848999   2.007746 -99.000000 -16.589200  -8.060086   0.000000   0.268000   0.006566   0.014000   0.017091      3
 1.2812E+02  -4.020215   3.491342 -99.000000 -99.000000  -8.134559   0.000000   0.002413   0.001460   0.014000  0.000E+00  max increase

         19   5.851510   4272.092 -15.150430 -15.150430   9.999999   9.999999   0.718000   0.000707   0.268000 -10.966668    516      0
 1.4253E+00   5.851510   2.005038 -99.000000 -16.548298  -8.066181   0.000000   0.268000   0.006566   0.014000   0.017104      3
 1.5474E+02  -4.011738   3.487332 -99.000000 -99.000000  -8.132175   0.000000   0.002413   0.001460   0.014000  0.000E+00  max increase


__________________________________________________________________________________________________________________________________________________

       step    lg_Tmax     Teff     lg_LH      lg_Lnuc_tot     Mass       H_rich     H_cntr     N_cntr     Y_surf   eta_cntr   zones  retry
  lg_dt_yrs    lg_Tcntr    lg_R     lg_L3a     lg_Lneu     lg_Mdot    He_core    He_cntr    O_cntr     Z_surf   gam_cntr   iters  
    age_yrs    lg_Dcntr    lg_L     lg_LZ      lg_Lphoto   lg_Dsurf   CO_core    C_cntr     Ne_cntr    Z_cntr   v_div_cs       dt_limit
__________________________________________________________________________________________________________________________________________________

         20   5.854463   4276.140 -15.102359 -15.102359   9.999998   9.999998   0.718000   0.000707   0.268000 -10.953782    515      0
 1.5044E+00   5.854463   2.001848 -99.000000 -16.500227  -8.073863   0.000000   0.268000   0.006566   0.014000   0.017119      3
 1.8669E+02  -4.001718   3.482597 -99.000000 -99.000000  -8.129361   0.000000   0.002413   0.001460   0.014000  0.000E+00  max increase

         21   5.857921   4280.786 -15.046075 -15.046075   9.999998   9.999998   0.718000   0.000707   0.268000 -10.938513    518      0
 1.5836E+00   5.857921   1.998102 -99.000000 -16.443943  -8.082929   0.000000   0.268000   0.006566   0.014000   0.017138      3
 2.2503E+02  -3.989904   3.476992 -99.000000 -99.000000  -8.126037   0.000000   0.002413   0.001460   0.014000  0.000E+00  max increase

         22   5.861955   4286.081 -14.980462 -14.980462   9.999998   9.999998   0.718000   0.000707   0.268000 -10.920460    511      0
 1.6628E+00   5.861955   1.993721 -99.000000 -16.378330  -8.093635   0.000000   0.268000   0.006566   0.014000   0.017162      4
 2.7103E+02  -3.976019   3.470378 -99.000000 -99.000000  -8.122123   0.000000   0.002413   0.001460   0.014000  0.000E+00  max increase

         23   5.866646   4293.593 -14.904239 -14.904239   9.999997   9.999997   0.718000   0.000707   0.268000 -10.899167    519      0
 1.7420E+00   5.866646   1.988611 -99.000000 -16.302107  -8.106235   0.000000   0.268000   0.006566   0.014000   0.017191      4
 3.2624E+02  -3.959742   3.463198 -99.000000 -99.000000  -8.117797   0.000000   0.002413   0.001460   0.014000  0.000E+00  max increase

         24   5.872067   4300.943 -14.816274 -14.816274   9.999997   9.999997   0.718000   0.000707   0.268000 -10.874141    519      0
 1.8212E+00   5.872067   1.982692 -99.000000 -16.214142  -8.120210   0.000000   0.268000   0.006566   0.014000   0.017227      4
 3.9248E+02  -3.940750   3.454332 -99.000000 -99.000000  -8.112540   0.000000   0.002413   0.001460   0.014000  0.000E+00  max increase

         25   5.878306   4310.591 -14.715248 -14.715248   9.999996   9.999996   0.718000   0.000707   0.268000 -10.844828    520      0
 1.9003E+00   5.878306   1.975862 -99.000000 -16.113117  -8.137140   0.000000   0.268000   0.006566   0.014000   0.017271      4
 4.7198E+02  -3.918670   3.444564 -99.000000 -99.000000  -8.106678   0.000000   0.002413   0.001460   0.014000  0.000E+00  max increase

         26   5.885437   4320.481 -14.600108 -14.600108   9.999995   9.999995   0.718000   0.000707   0.268000 -10.810653    517      0
 1.9795E+00   5.885437   1.968043 -99.000000 -15.997976  -8.156050   0.000000   0.268000   0.006566   0.014000   0.017326      4
 5.6738E+02  -3.893142   3.432909 -99.000000 -99.000000  -8.099756   0.000000   0.002413   0.001460   0.014000  0.000E+00  max increase

         27   5.893544   4332.409 -14.469717 -14.469717   9.999995   9.999995   0.718000   0.000707   0.268000 -10.771004    510      0
 2.0587E+00   5.893544   1.959147 -99.000000 -15.867585  -8.178336   0.000000   0.268000   0.006566   0.014000   0.017393      4
 6.8185E+02  -3.863773   3.419906 -99.000000 -99.000000  -8.091988   0.000000   0.002413   0.001460   0.014000  0.000E+00  max increase

         28   5.902704   4345.781 -14.323168 -14.323168   9.999994   9.999994   0.718000   0.000707   0.268000 -10.725264    511      0
 2.1379E+00   5.902704   1.949106 -99.000000 -15.721036  -8.203345   0.000000   0.268000   0.006566   0.014000   0.017475      4
 8.1922E+02  -3.830180   3.405177 -99.000000 -99.000000  -8.083191   0.000000   0.002413   0.001460   0.014000  0.000E+00  max increase

         29   5.912989   4360.738 -14.159728 -14.159728   9.999993   9.999993   0.718000   0.000707   0.268000 -10.672831    509      0
 2.2171E+00   5.912989   1.937869 -99.000000 -15.557596  -8.231644   0.000000   0.268000   0.006566   0.014000   0.017574      4
 9.8407E+02  -3.791994   3.388672 -99.000000 -99.000000  -8.073323   0.000000   0.002413   0.001460   0.014000  0.000E+00  max increase


__________________________________________________________________________________________________________________________________________________

       step    lg_Tmax     Teff     lg_LH      lg_Lnuc_tot     Mass       H_rich     H_cntr     N_cntr     Y_surf   eta_cntr   zones  retry
  lg_dt_yrs    lg_Tcntr    lg_R     lg_L3a     lg_Lneu     lg_Mdot    He_core    He_cntr    O_cntr     Z_surf   gam_cntr   iters  
    age_yrs    lg_Dcntr    lg_L     lg_LZ      lg_Lphoto   lg_Dsurf   CO_core    C_cntr     Ne_cntr    Z_cntr   v_div_cs       dt_limit
__________________________________________________________________________________________________________________________________________________

         30   5.924453   4376.312 -13.979042 -13.979042   9.999992   9.999992   0.718000   0.000707   0.268000 -10.613141    509      0
 2.2963E+00   5.924453   1.925425 -99.000000 -15.376910  -8.263342   0.000000   0.268000   0.006566   0.014000   0.017692      4
 1.1819E+03  -3.748888   3.369977 -99.000000 -99.000000  -8.062204   0.000000   0.002413   0.001460   0.014000  0.000E+00  max increase

         31   5.937196   4396.332 -13.780251 -13.780251   9.999991   9.999991   0.718000   0.000707   0.268000 -10.545646    514      0
 2.3754E+00   5.937196   1.911735 -99.000000 -15.178120  -8.299009   0.000000   0.268000   0.006566   0.014000   0.017830      4
 1.4193E+03  -3.700477   3.350525 -99.000000 -99.000000  -8.050399   0.000000   0.002413   0.001460   0.014000  0.000E+00  max increase

         32   5.951248   4416.047 -13.563563 -13.563563   9.999989   9.999989   0.718000   0.000707   0.268000 -10.469925    513      0
 2.4546E+00   5.951248   1.896878 -99.000000 -14.961431  -8.336740   0.000000   0.268000   0.006566   0.014000   0.017993      5
 1.7041E+03  -3.646529   3.328584 -29.199910 -99.000000  -8.037202   0.000000   0.002413   0.001460   0.014000  0.000E+00  max increase

         33   5.965358   4437.507 -13.348665 -13.348665   9.999988   9.999988   0.718000   0.000707   0.268000 -10.392720    521      0
 2.4920E+00   5.965358   1.882266 -99.000000 -14.746533  -8.378811   0.000000   0.268000   0.006566   0.014000   0.018164      5
 2.0146E+03  -3.591850   3.307781 -99.000000 -99.000000  -8.024465   0.000000   0.002413   0.001460   0.014000  0.000E+00    lgRho_cntr

         34   5.977647   4453.873 -13.163411 -13.163411   9.999987   9.999987   0.718000   0.000707   0.268000 -10.324201    517      0
 2.4647E+00   5.977647   1.869837 -99.000000 -14.561279  -8.419140   0.000000   0.268000   0.006566   0.014000   0.018322      4
 2.3061E+03  -3.543671   3.289320 -99.000000 -99.000000  -8.013283   0.000000   0.002413   0.001460   0.014000  0.000E+00    lgRho_cntr

         35   5.991104   4473.777 -12.963237 -12.963237   9.999986   9.999986   0.718000   0.000707   0.268000 -10.249181    520      0
 2.5338E+00   5.991104   1.856628 -99.000000 -14.361105  -8.454478   0.000000   0.268000   0.006566   0.014000   0.018497      4
 2.6480E+03  -3.490919   3.270647 -28.597850 -99.000000  -8.001683   0.000000   0.002413   0.001460   0.014000  0.000E+00    varcontrol

         36   6.005121   4492.263 -12.757378 -12.757378   9.999984   9.999984   0.718000   0.000707   0.268000 -10.170864    521      0
 2.5827E+00   6.005121   1.843368 -99.000000 -14.155247  -8.490755   0.000000   0.268000   0.006566   0.014000   0.018682      4
 3.0306E+03  -3.435895   3.251290 -99.000000 -99.000000  -7.989741   0.000000   0.002413   0.001460   0.014000  0.000E+00    lgRho_cntr

         37   6.017445   4510.601 -12.578130 -12.578130   9.999983   9.999983   0.718000   0.000707   0.268000 -10.101497    527      0
 2.5543E+00   6.017445   1.832139 -99.000000 -13.975998  -8.528000   0.000000   0.268000   0.006566   0.014000   0.018850      4
 3.3889E+03  -3.387295   3.235910 -99.000000 -99.000000  -7.979921   0.000000   0.002413   0.001460   0.014000  0.000E+00    lgRho_cntr

         38   6.031216   4528.837 -12.380257 -12.380257   9.999982   9.999982   0.718000   0.000707   0.268000 -10.024568    540      0
 2.6291E+00   6.031216   1.820162 -99.000000 -13.778125  -8.558172   0.000000   0.268000   0.006566   0.014000   0.019035      4
 3.8146E+03  -3.333242   3.218965 -99.000000 -99.000000  -7.969200   0.000000   0.002413   0.001460   0.014000  0.000E+00    varcontrol

         39   6.045752   4547.221 -12.173863 -12.173863   9.999981   9.999981   0.718000   0.000707   0.268000  -9.943864    524      0
 2.6800E+00   6.045752   1.808216 -99.000000 -13.571731  -8.591085   0.000000   0.268000   0.006566   0.014000   0.019229      4
 4.2933E+03  -3.276400   3.202110 -99.000000 -99.000000  -7.958468   0.000000   0.002413   0.001460   0.014000  0.000E+00    lgRho_cntr


__________________________________________________________________________________________________________________________________________________

       step    lg_Tmax     Teff     lg_LH      lg_Lnuc_tot     Mass       H_rich     H_cntr     N_cntr     Y_surf   eta_cntr   zones  retry
  lg_dt_yrs    lg_Tcntr    lg_R     lg_L3a     lg_Lneu     lg_Mdot    He_core    He_cntr    O_cntr     Z_surf   gam_cntr   iters  
    age_yrs    lg_Dcntr    lg_L     lg_LZ      lg_Lphoto   lg_Dsurf   CO_core    C_cntr     Ne_cntr    Z_cntr   v_div_cs       dt_limit
__________________________________________________________________________________________________________________________________________________

         40   6.058441   4564.600 -11.995391 -11.995391   9.999980   9.999980   0.718000   0.000707   0.268000  -9.873364    552      0
 2.6449E+00   6.058441   1.798407 -99.000000 -13.393259  -8.623849   0.000000   0.268000   0.006566   0.014000   0.019401      4
 4.7348E+03  -3.226760   3.189119 -99.000000 -99.000000  -7.949890   0.000000   0.002413   0.001460   0.014000  0.000E+00    lgRho_cntr

         41   6.072910   4582.893 -11.794440 -11.794440   9.999979   9.999979   0.718000   0.000707   0.268000  -9.794403    534      0
 2.7241E+00   6.072910   1.788017 -99.000000 -13.192308  -8.649607   0.000000   0.268000   0.006566   0.014000   0.019589      4
 5.2646E+03  -3.170774   3.175285 -99.000000 -99.000000  -7.940740   0.000000   0.002413   0.001460   0.014000  0.000E+00  max increase

         42   6.088461   4602.973 -11.581239 -11.581239   9.999978   9.999978   0.718000   0.000707   0.268000  -9.711075    553      0
 2.7776E+00   6.088461   1.777837 -99.000000 -12.979107  -8.676990   0.000000   0.268000   0.006566   0.014000   0.019783      4
 5.8638E+03  -3.111269   3.162522 -99.000000 -99.000000  -7.931989   0.000000   0.002413   0.001460   0.014000  0.000E+00    lgRho_cntr

         43   6.101876   4620.078 -11.399106 -11.399106   9.999976   9.999976   0.718000   0.000707   0.268000  -9.639652    539      0
 2.7331E+00   6.101876   1.769967 -99.000000 -12.796974  -8.702751   0.000000   0.268000   0.006566   0.014000   0.019949      5
 6.4047E+03  -3.060136   3.153225 -99.000000 -99.000000  -7.925380   0.000000   0.002413   0.001460   0.014000  0.000E+00    lgRho_cntr

         44   6.114508   4634.654 -11.229281 -11.229281   9.999975   9.999975   0.718000   0.000707   0.268000  -9.573304    550      0
 2.7229E+00   6.114508   1.763415 -99.000000 -12.627149  -8.721898   0.000000   0.268000   0.006566   0.014000   0.020101      4
 6.9330E+03  -3.012380   3.145593 -99.000000 -99.000000  -7.919902   0.000000   0.002413   0.001460   0.014000  0.000E+00    lgRho_cntr

         45   6.129196   4652.247 -11.034322 -11.034322   9.999974   9.999974   0.718000   0.000707   0.268000  -9.498473    541      0
 2.8021E+00   6.129196   1.756880 -99.000000 -12.432190  -8.737691   0.000000   0.268000   0.006566   0.014000   0.020263      4
 7.5669E+03  -2.957857   3.139105 -99.000000 -99.000000  -7.914781   0.000000   0.002413   0.001460   0.014000  0.000E+00  max increase

         46   6.146157   4672.057 -10.812321 -10.812321   9.999973   9.999973   0.718000   0.000707   0.268000  -9.415069    557      0
 2.8781E+00   6.146157   1.750872 -99.000000 -12.210189  -8.751926   0.000000   0.268000   0.006566   0.014000   0.020431      4
 8.3221E+03  -2.896200   3.134469 -26.490640 -99.000000  -7.910490   0.000000   0.002413   0.001460   0.014000  0.000E+00    lgRho_cntr

         47   6.160815   4688.173 -10.622434 -10.622434   9.999972   9.999972   0.718000   0.000707   0.268000  -9.344202    541      0
 2.8269E+00   6.160815   1.747240 -99.000000 -12.020302  -8.763219   0.000000   0.268000   0.006566   0.014000   0.020569      4
 8.9934E+03  -2.843440   3.133188 -99.000000 -99.000000  -7.908386   0.000000   0.002413   0.001460   0.014000  0.000E+00    lgRho_cntr

         48   6.174708   4704.270 -10.444408 -10.444408   9.999971   9.999971   0.718000   0.000707   0.268000  -9.278810    557      0
 2.8111E+00   6.174708   1.745234 -99.000000 -11.842276  -8.767993   0.000000   0.268000   0.006566   0.014000   0.020689      4
 9.6408E+03  -2.794204   3.135130 -99.000000 -99.000000  -7.908084   0.000000   0.002413   0.001460   0.014000  0.000E+00    lgRho_cntr

         49   6.191237   4722.246 -10.235679 -10.235679   9.999969   9.999969   0.718000   0.000707   0.268000  -9.204680    542      0
 2.8903E+00   6.191237   1.744738 -99.000000 -11.633547  -8.767052   0.000000   0.268000   0.006566   0.014000   0.020807      4
 1.0418E+04  -2.737221   3.140765 -99.000000 -99.000000  -7.909699   0.000000   0.002413   0.001460   0.014000  0.000E+00  max increase


__________________________________________________________________________________________________________________________________________________

       step    lg_Tmax     Teff     lg_LH      lg_Lnuc_tot     Mass       H_rich     H_cntr     N_cntr     Y_surf   eta_cntr   zones  retry
  lg_dt_yrs    lg_Tcntr    lg_R     lg_L3a     lg_Lneu     lg_Mdot    He_core    He_cntr    O_cntr     Z_surf   gam_cntr   iters  
    age_yrs    lg_Dcntr    lg_L     lg_LZ      lg_Lphoto   lg_Dsurf   CO_core    C_cntr     Ne_cntr    Z_cntr   v_div_cs       dt_limit
__________________________________________________________________________________________________________________________________________________

         50   6.211055   4744.374  -9.989797  -9.989797   9.999968   9.999968   0.718000   0.000707   0.268000  -9.121142    557      0
 2.9695E+00   6.211055   1.746867 -99.000000 -11.387664  -8.759861   0.000000   0.268000   0.006566   0.014000   0.020912      5
 1.1350E+04  -2.671216   3.153142 -99.000000 -99.000000  -7.914778   0.000000   0.002413   0.001460   0.014000  0.000E+00    lgRho_cntr

save LOGS/profile2.data for model 50
save photos/x050 for model 50
         51   6.228178   4763.597  -9.780324  -9.780324   9.999966   9.999966   0.718000   0.000707   0.268000  -9.051759    543      0
 2.9054E+00   6.228178   1.751641 -99.000000 -11.178192  -8.741367   0.000000   0.268000   0.006566   0.014000   0.020983      5
 1.2154E+04  -2.615400   3.169717 -99.000000 -99.000000  -7.922521   0.000000   0.002413   0.001460   0.014000  0.000E+00    lgRho_cntr

         52   6.244505   4782.823  -9.583407  -9.583407   9.999965   9.999965   0.718000   0.000707   0.268000  -8.988838    560      0
 2.8793E+00   6.244505   1.758721 -99.000000 -10.981275  -8.714990   0.000000   0.268000   0.006566   0.014000   0.021029      4
 1.2911E+04  -2.563586   3.190873 -99.000000 -99.000000  -7.932951   0.000000   0.002413   0.001460   0.014000  0.000E+00    lgRho_cntr

         53   6.260794   4803.675  -9.389628  -9.389628   9.999963   9.999963   0.718000   0.000707   0.268000  -8.929407    546      0
 2.8700E+00   6.260794   1.767857 -99.000000 -10.787496  -8.680496   0.000000   0.268000   0.006566   0.014000   0.021051      4
 1.3653E+04  -2.513342   3.216702 -99.000000 -99.000000  -7.946077   0.000000   0.002413   0.001460   0.014000  0.000E+00    lgRho_cntr

         54   6.277380   4827.655  -9.194930  -9.194930   9.999962   9.999962   0.718000   0.000707   0.268000  -8.872176    562      0
 2.8679E+00   6.277380   1.778376 -99.000000 -10.592797  -8.637972   0.000000   0.268000   0.006566   0.014000   0.021051      5
 1.4390E+04  -2.463610   3.246390 -99.000000 -99.000000  -7.961496   0.000000   0.002413   0.001460   0.014000  0.000E+00    lgRho_cntr

         55   6.296372   4859.987  -8.975202  -8.975202   9.999959   9.999959   0.718000   0.000707   0.268000  -8.810716    546      0
 2.9158E+00   6.296372   1.789404 -99.000000 -10.373070  -8.589078   0.000000   0.268000   0.006566   0.014000   0.021022      5
 1.5214E+04  -2.408431   3.280042 -99.000000 -99.000000  -7.979360   0.000000   0.002413   0.001460   0.014000  0.000E+00    varcontrol

         56   6.316827   4901.281  -8.741893  -8.741893   9.999957   9.999957   0.718000   0.000707   0.268000  -8.747844    567      0
 2.9410E+00   6.316827   1.798020 -99.000000 -10.139761  -8.534407   0.000000   0.268000   0.006566   0.014000   0.020967      5
 1.6087E+04  -2.350443   3.311972 -99.000000 -99.000000  -7.997150   0.000000   0.002413   0.001460   0.014000  0.000E+00    lgRho_cntr

         57   6.335824   4946.503  -8.527762  -8.527762   9.999954   9.999954   0.718000   0.000707   0.268000  -8.690912    559      0
 2.9079E+00   6.335824   1.802527 -99.000000  -9.925629  -8.484080   0.000000   0.268000   0.006566   0.014000   0.020907      5
 1.6896E+04  -2.297220   3.336941 -99.000000 -99.000000  -8.012675   0.000000   0.002413   0.001460   0.014000  0.000E+00    lgRho_cntr

         58   6.354102   5002.260  -8.323965  -8.323965   9.999951   9.999951   0.718000   0.000707   0.268000  -8.637117    582      0
 2.8933E+00   6.354102   1.802610 -99.000000  -9.721833  -8.446596   0.000000   0.268000   0.006566   0.014000   0.020842      5
 1.7678E+04  -2.246437   3.356578 -99.000000 -99.000000  -8.028215   0.000000   0.002413   0.001460   0.014000  0.000E+00    lgRho_cntr

         59   6.371960   5083.181  -8.126796  -8.126796   9.999948   9.999948   0.718000   0.000707   0.268000  -8.585074    570      0
 2.8885E+00   6.371960   1.796261 -99.000000  -9.524663  -8.420016   0.000000   0.268000   0.006566   0.014000   0.020775      6
 1.8452E+04  -2.197045   3.371758 -99.000000 -99.000000  -8.049016   0.000000   0.002413   0.001460   0.014000  0.000E+00    lgRho_cntr


__________________________________________________________________________________________________________________________________________________

       step    lg_Tmax     Teff     lg_LH      lg_Lnuc_tot     Mass       H_rich     H_cntr     N_cntr     Y_surf   eta_cntr   zones  retry
  lg_dt_yrs    lg_Tcntr    lg_R     lg_L3a     lg_Lneu     lg_Mdot    He_core    He_cntr    O_cntr     Z_surf   gam_cntr   iters  
    age_yrs    lg_Dcntr    lg_L     lg_LZ      lg_Lphoto   lg_Dsurf   CO_core    C_cntr     Ne_cntr    Z_cntr   v_div_cs       dt_limit
__________________________________________________________________________________________________________________________________________________

         60   6.389546   5179.712  -7.934281  -7.934281   9.999945   9.999945   0.718000   0.000707   0.268000  -8.533830    595      0
 2.8905E+00   6.389546   1.785215 -99.000000  -9.332148  -8.404844   0.000000   0.268000   0.006566   0.014000   0.020709      6
 1.9229E+04  -2.148406   3.382346 -23.480340 -99.000000  -8.077548   0.000000   0.002413   0.001460   0.014000  0.000E+00    varcontrol

         61   6.406565   5290.746  -7.749249  -7.749249   9.999942   9.999942   0.718000   0.000707   0.268000  -8.483753    585      0
 2.8874E+00   6.406565   1.770860 -99.000000  -9.147117  -8.399806   0.000000   0.268000   0.006566   0.014000   0.020650      6
 2.0000E+04  -2.101126   3.390481 -99.000000 -99.000000  -8.116308   0.000000   0.002413   0.001460   0.014000  0.000E+00    varcontrol

         62   6.422568   5412.761  -7.576147  -7.576147   9.999939   9.999939   0.718000   0.000707   0.268000  -8.435797    612      0
 2.8732E+00   6.422568   1.754243 -99.000000  -8.974015  -8.400854   0.000000   0.268000   0.006566   0.014000   0.020599      6
 2.0747E+04  -2.056289   3.396855 -99.000000 -99.000000  -8.164103   0.000000   0.002413   0.001460   0.014000  0.000E+00    varcontrol

         63   6.437840   5535.629  -7.411705  -7.411705   9.999937   9.999937   0.718000   0.000707   0.268000  -8.389068    611      0
 2.8661E+00   6.437840   1.737249 -99.000000  -8.809572  -8.406173   0.000000   0.268000   0.006566   0.014000   0.020558      7
 2.1482E+04  -2.013084   3.401859 -99.000000 -99.000000  -8.216283   0.000000   0.002413   0.001460   0.014000  0.000E+00    varcontrol

         64   6.452827   5660.647  -7.251032  -7.251032   9.999934   9.999934   0.718000   0.000707   0.268000  -8.342195    617      0
 2.8718E+00   6.452827   1.719784 -99.000000  -8.648899  -8.413660   0.000000   0.268000   0.006566   0.014000   0.020525      7
 2.2226E+04  -1.970241   3.405726 -99.000000 -99.000000  -8.271843   0.000000   0.002413   0.001460   0.014000  0.000E+00    varcontrol

         65   6.467758   5788.224  -7.091711  -7.091711   9.999931   9.999931   0.718000   0.000707   0.268000  -8.294415    610      0
 2.8848E+00   6.467758   1.701859 -99.000000  -8.489578  -8.423074   0.000000   0.268000   0.006566   0.014000   0.020499      9
 2.2994E+04  -1.927088   3.408593 -22.577250 -99.000000  -8.329221   0.000000   0.002413   0.001460   0.014000  0.000E+00    varcontrol

                            solver rejected trial model
                                        s% model_number          66
                                  s% solver_call_number         206
                                                     nz         614
                                         s% num_retries           0
                                                     dt    2.5238617232082134D+10
                                          log dt/secyer    2.9029615901062429D+00

 retry: max residual jumped -- give up in solver      66
         66   6.475338   5856.391  -7.010882  -7.010882   9.999929   9.999929   0.718000   0.000707   0.268000  -8.269123    614      1
 2.6019E+00   6.475338   1.692851 -99.000000  -8.408749  -8.434225   0.000000   0.268000   0.006566   0.014000   0.020493      6
 2.3393E+04  -1.904730   3.410916 -22.577250 -99.000000  -8.360805   0.000000   0.002413   0.001460   0.014000  0.000E+00         retry

         67   6.482794   5923.538  -6.931586  -6.931586   9.999928   9.999928   0.718000   0.000707   0.268000  -8.243982    624      1
 2.6019E+00   6.482794   1.683796 -99.000000  -8.329453  -8.438638   0.000000   0.268000   0.006566   0.014000   0.020489      6
 2.3793E+04  -1.882624   3.412611 -99.000000 -99.000000  -8.391849   0.000000   0.002413   0.001460   0.014000  0.000E+00          hold

         68   6.491576   6002.486  -6.838516  -6.838516   9.999926   9.999926   0.718000   0.000707   0.268000  -8.214143    627      1
 2.6811E+00   6.491576   1.672924 -99.000000  -8.236383  -8.443937   0.000000   0.268000   0.006566   0.014000   0.020485      6
 2.4273E+04  -1.856489   3.413867 -22.276220 -99.000000  -8.428417   0.000000   0.002413   0.001460   0.014000  0.000E+00  max increase

         69   6.501868   6095.570  -6.729862  -6.729862   9.999924   9.999924   0.718000   0.000707   0.268000  -8.178773    636      1
 2.7603E+00   6.501868   1.659925 -99.000000  -8.127729  -8.451352   0.000000   0.268000   0.006566   0.014000   0.020484      7
 2.4849E+04  -1.825684   3.414602 -99.000000 -99.000000  -8.471790   0.000000   0.002413   0.001460   0.014000  0.000E+00  max increase

                            solver rejected trial model
                                        s% model_number          70
                                  s% solver_call_number         211
                                                     nz         635
                                         s% num_retries           1
                                                     dt    2.1806165288518963D+10
                                          log dt/secyer    2.8394753325851365D+00

 retry: max residual jumped -- give up in solver      70

__________________________________________________________________________________________________________________________________________________

       step    lg_Tmax     Teff     lg_LH      lg_Lnuc_tot     Mass       H_rich     H_cntr     N_cntr     Y_surf   eta_cntr   zones  retry
  lg_dt_yrs    lg_Tcntr    lg_R     lg_L3a     lg_Lneu     lg_Mdot    He_core    He_cntr    O_cntr     Z_surf   gam_cntr   iters  
    age_yrs    lg_Dcntr    lg_L     lg_LZ      lg_Lphoto   lg_Dsurf   CO_core    C_cntr     Ne_cntr    Z_cntr   v_div_cs       dt_limit
__________________________________________________________________________________________________________________________________________________

         70   6.507915   6151.908  -6.666077  -6.666077   9.999923   9.999923   0.718000   0.000707   0.268000  -8.157397    635      2
 2.5384E+00   6.507915   1.652382 -99.000000  -8.063943  -8.461253   0.000000   0.268000   0.006566   0.014000   0.020488      6
 2.5195E+04  -1.807327   3.415497 -99.000000 -99.000000  -8.498665   0.000000   0.002413   0.001460   0.014000  0.000E+00         retry

         71   6.513871   6207.327  -6.603362  -6.603362   9.999922   9.999922   0.718000   0.000707   0.268000  -8.136118    636      2
 2.5384E+00   6.513871   1.644889 -99.000000  -8.001229  -8.466366   0.000000   0.268000   0.006566   0.014000   0.020493      6
 2.5540E+04  -1.789147   3.416091 -22.276220 -99.000000  -8.525054   0.000000   0.002413   0.001460   0.014000  0.000E+00          hold

         72   6.520903   6272.826  -6.529539  -6.529539   9.999920   9.999920   0.718000   0.000707   0.268000  -8.110804    635      2
 2.6176E+00   6.520903   1.635911 -99.000000  -7.927406  -8.471844   0.000000   0.268000   0.006566   0.014000   0.020500      6
 2.5955E+04  -1.767602   3.416369 -99.000000 -99.000000  -8.556067   0.000000   0.002413   0.001460   0.014000  0.000E+00  max increase

         73   6.529172   6349.904  -6.443003  -6.443003   9.999919   9.999919   0.718000   0.000707   0.268000  -8.080723    637      2
 2.6968E+00   6.529172   1.625263 -99.000000  -7.840869  -8.478992   0.000000   0.268000   0.006566   0.014000   0.020510      6
 2.6452E+04  -1.742128   3.416289 -99.000000 -99.000000  -8.592345   0.000000   0.002413   0.001460   0.014000  0.000E+00  max increase

         74   6.538856   6440.638  -6.342045  -6.342045   9.999917   9.999917   0.718000   0.000707   0.268000  -8.045028    646      2
 2.7760E+00   6.538856   1.612690 -99.000000  -7.739911  -8.488023   0.000000   0.268000   0.006566   0.014000   0.020526      7
 2.7049E+04  -1.712094   3.415788 -99.000000 -99.000000  -8.634569   0.000000   0.002413   0.001460   0.014000  0.000E+00  max increase

         75   6.550145   6547.026  -6.224886  -6.224886   9.999914   9.999914   0.718000   0.000707   0.268000  -8.002737    648      2
 2.8552E+00   6.550145   1.597984 -99.000000  -7.622752  -8.499235   0.000000   0.268000   0.006566   0.014000   0.020548      6
 2.7766E+04  -1.676786   3.414839 -99.000000 -99.000000  -8.683310   0.000000   0.002413   0.001460   0.014000  0.000E+00  max increase

         76   6.563243   6671.513  -6.089693  -6.089693   9.999912   9.999912   0.718000   0.000707   0.268000  -7.952723    649      2
 2.9344E+00   6.563243   1.580949 -99.000000  -7.487559  -8.512840   0.000000   0.268000   0.006566   0.014000   0.020581      6
 2.8625E+04  -1.635409   3.413490 -21.498068 -99.000000  -8.739797   0.000000   0.002413   0.001460   0.014000  0.000E+00  max increase

         77   6.577469   6808.782  -5.943747  -5.943747   9.999909   9.999909   0.718000   0.000707   0.268000  -7.897147    650      2
 2.9862E+00   6.577469   1.562614 -99.000000  -7.341613  -8.528937   0.000000   0.268000   0.006566   0.014000   0.020626      6
 2.9594E+04  -1.589922   3.412200 -99.000000 -99.000000  -8.802550   0.000000   0.002413   0.001460   0.014000  0.000E+00    varcontrol

         78   6.592571   6957.055  -5.789921  -5.789921   9.999906   9.999906   0.718000   0.000707   0.268000  -7.836808    645      2
 3.0283E+00   6.592571   1.543458 -99.000000  -7.187787  -8.546042   0.000000   0.268000   0.006566   0.014000   0.020682      5
 3.0661E+04  -1.541052   3.411311 -21.674160 -99.000000  -8.873038   0.000000   0.002413   0.001460   0.014000  0.000E+00    varcontrol

         79   6.608611   7117.507  -5.627956  -5.627956   9.999903   9.999903   0.718000   0.000707   0.268000  -7.771475    647      2
 3.0702E+00   6.608611   1.523574 -99.000000  -7.025822  -8.563296   0.000000   0.268000   0.006566   0.014000   0.020751      6
 3.1837E+04  -1.488604   3.411153 -99.000000 -99.000000  -8.955830   0.000000   0.002413   0.001460   0.014000  0.000E+00    varcontrol


__________________________________________________________________________________________________________________________________________________

       step    lg_Tmax     Teff     lg_LH      lg_Lnuc_tot     Mass       H_rich     H_cntr     N_cntr     Y_surf   eta_cntr   zones  retry
  lg_dt_yrs    lg_Tcntr    lg_R     lg_L3a     lg_Lneu     lg_Mdot    He_core    He_cntr    O_cntr     Z_surf   gam_cntr   iters  
    age_yrs    lg_Dcntr    lg_L     lg_LZ      lg_Lphoto   lg_Dsurf   CO_core    C_cntr     Ne_cntr    Z_cntr   v_div_cs       dt_limit
__________________________________________________________________________________________________________________________________________________

         80   6.624531   7280.748  -5.468686  -5.468686   9.999899   9.999899   0.718000   0.000707   0.268000  -7.705460    648      2
 3.0813E+00   6.624531   1.504439 -99.000000  -6.866552  -8.580172   0.000000   0.268000   0.006566   0.014000   0.020828      5
 3.3043E+04  -1.436040   3.412275 -21.072100 -99.000000  -9.048439   0.000000   0.002413   0.001460   0.014000  0.000E+00    lgRho_cntr

         81   6.639540   7438.881  -5.319902  -5.319902   9.999897   9.999897   0.718000   0.000707   0.268000  -7.642293    655      2
 3.0679E+00   6.639540   1.487005 -99.000000  -6.717767  -8.594693   0.000000   0.268000   0.006566   0.014000   0.020907      5
 3.4212E+04  -1.386080   3.414734 -99.000000 -99.000000  -9.145274   0.000000   0.002413   0.001460   0.014000  0.000E+00    lgRho_cntr

         82   6.655448   7610.173  -5.163933  -5.163933   9.999893   9.999893   0.718000   0.000707   0.268000  -7.575084    657      2
 3.1030E+00   6.655448   1.469127 -99.000000  -6.561798  -8.605982   0.000000   0.268000   0.006566   0.014000   0.020993      5
 3.5479E+04  -1.333014   3.418525 -21.072100 -99.000000  -9.255624   0.000000   0.002413   0.001460   0.014000  0.000E+00    varcontrol

         83   6.671852   7792.062  -5.004900  -5.004900   9.999890   9.999890   0.718000   0.000707   0.268000  -7.505642    664      2
 3.1250E+00   6.671852   1.451378 -99.000000  -6.402765  -8.615846   0.000000   0.268000   0.006566   0.014000   0.021082      5
 3.6813E+04  -1.278232   3.424058 -99.000000 -99.000000  -9.376370   0.000000   0.002413   0.001460   0.014000  0.000E+00    lgRho_cntr

         84   6.687194   7968.180  -4.857661  -4.857661   9.999887   9.999887   0.718000   0.000707   0.268000  -7.440449    663      2
 3.1031E+00   6.687194   1.435446 -99.000000  -6.255526  -8.623250   0.000000   0.268000   0.006566   0.014000   0.021169      5
 3.8081E+04  -1.226891   3.431021 -99.000000 -99.000000  -9.493846   0.000000   0.002413   0.001460   0.014000  0.000E+00    lgRho_cntr

         85   6.702110   8144.795  -4.715990  -4.715990   9.999884   9.999884   0.718000   0.000707   0.268000  -7.377232    662      2
 3.0958E+00   6.702110   1.420512 -99.000000  -6.113854  -8.627201   0.000000   0.268000   0.006566   0.014000   0.021252      4
 3.9328E+04  -1.177046   3.439238 -99.000000 -99.000000  -9.608026   0.000000   0.002413   0.001460   0.014000  0.000E+00    lgRho_cntr

         86   6.718912   8349.331  -4.558466  -4.558466   9.999881   9.999881   0.718000   0.000707   0.268000  -7.307104    664      2
 3.1499E+00   6.718912   1.404228 -99.000000  -5.956329  -8.628623   0.000000   0.268000   0.006566   0.014000   0.021338      5
 4.0740E+04  -1.121368   3.449757 -99.000000 -99.000000  -9.729136   0.000000   0.002413   0.001460   0.014000  0.000E+00    varcontrol

         87   6.736845   8575.508  -4.392555  -4.392555   9.999877   9.999877   0.718000   0.000707   0.268000  -7.233367    668      2
 3.1798E+00   6.736845   1.387460 -99.000000  -5.790417  -8.628068   0.000000   0.268000   0.006566   0.014000   0.021422      5
 4.2252E+04  -1.062424   3.462654 -99.000000 -99.000000  -9.843722   0.000000   0.002413   0.001460   0.014000  0.000E+00    lgRho_cntr

         88   6.753248   8790.952  -4.242449  -4.242449   9.999874   9.999874   0.718000   0.000707   0.268000  -7.166349    671      2
 3.1428E+00   6.753248   1.372693 -99.000000  -5.640311  -8.624709   0.000000   0.268000   0.006566   0.014000   0.021497      5
 4.3642E+04  -1.008694   3.476224 -99.000000 -99.000000  -9.930217   0.000000   0.002413   0.001460   0.014000  0.000E+00    lgRho_cntr

         89   6.769037   9005.415  -4.099561  -4.099561   9.999871   9.999871   0.718000   0.000707   0.268000  -7.102628    671      2
 3.1260E+00   6.769037   1.358886 -99.000000  -5.497422  -8.618764   0.000000   0.268000   0.006566   0.014000   0.021563      5
 4.4978E+04  -0.957316   3.490480 -99.000000 -99.000000  -9.993011   0.000000   0.002413   0.001460   0.014000  0.000E+00        lgTeff


__________________________________________________________________________________________________________________________________________________

       step    lg_Tmax     Teff     lg_LH      lg_Lnuc_tot     Mass       H_rich     H_cntr     N_cntr     Y_surf   eta_cntr   zones  retry
  lg_dt_yrs    lg_Tcntr    lg_R     lg_L3a     lg_Lneu     lg_Mdot    He_core    He_cntr    O_cntr     Z_surf   gam_cntr   iters  
    age_yrs    lg_Dcntr    lg_L     lg_LZ      lg_Lphoto   lg_Dsurf   CO_core    C_cntr     Ne_cntr    Z_cntr   v_div_cs       dt_limit
__________________________________________________________________________________________________________________________________________________

         90   6.784549   9222.814  -3.960726  -3.960726   9.999868   9.999868   0.718000   0.000707   0.268000  -7.040955    676      2
 3.1171E+00   6.784549   1.345640 -99.000000  -5.358587  -8.611090   0.000000   0.268000   0.006566   0.014000   0.021622      5
 4.6288E+04  -0.907243   3.505428 -19.867980 -99.000000 -10.035235   0.000000   0.002413   0.001460   0.014000  0.000E+00        lgTeff

         91   6.799894   9444.362  -3.824882  -3.824882   9.999864   9.999864   0.718000   0.000707   0.268000  -6.980922    676      2
 3.1106E+00   6.799894   1.332794 -99.000000  -5.222742  -8.602009   0.000000   0.268000   0.006566   0.014000   0.021673      4
 4.7578E+04  -0.858134   3.520973 -99.000000 -99.000000 -10.061295   0.000000   0.002413   0.001460   0.014000  0.000E+00        lgTeff

         92   6.815125   9670.635  -3.691476  -3.691476   9.999861   9.999861   0.718000   0.000707   0.268000  -6.922319    679      2
 3.1051E+00   6.815125   1.320242 -99.000000  -5.089336  -8.591788   0.000000   0.268000   0.006566   0.014000   0.021716      4
 4.8852E+04  -0.809814   3.536997 -19.265920 -99.000000 -10.075031   0.000000   0.002413   0.001460   0.014000  0.000E+00        lgTeff

         93   6.830273   9901.932  -3.560195  -3.560195   9.999858   9.999858   0.718000   0.000707   0.268000  -6.865021    681      2
 3.1001E+00   6.830273   1.307903 -99.000000  -4.958055  -8.580675   0.000000   0.268000   0.006566   0.014000   0.021753      3
 5.0111E+04  -0.762186   3.553380 -99.000000 -99.000000 -10.078547   0.000000   0.002413   0.001460   0.014000  0.000E+00        lgTeff

         94   6.845355  1.014E+04  -3.430843  -3.430843   9.999854   9.999854   0.718000   0.000707   0.268000  -6.808945    681      2
 3.0955E+00   6.845355   1.295716 -99.000000  -4.828703  -8.568897   0.000000   0.268000   0.006566   0.014000   0.021782      3
 5.1357E+04  -0.715187   3.570007 -99.000000 -99.000000 -10.073504   0.000000   0.002413   0.001460   0.014000  0.000E+00        lgTeff

         95   6.860382  1.038E+04  -3.303286  -3.303286   9.999851   9.999851   0.718000   0.000707   0.268000  -6.754029    681      2
 3.0911E+00   6.860382   1.283629 -99.000000  -4.701145  -8.609245   0.000000   0.268000   0.006566   0.014000   0.021804      3
 5.2590E+04  -0.668773   3.586771 -99.000000 -99.000000 -10.061712   0.000000   0.002413   0.001460   0.014000  0.000E+00        lgTeff

         96   6.875362  1.063E+04  -3.177419  -3.177419   9.999849   9.999849   0.718000   0.000707   0.268000  -6.700217    682      2
 3.0870E+00   6.875362   1.271596 -99.000000  -4.575280  -8.703741   0.000000   0.268000   0.006566   0.014000   0.021820      3
 5.3812E+04  -0.622907   3.603574 -99.000000 -99.000000 -10.044803   0.000000   0.002413   0.001460   0.014000  0.000E+00        lgTeff

         97   6.890301  1.088E+04  -3.053159  -3.053159   9.999847   9.999847   0.718000   0.000707   0.268000  -6.647447    683      2
 3.0832E+00   6.890301   1.259578 -99.000000  -4.451021  -8.830127   0.000000   0.268000   0.006566   0.014000   0.021829      3
 5.5023E+04  -0.577558   3.620329 -99.000000 -99.000000 -10.024024   0.000000   0.002413   0.001460   0.014000  0.000E+00        lgTeff

         98   6.905199  1.114E+04  -2.930429  -2.930429   9.999846   9.999846   0.718000   0.000707   0.268000  -6.595657    683      2
 3.0797E+00   6.905199   1.247540 -99.000000  -4.328295  -9.016278   0.000000   0.268000   0.006566   0.014000   0.021832      3
 5.6224E+04  -0.532691   3.636958 -99.000000 -99.000000 -10.000554   0.000000   0.002413   0.001460   0.014000  0.000E+00        lgTeff

         99   6.920060  1.140E+04  -2.809162  -2.809162   9.999845   9.999845   0.718000   0.000707   0.268000  -6.544779    683      2
 3.0765E+00   6.920060   1.235452 -99.000000  -4.207034  -9.119083   0.000000   0.268000   0.006566   0.014000   0.021829      3
 5.7417E+04  -0.488277   3.653390 -18.362830 -99.000000  -9.975428   0.000000   0.002413   0.001460   0.014000  0.000E+00        lgTeff


__________________________________________________________________________________________________________________________________________________

       step    lg_Tmax     Teff     lg_LH      lg_Lnuc_tot     Mass       H_rich     H_cntr     N_cntr     Y_surf   eta_cntr   zones  retry
  lg_dt_yrs    lg_Tcntr    lg_R     lg_L3a     lg_Lneu     lg_Mdot    He_core    He_cntr    O_cntr     Z_surf   gam_cntr   iters  
    age_yrs    lg_Dcntr    lg_L     lg_LZ      lg_Lphoto   lg_Dsurf   CO_core    C_cntr     Ne_cntr    Z_cntr   v_div_cs       dt_limit
__________________________________________________________________________________________________________________________________________________

        100   6.934884  1.167E+04  -2.689290  -2.689290   9.999844   9.999844   0.718000   0.000707   0.268000  -6.494753    685      2
 3.0738E+00   6.934884   1.223286 -99.000000  -4.087170  -9.071904   0.000000   0.268000   0.006566   0.014000   0.021821      3
 5.8602E+04  -0.444287   3.669566 -18.061800 -99.000000  -9.949005   0.000000   0.002413   0.001460   0.014000  0.000E+00        lgTeff

save LOGS/profile3.data for model 100
save photos/x100 for model 100
        101   6.949675  1.194E+04  -2.570745  -2.570745   9.999843   9.999843   0.718000   0.000707   0.268000  -6.445529    685      2
 3.0715E+00   6.949675   1.211017 -99.000000  -3.968638  -9.025318   0.000000   0.268000   0.006566   0.014000   0.021808      3
 5.9781E+04  -0.400694   3.685434 -99.000000 -99.000000  -9.921230   0.000000   0.002413   0.001460   0.014000  0.000E+00        lgTeff

        102   6.964435  1.223E+04  -2.453457  -2.453457   9.999842   9.999842   0.718000   0.000707   0.268000  -6.397061    685      2
 3.0696E+00   6.964435   1.198623 -99.000000  -3.851366  -8.979443   0.000000   0.268000   0.006566   0.014000   0.021790      3
 6.0955E+04  -0.357474   3.700946 -18.362830 -99.000000  -9.892246   0.000000   0.002413   0.001460   0.014000  0.000E+00        lgTeff

        103   6.979167  1.251E+04  -2.337339  -2.337339   9.999840   9.999840   0.718000   0.000707   0.268000  -6.349313    685      2
 3.0681E+00   6.979167   1.186088 -99.000000  -3.735269  -8.934380   0.000000   0.268000   0.006566   0.014000   0.021768      3
 6.2125E+04  -0.314609   3.716064 -17.760770 -99.000000  -9.862678   0.000000   0.002413   0.001460   0.014000  0.000E+00        lgTeff

        104   6.993875  1.280E+04  -2.222280  -2.222280   9.999839   9.999839   0.718000   0.000707   0.268000  -6.302256    685      2
 3.0672E+00   6.993875   1.173397 -99.000000  -3.620231  -8.890219   0.000000   0.268000   0.006566   0.014000   0.021741      3
 6.3292E+04  -0.272079   3.730754 -99.000000 -99.000000  -9.833152   0.000000   0.002413   0.001460   0.014000  0.000E+00        lgTeff

        105   7.008562  1.310E+04  -2.108120  -2.108120   9.999837   9.999837   0.718000   0.000707   0.268000  -6.255867    685      2
 3.0667E+00   7.008562   1.160538 -57.373249  -3.506084  -8.847036   0.000000   0.268000   0.006566   0.014000   0.021710      5
 6.4458E+04  -0.229868   3.744988 -18.061800 -99.000000  -9.803774   0.000000   0.002413   0.001460   0.014000  0.000E+00        lgTeff

        106   7.025884  1.346E+04  -1.974381  -1.974381   9.999835   9.999835   0.718000   0.000707   0.268000  -6.202514    687      2
 3.1379E+00   7.025884   1.144953 -56.095643  -3.372324  -8.804892   0.000000   0.268000   0.006566   0.014000   0.021664      5
 6.5832E+04  -0.180674   3.760585 -17.760770 -99.000000  -9.768932   0.000000   0.002413   0.001460   0.014000  0.000E+00    varcontrol

        107   7.044669  1.386E+04  -1.829597  -1.829597   9.999832   9.999832   0.718000   0.000707   0.268000  -6.145779    688      2
 3.1745E+00   7.044669   1.127696 -54.922217  -3.227396  -8.757912   0.000000   0.268000   0.006566   0.014000   0.021606      5
 6.7326E+04  -0.127811   3.776600 -17.158710 -99.000000  -9.731154   0.000000   0.002413   0.001460   0.014000  0.000E+00        lgTeff

        108   7.061222  1.422E+04  -1.700924  -1.700924   9.999830   9.999830   0.718000   0.000707   0.268000  -6.095900    689      2
 3.1230E+00   7.061222   1.112410 -53.917950  -3.098351  -8.709002   0.000000   0.268000   0.006566   0.014000   0.021554      5
 6.8654E+04  -0.081278   3.790723 -16.760770 -99.000000  -9.698653   0.000000   0.002413   0.001460   0.014000  0.000E+00        lgTeff

        109   7.076755  1.456E+04  -1.578021  -1.578021   9.999827   9.999827   0.718000   0.000707   0.268000  -6.049410    691      2
 3.0984E+00   7.076755   1.097876 -52.987739  -2.974669  -8.665833   0.000000   0.268000   0.006566   0.014000   0.021504      3
 6.9908E+04  -0.037748   3.803559 -99.000000 -99.000000  -9.669011   0.000000   0.002413   0.001460   0.014000  0.000E+00        lgTeff


__________________________________________________________________________________________________________________________________________________

       step    lg_Tmax     Teff     lg_LH      lg_Lnuc_tot     Mass       H_rich     H_cntr     N_cntr     Y_surf   eta_cntr   zones  retry
  lg_dt_yrs    lg_Tcntr    lg_R     lg_L3a     lg_Lneu     lg_Mdot    He_core    He_cntr    O_cntr     Z_surf   gam_cntr   iters  
    age_yrs    lg_Dcntr    lg_L     lg_LZ      lg_Lphoto   lg_Dsurf   CO_core    C_cntr     Ne_cntr    Z_cntr   v_div_cs       dt_limit
__________________________________________________________________________________________________________________________________________________

        110   7.091788  1.491E+04  -1.455361  -1.455361   9.999824   9.999824   0.718000   0.000707   0.268000  -6.004773    691      2
 3.0875E+00   7.091788   1.083593 -52.097591  -2.850535  -8.626256   0.000000   0.268000   0.006566   0.014000   0.021452      3
 7.1131E+04   0.004227   3.815464 -99.000000 -99.000000  -9.640836   0.000000   0.002413   0.001460   0.014000  0.000E+00        lgTeff

        111   7.106574  1.525E+04  -1.328818  -1.328818   9.999821   9.999821   0.718000   0.000707   0.268000  -5.961224    691      2
 3.0839E+00   7.106574   1.069322 -51.231607  -2.721400  -8.589121   0.000000   0.268000   0.006566   0.014000   0.021399      3
 7.2344E+04   0.045361   3.826631 -16.857680 -99.000000  -9.613318   0.000000   0.002413   0.001460   0.014000  0.000E+00        lgTeff

        112   7.123528  1.565E+04  -1.172678  -1.172678   9.999817   9.999817   0.718000   0.000707   0.268000  -5.912170    693      2
 3.1472E+00   7.123528   1.052529 -50.250588  -2.560157  -8.553819   0.000000   0.268000   0.006566   0.014000   0.021332      4
 7.3748E+04   0.092146   3.838249 -99.000000 -99.000000  -9.581687   0.000000   0.002413   0.001460   0.014000  0.000E+00    varcontrol

        113   7.141645  1.609E+04  -0.986453  -0.986453   9.999813   9.999813   0.718000   0.000707   0.268000  -5.860365    695      2
 3.1817E+00   7.141645   1.034231 -49.215903  -2.365051  -8.516052   0.000000   0.268000   0.006566   0.014000   0.021257      5
 7.5267E+04   0.141874   3.849794 -99.000000 -99.000000  -9.547818   0.000000   0.002413   0.001460   0.014000  0.000E+00        lgTeff

        114   7.157820  1.650E+04  -0.797380  -0.797380   9.999808   9.999808   0.718000   0.000707   0.268000  -5.813965    695      2
 3.1397E+00   7.157820   1.017780 -48.303198  -2.164729  -8.477658   0.000000   0.268000   0.006566   0.014000   0.021191      3
 7.6647E+04   0.186338   3.860014 -99.000000 -99.000000  -9.517688   0.000000   0.002413   0.001460   0.014000  0.000E+00        lgTeff

        115   7.172863  1.689E+04  -0.595575  -0.595575   9.999803   9.999803   0.718000   0.000707   0.268000  -5.769738    700      2
 3.1219E+00   7.172863   1.002032 -47.452695  -1.949934  -8.443536   0.000000   0.268000   0.006566   0.014000   0.021137      3
 7.7971E+04   0.228158   3.869207 -16.255620 -99.000000  -9.489261   0.000000   0.002413   0.001460   0.014000  0.000E+00        lgTeff

        116   7.187660  1.728E+04  -0.377675  -0.377675   9.999798   9.999798   0.718000   0.000707   0.268000  -5.727160    710      2
 3.1163E+00   7.187660   0.986509 -46.632974  -1.718340  -8.412334   0.000000   0.268000   0.006566   0.014000   0.021078      3
 7.9278E+04   0.268894   3.877612 -15.954590 -99.000000  -9.461653   0.000000   0.002413   0.001460   0.014000  0.000E+00        lgTeff

        117   7.204319  1.772E+04  -0.110572  -0.110572   9.999792   9.999792   0.718000   0.000708   0.268000  -5.680135    716      2
 3.1733E+00   7.204319   0.968712 -45.724435  -1.436110  -8.383206   0.000000   0.268000   0.006566   0.014000   0.021005      4
 8.0768E+04   0.314363   3.885924 -99.000000 -99.000000  -9.430483   0.000000   0.002413   0.001460   0.014000  0.000E+00    varcontrol

        118   7.221913  1.820E+04   0.192337   0.192337   9.999785   9.999785   0.718000   0.000708   0.268000  -5.630648    724      2
 3.2063E+00   7.221913   0.949589 -44.777498  -1.118714  -8.353091   0.000000   0.268000   0.006566   0.014000   0.020927      3
 8.2376E+04   0.362310   3.893883 -99.000000 -99.000000  -9.397319   0.000000   0.002412   0.001460   0.014000  0.000E+00        lgTeff

        119   7.237792  1.864E+04   0.478767   0.478767   9.999778   9.999778   0.718000   0.000709   0.268000  -5.585537    732      2
 3.1723E+00   7.237792   0.932205 -43.932857  -0.820907  -8.323144   0.000000   0.268000   0.006566   0.014000   0.020860      3
 8.3863E+04   0.405778   3.900909 -99.000000 -99.000000  -9.367384   0.000000   0.002411   0.001460   0.014000  0.000E+00        lgTeff


__________________________________________________________________________________________________________________________________________________

       step    lg_Tmax     Teff     lg_LH      lg_Lnuc_tot     Mass       H_rich     H_cntr     N_cntr     Y_surf   eta_cntr   zones  retry
  lg_dt_yrs    lg_Tcntr    lg_R     lg_L3a     lg_Lneu     lg_Mdot    He_core    He_cntr    O_cntr     Z_surf   gam_cntr   iters  
    age_yrs    lg_Dcntr    lg_L     lg_LZ      lg_Lphoto   lg_Dsurf   CO_core    C_cntr     Ne_cntr    Z_cntr   v_div_cs       dt_limit
__________________________________________________________________________________________________________________________________________________

        120   7.252892  1.907E+04   0.758176   0.758176   9.999771   9.999771   0.718000   0.000711   0.268000  -5.542447    742      2
 3.1604E+00   7.252892   0.915479 -43.138500  -0.532036  -8.296436   0.000000   0.268000   0.006566   0.014000   0.020798      3
 8.5310E+04   0.447201   3.907097 -99.000000 -99.000000  -9.338907   0.000000   0.002410   0.001460   0.014000  0.000E+00        lgTeff

        121   7.269440  1.955E+04   1.067872   1.067872   9.999762   9.999762   0.717999   0.000715   0.268000  -5.495648    751      2
 3.2102E+00   7.269440   0.896815 -42.278978  -0.213054  -8.272154   0.000000   0.268000   0.006566   0.014000   0.020728      3
 8.6933E+04   0.492413   3.912802 -14.449440 -99.000000  -9.307551   0.000000   0.002407   0.001460   0.014001  0.000E+00    varcontrol

        122   7.286785  2.006E+04   1.392483   1.392483   9.999752   9.999752   0.717998   0.000724   0.268000  -5.447381    757      2
 3.2413E+00   7.286785   0.877050 -41.391417   0.120708  -8.248036   0.000000   0.268000   0.006566   0.014000   0.020649      3
 8.8676E+04   0.539464   3.917942 -99.000000 -99.000000  -9.274586   0.000000   0.002399   0.001460   0.014002  0.000E+00        lgTeff

        123   7.302691  2.053E+04   1.687083   1.687083   9.999742   9.999742   0.717996   0.000741   0.268000  -5.404217    765      2
 3.2136E+00   7.302691   0.858969 -40.590771   0.423763  -8.224725   0.000000   0.268000   0.006566   0.014000   0.020569      3
 9.0311E+04   0.582139   3.922369 -13.671289 -99.000000  -9.244500   0.000000   0.002384   0.001460   0.014005  0.000E+00        lgTeff

        124   7.318041  2.099E+04   1.966033   1.966033   9.999732   9.999732   0.717991   0.000773   0.268000  -5.364586    774      2
 3.2070E+00   7.318041   0.841538 -39.830979   0.711482  -8.204085   0.000000   0.267999   0.006566   0.014000   0.020477      3
 9.1921E+04   0.622320   3.926001 -13.847380 -99.000000  -9.215700   0.000000   0.002357   0.001460   0.014009  0.000E+00        lgTeff

        125   7.334851  2.149E+04   2.261884   2.261884   9.999720   9.999720   0.717982   0.000845   0.268000  -5.325189    779      2
 3.2563E+00   7.334851   0.822385 -39.016400   1.018122  -8.185759   0.000000   0.267999   0.006566   0.014000   0.020343      3
 9.3726E+04   0.664180   3.928715 -99.000000 -99.000000  -9.184483   0.000000   0.002295   0.001460   0.014020  0.000E+00    varcontrol

        126   7.352862  2.202E+04   2.557595   2.557595   9.999707   9.999707   0.717960   0.000999   0.268000  -5.292638    786      2
 3.2905E+00   7.352862   0.802328 -38.177979   1.326425  -8.168787   0.000000   0.267998   0.006566   0.014000   0.020132      4
 9.5678E+04   0.704505   3.930292 -12.944290 -99.000000  -9.152455   0.000000   0.002163   0.001460   0.014042  0.000E+00        lgTeff

        127   7.370505  2.249E+04   2.815509   2.815509   9.999694   9.999694   0.717923   0.001267   0.268000  -5.276514    798      2
 3.2748E+00   7.370505   0.783867 -37.401215   1.596402  -8.154150   0.000000   0.267997   0.006566   0.014000   0.019824      4
 9.7561E+04   0.737254   3.930686 -12.467169 -99.000000  -9.123766   0.000000   0.001933   0.001460   0.014080  0.000E+00        lgTeff

        128   7.388977  2.298E+04   3.061943   3.061943   9.999679   9.999679   0.717854   0.001746   0.268000  -5.272149    811      2
 3.3209E+00   7.388977   0.764375 -36.578803   1.854626  -8.143296   0.000000   0.267998   0.006566   0.014000   0.019436      5
 9.9654E+04   0.766588   3.928642 -12.643260 -99.000000  -9.094469   0.000000   0.001522   0.001460   0.014148  0.000E+00    varcontrol

        129   7.407063  2.347E+04   3.288174   3.288174   9.999661   9.999661   0.717843   0.001816   0.268000  -5.272265    824      2
 3.3995E+00   7.407063   0.742795 -35.744752   2.091311  -8.137932   0.000000   0.267999   0.006566   0.014000   0.019037      5
 1.0216E+05   0.793780   3.922258 -99.000000 -99.000000  -9.063014   0.000000   0.001463   0.001460   0.014158  0.000E+00    varcontrol


__________________________________________________________________________________________________________________________________________________

       step    lg_Tmax     Teff     lg_LH      lg_Lnuc_tot     Mass       H_rich     H_cntr     N_cntr     Y_surf   eta_cntr   zones  retry
  lg_dt_yrs    lg_Tcntr    lg_R     lg_L3a     lg_Lneu     lg_Mdot    He_core    He_cntr    O_cntr     Z_surf   gam_cntr   iters  
    age_yrs    lg_Dcntr    lg_L     lg_LZ      lg_Lphoto   lg_Dsurf   CO_core    C_cntr     Ne_cntr    Z_cntr   v_div_cs       dt_limit
__________________________________________________________________________________________________________________________________________________

        130   7.422512  2.389E+04   3.482661   3.482661   9.999640   9.999640   0.717830   0.001906   0.268000  -5.279512    830      2
 3.4600E+00   7.422512   0.720897 -35.020328   2.294663  -8.142201   0.000000   0.267999   0.006566   0.014000   0.018659      5
 1.0505E+05   0.813941   3.909652 -99.000000 -99.000000  -9.031962   0.000000   0.001386   0.001460   0.014171  0.000E+00    varcontrol

        131   7.433981  2.418E+04   3.630786   3.630786   9.999617   9.999617   0.717814   0.002010   0.268000  -5.294298    842      2
 3.5230E+00   7.433981   0.699782 -34.469822   2.449295  -8.161716   0.000000   0.268000   0.006565   0.014000   0.018326      5
 1.0838E+05   0.824836   3.888431 -99.000000 -99.000000  -9.002882   0.000000   0.001297   0.001460   0.014186  0.000E+00    varcontrol

        132   7.441802  2.432E+04   3.708821   3.708821   9.999592   9.999592   0.717788   0.002181   0.268000  -5.310694    849      2
 3.6022E+00   7.441802   0.679941 -34.084542   2.531703  -8.202994   0.000000   0.268002   0.006565   0.014000   0.018065      5
 1.1238E+05   0.829532   3.858375 -99.000000 -99.000000  -8.976394   0.000000   0.001151   0.001460   0.014210  0.000E+00  max increase

        133   7.447502  2.435E+04   3.725349   3.725349   9.999566   9.999566   0.717752   0.002414   0.268000  -5.320394    848      2
 3.6814E+00   7.447502   0.662433 -33.793735   2.551964  -8.266840   0.000000   0.268005   0.006565   0.014000   0.017892      5
 1.1718E+05   0.833937   3.825279 -99.000000 -99.000000  -8.953609   0.000000   0.000951   0.001460   0.014243  0.000E+00  max increase

        134   7.454382  2.443E+04   3.685626   3.685626   9.999540   9.999540   0.717695   0.002771   0.268000  -5.310971    851      2
 3.7606E+00   7.454382   0.646838 -33.420546   2.517578  -8.339468   0.000000   0.268011   0.006564   0.014000   0.017810      5
 1.2295E+05   0.848418   3.800196 -12.041200 -99.000000  -8.933078   0.000000   0.000646   0.001460   0.014294  0.000E+00  max increase

        135   7.466336  2.478E+04   3.603721   3.603721   9.999512   9.999512   0.717624   0.003169   0.268000  -5.270521    857      2
 3.8397E+00   7.466336   0.630498 -32.733099   2.446100  -8.393265   0.000000   0.268025   0.006562   0.014000   0.017810      5
 1.2986E+05   0.884012   3.792106 -12.041200 -99.000000  -8.910271   0.000000   0.000306   0.001460   0.014350  0.000E+00  max increase

        136   7.484740  2.545E+04   3.529850   3.529850   9.999479   9.999479   0.717544   0.003424   0.268000  -5.199847    864      2
 3.9189E+00   7.484740   0.610405 -31.622149   2.388249  -8.404565   0.000000   0.268070   0.006555   0.014000   0.017856      5
 1.3816E+05   0.942448   3.797967 -11.865109 -99.000000  -8.881469   0.000000   0.000093   0.001460   0.014385  0.000E+00  max increase

        137   7.499512  2.596E+04   3.608203   3.608203   9.999442   9.999442   0.717439   0.003494   0.268000  -5.152362    876      2
 3.9483E+00   7.499512   0.592699 -30.715559   2.465318  -8.379294   0.000000   0.268170   0.006540   0.014000   0.017838      5
 1.4703E+05   0.985358   3.797584 -99.000000 -99.000000  -8.856842   0.000000   0.000044   0.001460   0.014392  0.000E+00    lgRho_cntr

        138   7.506479  2.613E+04   3.709098   3.709098   9.999439   9.999439   0.717307   0.003517   0.268000  -5.140624    888      2
 3.9777E+00   7.506479   0.580833 -30.292707   2.560670  -9.499682   0.000000   0.268303   0.006520   0.014000   0.017767      5
 1.5653E+05   1.000999   3.785110 -99.000000 -99.000000  -8.841000   0.000000   0.000039   0.001460   0.014390  0.000E+00    varcontrol

        139   7.508615  2.610E+04   3.750175   3.750175   9.999435   9.999435   0.717161   0.003536   0.268000  -5.143898    889      2
 4.0569E+00   7.508615   0.573891 -30.166577   2.600518  -9.512974   0.000000   0.268452   0.006498   0.014000   0.017707      5
 1.6793E+05   1.002843   3.768813 -99.000000 -99.000000  -8.832122   0.000000   0.000040   0.001460   0.014387  0.000E+00  max increase


__________________________________________________________________________________________________________________________________________________

       step    lg_Tmax     Teff     lg_LH      lg_Lnuc_tot     Mass       H_rich     H_cntr     N_cntr     Y_surf   eta_cntr   zones  retry
  lg_dt_yrs    lg_Tcntr    lg_R     lg_L3a     lg_Lneu     lg_Mdot    He_core    He_cntr    O_cntr     Z_surf   gam_cntr   iters  
    age_yrs    lg_Dcntr    lg_L     lg_LZ      lg_Lphoto   lg_Dsurf   CO_core    C_cntr     Ne_cntr    Z_cntr   v_div_cs       dt_limit
__________________________________________________________________________________________________________________________________________________

        140   7.507903  2.598E+04   3.762222   3.762222   9.999431   9.999431   0.716998   0.003551   0.268000  -5.152848    889      2
 4.1361E+00   7.507903   0.571534 -30.213228   2.613772  -9.551732   0.000000   0.268619   0.006473   0.014000   0.017670      5
 1.8161E+05   0.997930   3.756261 -99.000000 -99.000000  -8.829450   0.000000   0.000045   0.001460   0.014383  0.000E+00  max increase

        141   7.507932  2.595E+04   3.752618   3.752618   9.999427   9.999427   0.716799   0.003580   0.268000  -5.154208    889      2
 4.2152E+00   7.507932   0.570680 -30.211314   2.603713  -9.589075   0.000000   0.268822   0.006443   0.014000   0.017664      5
 1.9803E+05   0.997434   3.752519 -12.041200 -99.000000  -8.828453   0.000000   0.000043   0.001460   0.014380  0.000E+00  max increase

        142   7.508517  2.596E+04   3.749547   3.749547   9.999422   9.999422   0.716530   0.003618   0.268000  -5.152483    890      2
 4.2944E+00   7.508517   0.570073 -30.174200   2.599104  -9.599847   0.000000   0.269095   0.006403   0.014000   0.017666      5
 2.1772E+05   0.999134   3.752361 -99.000000 -99.000000  -8.827617   0.000000   0.000040   0.001460   0.014375  0.000E+00  max increase

        143   7.508490  2.596E+04   3.752409   3.752409   9.999416   9.999416   0.716205   0.003660   0.268000  -5.153429    890      2
 4.3736E+00   7.508490   0.570090 -30.174745   2.601483  -9.598862   0.000000   0.269426   0.006356   0.014000   0.017665      5
 2.4136E+05   0.998765   3.751877 -99.000000 -99.000000  -8.827667   0.000000   0.000040   0.001460   0.014369  0.000E+00  max increase

        144   7.508258  2.594E+04   3.753023   3.753023   9.999409   9.999409   0.715815   0.003708   0.268000  -5.154983    890      2
 4.4528E+00   7.508258   0.570464 -30.187561   2.601871  -9.600577   0.000000   0.269823   0.006300   0.014000   0.017665      5
 2.6973E+05   0.997840   3.751746 -99.000000 -99.000000  -8.828193   0.000000   0.000041   0.001460   0.014362  0.000E+00  max increase

        145   7.507961  2.593E+04   3.753241   3.753241   9.999401   9.999401   0.715347   0.003764   0.268000  -5.156756    890      2
 4.5320E+00   7.507961   0.571016 -30.203994   2.601868  -9.601972   0.000000   0.270299   0.006235   0.014000   0.017666      5
 3.0377E+05   0.996742   3.751909 -11.439140 -99.000000  -8.828953   0.000000   0.000041   0.001460   0.014354  0.000E+00  max increase

        146   7.507622  2.591E+04   3.753496   3.753496   9.999390   9.999390   0.714785   0.003829   0.268000  -5.158785    891      2
 4.6111E+00   7.507622   0.571686 -30.222670   2.601870  -9.602800   0.000000   0.270871   0.006159   0.014000   0.017668      5
 3.4461E+05   0.995492   3.752209 -12.041200 -99.000000  -8.829868   0.000000   0.000042   0.001460   0.014344  0.000E+00  max increase

        147   7.507239  2.590E+04   3.753830   3.753830   9.999378   9.999378   0.714109   0.003905   0.268000  -5.161124    891      2
 4.6903E+00   7.507239   0.572467 -30.243574   2.601912  -9.603449   0.000000   0.271558   0.006072   0.014000   0.017670      5
 3.9363E+05   0.994071   3.752598 -99.000000 -99.000000  -8.830936   0.000000   0.000043   0.001460   0.014333  0.000E+00  max increase

        148   7.506811  2.588E+04   3.754252   3.754252   9.999364   9.999364   0.713298   0.003993   0.268000  -5.163814    889      2
 4.7695E+00   7.506811   0.573373 -30.266735   2.602003  -9.604080   0.000000   0.272381   0.005970   0.014000   0.017673      5
 4.5244E+05   0.992464   3.753080 -99.000000 -99.000000  -8.832172   0.000000   0.000044   0.001460   0.014320  0.000E+00  max increase

        149   7.506337  2.585E+04   3.754782   3.754782   9.999346   9.999346   0.712324   0.004093   0.268000  -5.166895    889      2
 4.8487E+00   7.506337   0.574418 -30.292072   2.602163  -9.604705   0.000000   0.273371   0.005854   0.014000   0.017677      5
 5.2302E+05   0.990661   3.753673 -11.564079 -99.000000  -8.833596   0.000000   0.000045   0.001460   0.014306  0.000E+00  max increase


__________________________________________________________________________________________________________________________________________________

       step    lg_Tmax     Teff     lg_LH      lg_Lnuc_tot     Mass       H_rich     H_cntr     N_cntr     Y_surf   eta_cntr   zones  retry
  lg_dt_yrs    lg_Tcntr    lg_R     lg_L3a     lg_Lneu     lg_Mdot    He_core    He_cntr    O_cntr     Z_surf   gam_cntr   iters  
    age_yrs    lg_Dcntr    lg_L     lg_LZ      lg_Lphoto   lg_Dsurf   CO_core    C_cntr     Ne_cntr    Z_cntr   v_div_cs       dt_limit
__________________________________________________________________________________________________________________________________________________

        150   7.505820  2.583E+04   3.755447   3.755447   9.999325   9.999325   0.711153   0.004208   0.268000  -5.170410    884      2
 4.9279E+00   7.505820   0.575619 -30.319378   2.602418  -9.605299   0.000000   0.274558   0.005722   0.014000   0.017681      5
 6.0772E+05   0.988653   3.754403 -99.000000 -99.000000  -8.835230   0.000000   0.000046   0.001460   0.014289  0.000E+00  max increase

save LOGS/profile4.data for model 150
save photos/x150 for model 150
        151   7.505261  2.580E+04   3.756277   3.756277   9.999300   9.999300   0.709746   0.004338   0.268000  -5.174405    886      2
 5.0071E+00   7.505261   0.576993 -30.348297   2.602801  -9.605817   0.000000   0.275984   0.005571   0.014000   0.017687      5
 7.0936E+05   0.986436   3.755301 -99.000000 -99.000000  -8.837099   0.000000   0.000047   0.001460   0.014270  0.000E+00  max increase

        152   7.504669  2.577E+04   3.757312   3.757312   9.999270   9.999270   0.708053   0.004484   0.268000  -5.178927    881      2
 5.0862E+00   7.504669   0.578562 -30.378304   2.603355  -9.606197   0.000000   0.277698   0.005402   0.014000   0.017693      5
 8.3132E+05   0.984011   3.756405 -99.000000 -99.000000  -8.839228   0.000000   0.000049   0.001460   0.014249  0.000E+00  max increase

        153   7.504050  2.574E+04   3.758599   3.758599   9.999233   9.999233   0.706017   0.004648   0.268000  -5.184032    881      2
 5.1654E+00   7.504050   0.580348 -30.408674   2.604128  -9.606364   0.000000   0.279759   0.005213   0.014000   0.017702      5
 9.7768E+05   0.981381   3.757762 -99.000000 -99.000000  -8.841648   0.000000   0.000050   0.001460   0.014225  0.000E+00  max increase

        154   7.503416  2.570E+04   3.760196   3.760196   9.999190   9.999190   0.703565   0.004829   0.268000  -5.189782    884      2
 5.2446E+00   7.503416   0.582378 -30.438464   2.605184  -9.606217   0.000000   0.282237   0.005004   0.014000   0.017712      5
 1.1533E+06   0.978557   3.759426 -12.041200 -99.000000  -8.844394   0.000000   0.000052   0.001460   0.014198  0.000E+00  max increase

        155   7.502778  2.567E+04   3.762173   3.762173   9.999138   9.999138   0.700589   0.005030   0.268000  -5.196280    883      2
 5.3238E+00   7.502778   0.584697 -30.466689   2.606580  -9.605632   0.000000   0.285242   0.004771   0.014000   0.017725      5
 1.3641E+06   0.975536   3.761464 -99.000000 -99.000000  -8.847524   0.000000   0.000054   0.001460   0.014169  0.000E+00  max increase

        156   7.502160  2.562E+04   3.764615   3.764615   9.999025   9.999025   0.697000   0.005249   0.268000  -5.203565    885      2
 5.4030E+00   7.502160   0.587336 -30.491628   2.608434  -9.349318   0.000000   0.288863   0.004518   0.014000   0.017741      5
 1.6170E+06   0.972362   3.763968 -99.000000 -99.000000  -8.851079   0.000000   0.000056   0.001460   0.014137  0.000E+00  max increase

        157   7.501582  2.558E+04   3.767600   3.767600   9.998683   9.998683   0.692665   0.005486   0.268000  -5.211736    886      2
 5.4821E+00   7.501582   0.590340 -30.511590   2.610818  -8.949149   0.000000   0.293233   0.004244   0.014000   0.017761      5
 1.9205E+06   0.969059   3.767012 -12.041200 -99.000000  -8.855122   0.000000   0.000059   0.001460   0.014102  0.000E+00  max increase

        158   7.501071  2.553E+04   3.771239   3.771239   9.998003   9.998003   0.687422   0.005740   0.268000  -5.220927    898      2
 5.5613E+00   7.501071   0.593770 -30.524530   2.613843  -8.728839   0.000000   0.298513   0.003950   0.014000   0.017786      5
 2.2846E+06   0.965651   3.770704 -11.564079 -99.000000  -8.859736   0.000000   0.000062   0.001460   0.014065  0.000E+00  max increase

        159   7.500655  2.548E+04   3.775680   3.775680   9.996828   9.996828   0.681022   0.006011   0.268000  -5.231325    902      2
 5.6405E+00   7.500655   0.597728 -30.528036   2.617647  -8.570366   0.000000   0.304953   0.003636   0.014000   0.017819      5
 2.7217E+06   0.962166   3.775190 -11.740170 -99.000000  -8.865061   0.000000   0.000064   0.001460   0.014025  0.000E+00  max increase


__________________________________________________________________________________________________________________________________________________

       step    lg_Tmax     Teff     lg_LH      lg_Lnuc_tot     Mass       H_rich     H_cntr     N_cntr     Y_surf   eta_cntr   zones  retry
  lg_dt_yrs    lg_Tcntr    lg_R     lg_L3a     lg_Lneu     lg_Mdot    He_core    He_cntr    O_cntr     Z_surf   gam_cntr   iters  
    age_yrs    lg_Dcntr    lg_L     lg_LZ      lg_Lphoto   lg_Dsurf   CO_core    C_cntr     Ne_cntr    Z_cntr   v_div_cs       dt_limit
__________________________________________________________________________________________________________________________________________________

        160   7.500379  2.543E+04   3.781098   3.781098   9.994930   9.994930   0.673250   0.006296   0.268000  -5.243086    919      2
 5.7197E+00   7.500379   0.602305 -30.519005   2.622433  -8.441416   0.000000   0.312767   0.003307   0.014000   0.017860      5
 3.2461E+06   0.958663   3.780651 -11.263049 -99.000000  -8.871222   0.000000   0.000067   0.001460   0.013983  0.000E+00  max increase

        161   7.500290  2.537E+04   3.787799   3.787799   9.992524   9.992524   0.663714   0.006593   0.268000  -5.256571    918      2
 5.7989E+00   7.500290   0.607685 -30.493571   2.628479  -8.417596   0.000000   0.322346   0.002963   0.014000   0.017913      5
 3.8754E+06   0.955165   3.787386 -11.564079 -99.000000  -8.878453   0.000000   0.000070   0.001460   0.013940  0.000E+00  max increase

        162   7.500451  2.531E+04   3.796082   3.796082   9.989543   9.989543   0.651969   0.006898   0.268000  -5.272211    921      2
 5.8780E+00   7.500451   0.614072 -30.447134   2.636096  -8.403648   0.000000   0.334136   0.002610   0.014000   0.017982      5
 4.6306E+06   0.951705   3.795698 -12.041200 -99.000000  -8.887032   0.000000   0.000074   0.001460   0.013895  0.000E+00  max increase

        163   7.500855  2.524E+04   3.805001   3.805001   9.986299   9.986299   0.639346   0.007173   0.268000  -5.288197    924      2
 5.8974E+00   7.500855   0.620765 -30.384860   2.644410  -8.386298   0.000000   0.346799   0.002291   0.014000   0.018059      5
 5.4201E+06   0.948715   3.804639 -99.000000 -99.000000  -8.896019   0.000000   0.000077   0.001460   0.013855  0.000E+00      XHe_cntr

        164   7.501375  2.518E+04   3.813188   3.813188   9.983269   9.983269   0.627755   0.007390   0.268000  -5.302333    925      2
 5.8490E+00   7.501375   0.626824 -30.319967   2.652113  -8.367540   0.000000   0.358422   0.002041   0.014000   0.018133      5
 6.1265E+06   0.946455   3.812840 -99.000000 -99.000000  -8.904160   0.000000   0.000079   0.001460   0.013823  0.000E+00      XHe_cntr

        165   7.501984  2.513E+04   3.821019   3.821019   9.980325   9.980325   0.616571   0.007571   0.268000  -5.315509    921      2
 5.8192E+00   7.501984   0.632606 -30.252051   2.659518  -8.350287   0.000000   0.369632   0.001831   0.014000   0.018209      5
 6.7859E+06   0.944656   3.820679 -11.740170 -99.000000  -8.911935   0.000000   0.000081   0.001460   0.013797  0.000E+00      XHe_cntr

        166   7.502663  2.508E+04   3.828636   3.828636   9.977414   9.977414   0.605651   0.007726   0.268000  -5.328059    931      2
 5.7979E+00   7.502663   0.638223 -30.181662   2.666766  -8.333787   0.000000   0.380575   0.001651   0.014000   0.018285      5
 7.4138E+06   0.943185   3.828302 -99.000000 -99.000000  -8.919499   0.000000   0.000083   0.001460   0.013774  0.000E+00      XHe_cntr

        167   7.503403  2.503E+04   3.836129   3.836129   9.974508   9.974508   0.594882   0.007860   0.268000  -5.340163    920      2
 5.7810E+00   7.503403   0.643758 -30.109007   2.673926  -8.317736   0.000000   0.391364   0.001495   0.014000   0.018363      5
 8.0178E+06   0.941977   3.835799 -11.564079 -99.000000  -8.926960   0.000000   0.000085   0.001460   0.013754  0.000E+00      XHe_cntr

        168   7.504196  2.497E+04   3.843539   3.843539   9.971589   9.971589   0.584187   0.007979   0.268000  -5.351949    921      2
 5.7672E+00   7.504196   0.649258 -30.034258   2.681030  -8.301954   0.000000   0.402076   0.001358   0.014000   0.018444      5
 8.6029E+06   0.940985   3.843212 -99.000000 -99.000000  -8.934386   0.000000   0.000086   0.001460   0.013737  0.000E+00      XHe_cntr

        169   7.505036  2.492E+04   3.850895   3.850895   9.968647   9.968647   0.573530   0.008084   0.268000  -5.363480    914      2
 5.7550E+00   7.505036   0.654756 -29.957598   2.688103  -8.286361   0.000000   0.412749   0.001236   0.014000   0.018527      5
 9.1717E+06   0.940185   3.850569 -99.000000 -99.000000  -8.941820   0.000000   0.000088   0.001460   0.013721  0.000E+00      XHe_cntr


__________________________________________________________________________________________________________________________________________________

       step    lg_Tmax     Teff     lg_LH      lg_Lnuc_tot     Mass       H_rich     H_cntr     N_cntr     Y_surf   eta_cntr   zones  retry
  lg_dt_yrs    lg_Tcntr    lg_R     lg_L3a     lg_Lneu     lg_Mdot    He_core    He_cntr    O_cntr     Z_surf   gam_cntr   iters  
    age_yrs    lg_Dcntr    lg_L     lg_LZ      lg_Lphoto   lg_Dsurf   CO_core    C_cntr     Ne_cntr    Z_cntr   v_div_cs       dt_limit
__________________________________________________________________________________________________________________________________________________

        170   7.505918  2.487E+04   3.858208   3.858208   9.965678   9.965678   0.562889   0.008177   0.268000  -5.374804    908      2
 5.7435E+00   7.505918   0.660270 -29.879236   2.695152  -8.270903   0.000000   0.423403   0.001128   0.014000   0.018614      5
 9.7256E+06   0.939555   3.857883 -99.000000 -99.000000  -8.949289   0.000000   0.000089   0.001460   0.013708  0.000E+00      XHe_cntr

        171   7.506839  2.481E+04   3.865482   3.865482   9.962680   9.962680   0.552256   0.008260   0.268000  -5.385950    922      2
 5.7324E+00   7.506839   0.665810 -29.799367   2.702180  -8.255561   0.000000   0.434049   0.001032   0.014000   0.018704      5
 1.0266E+07   0.939077   3.865157 -99.000000 -99.000000  -8.956805   0.000000   0.000090   0.001460   0.013695  0.000E+00      XHe_cntr

        172   7.507794  2.476E+04   3.872720   3.872720   9.959652   9.959652   0.541626   0.008334   0.268000  -5.396940    915      2
 5.7215E+00   7.507794   0.671389 -29.718161   2.709186  -8.240329   0.000000   0.444690   0.000946   0.014000   0.018797      5
 1.0792E+07   0.938739   3.872393 -99.000000 -99.000000  -8.964388   0.000000   0.000091   0.001460   0.013684  0.000E+00      XHe_cntr

        173   7.508781  2.470E+04   3.879924   3.879924   9.956594   9.956594   0.530996   0.008400   0.268000  -5.407783    913      2
 5.7107E+00   7.508781   0.677012 -29.635754   2.716172  -8.225207   0.000000   0.455329   0.000868   0.014000   0.018894      5
 1.1306E+07   0.938532   3.879596 -99.000000 -99.000000  -8.972047   0.000000   0.000092   0.001460   0.013674  0.000E+00      XHe_cntr

        174   7.509793  2.464E+04   3.887100   3.887100   9.953505   9.953505   0.520455   0.008459   0.268000  -5.418446    921      2
 5.6999E+00   7.509793   0.682662 -29.552763   2.723150  -8.210193   0.000000   0.465879   0.000800   0.014000   0.018993      5
 1.1807E+07   0.938437   3.886772 -11.564079 -99.000000  -8.979756   0.000000   0.000093   0.001460   0.013666  0.000E+00      XHe_cntr

        175   7.510833  2.458E+04   3.894254   3.894254   9.950381   9.950381   0.509891   0.008513   0.268000  -5.429014    926      2
 5.6901E+00   7.510833   0.688378 -29.468639   2.730110  -8.195257   0.000000   0.476452   0.000737   0.014000   0.019095      5
 1.2297E+07   0.938455   3.893924 -99.000000 -99.000000  -8.987572   0.000000   0.000094   0.001460   0.013658  0.000E+00      XHe_cntr

        176   7.511903  2.452E+04   3.901406   3.901406   9.947217   9.947217   0.499291   0.008561   0.268000  -5.439479    922      2
 5.6807E+00   7.511903   0.694178 -29.383309   2.737078  -8.180414   0.000000   0.487058   0.000681   0.014000   0.019202      5
 1.2776E+07   0.938592   3.901072 -99.000000 -99.000000  -8.995519   0.000000   0.000095   0.001460   0.013651  0.000E+00      XHe_cntr

        177   7.513002  2.445E+04   3.908592   3.908592   9.944018   9.944018   0.488672   0.008604   0.268000  -5.449716    924      2
 5.6706E+00   7.513002   0.700078 -29.296768   2.744089  -8.165621   0.000000   0.497684   0.000631   0.014000   0.019314      5
 1.3245E+07   0.938899   3.908256 -11.740170 -99.000000  -9.003619   0.000000   0.000096   0.001460   0.013644  0.000E+00      XHe_cntr

        178   7.514128  2.439E+04   3.915742   3.915742   9.940787   9.940787   0.477994   0.008643   0.268000  -5.459861    926      2
 5.6601E+00   7.514128   0.706064 -29.209071   2.751070  -8.150794   0.000000   0.508367   0.000585   0.014000   0.019431      5
 1.3702E+07   0.939326   3.915401 -11.740170 -99.000000  -9.011858   0.000000   0.000097   0.001460   0.013638  0.000E+00      XHe_cntr

        179   7.515272  2.432E+04   3.922846   3.922846   9.937530   9.937530   0.467370   0.008678   0.268000  -5.469865    921      2
 5.6490E+00   7.515272   0.712103 -29.120957   2.758018  -8.136104   0.000000   0.518997   0.000544   0.014000   0.019551      5
 1.4147E+07   0.939850   3.922502 -99.000000 -99.000000  -9.020189   0.000000   0.000097   0.001460   0.013633  0.000E+00      XHe_cntr


__________________________________________________________________________________________________________________________________________________

       step    lg_Tmax     Teff     lg_LH      lg_Lnuc_tot     Mass       H_rich     H_cntr     N_cntr     Y_surf   eta_cntr   zones  retry
  lg_dt_yrs    lg_Tcntr    lg_R     lg_L3a     lg_Lneu     lg_Mdot    He_core    He_cntr    O_cntr     Z_surf   gam_cntr   iters  
    age_yrs    lg_Dcntr    lg_L     lg_LZ      lg_Lphoto   lg_Dsurf   CO_core    C_cntr     Ne_cntr    Z_cntr   v_div_cs       dt_limit
__________________________________________________________________________________________________________________________________________________

        180   7.516438  2.424E+04   3.929912   3.929912   9.934246   9.934246   0.456747   0.008710   0.268000  -5.479740    925      2
 5.6379E+00   7.516438   0.718222 -29.032113   2.764935  -8.121553   0.000000   0.529624   0.000507   0.014000   0.019676      5
 1.4582E+07   0.940484   3.929563 -99.000000 -99.000000  -9.028650   0.000000   0.000098   0.001460   0.013628  0.000E+00      XHe_cntr

        181   7.517627  2.417E+04   3.936945   3.936945   9.930932   9.930932   0.446114   0.008738   0.268000  -5.489506    921      2
 5.6275E+00   7.517627   0.724428 -28.942442   2.771826  -8.107140   0.000000   0.540262   0.000474   0.014000   0.019805      5
 1.5006E+07   0.941225   3.936592 -11.439140 -99.000000  -9.037254   0.000000   0.000099   0.001460   0.013624  0.000E+00      XHe_cntr

        182   7.518837  2.409E+04   3.943941   3.943941   9.927590   9.927590   0.435474   0.008764   0.268000  -5.499167    926      2
 5.6168E+00   7.518837   0.730721 -28.851995   2.778686  -8.092853   0.000000   0.550905   0.000443   0.014000   0.019940      5
 1.5420E+07   0.942071   3.943582 -99.000000 -99.000000  -9.045999   0.000000   0.000100   0.001460   0.013620  0.000E+00      XHe_cntr

        183   7.520069  2.401E+04   3.950895   3.950895   9.924223   9.924223   0.424831   0.008787   0.268000  -5.508719    926      2
 5.6060E+00   7.520069   0.737102 -28.760785   2.785512  -8.078706   0.000000   0.561552   0.000416   0.014000   0.020079      5
 1.5823E+07   0.943020   3.950531 -99.000000 -99.000000  -9.054890   0.000000   0.000100   0.001460   0.013617  0.000E+00      XHe_cntr

        184   7.521322  2.393E+04   3.957814   3.957814   9.920832   9.920832   0.414186   0.008808   0.268000  -5.518148    909      2
 5.5951E+00   7.521322   0.743581 -28.668784   2.792309  -8.064706   0.000000   0.572200   0.000391   0.014000   0.020224      5
 1.6217E+07   0.944081   3.957444 -99.000000 -99.000000  -9.063942   0.000000   0.000101   0.001460   0.013613  0.000E+00      XHe_cntr

        185   7.522597  2.384E+04   3.964692   3.964692   9.917417   9.917417   0.403540   0.008827   0.268000  -5.527468    908      2
 5.5842E+00   7.522597   0.750157 -28.575996   2.799071  -8.050845   0.000000   0.582850   0.000369   0.014000   0.020374      5
 1.6601E+07   0.945246   3.964316 -99.000000 -99.000000  -9.073154   0.000000   0.000101   0.001460   0.013611  0.000E+00      XHe_cntr

        186   7.523893  2.375E+04   3.971525   3.971525   9.913981   9.913981   0.392892   0.008844   0.268000  -5.536676    894      2
 5.5733E+00   7.523893   0.756833 -28.482401   2.805793  -8.037140   0.000000   0.593500   0.000349   0.014000   0.020529      5
 1.6975E+07   0.946519   3.971142 -99.000000 -99.000000  -9.082532   0.000000   0.000102   0.001460   0.013608  0.000E+00      XHe_cntr

        187   7.525212  2.366E+04   3.978316   3.978316   9.910523   9.910523   0.382243   0.008859   0.268000  -5.545747    899      2
 5.5623E+00   7.525212   0.763612 -28.387945   2.812480  -8.023597   0.000000   0.604151   0.000330   0.014000   0.020691      5
 1.7340E+07   0.947910   3.977927 -99.000000 -99.000000  -9.092081   0.000000   0.000103   0.001460   0.013606  0.000E+00      XHe_cntr

        188   7.526558  2.356E+04   3.985057   3.985057   9.907047   9.907047   0.371541   0.008873   0.268000  -5.554723    905      2
 5.5514E+00   7.526558   0.770507 -28.292256   2.819118  -8.010210   0.000000   0.614855   0.000314   0.014000   0.020860      5
 1.7696E+07   0.949425   3.984660 -99.000000 -99.000000  -9.101822   0.000000   0.000103   0.001460   0.013603  0.000E+00      XHe_cntr

        189   7.527921  2.346E+04   3.991743   3.991743   9.903557   9.903557   0.360905   0.008885   0.268000  -5.563541    896      2
 5.5399E+00   7.527921   0.777493 -28.196109   2.825712  -7.997016   0.000000   0.625494   0.000299   0.014000   0.021033      5
 1.8043E+07   0.951042   3.991340 -11.740170 -99.000000  -9.111720   0.000000   0.000104   0.001460   0.013601  0.000E+00      XHe_cntr


__________________________________________________________________________________________________________________________________________________

       step    lg_Tmax     Teff     lg_LH      lg_Lnuc_tot     Mass       H_rich     H_cntr     N_cntr     Y_surf   eta_cntr   zones  retry
  lg_dt_yrs    lg_Tcntr    lg_R     lg_L3a     lg_Lneu     lg_Mdot    He_core    He_cntr    O_cntr     Z_surf   gam_cntr   iters  
    age_yrs    lg_Dcntr    lg_L     lg_LZ      lg_Lphoto   lg_Dsurf   CO_core    C_cntr     Ne_cntr    Z_cntr   v_div_cs       dt_limit
__________________________________________________________________________________________________________________________________________________

        190   7.529308  2.336E+04   3.998387   3.998387   9.900052   9.900052   0.350275   0.008896   0.268000  -5.572208    902      2
 5.5286E+00   7.529308   0.784590 -28.099006   2.832266  -7.983997   0.000000   0.636126   0.000285   0.014000   0.021214      5
 1.8381E+07   0.952783   3.997977 -99.000000 -99.000000  -9.121809   0.000000   0.000104   0.001460   0.013600  0.000E+00      XHe_cntr

        191   7.530724  2.326E+04   4.005036   4.005036   9.896529   9.896529   0.339632   0.008906   0.268000  -5.580627    898      2
 5.5181E+00   7.530724   0.791844 -28.000565   2.838830  -7.971147   0.000000   0.646770   0.000273   0.014000   0.021403      5
 1.8710E+07   0.954707   4.004618 -11.439140 -99.000000  -9.132156   0.000000   0.000105   0.001460   0.013598  0.000E+00      XHe_cntr

        192   7.532168  2.315E+04   4.011646   4.011646   9.892990   9.892990   0.328984   0.008916   0.268000  -5.588914    911      2
 5.5073E+00   7.532168   0.799224 -27.900918   2.845359  -7.958367   0.000000   0.657420   0.000262   0.014000   0.021599      5
 1.9032E+07   0.956760   4.011220 -99.000000 -99.000000  -9.142719   0.000000   0.000106   0.001460   0.013596  0.000E+00      XHe_cntr

        193   7.533640  2.304E+04   4.018215   4.018215   9.889436   9.889436   0.318331   0.008924   0.268000  -5.597044    904      2
 5.4964E+00   7.533640   0.806744 -27.799995   2.851851  -7.945752   0.000000   0.668074   0.000251   0.014000   0.021803      5
 1.9345E+07   0.958953   4.017781 -11.740170 -99.000000  -9.153528   0.000000   0.000106   0.001460   0.013595  0.000E+00      XHe_cntr

        194   7.535142  2.292E+04   4.024735   4.024735   9.885871   9.885871   0.307677   0.008931   0.268000  -5.605038    904      2
 5.4854E+00   7.535142   0.814395 -27.697750   2.858298  -7.933310   0.000000   0.678730   0.000242   0.014000   0.022015      5
 1.9651E+07   0.961280   4.024292 -11.439140 -99.000000  -9.164573   0.000000   0.000107   0.001460   0.013594  0.000E+00      XHe_cntr

        195   7.536677  2.280E+04   4.031217   4.031217   9.882296   9.882296   0.297020   0.008938   0.268000  -5.612853    910      2
 5.4744E+00   7.536677   0.822191 -27.594027   2.864711  -7.921063   0.000000   0.689387   0.000234   0.014000   0.022236      5
 1.9949E+07   0.963762   4.030765 -99.000000 -99.000000  -9.175879   0.000000   0.000107   0.001460   0.013593  0.000E+00      XHe_cntr

        196   7.538245  2.268E+04   4.037650   4.037650   9.878713   9.878713   0.286363   0.008944   0.268000  -5.620501    907      2
 5.4633E+00   7.538245   0.830134 -27.488754   2.871079  -7.908986   0.000000   0.700046   0.000226   0.014000   0.022465      5
 2.0240E+07   0.966397   4.037189 -99.000000 -99.000000  -9.187455   0.000000   0.000108   0.001460   0.013592  0.000E+00      XHe_cntr

        197   7.539849  2.255E+04   4.044030   4.044030   9.875122   9.875122   0.275704   0.008949   0.268000  -5.627963    913      2
 5.4522E+00   7.539849   0.838218 -27.381805   2.877398  -7.897110   0.000000   0.710705   0.000219   0.014000   0.022705      5
 2.0523E+07   0.969198   4.043560 -99.000000 -99.000000  -9.199303   0.000000   0.000109   0.001460   0.013591  0.000E+00      XHe_cntr

        198   7.541492  2.242E+04   4.050369   4.050369   9.871527   9.871527   0.265045   0.008954   0.268000  -5.635232    906      2
 5.4411E+00   7.541492   0.846466 -27.272991   2.883678  -7.885439   0.000000   0.721365   0.000213   0.014000   0.022954      5
 2.0799E+07   0.972172   4.049889 -11.740170 -99.000000  -9.211464   0.000000   0.000109   0.001460   0.013590  0.000E+00      XHe_cntr

        199   7.543177  2.228E+04   4.056655   4.056655   9.867929   9.867929   0.254385   0.008959   0.268000  -5.642320    916      2
 5.4300E+00   7.543177   0.854867 -27.162189   2.889909  -7.873959   0.000000   0.732026   0.000207   0.014000   0.023213      5
 2.1069E+07   0.975317   4.056166 -11.740170 -99.000000  -9.223928   0.000000   0.000110   0.001460   0.013589  0.000E+00      XHe_cntr


__________________________________________________________________________________________________________________________________________________

       step    lg_Tmax     Teff     lg_LH      lg_Lnuc_tot     Mass       H_rich     H_cntr     N_cntr     Y_surf   eta_cntr   zones  retry
  lg_dt_yrs    lg_Tcntr    lg_R     lg_L3a     lg_Lneu     lg_Mdot    He_core    He_cntr    O_cntr     Z_surf   gam_cntr   iters  
    age_yrs    lg_Dcntr    lg_L     lg_LZ      lg_Lphoto   lg_Dsurf   CO_core    C_cntr     Ne_cntr    Z_cntr   v_div_cs       dt_limit
__________________________________________________________________________________________________________________________________________________

        200   7.544907  2.214E+04   4.062900   4.062900   9.864330   9.864330   0.243723   0.008963   0.268000  -5.649171    913      2
 5.4189E+00   7.544907   0.863441 -27.049150   2.896102  -7.862692   0.000000   0.742688   0.000201   0.014000   0.023484      5
 2.1331E+07   0.978667   4.062400 -11.740170 -99.000000  -9.236733   0.000000   0.000111   0.001460   0.013588  0.000E+00      XHe_cntr

save LOGS/profile5.data for model 200
save photos/x200 for model 200
        201   7.546686  2.200E+04   4.069100   4.069100   9.860731   9.860731   0.233061   0.008966   0.268000  -5.655798    929      2
 5.4078E+00   7.546686   0.872184 -26.933679   2.902253  -7.851621   0.000000   0.753352   0.000197   0.014000   0.023767      5
 2.1587E+07   0.982220   4.068589 -99.000000 -99.000000  -9.249871   0.000000   0.000111   0.001460   0.013587  0.000E+00      XHe_cntr

        202   7.548518  2.185E+04   4.075248   4.075248   9.857135   9.857135   0.222398   0.008969   0.268000  -5.662192    919      2
 5.3966E+00   7.548518   0.881107 -26.815541   2.908355  -7.840753   0.000000   0.764016   0.000192   0.014000   0.024062      5
 2.1836E+07   0.985988   4.074727 -11.263049 -99.000000  -9.263363   0.000000   0.000112   0.001460   0.013587  0.000E+00      XHe_cntr

        203   7.550410  2.170E+04   4.081350   4.081350   9.853542   9.853542   0.211733   0.008972   0.268000  -5.668325    918      2
 5.3855E+00   7.550410   0.890213 -26.694442   2.914413  -7.830108   0.000000   0.774681   0.000188   0.014000   0.024370      5
 2.2079E+07   0.989991   4.080818 -99.000000 -99.000000  -9.277215   0.000000   0.000113   0.001460   0.013586  0.000E+00      XHe_cntr

        204   7.552366  2.154E+04   4.087408   4.087408   9.849956   9.849956   0.201067   0.008975   0.268000  -5.674164    914      2
 5.3743E+00   7.552366   0.899512 -26.570024   2.920431  -7.819677   0.000000   0.785347   0.000184   0.014000   0.024692      5
 2.2316E+07   0.994255   4.086865 -99.000000 -99.000000  -9.291441   0.000000   0.000113   0.001460   0.013585  0.000E+00      XHe_cntr

        205   7.554396  2.138E+04   4.093455   4.093455   9.846378   9.846378   0.190399   0.008977   0.268000  -5.679568    924      2
 5.3631E+00   7.554396   0.909042 -26.441774   2.926441  -7.809458   0.000000   0.796016   0.000180   0.014000   0.025030      5
 2.2546E+07   0.998852   4.092902 -11.439140 -99.000000  -9.306097   0.000000   0.000114   0.001460   0.013585  0.000E+00      XHe_cntr

        206   7.556506  2.122E+04   4.099462   4.099462   9.842810   9.842810   0.179729   0.008979   0.268000  -5.684603    931      2
 5.3519E+00   7.556506   0.918778 -26.309341   2.932413  -7.799391   0.000000   0.806686   0.000177   0.014000   0.025383      5
 2.2771E+07   1.003768   4.098898 -99.000000 -99.000000  -9.321148   0.000000   0.000115   0.001460   0.013584  0.000E+00      XHe_cntr

        207   7.558683  2.105E+04   4.105428   4.105428   9.839253   9.839253   0.169188   0.008981   0.268000  -5.689254    925      2
 5.3406E+00   7.558683   0.928686 -26.173704   2.938346  -7.789533   0.000000   0.817228   0.000174   0.014000   0.025749      5
 2.2990E+07   1.008939   4.104857 -11.740170 -99.000000  -9.336538   0.000000   0.000116   0.001460   0.013584  0.000E+00      XHe_cntr

        208   7.560988  2.087E+04   4.111368   4.111368   9.835699   9.835699   0.158481   0.008982   0.268000  -5.693522    925      2
 5.3306E+00   7.560988   0.938874 -26.030910   2.944254  -7.779860   0.000000   0.827936   0.000171   0.014000   0.026138      5
 2.3204E+07   1.014566   4.110783 -99.000000 -99.000000  -9.352437   0.000000   0.000116   0.001460   0.013583  0.000E+00      XHe_cntr

        209   7.563416  2.069E+04   4.117281   4.117281   9.832154   9.832154   0.147754   0.008984   0.268000  -5.697282    928      2
 5.3200E+00   7.563416   0.949302 -25.881687   2.950139  -7.770419   0.000000   0.838663   0.000168   0.014000   0.026548      5
 2.3413E+07   1.020646   4.116686 -99.000000 -99.000000  -9.368777   0.000000   0.000117   0.001460   0.013583  0.000E+00      XHe_cntr


__________________________________________________________________________________________________________________________________________________

       step    lg_Tmax     Teff     lg_LH      lg_Lnuc_tot     Mass       H_rich     H_cntr     N_cntr     Y_surf   eta_cntr   zones  retry
  lg_dt_yrs    lg_Tcntr    lg_R     lg_L3a     lg_Lneu     lg_Mdot    He_core    He_cntr    O_cntr     Z_surf   gam_cntr   iters  
    age_yrs    lg_Dcntr    lg_L     lg_LZ      lg_Lphoto   lg_Dsurf   CO_core    C_cntr     Ne_cntr    Z_cntr   v_div_cs       dt_limit
__________________________________________________________________________________________________________________________________________________

        210   7.565973  2.051E+04   4.123131   4.123131   9.828635   9.828635   0.137050   0.008985   0.268000  -5.700527    920      2
 5.3076E+00   7.565973   0.959906 -25.725782   2.955963  -7.761163   0.000000   0.849368   0.000166   0.014000   0.026977      5
 2.3616E+07   1.027172   4.122529 -11.439140 -99.000000  -9.385447   0.000000   0.000118   0.001460   0.013582  0.000E+00      XHe_cntr

        211   7.568682  2.033E+04   4.128934   4.128934   9.825139   9.825139   0.126356   0.008986   0.268000  -5.703168    919      2
 5.2957E+00   7.568682   0.970700 -25.561834   2.961742  -7.752152   0.000000   0.860062   0.000163   0.014000   0.027427      5
 2.3814E+07   1.034225   4.128326 -99.000000 -99.000000  -9.402461   0.000000   0.000119   0.001460   0.013582  0.000E+00      XHe_cntr

        212   7.571572  2.014E+04   4.134713   4.134713   9.821667   9.821667   0.115667   0.008987   0.268000  -5.705070    928      2
 5.2840E+00   7.571572   0.981698 -25.388229   2.967499  -7.743359   0.000000   0.870752   0.000161   0.014000   0.027901      5
 2.4006E+07   1.041910   4.134100 -99.000000 -99.000000  -9.419817   0.000000   0.000120   0.001460   0.013581  0.000E+00      XHe_cntr

        213   7.574661  1.995E+04   4.140460   4.140460   9.818219   9.818219   0.105049   0.008987   0.268000  -5.706175    930      2
 5.2724E+00   7.574661   0.992847 -25.204235   2.973226  -7.734730   0.000000   0.881370   0.000159   0.014000   0.028396      5
 2.4193E+07   1.050253   4.139849 -11.439140 -99.000000  -9.437412   0.000000   0.000121   0.001460   0.013581  0.000E+00      XHe_cntr

        214   7.578017  1.975E+04   4.146215   4.146215   9.814789   7.396548   0.094413   0.008988   0.268000  -5.706242    923      2
 5.2615E+00   7.578017   1.004192 -25.005921   2.978963  -7.726249   2.418241   0.892007   0.000157   0.014000   0.028920      5
 2.4376E+07   1.059499   4.145607 -11.439140 -99.000000  -9.455292   0.000000   0.000123   0.001460   0.013580  0.000E+00      XHe_cntr

        215   7.581710  1.956E+04   4.151989   4.151989   9.811376   7.393135   0.083745   0.008988   0.268000  -5.705023    933      2
 5.2510E+00   7.581710   1.015699 -24.789613   2.984721  -7.717850   2.418241   0.902675   0.000154   0.014000   0.029474      5
 2.4554E+07   1.069865   4.151392 -11.263049 -99.000000  -9.473407   0.000000   0.000124   0.001460   0.013580  0.000E+00      XHe_cntr

        216   7.585826  1.936E+04   4.157777   4.157777   9.807984   7.389743   0.073060   0.008988   0.268000  -5.702285    924      2
 5.2399E+00   7.585826   1.027248 -24.550728   2.990494  -7.709471   2.418241   0.913360   0.000152   0.014000   0.030061      5
 2.4728E+07   1.081579   4.157204 -11.138110 -99.000000  -9.491576   0.000000   0.000126   0.001460   0.013579  0.000E+00      XHe_cntr

        217   7.590400  1.918E+04   4.163448   4.163448   9.804702   7.386461   0.062565   0.008988   0.268000  -5.697653    936      2
 5.2172E+00   7.590400   1.038413 -24.287810   2.996153  -7.701051   2.418241   0.923856   0.000150   0.014000   0.030671      5
 2.4893E+07   1.094774   4.162915 -11.740170 -99.000000  -9.509139   0.000000   0.000127   0.001460   0.013579  0.000E+00    lg_XH_cntr

        218   7.595273  1.902E+04   4.168756   4.168756   9.801686   7.383446   0.052851   0.008988   0.268000  -5.691054    944      2
 5.1721E+00   7.595273   1.048476 -24.010308   3.001452  -7.692679   2.418241   0.933571   0.000148   0.014000   0.031267      5
 2.5041E+07   1.108994   4.168289 -11.439140 -99.000000  -9.524966   0.000000   0.000129   0.001460   0.013578  0.000E+00    lg_XH_cntr

        219   7.600291  1.889E+04   4.173543   4.173543   9.799026   7.380785   0.044284   0.008987   0.268000  -5.682690    950      2
 5.1095E+00   7.600291   1.056954 -23.727661   3.006232  -7.684570   2.418241   0.942139   0.000146   0.014000   0.031820      5
 2.5170E+07   1.123761   4.173175 -99.000000 -99.000000  -9.538286   0.000000   0.000131   0.001460   0.013578  0.000E+00    lg_XH_cntr


__________________________________________________________________________________________________________________________________________________

       step    lg_Tmax     Teff     lg_LH      lg_Lnuc_tot     Mass       H_rich     H_cntr     N_cntr     Y_surf   eta_cntr   zones  retry
  lg_dt_yrs    lg_Tcntr    lg_R     lg_L3a     lg_Lneu     lg_Mdot    He_core    He_cntr    O_cntr     Z_surf   gam_cntr   iters  
    age_yrs    lg_Dcntr    lg_L     lg_LZ      lg_Lphoto   lg_Dsurf   CO_core    C_cntr     Ne_cntr    Z_cntr   v_div_cs       dt_limit
__________________________________________________________________________________________________________________________________________________

        220   7.605419  1.879E+04   4.177776   4.177776   9.796733   7.378493   0.036853   0.008986   0.268000  -5.672740    954      2
 5.0371E+00   7.605419   1.063656 -23.441760   3.010460  -7.676844   2.418241   0.949570   0.000144   0.014000   0.032322      5
 2.5279E+07   1.138935   4.177547 -99.000000 -99.000000  -9.548787   0.000000   0.000133   0.001460   0.013577  0.000E+00    lg_XH_cntr

        221   7.610575  1.872E+04   4.181493   4.181493   9.794790   7.376550   0.030561   0.008985   0.268000  -5.661459    955      2
 4.9579E+00   7.610575   1.068619 -23.157027   3.014174  -7.669461   2.418241   0.955863   0.000143   0.014000   0.032764      5
 2.5370E+07   1.154272   4.181449 -11.439140 -99.000000  -9.556508   0.000000   0.000135   0.001460   0.013577  0.000E+00    lg_XH_cntr

        222   7.615766  1.869E+04   4.184713   4.184713   9.793161   7.374921   0.025253   0.008984   0.268000  -5.648990    953      2
 4.8743E+00   7.615766   1.071922 -22.872999   3.017392  -7.662333   2.418241   0.961171   0.000141   0.014000   0.033150      5
 2.5445E+07   1.169775   4.184919 -99.000000 -99.000000  -9.561564   0.000000   0.000137   0.001460   0.013576  0.000E+00    lg_XH_cntr

        223   7.620937  1.868E+04   4.187496   4.187496   9.791805   7.373565   0.020844   0.008983   0.268000  -5.635625    965      2
 4.7877E+00   7.620937   1.073748 -22.592522   3.020174  -7.655408   2.418241   0.965580   0.000140   0.014000   0.033480      5
 2.5506E+07   1.185269   4.188020 -99.000000 -99.000000  -9.564245   0.000000   0.000139   0.001460   0.013576  0.000E+00    lg_XH_cntr

        224   7.626034  1.870E+04   4.189895   4.189895   9.790682   7.372441   0.017229   0.008981   0.268000  -5.621657    963      2
 4.6991E+00   7.626034   1.074345 -22.318462   3.022573  -7.648622   2.418241   0.969196   0.000139   0.014000   0.033759      5
 2.5556E+07   1.200580   4.190807 -11.740170 -99.000000  -9.564946   0.000000   0.000141   0.001460   0.013575  0.000E+00    lg_XH_cntr

        225   7.631101  1.874E+04   4.191950   4.191950   9.789750   7.371510   0.014240   0.008980   0.268000  -5.607104    966      2
 4.6112E+00   7.631101   1.073887 -22.048229   3.024628  -7.641968   2.418241   0.972185   0.000138   0.014000   0.033994      5
 2.5597E+07   1.215838   4.193358 -11.439140 -99.000000  -9.563947   0.000000   0.000143   0.001460   0.013575  0.000E+00    lg_XH_cntr

        226   7.636148  1.879E+04   4.193699   4.193699   9.788977   7.370736   0.011767   0.008978   0.268000  -5.592027    971      2
 4.5239E+00   7.636148   1.072555 -21.781154   3.026378  -7.635349   2.418241   0.974659   0.000137   0.014000   0.034193      5
 2.5630E+07   1.231077   4.195725 -11.439140 -99.000000  -9.561542   0.000000   0.000145   0.001460   0.013574  0.000E+00    lg_XH_cntr

        227   7.641132  1.886E+04   4.195175   4.195175   9.788335   7.370094   0.009739   0.008977   0.268000  -5.576656    980      2
 4.4363E+00   7.641132   1.070539 -21.519385   3.027856  -7.628724   2.418241   0.976687   0.000137   0.014000   0.034360      5
 2.5658E+07   1.246160   4.197937 -99.000000 -99.000000  -9.558046   0.000000   0.000147   0.001460   0.013574  0.000E+00    lg_XH_cntr

        228   7.646096  1.894E+04   4.196367   4.196367   9.787801   7.369560   0.008062   0.008975   0.268000  -5.560902    984      2
 4.3496E+00   7.646096   1.067965 -21.260586   3.029049  -7.622129   2.418241   0.978365   0.000136   0.014000   0.034501      5
 2.5680E+07   1.261229   4.200049 -99.000000 -99.000000  -9.553660   0.000000   0.000149   0.001460   0.013574  0.000E+00    lg_XH_cntr

        229   7.651009  1.903E+04   4.197316   4.197316   9.787356   7.369115   0.006683   0.008973   0.268000  -5.544935    987      2
 4.2636E+00   7.651009   1.064984 -21.006312   3.030000  -7.615488   2.418241   0.979744   0.000136   0.014000   0.034621      5
 2.5698E+07   1.276186   4.202083 -99.000000 -99.000000  -9.548630   0.000000   0.000151   0.001460   0.013573  0.000E+00    lg_XH_cntr


__________________________________________________________________________________________________________________________________________________

       step    lg_Tmax     Teff     lg_LH      lg_Lnuc_tot     Mass       H_rich     H_cntr     N_cntr     Y_surf   eta_cntr   zones  retry
  lg_dt_yrs    lg_Tcntr    lg_R     lg_L3a     lg_Lneu     lg_Mdot    He_core    He_cntr    O_cntr     Z_surf   gam_cntr   iters  
    age_yrs    lg_Dcntr    lg_L     lg_LZ      lg_Lphoto   lg_Dsurf   CO_core    C_cntr     Ne_cntr    Z_cntr   v_div_cs       dt_limit
__________________________________________________________________________________________________________________________________________________

        230   7.655906  1.912E+04   4.197970   4.197970   9.786985   7.368744   0.005540   0.008971   0.268000  -5.528661    992      2
 4.1783E+00   7.655906   1.061686 -20.754558   3.030657  -7.608828   2.418241   0.980887   0.000135   0.014000   0.034723      5
 2.5713E+07   1.291153   4.204083 -99.000000 -99.000000  -9.543098   0.000000   0.000153   0.001460   0.013573  0.000E+00    lg_XH_cntr

        231   7.660755  1.922E+04   4.198372   4.198372   9.786675   7.368434   0.004599   0.008969   0.268000  -5.512234    991      2
 4.0937E+00   7.660755   1.058182 -20.506974   3.031063  -7.602084   2.418241   0.981829   0.000135   0.014000   0.034810      5
 2.5726E+07   1.306026   4.206054 -99.000000 -99.000000  -9.537243   0.000000   0.000155   0.001460   0.013572  0.000E+00    lg_XH_cntr

        232   7.665550  1.932E+04   4.198481   4.198481   9.786415   7.368174   0.003824   0.008967   0.268000  -5.495684    996      2
 4.0098E+00   7.665550   1.054562 -20.263749   3.031176  -7.595308   2.418241   0.982604   0.000134   0.014000   0.034885      5
 2.5736E+07   1.320801   4.208017 -11.263049 -99.000000  -9.531208   0.000000   0.000157   0.001460   0.013572  0.000E+00    lg_XH_cntr

        233   7.670334  1.943E+04   4.198214   4.198214   9.786197   7.367956   0.003179   0.008965   0.268000  -5.478856    995      2
 3.9274E+00   7.670334   1.050883 -20.022663   3.030913  -7.588493   2.418241   0.983250   0.000134   0.014000   0.034952      5
 2.5745E+07   1.335623   4.210015 -99.000000 -99.000000  -9.525075   0.000000   0.000159   0.001460   0.013572  0.000E+00    lg_XH_cntr

        234   7.675068  1.953E+04   4.197629   4.197629   9.786013   7.367773   0.002646   0.008963   0.268000  -5.461915    994      2
 3.8454E+00   7.675068   1.047212 -19.785531   3.030334  -7.581563   2.418241   0.983783   0.000134   0.014000   0.035012      5
 2.5752E+07   1.350372   4.212037 -11.439140 -99.000000  -9.518952   0.000000   0.000161   0.001460   0.013571  0.000E+00    lg_XH_cntr

        235   7.679743  1.964E+04   4.196656   4.196656   9.785858   7.367618   0.002205   0.008961   0.268000  -5.444890    997      2
 3.7640E+00   7.679743   1.043611 -19.552821   3.029368  -7.574579   2.418241   0.984224   0.000133   0.014000   0.035066      5
 2.5757E+07   1.365028   4.214087 -99.000000 -99.000000  -9.512935   0.000000   0.000163   0.001460   0.013571  0.000E+00    lg_XH_cntr

        236   7.684392  1.974E+04   4.195142   4.195142   9.785728   7.367487   0.001838   0.008959   0.268000  -5.427635   1002      2
 3.6841E+00   7.684392   1.040113 -19.322772   3.027862  -7.567563   2.418241   0.984591   0.000133   0.014000   0.035117      5
 2.5762E+07   1.379712   4.216195 -99.000000 -99.000000  -9.507070   0.000000   0.000165   0.001460   0.013571  0.000E+00    lg_XH_cntr

        237   7.688993  1.984E+04   4.193131   4.193131   9.785617   7.367376   0.001533   0.008957   0.268000  -5.410238   1004      2
 3.6046E+00   7.688993   1.036757 -19.096361   3.025859  -7.560462   2.418241   0.984897   0.000133   0.014000   0.035166      5
 2.5766E+07   1.394360   4.218353 -11.740170 -99.000000  -9.501420   0.000000   0.000167   0.001460   0.013570  0.000E+00    lg_XH_cntr

        238   7.693532  1.994E+04   4.190546   4.190546   9.785523   7.367283   0.001280   0.008955   0.268000  -5.392750   1007      2
 3.5254E+00   7.693532   1.033577 -18.874302   3.023285  -7.553314   2.418241   0.985150   0.000133   0.014000   0.035213      5
 2.5770E+07   1.408931   4.220547 -99.000000 -99.000000  -9.496038   0.000000   0.000169   0.001460   0.013570  0.000E+00    lg_XH_cntr

        239   7.697983  2.003E+04   4.187406   4.187406   9.785444   7.367203   0.001071   0.008953   0.268000  -5.375275   1010      2
 3.4471E+00   7.697983   1.030595 -18.657670   3.020158  -7.546170   2.418241   0.985359   0.000133   0.014000   0.035260      5
 2.5772E+07   1.423345   4.222760 -11.439140 -99.000000  -9.490963   0.000000   0.000170   0.001460   0.013570  0.000E+00    lg_XH_cntr


__________________________________________________________________________________________________________________________________________________

       step    lg_Tmax     Teff     lg_LH      lg_Lnuc_tot     Mass       H_rich     H_cntr     N_cntr     Y_surf   eta_cntr   zones  retry
  lg_dt_yrs    lg_Tcntr    lg_R     lg_L3a     lg_Lneu     lg_Mdot    He_core    He_cntr    O_cntr     Z_surf   gam_cntr   iters  
    age_yrs    lg_Dcntr    lg_L     lg_LZ      lg_Lphoto   lg_Dsurf   CO_core    C_cntr     Ne_cntr    Z_cntr   v_div_cs       dt_limit
__________________________________________________________________________________________________________________________________________________

        240   7.702367  2.012E+04   4.183446   4.183446   9.785376   7.367135   0.000897   0.008951   0.268000  -5.357715   1013      2
 3.3705E+00   7.702367   1.027822 -18.445470   3.016211  -7.539087   2.418241   0.985534   0.000133   0.014000   0.035307      5
 2.5775E+07   1.437679   4.224992 -99.000000 -99.000000  -9.486213   0.000000   0.000172   0.001460   0.013569  0.000E+00    lg_XH_cntr

        241   7.706652  2.021E+04   4.178880   4.178880   9.785318   7.367077   0.000752   0.008949   0.268000  -5.340210   1014      2
 3.2950E+00   7.706652   1.025264 -18.239072   3.011661  -7.532071   2.418241   0.985679   0.000132   0.014000   0.035354      5
 2.5777E+07   1.451827   4.227216 -99.000000 -99.000000  -9.481808   0.000000   0.000174   0.001460   0.013569  0.000E+00    lg_XH_cntr

        242   7.710846  2.029E+04   4.173374   4.173374   9.785268   7.367028   0.000631   0.008947   0.268000  -5.322719   1017      2
 3.2208E+00   7.710846   1.022922 -18.038039   3.006174  -7.525188   2.418241   0.985800   0.000132   0.014000   0.035403      5
 2.5778E+07   1.465822   4.229428 -99.000000 -99.000000  -9.477753   0.000000   0.000176   0.001460   0.013569  0.000E+00    lg_XH_cntr

        243   7.714945  2.036E+04   4.166953   4.166953   9.785226   7.366985   0.000531   0.008945   0.268000  -5.305261   1017      2
 3.1481E+00   7.714945   1.020789 -17.842479   2.999773  -7.518453   2.418241   0.985901   0.000132   0.014000   0.035453      3
 2.5780E+07   1.479650   4.231612 -11.041200 -99.000000  -9.474040   0.000000   0.000177   0.001460   0.013568  0.000E+00    lg_XH_cntr

        244   7.718934  2.043E+04   4.159611   4.159611   9.785189   7.366948   0.000447   0.008943   0.268000  -5.287906   1018      2
 3.0761E+00   7.718934   1.018860 -17.653044   2.992455  -7.511897   2.418241   0.985985   0.000132   0.014000   0.035505      4
 2.5781E+07   1.493258   4.233752 -11.740170 -99.000000  -9.470665   0.000000   0.000179   0.001460   0.013568  0.000E+00    lg_XH_cntr

        245   7.722799  2.050E+04   4.151352   4.151352   9.785157   7.366917   0.000376   0.008941   0.268000  -5.270748   1020      2
 3.0054E+00   7.722799   1.017124 -17.470239   2.984223  -7.505562   2.418241   0.986056   0.000132   0.014000   0.035558      4
 2.5782E+07   1.506588   4.235828 -11.740170 -99.000000  -9.467612   0.000000   0.000181   0.001460   0.013568  0.000E+00    lg_XH_cntr

        246   7.726532  2.056E+04   4.142195   4.142195   9.785130   7.366889   0.000318   0.008940   0.268000  -5.253824   1029      2
 2.9364E+00   7.726532   1.015566 -17.294426   2.975094  -7.499487   2.418241   0.986115   0.000132   0.014000   0.035613      3
 2.5783E+07   1.519611   4.237828 -99.000000 -99.000000  -9.464861   0.000000   0.000182   0.001460   0.013567  0.000E+00    lg_XH_cntr

        247   7.730138  2.061E+04   4.131843   4.131843   9.785106   7.366866   0.000269   0.008938   0.268000  -5.237126   1033      2
 2.8691E+00   7.730138   1.014170 -17.125207   2.964775  -7.493697   2.418241   0.986164   0.000132   0.014000   0.035670      3
 2.5784E+07   1.532341   4.239748 -11.263049 -99.000000  -9.462384   0.000000   0.000184   0.001460   0.013567  0.000E+00    lg_XH_cntr

        248   7.733599  2.067E+04   4.120794   4.120794   9.785086   7.366845   0.000228   0.008937   0.268000  -5.220767   1033      2
 2.8031E+00   7.733599   1.012924 -16.963374   2.953761  -7.488192   2.418241   0.986205   0.000132   0.014000   0.035728      3
 2.5784E+07   1.544701   4.241572 -99.000000 -99.000000  -9.460165   0.000000   0.000185   0.001460   0.013567  0.000E+00    lg_XH_cntr

        249   7.736915  2.071E+04   4.108724   4.108724   9.785068   7.366827   0.000193   0.008935   0.268000  -5.204771   1036      2
 2.7387E+00   7.736915   1.011811 -16.808852   2.941729  -7.483005   2.418241   0.986240   0.000132   0.014000   0.035786      3
 2.5785E+07   1.556680   4.243300 -99.000000 -99.000000  -9.458177   0.000000   0.000186   0.001460   0.013567  0.000E+00    lg_XH_cntr


__________________________________________________________________________________________________________________________________________________

       step    lg_Tmax     Teff     lg_LH      lg_Lnuc_tot     Mass       H_rich     H_cntr     N_cntr     Y_surf   eta_cntr   zones  retry
  lg_dt_yrs    lg_Tcntr    lg_R     lg_L3a     lg_Lneu     lg_Mdot    He_core    He_cntr    O_cntr     Z_surf   gam_cntr   iters  
    age_yrs    lg_Dcntr    lg_L     lg_LZ      lg_Lphoto   lg_Dsurf   CO_core    C_cntr     Ne_cntr    Z_cntr   v_div_cs       dt_limit
__________________________________________________________________________________________________________________________________________________

        250   7.740078  2.076E+04   4.096187   4.096187   9.785052   7.366811   0.000164   0.008934   0.268000  -5.189210   1036      2
 2.6764E+00   7.740078   1.010819 -16.661950   2.929232  -7.478129   2.418241   0.986269   0.000132   0.014000   0.035846      3
 2.5785E+07   1.568237   4.244924 -99.000000 -99.000000  -9.456397   0.000000   0.000187   0.001460   0.013567  0.000E+00    lg_XH_cntr

save LOGS/profile6.data for model 250
save photos/x250 for model 250
        251   7.743092  2.080E+04   4.082870   4.082870   9.785038   7.366797   0.000140   0.008933   0.268000  -5.174088   1040      2
 2.6162E+00   7.743092   1.009932 -16.522399   2.915958  -7.473574   2.418241   0.986294   0.000132   0.014000   0.035905      3
 2.5786E+07   1.579374   4.246446 -10.837080 -99.000000  -9.454802   0.000000   0.000188   0.001460   0.013566  0.000E+00    lg_XH_cntr

        252   7.745960  2.083E+04   4.068961   4.068961   9.785026   7.366785   0.000119   0.008931   0.268000  -5.159415   1042      2
 2.5583E+00   7.745960   1.009138 -16.389949   2.902096  -7.469326   2.418241   0.986314   0.000132   0.014000   0.035966      3
 2.5786E+07   1.590094   4.247871 -11.740170 -99.000000  -9.453370   0.000000   0.000189   0.001460   0.013566  0.000E+00    lg_XH_cntr

        253   7.748675  2.086E+04   4.055058   4.055058   9.785015   7.366774   0.000102   0.008930   0.268000  -5.145258   1042      2
 2.5019E+00   7.748675   1.008427 -16.264868   2.888241  -7.465372   2.418241   0.986332   0.000132   0.014000   0.036026      3
 2.5786E+07   1.600358   4.249195 -99.000000 -99.000000  -9.452086   0.000000   0.000190   0.001460   0.013566  0.000E+00    lg_XH_cntr

        254   7.751247  2.089E+04   4.040863   4.040863   9.785005   7.366765   0.000088   0.008929   0.268000  -5.131594   1045      2
 2.4483E+00   7.751247   1.007788 -16.146658   2.874096  -7.461710   2.418241   0.986347   0.000132   0.014000   0.036085      3
 2.5787E+07   1.610190   4.250426 -99.000000 -99.000000  -9.450929   0.000000   0.000191   0.001460   0.013566  0.000E+00    lg_XH_cntr

        255   7.753686  2.092E+04   4.026368   4.026368   9.784996   7.366756   0.000075   0.008928   0.268000  -5.118394   1045      2
 2.3973E+00   7.753686   1.007211 -16.034822   2.859652  -7.458318   2.418241   0.986359   0.000132   0.014000   0.036145      3
 2.5787E+07   1.619618   4.251570 -99.000000 -99.000000  -9.449883   0.000000   0.000192   0.001460   0.013566  0.000E+00    lg_XH_cntr

        256   7.755987  2.095E+04   4.012210   4.012210   9.784989   7.366748   0.000065   0.008927   0.268000  -5.105707   1047      2
 2.3472E+00   7.755987   1.006691 -15.929479   2.845547  -7.455174   2.418241   0.986370   0.000132   0.014000   0.036204      3
 2.5787E+07   1.628614   4.252629 -99.000000 -99.000000  -9.448939   0.000000   0.000193   0.001460   0.013566  0.000E+00    lg_XH_cntr

        257   7.758157  2.097E+04   3.998344   3.998344   9.784982   7.366741   0.000056   0.008927   0.268000  -5.093524   1048      2
 2.2991E+00   7.758157   1.006221 -15.830319   2.831732  -7.452271   2.418241   0.986379   0.000132   0.014000   0.036262      3
 2.5787E+07   1.637191   4.253608 -99.000000 -99.000000  -9.448084   0.000000   0.000193   0.001460   0.013566  0.000E+00    lg_XH_cntr

        258   7.760205  2.099E+04   3.984918   3.984918   9.784975   7.366735   0.000048   0.008926   0.268000  -5.081823   1048      2
 2.2535E+00   7.760205   1.005794 -15.736914   2.818359  -7.449593   2.418241   0.986387   0.000132   0.014000   0.036320      3
 2.5787E+07   1.645374   4.254514 -11.439140 -99.000000  -9.447308   0.000000   0.000194   0.001460   0.013565  0.000E+00    lg_XH_cntr

        259   7.762124  2.101E+04   3.972100   3.972100   9.784969   7.366729   0.000041   0.008925   0.268000  -5.070623   1055      2
 2.2096E+00   7.762124   1.005405 -15.648903   2.805593  -7.447121   2.418241   0.986393   0.000132   0.014000   0.036377      3
 2.5788E+07   1.653144   4.255351 -11.439140 -99.000000  -9.446601   0.000000   0.000195   0.001460   0.013565  0.000E+00    lg_XH_cntr


__________________________________________________________________________________________________________________________________________________

       step    lg_Tmax     Teff     lg_LH      lg_Lnuc_tot     Mass       H_rich     H_cntr     N_cntr     Y_surf   eta_cntr   zones  retry
  lg_dt_yrs    lg_Tcntr    lg_R     lg_L3a     lg_Lneu     lg_Mdot    He_core    He_cntr    O_cntr     Z_surf   gam_cntr   iters  
    age_yrs    lg_Dcntr    lg_L     lg_LZ      lg_Lphoto   lg_Dsurf   CO_core    C_cntr     Ne_cntr    Z_cntr   v_div_cs       dt_limit
__________________________________________________________________________________________________________________________________________________

        260   7.763942  2.103E+04   3.960007   3.960007   9.784964   7.366724   0.000036   0.008925   0.268000  -5.059861   1059      2
 2.1674E+00   7.763942   1.005050 -15.566198   2.793552  -7.444839   2.418241   0.986399   0.000132   0.014000   0.036432      3
 2.5788E+07   1.660569   4.256124 -11.740170 -99.000000  -9.445956   0.000000   0.000195   0.001460   0.013565  0.000E+00    lg_XH_cntr

        261   7.765654  2.105E+04   3.948769   3.948769   9.784959   7.366719   0.000031   0.008924   0.268000  -5.049549   1060      2
 2.1271E+00   7.765654   1.004726 -15.488384   2.782362  -7.442733   2.418241   0.986404   0.000132   0.014000   0.036487      3
 2.5788E+07   1.667639   4.256838 -11.041200 -99.000000  -9.445366   0.000000   0.000196   0.001460   0.013565  0.000E+00    lg_XH_cntr

        262   7.767266  2.106E+04   3.938473   3.938473   9.784955   7.366714   0.000027   0.008924   0.268000  -5.039665   1062      2
 2.0884E+00   7.767266   1.004429 -15.415188   2.772112  -7.440791   2.418241   0.986408   0.000132   0.014000   0.036540      3
 2.5788E+07   1.674371   4.257497 -99.000000 -99.000000  -9.444826   0.000000   0.000196   0.001460   0.013565  0.000E+00    lg_XH_cntr

        263   7.768784  2.108E+04   3.929193   3.929193   9.784951   7.366710   0.000023   0.008923   0.268000  -5.030204   1062      2
 2.0512E+00   7.768784   1.004155 -15.346303   2.762877  -7.438998   2.418241   0.986412   0.000132   0.014000   0.036592      3
 2.5788E+07   1.680777   4.258106 -11.041200 -99.000000  -9.444329   0.000000   0.000196   0.001460   0.013565  0.000E+00    lg_XH_cntr

        264   7.770214  2.109E+04   3.920680   3.920680   9.784947   7.366706   0.000020   0.008923   0.268000  -5.021135   1065      2
 2.0156E+00   7.770214   1.003903 -15.281446   2.754405  -7.437344   2.418241   0.986415   0.000132   0.014000   0.036644      3
 2.5788E+07   1.686880   4.258670 -99.000000 -99.000000  -9.443872   0.000000   0.000197   0.001460   0.013565  0.000E+00    lg_XH_cntr

        265   7.771558  2.110E+04   3.913323   3.913323   9.784943   7.366703   0.000018   0.008923   0.268000  -5.012466   1066      2
 1.9802E+00   7.771558   1.003672 -15.220524   2.747086  -7.435811   2.418241   0.986417   0.000132   0.014000   0.036694      3
 2.5788E+07   1.692678   4.259190 -99.000000 -99.000000  -9.443451   0.000000   0.000197   0.001460   0.013565  0.000E+00    lg_XH_cntr

        266   7.772820  2.111E+04   3.906857   3.906857   9.784940   7.366700   0.000015   0.008922   0.268000  -5.004187   1068      2
 1.9456E+00   7.772820   1.003458 -15.163362   2.740654  -7.434398   2.418241   0.986420   0.000132   0.014000   0.036742      3
 2.5788E+07   1.698182   4.259670 -12.041200 -99.000000  -9.443064   0.000000   0.000197   0.001460   0.013565  0.000E+00    lg_XH_cntr

        267   7.774004  2.112E+04   3.901326   3.901326   9.784937   7.366697   0.000013   0.008922   0.268000  -4.996286   1069      2
 1.9117E+00   7.774004   1.003260 -15.109719   2.735153  -7.433096   2.418241   0.986422   0.000132   0.014000   0.036790      3
 2.5788E+07   1.703404   4.260110 -99.000000 -99.000000  -9.442706   0.000000   0.000198   0.001460   0.013565  0.000E+00    lg_XH_cntr

        268   7.775111  2.113E+04   3.896968   3.896968   9.784934   7.366694   0.000012   0.008922   0.268000  -4.988771   1071      2
 1.8776E+00   7.775111   1.003078 -15.059568   2.730822  -7.431898   2.418241   0.986424   0.000132   0.014000   0.036835      3
 2.5789E+07   1.708343   4.260515 -11.041200 -99.000000  -9.442376   0.000000   0.000198   0.001460   0.013565  0.000E+00    lg_XH_cntr

        269   7.776149  2.114E+04   3.893493   3.893493   9.784932   7.366691   0.000010   0.008921   0.268000  -4.981617   1071      2
 1.8450E+00   7.776149   1.002909 -15.012592   2.727370  -7.430798   2.418241   0.986425   0.000132   0.014000   0.036880      3
 2.5789E+07   1.713019   4.260887 -99.000000 -99.000000  -9.442072   0.000000   0.000198   0.001460   0.013565  0.000E+00    lg_XH_cntr


__________________________________________________________________________________________________________________________________________________

       step    lg_Tmax     Teff     lg_LH      lg_Lnuc_tot     Mass       H_rich     H_cntr     N_cntr     Y_surf   eta_cntr   zones  retry
  lg_dt_yrs    lg_Tcntr    lg_R     lg_L3a     lg_Lneu     lg_Mdot    He_core    He_cntr    O_cntr     Z_surf   gam_cntr   iters  
    age_yrs    lg_Dcntr    lg_L     lg_LZ      lg_Lphoto   lg_Dsurf   CO_core    C_cntr     Ne_cntr    Z_cntr   v_div_cs       dt_limit
__________________________________________________________________________________________________________________________________________________

        270   7.777121  2.115E+04   3.890872   3.890872   9.784929   7.366689   0.000009   0.008921   0.268000  -4.974800   1072      2
 1.8136E+00   7.777121   1.002753 -14.968562   2.724768  -7.429787   2.418241   0.986426   0.000132   0.014000   0.036923      3
 2.5789E+07   1.717449   4.261229 -10.999807 -99.000000  -9.441790   0.000000   0.000198   0.001460   0.013565  0.000E+00    lg_XH_cntr

        271   7.778028  2.115E+04   3.889243   3.889243   9.784927   7.366687   0.000008   0.008921   0.268000  -4.968335   1073      2
 1.7817E+00   7.778028   1.002608 -14.927386   2.723155  -7.428856   2.418241   0.986428   0.000132   0.014000   0.036964      3
 2.5789E+07   1.721628   4.261543 -99.000000 -99.000000  -9.441530   0.000000   0.000198   0.001460   0.013565  0.000E+00    lg_XH_cntr

        272   7.778878  2.116E+04   3.888337   3.888337   9.784925   7.366685   0.000007   0.008921   0.268000  -4.962176   1073      2
 1.7514E+00   7.778878   1.002474 -14.888840   2.722261  -7.428000   2.418241   0.986429   0.000132   0.014000   0.037004      3
 2.5789E+07   1.725589   4.261831 -99.000000 -99.000000  -9.441288   0.000000   0.000199   0.001460   0.013565  0.000E+00    lg_XH_cntr

        273   7.779676  2.117E+04   3.888100   3.888100   9.784923   7.366683   0.000006   0.008921   0.268000  -4.956312   1073      2
 1.7221E+00   7.779676   1.002349 -14.852704   2.722033  -7.427213   2.418241   0.986429   0.000132   0.014000   0.037043      3
 2.5789E+07   1.729341   4.262097 -11.196102 -99.000000  -9.441064   0.000000   0.000199   0.001460   0.013565  0.000E+00    lg_XH_cntr

        274   7.780421  2.117E+04   3.888468   3.888468   9.784921   7.366681   0.000005   0.008920   0.268000  -4.950744   1074      2
 1.6922E+00   7.780421   1.002232 -14.818912   2.722409  -7.426487   2.418241   0.986430   0.000132   0.014000   0.037080      3
 2.5789E+07   1.732885   4.262342 -11.138110 -99.000000  -9.440856   0.000000   0.000199   0.001460   0.013565  0.000E+00    lg_XH_cntr

        275   7.781117  2.118E+04   3.889491   3.889491   9.784920   7.366679   0.000004   0.008920   0.268000  -4.945468   1075      2
 1.6622E+00   7.781117   1.002125 -14.787362   2.723436  -7.425819   2.418241   0.986431   0.000132   0.014000   0.037116      3
 2.5789E+07   1.736228   4.262566 -11.740170 -99.000000  -9.440663   0.000000   0.000199   0.001460   0.013565  0.000E+00    lg_XH_cntr

        276   7.781768  2.118E+04   3.890961   3.890961   9.784918   7.366677   0.000004   0.008920   0.268000  -4.940456   1075      2
 1.6338E+00   7.781768   1.002024 -14.757826   2.724909  -7.425205   2.418241   0.986431   0.000132   0.014000   0.037150      3
 2.5789E+07   1.739388   4.262772 -11.342230 -99.000000  -9.440483   0.000000   0.000199   0.001460   0.013565  0.000E+00    lg_XH_cntr

        277   7.782377  2.119E+04   3.892824   3.892824   9.784916   7.366676   0.000003   0.008920   0.268000  -4.935690   1076      2
 1.6063E+00   7.782377   1.001930 -14.730143   2.726772  -7.424640   2.418241   0.986432   0.000132   0.014000   0.037184      3
 2.5789E+07   1.742379   4.262963 -12.041200 -99.000000  -9.440316   0.000000   0.000199   0.001460   0.013565  0.000E+00    lg_XH_cntr

        278   7.782947  2.119E+04   3.895095   3.895095   9.784915   7.366674   0.000003   0.008920   0.268000  -4.931173   1076      2
 1.5780E+00   7.782947   1.001843 -14.704265   2.729042  -7.424119   2.418241   0.986432   0.000132   0.014000   0.037215      3
 2.5789E+07   1.745201   4.263137 -11.196102 -99.000000  -9.440160   0.000000   0.000199   0.001460   0.013565  0.000E+00    lg_XH_cntr

        279   7.783480  2.120E+04   3.897632   3.897632   9.784914   7.366673   0.000003   0.008920   0.268000  -4.926885   1077      2
 1.5508E+00   7.783480   1.001761 -14.680032   2.731577  -7.423639   2.418241   0.986433   0.000132   0.014000   0.037246      3
 2.5789E+07   1.747869   4.263299 -99.000000 -99.000000  -9.440015   0.000000   0.000199   0.001460   0.013565  0.000E+00    lg_XH_cntr


__________________________________________________________________________________________________________________________________________________

       step    lg_Tmax     Teff     lg_LH      lg_Lnuc_tot     Mass       H_rich     H_cntr     N_cntr     Y_surf   eta_cntr   zones  retry
  lg_dt_yrs    lg_Tcntr    lg_R     lg_L3a     lg_Lneu     lg_Mdot    He_core    He_cntr    O_cntr     Z_surf   gam_cntr   iters  
    age_yrs    lg_Dcntr    lg_L     lg_LZ      lg_Lphoto   lg_Dsurf   CO_core    C_cntr     Ne_cntr    Z_cntr   v_div_cs       dt_limit
__________________________________________________________________________________________________________________________________________________

        280   7.783980  2.120E+04   3.900376   3.900376   9.784912   7.366672   0.000002   0.008920   0.268000  -4.922809   1080      2
 1.5244E+00   7.783980   1.001685 -14.657313   2.734318  -7.423196   2.418241   0.986433   0.000132   0.014000   0.037275      3
 2.5789E+07   1.750393   4.263447 -11.086957 -99.000000  -9.439880   0.000000   0.000199   0.001460   0.013565  0.000E+00    lg_XH_cntr

        281   7.784446  2.120E+04   3.903290   3.903290   9.784911   7.366671   0.000002   0.008920   0.268000  -4.918949   1080      2
 1.4968E+00   7.784446   1.001613 -14.636073   2.737228  -7.422787   2.418241   0.986433   0.000132   0.014000   0.037304      3
 2.5789E+07   1.752774   4.263584 -10.962019 -99.000000  -9.439753   0.000000   0.000199   0.001460   0.013565  0.000E+00    lg_XH_cntr

        282   7.784881  2.121E+04   3.906367   3.906367   9.784910   7.366670   0.000002   0.008920   0.268000  -4.915301   1080      2
 1.4687E+00   7.784881   1.001547 -14.616256   2.740300  -7.422410   2.418241   0.986434   0.000132   0.014000   0.037330      3
 2.5789E+07   1.755016   4.263709 -99.000000 -99.000000  -9.439635   0.000000   0.000200   0.001460   0.013565  0.000E+00    lg_XH_cntr

        283   7.785288  2.121E+04   3.909518   3.909518   9.784909   7.366668   0.000002   0.008920   0.268000  -4.911845   1080      2
 1.4419E+00   7.785288   1.001485 -14.597713   2.743446  -7.422064   2.418241   0.986434   0.000132   0.014000   0.037356      2
 2.5789E+07   1.757131   4.263825 -11.740170 -99.000000  -9.439526   0.000000   0.000200   0.001460   0.013565  0.000E+00    lg_XH_cntr

        284   7.785669  2.121E+04   3.912717   3.912717   9.784908   7.366667   0.000001   0.008920   0.268000  -4.908567   1080      2
 1.4159E+00   7.785669   1.001426 -14.580339   2.746640  -7.421744   2.418241   0.986434   0.000132   0.014000   0.037381      3
 2.5789E+07   1.759129   4.263931 -10.962019 -99.000000  -9.439423   0.000000   0.000200   0.001460   0.013565  0.000E+00    lg_XH_cntr

        285   7.786024  2.122E+04   3.915959   3.915959   9.784907   7.366667   0.000001   0.008920   0.268000  -4.905471   1080      2
 1.3884E+00   7.786024   1.001372 -14.564117   2.749876  -7.421449   2.418241   0.986434   0.000132   0.014000   0.037404      3
 2.5789E+07   1.761010   4.264029 -11.439140 -99.000000  -9.439327   0.000000   0.000200   0.001460   0.013565  0.000E+00    lg_XH_cntr

        286   7.786356  2.122E+04   3.919162   3.919162   9.784906   7.366666   0.000001   0.008920   0.268000  -4.902540   1080      2
 1.3621E+00   7.786356   1.001321 -14.548936   2.753073  -7.421176   2.418241   0.986434   0.000132   0.014000   0.037426      3
 2.5789E+07   1.762784   4.264120 -10.698777 -99.000000  -9.439237   0.000000   0.000200   0.001460   0.013565  0.000E+00    lg_XH_cntr


stop because have dropped below central lower limit for h1
    0.8835986159E-06    0.1000000000E-05

        287   7.786665  2.122E+04   3.922332   3.922332   9.784905   7.366665   0.000001   0.008919   0.268000  -4.899773   1080      2
 1.3345E+00   7.786665   1.001273 -14.534773   2.756237  -7.420925   2.418241   0.986435   0.000132   0.014000   0.037448      3
 2.5789E+07   1.764453   4.264203 -10.962019 -99.000000  -9.439154   0.000000   0.000200   0.001460   0.013565  0.000E+00    lg_XH_cntr

save LOGS/profile7.data for model 287
                                         solver retries           3

                                    varcontrol dt limit          43
                                  max increase dt limit         193
                                        lgTeff dt limit          34
                                    lgRho_cntr dt limit          29
                                    lg_XH_cntr dt limit          71
                                      XHe_cntr dt limit          54

 model saved to M10_Z0.0140_step_fov0.30_f00.001.mod
save photos/x287 for model 287
termination code: xa_central_lower_limit
finished custom colors
__________________________________________________________________________________________________________________________________________________

       step    lg_Tmax     Teff     lg_LH      lg_Lnuc_tot     Mass       H_rich     H_cntr     N_cntr     Y_surf   eta_cntr   zones  retry
  lg_dt_yrs    lg_Tcntr    lg_R     lg_L3a     lg_Lneu     lg_Mdot    He_core    He_cntr    O_cntr     Z_surf   gam_cntr   iters  
    age_yrs    lg_Dcntr    lg_L     lg_LZ      lg_Lphoto   lg_Dsurf   CO_core    C_cntr     Ne_cntr    Z_cntr   v_div_cs       dt_limit
__________________________________________________________________________________________________________________________________________________

        287   7.786665  2.122E+04   3.922332   3.922332   9.784905   7.366665   0.000001   0.008919   0.268000  -4.899773   1080      2
 1.3345E+00   7.786665   1.001273 -14.534773   2.756237  -7.420925   2.418241   0.986435   0.000132   0.014000   0.037448      3
 2.5789E+07   1.764453   4.264203 -10.962019 -99.000000  -9.439154   0.000000   0.000200   0.001460   0.013565  0.000E+00  max increase

