                                       1                                        2                                        3                                        4                                        5                                        6                                        7                                        8                                        9                                       10                                       11                                       12                                       13                                       14                                       15                                       16                                       17                                       18                                       19                                       20                                       21                                       22                                       23                                       24                                       25                                       26                                       27                                       28                                       29                                       30                                       31                                       32                                       33                                       34                                       35                                       36                                       37                                       38                                       39                                       40                                       41                                       42                                       43                                       44                                       45                                       46                                       47                                       48                                       49 
                            model_number                                num_zones                             initial_mass                                initial_z                                 star_age                                time_step                                     Teff                            photosphere_L                            photosphere_r                               center_eta                                center_h1                               center_he3                               center_he4                               center_c12                               center_n14                               center_o16                              center_ne20                                star_mass                                star_mdot                             star_mass_h1                            star_mass_he3                            star_mass_he4                            star_mass_c12                            star_mass_n14                            star_mass_o16                           star_mass_ne20                             he_core_mass                             co_core_mass                             fe_core_mass                   neutron_rich_core_mass                             dynamic_time                             kh_timescale                            nuc_timescale                           power_nuc_burn                             power_h_burn                            power_he_burn                                power_neu                                burn_min1                                burn_min2                             time_seconds                           version_number                                 compiler                                    build                         MESA_SDK_version                             math_backend                                     date                                     msun                                     rsun                                     lsun 
                                      50                                      576                  5.0000000000000000E+000                  1.4000000000000000E-003                  2.2159986469613770E+004                  2.1491822300163085E+003                  5.0432393357148931E+003                  2.6768590287809093E+002                  2.1431213038518393E+001                 -7.9162164616207766E+000                  7.5579999999999969E-001                  2.5838806567932227E-005                  2.4277416119343218E-001                  2.4128183525502314E-004                  7.0723991865350195E-005                  6.5663693516044696E-004                  1.4595170967124789E-004                  4.9999956677282551E+000                 -9.1429179580651256E-011                  3.7789967256690140E+000                  1.2919392089818439E-004                  1.2138697542035224E+000                  1.2064081309766386E-003                  3.5361965293119940E-004                  3.2831818310725949E-003                  7.2975791605377107E-004                  0.0000000000000000E+000                  0.0000000000000000E+000                  0.0000000000000000E+000                  0.0000000000000000E+000                  4.4406073409320734E+005                  1.0262375709055827E+005                  1.8678591640312660E+008                  3.2402095593696614E-010                  3.2402095593696614E-010                  0.0000000000000000E+000                  1.2963008827714730E-011                  5.0000000000000000E+001                  1.0000000000000000E+003                  6.9931598901348352E+011                                "6494df2"                               "gfortran"                                 "13.3.0"                    "x86_64-linux-24.7.1"                                 "CRMATH"                               "20250702"                  1.9884098706980504E+033                  6.9570000000000000E+010                  3.8280000000000003E+033 

                                       1                                        2                                        3                                        4                                        5                                        6                                        7                                        8                                        9                                       10                                       11                                       12                                       13                                       14                                       15                                       16 
                                    zone                                     mass                                     logR                                     logT                                   logRho                                     logP                        x_mass_fraction_H                       y_mass_fraction_He                   z_mass_fraction_metals                                       pp                                      cno                                tri_alpha                              mixing_type                                log_D_mix                               log_D_conv                                log_D_ovr 
                                       1                  4.9999956677282551E+000                  1.3310467534508492E+000                  3.7027097037089280E+000                 -7.4688578951737510E+000                  4.0625187983684707E+000                  7.5580000000000003E-001                  2.4279999999999999E-001                  1.3999999999999568E-003                  5.8095753083594451E-027                  0.0000000000000000E+000                  0.0000000000000000E+000                                        0                 -9.8999999999999986E+001                 -9.9000000000000000E+001                 -9.9000000000000000E+001 
                                       2                  4.9999956677257549E+000                  1.3310467519251412E+000                  3.7027100051070265E+000                 -7.4688557857400664E+000                  4.0625212093657943E+000                  7.5580000000000003E-001                  2.4280000000000002E-001                  1.3999999999999568E-003                  5.8096035315017882E-027                  0.0000000000000000E+000                  0.0000000000000000E+000                                        0                 -9.8999999999999986E+001                 -9.9000000000000000E+001                 -9.9000000000000000E+001 
                                       3                  4.9999956677222199E+000                  1.3310467497679406E+000                  3.7027103581884009E+000                 -7.4688533146271165E+000                  4.0625240337540598E+000                  7.5580000000000003E-001                  2.4280000000000002E-001                  1.3999999999999568E-003                  5.8096365939018613E-027                  0.0000000000000000E+000                  0.0000000000000000E+000                                        0                 -9.8999999999999986E+001                 -9.9000000000000000E+001                 -9.9000000000000000E+001 
                                       4                  4.9999956677186850E+000                  1.3310467476107539E+000                  3.7027108770655226E+000                 -7.4688496832290516E+000                  4.0625281843142851E+000                  7.5580000000000003E-001                  2.4280000000000002E-001                  1.3999999999999568E-003                  5.8096851807458700E-027                  0.0000000000000000E+000                  0.0000000000000000E+000                                        0                 -9.8999999999999986E+001                 -9.9000000000000000E+001                 -9.9000000000000000E+001 
                                       5                  4.9999956677118300E+000                  1.3310467434277653E+000                  3.7027115617475563E+000                 -7.4688448915929504E+000                  4.0625336610086027E+000                  7.5580000000000003E-001                  2.4280000000000002E-001                  1.3999999999999568E-003                  5.8097492917934337E-027                  0.0000000000000000E+000                  0.0000000000000000E+000                                        0                 -9.8999999999999986E+001                 -9.9000000000000000E+001                 -9.9000000000000000E+001 
                                       6                  4.9999956677049759E+000                  1.3310467392448244E+000                  3.7027124746729827E+000                 -7.4688385028681168E+000                  4.0625409631605427E+000                  7.5580000000000003E-001                  2.4280000000000002E-001                  1.3999999999999568E-003                  5.8098347726410336E-027                  0.0000000000000000E+000                  0.0000000000000000E+000                                        0                 -9.8999999999999986E+001                 -9.9000000000000000E+001                 -9.9000000000000000E+001 
                                       7                  4.9999956676935522E+000                  1.3310467322733570E+000                  3.7027136158640008E+000                 -7.4688305171685698E+000                  4.0625500906784024E+000                  7.5580000000000003E-001                  2.4280000000000002E-001                  1.3999999999999568E-003                  5.8099416227063904E-027                  0.0000000000000000E+000                  0.0000000000000000E+000                                        0                 -9.8999999999999986E+001                 -9.9000000000000000E+001                 -9.9000000000000000E+001 
                                       8                  4.9999956676821284E+000                  1.3310467253020177E+000                  3.7027153277003069E+000                 -7.4688185390281525E+000                  4.0625637815963982E+000                  7.5580000000000003E-001                  2.4280000000000002E-001                  1.3999999999999568E-003                  5.8101018960179227E-027                  0.0000000000000000E+000                  0.0000000000000000E+000                                        0                 -9.8999999999999986E+001                 -9.9000000000000000E+001                 -9.9000000000000000E+001 
                                       9                  4.9999956676592809E+000                  1.3310467113597233E+000                  3.7027185233168742E+000                 -7.4687961811740937E+000                  4.0625893368252219E+000                  7.5580000000000003E-001                  2.4279999999999999E-001                  1.3999999999999568E-003                  5.8104010667471739E-027                  0.0000000000000000E+000                  0.0000000000000000E+000                                        0                 -9.8999999999999986E+001                 -9.9000000000000000E+001                 -9.9000000000000000E+001 
                                      10                  4.9999956676181547E+000                  1.3310466862648815E+000                  3.7027226324109570E+000                 -7.4687674380102971E+000                  4.0626221913461578E+000                  7.5580000000000003E-001                  2.4279999999999999E-001                  1.3999999999999568E-003                  5.8107857020215727E-027                  0.0000000000000000E+000                  0.0000000000000000E+000                                        0                 -9.8999999999999986E+001                 -9.9000000000000000E+001                 -9.9000000000000000E+001 
                                      11                  4.9999956675770294E+000                  1.3310466611716938E+000                  3.7027283400866242E+000                 -7.4687275216662075E+000                  4.0626678185129235E+000                  7.5580000000000003E-001                  2.4280000000000002E-001                  1.3999999999999568E-003                  5.8113198967984303E-027                  0.0000000000000000E+000                  0.0000000000000000E+000                                        0                 -9.8999999999999986E+001                 -9.9000000000000000E+001                 -9.9000000000000000E+001 
                                      12                  4.9999956675039163E+000                  1.3310466165656762E+000                  3.7027356473156918E+000                 -7.4686764371279075E+000                  4.0627262143164069E+000                  7.5580000000000003E-001                  2.4280000000000002E-001                  1.3999999999999568E-003                  5.8120036255849979E-027                  0.0000000000000000E+000                  0.0000000000000000E+000                                        0                 -9.8999999999999986E+001                 -9.9000000000000000E+001                 -9.9000000000000000E+001 
                                      13                  4.9999956674308041E+000                  1.3310465719648890E+000                  3.7027466101999154E+000                 -7.4685998270583998E+000                  4.0628137933377877E+000                  7.5580000000000003E-001                  2.4280000000000002E-001                  1.3999999999999568E-003                  5.8130291455359220E-027                  0.0000000000000000E+000                  0.0000000000000000E+000                                        0                 -9.8999999999999986E+001                 -9.9000000000000000E+001                 -9.9000000000000000E+001 
                                      14                  4.9999956672845780E+000                  1.3310464827790092E+000                  3.7027612330072124E+000                 -7.4684977133290378E+000                  4.0629305379962446E+000                  7.5580000000000003E-001                  2.4280000000000002E-001                  1.3999999999999568E-003                  5.8143963446915804E-027                  0.0000000000000000E+000                  0.0000000000000000E+000                                        0                 -9.8999999999999986E+001                 -9.9000000000000000E+001                 -9.9000000000000000E+001 
                                      15                  4.9999956671383536E+000                  1.3310463936140406E+000                  3.7027831753883049E+000                 -7.4683446096367092E+000                  4.0631055963062597E+000                  7.5580000000000003E-001                  2.4280000000000002E-001                  1.3999999999999568E-003                  5.8164468502592235E-027                  0.0000000000000000E+000                  0.0000000000000000E+000                                        0                 -9.8999999999999986E+001                 -9.9000000000000000E+001                 -9.9000000000000000E+001 
                                      16                  4.9999956668459040E+000                  1.3310462153467975E+000                  3.7028124544400827E+000                 -7.4681406033790392E+000                  4.0633388980575615E+000                  7.5580000000000003E-001                  2.4280000000000002E-001                  1.3999999999999568E-003                  5.8191802137072503E-027                  0.0000000000000000E+000                  0.0000000000000000E+000                                        0                 -9.8999999999999986E+001                 -9.9000000000000000E+001                 -9.9000000000000000E+001 
                                      17                  4.9999956665534535E+000                  1.3310460371630539E+000                  3.7028564057598281E+000                 -7.4678348612001928E+000                  4.0636886164344421E+000                  7.5580000000000003E-001                  2.4280000000000002E-001                  1.3999999999999568E-003                  5.8232790842104666E-027                  0.0000000000000000E+000                  0.0000000000000000E+000                                        0                 -9.8999999999999986E+001                 -9.9000000000000000E+001                 -9.9000000000000000E+001 
                                      18                  4.9999956659685543E+000                  1.3310456810457028E+000                  3.7029150979377725E+000                 -7.4674277319924283E+000                  4.0641544714968463E+000                  7.5580000000000003E-001                  2.4280000000000002E-001                  1.3999999999999568E-003                  5.8287416620778184E-027                  0.0000000000000000E+000                  0.0000000000000000E+000                                        0                 -9.8999999999999986E+001                 -9.9000000000000000E+001                 -9.9000000000000000E+001 
                                      19                  4.9999956653836541E+000                  1.3310453252611620E+000                  3.7030032676678712E+000                 -7.4668181038372881E+000                  4.0648523207585443E+000                  7.5579999999999981E-001                  2.4279999999999999E-001                  1.4000000000001789E-003                  5.8369308140942409E-027                  0.0000000000000000E+000                  0.0000000000000000E+000                                        0                 -9.8999999999999986E+001                 -9.9000000000000000E+001                 -9.9000000000000000E+001 
                                      20                  4.9999956642138539E+000                  1.3310446146876118E+000                  3.7031211909473081E+000                 -7.4660073667828897E+000                  4.0657810516174564E+000                  7.5579999999999981E-001                  2.4279999999999999E-001                  1.4000000000001789E-003                  5.8478392966623314E-027                  0.0000000000000000E+000                  0.0000000000000000E+000                                        0                 -9.8999999999999986E+001                 -9.9000000000000000E+001                 -9.9000000000000000E+001 
                                      21                  4.9999956630440545E+000                  1.3310439054358338E+000                  3.7032986057267667E+000                 -7.4647954987455529E+000                  4.0671704436629410E+000                  7.5580000000000003E-001                  2.4280000000000002E-001                  1.3999999999999568E-003                  5.8641830314095451E-027                  0.0000000000000000E+000                  0.0000000000000000E+000                                        0                 -9.8999999999999986E+001                 -9.9000000000000000E+001                 -9.9000000000000000E+001 
                                      22                  4.9999956607044549E+000                  1.3310424908746228E+000                  3.7035366293265821E+000                 -7.4631880167813733E+000                  4.0690161029634559E+000                  7.5580000000000003E-001                  2.4280000000000002E-001                  1.3999999999999568E-003                  5.8859326801724999E-027                  0.0000000000000000E+000                  0.0000000000000000E+000                                        0                 -9.8999999999999986E+001                 -9.9000000000000000E+001                 -9.9000000000000000E+001 
                                      23                  4.9999956583648553E+000                  1.3310410815257929E+000                  3.7038958170244212E+000                 -7.4607935482773344E+000                  4.0717700035023494E+000                  7.5579999999999981E-001                  2.4279999999999999E-001                  1.4000000000001789E-003                  5.9184801392846225E-027                  0.0000000000000000E+000                  0.0000000000000000E+000                                        0                 -9.8999999999999986E+001                 -9.9000000000000000E+001                 -9.9000000000000000E+001 
                                      24                  4.9999956536856569E+000                  1.3310382782853813E+000                  3.7043807487585996E+000                 -7.4576338326539400E+000                  4.0754150091038310E+000                  7.5579999999999981E-001                  2.4279999999999999E-001                  1.4000000000001789E-003                  5.9617050611428927E-027                  0.0000000000000000E+000                  0.0000000000000000E+000                                        0                 -9.8999999999999986E+001                 -9.9000000000000000E+001                 -9.9000000000000000E+001 
                                      25                  4.9999956490064585E+000                  1.3310354953122787E+000                  3.7051170317722355E+000                 -7.4529597880249119E+000                  4.0808259288629021E+000                  7.5580000000000003E-001                  2.4280000000000002E-001                  1.3999999999999568E-003                  6.0262256268007552E-027                  0.0000000000000000E+000                  0.0000000000000000E+000                                        0                 -9.8999999999999986E+001                 -9.9000000000000000E+001                 -9.9000000000000000E+001 
                                      26                  4.9999956396480609E+000                  1.3310299887900827E+000                  3.7061239399485295E+000                 -7.4468559964601218E+000                  4.0879375488588536E+000                  7.5579999999999992E-001                  2.4280000000000004E-001                  1.4000000000000679E-003                  6.1115350268861109E-027                  0.0000000000000000E+000                  0.0000000000000000E+000                                        0                 -9.8999999999999986E+001                 -9.9000000000000000E+001                 -9.9000000000000000E+001 
                                      27                  4.9999956302896642E+000                  1.3310245589128902E+000                  3.7076722896170162E+000                 -7.4379516937681966E+000                  4.0983918005333093E+000                  7.5579999999999992E-001                  2.4280000000000002E-001                  1.4000000000000679E-003                  6.2381564740236972E-027                  0.0000000000000000E+000                  0.0000000000000000E+000                                        0                 -9.8999999999999986E+001                 -9.9000000000000000E+001                 -9.9000000000000000E+001 
                                      28                  4.9999956115728690E+000                  1.3310139189575545E+000                  3.7098480917661165E+000                 -7.4265701572354628E+000                  4.1119518089892964E+000                  7.5579999999999992E-001                  2.4280000000000002E-001                  1.4000000000000679E-003                  6.4038321845664986E-027                  0.0000000000000000E+000                  0.0000000000000000E+000                                        0                 -9.8999999999999986E+001                 -9.9000000000000000E+001                 -9.9000000000000000E+001 
                                      29                  4.9999955928560738E+000                  1.3310035534689975E+000                  3.7132879731698627E+000                 -7.4104353488257839E+000                  4.1315314055437549E+000                  7.5580000000000003E-001                  2.4279999999999999E-001                  1.3999999999999568E-003                  6.6462677867535031E-027                  0.0000000000000000E+000                  0.0000000000000000E+000                                        0                 -9.8999999999999986E+001                 -9.9000000000000000E+001                 -9.9000000000000000E+001 
                                      30                  4.9999955554224842E+000                  1.3309835764594447E+000                  3.7171483719155072E+000                 -7.3955642182841732E+000                  4.1502696042054312E+000                  7.5580000000000003E-001                  2.4280000000000002E-001                  1.3999999999999568E-003                  6.8778367004351359E-027                  0.0000000000000000E+000                  0.0000000000000000E+000                                        0                 -9.8999999999999986E+001                 -9.9000000000000000E+001                 -9.9000000000000000E+001 
                                      31                  4.9999955367056899E+000                  1.3309739232040423E+000                  3.7198740563964288E+000                 -7.3862364497385116E+000                  4.1623281943028019E+000                  7.5580000000000003E-001                  2.4279999999999999E-001                  1.3999999999999568E-003                  7.0271863322369960E-027                  0.0000000000000000E+000                  0.0000000000000000E+000                                        0                 -9.8999999999999986E+001                 -9.9000000000000000E+001                 -9.9000000000000000E+001 
                                      32                  4.9999955179888946E+000                  1.3309644744470190E+000                  3.7242233956261659E+000                 -7.3731107360178001E+000                  4.1798121199240619E+000                  7.5580000000000003E-001                  2.4279999999999999E-001                  1.3999999999999568E-003                  7.2428552663476614E-027                  0.0000000000000000E+000                  0.0000000000000000E+000                                        0                 -9.8999999999999986E+001                 -9.9000000000000000E+001                 -9.9000000000000000E+001 
                                      33                  4.9999954805553051E+000                  1.3309461377697593E+000                  3.7308960957156758E+000                 -7.3575271376676081E+000                  4.2020838993404634E+000                  7.5580000000000003E-001                  2.4279999999999999E-001                  1.3999999999999568E-003                  7.5075212796566523E-027                  0.0000000000000000E+000                  0.0000000000000000E+000                                        0                 -9.8999999999999986E+001                 -9.9000000000000000E+001                 -9.9000000000000000E+001 
                                      34                  4.9999954431217155E+000                  1.3309284451930750E+000                  3.7386845988874282E+000                 -7.3441477895619540E+000                  4.2232723920984583E+000                  7.5580000000000003E-001                  2.4280000000000002E-001                  1.3999999999999568E-003                  7.7424549002938499E-027                  0.0000000000000000E+000                  0.0000000000000000E+000                                        0                 -9.8999999999999986E+001                 -9.9000000000000000E+001                 -9.9000000000000000E+001 
                                      35                  4.9999954056881259E+000                  1.3309112872977389E+000                  3.7479793041413685E+000                 -7.3332654813769054E+000                  4.2434781647688338E+000                  7.5580000000000003E-001                  2.4280000000000002E-001                  1.3999999999999568E-003                  7.9389537586802767E-027                  0.0000000000000000E+000                  0.0000000000000000E+000                                        1                  1.1475486405468716E+001                  1.1475486405468716E+001                 -9.9000000000000000E+001 
                                      36                  4.9999953682545355E+000                  1.3308945520345850E+000                  3.7565012649626301E+000                 -7.3272564014902644E+000                  4.2580407443326598E+000                  7.5580000000000003E-001                  2.4280000000000002E-001                  1.3999999999999568E-003                  8.0495874600229753E-027                  0.0000000000000000E+000                  0.0000000000000000E+000                                        1                  1.2510606992819740E+001                  1.2510606992819740E+001                 -9.9000000000000000E+001 
                                      37                  4.9999953495377412E+000                  1.3308862986714576E+000                  3.7628143682067838E+000                 -7.3241520211711828E+000                  4.2674854452862121E+000                  7.5580000000000003E-001                  2.4280000000000002E-001                  1.3999999999999568E-003                  8.1073451775211261E-027                  0.0000000000000000E+000                  0.0000000000000000E+000                                        1                  1.2768857870939575E+001                  1.2768857870939575E+001                 -9.9000000000000000E+001 
                                      38                  4.9999953308209459E+000                  1.3308781036282868E+000                  3.7699413979222816E+000                 -7.3220705606809506E+000                  4.2767298046339279E+000                  7.5580000000000003E-001                  2.4280000000000002E-001                  1.3999999999999568E-003                  8.1463031647277999E-027                  0.0000000000000000E+000                  0.0000000000000000E+000                                        1                  1.2995347944087179E+001                  1.2995347944087179E+001                 -9.9000000000000000E+001 
                                      39                  4.9999953121041516E+000                  1.3308699473072363E+000                  3.7780974335673818E+000                 -7.3212237600359735E+000                  4.2857821564480982E+000                  7.5580000000000003E-001                  2.4280000000000002E-001                  1.3999999999999568E-003                  8.1622059710856262E-027                  0.0000000000000000E+000                  0.0000000000000000E+000                                        1                  1.3205045124834218E+001                  1.3205045124834218E+001                 -9.9000000000000000E+001 
                                      40                  4.9999952933873564E+000                  1.3308618064159097E+000                  3.7875972564615301E+000                 -7.3219276188839837E+000                  4.2946503270967131E+000                  7.5580000000000003E-001                  2.4280000000000002E-001                  1.3999999999999568E-003                  8.1489854176008222E-027                  0.0000000000000000E+000                  0.0000000000000000E+000                                        1                  1.3408468421408054E+001                  1.3408468421408054E+001                 -9.9000000000000000E+001 
                                      41                  4.9999952746705620E+000                  1.3308536518610381E+000                  3.7988595061225277E+000                 -7.3246112087172763E+000                  4.3033416762337513E+000                  7.5580000000000003E-001                  2.4280000000000002E-001                  1.3999999999999568E-003                  8.0987758387036714E-027                  0.0000000000000000E+000                  0.0000000000000000E+000                                        1                  1.3612821107163619E+001                  1.3612821107163619E+001                 -9.9000000000000000E+001 
                                      42                  4.9999952559537677E+000                  1.3308454462979371E+000                  3.8121445783997783E+000                 -7.3295593948370401E+000                  4.3118631339609674E+000                  7.5580000000000003E-001                  2.4280000000000002E-001                  1.3999999999999568E-003                  8.0070057771503850E-027                  0.0000000000000000E+000                  0.0000000000000000E+000                                        1                  1.3822653058161187E+001                  1.3822653058161187E+001                 -9.9000000000000000E+001 
                                      43                  4.9999952372369725E+000                  1.3308371462359856E+000                  3.8267764145070999E+000                 -7.3361279852664598E+000                  4.3202212342524016E+000                  7.5580000000000003E-001                  2.4280000000000002E-001                  1.3999999999999568E-003                  7.8867879822486029E-027                  0.0000000000000000E+000                  0.0000000000000000E+000                                        1                  1.4036663106012737E+001                  1.4036663106012737E+001                 -9.9000000000000000E+001 
                                      44                  4.9999952185201781E+000                  1.3308287191967689E+000                  3.8377355540148756E+000                 -7.3412296925634877E+000                  4.3263863889160499E+000                  7.5580000000000003E-001                  2.4280000000000002E-001                  1.3999999999999568E-003                  7.7946638346732436E-027                  0.0000000000000000E+000                  0.0000000000000000E+000                                        1                  1.4234948639768993E+001                  1.4234948639768993E+001                 -9.9000000000000000E+001 
                                      45                  4.9999952091617805E+000                  1.3308244557017221E+000                  3.8447829449823230E+000                 -7.3444635967594021E+000                  4.3304485596318774E+000                  7.5580000000000003E-001                  2.4280000000000002E-001                  1.3999999999999568E-003                  7.7368256719724810E-027                  0.0000000000000000E+000                  0.0000000000000000E+000                                        1                  1.4320339383946585E+001                  1.4320339383946585E+001                 -9.9000000000000000E+001 
                                      46                  4.9999951998033829E+000                  1.3308201602137706E+000                  3.8515176980428878E+000                 -7.3474563797689010E+000                  4.3344732451693240E+000                  7.5580000000000003E-001                  2.4280000000000002E-001                  1.3999999999999568E-003                  7.6836824220257645E-027                  0.0000000000000000E+000                  0.0000000000000000E+000                                        1                  1.4393510794934278E+001                  1.4393510794934278E+001                 -9.9000000000000000E+001 
                                      47                  4.9999951904449853E+000                  1.3308158348940080E+000                  3.8578934664064533E+000                 -7.3501592840440306E+000                  4.3384611335574093E+000                  7.5580000000000003E-001                  2.4280000000000002E-001                  1.3999999999999568E-003                  7.6360004006177588E-027                  0.0000000000000000E+000                  0.0000000000000000E+000                                        1                  1.4452554227699448E+001                  1.4452554227699448E+001                 -9.9000000000000000E+001 
                                      48                  4.9999951810865877E+000                  1.3308114824405053E+000                  3.8638936199618090E+000                 -7.3525522931911276E+000                  4.3424128939764968E+000                  7.5580000000000003E-001                  2.4280000000000002E-001                  1.3999999999999568E-003                  7.5940322864922164E-027                  0.0000000000000000E+000                  0.0000000000000000E+000                                        1                  1.4499212975130140E+001                  1.4499212975130140E+001                 -9.9000000000000000E+001 
                                      49                  4.9999951717281901E+000                  1.3308071058063711E+000                  3.8695222762890760E+000                 -7.3546363255380651E+000                  4.3463291774287827E+000                  7.5580000000000003E-001                  2.4280000000000002E-001                  1.3999999999999568E-003                  7.5576709191675799E-027                  0.0000000000000000E+000                  0.0000000000000000E+000                                        1                  1.4535868744229393E+001                  1.4535868744229393E+001                 -9.9000000000000000E+001 
                                      50                  4.9999951623697925E+000                  1.3308027079864992E+000                  3.8747965137129925E+000                 -7.3564253860764435E+000                  4.3502106173864341E+000                  7.5580000000000003E-001                  2.4280000000000002E-001                  1.3999999999999568E-003                  7.5265950321357023E-027                  0.0000000000000000E+000                  0.0000000000000000E+000                                        1                  1.4564720185564735E+001                  1.4564720185564735E+001                 -9.9000000000000000E+001 
                                      51                  4.9999951530113949E+000                  1.3307982918781678E+000                  3.8797403431870872E+000                 -7.3579402965392386E+000                  4.3540578304159947E+000                  7.5580000000000003E-001                  2.4280000000000002E-001                  1.3999999999999568E-003                  7.5003810570677729E-027                  0.0000000000000000E+000                  0.0000000000000000E+000                                        1                  1.4587511930841208E+001                  1.4587511930841208E+001                 -9.9000000000000000E+001 
                                      52                  4.9999951436529972E+000                  1.3307938602031963E+000                  3.8843804565793230E+000                 -7.3592047461931616E+000                  4.3578714167780648E+000                  7.5580000000000003E-001                  2.4280000000000002E-001                  1.3999999999999568E-003                  7.4785709757259265E-027                  0.0000000000000000E+000                  0.0000000000000000E+000                                        1                  1.4605543751429309E+001                  1.4605543751429309E+001                 -9.9000000000000000E+001 
                                      53                  4.9999951342945996E+000                  1.3307894154703255E+000                  3.8887434491470412E+000                 -7.3602429326502907E+000                  4.3616519610021536E+000                  7.5580000000000003E-001                  2.4280000000000002E-001                  1.3999999999999568E-003                  7.4607110609705798E-027                  0.0000000000000000E+000                  0.0000000000000000E+000                                        1                  1.4619792822691187E+001                  1.4619792822691187E+001                 -9.9000000000000000E+001 
                                      54                  4.9999951249362020E+000                  1.3307849599625903E+000                  3.8948932434499937E+000                 -7.3615053122632546E+000                  4.3672620074809938E+000                  7.5580000000000003E-001                  2.4280000000000002E-001                  1.3999999999999568E-003                  7.4390518112327885E-027                  0.0000000000000000E+000                  0.0000000000000000E+000                                        1                  1.4631153220720416E+001                  1.4631153220720416E+001                 -9.9000000000000000E+001 
                                      55                  4.9999951062194077E+000                  1.3307760225940588E+000                  3.9004131716890615E+000                 -7.3622217058163688E+000                  4.3728009617927208E+000                  7.5580000000000003E-001                  2.4280000000000002E-001                  1.3999999999999568E-003                  7.4267882864587961E-027                  0.0000000000000000E+000                  0.0000000000000000E+000                                        1                  1.4646901748166941E+001                  1.4646901748166941E+001                 -9.9000000000000000E+001 
                                      56                  4.9999950968610101E+000                  1.3307715463249827E+000                  3.9056263266018343E+000                 -7.3627445878962368E+000                  4.3782703855350062E+000                  7.5580000000000003E-001                  2.4280000000000002E-001                  1.3999999999999568E-003                  7.4178501382501748E-027                  0.0000000000000000E+000                  0.0000000000000000E+000                                        1                  1.4652358001301881E+001                  1.4652358001301881E+001                 -9.9000000000000000E+001 
                                      57                  4.9999950781442148E+000                  1.3307625825855731E+000                  3.9119251279303193E+000                 -7.3629165907300766E+000                  4.3854580128341230E+000                  7.5580000000000003E-001                  2.4280000000000002E-001                  1.3999999999999568E-003                  7.4149122733274146E-027                  0.0000000000000000E+000                  0.0000000000000000E+000                                        1                  1.4660187298592692E+001                  1.4660187298592692E+001                 -9.9000000000000000E+001 
                                      58                  4.9999950594274205E+000                  1.3307536147399659E+000                  3.9162387236053608E+000                 -7.3627246149173828E+000                  4.3907721656584169E+000                  7.5580000000000003E-001                  2.4280000000000002E-001                  1.3999999999999568E-003                  7.4181913587213381E-027                  0.0000000000000000E+000                  0.0000000000000000E+000                                        1                  1.4665316658349582E+001                  1.4665316658349582E+001                 -9.9000000000000000E+001 
                                      59                  4.9999950500690229E+000                  1.3307491325905889E+000                  3.9203535224596049E+000                 -7.3624289860962291E+000                  4.3960222936603346E+000                  7.5580000000000003E-001                  2.4280000000000002E-001                  1.3999999999999568E-003                  7.4232437487010968E-027                  0.0000000000000000E+000                  0.0000000000000000E+000                                        1                  1.4667210813490435E+001                  1.4667210813490435E+001                 -9.9000000000000000E+001 
                                      60                  4.9999950313522286E+000                  1.3307401739759763E+000                  3.9266611668096716E+000                 -7.3615490024989096E+000                  4.4046345865764263E+000                  7.5580000000000003E-001                  2.4280000000000002E-001                  1.3999999999999568E-003                  7.4383033239318158E-027                  0.0000000000000000E+000                  0.0000000000000000E+000                                        1                  1.4670036299501255E+001                  1.4670036299501255E+001                 -9.9000000000000000E+001 
                                      61                  4.9999950032770357E+000                  1.3307267622186965E+000                  3.9334154163905919E+000                 -7.3599125928011828E+000                  4.4147500803887700E+000                  7.5580000000000003E-001                  2.4280000000000002E-001                  1.3999999999999568E-003                  7.4663892633024197E-027                  0.0000000000000000E+000                  0.0000000000000000E+000                                        1                  1.4672836295983766E+001                  1.4672836295983766E+001                 -9.9000000000000000E+001 
                                      62                  4.9999949752018438E+000                  1.3307133996658165E+000                  3.9384895430332447E+000                 -7.3581747877464698E+000                  4.4230043319030417E+000                  7.5580000000000003E-001                  2.4280000000000002E-001                  1.3999999999999568E-003                  7.4963315953751899E-027                  0.0000000000000000E+000                  0.0000000000000000E+000                                        1                  1.4674748078548093E+001                  1.4674748078548093E+001                 -9.9000000000000000E+001 
                                      63                  4.9999949564850494E+000                  1.3307045261908799E+000                  3.9422885928715199E+000                 -7.3566497003499540E+000                  4.4294971336600550E+000                  7.5580000000000003E-001                  2.4280000000000002E-001                  1.3999999999999568E-003                  7.5227077316976818E-027                  0.0000000000000000E+000                  0.0000000000000000E+000                                        1                  1.4675735315089007E+001                  1.4675735315089007E+001                 -9.9000000000000000E+001 
                                      64                  4.9999949377682542E+000                  1.3306956832806940E+000                  3.9467481755147782E+000                 -7.3546008607948545E+000                  4.4374796132432079E+000                  7.5580000000000003E-001                  2.4280000000000002E-001                  1.3999999999999568E-003                  7.5582882351961378E-027                  0.0000000000000000E+000                  0.0000000000000000E+000                                        1                  1.4676579287916709E+001                  1.4676579287916709E+001                 -9.9000000000000000E+001 
                                      65                  4.9999949096930623E+000                  1.3306824803390951E+000                  3.9516588607824672E+000                 -7.3518757602220175E+000                  4.4468699917068646E+000                  7.5580000000000003E-001                  2.4280000000000002E-001                  1.3999999999999568E-003                  7.6058737410293733E-027                  0.0000000000000000E+000                  0.0000000000000000E+000                                        1                  1.4677723621727646E+001                  1.4677723621727646E+001                 -9.9000000000000000E+001 
                                      66                  4.9999948816178694E+000                  1.3306693587906393E+000                  3.9569381524539118E+000                 -7.3484987961712962E+000                  4.4575760989613693E+000                  7.5580000000000003E-001                  2.4280000000000002E-001                  1.3999999999999568E-003                  7.6652579464974012E-027                  0.0000000000000000E+000                  0.0000000000000000E+000                                        1                  1.4678805169954190E+001                  1.4678805169954190E+001                 -9.9000000000000000E+001 
                                      67                  4.9999948441842799E+000                  1.3306519970771205E+000                  3.9624035549048693E+000                 -7.3443471700521119E+000                  4.4694988346860960E+000                  7.5580000000000003E-001                  2.4280000000000002E-001                  1.3999999999999568E-003                  7.7389004886295018E-027                  0.0000000000000000E+000                  0.0000000000000000E+000                                        1                  1.4680239222479850E+001                  1.4680239222479850E+001                 -9.9000000000000000E+001 
                                      68                  4.9999948067506903E+000                  1.3306347984888347E+000                  3.9661489895218485E+000                 -7.3410494102437509E+000                  4.4782322520648838E+000                  7.5580000000000003E-001                  2.4280000000000002E-001                  1.3999999999999568E-003                  7.7979008674907272E-027                  0.0000000000000000E+000                  0.0000000000000000E+000                                        1                  1.4681681641834672E+001                  1.4681681641834672E+001                 -9.9000000000000000E+001 
                                      69                  4.9999947880338960E+000                  1.3306262634864803E+000                  3.9697259131090243E+000                 -7.3377704233396672E+000                  4.4867941682520822E+000                  7.5580000000000003E-001                  2.4280000000000002E-001                  1.3999999999999568E-003                  7.8570113973856457E-027                  0.0000000000000000E+000                  0.0000000000000000E+000                                        1                  1.4682426087719266E+001                  1.4682426087719266E+001                 -9.9000000000000000E+001 
                                      70                  4.9999947506003055E+000                  1.3306093203866012E+000                  3.9741263382690843E+000                 -7.3332251433778275E+000                  4.4979553710676941E+000                  7.5580000000000003E-001                  2.4280000000000002E-001                  1.3999999999999568E-003                  7.9396913317211042E-027                  0.0000000000000000E+000                  0.0000000000000000E+000                                        1                  1.4683972743347647E+001                  1.4683972743347647E+001                 -9.9000000000000000E+001 
                                      71                  4.9999947131667160E+000                  1.3305925517343415E+000                  3.9792169041552619E+000                 -7.3274877312422033E+000                  4.5115172803193797E+000                  7.5580000000000003E-001                  2.4280000000000002E-001                  1.3999999999999568E-003                  8.0453000276103137E-027                  0.0000000000000000E+000                  0.0000000000000000E+000                                        1                  1.4685561151695966E+001                  1.4685561151695966E+001                 -9.9000000000000000E+001 
                                      72                  4.9999946570163312E+000                  1.3305677252972123E+000                  3.9856307476647004E+000                 -7.3192994865678687E+000                  4.5298235384335594E+000                  7.5580000000000003E-001                  2.4280000000000002E-001                  1.3999999999999568E-003                  8.1984591129058874E-027                  0.0000000000000000E+000                  0.0000000000000000E+000                                        1                  1.4687982025789108E+001                  1.4687982025789108E+001                 -9.9000000000000000E+001 
                                      73                  4.9999945821491520E+000                  1.3305352352109634E+000                  3.9920956131228986E+000                 -7.3097610573103786E+000                  4.5498475023850657E+000                  7.5580000000000003E-001                  2.4280000000000002E-001                  1.3999999999999568E-003                  8.3805538089513679E-027                  0.0000000000000000E+000                  0.0000000000000000E+000                                        1                  1.4691263429475651E+001                  1.4691263429475651E+001                 -9.9000000000000000E+001 
                                      74                  4.9999945072819729E+000                  1.3305034438692487E+000                  3.9964312621559013E+000                 -7.3025092520195045E+000                  4.5642861212449439E+000                  7.5580000000000003E-001                  2.4280000000000002E-001                  1.3999999999999568E-003                  8.5216972562931897E-027                  0.0000000000000000E+000                  0.0000000000000000E+000                                        1                  1.4694494504519421E+001                  1.4694494504519421E+001                 -9.9000000000000000E+001 
                                      75                  4.9999944698483834E+000                  1.3304878088580572E+000                  3.9991691168573622E+000                 -7.2977513273725885E+000                  4.5736532318487244E+000                  7.5580000000000003E-001                  2.4280000000000002E-001                  1.3999999999999568E-003                  8.6155908793646963E-027                  0.0000000000000000E+000                  0.0000000000000000E+000                                        1                  1.4696057872264378E+001                  1.4696057872264378E+001                 -9.9000000000000000E+001 
                                      76                  4.9999944324147929E+000                  1.3304723425404712E+000                  4.0037158913537638E+000                 -7.2896065708198536E+000                  4.5895769411327239E+000                  7.5580000000000003E-001                  2.4280000000000002E-001                  1.3999999999999568E-003                  8.7787285685113854E-027                  0.0000000000000000E+000                  0.0000000000000000E+000                                        1                  1.4697677907838239E+001                  1.4697677907838239E+001                 -9.9000000000000000E+001 
                                      77                  4.9999943388308186E+000                  1.3304343881251213E+000                  4.0089365130883508E+000                 -7.2790268932666038E+000                  4.6092348343091878E+000                  7.5580000000000003E-001                  2.4280000000000002E-001                  1.3999999999999568E-003                  8.9952586978650404E-027                  0.0000000000000000E+000                  0.0000000000000000E+000                                        1                  1.4701580507218985E+001                  1.4701580507218985E+001                 -9.9000000000000000E+001 
                                      78                  4.9999942639636394E+000                  1.3304047484112347E+000                  4.0142572294091465E+000                 -7.2676154068415348E+000                  4.6300871019901848E+000                  7.5580000000000003E-001                  2.4280000000000002E-001                  1.3999999999999568E-003                  9.2348048264087118E-027                  0.0000000000000000E+000                  0.0000000000000000E+000                                        1                  1.4704524742623635E+001                  1.4704524742623635E+001                 -9.9000000000000000E+001 
                                      79                  4.9999941516628708E+000                  1.3303614309281366E+000                  4.0185365219735099E+000                 -7.2573518985716090E+000                  4.6480417295737126E+000                  7.5580000000000003E-001                  2.4280000000000002E-001                  1.3999999999999568E-003                  9.4556976323061864E-027                  0.0000000000000000E+000                  0.0000000000000000E+000                                        1                  1.4708639775805246E+001                  1.4708639775805246E+001                 -9.9000000000000000E+001 
                                      80                  4.9999940955124860E+000                  1.3303402733270495E+000                  4.0216855657377693E+000                 -7.2496171065447577E+000                  4.6615132617913622E+000                  7.5580000000000003E-001                  2.4280000000000002E-001                  1.3999999999999568E-003                  9.6256519702651414E-027                  0.0000000000000000E+000                  0.0000000000000000E+000                                        1                  1.4710566169076232E+001                  1.4710566169076232E+001                 -9.9000000000000000E+001 
                                      81                  4.9999940206453068E+000                  1.3303125564892366E+000                  4.0250531020853817E+000                 -7.2409004015323832E+000                  4.6764181151311179E+000                  7.5580000000000003E-001                  2.4280000000000002E-001                  1.3999999999999568E-003                  9.8208458164874295E-027                  0.0000000000000000E+000                  0.0000000000000000E+000                                        1                  1.4713086922951774E+001                  1.4713086922951774E+001                 -9.9000000000000000E+001 
                                      82                  4.9999939457781268E+000                  1.3302853852586773E+000                  4.0297879307931765E+000                 -7.2282668205172689E+000                  4.6978633010841966E+000                  7.5580000000000003E-001                  2.4280000000000002E-001                  1.3999999999999568E-003                  1.0110798523395904E-026                  0.0000000000000000E+000                  0.0000000000000000E+000                                        1                  1.4715531424426919E+001                  1.4715531424426919E+001                 -9.9000000000000000E+001 
                                      83                  4.9999937960437686E+000                  1.3302325862612716E+000                  4.0340211092098999E+000                 -7.2157452303823053E+000                  4.7183088902163322E+000                  7.5580000000000003E-001                  2.4280000000000002E-001                  1.3999999999999568E-003                  1.0406628362175599E-026                  0.0000000000000000E+000                  0.0000000000000000E+000                                        1                  1.4719940085515383E+001                  1.4719940085515383E+001                 -9.9000000000000000E+001 
                                      84                  4.9999937211765886E+000                  1.3302069300942234E+000                  4.0373581017853404E+000                 -7.2057246586796388E+000                  4.7346448526967224E+000                  7.5580000000000003E-001                  2.4280000000000002E-001                  1.3999999999999568E-003                  1.0649593928992944E-026                  0.0000000000000000E+000                  0.0000000000000000E+000                                        1                  1.4721941586554532E+001                  1.4721941586554532E+001                 -9.9000000000000000E+001 
                                      85                  4.9999936088758199E+000                  1.3301693154145595E+000                  4.0404589233630732E+000                 -7.1958656406764874E+000                  4.7503939067866519E+000                  7.5580000000000003E-001                  2.4280000000000002E-001                  1.3999999999999568E-003                  1.0894178472567997E-026                  0.0000000000000000E+000                  0.0000000000000000E+000                                        1                  1.4724804580668499E+001                  1.4724804580668499E+001                 -9.9000000000000000E+001 
                                      86                  4.9999935340086408E+000                  1.3301447965535624E+000                  4.0440016927299167E+000                 -7.1844747264983404E+000                  4.7685725732312818E+000                  7.5580000000000003E-001                  2.4280000000000002E-001                  1.3999999999999568E-003                  1.1183770065613815E-026                  0.0000000000000000E+000                  0.0000000000000000E+000                                        1                  1.4726615711637304E+001                  1.4726615711637304E+001                 -9.9000000000000000E+001 
                                      87                  4.9999933842742816E+000                  1.3300970163693089E+000                  4.0488820389606310E+000                 -7.1678892053844541E+000                  4.7945510011376662E+000                  7.5580000000000003E-001                  2.4280000000000002E-001                  1.3999999999999568E-003                  1.1619245751204141E-026                  0.0000000000000000E+000                  0.0000000000000000E+000                                        1                  1.4730065774143640E+001                  1.4730065774143640E+001                 -9.9000000000000000E+001 
                                      88                  4.9999931964229321E+000                  1.3300392980869284E+000                  4.0533188969301204E+000                 -7.1518303831402399E+000                  4.8191719853180679E+000                  7.5580000000000003E-001                  2.4280000000000002E-001                  1.3999999999999568E-003                  1.2057045220576292E-026                  0.0000000000000000E+000                  0.0000000000000000E+000                                        1                  1.4733795941995330E+001                  1.4733795941995330E+001                 -9.9000000000000000E+001 
                                      89                  4.9999930453217702E+000                  1.3299945410040523E+000                  4.0565329209196959E+000                 -7.1397602266594857E+000                  4.8374623269961159E+000                  7.5580000000000003E-001                  2.4280000000000002E-001                  1.3999999999999568E-003                  1.2396931487254373E-026                  0.0000000000000000E+000                  0.0000000000000000E+000                                        1                  1.4736420603286616E+001                  1.4736420603286616E+001                 -9.9000000000000000E+001 
                                      90                  4.9999929319958998E+000                  1.3299618845518779E+000                  4.0591464456277677E+000                 -7.1297403909195616E+000                  4.8525535729229947E+000                  7.5580000000000003E-001                  2.4280000000000002E-001                  1.3999999999999568E-003                  1.2686350005894073E-026                  0.0000000000000000E+000                  0.0000000000000000E+000                                        1                  1.4738259204765942E+001                  1.4738259204765942E+001                 -9.9000000000000000E+001 
                                      91                  4.9999928186700284E+000                  1.3299299657906478E+000                  4.0620468697617218E+000                 -7.1184072199691855E+000                  4.8695266889959505E+000                  7.5580000000000003E-001                  2.4280000000000002E-001                  1.3999999999999568E-003                  1.3021856251556566E-026                  0.0000000000000000E+000                  0.0000000000000000E+000                                        1                  1.4740019803444792E+001                  1.4740019803444792E+001                 -9.9000000000000000E+001 
                                      92                  4.9999926675688666E+000                  1.3298884931508139E+000                  4.0655505940230645E+000                 -7.1043259117961108E+000                  4.8904255057593895E+000                  7.5580000000000003E-001                  2.4280000000000002E-001                  1.3999999999999568E-003                  1.3451107193459795E-026                  0.0000000000000000E+000                  0.0000000000000000E+000                                        1                  1.4742217540743813E+001                  1.4742217540743813E+001                 -9.9000000000000000E+001 
                                      93                  4.9999924786924153E+000                  1.3298382903557444E+000                  4.0691718994931687E+000                 -7.0892560250213990E+000                  4.9125346041425590E+000                  7.5580000000000003E-001                  2.4280000000000002E-001                  1.3999999999999568E-003                  1.3926182648742372E-026                  0.0000000000000000E+000                  0.0000000000000000E+000                                        1                  1.4744681619522328E+001                  1.4744681619522328E+001                 -9.9000000000000000E+001 
                                      94                  4.9999922898159630E+000                  1.3297897831703338E+000                  4.0728929324860275E+000                 -7.0733928515260951E+000                  4.9356313359455619E+000                  7.5580000000000003E-001                  2.4280000000000002E-001                  1.3999999999999568E-003                  1.4444407250120575E-026                  0.0000000000000000E+000                  0.0000000000000000E+000                                        1                  1.4746899605256456E+001                  1.4746899605256456E+001                 -9.9000000000000000E+001 
                                      95                  4.9999920631642212E+000                  1.3297336420441732E+000                  4.0766583891648214E+000                 -7.0568125440465348E+000                  4.9595133379794580E+000                  7.5580000000000003E-001                  2.4280000000000002E-001                  1.3999999999999568E-003                  1.5006685660198704E-026                  0.0000000000000000E+000                  0.0000000000000000E+000                                        1                  1.4749284872971270E+001                  1.4749284872971270E+001                 -9.9000000000000000E+001 
                                      96                  4.9999918365124794E+000                  1.3296795832800632E+000                  4.0795858303177912E+000                 -7.0435143218492087E+000                  4.9784676401138332E+000                  7.5580000000000003E-001                  2.4280000000000002E-001                  1.3999999999999568E-003                  1.5473440391837746E-026                  0.0000000000000000E+000                  0.0000000000000000E+000                                        1                  1.4751338914809718E+001                  1.4751338914809718E+001                 -9.9000000000000000E+001 
                                      97                  4.9999916854113176E+000                  1.3296446201612762E+000                  4.0818253611041664E+000                 -7.0332467488790051E+000                  4.9930617447494985E+000                  7.5580000000000003E-001                  2.4280000000000002E-001                  1.3999999999999568E-003                  1.5843732248486854E-026                  0.0000000000000000E+000                  0.0000000000000000E+000                                        1                  1.4752586569147756E+001                  1.4752586569147756E+001                 -9.9000000000000000E+001 
                                      98                  4.9999915343101557E+000                  1.3296104657920553E+000                  4.0845077270216867E+000                 -7.0208422662971053E+000                  5.0106460667736252E+000                  7.5580000000000003E-001                  2.4280000000000002E-001                  1.3999999999999568E-003                  1.6302931053284232E-026                  0.0000000000000000E+000                  0.0000000000000000E+000                                        1                  1.4753801848262651E+001                  1.4753801848262651E+001                 -9.9000000000000000E+001 
                                      99                  4.9999913076584139E+000                  1.3295606623933582E+000                  4.0870372193598739E+000                 -7.0087917180206381E+000                  5.0275536337814373E+000                  7.5580000000000003E-001                  2.4280000000000002E-001                  1.3999999999999568E-003                  1.6761770881706997E-026                  0.0000000000000000E+000                  0.0000000000000000E+000                                        1                  1.4755437469217465E+001                  1.4755437469217465E+001                 -9.9000000000000000E+001 
                                     100                  4.9999911565572521E+000                  1.3295283595810357E+000                  4.0899546905396482E+000                 -6.9949407350964714E+000                  5.0470160894092064E+000                  7.5580000000000003E-001                  2.4280000000000002E-001                  1.3999999999999568E-003                  1.7305141403876020E-026                  0.0000000000000000E+000                  0.0000000000000000E+000                                        1                  1.4756458450354357E+001                  1.4756458450354357E+001                 -9.9000000000000000E+001 
                                     101                  4.9999908543549294E+000                  1.3294657614025631E+000                  4.0945064175202628E+000                 -6.9728598263490102E+000                  5.0778114754379953E+000                  7.5580000000000003E-001                  2.4280000000000002E-001                  1.3999999999999568E-003                  1.8208032046041044E-026                  0.0000000000000000E+000                  0.0000000000000000E+000                                        1                  1.4758431031917823E+001                  1.4758431031917823E+001                 -9.9000000000000000E+001 
                                     102                  4.9999903969129749E+000                  1.3293756565804935E+000                  4.0986523156911483E+000                 -6.9518258182127948E+000                  5.1066912559326667E+000                  7.5580000000000003E-001                  2.4280000000000002E-001                  1.3999999999999568E-003                  1.9111897221456766E-026                  0.0000000000000000E+000                  0.0000000000000000E+000                                        1                  1.4760770643584996E+001                  1.4760770643584996E+001                 -9.9000000000000000E+001 
                                     103                  4.9999900919516724E+000                  1.3293183975729599E+000                  4.1017707684030302E+000                 -6.9359055307063375E+000                  5.1284986459167641E+000                  7.5580000000000003E-001                  2.4280000000000002E-001                  1.3999999999999568E-003                  1.9825736658793622E-026                  0.0000000000000000E+000                  0.0000000000000000E+000                                        1                  1.4762041079851693E+001                  1.4762041079851693E+001                 -9.9000000000000000E+001 
                                     104                  4.9999897869903700E+000                  1.3292631781013575E+000                  4.1047165376274046E+000                 -6.9206658460587258E+000                  5.1492734839123653E+000                  7.5580000000000003E-001                  2.4280000000000002E-001                  1.3999999999999568E-003                  2.0534026991922737E-026                  0.0000000000000000E+000                  0.0000000000000000E+000                                        1                  1.4763230844493057E+001                  1.4763230844493057E+001                 -9.9000000000000000E+001 
                                     105                  4.9999894820290667E+000                  1.3292098427212724E+000                  4.1075083339647307E+000                 -6.9060514485280651E+000                  5.1691092651455355E+000                  7.5580000000000003E-001                  2.4280000000000002E-001                  1.3999999999999568E-003                  2.1237016848234760E-026                  0.0000000000000000E+000                  0.0000000000000000E+000                                        1                  1.4764295134263444E+001                  1.4764295134263444E+001                 -9.9000000000000000E+001 
                                     106                  4.9999891770677634E+000                  1.3291582535699162E+000                  4.1101619827273250E+000                 -6.8920134495565195E+000                  5.1880873293324870E+000                  7.5580000000000003E-001                  2.4280000000000002E-001                  1.3999999999999568E-003                  2.1934936356425920E-026                  0.0000000000000000E+000                  0.0000000000000000E+000                                        1                  1.4765250823087964E+001                  1.4765250823087964E+001                 -9.9000000000000000E+001 
                                     107                  4.9999888721064609E+000                  1.3291082877846314E+000                  4.1126909887218277E+000                 -6.8785084522797142E+000                  5.2062788810133522E+000                  7.5580000000000003E-001                  2.4280000000000002E-001                  1.3999999999999568E-003                  2.2627998101087988E-026                  0.0000000000000000E+000                  0.0000000000000000E+000                                        1                  1.4766111694770105E+001                  1.4766111694770105E+001                 -9.9000000000000000E+001 
                                     108                  4.9999885671451585E+000                  1.3290598353786527E+000                  4.1163347890590583E+000                 -6.8591346282686407E+000                  5.2323969301294859E+000                  7.5580000000000003E-001                  2.4280000000000002E-001                  1.3999999999999568E-003                  2.3660663149153230E-026                  0.0000000000000000E+000                  0.0000000000000000E+000                                        1                  1.4766962207972913E+001                  1.4766962207972913E+001                 -9.9000000000000000E+001 
                                     109                  4.9999879509350906E+000                  1.3289661571286504E+000                  4.1197027571783051E+000                 -6.8405081947772794E+000                  5.2571626975970940E+000                  7.5580000000000003E-001                  2.4280000000000002E-001                  1.3999999999999568E-003                  2.4697908646828944E-026                  0.0000000000000000E+000                  0.0000000000000000E+000                                        1                  1.4768325732110242E+001                  1.4768325732110242E+001                 -9.9000000000000000E+001 
                                     110                  4.9999876417821465E+000                  1.3289211102165170E+000                  4.1223995910270519E+000                 -6.8257636109594264E+000                  5.2768252902601374E+000                  7.5580000000000003E-001                  2.4280000000000002E-001                  1.3999999999999568E-003                  2.5551139767963028E-026                  0.0000000000000000E+000                  0.0000000000000000E+000                                        1                  1.4768882417496961E+001                  1.4768882417496961E+001                 -9.9000000000000000E+001 
                                     111                  4.9999871780527307E+000                  1.3288557704949246E+000                  4.1254577538225687E+000                 -6.8088076379097355E+000                  5.2993156011981748E+000                  7.5580000000000003E-001                  2.4280000000000002E-001                  1.3999999999999568E-003                  2.6568846987196210E-026                  0.0000000000000000E+000                  0.0000000000000000E+000                                        1                  1.4769711731891990E+001                  1.4769711731891990E+001                 -9.9000000000000000E+001 
                                     112                  4.9999867143233141E+000                  1.3287929048152995E+000                  4.1278740206021629E+000                 -6.7952473408640364E+000                  5.3172170240658678E+000                  7.5580000000000003E-001                  2.4280000000000002E-001                  1.3999999999999568E-003                  2.7411844503598884E-026                  0.0000000000000000E+000                  0.0000000000000000E+000                                        1                  1.4770367271210620E+001                  1.4770367271210620E+001                 -9.9000000000000000E+001 
                                     113                  4.9999864051703700E+000                  1.3287522682199582E+000                  4.1297410501426155E+000                 -6.7847803055991136E+000                  5.3310302517967214E+000                  7.5580000000000003E-001                  2.4280000000000002E-001                  1.3999999999999568E-003                  2.8080795526588920E-026                  0.0000000000000000E+000                  0.0000000000000000E+000                                        1                  1.4770760406400944E+001                  1.4770760406400944E+001                 -9.9000000000000000E+001 
                                     114                  4.9999860960174267E+000                  1.3287125883030688E+000                  4.1324481406678206E+000                 -6.7696894233500533E+000                  5.3509668198271374E+000                  7.5580000000000003E-001                  2.4280000000000002E-001                  1.3999999999999568E-003                  2.9074101734552564E-026                  0.0000000000000000E+000                  0.0000000000000000E+000                                        1                  1.4771183806351027E+001                  1.4771183806351027E+001                 -9.9000000000000000E+001 
                                     115                  4.9999854777115376E+000                  1.3286359078970071E+000                  4.1358428531891471E+000                 -6.7504560273761856E+000                  5.3762178423538192E+000                  7.5580000000000003E-001                  2.4280000000000002E-001                  1.3999999999999568E-003                  3.0391177131797252E-026                  0.0000000000000000E+000                  0.0000000000000000E+000                                        1                  1.4771936735026108E+001                  1.4771936735026108E+001                 -9.9000000000000000E+001 
                                     116                  4.9999848594056502E+000                  1.3285625112662907E+000                  4.1382468363814562E+000                 -6.7366478476266911E+000                  5.3942489611421625E+000                  7.5580000000000003E-001                  2.4280000000000002E-001                  1.3999999999999568E-003                  3.1373388171165371E-026                  0.0000000000000000E+000                  0.0000000000000000E+000                                        1                  1.4772450987920088E+001                  1.4772450987920088E+001                 -9.9000000000000000E+001 
                                     117                  4.9999845502527061E+000                  1.3285269480204456E+000                  4.1405807211008741E+000                 -6.7234343996303805E+000                  5.4115667666376579E+000                  7.5580000000000003E-001                  2.4280000000000002E-001                  1.3999999999999568E-003                  3.2343009708535568E-026                  0.0000000000000000E+000                  0.0000000000000000E+000                                        1                  1.4772710120114555E+001                  1.4772710120114555E+001                 -9.9000000000000000E+001 
                                     118                  4.9999839319468178E+000                  1.3284579280432485E+000                  4.1431663362413005E+000                 -6.7085578076939605E+000                  5.4309470170426684E+000                  7.5580000000000003E-001                  2.4280000000000002E-001                  1.3999999999999568E-003                  3.3470591285791615E-026                  0.0000000000000000E+000                  0.0000000000000000E+000                                        1                  1.4773207472503197E+001                  1.4773207472503197E+001                 -9.9000000000000000E+001 
                                     119                  4.9999834682174011E+000                  1.3284078856491901E+000                  4.1453190246998588E+000                 -6.6961934341638019E+000                  5.4470480897481641E+000                  7.5580000000000003E-001                  2.4280000000000002E-001                  1.3999999999999568E-003                  3.4437619912927881E-026                  0.0000000000000000E+000                  0.0000000000000000E+000                                        1                  1.4773500126611177E+001                  1.4773500126611177E+001                 -9.9000000000000000E+001 
                                     120                  4.9999829959675521E+000                  1.3283583371763621E+000                  4.1481084133500490E+000                 -6.6802508702110526E+000                  5.4678198993059306E+000                  7.5580000000000003E-001                  2.4280000000000002E-001                  1.3999999999999568E-003                  3.5725863117704334E-026                  0.0000000000000000E+000                  0.0000000000000000E+000                                        1                  1.4773824239186526E+001                  1.4773824239186526E+001                 -9.9000000000000000E+001 
                                     121                  4.9999822088844708E+000                  1.3282786973621845E+000                  4.1517286820400159E+000                 -6.6594184147001991E+000                  5.4948692075278673E+000                  7.5580000000000003E-001                  2.4280000000000002E-001                  1.3999999999999568E-003                  3.7482157144388739E-026                  0.0000000000000000E+000                  0.0000000000000000E+000                                        1                  1.4774326691930733E+001                  1.4774326691930733E+001                 -9.9000000000000000E+001 
                                     122                  4.9999812643847719E+000                  1.3281875518678226E+000                  4.1548159860554739E+000                 -6.6414364777128867E+000                  5.5180969959611197E+000                  7.5580000000000003E-001                  2.4280000000000002E-001                  1.3999999999999568E-003                  3.9067426403672096E-026                  0.0000000000000000E+000                  0.0000000000000000E+000                                        1                  1.4774725930682507E+001                  1.4774725930682507E+001                 -9.9000000000000000E+001 
                                     123                  4.9999806347183062E+000                  1.3281292226402763E+000                  4.1571854462299660E+000                 -6.6277126644161735E+000                  5.5358336009758489E+000                  7.5580000000000003E-001                  2.4280000000000002E-001                  1.3999999999999568E-003                  4.0322277817415230E-026                  0.0000000000000000E+000                  0.0000000000000000E+000                                        1                  1.4774939102533711E+001                  1.4774939102533711E+001                 -9.9000000000000000E+001 
                                     124                  4.9999800050518406E+000                  1.3280726853861964E+000                  4.1605995867958407E+000                 -6.6081541158549122E+000                  5.5611629201025332E+000                  7.5580000000000003E-001                  2.4280000000000002E-001                  1.3999999999999568E-003                  4.2180620374761376E-026                  0.0000000000000000E+000                  0.0000000000000000E+000                                        1                  1.4775224827202576E+001                  1.4775224827202576E+001                 -9.9000000000000000E+001 
                                     125                  4.9999787457189093E+000                  1.3279645287448694E+000                  4.1637915940881065E+000                 -6.5894407564093340E+000                  5.5851907162471210E+000                  7.5580000000000003E-001                  2.4280000000000002E-001                  1.3999999999999568E-003                  4.4038799627464292E-026                  0.0000000000000000E+000                  0.0000000000000000E+000                                        1                  1.4775619255360100E+001                  1.4775619255360100E+001                 -9.9000000000000000E+001 
                                     126                  4.9999781102573220E+000                  1.3279122254228395E+000                  4.1658668351490613E+000                 -6.5774122726040432E+000                  5.6006694418362635E+000                  7.5580000000000003E-001                  2.4280000000000002E-001                  1.3999999999999568E-003                  4.5276197177532300E-026                  0.0000000000000000E+000                  0.0000000000000000E+000                                        1                  1.4775741077893151E+001                  1.4775741077893151E+001                 -9.9000000000000000E+001 
                                     127                  4.9999774690006120E+000                  1.3278608685112139E+000                  4.1683855252719626E+000                 -6.5628927607368936E+000                  5.6193642119716420E+000                  7.5580000000000003E-001                  2.4280000000000002E-001                  1.3999999999999568E-003                  4.6816268008179938E-026                  0.0000000000000000E+000                  0.0000000000000000E+000                                        1                  1.4775927517999550E+001                  1.4775927517999550E+001                 -9.9000000000000000E+001 
                                     128                  4.9999765071155471E+000                  1.3277863336440752E+000                  4.1710290564134329E+000                 -6.5475516360862418E+000                  5.6390528425583977E+000                  7.5580000000000003E-001                  2.4280000000000002E-001                  1.3999999999999568E-003                  4.8500453571401846E-026                  0.0000000000000000E+000                  0.0000000000000000E+000                                        1                  1.4776167961460558E+001                  1.4776167961460558E+001                 -9.9000000000000000E+001 
                                     129                  4.9999757055446601E+000                  1.3277263491649975E+000                  4.1738035935389339E+000                 -6.5315829683607394E+000                  5.6595709532967771E+000                  7.5580000000000003E-001                  2.4280000000000002E-001                  1.3999999999999568E-003                  5.0317936579973370E-026                  0.0000000000000000E+000                  0.0000000000000000E+000                                        1                  1.4776350160608786E+001                  1.4776350160608786E+001                 -9.9000000000000000E+001 
                                     130                  4.9999745833454181E+000                  1.3276453632090870E+000                  4.1771028537725448E+000                 -6.5125818347843136E+000                  5.6839439578286859E+000                  7.5580000000000003E-001                  2.4280000000000002E-001                  1.3999999999999568E-003                  5.2569530715877136E-026                  0.0000000000000000E+000                  0.0000000000000000E+000                                        1                  1.4776617746319294E+001                  1.4776617746319294E+001                 -9.9000000000000000E+001 
                                     131                  4.9999733008319982E+000                  1.3275567180606369E+000                  4.1804846755681258E+000                 -6.4931213276980619E+000                  5.7088702020476818E+000                  7.5580000000000003E-001                  2.4280000000000002E-001                  1.3999999999999568E-003                  5.4980062157954676E-026                  0.0000000000000000E+000                  0.0000000000000000E+000                                        1                  1.4776867919774595E+001                  1.4776867919774595E+001                 -9.9000000000000000E+001 
                                     132                  4.9999719825347473E+000                  1.3274695395131229E+000                  4.1837397586792289E+000                 -6.4744390292993748E+000                  5.7327773691957562E+000                  7.5580000000000003E-001                  2.4280000000000002E-001                  1.3999999999999568E-003                  5.7398156520710673E-026                  0.0000000000000000E+000                  0.0000000000000000E+000                                        1                  1.4777092957065209E+001                  1.4777092957065209E+001                 -9.9000000000000000E+001 
                                     133                  4.9999706642374955E+000                  1.3273859823985048E+000                  4.1864534993928935E+000                 -6.4588579925984133E+000                  5.7526832132775709E+000                  7.5580000000000003E-001                  2.4280000000000002E-001                  1.3999999999999568E-003                  5.9496010128070007E-026                  0.0000000000000000E+000                  0.0000000000000000E+000                                        1                  1.4777279820142315E+001                  1.4777279820142315E+001                 -9.9000000000000000E+001 
                                     134                  4.9999696755145573E+000                  1.3273254929348151E+000                  4.1886990999451141E+000                 -6.4460505163402271E+000                  5.7690569640906117E+000                  7.5580000000000003E-001                  2.4280000000000002E-001                  1.3999999999999568E-003                  6.1277737495013432E-026                  0.0000000000000000E+000                  0.0000000000000000E+000                                        1                  1.4777418504829573E+001                  1.4777418504829573E+001                 -9.9000000000000000E+001 
                                     135                  4.9999686867916182E+000                  1.3272667370831288E+000                  4.1908711424208072E+000                 -6.4336981888062423E+000                  5.7848441404498914E+000                  7.5580000000000003E-001                  2.4280000000000002E-001                  1.3999999999999568E-003                  6.3046690309491896E-026                  0.0000000000000000E+000                  0.0000000000000000E+000                                        1                  1.4777574890462983E+001                  1.4777574890462983E+001                 -9.9000000000000000E+001 
                                     136                  4.9999676980686800E+000                  1.3272096059774809E+000                  4.1929748443172112E+000                 -6.4217701683033921E+000                  5.8000853809389588E+000                  7.5580000000000003E-001                  2.4280000000000002E-001                  1.3999999999999568E-003                  6.4803342310592287E-026                  0.0000000000000000E+000                  0.0000000000000000E+000                                        1                  1.4777730561211845E+001                  1.4777730561211845E+001                 -9.9000000000000000E+001 
                                     137                  4.9999667093457418E+000                  1.3271540009944269E+000                  4.1953539727732627E+000                 -6.4083658171491145E+000                  5.8172246883779417E+000                  7.5580000000000003E-001                  2.4280000000000002E-001                  1.3999999999999568E-003                  6.6835906571963911E-026                  0.0000000000000000E+000                  0.0000000000000000E+000                                        1                  1.4777900538129449E+001                  1.4777900538129449E+001                 -9.9000000000000000E+001 
                                     138                  4.9999653910484909E+000                  1.3270820826996783E+000                  4.1979695121952902E+000                 -6.3936420303557879E+000                  5.8360306011463363E+000                  7.5580000000000003E-001                  2.4280000000000002E-001                  1.3999999999999568E-003                  6.9142114396835136E-026                  0.0000000000000000E+000                  0.0000000000000000E+000                                        1                  1.4778126562823921E+001                  1.4778126562823921E+001                 -9.9000000000000000E+001 
                                     139                  4.9999640727512382E+000                  1.3270125277878191E+000                  4.2004892165373846E+000                 -6.3795186654916876E+000                  5.8540671731292280E+000                  7.5580000000000003E-001                  2.4280000000000002E-001                  1.3999999999999568E-003                  7.1429041636914513E-026                  0.0000000000000000E+000                  0.0000000000000000E+000                                        1                  1.4778335797888246E+001                  1.4778335797888246E+001                 -9.9000000000000000E+001 
                                     140                  4.9999627544539873E+000                  1.3269451665879861E+000                  4.2026474510355207E+000                 -6.3674430903079440E+000                  5.8694768528273187E+000                  7.5580000000000003E-001                  2.4280000000000002E-001                  1.3999999999999568E-003                  7.3444290151928951E-026                  0.0000000000000000E+000                  0.0000000000000000E+000                                        1                  1.4778534860094810E+001                  1.4778534860094810E+001                 -9.9000000000000000E+001 
                                     141                  4.9999617332228423E+000                  1.3268943948365808E+000                  4.2053960556493637E+000                 -6.3522888815297467E+000                  5.8888722094004917E+000                  7.5580000000000003E-001                  2.4280000000000002E-001                  1.3999999999999568E-003                  7.6053986561870449E-026                  0.0000000000000000E+000                  0.0000000000000000E+000                                        1                  1.4778725255651986E+001                  1.4778725255651986E+001                 -9.9000000000000000E+001 
                                     142                  4.9999596907605515E+000                  1.3267962830348776E+000                  4.2084498727886173E+000                 -6.3353536932559491E+000                  5.9104759324717708E+000                  7.5580000000000003E-001                  2.4280000000000002E-001                  1.3999999999999568E-003                  7.9080290263402920E-026                  0.0000000000000000E+000                  0.0000000000000000E+000                                        1                  1.4779098023599365E+001                  1.4779098023599365E+001                 -9.9000000000000000E+001 
                                     143                  4.9999581589138327E+000                  1.3267254720370316E+000                  4.2113935357968693E+000                 -6.3192473411251600E+000                  5.9310688316617348E+000                  7.5580000000000003E-001                  2.4280000000000002E-001                  1.3999999999999568E-003                  8.2070172832041996E-026                  0.0000000000000000E+000                  0.0000000000000000E+000                                        1                  1.4779358162196591E+001                  1.4779358162196591E+001                 -9.9000000000000000E+001 
                                     144                  4.9999561164515418E+000                  1.3266344438580433E+000                  4.2141557329188473E+000                 -6.3041198034858210E+000                  5.9503747012853605E+000                  7.5580000000000003E-001                  2.4280000000000002E-001                  1.3999999999999568E-003                  8.4981257958081241E-026                  0.0000000000000000E+000                  0.0000000000000000E+000                                        1                  1.4779715034742567E+001                  1.4779715034742567E+001                 -9.9000000000000000E+001 
                                     145                  4.9999546534580457E+000                  1.3265714399168536E+000                  4.2163902511325002E+000                 -6.2919978830107244E+000                  5.9658658415030947E+000                  7.5580000000000003E-001                  2.4280000000000002E-001                  1.3999999999999568E-003                  8.7388328884739152E-026                  0.0000000000000000E+000                  0.0000000000000000E+000                                        1                  1.4779961181400671E+001                  1.4779961181400671E+001                 -9.9000000000000000E+001 
                                     146                  4.9999531904645496E+000                  1.3265101439009834E+000                  4.2200529421923250E+000                 -6.2724952010855466E+000                  5.9908822611326498E+000                  7.5580000000000003E-001                  2.4280000000000002E-001                  1.3999999999999568E-003                  9.1404969749470237E-026                  0.0000000000000000E+000                  0.0000000000000000E+000                                        1                  1.4780292385087312E+001                  1.4780292385087312E+001                 -9.9000000000000000E+001 
                                     147                  4.9999497051138642E+000                  1.3263704314373546E+000                  4.2237047891225412E+000                 -6.2528150827814635E+000                  6.0159862521231746E+000                  7.5580000000000003E-001                  2.4280000000000002E-001                  1.3999999999999568E-003                  9.5645393342503261E-026                  0.0000000000000000E+000                  0.0000000000000000E+000                                        1                  1.4780986948458132E+001                  1.4780986948458132E+001                 -9.9000000000000000E+001 
                                     148                  4.9999479365912443E+000                  1.3263026313191355E+000                  4.2263351890950194E+000                 -6.2389131947351855E+000                  6.0337873597671221E+000                  7.5580000000000003E-001                  2.4280000000000002E-001                  1.3999999999999568E-003                  9.8758871788801364E-026                  0.0000000000000000E+000                  0.0000000000000000E+000                                        1                  1.4781298338091711E+001                  1.4781298338091711E+001                 -9.9000000000000000E+001 
                                     149                  4.9999457936862788E+000                  1.3262230260230687E+000                  4.2291155541542675E+000                 -6.2242972961024279E+000                  6.0525028569234607E+000                  7.5580000000000003E-001                  2.4280000000000002E-001                  1.3999999999999568E-003                  1.0214165514156737E-025                  0.0000000000000000E+000                  0.0000000000000000E+000                                        1                  1.4781748037553756E+001                  1.4781748037553756E+001                 -9.9000000000000000E+001 
                                     150                  4.9999436507813133E+000                  1.3261460135641288E+000                  4.2324705336846291E+000                 -6.2068956768659111E+000                  6.0748325331695305E+000                  7.5580000000000003E-001                  2.4280000000000002E-001                  1.3999999999999568E-003                  1.0632066730687258E-025                  0.0000000000000000E+000                  0.0000000000000000E+000                                        1                  1.4782226489595489E+001                  1.4782226489595489E+001                 -9.9000000000000000E+001 
                                     151                  4.9999404364238664E+000                  1.3260349599431289E+000                  4.2365721609601268E+000                 -6.1857831708951130E+000                  6.1019255455313628E+000                  7.5580000000000003E-001                  2.4280000000000002E-001                  1.3999999999999568E-003                  1.1162116475692745E-025                  0.0000000000000000E+000                  0.0000000000000000E+000                                        1                  1.4782976697103065E+001                  1.4782976697103065E+001                 -9.9000000000000000E+001 
                                     152                  4.9999367768089389E+000                  1.3259144261518243E+000                  4.2403149040596588E+000                 -6.1666527190258380E+000                  6.1264688250034895E+000                  7.5580000000000003E-001                  2.4280000000000002E-001                  1.3999999999999568E-003                  1.1665199250164365E-025                  0.0000000000000000E+000                  0.0000000000000000E+000                                        1                  1.4783778874191269E+001                  1.4783778874191269E+001                 -9.9000000000000000E+001 
                                     153                  4.9999338354687781E+000                  1.3258216560168028E+000                  4.2435433995385807E+000                 -6.1503776020656806E+000                  6.1473891390994817E+000                  7.5580000000000003E-001                  2.4280000000000002E-001                  1.3999999999999568E-003                  1.2111012099367445E-025                  0.0000000000000000E+000                  0.0000000000000000E+000                                        1                  1.4784432377541565E+001                  1.4784432377541565E+001                 -9.9000000000000000E+001 
                                     154                  4.9999308531839617E+000                  1.3257309967754038E+000                  4.2468829440102134E+000                 -6.1337383019608644E+000                  6.1688082810223213E+000                  7.5580000000000003E-001                  2.4280000000000002E-001                  1.3999999999999568E-003                  1.2584427043791033E-025                  0.0000000000000000E+000                  0.0000000000000000E+000                                        1                  1.4785142214813117E+001                  1.4785142214813117E+001                 -9.9000000000000000E+001 
                                     155                  4.9999274729247629E+000                  1.3256320371384256E+000                  4.2503179490221141E+000                 -6.1167908007647460E+000                  6.1906427449353902E+000                  7.5580000000000003E-001                  2.4280000000000002E-001                  1.3999999999999568E-003                  1.3085646433953579E-025                  0.0000000000000000E+000                  0.0000000000000000E+000                                        1                  1.4785961416503167E+001                  1.4785961416503167E+001                 -9.9000000000000000E+001 
                                     156                  4.9999240422880042E+000                  1.3255353811537465E+000                  4.2536479032919301E+000                 -6.1005442968482075E+000                  6.2116001266479390E+000                  7.5580000000000003E-001                  2.4280000000000002E-001                  1.3999999999999568E-003                  1.3584873255025033E-025                  0.0000000000000000E+000                  0.0000000000000000E+000                                        1                  1.4786796972494100E+001                  1.4786796972494100E+001                 -9.9000000000000000E+001 
                                     157                  4.9999206116512456E+000                  1.3254422131088071E+000                  4.2571730679650379E+000                 -6.0835794199533444E+000                  6.2335265011655530E+000                  7.5580000000000003E-001                  2.4280000000000002E-001                  1.3999999999999568E-003                  1.4126522495535760E-025                  0.0000000000000000E+000                  0.0000000000000000E+000                                        1                  1.4787660418061419E+001                  1.4787660418061419E+001                 -9.9000000000000000E+001 
                                     158                  4.9999165068582236E+000                  1.3253349329761797E+000                  4.2607902900279138E+000                 -6.0663455066719223E+000                  6.2558181069434724E+000                  7.5580000000000003E-001                  2.4280000000000002E-001                  1.3999999999999568E-003                  1.4698888886476304E-025                  0.0000000000000000E+000                  0.0000000000000000E+000                                        1                  1.4788705491152605E+001                  1.4788705491152605E+001                 -9.9000000000000000E+001 
                                     159                  4.9999125585283100E+000                  1.3252356859845194E+000                  4.2642070917044617E+000                 -6.0502762972163753E+000                  6.2766374824542428E+000                  7.5580000000000003E-001                  2.4280000000000002E-001                  1.3999999999999568E-003                  1.5253457018776265E-025                  0.0000000000000000E+000                  0.0000000000000000E+000                                        1                  1.4789709451055598E+001                  1.4789709451055598E+001                 -9.9000000000000000E+001 
                                     160                  4.9999086101983972E+000                  1.3251399796744265E+000                  4.2670943827379402E+000                 -6.0368196816741344E+000                  6.2940851387066870E+000                  7.5580000000000003E-001                  2.4280000000000002E-001                  1.3999999999999568E-003                  1.5733933241457949E-025                  0.0000000000000000E+000                  0.0000000000000000E+000                                        1                  1.4790710034001226E+001                  1.4790710034001226E+001                 -9.9000000000000000E+001 
                                     161                  4.9999056489509615E+000                  1.3250703501822416E+000                  4.2697665966882115E+000                 -6.0245407211715634E+000                  6.3100449494578950E+000                  7.5580000000000003E-001                  2.4280000000000002E-001                  1.3999999999999568E-003                  1.6185560751651663E-025                  0.0000000000000000E+000                  0.0000000000000000E+000                                        1                  1.4791474615852254E+001                  1.4791474615852254E+001                 -9.9000000000000000E+001 
                                     162                  4.9999020462852197E+000                  1.3249879569439871E+000                  4.2731206765549619E+000                 -6.0093199301885472E+000                  6.3298650090073547E+000                  7.5580000000000003E-001                  2.4280000000000002E-001                  1.3999999999999568E-003                  1.6763434609388130E-025                  0.0000000000000000E+000                  0.0000000000000000E+000                                        1                  1.4792442359295487E+001                  1.4792442359295487E+001                 -9.9000000000000000E+001 
                                     163                  4.9998971607828642E+000                  1.3248800022437170E+000                  4.2772017684433807E+000                 -5.9910395168789545E+000                  6.3537072700828396E+000                  7.5580000000000003E-001                  2.4280000000000002E-001                  1.3999999999999568E-003                  1.7484818309138469E-025                  0.0000000000000000E+000                  0.0000000000000000E+000                                        1                  1.4793761779187188E+001                  1.4793761779187188E+001                 -9.9000000000000000E+001 
                                     164                  4.9998913194139174E+000                  1.3247561470380580E+000                  4.2804007765497403E+000                 -5.9767973517445858E+000                  6.3722763742329587E+000                  7.5580000000000003E-001                  2.4280000000000002E-001                  1.3999999999999568E-003                  1.8068302013477034E-025                  0.0000000000000000E+000                  0.0000000000000000E+000                                        1                  1.4795261951222974E+001                  1.4795261951222974E+001                 -9.9000000000000000E+001 
                                     165                  4.9998883987294453E+000                  1.3246961792750447E+000                  4.2830965745059109E+000                 -5.9650369625384672E+000                  6.3876734606318193E+000                  7.5580000000000003E-001                  2.4280000000000002E-001                  1.3999999999999568E-003                  1.8564767182198007E-025                  0.0000000000000000E+000                  0.0000000000000000E+000                                        1                  1.4796020733499081E+001                  1.4796020733499081E+001                 -9.9000000000000000E+001 
                                     166                  4.9998837687240520E+000                  1.3246036065344950E+000                  4.2873706418093676E+000                 -5.9466790720605731E+000                  6.4117682557729028E+000                  7.5580000000000003E-001                  2.4280000000000002E-001                  1.3999999999999568E-003                  1.9367167086526281E-025                  0.0000000000000000E+000                  0.0000000000000000E+000                                        1                  1.4797300480925404E+001                  1.4797300480925404E+001                 -9.9000000000000000E+001 
                                     167                  4.9998760426603130E+000                  1.3244554014254046E+000                  4.2919455201819794E+000                 -5.9272009777822294E+000                  6.4373345671536573E+000                  7.5580000000000003E-001                  2.4280000000000002E-001                  1.3999999999999568E-003                  2.0256502818931148E-025                  0.0000000000000000E+000                  0.0000000000000000E+000                                        1                  1.4799350645470934E+001                  1.4799350645470934E+001                 -9.9000000000000000E+001 
                                     168                  4.9998699052976887E+000                  1.3243427336041533E+000                  4.2965837986154911E+000                 -5.9079230855961651E+000                  6.4627500803661935E+000                  7.5580000000000003E-001                  2.4280000000000002E-001                  1.3999999999999568E-003                  2.1176923875998172E-025                  0.0000000000000000E+000                  0.0000000000000000E+000                                        1                  1.4800947340120695E+001                  1.4800947340120695E+001                 -9.9000000000000000E+001 
                                     169                  4.9998614430445416E+000                  1.3241939968391667E+000                  4.3014905338094929E+000                 -5.8878030616845818E+000                  6.4893104943529307E+000                  7.5580000000000003E-001                  2.4280000000000002E-001                  1.3999999999999568E-003                  2.2182209146263406E-025                  0.0000000000000000E+000                  0.0000000000000000E+000                                        1                  1.4803137361718356E+001                  1.4803137361718356E+001                 -9.9000000000000000E+001 
                                     170                  4.9998537290852099E+000                  1.3240644260495547E+000                  4.3050840993716157E+000                 -5.8732599921803388E+000                  6.5085381503919066E+000                  7.5580000000000003E-001                  2.4280000000000002E-001                  1.3999999999999568E-003                  2.2938446786439414E-025                  0.0000000000000000E+000                  0.0000000000000000E+000                                        1                  1.4805027317184328E+001                  1.4805027317184328E+001                 -9.9000000000000000E+001 
                                     171                  4.9998491144787147E+000                  1.3239894144810007E+000                  4.3082552154233280E+000                 -5.8606765261024867E+000                  6.5252405903952955E+000                  7.5580000000000003E-001                  2.4280000000000002E-001                  1.3999999999999568E-003                  2.3613570408134791E-025                  0.0000000000000000E+000                  0.0000000000000000E+000                                        1                  1.4806161475548508E+001                  1.4806161475548508E+001                 -9.9000000000000000E+001 
                                     172                  4.9998425752857383E+000                  1.3238860903500518E+000                  4.3120213524577471E+000                 -5.8458958541280897E+000                  6.5448873410720836E+000                  7.5580000000000003E-001                  2.4280000000000002E-001                  1.3999999999999568E-003                  2.4432013110562266E-025                  0.0000000000000000E+000                  0.0000000000000000E+000                                        1                  1.4807776728783901E+001                  1.4807776728783901E+001                 -9.9000000000000000E+001 
                                     173                  4.9998354464532220E+000                  1.3237771387131794E+000                  4.3155891529829233E+000                 -5.8320552959609966E+000                  6.5633127530600976E+000                  7.5580000000000003E-001                  2.4280000000000002E-001                  1.3999999999999568E-003                  2.5224113823103911E-025                  0.0000000000000000E+000                  0.0000000000000000E+000                                        1                  1.4809469159742191E+001                  1.4809469159742191E+001                 -9.9000000000000000E+001 
                                     174                  4.9998291961306913E+000                  1.3236845454183184E+000                  4.3197592570691636E+000                 -5.8161846057911344E+000                  6.5845187478315008E+000                  7.5580000000000003E-001                  2.4280000000000002E-001                  1.3999999999999568E-003                  2.6164075377430022E-025                  0.0000000000000000E+000                  0.0000000000000000E+000                                        1                  1.4810938708826260E+001                  1.4810938708826260E+001                 -9.9000000000000000E+001 
                                     175                  4.9998193427197313E+000                  1.3235436998570516E+000                  4.3247082329715649E+000                 -5.7975697681708454E+000                  6.6094226139329928E+000                  7.5580000000000003E-001                  2.4280000000000002E-001                  1.3999999999999568E-003                  2.7311320435659422E-025                  0.0000000000000000E+000                  0.0000000000000000E+000                                        1                  1.4813192797798154E+001                  1.4813192797798154E+001                 -9.9000000000000000E+001 
                                     176                  4.9998092782347427E+000                  1.3234057403940140E+000                  4.3285867851949087E+000                 -5.7831349058623411E+000                  6.6287548685096720E+000                  7.5580000000000003E-001                  2.4280000000000002E-001                  1.3999999999999568E-003                  2.8235489009937749E-025                  0.0000000000000000E+000                  0.0000000000000000E+000                                        1                  1.4815324869476203E+001                  1.4815324869476203E+001                 -9.9000000000000000E+001 
                                     177                  4.9998030946174739E+000                  1.3233236867811080E+000                  4.3314646622263915E+000                 -5.7725865806819474E+000                  6.6429240901119719E+000                  7.5580000000000003E-001                  2.4280000000000002E-001                  1.3999999999999568E-003                  2.8930557184569195E-025                  0.0000000000000000E+000                  0.0000000000000000E+000                                        1                  1.4816586037546243E+001                  1.4816586037546243E+001                 -9.9000000000000000E+001 
                                     178                  4.9997969110002041E+000                  1.3232435572395480E+000                  4.3343082406825761E+000                 -5.7622592364620866E+000                  6.6568167562224572E+000                  7.5580000000000003E-001                  2.4280000000000002E-001                  1.3999999999999568E-003                  2.9627648220305657E-025                  0.0000000000000000E+000                  0.0000000000000000E+000                                        1                  1.4817830284705162E+001                  1.4817830284705162E+001                 -9.9000000000000000E+001 
                                     179                  4.9997905798604831E+000                  1.3231633995775818E+000                  4.3371178054289263E+000                 -5.7521418848664876E+000                  6.6704448610246807E+000                  7.5580000000000003E-001                  2.4280000000000002E-001                  1.3999999999999568E-003                  3.0326860432555563E-025                  0.0000000000000000E+000                  0.0000000000000000E+000                                        1                  1.4819063961247195E+001                  1.4819063961247195E+001                 -9.9000000000000000E+001 
                                     180                  4.9997842487207622E+000                  1.3230850448042595E+000                  4.3412934119358972E+000                 -5.7373528695374247E+000                  6.6904352485818777E+000                  7.5580000000000003E-001                  2.4280000000000002E-001                  1.3999999999999568E-003                  3.1378749012073292E-025                  0.0000000000000000E+000                  0.0000000000000000E+000                                        1                  1.4820285179130410E+001                  1.4820285179130410E+001                 -9.9000000000000000E+001 
                                     181                  4.9997712862040684E+000                  1.3229298653715977E+000                  4.3467562608997490E+000                 -5.7181447339326130E+000                  6.7164059076595093E+000                  7.5580000000000003E-001                  2.4280000000000002E-001                  1.3999999999999568E-003                  3.2799643904432805E-025                  0.0000000000000000E+000                  0.0000000000000000E+000                                        1                  1.4822658279499811E+001                  1.4822658279499811E+001                 -9.9000000000000000E+001 
                                     182                  4.9997578572497234E+000                  1.3227758930632629E+000                  4.3521310143017633E+000                 -5.6995091587735098E+000                  6.7416567240288652E+000                  7.5580000000000003E-001                  2.4280000000000002E-001                  1.3999999999999568E-003                  3.4239692090397519E-025                  0.0000000000000000E+000                  0.0000000000000000E+000                                        1                  1.4824884516119871E+001                  1.4824884516119871E+001                 -9.9000000000000000E+001 
                                     183                  4.9997441062619083E+000                  1.3226246914213902E+000                  4.3564888595542701E+000                 -5.6845169179773576E+000                  6.7619838101135175E+000                  7.5580000000000003E-001                  2.4280000000000002E-001                  1.3999999999999568E-003                  3.5443998689729025E-025                  0.0000000000000000E+000                  0.0000000000000000E+000                                        1                  1.4826954982311284E+001                  1.4826954982311284E+001                 -9.9000000000000000E+001 
                                     184                  4.9997348315922077E+000                  1.3225260853754903E+000                  4.3599557753482925E+000                 -5.6727458825355974E+000                  6.7779858005111437E+000                  7.5580000000000003E-001                  2.4280000000000002E-001                  1.3999999999999568E-003                  3.6419181856508741E-025                  0.0000000000000000E+000                  0.0000000000000000E+000                                        1                  1.4828259818240218E+001                  1.4828259818240218E+001                 -9.9000000000000000E+001 
                                     185                  4.9997252234457470E+000                  1.3224265973499096E+000                  4.3633812392811544E+000                 -5.6611982512926380E+000                  6.7937008702005341E+000                  7.5580000000000003E-001                  2.4280000000000002E-001                  1.3999999999999568E-003                  3.7401942450542048E-025                  0.0000000000000000E+000                  0.0000000000000000E+000                                        1                  1.4829558798821321E+001                  1.4829558798821321E+001                 -9.9000000000000000E+001 
                                     186                  4.9997156152992872E+000                  1.3223296540434439E+000                  4.3684823264241253E+000                 -5.6442859798778837E+000                  6.8168024283794697E+000                  7.5580000000000003E-001                  2.4280000000000002E-001                  1.3999999999999568E-003                  3.8889356049364395E-025                  0.0000000000000000E+000                  0.0000000000000000E+000                                        1                  1.4830825734931642E+001                  1.4830825734931642E+001                 -9.9000000000000000E+001 
                                     187                  4.9996957084003837E+000                  1.3221362769583411E+000                  4.3751084058518703E+000                 -5.6223844334463653E+000                  6.8466975978574274E+000                  7.5580000000000003E-001                  2.4280000000000002E-001                  1.3999999999999568E-003                  4.0903879383984168E-025                  0.0000000000000000E+000                  0.0000000000000000E+000                                        1                  1.4833242696577546E+001                  1.4833242696577546E+001                 -9.9000000000000000E+001 
                                     188                  4.9996750864450519E+000                  1.3219455527385879E+000                  4.3799552186061730E+000                 -5.6064053888973815E+000                  6.8684937417301981E+000                  7.5580000000000003E-001                  2.4280000000000002E-001                  1.3999999999999568E-003                  4.2439235051271171E-025                  0.0000000000000000E+000                  0.0000000000000000E+000                                        1                  1.4835343126770841E+001                  1.4835343126770841E+001                 -9.9000000000000000E+001 
                                     189                  4.9996644052995425E+000                  1.3218502415536884E+000                  4.3831659191815140E+000                 -5.5959688285923974E+000                  6.8827763356222205E+000                  7.5580000000000003E-001                  2.4280000000000002E-001                  1.3999999999999568E-003                  4.3473041143121621E-025                  0.0000000000000000E+000                  0.0000000000000000E+000                                        1                  1.4836349104232495E+001                  1.4836349104232495E+001                 -9.9000000000000000E+001 
                                     190                  4.9996537241540331E+000                  1.3217571329232647E+000                  4.3879556463479963E+000                 -5.5806175872229877E+000                  6.9038544802734814E+000                  7.5580000000000003E-001                  2.4280000000000002E-001                  1.3999999999999568E-003                  4.5039651120817446E-025                  0.0000000000000000E+000                  0.0000000000000000E+000                                        1                  1.4837379418997417E+001                  1.4837379418997417E+001                 -9.9000000000000000E+001 
                                     191                  4.9996315953897650E+000                  1.3215707538117536E+000                  4.3941987052535874E+000                 -5.5606336807127192E+000                  6.9312701741000824E+000                  7.5580000000000003E-001                  2.4280000000000002E-001                  1.3999999999999568E-003                  4.7163982953817754E-025                  0.0000000000000000E+000                  0.0000000000000000E+000                                        1                  1.4839387925222050E+001                  1.4839387925222050E+001                 -9.9000000000000000E+001 
                                     192                  4.9996086731259606E+000                  1.3213861374583928E+000                  4.3987822205048088E+000                 -5.5459851303355592E+000                  6.9513528275297993E+000                  7.5580000000000003E-001                  2.4280000000000002E-001                  1.3999999999999568E-003                  4.8784584354176255E-025                  0.0000000000000000E+000                  0.0000000000000000E+000                                        1                  1.4841190499501518E+001                  1.4841190499501518E+001                 -9.9000000000000000E+001 
                                     193                  4.9995968012709238E+000                  1.3212936040747489E+000                  4.4018249925205435E+000                 -5.5363859776491715E+000                  6.9645540146709513E+000                  7.5580000000000003E-001                  2.4280000000000002E-001                  1.3999999999999568E-003                  4.9876667793159035E-025                  0.0000000000000000E+000                  0.0000000000000000E+000                                        1                  1.4842084527590448E+001                  1.4842084527590448E+001                 -9.9000000000000000E+001 
                                     194                  4.9995849294158861E+000                  1.3212030362488272E+000                  4.4063743432706231E+000                 -5.5222237087150594E+000                  6.9840939118664016E+000                  7.5580000000000003E-001                  2.4280000000000002E-001                  1.3999999999999568E-003                  5.1532727788803722E-025                  0.0000000000000000E+000                  0.0000000000000000E+000                                        1                  1.4843026262150561E+001                  1.4843026262150561E+001                 -9.9000000000000000E+001 
                                     195                  4.9995603353588649E+000                  1.3210212622523976E+000                  4.4123307062852479E+000                 -5.5037249271345008E+000                  7.0096074611956292E+000                  7.5580000000000003E-001                  2.4280000000000002E-001                  1.3999999999999568E-003                  5.3779045795328113E-025                  0.0000000000000000E+000                  0.0000000000000000E+000                                        1                  1.4844936026034070E+001                  1.4844936026034070E+001                 -9.9000000000000000E+001 
                                     196                  4.9995348610670733E+000                  1.3208406078454165E+000                  4.4182134294384792E+000                 -5.4856537642808672E+000                  7.0345830803988409E+000                  7.5580000000000003E-001                  2.4280000000000002E-001                  1.3999999999999568E-003                  5.6068037046647131E-025                  0.0000000000000000E+000                  0.0000000000000000E+000                                        1                  1.4846816791570788E+001                  1.4846816791570788E+001                 -9.9000000000000000E+001 
                                     197                  4.9995084756317238E+000                  1.3206608945969207E+000                  4.4240334248977327E+000                 -5.4679844755164870E+000                  7.0590605073015373E+000                  7.5580000000000003E-001                  2.4280000000000002E-001                  1.3999999999999568E-003                  5.8400379299144595E-025                  0.0000000000000000E+000                  0.0000000000000000E+000                                        1                  1.4848761290736682E+001                  1.4848761290736682E+001                 -9.9000000000000000E+001 
                                     198                  4.9994811470881988E+000                  1.3204819572457092E+000                  4.4298014315318843E+000                 -5.4506941895476944E+000                  7.0830754860356366E+000                  7.5580000000000003E-001                  2.4280000000000002E-001                  1.3999999999999568E-003                  6.0776673108602848E-025                  0.0000000000000000E+000                  0.0000000000000000E+000                                        1                  1.4850793549666827E+001                  1.4850793549666827E+001                 -9.9000000000000000E+001 
                                     199                  4.9994528423800997E+000                  1.3203036418706251E+000                  4.4355278099223252E+000                 -5.4337624531909992E+000                  7.1066602825928005E+000                  7.5580000000000003E-001                  2.4280000000000002E-001                  1.3999999999999568E-003                  6.3197453772466771E-025                  0.0000000000000000E+000                  0.0000000000000000E+000                                        1                  1.4852939664021715E+001                  1.4852939664021715E+001                 -9.9000000000000000E+001 
                                     200                  4.9994235273218912E+000                  1.3201258043622497E+000                  4.4412225888749992E+000                 -5.4171714250703866E+000                  7.1298441199757052E+000                  7.5580000000000003E-001                  2.4280000000000002E-001                  1.3999999999999568E-003                  6.5663116158075049E-025                  0.0000000000000000E+000                  0.0000000000000000E+000                                        1                  1.4855217898095187E+001                  1.4855217898095187E+001                 -9.9000000000000000E+001 
                                     201                  4.9993931665602052E+000                  1.3199483089066264E+000                  4.4468955224870950E+000                 -5.4009055189629400E+000                  7.1526535473691348E+000                  7.5580000000000003E-001                  2.4280000000000002E-001                  1.3999999999999568E-003                  6.8173915651577129E-025                  0.0000000000000000E+000                  0.0000000000000000E+000                                        1                  1.4857638406974086E+001                  1.4857638406974086E+001                 -9.9000000000000000E+001 
                                     202                  4.9993617235342667E+000                  1.3197710266913349E+000                  4.4525559130329286E+000                 -5.3849507311345146E+000                  7.1751127549051601E+000                  7.5580000000000003E-001                  2.4280000000000002E-001                  1.3999999999999568E-003                  7.0730029265240237E-025                  0.0000000000000000E+000                  0.0000000000000000E+000                                        1                  1.4860213158294934E+001                  1.4860213158294934E+001                 -9.9000000000000000E+001 
                                     203                  4.9993291604351153E+000                  1.3195938349440437E+000                  4.4582125162446671E+000                 -5.3692942351651531E+000                  7.1972438434430082E+000                  7.5580000000000003E-001                  2.4280000000000002E-001                  1.3999999999999568E-003                  7.3331592230109422E-025                  0.0000000000000000E+000                  0.0000000000000000E+000                                        1                  1.4862953666220060E+001                  1.4862953666220060E+001                 -9.9000000000000000E+001 
                                     204                  4.9992954381635615E+000                  1.3194166161812928E+000                  4.4638736539504933E+000                 -5.3539243458413575E+000                  7.2190670568611051E+000                  7.5580000000000003E-001                  2.4280000000000002E-001                  1.3999999999999568E-003                  7.5978682292715057E-025                  0.0000000000000000E+000                  0.0000000000000000E+000                                        1                  1.4865864459471217E+001                  1.4865864459471217E+001                 -9.9000000000000000E+001 
                                     205                  4.9992605162868315E+000                  1.3192392575082983E+000                  4.4695471730706560E+000                 -5.3388307230902425E+000                  7.2406009829513129E+000                  7.5580000000000003E-001                  2.4280000000000002E-001                  1.3999999999999568E-003                  7.8671259960437289E-025                  0.0000000000000000E+000                  0.0000000000000000E+000                                        1                  1.4868945625020066E+001                  1.4868945625020066E+001                 -9.9000000000000000E+001 
                                     206                  4.9992243529938598E+000                  1.3190616498647818E+000                  4.4752402974488978E+000                 -5.3240037891282652E+000                  7.2618627279171797E+000                  7.5580000000000003E-001                  2.4280000000000002E-001                  1.3999999999999568E-003                  8.1409247028031979E-025                  0.0000000000000000E+000                  0.0000000000000000E+000                                        1                  1.4872197479459818E+001                  1.4872197479459818E+001                 -9.9000000000000000E+001 
                                     207                  4.9991869050491413E+000                  1.3188836875318781E+000                  4.4809596179830926E+000                 -5.3094342685790750E+000                  7.2828680685560894E+000                  7.5580000000000003E-001                  2.4280000000000002E-001                  1.3999999999999568E-003                  8.4192601602285776E-025                  0.0000000000000000E+000                  0.0000000000000000E+000                                        1                  1.4875618886182442E+001                  1.4875618886182442E+001                 -9.9000000000000000E+001 
                                     208                  4.9991481277449479E+000                  1.3187052678465305E+000                  4.4867111245556490E+000                 -5.2951134007354321E+000                  7.3036315854471461E+000                  7.5580000000000003E-001                  2.4280000000000002E-001                  1.3999999999999568E-003                  8.7021275009840756E-025                  0.0000000000000000E+000                  0.0000000000000000E+000                                        1                  1.4879205178575665E+001                  1.4879205178575665E+001                 -9.9000000000000000E+001 
                                     209                  4.9991079748519782E+000                  1.3185262908467110E+000                  4.4925001279798895E+000                 -5.2810331795611374E+000                  7.3241667798962480E+000                  7.5580000000000003E-001                  2.4280000000000002E-001                  1.3999999999999568E-003                  8.9895154043418242E-025                  0.0000000000000000E+000                  0.0000000000000000E+000                                        1                  1.4882948101925512E+001                  1.4882948101925512E+001                 -9.9000000000000000E+001 
                                     210                  4.9990663985684503E+000                  1.3183466588322617E+000                  4.4983311759971789E+000                 -5.2671856194909816E+000                  7.3444861769676235E+000                  7.5580000000000003E-001                  2.4280000000000002E-001                  1.3999999999999568E-003                  9.2814201373010487E-025                  0.0000000000000000E+000                  0.0000000000000000E+000                                        1                  1.4886837108139401E+001                  1.4886837108139401E+001                 -9.9000000000000000E+001 
                                     211                  4.9990233494675813E+000                  1.3181662762409809E+000                  4.5042080370022628E+000                 -5.2535626359628012E+000                  7.3646014164964102E+000                  7.5580000000000003E-001                  2.4280000000000002E-001                  1.3999999999999568E-003                  9.5778489082001440E-025                  0.0000000000000000E+000                  0.0000000000000000E+000                                        1                  1.4890861776180381E+001                  1.4890861776180381E+001                 -9.9000000000000000E+001 
                                     212                  4.9989787764434226E+000                  1.3179850495890264E+000                  4.5101336934078580E+000                 -5.2401564072241058E+000                  7.3845233337158191E+000                  7.5580000000000003E-001                  2.4280000000000002E-001                  1.3999999999999568E-003                  9.8788127449575109E-025                  0.0000000000000000E+000                  0.0000000000000000E+000                                        1                  1.4895010298646968E+001                  1.4895010298646968E+001                 -9.9000000000000000E+001 
                                     213                  4.9989326266549794E+000                  1.3178028872746590E+000                  4.5161103252545267E+000                 -5.2269591737543868E+000                  7.4042620308789688E+000                  7.5580000000000003E-001                  2.4280000000000002E-001                  1.3999999999999568E-003                  1.0184331077509691E-024                  0.0000000000000000E+000                  0.0000000000000000E+000                                        1                  1.4899266245572484E+001                  1.4899266245572484E+001                 -9.9000000000000000E+001 
                                     214                  4.9988848454687460E+000                  1.3176196994777338E+000                  4.5221392694909035E+000                 -5.2139629432931196E+000                  7.4238269410555082E+000                  7.5580000000000003E-001                  2.4280000000000002E-001                  1.3999999999999568E-003                  1.0494439429704549E-024                  0.0000000000000000E+000                  0.0000000000000000E+000                                        1                  1.4903612253796043E+001                  1.4903612253796043E+001                 -9.9000000000000000E+001 
                                     215                  4.9988353763993691E+000                  1.3174353981960620E+000                  4.5282210208495322E+000                 -5.2011595642749571E+000                  7.4432268851757986E+000                  7.5580000000000003E-001                  2.4280000000000002E-001                  1.3999999999999568E-003                  1.0809189200012500E-024                  0.0000000000000000E+000                  0.0000000000000000E+000                                        1                  1.4908032965294881E+001                  1.4908032965294881E+001                 -9.9000000000000000E+001 
                                     216                  4.9987841610481363E+000                  1.3172498972647335E+000                  4.5343553127899812E+000                 -5.1885408611628296E+000                  7.4624701231626078E+000                  7.5580000000000003E-001                  2.4280000000000002E-001                  1.3999999999999568E-003                  1.1128645568720143E-024                  0.0000000000000000E+000                  0.0000000000000000E+000                                        1                  1.4912511235443006E+001                  1.4912511235443006E+001                 -9.9000000000000000E+001 
                                     217                  4.9987311390394682E+000                  1.3170631123318941E+000                  4.5405411556244024E+000                 -5.1760985620336415E+000                  7.4815643998256149E+000                  7.5580000000000003E-001                  2.4280000000000002E-001                  1.3999999999999568E-003                  1.1452890320858578E-024                  0.0000000000000000E+000                  0.0000000000000000E+000                                        1                  1.4917027527467942E+001                  1.4917027527467942E+001                 -9.9000000000000000E+001 
                                     218                  4.9986762479553972E+000                  1.3168749608786072E+000                  4.5467768369362194E+000                 -5.1638242364903197E+000                  7.5005169861367813E+000                  7.5580000000000003E-001                  2.4280000000000002E-001                  1.3999999999999568E-003                  1.1782024730844498E-024                  0.0000000000000000E+000                  0.0000000000000000E+000                                        1                  1.4921564403434287E+001                  1.4921564403434287E+001                 -9.9000000000000000E+001 
                                     219                  4.9986194232679582E+000                  1.3166853622796109E+000                  4.5530600430735744E+000                 -5.1517093290291998E+000                  7.5193347164253854E+000                  7.5580000000000003E-001                  2.4280000000000002E-001                  1.3999999999999568E-003                  1.2116170092140421E-024                  0.0000000000000000E+000                  0.0000000000000000E+000                                        1                  1.4926106278141681E+001                  1.4926106278141681E+001                 -9.9000000000000000E+001 
                                     220                  4.9985605982694228E+000                  1.3164942378642783E+000                  4.5593879804932893E+000                 -5.1397453705671596E+000                  7.5380240219632473E+000                  7.5580000000000003E-001                  2.4280000000000002E-001                  1.3999999999999568E-003                  1.2455463009161502E-024                  0.0000000000000000E+000                  0.0000000000000000E+000                                        1                  1.4930636716264727E+001                  1.4930636716264727E+001                 -9.9000000000000000E+001 
                                     221                  4.9984997040003378E+000                  1.3163015108981342E+000                  4.5657574047889868E+000                 -5.1279239589590233E+000                  7.5565909613232485E+000                  7.5580000000000003E-001                  2.4280000000000002E-001                  1.3999999999999568E-003                  1.2800056545612420E-024                  0.0000000000000000E+000                  0.0000000000000000E+000                                        1                  1.4935140677990708E+001                  1.4935140677990708E+001                 -9.9000000000000000E+001 
                                     222                  4.9984366691755442E+000                  1.3161071065842942E+000                  4.5721647255812616E+000                 -5.1162366290607713E+000                  7.5750412478644131E+000                  7.5580000000000003E-001                  2.4280000000000002E-001                  1.3999999999999568E-003                  1.3150124827032105E-024                  0.0000000000000000E+000                  0.0000000000000000E+000                                        1                  1.4939605775045390E+001                  1.4939605775045390E+001                 -9.9000000000000000E+001 
                                     223                  4.9983714201079295E+000                  1.3159109521341128E+000                  4.5786061359200261E+000                 -5.1046751258972893E+000                  7.5933802747291255E+000                  7.5580000000000003E-001                  2.4280000000000002E-001                  1.3999999999999568E-003                  1.3505855728296015E-024                  0.0000000000000000E+000                  0.0000000000000000E+000                                        1                  1.4944020957679061E+001                  1.4944020957679061E+001                 -9.9000000000000000E+001 
                                     224                  4.9983038806294777E+000                  1.3157129767250590E+000                  4.5850776624856300E+000                 -5.0932314740154059E+000                  7.6116131376493277E+000                  7.5580000000000003E-001                  2.4280000000000002E-001                  1.3999999999999568E-003                  1.3867448760085899E-024                  0.0000000000000000E+000                  0.0000000000000000E+000                                        1                  1.4948376433921576E+001                  1.4948376433921576E+001                 -9.9000000000000000E+001 
                                     225                  4.9982339720097677E+000                  1.3155131114331229E+000                  4.5915752281375619E+000                 -5.0818977743716989E+000                  7.6297446557582234E+000                  7.5580000000000003E-001                  2.4280000000000002E-001                  1.3999999999999568E-003                  1.4235121548734014E-024                  0.0000000000000000E+000                  0.0000000000000000E+000                                        1                  1.4952664168208228E+001                  1.4952664168208228E+001                 -9.9000000000000000E+001 
                                     226                  4.9981616128718791E+000                  1.3153112892639622E+000                  4.5980947305103674E+000                 -5.0706663878121319E+000                  7.6477793905945841E+000                  7.5580000000000003E-001                  2.4280000000000002E-001                  1.3999999999999568E-003                  1.4609104307375588E-024                  0.0000000000000000E+000                  0.0000000000000000E+000                                        1                  1.4956878055783264E+001                  1.4956878055783264E+001                 -9.9000000000000000E+001 
                                     227                  4.9980867191056104E+000                  1.3151074451062035E+000                  4.6046320816489104E+000                 -5.0595300432106969E+000                  7.6657216634967122E+000                  7.5580000000000003E-001                  2.4280000000000002E-001                  1.3999999999999568E-003                  1.4989635970681190E-024                  0.0000000000000000E+000                  0.0000000000000000E+000                                        1                  1.4961013199809454E+001                  1.4961013199809454E+001                 -9.9000000000000000E+001 
                                     228                  4.9980092037779364E+000                  1.3149015156369037E+000                  4.6111832277241458E+000                 -5.0484816362002167E+000                  7.6835755715553580E+000                  7.5580000000000003E-001                  2.4280000000000002E-001                  1.3999999999999568E-003                  1.5376970719824571E-024                  0.0000000000000000E+000                  0.0000000000000000E+000                                        1                  1.4965065254670346E+001                  1.4965065254670346E+001                 -9.9000000000000000E+001 
                                     229                  4.9979289770406075E+000                  1.3146934393235372E+000                  4.6177441659246554E+000                 -5.0375143018668558E+000                  7.7013450022336132E+000                  7.5580000000000003E-001                  2.4280000000000002E-001                  1.3999999999999568E-003                  1.5771375589597915E-024                  0.0000000000000000E+000                  0.0000000000000000E+000                                        1                  1.4969031105999019E+001                  1.4969031105999019E+001                 -9.9000000000000000E+001 
                                     230                  4.9978459460349915E+000                  1.3144831563955539E+000                  4.6243109578958093E+000                 -5.0266215066461104E+000                  7.7190336467484100E+000                  7.5580000000000003E-001                  2.4280000000000002E-001                  1.3999999999999568E-003                  1.6173126960367727E-024                  0.0000000000000000E+000                  0.0000000000000000E+000                                        1                  1.4972908496134441E+001                  1.4972908496134441E+001                 -9.9000000000000000E+001 
                                     231                  4.9977600147942960E+000                  1.3142706087738862E+000                  4.6308797198607854E+000                 -5.0157968907731458E+000                  7.7366450123710573E+000                  7.5580000000000003E-001                  2.4280000000000002E-001                  1.3999999999999568E-003                  1.6582516070127681E-024                  0.0000000000000000E+000                  0.0000000000000000E+000                                        1                  1.4976694740557388E+001                  1.4976694740557388E+001                 -9.9000000000000000E+001 
                                     232                  4.9976710841426142E+000                  1.3140557400769723E+000                  4.6374465970882559E+000                 -5.0050342626507325E+000                  7.7541824337825016E+000                  7.5580000000000003E-001                  2.4280000000000002E-001                  1.3999999999999568E-003                  1.6999849438276287E-024                  0.0000000000000000E+000                  0.0000000000000000E+000                                        1                  1.4980387401979444E+001                  1.4980387401979444E+001                 -9.9000000000000000E+001 
                                     233                  4.9975790515907343E+000                  1.3138384956319824E+000                  4.6440077565708586E+000                 -4.9943276508730072E+000                  7.7716490835603889E+000                  7.5580000000000003E-001                  2.4280000000000002E-001                  1.3999999999999568E-003                  1.7425447008302443E-024                  0.0000000000000000E+000                  0.0000000000000000E+000                                        1                  1.4983984398167360E+001                  1.4983984398167360E+001                 -9.9000000000000000E+001 
                                     234                  4.9974838112286575E+000                  1.3136188224618510E+000                  4.6505593665067089E+000                 -4.9836712120984696E+000                  7.7890479818762506E+000                  7.5580000000000003E-001                  2.4280000000000002E-001                  1.3999999999999568E-003                  1.7859645931585550E-024                  0.0000000000000000E+000                  0.0000000000000000E+000                                        1                  1.4987482616090796E+001                  1.4987482616090796E+001                 -9.9000000000000000E+001 
                                     235                  4.9973852536147101E+000                  1.3133966693197698E+000                  4.6570975565984281E+000                 -4.9730591873663244E+000                  7.8063820054665181E+000                  7.5580000000000003E-001                  2.4280000000000002E-001                  1.3999999999999568E-003                  1.8302802862952623E-024                  0.0000000000000000E+000                  0.0000000000000000E+000                                        1                  1.4990878463017143E+001                  1.4990878463017143E+001                 -9.9000000000000000E+001 
                                     236                  4.9972832656611477E+000                  1.3131719867487699E+000                  4.6636184046520590E+000                 -4.9624859122144294E+000                  7.8236538959379622E+000                  7.5580000000000003E-001                  2.4280000000000002E-001                  1.3999999999999568E-003                  1.8755294221864381E-024                  0.0000000000000000E+000                  0.0000000000000000E+000                                        1                  1.4994168325574787E+001                  1.4994168325574787E+001                 -9.9000000000000000E+001 
                                     237                  4.9971777305161336E+000                  1.3129447271395349E+000                  4.6701179261828702E+000                 -4.9519458012397237E+000                  7.8408662674618910E+000                  7.5580000000000003E-001                  2.4280000000000002E-001                  1.3999999999999568E-003                  1.9217517561727093E-024                  0.0000000000000000E+000                  0.0000000000000000E+000                                        1                  1.4997347359741966E+001                  1.4997347359741966E+001                 -9.9000000000000000E+001 
                                     238                  4.9970685274420221E+000                  1.3127148447994523E+000                  4.6765920509966339E+000                 -4.9414333086552320E+000                  7.8580216138745813E+000                  7.5580000000000003E-001                  2.4280000000000002E-001                  1.3999999999999568E-003                  1.9689894170312675E-024                  0.0000000000000000E+000                  0.0000000000000000E+000                                        1                  1.5000409929438240E+001                  1.5000409929438240E+001                 -9.9000000000000000E+001 
                                     239                  4.9969555316902232E+000                  1.3124822960468638E+000                  4.6830366206212766E+000                 -4.9309429030705845E+000                  7.8751223152045666E+000                  7.5580000000000003E-001                  2.4280000000000002E-001                  1.3999999999999568E-003                  2.0172871318514315E-024                  0.0000000000000000E+000                  0.0000000000000000E+000                                        1                  1.5003350318320148E+001                  1.5003350318320148E+001                 -9.9000000000000000E+001 
                                     240                  4.9968386143725683E+000                  1.3122470393240437E+000                  4.6894474064856064E+000                 -4.9204691261847104E+000                  7.8921706437008661E+000                  7.5580000000000003E-001                  2.4280000000000002E-001                  1.3999999999999568E-003                  2.0666920741257450E-024                  0.0000000000000000E+000                  0.0000000000000000E+000                                        1                  1.5006161860849090E+001                  1.5006161860849090E+001                 -9.9000000000000000E+001 
                                     241                  4.9967176423287345E+000                  1.3120090352829317E+000                  4.6958201335391569E+000                 -4.9100066068800787E+000                  7.9091687694367199E+000                  7.5580000000000003E-001                  2.4280000000000002E-001                  1.3999999999999568E-003                  2.1172538968851947E-024                  0.0000000000000000E+000                  0.0000000000000000E+000                                        1                  1.5008837281236328E+001                  1.5008837281236328E+001                 -9.9000000000000000E+001 
                                     242                  4.9965924779895756E+000                  1.3117682468657641E+000                  4.7021505053350738E+000                 -4.8995500133649088E+000                  7.9261187655274714E+000                  7.5580000000000003E-001                  2.4280000000000002E-001                  1.3999999999999568E-003                  2.1690250724580601E-024                  0.0000000000000000E+000                  0.0000000000000000E+000                                        1                  1.5011369571166341E+001                  1.5011369571166341E+001                 -9.9000000000000000E+001 
                                     243                  4.9964629792362141E+000                  1.3115246394145545E+000                  4.7084342539381128E+000                 -4.8890941519734357E+000                  7.9430226129898633E+000                  7.5580000000000003E-001                  2.4280000000000002E-001                  1.3999999999999568E-003                  2.2220605206784062E-024                  0.0000000000000000E+000                  0.0000000000000000E+000                                        1                  1.5013751665560910E+001                  1.5013751665560910E+001                 -9.9000000000000000E+001 
                                     244                  4.9963289992547564E+000                  1.3112781807276874E+000                  4.7146672286951299E+000                 -4.8786340769296697E+000                  7.9598822052797100E+000                  7.5580000000000003E-001                  2.4280000000000002E-001                  1.3999999999999568E-003                  2.2764171136120750E-024                  0.0000000000000000E+000                  0.0000000000000000E+000                                        1                  1.5015976672704234E+001                  1.5015976672704234E+001                 -9.9000000000000000E+001 
                                     245                  4.9961903863864885E+000                  1.3110288410530326E+000                  4.7208454612537460E+000                 -4.8681650474190761E+000                  7.9766993525427425E+000                  7.5580000000000003E-001                  2.4280000000000002E-001                  1.3999999999999568E-003                  2.3321539228155713E-024                  0.0000000000000000E+000                  0.0000000000000000E+000                                        1                  1.5018038631861938E+001                  1.5018038631861938E+001                 -9.9000000000000000E+001 
                                     246                  4.9960469839734092E+000                  1.3107765931014208E+000                  4.7269652194626985E+000                 -4.8576825958991927E+000                  7.9934757855816514E+000                  7.5580000000000003E-001                  2.4280000000000002E-001                  1.3999999999999568E-003                  2.3893318858933238E-024                  0.0000000000000000E+000                  0.0000000000000000E+000                                        1                  1.5019932965223285E+001                  1.5019932965223285E+001                 -9.9000000000000000E+001 
                                     247                  4.9958986301992265E+000                  1.3105214120168203E+000                  4.7330231371965885E+000                 -4.8471827070143503E+000                  8.0102131595231043E+000                  7.5580000000000003E-001                  2.4280000000000002E-001                  1.3999999999999568E-003                  2.4480127929502178E-024                  0.0000000000000000E+000                  0.0000000000000000E+000                                        1                  1.5021656646009811E+001                  1.5021656646009811E+001                 -9.9000000000000000E+001 
                                     248                  4.9957451579262591E+000                  1.3102632752350412E+000                  4.7390163167039479E+000                 -4.8366618330436033E+000                  8.0269130572198168E+000                  7.5580000000000003E-001                  2.4280000000000002E-001                  1.3999999999999568E-003                  2.5082590681678602E-024                  0.0000000000000000E+000                  0.0000000000000000E+000                                        1                  1.5023208187719357E+001                  1.5023208187719357E+001                 -9.9000000000000000E+001 
                                     249                  4.9955863945277788E+000                  1.3100021623205986E+000                  4.7449423482648401E+000                 -4.8261168908479561E+000                  8.0435769924515235E+000                  7.5580000000000003E-001                  2.4280000000000002E-001                  1.3999999999999568E-003                  2.5701336345594491E-024                  0.0000000000000000E+000                  0.0000000000000000E+000                                        1                  1.5024588773571672E+001                  1.5024588773571672E+001                 -9.9000000000000000E+001 
                                     250                  4.9954221617153651E+000                  1.3097380547912312E+000                  4.7507994010321681E+000                 -4.8155453473979817E+000                  8.0602064129605520E+000                  7.5580000000000003E-001                  2.4280000000000002E-001                  1.3999999999999568E-003                  2.6336992262956225E-024                  0.0000000000000000E+000                  0.0000000000000000E+000                                        1                  1.5025802722246759E+001                  1.5025802722246759E+001                 -9.9000000000000000E+001 
                                     251                  4.9952522753611115E+000                  1.3094709358750791E+000                  4.7565863242885378E+000                 -4.8049453311489936E+000                  8.0768027033471697E+000                  7.5580000000000003E-001                  2.4280000000000002E-001                  1.3999999999999568E-003                  2.6990174446288833E-024                  0.0000000000000000E+000                  0.0000000000000000E+000                                        1                  1.5026856157423012E+001                  1.5026856157423012E+001                 -9.9000000000000000E+001 
                                     252                  4.9950765453145083E+000                  1.3092007901802389E+000                  4.7623026391583174E+000                 -4.7943156287305344E+000                  8.0933671878504736E+000                  7.5580000000000003E-001                  2.4280000000000002E-001                  1.3999999999999568E-003                  2.7661484183586067E-024                  0.0000000000000000E+000                  0.0000000000000000E+000                                        1                  1.5027757649895822E+001                  1.5027757649895822E+001                 -9.9000000000000000E+001 
                                     253                  4.9948947752138242E+000                  1.3089276033435511E+000                  4.7679479126595714E+000                 -4.7836566989870875E+000                  8.1098993649846527E+000                  7.5580000000000003E-001                  2.4280000000000002E-001                  1.3999999999999568E-003                  2.8351437660745453E-024                  0.0000000000000000E+000                  0.0000000000000000E+000                                        1                  1.5028519733892873E+001                  1.5028519733892873E+001                 -9.9000000000000000E+001 
                                     254                  4.9947068025916614E+000                  1.3086514202785369E+000                  4.7735230901722483E+000                 -4.7729683890957215E+000                  8.1264005682527181E+000                  7.5580000000000003E-001                  2.4280000000000002E-001                  1.3999999999999568E-003                  2.9060606756202842E-024                  0.0000000000000000E+000                  0.0000000000000000E+000                                        1                  1.5029156911614924E+001                  1.5029156911614924E+001                 -9.9000000000000000E+001 
                                     255                  4.9945123791588149E+000                  1.3083721685351606E+000                  4.7790303001456387E+000                 -4.7622501354985554E+000                  8.1428737266608540E+000                  7.5580000000000003E-001                  2.4280000000000002E-001                  1.3999999999999568E-003                  2.9789610759197177E-024                  0.0000000000000000E+000                  0.0000000000000000E+000                                        1                  1.5029684336090938E+001                  1.5029684336090938E+001                 -9.9000000000000000E+001 
                                     256                  4.9943112887795067E+000                  1.3080898348463132E+000                  4.7844716739051565E+000                 -4.7515031310101001E+000                  8.1593199433966284E+000                  7.5580000000000003E-001                  2.4280000000000002E-001                  1.3999999999999568E-003                  3.0538967630113049E-024                  0.0000000000000000E+000                  0.0000000000000000E+000                                        1                  1.5030119652219884E+001                  1.5030119652219884E+001                 -9.9000000000000000E+001 
                                     257                  4.9941033082996471E+000                  1.3078044054995424E+000                  4.7898498791121762E+000                 -4.7407288272619130E+000                  8.1757402736894242E+000                  7.5580000000000003E-001                  2.4280000000000002E-001                  1.3999999999999568E-003                  3.1309187645102497E-024                  0.0000000000000000E+000                  0.0000000000000000E+000                                        1                  1.5030482827145891E+001                  1.5030482827145891E+001                 -9.9000000000000000E+001 
                                     258                  4.9938882073308939E+000                  1.3075158661411077E+000                  4.7951680607563727E+000                 -4.7299291108803532E+000                  8.1921357269217765E+000                  7.5580000000000003E-001                  2.4280000000000002E-001                  1.3999999999999568E-003                  3.2100758024542553E-024                  0.0000000000000000E+000                  0.0000000000000000E+000                                        1                  1.5030792917016930E+001                  1.5030792917016930E+001                 -9.9000000000000000E+001 
                                     259                  4.9936657480286257E+000                  1.3072242014515554E+000                  4.8004297878068112E+000                 -4.7191064093643025E+000                  8.2085072686788152E+000                  7.5580000000000003E-001                  2.4280000000000002E-001                  1.3999999999999568E-003                  3.2914130712605230E-024                  0.0000000000000000E+000                  0.0000000000000000E+000                                        1                  1.5031068372554545E+001                  1.5031068372554545E+001                 -9.9000000000000000E+001 
                                     260                  4.9934356848636625E+000                  1.3069293947323721E+000                  4.8056389925205947E+000                 -4.7082634900529898E+000                  8.2248558227552593E+000                  7.5580000000000003E-001                  2.4280000000000002E-001                  1.3999999999999568E-003                  3.3749732521831922E-024                  0.0000000000000000E+000                  0.0000000000000000E+000                                        1                  1.5031328542523196E+001                  1.5031328542523196E+001                 -9.9000000000000000E+001 
                                     261                  4.9931977643875651E+000                  1.3066314276093682E+000                  4.8107998731292527E+000                 -4.6974030660995183E+000                  8.2411822730856823E+000                  7.5580000000000003E-001                  2.4280000000000002E-001                  1.3999999999999568E-003                  3.4607992664149502E-024                  0.0000000000000000E+000                  0.0000000000000000E+000                                        1                  1.5031592491443847E+001                  1.5031592491443847E+001                 -9.9000000000000000E+001 
                                     262                  4.9929517249919986E+000                  1.3063302799962015E+000                  4.8159168144645559E+000                 -4.6865281023856813E+000                  8.2574874655266655E+000                  7.5580000000000003E-001                  2.4280000000000002E-001                  1.3999999999999568E-003                  3.5489317352648315E-024                  0.0000000000000000E+000                  0.0000000000000000E+000                                        1                  1.5031877475422110E+001                  1.5031877475422110E+001                 -9.9000000000000000E+001 
                                     263                  4.9926972966626799E+000                  1.3060259298453207E+000                  4.8209943668289190E+000                 -4.6756418816079020E+000                  8.2737722095544104E+000                  7.5580000000000003E-001                  2.4280000000000002E-001                  1.3999999999999568E-003                  3.6394080734305752E-024                  0.0000000000000000E+000                  0.0000000000000000E+000                                        1                  1.5032199154385385E+001                  1.5032199154385385E+001                 -9.9000000000000000E+001 
                                     264                  4.9924342007266755E+000                  1.3057183528407423E+000                  4.8260372130921789E+000                 -4.6647477930130661E+000                  8.2900372799270059E+000                  7.5580000000000003E-001                  2.4280000000000002E-001                  1.3999999999999568E-003                  3.7322638649705974E-024                  0.0000000000000000E+000                  0.0000000000000000E+000                                        1                  1.5032571896741100E+001                  1.5032571896741100E+001                 -9.9000000000000000E+001 
                                     265                  4.9921621495930308E+000                  1.3054075222280266E+000                  4.8310500804426857E+000                 -4.6538490228845202E+000                  8.3062834182876522E+000                  7.5580000000000003E-001                  2.4280000000000002E-001                  1.3999999999999568E-003                  3.8275353565408411E-024                  0.0000000000000000E+000                  0.0000000000000000E+000                                        1                  1.5033009072586308E+001                  1.5033009072586308E+001                 -9.9000000000000000E+001 
                                     266                  4.9918808464867004E+000                  1.3050934088621053E+000                  4.8360376797305920E+000                 -4.6429488238007819E+000                  8.3225113346787172E+000                  7.5580000000000003E-001                  2.4280000000000002E-001                  1.3999999999999568E-003                  3.9252571013581828E-024                  0.0000000000000000E+000                  0.0000000000000000E+000                                        1                  1.5033523227011571E+001                  1.5033523227011571E+001                 -9.9000000000000000E+001 
                                     267                  4.9915899851756489E+000                  1.3047759810637967E+000                  4.8410047148590687E+000                 -4.6320505655004673E+000                  8.3387217089966299E+000                  7.5580000000000003E-001                  2.4280000000000002E-001                  1.3999999999999568E-003                  4.0254612725614553E-024                  0.0000000000000000E+000                  0.0000000000000000E+000                                        1                  1.5034124682072349E+001                  1.5034124682072349E+001                 -9.9000000000000000E+001 
                                     268                  4.9912892496911443E+000                  1.3044552044337501E+000                  4.8459558764508071E+000                 -4.6211576197969775E+000                  8.3549151923177121E+000                  7.5580000000000003E-001                  2.4280000000000002E-001                  1.3999999999999568E-003                  4.1281784766563525E-024                  0.0000000000000000E+000                  0.0000000000000000E+000                                        1                  1.5034821068103948E+001                  1.5034821068103948E+001                 -9.9000000000000000E+001 
                                     269                  4.9909783140441011E+000                  1.3041310417481542E+000                  4.8508957780612185E+000                 -4.6102731596052777E+000                  8.3710924080681028E+000                  7.5580000000000003E-001                  2.4280000000000002E-001                  1.3999999999999568E-003                  4.2334395599614900E-024                  0.0000000000000000E+000                  0.0000000000000000E+000                                        1                  1.5035619465715719E+001                  1.5035619465715719E+001                 -9.9000000000000000E+001 
                                     270                  4.9906568419359116E+000                  1.3038034530043323E+000                  4.8558289129088417E+000                 -4.5994002764689546E+000                  8.3872539531728130E+000                  7.5580000000000003E-001                  2.4280000000000002E-001                  1.3999999999999568E-003                  4.3412745111754485E-024                  0.0000000000000000E+000                  0.0000000000000000E+000                                        1                  1.5036527435816502E+001                  1.5036527435816502E+001                 -9.9000000000000000E+001 
                                     271                  4.9903244864598717E+000                  1.3034723953789367E+000                  4.8607596721487036E+000                 -4.5885420123003327E+000                  8.4034003992285982E+000                  7.5580000000000003E-001                  2.4280000000000002E-001                  1.3999999999999568E-003                  4.4517120786499972E-024                  0.0000000000000000E+000                  0.0000000000000000E+000                                        1                  1.5037550563846311E+001                  1.5037550563846311E+001                 -9.9000000000000000E+001 
                                     272                  4.9899808897953397E+000                  1.3031378231615429E+000                  4.8656923515403960E+000                 -4.5777013591594065E+000                  8.4195322936337398E+000                  7.5580000000000003E-001                  2.4280000000000002E-001                  1.3999999999999568E-003                  4.5647796767592640E-024                  0.0000000000000000E+000                  0.0000000000000000E+000                                        1                  1.5038691244758640E+001                  1.5038691244758640E+001                 -9.9000000000000000E+001 
                                     273                  4.9896256828948671E+000                  1.3027996876871233E+000                  4.8706311084491594E+000                 -4.5668812053385386E+000                  8.4356501606683612E+000                  7.5580000000000003E-001                  2.4280000000000002E-001                  1.3999999999999568E-003                  4.6805038729152746E-024                  0.0000000000000000E+000                  0.0000000000000000E+000                                        1                  1.5039951432940333E+001                  1.5039951432940333E+001                 -9.9000000000000000E+001 
                                     274                  4.9892584851643118E+000                  1.3024579373096221E+000                  4.8755799269996416E+000                 -4.5560842578946552E+000                  8.4517545024138805E+000                  7.5580000000000003E-001                  2.4280000000000002E-001                  1.3999999999999568E-003                  4.7989112239676529E-024                  0.0000000000000000E+000                  0.0000000000000000E+000                                        1                  1.5041334110042525E+001                  1.5041334110042525E+001                 -9.9000000000000000E+001 
                                     275                  4.9888789041409485E+000                  1.3021125174426029E+000                  4.8805426293930161E+000                 -4.5453130374232815E+000                  8.4678457994056959E+000                  7.5580000000000003E-001                  2.4280000000000002E-001                  1.3999999999999568E-003                  4.9200284249802680E-024                  0.0000000000000000E+000                  0.0000000000000000E+000                                        1                  1.5042841108203325E+001                  1.5042841108203325E+001                 -9.9000000000000000E+001 
                                     276                  4.9884865351705976E+000                  1.3017633706132807E+000                  4.8855228813283009E+000                 -4.5345699493710274E+000                  8.4839245112991115E+000                  7.5580000000000003E-001                  2.4280000000000002E-001                  1.3999999999999568E-003                  5.0438815856272749E-024                  0.0000000000000000E+000                  0.0000000000000000E+000                                        1                  1.5044471531928419E+001                  1.5044471531928419E+001                 -9.9000000000000000E+001 
                                     277                  4.9880809610712067E+000                  1.3014104364564447E+000                  4.8905241625758054E+000                 -4.5238573885615159E+000                  8.4999910777000505E+000                  7.5580000000000003E-001                  2.4280000000000002E-001                  1.3999999999999568E-003                  5.1704949964789353E-024                  0.0000000000000000E+000                  0.0000000000000000E+000                                        1                  1.5046223673927907E+001                  1.5046223673927907E+001                 -9.9000000000000000E+001 
                                     278                  4.9876617517876234E+000                  1.3010536516220625E+000                  4.8955497375375270E+000                 -4.5131775106856358E+000                  8.5160459190232149E+000                  7.5580000000000003E-001                  2.4280000000000002E-001                  1.3999999999999568E-003                  5.2998937988805331E-024                  0.0000000000000000E+000                  0.0000000000000000E+000                                        1                  1.5048096356266079E+001                  1.5048096356266079E+001                 -9.9000000000000000E+001 
                                     279                  4.9872284640386937E+000                  1.3006929498687605E+000                  4.9006026533548530E+000                 -4.5025321814639838E+000                  8.5320894373208578E+000                  7.5580000000000003E-001                  2.4280000000000002E-001                  1.3999999999999568E-003                  5.4321048381152984E-024                  0.0000000000000000E+000                  0.0000000000000000E+000                                        1                  1.5050087888679563E+001                  1.5050087888679563E+001                 -9.9000000000000000E+001 
                                     280                  4.9867806409566473E+000                  1.3003282622067631E+000                  4.9056857364328845E+000                 -4.4919230832207164E+000                  8.5481220170262251E+000                  7.5580000000000003E-001                  2.4280000000000002E-001                  1.3999999999999568E-003                  5.5671556030229143E-024                  0.0000000000000000E+000                  0.0000000000000000E+000                                        1                  1.5052195042624794E+001                  1.5052195042624794E+001                 -9.9000000000000000E+001 
                                     281                  4.9863178117214879E+000                  1.2999595169619844E+000                  4.9108015747285698E+000                 -4.4813519093888985E+000                  8.5641440256458559E+000                  7.5580000000000003E-001                  2.4280000000000002E-001                  1.3999999999999568E-003                  5.7050718247463091E-024                  0.0000000000000000E+000                  0.0000000000000000E+000                                        1                  1.5054413564163816E+001                  1.5054413564163816E+001                 -9.9000000000000000E+001 
                                     282                  4.9858394911868675E+000                  1.2995866396769662E+000                  4.9159524973140618E+000                 -4.4708200754916465E+000                  8.5801558145446499E+000                  7.5580000000000003E-001                  2.4280000000000002E-001                  1.3999999999999568E-003                  5.8458812531240235E-024                  0.0000000000000000E+000                  0.0000000000000000E+000                                        1                  1.5056738692095344E+001                  1.5056738692095344E+001                 -9.9000000000000000E+001 
                                     283                  4.9853451794938506E+000                  1.2992095532549603E+000                  4.9211405604612297E+000                 -4.4603286473790646E+000                  8.5961577198121351E+000                  7.5580000000000003E-001                  2.4280000000000002E-001                  1.3999999999999568E-003                  5.9896149945033074E-024                  0.0000000000000000E+000                  0.0000000000000000E+000                                        1                  1.5059165355789260E+001                  1.5059165355789260E+001                 -9.9000000000000000E+001 
                                     284                  4.9848343616731547E+000                  1.2988281781746340E+000                  4.9263675378708198E+000                 -4.4498784765090607E+000                  8.6121500631978005E+000                  7.5580000000000003E-001                  2.4280000000000002E-001                  1.3999999999999568E-003                  6.1363060799919770E-024                  0.0000000000000000E+000                  0.0000000000000000E+000                                        1                  1.5061688252959064E+001                  1.5061688252959064E+001                 -9.9000000000000000E+001 
                                     285                  4.9843065072335015E+000                  1.2984424325949793E+000                  4.9316349205936039E+000                 -4.4394703742695478E+000                  8.6281331535964991E+000                  7.5580000000000003E-001                  2.4280000000000002E-001                  1.3999999999999568E-003                  6.2859872171246139E-024                  0.0000000000000000E+000                  0.0000000000000000E+000                                        1                  1.5064301217348278E+001                  1.5064301217348278E+001                 -9.9000000000000000E+001 
                                     286                  4.9837610697045456E+000                  1.2980522322855872E+000                  4.9369439115305420E+000                 -4.4291048499238626E+000                  8.6441072892189759E+000                  7.5580000000000003E-001                  2.4280000000000002E-001                  1.3999999999999568E-003                  6.4386946975716063E-024                  0.0000000000000000E+000                  0.0000000000000000E+000                                        1                  1.5066996775412559E+001                  1.5066996775412559E+001                 -9.9000000000000000E+001 
                                     287                  4.9831974861481214E+000                  1.2976574907814502E+000                  4.9422954064785642E+000                 -4.4187820605716315E+000                  8.6600727594432971E+000                  7.5580000000000003E-001                  2.4280000000000002E-001                  1.3999999999999568E-003                  6.5944696380605409E-024                  0.0000000000000000E+000                  0.0000000000000000E+000                                        1                  1.5069767379162826E+001                  1.5069767379162826E+001                 -9.9000000000000000E+001 
                                     288                  4.9826151766819073E+000                  1.2972581196165891E+000                  4.9476899927519673E+000                 -4.4085019709448066E+000                  8.6760298461172418E+000                  7.5580000000000003E-001                  2.4280000000000002E-001                  1.3999999999999568E-003                  6.7533560809796742E-024                  0.0000000000000000E+000                  0.0000000000000000E+000                                        1                  1.5072606229860430E+001                  1.5072606229860430E+001                 -9.9000000000000000E+001 
                                     289                  4.9820135439902105E+000                  1.2968540284261743E+000                  4.9531279735395408E+000                 -4.3982644284093482E+000                  8.6919788248398504E+000                  7.5580000000000003E-001                  2.4280000000000002E-001                  1.3999999999999568E-003                  6.9154001297783501E-024                  0.0000000000000000E+000                  0.0000000000000000E+000                                        1                  1.5075505888937478E+001                  1.5075505888937478E+001                 -9.9000000000000000E+001 
                                     290                  4.9813919728141132E+000                  1.2964451249822342E+000                  4.9586093753827889E+000                 -4.3880690014503134E+000                  8.7079199671356573E+000                  7.5580000000000003E-001                  2.4280000000000002E-001                  1.3999999999999568E-003                  7.0806528116198327E-024                  0.0000000000000000E+000                  0.0000000000000000E+000                                        1                  1.5078457567708634E+001                  1.5078457567708634E+001                 -9.9000000000000000E+001 
                                     291                  4.9807498293539538E+000                  1.2960313153413738E+000                  4.9641339352139999E+000                 -4.3779149731889468E+000                  8.7238535434695237E+000                  7.5580000000000003E-001                  2.4280000000000002E-001                  1.3999999999999568E-003                  7.2491707290271731E-024                  0.0000000000000000E+000                  0.0000000000000000E+000                                        1                  1.5081453014397292E+001                  1.5081453014397292E+001                 -9.9000000000000000E+001 
                                     292                  4.9800864606347695E+000                  1.2956125040046382E+000                  4.9697011242737439E+000                 -4.3678014837849384E+000                  8.7397798253484584E+000                  7.5580000000000003E-001                  2.4280000000000002E-001                  1.3999999999999568E-003                  7.4210141997165512E-024                  0.0000000000000000E+000                  0.0000000000000000E+000                                        1                  1.5084485186010840E+001                  1.5084485186010840E+001                 -9.9000000000000000E+001 
                                     293                  4.9794011939141587E+000                  1.2951885939961312E+000                  4.9753101915102809E+000                 -4.3577275269707902E+000                  8.7556990862941593E+000                  7.5580000000000003E-001                  2.4280000000000002E-001                  1.3999999999999568E-003                  7.5962476500743646E-024                  0.0000000000000000E+000                  0.0000000000000000E+000                                        1                  1.5087546505152890E+001                  1.5087546505152890E+001                 -9.9000000000000000E+001 
                                     294                  4.9786933360858621E+000                  1.2947594869623000E+000                  4.9809601727865420E+000                 -4.3476919022555283E+000                  8.7716116024788242E+000                  7.5580000000000003E-001                  2.4280000000000002E-001                  1.3999999999999568E-003                  7.7749408345119298E-024                  0.0000000000000000E+000                  0.0000000000000000E+000                                        1                  1.5090628826051203E+001                  1.5090628826051203E+001                 -9.9000000000000000E+001 
                                     295                  4.9779621730716448E+000                  1.2943250833319921E+000                  4.9866498969111408E+000                 -4.3376932407871633E+000                  8.7875176534911041E+000                  7.5580000000000003E-001                  2.4280000000000002E-001                  1.3999999999999568E-003                  7.9571688380876521E-024                  0.0000000000000000E+000                  0.0000000000000000E+000                                        1                  1.5093725152387384E+001                  1.5093725152387384E+001                 -9.9000000000000000E+001 
                                     296                  4.9772069691681233E+000                  1.2938852824471789E+000                  4.9923780308485401E+000                 -4.3277300786831860E+000                  8.8034175232268659E+000                  7.5580000000000003E-001                  2.4280000000000002E-001                  1.3999999999999568E-003                  8.1430111433124155E-024                  0.0000000000000000E+000                  0.0000000000000000E+000                                        1                  1.5096829552279353E+001                  1.5096829552279353E+001                 -9.9000000000000000E+001 
                                     297                  4.9764269663774003E+000                  1.2934399826329650E+000                  4.9981431198428705E+000                 -4.3178008684939009E+000                  8.8193115003231561E+000                  7.5580000000000003E-001                  2.4280000000000002E-001                  1.3999999999999568E-003                  8.3325517227160373E-024                  0.0000000000000000E+000                  0.0000000000000000E+000                                        1                  1.5099935822511007E+001                  1.5099935822511007E+001                 -9.9000000000000000E+001 
                                     298                  4.9756213837468470E+000                  1.2929890812801386E+000                  5.0039435949896305E+000                 -4.3079039812539461E+000                  8.8351998780988978E+000                  7.5580000000000003E-001                  2.4280000000000002E-001                  1.3999999999999568E-003                  8.5258793029936212E-024                  0.0000000000000000E+000                  0.0000000000000000E+000                                        1                  1.5103038165204190E+001                  1.5103038165204190E+001                 -9.9000000000000000E+001 
                                     299                  4.9747894167040876E+000                  1.2925324749404370E+000                  5.0097784337861819E+000                 -4.2980366644724759E+000                  8.8510846597775590E+000                  7.5580000000000003E-001                  2.4280000000000002E-001                  1.3999999999999568E-003                  8.7231087484746554E-024                  0.0000000000000000E+000                  0.0000000000000000E+000                                        1                  1.5106122743953549E+001                  1.5106122743953549E+001                 -9.9000000000000000E+001 
                                     300                  4.9739300514469438E+000                  1.2920699608527111E+000                  5.0156458954886771E+000                 -4.2881972561740502E+000                  8.8669660435910238E+000                  7.5580000000000003E-001                  2.4280000000000002E-001                  1.3999999999999568E-003                  8.9243380309295321E-024                  0.0000000000000000E+000                  0.0000000000000000E+000                                        1                  1.5109204529413327E+001                  1.5109204529413327E+001                 -9.9000000000000000E+001 
                                     301                  4.9730426131029768E+000                  1.2916015333751611E+000                  5.0215436296249996E+000                 -4.2783851126490298E+000                  8.8828426236639473E+000                  7.5580000000000003E-001                  2.4280000000000002E-001                  1.3999999999999568E-003                  9.1296474100507196E-024                  0.0000000000000000E+000                  0.0000000000000000E+000                                        1                  1.5112270004281516E+001                  1.5112270004281516E+001                 -9.9000000000000000E+001 
                                     302                  4.9721262221128821E+000                  1.2911270869858267E+000                  5.0274698949676928E+000                 -4.2685985163726796E+000                  8.8987147087929017E+000                  7.5580000000000003E-001                  2.4280000000000002E-001                  1.3999999999999568E-003                  9.3391424073145934E-024                  0.0000000000000000E+000                  0.0000000000000000E+000                                        1                  1.5115316227325053E+001                  1.5115316227325053E+001                 -9.9000000000000000E+001 
                                     303                  4.9711799726097574E+000                  1.2906465155815769E+000                  5.0334229638422796E+000                 -4.2588357476223555E+000                  8.9145826088937437E+000                  7.5580000000000003E-001                  2.4280000000000002E-001                  1.3999999999999568E-003                  9.5529328050332389E-024                  0.0000000000000000E+000                  0.0000000000000000E+000                                        1                  1.5118341078208475E+001                  1.5118341078208475E+001                 -9.9000000000000000E+001 
                                     304                  4.9702029317001868E+000                  1.2901597125246032E+000                  5.0394011434622961E+000                 -4.2490951482059094E+000                  8.9304466343731477E+000                  7.5580000000000003E-001                  2.4280000000000002E-001                  1.3999999999999568E-003                  9.7711313838615642E-024                  0.0000000000000000E+000                  0.0000000000000000E+000                                        1                  1.5121342701552233E+001                  1.5121342701552233E+001                 -9.9000000000000000E+001 
                                     305                  4.9691941387489482E+000                  1.2896665706291788E+000                  5.0454027848853036E+000                 -4.2393751233681360E+000                  8.9463070948395327E+000                  7.5580000000000003E-001                  2.4280000000000002E-001                  1.3999999999999568E-003                  9.9938539026117006E-024                  0.0000000000000000E+000                  0.0000000000000000E+000                                        1                  1.5124319680591896E+001                  1.5124319680591896E+001                 -9.9000000000000000E+001 
                                     306                  4.9681526047222464E+000                  1.2891669821795417E+000                  5.0514262943598354E+000                 -4.2296740995458837E+000                  8.9621642976287585E+000                  7.5580000000000003E-001                  2.4280000000000002E-001                  1.3999999999999568E-003                  1.0221220116331069E-023                  0.0000000000000000E+000                  0.0000000000000000E+000                                        1                  1.5127271208277669E+001                  1.5127271208277669E+001                 -9.9000000000000000E+001 
                                     307                  4.9670773114902866E+000                  1.2886608389795806E+000                  5.0574701450791428E+000                 -4.2199905756878922E+000                  8.9780185469579479E+000                  7.5580000000000003E-001                  2.4280000000000002E-001                  1.3999999999999568E-003                  1.0453352660266957E-023                  0.0000000000000000E+000                  0.0000000000000000E+000                                        1                  1.5130196846463342E+001                  1.5130196846463342E+001                 -9.9000000000000000E+001 
                                     308                  4.9659672110820852E+000                  1.2881480323258425E+000                  5.0635328843279588E+000                 -4.2103231469948694E+000                  8.9938701433983272E+000                  7.5580000000000003E-001                  2.4280000000000002E-001                  1.3999999999999568E-003                  1.0690376452066864E-023                  0.0000000000000000E+000                  0.0000000000000000E+000                                        1                  1.5133096402896980E+001                  1.5133096402896980E+001                 -9.9000000000000000E+001 
                                     309                  4.9648212249288539E+000                  1.2876284529502222E+000                  5.0696131376091511E+000                 -4.2006704610739876E+000                  9.0097193832500579E+000                  7.5580000000000003E-001                  2.4280000000000002E-001                  1.3999999999999568E-003                  1.0932419722949090E-023                  0.0000000000000000E+000                  0.0000000000000000E+000                                        1                  1.5135969980479485E+001                  1.5135969980479485E+001                 -9.9000000000000000E+001 
                                     310                  4.9636382431139703E+000                  1.2871019910197417E+000                  5.0757096109474285E+000                 -4.1910312279061390E+000                  9.0255665573264690E+000                  7.5580000000000003E-001                  2.4280000000000002E-001                  1.3999999999999568E-003                  1.1179613795402737E-023                  0.0000000000000000E+000                  0.0000000000000000E+000                                        1                  1.5138817951212637E+001                  1.5138817951212637E+001                 -9.9000000000000000E+001 
                                     311                  4.9624171236911083E+000                  1.2865685361573000E+000                  5.0818210935259538E+000                 -4.1814042599285779E+000                  9.0414119495213239E+000                  7.5580000000000003E-001                  2.4280000000000002E-001                  1.3999999999999568E-003                  1.1432092025204860E-023                  0.0000000000000000E+000                  0.0000000000000000E+000                                        1                  1.5141640887980815E+001                  1.5141640887980815E+001                 -9.9000000000000000E+001 
                                     312                  4.9611566919715413E+000                  1.2860279773984098E+000                  5.0879464589014720E+000                 -4.1717884456868042E+000                  9.0572558358700181E+000                  7.5580000000000003E-001                  2.4280000000000002E-001                  1.3999999999999568E-003                  1.1689990396783656E-023                  0.0000000000000000E+000                  0.0000000000000000E+000                                        1                  1.5144439475806884E+001                  1.5144439475806884E+001                 -9.9000000000000000E+001 
                                     313                  4.9598557397757128E+000                  1.2854802031624142E+000                  5.0940846621209506E+000                 -4.1621827256266295E+000                  9.0730984838751230E+000                  7.5580000000000003E-001                  2.4280000000000002E-001                  1.3999999999999568E-003                  1.1953448144074678E-023                  0.0000000000000000E+000                  0.0000000000000000E+000                                        1                  1.5147214495908015E+001                  1.5147214495908015E+001                 -9.9000000000000000E+001 
                                     314                  4.9585130246788820E+000                  1.2849251012514125E+000                  5.1002347378683499E+000                 -4.1525861326412397E+000                  9.0889401517074031E+000                  7.5580000000000003E-001                  2.4280000000000002E-001                  1.3999999999999568E-003                  1.2222606618148641E-023                  0.0000000000000000E+000                  0.0000000000000000E+000                                        1                  1.5149966880014475E+001                  1.5149966880014475E+001                 -9.9000000000000000E+001 
                                     315                  4.9571272692818660E+000                  1.2843625588075609E+000                  5.1063958001565810E+000                 -4.1429977840105234E+000                  9.1047810869286590E+000                  7.5580000000000003E-001                  2.4280000000000002E-001                  1.3999999999999568E-003                  1.2497609405453706E-023                  0.0000000000000000E+000                  0.0000000000000000E+000                                        1                  1.5152697601637096E+001                  1.5152697601637096E+001                 -9.9000000000000000E+001 
                                     316                  4.9556971605487643E+000                  1.2837924623032939E+000                  5.1125670363055740E+000                 -4.1334168435263381E+000                  9.1206215251113587E+000                  7.5580000000000003E-001                  2.4280000000000002E-001                  1.3999999999999568E-003                  1.2778603349760627E-023                  0.0000000000000000E+000                  0.0000000000000000E+000                                        1                  1.5155407601903224E+001                  1.5155407601903224E+001                 -9.9000000000000000E+001 
                                     317                  4.9542213491224754E+000                  1.2832146975666454E+000                  5.1187477006995792E+000                 -4.1238425495902469E+000                  9.1364616887737657E+000                  7.5580000000000003E-001                  2.4280000000000002E-001                  1.3999999999999568E-003                  1.3065737714210034E-023                  0.0000000000000000E+000                  0.0000000000000000E+000                                        1                  1.5158097892140356E+001                  1.5158097892140356E+001                 -9.9000000000000000E+001 
                                     318                  4.9526984486356600E+000                  1.2826291497639351E+000                  5.1249371131136394E+000                 -4.1142742192119623E+000                  9.1523017864274898E+000                  7.5580000000000003E-001                  2.4280000000000002E-001                  1.3999999999999568E-003                  1.3359163971778435E-023                  0.0000000000000000E+000                  0.0000000000000000E+000                                        1                  1.5160769513031040E+001                  1.5160769513031040E+001                 -9.9000000000000000E+001 
                                     319                  4.9511270350336503E+000                  1.2820357033757293E+000                  5.1311346521164714E+000                 -4.1047112139822168E+000                  9.1681420115513372E+000                  7.5580000000000003E-001                  2.4280000000000002E-001                  1.3999999999999568E-003                  1.3659036774384147E-023                  0.0000000000000000E+000                  0.0000000000000000E+000                                        1                  1.5163423404851457E+001                  1.5163423404851457E+001                 -9.9000000000000000E+001 
                                     320                  4.9495056459319944E+000                  1.2814342422257488E+000                  5.1373397460701220E+000                 -4.0951529491744747E+000                  9.1839825414166167E+000                  7.5580000000000003E-001                  2.4280000000000002E-001                  1.3999999999999568E-003                  1.3965513657512871E-023                  0.0000000000000000E+000                  0.0000000000000000E+000                                        1                  1.5166060484644371E+001                  1.5166060484644371E+001                 -9.9000000000000000E+001 
                                     321                  4.9478327800095521E+000                  1.2808246495046622E+000                  5.1435518695969948E+000                 -4.0855989041106184E+000                  9.1998235358798812E+000                  7.5580000000000003E-001                  2.4280000000000002E-001                  1.3999999999999568E-003                  1.4278754658410150E-023                  0.0000000000000000E+000                  0.0000000000000000E+000                                        1                  1.5168681693180373E+001                  1.5168681693180373E+001                 -9.9000000000000000E+001 
                                     322                  4.9461068964245474E+000                  1.2802068077797639E+000                  5.1497705387160639E+000                 -4.0760486003719105E+000                  9.2156651362468427E+000                  7.5580000000000003E-001                  2.4280000000000002E-001                  1.3999999999999568E-003                  1.4598922970621088E-023                  0.0000000000000000E+000                  0.0000000000000000E+000                                        1                  1.5171287818818310E+001                  1.5171287818818310E+001                 -9.9000000000000000E+001 
                                     323                  4.9443264142523828E+000                  1.2795805990342597E+000                  5.1559953029402088E+000                 -4.0665015975793315E+000                  9.2315074645593942E+000                  7.5580000000000003E-001                  2.4280000000000002E-001                  1.3999999999999568E-003                  1.4926185078939410E-023                  0.0000000000000000E+000                  0.0000000000000000E+000                                        1                  1.5173879521591795E+001                  1.5173879521591795E+001                 -9.9000000000000000E+001 
                                     324                  4.9424897118682427E+000                  1.2789459046854503E+000                  5.1622257413574966E+000                 -4.0569575044253474E+000                  9.2473506232853531E+000                  7.5580000000000003E-001                  2.4280000000000002E-001                  1.3999999999999568E-003                  1.5260710368094904E-023                  0.0000000000000000E+000                  0.0000000000000000E+000                                        1                  1.5176457456166244E+001                  1.5176457456166244E+001                 -9.9000000000000000E+001 
                                     325                  4.9405951263431493E+000                  1.2783026055849223E+000                  5.1684614603252053E+000                 -4.0474159674283827E+000                  9.2631946947898491E+000                  7.5580000000000003E-001                  2.4280000000000002E-001                  1.3999999999999568E-003                  1.5602671481200944E-023                  0.0000000000000000E+000                  0.0000000000000000E+000                                        1                  1.5179022159365129E+001                  1.5179022159365129E+001                 -9.9000000000000000E+001 
                                     326                  4.9386409529242465E+000                  1.2776505820558566E+000                  5.1747020888478206E+000                 -4.0378766623438294E+000                  9.2790397407137899E+000                  7.5580000000000003E-001                  2.4280000000000002E-001                  1.3999999999999568E-003                  1.5952244626682134E-023                  0.0000000000000000E+000                  0.0000000000000000E+000                                        1                  1.5181574037291787E+001                  1.5181574037291787E+001                 -9.9000000000000000E+001 
                                     327                  4.9366254445129947E+000                  1.2769897139335205E+000                  5.1809472758723318E+000                 -4.0283393041908626E+000                  9.2948858023272312E+000                  7.5580000000000003E-001                  2.4280000000000002E-001                  1.3999999999999568E-003                  1.6309609217279166E-023                  0.0000000000000000E+000                  0.0000000000000000E+000                                        1                  1.5184113497063523E+001                  1.5184113497063523E+001                 -9.9000000000000000E+001 
                                     328                  4.9345468109584942E+000                  1.2763198805223210E+000                  5.1871966898007997E+000                 -4.0188036417802202E+000                  9.3107329015493274E+000                  7.5580000000000003E-001                  2.4280000000000002E-001                  1.3999999999999568E-003                  1.6674948054668055E-023                  0.0000000000000000E+000                  0.0000000000000000E+000                                        1                  1.5186640909455209E+001                  1.5186640909455209E+001                 -9.9000000000000000E+001 
                                     329                  4.9324032183855966E+000                  1.2756409605679786E+000                  5.1934500166254249E+000                 -4.0092694474960524E+000                  9.3265810415233190E+000                  7.5580000000000003E-001                  2.4280000000000002E-001                  1.3999999999999568E-003                  1.7048447723962795E-023                  0.0000000000000000E+000                  0.0000000000000000E+000                                        1                  1.5189156563845422E+001                  1.5189156563845422E+001                 -9.9000000000000000E+001 
                                     330                  4.9301927886113788E+000                  1.2749528322683785E+000                  5.1997069584603057E+000                 -3.9997365257294692E+000                  9.3424302073211969E+000                  7.5580000000000003E-001                  2.4280000000000002E-001                  1.3999999999999568E-003                  1.7430298281815003E-023                  0.0000000000000000E+000                  0.0000000000000000E+000                                        1                  1.5191660744690950E+001                  1.5191660744690950E+001                 -9.9000000000000000E+001 
                                     331                  4.9279135984566489E+000                  1.2742553732322792E+000                  5.2059672336622427E+000                 -3.9902047109358554E+000                  9.3582803675967323E+000                  7.5580000000000003E-001                  2.4280000000000002E-001                  1.3999999999999568E-003                  1.7820693325228960E-023                  0.0000000000000000E+000                  0.0000000000000000E+000                                        1                  1.5194153718074400E+001                  1.5194153718074400E+001                 -9.9000000000000000E+001 
                                     332                  4.9255636788978920E+000                  1.2735484603881777E+000                  5.2122305761079932E+000                 -3.9806738568142155E+000                  9.3741314763321650E+000                  7.5580000000000003E-001                  2.4280000000000002E-001                  1.3999999999999568E-003                  1.8219830441430384E-023                  0.0000000000000000E+000                  0.0000000000000000E+000                                        1                  1.5196635710153895E+001                  1.5196635710153895E+001                 -9.9000000000000000E+001 
                                     333                  4.9231410143169780E+000                  1.2728319699389754E+000                  5.2184967341875108E+000                 -3.9711438415325753E+000                  9.3899834741509451E+000                  7.5580000000000003E-001                  2.4280000000000002E-001                  1.3999999999999568E-003                  1.8627911019270106E-023                  0.0000000000000000E+000                  0.0000000000000000E+000                                        1                  1.5199106938075701E+001                  1.5199106938075701E+001                 -9.9000000000000000E+001 
                                     334                  4.9206435417458554E+000                  1.2721057773038320E+000                  5.2247654708696896E+000                 -3.9616145682644541E+000                  9.4058362898892049E+000                  7.5580000000000003E-001                  2.4280000000000002E-001                  1.3999999999999568E-003                  1.9045140235231648E-023                  0.0000000000000000E+000                  0.0000000000000000E+000                                        1                  1.5201567620608154E+001                  1.5201567620608154E+001                 -9.9000000000000000E+001 
                                     335                  4.9180691500090354E+000                  1.2713697570264180E+000                  5.2310365630648148E+000                 -3.9520859557641081E+000                  9.4216898423451916E+000                  7.5580000000000003E-001                  2.4280000000000002E-001                  1.3999999999999568E-003                  1.9471727482778030E-023                  0.0000000000000000E+000                  0.0000000000000000E+000                                        1                  1.5204017951302111E+001                  1.5204017951302111E+001                 -9.9000000000000000E+001 
                                     336                  4.9154156788681282E+000                  1.2706237826984905E+000                  5.2373098004353658E+000                 -3.9425579396408446E+000                  9.4375440418069161E+000                  7.5580000000000003E-001                  2.4280000000000002E-001                  1.3999999999999568E-003                  1.9907886359172390E-023                  0.0000000000000000E+000                  0.0000000000000000E+000                                        1                  1.5206458112187027E+001                  1.5206458112187027E+001                 -9.9000000000000000E+001 
                                     337                  4.9126809181839493E+000                  1.2698677268852938E+000                  5.2435849851194352E+000                 -3.9330304744053910E+000                  9.4533987913426216E+000                  7.5580000000000003E-001                  2.4280000000000002E-001                  1.3999999999999568E-003                  2.0353834605802229E-023                  0.0000000000000000E+000                  0.0000000000000000E+000                                        1                  1.5208888288155343E+001                  1.5208888288155343E+001                 -9.9000000000000000E+001 
                                     338                  4.9098626070965370E+000                  1.2691014610505102E+000                  5.2498619310029602E+000                 -3.9235035267119125E+000                  9.4692539879786946E+000                  7.5580000000000003E-001                  2.4280000000000002E-001                  1.3999999999999568E-003                  2.0809794458874880E-023                  0.0000000000000000E+000                  0.0000000000000000E+000                                        1                  1.5211308639642134E+001                  1.5211308639642134E+001                 -9.9000000000000000E+001 
                                     339                  4.9069584331901064E+000                  1.2683248554865012E+000                  5.2561404622336685E+000                 -3.9139770736050044E+000                  9.4851095238944083E+000                  7.5580000000000003E-001                  2.4280000000000002E-001                  1.3999999999999568E-003                  2.1275992793018107E-023                  0.0000000000000000E+000                  0.0000000000000000E+000                                        1                  1.5213719312637167E+001                  1.5213719312637167E+001                 -9.9000000000000000E+001 
                                     340                  4.9039660316313078E+000                  1.2675377792388491E+000                  5.2624204125416014E+000                 -3.9044511049638757E+000                  9.5009652873876362E+000                  7.5580000000000003E-001                  2.4280000000000002E-001                  1.3999999999999568E-003                  2.1752661062850682E-023                  0.0000000000000000E+000                  0.0000000000000000E+000                                        1                  1.5216120461519466E+001                  1.5216120461519466E+001                 -9.9000000000000000E+001 
                                     341                  4.9008829843832320E+000                  1.2667401000445619E+000                  5.2687016245982727E+000                 -3.8949256195471071E+000                  9.5168211635088085E+000                  7.5580000000000003E-001                  2.4280000000000002E-001                  1.3999999999999568E-003                  2.2240035558061521E-023                  0.0000000000000000E+000                  0.0000000000000000E+000                                        1                  1.5218512214448596E+001                  1.5218512214448596E+001                 -9.9000000000000000E+001 
                                     342                  4.8977068194483611E+000                  1.2659316842814976E+000                  5.2749839485896457E+000                 -3.8854006218893535E+000                  9.5326770347941086E+000                  7.5580000000000003E-001                  2.4280000000000002E-001                  1.3999999999999568E-003                  2.2738357639117141E-023                  0.0000000000000000E+000                  0.0000000000000000E+000                                        1                  1.5220894653639157E+001                  1.5220894653639157E+001                 -9.9000000000000000E+001 
                                     343                  4.8944350100338649E+000                  1.2651123969003051E+000                  5.2812672413409958E+000                 -3.8758761243496638E+000                  9.5485327819509322E+000                  7.5580000000000003E-001                  2.4280000000000002E-001                  1.3999999999999568E-003                  2.3247873715910421E-023                  0.0000000000000000E+000                  0.0000000000000000E+000                                        1                  1.5223267844761851E+001                  1.5223267844761851E+001                 -9.9000000000000000E+001 
                                     344                  4.8910649737993710E+000                  1.2642821013706806E+000                  5.2875513658658990E+000                 -3.8663521452889014E+000                  9.5643882841445382E+000                  7.5580000000000003E-001                  2.4280000000000002E-001                  1.3999999999999568E-003                  2.3768835426111641E-023                  0.0000000000000000E+000                  0.0000000000000000E+000                                        1                  1.5225631811182067E+001                  1.5225631811182067E+001                 -9.9000000000000000E+001 
                                     345                  4.8875940721829334E+000                  1.2634406596459939E+000                  5.2938361903723754E+000                 -3.8568287060590731E+000                  9.5802434194056154E+000                  7.5580000000000003E-001                  2.4280000000000002E-001                  1.3999999999999568E-003                  2.4301499894004746E-023                  0.0000000000000000E+000                  0.0000000000000000E+000                                        1                  1.5227986540545698E+001                  1.5227986540545698E+001                 -9.9000000000000000E+001 
                                     346                  4.8840196096090578E+000                  1.2625879321001507E+000                  5.3001215875455046E+000                 -3.8473058323887521E+000                  9.5960980651757897E+000                  7.5580000000000003E-001                  2.4280000000000002E-001                  1.3999999999999568E-003                  2.4846129758440996E-023                  0.0000000000000000E+000                  0.0000000000000000E+000                                        1                  1.5230332014417229E+001                  1.5230332014417229E+001                 -9.9000000000000000E+001 
                                     347                  4.8803388327577277E+000                  1.2617237774729801E+000                  5.3064074342721375E+000                 -3.8377835537766547E+000                  9.6119520984750206E+000                  7.5580000000000003E-001                  2.4280000000000002E-001                  1.3999999999999568E-003                  3.1955535156960806E-023                  0.0000000000000000E+000                  0.0000000000000000E+000                                        1                  1.5232668217270415E+001                  1.5232668217270415E+001                 -9.9000000000000000E+001 
                                     348                  4.8765489299487470E+000                  1.2608480528391508E+000                  5.3126936111496077E+000                 -3.8282619011387053E+000                  9.6278053962142014E+000                  7.5580000000000003E-001                  2.4280000000000002E-001                  1.3999999999999568E-003                  4.2671297847780694E-023                  0.0000000000000000E+000                  0.0000000000000000E+000                                        1                  1.5234995119411238E+001                  1.5234995119411238E+001                 -9.9000000000000000E+001 
                                     349                  4.8726470303647105E+000                  1.2599606135386006E+000                  5.3189800021634284E+000                 -3.8187409075027561E+000                  9.6436578358668115E+000                  7.5580000000000003E-001                  2.4280000000000002E-001                  1.3999999999999568E-003                  5.6905031134847887E-023                  0.0000000000000000E+000                  0.0000000000000000E+000                                        1                  1.5237312679538896E+001                  1.5237312679538896E+001                 -9.9000000000000000E+001 
                                     350                  4.8686302032691060E+000                  1.2590613131010728E+000                  5.3252664946590045E+000                 -3.8092206078112341E+000                  9.6595092959212359E+000                  7.5580000000000003E-001                  2.4280000000000002E-001                  1.3999999999999568E-003                  7.5786380708406039E-023                  0.0000000000000000E+000                  0.0000000000000000E+000                                        1                  1.5239620839799944E+001                  1.5239620839799944E+001                 -9.9000000000000000E+001 
                                     351                  4.8644954573280481E+000                  1.2581500031903086E+000                  5.3315529793534644E+000                 -3.7997010370470830E+000                  9.6753596565196318E+000                  7.5580000000000003E-001                  2.4280000000000002E-001                  1.3999999999999568E-003                  1.0079943105642587E-022                  0.0000000000000000E+000                  0.0000000000000000E+000                                        1                  1.5241919508272254E+001                  1.5241919508272254E+001                 -9.9000000000000000E+001 
                                     352                  4.8602397397286818E+000                  1.2572265335026154E+000                  5.3378393505693440E+000                 -3.7901822301627570E+000                  9.6912088006916193E+000                  7.5580000000000003E-001                  2.4280000000000002E-001                  1.3999999999999568E-003                  1.3389125718840034E-022                  0.0000000000000000E+000                  0.0000000000000000E+000                                        1                  1.5244208565387453E+001                  1.5244208565387453E+001                 -9.9000000000000000E+001 
                                     353                  4.8558599351554985E+000                  1.2562907516330959E+000                  5.3441255067360700E+000                 -3.7806642216144448E+000                  9.7070566158352243E+000                  7.5580000000000003E-001                  2.4280000000000002E-001                  1.3999999999999568E-003                  1.7761289640541741E-022                  0.0000000000000000E+000                  0.0000000000000000E+000                                        1                  1.5246487884669151E+001                  1.5246487884669151E+001                 -9.9000000000000000E+001 
                                     354                  4.8513528646916075E+000                  1.2553425029268330E+000                  5.3504113511807816E+000                 -3.7711470433552616E+000                  9.7229029954721842E+000                  7.5580000000000003E-001                  2.4280000000000002E-001                  1.3999999999999568E-003                  2.3530217286279829E-022                  0.0000000000000000E+000                  0.0000000000000000E+000                                        1                  1.5248757331437783E+001                  1.5248757331437783E+001                 -9.9000000000000000E+001 
                                     355                  4.8467152845249544E+000                  1.2543816302945803E+000                  5.3566967932248293E+000                 -3.7616307240561802E+000                  9.7387478415278839E+000                  7.5580000000000003E-001                  2.4280000000000002E-001                  1.3999999999999568E-003                  3.1132048560596332E-022                  0.0000000000000000E+000                  0.0000000000000000E+000                                        1                  1.5251016768513773E+001                  1.5251016768513773E+001                 -9.9000000000000000E+001 
                                     356                  4.8419438843856204E+000                  1.2534079739782906E+000                  5.3629817495952965E+000                 -3.7521152879885684E+000                  9.7545910675801046E+000                  7.5580000000000003E-001                  2.4280000000000002E-001                  1.3999999999999568E-003                  4.1135908347864434E-022                  0.0000000000000000E+000                  0.0000000000000000E+000                                        1                  1.5253266063582798E+001                  1.5253266063582798E+001                 -9.9000000000000000E+001 
                                     357                  4.8370352854346148E+000                  1.2524213712149881E+000                  5.3692661461992648E+000                 -3.7426007519846847E+000                  9.7704326026425115E+000                  7.5580000000000003E-001                  2.4280000000000002E-001                  1.3999999999999568E-003                  5.4283470949850992E-022                  0.0000000000000000E+000                  0.0000000000000000E+000                                        1                  1.5255505095866441E+001                  1.5255505095866441E+001                 -9.9000000000000000E+001 
                                     358                  4.8319860380231461E+000                  1.2514216558950635E+000                  5.3755499199993793E+000                 -3.7330871237922185E+000                  9.7862723946120127E+000                  7.5580000000000003E-001                  2.4280000000000002E-001                  1.3999999999999568E-003                  7.1540004227922908E-022                  0.0000000000000000E+000                  0.0000000000000000E+000                                        1                  1.5257733764838342E+001                  1.5257733764838342E+001                 -9.9000000000000000E+001 
                                     359                  4.8267926193752295E+000                  1.2504086582234242E+000                  5.3818330210431080E+000                 -3.7235744008805525E+000                  9.8021104146054636E+000                  7.5580000000000003E-001                  2.4280000000000002E-001                  1.3999999999999568E-003                  9.4160141653797707E-022                  0.0000000000000000E+000                  0.0000000000000000E+000                                        1                  1.5259951996290024E+001                  1.5259951996290024E+001                 -9.9000000000000000E+001 
                                     360                  4.8214514303181595E+000                  1.2493822042136677E+000                  5.3881154146307653E+000                 -3.7140625663186020E+000                  9.8179466624109644E+000                  7.5580000000000003E-001                  2.4280000000000002E-001                  1.3999999999999568E-003                  1.2377253104509274E-021                  0.0000000000000000E+000                  0.0000000000000000E+000                                        1                  1.5262159729324672E+001                  1.5262159729324672E+001                 -9.9000000000000000E+001 
                                     361                  4.8159587916321103E+000                  1.2483421151444820E+000                  5.3943970827855114E+000                 -3.7045515855030766E+000                  9.8337811705695657E+000                  7.5580000000000003E-001                  2.4280000000000002E-001                  1.3999999999999568E-003                  1.6248864179773586E-021                  0.0000000000000000E+000                  0.0000000000000000E+000                                        1                  1.5264356903319106E+001                  1.5264356903319106E+001                 -9.9000000000000000E+001 
                                     362                  4.8103109410228848E+000                  1.2472882071685716E+000                  5.4006780252211772E+000                 -3.6950414057025669E+000                  9.8496140072478422E+000                  7.5580000000000003E-001                  2.4280000000000002E-001                  1.3999999999999568E-003                  2.1304245966934878E-021                  0.0000000000000000E+000                  0.0000000000000000E+000                                        1                  1.5266543425884123E+001                  1.5266543425884123E+001                 -9.9000000000000000E+001 
                                     363                  4.8045040297220636E+000                  1.2462202908723850E+000                  5.4069582605393727E+000                 -3.6855319530594941E+000                  9.8654452802231116E+000                  7.5580000000000003E-001                  2.4280000000000002E-001                  1.3999999999999568E-003                  2.7896963445790626E-021                  0.0000000000000000E+000                  0.0000000000000000E+000                                        1                  1.5268719152338788E+001                  1.5268719152338788E+001                 -9.9000000000000000E+001 
                                     364                  4.7985341180883117E+000                  1.2451381706827287E+000                  5.4132378262829528E+000                 -3.6760231287852267E+000                  9.8812751400601968E+000                  7.5580000000000003E-001                  2.4280000000000002E-001                  1.3999999999999568E-003                  3.6483694969197800E-021                  0.0000000000000000E+000                  0.0000000000000000E+000                                        1                  1.5270883923682995E+001                  1.5270883923682995E+001                 -9.9000000000000000E+001 
                                     365                  4.7923971721349954E+000                  1.2440416444803224E+000                  5.4195167780133975E+000                 -3.6665148086433850E+000                  9.8971037806531967E+000                  7.5580000000000003E-001                  2.4280000000000002E-001                  1.3999999999999568E-003                  4.7653590648497168E-021                  0.0000000000000000E+000                  0.0000000000000000E+000                                        1                  1.5273037614765725E+001                  1.5273037614765725E+001                 -9.9000000000000000E+001 
                                     366                  4.7860890605770638E+000                  1.2429305033251228E+000                  5.4257951887343729E+000                 -3.6570068428549911E+000                  9.9129314389577203E+000                  7.5580000000000003E-001                  2.4280000000000002E-001                  1.3999999999999568E-003                  6.2165792486913250E-021                  0.0000000000000000E+000                  0.0000000000000000E+000                                        1                  1.5275180131200912E+001                  1.5275180131200912E+001                 -9.9000000000000000E+001 
                                     367                  4.7796055516729234E+000                  1.2418045311573067E+000                  5.4320731479263884E+000                 -3.6474990554224442E+000                  9.9287583947550484E+000                  7.5580000000000003E-001                  2.4280000000000002E-001                  1.3999999999999568E-003                  8.0997332093121157E-021                  0.0000000000000000E+000                  0.0000000000000000E+000                                        1                  1.5277311356413028E+001                  1.5277311356413028E+001                 -9.9000000000000000E+001 
                                     368                  4.7729423099935193E+000                  1.2406635044994763E+000                  5.4383507602070127E+000                 -3.6379912439467321E+000                  9.9445849695239197E+000                  7.5580000000000003E-001                  2.4280000000000002E-001                  1.3999999999999568E-003                  1.0540420770646284E-020                  0.0000000000000000E+000                  0.0000000000000000E+000                                        1                  1.5279431104820315E+001                  1.5279431104820315E+001                 -9.9000000000000000E+001 
                                     369                  4.7660948937762013E+000                  1.2395071922698857E+000                  5.4446281441978002E+000                 -3.6284831807501048E+000                  9.9604115242219677E+000                  7.5580000000000003E-001                  2.4280000000000002E-001                  1.3999999999999568E-003                  1.3699918550176840E-020                  0.0000000000000000E+000                  0.0000000000000000E+000                                        1                  1.5281539103275744E+001                  1.5281539103275744E+001                 -9.9000000000000000E+001 
                                     370                  4.7590587525185191E+000                  1.2383353556366896E+000                  5.4509054314483461E+000                 -3.6189746150600204E+000                  9.9762384563455839E+000                  7.5580000000000003E-001                  2.4280000000000002E-001                  1.3999999999999568E-003                  1.7785079792328491E-020                  0.0000000000000000E+000                  0.0000000000000000E+000                                        1                  1.5283635005241154E+001                  1.5283635005241154E+001                 -9.9000000000000000E+001 
                                     371                  4.7518292250116518E+000                  1.2371477479390303E+000                  5.4571827653016856E+000                 -3.6094652750875720E+000                  9.9920661965532229E+000                  7.5580000000000003E-001                  2.4280000000000002E-001                  1.3999999999999568E-003                  2.3060918356076594E-020                  0.0000000000000000E+000                  0.0000000000000000E+000                                        1                  1.5285718480601469E+001                  1.5285718480601469E+001                 -9.9000000000000000E+001 
                                     372                  4.7444015374871489E+000                  1.2359441146155550E+000                  5.4634602998559423E+000                 -3.5999548697391028E+000                  1.0007895205729460E+001                  7.5580000000000003E-001                  2.4280000000000002E-001                  1.3999999999999568E-003                  2.9866588162122752E-020                  0.0000000000000000E+000                  0.0000000000000000E+000                                        1                  1.5287789263842884E+001                  1.5287789263842884E+001                 -9.9000000000000000E+001 
                                     373                  4.7367708014621686E+000                  1.2347241930725312E+000                  5.4697381992540484E+000                 -3.5904430904293920E+000                  1.0023725972490896E+001                  7.5580000000000003E-001                  2.4280000000000002E-001                  1.3999999999999568E-003                  3.8635654099751721E-020                  0.0000000000000000E+000                  0.0000000000000000E+000                                        1                  1.5289847138307668E+001                  1.5289847138307668E+001                 -9.9000000000000000E+001 
                                     374                  4.7289320116541704E+000                  1.2334877125525583E+000                  5.4760166369640970E+000                 -3.5809296133110364E+000                  1.0039559010217522E+001                  7.5580000000000003E-001                  2.4280000000000002E-001                  1.3999999999999568E-003                  4.9921781307404451E-020                  0.0000000000000000E+000                  0.0000000000000000E+000                                        1                  1.5291891903504181E+001                  1.5291891903504181E+001                 -9.9000000000000000E+001 
                                     375                  4.7208800444752734E+000                  1.2322343940805662E+000                  5.4822957945256281E+000                 -3.5714141017405332E+000                  1.0055394853291697E+001                  7.5580000000000003E-001                  2.4280000000000002E-001                  1.3999999999999568E-003                  6.4431257649658228E-020                  0.0000000000000000E+000                  0.0000000000000000E+000                                        1                  1.5293923311905926E+001                  1.5293923311905926E+001                 -9.9000000000000000E+001 
                                     376                  4.7126096570435347E+000                  1.2309639504691894E+000                  5.4885758604085071E+000                 -3.5618962081124543E+000                  1.0071234053986782E+001                  7.5580000000000003E-001                  2.4280000000000002E-001                  1.3999999999999568E-003                  8.3064128122798785E-020                  0.0000000000000000E+000                  0.0000000000000000E+000                                        1                  1.5295941070794436E+001                  1.5295941070794436E+001                 -9.9000000000000000E+001 
                                     377                  4.7041154854118439E+000                  1.2296760861810800E+000                  5.4948570293747112E+000                 -3.5523755751323853E+000                  1.0087077180494804E+001                  7.5580000000000003E-001                  2.4280000000000002E-001                  1.3999999999999568E-003                  1.0696617237597336E-019                  0.0000000000000000E+000                  0.0000000000000000E+000                                        1                  1.5297944881645316E+001                  1.5297944881645316E+001                 -9.9000000000000000E+001 
                                     378                  4.6953920427022311E+000                  1.2283704971608842E+000                  5.5011395017920073E+000                 -3.5428518372417677E+000                  1.0102924814996888E+001                  7.5580000000000003E-001                  2.4280000000000002E-001                  1.3999999999999568E-003                  1.3759452188654099E-019                  0.0000000000000000E+000                  0.0000000000000000E+000                                        1                  1.5299934435848630E+001                  1.5299934435848630E+001                 -9.9000000000000000E+001 
                                     379                  4.6864337175036948E+000                  1.2270468706895263E+000                  5.5074234825287025E+000                 -3.5333246221757815E+000                  1.0118777550903838E+001                  7.5580000000000003E-001                  2.4280000000000002E-001                  1.3999999999999568E-003                  1.7680041513640785E-019                  0.0000000000000000E+000                  0.0000000000000000E+000                                        1                  1.5301909388623853E+001                  1.5301909388623853E+001                 -9.9000000000000000E+001 
                                     380                  4.6772347732092667E+000                  1.2257048853557500E+000                  5.5137091797921380E+000                 -3.5237935525210142E+000                  1.0134635989987279E+001                  7.5580000000000003E-001                  2.4280000000000002E-001                  1.3999999999999568E-003                  2.2693347121491656E-019                  0.0000000000000000E+000                  0.0000000000000000E+000                                        1                  1.5303869339240027E+001                  1.5303869339240027E+001                 -9.9000000000000000E+001 
                                     381                  4.6677893469559457E+000                  1.2243442109414260E+000                  5.5199968043760492E+000                 -3.5142582470243457E+000                  1.0150500740550823E+001                  7.5580000000000003E-001                  2.4280000000000002E-001                  1.3999999999999568E-003                  2.9097295965970695E-019                  0.0000000000000000E+000                  0.0000000000000000E+000                                        1                  1.5305813820563433E+001                  1.5305813820563433E+001                 -9.9000000000000000E+001 
                                     382                  4.6580914481723514E+000                  1.2229645082253144E+000                  5.5262865691062419E+000                 -3.5047183213545203E+000                  1.0166372416099245E+001                  7.5580000000000003E-001                  2.4280000000000002E-001                  1.3999999999999568E-003                  3.7269290701235442E-019                  0.0000000000000000E+000                  0.0000000000000000E+000                                        1                  1.5307742349332752E+001                  1.5307742349332752E+001                 -9.9000000000000000E+001 
                                     383                  4.6481349572262980E+000                  1.2215654287792661E+000                  5.5325786881302239E+000                 -3.4951733889136789E+000                  1.0182251633647889E+001                  7.5580000000000003E-001                  2.4280000000000002E-001                  1.3999999999999568E-003                  4.7686957522889497E-019                  0.0000000000000000E+000                  0.0000000000000000E+000                                        1                  1.5309654561851998E+001                  1.5309654561851998E+001                 -9.9000000000000000E+001 
                                     384                  4.6379136247045301E+000                  1.2201466148291069E+000                  5.5388733759395974E+000                 -3.4856230624021167E+000                  1.0198139011363757E+001                  7.5580000000000003E-001                  2.4280000000000002E-001                  1.3999999999999568E-003                  6.0954194539236592E-019                  0.0000000000000000E+000                  0.0000000000000000E+000                                        1                  1.5311550230686922E+001                  1.5311550230686922E+001                 -9.9000000000000000E+001 
                                     385                  4.6274210713100317E+000                  1.2187076991691845E+000                  5.5451708465326481E+000                 -3.4760669550673717E+000                  1.0214035166515028E+001                  7.5580000000000003E-001                  2.4280000000000002E-001                  1.3999999999999568E-003                  7.7833846947156629E-019                  0.0000000000000000E+000                  0.0000000000000000E+000                                        1                  1.5313429222584524E+001                  1.5313429222584524E+001                 -9.9000000000000000E+001 
                                     386                  4.6166507872581546E+000                  1.2172483049730842E+000                  5.5514713128907855E+000                 -3.4665046813595422E+000                  1.0229940714147425E+001                  7.5580000000000003E-001                  2.4280000000000002E-001                  1.3999999999999568E-003                  9.9288659406466583E-019                  0.0000000000000000E+000                  0.0000000000000000E+000                                        1                  1.5315291304754821E+001                  1.5315291304754821E+001                 -9.9000000000000000E+001 
                                     387                  4.6055961316905991E+000                  1.2157680455759015E+000                  5.5577749865040591E+000                 -3.4569358578102758E+000                  1.0245856265847801E+001                  7.5580000000000003E-001                  2.4280000000000002E-001                  1.3999999999999568E-003                  1.2653255809435439E-018                  0.0000000000000000E+000                  0.0000000000000000E+000                                        1                  1.5317135830753285E+001                  1.5317135830753285E+001                 -9.9000000000000000E+001 
                                     388                  4.5942503323630284E+000                  1.2142665242602704E+000                  5.5640820766796093E+000                 -3.4473601041892330E+000                  1.0261782427959501E+001                  7.5580000000000003E-001                  2.4280000000000002E-001                  1.3999999999999568E-003                  1.6109481174462933E-018                  0.0000000000000000E+000                  0.0000000000000000E+000                                        1                  1.5318961794783117E+001                  1.5318961794783117E+001                 -9.9000000000000000E+001 
                                     389                  4.5826064862966014E+000                  1.2127433341327756E+000                  5.5703927898996621E+000                 -3.4377770447645455E+000                  1.0277719799463238E+001                  7.5580000000000003E-001                  2.4280000000000002E-001                  1.3999999999999568E-003                  2.0490023733446184E-018                  0.0000000000000000E+000                  0.0000000000000000E+000                                        1                  1.5320768053606406E+001                  1.5320768053606406E+001                 -9.9000000000000000E+001 
                                     390                  4.5706575605540172E+000                  1.2111980579727897E+000                  5.5767073294898735E+000                 -3.4281863097253522E+000                  1.0293668970299786E+001                  7.5580000000000003E-001                  2.4280000000000002E-001                  1.3999999999999568E-003                  2.6036938099453836E-018                  0.0000000000000000E+000                  0.0000000000000000E+000                                        1                  1.5322553615389184E+001                  1.5322553615389184E+001                 -9.9000000000000000E+001 
                                     391                  4.5583963929272731E+000                  1.2096302680241524E+000                  5.5830258952714651E+000                 -3.4185875363199103E+000                  1.0309630520031444E+001                  7.5580000000000003E-001                  2.4280000000000002E-001                  1.3999999999999568E-003                  3.3054354163150469E-018                  0.0000000000000000E+000                  0.0000000000000000E+000                                        1                  1.5324318010607023E+001                  1.5324318010607023E+001                 -9.9000000000000000E+001 
                                     392                  4.5458156928516722E+000                  1.2080395257703427E+000                  5.5893486831964170E+000                 -3.4089803695190035E+000                  1.0325605016395214E+001                  7.5580000000000003E-001                  2.4280000000000002E-001                  1.3999999999999568E-003                  4.1924066808519693E-018                  0.0000000000000000E+000                  0.0000000000000000E+000                                        1                  1.5326061066745801E+001                  1.5326061066745801E+001                 -9.9000000000000000E+001 
                                     393                  4.5329080429120037E+000                  1.2064253817382684E+000                  5.5956758849909090E+000                 -3.3993644634005840E+000                  1.0341593013525555E+001                  7.5580000000000003E-001                  2.4280000000000002E-001                  1.3999999999999568E-003                  5.3124959246943855E-018                  0.0000000000000000E+000                  0.0000000000000000E+000                                        1                  1.5327782530576634E+001                  1.5327782530576634E+001                 -9.9000000000000000E+001 
                                     394                  4.5196659010196942E+000                  1.2047873753328162E+000                  5.6020076876313549E+000                 -3.3897394828609277E+000                  1.0357595050156339E+001                  7.5580000000000003E-001                  2.4280000000000002E-001                  1.3999999999999568E-003                  6.7257181985797747E-018                  0.0000000000000000E+000                  0.0000000000000000E+000                                        1                  1.5329481717915103E+001                  1.5329481717915103E+001                 -9.9000000000000000E+001 
                                     395                  4.5060816028013724E+000                  1.2031250346387736E+000                  5.6083442725635004E+000                 -3.3801051040930861E+000                  1.0373611648043815E+001                  7.5580000000000003E-001                  2.4280000000000002E-001                  1.3999999999999568E-003                  8.5072226620703262E-018                  0.0000000000000000E+000                  0.0000000000000000E+000                                        1                  1.5331157172718363E+001                  1.5331157172718363E+001                 -9.9000000000000000E+001 
                                     396                  4.4921473643083036E+000                  1.2014378762058555E+000                  5.6146858147127237E+000                 -3.3704610146822924E+000                  1.0389643310678641E+001                  7.5580000000000003E-001                  2.4280000000000002E-001                  1.3999999999999568E-003                  1.0751029981933252E-017                  0.0000000000000000E+000                  0.0000000000000000E+000                                        1                  1.5332806932915087E+001                  1.5332806932915087E+001                 -9.9000000000000000E+001 
                                     397                  4.4778552848102349E+000                  1.1997254047870496E+000                  5.6210324817085802E+000                 -3.3608069143244466E+000                  1.0405690522313266E+001                  7.5580000000000003E-001                  2.4280000000000002E-001                  1.3999999999999568E-003                  1.3574673098270065E-017                  0.0000000000000000E+000                  0.0000000000000000E+000                                        1                  1.5334428866416944E+001                  1.5334428866416944E+001                 -9.9000000000000000E+001 
                                     398                  4.4631973498374418E+000                  1.1979871130461193E+000                  5.6273844331463660E+000                 -3.3511425152380832E+000                  1.0421753746836423E+001                  7.5580000000000003E-001                  2.4280000000000002E-001                  1.3999999999999568E-003                  1.7124954880710121E-017                  0.0000000000000000E+000                  0.0000000000000000E+000                                        1                  1.5336021041231071E+001                  1.5336021041231071E+001                 -9.9000000000000000E+001 
                                     399                  4.4481654351467590E+000                  1.1962224813127587E+000                  5.6337418193876809E+000                 -3.3414675422865447E+000                  1.0437833426425602E+001                  7.5580000000000003E-001                  2.4280000000000002E-001                  1.3999999999999568E-003                  2.1585085113683063E-017                  0.0000000000000000E+000                  0.0000000000000000E+000                                        1                  1.5337582182320061E+001                  1.5337582182320061E+001                 -9.9000000000000000E+001 
                                     400                  4.4327513111654122E+000                  1.1944309773281307E+000                  5.6401047807434663E+000                 -3.3317817329115700E+000                  1.0453929980883142E+001                  7.5580000000000003E-001                  2.4280000000000002E-001                  1.3999999999999568E-003                  2.7183520017687608E-017                  0.0000000000000000E+000                  0.0000000000000000E+000                                        1                  1.5339111490354652E+001                  1.5339111490354652E+001                 -9.9000000000000000E+001 
                                     401                  4.4169466467079745E+000                  1.1926120558387059E+000                  5.6464734474914700E+000                 -3.3220848368126599E+000                  1.0470043808057678E+001                  7.5580000000000003E-001                  2.4280000000000002E-001                  1.3999999999999568E-003                  3.4204901871268058E-017                  0.0000000000000000E+000                  0.0000000000000000E+000                                        1                  1.5340608297897800E+001                  1.5340608297897800E+001                 -9.9000000000000000E+001 
                                     402                  4.4007430122124349E+000                  1.1907651580706304E+000                  5.6528479398265219E+000                 -3.3123766158493626E+000                  1.0486175284077722E+001                  7.5580000000000003E-001                  2.4280000000000002E-001                  1.3999999999999568E-003                  4.3003585866780245E-017                  0.0000000000000000E+000                  0.0000000000000000E+000                                        1                  1.5342071164703109E+001                  1.5342071164703109E+001                 -9.9000000000000000E+001 
                                     403                  4.3841318845711781E+000                  1.1888897113205728E+000                  5.6592283676309618E+000                 -3.3026568439427049E+000                  1.0502324763047119E+001                  7.5580000000000003E-001                  2.4280000000000002E-001                  1.3999999999999568E-003                  5.4020351706344052E-017                  0.0000000000000000E+000                  0.0000000000000000E+000                                        1                  1.5343496685030887E+001                  1.5343496685030887E+001                 -9.9000000000000000E+001 
                                     404                  4.3671046522995862E+000                  1.1869851285118824E+000                  5.6656148308060672E+000                 -3.2929253065091628E+000                  1.0518492577933671E+001                  7.5580000000000003E-001                  2.4280000000000002E-001                  1.3999999999999568E-003                  6.7803033579727784E-017                  0.0000000000000000E+000                  0.0000000000000000E+000                                        1                  1.5344879754224623E+001                  1.5344879754224623E+001                 -9.9000000000000000E+001 
                                     405                  4.3496526187869016E+000                  1.1850508074634563E+000                  5.6720074200439177E+000                 -3.2831817993850785E+000                  1.0534679042619869E+001                  7.5580000000000003E-001                  2.4280000000000002E-001                  1.3999999999999568E-003                  8.5031966878305390E-017                  0.0000000000000000E+000                  0.0000000000000000E+000                                        1                  1.5346214222885925E+001                  1.5346214222885925E+001                 -9.9000000000000000E+001 
                                     406                  4.3317670056097217E+000                  1.1830861300995947E+000                  5.6784062173569403E+000                 -3.2734261277232295E+000                  1.0550884453395838E+001                  7.5580000000000003E-001                  2.4280000000000002E-001                  1.3999999999999568E-003                  1.0655134932741794E-016                  0.0000000000000000E+000                  0.0000000000000000E+000                                        1                  1.5347494725462438E+001                  1.5347494725462438E+001                 -9.9000000000000000E+001 
                                     407                  4.3134389574232408E+000                  1.1810904617642706E+000                  5.6848112965309872E+000                 -3.2636581051403493E+000                  1.0567109090222861E+001                  7.5580000000000003E-001                  2.4280000000000002E-001                  1.3999999999999568E-003                  1.3340785938309773E-016                  0.0000000000000000E+000                  0.0000000000000000E+000                                        1                  1.5348718677807550E+001                  1.5348718677807550E+001                 -9.9000000000000000E+001 
                                     408                  4.2946595463483783E+000                  1.1790631504030158E+000                  5.6912227240327145E+000                 -3.2538775523905912E+000                  1.0583353219231347E+001                  7.5580000000000003E-001                  2.4280000000000002E-001                  1.3999999999999568E-003                  1.6689817486785724E-016                  0.0000000000000000E+000                  0.0000000000000000E+000                                        1                  1.5349885370441580E+001                  1.5349885370441580E+001                 -9.9000000000000000E+001 
                                     409                  4.2754197745857425E+000                  1.1770035254773046E+000                  5.6976405600322853E+000                 -3.2440842954315334E+000                  1.0599617095562799E+001                  7.5580000000000003E-001                  2.4280000000000002E-001                  1.3999999999999568E-003                  2.0862739623129813E-016                  0.0000000000000000E+000                  0.0000000000000000E+000                                        1                  1.5350994612212585E+001                  1.5350994612212585E+001                 -9.9000000000000000E+001 
                                     410                  4.2557105782692632E+000                  1.1749108969399109E+000                  5.7040648592114387E+000                 -3.2342781639507305E+000                  1.0615900965545032E+001                  7.5580000000000003E-001                  2.4280000000000002E-001                  1.3999999999999568E-003                  2.6058081761413554E-016                  0.0000000000000000E+000                  0.0000000000000000E+000                                        1                  1.5352043933830002E+001                  1.5352043933830002E+001                 -9.9000000000000000E+001 
                                     411                  4.2355228318985940E+000                  1.1727845541904993E+000                  5.7104956718018443E+000                 -3.2244589902451422E+000                  1.0632205069132004E+001                  7.5580000000000003E-001                  2.4280000000000002E-001                  1.3999999999999568E-003                  3.2521202827623917E-016                  0.0000000000000000E+000                  0.0000000000000000E+000                                        1                  1.5353026114287315E+001                  1.5353026114287315E+001                 -9.9000000000000000E+001 
                                     412                  4.2148473519104037E+000                  1.1706237648520081E+000                  5.7169330448829241E+000                 -3.2146266075693606E+000                  1.0648529642794314E+001                  7.5580000000000003E-001                  2.4280000000000002E-001                  1.3999999999999568E-003                  4.0555097886306248E-016                  0.0000000000000000E+000                  0.0000000000000000E+000                                        1                  1.5353930732632225E+001                  1.5353930732632225E+001                 -9.9000000000000000E+001 
                                     413                  4.1936749002750320E+000                  1.1684277734611872E+000                  5.7233770235247663E+000                 -3.2047808484351323E+000                  1.0664874922188469E+001                  7.5580000000000003E-001                  2.4280000000000002E-001                  1.3999999999999568E-003                  5.0533643236916978E-016                  0.0000000000000000E+000                  0.0000000000000000E+000                                        1                  1.5354745847826658E+001                  1.5354745847826658E+001                 -9.9000000000000000E+001 
                                     414                  4.1719961888428951E+000                  1.1661958001433399E+000                  5.7298276520766587E+000                 -3.1949215435487619E+000                  1.0681241144582037E+001                  7.5580000000000003E-001                  2.4280000000000002E-001                  1.3999999999999568E-003                  6.2917818277594870E-016                  0.0000000000000000E+000                  0.0000000000000000E+000                                        1                  1.5355461032145797E+001                  1.5355461032145797E+001                 -9.9000000000000000E+001 
                                     415                  4.1498018838705608E+000                  1.1639270392011447E+000                  5.7362849757753542E+000                 -3.1850485209670958E+000                  1.0697628551311995E+001                  7.5580000000000003E-001                  2.4280000000000002E-001                  1.3999999999999568E-003                  7.8275559144465116E-016                  0.0000000000000000E+000                  0.0000000000000000E+000                                        1                  1.5356069398622694E+001                  1.5356069398622694E+001                 -9.9000000000000000E+001 
                                     416                  4.1270826106536207E+000                  1.1616206576019088E+000                  5.7427490421156833E+000                 -3.1751616049504232E+000                  1.0714037390252368E+001                  7.5580000000000003E-001                  2.4280000000000002E-001                  1.3999999999999568E-003                  9.7306038967174295E-016                  0.0000000000000000E+000                  0.0000000000000000E+000                                        1                  1.5356565320949054E+001                  1.5356565320949054E+001                 -9.9000000000000000E+001 
                                     417                  4.1038289584233656E+000                  1.1592757933731248E+000                  5.7492199022442421E+000                 -3.1652606146277775E+000                  1.0730467918172357E+001                  7.5580000000000003E-001                  2.4280000000000002E-001                  1.3999999999999568E-003                  1.2086934118661354E-015                  0.0000000000000000E+000                  0.0000000000000000E+000                                        1                  1.5356942630252865E+001                  1.5356942630252865E+001                 -9.9000000000000000E+001 
                                     418                  4.0800314857229134E+000                  1.1568915539205453E+000                  5.7556976126502493E+000                 -3.1553453634887130E+000                  1.0746920402840381E+001                  7.5580000000000003E-001                  2.4280000000000002E-001                  1.3999999999999568E-003                  1.5002269989634694E-015                  0.0000000000000000E+000                  0.0000000000000000E+000                                        1                  1.5357192222334385E+001                  1.5357192222334385E+001                 -9.9000000000000000E+001 
                                     419                  4.0556807265623238E+000                  1.1544670142845008E+000                  5.7621822365173729E+000                 -3.1454156591341782E+000                  1.0763395125082136E+001                  7.5580000000000003E-001                  2.4280000000000002E-001                  1.3999999999999568E-003                  1.8606472889698380E-015                  0.0000000000000000E+000                  0.0000000000000000E+000                                        1                  1.5357301123934842E+001                  1.5357301123934842E+001                 -9.9000000000000000E+001 
                                     420                  4.0307671965770471E+000                  1.1520012152440522E+000                  5.7686738445271430E+000                 -3.1354713014001927E+000                  1.0779892380963480E+001                  7.5580000000000003E-001                  2.4280000000000002E-001                  1.3999999999999568E-003                  2.3058936312329362E-015                  0.0000000000000000E+000                  0.0000000000000000E+000                                        1                  1.5357254585323306E+001                  1.5357254585323306E+001                 -9.9000000000000000E+001 
                                     421                  4.0052813995298573E+000                  1.1494931613012731E+000                  5.7751725152200013E+000                 -3.1255120804835621E+000                  1.0796412483741269E+001                  7.5580000000000003E-001                  2.4280000000000002E-001                  1.3999999999999568E-003                  2.8555159986745029E-015                  0.0000000000000000E+000                  0.0000000000000000E+000                                        1                  1.5357037352236981E+001                  1.5357037352236981E+001                 -9.9000000000000000E+001 
                                     422                  3.9792138349534105E+000                  1.1469418186126397E+000                  5.7816783353212848E+000                 -3.1155377762585084E+000                  1.0812955765674475E+001                  7.5580000000000003E-001                  2.4280000000000002E-001                  1.3999999999999568E-003                  3.5334756903259052E-015                  0.0000000000000000E+000                  0.0000000000000000E+000                                        1                  1.5356635044946424E+001                  1.5356635044946424E+001                 -9.9000000000000000E+001 
                                     423                  3.9525550060064063E+000                  1.1443461127556127E+000                  5.7881913999236554E+000                 -3.1055481564586587E+000                  1.0829522580045195E+001                  7.5580000000000003E-001                  2.4280000000000002E-001                  1.3999999999999568E-003                  4.3691199276791202E-015                  0.0000000000000000E+000                  0.0000000000000000E+000                                        1                  1.5356033631610860E+001                  1.5356033631610860E+001                 -9.9000000000000000E+001 
                                     424                  3.9252954274828897E+000                  1.1417049263172090E+000                  5.7947118118447927E+000                 -3.0955429740544851E+000                  1.0846113303121797E+001                  7.5580000000000003E-001                  2.4280000000000002E-001                  1.3999999999999568E-003                  5.3983672462959225E-015                  0.0000000000000000E+000                  0.0000000000000000E+000                                        1                  1.5355216981837652E+001                  1.5355216981837652E+001                 -9.9000000000000000E+001 
                                     425                  3.8974256349416128E+000                  1.1390170963887951E+000                  5.8012396812277904E+000                 -3.0855219652145571E+000                  1.0862728335970552E+001                  7.5580000000000003E-001                  2.4280000000000002E-001                  1.3999999999999568E-003                  6.6651484298076751E-015                  0.0000000000000000E+000                  0.0000000000000000E+000                                        1                  1.5354164987297658E+001                  1.5354164987297658E+001                 -9.9000000000000000E+001 
                                     426                  3.8689361944303120E+000                  1.1362814118959872E+000                  5.8077751259202994E+000                 -3.0754848480329509E+000                  1.0879368106453068E+001                  7.5580000000000003E-001                  2.4280000000000002E-001                  1.3999999999999568E-003                  8.2231571204032797E-015                  0.0000000000000000E+000                  0.0000000000000000E+000                                        1                  1.5352850846767174E+001                  1.5352850846767174E+001                 -9.9000000000000000E+001 
                                     427                  3.8398177123441646E+000                  1.1334966106962914E+000                  5.8143182717780588E+000                 -3.0654313211941320E+000                  1.0896033071304487E+001                  7.5580000000000003E-001                  2.4280000000000002E-001                  1.3999999999999568E-003                  1.0137975302770202E-014                  0.0000000000000000E+000                  0.0000000000000000E+000                                        1                  1.5351240664556737E+001                  1.5351240664556737E+001                 -9.9000000000000000E+001 
                                     428                  3.8100608463123082E+000                  1.1306613765108786E+000                  5.8208692530602271E+000                 -3.0553610618433051E+000                  1.0912723718100565E+001                  7.5580000000000003E-001                  2.4280000000000002E-001                  1.3999999999999568E-003                  1.2489652497246061E-014                  0.0000000000000000E+000                  0.0000000000000000E+000                                        1                  1.5349294919197183E+001                  1.5349294919197183E+001                 -9.9000000000000000E+001 
                                     429                  3.7796563170192385E+000                  1.1277743356643037E+000                  5.8274282132608910E+000                 -3.0452737244876666E+000                  1.0929440567382512E+001                  7.5580000000000003E-001                  2.4280000000000002E-001                  1.3999999999999568E-003                  1.5375833883003123E-014                  0.0000000000000000E+000                  0.0000000000000000E+000                                        1                  1.5346970503552754E+001                  1.5346970503552754E+001                 -9.9000000000000000E+001 
                                     430                  3.7485949202706705E+000                  1.1248340535354495E+000                  5.8339953063167789E+000                 -3.0351689403933606E+000                  1.0946184174946351E+001                  7.5580000000000003E-001                  2.4280000000000002E-001                  1.3999999999999568E-003                  1.8915552276273859E-014                  0.0000000000000000E+000                  0.0000000000000000E+000                                        1                  1.5344225552175832E+001                  1.5344225552175832E+001                 -9.9000000000000000E+001 
                                     431                  3.7168675400899982E+000                  1.1218390307638813E+000                  5.8405706977500591E+000                 -3.0250463159602874E+000                  1.0962955134056623E+001                  7.5580000000000003E-001                  2.4280000000000002E-001                  1.3999999999999568E-003                  2.3253822493941433E-014                  0.0000000000000000E+000                  0.0000000000000000E+000                                        1                  1.5341018913195304E+001                  1.5341018913195304E+001                 -9.9000000000000000E+001 
                                     432                  3.6844651631069780E+000                  1.1187876992133403E+000                  5.8471545657169592E+000                 -3.0149054314334318E+000                  1.0979754077820850E+001                  7.5580000000000003E-001                  2.4280000000000002E-001                  1.3999999999999568E-003                  2.8567205148189285E-014                  0.0000000000000000E+000                  0.0000000000000000E+000                                        1                  1.5337305012406063E+001                  1.5337305012406063E+001                 -9.9000000000000000E+001 
                                     433                  3.6513788933025171E+000                  1.1156784175685597E+000                  5.8537471024415790E+000                 -3.0047458399620925E+000                  1.0996581681849985E+001                  7.5580000000000003E-001                  2.4280000000000002E-001                  1.3999999999999568E-003                  3.5070541743646736E-014                  0.0000000000000000E+000                  0.0000000000000000E+000                                        1                  1.5333026504269638E+001                  1.5333026504269638E+001                 -9.9000000000000000E+001 
                                     434                  3.6175999677303161E+000                  1.1125094665847606E+000                  5.8603485156254829E+000                 -2.9945670660661530E+000                  1.1013438666954739E+001                  7.5580000000000003E-001                  2.4280000000000002E-001                  1.3999999999999568E-003                  4.3025104142368478E-014                  0.0000000000000000E+000                  0.0000000000000000E+000                                        1                  1.5328102759909250E+001                  1.5328102759909250E+001                 -9.9000000000000000E+001 
                                     435                  3.5831197737507314E+000                  1.1092790440038407E+000                  5.8669590297067069E+000                 -2.9843686039936035E+000                  1.1030325802034090E+001                  7.5580000000000003E-001                  2.4280000000000002E-001                  1.3999999999999568E-003                  5.2748451374503558E-014                  0.0000000000000000E+000                  0.0000000000000000E+000                                        1                  1.5322426091213506E+001                  1.5322426091213506E+001                 -9.9000000000000000E+001 
                                     436                  3.5479298668715424E+000                  1.1059852590080079E+000                  5.8735788875385477E+000                 -2.9741499161843445E+000                  1.1047243907357384E+001                  7.5580000000000003E-001                  2.4280000000000002E-001                  1.3999999999999568E-003                  6.4626347948804631E-014                  0.0000000000000000E+000                  0.0000000000000000E+000                                        1                  1.5315860511852563E+001                  1.5315860511852563E+001                 -9.9000000000000000E+001 
                                     437                  3.5120219895043974E+000                  1.1026261261884394E+000                  5.8802083521483226E+000                 -2.9639104315451799E+000                  1.1064193858097527E+001                  7.5580000000000003E-001                  2.4280000000000002E-001                  1.3999999999999568E-003                  7.9127170114425427E-014                  0.0000000000000000E+000                  0.0000000000000000E+000                                        1                  1.5308238442355409E+001                  1.5308238442355409E+001                 -9.9000000000000000E+001 
                                     438                  3.4753880911236577E+000                  1.0991995590196988E+000                  5.8868477083938870E+000                 -2.9536495432176086E+000                  1.1081176588155543E+001                  7.5580000000000003E-001                  2.4280000000000002E-001                  1.3999999999999568E-003                  9.6819314267987581E-014                  0.0000000000000000E+000                  0.0000000000000000E+000                                        1                  1.5299354737632651E+001                  1.5299354737632651E+001                 -9.9000000000000000E+001 
                                     439                  3.4380203494514445E+000                  1.0957033627457755E+000                  5.8934972651468520E+000                 -2.9433666062257795E+000                  1.1098193094417196E+001                  7.5580000000000003E-001                  2.4280000000000002E-001                  1.3999999999999568E-003                  1.1839222960632655E-013                  0.0000000000000000E+000                  0.0000000000000000E+000                                        1                  1.5288945431677050E+001                  1.5288945431677050E+001                 -9.9000000000000000E+001 
                                     440                  3.3999111927417505E+000                  1.0921352266148527E+000                  5.9001573576284665E+000                 -2.9330609355622217E+000                  1.1115244441437623E+001                  7.5580000000000003E-001                  2.4280000000000002E-001                  1.3999999999999568E-003                  1.4468182438213734E-013                  0.0000000000000000E+000                  0.0000000000000000E+000                                        1                  1.5276654291836360E+001                  1.5276654291836360E+001                 -9.9000000000000000E+001 
                                     441                  3.3610533234141995E+000                  1.0884927154029735E+000                  5.9068283494958189E+000                 -2.9227318030399472E+000                  1.1132331766574804E+001                  7.5580000000000003E-001                  2.4280000000000002E-001                  1.3999999999999568E-003                  1.7670114991015579E-013                  0.0000000000000000E+000                  0.0000000000000000E+000                                        1                  1.5261986657202037E+001                  1.5261986657202037E+001                 -9.9000000000000000E+001 
                                     442                  3.3214397430582299E+000                  1.0847732601489459E+000                  5.9118258592087489E+000                 -2.9149496780337016E+000                  1.1145177351788913E+001                  7.5580000000000003E-001                  2.4280000000000002E-001                  1.3999999999999568E-003                  2.0514341806858975E-013                  0.0000000000000000E+000                  0.0000000000000000E+000                                        1                  1.5244146418060604E+001                  1.5244146418060604E+001                 -9.9000000000000000E+001 
                                     443                  3.3013474625242569E+000                  1.0828839451658154E+000                  5.9151699778798328E+000                 -2.9097666526246599E+000                  1.1153749347490610E+001                  7.5580000000000003E-001                  2.4280000000000002E-001                  1.3999999999999568E-003                  2.2660928067765695E-013                  0.0000000000000000E+000                  0.0000000000000000E+000                                        1                  1.5233736861804124E+001                  1.5233736861804124E+001                 -9.9000000000000000E+001 
                                     444                  3.2810637788896377E+000                  1.0809743680124799E+000                  5.9185170545648882E+000                 -2.9045773122190330E+000                  1.1162331046734876E+001                  7.5580000000000003E-001                  2.4280000000000002E-001                  1.3999999999999568E-003                  2.5028485482319488E-013                  0.0000000000000000E+000                  0.0000000000000000E+000                                        1                  1.5222136323381998E+001                  1.5222136323381998E+001                 -9.9000000000000000E+001 
                                     445                  3.2605879135355553E+000                  1.0790441653615004E+000                  5.9218671464678811E+000                 -2.8993815462133865E+000                  1.1170922623430242E+001                  7.5580000000000003E-001                  2.4280000000000002E-001                  1.3999999999999568E-003                  2.7639422906414743E-013                  0.0000000000000000E+000                  0.0000000000000000E+000                                        1                  1.5209051569240529E+001                  1.5209051569240529E+001                 -9.9000000000000000E+001 
                                     446                  3.2399191117905781E+000                  1.0770929634502651E+000                  5.9251978234288760E+000                 -2.8941558874019644E+000                  1.1179524257550746E+001                  7.5580000000000003E-001                  2.4280000000000002E-001                  1.3999999999999568E-003                  3.0502248946265727E-013                  0.0000000000000000E+000                  0.0000000000000000E+000                                        1                  1.5194136365318846E+001                  1.5194136365318846E+001                 -9.9000000000000000E+001 
                                     447                  3.2190566439003474E+000                  1.0751204844652924E+000                  5.9284694820406481E+000                 -2.8888590015386999E+000                  1.1188136126997135E+001                  7.5580000000000003E-001                  2.4280000000000002E-001                  1.3999999999999568E-003                  3.3607947754356369E-013                  0.0000000000000000E+000                  0.0000000000000000E+000                                        1                  1.5176895717535785E+001                  1.5176895717535785E+001                 -9.9000000000000000E+001 
                                     448                  3.1979998060264356E+000                  1.0731266348873010E+000                  5.9316871491611787E+000                 -2.8834958922075238E+000                  1.1196758392605300E+001                  7.5580000000000003E-001                  2.4280000000000002E-001                  1.3999999999999568E-003                  3.6975680948934092E-013                  0.0000000000000000E+000                  0.0000000000000000E+000                                        1                  1.5156595311404972E+001                  1.5156595311404972E+001                 -9.9000000000000000E+001 
                                     449                  3.1767479212751764E+000                  1.0711112997220624E+000                  5.9348552854024881E+000                 -2.8780709984457964E+000                  1.1205391199538202E+001                  7.5580000000000003E-001                  2.4280000000000002E-001                  1.3999999999999568E-003                  4.0626066866749218E-013                  0.0000000000000000E+000                  0.0000000000000000E+000                                        1                  1.5132087090355919E+001                  1.5132087090355919E+001                 -9.9000000000000000E+001 
                                     450                  3.1553003407596729E+000                  1.0690743439249117E+000                  5.9379778641544583E+000                 -2.8725882743162590E+000                  1.1214034678522859E+001                  7.5580000000000003E-001                  2.4280000000000002E-001                  1.3999999999999568E-003                  4.4581286260030149E-013                  0.0000000000000000E+000                  0.0000000000000000E+000                                        1                  1.5101426690302381E+001                  1.5101426690302381E+001                 -9.9000000000000000E+001 
                                     451                  3.1336564446970581E+000                  1.0670156135812541E+000                  5.9410584330622349E+000                 -2.8670512506137364E+000                  1.1222688946954635E+001                  7.5580000000000003E-001                  2.4280000000000002E-001                  1.3999999999999568E-003                  4.8865190627821788E-013                  0.0000000000000000E+000                  0.0000000000000000E+000                                        1                  1.5060911143438641E+001                  1.5060911143438641E+001                 -9.9000000000000000E+001 
                                     452                  3.1118156435351532E+000                  1.0649349369026411E+000                  5.9441001655297230E+000                 -2.8614630865037562E+000                  1.1231354109885139E+001                  7.5580000000000003E-001                  2.4280000000000002E-001                  1.3999999999999568E-003                  5.3503416720763044E-013                  0.0000000000000000E+000                  0.0000000000000000E+000                                        1                  1.5002003238402413E+001                  1.5002003238402413E+001                 -9.9000000000000000E+001 
                                     453                  3.0897773791128751E+000                  1.0628321250679165E+000                  5.9471059040725054E+000                 -2.8558266129458332E+000                  1.1240030260906062E+001                  7.5580000000000003E-001                  2.4280000000000002E-001                  1.3999999999999568E-003                  5.8523507269848801E-013                  0.0000000000000000E+000                  0.0000000000000000E+000                                        1                  1.4895770411788433E+001                  1.4895770411788433E+001                 -9.9000000000000000E+001 
                                     454                  3.0675411258564655E+000                  1.0607069729334673E+000                  5.9500781969603000E+000                 -2.8501443693622117E+000                  1.1248717482939711E+001                  7.5580000000000003E-001                  2.4280000000000002E-001                  1.3999999999999568E-003                  6.3955037968721849E-013                  0.0000000000000000E+000                  0.0000000000000000E+000                                        0                 -9.8999999999999986E+001                 -9.9000000000000000E+001                 -9.9000000000000000E+001 
                                     455                  3.0451063920125683E+000                  1.0585592596323377E+000                  5.9530193345335380E+000                 -2.8444186401533864E+000                  1.1257415848945147E+001                  7.5580000000000003E-001                  2.4280000000000002E-001                  1.3999999999999568E-003                  6.9829759051044698E-013                  0.0000000000000000E+000                  0.0000000000000000E+000                                        0                 -9.8999999999999986E+001                 -9.9000000000000000E+001                 -9.9000000000000000E+001 
                                     456                  3.0224727209209217E+000                  1.0563887490513919E+000                  5.9559314337016458E+000                 -2.8386515415520086E+000                  1.1266125422547342E+001                  7.5580000000000003E-001                  2.4280000000000002E-001                  1.3999999999999568E-003                  7.6181839458887662E-013                  0.0000000000000000E+000                  0.0000000000000000E+000                                        0                 -9.8999999999999986E+001                 -9.9000000000000000E+001                 -9.9000000000000000E+001 
                                     457                  2.9996396923385618E+000                  1.0541951899193738E+000                  5.9588164365855087E+000                 -2.8328450192637931E+000                  1.1274846258621910E+001                  7.5580000000000003E-001                  2.4280000000000002E-001                  1.3999999999999568E-003                  8.3048015382308369E-013                  0.0000000000000000E+000                  0.0000000000000000E+000                                        0                 -9.8999999999999986E+001                 -9.9000000000000000E+001                 -9.9000000000000000E+001 
                                     458                  2.9766069237988755E+000                  1.0519783159299860E+000                  5.9616761239980267E+000                 -2.8270008616353839E+000                  1.1283578403835019E+001                  7.5580000000000003E-001                  2.4280000000000002E-001                  1.3999999999999568E-003                  9.0467769434823114E-013                  0.0000000000000000E+000                  0.0000000000000000E+000                                        0                 -9.8999999999999986E+001                 -9.9000000000000000E+001                 -9.9000000000000000E+001 
                                     459                  2.9533740720082933E+000                  1.0497378458211755E+000                  5.9645121306518787E+000                 -2.8211207147477317E+000                  1.1292321897140081E+001                  7.5580000000000003E-001                  2.4280000000000002E-001                  1.3999999999999568E-003                  9.8483527523542979E-013                  0.0000000000000000E+000                  0.0000000000000000E+000                                        0                 -9.8999999999999986E+001                 -9.9000000000000000E+001                 -9.9000000000000000E+001 
                                     460                  2.9299408342872311E+000                  1.0474734833965067E+000                  5.9673259586291776E+000                 -2.8152060957209311E+000                  1.1301076770233955E+001                  7.5580000000000003E-001                  2.4280000000000002E-001                  1.3999999999999568E-003                  1.0714086920336170E-012                  0.0000000000000000E+000                  0.0000000000000000E+000                                        0                 -9.8999999999999986E+001                 -9.9000000000000000E+001                 -9.9000000000000000E+001 
                                     461                  2.9063069500569454E+000                  1.0451849174926051E+000                  5.9701189893551341E+000                 -2.8092584045053868E+000                  1.1309843047976173E+001                  7.5580000000000003E-001                  2.4280000000000002E-001                  1.3999999999999568E-003                  1.1648875242553881E-012                  0.0000000000000000E+000                  0.0000000000000000E+000                                        0                 -9.8999999999999986E+001                 -9.9000000000000000E+001                 -9.9000000000000000E+001 
                                     462                  2.8824722023732350E+000                  1.0428718218957400E+000                  5.9728924942900585E+000                 -2.8032789344411544E+000                  1.1318620748771343E+001                  7.5580000000000003E-001                  2.4280000000000002E-001                  1.3999999999999568E-003                  1.2657975349407356E-012                  0.0000000000000000E+000                  0.0000000000000000E+000                                        0                 -9.8999999999999986E+001                 -9.9000000000000000E+001                 -9.9000000000000000E+001 
                                     463                  2.8584364195245584E+000                  1.0405338552111820E+000                  5.9756476445262559E+000                 -2.7972688817368909E+000                  1.1327409884917014E+001                  7.5580000000000003E-001                  2.4280000000000002E-001                  1.3999999999999568E-003                  1.3747032349278791E-012                  0.0000000000000000E+000                  0.0000000000000000E+000                                        0                 -9.8999999999999986E+001                 -9.9000000000000000E+001                 -9.9000000000000000E+001 
                                     464                  2.8341994766836396E+000                  1.0381706606856813E+000                  5.9783855214250154E+000                 -2.7912293560828516E+000                  1.1336210462924491E+001                  7.5580000000000003E-001                  2.4280000000000002E-001                  1.3999999999999568E-003                  1.4922106875966159E-012                  0.0000000000000000E+000                  0.0000000000000000E+000                                        0                 -9.8999999999999986E+001                 -9.9000000000000000E+001                 -9.9000000000000000E+001 
                                     465                  2.8097612975991888E+000                  1.0357818659712386E+000                  5.9811071303576053E+000                 -2.7851613945472797E+000                  1.1345022483816205E+001                  7.5580000000000003E-001                  2.4280000000000002E-001                  1.3999999999999568E-003                  1.6189706758992856E-012                  0.0000000000000000E+000                  0.0000000000000000E+000                                        0                 -9.8999999999999986E+001                 -9.9000000000000000E+001                 -9.9000000000000000E+001 
                                     466                  2.7851218563420006E+000                  1.0333670828080410E+000                  5.9838134115356905E+000                 -2.7790659725140001E+000                  1.1353845943401803E+001                  7.5580000000000003E-001                  2.4280000000000002E-001                  1.3999999999999568E-003                  1.7556820938052028E-012                  0.0000000000000000E+000                  0.0000000000000000E+000                                        0                 -9.8999999999999986E+001                 -9.9000000000000000E+001                 -9.9000000000000000E+001 
                                     467                  2.7602811791085440E+000                  1.0309259066367424E+000                  5.9865052455683747E+000                 -2.7729440091278534E+000                  1.1362680832536865E+001                  7.5580000000000003E-001                  2.4280000000000002E-001                  1.3999999999999568E-003                  1.9030954535815124E-012                  0.0000000000000000E+000                  0.0000000000000000E+000                                        0                 -9.8999999999999986E+001                 -9.9000000000000000E+001                 -9.9000000000000000E+001 
                                     468                  2.7352393460836195E+000                  1.0284579161657164E+000                  5.9891834579672327E+000                 -2.7667963716202664E+000                  1.1371527137364513E+001                  7.5580000000000003E-001                  2.4280000000000002E-001                  1.3999999999999568E-003                  2.0620166235115553E-012                  0.0000000000000000E+000                  0.0000000000000000E+000                                        0                 -9.8999999999999986E+001                 -9.9000000000000000E+001                 -9.9000000000000000E+001 
                                     469                  2.7099964933707463E+000                  1.0259626728968489E+000                  5.9918488232151583E+000                 -2.7606238792471309E+000                  1.1380384839539216E+001                  7.5580000000000003E-001                  2.4280000000000002E-001                  1.3999999999999568E-003                  2.2333108319272361E-012                  0.0000000000000000E+000                  0.0000000000000000E+000                                        0                 -9.8999999999999986E+001                 -9.9000000000000000E+001                 -9.9000000000000000E+001 
                                     470                  2.6845528149984195E+000                  1.0234397206095236E+000                  5.9945020684532242E+000                 -2.7544273068532430E+000                  1.1389253916436767E+001                  7.5580000000000003E-001                  2.4280000000000002E-001                  1.3999999999999568E-003                  2.4179069524567236E-012                  0.0000000000000000E+000                  0.0000000000000000E+000                                        0                 -9.8999999999999986E+001                 -9.9000000000000000E+001                 -9.9000000000000000E+001 
                                     471                  2.6589085649815001E+000                  1.0208885847993776E+000                  5.9971438768255316E+000                 -2.7482073880977049E+000                  1.1398134341353863E+001                  7.5580000000000003E-001                  2.4280000000000002E-001                  1.3999999999999568E-003                  2.6168020919225554E-012                  0.0000000000000000E+000                  0.0000000000000000E+000                                        0                 -9.8999999999999986E+001                 -9.9000000000000000E+001                 -9.9000000000000000E+001 
                                     472                  2.6330640594497683E+000                  1.0183087720714785E+000                  5.9997748905097001E+000                 -2.7419648183696208E+000                  1.1407026083695923E+001                  7.5580000000000003E-001                  2.4280000000000002E-001                  1.3999999999999568E-003                  2.8310665011668178E-012                  1.0063680751242516E-039                  0.0000000000000000E+000                                        0                 -9.8999999999999986E+001                 -9.9000000000000000E+001                 -9.9000000000000000E+001 
                                     473                  2.6070196788491820E+000                  1.0156997694866556E+000                  6.0023957137324624E+000                 -2.7357002577120650E+000                  1.1415929109153302E+001                  7.5580000000000003E-001                  2.4280000000000002E-001                  1.3999999999999568E-003                  3.0618488463649448E-012                  2.8033514343571230E-039                  0.0000000000000000E+000                                        0                 -9.8999999999999986E+001                 -9.9000000000000000E+001                 -9.9000000000000000E+001 
                                     474                  2.5807758702189951E+000                  1.0130610438574228E+000                  6.0050069169038531E+000                 -2.7294143349501723E+000                  1.1424843379866722E+001                  7.5580000000000003E-001                  2.4280000000000002E-001                  1.3999999999999568E-003                  3.3103819547522021E-012                  3.7242733259220051E-039                  0.0000000000000000E+000                                        0                 -9.8999999999999986E+001                 -9.9000000000000000E+001                 -9.9000000000000000E+001 
                                     475                  2.5543331495481216E+000                  1.0103920409823333E+000                  6.0076090406054687E+000                 -2.7231076516351806E+000                  1.1433768854582874E+001                  7.5580000000000003E-001                  2.4280000000000002E-001                  1.3999999999999568E-003                  3.5779890155274689E-012                  4.9406482789684619E-039                  0.0000000000000000E+000                                        0                 -9.8999999999999986E+001                 -9.9000000000000000E+001                 -9.9000000000000000E+001 
                                     476                  2.5276921042163862E+000                  1.0076921848153808E+000                  6.0102025978841729E+000                 -2.7167807842434670E+000                  1.1442705488801954E+001                  7.5580000000000003E-001                  2.4280000000000002E-001                  1.3999999999999568E-003                  3.8660901470791681E-012                  6.5453054662424433E-039                  0.0000000000000000E+000                                        0                 -9.8999999999999986E+001                 -9.9000000000000000E+001                 -9.9000000000000000E+001 
                                     477                  2.5008533955204975E+000                  1.0049608765761957E+000                  6.0127880759338144E+000                 -2.7104342857572474E+000                  1.1451653234918364E+001                  7.5580000000000003E-001                  2.4280000000000002E-001                  1.3999999999999568E-003                  4.1762094035839729E-012                  8.6597102914700511E-039                  0.0000000000000000E+000                                        0                 -9.8999999999999986E+001                 -9.9000000000000000E+001                 -9.9000000000000000E+001 
                                     478                  2.4738177612887404E+000                  1.0021974938005855E+000                  6.0153659376604454E+000                 -2.7040686871332906E+000                  1.1460612042354850E+001                  7.5580000000000003E-001                  2.4280000000000002E-001                  1.3999999999999568E-003                  4.5099822828181867E-012                  1.1442657231899415E-038                  0.0000000000000000E+000                                        0                 -9.8999999999999986E+001                 -9.9000000000000000E+001                 -9.9000000000000000E+001 
                                     479                  2.4465860185895560E+000                  9.9940138932783462E-001                  6.0179366231416251E+000                 -2.6976844986703141E+000                  1.1469581857690025E+001                  7.5580000000000003E-001                  2.4280000000000002E-001                  1.3999999999999568E-003                  4.8691637708983066E-012                  1.5101564638963971E-038                  0.0000000000000000E+000                                        0                 -9.8999999999999986E+001                 -9.9000000000000000E+001                 -9.9000000000000000E+001 
                                     480                  2.4191590665384020E+000                  9.9657189022077641E-001                  6.0205005509877836E+000                 -2.6912822112828048E+000                  1.1478562624779777E+001                  7.5580000000000003E-001                  2.4280000000000002E-001                  1.3999999999999568E-003                  5.2556369618208309E-012                  1.9907140641217078E-038                  0.0000000000000000E+000                                        0                 -9.8999999999999986E+001                 -9.9000000000000000E+001                 -9.9000000000000000E+001 
                                     481                  2.3915378892076844E+000                  9.9370829661417859E-001                  6.0230581196092130E+000                 -2.6848622976839325E+000                  1.1487554284873246E+001                  7.5580000000000003E-001                  2.4280000000000002E-001                  1.3999999999999568E-003                  5.6714222920574507E-012                  2.6212414265516353E-038                  0.0000000000000000E+000                                        0                 -9.8999999999999986E+001                 -9.9000000000000000E+001                 -9.9000000000000000E+001 
                                     482                  2.3637235586406828E+000                  9.9080988048627439E-001                  6.0256097083935440E+000                 -2.6784252134823099E+000                  1.1496556776724150E+001                  7.5580000000000003E-001                  2.4280000000000002E-001                  1.3999999999999568E-003                  6.1186874333314841E-012                  3.4477416047451517E-038                  0.0000000000000000E+000                                        0                 -9.8999999999999986E+001                 -9.9000000000000000E+001                 -9.9000000000000000E+001 
                                     483                  2.3357172379765814E+000                  9.8787588434835083E-001                  6.0281556788010153E+000                 -2.6719713982005260E+000                  1.1505570036696302E+001                  7.5580000000000003E-001                  2.4280000000000002E-001                  1.3999999999999568E-003                  6.5997578897608475E-012                  4.5301165881262684E-038                  0.0000000000000000E+000                                        0                 -9.8999999999999986E+001                 -9.9000000000000000E+001                 -9.9000000000000000E+001 
                                     484                  2.3075201846975677E+000                  9.8490551984725194E-001                  6.0306963753839105E+000                 -2.6655012762214541E+000                  1.1514593998863406E+001                  7.5580000000000003E-001                  2.4280000000000002E-001                  1.3999999999999568E-003                  7.1171283489415435E-012                  5.9463107848641515E-038                  0.0000000000000000E+000                                        0                 -9.8999999999999986E+001                 -9.9000000000000000E+001                 -9.9000000000000000E+001 
                                     485                  2.2791337540002830E+000                  9.8189796627413994E-001                  6.0332321267362374E+000                 -2.6590152576682113E+000                  1.1523628595103823E+001                  7.5580000000000003E-001                  2.4280000000000002E-001                  1.3999999999999568E-003                  7.6734748400433711E-012                  7.7976752260744870E-038                  0.0000000000000000E+000                                        0                 -9.8999999999999986E+001                 -9.9000000000000000E+001                 -9.9000000000000000E+001 
                                     486                  2.2505594022973692E+000                  9.7885236897258254E-001                  6.0357632463789663E+000                 -2.6525137392228535E+000                  1.1532673755190737E+001                  7.5580000000000003E-001                  2.4280000000000002E-001                  1.3999999999999568E-003                  8.2716677554607774E-012                  1.0215908357079500E-037                  0.0000000000000000E+000                                        0                 -9.8999999999999986E+001                 -9.9000000000000000E+001                 -9.9000000000000000E+001 
                                     487                  2.2217986908560321E+000                  9.7576783763848618E-001                  6.0382900335857910E+000                 -2.6459971048885405E+000                  1.1541729406877954E+001                  7.5580000000000003E-001                  2.4280000000000002E-001                  1.3999999999999568E-003                  8.9147857965467954E-012                  1.3372032064330760E-037                  0.0000000000000000E+000                                        0                 -9.8999999999999986E+001                 -9.9000000000000000E+001                 -9.9000000000000000E+001 
                                     488                  2.1928532895781045E+000                  9.7264344450329765E-001                  6.0408127741541193E+000                 -2.6394657266982997E+000                  1.1550795475982946E+001                  7.5580000000000003E-001                  2.4280000000000002E-001                  1.3999999999999568E-003                  9.6061309081995624E-012                  1.7487993792741088E-037                  0.0000000000000000E+000                                        0                 -9.8999999999999986E+001                 -9.9000000000000000E+001                 -9.9000000000000000E+001 
                                     489                  2.1637249809235830E+000                  9.6947822239085790E-001                  6.0433317411250034E+000                 -2.6329199653654700E+000                  1.1559871886465842E+001                  7.5580000000000003E-001                  2.4280000000000002E-001                  1.3999999999999568E-003                  1.0349244271606215E-011                  2.2851655606435230E-037                  0.0000000000000000E+000                                        0                 -9.8999999999999986E+001                 -9.9000000000000000E+001                 -9.9000000000000000E+001 
                                     490                  2.1344156639994343E+000                  9.6627116263947299E-001                  6.0458471954554183E+000                 -2.6263601708955142E+000                  1.1568958560502946E+001                  7.5580000000000003E-001                  2.4280000000000002E-001                  1.3999999999999568E-003                  1.1147923428652504E-011                  2.9836149556452004E-037                  0.0000000000000000E+000                                        0                 -9.8999999999999986E+001                 -9.9000000000000000E+001                 -9.9000000000000000E+001 
                                     491                  2.1049273588182325E+000                  9.6302121287783371E-001                  6.0483593866464718E+000                 -2.6197866831784000E+000                  1.1578055418555849E+001                  7.5580000000000003E-001                  2.4280000000000002E-001                  1.3999999999999568E-003                  1.2006240616440795E-011                  3.8924859484119887E-037                  0.0000000000000000E+000                                        0                 -9.8999999999999986E+001                 -9.9000000000000000E+001                 -9.9000000000000000E+001 
                                     492                  2.0752622107336229E+000                  9.5972727464244523E-001                  6.0508685533465041E+000                 -2.6131998325453978E+000                  1.1587162379436553E+001                  7.5580000000000003E-001                  2.4280000000000002E-001                  1.3999999999999568E-003                  1.2928562401274152E-011                  5.0743650095984037E-037                  0.0000000000000000E+000                                        0                 -9.8999999999999986E+001                 -9.9000000000000000E+001                 -9.9000000000000000E+001 
                                     493                  2.0454224950624926E+000                  9.5638820082324771E-001                  6.0533749247750679E+000                 -2.6065999411880321E+000                  1.1596279360368664E+001                  7.5580000000000003E-001                  2.4280000000000002E-001                  1.3999999999999568E-003                  1.3919570949907319E-011                  6.6102432657976650E-037                  0.0000000000000000E+000                                        0                 -9.8999999999999986E+001                 -9.9000000000000000E+001                 -9.9000000000000000E+001 
                                     494                  2.0154106219043637E+000                  9.5300279291585988E-001                  6.0558787233440672E+000                 -2.5999873258321449E+000                  1.1605406277047344E+001                  7.5580000000000003E-001                  2.4280000000000002E-001                  1.3999999999999568E-003                  1.4984287281481293E-011                  8.6048760175037935E-037                  0.0000000000000000E+000                                        0                 -9.8999999999999986E+001                 -9.9000000000000000E+001                 -9.9000000000000000E+001 
                                     495                  1.9852291411553429E+000                  9.4956979805162312E-001                  6.0583801663952537E+000                 -2.5933622994890189E+000                  1.1614543043699166E+001                  7.5580000000000003E-001                  2.4280000000000002E-001                  1.3999999999999568E-003                  1.6128096130585623E-011                  1.1193690210734221E-036                  0.0000000000000000E+000                                        0                 -9.8999999999999986E+001                 -9.9000000000000000E+001                 -9.9000000000000000E+001 
                                     496                  1.9548807477451779E+000                  9.4608790579477875E-001                  6.0608794665633035E+000                 -2.5867251717713504E+000                  1.1623689573139513E+001                  7.5580000000000003E-001                  2.4280000000000002E-001                  1.3999999999999568E-003                  1.7356772282304190E-011                  1.4551682889600849E-036                  0.0000000000000000E+000                                        0                 -9.8999999999999986E+001                 -9.9000000000000000E+001                 -9.9000000000000000E+001 
                                     497                  1.9243682871163890E+000                  9.4255574469795123E-001                  6.0633768320277417E+000                 -2.5800762490823823E+000                  1.1632845776828020E+001                  7.5580000000000003E-001                  2.4280000000000002E-001                  1.3999999999999568E-003                  1.8676508795193600E-011                  1.8904881182475368E-036                  0.0000000000000000E+000                                        0                 -9.8999999999999986E+001                 -9.9000000000000000E+001                 -9.9000000000000000E+001 
                                     498                  1.8936947609513879E+000                  9.3897187859384557E-001                  6.0658724667671668E+000                 -2.5734158348153358E+000                  1.1642011564923518E+001                  7.5580000000000003E-001                  2.4280000000000002E-001                  1.3999999999999568E-003                  2.0093947282866514E-011                  2.4545096553921114E-036                  0.0000000000000000E+000                                        0                 -9.8999999999999986E+001                 -9.9000000000000000E+001                 -9.9000000000000000E+001 
                                     499                  1.8628633331623283E+000                  9.3533480259851209E-001                  6.0683665708160595E+000                 -2.5667442295808383E+000                  1.1651186846338621E+001                  7.5580000000000003E-001                  2.4280000000000002E-001                  1.3999999999999568E-003                  2.1616210406998438E-011                  3.1848914532573350E-036                  0.0000000000000000E+000                                        0                 -9.8999999999999986E+001                 -9.9000000000000000E+001                 -9.9000000000000000E+001 
                                     500                  1.8318773361602554E+000                  9.3164293879862747E-001                  6.0708593405201805E+000                 -2.5600617314165386E+000                  1.1660371528794149E+001                  7.5580000000000003E-001                  2.4280000000000002E-001                  1.3999999999999568E-003                  2.3250936747186461E-011                  4.1302128764926315E-036                  0.0000000000000000E+000                                        0                 -9.8999999999999986E+001                 -9.9000000000000000E+001                 -9.9000000000000000E+001 
                                     501                  1.8007402774201409E+000                  9.2789463159251195E-001                  6.0733509687862579E+000                 -2.5533686359893104E+000                  1.1669565518873808E+001                  7.5580000000000003E-001                  2.4280000000000002E-001                  1.3999999999999568E-003                  2.5006318222724164E-011                  5.3531171723321433E-036                  0.0000000000000000E+000                                        0                 -9.8999999999999986E+001                 -9.9000000000000000E+001                 -9.9000000000000000E+001 
                                     502                  1.7694558463611956E+000                  9.2408814265113459E-001                  6.0758416453258670E+000                 -2.5466652367916454E+000                  1.1678768722078807E+001                  7.5580000000000003E-001                  2.4280000000000002E-001                  1.3999999999999568E-003                  2.6891140256613365E-011                  6.9343535184443911E-036                  0.0000000000000000E+000                                        0                 -9.8999999999999986E+001                 -9.9000000000000000E+001                 -9.9000000000000000E+001 
                                     503                  1.7380279215650276E+000                  9.2022164546172946E-001                  6.0783315568947085E+000                 -2.5399518253334237E+000                  1.1687981042882621E+001                  7.5580000000000003E-001                  2.4280000000000002E-001                  1.3999999999999568E-003                  2.8914824887563517E-011                  8.9779739201718773E-036                  0.0000000000000000E+000                                        0                 -9.8999999999999986E+001                 -9.9000000000000000E+001                 -9.9000000000000000E+001 
                                     504                  1.7064605783529356E+000                  9.1629321941172492E-001                  6.0808208875285343E+000                 -2.5332286913298101E+000                  1.1697202384786282E+001                  7.5580000000000003E-001                  2.4280000000000002E-001                  1.3999999999999568E-003                  3.1087477051999123E-011                  1.1618013401981992E-035                  0.0000000000000000E+000                                        0                 -9.8999999999999986E+001                 -9.9000000000000000E+001                 -9.9000000000000000E+001 
                                     505                  1.6747580967466116E+000                  9.1230084336591233E-001                  6.0833098187769536E+000                 -2.5264961228787177E+000                  1.1706432650374506E+001                  7.5580000000000003E-001                  2.4280000000000002E-001                  1.3999999999999568E-003                  3.3419934276253987E-011                  1.5027075051114893E-035                  0.0000000000000000E+000                                        0                 -9.8999999999999986E+001                 -9.9000000000000000E+001                 -9.9000000000000000E+001 
                                     506                  1.6429249698379877E+000                  9.0824238868386686E-001                  6.0857985299362340E+000                 -2.5197544066398234E+000                  1.1715671741372486E+001                  7.5580000000000003E-001                  2.4280000000000002E-001                  1.3999999999999568E-003                  3.5923820036990915E-011                  1.9427360934690232E-035                  0.0000000000000000E+000                                        0                 -9.8999999999999986E+001                 -9.9000000000000000E+001                 -9.9000000000000000E+001 
                                     507                  1.6109659126014866E+000                  9.0411561161874476E-001                  6.0882871982811286E+000                 -2.5130038280322529E+000                  1.1724919558698948E+001                  7.5580000000000003E-001                  2.4280000000000002E-001                  1.3999999999999568E-003                  3.8611601066775231E-011                  2.5104843177674205E-035                  0.0000000000000000E+000                                        0                 -9.8999999999999986E+001                 -9.9000000000000000E+001                 -9.9000000000000000E+001 
                                     508                  1.5788858712086753E+000                  8.9991814503408729E-001                  6.0907759992978328E+000                 -2.5062446714241013E+000                  1.1734176002518920E+001                  7.5580000000000003E-001                  2.4280000000000002E-001                  1.3999999999999568E-003                  4.1496648909055346E-011                  3.2427466134518603E-035                  0.0000000000000000E+000                                        0                 -9.8999999999999986E+001                 -9.9000000000000000E+001                 -9.9000000000000000E+001 
                                     509                  1.5466900328295188E+000                  8.9564748935685157E-001                  6.0932651069213168E+000                 -2.4994772203187630E+000                  1.1743440972303400E+001                  7.5580000000000003E-001                  2.4280000000000002E-001                  1.3999999999999568E-003                  4.4593306050995911E-011                  4.1868522891610792E-035                  0.0000000000000000E+000                                        0                 -9.8999999999999986E+001                 -9.9000000000000000E+001                 -9.9000000000000000E+001 
                                     510                  1.5143838359620450E+000                  8.9130100268154100E-001                  6.0957546937779492E+000                 -2.4927017575422181E+000                  1.1752714366893795E+001                  7.5580000000000003E-001                  2.4280000000000002E-001                  1.3999999999999568E-003                  4.7916956988074029E-011                  5.4036673062555823E-035                  0.0000000000000000E+000                                        0                 -9.8999999999999986E+001                 -9.9000000000000000E+001                 -9.9000000000000000E+001 
                                     511                  1.4819729813449563E+000                  8.8687588993012834E-001                  6.0982449314345386E+000                 -2.4859185654338347E+000                  1.1761996084569752E+001                  7.5580000000000003E-001                  2.4280000000000002E-001                  1.3999999999999568E-003                  5.1484104604024735E-011                  6.9714484239662779E-035                  0.0000000000000000E+000                                        0                 -9.8999999999999986E+001                 -9.9000000000000000E+001                 -9.9000000000000000E+001 
                                     512                  1.4494634434987743E+000                  8.8236919095768318E-001                  6.1007359906316205E+000                 -2.4791279260167109E+000                  1.1771286023121124E+001                  7.5580000000000003E-001                  2.4280000000000002E-001                  1.3999999999999568E-003                  5.5312452256296905E-011                  8.9907912354794174E-035                  0.0000000000000000E+000                                        0                 -9.8999999999999986E+001                 -9.9000000000000000E+001                 -9.9000000000000000E+001 
                                     513                  1.4168614829444037E+000                  8.7777776747835290E-001                  6.1032280395881715E+000                 -2.4723301191433653E+000                  1.1780584079922594E+001                  7.5580000000000003E-001                  2.4280000000000002E-001                  1.3999999999999568E-003                  5.9420989730142060E-011                  1.1590979957986359E-034                  0.0000000000000000E+000                                        0                 -9.8999999999999986E+001                 -9.9000000000000000E+001                 -9.9000000000000000E+001 
                                     514                  1.3841736591712481E+000                  8.7309828869323369E-001                  6.1057212390463498E+000                 -2.4655254172240548E+000                  1.1789890152009209E+001                  7.5580000000000003E-001                  2.4280000000000002E-001                  1.3999999999999568E-003                  6.3830080693956488E-011                  1.4938130704489730E-034                  0.0000000000000000E+000                                        0                 -9.8999999999999986E+001                 -9.9000000000000000E+001                 -9.9000000000000000E+001 
                                     515                  1.3514068444037028E+000                  8.6832721549638281E-001                  6.1082157390560887E+000                 -2.4587140817790503E+000                  1.1799204136153014E+001                  7.5580000000000003E-001                  2.4280000000000002E-001                  1.3999999999999568E-003                  6.8561556674109432E-011                  1.9245634992003502E-034                  0.0000000000000000E+000                                        0                 -9.8999999999999986E+001                 -9.9000000000000000E+001                 -9.9000000000000000E+001 
                                     516                  1.3185682382131640E+000                  8.6346078305726826E-001                  6.1107116791732761E+000                 -2.4518963635666400E+000                  1.1808525928938414E+001                  7.5580000000000003E-001                  2.4280000000000002E-001                  1.3999999999999568E-003                  7.3638821020782643E-011                  2.4787554707282472E-034                  0.0000000000000000E+000                                        0                 -9.8999999999999986E+001                 -9.9000000000000000E+001                 -9.9000000000000000E+001 
                                     517                  1.2856653830654718E+000                  8.5849498153221671E-001                  6.1132091889331841E+000                 -2.4450725030034364E+000                  1.1817855426833603E+001                  7.5580000000000003E-001                  2.4280000000000002E-001                  1.3999999999999568E-003                  7.9086960440089410E-011                  3.1915796973431722E-034                  0.0000000000000000E+000                                        0                 -9.8999999999999986E+001                 -9.9000000000000000E+001                 -9.9000000000000000E+001 
                                     518                  1.2527061808885995E+000                  8.5342553465526250E-001                  6.1157083882557668E+000                 -2.4382427305175725E+000                  1.1827192526258031E+001                  7.5580000000000003E-001                  2.4280000000000002E-001                  1.3999999999999568E-003                  8.4932864197063784E-011                  4.1082130655941734E-034                  0.0000000000000000E+000                                        0                 -9.8999999999999986E+001                 -9.9000000000000000E+001                 -9.9000000000000000E+001 
                                     519                  1.2196989107542988E+000                  8.4824787592369510E-001                  6.1182093877842041E+000                 -2.4314072668357105E+000                  1.1836537123646423E+001                  7.5580000000000003E-001                  2.4280000000000002E-001                  1.3999999999999568E-003                  9.1205351474262763E-011                  5.2866403438412264E-034                  0.0000000000000000E+000                                        0                 -9.8999999999999986E+001                 -9.9000000000000000E+001                 -9.9000000000000000E+001 
                                     520                  1.1866522477730495E+000                  8.4295712204704965E-001                  6.1207122891763079E+000                 -2.4245663232220340E+000                  1.1845889115511573E+001                  7.5580000000000003E-001                  2.4280000000000002E-001                  1.3999999999999568E-003                  9.7935307429779703E-011                  6.8012698052711897E-034                  0.0000000000000000E+000                                        0                 -9.8999999999999986E+001                 -9.9000000000000000E+001                 -9.9000000000000000E+001 
                                     521                  1.1535752833080994E+000                  8.3754804327249943E-001                  6.1232171853707644E+000                 -2.4177201016972432E+000                  1.1855248398503383E+001                  7.5580000000000003E-001                  2.4280000000000002E-001                  1.3999999999999568E-003                  1.0515582854532944E-010                  8.7475651430969130E-034                  0.0000000000000000E+000                                        0                 -9.8999999999999986E+001                 -9.9000000000000000E+001                 -9.9000000000000000E+001 
                                     522                  1.1204775466684449E+000                  8.3201503014075306E-001                  6.1257241608328608E+000                 -2.4108687952423598E+000                  1.1864614869460972E+001                  7.5580000000000003E-001                  2.4280000000000002E-001                  1.3999999999999568E-003                  1.1290237786971977E-010                  1.1247978029246074E-033                  0.0000000000000000E+000                                        0                 -9.8999999999999986E+001                 -9.9000000000000000E+001                 -9.9000000000000000E+001 
                                     523                  1.0873690284211073E+000                  8.2635205614337359E-001                  6.1282332917803322E+000                 -2.4040125879816490E+000                  1.1873988425459421E+001                  7.5580000000000003E-001                  2.4280000000000002E-001                  1.3999999999999568E-003                  1.2121295079383360E-010                  1.4459544815879626E-033                  0.0000000000000000E+000                                        0                 -9.8999999999999986E+001                 -9.9000000000000000E+001                 -9.9000000000000000E+001 
                                     524                  1.0542602054856993E+000                  8.2055263565947301E-001                  6.1307446463889370E+000                 -2.3971516553531123E+000                  1.1883368963851444E+001                  7.5580000000000003E-001                  2.4280000000000002E-001                  1.3999999999999568E-003                  1.3012825202319305E-010                  1.8583611924399818E-033                  0.0000000000000000E+000                                        0                 -9.8999999999999986E+001                 -9.9000000000000000E+001                 -9.9000000000000000E+001 
                                     525                  1.0211620682014335E+000                  8.1460977643753818E-001                  6.1332582849775124E+000                 -2.3902861642636393E+000                  1.1892756382303455E+001                  7.5580000000000003E-001                  2.4280000000000002E-001                  1.3999999999999568E-003                  1.3969188445295422E-010                  2.3878283424694465E-033                  0.0000000000000000E+000                                        0                 -9.8999999999999986E+001                 -9.9000000000000000E+001                 -9.9000000000000000E+001 
                                     526                  9.8808614958317420E-001                  8.0851592575140596E-001                  6.1357742601727585E+000                 -2.3834162732268283E+000                  1.1902150578827872E+001                  7.5580000000000003E-001                  2.4280000000000002E-001                  1.3999999999999568E-003                  1.4995055068932763E-010                  3.0674348830425969E-033                  0.0000000000000000E+000                                        0                 -9.8999999999999986E+001                 -9.9000000000000000E+001                 -9.9000000000000000E+001 
                                     527                  9.5504455699677915E-001                  8.0226290918942167E-001                  6.1382926170528318E+000                 -2.3765421324833578E+000                  1.1911551451810718E+001                  7.5580000000000003E-001                  2.4280000000000002E-001                  1.3999999999999568E-003                  1.6095426799616473E-010                  3.9395658949432714E-033                  0.0000000000000000E+000                                        0                 -9.8999999999999986E+001                 -9.9000000000000000E+001                 -9.9000000000000000E+001 
                                     528                  9.2205000655582425E-001                  7.9584186083791542E-001                  6.1408133932667708E+000                 -2.3696638841061501E+000                  1.1920958900029330E+001                  7.5580000000000003E-001                  2.4280000000000002E-001                  1.3999999999999568E-003                  1.7275659747492451E-010                  5.0585185087569098E-033                  0.0000000000000000E+000                                        0                 -9.8999999999999986E+001                 -9.9000000000000000E+001                 -9.9000000000000000E+001 
                                     529                  8.8911586057599168E-001                  7.8924314336759838E-001                  6.1433366191284442E+000                 -2.3627816620940991E+000                  1.1930372822659359E+001                  7.5580000000000003E-001                  2.4280000000000002E-001                  1.3999999999999568E-003                  1.8541488832577354E-010                  6.4938337718025269E-033                  0.0000000000000000E+000                                        0                 -9.8999999999999986E+001                 -9.9000000000000000E+001                 -9.9000000000000000E+001 
                                     530                  8.5625616845140218E-001                  7.8245625621581250E-001                  6.1458623176836751E+000                 -2.3558955924464207E+000                  1.1939793119271183E+001                  7.5580000000000003E-001                  2.4280000000000002E-001                  1.3999999999999568E-003                  1.9899053807821408E-010                  8.3345554814734479E-033                  0.0000000000000000E+000                                        0                 -9.8999999999999986E+001                 -9.9000000000000000E+001                 -9.9000000000000000E+001 
                                     531                  8.2348571138846938E-001                  7.7546972967166272E-001                  6.1483905047477059E+000                 -2.3490057932088813E+000                  1.1949219689814193E+001                  7.5580000000000003E-001                  2.4280000000000002E-001                  1.3999999999999568E-003                  2.1354926971026529E-010                  1.0694672266188643E-032                  0.0000000000000000E+000                                        0                 -9.8999999999999986E+001                 -9.9000000000000000E+001                 -9.9000000000000000E+001 
                                     532                  7.9082005150528911E-001                  7.6827100218488842E-001                  6.1509211889466719E+000                 -2.3421123745452137E+000                  1.1958652434586442E+001                  7.5580000000000003E-001                  2.4280000000000002E-001                  1.3999999999999568E-003                  2.2916142675570148E-010                  1.3720069555340425E-032                  0.0000000000000000E+000                                        0                 -9.8999999999999986E+001                 -9.9000000000000000E+001                 -9.9000000000000000E+001 
                                     533                  7.5827558589082156E-001                  7.6084627760491186E-001                  6.1534543736066292E+000                 -2.3352154407648622E+000                  1.1968091254186950E+001                  7.5580000000000003E-001                  2.4280000000000002E-001                  1.3999999999999568E-003                  2.4590229612300205E-010                  1.7597410445447777E-032                  0.0000000000000000E+000                                        0                 -9.8999999999999986E+001                 -9.9000000000000000E+001                 -9.9000000000000000E+001 
                                     534                  7.2586960632304531E-001                  7.5318035824151885E-001                  6.1559900612414928E+000                 -2.3283150950965239E+000                  1.1977536049449711E+001                  7.5580000000000003E-001                  2.4280000000000002E-001                  1.3999999999999568E-003                  2.6385246779210348E-010                  2.2565482518512108E-032                  0.0000000000000000E+000                                        0                 -9.8999999999999986E+001                 -9.9000000000000000E+001                 -9.9000000000000000E+001 
                                     535                  6.9362036547349148E-001                  7.4525644861543483E-001                  6.1585282562637245E+000                 -2.3214114426138277E+000                  1.1986986721362946E+001                  7.5580000000000003E-001                  2.4280000000000002E-001                  1.3999999999999568E-003                  2.8309821633731525E-010                  2.8929688745135582E-032                  0.0000000000000000E+000                                        0                 -9.8999999999999986E+001                 -9.9000000000000000E+001                 -9.9000000000000000E+001 
                                     536                  6.6154715058019031E-001                  7.3705592354895821E-001                  6.1610689649551524E+000                 -2.3145045903012433E+000                  1.1996443170974707E+001                  7.5580000000000003E-001                  2.4280000000000002E-001                  1.3999999999999568E-003                  3.0373189763807988E-010                  3.7080545196150999E-032                  0.0000000000000000E+000                                        0                 -9.8999999999999986E+001                 -9.9000000000000000E+001                 -9.9000000000000000E+001 
                                     537                  6.2967036576400115E-001                  7.2855805259436957E-001                  6.1636121952693665E+000                 -2.3075946469665598E+000                  1.2005905299281215E+001                  7.5580000000000003E-001                  2.4280000000000004E-001                  1.3999999999999568E-003                  3.2585237197862314E-010                  4.7517291228529123E-032                  0.0000000000000000E+000                                        0                 -9.8999999999999986E+001                 -9.9000000000000000E+001                 -9.9000000000000000E+001 
                                     538                  5.9801162440276934E-001                  7.1973967055144616E-001                  6.1661579566887736E+000                 -2.3006817232288137E+000                  1.2015373007092752E+001                  7.5580000000000003E-001                  2.4280000000000004E-001                  1.3999999999999568E-003                  3.4956545637584701E-010                  6.0878019062349893E-032                  0.0000000000000000E+000                                        0                 -9.8999999999999986E+001                 -9.9000000000000000E+001                 -9.9000000000000000E+001 
                                     539                  5.6659385327755019E-001                  7.1057478089838944E-001                  6.1687062601392251E+000                 -2.2937659315889687E+000                  1.2024846194869074E+001                  7.5580000000000003E-001                  2.4280000000000004E-001                  1.3999999999999568E-003                  3.7498440822865986E-010                  7.7978115097747738E-032                  0.0000000000000000E+000                                        0                 -9.8999999999999986E+001                 -9.9000000000000000E+001                 -9.9000000000000000E+001 
                                     540                  5.3544141059136940E-001                  7.0103407504608117E-001                  6.1712571179308950E+000                 -2.2868473865743129E+000                  1.2034324762515805E+001                  7.5580000000000003E-001                  2.4280000000000004E-001                  1.3999999999999568E-003                  4.0223044227772294E-010                  9.9859295724001664E-032                  0.0000000000000000E+000                                        0                 -9.8999999999999986E+001                 -9.9000000000000000E+001                 -9.9000000000000000E+001 
                                     541                  5.0458022042513928E-001                  6.9108434501418847E-001                  6.1738105436879511E+000                 -2.2799262049214990E+000                  1.2043808609131506E+001                  7.5580000000000003E-001                  2.4280000000000004E-001                  1.3999999999999568E-003                  4.3143328287107050E-010                  1.2785214437454590E-031                  0.0000000000000000E+000                                        0                 -9.8999999999999986E+001                 -9.9000000000000000E+001                 -9.9000000000000000E+001 
                                     542                  4.7403792682467144E-001                  6.8068775985297481E-001                  6.1763665522563249E+000                 -2.2730025058037828E+000                  1.2053297632688400E+001                  7.5580000000000003E-001                  2.4280000000000004E-001                  1.3999999999999568E-003                  4.6273175374302133E-010                  1.6365585053525250E-031                  0.0000000000000000E+000                                        0                 -9.8999999999999986E+001                 -9.9000000000000000E+001                 -9.9000000000000000E+001 
                                     543                  4.4384407152817468E-001                  6.6980096602577499E-001                  6.1789251595833505E+000                 -2.2660764111205820E+000                  1.2062791729622383E+001                  7.5580000000000003E-001                  2.4280000000000004E-001                  1.3999999999999568E-003                  4.9627440762031799E-010                  2.0943986109188348E-031                  0.0000000000000000E+000                                        0                 -9.8999999999999986E+001                 -9.9000000000000000E+001                 -9.9000000000000000E+001 
                                     544                  4.1403030040215361E-001                  6.5837395771458096E-001                  6.1814863825590374E+000                 -2.2591480458730451E+000                  1.2072290794298867E+001                  7.5580000000000003E-001                  2.4280000000000004E-001                  1.3999999999999568E-003                  5.3222019799690420E-010                  2.6797343799288795E-031                  0.0000000000000000E+000                                        0                 -9.8999999999999986E+001                 -9.9000000000000000E+001                 -9.9000000000000000E+001 
                                     545                  3.8463060507035740E-001                  6.4634864260933989E-001                  6.1840502388054288E+000                 -2.2522175386681922E+000                  1.2081794718305511E+001                  7.5580000000000003E-001                  2.4280000000000004E-001                  1.3999999999999568E-003                  5.7073919539070156E-010                  3.4279074747662588E-031                  0.0000000000000000E+000                                        0                 -9.8999999999999986E+001                 -9.9000000000000000E+001                 -9.9000000000000000E+001 
                                     546                  3.5568160813689864E-001                  6.3365699903264294E-001                  6.1866167463939004E+000                 -2.2452850223853442E+000                  1.2091303389499934E+001                  7.5580000000000003E-001                  2.4280000000000004E-001                  1.3999999999999568E-003                  6.1201335030267973E-010                  4.3840117973685361E-031                  0.0000000000000000E+000                                        0                 -9.8999999999999986E+001                 -9.9000000000000000E+001                 -9.9000000000000000E+001 
                                     547                  3.2722290302873103E-001                  6.2021867616566939E-001                  6.1891859234587496E+000                 -2.2383506350845344E+000                  1.2100816690705566E+001                  7.5580000000000003E-001                  2.4280000000000004E-001                  1.3999999999999568E-003                  6.5623730475137917E-010                  5.6055722660777297E-031                  0.0000000000000000E+000                                        0                 -9.8999999999999986E+001                 -9.9000000000000000E+001                 -9.9000000000000000E+001 
                                     548                  2.9929746313788957E-001                  6.0593782234235749E-001                  6.1917577876574814E+000                 -2.2314145212845751E+000                  1.2110334497890362E+001                  7.5580000000000003E-001                  2.4280000000000007E-001                  1.3999999999998458E-003                  7.0361925360075036E-010                  7.1659557877657302E-031                  0.0000000000000000E+000                                        0                 -9.8999999999999986E+001                 -9.9000000000000000E+001                 -9.9000000000000000E+001 
                                     549                  2.7195214015763036E-001                  5.9069882280364483E-001                  6.1943323554007499E+000                 -2.2244768337888559E+000                  1.2119856677565846E+001                  7.5580000000000003E-001                  2.4280000000000007E-001                  1.3999999999998458E-003                  7.5438185577832311E-010                  9.1587133508864159E-031                  0.0000000000000000E+000                                        0                 -9.8999999999999986E+001                 -9.9000000000000000E+001                 -9.9000000000000000E+001 
                                     550                  2.4523827905452872E-001                  5.7436046345610448E-001                  6.1969096407280659E+000                 -2.2175377363599100E+000                  1.2129383082980375E+001                  7.5580000000000003E-001                  2.4280000000000007E-001                  1.3999999999998458E-003                  8.0876319331857298E-010                  1.1703105562733746E-030                  0.0000000000000000E+000                                        0                 -9.8999999999999986E+001                 -9.9000000000000000E+001                 -9.9000000000000000E+001 
                                     551                  2.1921248833233820E-001                  5.5674776700795003E-001                  6.1994896536215833E+000                 -2.2105974077491384E+000                  1.2138913548391123E+001                  7.5580000000000003E-001                  2.4280000000000007E-001                  1.3999999999998458E-003                  8.6701777220115518E-010                  1.4951131301919111E-030                  0.0000000000000000E+000                                        0                 -9.8999999999999986E+001                 -9.9000000000000000E+001                 -9.9000000000000000E+001 
                                     552                  1.9393762135157949E-001                  5.3764029002086644E-001                  6.2020723969724765E+000                 -2.2036560475224181E+000                  1.2148447880166298E+001                  7.5580000000000003E-001                  2.4280000000000007E-001                  1.3999999999998458E-003                  9.2941754425931157E-010                  1.9096462909710982E-030                  0.0000000000000000E+000                                        0                 -9.8999999999999986E+001                 -9.9000000000000000E+001                 -9.9000000000000000E+001 
                                     553                  1.6948405137708922E-001                  5.1675486320332875E-001                  6.2046578588398349E+000                 -2.1967138824634662E+000                  1.2157985842441708E+001                  7.5580000000000003E-001                  2.4280000000000007E-001                  1.3999999999998458E-003                  9.9625286943860587E-010                  2.4385790124669902E-030                  0.0000000000000000E+000                                        0                 -9.8999999999999986E+001                 -9.9000000000000000E+001                 -9.9000000000000000E+001 
                                     554                  1.4593136686879959E-001                  4.9371927282434924E-001                  6.2072460009302901E+000                 -2.1897711789370029E+000                  1.2167527132950953E+001                  7.5580000000000003E-001                  2.4280000000000010E-001                  1.3999999999998458E-003                  1.0678333742897944E-009                  3.1133201609161007E-030                  0.0000000000000000E+000                                        0                 -9.8999999999999986E+001                 -9.9000000000000000E+001                 -9.9000000000000000E+001 
                                     555                  1.2337068801234657E-001                  4.6803049952126707E-001                  6.2098367445567666E+000                 -2.1828282715986722E+000                  1.2177071340096413E+001                  7.5580000000000003E-001                  2.4280000000000010E-001                  1.3999999999998458E-003                  1.1444886465962298E-009                  3.9738386250292576E-030                  0.0000000000000000E+000                                        0                 -9.8999999999999986E+001                 -9.9000000000000000E+001                 -9.9000000000000000E+001 
                                     556                  1.0190793842924104E-001                  4.3898517296900708E-001                  6.2135978126055829E+000                 -2.1728086917432972E+000                  1.2190868090051286E+001                  7.5580000000000003E-001                  2.4280000000000010E-001                  1.3999999999998458E-003                  1.2652392153784804E-009                  5.6579274671529574E-030                  0.0000000000000000E+000                                        0                 -9.8999999999999986E+001                 -9.9000000000000000E+001                 -9.9000000000000000E+001 
                                     557                  6.2805445008935312E-002                  3.6610365845937154E-001                  6.2187636369901131E+000                 -2.1589851291620272E+000                  1.2209878879944887E+001                  7.5580000000000003E-001                  2.4280000000000013E-001                  1.3999999999998458E-003                  1.4517667745449529E-009                  9.1790084324883479E-030                  0.0000000000000000E+000                                        0                 -9.8999999999999986E+001                 -9.9000000000000000E+001                 -9.9000000000000000E+001 
                                     558                  3.0037271541095822E-002                  2.5642545144978568E-001                  6.2229340019462400E+000                 -2.1477932981223962E+000                  1.2225257999231820E+001                  7.5580000000000003E-001                  2.4280000000000013E-001                  1.3999999999998458E-003                  1.6218183915506824E-009                  1.3548688646557142E-029                  0.0000000000000000E+000                                        0                 -9.8999999999999986E+001                 -9.9000000000000000E+001                 -9.9000000000000000E+001 
                                     559                  1.6749050219669957E-002                  1.7044379857225175E-001                  6.2252621613499191E+000                 -2.1415855633176037E+000                  1.2233803867880455E+001                  7.5580000000000003E-001                  2.4280000000000015E-001                  1.3999999999998458E-003                  1.7248932277692737E-009                  1.6828130987880609E-029                  0.0000000000000000E+000                                        0                 -9.8999999999999986E+001                 -9.9000000000000000E+001                 -9.9000000000000000E+001 
                                     560                  8.6672391405501672E-003                  7.4010535078678857E-002                  6.2269397366478580E+000                 -2.1371179344197406E+000                  1.2239956336792320E+001                  7.5579999999999992E-001                  2.4280000000000015E-001                  1.3999999999999568E-003                  1.8030780813395566E-009                  1.9668164587396017E-029                  0.0000000000000000E+000                                        0                 -9.8999999999999986E+001                 -9.9000000000000000E+001                 -9.9000000000000000E+001 
                                     561                  4.3090456424521905E-003                 -2.7873734689950965E-002                  6.2280059264248964E+000                 -2.1342814009351647E+000                  1.2243863717777820E+001                  7.5579999999999992E-001                  2.4280000000000015E-001                  1.3999999999999568E-003                  1.8545430407415904E-009                  2.1715140682308810E-029                  0.0000000000000000E+000                                        0                 -9.8999999999999986E+001                 -9.9000000000000000E+001                 -9.9000000000000000E+001 
                                     562                  2.3772885310669161E-003                 -1.1436332052637968E-001                  6.2286440123038727E+000                 -2.1325862037248222E+000                  1.2246199820216329E+001                  7.5579999999999992E-001                  2.4280000000000015E-001                  1.3999999999999568E-003                  1.8860158755382683E-009                  2.3039754794807317E-029                  0.0000000000000000E+000                                        0                 -9.8999999999999986E+001                 -9.9000000000000000E+001                 -9.9000000000000000E+001 
                                     563                  1.2136582063676743E-003                 -2.1198303962062576E-001                  6.2290934409866994E+000                 -2.1313925462286756E+000                  1.2247844897135694E+001                  7.5579999999999969E-001                  2.4280000000000010E-001                  1.4000000000001789E-003                  1.9084942085763380E-009                  2.4020528344699431E-029                  0.0000000000000000E+000                                        0                 -9.8999999999999986E+001                 -9.9000000000000000E+001                 -9.9000000000000000E+001 
                                     564                  6.3184304401777585E-004                 -3.0665990148026251E-001                  6.2293724643984740E+000                 -2.1306517676481538E+000                  1.2248865939056115E+001                  7.5579999999999969E-001                  2.4280000000000010E-001                  1.4000000000001789E-003                  1.9225797002881427E-009                  2.4650140537170212E-029                  0.0000000000000000E+000                                        0                 -9.8999999999999986E+001                 -9.9000000000000000E+001                 -9.9000000000000000E+001 
                                     565                  3.4093546284310401E-004                 -3.9608382358510896E-001                  6.2295437110029654E+000                 -2.1301972371979323E+000                  1.2249492478628055E+001                  7.5579999999999969E-001                  2.4280000000000010E-001                  1.4000000000001789E-003                  1.9312741596121305E-009                  2.5044629356012358E-029                  0.0000000000000000E+000                                        0                 -9.8999999999999986E+001                 -9.9000000000000000E+001                 -9.9000000000000000E+001 
                                     566                  1.9548167225549059E-004                 -4.7667341126635066E-001                  6.2296467329704885E+000                 -2.1299238333020591E+000                  1.2249869363791326E+001                  7.5579999999999969E-001                  2.4280000000000010E-001                  1.4000000000001789E-003                  1.9365230354887453E-009                  2.5284962061021475E-029                  0.0000000000000000E+000                                        0                 -9.8999999999999986E+001                 -9.9000000000000000E+001                 -9.9000000000000000E+001 
                                     567                  1.2275477696168388E-004                 -5.4406908161106327E-001                  6.2297068704673633E+000                 -2.1297642528002600E+000                  1.2250089350101813E+001                  7.5579999999999969E-001                  2.4280000000000010E-001                  1.4000000000001789E-003                  1.9395933530273302E-009                  2.5426307924581045E-029                  0.0000000000000000E+000                                        0                 -9.8999999999999986E+001                 -9.9000000000000000E+001                 -9.9000000000000000E+001 
                                     568                  8.6391329314780516E-005                 -5.9494778503760126E-001                  6.2297519355714757E+000                 -2.1296446806696574E+000                  1.2250254188564416E+001                  7.5579999999999969E-001                  2.4280000000000010E-001                  1.4000000000001789E-003                  1.9418972083052094E-009                  2.5532740820208386E-029                  0.0000000000000000E+000                                        0                 -9.8999999999999986E+001                 -9.9000000000000000E+001                 -9.9000000000000000E+001 
                                     569                  5.0027881667877162E-005                 -6.7406033153086076E-001                  6.2297975576874238E+000                 -2.1295236288253530E+000                  1.2250421066223314E+001                  7.5579999999999969E-001                  2.4280000000000010E-001                  1.4000000000001789E-003                  1.9442322680838977E-009                  2.5640939621187797E-029                  0.0000000000000000E+000                                        0                 -9.8999999999999986E+001                 -9.9000000000000000E+001                 -9.9000000000000000E+001 
                                     570                  2.5013940828952162E-005                 -7.7442634311076297E-001                  6.2298326917377072E+000                 -2.1294304060267075E+000                  1.2250549579952459E+001                  7.5579999999999969E-001                  2.4280000000000010E-001                  1.4000000000001789E-003                  1.9460323867176802E-009                  2.5724574547422494E-029                  0.0000000000000000E+000                                        0                 -9.8999999999999986E+001                 -9.9000000000000000E+001                 -9.9000000000000000E+001 
                                     571                  1.2506970409628440E-005                 -8.7478395797124342E-001                  6.2298548228569297E+000                 -2.1293716862863938E+000                  1.2250630529656096E+001                  7.5579999999999969E-001                  2.4280000000000010E-001                  1.4000000000001789E-003                  1.9471671176338362E-009                  2.5777395396963487E-029                  0.0000000000000000E+000                                        0                 -9.8999999999999986E+001                 -9.9000000000000000E+001                 -9.9000000000000000E+001 
                                     572                  6.2534851999665786E-006                 -9.7513628170685496E-001                  6.2298687638155705E+000                 -2.1293346979242345E+000                  1.2250681521251021E+001                  7.5579999999999969E-001                  2.4280000000000010E-001                  1.4000000000001789E-003                  1.9478822420059255E-009                  2.5810723788351529E-029                  0.0000000000000000E+000                                        0                 -9.8999999999999986E+001                 -9.9000000000000000E+001                 -9.9000000000000000E+001 
                                     573                  3.1267425951356478E-006                 -1.0754852674983575E+000                  6.2298775457614370E+000                 -2.1293113978118656E+000                  1.2250713642541950E+001                  7.5579999999999969E-001                  2.4280000000000010E-001                  1.4000000000001789E-003                  1.9483328566766823E-009                  2.5831740551959792E-029                  0.0000000000000000E+000                                        0                 -9.8999999999999986E+001                 -9.9000000000000000E+001                 -9.9000000000000000E+001 
                                     574                  1.5633712927201823E-006                 -1.1758321403550496E+000                  6.2298830779171794E+000                 -2.1292967200981425E+000                  1.2250733877127425E+001                  7.5579999999999969E-001                  2.4280000000000010E-001                  1.4000000000001789E-003                  1.9486167715317864E-009                  2.5844988697199277E-029                  0.0000000000000000E+000                                        0                 -9.8999999999999986E+001                 -9.9000000000000000E+001                 -9.9000000000000000E+001 
                                     575                  7.8168564151244950E-007                 -1.2761776615556970E+000                  6.2298865629061986E+000                 -2.1292874738946010E+000                  1.2250746623890448E+001                  7.5579999999999969E-001                  2.4280000000000010E-001                  1.4000000000001789E-003                  1.9487956446203994E-009                  2.5853337842395987E-029                  0.0000000000000000E+000                                        0                 -9.8999999999999986E+001                 -9.9000000000000000E+001                 -9.9000000000000000E+001 
                                     576                  3.9084281618613874E-007                 -1.3765222898768472E+000                  6.2298894900813275E+000                 -2.1292797077000416E+000                  1.2250757330338949E+001                  7.5579999999999969E-001                  2.4280000000000010E-001                  1.4000000000001789E-003                  1.9489458991299966E-009                  2.5860352672791428E-029                  0.0000000000000000E+000                                        0                 -9.8999999999999986E+001                 -9.9000000000000000E+001                 -9.9000000000000000E+001 
