                                       1                                        2                                        3                                        4                                        5                                        6                                        7                                        8                                        9                                       10                                       11                                       12                                       13                                       14                                       15                                       16                                       17                                       18                                       19                                       20                                       21                                       22                                       23                                       24                                       25                                       26                                       27                                       28                                       29                                       30                                       31                                       32                                       33                                       34                                       35                                       36                                       37                                       38                                       39                                       40                                       41                                       42                                       43                                       44                                       45                                       46                                       47                                       48                                       49 
                            model_number                                num_zones                             initial_mass                                initial_z                                 star_age                                time_step                                     Teff                            photosphere_L                            photosphere_r                               center_eta                                center_h1                               center_he3                               center_he4                               center_c12                               center_n14                               center_o16                              center_ne20                                star_mass                                star_mdot                             star_mass_h1                            star_mass_he3                            star_mass_he4                            star_mass_c12                            star_mass_n14                            star_mass_o16                           star_mass_ne20                             he_core_mass                             co_core_mass                             fe_core_mass                   neutron_rich_core_mass                             dynamic_time                             kh_timescale                            nuc_timescale                           power_nuc_burn                             power_h_burn                            power_he_burn                                power_neu                                burn_min1                                burn_min2                             time_seconds                           version_number                                 compiler                                    build                         MESA_SDK_version                             math_backend                                     date                                     msun                                     rsun                                     lsun 
                                     100                                      761                  2.0000000000000000E+000                  1.4000000000000000E-003                  2.1466862629146045E+006                  4.3119863904607693E+004                  8.3775162098722158E+003                  3.3388598610650057E+001                  2.7429740741349957E+000                 -2.8606512816259180E+000                  7.5579688918435761E-001                  2.8906221308300222E-005                  2.4277420011250167E-001                  2.4125494378946712E-004                  7.0755365792317724E-005                  6.5663693453132152E-004                  1.4595170967124802E-004                  1.9999987983828726E+000                 -9.1598681900852827E-013                  1.5115984640572471E+000                  5.2303119010283118E-005                  4.8554803267399965E-001                  4.8256209131359960E-004                  1.4144940287333401E-004                  1.3132730813178812E-003                  2.9190324396442173E-004                  0.0000000000000000E+000                  0.0000000000000000E+000                  0.0000000000000000E+000                  0.0000000000000000E+000                  3.2149538507497826E+004                  1.0285383365399493E+006                  5.9900651168537736E+008                  1.1390085986022662E-001                  1.1390085986022658E-001                  2.1340309594669229E-052                  4.5301163980819422E-003                  5.0000000000000000E+001                  1.0000000000000000E+003                  6.7744266410553922E+013                                "6494df2"                               "gfortran"                                 "13.3.0"                    "x86_64-linux-24.7.1"                                 "CRMATH"                               "20250702"                  1.9884098706980504E+033                  6.9570000000000000E+010                  3.8280000000000003E+033 

                                       1                                        2                                        3                                        4                                        5                                        6                                        7                                        8                                        9                                       10                                       11                                       12                                       13                                       14                                       15                                       16 
                                    zone                                     mass                                     logR                                     logT                                   logRho                                     logP                        x_mass_fraction_H                       y_mass_fraction_He                   z_mass_fraction_metals                                       pp                                      cno                                tri_alpha                              mixing_type                                log_D_mix                               log_D_conv                                log_D_ovr 
                                       1                  1.9999987983828726E+000                  4.3822170278742389E-001                  3.9237547371914738E+000                 -8.6641390911753646E+000                  3.1333754685877908E+000                  7.5579999999986502E-001                  2.4280000000013485E-001                  1.4000000000000679E-003                  3.7046388094712961E-028                  0.0000000000000000E+000                  0.0000000000000000E+000                                        1                  9.6354209913855104E+000                  9.5804029618967750E+000                 -9.9000000000000000E+001 
                                       2                  1.9999987983818726E+000                  4.3821713932042061E-001                  3.9250533944639709E+000                 -8.6561808554538597E+000                  3.1433772859515994E+000                  7.5579999999986502E-001                  2.4280000000013485E-001                  1.4000000000000679E-003                  3.7731534969743166E-028                  0.0000000000000000E+000                  0.0000000000000000E+000                                        1                  9.6354209913855104E+000                  9.6354209913855104E+000                 -9.9000000000000000E+001 
                                       3                  1.9999987983808727E+000                  4.3821265857524960E-001                  3.9271887937293202E+000                 -8.6441397021759432E+000                  3.1588569982280710E+000                  7.5579999999986502E-001                  2.4280000000013485E-001                  1.4000000000000679E-003                  3.8792358610964417E-028                  0.0000000000000000E+000                  0.0000000000000000E+000                                        1                  9.7382226540202108E+000                  9.7382226540202108E+000                 -9.9000000000000000E+001 
                                       4                  1.9999987983786849E+000                  4.3820312450877186E-001                  3.9303435986014086E+000                 -8.6290347662331772E+000                  3.1792451593547910E+000                  7.5579999999986502E-001                  2.4280000000013485E-001                  1.4000000000000679E-003                  4.0165375789272947E-028                  0.0000000000000000E+000                  0.0000000000000000E+000                                        1                  9.9412561397059829E+000                  9.9412561397059829E+000                 -9.9000000000000000E+001 
                                       5                  1.9999987983764973E+000                  4.3819391574453942E-001                  3.9354434293328109E+000                 -8.6091021652320610E+000                  3.2081402656531339E+000                  7.5579999999986502E-001                  2.4280000000013485E-001                  1.4000000000000679E-003                  4.2051877953439935E-028                  0.0000000000000000E+000                  0.0000000000000000E+000                                        1                  1.0125581534659483E+001                  1.0125581534659483E+001                 -9.9000000000000000E+001 
                                       6                  1.9999987983721226E+000                  4.3817632278308610E-001                  3.9420500632929971E+000                 -8.5920145647508441E+000                  3.2377310423638948E+000                  7.5579999999986502E-001                  2.4280000000013485E-001                  1.4000000000000679E-003                  4.3739502217002588E-028                  0.0000000000000000E+000                  0.0000000000000000E+000                                        1                  1.0463231657668199E+001                  1.0463231657668199E+001                 -9.9000000000000000E+001 
                                       7                  1.9999987983693102E+000                  4.3816544830241116E-001                  3.9478265289151602E+000                 -8.5818254755827894E+000                  3.2595619587325926E+000                  7.5579999999986502E-001                  2.4280000000013485E-001                  1.4000000000000679E-003                  4.4777870333739931E-028                  0.0000000000000000E+000                  0.0000000000000000E+000                                        1                  1.0668801432406857E+001                  1.0668801432406857E+001                 -9.9000000000000000E+001 
                                       8                  1.9999987983664977E+000                  4.3815482519230114E-001                  3.9543477887108169E+000                 -8.5750085319578968E+000                  3.2803497977765361E+000                  7.5579999999986502E-001                  2.4280000000013485E-001                  1.4000000000000679E-003                  4.5486311578772925E-028                  0.0000000000000000E+000                  0.0000000000000000E+000                                        1                  1.0873134436906700E+001                  1.0873134436906700E+001                 -9.9000000000000000E+001 
                                       9                  1.9999987983636853E+000                  4.3814436676548718E-001                  3.9617644291097034E+000                 -8.5721314687136196E+000                  3.3001897659059729E+000                  7.5579999999986502E-001                  2.4280000000013485E-001                  1.4000000000000679E-003                  4.5788659683102841E-028                  0.0000000000000000E+000                  0.0000000000000000E+000                                        1                  1.1078750521946871E+001                  1.1078750521946871E+001                 -9.9000000000000000E+001 
                                      10                  1.9999987983608729E+000                  4.3813397664529902E-001                  3.9707229355543587E+000                 -8.5741208637995179E+000                  3.3201948539562940E+000                  7.5579999999986502E-001                  2.4280000000013485E-001                  1.4000000000000679E-003                  4.5579382281048047E-028                  0.0000000000000000E+000                  0.0000000000000000E+000                                        1                  1.1334833495645718E+001                  1.1334833495645718E+001                 -9.9000000000000000E+001 
                                      11                  1.9999987983577476E+000                  4.3812237818234423E-001                  3.9817266447626602E+000                 -8.5831712398036188E+000                  3.3403045479560141E+000                  7.5579999999986502E-001                  2.4280000000013485E-001                  1.4000000000000679E-003                  4.4639323321231651E-028                  0.0000000000000000E+000                  0.0000000000000000E+000                                        1                  1.1515829735115791E+001                  1.1515829735115791E+001                 -9.9000000000000000E+001 
                                      12                  1.9999987983546226E+000                  4.3811053452104814E-001                  3.9944447177008144E+000                 -8.6001284299026732E+000                  3.3595261914903882E+000                  7.5579999999986502E-001                  2.4280000000013485E-001                  1.4000000000000679E-003                  4.2929869660297484E-028                  0.0000000000000000E+000                  0.0000000000000000E+000                                        1                  1.1804778579344244E+001                  1.1804778579344244E+001                 -9.9000000000000000E+001 
                                      13                  1.9999987983514977E+000                  4.3809821824515338E-001                  4.0086631390825547E+000                 -8.6240411374258237E+000                  3.3779350752182524E+000                  7.5579999999986502E-001                  2.4280000000013485E-001                  1.4000000000000679E-003                  4.0629895168008243E-028                  0.0000000000000000E+000                  0.0000000000000000E+000                                        1                  1.2034775837091280E+001                  1.2034775837091280E+001                 -9.9000000000000000E+001 
                                      14                  1.9999987983483725E+000                  4.3808520366649012E-001                  4.0199837357293093E+000                 -8.6444980174772361E+000                  3.3912486612384485E+000                  7.5579999999986502E-001                  2.4280000000013485E-001                  1.4000000000000679E-003                  3.8760364622333552E-028                  0.0000000000000000E+000                  0.0000000000000000E+000                                        1                  1.2346164249923252E+001                  1.2346164249923252E+001                 -9.9000000000000000E+001 
                                      15                  1.9999987983468099E+000                  4.3807838205861155E-001                  4.0275154399229791E+000                 -8.6576764724538702E+000                  3.3999034546417906E+000                  7.5579999999986502E-001                  2.4280000000013485E-001                  1.4000000000000679E-003                  3.7601813176074445E-028                  0.0000000000000000E+000                  0.0000000000000000E+000                                        1                  1.2472155358818442E+001                  1.2472155358818442E+001                 -9.9000000000000000E+001 
                                      16                  1.9999987983452476E+000                  4.3807134994324520E-001                  4.0349290023880178E+000                 -8.6698259379663565E+000                  3.4083896807948264E+000                  7.5579999999986502E-001                  2.4280000000013485E-001                  1.4000000000000679E-003                  3.6564426505865016E-028                  0.0000000000000000E+000                  0.0000000000000000E+000                                        1                  1.2628902181223213E+001                  1.2628902181223213E+001                 -9.9000000000000000E+001 
                                      17                  1.9999987983436849E+000                  4.3806411796936806E-001                  4.0421169513950588E+000                 -8.6804588248794676E+000                  3.4167138062091520E+000                  7.5579999999986502E-001                  2.4280000000013485E-001                  1.4000000000000679E-003                  3.5680045476680126E-028                  0.0000000000000000E+000                  0.0000000000000000E+000                                        1                  1.2761820776687832E+001                  1.2761820776687832E+001                 -9.9000000000000000E+001 
                                      18                  1.9999987983421224E+000                  4.3805670637400479E-001                  4.0489937823635529E+000                 -8.6893117140795599E+000                  3.4248819313494687E+000                  7.5579999999986502E-001                  2.4280000000013485E-001                  1.4000000000000679E-003                  3.4960055617092760E-028                  0.0000000000000000E+000                  0.0000000000000000E+000                                        1                  1.2912341723441767E+001                  1.2912341723441767E+001                 -9.9000000000000000E+001 
                                      19                  1.9999987983405600E+000                  4.3804914175508575E-001                  4.0555010496522979E+000                 -8.6963473446052859E+000                  3.4328998172014975E+000                  7.5579999999986502E-001                  2.4280000000013485E-001                  1.4000000000000679E-003                  3.4398236108088602E-028                  0.0000000000000000E+000                  0.0000000000000000E+000                                        1                  1.3038125698797897E+001                  1.3038125698797897E+001                 -9.9000000000000000E+001 
                                      20                  1.9999987983389973E+000                  4.3804145318522492E-001                  4.0616100292167214E+000                 -8.7016675973734543E+000                  3.4407729097187656E+000                  7.5579999999986502E-001                  2.4280000000013485E-001                  1.4000000000000679E-003                  3.3979398496857129E-028                  0.0000000000000000E+000                  0.0000000000000000E+000                                        1                  1.3160806853525838E+001                  1.3160806853525838E+001                 -9.9000000000000000E+001 
                                      21                  1.9999987983374348E+000                  4.3803366943258643E-001                  4.0673188423073041E+000                 -8.7054653291250723E+000                  3.4485063622912828E+000                  7.5579999999986502E-001                  2.4280000000013485E-001                  1.4000000000000679E-003                  3.3683544752947405E-028                  0.0000000000000000E+000                  0.0000000000000000E+000                                        1                  1.3263398504377696E+001                  1.3263398504377696E+001                 -9.9000000000000000E+001 
                                      22                  1.9999987983358725E+000                  4.3802581689159209E-001                  4.0726437645453419E+000                 -8.7079738275013181E+000                  3.4561050563911873E+000                  7.5579999999986502E-001                  2.4280000000013485E-001                  1.4000000000000679E-003                  3.3489539938869543E-028                  0.0000000000000000E+000                  0.0000000000000000E+000                                        1                  1.3336496889016740E+001                  1.3336496889016740E+001                 -9.9000000000000000E+001 
                                      23                  1.9999987983343097E+000                  4.3801791843315652E-001                  4.0776109027819416E+000                 -8.7094123494799920E+000                  3.4635736205185181E+000                  7.5579999999986502E-001                  2.4280000000013485E-001                  1.4000000000000679E-003                  3.3378790600562578E-028                  0.0000000000000000E+000                  0.0000000000000000E+000                                        1                  1.3399271585252791E+001                  1.3399271585252791E+001                 -9.9000000000000000E+001 
                                      24                  1.9999987983327472E+000                  4.3800999333601409E-001                  4.0822502264560523E+000                 -8.7099716459371415E+000                  3.4709164475462688E+000                  7.5579999999986502E-001                  2.4280000000013485E-001                  1.4000000000000679E-003                  3.3335830274993322E-028                  0.0000000000000000E+000                  0.0000000000000000E+000                                        1                  1.3415283411527142E+001                  1.3415283411527142E+001                 -9.9000000000000000E+001 
                                      25                  1.9999987983311849E+000                  4.3800205759141414E-001                  4.0865917882974090E+000                 -8.7098123833852590E+000                  3.4781377105999409E+000                  7.5579999999986502E-001                  2.4280000000013485E-001                  1.4000000000000679E-003                  3.3348057815446287E-028                  0.0000000000000000E+000                  0.0000000000000000E+000                                        1                  1.3428878554474151E+001                  1.3428878554474151E+001                 -9.9000000000000000E+001 
                                      26                  1.9999987983296224E+000                  4.3799412432163648E-001                  4.0906639812864327E+000                 -8.7090668315047424E+000                  3.4852413776087263E+000                  7.5579999999986502E-001                  2.4280000000013485E-001                  1.4000000000000679E-003                  3.3405357970295363E-028                  0.0000000000000000E+000                  0.0000000000000000E+000                                        1                  1.3391946919353931E+001                  1.3391946919353931E+001                 -9.9000000000000000E+001 
                                      27                  1.9999987983280596E+000                  4.3798620422553475E-001                  4.0944929217970181E+000                 -8.7078421489724960E+000                  3.4922312246555327E+000                  7.5579999999986502E-001                  2.4280000000013485E-001                  1.4000000000000679E-003                  3.3499695982516803E-028                  0.0000000000000000E+000                  0.0000000000000000E+000                                        1                  1.3354998125374102E+001                  1.3354998125374102E+001                 -9.9000000000000000E+001 
                                      28                  1.9999987983264973E+000                  4.3797830600063148E-001                  4.0998953017676145E+000                 -8.7053893392711910E+000                  3.5025102196383715E+000                  7.5579999999986502E-001                  2.4280000000013485E-001                  1.4000000000000679E-003                  3.3689439239987491E-028                  0.0000000000000000E+000                  0.0000000000000000E+000                                        1                  1.3292722647008903E+001                  1.3292722647008903E+001                 -9.9000000000000000E+001 
                                      29                  1.9999987983233720E+000                  4.3796259723383202E-001                  4.1047504798382031E+000                 -8.7020912197271478E+000                  3.5125529793665433E+000                  7.5579999999986502E-001                  2.4280000000013485E-001                  1.4000000000000679E-003                  3.3946268800816242E-028                  0.0000000000000000E+000                  0.0000000000000000E+000                                        1                  1.3111656288004811E+001                  1.3111656288004811E+001                 -9.9000000000000000E+001 
                                      30                  1.9999987983218095E+000                  4.3795480163944978E-001                  4.1078185972947203E+000                 -8.6996674253504782E+000                  3.5191218801423401E+000                  7.5579999999986502E-001                  2.4280000000013485E-001                  1.4000000000000679E-003                  3.4136260686943109E-028                  0.0000000000000000E+000                  0.0000000000000000E+000                                        1                  1.3015941620648544E+001                  1.3015941620648544E+001                 -9.9000000000000000E+001 
                                      31                  1.9999987983202472E+000                  4.3794704901472320E-001                  4.1121913040516986E+000                 -8.6957631812241321E+000                  3.5287932942661975E+000                  7.5579999999986502E-001                  2.4280000000013485E-001                  1.4000000000000679E-003                  3.4444537863495956E-028                  0.0000000000000000E+000                  0.0000000000000000E+000                                        1                  1.2920073010813605E+001                  1.2920073010813605E+001                 -9.9000000000000000E+001 
                                      32                  1.9999987983171219E+000                  4.3793168130340088E-001                  4.1175141086219584E+000                 -8.6900030394530727E+000                  3.5413640935921724E+000                  7.5579999999986502E-001                  2.4280000000013485E-001                  1.4000000000000679E-003                  3.4904446762774268E-028                  0.0000000000000000E+000                  0.0000000000000000E+000                                        1                  1.2734366582627917E+001                  1.2734366582627917E+001                 -9.9000000000000000E+001 
                                      33                  1.9999987983139969E+000                  4.3791651447217927E-001                  4.1224024771998131E+000                 -8.6838684815891387E+000                  3.5535829225048623E+000                  7.5579999999986502E-001                  2.4280000000013485E-001                  1.4000000000000679E-003                  3.5401004874500791E-028                  0.0000000000000000E+000                  0.0000000000000000E+000                                        1                  1.2558741910267530E+001                  1.2558741910267530E+001                 -9.9000000000000000E+001 
                                      34                  1.9999987983108720E+000                  4.3790155881574616E-001                  4.1269218347592247E+000                 -8.6774818509732761E+000                  3.5654689774672019E+000                  7.5579999999986502E-001                  2.4280000000013485E-001                  1.4000000000000679E-003                  3.5925474001905419E-028                  0.0000000000000000E+000                  0.0000000000000000E+000                                        1                  1.2399294194769645E+001                  1.2399294194769645E+001                 -9.9000000000000000E+001 
                                      35                  1.9999987983077467E+000                  4.3788681997280821E-001                  4.1311247343174244E+000                 -8.6709299551716388E+000                  3.5770399242922628E+000                  7.5579999999986502E-001                  2.4280000000013485E-001                  1.4000000000000679E-003                  3.6471590148618752E-028                  0.0000000000000000E+000                  0.0000000000000000E+000                                        1                  1.2255730990946391E+001                  1.2255730990946391E+001                 -9.9000000000000000E+001 
                                      36                  1.9999987983046219E+000                  4.3787230034838120E-001                  4.1350540944966516E+000                 -8.6642770811487821E+000                  3.5883120569551763E+000                  7.5579999999986502E-001                  2.4280000000013485E-001                  1.4000000000000679E-003                  3.7034618542304986E-028                  0.0000000000000000E+000                  0.0000000000000000E+000                                        1                  1.2126455390009657E+001                  1.2126455390009657E+001                 -9.9000000000000000E+001 
                                      37                  1.9999987983014968E+000                  4.3785800002894282E-001                  4.1405795466715425E+000                 -8.6542972517023227E+000                  3.6046920953446224E+000                  7.5579999999986502E-001                  2.4280000000013485E-001                  1.4000000000000679E-003                  3.7895545582783321E-028                  0.0000000000000000E+000                  0.0000000000000000E+000                                        1                  1.2012143661721405E+001                  1.2012143661721405E+001                 -9.9000000000000000E+001 
                                      38                  1.9999987982952470E+000                  4.3783004504240952E-001                  4.1471764994593059E+000                 -8.6408728948805393E+000                  3.6256185639456646E+000                  7.5579999999986502E-001                  2.4280000000013485E-001                  1.4000000000000679E-003                  3.9085272691375031E-028                  0.0000000000000000E+000                  0.0000000000000000E+000                                        1                  1.1811962291537945E+001                  1.1811962291537945E+001                 -9.9000000000000000E+001 
                                      39                  1.9999987982889971E+000                  4.3780293579088947E-001                  4.1531555163867555E+000                 -8.6276054373220266E+000                  3.6455877476761458E+000                  7.5579999999986502E-001                  2.4280000000013485E-001                  1.4000000000000679E-003                  4.0297790209700241E-028                  0.0000000000000000E+000                  0.0000000000000000E+000                                        1                  1.1636847477745411E+001                  1.1636847477745411E+001                 -9.9000000000000000E+001 
                                      40                  1.9999987982827472E+000                  4.3777663733915917E-001                  4.1586376251149639E+000                 -8.6145919985519939E+000                  3.6646834801649888E+000                  7.5579999999986502E-001                  2.4280000000013485E-001                  1.4000000000000679E-003                  4.1523628364207581E-028                  0.0000000000000000E+000                  0.0000000000000000E+000                                        1                  1.1483612957226695E+001                  1.1483612957226695E+001                 -9.9000000000000000E+001 
                                      41                  1.9999987982764973E+000                  4.3775111065058547E-001                  4.1637105674322754E+000                 -8.6018856966741417E+000                  3.6829790379299885E+000                  7.5579999999986502E-001                  2.4280000000013485E-001                  1.4000000000000679E-003                  4.2756506856184843E-028                  0.0000000000000000E+000                  0.0000000000000000E+000                                        1                  1.1348880712107066E+001                  1.1348880712107066E+001                 -9.9000000000000000E+001 
                                      42                  1.9999987982702474E+000                  4.3772631567639103E-001                  4.1684392731713436E+000                 -8.5895120239447511E+000                  3.7005388427206611E+000                  7.5579999999986502E-001                  2.4280000000013485E-001                  1.4000000000000679E-003                  4.3992283100137741E-028                  0.0000000000000000E+000                  0.0000000000000000E+000                                        1                  1.1232093115500312E+001                  1.1232093115500312E+001                 -9.9000000000000000E+001 
                                      43                  1.9999987982639975E+000                  4.3770221310742219E-001                  4.1728732297405307E+000                 -8.5774803869257408E+000                  3.7174198337436533E+000                  7.5579999999986502E-001                  2.4280000000013485E-001                  1.4000000000000679E-003                  4.5228141470629223E-028                  0.0000000000000000E+000                  0.0000000000000000E+000                                        1                  1.1129460099819999E+001                  1.1129460099819999E+001                 -9.9000000000000000E+001 
                                      44                  1.9999987982577476E+000                  4.3767876525765365E-001                  4.1770511187740640E+000                 -8.5657908601752375E+000                  3.7336725838091001E+000                  7.5579999999986502E-001                  2.4280000000013485E-001                  1.4000000000000679E-003                  4.6462102978191739E-028                  0.0000000000000000E+000                  0.0000000000000000E+000                                        1                  1.1040387740062418E+001                  1.1040387740062418E+001                 -9.9000000000000000E+001 
                                      45                  1.9999987982514977E+000                  4.3765593646670781E-001                  4.1819864978440373E+000                 -8.5516842656566858E+000                  3.7531728499046344E+000                  7.5579999999986502E-001                  2.4280000000013485E-001                  1.4000000000000679E-003                  4.7996126082477450E-028                  0.0000000000000000E+000                  0.0000000000000000E+000                                        1                  1.0965675887397110E+001                  1.0965675887397110E+001                 -9.9000000000000000E+001 
                                      46                  1.9999987982421226E+000                  4.3762278127440740E-001                  4.1883877222998960E+000                 -8.5327737411955020E+000                  3.7790886839941447E+000                  7.5579999999986502E-001                  2.4280000000013485E-001                  1.4000000000000679E-003                  5.0132308618149453E-028                  0.0000000000000000E+000                  0.0000000000000000E+000                                        1                  1.0879140473172408E+001                  1.0879140473172408E+001                 -9.9000000000000000E+001 
                                      47                  1.9999987982296226E+000                  4.3758044691456421E-001                  4.1950713018840426E+000                 -8.5122574612355351E+000                  3.8069392046621111E+000                  7.5579999999986502E-001                  2.4280000000013485E-001                  1.4000000000000679E-003                  5.2557547111278561E-028                  0.0000000000000000E+000                  0.0000000000000000E+000                                        1                  1.0808908082198986E+001                  1.0808908082198986E+001                 -9.9000000000000000E+001 
                                      48                  1.9999987982171228E+000                  4.3754005440769589E-001                  4.2012331307300448E+000                 -8.4928724994704723E+000                  3.8331202954431753E+000                  7.5579999999986502E-001                  2.4280000000013485E-001                  1.4000000000000679E-003                  5.4956759536060696E-028                  0.0000000000000000E+000                  0.0000000000000000E+000                                        1                  1.0790279947052516E+001                  1.0790279947052516E+001                 -9.9000000000000000E+001 
                                      49                  1.9999987982046228E+000                  4.3750141465001025E-001                  4.2069613835335309E+000                 -8.4745264569806125E+000                  3.8578209603641693E+000                  7.5579999999986502E-001                  2.4280000000013485E-001                  1.4000000000000679E-003                  5.7328184911528325E-028                  0.0000000000000000E+000                  0.0000000000000000E+000                                        1                  1.0813238799796089E+001                  1.0813238799796089E+001                 -9.9000000000000000E+001 
                                      50                  1.9999987981921226E+000                  4.3746436348328821E-001                  4.2116564036532562E+000                 -8.4592339047252967E+000                  3.8783453612499676E+000                  7.5579999999986502E-001                  2.4280000000013485E-001                  1.4000000000000679E-003                  5.9382929825543126E-028                  0.0000000000000000E+000                  0.0000000000000000E+000                                        1                  1.0860999029608989E+001                  1.0860999029608989E+001                 -9.9000000000000000E+001 
                                      51                  1.9999987981827478E+000                  4.3743753065657742E-001                  4.2154971478523260E+000                 -8.4466762690765336E+000                  3.8952013408083586E+000                  7.5579999999986502E-001                  2.4280000000013485E-001                  1.4000000000000679E-003                  6.1125157110458277E-028                  0.0000000000000000E+000                  0.0000000000000000E+000                                        1                  1.0904572847591691E+001                  1.0904572847591691E+001                 -9.9000000000000000E+001 
                                      52                  1.9999987981733729E+000                  4.3741145782803059E-001                  4.2197851579246679E+000                 -8.4326174431799075E+000                  3.9140782847849032E+000                  7.5579999999986502E-001                  2.4280000000013485E-001                  1.4000000000000679E-003                  6.3136375457446414E-028                  0.0000000000000000E+000                  0.0000000000000000E+000                                        1                  1.0949524175684253E+001                  1.0949524175684253E+001                 -9.9000000000000000E+001 
                                      53                  1.9999987981608729E+000                  4.3737779445237751E-001                  4.2250076908079093E+000                 -8.4153781342812142E+000                  3.9372090402230975E+000                  7.5579999999986502E-001                  2.4280000000013485E-001                  1.4000000000000679E-003                  6.5693135918029716E-028                  0.0000000000000000E+000                  0.0000000000000000E+000                                        1                  1.1007103329597843E+001                  1.1007103329597843E+001                 -9.9000000000000000E+001 
                                      54                  1.9999987981452478E+000                  4.3733734249508188E-001                  4.2304608143837950E+000                 -8.3972043424705003E+000                  3.9615516377962279E+000                  7.5579999999986502E-001                  2.4280000000013485E-001                  1.4000000000000679E-003                  6.8500683209089798E-028                  0.0000000000000000E+000                  0.0000000000000000E+000                                        1                  1.1071358111052039E+001                  1.1071358111052039E+001                 -9.9000000000000000E+001 
                                      55                  1.9999987981296230E+000                  4.3729853776799110E-001                  4.2368824193989090E+000                 -8.3758495435771678E+000                  3.9901881915202173E+000                  7.5579999999986502E-001                  2.4280000000013485E-001                  1.4000000000000679E-003                  7.1953354406031212E-028                  0.0000000000000000E+000                  0.0000000000000000E+000                                        1                  1.1122605713770850E+001                  1.1122605713770850E+001                 -9.9000000000000000E+001 
                                      56                  1.9999987981061853E+000                  4.3724310552556106E-001                  4.2428285451220304E+000                 -8.3557035511030797E+000                  4.0170660486663321E+000                  7.5579999999986502E-001                  2.4280000000013485E-001                  1.4000000000000679E-003                  7.5369968793538195E-028                  0.0000000000000000E+000                  0.0000000000000000E+000                                        1                  1.1176839964847421E+001                  1.1176839964847421E+001                 -9.9000000000000000E+001 
                                      57                  1.9999987980905605E+000                  4.3720781474352960E-001                  4.2473528720701976E+000                 -8.3404499734266828E+000                  4.0374378968153115E+000                  7.5579999999986502E-001                  2.4280000000013485E-001                  1.4000000000000679E-003                  7.8064380200184691E-028                  0.0000000000000000E+000                  0.0000000000000000E+000                                        1                  1.1199098294690492E+001                  1.1199098294690492E+001                 -9.9000000000000000E+001 
                                      58                  1.9999987980749354E+000                  4.3717373378802649E-001                  4.2516746221427555E+000                 -8.3258629289950026E+000                  4.0569027823236956E+000                  7.5579999999986502E-001                  2.4280000000013485E-001                  1.4000000000000679E-003                  8.0731112258045961E-028                  0.0000000000000000E+000                  0.0000000000000000E+000                                        1                  1.1208716268934090E+001                  1.1208716268934090E+001                 -9.9000000000000000E+001 
                                      59                  1.9999987980593101E+000                  4.3714077089783776E-001                  4.2558140159858091E+000                 -8.3118850280622851E+000                  4.0755380930796159E+000                  7.5579999999986502E-001                  2.4280000000013485E-001                  1.4000000000000679E-003                  8.3371916936905623E-028                  0.0000000000000000E+000                  0.0000000000000000E+000                                        1                  1.1206801749528998E+001                  1.1206801749528998E+001                 -9.9000000000000000E+001 
                                      60                  1.9999987980436851E+000                  4.3710884488262958E-001                  4.2597882512236502E+000                 -8.2984655898629978E+000                  4.0934117141054411E+000                  7.5579999999986502E-001                  2.4280000000013485E-001                  1.4000000000000679E-003                  8.5988456258552501E-028                  0.0000000000000000E+000                  0.0000000000000000E+000                                        1                  1.1193274872825942E+001                  1.1193274872825942E+001                 -9.9000000000000000E+001 
                                      61                  1.9999987980280600E+000                  4.3707788355257782E-001                  4.2645625343665987E+000                 -8.2824310466347661E+000                  4.1147724446780796E+000                  7.5579999999986502E-001                  2.4280000000013485E-001                  1.4000000000000679E-003                  8.9222794562442331E-028                  0.0000000000000000E+000                  0.0000000000000000E+000                                        1                  1.1166960076013060E+001                  1.1166960076013060E+001                 -9.9000000000000000E+001 
                                      62                  1.9999987980046225E+000                  4.3703311326114946E-001                  4.2699937882912229E+000                 -8.2641202726026606E+000                  4.1391011338675083E+000                  7.5579999999986502E-001                  2.4280000000013485E-001                  1.4000000000000679E-003                  9.3065326993669415E-028                  0.0000000000000000E+000                  0.0000000000000000E+000                                        1                  1.1101562451721279E+001                  1.1101562451721279E+001                 -9.9000000000000000E+001 
                                      63                  1.9999987979811853E+000                  4.3699017833647458E-001                  4.2743000034081877E+000                 -8.2495701793463514E+000                  4.1583906436696818E+000                  7.5579999999986502E-001                  2.4280000000013485E-001                  1.4000000000000679E-003                  9.6236332317628482E-028                  0.0000000000000000E+000                  0.0000000000000000E+000                                        1                  1.0996416340582673E+001                  1.0996416340582673E+001                 -9.9000000000000000E+001 
                                      64                  1.9999987979655600E+000                  4.3696249137561266E-001                  4.2776328276429600E+000                 -8.2383793358053250E+000                  4.1732319148670944E+000                  7.5579999999986502E-001                  2.4280000000013485E-001                  1.4000000000000679E-003                  9.8748551963401996E-028                  0.0000000000000000E+000                  0.0000000000000000E+000                                        1                  1.0888535003023561E+001                  1.0888535003023561E+001                 -9.9000000000000000E+001 
                                      65                  1.9999987979499350E+000                  4.3693550363947803E-001                  4.2816682104614872E+000                 -8.2249071130518363E+000                  4.1911018895491825E+000                  7.5579999999986502E-001                  2.4280000000013485E-001                  1.4000000000000679E-003                  1.0186007020055147E-027                  0.0000000000000000E+000                  0.0000000000000000E+000                                        1                  1.0720851727689052E+001                  1.0720851727689052E+001                 -9.9000000000000000E+001 
                                      66                  1.9999987979264977E+000                  4.3689624955492151E-001                  4.2863049756460327E+000                 -8.2094022750283973E+000                  4.2116255863018992E+000                  7.5579999999986502E-001                  2.4280000000013485E-001                  1.4000000000000679E-003                  1.0556257950110813E-027                  0.0000000000000000E+000                  0.0000000000000000E+000                                        1                  1.0059242576743292E+001                  1.0059242576743292E+001                 -9.9000000000000000E+001 
                                      67                  1.9999987979030602E+000                  4.3685836207422907E-001                  4.2907506434343965E+000                 -8.1945791869212776E+000                  4.2312296806404115E+000                  7.5579999999986502E-001                  2.4280000000013485E-001                  1.4000000000000679E-003                  1.0922806364927769E-027                  0.0000000000000000E+000                  0.0000000000000000E+000                                        0                 -9.8999999999999986E+001                 -9.9000000000000000E+001                 -9.9000000000000000E+001 
                                      68                  1.9999987978796228E+000                  4.3682173650277106E-001                  4.2950212879009912E+000                 -8.1803812115593875E+000                  4.2499931269998674E+000                  7.5579999999986502E-001                  2.4280000000013488E-001                  1.4000000000000679E-003                  1.1285825543870818E-027                  0.0000000000000000E+000                  0.0000000000000000E+000                                        0                 -9.8999999999999986E+001                 -9.9000000000000000E+001                 -9.9000000000000000E+001 
                                      69                  1.9999987978561853E+000                  4.3678628010937925E-001                  4.2984486996505717E+000                 -8.1689809637848150E+000                  4.2650377468519372E+000                  7.5579999999986514E-001                  2.4280000000013485E-001                  1.4000000000000679E-003                  1.1586025904235360E-027                  0.0000000000000000E+000                  0.0000000000000000E+000                                        0                 -9.8999999999999986E+001                 -9.9000000000000000E+001                 -9.9000000000000000E+001 
                                      70                  1.9999987978405602E+000                  4.3676325027681945E-001                  4.3017869760944105E+000                 -8.1579730937852748E+000                  4.2795816343188040E+000                  7.5579999999986502E-001                  2.4280000000013485E-001                  1.4000000000000679E-003                  1.1883469609272478E-027                  0.0000000000000000E+000                  0.0000000000000000E+000                                        0                 -9.8999999999999986E+001                 -9.9000000000000000E+001                 -9.9000000000000000E+001 
                                      71                  1.9999987978171228E+000                  4.3672956351671272E-001                  4.3062949825882653E+000                 -8.1431424339391825E+000                  4.2991639342757972E+000                  7.5579999999986502E-001                  2.4280000000013485E-001                  1.4000000000000679E-003                  1.2296319614354285E-027                  0.0000000000000000E+000                  0.0000000000000000E+000                                        0                 -9.8999999999999986E+001                 -9.9000000000000000E+001                 -9.9000000000000000E+001 
                                      72                  1.9999987977858729E+000                  4.3668614420056623E-001                  4.3099934686210259E+000                 -8.1309034963787479E+000                  4.3152797903529629E+000                  7.5579999999986514E-001                  2.4280000000013482E-001                  1.4000000000000679E-003                  1.2647803397196317E-027                  0.0000000000000000E+000                  0.0000000000000000E+000                                        0                 -9.8999999999999986E+001                 -9.9000000000000000E+001                 -9.9000000000000000E+001 
                                      73                  1.9999987977702478E+000                  4.3666503310154814E-001                  4.3136007836553967E+000                 -8.1191312412544665E+000                  4.3308219216508634E+000                  7.5579999999986514E-001                  2.4280000000013482E-001                  1.4000000000000679E-003                  1.2995361387476614E-027                  0.0000000000000000E+000                  0.0000000000000000E+000                                        0                 -9.8999999999999986E+001                 -9.9000000000000000E+001                 -9.9000000000000000E+001 
                                      74                  1.9999987977389979E+000                  4.3662393120123044E-001                  4.3182151933984025E+000                 -8.1040302360383034E+000                  4.3507230305192062E+000                  7.5579999999986514E-001                  2.4280000000013482E-001                  1.4000000000000679E-003                  1.3455215853707677E-027                  0.0000000000000000E+000                  0.0000000000000000E+000                                        0                 -9.8999999999999986E+001                 -9.9000000000000000E+001                 -9.9000000000000000E+001 
                                      75                  1.9999987977077482E+000                  4.3658422282647441E-001                  4.3226450879014537E+000                 -8.0895834098283359E+000                  4.3697588199573651E+000                  7.5579999999986514E-001                  2.4280000000013482E-001                  1.4000000000000679E-003                  1.3910372603084726E-027                  0.0000000000000000E+000                  0.0000000000000000E+000                                        0                 -9.8999999999999986E+001                 -9.9000000000000000E+001                 -9.9000000000000000E+001 
                                      76                  1.9999987976764981E+000                  4.3654580325842834E-001                  4.3269055486379120E+000                 -8.0757380622515527E+000                  4.3880014807138190E+000                  7.5579999999986514E-001                  2.4280000000013482E-001                  1.4000000000000679E-003                  1.4361021934541120E-027                  0.0000000000000000E+000                  0.0000000000000000E+000                                        0                 -9.8999999999999986E+001                 -9.9000000000000000E+001                 -9.9000000000000000E+001 
                                      77                  1.9999987976452485E+000                  4.3650857946792787E-001                  4.3310099338847792E+000                 -8.0624476069546986E+000                  4.4055145282236792E+000                  7.5579999999986514E-001                  2.4280000000013482E-001                  1.4000000000000679E-003                  1.4807338505385463E-027                  0.0000000000000000E+000                  0.0000000000000000E+000                                        0                 -9.8999999999999986E+001                 -9.9000000000000000E+001                 -9.9000000000000000E+001 
                                      78                  1.9999987976139983E+000                  4.3647246841578746E-001                  4.3349700846951196E+000                 -8.0496707356196477E+000                  4.4223541394257735E+000                  7.5579999999986514E-001                  2.4280000000013482E-001                  1.4000000000000679E-003                  1.5249480570648511E-027                  0.0000000000000000E+000                  0.0000000000000000E+000                                        0                 -9.8999999999999986E+001                 -9.9000000000000000E+001                 -9.9000000000000000E+001 
                                      79                  1.9999987975827487E+000                  4.3643739564743922E-001                  4.3387965251623495E+000                 -8.0373706231377984E+000                  4.4385702415925365E+000                  7.5579999999986502E-001                  2.4280000000013485E-001                  1.4000000000000679E-003                  1.5687592907037818E-027                  0.0000000000000000E+000                  0.0000000000000000E+000                                        0                 -9.8999999999999986E+001                 -9.9000000000000000E+001                 -9.9000000000000000E+001 
                                      80                  1.9999987975514986E+000                  4.3640329413068779E-001                  4.3424986518286124E+000                 -8.0255142768761054E+000                  4.4542074064089956E+000                  7.5579999999986514E-001                  2.4280000000013482E-001                  1.4000000000000679E-003                  1.6121809259370899E-027                  0.0000000000000000E+000                  0.0000000000000000E+000                                        0                 -9.8999999999999986E+001                 -9.9000000000000000E+001                 -9.9000000000000000E+001 
                                      81                  1.9999987975202489E+000                  4.3637010328729514E-001                  4.3469766676690478E+000                 -8.0112872352391467E+000                  4.4729995242701017E+000                  7.5579999999986514E-001                  2.4280000000013482E-001                  1.4000000000000679E-003                  1.6658741391291734E-027                  0.0000000000000000E+000                  0.0000000000000000E+000                                        0                 -9.8999999999999986E+001                 -9.9000000000000000E+001                 -9.9000000000000000E+001 
                                      82                  1.9999987974733739E+000                  4.3632190799886866E-001                  4.3521158024101121E+000                 -7.9949768678372646E+000                  4.4945360098697895E+000                  7.5579999999986514E-001                  2.4280000000013482E-001                  1.4000000000000679E-003                  1.7296337360776921E-027                  0.0000000000000000E+000                  0.0000000000000000E+000                                        0                 -9.8999999999999986E+001                 -9.9000000000000000E+001                 -9.9000000000000000E+001 
                                      83                  1.9999987974264990E+000                  4.3627547399209776E-001                  4.3570372857136626E+000                 -7.9794444405371019E+000                  4.5150633524054848E+000                  7.5579999999986514E-001                  2.4280000000013485E-001                  1.4000000000000679E-003                  1.7926195175356573E-027                  0.0000000000000000E+000                  0.0000000000000000E+000                                        0                 -9.8999999999999986E+001                 -9.9000000000000000E+001                 -9.9000000000000000E+001 
                                      84                  1.9999987973796240E+000                  4.3623065721630078E-001                  4.3609767506032755E+000                 -7.9670344652773615E+000                  4.5314647552387983E+000                  7.5579999999986514E-001                  2.4280000000013482E-001                  1.4000000000000679E-003                  1.8445878804983393E-027                  0.0000000000000000E+000                  0.0000000000000000E+000                                        0                 -9.8999999999999986E+001                 -9.9000000000000000E+001                 -9.9000000000000000E+001 
                                      85                  1.9999987973483744E+000                  4.3620161363504273E-001                  4.3655685366743686E+000                 -7.9527819100606800E+000                  4.5503672018471288E+000                  7.5579999999986502E-001                  2.4280000000013482E-001                  1.4000000000001789E-003                  1.9061337440384493E-027                  0.0000000000000000E+000                  0.0000000000000000E+000                                        0                 -9.8999999999999986E+001                 -9.9000000000000000E+001                 -9.9000000000000000E+001 
                                      86                  1.9999987972858744E+000                  4.3614538526258290E-001                  4.3699491569876958E+000                 -7.9390859154240339E+000                  4.5684903199022289E+000                  7.5579999999986514E-001                  2.4280000000013482E-001                  1.4000000000000679E-003                  1.9672103176000220E-027                  0.0000000000000000E+000                  0.0000000000000000E+000                                        0                 -9.8999999999999986E+001                 -9.9000000000000000E+001                 -9.9000000000000000E+001 
                                      87                  1.9999987972546243E+000                  4.3611813600079918E-001                  4.3742109556145952E+000                 -7.9259911203602202E+000                  4.5858916384875776E+000                  7.5579999999986502E-001                  2.4280000000013482E-001                  1.4000000000001789E-003                  2.0274351713261318E-027                  0.0000000000000000E+000                  0.0000000000000000E+000                                        0                 -9.8999999999999986E+001                 -9.9000000000000000E+001                 -9.9000000000000000E+001 
                                      88                  1.9999987971921245E+000                  4.3606524154471621E-001                  4.3789686137760411E+000                 -7.9113247501415644E+000                  4.6053586398463517E+000                  7.5579999999986514E-001                  2.4280000000013485E-001                  1.4000000000000679E-003                  2.0970796487016859E-027                  0.0000000000000000E+000                  0.0000000000000000E+000                                        0                 -9.8999999999999986E+001                 -9.9000000000000000E+001                 -9.9000000000000000E+001 
                                      89                  1.9999987971452495E+000                  4.3602687594953227E-001                  4.3829101314306014E+000                 -7.8992759755931772E+000                  4.6213826767301933E+000                  7.5579999999986514E-001                  2.4280000000013482E-001                  1.4000000000000679E-003                  2.1560807273150804E-027                  0.0000000000000000E+000                  0.0000000000000000E+000                                        0                 -9.8999999999999986E+001                 -9.9000000000000000E+001                 -9.9000000000000000E+001 
                                      90                  1.9999987970983744E+000                  4.3598955035772596E-001                  4.3873599618334786E+000                 -7.8857793724088312E+000                  4.6393655134256369E+000                  7.5579999999986502E-001                  2.4280000000013482E-001                  1.4000000000001789E-003                  2.2241451083586798E-027                  0.0000000000000000E+000                  0.0000000000000000E+000                                        0                 -9.8999999999999986E+001                 -9.9000000000000000E+001                 -9.9000000000000000E+001 
                                      91                  1.9999987970358746E+000                  4.3594129148071320E-001                  4.3922441498588611E+000                 -7.8710120479757162E+000                  4.6590535134818731E+000                  7.5579999999986514E-001                  2.4280000000013482E-001                  1.4000000000000679E-003                  2.3010820673991983E-027                  0.0000000000000000E+000                  0.0000000000000000E+000                                        0                 -9.8999999999999986E+001                 -9.9000000000000000E+001                 -9.9000000000000000E+001 
                                      92                  1.9999987969733746E+000                  4.3589463067143719E-001                  4.3969400013025908E+000                 -7.8568989040728026E+000                  4.6778954868567544E+000                  7.5579999999986514E-001                  2.4280000000013482E-001                  1.4000000000000679E-003                  2.3770968139639116E-027                  0.0000000000000000E+000                  0.0000000000000000E+000                                        0                 -9.8999999999999986E+001                 -9.9000000000000000E+001                 -9.9000000000000000E+001 
                                      93                  1.9999987969108746E+000                  4.3584944748148280E-001                  4.4020237531935136E+000                 -7.8417452583534111E+000                  4.6981675183494431E+000                  7.5579999999986514E-001                  2.4280000000013485E-001                  1.4000000000000679E-003                  2.4615138432940619E-027                  0.0000000000000000E+000                  0.0000000000000000E+000                                        0                 -9.8999999999999986E+001                 -9.9000000000000000E+001                 -9.9000000000000000E+001 
                                      94                  1.9999987968327495E+000                  4.3579488641233188E-001                  4.4084985334995173E+000                 -7.8226138705265784E+000                  4.7238164960709028E+000                  7.5579999999986502E-001                  2.4280000000013491E-001                  1.4000000000000679E-003                  2.5723848632724174E-027                  0.0000000000000000E+000                  0.0000000000000000E+000                                        0                 -9.8999999999999986E+001                 -9.9000000000000000E+001                 -9.9000000000000000E+001 
                                      95                  1.9999987967233748E+000                  4.3572176054197870E-001                  4.4151185741421850E+000                 -7.8030792707040861E+000                  4.7500104168962398E+000                  7.5579999999986502E-001                  2.4280000000013488E-001                  1.4000000000000679E-003                  2.6907473444450042E-027                  0.0000000000000000E+000                  0.0000000000000000E+000                                        0                 -9.8999999999999986E+001                 -9.9000000000000000E+001                 -9.9000000000000000E+001 
                                      96                  1.9999987966296249E+000                  4.3566181053002606E-001                  4.4199749567007203E+000                 -7.7888268770377049E+000                  4.7691469138646179E+000                  7.5579999999986514E-001                  2.4280000000013485E-001                  1.4000000000000679E-003                  2.7805267708164124E-027                  0.0000000000000000E+000                  0.0000000000000000E+000                                        0                 -9.8999999999999986E+001                 -9.9000000000000000E+001                 -9.9000000000000000E+001 
                                      97                  1.9999987965671249E+000                  4.3562312098857858E-001                  4.4246747078006834E+000                 -7.7752204262961904E+000                  4.7874820551475699E+000                  7.5579999999986502E-001                  2.4280000000013488E-001                  1.4000000000000679E-003                  2.8690310305785344E-027                  0.0000000000000000E+000                  0.0000000000000000E+000                                        0                 -9.8999999999999986E+001                 -9.9000000000000000E+001                 -9.9000000000000000E+001 
                                      98                  1.9999987964733750E+000                  4.3556685825645214E-001                  4.4291823722126056E+000                 -7.7621526280397450E+000                  4.8050833105011970E+000                  7.5579999999986502E-001                  2.4280000000013491E-001                  1.4000000000000679E-003                  2.9566826660427717E-027                  0.0000000000000000E+000                  0.0000000000000000E+000                                        0                 -9.8999999999999986E+001                 -9.9000000000000000E+001                 -9.9000000000000000E+001 
                                      99                  1.9999987964108750E+000                  4.3553044992564016E-001                  4.4326855649131360E+000                 -7.7520875888541196E+000                  4.8186725767758336E+000                  7.5579999999986514E-001                  2.4280000000013485E-001                  1.4000000000000679E-003                  3.0260148779882310E-027                  0.0000000000000000E+000                  0.0000000000000000E+000                                        0                 -9.8999999999999986E+001                 -9.9000000000000000E+001                 -9.9000000000000000E+001 
                                     100                  1.9999987963483752E+000                  4.3549486683092731E-001                  4.4369436019548694E+000                 -7.7399575119106325E+000                  4.8350874729035827E+000                  7.5579999999986502E-001                  2.4280000000013488E-001                  1.4000000000000679E-003                  3.1117358858380360E-027                  0.0000000000000000E+000                  0.0000000000000000E+000                                        0                 -9.8999999999999986E+001                 -9.9000000000000000E+001                 -9.9000000000000000E+001 
                                     101                  1.9999987962546253E+000                  4.3544294665535532E-001                  4.4415573553209491E+000                 -7.7268371256295252E+000                  4.8528500183610648E+000                  7.5579999999986502E-001                  2.4280000000013488E-001                  1.4000000000000679E-003                  3.2071912784000461E-027                  0.0000000000000000E+000                  0.0000000000000000E+000                                        0                 -9.8999999999999986E+001                 -9.9000000000000000E+001                 -9.9000000000000000E+001 
                                     102                  1.9999987961725942E+000                  4.3539885383902754E-001                  4.4464149329241378E+000                 -7.7131699181229036E+000                  4.8714068021552004E+000                  7.5579999999986502E-001                  2.4280000000013485E-001                  1.4000000000000679E-003                  3.3097403025383087E-027                  0.0000000000000000E+000                  0.0000000000000000E+000                                        0                 -9.8999999999999986E+001                 -9.9000000000000000E+001                 -9.9000000000000000E+001 
                                     103                  1.9999987960632191E+000                  4.3534186484511783E-001                  4.4524074077952331E+000                 -7.6964420232734083E+000                  4.8941682227516816E+000                  7.5579999999986502E-001                  2.4280000000013488E-001                  1.4000000000000679E-003                  3.4397281110783258E-027                  0.0000000000000000E+000                  0.0000000000000000E+000                                        0                 -9.8999999999999986E+001                 -9.9000000000000000E+001                 -9.9000000000000000E+001 
                                     104                  1.9999987959265004E+000                  4.3527329053426173E-001                  4.4583035181323165E+000                 -7.6800685997165123E+000                  4.9164788807133135E+000                  7.5579999999986502E-001                  2.4280000000013485E-001                  1.4000000000000679E-003                  3.5719044773098869E-027                  0.0000000000000000E+000                  0.0000000000000000E+000                                        0                 -9.8999999999999986E+001                 -9.9000000000000000E+001                 -9.9000000000000000E+001 
                                     105                  1.9999987958093128E+000                  4.3521666281856780E-001                  4.4635328876238765E+000                 -7.6657028543678454E+000                  4.9361131652972672E+000                  7.5579999999986502E-001                  2.4280000000013485E-001                  1.4000000000000679E-003                  3.6920504991680600E-027                  0.0000000000000000E+000                  0.0000000000000000E+000                                        0                 -9.8999999999999986E+001                 -9.9000000000000000E+001                 -9.9000000000000000E+001 
                                     106                  1.9999987956921252E+000                  4.3516185652296330E-001                  4.4694032473914964E+000                 -7.6497719869516727E+000                  4.9579621199209978E+000                  7.5579999999986502E-001                  2.4280000000013488E-001                  1.4000000000000679E-003                  3.8300179952489873E-027                  0.0000000000000000E+000                  0.0000000000000000E+000                                        0                 -9.8999999999999986E+001                 -9.9000000000000000E+001                 -9.9000000000000000E+001 
                                     107                  1.9999987955358756E+000                  4.3509138295882727E-001                  4.4750126173221103E+000                 -7.6346127230293730E+000                  4.9787775128607175E+000                  7.5579999999986502E-001                  2.4280000000013488E-001                  1.4000000000000679E-003                  3.9660877653222794E-027                  0.0000000000000000E+000                  0.0000000000000000E+000                                        0                 -9.8999999999999986E+001                 -9.9000000000000000E+001                 -9.9000000000000000E+001 
                                     108                  1.9999987954186880E+000                  4.3504031946303034E-001                  4.4796571425613632E+000                 -7.6222107708170732E+000                  4.9958660028791337E+000                  7.5579999999986502E-001                  2.4280000000013488E-001                  1.4000000000000679E-003                  4.0809956902287169E-027                  0.0000000000000000E+000                  0.0000000000000000E+000                                        0                 -9.8999999999999986E+001                 -9.9000000000000000E+001                 -9.9000000000000000E+001 
                                     109                  1.9999987953015006E+000                  4.3499067627643029E-001                  4.4848988693791769E+000                 -7.6083728750296782E+000                  5.0149967674686398E+000                  7.5579999999986502E-001                  2.4280000000013488E-001                  1.4000000000000679E-003                  4.2131424446809337E-027                  0.0000000000000000E+000                  0.0000000000000000E+000                                        0                 -9.8999999999999986E+001                 -9.9000000000000000E+001                 -9.9000000000000000E+001 
                                     110                  1.9999987951452507E+000                  4.3492653595001102E-001                  4.4906528291810206E+000                 -7.5932949061150161E+000                  5.0358879537264318E+000                  7.5579999999986502E-001                  2.4280000000013488E-001                  1.4000000000000679E-003                  4.3620079225733760E-027                  0.0000000000000000E+000                  0.0000000000000000E+000                                        0                 -9.8999999999999986E+001                 -9.9000000000000000E+001                 -9.9000000000000000E+001 
                                     111                  1.9999987949890010E+000                  4.3486455726243395E-001                  4.4961859550596879E+000                 -7.5789460346814987E+000                  5.0558312745447118E+000                  7.5579999999986502E-001                  2.4280000000013488E-001                  1.4000000000000679E-003                  4.5085572081230929E-027                  0.0000000000000000E+000                  0.0000000000000000E+000                                        0                 -9.8999999999999986E+001                 -9.9000000000000000E+001                 -9.9000000000000000E+001 
                                     112                  1.9999987948327511E+000                  4.3480456759464031E-001                  4.5015161682961997E+000                 -7.5652618143001034E+000                  5.0749091528662085E+000                  7.5579999999986502E-001                  2.4280000000013488E-001                  1.4000000000000679E-003                  4.6529029968156094E-027                  0.0000000000000000E+000                  0.0000000000000000E+000                                        0                 -9.8999999999999986E+001                 -9.9000000000000000E+001                 -9.9000000000000000E+001 
                                     113                  1.9999987946765012E+000                  4.3474641495267230E-001                  4.5079351406955288E+000                 -7.5490270766028962E+000                  5.0976470413321646E+000                  7.5579999999986502E-001                  2.4280000000013488E-001                  1.4000000000000679E-003                  4.8301585143448912E-027                  0.0000000000000000E+000                  0.0000000000000000E+000                                        0                 -9.8999999999999986E+001                 -9.9000000000000000E+001                 -9.9000000000000000E+001 
                                     114                  1.9999987944421265E+000                  4.3466234529057518E-001                  4.5140531380528923E+000                 -7.5336069625610351E+000                  5.1192697869592845E+000                  7.5579999999986502E-001                  2.4280000000013488E-001                  1.4000000000000679E-003                  5.0047692431050580E-027                  0.0000000000000000E+000                  0.0000000000000000E+000                                        0                 -9.8999999999999986E+001                 -9.9000000000000000E+001                 -9.9000000000000000E+001 
                                     115                  1.9999987942858766E+000                  4.3460822810374861E-001                  4.5187857041596668E+000                 -7.5218483878311808E+000                  5.1358329350090717E+000                  7.5579999999986502E-001                  2.4280000000013488E-001                  1.4000000000000679E-003                  5.1421485185143755E-027                  0.0000000000000000E+000                  0.0000000000000000E+000                                        0                 -9.8999999999999986E+001                 -9.9000000000000000E+001                 -9.9000000000000000E+001 
                                     116                  1.9999987941296267E+000                  4.3455553705407590E-001                  4.5233737304716692E+000                 -7.5105489896491573E+000                  5.1517951386589775E+000                  7.5579999999986502E-001                  2.4280000000013491E-001                  1.4000000000000679E-003                  5.2777151340163628E-027                  0.0000000000000000E+000                  0.0000000000000000E+000                                        0                 -9.8999999999999986E+001                 -9.9000000000000000E+001                 -9.9000000000000000E+001 
                                     117                  1.9999987939733772E+000                  4.3450418077818420E-001                  4.5278267622695845E+000                 -7.4996764245589684E+000                  5.1671985581269455E+000                  7.5579999999986502E-001                  2.4280000000013488E-001                  1.4000000000000679E-003                  5.4115340128702102E-027                  0.0000000000000000E+000                  0.0000000000000000E+000                                        0                 -9.8999999999999986E+001                 -9.9000000000000000E+001                 -9.9000000000000000E+001 
                                     118                  1.9999987938171273E+000                  4.3445407669164027E-001                  4.5332283384968788E+000                 -7.4866564726554721E+000                  5.1857233486842613E+000                  7.5579999999986502E-001                  2.4280000000013488E-001                  1.4000000000000679E-003                  5.5762550447518600E-027                  0.0000000000000000E+000                  0.0000000000000000E+000                                        0                 -9.8999999999999986E+001                 -9.9000000000000000E+001                 -9.9000000000000000E+001 
                                     119                  1.9999987935827523E+000                  4.3438110925984402E-001                  4.5384245388862769E+000                 -7.4741806950434135E+000                  5.2035018893587832E+000                  7.5579999999986502E-001                  2.4280000000013488E-001                  1.4000000000000679E-003                  5.7387939042495109E-027                  0.0000000000000000E+000                  0.0000000000000000E+000                                        0                 -9.8999999999999986E+001                 -9.9000000000000000E+001                 -9.9000000000000000E+001 
                                     120                  1.9999987934265027E+000                  4.3433382218946431E-001                  4.5434744991407046E+000                 -7.4622590952104941E+000                  5.2205884642594214E+000                  7.5579999999986502E-001                  2.4280000000013485E-001                  1.4000000000000679E-003                  5.8985379912684069E-027                  0.0000000000000000E+000                  0.0000000000000000E+000                                        0                 -9.8999999999999986E+001                 -9.9000000000000000E+001                 -9.9000000000000000E+001 
                                     121                  1.9999987931921277E+000                  4.3426478445155703E-001                  4.5483499112746815E+000                 -7.4508043604186662E+000                  5.2370384279825890E+000                  7.5579999999986502E-001                  2.4280000000013488E-001                  1.4000000000000679E-003                  6.0562139909917764E-027                  0.0000000000000000E+000                  0.0000000000000000E+000                                        0                 -9.8999999999999986E+001                 -9.9000000000000000E+001                 -9.9000000000000000E+001 
                                     122                  1.9999987930358778E+000                  4.3421993972449852E-001                  4.5521543051281830E+000                 -7.4419802302818638E+000                  5.2497691888444082E+000                  7.5579999999986502E-001                  2.4280000000013488E-001                  1.4000000000000679E-003                  6.1805478938716635E-027                  0.0000000000000000E+000                  0.0000000000000000E+000                                        0                 -9.8999999999999986E+001                 -9.9000000000000000E+001                 -9.9000000000000000E+001 
                                     123                  1.9999987928796281E+000                  4.3417598349254605E-001                  4.5577197146521380E+000                 -7.4292813361968388E+000                  5.2681991344389498E+000                  7.5579999999986502E-001                  2.4280000000013488E-001                  1.4000000000000679E-003                  6.3639718624653107E-027                  0.0000000000000000E+000                  0.0000000000000000E+000                                        0                 -9.8999999999999986E+001                 -9.9000000000000000E+001                 -9.9000000000000000E+001 
                                     124                  1.9999987925671283E+000                  4.3409056623696646E-001                  4.5648382870417548E+000                 -7.4132036544412658E+000                  5.2916334476446059E+000                  7.5579999999986502E-001                  2.4280000000013488E-001                  1.4000000000000679E-003                  6.6040293795512075E-027                  0.0000000000000000E+000                  0.0000000000000000E+000                                        0                 -9.8999999999999986E+001                 -9.9000000000000000E+001                 -9.9000000000000000E+001 
                                     125                  1.9999987922546285E+000                  4.3400820561851261E-001                  4.5716677896162246E+000                 -7.3980458668220672E+000                  5.3138841813669222E+000                  7.5579999999986502E-001                  2.4280000000013488E-001                  1.4000000000000679E-003                  6.8386397337950322E-027                  0.0000000000000000E+000                  0.0000000000000000E+000                                        0                 -9.8999999999999986E+001                 -9.9000000000000000E+001                 -9.9000000000000000E+001 
                                     126                  1.9999987919421287E+000                  4.3392862547407801E-001                  4.5782298057464805E+000                 -7.3837175049516608E+000                  5.3350654092428798E+000                  7.5579999999986502E-001                  2.4280000000013488E-001                  1.4000000000000679E-003                  7.0680711825860081E-027                  0.0000000000000000E+000                  0.0000000000000000E+000                                        0                 -9.8999999999999986E+001                 -9.9000000000000000E+001                 -9.9000000000000000E+001 
                                     127                  1.9999987916296289E+000                  4.3385158635813970E-001                  4.5845410829963438E+000                 -7.3701380099904261E+000                  5.3552754646339773E+000                  7.5579999999986502E-001                  2.4280000000013488E-001                  1.4000000000000679E-003                  7.2926124164976763E-027                  0.0000000000000000E+000                  0.0000000000000000E+000                                        0                 -9.8999999999999986E+001                 -9.9000000000000000E+001                 -9.9000000000000000E+001 
                                     128                  1.9999987913171289E+000                  4.3377687968195283E-001                  4.5906152936813518E+000                 -7.3572363351420540E+000                  5.3745997098511946E+000                  7.5579999999986514E-001                  2.4280000000013488E-001                  1.3999999999999568E-003                  7.5125510125502705E-027                  0.0000000000000000E+000                  0.0000000000000000E+000                                        0                 -9.8999999999999986E+001                 -9.9000000000000000E+001                 -9.9000000000000000E+001 
                                     129                  1.9999987910046291E+000                  4.3370432279598298E-001                  4.5964640091694964E+000                 -7.3449496349989865E+000                  5.3931127218890635E+000                  7.5579999999986514E-001                  2.4280000000013491E-001                  1.3999999999999568E-003                  7.7281700905704297E-027                  0.0000000000000000E+000                  0.0000000000000000E+000                                        0                 -9.8999999999999986E+001                 -9.9000000000000000E+001                 -9.9000000000000000E+001 
                                     130                  1.9999987906921293E+000                  4.3363375498881329E-001                  4.6013973430668154E+000                 -7.3346500163011417E+000                  5.4086984682634718E+000                  7.5579999999986502E-001                  2.4280000000013491E-001                  1.4000000000000679E-003                  7.9136792850123807E-027                  0.0000000000000000E+000                  0.0000000000000000E+000                                        0                 -9.8999999999999986E+001                 -9.9000000000000000E+001                 -9.9000000000000000E+001 
                                     131                  1.9999987904577543E+000                  4.3358204771014291E-001                  4.6055057797179773E+000                 -7.3261446439455886E+000                  5.4216325319360799E+000                  7.5579999999986502E-001                  2.4280000000013491E-001                  1.4000000000000679E-003                  8.0702245164103302E-027                  0.0000000000000000E+000                  0.0000000000000000E+000                                        1                  1.1594474493278263E+001                  1.1594474493278263E+001                 -9.9000000000000000E+001 
                                     132                  1.9999987902233798E+000                  4.3353132529153360E-001                  4.6101628905393124E+000                 -7.3165694319517707E+000                  5.4362576907683025E+000                  7.5579999999986502E-001                  2.4280000000013491E-001                  1.4000000000000679E-003                  8.2501695804628584E-027                  0.0000000000000000E+000                  0.0000000000000000E+000                                        1                  1.2575991721162543E+001                  1.2575991721162543E+001                 -9.9000000000000000E+001 
                                     133                  1.9999987899108798E+000                  4.3346514345213594E-001                  4.6152946926087495E+000                 -7.3060274526097322E+000                  5.4524001237109658E+000                  7.5579999999986502E-001                  2.4280000000013491E-001                  1.4000000000000679E-003                  8.4529273024239592E-027                  0.0000000000000000E+000                  0.0000000000000000E+000                                        1                  1.2950345893238380E+001                  1.2950345893238380E+001                 -9.9000000000000000E+001 
                                     134                  1.9999987895983802E+000                  4.3340051956716480E-001                  4.6226902069274809E+000                 -7.2910173019520181E+000                  5.4755550616976407E+000                  7.5579999999986502E-001                  2.4280000000013491E-001                  1.4000000000000679E-003                  8.7502523446812306E-027                  0.0000000000000000E+000                  0.0000000000000000E+000                                        1                  1.3168514565494689E+001                  1.3168514565494689E+001                 -9.9000000000000000E+001 
                                     135                  1.9999987889733801E+000                  4.3327558079261036E-001                  4.6296006220773984E+000                 -7.2766823228666508E+000                  5.4975623847649606E+000                  7.5579999999986502E-001                  2.4280000000013491E-001                  1.4000000000000679E-003                  9.0439625432790534E-027                  0.0000000000000000E+000                  0.0000000000000000E+000                                        1                  1.3450381668568360E+001                  1.3450381668568360E+001                 -9.9000000000000000E+001 
                                     136                  1.9999987886608805E+000                  4.3321510098438892E-001                  4.6362296286238163E+000                 -7.2631518517479243E+000                  5.5185194880515729E+000                  7.5579999999986502E-001                  2.4280000000013491E-001                  1.4000000000000679E-003                  9.3302287928881526E-027                  0.0000000000000000E+000                  0.0000000000000000E+000                                        1                  1.3550899042050602E+001                  1.3550899042050602E+001                 -9.9000000000000000E+001 
                                     137                  1.9999987880358809E+000                  4.3309777975026892E-001                  4.6424263317656242E+000                 -7.2501148198369627E+000                  5.5385328034166523E+000                  7.5579999999986502E-001                  2.4280000000013491E-001                  1.4000000000000679E-003                  9.6146244738356809E-027                  0.0000000000000000E+000                  0.0000000000000000E+000                                        1                  1.3704889988013218E+001                  1.3704889988013218E+001                 -9.9000000000000000E+001 
                                     138                  1.9999987877233809E+000                  4.3304081961312269E-001                  4.6464027559879941E+000                 -7.2417582712452120E+000                  5.5513869854632141E+000                  7.5579999999986502E-001                  2.4280000000013491E-001                  1.4000000000000679E-003                  9.8014611347034150E-027                  0.0000000000000000E+000                  0.0000000000000000E+000                                        1                  1.3764987730934081E+001                  1.3764987730934081E+001                 -9.9000000000000000E+001 
                                     139                  1.9999987874108809E+000                  4.3298492322283993E-001                  4.6511925382988553E+000                 -7.2316318818527741E+000                  5.5669453660927823E+000                  7.5579999999986502E-001                  2.4280000000013491E-001                  1.4000000000000679E-003                  1.0032740896023738E-026                  0.0000000000000000E+000                  0.0000000000000000E+000                                        1                  1.3814712660361021E+001                  1.3814712660361021E+001                 -9.9000000000000000E+001 
                                     140                  1.9999987869421314E+000                  4.3290297200711697E-001                  4.6566473287695747E+000                 -7.2198482846417216E+000                  5.5849215856581536E+000                  7.5579999999986502E-001                  2.4280000000013491E-001                  1.4000000000000679E-003                  1.0308749909484430E-026                  0.0000000000000000E+000                  0.0000000000000000E+000                                        1                  1.3874527596564951E+001                  1.3874527596564951E+001                 -9.9000000000000000E+001 
                                     141                  1.9999987864733817E+000                  4.3282316988622904E-001                  4.6626803259292835E+000                 -7.2066126639661228E+000                  5.6050090360553213E+000                  7.5579999999986502E-001                  2.4280000000013491E-001                  1.4000000000000679E-003                  1.0627835568834461E-026                  0.0000000000000000E+000                  0.0000000000000000E+000                                        1                  1.3918953977522639E+001                  1.3918953977522639E+001                 -9.9000000000000000E+001 
                                     142                  1.9999987858483821E+000                  4.3271989560988700E-001                  4.6675276901360281E+000                 -7.1955808360905777E+000                  5.6215323913077260E+000                  7.5579999999986502E-001                  2.4280000000013491E-001                  1.4000000000000679E-003                  1.0901326838581443E-026                  0.0000000000000000E+000                  0.0000000000000000E+000                                        1                  1.3959389108659272E+001                  1.3959389108659272E+001                 -9.9000000000000000E+001 
                                     143                  1.9999987855358825E+000                  4.3266952690218130E-001                  4.6706495317867871E+000                 -7.1884324764238485E+000                  5.6322136248159822E+000                  7.5579999999986502E-001                  2.4280000000013491E-001                  1.4000000000000679E-003                  1.1082289534496066E-026                  0.0000000000000000E+000                  0.0000000000000000E+000                                        1                  1.3972399384317589E+001                  1.3972399384317589E+001                 -9.9000000000000000E+001 
                                     144                  1.9999987852233825E+000                  4.3261996335880337E-001                  4.6759257079046730E+000                 -7.1763026623879007E+000                  5.6503041583969447E+000                  7.5579999999986502E-001                  2.4280000000013491E-001                  1.4000000000000679E-003                  1.1396259938718766E-026                  0.0000000000000000E+000                  0.0000000000000000E+000                                        1                  1.3979473480850306E+001                  1.3979473480850306E+001                 -9.9000000000000000E+001 
                                     145                  1.9999987844421330E+000                  4.3249939656085146E-001                  4.6836104956896625E+000                 -7.1579097841500934E+000                  5.6773210842253095E+000                  7.5579999999986502E-001                  2.4280000000013491E-001                  1.4000000000000679E-003                  1.1889399391328482E-026                  0.0000000000000000E+000                  0.0000000000000000E+000                                        1                  1.3980258850881002E+001                  1.3980258850881002E+001                 -9.9000000000000000E+001 
                                     146                  1.9999987835046333E+000                  4.3236059154872630E-001                  4.6906569848113282E+000                 -7.1402806086536152E+000                  5.7027868997896345E+000                  7.5579999999986502E-001                  2.4280000000013491E-001                  1.4000000000000679E-003                  1.2382082180875798E-026                  0.0000000000000000E+000                  0.0000000000000000E+000                                        1                  1.3957459706674634E+001                  1.3957459706674634E+001                 -9.9000000000000000E+001 
                                     147                  1.9999987827233840E+000                  4.3224942613505168E-001                  4.6960295248867823E+000                 -7.1264090840958616E+000                  5.7225859452542469E+000                  7.5579999999986502E-001                  2.4280000000013491E-001                  1.4000000000000679E-003                  1.2784062477919395E-026                  0.0000000000000000E+000                  0.0000000000000000E+000                                        1                  1.3918136304773808E+001                  1.3918136304773808E+001                 -9.9000000000000000E+001 
                                     148                  1.9999987820983844E+000                  4.3216323071381529E-001                  4.7016679386607674E+000                 -7.1115815229093826E+000                  5.7435917524321303E+000                  7.5579999999986502E-001                  2.4280000000013491E-001                  1.4000000000000679E-003                  1.3228190544909770E-026                  0.0000000000000000E+000                  0.0000000000000000E+000                                        1                  1.3869849927875453E+001                  1.3869849927875453E+001                 -9.9000000000000000E+001 
                                     149                  1.9999987811608848E+000                  4.3203818616982326E-001                  4.7068877467286629E+000                 -7.0971861126295090E+000                  5.7636508246824167E+000                  7.5579999999986502E-001                  2.4280000000013491E-001                  1.4000000000000679E-003                  1.3674132940642996E-026                  0.0000000000000000E+000                  0.0000000000000000E+000                                        1                  1.3761379451076838E+001                  1.3761379451076838E+001                 -9.9000000000000000E+001 
                                     150                  1.9999987805358852E+000                  4.3195748372228887E-001                  4.7128199068251151E+000                 -7.0806556956998179E+000                  5.7865759120650679E+000                  7.5579999999986502E-001                  2.4280000000013491E-001                  1.4000000000000679E-003                  1.4204790287843584E-026                  0.0000000000000000E+000                  0.0000000000000000E+000                                        1                  1.3649194801526541E+001                  1.3649194801526541E+001                 -9.9000000000000000E+001 
                                     151                  1.9999987792858860E+000                  4.3180198007534371E-001                  4.7182319222542342E+000                 -7.0646171569425027E+000                  5.8083817291614617E+000                  7.5579999999986502E-001                  2.4280000000013491E-001                  1.4000000000000679E-003                  1.4739336158804459E-026                  0.0000000000000000E+000                  0.0000000000000000E+000                                        1                  1.3138886971074113E+001                  1.3138886971074113E+001                 -9.9000000000000000E+001 
                                     152                  1.9999987786608859E+000                  4.3172698758003764E-001                  4.7233840022367284E+000                 -7.0493008052001640E+000                  5.8291588361142139E+000                  7.5579999999986502E-001                  2.4280000000013491E-001                  1.4000000000000679E-003                  1.5268582076795801E-026                  0.0000000000000000E+000                  0.0000000000000000E+000                                        0                 -9.8999999999999986E+001                 -9.9000000000000000E+001                 -9.9000000000000000E+001 
                                     153                  1.9999987774108867E+000                  4.3158208995391717E-001                  4.7281336361339248E+000                 -7.0344316173174839E+000                  5.8490130458236953E+000                  7.5579999999986502E-001                  2.4280000000013491E-001                  1.4000000000000679E-003                  1.5800552523522277E-026                  0.0000000000000000E+000                  0.0000000000000000E+000                                        0                 -9.8999999999999986E+001                 -9.9000000000000000E+001                 -9.9000000000000000E+001 
                                     154                  1.9999987767858871E+000                  4.3151202762963936E-001                  4.7323060179849632E+000                 -7.0213377482117085E+000                  5.8664681716397533E+000                  7.5579999999986502E-001                  2.4280000000013491E-001                  1.4000000000000679E-003                  1.6284336218371064E-026                  0.0000000000000000E+000                  0.0000000000000000E+000                                        0                 -9.8999999999999986E+001                 -9.9000000000000000E+001                 -9.9000000000000000E+001 
                                     155                  1.9999987756912481E+000                  4.3139288541230569E-001                  4.7369315458440395E+000                 -7.0063391374075961E+000                  5.8862679336361960E+000                  7.5579999999986502E-001                  2.4280000000013494E-001                  1.4000000000000679E-003                  1.6856726157304850E-026                  0.0000000000000000E+000                  0.0000000000000000E+000                                        0                 -9.8999999999999986E+001                 -9.9000000000000000E+001                 -9.9000000000000000E+001 
                                     156                  1.9999987747519690E+000                  4.3129404883831951E-001                  4.7409795895584805E+000                 -6.9929850505666993E+000                  5.9038021982973383E+000                  7.5579999999986514E-001                  2.4280000000013491E-001                  1.3999999999999568E-003                  1.7383268776400762E-026                  0.0000000000000000E+000                  0.0000000000000000E+000                                        0                 -9.8999999999999986E+001                 -9.9000000000000000E+001                 -9.9000000000000000E+001 
                                     157                  1.9999987738126901E+000                  4.3119814064419487E-001                  4.7457840192962406E+000                 -6.9769391142987844E+000                  5.9247871909926006E+000                  7.5579999999986502E-001                  2.4280000000013488E-001                  1.4000000000000679E-003                  1.8037752528403847E-026                  0.0000000000000000E+000                  0.0000000000000000E+000                                        0                 -9.8999999999999986E+001                 -9.9000000000000000E+001                 -9.9000000000000000E+001 
                                     158                  1.9999987724037716E+000                  4.3105938424387735E-001                  4.7511584844030512E+000                 -6.9584866989559666E+000                  5.9487296429245502E+000                  7.5579999999986502E-001                  2.4280000000013488E-001                  1.4000000000000679E-003                  1.8820915916391933E-026                  0.0000000000000000E+000                  0.0000000000000000E+000                                        0                 -9.8999999999999986E+001                 -9.9000000000000000E+001                 -9.9000000000000000E+001 
                                     159                  1.9999987709948530E+000                  4.3092627494092556E-001                  4.7561893110064259E+000                 -6.9408806880672413E+000                  5.9714479599879571E+000                  7.5579999999986502E-001                  2.4280000000013491E-001                  1.4000000000000679E-003                  1.9599840026198093E-026                  0.0000000000000000E+000                  0.0000000000000000E+000                                        0                 -9.8999999999999986E+001                 -9.9000000000000000E+001                 -9.9000000000000000E+001 
                                     160                  1.9999987695859345E+000                  4.3079833858747085E-001                  4.7601349352998419E+000                 -6.9267861872469663E+000                  5.9895331484764585E+000                  7.5579999999986502E-001                  2.4280000000013494E-001                  1.4000000000000679E-003                  2.0246582346350850E-026                  0.0000000000000000E+000                  0.0000000000000000E+000                                        0                 -9.8999999999999986E+001                 -9.9000000000000000E+001                 -9.9000000000000000E+001 
                                     161                  1.9999987686466554E+000                  4.3071571119228236E-001                  4.7631683817113304E+000                 -6.9158919967029835E+000                  6.0034883475855247E+000                  7.5579999999986502E-001                  2.4280000000013494E-001                  1.4000000000000679E-003                  2.0761063523875279E-026                  0.0000000000000000E+000                  0.0000000000000000E+000                                        0                 -9.8999999999999986E+001                 -9.9000000000000000E+001                 -9.9000000000000000E+001 
                                     162                  1.9999987677073763E+000                  4.3063508525958694E-001                  4.7668179955192338E+000                 -6.9027186624183692E+000                  6.0203367300611328E+000                  7.5579999999986491E-001                  2.4280000000013494E-001                  1.4000000000001789E-003                  2.1400673753017596E-026                  0.0000000000000000E+000                  0.0000000000000000E+000                                        0                 -9.8999999999999986E+001                 -9.9000000000000000E+001                 -9.9000000000000000E+001 
                                     163                  1.9999987662984577E+000                  4.3051767941480412E-001                  4.7709732528665203E+000                 -6.8874763204693839E+000                  6.0397487165064838E+000                  7.5579999999986491E-001                  2.4280000000013494E-001                  1.4000000000001789E-003                  2.2165375751049034E-026                  0.0000000000000000E+000                  0.0000000000000000E+000                                        0                 -9.8999999999999986E+001                 -9.9000000000000000E+001                 -9.9000000000000000E+001 
                                     164                  1.9999987648895392E+000                  4.3040423224754065E-001                  4.7755788416266824E+000                 -6.8704619368147801E+000                  6.0613730964883095E+000                  7.5579999999986491E-001                  2.4280000000013496E-001                  1.4000000000000679E-003                  2.3051305101785122E-026                  0.0000000000000000E+000                  0.0000000000000000E+000                                        0                 -9.8999999999999986E+001                 -9.9000000000000000E+001                 -9.9000000000000000E+001 
                                     165                  1.9999987630109810E+000                  4.3025865062844276E-001                  4.7792927165970349E+000                 -6.8564260323947073E+000                  6.0791114181076633E+000                  7.5579999999986491E-001                  2.4280000000013494E-001                  1.4000000000001789E-003                  2.3808744431940081E-026                  0.0000000000000000E+000                  0.0000000000000000E+000                                        0                 -9.8999999999999986E+001                 -9.9000000000000000E+001                 -9.9000000000000000E+001 
                                     166                  1.9999987620717024E+000                  4.3018812209971646E-001                  4.7822897235076001E+000                 -6.8451554388738671E+000                  6.0933683621943677E+000                  7.5579999999986491E-001                  2.4280000000013494E-001                  1.4000000000001789E-003                  2.4434936634631320E-026                  0.0000000000000000E+000                  0.0000000000000000E+000                                        0                 -9.8999999999999986E+001                 -9.9000000000000000E+001                 -9.9000000000000000E+001 
                                     167                  1.9999987606627838E+000                  4.3008497761883951E-001                  4.7857360634049790E+000                 -6.8320540671734076E+000                  6.1098963915568705E+000                  7.5579999999986502E-001                  2.4280000000013494E-001                  1.4000000000000679E-003                  2.5183579411788536E-026                  0.0000000000000000E+000                  0.0000000000000000E+000                                        0                 -9.8999999999999986E+001                 -9.9000000000000000E+001                 -9.9000000000000000E+001 
                                     168                  1.9999987592538653E+000                  4.2998482793918041E-001                  4.7884939119967171E+000                 -6.8214702727146070E+000                  6.1232170372030215E+000                  7.5579999999986491E-001                  2.4280000000013494E-001                  1.4000000000001789E-003                  2.5805081733972162E-026                  0.0000000000000000E+000                  0.0000000000000000E+000                                        0                 -9.8999999999999986E+001                 -9.9000000000000000E+001                 -9.9000000000000000E+001 
                                     169                  1.9999987583145862E+000                  4.2991963170142722E-001                  4.7906414085548317E+000                 -6.8132238591468353E+000                  6.1335931423974621E+000                  7.5579999999986491E-001                  2.4280000000013494E-001                  1.4000000000001789E-003                  2.6299942113250082E-026                  0.0000000000000000E+000                  0.0000000000000000E+000                                        0                 -9.8999999999999986E+001                 -9.9000000000000000E+001                 -9.9000000000000000E+001 
                                     170                  1.9999987573753071E+000                  4.2985563318397524E-001                  4.7937774444955421E+000                 -6.8012103995012021E+000                  6.1487155435642107E+000                  7.5579999999986491E-001                  2.4280000000013494E-001                  1.4000000000001789E-003                  2.7037895182730336E-026                  0.0000000000000000E+000                  0.0000000000000000E+000                                        0                 -9.8999999999999986E+001                 -9.9000000000000000E+001                 -9.9000000000000000E+001 
                                     171                  1.9999987554967493E+000                  4.2973104716273181E-001                  4.7967709975451012E+000                 -6.7895402153258138E+000                  6.1633455428130128E+000                  7.5579999999986491E-001                  2.4280000000013494E-001                  1.4000000000001789E-003                  2.7774587729418724E-026                  0.0000000000000000E+000                  0.0000000000000000E+000                                        0                 -9.8999999999999986E+001                 -9.9000000000000000E+001                 -9.9000000000000000E+001 
                                     172                  1.9999987545574702E+000                  4.2967036695676936E-001                  4.7987185113128881E+000                 -6.7819738284523536E+000                  6.1728373034259603E+000                  7.5579999999986491E-001                  2.4280000000013494E-001                  1.4000000000001789E-003                  2.8262917794350208E-026                  0.0000000000000000E+000                  0.0000000000000000E+000                                        0                 -9.8999999999999986E+001                 -9.9000000000000000E+001                 -9.9000000000000000E+001 
                                     173                  1.9999987536181911E+000                  4.2961070999039458E-001                  4.8015712025581845E+000                 -6.7709267169512577E+000                  6.1867044593713008E+000                  7.5579999999986491E-001                  2.4280000000013488E-001                  1.4000000000001789E-003                  2.8991355070051783E-026                  0.0000000000000000E+000                  0.0000000000000000E+000                                        0                 -9.8999999999999986E+001                 -9.9000000000000000E+001                 -9.9000000000000000E+001 
                                     174                  1.9999987517396334E+000                  4.2949432201644910E-001                  4.8061237127136405E+000                 -6.7532279601356615E+000                  6.2088987948129342E+000                  7.5579999999986502E-001                  2.4280000000013482E-001                  1.4000000000001789E-003                  3.0197740681411855E-026                  0.0000000000000000E+000                  0.0000000000000000E+000                                        0                 -9.8999999999999986E+001                 -9.9000000000000000E+001                 -9.9000000000000000E+001 
                                     175                  1.9999987489217963E+000                  4.2932654717309005E-001                  4.8104162971312601E+000                 -6.7363105996161643E+000                  6.2300457076604596E+000                  7.5579999999986514E-001                  2.4280000000013480E-001                  1.4000000000000679E-003                  3.1397770578568856E-026                  0.0000000000000000E+000                  0.0000000000000000E+000                                        0                 -9.8999999999999986E+001                 -9.9000000000000000E+001                 -9.9000000000000000E+001 
                                     176                  1.9999987470432383E+000                  4.2921886807292409E-001                  4.8145405304907465E+000                 -6.7201912604611653E+000                  6.2502301079988394E+000                  7.5579999999986514E-001                  2.4280000000013485E-001                  1.4000000000000679E-003                  3.2585541912588545E-026                  0.0000000000000000E+000                  0.0000000000000000E+000                                        0                 -9.8999999999999986E+001                 -9.9000000000000000E+001                 -9.9000000000000000E+001 
                                     177                  1.9999987442254015E+000                  4.2906309280454336E-001                  4.8192336728155700E+000                 -6.7017345313752141E+000                  6.2733070118652483E+000                  7.5579999999986514E-001                  2.4280000000013480E-001                  1.4000000000000679E-003                  3.4000837539993082E-026                  0.0000000000000000E+000                  0.0000000000000000E+000                                        0                 -9.8999999999999986E+001                 -9.9000000000000000E+001                 -9.9000000000000000E+001 
                                     178                  1.9999987414075644E+000                  4.2891364153088235E-001                  4.8229546907758998E+000                 -6.6870333598147216E+000                  6.2916679110478650E+000                  7.5579999999986514E-001                  2.4280000000013482E-001                  1.4000000000000679E-003                  3.5172013454052543E-026                  0.0000000000000000E+000                  0.0000000000000000E+000                                        0                 -9.8999999999999986E+001                 -9.9000000000000000E+001                 -9.9000000000000000E+001 
                                     179                  1.9999987395290066E+000                  4.2881724176531261E-001                  4.8265517513191103E+000                 -6.6729418226750221E+000                  6.3092992758666950E+000                  7.5579999999986514E-001                  2.4280000000013482E-001                  1.4000000000000679E-003                  3.6332480325964750E-026                  0.0000000000000000E+000                  0.0000000000000000E+000                                        0                 -9.8999999999999986E+001                 -9.9000000000000000E+001                 -9.9000000000000000E+001 
                                     180                  1.9999987367111698E+000                  4.2867714424879994E-001                  4.8313600555821292E+000                 -6.6541022949818176E+000                  6.3328687802614789E+000                  7.5579999999986514E-001                  2.4280000000013485E-001                  1.4000000000000679E-003                  3.7944001561568391E-026                  0.0000000000000000E+000                  0.0000000000000000E+000                                        0                 -9.8999999999999986E+001                 -9.9000000000000000E+001                 -9.9000000000000000E+001 
                                     181                  1.9999987329540536E+000                  4.2849808020943153E-001                  4.8365494842783026E+000                 -6.6337049832345691E+000                  6.3583673337020379E+000                  7.5579999999986514E-001                  2.4280000000013488E-001                  1.3999999999999568E-003                  3.9769480109872676E-026                  0.0000000000000000E+000                  0.0000000000000000E+000                                        0                 -9.8999999999999986E+001                 -9.9000000000000000E+001                 -9.9000000000000000E+001 
                                     182                  1.9999987291969377E+000                  4.2832702502297115E-001                  4.8414647025371726E+000                 -6.6144148243037453E+000                  6.3824884004384002E+000                  7.5579999999986514E-001                  2.4280000000013485E-001                  1.4000000000000679E-003                  4.1576625394183717E-026                  0.0000000000000000E+000                  0.0000000000000000E+000                                        0                 -9.8999999999999986E+001                 -9.9000000000000000E+001                 -9.9000000000000000E+001 
                                     183                  1.9999987254398217E+000                  4.2816321201230134E-001                  4.8461355392955268E+000                 -6.5961201305875594E+000                  6.4053735742178048E+000                  7.5579999999986514E-001                  2.4280000000013488E-001                  1.3999999999999568E-003                  4.3366343955870181E-026                  0.0000000000000000E+000                  0.0000000000000000E+000                                        0                 -9.8999999999999986E+001                 -9.9000000000000000E+001                 -9.9000000000000000E+001 
                                     184                  1.9999987216827058E+000                  4.2800598206650325E-001                  4.8511403824607022E+000                 -6.5766242502869936E+000                  6.4297897713608485E+000                  7.5579999999986502E-001                  2.4280000000013485E-001                  1.4000000000000679E-003                  4.5358466150657624E-026                  0.0000000000000000E+000                  0.0000000000000000E+000                                        0                 -9.8999999999999986E+001                 -9.9000000000000000E+001                 -9.9000000000000000E+001 
                                     185                  1.9999987169863112E+000                  4.2781784800374068E-001                  4.8563998175264222E+000                 -6.5561402983230694E+000                  6.4554433075490065E+000                  7.5579999999986502E-001                  2.4280000000013485E-001                  1.4000000000000679E-003                  4.7550239262611615E-026                  0.0000000000000000E+000                  0.0000000000000000E+000                                        0                 -9.8999999999999986E+001                 -9.9000000000000000E+001                 -9.9000000000000000E+001 
                                     186                  1.9999987122899161E+000                  4.2763815332027832E-001                  4.8608930955999829E+000                 -6.5386612836274676E+000                  6.4773386248186897E+000                  7.5579999999986502E-001                  2.4280000000013488E-001                  1.4000000000000679E-003                  4.9504056261011639E-026                  0.0000000000000000E+000                  0.0000000000000000E+000                                        0                 -9.8999999999999986E+001                 -9.9000000000000000E+001                 -9.9000000000000000E+001 
                                     187                  1.9999987085328004E+000                  4.2749991669955512E-001                  4.8647290141594501E+000                 -6.5238331864496368E+000                  6.4959387868710499E+000                  7.5579999999986514E-001                  2.4280000000013480E-001                  1.4000000000000679E-003                  5.1224380604493981E-026                  0.0000000000000000E+000                  0.0000000000000000E+000                                        0                 -9.8999999999999986E+001                 -9.9000000000000000E+001                 -9.9000000000000000E+001 
                                     188                  1.9999987047756844E+000                  4.2736619467274245E-001                  4.8688811210261393E+000                 -6.5078789347951069E+000                  6.5159779301647776E+000                  7.5579999999986502E-001                  2.4280000000013482E-001                  1.4000000000001789E-003                  5.3142201869431537E-026                  0.0000000000000000E+000                  0.0000000000000000E+000                                        0                 -9.8999999999999986E+001                 -9.9000000000000000E+001                 -9.9000000000000000E+001 
                                     189                  1.9999987000792894E+000                  4.2720490698365388E-001                  4.8724142878652108E+000                 -6.4942606393942155E+000                  6.5330708494699108E+000                  7.5579999999986502E-001                  2.4280000000013482E-001                  1.4000000000001789E-003                  5.4835939242991866E-026                  0.0000000000000000E+000                  0.0000000000000000E+000                                        0                 -9.8999999999999986E+001                 -9.9000000000000000E+001                 -9.9000000000000000E+001 
                                     190                  1.9999986972614525E+000                  4.2711103912242859E-001                  4.8754219824470120E+000                 -6.4827852266626262E+000                  6.5475067340597617E+000                  7.5579999999986514E-001                  2.4280000000013482E-001                  1.4000000000000679E-003                  5.6305013194489515E-026                  0.0000000000000000E+000                  0.0000000000000000E+000                                        0                 -9.8999999999999986E+001                 -9.9000000000000000E+001                 -9.9000000000000000E+001 
                                     191                  1.9999986935043366E+000                  4.2698905479963578E-001                  4.8787477891786102E+000                 -6.4701101958902791E+000                  6.5634554807050485E+000                  7.5579999999986514E-001                  2.4280000000013480E-001                  1.4000000000000679E-003                  5.7973460381575426E-026                  0.0000000000000000E+000                  0.0000000000000000E+000                                        0                 -9.8999999999999986E+001                 -9.9000000000000000E+001                 -9.9000000000000000E+001 
                                     192                  1.9999986897472208E+000                  4.2687048070233458E-001                  4.8819682568922431E+000                 -6.4578808336742979E+000                  6.5788557388915434E+000                  7.5579999999986514E-001                  2.4280000000013485E-001                  1.4000000000000679E-003                  5.9630103390702645E-026                  0.0000000000000000E+000                  0.0000000000000000E+000                                        0                 -9.8999999999999986E+001                 -9.9000000000000000E+001                 -9.9000000000000000E+001 
                                     193                  1.9999986859901049E+000                  4.2675510578867643E-001                  4.8850904192749400E+000                 -6.4460674351500913E+000                  6.5937440927463573E+000                  7.5579999999986514E-001                  2.4280000000013485E-001                  1.4000000000000679E-003                  6.1275348954768420E-026                  0.0000000000000000E+000                  0.0000000000000000E+000                                        0                 -9.8999999999999986E+001                 -9.9000000000000000E+001                 -9.9000000000000000E+001 
                                     194                  1.9999986822329889E+000                  4.2664273857699181E-001                  4.8881206167896627E+000                 -6.4346431521405716E+000                  6.6081535815834433E+000                  7.5579999999986514E-001                  2.4280000000013485E-001                  1.4000000000000679E-003                  6.2909577975159050E-026                  0.0000000000000000E+000                  0.0000000000000000E+000                                        0                 -9.8999999999999986E+001                 -9.9000000000000000E+001                 -9.9000000000000000E+001 
                                     195                  1.9999986784758730E+000                  4.2653320477228879E-001                  4.8910645859496489E+000                 -6.4235836475622223E+000                  6.6221141437121460E+000                  7.5579999999986502E-001                  2.4280000000013491E-001                  1.4000000000000679E-003                  6.4533146650869132E-026                  0.0000000000000000E+000                  0.0000000000000000E+000                                        0                 -9.8999999999999986E+001                 -9.9000000000000000E+001                 -9.9000000000000000E+001 
                                     196                  1.9999986747187573E+000                  4.2642634524239531E-001                  4.8939275345465774E+000                 -6.4128667927804459E+000                  6.6356529928812220E+000                  7.5579999999986502E-001                  2.4280000000013488E-001                  1.4000000000000679E-003                  6.6146388685369171E-026                  0.0000000000000000E+000                  0.0000000000000000E+000                                        0                 -9.8999999999999986E+001                 -9.9000000000000000E+001                 -9.9000000000000000E+001 
                                     197                  1.9999986709616413E+000                  4.2632201428549149E-001                  4.8981006278534052E+000                 -6.3974172120396728E+000                  6.6552197292699633E+000                  7.5579999999986502E-001                  2.4280000000013482E-001                  1.4000000000001789E-003                  6.8543321498469898E-026                  0.0000000000000000E+000                  0.0000000000000000E+000                                        0                 -9.8999999999999986E+001                 -9.9000000000000000E+001                 -9.9000000000000000E+001 
                                     198                  1.9999986634474092E+000                  4.2612043196054256E-001                  4.9033932438045786E+000                 -6.3778045128942518E+000                  6.6800533945007095E+000                  7.5579999999986502E-001                  2.4280000000013482E-001                  1.4000000000001789E-003                  7.1711705913252123E-026                  0.0000000000000000E+000                  0.0000000000000000E+000                                        0                 -9.8999999999999986E+001                 -9.9000000000000000E+001                 -9.9000000000000000E+001 
                                     199                  1.9999986559331773E+000                  4.2592748784260182E-001                  4.9074259339938271E+000                 -6.3628846601891942E+000                  6.6989517219557442E+000                  7.5579999999986514E-001                  2.4280000000013488E-001                  1.3999999999999568E-003                  7.4219731528161001E-026                  0.0000000000000000E+000                  0.0000000000000000E+000                                        0                 -9.8999999999999986E+001                 -9.9000000000000000E+001                 -9.9000000000000000E+001 
                                     200                  1.9999986514422905E+000                  4.2581595161743663E-001                  4.9103573131075109E+000                 -6.3521451709563541E+000                  6.7125854788321870E+000                  7.5579999999986502E-001                  2.4280000000013488E-001                  1.4000000000000679E-003                  7.6079173750994585E-026                  0.0000000000000000E+000                  0.0000000000000000E+000                                        0                 -9.8999999999999986E+001                 -9.9000000000000000E+001                 -9.9000000000000000E+001 
                                     201                  1.9999986469514039E+000                  4.2570705682788729E-001                  4.9139215398393388E+000                 -6.3391887206754829E+000                  6.7290632011901161E+000                  7.5579999999986514E-001                  2.4280000000013488E-001                  1.3999999999999568E-003                  7.8384591388992538E-026                  0.0000000000000000E+000                  0.0000000000000000E+000                                        0                 -9.8999999999999986E+001                 -9.9000000000000000E+001                 -9.9000000000000000E+001 
                                     202                  1.9999986402150740E+000                  4.2554836912593069E-001                  4.9180394311029891E+000                 -6.3242484065125248E+000                  6.7480722836991998E+000                  7.5579999999986514E-001                  2.4280000000013485E-001                  1.4000000000000679E-003                  8.1129897313117752E-026                  0.0000000000000000E+000                  0.0000000000000000E+000                                        0                 -9.8999999999999986E+001                 -9.9000000000000000E+001                 -9.9000000000000000E+001 
                                     203                  1.9999986334787436E+000                  4.2539488225937910E-001                  4.9226653331758703E+000                 -6.3076189004511134E+000                  6.7692757636725149E+000                  7.5579999999986514E-001                  2.4280000000013482E-001                  1.4000000000000679E-003                  8.4298853349879969E-026                  0.0000000000000000E+000                  0.0000000000000000E+000                                        0                 -9.8999999999999986E+001                 -9.9000000000000000E+001                 -9.9000000000000000E+001 
                                     204                  1.9999986244969703E+000                  4.2519768246065631E-001                  4.9264568143251717E+000                 -6.2939506702229755E+000                  6.7866919613497245E+000                  7.5579999999986502E-001                  2.4280000000013482E-001                  1.4000000000001789E-003                  8.6996001667855022E-026                  0.0000000000000000E+000                  0.0000000000000000E+000                                        0                 -9.8999999999999986E+001                 -9.9000000000000000E+001                 -9.9000000000000000E+001 
                                     205                  1.9999986200060835E+000                  4.2510204070725444E-001                  4.9301529953236392E+000                 -6.2808501548907776E+000                  6.8034510509272268E+000                  7.5579999999986502E-001                  2.4280000000013482E-001                  1.4000000000001789E-003                  8.9662109435277467E-026                  0.0000000000000000E+000                  0.0000000000000000E+000                                        0                 -9.8999999999999986E+001                 -9.9000000000000000E+001                 -9.9000000000000000E+001 
                                     206                  1.9999986110243100E+000                  4.2491626063792959E-001                  4.9348777578815950E+000                 -6.2641064531206379E+000                  6.8248713490068269E+000                  7.5579999999986514E-001                  2.4280000000013485E-001                  1.4000000000000679E-003                  9.3188976397268541E-026                  0.0000000000000000E+000                  0.0000000000000000E+000                                        0                 -9.8999999999999986E+001                 -9.9000000000000000E+001                 -9.9000000000000000E+001 
                                     207                  1.9999986020425364E+000                  4.2473728143902550E-001                  4.9394108297779686E+000                 -6.2481493246609725E+000                  6.8453175252656999E+000                  7.5579999999986502E-001                  2.4280000000013485E-001                  1.4000000000000679E-003                  9.6679236585485086E-026                  0.0000000000000000E+000                  0.0000000000000000E+000                                        0                 -9.8999999999999986E+001                 -9.9000000000000000E+001                 -9.9000000000000000E+001 
                                     208                  1.9999985930607631E+000                  4.2456454936001642E-001                  4.9432260494286728E+000                 -6.2347683610665623E+000                  6.8624776246073704E+000                  7.5579999999986514E-001                  2.4280000000013488E-001                  1.3999999999999568E-003                  9.9706625582186324E-026                  0.0000000000000000E+000                  0.0000000000000000E+000                                        0                 -9.8999999999999986E+001                 -9.9000000000000000E+001                 -9.9000000000000000E+001 
                                     209                  1.9999985863244327E+000                  4.2443880137570023E-001                  4.9479816171255750E+000                 -6.2183492571242578E+000                  6.8836127600857209E+000                  7.5579999999986514E-001                  2.4280000000013488E-001                  1.3999999999999568E-003                  1.0355126456005945E-025                  0.0000000000000000E+000                  0.0000000000000000E+000                                        0                 -9.8999999999999986E+001                 -9.9000000000000000E+001                 -9.9000000000000000E+001 
                                     210                  1.9999985728517726E+000                  4.2419632791050582E-001                  4.9534993844565349E+000                 -6.1992582297748600E+000                  6.9081746382612934E+000                  7.5579999999986502E-001                  2.4280000000013494E-001                  1.4000000000000679E-003                  1.0820840863197769E-025                  0.0000000000000000E+000                  0.0000000000000000E+000                                        0                 -9.8999999999999986E+001                 -9.9000000000000000E+001                 -9.9000000000000000E+001 
                                     211                  1.9999985616245559E+000                  4.2400266512757001E-001                  4.9587801537961349E+000                 -6.1812114709655752E+000                  6.9314618518798170E+000                  7.5579999999986514E-001                  2.4280000000013491E-001                  1.3999999999999568E-003                  1.1280330980541672E-025                  0.0000000000000000E+000                  0.0000000000000000E+000                                        0                 -9.8999999999999986E+001                 -9.9000000000000000E+001                 -9.9000000000000000E+001 
                                     212                  1.9999985481518958E+000                  4.2377940764397704E-001                  4.9647240844644118E+000                 -6.1610590313031963E+000                  6.9575160328964518E+000                  7.5579999999986514E-001                  2.4280000000013488E-001                  1.3999999999999568E-003                  1.1816540407682560E-025                  0.0000000000000000E+000                  0.0000000000000000E+000                                        0                 -9.8999999999999986E+001                 -9.9000000000000000E+001                 -9.9000000000000000E+001 
                                     213                  1.9999985324337921E+000                  4.2353034485600743E-001                  4.9703632744288644E+000                 -6.1420257214518186E+000                  6.9821501184990620E+000                  7.5579999999986514E-001                  2.4280000000013485E-001                  1.4000000000000679E-003                  1.2346366570521598E-025                  0.0000000000000000E+000                  0.0000000000000000E+000                                        0                 -9.8999999999999986E+001                 -9.9000000000000000E+001                 -9.9000000000000000E+001 
                                     214                  1.9999985189611318E+000                  4.2332569599560210E-001                  4.9757712450696436E+000                 -6.1239849997882603E+000                  7.0055662224155189E+000                  7.5579999999986514E-001                  2.4280000000013485E-001                  1.4000000000000679E-003                  1.2870484832271589E-025                  0.0000000000000000E+000                  0.0000000000000000E+000                                        0                 -9.8999999999999986E+001                 -9.9000000000000000E+001                 -9.9000000000000000E+001 
                                     215                  1.9999985031636698E+000                  4.2309515118323276E-001                  4.9809483192326613E+000                 -6.1067798868416308E+000                  7.0279184070716818E+000                  7.5579999999986502E-001                  2.4280000000013485E-001                  1.4000000000000679E-003                  1.3391050055090004E-025                  0.0000000000000000E+000                  0.0000000000000000E+000                                        0                 -9.8999999999999986E+001                 -9.9000000000000000E+001                 -9.9000000000000000E+001 
                                     216                  1.9999984895719718E+000                  4.2290422351977075E-001                  4.9855476395112959E+000                 -6.0916231869462836E+000                  7.0476503004992521E+000                  7.5579999999986502E-001                  2.4280000000013491E-001                  1.4000000000000679E-003                  1.3867061655987302E-025                  0.0000000000000000E+000                  0.0000000000000000E+000                                        0                 -9.8999999999999986E+001                 -9.9000000000000000E+001                 -9.9000000000000000E+001 
                                     217                  1.9999984759802738E+000                  4.2271960490870486E-001                  4.9907076070244969E+000                 -6.0747811859010623E+000                  7.0696283951789418E+000                  7.5579999999986502E-001                  2.4280000000013488E-001                  1.4000000000000679E-003                  1.4415884270872919E-025                  0.0000000000000000E+000                  0.0000000000000000E+000                                        0                 -9.8999999999999986E+001                 -9.9000000000000000E+001                 -9.9000000000000000E+001 
                                     218                  1.9999984578580097E+000                  4.2248246489878338E-001                  4.9949311566733465E+000                 -6.0609539265357935E+000                  7.0876586874152991E+000                  7.5579999999986502E-001                  2.4280000000013488E-001                  1.4000000000000679E-003                  1.4882673173427410E-025                  0.0000000000000000E+000                  0.0000000000000000E+000                                        0                 -9.8999999999999986E+001                 -9.9000000000000000E+001                 -9.9000000000000000E+001 
                                     219                  1.9999984487968776E+000                  4.2236747073033826E-001                  4.9976775178559611E+000                 -6.0520594077075351E+000                  7.0992881545465805E+000                  7.5579999999986502E-001                  2.4280000000013485E-001                  1.4000000000000679E-003                  1.5190901321606667E-025                  0.0000000000000000E+000                  0.0000000000000000E+000                                        0                 -9.8999999999999986E+001                 -9.9000000000000000E+001                 -9.9000000000000000E+001 
                                     220                  1.9999984397357458E+000                  4.2225471907738166E-001                  5.0003620223137046E+000                 -6.0433955590647317E+000                  7.1106259297472230E+000                  7.5579999999986502E-001                  2.4280000000013485E-001                  1.4000000000000679E-003                  1.5497275011648105E-025                  0.0000000000000000E+000                  0.0000000000000000E+000                                        0                 -9.8999999999999986E+001                 -9.9000000000000000E+001                 -9.9000000000000000E+001 
                                     221                  1.9999984306746137E+000                  4.2214410914888822E-001                  5.0042941820394145E+000                 -6.0308278886542244E+000                  7.1271126975711061E+000                  7.5579999999986502E-001                  2.4280000000013488E-001                  1.4000000000000679E-003                  1.5952717745439124E-025                  0.0000000000000000E+000                  0.0000000000000000E+000                                        0                 -9.8999999999999986E+001                 -9.9000000000000000E+001                 -9.9000000000000000E+001 
                                     222                  1.9999984125523498E+000                  4.2192895731607538E-001                  5.0105720868264152E+000                 -6.0108776891412603E+000                  7.1533220909456388E+000                  7.5579999999986502E-001                  2.4280000000013485E-001                  1.4000000000000679E-003                  1.6703356637240138E-025                  0.0000000000000000E+000                  0.0000000000000000E+000                                        0                 -9.8999999999999986E+001                 -9.9000000000000000E+001                 -9.9000000000000000E+001 
                                     223                  1.9999983853689534E+000                  4.2162016108621797E-001                  5.0159155559855781E+000                 -5.9938011110718374E+000                  7.1757240839688725E+000                  7.5579999999986514E-001                  2.4280000000013488E-001                  1.3999999999999568E-003                  1.7373880541304673E-025                  0.0000000000000000E+000                  0.0000000000000000E+000                                        0                 -9.8999999999999986E+001                 -9.9000000000000000E+001                 -9.9000000000000000E+001 
                                     224                  1.9999983717171286E+000                  4.2147082331377017E-001                  5.0193790649953263E+000                 -5.9828774667227691E+000                  7.1901023977851430E+000                  7.5579999999986514E-001                  2.4280000000013488E-001                  1.3999999999999568E-003                  1.7816861305725840E-025                  0.0000000000000000E+000                  0.0000000000000000E+000                                        0                 -9.8999999999999986E+001                 -9.9000000000000000E+001                 -9.9000000000000000E+001 
                                     225                  1.9999983580653040E+000                  4.2132504641812429E-001                  5.0233242505155378E+000                 -5.9705182786826700E+000                  7.2063983179590636E+000                  7.5579999999986502E-001                  2.4280000000013485E-001                  1.4000000000000679E-003                  1.8331697513739443E-025                  0.0000000000000000E+000                  0.0000000000000000E+000                                        0                 -9.8999999999999986E+001                 -9.9000000000000000E+001                 -9.9000000000000000E+001 
                                     226                  1.9999983397022925E+000                  4.2113424237547847E-001                  5.0276893080706859E+000                 -5.9568729077404470E+000                  7.2243998870603212E+000                  7.5579999999986502E-001                  2.4280000000013485E-001                  1.4000000000000679E-003                  1.8917416716121807E-025                  0.0000000000000000E+000                  0.0000000000000000E+000                                        0                 -9.8999999999999986E+001                 -9.9000000000000000E+001                 -9.9000000000000000E+001 
                                     227                  1.9999983213392805E+000                  4.2094909987590856E-001                  5.0329488099675954E+000                 -5.9405881831256941E+000                  7.2459364767122132E+000                  7.5579999999986514E-001                  2.4280000000013485E-001                  1.4000000000000679E-003                  1.9640985732379362E-025                  0.0000000000000000E+000                  0.0000000000000000E+000                                        0                 -9.8999999999999986E+001                 -9.9000000000000000E+001                 -9.9000000000000000E+001 
                                     228                  1.9999982937949237E+000                  4.2068118941456534E-001                  5.0379589006083192E+000                 -5.9250214494496287E+000                  7.2665048056106434E+000                  7.5579999999986502E-001                  2.4280000000013485E-001                  1.4000000000000679E-003                  2.0358524264098769E-025                  0.0000000000000000E+000                  0.0000000000000000E+000                                        0                 -9.8999999999999986E+001                 -9.9000000000000000E+001                 -9.9000000000000000E+001 
                                     229                  1.9999982754320191E+000                  4.2050860862457839E-001                  5.0418342842486537E+000                 -5.9130868036965234E+000                  7.2823103335391721E+000                  7.5579999999986502E-001                  2.4280000000013485E-001                  1.4000000000000679E-003                  2.0926356429188872E-025                  0.0000000000000000E+000                  0.0000000000000000E+000                                        0                 -9.8999999999999986E+001                 -9.9000000000000000E+001                 -9.9000000000000000E+001 
                                     230                  1.9999982570691146E+000                  4.2034050819238217E-001                  5.0474541293387976E+000                 -5.8959905671543815E+000                  7.3050240149486241E+000                  7.5579999999986502E-001                  2.4280000000013491E-001                  1.4000000000000679E-003                  2.1767488282603664E-025                  0.0000000000000000E+000                  0.0000000000000000E+000                                        0                 -9.8999999999999986E+001                 -9.9000000000000000E+001                 -9.9000000000000000E+001 
                                     231                  1.9999982203433055E+000                  4.2001673541342027E-001                  5.0527673036127112E+000                 -5.8796503880582565E+000                  7.3266714192868223E+000                  7.5579999999986514E-001                  2.4280000000013485E-001                  1.4000000000000679E-003                  2.2603020848122298E-025                  0.0000000000000000E+000                  0.0000000000000000E+000                                        0                 -9.8999999999999986E+001                 -9.9000000000000000E+001                 -9.9000000000000000E+001 
                                     232                  1.9999982019804994E+000                  4.1986056894129548E-001                  5.0562019896683150E+000                 -5.8692095763594079E+000                  7.3405454750122923E+000                  7.5579999999986514E-001                  2.4280000000013485E-001                  1.4000000000000679E-003                  2.3153623497482359E-025                  0.0000000000000000E+000                  0.0000000000000000E+000                                        0                 -9.8999999999999986E+001                 -9.9000000000000000E+001                 -9.9000000000000000E+001 
                                     233                  1.9999981836176937E+000                  4.1970794939162176E-001                  5.0612014379793724E+000                 -5.8541686276375371E+000                  7.3605868441901432E+000                  7.5579999999986502E-001                  2.4280000000013482E-001                  1.4000000000001789E-003                  2.3970493344805675E-025                  0.0000000000000000E+000                  0.0000000000000000E+000                                        0                 -9.8999999999999986E+001                 -9.9000000000000000E+001                 -9.9000000000000000E+001 
                                     234                  1.9999981468920822E+000                  4.1941264422417651E-001                  5.0675284016499083E+000                 -5.8350687692898253E+000                  7.3860134722220749E+000                  7.5579999999986502E-001                  2.4280000000013482E-001                  1.4000000000001789E-003                  2.5049491585431092E-025                  0.0000000000000000E+000                  0.0000000000000000E+000                                        0                 -9.8999999999999986E+001                 -9.9000000000000000E+001                 -9.9000000000000000E+001 
                                     235                  1.9999981101666531E+000                  4.1912948107079934E-001                  5.0735389676369325E+000                 -5.8169996467923903E+000                  7.4100943856750181E+000                  7.5579999999986502E-001                  2.4280000000013482E-001                  1.4000000000001789E-003                  2.6114960765706717E-025                  0.0000000000000000E+000                  0.0000000000000000E+000                                        0                 -9.8999999999999986E+001                 -9.9000000000000000E+001                 -9.9000000000000000E+001 
                                     236                  1.9999980734412237E+000                  4.1885733592936869E-001                  5.0785988924183689E+000                 -5.8017962544629498E+000                  7.4303588177189264E+000                  7.5579999999986502E-001                  2.4280000000013482E-001                  1.4000000000001789E-003                  2.7046499733186509E-025                  0.0000000000000000E+000                  0.0000000000000000E+000                                        0                 -9.8999999999999986E+001                 -9.9000000000000000E+001                 -9.9000000000000000E+001 
                                     237                  1.9999980452843555E+000                  4.1865553386311538E-001                  5.0838832897644428E+000                 -5.7860809877130137E+000                  7.4513628470307571E+000                  7.5579999999986502E-001                  2.4280000000013488E-001                  1.4000000000000679E-003                  2.8044363309708906E-025                  0.0000000000000000E+000                  0.0000000000000000E+000                                        0                 -9.8999999999999986E+001                 -9.9000000000000000E+001                 -9.9000000000000000E+001 
                                     238                  1.9999980030490534E+000                  4.1836308971758052E-001                  5.0889117496771110E+000                 -5.7710238117399397E+000                  7.4714505098811310E+000                  7.5579999999986514E-001                  2.4280000000013488E-001                  1.3999999999999568E-003                  2.9034979914643249E-025                  0.0000000000000000E+000                  0.0000000000000000E+000                                        0                 -9.8999999999999986E+001                 -9.9000000000000000E+001                 -9.9000000000000000E+001 
                                     239                  1.9999979748923054E+000                  4.1817445817953630E-001                  5.0947278176449462E+000                 -5.7538690356513706E+000                  7.4944288742279523E+000                  7.5579999999986502E-001                  2.4280000000013488E-001                  1.4000000000000679E-003                  3.0206338536136378E-025                  0.0000000000000000E+000                  0.0000000000000000E+000                                        0                 -9.8999999999999986E+001                 -9.9000000000000000E+001                 -9.9000000000000000E+001 
                                     240                  1.9999979185788086E+000                  4.1781111467166054E-001                  5.1002073971732331E+000                 -5.7374558477587181E+000                  7.5163236275458427E+000                  7.5579999999986514E-001                  2.4280000000013485E-001                  1.4000000000000679E-003                  3.1371299770393721E-025                  0.0000000000000000E+000                  0.0000000000000000E+000                                        0                 -9.8999999999999986E+001                 -9.9000000000000000E+001                 -9.9000000000000000E+001 
                                     241                  1.9999978904221618E+000                  4.1763585554457833E-001                  5.1046223337160628E+000                 -5.7244098631480043E+000                  7.5337896940281359E+000                  7.5579999999986502E-001                  2.4280000000013491E-001                  1.4000000000000679E-003                  3.2329252587235759E-025                  0.0000000000000000E+000                  0.0000000000000000E+000                                        0                 -9.8999999999999986E+001                 -9.9000000000000000E+001                 -9.9000000000000000E+001 
                                     242                  1.9999978481871921E+000                  4.1738036665963590E-001                  5.1088534677443960E+000                 -5.7118145338964714E+000                  7.5506191998481968E+000                  7.5579999999986502E-001                  2.4280000000013488E-001                  1.4000000000000679E-003                  3.3281876981441891E-025                  0.0000000000000000E+000                  0.0000000000000000E+000                                        0                 -9.8999999999999986E+001                 -9.9000000000000000E+001                 -9.9000000000000000E+001 
                                     243                  1.9999978200305453E+000                  4.1721466867142953E-001                  5.1137726326574171E+000                 -5.6973410573413643E+000                  7.5700187620257227E+000                  7.5579999999986514E-001                  2.4280000000013488E-001                  1.3999999999999568E-003                  3.4411286725034401E-025                  0.0000000000000000E+000                  0.0000000000000000E+000                                        0                 -9.8999999999999986E+001                 -9.9000000000000000E+001                 -9.9000000000000000E+001 
                                     244                  1.9999977637172517E+000                  4.1689359562712697E-001                  5.1207584357180576E+000                 -5.6766902673749042E+000                  7.5976631770191529E+000                  7.5579999999986514E-001                  2.4280000000013485E-001                  1.4000000000000679E-003                  3.6089450348347589E-025                  0.0000000000000000E+000                  0.0000000000000000E+000                                        0                 -9.8999999999999986E+001                 -9.9000000000000000E+001                 -9.9000000000000000E+001 
                                     245                  1.9999976933258874E+000                  4.1650996034836374E-001                  5.1265879219496577E+000                 -5.6592650508444189E+000                  7.6209204763385712E+000                  7.5579999999986502E-001                  2.4280000000013480E-001                  1.4000000000001789E-003                  3.7569041478095172E-025                  0.0000000000000000E+000                  0.0000000000000000E+000                                        0                 -9.8999999999999986E+001                 -9.9000000000000000E+001                 -9.9000000000000000E+001 
                                     246                  1.9999976510910689E+000                  4.1628836915522260E-001                  5.1312971325250514E+000                 -5.6453065853813413E+000                  7.6395925911043303E+000                  7.5579999999986502E-001                  2.4280000000013485E-001                  1.4000000000000679E-003                  3.8797939843318770E-025                  0.0000000000000000E+000                  0.0000000000000000E+000                                        0                 -9.8999999999999986E+001                 -9.9000000000000000E+001                 -9.9000000000000000E+001 
                                     247                  1.9999975986294807E+000                  4.1602137750288620E-001                  5.1361038532015764E+000                 -5.6309890226396480E+000                  7.6587199618345085E+000                  7.5579999999986514E-001                  2.4280000000013482E-001                  1.4000000000000679E-003                  4.0100257683093047E-025                  0.0000000000000000E+000                  0.0000000000000000E+000                                        0                 -9.8999999999999986E+001                 -9.9000000000000000E+001                 -9.9000000000000000E+001 
                                     248                  1.9999975500195701E+000                  4.1578159157603573E-001                  5.1405422439541875E+000                 -5.6177555692502237E+000                  7.6763943653336302E+000                  7.5579999999986514E-001                  2.4280000000013482E-001                  1.4000000000000679E-003                  4.1342836697990405E-025                  0.0000000000000000E+000                  0.0000000000000000E+000                                        0                 -9.8999999999999986E+001                 -9.9000000000000000E+001                 -9.9000000000000000E+001 
                                     249                  1.9999975014096594E+000                  4.1554862191202963E-001                  5.1458686560521691E+000                 -5.6019143671501510E+000                  7.6975658193276848E+000                  7.5579999999986525E-001                  2.4280000000013480E-001                  1.3999999999999568E-003                  4.2881048337596469E-025                  0.0000000000000000E+000                  0.0000000000000000E+000                                        0                 -9.8999999999999986E+001                 -9.9000000000000000E+001                 -9.9000000000000000E+001 
                                     250                  1.9999974284947934E+000                  4.1521101973656155E-001                  5.1529107535196710E+000                 -5.5808686084885784E+000                  7.7256566374968809E+000                  7.5579999999986514E-001                  2.4280000000013480E-001                  1.4000000000000679E-003                  4.5013585217007649E-025                  0.0000000000000000E+000                  0.0000000000000000E+000                                        0                 -9.8999999999999986E+001                 -9.9000000000000000E+001                 -9.9000000000000000E+001 
                                     251                  1.9999973312753199E+000                  4.1478104001702487E-001                  5.1585441679322672E+000                 -5.5636985105702133E+000                  7.7484557376578538E+000                  7.5579999999986514E-001                  2.4280000000013485E-001                  1.4000000000000679E-003                  4.6831790114167072E-025                  0.0000000000000000E+000                  0.0000000000000000E+000                                        0                 -9.8999999999999986E+001                 -9.9000000000000000E+001                 -9.9000000000000000E+001 
                                     252                  1.9999972826655830E+000                  4.1457392879196231E-001                  5.1630639127993829E+000                 -5.5500579092547619E+000                  7.7666152351724067E+000                  7.5579999999986514E-001                  2.4280000000013485E-001                  1.4000000000000679E-003                  4.8328490820975525E-025                  0.0000000000000000E+000                  0.0000000000000000E+000                                        0                 -9.8999999999999986E+001                 -9.9000000000000000E+001                 -9.9000000000000000E+001 
                                     253                  1.9999972097509777E+000                  4.1427233853591600E-001                  5.1699309662129620E+000                 -5.5292857686639749E+000                  7.7942521360763539E+000                  7.5579999999986502E-001                  2.4280000000013485E-001                  1.4000000000000679E-003                  5.0700161221402723E-025                  0.0000000000000000E+000                  0.0000000000000000E+000                                        0                 -9.8999999999999986E+001                 -9.9000000000000000E+001                 -9.9000000000000000E+001 
                                     254                  1.9999970882270726E+000                  4.1379186959036424E-001                  5.1755054073104940E+000                 -5.5119310522956235E+000                  7.8171694873798394E+000                  7.5579999999986502E-001                  2.4280000000013485E-001                  1.4000000000000679E-003                  5.2770724311656608E-025                  0.0000000000000000E+000                  0.0000000000000000E+000                                        0                 -9.8999999999999986E+001                 -9.9000000000000000E+001                 -9.9000000000000000E+001 
                                     255                  1.9999970396175102E+000                  4.1360678549646152E-001                  5.1801193336397269E+000                 -5.4977836445478472E+000                  7.8359253899879118E+000                  7.5579999999986502E-001                  2.4280000000013491E-001                  1.4000000000000679E-003                  5.4521089807248609E-025                  0.0000000000000000E+000                  0.0000000000000000E+000                                        0                 -9.8999999999999986E+001                 -9.9000000000000000E+001                 -9.9000000000000000E+001 
                                     256                  1.9999969423983859E+000                  4.1324780760992136E-001                  5.1859292915623589E+000                 -5.4796938021547579E+000                  7.8598128049607414E+000                  7.5579999999986502E-001                  2.4280000000013488E-001                  1.4000000000000679E-003                  5.6844141269126816E-025                  0.0000000000000000E+000                  0.0000000000000000E+000                                        0                 -9.8999999999999986E+001                 -9.9000000000000000E+001                 -9.9000000000000000E+001 
                                     257                  1.9999968451796151E+000                  4.1290263803766941E-001                  5.1906770180079569E+000                 -5.4647489077291844E+000                  7.8794920406686950E+000                  7.5579999999986502E-001                  2.4280000000013488E-001                  1.4000000000000679E-003                  5.8837875760203668E-025                  0.0000000000000000E+000                  0.0000000000000000E+000                                        0                 -9.8999999999999986E+001                 -9.9000000000000000E+001                 -9.9000000000000000E+001 
                                     258                  1.9999967745160265E+000                  4.1265974485902518E-001                  5.1964238280426276E+000                 -5.4467908031295460E+000                  7.9031833836908385E+000                  7.5579999999986502E-001                  2.4280000000013488E-001                  1.4000000000000679E-003                  6.1326387896801514E-025                  0.0000000000000000E+000                  0.0000000000000000E+000                                        0                 -9.8999999999999986E+001                 -9.9000000000000000E+001                 -9.9000000000000000E+001 
                                     259                  1.9999966331888499E+000                  4.1219249165141086E-001                  5.2035482909107458E+000                 -5.4240623958462617E+000                  7.9330101410434759E+000                  7.5579999999986502E-001                  2.4280000000013491E-001                  1.4000000000000679E-003                  6.4627539526959384E-025                  0.0000000000000000E+000                  0.0000000000000000E+000                                        0                 -9.8999999999999986E+001                 -9.9000000000000000E+001                 -9.9000000000000000E+001 
                                     260                  1.9999964918621984E+000                  4.1174766540327351E-001                  5.2085393641864526E+000                 -5.4078465695521816E+000                  7.9541929375750131E+000                  7.5579999999986502E-001                  2.4280000000013485E-001                  1.4000000000000679E-003                  6.7090952403337702E-025                  0.0000000000000000E+000                  0.0000000000000000E+000                                        0                 -9.8999999999999986E+001                 -9.9000000000000000E+001                 -9.9000000000000000E+001 
                                     261                  1.9999964211988726E+000                  4.1153291495446931E-001                  5.2117507041395648E+000                 -5.3974478634274723E+000                  7.9677881911773447E+000                  7.5579999999986502E-001                  2.4280000000013488E-001                  1.4000000000000679E-003                  6.8719900899788325E-025                  0.0000000000000000E+000                  0.0000000000000000E+000                                        0                 -9.8999999999999986E+001                 -9.9000000000000000E+001                 -9.9000000000000000E+001 
                                     262                  1.9999963505355467E+000                  4.1132293759623972E-001                  5.2156683515722895E+000                 -5.3847465347114838E+000                  7.9843888380698091E+000                  7.5579999999986514E-001                  2.4280000000013485E-001                  1.4000000000000679E-003                  7.0763357746076539E-025                  0.0000000000000000E+000                  0.0000000000000000E+000                                        0                 -9.8999999999999986E+001                 -9.9000000000000000E+001                 -9.9000000000000000E+001 
                                     263                  1.9999962428671803E+000                  4.1101166060138500E-001                  5.2210197990194693E+000                 -5.3672603639107725E+000                  8.0071987728182599E+000                  7.5579999999986514E-001                  2.4280000000013488E-001                  1.3999999999999568E-003                  7.3676506513091348E-025                  0.0000000000000000E+000                  0.0000000000000000E+000                                        0                 -9.8999999999999986E+001                 -9.9000000000000000E+001                 -9.9000000000000000E+001 
                                     264                  1.9999960948470177E+000                  4.1059958341085950E-001                  5.2261183777531510E+000                 -5.3502972158308477E+000                  8.0292282233745684E+000                  7.5579999999986514E-001                  2.4280000000013491E-001                  1.3999999999999568E-003                  7.6617190572085813E-025                  0.0000000000000000E+000                  0.0000000000000000E+000                                        0                 -9.8999999999999986E+001                 -9.9000000000000000E+001                 -9.9000000000000000E+001 
                                     265                  1.9999959838318957E+000                  4.1030163450126911E-001                  5.2309836812285511E+000                 -5.3341098165078806E+000                  8.0502502158573481E+000                  7.5579999999986502E-001                  2.4280000000013494E-001                  1.4000000000000679E-003                  7.9532883953039602E-025                  0.0000000000000000E+000                  0.0000000000000000E+000                                        0                 -9.8999999999999986E+001                 -9.9000000000000000E+001                 -9.9000000000000000E+001 
                                     266                  1.9999958358117329E+000                  4.0991800194167477E-001                  5.2349299770105935E+000                 -5.3207235988165102E+000                  8.0675528781992174E+000                  7.5579999999986502E-001                  2.4280000000013488E-001                  1.4000000000000679E-003                  8.2027748179465887E-025                  0.0000000000000000E+000                  0.0000000000000000E+000                                        0                 -9.8999999999999986E+001                 -9.9000000000000000E+001                 -9.9000000000000000E+001 
                                     267                  1.9999957618016515E+000                  4.0973164124167449E-001                  5.2374852941165528E+000                 -5.3120775016896511E+000                  8.0787354376263139E+000                  7.5579999999986502E-001                  2.4280000000013494E-001                  1.4000000000000679E-003                  8.3680659546329843E-025                  0.0000000000000000E+000                  0.0000000000000000E+000                                        0                 -9.8999999999999986E+001                 -9.9000000000000000E+001                 -9.9000000000000000E+001 
                                     268                  1.9999956877915701E+000                  4.0954872083481608E-001                  5.2405920290048371E+000                 -5.3015535118154098E+000                  8.0923430534037717E+000                  7.5579999999986502E-001                  2.4280000000013494E-001                  1.4000000000000679E-003                  8.5737632828948749E-025                  0.0000000000000000E+000                  0.0000000000000000E+000                                        0                 -9.8999999999999986E+001                 -9.9000000000000000E+001                 -9.9000000000000000E+001 
                                     269                  1.9999955767764486E+000                  4.0928049159479640E-001                  5.2441789870172411E+000                 -5.2892877060482961E+000                  8.1081669759961805E+000                  7.5579999999986491E-001                  2.4280000000013494E-001                  1.4000000000001789E-003                  8.8199017189974631E-025                  0.0000000000000000E+000                  0.0000000000000000E+000                                        0                 -9.8999999999999986E+001                 -9.9000000000000000E+001                 -9.9000000000000000E+001 
                                     270                  1.9999954657613266E+000                  4.0901925469826811E-001                  5.2470591322309712E+000                 -5.2793528435551504E+000                  8.1209572270315356E+000                  7.5579999999986491E-001                  2.4280000000013488E-001                  1.4000000000001789E-003                  9.0244408669858947E-025                  0.0000000000000000E+000                  0.0000000000000000E+000                                        0                 -9.8999999999999986E+001                 -9.9000000000000000E+001                 -9.9000000000000000E+001 
                                     271                  1.9999953917512452E+000                  4.0884878154552573E-001                  5.2493060879653903E+000                 -5.2715972239003266E+000                  8.1309404399366922E+000                  7.5579999999986491E-001                  2.4280000000013494E-001                  1.4000000000001789E-003                  9.1874085629320587E-025                  0.0000000000000000E+000                  0.0000000000000000E+000                                        0                 -9.8999999999999986E+001                 -9.9000000000000000E+001                 -9.9000000000000000E+001 
                                     272                  1.9999953177411640E+000                  4.0868113000003675E-001                  5.2531378408743867E+000                 -5.2584348372984655E+000                  8.1479028714574984E+000                  7.5579999999986514E-001                  2.4280000000013491E-001                  1.3999999999999568E-003                  9.4707591973441031E-025                  0.0000000000000000E+000                  0.0000000000000000E+000                                        0                 -9.8999999999999986E+001                 -9.9000000000000000E+001                 -9.9000000000000000E+001 
                                     273                  1.9999951327159606E+000                  4.0827370499541293E-001                  5.2585803597651370E+000                 -5.2394394718356505E+000                  8.1722901746305627E+000                  7.5579999999986514E-001                  2.4280000000013485E-001                  1.4000000000000679E-003                  9.8951717171967876E-025                  0.0000000000000000E+000                  0.0000000000000000E+000                                        0                 -9.8999999999999986E+001                 -9.9000000000000000E+001                 -9.9000000000000000E+001 
                                     274                  1.9999949285981329E+000                  4.0784222496373362E-001                  5.2634749655089008E+000                 -5.2221451644088788E+000                  8.1944298239234925E+000                  7.5579999999986502E-001                  2.4280000000013485E-001                  1.4000000000000679E-003                  1.0298115681476778E-024                  0.0000000000000000E+000                  0.0000000000000000E+000                                        0                 -9.8999999999999986E+001                 -9.9000000000000000E+001                 -9.9000000000000000E+001 
                                     275                  1.9999947614853453E+000                  4.0750185362963376E-001                  5.2676788938236525E+000                 -5.2072366195505575E+000                  8.2134991665527384E+000                  7.5579999999986502E-001                  2.4280000000013491E-001                  1.4000000000000679E-003                  1.0658633628782961E-024                  0.0000000000000000E+000                  0.0000000000000000E+000                                        0                 -9.8999999999999986E+001                 -9.9000000000000000E+001                 -9.9000000000000000E+001 
                                     276                  1.9999945943725579E+000                  4.0717220637278478E-001                  5.2716993562272183E+000                 -5.1928928914343730E+000                  8.2318206875870814E+000                  7.5579999999986502E-001                  2.4280000000013491E-001                  1.4000000000000679E-003                  1.1017415193637643E-024                  0.0000000000000000E+000                  0.0000000000000000E+000                                        0                 -9.8999999999999986E+001                 -9.9000000000000000E+001                 -9.9000000000000000E+001 
                                     277                  1.9999944272597707E+000                  4.0685255270279064E-001                  5.2749118124191794E+000                 -5.1813280533418968E+000                  8.2465620883493642E+000                  7.5579999999986502E-001                  2.4280000000013494E-001                  1.4000000000000679E-003                  1.1315473778462340E-024                  0.0000000000000000E+000                  0.0000000000000000E+000                                        0                 -9.8999999999999986E+001                 -9.9000000000000000E+001                 -9.9000000000000000E+001 
                                     278                  1.9999943158512459E+000                  4.0664467162927831E-001                  5.2774099825214833E+000                 -5.1723336206814192E+000                  8.2580268595590631E+000                  7.5579999999986502E-001                  2.4280000000013491E-001                  1.4000000000000679E-003                  1.1552855845722595E-024                  0.0000000000000000E+000                  0.0000000000000000E+000                                        0                 -9.8999999999999986E+001                 -9.9000000000000000E+001                 -9.9000000000000000E+001 
                                     279                  1.9999942044427212E+000                  4.0644076177887711E-001                  5.2805290370341460E+000                 -5.1611047759110615E+000                  8.2723401519318358E+000                  7.5579999999986502E-001                  2.4280000000013494E-001                  1.4000000000000679E-003                  1.1856218819281208E-024                  0.0000000000000000E+000                  0.0000000000000000E+000                                        0                 -9.8999999999999986E+001                 -9.9000000000000000E+001                 -9.9000000000000000E+001 
                                     280                  1.9999940298268803E+000                  4.0612876623821204E-001                  5.2841876054832335E+000                 -5.1478131729966830E+000                  8.2892476720968205E+000                  7.5579999999986502E-001                  2.4280000000013491E-001                  1.4000000000000679E-003                  1.2225634929892121E-024                  0.0000000000000000E+000                  0.0000000000000000E+000                                        0                 -9.8999999999999986E+001                 -9.9000000000000000E+001                 -9.9000000000000000E+001 
                                     281                  1.9999938552110395E+000                  4.0582553102344904E-001                  5.2882885495217140E+000                 -5.1328863989049243E+000                  8.3082273114366743E+000                  7.5579999999986514E-001                  2.4280000000013488E-001                  1.3999999999999568E-003                  1.2654254159736709E-024                  0.0000000000000000E+000                  0.0000000000000000E+000                                        0                 -9.8999999999999986E+001                 -9.9000000000000000E+001                 -9.9000000000000000E+001 
                                     282                  1.9999936223907979E+000                  4.0543394052764659E-001                  5.2927490476506023E+000                 -5.1164974518930064E+000                  8.3290219532779250E+000                  7.5579999999986502E-001                  2.4280000000013488E-001                  1.4000000000000679E-003                  1.3142208832628084E-024                  0.0000000000000000E+000                  0.0000000000000000E+000                                        0                 -9.8999999999999986E+001                 -9.9000000000000000E+001                 -9.9000000000000000E+001 
                                     283                  1.9999933895705562E+000                  4.0505584831840985E-001                  5.2969508239214624E+000                 -5.1009690621391242E+000                  8.3486991717662846E+000                  7.5579999999986502E-001                  2.4280000000013491E-001                  1.4000000000000679E-003                  1.3621913085079205E-024                  0.0000000000000000E+000                  0.0000000000000000E+000                                        0                 -9.8999999999999986E+001                 -9.9000000000000000E+001                 -9.9000000000000000E+001 
                                     284                  1.9999931623649143E+000                  4.0469892884395564E-001                  5.3009209444713346E+000                 -5.0862289962279963E+000                  8.3673584007938473E+000                  7.5579999999986514E-001                  2.4280000000013491E-001                  1.3999999999999568E-003                  1.4093475302299371E-024                  0.0000000000000000E+000                  0.0000000000000000E+000                                        0                 -9.8999999999999986E+001                 -9.9000000000000000E+001                 -9.9000000000000000E+001 
                                     285                  1.9999929351592729E+000                  4.0435308158678707E-001                  5.3042407663598397E+000                 -5.0738162400477895E+000                  8.3830470329033329E+000                  7.5579999999986502E-001                  2.4280000000013491E-001                  1.4000000000000679E-003                  1.6637971169885152E-024                  0.0000000000000000E+000                  0.0000000000000000E+000                                        0                 -9.8999999999999986E+001                 -9.9000000000000000E+001                 -9.9000000000000000E+001 
                                     286                  1.9999927661586914E+000                  4.0410256570683473E-001                  5.3069866944540500E+000                 -5.0635464555651364E+000                  8.3960265161155387E+000                  7.5579999999986502E-001                  2.4280000000013485E-001                  1.4000000000000679E-003                  1.9154876142563799E-024                  0.0000000000000000E+000                  0.0000000000000000E+000                                        0                 -9.8999999999999986E+001                 -9.9000000000000000E+001                 -9.9000000000000000E+001 
                                     287                  1.9999925971581101E+000                  4.0385748514171560E-001                  5.3100964558634205E+000                 -5.0519108662590222E+000                  8.4107309321878532E+000                  7.5579999999986502E-001                  2.4280000000013491E-001                  1.4000000000000679E-003                  2.2461334751460054E-024                  0.0000000000000000E+000                  0.0000000000000000E+000                                        0                 -9.8999999999999986E+001                 -9.9000000000000000E+001                 -9.9000000000000000E+001 
                                     288                  1.9999923717242578E+000                  4.0353858835134288E-001                  5.3135204507008238E+000                 -5.0390216444965752E+000                  8.4269979252177052E+000                  7.5579999999986502E-001                  2.4280000000013485E-001                  1.4000000000000679E-003                  2.6760466420079614E-024                  0.0000000000000000E+000                  0.0000000000000000E+000                                        0                 -9.8999999999999986E+001                 -9.9000000000000000E+001                 -9.9000000000000000E+001 
                                     289                  1.9999921462904056E+000                  4.0322834345661446E-001                  5.3184623603961994E+000                 -5.0205220172713307E+000                  8.4503750119505519E+000                  7.5579999999986502E-001                  2.4280000000013491E-001                  1.4000000000000679E-003                  3.4424140193300298E-024                  0.0000000000000000E+000                  0.0000000000000000E+000                                        0                 -9.8999999999999986E+001                 -9.9000000000000000E+001                 -9.9000000000000000E+001 
                                     290                  1.9999916954227013E+000                  4.0263186484804525E-001                  5.3236678954955332E+000                 -5.0006287380799517E+000                  8.4753993791399900E+000                  7.5579999999986514E-001                  2.4280000000013491E-001                  1.3999999999999568E-003                  4.4883776945089945E-024                  0.0000000000000000E+000                  0.0000000000000000E+000                                        0                 -9.8999999999999986E+001                 -9.9000000000000000E+001                 -9.9000000000000000E+001 
                                     291                  1.9999913850257576E+000                  4.0223826475367258E-001                  5.3276283919709195E+000                 -4.9855144668362286E+000                  8.4944183131304012E+000                  7.5579999999986502E-001                  2.4280000000013488E-001                  1.4000000000000679E-003                  5.4887240316245749E-024                  0.0000000000000000E+000                  0.0000000000000000E+000                                        0                 -9.8999999999999986E+001                 -9.9000000000000000E+001                 -9.9000000000000000E+001 
                                     292                  1.9999910889927091E+000                  4.0187476899569657E-001                  5.3313387736009945E+000                 -4.9713157249226203E+000                  8.5122747997621424E+000                  7.5579999999986514E-001                  2.4280000000013488E-001                  1.3999999999999568E-003                  6.6247256366681835E-024                  0.0000000000000000E+000                  0.0000000000000000E+000                                        0                 -9.8999999999999986E+001                 -9.9000000000000000E+001                 -9.9000000000000000E+001 
                                     293                  1.9999907929596608E+000                  4.0152209383888016E-001                  5.3343965303119250E+000                 -4.9595456542919187E+000                  8.5270583254211783E+000                  7.5579999999986502E-001                  2.4280000000013488E-001                  1.4000000000000679E-003                  7.7341770981536870E-024                  0.0000000000000000E+000                  0.0000000000000000E+000                                        0                 -9.8999999999999986E+001                 -9.9000000000000000E+001                 -9.9000000000000000E+001 
                                     294                  1.9999905817077961E+000                  4.0127664420197118E-001                  5.3368733529294321E+000                 -4.9500203200962156E+000                  8.5390249190263923E+000                  7.5579999999986502E-001                  2.4280000000013488E-001                  1.4000000000000679E-003                  8.7655064936680128E-024                  0.0000000000000000E+000                  0.0000000000000000E+000                                        0                 -9.8999999999999986E+001                 -9.9000000000000000E+001                 -9.9000000000000000E+001 
                                     295                  1.9999903704559314E+000                  4.0103611598679345E-001                  5.3397058987572086E+000                 -4.9391312941656178E+000                  8.5527060837512536E+000                  7.5579999999986514E-001                  2.4280000000013482E-001                  1.4000000000000679E-003                  1.0111952971546836E-023                  0.0000000000000000E+000                  0.0000000000000000E+000                                        0                 -9.8999999999999986E+001                 -9.9000000000000000E+001                 -9.9000000000000000E+001 
                                     296                  1.9999900852879822E+000                  4.0071885709134480E-001                  5.3428507253592139E+000                 -4.9269827827445667E+000                  8.5679538019525676E+000                  7.5579999999986514E-001                  2.4280000000013488E-001                  1.3999999999999568E-003                  1.1848382379318154E-023                  0.0000000000000000E+000                  0.0000000000000000E+000                                        0                 -9.8999999999999986E+001                 -9.9000000000000000E+001                 -9.9000000000000000E+001 
                                     297                  1.9999898001200325E+000                  4.0040968167642044E-001                  5.3467324086631791E+000                 -4.9120241516693257E+000                  8.5867387709045815E+000                  7.5579999999986502E-001                  2.4280000000013491E-001                  1.4000000000000679E-003                  1.4400492718531322E-023                  0.0000000000000000E+000                  0.0000000000000000E+000                                        0                 -9.8999999999999986E+001                 -9.9000000000000000E+001                 -9.9000000000000000E+001 
                                     298                  1.9999893566235247E+000                  3.9994388308676077E-001                  5.3519771795032893E+000                 -4.8917332168782428E+000                  8.6121989853332650E+000                  7.5579999999986514E-001                  2.4280000000013491E-001                  1.3999999999999568E-003                  1.8731964148540670E-023                  0.0000000000000000E+000                  0.0000000000000000E+000                                        0                 -9.8999999999999986E+001                 -9.9000000000000000E+001                 -9.9000000000000000E+001 
                                     299                  1.9999887652948476E+000                  3.9934899278870234E-001                  5.3581547985617304E+000                 -4.8677154034531185E+000                  8.6423044851042565E+000                  7.5579999999986502E-001                  2.4280000000013485E-001                  1.4000000000000679E-003                  2.5510495345358145E-023                  0.0000000000000000E+000                  0.0000000000000000E+000                                        0                 -9.8999999999999986E+001                 -9.9000000000000000E+001                 -9.9000000000000000E+001 
                                     300                  1.9999880592083870E+000                  3.9867391646389405E-001                  5.3628703376731108E+000                 -4.8491005684058059E+000                  8.6655623346346786E+000                  7.5579999999986514E-001                  2.4280000000013485E-001                  1.4000000000000679E-003                  3.2286926573439270E-023                  0.0000000000000000E+000                  0.0000000000000000E+000                                        0                 -9.8999999999999986E+001                 -9.9000000000000000E+001                 -9.9000000000000000E+001 
                                     301                  1.9999877061651570E+000                  3.9834942169061277E-001                  5.3659066380965852E+000                 -4.8372074774430933E+000                  8.6804468823163283E+000                  7.5579999999986502E-001                  2.4280000000013494E-001                  1.4000000000000679E-003                  3.7552840814498499E-023                  0.0000000000000000E+000                  0.0000000000000000E+000                                        0                 -9.8999999999999986E+001                 -9.9000000000000000E+001                 -9.9000000000000000E+001 
                                     302                  1.9999873531219265E+000                  3.9803299289024535E-001                  5.3705091388341177E+000                 -4.8193205266428691E+000                  8.7028711060555448E+000                  7.5579999999986502E-001                  2.4280000000013494E-001                  1.4000000000000679E-003                  4.7175532603495990E-023                  0.0000000000000000E+000                  0.0000000000000000E+000                                        0                 -9.8999999999999986E+001                 -9.9000000000000000E+001                 -9.9000000000000000E+001 
                                     303                  1.9999865988904129E+000                  3.9738208946131132E-001                  5.3753879201835773E+000                 -4.8000099066562001E+000                  8.7269864237240924E+000                  7.5579999999986502E-001                  2.4280000000013488E-001                  1.4000000000000679E-003                  6.0084830792195821E-023                  0.0000000000000000E+000                  0.0000000000000000E+000                                        0                 -9.8999999999999986E+001                 -9.9000000000000000E+001                 -9.9000000000000000E+001 
                                     304                  1.9999861042875799E+000                  3.9697231101827796E-001                  5.3790951782097514E+000                 -4.7854003355182950E+000                  8.7452484465277234E+000                  7.5579999999986502E-001                  2.4280000000013488E-001                  1.4000000000000679E-003                  7.2160826604807912E-023                  0.0000000000000000E+000                  0.0000000000000000E+000                                        0                 -9.8999999999999986E+001                 -9.9000000000000000E+001                 -9.9000000000000000E+001 
                                     305                  1.9999856096847470E+000                  3.9657498207097930E-001                  5.3842137113733513E+000                 -4.7653716545476072E+000                  8.7703228596096476E+000                  7.5579999999986502E-001                  2.4280000000013485E-001                  1.4000000000000679E-003                  9.2823678884375983E-023                  0.0000000000000000E+000                  0.0000000000000000E+000                                        0                 -9.8999999999999986E+001                 -9.9000000000000000E+001                 -9.9000000000000000E+001 
                                     306                  1.9999846817104476E+000                  3.9586037307867122E-001                  5.3900506243639077E+000                 -4.7422051372440555E+000                  8.7992391009789905E+000                  7.5579999999986514E-001                  2.4280000000013480E-001                  1.4000000000000679E-003                  1.2366550829944897E-022                  0.0000000000000000E+000                  0.0000000000000000E+000                                        0                 -9.8999999999999986E+001                 -9.9000000000000000E+001                 -9.9000000000000000E+001 
                                     307                  1.9999838753062520E+000                  3.9526897768785141E-001                  5.3939167207294165E+000                 -4.7267621571030922E+000                  8.8184894853783771E+000                  7.5579999999986514E-001                  2.4280000000013482E-001                  1.4000000000000679E-003                  1.4948951557493077E-022                  0.0000000000000000E+000                  0.0000000000000000E+000                                        0                 -9.8999999999999986E+001                 -9.9000000000000000E+001                 -9.9000000000000000E+001 
                                     308                  1.9999834680011297E+000                  3.9497982775463930E-001                  5.3977794401665760E+000                 -4.7115522727432211E+000                  8.8375072409056692E+000                  7.5579999999986502E-001                  2.4280000000013482E-001                  1.4000000000001789E-003                  1.8049914824890082E-022                  0.0000000000000000E+000                  0.0000000000000000E+000                                        0                 -9.8999999999999986E+001                 -9.9000000000000000E+001                 -9.9000000000000000E+001 
                                     309                  1.9999826255904967E+000                  3.9440063986972757E-001                  5.4023591372643365E+000                 -4.6933141949957484E+000                  8.8602574418809255E+000                  7.5579999999986514E-001                  2.4280000000013488E-001                  1.3999999999999568E-003                  2.2567067328539695E-022                  0.0000000000000000E+000                  0.0000000000000000E+000                                        0                 -9.8999999999999986E+001                 -9.9000000000000000E+001                 -9.9000000000000000E+001 
                                     310                  1.9999819076598853E+000                  3.9392560942424576E-001                  5.4068501396988617E+000                 -4.6755014464668392E+000                  8.8824966102067506E+000                  7.5579999999986502E-001                  2.4280000000013477E-001                  1.4000000000001789E-003                  2.8070202287590477E-022                  0.0000000000000000E+000                  0.0000000000000000E+000                                        0                 -9.8999999999999986E+001                 -9.9000000000000000E+001                 -9.9000000000000000E+001 
                                     311                  1.9999810262335325E+000                  3.9336382797226482E-001                  5.4116279661319746E+000                 -4.6564952889467888E+000                  8.9062117003784280E+000                  7.5579999999986502E-001                  2.4280000000013494E-001                  1.4000000000000679E-003                  3.5385286847922661E-022                  0.0000000000000000E+000                  0.0000000000000000E+000                                        0                 -9.8999999999999986E+001                 -9.9000000000000000E+001                 -9.9000000000000000E+001 
                                     312                  1.9999801187504864E+000                  3.9280806443334149E-001                  5.4162829334478859E+000                 -4.6379673800537544E+000                  8.9293279397324667E+000                  7.5579999999986502E-001                  2.4280000000013488E-001                  1.4000000000000679E-003                  4.4312467121941478E-022                  0.0000000000000000E+000                  0.0000000000000000E+000                                        0                 -9.8999999999999986E+001                 -9.9000000000000000E+001                 -9.9000000000000000E+001 
                                     313                  1.9999791953072232E+000                  3.9226408376379951E-001                  5.4212254804725388E+000                 -4.6183359816818070E+000                  8.9538324113318364E+000                  7.5579999999986514E-001                  2.4280000000013485E-001                  1.4000000000000679E-003                  5.6221563119624036E-022                  0.0000000000000000E+000                  0.0000000000000000E+000                                        0                 -9.8999999999999986E+001                 -9.9000000000000000E+001                 -9.9000000000000000E+001 
                                     314                  1.9999780787042987E+000                  3.9163283088137907E-001                  5.4252909977368660E+000                 -4.6020414021741267E+000                  8.9741337755145771E+000                  7.5579999999986514E-001                  2.4280000000013485E-001                  1.4000000000000679E-003                  6.8365402850143494E-022                  0.0000000000000000E+000                  0.0000000000000000E+000                                        0                 -9.8999999999999986E+001                 -9.9000000000000000E+001                 -9.9000000000000000E+001 
                                     315                  1.9999774260948748E+000                  3.9127626043589353E-001                  5.4289574656785566E+000                 -4.5874993214924951E+000                  8.9922919581425624E+000                  7.5579999999986514E-001                  2.4280000000013482E-001                  1.4000000000000679E-003                  8.1487147455408925E-022                  0.0000000000000000E+000                  0.0000000000000000E+000                                        0                 -9.8999999999999986E+001                 -9.9000000000000000E+001                 -9.9000000000000000E+001 
                                     316                  1.9999764300756393E+000                  3.9074836949483172E-001                  5.4339981411399059E+000                 -4.5674995620946959E+000                  9.0172636458485886E+000                  7.5579999999986514E-001                  2.4280000000013477E-001                  1.4000000000000679E-003                  1.0366566890512573E-021                  0.0000000000000000E+000                  0.0000000000000000E+000                                        0                 -9.8999999999999986E+001                 -9.9000000000000000E+001                 -9.9000000000000000E+001 
                                     317                  1.9999750548296042E+000                  3.9004933705648959E-001                  5.4396123383789190E+000                 -4.5451197520696720E+000                  9.0451804383165584E+000                  7.5579999999986514E-001                  2.4280000000013480E-001                  1.4000000000000679E-003                  1.3545076798001192E-021                  0.0000000000000000E+000                  0.0000000000000000E+000                                        0                 -9.8999999999999986E+001                 -9.9000000000000000E+001                 -9.9000000000000000E+001 
                                     318                  1.9999736307004075E+000                  3.8935850686107676E-001                  5.4437120791412390E+000                 -4.5286436716424010E+000                  9.0656985868264357E+000                  7.5579999999986514E-001                  2.4280000000013480E-001                  1.4000000000000679E-003                  1.6461365852418936E-021                  0.0000000000000000E+000                  0.0000000000000000E+000                                        0                 -9.8999999999999986E+001                 -9.9000000000000000E+001                 -9.9000000000000000E+001 
                                     319                  1.9999728933365384E+000                  3.8901289975812264E-001                  5.4464268206689912E+000                 -4.5178167845652482E+000                  9.0792034389025069E+000                  7.5579999999986514E-001                  2.4280000000013488E-001                  1.3999999999999568E-003                  1.8721284718026035E-021                  0.0000000000000000E+000                  0.0000000000000000E+000                                        0                 -9.8999999999999986E+001                 -9.9000000000000000E+001                 -9.9000000000000000E+001 
                                     320                  1.9999721559726689E+000                  3.8867500533076749E-001                  5.4491143374229107E+000                 -4.5071005946721741E+000                  9.0925709659306282E+000                  7.5579999999986514E-001                  2.4280000000013482E-001                  1.4000000000000679E-003                  2.1259204911944149E-021                  0.0000000000000000E+000                  0.0000000000000000E+000                                        0                 -9.8999999999999986E+001                 -9.9000000000000000E+001                 -9.9000000000000000E+001 
                                     321                  1.9999713924166707E+000                  3.8833283371883132E-001                  5.4517739821800513E+000                 -4.4964923431985824E+000                  9.1058032079241578E+000                  7.5579999999986514E-001                  2.4280000000013488E-001                  1.3999999999999568E-003                  2.4104335729231218E-021                  0.0000000000000000E+000                  0.0000000000000000E+000                                        0                 -9.8999999999999986E+001                 -9.9000000000000000E+001                 -9.9000000000000000E+001 
                                     322                  1.9999706288606727E+000                  3.8799813732691374E-001                  5.4550998687706924E+000                 -4.4832823663176917E+000                  9.1222955061723834E+000                  7.5579999999986514E-001                  2.4280000000013488E-001                  1.3999999999999568E-003                  2.8191667409942530E-021                  0.0000000000000000E+000                  0.0000000000000000E+000                                        0                 -9.8999999999999986E+001                 -9.9000000000000000E+001                 -9.9000000000000000E+001 
                                     323                  1.9999694288231911E+000                  3.8748637946483394E-001                  5.4590053039705628E+000                 -4.4677036185135606E+000                  9.1417280047275593E+000                  7.5579999999986491E-001                  2.4280000000013488E-001                  1.4000000000001789E-003                  3.3875188351022491E-021                  0.0000000000000000E+000                  0.0000000000000000E+000                                        0                 -9.8999999999999986E+001                 -9.9000000000000000E+001                 -9.9000000000000000E+001 
                                     324                  1.9999682287857092E+000                  3.8699093315730509E-001                  5.4634865109015829E+000                 -4.4499037634918563E+000                  9.1639512674441796E+000                  7.5579999999986502E-001                  2.4280000000013491E-001                  1.4000000000000679E-003                  4.1790710342732894E-021                  0.0000000000000000E+000                  0.0000000000000000E+000                                        0                 -9.8999999999999986E+001                 -9.9000000000000000E+001                 -9.9000000000000000E+001 
                                     325                  1.9999665622601861E+000                  3.8632787520471079E-001                  5.4672265780115588E+000                 -4.4348841991990309E+000                  9.1826608982900897E+000                  7.5579999999986502E-001                  2.4280000000013488E-001                  1.4000000000000679E-003                  4.9791834341972431E-021                  0.0000000000000000E+000                  0.0000000000000000E+000                                        0                 -9.8999999999999986E+001                 -9.9000000000000000E+001                 -9.9000000000000000E+001 
                                     326                  1.9999657144708110E+000                  3.8600091624963828E-001                  5.4709912196377566E+000                 -4.4199872780281737E+000                  9.2012754140708264E+000                  7.5579999999986502E-001                  2.4280000000013494E-001                  1.4000000000000679E-003                  5.9337670923178841E-021                  0.0000000000000000E+000                  0.0000000000000000E+000                                        0                 -9.8999999999999986E+001                 -9.9000000000000000E+001                 -9.9000000000000000E+001 
                                     327                  1.9999639587440450E+000                  3.8534440798598041E-001                  5.4759100675592229E+000                 -4.4003823091966989E+000                  9.2257364575980301E+000                  7.5579999999986491E-001                  2.4280000000013496E-001                  1.4000000000000679E-003                  7.4596911008177239E-021                  0.0000000000000000E+000                  0.0000000000000000E+000                                        0                 -9.8999999999999986E+001                 -9.9000000000000000E+001                 -9.9000000000000000E+001 
                                     328                  1.9999621407567540E+000                  3.8469167884592498E-001                  5.4807556305012657E+000                 -4.3810709241834038E+000                  9.2498321911447867E+000                  7.5579999999986502E-001                  2.4280000000013494E-001                  1.4000000000000679E-003                  9.3394880295040864E-021                  0.0000000000000000E+000                  0.0000000000000000E+000                                        0                 -9.8999999999999986E+001                 -9.9000000000000000E+001                 -9.9000000000000000E+001 
                                     329                  1.9999602583230438E+000                  3.8404229176683280E-001                  5.4855324870523194E+000                 -4.3620338341138671E+000                  9.2735863778422409E+000                  7.5579999999986514E-001                  2.4280000000013491E-001                  1.3999999999999568E-003                  1.1647826510632909E-020                  0.0000000000000000E+000                  0.0000000000000000E+000                                        0                 -9.8999999999999986E+001                 -9.9000000000000000E+001                 -9.9000000000000000E+001 
                                     330                  1.9999583091811164E+000                  3.8339584304339075E-001                  5.4902450289523106E+000                 -4.3432535840723094E+000                  9.2970207797538276E+000                  7.5579999999986514E-001                  2.4280000000013482E-001                  1.4000000000000679E-003                  1.4473974088046384E-020                  0.0000000000000000E+000                  0.0000000000000000E+000                                        0                 -9.8999999999999986E+001                 -9.9000000000000000E+001                 -9.9000000000000000E+001 
                                     331                  1.9999562909906654E+000                  3.8275195847254229E-001                  5.4948974677592375E+000                 -4.3247143393900220E+000                  9.3201553748940054E+000                  7.5579999999986502E-001                  2.4280000000013491E-001                  1.4000000000000679E-003                  1.7924515431026578E-020                  0.0000000000000000E+000                  0.0000000000000000E+000                                        0                 -9.8999999999999986E+001                 -9.9000000000000000E+001                 -9.9000000000000000E+001 
                                     332                  1.9999542013301834E+000                  3.8211029001912994E-001                  5.4994938272239686E+000                 -4.3064016861212844E+000                  9.3430085456258016E+000                  7.5579999999986502E-001                  2.4280000000013488E-001                  1.4000000000000679E-003                  2.2126555856190362E-020                  0.0000000000000000E+000                  0.0000000000000000E+000                                        0                 -9.8999999999999986E+001                 -9.9000000000000000E+001                 -9.9000000000000000E+001 
                                     333                  1.9999520376941802E+000                  3.8147051294221029E-001                  5.5040379166901081E+000                 -4.2883024747115437E+000                  9.3655972048733922E+000                  7.5579999999986502E-001                  2.4280000000013485E-001                  1.4000000000000679E-003                  2.7231477035358863E-020                  0.0000000000000000E+000                  0.0000000000000000E+000                                        0                 -9.8999999999999986E+001                 -9.9000000000000000E+001                 -9.9000000000000000E+001 
                                     334                  1.9999497974979037E+000                  3.8083232545616308E-001                  5.5085332445786070E+000                 -4.2704045028292974E+000                  9.3879370192635605E+000                  7.5579999999986502E-001                  2.4280000000013494E-001                  1.4000000000000679E-003                  3.3419276112962685E-020                  0.0000000000000000E+000                  0.0000000000000000E+000                                        0                 -9.8999999999999986E+001                 -9.9000000000000000E+001                 -9.9000000000000000E+001 
                                     335                  1.9999474780518423E+000                  3.8019544029694530E-001                  5.5129829248702809E+000                 -4.2526962966947464E+000                  9.4100425283421743E+000                  7.5579999999986502E-001                  2.4280000000013488E-001                  1.4000000000000679E-003                  4.0903543810270086E-020                  0.0000000000000000E+000                  0.0000000000000000E+000                                        0                 -9.8999999999999986E+001                 -9.9000000000000000E+001                 -9.9000000000000000E+001 
                                     336                  1.9999450765809175E+000                  3.7955958970041598E-001                  5.5173896910573825E+000                 -4.2351670878971035E+000                  9.4319271821459871E+000                  7.5579999999986514E-001                  2.4280000000013491E-001                  1.3999999999999568E-003                  4.9937292118396542E-020                  0.0000000000000000E+000                  0.0000000000000000E+000                                        0                 -9.8999999999999986E+001                 -9.9000000000000000E+001                 -9.9000000000000000E+001 
                                     337                  1.9999425902139696E+000                  3.7892452182624076E-001                  5.5217559604967077E+000                 -4.2178067427371619E+000                  9.4536034777876043E+000                  7.5579999999986514E-001                  2.4280000000013488E-001                  1.3999999999999568E-003                  6.0819801516544788E-020                  0.0000000000000000E+000                  0.0000000000000000E+000                                        0                 -9.8999999999999986E+001                 -9.9000000000000000E+001                 -9.9000000000000000E+001 
                                     338                  1.9999400159804717E+000                  3.7828999951428760E-001                  5.5260838813155271E+000                 -4.2006057234829557E+000                  9.4750830462154294E+000                  7.5579999999986502E-001                  2.4280000000013496E-001                  1.4000000000000679E-003                  7.3904578699168480E-020                  0.0000000000000000E+000                  0.0000000000000000E+000                                        0                 -9.8999999999999986E+001                 -9.9000000000000000E+001                 -9.9000000000000000E+001 
                                     339                  1.9999373508071361E+000                  3.7765579915260522E-001                  5.5303754006232797E+000                 -4.1835550818156317E+000                  9.4963767292820513E+000                  7.5579999999986514E-001                  2.4280000000013485E-001                  1.4000000000000679E-003                  8.9608692417660754E-020                  0.0000000000000000E+000                  0.0000000000000000E+000                                        0                 -9.8999999999999986E+001                 -9.9000000000000000E+001                 -9.9000000000000000E+001 
                                     340                  1.9999345915144018E+000                  3.7702170960185544E-001                  5.5346323764938745E+000                 -4.1666465067409177E+000                  9.5174946484031810E+000                  7.5579999999986514E-001                  2.4280000000013480E-001                  1.4000000000000679E-003                  1.0842388649419598E-019                  0.0000000000000000E+000                  0.0000000000000000E+000                                        0                 -9.8999999999999986E+001                 -9.9000000000000000E+001                 -9.9000000000000000E+001 
                                     341                  1.9999317348128089E+000                  3.7638753108942796E-001                  5.5388566463824978E+000                 -4.1498723338885082E+000                  9.5384462659123823E+000                  7.5579999999986502E-001                  2.4280000000013491E-001                  1.4000000000000679E-003                  1.3092964276645642E-019                  0.0000000000000000E+000                  0.0000000000000000E+000                                        0                 -9.8999999999999986E+001                 -9.9000000000000000E+001                 -9.9000000000000000E+001 
                                     342                  1.9999287772992491E+000                  3.7575307412268633E-001                  5.5430500254523301E+000                 -4.1332254878081800E+000                  9.5592404400442721E+000                  7.5579999999986502E-001                  2.4280000000013485E-001                  1.4000000000000679E-003                  1.5780833196909460E-019                  0.0000000000000000E+000                  0.0000000000000000E+000                                        0                 -9.8999999999999986E+001                 -9.9000000000000000E+001                 -9.9000000000000000E+001 
                                     343                  1.9999257154530901E+000                  3.7511815851329378E-001                  5.5472142991261677E+000                 -4.1166994237764341E+000                  9.5798854743261366E+000                  7.5579999999986502E-001                  2.4280000000013494E-001                  1.4000000000000679E-003                  1.8986290871181071E-019                  0.0000000000000000E+000                  0.0000000000000000E+000                                        0                 -9.8999999999999986E+001                 -9.9000000000000000E+001                 -9.9000000000000000E+001 
                                     344                  1.9999225456321723E+000                  3.7448261250841880E-001                  5.5513512102017000E+000                 -4.1002881019264708E+000                  9.6003891296464907E+000                  7.5579999999986514E-001                  2.4280000000013485E-001                  1.4000000000000679E-003                  2.2803752617650232E-019                  0.0000000000000000E+000                  0.0000000000000000E+000                                        0                 -9.8999999999999986E+001                 -9.9000000000000000E+001                 -9.9000000000000000E+001 
                                     345                  1.9999192640791073E+000                  3.7384627400594256E-001                  5.5554624370583525E+000                 -4.0839858556275903E+000                  9.6207587318108150E+000                  7.5579999999986514E-001                  2.4280000000013482E-001                  1.4000000000000679E-003                  2.7344153008253644E-019                  0.0000000000000000E+000                  0.0000000000000000E+000                                        0                 -9.8999999999999986E+001                 -9.9000000000000000E+001                 -9.9000000000000000E+001 
                                     346                  1.9999158668860568E+000                  3.7320898387555518E-001                  5.5595495132599773E+000                 -4.0677872758325107E+000                  9.6410012027820979E+000                  7.5579999999986525E-001                  2.4280000000013469E-001                  1.4000000000000679E-003                  3.2737667163143418E-019                  0.0000000000000000E+000                  0.0000000000000000E+000                                        0                 -9.8999999999999986E+001                 -9.9000000000000000E+001                 -9.9000000000000000E+001 
                                     347                  1.9999123500209028E+000                  3.7257059159788214E-001                  5.5636137755065134E+000                 -4.0516871870821651E+000                  9.6611230307152614E+000                  7.5579999999986514E-001                  2.4280000000013482E-001                  1.4000000000000679E-003                  3.9136831478287112E-019                  0.0000000000000000E+000                  0.0000000000000000E+000                                        0                 -9.8999999999999986E+001                 -9.9000000000000000E+001                 -9.9000000000000000E+001 
                                     348                  1.9999087093125987E+000                  3.7193095287271866E-001                  5.5676563869905902E+000                 -4.0356806087653849E+000                  9.6811303325283458E+000                  7.5579999999986502E-001                  2.4280000000013491E-001                  1.4000000000000679E-003                  4.6720205739488738E-019                  0.0000000000000000E+000                  0.0000000000000000E+000                                        0                 -9.8999999999999986E+001                 -9.9000000000000000E+001                 -9.9000000000000000E+001 
                                     349                  1.9999049404464506E+000                  3.7128992931250804E-001                  5.5716783573316189E+000                 -4.0197627486780725E+000                  9.7010288809348904E+000                  7.5579999999986502E-001                  2.4280000000013485E-001                  1.4000000000000679E-003                  5.5696601624640530E-019                  0.0000000000000000E+000                  0.0000000000000000E+000                                        0                 -9.8999999999999986E+001                 -9.9000000000000000E+001                 -9.9000000000000000E+001 
                                     350                  1.9999010389592409E+000                  3.7064738815536125E-001                  5.5756805607345399E+000                 -4.0039289971731389E+000                  9.7208241290445443E+000                  7.5579999999986502E-001                  2.4280000000013491E-001                  1.4000000000000679E-003                  6.6309963905806211E-019                  0.0000000000000000E+000                  0.0000000000000000E+000                                        0                 -9.8999999999999986E+001                 -9.9000000000000000E+001                 -9.9000000000000000E+001 
                                     351                  1.9998970002341858E+000                  3.7000320199558434E-001                  5.5796637635550104E+000                 -3.9881749332931449E+000                  9.7405212327883675E+000                  7.5579999999986502E-001                  2.4280000000013491E-001                  1.4000000000000679E-003                  7.8845027814921729E-019                  0.0000000000000000E+000                  0.0000000000000000E+000                                        0                 -9.8999999999999986E+001                 -9.9000000000000000E+001                 -9.9000000000000000E+001 
                                     352                  1.9998928194957291E+000                  3.6935724851285034E-001                  5.5836286749990753E+000                 -3.9724963569720790E+000                  9.7601250713986456E+000                  7.5579999999986514E-001                  2.4280000000013485E-001                  1.4000000000000679E-003                  9.3633937799639861E-019                  0.0000000000000000E+000                  0.0000000000000000E+000                                        0                 -9.8999999999999986E+001                 -9.9000000000000000E+001                 -9.9000000000000000E+001 
                                     353                  1.9998884918041604E+000                  3.6870941015954306E-001                  5.5875759833686489E+000                 -3.9568893078844867E+000                  9.7796402661539545E+000                  7.5579999999986514E-001                  2.4280000000013474E-001                  1.4000000000000679E-003                  1.1106393160532794E-018                  0.0000000000000000E+000                  0.0000000000000000E+000                                        0                 -9.8999999999999986E+001                 -9.9000000000000000E+001                 -9.9000000000000000E+001 
                                     354                  1.9998840120500527E+000                  3.6805957382409155E-001                  5.5915063591803431E+000                 -3.9413500511911859E+000                  9.7990711975718838E+000                  7.5579999999986502E-001                  2.4280000000013494E-001                  1.4000000000000679E-003                  1.3158617090858871E-018                  0.0000000000000000E+000                  0.0000000000000000E+000                                        0                 -9.8999999999999986E+001                 -9.9000000000000000E+001                 -9.9000000000000000E+001 
                                     355                  1.9998793749485204E+000                  3.6740763051814368E-001                  5.5954204475054201E+000                 -3.9258750823522162E+000                  9.8184219926290659E+000                  7.5579999999986514E-001                  2.4280000000013480E-001                  1.4000000000000679E-003                  1.5572589061153148E-018                  0.0000000000000000E+000                  0.0000000000000000E+000                                        0                 -9.8999999999999986E+001                 -9.9000000000000000E+001                 -9.9000000000000000E+001 
                                     356                  1.9998745750475255E+000                  3.6675347700423883E-001                  5.5993188784365309E+000                 -3.9104610634250356E+000                  9.8376965985291154E+000                  7.5579999999986502E-001                  2.4280000000013477E-001                  1.4000000000001789E-003                  1.8409421900797493E-018                  0.0000000000000000E+000                  0.0000000000000000E+000                                        0                 -9.8999999999999986E+001                 -9.9000000000000000E+001                 -9.9000000000000000E+001 
                                     357                  1.9998696066795061E+000                  3.6609700975182352E-001                  5.6032022657666234E+000                 -3.8951048121765108E+000                  9.8568987920644613E+000                  7.5579999999986514E-001                  2.4280000000013491E-001                  1.3999999999999568E-003                  2.1740177417706492E-018                  0.0000000000000000E+000                  0.0000000000000000E+000                                        0                 -9.8999999999999986E+001                 -9.9000000000000000E+001                 -9.9000000000000000E+001 
                                     358                  1.9998644639967968E+000                  3.6543813054107027E-001                  5.6070712110797727E+000                 -3.8798033498910218E+000                  9.8760321364587060E+000                  7.5579999999986502E-001                  2.4280000000013482E-001                  1.4000000000001789E-003                  2.5647436215203080E-018                  0.0000000000000000E+000                  0.0000000000000000E+000                                        0                 -9.8999999999999986E+001                 -9.9000000000000000E+001                 -9.9000000000000000E+001 
                                     359                  1.9998591409513187E+000                  3.6477674425698525E-001                  5.6109263288476559E+000                 -3.8645538867307283E+000                  9.8951000216311815E+000                  7.5579999999986480E-001                  2.4280000000013499E-001                  1.4000000000001789E-003                  3.0227134419434524E-018                  0.0000000000000000E+000                  0.0000000000000000E+000                                        0                 -9.8999999999999986E+001                 -9.9000000000000000E+001                 -9.9000000000000000E+001 
                                     360                  1.9998536312878148E+000                  3.6411275863547504E-001                  5.6147682507677565E+000                 -3.8493538155029157E+000                  9.9141056747508429E+000                  7.5579999999986502E-001                  2.4280000000013494E-001                  1.4000000000000679E-003                  3.5590679501939548E-018                  0.0000000000000000E+000                  0.0000000000000000E+000                                        0                 -9.8999999999999986E+001                 -9.9000000000000000E+001                 -9.9000000000000000E+001 
                                     361                  1.9998479285368662E+000                  3.6344608401747613E-001                  5.6185976240991895E+000                 -3.8342006999638332E+000                  9.9330521700188399E+000                  7.5579999999986502E-001                  2.4280000000013491E-001                  1.4000000000000679E-003                  4.1867393671749675E-018                  0.0000000000000000E+000                  0.0000000000000000E+000                                        0                 -9.8999999999999986E+001                 -9.9000000000000000E+001                 -9.9000000000000000E+001 
                                     362                  1.9998420260076712E+000                  3.6277663311911124E-001                  5.6224151105435469E+000                 -3.8190922644025180E+000                  9.9519424377471104E+000                  7.5579999999986491E-001                  2.4280000000013494E-001                  1.4000000000001789E-003                  4.9207340212620477E-018                  0.0000000000000000E+000                  0.0000000000000000E+000                                        0                 -9.8999999999999986E+001                 -9.9000000000000000E+001                 -9.9000000000000000E+001 
                                     363                  1.9998359167805919E+000                  3.6210432081583732E-001                  5.6262213853727170E+000                 -3.8040263841415678E+000                  9.9707792727919475E+000                  7.5579999999986502E-001                  2.4280000000013499E-001                  1.3999999999999568E-003                  5.7784593048078771E-018                  0.0000000000000000E+000                  0.0000000000000000E+000                                        0                 -9.8999999999999986E+001                 -9.9000000000000000E+001                 -9.9000000000000000E+001 
                                     364                  1.9998295936994523E+000                  3.6142906393908875E-001                  5.6300171214252375E+000                 -3.7890010609194364E+000                  9.9895653423991533E+000                  7.5579999999986502E-001                  2.4280000000013491E-001                  1.4000000000000679E-003                  6.7800987659670894E-018                  0.0000000000000000E+000                  0.0000000000000000E+000                                        0                 -9.8999999999999986E+001                 -9.9000000000000000E+001                 -9.9000000000000000E+001 
                                     365                  1.9998230493635853E+000                  3.6075078110884923E-001                  5.6338029433614301E+000                 -3.7740143938885327E+000                  1.0008303167819536E+001                  7.5579999999986514E-001                  2.4280000000013488E-001                  1.3999999999999568E-003                  7.9490357169451678E-018                  0.0000000000000000E+000                  0.0000000000000000E+000                                        0                 -9.8999999999999986E+001                 -9.9000000000000000E+001                 -9.9000000000000000E+001 
                                     366                  1.9998162761382701E+000                  3.6006939449083913E-001                  5.6375794129234000E+000                 -3.7590645038085726E+000                  1.0026995184245047E+001                  7.5579999999986514E-001                  2.4280000000013485E-001                  1.4000000000000679E-003                  9.3123433639514710E-018                  0.0000000000000000E+000                  0.0000000000000000E+000                                        0                 -9.8999999999999986E+001                 -9.9000000000000000E+001                 -9.9000000000000000E+001 
                                     367                  1.9998092660909332E+000                  3.5938482416562673E-001                  5.6413470286631080E+000                 -3.7441495298379666E+000                  1.0045643743749990E+001                  7.5579999999986525E-001                  2.4280000000013471E-001                  1.4000000000000679E-003                  1.0901348724151493E-017                  0.0000000000000000E+000                  0.0000000000000000E+000                                        0                 -9.8999999999999986E+001                 -9.9000000000000000E+001                 -9.9000000000000000E+001 
                                     368                  1.9998020110370636E+000                  3.5869699373851560E-001                  5.6451062190938428E+000                 -3.7292676670304692E+000                  1.0064251071205428E+001                  7.5579999999986514E-001                  2.4280000000013482E-001                  1.4000000000000679E-003                  1.2752275212445783E-017                  0.0000000000000000E+000                  0.0000000000000000E+000                                        0                 -9.8999999999999986E+001                 -9.9000000000000000E+001                 -9.9000000000000000E+001 
                                     369                  1.9997945025131334E+000                  3.5800582841964979E-001                  5.6488573502623600E+000                 -3.7144171425557091E+000                  1.0082819295682940E+001                  7.5579999999986502E-001                  2.4280000000013488E-001                  1.4000000000000679E-003                  1.4906984218258893E-017                  0.0000000000000000E+000                  0.0000000000000000E+000                                        0                 -9.8999999999999986E+001                 -9.9000000000000000E+001                 -9.9000000000000000E+001 
                                     370                  1.9997867317672471E+000                  3.5731125500614574E-001                  5.6526007296031278E+000                 -3.6995962145126797E+000                  1.0101350455573307E+001                  7.5579999999986514E-001                  2.4280000000013488E-001                  1.3999999999999568E-003                  1.7413823150630899E-017                  0.0000000000000000E+000                  0.0000000000000000E+000                                        0                 -9.8999999999999986E+001                 -9.9000000000000000E+001                 -9.9000000000000000E+001 
                                     371                  1.9997786897494796E+000                  3.5661320186728118E-001                  5.6563366289615349E+000                 -3.6848031910133852E+000                  1.0119846503363995E+001                  7.5579999999986514E-001                  2.4280000000013480E-001                  1.4000000000000679E-003                  2.0328607625241915E-017                  0.0000000000000000E+000                  0.0000000000000000E+000                                        0                 -9.8999999999999986E+001                 -9.9000000000000000E+001                 -9.9000000000000000E+001 
                                     372                  1.9997703671019023E+000                  3.5591159889987745E-001                  5.6600653181142606E+000                 -3.6700364604532831E+000                  1.0138309310107109E+001                  7.5579999999986514E-001                  2.4280000000013485E-001                  1.4000000000000679E-003                  2.3715761938617563E-017                  0.0000000000000000E+000                  0.0000000000000000E+000                                        0                 -9.8999999999999986E+001                 -9.9000000000000000E+001                 -9.9000000000000000E+001 
                                     373                  1.9997617541482795E+000                  3.5520637743447508E-001                  5.6637870739023164E+000                 -3.6552945203069624E+000                  1.0156740646276598E+001                  7.5579999999986514E-001                  2.4280000000013482E-001                  1.4000000000000679E-003                  2.7649621470833676E-017                  0.0000000000000000E+000                  0.0000000000000000E+000                                        0                 -9.8999999999999986E+001                 -9.9000000000000000E+001                 -9.9000000000000000E+001 
                                     374                  1.9997528409060903E+000                  3.5449747189955577E-001                  5.6675021920659745E+000                 -3.6405759368176329E+000                  1.0175142233901491E+001                  7.5579999999986502E-001                  2.4280000000013482E-001                  1.4000000000001789E-003                  3.2215940199944673E-017                  0.0000000000000000E+000                  0.0000000000000000E+000                                        0                 -9.8999999999999986E+001                 -9.9000000000000000E+001                 -9.9000000000000000E+001 
                                     375                  1.9997436170083489E+000                  3.5378481434035930E-001                  5.6712109879542583E+000                 -3.6258793448369353E+000                  1.0193515747313867E+001                  7.5579999999986502E-001                  2.4280000000013488E-001                  1.4000000000000679E-003                  3.7513617143665453E-017                  0.0000000000000000E+000                  0.0000000000000000E+000                                        0                 -9.8999999999999986E+001                 -9.9000000000000000E+001                 -9.9000000000000000E+001 
                                     376                  1.9997340717586993E+000                  3.5306833972230051E-001                  5.6749137896206552E+000                 -3.6112034829522299E+000                  1.0211862771182240E+001                  7.5579999999986514E-001                  2.4280000000013482E-001                  1.4000000000000679E-003                  4.3656668870098618E-017                  0.0000000000000000E+000                  0.0000000000000000E+000                                        0                 -9.8999999999999986E+001                 -9.9000000000000000E+001                 -9.9000000000000000E+001 
                                     377                  1.9997241940978099E+000                  3.5234798400210865E-001                  5.6786109453678302E+000                 -3.5965471742276058E+000                  1.0230184827311385E+001                  7.5579999999986491E-001                  2.4280000000013494E-001                  1.4000000000001789E-003                  5.0776517598966379E-017                  0.0000000000000000E+000                  0.0000000000000000E+000                                        0                 -9.8999999999999986E+001                 -9.9000000000000000E+001                 -9.9000000000000000E+001 
                                     378                  1.9997139725912854E+000                  3.5162368401583627E-001                  5.6823028281983490E+000                 -3.5819093276467209E+000                  1.0248483377742982E+001                  7.5579999999986514E-001                  2.4280000000013474E-001                  1.4000000000000679E-003                  5.9024623666981389E-017                  0.0000000000000000E+000                  0.0000000000000000E+000                                        0                 -9.8999999999999986E+001                 -9.9000000000000000E+001                 -9.9000000000000000E+001 
                                     379                  1.9997033954171777E+000                  3.5089537736091353E-001                  5.6859898347756301E+000                 -3.5672889340979732E+000                  1.0266759827680572E+001                  7.5579999999986502E-001                  2.4280000000013494E-001                  1.4000000000000679E-003                  6.8575509698806637E-017                  0.0000000000000000E+000                  0.0000000000000000E+000                                        0                 -9.8999999999999986E+001                 -9.9000000000000000E+001                 -9.9000000000000000E+001 
                                     380                  1.9996924503531042E+000                  3.5016300228274128E-001                  5.6896723766815578E+000                 -3.5526850544745039E+000                  1.0285015528256100E+001                  7.5579999999986514E-001                  2.4280000000013482E-001                  1.4000000000000679E-003                  7.9630223365806567E-017                  0.0000000000000000E+000                  0.0000000000000000E+000                                        0                 -9.8999999999999986E+001                 -9.9000000000000000E+001                 -9.9000000000000000E+001 
                                     381                  1.9996811247629378E+000                  3.4942649757730376E-001                  5.6933508662542049E+000                 -3.5380968240057391E+000                  1.0303251757634923E+001                  7.5579999999986514E-001                  2.4280000000013474E-001                  1.4000000000000679E-003                  9.2420290464069605E-017                  0.0000000000000000E+000                  0.0000000000000000E+000                                        0                 -9.8999999999999986E+001                 -9.9000000000000000E+001                 -9.9000000000000000E+001 
                                     382                  1.9996694056108373E+000                  3.4868580424352841E-001                  5.6970257166644247E+000                 -3.5235234050170416E+000                  1.0321469767908416E+001                  7.5579999999986502E-001                  2.4280000000013485E-001                  1.4000000000000679E-003                  1.0721229086182546E-016                  0.0000000000000000E+000                  0.0000000000000000E+000                                        0                 -9.8999999999999986E+001                 -9.9000000000000000E+001                 -9.9000000000000000E+001 
                                     383                  1.9996572793647096E+000                  3.4794086019361437E-001                  5.7006973323015258E+000                 -3.5089639772426113E+000                  1.0339670784823269E+001                  7.5579999999986502E-001                  2.4280000000013491E-001                  1.4000000000000679E-003                  1.2431307625205676E-016                  0.0000000000000000E+000                  0.0000000000000000E+000                                        0                 -9.8999999999999986E+001                 -9.9000000000000000E+001                 -9.9000000000000000E+001 
                                     384                  1.9996447320629815E+000                  3.4719160548093908E-001                  5.7043660883846181E+000                 -3.4944177568077142E+000                  1.0357855968051593E+001                  7.5579999999986514E-001                  2.4280000000013485E-001                  1.4000000000000679E-003                  1.4407568200575833E-016                  0.0000000000000000E+000                  0.0000000000000000E+000                                        0                 -9.8999999999999986E+001                 -9.9000000000000000E+001                 -9.9000000000000000E+001 
                                     385                  1.9996317492726405E+000                  3.4643798051247388E-001                  5.7080323174363770E+000                 -3.4798839582884993E+000                  1.0376026434982279E+001                  7.5579999999986502E-001                  2.4280000000013496E-001                  1.4000000000000679E-003                  1.6690609406037545E-016                  0.0000000000000000E+000                  0.0000000000000000E+000                                        0                 -9.8999999999999986E+001                 -9.9000000000000000E+001                 -9.9000000000000000E+001 
                                     386                  1.9996183160736243E+000                  3.4567992606725795E-001                  5.7116963023125571E+000                 -3.4653617855676195E+000                  1.0394183262694613E+001                  7.5579999999986491E-001                  2.4280000000013494E-001                  1.4000000000001789E-003                  1.9327097596507903E-016                  0.0000000000000000E+000                  0.0000000000000000E+000                                        0                 -9.8999999999999986E+001                 -9.9000000000000000E+001                 -9.9000000000000000E+001 
                                     387                  1.9996044170427130E+000                  3.4491738333228916E-001                  5.7153582837944450E+000                 -3.4508504378558706E+000                  1.0412327489803747E+001                  7.5579999999986514E-001                  2.4280000000013480E-001                  1.4000000000000679E-003                  2.2370655710982858E-016                  0.0000000000000000E+000                  0.0000000000000000E+000                                        0                 -9.8999999999999986E+001                 -9.9000000000000000E+001                 -9.9000000000000000E+001 
                                     388                  1.9995900362369177E+000                  3.4415029392988911E-001                  5.7190184651871654E+000                 -3.4363491338130525E+000                  1.0430460097273999E+001                  7.5579999999986514E-001                  2.4280000000013482E-001                  1.4000000000000679E-003                  2.5882877096291881E-016                  0.0000000000000000E+000                  0.0000000000000000E+000                                        0                 -9.8999999999999986E+001                 -9.9000000000000000E+001                 -9.9000000000000000E+001 
                                     389                  1.9995751572107983E+000                  3.4337860169557083E-001                  5.7226770296987919E+000                 -3.4218570843869918E+000                  1.0448582053183120E+001                  7.5579999999986514E-001                  2.4280000000013477E-001                  1.4000000000000679E-003                  2.9934498599726956E-016                  0.0000000000000000E+000                  0.0000000000000000E+000                                        0                 -9.8999999999999986E+001                 -9.9000000000000000E+001                 -9.9000000000000000E+001 
                                     390                  1.9995597628965651E+000                  3.4260224735548556E-001                  5.7263341476287604E+000                 -3.4073735010859911E+000                  1.0466694311793601E+001                  7.5579999999986502E-001                  2.4280000000013491E-001                  1.4000000000000679E-003                  3.4606738078970242E-016                  0.0000000000000000E+000                  0.0000000000000000E+000                                        0                 -9.8999999999999986E+001                 -9.9000000000000000E+001                 -9.9000000000000000E+001 
                                     391                  1.9995438356868600E+000                  3.4182117388286326E-001                  5.7299899843092712E+000                 -3.3928976439269847E+000                  1.0484797774211943E+001                  7.5579999999986502E-001                  2.4280000000013494E-001                  1.4000000000000679E-003                  3.9992824608635109E-016                  0.0000000000000000E+000                  0.0000000000000000E+000                                        0                 -9.8999999999999986E+001                 -9.9000000000000000E+001                 -9.9000000000000000E+001 
                                     392                  1.9995273573825936E+000                  3.4103532465979813E-001                  5.7336447285955412E+000                 -3.3784288282416104E+000                  1.0502893310868178E+001                  7.5579999999986502E-001                  2.4280000000013482E-001                  1.4000000000001789E-003                  4.6199784131209066E-016                  0.0000000000000000E+000                  0.0000000000000000E+000                                        0                 -9.8999999999999986E+001                 -9.9000000000000000E+001                 -9.9000000000000000E+001 
                                     393                  1.9995103091734867E+000                  3.4024464339640376E-001                  5.7372986000579420E+000                 -3.3639664480622318E+000                  1.0520981745658439E+001                  7.5579999999986502E-001                  2.4280000000013491E-001                  1.4000000000000679E-003                  5.3350474036104204E-016                  0.0000000000000000E+000                  0.0000000000000000E+000                                        0                 -9.8999999999999986E+001                 -9.9000000000000000E+001                 -9.9000000000000000E+001 
                                     394                  1.9994926716516583E+000                  3.3944907552696163E-001                  5.7409518517036959E+000                 -3.3495099418642909E+000                  1.0539063892674422E+001                  7.5579999999986491E-001                  2.4280000000013496E-001                  1.4000000000000679E-003                  6.1585923377725470E-016                  0.0000000000000000E+000                  0.0000000000000000E+000                                        0                 -9.8999999999999986E+001                 -9.9000000000000000E+001                 -9.9000000000000000E+001 
                                     395                  1.9994744246910536E+000                  3.3864856359096451E-001                  5.7446047636655084E+000                 -3.3350587866799994E+000                  1.0557140555444141E+001                  7.5579999999986502E-001                  2.4280000000013482E-001                  1.4000000000001789E-003                  7.1068003377156394E-016                  0.0000000000000000E+000                  0.0000000000000000E+000                                        0                 -9.8999999999999986E+001                 -9.9000000000000000E+001                 -9.9000000000000000E+001 
                                     396                  1.9994555475247777E+000                  3.3784305170664175E-001                  5.7482576312990403E+000                 -3.3206125183248001E+000                  1.0575212494553588E+001                  7.5579999999986502E-001                  2.4280000000013488E-001                  1.4000000000000679E-003                  8.1982468684080389E-016                  0.0000000000000000E+000                  0.0000000000000000E+000                                        0                 -9.8999999999999986E+001                 -9.9000000000000000E+001                 -9.9000000000000000E+001 
                                     397                  1.9994360186904783E+000                  3.3703248396589708E-001                  5.7519107601161821E+000                 -3.3061707213968448E+000                  1.0593280432536980E+001                  7.5579999999986514E-001                  2.4280000000013482E-001                  1.4000000000000679E-003                  9.4542452526613175E-016                  0.0000000000000000E+000                  0.0000000000000000E+000                                        0                 -9.8999999999999986E+001                 -9.9000000000000000E+001                 -9.9000000000000000E+001 
                                     398                  1.9994158160380682E+000                  3.3621680558460532E-001                  5.7555644549922746E+000                 -3.2917329888693918E+000                  1.0611345082938016E+001                  7.5579999999986502E-001                  2.4280000000013491E-001                  1.4000000000000679E-003                  1.0899245654990225E-015                  0.0000000000000000E+000                  0.0000000000000000E+000                                        0                 -9.8999999999999986E+001                 -9.9000000000000000E+001                 -9.9000000000000000E+001 
                                     399                  1.9993949166158278E+000                  3.3539595920362131E-001                  5.7592189957863855E+000                 -3.2772988974954016E+000                  1.0629407149771056E+001                  7.5579999999986514E-001                  2.4280000000013466E-001                  1.4000000000001789E-003                  1.2561285286647958E-015                  0.0000000000000000E+000                  0.0000000000000000E+000                                        0                 -9.8999999999999986E+001                 -9.9000000000000000E+001                 -9.9000000000000000E+001 
                                     400                  1.9993732967356166E+000                  3.3456988860049525E-001                  5.7628746216864446E+000                 -3.2628680304186530E+000                  1.0647467289066395E+001                  7.5579999999986491E-001                  2.4280000000013496E-001                  1.4000000000000679E-003                  1.4472500163328345E-015                  0.0000000000000000E+000                  0.0000000000000000E+000                                        0                 -9.8999999999999986E+001                 -9.9000000000000000E+001                 -9.9000000000000000E+001 
                                     401                  1.9993509319504883E+000                  3.3373853865945796E-001                  5.7665315446633487E+000                 -3.2484399495089185E+000                  1.0665526150015991E+001                  7.5579999999986502E-001                  2.4280000000013496E-001                  1.4000000000000679E-003                  1.6669720321325160E-015                  0.0000000000000000E+000                  0.0000000000000000E+000                                        0                 -9.8999999999999986E+001                 -9.9000000000000000E+001                 -9.9000000000000000E+001 
                                     402                  1.9993277969338787E+000                  3.3290185184965237E-001                  5.7701899544091697E+000                 -3.2340142011200279E+000                  1.0683584374376760E+001                  7.5579999999986502E-001                  2.4280000000013491E-001                  1.4000000000000679E-003                  1.9195147310603457E-015                  0.0000000000000000E+000                  0.0000000000000000E+000                                        0                 -9.8999999999999986E+001                 -9.9000000000000000E+001                 -9.9000000000000000E+001 
                                     403                  1.9993038655470263E+000                  3.3205977181969260E-001                  5.7738500161076765E+000                 -3.2195903511678177E+000                  1.0701642559442824E+001                  7.5579999999986502E-001                  2.4280000000013491E-001                  1.4000000000000679E-003                  2.2097122836421193E-015                  0.0000000000000000E+000                  0.0000000000000000E+000                                        0                 -9.8999999999999986E+001                 -9.9000000000000000E+001                 -9.9000000000000000E+001 
                                     404                  1.9992791108154484E+000                  3.3121224338605215E-001                  5.7775118833727817E+000                 -3.2051679583086758E+000                  1.0719701297904022E+001                  7.5579999999986514E-001                  2.4280000000013482E-001                  1.4000000000000679E-003                  2.5431018228483455E-015                  0.0000000000000000E+000                  0.0000000000000000E+000                                        0                 -9.8999999999999986E+001                 -9.9000000000000000E+001                 -9.9000000000000000E+001 
                                     405                  1.9992535047972553E+000                  3.3035920897904159E-001                  5.7811756991264751E+000                 -3.1907465755312816E+000                  1.0737761177174383E+001                  7.5579999999986502E-001                  2.4280000000013485E-001                  1.4000000000000679E-003                  2.9260244349317215E-015                  0.0000000000000000E+000                  0.0000000000000000E+000                                        0                 -9.8999999999999986E+001                 -9.9000000000000000E+001                 -9.9000000000000000E+001 
                                     406                  1.9992270186562400E+000                  3.2950061222613075E-001                  5.7848415851865829E+000                 -3.1763257769601014E+000                  1.0755822742189196E+001                  7.5579999999986502E-001                  2.4280000000013499E-001                  1.3999999999999568E-003                  3.3657391982315899E-015                  0.0000000000000000E+000                  0.0000000000000000E+000                                        0                 -9.8999999999999986E+001                 -9.9000000000000000E+001                 -9.9000000000000000E+001 
                                     407                  1.9991996226381741E+000                  3.2863639800575856E-001                  5.7885096477455278E+000                 -3.1619051226509778E+000                  1.0773886535955285E+001                  7.5579999999986514E-001                  2.4280000000013471E-001                  1.4000000000001789E-003                  3.8705547720478203E-015                  0.0000000000000000E+000                  0.0000000000000000E+000                                        0                 -9.8999999999999986E+001                 -9.9000000000000000E+001                 -9.9000000000000000E+001 
                                     408                  1.9991712859208659E+000                  3.2776650869474533E-001                  5.7921799753306757E+000                 -3.1474841572636740E+000                  1.0791953098737581E+001                  7.5579999999986480E-001                  2.4280000000013510E-001                  1.4000000000000679E-003                  4.4499786686441106E-015                  0.0000000000000000E+000                  0.0000000000000000E+000                                        0                 -9.8999999999999986E+001                 -9.9000000000000000E+001                 -9.9000000000000000E+001 
                                     409                  1.9991419766997456E+000                  3.2689088798409877E-001                  5.7958526292814945E+000                 -3.1330624408827377E+000                  1.0810022927733584E+001                  7.5579999999986502E-001                  2.4280000000013491E-001                  1.4000000000000679E-003                  5.1148857498225818E-015                  0.0000000000000000E+000                  0.0000000000000000E+000                                        0                 -9.8999999999999986E+001                 -9.9000000000000000E+001                 -9.9000000000000000E+001 
                                     410                  1.9991116621673244E+000                  3.2600948110042599E-001                  5.7995276517478365E+000                 -3.1186395118734254E+000                  1.0828096522148066E+001                  7.5579999999986502E-001                  2.4280000000013491E-001                  1.4000000000000679E-003                  5.8777127483283668E-015                  0.0000000000000000E+000                  0.0000000000000000E+000                                        0                 -9.8999999999999986E+001                 -9.9000000000000000E+001                 -9.9000000000000000E+001 
                                     411                  1.9990803083274820E+000                  3.2512223040575244E-001                  5.8032050689408674E+000                 -3.1042148914369356E+000                  1.0846174382034482E+001                  7.5579999999986502E-001                  2.4280000000013494E-001                  1.4000000000000679E-003                  6.7526792054413851E-015                  0.0000000000000000E+000                  0.0000000000000000E+000                                        0                 -9.8999999999999986E+001                 -9.9000000000000000E+001                 -9.9000000000000000E+001 
                                     412                  1.9990478801105311E+000                  3.2422907988737504E-001                  5.8068849162842957E+000                 -3.0897881520186727E+000                  1.0864256966189735E+001                  7.5579999999986491E-001                  2.4280000000013496E-001                  1.4000000000000679E-003                  7.7560429888525221E-015                  0.0000000000000000E+000                  0.0000000000000000E+000                                        0                 -9.8999999999999986E+001                 -9.9000000000000000E+001                 -9.9000000000000000E+001 
                                     413                  1.9990143413356596E+000                  3.2332997488545856E-001                  5.8105672869152656E+000                 -3.0753589244739974E+000                  1.0882344734457059E+001                  7.5579999999986502E-001                  2.4280000000013491E-001                  1.4000000000000679E-003                  8.9064013498702603E-015                  0.0000000000000000E+000                  0.0000000000000000E+000                                        0                 -9.8999999999999986E+001                 -9.9000000000000000E+001                 -9.9000000000000000E+001 
                                     414                  1.9989796545313521E+000                  3.2242485812853600E-001                  5.8142523373377513E+000                 -3.0609269158172494E+000                  1.0900438135787716E+001                  7.5579999999986514E-001                  2.4280000000013480E-001                  1.4000000000000679E-003                  1.0225030429958941E-014                  0.0000000000000000E+000                  0.0000000000000000E+000                                        0                 -9.8999999999999986E+001                 -9.9000000000000000E+001                 -9.9000000000000000E+001 
                                     415                  1.9989437810816675E+000                  3.2151367453987600E-001                  5.8179402839400911E+000                 -3.0464919076759136E+000                  1.0918537606171531E+001                  7.5579999999986514E-001                  2.4280000000013474E-001                  1.4000000000000679E-003                  1.1736273320198100E-014                  0.0000000000000000E+000                  0.0000000000000000E+000                                        0                 -9.8999999999999986E+001                 -9.9000000000000000E+001                 -9.9000000000000000E+001 
                                     416                  1.9989066810102143E+000                  3.2059636647202111E-001                  5.8216313993456588E+000                 -3.0320537519707886E+000                  1.0936643569153528E+001                  7.5579999999986502E-001                  2.4280000000013485E-001                  1.4000000000000679E-003                  1.3467985233708130E-014                  0.0000000000000000E+000                  0.0000000000000000E+000                                        0                 -9.8999999999999986E+001                 -9.9000000000000000E+001                 -9.9000000000000000E+001 
                                     417                  1.9988683131181109E+000                  3.1967287808944350E-001                  5.8253260099565072E+000                 -3.0176123652268352E+000                  1.0954756439007284E+001                  7.5579999999986502E-001                  2.4280000000013491E-001                  1.4000000000000679E-003                  1.5452044960505367E-014                  0.0000000000000000E+000                  0.0000000000000000E+000                                        0                 -9.8999999999999986E+001                 -9.9000000000000000E+001                 -9.9000000000000000E+001 
                                     418                  1.9988286347509019E+000                  3.1874315050614072E-001                  5.8290244834381779E+000                 -3.0031677052778902E+000                  1.0972876631077485E+001                  7.5579999999986502E-001                  2.4280000000013485E-001                  1.4000000000000679E-003                  1.7724938124690501E-014                  0.0000000000000000E+000                  0.0000000000000000E+000                                        0                 -9.8999999999999986E+001                 -9.9000000000000000E+001                 -9.9000000000000000E+001 
                                     419                  1.9987876019022275E+000                  3.1780712528438659E-001                  5.8327271738768092E+000                 -2.9887197514828507E+000                  1.0991004525332578E+001                  7.5579999999986502E-001                  2.4280000000013491E-001                  1.4000000000000679E-003                  2.0328400297410928E-014                  0.0000000000000000E+000                  0.0000000000000000E+000                                        0                 -9.8999999999999986E+001                 -9.9000000000000000E+001                 -9.9000000000000000E+001 
                                     420                  1.9987451691860598E+000                  3.1686474463532738E-001                  5.8364343898393711E+000                 -2.9742684307389511E+000                  1.1009140507246851E+001                  7.5579999999986502E-001                  2.4280000000013491E-001                  1.4000000000000679E-003                  2.3310152882412919E-014                  0.0000000000000000E+000                  0.0000000000000000E+000                                        0                 -9.8999999999999986E+001                 -9.9000000000000000E+001                 -9.9000000000000000E+001 
                                     421                  1.9987012895971623E+000                  3.1591594717540145E-001                  5.8401463887309788E+000                 -2.9598136253786977E+000                  1.1027284954227117E+001                  7.5579999999986514E-001                  2.4280000000013482E-001                  1.4000000000000679E-003                  2.6724746533323557E-014                  0.0000000000000000E+000                  0.0000000000000000E+000                                        0                 -9.8999999999999986E+001                 -9.9000000000000000E+001                 -9.9000000000000000E+001 
                                     422                  1.9986559147181000E+000                  3.1496067366663782E-001                  5.8438633815360648E+000                 -2.9453551792275197E+000                  1.1045438234493878E+001                  7.5579999999986525E-001                  2.4280000000013477E-001                  1.3999999999999568E-003                  3.0634527119720324E-014                  0.0000000000000000E+000                  0.0000000000000000E+000                                        0                 -9.8999999999999986E+001                 -9.9000000000000000E+001                 -9.9000000000000000E+001 
                                     423                  1.9986089944211931E+000                  3.1399886169905245E-001                  5.8475855374810903E+000                 -2.9308929005291211E+000                  1.1063600709044934E+001                  7.5579999999986525E-001                  2.4280000000013471E-001                  1.4000000000000679E-003                  3.5110736806017319E-014                  0.0000000000000000E+000                  0.0000000000000000E+000                                        0                 -9.8999999999999986E+001                 -9.9000000000000000E+001                 -9.9000000000000000E+001 
                                     424                  1.9985604770618628E+000                  3.1303045089771053E-001                  5.8513129888306263E+000                 -2.9164265682505368E+000                  1.1081772730255507E+001                  7.5579999999986525E-001                  2.4280000000013480E-001                  1.3999999999999568E-003                  4.0234768793786284E-014                  0.0000000000000000E+000                  0.0000000000000000E+000                                        0                 -9.8999999999999986E+001                 -9.9000000000000000E+001                 -9.9000000000000000E+001 
                                     425                  1.9985103091900960E+000                  3.1205537812647277E-001                  5.8550458454421168E+000                 -2.9019559473372865E+000                  1.1099954641572639E+001                  7.5579999999986514E-001                  2.4280000000013482E-001                  1.4000000000000679E-003                  4.6099608611724399E-014                  0.0000000000000000E+000                  0.0000000000000000E+000                                        0                 -9.8999999999999986E+001                 -9.9000000000000000E+001                 -9.9000000000000000E+001 
                                     426                  1.9984584357404409E+000                  3.1107358236701727E-001                  5.8587842243888080E+000                 -2.8874808157249077E+000                  1.1118146780902622E+001                  7.5579999999986514E-001                  2.4280000000013482E-001                  1.4000000000000679E-003                  5.2811504889969326E-014                  0.0000000000000000E+000                  0.0000000000000000E+000                                        0                 -9.8999999999999986E+001                 -9.9000000000000000E+001                 -9.9000000000000000E+001 
                                     427                  1.9984047997148395E+000                  3.1008499959928520E-001                  5.8625282682923041E+000                 -2.8730009729065884E+000                  1.1136349490805177E+001                  7.5579999999986514E-001                  2.4280000000013485E-001                  1.4000000000000679E-003                  6.0491883296770430E-014                  0.0000000000000000E+000                  0.0000000000000000E+000                                        0                 -9.8999999999999986E+001                 -9.9000000000000000E+001                 -9.9000000000000000E+001 
                                     428                  1.9983493423287113E+000                  3.0908956665083231E-001                  5.8662781366458905E+000                 -2.8585162690454271E+000                  1.1154563080737738E+001                  7.5579999999986514E-001                  2.4280000000013482E-001                  1.4000000000000679E-003                  6.9279498578141060E-014                  0.0000000000000000E+000                  0.0000000000000000E+000                                        0                 -9.8999999999999986E+001                 -9.9000000000000000E+001                 -9.9000000000000000E+001 
                                     429                  1.9982920029772129E+000                  3.0808722138420130E-001                  5.8700340122393788E+000                 -2.8440265691886983E+000                  1.1172787869136336E+001                  7.5579999999986502E-001                  2.4280000000013494E-001                  1.4000000000000679E-003                  7.9332927651957261E-014                  0.0000000000000000E+000                  0.0000000000000000E+000                                        0                 -9.8999999999999986E+001                 -9.9000000000000000E+001                 -9.9000000000000000E+001 
                                     430                  1.9982327189047435E+000                  3.0707789787794820E-001                  5.8737960953416817E+000                 -2.8295317626516687E+000                  1.1191024168120499E+001                  7.5579999999986502E-001                  2.4280000000013488E-001                  1.4000000000000679E-003                  9.0833395011953291E-014                  0.0000000000000000E+000                  0.0000000000000000E+000                                        0                 -9.8999999999999986E+001                 -9.9000000000000000E+001                 -9.9000000000000000E+001 
                                     431                  1.9981714255059744E+000                  3.0606153270169512E-001                  5.8775646025181691E+000                 -2.8150317609728170E+000                  1.1209272284316249E+001                  7.5579999999986525E-001                  2.4280000000013477E-001                  1.3999999999999568E-003                  1.0398801230860194E-013                  0.0000000000000000E+000                  0.0000000000000000E+000                                        0                 -9.8999999999999986E+001                 -9.9000000000000000E+001                 -9.9000000000000000E+001 
                                     432                  1.9981080558928674E+000                  3.0503805856427774E-001                  5.8813397712643454E+000                 -2.8005265021844763E+000                  1.1227532519331797E+001                  7.5579999999986525E-001                  2.4280000000013480E-001                  1.3999999999999568E-003                  1.1903350042030100E-013                  0.0000000000000000E+000                  0.0000000000000000E+000                                        0                 -9.8999999999999986E+001                 -9.9000000000000000E+001                 -9.9000000000000000E+001 
                                     433                  1.9980425412006015E+000                  3.0400741039895335E-001                  5.8851218696729779E+000                 -2.7860159615545386E+000                  1.1245805168914414E+001                  7.5579999999986514E-001                  2.4280000000013488E-001                  1.3999999999999568E-003                  1.3624047555173432E-013                  0.0000000000000000E+000                  0.0000000000000000E+000                                        0                 -9.8999999999999986E+001                 -9.9000000000000000E+001                 -9.9000000000000000E+001 
                                     434                  1.9979748101533739E+000                  3.0296951932989458E-001                  5.8889111490711024E+000                 -2.7715003466185983E+000                  1.1264090280861110E+001                  7.5579999999986502E-001                  2.4280000000013488E-001                  1.4000000000000679E-003                  1.5591807679145463E-013                  0.0000000000000000E+000                  0.0000000000000000E+000                                        0                 -9.8999999999999986E+001                 -9.9000000000000000E+001                 -9.9000000000000000E+001 
                                     435                  1.9979047912309973E+000                  3.0192434586400207E-001                  5.8927079510805891E+000                 -2.7569797045928279E+000                  1.1282388154219333E+001                  7.5579999999986502E-001                  2.4280000000013482E-001                  1.4000000000001789E-003                  1.7842006198016290E-013                  0.0000000000000000E+000                  0.0000000000000000E+000                                        0                 -9.8999999999999986E+001                 -9.9000000000000000E+001                 -9.9000000000000000E+001 
                                     436                  1.9978324066842852E+000                  3.0087179098340011E-001                  5.8965127004954159E+000                 -2.7424539276957196E+000                  1.1300699326738474E+001                  7.5579999999986502E-001                  2.4280000000013499E-001                  1.3999999999999568E-003                  2.0415141475018340E-013                  0.0000000000000000E+000                  0.0000000000000000E+000                                        0                 -9.8999999999999986E+001                 -9.9000000000000000E+001                 -9.9000000000000000E+001 
                                     437                  1.9977575782214880E+000                  2.9981178390266033E-001                  5.9003258054277747E+000                 -2.7279231542290465E+000                  1.1319024074554182E+001                  7.5579999999986525E-001                  2.4280000000013474E-001                  1.4000000000000679E-003                  2.3357517799760050E-013                  0.0000000000000000E+000                  0.0000000000000000E+000                                        0                 -9.8999999999999986E+001                 -9.9000000000000000E+001                 -9.9000000000000000E+001 
                                     438                  1.9976802250338772E+000                  2.9874425245300845E-001                  5.9041476995805269E+000                 -2.7133875524758544E+000                  1.1337362669950696E+001                  7.5579999999986514E-001                  2.4280000000013480E-001                  1.4000000000000679E-003                  2.6722117657560531E-013                  0.0000000000000000E+000                  0.0000000000000000E+000                                        0                 -9.8999999999999986E+001                 -9.9000000000000000E+001                 -9.9000000000000000E+001 
                                     439                  1.9976002637184684E+000                  2.9766912297709930E-001                  5.9079787970909710E+000                 -2.6988472740736591E+000                  1.1355715381625318E+001                  7.5579999999986502E-001                  2.4280000000013482E-001                  1.4000000000001789E-003                  3.0569545359269516E-013                  0.0000000000000000E+000                  0.0000000000000000E+000                                        0                 -9.8999999999999986E+001                 -9.9000000000000000E+001                 -9.9000000000000000E+001 
                                     440                  1.9975176081986310E+000                  2.9658632033730142E-001                  5.9118194503232369E+000                 -2.6843024106024260E+000                  1.1374082474934774E+001                  7.5579999999986525E-001                  2.4280000000013469E-001                  1.4000000000000679E-003                  3.4969091432479756E-013                  0.0000000000000000E+000                  0.0000000000000000E+000                                        0                 -9.8999999999999986E+001                 -9.9000000000000000E+001                 -9.9000000000000000E+001 
                                     441                  1.9974321696424395E+000                  2.9549576803390731E-001                  5.9156699430124782E+000                 -2.6697529863915506E+000                  1.1392464212115854E+001                  7.5579999999986491E-001                  2.4280000000013494E-001                  1.4000000000001789E-003                  3.9999959890194281E-013                  0.0000000000000000E+000                  0.0000000000000000E+000                                        0                 -9.8999999999999986E+001                 -9.9000000000000000E+001                 -9.9000000000000000E+001 
                                     442                  1.9973438563787154E+000                  2.9439738834696644E-001                  5.9195304901445249E+000                 -2.6551989582404625E+000                  1.1410860852477470E+001                  7.5579999999986502E-001                  2.4280000000013494E-001                  1.4000000000000679E-003                  4.5752668725843719E-013                  0.0000000000000000E+000                  0.0000000000000000E+000                                        0                 -9.8999999999999986E+001                 -9.9000000000000000E+001                 -9.9000000000000000E+001 
                                     443                  1.9972525738106974E+000                  2.9329110248512796E-001                  5.9234012375547787E+000                 -2.6406402148437018E+000                  1.1429272652564274E+001                  7.5579999999986491E-001                  2.4280000000013499E-001                  1.4000000000000679E-003                  5.2330642313157406E-013                  0.0000000000000000E+000                  0.0000000000000000E+000                                        0                 -9.8999999999999986E+001                 -9.9000000000000000E+001                 -9.9000000000000000E+001 
                                     444                  1.9971582243272814E+000                  2.9217683074259027E-001                  5.9272822638955152E+000                 -2.6260765786005287E+000                  1.1447699866292064E+001                  7.5579999999986502E-001                  2.4280000000013496E-001                  1.4000000000000679E-003                  5.9852024068523201E-013                  0.0000000000000000E+000                  0.0000000000000000E+000                                        0                 -9.8999999999999986E+001                 -9.9000000000000000E+001                 -9.9000000000000000E+001 
                                     445                  1.9970607072117625E+000                  2.9105449265822697E-001                  5.9311736241048960E+000                 -2.6115078501855362E+000                  1.1466142745055130E+001                  7.5579999999986502E-001                  2.4280000000013502E-001                  1.3999999999999568E-003                  6.8451803056595391E-013                  0.0000000000000000E+000                  0.0000000000000000E+000                                        0                 -9.8999999999999986E+001                 -9.9000000000000000E+001                 -9.9000000000000000E+001 
                                     446                  1.9969599185480218E+000                  2.8992400706530053E-001                  5.9350754263624035E+000                 -2.5969338873658692E+000                  1.1484601537808617E+001                  7.5579999999986525E-001                  2.4280000000013480E-001                  1.3999999999999568E-003                  7.8284337231511709E-013                  0.0000000000000000E+000                  0.0000000000000000E+000                                        0                 -9.8999999999999986E+001                 -9.9000000000000000E+001                 -9.9000000000000000E+001 
                                     447                  1.9968557511242802E+000                  2.8878529193781410E-001                  5.9389878695857190E+000                 -2.5823546432972027E+000                  1.1503076491143785E+001                  7.5579999999986514E-001                  2.4280000000013474E-001                  1.4000000000000679E-003                  8.9526244523719830E-013                  0.0000000000000000E+000                  0.0000000000000000E+000                                        0                 -9.8999999999999986E+001                 -9.9000000000000000E+001                 -9.9000000000000000E+001 
                                     448                  1.9967480943343949E+000                  2.8763826413055255E-001                  5.9429112465857390E+000                 -2.5677701695830266E+000                  1.1521567849393408E+001                  7.5579999999986502E-001                  2.4280000000013488E-001                  1.4000000000000679E-003                  1.0237969629912322E-012                  0.0000000000000000E+000                  0.0000000000000000E+000                                        0                 -9.8999999999999986E+001                 -9.9000000000000000E+001                 -9.9000000000000000E+001 
                                     449                  1.9966368340764420E+000                  2.8648283909887468E-001                  5.9468459463790895E+000                 -2.5531806183040904E+000                  1.1540075854787396E+001                  7.5579999999986502E-001                  2.4280000000013488E-001                  1.4000000000000679E-003                  1.1707622058079267E-012                  0.0000000000000000E+000                  0.0000000000000000E+000                                        0                 -9.8999999999999986E+001                 -9.9000000000000000E+001                 -9.9000000000000000E+001 
                                     450                  1.9965218526485264E+000                  2.8531893060034458E-001                  5.9507924564990784E+000                 -2.5385862442172851E+000                  1.1558600747657563E+001                  7.5579999999986514E-001                  2.4280000000013477E-001                  1.4000000000000679E-003                  1.3388110068741120E-012                  0.0000000000000000E+000                  0.0000000000000000E+000                                        0                 -9.8999999999999986E+001                 -9.9000000000000000E+001                 -9.9000000000000000E+001 
                                     451                  1.9964030286417693E+000                  2.8414645037701852E-001                  5.9547513309318392E+000                 -2.5239873717107462E+000                  1.1577142766692383E+001                  7.5579999999986502E-001                  2.4280000000013494E-001                  1.4000000000000679E-003                  1.5309834843278956E-012                  0.0000000000000000E+000                  0.0000000000000000E+000                                        0                 -9.8999999999999986E+001                 -9.9000000000000000E+001                 -9.9000000000000000E+001 
                                     452                  1.9962802368304016E+000                  2.8296530791368740E-001                  5.9587230778602525E+000                 -2.5093842795417771E+000                  1.1595702149227245E+001                  7.5579999999986502E-001                  2.4280000000013482E-001                  1.4000000000001789E-003                  1.7507606856088750E-012                  0.0000000000000000E+000                  0.0000000000000000E+000                                        0                 -9.8999999999999986E+001                 -9.9000000000000000E+001                 -9.9000000000000000E+001 
                                     453                  1.9961533480588971E+000                  2.8177541050251625E-001                  5.9627080676163722E+000                 -2.4947771063556230E+000                  1.1614279131515651E+001                  7.5579999999986514E-001                  2.4280000000013477E-001                  1.4000000000000679E-003                  2.0021244870245207E-012                  0.0000000000000000E+000                  0.0000000000000000E+000                                        0                 -9.8999999999999986E+001                 -9.9000000000000000E+001                 -9.9000000000000000E+001 
                                     454                  1.9960222291261054E+000                  2.8057666357303979E-001                  5.9667065204166896E+000                 -2.4801658379165281E+000                  1.1632873948915440E+001                  7.5579999999986514E-001                  2.4280000000013488E-001                  1.3999999999999568E-003                  2.2896274007547178E-012                  0.0000000000000000E+000                  0.0000000000000000E+000                                        0                 -9.8999999999999986E+001                 -9.9000000000000000E+001                 -9.9000000000000000E+001 
                                     455                  1.9958867426666134E+000                  2.7936897107615477E-001                  5.9707185050104608E+000                 -2.4655503057283217E+000                  1.1651486835977487E+001                  7.5579999999986525E-001                  2.4280000000013471E-001                  1.4000000000000679E-003                  2.6184718655984878E-012                  0.0000000000000000E+000                  0.0000000000000000E+000                                        0                 -9.8999999999999986E+001                 -9.9000000000000000E+001                 -9.9000000000000000E+001 
                                     456                  1.9957467470291348E+000                  2.7815223589105847E-001                  5.9747439372890785E+000                 -2.4509301857046624E+000                  1.1670118026468558E+001                  7.5579999999986514E-001                  2.4280000000013488E-001                  1.3999999999999568E-003                  2.9945997593357192E-012                  0.0000000000000000E+000                  0.0000000000000000E+000                                        0                 -9.8999999999999986E+001                 -9.9000000000000000E+001                 -9.9000000000000000E+001 
                                     457                  1.9956020961515843E+000                  2.7692636025350859E-001                  5.9787825911847365E+000                 -2.4363050094206016E+000                  1.1688767753338309E+001                  7.5579999999986491E-001                  2.4280000000013496E-001                  1.4000000000000679E-003                  3.4247941874123649E-012                  0.0000000000000000E+000                  0.0000000000000000E+000                                        0                 -9.8999999999999986E+001                 -9.9000000000000000E+001                 -9.9000000000000000E+001 
                                     458                  1.9954526394328584E+000                  2.7569124617136392E-001                  5.9828341710306248E+000                 -2.4216742383185514E+000                  1.1707436248627358E+001                  7.5579999999986514E-001                  2.4280000000013480E-001                  1.4000000000000679E-003                  3.9167999525147006E-012                  0.0000000000000000E+000                  0.0000000000000000E+000                                        0                 -9.8999999999999986E+001                 -9.9000000000000000E+001                 -9.9000000000000000E+001 
                                     459                  1.9952982216012485E+000                  2.7444679564542418E-001                  5.9868983946553334E+000                 -2.4070373488369490E+000                  1.1726123743350676E+001                  7.5579999999986502E-001                  2.4280000000013488E-001                  1.4000000000000679E-003                  4.4794645169547991E-012                  0.0000000000000000E+000                  0.0000000000000000E+000                                        0                 -9.8999999999999986E+001                 -9.9000000000000000E+001                 -9.9000000000000000E+001 
                                     460                  1.9951386825794106E+000                  2.7319291065307993E-001                  5.9909750166109097E+000                 -2.3923938562567617E+000                  1.1744830467396861E+001                  7.5579999999986514E-001                  2.4280000000013485E-001                  1.4000000000000679E-003                  5.1228964713689436E-012                  0.0000000000000000E+000                  0.0000000000000000E+000                                        0                 -9.8999999999999986E+001                 -9.9000000000000000E+001                 -9.9000000000000000E+001 
                                     461                  1.9949738573458111E+000                  2.7192949306076714E-001                  5.9950638321701231E+000                 -2.3777433188652095E+000                  1.1763556649442148E+001                  7.5579999999986514E-001                  2.4280000000013485E-001                  1.4000000000000679E-003                  5.8586455771756358E-012                  0.0000000000000000E+000                  0.0000000000000000E+000                                        0                 -9.8999999999999986E+001                 -9.9000000000000000E+001                 -9.9000000000000000E+001 
                                     462                  1.9948035757927978E+000                  2.7065644452100124E-001                  5.9991646809897325E+000                 -2.3630853417756041E+000                  1.1782302516869281E+001                  7.5579999999986502E-001                  2.4280000000013502E-001                  1.3999999999999568E-003                  6.6999088632254289E-012                  0.0000000000000000E+000                  0.0000000000000000E+000                                        0                 -9.8999999999999986E+001                 -9.9000000000000000E+001                 -9.9000000000000000E+001 
                                     463                  1.9946276625812462E+000                  2.6937366635417265E-001                  6.0032774488985670E+000                 -2.3484195788116535E+000                  1.1801068295716565E+001                  7.5579999999986525E-001                  2.4280000000013474E-001                  1.4000000000000679E-003                  7.6617663968663421E-012                  7.7255324124235908E-039                  0.0000000000000000E+000                                        0                 -9.8999999999999986E+001                 -9.9000000000000000E+001                 -9.9000000000000000E+001 
                                     464                  1.9944459369913075E+000                  2.6808105941690902E-001                  6.0074020568140307E+000                 -2.3337457212654051E+000                  1.1819854210674826E+001                  7.5579999999986491E-001                  2.4280000000013496E-001                  1.4000000000000679E-003                  8.7614488477904020E-012                  1.2231147649165602E-038                  0.0000000000000000E+000                                        0                 -9.8999999999999986E+001                 -9.9000000000000000E+001                 -9.9000000000000000E+001 
                                     465                  1.9942582127692394E+000                  2.6677852399666868E-001                  6.0115384429354695E+000                 -2.3190634795495111E+000                  1.1838660485120263E+001                  7.5579999999986514E-001                  2.4280000000013474E-001                  1.4000000000000679E-003                  1.0018640923487800E-011                  1.9361828174276214E-038                  0.0000000000000000E+000                                        0                 -9.8999999999999986E+001                 -9.9000000000000000E+001                 -9.9000000000000000E+001 
                                     466                  1.9940642979702277E+000                  2.6546595975572035E-001                  6.0156865690418586E+000                 -2.3043725268411546E+000                  1.1857487403484091E+001                  7.5579999999986514E-001                  2.4280000000013482E-001                  1.4000000000000679E-003                  1.1455833513675639E-011                  3.0645119597858899E-038                  0.0000000000000000E+000                                        0                 -9.8999999999999986E+001                 -9.9000000000000000E+001                 -9.9000000000000000E+001 
                                     467                  1.9938639934638653E+000                  2.6414325699935515E-001                  6.0198463893101035E+000                 -2.2896725954929225E+000                  1.1876335183677940E+001                  7.5579999999986514E-001                  2.4280000000013494E-001                  1.3999999999999568E-003                  1.3098711826810250E-011                  4.8496141939548793E-038                  0.0000000000000000E+000                                        0                 -9.8999999999999986E+001                 -9.9000000000000000E+001                 -9.9000000000000000E+001 
                                     468                  1.9936570967243279E+000                  2.6281032287689121E-001                  6.0240178506834710E+000                 -2.2749634717714695E+000                  1.1895203982722915E+001                  7.5579999999986514E-001                  2.4280000000013482E-001                  1.4000000000000679E-003                  1.4976605361274562E-011                  7.6732389721447656E-038                  0.0000000000000000E+000                                        0                 -9.8999999999999986E+001                 -9.9000000000000000E+001                 -9.9000000000000000E+001 
                                     469                  1.9934433977468768E+000                  2.6146705497052258E-001                  6.0282009171637538E+000                 -2.2602448971240627E+000                  1.1914094019713843E+001                  7.5579999999986514E-001                  2.4280000000013482E-001                  1.4000000000000679E-003                  1.7123014039320308E-011                  1.2138680898607027E-037                  0.0000000000000000E+000                                        0                 -9.8999999999999986E+001                 -9.9000000000000000E+001                 -9.9000000000000000E+001 
                                     470                  1.9932226801639497E+000                  2.6011335011615916E-001                  6.0323955667649471E+000                 -2.2455165728664266E+000                  1.1933005567965820E+001                  7.5579999999986502E-001                  2.4280000000013494E-001                  1.4000000000000679E-003                  1.9576199614384547E-011                  1.9199141183236488E-037                  0.0000000000000000E+000                                        0                 -9.8999999999999986E+001                 -9.9000000000000000E+001                 -9.9000000000000000E+001 
                                     471                  1.9929947197326032E+000                  2.5874909650036132E-001                  6.0366017640872078E+000                 -2.2307782452392861E+000                  1.1951938842510696E+001                  7.5579999999986502E-001                  2.4280000000013491E-001                  1.4000000000000679E-003                  2.2379843354126232E-011                  3.0360247638018819E-037                  0.0000000000000000E+000                                        0                 -9.8999999999999986E+001                 -9.9000000000000000E+001                 -9.9000000000000000E+001 
                                     472                  1.9927592881078562E+000                  2.5737419742651307E-001                  6.0408194608858103E+000                 -2.2160297010474075E+000                  1.1970894005017355E+001                  7.5579999999986502E-001                  2.4280000000013494E-001                  1.4000000000000679E-003                  2.5583806492220441E-011                  4.7999544477186417E-037                  0.0000000000000000E+000                                        0                 -9.8999999999999986E+001                 -9.9000000000000000E+001                 -9.9000000000000000E+001 
                                     473                  1.9925161487394827E+000                  2.5598854738963395E-001                  6.0450486294594175E+000                 -2.2012706413318401E+000                  1.1989871323414459E+001                  7.5579999999986502E-001                  2.4280000000013499E-001                  1.3999999999999568E-003                  2.9245026827462513E-011                  7.5870572477331769E-037                  0.0000000000000000E+000                                        0                 -9.8999999999999986E+001                 -9.9000000000000000E+001                 -9.9000000000000000E+001 
                                     474                  1.9922650566133930E+000                  2.5459203263373686E-001                  6.0492892252209822E+000                 -2.1865008037743663E+000                  1.2008871012173373E+001                  7.5579999999986514E-001                  2.4280000000013482E-001                  1.4000000000000679E-003                  3.3428486202972124E-011                  1.1989730123195300E-036                  0.0000000000000000E+000                                        0                 -9.8999999999999986E+001                 -9.9000000000000000E+001                 -9.9000000000000000E+001 
                                     475                  1.9920057620758713E+000                  2.5318455361628728E-001                  6.0535411876441065E+000                 -2.1717199588829419E+000                  1.2027893236964395E+001                  7.5579999999986514E-001                  2.4280000000013485E-001                  1.4000000000000679E-003                  3.8208335172688349E-011                  1.8942617254189119E-036                  0.0000000000000000E+000                                        0                 -9.8999999999999986E+001                 -9.9000000000000000E+001                 -9.9000000000000000E+001 
                                     476                  1.9917380066458457E+000                  2.5176600239536756E-001                  6.0578044623215481E+000                 -2.1569278311140434E+000                  1.2046938215515304E+001                  7.5579999999986502E-001                  2.4280000000013499E-001                  1.3999999999999568E-003                  4.3669201711496490E-011                  2.9919899219566010E-036                  0.0000000000000000E+000                                        0                 -9.8999999999999986E+001                 -9.9000000000000000E+001                 -9.9000000000000000E+001 
                                     477                  1.9914615241175115E+000                  2.5033627019967941E-001                  6.0620790013610781E+000                 -2.1421241033601079E+000                  1.2066006213556223E+001                  7.5579999999986502E-001                  2.4280000000013491E-001                  1.4000000000000679E-003                  4.9907665710780023E-011                  4.7246025974631513E-036                  0.0000000000000000E+000                                        0                 -9.8999999999999986E+001                 -9.9000000000000000E+001                 -9.9000000000000000E+001 
                                     478                  1.9911760389208355E+000                  2.4889524032094043E-001                  6.0663647408032659E+000                 -2.1273084909744910E+000                  1.2085097448277928E+001                  7.5579999999986491E-001                  2.4280000000013505E-001                  1.4000000000000679E-003                  5.7033900999703351E-011                  7.4584775510746625E-036                  0.0000000000000000E+000                                        0                 -9.8999999999999986E+001                 -9.9000000000000000E+001                 -9.9000000000000000E+001 
                                     479                  1.9908812701255740E+000                  2.4744280952504399E-001                  6.0706616017726951E+000                 -2.1124807388191167E+000                  1.2104212092444001E+001                  7.5579999999986502E-001                  2.4280000000013499E-001                  1.3999999999999568E-003                  6.5173567671914317E-011                  1.1770881304793018E-035                  0.0000000000000000E+000                                        0                 -9.8999999999999986E+001                 -9.9000000000000000E+001                 -9.9000000000000000E+001 
                                     480                  1.9905769270343852E+000                  2.4597886651895876E-001                  6.0749695194196152E+000                 -2.0976405158394988E+000                  1.2123350408620693E+001                  7.5579999999986514E-001                  2.4280000000013494E-001                  1.3999999999999568E-003                  7.4470029195815377E-011                  1.8571052929001277E-035                  0.0000000000000000E+000                                        0                 -9.8999999999999986E+001                 -9.9000000000000000E+001                 -9.9000000000000000E+001 
                                     481                  1.9902627089843632E+000                  2.4450329292976167E-001                  6.0792884125483235E+000                 -2.0827875154237936E+000                  1.2142512618497756E+001                  7.5579999999986502E-001                  2.4280000000013502E-001                  1.3999999999999568E-003                  8.5086762980173385E-011                  2.9290515621903978E-035                  0.0000000000000000E+000                                        0                 -9.8999999999999986E+001                 -9.9000000000000000E+001                 -9.9000000000000000E+001 
                                     482                  1.9899383090900680E+000                  2.4301598208568534E-001                  6.0836184207680430E+000                 -2.0679206600019775E+000                  1.2161699935020255E+001                  7.5579999999986480E-001                  2.4280000000013496E-001                  1.4000000000002899E-003                  9.7210849973665005E-011                  4.6183283380196653E-035                  0.0000000000000000E+000                                        0                 -9.8999999999999986E+001                 -9.9000000000000000E+001                 -9.9000000000000000E+001 
                                     483                  1.9896033739241514E+000                  2.4151666030225058E-001                  6.0879594319841308E+000                 -2.0530396526692933E+000                  1.2180912538918342E+001                  7.5579999999986491E-001                  2.4280000000013502E-001                  1.4000000000000679E-003                  1.1105503924823848E-010                  7.2795209774609807E-035                  0.0000000000000000E+000                                        0                 -9.8999999999999986E+001                 -9.9000000000000000E+001                 -9.9000000000000000E+001 
                                     484                  1.9892576117875749E+000                  2.4000537517624498E-001                  6.0923111132870762E+000                 -2.0381449664809046E+000                  1.2200149620747853E+001                  7.5579999999986491E-001                  2.4280000000013505E-001                  1.4000000000000679E-003                  1.2686101921311609E-010                  1.1470014822555069E-034                  0.0000000000000000E+000                                        0                 -9.8999999999999986E+001                 -9.9000000000000000E+001                 -9.9000000000000000E+001 
                                     485                  1.9889006863632102E+000                  2.3848201108071029E-001                  6.0966733545683258E+000                 -2.0232362531453432E+000                  1.2219411414467649E+001                  7.5579999999986480E-001                  2.4280000000013507E-001                  1.4000000000000679E-003                  1.4490493666637899E-010                  1.8065985262648711E-034                  0.0000000000000000E+000                                        0                 -9.8999999999999986E+001                 -9.9000000000000000E+001                 -9.9000000000000000E+001 
                                     486                  1.9885322514506609E+000                  2.3694645158662098E-001                  6.1010460372574196E+000                 -2.0083131536426562E+000                  1.2238698156166492E+001                  7.5579999999986480E-001                  2.4280000000013513E-001                  1.4000000000000679E-003                  1.6550146189235857E-010                  2.8443881099876622E-034                  0.0000000000000000E+000                                        0                 -9.8999999999999986E+001                 -9.9000000000000000E+001                 -9.9000000000000000E+001 
                                     487                  1.9881519506965915E+000                  2.3539857948631654E-001                  6.1054290358851455E+000                 -1.9933752997498511E+000                  1.2258010084112740E+001                  7.5579999999986480E-001                  2.4280000000013516E-001                  1.4000000000000679E-003                  1.8900910504857695E-010                  4.4764982855829868E-034                  0.0000000000000000E+000                                        0                 -9.8999999999999986E+001                 -9.9000000000000000E+001                 -9.9000000000000000E+001 
                                     488                  1.9877594173175555E+000                  2.3383827680950756E-001                  6.1098222238352227E+000                 -1.9784223198780697E+000                  1.2277347438773859E+001                  7.5579999999986469E-001                  2.4280000000013521E-001                  1.4000000000000679E-003                  2.1583627618742953E-010                  7.0421171068231776E-034                  0.0000000000000000E+000                                        0                 -9.8999999999999986E+001                 -9.9000000000000000E+001                 -9.9000000000000000E+001 
                                     489                  1.9873542738176722E+000                  2.3226542482597451E-001                  6.1142254784351202E+000                 -1.9634538443849390E+000                  1.2296710462742881E+001                  7.5579999999986469E-001                  2.4280000000013527E-001                  1.4000000000000679E-003                  2.4644818058291916E-010                  1.1073284212000226E-033                  0.0000000000000000E+000                                        0                 -9.8999999999999986E+001                 -9.9000000000000000E+001                 -9.9000000000000000E+001 
                                     490                  1.9869361317015568E+000                  2.3067990403698449E-001                  6.1186386824333239E+000                 -1.9484695072521325E+000                  1.2316099400570627E+001                  7.5579999999986458E-001                  2.4280000000013532E-001                  1.4000000000000679E-003                  2.8137464839665112E-010                  1.7404095603552419E-033                  0.0000000000000000E+000                                        0                 -9.8999999999999986E+001                 -9.9000000000000000E+001                 -9.9000000000000000E+001 
                                     491                  1.9865045911828338E+000                  2.2908159416840512E-001                  6.1230617248968340E+000                 -1.9334689472640376E+000                  1.2335514498504228E+001                  7.5579999999986447E-001                  2.4280000000013541E-001                  1.4000000000000679E-003                  3.2121903340357590E-010                  2.7341481193477571E-033                  0.0000000000000000E+000                                        0                 -9.8999999999999986E+001                 -9.9000000000000000E+001                 -9.9000000000000000E+001 
                                     492                  1.9860592408885991E+000                  2.2747037416767243E-001                  6.1274945019934677E+000                 -1.9184518090681311E+000                  1.2354956004172564E+001                  7.5579999999986447E-001                  2.4280000000013549E-001                  1.4000000000000679E-003                  3.6666832759263651E-010                  4.2932115906066520E-033                  0.0000000000000000E+000                                        0                 -9.8999999999999986E+001                 -9.9000000000000000E+001                 -9.9000000000000000E+001 
                                     493                  1.9855996575583366E+000                  2.2584612219866423E-001                  6.1319369176847403E+000                 -1.9034177441937641E+000                  1.2374424166298310E+001                  7.5579999999986436E-001                  2.4280000000013557E-001                  1.4000000000000679E-003                  4.1850465688216951E-010                  6.7379334713678929E-033                  0.0000000000000000E+000                                        0                 -9.8999999999999986E+001                 -9.9000000000000000E+001                 -9.9000000000000000E+001 
                                     494                  1.9851254057354206E+000                  2.2420871562780101E-001                  6.1363888843328658E+000                 -1.8883664119758590E+000                  1.2393919234422354E+001                  7.5579999999986425E-001                  2.4280000000013569E-001                  1.4000000000000679E-003                  4.7761834553542462E-010                  1.0569396877019631E-032                  0.0000000000000000E+000                                        0                 -9.8999999999999986E+001                 -9.9000000000000000E+001                 -9.9000000000000000E+001 
                                     495                  1.9846360374535867E+000                  2.2255803101026789E-001                  6.1408503232131642E+000                 -1.8732974804095710E+000                  1.2413441458571160E+001                  7.5579999999986414E-001                  2.4280000000013582E-001                  1.4000000000000679E-003                  5.4502276206515218E-010                  1.6570974748501472E-032                  0.0000000000000000E+000                                        0                 -9.8999999999999986E+001                 -9.9000000000000000E+001                 -9.9000000000000000E+001 
                                     496                  1.9841310919194837E+000                  2.2089394407966134E-001                  6.1453211649333772E+000                 -1.8582106269735446E+000                  1.2432991088844819E+001                  7.5579999999986391E-001                  2.4280000000013596E-001                  1.4000000000000679E-003                  6.2187118816807326E-010                  2.5966653785310544E-032                  0.0000000000000000E+000                                        0                 -9.8999999999999986E+001                 -9.9000000000000000E+001                 -9.9000000000000000E+001 
                                     497                  1.9836100951920612E+000                  2.1921632974255384E-001                  6.1498013497588353E+000                 -1.8431055394520521E+000                  1.2452568374895531E+001                  7.5579999999986380E-001                  2.4280000000013613E-001                  1.4000000000000679E-003                  7.0947598472444206E-010                  4.0667750142690931E-032                  0.0000000000000000E+000                                        0                 -9.8999999999999986E+001                 -9.9000000000000000E+001                 -9.9000000000000000E+001 
                                     498                  1.9830725598607437E+000                  2.1752506208278122E-001                  6.1542908254046189E+000                 -1.8279819142994227E+000                  1.2472173565352767E+001                  7.5579999999986369E-001                  2.4280000000013630E-001                  1.4000000000000679E-003                  8.0933032799953168E-010                  6.3657123492952042E-032                  0.0000000000000000E+000                                        0                 -9.8999999999999986E+001                 -9.9000000000000000E+001                 -9.9000000000000000E+001 
                                     499                  1.9825179847187298E+000                  2.1582001437181628E-001                  6.1587895332024596E+000                 -1.8128394430487489E+000                  1.2491806907292668E+001                  7.5579999999986347E-001                  2.4280000000013652E-001                  1.4000000000000679E-003                  9.2313267343146881E-010                  9.9587045479559823E-032                  0.0000000000000000E+000                                        0                 -9.8999999999999986E+001                 -9.9000000000000000E+001                 -9.9000000000000000E+001 
                                     500                  1.9819458544303370E+000                  2.1410105912961794E-001                  6.1632973928894765E+000                 -1.7976777973070384E+000                  1.2511468645714977E+001                  7.5579999999986314E-001                  2.4280000000013677E-001                  1.4000000000000679E-003                  1.0528143447024443E-009                  1.5570879499380156E-031                  0.0000000000000000E+000                                        0                 -9.8999999999999986E+001                 -9.9000000000000000E+001                 -9.9000000000000000E+001 
                                     501                  1.9813556391950284E+000                  2.1236806825287813E-001                  6.1678142990213933E+000                 -1.7824966256599477E+000                  1.2531159022963436E+001                  7.5579999999986291E-001                  2.4280000000013705E-001                  1.4000000000000679E-003                  1.2005708750515474E-009                  2.4331700962535167E-031                  0.0000000000000000E+000                                        0                 -9.8999999999999986E+001                 -9.9000000000000000E+001                 -9.9000000000000000E+001 
                                     502                  1.9807467944089752E+000                  2.1062091316784659E-001                  6.1723401208239981E+000                 -1.7672955542230604E+000                  1.2550878278040486E+001                  7.5579999999986247E-001                  2.4280000000013729E-001                  1.4000000000002899E-003                  1.3688975148833716E-009                  3.7999204212639050E-031                  0.0000000000000000E+000                                        0                 -9.8999999999999986E+001                 -9.9000000000000000E+001                 -9.9000000000000000E+001 
                                     503                  1.9801187603272121E+000                  2.0885946500145203E-001                  6.1768747020426025E+000                 -1.7520741873298478E+000                  1.2570626645788433E+001                  7.5579999999986214E-001                  2.4280000000013771E-001                  1.4000000000001789E-003                  1.5606293864498597E-009                  5.9307828526283047E-031                  0.0000000000000000E+000                                        0                 -9.8999999999999986E+001                 -9.9000000000000000E+001                 -9.9000000000000000E+001 
                                     504                  1.9794709617267805E+000                  2.0708359476925953E-001                  6.1814178608135100E+000                 -1.7368321082531719E+000                  1.2590404356039656E+001                  7.5579999999986180E-001                  2.4280000000013813E-001                  1.4000000000000679E-003                  1.7789868712371319E-009                  9.2507499902946553E-031                  0.0000000000000000E+000                                        0                 -9.8999999999999986E+001                 -9.9000000000000000E+001                 -9.9000000000000000E+001 
                                     505                  1.9788028075656865E+000                  2.0529317356430576E-001                  6.1859693895704480E+000                 -1.7215688799405329E+000                  1.2610211632795016E+001                  7.5579999999986125E-001                  2.4280000000013857E-001                  1.4000000000001789E-003                  2.0276268852746575E-009                  1.4419835581107822E-030                  0.0000000000000000E+000                                        0                 -9.8999999999999986E+001                 -9.9000000000000000E+001                 -9.9000000000000000E+001 
                                     506                  1.9781136906397707E+000                  2.0348807275221908E-001                  6.1905290549758973E+000                 -1.7062840457877497E+000                  1.2630048693388773E+001                  7.5579999999986092E-001                  2.4280000000013913E-001                  1.3999999999999568E-003                  2.3107007739455980E-009                  2.2462201110433554E-030                  0.0000000000000000E+000                                        0                 -9.8999999999999986E+001                 -9.9000000000000000E+001                 -9.9000000000000000E+001 
                                     507                  1.9774029872385599E+000                  2.0166816417449787E-001                  6.1950965978649526E+000                 -1.6909771304918759E+000                  1.2649915747590336E+001                  7.5579999999986014E-001                  2.4280000000013971E-001                  1.4000000000001789E-003                  2.6329196425455351E-009                  3.4965706763944442E-030                  0.0000000000000000E+000                                        0                 -9.8999999999999986E+001                 -9.9000000000000000E+001                 -9.9000000000000000E+001 
                                     508                  1.9766700568035358E+000                  1.9983332036725410E-001                  6.1996717331865492E+000                 -1.6756476410251040E+000                  1.2669812996579978E+001                  7.5579999999985958E-001                  2.4280000000014040E-001                  1.4000000000000679E-003                  2.9996280320007444E-009                  5.4389973462207512E-030                  0.0000000000000000E+000                                        0                 -9.8999999999999986E+001                 -9.9000000000000000E+001                 -9.9000000000000000E+001 
                                     509                  1.9759142415917614E+000                  1.9798341480023843E-001                  6.2042541514616731E+000                 -1.6602950692105973E+000                  1.2689740631867778E+001                  7.5579999999985870E-001                  2.4280000000014121E-001                  1.4000000000000679E-003                  3.4168870481030727E-009                  8.4541452860149453E-030                  0.0000000000000000E+000                                        0                 -9.8999999999999986E+001                 -9.9000000000000000E+001                 -9.9000000000000000E+001 
                                     510                  1.9751348663392114E+000                  1.9611832211283053E-001                  6.2088435279991874E+000                 -1.6449189022007880E+000                  1.2709698834244636E+001                  7.5579999999985792E-001                  2.4280000000014210E-001                  1.3999999999999568E-003                  3.8915686024078293E-009                  1.3130530831480687E-029                  0.0000000000000000E+000                                        0                 -9.8999999999999986E+001                 -9.9000000000000000E+001                 -9.9000000000000000E+001 
                                     511                  1.9743312379243352E+000                  1.9423791831262083E-001                  6.2134395334478709E+000                 -1.6295186342643850E+000                  1.2729687772763221E+001                  7.5579999999985692E-001                  2.4280000000014318E-001                  1.3999999999998458E-003                  4.4314620522197608E-009                  2.0377174799453697E-029                  0.0000000000000000E+000                                        0                 -9.8999999999999986E+001                 -9.9000000000000000E+001                 -9.9000000000000000E+001 
                                     512                  1.9735026450327102E+000                  1.9234208092924673E-001                  6.2180418366878794E+000                 -1.6140937707623839E+000                  1.2749707603713995E+001                  7.5579999999985570E-001                  2.4280000000014429E-001                  1.4000000000000679E-003                  5.0453941623991336E-009                  3.1596739498921986E-029                  0.0000000000000000E+000                                        0                 -9.8999999999999986E+001                 -9.9000000000000000E+001                 -9.9000000000000000E+001 
                                     513                  1.9726483578264118E+000                  1.9043068916213607E-001                  6.2226501052086736E+000                 -1.5986438296116570E+000                  1.2769758469552357E+001                  7.5579999999985437E-001                  2.4280000000014565E-001                  1.3999999999999568E-003                  5.7433641849285236E-009                  4.8951364750675109E-029                  0.0000000000000000E+000                                        0                 -9.8999999999999986E+001                 -9.9000000000000000E+001                 -9.9000000000000000E+001 
                                     514                  1.9717676276200842E+000                  1.8850362403476181E-001                  6.2272640054528239E+000                 -1.5831683427285004E+000                  1.2789840497823663E+001                  7.5579999999985281E-001                  2.4280000000014715E-001                  1.4000000000000679E-003                  6.5366960520233292E-009                  7.5770358094502206E-029                  0.0000000000000000E+000                                        0                 -9.8999999999999986E+001                 -9.9000000000000000E+001                 -9.9000000000000000E+001 
                                     515                  1.9708596865599570E+000                  1.8656076854473222E-001                  6.2318832031472704E+000                 -1.5676668573830956E+000                  1.2809953800152813E+001                  7.5579999999985092E-001                  2.4280000000014890E-001                  1.4000000000001789E-003                  7.4382097833240521E-009                  1.1717468206696289E-028                  0.0000000000000000E+000                                        0                 -9.8999999999999986E+001                 -9.9000000000000000E+001                 -9.9000000000000000E+001 
                                     516                  1.9699237473052740E+000                  1.8460200780750879E-001                  6.2365073636319668E+000                 -1.5521389374528660E+000                  1.2830098471316489E+001                  7.5579999999984915E-001                  2.4280000000015084E-001                  1.4000000000000679E-003                  8.4624144565449348E-009                  1.8103235256641237E-028                  0.0000000000000000E+000                                        0                 -9.8999999999999986E+001                 -9.9000000000000000E+001                 -9.9000000000000000E+001 
                                     517                  1.9689590027116137E+000                  1.8262722919186056E-001                  6.2411361521898199E+000                 -1.5365841646144076E+000                  1.2850274588391933E+001                  7.5579999999984682E-001                  2.4280000000015312E-001                  1.4000000000000679E-003                  9.6257253660547441E-009                  2.7941826712544425E-028                  0.0000000000000000E+000                                        0                 -9.8999999999999986E+001                 -9.9000000000000000E+001                 -9.9000000000000000E+001 
                                     518                  1.9679646255176217E+000                  1.8063632244936967E-001                  6.2457692343731326E+000                 -1.5210021395088624E+000                  1.2870482209940066E+001                  7.5579999999984426E-001                  2.4280000000015564E-001                  1.4000000000000679E-003                  1.0946708300019196E-008                  4.3084195527523740E-028                  0.0000000000000000E+000                                        0                 -9.8999999999999986E+001                 -9.9000000000000000E+001                 -9.9000000000000000E+001 
                                     519                  1.9669397680383205E+000                  1.7862917984308496E-001                  6.2504062763306774E+000                 -1.5053924828626402E+000                  1.2890721375230996E+001                  7.5579999999984138E-001                  2.4280000000015858E-001                  1.4000000000000679E-003                  1.2446354208214476E-008                  6.6364276482032615E-028                  0.0000000000000000E+000                                        0                 -9.8999999999999986E+001                 -9.9000000000000000E+001                 -9.9000000000000000E+001 
                                     520                  1.9658835618621919E+000                  1.7660569626810610E-001                  6.2550469401293487E+000                 -1.4897548313624538E+000                  1.2910992103580105E+001                  7.5579999999983805E-001                  2.4280000000016189E-001                  1.4000000000000679E-003                  1.4148386683974512E-008                  1.0211570019130430E-027                  0.0000000000000000E+000                                        0                 -9.8999999999999986E+001                 -9.9000000000000000E+001                 -9.9000000000000000E+001 
                                     521                  1.9647951175486269E+000                  1.7456576938141283E-001                  6.2596908636872879E+000                 -1.4740888176719007E+000                  1.2931294393862897E+001                  7.5579999999983416E-001                  2.4280000000016561E-001                  1.4000000000002899E-003                  1.6079602310203881E-008                  1.5695687923703594E-027                  0.0000000000000000E+000                                        0                 -9.8999999999999986E+001                 -9.9000000000000000E+001                 -9.9000000000000000E+001 
                                     522                  1.9636735243207541E+000                  1.7250929980847032E-001                  6.2643376436006379E+000                 -1.4583940533148207E+000                  1.2951628224128937E+001                  7.5579999999982994E-001                  2.4280000000016996E-001                  1.4000000000000679E-003                  1.8270249797918298E-008                  2.4098193714990811E-027                  0.0000000000000000E+000                                        0                 -9.8999999999999986E+001                 -9.9000000000000000E+001                 -9.9000000000000000E+001 
                                     523                  1.9625178497636591E+000                  1.7043619143815603E-001                  6.2689868350308542E+000                 -1.4426701289845059E+000                  1.2971993551211199E+001                  7.5579999999982506E-001                  2.4280000000017482E-001                  1.4000000000000679E-003                  2.0754456752841770E-008                  3.6956452283945277E-027                  0.0000000000000000E+000                                        0                 -9.8999999999999986E+001                 -9.9000000000000000E+001                 -9.9000000000000000E+001 
                                     524                  1.9613271395270921E+000                  1.6834635172427451E-001                  6.2736379547440908E+000                 -1.4269166179530846E+000                  1.2992390310401044E+001                  7.5579999999981962E-001                  2.4280000000018037E-001                  1.4000000000000679E-003                  2.3570707189661036E-008                  5.6608533470630263E-027                  0.0000000000000000E+000                                        0                 -9.8999999999999986E+001                 -9.9000000000000000E+001                 -9.9000000000000000E+001 
                                     525                  1.9601004170257599E+000                  1.6623969196610941E-001                  6.2782904840332217E+000                 -1.4111330792037475E+000                  1.3012818415301249E+001                  7.5579999999981318E-001                  2.4280000000018667E-001                  1.4000000000001789E-003                  2.6762374622803277E-008                  8.6604924001708969E-027                  0.0000000000000000E+000                                        0                 -9.8999999999999986E+001                 -9.9000000000000000E+001                 -9.9000000000000000E+001 
                                     526                  1.9588366831295374E+000                  1.6411612755648933E-001                  6.2829438715349264E+000                 -1.3953190603619592E+000                  1.3033277757780096E+001                  7.5579999999980596E-001                  2.4280000000019383E-001                  1.4000000000001789E-003                  3.0378316719333946E-008                  1.3232887709159392E-026                  0.0000000000000000E+000                                        0                 -9.8999999999999986E+001                 -9.9000000000000000E+001                 -9.9000000000000000E+001 
                                     527                  1.9575349158576640E+000                  1.6197557822308042E-001                  6.2875975359423615E+000                 -1.3794741005636744E+000                  1.3053768207908069E+001                  7.5579999999979797E-001                  2.4280000000020194E-001                  1.4000000000000679E-003                  3.4473538074873292E-008                  2.0192939948332546E-026                  0.0000000000000000E+000                                        0                 -9.8999999999999986E+001                 -9.9000000000000000E+001                 -9.9000000000000000E+001 
                                     528                  1.9561940700761293E+000                  1.5981796826078090E-001                  6.2922508686352803E+000                 -1.3635977331322537E+000                  1.3074289613953095E+001                  7.5579999999978886E-001                  2.4280000000021126E-001                  1.3999999999998458E-003                  3.9109928333380324E-008                  3.0772177137878591E-026                  0.0000000000000000E+000                                        0                 -9.8999999999999986E+001                 -9.9000000000000000E+001                 -9.9000000000000000E+001 
                                     529                  1.9548130771894983E+000                  1.5764322674113768E-001                  6.2969032362521240E+000                 -1.3476894880625658E+000                  1.3094841802507492E+001                  7.5579999999977843E-001                  2.4280000000022167E-001                  1.3999999999998458E-003                  4.4357083553286330E-008                  4.6828574380091011E-026                  0.0000000000000000E+000                                        0                 -9.8999999999999986E+001                 -9.9000000000000000E+001                 -9.9000000000000000E+001 
                                     530                  1.9533908448245971E+000                  1.5545128769640357E-001                  6.3015539835397067E+000                 -1.3317488947653568E+000                  1.3115424578659690E+001                  7.5579999999976633E-001                  2.4280000000023361E-001                  1.4000000000000679E-003                  5.0293219728989601E-008                  7.1160260163998585E-026                  0.0000000000000000E+000                                        0                 -9.8999999999999986E+001                 -9.9000000000000000E+001                 -9.9000000000000000E+001 
                                     531                  1.9519262565177129E+000                  1.5324209029556163E-001                  6.3062024568388475E+000                 -1.3157755058993050E+000                  1.3136037726137712E+001                  7.5579999999975289E-001                  2.4280000000024715E-001                  1.3999999999999568E-003                  5.7006207413986636E-008                  1.0797375145214865E-025                  0.0000000000000000E+000                                        0                 -9.8999999999999986E+001                 -9.9000000000000000E+001                 -9.9000000000000000E+001 
                                     532                  1.9504181714028797E+000                  1.5101557889850747E-001                  6.3108480580900101E+000                 -1.2997689522477578E+000                  1.3156681007503645E+001                  7.5579999999973757E-001                  2.4280000000026247E-001                  1.3999999999999568E-003                  6.4594765955215676E-008                  1.6358193079083351E-025                  0.0000000000000000E+000                                        0                 -9.8999999999999986E+001                 -9.9000000000000000E+001                 -9.9000000000000000E+001 
                                     533                  1.9488654238954075E+000                  1.4877170281063892E-001                  6.3154902767440655E+000                 -1.2837289748864440E+000                  1.3177354164470978E+001                  7.5579999999972014E-001                  2.4280000000027979E-001                  1.4000000000000679E-003                  7.3169801163331158E-008                  2.4744266423893670E-025                  0.0000000000000000E+000                                        0                 -9.8999999999999986E+001                 -9.9000000000000000E+001                 -9.9000000000000000E+001 
                                     534                  1.9472668233723107E+000                  1.4651041584221336E-001                  6.3201286858573660E+000                 -1.2676554207618240E+000                  1.3198056918326902E+001                  7.5579999999970049E-001                  2.4280000000029947E-001                  1.4000000000000679E-003                  8.2855876180358631E-008                  3.7370132329092585E-025                  0.0000000000000000E+000                                        0                 -9.8999999999999986E+001                 -9.9000000000000000E+001                 -9.9000000000000000E+001 
                                     535                  1.9456211538538688E+000                  1.4423167586133004E-001                  6.3247629355669650E+000                 -1.2515482355359280E+000                  1.3218788970424017E+001                  7.5579999999967817E-001                  2.4280000000032176E-001                  1.4000000000000679E-003                  9.3792853708103431E-008                  5.6347799210543449E-025                  0.0000000000000000E+000                                        0                 -9.8999999999999986E+001                 -9.9000000000000000E+001                 -9.9000000000000000E+001 
                                     536                  1.9439271736866066E+000                  1.4193544435585906E-001                  6.3293927470376579E+000                 -1.2354074568405491E+000                  1.3239550002758444E+001                  7.5579999999965297E-001                  2.4280000000034702E-001                  1.4000000000000679E-003                  1.0613773218159165E-007                  8.4825327469503627E-025                  0.0000000000000000E+000                                        0                 -9.8999999999999986E+001                 -9.9000000000000000E+001                 -9.9000000000000000E+001 
                                     537                  1.9421836152236995E+000                  1.3962168599812330E-001                  6.3340179068797324E+000                 -1.2192332078415224E+000                  1.3260339678661399E+001                  7.5579999999962433E-001                  2.4280000000037563E-001                  1.4000000000000679E-003                  1.2006669860416539E-007                  1.2748722689781081E-024                  0.0000000000000000E+000                                        0                 -9.8999999999999986E+001                 -9.9000000000000000E+001                 -9.9000000000000000E+001 
                                     538                  1.9403891845006378E+000                  1.3729036820964954E-001                  6.3386382620244817E+000                 -1.2030256912142201E+000                  1.3281157643576110E+001                  7.5579999999959202E-001                  2.4280000000040805E-001                  1.3999999999999568E-003                  1.3577742337254673E-007                  1.9129283476936301E-024                  0.0000000000000000E+000                                        0                 -9.8999999999999986E+001                 -9.9000000000000000E+001                 -9.9000000000000000E+001 
                                     539                  1.9385425609107303E+000                  1.3494146073175342E-001                  6.3432537150380570E+000                 -1.1867851835332797E+000                  1.3302003525875909E+001                  7.5579999999955538E-001                  2.4280000000044463E-001                  1.3999999999999568E-003                  1.5349162538722677E-007                  2.8656416314857351E-024                  0.0000000000000000E+000                                        0                 -9.8999999999999986E+001                 -9.9000000000000000E+001                 -9.9000000000000000E+001 
                                     540                  1.9366423968818625E+000                  1.3257493520274793E-001                  6.3478642198729842E+000                 -1.1705120300279312E+000                  1.3322876937775842E+001                  7.5579999999951397E-001                  2.4280000000048604E-001                  1.3999999999999568E-003                  1.7345793912866095E-007                  4.2858617208045284E-024                  0.0000000000000000E+000                                        0                 -9.8999999999999986E+001                 -9.9000000000000000E+001                 -9.9000000000000000E+001 
                                     541                  1.9346873175424515E+000                  1.3019076472602495E-001                  6.3524697774380661E+000                 -1.1542066389902967E+000                  1.3343777476378254E+001                  7.5579999999946712E-001                  2.4280000000053295E-001                  1.3999999999999568E-003                  1.9595511729228533E-007                  6.3995733257142034E-024                  0.0000000000000000E+000                                        0                 -9.8999999999999986E+001                 -9.9000000000000000E+001                 -9.9000000000000000E+001 
                                     542                  1.9326759203783210E+000                  1.2778892343553680E-001                  6.3570704196921719E+000                 -1.1378694644244076E+000                  1.3364704724785053E+001                  7.5579999999941416E-001                  2.4280000000058580E-001                  1.4000000000000679E-003                  2.2129556751808023E-007                  9.5403638660136299E-024                  0.0000000000000000E+000                                        0                 -9.8999999999999986E+001                 -9.9000000000000000E+001                 -9.9000000000000000E+001 
                                     543                  1.9306067748875082E+000                  1.2536938613544032E-001                  6.3616661846052560E+000                 -1.1215009793404576E+000                  1.3385658253277525E+001                  7.5579999999935421E-001                  2.4280000000064564E-001                  1.4000000000001789E-003                  2.4982924020220487E-007                  1.4199875215541224E-023                  0.0000000000000000E+000                                        0                 -9.8999999999999986E+001                 -9.9000000000000000E+001                 -9.9000000000000000E+001 
                                     544                  1.9284784222204219E+000                  1.2293212805783327E-001                  6.3662571048980681E+000                 -1.1051016629635588E+000                  1.3406637620624430E+001                  7.5579999999928671E-001                  2.4280000000071322E-001                  1.4000000000000679E-003                  2.8194797220759100E-007                  2.1101541419230231E-023                  0.0000000000000000E+000                                        0                 -9.8999999999999986E+001                 -9.9000000000000000E+001                 -9.9000000000000000E+001 
                                     545                  1.9262893747970828E+000                  1.2047712466030687E-001                  6.3708432089211815E+000                 -1.0886720002192292E+000                  1.3427642375485668E+001                  7.5579999999921033E-001                  2.4280000000078950E-001                  1.4000000000001789E-003                  3.1809035540093074E-007                  3.1308200016588125E-023                  0.0000000000000000E+000                                        0                 -9.8999999999999986E+001                 -9.9000000000000000E+001                 -9.9000000000000000E+001 
                                     546                  1.9240381159078417E+000                  1.1800435140673372E-001                  6.3754245218370551E+000                 -1.0722124814676239E+000                  1.3448672057876054E+001                  7.5579999999912439E-001                  2.4280000000087565E-001                  1.3999999999999568E-003                  3.5874715641181213E-007                  4.6378888869736857E-023                  0.0000000000000000E+000                                        0                 -9.8999999999999986E+001                 -9.9000000000000000E+001                 -9.9000000000000000E+001 
                                     547                  1.9217230992929109E+000                  1.1551378352636162E-001                  6.3800010666884601E+000                 -1.0557236019976610E+000                  1.3469726200756783E+001                  7.5579999999902725E-001                  2.4280000000097277E-001                  1.3999999999999568E-003                  4.0446734698583494E-007                  6.8596956329550466E-023                  0.0000000000000000E+000                                        0                 -9.8999999999999986E+001                 -9.9000000000000000E+001                 -9.9000000000000000E+001 
                                     548                  1.9193427486850589E+000                  1.1300539573800690E-001                  6.3845728653717906E+000                 -1.0392058612429789E+000                  1.3490804331794196E+001                  7.5579999999891767E-001                  2.4280000000108240E-001                  1.3999999999999568E-003                  4.5586481212240292E-007                  1.0130141017523360E-022                  0.0000000000000000E+000                                        0                 -9.8999999999999986E+001                 -9.9000000000000000E+001                 -9.9000000000000000E+001 
                                     549                  1.9168954573138994E+000                  1.1047916194282864E-001                  6.3891399395159496E+000                 -1.0226597617514670E+000                  1.3511905975254066E+001                  7.5579999999879399E-001                  2.4280000000120591E-001                  1.4000000000000679E-003                  5.1362581031454184E-007                  1.4936749711490928E-022                  0.0000000000000000E+000                                        0                 -9.8999999999999986E+001                 -9.9000000000000000E+001                 -9.9000000000000000E+001 
                                     550                  1.9143795873702401E+000                  1.0793505488919632E-001                  6.3937023112702915E+000                 -1.0060858079955537E+000                  1.3533030654011359E+001                  7.5579999999865466E-001                  2.4280000000134519E-001                  1.4000000000001789E-003                  5.7851726813195334E-007                  2.1990266844854414E-022                  0.0000000000000000E+000                                        0                 -9.8999999999999986E+001                 -9.9000000000000000E+001                 -9.9000000000000000E+001 
                                     551                  1.9117934694267991E+000                  1.0537304581034387E-001                  6.3982600040134141E+000                 -9.8948450495422346E-001                  1.3554177891692287E+001                  7.5579999999849778E-001                  2.4280000000150220E-001                  1.4000000000000679E-003                  6.5139600049931324E-007                  3.2325295348395137E-022                  0.0000000000000000E+000                                        0                 -9.8999999999999986E+001                 -9.9000000000000000E+001                 -9.9000000000000000E+001 
                                     552                  1.9091354018046280E+000                  1.0279310402928472E-001                  6.4028130435610944E+000                 -9.7285635698937767E-001                  1.3575347215012307E+001                  7.5579999999832104E-001                  2.4280000000167895E-001                  1.4000000000000679E-003                  7.3321896427664509E-007                  4.7445604380649991E-022                  0.0000000000000000E+000                                        0                 -9.8999999999999986E+001                 -9.9000000000000000E+001                 -9.9000000000000000E+001 
                                     553                  1.9064036498678307E+000                  1.0019519651704897E-001                  6.4073614671111434E+000                 -9.5620187444890470E-001                  1.3596538156221042E+001                  7.5579999999812197E-001                  2.4280000000187810E-001                  1.3999999999999568E-003                  8.2505475242893063E-007                  6.9533669632705190E-022                  0.0000000000000000E+000                                        0                 -9.8999999999999986E+001                 -9.9000000000000000E+001                 -9.9000000000000000E+001 
                                     554                  1.9035964452725929E+000                  9.7579287387286801E-002                  6.4119053372301789E+000                 -9.3952158550280906E-001                  1.3617750255515087E+001                  7.5579999999789782E-001                  2.4280000000210217E-001                  1.4000000000000679E-003                  9.2809649825377812E-007                  1.0175247350910005E-021                  0.0000000000000000E+000                                        0                 -9.8999999999999986E+001                 -9.9000000000000000E+001                 -9.9000000000000000E+001 
                                     555                  1.9007119851723788E+000                  9.4945337296798424E-002                  6.4164447475503730E+000                 -9.2281603945823820E-001                  1.3638983063549210E+001                  7.5579999999764536E-001                  2.4280000000235444E-001                  1.4000000000001789E-003                  1.0436762099885436E-006                  1.4867959460516057E-021                  0.0000000000000000E+000                                        0                 -9.8999999999999986E+001                 -9.9000000000000000E+001                 -9.9000000000000000E+001 
                                     556                  1.8977484313392374E+000                  9.2293302765666052E-002                  6.4209798224251609E+000                 -9.0608580373338143E-001                  1.3660236144091057E+001                  7.5579999999736180E-001                  2.4280000000263813E-001                  1.4000000000000679E-003                  1.1732806815986757E-006                  2.1693076439114450E-021                  0.0000000000000000E+000                                        0                 -9.8999999999999986E+001                 -9.9000000000000000E+001                 -9.9000000000000000E+001 
                                     557                  1.8947039092189817E+000                  8.9623135475759147E-002                  6.4255107166017300E+000                 -8.8933146100241678E-001                  1.3681509076486760E+001                  7.5579999999704273E-001                  2.4280000000295729E-001                  1.3999999999999568E-003                  1.3185692207693957E-006                  3.1605452520885703E-021                  0.0000000000000000E+000                                        0                 -9.8999999999999986E+001                 -9.9000000000000000E+001                 -9.9000000000000000E+001 
                                     558                  1.8915765069859454E+000                  8.6934781607407766E-002                  6.4300376150184126E+000                 -8.7255360674491678E-001                  1.3702801457850024E+001                  7.5579999999668379E-001                  2.4280000000331603E-001                  1.4000000000001789E-003                  1.4813934063305511E-006                  4.5981436394042657E-021                  0.0000000000000000E+000                                        0                 -9.8999999999999986E+001                 -9.9000000000000000E+001                 -9.9000000000000000E+001 
                                     559                  1.8883642745587825E+000                  8.4228181176701680E-002                  6.4345607327680066E+000                 -8.5575284706457133E-001                  1.3724112905257243E+001                  7.5579999999628045E-001                  2.4280000000371943E-001                  1.4000000000000679E-003                  1.6638191137232451E-006                  6.6802409185813792E-021                  0.0000000000000000E+000                                        0                 -9.8999999999999986E+001                 -9.9000000000000000E+001                 -9.9000000000000000E+001 
                                     560                  1.8850652225359019E+000                  8.1503267338159796E-002                  6.4390803151651150E+000                 -8.3892979675036095E-001                  1.3745443057748293E+001                  7.5579999999582725E-001                  2.4280000000417276E-001                  1.3999999999999568E-003                  1.8681510738661147E-006                  9.6917240417016149E-021                  0.0000000000000000E+000                                        0                 -9.8999999999999986E+001                 -9.9000000000000000E+001                 -9.9000000000000000E+001 
                                     561                  1.8816773211499680E+000                  7.8759965736632409E-002                  6.4435966378304901E+000                 -8.2208507787358809E-001                  1.3766791577793642E+001                  7.5579999999531811E-001                  2.4280000000468185E-001                  1.4000000000000679E-003                  2.0969602598541264E-006                  1.4041721487508398E-020                  0.0000000000000000E+000                                        0                 -9.8999999999999986E+001                 -9.9000000000000000E+001                 -9.9000000000000000E+001 
                                     562                  1.8781984992557192E+000                  7.5998193912067163E-002                  6.4481100068098023E+000                 -8.0521931876176212E-001                  1.3788158152381387E+001                  7.5579999999474634E-001                  2.4280000000525351E-001                  1.4000000000001789E-003                  2.3531144352714630E-006                  2.0317111404679268E-020                  0.0000000000000000E+000                                        0                 -9.8999999999999986E+001                 -9.9000000000000000E+001                 -9.9000000000000000E+001 
                                     563                  1.8746266433098742E+000                  7.3217860716889377E-002                  6.4526207586929161E+000                 -7.8833315324044562E-001                  1.3809542493911216E+001                  7.5579999999410463E-001                  2.4280000000589536E-001                  1.4000000000000679E-003                  2.6398122370107348E-006                  2.9358817281784432E-020                  0.0000000000000000E+000                                        0                 -9.8999999999999986E+001                 -9.9000000000000000E+001                 -9.9000000000000000E+001 
                                     564                  1.8709595963391081E+000                  7.0418865739046710E-002                  6.4571292594027945E+000                 -7.7142721888127486E-001                  1.3830944340729266E+001                  7.5579999999338421E-001                  2.4280000000661583E-001                  1.3999999999999568E-003                  2.9606211542787369E-006                  4.2370499393940251E-020                  0.0000000000000000E+000                                        0                 -9.8999999999999986E+001                 -9.9000000000000000E+001                 -9.9000000000000000E+001 
                                     565                  1.8671951569683602E+000                  6.7601098790003630E-002                  6.4616359002969501E+000                 -7.5450215299562406E-001                  1.3852363457164126E+001                  7.5579999999257574E-001                  2.4280000000742419E-001                  1.4000000000000679E-003                  3.3195197621382523E-006                  6.1073260588042241E-020                  0.0000000000000000E+000                                        0                 -9.8999999999999986E+001                 -9.9000000000000000E+001                 -9.9000000000000000E+001 
                                     566                  1.8633310785067625E+000                  6.4764439463851173E-002                  6.4661410931482983E+000                 -7.3755858788305251E-001                  1.3873799633163669E+001                  7.5579999999166880E-001                  2.4280000000833102E-001                  1.4000000000001789E-003                  3.7209447005866967E-006                  8.7925662246156463E-020                  0.0000000000000000E+000                                        0                 -9.8999999999999986E+001                 -9.9000000000000000E+001                 -9.9000000000000000E+001 
                                     567                  1.8593650680867533E+000                  6.1908756764130622E-002                  6.4706452655501314E+000                 -7.2059714675824471E-001                  1.3895252683678889E+001                  7.5579999999065173E-001                  2.4280000000934818E-001                  1.4000000000000679E-003                  4.1698429799656409E-006                  1.2643637447056168E-019                  0.0000000000000000E+000                                        0                 -9.8999999999999986E+001                 -9.9000000000000000E+001                 -9.9000000000000000E+001 
                                     568                  1.8552947858304589E+000                  5.9033908771270210E-002                  6.4751488565878130E+000                 -7.0361844015056962E-001                  1.3916722447865142E+001                  7.5579999998951108E-001                  2.4280000001048879E-001                  1.4000000000000679E-003                  4.6717302008603703E-006                  1.8160812011409430E-019                  0.0000000000000000E+000                                        0                 -9.8999999999999986E+001                 -9.9000000000000000E+001                 -9.9000000000000000E+001 
                                     569                  1.8511178440601987E+000                  5.6139742357133364E-002                  6.4796523127379846E+000                 -6.8662306281626917E-001                  1.3938208788010460E+001                  7.5579999998823255E-001                  2.4280000001176730E-001                  1.4000000000001789E-003                  5.2327553415572009E-006                  2.6056757775440885E-019                  0.0000000000000000E+000                                        0                 -9.8999999999999986E+001                 -9.9000000000000000E+001                 -9.9000000000000000E+001 
                                     570                  1.8468318065869940E+000                  5.3226092963241690E-002                  6.4841560839716124E+000                 -6.6961159123219005E-001                  1.3959711588093308E+001                  7.5579999998679959E-001                  2.4280000001320032E-001                  1.4000000000000679E-003                  5.8597728345075834E-006                  3.7345849063981148E-019                  0.0000000000000000E+000                                        0                 -9.8999999999999986E+001                 -9.9000000000000000E+001                 -9.9000000000000000E+001 
                                     571                  1.8424341881050663E+000                  5.0292784452362981E-002                  6.4886606200958798E+000                 -6.5258458154121468E-001                  1.3981230752146471E+001                  7.5579999998519332E-001                  2.4280000001480664E-001                  1.4000000000000679E-003                  6.5604227363353855E-006                  5.3470707131735916E-019                  0.0000000000000000E+000                                        0                 -9.8999999999999986E+001                 -9.9000000000000000E+001                 -9.9000000000000000E+001 
                                     572                  1.8379224536199439E+000                  4.7339628975816554E-002                  6.4931663673840916E+000                 -6.3554256768548600E-001                  1.4002766202676440E+001                  7.5579999998339409E-001                  2.4280000001660579E-001                  1.4000000000000679E-003                  7.3432198884146459E-006                  7.6481366603809347E-019                  0.0000000000000000E+000                                        0                 -9.8999999999999986E+001                 -9.9000000000000000E+001                 -9.9000000000000000E+001 
                                     573                  1.8332940178965040E+000                  4.4366426844446048E-002                  6.4976737654677148E+000                 -6.1848605989016570E-001                  1.4024317879028157E+001                  7.5579999998137903E-001                  2.4280000001862098E-001                  1.3999999999999568E-003                  8.2176530497995105E-006                  1.0928878391380513E-018                  0.0000000000000000E+000                                        0                 -9.8999999999999986E+001                 -9.9000000000000000E+001                 -9.9000000000000000E+001 
                                     574                  1.8285462449932512E+000                  4.1372966442009551E-002                  6.5021832443512890E+000                 -6.0141554355557159E-001                  1.4045885735467962E+001                  7.5579999997912206E-001                  2.4280000002087787E-001                  1.4000000000000679E-003                  9.1942950698946354E-006                  1.5602329709264507E-018                  0.0000000000000000E+000                                        0                 -9.8999999999999986E+001                 -9.9000000000000000E+001                 -9.9000000000000000E+001 
                                     575                  1.8236764479304604E+000                  3.8359024203134674E-002                  6.5066952198843442E+000                 -5.8433147679331299E-001                  1.4067469739091708E+001                  7.5579999997659497E-001                  2.4280000002340496E-001                  1.4000000000000679E-003                  1.0284925055116018E-005                  2.2254113007225987E-018                  0.0000000000000000E+000                                        0                 -9.8999999999999986E+001                 -9.9000000000000000E+001                 -9.9000000000000000E+001 
                                     576                  1.8186818884236364E+000                  3.5324364616104720E-002                  6.5112100898531953E+000                 -5.6723428842584356E-001                  1.4089069867872107E+001                  7.5579999997376601E-001                  2.4280000002623409E-001                  1.3999999999998458E-003                  1.1502663999527810E-005                  3.1713961301997509E-018                  0.0000000000000000E+000                                        0                 -9.8999999999999986E+001                 -9.9000000000000000E+001                 -9.9000000000000000E+001 
                                     577                  1.8135597766248213E+000                  3.2268740210272671E-002                  6.5157282355314825E+000                 -5.5012438140543507E-001                  1.4110686108801836E+001                  7.5579999997059932E-001                  2.4280000002940072E-001                  1.3999999999999568E-003                  1.2862126166893047E-005                  4.5156659445973651E-018                  0.0000000000000000E+000                                        0                 -9.8999999999999986E+001                 -9.9000000000000000E+001                 -9.9000000000000000E+001 
                                     578                  1.8083072709503842E+000                  2.9191891536717203E-002                  6.5202500263777798E+000                 -5.3300213960895493E-001                  1.4132318455879076E+001                  7.5579999996705549E-001                  2.4280000003294461E-001                  1.3999999999998458E-003                  1.4379588030956556E-005                  6.4244430730774589E-018                  0.0000000000000000E+000                                        0                 -9.8999999999999986E+001                 -9.9000000000000000E+001                 -9.9000000000000000E+001 
                                     579                  1.8029214780476450E+000                  2.6093547142516160E-002                  6.5247758243696037E+000                 -5.1586793447298485E-001                  1.4153966907907407E+001                  7.5579999996309000E-001                  2.4280000003690999E-001                  1.4000000000000679E-003                  1.6073176385296919E-005                  9.1327677542007286E-018                  0.0000000000000000E+000                                        0                 -9.8999999999999986E+001                 -9.9000000000000000E+001                 -9.9000000000000000E+001 
                                     580                  1.7973994528906361E+000                  2.2973423524730700E-002                  6.5293059879052890E+000                 -4.9872213113124431E-001                  1.4175631466387225E+001                  7.5579999995865244E-001                  2.4280000004134761E-001                  1.3999999999999568E-003                  1.7963077813345398E-005                  1.2972785179023168E-017                  0.0000000000000000E+000                                        0                 -9.8999999999999986E+001                 -9.9000000000000000E+001                 -9.9000000000000000E+001 
                                     581                  1.7917381989026611E+000                  1.9831225001503049E-002                  6.5338408753085826E+000                 -4.8156509386227103E-001                  1.4197312133606424E+001                  7.5579999995368941E-001                  2.4280000004631050E-001                  1.4000000000000679E-003                  2.0071771982894857E-005                  1.8413587362080460E-017                  0.0000000000000000E+000                                        0                 -9.8999999999999986E+001                 -9.9000000000000000E+001                 -9.9000000000000000E+001 
                                     582                  1.7859346681641977E+000                  1.6666643534147887E-002                  6.5383808479068932E+000                 -4.6439719110163646E-001                  1.4219008910743344E+001                  7.5579999994813862E-001                  2.4280000005186123E-001                  1.4000000000001789E-003                  2.2424291481155226E-005                  2.6117305668142456E-017                  0.0000000000000000E+000                                        0                 -9.8999999999999986E+001                 -9.9000000000000000E+001                 -9.9000000000000000E+001 
                                     583                  1.7799857617522676E+000                  1.3479358522261516E-002                  6.5429262726618198E+000                 -4.4721880015493026E-001                  1.4240721795840210E+001                  7.5579999994193137E-001                  2.4280000005806857E-001                  1.4000000000000679E-003                  2.5048511211605784E-005                  3.7018050741274192E-017                  0.0000000000000000E+000                                        0                 -9.8999999999999986E+001                 -9.9000000000000000E+001                 -9.9000000000000000E+001 
                                     584                  1.7738883302643447E+000                  1.0269036594367131E-002                  6.5474775243883725E+000                 -4.3003031152403853E-001                  1.4262450781778787E+001                  7.5579999993499092E-001                  2.4280000006500915E-001                  1.3999999999999568E-003                  2.7975470742929930E-005                  5.2432965143700325E-017                  0.0000000000000000E+000                                        0                 -9.8999999999999986E+001                 -9.9000000000000000E+001                 -9.9000000000000000E+001 
                                     585                  1.7676391744300399E+000                  7.0353313363896858E-003                  6.5520349873392290E+000                 -4.1283213232806715E-001                  1.4284195854458829E+001                  7.5579999992723135E-001                  2.4280000007276861E-001                  1.4000000000000679E-003                  3.1239733301159111E-005                  7.4218398546539023E-017                  0.0000000000000000E+000                                        0                 -9.8999999999999986E+001                 -9.9000000000000000E+001                 -9.9000000000000000E+001 
                                     586                  1.7612350458139774E+000                  3.7778829611718957E-003                  6.5565990478983274E+000                 -3.9562468052935917E-001                  1.4305956991127932E+001                  7.5579999991855751E-001                  2.4280000008144242E-001                  1.4000000000000679E-003                  3.4879781778460947E-005                  1.0498941461935351E-016                  0.0000000000000000E+000                                        0                 -9.8999999999999986E+001                 -9.9000000000000000E+001                 -9.9000000000000000E+001 
                                     587                  1.7546726476425323E+000                  4.9631800055205844E-004                  6.5611700762395815E+000                 -3.7840836800038063E-001                  1.4327734158689147E+001                  7.5579999990886282E-001                  2.4280000009113728E-001                  1.3999999999998458E-003                  3.8938452302869500E-005                  1.4842808753451449E-016                  0.0000000000000000E+000                                        0                 -9.8999999999999986E+001                 -9.9000000000000000E+001                 -9.9000000000000000E+001 
                                     588                  1.7479486358307235E+000                 -2.8097508579073556E-003                  6.5657484145320142E+000                 -3.6118359032717245E-001                  1.4349527311934153E+001                  7.5579999989802815E-001                  2.4280000010197181E-001                  1.4000000000000679E-003                  4.3463415206633825E-005                  2.0971632671652892E-016                  0.0000000000000000E+000                                        0                 -9.8999999999999986E+001                 -9.9000000000000000E+001                 -9.9000000000000000E+001 
                                     589                  1.7410596201718054E+000                 -6.1407248586034585E-003                  6.5703343750680068E+000                 -3.4395072657346809E-001                  1.4371336391863132E+001                  7.5579999988591817E-001                  2.4280000011408170E-001                  1.4000000000000679E-003                  4.8507711605009403E-005                  2.9614330678837934E-016                  0.0000000000000000E+000                                        0                 -9.8999999999999986E+001                 -9.9000000000000000E+001                 -9.9000000000000000E+001 
                                     590                  1.7340021656391826E+000                 -9.4970192915822902E-003                  6.5749282392213608E+000                 -3.2671013975728835E-001                  1.4393161324171960E+001                  7.5579999987239055E-001                  2.4280000012760933E-001                  1.4000000000000679E-003                  5.4130348219927941E-005                  4.1795747375863113E-016                  0.0000000000000000E+000                                        0                 -9.8999999999999986E+001                 -9.9000000000000000E+001                 -9.9000000000000000E+001 
                                     591                  1.7267727938071724E+000                 -1.2879063637341622E-002                  6.5795302566803002E+000                 -3.0946217754356931E-001                  1.4415002017815395E+001                  7.5579999985727797E-001                  2.4280000014272199E-001                  1.4000000000000679E-003                  6.0396956281998089E-005                  5.8956098344155418E-016                  0.0000000000000000E+000                                        0                 -9.8999999999999986E+001                 -9.9000000000000000E+001                 -9.9000000000000000E+001 
                                     592                  1.7193679844469385E+000                 -1.6287301721224119E-002                  6.5841406449470332E+000                 -2.9220717321829570E-001                  1.4436858363531124E+001                  7.5579999984039636E-001                  2.4280000015960346E-001                  1.4000000000001789E-003                  6.7380521137325115E-005                  8.3118331257925017E-016                  0.0000000000000000E+000                                        0                 -9.8999999999999986E+001                 -9.9000000000000000E+001                 -9.9000000000000000E+001 
                                     593                  1.7117841773306903E+000                 -1.9722191869519470E-002                  6.5887595891251944E+000                 -2.7494544685570388E-001                  1.4458730232401761E+001                  7.5579999982154145E-001                  2.4280000017845865E-001                  1.3999999999998458E-003                  7.5162189891731635E-005                  1.1712249981315197E-015                  0.0000000000000000E+000                                        0                 -9.8999999999999986E+001                 -9.9000000000000000E+001                 -9.9000000000000000E+001 
                                     594                  1.7040177741776699E+000                 -2.3184207104824699E-002                  6.5933872420307065E+000                 -2.5767730672468236E-001                  1.4480617474614057E+001                  7.5579999980048429E-001                  2.4280000019951573E-001                  1.3999999999999568E-003                  8.3832165170460594E-005                  1.6495379754208563E-015                  0.0000000000000000E+000                                        0                 -9.8999999999999986E+001                 -9.9000000000000000E+001                 -9.9000000000000000E+001 
                                     595                  1.6960651407081790E+000                 -2.6673835401284006E-002                  6.5980237246324824E+000                 -2.4040305081379498E-001                  1.4502519918442237E+001                  7.5579999977697065E-001                  2.4280000022302922E-001                  1.4000000000000679E-003                  9.3490693906633611E-005                  2.3220141513546774E-015                  0.0000000000000000E+000                                        0                 -9.8999999999999986E+001                 -9.9000000000000000E+001                 -9.9000000000000000E+001 
                                     596                  1.6879226088166501E+000                 -3.0191579998806607E-002                  6.6026691274204898E+000                 -2.2312296915692884E-001                  1.4524437369301022E+001                  7.5579999975071732E-001                  2.4280000024928258E-001                  1.4000000000000679E-003                  1.0424916171928679E-004                  3.2670002740082642E-015                  0.0000000000000000E+000                                        0                 -9.8999999999999986E+001                 -9.9000000000000000E+001                 -9.9000000000000000E+001 
                                     597                  1.6795864789639996E+000                 -3.3737959743067238E-002                  6.6073235225814937E+000                 -2.0583735704337155E-001                  1.4546369608828059E+001                  7.5579999972140144E-001                  2.4280000027859847E-001                  1.4000000000000679E-003                  1.1623131846603640E-004                  4.5942636075836741E-015                  0.0000000000000000E+000                                        0                 -9.8999999999999986E+001                 -9.9000000000000000E+001                 -9.9000000000000000E+001 
                                     598                  1.6710530227291205E+000                 -3.7313509574444667E-002                  6.6119869844130656E+000                 -1.8854653645191910E-001                  1.4568316394214195E+001                  7.5579999968868394E-001                  2.4280000031131596E-001                  1.4000000000000679E-003                  1.2957465452495480E-004                  6.4575199120475596E-015                  0.0000000000000000E+000                                        0                 -9.8999999999999986E+001                 -9.9000000000000000E+001                 -9.9000000000000000E+001 
                                     599                  1.6623184854358488E+000                 -4.0918781282031851E-002                  6.6166595987080630E+000                 -1.7125086594870764E-001                  1.4590277457925415E+001                  7.5579999965216749E-001                  2.4280000034783242E-001                  1.4000000000000679E-003                  1.4443192057177898E-004                  9.0719287112027945E-015                  0.0000000000000000E+000                                        0                 -9.8999999999999986E+001                 -9.9000000000000000E+001                 -9.9000000000000000E+001 
                                     600                  1.6533790888403752E+000                 -4.4554344446957696E-002                  6.6213414626751250E+000                 -1.5395074065011469E-001                  1.4612252507619782E+001                  7.5579999961141586E-001                  2.4280000038858421E-001                  1.3999999999999568E-003                  1.6097280137191208E-004                  1.2738512428123269E-014                  0.0000000000000000E+000                                        0                 -9.8999999999999986E+001                 -9.9000000000000000E+001                 -9.9000000000000000E+001 
                                     601                  1.6442310340476651E+000                 -4.8220787431324512E-002                  6.6260326844672051E+000                 -1.3664659167611914E-001                  1.4634241226149689E+001                  7.5579999956594324E-001                  2.4280000043405670E-001                  1.4000000000000679E-003                  1.7938577024277785E-004                  1.7878226006498080E-014                  0.0000000000000000E+000                                        0                 -9.8999999999999986E+001                 -9.9000000000000000E+001                 -9.9000000000000000E+001 
                                     602                  1.6348705045774337E+000                 -5.1918718448421608E-002                  6.6307333826296642E+000                 -1.1933888522371912E-001                  1.4656243271906471E+001                  7.5579999951520949E-001                  2.4280000048479039E-001                  1.4000000000000679E-003                  1.9988014387006922E-004                  2.5079470910462046E-014                  0.0000000000000000E+000                                        0                 -9.8999999999999986E+001                 -9.9000000000000000E+001                 -9.9000000000000000E+001 
                                     603                  1.6252936694473503E+000                 -5.5648766769219239E-002                  6.6354436854745869E+000                 -1.0202812128069016E-001                  1.4678258279563954E+001                  7.5579999945861298E-001                  2.4280000054138692E-001                  1.4000000000000679E-003                  2.2268835877753388E-004                  3.5164331941870053E-014                  0.0000000000000000E+000                                        0                 -9.8999999999999986E+001                 -9.9000000000000000E+001                 -9.9000000000000000E+001 
                                     604                  1.6154966863357725E+000                 -5.9411584041178245E-002                  6.6401637303306034E+000                 -8.4714831952834330E-002                  1.4700285860944902E+001                  7.5579999939548415E-001                  2.4280000060451568E-001                  1.4000000000001789E-003                  2.4806849274089642E-004                  4.9280873962079456E-014                  0.0000000000000000E+000                                        0                 -9.8999999999999986E+001                 -9.9000000000000000E+001                 -9.9000000000000000E+001 
                                     605                  1.6054757049813195E+000                 -6.3207845660867679E-002                  6.6448936626682649E+000                 -6.7399579598578174E-002                  1.4722325605968503E+001                  7.5579999932506170E-001                  2.4280000067493837E-001                  1.3999999999999568E-003                  2.7630705685265691E-004                  6.9031702019189710E-014                  0.0000000000000000E+000                                        0                 -9.8999999999999986E+001                 -9.9000000000000000E+001                 -9.9000000000000000E+001 
                                     606                  1.5952268707000035E+000                 -6.7038252252841768E-002                  6.6496336351632452E+000                 -5.0082954582690027E-002                  1.4744377083930463E+001                  7.5579999924654684E-001                  2.4280000075345301E-001                  1.4000000000001789E-003                  3.0772208691727217E-004                  9.6652956895401955E-014                  0.0000000000000000E+000                                        0                 -9.8999999999999986E+001                 -9.9000000000000000E+001                 -9.9000000000000000E+001 
                                     607                  1.5847463279087612E+000                 -7.0903531299714745E-002                  6.6543838045248922E+000                 -3.2765570582530358E-002                  1.4766439845014604E+001                  7.5579999915900420E-001                  2.4280000084099576E-001                  1.4000000000000679E-003                  3.4266655674723776E-004                  1.3526341757940827E-013                  0.0000000000000000E+000                                        0                 -9.8999999999999986E+001                 -9.9000000000000000E+001                 -9.9000000000000000E+001 
                                     608                  1.5740302238402699E+000                 -7.4804438838025164E-002                  6.6591443173544125E+000                 -1.5448048677730298E-002                  1.4788513421802753E+001                  7.5579999906140827E-001                  2.4280000093859166E-001                  1.4000000000000679E-003                  3.8153210207523392E-004                  1.8921089872300794E-013                  0.0000000000000000E+000                                        0                 -9.8999999999999986E+001                 -9.9000000000000000E+001                 -9.9000000000000000E+001 
                                     609                  1.5630747124736821E+000                 -7.8741761115558681E-002                  6.6639152955016971E+000                  1.8689990980423003E-003                  1.4810597330856817E+001                  7.5579999895261896E-001                  2.4280000104738098E-001                  1.4000000000000679E-003                  4.2475310593436733E-004                  2.6455364893845662E-013                  0.0000000000000000E+000                                        0                 -9.8999999999999986E+001                 -9.9000000000000000E+001                 -9.9000000000000000E+001 
                                     610                  1.5518759585719533E+000                 -8.2716316244242236E-002                  6.6686968338770036E+000                  1.9184973634897375E-002                  1.4832691074434081E+001                  7.5579999883136895E-001                  2.4280000116863093E-001                  1.4000000000000679E-003                  4.7281124238021216E-004                  3.6972913334784291E-013                  0.0000000000000000E+000                                        0                 -9.8999999999999986E+001                 -9.9000000000000000E+001                 -9.9000000000000000E+001 
                                     611                  1.5404301418496660E+000                 -8.6728955954899364E-002                  6.6734890020360647E+000                  3.6499288851267485E-002                  1.4854794142180348E+001                  7.5579999869622916E-001                  2.4280000130377075E-001                  1.4000000000000679E-003                  5.2624050436185597E-004                  5.1648261864487055E-013                  0.0000000000000000E+000                                        0                 -9.8999999999999986E+001                 -9.9000000000000000E+001                 -9.9000000000000000E+001 
                                     612                  1.5287334613988577E+000                 -9.0780567452391908E-002                  6.6782918456770721E+000                  5.3811371829220030E-002                  1.4876906012728838E+001                  7.5579999854567148E-001                  2.4280000145432853E-001                  1.3999999999999568E-003                  5.8563274985615795E-004                  7.2115570885721672E-013                  0.0000000000000000E+000                                        0                 -9.8999999999999986E+001                 -9.9000000000000000E+001                 -9.9000000000000000E+001 
                                     613                  1.5167821403365351E+000                 -9.4872075396724320E-002                  6.6831053881014029E+000                  7.1120662920155578E-002                  1.4899026155295651E+001                  7.5579999837793921E-001                  2.4280000162206072E-001                  1.4000000000000679E-003                  6.5164381803129140E-004                  1.0064733480527946E-012                  0.0000000000000000E+000                                        0                 -9.8999999999999986E+001                 -9.9000000000000000E+001                 -9.9000000000000000E+001 
                                     614                  1.5045724306388741E+000                 -9.9004444036089281E-002                  6.6879296316375587E+000                  8.8426615760904229E-002                  1.4921154031253391E+001                  7.5579999819110022E-001                  2.4280000180889968E-001                  1.4000000000000679E-003                  7.2500027170328937E-004                  1.4040205777297892E-012                  0.0000000000000000E+000                                        0                 -9.8999999999999986E+001                 -9.9000000000000000E+001                 -9.9000000000000000E+001 
                                     615                  1.4921006182353269E+000                 -1.0317867948208505E-001                  6.6927645590136589E+000                  1.0572869739463243E-001                  1.4943289095603552E+001                  7.5579999798300923E-001                  2.4280000201699084E-001                  1.3999999999999568E-003                  8.0650682811087503E-004                  1.9576732500423958E-012                  0.0000000000000000E+000                                        0                 -9.8999999999999986E+001                 -9.9000000000000000E+001                 -9.9000000000000000E+001 
                                     616                  1.4793630284010983E+000                 -1.0739583212981785E-001                  6.6976101346775589E+000                  1.2302638838677124E-001                  1.4965430798346389E+001                  7.5579999775126028E-001                  2.4280000224873974E-001                  1.3999999999999568E-003                  8.9705454540798602E-004                  2.7283470845150753E-012                  0.0000000000000000E+000                                        0                 -9.8999999999999986E+001                 -9.9000000000000000E+001                 -9.9000000000000000E+001 
                                     617                  1.4663560314460935E+000                 -1.1165699924175795E-001                  6.7024663062847072E+000                  1.4031918261204748E-001                  1.4987578585784243E+001                  7.5579999749325111E-001                  2.4280000250674888E-001                  1.4000000000000679E-003                  9.9762984104052551E-004                  3.8005674716273104E-012                  0.0000000000000000E+000                                        0                 -9.8999999999999986E+001                 -9.9000000000000000E+001                 -9.9000000000000000E+001 
                                     618                  1.4530760486972678E+000                 -1.1596332771926947E-001                  6.7073330109255558E+000                  1.5760658204302783E-001                  1.5009731901746724E+001                  7.5579999720602697E-001                  2.4280000279397282E-001                  1.4000000000001789E-003                  1.1093244811237336E-003                  5.2915536417751789E-012                  0.0000000000000000E+000                                        0                 -9.8999999999999986E+001                 -9.9000000000000000E+001                 -9.9000000000000000E+001 
                                     619                  1.4395195588285821E+000                 -1.2031601711656370E-001                  6.7122101856523990E+000                  1.7488808721319390E-001                  1.5031890188699119E+001                  7.5579999688633148E-001                  2.4280000311366851E-001                  1.4000000000000679E-003                  1.2333466681592798E-003                  7.3637736341815763E-012                  0.0000000000000000E+000                                        0                 -9.8999999999999986E+001                 -9.9000000000000000E+001                 -9.9000000000000000E+001 
                                     620                  1.4256831045856135E+000                 -1.2471632295518888E-001                  6.7170977728227861E+000                  1.9216319292431483E-001                  1.5054052888771661E+001                  7.5579999653055141E-001                  2.4280000346944874E-001                  1.3999999999998458E-003                  1.3710332385622930E-003                  1.0242284454670514E-011                  0.0000000000000000E+000                                        0                 -9.8999999999999986E+001                 -9.9000000000000000E+001                 -9.9000000000000000E+001 
                                     621                  1.4115632998861545E+000                 -1.2916556032678944E-001                  6.7219957203159932E+000                  2.0943138902632163E-001                  1.5076219444757442E+001                  7.5579999613464521E-001                  2.4280000386535489E-001                  1.3999999999998458E-003                  1.5238630506791634E-003                  1.4238665490719749E-011                  0.0000000000000000E+000                                        0                 -9.8999999999999986E+001                 -9.9000000000000000E+001                 -9.9000000000000000E+001 
                                     622                  1.3971568373194443E+000                 -1.3366510775762797E-001                  6.7269039815413043E+000                  2.2669216124243763E-001                  1.5098389301039095E+001                  7.5579999569423173E-001                  2.4280000430576834E-001                  1.3999999999999568E-003                  1.6934717291533048E-003                  1.9784033214230606E-011                  0.0000000000000000E+000                                        0                 -9.8999999999999986E+001                 -9.9000000000000000E+001                 -9.9000000000000000E+001 
                                     623                  1.3824604961244011E+000                 -1.3821641134133436E-001                  6.7318225154244038E+000                  2.4394499205215037E-001                  1.5120561904423372E+001                  7.5579999520435537E-001                  2.4280000479564479E-001                  1.3999999999998458E-003                  1.8816679022710767E-003                  2.7474555454936647E-011                  0.0000000000000000E+000                                        0                 -9.8999999999999986E+001                 -9.9000000000000000E+001                 -9.9000000000000000E+001 
                                     624                  1.3674711506543322E+000                 -1.4282098917256292E-001                  6.7367512863789996E+000                  2.6118936159665729E-001                  1.5142736704938251E+001                  7.5579999465955550E-001                  2.4280000534044455E-001                  1.3999999999999568E-003                  2.0904510795854911E-003                  3.8134159505620914E-011                  0.0000000000000000E+000                                        0                 -9.8999999999999986E+001                 -9.9000000000000000E+001                 -9.9000000000000000E+001 
                                     625                  1.3521857793138361E+000                 -1.4748043612466230E-001                  6.7416902642640792E+000                  2.7842474847262105E-001                  1.5164913156581949E+001                  7.5579999405378062E-001                  2.4280000594621939E-001                  1.3999999999999568E-003                  2.3220313305650432E-003                  5.2900876895767567E-011                  0.0000000000000000E+000                                        0                 -9.8999999999999986E+001                 -9.9000000000000000E+001                 -9.9000000000000000E+001 
                                     626                  1.3366014740621919E+000                 -1.5219642898633953E-001                  6.7466394243192607E+000                  2.9565063037391492E-001                  1.5187090717973941E+001                  7.5579999338027337E-001                  2.4280000661972664E-001                  1.3999999999999568E-003                  2.5788509401373778E-003                  7.3345661622708008E-011                  0.0000000000000000E+000                                        0                 -9.8999999999999986E+001                 -9.9000000000000000E+001                 -9.9000000000000000E+001 
                                     627                  1.3207154505309777E+000                 -1.5697073199200992E-001                  6.7503467075406709E+000                  3.0860225605956065E-001                  1.5203751569768187E+001                  7.5579999282674926E-001                  2.4280000717325056E-001                  1.4000000000001789E-003                  2.7894835122839025E-003                  9.3629494630980890E-011                  0.0000000000000000E+000                                        0                 -9.8999999999999986E+001                 -9.9000000000000000E+001                 -9.9000000000000000E+001 
                                     628                  1.3126584607299614E+000                 -1.5938011679106687E-001                  6.7528290484478637E+000                  3.1720740594742691E-001                  1.5214840652968460E+001                  7.5579999243231666E-001                  2.4280000756768341E-001                  1.3999999999999568E-003                  2.9393437704869404E-003                  1.1020276678342409E-010                  0.0000000000000000E+000                                        0                 -9.8999999999999986E+001                 -9.9000000000000000E+001                 -9.9000000000000000E+001 
                                     629                  1.3045250587148369E+000                 -1.6180478015098268E-001                  6.7553139184393336E+000                  3.2580988054593657E-001                  1.5225929701304210E+001                  7.5579999201651782E-001                  2.4280000798348220E-001                  1.3999999999999568E-003                  3.0971265034046712E-003                  1.2969154476606598E-010                  0.0000000000000000E+000                                        0                 -9.8999999999999986E+001                 -9.9000000000000000E+001                 -9.9000000000000000E+001 
                                     630                  1.2963149360912820E+000                 -1.6424496987638271E-001                  6.7578013135655208E+000                  3.3440961769226257E-001                  1.5237018649358028E+001                  7.5579999157821565E-001                  2.4280000842178429E-001                  1.4000000000000679E-003                  3.2632426654576022E-003                  1.5260539039641281E-010                  0.0000000000000000E+000                                        0                 -9.8999999999999986E+001                 -9.9000000000000000E+001                 -9.9000000000000000E+001 
                                     631                  1.2880277943240448E+000                 -1.6670094042988695E-001                  6.7602912284399261E+000                  3.4300655708951949E-001                  1.5248107432121071E+001                  7.5579999111621377E-001                  2.4280000888378608E-001                  1.4000000000001789E-003                  3.4381240100541553E-003                  1.7954230611398609E-010                  0.0000000000000000E+000                                        0                 -9.8999999999999986E+001                 -9.9000000000000000E+001                 -9.9000000000000000E+001 
                                     632                  1.2796633451307653E+000                 -1.6917295315417077E-001                  6.7627836562935357E+000                  3.5160064025431059E-001                  1.5259195985005935E+001                  7.5579999062925352E-001                  2.4280000937074650E-001                  1.3999999999999568E-003                  3.6222241097334088E-003                  2.1120396900978786E-010                  0.0000000000000000E+000                                        0                 -9.8999999999999986E+001                 -9.9000000000000000E+001                 -9.9000000000000000E+001 
                                     633                  1.2712213108872268E+000                 -1.7166127650391538E-001                  6.7652785890255291E+000                  3.6019181048285154E-001                  1.5270284243858304E+001                  7.5579999011596144E-001                  2.4280000988403830E-001                  1.4000000000002899E-003                  3.8160194244857091E-003                  2.4841356723809848E-010                  0.0000000000000000E+000                                        0                 -9.8999999999999986E+001                 -9.9000000000000000E+001                 -9.9000000000000000E+001 
                                     634                  1.2627014250451016E+000                 -1.7416618628792385E-001                  6.7677760172501680E+000                  3.6878001281848477E-001                  1.5281372144966859E+001                  7.5579998957503891E-001                  2.4280001042496105E-001                  1.4000000000000679E-003                  4.0200104202732321E-003                  2.9213667930628362E-010                  0.0000000000000000E+000                                        0                 -9.8999999999999986E+001                 -9.9000000000000000E+001                 -9.9000000000000000E+001 
                                     635                  1.2541034325625915E+000                 -1.7668796592188896E-001                  6.7702759303406053E+000                  3.7736519401508062E-001                  1.5292459625071531E+001                  7.5579998900497514E-001                  2.4280001099502468E-001                  1.4000000000001789E-003                  4.2347227399484781E-003                  3.4350571055899915E-010                  0.0000000000000000E+000                                        0                 -9.8999999999999986E+001                 -9.9000000000000000E+001                 -9.9000000000000000E+001 
                                     636                  1.2454270903487676E+000                 -1.7922690669232416E-001                  6.7727783164704327E+000                  3.8594730249931797E-001                  1.5303546621368136E+001                  7.5579998840422935E-001                  2.4280001159577044E-001                  1.4000000000001789E-003                  4.4607084289581770E-003                  4.0384848722999821E-010                  0.0000000000000000E+000                                        0                 -9.8999999999999986E+001                 -9.9000000000000000E+001                 -9.9000000000000000E+001 
                                     637                  1.2366721677242984E+000                 -1.8178330803158993E-001                  6.7752831626537331E+000                  3.9452628833307640E-001                  1.5314633071511500E+001                  7.5579998777118107E-001                  2.4280001222881878E-001                  1.4000000000001789E-003                  4.6985472183037492E-003                  4.7472170872673201E-010                  0.0000000000000000E+000                                        0                 -9.8999999999999986E+001                 -9.9000000000000000E+001                 -9.9000000000000000E+001 
                                     638                  1.2278384468941701E+000                 -1.8435747780614567E-001                  6.7777904547841485E+000                  4.0310210317769241E-001                  1.5325718913619562E+001                  7.5579998710412544E-001                  2.4280001289587430E-001                  1.4000000000002899E-003                  4.9488478673483799E-003                  5.5795007566850922E-010                  0.0000000000000000E+000                                        0                 -9.8999999999999986E+001                 -9.9000000000000000E+001                 -9.9000000000000000E+001 
                                     639                  1.2189257234335669E+000                 -1.8694973261843068E-001                  6.7803001776725980E+000                  4.1167470025921787E-001                  1.5336804086277095E+001                  7.5579998640127055E-001                  2.4280001359872930E-001                  1.4000000000001789E-003                  5.2122495690959834E-003                  6.5567204729468689E-010                  0.0000000000000000E+000                                        0                 -9.8999999999999986E+001                 -9.9000000000000000E+001                 -9.9000000000000000E+001 
                                     640                  1.2099338067888319E+000                 -1.8956039812277928E-001                  6.7828123150834143E+000                  4.2024403432743151E-001                  1.5347888528538082E+001                  7.5579998566068629E-001                  2.4280001433931347E-001                  1.4000000000002899E-003                  5.4894234205911663E-003                  7.7039334034732482E-010                  0.0000000000000000E+000                                        0                 -9.8999999999999986E+001                 -9.9000000000000000E+001                 -9.9000000000000000E+001 
                                     641                  1.2008625207940784E+000                 -1.9218980935608804E-001                  6.7853268497689001E+000                  4.2881006161846924E-001                  1.5358972179926898E+001                  7.5579998488047806E-001                  2.4280001511952168E-001                  1.4000000000002899E-003                  5.7810739614086656E-003                  9.0504946609305827E-010                  0.0000000000000000E+000                                        0                 -9.8999999999999986E+001                 -9.9000000000000000E+001                 -9.9000000000000000E+001 
                                     642                  1.1917117042039425E+000                 -1.9483831108416344E-001                  6.7878437635021385E+000                  4.3737273982991520E-001                  1.5370054980437470E+001                  7.5579998405852045E-001                  2.4280001594147890E-001                  1.4000000000006230E-003                  6.0879407833281133E-003                  1.0630788169456965E-009                  0.0000000000000000E+000                                        0                 -9.8999999999999986E+001                 -9.9000000000000000E+001                 -9.9000000000000000E+001 
                                     643                  1.1824812112442853E+000                 -1.9750625816413342E-001                  6.7903630371080466E+000                  4.4593202808734311E-001                  1.5381136870530792E+001                  7.5579998319262442E-001                  2.4280001680737501E-001                  1.4000000000005119E-003                  6.4108002140485267E-003                  1.2485080640277452E-009                  0.0000000000000000E+000                                        0                 -9.8999999999999986E+001                 -9.9000000000000000E+001                 -9.9000000000000000E+001 
                                     644                  1.1731709121799017E+000                 -2.0019401592438896E-001                  6.7928846504929501E+000                  4.5448788691152492E-001                  1.5392217791132271E+001                  7.5579998228048695E-001                  2.4280001771951257E-001                  1.4000000000005119E-003                  6.7504670782793392E-003                  1.4660519178190612E-009                  0.0000000000000000E+000                                        0                 -9.8999999999999986E+001                 -9.9000000000000000E+001                 -9.9000000000000000E+001 
                                     645                  1.1637806938987549E+000                 -2.0290196056342710E-001                  6.7954085826725557E+000                  4.6304027818699722E-001                  1.5403297683628873E+001                  7.5579998131968817E-001                  2.4280001868031109E-001                  1.4000000000007340E-003                  7.1077965395706594E-003                  1.7212296421615990E-009                  0.0000000000000000E+000                                        0                 -9.8999999999999986E+001                 -9.9000000000000000E+001                 -9.9000000000000000E+001 
                                     646                  1.1543104605147183E+000                 -2.0563047956821598E-001                  6.7979348117980747E+000                  4.7158916513137639E-001                  1.5414376489865035E+001                  7.5579998030768458E-001                  2.4280001969231446E-001                  1.4000000000009560E-003                  7.4836860263409848E-003                  2.0205011050146618E-009                  0.0000000000000000E+000                                        0                 -9.8999999999999986E+001                 -9.9000000000000000E+001                 -9.9000000000000000E+001 
                                     647                  1.1447601339896192E+000                 -2.0837997215329002E-001                  6.8004633151822302E+000                  4.8013451226355158E-001                  1.5425454152137434E+001                  7.5579997924175002E-001                  2.4280002075824891E-001                  1.4000000000010671E-003                  7.8790772458593953E-003                  2.3714256065502243E-009                  0.0000000000000000E+000                                        0                 -9.8999999999999986E+001                 -9.9000000000000000E+001                 -9.9000000000000000E+001 
                                     648                  1.1351296547753145E+000                 -2.1115084972173309E-001                  6.8029940698021143E+000                  4.8867628488673154E-001                  1.5436530613188381E+001                  7.5579997811917743E-001                  2.4280002188082112E-001                  1.4000000000014001E-003                  8.2949583299998329E-003                  2.7828473257683496E-009                  0.0000000000000000E+000                                        0                 -9.8999999999999986E+001                 -9.9000000000000000E+001                 -9.9000000000000000E+001 
                                     649                  1.1254189824768668E+000                 -2.1394353635251948E-001                  6.8055270538998016E+000                  4.9721444744810156E-001                  1.5447605816197910E+001                  7.5579997693696566E-001                  2.4280002306303294E-001                  1.4000000000014001E-003                  8.7323661852110133E-003                  3.2651119634008010E-009                  0.0000000000000000E+000                                        0                 -9.8999999999999986E+001                 -9.9000000000000000E+001                 -9.9000000000000000E+001 
                                     650                  1.1156280965375969E+000                 -2.1675846932311585E-001                  6.8080622481994855E+000                  5.0574896230475885E-001                  1.5458679704776575E+001                  7.5579997569201218E-001                  2.4280002430798608E-001                  1.4000000000017332E-003                  9.1923889502084702E-003                  3.8303196568709852E-009                  0.0000000000000000E+000                                        0                 -9.8999999999999986E+001                 -9.9000000000000000E+001                 -9.9000000000000000E+001 
                                     651                  1.1057569969455201E+000                 -2.1959609966738228E-001                  6.8105996359440875E+000                  5.1427978968837040E-001                  1.5469752222959853E+001                  7.5579997438105773E-001                  2.4280002561894015E-001                  1.4000000000020663E-003                  9.6761684829602488E-003                  4.4926200022086084E-009                  0.0000000000000000E+000                                        0                 -9.8999999999999986E+001                 -9.9000000000000000E+001                 -9.9000000000000000E+001 
                                     652                  1.0958057049629040E+000                 -2.2245689276275246E-001                  6.8131392027744724E+000                  5.2280688782365459E-001                  1.5480823315203752E+001                  7.5579997300067758E-001                  2.4280002699932018E-001                  1.4000000000022883E-003                  1.0184902951988034E-002                  5.2685562420011551E-009                  0.0000000000000000E+000                                        0                 -9.8999999999999986E+001                 -9.9000000000000000E+001                 -9.9000000000000000E+001 
                                     653                  1.0857742638800820E+000                 -2.2534132894746151E-001                  6.8156809366202689E+000                  5.3133021303615879E-001                  1.5491892926381338E+001                  7.5579997154727330E-001                  2.4280002845272386E-001                  1.4000000000028434E-003                  1.0719849550582777E-002                  6.1774667707862766E-009                  0.0000000000000000E+000                                        0                 -9.8999999999999986E+001                 -9.9000000000000000E+001                 -9.9000000000000000E+001 
                                     654                  1.0756627397945242E+000                 -2.2824990416984550E-001                  6.8182248276020863E+000                  5.3984971984928332E-001                  1.5502961001780159E+001                  7.5579997001706534E-001                  2.4280002998293151E-001                  1.4000000000031765E-003                  1.1282327339827328E-002                  7.2419534251673329E-009                  0.0000000000000000E+000                                        0                 -9.8999999999999986E+001                 -9.9000000000000000E+001                 -9.9000000000000000E+001 
                                     655                  1.0654712224162741E+000                 -2.3118313067180457E-001                  6.8207708679421604E+000                  5.4836536107335121E-001                  1.5514027487100300E+001                  7.5579996840601160E-001                  2.4280003159398469E-001                  1.4000000000037316E-003                  1.1873720226290454E-002                  8.4884275765093878E-009                  0.0000000000000000E+000                                        0                 -9.8999999999999986E+001                 -9.9000000000000000E+001                 -9.9000000000000000E+001 
                                     656                  1.0551998259013458E+000                 -2.3414153770858734E-001                  6.8233190518802003E+000                  5.5687708789131474E-001                  1.5525092328453358E+001                  7.5579996671007643E-001                  2.4280003328991909E-001                  1.4000000000045087E-003                  1.2495480080477652E-002                  9.9477468469690749E-009                  0.0000000000000000E+000                                        0                 -9.8999999999999986E+001                 -9.9000000000000000E+001                 -9.9000000000000000E+001 
                                     657                  1.0448486897127984E+000                 -2.3712567230773088E-001                  6.8258693755937747E+000                  5.6538484993618932E-001                  1.5536155472363117E+001                  7.5579996492481327E-001                  2.4280003507518136E-001                  1.4000000000053969E-003                  1.3149130002400788E-002                  1.1655957366117502E-008                  0.0000000000000000E+000                                        0                 -9.8999999999999986E+001                 -9.9000000000000000E+001                 -9.9000000000000000E+001 
                                     658                  1.0344179795110517E+000                 -2.4013610006974381E-001                  6.8284218371232948E+000                  5.7388859535633696E-001                  1.5547216865767293E+001                  7.5579996304562036E-001                  2.4280003695437352E-001                  1.4000000000060631E-003                  1.3836267741063750E-002                  1.3655158922188061E-008                  0.0000000000000000E+000                                        0                 -9.8999999999999986E+001                 -9.9000000000000000E+001                 -9.9000000000000000E+001 
                                     659                  1.0239078880751638E+000                 -2.4317340601327081E-001                  6.8309764363016479E+000                  5.8238827090292722E-001                  1.5558276456020241E+001                  7.5579996106766378E-001                  2.4280003893232907E-001                  1.4000000000071733E-003                  1.4558569276180008E-002                  1.5994513195108824E-008                  0.0000000000000000E+000                                        0                 -9.8999999999999986E+001                 -9.9000000000000000E+001                 -9.9000000000000000E+001 
                                     660                  1.0133186362564517E+000                 -2.4623819546762790E-001                  6.8335331746885739E+000                  5.9088382200384881E-001                  1.5569334190896438E+001                  7.5579995898586760E-001                  2.4280004101412395E-001                  1.4000000000085056E-003                  1.5317792568808773E-002                  1.8731418547744759E-008                  0.0000000000000000E+000                                        0                 -9.8999999999999986E+001                 -9.9000000000000000E+001                 -9.9000000000000000E+001 
                                     661                  1.0026504739658455E+000                 -2.4933109501609690E-001                  6.8360920555097131E+000                  5.9937519282993401E-001                  1.5580390018594464E+001                  7.5579995679490153E-001                  2.4280004320508852E-001                  1.4000000000099488E-003                  1.6115781489040120E-002                  2.1932878680041976E-008                  0.0000000000000000E+000                                        0                 -9.8999999999999986E+001                 -9.9000000000000000E+001                 -9.9000000000000000E+001 
                                     662                  9.9190368119728056E-001                 -2.5245275349332319E-001                  6.8386530836004598E+000                  6.0786232635700199E-001                  1.5591443887741654E+001                  7.5579995448909953E-001                  2.4280004551088852E-001                  1.4000000000119472E-003                  1.6954469929271510E-002                  2.5677096894300343E-008                  0.0000000000000000E+000                                        0                 -9.8999999999999986E+001                 -9.9000000000000000E+001                 -9.9000000000000000E+001 
                                     663                  9.8107856908764646E-001                 -2.5560384304102390E-001                  6.8412162653548165E+000                  6.1634516442432619E-001                  1.5602495747400273E+001                  7.5579995206271444E-001                  2.4280004793727195E-001                  1.4000000000136126E-003                  1.7835886111974009E-002                  3.0055332855668402E-008                  0.0000000000000000E+000                                        0                 -9.8999999999999986E+001                 -9.9000000000000000E+001                 -9.9000000000000000E+001 
                                     664                  9.7017548101423090E-001                 -2.5878506022640341E-001                  6.8437816086794374E+000                  6.2482364779036292E-001                  1.5613545547075189E+001                  7.5579994950951146E-001                  2.4280005049047249E-001                  1.4000000000160551E-003                  1.8762157101365907E-002                  3.5174064761548710E-008                  0.0000000000000000E+000                                        0                 -9.8999999999999986E+001                 -9.9000000000000000E+001                 -9.9000000000000000E+001 
                                     665                  9.5919479373233230E-001                 -2.6199712722757262E-001                  6.8463491229529527E+000                  6.3329771618318964E-001                  1.5624593236722635E+001                  7.5579994682301110E-001                  2.4280005317697020E-001                  1.4000000000187196E-003                  1.9735513528760212E-002                  4.1157506778653511E-008                  0.0000000000000000E+000                                        0                 -9.8999999999999986E+001                 -9.9000000000000000E+001                 -9.9000000000000000E+001 
                                     666                  9.4813691855501436E-001                 -2.6524079309090587E-001                  6.8489188189907200E+000                  6.4176730833830908E-001                  1.5635638766759879E+001                  7.5579994399641026E-001                  2.4280005600356774E-001                  1.4000000000220503E-003                  2.0758294541580530E-002                  4.8150539691109628E-008                  0.0000000000000000E+000                                        0                 -9.8999999999999986E+001                 -9.9000000000000000E+001                 -9.9000000000000000E+001 
                                     667                  9.3700230257692108E-001                 -2.6851683506578050E-001                  6.8514907089533850E+000                  6.5023236209251634E-001                  1.5646682088075758E+001                  7.5579994102256731E-001                  2.4280005897740689E-001                  1.4000000000258250E-003                  2.1832952974206513E-002                  5.6322121918636515E-008                  0.0000000000000000E+000                                        0                 -9.8999999999999986E+001                 -9.9000000000000000E+001                 -9.9000000000000000E+001 
                                     668                  9.2579142994491492E-001                 -2.7182606002190451E-001                  6.8540648052663196E+000                  6.5869281550324099E-001                  1.5657723152041813E+001                  7.5579993789392708E-001                  2.4280006210604288E-001                  1.4000000000300439E-003                  2.2962060543689506E-002                  6.5869255854941341E-008                  0.0000000000000000E+000                                        0                 -9.8999999999999986E+001                 -9.9000000000000000E+001                 -9.9000000000000000E+001 
                                     669                  9.1450482317780002E-001                 -2.7516930594752764E-001                  6.8566411188456620E+000                  6.6714860865756753E-001                  1.5668761910523935E+001                  7.5579993460273143E-001                  2.4280006539723328E-001                  1.4000000000352619E-003                  2.4148313073748696E-002                  7.7021597667524848E-008                  0.0000000000000000E+000                                        0                 -9.8999999999999986E+001                 -9.9000000000000000E+001                 -9.9000000000000000E+001 
                                     670                  9.0314304453556205E-001                 -2.7854744352986471E-001                  6.8592196583942915E+000                  6.7559968439591722E-001                  1.5679798315894017E+001                  7.5579993114066779E-001                  2.4280006885929101E-001                  1.4000000000411461E-003                  2.5394536120581287E-002                  9.0046818829093955E-008                  0.0000000000000000E+000                                        0                 -9.8999999999999986E+001                 -9.9000000000000000E+001                 -9.9000000000000000E+001 
                                     671                  8.9170669744166009E-001                 -2.8196137783231684E-001                  6.8618004305431661E+000                  6.8404598817867934E-001                  1.5690832321040014E+001                  7.5579992749906766E-001                  2.4280007250088403E-001                  1.4000000000482515E-003                  2.6703691024147158E-002                  1.0525684188080520E-007                  0.0000000000000000E+000                                        0                 -9.8999999999999986E+001                 -9.9000000000000000E+001                 -9.9000000000000000E+001 
                                     672                  8.8019642796136721E-001                 -2.8541205008285697E-001                  6.8643834399993224E+000                  6.9248746794542948E-001                  1.5701863879374583E+001                  7.5579992366883442E-001                  2.4280007633110909E-001                  1.4000000000564672E-003                  2.8078881237912110E-002                  1.2301508930880966E-007                  0.0000000000000000E+000                                        0                 -9.8999999999999986E+001                 -9.9000000000000000E+001                 -9.9000000000000000E+001 
                                     673                  8.6861292633900011E-001                 -2.8890043958253148E-001                  6.8669686896755744E+000                  7.0092407399012346E-001                  1.5712892944842174E+001                  7.5579991964042170E-001                  2.4280008035951212E-001                  1.4000000000662371E-003                  2.9523358943554377E-002                  1.4374490828616754E-007                  0.0000000000000000E+000                                        0                 -9.8999999999999986E+001                 -9.9000000000000000E+001                 -9.9000000000000000E+001 
                                     674                  8.5695692859732642E-001                 -2.9242756574364343E-001                  6.8695561808040786E+000                  7.0935575885060376E-001                  1.5723919471924280E+001                  7.5579991540374747E-001                  2.4280008459617528E-001                  1.4000000000772284E-003                  3.1040531963322838E-002                  1.6793936000534040E-007                  0.0000000000000000E+000                                        0                 -9.8999999999999986E+001                 -9.9000000000000000E+001                 -9.9000000000000000E+001 
                                     675                  8.4522921820328278E-001                 -2.9599449026782898E-001                  6.8721459130399785E+000                  7.1778247720137922E-001                  1.5734943415643270E+001                  7.5579991094842858E-001                  2.4280008905148107E-001                  1.4000000000903290E-003                  3.2633970984302582E-002                  1.9617259247941019E-007                  0.0000000000000000E+000                                        0                 -9.8999999999999986E+001                 -9.9000000000000000E+001                 -9.9000000000000000E+001 
                                     676                  8.3343062780147459E-001                 -2.9960231947633659E-001                  6.8747378845593712E+000                  7.2620418574512624E-001                  1.5745964731565852E+001                  7.5579990626337834E-001                  2.4280009373651579E-001                  1.4000000001058721E-003                  3.4307417109608530E-002                  2.2911305011004746E-007                  0.0000000000000000E+000                                        0                 -9.8999999999999986E+001                 -9.9000000000000000E+001                 -9.9000000000000000E+001 
                                     677                  8.2156204101957919E-001                 -3.0325220680521719E-001                  6.8773320921518346E+000                  7.3462084313608089E-001                  1.5756983375805655E+001                  7.5579990133703046E-001                  2.4280009866284599E-001                  1.4000000001235247E-003                  3.6064789753945038E-002                  2.6753881310202258E-007                  0.0000000000000000E+000                                        0                 -9.8999999999999986E+001                 -9.9000000000000000E+001                 -9.9000000000000000E+001 
                                     678                  8.0962439435021838E-001                 -3.0694535547908852E-001                  6.8799285313073240E+000                  7.4303240989691843E-001                  1.5767999305024681E+001                  7.5579989615725063E-001                  2.4280010384260495E-001                  1.4000000001443969E-003                  3.7910194896714218E-002                  3.1235540691205626E-007                  0.0000000000000000E+000                                        0                 -9.8999999999999986E+001                 -9.9000000000000000E+001                 -9.9000000000000000E+001 
                                     679                  7.9761867911360462E-001                 -3.1068302137905551E-001                  6.8825271962973700E+000                  7.5143884833704122E-001                  1.5779012476433753E+001                  7.5579989071131193E-001                  2.4280010928851922E-001                  1.4000000001688218E-003                  3.9847933709502209E-002                  3.6461647497308030E-007                  0.0000000000000000E+000                                        0                 -9.8999999999999986E+001                 -9.9000000000000000E+001                 -9.9000000000000000E+001 
                                     680                  7.8554594350559970E-001                 -3.1446651612188359E-001                  6.8851280802505972E+000                  7.5984012247548194E-001                  1.5790022847791574E+001                  7.5579988498580608E-001                  2.4280011501399659E-001                  1.4000000001973545E-003                  4.1882511575533056E-002                  4.2554777016775176E-007                  0.0000000000000000E+000                                        0                 -9.8999999999999986E+001                 -9.9000000000000000E+001                 -9.9000000000000000E+001 
                                     681                  7.7340729473681014E-001                 -3.1829721036904723E-001                  6.8877311752225570E+000                  7.6823619796741371E-001                  1.5801030377402643E+001                  7.5579987896684808E-001                  2.4280012103292140E-001                  1.4000000002305502E-003                  4.4018647519208177E-002                  4.9657499239011263E-007                  0.0000000000000000E+000                                        0                 -9.8999999999999986E+001                 -9.9000000000000000E+001                 -9.9000000000000000E+001 
                                     682                  7.6120390126715642E-001                 -3.2217653738681440E-001                  6.8903364722600893E+000                  7.7662704203601773E-001                  1.5812035024114566E+001                  7.5579987263970172E-001                  2.4280012736002909E-001                  1.4000000002691859E-003                  4.6261284065049917E-002                  5.7935607977281225E-007                  0.0000000000000000E+000                                        0                 -9.8999999999999986E+001                 -9.9000000000000000E+001                 -9.9000000000000000E+001 
                                     683                  7.4893699514129397E-001                 -3.2610599688056663E-001                  6.8929439614602108E+000                  7.8501262340928335E-001                  1.5823036747314770E+001                  7.5579986598897175E-001                  2.4280013401071382E-001                  1.4000000003144830E-003                  4.8615597546359780E-002                  6.7581865956932725E-007                  0.0000000000000000E+000                                        0                 -9.8999999999999986E+001                 -9.9000000000000000E+001                 -9.9000000000000000E+001 
                                     684                  7.3660787443165143E-001                 -3.3008715912881847E-001                  6.8955536320234359E+000                  7.9339291225983066E-001                  1.5834035506926181E+001                  7.5579985899851576E-001                  2.4280014100111699E-001                  1.4000000003672186E-003                  5.1087008884919204E-002                  7.8820347361302636E-007                  0.0000000000000000E+000                                        0                 -9.8999999999999986E+001                 -9.9000000000000000E+001                 -9.9000000000000000E+001 
                                     685                  7.2421790579586853E-001                 -3.3412166944535360E-001                  6.8981654723014776E+000                  8.0176788013573530E-001                  1.5845031263402138E+001                  7.5579985165136132E-001                  2.4280014834821009E-001                  1.4000000004286139E-003                  5.3681194862835797E-002                  9.1911472139155882E-007                  0.0000000000000000E+000                                        0                 -9.8999999999999986E+001                 -9.9000000000000000E+001                 -9.9000000000000000E+001 
                                     686                  7.1176852715585615E-001                 -3.3821125300133886E-001                  6.9007794698419520E+000                  8.1013749991663719E-001                  1.5856023977720103E+001                  7.5579984392985833E-001                  2.4280015606964131E-001                  1.4000000005003344E-003                  5.6404099915918410E-002                  1.0715784096110256E-006                  0.0000000000000000E+000                                        0                 -9.8999999999999986E+001                 -9.9000000000000000E+001                 -9.9000000000000000E+001 
                                     687                  6.9926125050657451E-001                 -3.4235772004240361E-001                  6.9033956116333375E+000                  8.1850174556867616E-001                  1.5867013611374391E+001                  7.5579983581536192E-001                  2.4280016418405434E-001                  1.4000000005837121E-003                  5.9261948582069957E-002                  1.2491099745180775E-006                  0.0000000000000000E+000                                        0                 -9.8999999999999986E+001                 -9.9000000000000000E+001                 -9.9000000000000000E+001 
                                     688                  6.8669766486290484E-001                 -3.4656297154217092E-001                  6.9060138846673924E+000                  8.2686059156849179E-001                  1.5878000126368208E+001                  7.5579982728837447E-001                  2.4280017271094445E-001                  1.4000000006810787E-003                  6.2261258733664920E-002                  1.4557926560911614E-006                  0.0000000000000000E+000                                        0                 -9.8999999999999986E+001                 -9.9000000000000000E+001                 -9.9000000000000000E+001 
                                     689                  6.7407943935342773E-001                 -3.5082900534005079E-001                  6.9086342762709956E+000                  8.3521401255924566E-001                  1.5888983485205600E+001                  7.5579981832845933E-001                  2.4280018167074599E-001                  1.4000000007946545E-003                  6.5408855365696558E-002                  1.6963682902996920E-006                  0.0000000000000000E+000                                        0                 -9.8999999999999986E+001                 -9.9000000000000000E+001                 -9.9000000000000000E+001 
                                     690                  6.6140832647153547E-001                 -3.5515792281092368E-001                  6.9112567740558601E+000                  8.4356198339348287E-001                  1.5899963650883375E+001                  7.5579980891419751E-001                  2.4280019108487574E-001                  1.4000000009267710E-003                  6.8711884846765298E-002                  1.9763424478549654E-006                  0.0000000000000000E+000                                        0                 -9.8999999999999986E+001                 -9.9000000000000000E+001                 -9.9000000000000000E+001 
                                     691                  6.4868616549484526E-001                 -3.5955193611871117E-001                  6.9138813658398925E+000                  8.5190447920472123E-001                  1.5910940586883092E+001                  7.5579979902308725E-001                  2.4280020097583241E-001                  1.4000000010803149E-003                  7.2177829826906972E-002                  2.3021061637763802E-006                  0.0000000000000000E+000                                        0                 -9.8999999999999986E+001                 -9.9000000000000000E+001                 -9.9000000000000000E+001 
                                     692                  6.3591488608494162E-001                 -3.6401337611602552E-001                  6.9165080395770602E+000                  8.6024147547003271E-001                  1.5921914257162786E+001                  7.5579978863170871E-001                  2.4280021136703164E-001                  1.4000000012596159E-003                  7.5814524857918605E-002                  2.6810768556951109E-006                  0.0000000000000000E+000                                        0                 -9.8999999999999986E+001                 -9.9000000000000000E+001                 -9.9000000000000000E+001 
                                     693                  6.2309651208050942E-001                 -3.6854470096033126E-001                  6.9191367832947224E+000                  8.6857294806510765E-001                  1.5932884626148525E+001                  7.5579977771536333E-001                  2.4280022228316842E-001                  1.4000000014682268E-003                  7.9630172767102630E-002                  3.1218614237888855E-006                  0.0000000000000000E+000                                        0                 -9.8999999999999986E+001                 -9.9000000000000000E+001                 -9.9000000000000000E+001 
                                     694                  6.1023316549807971E-001                 -3.7314850552626955E-001                  6.9217675850352212E+000                  8.7689887330809213E-001                  1.5943851658725679E+001                  7.5579976624822365E-001                  2.4280023375006496E-001                  1.4000000017113656E-003                  8.3633361823183622E-002                  3.6344449897115495E-006                  0.0000000000000000E+000                                        0                 -9.8999999999999986E+001                 -9.9000000000000000E+001                 -9.9000000000000000E+001 
                                     695                  5.9732707075607716E-001                 -3.7782753170426303E-001                  6.9244004327991737E+000                  8.8521922799565844E-001                  1.5954815320229862E+001                  7.5579975420323120E-001                  2.4280024579477472E-001                  1.4000000019940284E-003                  8.7833083738122111E-002                  4.2304092282212130E-006                  0.0000000000000000E+000                                        0                 -9.8999999999999986E+001                 -9.9000000000000000E+001                 -9.9000000000000000E+001 
                                     696                  5.8438055913949427E-001                 -3.8258467968755711E-001                  6.9270353144900563E+000                  8.9353398946504803E-001                  1.5965775576437155E+001                  7.5579974155199170E-001                  2.4280025844568495E-001                  1.4000000023233206E-003                  9.2238752561245252E-002                  4.9231848911242624E-006                  0.0000000000000000E+000                                        0                 -9.8999999999999986E+001                 -9.9000000000000000E+001                 -9.9000000000000000E+001 
                                     697                  5.7139607352416621E-001                 -3.8742302036352561E-001                  6.9296722178595411E+000                  9.0184313564195728E-001                  1.5976732393553796E+001                  7.5579972826490005E-001                  2.4280027173239377E-001                  1.4000000027061255E-003                  9.6860224511523263E-002                  5.7283438252347966E-006                  0.0000000000000000E+000                                        0                 -9.8999999999999986E+001                 -9.9000000000000000E+001                 -9.9000000000000000E+001 
                                     698                  5.5837617338158552E-001                 -3.9234580894168974E-001                  6.9323111304529990E+000                  9.1014664508432064E-001                  1.5987685738204801E+001                  7.5579971431080895E-001                  2.4280028568603923E-001                  1.4000000031517690E-003                  1.0170781880894314E-001                  6.6639365893917192E-006                  0.0000000000000000E+000                                        0                 -9.8999999999999986E+001                 -9.9000000000000000E+001                 -9.9000000000000000E+001 
                                     699                  5.4532354008735540E-001                 -3.9735649996970263E-001                  6.9349520395545996E+000                  9.1844449702554498E-001                  1.5998635577421885E+001                  7.5579969965714178E-001                  2.4280030033918845E-001                  1.4000000036697990E-003                  1.0679233956425674E-001                  7.7508826429397874E-006                  0.0000000000000000E+000                                        0                 -9.8999999999999986E+001                 -9.9000000000000000E+001                 -9.9000000000000000E+001 
                                     700                  5.3224098255826569E-001                 -4.0245876391075541E-001                  6.9375949321311108E+000                  9.2673667141802296E-001                  1.6009581878630275E+001                  7.5579968426978006E-001                  2.4280031572594762E-001                  1.4000000042723171E-003                  1.1212509879855248E-001                  9.0134212374269671E-006                  0.0000000000000000E+000                                        0                 -9.8999999999999986E+001                 -9.9000000000000000E+001                 -9.9000000000000000E+001 
                                     701                  5.1913144324698024E-001                 -4.0765650548112808E-001                  6.9402397947735404E+000                  9.3502314897715588E-001                  1.6020524609633892E+001                  7.5579966811295718E-001                  2.4280033188206981E-001                  1.4000000049729788E-003                  1.1771794066721357E-001                  1.0479632363780843E-005                  0.0000000000000000E+000                                        0                 -9.8999999999999986E+001                 -9.9000000000000000E+001                 -9.9000000000000000E+001 
                                     702                  5.0599800452612564E-001                 -4.1295388397701538E-001                  6.9428866136356726E+000                  9.4330391122686785E-001                  1.6031463738598532E+001                  7.5579965114933612E-001                  2.4280034884487678E-001                  1.4000000057871054E-003                  1.2358326696706559E-001                  1.2182038435808240E-005                  0.0000000000000000E+000                                        0                 -9.8999999999999986E+001                 -9.9000000000000000E+001                 -9.9000000000000000E+001 
                                     703                  4.9284389549675028E-001                 -4.1835533585541917E-001                  6.9455353743685579E+000                  9.5157894054764791E-001                  1.6042399234032917E+001                  7.5579963333971023E-001                  2.4280036665355623E-001                  1.4000000067335705E-003                  1.2973406401840831E-001                  1.4158299018965659E-005                  0.0000000000000000E+000                                        0                 -9.8999999999999986E+001                 -9.9000000000000000E+001                 -9.9000000000000000E+001 
                                     704                  4.7967249926036742E-001                 -4.2386559987595823E-001                  6.9481860620496949E+000                  9.5984822021720151E-001                  1.6053331064767118E+001                  7.5579961464307177E-001                  2.4280038534909518E-001                  1.4000000078330244E-003                  1.3618393101475154E-001                  1.6452012904986224E-005                  0.0000000000000000E+000                                        0                 -9.8999999999999986E+001                 -9.9000000000000000E+001                 -9.9000000000000000E+001 
                                     705                  4.6648736069865165E-001                 -4.2948974516030292E-001                  6.9508386611148731E+000                  9.6811173444314469E-001                  1.6064259199928085E+001                  7.5579959501649052E-001                  2.4280040497439900E-001                  1.4000000091104470E-003                  1.4294710996346621E-001                  1.9113643901260807E-005                  0.0000000000000000E+000                                        0                 -9.8999999999999986E+001                 -9.9000000000000000E+001                 -9.9000000000000000E+001 
                                     706                  4.5329219480958249E-001                 -4.3523320258564280E-001                  6.9534931559367692E+000                  9.7636946776778211E-001                  1.6075183608912024E+001                  7.5579957441499090E-001                  2.4280042557441489E-001                  1.4000000105942600E-003                  1.5003851818329508E-001                  2.2201589601210268E-005                  0.0000000000000000E+000                                        0                 -9.8999999999999986E+001                 -9.9000000000000000E+001                 -9.9000000000000000E+001 
                                     707                  4.4009089565573450E-001                 -4.4110180000781507E-001                  6.9561495324498370E+000                  9.8462140340033799E-001                  1.6086104261353391E+001                  7.5579955279161382E-001                  2.4280044719606897E-001                  1.4000000123172152E-003                  1.5747378430330214E-001                  2.5783416112772339E-005                  0.0000000000000000E+000                                        0                 -9.8999999999999986E+001                 -9.9000000000000000E+001                 -9.9000000000000000E+001 
                                     708                  4.2688754598845324E-001                 -4.4710180190229909E-001                  6.9588077792003471E+000                  9.9286752212517038E-001                  1.6097021127091903E+001                  7.5579953009709577E-001                  2.4280046988858622E-001                  1.4000000143179481E-003                  1.6526928612635161E-001                  2.9937283194707205E-005                  0.0000000000000000E+000                                        0                 -9.8999999999999986E+001                 -9.9000000000000000E+001                 -9.9000000000000000E+001 
                                     709                  4.1368642761861685E-001                 -4.5323995409414564E-001                  6.9614678873250071E+000                  1.0011078022910571E+000                  1.6107934176139100E+001                  7.5579950627992021E-001                  2.4280049370343951E-001                  1.4000000166403126E-003                  1.7344218961704816E-001                  3.4753587474019597E-005                  0.0000000000000000E+000                                        0                 -9.8999999999999986E+001                 -9.9000000000000000E+001                 -9.9000000000000000E+001 
                                     710                  4.0049203261478233E-001                 -4.5952353436341115E-001                  6.9641298504536291E+000                  1.0093422198772630E+000                  1.6118843378643966E+001                  7.5579948128614560E-001                  2.4280051869451910E-001                  1.4000000193352680E-003                  1.8201049032803349E-001                  4.0336857772983036E-005                  0.0000000000000000E+000                                        0                 -9.8999999999999986E+001                 -9.9000000000000000E+001                 -9.9000000000000000E+001 
                                     711                  3.8730907542073623E-001                 -4.6596040987624393E-001                  6.9667936646408011E+000                  1.0175707485279015E+000                  1.6129748704857352E+001                  7.5579945505942669E-001                  2.4280054491811054E-001                  1.4000000224627662E-003                  1.9099305763119143E-001                  4.6807941306704798E-005                  0.0000000000000000E+000                                        0                 -9.8999999999999986E+001                 -9.9000000000000000E+001                 -9.9000000000000000E+001 
                                     712                  3.7414250599806115E-001                 -4.7255910257760780E-001                  6.9694593283259838E+000                  1.0257933595545639E+000                  1.6140650125094172E+001                  7.5579942754071794E-001                  2.4280057243319095E-001                  1.4000000260910861E-003                  2.0040968203191728E-001                  5.4306524423888312E-005                  0.0000000000000000E+000                                        0                 -9.8999999999999986E+001                 -9.9000000000000000E+001                 -9.9000000000000000E+001 
                                     713                  3.6099752411486291E-001                 -4.7932886390854113E-001                  6.9721268423082012E+000                  1.0340100219232036E+000                  1.6151547609693750E+001                  7.5579939866827783E-001                  2.4280060130142248E-001                  1.4000000302997195E-003                  2.1028112584390121E-001                  6.2994038682894358E-005                  0.0000000000000000E+000                                        0                 -9.8999999999999986E+001                 -9.9000000000000000E+001                 -9.9000000000000000E+001 
                                     714                  3.4787959491875087E-001                 -4.8627976049149491E-001                  6.9747962097233929E+000                  1.0422207022319523E+000                  1.6162441128977541E+001                  7.5579936837752071E-001                  2.4280063158729906E-001                  1.4000000351802599E-003                  2.2062917755911379E-001                  7.3057011323220399E-005                  0.0000000000000000E+000                                        0                 -9.8999999999999986E+001                 -9.9000000000000000E+001                 -9.9000000000000000E+001 
                                     715                  3.3479446595581946E-001                 -4.9342277277429841E-001                  6.9774674360243250E+000                  1.0504253646707877E+000                  1.6173330653203532E+001                  7.5579933660086596E-001                  2.4280066335829534E-001                  1.4000000408387336E-003                  2.3147671027886912E-001                  8.4710926551770754E-005                  0.0000000000000000E+000                                        0                 -9.8999999999999986E+001                 -9.9000000000000000E+001                 -9.9000000000000000E+001 
                                     716                  3.2174818582328385E-001                 -5.0076990905826324E-001                  6.9801405289648999E+000                  1.0586239710022518E+000                  1.6184216152516168E+001                  7.5579930326770850E-001                  2.4280069668489301E-001                  1.4000000473984864E-003                  2.4284774465835199E-001                  9.8204674896121787E-005                  0.0000000000000000E+000                                        0                 -9.8999999999999986E+001                 -9.9000000000000000E+001                 -9.9000000000000000E+001 
                                     717                  3.0874712467447663E-001                 -5.0833433788212179E-001                  6.9828154985903312E+000                  1.0668164805238824E+000                  1.6195097596890609E+001                  7.5579926830413713E-001                  2.4280073164086180E-001                  1.4000000550010716E-003                  2.5476751686647264E-001                  1.1382568069170901E-004                  0.0000000000000000E+000                                        0                 -9.8999999999999986E+001                 -9.9000000000000000E+001                 -9.9000000000000000E+001 
                                     718                  2.9579799683302821E-001                 -5.1613054242629375E-001                  6.9854923572348175E+000                  1.0750028500093300E+000                  1.6205974956069085E+001                  7.5579923163287066E-001                  2.4280076830331851E-001                  1.4000000638108023E-003                  2.6726255209215949E-001                  1.3190580849261696E-004                  0.0000000000000000E+000                                        0                 -9.8999999999999986E+001                 -9.9000000000000000E+001                 -9.9000000000000000E+001 
                                     719                  2.8290788582062937E-001                 -5.2417450148378375E-001                  6.9881711195290892E+000                  1.0831830336277095E+000                  1.6216848199487892E+001                  7.5579919317316169E-001                  2.4280080675282104E-001                  1.4000000740173046E-003                  2.8036074424942437E-001                  1.5282816622623247E-004                  0.0000000000000000E+000                                        0                 -9.8999999999999986E+001                 -9.9000000000000000E+001                 -9.9000000000000000E+001 
                                     720                  2.7008427215387942E-001                 -5.3248390268185364E-001                  6.9908518024203863E+000                  1.0913569828413474E+000                  1.6227717296194346E+001                  7.5579915284053922E-001                  2.4280084707362082E-001                  1.4000000858399586E-003                  2.9409144263888970E-001                  1.7703494208923861E-004                  0.0000000000000000E+000                                        0                 -9.8999999999999986E+001                 -9.9000000000000000E+001                 -9.9000000000000000E+001 
                                     721                  2.5733506433766878E-001                 -5.4107839510749267E-001                  6.9935344252085709E+000                  1.0995246462741248E+000                  1.6238582214750121E+001                  7.5579911054671034E-001                  2.4280088935375832E-001                  1.4000000995313400E-003                  3.0848554636562525E-001                  2.0503642783952934E-004                  0.0000000000000000E+000                                        0                 -9.8999999999999986E+001                 -9.9000000000000000E+001                 -9.9000000000000000E+001 
                                     722                  2.4466863356920776E-001                 -5.4997989041119644E-001                  6.9962190096035553E+000                  1.1076859695405874E+000                  1.6249442923116913E+001                  7.5579906619943193E-001                  2.4280093368518363E-001                  1.4000001153844366E-003                  3.2357560749633241E-001                  2.3742140900324303E-004                  0.0000000000000000E+000                                        0                 -9.8999999999999986E+001                 -9.9000000000000000E+001                 -9.9000000000000000E+001 
                                     723                  2.3209385277241826E-001                 -5.5921292400035738E-001                  6.9989055798110043E+000                  1.1158408950237111E+000                  1.6260299388519066E+001                  7.5579901970226515E-001                  2.4280098016399779E-001                  1.4000001337370893E-003                  3.3939594408630797E-001                  2.7486912943399966E-004                  0.0000000000000000E+000                                        0                 -9.8999999999999986E+001                 -9.9000000000000000E+001                 -9.9000000000000000E+001 
                                     724                  2.1962014071631053E-001                 -5.6880509131383472E-001                  7.0015941625212426E+000                  1.1239893617202896E+000                  1.6271151577276274E+001                  7.5579897095444271E-001                  2.4280102889061453E-001                  1.4000001549427932E-003                  3.5598276390771255E-001                  3.1811705159522162E-004                  4.7390762490451094E-054                                        0                 -9.8999999999999986E+001                 -9.9000000000000000E+001                 -9.9000000000000000E+001 
                                     725                  2.0725751214173660E-001                 -5.7878757871935682E-001                  7.0042847848747050E+000                  1.1321313070764583E+000                  1.6281999454596761E+001                  7.5579891985072234E-001                  2.4280107996975919E-001                  1.4000001795184680E-003                  3.7337429422416296E-001                  3.6815271647545683E-004                  6.9962311206286098E-054                                        0                 -9.8999999999999986E+001                 -9.9000000000000000E+001                 -9.9000000000000000E+001 
                                     726                  1.9501663503766009E-001                 -5.8919581473339977E-001                  7.0069774710183816E+000                  1.1402666701858346E+000                  1.6292842984313292E+001                  7.5579886628115367E-001                  2.4280113351089438E-001                  1.4000002079519458E-003                  3.9161091909896678E-001                  4.2597844552886205E-004                  1.0323122231853690E-053                                        0                 -9.8999999999999986E+001                 -9.9000000000000000E+001                 -9.9000000000000000E+001 
                                     727                  1.8290889648964342E-001                 -6.0007027582479699E-001                  7.0096722407410512E+000                  1.1483953928295092E+000                  1.6303682128533897E+001                  7.5579881013092354E-001                  2.4280118962823286E-001                  1.4000002408436352E-003                  4.1073533606959306E-001                  4.9279478532398603E-004                  1.5224224927952632E-053                                        0                 -9.8999999999999986E+001                 -9.9000000000000000E+001                 -9.9000000000000000E+001 
                                     728                  1.7094647889313663E-001                 -6.1145749311994313E-001                  7.0123691096729228E+000                  1.1565174188063703E+000                  1.6314516847172932E+001                  7.5579875128018992E-001                  2.4280124844092488E-001                  1.4000002788852051E-003                  4.3079273421485886E-001                  5.6998532236958888E-004                  2.2440736941789502E-053                                        0                 -9.8999999999999986E+001                 -9.9000000000000000E+001                 -9.9000000000000000E+001 
                                     729                  1.5914244881190240E-001                 -6.2341132334356597E-001                  7.0150680893966904E+000                  1.1646326931872535E+000                  1.6325347097318510E+001                  7.5579868960383501E-001                  2.4280131007332689E-001                  1.4000003228380464E-003                  4.5183099127884557E-001                  6.5914425682856749E-004                  3.3061089359901030E-053                                        0                 -9.8999999999999986E+001                 -9.9000000000000000E+001                 -9.9000000000000000E+001 
                                     730                  1.4751086141683883E-001                 -6.3599457185655972E-001                  7.0177691873815844E+000                  1.1727411615194256E+000                  1.6336172832371847E+001                  7.5579862497132855E-001                  2.4280137465498250E-001                  1.4000003736889255E-003                  4.7390089195002688E-001                  7.6210806738440681E-004                  4.8682781010406206E-053                                        0                 -9.8999999999999986E+001                 -9.9000000000000000E+001                 -9.9000000000000000E+001 
                                     731                  1.3606688433137001E-001                 -6.4928109174772430E-001                  7.0204724067266326E+000                  1.1808427688989245E+000                  1.6346994000862299E+001                  7.5579855724649392E-001                  2.4280144232103812E-001                  1.4000004324679072E-003                  4.9705636993660873E-001                  8.8099186644309926E-004                  7.1649255023628874E-053                                        0                 -9.8999999999999986E+001                 -9.9000000000000000E+001                 -9.9000000000000000E+001 
                                     732                  1.2482694594246492E-001                 -6.6335853704538839E-001                  7.0231777457382680E+000                  1.1889374587376969E+000                  1.6357810544789974E+001                  7.5579848628736068E-001                  2.4280151321224078E-001                  1.4000005003985683E-003                  5.2135477673634478E-001                  1.0182310998323335E-003                  1.0539634918844710E-052                                        0                 -9.8999999999999986E+001                 -9.9000000000000000E+001                 -9.9000000000000000E+001 
                                     733                  1.1380891497276911E-001                 -6.7833203102605277E-001                  7.0258851973129879E+000                  1.1970251710242852E+000                  1.6368622397265419E+001                  7.5579841194596065E-001                  2.4280158747514929E-001                  1.4000005788901149E-003                  5.4685718031523822E-001                  1.1766293809598878E-003                  1.5495883989640146E-052                                        0                 -9.8999999999999986E+001                 -9.9000000000000000E+001                 -9.9000000000000000E+001 
                                     734                  1.0303232059752374E-001                 -6.9432914080100816E-001                  7.0285947480142337E+000                  1.2051058398192287E+000                  1.6379429479077789E+001                  7.5579833406816399E-001                  2.4280166526230634E-001                  1.4000006695296108E-003                  5.7362869637771496E-001                  1.3594132932681702E-003                  2.2771043835448511E-052                                        0                 -9.8999999999999986E+001                 -9.9000000000000000E+001                 -9.9000000000000000E+001 
                                     735                  9.2518626044729171E-002                 -7.1150675954313825E-001                  7.0313063766616102E+000                  1.2131793895611163E+000                  1.6390231693581796E+001                  7.5579825249352561E-001                  2.4280174673221852E-001                  1.4000007742558385E-003                  6.0173885455482612E-001                  1.5702951293756050E-003                  3.3444427125396544E-052                                        0                 -9.8999999999999986E+001                 -9.9000000000000000E+001                 -9.9000000000000000E+001 
                                     736                  8.2291574115605906E-002                 -7.3006084779022007E-001                  7.0340200521290877E+000                  1.2212457294358887E+000                  1.6401028918860007E+001                  7.5579816705519909E-001                  2.4280183204960937E-001                  1.4000008951915444E-003                  6.3126200024294321E-001                  1.8135446240513040E-003                  4.9094943693115969E-052                                        0                 -9.8999999999999986E+001                 -9.9000000000000000E+001                 -9.9000000000000000E+001 
                                     737                  7.2377631574367315E-002                 -7.5024058957915651E-001                  7.0367357298218653E+000                  1.2293047444909975E+000                  1.6411820995300623E+001                  7.5579807757989803E-001                  2.4280192138528570E-001                  1.4000010348163006E-003                  6.6227772941358842E-001                  2.0940707566676478E-003                  7.2030927934295534E-052                                        0                 -9.8999999999999986E+001                 -9.9000000000000000E+001                 -9.9000000000000000E+001 
                                     738                  6.2806572973856681E-002                 -7.7236960642561103E-001                  7.0394533458495898E+000                  1.2373562810352570E+000                  1.6422607705115546E+001                  7.5579798388796871E-001                  2.4280201491604853E-001                  1.4000011959827141E-003                  6.9487134654870664E-001                  2.4175147668810968E-003                  1.0562496037915912E-051                                        0                 -9.8999999999999986E+001                 -9.9000000000000000E+001                 -9.9000000000000000E+001 
                                     739                  5.3612267121587433E-002                 -7.9687892533418392E-001                  7.0421728069657759E+000                  1.2454001213625820E+000                  1.6433388736933345E+001                  7.5579788579369656E-001                  2.4280211282436859E-001                  1.4000013819348567E-003                  7.2913431864485900E-001                  2.7903551925203092E-003                  1.5480096007843899E-051                                        0                 -9.8999999999999986E+001                 -9.9000000000000000E+001                 -9.9000000000000000E+001 
                                     740                  4.4833768761024573E-002                 -8.2436050380291603E-001                  7.0461298949663833E+000                  1.2570207962468185E+000                  1.6448992577577297E+001                  7.5579773524128147E-001                  2.4280226305446670E-001                  1.4000017042518076E-003                  7.8202312761702852E-001                  3.4355971192095397E-003                  2.6950762456812843E-051                                        0                 -9.8999999999999986E+001                 -9.9000000000000000E+001                 -9.9000000000000000E+001 
                                     741                  2.8716570800800492E-002                 -8.9209541362736922E-001                  7.0515526540273781E+000                  1.2730088655374325E+000                  1.6470439709610723E+001                  7.5579751168791121E-001                  2.4280248604235763E-001                  1.4000022697311376E-003                  8.6129596913055195E-001                  4.5653947277958257E-003                  5.7488321080669098E-051                                        0                 -9.8999999999999986E+001                 -9.9000000000000000E+001                 -9.9000000000000000E+001 
                                     742                  1.4956473108063500E-002                 -9.8984608644824057E-001                  7.0558859256429400E+000                  1.2858157590746622E+000                  1.6487609367214933E+001                  7.5579731773492009E-001                  2.4280267941327890E-001                  1.4000028518009744E-003                  9.3087434450485085E-001                  5.7260012374241633E-003                  1.0510673161322379E-050                                        0                 -9.8999999999999986E+001                 -9.9000000000000000E+001                 -9.9000000000000000E+001 
                                     743                  9.2034410224619174E-003                 -1.0617675518310090E+000                  7.0580265998224201E+000                  1.2921035426856864E+000                  1.6496052539916846E+001                  7.5579721689460533E-001                  2.4280277991426868E-001                  1.4000031911259869E-003                  9.6737875456345956E-001                  6.4017630823823366E-003                  1.4148187468983386E-050                                        0                 -9.8999999999999986E+001                 -9.9000000000000000E+001                 -9.9000000000000000E+001 
                                     744                  6.6761164759207743E-003                 -1.1090460741683441E+000                  7.0596711827379988E+000                  1.2969074902762279E+000                  1.6502512435554319E+001                  7.5579713714305230E-001                  2.4280285937853588E-001                  1.4000034784118487E-003                  9.9642064875215963E-001                  6.9733818638339348E-003                  1.7769170742393587E-050                                        0                 -9.8999999999999986E+001                 -9.9000000000000000E+001                 -9.9000000000000000E+001 
                                     745                  3.4552683071249132E-003                 -1.2056177310982095E+000                  7.0614280056738545E+000                  1.3020495915950667E+000                  1.6509423570775006E+001                  7.5579704945760573E-001                  2.4280294672876745E-001                  1.4000038136268156E-003                  1.0285296086703999E+000                  7.6398892860265388E-003                  2.2661053625098786E-050                                        0                 -9.8999999999999986E+001                 -9.9000000000000000E+001                 -9.9000000000000000E+001 
                                     746                  1.7182446796554995E-003                 -1.3075757458165851E+000                  7.0625443582714071E+000                  1.3053127740555690E+000                  1.6513810899344374E+001                  7.5579699243860454E-001                  2.4280300351843764E-001                  1.4000040429578142E-003                  1.0495139936559881E+000                  8.0955944658949470E-003                  2.6443065092055924E-050                                        0                 -9.8999999999999986E+001                 -9.9000000000000000E+001                 -9.9000000000000000E+001 
                                     747                  9.4825136839468010E-004                 -1.3940779468832680E+000                  7.0632125224044024E+000                  1.3072625998486649E+000                  1.6516433565846118E+001                  7.5579695783171774E-001                  2.4280303798164110E-001                  1.4000041866411017E-003                  1.0622919289558654E+000                  8.3810015014464216E-003                  2.9000068466785969E-050                                        0                 -9.8999999999999986E+001                 -9.9000000000000000E+001                 -9.9000000000000000E+001 
                                     748                  4.8412660332638335E-004                 -1.4917345116774932E+000                  7.0636832872912150E+000                  1.3086358427794884E+000                  1.6518280874358712E+001                  7.5579693322429076E-001                  2.4280306248482447E-001                  1.4000042908848265E-003                  1.0713971320366007E+000                  8.5880173481596121E-003                  3.0947838170990477E-050                                        0                 -9.8999999999999986E+001                 -9.9000000000000000E+001                 -9.9000000000000000E+001 
                                     749                  2.5206422079212398E-004                 -1.5864254507746915E+000                  7.0639755340871018E+000                  1.3094879251751732E+000                  1.6519427254897959E+001                  7.5579691785554215E-001                  2.4280307778757954E-001                  1.4000043568782594E-003                  1.0770921488451561E+000                  8.7190520667668470E-003                  3.2221841159225517E-050                                        0                 -9.8999999999999986E+001                 -9.9000000000000000E+001                 -9.9000000000000000E+001 
                                     750                  1.3603302952499430E-004                 -1.6758427256572535E+000                  7.0641548813365249E+000                  1.3100106759353554E+000                  1.6520130612659429E+001                  7.5579690838869018E-001                  2.4280308721343891E-001                  1.4000043978709131E-003                  1.0806033675996212E+000                  8.8004373478867831E-003                  3.3029342886795768E-050                                        0                 -9.8999999999999986E+001                 -9.9000000000000000E+001                 -9.9000000000000000E+001 
                                     751                  7.8017433891429454E-005                 -1.7564046355613541E+000                  7.0642627652984036E+000                  1.3103250705745269E+000                  1.6520553649366295E+001                  7.5579690268107291E-001                  2.4280309289621521E-001                  1.4000044227118202E-003                  1.0827214846457043E+000                  8.8497528944019195E-003                  3.3524738841265882E-050                                        0                 -9.8999999999999986E+001                 -9.9000000000000000E+001                 -9.9000000000000000E+001 
                                     752                  4.9009636074758062E-005                 -1.8237537799873811E+000                  7.0643257326170072E+000                  1.3105085483973340E+000                  1.6520800537092473E+001                  7.5579689934527539E-001                  2.4280309621745044E-001                  1.4000044372741716E-003                  1.0839598245429114E+000                  8.8786617618156257E-003                  3.3817286165769956E-050                                        0                 -9.8999999999999986E+001                 -9.9000000000000000E+001                 -9.9000000000000000E+001 
                                     753                  3.4505737166422362E-005                 -1.8745765094671107E+000                  7.0643729115254033E+000                  1.3106460043221233E+000                  1.6520985503587241E+001                  7.5579689684376605E-001                  2.4280309870801792E-001                  1.4000044482160856E-003                  1.0848886553903727E+000                  8.9003827081460176E-003                  3.4038140534576534E-050                                        0                 -9.8999999999999986E+001                 -9.9000000000000000E+001                 -9.9000000000000000E+001 
                                     754                  2.0001838258034631E-005                 -1.9535474689847190E+000                  7.0644207038377935E+000                  1.3107852485743403E+000                  1.6521172876176539E+001                  7.5579689430775643E-001                  2.4280310123291621E-001                  1.4000044593274197E-003                  1.0858304703728741E+000                  8.9224395488838662E-003                  3.4263329552928345E-050                                        0                 -9.8999999999999986E+001                 -9.9000000000000000E+001                 -9.9000000000000000E+001 
                                     755                  1.0000919127863746E-005                 -2.0539169257567624E+000                  7.0644575611055451E+000                  1.3108926320649084E+000                  1.6521317376110094E+001                  7.5579689235064995E-001                  2.4280310318143525E-001                  1.4000044679147727E-003                  1.0865574144601604E+000                  8.9394865115822019E-003                  3.4438005958082316E-050                                        0                 -9.8999999999999986E+001                 -9.9000000000000000E+001                 -9.9000000000000000E+001 
                                     756                  5.0004595625562621E-006                 -2.1542767100782667E+000                  7.0644807775972520E+000                  1.3109602706697927E+000                  1.6521408394476232E+001                  7.5579689111727621E-001                  2.4280310440939107E-001                  1.4000044733326611E-003                  1.0870155905971088E+000                  8.9502408763138946E-003                  3.4548489067467736E-050                                        0                 -9.8999999999999986E+001                 -9.9000000000000000E+001                 -9.9000000000000000E+001 
                                     757                  2.5002297800135426E-006                 -2.2546303994966275E+000                  7.0644954022236552E+000                  1.3110028768448709E+000                  1.6521465728130838E+001                  7.5579689034011188E-001                  2.4280310518313947E-001                  1.4000044767485953E-003                  1.0873043148045136E+000                  8.9570218396045620E-003                  3.4618265771352749E-050                                        0                 -9.8999999999999986E+001                 -9.9000000000000000E+001                 -9.9000000000000000E+001 
                                     758                  1.2501148887421820E-006                 -2.3549802439389644E+000                  7.0645046148237594E+000                  1.3110297156712436E+000                  1.6521501844350613E+001                  7.5579688985045435E-001                  2.4280310567064381E-001                  1.4000044789018729E-003                  1.0874862358912589E+000                  8.9612960158201808E-003                  3.4662292601156172E-050                                        0                 -9.8999999999999986E+001                 -9.9000000000000000E+001                 -9.9000000000000000E+001 
                                     759                  6.2505744316201332E-007                 -2.4553276544692721E+000                  7.0645104182628726E+000                  1.3110466225204123E+000                  1.6521524595456064E+001                  7.5579688954196000E-001                  2.4280310597778115E-001                  1.4000044802588985E-003                  1.0876008533495594E+000                  8.9639895449964112E-003                  3.4690055677173574E-050                                        0                 -9.8999999999999986E+001                 -9.9000000000000000E+001                 -9.9000000000000000E+001 
                                     760                  3.1252872037192885E-007                 -2.5556735079545176E+000                  7.0645140741448973E+000                  1.3110572729444727E+000                  1.6521538927475319E+001                  7.5579688934760902E-001                  2.4280310617127712E-001                  1.4000044811138812E-003                  1.0876730634871716E+000                  8.9656867450273129E-003                  3.4707556395791012E-050                                        0                 -9.8999999999999986E+001                 -9.9000000000000000E+001                 -9.9000000000000000E+001 
                                     761                  1.5626435889646373E-007                 -2.6560183329416422E+000                  7.0645171448581392E+000                  1.3110662185751998E+000                  1.6521550965416949E+001                  7.5579688918435761E-001                  2.4280310633380997E-001                  1.4000044818324175E-003                  1.0877337194793697E+000                  8.9671125309962237E-003                  3.4722262683655811E-050                                        0                 -9.8999999999999986E+001                 -9.9000000000000000E+001                 -9.9000000000000000E+001 
