wavelengths,fluxes,convolved_flux,filter_wavelengths,filter_trans
  2.524000E+02,  1.209238E-10,  8.464668E-15,  3.247500E+03,  7.000000E-05
  2.568000E+02,  2.103968E-10,  1.472778E-14,  3.250000E+03,  1.100000E-04
  2.600000E+02,  3.166649E-10,  2.216655E-14,  3.252500E+03,  1.500000E-04
  2.640000E+02,  4.914782E-10,  3.440348E-14,  3.255000E+03,  2.000000E-04
  2.685000E+02,  8.479725E-10,  5.935808E-14,  3.257500E+03,  2.800000E-04
  2.735000E+02,  1.504681E-09,  1.053277E-13,  3.260000E+03,  3.800000E-04
  2.785000E+02,  2.589525E-09,  1.812668E-13,  3.262500E+03,  5.200000E-04
  2.840000E+02,  4.400595E-09,  3.080417E-13,  3.265000E+03,  6.900000E-04
  2.900000E+02,  7.951177E-09,  5.565824E-13,  3.267500E+03,  9.100000E-04
  2.960000E+02,  1.427841E-08,  9.994884E-13,  3.270000E+03,  1.180000E-03
  3.010000E+02,  2.245719E-08,  1.572003E-12,  3.272500E+03,  1.490000E-03
  3.080000E+02,  3.455458E-08,  2.418821E-12,  3.275000E+03,  1.870000E-03
  3.180000E+02,  8.182107E-08,  5.727475E-12,  3.277500E+03,  2.340000E-03
  3.280000E+02,  1.789963E-07,  1.252974E-11,  3.280000E+03,  2.890000E-03
  3.380000E+02,  3.848457E-07,  2.693920E-11,  3.282500E+03,  3.520000E-03
  3.480000E+02,  7.656583E-07,  5.359608E-11,  3.285000E+03,  4.230000E-03
  3.570000E+02,  5.735455E-06,  4.014819E-10,  3.287500E+03,  5.090000E-03
  3.660000E+02,  1.481805E-05,  1.037263E-09,  3.290000E+03,  6.060000E-03
  3.750000E+02,  2.181982E-05,  1.527388E-09,  3.292500E+03,  7.100000E-03
  3.850000E+02,  3.769826E-05,  2.638878E-09,  3.295000E+03,  8.270000E-03
  3.950000E+02,  1.099552E-04,  7.696862E-09,  3.297500E+03,  9.570000E-03
  4.050000E+02,  1.577311E-04,  1.104118E-08,  3.300000E+03,  1.099000E-02
  4.140000E+02,  2.601681E-04,  1.821177E-08,  3.302500E+03,  1.252000E-02
  4.220000E+02,  3.332994E-04,  2.333096E-08,  3.305000E+03,  1.416000E-02
  4.300000E+02,  4.574944E-04,  3.202461E-08,  3.307500E+03,  1.594000E-02
  4.410000E+02,  6.518931E-04,  4.563252E-08,  3.310000E+03,  1.784000E-02
  4.510000E+02,  8.420806E-04,  5.894564E-08,  3.312500E+03,  1.980000E-02
  4.600000E+02,  1.043150E-03,  7.302048E-08,  3.315000E+03,  2.187000E-02
  4.700000E+02,  1.422734E-03,  9.959137E-08,  3.317500E+03,  2.406000E-02
  4.800000E+02,  1.848771E-03,  1.294140E-07,  3.320000E+03,  2.631000E-02
  4.900000E+02,  2.397546E-03,  1.678282E-07,  3.322500E+03,  2.863000E-02
  5.000000E+02,  3.034322E-03,  2.124025E-07,  3.325000E+03,  3.101000E-02
  5.060000E+02,  1.107192E-02,  7.750342E-07,  3.327500E+03,  3.347000E-02
  5.120000E+02,  8.315479E-02,  5.820835E-06,  3.330000E+03,  3.599000E-02
  5.200000E+02,  8.371324E-02,  5.859927E-06,  3.332500E+03,  3.855000E-02
  5.300000E+02,  8.698726E-02,  6.089108E-06,  3.335000E+03,  4.117000E-02
  5.400000E+02,  8.507549E-02,  5.955285E-06,  3.337500E+03,  4.384000E-02
  5.500000E+02,  1.282312E-01,  8.976186E-06,  3.340000E+03,  4.654000E-02
  5.600000E+02,  1.567940E-01,  1.097558E-05,  3.342500E+03,  4.925000E-02
  5.700000E+02,  1.735081E-01,  1.214556E-05,  3.345000E+03,  5.199000E-02
  5.800000E+02,  1.563835E-01,  1.094685E-05,  3.347500E+03,  5.474000E-02
  5.900000E+02,  1.985400E-01,  1.389780E-05,  3.350000E+03,  5.748000E-02
  6.000000E+02,  1.884755E-01,  1.319328E-05,  3.352500E+03,  6.018000E-02
  6.100000E+02,  2.361855E-01,  1.653299E-05,  3.355000E+03,  6.289000E-02
  6.200000E+02,  2.646388E-01,  1.852472E-05,  3.357500E+03,  6.558000E-02
  6.300000E+02,  2.731221E-01,  1.911855E-05,  3.360000E+03,  6.828000E-02
  6.400000E+02,  2.463239E-01,  1.724267E-05,  3.362500E+03,  7.099000E-02
  6.500000E+02,  1.996066E-01,  1.397246E-05,  3.365000E+03,  7.368000E-02
  6.580000E+02,  2.577771E-01,  1.804440E-05,  3.367500E+03,  7.636000E-02
  6.650000E+02,  3.128643E-01,  2.190050E-05,  3.370000E+03,  7.898000E-02
  6.750000E+02,  3.257055E-01,  2.279939E-05,  3.372500E+03,  8.158000E-02
  6.850000E+02,  2.988999E-01,  2.092299E-05,  3.375000E+03,  8.413000E-02
  6.950000E+02,  4.152166E-01,  2.906516E-05,  3.377500E+03,  8.665000E-02
  7.050000E+02,  3.615754E-01,  2.531028E-05,  3.380000E+03,  8.916000E-02
  7.160000E+02,  4.619373E-01,  3.233561E-05,  3.382500E+03,  9.166000E-02
  7.260000E+02,  4.482773E-01,  3.137941E-05,  3.385000E+03,  9.414000E-02
  7.350000E+02,  4.782029E-01,  3.347420E-05,  3.387500E+03,  9.659000E-02
  7.450000E+02,  5.232316E-01,  3.662621E-05,  3.390000E+03,  9.901000E-02
  7.550000E+02,  5.383492E-01,  3.768445E-05,  3.392500E+03,  1.014000E-01
  7.650000E+02,  5.762187E-01,  4.033531E-05,  3.395000E+03,  1.037400E-01
  7.750000E+02,  6.141175E-01,  4.298823E-05,  3.397500E+03,  1.060700E-01
  7.850000E+02,  6.505521E-01,  4.553865E-05,  3.400000E+03,  1.083700E-01
  7.950000E+02,  6.556562E-01,  4.589593E-05,  3.402500E+03,  1.106800E-01
  8.050000E+02,  6.617421E-01,  4.632195E-05,  3.405000E+03,  1.129700E-01
  8.150000E+02,  6.648415E-01,  4.653891E-05,  3.407500E+03,  1.152300E-01
  8.250000E+02,  7.265402E-01,  5.085782E-05,  3.410000E+03,  1.174300E-01
  8.350000E+02,  5.570032E-01,  3.899023E-05,  3.412500E+03,  1.196100E-01
  8.450000E+02,  7.205412E-01,  5.043789E-05,  3.415000E+03,  1.217300E-01
  8.550000E+02,  7.242449E-01,  5.069715E-05,  3.417500E+03,  1.237900E-01
  8.650000E+02,  7.639006E-01,  5.347304E-05,  3.420000E+03,  1.258100E-01
  8.750000E+02,  7.981835E-01,  5.587285E-05,  3.422500E+03,  1.277800E-01
  8.850000E+02,  8.513855E-01,  5.959699E-05,  3.425000E+03,  1.296800E-01
  8.950000E+02,  8.800897E-01,  6.160628E-05,  3.427500E+03,  1.315400E-01
  9.050000E+02,  8.623478E-01,  6.036435E-05,  3.430000E+03,  1.333300E-01
  9.150000E+02,  1.310166E+00,  9.171163E-05,  3.432500E+03,  1.351000E-01
  9.250000E+02,  8.465571E+00,  5.925900E-04,  3.435000E+03,  1.368300E-01
  9.350000E+02,  1.452900E+01,  1.017030E-03,  3.437500E+03,  1.385000E-01
  9.450000E+02,  1.933745E+01,  1.353621E-03,  3.440000E+03,  1.401300E-01
  9.550000E+02,  2.087573E+01,  1.461301E-03,  3.442500E+03,  1.417500E-01
  9.650000E+02,  2.228358E+01,  1.559850E-03,  3.445000E+03,  1.433400E-01
  9.750000E+02,  5.600883E+00,  3.920618E-04,  3.447500E+03,  1.448800E-01
  9.850000E+02,  1.650967E+01,  1.155677E-03,  3.450000E+03,  1.463300E-01
  9.950000E+02,  1.664093E+01,  1.164865E-03,  3.452500E+03,  1.477200E-01
  1.005000E+03,  1.888157E+01,  1.321710E-03,  3.455000E+03,  1.490400E-01
  1.015000E+03,  1.991756E+01,  1.394230E-03,  3.457500E+03,  1.502900E-01
  1.025000E+03,  1.518124E+01,  1.062687E-03,  3.460000E+03,  1.515000E-01
  1.035000E+03,  1.741609E+01,  1.219126E-03,  3.462500E+03,  1.526800E-01
  1.045000E+03,  2.308106E+01,  1.615674E-03,  3.465000E+03,  1.538200E-01
  1.055000E+03,  2.133330E+01,  1.493331E-03,  3.467500E+03,  1.549000E-01
  1.065000E+03,  1.705197E+01,  1.193638E-03,  3.470000E+03,  1.559300E-01
  1.075000E+03,  1.923731E+01,  1.346612E-03,  3.472500E+03,  1.569200E-01
  1.085000E+03,  1.792476E+01,  1.254734E-03,  3.475000E+03,  1.578600E-01
  1.095000E+03,  1.958164E+01,  1.370715E-03,  3.477500E+03,  1.587500E-01
  1.105000E+03,  1.779796E+01,  1.245857E-03,  3.480000E+03,  1.595900E-01
  1.115000E+03,  1.700370E+01,  1.190259E-03,  3.482500E+03,  1.603900E-01
  1.125000E+03,  1.222378E+01,  8.556647E-04,  3.485000E+03,  1.611700E-01
  1.135000E+03,  1.753142E+01,  1.227200E-03,  3.487500E+03,  1.618700E-01
  1.145000E+03,  1.629429E+01,  1.140600E-03,  3.490000E+03,  1.625500E-01
  1.155000E+03,  1.619503E+01,  1.133652E-03,  3.492500E+03,  1.631900E-01
  1.165000E+03,  1.617950E+01,  1.132565E-03,  3.495000E+03,  1.637900E-01
  1.175000E+03,  9.239079E+00,  6.467356E-04,  3.497500E+03,  1.643500E-01
  1.185000E+03,  1.484675E+01,  1.039273E-03,  3.500000E+03,  1.648600E-01
  1.195000E+03,  1.409066E+01,  9.863460E-04,  3.502500E+03,  1.653500E-01
  1.205000E+03,  1.033957E+01,  7.237702E-04,  3.505000E+03,  1.658000E-01
  1.215000E+03,  1.032704E+01,  7.228929E-04,  3.507500E+03,  1.662000E-01
  1.225000E+03,  1.356878E+01,  9.498149E-04,  3.510000E+03,  1.665400E-01
  1.235000E+03,  1.478433E+01,  1.034903E-03,  3.512500E+03,  1.668600E-01
  1.245000E+03,  1.411816E+01,  9.882710E-04,  3.515000E+03,  1.671200E-01
  1.255000E+03,  1.409647E+01,  9.867526E-04,  3.517500E+03,  1.673300E-01
  1.265000E+03,  1.438779E+01,  1.007145E-03,  3.520000E+03,  1.675000E-01
  1.275000E+03,  1.488546E+01,  1.041982E-03,  3.522500E+03,  1.676500E-01
  1.285000E+03,  1.471725E+01,  1.030207E-03,  3.525000E+03,  1.677600E-01
  1.295000E+03,  1.088083E+01,  7.616579E-04,  3.527500E+03,  1.678300E-01
  1.305000E+03,  1.192866E+01,  8.350061E-04,  3.530000E+03,  1.679000E-01
  1.315000E+03,  1.441928E+01,  1.009350E-03,  3.532500E+03,  1.679800E-01
  1.325000E+03,  1.360384E+01,  9.522685E-04,  3.535000E+03,  1.680600E-01
  1.335000E+03,  1.323886E+01,  9.267201E-04,  3.537500E+03,  1.680900E-01
  1.345000E+03,  1.314208E+01,  9.199457E-04,  3.540000E+03,  1.680900E-01
  1.355000E+03,  1.307721E+01,  9.154046E-04,  3.542500E+03,  1.680500E-01
  1.365000E+03,  1.219451E+01,  8.536157E-04,  3.545000E+03,  1.679500E-01
  1.375000E+03,  1.169036E+01,  8.183255E-04,  3.547500E+03,  1.678300E-01
  1.385000E+03,  1.093955E+01,  7.657683E-04,  3.550000E+03,  1.676700E-01
  1.395000E+03,  6.193432E+00,  4.335402E-04,  3.552500E+03,  1.675000E-01
  1.405000E+03,  7.435460E+00,  5.204822E-04,  3.555000E+03,  1.673300E-01
  1.415000E+03,  1.020561E+01,  7.143930E-04,  3.557500E+03,  1.671000E-01
  1.425000E+03,  9.769472E+00,  6.838630E-04,  3.560000E+03,  1.668400E-01
  1.435000E+03,  1.035030E+01,  7.245210E-04,  3.562500E+03,  1.665400E-01
  1.442000E+03,  1.053177E+01,  7.372238E-04,  3.565000E+03,  1.662000E-01
  1.447000E+03,  1.038451E+01,  7.269154E-04,  3.567500E+03,  1.658300E-01
  1.455000E+03,  9.924489E+00,  6.947142E-04,  3.570000E+03,  1.654800E-01
  1.465000E+03,  9.298116E+00,  6.508682E-04,  3.572500E+03,  1.651500E-01
  1.475000E+03,  9.557195E+00,  6.690037E-04,  3.575000E+03,  1.648400E-01
  1.485000E+03,  9.440499E+00,  6.608349E-04,  3.577500E+03,  1.645000E-01
  1.495000E+03,  9.182156E+00,  6.427509E-04,  3.580000E+03,  1.641200E-01
  1.505000E+03,  8.460086E+00,  5.922061E-04,  3.582500E+03,  1.636900E-01
  1.512000E+03,  7.806016E+00,  5.464211E-04,  3.585000E+03,  1.632200E-01
  1.517000E+03,  8.025119E+00,  5.617584E-04,  3.587500E+03,  1.627300E-01
  1.525000E+03,  8.065478E+00,  5.645835E-04,  3.590000E+03,  1.622300E-01
  1.535000E+03,  6.794722E+00,  4.756306E-04,  3.592500E+03,  1.617300E-01
  1.545000E+03,  6.316459E+00,  4.421521E-04,  3.595000E+03,  1.612200E-01
  1.555000E+03,  6.156007E+00,  4.309205E-04,  3.597500E+03,  1.607200E-01
  1.565000E+03,  6.842717E+00,  4.789902E-04,  3.600000E+03,  1.602300E-01
  1.575000E+03,  7.335212E+00,  5.134648E-04,  3.602500E+03,  1.597400E-01
  1.585000E+03,  7.299220E+00,  5.109454E-04,  3.605000E+03,  1.592700E-01
  1.595000E+03,  7.271023E+00,  5.089716E-04,  3.607500E+03,  1.587900E-01
  1.605000E+03,  7.156834E+00,  5.009784E-04,  3.610000E+03,  1.582600E-01
  1.615000E+03,  6.888519E+00,  4.821964E-04,  3.612500E+03,  1.576700E-01
  1.625000E+03,  6.890597E+00,  4.823418E-04,  3.615000E+03,  1.570600E-01
  1.635000E+03,  7.215979E+00,  5.051186E-04,  3.617500E+03,  1.564400E-01
  1.645000E+03,  7.247974E+00,  5.073582E-04,  3.620000E+03,  1.558500E-01
  1.655000E+03,  7.137678E+00,  4.996375E-04,  3.622500E+03,  1.553300E-01
  1.665000E+03,  7.126441E+00,  4.988509E-04,  3.625000E+03,  1.548400E-01
  1.672000E+03,  6.691842E+00,  4.684290E-04,  3.627500E+03,  1.543500E-01
  1.677000E+03,  7.658788E+00,  5.361152E-04,  3.630000E+03,  1.538400E-01
  1.685000E+03,  7.280665E+00,  5.096466E-04,  3.632500E+03,  1.532900E-01
  1.695000E+03,  6.888685E+00,  4.822079E-04,  3.635000E+03,  1.527200E-01
  1.705000E+03,  6.769981E+00,  4.738987E-04,  3.637500E+03,  1.521400E-01
  1.715000E+03,  6.389835E+00,  4.472885E-04,  3.640000E+03,  1.516000E-01
  1.725000E+03,  6.228115E+00,  4.359681E-04,  3.642500E+03,  1.510800E-01
  1.735000E+03,  6.445696E+00,  4.511987E-04,  3.645000E+03,  1.505900E-01
  1.745000E+03,  6.363514E+00,  4.454460E-04,  3.647500E+03,  1.500700E-01
  1.755000E+03,  6.334959E+00,  4.434471E-04,  3.650000E+03,  1.495600E-01
  1.765000E+03,  6.309124E+00,  4.416387E-04,  3.652500E+03,  1.490700E-01
  1.775000E+03,  5.901965E+00,  4.131375E-04,  3.655000E+03,  1.485900E-01
  1.785000E+03,  6.010571E+00,  4.207400E-04,  3.657500E+03,  1.481100E-01
  1.795000E+03,  6.068001E+00,  4.247601E-04,  3.660000E+03,  1.476000E-01
  1.805000E+03,  6.110766E+00,  4.277537E-04,  3.662500E+03,  1.470900E-01
  1.815000E+03,  5.582358E+00,  3.907650E-04,  3.665000E+03,  1.465600E-01
  1.825000E+03,  5.731391E+00,  4.011974E-04,  3.667500E+03,  1.460400E-01
  1.835000E+03,  5.600141E+00,  3.920099E-04,  3.670000E+03,  1.455500E-01
  1.845000E+03,  5.105254E+00,  3.573678E-04,  3.672500E+03,  1.451000E-01
  1.855000E+03,  5.257639E+00,  3.680348E-04,  3.675000E+03,  1.446800E-01
  1.865000E+03,  5.319082E+00,  3.723358E-04,  3.677500E+03,  1.442900E-01
  1.875000E+03,  5.361265E+00,  3.752886E-04,  3.680000E+03,  1.439000E-01
  1.885000E+03,  4.860134E+00,  3.402094E-04,  3.682500E+03,  1.435300E-01
  1.895000E+03,  4.553151E+00,  3.187206E-04,  3.685000E+03,  1.431800E-01
  1.905000E+03,  4.889550E+00,  3.422685E-04,  3.687500E+03,  1.428300E-01
  1.915000E+03,  4.641075E+00,  3.248753E-04,  3.690000E+03,  1.424700E-01
  1.925000E+03,  4.370993E+00,  3.059695E-04,  3.692500E+03,  1.420800E-01
  1.935000E+03,  4.670829E+00,  3.269580E-04,  3.695000E+03,  1.416800E-01
  1.945000E+03,  4.782751E+00,  3.347926E-04,  3.697500E+03,  1.413000E-01
  1.955000E+03,  4.264432E+00,  2.985103E-04,  3.700000E+03,  1.409700E-01
  1.967000E+03,  4.612862E+00,  3.229003E-04,  3.702500E+03,  1.407000E-01
  1.976000E+03,  4.841444E+00,  3.389011E-04,  3.705000E+03,  1.404600E-01
  1.984000E+03,  4.495124E+00,  3.146587E-04,  3.707500E+03,  1.402400E-01
  1.995000E+03,  4.420691E+00,  3.094484E-04,  3.710000E+03,  1.400000E-01
  2.005000E+03,  4.557415E+00,  3.190191E-04,  3.712500E+03,  1.397300E-01
  2.015000E+03,  4.533976E+00,  3.173783E-04,  3.715000E+03,  1.394400E-01
  2.025000E+03,  4.606342E+00,  3.224439E-04,  3.717500E+03,  1.391600E-01
  2.035000E+03,  4.233332E+00,  2.963332E-04,  3.720000E+03,  1.388900E-01
  2.045000E+03,  4.281546E+00,  2.997082E-04,  3.722500E+03,  1.386400E-01
  2.055000E+03,  3.920399E+00,  2.744280E-04,  3.725000E+03,  1.384000E-01
  2.065000E+03,  3.886195E+00,  2.720336E-04,  3.727500E+03,  1.381800E-01
  2.074000E+03,  4.110881E+00,  2.877617E-04,  3.730000E+03,  1.379800E-01
  2.078000E+03,  3.816819E+00,  2.671773E-04,  3.732500E+03,  1.377900E-01
  2.085000E+03,  4.052414E+00,  2.836690E-04,  3.735000E+03,  1.376100E-01
  2.095000E+03,  3.890354E+00,  2.723248E-04,  3.737500E+03,  1.374700E-01
  2.105000E+03,  4.025869E+00,  2.818109E-04,  3.740000E+03,  1.373500E-01
  2.115000E+03,  4.049224E+00,  2.834457E-04,  3.742500E+03,  1.372500E-01
  2.125000E+03,  4.059436E+00,  2.841605E-04,  3.745000E+03,  1.371800E-01
  2.135000E+03,  3.994539E+00,  2.796177E-04,  3.747500E+03,  1.371300E-01
  2.145000E+03,  3.807290E+00,  2.665103E-04,  3.750000E+03,  1.371300E-01
  2.155000E+03,  3.942019E+00,  2.759413E-04,  3.752500E+03,  1.371400E-01
  2.165000E+03,  3.884991E+00,  2.719494E-04,  3.755000E+03,  1.371900E-01
  2.175000E+03,  3.843269E+00,  2.690288E-04,  3.757500E+03,  1.372700E-01
  2.185000E+03,  3.743303E+00,  2.620312E-04,  3.760000E+03,  1.373600E-01
  2.195000E+03,  3.779229E+00,  2.645460E-04,  3.762500E+03,  1.374500E-01
  2.205000E+03,  3.758646E+00,  2.631053E-04,  3.765000E+03,  1.375700E-01
  2.215000E+03,  3.690987E+00,  2.583691E-04,  3.767500E+03,  1.377100E-01
  2.225000E+03,  3.605455E+00,  2.523819E-04,  3.770000E+03,  1.378800E-01
  2.235000E+03,  3.537641E+00,  2.476349E-04,  3.772500E+03,  1.380400E-01
  2.245000E+03,  3.552957E+00,  2.487070E-04,  3.775000E+03,  1.382500E-01
  2.255000E+03,  3.455451E+00,  2.418816E-04,  3.777500E+03,  1.385100E-01
  2.265000E+03,  3.468238E+00,  2.427767E-04,  3.780000E+03,  1.388500E-01
  2.275000E+03,  3.422661E+00,  2.395863E-04,  3.782500E+03,  1.392500E-01
  2.285000E+03,  3.374038E+00,  2.361827E-04,  3.785000E+03,  1.397300E-01
  2.295000E+03,  2.989380E+00,  2.092566E-04,  3.787500E+03,  1.402800E-01
  2.305000E+03,  3.256745E+00,  2.279721E-04,  3.790000E+03,  1.408900E-01
  2.315000E+03,  3.186478E+00,  2.230534E-04,  3.792500E+03,  1.415200E-01
  2.325000E+03,  3.159887E+00,  2.211921E-04,  3.795000E+03,  1.422000E-01
  2.335000E+03,  3.085209E+00,  2.159647E-04,  3.797500E+03,  1.429700E-01
  2.345000E+03,  3.112756E+00,  2.178930E-04,  3.800000E+03,  1.437900E-01
  2.355000E+03,  3.071971E+00,  2.150380E-04,  3.802500E+03,  1.446700E-01
  2.365000E+03,  3.041503E+00,  2.129052E-04,  3.805000E+03,  1.456100E-01
  2.375000E+03,  2.970111E+00,  2.079078E-04,  3.807500E+03,  1.466600E-01
  2.385000E+03,  2.931741E+00,  2.052219E-04,  3.810000E+03,  1.478000E-01
  2.395000E+03,  2.892674E+00,  2.024872E-04,  3.812500E+03,  1.489900E-01
  2.405000E+03,  2.866174E+00,  2.006322E-04,  3.815000E+03,  1.503000E-01
  2.415000E+03,  2.813789E+00,  1.969652E-04,  3.817500E+03,  1.517000E-01
  2.425000E+03,  2.803876E+00,  1.962713E-04,  3.820000E+03,  1.531700E-01
  2.435000E+03,  2.734895E+00,  1.914426E-04,  3.822500E+03,  1.546800E-01
  2.445000E+03,  2.724608E+00,  1.907225E-04,  3.825000E+03,  1.562500E-01
  2.455000E+03,  2.707056E+00,  1.894939E-04,  3.827500E+03,  1.579200E-01
  2.465000E+03,  2.666566E+00,  1.866596E-04,  3.830000E+03,  1.596900E-01
  2.475000E+03,  2.612527E+00,  1.828769E-04,  3.832500E+03,  1.615200E-01
  2.485000E+03,  2.509023E+00,  1.756316E-04,  3.835000E+03,  1.634500E-01
  2.495000E+03,  1.784772E+00,  1.249341E-04,  3.837500E+03,  1.654900E-01
  2.505000E+03,  2.362390E+00,  1.653673E-04,  3.840000E+03,  1.676200E-01
  2.513000E+03,  2.373270E+00,  1.661289E-04,  3.842500E+03,  1.697900E-01
  2.518000E+03,  2.429768E+00,  1.700837E-04,  3.845000E+03,  1.720300E-01
  2.525000E+03,  2.454127E+00,  1.717889E-04,  3.847500E+03,  1.743900E-01
  2.535000E+03,  2.445553E+00,  1.711887E-04,  3.850000E+03,  1.768800E-01
  2.545000E+03,  2.337995E+00,  1.636596E-04,  3.852500E+03,  1.794300E-01
  2.555000E+03,  2.364735E+00,  1.655314E-04,  3.855000E+03,  1.820800E-01
  2.565000E+03,  2.325523E+00,  1.627866E-04,  3.857500E+03,  1.848700E-01
  2.575000E+03,  2.328565E+00,  1.629995E-04,  3.860000E+03,  1.877100E-01
  2.585000E+03,  2.298937E+00,  1.609256E-04,  3.862500E+03,  1.906000E-01
  2.595000E+03,  2.274663E+00,  1.592264E-04,  3.865000E+03,  1.935500E-01
  2.605000E+03,  2.258827E+00,  1.581179E-04,  3.867500E+03,  1.966000E-01
  2.615000E+03,  2.217371E+00,  1.552160E-04,  3.870000E+03,  1.997300E-01
  2.625000E+03,  2.201525E+00,  1.541067E-04,  3.872500E+03,  2.029100E-01
  2.635000E+03,  2.175709E+00,  1.522996E-04,  3.875000E+03,  2.061600E-01
  2.645000E+03,  2.145373E+00,  1.501761E-04,  3.877500E+03,  2.095300E-01
  2.655000E+03,  2.123932E+00,  1.486753E-04,  3.880000E+03,  2.129500E-01
  2.665000E+03,  2.050371E+00,  1.435260E-04,  3.882500E+03,  2.164500E-01
  2.675000E+03,  2.043425E+00,  1.430397E-04,  3.885000E+03,  2.200300E-01
  2.685000E+03,  2.045736E+00,  1.432015E-04,  3.887500E+03,  2.236800E-01
  2.695000E+03,  1.977401E+00,  1.384181E-04,  3.890000E+03,  2.273700E-01
  2.705000E+03,  1.945274E+00,  1.361692E-04,  3.892500E+03,  2.310800E-01
  2.715000E+03,  1.941585E+00,  1.359109E-04,  3.895000E+03,  2.348200E-01
  2.725000E+03,  1.928659E+00,  1.350061E-04,  3.897500E+03,  2.386300E-01
  2.735000E+03,  1.906316E+00,  1.334421E-04,  3.900000E+03,  2.424700E-01
  2.745000E+03,  1.884701E+00,  1.319291E-04,  3.902500E+03,  2.463300E-01
  2.755000E+03,  1.870333E+00,  1.309233E-04,  3.905000E+03,  2.502400E-01
  2.765000E+03,  1.841826E+00,  1.289278E-04,  3.907500E+03,  2.541900E-01
  2.775000E+03,  1.848299E+00,  1.293810E-04,  3.910000E+03,  2.582000E-01
  2.785000E+03,  1.813045E+00,  1.269131E-04,  3.912500E+03,  2.622500E-01
  2.795000E+03,  1.745559E+00,  1.221892E-04,  3.915000E+03,  2.663300E-01
  2.805000E+03,  1.765650E+00,  1.235955E-04,  3.917500E+03,  2.704500E-01
  2.815000E+03,  1.764385E+00,  1.235069E-04,  3.920000E+03,  2.745500E-01
  2.825000E+03,  1.740792E+00,  1.218555E-04,  3.922500E+03,  2.786200E-01
  2.835000E+03,  1.688969E+00,  1.182279E-04,  3.925000E+03,  2.826700E-01
  2.845000E+03,  1.702548E+00,  1.191783E-04,  3.927500E+03,  2.867200E-01
  2.855000E+03,  1.667408E+00,  1.167185E-04,  3.930000E+03,  2.908000E-01
  2.865000E+03,  1.659380E+00,  1.161566E-04,  3.932500E+03,  2.949200E-01
  2.875000E+03,  1.637792E+00,  1.146454E-04,  3.935000E+03,  2.990500E-01
  2.885000E+03,  1.622641E+00,  1.135849E-04,  3.937500E+03,  3.031700E-01
  2.895000E+03,  1.598030E+00,  1.118621E-04,  3.940000E+03,  3.072400E-01
  2.910000E+03,  1.556765E+00,  1.089735E-04,  3.942500E+03,  3.112400E-01
  2.930000E+03,  1.542930E+00,  1.080051E-04,  3.945000E+03,  3.152000E-01
  2.950000E+03,  1.498234E+00,  1.048763E-04,  3.947500E+03,  3.191100E-01
  2.970000E+03,  1.473103E+00,  1.031172E-04,  3.950000E+03,  3.230200E-01
  2.990000E+03,  1.435381E+00,  1.004766E-04,  3.952500E+03,  3.269600E-01
  3.010000E+03,  1.377639E+00,  9.643472E-05,  3.955000E+03,  3.308900E-01
  3.030000E+03,  1.364242E+00,  9.549697E-05,  3.957500E+03,  3.347800E-01
  3.050000E+03,  1.348485E+00,  9.439398E-05,  3.960000E+03,  3.386400E-01
  3.070000E+03,  1.330872E+00,  9.316105E-05,  3.962500E+03,  3.424500E-01
  3.090000E+03,  1.270762E+00,  8.895334E-05,  3.965000E+03,  3.462100E-01
  3.110000E+03,  1.271841E+00,  8.902889E-05,  3.967500E+03,  3.499300E-01
  3.130000E+03,  1.234305E+00,  8.640133E-05,  3.970000E+03,  3.536000E-01
  3.150000E+03,  1.216561E+00,  8.515929E-05,  3.972500E+03,  3.572300E-01
  3.170000E+03,  1.186358E+00,  8.304510E-05,  3.975000E+03,  3.608100E-01
  3.190000E+03,  1.163465E+00,  8.144252E-05,  3.977500E+03,  3.643700E-01
  3.210000E+03,  1.144332E+00,  8.010322E-05,  3.980000E+03,  3.679500E-01
  3.230000E+03,  1.113275E+00,  7.792923E-05,  3.982500E+03,  3.715600E-01
  3.250000E+03,  1.099789E+00,  1.209768E-04,  3.985000E+03,  3.751900E-01
  3.270000E+03,  1.071191E+00,  1.264005E-03,  3.987500E+03,  3.787900E-01
  3.290000E+03,  1.051078E+00,  6.369536E-03,  3.990000E+03,  3.823300E-01
  3.310000E+03,  1.030724E+00,  1.838811E-02,  3.992500E+03,  3.858300E-01
  3.330000E+03,  1.006472E+00,  3.622291E-02,  3.995000E+03,  3.892800E-01
  3.350000E+03,  9.890505E-01,  5.685062E-02,  3.997500E+03,  3.926800E-01
  3.370000E+03,  9.672070E-01,  7.639000E-02,  4.000000E+03,  3.959900E-01
  3.390000E+03,  9.552202E-01,  9.457635E-02,  4.002500E+03,  3.992400E-01
  3.410000E+03,  9.369602E-01,  1.100272E-01,  4.005000E+03,  4.024400E-01
  3.430000E+03,  9.195105E-01,  1.225983E-01,  4.007500E+03,  4.056000E-01
  3.450000E+03,  8.975846E-01,  1.313435E-01,  4.010000E+03,  4.087700E-01
  3.470000E+03,  8.807732E-01,  1.373390E-01,  4.012500E+03,  4.119700E-01
  3.490000E+03,  8.626019E-01,  1.402159E-01,  4.015000E+03,  4.151900E-01
  3.510000E+03,  8.491457E-01,  1.414167E-01,  4.017500E+03,  4.184200E-01
  3.530000E+03,  8.384927E-01,  1.407829E-01,  4.020000E+03,  4.216800E-01
  3.550000E+03,  8.208261E-01,  1.376279E-01,  4.022500E+03,  4.249900E-01
  3.570000E+03,  8.067869E-01,  1.335071E-01,  4.025000E+03,  4.283300E-01
  3.590000E+03,  7.853301E-01,  1.274041E-01,  4.027500E+03,  4.316500E-01
  3.610000E+03,  7.731631E-01,  1.223608E-01,  4.030000E+03,  4.348800E-01
  3.630000E+03,  7.590381E-01,  1.167704E-01,  4.032500E+03,  4.380200E-01
  3.640000E+03,  7.562655E-01,  1.146499E-01,  4.035000E+03,  4.410700E-01
  3.650000E+03,  7.427849E-01,  1.110909E-01,  4.037500E+03,  4.440700E-01
  3.670000E+03,  7.340513E-01,  1.068412E-01,  4.040000E+03,  4.470500E-01
  3.690000E+03,  7.165041E-01,  1.020803E-01,  4.042500E+03,  4.500300E-01
  3.710000E+03,  6.909923E-01,  9.673893E-02,  4.045000E+03,  4.530000E-01
  3.730000E+03,  6.715974E-01,  9.266701E-02,  4.047500E+03,  4.559500E-01
  3.750000E+03,  7.026184E-01,  9.635006E-02,  4.050000E+03,  4.589300E-01
  3.770000E+03,  6.925189E-01,  9.548450E-02,  4.052500E+03,  4.619500E-01
  3.790000E+03,  7.108172E-01,  1.001470E-01,  4.055000E+03,  4.649800E-01
  3.810000E+03,  7.276814E-01,  1.075513E-01,  4.057500E+03,  4.679800E-01
  3.830000E+03,  6.565809E-01,  1.048494E-01,  4.060000E+03,  4.709200E-01
  3.850000E+03,  7.207420E-01,  1.274848E-01,  4.062500E+03,  4.738000E-01
  3.870000E+03,  6.986855E-01,  1.395485E-01,  4.065000E+03,  4.766300E-01
  3.890000E+03,  6.259116E-01,  1.423135E-01,  4.067500E+03,  4.794100E-01
  3.910000E+03,  6.990627E-01,  1.804980E-01,  4.070000E+03,  4.821900E-01
  3.930000E+03,  6.738265E-01,  1.959487E-01,  4.072500E+03,  4.849700E-01
  3.950000E+03,  6.639961E-01,  2.144840E-01,  4.075000E+03,  4.877500E-01
  3.970000E+03,  5.784619E-01,  2.045441E-01,  4.077500E+03,  4.905200E-01
  3.990000E+03,  6.475193E-01,  2.475660E-01,  4.080000E+03,  4.933000E-01
  4.010000E+03,  6.394603E-01,  2.613922E-01,  4.082500E+03,  4.960700E-01
  4.030000E+03,  6.151576E-01,  2.675197E-01,  4.085000E+03,  4.988400E-01
  4.050000E+03,  6.172235E-01,  2.832624E-01,  4.087500E+03,  5.016000E-01
  4.070000E+03,  5.875961E-01,  2.833330E-01,  4.090000E+03,  5.043400E-01
  4.090000E+03,  5.603052E-01,  2.825843E-01,  4.092500E+03,  5.070300E-01
  4.110000E+03,  5.175633E-01,  2.723729E-01,  4.095000E+03,  5.097100E-01
  4.130000E+03,  5.631243E-01,  3.083950E-01,  4.097500E+03,  5.123900E-01
  4.150000E+03,  5.584638E-01,  3.172465E-01,  4.100000E+03,  5.150900E-01
  4.170000E+03,  5.566636E-01,  3.275130E-01,  4.102500E+03,  5.178500E-01
  4.190000E+03,  5.480397E-01,  3.332465E-01,  4.105000E+03,  5.206500E-01
  4.210000E+03,  5.425802E-01,  3.403063E-01,  4.107500E+03,  5.234600E-01
  4.230000E+03,  5.308410E-01,  3.430295E-01,  4.110000E+03,  5.262600E-01
  4.250000E+03,  5.152714E-01,  3.419959E-01,  4.112500E+03,  5.290600E-01
  4.270000E+03,  5.018444E-01,  3.422027E-01,  4.115000E+03,  5.318400E-01
  4.290000E+03,  4.924725E-01,  3.440807E-01,  4.117500E+03,  5.346000E-01
  4.310000E+03,  4.789758E-01,  3.422665E-01,  4.120000E+03,  5.373000E-01
  4.330000E+03,  4.578025E-01,  3.341592E-01,  4.122500E+03,  5.399500E-01
  4.350000E+03,  4.256305E-01,  3.171373E-01,  4.125000E+03,  5.425600E-01
  4.370000E+03,  4.587526E-01,  3.478629E-01,  4.127500E+03,  5.451200E-01
  4.390000E+03,  4.566205E-01,  3.520270E-01,  4.130000E+03,  5.476500E-01
  4.410000E+03,  4.499277E-01,  3.525004E-01,  4.132500E+03,  5.501700E-01
  4.430000E+03,  4.472733E-01,  3.559267E-01,  4.135000E+03,  5.526700E-01
  4.450000E+03,  4.380688E-01,  3.536442E-01,  4.137500E+03,  5.551700E-01
  4.470000E+03,  4.248156E-01,  3.471720E-01,  4.140000E+03,  5.577000E-01
  4.490000E+03,  4.263269E-01,  3.530370E-01,  4.142500E+03,  5.602700E-01
  4.510000E+03,  4.213220E-01,  3.525033E-01,  4.145000E+03,  5.628600E-01
  4.530000E+03,  4.161565E-01,  3.522058E-01,  4.147500E+03,  5.654700E-01
  4.550000E+03,  4.094858E-01,  3.499711E-01,  4.150000E+03,  5.680700E-01
  4.570000E+03,  4.025966E-01,  3.472114E-01,  4.152500E+03,  5.706400E-01
  4.590000E+03,  3.950935E-01,  3.438301E-01,  4.155000E+03,  5.732100E-01
  4.610000E+03,  3.862859E-01,  3.389118E-01,  4.157500E+03,  5.757500E-01
  4.630000E+03,  3.811928E-01,  3.368029E-01,  4.160000E+03,  5.782800E-01
  4.650000E+03,  3.653483E-01,  3.253171E-01,  4.162500E+03,  5.808200E-01
  4.670000E+03,  3.687215E-01,  3.304077E-01,  4.165000E+03,  5.833300E-01
  4.690000E+03,  3.655231E-01,  3.296215E-01,  4.167500E+03,  5.858300E-01
  4.710000E+03,  3.523259E-01,  3.193693E-01,  4.170000E+03,  5.883500E-01
  4.730000E+03,  3.560597E-01,  3.248332E-01,  4.172500E+03,  5.908800E-01
  4.750000E+03,  3.494284E-01,  3.202547E-01,  4.175000E+03,  5.934200E-01
  4.770000E+03,  3.487994E-01,  3.215512E-01,  4.177500E+03,  5.959500E-01
  4.790000E+03,  3.430043E-01,  3.175156E-01,  4.180000E+03,  5.984300E-01
  4.810000E+03,  3.360296E-01,  3.125647E-01,  4.182500E+03,  6.008800E-01
  4.830000E+03,  3.297050E-01,  3.074927E-01,  4.185000E+03,  6.032900E-01
  4.850000E+03,  3.173644E-01,  2.971674E-01,  4.187500E+03,  6.056900E-01
  4.870000E+03,  2.899801E-01,  2.727205E-01,  4.190000E+03,  6.080700E-01
  4.890000E+03,  3.162874E-01,  2.984425E-01,  4.192500E+03,  6.104700E-01
  4.910000E+03,  3.121613E-01,  2.955075E-01,  4.195000E+03,  6.128500E-01
  4.930000E+03,  3.033638E-01,  2.879075E-01,  4.197500E+03,  6.152300E-01
  4.950000E+03,  3.010632E-01,  2.870156E-01,  4.200000E+03,  6.176200E-01
  4.970000E+03,  3.004294E-01,  2.872195E-01,  4.202500E+03,  6.200200E-01
  4.990000E+03,  2.957076E-01,  2.831548E-01,  4.205000E+03,  6.224300E-01
  5.010000E+03,  2.845933E-01,  2.731185E-01,  4.207500E+03,  6.248300E-01
  5.030000E+03,  2.860785E-01,  2.754020E-01,  4.210000E+03,  6.272000E-01
  5.050000E+03,  2.807846E-01,  2.708897E-01,  4.212500E+03,  6.295100E-01
  5.070000E+03,  2.791878E-01,  2.701170E-01,  4.215000E+03,  6.318000E-01
  5.090000E+03,  2.743601E-01,  2.656848E-01,  4.217500E+03,  6.341100E-01
  5.110000E+03,  2.701857E-01,  2.624746E-01,  4.220000E+03,  6.364500E-01
  5.130000E+03,  2.654853E-01,  2.580411E-01,  4.222500E+03,  6.388600E-01
  5.150000E+03,  2.622520E-01,  2.556118E-01,  4.225000E+03,  6.413300E-01
  5.170000E+03,  2.589062E-01,  2.525993E-01,  4.227500E+03,  6.437900E-01
  5.190000E+03,  2.558483E-01,  2.500328E-01,  4.230000E+03,  6.462000E-01
  5.210000E+03,  2.519726E-01,  2.469407E-01,  4.232500E+03,  6.485300E-01
  5.230000E+03,  2.489198E-01,  2.440758E-01,  4.235000E+03,  6.508100E-01
  5.250000E+03,  2.454358E-01,  2.410572E-01,  4.237500E+03,  6.530500E-01
  5.270000E+03,  2.415330E-01,  2.374922E-01,  4.240000E+03,  6.552400E-01
  5.290000E+03,  2.388291E-01,  2.349744E-01,  4.242500E+03,  6.573800E-01
  5.310000E+03,  2.353721E-01,  2.319121E-01,  4.245000E+03,  6.594900E-01
  5.330000E+03,  2.323629E-01,  2.293957E-01,  4.247500E+03,  6.615800E-01
  5.350000E+03,  2.290196E-01,  2.263057E-01,  4.250000E+03,  6.637200E-01
  5.370000E+03,  2.261627E-01,  2.236002E-01,  4.252500E+03,  6.659200E-01
  5.390000E+03,  2.226090E-01,  2.203473E-01,  4.255000E+03,  6.681500E-01
  5.410000E+03,  2.198428E-01,  2.178730E-01,  4.257500E+03,  6.704200E-01
  5.430000E+03,  2.170492E-01,  2.150610E-01,  4.260000E+03,  6.727000E-01
  5.450000E+03,  2.138792E-01,  2.119692E-01,  4.262500E+03,  6.750100E-01
  5.470000E+03,  2.110987E-01,  2.096696E-01,  4.265000E+03,  6.773200E-01
  5.490000E+03,  2.084031E-01,  2.069630E-01,  4.267500E+03,  6.796200E-01
  5.510000E+03,  2.059284E-01,  2.045096E-01,  4.270000E+03,  6.818900E-01
  5.530000E+03,  2.028687E-01,  2.017529E-01,  4.272500E+03,  6.841100E-01
  5.550000E+03,  2.005837E-01,  1.995888E-01,  4.275000E+03,  6.862900E-01
  5.570000E+03,  1.978380E-01,  1.969338E-01,  4.277500E+03,  6.884300E-01
  5.590000E+03,  1.952443E-01,  1.942895E-01,  4.280000E+03,  6.905400E-01
  5.610000E+03,  1.927225E-01,  1.918668E-01,  4.282500E+03,  6.926000E-01
  5.630000E+03,  1.903724E-01,  1.896547E-01,  4.285000E+03,  6.946300E-01
  5.650000E+03,  1.873778E-01,  1.867632E-01,  4.287500E+03,  6.966500E-01
  5.670000E+03,  1.843337E-01,  1.838360E-01,  4.290000E+03,  6.986800E-01
  5.690000E+03,  1.810178E-01,  1.803752E-01,  4.292500E+03,  7.007300E-01
  5.710000E+03,  1.796643E-01,  1.790463E-01,  4.295000E+03,  7.027900E-01
  5.730000E+03,  1.777691E-01,  1.771558E-01,  4.297500E+03,  7.048300E-01
  5.750000E+03,  1.747430E-01,  1.741908E-01,  4.300000E+03,  7.068500E-01
  5.770000E+03,  1.735665E-01,  1.730562E-01,  4.302500E+03,  7.088200E-01
  5.790000E+03,  1.712204E-01,  1.708334E-01,  4.305000E+03,  7.107600E-01
  5.810000E+03,  1.690888E-01,  1.688419E-01,  4.307500E+03,  7.126800E-01
  5.830000E+03,  1.666022E-01,  1.663990E-01,  4.310000E+03,  7.145800E-01
  5.850000E+03,  1.648983E-01,  1.645553E-01,  4.312500E+03,  7.164700E-01
  5.870000E+03,  1.593623E-01,  1.591058E-01,  4.315000E+03,  7.183500E-01
  5.890000E+03,  1.599159E-01,  1.598040E-01,  4.317500E+03,  7.202300E-01
  5.910000E+03,  1.584540E-01,  1.582480E-01,  4.320000E+03,  7.221300E-01
  5.930000E+03,  1.563850E-01,  1.561223E-01,  4.322500E+03,  7.240700E-01
  5.950000E+03,  1.543985E-01,  1.541730E-01,  4.325000E+03,  7.260200E-01
  5.970000E+03,  1.533289E-01,  1.531066E-01,  4.327500E+03,  7.279800E-01
  5.990000E+03,  1.508234E-01,  1.504931E-01,  4.330000E+03,  7.299200E-01
  6.010000E+03,  1.493931E-01,  1.493543E-01,  4.332500E+03,  7.318400E-01
  6.030000E+03,  1.473003E-01,  1.470794E-01,  4.335000E+03,  7.337500E-01
  6.050000E+03,  1.456576E-01,  1.454217E-01,  4.337500E+03,  7.356400E-01
  6.070000E+03,  1.441065E-01,  1.438226E-01,  4.340000E+03,  7.375400E-01
  6.090000E+03,  1.423963E-01,  1.422539E-01,  4.342500E+03,  7.394500E-01
  6.110000E+03,  1.406642E-01,  1.406023E-01,  4.345000E+03,  7.413600E-01
  6.130000E+03,  1.390420E-01,  1.389197E-01,  4.347500E+03,  7.432400E-01
  6.150000E+03,  1.368419E-01,  1.367748E-01,  4.350000E+03,  7.451000E-01
  6.170000E+03,  1.353388E-01,  1.352332E-01,  4.352500E+03,  7.469500E-01
  6.190000E+03,  1.340145E-01,  1.338283E-01,  4.355000E+03,  7.487700E-01
  6.210000E+03,  1.325441E-01,  1.324262E-01,  4.357500E+03,  7.505300E-01
  6.230000E+03,  1.310054E-01,  1.308639E-01,  4.360000E+03,  7.522100E-01
  6.250000E+03,  1.292531E-01,  1.289752E-01,  4.362500E+03,  7.537900E-01
  6.270000E+03,  1.278104E-01,  1.275778E-01,  4.365000E+03,  7.553000E-01
  6.290000E+03,  1.264002E-01,  1.261550E-01,  4.367500E+03,  7.567700E-01
  6.310000E+03,  1.247563E-01,  1.244768E-01,  4.370000E+03,  7.582800E-01
  6.330000E+03,  1.234868E-01,  1.232436E-01,  4.372500E+03,  7.598400E-01
  6.350000E+03,  1.217753E-01,  1.214258E-01,  4.375000E+03,  7.614500E-01
  6.370000E+03,  1.206361E-01,  1.203502E-01,  4.377500E+03,  7.630400E-01
  6.390000E+03,  1.191998E-01,  1.188565E-01,  4.380000E+03,  7.646300E-01
  6.410000E+03,  1.178204E-01,  1.173998E-01,  4.382500E+03,  7.662200E-01
  6.430000E+03,  1.165590E-01,  1.162175E-01,  4.385000E+03,  7.677900E-01
  6.450000E+03,  1.151907E-01,  1.147046E-01,  4.387500E+03,  7.693600E-01
  6.470000E+03,  1.134364E-01,  1.130734E-01,  4.390000E+03,  7.709400E-01
  6.490000E+03,  1.122227E-01,  1.116885E-01,  4.392500E+03,  7.725300E-01
  6.510000E+03,  1.110710E-01,  1.105867E-01,  4.395000E+03,  7.741200E-01
  6.530000E+03,  1.095491E-01,  1.090495E-01,  4.397500E+03,  7.757200E-01
  6.550000E+03,  1.069963E-01,  1.063810E-01,  4.400000E+03,  7.773000E-01
  6.570000E+03,  9.675643E-02,  9.615266E-02,  4.402500E+03,  7.788500E-01
  6.590000E+03,  1.053969E-01,  1.047192E-01,  4.405000E+03,  7.803900E-01
  6.610000E+03,  1.049668E-01,  1.042961E-01,  4.407500E+03,  7.819300E-01
  6.630000E+03,  1.039161E-01,  1.031253E-01,  4.410000E+03,  7.834600E-01
  6.650000E+03,  1.025795E-01,  1.018194E-01,  4.412500E+03,  7.849900E-01
  6.670000E+03,  1.008278E-01,  1.001381E-01,  4.415000E+03,  7.865300E-01
  6.690000E+03,  9.975817E-02,  9.893716E-02,  4.417500E+03,  7.880800E-01
  6.710000E+03,  9.937868E-02,  9.851210E-02,  4.420000E+03,  7.896100E-01
  6.730000E+03,  9.797002E-02,  9.710984E-02,  4.422500E+03,  7.911700E-01
  6.750000E+03,  9.729639E-02,  9.633121E-02,  4.425000E+03,  7.927200E-01
  6.770000E+03,  9.624816E-02,  9.515286E-02,  4.427500E+03,  7.942700E-01
  6.790000E+03,  9.464243E-02,  9.356634E-02,  4.430000E+03,  7.957700E-01
  6.810000E+03,  9.404644E-02,  9.285299E-02,  4.432500E+03,  7.972300E-01
  6.830000E+03,  9.289536E-02,  9.159204E-02,  4.435000E+03,  7.986600E-01
  6.850000E+03,  9.207313E-02,  9.070677E-02,  4.437500E+03,  8.000700E-01
  6.870000E+03,  9.104956E-02,  8.960733E-02,  4.440000E+03,  8.015100E-01
  6.890000E+03,  8.989079E-02,  8.843546E-02,  4.442500E+03,  8.029500E-01
  6.910000E+03,  8.870743E-02,  8.715948E-02,  4.445000E+03,  8.044200E-01
  6.930000E+03,  8.819317E-02,  8.649810E-02,  4.447500E+03,  8.058600E-01
  6.950000E+03,  8.727467E-02,  8.552394E-02,  4.450000E+03,  8.072800E-01
  6.970000E+03,  8.634419E-02,  8.453787E-02,  4.452500E+03,  8.086400E-01
  6.990000E+03,  8.540079E-02,  8.356468E-02,  4.455000E+03,  8.099600E-01
  7.010000E+03,  8.447958E-02,  8.255260E-02,  4.457500E+03,  8.112400E-01
  7.030000E+03,  8.354821E-02,  8.135758E-02,  4.460000E+03,  8.124800E-01
  7.050000E+03,  8.270125E-02,  8.053200E-02,  4.462500E+03,  8.136900E-01
  7.070000E+03,  8.068306E-02,  7.840619E-02,  4.465000E+03,  8.148500E-01
  7.090000E+03,  8.098895E-02,  7.849530E-02,  4.467500E+03,  8.160100E-01
  7.110000E+03,  7.970658E-02,  7.717669E-02,  4.470000E+03,  8.172300E-01
  7.130000E+03,  7.894088E-02,  7.630110E-02,  4.472500E+03,  8.185400E-01
  7.150000E+03,  7.847204E-02,  7.566352E-02,  4.475000E+03,  8.198800E-01
  7.170000E+03,  7.765533E-02,  7.476267E-02,  4.477500E+03,  8.212500E-01
  7.190000E+03,  7.688071E-02,  7.378933E-02,  4.480000E+03,  8.226300E-01
  7.210000E+03,  7.608179E-02,  7.286200E-02,  4.482500E+03,  8.240300E-01
  7.230000E+03,  7.441386E-02,  7.103621E-02,  4.485000E+03,  8.254300E-01
  7.250000E+03,  7.428055E-02,  7.078045E-02,  4.487500E+03,  8.267900E-01
  7.270000E+03,  7.374575E-02,  7.016687E-02,  4.490000E+03,  8.280900E-01
  7.290000E+03,  7.245701E-02,  6.867331E-02,  4.492500E+03,  8.292800E-01
  7.310000E+03,  7.222853E-02,  6.830941E-02,  4.495000E+03,  8.303800E-01
  7.330000E+03,  7.148068E-02,  6.741843E-02,  4.497500E+03,  8.314500E-01
  7.350000E+03,  7.077172E-02,  6.654878E-02,  4.500000E+03,  8.324900E-01
  7.370000E+03,  7.007361E-02,  6.558399E-02,  4.502500E+03,  8.335200E-01
  7.390000E+03,  6.936499E-02,  6.479730E-02,  4.505000E+03,  8.345200E-01
  7.410000E+03,  6.866793E-02,  6.386667E-02,  4.507500E+03,  8.355600E-01
  7.430000E+03,  6.795731E-02,  6.296857E-02,  4.510000E+03,  8.366600E-01
  7.450000E+03,  6.727532E-02,  6.209243E-02,  4.512500E+03,  8.379100E-01
  7.470000E+03,  6.614034E-02,  6.073866E-02,  4.515000E+03,  8.392200E-01
  7.490000E+03,  6.586940E-02,  6.029948E-02,  4.517500E+03,  8.405200E-01
  7.510000E+03,  6.526280E-02,  5.948052E-02,  4.520000E+03,  8.417900E-01
  7.530000E+03,  6.456146E-02,  5.853723E-02,  4.522500E+03,  8.430000E-01
  7.550000E+03,  6.400756E-02,  5.783404E-02,  4.525000E+03,  8.441500E-01
  7.570000E+03,  6.337454E-02,  5.699082E-02,  4.527500E+03,  8.452600E-01
  7.590000E+03,  6.272139E-02,  5.612624E-02,  4.530000E+03,  8.463300E-01
  7.610000E+03,  6.196900E-02,  5.511338E-02,  4.532500E+03,  8.473500E-01
  7.630000E+03,  6.150176E-02,  5.445981E-02,  4.535000E+03,  8.483400E-01
  7.650000E+03,  6.088390E-02,  5.365029E-02,  4.537500E+03,  8.493200E-01
  7.670000E+03,  6.032464E-02,  5.278044E-02,  4.540000E+03,  8.503200E-01
  7.690000E+03,  5.971182E-02,  5.192957E-02,  4.542500E+03,  8.513800E-01
  7.710000E+03,  5.913120E-02,  5.113844E-02,  4.545000E+03,  8.524600E-01
  7.730000E+03,  5.849881E-02,  5.025048E-02,  4.547500E+03,  8.535600E-01
  7.750000E+03,  5.800880E-02,  4.955517E-02,  4.550000E+03,  8.546600E-01
  7.770000E+03,  5.731057E-02,  4.855294E-02,  4.552500E+03,  8.557500E-01
  7.790000E+03,  5.690368E-02,  4.797265E-02,  4.555000E+03,  8.568200E-01
  7.810000E+03,  5.633072E-02,  4.706262E-02,  4.557500E+03,  8.578700E-01
  7.830000E+03,  5.582085E-02,  4.638880E-02,  4.560000E+03,  8.588700E-01
  7.850000E+03,  5.530912E-02,  4.552328E-02,  4.562500E+03,  8.598000E-01
  7.870000E+03,  5.463807E-02,  4.463056E-02,  4.565000E+03,  8.606900E-01
  7.890000E+03,  5.403678E-02,  4.382707E-02,  4.567500E+03,  8.615500E-01
  7.910000E+03,  5.369625E-02,  4.318252E-02,  4.570000E+03,  8.624300E-01
  7.930000E+03,  5.316001E-02,  4.243923E-02,  4.572500E+03,  8.633400E-01
  7.950000E+03,  5.266128E-02,  4.161926E-02,  4.575000E+03,  8.642600E-01
  7.970000E+03,  5.212232E-02,  4.083106E-02,  4.577500E+03,  8.652000E-01
  7.990000E+03,  5.164761E-02,  4.007803E-02,  4.580000E+03,  8.661700E-01
  8.010000E+03,  5.115477E-02,  3.927970E-02,  4.582500E+03,  8.671900E-01
  8.030000E+03,  5.068618E-02,  3.859448E-02,  4.585000E+03,  8.682200E-01
  8.050000E+03,  5.025350E-02,  3.784892E-02,  4.587500E+03,  8.692600E-01
  8.070000E+03,  4.979708E-02,  3.710978E-02,  4.590000E+03,  8.702500E-01
  8.090000E+03,  4.927658E-02,  3.634295E-02,  4.592500E+03,  8.711800E-01
  8.110000E+03,  4.848617E-02,  3.538909E-02,  4.595000E+03,  8.720700E-01
  8.130000E+03,  4.843472E-02,  3.501927E-02,  4.597500E+03,  8.729500E-01
  8.150000E+03,  4.792786E-02,  3.426219E-02,  4.600000E+03,  8.738300E-01
  8.170000E+03,  4.757027E-02,  3.354894E-02,  4.602500E+03,  8.747100E-01
  8.190000E+03,  4.682210E-02,  3.263641E-02,  4.605000E+03,  8.756100E-01
  8.210000E+03,  4.644576E-02,  3.194678E-02,  4.607500E+03,  8.764900E-01
  8.230000E+03,  4.599397E-02,  3.126578E-02,  4.610000E+03,  8.773600E-01
  8.250000E+03,  4.580458E-02,  3.072067E-02,  4.612500E+03,  8.782100E-01
  8.270000E+03,  4.485218E-02,  2.969349E-02,  4.615000E+03,  8.790500E-01
  8.290000E+03,  4.488392E-02,  2.929304E-02,  4.617500E+03,  8.798600E-01
  8.310000E+03,  4.454247E-02,  2.872054E-02,  4.620000E+03,  8.806400E-01
  8.330000E+03,  4.414559E-02,  2.808145E-02,  4.622500E+03,  8.813900E-01
  8.350000E+03,  4.354606E-02,  2.734693E-02,  4.625000E+03,  8.821100E-01
  8.370000E+03,  4.320699E-02,  2.667168E-02,  4.627500E+03,  8.828200E-01
  8.390000E+03,  4.292705E-02,  2.611295E-02,  4.630000E+03,  8.835500E-01
  8.410000E+03,  4.248673E-02,  2.542321E-02,  4.632500E+03,  8.843100E-01
  8.430000E+03,  4.211428E-02,  2.482553E-02,  4.635000E+03,  8.850900E-01
  8.450000E+03,  4.147887E-02,  2.409176E-02,  4.637500E+03,  8.859000E-01
  8.470000E+03,  4.125382E-02,  2.350354E-02,  4.640000E+03,  8.867500E-01
  8.490000E+03,  4.099517E-02,  2.297164E-02,  4.642500E+03,  8.876400E-01
  8.510000E+03,  4.032768E-02,  2.219353E-02,  4.645000E+03,  8.885800E-01
  8.530000E+03,  4.038881E-02,  2.181965E-02,  4.647500E+03,  8.895200E-01
  8.550000E+03,  3.923644E-02,  2.085691E-02,  4.650000E+03,  8.904300E-01
  8.570000E+03,  4.008449E-02,  2.094575E-02,  4.652500E+03,  8.913100E-01
  8.590000E+03,  3.851927E-02,  1.968142E-02,  4.655000E+03,  8.921600E-01
  8.610000E+03,  3.826981E-02,  1.920226E-02,  4.657500E+03,  8.929600E-01
  8.630000E+03,  3.932327E-02,  1.940250E-02,  4.660000E+03,  8.937000E-01
  8.650000E+03,  3.837548E-02,  1.850082E-02,  4.662500E+03,  8.943600E-01
  8.670000E+03,  3.599939E-02,  1.700971E-02,  4.665000E+03,  8.949600E-01
  8.690000E+03,  3.835353E-02,  1.773774E-02,  4.667500E+03,  8.955300E-01
  8.710000E+03,  3.830546E-02,  1.733935E-02,  4.670000E+03,  8.960900E-01
  8.730000E+03,  3.739339E-02,  1.662286E-02,  4.672500E+03,  8.966500E-01
  8.750000E+03,  3.425500E-02,  1.487660E-02,  4.675000E+03,  8.972200E-01
  8.770000E+03,  3.646504E-02,  1.547832E-02,  4.677500E+03,  8.978200E-01
  8.790000E+03,  3.705990E-02,  1.532538E-02,  4.680000E+03,  8.985100E-01
  8.810000E+03,  3.682873E-02,  1.489022E-02,  4.682500E+03,  8.992700E-01
  8.830000E+03,  3.637448E-02,  1.435992E-02,  4.685000E+03,  9.001200E-01
  8.850000E+03,  3.480610E-02,  1.338469E-02,  4.687500E+03,  9.009800E-01
  8.870000E+03,  3.246012E-02,  1.218845E-02,  4.690000E+03,  9.017800E-01
  8.890000E+03,  3.534227E-02,  1.295789E-02,  4.692500E+03,  9.024900E-01
  8.910000E+03,  3.527149E-02,  1.257993E-02,  4.695000E+03,  9.031300E-01
  8.930000E+03,  3.497025E-02,  1.211929E-02,  4.697500E+03,  9.037500E-01
  8.950000E+03,  3.476180E-02,  1.173732E-02,  4.700000E+03,  9.043200E-01
  8.970000E+03,  3.444911E-02,  1.133031E-02,  4.702500E+03,  9.048400E-01
  8.990000E+03,  3.373748E-02,  1.075348E-02,  4.705000E+03,  9.053400E-01
  9.010000E+03,  3.071823E-02,  9.523573E-03,  4.707500E+03,  9.058700E-01
  9.030000E+03,  3.211058E-02,  9.655971E-03,  4.710000E+03,  9.064600E-01
  9.050000E+03,  3.319432E-02,  9.690751E-03,  4.712500E+03,  9.072000E-01
  9.070000E+03,  3.278215E-02,  9.281939E-03,  4.715000E+03,  9.080100E-01
  9.090000E+03,  3.266872E-02,  8.982918E-03,  4.717500E+03,  9.088300E-01
  9.110000E+03,  3.251086E-02,  8.635861E-03,  4.720000E+03,  9.096200E-01
  9.130000E+03,  3.225267E-02,  8.286679E-03,  4.722500E+03,  9.103700E-01
  9.150000E+03,  3.199019E-02,  7.971955E-03,  4.725000E+03,  9.110500E-01
  9.170000E+03,  3.164152E-02,  7.626239E-03,  4.727500E+03,  9.117100E-01
  9.190000E+03,  3.137201E-02,  7.283953E-03,  4.730000E+03,  9.123000E-01
  9.210000E+03,  3.038935E-02,  6.825449E-03,  4.732500E+03,  9.128400E-01
  9.230000E+03,  2.740034E-02,  5.932174E-03,  4.735000E+03,  9.133400E-01
  9.250000E+03,  2.994884E-02,  6.245232E-03,  4.737500E+03,  9.138200E-01
  9.270000E+03,  3.022102E-02,  6.070194E-03,  4.740000E+03,  9.143100E-01
  9.290000E+03,  3.014863E-02,  5.842805E-03,  4.742500E+03,  9.148300E-01
  9.310000E+03,  2.979000E-02,  5.554345E-03,  4.745000E+03,  9.153600E-01
  9.330000E+03,  2.954781E-02,  5.297922E-03,  4.747500E+03,  9.159300E-01
  9.350000E+03,  2.940341E-02,  5.063267E-03,  4.750000E+03,  9.165100E-01
  9.370000E+03,  2.918312E-02,  4.830098E-03,  4.752500E+03,  9.171200E-01
  9.390000E+03,  2.896026E-02,  4.589622E-03,  4.755000E+03,  9.177700E-01
  9.410000E+03,  2.869453E-02,  4.360708E-03,  4.757500E+03,  9.184300E-01
  9.430000E+03,  2.847613E-02,  4.144417E-03,  4.760000E+03,  9.191200E-01
  9.450000E+03,  2.823797E-02,  3.933832E-03,  4.762500E+03,  9.198200E-01
  9.470000E+03,  2.790267E-02,  3.712171E-03,  4.765000E+03,  9.205200E-01
  9.490000E+03,  2.775393E-02,  3.530578E-03,  4.767500E+03,  9.212200E-01
  9.510000E+03,  2.728769E-02,  3.317638E-03,  4.770000E+03,  9.218800E-01
  9.530000E+03,  2.652434E-02,  3.081332E-03,  4.772500E+03,  9.224900E-01
  9.550000E+03,  2.407846E-02,  2.664522E-03,  4.775000E+03,  9.230700E-01
  9.570000E+03,  2.651928E-02,  2.789032E-03,  4.777500E+03,  9.236000E-01
  9.590000E+03,  2.666506E-02,  2.672906E-03,  4.780000E+03,  9.240800E-01
  9.610000E+03,  2.638380E-02,  2.509100E-03,  4.782500E+03,  9.245300E-01
  9.630000E+03,  2.610793E-02,  2.352585E-03,  4.785000E+03,  9.249400E-01
  9.650000E+03,  2.610354E-02,  2.232635E-03,  4.787500E+03,  9.253200E-01
  9.670000E+03,  2.589912E-02,  2.102231E-03,  4.790000E+03,  9.256900E-01
  9.690000E+03,  2.567200E-02,  1.967759E-03,  4.792500E+03,  9.260400E-01
  9.710000E+03,  2.532640E-02,  1.831352E-03,  4.795000E+03,  9.263800E-01
  9.730000E+03,  2.527530E-02,  1.727061E-03,  4.797500E+03,  9.267800E-01
  9.750000E+03,  2.508963E-02,  1.621794E-03,  4.800000E+03,  9.272900E-01
  9.770000E+03,  2.489556E-02,  1.512654E-03,  4.802500E+03,  9.279500E-01
  9.790000E+03,  2.469780E-02,  1.408762E-03,  4.805000E+03,  9.287200E-01
  9.810000E+03,  2.445899E-02,  1.310757E-03,  4.807500E+03,  9.295000E-01
  9.830000E+03,  2.431282E-02,  1.223907E-03,  4.810000E+03,  9.301700E-01
  9.850000E+03,  2.410433E-02,  1.137001E-03,  4.812500E+03,  9.306700E-01
  9.870000E+03,  2.392340E-02,  1.052869E-03,  4.815000E+03,  9.310600E-01
  9.890000E+03,  2.368355E-02,  9.736310E-04,  4.817500E+03,  9.313700E-01
  9.910000E+03,  2.343375E-02,  8.993874E-04,  4.820000E+03,  9.316700E-01
  9.930000E+03,  2.338272E-02,  8.342955E-04,  4.822500E+03,  9.319100E-01
  9.950000E+03,  2.319918E-02,  7.669650E-04,  4.825000E+03,  9.321400E-01
  9.970000E+03,  2.301314E-02,  7.042020E-04,  4.827500E+03,  9.323600E-01
  9.990000E+03,  2.284080E-02,  6.489070E-04,  4.830000E+03,  9.326300E-01
  1.002500E+04,  2.192008E-02,  5.398917E-04,  4.832500E+03,  9.329700E-01
  1.007500E+04,  2.121880E-02,  4.235273E-04,  4.835000E+03,  9.333600E-01
  1.012500E+04,  2.161929E-02,  3.439629E-04,  4.837500E+03,  9.337800E-01
  1.017500E+04,  2.130533E-02,  2.690863E-04,  4.840000E+03,  9.342400E-01
  1.022500E+04,  2.089551E-02,  2.060297E-04,  4.842500E+03,  9.347400E-01
  1.027500E+04,  2.051627E-02,  1.573598E-04,  4.845000E+03,  9.352700E-01
  1.032500E+04,  2.007273E-02,  1.180276E-04,  4.847500E+03,  9.358200E-01
  1.037500E+04,  1.976949E-02,  8.797425E-05,  4.850000E+03,  9.363600E-01
  1.042500E+04,  1.940794E-02,  6.443435E-05,  4.852500E+03,  9.368900E-01
  1.047500E+04,  1.905559E-02,  4.554287E-05,  4.855000E+03,  9.374100E-01
  1.052500E+04,  1.870061E-02,  3.179104E-05,  4.857500E+03,  9.379300E-01
  1.057500E+04,  1.836997E-02,  2.130917E-05,  4.860000E+03,  9.384500E-01
  1.062500E+04,  1.803899E-02,  1.407041E-05,  4.862500E+03,  9.389700E-01
  1.067500E+04,  1.769071E-02,  9.376078E-06,  4.865000E+03,  9.395000E-01
  1.072500E+04,  1.740177E-02,  6.264638E-06,  4.867500E+03,  9.400000E-01
  1.077500E+04,  1.708992E-02,  4.101580E-06,  4.870000E+03,  9.404800E-01
  1.082500E+04,  1.661725E-02,  2.492587E-06,  4.872500E+03,  9.409100E-01
  1.087500E+04,  1.647964E-02,  1.483168E-06,  4.875000E+03,  9.413000E-01
  1.092500E+04,  1.524590E-02,  1.372131E-06,  4.877500E+03,  9.416700E-01
  1.097500E+04,  1.573001E-02,  1.415701E-06,  4.880000E+03,  9.420500E-01
  1.102500E+04,  1.556672E-02,  1.401005E-06,  4.882500E+03,  9.424200E-01
  1.107500E+04,  1.537141E-02,  1.383427E-06,  4.885000E+03,  9.428100E-01
  1.112500E+04,  1.510672E-02,  1.359605E-06,  4.887500E+03,  9.431900E-01
  1.117500E+04,  1.485254E-02,  1.336728E-06,  4.890000E+03,  9.435800E-01
  1.122500E+04,  1.459344E-02,  1.313410E-06,  4.892500E+03,  9.440000E-01
  1.127500E+04,  1.434097E-02,  1.290687E-06,  4.895000E+03,  9.444100E-01
  1.132500E+04,  1.407267E-02,  1.266540E-06,  4.897500E+03,  9.448300E-01
  1.137500E+04,  1.386308E-02,  1.247677E-06,  4.900000E+03,  9.452300E-01
  1.142500E+04,  1.362842E-02,  1.226558E-06,  4.902500E+03,  9.456200E-01
  1.147500E+04,  1.340524E-02,  1.206472E-06,  4.905000E+03,  9.459900E-01
  1.152500E+04,  1.318676E-02,  1.186809E-06,  4.907500E+03,  9.463400E-01
  1.157500E+04,  1.296211E-02,  1.166590E-06,  4.910000E+03,  9.466500E-01
  1.162500E+04,  1.274749E-02,  1.147274E-06,  4.912500E+03,  9.469100E-01
  1.167500E+04,  1.252348E-02,  1.127114E-06,  4.915000E+03,  9.471300E-01
  1.172500E+04,  1.233976E-02,  1.110579E-06,  4.917500E+03,  9.473600E-01
  1.177500E+04,  1.213647E-02,  1.092282E-06,  4.920000E+03,  9.476200E-01
  1.182500E+04,  1.193832E-02,  1.074449E-06,  4.922500E+03,  9.479200E-01
  1.187500E+04,  1.174856E-02,  1.057371E-06,  4.925000E+03,  9.482600E-01
  1.192500E+04,  1.155819E-02,  1.040237E-06,  4.927500E+03,  9.486500E-01
  1.197500E+04,  1.129009E-02,  1.016108E-06,  4.930000E+03,  9.490500E-01
  1.202500E+04,  1.119101E-02,  1.007191E-06,  4.932500E+03,  9.494900E-01
  1.207500E+04,  1.101342E-02,  9.912077E-07,  4.935000E+03,  9.499600E-01
  1.212500E+04,  1.083750E-02,  9.753747E-07,  4.937500E+03,  9.504600E-01
  1.217500E+04,  1.066651E-02,  9.599858E-07,  4.940000E+03,  9.510000E-01
  1.222500E+04,  1.049835E-02,  9.448516E-07,  4.942500E+03,  9.515800E-01
  1.227500E+04,  1.033476E-02,  9.301283E-07,  4.945000E+03,  9.521900E-01
  1.232500E+04,  1.016953E-02,  9.152573E-07,  4.947500E+03,  9.528000E-01
  1.237500E+04,  1.001154E-02,  9.010383E-07,  4.950000E+03,  9.533400E-01
  1.242500E+04,  9.860222E-03,  8.874200E-07,  4.952500E+03,  9.537700E-01
  1.247500E+04,  9.697172E-03,  8.727454E-07,  4.955000E+03,  9.541400E-01
  1.252500E+04,  9.528725E-03,  8.575852E-07,  4.957500E+03,  9.544800E-01
  1.257500E+04,  9.401726E-03,  8.461553E-07,  4.960000E+03,  9.548000E-01
  1.262500E+04,  9.259249E-03,  8.333324E-07,  4.962500E+03,  9.551200E-01
  1.267500E+04,  9.127222E-03,  8.214500E-07,  4.965000E+03,  9.554300E-01
  1.272500E+04,  8.989241E-03,  8.090317E-07,  4.967500E+03,  9.557300E-01
  1.277500E+04,  8.740840E-03,  7.866756E-07,  4.970000E+03,  9.560300E-01
  1.282500E+04,  8.216749E-03,  7.395074E-07,  4.972500E+03,  9.563500E-01
  1.287500E+04,  8.566563E-03,  7.709907E-07,  4.975000E+03,  9.566700E-01
  1.292500E+04,  8.461127E-03,  7.615014E-07,  4.977500E+03,  9.569500E-01
  1.297500E+04,  8.286859E-03,  7.458173E-07,  4.980000E+03,  9.571700E-01
  1.302500E+04,  8.203057E-03,  7.382752E-07,  4.982500E+03,  9.573200E-01
  1.307500E+04,  8.091561E-03,  7.282405E-07,  4.985000E+03,  9.574000E-01
  1.312500E+04,  7.972911E-03,  7.175620E-07,  4.987500E+03,  9.574600E-01
  1.317500E+04,  7.855310E-03,  7.069779E-07,  4.990000E+03,  9.575500E-01
  1.322500E+04,  7.741264E-03,  6.967138E-07,  4.992500E+03,  9.576900E-01
  1.327500E+04,  7.628821E-03,  6.865939E-07,  4.995000E+03,  9.578600E-01
  1.332500E+04,  7.515334E-03,  6.763801E-07,  4.997500E+03,  9.580700E-01
  1.337500E+04,  7.400463E-03,  6.660417E-07,  5.000000E+03,  9.583100E-01
  1.342500E+04,  7.292903E-03,  6.563613E-07,  5.002500E+03,  9.585900E-01
  1.347500E+04,  7.196099E-03,  6.476489E-07,  5.005000E+03,  9.588900E-01
  1.352500E+04,  7.085648E-03,  6.377083E-07,  5.007500E+03,  9.592400E-01
  1.357500E+04,  6.991628E-03,  6.292465E-07,  5.010000E+03,  9.596800E-01
  1.362500E+04,  6.883579E-03,  6.195221E-07,  5.012500E+03,  9.602200E-01
  1.367500E+04,  6.795641E-03,  6.116077E-07,  5.015000E+03,  9.608300E-01
  1.372500E+04,  6.693015E-03,  6.023714E-07,  5.017500E+03,  9.614000E-01
  1.377500E+04,  6.607832E-03,  5.947049E-07,  5.020000E+03,  9.618700E-01
  1.382500E+04,  6.515777E-03,  5.864199E-07,  5.022500E+03,  9.622000E-01
  1.387500E+04,  6.423889E-03,  5.781500E-07,  5.025000E+03,  9.624000E-01
  1.392500E+04,  6.327313E-03,  5.694582E-07,  5.027500E+03,  9.625400E-01
  1.397500E+04,  6.246133E-03,  5.621520E-07,  5.030000E+03,  9.626800E-01
  1.402500E+04,  6.154987E-03,  5.539489E-07,  5.032500E+03,  9.628400E-01
  1.407500E+04,  6.076807E-03,  5.469126E-07,  5.035000E+03,  9.630200E-01
  1.412500E+04,  5.991798E-03,  5.392618E-07,  5.037500E+03,  9.632100E-01
  1.417500E+04,  5.911407E-03,  5.320267E-07,  5.040000E+03,  9.634400E-01
  1.422500E+04,  5.831443E-03,  5.248299E-07,  5.042500E+03,  9.637400E-01
  1.427500E+04,  5.751277E-03,  5.176149E-07,  5.045000E+03,  9.640800E-01
  1.432500E+04,  5.674114E-03,  5.106703E-07,  5.047500E+03,  9.644300E-01
  1.437500E+04,  5.597216E-03,  5.037494E-07,  5.050000E+03,  9.647600E-01
  1.442500E+04,  5.523574E-03,  4.971217E-07,  5.052500E+03,  9.650300E-01
  1.447500E+04,  5.449048E-03,  4.904143E-07,  5.055000E+03,  9.652800E-01
  1.452500E+04,  5.375869E-03,  4.838282E-07,  5.057500E+03,  9.655600E-01
  1.457000E+04,  5.311632E-03,  4.780469E-07,  5.060000E+03,  9.658800E-01
  1.462000E+04,  5.242072E-03,  4.717865E-07,  5.062500E+03,  9.662600E-01
  1.467500E+04,  5.166317E-03,  4.649685E-07,  5.065000E+03,  9.667100E-01
  1.472500E+04,  5.098468E-03,  4.588622E-07,  5.067500E+03,  9.671500E-01
  1.477500E+04,  5.030389E-03,  4.527350E-07,  5.070000E+03,  9.675100E-01
  1.482500E+04,  4.966374E-03,  4.469737E-07,  5.072500E+03,  9.677800E-01
  1.487500E+04,  4.902013E-03,  4.411811E-07,  5.075000E+03,  9.679800E-01
  1.492500E+04,  4.838188E-03,  4.354369E-07,  5.077500E+03,  9.681200E-01
  1.497500E+04,  4.775798E-03,  4.298218E-07,  5.080000E+03,  9.682100E-01
  1.502500E+04,  4.712147E-03,  4.240932E-07,  5.082500E+03,  9.682500E-01
  1.507500E+04,  4.645864E-03,  4.181278E-07,  5.085000E+03,  9.682500E-01
  1.512500E+04,  4.593395E-03,  4.134055E-07,  5.087500E+03,  9.682600E-01
  1.517500E+04,  4.533923E-03,  4.080531E-07,  5.090000E+03,  9.683800E-01
  1.522500E+04,  4.476542E-03,  4.028888E-07,  5.092500E+03,  9.686600E-01
  1.527500E+04,  4.416429E-03,  3.974786E-07,  5.095000E+03,  9.690500E-01
  1.532500E+04,  4.359336E-03,  3.923402E-07,  5.097500E+03,  9.694700E-01
  1.537500E+04,  4.308401E-03,  3.877561E-07,  5.100000E+03,  9.699000E-01
  1.542500E+04,  4.243135E-03,  3.818821E-07,  5.102500E+03,  9.703300E-01
  1.547500E+04,  4.201074E-03,  3.780967E-07,  5.105000E+03,  9.707500E-01
  1.552500E+04,  4.148271E-03,  3.733444E-07,  5.107500E+03,  9.711300E-01
  1.557500E+04,  4.071607E-03,  3.664447E-07,  5.110000E+03,  9.714600E-01
  1.562500E+04,  4.058116E-03,  3.652304E-07,  5.112500E+03,  9.717000E-01
  1.567500E+04,  3.983786E-03,  3.585408E-07,  5.115000E+03,  9.718900E-01
  1.572500E+04,  3.911466E-03,  3.520320E-07,  5.117500E+03,  9.720000E-01
  1.577500E+04,  3.914659E-03,  3.523193E-07,  5.120000E+03,  9.720500E-01
  1.582500E+04,  3.864570E-03,  3.478113E-07,  5.122500E+03,  9.720200E-01
  1.587500E+04,  3.726153E-03,  3.353538E-07,  5.125000E+03,  9.719200E-01
  1.592500E+04,  3.757644E-03,  3.381880E-07,  5.127500E+03,  9.718700E-01
  1.597500E+04,  3.733179E-03,  3.359861E-07,  5.130000E+03,  9.719600E-01
  1.605000E+04,  3.652480E-03,  3.287232E-07,  5.132500E+03,  9.723100E-01
  1.615000E+04,  3.512706E-03,  3.161435E-07,  5.135000E+03,  9.728000E-01
  1.625000E+04,  3.501434E-03,  3.151291E-07,  5.137500E+03,  9.733200E-01
  1.635000E+04,  3.395162E-03,  3.055646E-07,  5.140000E+03,  9.737600E-01
  1.645000E+04,  3.259486E-03,  2.933537E-07,  5.142500E+03,  9.741100E-01
  1.655000E+04,  3.260307E-03,  2.934276E-07,  5.145000E+03,  9.743400E-01
  1.665000E+04,  3.184309E-03,  2.865878E-07,  5.147500E+03,  9.745400E-01
  1.675000E+04,  3.086247E-03,  2.777622E-07,  5.150000E+03,  9.746800E-01
  1.685000E+04,  2.960364E-03,  2.664327E-07,  5.152500E+03,  9.747900E-01
  1.695000E+04,  2.968792E-03,  2.671913E-07,  5.155000E+03,  9.748600E-01
  1.705000E+04,  2.887136E-03,  2.598422E-07,  5.157500E+03,  9.749200E-01
  1.715000E+04,  2.835601E-03,  2.552041E-07,  5.160000E+03,  9.750100E-01
  1.725000E+04,  2.771882E-03,  2.494694E-07,  5.162500E+03,  9.751400E-01
  1.735000E+04,  2.620607E-03,  2.358547E-07,  5.165000E+03,  9.753100E-01
  1.745000E+04,  2.644152E-03,  2.379737E-07,  5.167500E+03,  9.754900E-01
  1.755000E+04,  2.591236E-03,  2.332112E-07,  5.170000E+03,  9.756400E-01
  1.765000E+04,  2.534267E-03,  2.280840E-07,  5.172500E+03,  9.757500E-01
  1.775000E+04,  2.478239E-03,  2.230415E-07,  5.175000E+03,  9.758300E-01
  1.785000E+04,  2.422570E-03,  2.180313E-07,  5.177500E+03,  9.759400E-01
  1.795000E+04,  2.372065E-03,  2.134858E-07,  5.180000E+03,  9.761000E-01
  1.805000E+04,  2.319755E-03,  2.087780E-07,  5.182500E+03,  9.763200E-01
  1.815000E+04,  2.197658E-03,  1.977892E-07,  5.185000E+03,  9.765800E-01
  1.825000E+04,  2.211698E-03,  1.990528E-07,  5.187500E+03,  9.769100E-01
  1.835000E+04,  2.175119E-03,  1.957607E-07,  5.190000E+03,  9.772700E-01
  1.845000E+04,  2.129219E-03,  1.916297E-07,  5.192500E+03,  9.776900E-01
  1.855000E+04,  2.081875E-03,  1.873687E-07,  5.195000E+03,  9.781500E-01
  1.865000E+04,  2.027637E-03,  1.824874E-07,  5.197500E+03,  9.786000E-01
  1.875000E+04,  1.932714E-03,  1.739443E-07,  5.200000E+03,  9.790000E-01
  1.885000E+04,  1.957133E-03,  1.761420E-07,  5.202500E+03,  9.793300E-01
  1.895000E+04,  1.916502E-03,  1.724852E-07,  5.205000E+03,  9.796200E-01
  1.905000E+04,  1.872135E-03,  1.684922E-07,  5.207500E+03,  9.798500E-01
  1.915000E+04,  1.839919E-03,  1.655927E-07,  5.210000E+03,  9.800300E-01
  1.925000E+04,  1.802797E-03,  1.622517E-07,  5.212500E+03,  9.801700E-01
  1.935000E+04,  1.764879E-03,  1.588391E-07,  5.215000E+03,  9.802800E-01
  1.945000E+04,  1.666323E-03,  1.499691E-07,  5.217500E+03,  9.803500E-01
  1.955000E+04,  1.692704E-03,  1.523434E-07,  5.220000E+03,  9.803900E-01
  1.965000E+04,  1.662817E-03,  1.496535E-07,  5.222500E+03,  9.804200E-01
  1.975000E+04,  1.630042E-03,  1.467038E-07,  5.225000E+03,  9.804500E-01
  1.985000E+04,  1.597961E-03,  1.438165E-07,  5.227500E+03,  9.804700E-01
  1.995000E+04,  1.566684E-03,  1.410016E-07,  5.230000E+03,  9.805400E-01
  2.005000E+04,  1.536118E-03,  1.382506E-07,  5.232500E+03,  9.806500E-01
  2.015000E+04,  1.506370E-03,  1.355733E-07,  5.235000E+03,  9.808000E-01
  2.025000E+04,  1.477338E-03,  1.329605E-07,  5.237500E+03,  9.809800E-01
  2.035000E+04,  1.449023E-03,  1.304120E-07,  5.240000E+03,  9.811800E-01
  2.045000E+04,  1.420786E-03,  1.278707E-07,  5.242500E+03,  9.814200E-01
  2.055000E+04,  1.390737E-03,  1.251664E-07,  5.245000E+03,  9.816800E-01
  2.065000E+04,  1.367899E-03,  1.231109E-07,  5.247500E+03,  9.819400E-01
  2.075000E+04,  1.341680E-03,  1.207512E-07,  5.250000E+03,  9.821600E-01
  2.085000E+04,  1.316881E-03,  1.185193E-07,  5.252500E+03,  9.823400E-01
  2.095000E+04,  1.292043E-03,  1.162838E-07,  5.255000E+03,  9.824700E-01
  2.105000E+04,  1.267838E-03,  1.141055E-07,  5.257500E+03,  9.825900E-01
  2.115000E+04,  1.239703E-03,  1.115733E-07,  5.260000E+03,  9.827200E-01
  2.125000E+04,  1.222000E-03,  1.099800E-07,  5.262500E+03,  9.828500E-01
  2.135000E+04,  1.199527E-03,  1.079575E-07,  5.265000E+03,  9.830000E-01
  2.145000E+04,  1.177257E-03,  1.059532E-07,  5.267500E+03,  9.831400E-01
  2.155000E+04,  1.155332E-03,  1.039798E-07,  5.270000E+03,  9.832700E-01
  2.165000E+04,  1.091119E-03,  9.820075E-08,  5.272500E+03,  9.833900E-01
  2.175000E+04,  1.112719E-03,  1.001447E-07,  5.275000E+03,  9.834900E-01
  2.185000E+04,  1.094323E-03,  9.848904E-08,  5.277500E+03,  9.835900E-01
  2.195000E+04,  1.075419E-03,  9.678775E-08,  5.280000E+03,  9.836700E-01
  2.205000E+04,  1.056396E-03,  9.507562E-08,  5.282500E+03,  9.837300E-01
  2.215000E+04,  1.037695E-03,  9.339258E-08,  5.285000E+03,  9.837800E-01
  2.225000E+04,  1.019122E-03,  9.172097E-08,  5.287500E+03,  9.838200E-01
  2.235000E+04,  1.001544E-03,  9.013895E-08,  5.290000E+03,  9.838600E-01
  2.245000E+04,  9.840304E-04,  8.856274E-08,  5.292500E+03,  9.838800E-01
  2.255000E+04,  9.670055E-04,  8.703050E-08,  5.295000E+03,  9.839200E-01
  2.265000E+04,  9.502270E-04,  8.552043E-08,  5.297500E+03,  9.839900E-01
  2.275000E+04,  9.338385E-04,  8.404546E-08,  5.300000E+03,  9.841200E-01
  2.285000E+04,  9.178313E-04,  8.260482E-08,  5.302500E+03,  9.843500E-01
  2.295000E+04,  9.021980E-04,  8.119782E-08,  5.305000E+03,  9.846600E-01
  2.305000E+04,  8.866704E-04,  7.980033E-08,  5.307500E+03,  9.849900E-01
  2.315000E+04,  8.718528E-04,  7.846675E-08,  5.310000E+03,  9.853000E-01
  2.325000E+04,  8.571665E-04,  7.714499E-08,  5.312500E+03,  9.855600E-01
  2.335000E+04,  8.427973E-04,  7.585176E-08,  5.315000E+03,  9.858000E-01
  2.345000E+04,  8.287301E-04,  7.458571E-08,  5.317500E+03,  9.860300E-01
  2.355000E+04,  8.149077E-04,  7.334169E-08,  5.320000E+03,  9.862700E-01
  2.365000E+04,  8.013504E-04,  7.212154E-08,  5.322500E+03,  9.865100E-01
  2.375000E+04,  7.881089E-04,  7.092980E-08,  5.325000E+03,  9.867400E-01
  2.385000E+04,  7.752219E-04,  6.976997E-08,  5.327500E+03,  9.869800E-01
  2.395000E+04,  7.623802E-04,  6.861422E-08,  5.330000E+03,  9.872300E-01
  2.405000E+04,  7.499268E-04,  6.749341E-08,  5.332500E+03,  9.875200E-01
  2.415000E+04,  7.376851E-04,  6.639166E-08,  5.335000E+03,  9.878300E-01
  2.425000E+04,  7.258322E-04,  6.532490E-08,  5.337500E+03,  9.880800E-01
  2.435000E+04,  7.140342E-04,  6.426308E-08,  5.340000E+03,  9.882500E-01
  2.445000E+04,  7.023556E-04,  6.321200E-08,  5.342500E+03,  9.883000E-01
  2.455000E+04,  6.914392E-04,  6.222953E-08,  5.345000E+03,  9.882500E-01
  2.465000E+04,  6.799790E-04,  6.119811E-08,  5.347500E+03,  9.881800E-01
  2.475000E+04,  6.681631E-04,  6.013468E-08,  5.350000E+03,  9.881500E-01
  2.485000E+04,  6.594297E-04,  5.934867E-08,  5.352500E+03,  9.882000E-01
  2.495000E+04,  6.467523E-04,  5.820771E-08,  5.355000E+03,  9.882800E-01
  2.505000E+04,  6.389278E-04,  5.750350E-08,  5.357500E+03,  9.883800E-01
  2.515000E+04,  6.290239E-04,  5.661215E-08,  5.360000E+03,  9.884700E-01
  2.525000E+04,  6.155488E-04,  5.539939E-08,  5.362500E+03,  9.885200E-01
  2.535000E+04,  6.094683E-04,  5.485214E-08,  5.365000E+03,  9.885700E-01
  2.545000E+04,  6.015863E-04,  5.414276E-08,  5.367500E+03,  9.886200E-01
  2.555000E+04,  5.908998E-04,  5.318098E-08,  5.370000E+03,  9.886700E-01
  2.565000E+04,  5.762503E-04,  5.186253E-08,  5.372500E+03,  9.887300E-01
  2.575000E+04,  5.734536E-04,  5.161082E-08,  5.375000E+03,  9.888000E-01
  2.585000E+04,  5.657191E-04,  5.091472E-08,  5.377500E+03,  9.888900E-01
  2.595000E+04,  5.570546E-04,  5.013491E-08,  5.380000E+03,  9.890200E-01
  2.605000E+04,  5.462007E-04,  4.915807E-08,  5.382500E+03,  9.891800E-01
  2.615000E+04,  5.294130E-04,  4.764717E-08,  5.385000E+03,  9.893900E-01
  2.625000E+04,  5.106197E-04,  4.595577E-08,  5.387500E+03,  9.896100E-01
  2.635000E+04,  5.227771E-04,  4.704994E-08,  5.390000E+03,  9.898400E-01
  2.645000E+04,  5.165632E-04,  4.649069E-08,  5.392500E+03,  9.900500E-01
  2.655000E+04,  5.084585E-04,  4.576126E-08,  5.395000E+03,  9.902600E-01
  2.665000E+04,  5.001768E-04,  4.501591E-08,  5.397500E+03,  9.904600E-01
  2.675000E+04,  4.815465E-04,  4.333918E-08,  5.400000E+03,  9.906300E-01
  2.685000E+04,  4.852817E-04,  4.367535E-08,  5.402500E+03,  9.907700E-01
  2.695000E+04,  4.796397E-04,  4.316757E-08,  5.405000E+03,  9.908800E-01
  2.705000E+04,  4.726675E-04,  4.254008E-08,  5.407500E+03,  9.909700E-01
  2.715000E+04,  4.658015E-04,  4.192214E-08,  5.410000E+03,  9.910400E-01
  2.725000E+04,  4.590537E-04,  4.131483E-08,  5.412500E+03,  9.911300E-01
  2.735000E+04,  4.524460E-04,  4.072014E-08,  5.415000E+03,  9.912100E-01
  2.745000E+04,  4.456508E-04,  4.010857E-08,  5.417500E+03,  9.912500E-01
  2.755000E+04,  4.278885E-04,  3.850997E-08,  5.420000E+03,  9.912500E-01
  2.765000E+04,  4.295705E-04,  3.866135E-08,  5.422500E+03,  9.911800E-01
  2.775000E+04,  4.271087E-04,  3.843978E-08,  5.425000E+03,  9.910700E-01
  2.785000E+04,  4.210719E-04,  3.789647E-08,  5.427500E+03,  9.909600E-01
  2.795000E+04,  4.151463E-04,  3.736317E-08,  5.430000E+03,  9.908400E-01
  2.805000E+04,  4.092207E-04,  3.682987E-08,  5.432500E+03,  9.907400E-01
  2.815000E+04,  4.035362E-04,  3.631825E-08,  5.435000E+03,  9.906700E-01
  2.825000E+04,  3.979175E-04,  3.581258E-08,  5.437500E+03,  9.906200E-01
  2.835000E+04,  3.923819E-04,  3.531437E-08,  5.440000E+03,  9.906200E-01
  2.845000E+04,  3.869505E-04,  3.482554E-08,  5.442500E+03,  9.906600E-01
  2.855000E+04,  3.814241E-04,  3.432817E-08,  5.445000E+03,  9.907500E-01
  2.865000E+04,  3.742683E-04,  3.368415E-08,  5.447500E+03,  9.908800E-01
  2.875000E+04,  3.588672E-04,  3.229805E-08,  5.450000E+03,  9.910700E-01
  2.885000E+04,  3.656323E-04,  3.290691E-08,  5.452500E+03,  9.913000E-01
  2.895000E+04,  3.610793E-04,  3.249714E-08,  5.455000E+03,  9.915800E-01
  2.905000E+04,  3.562009E-04,  3.205808E-08,  5.457500E+03,  9.918800E-01
  2.915000E+04,  3.513770E-04,  3.162393E-08,  5.460000E+03,  9.921900E-01
  2.925000E+04,  3.466331E-04,  3.119698E-08,  5.462500E+03,  9.924900E-01
  2.935000E+04,  3.419589E-04,  3.077630E-08,  5.465000E+03,  9.928100E-01
  2.945000E+04,  3.373595E-04,  3.036236E-08,  5.467500E+03,  9.930600E-01
  2.955000E+04,  3.328644E-04,  2.995779E-08,  5.470000E+03,  9.932300E-01
  2.965000E+04,  3.284304E-04,  2.955873E-08,  5.472500E+03,  9.932600E-01
  2.975000E+04,  3.240748E-04,  2.916673E-08,  5.475000E+03,  9.932100E-01
  2.985000E+04,  3.197900E-04,  2.878110E-08,  5.477500E+03,  9.931200E-01
  2.995000E+04,  3.155104E-04,  2.839594E-08,  5.480000E+03,  9.930600E-01
  3.005000E+04,  3.114124E-04,  2.802712E-08,  5.482500E+03,  9.930300E-01
  3.015000E+04,  3.072174E-04,  2.764957E-08,  5.485000E+03,  9.930300E-01
  3.025000E+04,  3.031626E-04,  2.728464E-08,  5.487500E+03,  9.930600E-01
  3.035000E+04,  2.908748E-04,  2.617873E-08,  5.490000E+03,  9.930900E-01
  3.045000E+04,  2.912551E-04,  2.621296E-08,  5.492500E+03,  9.931500E-01
  3.055000E+04,  2.915778E-04,  2.624200E-08,  5.495000E+03,  9.932200E-01
  3.065000E+04,  2.878089E-04,  2.590280E-08,  5.497500E+03,  9.932900E-01
  3.075000E+04,  2.839714E-04,  2.555742E-08,  5.500000E+03,  9.933100E-01
  3.085000E+04,  2.803101E-04,  2.522791E-08,  5.502500E+03,  9.933000E-01
  3.095000E+04,  2.769798E-04,  2.492818E-08,  5.505000E+03,  9.932500E-01
  3.105000E+04,  2.734362E-04,  2.460926E-08,  5.507500E+03,  9.931900E-01
  3.115000E+04,  2.699723E-04,  2.429751E-08,  5.510000E+03,  9.931100E-01
  3.125000E+04,  2.665095E-04,  2.398585E-08,  5.512500E+03,  9.929800E-01
  3.135000E+04,  2.632053E-04,  2.368847E-08,  5.515000E+03,  9.928400E-01
  3.145000E+04,  2.598564E-04,  2.338708E-08,  5.517500E+03,  9.927900E-01
  3.155000E+04,  2.566450E-04,  2.309805E-08,  5.520000E+03,  9.928700E-01
  3.165000E+04,  2.534212E-04,  2.280791E-08,  5.522500E+03,  9.931700E-01
  3.175000E+04,  2.502779E-04,  2.252501E-08,  5.525000E+03,  9.936100E-01
  3.185000E+04,  2.471665E-04,  2.224499E-08,  5.527500E+03,  9.941000E-01
  3.195000E+04,  2.441107E-04,  2.196996E-08,  5.530000E+03,  9.945000E-01
  3.210000E+04,  2.396091E-04,  2.156482E-08,  5.532500E+03,  9.947600E-01
  3.230000E+04,  2.337527E-04,  2.103774E-08,  5.535000E+03,  9.949300E-01
  3.250000E+04,  2.281009E-04,  2.052908E-08,  5.537500E+03,  9.950500E-01
  3.270000E+04,  2.226066E-04,  2.003459E-08,  5.540000E+03,  9.951200E-01
  3.290000E+04,  2.122031E-04,  1.909828E-08,  5.542500E+03,  9.951200E-01
  3.310000E+04,  2.112206E-04,  1.900985E-08,  5.545000E+03,  9.951100E-01
  3.330000E+04,  2.068798E-04,  1.861918E-08,  5.547500E+03,  9.950600E-01
  3.350000E+04,  2.020838E-04,  1.818754E-08,  5.550000E+03,  9.950400E-01
  3.370000E+04,  1.973774E-04,  1.776396E-08,  5.552500E+03,  9.950800E-01
  3.390000E+04,  1.927809E-04,  1.735028E-08,  5.555000E+03,  9.951400E-01
  3.410000E+04,  1.883238E-04,  1.694915E-08,  5.557500E+03,  9.952000E-01
  3.430000E+04,  1.840037E-04,  1.656033E-08,  5.560000E+03,  9.952600E-01
  3.450000E+04,  1.797935E-04,  1.618142E-08,  5.562500E+03,  9.953300E-01
  3.470000E+04,  1.757083E-04,  1.581375E-08,  5.565000E+03,  9.953800E-01
  3.490000E+04,  1.717252E-04,  1.545527E-08,  5.567500E+03,  9.954200E-01
  3.510000E+04,  1.678652E-04,  1.510787E-08,  5.570000E+03,  9.954300E-01
  3.530000E+04,  1.641136E-04,  1.477023E-08,  5.572500E+03,  9.954200E-01
  3.550000E+04,  1.604880E-04,  1.444392E-08,  5.575000E+03,  9.953900E-01
  3.570000E+04,  1.569306E-04,  1.412376E-08,  5.577500E+03,  9.953400E-01
  3.590000E+04,  1.536134E-04,  1.382521E-08,  5.580000E+03,  9.952900E-01
  3.610000E+04,  1.501031E-04,  1.350928E-08,  5.582500E+03,  9.952200E-01
  3.630000E+04,  1.470428E-04,  1.323385E-08,  5.585000E+03,  9.951300E-01
  3.650000E+04,  1.436576E-04,  1.292919E-08,  5.587500E+03,  9.950800E-01
  3.670000E+04,  1.408563E-04,  1.267707E-08,  5.590000E+03,  9.951100E-01
  3.690000E+04,  1.374564E-04,  1.237108E-08,  5.592500E+03,  9.952600E-01
  3.710000E+04,  1.346397E-04,  1.211758E-08,  5.595000E+03,  9.954800E-01
  3.730000E+04,  1.305069E-04,  1.174562E-08,  5.597500E+03,  9.956800E-01
  3.750000E+04,  1.267908E-04,  1.141118E-08,  5.600000E+03,  9.958000E-01
  3.770000E+04,  1.264966E-04,  1.138469E-08,  5.602500E+03,  9.958000E-01
  3.790000E+04,  1.239314E-04,  1.115383E-08,  5.605000E+03,  9.956900E-01
  3.810000E+04,  1.209534E-04,  1.088580E-08,  5.607500E+03,  9.955700E-01
  3.830000E+04,  1.185358E-04,  1.066822E-08,  5.610000E+03,  9.955600E-01
  3.850000E+04,  1.164078E-04,  1.047670E-08,  5.612500E+03,  9.957000E-01
  3.870000E+04,  1.140301E-04,  1.026271E-08,  5.615000E+03,  9.959200E-01
  3.890000E+04,  1.116160E-04,  1.004544E-08,  5.617500E+03,  9.961400E-01
  3.910000E+04,  1.086214E-04,  9.775925E-09,  5.620000E+03,  9.962900E-01
  3.930000E+04,  1.072366E-04,  9.651298E-09,  5.622500E+03,  9.963500E-01
  3.950000E+04,  1.050868E-04,  9.457814E-09,  5.625000E+03,  9.963000E-01
  3.970000E+04,  1.029980E-04,  9.269816E-09,  5.627500E+03,  9.962400E-01
  3.990000E+04,  1.009580E-04,  9.086218E-09,  5.630000E+03,  9.962300E-01
  4.010000E+04,  9.846028E-05,  8.861426E-09,  5.632500E+03,  9.963000E-01
  4.030000E+04,  9.605990E-05,  8.645392E-09,  5.635000E+03,  9.964200E-01
  4.050000E+04,  9.303341E-05,  8.373007E-09,  5.637500E+03,  9.965300E-01
  4.070000E+04,  9.324685E-05,  8.392217E-09,  5.640000E+03,  9.966300E-01
  4.090000E+04,  9.146585E-05,  8.231926E-09,  5.642500E+03,  9.966900E-01
  4.110000E+04,  8.970084E-05,  8.073075E-09,  5.645000E+03,  9.967300E-01
  4.130000E+04,  8.790851E-05,  7.911766E-09,  5.647500E+03,  9.967300E-01
  4.150000E+04,  8.625795E-05,  7.763216E-09,  5.650000E+03,  9.967200E-01
  4.170000E+04,  8.328779E-05,  7.495901E-09,  5.652500E+03,  9.966700E-01
  4.190000E+04,  8.299073E-05,  7.469166E-09,  5.655000E+03,  9.966100E-01
  4.210000E+04,  8.149887E-05,  7.334898E-09,  5.657500E+03,  9.965800E-01
  4.230000E+04,  7.996986E-05,  7.197287E-09,  5.660000E+03,  9.966000E-01
  4.250000E+04,  7.844094E-05,  7.059685E-09,  5.662500E+03,  9.967300E-01
  4.270000E+04,  7.702149E-05,  6.931934E-09,  5.665000E+03,  9.969300E-01
  4.290000E+04,  7.547296E-05,  6.792567E-09,  5.667500E+03,  9.971400E-01
  4.310000E+04,  7.420776E-05,  6.678699E-09,  5.670000E+03,  9.973000E-01
  4.330000E+04,  7.284934E-05,  6.556440E-09,  5.672500E+03,  9.974200E-01
  4.350000E+04,  7.151713E-05,  6.436542E-09,  5.675000E+03,  9.974800E-01
  4.370000E+04,  6.899541E-05,  6.209587E-09,  5.677500E+03,  9.974800E-01
  4.390000E+04,  6.868057E-05,  6.181252E-09,  5.680000E+03,  9.973800E-01
  4.410000E+04,  6.771527E-05,  6.094374E-09,  5.682500E+03,  9.971800E-01
  4.430000E+04,  6.650210E-05,  5.985189E-09,  5.685000E+03,  9.968900E-01
  4.450000E+04,  6.531694E-05,  5.878525E-09,  5.687500E+03,  9.966000E-01
  4.470000E+04,  6.422490E-05,  5.780241E-09,  5.690000E+03,  9.964500E-01
  4.490000E+04,  6.308987E-05,  5.678088E-09,  5.692500E+03,  9.965300E-01
  4.510000E+04,  6.197959E-05,  5.578163E-09,  5.695000E+03,  9.967300E-01
  4.530000E+04,  6.088915E-05,  5.480024E-09,  5.697500E+03,  9.969200E-01
  4.550000E+04,  5.983049E-05,  5.384744E-09,  5.700000E+03,  9.970400E-01
  4.570000E+04,  5.879130E-05,  5.291217E-09,  5.702500E+03,  9.970100E-01
  4.590000E+04,  5.777495E-05,  5.199745E-09,  5.705000E+03,  9.968700E-01
  4.610000E+04,  5.675776E-05,  5.108198E-09,  5.707500E+03,  9.966800E-01
  4.630000E+04,  5.575470E-05,  5.017923E-09,  5.710000E+03,  9.965600E-01
  4.650000E+04,  5.327473E-05,  4.794726E-09,  5.712500E+03,  9.965100E-01
  4.670000E+04,  5.257591E-05,  4.731832E-09,  5.715000E+03,  9.965000E-01
  4.690000E+04,  5.279565E-05,  4.751609E-09,  5.717500E+03,  9.965100E-01
  4.710000E+04,  5.210845E-05,  4.689760E-09,  5.720000E+03,  9.965100E-01
  4.730000E+04,  5.123700E-05,  4.611330E-09,  5.722500E+03,  9.965000E-01
  4.750000E+04,  5.037490E-05,  4.533741E-09,  5.725000E+03,  9.964800E-01
  4.770000E+04,  4.953825E-05,  4.458443E-09,  5.727500E+03,  9.964900E-01
  4.790000E+04,  4.871948E-05,  4.384754E-09,  5.730000E+03,  9.965500E-01
  4.810000E+04,  4.791486E-05,  4.312338E-09,  5.732500E+03,  9.967100E-01
  4.830000E+04,  4.712611E-05,  4.241350E-09,  5.735000E+03,  9.969000E-01
  4.850000E+04,  4.635450E-05,  4.171905E-09,  5.737500E+03,  9.970700E-01
  4.870000E+04,  4.559758E-05,  4.103782E-09,  5.740000E+03,  9.971700E-01
  4.890000E+04,  4.485707E-05,  4.037136E-09,  5.742500E+03,  9.971600E-01
  4.910000E+04,  4.413041E-05,  3.971737E-09,  5.745000E+03,  9.970600E-01
  4.930000E+04,  4.341914E-05,  3.907723E-09,  5.747500E+03,  9.969300E-01
  4.950000E+04,  4.272142E-05,  3.844928E-09,  5.750000E+03,  9.968400E-01
  4.970000E+04,  4.203943E-05,  3.783549E-09,  5.752500E+03,  9.968100E-01
  4.990000E+04,  4.136801E-05,  3.723121E-09,  5.755000E+03,  9.968100E-01
  5.010000E+04,  4.071120E-05,  3.664008E-09,  5.757500E+03,  9.968200E-01
  5.030000E+04,  4.006683E-05,  3.606015E-09,  5.760000E+03,  9.968500E-01
  5.050000E+04,  3.943743E-05,  3.549368E-09,  5.762500E+03,  9.968700E-01
  5.070000E+04,  3.881839E-05,  3.493655E-09,  5.765000E+03,  9.968800E-01
  5.090000E+04,  3.819634E-05,  3.437671E-09,  5.767500E+03,  9.969300E-01
  5.110000E+04,  3.753258E-05,  3.377933E-09,  5.770000E+03,  9.970600E-01
  5.130000E+04,  3.605958E-05,  3.245362E-09,  5.772500E+03,  9.972900E-01
  5.150000E+04,  3.640651E-05,  3.276586E-09,  5.775000E+03,  9.975900E-01
  5.170000E+04,  3.586854E-05,  3.228169E-09,  5.777500E+03,  9.978700E-01
  5.190000E+04,  3.535088E-05,  3.181580E-09,  5.780000E+03,  9.980300E-01
  5.210000E+04,  3.481128E-05,  3.133015E-09,  5.782500E+03,  9.980600E-01
  5.230000E+04,  3.428166E-05,  3.085350E-09,  5.785000E+03,  9.979600E-01
  5.250000E+04,  3.375004E-05,  3.037503E-09,  5.787500E+03,  9.978300E-01
  5.270000E+04,  3.320438E-05,  2.988395E-09,  5.790000E+03,  9.977400E-01
  5.290000E+04,  3.275242E-05,  2.947718E-09,  5.792500E+03,  9.977000E-01
  5.310000E+04,  3.226172E-05,  2.903555E-09,  5.795000E+03,  9.977200E-01
  5.330000E+04,  3.177997E-05,  2.860197E-09,  5.797500E+03,  9.977700E-01
  5.350000E+04,  3.130706E-05,  2.817635E-09,  5.800000E+03,  9.978800E-01
  5.370000E+04,  3.079254E-05,  2.771329E-09,  5.802500E+03,  9.980500E-01
  5.390000E+04,  3.034111E-05,  2.730700E-09,  5.805000E+03,  9.982700E-01
  5.410000E+04,  2.994024E-05,  2.694622E-09,  5.807500E+03,  9.984600E-01
  5.430000E+04,  2.950166E-05,  2.655150E-09,  5.810000E+03,  9.985400E-01
  5.450000E+04,  2.907109E-05,  2.616398E-09,  5.812500E+03,  9.984600E-01
  5.470000E+04,  2.864796E-05,  2.578316E-09,  5.815000E+03,  9.982700E-01
  5.490000E+04,  2.823245E-05,  2.540920E-09,  5.817500E+03,  9.981100E-01
  5.510000E+04,  2.779444E-05,  2.501500E-09,  5.820000E+03,  9.980500E-01
  5.530000E+04,  2.730370E-05,  2.457333E-09,  5.822500E+03,  9.981400E-01
  5.550000E+04,  2.702965E-05,  2.432668E-09,  5.825000E+03,  9.983900E-01
  5.570000E+04,  2.664380E-05,  2.397942E-09,  5.827500E+03,  9.986300E-01
  5.590000E+04,  2.626451E-05,  2.363806E-09,  5.830000E+03,  9.987800E-01
  5.610000E+04,  2.589144E-05,  2.330229E-09,  5.832500E+03,  9.987800E-01
  5.630000E+04,  2.552511E-05,  2.297260E-09,  5.835000E+03,  9.986900E-01
  5.650000E+04,  2.516520E-05,  2.264868E-09,  5.837500E+03,  9.985500E-01
  5.670000E+04,  2.481163E-05,  2.233046E-09,  5.840000E+03,  9.984100E-01
  5.690000E+04,  2.445299E-05,  2.200769E-09,  5.842500E+03,  9.982900E-01
  5.710000E+04,  2.393924E-05,  2.154532E-09,  5.845000E+03,  9.982000E-01
  5.730000E+04,  2.376640E-05,  2.138976E-09,  5.847500E+03,  9.980900E-01
  5.750000E+04,  2.345793E-05,  2.111214E-09,  5.850000E+03,  9.979200E-01
  5.770000E+04,  2.313374E-05,  2.082036E-09,  5.852500E+03,  9.976700E-01
  5.790000E+04,  2.281513E-05,  2.053362E-09,  5.855000E+03,  9.974000E-01
  5.810000E+04,  2.250272E-05,  2.025245E-09,  5.857500E+03,  9.971900E-01
  5.830000E+04,  2.219481E-05,  1.997533E-09,  5.860000E+03,  9.971400E-01
  5.850000E+04,  2.190624E-05,  1.971562E-09,  5.862500E+03,  9.973200E-01
  5.870000E+04,  2.160926E-05,  1.944834E-09,  5.865000E+03,  9.976900E-01
  5.890000E+04,  2.125454E-05,  1.912909E-09,  5.867500E+03,  9.980900E-01
  5.910000E+04,  2.041197E-05,  1.837077E-09,  5.870000E+03,  9.983900E-01
  5.930000E+04,  2.068551E-05,  1.861696E-09,  5.872500E+03,  9.985000E-01
  5.950000E+04,  2.023927E-05,  1.821534E-09,  5.875000E+03,  9.985200E-01
  5.970000E+04,  2.009689E-05,  1.808720E-09,  5.877500E+03,  9.985300E-01
  5.990000E+04,  1.992541E-05,  1.793287E-09,  5.880000E+03,  9.985900E-01
  6.010000E+04,  1.966203E-05,  1.769583E-09,  5.882500E+03,  9.987200E-01
  6.030000E+04,  1.940225E-05,  1.746202E-09,  5.885000E+03,  9.989200E-01
  6.050000E+04,  1.914639E-05,  1.723175E-09,  5.887500E+03,  9.991300E-01
  6.070000E+04,  1.889500E-05,  1.700550E-09,  5.890000E+03,  9.993000E-01
  6.090000E+04,  1.864763E-05,  1.678287E-09,  5.892500E+03,  9.994800E-01
  6.110000E+04,  1.840428E-05,  1.656385E-09,  5.895000E+03,  9.996200E-01
  6.130000E+04,  1.816480E-05,  1.634832E-09,  5.897500E+03,  9.996900E-01
  6.150000E+04,  1.792903E-05,  1.613613E-09,  5.900000E+03,  9.996800E-01
  6.170000E+04,  1.769741E-05,  1.592767E-09,  5.902500E+03,  9.995500E-01
  6.190000E+04,  1.746959E-05,  1.572263E-09,  5.905000E+03,  9.993300E-01
  6.210000E+04,  1.724514E-05,  1.552063E-09,  5.907500E+03,  9.990500E-01
  6.230000E+04,  1.702456E-05,  1.532210E-09,  5.910000E+03,  9.987000E-01
  6.250000E+04,  1.680681E-05,  1.512613E-09,  5.912500E+03,  9.982800E-01
  6.270000E+04,  1.656451E-05,  1.490806E-09,  5.915000E+03,  9.978500E-01
  6.290000E+04,  1.608250E-05,  1.447425E-09,  5.917500E+03,  9.974900E-01
  6.310000E+04,  1.612624E-05,  1.451361E-09,  5.920000E+03,  9.973200E-01
  6.330000E+04,  1.597178E-05,  1.437460E-09,  5.922500E+03,  9.974000E-01
  6.350000E+04,  1.577109E-05,  1.419398E-09,  5.925000E+03,  9.976900E-01
  6.370000E+04,  1.557343E-05,  1.401609E-09,  5.927500E+03,  9.980500E-01
  6.390000E+04,  1.537932E-05,  1.384139E-09,  5.930000E+03,  9.983200E-01
  6.420000E+04,  1.509311E-05,  1.358380E-09,  5.932500E+03,  9.984100E-01
  6.460000E+04,  1.472189E-05,  1.324970E-09,  5.935000E+03,  9.984200E-01
  6.500000E+04,  1.436229E-05,  1.292606E-09,  5.937500E+03,  9.984000E-01
  6.540000E+04,  1.401315E-05,  1.261184E-09,  5.940000E+03,  9.983800E-01
  6.580000E+04,  1.367474E-05,  1.230727E-09,  5.942500E+03,  9.983700E-01
  6.620000E+04,  1.334667E-05,  1.201200E-09,  5.945000E+03,  9.983700E-01
  6.660000E+04,  1.302818E-05,  1.172536E-09,  5.947500E+03,  9.984100E-01
  6.700000E+04,  1.271912E-05,  1.144721E-09,  5.950000E+03,  9.985400E-01
  6.740000E+04,  1.240574E-05,  1.116517E-09,  5.952500E+03,  9.988600E-01
  6.780000E+04,  1.196987E-05,  1.077289E-09,  5.955000E+03,  9.992600E-01
  6.820000E+04,  1.184491E-05,  1.066042E-09,  5.957500E+03,  9.995800E-01
  6.860000E+04,  1.157069E-05,  1.041362E-09,  5.960000E+03,  9.997300E-01
  6.900000E+04,  1.130414E-05,  1.017373E-09,  5.962500E+03,  9.996100E-01
  6.940000E+04,  1.104494E-05,  9.940445E-10,  5.965000E+03,  9.992500E-01
  6.980000E+04,  1.079347E-05,  9.714124E-10,  5.967500E+03,  9.988500E-01
  7.020000E+04,  1.054878E-05,  9.493902E-10,  5.970000E+03,  9.985500E-01
  7.060000E+04,  1.031113E-05,  9.280015E-10,  5.972500E+03,  9.984600E-01
  7.100000E+04,  1.008012E-05,  9.072104E-10,  5.975000E+03,  9.984600E-01
  7.140000E+04,  9.855482E-06,  8.869934E-10,  5.977500E+03,  9.984600E-01
  7.180000E+04,  9.637160E-06,  8.673444E-10,  5.980000E+03,  9.984200E-01
  7.220000E+04,  9.424845E-06,  8.482360E-10,  5.982500E+03,  9.983100E-01
  7.260000E+04,  9.212747E-06,  8.291473E-10,  5.985000E+03,  9.981200E-01
  7.300000E+04,  9.017054E-06,  8.115348E-10,  5.987500E+03,  9.979400E-01
  7.340000E+04,  8.821674E-06,  7.939506E-10,  5.990000E+03,  9.978100E-01
  7.380000E+04,  8.631280E-06,  7.768152E-10,  5.992500E+03,  9.977100E-01
  7.420000E+04,  8.431311E-06,  7.588180E-10,  5.995000E+03,  9.976700E-01
  7.460000E+04,  8.112237E-06,  7.301013E-10,  5.997500E+03,  9.977300E-01
  7.500000E+04,  7.858563E-06,  7.072707E-10,  6.000000E+03,  9.979500E-01
  7.540000E+04,  7.903420E-06,  7.113078E-10,  6.002500E+03,  9.983600E-01
  7.580000E+04,  7.753361E-06,  6.978025E-10,  6.005000E+03,  9.989400E-01
  7.620000E+04,  7.591216E-06,  6.832094E-10,  6.007500E+03,  9.994700E-01
  7.660000E+04,  7.433455E-06,  6.690109E-10,  6.010000E+03,  9.997400E-01
  7.700000E+04,  7.279843E-06,  6.551859E-10,  6.012500E+03,  9.996400E-01
  7.740000E+04,  7.129970E-06,  6.416973E-10,  6.015000E+03,  9.993100E-01
  7.780000E+04,  6.960785E-06,  6.264707E-10,  6.017500E+03,  9.989100E-01
  7.820000E+04,  6.841678E-06,  6.157510E-10,  6.020000E+03,  9.986000E-01
  7.860000E+04,  6.703074E-06,  6.032767E-10,  6.022500E+03,  9.984300E-01
  7.900000E+04,  6.568069E-06,  5.911263E-10,  6.025000E+03,  9.984000E-01
  7.940000E+04,  6.436193E-06,  5.792574E-10,  6.027500E+03,  9.984200E-01
  7.980000E+04,  6.307544E-06,  5.676790E-10,  6.030000E+03,  9.985000E-01
  8.020000E+04,  6.182381E-06,  5.564143E-10,  6.032500E+03,  9.986400E-01
  8.060000E+04,  6.060035E-06,  5.454032E-10,  6.035000E+03,  9.988400E-01
  8.100000E+04,  5.940719E-06,  5.346648E-10,  6.037500E+03,  9.990000E-01
  8.140000E+04,  5.799517E-06,  5.219565E-10,  6.040000E+03,  9.990700E-01
  8.180000E+04,  5.702580E-06,  5.132322E-10,  6.042500E+03,  9.989900E-01
  8.220000E+04,  5.600259E-06,  5.040233E-10,  6.045000E+03,  9.987700E-01
  8.260000E+04,  5.492093E-06,  4.942884E-10,  6.047500E+03,  9.985300E-01
  8.300000E+04,  5.386733E-06,  4.848060E-10,  6.050000E+03,  9.983800E-01
  8.340000E+04,  5.283811E-06,  4.755430E-10,  6.052500E+03,  9.983600E-01
  8.380000E+04,  5.183080E-06,  4.664772E-10,  6.055000E+03,  9.984100E-01
  8.420000E+04,  5.084985E-06,  4.576487E-10,  6.057500E+03,  9.984600E-01
  8.460000E+04,  4.989169E-06,  4.490252E-10,  6.060000E+03,  9.984600E-01
  8.500000E+04,  4.895516E-06,  4.405964E-10,  6.062500E+03,  9.983900E-01
  8.540000E+04,  4.804145E-06,  4.323731E-10,  6.065000E+03,  9.982200E-01
  8.580000E+04,  4.714849E-06,  4.243364E-10,  6.067500E+03,  9.980800E-01
  8.620000E+04,  4.627203E-06,  4.164483E-10,  6.070000E+03,  9.980300E-01
  8.660000E+04,  4.502554E-06,  4.052299E-10,  6.072500E+03,  9.981100E-01
  8.700000E+04,  4.455584E-06,  4.010025E-10,  6.075000E+03,  9.982700E-01
  8.740000E+04,  4.335199E-06,  3.901679E-10,  6.077500E+03,  9.984600E-01
  8.780000E+04,  4.256135E-06,  3.830521E-10,  6.080000E+03,  9.986300E-01
  8.820000E+04,  4.220311E-06,  3.798280E-10,  6.082500E+03,  9.987800E-01
  8.860000E+04,  4.144320E-06,  3.729888E-10,  6.085000E+03,  9.988900E-01
  8.900000E+04,  4.070055E-06,  3.663049E-10,  6.087500E+03,  9.989700E-01
  8.940000E+04,  3.997235E-06,  3.597512E-10,  6.090000E+03,  9.990000E-01
  8.980000E+04,  3.926233E-06,  3.533610E-10,  6.092500E+03,  9.989600E-01
  9.020000E+04,  3.856838E-06,  3.471154E-10,  6.095000E+03,  9.988700E-01
  9.060000E+04,  3.788878E-06,  3.409990E-10,  6.097500E+03,  9.988100E-01
  9.100000E+04,  3.722325E-06,  3.350093E-10,  6.100000E+03,  9.988300E-01
  9.140000E+04,  3.657295E-06,  3.291566E-10,  6.102500E+03,  9.989700E-01
  9.180000E+04,  3.593736E-06,  3.234362E-10,  6.105000E+03,  9.992300E-01
  9.220000E+04,  3.531419E-06,  3.178277E-10,  6.107500E+03,  9.994600E-01
  9.260000E+04,  3.470523E-06,  3.123471E-10,  6.110000E+03,  9.995600E-01
  9.300000E+04,  3.410962E-06,  3.069866E-10,  6.112500E+03,  9.994400E-01
  9.340000E+04,  3.352644E-06,  3.017379E-10,  6.115000E+03,  9.992100E-01
  9.380000E+04,  3.256873E-06,  2.931185E-10,  6.117500E+03,  9.989700E-01
  9.420000E+04,  3.231218E-06,  2.908096E-10,  6.120000E+03,  9.988200E-01
  9.460000E+04,  3.185062E-06,  2.866556E-10,  6.122500E+03,  9.987900E-01
  9.500000E+04,  3.131406E-06,  2.818265E-10,  6.125000E+03,  9.989000E-01
  9.540000E+04,  3.079022E-06,  2.771120E-10,  6.127500E+03,  9.990400E-01
  9.580000E+04,  3.027663E-06,  2.724897E-10,  6.130000E+03,  9.991200E-01
  9.620000E+04,  2.977343E-06,  2.679609E-10,  6.132500E+03,  9.991400E-01
  9.660000E+04,  2.928192E-06,  2.635373E-10,  6.135000E+03,  9.991100E-01
  9.700000E+04,  2.879967E-06,  2.591971E-10,  6.137500E+03,  9.991000E-01
  9.740000E+04,  2.832728E-06,  2.549455E-10,  6.140000E+03,  9.991200E-01
  9.780000E+04,  2.786433E-06,  2.507790E-10,  6.142500E+03,  9.991900E-01
  9.820000E+04,  2.741112E-06,  2.467001E-10,  6.145000E+03,  9.993100E-01
  9.860000E+04,  2.695170E-06,  2.425653E-10,  6.147500E+03,  9.994200E-01
  9.900000E+04,  2.653164E-06,  2.387848E-10,  6.150000E+03,  9.995100E-01
  9.940000E+04,  2.610548E-06,  2.349494E-10,  6.152500E+03,  9.995800E-01
  9.980000E+04,  2.568690E-06,  2.311821E-10,  6.155000E+03,  9.996200E-01
  1.002000E+05,  2.527780E-06,  2.275002E-10,  6.157500E+03,  9.996300E-01
  2.000000E+05,  1.564236E-07,  1.407812E-11,  6.160000E+03,  9.996100E-01
  4.000000E+05,  9.539564E-09,  8.585608E-13,  6.162500E+03,  9.995700E-01
  6.000000E+05,  1.854884E-09,  1.669396E-13,  6.165000E+03,  9.995100E-01
  8.000000E+05,  5.802611E-10,  5.222350E-14,  6.167500E+03,  9.994000E-01
  1.000000E+06,  2.355555E-10,  2.119999E-14,  6.170000E+03,  9.992200E-01
  1.200000E+06,  1.127565E-10,  1.014809E-14,  6.172500E+03,  9.989400E-01
  1.400000E+06,  6.047994E-11,  5.443195E-15,  6.175000E+03,  9.986200E-01
  1.600000E+06,  3.525728E-11,  3.173155E-15,  6.177500E+03,  9.983200E-01
  0.000000E+00,  0.000000E+00,  0.000000E+00,  6.180000E+03,  9.981400E-01
  0.000000E+00,  0.000000E+00,  0.000000E+00,  6.182500E+03,  9.981300E-01
  0.000000E+00,  0.000000E+00,  0.000000E+00,  6.185000E+03,  9.982500E-01
  0.000000E+00,  0.000000E+00,  0.000000E+00,  6.187500E+03,  9.984300E-01
  0.000000E+00,  0.000000E+00,  0.000000E+00,  6.190000E+03,  9.986100E-01
  0.000000E+00,  0.000000E+00,  0.000000E+00,  6.192500E+03,  9.987500E-01
  0.000000E+00,  0.000000E+00,  0.000000E+00,  6.195000E+03,  9.988800E-01
  0.000000E+00,  0.000000E+00,  0.000000E+00,  6.197500E+03,  9.990000E-01
  0.000000E+00,  0.000000E+00,  0.000000E+00,  6.200000E+03,  9.990900E-01
  0.000000E+00,  0.000000E+00,  0.000000E+00,  6.202500E+03,  9.990900E-01
  0.000000E+00,  0.000000E+00,  0.000000E+00,  6.205000E+03,  9.990600E-01
  0.000000E+00,  0.000000E+00,  0.000000E+00,  6.207500E+03,  9.990300E-01
  0.000000E+00,  0.000000E+00,  0.000000E+00,  6.210000E+03,  9.991100E-01
  0.000000E+00,  0.000000E+00,  0.000000E+00,  6.212500E+03,  9.993400E-01
  0.000000E+00,  0.000000E+00,  0.000000E+00,  6.215000E+03,  9.996500E-01
  0.000000E+00,  0.000000E+00,  0.000000E+00,  6.217500E+03,  9.998900E-01
  0.000000E+00,  0.000000E+00,  0.000000E+00,  6.220000E+03,  1.000000E+00
  0.000000E+00,  0.000000E+00,  0.000000E+00,  6.222500E+03,  9.999100E-01
  0.000000E+00,  0.000000E+00,  0.000000E+00,  6.225000E+03,  9.996400E-01
  0.000000E+00,  0.000000E+00,  0.000000E+00,  6.227500E+03,  9.992800E-01
  0.000000E+00,  0.000000E+00,  0.000000E+00,  6.230000E+03,  9.989200E-01
  0.000000E+00,  0.000000E+00,  0.000000E+00,  6.232500E+03,  9.985700E-01
  0.000000E+00,  0.000000E+00,  0.000000E+00,  6.235000E+03,  9.982200E-01
  0.000000E+00,  0.000000E+00,  0.000000E+00,  6.237500E+03,  9.979200E-01
  0.000000E+00,  0.000000E+00,  0.000000E+00,  6.240000E+03,  9.977200E-01
  0.000000E+00,  0.000000E+00,  0.000000E+00,  6.242500E+03,  9.976400E-01
  0.000000E+00,  0.000000E+00,  0.000000E+00,  6.245000E+03,  9.976900E-01
  0.000000E+00,  0.000000E+00,  0.000000E+00,  6.247500E+03,  9.977800E-01
  0.000000E+00,  0.000000E+00,  0.000000E+00,  6.250000E+03,  9.978500E-01
  0.000000E+00,  0.000000E+00,  0.000000E+00,  6.252500E+03,  9.978500E-01
  0.000000E+00,  0.000000E+00,  0.000000E+00,  6.255000E+03,  9.978100E-01
  0.000000E+00,  0.000000E+00,  0.000000E+00,  6.257500E+03,  9.978000E-01
  0.000000E+00,  0.000000E+00,  0.000000E+00,  6.260000E+03,  9.978300E-01
  0.000000E+00,  0.000000E+00,  0.000000E+00,  6.262500E+03,  9.979000E-01
  0.000000E+00,  0.000000E+00,  0.000000E+00,  6.265000E+03,  9.980200E-01
  0.000000E+00,  0.000000E+00,  0.000000E+00,  6.267500E+03,  9.981400E-01
  0.000000E+00,  0.000000E+00,  0.000000E+00,  6.270000E+03,  9.981800E-01
  0.000000E+00,  0.000000E+00,  0.000000E+00,  6.272500E+03,  9.981300E-01
  0.000000E+00,  0.000000E+00,  0.000000E+00,  6.275000E+03,  9.980300E-01
  0.000000E+00,  0.000000E+00,  0.000000E+00,  6.277500E+03,  9.979300E-01
  0.000000E+00,  0.000000E+00,  0.000000E+00,  6.280000E+03,  9.978700E-01
  0.000000E+00,  0.000000E+00,  0.000000E+00,  6.282500E+03,  9.978900E-01
  0.000000E+00,  0.000000E+00,  0.000000E+00,  6.285000E+03,  9.979800E-01
  0.000000E+00,  0.000000E+00,  0.000000E+00,  6.287500E+03,  9.980600E-01
  0.000000E+00,  0.000000E+00,  0.000000E+00,  6.290000E+03,  9.980600E-01
  0.000000E+00,  0.000000E+00,  0.000000E+00,  6.292500E+03,  9.979300E-01
  0.000000E+00,  0.000000E+00,  0.000000E+00,  6.295000E+03,  9.977400E-01
  0.000000E+00,  0.000000E+00,  0.000000E+00,  6.297500E+03,  9.975600E-01
  0.000000E+00,  0.000000E+00,  0.000000E+00,  6.300000E+03,  9.974500E-01
  0.000000E+00,  0.000000E+00,  0.000000E+00,  6.302500E+03,  9.974200E-01
  0.000000E+00,  0.000000E+00,  0.000000E+00,  6.305000E+03,  9.974800E-01
  0.000000E+00,  0.000000E+00,  0.000000E+00,  6.307500E+03,  9.975900E-01
  0.000000E+00,  0.000000E+00,  0.000000E+00,  6.310000E+03,  9.977600E-01
  0.000000E+00,  0.000000E+00,  0.000000E+00,  6.312500E+03,  9.979800E-01
  0.000000E+00,  0.000000E+00,  0.000000E+00,  6.315000E+03,  9.982300E-01
  0.000000E+00,  0.000000E+00,  0.000000E+00,  6.317500E+03,  9.984500E-01
  0.000000E+00,  0.000000E+00,  0.000000E+00,  6.320000E+03,  9.985600E-01
  0.000000E+00,  0.000000E+00,  0.000000E+00,  6.322500E+03,  9.985300E-01
  0.000000E+00,  0.000000E+00,  0.000000E+00,  6.325000E+03,  9.983800E-01
  0.000000E+00,  0.000000E+00,  0.000000E+00,  6.327500E+03,  9.981800E-01
  0.000000E+00,  0.000000E+00,  0.000000E+00,  6.330000E+03,  9.980300E-01
  0.000000E+00,  0.000000E+00,  0.000000E+00,  6.332500E+03,  9.979500E-01
  0.000000E+00,  0.000000E+00,  0.000000E+00,  6.335000E+03,  9.979200E-01
  0.000000E+00,  0.000000E+00,  0.000000E+00,  6.337500E+03,  9.978800E-01
  0.000000E+00,  0.000000E+00,  0.000000E+00,  6.340000E+03,  9.977900E-01
  0.000000E+00,  0.000000E+00,  0.000000E+00,  6.342500E+03,  9.976200E-01
  0.000000E+00,  0.000000E+00,  0.000000E+00,  6.345000E+03,  9.973900E-01
  0.000000E+00,  0.000000E+00,  0.000000E+00,  6.347500E+03,  9.972000E-01
  0.000000E+00,  0.000000E+00,  0.000000E+00,  6.350000E+03,  9.971300E-01
  0.000000E+00,  0.000000E+00,  0.000000E+00,  6.352500E+03,  9.972300E-01
  0.000000E+00,  0.000000E+00,  0.000000E+00,  6.355000E+03,  9.974200E-01
  0.000000E+00,  0.000000E+00,  0.000000E+00,  6.357500E+03,  9.976300E-01
  0.000000E+00,  0.000000E+00,  0.000000E+00,  6.360000E+03,  9.977700E-01
  0.000000E+00,  0.000000E+00,  0.000000E+00,  6.362500E+03,  9.978000E-01
  0.000000E+00,  0.000000E+00,  0.000000E+00,  6.365000E+03,  9.977200E-01
  0.000000E+00,  0.000000E+00,  0.000000E+00,  6.367500E+03,  9.976300E-01
  0.000000E+00,  0.000000E+00,  0.000000E+00,  6.370000E+03,  9.976300E-01
  0.000000E+00,  0.000000E+00,  0.000000E+00,  6.372500E+03,  9.977800E-01
  0.000000E+00,  0.000000E+00,  0.000000E+00,  6.375000E+03,  9.979700E-01
  0.000000E+00,  0.000000E+00,  0.000000E+00,  6.377500E+03,  9.981300E-01
  0.000000E+00,  0.000000E+00,  0.000000E+00,  6.380000E+03,  9.981600E-01
  0.000000E+00,  0.000000E+00,  0.000000E+00,  6.382500E+03,  9.980200E-01
  0.000000E+00,  0.000000E+00,  0.000000E+00,  6.385000E+03,  9.977300E-01
  0.000000E+00,  0.000000E+00,  0.000000E+00,  6.387500E+03,  9.974000E-01
  0.000000E+00,  0.000000E+00,  0.000000E+00,  6.390000E+03,  9.971200E-01
  0.000000E+00,  0.000000E+00,  0.000000E+00,  6.392500E+03,  9.969500E-01
  0.000000E+00,  0.000000E+00,  0.000000E+00,  6.395000E+03,  9.968300E-01
  0.000000E+00,  0.000000E+00,  0.000000E+00,  6.397500E+03,  9.967400E-01
  0.000000E+00,  0.000000E+00,  0.000000E+00,  6.400000E+03,  9.966500E-01
  0.000000E+00,  0.000000E+00,  0.000000E+00,  6.402500E+03,  9.965700E-01
  0.000000E+00,  0.000000E+00,  0.000000E+00,  6.405000E+03,  9.964700E-01
  0.000000E+00,  0.000000E+00,  0.000000E+00,  6.407500E+03,  9.964200E-01
  0.000000E+00,  0.000000E+00,  0.000000E+00,  6.410000E+03,  9.964300E-01
  0.000000E+00,  0.000000E+00,  0.000000E+00,  6.412500E+03,  9.965100E-01
  0.000000E+00,  0.000000E+00,  0.000000E+00,  6.415000E+03,  9.966500E-01
  0.000000E+00,  0.000000E+00,  0.000000E+00,  6.417500E+03,  9.968000E-01
  0.000000E+00,  0.000000E+00,  0.000000E+00,  6.420000E+03,  9.969300E-01
  0.000000E+00,  0.000000E+00,  0.000000E+00,  6.422500E+03,  9.970200E-01
  0.000000E+00,  0.000000E+00,  0.000000E+00,  6.425000E+03,  9.970700E-01
  0.000000E+00,  0.000000E+00,  0.000000E+00,  6.427500E+03,  9.970900E-01
  0.000000E+00,  0.000000E+00,  0.000000E+00,  6.430000E+03,  9.970700E-01
  0.000000E+00,  0.000000E+00,  0.000000E+00,  6.432500E+03,  9.970200E-01
  0.000000E+00,  0.000000E+00,  0.000000E+00,  6.435000E+03,  9.969300E-01
  0.000000E+00,  0.000000E+00,  0.000000E+00,  6.437500E+03,  9.968000E-01
  0.000000E+00,  0.000000E+00,  0.000000E+00,  6.440000E+03,  9.966400E-01
  0.000000E+00,  0.000000E+00,  0.000000E+00,  6.442500E+03,  9.964300E-01
  0.000000E+00,  0.000000E+00,  0.000000E+00,  6.445000E+03,  9.961900E-01
  0.000000E+00,  0.000000E+00,  0.000000E+00,  6.447500E+03,  9.959700E-01
  0.000000E+00,  0.000000E+00,  0.000000E+00,  6.450000E+03,  9.957800E-01
  0.000000E+00,  0.000000E+00,  0.000000E+00,  6.452500E+03,  9.956500E-01
  0.000000E+00,  0.000000E+00,  0.000000E+00,  6.455000E+03,  9.955800E-01
  0.000000E+00,  0.000000E+00,  0.000000E+00,  6.457500E+03,  9.955800E-01
  0.000000E+00,  0.000000E+00,  0.000000E+00,  6.460000E+03,  9.956900E-01
  0.000000E+00,  0.000000E+00,  0.000000E+00,  6.462500E+03,  9.959200E-01
  0.000000E+00,  0.000000E+00,  0.000000E+00,  6.465000E+03,  9.962700E-01
  0.000000E+00,  0.000000E+00,  0.000000E+00,  6.467500E+03,  9.966000E-01
  0.000000E+00,  0.000000E+00,  0.000000E+00,  6.470000E+03,  9.968000E-01
  0.000000E+00,  0.000000E+00,  0.000000E+00,  6.472500E+03,  9.968400E-01
  0.000000E+00,  0.000000E+00,  0.000000E+00,  6.475000E+03,  9.967400E-01
  0.000000E+00,  0.000000E+00,  0.000000E+00,  6.477500E+03,  9.965700E-01
  0.000000E+00,  0.000000E+00,  0.000000E+00,  6.480000E+03,  9.963400E-01
  0.000000E+00,  0.000000E+00,  0.000000E+00,  6.482500E+03,  9.960500E-01
  0.000000E+00,  0.000000E+00,  0.000000E+00,  6.485000E+03,  9.957100E-01
  0.000000E+00,  0.000000E+00,  0.000000E+00,  6.487500E+03,  9.954200E-01
  0.000000E+00,  0.000000E+00,  0.000000E+00,  6.490000E+03,  9.952400E-01
  0.000000E+00,  0.000000E+00,  0.000000E+00,  6.492500E+03,  9.952100E-01
  0.000000E+00,  0.000000E+00,  0.000000E+00,  6.495000E+03,  9.953200E-01
  0.000000E+00,  0.000000E+00,  0.000000E+00,  6.497500E+03,  9.954600E-01
  0.000000E+00,  0.000000E+00,  0.000000E+00,  6.500000E+03,  9.955700E-01
  0.000000E+00,  0.000000E+00,  0.000000E+00,  6.502500E+03,  9.956400E-01
  0.000000E+00,  0.000000E+00,  0.000000E+00,  6.505000E+03,  9.956500E-01
  0.000000E+00,  0.000000E+00,  0.000000E+00,  6.507500E+03,  9.956600E-01
  0.000000E+00,  0.000000E+00,  0.000000E+00,  6.510000E+03,  9.956400E-01
  0.000000E+00,  0.000000E+00,  0.000000E+00,  6.512500E+03,  9.955900E-01
  0.000000E+00,  0.000000E+00,  0.000000E+00,  6.515000E+03,  9.955300E-01
  0.000000E+00,  0.000000E+00,  0.000000E+00,  6.517500E+03,  9.954700E-01
  0.000000E+00,  0.000000E+00,  0.000000E+00,  6.520000E+03,  9.954200E-01
  0.000000E+00,  0.000000E+00,  0.000000E+00,  6.522500E+03,  9.954200E-01
  0.000000E+00,  0.000000E+00,  0.000000E+00,  6.525000E+03,  9.954400E-01
  0.000000E+00,  0.000000E+00,  0.000000E+00,  6.527500E+03,  9.954600E-01
  0.000000E+00,  0.000000E+00,  0.000000E+00,  6.530000E+03,  9.954400E-01
  0.000000E+00,  0.000000E+00,  0.000000E+00,  6.532500E+03,  9.953800E-01
  0.000000E+00,  0.000000E+00,  0.000000E+00,  6.535000E+03,  9.952800E-01
  0.000000E+00,  0.000000E+00,  0.000000E+00,  6.537500E+03,  9.951500E-01
  0.000000E+00,  0.000000E+00,  0.000000E+00,  6.540000E+03,  9.949900E-01
  0.000000E+00,  0.000000E+00,  0.000000E+00,  6.542500E+03,  9.948000E-01
  0.000000E+00,  0.000000E+00,  0.000000E+00,  6.545000E+03,  9.945900E-01
  0.000000E+00,  0.000000E+00,  0.000000E+00,  6.547500E+03,  9.943900E-01
  0.000000E+00,  0.000000E+00,  0.000000E+00,  6.550000E+03,  9.942500E-01
  0.000000E+00,  0.000000E+00,  0.000000E+00,  6.552500E+03,  9.942300E-01
  0.000000E+00,  0.000000E+00,  0.000000E+00,  6.555000E+03,  9.942600E-01
  0.000000E+00,  0.000000E+00,  0.000000E+00,  6.557500E+03,  9.942800E-01
  0.000000E+00,  0.000000E+00,  0.000000E+00,  6.560000E+03,  9.942600E-01
  0.000000E+00,  0.000000E+00,  0.000000E+00,  6.562500E+03,  9.941500E-01
  0.000000E+00,  0.000000E+00,  0.000000E+00,  6.565000E+03,  9.939700E-01
  0.000000E+00,  0.000000E+00,  0.000000E+00,  6.567500E+03,  9.938100E-01
  0.000000E+00,  0.000000E+00,  0.000000E+00,  6.570000E+03,  9.937600E-01
  0.000000E+00,  0.000000E+00,  0.000000E+00,  6.572500E+03,  9.938700E-01
  0.000000E+00,  0.000000E+00,  0.000000E+00,  6.575000E+03,  9.940600E-01
  0.000000E+00,  0.000000E+00,  0.000000E+00,  6.577500E+03,  9.942400E-01
  0.000000E+00,  0.000000E+00,  0.000000E+00,  6.580000E+03,  9.943000E-01
  0.000000E+00,  0.000000E+00,  0.000000E+00,  6.582500E+03,  9.942000E-01
  0.000000E+00,  0.000000E+00,  0.000000E+00,  6.585000E+03,  9.939400E-01
  0.000000E+00,  0.000000E+00,  0.000000E+00,  6.587500E+03,  9.936800E-01
  0.000000E+00,  0.000000E+00,  0.000000E+00,  6.590000E+03,  9.935700E-01
  0.000000E+00,  0.000000E+00,  0.000000E+00,  6.592500E+03,  9.936600E-01
  0.000000E+00,  0.000000E+00,  0.000000E+00,  6.595000E+03,  9.938400E-01
  0.000000E+00,  0.000000E+00,  0.000000E+00,  6.597500E+03,  9.940300E-01
  0.000000E+00,  0.000000E+00,  0.000000E+00,  6.600000E+03,  9.941400E-01
  0.000000E+00,  0.000000E+00,  0.000000E+00,  6.602500E+03,  9.941100E-01
  0.000000E+00,  0.000000E+00,  0.000000E+00,  6.605000E+03,  9.939400E-01
  0.000000E+00,  0.000000E+00,  0.000000E+00,  6.607500E+03,  9.937500E-01
  0.000000E+00,  0.000000E+00,  0.000000E+00,  6.610000E+03,  9.936100E-01
  0.000000E+00,  0.000000E+00,  0.000000E+00,  6.612500E+03,  9.935600E-01
  0.000000E+00,  0.000000E+00,  0.000000E+00,  6.615000E+03,  9.935500E-01
  0.000000E+00,  0.000000E+00,  0.000000E+00,  6.617500E+03,  9.935100E-01
  0.000000E+00,  0.000000E+00,  0.000000E+00,  6.620000E+03,  9.933900E-01
  0.000000E+00,  0.000000E+00,  0.000000E+00,  6.622500E+03,  9.931800E-01
  0.000000E+00,  0.000000E+00,  0.000000E+00,  6.625000E+03,  9.928800E-01
  0.000000E+00,  0.000000E+00,  0.000000E+00,  6.627500E+03,  9.925800E-01
  0.000000E+00,  0.000000E+00,  0.000000E+00,  6.630000E+03,  9.923900E-01
  0.000000E+00,  0.000000E+00,  0.000000E+00,  6.632500E+03,  9.923100E-01
  0.000000E+00,  0.000000E+00,  0.000000E+00,  6.635000E+03,  9.923300E-01
  0.000000E+00,  0.000000E+00,  0.000000E+00,  6.637500E+03,  9.923700E-01
  0.000000E+00,  0.000000E+00,  0.000000E+00,  6.640000E+03,  9.924300E-01
  0.000000E+00,  0.000000E+00,  0.000000E+00,  6.642500E+03,  9.924700E-01
  0.000000E+00,  0.000000E+00,  0.000000E+00,  6.645000E+03,  9.924900E-01
  0.000000E+00,  0.000000E+00,  0.000000E+00,  6.647500E+03,  9.925300E-01
  0.000000E+00,  0.000000E+00,  0.000000E+00,  6.650000E+03,  9.925900E-01
  0.000000E+00,  0.000000E+00,  0.000000E+00,  6.652500E+03,  9.926900E-01
  0.000000E+00,  0.000000E+00,  0.000000E+00,  6.655000E+03,  9.928000E-01
  0.000000E+00,  0.000000E+00,  0.000000E+00,  6.657500E+03,  9.929200E-01
  0.000000E+00,  0.000000E+00,  0.000000E+00,  6.660000E+03,  9.930300E-01
  0.000000E+00,  0.000000E+00,  0.000000E+00,  6.662500E+03,  9.931000E-01
  0.000000E+00,  0.000000E+00,  0.000000E+00,  6.665000E+03,  9.931500E-01
  0.000000E+00,  0.000000E+00,  0.000000E+00,  6.667500E+03,  9.931800E-01
  0.000000E+00,  0.000000E+00,  0.000000E+00,  6.670000E+03,  9.931600E-01
  0.000000E+00,  0.000000E+00,  0.000000E+00,  6.672500E+03,  9.930900E-01
  0.000000E+00,  0.000000E+00,  0.000000E+00,  6.675000E+03,  9.929700E-01
  0.000000E+00,  0.000000E+00,  0.000000E+00,  6.677500E+03,  9.928100E-01
  0.000000E+00,  0.000000E+00,  0.000000E+00,  6.680000E+03,  9.926300E-01
  0.000000E+00,  0.000000E+00,  0.000000E+00,  6.682500E+03,  9.924300E-01
  0.000000E+00,  0.000000E+00,  0.000000E+00,  6.685000E+03,  9.922300E-01
  0.000000E+00,  0.000000E+00,  0.000000E+00,  6.687500E+03,  9.920100E-01
  0.000000E+00,  0.000000E+00,  0.000000E+00,  6.690000E+03,  9.917700E-01
  0.000000E+00,  0.000000E+00,  0.000000E+00,  6.692500E+03,  9.915100E-01
  0.000000E+00,  0.000000E+00,  0.000000E+00,  6.695000E+03,  9.912500E-01
  0.000000E+00,  0.000000E+00,  0.000000E+00,  6.697500E+03,  9.910400E-01
  0.000000E+00,  0.000000E+00,  0.000000E+00,  6.700000E+03,  9.909300E-01
  0.000000E+00,  0.000000E+00,  0.000000E+00,  6.702500E+03,  9.909700E-01
  0.000000E+00,  0.000000E+00,  0.000000E+00,  6.705000E+03,  9.911300E-01
  0.000000E+00,  0.000000E+00,  0.000000E+00,  6.707500E+03,  9.912800E-01
  0.000000E+00,  0.000000E+00,  0.000000E+00,  6.710000E+03,  9.912800E-01
  0.000000E+00,  0.000000E+00,  0.000000E+00,  6.712500E+03,  9.910300E-01
  0.000000E+00,  0.000000E+00,  0.000000E+00,  6.715000E+03,  9.906700E-01
  0.000000E+00,  0.000000E+00,  0.000000E+00,  6.717500E+03,  9.903300E-01
  0.000000E+00,  0.000000E+00,  0.000000E+00,  6.720000E+03,  9.901900E-01
  0.000000E+00,  0.000000E+00,  0.000000E+00,  6.722500E+03,  9.902900E-01
  0.000000E+00,  0.000000E+00,  0.000000E+00,  6.725000E+03,  9.906300E-01
  0.000000E+00,  0.000000E+00,  0.000000E+00,  6.727500E+03,  9.910000E-01
  0.000000E+00,  0.000000E+00,  0.000000E+00,  6.730000E+03,  9.912200E-01
  0.000000E+00,  0.000000E+00,  0.000000E+00,  6.732500E+03,  9.912300E-01
  0.000000E+00,  0.000000E+00,  0.000000E+00,  6.735000E+03,  9.911000E-01
  0.000000E+00,  0.000000E+00,  0.000000E+00,  6.737500E+03,  9.909300E-01
  0.000000E+00,  0.000000E+00,  0.000000E+00,  6.740000E+03,  9.907400E-01
  0.000000E+00,  0.000000E+00,  0.000000E+00,  6.742500E+03,  9.905900E-01
  0.000000E+00,  0.000000E+00,  0.000000E+00,  6.745000E+03,  9.904400E-01
  0.000000E+00,  0.000000E+00,  0.000000E+00,  6.747500E+03,  9.902800E-01
  0.000000E+00,  0.000000E+00,  0.000000E+00,  6.750000E+03,  9.900800E-01
  0.000000E+00,  0.000000E+00,  0.000000E+00,  6.752500E+03,  9.898300E-01
  0.000000E+00,  0.000000E+00,  0.000000E+00,  6.755000E+03,  9.895500E-01
  0.000000E+00,  0.000000E+00,  0.000000E+00,  6.757500E+03,  9.892800E-01
  0.000000E+00,  0.000000E+00,  0.000000E+00,  6.760000E+03,  9.890500E-01
  0.000000E+00,  0.000000E+00,  0.000000E+00,  6.762500E+03,  9.888700E-01
  0.000000E+00,  0.000000E+00,  0.000000E+00,  6.765000E+03,  9.887500E-01
  0.000000E+00,  0.000000E+00,  0.000000E+00,  6.767500E+03,  9.886800E-01
  0.000000E+00,  0.000000E+00,  0.000000E+00,  6.770000E+03,  9.886200E-01
  0.000000E+00,  0.000000E+00,  0.000000E+00,  6.772500E+03,  9.886000E-01
  0.000000E+00,  0.000000E+00,  0.000000E+00,  6.775000E+03,  9.885800E-01
  0.000000E+00,  0.000000E+00,  0.000000E+00,  6.777500E+03,  9.885900E-01
  0.000000E+00,  0.000000E+00,  0.000000E+00,  6.780000E+03,  9.886100E-01
  0.000000E+00,  0.000000E+00,  0.000000E+00,  6.782500E+03,  9.886400E-01
  0.000000E+00,  0.000000E+00,  0.000000E+00,  6.785000E+03,  9.886700E-01
  0.000000E+00,  0.000000E+00,  0.000000E+00,  6.787500E+03,  9.886800E-01
  0.000000E+00,  0.000000E+00,  0.000000E+00,  6.790000E+03,  9.886300E-01
  0.000000E+00,  0.000000E+00,  0.000000E+00,  6.792500E+03,  9.885100E-01
  0.000000E+00,  0.000000E+00,  0.000000E+00,  6.795000E+03,  9.883400E-01
  0.000000E+00,  0.000000E+00,  0.000000E+00,  6.797500E+03,  9.881500E-01
  0.000000E+00,  0.000000E+00,  0.000000E+00,  6.800000E+03,  9.879600E-01
  0.000000E+00,  0.000000E+00,  0.000000E+00,  6.802500E+03,  9.877900E-01
  0.000000E+00,  0.000000E+00,  0.000000E+00,  6.805000E+03,  9.876500E-01
  0.000000E+00,  0.000000E+00,  0.000000E+00,  6.807500E+03,  9.875000E-01
  0.000000E+00,  0.000000E+00,  0.000000E+00,  6.810000E+03,  9.873100E-01
  0.000000E+00,  0.000000E+00,  0.000000E+00,  6.812500E+03,  9.871100E-01
  0.000000E+00,  0.000000E+00,  0.000000E+00,  6.815000E+03,  9.868900E-01
  0.000000E+00,  0.000000E+00,  0.000000E+00,  6.817500E+03,  9.866900E-01
  0.000000E+00,  0.000000E+00,  0.000000E+00,  6.820000E+03,  9.865000E-01
  0.000000E+00,  0.000000E+00,  0.000000E+00,  6.822500E+03,  9.863300E-01
  0.000000E+00,  0.000000E+00,  0.000000E+00,  6.825000E+03,  9.862100E-01
  0.000000E+00,  0.000000E+00,  0.000000E+00,  6.827500E+03,  9.860900E-01
  0.000000E+00,  0.000000E+00,  0.000000E+00,  6.830000E+03,  9.859700E-01
  0.000000E+00,  0.000000E+00,  0.000000E+00,  6.832500E+03,  9.858300E-01
  0.000000E+00,  0.000000E+00,  0.000000E+00,  6.835000E+03,  9.856900E-01
  0.000000E+00,  0.000000E+00,  0.000000E+00,  6.837500E+03,  9.855700E-01
  0.000000E+00,  0.000000E+00,  0.000000E+00,  6.840000E+03,  9.854600E-01
  0.000000E+00,  0.000000E+00,  0.000000E+00,  6.842500E+03,  9.853600E-01
  0.000000E+00,  0.000000E+00,  0.000000E+00,  6.845000E+03,  9.853000E-01
  0.000000E+00,  0.000000E+00,  0.000000E+00,  6.847500E+03,  9.852300E-01
  0.000000E+00,  0.000000E+00,  0.000000E+00,  6.850000E+03,  9.851600E-01
  0.000000E+00,  0.000000E+00,  0.000000E+00,  6.852500E+03,  9.850600E-01
  0.000000E+00,  0.000000E+00,  0.000000E+00,  6.855000E+03,  9.849600E-01
  0.000000E+00,  0.000000E+00,  0.000000E+00,  6.857500E+03,  9.848500E-01
  0.000000E+00,  0.000000E+00,  0.000000E+00,  6.860000E+03,  9.847100E-01
  0.000000E+00,  0.000000E+00,  0.000000E+00,  6.862500E+03,  9.845800E-01
  0.000000E+00,  0.000000E+00,  0.000000E+00,  6.865000E+03,  9.844500E-01
  0.000000E+00,  0.000000E+00,  0.000000E+00,  6.867500E+03,  9.843100E-01
  0.000000E+00,  0.000000E+00,  0.000000E+00,  6.870000E+03,  9.841600E-01
  0.000000E+00,  0.000000E+00,  0.000000E+00,  6.872500E+03,  9.839900E-01
  0.000000E+00,  0.000000E+00,  0.000000E+00,  6.875000E+03,  9.838300E-01
  0.000000E+00,  0.000000E+00,  0.000000E+00,  6.877500E+03,  9.836900E-01
  0.000000E+00,  0.000000E+00,  0.000000E+00,  6.880000E+03,  9.836200E-01
  0.000000E+00,  0.000000E+00,  0.000000E+00,  6.882500E+03,  9.836500E-01
  0.000000E+00,  0.000000E+00,  0.000000E+00,  6.885000E+03,  9.837700E-01
  0.000000E+00,  0.000000E+00,  0.000000E+00,  6.887500E+03,  9.838500E-01
  0.000000E+00,  0.000000E+00,  0.000000E+00,  6.890000E+03,  9.838100E-01
  0.000000E+00,  0.000000E+00,  0.000000E+00,  6.892500E+03,  9.835600E-01
  0.000000E+00,  0.000000E+00,  0.000000E+00,  6.895000E+03,  9.832000E-01
  0.000000E+00,  0.000000E+00,  0.000000E+00,  6.897500E+03,  9.828400E-01
  0.000000E+00,  0.000000E+00,  0.000000E+00,  6.900000E+03,  9.825600E-01
  0.000000E+00,  0.000000E+00,  0.000000E+00,  6.902500E+03,  9.824100E-01
  0.000000E+00,  0.000000E+00,  0.000000E+00,  6.905000E+03,  9.823800E-01
  0.000000E+00,  0.000000E+00,  0.000000E+00,  6.907500E+03,  9.824300E-01
  0.000000E+00,  0.000000E+00,  0.000000E+00,  6.910000E+03,  9.825500E-01
  0.000000E+00,  0.000000E+00,  0.000000E+00,  6.912500E+03,  9.828000E-01
  0.000000E+00,  0.000000E+00,  0.000000E+00,  6.915000E+03,  9.831000E-01
  0.000000E+00,  0.000000E+00,  0.000000E+00,  6.917500E+03,  9.833000E-01
  0.000000E+00,  0.000000E+00,  0.000000E+00,  6.920000E+03,  9.832400E-01
  0.000000E+00,  0.000000E+00,  0.000000E+00,  6.922500E+03,  9.828000E-01
  0.000000E+00,  0.000000E+00,  0.000000E+00,  6.925000E+03,  9.820300E-01
  0.000000E+00,  0.000000E+00,  0.000000E+00,  6.927500E+03,  9.812700E-01
  0.000000E+00,  0.000000E+00,  0.000000E+00,  6.930000E+03,  9.807800E-01
  0.000000E+00,  0.000000E+00,  0.000000E+00,  6.932500E+03,  9.806900E-01
  0.000000E+00,  0.000000E+00,  0.000000E+00,  6.935000E+03,  9.808500E-01
  0.000000E+00,  0.000000E+00,  0.000000E+00,  6.937500E+03,  9.810400E-01
  0.000000E+00,  0.000000E+00,  0.000000E+00,  6.940000E+03,  9.811000E-01
  0.000000E+00,  0.000000E+00,  0.000000E+00,  6.942500E+03,  9.809400E-01
  0.000000E+00,  0.000000E+00,  0.000000E+00,  6.945000E+03,  9.805800E-01
  0.000000E+00,  0.000000E+00,  0.000000E+00,  6.947500E+03,  9.802100E-01
  0.000000E+00,  0.000000E+00,  0.000000E+00,  6.950000E+03,  9.799400E-01
  0.000000E+00,  0.000000E+00,  0.000000E+00,  6.952500E+03,  9.798300E-01
  0.000000E+00,  0.000000E+00,  0.000000E+00,  6.955000E+03,  9.798000E-01
  0.000000E+00,  0.000000E+00,  0.000000E+00,  6.957500E+03,  9.797800E-01
  0.000000E+00,  0.000000E+00,  0.000000E+00,  6.960000E+03,  9.797300E-01
  0.000000E+00,  0.000000E+00,  0.000000E+00,  6.962500E+03,  9.796300E-01
  0.000000E+00,  0.000000E+00,  0.000000E+00,  6.965000E+03,  9.794600E-01
  0.000000E+00,  0.000000E+00,  0.000000E+00,  6.967500E+03,  9.792800E-01
  0.000000E+00,  0.000000E+00,  0.000000E+00,  6.970000E+03,  9.790800E-01
  0.000000E+00,  0.000000E+00,  0.000000E+00,  6.972500E+03,  9.788600E-01
  0.000000E+00,  0.000000E+00,  0.000000E+00,  6.975000E+03,  9.786300E-01
  0.000000E+00,  0.000000E+00,  0.000000E+00,  6.977500E+03,  9.784400E-01
  0.000000E+00,  0.000000E+00,  0.000000E+00,  6.980000E+03,  9.783200E-01
  0.000000E+00,  0.000000E+00,  0.000000E+00,  6.982500E+03,  9.783200E-01
  0.000000E+00,  0.000000E+00,  0.000000E+00,  6.985000E+03,  9.784100E-01
  0.000000E+00,  0.000000E+00,  0.000000E+00,  6.987500E+03,  9.784900E-01
  0.000000E+00,  0.000000E+00,  0.000000E+00,  6.990000E+03,  9.785000E-01
  0.000000E+00,  0.000000E+00,  0.000000E+00,  6.992500E+03,  9.783900E-01
  0.000000E+00,  0.000000E+00,  0.000000E+00,  6.995000E+03,  9.782000E-01
  0.000000E+00,  0.000000E+00,  0.000000E+00,  6.997500E+03,  9.779900E-01
  0.000000E+00,  0.000000E+00,  0.000000E+00,  7.000000E+03,  9.778000E-01
  0.000000E+00,  0.000000E+00,  0.000000E+00,  7.002500E+03,  9.776900E-01
  0.000000E+00,  0.000000E+00,  0.000000E+00,  7.005000E+03,  9.776300E-01
  0.000000E+00,  0.000000E+00,  0.000000E+00,  7.007500E+03,  9.775000E-01
  0.000000E+00,  0.000000E+00,  0.000000E+00,  7.010000E+03,  9.771900E-01
  0.000000E+00,  0.000000E+00,  0.000000E+00,  7.012500E+03,  9.766500E-01
  0.000000E+00,  0.000000E+00,  0.000000E+00,  7.015000E+03,  9.759700E-01
  0.000000E+00,  0.000000E+00,  0.000000E+00,  7.017500E+03,  9.752800E-01
  0.000000E+00,  0.000000E+00,  0.000000E+00,  7.020000E+03,  9.747000E-01
  0.000000E+00,  0.000000E+00,  0.000000E+00,  7.022500E+03,  9.742800E-01
  0.000000E+00,  0.000000E+00,  0.000000E+00,  7.025000E+03,  9.740100E-01
  0.000000E+00,  0.000000E+00,  0.000000E+00,  7.027500E+03,  9.738400E-01
  0.000000E+00,  0.000000E+00,  0.000000E+00,  7.030000E+03,  9.737800E-01
  0.000000E+00,  0.000000E+00,  0.000000E+00,  7.032500E+03,  9.738500E-01
  0.000000E+00,  0.000000E+00,  0.000000E+00,  7.035000E+03,  9.740000E-01
  0.000000E+00,  0.000000E+00,  0.000000E+00,  7.037500E+03,  9.741600E-01
  0.000000E+00,  0.000000E+00,  0.000000E+00,  7.040000E+03,  9.742500E-01
  0.000000E+00,  0.000000E+00,  0.000000E+00,  7.042500E+03,  9.742200E-01
  0.000000E+00,  0.000000E+00,  0.000000E+00,  7.045000E+03,  9.740900E-01
  0.000000E+00,  0.000000E+00,  0.000000E+00,  7.047500E+03,  9.739100E-01
  0.000000E+00,  0.000000E+00,  0.000000E+00,  7.050000E+03,  9.737700E-01
  0.000000E+00,  0.000000E+00,  0.000000E+00,  7.052500E+03,  9.737000E-01
  0.000000E+00,  0.000000E+00,  0.000000E+00,  7.055000E+03,  9.736300E-01
  0.000000E+00,  0.000000E+00,  0.000000E+00,  7.057500E+03,  9.735100E-01
  0.000000E+00,  0.000000E+00,  0.000000E+00,  7.060000E+03,  9.733200E-01
  0.000000E+00,  0.000000E+00,  0.000000E+00,  7.062500E+03,  9.730300E-01
  0.000000E+00,  0.000000E+00,  0.000000E+00,  7.065000E+03,  9.726300E-01
  0.000000E+00,  0.000000E+00,  0.000000E+00,  7.067500E+03,  9.722000E-01
  0.000000E+00,  0.000000E+00,  0.000000E+00,  7.070000E+03,  9.717800E-01
  0.000000E+00,  0.000000E+00,  0.000000E+00,  7.072500E+03,  9.713800E-01
  0.000000E+00,  0.000000E+00,  0.000000E+00,  7.075000E+03,  9.710000E-01
  0.000000E+00,  0.000000E+00,  0.000000E+00,  7.077500E+03,  9.706300E-01
  0.000000E+00,  0.000000E+00,  0.000000E+00,  7.080000E+03,  9.702900E-01
  0.000000E+00,  0.000000E+00,  0.000000E+00,  7.082500E+03,  9.699600E-01
  0.000000E+00,  0.000000E+00,  0.000000E+00,  7.085000E+03,  9.696700E-01
  0.000000E+00,  0.000000E+00,  0.000000E+00,  7.087500E+03,  9.694100E-01
  0.000000E+00,  0.000000E+00,  0.000000E+00,  7.090000E+03,  9.692100E-01
  0.000000E+00,  0.000000E+00,  0.000000E+00,  7.092500E+03,  9.690600E-01
  0.000000E+00,  0.000000E+00,  0.000000E+00,  7.095000E+03,  9.689800E-01
  0.000000E+00,  0.000000E+00,  0.000000E+00,  7.097500E+03,  9.689100E-01
  0.000000E+00,  0.000000E+00,  0.000000E+00,  7.100000E+03,  9.688200E-01
  0.000000E+00,  0.000000E+00,  0.000000E+00,  7.102500E+03,  9.687100E-01
  0.000000E+00,  0.000000E+00,  0.000000E+00,  7.105000E+03,  9.685700E-01
  0.000000E+00,  0.000000E+00,  0.000000E+00,  7.107500E+03,  9.684100E-01
  0.000000E+00,  0.000000E+00,  0.000000E+00,  7.110000E+03,  9.682600E-01
  0.000000E+00,  0.000000E+00,  0.000000E+00,  7.112500E+03,  9.680800E-01
  0.000000E+00,  0.000000E+00,  0.000000E+00,  7.115000E+03,  9.678900E-01
  0.000000E+00,  0.000000E+00,  0.000000E+00,  7.117500E+03,  9.676900E-01
  0.000000E+00,  0.000000E+00,  0.000000E+00,  7.120000E+03,  9.674800E-01
  0.000000E+00,  0.000000E+00,  0.000000E+00,  7.122500E+03,  9.672500E-01
  0.000000E+00,  0.000000E+00,  0.000000E+00,  7.125000E+03,  9.670000E-01
  0.000000E+00,  0.000000E+00,  0.000000E+00,  7.127500E+03,  9.667600E-01
  0.000000E+00,  0.000000E+00,  0.000000E+00,  7.130000E+03,  9.665600E-01
  0.000000E+00,  0.000000E+00,  0.000000E+00,  7.132500E+03,  9.664200E-01
  0.000000E+00,  0.000000E+00,  0.000000E+00,  7.135000E+03,  9.663100E-01
  0.000000E+00,  0.000000E+00,  0.000000E+00,  7.137500E+03,  9.661500E-01
  0.000000E+00,  0.000000E+00,  0.000000E+00,  7.140000E+03,  9.659100E-01
  0.000000E+00,  0.000000E+00,  0.000000E+00,  7.142500E+03,  9.655500E-01
  0.000000E+00,  0.000000E+00,  0.000000E+00,  7.145000E+03,  9.650700E-01
  0.000000E+00,  0.000000E+00,  0.000000E+00,  7.147500E+03,  9.646000E-01
  0.000000E+00,  0.000000E+00,  0.000000E+00,  7.150000E+03,  9.642100E-01
  0.000000E+00,  0.000000E+00,  0.000000E+00,  7.152500E+03,  9.639500E-01
  0.000000E+00,  0.000000E+00,  0.000000E+00,  7.155000E+03,  9.637800E-01
  0.000000E+00,  0.000000E+00,  0.000000E+00,  7.157500E+03,  9.636300E-01
  0.000000E+00,  0.000000E+00,  0.000000E+00,  7.160000E+03,  9.634900E-01
  0.000000E+00,  0.000000E+00,  0.000000E+00,  7.162500E+03,  9.633500E-01
  0.000000E+00,  0.000000E+00,  0.000000E+00,  7.165000E+03,  9.632100E-01
  0.000000E+00,  0.000000E+00,  0.000000E+00,  7.167500E+03,  9.630100E-01
  0.000000E+00,  0.000000E+00,  0.000000E+00,  7.170000E+03,  9.627500E-01
  0.000000E+00,  0.000000E+00,  0.000000E+00,  7.172500E+03,  9.623600E-01
  0.000000E+00,  0.000000E+00,  0.000000E+00,  7.175000E+03,  9.619000E-01
  0.000000E+00,  0.000000E+00,  0.000000E+00,  7.177500E+03,  9.614400E-01
  0.000000E+00,  0.000000E+00,  0.000000E+00,  7.180000E+03,  9.610000E-01
  0.000000E+00,  0.000000E+00,  0.000000E+00,  7.182500E+03,  9.605800E-01
  0.000000E+00,  0.000000E+00,  0.000000E+00,  7.185000E+03,  9.602100E-01
  0.000000E+00,  0.000000E+00,  0.000000E+00,  7.187500E+03,  9.599200E-01
  0.000000E+00,  0.000000E+00,  0.000000E+00,  7.190000E+03,  9.597900E-01
  0.000000E+00,  0.000000E+00,  0.000000E+00,  7.192500E+03,  9.598800E-01
  0.000000E+00,  0.000000E+00,  0.000000E+00,  7.195000E+03,  9.600900E-01
  0.000000E+00,  0.000000E+00,  0.000000E+00,  7.197500E+03,  9.602400E-01
  0.000000E+00,  0.000000E+00,  0.000000E+00,  7.200000E+03,  9.601600E-01
  0.000000E+00,  0.000000E+00,  0.000000E+00,  7.202500E+03,  9.597600E-01
  0.000000E+00,  0.000000E+00,  0.000000E+00,  7.205000E+03,  9.590700E-01
  0.000000E+00,  0.000000E+00,  0.000000E+00,  7.207500E+03,  9.583100E-01
  0.000000E+00,  0.000000E+00,  0.000000E+00,  7.210000E+03,  9.576800E-01
  0.000000E+00,  0.000000E+00,  0.000000E+00,  7.212500E+03,  9.572300E-01
  0.000000E+00,  0.000000E+00,  0.000000E+00,  7.215000E+03,  9.568900E-01
  0.000000E+00,  0.000000E+00,  0.000000E+00,  7.217500E+03,  9.565700E-01
  0.000000E+00,  0.000000E+00,  0.000000E+00,  7.220000E+03,  9.562300E-01
  0.000000E+00,  0.000000E+00,  0.000000E+00,  7.222500E+03,  9.557900E-01
  0.000000E+00,  0.000000E+00,  0.000000E+00,  7.225000E+03,  9.552900E-01
  0.000000E+00,  0.000000E+00,  0.000000E+00,  7.227500E+03,  9.548500E-01
  0.000000E+00,  0.000000E+00,  0.000000E+00,  7.230000E+03,  9.546100E-01
  0.000000E+00,  0.000000E+00,  0.000000E+00,  7.232500E+03,  9.546200E-01
  0.000000E+00,  0.000000E+00,  0.000000E+00,  7.235000E+03,  9.547700E-01
  0.000000E+00,  0.000000E+00,  0.000000E+00,  7.237500E+03,  9.549100E-01
  0.000000E+00,  0.000000E+00,  0.000000E+00,  7.240000E+03,  9.548600E-01
  0.000000E+00,  0.000000E+00,  0.000000E+00,  7.242500E+03,  9.544900E-01
  0.000000E+00,  0.000000E+00,  0.000000E+00,  7.245000E+03,  9.538500E-01
  0.000000E+00,  0.000000E+00,  0.000000E+00,  7.247500E+03,  9.532300E-01
  0.000000E+00,  0.000000E+00,  0.000000E+00,  7.250000E+03,  9.528800E-01
  0.000000E+00,  0.000000E+00,  0.000000E+00,  7.252500E+03,  9.528800E-01
  0.000000E+00,  0.000000E+00,  0.000000E+00,  7.255000E+03,  9.530800E-01
  0.000000E+00,  0.000000E+00,  0.000000E+00,  7.257500E+03,  9.532900E-01
  0.000000E+00,  0.000000E+00,  0.000000E+00,  7.260000E+03,  9.533300E-01
  0.000000E+00,  0.000000E+00,  0.000000E+00,  7.262500E+03,  9.531000E-01
  0.000000E+00,  0.000000E+00,  0.000000E+00,  7.265000E+03,  9.526300E-01
  0.000000E+00,  0.000000E+00,  0.000000E+00,  7.267500E+03,  9.520700E-01
  0.000000E+00,  0.000000E+00,  0.000000E+00,  7.270000E+03,  9.514700E-01
  0.000000E+00,  0.000000E+00,  0.000000E+00,  7.272500E+03,  9.508500E-01
  0.000000E+00,  0.000000E+00,  0.000000E+00,  7.275000E+03,  9.502300E-01
  0.000000E+00,  0.000000E+00,  0.000000E+00,  7.277500E+03,  9.496100E-01
  0.000000E+00,  0.000000E+00,  0.000000E+00,  7.280000E+03,  9.490900E-01
  0.000000E+00,  0.000000E+00,  0.000000E+00,  7.282500E+03,  9.486800E-01
  0.000000E+00,  0.000000E+00,  0.000000E+00,  7.285000E+03,  9.483900E-01
  0.000000E+00,  0.000000E+00,  0.000000E+00,  7.287500E+03,  9.481200E-01
  0.000000E+00,  0.000000E+00,  0.000000E+00,  7.290000E+03,  9.477800E-01
  0.000000E+00,  0.000000E+00,  0.000000E+00,  7.292500E+03,  9.473200E-01
  0.000000E+00,  0.000000E+00,  0.000000E+00,  7.295000E+03,  9.468100E-01
  0.000000E+00,  0.000000E+00,  0.000000E+00,  7.297500E+03,  9.463300E-01
  0.000000E+00,  0.000000E+00,  0.000000E+00,  7.300000E+03,  9.460000E-01
  0.000000E+00,  0.000000E+00,  0.000000E+00,  7.302500E+03,  9.458400E-01
  0.000000E+00,  0.000000E+00,  0.000000E+00,  7.305000E+03,  9.458500E-01
  0.000000E+00,  0.000000E+00,  0.000000E+00,  7.307500E+03,  9.458700E-01
  0.000000E+00,  0.000000E+00,  0.000000E+00,  7.310000E+03,  9.457400E-01
  0.000000E+00,  0.000000E+00,  0.000000E+00,  7.312500E+03,  9.454300E-01
  0.000000E+00,  0.000000E+00,  0.000000E+00,  7.315000E+03,  9.450000E-01
  0.000000E+00,  0.000000E+00,  0.000000E+00,  7.317500E+03,  9.445500E-01
  0.000000E+00,  0.000000E+00,  0.000000E+00,  7.320000E+03,  9.441500E-01
  0.000000E+00,  0.000000E+00,  0.000000E+00,  7.322500E+03,  9.438400E-01
  0.000000E+00,  0.000000E+00,  0.000000E+00,  7.325000E+03,  9.436300E-01
  0.000000E+00,  0.000000E+00,  0.000000E+00,  7.327500E+03,  9.434200E-01
  0.000000E+00,  0.000000E+00,  0.000000E+00,  7.330000E+03,  9.431700E-01
  0.000000E+00,  0.000000E+00,  0.000000E+00,  7.332500E+03,  9.428700E-01
  0.000000E+00,  0.000000E+00,  0.000000E+00,  7.335000E+03,  9.425400E-01
  0.000000E+00,  0.000000E+00,  0.000000E+00,  7.337500E+03,  9.422000E-01
  0.000000E+00,  0.000000E+00,  0.000000E+00,  7.340000E+03,  9.418500E-01
  0.000000E+00,  0.000000E+00,  0.000000E+00,  7.342500E+03,  9.415000E-01
  0.000000E+00,  0.000000E+00,  0.000000E+00,  7.345000E+03,  9.411700E-01
  0.000000E+00,  0.000000E+00,  0.000000E+00,  7.347500E+03,  9.407900E-01
  0.000000E+00,  0.000000E+00,  0.000000E+00,  7.350000E+03,  9.403300E-01
  0.000000E+00,  0.000000E+00,  0.000000E+00,  7.352500E+03,  9.397600E-01
  0.000000E+00,  0.000000E+00,  0.000000E+00,  7.355000E+03,  9.391300E-01
  0.000000E+00,  0.000000E+00,  0.000000E+00,  7.357500E+03,  9.384700E-01
  0.000000E+00,  0.000000E+00,  0.000000E+00,  7.360000E+03,  9.378500E-01
  0.000000E+00,  0.000000E+00,  0.000000E+00,  7.362500E+03,  9.372800E-01
  0.000000E+00,  0.000000E+00,  0.000000E+00,  7.365000E+03,  9.367600E-01
  0.000000E+00,  0.000000E+00,  0.000000E+00,  7.367500E+03,  9.363000E-01
  0.000000E+00,  0.000000E+00,  0.000000E+00,  7.370000E+03,  9.359300E-01
  0.000000E+00,  0.000000E+00,  0.000000E+00,  7.372500E+03,  9.356500E-01
  0.000000E+00,  0.000000E+00,  0.000000E+00,  7.375000E+03,  9.354700E-01
  0.000000E+00,  0.000000E+00,  0.000000E+00,  7.377500E+03,  9.353000E-01
  0.000000E+00,  0.000000E+00,  0.000000E+00,  7.380000E+03,  9.351400E-01
  0.000000E+00,  0.000000E+00,  0.000000E+00,  7.382500E+03,  9.349500E-01
  0.000000E+00,  0.000000E+00,  0.000000E+00,  7.385000E+03,  9.347200E-01
  0.000000E+00,  0.000000E+00,  0.000000E+00,  7.387500E+03,  9.344600E-01
  0.000000E+00,  0.000000E+00,  0.000000E+00,  7.390000E+03,  9.341500E-01
  0.000000E+00,  0.000000E+00,  0.000000E+00,  7.392500E+03,  9.337900E-01
  0.000000E+00,  0.000000E+00,  0.000000E+00,  7.395000E+03,  9.333700E-01
  0.000000E+00,  0.000000E+00,  0.000000E+00,  7.397500E+03,  9.329000E-01
  0.000000E+00,  0.000000E+00,  0.000000E+00,  7.400000E+03,  9.323900E-01
  0.000000E+00,  0.000000E+00,  0.000000E+00,  7.402500E+03,  9.318400E-01
  0.000000E+00,  0.000000E+00,  0.000000E+00,  7.405000E+03,  9.312600E-01
  0.000000E+00,  0.000000E+00,  0.000000E+00,  7.407500E+03,  9.306700E-01
  0.000000E+00,  0.000000E+00,  0.000000E+00,  7.410000E+03,  9.300800E-01
  0.000000E+00,  0.000000E+00,  0.000000E+00,  7.412500E+03,  9.295200E-01
  0.000000E+00,  0.000000E+00,  0.000000E+00,  7.415000E+03,  9.289800E-01
  0.000000E+00,  0.000000E+00,  0.000000E+00,  7.417500E+03,  9.284600E-01
  0.000000E+00,  0.000000E+00,  0.000000E+00,  7.420000E+03,  9.280100E-01
  0.000000E+00,  0.000000E+00,  0.000000E+00,  7.422500E+03,  9.276400E-01
  0.000000E+00,  0.000000E+00,  0.000000E+00,  7.425000E+03,  9.273300E-01
  0.000000E+00,  0.000000E+00,  0.000000E+00,  7.427500E+03,  9.270100E-01
  0.000000E+00,  0.000000E+00,  0.000000E+00,  7.430000E+03,  9.265900E-01
  0.000000E+00,  0.000000E+00,  0.000000E+00,  7.432500E+03,  9.260400E-01
  0.000000E+00,  0.000000E+00,  0.000000E+00,  7.435000E+03,  9.254200E-01
  0.000000E+00,  0.000000E+00,  0.000000E+00,  7.437500E+03,  9.248000E-01
  0.000000E+00,  0.000000E+00,  0.000000E+00,  7.440000E+03,  9.242700E-01
  0.000000E+00,  0.000000E+00,  0.000000E+00,  7.442500E+03,  9.238900E-01
  0.000000E+00,  0.000000E+00,  0.000000E+00,  7.445000E+03,  9.236400E-01
  0.000000E+00,  0.000000E+00,  0.000000E+00,  7.447500E+03,  9.233700E-01
  0.000000E+00,  0.000000E+00,  0.000000E+00,  7.450000E+03,  9.229600E-01
  0.000000E+00,  0.000000E+00,  0.000000E+00,  7.452500E+03,  9.223800E-01
  0.000000E+00,  0.000000E+00,  0.000000E+00,  7.455000E+03,  9.216800E-01
  0.000000E+00,  0.000000E+00,  0.000000E+00,  7.457500E+03,  9.209800E-01
  0.000000E+00,  0.000000E+00,  0.000000E+00,  7.460000E+03,  9.203000E-01
  0.000000E+00,  0.000000E+00,  0.000000E+00,  7.462500E+03,  9.197000E-01
  0.000000E+00,  0.000000E+00,  0.000000E+00,  7.465000E+03,  9.191600E-01
  0.000000E+00,  0.000000E+00,  0.000000E+00,  7.467500E+03,  9.186900E-01
  0.000000E+00,  0.000000E+00,  0.000000E+00,  7.470000E+03,  9.183300E-01
  0.000000E+00,  0.000000E+00,  0.000000E+00,  7.472500E+03,  9.180900E-01
  0.000000E+00,  0.000000E+00,  0.000000E+00,  7.475000E+03,  9.179500E-01
  0.000000E+00,  0.000000E+00,  0.000000E+00,  7.477500E+03,  9.178000E-01
  0.000000E+00,  0.000000E+00,  0.000000E+00,  7.480000E+03,  9.175400E-01
  0.000000E+00,  0.000000E+00,  0.000000E+00,  7.482500E+03,  9.171500E-01
  0.000000E+00,  0.000000E+00,  0.000000E+00,  7.485000E+03,  9.166200E-01
  0.000000E+00,  0.000000E+00,  0.000000E+00,  7.487500E+03,  9.160500E-01
  0.000000E+00,  0.000000E+00,  0.000000E+00,  7.490000E+03,  9.154400E-01
  0.000000E+00,  0.000000E+00,  0.000000E+00,  7.492500E+03,  9.148200E-01
  0.000000E+00,  0.000000E+00,  0.000000E+00,  7.495000E+03,  9.141700E-01
  0.000000E+00,  0.000000E+00,  0.000000E+00,  7.497500E+03,  9.135500E-01
  0.000000E+00,  0.000000E+00,  0.000000E+00,  7.500000E+03,  9.129900E-01
  0.000000E+00,  0.000000E+00,  0.000000E+00,  7.502500E+03,  9.125200E-01
  0.000000E+00,  0.000000E+00,  0.000000E+00,  7.505000E+03,  9.121100E-01
  0.000000E+00,  0.000000E+00,  0.000000E+00,  7.507500E+03,  9.117400E-01
  0.000000E+00,  0.000000E+00,  0.000000E+00,  7.510000E+03,  9.114000E-01
  0.000000E+00,  0.000000E+00,  0.000000E+00,  7.512500E+03,  9.110900E-01
  0.000000E+00,  0.000000E+00,  0.000000E+00,  7.515000E+03,  9.107800E-01
  0.000000E+00,  0.000000E+00,  0.000000E+00,  7.517500E+03,  9.104100E-01
  0.000000E+00,  0.000000E+00,  0.000000E+00,  7.520000E+03,  9.099100E-01
  0.000000E+00,  0.000000E+00,  0.000000E+00,  7.522500E+03,  9.092100E-01
  0.000000E+00,  0.000000E+00,  0.000000E+00,  7.525000E+03,  9.083500E-01
  0.000000E+00,  0.000000E+00,  0.000000E+00,  7.527500E+03,  9.074800E-01
  0.000000E+00,  0.000000E+00,  0.000000E+00,  7.530000E+03,  9.066900E-01
  0.000000E+00,  0.000000E+00,  0.000000E+00,  7.532500E+03,  9.059900E-01
  0.000000E+00,  0.000000E+00,  0.000000E+00,  7.535000E+03,  9.053900E-01
  0.000000E+00,  0.000000E+00,  0.000000E+00,  7.537500E+03,  9.048600E-01
  0.000000E+00,  0.000000E+00,  0.000000E+00,  7.540000E+03,  9.044600E-01
  0.000000E+00,  0.000000E+00,  0.000000E+00,  7.542500E+03,  9.041900E-01
  0.000000E+00,  0.000000E+00,  0.000000E+00,  7.545000E+03,  9.040200E-01
  0.000000E+00,  0.000000E+00,  0.000000E+00,  7.547500E+03,  9.038500E-01
  0.000000E+00,  0.000000E+00,  0.000000E+00,  7.550000E+03,  9.035500E-01
  0.000000E+00,  0.000000E+00,  0.000000E+00,  7.552500E+03,  9.030800E-01
  0.000000E+00,  0.000000E+00,  0.000000E+00,  7.555000E+03,  9.024900E-01
  0.000000E+00,  0.000000E+00,  0.000000E+00,  7.557500E+03,  9.018700E-01
  0.000000E+00,  0.000000E+00,  0.000000E+00,  7.560000E+03,  9.012600E-01
  0.000000E+00,  0.000000E+00,  0.000000E+00,  7.562500E+03,  9.007300E-01
  0.000000E+00,  0.000000E+00,  0.000000E+00,  7.565000E+03,  9.002700E-01
  0.000000E+00,  0.000000E+00,  0.000000E+00,  7.567500E+03,  8.998000E-01
  0.000000E+00,  0.000000E+00,  0.000000E+00,  7.570000E+03,  8.992700E-01
  0.000000E+00,  0.000000E+00,  0.000000E+00,  7.572500E+03,  8.986600E-01
  0.000000E+00,  0.000000E+00,  0.000000E+00,  7.575000E+03,  8.980200E-01
  0.000000E+00,  0.000000E+00,  0.000000E+00,  7.577500E+03,  8.973900E-01
  0.000000E+00,  0.000000E+00,  0.000000E+00,  7.580000E+03,  8.968100E-01
  0.000000E+00,  0.000000E+00,  0.000000E+00,  7.582500E+03,  8.963100E-01
  0.000000E+00,  0.000000E+00,  0.000000E+00,  7.585000E+03,  8.959000E-01
  0.000000E+00,  0.000000E+00,  0.000000E+00,  7.587500E+03,  8.954500E-01
  0.000000E+00,  0.000000E+00,  0.000000E+00,  7.590000E+03,  8.948500E-01
  0.000000E+00,  0.000000E+00,  0.000000E+00,  7.592500E+03,  8.940600E-01
  0.000000E+00,  0.000000E+00,  0.000000E+00,  7.595000E+03,  8.931500E-01
  0.000000E+00,  0.000000E+00,  0.000000E+00,  7.597500E+03,  8.922400E-01
  0.000000E+00,  0.000000E+00,  0.000000E+00,  7.600000E+03,  8.914300E-01
  0.000000E+00,  0.000000E+00,  0.000000E+00,  7.602500E+03,  8.907800E-01
  0.000000E+00,  0.000000E+00,  0.000000E+00,  7.605000E+03,  8.902500E-01
  0.000000E+00,  0.000000E+00,  0.000000E+00,  7.607500E+03,  8.898000E-01
  0.000000E+00,  0.000000E+00,  0.000000E+00,  7.610000E+03,  8.893700E-01
  0.000000E+00,  0.000000E+00,  0.000000E+00,  7.612500E+03,  8.889700E-01
  0.000000E+00,  0.000000E+00,  0.000000E+00,  7.615000E+03,  8.885800E-01
  0.000000E+00,  0.000000E+00,  0.000000E+00,  7.617500E+03,  8.881900E-01
  0.000000E+00,  0.000000E+00,  0.000000E+00,  7.620000E+03,  8.877500E-01
  0.000000E+00,  0.000000E+00,  0.000000E+00,  7.622500E+03,  8.872400E-01
  0.000000E+00,  0.000000E+00,  0.000000E+00,  7.625000E+03,  8.866500E-01
  0.000000E+00,  0.000000E+00,  0.000000E+00,  7.627500E+03,  8.860500E-01
  0.000000E+00,  0.000000E+00,  0.000000E+00,  7.630000E+03,  8.855000E-01
  0.000000E+00,  0.000000E+00,  0.000000E+00,  7.632500E+03,  8.850100E-01
  0.000000E+00,  0.000000E+00,  0.000000E+00,  7.635000E+03,  8.845300E-01
  0.000000E+00,  0.000000E+00,  0.000000E+00,  7.637500E+03,  8.840600E-01
  0.000000E+00,  0.000000E+00,  0.000000E+00,  7.640000E+03,  8.835600E-01
  0.000000E+00,  0.000000E+00,  0.000000E+00,  7.642500E+03,  8.830200E-01
  0.000000E+00,  0.000000E+00,  0.000000E+00,  7.645000E+03,  8.824300E-01
  0.000000E+00,  0.000000E+00,  0.000000E+00,  7.647500E+03,  8.818100E-01
  0.000000E+00,  0.000000E+00,  0.000000E+00,  7.650000E+03,  8.811900E-01
  0.000000E+00,  0.000000E+00,  0.000000E+00,  7.652500E+03,  8.805400E-01
  0.000000E+00,  0.000000E+00,  0.000000E+00,  7.655000E+03,  8.798900E-01
  0.000000E+00,  0.000000E+00,  0.000000E+00,  7.657500E+03,  8.791700E-01
  0.000000E+00,  0.000000E+00,  0.000000E+00,  7.660000E+03,  8.784100E-01
  0.000000E+00,  0.000000E+00,  0.000000E+00,  7.662500E+03,  8.775300E-01
  0.000000E+00,  0.000000E+00,  0.000000E+00,  7.665000E+03,  8.765600E-01
  0.000000E+00,  0.000000E+00,  0.000000E+00,  7.667500E+03,  8.756400E-01
  0.000000E+00,  0.000000E+00,  0.000000E+00,  7.670000E+03,  8.749400E-01
  0.000000E+00,  0.000000E+00,  0.000000E+00,  7.672500E+03,  8.745000E-01
  0.000000E+00,  0.000000E+00,  0.000000E+00,  7.675000E+03,  8.742200E-01
  0.000000E+00,  0.000000E+00,  0.000000E+00,  7.677500E+03,  8.739300E-01
  0.000000E+00,  0.000000E+00,  0.000000E+00,  7.680000E+03,  8.734600E-01
  0.000000E+00,  0.000000E+00,  0.000000E+00,  7.682500E+03,  8.727000E-01
  0.000000E+00,  0.000000E+00,  0.000000E+00,  7.685000E+03,  8.716800E-01
  0.000000E+00,  0.000000E+00,  0.000000E+00,  7.687500E+03,  8.706300E-01
  0.000000E+00,  0.000000E+00,  0.000000E+00,  7.690000E+03,  8.696700E-01
  0.000000E+00,  0.000000E+00,  0.000000E+00,  7.692500E+03,  8.688200E-01
  0.000000E+00,  0.000000E+00,  0.000000E+00,  7.695000E+03,  8.680600E-01
  0.000000E+00,  0.000000E+00,  0.000000E+00,  7.697500E+03,  8.673700E-01
  0.000000E+00,  0.000000E+00,  0.000000E+00,  7.700000E+03,  8.667600E-01
  0.000000E+00,  0.000000E+00,  0.000000E+00,  7.702500E+03,  8.662400E-01
  0.000000E+00,  0.000000E+00,  0.000000E+00,  7.705000E+03,  8.658100E-01
  0.000000E+00,  0.000000E+00,  0.000000E+00,  7.707500E+03,  8.653700E-01
  0.000000E+00,  0.000000E+00,  0.000000E+00,  7.710000E+03,  8.648300E-01
  0.000000E+00,  0.000000E+00,  0.000000E+00,  7.712500E+03,  8.641400E-01
  0.000000E+00,  0.000000E+00,  0.000000E+00,  7.715000E+03,  8.633700E-01
  0.000000E+00,  0.000000E+00,  0.000000E+00,  7.717500E+03,  8.625700E-01
  0.000000E+00,  0.000000E+00,  0.000000E+00,  7.720000E+03,  8.617800E-01
  0.000000E+00,  0.000000E+00,  0.000000E+00,  7.722500E+03,  8.610200E-01
  0.000000E+00,  0.000000E+00,  0.000000E+00,  7.725000E+03,  8.602900E-01
  0.000000E+00,  0.000000E+00,  0.000000E+00,  7.727500E+03,  8.596100E-01
  0.000000E+00,  0.000000E+00,  0.000000E+00,  7.730000E+03,  8.590000E-01
  0.000000E+00,  0.000000E+00,  0.000000E+00,  7.732500E+03,  8.585200E-01
  0.000000E+00,  0.000000E+00,  0.000000E+00,  7.735000E+03,  8.581100E-01
  0.000000E+00,  0.000000E+00,  0.000000E+00,  7.737500E+03,  8.576900E-01
  0.000000E+00,  0.000000E+00,  0.000000E+00,  7.740000E+03,  8.571900E-01
  0.000000E+00,  0.000000E+00,  0.000000E+00,  7.742500E+03,  8.565500E-01
  0.000000E+00,  0.000000E+00,  0.000000E+00,  7.745000E+03,  8.558200E-01
  0.000000E+00,  0.000000E+00,  0.000000E+00,  7.747500E+03,  8.550400E-01
  0.000000E+00,  0.000000E+00,  0.000000E+00,  7.750000E+03,  8.542700E-01
  0.000000E+00,  0.000000E+00,  0.000000E+00,  7.752500E+03,  8.535500E-01
  0.000000E+00,  0.000000E+00,  0.000000E+00,  7.755000E+03,  8.528300E-01
  0.000000E+00,  0.000000E+00,  0.000000E+00,  7.757500E+03,  8.520600E-01
  0.000000E+00,  0.000000E+00,  0.000000E+00,  7.760000E+03,  8.512100E-01
  0.000000E+00,  0.000000E+00,  0.000000E+00,  7.762500E+03,  8.502400E-01
  0.000000E+00,  0.000000E+00,  0.000000E+00,  7.765000E+03,  8.491500E-01
  0.000000E+00,  0.000000E+00,  0.000000E+00,  7.767500E+03,  8.481100E-01
  0.000000E+00,  0.000000E+00,  0.000000E+00,  7.770000E+03,  8.471900E-01
  0.000000E+00,  0.000000E+00,  0.000000E+00,  7.772500E+03,  8.464700E-01
  0.000000E+00,  0.000000E+00,  0.000000E+00,  7.775000E+03,  8.458800E-01
  0.000000E+00,  0.000000E+00,  0.000000E+00,  7.777500E+03,  8.453700E-01
  0.000000E+00,  0.000000E+00,  0.000000E+00,  7.780000E+03,  8.449200E-01
  0.000000E+00,  0.000000E+00,  0.000000E+00,  7.782500E+03,  8.445300E-01
  0.000000E+00,  0.000000E+00,  0.000000E+00,  7.785000E+03,  8.441700E-01
  0.000000E+00,  0.000000E+00,  0.000000E+00,  7.787500E+03,  8.437200E-01
  0.000000E+00,  0.000000E+00,  0.000000E+00,  7.790000E+03,  8.430500E-01
  0.000000E+00,  0.000000E+00,  0.000000E+00,  7.792500E+03,  8.420700E-01
  0.000000E+00,  0.000000E+00,  0.000000E+00,  7.795000E+03,  8.408900E-01
  0.000000E+00,  0.000000E+00,  0.000000E+00,  7.797500E+03,  8.396700E-01
  0.000000E+00,  0.000000E+00,  0.000000E+00,  7.800000E+03,  8.385500E-01
  0.000000E+00,  0.000000E+00,  0.000000E+00,  7.802500E+03,  8.375800E-01
  0.000000E+00,  0.000000E+00,  0.000000E+00,  7.805000E+03,  8.367700E-01
  0.000000E+00,  0.000000E+00,  0.000000E+00,  7.807500E+03,  8.360600E-01
  0.000000E+00,  0.000000E+00,  0.000000E+00,  7.810000E+03,  8.354700E-01
  0.000000E+00,  0.000000E+00,  0.000000E+00,  7.812500E+03,  8.350200E-01
  0.000000E+00,  0.000000E+00,  0.000000E+00,  7.815000E+03,  8.346600E-01
  0.000000E+00,  0.000000E+00,  0.000000E+00,  7.817500E+03,  8.343100E-01
  0.000000E+00,  0.000000E+00,  0.000000E+00,  7.820000E+03,  8.338700E-01
  0.000000E+00,  0.000000E+00,  0.000000E+00,  7.822500E+03,  8.333300E-01
  0.000000E+00,  0.000000E+00,  0.000000E+00,  7.825000E+03,  8.326800E-01
  0.000000E+00,  0.000000E+00,  0.000000E+00,  7.827500E+03,  8.319100E-01
  0.000000E+00,  0.000000E+00,  0.000000E+00,  7.830000E+03,  8.310300E-01
  0.000000E+00,  0.000000E+00,  0.000000E+00,  7.832500E+03,  8.300000E-01
  0.000000E+00,  0.000000E+00,  0.000000E+00,  7.835000E+03,  8.288700E-01
  0.000000E+00,  0.000000E+00,  0.000000E+00,  7.837500E+03,  8.277000E-01
  0.000000E+00,  0.000000E+00,  0.000000E+00,  7.840000E+03,  8.266100E-01
  0.000000E+00,  0.000000E+00,  0.000000E+00,  7.842500E+03,  8.256200E-01
  0.000000E+00,  0.000000E+00,  0.000000E+00,  7.845000E+03,  8.247200E-01
  0.000000E+00,  0.000000E+00,  0.000000E+00,  7.847500E+03,  8.238800E-01
  0.000000E+00,  0.000000E+00,  0.000000E+00,  7.850000E+03,  8.230700E-01
  0.000000E+00,  0.000000E+00,  0.000000E+00,  7.852500E+03,  8.222900E-01
  0.000000E+00,  0.000000E+00,  0.000000E+00,  7.855000E+03,  8.215400E-01
  0.000000E+00,  0.000000E+00,  0.000000E+00,  7.857500E+03,  8.208000E-01
  0.000000E+00,  0.000000E+00,  0.000000E+00,  7.860000E+03,  8.200500E-01
  0.000000E+00,  0.000000E+00,  0.000000E+00,  7.862500E+03,  8.192700E-01
  0.000000E+00,  0.000000E+00,  0.000000E+00,  7.865000E+03,  8.184400E-01
  0.000000E+00,  0.000000E+00,  0.000000E+00,  7.867500E+03,  8.176300E-01
  0.000000E+00,  0.000000E+00,  0.000000E+00,  7.870000E+03,  8.168400E-01
  0.000000E+00,  0.000000E+00,  0.000000E+00,  7.872500E+03,  8.160800E-01
  0.000000E+00,  0.000000E+00,  0.000000E+00,  7.875000E+03,  8.153400E-01
  0.000000E+00,  0.000000E+00,  0.000000E+00,  7.877500E+03,  8.146100E-01
  0.000000E+00,  0.000000E+00,  0.000000E+00,  7.880000E+03,  8.139000E-01
  0.000000E+00,  0.000000E+00,  0.000000E+00,  7.882500E+03,  8.132000E-01
  0.000000E+00,  0.000000E+00,  0.000000E+00,  7.885000E+03,  8.125400E-01
  0.000000E+00,  0.000000E+00,  0.000000E+00,  7.887500E+03,  8.118300E-01
  0.000000E+00,  0.000000E+00,  0.000000E+00,  7.890000E+03,  8.110600E-01
  0.000000E+00,  0.000000E+00,  0.000000E+00,  7.892500E+03,  8.101900E-01
  0.000000E+00,  0.000000E+00,  0.000000E+00,  7.895000E+03,  8.092700E-01
  0.000000E+00,  0.000000E+00,  0.000000E+00,  7.897500E+03,  8.083300E-01
  0.000000E+00,  0.000000E+00,  0.000000E+00,  7.900000E+03,  8.074300E-01
  0.000000E+00,  0.000000E+00,  0.000000E+00,  7.902500E+03,  8.065600E-01
  0.000000E+00,  0.000000E+00,  0.000000E+00,  7.905000E+03,  8.057500E-01
  0.000000E+00,  0.000000E+00,  0.000000E+00,  7.907500E+03,  8.049500E-01
  0.000000E+00,  0.000000E+00,  0.000000E+00,  7.910000E+03,  8.042000E-01
  0.000000E+00,  0.000000E+00,  0.000000E+00,  7.912500E+03,  8.034900E-01
  0.000000E+00,  0.000000E+00,  0.000000E+00,  7.915000E+03,  8.027900E-01
  0.000000E+00,  0.000000E+00,  0.000000E+00,  7.917500E+03,  8.021100E-01
  0.000000E+00,  0.000000E+00,  0.000000E+00,  7.920000E+03,  8.014100E-01
  0.000000E+00,  0.000000E+00,  0.000000E+00,  7.922500E+03,  8.006900E-01
  0.000000E+00,  0.000000E+00,  0.000000E+00,  7.925000E+03,  7.999500E-01
  0.000000E+00,  0.000000E+00,  0.000000E+00,  7.927500E+03,  7.991700E-01
  0.000000E+00,  0.000000E+00,  0.000000E+00,  7.930000E+03,  7.983300E-01
  0.000000E+00,  0.000000E+00,  0.000000E+00,  7.932500E+03,  7.974300E-01
  0.000000E+00,  0.000000E+00,  0.000000E+00,  7.935000E+03,  7.964600E-01
  0.000000E+00,  0.000000E+00,  0.000000E+00,  7.937500E+03,  7.954600E-01
  0.000000E+00,  0.000000E+00,  0.000000E+00,  7.940000E+03,  7.944400E-01
  0.000000E+00,  0.000000E+00,  0.000000E+00,  7.942500E+03,  7.934000E-01
  0.000000E+00,  0.000000E+00,  0.000000E+00,  7.945000E+03,  7.923500E-01
  0.000000E+00,  0.000000E+00,  0.000000E+00,  7.947500E+03,  7.913100E-01
  0.000000E+00,  0.000000E+00,  0.000000E+00,  7.950000E+03,  7.903200E-01
  0.000000E+00,  0.000000E+00,  0.000000E+00,  7.952500E+03,  7.894100E-01
  0.000000E+00,  0.000000E+00,  0.000000E+00,  7.955000E+03,  7.885500E-01
  0.000000E+00,  0.000000E+00,  0.000000E+00,  7.957500E+03,  7.877100E-01
  0.000000E+00,  0.000000E+00,  0.000000E+00,  7.960000E+03,  7.868700E-01
  0.000000E+00,  0.000000E+00,  0.000000E+00,  7.962500E+03,  7.859900E-01
  0.000000E+00,  0.000000E+00,  0.000000E+00,  7.965000E+03,  7.851000E-01
  0.000000E+00,  0.000000E+00,  0.000000E+00,  7.967500E+03,  7.842100E-01
  0.000000E+00,  0.000000E+00,  0.000000E+00,  7.970000E+03,  7.833700E-01
  0.000000E+00,  0.000000E+00,  0.000000E+00,  7.972500E+03,  7.825900E-01
  0.000000E+00,  0.000000E+00,  0.000000E+00,  7.975000E+03,  7.818100E-01
  0.000000E+00,  0.000000E+00,  0.000000E+00,  7.977500E+03,  7.810200E-01
  0.000000E+00,  0.000000E+00,  0.000000E+00,  7.980000E+03,  7.801600E-01
  0.000000E+00,  0.000000E+00,  0.000000E+00,  7.982500E+03,  7.792000E-01
  0.000000E+00,  0.000000E+00,  0.000000E+00,  7.985000E+03,  7.781400E-01
  0.000000E+00,  0.000000E+00,  0.000000E+00,  7.987500E+03,  7.770600E-01
  0.000000E+00,  0.000000E+00,  0.000000E+00,  7.990000E+03,  7.759900E-01
  0.000000E+00,  0.000000E+00,  0.000000E+00,  7.992500E+03,  7.749500E-01
  0.000000E+00,  0.000000E+00,  0.000000E+00,  7.995000E+03,  7.739300E-01
  0.000000E+00,  0.000000E+00,  0.000000E+00,  7.997500E+03,  7.729200E-01
  0.000000E+00,  0.000000E+00,  0.000000E+00,  8.000000E+03,  7.719000E-01
  0.000000E+00,  0.000000E+00,  0.000000E+00,  8.002500E+03,  7.708700E-01
  0.000000E+00,  0.000000E+00,  0.000000E+00,  8.005000E+03,  7.698200E-01
  0.000000E+00,  0.000000E+00,  0.000000E+00,  8.007500E+03,  7.688100E-01
  0.000000E+00,  0.000000E+00,  0.000000E+00,  8.010000E+03,  7.678600E-01
  0.000000E+00,  0.000000E+00,  0.000000E+00,  8.012500E+03,  7.669600E-01
  0.000000E+00,  0.000000E+00,  0.000000E+00,  8.015000E+03,  7.661200E-01
  0.000000E+00,  0.000000E+00,  0.000000E+00,  8.017500E+03,  7.653100E-01
  0.000000E+00,  0.000000E+00,  0.000000E+00,  8.020000E+03,  7.645300E-01
  0.000000E+00,  0.000000E+00,  0.000000E+00,  8.022500E+03,  7.637800E-01
  0.000000E+00,  0.000000E+00,  0.000000E+00,  8.025000E+03,  7.630300E-01
  0.000000E+00,  0.000000E+00,  0.000000E+00,  8.027500E+03,  7.622700E-01
  0.000000E+00,  0.000000E+00,  0.000000E+00,  8.030000E+03,  7.614400E-01
  0.000000E+00,  0.000000E+00,  0.000000E+00,  8.032500E+03,  7.605300E-01
  0.000000E+00,  0.000000E+00,  0.000000E+00,  8.035000E+03,  7.595600E-01
  0.000000E+00,  0.000000E+00,  0.000000E+00,  8.037500E+03,  7.585300E-01
  0.000000E+00,  0.000000E+00,  0.000000E+00,  8.040000E+03,  7.574800E-01
  0.000000E+00,  0.000000E+00,  0.000000E+00,  8.042500E+03,  7.564300E-01
  0.000000E+00,  0.000000E+00,  0.000000E+00,  8.045000E+03,  7.553600E-01
  0.000000E+00,  0.000000E+00,  0.000000E+00,  8.047500E+03,  7.542800E-01
  0.000000E+00,  0.000000E+00,  0.000000E+00,  8.050000E+03,  7.531600E-01
  0.000000E+00,  0.000000E+00,  0.000000E+00,  8.052500E+03,  7.520400E-01
  0.000000E+00,  0.000000E+00,  0.000000E+00,  8.055000E+03,  7.509100E-01
  0.000000E+00,  0.000000E+00,  0.000000E+00,  8.057500E+03,  7.498000E-01
  0.000000E+00,  0.000000E+00,  0.000000E+00,  8.060000E+03,  7.487700E-01
  0.000000E+00,  0.000000E+00,  0.000000E+00,  8.062500E+03,  7.478300E-01
  0.000000E+00,  0.000000E+00,  0.000000E+00,  8.065000E+03,  7.469900E-01
  0.000000E+00,  0.000000E+00,  0.000000E+00,  8.067500E+03,  7.461400E-01
  0.000000E+00,  0.000000E+00,  0.000000E+00,  8.070000E+03,  7.452200E-01
  0.000000E+00,  0.000000E+00,  0.000000E+00,  8.072500E+03,  7.442000E-01
  0.000000E+00,  0.000000E+00,  0.000000E+00,  8.075000E+03,  7.431100E-01
  0.000000E+00,  0.000000E+00,  0.000000E+00,  8.077500E+03,  7.420200E-01
  0.000000E+00,  0.000000E+00,  0.000000E+00,  8.080000E+03,  7.410000E-01
  0.000000E+00,  0.000000E+00,  0.000000E+00,  8.082500E+03,  7.400800E-01
  0.000000E+00,  0.000000E+00,  0.000000E+00,  8.085000E+03,  7.392500E-01
  0.000000E+00,  0.000000E+00,  0.000000E+00,  8.087500E+03,  7.384200E-01
  0.000000E+00,  0.000000E+00,  0.000000E+00,  8.090000E+03,  7.375300E-01
  0.000000E+00,  0.000000E+00,  0.000000E+00,  8.092500E+03,  7.365400E-01
  0.000000E+00,  0.000000E+00,  0.000000E+00,  8.095000E+03,  7.355100E-01
  0.000000E+00,  0.000000E+00,  0.000000E+00,  8.097500E+03,  7.344700E-01
  0.000000E+00,  0.000000E+00,  0.000000E+00,  8.100000E+03,  7.334700E-01
  0.000000E+00,  0.000000E+00,  0.000000E+00,  8.102500E+03,  7.325700E-01
  0.000000E+00,  0.000000E+00,  0.000000E+00,  8.105000E+03,  7.317400E-01
  0.000000E+00,  0.000000E+00,  0.000000E+00,  8.107500E+03,  7.308800E-01
  0.000000E+00,  0.000000E+00,  0.000000E+00,  8.110000E+03,  7.298800E-01
  0.000000E+00,  0.000000E+00,  0.000000E+00,  8.112500E+03,  7.287200E-01
  0.000000E+00,  0.000000E+00,  0.000000E+00,  8.115000E+03,  7.274700E-01
  0.000000E+00,  0.000000E+00,  0.000000E+00,  8.117500E+03,  7.262800E-01
  0.000000E+00,  0.000000E+00,  0.000000E+00,  8.120000E+03,  7.252800E-01
  0.000000E+00,  0.000000E+00,  0.000000E+00,  8.122500E+03,  7.245600E-01
  0.000000E+00,  0.000000E+00,  0.000000E+00,  8.125000E+03,  7.240800E-01
  0.000000E+00,  0.000000E+00,  0.000000E+00,  8.127500E+03,  7.236200E-01
  0.000000E+00,  0.000000E+00,  0.000000E+00,  8.130000E+03,  7.230200E-01
  0.000000E+00,  0.000000E+00,  0.000000E+00,  8.132500E+03,  7.222300E-01
  0.000000E+00,  0.000000E+00,  0.000000E+00,  8.135000E+03,  7.213000E-01
  0.000000E+00,  0.000000E+00,  0.000000E+00,  8.137500E+03,  7.202800E-01
  0.000000E+00,  0.000000E+00,  0.000000E+00,  8.140000E+03,  7.192400E-01
  0.000000E+00,  0.000000E+00,  0.000000E+00,  8.142500E+03,  7.182000E-01
  0.000000E+00,  0.000000E+00,  0.000000E+00,  8.145000E+03,  7.171700E-01
  0.000000E+00,  0.000000E+00,  0.000000E+00,  8.147500E+03,  7.160700E-01
  0.000000E+00,  0.000000E+00,  0.000000E+00,  8.150000E+03,  7.148700E-01
  0.000000E+00,  0.000000E+00,  0.000000E+00,  8.152500E+03,  7.135600E-01
  0.000000E+00,  0.000000E+00,  0.000000E+00,  8.155000E+03,  7.121800E-01
  0.000000E+00,  0.000000E+00,  0.000000E+00,  8.157500E+03,  7.108000E-01
  0.000000E+00,  0.000000E+00,  0.000000E+00,  8.160000E+03,  7.095000E-01
  0.000000E+00,  0.000000E+00,  0.000000E+00,  8.162500E+03,  7.083200E-01
  0.000000E+00,  0.000000E+00,  0.000000E+00,  8.165000E+03,  7.072500E-01
  0.000000E+00,  0.000000E+00,  0.000000E+00,  8.167500E+03,  7.062300E-01
  0.000000E+00,  0.000000E+00,  0.000000E+00,  8.170000E+03,  7.052500E-01
  0.000000E+00,  0.000000E+00,  0.000000E+00,  8.172500E+03,  7.043200E-01
  0.000000E+00,  0.000000E+00,  0.000000E+00,  8.175000E+03,  7.034200E-01
  0.000000E+00,  0.000000E+00,  0.000000E+00,  8.177500E+03,  7.025200E-01
  0.000000E+00,  0.000000E+00,  0.000000E+00,  8.180000E+03,  7.015600E-01
  0.000000E+00,  0.000000E+00,  0.000000E+00,  8.182500E+03,  7.005000E-01
  0.000000E+00,  0.000000E+00,  0.000000E+00,  8.185000E+03,  6.993800E-01
  0.000000E+00,  0.000000E+00,  0.000000E+00,  8.187500E+03,  6.982100E-01
  0.000000E+00,  0.000000E+00,  0.000000E+00,  8.190000E+03,  6.970300E-01
  0.000000E+00,  0.000000E+00,  0.000000E+00,  8.192500E+03,  6.958300E-01
  0.000000E+00,  0.000000E+00,  0.000000E+00,  8.195000E+03,  6.946100E-01
  0.000000E+00,  0.000000E+00,  0.000000E+00,  8.197500E+03,  6.933900E-01
  0.000000E+00,  0.000000E+00,  0.000000E+00,  8.200000E+03,  6.922000E-01
  0.000000E+00,  0.000000E+00,  0.000000E+00,  8.202500E+03,  6.910500E-01
  0.000000E+00,  0.000000E+00,  0.000000E+00,  8.205000E+03,  6.899200E-01
  0.000000E+00,  0.000000E+00,  0.000000E+00,  8.207500E+03,  6.888500E-01
  0.000000E+00,  0.000000E+00,  0.000000E+00,  8.210000E+03,  6.878300E-01
  0.000000E+00,  0.000000E+00,  0.000000E+00,  8.212500E+03,  6.868900E-01
  0.000000E+00,  0.000000E+00,  0.000000E+00,  8.215000E+03,  6.860000E-01
  0.000000E+00,  0.000000E+00,  0.000000E+00,  8.217500E+03,  6.850900E-01
  0.000000E+00,  0.000000E+00,  0.000000E+00,  8.220000E+03,  6.841500E-01
  0.000000E+00,  0.000000E+00,  0.000000E+00,  8.222500E+03,  6.831100E-01
  0.000000E+00,  0.000000E+00,  0.000000E+00,  8.225000E+03,  6.819900E-01
  0.000000E+00,  0.000000E+00,  0.000000E+00,  8.227500E+03,  6.808600E-01
  0.000000E+00,  0.000000E+00,  0.000000E+00,  8.230000E+03,  6.797800E-01
  0.000000E+00,  0.000000E+00,  0.000000E+00,  8.232500E+03,  6.787800E-01
  0.000000E+00,  0.000000E+00,  0.000000E+00,  8.235000E+03,  6.778000E-01
  0.000000E+00,  0.000000E+00,  0.000000E+00,  8.237500E+03,  6.768000E-01
  0.000000E+00,  0.000000E+00,  0.000000E+00,  8.240000E+03,  6.757200E-01
  0.000000E+00,  0.000000E+00,  0.000000E+00,  8.242500E+03,  6.745300E-01
  0.000000E+00,  0.000000E+00,  0.000000E+00,  8.245000E+03,  6.732500E-01
  0.000000E+00,  0.000000E+00,  0.000000E+00,  8.247500E+03,  6.719500E-01
  0.000000E+00,  0.000000E+00,  0.000000E+00,  8.250000E+03,  6.706900E-01
  0.000000E+00,  0.000000E+00,  0.000000E+00,  8.252500E+03,  6.694800E-01
  0.000000E+00,  0.000000E+00,  0.000000E+00,  8.255000E+03,  6.683200E-01
  0.000000E+00,  0.000000E+00,  0.000000E+00,  8.257500E+03,  6.671900E-01
  0.000000E+00,  0.000000E+00,  0.000000E+00,  8.260000E+03,  6.661000E-01
  0.000000E+00,  0.000000E+00,  0.000000E+00,  8.262500E+03,  6.650800E-01
  0.000000E+00,  0.000000E+00,  0.000000E+00,  8.265000E+03,  6.641000E-01
  0.000000E+00,  0.000000E+00,  0.000000E+00,  8.267500E+03,  6.630900E-01
  0.000000E+00,  0.000000E+00,  0.000000E+00,  8.270000E+03,  6.620300E-01
  0.000000E+00,  0.000000E+00,  0.000000E+00,  8.272500E+03,  6.608600E-01
  0.000000E+00,  0.000000E+00,  0.000000E+00,  8.275000E+03,  6.596300E-01
  0.000000E+00,  0.000000E+00,  0.000000E+00,  8.277500E+03,  6.583900E-01
  0.000000E+00,  0.000000E+00,  0.000000E+00,  8.280000E+03,  6.571600E-01
  0.000000E+00,  0.000000E+00,  0.000000E+00,  8.282500E+03,  6.559600E-01
  0.000000E+00,  0.000000E+00,  0.000000E+00,  8.285000E+03,  6.547900E-01
  0.000000E+00,  0.000000E+00,  0.000000E+00,  8.287500E+03,  6.536900E-01
  0.000000E+00,  0.000000E+00,  0.000000E+00,  8.290000E+03,  6.526400E-01
  0.000000E+00,  0.000000E+00,  0.000000E+00,  8.292500E+03,  6.516900E-01
  0.000000E+00,  0.000000E+00,  0.000000E+00,  8.295000E+03,  6.508100E-01
  0.000000E+00,  0.000000E+00,  0.000000E+00,  8.297500E+03,  6.499300E-01
  0.000000E+00,  0.000000E+00,  0.000000E+00,  8.300000E+03,  6.490200E-01
  0.000000E+00,  0.000000E+00,  0.000000E+00,  8.302500E+03,  6.480300E-01
  0.000000E+00,  0.000000E+00,  0.000000E+00,  8.305000E+03,  6.469700E-01
  0.000000E+00,  0.000000E+00,  0.000000E+00,  8.307500E+03,  6.458800E-01
  0.000000E+00,  0.000000E+00,  0.000000E+00,  8.310000E+03,  6.447900E-01
  0.000000E+00,  0.000000E+00,  0.000000E+00,  8.312500E+03,  6.436900E-01
  0.000000E+00,  0.000000E+00,  0.000000E+00,  8.315000E+03,  6.425700E-01
  0.000000E+00,  0.000000E+00,  0.000000E+00,  8.317500E+03,  6.414600E-01
  0.000000E+00,  0.000000E+00,  0.000000E+00,  8.320000E+03,  6.403600E-01
  0.000000E+00,  0.000000E+00,  0.000000E+00,  8.322500E+03,  6.392700E-01
  0.000000E+00,  0.000000E+00,  0.000000E+00,  8.325000E+03,  6.382000E-01
  0.000000E+00,  0.000000E+00,  0.000000E+00,  8.327500E+03,  6.371400E-01
  0.000000E+00,  0.000000E+00,  0.000000E+00,  8.330000E+03,  6.361100E-01
  0.000000E+00,  0.000000E+00,  0.000000E+00,  8.332500E+03,  6.351000E-01
  0.000000E+00,  0.000000E+00,  0.000000E+00,  8.335000E+03,  6.341000E-01
  0.000000E+00,  0.000000E+00,  0.000000E+00,  8.337500E+03,  6.331100E-01
  0.000000E+00,  0.000000E+00,  0.000000E+00,  8.340000E+03,  6.321200E-01
  0.000000E+00,  0.000000E+00,  0.000000E+00,  8.342500E+03,  6.311200E-01
  0.000000E+00,  0.000000E+00,  0.000000E+00,  8.345000E+03,  6.301100E-01
  0.000000E+00,  0.000000E+00,  0.000000E+00,  8.347500E+03,  6.290800E-01
  0.000000E+00,  0.000000E+00,  0.000000E+00,  8.350000E+03,  6.280000E-01
  0.000000E+00,  0.000000E+00,  0.000000E+00,  8.352500E+03,  6.268600E-01
  0.000000E+00,  0.000000E+00,  0.000000E+00,  8.355000E+03,  6.256800E-01
  0.000000E+00,  0.000000E+00,  0.000000E+00,  8.357500E+03,  6.244300E-01
  0.000000E+00,  0.000000E+00,  0.000000E+00,  8.360000E+03,  6.231100E-01
  0.000000E+00,  0.000000E+00,  0.000000E+00,  8.362500E+03,  6.216900E-01
  0.000000E+00,  0.000000E+00,  0.000000E+00,  8.365000E+03,  6.202000E-01
  0.000000E+00,  0.000000E+00,  0.000000E+00,  8.367500E+03,  6.187100E-01
  0.000000E+00,  0.000000E+00,  0.000000E+00,  8.370000E+03,  6.173000E-01
  0.000000E+00,  0.000000E+00,  0.000000E+00,  8.372500E+03,  6.159900E-01
  0.000000E+00,  0.000000E+00,  0.000000E+00,  8.375000E+03,  6.147800E-01
  0.000000E+00,  0.000000E+00,  0.000000E+00,  8.377500E+03,  6.136200E-01
  0.000000E+00,  0.000000E+00,  0.000000E+00,  8.380000E+03,  6.125100E-01
  0.000000E+00,  0.000000E+00,  0.000000E+00,  8.382500E+03,  6.114300E-01
  0.000000E+00,  0.000000E+00,  0.000000E+00,  8.385000E+03,  6.103900E-01
  0.000000E+00,  0.000000E+00,  0.000000E+00,  8.387500E+03,  6.093600E-01
  0.000000E+00,  0.000000E+00,  0.000000E+00,  8.390000E+03,  6.083100E-01
  0.000000E+00,  0.000000E+00,  0.000000E+00,  8.392500E+03,  6.072200E-01
  0.000000E+00,  0.000000E+00,  0.000000E+00,  8.395000E+03,  6.061100E-01
  0.000000E+00,  0.000000E+00,  0.000000E+00,  8.397500E+03,  6.049400E-01
  0.000000E+00,  0.000000E+00,  0.000000E+00,  8.400000E+03,  6.037300E-01
  0.000000E+00,  0.000000E+00,  0.000000E+00,  8.402500E+03,  6.024300E-01
  0.000000E+00,  0.000000E+00,  0.000000E+00,  8.405000E+03,  6.010600E-01
  0.000000E+00,  0.000000E+00,  0.000000E+00,  8.407500E+03,  5.996900E-01
  0.000000E+00,  0.000000E+00,  0.000000E+00,  8.410000E+03,  5.983800E-01
  0.000000E+00,  0.000000E+00,  0.000000E+00,  8.412500E+03,  5.971200E-01
  0.000000E+00,  0.000000E+00,  0.000000E+00,  8.415000E+03,  5.959200E-01
  0.000000E+00,  0.000000E+00,  0.000000E+00,  8.417500E+03,  5.947700E-01
  0.000000E+00,  0.000000E+00,  0.000000E+00,  8.420000E+03,  5.936400E-01
  0.000000E+00,  0.000000E+00,  0.000000E+00,  8.422500E+03,  5.925200E-01
  0.000000E+00,  0.000000E+00,  0.000000E+00,  8.425000E+03,  5.914100E-01
  0.000000E+00,  0.000000E+00,  0.000000E+00,  8.427500E+03,  5.903700E-01
  0.000000E+00,  0.000000E+00,  0.000000E+00,  8.430000E+03,  5.894800E-01
  0.000000E+00,  0.000000E+00,  0.000000E+00,  8.432500E+03,  5.887400E-01
  0.000000E+00,  0.000000E+00,  0.000000E+00,  8.435000E+03,  5.880900E-01
  0.000000E+00,  0.000000E+00,  0.000000E+00,  8.437500E+03,  5.874000E-01
  0.000000E+00,  0.000000E+00,  0.000000E+00,  8.440000E+03,  5.864900E-01
  0.000000E+00,  0.000000E+00,  0.000000E+00,  8.442500E+03,  5.853100E-01
  0.000000E+00,  0.000000E+00,  0.000000E+00,  8.445000E+03,  5.838700E-01
  0.000000E+00,  0.000000E+00,  0.000000E+00,  8.447500E+03,  5.823500E-01
  0.000000E+00,  0.000000E+00,  0.000000E+00,  8.450000E+03,  5.808200E-01
  0.000000E+00,  0.000000E+00,  0.000000E+00,  8.452500E+03,  5.793300E-01
  0.000000E+00,  0.000000E+00,  0.000000E+00,  8.455000E+03,  5.778500E-01
  0.000000E+00,  0.000000E+00,  0.000000E+00,  8.457500E+03,  5.763900E-01
  0.000000E+00,  0.000000E+00,  0.000000E+00,  8.460000E+03,  5.749700E-01
  0.000000E+00,  0.000000E+00,  0.000000E+00,  8.462500E+03,  5.736000E-01
  0.000000E+00,  0.000000E+00,  0.000000E+00,  8.465000E+03,  5.722900E-01
  0.000000E+00,  0.000000E+00,  0.000000E+00,  8.467500E+03,  5.710100E-01
  0.000000E+00,  0.000000E+00,  0.000000E+00,  8.470000E+03,  5.697300E-01
  0.000000E+00,  0.000000E+00,  0.000000E+00,  8.472500E+03,  5.684800E-01
  0.000000E+00,  0.000000E+00,  0.000000E+00,  8.475000E+03,  5.672300E-01
  0.000000E+00,  0.000000E+00,  0.000000E+00,  8.477500E+03,  5.660200E-01
  0.000000E+00,  0.000000E+00,  0.000000E+00,  8.480000E+03,  5.648400E-01
  0.000000E+00,  0.000000E+00,  0.000000E+00,  8.482500E+03,  5.637300E-01
  0.000000E+00,  0.000000E+00,  0.000000E+00,  8.485000E+03,  5.626500E-01
  0.000000E+00,  0.000000E+00,  0.000000E+00,  8.487500E+03,  5.615400E-01
  0.000000E+00,  0.000000E+00,  0.000000E+00,  8.490000E+03,  5.603500E-01
  0.000000E+00,  0.000000E+00,  0.000000E+00,  8.492500E+03,  5.590300E-01
  0.000000E+00,  0.000000E+00,  0.000000E+00,  8.495000E+03,  5.576300E-01
  0.000000E+00,  0.000000E+00,  0.000000E+00,  8.497500E+03,  5.562300E-01
  0.000000E+00,  0.000000E+00,  0.000000E+00,  8.500000E+03,  5.548900E-01
  0.000000E+00,  0.000000E+00,  0.000000E+00,  8.502500E+03,  5.536600E-01
  0.000000E+00,  0.000000E+00,  0.000000E+00,  8.505000E+03,  5.525300E-01
  0.000000E+00,  0.000000E+00,  0.000000E+00,  8.507500E+03,  5.514300E-01
  0.000000E+00,  0.000000E+00,  0.000000E+00,  8.510000E+03,  5.503300E-01
  0.000000E+00,  0.000000E+00,  0.000000E+00,  8.512500E+03,  5.492400E-01
  0.000000E+00,  0.000000E+00,  0.000000E+00,  8.515000E+03,  5.481500E-01
  0.000000E+00,  0.000000E+00,  0.000000E+00,  8.517500E+03,  5.470300E-01
  0.000000E+00,  0.000000E+00,  0.000000E+00,  8.520000E+03,  5.458100E-01
  0.000000E+00,  0.000000E+00,  0.000000E+00,  8.522500E+03,  5.444700E-01
  0.000000E+00,  0.000000E+00,  0.000000E+00,  8.525000E+03,  5.430300E-01
  0.000000E+00,  0.000000E+00,  0.000000E+00,  8.527500E+03,  5.416000E-01
  0.000000E+00,  0.000000E+00,  0.000000E+00,  8.530000E+03,  5.402400E-01
  0.000000E+00,  0.000000E+00,  0.000000E+00,  8.532500E+03,  5.390100E-01
  0.000000E+00,  0.000000E+00,  0.000000E+00,  8.535000E+03,  5.378500E-01
  0.000000E+00,  0.000000E+00,  0.000000E+00,  8.537500E+03,  5.367700E-01
  0.000000E+00,  0.000000E+00,  0.000000E+00,  8.540000E+03,  5.357000E-01
  0.000000E+00,  0.000000E+00,  0.000000E+00,  8.542500E+03,  5.346700E-01
  0.000000E+00,  0.000000E+00,  0.000000E+00,  8.545000E+03,  5.336700E-01
  0.000000E+00,  0.000000E+00,  0.000000E+00,  8.547500E+03,  5.326400E-01
  0.000000E+00,  0.000000E+00,  0.000000E+00,  8.550000E+03,  5.315700E-01
  0.000000E+00,  0.000000E+00,  0.000000E+00,  8.552500E+03,  5.304400E-01
  0.000000E+00,  0.000000E+00,  0.000000E+00,  8.555000E+03,  5.292300E-01
  0.000000E+00,  0.000000E+00,  0.000000E+00,  8.557500E+03,  5.280200E-01
  0.000000E+00,  0.000000E+00,  0.000000E+00,  8.560000E+03,  5.268600E-01
  0.000000E+00,  0.000000E+00,  0.000000E+00,  8.562500E+03,  5.257900E-01
  0.000000E+00,  0.000000E+00,  0.000000E+00,  8.565000E+03,  5.247800E-01
  0.000000E+00,  0.000000E+00,  0.000000E+00,  8.567500E+03,  5.237100E-01
  0.000000E+00,  0.000000E+00,  0.000000E+00,  8.570000E+03,  5.225400E-01
  0.000000E+00,  0.000000E+00,  0.000000E+00,  8.572500E+03,  5.212100E-01
  0.000000E+00,  0.000000E+00,  0.000000E+00,  8.575000E+03,  5.197800E-01
  0.000000E+00,  0.000000E+00,  0.000000E+00,  8.577500E+03,  5.182900E-01
  0.000000E+00,  0.000000E+00,  0.000000E+00,  8.580000E+03,  5.167800E-01
  0.000000E+00,  0.000000E+00,  0.000000E+00,  8.582500E+03,  5.152500E-01
  0.000000E+00,  0.000000E+00,  0.000000E+00,  8.585000E+03,  5.137000E-01
  0.000000E+00,  0.000000E+00,  0.000000E+00,  8.587500E+03,  5.122400E-01
  0.000000E+00,  0.000000E+00,  0.000000E+00,  8.590000E+03,  5.109500E-01
  0.000000E+00,  0.000000E+00,  0.000000E+00,  8.592500E+03,  5.098900E-01
  0.000000E+00,  0.000000E+00,  0.000000E+00,  8.595000E+03,  5.089900E-01
  0.000000E+00,  0.000000E+00,  0.000000E+00,  8.597500E+03,  5.081100E-01
  0.000000E+00,  0.000000E+00,  0.000000E+00,  8.600000E+03,  5.070900E-01
  0.000000E+00,  0.000000E+00,  0.000000E+00,  8.602500E+03,  5.058500E-01
  0.000000E+00,  0.000000E+00,  0.000000E+00,  8.605000E+03,  5.044100E-01
  0.000000E+00,  0.000000E+00,  0.000000E+00,  8.607500E+03,  5.030000E-01
  0.000000E+00,  0.000000E+00,  0.000000E+00,  8.610000E+03,  5.017600E-01
  0.000000E+00,  0.000000E+00,  0.000000E+00,  8.612500E+03,  5.007200E-01
  0.000000E+00,  0.000000E+00,  0.000000E+00,  8.615000E+03,  4.998100E-01
  0.000000E+00,  0.000000E+00,  0.000000E+00,  8.617500E+03,  4.989400E-01
  0.000000E+00,  0.000000E+00,  0.000000E+00,  8.620000E+03,  4.980000E-01
  0.000000E+00,  0.000000E+00,  0.000000E+00,  8.622500E+03,  4.969700E-01
  0.000000E+00,  0.000000E+00,  0.000000E+00,  8.625000E+03,  4.958400E-01
  0.000000E+00,  0.000000E+00,  0.000000E+00,  8.627500E+03,  4.946500E-01
  0.000000E+00,  0.000000E+00,  0.000000E+00,  8.630000E+03,  4.934100E-01
  0.000000E+00,  0.000000E+00,  0.000000E+00,  8.632500E+03,  4.921200E-01
  0.000000E+00,  0.000000E+00,  0.000000E+00,  8.635000E+03,  4.907700E-01
  0.000000E+00,  0.000000E+00,  0.000000E+00,  8.637500E+03,  4.893900E-01
  0.000000E+00,  0.000000E+00,  0.000000E+00,  8.640000E+03,  4.879500E-01
  0.000000E+00,  0.000000E+00,  0.000000E+00,  8.642500E+03,  4.864400E-01
  0.000000E+00,  0.000000E+00,  0.000000E+00,  8.645000E+03,  4.848900E-01
  0.000000E+00,  0.000000E+00,  0.000000E+00,  8.647500E+03,  4.834100E-01
  0.000000E+00,  0.000000E+00,  0.000000E+00,  8.650000E+03,  4.821000E-01
  0.000000E+00,  0.000000E+00,  0.000000E+00,  8.652500E+03,  4.810300E-01
  0.000000E+00,  0.000000E+00,  0.000000E+00,  8.655000E+03,  4.801100E-01
  0.000000E+00,  0.000000E+00,  0.000000E+00,  8.657500E+03,  4.792000E-01
  0.000000E+00,  0.000000E+00,  0.000000E+00,  8.660000E+03,  4.781600E-01
  0.000000E+00,  0.000000E+00,  0.000000E+00,  8.662500E+03,  4.769600E-01
  0.000000E+00,  0.000000E+00,  0.000000E+00,  8.665000E+03,  4.755800E-01
  0.000000E+00,  0.000000E+00,  0.000000E+00,  8.667500E+03,  4.741100E-01
  0.000000E+00,  0.000000E+00,  0.000000E+00,  8.670000E+03,  4.725000E-01
  0.000000E+00,  0.000000E+00,  0.000000E+00,  8.672500E+03,  4.707300E-01
  0.000000E+00,  0.000000E+00,  0.000000E+00,  8.675000E+03,  4.688800E-01
  0.000000E+00,  0.000000E+00,  0.000000E+00,  8.677500E+03,  4.671200E-01
  0.000000E+00,  0.000000E+00,  0.000000E+00,  8.680000E+03,  4.656500E-01
  0.000000E+00,  0.000000E+00,  0.000000E+00,  8.682500E+03,  4.645900E-01
  0.000000E+00,  0.000000E+00,  0.000000E+00,  8.685000E+03,  4.638700E-01
  0.000000E+00,  0.000000E+00,  0.000000E+00,  8.687500E+03,  4.632300E-01
  0.000000E+00,  0.000000E+00,  0.000000E+00,  8.690000E+03,  4.624800E-01
  0.000000E+00,  0.000000E+00,  0.000000E+00,  8.692500E+03,  4.615900E-01
  0.000000E+00,  0.000000E+00,  0.000000E+00,  8.695000E+03,  4.605900E-01
  0.000000E+00,  0.000000E+00,  0.000000E+00,  8.697500E+03,  4.594900E-01
  0.000000E+00,  0.000000E+00,  0.000000E+00,  8.700000E+03,  4.582800E-01
  0.000000E+00,  0.000000E+00,  0.000000E+00,  8.702500E+03,  4.569500E-01
  0.000000E+00,  0.000000E+00,  0.000000E+00,  8.705000E+03,  4.555400E-01
  0.000000E+00,  0.000000E+00,  0.000000E+00,  8.707500E+03,  4.540900E-01
  0.000000E+00,  0.000000E+00,  0.000000E+00,  8.710000E+03,  4.526600E-01
  0.000000E+00,  0.000000E+00,  0.000000E+00,  8.712500E+03,  4.512800E-01
  0.000000E+00,  0.000000E+00,  0.000000E+00,  8.715000E+03,  4.499500E-01
  0.000000E+00,  0.000000E+00,  0.000000E+00,  8.717500E+03,  4.487100E-01
  0.000000E+00,  0.000000E+00,  0.000000E+00,  8.720000E+03,  4.476400E-01
  0.000000E+00,  0.000000E+00,  0.000000E+00,  8.722500E+03,  4.467700E-01
  0.000000E+00,  0.000000E+00,  0.000000E+00,  8.725000E+03,  4.460800E-01
  0.000000E+00,  0.000000E+00,  0.000000E+00,  8.727500E+03,  4.453700E-01
  0.000000E+00,  0.000000E+00,  0.000000E+00,  8.730000E+03,  4.445400E-01
  0.000000E+00,  0.000000E+00,  0.000000E+00,  8.732500E+03,  4.435000E-01
  0.000000E+00,  0.000000E+00,  0.000000E+00,  8.735000E+03,  4.423300E-01
  0.000000E+00,  0.000000E+00,  0.000000E+00,  8.737500E+03,  4.410600E-01
  0.000000E+00,  0.000000E+00,  0.000000E+00,  8.740000E+03,  4.397500E-01
  0.000000E+00,  0.000000E+00,  0.000000E+00,  8.742500E+03,  4.383900E-01
  0.000000E+00,  0.000000E+00,  0.000000E+00,  8.745000E+03,  4.369900E-01
  0.000000E+00,  0.000000E+00,  0.000000E+00,  8.747500E+03,  4.356100E-01
  0.000000E+00,  0.000000E+00,  0.000000E+00,  8.750000E+03,  4.342900E-01
  0.000000E+00,  0.000000E+00,  0.000000E+00,  8.752500E+03,  4.330900E-01
  0.000000E+00,  0.000000E+00,  0.000000E+00,  8.755000E+03,  4.319600E-01
  0.000000E+00,  0.000000E+00,  0.000000E+00,  8.757500E+03,  4.308400E-01
  0.000000E+00,  0.000000E+00,  0.000000E+00,  8.760000E+03,  4.296700E-01
  0.000000E+00,  0.000000E+00,  0.000000E+00,  8.762500E+03,  4.284300E-01
  0.000000E+00,  0.000000E+00,  0.000000E+00,  8.765000E+03,  4.271100E-01
  0.000000E+00,  0.000000E+00,  0.000000E+00,  8.767500E+03,  4.257800E-01
  0.000000E+00,  0.000000E+00,  0.000000E+00,  8.770000E+03,  4.244700E-01
  0.000000E+00,  0.000000E+00,  0.000000E+00,  8.772500E+03,  4.231800E-01
  0.000000E+00,  0.000000E+00,  0.000000E+00,  8.775000E+03,  4.219000E-01
  0.000000E+00,  0.000000E+00,  0.000000E+00,  8.777500E+03,  4.206000E-01
  0.000000E+00,  0.000000E+00,  0.000000E+00,  8.780000E+03,  4.192500E-01
  0.000000E+00,  0.000000E+00,  0.000000E+00,  8.782500E+03,  4.178400E-01
  0.000000E+00,  0.000000E+00,  0.000000E+00,  8.785000E+03,  4.163800E-01
  0.000000E+00,  0.000000E+00,  0.000000E+00,  8.787500E+03,  4.149300E-01
  0.000000E+00,  0.000000E+00,  0.000000E+00,  8.790000E+03,  4.135300E-01
  0.000000E+00,  0.000000E+00,  0.000000E+00,  8.792500E+03,  4.121700E-01
  0.000000E+00,  0.000000E+00,  0.000000E+00,  8.795000E+03,  4.108600E-01
  0.000000E+00,  0.000000E+00,  0.000000E+00,  8.797500E+03,  4.096100E-01
  0.000000E+00,  0.000000E+00,  0.000000E+00,  8.800000E+03,  4.084400E-01
  0.000000E+00,  0.000000E+00,  0.000000E+00,  8.802500E+03,  4.073400E-01
  0.000000E+00,  0.000000E+00,  0.000000E+00,  8.805000E+03,  4.063100E-01
  0.000000E+00,  0.000000E+00,  0.000000E+00,  8.807500E+03,  4.053100E-01
  0.000000E+00,  0.000000E+00,  0.000000E+00,  8.810000E+03,  4.043100E-01
  0.000000E+00,  0.000000E+00,  0.000000E+00,  8.812500E+03,  4.032700E-01
  0.000000E+00,  0.000000E+00,  0.000000E+00,  8.815000E+03,  4.022200E-01
  0.000000E+00,  0.000000E+00,  0.000000E+00,  8.817500E+03,  4.011300E-01
  0.000000E+00,  0.000000E+00,  0.000000E+00,  8.820000E+03,  3.999700E-01
  0.000000E+00,  0.000000E+00,  0.000000E+00,  8.822500E+03,  3.987500E-01
  0.000000E+00,  0.000000E+00,  0.000000E+00,  8.825000E+03,  3.974500E-01
  0.000000E+00,  0.000000E+00,  0.000000E+00,  8.827500E+03,  3.961300E-01
  0.000000E+00,  0.000000E+00,  0.000000E+00,  8.830000E+03,  3.947800E-01
  0.000000E+00,  0.000000E+00,  0.000000E+00,  8.832500E+03,  3.934300E-01
  0.000000E+00,  0.000000E+00,  0.000000E+00,  8.835000E+03,  3.920800E-01
  0.000000E+00,  0.000000E+00,  0.000000E+00,  8.837500E+03,  3.907400E-01
  0.000000E+00,  0.000000E+00,  0.000000E+00,  8.840000E+03,  3.894300E-01
  0.000000E+00,  0.000000E+00,  0.000000E+00,  8.842500E+03,  3.881800E-01
  0.000000E+00,  0.000000E+00,  0.000000E+00,  8.845000E+03,  3.869500E-01
  0.000000E+00,  0.000000E+00,  0.000000E+00,  8.847500E+03,  3.857500E-01
  0.000000E+00,  0.000000E+00,  0.000000E+00,  8.850000E+03,  3.845500E-01
  0.000000E+00,  0.000000E+00,  0.000000E+00,  8.852500E+03,  3.833400E-01
  0.000000E+00,  0.000000E+00,  0.000000E+00,  8.855000E+03,  3.821500E-01
  0.000000E+00,  0.000000E+00,  0.000000E+00,  8.857500E+03,  3.809600E-01
  0.000000E+00,  0.000000E+00,  0.000000E+00,  8.860000E+03,  3.798100E-01
  0.000000E+00,  0.000000E+00,  0.000000E+00,  8.862500E+03,  3.786800E-01
  0.000000E+00,  0.000000E+00,  0.000000E+00,  8.865000E+03,  3.775800E-01
  0.000000E+00,  0.000000E+00,  0.000000E+00,  8.867500E+03,  3.765100E-01
  0.000000E+00,  0.000000E+00,  0.000000E+00,  8.870000E+03,  3.754900E-01
  0.000000E+00,  0.000000E+00,  0.000000E+00,  8.872500E+03,  3.745200E-01
  0.000000E+00,  0.000000E+00,  0.000000E+00,  8.875000E+03,  3.735800E-01
  0.000000E+00,  0.000000E+00,  0.000000E+00,  8.877500E+03,  3.726200E-01
  0.000000E+00,  0.000000E+00,  0.000000E+00,  8.880000E+03,  3.715800E-01
  0.000000E+00,  0.000000E+00,  0.000000E+00,  8.882500E+03,  3.704400E-01
  0.000000E+00,  0.000000E+00,  0.000000E+00,  8.885000E+03,  3.691900E-01
  0.000000E+00,  0.000000E+00,  0.000000E+00,  8.887500E+03,  3.679000E-01
  0.000000E+00,  0.000000E+00,  0.000000E+00,  8.890000E+03,  3.666400E-01
  0.000000E+00,  0.000000E+00,  0.000000E+00,  8.892500E+03,  3.653800E-01
  0.000000E+00,  0.000000E+00,  0.000000E+00,  8.895000E+03,  3.641400E-01
  0.000000E+00,  0.000000E+00,  0.000000E+00,  8.897500E+03,  3.628900E-01
  0.000000E+00,  0.000000E+00,  0.000000E+00,  8.900000E+03,  3.616500E-01
  0.000000E+00,  0.000000E+00,  0.000000E+00,  8.902500E+03,  3.604200E-01
  0.000000E+00,  0.000000E+00,  0.000000E+00,  8.905000E+03,  3.591800E-01
  0.000000E+00,  0.000000E+00,  0.000000E+00,  8.907500E+03,  3.579300E-01
  0.000000E+00,  0.000000E+00,  0.000000E+00,  8.910000E+03,  3.566600E-01
  0.000000E+00,  0.000000E+00,  0.000000E+00,  8.912500E+03,  3.553700E-01
  0.000000E+00,  0.000000E+00,  0.000000E+00,  8.915000E+03,  3.540400E-01
  0.000000E+00,  0.000000E+00,  0.000000E+00,  8.917500E+03,  3.527300E-01
  0.000000E+00,  0.000000E+00,  0.000000E+00,  8.920000E+03,  3.514300E-01
  0.000000E+00,  0.000000E+00,  0.000000E+00,  8.922500E+03,  3.501500E-01
  0.000000E+00,  0.000000E+00,  0.000000E+00,  8.925000E+03,  3.488800E-01
  0.000000E+00,  0.000000E+00,  0.000000E+00,  8.927500E+03,  3.476800E-01
  0.000000E+00,  0.000000E+00,  0.000000E+00,  8.930000E+03,  3.465600E-01
  0.000000E+00,  0.000000E+00,  0.000000E+00,  8.932500E+03,  3.455500E-01
  0.000000E+00,  0.000000E+00,  0.000000E+00,  8.935000E+03,  3.446100E-01
  0.000000E+00,  0.000000E+00,  0.000000E+00,  8.937500E+03,  3.436700E-01
  0.000000E+00,  0.000000E+00,  0.000000E+00,  8.940000E+03,  3.426500E-01
  0.000000E+00,  0.000000E+00,  0.000000E+00,  8.942500E+03,  3.414800E-01
  0.000000E+00,  0.000000E+00,  0.000000E+00,  8.945000E+03,  3.402000E-01
  0.000000E+00,  0.000000E+00,  0.000000E+00,  8.947500E+03,  3.389100E-01
  0.000000E+00,  0.000000E+00,  0.000000E+00,  8.950000E+03,  3.376500E-01
  0.000000E+00,  0.000000E+00,  0.000000E+00,  8.952500E+03,  3.364500E-01
  0.000000E+00,  0.000000E+00,  0.000000E+00,  8.955000E+03,  3.353000E-01
  0.000000E+00,  0.000000E+00,  0.000000E+00,  8.957500E+03,  3.341800E-01
  0.000000E+00,  0.000000E+00,  0.000000E+00,  8.960000E+03,  3.330800E-01
  0.000000E+00,  0.000000E+00,  0.000000E+00,  8.962500E+03,  3.320400E-01
  0.000000E+00,  0.000000E+00,  0.000000E+00,  8.965000E+03,  3.310300E-01
  0.000000E+00,  0.000000E+00,  0.000000E+00,  8.967500E+03,  3.300000E-01
  0.000000E+00,  0.000000E+00,  0.000000E+00,  8.970000E+03,  3.289000E-01
  0.000000E+00,  0.000000E+00,  0.000000E+00,  8.972500E+03,  3.277200E-01
  0.000000E+00,  0.000000E+00,  0.000000E+00,  8.975000E+03,  3.264800E-01
  0.000000E+00,  0.000000E+00,  0.000000E+00,  8.977500E+03,  3.251900E-01
  0.000000E+00,  0.000000E+00,  0.000000E+00,  8.980000E+03,  3.239000E-01
  0.000000E+00,  0.000000E+00,  0.000000E+00,  8.982500E+03,  3.225800E-01
  0.000000E+00,  0.000000E+00,  0.000000E+00,  8.985000E+03,  3.212700E-01
  0.000000E+00,  0.000000E+00,  0.000000E+00,  8.987500E+03,  3.199800E-01
  0.000000E+00,  0.000000E+00,  0.000000E+00,  8.990000E+03,  3.187400E-01
  0.000000E+00,  0.000000E+00,  0.000000E+00,  8.992500E+03,  3.175800E-01
  0.000000E+00,  0.000000E+00,  0.000000E+00,  8.995000E+03,  3.164800E-01
  0.000000E+00,  0.000000E+00,  0.000000E+00,  8.997500E+03,  3.154100E-01
  0.000000E+00,  0.000000E+00,  0.000000E+00,  9.000000E+03,  3.143500E-01
  0.000000E+00,  0.000000E+00,  0.000000E+00,  9.002500E+03,  3.132800E-01
  0.000000E+00,  0.000000E+00,  0.000000E+00,  9.005000E+03,  3.122000E-01
  0.000000E+00,  0.000000E+00,  0.000000E+00,  9.007500E+03,  3.111200E-01
  0.000000E+00,  0.000000E+00,  0.000000E+00,  9.010000E+03,  3.100300E-01
  0.000000E+00,  0.000000E+00,  0.000000E+00,  9.012500E+03,  3.089100E-01
  0.000000E+00,  0.000000E+00,  0.000000E+00,  9.015000E+03,  3.077600E-01
  0.000000E+00,  0.000000E+00,  0.000000E+00,  9.017500E+03,  3.066000E-01
  0.000000E+00,  0.000000E+00,  0.000000E+00,  9.020000E+03,  3.054400E-01
  0.000000E+00,  0.000000E+00,  0.000000E+00,  9.022500E+03,  3.042500E-01
  0.000000E+00,  0.000000E+00,  0.000000E+00,  9.025000E+03,  3.030400E-01
  0.000000E+00,  0.000000E+00,  0.000000E+00,  9.027500E+03,  3.018700E-01
  0.000000E+00,  0.000000E+00,  0.000000E+00,  9.030000E+03,  3.007100E-01
  0.000000E+00,  0.000000E+00,  0.000000E+00,  9.032500E+03,  2.996000E-01
  0.000000E+00,  0.000000E+00,  0.000000E+00,  9.035000E+03,  2.985200E-01
  0.000000E+00,  0.000000E+00,  0.000000E+00,  9.037500E+03,  2.974600E-01
  0.000000E+00,  0.000000E+00,  0.000000E+00,  9.040000E+03,  2.963700E-01
  0.000000E+00,  0.000000E+00,  0.000000E+00,  9.042500E+03,  2.952700E-01
  0.000000E+00,  0.000000E+00,  0.000000E+00,  9.045000E+03,  2.941400E-01
  0.000000E+00,  0.000000E+00,  0.000000E+00,  9.047500E+03,  2.930200E-01
  0.000000E+00,  0.000000E+00,  0.000000E+00,  9.050000E+03,  2.919400E-01
  0.000000E+00,  0.000000E+00,  0.000000E+00,  9.052500E+03,  2.909000E-01
  0.000000E+00,  0.000000E+00,  0.000000E+00,  9.055000E+03,  2.898700E-01
  0.000000E+00,  0.000000E+00,  0.000000E+00,  9.057500E+03,  2.888500E-01
  0.000000E+00,  0.000000E+00,  0.000000E+00,  9.060000E+03,  2.877700E-01
  0.000000E+00,  0.000000E+00,  0.000000E+00,  9.062500E+03,  2.866400E-01
  0.000000E+00,  0.000000E+00,  0.000000E+00,  9.065000E+03,  2.854700E-01
  0.000000E+00,  0.000000E+00,  0.000000E+00,  9.067500E+03,  2.843000E-01
  0.000000E+00,  0.000000E+00,  0.000000E+00,  9.070000E+03,  2.831400E-01
  0.000000E+00,  0.000000E+00,  0.000000E+00,  9.072500E+03,  2.820300E-01
  0.000000E+00,  0.000000E+00,  0.000000E+00,  9.075000E+03,  2.809400E-01
  0.000000E+00,  0.000000E+00,  0.000000E+00,  9.077500E+03,  2.798700E-01
  0.000000E+00,  0.000000E+00,  0.000000E+00,  9.080000E+03,  2.788400E-01
  0.000000E+00,  0.000000E+00,  0.000000E+00,  9.082500E+03,  2.778600E-01
  0.000000E+00,  0.000000E+00,  0.000000E+00,  9.085000E+03,  2.769200E-01
  0.000000E+00,  0.000000E+00,  0.000000E+00,  9.087500E+03,  2.759700E-01
  0.000000E+00,  0.000000E+00,  0.000000E+00,  9.090000E+03,  2.749700E-01
  0.000000E+00,  0.000000E+00,  0.000000E+00,  9.092500E+03,  2.739100E-01
  0.000000E+00,  0.000000E+00,  0.000000E+00,  9.095000E+03,  2.727900E-01
  0.000000E+00,  0.000000E+00,  0.000000E+00,  9.097500E+03,  2.716300E-01
  0.000000E+00,  0.000000E+00,  0.000000E+00,  9.100000E+03,  2.704500E-01
  0.000000E+00,  0.000000E+00,  0.000000E+00,  9.102500E+03,  2.692600E-01
  0.000000E+00,  0.000000E+00,  0.000000E+00,  9.105000E+03,  2.680500E-01
  0.000000E+00,  0.000000E+00,  0.000000E+00,  9.107500E+03,  2.668400E-01
  0.000000E+00,  0.000000E+00,  0.000000E+00,  9.110000E+03,  2.656300E-01
  0.000000E+00,  0.000000E+00,  0.000000E+00,  9.112500E+03,  2.644600E-01
  0.000000E+00,  0.000000E+00,  0.000000E+00,  9.115000E+03,  2.633100E-01
  0.000000E+00,  0.000000E+00,  0.000000E+00,  9.117500E+03,  2.621700E-01
  0.000000E+00,  0.000000E+00,  0.000000E+00,  9.120000E+03,  2.610800E-01
  0.000000E+00,  0.000000E+00,  0.000000E+00,  9.122500E+03,  2.600000E-01
  0.000000E+00,  0.000000E+00,  0.000000E+00,  9.125000E+03,  2.589400E-01
  0.000000E+00,  0.000000E+00,  0.000000E+00,  9.127500E+03,  2.579100E-01
  0.000000E+00,  0.000000E+00,  0.000000E+00,  9.130000E+03,  2.569300E-01
  0.000000E+00,  0.000000E+00,  0.000000E+00,  9.132500E+03,  2.559700E-01
  0.000000E+00,  0.000000E+00,  0.000000E+00,  9.135000E+03,  2.550400E-01
  0.000000E+00,  0.000000E+00,  0.000000E+00,  9.137500E+03,  2.541100E-01
  0.000000E+00,  0.000000E+00,  0.000000E+00,  9.140000E+03,  2.531700E-01
  0.000000E+00,  0.000000E+00,  0.000000E+00,  9.142500E+03,  2.522000E-01
  0.000000E+00,  0.000000E+00,  0.000000E+00,  9.145000E+03,  2.512100E-01
  0.000000E+00,  0.000000E+00,  0.000000E+00,  9.147500E+03,  2.502000E-01
  0.000000E+00,  0.000000E+00,  0.000000E+00,  9.150000E+03,  2.492000E-01
  0.000000E+00,  0.000000E+00,  0.000000E+00,  9.152500E+03,  2.481700E-01
  0.000000E+00,  0.000000E+00,  0.000000E+00,  9.155000E+03,  2.471500E-01
  0.000000E+00,  0.000000E+00,  0.000000E+00,  9.157500E+03,  2.461200E-01
  0.000000E+00,  0.000000E+00,  0.000000E+00,  9.160000E+03,  2.451000E-01
  0.000000E+00,  0.000000E+00,  0.000000E+00,  9.162500E+03,  2.440800E-01
  0.000000E+00,  0.000000E+00,  0.000000E+00,  9.165000E+03,  2.430900E-01
  0.000000E+00,  0.000000E+00,  0.000000E+00,  9.167500E+03,  2.420800E-01
  0.000000E+00,  0.000000E+00,  0.000000E+00,  9.170000E+03,  2.410200E-01
  0.000000E+00,  0.000000E+00,  0.000000E+00,  9.172500E+03,  2.399300E-01
  0.000000E+00,  0.000000E+00,  0.000000E+00,  9.175000E+03,  2.388000E-01
  0.000000E+00,  0.000000E+00,  0.000000E+00,  9.177500E+03,  2.376600E-01
  0.000000E+00,  0.000000E+00,  0.000000E+00,  9.180000E+03,  2.365300E-01
  0.000000E+00,  0.000000E+00,  0.000000E+00,  9.182500E+03,  2.354100E-01
  0.000000E+00,  0.000000E+00,  0.000000E+00,  9.185000E+03,  2.343000E-01
  0.000000E+00,  0.000000E+00,  0.000000E+00,  9.187500E+03,  2.332200E-01
  0.000000E+00,  0.000000E+00,  0.000000E+00,  9.190000E+03,  2.321800E-01
  0.000000E+00,  0.000000E+00,  0.000000E+00,  9.192500E+03,  2.312000E-01
  0.000000E+00,  0.000000E+00,  0.000000E+00,  9.195000E+03,  2.302600E-01
  0.000000E+00,  0.000000E+00,  0.000000E+00,  9.197500E+03,  2.293500E-01
  0.000000E+00,  0.000000E+00,  0.000000E+00,  9.200000E+03,  2.284200E-01
  0.000000E+00,  0.000000E+00,  0.000000E+00,  9.202500E+03,  2.275000E-01
  0.000000E+00,  0.000000E+00,  0.000000E+00,  9.205000E+03,  2.265500E-01
  0.000000E+00,  0.000000E+00,  0.000000E+00,  9.207500E+03,  2.255800E-01
  0.000000E+00,  0.000000E+00,  0.000000E+00,  9.210000E+03,  2.246000E-01
  0.000000E+00,  0.000000E+00,  0.000000E+00,  9.212500E+03,  2.235800E-01
  0.000000E+00,  0.000000E+00,  0.000000E+00,  9.215000E+03,  2.225400E-01
  0.000000E+00,  0.000000E+00,  0.000000E+00,  9.217500E+03,  2.214900E-01
  0.000000E+00,  0.000000E+00,  0.000000E+00,  9.220000E+03,  2.204500E-01
  0.000000E+00,  0.000000E+00,  0.000000E+00,  9.222500E+03,  2.194400E-01
  0.000000E+00,  0.000000E+00,  0.000000E+00,  9.225000E+03,  2.184500E-01
  0.000000E+00,  0.000000E+00,  0.000000E+00,  9.227500E+03,  2.174700E-01
  0.000000E+00,  0.000000E+00,  0.000000E+00,  9.230000E+03,  2.165000E-01
  0.000000E+00,  0.000000E+00,  0.000000E+00,  9.232500E+03,  2.155100E-01
  0.000000E+00,  0.000000E+00,  0.000000E+00,  9.235000E+03,  2.145300E-01
  0.000000E+00,  0.000000E+00,  0.000000E+00,  9.237500E+03,  2.135500E-01
  0.000000E+00,  0.000000E+00,  0.000000E+00,  9.240000E+03,  2.125600E-01
  0.000000E+00,  0.000000E+00,  0.000000E+00,  9.242500E+03,  2.115600E-01
  0.000000E+00,  0.000000E+00,  0.000000E+00,  9.245000E+03,  2.105500E-01
  0.000000E+00,  0.000000E+00,  0.000000E+00,  9.247500E+03,  2.095500E-01
  0.000000E+00,  0.000000E+00,  0.000000E+00,  9.250000E+03,  2.085300E-01
  0.000000E+00,  0.000000E+00,  0.000000E+00,  9.252500E+03,  2.075200E-01
  0.000000E+00,  0.000000E+00,  0.000000E+00,  9.255000E+03,  2.064900E-01
  0.000000E+00,  0.000000E+00,  0.000000E+00,  9.257500E+03,  2.054900E-01
  0.000000E+00,  0.000000E+00,  0.000000E+00,  9.260000E+03,  2.045100E-01
  0.000000E+00,  0.000000E+00,  0.000000E+00,  9.262500E+03,  2.035700E-01
  0.000000E+00,  0.000000E+00,  0.000000E+00,  9.265000E+03,  2.026600E-01
  0.000000E+00,  0.000000E+00,  0.000000E+00,  9.267500E+03,  2.017500E-01
  0.000000E+00,  0.000000E+00,  0.000000E+00,  9.270000E+03,  2.008600E-01
  0.000000E+00,  0.000000E+00,  0.000000E+00,  9.272500E+03,  1.999500E-01
  0.000000E+00,  0.000000E+00,  0.000000E+00,  9.275000E+03,  1.990500E-01
  0.000000E+00,  0.000000E+00,  0.000000E+00,  9.277500E+03,  1.981500E-01
  0.000000E+00,  0.000000E+00,  0.000000E+00,  9.280000E+03,  1.972700E-01
  0.000000E+00,  0.000000E+00,  0.000000E+00,  9.282500E+03,  1.963900E-01
  0.000000E+00,  0.000000E+00,  0.000000E+00,  9.285000E+03,  1.955200E-01
  0.000000E+00,  0.000000E+00,  0.000000E+00,  9.287500E+03,  1.946600E-01
  0.000000E+00,  0.000000E+00,  0.000000E+00,  9.290000E+03,  1.938000E-01
  0.000000E+00,  0.000000E+00,  0.000000E+00,  9.292500E+03,  1.929600E-01
  0.000000E+00,  0.000000E+00,  0.000000E+00,  9.295000E+03,  1.921200E-01
  0.000000E+00,  0.000000E+00,  0.000000E+00,  9.297500E+03,  1.912500E-01
  0.000000E+00,  0.000000E+00,  0.000000E+00,  9.300000E+03,  1.903600E-01
  0.000000E+00,  0.000000E+00,  0.000000E+00,  9.302500E+03,  1.894100E-01
  0.000000E+00,  0.000000E+00,  0.000000E+00,  9.305000E+03,  1.884200E-01
  0.000000E+00,  0.000000E+00,  0.000000E+00,  9.307500E+03,  1.874200E-01
  0.000000E+00,  0.000000E+00,  0.000000E+00,  9.310000E+03,  1.864500E-01
  0.000000E+00,  0.000000E+00,  0.000000E+00,  9.312500E+03,  1.855200E-01
  0.000000E+00,  0.000000E+00,  0.000000E+00,  9.315000E+03,  1.846100E-01
  0.000000E+00,  0.000000E+00,  0.000000E+00,  9.317500E+03,  1.837200E-01
  0.000000E+00,  0.000000E+00,  0.000000E+00,  9.320000E+03,  1.828300E-01
  0.000000E+00,  0.000000E+00,  0.000000E+00,  9.322500E+03,  1.819500E-01
  0.000000E+00,  0.000000E+00,  0.000000E+00,  9.325000E+03,  1.810600E-01
  0.000000E+00,  0.000000E+00,  0.000000E+00,  9.327500E+03,  1.801800E-01
  0.000000E+00,  0.000000E+00,  0.000000E+00,  9.330000E+03,  1.793000E-01
  0.000000E+00,  0.000000E+00,  0.000000E+00,  9.332500E+03,  1.784100E-01
  0.000000E+00,  0.000000E+00,  0.000000E+00,  9.335000E+03,  1.775300E-01
  0.000000E+00,  0.000000E+00,  0.000000E+00,  9.337500E+03,  1.766400E-01
  0.000000E+00,  0.000000E+00,  0.000000E+00,  9.340000E+03,  1.757500E-01
  0.000000E+00,  0.000000E+00,  0.000000E+00,  9.342500E+03,  1.748500E-01
  0.000000E+00,  0.000000E+00,  0.000000E+00,  9.345000E+03,  1.739700E-01
  0.000000E+00,  0.000000E+00,  0.000000E+00,  9.347500E+03,  1.730800E-01
  0.000000E+00,  0.000000E+00,  0.000000E+00,  9.350000E+03,  1.722000E-01
  0.000000E+00,  0.000000E+00,  0.000000E+00,  9.352500E+03,  1.713600E-01
  0.000000E+00,  0.000000E+00,  0.000000E+00,  9.355000E+03,  1.705300E-01
  0.000000E+00,  0.000000E+00,  0.000000E+00,  9.357500E+03,  1.697000E-01
  0.000000E+00,  0.000000E+00,  0.000000E+00,  9.360000E+03,  1.688800E-01
  0.000000E+00,  0.000000E+00,  0.000000E+00,  9.362500E+03,  1.680500E-01
  0.000000E+00,  0.000000E+00,  0.000000E+00,  9.365000E+03,  1.672200E-01
  0.000000E+00,  0.000000E+00,  0.000000E+00,  9.367500E+03,  1.663700E-01
  0.000000E+00,  0.000000E+00,  0.000000E+00,  9.370000E+03,  1.655100E-01
  0.000000E+00,  0.000000E+00,  0.000000E+00,  9.372500E+03,  1.646300E-01
  0.000000E+00,  0.000000E+00,  0.000000E+00,  9.375000E+03,  1.637200E-01
  0.000000E+00,  0.000000E+00,  0.000000E+00,  9.377500E+03,  1.628200E-01
  0.000000E+00,  0.000000E+00,  0.000000E+00,  9.380000E+03,  1.619200E-01
  0.000000E+00,  0.000000E+00,  0.000000E+00,  9.382500E+03,  1.610400E-01
  0.000000E+00,  0.000000E+00,  0.000000E+00,  9.385000E+03,  1.601900E-01
  0.000000E+00,  0.000000E+00,  0.000000E+00,  9.387500E+03,  1.593300E-01
  0.000000E+00,  0.000000E+00,  0.000000E+00,  9.390000E+03,  1.584800E-01
  0.000000E+00,  0.000000E+00,  0.000000E+00,  9.392500E+03,  1.576100E-01
  0.000000E+00,  0.000000E+00,  0.000000E+00,  9.395000E+03,  1.567600E-01
  0.000000E+00,  0.000000E+00,  0.000000E+00,  9.397500E+03,  1.559100E-01
  0.000000E+00,  0.000000E+00,  0.000000E+00,  9.400000E+03,  1.550800E-01
  0.000000E+00,  0.000000E+00,  0.000000E+00,  9.402500E+03,  1.542800E-01
  0.000000E+00,  0.000000E+00,  0.000000E+00,  9.405000E+03,  1.535100E-01
  0.000000E+00,  0.000000E+00,  0.000000E+00,  9.407500E+03,  1.527300E-01
  0.000000E+00,  0.000000E+00,  0.000000E+00,  9.410000E+03,  1.519700E-01
  0.000000E+00,  0.000000E+00,  0.000000E+00,  9.412500E+03,  1.511900E-01
  0.000000E+00,  0.000000E+00,  0.000000E+00,  9.415000E+03,  1.504100E-01
  0.000000E+00,  0.000000E+00,  0.000000E+00,  9.417500E+03,  1.496300E-01
  0.000000E+00,  0.000000E+00,  0.000000E+00,  9.420000E+03,  1.488400E-01
  0.000000E+00,  0.000000E+00,  0.000000E+00,  9.422500E+03,  1.480200E-01
  0.000000E+00,  0.000000E+00,  0.000000E+00,  9.425000E+03,  1.471900E-01
  0.000000E+00,  0.000000E+00,  0.000000E+00,  9.427500E+03,  1.463500E-01
  0.000000E+00,  0.000000E+00,  0.000000E+00,  9.430000E+03,  1.455400E-01
  0.000000E+00,  0.000000E+00,  0.000000E+00,  9.432500E+03,  1.447700E-01
  0.000000E+00,  0.000000E+00,  0.000000E+00,  9.435000E+03,  1.440100E-01
  0.000000E+00,  0.000000E+00,  0.000000E+00,  9.437500E+03,  1.432600E-01
  0.000000E+00,  0.000000E+00,  0.000000E+00,  9.440000E+03,  1.425000E-01
  0.000000E+00,  0.000000E+00,  0.000000E+00,  9.442500E+03,  1.417200E-01
  0.000000E+00,  0.000000E+00,  0.000000E+00,  9.445000E+03,  1.409200E-01
  0.000000E+00,  0.000000E+00,  0.000000E+00,  9.447500E+03,  1.401100E-01
  0.000000E+00,  0.000000E+00,  0.000000E+00,  9.450000E+03,  1.393100E-01
  0.000000E+00,  0.000000E+00,  0.000000E+00,  9.452500E+03,  1.385000E-01
  0.000000E+00,  0.000000E+00,  0.000000E+00,  9.455000E+03,  1.376800E-01
  0.000000E+00,  0.000000E+00,  0.000000E+00,  9.457500E+03,  1.368700E-01
  0.000000E+00,  0.000000E+00,  0.000000E+00,  9.460000E+03,  1.360800E-01
  0.000000E+00,  0.000000E+00,  0.000000E+00,  9.462500E+03,  1.353000E-01
  0.000000E+00,  0.000000E+00,  0.000000E+00,  9.465000E+03,  1.345400E-01
  0.000000E+00,  0.000000E+00,  0.000000E+00,  9.467500E+03,  1.337900E-01
  0.000000E+00,  0.000000E+00,  0.000000E+00,  9.470000E+03,  1.330400E-01
  0.000000E+00,  0.000000E+00,  0.000000E+00,  9.472500E+03,  1.323100E-01
  0.000000E+00,  0.000000E+00,  0.000000E+00,  9.475000E+03,  1.316000E-01
  0.000000E+00,  0.000000E+00,  0.000000E+00,  9.477500E+03,  1.308800E-01
  0.000000E+00,  0.000000E+00,  0.000000E+00,  9.480000E+03,  1.301600E-01
  0.000000E+00,  0.000000E+00,  0.000000E+00,  9.482500E+03,  1.294300E-01
  0.000000E+00,  0.000000E+00,  0.000000E+00,  9.485000E+03,  1.286800E-01
  0.000000E+00,  0.000000E+00,  0.000000E+00,  9.487500E+03,  1.279400E-01
  0.000000E+00,  0.000000E+00,  0.000000E+00,  9.490000E+03,  1.272100E-01
  0.000000E+00,  0.000000E+00,  0.000000E+00,  9.492500E+03,  1.264900E-01
  0.000000E+00,  0.000000E+00,  0.000000E+00,  9.495000E+03,  1.257800E-01
  0.000000E+00,  0.000000E+00,  0.000000E+00,  9.497500E+03,  1.250700E-01
  0.000000E+00,  0.000000E+00,  0.000000E+00,  9.500000E+03,  1.243700E-01
  0.000000E+00,  0.000000E+00,  0.000000E+00,  9.502500E+03,  1.236700E-01
  0.000000E+00,  0.000000E+00,  0.000000E+00,  9.505000E+03,  1.229500E-01
  0.000000E+00,  0.000000E+00,  0.000000E+00,  9.507500E+03,  1.222600E-01
  0.000000E+00,  0.000000E+00,  0.000000E+00,  9.510000E+03,  1.215800E-01
  0.000000E+00,  0.000000E+00,  0.000000E+00,  9.512500E+03,  1.209100E-01
  0.000000E+00,  0.000000E+00,  0.000000E+00,  9.515000E+03,  1.202700E-01
  0.000000E+00,  0.000000E+00,  0.000000E+00,  9.517500E+03,  1.196100E-01
  0.000000E+00,  0.000000E+00,  0.000000E+00,  9.520000E+03,  1.189600E-01
  0.000000E+00,  0.000000E+00,  0.000000E+00,  9.522500E+03,  1.182600E-01
  0.000000E+00,  0.000000E+00,  0.000000E+00,  9.525000E+03,  1.175600E-01
  0.000000E+00,  0.000000E+00,  0.000000E+00,  9.527500E+03,  1.168500E-01
  0.000000E+00,  0.000000E+00,  0.000000E+00,  9.530000E+03,  1.161700E-01
  0.000000E+00,  0.000000E+00,  0.000000E+00,  9.532500E+03,  1.154900E-01
  0.000000E+00,  0.000000E+00,  0.000000E+00,  9.535000E+03,  1.148200E-01
  0.000000E+00,  0.000000E+00,  0.000000E+00,  9.537500E+03,  1.141600E-01
  0.000000E+00,  0.000000E+00,  0.000000E+00,  9.540000E+03,  1.134900E-01
  0.000000E+00,  0.000000E+00,  0.000000E+00,  9.542500E+03,  1.127900E-01
  0.000000E+00,  0.000000E+00,  0.000000E+00,  9.545000E+03,  1.121000E-01
  0.000000E+00,  0.000000E+00,  0.000000E+00,  9.547500E+03,  1.113900E-01
  0.000000E+00,  0.000000E+00,  0.000000E+00,  9.550000E+03,  1.106600E-01
  0.000000E+00,  0.000000E+00,  0.000000E+00,  9.552500E+03,  1.099100E-01
  0.000000E+00,  0.000000E+00,  0.000000E+00,  9.555000E+03,  1.091300E-01
  0.000000E+00,  0.000000E+00,  0.000000E+00,  9.557500E+03,  1.083700E-01
  0.000000E+00,  0.000000E+00,  0.000000E+00,  9.560000E+03,  1.076400E-01
  0.000000E+00,  0.000000E+00,  0.000000E+00,  9.562500E+03,  1.069800E-01
  0.000000E+00,  0.000000E+00,  0.000000E+00,  9.565000E+03,  1.063600E-01
  0.000000E+00,  0.000000E+00,  0.000000E+00,  9.567500E+03,  1.057700E-01
  0.000000E+00,  0.000000E+00,  0.000000E+00,  9.570000E+03,  1.051700E-01
  0.000000E+00,  0.000000E+00,  0.000000E+00,  9.572500E+03,  1.045800E-01
  0.000000E+00,  0.000000E+00,  0.000000E+00,  9.575000E+03,  1.039800E-01
  0.000000E+00,  0.000000E+00,  0.000000E+00,  9.577500E+03,  1.033800E-01
  0.000000E+00,  0.000000E+00,  0.000000E+00,  9.580000E+03,  1.027700E-01
  0.000000E+00,  0.000000E+00,  0.000000E+00,  9.582500E+03,  1.021500E-01
  0.000000E+00,  0.000000E+00,  0.000000E+00,  9.585000E+03,  1.015200E-01
  0.000000E+00,  0.000000E+00,  0.000000E+00,  9.587500E+03,  1.008800E-01
  0.000000E+00,  0.000000E+00,  0.000000E+00,  9.590000E+03,  1.002400E-01
  0.000000E+00,  0.000000E+00,  0.000000E+00,  9.592500E+03,  9.960000E-02
  0.000000E+00,  0.000000E+00,  0.000000E+00,  9.595000E+03,  9.896000E-02
  0.000000E+00,  0.000000E+00,  0.000000E+00,  9.597500E+03,  9.832000E-02
  0.000000E+00,  0.000000E+00,  0.000000E+00,  9.600000E+03,  9.768000E-02
  0.000000E+00,  0.000000E+00,  0.000000E+00,  9.602500E+03,  9.703000E-02
  0.000000E+00,  0.000000E+00,  0.000000E+00,  9.605000E+03,  9.638000E-02
  0.000000E+00,  0.000000E+00,  0.000000E+00,  9.607500E+03,  9.575000E-02
  0.000000E+00,  0.000000E+00,  0.000000E+00,  9.610000E+03,  9.510000E-02
  0.000000E+00,  0.000000E+00,  0.000000E+00,  9.612500E+03,  9.446000E-02
  0.000000E+00,  0.000000E+00,  0.000000E+00,  9.615000E+03,  9.381000E-02
  0.000000E+00,  0.000000E+00,  0.000000E+00,  9.617500E+03,  9.318000E-02
  0.000000E+00,  0.000000E+00,  0.000000E+00,  9.620000E+03,  9.255000E-02
  0.000000E+00,  0.000000E+00,  0.000000E+00,  9.622500E+03,  9.192000E-02
  0.000000E+00,  0.000000E+00,  0.000000E+00,  9.625000E+03,  9.132000E-02
  0.000000E+00,  0.000000E+00,  0.000000E+00,  9.627500E+03,  9.071000E-02
  0.000000E+00,  0.000000E+00,  0.000000E+00,  9.630000E+03,  9.011000E-02
  0.000000E+00,  0.000000E+00,  0.000000E+00,  9.632500E+03,  8.951000E-02
  0.000000E+00,  0.000000E+00,  0.000000E+00,  9.635000E+03,  8.892000E-02
  0.000000E+00,  0.000000E+00,  0.000000E+00,  9.637500E+03,  8.833000E-02
  0.000000E+00,  0.000000E+00,  0.000000E+00,  9.640000E+03,  8.776000E-02
  0.000000E+00,  0.000000E+00,  0.000000E+00,  9.642500E+03,  8.718000E-02
  0.000000E+00,  0.000000E+00,  0.000000E+00,  9.645000E+03,  8.663000E-02
  0.000000E+00,  0.000000E+00,  0.000000E+00,  9.647500E+03,  8.608000E-02
  0.000000E+00,  0.000000E+00,  0.000000E+00,  9.650000E+03,  8.553000E-02
  0.000000E+00,  0.000000E+00,  0.000000E+00,  9.652500E+03,  8.499000E-02
  0.000000E+00,  0.000000E+00,  0.000000E+00,  9.655000E+03,  8.444000E-02
  0.000000E+00,  0.000000E+00,  0.000000E+00,  9.657500E+03,  8.390000E-02
  0.000000E+00,  0.000000E+00,  0.000000E+00,  9.660000E+03,  8.336000E-02
  0.000000E+00,  0.000000E+00,  0.000000E+00,  9.662500E+03,  8.281000E-02
  0.000000E+00,  0.000000E+00,  0.000000E+00,  9.665000E+03,  8.227000E-02
  0.000000E+00,  0.000000E+00,  0.000000E+00,  9.667500E+03,  8.172000E-02
  0.000000E+00,  0.000000E+00,  0.000000E+00,  9.670000E+03,  8.117000E-02
  0.000000E+00,  0.000000E+00,  0.000000E+00,  9.672500E+03,  8.061000E-02
  0.000000E+00,  0.000000E+00,  0.000000E+00,  9.675000E+03,  8.005000E-02
  0.000000E+00,  0.000000E+00,  0.000000E+00,  9.677500E+03,  7.948000E-02
  0.000000E+00,  0.000000E+00,  0.000000E+00,  9.680000E+03,  7.891000E-02
  0.000000E+00,  0.000000E+00,  0.000000E+00,  9.682500E+03,  7.834000E-02
  0.000000E+00,  0.000000E+00,  0.000000E+00,  9.685000E+03,  7.777000E-02
  0.000000E+00,  0.000000E+00,  0.000000E+00,  9.687500E+03,  7.720000E-02
  0.000000E+00,  0.000000E+00,  0.000000E+00,  9.690000E+03,  7.665000E-02
  0.000000E+00,  0.000000E+00,  0.000000E+00,  9.692500E+03,  7.610000E-02
  0.000000E+00,  0.000000E+00,  0.000000E+00,  9.695000E+03,  7.555000E-02
  0.000000E+00,  0.000000E+00,  0.000000E+00,  9.697500E+03,  7.502000E-02
  0.000000E+00,  0.000000E+00,  0.000000E+00,  9.700000E+03,  7.448000E-02
  0.000000E+00,  0.000000E+00,  0.000000E+00,  9.702500E+03,  7.393000E-02
  0.000000E+00,  0.000000E+00,  0.000000E+00,  9.705000E+03,  7.339000E-02
  0.000000E+00,  0.000000E+00,  0.000000E+00,  9.707500E+03,  7.285000E-02
  0.000000E+00,  0.000000E+00,  0.000000E+00,  9.710000E+03,  7.231000E-02
  0.000000E+00,  0.000000E+00,  0.000000E+00,  9.712500E+03,  7.178000E-02
  0.000000E+00,  0.000000E+00,  0.000000E+00,  9.715000E+03,  7.126000E-02
  0.000000E+00,  0.000000E+00,  0.000000E+00,  9.717500E+03,  7.075000E-02
  0.000000E+00,  0.000000E+00,  0.000000E+00,  9.720000E+03,  7.025000E-02
  0.000000E+00,  0.000000E+00,  0.000000E+00,  9.722500E+03,  6.976000E-02
  0.000000E+00,  0.000000E+00,  0.000000E+00,  9.725000E+03,  6.927000E-02
  0.000000E+00,  0.000000E+00,  0.000000E+00,  9.727500E+03,  6.879000E-02
  0.000000E+00,  0.000000E+00,  0.000000E+00,  9.730000E+03,  6.833000E-02
  0.000000E+00,  0.000000E+00,  0.000000E+00,  9.732500E+03,  6.787000E-02
  0.000000E+00,  0.000000E+00,  0.000000E+00,  9.735000E+03,  6.741000E-02
  0.000000E+00,  0.000000E+00,  0.000000E+00,  9.737500E+03,  6.695000E-02
  0.000000E+00,  0.000000E+00,  0.000000E+00,  9.740000E+03,  6.649000E-02
  0.000000E+00,  0.000000E+00,  0.000000E+00,  9.742500E+03,  6.604000E-02
  0.000000E+00,  0.000000E+00,  0.000000E+00,  9.745000E+03,  6.558000E-02
  0.000000E+00,  0.000000E+00,  0.000000E+00,  9.747500E+03,  6.511000E-02
  0.000000E+00,  0.000000E+00,  0.000000E+00,  9.750000E+03,  6.464000E-02
  0.000000E+00,  0.000000E+00,  0.000000E+00,  9.752500E+03,  6.416000E-02
  0.000000E+00,  0.000000E+00,  0.000000E+00,  9.755000E+03,  6.367000E-02
  0.000000E+00,  0.000000E+00,  0.000000E+00,  9.757500E+03,  6.319000E-02
  0.000000E+00,  0.000000E+00,  0.000000E+00,  9.760000E+03,  6.270000E-02
  0.000000E+00,  0.000000E+00,  0.000000E+00,  9.762500E+03,  6.221000E-02
  0.000000E+00,  0.000000E+00,  0.000000E+00,  9.765000E+03,  6.173000E-02
  0.000000E+00,  0.000000E+00,  0.000000E+00,  9.767500E+03,  6.124000E-02
  0.000000E+00,  0.000000E+00,  0.000000E+00,  9.770000E+03,  6.076000E-02
  0.000000E+00,  0.000000E+00,  0.000000E+00,  9.772500E+03,  6.028000E-02
  0.000000E+00,  0.000000E+00,  0.000000E+00,  9.775000E+03,  5.981000E-02
  0.000000E+00,  0.000000E+00,  0.000000E+00,  9.777500E+03,  5.933000E-02
  0.000000E+00,  0.000000E+00,  0.000000E+00,  9.780000E+03,  5.887000E-02
  0.000000E+00,  0.000000E+00,  0.000000E+00,  9.782500E+03,  5.840000E-02
  0.000000E+00,  0.000000E+00,  0.000000E+00,  9.785000E+03,  5.795000E-02
  0.000000E+00,  0.000000E+00,  0.000000E+00,  9.787500E+03,  5.749000E-02
  0.000000E+00,  0.000000E+00,  0.000000E+00,  9.790000E+03,  5.704000E-02
  0.000000E+00,  0.000000E+00,  0.000000E+00,  9.792500E+03,  5.659000E-02
  0.000000E+00,  0.000000E+00,  0.000000E+00,  9.795000E+03,  5.614000E-02
  0.000000E+00,  0.000000E+00,  0.000000E+00,  9.797500E+03,  5.570000E-02
  0.000000E+00,  0.000000E+00,  0.000000E+00,  9.800000E+03,  5.527000E-02
  0.000000E+00,  0.000000E+00,  0.000000E+00,  9.802500E+03,  5.484000E-02
  0.000000E+00,  0.000000E+00,  0.000000E+00,  9.805000E+03,  5.442000E-02
  0.000000E+00,  0.000000E+00,  0.000000E+00,  9.807500E+03,  5.400000E-02
  0.000000E+00,  0.000000E+00,  0.000000E+00,  9.810000E+03,  5.359000E-02
  0.000000E+00,  0.000000E+00,  0.000000E+00,  9.812500E+03,  5.318000E-02
  0.000000E+00,  0.000000E+00,  0.000000E+00,  9.815000E+03,  5.277000E-02
  0.000000E+00,  0.000000E+00,  0.000000E+00,  9.817500E+03,  5.237000E-02
  0.000000E+00,  0.000000E+00,  0.000000E+00,  9.820000E+03,  5.196000E-02
  0.000000E+00,  0.000000E+00,  0.000000E+00,  9.822500E+03,  5.156000E-02
  0.000000E+00,  0.000000E+00,  0.000000E+00,  9.825000E+03,  5.114000E-02
  0.000000E+00,  0.000000E+00,  0.000000E+00,  9.827500E+03,  5.073000E-02
  0.000000E+00,  0.000000E+00,  0.000000E+00,  9.830000E+03,  5.034000E-02
  0.000000E+00,  0.000000E+00,  0.000000E+00,  9.832500E+03,  4.993000E-02
  0.000000E+00,  0.000000E+00,  0.000000E+00,  9.835000E+03,  4.953000E-02
  0.000000E+00,  0.000000E+00,  0.000000E+00,  9.837500E+03,  4.913000E-02
  0.000000E+00,  0.000000E+00,  0.000000E+00,  9.840000E+03,  4.874000E-02
  0.000000E+00,  0.000000E+00,  0.000000E+00,  9.842500E+03,  4.835000E-02
  0.000000E+00,  0.000000E+00,  0.000000E+00,  9.845000E+03,  4.796000E-02
  0.000000E+00,  0.000000E+00,  0.000000E+00,  9.847500E+03,  4.757000E-02
  0.000000E+00,  0.000000E+00,  0.000000E+00,  9.850000E+03,  4.717000E-02
  0.000000E+00,  0.000000E+00,  0.000000E+00,  9.852500E+03,  4.676000E-02
  0.000000E+00,  0.000000E+00,  0.000000E+00,  9.855000E+03,  4.635000E-02
  0.000000E+00,  0.000000E+00,  0.000000E+00,  9.857500E+03,  4.595000E-02
  0.000000E+00,  0.000000E+00,  0.000000E+00,  9.860000E+03,  4.554000E-02
  0.000000E+00,  0.000000E+00,  0.000000E+00,  9.862500E+03,  4.516000E-02
  0.000000E+00,  0.000000E+00,  0.000000E+00,  9.865000E+03,  4.477000E-02
  0.000000E+00,  0.000000E+00,  0.000000E+00,  9.867500E+03,  4.440000E-02
  0.000000E+00,  0.000000E+00,  0.000000E+00,  9.870000E+03,  4.401000E-02
  0.000000E+00,  0.000000E+00,  0.000000E+00,  9.872500E+03,  4.364000E-02
  0.000000E+00,  0.000000E+00,  0.000000E+00,  9.875000E+03,  4.325000E-02
  0.000000E+00,  0.000000E+00,  0.000000E+00,  9.877500E+03,  4.287000E-02
  0.000000E+00,  0.000000E+00,  0.000000E+00,  9.880000E+03,  4.251000E-02
  0.000000E+00,  0.000000E+00,  0.000000E+00,  9.882500E+03,  4.216000E-02
  0.000000E+00,  0.000000E+00,  0.000000E+00,  9.885000E+03,  4.180000E-02
  0.000000E+00,  0.000000E+00,  0.000000E+00,  9.887500E+03,  4.145000E-02
  0.000000E+00,  0.000000E+00,  0.000000E+00,  9.890000E+03,  4.111000E-02
  0.000000E+00,  0.000000E+00,  0.000000E+00,  9.892500E+03,  4.077000E-02
  0.000000E+00,  0.000000E+00,  0.000000E+00,  9.895000E+03,  4.042000E-02
  0.000000E+00,  0.000000E+00,  0.000000E+00,  9.897500E+03,  4.009000E-02
  0.000000E+00,  0.000000E+00,  0.000000E+00,  9.900000E+03,  3.974000E-02
  0.000000E+00,  0.000000E+00,  0.000000E+00,  9.902500E+03,  3.940000E-02
  0.000000E+00,  0.000000E+00,  0.000000E+00,  9.905000E+03,  3.906000E-02
  0.000000E+00,  0.000000E+00,  0.000000E+00,  9.907500E+03,  3.872000E-02
  0.000000E+00,  0.000000E+00,  0.000000E+00,  9.910000E+03,  3.838000E-02
  0.000000E+00,  0.000000E+00,  0.000000E+00,  9.912500E+03,  3.804000E-02
  0.000000E+00,  0.000000E+00,  0.000000E+00,  9.915000E+03,  3.770000E-02
  0.000000E+00,  0.000000E+00,  0.000000E+00,  9.917500E+03,  3.737000E-02
  0.000000E+00,  0.000000E+00,  0.000000E+00,  9.920000E+03,  3.703000E-02
  0.000000E+00,  0.000000E+00,  0.000000E+00,  9.922500E+03,  3.670000E-02
  0.000000E+00,  0.000000E+00,  0.000000E+00,  9.925000E+03,  3.636000E-02
  0.000000E+00,  0.000000E+00,  0.000000E+00,  9.927500E+03,  3.602000E-02
  0.000000E+00,  0.000000E+00,  0.000000E+00,  9.930000E+03,  3.568000E-02
  0.000000E+00,  0.000000E+00,  0.000000E+00,  9.932500E+03,  3.535000E-02
  0.000000E+00,  0.000000E+00,  0.000000E+00,  9.935000E+03,  3.500000E-02
  0.000000E+00,  0.000000E+00,  0.000000E+00,  9.937500E+03,  3.467000E-02
  0.000000E+00,  0.000000E+00,  0.000000E+00,  9.940000E+03,  3.434000E-02
  0.000000E+00,  0.000000E+00,  0.000000E+00,  9.942500E+03,  3.402000E-02
  0.000000E+00,  0.000000E+00,  0.000000E+00,  9.945000E+03,  3.370000E-02
  0.000000E+00,  0.000000E+00,  0.000000E+00,  9.947500E+03,  3.337000E-02
  0.000000E+00,  0.000000E+00,  0.000000E+00,  9.950000E+03,  3.306000E-02
  0.000000E+00,  0.000000E+00,  0.000000E+00,  9.952500E+03,  3.273000E-02
  0.000000E+00,  0.000000E+00,  0.000000E+00,  9.955000E+03,  3.241000E-02
  0.000000E+00,  0.000000E+00,  0.000000E+00,  9.957500E+03,  3.209000E-02
  0.000000E+00,  0.000000E+00,  0.000000E+00,  9.960000E+03,  3.178000E-02
  0.000000E+00,  0.000000E+00,  0.000000E+00,  9.962500E+03,  3.147000E-02
  0.000000E+00,  0.000000E+00,  0.000000E+00,  9.965000E+03,  3.118000E-02
  0.000000E+00,  0.000000E+00,  0.000000E+00,  9.967500E+03,  3.089000E-02
  0.000000E+00,  0.000000E+00,  0.000000E+00,  9.970000E+03,  3.060000E-02
  0.000000E+00,  0.000000E+00,  0.000000E+00,  9.972500E+03,  3.031000E-02
  0.000000E+00,  0.000000E+00,  0.000000E+00,  9.975000E+03,  3.003000E-02
  0.000000E+00,  0.000000E+00,  0.000000E+00,  9.977500E+03,  2.976000E-02
  0.000000E+00,  0.000000E+00,  0.000000E+00,  9.980000E+03,  2.948000E-02
  0.000000E+00,  0.000000E+00,  0.000000E+00,  9.982500E+03,  2.922000E-02
  0.000000E+00,  0.000000E+00,  0.000000E+00,  9.985000E+03,  2.895000E-02
  0.000000E+00,  0.000000E+00,  0.000000E+00,  9.987500E+03,  2.869000E-02
  0.000000E+00,  0.000000E+00,  0.000000E+00,  9.990000E+03,  2.841000E-02
  0.000000E+00,  0.000000E+00,  0.000000E+00,  9.992500E+03,  2.815000E-02
  0.000000E+00,  0.000000E+00,  0.000000E+00,  9.995000E+03,  2.787000E-02
  0.000000E+00,  0.000000E+00,  0.000000E+00,  9.997500E+03,  2.759000E-02
  0.000000E+00,  0.000000E+00,  0.000000E+00,  1.000000E+04,  2.732000E-02
  0.000000E+00,  0.000000E+00,  0.000000E+00,  1.000250E+04,  2.704000E-02
  0.000000E+00,  0.000000E+00,  0.000000E+00,  1.000500E+04,  2.676000E-02
  0.000000E+00,  0.000000E+00,  0.000000E+00,  1.000750E+04,  2.649000E-02
  0.000000E+00,  0.000000E+00,  0.000000E+00,  1.001000E+04,  2.622000E-02
  0.000000E+00,  0.000000E+00,  0.000000E+00,  1.001250E+04,  2.595000E-02
  0.000000E+00,  0.000000E+00,  0.000000E+00,  1.001500E+04,  2.568000E-02
  0.000000E+00,  0.000000E+00,  0.000000E+00,  1.001750E+04,  2.542000E-02
  0.000000E+00,  0.000000E+00,  0.000000E+00,  1.002000E+04,  2.515000E-02
  0.000000E+00,  0.000000E+00,  0.000000E+00,  1.002250E+04,  2.489000E-02
  0.000000E+00,  0.000000E+00,  0.000000E+00,  1.002500E+04,  2.463000E-02
  0.000000E+00,  0.000000E+00,  0.000000E+00,  1.002750E+04,  2.437000E-02
  0.000000E+00,  0.000000E+00,  0.000000E+00,  1.003000E+04,  2.412000E-02
  0.000000E+00,  0.000000E+00,  0.000000E+00,  1.003250E+04,  2.386000E-02
  0.000000E+00,  0.000000E+00,  0.000000E+00,  1.003500E+04,  2.361000E-02
  0.000000E+00,  0.000000E+00,  0.000000E+00,  1.003750E+04,  2.337000E-02
  0.000000E+00,  0.000000E+00,  0.000000E+00,  1.004000E+04,  2.313000E-02
  0.000000E+00,  0.000000E+00,  0.000000E+00,  1.004250E+04,  2.288000E-02
  0.000000E+00,  0.000000E+00,  0.000000E+00,  1.004500E+04,  2.264000E-02
  0.000000E+00,  0.000000E+00,  0.000000E+00,  1.004750E+04,  2.240000E-02
  0.000000E+00,  0.000000E+00,  0.000000E+00,  1.005000E+04,  2.217000E-02
  0.000000E+00,  0.000000E+00,  0.000000E+00,  1.005250E+04,  2.194000E-02
  0.000000E+00,  0.000000E+00,  0.000000E+00,  1.005500E+04,  2.171000E-02
  0.000000E+00,  0.000000E+00,  0.000000E+00,  1.005750E+04,  2.148000E-02
  0.000000E+00,  0.000000E+00,  0.000000E+00,  1.006000E+04,  2.126000E-02
  0.000000E+00,  0.000000E+00,  0.000000E+00,  1.006250E+04,  2.104000E-02
  0.000000E+00,  0.000000E+00,  0.000000E+00,  1.006500E+04,  2.082000E-02
  0.000000E+00,  0.000000E+00,  0.000000E+00,  1.006750E+04,  2.061000E-02
  0.000000E+00,  0.000000E+00,  0.000000E+00,  1.007000E+04,  2.039000E-02
  0.000000E+00,  0.000000E+00,  0.000000E+00,  1.007250E+04,  2.017000E-02
  0.000000E+00,  0.000000E+00,  0.000000E+00,  1.007500E+04,  1.996000E-02
  0.000000E+00,  0.000000E+00,  0.000000E+00,  1.007750E+04,  1.975000E-02
  0.000000E+00,  0.000000E+00,  0.000000E+00,  1.008000E+04,  1.953000E-02
  0.000000E+00,  0.000000E+00,  0.000000E+00,  1.008250E+04,  1.932000E-02
  0.000000E+00,  0.000000E+00,  0.000000E+00,  1.008500E+04,  1.911000E-02
  0.000000E+00,  0.000000E+00,  0.000000E+00,  1.008750E+04,  1.889000E-02
  0.000000E+00,  0.000000E+00,  0.000000E+00,  1.009000E+04,  1.869000E-02
  0.000000E+00,  0.000000E+00,  0.000000E+00,  1.009250E+04,  1.848000E-02
  0.000000E+00,  0.000000E+00,  0.000000E+00,  1.009500E+04,  1.826000E-02
  0.000000E+00,  0.000000E+00,  0.000000E+00,  1.009750E+04,  1.806000E-02
  0.000000E+00,  0.000000E+00,  0.000000E+00,  1.010000E+04,  1.786000E-02
  0.000000E+00,  0.000000E+00,  0.000000E+00,  1.010250E+04,  1.765000E-02
  0.000000E+00,  0.000000E+00,  0.000000E+00,  1.010500E+04,  1.746000E-02
  0.000000E+00,  0.000000E+00,  0.000000E+00,  1.010750E+04,  1.725000E-02
  0.000000E+00,  0.000000E+00,  0.000000E+00,  1.011000E+04,  1.705000E-02
  0.000000E+00,  0.000000E+00,  0.000000E+00,  1.011250E+04,  1.686000E-02
  0.000000E+00,  0.000000E+00,  0.000000E+00,  1.011500E+04,  1.667000E-02
  0.000000E+00,  0.000000E+00,  0.000000E+00,  1.011750E+04,  1.647000E-02
  0.000000E+00,  0.000000E+00,  0.000000E+00,  1.012000E+04,  1.628000E-02
  0.000000E+00,  0.000000E+00,  0.000000E+00,  1.012250E+04,  1.610000E-02
  0.000000E+00,  0.000000E+00,  0.000000E+00,  1.012500E+04,  1.591000E-02
  0.000000E+00,  0.000000E+00,  0.000000E+00,  1.012750E+04,  1.573000E-02
  0.000000E+00,  0.000000E+00,  0.000000E+00,  1.013000E+04,  1.555000E-02
  0.000000E+00,  0.000000E+00,  0.000000E+00,  1.013250E+04,  1.537000E-02
  0.000000E+00,  0.000000E+00,  0.000000E+00,  1.013500E+04,  1.519000E-02
  0.000000E+00,  0.000000E+00,  0.000000E+00,  1.013750E+04,  1.503000E-02
  0.000000E+00,  0.000000E+00,  0.000000E+00,  1.014000E+04,  1.485000E-02
  0.000000E+00,  0.000000E+00,  0.000000E+00,  1.014250E+04,  1.468000E-02
  0.000000E+00,  0.000000E+00,  0.000000E+00,  1.014500E+04,  1.451000E-02
  0.000000E+00,  0.000000E+00,  0.000000E+00,  1.014750E+04,  1.435000E-02
  0.000000E+00,  0.000000E+00,  0.000000E+00,  1.015000E+04,  1.419000E-02
  0.000000E+00,  0.000000E+00,  0.000000E+00,  1.015250E+04,  1.403000E-02
  0.000000E+00,  0.000000E+00,  0.000000E+00,  1.015500E+04,  1.386000E-02
  0.000000E+00,  0.000000E+00,  0.000000E+00,  1.015750E+04,  1.370000E-02
  0.000000E+00,  0.000000E+00,  0.000000E+00,  1.016000E+04,  1.355000E-02
  0.000000E+00,  0.000000E+00,  0.000000E+00,  1.016250E+04,  1.339000E-02
  0.000000E+00,  0.000000E+00,  0.000000E+00,  1.016500E+04,  1.323000E-02
  0.000000E+00,  0.000000E+00,  0.000000E+00,  1.016750E+04,  1.309000E-02
  0.000000E+00,  0.000000E+00,  0.000000E+00,  1.017000E+04,  1.293000E-02
  0.000000E+00,  0.000000E+00,  0.000000E+00,  1.017250E+04,  1.278000E-02
  0.000000E+00,  0.000000E+00,  0.000000E+00,  1.017500E+04,  1.263000E-02
  0.000000E+00,  0.000000E+00,  0.000000E+00,  1.017750E+04,  1.247000E-02
  0.000000E+00,  0.000000E+00,  0.000000E+00,  1.018000E+04,  1.232000E-02
  0.000000E+00,  0.000000E+00,  0.000000E+00,  1.018250E+04,  1.217000E-02
  0.000000E+00,  0.000000E+00,  0.000000E+00,  1.018500E+04,  1.202000E-02
  0.000000E+00,  0.000000E+00,  0.000000E+00,  1.018750E+04,  1.187000E-02
  0.000000E+00,  0.000000E+00,  0.000000E+00,  1.019000E+04,  1.173000E-02
  0.000000E+00,  0.000000E+00,  0.000000E+00,  1.019250E+04,  1.158000E-02
  0.000000E+00,  0.000000E+00,  0.000000E+00,  1.019500E+04,  1.143000E-02
  0.000000E+00,  0.000000E+00,  0.000000E+00,  1.019750E+04,  1.129000E-02
  0.000000E+00,  0.000000E+00,  0.000000E+00,  1.020000E+04,  1.115000E-02
  0.000000E+00,  0.000000E+00,  0.000000E+00,  1.020250E+04,  1.101000E-02
  0.000000E+00,  0.000000E+00,  0.000000E+00,  1.020500E+04,  1.087000E-02
  0.000000E+00,  0.000000E+00,  0.000000E+00,  1.020750E+04,  1.074000E-02
  0.000000E+00,  0.000000E+00,  0.000000E+00,  1.021000E+04,  1.061000E-02
  0.000000E+00,  0.000000E+00,  0.000000E+00,  1.021250E+04,  1.048000E-02
  0.000000E+00,  0.000000E+00,  0.000000E+00,  1.021500E+04,  1.035000E-02
  0.000000E+00,  0.000000E+00,  0.000000E+00,  1.021750E+04,  1.023000E-02
  0.000000E+00,  0.000000E+00,  0.000000E+00,  1.022000E+04,  1.010000E-02
  0.000000E+00,  0.000000E+00,  0.000000E+00,  1.022250E+04,  9.980000E-03
  0.000000E+00,  0.000000E+00,  0.000000E+00,  1.022500E+04,  9.860000E-03
  0.000000E+00,  0.000000E+00,  0.000000E+00,  1.022750E+04,  9.740000E-03
  0.000000E+00,  0.000000E+00,  0.000000E+00,  1.023000E+04,  9.630000E-03
  0.000000E+00,  0.000000E+00,  0.000000E+00,  1.023250E+04,  9.510000E-03
  0.000000E+00,  0.000000E+00,  0.000000E+00,  1.023500E+04,  9.390000E-03
  0.000000E+00,  0.000000E+00,  0.000000E+00,  1.023750E+04,  9.280000E-03
  0.000000E+00,  0.000000E+00,  0.000000E+00,  1.024000E+04,  9.170000E-03
  0.000000E+00,  0.000000E+00,  0.000000E+00,  1.024250E+04,  9.060000E-03
  0.000000E+00,  0.000000E+00,  0.000000E+00,  1.024500E+04,  8.950000E-03
  0.000000E+00,  0.000000E+00,  0.000000E+00,  1.024750E+04,  8.850000E-03
  0.000000E+00,  0.000000E+00,  0.000000E+00,  1.025000E+04,  8.730000E-03
  0.000000E+00,  0.000000E+00,  0.000000E+00,  1.025250E+04,  8.630000E-03
  0.000000E+00,  0.000000E+00,  0.000000E+00,  1.025500E+04,  8.510000E-03
  0.000000E+00,  0.000000E+00,  0.000000E+00,  1.025750E+04,  8.410000E-03
  0.000000E+00,  0.000000E+00,  0.000000E+00,  1.026000E+04,  8.300000E-03
  0.000000E+00,  0.000000E+00,  0.000000E+00,  1.026250E+04,  8.180000E-03
  0.000000E+00,  0.000000E+00,  0.000000E+00,  1.026500E+04,  8.080000E-03
  0.000000E+00,  0.000000E+00,  0.000000E+00,  1.026750E+04,  7.980000E-03
  0.000000E+00,  0.000000E+00,  0.000000E+00,  1.027000E+04,  7.870000E-03
  0.000000E+00,  0.000000E+00,  0.000000E+00,  1.027250E+04,  7.770000E-03
  0.000000E+00,  0.000000E+00,  0.000000E+00,  1.027500E+04,  7.670000E-03
  0.000000E+00,  0.000000E+00,  0.000000E+00,  1.027750E+04,  7.570000E-03
  0.000000E+00,  0.000000E+00,  0.000000E+00,  1.028000E+04,  7.470000E-03
  0.000000E+00,  0.000000E+00,  0.000000E+00,  1.028250E+04,  7.370000E-03
  0.000000E+00,  0.000000E+00,  0.000000E+00,  1.028500E+04,  7.270000E-03
  0.000000E+00,  0.000000E+00,  0.000000E+00,  1.028750E+04,  7.170000E-03
  0.000000E+00,  0.000000E+00,  0.000000E+00,  1.029000E+04,  7.080000E-03
  0.000000E+00,  0.000000E+00,  0.000000E+00,  1.029250E+04,  6.990000E-03
  0.000000E+00,  0.000000E+00,  0.000000E+00,  1.029500E+04,  6.890000E-03
  0.000000E+00,  0.000000E+00,  0.000000E+00,  1.029750E+04,  6.800000E-03
  0.000000E+00,  0.000000E+00,  0.000000E+00,  1.030000E+04,  6.710000E-03
  0.000000E+00,  0.000000E+00,  0.000000E+00,  1.030250E+04,  6.620000E-03
  0.000000E+00,  0.000000E+00,  0.000000E+00,  1.030500E+04,  6.530000E-03
  0.000000E+00,  0.000000E+00,  0.000000E+00,  1.030750E+04,  6.450000E-03
  0.000000E+00,  0.000000E+00,  0.000000E+00,  1.031000E+04,  6.360000E-03
  0.000000E+00,  0.000000E+00,  0.000000E+00,  1.031250E+04,  6.280000E-03
  0.000000E+00,  0.000000E+00,  0.000000E+00,  1.031500E+04,  6.200000E-03
  0.000000E+00,  0.000000E+00,  0.000000E+00,  1.031750E+04,  6.120000E-03
  0.000000E+00,  0.000000E+00,  0.000000E+00,  1.032000E+04,  6.030000E-03
  0.000000E+00,  0.000000E+00,  0.000000E+00,  1.032250E+04,  5.960000E-03
  0.000000E+00,  0.000000E+00,  0.000000E+00,  1.032500E+04,  5.880000E-03
  0.000000E+00,  0.000000E+00,  0.000000E+00,  1.032750E+04,  5.800000E-03
  0.000000E+00,  0.000000E+00,  0.000000E+00,  1.033000E+04,  5.730000E-03
  0.000000E+00,  0.000000E+00,  0.000000E+00,  1.033250E+04,  5.640000E-03
  0.000000E+00,  0.000000E+00,  0.000000E+00,  1.033500E+04,  5.570000E-03
  0.000000E+00,  0.000000E+00,  0.000000E+00,  1.033750E+04,  5.490000E-03
  0.000000E+00,  0.000000E+00,  0.000000E+00,  1.034000E+04,  5.420000E-03
  0.000000E+00,  0.000000E+00,  0.000000E+00,  1.034250E+04,  5.350000E-03
  0.000000E+00,  0.000000E+00,  0.000000E+00,  1.034500E+04,  5.270000E-03
  0.000000E+00,  0.000000E+00,  0.000000E+00,  1.034750E+04,  5.200000E-03
  0.000000E+00,  0.000000E+00,  0.000000E+00,  1.035000E+04,  5.130000E-03
  0.000000E+00,  0.000000E+00,  0.000000E+00,  1.035250E+04,  5.060000E-03
  0.000000E+00,  0.000000E+00,  0.000000E+00,  1.035500E+04,  4.990000E-03
  0.000000E+00,  0.000000E+00,  0.000000E+00,  1.035750E+04,  4.920000E-03
  0.000000E+00,  0.000000E+00,  0.000000E+00,  1.036000E+04,  4.850000E-03
  0.000000E+00,  0.000000E+00,  0.000000E+00,  1.036250E+04,  4.780000E-03
  0.000000E+00,  0.000000E+00,  0.000000E+00,  1.036500E+04,  4.710000E-03
  0.000000E+00,  0.000000E+00,  0.000000E+00,  1.036750E+04,  4.640000E-03
  0.000000E+00,  0.000000E+00,  0.000000E+00,  1.037000E+04,  4.580000E-03
  0.000000E+00,  0.000000E+00,  0.000000E+00,  1.037250E+04,  4.510000E-03
  0.000000E+00,  0.000000E+00,  0.000000E+00,  1.037500E+04,  4.450000E-03
  0.000000E+00,  0.000000E+00,  0.000000E+00,  1.037750E+04,  4.390000E-03
  0.000000E+00,  0.000000E+00,  0.000000E+00,  1.038000E+04,  4.320000E-03
  0.000000E+00,  0.000000E+00,  0.000000E+00,  1.038250E+04,  4.260000E-03
  0.000000E+00,  0.000000E+00,  0.000000E+00,  1.038500E+04,  4.200000E-03
  0.000000E+00,  0.000000E+00,  0.000000E+00,  1.038750E+04,  4.140000E-03
  0.000000E+00,  0.000000E+00,  0.000000E+00,  1.039000E+04,  4.080000E-03
  0.000000E+00,  0.000000E+00,  0.000000E+00,  1.039250E+04,  4.020000E-03
  0.000000E+00,  0.000000E+00,  0.000000E+00,  1.039500E+04,  3.970000E-03
  0.000000E+00,  0.000000E+00,  0.000000E+00,  1.039750E+04,  3.910000E-03
  0.000000E+00,  0.000000E+00,  0.000000E+00,  1.040000E+04,  3.850000E-03
  0.000000E+00,  0.000000E+00,  0.000000E+00,  1.040250E+04,  3.800000E-03
  0.000000E+00,  0.000000E+00,  0.000000E+00,  1.040500E+04,  3.740000E-03
  0.000000E+00,  0.000000E+00,  0.000000E+00,  1.040750E+04,  3.680000E-03
  0.000000E+00,  0.000000E+00,  0.000000E+00,  1.041000E+04,  3.630000E-03
  0.000000E+00,  0.000000E+00,  0.000000E+00,  1.041250E+04,  3.570000E-03
  0.000000E+00,  0.000000E+00,  0.000000E+00,  1.041500E+04,  3.520000E-03
  0.000000E+00,  0.000000E+00,  0.000000E+00,  1.041750E+04,  3.460000E-03
  0.000000E+00,  0.000000E+00,  0.000000E+00,  1.042000E+04,  3.410000E-03
  0.000000E+00,  0.000000E+00,  0.000000E+00,  1.042250E+04,  3.360000E-03
  0.000000E+00,  0.000000E+00,  0.000000E+00,  1.042500E+04,  3.320000E-03
  0.000000E+00,  0.000000E+00,  0.000000E+00,  1.042750E+04,  3.270000E-03
  0.000000E+00,  0.000000E+00,  0.000000E+00,  1.043000E+04,  3.210000E-03
  0.000000E+00,  0.000000E+00,  0.000000E+00,  1.043250E+04,  3.170000E-03
  0.000000E+00,  0.000000E+00,  0.000000E+00,  1.043500E+04,  3.120000E-03
  0.000000E+00,  0.000000E+00,  0.000000E+00,  1.043750E+04,  3.070000E-03
  0.000000E+00,  0.000000E+00,  0.000000E+00,  1.044000E+04,  3.020000E-03
  0.000000E+00,  0.000000E+00,  0.000000E+00,  1.044250E+04,  2.970000E-03
  0.000000E+00,  0.000000E+00,  0.000000E+00,  1.044500E+04,  2.930000E-03
  0.000000E+00,  0.000000E+00,  0.000000E+00,  1.044750E+04,  2.880000E-03
  0.000000E+00,  0.000000E+00,  0.000000E+00,  1.045000E+04,  2.830000E-03
  0.000000E+00,  0.000000E+00,  0.000000E+00,  1.045250E+04,  2.780000E-03
  0.000000E+00,  0.000000E+00,  0.000000E+00,  1.045500E+04,  2.740000E-03
  0.000000E+00,  0.000000E+00,  0.000000E+00,  1.045750E+04,  2.690000E-03
  0.000000E+00,  0.000000E+00,  0.000000E+00,  1.046000E+04,  2.650000E-03
  0.000000E+00,  0.000000E+00,  0.000000E+00,  1.046250E+04,  2.610000E-03
  0.000000E+00,  0.000000E+00,  0.000000E+00,  1.046500E+04,  2.560000E-03
  0.000000E+00,  0.000000E+00,  0.000000E+00,  1.046750E+04,  2.520000E-03
  0.000000E+00,  0.000000E+00,  0.000000E+00,  1.047000E+04,  2.480000E-03
  0.000000E+00,  0.000000E+00,  0.000000E+00,  1.047250E+04,  2.430000E-03
  0.000000E+00,  0.000000E+00,  0.000000E+00,  1.047500E+04,  2.390000E-03
  0.000000E+00,  0.000000E+00,  0.000000E+00,  1.047750E+04,  2.350000E-03
  0.000000E+00,  0.000000E+00,  0.000000E+00,  1.048000E+04,  2.310000E-03
  0.000000E+00,  0.000000E+00,  0.000000E+00,  1.048250E+04,  2.280000E-03
  0.000000E+00,  0.000000E+00,  0.000000E+00,  1.048500E+04,  2.230000E-03
  0.000000E+00,  0.000000E+00,  0.000000E+00,  1.048750E+04,  2.200000E-03
  0.000000E+00,  0.000000E+00,  0.000000E+00,  1.049000E+04,  2.160000E-03
  0.000000E+00,  0.000000E+00,  0.000000E+00,  1.049250E+04,  2.120000E-03
  0.000000E+00,  0.000000E+00,  0.000000E+00,  1.049500E+04,  2.090000E-03
  0.000000E+00,  0.000000E+00,  0.000000E+00,  1.049750E+04,  2.060000E-03
  0.000000E+00,  0.000000E+00,  0.000000E+00,  1.050000E+04,  2.020000E-03
  0.000000E+00,  0.000000E+00,  0.000000E+00,  1.050250E+04,  1.980000E-03
  0.000000E+00,  0.000000E+00,  0.000000E+00,  1.050500E+04,  1.940000E-03
  0.000000E+00,  0.000000E+00,  0.000000E+00,  1.050750E+04,  1.920000E-03
  0.000000E+00,  0.000000E+00,  0.000000E+00,  1.051000E+04,  1.880000E-03
  0.000000E+00,  0.000000E+00,  0.000000E+00,  1.051250E+04,  1.850000E-03
  0.000000E+00,  0.000000E+00,  0.000000E+00,  1.051500E+04,  1.820000E-03
  0.000000E+00,  0.000000E+00,  0.000000E+00,  1.051750E+04,  1.790000E-03
  0.000000E+00,  0.000000E+00,  0.000000E+00,  1.052000E+04,  1.750000E-03
  0.000000E+00,  0.000000E+00,  0.000000E+00,  1.052250E+04,  1.720000E-03
  0.000000E+00,  0.000000E+00,  0.000000E+00,  1.052500E+04,  1.700000E-03
  0.000000E+00,  0.000000E+00,  0.000000E+00,  1.052750E+04,  1.660000E-03
  0.000000E+00,  0.000000E+00,  0.000000E+00,  1.053000E+04,  1.630000E-03
  0.000000E+00,  0.000000E+00,  0.000000E+00,  1.053250E+04,  1.600000E-03
  0.000000E+00,  0.000000E+00,  0.000000E+00,  1.053500E+04,  1.570000E-03
  0.000000E+00,  0.000000E+00,  0.000000E+00,  1.053750E+04,  1.550000E-03
  0.000000E+00,  0.000000E+00,  0.000000E+00,  1.054000E+04,  1.510000E-03
  0.000000E+00,  0.000000E+00,  0.000000E+00,  1.054250E+04,  1.490000E-03
  0.000000E+00,  0.000000E+00,  0.000000E+00,  1.054500E+04,  1.460000E-03
  0.000000E+00,  0.000000E+00,  0.000000E+00,  1.054750E+04,  1.430000E-03
  0.000000E+00,  0.000000E+00,  0.000000E+00,  1.055000E+04,  1.400000E-03
  0.000000E+00,  0.000000E+00,  0.000000E+00,  1.055250E+04,  1.370000E-03
  0.000000E+00,  0.000000E+00,  0.000000E+00,  1.055500E+04,  1.350000E-03
  0.000000E+00,  0.000000E+00,  0.000000E+00,  1.055750E+04,  1.320000E-03
  0.000000E+00,  0.000000E+00,  0.000000E+00,  1.056000E+04,  1.300000E-03
  0.000000E+00,  0.000000E+00,  0.000000E+00,  1.056250E+04,  1.270000E-03
  0.000000E+00,  0.000000E+00,  0.000000E+00,  1.056500E+04,  1.250000E-03
  0.000000E+00,  0.000000E+00,  0.000000E+00,  1.056750E+04,  1.220000E-03
  0.000000E+00,  0.000000E+00,  0.000000E+00,  1.057000E+04,  1.200000E-03
  0.000000E+00,  0.000000E+00,  0.000000E+00,  1.057250E+04,  1.180000E-03
  0.000000E+00,  0.000000E+00,  0.000000E+00,  1.057500E+04,  1.160000E-03
  0.000000E+00,  0.000000E+00,  0.000000E+00,  1.057750E+04,  1.130000E-03
  0.000000E+00,  0.000000E+00,  0.000000E+00,  1.058000E+04,  1.110000E-03
  0.000000E+00,  0.000000E+00,  0.000000E+00,  1.058250E+04,  1.090000E-03
  0.000000E+00,  0.000000E+00,  0.000000E+00,  1.058500E+04,  1.070000E-03
  0.000000E+00,  0.000000E+00,  0.000000E+00,  1.058750E+04,  1.050000E-03
  0.000000E+00,  0.000000E+00,  0.000000E+00,  1.059000E+04,  1.030000E-03
  0.000000E+00,  0.000000E+00,  0.000000E+00,  1.059250E+04,  1.010000E-03
  0.000000E+00,  0.000000E+00,  0.000000E+00,  1.059500E+04,  9.900000E-04
  0.000000E+00,  0.000000E+00,  0.000000E+00,  1.059750E+04,  9.700000E-04
  0.000000E+00,  0.000000E+00,  0.000000E+00,  1.060000E+04,  9.500000E-04
  0.000000E+00,  0.000000E+00,  0.000000E+00,  1.060250E+04,  9.400000E-04
  0.000000E+00,  0.000000E+00,  0.000000E+00,  1.060500E+04,  9.200000E-04
  0.000000E+00,  0.000000E+00,  0.000000E+00,  1.060750E+04,  9.000000E-04
  0.000000E+00,  0.000000E+00,  0.000000E+00,  1.061000E+04,  8.900000E-04
  0.000000E+00,  0.000000E+00,  0.000000E+00,  1.061250E+04,  8.600000E-04
  0.000000E+00,  0.000000E+00,  0.000000E+00,  1.061500E+04,  8.500000E-04
  0.000000E+00,  0.000000E+00,  0.000000E+00,  1.061750E+04,  8.200000E-04
  0.000000E+00,  0.000000E+00,  0.000000E+00,  1.062000E+04,  8.100000E-04
  0.000000E+00,  0.000000E+00,  0.000000E+00,  1.062250E+04,  8.000000E-04
  0.000000E+00,  0.000000E+00,  0.000000E+00,  1.062500E+04,  7.800000E-04
  0.000000E+00,  0.000000E+00,  0.000000E+00,  1.062750E+04,  7.700000E-04
  0.000000E+00,  0.000000E+00,  0.000000E+00,  1.063000E+04,  7.500000E-04
  0.000000E+00,  0.000000E+00,  0.000000E+00,  1.063250E+04,  7.300000E-04
  0.000000E+00,  0.000000E+00,  0.000000E+00,  1.063500E+04,  7.200000E-04
  0.000000E+00,  0.000000E+00,  0.000000E+00,  1.063750E+04,  7.000000E-04
  0.000000E+00,  0.000000E+00,  0.000000E+00,  1.064000E+04,  6.900000E-04
  0.000000E+00,  0.000000E+00,  0.000000E+00,  1.064250E+04,  6.800000E-04
  0.000000E+00,  0.000000E+00,  0.000000E+00,  1.064500E+04,  6.700000E-04
  0.000000E+00,  0.000000E+00,  0.000000E+00,  1.064750E+04,  6.500000E-04
  0.000000E+00,  0.000000E+00,  0.000000E+00,  1.065000E+04,  6.400000E-04
  0.000000E+00,  0.000000E+00,  0.000000E+00,  1.065250E+04,  6.300000E-04
  0.000000E+00,  0.000000E+00,  0.000000E+00,  1.065500E+04,  6.200000E-04
  0.000000E+00,  0.000000E+00,  0.000000E+00,  1.065750E+04,  6.100000E-04
  0.000000E+00,  0.000000E+00,  0.000000E+00,  1.066000E+04,  5.900000E-04
  0.000000E+00,  0.000000E+00,  0.000000E+00,  1.066250E+04,  5.800000E-04
  0.000000E+00,  0.000000E+00,  0.000000E+00,  1.066500E+04,  5.700000E-04
  0.000000E+00,  0.000000E+00,  0.000000E+00,  1.066750E+04,  5.600000E-04
  0.000000E+00,  0.000000E+00,  0.000000E+00,  1.067000E+04,  5.400000E-04
  0.000000E+00,  0.000000E+00,  0.000000E+00,  1.067250E+04,  5.400000E-04
  0.000000E+00,  0.000000E+00,  0.000000E+00,  1.067500E+04,  5.300000E-04
  0.000000E+00,  0.000000E+00,  0.000000E+00,  1.067750E+04,  5.200000E-04
  0.000000E+00,  0.000000E+00,  0.000000E+00,  1.068000E+04,  5.000000E-04
  0.000000E+00,  0.000000E+00,  0.000000E+00,  1.068250E+04,  4.900000E-04
  0.000000E+00,  0.000000E+00,  0.000000E+00,  1.068500E+04,  4.900000E-04
  0.000000E+00,  0.000000E+00,  0.000000E+00,  1.068750E+04,  4.800000E-04
  0.000000E+00,  0.000000E+00,  0.000000E+00,  1.069000E+04,  4.700000E-04
  0.000000E+00,  0.000000E+00,  0.000000E+00,  1.069250E+04,  4.600000E-04
  0.000000E+00,  0.000000E+00,  0.000000E+00,  1.069500E+04,  4.500000E-04
  0.000000E+00,  0.000000E+00,  0.000000E+00,  1.069750E+04,  4.400000E-04
  0.000000E+00,  0.000000E+00,  0.000000E+00,  1.070000E+04,  4.400000E-04
  0.000000E+00,  0.000000E+00,  0.000000E+00,  1.070250E+04,  4.300000E-04
  0.000000E+00,  0.000000E+00,  0.000000E+00,  1.070500E+04,  4.100000E-04
  0.000000E+00,  0.000000E+00,  0.000000E+00,  1.070750E+04,  4.100000E-04
  0.000000E+00,  0.000000E+00,  0.000000E+00,  1.071000E+04,  4.000000E-04
  0.000000E+00,  0.000000E+00,  0.000000E+00,  1.071250E+04,  3.900000E-04
  0.000000E+00,  0.000000E+00,  0.000000E+00,  1.071500E+04,  3.800000E-04
  0.000000E+00,  0.000000E+00,  0.000000E+00,  1.071750E+04,  3.900000E-04
  0.000000E+00,  0.000000E+00,  0.000000E+00,  1.072000E+04,  3.800000E-04
  0.000000E+00,  0.000000E+00,  0.000000E+00,  1.072250E+04,  3.700000E-04
  0.000000E+00,  0.000000E+00,  0.000000E+00,  1.072500E+04,  3.600000E-04
  0.000000E+00,  0.000000E+00,  0.000000E+00,  1.072750E+04,  3.500000E-04
  0.000000E+00,  0.000000E+00,  0.000000E+00,  1.073000E+04,  3.500000E-04
  0.000000E+00,  0.000000E+00,  0.000000E+00,  1.073250E+04,  3.400000E-04
  0.000000E+00,  0.000000E+00,  0.000000E+00,  1.073500E+04,  3.400000E-04
  0.000000E+00,  0.000000E+00,  0.000000E+00,  1.073750E+04,  3.200000E-04
  0.000000E+00,  0.000000E+00,  0.000000E+00,  1.074000E+04,  3.200000E-04
  0.000000E+00,  0.000000E+00,  0.000000E+00,  1.074250E+04,  3.200000E-04
  0.000000E+00,  0.000000E+00,  0.000000E+00,  1.074500E+04,  3.100000E-04
  0.000000E+00,  0.000000E+00,  0.000000E+00,  1.074750E+04,  3.000000E-04
  0.000000E+00,  0.000000E+00,  0.000000E+00,  1.075000E+04,  3.000000E-04
  0.000000E+00,  0.000000E+00,  0.000000E+00,  1.075250E+04,  2.900000E-04
  0.000000E+00,  0.000000E+00,  0.000000E+00,  1.075500E+04,  2.800000E-04
  0.000000E+00,  0.000000E+00,  0.000000E+00,  1.075750E+04,  2.800000E-04
  0.000000E+00,  0.000000E+00,  0.000000E+00,  1.076000E+04,  2.700000E-04
  0.000000E+00,  0.000000E+00,  0.000000E+00,  1.076250E+04,  2.700000E-04
  0.000000E+00,  0.000000E+00,  0.000000E+00,  1.076500E+04,  2.600000E-04
  0.000000E+00,  0.000000E+00,  0.000000E+00,  1.076750E+04,  2.600000E-04
  0.000000E+00,  0.000000E+00,  0.000000E+00,  1.077000E+04,  2.500000E-04
  0.000000E+00,  0.000000E+00,  0.000000E+00,  1.077250E+04,  2.500000E-04
  0.000000E+00,  0.000000E+00,  0.000000E+00,  1.077500E+04,  2.400000E-04
  0.000000E+00,  0.000000E+00,  0.000000E+00,  1.077750E+04,  2.300000E-04
  0.000000E+00,  0.000000E+00,  0.000000E+00,  1.078000E+04,  2.300000E-04
  0.000000E+00,  0.000000E+00,  0.000000E+00,  1.078250E+04,  2.300000E-04
  0.000000E+00,  0.000000E+00,  0.000000E+00,  1.078500E+04,  2.300000E-04
  0.000000E+00,  0.000000E+00,  0.000000E+00,  1.078750E+04,  2.200000E-04
  0.000000E+00,  0.000000E+00,  0.000000E+00,  1.079000E+04,  2.100000E-04
  0.000000E+00,  0.000000E+00,  0.000000E+00,  1.079250E+04,  2.100000E-04
  0.000000E+00,  0.000000E+00,  0.000000E+00,  1.079500E+04,  2.100000E-04
  0.000000E+00,  0.000000E+00,  0.000000E+00,  1.079750E+04,  2.000000E-04
  0.000000E+00,  0.000000E+00,  0.000000E+00,  1.080000E+04,  2.000000E-04
  0.000000E+00,  0.000000E+00,  0.000000E+00,  1.080250E+04,  1.900000E-04
  0.000000E+00,  0.000000E+00,  0.000000E+00,  1.080500E+04,  1.900000E-04
  0.000000E+00,  0.000000E+00,  0.000000E+00,  1.080750E+04,  1.800000E-04
  0.000000E+00,  0.000000E+00,  0.000000E+00,  1.081000E+04,  1.800000E-04
  0.000000E+00,  0.000000E+00,  0.000000E+00,  1.081250E+04,  1.700000E-04
  0.000000E+00,  0.000000E+00,  0.000000E+00,  1.081500E+04,  1.700000E-04
  0.000000E+00,  0.000000E+00,  0.000000E+00,  1.081750E+04,  1.700000E-04
  0.000000E+00,  0.000000E+00,  0.000000E+00,  1.082000E+04,  1.600000E-04
  0.000000E+00,  0.000000E+00,  0.000000E+00,  1.082250E+04,  1.600000E-04
  0.000000E+00,  0.000000E+00,  0.000000E+00,  1.082500E+04,  1.500000E-04
  0.000000E+00,  0.000000E+00,  0.000000E+00,  1.082750E+04,  1.500000E-04
  0.000000E+00,  0.000000E+00,  0.000000E+00,  1.083000E+04,  1.500000E-04
  0.000000E+00,  0.000000E+00,  0.000000E+00,  1.083250E+04,  1.500000E-04
  0.000000E+00,  0.000000E+00,  0.000000E+00,  1.083500E+04,  1.400000E-04
  0.000000E+00,  0.000000E+00,  0.000000E+00,  1.083750E+04,  1.400000E-04
  0.000000E+00,  0.000000E+00,  0.000000E+00,  1.084000E+04,  1.400000E-04
  0.000000E+00,  0.000000E+00,  0.000000E+00,  1.084250E+04,  1.300000E-04
  0.000000E+00,  0.000000E+00,  0.000000E+00,  1.084500E+04,  1.200000E-04
  0.000000E+00,  0.000000E+00,  0.000000E+00,  1.084750E+04,  1.200000E-04
  0.000000E+00,  0.000000E+00,  0.000000E+00,  1.085000E+04,  1.200000E-04
  0.000000E+00,  0.000000E+00,  0.000000E+00,  1.085250E+04,  1.200000E-04
  0.000000E+00,  0.000000E+00,  0.000000E+00,  1.085500E+04,  1.100000E-04
  0.000000E+00,  0.000000E+00,  0.000000E+00,  1.085750E+04,  1.100000E-04
  0.000000E+00,  0.000000E+00,  0.000000E+00,  1.086000E+04,  1.100000E-04
  0.000000E+00,  0.000000E+00,  0.000000E+00,  1.086250E+04,  1.100000E-04
  0.000000E+00,  0.000000E+00,  0.000000E+00,  1.086500E+04,  1.000000E-04
  0.000000E+00,  0.000000E+00,  0.000000E+00,  1.086750E+04,  1.100000E-04
  0.000000E+00,  0.000000E+00,  0.000000E+00,  1.087000E+04,  1.000000E-04
  0.000000E+00,  0.000000E+00,  0.000000E+00,  1.087250E+04,  1.000000E-04
  0.000000E+00,  0.000000E+00,  0.000000E+00,  1.087500E+04,  9.000000E-05
