wavelengths,fluxes,convolved_flux,filter_wavelengths,filter_trans
  2.524000E+02,  0.000000E+00,  0.000000E+00,  3.245000E+03,  7.000000E-05
  2.568000E+02,  0.000000E+00,  0.000000E+00,  3.247500E+03,  1.300000E-04
  2.600000E+02,  0.000000E+00,  0.000000E+00,  3.250000E+03,  2.300000E-04
  2.640000E+02,  2.676655E-18,  1.873659E-22,  3.252500E+03,  3.200000E-04
  2.685000E+02,  1.234425E-17,  8.640978E-22,  3.255000E+03,  4.000000E-04
  2.735000E+02,  4.161229E-17,  2.912860E-21,  3.257500E+03,  5.000000E-04
  2.785000E+02,  1.145910E-16,  8.021373E-21,  3.260000E+03,  6.800000E-04
  2.840000E+02,  3.051954E-16,  2.136368E-20,  3.262500E+03,  9.700000E-04
  2.900000E+02,  8.276381E-16,  5.793467E-20,  3.265000E+03,  1.410000E-03
  2.960000E+02,  2.071034E-15,  1.449724E-19,  3.267500E+03,  2.000000E-03
  3.010000E+02,  4.260040E-15,  2.982028E-19,  3.270000E+03,  2.680000E-03
  3.080000E+02,  1.088579E-14,  7.620056E-19,  3.272500E+03,  3.330000E-03
  3.180000E+02,  3.849327E-14,  2.694529E-18,  3.275000E+03,  3.890000E-03
  3.280000E+02,  1.221370E-13,  8.549589E-18,  3.277500E+03,  4.490000E-03
  3.380000E+02,  3.593137E-13,  2.515196E-17,  3.280000E+03,  5.470000E-03
  3.480000E+02,  9.787854E-13,  6.851498E-17,  3.282500E+03,  7.040000E-03
  3.570000E+02,  2.267127E-12,  1.586989E-16,  3.285000E+03,  9.250000E-03
  3.660000E+02,  5.086632E-12,  3.560643E-16,  3.287500E+03,  1.202000E-02
  3.750000E+02,  1.082011E-11,  7.574079E-16,  3.290000E+03,  1.503000E-02
  3.850000E+02,  2.399608E-11,  1.679726E-15,  3.292500E+03,  1.794000E-02
  3.950000E+02,  5.057817E-11,  3.540472E-15,  3.295000E+03,  2.075000E-02
  4.050000E+02,  1.027249E-10,  7.190747E-15,  3.297500E+03,  2.361000E-02
  4.140000E+02,  1.884684E-10,  1.319279E-14,  3.300000E+03,  2.660000E-02
  4.220000E+02,  3.137293E-10,  2.196105E-14,  3.302500E+03,  2.981000E-02
  4.300000E+02,  5.110809E-10,  3.577566E-14,  3.305000E+03,  3.329000E-02
  4.410000E+02,  9.769535E-10,  6.838675E-14,  3.307500E+03,  3.699000E-02
  4.510000E+02,  1.706683E-09,  1.194678E-13,  3.310000E+03,  4.122000E-02
  4.600000E+02,  2.746105E-09,  1.922274E-13,  3.312500E+03,  4.643000E-02
  4.700000E+02,  4.559517E-09,  3.191662E-13,  3.315000E+03,  5.239000E-02
  4.800000E+02,  7.384730E-09,  5.169311E-13,  3.317500E+03,  5.874000E-02
  4.900000E+02,  1.172022E-08,  8.204152E-13,  3.320000E+03,  6.513000E-02
  5.000000E+02,  1.822279E-08,  1.275596E-12,  3.322500E+03,  7.133000E-02
  5.060000E+02,  1.958694E-07,  1.371086E-11,  3.325000E+03,  7.721000E-02
  5.120000E+02,  9.774746E-07,  6.842322E-11,  3.327500E+03,  8.281000E-02
  5.200000E+02,  1.277023E-06,  8.939160E-11,  3.330000E+03,  8.826000E-02
  5.300000E+02,  1.889415E-06,  1.322591E-10,  3.332500E+03,  9.370000E-02
  5.400000E+02,  2.246259E-06,  1.572381E-10,  3.335000E+03,  9.891000E-02
  5.500000E+02,  3.488427E-06,  2.441899E-10,  3.337500E+03,  1.039500E-01
  5.600000E+02,  4.474341E-06,  3.132039E-10,  3.340000E+03,  1.092100E-01
  5.700000E+02,  5.993635E-06,  4.195544E-10,  3.342500E+03,  1.148400E-01
  5.800000E+02,  6.646059E-06,  4.652242E-10,  3.345000E+03,  1.207100E-01
  5.900000E+02,  9.563742E-06,  6.694620E-10,  3.347500E+03,  1.265700E-01
  6.000000E+02,  1.246168E-05,  8.723179E-10,  3.350000E+03,  1.322300E-01
  6.100000E+02,  1.608705E-05,  1.126094E-09,  3.352500E+03,  1.376400E-01
  6.200000E+02,  1.929589E-05,  1.350713E-09,  3.355000E+03,  1.428000E-01
  6.300000E+02,  2.353383E-05,  1.647368E-09,  3.357500E+03,  1.477200E-01
  6.400000E+02,  2.695561E-05,  1.886893E-09,  3.360000E+03,  1.523600E-01
  6.500000E+02,  2.994566E-05,  2.096197E-09,  3.362500E+03,  1.568200E-01
  6.580000E+02,  3.904855E-05,  2.733399E-09,  3.365000E+03,  1.611400E-01
  6.650000E+02,  4.303502E-05,  3.012452E-09,  3.367500E+03,  1.654600E-01
  6.750000E+02,  4.960562E-05,  3.472394E-09,  3.370000E+03,  1.701200E-01
  6.850000E+02,  5.777515E-05,  4.044260E-09,  3.372500E+03,  1.755300E-01
  6.950000E+02,  7.056471E-05,  4.939529E-09,  3.375000E+03,  1.813500E-01
  7.050000E+02,  8.046820E-05,  5.632774E-09,  3.377500E+03,  1.872800E-01
  7.160000E+02,  9.505431E-05,  6.653802E-09,  3.380000E+03,  1.931500E-01
  7.260000E+02,  1.077404E-04,  7.541832E-09,  3.382500E+03,  1.988800E-01
  7.350000E+02,  1.211344E-04,  8.479408E-09,  3.385000E+03,  2.043200E-01
  7.450000E+02,  1.416322E-04,  9.914254E-09,  3.387500E+03,  2.094500E-01
  7.550000E+02,  1.621240E-04,  1.134868E-08,  3.390000E+03,  2.143100E-01
  7.650000E+02,  1.840496E-04,  1.288347E-08,  3.392500E+03,  2.188900E-01
  7.750000E+02,  2.096169E-04,  1.467318E-08,  3.395000E+03,  2.230800E-01
  7.850000E+02,  2.365617E-04,  1.655932E-08,  3.397500E+03,  2.268100E-01
  7.950000E+02,  2.606722E-04,  1.824705E-08,  3.400000E+03,  2.302600E-01
  8.050000E+02,  2.903354E-04,  2.032348E-08,  3.402500E+03,  2.333700E-01
  8.150000E+02,  3.197140E-04,  2.237998E-08,  3.405000E+03,  2.361200E-01
  8.250000E+02,  3.597868E-04,  2.518508E-08,  3.407500E+03,  2.387800E-01
  8.350000E+02,  3.777250E-04,  2.644075E-08,  3.410000E+03,  2.406200E-01
  8.450000E+02,  4.259941E-04,  2.981959E-08,  3.412500E+03,  2.411300E-01
  8.550000E+02,  4.692175E-04,  3.284522E-08,  3.415000E+03,  2.439100E-01
  8.650000E+02,  5.179139E-04,  3.625397E-08,  3.417500E+03,  2.500000E-01
  8.750000E+02,  5.712811E-04,  3.998968E-08,  3.420000E+03,  2.559500E-01
  8.850000E+02,  6.360081E-04,  4.452057E-08,  3.422500E+03,  2.602300E-01
  8.950000E+02,  6.929877E-04,  4.850914E-08,  3.425000E+03,  2.629000E-01
  9.050000E+02,  7.212462E-04,  5.048724E-08,  3.427500E+03,  2.654500E-01
  9.150000E+02,  1.346180E-03,  9.423260E-08,  3.430000E+03,  2.683100E-01
  9.250000E+02,  6.475273E-03,  4.532691E-07,  3.432500E+03,  2.710800E-01
  9.350000E+02,  2.082252E-02,  1.457576E-06,  3.435000E+03,  2.737100E-01
  9.450000E+02,  8.117304E-02,  5.682113E-06,  3.437500E+03,  2.762300E-01
  9.550000E+02,  1.674266E-01,  1.171986E-05,  3.440000E+03,  2.787000E-01
  9.650000E+02,  2.392748E-01,  1.674924E-05,  3.442500E+03,  2.811200E-01
  9.750000E+02,  3.651835E-02,  2.556285E-06,  3.445000E+03,  2.834900E-01
  9.850000E+02,  2.873589E-01,  2.011512E-05,  3.447500E+03,  2.857300E-01
  9.950000E+02,  2.770167E-01,  1.939117E-05,  3.450000E+03,  2.878200E-01
  1.005000E+03,  3.442486E-01,  2.409740E-05,  3.452500E+03,  2.898100E-01
  1.015000E+03,  3.151888E-01,  2.206322E-05,  3.455000E+03,  2.916600E-01
  1.025000E+03,  6.006550E-02,  4.204585E-06,  3.457500E+03,  2.933700E-01
  1.035000E+03,  1.901383E-01,  1.330968E-05,  3.460000E+03,  2.950100E-01
  1.045000E+03,  4.440164E-01,  3.108115E-05,  3.462500E+03,  2.966000E-01
  1.055000E+03,  4.285412E-01,  2.999788E-05,  3.465000E+03,  2.981200E-01
  1.065000E+03,  3.290471E-01,  2.303330E-05,  3.467500E+03,  2.995300E-01
  1.075000E+03,  4.176050E-01,  2.923235E-05,  3.470000E+03,  3.008500E-01
  1.085000E+03,  3.683553E-01,  2.578487E-05,  3.472500E+03,  3.021200E-01
  1.095000E+03,  4.301656E-01,  3.011159E-05,  3.475000E+03,  3.033100E-01
  1.105000E+03,  3.466297E-01,  2.426408E-05,  3.477500E+03,  3.044000E-01
  1.115000E+03,  3.122588E-01,  2.185812E-05,  3.480000E+03,  3.054100E-01
  1.125000E+03,  3.136122E-01,  2.195285E-05,  3.482500E+03,  3.063700E-01
  1.135000E+03,  4.213734E-01,  2.949614E-05,  3.485000E+03,  3.072700E-01
  1.145000E+03,  3.559654E-01,  2.491758E-05,  3.487500E+03,  3.080600E-01
  1.155000E+03,  3.893539E-01,  2.725478E-05,  3.490000E+03,  3.088100E-01
  1.165000E+03,  4.110679E-01,  2.877475E-05,  3.492500E+03,  3.095200E-01
  1.175000E+03,  3.079223E-01,  2.155456E-05,  3.495000E+03,  3.101800E-01
  1.185000E+03,  4.098001E-01,  2.868601E-05,  3.497500E+03,  3.107500E-01
  1.195000E+03,  2.115724E-01,  1.481007E-05,  3.500000E+03,  3.112700E-01
  1.205000E+03,  9.780502E-02,  6.846351E-06,  3.502500E+03,  3.117300E-01
  1.215000E+03,  5.042734E-02,  3.529914E-06,  3.505000E+03,  3.121300E-01
  1.225000E+03,  1.989480E-01,  1.392636E-05,  3.507500E+03,  3.124500E-01
  1.235000E+03,  3.828908E-01,  2.680236E-05,  3.510000E+03,  3.126900E-01
  1.245000E+03,  4.147655E-01,  2.903358E-05,  3.512500E+03,  3.128900E-01
  1.255000E+03,  4.006390E-01,  2.804473E-05,  3.515000E+03,  3.130200E-01
  1.265000E+03,  3.477035E-01,  2.433925E-05,  3.517500E+03,  3.130800E-01
  1.275000E+03,  3.831379E-01,  2.681965E-05,  3.520000E+03,  3.130900E-01
  1.285000E+03,  4.090411E-01,  2.863287E-05,  3.522500E+03,  3.130500E-01
  1.295000E+03,  2.189358E-01,  1.532551E-05,  3.525000E+03,  3.129600E-01
  1.305000E+03,  1.809381E-01,  1.266567E-05,  3.527500E+03,  3.128300E-01
  1.315000E+03,  3.752761E-01,  2.626933E-05,  3.530000E+03,  3.127000E-01
  1.325000E+03,  3.625645E-01,  2.537951E-05,  3.532500E+03,  3.126100E-01
  1.335000E+03,  3.173712E-01,  2.221598E-05,  3.535000E+03,  3.125300E-01
  1.345000E+03,  3.674296E-01,  2.572007E-05,  3.537500E+03,  3.124000E-01
  1.355000E+03,  3.562727E-01,  2.493909E-05,  3.540000E+03,  3.122100E-01
  1.365000E+03,  3.092603E-01,  2.164822E-05,  3.542500E+03,  3.119500E-01
  1.375000E+03,  3.174838E-01,  2.222386E-05,  3.545000E+03,  3.116300E-01
  1.385000E+03,  3.215032E-01,  2.250523E-05,  3.547500E+03,  3.112500E-01
  1.395000E+03,  2.669671E-01,  1.868770E-05,  3.550000E+03,  3.108400E-01
  1.405000E+03,  2.847802E-01,  1.993462E-05,  3.552500E+03,  3.104400E-01
  1.415000E+03,  2.869682E-01,  2.008777E-05,  3.555000E+03,  3.100100E-01
  1.425000E+03,  3.001072E-01,  2.100751E-05,  3.557500E+03,  3.095300E-01
  1.435000E+03,  2.997834E-01,  2.098484E-05,  3.560000E+03,  3.090000E-01
  1.442000E+03,  3.176872E-01,  2.223810E-05,  3.562500E+03,  3.083900E-01
  1.447000E+03,  3.136252E-01,  2.195376E-05,  3.565000E+03,  3.077400E-01
  1.455000E+03,  3.055741E-01,  2.139019E-05,  3.567500E+03,  3.070600E-01
  1.465000E+03,  2.859564E-01,  2.001695E-05,  3.570000E+03,  3.064100E-01
  1.475000E+03,  2.813280E-01,  1.969296E-05,  3.572500E+03,  3.058200E-01
  1.485000E+03,  2.755638E-01,  1.928947E-05,  3.575000E+03,  3.052700E-01
  1.495000E+03,  2.773535E-01,  1.941474E-05,  3.577500E+03,  3.046800E-01
  1.505000E+03,  2.540796E-01,  1.778557E-05,  3.580000E+03,  3.040200E-01
  1.512000E+03,  2.313778E-01,  1.619645E-05,  3.582500E+03,  3.032900E-01
  1.517000E+03,  2.452000E-01,  1.716400E-05,  3.585000E+03,  3.025000E-01
  1.525000E+03,  2.485986E-01,  1.740190E-05,  3.587500E+03,  3.016700E-01
  1.535000E+03,  2.211197E-01,  1.547838E-05,  3.590000E+03,  3.008400E-01
  1.545000E+03,  2.298312E-01,  1.608819E-05,  3.592500E+03,  3.000400E-01
  1.555000E+03,  2.170057E-01,  1.519040E-05,  3.595000E+03,  2.992400E-01
  1.565000E+03,  2.204728E-01,  1.543310E-05,  3.597500E+03,  2.984200E-01
  1.575000E+03,  2.336945E-01,  1.635862E-05,  3.600000E+03,  2.977600E-01
  1.585000E+03,  2.352078E-01,  1.646454E-05,  3.602500E+03,  2.973000E-01
  1.595000E+03,  2.385385E-01,  1.669769E-05,  3.605000E+03,  2.969200E-01
  1.605000E+03,  2.335365E-01,  1.634756E-05,  3.607500E+03,  2.963000E-01
  1.615000E+03,  2.342461E-01,  1.639723E-05,  3.610000E+03,  2.963000E-01
  1.625000E+03,  2.226999E-01,  1.558899E-05,  3.612500E+03,  2.979700E-01
  1.635000E+03,  2.338317E-01,  1.636822E-05,  3.615000E+03,  2.995800E-01
  1.645000E+03,  2.326400E-01,  1.628480E-05,  3.617500E+03,  2.999600E-01
  1.655000E+03,  2.164374E-01,  1.515062E-05,  3.620000E+03,  2.996600E-01
  1.665000E+03,  2.332910E-01,  1.633037E-05,  3.622500E+03,  2.990100E-01
  1.672000E+03,  2.238025E-01,  1.566617E-05,  3.625000E+03,  2.981700E-01
  1.677000E+03,  2.289414E-01,  1.602590E-05,  3.627500E+03,  2.971600E-01
  1.685000E+03,  2.328669E-01,  1.630068E-05,  3.630000E+03,  2.961000E-01
  1.695000E+03,  2.197616E-01,  1.538331E-05,  3.632500E+03,  2.950600E-01
  1.705000E+03,  2.084167E-01,  1.458917E-05,  3.635000E+03,  2.940800E-01
  1.715000E+03,  1.954783E-01,  1.368348E-05,  3.637500E+03,  2.932400E-01
  1.725000E+03,  1.940454E-01,  1.358318E-05,  3.640000E+03,  2.927800E-01
  1.735000E+03,  2.035702E-01,  1.424992E-05,  3.642500E+03,  2.927400E-01
  1.745000E+03,  1.965042E-01,  1.375529E-05,  3.645000E+03,  2.930300E-01
  1.755000E+03,  2.026210E-01,  1.418347E-05,  3.647500E+03,  2.934100E-01
  1.765000E+03,  1.886568E-01,  1.320598E-05,  3.650000E+03,  2.936500E-01
  1.775000E+03,  1.885700E-01,  1.319990E-05,  3.652500E+03,  2.935400E-01
  1.785000E+03,  1.893946E-01,  1.325763E-05,  3.655000E+03,  2.932600E-01
  1.795000E+03,  1.987513E-01,  1.391259E-05,  3.657500E+03,  2.929000E-01
  1.805000E+03,  1.979720E-01,  1.385804E-05,  3.660000E+03,  2.923700E-01
  1.815000E+03,  1.787779E-01,  1.251445E-05,  3.662500E+03,  2.917200E-01
  1.825000E+03,  1.859869E-01,  1.301908E-05,  3.665000E+03,  2.910600E-01
  1.835000E+03,  1.766802E-01,  1.236762E-05,  3.667500E+03,  2.905100E-01
  1.845000E+03,  1.634752E-01,  1.144326E-05,  3.670000E+03,  2.903400E-01
  1.855000E+03,  1.575563E-01,  1.102894E-05,  3.672500E+03,  2.907600E-01
  1.865000E+03,  1.607254E-01,  1.125078E-05,  3.675000E+03,  2.915000E-01
  1.875000E+03,  1.748765E-01,  1.224136E-05,  3.677500E+03,  2.923000E-01
  1.885000E+03,  1.581825E-01,  1.107277E-05,  3.680000E+03,  2.930900E-01
  1.895000E+03,  1.481826E-01,  1.037278E-05,  3.682500E+03,  2.937600E-01
  1.905000E+03,  1.603736E-01,  1.122615E-05,  3.685000E+03,  2.941700E-01
  1.915000E+03,  1.506112E-01,  1.054279E-05,  3.687500E+03,  2.942000E-01
  1.925000E+03,  1.463005E-01,  1.024104E-05,  3.690000E+03,  2.936500E-01
  1.935000E+03,  1.527526E-01,  1.069269E-05,  3.692500E+03,  2.923500E-01
  1.945000E+03,  1.532560E-01,  1.072792E-05,  3.695000E+03,  2.905000E-01
  1.955000E+03,  1.424886E-01,  9.974202E-06,  3.697500E+03,  2.883600E-01
  1.967000E+03,  1.550145E-01,  1.085102E-05,  3.700000E+03,  2.860000E-01
  1.976000E+03,  1.604826E-01,  1.123379E-05,  3.702500E+03,  2.835700E-01
  1.984000E+03,  1.490688E-01,  1.043482E-05,  3.705000E+03,  2.812700E-01
  1.995000E+03,  1.449844E-01,  1.014891E-05,  3.707500E+03,  2.792000E-01
  2.005000E+03,  1.494779E-01,  1.046346E-05,  3.710000E+03,  2.775400E-01
  2.015000E+03,  1.426169E-01,  9.983186E-06,  3.712500E+03,  2.764400E-01
  2.025000E+03,  1.524539E-01,  1.067178E-05,  3.715000E+03,  2.758600E-01
  2.035000E+03,  1.402691E-01,  9.818839E-06,  3.717500E+03,  2.757700E-01
  2.045000E+03,  1.426678E-01,  9.986750E-06,  3.720000E+03,  2.761500E-01
  2.055000E+03,  1.356280E-01,  9.493960E-06,  3.722500E+03,  2.769500E-01
  2.065000E+03,  1.389084E-01,  9.723585E-06,  3.725000E+03,  2.780600E-01
  2.074000E+03,  1.440951E-01,  1.008666E-05,  3.727500E+03,  2.793400E-01
  2.078000E+03,  1.339579E-01,  9.377057E-06,  3.730000E+03,  2.806000E-01
  2.085000E+03,  1.396441E-01,  9.775086E-06,  3.732500E+03,  2.816200E-01
  2.095000E+03,  1.314769E-01,  9.203385E-06,  3.735000E+03,  2.824200E-01
  2.105000E+03,  1.341954E-01,  9.393680E-06,  3.737500E+03,  2.830500E-01
  2.115000E+03,  1.340554E-01,  9.383880E-06,  3.740000E+03,  2.834700E-01
  2.125000E+03,  1.360014E-01,  9.520095E-06,  3.742500E+03,  2.837000E-01
  2.135000E+03,  1.307523E-01,  9.152662E-06,  3.745000E+03,  2.836300E-01
  2.145000E+03,  1.275522E-01,  8.928655E-06,  3.747500E+03,  2.832100E-01
  2.155000E+03,  1.320693E-01,  9.244853E-06,  3.750000E+03,  2.824500E-01
  2.165000E+03,  1.293491E-01,  9.054434E-06,  3.752500E+03,  2.814200E-01
  2.175000E+03,  1.277213E-01,  8.940489E-06,  3.755000E+03,  2.801000E-01
  2.185000E+03,  1.238215E-01,  8.667505E-06,  3.757500E+03,  2.783600E-01
  2.195000E+03,  1.261567E-01,  8.830969E-06,  3.760000E+03,  2.760800E-01
  2.205000E+03,  1.233065E-01,  8.631456E-06,  3.762500E+03,  2.733100E-01
  2.215000E+03,  1.202009E-01,  8.414065E-06,  3.765000E+03,  2.702400E-01
  2.225000E+03,  1.154980E-01,  8.084861E-06,  3.767500E+03,  2.672200E-01
  2.235000E+03,  1.189936E-01,  8.329555E-06,  3.770000E+03,  2.645000E-01
  2.245000E+03,  1.172563E-01,  8.207942E-06,  3.772500E+03,  2.622100E-01
  2.255000E+03,  1.125016E-01,  7.875110E-06,  3.775000E+03,  2.604600E-01
  2.265000E+03,  1.150287E-01,  8.052009E-06,  3.777500E+03,  2.593400E-01
  2.275000E+03,  1.151893E-01,  8.063254E-06,  3.780000E+03,  2.590000E-01
  2.285000E+03,  1.155827E-01,  8.090790E-06,  3.782500E+03,  2.594400E-01
  2.295000E+03,  1.105451E-01,  7.738157E-06,  3.785000E+03,  2.606200E-01
  2.305000E+03,  1.095137E-01,  7.665962E-06,  3.787500E+03,  2.623800E-01
  2.315000E+03,  1.060243E-01,  7.421701E-06,  3.790000E+03,  2.646000E-01
  2.325000E+03,  1.047144E-01,  7.330011E-06,  3.792500E+03,  2.671800E-01
  2.335000E+03,  9.985006E-02,  6.989504E-06,  3.795000E+03,  2.699400E-01
  2.345000E+03,  9.879965E-02,  6.915976E-06,  3.797500E+03,  2.726000E-01
  2.355000E+03,  9.998856E-02,  6.999199E-06,  3.800000E+03,  2.747600E-01
  2.365000E+03,  9.670377E-02,  6.769264E-06,  3.802500E+03,  2.762100E-01
  2.375000E+03,  9.743536E-02,  6.820476E-06,  3.805000E+03,  2.769600E-01
  2.385000E+03,  9.425325E-02,  6.597728E-06,  3.807500E+03,  2.772500E-01
  2.395000E+03,  9.739862E-02,  6.817903E-06,  3.810000E+03,  2.771300E-01
  2.405000E+03,  9.336696E-02,  6.535687E-06,  3.812500E+03,  2.765500E-01
  2.415000E+03,  9.386525E-02,  6.570568E-06,  3.815000E+03,  2.757300E-01
  2.425000E+03,  9.480139E-02,  6.636098E-06,  3.817500E+03,  2.749600E-01
  2.435000E+03,  9.078654E-02,  6.355058E-06,  3.820000E+03,  2.744500E-01
  2.445000E+03,  9.278588E-02,  6.495012E-06,  3.822500E+03,  2.744200E-01
  2.455000E+03,  9.173760E-02,  6.421632E-06,  3.825000E+03,  2.749700E-01
  2.465000E+03,  9.033356E-02,  6.323349E-06,  3.827500E+03,  2.761100E-01
  2.475000E+03,  8.833817E-02,  6.183672E-06,  3.830000E+03,  2.778900E-01
  2.485000E+03,  9.030285E-02,  6.321200E-06,  3.832500E+03,  2.803600E-01
  2.495000E+03,  8.668008E-02,  6.067605E-06,  3.835000E+03,  2.834500E-01
  2.505000E+03,  8.899607E-02,  6.229725E-06,  3.837500E+03,  2.870300E-01
  2.513000E+03,  8.467046E-02,  5.926932E-06,  3.840000E+03,  2.909500E-01
  2.518000E+03,  8.718296E-02,  6.102807E-06,  3.842500E+03,  2.950500E-01
  2.525000E+03,  8.384103E-02,  5.868872E-06,  3.845000E+03,  2.992100E-01
  2.535000E+03,  8.331044E-02,  5.831731E-06,  3.847500E+03,  3.033500E-01
  2.545000E+03,  8.041490E-02,  5.629043E-06,  3.850000E+03,  3.072300E-01
  2.555000E+03,  8.300553E-02,  5.810387E-06,  3.852500E+03,  3.105500E-01
  2.565000E+03,  8.176689E-02,  5.723683E-06,  3.855000E+03,  3.134900E-01
  2.575000E+03,  8.366072E-02,  5.856250E-06,  3.857500E+03,  3.163000E-01
  2.585000E+03,  8.330236E-02,  5.831166E-06,  3.860000E+03,  3.191200E-01
  2.595000E+03,  8.288115E-02,  5.801681E-06,  3.862500E+03,  3.220300E-01
  2.605000E+03,  8.126801E-02,  5.688761E-06,  3.865000E+03,  3.250500E-01
  2.615000E+03,  8.057999E-02,  5.640599E-06,  3.867500E+03,  3.281700E-01
  2.625000E+03,  7.999884E-02,  5.599919E-06,  3.870000E+03,  3.313800E-01
  2.635000E+03,  7.969783E-02,  5.578848E-06,  3.872500E+03,  3.347300E-01
  2.645000E+03,  8.086661E-02,  5.660663E-06,  3.875000E+03,  3.382200E-01
  2.655000E+03,  8.016022E-02,  5.611215E-06,  3.877500E+03,  3.418600E-01
  2.665000E+03,  7.729200E-02,  5.410440E-06,  3.880000E+03,  3.456700E-01
  2.675000E+03,  7.830960E-02,  5.481672E-06,  3.882500E+03,  3.496200E-01
  2.685000E+03,  7.753927E-02,  5.427749E-06,  3.885000E+03,  3.537200E-01
  2.695000E+03,  7.578855E-02,  5.305199E-06,  3.887500E+03,  3.579600E-01
  2.705000E+03,  7.562134E-02,  5.293494E-06,  3.890000E+03,  3.622300E-01
  2.715000E+03,  7.428053E-02,  5.199637E-06,  3.892500E+03,  3.664400E-01
  2.725000E+03,  7.316498E-02,  5.121549E-06,  3.895000E+03,  3.707000E-01
  2.735000E+03,  7.412853E-02,  5.188997E-06,  3.897500E+03,  3.751200E-01
  2.745000E+03,  7.052994E-02,  4.937096E-06,  3.900000E+03,  3.797500E-01
  2.755000E+03,  7.025606E-02,  4.917924E-06,  3.902500E+03,  3.846200E-01
  2.765000E+03,  7.042202E-02,  4.929541E-06,  3.905000E+03,  3.897200E-01
  2.775000E+03,  7.127628E-02,  4.989340E-06,  3.907500E+03,  3.950400E-01
  2.785000E+03,  7.051697E-02,  4.936188E-06,  3.910000E+03,  4.006200E-01
  2.795000E+03,  6.656009E-02,  4.659207E-06,  3.912500E+03,  4.065000E-01
  2.805000E+03,  6.849913E-02,  4.794940E-06,  3.915000E+03,  4.125400E-01
  2.815000E+03,  6.905765E-02,  4.834035E-06,  3.917500E+03,  4.185500E-01
  2.825000E+03,  6.794762E-02,  4.756334E-06,  3.920000E+03,  4.243900E-01
  2.835000E+03,  6.540764E-02,  4.578535E-06,  3.922500E+03,  4.299700E-01
  2.845000E+03,  6.516363E-02,  4.561454E-06,  3.925000E+03,  4.352100E-01
  2.855000E+03,  6.529898E-02,  4.570928E-06,  3.927500E+03,  4.400900E-01
  2.865000E+03,  6.590144E-02,  4.613101E-06,  3.930000E+03,  4.446000E-01
  2.875000E+03,  6.476220E-02,  4.533354E-06,  3.932500E+03,  4.487100E-01
  2.885000E+03,  6.444622E-02,  4.511235E-06,  3.935000E+03,  4.524700E-01
  2.895000E+03,  6.395163E-02,  4.476614E-06,  3.937500E+03,  4.559300E-01
  2.910000E+03,  6.338541E-02,  4.436979E-06,  3.940000E+03,  4.591500E-01
  2.930000E+03,  6.184360E-02,  4.329052E-06,  3.942500E+03,  4.622300E-01
  2.950000E+03,  6.046832E-02,  4.232783E-06,  3.945000E+03,  4.653000E-01
  2.970000E+03,  5.987606E-02,  4.191324E-06,  3.947500E+03,  4.685200E-01
  2.990000E+03,  5.860028E-02,  4.102020E-06,  3.950000E+03,  4.720800E-01
  3.010000E+03,  5.788736E-02,  4.052115E-06,  3.952500E+03,  4.761400E-01
  3.030000E+03,  5.722574E-02,  4.005802E-06,  3.955000E+03,  4.806600E-01
  3.050000E+03,  5.606007E-02,  3.924205E-06,  3.957500E+03,  4.856700E-01
  3.070000E+03,  5.505752E-02,  3.854026E-06,  3.960000E+03,  4.912400E-01
  3.090000E+03,  5.395522E-02,  3.776866E-06,  3.962500E+03,  4.973300E-01
  3.110000E+03,  5.300368E-02,  3.710258E-06,  3.965000E+03,  5.038800E-01
  3.130000E+03,  5.226313E-02,  3.658419E-06,  3.967500E+03,  5.106900E-01
  3.150000E+03,  5.132932E-02,  3.593053E-06,  3.970000E+03,  5.176600E-01
  3.170000E+03,  5.035610E-02,  3.524927E-06,  3.972500E+03,  5.247000E-01
  3.190000E+03,  4.889290E-02,  3.422503E-06,  3.975000E+03,  5.316100E-01
  3.210000E+03,  4.855369E-02,  3.398759E-06,  3.977500E+03,  5.382100E-01
  3.230000E+03,  4.780173E-02,  3.346121E-06,  3.980000E+03,  5.443600E-01
  3.250000E+03,  4.708015E-02,  1.082844E-05,  3.982500E+03,  5.499300E-01
  3.270000E+03,  4.636046E-02,  1.242460E-04,  3.985000E+03,  5.548200E-01
  3.290000E+03,  4.557123E-02,  6.849357E-04,  3.987500E+03,  5.589600E-01
  3.310000E+03,  4.491809E-02,  1.851523E-03,  3.990000E+03,  5.622900E-01
  3.330000E+03,  4.410775E-02,  3.892950E-03,  3.992500E+03,  5.648500E-01
  3.350000E+03,  4.325783E-02,  5.719982E-03,  3.995000E+03,  5.667400E-01
  3.370000E+03,  4.261871E-02,  7.250294E-03,  3.997500E+03,  5.681300E-01
  3.390000E+03,  4.195209E-02,  8.990753E-03,  4.000000E+03,  5.691700E-01
  3.410000E+03,  4.131696E-02,  9.941687E-03,  4.002500E+03,  5.700700E-01
  3.430000E+03,  4.052215E-02,  1.087250E-02,  4.005000E+03,  5.710900E-01
  3.450000E+03,  3.976628E-02,  1.144553E-02,  4.007500E+03,  5.724100E-01
  3.470000E+03,  3.917697E-02,  1.178639E-02,  4.010000E+03,  5.743000E-01
  3.490000E+03,  3.855521E-02,  1.190623E-02,  4.012500E+03,  5.769200E-01
  3.510000E+03,  3.804569E-02,  1.189650E-02,  4.015000E+03,  5.803600E-01
  3.530000E+03,  3.749470E-02,  1.172459E-02,  4.017500E+03,  5.846100E-01
  3.550000E+03,  3.691708E-02,  1.147531E-02,  4.020000E+03,  5.896800E-01
  3.570000E+03,  3.645624E-02,  1.117056E-02,  4.022500E+03,  5.955400E-01
  3.590000E+03,  3.565433E-02,  1.072625E-02,  4.025000E+03,  6.021100E-01
  3.610000E+03,  3.513708E-02,  1.041112E-02,  4.027500E+03,  6.092900E-01
  3.630000E+03,  3.461839E-02,  1.025050E-02,  4.030000E+03,  6.169600E-01
  3.640000E+03,  3.452936E-02,  1.010951E-02,  4.032500E+03,  6.249700E-01
  3.650000E+03,  3.422056E-02,  1.004887E-02,  4.035000E+03,  6.330900E-01
  3.670000E+03,  3.382158E-02,  9.819758E-03,  4.037500E+03,  6.410900E-01
  3.690000E+03,  3.300212E-02,  9.691071E-03,  4.040000E+03,  6.487400E-01
  3.710000E+03,  3.206047E-02,  8.898063E-03,  4.042500E+03,  6.558400E-01
  3.730000E+03,  3.109420E-02,  8.725033E-03,  4.045000E+03,  6.622100E-01
  3.750000E+03,  3.426619E-02,  9.678486E-03,  4.047500E+03,  6.677300E-01
  3.770000E+03,  3.484272E-02,  9.215899E-03,  4.050000E+03,  6.722800E-01
  3.790000E+03,  3.766207E-02,  9.965384E-03,  4.052500E+03,  6.757900E-01
  3.810000E+03,  3.983913E-02,  1.104062E-02,  4.055000E+03,  6.783800E-01
  3.830000E+03,  3.409951E-02,  9.475914E-03,  4.057500E+03,  6.803000E-01
  3.850000E+03,  4.116258E-02,  1.264638E-02,  4.060000E+03,  6.818600E-01
  3.870000E+03,  4.205531E-02,  1.393629E-02,  4.062500E+03,  6.832900E-01
  3.890000E+03,  3.207116E-02,  1.161714E-02,  4.065000E+03,  6.847500E-01
  3.910000E+03,  4.187527E-02,  1.677607E-02,  4.067500E+03,  6.863100E-01
  3.930000E+03,  4.070886E-02,  1.809916E-02,  4.070000E+03,  6.881500E-01
  3.950000E+03,  4.048424E-02,  1.911180E-02,  4.072500E+03,  6.905600E-01
  3.970000E+03,  2.991838E-02,  1.548755E-02,  4.075000E+03,  6.934300E-01
  3.990000E+03,  3.865840E-02,  2.173723E-02,  4.077500E+03,  6.967000E-01
  4.010000E+03,  3.894131E-02,  2.236399E-02,  4.080000E+03,  7.004900E-01
  4.030000E+03,  3.652556E-02,  2.253481E-02,  4.082500E+03,  7.047700E-01
  4.050000E+03,  3.813271E-02,  2.563586E-02,  4.085000E+03,  7.093600E-01
  4.070000E+03,  3.683372E-02,  2.534712E-02,  4.087500E+03,  7.139900E-01
  4.090000E+03,  3.358027E-02,  2.412138E-02,  4.090000E+03,  7.183200E-01
  4.110000E+03,  2.872636E-02,  2.132588E-02,  4.092500E+03,  7.220200E-01
  4.130000E+03,  3.451255E-02,  2.646250E-02,  4.095000E+03,  7.252700E-01
  4.150000E+03,  3.447308E-02,  2.717996E-02,  4.097500E+03,  7.283000E-01
  4.170000E+03,  3.431926E-02,  2.745232E-02,  4.100000E+03,  7.312400E-01
  4.190000E+03,  3.402563E-02,  2.836138E-02,  4.102500E+03,  7.341400E-01
  4.210000E+03,  3.365139E-02,  2.802454E-02,  4.105000E+03,  7.370300E-01
  4.230000E+03,  3.304416E-02,  2.758824E-02,  4.107500E+03,  7.398100E-01
  4.250000E+03,  3.240159E-02,  2.765443E-02,  4.110000E+03,  7.423800E-01
  4.270000E+03,  3.141851E-02,  2.703249E-02,  4.112500E+03,  7.447000E-01
  4.290000E+03,  3.130373E-02,  2.774919E-02,  4.115000E+03,  7.469000E-01
  4.310000E+03,  3.058624E-02,  2.755178E-02,  4.117500E+03,  7.492500E-01
  4.330000E+03,  2.705751E-02,  2.432660E-02,  4.120000E+03,  7.520100E-01
  4.350000E+03,  2.438580E-02,  2.248078E-02,  4.122500E+03,  7.552900E-01
  4.370000E+03,  2.902394E-02,  2.706512E-02,  4.125000E+03,  7.590000E-01
  4.390000E+03,  2.815888E-02,  2.643950E-02,  4.127500E+03,  7.628700E-01
  4.410000E+03,  2.854918E-02,  2.729958E-02,  4.130000E+03,  7.667500E-01
  4.430000E+03,  2.799591E-02,  2.661571E-02,  4.132500E+03,  7.706000E-01
  4.450000E+03,  2.784121E-02,  2.655856E-02,  4.135000E+03,  7.743200E-01
  4.470000E+03,  2.617905E-02,  2.544028E-02,  4.137500E+03,  7.777700E-01
  4.490000E+03,  2.667863E-02,  2.574488E-02,  4.140000E+03,  7.808100E-01
  4.510000E+03,  2.666379E-02,  2.550312E-02,  4.142500E+03,  7.833600E-01
  4.530000E+03,  2.611415E-02,  2.538791E-02,  4.145000E+03,  7.854400E-01
  4.550000E+03,  2.576467E-02,  2.516925E-02,  4.147500E+03,  7.871100E-01
  4.570000E+03,  2.543526E-02,  2.490341E-02,  4.150000E+03,  7.884400E-01
  4.590000E+03,  2.504923E-02,  2.458983E-02,  4.152500E+03,  7.894300E-01
  4.610000E+03,  2.465156E-02,  2.382130E-02,  4.155000E+03,  7.902300E-01
  4.630000E+03,  2.421825E-02,  2.327083E-02,  4.157500E+03,  7.910400E-01
  4.650000E+03,  2.380784E-02,  2.326835E-02,  4.160000E+03,  7.920000E-01
  4.670000E+03,  2.357707E-02,  2.313948E-02,  4.162500E+03,  7.932600E-01
  4.690000E+03,  2.333168E-02,  2.290517E-02,  4.165000E+03,  7.949400E-01
  4.710000E+03,  2.242984E-02,  2.230670E-02,  4.167500E+03,  7.970900E-01
  4.730000E+03,  2.245237E-02,  2.229700E-02,  4.170000E+03,  7.999100E-01
  4.750000E+03,  2.211436E-02,  2.160727E-02,  4.172500E+03,  8.035700E-01
  4.770000E+03,  2.205650E-02,  2.166346E-02,  4.175000E+03,  8.077700E-01
  4.790000E+03,  2.167329E-02,  2.158876E-02,  4.177500E+03,  8.122800E-01
  4.810000E+03,  2.117413E-02,  2.117265E-02,  4.180000E+03,  8.170100E-01
  4.830000E+03,  2.075239E-02,  2.071005E-02,  4.182500E+03,  8.217300E-01
  4.850000E+03,  1.885146E-02,  1.877323E-02,  4.185000E+03,  8.262200E-01
  4.870000E+03,  1.658108E-02,  1.632424E-02,  4.187500E+03,  8.302400E-01
  4.890000E+03,  1.989229E-02,  1.942582E-02,  4.190000E+03,  8.335300E-01
  4.910000E+03,  1.977007E-02,  1.948756E-02,  4.192500E+03,  8.359400E-01
  4.930000E+03,  1.905476E-02,  1.879676E-02,  4.195000E+03,  8.374900E-01
  4.950000E+03,  1.934138E-02,  1.898434E-02,  4.197500E+03,  8.382100E-01
  4.970000E+03,  1.913682E-02,  1.886373E-02,  4.200000E+03,  8.381500E-01
  4.990000E+03,  1.882810E-02,  1.864961E-02,  4.202500E+03,  8.374000E-01
  5.010000E+03,  1.811066E-02,  1.762167E-02,  4.205000E+03,  8.361400E-01
  5.030000E+03,  1.823271E-02,  1.739911E-02,  4.207500E+03,  8.345300E-01
  5.050000E+03,  1.769087E-02,  1.703065E-02,  4.210000E+03,  8.327900E-01
  5.070000E+03,  1.782501E-02,  1.752680E-02,  4.212500E+03,  8.311000E-01
  5.090000E+03,  1.755417E-02,  1.717061E-02,  4.215000E+03,  8.296000E-01
  5.110000E+03,  1.726714E-02,  1.667004E-02,  4.217500E+03,  8.285400E-01
  5.130000E+03,  1.701609E-02,  1.644129E-02,  4.220000E+03,  8.282800E-01
  5.150000E+03,  1.677842E-02,  1.633731E-02,  4.222500E+03,  8.289400E-01
  5.170000E+03,  1.663835E-02,  1.606433E-02,  4.225000E+03,  8.304700E-01
  5.190000E+03,  1.640648E-02,  1.569214E-02,  4.227500E+03,  8.325600E-01
  5.210000E+03,  1.598432E-02,  1.542566E-02,  4.230000E+03,  8.348900E-01
  5.230000E+03,  1.599293E-02,  1.557183E-02,  4.232500E+03,  8.371900E-01
  5.250000E+03,  1.579287E-02,  1.521721E-02,  4.235000E+03,  8.395400E-01
  5.270000E+03,  1.554700E-02,  1.474695E-02,  4.237500E+03,  8.420300E-01
  5.290000E+03,  1.540727E-02,  1.464554E-02,  4.240000E+03,  8.445900E-01
  5.310000E+03,  1.518786E-02,  1.465963E-02,  4.242500E+03,  8.471300E-01
  5.330000E+03,  1.494805E-02,  1.446448E-02,  4.245000E+03,  8.495500E-01
  5.350000E+03,  1.471871E-02,  1.407992E-02,  4.247500E+03,  8.517500E-01
  5.370000E+03,  1.461905E-02,  1.390198E-02,  4.250000E+03,  8.534900E-01
  5.390000E+03,  1.443258E-02,  1.377099E-02,  4.252500E+03,  8.545900E-01
  5.410000E+03,  1.421659E-02,  1.352055E-02,  4.255000E+03,  8.552800E-01
  5.430000E+03,  1.398510E-02,  1.311368E-02,  4.257500E+03,  8.558200E-01
  5.450000E+03,  1.383193E-02,  1.285346E-02,  4.260000E+03,  8.563100E-01
  5.470000E+03,  1.362822E-02,  1.271894E-02,  4.262500E+03,  8.569000E-01
  5.490000E+03,  1.353485E-02,  1.264994E-02,  4.265000E+03,  8.577300E-01
  5.510000E+03,  1.334312E-02,  1.232024E-02,  4.267500E+03,  8.588600E-01
  5.530000E+03,  1.317084E-02,  1.201747E-02,  4.270000E+03,  8.604000E-01
  5.550000E+03,  1.302561E-02,  1.185891E-02,  4.272500E+03,  8.624500E-01
  5.570000E+03,  1.284705E-02,  1.171728E-02,  4.275000E+03,  8.649700E-01
  5.590000E+03,  1.270888E-02,  1.151552E-02,  4.277500E+03,  8.679100E-01
  5.610000E+03,  1.252388E-02,  1.117017E-02,  4.280000E+03,  8.712400E-01
  5.630000E+03,  1.241889E-02,  1.093930E-02,  4.282500E+03,  8.748700E-01
  5.650000E+03,  1.211093E-02,  1.068487E-02,  4.285000E+03,  8.787000E-01
  5.670000E+03,  1.199240E-02,  1.070525E-02,  4.287500E+03,  8.825800E-01
  5.690000E+03,  1.191040E-02,  1.068006E-02,  4.290000E+03,  8.864500E-01
  5.710000E+03,  1.180406E-02,  1.056699E-02,  4.292500E+03,  8.902900E-01
  5.730000E+03,  1.167012E-02,  1.043764E-02,  4.295000E+03,  8.939000E-01
  5.750000E+03,  1.151987E-02,  1.032399E-02,  4.297500E+03,  8.969700E-01
  5.770000E+03,  1.139465E-02,  1.022442E-02,  4.300000E+03,  8.992600E-01
  5.790000E+03,  1.125529E-02,  1.006121E-02,  4.302500E+03,  9.006900E-01
  5.810000E+03,  1.110798E-02,  9.858662E-03,  4.305000E+03,  9.012700E-01
  5.830000E+03,  1.097541E-02,  9.747595E-03,  4.307500E+03,  9.012400E-01
  5.850000E+03,  1.084943E-02,  9.716965E-03,  4.310000E+03,  9.007900E-01
  5.870000E+03,  1.040995E-02,  9.411536E-03,  4.312500E+03,  9.000400E-01
  5.890000E+03,  1.052861E-02,  9.538289E-03,  4.315000E+03,  8.991200E-01
  5.910000E+03,  1.045739E-02,  9.398157E-03,  4.317500E+03,  8.981800E-01
  5.930000E+03,  1.034796E-02,  9.187335E-03,  4.320000E+03,  8.974700E-01
  5.950000E+03,  1.016978E-02,  8.962122E-03,  4.322500E+03,  8.971500E-01
  5.970000E+03,  1.010558E-02,  8.866334E-03,  4.325000E+03,  8.973200E-01
  5.990000E+03,  9.960386E-03,  8.732370E-03,  4.327500E+03,  8.979600E-01
  6.010000E+03,  9.882057E-03,  8.671505E-03,  4.330000E+03,  8.990700E-01
  6.030000E+03,  9.760521E-03,  8.518592E-03,  4.332500E+03,  9.006500E-01
  6.050000E+03,  9.650832E-03,  8.438398E-03,  4.335000E+03,  9.026900E-01
  6.070000E+03,  9.537715E-03,  8.387085E-03,  4.337500E+03,  9.052100E-01
  6.090000E+03,  9.416484E-03,  8.353080E-03,  4.340000E+03,  9.081700E-01
  6.110000E+03,  9.324178E-03,  8.316328E-03,  4.342500E+03,  9.115000E-01
  6.130000E+03,  9.219795E-03,  8.219816E-03,  4.345000E+03,  9.150100E-01
  6.150000E+03,  9.053369E-03,  8.035137E-03,  4.347500E+03,  9.185500E-01
  6.170000E+03,  9.001166E-03,  7.905994E-03,  4.350000E+03,  9.218800E-01
  6.190000E+03,  8.908782E-03,  7.727745E-03,  4.352500E+03,  9.248400E-01
  6.210000E+03,  8.804757E-03,  7.574733E-03,  4.355000E+03,  9.274300E-01
  6.230000E+03,  8.704661E-03,  7.481656E-03,  4.357500E+03,  9.295600E-01
  6.250000E+03,  8.577881E-03,  7.402197E-03,  4.360000E+03,  9.310900E-01
  6.270000E+03,  8.504678E-03,  7.401962E-03,  4.362500E+03,  9.320100E-01
  6.290000E+03,  8.407390E-03,  7.357391E-03,  4.365000E+03,  9.324000E-01
  6.310000E+03,  8.298195E-03,  7.273119E-03,  4.367500E+03,  9.324900E-01
  6.330000E+03,  8.227202E-03,  7.195347E-03,  4.370000E+03,  9.325100E-01
  6.350000E+03,  8.072093E-03,  7.004398E-03,  4.372500E+03,  9.326400E-01
  6.370000E+03,  8.008637E-03,  6.884785E-03,  4.375000E+03,  9.328900E-01
  6.390000E+03,  7.946802E-03,  6.742862E-03,  4.377500E+03,  9.332500E-01
  6.410000E+03,  7.856091E-03,  6.561957E-03,  4.380000E+03,  9.337900E-01
  6.430000E+03,  7.792297E-03,  6.429268E-03,  4.382500E+03,  9.345600E-01
  6.450000E+03,  7.694757E-03,  6.271304E-03,  4.385000E+03,  9.356200E-01
  6.470000E+03,  7.611510E-03,  6.141575E-03,  4.387500E+03,  9.370300E-01
  6.490000E+03,  7.530856E-03,  5.984545E-03,  4.390000E+03,  9.389400E-01
  6.510000E+03,  7.426171E-03,  5.795235E-03,  4.392500E+03,  9.415100E-01
  6.530000E+03,  7.313852E-03,  5.566939E-03,  4.395000E+03,  9.444600E-01
  6.550000E+03,  6.905008E-03,  5.065514E-03,  4.397500E+03,  9.474200E-01
  6.570000E+03,  6.038820E-03,  4.232066E-03,  4.400000E+03,  9.501000E-01
  6.590000E+03,  6.996905E-03,  4.688836E-03,  4.402500E+03,  9.523300E-01
  6.610000E+03,  7.035694E-03,  4.531409E-03,  4.405000E+03,  9.540300E-01
  6.630000E+03,  6.986660E-03,  4.164399E-03,  4.407500E+03,  9.553000E-01
  6.650000E+03,  6.916035E-03,  3.383532E-03,  4.410000E+03,  9.562300E-01
  6.670000E+03,  6.778586E-03,  2.317395E-03,  4.412500E+03,  9.569100E-01
  6.690000E+03,  6.712979E-03,  1.447990E-03,  4.415000E+03,  9.572300E-01
  6.710000E+03,  6.697534E-03,  8.441571E-04,  4.417500E+03,  9.570800E-01
  6.730000E+03,  6.629312E-03,  4.233479E-04,  4.420000E+03,  9.564300E-01
  6.750000E+03,  6.564087E-03,  1.774273E-04,  4.422500E+03,  9.553000E-01
  6.770000E+03,  6.497368E-03,  7.036650E-05,  4.425000E+03,  9.538400E-01
  6.790000E+03,  6.407545E-03,  2.896210E-05,  4.427500E+03,  9.522600E-01
  6.810000E+03,  6.358223E-03,  1.328869E-05,  4.430000E+03,  9.507000E-01
  6.830000E+03,  6.285218E-03,  6.725184E-06,  4.432500E+03,  9.492500E-01
  6.850000E+03,  6.230514E-03,  3.862919E-06,  4.435000E+03,  9.480800E-01
  6.870000E+03,  6.167091E-03,  2.343495E-06,  4.437500E+03,  9.473600E-01
  6.890000E+03,  6.103445E-03,  1.525861E-06,  4.440000E+03,  9.473300E-01
  6.910000E+03,  6.040483E-03,  0.000000E+00,  4.442500E+03,  9.480600E-01
  6.930000E+03,  5.966911E-03,  0.000000E+00,  4.445000E+03,  9.495100E-01
  6.950000E+03,  5.918682E-03,  0.000000E+00,  4.447500E+03,  9.515200E-01
  6.970000E+03,  5.859693E-03,  0.000000E+00,  4.450000E+03,  9.539300E-01
  6.990000E+03,  5.797183E-03,  0.000000E+00,  4.452500E+03,  9.566500E-01
  7.010000E+03,  5.736134E-03,  0.000000E+00,  4.455000E+03,  9.595500E-01
  7.030000E+03,  5.678581E-03,  0.000000E+00,  4.457500E+03,  9.624700E-01
  7.050000E+03,  5.617144E-03,  0.000000E+00,  4.460000E+03,  9.651700E-01
  7.070000E+03,  5.485652E-03,  0.000000E+00,  4.462500E+03,  9.674900E-01
  7.090000E+03,  5.514977E-03,  0.000000E+00,  4.465000E+03,  9.693600E-01
  7.110000E+03,  5.452075E-03,  0.000000E+00,  4.467500E+03,  9.707700E-01
  7.130000E+03,  5.399560E-03,  0.000000E+00,  4.470000E+03,  9.717800E-01
  7.150000E+03,  5.345017E-03,  0.000000E+00,  4.472500E+03,  9.724500E-01
  7.170000E+03,  5.295671E-03,  0.000000E+00,  4.475000E+03,  9.726900E-01
  7.190000E+03,  5.245811E-03,  0.000000E+00,  4.477500E+03,  9.723900E-01
  7.210000E+03,  5.195015E-03,  0.000000E+00,  4.480000E+03,  9.716300E-01
  7.230000E+03,  5.094540E-03,  0.000000E+00,  4.482500E+03,  9.704400E-01
  7.250000E+03,  5.085290E-03,  0.000000E+00,  4.485000E+03,  9.688800E-01
  7.270000E+03,  5.043311E-03,  0.000000E+00,  4.487500E+03,  9.670500E-01
  7.290000E+03,  4.961902E-03,  0.000000E+00,  4.490000E+03,  9.650000E-01
  7.310000E+03,  4.944661E-03,  0.000000E+00,  4.492500E+03,  9.627600E-01
  7.330000E+03,  4.897062E-03,  0.000000E+00,  4.495000E+03,  9.605500E-01
  7.350000E+03,  4.851318E-03,  0.000000E+00,  4.497500E+03,  9.585800E-01
  7.370000E+03,  4.804470E-03,  0.000000E+00,  4.500000E+03,  9.570000E-01
  7.390000E+03,  4.757837E-03,  0.000000E+00,  4.502500E+03,  9.559700E-01
  7.410000E+03,  4.712419E-03,  0.000000E+00,  4.505000E+03,  9.555400E-01
  7.430000E+03,  4.657743E-03,  0.000000E+00,  4.507500E+03,  9.557100E-01
  7.450000E+03,  4.619105E-03,  0.000000E+00,  4.510000E+03,  9.564700E-01
  7.470000E+03,  4.569071E-03,  0.000000E+00,  4.512500E+03,  9.578100E-01
  7.490000E+03,  4.528884E-03,  0.000000E+00,  4.515000E+03,  9.596600E-01
  7.510000E+03,  4.488711E-03,  0.000000E+00,  4.517500E+03,  9.618400E-01
  7.530000E+03,  4.446985E-03,  0.000000E+00,  4.520000E+03,  9.641300E-01
  7.550000E+03,  4.406464E-03,  0.000000E+00,  4.522500E+03,  9.663700E-01
  7.570000E+03,  4.365995E-03,  0.000000E+00,  4.525000E+03,  9.684700E-01
  7.590000E+03,  4.321735E-03,  0.000000E+00,  4.527500E+03,  9.704200E-01
  7.610000E+03,  4.284597E-03,  0.000000E+00,  4.530000E+03,  9.721900E-01
  7.630000E+03,  4.244467E-03,  0.000000E+00,  4.532500E+03,  9.736500E-01
  7.650000E+03,  4.204717E-03,  0.000000E+00,  4.535000E+03,  9.748300E-01
  7.670000E+03,  4.165801E-03,  0.000000E+00,  4.537500E+03,  9.757200E-01
  7.690000E+03,  4.126894E-03,  0.000000E+00,  4.540000E+03,  9.763400E-01
  7.710000E+03,  4.088959E-03,  0.000000E+00,  4.542500E+03,  9.767200E-01
  7.730000E+03,  4.049660E-03,  0.000000E+00,  4.545000E+03,  9.769000E-01
  7.750000E+03,  4.013402E-03,  0.000000E+00,  4.547500E+03,  9.769200E-01
  7.770000E+03,  3.935013E-03,  0.000000E+00,  4.550000E+03,  9.768900E-01
  7.790000E+03,  3.940238E-03,  0.000000E+00,  4.552500E+03,  9.769200E-01
  7.810000E+03,  3.903114E-03,  0.000000E+00,  4.555000E+03,  9.770000E-01
  7.830000E+03,  3.869109E-03,  0.000000E+00,  4.557500E+03,  9.770900E-01
  7.850000E+03,  3.819399E-03,  0.000000E+00,  4.560000E+03,  9.772900E-01
  7.870000E+03,  3.788929E-03,  0.000000E+00,  4.562500E+03,  9.776000E-01
  7.890000E+03,  3.744573E-03,  0.000000E+00,  4.565000E+03,  9.780300E-01
  7.910000E+03,  3.729877E-03,  0.000000E+00,  4.567500E+03,  9.785300E-01
  7.930000E+03,  3.698377E-03,  0.000000E+00,  4.570000E+03,  9.790900E-01
  7.950000E+03,  3.647923E-03,  0.000000E+00,  4.572500E+03,  9.797600E-01
  7.970000E+03,  3.628673E-03,  0.000000E+00,  4.575000E+03,  9.804000E-01
  7.990000E+03,  3.575113E-03,  0.000000E+00,  4.577500E+03,  9.809800E-01
  8.010000E+03,  3.565843E-03,  0.000000E+00,  4.580000E+03,  9.815400E-01
  8.030000E+03,  3.532715E-03,  0.000000E+00,  4.582500E+03,  9.820200E-01
  8.050000E+03,  3.499368E-03,  0.000000E+00,  4.585000E+03,  9.823000E-01
  8.070000E+03,  3.471453E-03,  0.000000E+00,  4.587500E+03,  9.822400E-01
  8.090000E+03,  3.436555E-03,  0.000000E+00,  4.590000E+03,  9.816600E-01
  8.110000E+03,  3.406311E-03,  0.000000E+00,  4.592500E+03,  9.804300E-01
  8.130000E+03,  3.377812E-03,  0.000000E+00,  4.595000E+03,  9.787000E-01
  8.150000E+03,  3.347080E-03,  0.000000E+00,  4.597500E+03,  9.766700E-01
  8.170000E+03,  3.321696E-03,  0.000000E+00,  4.600000E+03,  9.745300E-01
  8.190000E+03,  3.288249E-03,  0.000000E+00,  4.602500E+03,  9.724100E-01
  8.210000E+03,  3.249168E-03,  0.000000E+00,  4.605000E+03,  9.703600E-01
  8.230000E+03,  3.216334E-03,  0.000000E+00,  4.607500E+03,  9.683700E-01
  8.250000E+03,  3.207180E-03,  0.000000E+00,  4.610000E+03,  9.663200E-01
  8.270000E+03,  3.168515E-03,  0.000000E+00,  4.612500E+03,  9.642000E-01
  8.290000E+03,  3.150314E-03,  0.000000E+00,  4.615000E+03,  9.622100E-01
  8.310000E+03,  3.122216E-03,  0.000000E+00,  4.617500E+03,  9.606000E-01
  8.330000E+03,  3.098296E-03,  0.000000E+00,  4.620000E+03,  9.595100E-01
  8.350000E+03,  3.061104E-03,  0.000000E+00,  4.622500E+03,  9.590100E-01
  8.370000E+03,  3.037906E-03,  0.000000E+00,  4.625000E+03,  9.591100E-01
  8.390000E+03,  3.018991E-03,  0.000000E+00,  4.627500E+03,  9.597800E-01
  8.410000E+03,  2.990645E-03,  0.000000E+00,  4.630000E+03,  9.608800E-01
  8.430000E+03,  2.960029E-03,  0.000000E+00,  4.632500E+03,  9.622800E-01
  8.450000E+03,  2.904975E-03,  0.000000E+00,  4.635000E+03,  9.640200E-01
  8.470000E+03,  2.897908E-03,  0.000000E+00,  4.637500E+03,  9.660500E-01
  8.490000E+03,  2.881170E-03,  0.000000E+00,  4.640000E+03,  9.683200E-01
  8.510000E+03,  2.830503E-03,  0.000000E+00,  4.642500E+03,  9.706900E-01
  8.530000E+03,  2.845684E-03,  0.000000E+00,  4.645000E+03,  9.730600E-01
  8.550000E+03,  2.733804E-03,  0.000000E+00,  4.647500E+03,  9.753200E-01
  8.570000E+03,  2.836439E-03,  0.000000E+00,  4.650000E+03,  9.773400E-01
  8.590000E+03,  2.697988E-03,  0.000000E+00,  4.652500E+03,  9.789700E-01
  8.610000E+03,  2.675369E-03,  0.000000E+00,  4.655000E+03,  9.802600E-01
  8.630000E+03,  2.801123E-03,  0.000000E+00,  4.657500E+03,  9.812000E-01
  8.650000E+03,  2.706754E-03,  0.000000E+00,  4.660000E+03,  9.817900E-01
  8.670000E+03,  2.476916E-03,  0.000000E+00,  4.662500E+03,  9.820600E-01
  8.690000E+03,  2.731557E-03,  0.000000E+00,  4.665000E+03,  9.820500E-01
  8.710000E+03,  2.765343E-03,  0.000000E+00,  4.667500E+03,  9.818300E-01
  8.730000E+03,  2.670737E-03,  0.000000E+00,  4.670000E+03,  9.814400E-01
  8.750000E+03,  2.346649E-03,  0.000000E+00,  4.672500E+03,  9.809600E-01
  8.770000E+03,  2.573918E-03,  0.000000E+00,  4.675000E+03,  9.804700E-01
  8.790000E+03,  2.690124E-03,  0.000000E+00,  4.677500E+03,  9.800600E-01
  8.810000E+03,  2.687962E-03,  0.000000E+00,  4.680000E+03,  9.798200E-01
  8.830000E+03,  2.639730E-03,  0.000000E+00,  4.682500E+03,  9.798300E-01
  8.850000E+03,  2.447133E-03,  0.000000E+00,  4.685000E+03,  9.801400E-01
  8.870000E+03,  2.229355E-03,  0.000000E+00,  4.687500E+03,  9.807500E-01
  8.890000E+03,  2.539780E-03,  0.000000E+00,  4.690000E+03,  9.817200E-01
  8.910000E+03,  2.577117E-03,  0.000000E+00,  4.692500E+03,  9.831000E-01
  8.930000E+03,  2.559999E-03,  0.000000E+00,  4.695000E+03,  9.847900E-01
  8.950000E+03,  2.553083E-03,  0.000000E+00,  4.697500E+03,  9.866300E-01
  8.970000E+03,  2.523265E-03,  0.000000E+00,  4.700000E+03,  9.884700E-01
  8.990000E+03,  2.439898E-03,  0.000000E+00,  4.702500E+03,  9.902000E-01
  9.010000E+03,  2.126751E-03,  0.000000E+00,  4.705000E+03,  9.917700E-01
  9.030000E+03,  2.243657E-03,  0.000000E+00,  4.707500E+03,  9.931800E-01
  9.050000E+03,  2.415309E-03,  0.000000E+00,  4.710000E+03,  9.945100E-01
  9.070000E+03,  2.403258E-03,  0.000000E+00,  4.712500E+03,  9.958300E-01
  9.090000E+03,  2.400422E-03,  0.000000E+00,  4.715000E+03,  9.969300E-01
  9.110000E+03,  2.393624E-03,  0.000000E+00,  4.717500E+03,  9.976000E-01
  9.130000E+03,  2.378698E-03,  0.000000E+00,  4.720000E+03,  9.977600E-01
  9.150000E+03,  2.357998E-03,  0.000000E+00,  4.722500E+03,  9.973500E-01
  9.170000E+03,  2.328941E-03,  0.000000E+00,  4.725000E+03,  9.963800E-01
  9.190000E+03,  2.297904E-03,  0.000000E+00,  4.727500E+03,  9.949300E-01
  9.210000E+03,  2.182478E-03,  0.000000E+00,  4.730000E+03,  9.930800E-01
  9.230000E+03,  1.885912E-03,  0.000000E+00,  4.732500E+03,  9.909200E-01
  9.250000E+03,  2.132942E-03,  0.000000E+00,  4.735000E+03,  9.885200E-01
  9.270000E+03,  2.193517E-03,  0.000000E+00,  4.737500E+03,  9.860500E-01
  9.290000E+03,  2.222608E-03,  0.000000E+00,  4.740000E+03,  9.836500E-01
  9.310000E+03,  2.203191E-03,  0.000000E+00,  4.742500E+03,  9.814800E-01
  9.330000E+03,  2.194188E-03,  0.000000E+00,  4.745000E+03,  9.796200E-01
  9.350000E+03,  2.179554E-03,  0.000000E+00,  4.747500E+03,  9.781500E-01
  9.370000E+03,  2.164832E-03,  0.000000E+00,  4.750000E+03,  9.770700E-01
  9.390000E+03,  2.147158E-03,  0.000000E+00,  4.752500E+03,  9.764400E-01
  9.410000E+03,  2.115705E-03,  0.000000E+00,  4.755000E+03,  9.762900E-01
  9.430000E+03,  2.114080E-03,  0.000000E+00,  4.757500E+03,  9.765900E-01
  9.450000E+03,  2.097367E-03,  0.000000E+00,  4.760000E+03,  9.771900E-01
  9.470000E+03,  2.066047E-03,  0.000000E+00,  4.762500E+03,  9.780300E-01
  9.490000E+03,  2.054107E-03,  0.000000E+00,  4.765000E+03,  9.791100E-01
  9.510000E+03,  2.009188E-03,  0.000000E+00,  4.767500E+03,  9.804900E-01
  9.530000E+03,  1.902279E-03,  0.000000E+00,  4.770000E+03,  9.821800E-01
  9.550000E+03,  1.674184E-03,  0.000000E+00,  4.772500E+03,  9.841200E-01
  9.570000E+03,  1.913262E-03,  0.000000E+00,  4.775000E+03,  9.862300E-01
  9.590000E+03,  1.965220E-03,  0.000000E+00,  4.777500E+03,  9.883800E-01
  9.610000E+03,  1.958352E-03,  0.000000E+00,  4.780000E+03,  9.903900E-01
  9.630000E+03,  1.931329E-03,  0.000000E+00,  4.782500E+03,  9.921600E-01
  9.650000E+03,  1.941561E-03,  0.000000E+00,  4.785000E+03,  9.936700E-01
  9.670000E+03,  1.924734E-03,  0.000000E+00,  4.787500E+03,  9.949600E-01
  9.690000E+03,  1.910298E-03,  0.000000E+00,  4.790000E+03,  9.961000E-01
  9.710000E+03,  1.893126E-03,  0.000000E+00,  4.792500E+03,  9.971300E-01
  9.730000E+03,  1.883275E-03,  0.000000E+00,  4.795000E+03,  9.979700E-01
  9.750000E+03,  1.867433E-03,  0.000000E+00,  4.797500E+03,  9.986100E-01
  9.770000E+03,  1.854936E-03,  0.000000E+00,  4.800000E+03,  9.991400E-01
  9.790000E+03,  1.840752E-03,  0.000000E+00,  4.802500E+03,  9.995600E-01
  9.810000E+03,  1.826548E-03,  0.000000E+00,  4.805000E+03,  9.998600E-01
  9.830000E+03,  1.811003E-03,  0.000000E+00,  4.807500E+03,  1.000000E+00
  9.850000E+03,  1.799050E-03,  0.000000E+00,  4.810000E+03,  9.999300E-01
  9.870000E+03,  1.785458E-03,  0.000000E+00,  4.812500E+03,  9.996600E-01
  9.890000E+03,  1.768997E-03,  0.000000E+00,  4.815000E+03,  9.992400E-01
  9.910000E+03,  1.753271E-03,  0.000000E+00,  4.817500E+03,  9.987600E-01
  9.930000E+03,  1.745549E-03,  0.000000E+00,  4.820000E+03,  9.983700E-01
  9.950000E+03,  1.732021E-03,  0.000000E+00,  4.822500E+03,  9.981200E-01
  9.970000E+03,  1.715813E-03,  0.000000E+00,  4.825000E+03,  9.980100E-01
  9.990000E+03,  1.699701E-03,  0.000000E+00,  4.827500E+03,  9.979500E-01
  1.002500E+04,  1.598197E-03,  0.000000E+00,  4.830000E+03,  9.979600E-01
  1.007500E+04,  1.537358E-03,  0.000000E+00,  4.832500E+03,  9.980900E-01
  1.012500E+04,  1.612538E-03,  0.000000E+00,  4.835000E+03,  9.982400E-01
  1.017500E+04,  1.593714E-03,  0.000000E+00,  4.837500E+03,  9.983100E-01
  1.022500E+04,  1.565185E-03,  0.000000E+00,  4.840000E+03,  9.982200E-01
  1.027500E+04,  1.537490E-03,  0.000000E+00,  4.842500E+03,  9.979100E-01
  1.032500E+04,  1.504943E-03,  0.000000E+00,  4.845000E+03,  9.973800E-01
  1.037500E+04,  1.482806E-03,  0.000000E+00,  4.847500E+03,  9.966700E-01
  1.042500E+04,  1.456750E-03,  0.000000E+00,  4.850000E+03,  9.958500E-01
  1.047500E+04,  1.430665E-03,  0.000000E+00,  4.852500E+03,  9.950100E-01
  1.052500E+04,  1.405261E-03,  0.000000E+00,  4.855000E+03,  9.940600E-01
  1.057500E+04,  1.380817E-03,  0.000000E+00,  4.857500E+03,  9.929300E-01
  1.062500E+04,  1.356990E-03,  0.000000E+00,  4.860000E+03,  9.915500E-01
  1.067500E+04,  1.328298E-03,  0.000000E+00,  4.862500E+03,  9.899300E-01
  1.072500E+04,  1.309907E-03,  0.000000E+00,  4.865000E+03,  9.881500E-01
  1.077500E+04,  1.287191E-03,  0.000000E+00,  4.867500E+03,  9.863200E-01
  1.082500E+04,  1.251729E-03,  0.000000E+00,  4.870000E+03,  9.845100E-01
  1.087500E+04,  1.237330E-03,  0.000000E+00,  4.872500E+03,  9.827800E-01
  1.092500E+04,  1.111560E-03,  0.000000E+00,  4.875000E+03,  9.812000E-01
  1.097500E+04,  1.165789E-03,  0.000000E+00,  4.877500E+03,  9.798000E-01
  1.102500E+04,  1.172771E-03,  0.000000E+00,  4.880000E+03,  9.785900E-01
  1.107500E+04,  1.161130E-03,  0.000000E+00,  4.882500E+03,  9.775900E-01
  1.112500E+04,  1.142610E-03,  0.000000E+00,  4.885000E+03,  9.768800E-01
  1.117500E+04,  1.123426E-03,  0.000000E+00,  4.887500E+03,  9.765200E-01
  1.122500E+04,  1.104588E-03,  0.000000E+00,  4.890000E+03,  9.765500E-01
  1.127500E+04,  1.082125E-03,  0.000000E+00,  4.892500E+03,  9.769600E-01
  1.132500E+04,  1.066024E-03,  0.000000E+00,  4.895000E+03,  9.777000E-01
  1.137500E+04,  1.051304E-03,  0.000000E+00,  4.897500E+03,  9.787500E-01
  1.142500E+04,  1.033979E-03,  0.000000E+00,  4.900000E+03,  9.800500E-01
  1.147500E+04,  1.017509E-03,  0.000000E+00,  4.902500E+03,  9.815100E-01
  1.152500E+04,  1.000947E-03,  0.000000E+00,  4.905000E+03,  9.830300E-01
  1.157500E+04,  9.848464E-04,  0.000000E+00,  4.907500E+03,  9.845000E-01
  1.162500E+04,  9.677487E-04,  0.000000E+00,  4.910000E+03,  9.857100E-01
  1.167500E+04,  9.530692E-04,  0.000000E+00,  4.912500E+03,  9.865000E-01
  1.172500E+04,  9.381513E-04,  0.000000E+00,  4.915000E+03,  9.869400E-01
  1.177500E+04,  9.214309E-04,  0.000000E+00,  4.917500E+03,  9.871500E-01
  1.182500E+04,  9.089146E-04,  0.000000E+00,  4.920000E+03,  9.872500E-01
  1.187500E+04,  8.944808E-04,  0.000000E+00,  4.922500E+03,  9.872800E-01
  1.192500E+04,  8.808291E-04,  0.000000E+00,  4.925000E+03,  9.872300E-01
  1.197500E+04,  8.604852E-04,  0.000000E+00,  4.927500E+03,  9.869800E-01
  1.202500E+04,  8.536606E-04,  0.000000E+00,  4.930000E+03,  9.864600E-01
  1.207500E+04,  8.403990E-04,  0.000000E+00,  4.932500E+03,  9.856200E-01
  1.212500E+04,  8.274281E-04,  0.000000E+00,  4.935000E+03,  9.845900E-01
  1.217500E+04,  8.147325E-04,  0.000000E+00,  4.937500E+03,  9.835600E-01
  1.222500E+04,  8.022421E-04,  0.000000E+00,  4.940000E+03,  9.827100E-01
  1.227500E+04,  7.900001E-04,  0.000000E+00,  4.942500E+03,  9.821200E-01
  1.232500E+04,  7.779978E-04,  0.000000E+00,  4.945000E+03,  9.818000E-01
  1.237500E+04,  7.662998E-04,  0.000000E+00,  4.947500E+03,  9.816600E-01
  1.242500E+04,  7.548386E-04,  0.000000E+00,  4.950000E+03,  9.815400E-01
  1.247500E+04,  7.424920E-04,  0.000000E+00,  4.952500E+03,  9.813600E-01
  1.252500E+04,  7.311995E-04,  0.000000E+00,  4.955000E+03,  9.812300E-01
  1.257500E+04,  7.207369E-04,  0.000000E+00,  4.957500E+03,  9.813300E-01
  1.262500E+04,  7.105316E-04,  0.000000E+00,  4.960000E+03,  9.817200E-01
  1.267500E+04,  7.001381E-04,  0.000000E+00,  4.962500E+03,  9.824100E-01
  1.272500E+04,  6.888589E-04,  0.000000E+00,  4.965000E+03,  9.833700E-01
  1.277500E+04,  6.667155E-04,  0.000000E+00,  4.967500E+03,  9.844800E-01
  1.282500E+04,  6.106663E-04,  0.000000E+00,  4.970000E+03,  9.857300E-01
  1.287500E+04,  6.537882E-04,  0.000000E+00,  4.972500E+03,  9.871000E-01
  1.292500E+04,  6.499087E-04,  0.000000E+00,  4.975000E+03,  9.884400E-01
  1.297500E+04,  6.379869E-04,  0.000000E+00,  4.977500E+03,  9.896200E-01
  1.302500E+04,  6.319803E-04,  0.000000E+00,  4.980000E+03,  9.905700E-01
  1.307500E+04,  6.229040E-04,  0.000000E+00,  4.982500E+03,  9.912100E-01
  1.312500E+04,  6.140155E-04,  0.000000E+00,  4.985000E+03,  9.914500E-01
  1.317500E+04,  6.046869E-04,  0.000000E+00,  4.987500E+03,  9.912100E-01
  1.322500E+04,  5.966794E-04,  0.000000E+00,  4.990000E+03,  9.905200E-01
  1.327500E+04,  5.882395E-04,  0.000000E+00,  4.992500E+03,  9.893600E-01
  1.332500E+04,  5.799476E-04,  0.000000E+00,  4.995000E+03,  9.877200E-01
  1.337500E+04,  5.718072E-04,  0.000000E+00,  4.997500E+03,  9.857000E-01
  1.342500E+04,  5.634259E-04,  0.000000E+00,  5.000000E+03,  9.834300E-01
  1.347500E+04,  5.559128E-04,  0.000000E+00,  5.002500E+03,  9.810200E-01
  1.352500E+04,  5.481111E-04,  0.000000E+00,  5.005000E+03,  9.785000E-01
  1.357500E+04,  5.406030E-04,  0.000000E+00,  5.007500E+03,  9.758300E-01
  1.362500E+04,  5.331261E-04,  0.000000E+00,  5.010000E+03,  9.730000E-01
  1.367500E+04,  5.256443E-04,  0.000000E+00,  5.012500E+03,  9.700600E-01
  1.372500E+04,  5.184983E-04,  0.000000E+00,  5.015000E+03,  9.671500E-01
  1.377500E+04,  5.115643E-04,  0.000000E+00,  5.017500E+03,  9.643400E-01
  1.382500E+04,  5.046016E-04,  0.000000E+00,  5.020000E+03,  9.616700E-01
  1.387500E+04,  4.977643E-04,  0.000000E+00,  5.022500E+03,  9.592300E-01
  1.392500E+04,  4.909399E-04,  0.000000E+00,  5.025000E+03,  9.571100E-01
  1.397500E+04,  4.843744E-04,  0.000000E+00,  5.027500E+03,  9.554600E-01
  1.402500E+04,  4.779242E-04,  0.000000E+00,  5.030000E+03,  9.542800E-01
  1.407500E+04,  4.715061E-04,  0.000000E+00,  5.032500E+03,  9.535100E-01
  1.412500E+04,  4.651954E-04,  0.000000E+00,  5.035000E+03,  9.532800E-01
  1.417500E+04,  4.590713E-04,  0.000000E+00,  5.037500E+03,  9.536600E-01
  1.422500E+04,  4.529896E-04,  0.000000E+00,  5.040000E+03,  9.545900E-01
  1.427500E+04,  4.470079E-04,  0.000000E+00,  5.042500E+03,  9.559900E-01
  1.432500E+04,  4.411318E-04,  0.000000E+00,  5.045000E+03,  9.578400E-01
  1.437500E+04,  4.353189E-04,  0.000000E+00,  5.047500E+03,  9.601200E-01
  1.442500E+04,  4.294105E-04,  0.000000E+00,  5.050000E+03,  9.626800E-01
  1.447500E+04,  4.238629E-04,  0.000000E+00,  5.052500E+03,  9.653500E-01
  1.452500E+04,  4.184257E-04,  0.000000E+00,  5.055000E+03,  9.681100E-01
  1.457000E+04,  4.136820E-04,  0.000000E+00,  5.057500E+03,  9.709300E-01
  1.462000E+04,  4.083728E-04,  0.000000E+00,  5.060000E+03,  9.738200E-01
  1.467500E+04,  4.027052E-04,  0.000000E+00,  5.062500E+03,  9.766700E-01
  1.472500E+04,  3.975254E-04,  0.000000E+00,  5.065000E+03,  9.793100E-01
  1.477500E+04,  3.924181E-04,  0.000000E+00,  5.067500E+03,  9.815700E-01
  1.482500E+04,  3.875938E-04,  0.000000E+00,  5.070000E+03,  9.832700E-01
  1.487500E+04,  3.827138E-04,  0.000000E+00,  5.072500E+03,  9.843200E-01
  1.492500E+04,  3.779357E-04,  0.000000E+00,  5.075000E+03,  9.847500E-01
  1.497500E+04,  3.731783E-04,  0.000000E+00,  5.077500E+03,  9.845900E-01
  1.502500E+04,  3.685213E-04,  0.000000E+00,  5.080000E+03,  9.839600E-01
  1.507500E+04,  3.633808E-04,  0.000000E+00,  5.082500E+03,  9.829500E-01
  1.512500E+04,  3.593339E-04,  0.000000E+00,  5.085000E+03,  9.816300E-01
  1.517500E+04,  3.548425E-04,  0.000000E+00,  5.087500E+03,  9.799800E-01
  1.522500E+04,  3.503967E-04,  0.000000E+00,  5.090000E+03,  9.781500E-01
  1.527500E+04,  3.458516E-04,  0.000000E+00,  5.092500E+03,  9.762900E-01
  1.532500E+04,  3.414102E-04,  0.000000E+00,  5.095000E+03,  9.744100E-01
  1.537500E+04,  3.375488E-04,  0.000000E+00,  5.097500E+03,  9.725300E-01
  1.542500E+04,  3.324121E-04,  0.000000E+00,  5.100000E+03,  9.707300E-01
  1.547500E+04,  3.292690E-04,  0.000000E+00,  5.102500E+03,  9.690800E-01
  1.552500E+04,  3.250970E-04,  0.000000E+00,  5.105000E+03,  9.676200E-01
  1.557500E+04,  3.190133E-04,  0.000000E+00,  5.107500E+03,  9.664000E-01
  1.562500E+04,  3.187320E-04,  0.000000E+00,  5.110000E+03,  9.654200E-01
  1.567500E+04,  3.120822E-04,  0.000000E+00,  5.112500E+03,  9.646500E-01
  1.572500E+04,  3.063640E-04,  0.000000E+00,  5.115000E+03,  9.641500E-01
  1.577500E+04,  3.080155E-04,  0.000000E+00,  5.117500E+03,  9.639600E-01
  1.582500E+04,  3.039479E-04,  0.000000E+00,  5.120000E+03,  9.639700E-01
  1.587500E+04,  2.909977E-04,  0.000000E+00,  5.122500E+03,  9.641900E-01
  1.592500E+04,  2.948494E-04,  0.000000E+00,  5.125000E+03,  9.646000E-01
  1.597500E+04,  2.946631E-04,  0.000000E+00,  5.127500E+03,  9.652500E-01
  1.605000E+04,  2.873231E-04,  0.000000E+00,  5.130000E+03,  9.662200E-01
  1.615000E+04,  2.754595E-04,  0.000000E+00,  5.132500E+03,  9.675400E-01
  1.625000E+04,  2.772605E-04,  0.000000E+00,  5.135000E+03,  9.690200E-01
  1.635000E+04,  2.672968E-04,  0.000000E+00,  5.137500E+03,  9.705100E-01
  1.645000E+04,  2.556427E-04,  0.000000E+00,  5.140000E+03,  9.717800E-01
  1.655000E+04,  2.591542E-04,  0.000000E+00,  5.142500E+03,  9.727500E-01
  1.665000E+04,  2.534071E-04,  0.000000E+00,  5.145000E+03,  9.733600E-01
  1.675000E+04,  2.433661E-04,  0.000000E+00,  5.147500E+03,  9.736500E-01
  1.685000E+04,  2.325198E-04,  0.000000E+00,  5.150000E+03,  9.737100E-01
  1.695000E+04,  2.363606E-04,  0.000000E+00,  5.152500E+03,  9.735600E-01
  1.705000E+04,  2.304875E-04,  0.000000E+00,  5.155000E+03,  9.731500E-01
  1.715000E+04,  2.262544E-04,  0.000000E+00,  5.157500E+03,  9.724300E-01
  1.725000E+04,  2.208300E-04,  0.000000E+00,  5.160000E+03,  9.714200E-01
  1.735000E+04,  2.054375E-04,  0.000000E+00,  5.162500E+03,  9.701800E-01
  1.745000E+04,  2.101309E-04,  0.000000E+00,  5.165000E+03,  9.687400E-01
  1.755000E+04,  2.071502E-04,  0.000000E+00,  5.167500E+03,  9.671700E-01
  1.765000E+04,  2.027133E-04,  0.000000E+00,  5.170000E+03,  9.655000E-01
  1.775000E+04,  1.982747E-04,  0.000000E+00,  5.172500E+03,  9.638300E-01
  1.785000E+04,  1.940776E-04,  0.000000E+00,  5.175000E+03,  9.622000E-01
  1.795000E+04,  1.900387E-04,  0.000000E+00,  5.177500E+03,  9.606800E-01
  1.805000E+04,  1.854642E-04,  0.000000E+00,  5.180000E+03,  9.593200E-01
  1.815000E+04,  1.734188E-04,  0.000000E+00,  5.182500E+03,  9.581600E-01
  1.825000E+04,  1.759696E-04,  0.000000E+00,  5.185000E+03,  9.572700E-01
  1.835000E+04,  1.745138E-04,  0.000000E+00,  5.187500E+03,  9.567000E-01
  1.845000E+04,  1.709627E-04,  0.000000E+00,  5.190000E+03,  9.564600E-01
  1.855000E+04,  1.672650E-04,  0.000000E+00,  5.192500E+03,  9.565000E-01
  1.865000E+04,  1.627612E-04,  0.000000E+00,  5.195000E+03,  9.568700E-01
  1.875000E+04,  1.529138E-04,  0.000000E+00,  5.197500E+03,  9.576100E-01
  1.885000E+04,  1.569925E-04,  0.000000E+00,  5.200000E+03,  9.586800E-01
  1.895000E+04,  1.542387E-04,  0.000000E+00,  5.202500E+03,  9.600400E-01
  1.905000E+04,  1.507972E-04,  0.000000E+00,  5.205000E+03,  9.616200E-01
  1.915000E+04,  1.481701E-04,  0.000000E+00,  5.207500E+03,  9.633400E-01
  1.925000E+04,  1.452379E-04,  0.000000E+00,  5.210000E+03,  9.650500E-01
  1.935000E+04,  1.417776E-04,  0.000000E+00,  5.212500E+03,  9.666400E-01
  1.945000E+04,  1.321270E-04,  0.000000E+00,  5.215000E+03,  9.681000E-01
  1.955000E+04,  1.361471E-04,  0.000000E+00,  5.217500E+03,  9.694400E-01
  1.965000E+04,  1.341923E-04,  0.000000E+00,  5.220000E+03,  9.707000E-01
  1.975000E+04,  1.315908E-04,  0.000000E+00,  5.222500E+03,  9.718400E-01
  1.985000E+04,  1.290587E-04,  0.000000E+00,  5.225000E+03,  9.727900E-01
  1.995000E+04,  1.265836E-04,  0.000000E+00,  5.227500E+03,  9.734200E-01
  2.005000E+04,  1.241678E-04,  0.000000E+00,  5.230000E+03,  9.736700E-01
  2.015000E+04,  1.218101E-04,  0.000000E+00,  5.232500E+03,  9.735600E-01
  2.025000E+04,  1.195051E-04,  0.000000E+00,  5.235000E+03,  9.730400E-01
  2.035000E+04,  1.172563E-04,  0.000000E+00,  5.237500E+03,  9.721200E-01
  2.045000E+04,  1.150386E-04,  0.000000E+00,  5.240000E+03,  9.708900E-01
  2.055000E+04,  1.127257E-04,  0.000000E+00,  5.242500E+03,  9.694000E-01
  2.065000E+04,  1.108211E-04,  0.000000E+00,  5.245000E+03,  9.676700E-01
  2.075000E+04,  1.087745E-04,  0.000000E+00,  5.247500E+03,  9.657100E-01
  2.085000E+04,  1.067774E-04,  0.000000E+00,  5.250000E+03,  9.635500E-01
  2.095000E+04,  1.048094E-04,  0.000000E+00,  5.252500E+03,  9.612500E-01
  2.105000E+04,  1.029104E-04,  0.000000E+00,  5.255000E+03,  9.589000E-01
  2.115000E+04,  1.007842E-04,  0.000000E+00,  5.257500E+03,  9.565900E-01
  2.125000E+04,  9.921123E-05,  0.000000E+00,  5.260000E+03,  9.544500E-01
  2.135000E+04,  9.740392E-05,  0.000000E+00,  5.262500E+03,  9.525200E-01
  2.145000E+04,  9.565825E-05,  0.000000E+00,  5.265000E+03,  9.508800E-01
  2.155000E+04,  9.365724E-05,  0.000000E+00,  5.267500E+03,  9.495700E-01
  2.165000E+04,  8.750395E-05,  0.000000E+00,  5.270000E+03,  9.485400E-01
  2.175000E+04,  9.008066E-05,  0.000000E+00,  5.272500E+03,  9.477600E-01
  2.185000E+04,  8.906459E-05,  0.000000E+00,  5.275000E+03,  9.473200E-01
  2.195000E+04,  8.751837E-05,  0.000000E+00,  5.277500E+03,  9.472400E-01
  2.205000E+04,  8.601778E-05,  0.000000E+00,  5.280000E+03,  9.473900E-01
  2.215000E+04,  8.452514E-05,  0.000000E+00,  5.282500E+03,  9.477400E-01
  2.225000E+04,  8.305799E-05,  0.000000E+00,  5.285000E+03,  9.483300E-01
  2.235000E+04,  8.164135E-05,  0.000000E+00,  5.287500E+03,  9.492500E-01
  2.245000E+04,  8.023952E-05,  0.000000E+00,  5.290000E+03,  9.505600E-01
  2.255000E+04,  7.887369E-05,  0.000000E+00,  5.292500E+03,  9.522200E-01
  2.265000E+04,  7.753577E-05,  0.000000E+00,  5.295000E+03,  9.541600E-01
  2.275000E+04,  7.622346E-05,  0.000000E+00,  5.297500E+03,  9.562500E-01
  2.285000E+04,  7.494709E-05,  0.000000E+00,  5.300000E+03,  9.583400E-01
  2.295000E+04,  7.369419E-05,  0.000000E+00,  5.302500E+03,  9.603100E-01
  2.305000E+04,  7.246045E-05,  0.000000E+00,  5.305000E+03,  9.621300E-01
  2.315000E+04,  7.126759E-05,  0.000000E+00,  5.307500E+03,  9.637700E-01
  2.325000E+04,  7.009279E-05,  0.000000E+00,  5.310000E+03,  9.652200E-01
  2.335000E+04,  6.893695E-05,  0.000000E+00,  5.312500E+03,  9.664900E-01
  2.345000E+04,  6.781338E-05,  0.000000E+00,  5.315000E+03,  9.675000E-01
  2.355000E+04,  6.670374E-05,  0.000000E+00,  5.317500E+03,  9.682100E-01
  2.365000E+04,  6.561745E-05,  0.000000E+00,  5.320000E+03,  9.686300E-01
  2.375000E+04,  6.455949E-05,  0.000000E+00,  5.322500E+03,  9.687900E-01
  2.385000E+04,  6.352095E-05,  0.000000E+00,  5.325000E+03,  9.686700E-01
  2.395000E+04,  6.249045E-05,  0.000000E+00,  5.327500E+03,  9.682500E-01
  2.405000E+04,  6.148208E-05,  0.000000E+00,  5.330000E+03,  9.676500E-01
  2.415000E+04,  6.049218E-05,  0.000000E+00,  5.332500E+03,  9.669900E-01
  2.425000E+04,  5.955103E-05,  0.000000E+00,  5.335000E+03,  9.661900E-01
  2.435000E+04,  5.859620E-05,  0.000000E+00,  5.337500E+03,  9.651400E-01
  2.445000E+04,  5.765483E-05,  0.000000E+00,  5.340000E+03,  9.637400E-01
  2.455000E+04,  5.677522E-05,  0.000000E+00,  5.342500E+03,  9.620400E-01
  2.465000E+04,  5.585140E-05,  0.000000E+00,  5.345000E+03,  9.601400E-01
  2.475000E+04,  5.493156E-05,  0.000000E+00,  5.347500E+03,  9.582400E-01
  2.485000E+04,  5.419059E-05,  0.000000E+00,  5.350000E+03,  9.566000E-01
  2.495000E+04,  5.315910E-05,  0.000000E+00,  5.352500E+03,  9.554300E-01
  2.505000E+04,  5.253926E-05,  0.000000E+00,  5.355000E+03,  9.546000E-01
  2.515000E+04,  5.173915E-05,  0.000000E+00,  5.357500E+03,  9.539200E-01
  2.525000E+04,  5.061793E-05,  0.000000E+00,  5.360000E+03,  9.532500E-01
  2.535000E+04,  5.013893E-05,  0.000000E+00,  5.362500E+03,  9.525200E-01
  2.545000E+04,  4.947572E-05,  0.000000E+00,  5.365000E+03,  9.517800E-01
  2.555000E+04,  4.861250E-05,  0.000000E+00,  5.367500E+03,  9.512100E-01
  2.565000E+04,  4.739720E-05,  0.000000E+00,  5.370000E+03,  9.509500E-01
  2.575000E+04,  4.720767E-05,  0.000000E+00,  5.372500E+03,  9.510400E-01
  2.585000E+04,  4.659914E-05,  0.000000E+00,  5.375000E+03,  9.513900E-01
  2.595000E+04,  4.589048E-05,  0.000000E+00,  5.377500E+03,  9.518800E-01
  2.605000E+04,  4.494055E-05,  0.000000E+00,  5.380000E+03,  9.524300E-01
  2.615000E+04,  4.352285E-05,  0.000000E+00,  5.382500E+03,  9.529700E-01
  2.625000E+04,  4.165874E-05,  0.000000E+00,  5.385000E+03,  9.534400E-01
  2.635000E+04,  4.298533E-05,  0.000000E+00,  5.387500E+03,  9.538400E-01
  2.645000E+04,  4.263080E-05,  0.000000E+00,  5.390000E+03,  9.541600E-01
  2.655000E+04,  4.200586E-05,  0.000000E+00,  5.392500E+03,  9.543700E-01
  2.665000E+04,  4.124472E-05,  0.000000E+00,  5.395000E+03,  9.544100E-01
  2.675000E+04,  3.958632E-05,  0.000000E+00,  5.397500E+03,  9.542800E-01
  2.685000E+04,  4.004494E-05,  0.000000E+00,  5.400000E+03,  9.539900E-01
  2.695000E+04,  3.972056E-05,  0.000000E+00,  5.402500E+03,  9.535300E-01
  2.705000E+04,  3.917000E-05,  0.000000E+00,  5.405000E+03,  9.528900E-01
  2.715000E+04,  3.861040E-05,  0.000000E+00,  5.407500E+03,  9.520300E-01
  2.725000E+04,  3.806013E-05,  0.000000E+00,  5.410000E+03,  9.510400E-01
  2.735000E+04,  3.752230E-05,  0.000000E+00,  5.412500E+03,  9.499700E-01
  2.745000E+04,  3.686344E-05,  0.000000E+00,  5.415000E+03,  9.487800E-01
  2.755000E+04,  3.522304E-05,  0.000000E+00,  5.417500E+03,  9.473900E-01
  2.765000E+04,  3.539271E-05,  0.000000E+00,  5.420000E+03,  9.457300E-01
  2.775000E+04,  3.541192E-05,  0.000000E+00,  5.422500E+03,  9.438500E-01
  2.785000E+04,  3.496396E-05,  0.000000E+00,  5.425000E+03,  9.418100E-01
  2.795000E+04,  3.447963E-05,  0.000000E+00,  5.427500E+03,  9.397300E-01
  2.805000E+04,  3.400210E-05,  0.000000E+00,  5.430000E+03,  9.376900E-01
  2.815000E+04,  3.353290E-05,  0.000000E+00,  5.432500E+03,  9.357600E-01
  2.825000E+04,  3.307043E-05,  0.000000E+00,  5.435000E+03,  9.339800E-01
  2.835000E+04,  3.261296E-05,  0.000000E+00,  5.437500E+03,  9.324400E-01
  2.845000E+04,  3.217439E-05,  0.000000E+00,  5.440000E+03,  9.312000E-01
  2.855000E+04,  3.169919E-05,  0.000000E+00,  5.442500E+03,  9.302900E-01
  2.865000E+04,  3.093673E-05,  0.000000E+00,  5.445000E+03,  9.297000E-01
  2.875000E+04,  2.958370E-05,  0.000000E+00,  5.447500E+03,  9.294100E-01
  2.885000E+04,  3.032428E-05,  0.000000E+00,  5.450000E+03,  9.292600E-01
  2.895000E+04,  3.004734E-05,  0.000000E+00,  5.452500E+03,  9.291300E-01
  2.905000E+04,  2.965928E-05,  0.000000E+00,  5.455000E+03,  9.291000E-01
  2.915000E+04,  2.926298E-05,  0.000000E+00,  5.457500E+03,  9.293100E-01
  2.925000E+04,  2.887532E-05,  0.000000E+00,  5.460000E+03,  9.298000E-01
  2.935000E+04,  2.849137E-05,  0.000000E+00,  5.462500E+03,  9.305500E-01
  2.945000E+04,  2.811619E-05,  0.000000E+00,  5.465000E+03,  9.314700E-01
  2.955000E+04,  2.774768E-05,  0.000000E+00,  5.467500E+03,  9.324400E-01
  2.965000E+04,  2.738385E-05,  0.000000E+00,  5.470000E+03,  9.332800E-01
  2.975000E+04,  2.702619E-05,  0.000000E+00,  5.472500E+03,  9.338100E-01
  2.985000E+04,  2.667437E-05,  0.000000E+00,  5.475000E+03,  9.341200E-01
  2.995000E+04,  2.632830E-05,  0.000000E+00,  5.477500E+03,  9.343200E-01
  3.005000E+04,  2.598701E-05,  0.000000E+00,  5.480000E+03,  9.345300E-01
  3.015000E+04,  2.564999E-05,  0.000000E+00,  5.482500E+03,  9.347600E-01
  3.025000E+04,  2.524494E-05,  0.000000E+00,  5.485000E+03,  9.349600E-01
  3.035000E+04,  2.408992E-05,  0.000000E+00,  5.487500E+03,  9.349600E-01
  3.045000E+04,  2.412916E-05,  0.000000E+00,  5.490000E+03,  9.346200E-01
  3.055000E+04,  2.430887E-05,  0.000000E+00,  5.492500E+03,  9.339200E-01
  3.065000E+04,  2.405518E-05,  0.000000E+00,  5.495000E+03,  9.329000E-01
  3.075000E+04,  2.374888E-05,  0.000000E+00,  5.497500E+03,  9.316300E-01
  3.085000E+04,  2.343636E-05,  0.000000E+00,  5.500000E+03,  9.301700E-01
  3.095000E+04,  2.315661E-05,  0.000000E+00,  5.502500E+03,  9.286000E-01
  3.105000E+04,  2.286648E-05,  0.000000E+00,  5.505000E+03,  9.269500E-01
  3.115000E+04,  2.258066E-05,  0.000000E+00,  5.507500E+03,  9.252100E-01
  3.125000E+04,  2.229854E-05,  0.000000E+00,  5.510000E+03,  9.233400E-01
  3.135000E+04,  2.202289E-05,  0.000000E+00,  5.512500E+03,  9.213800E-01
  3.145000E+04,  2.175009E-05,  0.000000E+00,  5.515000E+03,  9.194000E-01
  3.155000E+04,  2.148195E-05,  0.000000E+00,  5.517500E+03,  9.175500E-01
  3.165000E+04,  2.121652E-05,  0.000000E+00,  5.520000E+03,  9.159900E-01
  3.175000E+04,  2.095734E-05,  0.000000E+00,  5.522500E+03,  9.147400E-01
  3.185000E+04,  2.070144E-05,  0.000000E+00,  5.525000E+03,  9.138200E-01
  3.195000E+04,  2.044879E-05,  0.000000E+00,  5.527500E+03,  9.131000E-01
  3.210000E+04,  2.007772E-05,  0.000000E+00,  5.530000E+03,  9.124300E-01
  3.230000E+04,  1.959567E-05,  0.000000E+00,  5.532500E+03,  9.116900E-01
  3.250000E+04,  1.912785E-05,  0.000000E+00,  5.535000E+03,  9.109900E-01
  3.270000E+04,  1.866611E-05,  0.000000E+00,  5.537500E+03,  9.104700E-01
  3.290000E+04,  1.768460E-05,  0.000000E+00,  5.540000E+03,  9.101400E-01
  3.310000E+04,  1.766144E-05,  0.000000E+00,  5.542500E+03,  9.100100E-01
  3.330000E+04,  1.736549E-05,  0.000000E+00,  5.545000E+03,  9.100700E-01
  3.350000E+04,  1.697102E-05,  0.000000E+00,  5.547500E+03,  9.102400E-01
  3.370000E+04,  1.658116E-05,  0.000000E+00,  5.550000E+03,  9.104300E-01
  3.390000E+04,  1.620263E-05,  0.000000E+00,  5.552500E+03,  9.105300E-01
  3.410000E+04,  1.583446E-05,  0.000000E+00,  5.555000E+03,  9.106100E-01
  3.430000E+04,  1.547620E-05,  0.000000E+00,  5.557500E+03,  9.107300E-01
  3.450000E+04,  1.512864E-05,  0.000000E+00,  5.560000E+03,  9.109400E-01
  3.470000E+04,  1.478965E-05,  0.000000E+00,  5.562500E+03,  9.112500E-01
  3.490000E+04,  1.446029E-05,  0.000000E+00,  5.565000E+03,  9.116000E-01
  3.510000E+04,  1.414117E-05,  0.000000E+00,  5.567500E+03,  9.118800E-01
  3.530000E+04,  1.382963E-05,  0.000000E+00,  5.570000E+03,  9.120600E-01
  3.550000E+04,  1.352671E-05,  0.000000E+00,  5.572500E+03,  9.121500E-01
  3.570000E+04,  1.323116E-05,  0.000000E+00,  5.575000E+03,  9.120600E-01
  3.590000E+04,  1.294673E-05,  0.000000E+00,  5.577500E+03,  9.117400E-01
  3.610000E+04,  1.266393E-05,  0.000000E+00,  5.580000E+03,  9.111300E-01
  3.630000E+04,  1.239683E-05,  0.000000E+00,  5.582500E+03,  9.102100E-01
  3.650000E+04,  1.212536E-05,  0.000000E+00,  5.585000E+03,  9.090200E-01
  3.670000E+04,  1.187680E-05,  0.000000E+00,  5.587500E+03,  9.076000E-01
  3.690000E+04,  1.160964E-05,  0.000000E+00,  5.590000E+03,  9.061000E-01
  3.710000E+04,  1.136782E-05,  0.000000E+00,  5.592500E+03,  9.046200E-01
  3.730000E+04,  1.098587E-05,  0.000000E+00,  5.595000E+03,  9.031100E-01
  3.750000E+04,  1.067058E-05,  0.000000E+00,  5.597500E+03,  9.014600E-01
  3.770000E+04,  1.068386E-05,  0.000000E+00,  5.600000E+03,  8.996800E-01
  3.790000E+04,  1.047251E-05,  0.000000E+00,  5.602500E+03,  8.977700E-01
  3.810000E+04,  1.023030E-05,  0.000000E+00,  5.605000E+03,  8.957800E-01
  3.830000E+04,  1.002716E-05,  0.000000E+00,  5.607500E+03,  8.938000E-01
  3.850000E+04,  9.864796E-06,  0.000000E+00,  5.610000E+03,  8.919100E-01
  3.870000E+04,  9.668093E-06,  0.000000E+00,  5.612500E+03,  8.901900E-01
  3.890000E+04,  9.448434E-06,  0.000000E+00,  5.615000E+03,  8.886300E-01
  3.910000E+04,  9.200355E-06,  0.000000E+00,  5.617500E+03,  8.871600E-01
  3.930000E+04,  9.090117E-06,  0.000000E+00,  5.620000E+03,  8.857200E-01
  3.950000E+04,  8.917471E-06,  0.000000E+00,  5.622500E+03,  8.843000E-01
  3.970000E+04,  8.744989E-06,  0.000000E+00,  5.625000E+03,  8.829300E-01
  3.990000E+04,  8.573244E-06,  0.000000E+00,  5.627500E+03,  8.817700E-01
  4.010000E+04,  8.344175E-06,  0.000000E+00,  5.630000E+03,  8.808600E-01
  4.030000E+04,  8.149189E-06,  0.000000E+00,  5.632500E+03,  8.801700E-01
  4.050000E+04,  7.861707E-06,  0.000000E+00,  5.635000E+03,  8.797300E-01
  4.070000E+04,  7.917130E-06,  0.000000E+00,  5.637500E+03,  8.795800E-01
  4.090000E+04,  7.778283E-06,  0.000000E+00,  5.640000E+03,  8.797000E-01
  4.110000E+04,  7.630277E-06,  0.000000E+00,  5.642500E+03,  8.800400E-01
  4.130000E+04,  7.482721E-06,  0.000000E+00,  5.645000E+03,  8.806100E-01
  4.150000E+04,  7.331552E-06,  0.000000E+00,  5.647500E+03,  8.813800E-01
  4.170000E+04,  7.064041E-06,  0.000000E+00,  5.650000E+03,  8.822500E-01
  4.190000E+04,  7.055525E-06,  0.000000E+00,  5.652500E+03,  8.830700E-01
  4.210000E+04,  6.941021E-06,  0.000000E+00,  5.655000E+03,  8.839300E-01
  4.230000E+04,  6.812655E-06,  0.000000E+00,  5.657500E+03,  8.849600E-01
  4.250000E+04,  6.685868E-06,  0.000000E+00,  5.660000E+03,  8.862600E-01
  4.270000E+04,  6.564615E-06,  0.000000E+00,  5.662500E+03,  8.878400E-01
  4.290000E+04,  6.439069E-06,  0.000000E+00,  5.665000E+03,  8.896000E-01
  4.310000E+04,  6.327704E-06,  0.000000E+00,  5.667500E+03,  8.912900E-01
  4.330000E+04,  6.213395E-06,  0.000000E+00,  5.670000E+03,  8.926700E-01
  4.350000E+04,  6.096607E-06,  0.000000E+00,  5.672500E+03,  8.935500E-01
  4.370000E+04,  5.862678E-06,  0.000000E+00,  5.675000E+03,  8.940700E-01
  4.390000E+04,  5.841090E-06,  0.000000E+00,  5.677500E+03,  8.944400E-01
  4.410000E+04,  5.780571E-06,  0.000000E+00,  5.680000E+03,  8.948400E-01
  4.430000E+04,  5.678416E-06,  0.000000E+00,  5.682500E+03,  8.953400E-01
  4.450000E+04,  5.578412E-06,  0.000000E+00,  5.685000E+03,  8.959100E-01
  4.470000E+04,  5.489087E-06,  0.000000E+00,  5.687500E+03,  8.963900E-01
  4.490000E+04,  5.393228E-06,  0.000000E+00,  5.690000E+03,  8.967000E-01
  4.510000E+04,  5.299515E-06,  0.000000E+00,  5.692500E+03,  8.968600E-01
  4.530000E+04,  5.206545E-06,  0.000000E+00,  5.695000E+03,  8.968600E-01
  4.550000E+04,  5.117574E-06,  0.000000E+00,  5.697500E+03,  8.967400E-01
  4.570000E+04,  5.029808E-06,  0.000000E+00,  5.700000E+03,  8.965300E-01
  4.590000E+04,  4.944119E-06,  0.000000E+00,  5.702500E+03,  8.962700E-01
  4.610000E+04,  4.852914E-06,  0.000000E+00,  5.705000E+03,  8.959500E-01
  4.630000E+04,  4.760677E-06,  0.000000E+00,  5.707500E+03,  8.956000E-01
  4.650000E+04,  4.531208E-06,  0.000000E+00,  5.710000E+03,  8.952000E-01
  4.670000E+04,  4.471779E-06,  0.000000E+00,  5.712500E+03,  8.948000E-01
  4.690000E+04,  4.510388E-06,  0.000000E+00,  5.715000E+03,  8.944100E-01
  4.710000E+04,  4.456736E-06,  0.000000E+00,  5.717500E+03,  8.940800E-01
  4.730000E+04,  4.391251E-06,  0.000000E+00,  5.720000E+03,  8.939100E-01
  4.750000E+04,  4.317386E-06,  0.000000E+00,  5.722500E+03,  8.939100E-01
  4.770000E+04,  4.247168E-06,  0.000000E+00,  5.725000E+03,  8.940500E-01
  4.790000E+04,  4.177835E-06,  0.000000E+00,  5.727500E+03,  8.942500E-01
  4.810000E+04,  4.109617E-06,  0.000000E+00,  5.730000E+03,  8.943900E-01
  4.830000E+04,  4.042866E-06,  0.000000E+00,  5.732500E+03,  8.943600E-01
  4.850000E+04,  3.977320E-06,  0.000000E+00,  5.735000E+03,  8.942700E-01
  4.870000E+04,  3.913244E-06,  0.000000E+00,  5.737500E+03,  8.942500E-01
  4.890000E+04,  3.850338E-06,  0.000000E+00,  5.740000E+03,  8.943700E-01
  4.910000E+04,  3.788713E-06,  0.000000E+00,  5.742500E+03,  8.947000E-01
  4.930000E+04,  3.728345E-06,  0.000000E+00,  5.745000E+03,  8.951800E-01
  4.950000E+04,  3.669150E-06,  0.000000E+00,  5.747500E+03,  8.957000E-01
  4.970000E+04,  3.611105E-06,  0.000000E+00,  5.750000E+03,  8.961900E-01
  4.990000E+04,  3.554235E-06,  0.000000E+00,  5.752500E+03,  8.965800E-01
  5.010000E+04,  3.498224E-06,  0.000000E+00,  5.755000E+03,  8.969000E-01
  5.030000E+04,  3.443467E-06,  0.000000E+00,  5.757500E+03,  8.971600E-01
  5.050000E+04,  3.390167E-06,  0.000000E+00,  5.760000E+03,  8.973300E-01
  5.070000E+04,  3.337564E-06,  0.000000E+00,  5.762500E+03,  8.974300E-01
  5.090000E+04,  3.279462E-06,  0.000000E+00,  5.765000E+03,  8.974600E-01
  5.110000E+04,  3.217893E-06,  0.000000E+00,  5.767500E+03,  8.974000E-01
  5.130000E+04,  3.079912E-06,  0.000000E+00,  5.770000E+03,  8.973000E-01
  5.150000E+04,  3.123946E-06,  0.000000E+00,  5.772500E+03,  8.972200E-01
  5.170000E+04,  3.081670E-06,  0.000000E+00,  5.775000E+03,  8.971100E-01
  5.190000E+04,  3.042519E-06,  0.000000E+00,  5.777500E+03,  8.968800E-01
  5.210000E+04,  2.996637E-06,  0.000000E+00,  5.780000E+03,  8.965300E-01
  5.230000E+04,  2.951506E-06,  0.000000E+00,  5.782500E+03,  8.960500E-01
  5.250000E+04,  2.905117E-06,  0.000000E+00,  5.785000E+03,  8.954500E-01
  5.270000E+04,  2.858230E-06,  0.000000E+00,  5.787500E+03,  8.947300E-01
  5.290000E+04,  2.821284E-06,  0.000000E+00,  5.790000E+03,  8.939100E-01
  5.310000E+04,  2.779501E-06,  0.000000E+00,  5.792500E+03,  8.930300E-01
  5.330000E+04,  2.738402E-06,  0.000000E+00,  5.795000E+03,  8.920900E-01
  5.350000E+04,  2.698118E-06,  0.000000E+00,  5.797500E+03,  8.911500E-01
  5.370000E+04,  2.652485E-06,  0.000000E+00,  5.800000E+03,  8.902500E-01
  5.390000E+04,  2.613789E-06,  0.000000E+00,  5.802500E+03,  8.894400E-01
  5.410000E+04,  2.581551E-06,  0.000000E+00,  5.805000E+03,  8.887300E-01
  5.430000E+04,  2.544106E-06,  0.000000E+00,  5.807500E+03,  8.881200E-01
  5.450000E+04,  2.507375E-06,  0.000000E+00,  5.810000E+03,  8.875300E-01
  5.470000E+04,  2.471288E-06,  0.000000E+00,  5.812500E+03,  8.868900E-01
  5.490000E+04,  2.435780E-06,  0.000000E+00,  5.815000E+03,  8.863300E-01
  5.510000E+04,  2.396424E-06,  0.000000E+00,  5.817500E+03,  8.859700E-01
  5.530000E+04,  2.354988E-06,  0.000000E+00,  5.820000E+03,  8.858900E-01
  5.550000E+04,  2.332515E-06,  0.000000E+00,  5.822500E+03,  8.861200E-01
  5.570000E+04,  2.300156E-06,  0.000000E+00,  5.825000E+03,  8.866400E-01
  5.590000E+04,  2.267703E-06,  0.000000E+00,  5.827500E+03,  8.873500E-01
  5.610000E+04,  2.235832E-06,  0.000000E+00,  5.830000E+03,  8.881300E-01
  5.630000E+04,  2.204564E-06,  0.000000E+00,  5.832500E+03,  8.888600E-01
  5.650000E+04,  2.173847E-06,  0.000000E+00,  5.835000E+03,  8.896100E-01
  5.670000E+04,  2.143588E-06,  0.000000E+00,  5.837500E+03,  8.904600E-01
  5.690000E+04,  2.111161E-06,  0.000000E+00,  5.840000E+03,  8.914000E-01
  5.710000E+04,  2.067107E-06,  0.000000E+00,  5.842500E+03,  8.924000E-01
  5.730000E+04,  2.051914E-06,  0.000000E+00,  5.845000E+03,  8.934500E-01
  5.750000E+04,  2.027803E-06,  0.000000E+00,  5.847500E+03,  8.945400E-01
  5.770000E+04,  2.000082E-06,  0.000000E+00,  5.850000E+03,  8.956200E-01
  5.790000E+04,  1.972813E-06,  0.000000E+00,  5.852500E+03,  8.966200E-01
  5.810000E+04,  1.946079E-06,  0.000000E+00,  5.855000E+03,  8.975900E-01
  5.830000E+04,  1.919697E-06,  0.000000E+00,  5.857500E+03,  8.985800E-01
  5.850000E+04,  1.895530E-06,  0.000000E+00,  5.860000E+03,  8.996400E-01
  5.870000E+04,  1.867796E-06,  0.000000E+00,  5.862500E+03,  9.007900E-01
  5.890000E+04,  1.833314E-06,  0.000000E+00,  5.865000E+03,  9.019700E-01
  5.910000E+04,  1.752896E-06,  0.000000E+00,  5.867500E+03,  9.030900E-01
  5.930000E+04,  1.786178E-06,  0.000000E+00,  5.870000E+03,  9.040900E-01
  5.950000E+04,  1.748981E-06,  0.000000E+00,  5.872500E+03,  9.049400E-01
  5.970000E+04,  1.736477E-06,  0.000000E+00,  5.875000E+03,  9.056100E-01
  5.990000E+04,  1.723483E-06,  0.000000E+00,  5.877500E+03,  9.061000E-01
  6.010000E+04,  1.703155E-06,  0.000000E+00,  5.880000E+03,  9.064100E-01
  6.030000E+04,  1.680875E-06,  0.000000E+00,  5.882500E+03,  9.065400E-01
  6.050000E+04,  1.658970E-06,  0.000000E+00,  5.885000E+03,  9.065000E-01
  6.070000E+04,  1.637340E-06,  0.000000E+00,  5.887500E+03,  9.062700E-01
  6.090000E+04,  1.616144E-06,  0.000000E+00,  5.890000E+03,  9.059400E-01
  6.110000E+04,  1.595257E-06,  0.000000E+00,  5.892500E+03,  9.056200E-01
  6.130000E+04,  1.574718E-06,  0.000000E+00,  5.895000E+03,  9.051900E-01
  6.150000E+04,  1.554479E-06,  0.000000E+00,  5.897500E+03,  9.045900E-01
  6.170000E+04,  1.534576E-06,  0.000000E+00,  5.900000E+03,  9.037800E-01
  6.190000E+04,  1.514992E-06,  0.000000E+00,  5.902500E+03,  9.027800E-01
  6.210000E+04,  1.495744E-06,  0.000000E+00,  5.905000E+03,  9.015800E-01
  6.230000E+04,  1.476734E-06,  0.000000E+00,  5.907500E+03,  9.002200E-01
  6.250000E+04,  1.457759E-06,  0.000000E+00,  5.910000E+03,  8.987100E-01
  6.270000E+04,  1.433721E-06,  0.000000E+00,  5.912500E+03,  8.970300E-01
  6.290000E+04,  1.390677E-06,  0.000000E+00,  5.915000E+03,  8.952500E-01
  6.310000E+04,  1.395718E-06,  0.000000E+00,  5.917500E+03,  8.935200E-01
  6.330000E+04,  1.385261E-06,  0.000000E+00,  5.920000E+03,  8.919800E-01
  6.350000E+04,  1.368996E-06,  0.000000E+00,  5.922500E+03,  8.907000E-01
  6.370000E+04,  1.352034E-06,  0.000000E+00,  5.925000E+03,  8.896600E-01
  6.390000E+04,  1.335312E-06,  0.000000E+00,  5.927500E+03,  8.887400E-01
  6.420000E+04,  1.310716E-06,  0.000000E+00,  5.930000E+03,  8.878400E-01
  6.460000E+04,  1.278764E-06,  0.000000E+00,  5.932500E+03,  8.868900E-01
  6.500000E+04,  1.247813E-06,  0.000000E+00,  5.935000E+03,  8.859700E-01
  6.540000E+04,  1.217770E-06,  0.000000E+00,  5.937500E+03,  8.850800E-01
  6.580000E+04,  1.188632E-06,  0.000000E+00,  5.940000E+03,  8.842300E-01
  6.620000E+04,  1.160258E-06,  0.000000E+00,  5.942500E+03,  8.833900E-01
  6.660000E+04,  1.132904E-06,  0.000000E+00,  5.945000E+03,  8.825800E-01
  6.700000E+04,  1.106254E-06,  0.000000E+00,  5.947500E+03,  8.818400E-01
  6.740000E+04,  1.077381E-06,  0.000000E+00,  5.950000E+03,  8.812500E-01
  6.780000E+04,  1.037114E-06,  0.000000E+00,  5.952500E+03,  8.808900E-01
  6.820000E+04,  1.030126E-06,  0.000000E+00,  5.955000E+03,  8.806500E-01
  6.860000E+04,  1.007131E-06,  0.000000E+00,  5.957500E+03,  8.804100E-01
  6.900000E+04,  9.842013E-07,  0.000000E+00,  5.960000E+03,  8.800100E-01
  6.940000E+04,  9.617540E-07,  0.000000E+00,  5.962500E+03,  8.794200E-01
  6.980000E+04,  9.401111E-07,  0.000000E+00,  5.965000E+03,  8.786900E-01
  7.020000E+04,  9.189987E-07,  0.000000E+00,  5.967500E+03,  8.779500E-01
  7.060000E+04,  8.984427E-07,  0.000000E+00,  5.970000E+03,  8.773700E-01
  7.100000E+04,  8.784635E-07,  0.000000E+00,  5.972500E+03,  8.770900E-01
  7.140000E+04,  8.590116E-07,  0.000000E+00,  5.975000E+03,  8.769800E-01
  7.180000E+04,  8.402024E-07,  0.000000E+00,  5.977500E+03,  8.769200E-01
  7.220000E+04,  8.218194E-07,  0.000000E+00,  5.980000E+03,  8.768500E-01
  7.260000E+04,  8.033533E-07,  0.000000E+00,  5.982500E+03,  8.767700E-01
  7.300000E+04,  7.865620E-07,  0.000000E+00,  5.985000E+03,  8.766500E-01
  7.340000E+04,  7.696570E-07,  0.000000E+00,  5.987500E+03,  8.766300E-01
  7.380000E+04,  7.531879E-07,  0.000000E+00,  5.990000E+03,  8.767100E-01
  7.420000E+04,  7.354990E-07,  0.000000E+00,  5.992500E+03,  8.769200E-01
  7.460000E+04,  7.037725E-07,  0.000000E+00,  5.995000E+03,  8.773700E-01
  7.500000E+04,  6.815039E-07,  0.000000E+00,  5.997500E+03,  8.780100E-01
  7.540000E+04,  6.881495E-07,  0.000000E+00,  6.000000E+03,  8.785200E-01
  7.580000E+04,  6.771912E-07,  0.000000E+00,  6.002500E+03,  8.786200E-01
  7.620000E+04,  6.631611E-07,  0.000000E+00,  6.005000E+03,  8.782900E-01
  7.660000E+04,  6.495078E-07,  0.000000E+00,  6.007500E+03,  8.779200E-01
  7.700000E+04,  6.361882E-07,  0.000000E+00,  6.010000E+03,  8.775000E-01
  7.740000E+04,  6.230216E-07,  0.000000E+00,  6.012500E+03,  8.767800E-01
  7.780000E+04,  6.079413E-07,  0.000000E+00,  6.015000E+03,  8.759200E-01
  7.820000E+04,  5.980156E-07,  0.000000E+00,  6.017500E+03,  8.750700E-01
  7.860000E+04,  5.861519E-07,  0.000000E+00,  6.020000E+03,  8.743100E-01
  7.900000E+04,  5.744409E-07,  0.000000E+00,  6.022500E+03,  8.736800E-01
  7.940000E+04,  5.629966E-07,  0.000000E+00,  6.025000E+03,  8.732300E-01
  7.980000E+04,  5.518554E-07,  0.000000E+00,  6.027500E+03,  8.729100E-01
  8.020000E+04,  5.409730E-07,  0.000000E+00,  6.030000E+03,  8.727600E-01
  8.060000E+04,  5.303551E-07,  0.000000E+00,  6.032500E+03,  8.727900E-01
  8.100000E+04,  5.200032E-07,  0.000000E+00,  6.035000E+03,  8.729800E-01
  8.140000E+04,  5.071974E-07,  0.000000E+00,  6.037500E+03,  8.732600E-01
  8.180000E+04,  4.987366E-07,  0.000000E+00,  6.040000E+03,  8.735200E-01
  8.220000E+04,  4.904327E-07,  0.000000E+00,  6.042500E+03,  8.737000E-01
  8.260000E+04,  4.810336E-07,  0.000000E+00,  6.045000E+03,  8.738300E-01
  8.300000E+04,  4.718720E-07,  0.000000E+00,  6.047500E+03,  8.740300E-01
  8.340000E+04,  4.629231E-07,  0.000000E+00,  6.050000E+03,  8.743700E-01
  8.380000E+04,  4.541740E-07,  0.000000E+00,  6.052500E+03,  8.748800E-01
  8.420000E+04,  4.456295E-07,  0.000000E+00,  6.055000E+03,  8.755200E-01
  8.460000E+04,  4.372995E-07,  0.000000E+00,  6.057500E+03,  8.762300E-01
  8.500000E+04,  4.291629E-07,  0.000000E+00,  6.060000E+03,  8.768900E-01
  8.540000E+04,  4.212116E-07,  0.000000E+00,  6.062500E+03,  8.774700E-01
  8.580000E+04,  4.134240E-07,  0.000000E+00,  6.065000E+03,  8.780000E-01
  8.620000E+04,  4.054987E-07,  0.000000E+00,  6.067500E+03,  8.786000E-01
  8.660000E+04,  3.940958E-07,  0.000000E+00,  6.070000E+03,  8.793600E-01
  8.700000E+04,  3.900370E-07,  0.000000E+00,  6.072500E+03,  8.803600E-01
  8.740000E+04,  3.785683E-07,  0.000000E+00,  6.075000E+03,  8.815000E-01
  8.780000E+04,  3.717790E-07,  0.000000E+00,  6.077500E+03,  8.826600E-01
  8.820000E+04,  3.703612E-07,  0.000000E+00,  6.080000E+03,  8.837600E-01
  8.860000E+04,  3.637342E-07,  0.000000E+00,  6.082500E+03,  8.847500E-01
  8.900000E+04,  3.572813E-07,  0.000000E+00,  6.085000E+03,  8.856100E-01
  8.940000E+04,  3.509411E-07,  0.000000E+00,  6.087500E+03,  8.863900E-01
  8.980000E+04,  3.447523E-07,  0.000000E+00,  6.090000E+03,  8.870700E-01
  9.020000E+04,  3.387082E-07,  0.000000E+00,  6.092500E+03,  8.876500E-01
  9.060000E+04,  3.327685E-07,  0.000000E+00,  6.095000E+03,  8.881400E-01
  9.100000E+04,  3.269704E-07,  0.000000E+00,  6.097500E+03,  8.886000E-01
  9.140000E+04,  3.212990E-07,  0.000000E+00,  6.100000E+03,  8.891800E-01
  9.180000E+04,  3.157451E-07,  0.000000E+00,  6.102500E+03,  8.898900E-01
  9.220000E+04,  3.103266E-07,  0.000000E+00,  6.105000E+03,  8.906900E-01
  9.260000E+04,  3.050037E-07,  0.000000E+00,  6.107500E+03,  8.914100E-01
  9.300000E+04,  2.998088E-07,  0.000000E+00,  6.110000E+03,  8.919100E-01
  9.340000E+04,  2.944461E-07,  0.000000E+00,  6.112500E+03,  8.920700E-01
  9.380000E+04,  2.853233E-07,  0.000000E+00,  6.115000E+03,  8.919900E-01
  9.420000E+04,  2.833241E-07,  0.000000E+00,  6.117500E+03,  8.918300E-01
  9.460000E+04,  2.800768E-07,  0.000000E+00,  6.120000E+03,  8.917100E-01
  9.500000E+04,  2.753995E-07,  0.000000E+00,  6.122500E+03,  8.916900E-01
  9.540000E+04,  2.708194E-07,  0.000000E+00,  6.125000E+03,  8.917400E-01
  9.580000E+04,  2.663371E-07,  0.000000E+00,  6.127500E+03,  8.917300E-01
  9.620000E+04,  2.619446E-07,  0.000000E+00,  6.130000E+03,  8.915400E-01
  9.660000E+04,  2.576425E-07,  0.000000E+00,  6.132500E+03,  8.911100E-01
  9.700000E+04,  2.534252E-07,  0.000000E+00,  6.135000E+03,  8.905100E-01
  9.740000E+04,  2.492975E-07,  0.000000E+00,  6.137500E+03,  8.898600E-01
  9.780000E+04,  2.452509E-07,  0.000000E+00,  6.140000E+03,  8.893100E-01
  9.820000E+04,  2.412749E-07,  0.000000E+00,  6.142500E+03,  8.888800E-01
  9.860000E+04,  2.372242E-07,  0.000000E+00,  6.145000E+03,  8.885400E-01
  9.900000E+04,  2.335922E-07,  0.000000E+00,  6.147500E+03,  8.881300E-01
  9.940000E+04,  2.298625E-07,  0.000000E+00,  6.150000E+03,  8.875300E-01
  9.980000E+04,  2.262057E-07,  0.000000E+00,  6.152500E+03,  8.867000E-01
  1.002000E+05,  2.226218E-07,  0.000000E+00,  6.155000E+03,  8.856900E-01
  2.000000E+05,  1.394262E-08,  0.000000E+00,  6.157500E+03,  8.845400E-01
  4.000000E+05,  8.565797E-10,  0.000000E+00,  6.160000E+03,  8.833600E-01
  6.000000E+05,  1.672659E-10,  0.000000E+00,  6.162500E+03,  8.821600E-01
  8.000000E+05,  5.251145E-11,  0.000000E+00,  6.165000E+03,  8.809500E-01
  1.000000E+06,  2.138622E-11,  0.000000E+00,  6.167500E+03,  8.796900E-01
  1.200000E+06,  1.026756E-11,  0.000000E+00,  6.170000E+03,  8.783300E-01
  1.400000E+06,  5.521624E-12,  0.000000E+00,  6.172500E+03,  8.768800E-01
  1.600000E+06,  3.226411E-12,  0.000000E+00,  6.175000E+03,  8.754000E-01
  0.000000E+00,  0.000000E+00,  0.000000E+00,  6.177500E+03,  8.739100E-01
  0.000000E+00,  0.000000E+00,  0.000000E+00,  6.180000E+03,  8.724600E-01
  0.000000E+00,  0.000000E+00,  0.000000E+00,  6.182500E+03,  8.710700E-01
  0.000000E+00,  0.000000E+00,  0.000000E+00,  6.185000E+03,  8.697700E-01
  0.000000E+00,  0.000000E+00,  0.000000E+00,  6.187500E+03,  8.685600E-01
  0.000000E+00,  0.000000E+00,  0.000000E+00,  6.190000E+03,  8.674300E-01
  0.000000E+00,  0.000000E+00,  0.000000E+00,  6.192500E+03,  8.664000E-01
  0.000000E+00,  0.000000E+00,  0.000000E+00,  6.195000E+03,  8.654800E-01
  0.000000E+00,  0.000000E+00,  0.000000E+00,  6.197500E+03,  8.646200E-01
  0.000000E+00,  0.000000E+00,  0.000000E+00,  6.200000E+03,  8.637200E-01
  0.000000E+00,  0.000000E+00,  0.000000E+00,  6.202500E+03,  8.627500E-01
  0.000000E+00,  0.000000E+00,  0.000000E+00,  6.205000E+03,  8.617600E-01
  0.000000E+00,  0.000000E+00,  0.000000E+00,  6.207500E+03,  8.609100E-01
  0.000000E+00,  0.000000E+00,  0.000000E+00,  6.210000E+03,  8.603000E-01
  0.000000E+00,  0.000000E+00,  0.000000E+00,  6.212500E+03,  8.600400E-01
  0.000000E+00,  0.000000E+00,  0.000000E+00,  6.215000E+03,  8.600100E-01
  0.000000E+00,  0.000000E+00,  0.000000E+00,  6.217500E+03,  8.600800E-01
  0.000000E+00,  0.000000E+00,  0.000000E+00,  6.220000E+03,  8.601000E-01
  0.000000E+00,  0.000000E+00,  0.000000E+00,  6.222500E+03,  8.600100E-01
  0.000000E+00,  0.000000E+00,  0.000000E+00,  6.225000E+03,  8.598000E-01
  0.000000E+00,  0.000000E+00,  0.000000E+00,  6.227500E+03,  8.596300E-01
  0.000000E+00,  0.000000E+00,  0.000000E+00,  6.230000E+03,  8.595000E-01
  0.000000E+00,  0.000000E+00,  0.000000E+00,  6.232500E+03,  8.593700E-01
  0.000000E+00,  0.000000E+00,  0.000000E+00,  6.235000E+03,  8.592900E-01
  0.000000E+00,  0.000000E+00,  0.000000E+00,  6.237500E+03,  8.593700E-01
  0.000000E+00,  0.000000E+00,  0.000000E+00,  6.240000E+03,  8.596800E-01
  0.000000E+00,  0.000000E+00,  0.000000E+00,  6.242500E+03,  8.602600E-01
  0.000000E+00,  0.000000E+00,  0.000000E+00,  6.245000E+03,  8.610600E-01
  0.000000E+00,  0.000000E+00,  0.000000E+00,  6.247500E+03,  8.620000E-01
  0.000000E+00,  0.000000E+00,  0.000000E+00,  6.250000E+03,  8.629400E-01
  0.000000E+00,  0.000000E+00,  0.000000E+00,  6.252500E+03,  8.637400E-01
  0.000000E+00,  0.000000E+00,  0.000000E+00,  6.255000E+03,  8.644900E-01
  0.000000E+00,  0.000000E+00,  0.000000E+00,  6.257500E+03,  8.653200E-01
  0.000000E+00,  0.000000E+00,  0.000000E+00,  6.260000E+03,  8.662300E-01
  0.000000E+00,  0.000000E+00,  0.000000E+00,  6.262500E+03,  8.672400E-01
  0.000000E+00,  0.000000E+00,  0.000000E+00,  6.265000E+03,  8.683200E-01
  0.000000E+00,  0.000000E+00,  0.000000E+00,  6.267500E+03,  8.693900E-01
  0.000000E+00,  0.000000E+00,  0.000000E+00,  6.270000E+03,  8.703400E-01
  0.000000E+00,  0.000000E+00,  0.000000E+00,  6.272500E+03,  8.711300E-01
  0.000000E+00,  0.000000E+00,  0.000000E+00,  6.275000E+03,  8.717800E-01
  0.000000E+00,  0.000000E+00,  0.000000E+00,  6.277500E+03,  8.723800E-01
  0.000000E+00,  0.000000E+00,  0.000000E+00,  6.280000E+03,  8.729700E-01
  0.000000E+00,  0.000000E+00,  0.000000E+00,  6.282500E+03,  8.735900E-01
  0.000000E+00,  0.000000E+00,  0.000000E+00,  6.285000E+03,  8.742000E-01
  0.000000E+00,  0.000000E+00,  0.000000E+00,  6.287500E+03,  8.747400E-01
  0.000000E+00,  0.000000E+00,  0.000000E+00,  6.290000E+03,  8.751100E-01
  0.000000E+00,  0.000000E+00,  0.000000E+00,  6.292500E+03,  8.752400E-01
  0.000000E+00,  0.000000E+00,  0.000000E+00,  6.295000E+03,  8.752200E-01
  0.000000E+00,  0.000000E+00,  0.000000E+00,  6.297500E+03,  8.751900E-01
  0.000000E+00,  0.000000E+00,  0.000000E+00,  6.300000E+03,  8.752700E-01
  0.000000E+00,  0.000000E+00,  0.000000E+00,  6.302500E+03,  8.755300E-01
  0.000000E+00,  0.000000E+00,  0.000000E+00,  6.305000E+03,  8.759200E-01
  0.000000E+00,  0.000000E+00,  0.000000E+00,  6.307500E+03,  8.762800E-01
  0.000000E+00,  0.000000E+00,  0.000000E+00,  6.310000E+03,  8.764700E-01
  0.000000E+00,  0.000000E+00,  0.000000E+00,  6.312500E+03,  8.764300E-01
  0.000000E+00,  0.000000E+00,  0.000000E+00,  6.315000E+03,  8.762000E-01
  0.000000E+00,  0.000000E+00,  0.000000E+00,  6.317500E+03,  8.759200E-01
  0.000000E+00,  0.000000E+00,  0.000000E+00,  6.320000E+03,  8.756400E-01
  0.000000E+00,  0.000000E+00,  0.000000E+00,  6.322500E+03,  8.754300E-01
  0.000000E+00,  0.000000E+00,  0.000000E+00,  6.325000E+03,  8.752400E-01
  0.000000E+00,  0.000000E+00,  0.000000E+00,  6.327500E+03,  8.749700E-01
  0.000000E+00,  0.000000E+00,  0.000000E+00,  6.330000E+03,  8.745800E-01
  0.000000E+00,  0.000000E+00,  0.000000E+00,  6.332500E+03,  8.740300E-01
  0.000000E+00,  0.000000E+00,  0.000000E+00,  6.335000E+03,  8.733700E-01
  0.000000E+00,  0.000000E+00,  0.000000E+00,  6.337500E+03,  8.725900E-01
  0.000000E+00,  0.000000E+00,  0.000000E+00,  6.340000E+03,  8.717200E-01
  0.000000E+00,  0.000000E+00,  0.000000E+00,  6.342500E+03,  8.707600E-01
  0.000000E+00,  0.000000E+00,  0.000000E+00,  6.345000E+03,  8.697500E-01
  0.000000E+00,  0.000000E+00,  0.000000E+00,  6.347500E+03,  8.687200E-01
  0.000000E+00,  0.000000E+00,  0.000000E+00,  6.350000E+03,  8.677300E-01
  0.000000E+00,  0.000000E+00,  0.000000E+00,  6.352500E+03,  8.668500E-01
  0.000000E+00,  0.000000E+00,  0.000000E+00,  6.355000E+03,  8.660300E-01
  0.000000E+00,  0.000000E+00,  0.000000E+00,  6.357500E+03,  8.651900E-01
  0.000000E+00,  0.000000E+00,  0.000000E+00,  6.360000E+03,  8.642600E-01
  0.000000E+00,  0.000000E+00,  0.000000E+00,  6.362500E+03,  8.632300E-01
  0.000000E+00,  0.000000E+00,  0.000000E+00,  6.365000E+03,  8.620800E-01
  0.000000E+00,  0.000000E+00,  0.000000E+00,  6.367500E+03,  8.608800E-01
  0.000000E+00,  0.000000E+00,  0.000000E+00,  6.370000E+03,  8.596700E-01
  0.000000E+00,  0.000000E+00,  0.000000E+00,  6.372500E+03,  8.584800E-01
  0.000000E+00,  0.000000E+00,  0.000000E+00,  6.375000E+03,  8.572700E-01
  0.000000E+00,  0.000000E+00,  0.000000E+00,  6.377500E+03,  8.560000E-01
  0.000000E+00,  0.000000E+00,  0.000000E+00,  6.380000E+03,  8.546500E-01
  0.000000E+00,  0.000000E+00,  0.000000E+00,  6.382500E+03,  8.532100E-01
  0.000000E+00,  0.000000E+00,  0.000000E+00,  6.385000E+03,  8.516800E-01
  0.000000E+00,  0.000000E+00,  0.000000E+00,  6.387500E+03,  8.501100E-01
  0.000000E+00,  0.000000E+00,  0.000000E+00,  6.390000E+03,  8.485000E-01
  0.000000E+00,  0.000000E+00,  0.000000E+00,  6.392500E+03,  8.468600E-01
  0.000000E+00,  0.000000E+00,  0.000000E+00,  6.395000E+03,  8.452300E-01
  0.000000E+00,  0.000000E+00,  0.000000E+00,  6.397500E+03,  8.435800E-01
  0.000000E+00,  0.000000E+00,  0.000000E+00,  6.400000E+03,  8.418800E-01
  0.000000E+00,  0.000000E+00,  0.000000E+00,  6.402500E+03,  8.401500E-01
  0.000000E+00,  0.000000E+00,  0.000000E+00,  6.405000E+03,  8.384300E-01
  0.000000E+00,  0.000000E+00,  0.000000E+00,  6.407500E+03,  8.367800E-01
  0.000000E+00,  0.000000E+00,  0.000000E+00,  6.410000E+03,  8.352700E-01
  0.000000E+00,  0.000000E+00,  0.000000E+00,  6.412500E+03,  8.339900E-01
  0.000000E+00,  0.000000E+00,  0.000000E+00,  6.415000E+03,  8.328600E-01
  0.000000E+00,  0.000000E+00,  0.000000E+00,  6.417500E+03,  8.317700E-01
  0.000000E+00,  0.000000E+00,  0.000000E+00,  6.420000E+03,  8.305900E-01
  0.000000E+00,  0.000000E+00,  0.000000E+00,  6.422500E+03,  8.292800E-01
  0.000000E+00,  0.000000E+00,  0.000000E+00,  6.425000E+03,  8.278600E-01
  0.000000E+00,  0.000000E+00,  0.000000E+00,  6.427500E+03,  8.264300E-01
  0.000000E+00,  0.000000E+00,  0.000000E+00,  6.430000E+03,  8.250800E-01
  0.000000E+00,  0.000000E+00,  0.000000E+00,  6.432500E+03,  8.238800E-01
  0.000000E+00,  0.000000E+00,  0.000000E+00,  6.435000E+03,  8.227400E-01
  0.000000E+00,  0.000000E+00,  0.000000E+00,  6.437500E+03,  8.216100E-01
  0.000000E+00,  0.000000E+00,  0.000000E+00,  6.440000E+03,  8.204000E-01
  0.000000E+00,  0.000000E+00,  0.000000E+00,  6.442500E+03,  8.190800E-01
  0.000000E+00,  0.000000E+00,  0.000000E+00,  6.445000E+03,  8.176800E-01
  0.000000E+00,  0.000000E+00,  0.000000E+00,  6.447500E+03,  8.162900E-01
  0.000000E+00,  0.000000E+00,  0.000000E+00,  6.450000E+03,  8.150100E-01
  0.000000E+00,  0.000000E+00,  0.000000E+00,  6.452500E+03,  8.138500E-01
  0.000000E+00,  0.000000E+00,  0.000000E+00,  6.455000E+03,  8.127800E-01
  0.000000E+00,  0.000000E+00,  0.000000E+00,  6.457500E+03,  8.117600E-01
  0.000000E+00,  0.000000E+00,  0.000000E+00,  6.460000E+03,  8.108000E-01
  0.000000E+00,  0.000000E+00,  0.000000E+00,  6.462500E+03,  8.098700E-01
  0.000000E+00,  0.000000E+00,  0.000000E+00,  6.465000E+03,  8.089300E-01
  0.000000E+00,  0.000000E+00,  0.000000E+00,  6.467500E+03,  8.079500E-01
  0.000000E+00,  0.000000E+00,  0.000000E+00,  6.470000E+03,  8.068800E-01
  0.000000E+00,  0.000000E+00,  0.000000E+00,  6.472500E+03,  8.056700E-01
  0.000000E+00,  0.000000E+00,  0.000000E+00,  6.475000E+03,  8.043600E-01
  0.000000E+00,  0.000000E+00,  0.000000E+00,  6.477500E+03,  8.029300E-01
  0.000000E+00,  0.000000E+00,  0.000000E+00,  6.480000E+03,  8.014200E-01
  0.000000E+00,  0.000000E+00,  0.000000E+00,  6.482500E+03,  7.998200E-01
  0.000000E+00,  0.000000E+00,  0.000000E+00,  6.485000E+03,  7.981400E-01
  0.000000E+00,  0.000000E+00,  0.000000E+00,  6.487500E+03,  7.964200E-01
  0.000000E+00,  0.000000E+00,  0.000000E+00,  6.490000E+03,  7.946700E-01
  0.000000E+00,  0.000000E+00,  0.000000E+00,  6.492500E+03,  7.929500E-01
  0.000000E+00,  0.000000E+00,  0.000000E+00,  6.495000E+03,  7.912300E-01
  0.000000E+00,  0.000000E+00,  0.000000E+00,  6.497500E+03,  7.894900E-01
  0.000000E+00,  0.000000E+00,  0.000000E+00,  6.500000E+03,  7.877300E-01
  0.000000E+00,  0.000000E+00,  0.000000E+00,  6.502500E+03,  7.859700E-01
  0.000000E+00,  0.000000E+00,  0.000000E+00,  6.505000E+03,  7.841700E-01
  0.000000E+00,  0.000000E+00,  0.000000E+00,  6.507500E+03,  7.823100E-01
  0.000000E+00,  0.000000E+00,  0.000000E+00,  6.510000E+03,  7.803800E-01
  0.000000E+00,  0.000000E+00,  0.000000E+00,  6.512500E+03,  7.783800E-01
  0.000000E+00,  0.000000E+00,  0.000000E+00,  6.515000E+03,  7.762700E-01
  0.000000E+00,  0.000000E+00,  0.000000E+00,  6.517500E+03,  7.740500E-01
  0.000000E+00,  0.000000E+00,  0.000000E+00,  6.520000E+03,  7.717200E-01
  0.000000E+00,  0.000000E+00,  0.000000E+00,  6.522500E+03,  7.693000E-01
  0.000000E+00,  0.000000E+00,  0.000000E+00,  6.525000E+03,  7.667300E-01
  0.000000E+00,  0.000000E+00,  0.000000E+00,  6.527500E+03,  7.640200E-01
  0.000000E+00,  0.000000E+00,  0.000000E+00,  6.530000E+03,  7.611500E-01
  0.000000E+00,  0.000000E+00,  0.000000E+00,  6.532500E+03,  7.581700E-01
  0.000000E+00,  0.000000E+00,  0.000000E+00,  6.535000E+03,  7.550300E-01
  0.000000E+00,  0.000000E+00,  0.000000E+00,  6.537500E+03,  7.517400E-01
  0.000000E+00,  0.000000E+00,  0.000000E+00,  6.540000E+03,  7.483200E-01
  0.000000E+00,  0.000000E+00,  0.000000E+00,  6.542500E+03,  7.448000E-01
  0.000000E+00,  0.000000E+00,  0.000000E+00,  6.545000E+03,  7.411600E-01
  0.000000E+00,  0.000000E+00,  0.000000E+00,  6.547500E+03,  7.374200E-01
  0.000000E+00,  0.000000E+00,  0.000000E+00,  6.550000E+03,  7.336000E-01
  0.000000E+00,  0.000000E+00,  0.000000E+00,  6.552500E+03,  7.297400E-01
  0.000000E+00,  0.000000E+00,  0.000000E+00,  6.555000E+03,  7.258400E-01
  0.000000E+00,  0.000000E+00,  0.000000E+00,  6.557500E+03,  7.218500E-01
  0.000000E+00,  0.000000E+00,  0.000000E+00,  6.560000E+03,  7.177300E-01
  0.000000E+00,  0.000000E+00,  0.000000E+00,  6.562500E+03,  7.135200E-01
  0.000000E+00,  0.000000E+00,  0.000000E+00,  6.565000E+03,  7.092500E-01
  0.000000E+00,  0.000000E+00,  0.000000E+00,  6.567500E+03,  7.049900E-01
  0.000000E+00,  0.000000E+00,  0.000000E+00,  6.570000E+03,  7.008100E-01
  0.000000E+00,  0.000000E+00,  0.000000E+00,  6.572500E+03,  6.967600E-01
  0.000000E+00,  0.000000E+00,  0.000000E+00,  6.575000E+03,  6.928400E-01
  0.000000E+00,  0.000000E+00,  0.000000E+00,  6.577500E+03,  6.890000E-01
  0.000000E+00,  0.000000E+00,  0.000000E+00,  6.580000E+03,  6.851400E-01
  0.000000E+00,  0.000000E+00,  0.000000E+00,  6.582500E+03,  6.812400E-01
  0.000000E+00,  0.000000E+00,  0.000000E+00,  6.585000E+03,  6.773700E-01
  0.000000E+00,  0.000000E+00,  0.000000E+00,  6.587500E+03,  6.736300E-01
  0.000000E+00,  0.000000E+00,  0.000000E+00,  6.590000E+03,  6.701300E-01
  0.000000E+00,  0.000000E+00,  0.000000E+00,  6.592500E+03,  6.669400E-01
  0.000000E+00,  0.000000E+00,  0.000000E+00,  6.595000E+03,  6.639400E-01
  0.000000E+00,  0.000000E+00,  0.000000E+00,  6.597500E+03,  6.609600E-01
  0.000000E+00,  0.000000E+00,  0.000000E+00,  6.600000E+03,  6.579400E-01
  0.000000E+00,  0.000000E+00,  0.000000E+00,  6.602500E+03,  6.548000E-01
  0.000000E+00,  0.000000E+00,  0.000000E+00,  6.605000E+03,  6.514700E-01
  0.000000E+00,  0.000000E+00,  0.000000E+00,  6.607500E+03,  6.478500E-01
  0.000000E+00,  0.000000E+00,  0.000000E+00,  6.610000E+03,  6.440600E-01
  0.000000E+00,  0.000000E+00,  0.000000E+00,  6.612500E+03,  6.402500E-01
  0.000000E+00,  0.000000E+00,  0.000000E+00,  6.615000E+03,  6.360400E-01
  0.000000E+00,  0.000000E+00,  0.000000E+00,  6.617500E+03,  6.312000E-01
  0.000000E+00,  0.000000E+00,  0.000000E+00,  6.620000E+03,  6.257700E-01
  0.000000E+00,  0.000000E+00,  0.000000E+00,  6.622500E+03,  6.197300E-01
  0.000000E+00,  0.000000E+00,  0.000000E+00,  6.625000E+03,  6.128800E-01
  0.000000E+00,  0.000000E+00,  0.000000E+00,  6.627500E+03,  6.049400E-01
  0.000000E+00,  0.000000E+00,  0.000000E+00,  6.630000E+03,  5.960500E-01
  0.000000E+00,  0.000000E+00,  0.000000E+00,  6.632500E+03,  5.865200E-01
  0.000000E+00,  0.000000E+00,  0.000000E+00,  6.635000E+03,  5.759400E-01
  0.000000E+00,  0.000000E+00,  0.000000E+00,  6.637500E+03,  5.640400E-01
  0.000000E+00,  0.000000E+00,  0.000000E+00,  6.640000E+03,  5.510500E-01
  0.000000E+00,  0.000000E+00,  0.000000E+00,  6.642500E+03,  5.371000E-01
  0.000000E+00,  0.000000E+00,  0.000000E+00,  6.645000E+03,  5.221800E-01
  0.000000E+00,  0.000000E+00,  0.000000E+00,  6.647500E+03,  5.061500E-01
  0.000000E+00,  0.000000E+00,  0.000000E+00,  6.650000E+03,  4.892300E-01
  0.000000E+00,  0.000000E+00,  0.000000E+00,  6.652500E+03,  4.718100E-01
  0.000000E+00,  0.000000E+00,  0.000000E+00,  6.655000E+03,  4.538000E-01
  0.000000E+00,  0.000000E+00,  0.000000E+00,  6.657500E+03,  4.352200E-01
  0.000000E+00,  0.000000E+00,  0.000000E+00,  6.660000E+03,  4.163800E-01
  0.000000E+00,  0.000000E+00,  0.000000E+00,  6.662500E+03,  3.975200E-01
  0.000000E+00,  0.000000E+00,  0.000000E+00,  6.665000E+03,  3.787700E-01
  0.000000E+00,  0.000000E+00,  0.000000E+00,  6.667500E+03,  3.601900E-01
  0.000000E+00,  0.000000E+00,  0.000000E+00,  6.670000E+03,  3.418700E-01
  0.000000E+00,  0.000000E+00,  0.000000E+00,  6.672500E+03,  3.240100E-01
  0.000000E+00,  0.000000E+00,  0.000000E+00,  6.675000E+03,  3.066900E-01
  0.000000E+00,  0.000000E+00,  0.000000E+00,  6.677500E+03,  2.899300E-01
  0.000000E+00,  0.000000E+00,  0.000000E+00,  6.680000E+03,  2.737800E-01
  0.000000E+00,  0.000000E+00,  0.000000E+00,  6.682500E+03,  2.582500E-01
  0.000000E+00,  0.000000E+00,  0.000000E+00,  6.685000E+03,  2.433700E-01
  0.000000E+00,  0.000000E+00,  0.000000E+00,  6.687500E+03,  2.292300E-01
  0.000000E+00,  0.000000E+00,  0.000000E+00,  6.690000E+03,  2.157000E-01
  0.000000E+00,  0.000000E+00,  0.000000E+00,  6.692500E+03,  2.026500E-01
  0.000000E+00,  0.000000E+00,  0.000000E+00,  6.695000E+03,  1.902000E-01
  0.000000E+00,  0.000000E+00,  0.000000E+00,  6.697500E+03,  1.783900E-01
  0.000000E+00,  0.000000E+00,  0.000000E+00,  6.700000E+03,  1.670600E-01
  0.000000E+00,  0.000000E+00,  0.000000E+00,  6.702500E+03,  1.561300E-01
  0.000000E+00,  0.000000E+00,  0.000000E+00,  6.705000E+03,  1.456000E-01
  0.000000E+00,  0.000000E+00,  0.000000E+00,  6.707500E+03,  1.356000E-01
  0.000000E+00,  0.000000E+00,  0.000000E+00,  6.710000E+03,  1.260400E-01
  0.000000E+00,  0.000000E+00,  0.000000E+00,  6.712500E+03,  1.167200E-01
  0.000000E+00,  0.000000E+00,  0.000000E+00,  6.715000E+03,  1.078300E-01
  0.000000E+00,  0.000000E+00,  0.000000E+00,  6.717500E+03,  9.945000E-02
  0.000000E+00,  0.000000E+00,  0.000000E+00,  6.720000E+03,  9.151000E-02
  0.000000E+00,  0.000000E+00,  0.000000E+00,  6.722500E+03,  8.395000E-02
  0.000000E+00,  0.000000E+00,  0.000000E+00,  6.725000E+03,  7.680000E-02
  0.000000E+00,  0.000000E+00,  0.000000E+00,  6.727500E+03,  7.013000E-02
  0.000000E+00,  0.000000E+00,  0.000000E+00,  6.730000E+03,  6.386000E-02
  0.000000E+00,  0.000000E+00,  0.000000E+00,  6.732500E+03,  5.780000E-02
  0.000000E+00,  0.000000E+00,  0.000000E+00,  6.735000E+03,  5.213000E-02
  0.000000E+00,  0.000000E+00,  0.000000E+00,  6.737500E+03,  4.695000E-02
  0.000000E+00,  0.000000E+00,  0.000000E+00,  6.740000E+03,  4.218000E-02
  0.000000E+00,  0.000000E+00,  0.000000E+00,  6.742500E+03,  3.780000E-02
  0.000000E+00,  0.000000E+00,  0.000000E+00,  6.745000E+03,  3.379000E-02
  0.000000E+00,  0.000000E+00,  0.000000E+00,  6.747500E+03,  3.023000E-02
  0.000000E+00,  0.000000E+00,  0.000000E+00,  6.750000E+03,  2.703000E-02
  0.000000E+00,  0.000000E+00,  0.000000E+00,  6.752500E+03,  2.406000E-02
  0.000000E+00,  0.000000E+00,  0.000000E+00,  6.755000E+03,  2.140000E-02
  0.000000E+00,  0.000000E+00,  0.000000E+00,  6.757500E+03,  1.908000E-02
  0.000000E+00,  0.000000E+00,  0.000000E+00,  6.760000E+03,  1.703000E-02
  0.000000E+00,  0.000000E+00,  0.000000E+00,  6.762500E+03,  1.518000E-02
  0.000000E+00,  0.000000E+00,  0.000000E+00,  6.765000E+03,  1.352000E-02
  0.000000E+00,  0.000000E+00,  0.000000E+00,  6.767500E+03,  1.209000E-02
  0.000000E+00,  0.000000E+00,  0.000000E+00,  6.770000E+03,  1.083000E-02
  0.000000E+00,  0.000000E+00,  0.000000E+00,  6.772500E+03,  9.650000E-03
  0.000000E+00,  0.000000E+00,  0.000000E+00,  6.775000E+03,  8.600000E-03
  0.000000E+00,  0.000000E+00,  0.000000E+00,  6.777500E+03,  7.700000E-03
  0.000000E+00,  0.000000E+00,  0.000000E+00,  6.780000E+03,  6.900000E-03
  0.000000E+00,  0.000000E+00,  0.000000E+00,  6.782500E+03,  6.190000E-03
  0.000000E+00,  0.000000E+00,  0.000000E+00,  6.785000E+03,  5.550000E-03
  0.000000E+00,  0.000000E+00,  0.000000E+00,  6.787500E+03,  5.000000E-03
  0.000000E+00,  0.000000E+00,  0.000000E+00,  6.790000E+03,  4.520000E-03
  0.000000E+00,  0.000000E+00,  0.000000E+00,  6.792500E+03,  4.080000E-03
  0.000000E+00,  0.000000E+00,  0.000000E+00,  6.795000E+03,  3.670000E-03
  0.000000E+00,  0.000000E+00,  0.000000E+00,  6.797500E+03,  3.330000E-03
  0.000000E+00,  0.000000E+00,  0.000000E+00,  6.800000E+03,  3.030000E-03
  0.000000E+00,  0.000000E+00,  0.000000E+00,  6.802500E+03,  2.760000E-03
  0.000000E+00,  0.000000E+00,  0.000000E+00,  6.805000E+03,  2.500000E-03
  0.000000E+00,  0.000000E+00,  0.000000E+00,  6.807500E+03,  2.280000E-03
  0.000000E+00,  0.000000E+00,  0.000000E+00,  6.810000E+03,  2.090000E-03
  0.000000E+00,  0.000000E+00,  0.000000E+00,  6.812500E+03,  1.910000E-03
  0.000000E+00,  0.000000E+00,  0.000000E+00,  6.815000E+03,  1.750000E-03
  0.000000E+00,  0.000000E+00,  0.000000E+00,  6.817500E+03,  1.610000E-03
  0.000000E+00,  0.000000E+00,  0.000000E+00,  6.820000E+03,  1.490000E-03
  0.000000E+00,  0.000000E+00,  0.000000E+00,  6.822500E+03,  1.360000E-03
  0.000000E+00,  0.000000E+00,  0.000000E+00,  6.825000E+03,  1.260000E-03
  0.000000E+00,  0.000000E+00,  0.000000E+00,  6.827500E+03,  1.160000E-03
  0.000000E+00,  0.000000E+00,  0.000000E+00,  6.830000E+03,  1.070000E-03
  0.000000E+00,  0.000000E+00,  0.000000E+00,  6.832500E+03,  9.900000E-04
  0.000000E+00,  0.000000E+00,  0.000000E+00,  6.835000E+03,  9.300000E-04
  0.000000E+00,  0.000000E+00,  0.000000E+00,  6.837500E+03,  8.600000E-04
  0.000000E+00,  0.000000E+00,  0.000000E+00,  6.840000E+03,  8.100000E-04
  0.000000E+00,  0.000000E+00,  0.000000E+00,  6.842500E+03,  7.500000E-04
  0.000000E+00,  0.000000E+00,  0.000000E+00,  6.845000E+03,  7.100000E-04
  0.000000E+00,  0.000000E+00,  0.000000E+00,  6.847500E+03,  6.600000E-04
  0.000000E+00,  0.000000E+00,  0.000000E+00,  6.850000E+03,  6.200000E-04
  0.000000E+00,  0.000000E+00,  0.000000E+00,  6.852500E+03,  5.900000E-04
  0.000000E+00,  0.000000E+00,  0.000000E+00,  6.855000E+03,  5.500000E-04
  0.000000E+00,  0.000000E+00,  0.000000E+00,  6.857500E+03,  5.200000E-04
  0.000000E+00,  0.000000E+00,  0.000000E+00,  6.860000E+03,  4.900000E-04
  0.000000E+00,  0.000000E+00,  0.000000E+00,  6.862500E+03,  4.600000E-04
  0.000000E+00,  0.000000E+00,  0.000000E+00,  6.865000E+03,  4.300000E-04
  0.000000E+00,  0.000000E+00,  0.000000E+00,  6.867500E+03,  4.100000E-04
  0.000000E+00,  0.000000E+00,  0.000000E+00,  6.870000E+03,  3.800000E-04
  0.000000E+00,  0.000000E+00,  0.000000E+00,  6.872500E+03,  3.700000E-04
  0.000000E+00,  0.000000E+00,  0.000000E+00,  6.875000E+03,  3.500000E-04
  0.000000E+00,  0.000000E+00,  0.000000E+00,  6.877500E+03,  3.200000E-04
  0.000000E+00,  0.000000E+00,  0.000000E+00,  6.880000E+03,  3.100000E-04
  0.000000E+00,  0.000000E+00,  0.000000E+00,  6.882500E+03,  2.900000E-04
  0.000000E+00,  0.000000E+00,  0.000000E+00,  6.885000E+03,  2.800000E-04
  0.000000E+00,  0.000000E+00,  0.000000E+00,  6.887500E+03,  2.700000E-04
  0.000000E+00,  0.000000E+00,  0.000000E+00,  6.890000E+03,  2.500000E-04
  0.000000E+00,  0.000000E+00,  0.000000E+00,  6.892500E+03,  2.400000E-04
  0.000000E+00,  0.000000E+00,  0.000000E+00,  6.895000E+03,  2.200000E-04
  0.000000E+00,  0.000000E+00,  0.000000E+00,  6.897500E+03,  1.800000E-04
  0.000000E+00,  0.000000E+00,  0.000000E+00,  6.900000E+03,  0.000000E+00
