wavelengths,fluxes,convolved_flux,filter_wavelengths,filter_trans
  2.524000E+02,  1.209238E-10,  7.255429E-15,  3.245000E+03,  6.000000E-05
  2.568000E+02,  2.103968E-10,  1.262381E-14,  3.247500E+03,  1.000000E-04
  2.600000E+02,  3.166649E-10,  1.899990E-14,  3.250000E+03,  1.700000E-04
  2.640000E+02,  4.914782E-10,  2.948869E-14,  3.252500E+03,  2.500000E-04
  2.685000E+02,  8.479725E-10,  5.087835E-14,  3.255000E+03,  3.200000E-04
  2.735000E+02,  1.504681E-09,  9.028085E-14,  3.257500E+03,  4.000000E-04
  2.785000E+02,  2.589525E-09,  1.553715E-13,  3.260000E+03,  5.400000E-04
  2.840000E+02,  4.400595E-09,  2.640357E-13,  3.262500E+03,  7.900000E-04
  2.900000E+02,  7.951177E-09,  4.770706E-13,  3.265000E+03,  1.170000E-03
  2.960000E+02,  1.427841E-08,  8.567043E-13,  3.267500E+03,  1.680000E-03
  3.010000E+02,  2.245719E-08,  1.347431E-12,  3.270000E+03,  2.280000E-03
  3.080000E+02,  3.455458E-08,  2.073275E-12,  3.272500E+03,  2.850000E-03
  3.180000E+02,  8.182107E-08,  4.909264E-12,  3.275000E+03,  3.370000E-03
  3.280000E+02,  1.789963E-07,  1.073978E-11,  3.277500E+03,  3.940000E-03
  3.380000E+02,  3.848457E-07,  2.309074E-11,  3.280000E+03,  4.850000E-03
  3.480000E+02,  7.656583E-07,  4.593949E-11,  3.282500E+03,  6.310000E-03
  3.570000E+02,  5.735455E-06,  3.441273E-10,  3.285000E+03,  8.390000E-03
  3.660000E+02,  1.481805E-05,  8.890827E-10,  3.287500E+03,  1.102000E-02
  3.750000E+02,  2.181982E-05,  1.309189E-09,  3.290000E+03,  1.392000E-02
  3.850000E+02,  3.769826E-05,  2.261895E-09,  3.292500E+03,  1.679000E-02
  3.950000E+02,  1.099552E-04,  6.597310E-09,  3.295000E+03,  1.963000E-02
  4.050000E+02,  1.577311E-04,  9.463865E-09,  3.297500E+03,  2.256000E-02
  4.140000E+02,  2.601681E-04,  1.561009E-08,  3.300000E+03,  2.568000E-02
  4.220000E+02,  3.332994E-04,  1.999797E-08,  3.302500E+03,  2.908000E-02
  4.300000E+02,  4.574944E-04,  2.744966E-08,  3.305000E+03,  3.280000E-02
  4.410000E+02,  6.518931E-04,  3.911358E-08,  3.307500E+03,  3.680000E-02
  4.510000E+02,  8.420806E-04,  5.052483E-08,  3.310000E+03,  4.141000E-02
  4.600000E+02,  1.043150E-03,  6.258898E-08,  3.312500E+03,  4.709000E-02
  4.700000E+02,  1.422734E-03,  8.536403E-08,  3.315000E+03,  5.365000E-02
  4.800000E+02,  1.848771E-03,  1.109263E-07,  3.317500E+03,  6.071000E-02
  4.900000E+02,  2.397546E-03,  1.438528E-07,  3.320000E+03,  6.795000E-02
  5.000000E+02,  3.034322E-03,  1.820593E-07,  3.322500E+03,  7.511000E-02
  5.060000E+02,  1.107192E-02,  6.643150E-07,  3.325000E+03,  8.204000E-02
  5.120000E+02,  8.315479E-02,  4.989287E-06,  3.327500E+03,  8.878000E-02
  5.200000E+02,  8.371324E-02,  5.022794E-06,  3.330000E+03,  9.547000E-02
  5.300000E+02,  8.698726E-02,  5.219236E-06,  3.332500E+03,  1.022300E-01
  5.400000E+02,  8.507549E-02,  5.104529E-06,  3.335000E+03,  1.088600E-01
  5.500000E+02,  1.282312E-01,  7.693874E-06,  3.337500E+03,  1.153900E-01
  5.600000E+02,  1.567940E-01,  9.407637E-06,  3.340000E+03,  1.222500E-01
  5.700000E+02,  1.735081E-01,  1.041048E-05,  3.342500E+03,  1.296000E-01
  5.800000E+02,  1.563835E-01,  9.383012E-06,  3.345000E+03,  1.373800E-01
  5.900000E+02,  1.985400E-01,  1.191240E-05,  3.347500E+03,  1.452200E-01
  6.000000E+02,  1.884755E-01,  1.130853E-05,  3.350000E+03,  1.529200E-01
  6.100000E+02,  2.361855E-01,  1.417113E-05,  3.352500E+03,  1.604400E-01
  6.200000E+02,  2.646388E-01,  1.587833E-05,  3.355000E+03,  1.677700E-01
  6.300000E+02,  2.731221E-01,  1.638733E-05,  3.357500E+03,  1.748900E-01
  6.400000E+02,  2.463239E-01,  1.477943E-05,  3.360000E+03,  1.817700E-01
  6.500000E+02,  1.996066E-01,  1.197640E-05,  3.362500E+03,  1.884900E-01
  6.580000E+02,  2.577771E-01,  1.546663E-05,  3.365000E+03,  1.951500E-01
  6.650000E+02,  3.128643E-01,  1.877186E-05,  3.367500E+03,  2.018300E-01
  6.750000E+02,  3.257055E-01,  1.954233E-05,  3.370000E+03,  2.090100E-01
  6.850000E+02,  2.988999E-01,  1.793399E-05,  3.372500E+03,  2.172000E-01
  6.950000E+02,  4.152166E-01,  2.491300E-05,  3.375000E+03,  2.260000E-01
  7.050000E+02,  3.615754E-01,  2.169452E-05,  3.377500E+03,  2.350000E-01
  7.160000E+02,  4.619373E-01,  2.771623E-05,  3.380000E+03,  2.440400E-01
  7.260000E+02,  4.482773E-01,  2.689664E-05,  3.382500E+03,  2.529700E-01
  7.350000E+02,  4.782029E-01,  2.869217E-05,  3.385000E+03,  2.616200E-01
  7.450000E+02,  5.232316E-01,  3.139390E-05,  3.387500E+03,  2.699600E-01
  7.550000E+02,  5.383492E-01,  3.230095E-05,  3.390000E+03,  2.780000E-01
  7.650000E+02,  5.762187E-01,  3.457312E-05,  3.392500E+03,  2.857800E-01
  7.750000E+02,  6.141175E-01,  3.684705E-05,  3.395000E+03,  2.930800E-01
  7.850000E+02,  6.505521E-01,  3.903312E-05,  3.397500E+03,  2.998400E-01
  7.950000E+02,  6.556562E-01,  3.933937E-05,  3.400000E+03,  3.062400E-01
  8.050000E+02,  6.617421E-01,  3.970453E-05,  3.402500E+03,  3.122400E-01
  8.150000E+02,  6.648415E-01,  3.989049E-05,  3.405000E+03,  3.178400E-01
  8.250000E+02,  7.265402E-01,  4.359241E-05,  3.407500E+03,  3.232800E-01
  8.350000E+02,  5.570032E-01,  3.342019E-05,  3.410000E+03,  3.275900E-01
  8.450000E+02,  7.205412E-01,  4.323247E-05,  3.412500E+03,  3.302500E-01
  8.550000E+02,  7.242449E-01,  4.345470E-05,  3.415000E+03,  3.359400E-01
  8.650000E+02,  7.639006E-01,  4.583404E-05,  3.417500E+03,  3.460800E-01
  8.750000E+02,  7.981835E-01,  4.789101E-05,  3.420000E+03,  3.563000E-01
  8.850000E+02,  8.513855E-01,  5.108313E-05,  3.422500E+03,  3.642700E-01
  8.950000E+02,  8.800897E-01,  5.280538E-05,  3.425000E+03,  3.698600E-01
  9.050000E+02,  8.623478E-01,  5.174087E-05,  3.427500E+03,  3.753400E-01
  9.150000E+02,  1.310166E+00,  7.860996E-05,  3.430000E+03,  3.813700E-01
  9.250000E+02,  8.465571E+00,  5.079342E-04,  3.432500E+03,  3.872300E-01
  9.350000E+02,  1.452900E+01,  8.717397E-04,  3.435000E+03,  3.928800E-01
  9.450000E+02,  1.933745E+01,  1.160247E-03,  3.437500E+03,  3.984200E-01
  9.550000E+02,  2.087573E+01,  1.252544E-03,  3.440000E+03,  4.038900E-01
  9.650000E+02,  2.228358E+01,  1.337015E-03,  3.442500E+03,  4.093000E-01
  9.750000E+02,  5.600883E+00,  3.360530E-04,  3.445000E+03,  4.146500E-01
  9.850000E+02,  1.650967E+01,  9.905799E-04,  3.447500E+03,  4.198100E-01
  9.950000E+02,  1.664093E+01,  9.984555E-04,  3.450000E+03,  4.247600E-01
  1.005000E+03,  1.888157E+01,  1.132894E-03,  3.452500E+03,  4.295500E-01
  1.015000E+03,  1.991756E+01,  1.195054E-03,  3.455000E+03,  4.341400E-01
  1.025000E+03,  1.518124E+01,  9.108745E-04,  3.457500E+03,  4.385200E-01
  1.035000E+03,  1.741609E+01,  1.044965E-03,  3.460000E+03,  4.427800E-01
  1.045000E+03,  2.308106E+01,  1.384864E-03,  3.462500E+03,  4.469600E-01
  1.055000E+03,  2.133330E+01,  1.279998E-03,  3.465000E+03,  4.510400E-01
  1.065000E+03,  1.705197E+01,  1.023118E-03,  3.467500E+03,  4.549300E-01
  1.075000E+03,  1.923731E+01,  1.154239E-03,  3.470000E+03,  4.586700E-01
  1.085000E+03,  1.792476E+01,  1.075486E-03,  3.472500E+03,  4.623300E-01
  1.095000E+03,  1.958164E+01,  1.174898E-03,  3.475000E+03,  4.658600E-01
  1.105000E+03,  1.779796E+01,  1.067878E-03,  3.477500E+03,  4.692000E-01
  1.115000E+03,  1.700370E+01,  1.020222E-03,  3.480000E+03,  4.724300E-01
  1.125000E+03,  1.222378E+01,  7.334269E-04,  3.482500E+03,  4.755400E-01
  1.135000E+03,  1.753142E+01,  1.051885E-03,  3.485000E+03,  4.785300E-01
  1.145000E+03,  1.629429E+01,  9.776574E-04,  3.487500E+03,  4.813700E-01
  1.155000E+03,  1.619503E+01,  9.717015E-04,  3.490000E+03,  4.840900E-01
  1.165000E+03,  1.617950E+01,  9.707700E-04,  3.492500E+03,  4.867500E-01
  1.175000E+03,  9.239079E+00,  5.543447E-04,  3.495000E+03,  4.892800E-01
  1.185000E+03,  1.484675E+01,  8.908052E-04,  3.497500E+03,  4.916700E-01
  1.195000E+03,  1.409066E+01,  8.454394E-04,  3.500000E+03,  4.939300E-01
  1.205000E+03,  1.033957E+01,  6.203744E-04,  3.502500E+03,  4.960900E-01
  1.215000E+03,  1.032704E+01,  6.196225E-04,  3.505000E+03,  4.981300E-01
  1.225000E+03,  1.356878E+01,  8.141270E-04,  3.507500E+03,  5.000100E-01
  1.235000E+03,  1.478433E+01,  8.870595E-04,  3.510000E+03,  5.017400E-01
  1.245000E+03,  1.411816E+01,  8.470894E-04,  3.512500E+03,  5.033700E-01
  1.255000E+03,  1.409647E+01,  8.457879E-04,  3.515000E+03,  5.048800E-01
  1.265000E+03,  1.438779E+01,  8.632673E-04,  3.517500E+03,  5.062400E-01
  1.275000E+03,  1.488546E+01,  8.931274E-04,  3.520000E+03,  5.074600E-01
  1.285000E+03,  1.471725E+01,  8.830347E-04,  3.522500E+03,  5.085800E-01
  1.295000E+03,  1.088083E+01,  6.528496E-04,  3.525000E+03,  5.096200E-01
  1.305000E+03,  1.192866E+01,  7.157195E-04,  3.527500E+03,  5.105400E-01
  1.315000E+03,  1.441928E+01,  8.651567E-04,  3.530000E+03,  5.114300E-01
  1.325000E+03,  1.360384E+01,  8.162301E-04,  3.532500E+03,  5.123700E-01
  1.335000E+03,  1.323886E+01,  7.943315E-04,  3.535000E+03,  5.132800E-01
  1.345000E+03,  1.314208E+01,  7.885248E-04,  3.537500E+03,  5.140700E-01
  1.355000E+03,  1.307721E+01,  7.846325E-04,  3.540000E+03,  5.147500E-01
  1.365000E+03,  1.219451E+01,  7.316706E-04,  3.542500E+03,  5.152800E-01
  1.375000E+03,  1.169036E+01,  7.014218E-04,  3.545000E+03,  5.156800E-01
  1.385000E+03,  1.093955E+01,  6.563728E-04,  3.547500E+03,  5.159400E-01
  1.395000E+03,  6.193432E+00,  3.716059E-04,  3.550000E+03,  5.161400E-01
  1.405000E+03,  7.435460E+00,  4.461276E-04,  3.552500E+03,  5.163000E-01
  1.415000E+03,  1.020561E+01,  6.123368E-04,  3.555000E+03,  5.164000E-01
  1.425000E+03,  9.769472E+00,  5.861683E-04,  3.557500E+03,  5.163700E-01
  1.435000E+03,  1.035030E+01,  6.210179E-04,  3.560000E+03,  5.162200E-01
  1.442000E+03,  1.053177E+01,  6.319060E-04,  3.562500E+03,  5.159300E-01
  1.447000E+03,  1.038451E+01,  6.230703E-04,  3.565000E+03,  5.155400E-01
  1.455000E+03,  9.924489E+00,  5.954693E-04,  3.567500E+03,  5.150600E-01
  1.465000E+03,  9.298116E+00,  5.578870E-04,  3.570000E+03,  5.145900E-01
  1.475000E+03,  9.557195E+00,  5.734317E-04,  3.572500E+03,  5.142100E-01
  1.485000E+03,  9.440499E+00,  5.664299E-04,  3.575000E+03,  5.138500E-01
  1.495000E+03,  9.182156E+00,  5.509293E-04,  3.577500E+03,  5.134000E-01
  1.505000E+03,  8.460086E+00,  5.076052E-04,  3.580000E+03,  5.128200E-01
  1.512000E+03,  7.806016E+00,  4.683610E-04,  3.582500E+03,  5.120700E-01
  1.517000E+03,  8.025119E+00,  4.815072E-04,  3.585000E+03,  5.112000E-01
  1.525000E+03,  8.065478E+00,  4.839287E-04,  3.587500E+03,  5.102300E-01
  1.535000E+03,  6.794722E+00,  4.076833E-04,  3.590000E+03,  5.092400E-01
  1.545000E+03,  6.316459E+00,  3.789875E-04,  3.592500E+03,  5.082800E-01
  1.555000E+03,  6.156007E+00,  3.693604E-04,  3.595000E+03,  5.072600E-01
  1.565000E+03,  6.842717E+00,  4.105630E-04,  3.597500E+03,  5.062300E-01
  1.575000E+03,  7.335212E+00,  4.401127E-04,  3.600000E+03,  5.053900E-01
  1.585000E+03,  7.299220E+00,  4.379532E-04,  3.602500E+03,  5.048700E-01
  1.595000E+03,  7.271023E+00,  4.362614E-04,  3.605000E+03,  5.045000E-01
  1.605000E+03,  7.156834E+00,  4.294100E-04,  3.607500E+03,  5.036900E-01
  1.615000E+03,  6.888519E+00,  4.133111E-04,  3.610000E+03,  5.038800E-01
  1.625000E+03,  6.890597E+00,  4.134358E-04,  3.612500E+03,  5.069100E-01
  1.635000E+03,  7.215979E+00,  4.329588E-04,  3.615000E+03,  5.097900E-01
  1.645000E+03,  7.247974E+00,  4.348784E-04,  3.617500E+03,  5.106000E-01
  1.655000E+03,  7.137678E+00,  4.282607E-04,  3.620000E+03,  5.102000E-01
  1.665000E+03,  7.126441E+00,  4.275865E-04,  3.622500E+03,  5.091700E-01
  1.672000E+03,  6.691842E+00,  4.015105E-04,  3.625000E+03,  5.078000E-01
  1.677000E+03,  7.658788E+00,  4.595273E-04,  3.627500E+03,  5.061500E-01
  1.685000E+03,  7.280665E+00,  4.368399E-04,  3.630000E+03,  5.043500E-01
  1.695000E+03,  6.888685E+00,  4.133211E-04,  3.632500E+03,  5.025800E-01
  1.705000E+03,  6.769981E+00,  4.061988E-04,  3.635000E+03,  5.008700E-01
  1.715000E+03,  6.389835E+00,  3.833901E-04,  3.637500E+03,  4.994100E-01
  1.725000E+03,  6.228115E+00,  3.736869E-04,  3.640000E+03,  4.985500E-01
  1.735000E+03,  6.445696E+00,  3.867417E-04,  3.642500E+03,  4.984000E-01
  1.745000E+03,  6.363514E+00,  3.818108E-04,  3.645000E+03,  4.987900E-01
  1.755000E+03,  6.334959E+00,  3.800975E-04,  3.647500E+03,  4.993200E-01
  1.765000E+03,  6.309124E+00,  3.785474E-04,  3.650000E+03,  4.995800E-01
  1.775000E+03,  5.901965E+00,  3.541179E-04,  3.652500E+03,  4.992300E-01
  1.785000E+03,  6.010571E+00,  3.606343E-04,  3.655000E+03,  4.985500E-01
  1.795000E+03,  6.068001E+00,  3.640801E-04,  3.657500E+03,  4.977300E-01
  1.805000E+03,  6.110766E+00,  3.666460E-04,  3.660000E+03,  4.966200E-01
  1.815000E+03,  5.582358E+00,  3.349414E-04,  3.662500E+03,  4.952700E-01
  1.825000E+03,  5.731391E+00,  3.438834E-04,  3.665000E+03,  4.938800E-01
  1.835000E+03,  5.600141E+00,  3.360085E-04,  3.667500E+03,  4.926800E-01
  1.845000E+03,  5.105254E+00,  3.063152E-04,  3.670000E+03,  4.920900E-01
  1.855000E+03,  5.257639E+00,  3.154584E-04,  3.672500E+03,  4.924800E-01
  1.865000E+03,  5.319082E+00,  3.191449E-04,  3.675000E+03,  4.933900E-01
  1.875000E+03,  5.361265E+00,  3.216759E-04,  3.677500E+03,  4.943900E-01
  1.885000E+03,  4.860134E+00,  2.916080E-04,  3.680000E+03,  4.953700E-01
  1.895000E+03,  4.553151E+00,  2.731891E-04,  3.682500E+03,  4.961100E-01
  1.905000E+03,  4.889550E+00,  2.933730E-04,  3.685000E+03,  4.963800E-01
  1.915000E+03,  4.641075E+00,  2.784645E-04,  3.687500E+03,  4.960100E-01
  1.925000E+03,  4.370993E+00,  2.622596E-04,  3.690000E+03,  4.946600E-01
  1.935000E+03,  4.670829E+00,  2.802497E-04,  3.692500E+03,  4.920100E-01
  1.945000E+03,  4.782751E+00,  2.869651E-04,  3.695000E+03,  4.884500E-01
  1.955000E+03,  4.264432E+00,  2.558659E-04,  3.697500E+03,  4.843500E-01
  1.967000E+03,  4.612862E+00,  2.767717E-04,  3.700000E+03,  4.799000E-01
  1.976000E+03,  4.841444E+00,  2.904867E-04,  3.702500E+03,  4.753400E-01
  1.984000E+03,  4.495124E+00,  2.697074E-04,  3.705000E+03,  4.709600E-01
  1.995000E+03,  4.420691E+00,  2.652415E-04,  3.707500E+03,  4.669700E-01
  2.005000E+03,  4.557415E+00,  2.734449E-04,  3.710000E+03,  4.636700E-01
  2.015000E+03,  4.533976E+00,  2.720386E-04,  3.712500E+03,  4.612900E-01
  2.025000E+03,  4.606342E+00,  2.763805E-04,  3.715000E+03,  4.597700E-01
  2.035000E+03,  4.233332E+00,  2.539999E-04,  3.717500E+03,  4.590400E-01
  2.045000E+03,  4.281546E+00,  2.568927E-04,  3.720000E+03,  4.591100E-01
  2.055000E+03,  3.920399E+00,  2.352240E-04,  3.722500E+03,  4.598600E-01
  2.065000E+03,  3.886195E+00,  2.331717E-04,  3.725000E+03,  4.610900E-01
  2.074000E+03,  4.110881E+00,  2.466529E-04,  3.727500E+03,  4.625900E-01
  2.078000E+03,  3.816819E+00,  2.290091E-04,  3.730000E+03,  4.640300E-01
  2.085000E+03,  4.052414E+00,  2.431448E-04,  3.732500E+03,  4.650700E-01
  2.095000E+03,  3.890354E+00,  2.334212E-04,  3.735000E+03,  4.657300E-01
  2.105000E+03,  4.025869E+00,  2.415522E-04,  3.737500E+03,  4.660800E-01
  2.115000E+03,  4.049224E+00,  2.429534E-04,  3.740000E+03,  4.661100E-01
  2.125000E+03,  4.059436E+00,  2.435661E-04,  3.742500E+03,  4.657500E-01
  2.135000E+03,  3.994539E+00,  2.396723E-04,  3.745000E+03,  4.649500E-01
  2.145000E+03,  3.807290E+00,  2.284374E-04,  3.747500E+03,  4.635300E-01
  2.155000E+03,  3.942019E+00,  2.365211E-04,  3.750000E+03,  4.615500E-01
  2.165000E+03,  3.884991E+00,  2.330995E-04,  3.752500E+03,  4.591600E-01
  2.175000E+03,  3.843269E+00,  2.305961E-04,  3.755000E+03,  4.562500E-01
  2.185000E+03,  3.743303E+00,  2.245982E-04,  3.757500E+03,  4.526700E-01
  2.195000E+03,  3.779229E+00,  2.267537E-04,  3.760000E+03,  4.482200E-01
  2.205000E+03,  3.758646E+00,  2.255188E-04,  3.762500E+03,  4.429600E-01
  2.215000E+03,  3.690987E+00,  2.214592E-04,  3.765000E+03,  4.372400E-01
  2.225000E+03,  3.605455E+00,  2.163273E-04,  3.767500E+03,  4.316100E-01
  2.235000E+03,  3.537641E+00,  2.122584E-04,  3.770000E+03,  4.264700E-01
  2.245000E+03,  3.552957E+00,  2.131774E-04,  3.772500E+03,  4.220300E-01
  2.255000E+03,  3.455451E+00,  2.073271E-04,  3.775000E+03,  4.184400E-01
  2.265000E+03,  3.468238E+00,  2.080943E-04,  3.777500E+03,  4.159100E-01
  2.275000E+03,  3.422661E+00,  2.053597E-04,  3.780000E+03,  4.145900E-01
  2.285000E+03,  3.374038E+00,  2.024423E-04,  3.782500E+03,  4.145400E-01
  2.295000E+03,  2.989380E+00,  1.793628E-04,  3.785000E+03,  4.156500E-01
  2.305000E+03,  3.256745E+00,  1.954047E-04,  3.787500E+03,  4.176600E-01
  2.315000E+03,  3.186478E+00,  1.911887E-04,  3.790000E+03,  4.203900E-01
  2.325000E+03,  3.159887E+00,  1.895932E-04,  3.792500E+03,  4.236700E-01
  2.335000E+03,  3.085209E+00,  1.851126E-04,  3.795000E+03,  4.272300E-01
  2.345000E+03,  3.112756E+00,  1.867654E-04,  3.797500E+03,  4.305900E-01
  2.355000E+03,  3.071971E+00,  1.843183E-04,  3.800000E+03,  4.331300E-01
  2.365000E+03,  3.041503E+00,  1.824902E-04,  3.802500E+03,  4.345600E-01
  2.375000E+03,  2.970111E+00,  1.782067E-04,  3.805000E+03,  4.348600E-01
  2.385000E+03,  2.931741E+00,  1.759045E-04,  3.807500E+03,  4.344500E-01
  2.395000E+03,  2.892674E+00,  1.735605E-04,  3.810000E+03,  4.333900E-01
  2.405000E+03,  2.866174E+00,  1.719704E-04,  3.812500E+03,  4.315900E-01
  2.415000E+03,  2.813789E+00,  1.688273E-04,  3.815000E+03,  4.294200E-01
  2.425000E+03,  2.803876E+00,  1.682325E-04,  3.817500E+03,  4.273200E-01
  2.435000E+03,  2.734895E+00,  1.640937E-04,  3.820000E+03,  4.256500E-01
  2.445000E+03,  2.724608E+00,  1.634765E-04,  3.822500E+03,  4.247100E-01
  2.455000E+03,  2.707056E+00,  1.624234E-04,  3.825000E+03,  4.246600E-01
  2.465000E+03,  2.666566E+00,  1.599940E-04,  3.827500E+03,  4.255200E-01
  2.475000E+03,  2.612527E+00,  1.567516E-04,  3.830000E+03,  4.273500E-01
  2.485000E+03,  2.509023E+00,  1.505414E-04,  3.832500E+03,  4.302100E-01
  2.495000E+03,  1.784772E+00,  1.070863E-04,  3.835000E+03,  4.340200E-01
  2.505000E+03,  2.362390E+00,  1.417434E-04,  3.837500E+03,  4.385400E-01
  2.513000E+03,  2.373270E+00,  1.423962E-04,  3.840000E+03,  4.435700E-01
  2.518000E+03,  2.429768E+00,  1.457861E-04,  3.842500E+03,  4.488300E-01
  2.525000E+03,  2.454127E+00,  1.472476E-04,  3.845000E+03,  4.541500E-01
  2.535000E+03,  2.445553E+00,  1.467332E-04,  3.847500E+03,  4.594300E-01
  2.545000E+03,  2.337995E+00,  1.402797E-04,  3.850000E+03,  4.642800E-01
  2.555000E+03,  2.364735E+00,  1.418841E-04,  3.852500E+03,  4.682300E-01
  2.565000E+03,  2.325523E+00,  1.395313E-04,  3.855000E+03,  4.716200E-01
  2.575000E+03,  2.328565E+00,  1.397139E-04,  3.857500E+03,  4.747900E-01
  2.585000E+03,  2.298937E+00,  1.379362E-04,  3.860000E+03,  4.779400E-01
  2.595000E+03,  2.274663E+00,  1.364798E-04,  3.862500E+03,  4.811900E-01
  2.605000E+03,  2.258827E+00,  1.355296E-04,  3.865000E+03,  4.846400E-01
  2.615000E+03,  2.217371E+00,  1.330423E-04,  3.867500E+03,  4.881700E-01
  2.625000E+03,  2.201525E+00,  1.320915E-04,  3.870000E+03,  4.918300E-01
  2.635000E+03,  2.175709E+00,  1.305425E-04,  3.872500E+03,  4.956500E-01
  2.645000E+03,  2.145373E+00,  1.287224E-04,  3.875000E+03,  4.996800E-01
  2.655000E+03,  2.123932E+00,  1.274359E-04,  3.877500E+03,  5.039000E-01
  2.665000E+03,  2.050371E+00,  1.230223E-04,  3.880000E+03,  5.083500E-01
  2.675000E+03,  2.043425E+00,  1.226055E-04,  3.882500E+03,  5.129800E-01
  2.685000E+03,  2.045736E+00,  1.227442E-04,  3.885000E+03,  5.178100E-01
  2.695000E+03,  1.977401E+00,  1.186441E-04,  3.887500E+03,  5.228000E-01
  2.705000E+03,  1.945274E+00,  1.167165E-04,  3.890000E+03,  5.278300E-01
  2.715000E+03,  1.941585E+00,  1.164951E-04,  3.892500E+03,  5.327300E-01
  2.725000E+03,  1.928659E+00,  1.157195E-04,  3.895000E+03,  5.376700E-01
  2.735000E+03,  1.906316E+00,  1.143790E-04,  3.897500E+03,  5.428300E-01
  2.745000E+03,  1.884701E+00,  1.130821E-04,  3.900000E+03,  5.482600E-01
  2.755000E+03,  1.870333E+00,  1.122200E-04,  3.902500E+03,  5.540000E-01
  2.765000E+03,  1.841826E+00,  1.105096E-04,  3.905000E+03,  5.600600E-01
  2.775000E+03,  1.848299E+00,  1.108980E-04,  3.907500E+03,  5.663900E-01
  2.785000E+03,  1.813045E+00,  1.087827E-04,  3.910000E+03,  5.730500E-01
  2.795000E+03,  1.745559E+00,  1.047336E-04,  3.912500E+03,  5.801300E-01
  2.805000E+03,  1.765650E+00,  1.059390E-04,  3.915000E+03,  5.873800E-01
  2.815000E+03,  1.764385E+00,  1.058631E-04,  3.917500E+03,  5.945600E-01
  2.825000E+03,  1.740792E+00,  1.044475E-04,  3.920000E+03,  6.014700E-01
  2.835000E+03,  1.688969E+00,  1.013382E-04,  3.922500E+03,  6.079600E-01
  2.845000E+03,  1.702548E+00,  1.021529E-04,  3.925000E+03,  6.139500E-01
  2.855000E+03,  1.667408E+00,  1.000445E-04,  3.927500E+03,  6.194000E-01
  2.865000E+03,  1.659380E+00,  9.956278E-05,  3.930000E+03,  6.243000E-01
  2.875000E+03,  1.637792E+00,  9.826751E-05,  3.932500E+03,  6.286300E-01
  2.885000E+03,  1.622641E+00,  9.735847E-05,  3.935000E+03,  6.324400E-01
  2.895000E+03,  1.598030E+00,  9.588182E-05,  3.937500E+03,  6.358300E-01
  2.910000E+03,  1.556765E+00,  9.340589E-05,  3.940000E+03,  6.388400E-01
  2.930000E+03,  1.542930E+00,  9.257581E-05,  3.942500E+03,  6.416600E-01
  2.950000E+03,  1.498234E+00,  8.989401E-05,  3.945000E+03,  6.444600E-01
  2.970000E+03,  1.473103E+00,  8.838618E-05,  3.947500E+03,  6.474600E-01
  2.990000E+03,  1.435381E+00,  8.612284E-05,  3.950000E+03,  6.508900E-01
  3.010000E+03,  1.377639E+00,  8.265832E-05,  3.952500E+03,  6.549900E-01
  3.030000E+03,  1.364242E+00,  8.185454E-05,  3.955000E+03,  6.597200E-01
  3.050000E+03,  1.348485E+00,  8.090912E-05,  3.957500E+03,  6.651000E-01
  3.070000E+03,  1.330872E+00,  7.985233E-05,  3.960000E+03,  6.712300E-01
  3.090000E+03,  1.270762E+00,  7.624571E-05,  3.962500E+03,  6.780500E-01
  3.110000E+03,  1.271841E+00,  7.631047E-05,  3.965000E+03,  6.854500E-01
  3.130000E+03,  1.234305E+00,  7.405828E-05,  3.967500E+03,  6.931800E-01
  3.150000E+03,  1.216561E+00,  7.299368E-05,  3.970000E+03,  7.010800E-01
  3.170000E+03,  1.186358E+00,  7.118151E-05,  3.972500E+03,  7.090500E-01
  3.190000E+03,  1.163465E+00,  6.980787E-05,  3.975000E+03,  7.168300E-01
  3.210000E+03,  1.144332E+00,  6.865990E-05,  3.977500E+03,  7.241400E-01
  3.230000E+03,  1.113275E+00,  6.679648E-05,  3.980000E+03,  7.308200E-01
  3.250000E+03,  1.099789E+00,  1.869641E-04,  3.982500E+03,  7.367200E-01
  3.270000E+03,  1.071191E+00,  2.442315E-03,  3.985000E+03,  7.416600E-01
  3.290000E+03,  1.051078E+00,  1.463101E-02,  3.987500E+03,  7.455900E-01
  3.310000E+03,  1.030724E+00,  4.268226E-02,  3.990000E+03,  7.484500E-01
  3.330000E+03,  1.006472E+00,  9.608784E-02,  3.992500E+03,  7.502800E-01
  3.350000E+03,  9.890505E-01,  1.512456E-01,  3.995000E+03,  7.512200E-01
  3.370000E+03,  9.672070E-01,  2.021559E-01,  3.997500E+03,  7.514800E-01
  3.390000E+03,  9.552202E-01,  2.655512E-01,  4.000000E+03,  7.512800E-01
  3.410000E+03,  9.369602E-01,  3.069388E-01,  4.002500E+03,  7.509400E-01
  3.430000E+03,  9.195105E-01,  3.506737E-01,  4.005000E+03,  7.507400E-01
  3.450000E+03,  8.975846E-01,  3.812580E-01,  4.007500E+03,  7.509500E-01
  3.470000E+03,  8.807732E-01,  4.039842E-01,  4.010000E+03,  7.518800E-01
  3.490000E+03,  8.626019E-01,  4.175770E-01,  4.012500E+03,  7.538100E-01
  3.510000E+03,  8.491457E-01,  4.260503E-01,  4.015000E+03,  7.567700E-01
  3.530000E+03,  8.384927E-01,  4.288303E-01,  4.017500E+03,  7.608100E-01
  3.550000E+03,  8.208261E-01,  4.236612E-01,  4.020000E+03,  7.659000E-01
  3.570000E+03,  8.067869E-01,  4.151645E-01,  4.022500E+03,  7.720000E-01
  3.590000E+03,  7.853301E-01,  3.999215E-01,  4.025000E+03,  7.790100E-01
  3.610000E+03,  7.731631E-01,  3.895815E-01,  4.027500E+03,  7.867500E-01
  3.630000E+03,  7.590381E-01,  3.828209E-01,  4.030000E+03,  7.951100E-01
  3.640000E+03,  7.562655E-01,  3.770362E-01,  4.032500E+03,  8.039000E-01
  3.650000E+03,  7.427849E-01,  3.710805E-01,  4.035000E+03,  8.128100E-01
  3.670000E+03,  7.340513E-01,  3.612193E-01,  4.037500E+03,  8.215300E-01
  3.690000E+03,  7.165041E-01,  3.544259E-01,  4.040000E+03,  8.297800E-01
  3.710000E+03,  6.909923E-01,  3.203924E-01,  4.042500E+03,  8.372900E-01
  3.730000E+03,  6.715974E-01,  3.116413E-01,  4.045000E+03,  8.438400E-01
  3.750000E+03,  7.026184E-01,  3.242935E-01,  4.047500E+03,  8.493100E-01
  3.770000E+03,  6.925189E-01,  2.953385E-01,  4.050000E+03,  8.535500E-01
  3.790000E+03,  7.108172E-01,  2.988204E-01,  4.052500E+03,  8.564500E-01
  3.810000E+03,  7.276814E-01,  3.153698E-01,  4.055000E+03,  8.581900E-01
  3.830000E+03,  6.565809E-01,  2.805899E-01,  4.057500E+03,  8.590700E-01
  3.850000E+03,  7.207420E-01,  3.346261E-01,  4.060000E+03,  8.594900E-01
  3.870000E+03,  6.986855E-01,  3.436345E-01,  4.062500E+03,  8.597600E-01
  3.890000E+03,  6.259116E-01,  3.303749E-01,  4.065000E+03,  8.600900E-01
  3.910000E+03,  6.990627E-01,  4.005979E-01,  4.067500E+03,  8.605400E-01
  3.930000E+03,  6.738265E-01,  4.206699E-01,  4.070000E+03,  8.613400E-01
  3.950000E+03,  6.639961E-01,  4.321884E-01,  4.072500E+03,  8.628600E-01
  3.970000E+03,  5.784619E-01,  4.055481E-01,  4.075000E+03,  8.649500E-01
  3.990000E+03,  6.475193E-01,  4.846358E-01,  4.077500E+03,  8.675500E-01
  4.010000E+03,  6.394603E-01,  4.807974E-01,  4.080000E+03,  8.707900E-01
  4.030000E+03,  6.151576E-01,  4.891180E-01,  4.082500E+03,  8.746200E-01
  4.050000E+03,  6.172235E-01,  5.268311E-01,  4.085000E+03,  8.788200E-01
  4.070000E+03,  5.875961E-01,  5.061200E-01,  4.087500E+03,  8.830900E-01
  4.090000E+03,  5.603052E-01,  4.969739E-01,  4.090000E+03,  8.869700E-01
  4.110000E+03,  5.175633E-01,  4.683275E-01,  4.092500E+03,  8.900700E-01
  4.130000E+03,  5.631243E-01,  5.197919E-01,  4.095000E+03,  8.926000E-01
  4.150000E+03,  5.584638E-01,  5.238055E-01,  4.097500E+03,  8.948700E-01
  4.170000E+03,  5.566636E-01,  5.236924E-01,  4.100000E+03,  8.970200E-01
  4.190000E+03,  5.480397E-01,  5.313628E-01,  4.102500E+03,  8.991300E-01
  4.210000E+03,  5.425802E-01,  5.200143E-01,  4.105000E+03,  9.012100E-01
  4.230000E+03,  5.308410E-01,  5.047820E-01,  4.107500E+03,  9.031700E-01
  4.250000E+03,  5.152714E-01,  4.958559E-01,  4.110000E+03,  9.048700E-01
  4.270000E+03,  5.018444E-01,  4.820416E-01,  4.112500E+03,  9.062600E-01
  4.290000E+03,  4.924725E-01,  4.826280E-01,  4.115000E+03,  9.075200E-01
  4.310000E+03,  4.789758E-01,  4.724090E-01,  4.117500E+03,  9.089500E-01
  4.330000E+03,  4.578025E-01,  4.463804E-01,  4.120000E+03,  9.108800E-01
  4.350000E+03,  4.256305E-01,  4.215530E-01,  4.122500E+03,  9.134400E-01
  4.370000E+03,  4.587526E-01,  4.553670E-01,  4.125000E+03,  9.165200E-01
  4.390000E+03,  4.566205E-01,  4.522689E-01,  4.127500E+03,  9.197800E-01
  4.410000E+03,  4.499277E-01,  4.498827E-01,  4.130000E+03,  9.230500E-01
  4.430000E+03,  4.472733E-01,  4.408907E-01,  4.132500E+03,  9.262900E-01
  4.450000E+03,  4.380688E-01,  4.297718E-01,  4.135000E+03,  9.293500E-01
  4.470000E+03,  4.248156E-01,  4.212811E-01,  4.137500E+03,  9.321000E-01
  4.490000E+03,  4.263269E-01,  4.167558E-01,  4.140000E+03,  9.343500E-01
  4.510000E+03,  4.213220E-01,  4.054213E-01,  4.142500E+03,  9.360100E-01
  4.530000E+03,  4.161565E-01,  4.044459E-01,  4.145000E+03,  9.371000E-01
  4.550000E+03,  4.094858E-01,  3.975656E-01,  4.147500E+03,  9.377400E-01
  4.570000E+03,  4.025966E-01,  3.897055E-01,  4.150000E+03,  9.379400E-01
  4.590000E+03,  3.950935E-01,  3.816721E-01,  4.152500E+03,  9.377500E-01
  4.610000E+03,  3.862859E-01,  3.658900E-01,  4.155000E+03,  9.373500E-01
  4.630000E+03,  3.811928E-01,  3.578676E-01,  4.157500E+03,  9.369700E-01
  4.650000E+03,  3.653483E-01,  3.479943E-01,  4.160000E+03,  9.367600E-01
  4.670000E+03,  3.687215E-01,  3.520848E-01,  4.162500E+03,  9.369100E-01
  4.690000E+03,  3.655231E-01,  3.488261E-01,  4.165000E+03,  9.375600E-01
  4.710000E+03,  3.523259E-01,  3.406005E-01,  4.167500E+03,  9.387800E-01
  4.730000E+03,  3.560597E-01,  3.439821E-01,  4.170000E+03,  9.407700E-01
  4.750000E+03,  3.494284E-01,  3.326070E-01,  4.172500E+03,  9.437400E-01
  4.770000E+03,  3.487994E-01,  3.343870E-01,  4.175000E+03,  9.473600E-01
  4.790000E+03,  3.430043E-01,  3.342474E-01,  4.177500E+03,  9.513300E-01
  4.810000E+03,  3.360296E-01,  3.295140E-01,  4.180000E+03,  9.555400E-01
  4.830000E+03,  3.297050E-01,  3.234703E-01,  4.182500E+03,  9.597400E-01
  4.850000E+03,  3.173644E-01,  3.114361E-01,  4.185000E+03,  9.636700E-01
  4.870000E+03,  2.899801E-01,  2.819042E-01,  4.187500E+03,  9.670300E-01
  4.890000E+03,  3.162874E-01,  3.054925E-01,  4.190000E+03,  9.695700E-01
  4.910000E+03,  3.121613E-01,  3.046538E-01,  4.192500E+03,  9.710600E-01
  4.930000E+03,  3.033638E-01,  2.964229E-01,  4.195000E+03,  9.715400E-01
  4.950000E+03,  3.010632E-01,  2.926876E-01,  4.197500E+03,  9.710700E-01
  4.970000E+03,  3.004294E-01,  2.931800E-01,  4.200000E+03,  9.697000E-01
  4.990000E+03,  2.957076E-01,  2.897579E-01,  4.202500E+03,  9.675500E-01
  5.010000E+03,  2.845933E-01,  2.736848E-01,  4.205000E+03,  9.648000E-01
  5.030000E+03,  2.860785E-01,  2.695517E-01,  4.207500E+03,  9.616800E-01
  5.050000E+03,  2.807846E-01,  2.666415E-01,  4.210000E+03,  9.584100E-01
  5.070000E+03,  2.791878E-01,  2.705860E-01,  4.212500E+03,  9.552100E-01
  5.090000E+03,  2.743601E-01,  2.643954E-01,  4.215000E+03,  9.522400E-01
  5.110000E+03,  2.701857E-01,  2.569628E-01,  4.217500E+03,  9.497900E-01
  5.130000E+03,  2.654853E-01,  2.527845E-01,  4.220000E+03,  9.482600E-01
  5.150000E+03,  2.622520E-01,  2.518170E-01,  4.222500E+03,  9.478000E-01
  5.170000E+03,  2.589062E-01,  2.467609E-01,  4.225000E+03,  9.483100E-01
  5.190000E+03,  2.558483E-01,  2.418738E-01,  4.227500E+03,  9.494900E-01
  5.210000E+03,  2.519726E-01,  2.407069E-01,  4.230000E+03,  9.509100E-01
  5.230000E+03,  2.489198E-01,  2.403022E-01,  4.232500E+03,  9.523200E-01
  5.250000E+03,  2.454358E-01,  2.348796E-01,  4.235000E+03,  9.537800E-01
  5.270000E+03,  2.415330E-01,  2.279396E-01,  4.237500E+03,  9.554000E-01
  5.290000E+03,  2.388291E-01,  2.262547E-01,  4.240000E+03,  9.570800E-01
  5.310000E+03,  2.353721E-01,  2.267857E-01,  4.242500E+03,  9.587600E-01
  5.330000E+03,  2.323629E-01,  2.247879E-01,  4.245000E+03,  9.602900E-01
  5.350000E+03,  2.290196E-01,  2.193275E-01,  4.247500E+03,  9.615600E-01
  5.370000E+03,  2.261627E-01,  2.155828E-01,  4.250000E+03,  9.623200E-01
  5.390000E+03,  2.226090E-01,  2.131481E-01,  4.252500E+03,  9.623600E-01
  5.410000E+03,  2.198428E-01,  2.100136E-01,  4.255000E+03,  9.619400E-01
  5.430000E+03,  2.170492E-01,  2.046035E-01,  4.257500E+03,  9.613400E-01
  5.450000E+03,  2.138792E-01,  1.999343E-01,  4.260000E+03,  9.607000E-01
  5.470000E+03,  2.110987E-01,  1.982872E-01,  4.262500E+03,  9.601800E-01
  5.490000E+03,  2.084031E-01,  1.961031E-01,  4.265000E+03,  9.599300E-01
  5.510000E+03,  2.059284E-01,  1.914681E-01,  4.267500E+03,  9.600000E-01
  5.530000E+03,  2.028687E-01,  1.863957E-01,  4.270000E+03,  9.605400E-01
  5.550000E+03,  2.005837E-01,  1.838630E-01,  4.272500E+03,  9.616500E-01
  5.570000E+03,  1.978380E-01,  1.816133E-01,  4.275000E+03,  9.632800E-01
  5.590000E+03,  1.952443E-01,  1.779769E-01,  4.277500E+03,  9.653800E-01
  5.610000E+03,  1.927225E-01,  1.728220E-01,  4.280000E+03,  9.679000E-01
  5.630000E+03,  1.903724E-01,  1.684739E-01,  4.282500E+03,  9.707500E-01
  5.650000E+03,  1.873778E-01,  1.659418E-01,  4.285000E+03,  9.738100E-01
  5.670000E+03,  1.843337E-01,  1.650100E-01,  4.287500E+03,  9.769100E-01
  5.690000E+03,  1.810178E-01,  1.625938E-01,  4.290000E+03,  9.800100E-01
  5.710000E+03,  1.796643E-01,  1.609182E-01,  4.292500E+03,  9.830700E-01
  5.730000E+03,  1.777691E-01,  1.588740E-01,  4.295000E+03,  9.858600E-01
  5.750000E+03,  1.747430E-01,  1.562831E-01,  4.297500E+03,  9.880600E-01
  5.770000E+03,  1.735665E-01,  1.552258E-01,  4.300000E+03,  9.893900E-01
  5.790000E+03,  1.712204E-01,  1.523656E-01,  4.302500E+03,  9.897500E-01
  5.810000E+03,  1.690888E-01,  1.492293E-01,  4.305000E+03,  9.892000E-01
  5.830000E+03,  1.666022E-01,  1.469948E-01,  4.307500E+03,  9.879800E-01
  5.850000E+03,  1.648983E-01,  1.466062E-01,  4.310000E+03,  9.862900E-01
  5.870000E+03,  1.593623E-01,  1.429464E-01,  4.312500E+03,  9.843000E-01
  5.890000E+03,  1.599159E-01,  1.437005E-01,  4.315000E+03,  9.821100E-01
  5.910000E+03,  1.584540E-01,  1.412538E-01,  4.317500E+03,  9.799100E-01
  5.930000E+03,  1.563850E-01,  1.377689E-01,  4.320000E+03,  9.779600E-01
  5.950000E+03,  1.543985E-01,  1.350801E-01,  4.322500E+03,  9.764500E-01
  5.970000E+03,  1.533289E-01,  1.336353E-01,  4.325000E+03,  9.754600E-01
  5.990000E+03,  1.508234E-01,  1.314335E-01,  4.327500E+03,  9.750000E-01
  6.010000E+03,  1.493931E-01,  1.303754E-01,  4.330000E+03,  9.750500E-01
  6.030000E+03,  1.473003E-01,  1.279053E-01,  4.332500E+03,  9.756000E-01
  6.050000E+03,  1.456576E-01,  1.267309E-01,  4.335000E+03,  9.766600E-01
  6.070000E+03,  1.441065E-01,  1.260759E-01,  4.337500E+03,  9.782200E-01
  6.090000E+03,  1.423963E-01,  1.256035E-01,  4.340000E+03,  9.802700E-01
  6.110000E+03,  1.406642E-01,  1.246229E-01,  4.342500E+03,  9.827000E-01
  6.130000E+03,  1.390420E-01,  1.229535E-01,  4.345000E+03,  9.853400E-01
  6.150000E+03,  1.368419E-01,  1.202430E-01,  4.347500E+03,  9.879900E-01
  6.170000E+03,  1.353388E-01,  1.174388E-01,  4.350000E+03,  9.904200E-01
  6.190000E+03,  1.340145E-01,  1.145784E-01,  4.352500E+03,  9.924400E-01
  6.210000E+03,  1.325441E-01,  1.121164E-01,  4.355000E+03,  9.940600E-01
  6.230000E+03,  1.310054E-01,  1.104428E-01,  4.357500E+03,  9.951800E-01
  6.250000E+03,  1.292531E-01,  1.091426E-01,  4.360000E+03,  9.956700E-01
  6.270000E+03,  1.278104E-01,  1.086159E-01,  4.362500E+03,  9.954900E-01
  6.290000E+03,  1.264002E-01,  1.078042E-01,  4.365000E+03,  9.947800E-01
  6.310000E+03,  1.247563E-01,  1.064133E-01,  4.367500E+03,  9.937300E-01
  6.330000E+03,  1.234868E-01,  1.050070E-01,  4.370000E+03,  9.926200E-01
  6.350000E+03,  1.217753E-01,  1.027174E-01,  4.372500E+03,  9.916200E-01
  6.370000E+03,  1.206361E-01,  1.008735E-01,  4.375000E+03,  9.907500E-01
  6.390000E+03,  1.191998E-01,  9.853652E-02,  4.377500E+03,  9.900100E-01
  6.410000E+03,  1.178204E-01,  9.614265E-02,  4.380000E+03,  9.894600E-01
  6.430000E+03,  1.165590E-01,  9.433706E-02,  4.382500E+03,  9.891600E-01
  6.450000E+03,  1.151907E-01,  9.260412E-02,  4.385000E+03,  9.891800E-01
  6.470000E+03,  1.134364E-01,  9.094086E-02,  4.387500E+03,  9.895600E-01
  6.490000E+03,  1.122227E-01,  8.942126E-02,  4.390000E+03,  9.904700E-01
  6.510000E+03,  1.110710E-01,  8.789271E-02,  4.392500E+03,  9.920800E-01
  6.530000E+03,  1.095491E-01,  8.571010E-02,  4.395000E+03,  9.940900E-01
  6.550000E+03,  1.069963E-01,  8.199980E-02,  4.397500E+03,  9.961000E-01
  6.570000E+03,  9.675643E-02,  7.220448E-02,  4.400000E+03,  9.978300E-01
  6.590000E+03,  1.053969E-01,  7.690915E-02,  4.402500E+03,  9.990700E-01
  6.610000E+03,  1.049668E-01,  7.555510E-02,  4.405000E+03,  9.997600E-01
  6.630000E+03,  1.039161E-01,  7.133733E-02,  4.407500E+03,  1.000000E+00
  6.650000E+03,  1.025795E-01,  5.984078E-02,  4.410000E+03,  9.999000E-01
  6.670000E+03,  1.008278E-01,  4.277920E-02,  4.412500E+03,  9.995300E-01
  6.690000E+03,  9.975817E-02,  2.796221E-02,  4.415000E+03,  9.988000E-01
  6.710000E+03,  9.937868E-02,  1.716170E-02,  4.417500E+03,  9.975800E-01
  6.730000E+03,  9.797002E-02,  9.111212E-03,  4.420000E+03,  9.958300E-01
  6.750000E+03,  9.729639E-02,  4.110772E-03,  4.422500E+03,  9.936100E-01
  6.770000E+03,  9.624816E-02,  1.770004E-03,  4.425000E+03,  9.910400E-01
  6.790000E+03,  9.464243E-02,  8.006749E-04,  4.427500E+03,  9.883700E-01
  6.810000E+03,  9.404644E-02,  4.128639E-04,  4.430000E+03,  9.857300E-01
  6.830000E+03,  9.289536E-02,  2.396700E-04,  4.432500E+03,  9.832000E-01
  6.850000E+03,  9.207313E-02,  1.638902E-04,  4.435000E+03,  9.809700E-01
  6.870000E+03,  9.104956E-02,  1.238274E-04,  4.437500E+03,  9.792300E-01
  6.890000E+03,  8.989079E-02,  1.078690E-04,  4.440000E+03,  9.782000E-01
  6.910000E+03,  8.870743E-02,  0.000000E+00,  4.442500E+03,  9.779500E-01
  6.930000E+03,  8.819317E-02,  0.000000E+00,  4.445000E+03,  9.784800E-01
  6.950000E+03,  8.727467E-02,  0.000000E+00,  4.447500E+03,  9.795600E-01
  6.970000E+03,  8.634419E-02,  0.000000E+00,  4.450000E+03,  9.810600E-01
  6.990000E+03,  8.540079E-02,  0.000000E+00,  4.452500E+03,  9.828800E-01
  7.010000E+03,  8.447958E-02,  0.000000E+00,  4.455000E+03,  9.848900E-01
  7.030000E+03,  8.354821E-02,  0.000000E+00,  4.457500E+03,  9.869100E-01
  7.050000E+03,  8.270125E-02,  0.000000E+00,  4.460000E+03,  9.887200E-01
  7.070000E+03,  8.068306E-02,  0.000000E+00,  4.462500E+03,  9.901400E-01
  7.090000E+03,  8.098895E-02,  0.000000E+00,  4.465000E+03,  9.910900E-01
  7.110000E+03,  7.970658E-02,  0.000000E+00,  4.467500E+03,  9.915800E-01
  7.130000E+03,  7.894088E-02,  0.000000E+00,  4.470000E+03,  9.916800E-01
  7.150000E+03,  7.847204E-02,  0.000000E+00,  4.472500E+03,  9.914400E-01
  7.170000E+03,  7.765533E-02,  0.000000E+00,  4.475000E+03,  9.907400E-01
  7.190000E+03,  7.688071E-02,  0.000000E+00,  4.477500E+03,  9.895300E-01
  7.210000E+03,  7.608179E-02,  0.000000E+00,  4.480000E+03,  9.878400E-01
  7.230000E+03,  7.441386E-02,  0.000000E+00,  4.482500E+03,  9.857200E-01
  7.250000E+03,  7.428055E-02,  0.000000E+00,  4.485000E+03,  9.832500E-01
  7.270000E+03,  7.374575E-02,  0.000000E+00,  4.487500E+03,  9.805100E-01
  7.290000E+03,  7.245701E-02,  0.000000E+00,  4.490000E+03,  9.775500E-01
  7.310000E+03,  7.222853E-02,  0.000000E+00,  4.492500E+03,  9.744300E-01
  7.330000E+03,  7.148068E-02,  0.000000E+00,  4.495000E+03,  9.713300E-01
  7.350000E+03,  7.077172E-02,  0.000000E+00,  4.497500E+03,  9.684900E-01
  7.370000E+03,  7.007361E-02,  0.000000E+00,  4.500000E+03,  9.660700E-01
  7.390000E+03,  6.936499E-02,  0.000000E+00,  4.502500E+03,  9.642000E-01
  7.410000E+03,  6.866793E-02,  0.000000E+00,  4.505000E+03,  9.629500E-01
  7.430000E+03,  6.795731E-02,  0.000000E+00,  4.507500E+03,  9.623100E-01
  7.450000E+03,  6.727532E-02,  0.000000E+00,  4.510000E+03,  9.622600E-01
  7.470000E+03,  6.614034E-02,  0.000000E+00,  4.512500E+03,  9.628300E-01
  7.490000E+03,  6.586940E-02,  0.000000E+00,  4.515000E+03,  9.638900E-01
  7.510000E+03,  6.526280E-02,  0.000000E+00,  4.517500E+03,  9.653000E-01
  7.530000E+03,  6.456146E-02,  0.000000E+00,  4.520000E+03,  9.668300E-01
  7.550000E+03,  6.400756E-02,  0.000000E+00,  4.522500E+03,  9.683000E-01
  7.570000E+03,  6.337454E-02,  0.000000E+00,  4.525000E+03,  9.696400E-01
  7.590000E+03,  6.272139E-02,  0.000000E+00,  4.527500E+03,  9.708400E-01
  7.610000E+03,  6.196900E-02,  0.000000E+00,  4.530000E+03,  9.718600E-01
  7.630000E+03,  6.150176E-02,  0.000000E+00,  4.532500E+03,  9.725900E-01
  7.650000E+03,  6.088390E-02,  0.000000E+00,  4.535000E+03,  9.730300E-01
  7.670000E+03,  6.032464E-02,  0.000000E+00,  4.537500E+03,  9.732000E-01
  7.690000E+03,  5.971182E-02,  0.000000E+00,  4.540000E+03,  9.731000E-01
  7.710000E+03,  5.913120E-02,  0.000000E+00,  4.542500E+03,  9.727700E-01
  7.730000E+03,  5.849881E-02,  0.000000E+00,  4.545000E+03,  9.722500E-01
  7.750000E+03,  5.800880E-02,  0.000000E+00,  4.547500E+03,  9.715800E-01
  7.770000E+03,  5.731057E-02,  0.000000E+00,  4.550000E+03,  9.708900E-01
  7.790000E+03,  5.690368E-02,  0.000000E+00,  4.552500E+03,  9.702500E-01
  7.810000E+03,  5.633072E-02,  0.000000E+00,  4.555000E+03,  9.696500E-01
  7.830000E+03,  5.582085E-02,  0.000000E+00,  4.557500E+03,  9.691000E-01
  7.850000E+03,  5.530912E-02,  0.000000E+00,  4.560000E+03,  9.686600E-01
  7.870000E+03,  5.463807E-02,  0.000000E+00,  4.562500E+03,  9.683400E-01
  7.890000E+03,  5.403678E-02,  0.000000E+00,  4.565000E+03,  9.681400E-01
  7.910000E+03,  5.369625E-02,  0.000000E+00,  4.567500E+03,  9.680200E-01
  7.930000E+03,  5.316001E-02,  0.000000E+00,  4.570000E+03,  9.679800E-01
  7.950000E+03,  5.266128E-02,  0.000000E+00,  4.572500E+03,  9.680400E-01
  7.970000E+03,  5.212232E-02,  0.000000E+00,  4.575000E+03,  9.681000E-01
  7.990000E+03,  5.164761E-02,  0.000000E+00,  4.577500E+03,  9.681000E-01
  8.010000E+03,  5.115477E-02,  0.000000E+00,  4.580000E+03,  9.680800E-01
  8.030000E+03,  5.068618E-02,  0.000000E+00,  4.582500E+03,  9.679900E-01
  8.050000E+03,  5.025350E-02,  0.000000E+00,  4.585000E+03,  9.677300E-01
  8.070000E+03,  4.979708E-02,  0.000000E+00,  4.587500E+03,  9.671300E-01
  8.090000E+03,  4.927658E-02,  0.000000E+00,  4.590000E+03,  9.660300E-01
  8.110000E+03,  4.848617E-02,  0.000000E+00,  4.592500E+03,  9.643200E-01
  8.130000E+03,  4.843472E-02,  0.000000E+00,  4.595000E+03,  9.621100E-01
  8.150000E+03,  4.792786E-02,  0.000000E+00,  4.597500E+03,  9.596300E-01
  8.170000E+03,  4.757027E-02,  0.000000E+00,  4.600000E+03,  9.570500E-01
  8.190000E+03,  4.682210E-02,  0.000000E+00,  4.602500E+03,  9.544900E-01
  8.210000E+03,  4.644576E-02,  0.000000E+00,  4.605000E+03,  9.520400E-01
  8.230000E+03,  4.599397E-02,  0.000000E+00,  4.607500E+03,  9.496300E-01
  8.250000E+03,  4.580458E-02,  0.000000E+00,  4.610000E+03,  9.472000E-01
  8.270000E+03,  4.485218E-02,  0.000000E+00,  4.612500E+03,  9.446900E-01
  8.290000E+03,  4.488392E-02,  0.000000E+00,  4.615000E+03,  9.423300E-01
  8.310000E+03,  4.454247E-02,  0.000000E+00,  4.617500E+03,  9.403600E-01
  8.330000E+03,  4.414559E-02,  0.000000E+00,  4.620000E+03,  9.389000E-01
  8.350000E+03,  4.354606E-02,  0.000000E+00,  4.622500E+03,  9.380400E-01
  8.370000E+03,  4.320699E-02,  0.000000E+00,  4.625000E+03,  9.377900E-01
  8.390000E+03,  4.292705E-02,  0.000000E+00,  4.627500E+03,  9.380700E-01
  8.410000E+03,  4.248673E-02,  0.000000E+00,  4.630000E+03,  9.388100E-01
  8.430000E+03,  4.211428E-02,  0.000000E+00,  4.632500E+03,  9.398500E-01
  8.450000E+03,  4.147887E-02,  0.000000E+00,  4.635000E+03,  9.412100E-01
  8.470000E+03,  4.125382E-02,  0.000000E+00,  4.637500E+03,  9.429000E-01
  8.490000E+03,  4.099517E-02,  0.000000E+00,  4.640000E+03,  9.448100E-01
  8.510000E+03,  4.032768E-02,  0.000000E+00,  4.642500E+03,  9.468300E-01
  8.530000E+03,  4.038881E-02,  0.000000E+00,  4.645000E+03,  9.488700E-01
  8.550000E+03,  3.923644E-02,  0.000000E+00,  4.647500E+03,  9.508000E-01
  8.570000E+03,  4.008449E-02,  0.000000E+00,  4.650000E+03,  9.525000E-01
  8.590000E+03,  3.851927E-02,  0.000000E+00,  4.652500E+03,  9.538700E-01
  8.610000E+03,  3.826981E-02,  0.000000E+00,  4.655000E+03,  9.548800E-01
  8.630000E+03,  3.932327E-02,  0.000000E+00,  4.657500E+03,  9.555700E-01
  8.650000E+03,  3.837548E-02,  0.000000E+00,  4.660000E+03,  9.559400E-01
  8.670000E+03,  3.599939E-02,  0.000000E+00,  4.662500E+03,  9.560100E-01
  8.690000E+03,  3.835353E-02,  0.000000E+00,  4.665000E+03,  9.558100E-01
  8.710000E+03,  3.830546E-02,  0.000000E+00,  4.667500E+03,  9.554200E-01
  8.730000E+03,  3.739339E-02,  0.000000E+00,  4.670000E+03,  9.548800E-01
  8.750000E+03,  3.425500E-02,  0.000000E+00,  4.672500E+03,  9.542600E-01
  8.770000E+03,  3.646504E-02,  0.000000E+00,  4.675000E+03,  9.536500E-01
  8.790000E+03,  3.705990E-02,  0.000000E+00,  4.677500E+03,  9.531200E-01
  8.810000E+03,  3.682873E-02,  0.000000E+00,  4.680000E+03,  9.527800E-01
  8.830000E+03,  3.637448E-02,  0.000000E+00,  4.682500E+03,  9.527000E-01
  8.850000E+03,  3.480610E-02,  0.000000E+00,  4.685000E+03,  9.529100E-01
  8.870000E+03,  3.246012E-02,  0.000000E+00,  4.687500E+03,  9.534300E-01
  8.890000E+03,  3.534227E-02,  0.000000E+00,  4.690000E+03,  9.543200E-01
  8.910000E+03,  3.527149E-02,  0.000000E+00,  4.692500E+03,  9.556100E-01
  8.930000E+03,  3.497025E-02,  0.000000E+00,  4.695000E+03,  9.572100E-01
  8.950000E+03,  3.476180E-02,  0.000000E+00,  4.697500E+03,  9.589800E-01
  8.970000E+03,  3.444911E-02,  0.000000E+00,  4.700000E+03,  9.607600E-01
  8.990000E+03,  3.373748E-02,  0.000000E+00,  4.702500E+03,  9.624500E-01
  9.010000E+03,  3.071823E-02,  0.000000E+00,  4.705000E+03,  9.639900E-01
  9.030000E+03,  3.211058E-02,  0.000000E+00,  4.707500E+03,  9.653900E-01
  9.050000E+03,  3.319432E-02,  0.000000E+00,  4.710000E+03,  9.667200E-01
  9.070000E+03,  3.278215E-02,  0.000000E+00,  4.712500E+03,  9.680600E-01
  9.090000E+03,  3.266872E-02,  0.000000E+00,  4.715000E+03,  9.692000E-01
  9.110000E+03,  3.251086E-02,  0.000000E+00,  4.717500E+03,  9.699400E-01
  9.130000E+03,  3.225267E-02,  0.000000E+00,  4.720000E+03,  9.701700E-01
  9.150000E+03,  3.199019E-02,  0.000000E+00,  4.722500E+03,  9.698600E-01
  9.170000E+03,  3.164152E-02,  0.000000E+00,  4.725000E+03,  9.690300E-01
  9.190000E+03,  3.137201E-02,  0.000000E+00,  4.727500E+03,  9.677500E-01
  9.210000E+03,  3.038935E-02,  0.000000E+00,  4.730000E+03,  9.660800E-01
  9.230000E+03,  2.740034E-02,  0.000000E+00,  4.732500E+03,  9.641100E-01
  9.250000E+03,  2.994884E-02,  0.000000E+00,  4.735000E+03,  9.619400E-01
  9.270000E+03,  3.022102E-02,  0.000000E+00,  4.737500E+03,  9.596800E-01
  9.290000E+03,  3.014863E-02,  0.000000E+00,  4.740000E+03,  9.575200E-01
  9.310000E+03,  2.979000E-02,  0.000000E+00,  4.742500E+03,  9.555800E-01
  9.330000E+03,  2.954781E-02,  0.000000E+00,  4.745000E+03,  9.539600E-01
  9.350000E+03,  2.940341E-02,  0.000000E+00,  4.747500E+03,  9.527100E-01
  9.370000E+03,  2.918312E-02,  0.000000E+00,  4.750000E+03,  9.518600E-01
  9.390000E+03,  2.896026E-02,  0.000000E+00,  4.752500E+03,  9.514500E-01
  9.410000E+03,  2.869453E-02,  0.000000E+00,  4.755000E+03,  9.515200E-01
  9.430000E+03,  2.847613E-02,  0.000000E+00,  4.757500E+03,  9.520200E-01
  9.450000E+03,  2.823797E-02,  0.000000E+00,  4.760000E+03,  9.528400E-01
  9.470000E+03,  2.790267E-02,  0.000000E+00,  4.762500E+03,  9.539000E-01
  9.490000E+03,  2.775393E-02,  0.000000E+00,  4.765000E+03,  9.551900E-01
  9.510000E+03,  2.728769E-02,  0.000000E+00,  4.767500E+03,  9.567700E-01
  9.530000E+03,  2.652434E-02,  0.000000E+00,  4.770000E+03,  9.586800E-01
  9.550000E+03,  2.407846E-02,  0.000000E+00,  4.772500E+03,  9.608200E-01
  9.570000E+03,  2.651928E-02,  0.000000E+00,  4.775000E+03,  9.631500E-01
  9.590000E+03,  2.666506E-02,  0.000000E+00,  4.777500E+03,  9.655100E-01
  9.610000E+03,  2.638380E-02,  0.000000E+00,  4.780000E+03,  9.677500E-01
  9.630000E+03,  2.610793E-02,  0.000000E+00,  4.782500E+03,  9.697600E-01
  9.650000E+03,  2.610354E-02,  0.000000E+00,  4.785000E+03,  9.715100E-01
  9.670000E+03,  2.589912E-02,  0.000000E+00,  4.787500E+03,  9.730600E-01
  9.690000E+03,  2.567200E-02,  0.000000E+00,  4.790000E+03,  9.744700E-01
  9.710000E+03,  2.532640E-02,  0.000000E+00,  4.792500E+03,  9.757700E-01
  9.730000E+03,  2.527530E-02,  0.000000E+00,  4.795000E+03,  9.768800E-01
  9.750000E+03,  2.508963E-02,  0.000000E+00,  4.797500E+03,  9.778100E-01
  9.770000E+03,  2.489556E-02,  0.000000E+00,  4.800000E+03,  9.786100E-01
  9.790000E+03,  2.469780E-02,  0.000000E+00,  4.802500E+03,  9.793300E-01
  9.810000E+03,  2.445899E-02,  0.000000E+00,  4.805000E+03,  9.799200E-01
  9.830000E+03,  2.431282E-02,  0.000000E+00,  4.807500E+03,  9.803700E-01
  9.850000E+03,  2.410433E-02,  0.000000E+00,  4.810000E+03,  9.806100E-01
  9.870000E+03,  2.392340E-02,  0.000000E+00,  4.812500E+03,  9.806400E-01
  9.890000E+03,  2.368355E-02,  0.000000E+00,  4.815000E+03,  9.805300E-01
  9.910000E+03,  2.343375E-02,  0.000000E+00,  4.817500E+03,  9.803700E-01
  9.930000E+03,  2.338272E-02,  0.000000E+00,  4.820000E+03,  9.802900E-01
  9.950000E+03,  2.319918E-02,  0.000000E+00,  4.822500E+03,  9.803500E-01
  9.970000E+03,  2.301314E-02,  0.000000E+00,  4.825000E+03,  9.805400E-01
  9.990000E+03,  2.284080E-02,  0.000000E+00,  4.827500E+03,  9.807800E-01
  1.002500E+04,  2.192008E-02,  0.000000E+00,  4.830000E+03,  9.810900E-01
  1.007500E+04,  2.121880E-02,  0.000000E+00,  4.832500E+03,  9.815200E-01
  1.012500E+04,  2.161929E-02,  0.000000E+00,  4.835000E+03,  9.819700E-01
  1.017500E+04,  2.130533E-02,  0.000000E+00,  4.837500E+03,  9.823300E-01
  1.022500E+04,  2.089551E-02,  0.000000E+00,  4.840000E+03,  9.825300E-01
  1.027500E+04,  2.051627E-02,  0.000000E+00,  4.842500E+03,  9.825200E-01
  1.032500E+04,  2.007273E-02,  0.000000E+00,  4.845000E+03,  9.822800E-01
  1.037500E+04,  1.976949E-02,  0.000000E+00,  4.847500E+03,  9.818500E-01
  1.042500E+04,  1.940794E-02,  0.000000E+00,  4.850000E+03,  9.813200E-01
  1.047500E+04,  1.905559E-02,  0.000000E+00,  4.852500E+03,  9.807600E-01
  1.052500E+04,  1.870061E-02,  0.000000E+00,  4.855000E+03,  9.801000E-01
  1.057500E+04,  1.836997E-02,  0.000000E+00,  4.857500E+03,  9.792400E-01
  1.062500E+04,  1.803899E-02,  0.000000E+00,  4.860000E+03,  9.781400E-01
  1.067500E+04,  1.769071E-02,  0.000000E+00,  4.862500E+03,  9.768000E-01
  1.072500E+04,  1.740177E-02,  0.000000E+00,  4.865000E+03,  9.752800E-01
  1.077500E+04,  1.708992E-02,  0.000000E+00,  4.867500E+03,  9.737100E-01
  1.082500E+04,  1.661725E-02,  0.000000E+00,  4.870000E+03,  9.721500E-01
  1.087500E+04,  1.647964E-02,  0.000000E+00,  4.872500E+03,  9.706700E-01
  1.092500E+04,  1.524590E-02,  0.000000E+00,  4.875000E+03,  9.693300E-01
  1.097500E+04,  1.573001E-02,  0.000000E+00,  4.877500E+03,  9.681500E-01
  1.102500E+04,  1.556672E-02,  0.000000E+00,  4.880000E+03,  9.671600E-01
  1.107500E+04,  1.537141E-02,  0.000000E+00,  4.882500E+03,  9.663700E-01
  1.112500E+04,  1.510672E-02,  0.000000E+00,  4.885000E+03,  9.658400E-01
  1.117500E+04,  1.485254E-02,  0.000000E+00,  4.887500E+03,  9.656800E-01
  1.122500E+04,  1.459344E-02,  0.000000E+00,  4.890000E+03,  9.658700E-01
  1.127500E+04,  1.434097E-02,  0.000000E+00,  4.892500E+03,  9.664300E-01
  1.132500E+04,  1.407267E-02,  0.000000E+00,  4.895000E+03,  9.673200E-01
  1.137500E+04,  1.386308E-02,  0.000000E+00,  4.897500E+03,  9.684900E-01
  1.142500E+04,  1.362842E-02,  0.000000E+00,  4.900000E+03,  9.699100E-01
  1.147500E+04,  1.340524E-02,  0.000000E+00,  4.902500E+03,  9.714900E-01
  1.152500E+04,  1.318676E-02,  0.000000E+00,  4.905000E+03,  9.731000E-01
  1.157500E+04,  1.296211E-02,  0.000000E+00,  4.907500E+03,  9.746500E-01
  1.162500E+04,  1.274749E-02,  0.000000E+00,  4.910000E+03,  9.759500E-01
  1.167500E+04,  1.252348E-02,  0.000000E+00,  4.912500E+03,  9.768100E-01
  1.172500E+04,  1.233976E-02,  0.000000E+00,  4.915000E+03,  9.773200E-01
  1.177500E+04,  1.213647E-02,  0.000000E+00,  4.917500E+03,  9.776000E-01
  1.182500E+04,  1.193832E-02,  0.000000E+00,  4.920000E+03,  9.777500E-01
  1.187500E+04,  1.174856E-02,  0.000000E+00,  4.922500E+03,  9.778400E-01
  1.192500E+04,  1.155819E-02,  0.000000E+00,  4.925000E+03,  9.778200E-01
  1.197500E+04,  1.129009E-02,  0.000000E+00,  4.927500E+03,  9.776100E-01
  1.202500E+04,  1.119101E-02,  0.000000E+00,  4.930000E+03,  9.771200E-01
  1.207500E+04,  1.101342E-02,  0.000000E+00,  4.932500E+03,  9.763000E-01
  1.212500E+04,  1.083750E-02,  0.000000E+00,  4.935000E+03,  9.752900E-01
  1.217500E+04,  1.066651E-02,  0.000000E+00,  4.937500E+03,  9.742700E-01
  1.222500E+04,  1.049835E-02,  0.000000E+00,  4.940000E+03,  9.734200E-01
  1.227500E+04,  1.033476E-02,  0.000000E+00,  4.942500E+03,  9.728200E-01
  1.232500E+04,  1.016953E-02,  0.000000E+00,  4.945000E+03,  9.724900E-01
  1.237500E+04,  1.001154E-02,  0.000000E+00,  4.947500E+03,  9.723200E-01
  1.242500E+04,  9.860222E-03,  0.000000E+00,  4.950000E+03,  9.721800E-01
  1.247500E+04,  9.697172E-03,  0.000000E+00,  4.952500E+03,  9.719500E-01
  1.252500E+04,  9.528725E-03,  0.000000E+00,  4.955000E+03,  9.717900E-01
  1.257500E+04,  9.401726E-03,  0.000000E+00,  4.957500E+03,  9.718400E-01
  1.262500E+04,  9.259249E-03,  0.000000E+00,  4.960000E+03,  9.721700E-01
  1.267500E+04,  9.127222E-03,  0.000000E+00,  4.962500E+03,  9.727900E-01
  1.272500E+04,  8.989241E-03,  0.000000E+00,  4.965000E+03,  9.736800E-01
  1.277500E+04,  8.740840E-03,  0.000000E+00,  4.967500E+03,  9.747100E-01
  1.282500E+04,  8.216749E-03,  0.000000E+00,  4.970000E+03,  9.758700E-01
  1.287500E+04,  8.566563E-03,  0.000000E+00,  4.972500E+03,  9.771500E-01
  1.292500E+04,  8.461127E-03,  0.000000E+00,  4.975000E+03,  9.784000E-01
  1.297500E+04,  8.286859E-03,  0.000000E+00,  4.977500E+03,  9.794800E-01
  1.302500E+04,  8.203057E-03,  0.000000E+00,  4.980000E+03,  9.803400E-01
  1.307500E+04,  8.091561E-03,  0.000000E+00,  4.982500E+03,  9.808600E-01
  1.312500E+04,  7.972911E-03,  0.000000E+00,  4.985000E+03,  9.810000E-01
  1.317500E+04,  7.855310E-03,  0.000000E+00,  4.987500E+03,  9.806700E-01
  1.322500E+04,  7.741264E-03,  0.000000E+00,  4.990000E+03,  9.798800E-01
  1.327500E+04,  7.628821E-03,  0.000000E+00,  4.992500E+03,  9.786200E-01
  1.332500E+04,  7.515334E-03,  0.000000E+00,  4.995000E+03,  9.769100E-01
  1.337500E+04,  7.400463E-03,  0.000000E+00,  4.997500E+03,  9.747900E-01
  1.342500E+04,  7.292903E-03,  0.000000E+00,  5.000000E+03,  9.724300E-01
  1.347500E+04,  7.196099E-03,  0.000000E+00,  5.002500E+03,  9.699400E-01
  1.352500E+04,  7.085648E-03,  0.000000E+00,  5.005000E+03,  9.673300E-01
  1.357500E+04,  6.991628E-03,  0.000000E+00,  5.007500E+03,  9.645800E-01
  1.362500E+04,  6.883579E-03,  0.000000E+00,  5.010000E+03,  9.616700E-01
  1.367500E+04,  6.795641E-03,  0.000000E+00,  5.012500E+03,  9.586400E-01
  1.372500E+04,  6.693015E-03,  0.000000E+00,  5.015000E+03,  9.556400E-01
  1.377500E+04,  6.607832E-03,  0.000000E+00,  5.017500E+03,  9.527500E-01
  1.382500E+04,  6.515777E-03,  0.000000E+00,  5.020000E+03,  9.500000E-01
  1.387500E+04,  6.423889E-03,  0.000000E+00,  5.022500E+03,  9.474700E-01
  1.392500E+04,  6.327313E-03,  0.000000E+00,  5.025000E+03,  9.452600E-01
  1.397500E+04,  6.246133E-03,  0.000000E+00,  5.027500E+03,  9.435100E-01
  1.402500E+04,  6.154987E-03,  0.000000E+00,  5.030000E+03,  9.422300E-01
  1.407500E+04,  6.076807E-03,  0.000000E+00,  5.032500E+03,  9.413500E-01
  1.412500E+04,  5.991798E-03,  0.000000E+00,  5.035000E+03,  9.410100E-01
  1.417500E+04,  5.911407E-03,  0.000000E+00,  5.037500E+03,  9.412800E-01
  1.422500E+04,  5.831443E-03,  0.000000E+00,  5.040000E+03,  9.420800E-01
  1.427500E+04,  5.751277E-03,  0.000000E+00,  5.042500E+03,  9.433600E-01
  1.432500E+04,  5.674114E-03,  0.000000E+00,  5.045000E+03,  9.450700E-01
  1.437500E+04,  5.597216E-03,  0.000000E+00,  5.047500E+03,  9.472000E-01
  1.442500E+04,  5.523574E-03,  0.000000E+00,  5.050000E+03,  9.496300E-01
  1.447500E+04,  5.449048E-03,  0.000000E+00,  5.052500E+03,  9.521600E-01
  1.452500E+04,  5.375869E-03,  0.000000E+00,  5.055000E+03,  9.547800E-01
  1.457000E+04,  5.311632E-03,  0.000000E+00,  5.057500E+03,  9.574800E-01
  1.462000E+04,  5.242072E-03,  0.000000E+00,  5.060000E+03,  9.602200E-01
  1.467500E+04,  5.166317E-03,  0.000000E+00,  5.062500E+03,  9.629300E-01
  1.472500E+04,  5.098468E-03,  0.000000E+00,  5.065000E+03,  9.654600E-01
  1.477500E+04,  5.030389E-03,  0.000000E+00,  5.067500E+03,  9.676000E-01
  1.482500E+04,  4.966374E-03,  0.000000E+00,  5.070000E+03,  9.691900E-01
  1.487500E+04,  4.902013E-03,  0.000000E+00,  5.072500E+03,  9.701600E-01
  1.492500E+04,  4.838188E-03,  0.000000E+00,  5.075000E+03,  9.705100E-01
  1.497500E+04,  4.775798E-03,  0.000000E+00,  5.077500E+03,  9.702900E-01
  1.502500E+04,  4.712147E-03,  0.000000E+00,  5.080000E+03,  9.696000E-01
  1.507500E+04,  4.645864E-03,  0.000000E+00,  5.082500E+03,  9.685500E-01
  1.512500E+04,  4.593395E-03,  0.000000E+00,  5.085000E+03,  9.671900E-01
  1.517500E+04,  4.533923E-03,  0.000000E+00,  5.087500E+03,  9.655300E-01
  1.522500E+04,  4.476542E-03,  0.000000E+00,  5.090000E+03,  9.636800E-01
  1.527500E+04,  4.416429E-03,  0.000000E+00,  5.092500E+03,  9.618200E-01
  1.532500E+04,  4.359336E-03,  0.000000E+00,  5.095000E+03,  9.599400E-01
  1.537500E+04,  4.308401E-03,  0.000000E+00,  5.097500E+03,  9.580600E-01
  1.542500E+04,  4.243135E-03,  0.000000E+00,  5.100000E+03,  9.562700E-01
  1.547500E+04,  4.201074E-03,  0.000000E+00,  5.102500E+03,  9.546400E-01
  1.552500E+04,  4.148271E-03,  0.000000E+00,  5.105000E+03,  9.532000E-01
  1.557500E+04,  4.071607E-03,  0.000000E+00,  5.107500E+03,  9.520100E-01
  1.562500E+04,  4.058116E-03,  0.000000E+00,  5.110000E+03,  9.510600E-01
  1.567500E+04,  3.983786E-03,  0.000000E+00,  5.112500E+03,  9.503100E-01
  1.572500E+04,  3.911466E-03,  0.000000E+00,  5.115000E+03,  9.498600E-01
  1.577500E+04,  3.914659E-03,  0.000000E+00,  5.117500E+03,  9.496900E-01
  1.582500E+04,  3.864570E-03,  0.000000E+00,  5.120000E+03,  9.497400E-01
  1.587500E+04,  3.726153E-03,  0.000000E+00,  5.122500E+03,  9.500000E-01
  1.592500E+04,  3.757644E-03,  0.000000E+00,  5.125000E+03,  9.504500E-01
  1.597500E+04,  3.733179E-03,  0.000000E+00,  5.127500E+03,  9.511400E-01
  1.605000E+04,  3.652480E-03,  0.000000E+00,  5.130000E+03,  9.521600E-01
  1.615000E+04,  3.512706E-03,  0.000000E+00,  5.132500E+03,  9.535200E-01
  1.625000E+04,  3.501434E-03,  0.000000E+00,  5.135000E+03,  9.550600E-01
  1.635000E+04,  3.395162E-03,  0.000000E+00,  5.137500E+03,  9.565900E-01
  1.645000E+04,  3.259486E-03,  0.000000E+00,  5.140000E+03,  9.579300E-01
  1.655000E+04,  3.260307E-03,  0.000000E+00,  5.142500E+03,  9.589800E-01
  1.665000E+04,  3.184309E-03,  0.000000E+00,  5.145000E+03,  9.596700E-01
  1.675000E+04,  3.086247E-03,  0.000000E+00,  5.147500E+03,  9.600600E-01
  1.685000E+04,  2.960364E-03,  0.000000E+00,  5.150000E+03,  9.602100E-01
  1.695000E+04,  2.968792E-03,  0.000000E+00,  5.152500E+03,  9.601800E-01
  1.705000E+04,  2.887136E-03,  0.000000E+00,  5.155000E+03,  9.598900E-01
  1.715000E+04,  2.835601E-03,  0.000000E+00,  5.157500E+03,  9.592900E-01
  1.725000E+04,  2.771882E-03,  0.000000E+00,  5.160000E+03,  9.584100E-01
  1.735000E+04,  2.620607E-03,  0.000000E+00,  5.162500E+03,  9.573100E-01
  1.745000E+04,  2.644152E-03,  0.000000E+00,  5.165000E+03,  9.560300E-01
  1.755000E+04,  2.591236E-03,  0.000000E+00,  5.167500E+03,  9.546100E-01
  1.765000E+04,  2.534267E-03,  0.000000E+00,  5.170000E+03,  9.530900E-01
  1.775000E+04,  2.478239E-03,  0.000000E+00,  5.172500E+03,  9.515800E-01
  1.785000E+04,  2.422570E-03,  0.000000E+00,  5.175000E+03,  9.501300E-01
  1.795000E+04,  2.372065E-03,  0.000000E+00,  5.177500E+03,  9.487700E-01
  1.805000E+04,  2.319755E-03,  0.000000E+00,  5.180000E+03,  9.475800E-01
  1.815000E+04,  2.197658E-03,  0.000000E+00,  5.182500E+03,  9.465900E-01
  1.825000E+04,  2.211698E-03,  0.000000E+00,  5.185000E+03,  9.458600E-01
  1.835000E+04,  2.175119E-03,  0.000000E+00,  5.187500E+03,  9.454600E-01
  1.845000E+04,  2.129219E-03,  0.000000E+00,  5.190000E+03,  9.453800E-01
  1.855000E+04,  2.081875E-03,  0.000000E+00,  5.192500E+03,  9.455900E-01
  1.865000E+04,  2.027637E-03,  0.000000E+00,  5.195000E+03,  9.461200E-01
  1.875000E+04,  1.932714E-03,  0.000000E+00,  5.197500E+03,  9.470100E-01
  1.885000E+04,  1.957133E-03,  0.000000E+00,  5.200000E+03,  9.482500E-01
  1.895000E+04,  1.916502E-03,  0.000000E+00,  5.202500E+03,  9.497800E-01
  1.905000E+04,  1.872135E-03,  0.000000E+00,  5.205000E+03,  9.515300E-01
  1.915000E+04,  1.839919E-03,  0.000000E+00,  5.207500E+03,  9.534000E-01
  1.925000E+04,  1.802797E-03,  0.000000E+00,  5.210000E+03,  9.552900E-01
  1.935000E+04,  1.764879E-03,  0.000000E+00,  5.212500E+03,  9.570600E-01
  1.945000E+04,  1.666323E-03,  0.000000E+00,  5.215000E+03,  9.586900E-01
  1.955000E+04,  1.692704E-03,  0.000000E+00,  5.217500E+03,  9.602000E-01
  1.965000E+04,  1.662817E-03,  0.000000E+00,  5.220000E+03,  9.616400E-01
  1.975000E+04,  1.630042E-03,  0.000000E+00,  5.222500E+03,  9.629800E-01
  1.985000E+04,  1.597961E-03,  0.000000E+00,  5.225000E+03,  9.641200E-01
  1.995000E+04,  1.566684E-03,  0.000000E+00,  5.227500E+03,  9.649400E-01
  2.005000E+04,  1.536118E-03,  0.000000E+00,  5.230000E+03,  9.653800E-01
  2.015000E+04,  1.506370E-03,  0.000000E+00,  5.232500E+03,  9.654700E-01
  2.025000E+04,  1.477338E-03,  0.000000E+00,  5.235000E+03,  9.651700E-01
  2.035000E+04,  1.449023E-03,  0.000000E+00,  5.237500E+03,  9.644700E-01
  2.045000E+04,  1.420786E-03,  0.000000E+00,  5.240000E+03,  9.634400E-01
  2.055000E+04,  1.390737E-03,  0.000000E+00,  5.242500E+03,  9.621700E-01
  2.065000E+04,  1.367899E-03,  0.000000E+00,  5.245000E+03,  9.606600E-01
  2.075000E+04,  1.341680E-03,  0.000000E+00,  5.247500E+03,  9.589200E-01
  2.085000E+04,  1.316881E-03,  0.000000E+00,  5.250000E+03,  9.569900E-01
  2.095000E+04,  1.292043E-03,  0.000000E+00,  5.252500E+03,  9.549100E-01
  2.105000E+04,  1.267838E-03,  0.000000E+00,  5.255000E+03,  9.527800E-01
  2.115000E+04,  1.239703E-03,  0.000000E+00,  5.257500E+03,  9.507000E-01
  2.125000E+04,  1.222000E-03,  0.000000E+00,  5.260000E+03,  9.487700E-01
  2.135000E+04,  1.199527E-03,  0.000000E+00,  5.262500E+03,  9.470600E-01
  2.145000E+04,  1.177257E-03,  0.000000E+00,  5.265000E+03,  9.456400E-01
  2.155000E+04,  1.155332E-03,  0.000000E+00,  5.267500E+03,  9.445400E-01
  2.165000E+04,  1.091119E-03,  0.000000E+00,  5.270000E+03,  9.437200E-01
  2.175000E+04,  1.112719E-03,  0.000000E+00,  5.272500E+03,  9.431500E-01
  2.185000E+04,  1.094323E-03,  0.000000E+00,  5.275000E+03,  9.429000E-01
  2.195000E+04,  1.075419E-03,  0.000000E+00,  5.277500E+03,  9.430300E-01
  2.205000E+04,  1.056396E-03,  0.000000E+00,  5.280000E+03,  9.433900E-01
  2.215000E+04,  1.037695E-03,  0.000000E+00,  5.282500E+03,  9.439500E-01
  2.225000E+04,  1.019122E-03,  0.000000E+00,  5.285000E+03,  9.447300E-01
  2.235000E+04,  1.001544E-03,  0.000000E+00,  5.287500E+03,  9.458500E-01
  2.245000E+04,  9.840304E-04,  0.000000E+00,  5.290000E+03,  9.473500E-01
  2.255000E+04,  9.670055E-04,  0.000000E+00,  5.292500E+03,  9.492100E-01
  2.265000E+04,  9.502270E-04,  0.000000E+00,  5.295000E+03,  9.513400E-01
  2.275000E+04,  9.338385E-04,  0.000000E+00,  5.297500E+03,  9.536100E-01
  2.285000E+04,  9.178313E-04,  0.000000E+00,  5.300000E+03,  9.558900E-01
  2.295000E+04,  9.021980E-04,  0.000000E+00,  5.302500E+03,  9.580500E-01
  2.305000E+04,  8.866704E-04,  0.000000E+00,  5.305000E+03,  9.600500E-01
  2.315000E+04,  8.718528E-04,  0.000000E+00,  5.307500E+03,  9.618800E-01
  2.325000E+04,  8.571665E-04,  0.000000E+00,  5.310000E+03,  9.635200E-01
  2.335000E+04,  8.427973E-04,  0.000000E+00,  5.312500E+03,  9.649800E-01
  2.345000E+04,  8.287301E-04,  0.000000E+00,  5.315000E+03,  9.661700E-01
  2.355000E+04,  8.149077E-04,  0.000000E+00,  5.317500E+03,  9.670700E-01
  2.365000E+04,  8.013504E-04,  0.000000E+00,  5.320000E+03,  9.676700E-01
  2.375000E+04,  7.881089E-04,  0.000000E+00,  5.322500E+03,  9.680100E-01
  2.385000E+04,  7.752219E-04,  0.000000E+00,  5.325000E+03,  9.680700E-01
  2.395000E+04,  7.623802E-04,  0.000000E+00,  5.327500E+03,  9.678300E-01
  2.405000E+04,  7.499268E-04,  0.000000E+00,  5.330000E+03,  9.674000E-01
  2.415000E+04,  7.376851E-04,  0.000000E+00,  5.332500E+03,  9.669100E-01
  2.425000E+04,  7.258322E-04,  0.000000E+00,  5.335000E+03,  9.662900E-01
  2.435000E+04,  7.140342E-04,  0.000000E+00,  5.337500E+03,  9.654100E-01
  2.445000E+04,  7.023556E-04,  0.000000E+00,  5.340000E+03,  9.641800E-01
  2.455000E+04,  6.914392E-04,  0.000000E+00,  5.342500E+03,  9.626500E-01
  2.465000E+04,  6.799790E-04,  0.000000E+00,  5.345000E+03,  9.609000E-01
  2.475000E+04,  6.681631E-04,  0.000000E+00,  5.347500E+03,  9.591600E-01
  2.485000E+04,  6.594297E-04,  0.000000E+00,  5.350000E+03,  9.576800E-01
  2.495000E+04,  6.467523E-04,  0.000000E+00,  5.352500E+03,  9.566600E-01
  2.505000E+04,  6.389278E-04,  0.000000E+00,  5.355000E+03,  9.559900E-01
  2.515000E+04,  6.290239E-04,  0.000000E+00,  5.357500E+03,  9.554600E-01
  2.525000E+04,  6.155488E-04,  0.000000E+00,  5.360000E+03,  9.549400E-01
  2.535000E+04,  6.094683E-04,  0.000000E+00,  5.362500E+03,  9.543500E-01
  2.545000E+04,  6.015863E-04,  0.000000E+00,  5.365000E+03,  9.537500E-01
  2.555000E+04,  5.908998E-04,  0.000000E+00,  5.367500E+03,  9.533400E-01
  2.565000E+04,  5.762503E-04,  0.000000E+00,  5.370000E+03,  9.532200E-01
  2.575000E+04,  5.734536E-04,  0.000000E+00,  5.372500E+03,  9.534400E-01
  2.585000E+04,  5.657191E-04,  0.000000E+00,  5.375000E+03,  9.539300E-01
  2.595000E+04,  5.570546E-04,  0.000000E+00,  5.377500E+03,  9.545600E-01
  2.605000E+04,  5.462007E-04,  0.000000E+00,  5.380000E+03,  9.552500E-01
  2.615000E+04,  5.294130E-04,  0.000000E+00,  5.382500E+03,  9.559300E-01
  2.625000E+04,  5.106197E-04,  0.000000E+00,  5.385000E+03,  9.565300E-01
  2.635000E+04,  5.227771E-04,  0.000000E+00,  5.387500E+03,  9.570500E-01
  2.645000E+04,  5.165632E-04,  0.000000E+00,  5.390000E+03,  9.575000E-01
  2.655000E+04,  5.084585E-04,  0.000000E+00,  5.392500E+03,  9.578300E-01
  2.665000E+04,  5.001768E-04,  0.000000E+00,  5.395000E+03,  9.580000E-01
  2.675000E+04,  4.815465E-04,  0.000000E+00,  5.397500E+03,  9.579900E-01
  2.685000E+04,  4.852817E-04,  0.000000E+00,  5.400000E+03,  9.578100E-01
  2.695000E+04,  4.796397E-04,  0.000000E+00,  5.402500E+03,  9.574600E-01
  2.705000E+04,  4.726675E-04,  0.000000E+00,  5.405000E+03,  9.569300E-01
  2.715000E+04,  4.658015E-04,  0.000000E+00,  5.407500E+03,  9.561900E-01
  2.725000E+04,  4.590537E-04,  0.000000E+00,  5.410000E+03,  9.552900E-01
  2.735000E+04,  4.524460E-04,  0.000000E+00,  5.412500E+03,  9.543300E-01
  2.745000E+04,  4.456508E-04,  0.000000E+00,  5.415000E+03,  9.532400E-01
  2.755000E+04,  4.278885E-04,  0.000000E+00,  5.417500E+03,  9.519300E-01
  2.765000E+04,  4.295705E-04,  0.000000E+00,  5.420000E+03,  9.503700E-01
  2.775000E+04,  4.271087E-04,  0.000000E+00,  5.422500E+03,  9.485800E-01
  2.785000E+04,  4.210719E-04,  0.000000E+00,  5.425000E+03,  9.466200E-01
  2.795000E+04,  4.151463E-04,  0.000000E+00,  5.427500E+03,  9.446100E-01
  2.805000E+04,  4.092207E-04,  0.000000E+00,  5.430000E+03,  9.426600E-01
  2.815000E+04,  4.035362E-04,  0.000000E+00,  5.432500E+03,  9.408000E-01
  2.825000E+04,  3.979175E-04,  0.000000E+00,  5.435000E+03,  9.391000E-01
  2.835000E+04,  3.923819E-04,  0.000000E+00,  5.437500E+03,  9.376200E-01
  2.845000E+04,  3.869505E-04,  0.000000E+00,  5.440000E+03,  9.364500E-01
  2.855000E+04,  3.814241E-04,  0.000000E+00,  5.442500E+03,  9.356200E-01
  2.865000E+04,  3.742683E-04,  0.000000E+00,  5.445000E+03,  9.351000E-01
  2.875000E+04,  3.588672E-04,  0.000000E+00,  5.447500E+03,  9.348800E-01
  2.885000E+04,  3.656323E-04,  0.000000E+00,  5.450000E+03,  9.348000E-01
  2.895000E+04,  3.610793E-04,  0.000000E+00,  5.452500E+03,  9.347300E-01
  2.905000E+04,  3.562009E-04,  0.000000E+00,  5.455000E+03,  9.347700E-01
  2.915000E+04,  3.513770E-04,  0.000000E+00,  5.457500E+03,  9.350400E-01
  2.925000E+04,  3.466331E-04,  0.000000E+00,  5.460000E+03,  9.356000E-01
  2.935000E+04,  3.419589E-04,  0.000000E+00,  5.462500E+03,  9.364100E-01
  2.945000E+04,  3.373595E-04,  0.000000E+00,  5.465000E+03,  9.374000E-01
  2.955000E+04,  3.328644E-04,  0.000000E+00,  5.467500E+03,  9.384200E-01
  2.965000E+04,  3.284304E-04,  0.000000E+00,  5.470000E+03,  9.393100E-01
  2.975000E+04,  3.240748E-04,  0.000000E+00,  5.472500E+03,  9.399000E-01
  2.985000E+04,  3.197900E-04,  0.000000E+00,  5.475000E+03,  9.402600E-01
  2.995000E+04,  3.155104E-04,  0.000000E+00,  5.477500E+03,  9.404900E-01
  3.005000E+04,  3.114124E-04,  0.000000E+00,  5.480000E+03,  9.407400E-01
  3.015000E+04,  3.072174E-04,  0.000000E+00,  5.482500E+03,  9.410300E-01
  3.025000E+04,  3.031626E-04,  0.000000E+00,  5.485000E+03,  9.412600E-01
  3.035000E+04,  2.908748E-04,  0.000000E+00,  5.487500E+03,  9.412800E-01
  3.045000E+04,  2.912551E-04,  0.000000E+00,  5.490000E+03,  9.409800E-01
  3.055000E+04,  2.915778E-04,  0.000000E+00,  5.492500E+03,  9.403100E-01
  3.065000E+04,  2.878089E-04,  0.000000E+00,  5.495000E+03,  9.393100E-01
  3.075000E+04,  2.839714E-04,  0.000000E+00,  5.497500E+03,  9.380400E-01
  3.085000E+04,  2.803101E-04,  0.000000E+00,  5.500000E+03,  9.365900E-01
  3.095000E+04,  2.769798E-04,  0.000000E+00,  5.502500E+03,  9.350400E-01
  3.105000E+04,  2.734362E-04,  0.000000E+00,  5.505000E+03,  9.334000E-01
  3.115000E+04,  2.699723E-04,  0.000000E+00,  5.507500E+03,  9.316500E-01
  3.125000E+04,  2.665095E-04,  0.000000E+00,  5.510000E+03,  9.297800E-01
  3.135000E+04,  2.632053E-04,  0.000000E+00,  5.512500E+03,  9.278100E-01
  3.145000E+04,  2.598564E-04,  0.000000E+00,  5.515000E+03,  9.258300E-01
  3.155000E+04,  2.566450E-04,  0.000000E+00,  5.517500E+03,  9.239700E-01
  3.165000E+04,  2.534212E-04,  0.000000E+00,  5.520000E+03,  9.223900E-01
  3.175000E+04,  2.502779E-04,  0.000000E+00,  5.522500E+03,  9.211400E-01
  3.185000E+04,  2.471665E-04,  0.000000E+00,  5.525000E+03,  9.202000E-01
  3.195000E+04,  2.441107E-04,  0.000000E+00,  5.527500E+03,  9.194800E-01
  3.210000E+04,  2.396091E-04,  0.000000E+00,  5.530000E+03,  9.188000E-01
  3.230000E+04,  2.337527E-04,  0.000000E+00,  5.532500E+03,  9.180400E-01
  3.250000E+04,  2.281009E-04,  0.000000E+00,  5.535000E+03,  9.173200E-01
  3.270000E+04,  2.226066E-04,  0.000000E+00,  5.537500E+03,  9.167800E-01
  3.290000E+04,  2.122031E-04,  0.000000E+00,  5.540000E+03,  9.164400E-01
  3.310000E+04,  2.112206E-04,  0.000000E+00,  5.542500E+03,  9.163000E-01
  3.330000E+04,  2.068798E-04,  0.000000E+00,  5.545000E+03,  9.163300E-01
  3.350000E+04,  2.020838E-04,  0.000000E+00,  5.547500E+03,  9.164800E-01
  3.370000E+04,  1.973774E-04,  0.000000E+00,  5.550000E+03,  9.166400E-01
  3.390000E+04,  1.927809E-04,  0.000000E+00,  5.552500E+03,  9.167100E-01
  3.410000E+04,  1.883238E-04,  0.000000E+00,  5.555000E+03,  9.167600E-01
  3.430000E+04,  1.840037E-04,  0.000000E+00,  5.557500E+03,  9.168500E-01
  3.450000E+04,  1.797935E-04,  0.000000E+00,  5.560000E+03,  9.170200E-01
  3.470000E+04,  1.757083E-04,  0.000000E+00,  5.562500E+03,  9.173000E-01
  3.490000E+04,  1.717252E-04,  0.000000E+00,  5.565000E+03,  9.176100E-01
  3.510000E+04,  1.678652E-04,  0.000000E+00,  5.567500E+03,  9.178500E-01
  3.530000E+04,  1.641136E-04,  0.000000E+00,  5.570000E+03,  9.179900E-01
  3.550000E+04,  1.604880E-04,  0.000000E+00,  5.572500E+03,  9.180300E-01
  3.570000E+04,  1.569306E-04,  0.000000E+00,  5.575000E+03,  9.179000E-01
  3.590000E+04,  1.536134E-04,  0.000000E+00,  5.577500E+03,  9.175300E-01
  3.610000E+04,  1.501031E-04,  0.000000E+00,  5.580000E+03,  9.168600E-01
  3.630000E+04,  1.470428E-04,  0.000000E+00,  5.582500E+03,  9.158800E-01
  3.650000E+04,  1.436576E-04,  0.000000E+00,  5.585000E+03,  9.146200E-01
  3.670000E+04,  1.408563E-04,  0.000000E+00,  5.587500E+03,  9.131400E-01
  3.690000E+04,  1.374564E-04,  0.000000E+00,  5.590000E+03,  9.115600E-01
  3.710000E+04,  1.346397E-04,  0.000000E+00,  5.592500E+03,  9.100100E-01
  3.730000E+04,  1.305069E-04,  0.000000E+00,  5.595000E+03,  9.084200E-01
  3.750000E+04,  1.267908E-04,  0.000000E+00,  5.597500E+03,  9.067100E-01
  3.770000E+04,  1.264966E-04,  0.000000E+00,  5.600000E+03,  9.048500E-01
  3.790000E+04,  1.239314E-04,  0.000000E+00,  5.602500E+03,  9.028600E-01
  3.810000E+04,  1.209534E-04,  0.000000E+00,  5.605000E+03,  9.007900E-01
  3.830000E+04,  1.185358E-04,  0.000000E+00,  5.607500E+03,  8.987200E-01
  3.850000E+04,  1.164078E-04,  0.000000E+00,  5.610000E+03,  8.967400E-01
  3.870000E+04,  1.140301E-04,  0.000000E+00,  5.612500E+03,  8.949400E-01
  3.890000E+04,  1.116160E-04,  0.000000E+00,  5.615000E+03,  8.932800E-01
  3.910000E+04,  1.086214E-04,  0.000000E+00,  5.617500E+03,  8.917300E-01
  3.930000E+04,  1.072366E-04,  0.000000E+00,  5.620000E+03,  8.902000E-01
  3.950000E+04,  1.050868E-04,  0.000000E+00,  5.622500E+03,  8.886900E-01
  3.970000E+04,  1.029980E-04,  0.000000E+00,  5.625000E+03,  8.872400E-01
  3.990000E+04,  1.009580E-04,  0.000000E+00,  5.627500E+03,  8.859900E-01
  4.010000E+04,  9.846028E-05,  0.000000E+00,  5.630000E+03,  8.849700E-01
  4.030000E+04,  9.605990E-05,  0.000000E+00,  5.632500E+03,  8.841800E-01
  4.050000E+04,  9.303341E-05,  0.000000E+00,  5.635000E+03,  8.836500E-01
  4.070000E+04,  9.324685E-05,  0.000000E+00,  5.637500E+03,  8.834200E-01
  4.090000E+04,  9.146585E-05,  0.000000E+00,  5.640000E+03,  8.834400E-01
  4.110000E+04,  8.970084E-05,  0.000000E+00,  5.642500E+03,  8.836900E-01
  4.130000E+04,  8.790851E-05,  0.000000E+00,  5.645000E+03,  8.841500E-01
  4.150000E+04,  8.625795E-05,  0.000000E+00,  5.647500E+03,  8.848300E-01
  4.170000E+04,  8.328779E-05,  0.000000E+00,  5.650000E+03,  8.856000E-01
  4.190000E+04,  8.299073E-05,  0.000000E+00,  5.652500E+03,  8.863200E-01
  4.210000E+04,  8.149887E-05,  0.000000E+00,  5.655000E+03,  8.870700E-01
  4.230000E+04,  7.996986E-05,  0.000000E+00,  5.657500E+03,  8.880000E-01
  4.250000E+04,  7.844094E-05,  0.000000E+00,  5.660000E+03,  8.892000E-01
  4.270000E+04,  7.702149E-05,  0.000000E+00,  5.662500E+03,  8.906800E-01
  4.290000E+04,  7.547296E-05,  0.000000E+00,  5.665000E+03,  8.923100E-01
  4.310000E+04,  7.420776E-05,  0.000000E+00,  5.667500E+03,  8.939000E-01
  4.330000E+04,  7.284934E-05,  0.000000E+00,  5.670000E+03,  8.951700E-01
  4.350000E+04,  7.151713E-05,  0.000000E+00,  5.672500E+03,  8.959400E-01
  4.370000E+04,  6.899541E-05,  0.000000E+00,  5.675000E+03,  8.963500E-01
  4.390000E+04,  6.868057E-05,  0.000000E+00,  5.677500E+03,  8.965900E-01
  4.410000E+04,  6.771527E-05,  0.000000E+00,  5.680000E+03,  8.968700E-01
  4.430000E+04,  6.650210E-05,  0.000000E+00,  5.682500E+03,  8.972400E-01
  4.450000E+04,  6.531694E-05,  0.000000E+00,  5.685000E+03,  8.976900E-01
  4.470000E+04,  6.422490E-05,  0.000000E+00,  5.687500E+03,  8.980500E-01
  4.490000E+04,  6.308987E-05,  0.000000E+00,  5.690000E+03,  8.982200E-01
  4.510000E+04,  6.197959E-05,  0.000000E+00,  5.692500E+03,  8.982500E-01
  4.530000E+04,  6.088915E-05,  0.000000E+00,  5.695000E+03,  8.981300E-01
  4.550000E+04,  5.983049E-05,  0.000000E+00,  5.697500E+03,  8.978700E-01
  4.570000E+04,  5.879130E-05,  0.000000E+00,  5.700000E+03,  8.975400E-01
  4.590000E+04,  5.777495E-05,  0.000000E+00,  5.702500E+03,  8.971300E-01
  4.610000E+04,  5.675776E-05,  0.000000E+00,  5.705000E+03,  8.966800E-01
  4.630000E+04,  5.575470E-05,  0.000000E+00,  5.707500E+03,  8.961900E-01
  4.650000E+04,  5.327473E-05,  0.000000E+00,  5.710000E+03,  8.956600E-01
  4.670000E+04,  5.257591E-05,  0.000000E+00,  5.712500E+03,  8.951200E-01
  4.690000E+04,  5.279565E-05,  0.000000E+00,  5.715000E+03,  8.945900E-01
  4.710000E+04,  5.210845E-05,  0.000000E+00,  5.717500E+03,  8.941200E-01
  4.730000E+04,  5.123700E-05,  0.000000E+00,  5.720000E+03,  8.938100E-01
  4.750000E+04,  5.037490E-05,  0.000000E+00,  5.722500E+03,  8.936600E-01
  4.770000E+04,  4.953825E-05,  0.000000E+00,  5.725000E+03,  8.936600E-01
  4.790000E+04,  4.871948E-05,  0.000000E+00,  5.727500E+03,  8.937200E-01
  4.810000E+04,  4.791486E-05,  0.000000E+00,  5.730000E+03,  8.937100E-01
  4.830000E+04,  4.712611E-05,  0.000000E+00,  5.732500E+03,  8.935500E-01
  4.850000E+04,  4.635450E-05,  0.000000E+00,  5.735000E+03,  8.933100E-01
  4.870000E+04,  4.559758E-05,  0.000000E+00,  5.737500E+03,  8.931400E-01
  4.890000E+04,  4.485707E-05,  0.000000E+00,  5.740000E+03,  8.931300E-01
  4.910000E+04,  4.413041E-05,  0.000000E+00,  5.742500E+03,  8.933100E-01
  4.930000E+04,  4.341914E-05,  0.000000E+00,  5.745000E+03,  8.936500E-01
  4.950000E+04,  4.272142E-05,  0.000000E+00,  5.747500E+03,  8.940300E-01
  4.970000E+04,  4.203943E-05,  0.000000E+00,  5.750000E+03,  8.943600E-01
  4.990000E+04,  4.136801E-05,  0.000000E+00,  5.752500E+03,  8.946100E-01
  5.010000E+04,  4.071120E-05,  0.000000E+00,  5.755000E+03,  8.947900E-01
  5.030000E+04,  4.006683E-05,  0.000000E+00,  5.757500E+03,  8.949000E-01
  5.050000E+04,  3.943743E-05,  0.000000E+00,  5.760000E+03,  8.949300E-01
  5.070000E+04,  3.881839E-05,  0.000000E+00,  5.762500E+03,  8.948800E-01
  5.090000E+04,  3.819634E-05,  0.000000E+00,  5.765000E+03,  8.947700E-01
  5.110000E+04,  3.753258E-05,  0.000000E+00,  5.767500E+03,  8.945600E-01
  5.130000E+04,  3.605958E-05,  0.000000E+00,  5.770000E+03,  8.943300E-01
  5.150000E+04,  3.640651E-05,  0.000000E+00,  5.772500E+03,  8.941200E-01
  5.170000E+04,  3.586854E-05,  0.000000E+00,  5.775000E+03,  8.938700E-01
  5.190000E+04,  3.535088E-05,  0.000000E+00,  5.777500E+03,  8.935100E-01
  5.210000E+04,  3.481128E-05,  0.000000E+00,  5.780000E+03,  8.930200E-01
  5.230000E+04,  3.428166E-05,  0.000000E+00,  5.782500E+03,  8.924000E-01
  5.250000E+04,  3.375004E-05,  0.000000E+00,  5.785000E+03,  8.916700E-01
  5.270000E+04,  3.320438E-05,  0.000000E+00,  5.787500E+03,  8.908200E-01
  5.290000E+04,  3.275242E-05,  0.000000E+00,  5.790000E+03,  8.898800E-01
  5.310000E+04,  3.226172E-05,  0.000000E+00,  5.792500E+03,  8.888700E-01
  5.330000E+04,  3.177997E-05,  0.000000E+00,  5.795000E+03,  8.878100E-01
  5.350000E+04,  3.130706E-05,  0.000000E+00,  5.797500E+03,  8.867400E-01
  5.370000E+04,  3.079254E-05,  0.000000E+00,  5.800000E+03,  8.857300E-01
  5.390000E+04,  3.034111E-05,  0.000000E+00,  5.802500E+03,  8.848000E-01
  5.410000E+04,  2.994024E-05,  0.000000E+00,  5.805000E+03,  8.839800E-01
  5.430000E+04,  2.950166E-05,  0.000000E+00,  5.807500E+03,  8.832600E-01
  5.450000E+04,  2.907109E-05,  0.000000E+00,  5.810000E+03,  8.825500E-01
  5.470000E+04,  2.864796E-05,  0.000000E+00,  5.812500E+03,  8.818000E-01
  5.490000E+04,  2.823245E-05,  0.000000E+00,  5.815000E+03,  8.811400E-01
  5.510000E+04,  2.779444E-05,  0.000000E+00,  5.817500E+03,  8.806700E-01
  5.530000E+04,  2.730370E-05,  0.000000E+00,  5.820000E+03,  8.804900E-01
  5.550000E+04,  2.702965E-05,  0.000000E+00,  5.822500E+03,  8.806100E-01
  5.570000E+04,  2.664380E-05,  0.000000E+00,  5.825000E+03,  8.810200E-01
  5.590000E+04,  2.626451E-05,  0.000000E+00,  5.827500E+03,  8.816200E-01
  5.610000E+04,  2.589144E-05,  0.000000E+00,  5.830000E+03,  8.823100E-01
  5.630000E+04,  2.552511E-05,  0.000000E+00,  5.832500E+03,  8.829300E-01
  5.650000E+04,  2.516520E-05,  0.000000E+00,  5.835000E+03,  8.836000E-01
  5.670000E+04,  2.481163E-05,  0.000000E+00,  5.837500E+03,  8.843500E-01
  5.690000E+04,  2.445299E-05,  0.000000E+00,  5.840000E+03,  8.851900E-01
  5.710000E+04,  2.393924E-05,  0.000000E+00,  5.842500E+03,  8.861000E-01
  5.730000E+04,  2.376640E-05,  0.000000E+00,  5.845000E+03,  8.870600E-01
  5.750000E+04,  2.345793E-05,  0.000000E+00,  5.847500E+03,  8.880800E-01
  5.770000E+04,  2.313374E-05,  0.000000E+00,  5.850000E+03,  8.890700E-01
  5.790000E+04,  2.281513E-05,  0.000000E+00,  5.852500E+03,  8.899900E-01
  5.810000E+04,  2.250272E-05,  0.000000E+00,  5.855000E+03,  8.908800E-01
  5.830000E+04,  2.219481E-05,  0.000000E+00,  5.857500E+03,  8.917900E-01
  5.850000E+04,  2.190624E-05,  0.000000E+00,  5.860000E+03,  8.927900E-01
  5.870000E+04,  2.160926E-05,  0.000000E+00,  5.862500E+03,  8.938700E-01
  5.890000E+04,  2.125454E-05,  0.000000E+00,  5.865000E+03,  8.949900E-01
  5.910000E+04,  2.041197E-05,  0.000000E+00,  5.867500E+03,  8.960600E-01
  5.930000E+04,  2.068551E-05,  0.000000E+00,  5.870000E+03,  8.969900E-01
  5.950000E+04,  2.023927E-05,  0.000000E+00,  5.872500E+03,  8.977900E-01
  5.970000E+04,  2.009689E-05,  0.000000E+00,  5.875000E+03,  8.984100E-01
  5.990000E+04,  1.992541E-05,  0.000000E+00,  5.877500E+03,  8.988700E-01
  6.010000E+04,  1.966203E-05,  0.000000E+00,  5.880000E+03,  8.991400E-01
  6.030000E+04,  1.940225E-05,  0.000000E+00,  5.882500E+03,  8.992500E-01
  6.050000E+04,  1.914639E-05,  0.000000E+00,  5.885000E+03,  8.991700E-01
  6.070000E+04,  1.889500E-05,  0.000000E+00,  5.887500E+03,  8.989300E-01
  6.090000E+04,  1.864763E-05,  0.000000E+00,  5.890000E+03,  8.986000E-01
  6.110000E+04,  1.840428E-05,  0.000000E+00,  5.892500E+03,  8.982600E-01
  6.130000E+04,  1.816480E-05,  0.000000E+00,  5.895000E+03,  8.978300E-01
  6.150000E+04,  1.792903E-05,  0.000000E+00,  5.897500E+03,  8.972300E-01
  6.170000E+04,  1.769741E-05,  0.000000E+00,  5.900000E+03,  8.964300E-01
  6.190000E+04,  1.746959E-05,  0.000000E+00,  5.902500E+03,  8.954400E-01
  6.210000E+04,  1.724514E-05,  0.000000E+00,  5.905000E+03,  8.942600E-01
  6.230000E+04,  1.702456E-05,  0.000000E+00,  5.907500E+03,  8.929300E-01
  6.250000E+04,  1.680681E-05,  0.000000E+00,  5.910000E+03,  8.914500E-01
  6.270000E+04,  1.656451E-05,  0.000000E+00,  5.912500E+03,  8.898100E-01
  6.290000E+04,  1.608250E-05,  0.000000E+00,  5.915000E+03,  8.880800E-01
  6.310000E+04,  1.612624E-05,  0.000000E+00,  5.917500E+03,  8.864000E-01
  6.330000E+04,  1.597178E-05,  0.000000E+00,  5.920000E+03,  8.849000E-01
  6.350000E+04,  1.577109E-05,  0.000000E+00,  5.922500E+03,  8.836700E-01
  6.370000E+04,  1.557343E-05,  0.000000E+00,  5.925000E+03,  8.826800E-01
  6.390000E+04,  1.537932E-05,  0.000000E+00,  5.927500E+03,  8.818100E-01
  6.420000E+04,  1.509311E-05,  0.000000E+00,  5.930000E+03,  8.809600E-01
  6.460000E+04,  1.472189E-05,  0.000000E+00,  5.932500E+03,  8.800700E-01
  6.500000E+04,  1.436229E-05,  0.000000E+00,  5.935000E+03,  8.792000E-01
  6.540000E+04,  1.401315E-05,  0.000000E+00,  5.937500E+03,  8.783900E-01
  6.580000E+04,  1.367474E-05,  0.000000E+00,  5.940000E+03,  8.775800E-01
  6.620000E+04,  1.334667E-05,  0.000000E+00,  5.942500E+03,  8.768100E-01
  6.660000E+04,  1.302818E-05,  0.000000E+00,  5.945000E+03,  8.760700E-01
  6.700000E+04,  1.271912E-05,  0.000000E+00,  5.947500E+03,  8.753900E-01
  6.740000E+04,  1.240574E-05,  0.000000E+00,  5.950000E+03,  8.748800E-01
  6.780000E+04,  1.196987E-05,  0.000000E+00,  5.952500E+03,  8.745800E-01
  6.820000E+04,  1.184491E-05,  0.000000E+00,  5.955000E+03,  8.744100E-01
  6.860000E+04,  1.157069E-05,  0.000000E+00,  5.957500E+03,  8.742200E-01
  6.900000E+04,  1.130414E-05,  0.000000E+00,  5.960000E+03,  8.739100E-01
  6.940000E+04,  1.104494E-05,  0.000000E+00,  5.962500E+03,  8.733900E-01
  6.980000E+04,  1.079347E-05,  0.000000E+00,  5.965000E+03,  8.727300E-01
  7.020000E+04,  1.054878E-05,  0.000000E+00,  5.967500E+03,  8.720600E-01
  7.060000E+04,  1.031113E-05,  0.000000E+00,  5.970000E+03,  8.715600E-01
  7.100000E+04,  1.008012E-05,  0.000000E+00,  5.972500E+03,  8.713400E-01
  7.140000E+04,  9.855482E-06,  0.000000E+00,  5.975000E+03,  8.713100E-01
  7.180000E+04,  9.637160E-06,  0.000000E+00,  5.977500E+03,  8.713200E-01
  7.220000E+04,  9.424845E-06,  0.000000E+00,  5.980000E+03,  8.713200E-01
  7.260000E+04,  9.212747E-06,  0.000000E+00,  5.982500E+03,  8.712900E-01
  7.300000E+04,  9.017054E-06,  0.000000E+00,  5.985000E+03,  8.712500E-01
  7.340000E+04,  8.821674E-06,  0.000000E+00,  5.987500E+03,  8.712900E-01
  7.380000E+04,  8.631280E-06,  0.000000E+00,  5.990000E+03,  8.714400E-01
  7.420000E+04,  8.431311E-06,  0.000000E+00,  5.992500E+03,  8.717100E-01
  7.460000E+04,  8.112237E-06,  0.000000E+00,  5.995000E+03,  8.722300E-01
  7.500000E+04,  7.858563E-06,  0.000000E+00,  5.997500E+03,  8.729100E-01
  7.540000E+04,  7.903420E-06,  0.000000E+00,  6.000000E+03,  8.734900E-01
  7.580000E+04,  7.753361E-06,  0.000000E+00,  6.002500E+03,  8.736700E-01
  7.620000E+04,  7.591216E-06,  0.000000E+00,  6.005000E+03,  8.733800E-01
  7.660000E+04,  7.433455E-06,  0.000000E+00,  6.007500E+03,  8.730600E-01
  7.700000E+04,  7.279843E-06,  0.000000E+00,  6.010000E+03,  8.727000E-01
  7.740000E+04,  7.129970E-06,  0.000000E+00,  6.012500E+03,  8.720400E-01
  7.780000E+04,  6.960785E-06,  0.000000E+00,  6.015000E+03,  8.712200E-01
  7.820000E+04,  6.841678E-06,  0.000000E+00,  6.017500E+03,  8.704300E-01
  7.860000E+04,  6.703074E-06,  0.000000E+00,  6.020000E+03,  8.697200E-01
  7.900000E+04,  6.568069E-06,  0.000000E+00,  6.022500E+03,  8.691400E-01
  7.940000E+04,  6.436193E-06,  0.000000E+00,  6.025000E+03,  8.687200E-01
  7.980000E+04,  6.307544E-06,  0.000000E+00,  6.027500E+03,  8.684500E-01
  8.020000E+04,  6.182381E-06,  0.000000E+00,  6.030000E+03,  8.683300E-01
  8.060000E+04,  6.060035E-06,  0.000000E+00,  6.032500E+03,  8.683900E-01
  8.100000E+04,  5.940719E-06,  0.000000E+00,  6.035000E+03,  8.686000E-01
  8.140000E+04,  5.799517E-06,  0.000000E+00,  6.037500E+03,  8.689100E-01
  8.180000E+04,  5.702580E-06,  0.000000E+00,  6.040000E+03,  8.691700E-01
  8.220000E+04,  5.600259E-06,  0.000000E+00,  6.042500E+03,  8.693700E-01
  8.260000E+04,  5.492093E-06,  0.000000E+00,  6.045000E+03,  8.695200E-01
  8.300000E+04,  5.386733E-06,  0.000000E+00,  6.047500E+03,  8.697100E-01
  8.340000E+04,  5.283811E-06,  0.000000E+00,  6.050000E+03,  8.700600E-01
  8.380000E+04,  5.183080E-06,  0.000000E+00,  6.052500E+03,  8.705600E-01
  8.420000E+04,  5.084985E-06,  0.000000E+00,  6.055000E+03,  8.712000E-01
  8.460000E+04,  4.989169E-06,  0.000000E+00,  6.057500E+03,  8.718800E-01
  8.500000E+04,  4.895516E-06,  0.000000E+00,  6.060000E+03,  8.725300E-01
  8.540000E+04,  4.804145E-06,  0.000000E+00,  6.062500E+03,  8.730900E-01
  8.580000E+04,  4.714849E-06,  0.000000E+00,  6.065000E+03,  8.735900E-01
  8.620000E+04,  4.627203E-06,  0.000000E+00,  6.067500E+03,  8.741500E-01
  8.660000E+04,  4.502554E-06,  0.000000E+00,  6.070000E+03,  8.748800E-01
  8.700000E+04,  4.455584E-06,  0.000000E+00,  6.072500E+03,  8.758400E-01
  8.740000E+04,  4.335199E-06,  0.000000E+00,  6.075000E+03,  8.769200E-01
  8.780000E+04,  4.256135E-06,  0.000000E+00,  6.077500E+03,  8.780200E-01
  8.820000E+04,  4.220311E-06,  0.000000E+00,  6.080000E+03,  8.790600E-01
  8.860000E+04,  4.144320E-06,  0.000000E+00,  6.082500E+03,  8.799700E-01
  8.900000E+04,  4.070055E-06,  0.000000E+00,  6.085000E+03,  8.807600E-01
  8.940000E+04,  3.997235E-06,  0.000000E+00,  6.087500E+03,  8.814600E-01
  8.980000E+04,  3.926233E-06,  0.000000E+00,  6.090000E+03,  8.820700E-01
  9.020000E+04,  3.856838E-06,  0.000000E+00,  6.092500E+03,  8.825500E-01
  9.060000E+04,  3.788878E-06,  0.000000E+00,  6.095000E+03,  8.829400E-01
  9.100000E+04,  3.722325E-06,  0.000000E+00,  6.097500E+03,  8.832900E-01
  9.140000E+04,  3.657295E-06,  0.000000E+00,  6.100000E+03,  8.837500E-01
  9.180000E+04,  3.593736E-06,  0.000000E+00,  6.102500E+03,  8.843500E-01
  9.220000E+04,  3.531419E-06,  0.000000E+00,  6.105000E+03,  8.850200E-01
  9.260000E+04,  3.470523E-06,  0.000000E+00,  6.107500E+03,  8.856100E-01
  9.300000E+04,  3.410962E-06,  0.000000E+00,  6.110000E+03,  8.859600E-01
  9.340000E+04,  3.352644E-06,  0.000000E+00,  6.112500E+03,  8.859800E-01
  9.380000E+04,  3.256873E-06,  0.000000E+00,  6.115000E+03,  8.857600E-01
  9.420000E+04,  3.231218E-06,  0.000000E+00,  6.117500E+03,  8.854400E-01
  9.460000E+04,  3.185062E-06,  0.000000E+00,  6.120000E+03,  8.851600E-01
  9.500000E+04,  3.131406E-06,  0.000000E+00,  6.122500E+03,  8.849800E-01
  9.540000E+04,  3.079022E-06,  0.000000E+00,  6.125000E+03,  8.848500E-01
  9.580000E+04,  3.027663E-06,  0.000000E+00,  6.127500E+03,  8.846700E-01
  9.620000E+04,  2.977343E-06,  0.000000E+00,  6.130000E+03,  8.842900E-01
  9.660000E+04,  2.928192E-06,  0.000000E+00,  6.132500E+03,  8.836800E-01
  9.700000E+04,  2.879967E-06,  0.000000E+00,  6.135000E+03,  8.829000E-01
  9.740000E+04,  2.832728E-06,  0.000000E+00,  6.137500E+03,  8.820600E-01
  9.780000E+04,  2.786433E-06,  0.000000E+00,  6.140000E+03,  8.813000E-01
  9.820000E+04,  2.741112E-06,  0.000000E+00,  6.142500E+03,  8.806700E-01
  9.860000E+04,  2.695170E-06,  0.000000E+00,  6.145000E+03,  8.801200E-01
  9.900000E+04,  2.653164E-06,  0.000000E+00,  6.147500E+03,  8.795000E-01
  9.940000E+04,  2.610548E-06,  0.000000E+00,  6.150000E+03,  8.787000E-01
  9.980000E+04,  2.568690E-06,  0.000000E+00,  6.152500E+03,  8.776500E-01
  1.002000E+05,  2.527780E-06,  0.000000E+00,  6.155000E+03,  8.764100E-01
  2.000000E+05,  1.564236E-07,  0.000000E+00,  6.157500E+03,  8.750700E-01
  4.000000E+05,  9.539564E-09,  0.000000E+00,  6.160000E+03,  8.736600E-01
  6.000000E+05,  1.854884E-09,  0.000000E+00,  6.162500E+03,  8.722400E-01
  8.000000E+05,  5.802611E-10,  0.000000E+00,  6.165000E+03,  8.708100E-01
  1.000000E+06,  2.355555E-10,  0.000000E+00,  6.167500E+03,  8.693100E-01
  1.200000E+06,  1.127565E-10,  0.000000E+00,  6.170000E+03,  8.677400E-01
  1.400000E+06,  6.047994E-11,  0.000000E+00,  6.172500E+03,  8.660600E-01
  1.600000E+06,  3.525728E-11,  0.000000E+00,  6.175000E+03,  8.643400E-01
  0.000000E+00,  0.000000E+00,  0.000000E+00,  6.177500E+03,  8.626200E-01
  0.000000E+00,  0.000000E+00,  0.000000E+00,  6.180000E+03,  8.609500E-01
  0.000000E+00,  0.000000E+00,  0.000000E+00,  6.182500E+03,  8.593300E-01
  0.000000E+00,  0.000000E+00,  0.000000E+00,  6.185000E+03,  8.577900E-01
  0.000000E+00,  0.000000E+00,  0.000000E+00,  6.187500E+03,  8.563400E-01
  0.000000E+00,  0.000000E+00,  0.000000E+00,  6.190000E+03,  8.549700E-01
  0.000000E+00,  0.000000E+00,  0.000000E+00,  6.192500E+03,  8.536900E-01
  0.000000E+00,  0.000000E+00,  0.000000E+00,  6.195000E+03,  8.525300E-01
  0.000000E+00,  0.000000E+00,  0.000000E+00,  6.197500E+03,  8.514200E-01
  0.000000E+00,  0.000000E+00,  0.000000E+00,  6.200000E+03,  8.502700E-01
  0.000000E+00,  0.000000E+00,  0.000000E+00,  6.202500E+03,  8.490600E-01
  0.000000E+00,  0.000000E+00,  0.000000E+00,  6.205000E+03,  8.478400E-01
  0.000000E+00,  0.000000E+00,  0.000000E+00,  6.207500E+03,  8.467300E-01
  0.000000E+00,  0.000000E+00,  0.000000E+00,  6.210000E+03,  8.458800E-01
  0.000000E+00,  0.000000E+00,  0.000000E+00,  6.212500E+03,  8.453600E-01
  0.000000E+00,  0.000000E+00,  0.000000E+00,  6.215000E+03,  8.450800E-01
  0.000000E+00,  0.000000E+00,  0.000000E+00,  6.217500E+03,  8.448900E-01
  0.000000E+00,  0.000000E+00,  0.000000E+00,  6.220000E+03,  8.446500E-01
  0.000000E+00,  0.000000E+00,  0.000000E+00,  6.222500E+03,  8.443000E-01
  0.000000E+00,  0.000000E+00,  0.000000E+00,  6.225000E+03,  8.438400E-01
  0.000000E+00,  0.000000E+00,  0.000000E+00,  6.227500E+03,  8.434200E-01
  0.000000E+00,  0.000000E+00,  0.000000E+00,  6.230000E+03,  8.430400E-01
  0.000000E+00,  0.000000E+00,  0.000000E+00,  6.232500E+03,  8.426500E-01
  0.000000E+00,  0.000000E+00,  0.000000E+00,  6.235000E+03,  8.423200E-01
  0.000000E+00,  0.000000E+00,  0.000000E+00,  6.237500E+03,  8.421400E-01
  0.000000E+00,  0.000000E+00,  0.000000E+00,  6.240000E+03,  8.422000E-01
  0.000000E+00,  0.000000E+00,  0.000000E+00,  6.242500E+03,  8.425200E-01
  0.000000E+00,  0.000000E+00,  0.000000E+00,  6.245000E+03,  8.430600E-01
  0.000000E+00,  0.000000E+00,  0.000000E+00,  6.247500E+03,  8.437400E-01
  0.000000E+00,  0.000000E+00,  0.000000E+00,  6.250000E+03,  8.444100E-01
  0.000000E+00,  0.000000E+00,  0.000000E+00,  6.252500E+03,  8.449500E-01
  0.000000E+00,  0.000000E+00,  0.000000E+00,  6.255000E+03,  8.454600E-01
  0.000000E+00,  0.000000E+00,  0.000000E+00,  6.257500E+03,  8.460300E-01
  0.000000E+00,  0.000000E+00,  0.000000E+00,  6.260000E+03,  8.466900E-01
  0.000000E+00,  0.000000E+00,  0.000000E+00,  6.262500E+03,  8.474500E-01
  0.000000E+00,  0.000000E+00,  0.000000E+00,  6.265000E+03,  8.482800E-01
  0.000000E+00,  0.000000E+00,  0.000000E+00,  6.267500E+03,  8.491000E-01
  0.000000E+00,  0.000000E+00,  0.000000E+00,  6.270000E+03,  8.498200E-01
  0.000000E+00,  0.000000E+00,  0.000000E+00,  6.272500E+03,  8.503800E-01
  0.000000E+00,  0.000000E+00,  0.000000E+00,  6.275000E+03,  8.508100E-01
  0.000000E+00,  0.000000E+00,  0.000000E+00,  6.277500E+03,  8.511800E-01
  0.000000E+00,  0.000000E+00,  0.000000E+00,  6.280000E+03,  8.515600E-01
  0.000000E+00,  0.000000E+00,  0.000000E+00,  6.282500E+03,  8.519600E-01
  0.000000E+00,  0.000000E+00,  0.000000E+00,  6.285000E+03,  8.523700E-01
  0.000000E+00,  0.000000E+00,  0.000000E+00,  6.287500E+03,  8.527100E-01
  0.000000E+00,  0.000000E+00,  0.000000E+00,  6.290000E+03,  8.528800E-01
  0.000000E+00,  0.000000E+00,  0.000000E+00,  6.292500E+03,  8.528400E-01
  0.000000E+00,  0.000000E+00,  0.000000E+00,  6.295000E+03,  8.526500E-01
  0.000000E+00,  0.000000E+00,  0.000000E+00,  6.297500E+03,  8.524600E-01
  0.000000E+00,  0.000000E+00,  0.000000E+00,  6.300000E+03,  8.523700E-01
  0.000000E+00,  0.000000E+00,  0.000000E+00,  6.302500E+03,  8.524800E-01
  0.000000E+00,  0.000000E+00,  0.000000E+00,  6.305000E+03,  8.527000E-01
  0.000000E+00,  0.000000E+00,  0.000000E+00,  6.307500E+03,  8.529100E-01
  0.000000E+00,  0.000000E+00,  0.000000E+00,  6.310000E+03,  8.529700E-01
  0.000000E+00,  0.000000E+00,  0.000000E+00,  6.312500E+03,  8.528100E-01
  0.000000E+00,  0.000000E+00,  0.000000E+00,  6.315000E+03,  8.524700E-01
  0.000000E+00,  0.000000E+00,  0.000000E+00,  6.317500E+03,  8.520800E-01
  0.000000E+00,  0.000000E+00,  0.000000E+00,  6.320000E+03,  8.517100E-01
  0.000000E+00,  0.000000E+00,  0.000000E+00,  6.322500E+03,  8.514100E-01
  0.000000E+00,  0.000000E+00,  0.000000E+00,  6.325000E+03,  8.511400E-01
  0.000000E+00,  0.000000E+00,  0.000000E+00,  6.327500E+03,  8.508100E-01
  0.000000E+00,  0.000000E+00,  0.000000E+00,  6.330000E+03,  8.503500E-01
  0.000000E+00,  0.000000E+00,  0.000000E+00,  6.332500E+03,  8.497800E-01
  0.000000E+00,  0.000000E+00,  0.000000E+00,  6.335000E+03,  8.490700E-01
  0.000000E+00,  0.000000E+00,  0.000000E+00,  6.337500E+03,  8.482800E-01
  0.000000E+00,  0.000000E+00,  0.000000E+00,  6.340000E+03,  8.474000E-01
  0.000000E+00,  0.000000E+00,  0.000000E+00,  6.342500E+03,  8.464600E-01
  0.000000E+00,  0.000000E+00,  0.000000E+00,  6.345000E+03,  8.454600E-01
  0.000000E+00,  0.000000E+00,  0.000000E+00,  6.347500E+03,  8.444600E-01
  0.000000E+00,  0.000000E+00,  0.000000E+00,  6.350000E+03,  8.435000E-01
  0.000000E+00,  0.000000E+00,  0.000000E+00,  6.352500E+03,  8.426800E-01
  0.000000E+00,  0.000000E+00,  0.000000E+00,  6.355000E+03,  8.419300E-01
  0.000000E+00,  0.000000E+00,  0.000000E+00,  6.357500E+03,  8.411400E-01
  0.000000E+00,  0.000000E+00,  0.000000E+00,  6.360000E+03,  8.403000E-01
  0.000000E+00,  0.000000E+00,  0.000000E+00,  6.362500E+03,  8.393700E-01
  0.000000E+00,  0.000000E+00,  0.000000E+00,  6.365000E+03,  8.383400E-01
  0.000000E+00,  0.000000E+00,  0.000000E+00,  6.367500E+03,  8.372600E-01
  0.000000E+00,  0.000000E+00,  0.000000E+00,  6.370000E+03,  8.361800E-01
  0.000000E+00,  0.000000E+00,  0.000000E+00,  6.372500E+03,  8.351500E-01
  0.000000E+00,  0.000000E+00,  0.000000E+00,  6.375000E+03,  8.341100E-01
  0.000000E+00,  0.000000E+00,  0.000000E+00,  6.377500E+03,  8.330300E-01
  0.000000E+00,  0.000000E+00,  0.000000E+00,  6.380000E+03,  8.318600E-01
  0.000000E+00,  0.000000E+00,  0.000000E+00,  6.382500E+03,  8.306300E-01
  0.000000E+00,  0.000000E+00,  0.000000E+00,  6.385000E+03,  8.293400E-01
  0.000000E+00,  0.000000E+00,  0.000000E+00,  6.387500E+03,  8.280000E-01
  0.000000E+00,  0.000000E+00,  0.000000E+00,  6.390000E+03,  8.266500E-01
  0.000000E+00,  0.000000E+00,  0.000000E+00,  6.392500E+03,  8.252800E-01
  0.000000E+00,  0.000000E+00,  0.000000E+00,  6.395000E+03,  8.239400E-01
  0.000000E+00,  0.000000E+00,  0.000000E+00,  6.397500E+03,  8.225900E-01
  0.000000E+00,  0.000000E+00,  0.000000E+00,  6.400000E+03,  8.212100E-01
  0.000000E+00,  0.000000E+00,  0.000000E+00,  6.402500E+03,  8.198100E-01
  0.000000E+00,  0.000000E+00,  0.000000E+00,  6.405000E+03,  8.184400E-01
  0.000000E+00,  0.000000E+00,  0.000000E+00,  6.407500E+03,  8.171400E-01
  0.000000E+00,  0.000000E+00,  0.000000E+00,  6.410000E+03,  8.160100E-01
  0.000000E+00,  0.000000E+00,  0.000000E+00,  6.412500E+03,  8.151100E-01
  0.000000E+00,  0.000000E+00,  0.000000E+00,  6.415000E+03,  8.143700E-01
  0.000000E+00,  0.000000E+00,  0.000000E+00,  6.417500E+03,  8.137000E-01
  0.000000E+00,  0.000000E+00,  0.000000E+00,  6.420000E+03,  8.129500E-01
  0.000000E+00,  0.000000E+00,  0.000000E+00,  6.422500E+03,  8.120800E-01
  0.000000E+00,  0.000000E+00,  0.000000E+00,  6.425000E+03,  8.111300E-01
  0.000000E+00,  0.000000E+00,  0.000000E+00,  6.427500E+03,  8.101900E-01
  0.000000E+00,  0.000000E+00,  0.000000E+00,  6.430000E+03,  8.093500E-01
  0.000000E+00,  0.000000E+00,  0.000000E+00,  6.432500E+03,  8.086500E-01
  0.000000E+00,  0.000000E+00,  0.000000E+00,  6.435000E+03,  8.080600E-01
  0.000000E+00,  0.000000E+00,  0.000000E+00,  6.437500E+03,  8.074800E-01
  0.000000E+00,  0.000000E+00,  0.000000E+00,  6.440000E+03,  8.068300E-01
  0.000000E+00,  0.000000E+00,  0.000000E+00,  6.442500E+03,  8.061000E-01
  0.000000E+00,  0.000000E+00,  0.000000E+00,  6.445000E+03,  8.053200E-01
  0.000000E+00,  0.000000E+00,  0.000000E+00,  6.447500E+03,  8.045600E-01
  0.000000E+00,  0.000000E+00,  0.000000E+00,  6.450000E+03,  8.039200E-01
  0.000000E+00,  0.000000E+00,  0.000000E+00,  6.452500E+03,  8.034300E-01
  0.000000E+00,  0.000000E+00,  0.000000E+00,  6.455000E+03,  8.030500E-01
  0.000000E+00,  0.000000E+00,  0.000000E+00,  6.457500E+03,  8.027300E-01
  0.000000E+00,  0.000000E+00,  0.000000E+00,  6.460000E+03,  8.025100E-01
  0.000000E+00,  0.000000E+00,  0.000000E+00,  6.462500E+03,  8.023100E-01
  0.000000E+00,  0.000000E+00,  0.000000E+00,  6.465000E+03,  8.021400E-01
  0.000000E+00,  0.000000E+00,  0.000000E+00,  6.467500E+03,  8.019500E-01
  0.000000E+00,  0.000000E+00,  0.000000E+00,  6.470000E+03,  8.016900E-01
  0.000000E+00,  0.000000E+00,  0.000000E+00,  6.472500E+03,  8.013300E-01
  0.000000E+00,  0.000000E+00,  0.000000E+00,  6.475000E+03,  8.008700E-01
  0.000000E+00,  0.000000E+00,  0.000000E+00,  6.477500E+03,  8.003300E-01
  0.000000E+00,  0.000000E+00,  0.000000E+00,  6.480000E+03,  7.997200E-01
  0.000000E+00,  0.000000E+00,  0.000000E+00,  6.482500E+03,  7.990400E-01
  0.000000E+00,  0.000000E+00,  0.000000E+00,  6.485000E+03,  7.983200E-01
  0.000000E+00,  0.000000E+00,  0.000000E+00,  6.487500E+03,  7.975600E-01
  0.000000E+00,  0.000000E+00,  0.000000E+00,  6.490000E+03,  7.968200E-01
  0.000000E+00,  0.000000E+00,  0.000000E+00,  6.492500E+03,  7.961100E-01
  0.000000E+00,  0.000000E+00,  0.000000E+00,  6.495000E+03,  7.954300E-01
  0.000000E+00,  0.000000E+00,  0.000000E+00,  6.497500E+03,  7.947500E-01
  0.000000E+00,  0.000000E+00,  0.000000E+00,  6.500000E+03,  7.940800E-01
  0.000000E+00,  0.000000E+00,  0.000000E+00,  6.502500E+03,  7.934300E-01
  0.000000E+00,  0.000000E+00,  0.000000E+00,  6.505000E+03,  7.927700E-01
  0.000000E+00,  0.000000E+00,  0.000000E+00,  6.507500E+03,  7.920800E-01
  0.000000E+00,  0.000000E+00,  0.000000E+00,  6.510000E+03,  7.913200E-01
  0.000000E+00,  0.000000E+00,  0.000000E+00,  6.512500E+03,  7.905300E-01
  0.000000E+00,  0.000000E+00,  0.000000E+00,  6.515000E+03,  7.896600E-01
  0.000000E+00,  0.000000E+00,  0.000000E+00,  6.517500E+03,  7.886900E-01
  0.000000E+00,  0.000000E+00,  0.000000E+00,  6.520000E+03,  7.876400E-01
  0.000000E+00,  0.000000E+00,  0.000000E+00,  6.522500E+03,  7.865000E-01
  0.000000E+00,  0.000000E+00,  0.000000E+00,  6.525000E+03,  7.852700E-01
  0.000000E+00,  0.000000E+00,  0.000000E+00,  6.527500E+03,  7.839000E-01
  0.000000E+00,  0.000000E+00,  0.000000E+00,  6.530000E+03,  7.823900E-01
  0.000000E+00,  0.000000E+00,  0.000000E+00,  6.532500E+03,  7.807800E-01
  0.000000E+00,  0.000000E+00,  0.000000E+00,  6.535000E+03,  7.790500E-01
  0.000000E+00,  0.000000E+00,  0.000000E+00,  6.537500E+03,  7.771700E-01
  0.000000E+00,  0.000000E+00,  0.000000E+00,  6.540000E+03,  7.751900E-01
  0.000000E+00,  0.000000E+00,  0.000000E+00,  6.542500E+03,  7.731100E-01
  0.000000E+00,  0.000000E+00,  0.000000E+00,  6.545000E+03,  7.709500E-01
  0.000000E+00,  0.000000E+00,  0.000000E+00,  6.547500E+03,  7.687000E-01
  0.000000E+00,  0.000000E+00,  0.000000E+00,  6.550000E+03,  7.663800E-01
  0.000000E+00,  0.000000E+00,  0.000000E+00,  6.552500E+03,  7.640500E-01
  0.000000E+00,  0.000000E+00,  0.000000E+00,  6.555000E+03,  7.616900E-01
  0.000000E+00,  0.000000E+00,  0.000000E+00,  6.557500E+03,  7.592500E-01
  0.000000E+00,  0.000000E+00,  0.000000E+00,  6.560000E+03,  7.567100E-01
  0.000000E+00,  0.000000E+00,  0.000000E+00,  6.562500E+03,  7.540900E-01
  0.000000E+00,  0.000000E+00,  0.000000E+00,  6.565000E+03,  7.514200E-01
  0.000000E+00,  0.000000E+00,  0.000000E+00,  6.567500E+03,  7.487700E-01
  0.000000E+00,  0.000000E+00,  0.000000E+00,  6.570000E+03,  7.462500E-01
  0.000000E+00,  0.000000E+00,  0.000000E+00,  6.572500E+03,  7.438800E-01
  0.000000E+00,  0.000000E+00,  0.000000E+00,  6.575000E+03,  7.416700E-01
  0.000000E+00,  0.000000E+00,  0.000000E+00,  6.577500E+03,  7.395500E-01
  0.000000E+00,  0.000000E+00,  0.000000E+00,  6.580000E+03,  7.374400E-01
  0.000000E+00,  0.000000E+00,  0.000000E+00,  6.582500E+03,  7.353300E-01
  0.000000E+00,  0.000000E+00,  0.000000E+00,  6.585000E+03,  7.332600E-01
  0.000000E+00,  0.000000E+00,  0.000000E+00,  6.587500E+03,  7.313400E-01
  0.000000E+00,  0.000000E+00,  0.000000E+00,  6.590000E+03,  7.297100E-01
  0.000000E+00,  0.000000E+00,  0.000000E+00,  6.592500E+03,  7.284600E-01
  0.000000E+00,  0.000000E+00,  0.000000E+00,  6.595000E+03,  7.274300E-01
  0.000000E+00,  0.000000E+00,  0.000000E+00,  6.597500E+03,  7.264500E-01
  0.000000E+00,  0.000000E+00,  0.000000E+00,  6.600000E+03,  7.254700E-01
  0.000000E+00,  0.000000E+00,  0.000000E+00,  6.602500E+03,  7.243800E-01
  0.000000E+00,  0.000000E+00,  0.000000E+00,  6.605000E+03,  7.230900E-01
  0.000000E+00,  0.000000E+00,  0.000000E+00,  6.607500E+03,  7.215200E-01
  0.000000E+00,  0.000000E+00,  0.000000E+00,  6.610000E+03,  7.198000E-01
  0.000000E+00,  0.000000E+00,  0.000000E+00,  6.612500E+03,  7.180700E-01
  0.000000E+00,  0.000000E+00,  0.000000E+00,  6.615000E+03,  7.159300E-01
  0.000000E+00,  0.000000E+00,  0.000000E+00,  6.617500E+03,  7.130700E-01
  0.000000E+00,  0.000000E+00,  0.000000E+00,  6.620000E+03,  7.095700E-01
  0.000000E+00,  0.000000E+00,  0.000000E+00,  6.622500E+03,  7.053900E-01
  0.000000E+00,  0.000000E+00,  0.000000E+00,  6.625000E+03,  7.003000E-01
  0.000000E+00,  0.000000E+00,  0.000000E+00,  6.627500E+03,  6.939500E-01
  0.000000E+00,  0.000000E+00,  0.000000E+00,  6.630000E+03,  6.864900E-01
  0.000000E+00,  0.000000E+00,  0.000000E+00,  6.632500E+03,  6.782800E-01
  0.000000E+00,  0.000000E+00,  0.000000E+00,  6.635000E+03,  6.688000E-01
  0.000000E+00,  0.000000E+00,  0.000000E+00,  6.637500E+03,  6.577600E-01
  0.000000E+00,  0.000000E+00,  0.000000E+00,  6.640000E+03,  6.453800E-01
  0.000000E+00,  0.000000E+00,  0.000000E+00,  6.642500E+03,  6.318000E-01
  0.000000E+00,  0.000000E+00,  0.000000E+00,  6.645000E+03,  6.169900E-01
  0.000000E+00,  0.000000E+00,  0.000000E+00,  6.647500E+03,  6.007600E-01
  0.000000E+00,  0.000000E+00,  0.000000E+00,  6.650000E+03,  5.833600E-01
  0.000000E+00,  0.000000E+00,  0.000000E+00,  6.652500E+03,  5.652400E-01
  0.000000E+00,  0.000000E+00,  0.000000E+00,  6.655000E+03,  5.462700E-01
  0.000000E+00,  0.000000E+00,  0.000000E+00,  6.657500E+03,  5.264600E-01
  0.000000E+00,  0.000000E+00,  0.000000E+00,  6.660000E+03,  5.061700E-01
  0.000000E+00,  0.000000E+00,  0.000000E+00,  6.662500E+03,  4.856800E-01
  0.000000E+00,  0.000000E+00,  0.000000E+00,  6.665000E+03,  4.651600E-01
  0.000000E+00,  0.000000E+00,  0.000000E+00,  6.667500E+03,  4.446400E-01
  0.000000E+00,  0.000000E+00,  0.000000E+00,  6.670000E+03,  4.242800E-01
  0.000000E+00,  0.000000E+00,  0.000000E+00,  6.672500E+03,  4.042900E-01
  0.000000E+00,  0.000000E+00,  0.000000E+00,  6.675000E+03,  3.847800E-01
  0.000000E+00,  0.000000E+00,  0.000000E+00,  6.677500E+03,  3.658100E-01
  0.000000E+00,  0.000000E+00,  0.000000E+00,  6.680000E+03,  3.474100E-01
  0.000000E+00,  0.000000E+00,  0.000000E+00,  6.682500E+03,  3.296000E-01
  0.000000E+00,  0.000000E+00,  0.000000E+00,  6.685000E+03,  3.124500E-01
  0.000000E+00,  0.000000E+00,  0.000000E+00,  6.687500E+03,  2.960600E-01
  0.000000E+00,  0.000000E+00,  0.000000E+00,  6.690000E+03,  2.803000E-01
  0.000000E+00,  0.000000E+00,  0.000000E+00,  6.692500E+03,  2.649800E-01
  0.000000E+00,  0.000000E+00,  0.000000E+00,  6.695000E+03,  2.502700E-01
  0.000000E+00,  0.000000E+00,  0.000000E+00,  6.697500E+03,  2.362500E-01
  0.000000E+00,  0.000000E+00,  0.000000E+00,  6.700000E+03,  2.227000E-01
  0.000000E+00,  0.000000E+00,  0.000000E+00,  6.702500E+03,  2.095200E-01
  0.000000E+00,  0.000000E+00,  0.000000E+00,  6.705000E+03,  1.967300E-01
  0.000000E+00,  0.000000E+00,  0.000000E+00,  6.707500E+03,  1.845000E-01
  0.000000E+00,  0.000000E+00,  0.000000E+00,  6.710000E+03,  1.726900E-01
  0.000000E+00,  0.000000E+00,  0.000000E+00,  6.712500E+03,  1.610800E-01
  0.000000E+00,  0.000000E+00,  0.000000E+00,  6.715000E+03,  1.499000E-01
  0.000000E+00,  0.000000E+00,  0.000000E+00,  6.717500E+03,  1.392900E-01
  0.000000E+00,  0.000000E+00,  0.000000E+00,  6.720000E+03,  1.291400E-01
  0.000000E+00,  0.000000E+00,  0.000000E+00,  6.722500E+03,  1.193800E-01
  0.000000E+00,  0.000000E+00,  0.000000E+00,  6.725000E+03,  1.100700E-01
  0.000000E+00,  0.000000E+00,  0.000000E+00,  6.727500E+03,  1.013300E-01
  0.000000E+00,  0.000000E+00,  0.000000E+00,  6.730000E+03,  9.300000E-02
  0.000000E+00,  0.000000E+00,  0.000000E+00,  6.732500E+03,  8.488000E-02
  0.000000E+00,  0.000000E+00,  0.000000E+00,  6.735000E+03,  7.721000E-02
  0.000000E+00,  0.000000E+00,  0.000000E+00,  6.737500E+03,  7.013000E-02
  0.000000E+00,  0.000000E+00,  0.000000E+00,  6.740000E+03,  6.357000E-02
  0.000000E+00,  0.000000E+00,  0.000000E+00,  6.742500E+03,  5.746000E-02
  0.000000E+00,  0.000000E+00,  0.000000E+00,  6.745000E+03,  5.184000E-02
  0.000000E+00,  0.000000E+00,  0.000000E+00,  6.747500E+03,  4.681000E-02
  0.000000E+00,  0.000000E+00,  0.000000E+00,  6.750000E+03,  4.225000E-02
  0.000000E+00,  0.000000E+00,  0.000000E+00,  6.752500E+03,  3.796000E-02
  0.000000E+00,  0.000000E+00,  0.000000E+00,  6.755000E+03,  3.410000E-02
  0.000000E+00,  0.000000E+00,  0.000000E+00,  6.757500E+03,  3.072000E-02
  0.000000E+00,  0.000000E+00,  0.000000E+00,  6.760000E+03,  2.770000E-02
  0.000000E+00,  0.000000E+00,  0.000000E+00,  6.762500E+03,  2.495000E-02
  0.000000E+00,  0.000000E+00,  0.000000E+00,  6.765000E+03,  2.245000E-02
  0.000000E+00,  0.000000E+00,  0.000000E+00,  6.767500E+03,  2.029000E-02
  0.000000E+00,  0.000000E+00,  0.000000E+00,  6.770000E+03,  1.839000E-02
  0.000000E+00,  0.000000E+00,  0.000000E+00,  6.772500E+03,  1.657000E-02
  0.000000E+00,  0.000000E+00,  0.000000E+00,  6.775000E+03,  1.494000E-02
  0.000000E+00,  0.000000E+00,  0.000000E+00,  6.777500E+03,  1.354000E-02
  0.000000E+00,  0.000000E+00,  0.000000E+00,  6.780000E+03,  1.228000E-02
  0.000000E+00,  0.000000E+00,  0.000000E+00,  6.782500E+03,  1.115000E-02
  0.000000E+00,  0.000000E+00,  0.000000E+00,  6.785000E+03,  1.011000E-02
  0.000000E+00,  0.000000E+00,  0.000000E+00,  6.787500E+03,  9.230000E-03
  0.000000E+00,  0.000000E+00,  0.000000E+00,  6.790000E+03,  8.460000E-03
  0.000000E+00,  0.000000E+00,  0.000000E+00,  6.792500E+03,  7.720000E-03
  0.000000E+00,  0.000000E+00,  0.000000E+00,  6.795000E+03,  7.060000E-03
  0.000000E+00,  0.000000E+00,  0.000000E+00,  6.797500E+03,  6.480000E-03
  0.000000E+00,  0.000000E+00,  0.000000E+00,  6.800000E+03,  5.980000E-03
  0.000000E+00,  0.000000E+00,  0.000000E+00,  6.802500E+03,  5.520000E-03
  0.000000E+00,  0.000000E+00,  0.000000E+00,  6.805000E+03,  5.090000E-03
  0.000000E+00,  0.000000E+00,  0.000000E+00,  6.807500E+03,  4.720000E-03
  0.000000E+00,  0.000000E+00,  0.000000E+00,  6.810000E+03,  4.390000E-03
  0.000000E+00,  0.000000E+00,  0.000000E+00,  6.812500E+03,  4.080000E-03
  0.000000E+00,  0.000000E+00,  0.000000E+00,  6.815000E+03,  3.790000E-03
  0.000000E+00,  0.000000E+00,  0.000000E+00,  6.817500E+03,  3.540000E-03
  0.000000E+00,  0.000000E+00,  0.000000E+00,  6.820000E+03,  3.320000E-03
  0.000000E+00,  0.000000E+00,  0.000000E+00,  6.822500E+03,  3.110000E-03
  0.000000E+00,  0.000000E+00,  0.000000E+00,  6.825000E+03,  2.920000E-03
  0.000000E+00,  0.000000E+00,  0.000000E+00,  6.827500E+03,  2.750000E-03
  0.000000E+00,  0.000000E+00,  0.000000E+00,  6.830000E+03,  2.580000E-03
  0.000000E+00,  0.000000E+00,  0.000000E+00,  6.832500E+03,  2.450000E-03
  0.000000E+00,  0.000000E+00,  0.000000E+00,  6.835000E+03,  2.310000E-03
  0.000000E+00,  0.000000E+00,  0.000000E+00,  6.837500E+03,  2.210000E-03
  0.000000E+00,  0.000000E+00,  0.000000E+00,  6.840000E+03,  2.110000E-03
  0.000000E+00,  0.000000E+00,  0.000000E+00,  6.842500E+03,  2.010000E-03
  0.000000E+00,  0.000000E+00,  0.000000E+00,  6.845000E+03,  1.930000E-03
  0.000000E+00,  0.000000E+00,  0.000000E+00,  6.847500E+03,  1.850000E-03
  0.000000E+00,  0.000000E+00,  0.000000E+00,  6.850000E+03,  1.780000E-03
  0.000000E+00,  0.000000E+00,  0.000000E+00,  6.852500E+03,  1.720000E-03
  0.000000E+00,  0.000000E+00,  0.000000E+00,  6.855000E+03,  1.650000E-03
  0.000000E+00,  0.000000E+00,  0.000000E+00,  6.857500E+03,  1.590000E-03
  0.000000E+00,  0.000000E+00,  0.000000E+00,  6.860000E+03,  1.540000E-03
  0.000000E+00,  0.000000E+00,  0.000000E+00,  6.862500E+03,  1.500000E-03
  0.000000E+00,  0.000000E+00,  0.000000E+00,  6.865000E+03,  1.450000E-03
  0.000000E+00,  0.000000E+00,  0.000000E+00,  6.867500E+03,  1.410000E-03
  0.000000E+00,  0.000000E+00,  0.000000E+00,  6.870000E+03,  1.360000E-03
  0.000000E+00,  0.000000E+00,  0.000000E+00,  6.872500E+03,  1.340000E-03
  0.000000E+00,  0.000000E+00,  0.000000E+00,  6.875000E+03,  1.310000E-03
  0.000000E+00,  0.000000E+00,  0.000000E+00,  6.877500E+03,  1.290000E-03
  0.000000E+00,  0.000000E+00,  0.000000E+00,  6.880000E+03,  1.260000E-03
  0.000000E+00,  0.000000E+00,  0.000000E+00,  6.882500E+03,  1.240000E-03
  0.000000E+00,  0.000000E+00,  0.000000E+00,  6.885000E+03,  1.230000E-03
  0.000000E+00,  0.000000E+00,  0.000000E+00,  6.887500E+03,  1.210000E-03
  0.000000E+00,  0.000000E+00,  0.000000E+00,  6.890000E+03,  1.200000E-03
  0.000000E+00,  0.000000E+00,  0.000000E+00,  6.892500E+03,  1.170000E-03
  0.000000E+00,  0.000000E+00,  0.000000E+00,  6.895000E+03,  1.110000E-03
  0.000000E+00,  0.000000E+00,  0.000000E+00,  6.897500E+03,  9.900000E-04
  0.000000E+00,  0.000000E+00,  0.000000E+00,  6.900000E+03,  0.000000E+00
