wavelengths,fluxes,convolved_flux,filter_wavelengths,filter_trans
  2.524000E+02,  0.000000E+00,  0.000000E+00,  6.000000E+03,  0.000000E+00
  2.568000E+02,  0.000000E+00,  0.000000E+00,  6.002500E+03,  1.300000E-04
  2.600000E+02,  0.000000E+00,  0.000000E+00,  6.005000E+03,  1.400000E-04
  2.640000E+02,  2.676655E-18,  0.000000E+00,  6.007500E+03,  1.300000E-04
  2.685000E+02,  1.234425E-17,  0.000000E+00,  6.010000E+03,  1.200000E-04
  2.735000E+02,  4.161229E-17,  0.000000E+00,  6.012500E+03,  1.300000E-04
  2.785000E+02,  1.145910E-16,  0.000000E+00,  6.015000E+03,  1.300000E-04
  2.840000E+02,  3.051954E-16,  0.000000E+00,  6.017500E+03,  1.400000E-04
  2.900000E+02,  8.276381E-16,  0.000000E+00,  6.020000E+03,  1.500000E-04
  2.960000E+02,  2.071034E-15,  0.000000E+00,  6.022500E+03,  1.700000E-04
  3.010000E+02,  4.260040E-15,  0.000000E+00,  6.025000E+03,  1.900000E-04
  3.080000E+02,  1.088579E-14,  0.000000E+00,  6.027500E+03,  2.100000E-04
  3.180000E+02,  3.849327E-14,  0.000000E+00,  6.030000E+03,  2.200000E-04
  3.280000E+02,  1.221370E-13,  0.000000E+00,  6.032500E+03,  2.400000E-04
  3.380000E+02,  3.593137E-13,  0.000000E+00,  6.035000E+03,  2.500000E-04
  3.480000E+02,  9.787854E-13,  0.000000E+00,  6.037500E+03,  2.600000E-04
  3.570000E+02,  2.267127E-12,  0.000000E+00,  6.040000E+03,  2.800000E-04
  3.660000E+02,  5.086632E-12,  0.000000E+00,  6.042500E+03,  3.000000E-04
  3.750000E+02,  1.082011E-11,  0.000000E+00,  6.045000E+03,  3.200000E-04
  3.850000E+02,  2.399608E-11,  0.000000E+00,  6.047500E+03,  3.400000E-04
  3.950000E+02,  5.057817E-11,  0.000000E+00,  6.050000E+03,  3.700000E-04
  4.050000E+02,  1.027249E-10,  0.000000E+00,  6.052500E+03,  3.900000E-04
  4.140000E+02,  1.884684E-10,  0.000000E+00,  6.055000E+03,  4.100000E-04
  4.220000E+02,  3.137293E-10,  0.000000E+00,  6.057500E+03,  4.300000E-04
  4.300000E+02,  5.110809E-10,  0.000000E+00,  6.060000E+03,  4.500000E-04
  4.410000E+02,  9.769535E-10,  0.000000E+00,  6.062500E+03,  4.600000E-04
  4.510000E+02,  1.706683E-09,  0.000000E+00,  6.065000E+03,  4.800000E-04
  4.600000E+02,  2.746105E-09,  0.000000E+00,  6.067500E+03,  5.000000E-04
  4.700000E+02,  4.559517E-09,  0.000000E+00,  6.070000E+03,  5.100000E-04
  4.800000E+02,  7.384730E-09,  0.000000E+00,  6.072500E+03,  5.400000E-04
  4.900000E+02,  1.172022E-08,  0.000000E+00,  6.075000E+03,  5.700000E-04
  5.000000E+02,  1.822279E-08,  0.000000E+00,  6.077500E+03,  6.000000E-04
  5.060000E+02,  1.958694E-07,  0.000000E+00,  6.080000E+03,  6.300000E-04
  5.120000E+02,  9.774746E-07,  0.000000E+00,  6.082500E+03,  6.800000E-04
  5.200000E+02,  1.277023E-06,  0.000000E+00,  6.085000E+03,  7.100000E-04
  5.300000E+02,  1.889415E-06,  0.000000E+00,  6.087500E+03,  7.600000E-04
  5.400000E+02,  2.246259E-06,  0.000000E+00,  6.090000E+03,  8.000000E-04
  5.500000E+02,  3.488427E-06,  0.000000E+00,  6.092500E+03,  8.400000E-04
  5.600000E+02,  4.474341E-06,  0.000000E+00,  6.095000E+03,  8.800000E-04
  5.700000E+02,  5.993635E-06,  0.000000E+00,  6.097500E+03,  9.300000E-04
  5.800000E+02,  6.646059E-06,  0.000000E+00,  6.100000E+03,  9.800000E-04
  5.900000E+02,  9.563742E-06,  0.000000E+00,  6.102500E+03,  1.030000E-03
  6.000000E+02,  1.246168E-05,  0.000000E+00,  6.105000E+03,  1.080000E-03
  6.100000E+02,  1.608705E-05,  0.000000E+00,  6.107500E+03,  1.150000E-03
  6.200000E+02,  1.929589E-05,  0.000000E+00,  6.110000E+03,  1.200000E-03
  6.300000E+02,  2.353383E-05,  0.000000E+00,  6.112500E+03,  1.280000E-03
  6.400000E+02,  2.695561E-05,  0.000000E+00,  6.115000E+03,  1.360000E-03
  6.500000E+02,  2.994566E-05,  0.000000E+00,  6.117500E+03,  1.440000E-03
  6.580000E+02,  3.904855E-05,  0.000000E+00,  6.120000E+03,  1.530000E-03
  6.650000E+02,  4.303502E-05,  0.000000E+00,  6.122500E+03,  1.620000E-03
  6.750000E+02,  4.960562E-05,  0.000000E+00,  6.125000E+03,  1.710000E-03
  6.850000E+02,  5.777515E-05,  0.000000E+00,  6.127500E+03,  1.810000E-03
  6.950000E+02,  7.056471E-05,  0.000000E+00,  6.130000E+03,  1.920000E-03
  7.050000E+02,  8.046820E-05,  0.000000E+00,  6.132500E+03,  2.040000E-03
  7.160000E+02,  9.505431E-05,  0.000000E+00,  6.135000E+03,  2.170000E-03
  7.260000E+02,  1.077404E-04,  0.000000E+00,  6.137500E+03,  2.310000E-03
  7.350000E+02,  1.211344E-04,  0.000000E+00,  6.140000E+03,  2.470000E-03
  7.450000E+02,  1.416322E-04,  0.000000E+00,  6.142500E+03,  2.640000E-03
  7.550000E+02,  1.621240E-04,  0.000000E+00,  6.145000E+03,  2.840000E-03
  7.650000E+02,  1.840496E-04,  0.000000E+00,  6.147500E+03,  3.040000E-03
  7.750000E+02,  2.096169E-04,  0.000000E+00,  6.150000E+03,  3.260000E-03
  7.850000E+02,  2.365617E-04,  0.000000E+00,  6.152500E+03,  3.460000E-03
  7.950000E+02,  2.606722E-04,  0.000000E+00,  6.155000E+03,  3.680000E-03
  8.050000E+02,  2.903354E-04,  0.000000E+00,  6.157500E+03,  3.930000E-03
  8.150000E+02,  3.197140E-04,  0.000000E+00,  6.160000E+03,  4.190000E-03
  8.250000E+02,  3.597868E-04,  0.000000E+00,  6.162500E+03,  4.470000E-03
  8.350000E+02,  3.777250E-04,  0.000000E+00,  6.165000E+03,  4.770000E-03
  8.450000E+02,  4.259941E-04,  0.000000E+00,  6.167500E+03,  5.110000E-03
  8.550000E+02,  4.692175E-04,  0.000000E+00,  6.170000E+03,  5.480000E-03
  8.650000E+02,  5.179139E-04,  0.000000E+00,  6.172500E+03,  5.880000E-03
  8.750000E+02,  5.712811E-04,  0.000000E+00,  6.175000E+03,  6.320000E-03
  8.850000E+02,  6.360081E-04,  0.000000E+00,  6.177500E+03,  6.800000E-03
  8.950000E+02,  6.929877E-04,  0.000000E+00,  6.180000E+03,  7.310000E-03
  9.050000E+02,  7.212462E-04,  0.000000E+00,  6.182500E+03,  7.840000E-03
  9.150000E+02,  1.346180E-03,  0.000000E+00,  6.185000E+03,  8.400000E-03
  9.250000E+02,  6.475273E-03,  0.000000E+00,  6.187500E+03,  9.020000E-03
  9.350000E+02,  2.082252E-02,  0.000000E+00,  6.190000E+03,  9.700000E-03
  9.450000E+02,  8.117304E-02,  0.000000E+00,  6.192500E+03,  1.040000E-02
  9.550000E+02,  1.674266E-01,  0.000000E+00,  6.195000E+03,  1.119000E-02
  9.650000E+02,  2.392748E-01,  0.000000E+00,  6.197500E+03,  1.207000E-02
  9.750000E+02,  3.651835E-02,  0.000000E+00,  6.200000E+03,  1.300000E-02
  9.850000E+02,  2.873589E-01,  0.000000E+00,  6.202500E+03,  1.398000E-02
  9.950000E+02,  2.770167E-01,  0.000000E+00,  6.205000E+03,  1.505000E-02
  1.005000E+03,  3.442486E-01,  0.000000E+00,  6.207500E+03,  1.628000E-02
  1.015000E+03,  3.151888E-01,  0.000000E+00,  6.210000E+03,  1.765000E-02
  1.025000E+03,  6.006550E-02,  0.000000E+00,  6.212500E+03,  1.912000E-02
  1.035000E+03,  1.901383E-01,  0.000000E+00,  6.215000E+03,  2.077000E-02
  1.045000E+03,  4.440164E-01,  0.000000E+00,  6.217500E+03,  2.264000E-02
  1.055000E+03,  4.285412E-01,  0.000000E+00,  6.220000E+03,  2.463000E-02
  1.065000E+03,  3.290471E-01,  0.000000E+00,  6.222500E+03,  2.676000E-02
  1.075000E+03,  4.176050E-01,  0.000000E+00,  6.225000E+03,  2.906000E-02
  1.085000E+03,  3.683553E-01,  0.000000E+00,  6.227500E+03,  3.166000E-02
  1.095000E+03,  4.301656E-01,  0.000000E+00,  6.230000E+03,  3.449000E-02
  1.105000E+03,  3.466297E-01,  0.000000E+00,  6.232500E+03,  3.740000E-02
  1.115000E+03,  3.122588E-01,  0.000000E+00,  6.235000E+03,  4.065000E-02
  1.125000E+03,  3.136122E-01,  0.000000E+00,  6.237500E+03,  4.437000E-02
  1.135000E+03,  4.213734E-01,  0.000000E+00,  6.240000E+03,  4.849000E-02
  1.145000E+03,  3.559654E-01,  0.000000E+00,  6.242500E+03,  5.301000E-02
  1.155000E+03,  3.893539E-01,  0.000000E+00,  6.245000E+03,  5.805000E-02
  1.165000E+03,  4.110679E-01,  0.000000E+00,  6.247500E+03,  6.381000E-02
  1.175000E+03,  3.079223E-01,  0.000000E+00,  6.250000E+03,  7.008000E-02
  1.185000E+03,  4.098001E-01,  0.000000E+00,  6.252500E+03,  7.654000E-02
  1.195000E+03,  2.115724E-01,  0.000000E+00,  6.255000E+03,  8.369000E-02
  1.205000E+03,  9.780502E-02,  0.000000E+00,  6.257500E+03,  9.181000E-02
  1.215000E+03,  5.042734E-02,  0.000000E+00,  6.260000E+03,  1.006600E-01
  1.225000E+03,  1.989480E-01,  0.000000E+00,  6.262500E+03,  1.102100E-01
  1.235000E+03,  3.828908E-01,  0.000000E+00,  6.265000E+03,  1.207100E-01
  1.245000E+03,  4.147655E-01,  0.000000E+00,  6.267500E+03,  1.326500E-01
  1.255000E+03,  4.006390E-01,  0.000000E+00,  6.270000E+03,  1.457600E-01
  1.265000E+03,  3.477035E-01,  0.000000E+00,  6.272500E+03,  1.595100E-01
  1.275000E+03,  3.831379E-01,  0.000000E+00,  6.275000E+03,  1.746300E-01
  1.285000E+03,  4.090411E-01,  0.000000E+00,  6.277500E+03,  1.916400E-01
  1.295000E+03,  2.189358E-01,  0.000000E+00,  6.280000E+03,  2.102900E-01
  1.305000E+03,  1.809381E-01,  0.000000E+00,  6.282500E+03,  2.305200E-01
  1.315000E+03,  3.752761E-01,  0.000000E+00,  6.285000E+03,  2.524300E-01
  1.325000E+03,  3.625645E-01,  0.000000E+00,  6.287500E+03,  2.763800E-01
  1.335000E+03,  3.173712E-01,  0.000000E+00,  6.290000E+03,  3.015900E-01
  1.345000E+03,  3.674296E-01,  0.000000E+00,  6.292500E+03,  3.269400E-01
  1.355000E+03,  3.562727E-01,  0.000000E+00,  6.295000E+03,  3.534700E-01
  1.365000E+03,  3.092603E-01,  0.000000E+00,  6.297500E+03,  3.822800E-01
  1.375000E+03,  3.174838E-01,  0.000000E+00,  6.300000E+03,  4.137800E-01
  1.385000E+03,  3.215032E-01,  0.000000E+00,  6.302500E+03,  4.479100E-01
  1.395000E+03,  2.669671E-01,  0.000000E+00,  6.305000E+03,  4.842200E-01
  1.405000E+03,  2.847802E-01,  0.000000E+00,  6.307500E+03,  5.217400E-01
  1.415000E+03,  2.869682E-01,  0.000000E+00,  6.310000E+03,  5.594000E-01
  1.425000E+03,  3.001072E-01,  0.000000E+00,  6.312500E+03,  5.962900E-01
  1.435000E+03,  2.997834E-01,  0.000000E+00,  6.315000E+03,  6.324000E-01
  1.442000E+03,  3.176872E-01,  0.000000E+00,  6.317500E+03,  6.678200E-01
  1.447000E+03,  3.136252E-01,  0.000000E+00,  6.320000E+03,  7.024200E-01
  1.455000E+03,  3.055741E-01,  0.000000E+00,  6.322500E+03,  7.359600E-01
  1.465000E+03,  2.859564E-01,  0.000000E+00,  6.325000E+03,  7.680100E-01
  1.475000E+03,  2.813280E-01,  0.000000E+00,  6.327500E+03,  7.979200E-01
  1.485000E+03,  2.755638E-01,  0.000000E+00,  6.330000E+03,  8.258700E-01
  1.495000E+03,  2.773535E-01,  0.000000E+00,  6.332500E+03,  8.523300E-01
  1.505000E+03,  2.540796E-01,  0.000000E+00,  6.335000E+03,  8.764800E-01
  1.512000E+03,  2.313778E-01,  0.000000E+00,  6.337500E+03,  8.978000E-01
  1.517000E+03,  2.452000E-01,  0.000000E+00,  6.340000E+03,  9.166000E-01
  1.525000E+03,  2.485986E-01,  0.000000E+00,  6.342500E+03,  9.330600E-01
  1.535000E+03,  2.211197E-01,  0.000000E+00,  6.345000E+03,  9.471700E-01
  1.545000E+03,  2.298312E-01,  0.000000E+00,  6.347500E+03,  9.586500E-01
  1.555000E+03,  2.170057E-01,  0.000000E+00,  6.350000E+03,  9.683900E-01
  1.565000E+03,  2.204728E-01,  0.000000E+00,  6.352500E+03,  9.775500E-01
  1.575000E+03,  2.336945E-01,  0.000000E+00,  6.355000E+03,  9.853300E-01
  1.585000E+03,  2.352078E-01,  0.000000E+00,  6.357500E+03,  9.910200E-01
  1.595000E+03,  2.385385E-01,  0.000000E+00,  6.360000E+03,  9.947800E-01
  1.605000E+03,  2.335365E-01,  0.000000E+00,  6.362500E+03,  9.968500E-01
  1.615000E+03,  2.342461E-01,  0.000000E+00,  6.365000E+03,  9.975300E-01
  1.625000E+03,  2.226999E-01,  0.000000E+00,  6.367500E+03,  9.971800E-01
  1.635000E+03,  2.338317E-01,  0.000000E+00,  6.370000E+03,  9.969000E-01
  1.645000E+03,  2.326400E-01,  0.000000E+00,  6.372500E+03,  9.978700E-01
  1.655000E+03,  2.164374E-01,  0.000000E+00,  6.375000E+03,  9.992200E-01
  1.665000E+03,  2.332910E-01,  0.000000E+00,  6.377500E+03,  1.000000E+00
  1.672000E+03,  2.238025E-01,  0.000000E+00,  6.380000E+03,  9.998800E-01
  1.677000E+03,  2.289414E-01,  0.000000E+00,  6.382500E+03,  9.987400E-01
  1.685000E+03,  2.328669E-01,  0.000000E+00,  6.385000E+03,  9.967300E-01
  1.695000E+03,  2.197616E-01,  0.000000E+00,  6.387500E+03,  9.943400E-01
  1.705000E+03,  2.084167E-01,  0.000000E+00,  6.390000E+03,  9.921600E-01
  1.715000E+03,  1.954783E-01,  0.000000E+00,  6.392500E+03,  9.906000E-01
  1.725000E+03,  1.940454E-01,  0.000000E+00,  6.395000E+03,  9.893400E-01
  1.735000E+03,  2.035702E-01,  0.000000E+00,  6.397500E+03,  9.880300E-01
  1.745000E+03,  1.965042E-01,  0.000000E+00,  6.400000E+03,  9.865900E-01
  1.755000E+03,  2.026210E-01,  0.000000E+00,  6.402500E+03,  9.849600E-01
  1.765000E+03,  1.886568E-01,  0.000000E+00,  6.405000E+03,  9.831600E-01
  1.775000E+03,  1.885700E-01,  0.000000E+00,  6.407500E+03,  9.813400E-01
  1.785000E+03,  1.893946E-01,  0.000000E+00,  6.410000E+03,  9.795700E-01
  1.795000E+03,  1.987513E-01,  0.000000E+00,  6.412500E+03,  9.778500E-01
  1.805000E+03,  1.979720E-01,  0.000000E+00,  6.415000E+03,  9.761900E-01
  1.815000E+03,  1.787779E-01,  0.000000E+00,  6.417500E+03,  9.746300E-01
  1.825000E+03,  1.859869E-01,  0.000000E+00,  6.420000E+03,  9.732500E-01
  1.835000E+03,  1.766802E-01,  0.000000E+00,  6.422500E+03,  9.720800E-01
  1.845000E+03,  1.634752E-01,  0.000000E+00,  6.425000E+03,  9.710500E-01
  1.855000E+03,  1.575563E-01,  0.000000E+00,  6.427500E+03,  9.700500E-01
  1.865000E+03,  1.607254E-01,  0.000000E+00,  6.430000E+03,  9.689600E-01
  1.875000E+03,  1.748765E-01,  0.000000E+00,  6.432500E+03,  9.677300E-01
  1.885000E+03,  1.581825E-01,  0.000000E+00,  6.435000E+03,  9.663800E-01
  1.895000E+03,  1.481826E-01,  0.000000E+00,  6.437500E+03,  9.649200E-01
  1.905000E+03,  1.603736E-01,  0.000000E+00,  6.440000E+03,  9.632700E-01
  1.915000E+03,  1.506112E-01,  0.000000E+00,  6.442500E+03,  9.615700E-01
  1.925000E+03,  1.463005E-01,  0.000000E+00,  6.445000E+03,  9.598100E-01
  1.935000E+03,  1.527526E-01,  0.000000E+00,  6.447500E+03,  9.574700E-01
  1.945000E+03,  1.532560E-01,  0.000000E+00,  6.450000E+03,  9.561600E-01
  1.955000E+03,  1.424886E-01,  0.000000E+00,  6.452500E+03,  9.579600E-01
  1.967000E+03,  1.550145E-01,  0.000000E+00,  6.455000E+03,  9.604600E-01
  1.976000E+03,  1.604826E-01,  0.000000E+00,  6.457500E+03,  9.619900E-01
  1.984000E+03,  1.490688E-01,  0.000000E+00,  6.460000E+03,  9.632600E-01
  1.995000E+03,  1.449844E-01,  0.000000E+00,  6.462500E+03,  9.643200E-01
  2.005000E+03,  1.494779E-01,  0.000000E+00,  6.465000E+03,  9.650100E-01
  2.015000E+03,  1.426169E-01,  0.000000E+00,  6.467500E+03,  9.654800E-01
  2.025000E+03,  1.524539E-01,  0.000000E+00,  6.470000E+03,  9.658300E-01
  2.035000E+03,  1.402691E-01,  0.000000E+00,  6.472500E+03,  9.661000E-01
  2.045000E+03,  1.426678E-01,  0.000000E+00,  6.475000E+03,  9.662400E-01
  2.055000E+03,  1.356280E-01,  0.000000E+00,  6.477500E+03,  9.661600E-01
  2.065000E+03,  1.389084E-01,  0.000000E+00,  6.480000E+03,  9.657700E-01
  2.074000E+03,  1.440951E-01,  0.000000E+00,  6.482500E+03,  9.650500E-01
  2.078000E+03,  1.339579E-01,  0.000000E+00,  6.485000E+03,  9.640500E-01
  2.085000E+03,  1.396441E-01,  0.000000E+00,  6.487500E+03,  9.628900E-01
  2.095000E+03,  1.314769E-01,  0.000000E+00,  6.490000E+03,  9.616600E-01
  2.105000E+03,  1.341954E-01,  0.000000E+00,  6.492500E+03,  9.604100E-01
  2.115000E+03,  1.340554E-01,  0.000000E+00,  6.495000E+03,  9.591500E-01
  2.125000E+03,  1.360014E-01,  0.000000E+00,  6.497500E+03,  9.579300E-01
  2.135000E+03,  1.307523E-01,  0.000000E+00,  6.500000E+03,  9.568000E-01
  2.145000E+03,  1.275522E-01,  0.000000E+00,  6.502500E+03,  9.557900E-01
  2.155000E+03,  1.320693E-01,  0.000000E+00,  6.505000E+03,  9.548900E-01
  2.165000E+03,  1.293491E-01,  0.000000E+00,  6.507500E+03,  9.540500E-01
  2.175000E+03,  1.277213E-01,  0.000000E+00,  6.510000E+03,  9.532200E-01
  2.185000E+03,  1.238215E-01,  0.000000E+00,  6.512500E+03,  9.523700E-01
  2.195000E+03,  1.261567E-01,  0.000000E+00,  6.515000E+03,  9.515200E-01
  2.205000E+03,  1.233065E-01,  0.000000E+00,  6.517500E+03,  9.506600E-01
  2.215000E+03,  1.202009E-01,  0.000000E+00,  6.520000E+03,  9.496800E-01
  2.225000E+03,  1.154980E-01,  0.000000E+00,  6.522500E+03,  9.485900E-01
  2.235000E+03,  1.189936E-01,  0.000000E+00,  6.525000E+03,  9.474500E-01
  2.245000E+03,  1.172563E-01,  0.000000E+00,  6.527500E+03,  9.463500E-01
  2.255000E+03,  1.125016E-01,  0.000000E+00,  6.530000E+03,  9.454400E-01
  2.265000E+03,  1.150287E-01,  0.000000E+00,  6.532500E+03,  9.448300E-01
  2.275000E+03,  1.151893E-01,  0.000000E+00,  6.535000E+03,  9.444200E-01
  2.285000E+03,  1.155827E-01,  0.000000E+00,  6.537500E+03,  9.440400E-01
  2.295000E+03,  1.105451E-01,  0.000000E+00,  6.540000E+03,  9.435600E-01
  2.305000E+03,  1.095137E-01,  0.000000E+00,  6.542500E+03,  9.429600E-01
  2.315000E+03,  1.060243E-01,  0.000000E+00,  6.545000E+03,  9.422300E-01
  2.325000E+03,  1.047144E-01,  0.000000E+00,  6.547500E+03,  9.414700E-01
  2.335000E+03,  9.985006E-02,  0.000000E+00,  6.550000E+03,  9.408100E-01
  2.345000E+03,  9.879965E-02,  0.000000E+00,  6.552500E+03,  9.402700E-01
  2.355000E+03,  9.998856E-02,  0.000000E+00,  6.555000E+03,  9.398200E-01
  2.365000E+03,  9.670377E-02,  0.000000E+00,  6.557500E+03,  9.393800E-01
  2.375000E+03,  9.743536E-02,  0.000000E+00,  6.560000E+03,  9.388500E-01
  2.385000E+03,  9.425325E-02,  0.000000E+00,  6.562500E+03,  9.382300E-01
  2.395000E+03,  9.739862E-02,  0.000000E+00,  6.565000E+03,  9.375700E-01
  2.405000E+03,  9.336696E-02,  0.000000E+00,  6.567500E+03,  9.370000E-01
  2.415000E+03,  9.386525E-02,  0.000000E+00,  6.570000E+03,  9.367600E-01
  2.425000E+03,  9.480139E-02,  0.000000E+00,  6.572500E+03,  9.370200E-01
  2.435000E+03,  9.078654E-02,  0.000000E+00,  6.575000E+03,  9.375500E-01
  2.445000E+03,  9.278588E-02,  0.000000E+00,  6.577500E+03,  9.380900E-01
  2.455000E+03,  9.173760E-02,  0.000000E+00,  6.580000E+03,  9.383600E-01
  2.465000E+03,  9.033356E-02,  0.000000E+00,  6.582500E+03,  9.382500E-01
  2.475000E+03,  8.833817E-02,  0.000000E+00,  6.585000E+03,  9.378400E-01
  2.485000E+03,  9.030285E-02,  0.000000E+00,  6.587500E+03,  9.373600E-01
  2.495000E+03,  8.668008E-02,  0.000000E+00,  6.590000E+03,  9.371000E-01
  2.505000E+03,  8.899607E-02,  0.000000E+00,  6.592500E+03,  9.372000E-01
  2.513000E+03,  8.467046E-02,  0.000000E+00,  6.595000E+03,  9.374900E-01
  2.518000E+03,  8.718296E-02,  0.000000E+00,  6.597500E+03,  9.378000E-01
  2.525000E+03,  8.384103E-02,  0.000000E+00,  6.600000E+03,  9.380100E-01
  2.535000E+03,  8.331044E-02,  0.000000E+00,  6.602500E+03,  9.381100E-01
  2.545000E+03,  8.041490E-02,  0.000000E+00,  6.605000E+03,  9.380600E-01
  2.555000E+03,  8.300553E-02,  0.000000E+00,  6.607500E+03,  9.379700E-01
  2.565000E+03,  8.176689E-02,  0.000000E+00,  6.610000E+03,  9.378900E-01
  2.575000E+03,  8.366072E-02,  0.000000E+00,  6.612500E+03,  9.378500E-01
  2.585000E+03,  8.330236E-02,  0.000000E+00,  6.615000E+03,  9.378200E-01
  2.595000E+03,  8.288115E-02,  0.000000E+00,  6.617500E+03,  9.378100E-01
  2.605000E+03,  8.126801E-02,  0.000000E+00,  6.620000E+03,  9.378300E-01
  2.615000E+03,  8.057999E-02,  0.000000E+00,  6.622500E+03,  9.378700E-01
  2.625000E+03,  7.999884E-02,  0.000000E+00,  6.625000E+03,  9.379600E-01
  2.635000E+03,  7.969783E-02,  0.000000E+00,  6.627500E+03,  9.380900E-01
  2.645000E+03,  8.086661E-02,  0.000000E+00,  6.630000E+03,  9.383100E-01
  2.655000E+03,  8.016022E-02,  0.000000E+00,  6.632500E+03,  9.386800E-01
  2.665000E+03,  7.729200E-02,  0.000000E+00,  6.635000E+03,  9.391100E-01
  2.675000E+03,  7.830960E-02,  0.000000E+00,  6.637500E+03,  9.395100E-01
  2.685000E+03,  7.753927E-02,  0.000000E+00,  6.640000E+03,  9.397200E-01
  2.695000E+03,  7.578855E-02,  0.000000E+00,  6.642500E+03,  9.397100E-01
  2.705000E+03,  7.562134E-02,  0.000000E+00,  6.645000E+03,  9.395100E-01
  2.715000E+03,  7.428053E-02,  0.000000E+00,  6.647500E+03,  9.393300E-01
  2.725000E+03,  7.316498E-02,  0.000000E+00,  6.650000E+03,  9.393100E-01
  2.735000E+03,  7.412853E-02,  0.000000E+00,  6.652500E+03,  9.395900E-01
  2.745000E+03,  7.052994E-02,  0.000000E+00,  6.655000E+03,  9.400400E-01
  2.755000E+03,  7.025606E-02,  0.000000E+00,  6.657500E+03,  9.405300E-01
  2.765000E+03,  7.042202E-02,  0.000000E+00,  6.660000E+03,  9.410100E-01
  2.775000E+03,  7.127628E-02,  0.000000E+00,  6.662500E+03,  9.414500E-01
  2.785000E+03,  7.051697E-02,  0.000000E+00,  6.665000E+03,  9.417900E-01
  2.795000E+03,  6.656009E-02,  0.000000E+00,  6.667500E+03,  9.420500E-01
  2.805000E+03,  6.849913E-02,  0.000000E+00,  6.670000E+03,  9.422000E-01
  2.815000E+03,  6.905765E-02,  0.000000E+00,  6.672500E+03,  9.421900E-01
  2.825000E+03,  6.794762E-02,  0.000000E+00,  6.675000E+03,  9.420700E-01
  2.835000E+03,  6.540764E-02,  0.000000E+00,  6.677500E+03,  9.419000E-01
  2.845000E+03,  6.516363E-02,  0.000000E+00,  6.680000E+03,  9.417300E-01
  2.855000E+03,  6.529898E-02,  0.000000E+00,  6.682500E+03,  9.416000E-01
  2.865000E+03,  6.590144E-02,  0.000000E+00,  6.685000E+03,  9.415200E-01
  2.875000E+03,  6.476220E-02,  0.000000E+00,  6.687500E+03,  9.415200E-01
  2.885000E+03,  6.444622E-02,  0.000000E+00,  6.690000E+03,  9.415800E-01
  2.895000E+03,  6.395163E-02,  0.000000E+00,  6.692500E+03,  9.417500E-01
  2.910000E+03,  6.338541E-02,  0.000000E+00,  6.695000E+03,  9.419900E-01
  2.930000E+03,  6.184360E-02,  0.000000E+00,  6.697500E+03,  9.423000E-01
  2.950000E+03,  6.046832E-02,  0.000000E+00,  6.700000E+03,  9.426600E-01
  2.970000E+03,  5.987606E-02,  0.000000E+00,  6.702500E+03,  9.430300E-01
  2.990000E+03,  5.860028E-02,  0.000000E+00,  6.705000E+03,  9.433900E-01
  3.010000E+03,  5.788736E-02,  0.000000E+00,  6.707500E+03,  9.437500E-01
  3.030000E+03,  5.722574E-02,  0.000000E+00,  6.710000E+03,  9.440100E-01
  3.050000E+03,  5.606007E-02,  0.000000E+00,  6.712500E+03,  9.441100E-01
  3.070000E+03,  5.505752E-02,  0.000000E+00,  6.715000E+03,  9.441200E-01
  3.090000E+03,  5.395522E-02,  0.000000E+00,  6.717500E+03,  9.441700E-01
  3.110000E+03,  5.300368E-02,  0.000000E+00,  6.720000E+03,  9.443500E-01
  3.130000E+03,  5.226313E-02,  0.000000E+00,  6.722500E+03,  9.447000E-01
  3.150000E+03,  5.132932E-02,  0.000000E+00,  6.725000E+03,  9.452100E-01
  3.170000E+03,  5.035610E-02,  0.000000E+00,  6.727500E+03,  9.457200E-01
  3.190000E+03,  4.889290E-02,  0.000000E+00,  6.730000E+03,  9.461800E-01
  3.210000E+03,  4.855369E-02,  0.000000E+00,  6.732500E+03,  9.465100E-01
  3.230000E+03,  4.780173E-02,  0.000000E+00,  6.735000E+03,  9.467300E-01
  3.250000E+03,  4.708015E-02,  0.000000E+00,  6.737500E+03,  9.469000E-01
  3.270000E+03,  4.636046E-02,  0.000000E+00,  6.740000E+03,  9.469900E-01
  3.290000E+03,  4.557123E-02,  0.000000E+00,  6.742500E+03,  9.470100E-01
  3.310000E+03,  4.491809E-02,  0.000000E+00,  6.745000E+03,  9.469800E-01
  3.330000E+03,  4.410775E-02,  0.000000E+00,  6.747500E+03,  9.469100E-01
  3.350000E+03,  4.325783E-02,  0.000000E+00,  6.750000E+03,  9.468200E-01
  3.370000E+03,  4.261871E-02,  0.000000E+00,  6.752500E+03,  9.467300E-01
  3.390000E+03,  4.195209E-02,  0.000000E+00,  6.755000E+03,  9.466500E-01
  3.410000E+03,  4.131696E-02,  0.000000E+00,  6.757500E+03,  9.465900E-01
  3.430000E+03,  4.052215E-02,  0.000000E+00,  6.760000E+03,  9.465600E-01
  3.450000E+03,  3.976628E-02,  0.000000E+00,  6.762500E+03,  9.465700E-01
  3.470000E+03,  3.917697E-02,  0.000000E+00,  6.765000E+03,  9.466500E-01
  3.490000E+03,  3.855521E-02,  0.000000E+00,  6.767500E+03,  9.468100E-01
  3.510000E+03,  3.804569E-02,  0.000000E+00,  6.770000E+03,  9.471100E-01
  3.530000E+03,  3.749470E-02,  0.000000E+00,  6.772500E+03,  9.476100E-01
  3.550000E+03,  3.691708E-02,  0.000000E+00,  6.775000E+03,  9.482200E-01
  3.570000E+03,  3.645624E-02,  0.000000E+00,  6.777500E+03,  9.488000E-01
  3.590000E+03,  3.565433E-02,  0.000000E+00,  6.780000E+03,  9.492500E-01
  3.610000E+03,  3.513708E-02,  0.000000E+00,  6.782500E+03,  9.495200E-01
  3.630000E+03,  3.461839E-02,  0.000000E+00,  6.785000E+03,  9.496000E-01
  3.640000E+03,  3.452936E-02,  0.000000E+00,  6.787500E+03,  9.495800E-01
  3.650000E+03,  3.422056E-02,  0.000000E+00,  6.790000E+03,  9.495000E-01
  3.670000E+03,  3.382158E-02,  0.000000E+00,  6.792500E+03,  9.493300E-01
  3.690000E+03,  3.300212E-02,  0.000000E+00,  6.795000E+03,  9.491200E-01
  3.710000E+03,  3.206047E-02,  0.000000E+00,  6.797500E+03,  9.489300E-01
  3.730000E+03,  3.109420E-02,  0.000000E+00,  6.800000E+03,  9.488900E-01
  3.750000E+03,  3.426619E-02,  0.000000E+00,  6.802500E+03,  9.490400E-01
  3.770000E+03,  3.484272E-02,  0.000000E+00,  6.805000E+03,  9.493400E-01
  3.790000E+03,  3.766207E-02,  0.000000E+00,  6.807500E+03,  9.496100E-01
  3.810000E+03,  3.983913E-02,  0.000000E+00,  6.810000E+03,  9.497100E-01
  3.830000E+03,  3.409951E-02,  0.000000E+00,  6.812500E+03,  9.495200E-01
  3.850000E+03,  4.116258E-02,  0.000000E+00,  6.815000E+03,  9.491500E-01
  3.870000E+03,  4.205531E-02,  0.000000E+00,  6.817500E+03,  9.487300E-01
  3.890000E+03,  3.207116E-02,  0.000000E+00,  6.820000E+03,  9.483600E-01
  3.910000E+03,  4.187527E-02,  0.000000E+00,  6.822500E+03,  9.480900E-01
  3.930000E+03,  4.070886E-02,  0.000000E+00,  6.825000E+03,  9.479100E-01
  3.950000E+03,  4.048424E-02,  0.000000E+00,  6.827500E+03,  9.477600E-01
  3.970000E+03,  2.991838E-02,  0.000000E+00,  6.830000E+03,  9.476000E-01
  3.990000E+03,  3.865840E-02,  0.000000E+00,  6.832500E+03,  9.474500E-01
  4.010000E+03,  3.894131E-02,  0.000000E+00,  6.835000E+03,  9.473100E-01
  4.030000E+03,  3.652556E-02,  0.000000E+00,  6.837500E+03,  9.471700E-01
  4.050000E+03,  3.813271E-02,  0.000000E+00,  6.840000E+03,  9.470000E-01
  4.070000E+03,  3.683372E-02,  0.000000E+00,  6.842500E+03,  9.468000E-01
  4.090000E+03,  3.358027E-02,  0.000000E+00,  6.845000E+03,  9.465800E-01
  4.110000E+03,  2.872636E-02,  0.000000E+00,  6.847500E+03,  9.463700E-01
  4.130000E+03,  3.451255E-02,  0.000000E+00,  6.850000E+03,  9.462300E-01
  4.150000E+03,  3.447308E-02,  0.000000E+00,  6.852500E+03,  9.462400E-01
  4.170000E+03,  3.431926E-02,  0.000000E+00,  6.855000E+03,  9.463300E-01
  4.190000E+03,  3.402563E-02,  0.000000E+00,  6.857500E+03,  9.463400E-01
  4.210000E+03,  3.365139E-02,  0.000000E+00,  6.860000E+03,  9.461500E-01
  4.230000E+03,  3.304416E-02,  0.000000E+00,  6.862500E+03,  9.457100E-01
  4.250000E+03,  3.240159E-02,  0.000000E+00,  6.865000E+03,  9.450900E-01
  4.270000E+03,  3.141851E-02,  0.000000E+00,  6.867500E+03,  9.444500E-01
  4.290000E+03,  3.130373E-02,  0.000000E+00,  6.870000E+03,  9.440100E-01
  4.310000E+03,  3.058624E-02,  0.000000E+00,  6.872500E+03,  9.439000E-01
  4.330000E+03,  2.705751E-02,  0.000000E+00,  6.875000E+03,  9.439900E-01
  4.350000E+03,  2.438580E-02,  0.000000E+00,  6.877500E+03,  9.441000E-01
  4.370000E+03,  2.902394E-02,  0.000000E+00,  6.880000E+03,  9.440800E-01
  4.390000E+03,  2.815888E-02,  0.000000E+00,  6.882500E+03,  9.438800E-01
  4.410000E+03,  2.854918E-02,  0.000000E+00,  6.885000E+03,  9.435300E-01
  4.430000E+03,  2.799591E-02,  0.000000E+00,  6.887500E+03,  9.431800E-01
  4.450000E+03,  2.784121E-02,  0.000000E+00,  6.890000E+03,  9.429800E-01
  4.470000E+03,  2.617905E-02,  0.000000E+00,  6.892500E+03,  9.430300E-01
  4.490000E+03,  2.667863E-02,  0.000000E+00,  6.895000E+03,  9.432200E-01
  4.510000E+03,  2.666379E-02,  0.000000E+00,  6.897500E+03,  9.434100E-01
  4.530000E+03,  2.611415E-02,  0.000000E+00,  6.900000E+03,  9.434900E-01
  4.550000E+03,  2.576467E-02,  0.000000E+00,  6.902500E+03,  9.434000E-01
  4.570000E+03,  2.543526E-02,  0.000000E+00,  6.905000E+03,  9.431900E-01
  4.590000E+03,  2.504923E-02,  0.000000E+00,  6.907500E+03,  9.429800E-01
  4.610000E+03,  2.465156E-02,  0.000000E+00,  6.910000E+03,  9.429300E-01
  4.630000E+03,  2.421825E-02,  0.000000E+00,  6.912500E+03,  9.431700E-01
  4.650000E+03,  2.380784E-02,  0.000000E+00,  6.915000E+03,  9.435500E-01
  4.670000E+03,  2.357707E-02,  0.000000E+00,  6.917500E+03,  9.438600E-01
  4.690000E+03,  2.333168E-02,  0.000000E+00,  6.920000E+03,  9.439300E-01
  4.710000E+03,  2.242984E-02,  0.000000E+00,  6.922500E+03,  9.437200E-01
  4.730000E+03,  2.245237E-02,  0.000000E+00,  6.925000E+03,  9.432200E-01
  4.750000E+03,  2.211436E-02,  0.000000E+00,  6.927500E+03,  9.426800E-01
  4.770000E+03,  2.205650E-02,  0.000000E+00,  6.930000E+03,  9.422300E-01
  4.790000E+03,  2.167329E-02,  0.000000E+00,  6.932500E+03,  9.419400E-01
  4.810000E+03,  2.117413E-02,  0.000000E+00,  6.935000E+03,  9.417800E-01
  4.830000E+03,  2.075239E-02,  0.000000E+00,  6.937500E+03,  9.416900E-01
  4.850000E+03,  1.885146E-02,  0.000000E+00,  6.940000E+03,  9.416800E-01
  4.870000E+03,  1.658108E-02,  0.000000E+00,  6.942500E+03,  9.417300E-01
  4.890000E+03,  1.989229E-02,  0.000000E+00,  6.945000E+03,  9.418600E-01
  4.910000E+03,  1.977007E-02,  0.000000E+00,  6.947500E+03,  9.420300E-01
  4.930000E+03,  1.905476E-02,  0.000000E+00,  6.950000E+03,  9.422500E-01
  4.950000E+03,  1.934138E-02,  0.000000E+00,  6.952500E+03,  9.425100E-01
  4.970000E+03,  1.913682E-02,  0.000000E+00,  6.955000E+03,  9.428000E-01
  4.990000E+03,  1.882810E-02,  0.000000E+00,  6.957500E+03,  9.430300E-01
  5.010000E+03,  1.811066E-02,  0.000000E+00,  6.960000E+03,  9.431200E-01
  5.030000E+03,  1.823271E-02,  0.000000E+00,  6.962500E+03,  9.430500E-01
  5.050000E+03,  1.769087E-02,  0.000000E+00,  6.965000E+03,  9.428400E-01
  5.070000E+03,  1.782501E-02,  0.000000E+00,  6.967500E+03,  9.426000E-01
  5.090000E+03,  1.755417E-02,  0.000000E+00,  6.970000E+03,  9.424600E-01
  5.110000E+03,  1.726714E-02,  0.000000E+00,  6.972500E+03,  9.424600E-01
  5.130000E+03,  1.701609E-02,  0.000000E+00,  6.975000E+03,  9.425700E-01
  5.150000E+03,  1.677842E-02,  0.000000E+00,  6.977500E+03,  9.427400E-01
  5.170000E+03,  1.663835E-02,  0.000000E+00,  6.980000E+03,  9.429700E-01
  5.190000E+03,  1.640648E-02,  0.000000E+00,  6.982500E+03,  9.432300E-01
  5.210000E+03,  1.598432E-02,  0.000000E+00,  6.985000E+03,  9.435300E-01
  5.230000E+03,  1.599293E-02,  0.000000E+00,  6.987500E+03,  9.438100E-01
  5.250000E+03,  1.579287E-02,  0.000000E+00,  6.990000E+03,  9.440600E-01
  5.270000E+03,  1.554700E-02,  0.000000E+00,  6.992500E+03,  9.442200E-01
  5.290000E+03,  1.540727E-02,  0.000000E+00,  6.995000E+03,  9.443000E-01
  5.310000E+03,  1.518786E-02,  0.000000E+00,  6.997500E+03,  9.443800E-01
  5.330000E+03,  1.494805E-02,  0.000000E+00,  7.000000E+03,  9.445400E-01
  5.350000E+03,  1.471871E-02,  0.000000E+00,  7.002500E+03,  9.447700E-01
  5.370000E+03,  1.461905E-02,  0.000000E+00,  7.005000E+03,  9.450700E-01
  5.390000E+03,  1.443258E-02,  0.000000E+00,  7.007500E+03,  9.453000E-01
  5.410000E+03,  1.421659E-02,  0.000000E+00,  7.010000E+03,  9.452300E-01
  5.430000E+03,  1.398510E-02,  0.000000E+00,  7.012500E+03,  9.447200E-01
  5.450000E+03,  1.383193E-02,  0.000000E+00,  7.015000E+03,  9.439800E-01
  5.470000E+03,  1.362822E-02,  0.000000E+00,  7.017500E+03,  9.433400E-01
  5.490000E+03,  1.353485E-02,  0.000000E+00,  7.020000E+03,  9.430800E-01
  5.510000E+03,  1.334312E-02,  0.000000E+00,  7.022500E+03,  9.433300E-01
  5.530000E+03,  1.317084E-02,  0.000000E+00,  7.025000E+03,  9.440200E-01
  5.550000E+03,  1.302561E-02,  0.000000E+00,  7.027500E+03,  9.447800E-01
  5.570000E+03,  1.284705E-02,  0.000000E+00,  7.030000E+03,  9.453100E-01
  5.590000E+03,  1.270888E-02,  0.000000E+00,  7.032500E+03,  9.454300E-01
  5.610000E+03,  1.252388E-02,  0.000000E+00,  7.035000E+03,  9.453100E-01
  5.630000E+03,  1.241889E-02,  0.000000E+00,  7.037500E+03,  9.450800E-01
  5.650000E+03,  1.211093E-02,  0.000000E+00,  7.040000E+03,  9.448400E-01
  5.670000E+03,  1.199240E-02,  0.000000E+00,  7.042500E+03,  9.446200E-01
  5.690000E+03,  1.191040E-02,  0.000000E+00,  7.045000E+03,  9.444400E-01
  5.710000E+03,  1.180406E-02,  0.000000E+00,  7.047500E+03,  9.442700E-01
  5.730000E+03,  1.167012E-02,  0.000000E+00,  7.050000E+03,  9.441100E-01
  5.750000E+03,  1.151987E-02,  0.000000E+00,  7.052500E+03,  9.439800E-01
  5.770000E+03,  1.139465E-02,  0.000000E+00,  7.055000E+03,  9.438700E-01
  5.790000E+03,  1.125529E-02,  0.000000E+00,  7.057500E+03,  9.438200E-01
  5.810000E+03,  1.110798E-02,  0.000000E+00,  7.060000E+03,  9.439000E-01
  5.830000E+03,  1.097541E-02,  0.000000E+00,  7.062500E+03,  9.441200E-01
  5.850000E+03,  1.084943E-02,  0.000000E+00,  7.065000E+03,  9.444200E-01
  5.870000E+03,  1.040995E-02,  0.000000E+00,  7.067500E+03,  9.446200E-01
  5.890000E+03,  1.052861E-02,  0.000000E+00,  7.070000E+03,  9.445100E-01
  5.910000E+03,  1.045739E-02,  0.000000E+00,  7.072500E+03,  9.438400E-01
  5.930000E+03,  1.034796E-02,  0.000000E+00,  7.075000E+03,  9.428800E-01
  5.950000E+03,  1.016978E-02,  0.000000E+00,  7.077500E+03,  9.419300E-01
  5.970000E+03,  1.010558E-02,  0.000000E+00,  7.080000E+03,  9.413400E-01
  5.990000E+03,  9.960386E-03,  0.000000E+00,  7.082500E+03,  9.412000E-01
  6.010000E+03,  9.882057E-03,  1.185847E-06,  7.085000E+03,  9.414500E-01
  6.030000E+03,  9.760521E-03,  2.147315E-06,  7.087500E+03,  9.417600E-01
  6.050000E+03,  9.650832E-03,  3.570808E-06,  7.090000E+03,  9.417600E-01
  6.070000E+03,  9.537715E-03,  4.864234E-06,  7.092500E+03,  9.412100E-01
  6.090000E+03,  9.416484E-03,  7.533187E-06,  7.095000E+03,  9.403900E-01
  6.110000E+03,  9.324178E-03,  1.118901E-05,  7.097500E+03,  9.396100E-01
  6.130000E+03,  9.219795E-03,  1.770201E-05,  7.100000E+03,  9.390900E-01
  6.150000E+03,  9.053369E-03,  2.951398E-05,  7.102500E+03,  9.389600E-01
  6.170000E+03,  9.001166E-03,  4.932639E-05,  7.105000E+03,  9.391500E-01
  6.190000E+03,  8.908782E-03,  8.641519E-05,  7.107500E+03,  9.394100E-01
  6.210000E+03,  8.804757E-03,  1.554040E-04,  7.110000E+03,  9.395100E-01
  6.230000E+03,  8.704661E-03,  3.002238E-04,  7.112500E+03,  9.393500E-01
  6.250000E+03,  8.577881E-03,  6.011379E-04,  7.115000E+03,  9.390300E-01
  6.270000E+03,  8.504678E-03,  1.239642E-03,  7.117500E+03,  9.386600E-01
  6.290000E+03,  8.407390E-03,  2.535585E-03,  7.120000E+03,  9.382800E-01
  6.310000E+03,  8.298195E-03,  4.642010E-03,  7.122500E+03,  9.379400E-01
  6.330000E+03,  8.227202E-03,  6.794599E-03,  7.125000E+03,  9.376200E-01
  6.350000E+03,  8.072093E-03,  7.816934E-03,  7.127500E+03,  9.372900E-01
  6.370000E+03,  8.008637E-03,  7.983811E-03,  7.130000E+03,  9.369600E-01
  6.390000E+03,  7.946802E-03,  7.884499E-03,  7.132500E+03,  9.366200E-01
  6.410000E+03,  7.856091E-03,  7.695591E-03,  7.135000E+03,  9.362900E-01
  6.430000E+03,  7.792297E-03,  7.550424E-03,  7.137500E+03,  9.359200E-01
  6.450000E+03,  7.694757E-03,  7.357418E-03,  7.140000E+03,  9.354800E-01
  6.470000E+03,  7.611510E-03,  7.351425E-03,  7.142500E+03,  9.349600E-01
  6.490000E+03,  7.530856E-03,  7.242123E-03,  7.145000E+03,  9.343900E-01
  6.510000E+03,  7.426171E-03,  7.078775E-03,  7.147500E+03,  9.338500E-01
  6.530000E+03,  7.313852E-03,  6.914808E-03,  7.150000E+03,  9.334300E-01
  6.550000E+03,  6.905008E-03,  6.496300E-03,  7.152500E+03,  9.332600E-01
  6.570000E+03,  6.038820E-03,  5.656925E-03,  7.155000E+03,  9.332100E-01
  6.590000E+03,  6.996905E-03,  6.556800E-03,  7.157500E+03,  9.331600E-01
  6.610000E+03,  7.035694E-03,  6.598707E-03,  7.160000E+03,  9.329600E-01
  6.630000E+03,  6.986660E-03,  6.555653E-03,  7.162500E+03,  9.325600E-01
  6.650000E+03,  6.916035E-03,  6.496301E-03,  7.165000E+03,  9.319900E-01
  6.670000E+03,  6.778586E-03,  6.386784E-03,  7.167500E+03,  9.314300E-01
  6.690000E+03,  6.712979E-03,  6.320807E-03,  7.170000E+03,  9.310100E-01
  6.710000E+03,  6.697534E-03,  6.322539E-03,  7.172500E+03,  9.308300E-01
  6.730000E+03,  6.629312E-03,  6.272523E-03,  7.175000E+03,  9.307900E-01
  6.750000E+03,  6.564087E-03,  6.215009E-03,  7.177500E+03,  9.307700E-01
  6.770000E+03,  6.497368E-03,  6.153722E-03,  7.180000E+03,  9.307200E-01
  6.790000E+03,  6.407545E-03,  6.083964E-03,  7.182500E+03,  9.305600E-01
  6.810000E+03,  6.358223E-03,  6.038468E-03,  7.185000E+03,  9.303100E-01
  6.830000E+03,  6.285218E-03,  5.955873E-03,  7.187500E+03,  9.300500E-01
  6.850000E+03,  6.230514E-03,  5.895499E-03,  7.190000E+03,  9.298500E-01
  6.870000E+03,  6.167091E-03,  5.821796E-03,  7.192500E+03,  9.297100E-01
  6.890000E+03,  6.103445E-03,  5.755426E-03,  7.195000E+03,  9.296000E-01
  6.910000E+03,  6.040483E-03,  5.695753E-03,  7.197500E+03,  9.294900E-01
  6.930000E+03,  5.966911E-03,  5.622203E-03,  7.200000E+03,  9.293400E-01
  6.950000E+03,  5.918682E-03,  5.576878E-03,  7.202500E+03,  9.291500E-01
  6.970000E+03,  5.859693E-03,  5.522526E-03,  7.205000E+03,  9.289100E-01
  6.990000E+03,  5.797183E-03,  5.472889E-03,  7.207500E+03,  9.286600E-01
  7.010000E+03,  5.736134E-03,  5.421966E-03,  7.210000E+03,  9.283700E-01
  7.030000E+03,  5.678581E-03,  5.368019E-03,  7.212500E+03,  9.280300E-01
  7.050000E+03,  5.617144E-03,  5.303202E-03,  7.215000E+03,  9.276800E-01
  7.070000E+03,  5.485652E-03,  5.181253E-03,  7.217500E+03,  9.273800E-01
  7.090000E+03,  5.514977E-03,  5.193784E-03,  7.220000E+03,  9.271700E-01
  7.110000E+03,  5.452075E-03,  5.122279E-03,  7.222500E+03,  9.270800E-01
  7.130000E+03,  5.399560E-03,  5.059171E-03,  7.225000E+03,  9.271100E-01
  7.150000E+03,  5.345017E-03,  4.989199E-03,  7.227500E+03,  9.272400E-01
  7.170000E+03,  5.295671E-03,  4.930323E-03,  7.230000E+03,  9.275000E-01
  7.190000E+03,  5.245811E-03,  4.877817E-03,  7.232500E+03,  9.279200E-01
  7.210000E+03,  5.195015E-03,  4.822896E-03,  7.235000E+03,  9.284400E-01
  7.230000E+03,  5.094540E-03,  4.725186E-03,  7.237500E+03,  9.289500E-01
  7.250000E+03,  5.085290E-03,  4.723878E-03,  7.240000E+03,  9.293600E-01
  7.270000E+03,  5.043311E-03,  4.689372E-03,  7.242500E+03,  9.294900E-01
  7.290000E+03,  4.961902E-03,  4.602263E-03,  7.245000E+03,  9.293100E-01
  7.310000E+03,  4.944661E-03,  4.591019E-03,  7.247500E+03,  9.290700E-01
  7.330000E+03,  4.897062E-03,  4.543396E-03,  7.250000E+03,  9.289300E-01
  7.350000E+03,  4.851318E-03,  4.506826E-03,  7.252500E+03,  9.289700E-01
  7.370000E+03,  4.804470E-03,  4.452638E-03,  7.255000E+03,  9.291000E-01
  7.390000E+03,  4.757837E-03,  4.403758E-03,  7.257500E+03,  9.292600E-01
  7.410000E+03,  4.712419E-03,  4.348384E-03,  7.260000E+03,  9.294600E-01
  7.430000E+03,  4.657743E-03,  4.282050E-03,  7.262500E+03,  9.296900E-01
  7.450000E+03,  4.619105E-03,  4.232348E-03,  7.265000E+03,  9.298800E-01
  7.470000E+03,  4.569071E-03,  4.165759E-03,  7.267500E+03,  9.299800E-01
  7.490000E+03,  4.528884E-03,  4.100180E-03,  7.270000E+03,  9.298200E-01
  7.510000E+03,  4.488711E-03,  4.048144E-03,  7.272500E+03,  9.292300E-01
  7.530000E+03,  4.446985E-03,  3.990858E-03,  7.275000E+03,  9.284300E-01
  7.550000E+03,  4.406464E-03,  3.939334E-03,  7.277500E+03,  9.276500E-01
  7.570000E+03,  4.365995E-03,  3.889927E-03,  7.280000E+03,  9.271100E-01
  7.590000E+03,  4.321735E-03,  3.831651E-03,  7.282500E+03,  9.269100E-01
  7.610000E+03,  4.284597E-03,  3.782228E-03,  7.285000E+03,  9.270400E-01
  7.630000E+03,  4.244467E-03,  3.741795E-03,  7.287500E+03,  9.272800E-01
  7.650000E+03,  4.204717E-03,  3.697880E-03,  7.290000E+03,  9.275200E-01
  7.670000E+03,  4.165801E-03,  3.657198E-03,  7.292500E+03,  9.277100E-01
  7.690000E+03,  4.126894E-03,  3.599395E-03,  7.295000E+03,  9.278700E-01
  7.710000E+03,  4.088959E-03,  3.564509E-03,  7.297500E+03,  9.280300E-01
  7.730000E+03,  4.049660E-03,  3.503726E-03,  7.300000E+03,  9.281900E-01
  7.750000E+03,  4.013402E-03,  3.469546E-03,  7.302500E+03,  9.283000E-01
  7.770000E+03,  3.935013E-03,  3.381711E-03,  7.305000E+03,  9.284000E-01
  7.790000E+03,  3.940238E-03,  3.389472E-03,  7.307500E+03,  9.284500E-01
  7.810000E+03,  3.903114E-03,  3.326742E-03,  7.310000E+03,  9.284800E-01
  7.830000E+03,  3.869109E-03,  3.289826E-03,  7.312500E+03,  9.284800E-01
  7.850000E+03,  3.819399E-03,  3.223382E-03,  7.315000E+03,  9.284500E-01
  7.870000E+03,  3.788929E-03,  3.182852E-03,  7.317500E+03,  9.283900E-01
  7.890000E+03,  3.744573E-03,  3.138664E-03,  7.320000E+03,  9.282700E-01
  7.910000E+03,  3.729877E-03,  3.106130E-03,  7.322500E+03,  9.281000E-01
  7.930000E+03,  3.698377E-03,  3.079231E-03,  7.325000E+03,  9.279000E-01
  7.950000E+03,  3.647923E-03,  3.017234E-03,  7.327500E+03,  9.277500E-01
  7.970000E+03,  3.628673E-03,  3.001240E-03,  7.330000E+03,  9.277800E-01
  7.990000E+03,  3.575113E-03,  2.943640E-03,  7.332500E+03,  9.280700E-01
  8.010000E+03,  3.565843E-03,  2.930588E-03,  7.335000E+03,  9.285300E-01
  8.030000E+03,  3.532715E-03,  2.902585E-03,  7.337500E+03,  9.289600E-01
  8.050000E+03,  3.499368E-03,  2.857864E-03,  7.340000E+03,  9.292700E-01
  8.070000E+03,  3.471453E-03,  2.837322E-03,  7.342500E+03,  9.294000E-01
  8.090000E+03,  3.436555E-03,  2.796634E-03,  7.345000E+03,  9.293200E-01
  8.110000E+03,  3.406311E-03,  2.759691E-03,  7.347500E+03,  9.291600E-01
  8.130000E+03,  3.377812E-03,  2.730353E-03,  7.350000E+03,  9.289900E-01
  8.150000E+03,  3.347080E-03,  2.683187E-03,  7.352500E+03,  9.288300E-01
  8.170000E+03,  3.321696E-03,  2.654433E-03,  7.355000E+03,  9.286700E-01
  8.190000E+03,  3.288249E-03,  2.613336E-03,  7.357500E+03,  9.284500E-01
  8.210000E+03,  3.249168E-03,  2.566290E-03,  7.360000E+03,  9.281600E-01
  8.230000E+03,  3.216334E-03,  2.521187E-03,  7.362500E+03,  9.278100E-01
  8.250000E+03,  3.207180E-03,  2.507823E-03,  7.365000E+03,  9.274100E-01
  8.270000E+03,  3.168515E-03,  2.460668E-03,  7.367500E+03,  9.270300E-01
  8.290000E+03,  3.150314E-03,  2.428104E-03,  7.370000E+03,  9.267700E-01
  8.310000E+03,  3.122216E-03,  2.402545E-03,  7.372500E+03,  9.267000E-01
  8.330000E+03,  3.098296E-03,  2.368058E-03,  7.375000E+03,  9.267200E-01
  8.350000E+03,  3.061104E-03,  2.326347E-03,  7.377500E+03,  9.267500E-01
  8.370000E+03,  3.037906E-03,  2.282713E-03,  7.380000E+03,  9.267100E-01
  8.390000E+03,  3.018991E-03,  2.250205E-03,  7.382500E+03,  9.265400E-01
  8.410000E+03,  2.990645E-03,  2.226206E-03,  7.385000E+03,  9.262600E-01
  8.430000E+03,  2.960029E-03,  2.174201E-03,  7.387500E+03,  9.259300E-01
  8.450000E+03,  2.904975E-03,  2.119092E-03,  7.390000E+03,  9.255800E-01
  8.470000E+03,  2.897908E-03,  2.093043E-03,  7.392500E+03,  9.252200E-01
  8.490000E+03,  2.881170E-03,  2.073318E-03,  7.395000E+03,  9.248400E-01
  8.510000E+03,  2.830503E-03,  2.018063E-03,  7.397500E+03,  9.244500E-01
  8.530000E+03,  2.845684E-03,  2.005126E-03,  7.400000E+03,  9.241100E-01
  8.550000E+03,  2.733804E-03,  1.909398E-03,  7.402500E+03,  9.238200E-01
  8.570000E+03,  2.836439E-03,  1.966957E-03,  7.405000E+03,  9.235800E-01
  8.590000E+03,  2.697988E-03,  1.847447E-03,  7.407500E+03,  9.232700E-01
  8.610000E+03,  2.675369E-03,  1.810208E-03,  7.410000E+03,  9.227500E-01
  8.630000E+03,  2.801123E-03,  1.879245E-03,  7.412500E+03,  9.219000E-01
  8.650000E+03,  2.706754E-03,  1.792575E-03,  7.415000E+03,  9.208600E-01
  8.670000E+03,  2.476916E-03,  1.623990E-03,  7.417500E+03,  9.199200E-01
  8.690000E+03,  2.731557E-03,  1.765542E-03,  7.420000E+03,  9.192900E-01
  8.710000E+03,  2.765343E-03,  1.770152E-03,  7.422500E+03,  9.190700E-01
  8.730000E+03,  2.670737E-03,  1.698749E-03,  7.425000E+03,  9.192300E-01
  8.750000E+03,  2.346649E-03,  1.470363E-03,  7.427500E+03,  9.194200E-01
  8.770000E+03,  2.573918E-03,  1.592535E-03,  7.430000E+03,  9.193400E-01
  8.790000E+03,  2.690124E-03,  1.642832E-03,  7.432500E+03,  9.187900E-01
  8.810000E+03,  2.687962E-03,  1.623771E-03,  7.435000E+03,  9.179700E-01
  8.830000E+03,  2.639730E-03,  1.577819E-03,  7.437500E+03,  9.171700E-01
  8.850000E+03,  2.447133E-03,  1.440358E-03,  7.440000E+03,  9.166200E-01
  8.870000E+03,  2.229355E-03,  1.299402E-03,  7.442500E+03,  9.164200E-01
  8.890000E+03,  2.539780E-03,  1.469923E-03,  7.445000E+03,  9.165200E-01
  8.910000E+03,  2.577117E-03,  1.472178E-03,  7.447500E+03,  9.165800E-01
  8.930000E+03,  2.559999E-03,  1.438771E-03,  7.450000E+03,  9.162700E-01
  8.950000E+03,  2.553083E-03,  1.419616E-03,  7.452500E+03,  9.153600E-01
  8.970000E+03,  2.523265E-03,  1.390067E-03,  7.455000E+03,  9.141400E-01
  8.990000E+03,  2.439898E-03,  1.320399E-03,  7.457500E+03,  9.129500E-01
  9.010000E+03,  2.126751E-03,  1.135068E-03,  7.460000E+03,  9.121000E-01
  9.030000E+03,  2.243657E-03,  1.180455E-03,  7.462500E+03,  9.117300E-01
  9.050000E+03,  2.415309E-03,  1.253062E-03,  7.465000E+03,  9.117900E-01
  9.070000E+03,  2.403258E-03,  1.228065E-03,  7.467500E+03,  9.118800E-01
  9.090000E+03,  2.400422E-03,  1.211661E-03,  7.470000E+03,  9.117300E-01
  9.110000E+03,  2.393624E-03,  1.184413E-03,  7.472500E+03,  9.111900E-01
  9.130000E+03,  2.378698E-03,  1.156166E-03,  7.475000E+03,  9.104100E-01
  9.150000E+03,  2.357998E-03,  1.133773E-03,  7.477500E+03,  9.095300E-01
  9.170000E+03,  2.328941E-03,  1.101868E-03,  7.480000E+03,  9.086000E-01
  9.190000E+03,  2.297904E-03,  1.061976E-03,  7.482500E+03,  9.077100E-01
  9.210000E+03,  2.182478E-03,  9.976323E-04,  7.485000E+03,  9.068500E-01
  9.230000E+03,  1.885912E-03,  8.472083E-04,  7.487500E+03,  9.060400E-01
  9.250000E+03,  2.132942E-03,  9.364893E-04,  7.490000E+03,  9.053400E-01
  9.270000E+03,  2.193517E-03,  9.474458E-04,  7.492500E+03,  9.048200E-01
  9.290000E+03,  2.222608E-03,  9.458753E-04,  7.495000E+03,  9.044200E-01
  9.310000E+03,  2.203191E-03,  9.180477E-04,  7.497500E+03,  9.040700E-01
  9.330000E+03,  2.194188E-03,  8.985419E-04,  7.500000E+03,  9.037100E-01
  9.350000E+03,  2.179554E-03,  8.748511E-04,  7.502500E+03,  9.033200E-01
  9.370000E+03,  2.164832E-03,  8.517533E-04,  7.505000E+03,  9.028700E-01
  9.390000E+03,  2.147158E-03,  8.282879E-04,  7.507500E+03,  9.023900E-01
  9.410000E+03,  2.115705E-03,  7.969860E-04,  7.510000E+03,  9.018500E-01
  9.430000E+03,  2.114080E-03,  7.821672E-04,  7.512500E+03,  9.012100E-01
  9.450000E+03,  2.097367E-03,  7.613653E-04,  7.515000E+03,  9.005300E-01
  9.470000E+03,  2.066047E-03,  7.287156E-04,  7.517500E+03,  8.998500E-01
  9.490000E+03,  2.054107E-03,  7.131859E-04,  7.520000E+03,  8.992200E-01
  9.510000E+03,  2.009188E-03,  6.806126E-04,  7.522500E+03,  8.986700E-01
  9.530000E+03,  1.902279E-03,  6.285700E-04,  7.525000E+03,  8.981800E-01
  9.550000E+03,  1.674184E-03,  5.432058E-04,  7.527500E+03,  8.977700E-01
  9.570000E+03,  1.913262E-03,  6.032705E-04,  7.530000E+03,  8.974300E-01
  9.590000E+03,  1.965220E-03,  6.031062E-04,  7.532500E+03,  8.972200E-01
  9.610000E+03,  1.958352E-03,  5.839611E-04,  7.535000E+03,  8.970800E-01
  9.630000E+03,  1.931329E-03,  5.607034E-04,  7.537500E+03,  8.969000E-01
  9.650000E+03,  1.941561E-03,  5.463551E-04,  7.540000E+03,  8.965700E-01
  9.670000E+03,  1.924734E-03,  5.218916E-04,  7.542500E+03,  8.960300E-01
  9.690000E+03,  1.910298E-03,  5.044524E-04,  7.545000E+03,  8.953300E-01
  9.710000E+03,  1.893126E-03,  4.800589E-04,  7.547500E+03,  8.946000E-01
  9.730000E+03,  1.883275E-03,  4.575606E-04,  7.550000E+03,  8.939900E-01
  9.750000E+03,  1.867433E-03,  4.418908E-04,  7.552500E+03,  8.935500E-01
  9.770000E+03,  1.854936E-03,  4.166372E-04,  7.555000E+03,  8.932200E-01
  9.790000E+03,  1.840752E-03,  3.993695E-04,  7.557500E+03,  8.929100E-01
  9.810000E+03,  1.826548E-03,  3.816755E-04,  7.560000E+03,  8.926100E-01
  9.830000E+03,  1.811003E-03,  3.589771E-04,  7.562500E+03,  8.922900E-01
  9.850000E+03,  1.799050E-03,  3.464070E-04,  7.565000E+03,  8.919500E-01
  9.870000E+03,  1.785458E-03,  3.252568E-04,  7.567500E+03,  8.915400E-01
  9.890000E+03,  1.768997E-03,  3.086900E-04,  7.570000E+03,  8.909600E-01
  9.910000E+03,  1.753271E-03,  2.909202E-04,  7.572500E+03,  8.901100E-01
  9.930000E+03,  1.745549E-03,  2.729864E-04,  7.575000E+03,  8.891400E-01
  9.950000E+03,  1.732021E-03,  2.579671E-04,  7.577500E+03,  8.882200E-01
  9.970000E+03,  1.715813E-03,  2.379317E-04,  7.580000E+03,  8.875200E-01
  9.990000E+03,  1.699701E-03,  2.223209E-04,  7.582500E+03,  8.870900E-01
  1.002500E+04,  1.598197E-03,  1.889069E-04,  7.585000E+03,  8.869400E-01
  1.007500E+04,  1.537358E-03,  1.557190E-04,  7.587500E+03,  8.868400E-01
  1.012500E+04,  1.612538E-03,  1.340503E-04,  7.590000E+03,  8.866000E-01
  1.017500E+04,  1.593714E-03,  1.095041E-04,  7.592500E+03,  8.861500E-01
  1.022500E+04,  1.565185E-03,  8.462956E-05,  7.595000E+03,  8.855800E-01
  1.027500E+04,  1.537490E-03,  6.617357E-05,  7.597500E+03,  8.850000E-01
  1.032500E+04,  1.504943E-03,  5.005440E-05,  7.600000E+03,  8.844200E-01
  1.037500E+04,  1.482806E-03,  3.772260E-05,  7.602500E+03,  8.838800E-01
  1.042500E+04,  1.456750E-03,  2.836292E-05,  7.605000E+03,  8.834200E-01
  1.047500E+04,  1.430665E-03,  2.064449E-05,  7.607500E+03,  8.830100E-01
  1.052500E+04,  1.405261E-03,  1.542976E-05,  7.610000E+03,  8.827500E-01
  1.057500E+04,  1.380817E-03,  1.122605E-05,  7.612500E+03,  8.827000E-01
  1.062500E+04,  1.356990E-03,  7.979102E-06,  7.615000E+03,  8.827700E-01
  1.067500E+04,  1.328298E-03,  5.817947E-06,  7.617500E+03,  8.828500E-01
  1.072500E+04,  1.309907E-03,  4.100010E-06,  7.620000E+03,  8.828000E-01
  1.077500E+04,  1.287191E-03,  2.793205E-06,  7.622500E+03,  8.825600E-01
  1.082500E+04,  1.251729E-03,  2.077871E-06,  7.625000E+03,  8.821700E-01
  1.087500E+04,  1.237330E-03,  1.682769E-06,  7.627500E+03,  8.817700E-01
  1.092500E+04,  1.111560E-03,  3.334680E-08,  7.630000E+03,  8.815700E-01
  1.097500E+04,  1.165789E-03,  3.497366E-08,  7.632500E+03,  8.816800E-01
  1.102500E+04,  1.172771E-03,  3.518312E-08,  7.635000E+03,  8.819300E-01
  1.107500E+04,  1.161130E-03,  3.483389E-08,  7.637500E+03,  8.821200E-01
  1.112500E+04,  1.142610E-03,  3.427829E-08,  7.640000E+03,  8.820500E-01
  1.117500E+04,  1.123426E-03,  3.370279E-08,  7.642500E+03,  8.816400E-01
  1.122500E+04,  1.104588E-03,  3.313765E-08,  7.645000E+03,  8.809100E-01
  1.127500E+04,  1.082125E-03,  3.246374E-08,  7.647500E+03,  8.801400E-01
  1.132500E+04,  1.066024E-03,  3.198071E-08,  7.650000E+03,  8.794600E-01
  1.137500E+04,  1.051304E-03,  3.153913E-08,  7.652500E+03,  8.789400E-01
  1.142500E+04,  1.033979E-03,  3.101936E-08,  7.655000E+03,  8.785400E-01
  1.147500E+04,  1.017509E-03,  3.052528E-08,  7.657500E+03,  8.782400E-01
  1.152500E+04,  1.000947E-03,  3.002840E-08,  7.660000E+03,  8.780900E-01
  1.157500E+04,  9.848464E-04,  2.954539E-08,  7.662500E+03,  8.780800E-01
  1.162500E+04,  9.677487E-04,  2.903246E-08,  7.665000E+03,  8.781700E-01
  1.167500E+04,  9.530692E-04,  2.859207E-08,  7.667500E+03,  8.781800E-01
  1.172500E+04,  9.381513E-04,  2.814454E-08,  7.670000E+03,  8.779100E-01
  1.177500E+04,  9.214309E-04,  2.764293E-08,  7.672500E+03,  8.771700E-01
  1.182500E+04,  9.089146E-04,  2.726744E-08,  7.675000E+03,  8.761700E-01
  1.187500E+04,  8.944808E-04,  2.683442E-08,  7.677500E+03,  8.751100E-01
  1.192500E+04,  8.808291E-04,  2.642487E-08,  7.680000E+03,  8.741700E-01
  1.197500E+04,  8.604852E-04,  2.581456E-08,  7.682500E+03,  8.734600E-01
  1.202500E+04,  8.536606E-04,  2.560982E-08,  7.685000E+03,  8.730000E-01
  1.207500E+04,  8.403990E-04,  2.521197E-08,  7.687500E+03,  8.726100E-01
  1.212500E+04,  8.274281E-04,  2.482284E-08,  7.690000E+03,  8.721800E-01
  1.217500E+04,  8.147325E-04,  2.444197E-08,  7.692500E+03,  8.716500E-01
  1.222500E+04,  8.022421E-04,  2.406726E-08,  7.695000E+03,  8.711100E-01
  1.227500E+04,  7.900001E-04,  2.370000E-08,  7.697500E+03,  8.707100E-01
  1.232500E+04,  7.779978E-04,  2.333993E-08,  7.700000E+03,  8.706200E-01
  1.237500E+04,  7.662998E-04,  2.298899E-08,  7.702500E+03,  8.708800E-01
  1.242500E+04,  7.548386E-04,  2.264516E-08,  7.705000E+03,  8.713800E-01
  1.247500E+04,  7.424920E-04,  2.227476E-08,  7.707500E+03,  8.718000E-01
  1.252500E+04,  7.311995E-04,  2.193598E-08,  7.710000E+03,  8.717400E-01
  1.257500E+04,  7.207369E-04,  2.162211E-08,  7.712500E+03,  8.709600E-01
  1.262500E+04,  7.105316E-04,  2.131595E-08,  7.715000E+03,  8.697200E-01
  1.267500E+04,  7.001381E-04,  2.100414E-08,  7.717500E+03,  8.684100E-01
  1.272500E+04,  6.888589E-04,  2.066577E-08,  7.720000E+03,  8.672100E-01
  1.277500E+04,  6.667155E-04,  2.000146E-08,  7.722500E+03,  8.662800E-01
  1.282500E+04,  6.106663E-04,  1.831999E-08,  7.725000E+03,  8.656800E-01
  1.287500E+04,  6.537882E-04,  1.961364E-08,  7.727500E+03,  8.652700E-01
  1.292500E+04,  6.499087E-04,  1.949726E-08,  7.730000E+03,  8.651900E-01
  1.297500E+04,  6.379869E-04,  1.913961E-08,  7.732500E+03,  8.656100E-01
  1.302500E+04,  6.319803E-04,  1.895941E-08,  7.735000E+03,  8.663100E-01
  1.307500E+04,  6.229040E-04,  1.868712E-08,  7.737500E+03,  8.669400E-01
  1.312500E+04,  6.140155E-04,  1.842046E-08,  7.740000E+03,  8.671900E-01
  1.317500E+04,  6.046869E-04,  1.814061E-08,  7.742500E+03,  8.668800E-01
  1.322500E+04,  5.966794E-04,  1.790038E-08,  7.745000E+03,  8.660400E-01
  1.327500E+04,  5.882395E-04,  1.764718E-08,  7.747500E+03,  8.651200E-01
  1.332500E+04,  5.799476E-04,  1.739843E-08,  7.750000E+03,  8.644900E-01
  1.337500E+04,  5.718072E-04,  1.715422E-08,  7.752500E+03,  8.643900E-01
  1.342500E+04,  5.634259E-04,  1.690278E-08,  7.755000E+03,  8.645400E-01
  1.347500E+04,  5.559128E-04,  1.667739E-08,  7.757500E+03,  8.645800E-01
  1.352500E+04,  5.481111E-04,  1.644333E-08,  7.760000E+03,  8.642000E-01
  1.357500E+04,  5.406030E-04,  1.621809E-08,  7.762500E+03,  8.632800E-01
  1.362500E+04,  5.331261E-04,  1.599378E-08,  7.765000E+03,  8.619000E-01
  1.367500E+04,  5.256443E-04,  1.576933E-08,  7.767500E+03,  8.605000E-01
  1.372500E+04,  5.184983E-04,  1.555495E-08,  7.770000E+03,  8.593900E-01
  1.377500E+04,  5.115643E-04,  1.534693E-08,  7.772500E+03,  8.586800E-01
  1.382500E+04,  5.046016E-04,  1.513805E-08,  7.775000E+03,  8.582700E-01
  1.387500E+04,  4.977643E-04,  1.493293E-08,  7.777500E+03,  8.581100E-01
  1.392500E+04,  4.909399E-04,  1.472820E-08,  7.780000E+03,  8.583100E-01
  1.397500E+04,  4.843744E-04,  1.453123E-08,  7.782500E+03,  8.588600E-01
  1.402500E+04,  4.779242E-04,  1.433773E-08,  7.785000E+03,  8.596200E-01
  1.407500E+04,  4.715061E-04,  1.414518E-08,  7.787500E+03,  8.602400E-01
  1.412500E+04,  4.651954E-04,  1.395586E-08,  7.790000E+03,  8.602200E-01
  1.417500E+04,  4.590713E-04,  1.377214E-08,  7.792500E+03,  8.592100E-01
  1.422500E+04,  4.529896E-04,  1.358969E-08,  7.795000E+03,  8.576100E-01
  1.427500E+04,  4.470079E-04,  1.341024E-08,  7.797500E+03,  8.559000E-01
  1.432500E+04,  4.411318E-04,  1.323395E-08,  7.800000E+03,  8.544200E-01
  1.437500E+04,  4.353189E-04,  1.305957E-08,  7.802500E+03,  8.534000E-01
  1.442500E+04,  4.294105E-04,  1.288232E-08,  7.805000E+03,  8.528600E-01
  1.447500E+04,  4.238629E-04,  1.271589E-08,  7.807500E+03,  8.525200E-01
  1.452500E+04,  4.184257E-04,  1.255277E-08,  7.810000E+03,  8.523300E-01
  1.457000E+04,  4.136820E-04,  1.241046E-08,  7.812500E+03,  8.523900E-01
  1.462000E+04,  4.083728E-04,  1.225119E-08,  7.815000E+03,  8.525900E-01
  1.467500E+04,  4.027052E-04,  1.208115E-08,  7.817500E+03,  8.527500E-01
  1.472500E+04,  3.975254E-04,  1.192576E-08,  7.820000E+03,  8.527200E-01
  1.477500E+04,  3.924181E-04,  1.177254E-08,  7.822500E+03,  8.524000E-01
  1.482500E+04,  3.875938E-04,  1.162781E-08,  7.825000E+03,  8.517900E-01
  1.487500E+04,  3.827138E-04,  1.148141E-08,  7.827500E+03,  8.510500E-01
  1.492500E+04,  3.779357E-04,  1.133807E-08,  7.830000E+03,  8.502800E-01
  1.497500E+04,  3.731783E-04,  1.119535E-08,  7.832500E+03,  8.494900E-01
  1.502500E+04,  3.685213E-04,  1.105564E-08,  7.835000E+03,  8.486800E-01
  1.507500E+04,  3.633808E-04,  1.090142E-08,  7.837500E+03,  8.478500E-01
  1.512500E+04,  3.593339E-04,  1.078002E-08,  7.840000E+03,  8.470200E-01
  1.517500E+04,  3.548425E-04,  1.064528E-08,  7.842500E+03,  8.462000E-01
  1.522500E+04,  3.503967E-04,  1.051190E-08,  7.845000E+03,  8.454100E-01
  1.527500E+04,  3.458516E-04,  1.037555E-08,  7.847500E+03,  8.446600E-01
  1.532500E+04,  3.414102E-04,  1.024230E-08,  7.850000E+03,  8.439500E-01
  1.537500E+04,  3.375488E-04,  1.012646E-08,  7.852500E+03,  8.433200E-01
  1.542500E+04,  3.324121E-04,  9.972364E-09,  7.855000E+03,  8.427500E-01
  1.547500E+04,  3.292690E-04,  9.878071E-09,  7.857500E+03,  8.422400E-01
  1.552500E+04,  3.250970E-04,  9.752910E-09,  7.860000E+03,  8.417300E-01
  1.557500E+04,  3.190133E-04,  9.570399E-09,  7.862500E+03,  8.412400E-01
  1.562500E+04,  3.187320E-04,  9.561959E-09,  7.865000E+03,  8.407400E-01
  1.567500E+04,  3.120822E-04,  9.362465E-09,  7.867500E+03,  8.403200E-01
  1.572500E+04,  3.063640E-04,  9.190921E-09,  7.870000E+03,  8.400400E-01
  1.577500E+04,  3.080155E-04,  9.240463E-09,  7.872500E+03,  8.399700E-01
  1.582500E+04,  3.039479E-04,  9.118435E-09,  7.875000E+03,  8.399900E-01
  1.587500E+04,  2.909977E-04,  8.729929E-09,  7.877500E+03,  8.400100E-01
  1.592500E+04,  2.948494E-04,  8.845483E-09,  7.880000E+03,  8.399200E-01
  1.597500E+04,  2.946631E-04,  8.839892E-09,  7.882500E+03,  8.396700E-01
  1.605000E+04,  2.873231E-04,  8.619693E-09,  7.885000E+03,  8.392700E-01
  1.615000E+04,  2.754595E-04,  8.263786E-09,  7.887500E+03,  8.387600E-01
  1.625000E+04,  2.772605E-04,  8.317816E-09,  7.890000E+03,  8.381900E-01
  1.635000E+04,  2.672968E-04,  8.018903E-09,  7.892500E+03,  8.375500E-01
  1.645000E+04,  2.556427E-04,  7.669280E-09,  7.895000E+03,  8.368700E-01
  1.655000E+04,  2.591542E-04,  7.774627E-09,  7.897500E+03,  8.361600E-01
  1.665000E+04,  2.534071E-04,  7.602213E-09,  7.900000E+03,  8.354000E-01
  1.675000E+04,  2.433661E-04,  7.300984E-09,  7.902500E+03,  8.346300E-01
  1.685000E+04,  2.325198E-04,  6.975593E-09,  7.905000E+03,  8.338700E-01
  1.695000E+04,  2.363606E-04,  7.090818E-09,  7.907500E+03,  8.332300E-01
  1.705000E+04,  2.304875E-04,  6.914626E-09,  7.910000E+03,  8.327700E-01
  1.715000E+04,  2.262544E-04,  6.787633E-09,  7.912500E+03,  8.325600E-01
  1.725000E+04,  2.208300E-04,  6.624899E-09,  7.915000E+03,  8.325400E-01
  1.735000E+04,  2.054375E-04,  6.163126E-09,  7.917500E+03,  8.326200E-01
  1.745000E+04,  2.101309E-04,  6.303928E-09,  7.920000E+03,  8.327200E-01
  1.755000E+04,  2.071502E-04,  6.214507E-09,  7.922500E+03,  8.328100E-01
  1.765000E+04,  2.027133E-04,  6.081399E-09,  7.925000E+03,  8.328400E-01
  1.775000E+04,  1.982747E-04,  5.948242E-09,  7.927500E+03,  8.327900E-01
  1.785000E+04,  1.940776E-04,  5.822329E-09,  7.930000E+03,  8.325900E-01
  1.795000E+04,  1.900387E-04,  5.701160E-09,  7.932500E+03,  8.321700E-01
  1.805000E+04,  1.854642E-04,  5.563926E-09,  7.935000E+03,  8.315900E-01
  1.815000E+04,  1.734188E-04,  5.202565E-09,  7.937500E+03,  8.309000E-01
  1.825000E+04,  1.759696E-04,  5.279087E-09,  7.940000E+03,  8.301200E-01
  1.835000E+04,  1.745138E-04,  5.235415E-09,  7.942500E+03,  8.292600E-01
  1.845000E+04,  1.709627E-04,  5.128880E-09,  7.945000E+03,  8.283900E-01
  1.855000E+04,  1.672650E-04,  5.017949E-09,  7.947500E+03,  8.276300E-01
  1.865000E+04,  1.627612E-04,  4.882835E-09,  7.950000E+03,  8.271100E-01
  1.875000E+04,  1.529138E-04,  4.587413E-09,  7.952500E+03,  8.269600E-01
  1.885000E+04,  1.569925E-04,  4.709776E-09,  7.955000E+03,  8.270500E-01
  1.895000E+04,  1.542387E-04,  4.627162E-09,  7.957500E+03,  8.272300E-01
  1.905000E+04,  1.507972E-04,  4.523916E-09,  7.960000E+03,  8.274200E-01
  1.915000E+04,  1.481701E-04,  4.445103E-09,  7.962500E+03,  8.275300E-01
  1.925000E+04,  1.452379E-04,  4.357138E-09,  7.965000E+03,  8.275300E-01
  1.935000E+04,  1.417776E-04,  4.253327E-09,  7.967500E+03,  8.274300E-01
  1.945000E+04,  1.321270E-04,  3.963809E-09,  7.970000E+03,  8.270900E-01
  1.955000E+04,  1.361471E-04,  4.084413E-09,  7.972500E+03,  8.263800E-01
  1.965000E+04,  1.341923E-04,  4.025769E-09,  7.975000E+03,  8.254600E-01
  1.975000E+04,  1.315908E-04,  3.947724E-09,  7.977500E+03,  8.245500E-01
  1.985000E+04,  1.290587E-04,  3.871760E-09,  7.980000E+03,  8.238700E-01
  1.995000E+04,  1.265836E-04,  3.797507E-09,  7.982500E+03,  8.235100E-01
  2.005000E+04,  1.241678E-04,  3.725033E-09,  7.985000E+03,  8.234500E-01
  2.015000E+04,  1.218101E-04,  3.654303E-09,  7.987500E+03,  8.234600E-01
  2.025000E+04,  1.195051E-04,  3.585152E-09,  7.990000E+03,  8.233700E-01
  2.035000E+04,  1.172563E-04,  3.517689E-09,  7.992500E+03,  8.231300E-01
  2.045000E+04,  1.150386E-04,  3.451159E-09,  7.995000E+03,  8.227900E-01
  2.055000E+04,  1.127257E-04,  3.381771E-09,  7.997500E+03,  8.224700E-01
  2.065000E+04,  1.108211E-04,  3.324632E-09,  8.000000E+03,  8.222100E-01
  2.075000E+04,  1.087745E-04,  3.263234E-09,  8.002500E+03,  8.220600E-01
  2.085000E+04,  1.067774E-04,  3.203321E-09,  8.005000E+03,  8.219900E-01
  2.095000E+04,  1.048094E-04,  3.144282E-09,  8.007500E+03,  8.219500E-01
  2.105000E+04,  1.029104E-04,  3.087313E-09,  8.010000E+03,  8.218500E-01
  2.115000E+04,  1.007842E-04,  3.023525E-09,  8.012500E+03,  8.216500E-01
  2.125000E+04,  9.921123E-05,  2.976337E-09,  8.015000E+03,  8.214100E-01
  2.135000E+04,  9.740392E-05,  2.922117E-09,  8.017500E+03,  8.212000E-01
  2.145000E+04,  9.565825E-05,  2.869748E-09,  8.020000E+03,  8.211300E-01
  2.155000E+04,  9.365724E-05,  2.809717E-09,  8.022500E+03,  8.212400E-01
  2.165000E+04,  8.750395E-05,  2.625119E-09,  8.025000E+03,  8.214800E-01
  2.175000E+04,  9.008066E-05,  2.702420E-09,  8.027500E+03,  8.216600E-01
  2.185000E+04,  8.906459E-05,  2.671938E-09,  8.030000E+03,  8.216300E-01
  2.195000E+04,  8.751837E-05,  2.625551E-09,  8.032500E+03,  8.213200E-01
  2.205000E+04,  8.601778E-05,  2.580533E-09,  8.035000E+03,  8.207900E-01
  2.215000E+04,  8.452514E-05,  2.535754E-09,  8.037500E+03,  8.201300E-01
  2.225000E+04,  8.305799E-05,  2.491740E-09,  8.040000E+03,  8.194500E-01
  2.235000E+04,  8.164135E-05,  2.449240E-09,  8.042500E+03,  8.187900E-01
  2.245000E+04,  8.023952E-05,  2.407186E-09,  8.045000E+03,  8.181800E-01
  2.255000E+04,  7.887369E-05,  2.366211E-09,  8.047500E+03,  8.175300E-01
  2.265000E+04,  7.753577E-05,  2.326073E-09,  8.050000E+03,  8.166800E-01
  2.275000E+04,  7.622346E-05,  2.286704E-09,  8.052500E+03,  8.155000E-01
  2.285000E+04,  7.494709E-05,  2.248413E-09,  8.055000E+03,  8.142500E-01
  2.295000E+04,  7.369419E-05,  2.210826E-09,  8.057500E+03,  8.133200E-01
  2.305000E+04,  7.246045E-05,  2.173814E-09,  8.060000E+03,  8.130900E-01
  2.315000E+04,  7.126759E-05,  2.138028E-09,  8.062500E+03,  8.138000E-01
  2.325000E+04,  7.009279E-05,  2.102784E-09,  8.065000E+03,  8.152600E-01
  2.335000E+04,  6.893695E-05,  2.068108E-09,  8.067500E+03,  8.167000E-01
  2.345000E+04,  6.781338E-05,  2.034401E-09,  8.070000E+03,  8.173300E-01
  2.355000E+04,  6.670374E-05,  2.001112E-09,  8.072500E+03,  8.166900E-01
  2.365000E+04,  6.561745E-05,  1.968523E-09,  8.075000E+03,  8.152900E-01
  2.375000E+04,  6.455949E-05,  1.936785E-09,  8.077500E+03,  8.138100E-01
  2.385000E+04,  6.352095E-05,  1.905628E-09,  8.080000E+03,  8.128300E-01
  2.395000E+04,  6.249045E-05,  1.874713E-09,  8.082500E+03,  8.126700E-01
  2.405000E+04,  6.148208E-05,  1.844462E-09,  8.085000E+03,  8.132300E-01
  2.415000E+04,  6.049218E-05,  1.814765E-09,  8.087500E+03,  8.137900E-01
  2.425000E+04,  5.955103E-05,  1.786531E-09,  8.090000E+03,  8.137900E-01
  2.435000E+04,  5.859620E-05,  1.757886E-09,  8.092500E+03,  8.129900E-01
  2.445000E+04,  5.765483E-05,  1.729645E-09,  8.095000E+03,  8.117400E-01
  2.455000E+04,  5.677522E-05,  1.703257E-09,  8.097500E+03,  8.105100E-01
  2.465000E+04,  5.585140E-05,  1.675542E-09,  8.100000E+03,  8.096800E-01
  2.475000E+04,  5.493156E-05,  1.647947E-09,  8.102500E+03,  8.095100E-01
  2.485000E+04,  5.419059E-05,  1.625718E-09,  8.105000E+03,  8.098800E-01
  2.495000E+04,  5.315910E-05,  1.594773E-09,  8.107500E+03,  8.102700E-01
  2.505000E+04,  5.253926E-05,  1.576178E-09,  8.110000E+03,  8.101700E-01
  2.515000E+04,  5.173915E-05,  1.552175E-09,  8.112500E+03,  8.093500E-01
  2.525000E+04,  5.061793E-05,  1.518538E-09,  8.115000E+03,  8.081400E-01
  2.535000E+04,  5.013893E-05,  1.504168E-09,  8.117500E+03,  8.070200E-01
  2.545000E+04,  4.947572E-05,  1.484272E-09,  8.120000E+03,  8.064000E-01
  2.555000E+04,  4.861250E-05,  1.458375E-09,  8.122500E+03,  8.065000E-01
  2.565000E+04,  4.739720E-05,  1.421916E-09,  8.125000E+03,  8.072100E-01
  2.575000E+04,  4.720767E-05,  1.416230E-09,  8.127500E+03,  8.079500E-01
  2.585000E+04,  4.659914E-05,  1.397974E-09,  8.130000E+03,  8.083200E-01
  2.595000E+04,  4.589048E-05,  1.376714E-09,  8.132500E+03,  8.082000E-01
  2.605000E+04,  4.494055E-05,  1.348216E-09,  8.135000E+03,  8.076800E-01
  2.615000E+04,  4.352285E-05,  1.305685E-09,  8.137500E+03,  8.069300E-01
  2.625000E+04,  4.165874E-05,  1.249762E-09,  8.140000E+03,  8.060100E-01
  2.635000E+04,  4.298533E-05,  1.289560E-09,  8.142500E+03,  8.050200E-01
  2.645000E+04,  4.263080E-05,  1.278924E-09,  8.145000E+03,  8.039700E-01
  2.655000E+04,  4.200586E-05,  1.260176E-09,  8.147500E+03,  8.028500E-01
  2.665000E+04,  4.124472E-05,  1.237341E-09,  8.150000E+03,  8.016500E-01
  2.675000E+04,  3.958632E-05,  1.187590E-09,  8.152500E+03,  8.003200E-01
  2.685000E+04,  4.004494E-05,  1.201348E-09,  8.155000E+03,  7.990100E-01
  2.695000E+04,  3.972056E-05,  1.191617E-09,  8.157500E+03,  7.979800E-01
  2.705000E+04,  3.917000E-05,  1.175100E-09,  8.160000E+03,  7.974800E-01
  2.715000E+04,  3.861040E-05,  1.158312E-09,  8.162500E+03,  7.976400E-01
  2.725000E+04,  3.806013E-05,  1.141804E-09,  8.165000E+03,  7.983600E-01
  2.735000E+04,  3.752230E-05,  1.125669E-09,  8.167500E+03,  7.990600E-01
  2.745000E+04,  3.686344E-05,  1.105903E-09,  8.170000E+03,  7.991200E-01
  2.755000E+04,  3.522304E-05,  1.056691E-09,  8.172500E+03,  7.981500E-01
  2.765000E+04,  3.539271E-05,  1.061781E-09,  8.175000E+03,  7.966000E-01
  2.775000E+04,  3.541192E-05,  1.062358E-09,  8.177500E+03,  7.950600E-01
  2.785000E+04,  3.496396E-05,  1.048919E-09,  8.180000E+03,  7.940300E-01
  2.795000E+04,  3.447963E-05,  1.034389E-09,  8.182500E+03,  7.937900E-01
  2.805000E+04,  3.400210E-05,  1.020063E-09,  8.185000E+03,  7.942600E-01
  2.815000E+04,  3.353290E-05,  1.005987E-09,  8.187500E+03,  7.947400E-01
  2.825000E+04,  3.307043E-05,  9.921128E-10,  8.190000E+03,  7.947500E-01
  2.835000E+04,  3.261296E-05,  9.783889E-10,  8.192500E+03,  7.940700E-01
  2.845000E+04,  3.217439E-05,  9.652318E-10,  8.195000E+03,  7.929800E-01
  2.855000E+04,  3.169919E-05,  9.509758E-10,  8.197500E+03,  7.918300E-01
  2.865000E+04,  3.093673E-05,  9.281020E-10,  8.200000E+03,  7.909100E-01
  2.875000E+04,  2.958370E-05,  8.875111E-10,  8.202500E+03,  7.903700E-01
  2.885000E+04,  3.032428E-05,  9.097285E-10,  8.205000E+03,  7.901800E-01
  2.895000E+04,  3.004734E-05,  9.014201E-10,  8.207500E+03,  7.900400E-01
  2.905000E+04,  2.965928E-05,  8.897783E-10,  8.210000E+03,  7.898300E-01
  2.915000E+04,  2.926298E-05,  8.778895E-10,  8.212500E+03,  7.895700E-01
  2.925000E+04,  2.887532E-05,  8.662596E-10,  8.215000E+03,  7.892400E-01
  2.935000E+04,  2.849137E-05,  8.547411E-10,  8.217500E+03,  7.887700E-01
  2.945000E+04,  2.811619E-05,  8.434856E-10,  8.220000E+03,  7.880800E-01
  2.955000E+04,  2.774768E-05,  8.324305E-10,  8.222500E+03,  7.871500E-01
  2.965000E+04,  2.738385E-05,  8.215155E-10,  8.225000E+03,  7.860200E-01
  2.975000E+04,  2.702619E-05,  8.107857E-10,  8.227500E+03,  7.848800E-01
  2.985000E+04,  2.667437E-05,  8.002312E-10,  8.230000E+03,  7.838700E-01
  2.995000E+04,  2.632830E-05,  7.898489E-10,  8.232500E+03,  7.830600E-01
  3.005000E+04,  2.598701E-05,  7.796103E-10,  8.235000E+03,  7.824300E-01
  3.015000E+04,  2.564999E-05,  7.694996E-10,  8.237500E+03,  7.819700E-01
  3.025000E+04,  2.524494E-05,  7.573482E-10,  8.240000E+03,  7.817600E-01
  3.035000E+04,  2.408992E-05,  7.226976E-10,  8.242500E+03,  7.817700E-01
  3.045000E+04,  2.412916E-05,  7.238749E-10,  8.245000E+03,  7.819700E-01
  3.055000E+04,  2.430887E-05,  7.292660E-10,  8.247500E+03,  7.821200E-01
  3.065000E+04,  2.405518E-05,  7.216555E-10,  8.250000E+03,  7.819400E-01
  3.075000E+04,  2.374888E-05,  7.124665E-10,  8.252500E+03,  7.812700E-01
  3.085000E+04,  2.343636E-05,  7.030909E-10,  8.255000E+03,  7.802800E-01
  3.095000E+04,  2.315661E-05,  6.946984E-10,  8.257500E+03,  7.792400E-01
  3.105000E+04,  2.286648E-05,  6.859945E-10,  8.260000E+03,  7.783500E-01
  3.115000E+04,  2.258066E-05,  6.774196E-10,  8.262500E+03,  7.777500E-01
  3.125000E+04,  2.229854E-05,  6.689563E-10,  8.265000E+03,  7.774000E-01
  3.135000E+04,  2.202289E-05,  6.606868E-10,  8.267500E+03,  7.770600E-01
  3.145000E+04,  2.175009E-05,  6.525026E-10,  8.270000E+03,  7.766000E-01
  3.155000E+04,  2.148195E-05,  6.444583E-10,  8.272500E+03,  7.759700E-01
  3.165000E+04,  2.121652E-05,  6.364955E-10,  8.275000E+03,  7.752400E-01
  3.175000E+04,  2.095734E-05,  6.287201E-10,  8.277500E+03,  7.744600E-01
  3.185000E+04,  2.070144E-05,  6.210432E-10,  8.280000E+03,  7.736900E-01
  3.195000E+04,  2.044879E-05,  6.134638E-10,  8.282500E+03,  7.729500E-01
  3.210000E+04,  2.007772E-05,  6.023317E-10,  8.285000E+03,  7.722600E-01
  3.230000E+04,  1.959567E-05,  5.878701E-10,  8.287500E+03,  7.715600E-01
  3.250000E+04,  1.912785E-05,  5.738355E-10,  8.290000E+03,  7.707500E-01
  3.270000E+04,  1.866611E-05,  5.599831E-10,  8.292500E+03,  7.697400E-01
  3.290000E+04,  1.768460E-05,  5.305381E-10,  8.295000E+03,  7.687000E-01
  3.310000E+04,  1.766144E-05,  5.298433E-10,  8.297500E+03,  7.678600E-01
  3.330000E+04,  1.736549E-05,  5.209648E-10,  8.300000E+03,  7.675300E-01
  3.350000E+04,  1.697102E-05,  5.091307E-10,  8.302500E+03,  7.678500E-01
  3.370000E+04,  1.658116E-05,  4.974348E-10,  8.305000E+03,  7.686900E-01
  3.390000E+04,  1.620263E-05,  4.860788E-10,  8.307500E+03,  7.694500E-01
  3.410000E+04,  1.583446E-05,  4.750339E-10,  8.310000E+03,  7.695000E-01
  3.430000E+04,  1.547620E-05,  4.642859E-10,  8.312500E+03,  7.684900E-01
  3.450000E+04,  1.512864E-05,  4.538593E-10,  8.315000E+03,  7.668500E-01
  3.470000E+04,  1.478965E-05,  4.436895E-10,  8.317500E+03,  7.651900E-01
  3.490000E+04,  1.446029E-05,  4.338087E-10,  8.320000E+03,  7.639700E-01
  3.510000E+04,  1.414117E-05,  4.242352E-10,  8.322500E+03,  7.634600E-01
  3.530000E+04,  1.382963E-05,  4.148890E-10,  8.325000E+03,  7.636200E-01
  3.550000E+04,  1.352671E-05,  4.058013E-10,  8.327500E+03,  7.639600E-01
  3.570000E+04,  1.323116E-05,  3.969348E-10,  8.330000E+03,  7.643100E-01
  3.590000E+04,  1.294673E-05,  3.884018E-10,  8.332500E+03,  7.647500E-01
  3.610000E+04,  1.266393E-05,  3.799178E-10,  8.335000E+03,  7.651400E-01
  3.630000E+04,  1.239683E-05,  3.719049E-10,  8.337500E+03,  7.652900E-01
  3.650000E+04,  1.212536E-05,  3.637606E-10,  8.340000E+03,  7.649700E-01
  3.670000E+04,  1.187680E-05,  3.563041E-10,  8.342500E+03,  7.640500E-01
  3.690000E+04,  1.160964E-05,  3.482891E-10,  8.345000E+03,  7.626000E-01
  3.710000E+04,  1.136782E-05,  3.410347E-10,  8.347500E+03,  7.610800E-01
  3.730000E+04,  1.098587E-05,  3.295760E-10,  8.350000E+03,  7.599700E-01
  3.750000E+04,  1.067058E-05,  3.201173E-10,  8.352500E+03,  7.595800E-01
  3.770000E+04,  1.068386E-05,  3.205157E-10,  8.355000E+03,  7.595600E-01
  3.790000E+04,  1.047251E-05,  3.141753E-10,  8.357500E+03,  7.594100E-01
  3.810000E+04,  1.023030E-05,  3.069089E-10,  8.360000E+03,  7.586800E-01
  3.830000E+04,  1.002716E-05,  3.008148E-10,  8.362500E+03,  7.571100E-01
  3.850000E+04,  9.864796E-06,  2.959439E-10,  8.365000E+03,  7.548700E-01
  3.870000E+04,  9.668093E-06,  2.900428E-10,  8.367500E+03,  7.527100E-01
  3.890000E+04,  9.448434E-06,  2.834530E-10,  8.370000E+03,  7.514100E-01
  3.910000E+04,  9.200355E-06,  2.760107E-10,  8.372500E+03,  7.513700E-01
  3.930000E+04,  9.090117E-06,  2.727035E-10,  8.375000E+03,  7.520400E-01
  3.950000E+04,  8.917471E-06,  2.675241E-10,  8.377500E+03,  7.526800E-01
  3.970000E+04,  8.744989E-06,  2.623497E-10,  8.380000E+03,  7.525600E-01
  3.990000E+04,  8.573244E-06,  2.571973E-10,  8.382500E+03,  7.513100E-01
  4.010000E+04,  8.344175E-06,  2.503252E-10,  8.385000E+03,  7.490800E-01
  4.030000E+04,  8.149189E-06,  2.444757E-10,  8.387500E+03,  7.468700E-01
  4.050000E+04,  7.861707E-06,  2.358512E-10,  8.390000E+03,  7.453500E-01
  4.070000E+04,  7.917130E-06,  2.375139E-10,  8.392500E+03,  7.447800E-01
  4.090000E+04,  7.778283E-06,  2.333485E-10,  8.395000E+03,  7.448600E-01
  4.110000E+04,  7.630277E-06,  2.289083E-10,  8.397500E+03,  7.451700E-01
  4.130000E+04,  7.482721E-06,  2.244816E-10,  8.400000E+03,  7.454700E-01
  4.150000E+04,  7.331552E-06,  2.199466E-10,  8.402500E+03,  7.456100E-01
  4.170000E+04,  7.064041E-06,  2.119212E-10,  8.405000E+03,  7.455500E-01
  4.190000E+04,  7.055525E-06,  2.116657E-10,  8.407500E+03,  7.452300E-01
  4.210000E+04,  6.941021E-06,  2.082306E-10,  8.410000E+03,  7.443900E-01
  4.230000E+04,  6.812655E-06,  2.043796E-10,  8.412500E+03,  7.427900E-01
  4.250000E+04,  6.685868E-06,  2.005760E-10,  8.415000E+03,  7.407300E-01
  4.270000E+04,  6.564615E-06,  1.969385E-10,  8.417500E+03,  7.386500E-01
  4.290000E+04,  6.439069E-06,  1.931721E-10,  8.420000E+03,  7.369200E-01
  4.310000E+04,  6.327704E-06,  1.898311E-10,  8.422500E+03,  7.357300E-01
  4.330000E+04,  6.213395E-06,  1.864018E-10,  8.425000E+03,  7.350800E-01
  4.350000E+04,  6.096607E-06,  1.828982E-10,  8.427500E+03,  7.346900E-01
  4.370000E+04,  5.862678E-06,  1.758803E-10,  8.430000E+03,  7.345200E-01
  4.390000E+04,  5.841090E-06,  1.752327E-10,  8.432500E+03,  7.346900E-01
  4.410000E+04,  5.780571E-06,  1.734171E-10,  8.435000E+03,  7.350000E-01
  4.430000E+04,  5.678416E-06,  1.703525E-10,  8.437500E+03,  7.351500E-01
  4.450000E+04,  5.578412E-06,  1.673523E-10,  8.440000E+03,  7.348300E-01
  4.470000E+04,  5.489087E-06,  1.646726E-10,  8.442500E+03,  7.338500E-01
  4.490000E+04,  5.393228E-06,  1.617968E-10,  8.445000E+03,  7.322700E-01
  4.510000E+04,  5.299515E-06,  1.589854E-10,  8.447500E+03,  7.306500E-01
  4.530000E+04,  5.206545E-06,  1.561963E-10,  8.450000E+03,  7.294700E-01
  4.550000E+04,  5.117574E-06,  1.535272E-10,  8.452500E+03,  7.289700E-01
  4.570000E+04,  5.029808E-06,  1.508942E-10,  8.455000E+03,  7.288300E-01
  4.590000E+04,  4.944119E-06,  1.483236E-10,  8.457500E+03,  7.286700E-01
  4.610000E+04,  4.852914E-06,  1.455874E-10,  8.460000E+03,  7.281300E-01
  4.630000E+04,  4.760677E-06,  1.428203E-10,  8.462500E+03,  7.270200E-01
  4.650000E+04,  4.531208E-06,  1.359362E-10,  8.465000E+03,  7.254500E-01
  4.670000E+04,  4.471779E-06,  1.341534E-10,  8.467500E+03,  7.238000E-01
  4.690000E+04,  4.510388E-06,  1.353116E-10,  8.470000E+03,  7.222600E-01
  4.710000E+04,  4.456736E-06,  1.337021E-10,  8.472500E+03,  7.207900E-01
  4.730000E+04,  4.391251E-06,  1.317375E-10,  8.475000E+03,  7.195000E-01
  4.750000E+04,  4.317386E-06,  1.295216E-10,  8.477500E+03,  7.185300E-01
  4.770000E+04,  4.247168E-06,  1.274150E-10,  8.480000E+03,  7.180600E-01
  4.790000E+04,  4.177835E-06,  1.253350E-10,  8.482500E+03,  7.182300E-01
  4.810000E+04,  4.109617E-06,  1.232885E-10,  8.485000E+03,  7.189000E-01
  4.830000E+04,  4.042866E-06,  1.212860E-10,  8.487500E+03,  7.195400E-01
  4.850000E+04,  3.977320E-06,  1.193196E-10,  8.490000E+03,  7.196100E-01
  4.870000E+04,  3.913244E-06,  1.173973E-10,  8.492500E+03,  7.188000E-01
  4.890000E+04,  3.850338E-06,  1.155101E-10,  8.495000E+03,  7.174200E-01
  4.910000E+04,  3.788713E-06,  1.136614E-10,  8.497500E+03,  7.159300E-01
  4.930000E+04,  3.728345E-06,  1.118503E-10,  8.500000E+03,  7.147300E-01
  4.950000E+04,  3.669150E-06,  1.100745E-10,  8.502500E+03,  7.140000E-01
  4.970000E+04,  3.611105E-06,  1.083332E-10,  8.505000E+03,  7.137100E-01
  4.990000E+04,  3.554235E-06,  1.066270E-10,  8.507500E+03,  7.134400E-01
  5.010000E+04,  3.498224E-06,  1.049467E-10,  8.510000E+03,  7.129700E-01
  5.030000E+04,  3.443467E-06,  1.033040E-10,  8.512500E+03,  7.123100E-01
  5.050000E+04,  3.390167E-06,  1.017050E-10,  8.515000E+03,  7.114800E-01
  5.070000E+04,  3.337564E-06,  1.001269E-10,  8.517500E+03,  7.105100E-01
  5.090000E+04,  3.279462E-06,  9.838387E-11,  8.520000E+03,  7.094100E-01
  5.110000E+04,  3.217893E-06,  9.653680E-11,  8.522500E+03,  7.081600E-01
  5.130000E+04,  3.079912E-06,  9.239735E-11,  8.525000E+03,  7.068200E-01
  5.150000E+04,  3.123946E-06,  9.371839E-11,  8.527500E+03,  7.055600E-01
  5.170000E+04,  3.081670E-06,  9.245009E-11,  8.530000E+03,  7.046200E-01
  5.190000E+04,  3.042519E-06,  9.127557E-11,  8.532500E+03,  7.041600E-01
  5.210000E+04,  2.996637E-06,  8.989912E-11,  8.535000E+03,  7.040000E-01
  5.230000E+04,  2.951506E-06,  8.854517E-11,  8.537500E+03,  7.037900E-01
  5.250000E+04,  2.905117E-06,  8.715351E-11,  8.540000E+03,  7.033000E-01
  5.270000E+04,  2.858230E-06,  8.574690E-11,  8.542500E+03,  7.023300E-01
  5.290000E+04,  2.821284E-06,  8.463850E-11,  8.545000E+03,  7.009500E-01
  5.310000E+04,  2.779501E-06,  8.338504E-11,  8.547500E+03,  6.995600E-01
  5.330000E+04,  2.738402E-06,  8.215205E-11,  8.550000E+03,  6.984400E-01
  5.350000E+04,  2.698118E-06,  8.094353E-11,  8.552500E+03,  6.976900E-01
  5.370000E+04,  2.652485E-06,  7.957456E-11,  8.555000E+03,  6.971800E-01
  5.390000E+04,  2.613789E-06,  7.841367E-11,  8.557500E+03,  6.967700E-01
  5.410000E+04,  2.581551E-06,  7.744654E-11,  8.560000E+03,  6.963100E-01
  5.430000E+04,  2.544106E-06,  7.632318E-11,  8.562500E+03,  6.957800E-01
  5.450000E+04,  2.507375E-06,  7.522125E-11,  8.565000E+03,  6.951500E-01
  5.470000E+04,  2.471288E-06,  7.413863E-11,  8.567500E+03,  6.944000E-01
  5.490000E+04,  2.435780E-06,  7.307339E-11,  8.570000E+03,  6.934600E-01
  5.510000E+04,  2.396424E-06,  7.189271E-11,  8.572500E+03,  6.922200E-01
  5.530000E+04,  2.354988E-06,  7.064963E-11,  8.575000E+03,  6.908000E-01
  5.550000E+04,  2.332515E-06,  6.997546E-11,  8.577500E+03,  6.893800E-01
  5.570000E+04,  2.300156E-06,  6.900469E-11,  8.580000E+03,  6.881000E-01
  5.590000E+04,  2.267703E-06,  6.803110E-11,  8.582500E+03,  6.870600E-01
  5.610000E+04,  2.235832E-06,  6.707497E-11,  8.585000E+03,  6.862400E-01
  5.630000E+04,  2.204564E-06,  6.613692E-11,  8.587500E+03,  6.854900E-01
  5.650000E+04,  2.173847E-06,  6.521540E-11,  8.590000E+03,  6.847500E-01
  5.670000E+04,  2.143588E-06,  6.430764E-11,  8.592500E+03,  6.840500E-01
  5.690000E+04,  2.111161E-06,  6.333483E-11,  8.595000E+03,  6.833400E-01
  5.710000E+04,  2.067107E-06,  6.201320E-11,  8.597500E+03,  6.825500E-01
  5.730000E+04,  2.051914E-06,  6.155743E-11,  8.600000E+03,  6.815900E-01
  5.750000E+04,  2.027803E-06,  6.083407E-11,  8.602500E+03,  6.804000E-01
  5.770000E+04,  2.000082E-06,  6.000246E-11,  8.605000E+03,  6.790200E-01
  5.790000E+04,  1.972813E-06,  5.918439E-11,  8.607500E+03,  6.776800E-01
  5.810000E+04,  1.946079E-06,  5.838236E-11,  8.610000E+03,  6.766200E-01
  5.830000E+04,  1.919697E-06,  5.759091E-11,  8.612500E+03,  6.759300E-01
  5.850000E+04,  1.895530E-06,  5.686590E-11,  8.615000E+03,  6.754800E-01
  5.870000E+04,  1.867796E-06,  5.603389E-11,  8.617500E+03,  6.750900E-01
  5.890000E+04,  1.833314E-06,  5.499942E-11,  8.620000E+03,  6.745600E-01
  5.910000E+04,  1.752896E-06,  5.258689E-11,  8.622500E+03,  6.738200E-01
  5.930000E+04,  1.786178E-06,  5.358533E-11,  8.625000E+03,  6.728800E-01
  5.950000E+04,  1.748981E-06,  5.246942E-11,  8.627500E+03,  6.718800E-01
  5.970000E+04,  1.736477E-06,  5.209431E-11,  8.630000E+03,  6.708900E-01
  5.990000E+04,  1.723483E-06,  5.170449E-11,  8.632500E+03,  6.699500E-01
  6.010000E+04,  1.703155E-06,  5.109465E-11,  8.635000E+03,  6.690000E-01
  6.030000E+04,  1.680875E-06,  5.042624E-11,  8.637500E+03,  6.680200E-01
  6.050000E+04,  1.658970E-06,  4.976909E-11,  8.640000E+03,  6.669400E-01
  6.070000E+04,  1.637340E-06,  4.912019E-11,  8.642500E+03,  6.657400E-01
  6.090000E+04,  1.616144E-06,  4.848432E-11,  8.645000E+03,  6.644600E-01
  6.110000E+04,  1.595257E-06,  4.785772E-11,  8.647500E+03,  6.632400E-01
  6.130000E+04,  1.574718E-06,  4.724154E-11,  8.650000E+03,  6.622600E-01
  6.150000E+04,  1.554479E-06,  4.663437E-11,  8.652500E+03,  6.616200E-01
  6.170000E+04,  1.534576E-06,  4.603729E-11,  8.655000E+03,  6.611500E-01
  6.190000E+04,  1.514992E-06,  4.544975E-11,  8.657500E+03,  6.607000E-01
  6.210000E+04,  1.495744E-06,  4.487232E-11,  8.660000E+03,  6.601000E-01
  6.230000E+04,  1.476734E-06,  4.430201E-11,  8.662500E+03,  6.592900E-01
  6.250000E+04,  1.457759E-06,  4.373276E-11,  8.665000E+03,  6.582800E-01
  6.270000E+04,  1.433721E-06,  4.301164E-11,  8.667500E+03,  6.570900E-01
  6.290000E+04,  1.390677E-06,  4.172031E-11,  8.670000E+03,  6.556500E-01
  6.310000E+04,  1.395718E-06,  4.187154E-11,  8.672500E+03,  6.538300E-01
  6.330000E+04,  1.385261E-06,  4.155782E-11,  8.675000E+03,  6.518400E-01
  6.350000E+04,  1.368996E-06,  4.106988E-11,  8.677500E+03,  6.499700E-01
  6.370000E+04,  1.352034E-06,  4.056103E-11,  8.680000E+03,  6.484600E-01
  6.390000E+04,  1.335312E-06,  4.005937E-11,  8.682500E+03,  6.474800E-01
  6.420000E+04,  1.310716E-06,  3.932147E-11,  8.685000E+03,  6.469800E-01
  6.460000E+04,  1.278764E-06,  3.836293E-11,  8.687500E+03,  6.466600E-01
  6.500000E+04,  1.247813E-06,  3.743439E-11,  8.690000E+03,  6.463500E-01
  6.540000E+04,  1.217770E-06,  3.653310E-11,  8.692500E+03,  6.460600E-01
  6.580000E+04,  1.188632E-06,  3.565897E-11,  8.695000E+03,  6.457300E-01
  6.620000E+04,  1.160258E-06,  3.480774E-11,  8.697500E+03,  6.452900E-01
  6.660000E+04,  1.132904E-06,  3.398712E-11,  8.700000E+03,  6.446400E-01
  6.700000E+04,  1.106254E-06,  3.318762E-11,  8.702500E+03,  6.437200E-01
  6.740000E+04,  1.077381E-06,  3.232144E-11,  8.705000E+03,  6.425600E-01
  6.780000E+04,  1.037114E-06,  3.111341E-11,  8.707500E+03,  6.413300E-01
  6.820000E+04,  1.030126E-06,  3.090378E-11,  8.710000E+03,  6.401200E-01
  6.860000E+04,  1.007131E-06,  3.021392E-11,  8.712500E+03,  6.389400E-01
  6.900000E+04,  9.842013E-07,  2.952604E-11,  8.715000E+03,  6.378300E-01
  6.940000E+04,  9.617540E-07,  2.885262E-11,  8.717500E+03,  6.369200E-01
  6.980000E+04,  9.401111E-07,  2.820333E-11,  8.720000E+03,  6.363400E-01
  7.020000E+04,  9.189987E-07,  2.756996E-11,  8.722500E+03,  6.361600E-01
  7.060000E+04,  8.984427E-07,  2.695328E-11,  8.725000E+03,  6.363300E-01
  7.100000E+04,  8.784635E-07,  2.635390E-11,  8.727500E+03,  6.364200E-01
  7.140000E+04,  8.590116E-07,  2.577035E-11,  8.730000E+03,  6.360600E-01
  7.180000E+04,  8.402024E-07,  2.520607E-11,  8.732500E+03,  6.350600E-01
  7.220000E+04,  8.218194E-07,  2.465458E-11,  8.735000E+03,  6.336200E-01
  7.260000E+04,  8.033533E-07,  2.410060E-11,  8.737500E+03,  6.320300E-01
  7.300000E+04,  7.865620E-07,  2.359686E-11,  8.740000E+03,  6.305600E-01
  7.340000E+04,  7.696570E-07,  2.308971E-11,  8.742500E+03,  6.293400E-01
  7.380000E+04,  7.531879E-07,  2.259564E-11,  8.745000E+03,  6.283700E-01
  7.420000E+04,  7.354990E-07,  2.206497E-11,  8.747500E+03,  6.274600E-01
  7.460000E+04,  7.037725E-07,  2.111317E-11,  8.750000E+03,  6.265800E-01
  7.500000E+04,  6.815039E-07,  2.044512E-11,  8.752500E+03,  6.257900E-01
  7.540000E+04,  6.881495E-07,  2.064449E-11,  8.755000E+03,  6.250500E-01
  7.580000E+04,  6.771912E-07,  2.031573E-11,  8.757500E+03,  6.242700E-01
  7.620000E+04,  6.631611E-07,  1.989483E-11,  8.760000E+03,  6.233400E-01
  7.660000E+04,  6.495078E-07,  1.948523E-11,  8.762500E+03,  6.222100E-01
  7.700000E+04,  6.361882E-07,  1.908565E-11,  8.765000E+03,  6.209100E-01
  7.740000E+04,  6.230216E-07,  1.869065E-11,  8.767500E+03,  6.196500E-01
  7.780000E+04,  6.079413E-07,  1.823824E-11,  8.770000E+03,  6.187200E-01
  7.820000E+04,  5.980156E-07,  1.794047E-11,  8.772500E+03,  6.182200E-01
  7.860000E+04,  5.861519E-07,  1.758456E-11,  8.775000E+03,  6.179700E-01
  7.900000E+04,  5.744409E-07,  1.723323E-11,  8.777500E+03,  6.176300E-01
  7.940000E+04,  5.629966E-07,  1.688990E-11,  8.780000E+03,  6.169400E-01
  7.980000E+04,  5.518554E-07,  1.655566E-11,  8.782500E+03,  6.156900E-01
  8.020000E+04,  5.409730E-07,  1.622919E-11,  8.785000E+03,  6.140000E-01
  8.060000E+04,  5.303551E-07,  1.591065E-11,  8.787500E+03,  6.122400E-01
  8.100000E+04,  5.200032E-07,  1.560010E-11,  8.790000E+03,  6.106900E-01
  8.140000E+04,  5.071974E-07,  1.521592E-11,  8.792500E+03,  6.094500E-01
  8.180000E+04,  4.987366E-07,  1.496210E-11,  8.795000E+03,  6.084100E-01
  8.220000E+04,  4.904327E-07,  1.471298E-11,  8.797500E+03,  6.075400E-01
  8.260000E+04,  4.810336E-07,  1.443101E-11,  8.800000E+03,  6.067700E-01
  8.300000E+04,  4.718720E-07,  1.415616E-11,  8.802500E+03,  6.060800E-01
  8.340000E+04,  4.629231E-07,  1.388769E-11,  8.805000E+03,  6.054700E-01
  8.380000E+04,  4.541740E-07,  1.362522E-11,  8.807500E+03,  6.048600E-01
  8.420000E+04,  4.456295E-07,  1.336888E-11,  8.810000E+03,  6.040900E-01
  8.460000E+04,  4.372995E-07,  1.311898E-11,  8.812500E+03,  6.030700E-01
  8.500000E+04,  4.291629E-07,  1.287489E-11,  8.815000E+03,  6.019000E-01
  8.540000E+04,  4.212116E-07,  1.263635E-11,  8.817500E+03,  6.007600E-01
  8.580000E+04,  4.134240E-07,  1.240272E-11,  8.820000E+03,  5.998200E-01
  8.620000E+04,  4.054987E-07,  1.216496E-11,  8.822500E+03,  5.991700E-01
  8.660000E+04,  3.940958E-07,  1.182287E-11,  8.825000E+03,  5.987500E-01
  8.700000E+04,  3.900370E-07,  1.170111E-11,  8.827500E+03,  5.983200E-01
  8.740000E+04,  3.785683E-07,  1.135705E-11,  8.830000E+03,  5.977200E-01
  8.780000E+04,  3.717790E-07,  1.115337E-11,  8.832500E+03,  5.969000E-01
  8.820000E+04,  3.703612E-07,  1.111083E-11,  8.835000E+03,  5.959200E-01
  8.860000E+04,  3.637342E-07,  1.091203E-11,  8.837500E+03,  5.948100E-01
  8.900000E+04,  3.572813E-07,  1.071844E-11,  8.840000E+03,  5.935700E-01
  8.940000E+04,  3.509411E-07,  1.052823E-11,  8.842500E+03,  5.922200E-01
  8.980000E+04,  3.447523E-07,  1.034257E-11,  8.845000E+03,  5.907900E-01
  9.020000E+04,  3.387082E-07,  1.016125E-11,  8.847500E+03,  5.894800E-01
  9.060000E+04,  3.327685E-07,  9.983056E-12,  8.850000E+03,  5.885900E-01
  9.100000E+04,  3.269704E-07,  9.809113E-12,  8.852500E+03,  5.883000E-01
  9.140000E+04,  3.212990E-07,  9.638969E-12,  8.855000E+03,  5.883600E-01
  9.180000E+04,  3.157451E-07,  9.472353E-12,  8.857500E+03,  5.884100E-01
  9.220000E+04,  3.103266E-07,  9.309797E-12,  8.860000E+03,  5.880400E-01
  9.260000E+04,  3.050037E-07,  9.150110E-12,  8.862500E+03,  5.870700E-01
  9.300000E+04,  2.998088E-07,  8.994263E-12,  8.865000E+03,  5.855500E-01
  9.340000E+04,  2.944461E-07,  8.833382E-12,  8.867500E+03,  5.840300E-01
  9.380000E+04,  2.853233E-07,  8.559699E-12,  8.870000E+03,  5.828600E-01
  9.420000E+04,  2.833241E-07,  8.499723E-12,  8.872500E+03,  5.821500E-01
  9.460000E+04,  2.800768E-07,  8.402302E-12,  8.875000E+03,  5.817600E-01
  9.500000E+04,  2.753995E-07,  8.261985E-12,  8.877500E+03,  5.815000E-01
  9.540000E+04,  2.708194E-07,  8.124583E-12,  8.880000E+03,  5.811800E-01
  9.580000E+04,  2.663371E-07,  7.990114E-12,  8.882500E+03,  5.807800E-01
  9.620000E+04,  2.619446E-07,  7.858339E-12,  8.885000E+03,  5.802500E-01
  9.660000E+04,  2.576425E-07,  7.729275E-12,  8.887500E+03,  5.796100E-01
  9.700000E+04,  2.534252E-07,  7.602757E-12,  8.890000E+03,  5.787600E-01
  9.740000E+04,  2.492975E-07,  7.478924E-12,  8.892500E+03,  5.775800E-01
  9.780000E+04,  2.452509E-07,  7.357528E-12,  8.895000E+03,  5.762200E-01
  9.820000E+04,  2.412749E-07,  7.238246E-12,  8.897500E+03,  5.748600E-01
  9.860000E+04,  2.372242E-07,  7.116727E-12,  8.900000E+03,  5.737200E-01
  9.900000E+04,  2.335922E-07,  7.007767E-12,  8.902500E+03,  5.729100E-01
  9.940000E+04,  2.298625E-07,  6.895875E-12,  8.905000E+03,  5.723800E-01
  9.980000E+04,  2.262057E-07,  6.786171E-12,  8.907500E+03,  5.718700E-01
  1.002000E+05,  2.226218E-07,  6.678654E-12,  8.910000E+03,  5.712500E-01
  2.000000E+05,  1.394262E-08,  4.182787E-13,  8.912500E+03,  5.704500E-01
  4.000000E+05,  8.565797E-10,  2.569739E-14,  8.915000E+03,  5.695100E-01
  6.000000E+05,  1.672659E-10,  5.017978E-15,  8.917500E+03,  5.684600E-01
  8.000000E+05,  5.251145E-11,  1.575344E-15,  8.920000E+03,  5.672500E-01
  1.000000E+06,  2.138622E-11,  6.415867E-16,  8.922500E+03,  5.658800E-01
  1.200000E+06,  1.026756E-11,  3.080269E-16,  8.925000E+03,  5.643700E-01
  1.400000E+06,  5.521624E-12,  1.656487E-16,  8.927500E+03,  5.629900E-01
  1.600000E+06,  3.226411E-12,  9.679232E-17,  8.930000E+03,  5.620200E-01
  0.000000E+00,  0.000000E+00,  0.000000E+00,  8.932500E+03,  5.616300E-01
  0.000000E+00,  0.000000E+00,  0.000000E+00,  8.935000E+03,  5.615900E-01
  0.000000E+00,  0.000000E+00,  0.000000E+00,  8.937500E+03,  5.615500E-01
  0.000000E+00,  0.000000E+00,  0.000000E+00,  8.940000E+03,  5.611500E-01
  0.000000E+00,  0.000000E+00,  0.000000E+00,  8.942500E+03,  5.602300E-01
  0.000000E+00,  0.000000E+00,  0.000000E+00,  8.945000E+03,  5.588500E-01
  0.000000E+00,  0.000000E+00,  0.000000E+00,  8.947500E+03,  5.573900E-01
  0.000000E+00,  0.000000E+00,  0.000000E+00,  8.950000E+03,  5.560400E-01
  0.000000E+00,  0.000000E+00,  0.000000E+00,  8.952500E+03,  5.547900E-01
  0.000000E+00,  0.000000E+00,  0.000000E+00,  8.955000E+03,  5.536900E-01
  0.000000E+00,  0.000000E+00,  0.000000E+00,  8.957500E+03,  5.527700E-01
  0.000000E+00,  0.000000E+00,  0.000000E+00,  8.960000E+03,  5.520800E-01
  0.000000E+00,  0.000000E+00,  0.000000E+00,  8.962500E+03,  5.517000E-01
  0.000000E+00,  0.000000E+00,  0.000000E+00,  8.965000E+03,  5.515500E-01
  0.000000E+00,  0.000000E+00,  0.000000E+00,  8.967500E+03,  5.513700E-01
  0.000000E+00,  0.000000E+00,  0.000000E+00,  8.970000E+03,  5.509000E-01
  0.000000E+00,  0.000000E+00,  0.000000E+00,  8.972500E+03,  5.500600E-01
  0.000000E+00,  0.000000E+00,  0.000000E+00,  8.975000E+03,  5.489200E-01
  0.000000E+00,  0.000000E+00,  0.000000E+00,  8.977500E+03,  5.476200E-01
  0.000000E+00,  0.000000E+00,  0.000000E+00,  8.980000E+03,  5.462700E-01
  0.000000E+00,  0.000000E+00,  0.000000E+00,  8.982500E+03,  5.449200E-01
  0.000000E+00,  0.000000E+00,  0.000000E+00,  8.985000E+03,  5.435900E-01
  0.000000E+00,  0.000000E+00,  0.000000E+00,  8.987500E+03,  5.423000E-01
  0.000000E+00,  0.000000E+00,  0.000000E+00,  8.990000E+03,  5.411700E-01
  0.000000E+00,  0.000000E+00,  0.000000E+00,  8.992500E+03,  5.402400E-01
  0.000000E+00,  0.000000E+00,  0.000000E+00,  8.995000E+03,  5.394700E-01
  0.000000E+00,  0.000000E+00,  0.000000E+00,  8.997500E+03,  5.387100E-01
  0.000000E+00,  0.000000E+00,  0.000000E+00,  9.000000E+03,  5.379000E-01
  0.000000E+00,  0.000000E+00,  0.000000E+00,  9.002500E+03,  5.369600E-01
  0.000000E+00,  0.000000E+00,  0.000000E+00,  9.005000E+03,  5.358900E-01
  0.000000E+00,  0.000000E+00,  0.000000E+00,  9.007500E+03,  5.347900E-01
  0.000000E+00,  0.000000E+00,  0.000000E+00,  9.010000E+03,  5.337100E-01
  0.000000E+00,  0.000000E+00,  0.000000E+00,  9.012500E+03,  5.326000E-01
  0.000000E+00,  0.000000E+00,  0.000000E+00,  9.015000E+03,  5.315200E-01
  0.000000E+00,  0.000000E+00,  0.000000E+00,  9.017500E+03,  5.304700E-01
  0.000000E+00,  0.000000E+00,  0.000000E+00,  9.020000E+03,  5.294800E-01
  0.000000E+00,  0.000000E+00,  0.000000E+00,  9.022500E+03,  5.285700E-01
  0.000000E+00,  0.000000E+00,  0.000000E+00,  9.025000E+03,  5.277400E-01
  0.000000E+00,  0.000000E+00,  0.000000E+00,  9.027500E+03,  5.269300E-01
  0.000000E+00,  0.000000E+00,  0.000000E+00,  9.030000E+03,  5.261300E-01
  0.000000E+00,  0.000000E+00,  0.000000E+00,  9.032500E+03,  5.253100E-01
  0.000000E+00,  0.000000E+00,  0.000000E+00,  9.035000E+03,  5.244800E-01
  0.000000E+00,  0.000000E+00,  0.000000E+00,  9.037500E+03,  5.236200E-01
  0.000000E+00,  0.000000E+00,  0.000000E+00,  9.040000E+03,  5.227100E-01
  0.000000E+00,  0.000000E+00,  0.000000E+00,  9.042500E+03,  5.217500E-01
  0.000000E+00,  0.000000E+00,  0.000000E+00,  9.045000E+03,  5.207100E-01
  0.000000E+00,  0.000000E+00,  0.000000E+00,  9.047500E+03,  5.197100E-01
  0.000000E+00,  0.000000E+00,  0.000000E+00,  9.050000E+03,  5.188000E-01
  0.000000E+00,  0.000000E+00,  0.000000E+00,  9.052500E+03,  5.180500E-01
  0.000000E+00,  0.000000E+00,  0.000000E+00,  9.055000E+03,  5.173700E-01
  0.000000E+00,  0.000000E+00,  0.000000E+00,  9.057500E+03,  5.166700E-01
  0.000000E+00,  0.000000E+00,  0.000000E+00,  9.060000E+03,  5.158000E-01
  0.000000E+00,  0.000000E+00,  0.000000E+00,  9.062500E+03,  5.147500E-01
  0.000000E+00,  0.000000E+00,  0.000000E+00,  9.065000E+03,  5.135300E-01
  0.000000E+00,  0.000000E+00,  0.000000E+00,  9.067500E+03,  5.122700E-01
  0.000000E+00,  0.000000E+00,  0.000000E+00,  9.070000E+03,  5.110000E-01
  0.000000E+00,  0.000000E+00,  0.000000E+00,  9.072500E+03,  5.097300E-01
  0.000000E+00,  0.000000E+00,  0.000000E+00,  9.075000E+03,  5.085000E-01
  0.000000E+00,  0.000000E+00,  0.000000E+00,  9.077500E+03,  5.074000E-01
  0.000000E+00,  0.000000E+00,  0.000000E+00,  9.080000E+03,  5.065400E-01
  0.000000E+00,  0.000000E+00,  0.000000E+00,  9.082500E+03,  5.060100E-01
  0.000000E+00,  0.000000E+00,  0.000000E+00,  9.085000E+03,  5.057200E-01
  0.000000E+00,  0.000000E+00,  0.000000E+00,  9.087500E+03,  5.054000E-01
  0.000000E+00,  0.000000E+00,  0.000000E+00,  9.090000E+03,  5.047700E-01
  0.000000E+00,  0.000000E+00,  0.000000E+00,  9.092500E+03,  5.037200E-01
  0.000000E+00,  0.000000E+00,  0.000000E+00,  9.095000E+03,  5.023800E-01
  0.000000E+00,  0.000000E+00,  0.000000E+00,  9.097500E+03,  5.009000E-01
  0.000000E+00,  0.000000E+00,  0.000000E+00,  9.100000E+03,  4.994800E-01
  0.000000E+00,  0.000000E+00,  0.000000E+00,  9.102500E+03,  4.981400E-01
  0.000000E+00,  0.000000E+00,  0.000000E+00,  9.105000E+03,  4.969100E-01
  0.000000E+00,  0.000000E+00,  0.000000E+00,  9.107500E+03,  4.957700E-01
  0.000000E+00,  0.000000E+00,  0.000000E+00,  9.110000E+03,  4.948200E-01
  0.000000E+00,  0.000000E+00,  0.000000E+00,  9.112500E+03,  4.941700E-01
  0.000000E+00,  0.000000E+00,  0.000000E+00,  9.115000E+03,  4.936600E-01
  0.000000E+00,  0.000000E+00,  0.000000E+00,  9.117500E+03,  4.931000E-01
  0.000000E+00,  0.000000E+00,  0.000000E+00,  9.120000E+03,  4.922100E-01
  0.000000E+00,  0.000000E+00,  0.000000E+00,  9.122500E+03,  4.908600E-01
  0.000000E+00,  0.000000E+00,  0.000000E+00,  9.125000E+03,  4.891300E-01
  0.000000E+00,  0.000000E+00,  0.000000E+00,  9.127500E+03,  4.874300E-01
  0.000000E+00,  0.000000E+00,  0.000000E+00,  9.130000E+03,  4.860500E-01
  0.000000E+00,  0.000000E+00,  0.000000E+00,  9.132500E+03,  4.850700E-01
  0.000000E+00,  0.000000E+00,  0.000000E+00,  9.135000E+03,  4.844100E-01
  0.000000E+00,  0.000000E+00,  0.000000E+00,  9.137500E+03,  4.839000E-01
  0.000000E+00,  0.000000E+00,  0.000000E+00,  9.140000E+03,  4.834100E-01
  0.000000E+00,  0.000000E+00,  0.000000E+00,  9.142500E+03,  4.829300E-01
  0.000000E+00,  0.000000E+00,  0.000000E+00,  9.145000E+03,  4.824200E-01
  0.000000E+00,  0.000000E+00,  0.000000E+00,  9.147500E+03,  4.817900E-01
  0.000000E+00,  0.000000E+00,  0.000000E+00,  9.150000E+03,  4.808200E-01
  0.000000E+00,  0.000000E+00,  0.000000E+00,  9.152500E+03,  4.793700E-01
  0.000000E+00,  0.000000E+00,  0.000000E+00,  9.155000E+03,  4.776300E-01
  0.000000E+00,  0.000000E+00,  0.000000E+00,  9.157500E+03,  4.759400E-01
  0.000000E+00,  0.000000E+00,  0.000000E+00,  9.160000E+03,  4.746500E-01
  0.000000E+00,  0.000000E+00,  0.000000E+00,  9.162500E+03,  4.739200E-01
  0.000000E+00,  0.000000E+00,  0.000000E+00,  9.165000E+03,  4.736700E-01
  0.000000E+00,  0.000000E+00,  0.000000E+00,  9.167500E+03,  4.734800E-01
  0.000000E+00,  0.000000E+00,  0.000000E+00,  9.170000E+03,  4.731200E-01
  0.000000E+00,  0.000000E+00,  0.000000E+00,  9.172500E+03,  4.725600E-01
  0.000000E+00,  0.000000E+00,  0.000000E+00,  9.175000E+03,  4.717800E-01
  0.000000E+00,  0.000000E+00,  0.000000E+00,  9.177500E+03,  4.707500E-01
  0.000000E+00,  0.000000E+00,  0.000000E+00,  9.180000E+03,  4.693900E-01
  0.000000E+00,  0.000000E+00,  0.000000E+00,  9.182500E+03,  4.676200E-01
  0.000000E+00,  0.000000E+00,  0.000000E+00,  9.185000E+03,  4.655200E-01
  0.000000E+00,  0.000000E+00,  0.000000E+00,  9.187500E+03,  4.635500E-01
  0.000000E+00,  0.000000E+00,  0.000000E+00,  9.190000E+03,  4.621500E-01
  0.000000E+00,  0.000000E+00,  0.000000E+00,  9.192500E+03,  4.615600E-01
  0.000000E+00,  0.000000E+00,  0.000000E+00,  9.195000E+03,  4.615000E-01
  0.000000E+00,  0.000000E+00,  0.000000E+00,  9.197500E+03,  4.615600E-01
  0.000000E+00,  0.000000E+00,  0.000000E+00,  9.200000E+03,  4.613700E-01
  0.000000E+00,  0.000000E+00,  0.000000E+00,  9.202500E+03,  4.607600E-01
  0.000000E+00,  0.000000E+00,  0.000000E+00,  9.205000E+03,  4.597500E-01
  0.000000E+00,  0.000000E+00,  0.000000E+00,  9.207500E+03,  4.585300E-01
  0.000000E+00,  0.000000E+00,  0.000000E+00,  9.210000E+03,  4.571100E-01
  0.000000E+00,  0.000000E+00,  0.000000E+00,  9.212500E+03,  4.553300E-01
  0.000000E+00,  0.000000E+00,  0.000000E+00,  9.215000E+03,  4.534100E-01
  0.000000E+00,  0.000000E+00,  0.000000E+00,  9.217500E+03,  4.516400E-01
  0.000000E+00,  0.000000E+00,  0.000000E+00,  9.220000E+03,  4.503500E-01
  0.000000E+00,  0.000000E+00,  0.000000E+00,  9.222500E+03,  4.497200E-01
  0.000000E+00,  0.000000E+00,  0.000000E+00,  9.225000E+03,  4.496700E-01
  0.000000E+00,  0.000000E+00,  0.000000E+00,  9.227500E+03,  4.496400E-01
  0.000000E+00,  0.000000E+00,  0.000000E+00,  9.230000E+03,  4.492300E-01
  0.000000E+00,  0.000000E+00,  0.000000E+00,  9.232500E+03,  4.482800E-01
  0.000000E+00,  0.000000E+00,  0.000000E+00,  9.235000E+03,  4.469400E-01
  0.000000E+00,  0.000000E+00,  0.000000E+00,  9.237500E+03,  4.454300E-01
  0.000000E+00,  0.000000E+00,  0.000000E+00,  9.240000E+03,  4.439400E-01
  0.000000E+00,  0.000000E+00,  0.000000E+00,  9.242500E+03,  4.425100E-01
  0.000000E+00,  0.000000E+00,  0.000000E+00,  9.245000E+03,  4.411700E-01
  0.000000E+00,  0.000000E+00,  0.000000E+00,  9.247500E+03,  4.399600E-01
  0.000000E+00,  0.000000E+00,  0.000000E+00,  9.250000E+03,  4.390600E-01
  0.000000E+00,  0.000000E+00,  0.000000E+00,  9.252500E+03,  4.386000E-01
  0.000000E+00,  0.000000E+00,  0.000000E+00,  9.255000E+03,  4.384100E-01
  0.000000E+00,  0.000000E+00,  0.000000E+00,  9.257500E+03,  4.381700E-01
  0.000000E+00,  0.000000E+00,  0.000000E+00,  9.260000E+03,  4.376000E-01
  0.000000E+00,  0.000000E+00,  0.000000E+00,  9.262500E+03,  4.365400E-01
  0.000000E+00,  0.000000E+00,  0.000000E+00,  9.265000E+03,  4.350400E-01
  0.000000E+00,  0.000000E+00,  0.000000E+00,  9.267500E+03,  4.334600E-01
  0.000000E+00,  0.000000E+00,  0.000000E+00,  9.270000E+03,  4.319300E-01
  0.000000E+00,  0.000000E+00,  0.000000E+00,  9.272500E+03,  4.304900E-01
  0.000000E+00,  0.000000E+00,  0.000000E+00,  9.275000E+03,  4.291800E-01
  0.000000E+00,  0.000000E+00,  0.000000E+00,  9.277500E+03,  4.280600E-01
  0.000000E+00,  0.000000E+00,  0.000000E+00,  9.280000E+03,  4.271900E-01
  0.000000E+00,  0.000000E+00,  0.000000E+00,  9.282500E+03,  4.266600E-01
  0.000000E+00,  0.000000E+00,  0.000000E+00,  9.285000E+03,  4.264200E-01
  0.000000E+00,  0.000000E+00,  0.000000E+00,  9.287500E+03,  4.261400E-01
  0.000000E+00,  0.000000E+00,  0.000000E+00,  9.290000E+03,  4.255700E-01
  0.000000E+00,  0.000000E+00,  0.000000E+00,  9.292500E+03,  4.245700E-01
  0.000000E+00,  0.000000E+00,  0.000000E+00,  9.295000E+03,  4.232800E-01
  0.000000E+00,  0.000000E+00,  0.000000E+00,  9.297500E+03,  4.218900E-01
  0.000000E+00,  0.000000E+00,  0.000000E+00,  9.300000E+03,  4.205800E-01
  0.000000E+00,  0.000000E+00,  0.000000E+00,  9.302500E+03,  4.194400E-01
  0.000000E+00,  0.000000E+00,  0.000000E+00,  9.305000E+03,  4.184500E-01
  0.000000E+00,  0.000000E+00,  0.000000E+00,  9.307500E+03,  4.175400E-01
  0.000000E+00,  0.000000E+00,  0.000000E+00,  9.310000E+03,  4.166900E-01
  0.000000E+00,  0.000000E+00,  0.000000E+00,  9.312500E+03,  4.159700E-01
  0.000000E+00,  0.000000E+00,  0.000000E+00,  9.315000E+03,  4.153100E-01
  0.000000E+00,  0.000000E+00,  0.000000E+00,  9.317500E+03,  4.146100E-01
  0.000000E+00,  0.000000E+00,  0.000000E+00,  9.320000E+03,  4.138200E-01
  0.000000E+00,  0.000000E+00,  0.000000E+00,  9.322500E+03,  4.128700E-01
  0.000000E+00,  0.000000E+00,  0.000000E+00,  9.325000E+03,  4.117700E-01
  0.000000E+00,  0.000000E+00,  0.000000E+00,  9.327500E+03,  4.106200E-01
  0.000000E+00,  0.000000E+00,  0.000000E+00,  9.330000E+03,  4.095100E-01
  0.000000E+00,  0.000000E+00,  0.000000E+00,  9.332500E+03,  4.084500E-01
  0.000000E+00,  0.000000E+00,  0.000000E+00,  9.335000E+03,  4.074300E-01
  0.000000E+00,  0.000000E+00,  0.000000E+00,  9.337500E+03,  4.064200E-01
  0.000000E+00,  0.000000E+00,  0.000000E+00,  9.340000E+03,  4.054200E-01
  0.000000E+00,  0.000000E+00,  0.000000E+00,  9.342500E+03,  4.044200E-01
  0.000000E+00,  0.000000E+00,  0.000000E+00,  9.345000E+03,  4.034300E-01
  0.000000E+00,  0.000000E+00,  0.000000E+00,  9.347500E+03,  4.024200E-01
  0.000000E+00,  0.000000E+00,  0.000000E+00,  9.350000E+03,  4.013900E-01
  0.000000E+00,  0.000000E+00,  0.000000E+00,  9.352500E+03,  4.003400E-01
  0.000000E+00,  0.000000E+00,  0.000000E+00,  9.355000E+03,  3.992600E-01
  0.000000E+00,  0.000000E+00,  0.000000E+00,  9.357500E+03,  3.982000E-01
  0.000000E+00,  0.000000E+00,  0.000000E+00,  9.360000E+03,  3.971900E-01
  0.000000E+00,  0.000000E+00,  0.000000E+00,  9.362500E+03,  3.962400E-01
  0.000000E+00,  0.000000E+00,  0.000000E+00,  9.365000E+03,  3.953700E-01
  0.000000E+00,  0.000000E+00,  0.000000E+00,  9.367500E+03,  3.944600E-01
  0.000000E+00,  0.000000E+00,  0.000000E+00,  9.370000E+03,  3.934500E-01
  0.000000E+00,  0.000000E+00,  0.000000E+00,  9.372500E+03,  3.922700E-01
  0.000000E+00,  0.000000E+00,  0.000000E+00,  9.375000E+03,  3.910000E-01
  0.000000E+00,  0.000000E+00,  0.000000E+00,  9.377500E+03,  3.897700E-01
  0.000000E+00,  0.000000E+00,  0.000000E+00,  9.380000E+03,  3.886900E-01
  0.000000E+00,  0.000000E+00,  0.000000E+00,  9.382500E+03,  3.878300E-01
  0.000000E+00,  0.000000E+00,  0.000000E+00,  9.385000E+03,  3.871400E-01
  0.000000E+00,  0.000000E+00,  0.000000E+00,  9.387500E+03,  3.864700E-01
  0.000000E+00,  0.000000E+00,  0.000000E+00,  9.390000E+03,  3.857600E-01
  0.000000E+00,  0.000000E+00,  0.000000E+00,  9.392500E+03,  3.849900E-01
  0.000000E+00,  0.000000E+00,  0.000000E+00,  9.395000E+03,  3.841300E-01
  0.000000E+00,  0.000000E+00,  0.000000E+00,  9.397500E+03,  3.831600E-01
  0.000000E+00,  0.000000E+00,  0.000000E+00,  9.400000E+03,  3.820400E-01
  0.000000E+00,  0.000000E+00,  0.000000E+00,  9.402500E+03,  3.807100E-01
  0.000000E+00,  0.000000E+00,  0.000000E+00,  9.405000E+03,  3.792000E-01
  0.000000E+00,  0.000000E+00,  0.000000E+00,  9.407500E+03,  3.777800E-01
  0.000000E+00,  0.000000E+00,  0.000000E+00,  9.410000E+03,  3.767000E-01
  0.000000E+00,  0.000000E+00,  0.000000E+00,  9.412500E+03,  3.761000E-01
  0.000000E+00,  0.000000E+00,  0.000000E+00,  9.415000E+03,  3.757900E-01
  0.000000E+00,  0.000000E+00,  0.000000E+00,  9.417500E+03,  3.755200E-01
  0.000000E+00,  0.000000E+00,  0.000000E+00,  9.420000E+03,  3.749700E-01
  0.000000E+00,  0.000000E+00,  0.000000E+00,  9.422500E+03,  3.740700E-01
  0.000000E+00,  0.000000E+00,  0.000000E+00,  9.425000E+03,  3.728400E-01
  0.000000E+00,  0.000000E+00,  0.000000E+00,  9.427500E+03,  3.714600E-01
  0.000000E+00,  0.000000E+00,  0.000000E+00,  9.430000E+03,  3.699800E-01
  0.000000E+00,  0.000000E+00,  0.000000E+00,  9.432500E+03,  3.683200E-01
  0.000000E+00,  0.000000E+00,  0.000000E+00,  9.435000E+03,  3.666200E-01
  0.000000E+00,  0.000000E+00,  0.000000E+00,  9.437500E+03,  3.651000E-01
  0.000000E+00,  0.000000E+00,  0.000000E+00,  9.440000E+03,  3.640000E-01
  0.000000E+00,  0.000000E+00,  0.000000E+00,  9.442500E+03,  3.634600E-01
  0.000000E+00,  0.000000E+00,  0.000000E+00,  9.445000E+03,  3.634000E-01
  0.000000E+00,  0.000000E+00,  0.000000E+00,  9.447500E+03,  3.633600E-01
  0.000000E+00,  0.000000E+00,  0.000000E+00,  9.450000E+03,  3.630100E-01
  0.000000E+00,  0.000000E+00,  0.000000E+00,  9.452500E+03,  3.622600E-01
  0.000000E+00,  0.000000E+00,  0.000000E+00,  9.455000E+03,  3.611600E-01
  0.000000E+00,  0.000000E+00,  0.000000E+00,  9.457500E+03,  3.598500E-01
  0.000000E+00,  0.000000E+00,  0.000000E+00,  9.460000E+03,  3.584300E-01
  0.000000E+00,  0.000000E+00,  0.000000E+00,  9.462500E+03,  3.569000E-01
  0.000000E+00,  0.000000E+00,  0.000000E+00,  9.465000E+03,  3.552900E-01
  0.000000E+00,  0.000000E+00,  0.000000E+00,  9.467500E+03,  3.538100E-01
  0.000000E+00,  0.000000E+00,  0.000000E+00,  9.470000E+03,  3.527100E-01
  0.000000E+00,  0.000000E+00,  0.000000E+00,  9.472500E+03,  3.521300E-01
  0.000000E+00,  0.000000E+00,  0.000000E+00,  9.475000E+03,  3.519200E-01
  0.000000E+00,  0.000000E+00,  0.000000E+00,  9.477500E+03,  3.517500E-01
  0.000000E+00,  0.000000E+00,  0.000000E+00,  9.480000E+03,  3.514000E-01
  0.000000E+00,  0.000000E+00,  0.000000E+00,  9.482500E+03,  3.507000E-01
  0.000000E+00,  0.000000E+00,  0.000000E+00,  9.485000E+03,  3.497100E-01
  0.000000E+00,  0.000000E+00,  0.000000E+00,  9.487500E+03,  3.485400E-01
  0.000000E+00,  0.000000E+00,  0.000000E+00,  9.490000E+03,  3.472000E-01
  0.000000E+00,  0.000000E+00,  0.000000E+00,  9.492500E+03,  3.456100E-01
  0.000000E+00,  0.000000E+00,  0.000000E+00,  9.495000E+03,  3.438900E-01
  0.000000E+00,  0.000000E+00,  0.000000E+00,  9.497500E+03,  3.422700E-01
  0.000000E+00,  0.000000E+00,  0.000000E+00,  9.500000E+03,  3.409600E-01
  0.000000E+00,  0.000000E+00,  0.000000E+00,  9.502500E+03,  3.400800E-01
  0.000000E+00,  0.000000E+00,  0.000000E+00,  9.505000E+03,  3.395800E-01
  0.000000E+00,  0.000000E+00,  0.000000E+00,  9.507500E+03,  3.391900E-01
  0.000000E+00,  0.000000E+00,  0.000000E+00,  9.510000E+03,  3.387500E-01
  0.000000E+00,  0.000000E+00,  0.000000E+00,  9.512500E+03,  3.382300E-01
  0.000000E+00,  0.000000E+00,  0.000000E+00,  9.515000E+03,  3.376100E-01
  0.000000E+00,  0.000000E+00,  0.000000E+00,  9.517500E+03,  3.368500E-01
  0.000000E+00,  0.000000E+00,  0.000000E+00,  9.520000E+03,  3.358600E-01
  0.000000E+00,  0.000000E+00,  0.000000E+00,  9.522500E+03,  3.345900E-01
  0.000000E+00,  0.000000E+00,  0.000000E+00,  9.525000E+03,  3.330700E-01
  0.000000E+00,  0.000000E+00,  0.000000E+00,  9.527500E+03,  3.315900E-01
  0.000000E+00,  0.000000E+00,  0.000000E+00,  9.530000E+03,  3.304300E-01
  0.000000E+00,  0.000000E+00,  0.000000E+00,  9.532500E+03,  3.296800E-01
  0.000000E+00,  0.000000E+00,  0.000000E+00,  9.535000E+03,  3.292200E-01
  0.000000E+00,  0.000000E+00,  0.000000E+00,  9.537500E+03,  3.288400E-01
  0.000000E+00,  0.000000E+00,  0.000000E+00,  9.540000E+03,  3.283200E-01
  0.000000E+00,  0.000000E+00,  0.000000E+00,  9.542500E+03,  3.276000E-01
  0.000000E+00,  0.000000E+00,  0.000000E+00,  9.545000E+03,  3.267000E-01
  0.000000E+00,  0.000000E+00,  0.000000E+00,  9.547500E+03,  3.256600E-01
  0.000000E+00,  0.000000E+00,  0.000000E+00,  9.550000E+03,  3.244600E-01
  0.000000E+00,  0.000000E+00,  0.000000E+00,  9.552500E+03,  3.230600E-01
  0.000000E+00,  0.000000E+00,  0.000000E+00,  9.555000E+03,  3.215200E-01
  0.000000E+00,  0.000000E+00,  0.000000E+00,  9.557500E+03,  3.200200E-01
  0.000000E+00,  0.000000E+00,  0.000000E+00,  9.560000E+03,  3.187100E-01
  0.000000E+00,  0.000000E+00,  0.000000E+00,  9.562500E+03,  3.176700E-01
  0.000000E+00,  0.000000E+00,  0.000000E+00,  9.565000E+03,  3.168700E-01
  0.000000E+00,  0.000000E+00,  0.000000E+00,  9.567500E+03,  3.161300E-01
  0.000000E+00,  0.000000E+00,  0.000000E+00,  9.570000E+03,  3.153100E-01
  0.000000E+00,  0.000000E+00,  0.000000E+00,  9.572500E+03,  3.143800E-01
  0.000000E+00,  0.000000E+00,  0.000000E+00,  9.575000E+03,  3.133700E-01
  0.000000E+00,  0.000000E+00,  0.000000E+00,  9.577500E+03,  3.123100E-01
  0.000000E+00,  0.000000E+00,  0.000000E+00,  9.580000E+03,  3.112400E-01
  0.000000E+00,  0.000000E+00,  0.000000E+00,  9.582500E+03,  3.101500E-01
  0.000000E+00,  0.000000E+00,  0.000000E+00,  9.585000E+03,  3.090500E-01
  0.000000E+00,  0.000000E+00,  0.000000E+00,  9.587500E+03,  3.079400E-01
  0.000000E+00,  0.000000E+00,  0.000000E+00,  9.590000E+03,  3.068900E-01
  0.000000E+00,  0.000000E+00,  0.000000E+00,  9.592500E+03,  3.059100E-01
  0.000000E+00,  0.000000E+00,  0.000000E+00,  9.595000E+03,  3.049700E-01
  0.000000E+00,  0.000000E+00,  0.000000E+00,  9.597500E+03,  3.040200E-01
  0.000000E+00,  0.000000E+00,  0.000000E+00,  9.600000E+03,  3.029800E-01
  0.000000E+00,  0.000000E+00,  0.000000E+00,  9.602500E+03,  3.018200E-01
  0.000000E+00,  0.000000E+00,  0.000000E+00,  9.605000E+03,  3.005600E-01
  0.000000E+00,  0.000000E+00,  0.000000E+00,  9.607500E+03,  2.993300E-01
  0.000000E+00,  0.000000E+00,  0.000000E+00,  9.610000E+03,  2.981900E-01
  0.000000E+00,  0.000000E+00,  0.000000E+00,  9.612500E+03,  2.971700E-01
  0.000000E+00,  0.000000E+00,  0.000000E+00,  9.615000E+03,  2.962400E-01
  0.000000E+00,  0.000000E+00,  0.000000E+00,  9.617500E+03,  2.953400E-01
  0.000000E+00,  0.000000E+00,  0.000000E+00,  9.620000E+03,  2.944300E-01
  0.000000E+00,  0.000000E+00,  0.000000E+00,  9.622500E+03,  2.935100E-01
  0.000000E+00,  0.000000E+00,  0.000000E+00,  9.625000E+03,  2.925600E-01
  0.000000E+00,  0.000000E+00,  0.000000E+00,  9.627500E+03,  2.915300E-01
  0.000000E+00,  0.000000E+00,  0.000000E+00,  9.630000E+03,  2.903200E-01
  0.000000E+00,  0.000000E+00,  0.000000E+00,  9.632500E+03,  2.888800E-01
  0.000000E+00,  0.000000E+00,  0.000000E+00,  9.635000E+03,  2.873100E-01
  0.000000E+00,  0.000000E+00,  0.000000E+00,  9.637500E+03,  2.857800E-01
  0.000000E+00,  0.000000E+00,  0.000000E+00,  9.640000E+03,  2.844800E-01
  0.000000E+00,  0.000000E+00,  0.000000E+00,  9.642500E+03,  2.835000E-01
  0.000000E+00,  0.000000E+00,  0.000000E+00,  9.645000E+03,  2.827800E-01
  0.000000E+00,  0.000000E+00,  0.000000E+00,  9.647500E+03,  2.821200E-01
  0.000000E+00,  0.000000E+00,  0.000000E+00,  9.650000E+03,  2.814000E-01
  0.000000E+00,  0.000000E+00,  0.000000E+00,  9.652500E+03,  2.806000E-01
  0.000000E+00,  0.000000E+00,  0.000000E+00,  9.655000E+03,  2.797000E-01
  0.000000E+00,  0.000000E+00,  0.000000E+00,  9.657500E+03,  2.786700E-01
  0.000000E+00,  0.000000E+00,  0.000000E+00,  9.660000E+03,  2.774400E-01
  0.000000E+00,  0.000000E+00,  0.000000E+00,  9.662500E+03,  2.759500E-01
  0.000000E+00,  0.000000E+00,  0.000000E+00,  9.665000E+03,  2.742500E-01
  0.000000E+00,  0.000000E+00,  0.000000E+00,  9.667500E+03,  2.725800E-01
  0.000000E+00,  0.000000E+00,  0.000000E+00,  9.670000E+03,  2.711500E-01
  0.000000E+00,  0.000000E+00,  0.000000E+00,  9.672500E+03,  2.700300E-01
  0.000000E+00,  0.000000E+00,  0.000000E+00,  9.675000E+03,  2.691500E-01
  0.000000E+00,  0.000000E+00,  0.000000E+00,  9.677500E+03,  2.683900E-01
  0.000000E+00,  0.000000E+00,  0.000000E+00,  9.680000E+03,  2.676600E-01
  0.000000E+00,  0.000000E+00,  0.000000E+00,  9.682500E+03,  2.669200E-01
  0.000000E+00,  0.000000E+00,  0.000000E+00,  9.685000E+03,  2.661800E-01
  0.000000E+00,  0.000000E+00,  0.000000E+00,  9.687500E+03,  2.652800E-01
  0.000000E+00,  0.000000E+00,  0.000000E+00,  9.690000E+03,  2.640700E-01
  0.000000E+00,  0.000000E+00,  0.000000E+00,  9.692500E+03,  2.624500E-01
  0.000000E+00,  0.000000E+00,  0.000000E+00,  9.695000E+03,  2.605600E-01
  0.000000E+00,  0.000000E+00,  0.000000E+00,  9.697500E+03,  2.586700E-01
  0.000000E+00,  0.000000E+00,  0.000000E+00,  9.700000E+03,  2.570800E-01
  0.000000E+00,  0.000000E+00,  0.000000E+00,  9.702500E+03,  2.558700E-01
  0.000000E+00,  0.000000E+00,  0.000000E+00,  9.705000E+03,  2.550200E-01
  0.000000E+00,  0.000000E+00,  0.000000E+00,  9.707500E+03,  2.542800E-01
  0.000000E+00,  0.000000E+00,  0.000000E+00,  9.710000E+03,  2.535800E-01
  0.000000E+00,  0.000000E+00,  0.000000E+00,  9.712500E+03,  2.529200E-01
  0.000000E+00,  0.000000E+00,  0.000000E+00,  9.715000E+03,  2.522400E-01
  0.000000E+00,  0.000000E+00,  0.000000E+00,  9.717500E+03,  2.513900E-01
  0.000000E+00,  0.000000E+00,  0.000000E+00,  9.720000E+03,  2.502100E-01
  0.000000E+00,  0.000000E+00,  0.000000E+00,  9.722500E+03,  2.486000E-01
  0.000000E+00,  0.000000E+00,  0.000000E+00,  9.725000E+03,  2.466300E-01
  0.000000E+00,  0.000000E+00,  0.000000E+00,  9.727500E+03,  2.446600E-01
  0.000000E+00,  0.000000E+00,  0.000000E+00,  9.730000E+03,  2.429600E-01
  0.000000E+00,  0.000000E+00,  0.000000E+00,  9.732500E+03,  2.416000E-01
  0.000000E+00,  0.000000E+00,  0.000000E+00,  9.735000E+03,  2.405300E-01
  0.000000E+00,  0.000000E+00,  0.000000E+00,  9.737500E+03,  2.396800E-01
  0.000000E+00,  0.000000E+00,  0.000000E+00,  9.740000E+03,  2.390000E-01
  0.000000E+00,  0.000000E+00,  0.000000E+00,  9.742500E+03,  2.384800E-01
  0.000000E+00,  0.000000E+00,  0.000000E+00,  9.745000E+03,  2.380800E-01
  0.000000E+00,  0.000000E+00,  0.000000E+00,  9.747500E+03,  2.375400E-01
  0.000000E+00,  0.000000E+00,  0.000000E+00,  9.750000E+03,  2.366300E-01
  0.000000E+00,  0.000000E+00,  0.000000E+00,  9.752500E+03,  2.351900E-01
  0.000000E+00,  0.000000E+00,  0.000000E+00,  9.755000E+03,  2.334000E-01
  0.000000E+00,  0.000000E+00,  0.000000E+00,  9.757500E+03,  2.314700E-01
  0.000000E+00,  0.000000E+00,  0.000000E+00,  9.760000E+03,  2.296800E-01
  0.000000E+00,  0.000000E+00,  0.000000E+00,  9.762500E+03,  2.280900E-01
  0.000000E+00,  0.000000E+00,  0.000000E+00,  9.765000E+03,  2.267200E-01
  0.000000E+00,  0.000000E+00,  0.000000E+00,  9.767500E+03,  2.255300E-01
  0.000000E+00,  0.000000E+00,  0.000000E+00,  9.770000E+03,  2.246100E-01
  0.000000E+00,  0.000000E+00,  0.000000E+00,  9.772500E+03,  2.240600E-01
  0.000000E+00,  0.000000E+00,  0.000000E+00,  9.775000E+03,  2.237200E-01
  0.000000E+00,  0.000000E+00,  0.000000E+00,  9.777500E+03,  2.233600E-01
  0.000000E+00,  0.000000E+00,  0.000000E+00,  9.780000E+03,  2.227000E-01
  0.000000E+00,  0.000000E+00,  0.000000E+00,  9.782500E+03,  2.216100E-01
  0.000000E+00,  0.000000E+00,  0.000000E+00,  9.785000E+03,  2.201300E-01
  0.000000E+00,  0.000000E+00,  0.000000E+00,  9.787500E+03,  2.185500E-01
  0.000000E+00,  0.000000E+00,  0.000000E+00,  9.790000E+03,  2.169600E-01
  0.000000E+00,  0.000000E+00,  0.000000E+00,  9.792500E+03,  2.153800E-01
  0.000000E+00,  0.000000E+00,  0.000000E+00,  9.795000E+03,  2.138600E-01
  0.000000E+00,  0.000000E+00,  0.000000E+00,  9.797500E+03,  2.124900E-01
  0.000000E+00,  0.000000E+00,  0.000000E+00,  9.800000E+03,  2.113700E-01
  0.000000E+00,  0.000000E+00,  0.000000E+00,  9.802500E+03,  2.105800E-01
  0.000000E+00,  0.000000E+00,  0.000000E+00,  9.805000E+03,  2.100600E-01
  0.000000E+00,  0.000000E+00,  0.000000E+00,  9.807500E+03,  2.095800E-01
  0.000000E+00,  0.000000E+00,  0.000000E+00,  9.810000E+03,  2.089600E-01
  0.000000E+00,  0.000000E+00,  0.000000E+00,  9.812500E+03,  2.081300E-01
  0.000000E+00,  0.000000E+00,  0.000000E+00,  9.815000E+03,  2.071200E-01
  0.000000E+00,  0.000000E+00,  0.000000E+00,  9.817500E+03,  2.059300E-01
  0.000000E+00,  0.000000E+00,  0.000000E+00,  9.820000E+03,  2.045700E-01
  0.000000E+00,  0.000000E+00,  0.000000E+00,  9.822500E+03,  2.030100E-01
  0.000000E+00,  0.000000E+00,  0.000000E+00,  9.825000E+03,  2.012900E-01
  0.000000E+00,  0.000000E+00,  0.000000E+00,  9.827500E+03,  1.996400E-01
  0.000000E+00,  0.000000E+00,  0.000000E+00,  9.830000E+03,  1.982200E-01
  0.000000E+00,  0.000000E+00,  0.000000E+00,  9.832500E+03,  1.971400E-01
  0.000000E+00,  0.000000E+00,  0.000000E+00,  9.835000E+03,  1.963200E-01
  0.000000E+00,  0.000000E+00,  0.000000E+00,  9.837500E+03,  1.956600E-01
  0.000000E+00,  0.000000E+00,  0.000000E+00,  9.840000E+03,  1.950800E-01
  0.000000E+00,  0.000000E+00,  0.000000E+00,  9.842500E+03,  1.945700E-01
  0.000000E+00,  0.000000E+00,  0.000000E+00,  9.845000E+03,  1.940800E-01
  0.000000E+00,  0.000000E+00,  0.000000E+00,  9.847500E+03,  1.934700E-01
  0.000000E+00,  0.000000E+00,  0.000000E+00,  9.850000E+03,  1.925500E-01
  0.000000E+00,  0.000000E+00,  0.000000E+00,  9.852500E+03,  1.912100E-01
  0.000000E+00,  0.000000E+00,  0.000000E+00,  9.855000E+03,  1.895900E-01
  0.000000E+00,  0.000000E+00,  0.000000E+00,  9.857500E+03,  1.878800E-01
  0.000000E+00,  0.000000E+00,  0.000000E+00,  9.860000E+03,  1.863400E-01
  0.000000E+00,  0.000000E+00,  0.000000E+00,  9.862500E+03,  1.850500E-01
  0.000000E+00,  0.000000E+00,  0.000000E+00,  9.865000E+03,  1.839600E-01
  0.000000E+00,  0.000000E+00,  0.000000E+00,  9.867500E+03,  1.830100E-01
  0.000000E+00,  0.000000E+00,  0.000000E+00,  9.870000E+03,  1.821700E-01
  0.000000E+00,  0.000000E+00,  0.000000E+00,  9.872500E+03,  1.815000E-01
  0.000000E+00,  0.000000E+00,  0.000000E+00,  9.875000E+03,  1.809100E-01
  0.000000E+00,  0.000000E+00,  0.000000E+00,  9.877500E+03,  1.802800E-01
  0.000000E+00,  0.000000E+00,  0.000000E+00,  9.880000E+03,  1.794900E-01
  0.000000E+00,  0.000000E+00,  0.000000E+00,  9.882500E+03,  1.784500E-01
  0.000000E+00,  0.000000E+00,  0.000000E+00,  9.885000E+03,  1.772000E-01
  0.000000E+00,  0.000000E+00,  0.000000E+00,  9.887500E+03,  1.758600E-01
  0.000000E+00,  0.000000E+00,  0.000000E+00,  9.890000E+03,  1.745000E-01
  0.000000E+00,  0.000000E+00,  0.000000E+00,  9.892500E+03,  1.731000E-01
  0.000000E+00,  0.000000E+00,  0.000000E+00,  9.895000E+03,  1.717300E-01
  0.000000E+00,  0.000000E+00,  0.000000E+00,  9.897500E+03,  1.704300E-01
  0.000000E+00,  0.000000E+00,  0.000000E+00,  9.900000E+03,  1.692700E-01
  0.000000E+00,  0.000000E+00,  0.000000E+00,  9.902500E+03,  1.683000E-01
  0.000000E+00,  0.000000E+00,  0.000000E+00,  9.905000E+03,  1.674700E-01
  0.000000E+00,  0.000000E+00,  0.000000E+00,  9.907500E+03,  1.667000E-01
  0.000000E+00,  0.000000E+00,  0.000000E+00,  9.910000E+03,  1.659300E-01
  0.000000E+00,  0.000000E+00,  0.000000E+00,  9.912500E+03,  1.651500E-01
  0.000000E+00,  0.000000E+00,  0.000000E+00,  9.915000E+03,  1.643200E-01
  0.000000E+00,  0.000000E+00,  0.000000E+00,  9.917500E+03,  1.633700E-01
  0.000000E+00,  0.000000E+00,  0.000000E+00,  9.920000E+03,  1.622500E-01
  0.000000E+00,  0.000000E+00,  0.000000E+00,  9.922500E+03,  1.608900E-01
  0.000000E+00,  0.000000E+00,  0.000000E+00,  9.925000E+03,  1.593300E-01
  0.000000E+00,  0.000000E+00,  0.000000E+00,  9.927500E+03,  1.577900E-01
  0.000000E+00,  0.000000E+00,  0.000000E+00,  9.930000E+03,  1.563900E-01
  0.000000E+00,  0.000000E+00,  0.000000E+00,  9.932500E+03,  1.552000E-01
  0.000000E+00,  0.000000E+00,  0.000000E+00,  9.935000E+03,  1.541900E-01
  0.000000E+00,  0.000000E+00,  0.000000E+00,  9.937500E+03,  1.532800E-01
  0.000000E+00,  0.000000E+00,  0.000000E+00,  9.940000E+03,  1.524300E-01
  0.000000E+00,  0.000000E+00,  0.000000E+00,  9.942500E+03,  1.516300E-01
  0.000000E+00,  0.000000E+00,  0.000000E+00,  9.945000E+03,  1.508600E-01
  0.000000E+00,  0.000000E+00,  0.000000E+00,  9.947500E+03,  1.500100E-01
  0.000000E+00,  0.000000E+00,  0.000000E+00,  9.950000E+03,  1.489400E-01
  0.000000E+00,  0.000000E+00,  0.000000E+00,  9.952500E+03,  1.476000E-01
  0.000000E+00,  0.000000E+00,  0.000000E+00,  9.955000E+03,  1.460500E-01
  0.000000E+00,  0.000000E+00,  0.000000E+00,  9.957500E+03,  1.444800E-01
  0.000000E+00,  0.000000E+00,  0.000000E+00,  9.960000E+03,  1.430200E-01
  0.000000E+00,  0.000000E+00,  0.000000E+00,  9.962500E+03,  1.417500E-01
  0.000000E+00,  0.000000E+00,  0.000000E+00,  9.965000E+03,  1.406400E-01
  0.000000E+00,  0.000000E+00,  0.000000E+00,  9.967500E+03,  1.396200E-01
  0.000000E+00,  0.000000E+00,  0.000000E+00,  9.970000E+03,  1.386700E-01
  0.000000E+00,  0.000000E+00,  0.000000E+00,  9.972500E+03,  1.378200E-01
  0.000000E+00,  0.000000E+00,  0.000000E+00,  9.975000E+03,  1.370200E-01
  0.000000E+00,  0.000000E+00,  0.000000E+00,  9.977500E+03,  1.362100E-01
  0.000000E+00,  0.000000E+00,  0.000000E+00,  9.980000E+03,  1.352900E-01
  0.000000E+00,  0.000000E+00,  0.000000E+00,  9.982500E+03,  1.342500E-01
  0.000000E+00,  0.000000E+00,  0.000000E+00,  9.985000E+03,  1.330800E-01
  0.000000E+00,  0.000000E+00,  0.000000E+00,  9.987500E+03,  1.319100E-01
  0.000000E+00,  0.000000E+00,  0.000000E+00,  9.990000E+03,  1.308000E-01
  0.000000E+00,  0.000000E+00,  0.000000E+00,  9.992500E+03,  1.297700E-01
  0.000000E+00,  0.000000E+00,  0.000000E+00,  9.995000E+03,  1.288200E-01
  0.000000E+00,  0.000000E+00,  0.000000E+00,  9.997500E+03,  1.279600E-01
  0.000000E+00,  0.000000E+00,  0.000000E+00,  1.000000E+04,  1.271700E-01
  0.000000E+00,  0.000000E+00,  0.000000E+00,  1.000250E+04,  1.264400E-01
  0.000000E+00,  0.000000E+00,  0.000000E+00,  1.000500E+04,  1.257400E-01
  0.000000E+00,  0.000000E+00,  0.000000E+00,  1.000750E+04,  1.250300E-01
  0.000000E+00,  0.000000E+00,  0.000000E+00,  1.001000E+04,  1.242300E-01
  0.000000E+00,  0.000000E+00,  0.000000E+00,  1.001250E+04,  1.232900E-01
  0.000000E+00,  0.000000E+00,  0.000000E+00,  1.001500E+04,  1.222500E-01
  0.000000E+00,  0.000000E+00,  0.000000E+00,  1.001750E+04,  1.211700E-01
  0.000000E+00,  0.000000E+00,  0.000000E+00,  1.002000E+04,  1.201400E-01
  0.000000E+00,  0.000000E+00,  0.000000E+00,  1.002250E+04,  1.191500E-01
  0.000000E+00,  0.000000E+00,  0.000000E+00,  1.002500E+04,  1.182000E-01
  0.000000E+00,  0.000000E+00,  0.000000E+00,  1.002750E+04,  1.173100E-01
  0.000000E+00,  0.000000E+00,  0.000000E+00,  1.003000E+04,  1.164900E-01
  0.000000E+00,  0.000000E+00,  0.000000E+00,  1.003250E+04,  1.157700E-01
  0.000000E+00,  0.000000E+00,  0.000000E+00,  1.003500E+04,  1.151100E-01
  0.000000E+00,  0.000000E+00,  0.000000E+00,  1.003750E+04,  1.144400E-01
  0.000000E+00,  0.000000E+00,  0.000000E+00,  1.004000E+04,  1.136700E-01
  0.000000E+00,  0.000000E+00,  0.000000E+00,  1.004250E+04,  1.127800E-01
  0.000000E+00,  0.000000E+00,  0.000000E+00,  1.004500E+04,  1.117700E-01
  0.000000E+00,  0.000000E+00,  0.000000E+00,  1.004750E+04,  1.107300E-01
  0.000000E+00,  0.000000E+00,  0.000000E+00,  1.005000E+04,  1.096600E-01
  0.000000E+00,  0.000000E+00,  0.000000E+00,  1.005250E+04,  1.085900E-01
  0.000000E+00,  0.000000E+00,  0.000000E+00,  1.005500E+04,  1.075200E-01
  0.000000E+00,  0.000000E+00,  0.000000E+00,  1.005750E+04,  1.065000E-01
  0.000000E+00,  0.000000E+00,  0.000000E+00,  1.006000E+04,  1.056000E-01
  0.000000E+00,  0.000000E+00,  0.000000E+00,  1.006250E+04,  1.048400E-01
  0.000000E+00,  0.000000E+00,  0.000000E+00,  1.006500E+04,  1.041800E-01
  0.000000E+00,  0.000000E+00,  0.000000E+00,  1.006750E+04,  1.035500E-01
  0.000000E+00,  0.000000E+00,  0.000000E+00,  1.007000E+04,  1.028600E-01
  0.000000E+00,  0.000000E+00,  0.000000E+00,  1.007250E+04,  1.021100E-01
  0.000000E+00,  0.000000E+00,  0.000000E+00,  1.007500E+04,  1.012900E-01
  0.000000E+00,  0.000000E+00,  0.000000E+00,  1.007750E+04,  1.003900E-01
  0.000000E+00,  0.000000E+00,  0.000000E+00,  1.008000E+04,  9.940000E-02
  0.000000E+00,  0.000000E+00,  0.000000E+00,  1.008250E+04,  9.828000E-02
  0.000000E+00,  0.000000E+00,  0.000000E+00,  1.008500E+04,  9.706000E-02
  0.000000E+00,  0.000000E+00,  0.000000E+00,  1.008750E+04,  9.589000E-02
  0.000000E+00,  0.000000E+00,  0.000000E+00,  1.009000E+04,  9.488000E-02
  0.000000E+00,  0.000000E+00,  0.000000E+00,  1.009250E+04,  9.406000E-02
  0.000000E+00,  0.000000E+00,  0.000000E+00,  1.009500E+04,  9.341000E-02
  0.000000E+00,  0.000000E+00,  0.000000E+00,  1.009750E+04,  9.282000E-02
  0.000000E+00,  0.000000E+00,  0.000000E+00,  1.010000E+04,  9.223000E-02
  0.000000E+00,  0.000000E+00,  0.000000E+00,  1.010250E+04,  9.162000E-02
  0.000000E+00,  0.000000E+00,  0.000000E+00,  1.010500E+04,  9.098000E-02
  0.000000E+00,  0.000000E+00,  0.000000E+00,  1.010750E+04,  9.026000E-02
  0.000000E+00,  0.000000E+00,  0.000000E+00,  1.011000E+04,  8.939000E-02
  0.000000E+00,  0.000000E+00,  0.000000E+00,  1.011250E+04,  8.834000E-02
  0.000000E+00,  0.000000E+00,  0.000000E+00,  1.011500E+04,  8.717000E-02
  0.000000E+00,  0.000000E+00,  0.000000E+00,  1.011750E+04,  8.598000E-02
  0.000000E+00,  0.000000E+00,  0.000000E+00,  1.012000E+04,  8.489000E-02
  0.000000E+00,  0.000000E+00,  0.000000E+00,  1.012250E+04,  8.394000E-02
  0.000000E+00,  0.000000E+00,  0.000000E+00,  1.012500E+04,  8.313000E-02
  0.000000E+00,  0.000000E+00,  0.000000E+00,  1.012750E+04,  8.239000E-02
  0.000000E+00,  0.000000E+00,  0.000000E+00,  1.013000E+04,  8.172000E-02
  0.000000E+00,  0.000000E+00,  0.000000E+00,  1.013250E+04,  8.115000E-02
  0.000000E+00,  0.000000E+00,  0.000000E+00,  1.013500E+04,  8.062000E-02
  0.000000E+00,  0.000000E+00,  0.000000E+00,  1.013750E+04,  8.007000E-02
  0.000000E+00,  0.000000E+00,  0.000000E+00,  1.014000E+04,  7.942000E-02
  0.000000E+00,  0.000000E+00,  0.000000E+00,  1.014250E+04,  7.862000E-02
  0.000000E+00,  0.000000E+00,  0.000000E+00,  1.014500E+04,  7.771000E-02
  0.000000E+00,  0.000000E+00,  0.000000E+00,  1.014750E+04,  7.674000E-02
  0.000000E+00,  0.000000E+00,  0.000000E+00,  1.015000E+04,  7.577000E-02
  0.000000E+00,  0.000000E+00,  0.000000E+00,  1.015250E+04,  7.475000E-02
  0.000000E+00,  0.000000E+00,  0.000000E+00,  1.015500E+04,  7.375000E-02
  0.000000E+00,  0.000000E+00,  0.000000E+00,  1.015750E+04,  7.282000E-02
  0.000000E+00,  0.000000E+00,  0.000000E+00,  1.016000E+04,  7.202000E-02
  0.000000E+00,  0.000000E+00,  0.000000E+00,  1.016250E+04,  7.138000E-02
  0.000000E+00,  0.000000E+00,  0.000000E+00,  1.016500E+04,  7.090000E-02
  0.000000E+00,  0.000000E+00,  0.000000E+00,  1.016750E+04,  7.044000E-02
  0.000000E+00,  0.000000E+00,  0.000000E+00,  1.017000E+04,  6.994000E-02
  0.000000E+00,  0.000000E+00,  0.000000E+00,  1.017250E+04,  6.936000E-02
  0.000000E+00,  0.000000E+00,  0.000000E+00,  1.017500E+04,  6.871000E-02
  0.000000E+00,  0.000000E+00,  0.000000E+00,  1.017750E+04,  6.797000E-02
  0.000000E+00,  0.000000E+00,  0.000000E+00,  1.018000E+04,  6.715000E-02
  0.000000E+00,  0.000000E+00,  0.000000E+00,  1.018250E+04,  6.623000E-02
  0.000000E+00,  0.000000E+00,  0.000000E+00,  1.018500E+04,  6.522000E-02
  0.000000E+00,  0.000000E+00,  0.000000E+00,  1.018750E+04,  6.423000E-02
  0.000000E+00,  0.000000E+00,  0.000000E+00,  1.019000E+04,  6.333000E-02
  0.000000E+00,  0.000000E+00,  0.000000E+00,  1.019250E+04,  6.255000E-02
  0.000000E+00,  0.000000E+00,  0.000000E+00,  1.019500E+04,  6.189000E-02
  0.000000E+00,  0.000000E+00,  0.000000E+00,  1.019750E+04,  6.130000E-02
  0.000000E+00,  0.000000E+00,  0.000000E+00,  1.020000E+04,  6.077000E-02
  0.000000E+00,  0.000000E+00,  0.000000E+00,  1.020250E+04,  6.029000E-02
  0.000000E+00,  0.000000E+00,  0.000000E+00,  1.020500E+04,  5.984000E-02
  0.000000E+00,  0.000000E+00,  0.000000E+00,  1.020750E+04,  5.936000E-02
  0.000000E+00,  0.000000E+00,  0.000000E+00,  1.021000E+04,  5.879000E-02
  0.000000E+00,  0.000000E+00,  0.000000E+00,  1.021250E+04,  5.808000E-02
  0.000000E+00,  0.000000E+00,  0.000000E+00,  1.021500E+04,  5.727000E-02
  0.000000E+00,  0.000000E+00,  0.000000E+00,  1.021750E+04,  5.642000E-02
  0.000000E+00,  0.000000E+00,  0.000000E+00,  1.022000E+04,  5.561000E-02
  0.000000E+00,  0.000000E+00,  0.000000E+00,  1.022250E+04,  5.481000E-02
  0.000000E+00,  0.000000E+00,  0.000000E+00,  1.022500E+04,  5.407000E-02
  0.000000E+00,  0.000000E+00,  0.000000E+00,  1.022750E+04,  5.338000E-02
  0.000000E+00,  0.000000E+00,  0.000000E+00,  1.023000E+04,  5.276000E-02
  0.000000E+00,  0.000000E+00,  0.000000E+00,  1.023250E+04,  5.224000E-02
  0.000000E+00,  0.000000E+00,  0.000000E+00,  1.023500E+04,  5.180000E-02
  0.000000E+00,  0.000000E+00,  0.000000E+00,  1.023750E+04,  5.137000E-02
  0.000000E+00,  0.000000E+00,  0.000000E+00,  1.024000E+04,  5.094000E-02
  0.000000E+00,  0.000000E+00,  0.000000E+00,  1.024250E+04,  5.048000E-02
  0.000000E+00,  0.000000E+00,  0.000000E+00,  1.024500E+04,  4.998000E-02
  0.000000E+00,  0.000000E+00,  0.000000E+00,  1.024750E+04,  4.944000E-02
  0.000000E+00,  0.000000E+00,  0.000000E+00,  1.025000E+04,  4.882000E-02
  0.000000E+00,  0.000000E+00,  0.000000E+00,  1.025250E+04,  4.811000E-02
  0.000000E+00,  0.000000E+00,  0.000000E+00,  1.025500E+04,  4.732000E-02
  0.000000E+00,  0.000000E+00,  0.000000E+00,  1.025750E+04,  4.654000E-02
  0.000000E+00,  0.000000E+00,  0.000000E+00,  1.026000E+04,  4.583000E-02
  0.000000E+00,  0.000000E+00,  0.000000E+00,  1.026250E+04,  4.522000E-02
  0.000000E+00,  0.000000E+00,  0.000000E+00,  1.026500E+04,  4.470000E-02
  0.000000E+00,  0.000000E+00,  0.000000E+00,  1.026750E+04,  4.424000E-02
  0.000000E+00,  0.000000E+00,  0.000000E+00,  1.027000E+04,  4.380000E-02
  0.000000E+00,  0.000000E+00,  0.000000E+00,  1.027250E+04,  4.341000E-02
  0.000000E+00,  0.000000E+00,  0.000000E+00,  1.027500E+04,  4.304000E-02
  0.000000E+00,  0.000000E+00,  0.000000E+00,  1.027750E+04,  4.265000E-02
  0.000000E+00,  0.000000E+00,  0.000000E+00,  1.028000E+04,  4.219000E-02
  0.000000E+00,  0.000000E+00,  0.000000E+00,  1.028250E+04,  4.163000E-02
  0.000000E+00,  0.000000E+00,  0.000000E+00,  1.028500E+04,  4.101000E-02
  0.000000E+00,  0.000000E+00,  0.000000E+00,  1.028750E+04,  4.036000E-02
  0.000000E+00,  0.000000E+00,  0.000000E+00,  1.029000E+04,  3.973000E-02
  0.000000E+00,  0.000000E+00,  0.000000E+00,  1.029250E+04,  3.914000E-02
  0.000000E+00,  0.000000E+00,  0.000000E+00,  1.029500E+04,  3.857000E-02
  0.000000E+00,  0.000000E+00,  0.000000E+00,  1.029750E+04,  3.805000E-02
  0.000000E+00,  0.000000E+00,  0.000000E+00,  1.030000E+04,  3.758000E-02
  0.000000E+00,  0.000000E+00,  0.000000E+00,  1.030250E+04,  3.715000E-02
  0.000000E+00,  0.000000E+00,  0.000000E+00,  1.030500E+04,  3.678000E-02
  0.000000E+00,  0.000000E+00,  0.000000E+00,  1.030750E+04,  3.642000E-02
  0.000000E+00,  0.000000E+00,  0.000000E+00,  1.031000E+04,  3.606000E-02
  0.000000E+00,  0.000000E+00,  0.000000E+00,  1.031250E+04,  3.568000E-02
  0.000000E+00,  0.000000E+00,  0.000000E+00,  1.031500E+04,  3.528000E-02
  0.000000E+00,  0.000000E+00,  0.000000E+00,  1.031750E+04,  3.484000E-02
  0.000000E+00,  0.000000E+00,  0.000000E+00,  1.032000E+04,  3.437000E-02
  0.000000E+00,  0.000000E+00,  0.000000E+00,  1.032250E+04,  3.383000E-02
  0.000000E+00,  0.000000E+00,  0.000000E+00,  1.032500E+04,  3.326000E-02
  0.000000E+00,  0.000000E+00,  0.000000E+00,  1.032750E+04,  3.269000E-02
  0.000000E+00,  0.000000E+00,  0.000000E+00,  1.033000E+04,  3.216000E-02
  0.000000E+00,  0.000000E+00,  0.000000E+00,  1.033250E+04,  3.170000E-02
  0.000000E+00,  0.000000E+00,  0.000000E+00,  1.033500E+04,  3.131000E-02
  0.000000E+00,  0.000000E+00,  0.000000E+00,  1.033750E+04,  3.096000E-02
  0.000000E+00,  0.000000E+00,  0.000000E+00,  1.034000E+04,  3.062000E-02
  0.000000E+00,  0.000000E+00,  0.000000E+00,  1.034250E+04,  3.030000E-02
  0.000000E+00,  0.000000E+00,  0.000000E+00,  1.034500E+04,  3.000000E-02
  0.000000E+00,  0.000000E+00,  0.000000E+00,  1.034750E+04,  2.969000E-02
  0.000000E+00,  0.000000E+00,  0.000000E+00,  1.035000E+04,  2.934000E-02
  0.000000E+00,  0.000000E+00,  0.000000E+00,  1.035250E+04,  2.895000E-02
  0.000000E+00,  0.000000E+00,  0.000000E+00,  1.035500E+04,  2.853000E-02
  0.000000E+00,  0.000000E+00,  0.000000E+00,  1.035750E+04,  2.809000E-02
  0.000000E+00,  0.000000E+00,  0.000000E+00,  1.036000E+04,  2.766000E-02
  0.000000E+00,  0.000000E+00,  0.000000E+00,  1.036250E+04,  2.722000E-02
  0.000000E+00,  0.000000E+00,  0.000000E+00,  1.036500E+04,  2.679000E-02
  0.000000E+00,  0.000000E+00,  0.000000E+00,  1.036750E+04,  2.639000E-02
  0.000000E+00,  0.000000E+00,  0.000000E+00,  1.037000E+04,  2.603000E-02
  0.000000E+00,  0.000000E+00,  0.000000E+00,  1.037250E+04,  2.572000E-02
  0.000000E+00,  0.000000E+00,  0.000000E+00,  1.037500E+04,  2.544000E-02
  0.000000E+00,  0.000000E+00,  0.000000E+00,  1.037750E+04,  2.518000E-02
  0.000000E+00,  0.000000E+00,  0.000000E+00,  1.038000E+04,  2.492000E-02
  0.000000E+00,  0.000000E+00,  0.000000E+00,  1.038250E+04,  2.463000E-02
  0.000000E+00,  0.000000E+00,  0.000000E+00,  1.038500E+04,  2.434000E-02
  0.000000E+00,  0.000000E+00,  0.000000E+00,  1.038750E+04,  2.403000E-02
  0.000000E+00,  0.000000E+00,  0.000000E+00,  1.039000E+04,  2.369000E-02
  0.000000E+00,  0.000000E+00,  0.000000E+00,  1.039250E+04,  2.330000E-02
  0.000000E+00,  0.000000E+00,  0.000000E+00,  1.039500E+04,  2.288000E-02
  0.000000E+00,  0.000000E+00,  0.000000E+00,  1.039750E+04,  2.246000E-02
  0.000000E+00,  0.000000E+00,  0.000000E+00,  1.040000E+04,  2.208000E-02
  0.000000E+00,  0.000000E+00,  0.000000E+00,  1.040250E+04,  2.175000E-02
  0.000000E+00,  0.000000E+00,  0.000000E+00,  1.040500E+04,  2.147000E-02
  0.000000E+00,  0.000000E+00,  0.000000E+00,  1.040750E+04,  2.121000E-02
  0.000000E+00,  0.000000E+00,  0.000000E+00,  1.041000E+04,  2.097000E-02
  0.000000E+00,  0.000000E+00,  0.000000E+00,  1.041250E+04,  2.074000E-02
  0.000000E+00,  0.000000E+00,  0.000000E+00,  1.041500E+04,  2.052000E-02
  0.000000E+00,  0.000000E+00,  0.000000E+00,  1.041750E+04,  2.029000E-02
  0.000000E+00,  0.000000E+00,  0.000000E+00,  1.042000E+04,  2.004000E-02
  0.000000E+00,  0.000000E+00,  0.000000E+00,  1.042250E+04,  1.977000E-02
  0.000000E+00,  0.000000E+00,  0.000000E+00,  1.042500E+04,  1.947000E-02
  0.000000E+00,  0.000000E+00,  0.000000E+00,  1.042750E+04,  1.916000E-02
  0.000000E+00,  0.000000E+00,  0.000000E+00,  1.043000E+04,  1.885000E-02
  0.000000E+00,  0.000000E+00,  0.000000E+00,  1.043250E+04,  1.852000E-02
  0.000000E+00,  0.000000E+00,  0.000000E+00,  1.043500E+04,  1.821000E-02
  0.000000E+00,  0.000000E+00,  0.000000E+00,  1.043750E+04,  1.791000E-02
  0.000000E+00,  0.000000E+00,  0.000000E+00,  1.044000E+04,  1.764000E-02
  0.000000E+00,  0.000000E+00,  0.000000E+00,  1.044250E+04,  1.742000E-02
  0.000000E+00,  0.000000E+00,  0.000000E+00,  1.044500E+04,  1.723000E-02
  0.000000E+00,  0.000000E+00,  0.000000E+00,  1.044750E+04,  1.704000E-02
  0.000000E+00,  0.000000E+00,  0.000000E+00,  1.045000E+04,  1.687000E-02
  0.000000E+00,  0.000000E+00,  0.000000E+00,  1.045250E+04,  1.668000E-02
  0.000000E+00,  0.000000E+00,  0.000000E+00,  1.045500E+04,  1.648000E-02
  0.000000E+00,  0.000000E+00,  0.000000E+00,  1.045750E+04,  1.627000E-02
  0.000000E+00,  0.000000E+00,  0.000000E+00,  1.046000E+04,  1.603000E-02
  0.000000E+00,  0.000000E+00,  0.000000E+00,  1.046250E+04,  1.575000E-02
  0.000000E+00,  0.000000E+00,  0.000000E+00,  1.046500E+04,  1.545000E-02
  0.000000E+00,  0.000000E+00,  0.000000E+00,  1.046750E+04,  1.514000E-02
  0.000000E+00,  0.000000E+00,  0.000000E+00,  1.047000E+04,  1.486000E-02
  0.000000E+00,  0.000000E+00,  0.000000E+00,  1.047250E+04,  1.463000E-02
  0.000000E+00,  0.000000E+00,  0.000000E+00,  1.047500E+04,  1.443000E-02
  0.000000E+00,  0.000000E+00,  0.000000E+00,  1.047750E+04,  1.424000E-02
  0.000000E+00,  0.000000E+00,  0.000000E+00,  1.048000E+04,  1.407000E-02
  0.000000E+00,  0.000000E+00,  0.000000E+00,  1.048250E+04,  1.391000E-02
  0.000000E+00,  0.000000E+00,  0.000000E+00,  1.048500E+04,  1.377000E-02
  0.000000E+00,  0.000000E+00,  0.000000E+00,  1.048750E+04,  1.362000E-02
  0.000000E+00,  0.000000E+00,  0.000000E+00,  1.049000E+04,  1.346000E-02
  0.000000E+00,  0.000000E+00,  0.000000E+00,  1.049250E+04,  1.329000E-02
  0.000000E+00,  0.000000E+00,  0.000000E+00,  1.049500E+04,  1.310000E-02
  0.000000E+00,  0.000000E+00,  0.000000E+00,  1.049750E+04,  1.290000E-02
  0.000000E+00,  0.000000E+00,  0.000000E+00,  1.050000E+04,  1.267000E-02
  0.000000E+00,  0.000000E+00,  0.000000E+00,  1.050250E+04,  1.244000E-02
  0.000000E+00,  0.000000E+00,  0.000000E+00,  1.050500E+04,  1.220000E-02
  0.000000E+00,  0.000000E+00,  0.000000E+00,  1.050750E+04,  1.197000E-02
  0.000000E+00,  0.000000E+00,  0.000000E+00,  1.051000E+04,  1.177000E-02
  0.000000E+00,  0.000000E+00,  0.000000E+00,  1.051250E+04,  1.160000E-02
  0.000000E+00,  0.000000E+00,  0.000000E+00,  1.051500E+04,  1.146000E-02
  0.000000E+00,  0.000000E+00,  0.000000E+00,  1.051750E+04,  1.134000E-02
  0.000000E+00,  0.000000E+00,  0.000000E+00,  1.052000E+04,  1.122000E-02
  0.000000E+00,  0.000000E+00,  0.000000E+00,  1.052250E+04,  1.110000E-02
  0.000000E+00,  0.000000E+00,  0.000000E+00,  1.052500E+04,  1.098000E-02
  0.000000E+00,  0.000000E+00,  0.000000E+00,  1.052750E+04,  1.085000E-02
  0.000000E+00,  0.000000E+00,  0.000000E+00,  1.053000E+04,  1.071000E-02
  0.000000E+00,  0.000000E+00,  0.000000E+00,  1.053250E+04,  1.054000E-02
  0.000000E+00,  0.000000E+00,  0.000000E+00,  1.053500E+04,  1.035000E-02
  0.000000E+00,  0.000000E+00,  0.000000E+00,  1.053750E+04,  1.016000E-02
  0.000000E+00,  0.000000E+00,  0.000000E+00,  1.054000E+04,  9.970000E-03
  0.000000E+00,  0.000000E+00,  0.000000E+00,  1.054250E+04,  9.790000E-03
  0.000000E+00,  0.000000E+00,  0.000000E+00,  1.054500E+04,  9.610000E-03
  0.000000E+00,  0.000000E+00,  0.000000E+00,  1.054750E+04,  9.440000E-03
  0.000000E+00,  0.000000E+00,  0.000000E+00,  1.055000E+04,  9.300000E-03
  0.000000E+00,  0.000000E+00,  0.000000E+00,  1.055250E+04,  9.190000E-03
  0.000000E+00,  0.000000E+00,  0.000000E+00,  1.055500E+04,  9.090000E-03
  0.000000E+00,  0.000000E+00,  0.000000E+00,  1.055750E+04,  9.000000E-03
  0.000000E+00,  0.000000E+00,  0.000000E+00,  1.056000E+04,  8.920000E-03
  0.000000E+00,  0.000000E+00,  0.000000E+00,  1.056250E+04,  8.820000E-03
  0.000000E+00,  0.000000E+00,  0.000000E+00,  1.056500E+04,  8.730000E-03
  0.000000E+00,  0.000000E+00,  0.000000E+00,  1.056750E+04,  8.610000E-03
  0.000000E+00,  0.000000E+00,  0.000000E+00,  1.057000E+04,  8.470000E-03
  0.000000E+00,  0.000000E+00,  0.000000E+00,  1.057250E+04,  8.320000E-03
  0.000000E+00,  0.000000E+00,  0.000000E+00,  1.057500E+04,  8.130000E-03
  0.000000E+00,  0.000000E+00,  0.000000E+00,  1.057750E+04,  7.950000E-03
  0.000000E+00,  0.000000E+00,  0.000000E+00,  1.058000E+04,  7.790000E-03
  0.000000E+00,  0.000000E+00,  0.000000E+00,  1.058250E+04,  7.650000E-03
  0.000000E+00,  0.000000E+00,  0.000000E+00,  1.058500E+04,  7.520000E-03
  0.000000E+00,  0.000000E+00,  0.000000E+00,  1.058750E+04,  7.420000E-03
  0.000000E+00,  0.000000E+00,  0.000000E+00,  1.059000E+04,  7.330000E-03
  0.000000E+00,  0.000000E+00,  0.000000E+00,  1.059250E+04,  7.240000E-03
  0.000000E+00,  0.000000E+00,  0.000000E+00,  1.059500E+04,  7.180000E-03
  0.000000E+00,  0.000000E+00,  0.000000E+00,  1.059750E+04,  7.100000E-03
  0.000000E+00,  0.000000E+00,  0.000000E+00,  1.060000E+04,  7.030000E-03
  0.000000E+00,  0.000000E+00,  0.000000E+00,  1.060250E+04,  6.940000E-03
  0.000000E+00,  0.000000E+00,  0.000000E+00,  1.060500E+04,  6.840000E-03
  0.000000E+00,  0.000000E+00,  0.000000E+00,  1.060750E+04,  6.730000E-03
  0.000000E+00,  0.000000E+00,  0.000000E+00,  1.061000E+04,  6.610000E-03
  0.000000E+00,  0.000000E+00,  0.000000E+00,  1.061250E+04,  6.480000E-03
  0.000000E+00,  0.000000E+00,  0.000000E+00,  1.061500E+04,  6.330000E-03
  0.000000E+00,  0.000000E+00,  0.000000E+00,  1.061750E+04,  6.180000E-03
  0.000000E+00,  0.000000E+00,  0.000000E+00,  1.062000E+04,  6.070000E-03
  0.000000E+00,  0.000000E+00,  0.000000E+00,  1.062250E+04,  5.960000E-03
  0.000000E+00,  0.000000E+00,  0.000000E+00,  1.062500E+04,  5.880000E-03
  0.000000E+00,  0.000000E+00,  0.000000E+00,  1.062750E+04,  5.810000E-03
  0.000000E+00,  0.000000E+00,  0.000000E+00,  1.063000E+04,  5.740000E-03
  0.000000E+00,  0.000000E+00,  0.000000E+00,  1.063250E+04,  5.690000E-03
  0.000000E+00,  0.000000E+00,  0.000000E+00,  1.063500E+04,  5.630000E-03
  0.000000E+00,  0.000000E+00,  0.000000E+00,  1.063750E+04,  5.570000E-03
  0.000000E+00,  0.000000E+00,  0.000000E+00,  1.064000E+04,  5.490000E-03
  0.000000E+00,  0.000000E+00,  0.000000E+00,  1.064250E+04,  5.420000E-03
  0.000000E+00,  0.000000E+00,  0.000000E+00,  1.064500E+04,  5.320000E-03
  0.000000E+00,  0.000000E+00,  0.000000E+00,  1.064750E+04,  5.230000E-03
  0.000000E+00,  0.000000E+00,  0.000000E+00,  1.065000E+04,  5.120000E-03
  0.000000E+00,  0.000000E+00,  0.000000E+00,  1.065250E+04,  5.010000E-03
  0.000000E+00,  0.000000E+00,  0.000000E+00,  1.065500E+04,  4.900000E-03
  0.000000E+00,  0.000000E+00,  0.000000E+00,  1.065750E+04,  4.800000E-03
  0.000000E+00,  0.000000E+00,  0.000000E+00,  1.066000E+04,  4.700000E-03
  0.000000E+00,  0.000000E+00,  0.000000E+00,  1.066250E+04,  4.630000E-03
  0.000000E+00,  0.000000E+00,  0.000000E+00,  1.066500E+04,  4.580000E-03
  0.000000E+00,  0.000000E+00,  0.000000E+00,  1.066750E+04,  4.520000E-03
  0.000000E+00,  0.000000E+00,  0.000000E+00,  1.067000E+04,  4.480000E-03
  0.000000E+00,  0.000000E+00,  0.000000E+00,  1.067250E+04,  4.430000E-03
  0.000000E+00,  0.000000E+00,  0.000000E+00,  1.067500E+04,  4.380000E-03
  0.000000E+00,  0.000000E+00,  0.000000E+00,  1.067750E+04,  4.330000E-03
  0.000000E+00,  0.000000E+00,  0.000000E+00,  1.068000E+04,  4.270000E-03
  0.000000E+00,  0.000000E+00,  0.000000E+00,  1.068250E+04,  4.190000E-03
  0.000000E+00,  0.000000E+00,  0.000000E+00,  1.068500E+04,  4.110000E-03
  0.000000E+00,  0.000000E+00,  0.000000E+00,  1.068750E+04,  4.010000E-03
  0.000000E+00,  0.000000E+00,  0.000000E+00,  1.069000E+04,  3.930000E-03
  0.000000E+00,  0.000000E+00,  0.000000E+00,  1.069250E+04,  3.850000E-03
  0.000000E+00,  0.000000E+00,  0.000000E+00,  1.069500E+04,  3.760000E-03
  0.000000E+00,  0.000000E+00,  0.000000E+00,  1.069750E+04,  3.690000E-03
  0.000000E+00,  0.000000E+00,  0.000000E+00,  1.070000E+04,  3.630000E-03
  0.000000E+00,  0.000000E+00,  0.000000E+00,  1.070250E+04,  3.580000E-03
  0.000000E+00,  0.000000E+00,  0.000000E+00,  1.070500E+04,  3.530000E-03
  0.000000E+00,  0.000000E+00,  0.000000E+00,  1.070750E+04,  3.490000E-03
  0.000000E+00,  0.000000E+00,  0.000000E+00,  1.071000E+04,  3.450000E-03
  0.000000E+00,  0.000000E+00,  0.000000E+00,  1.071250E+04,  3.410000E-03
  0.000000E+00,  0.000000E+00,  0.000000E+00,  1.071500E+04,  3.370000E-03
  0.000000E+00,  0.000000E+00,  0.000000E+00,  1.071750E+04,  3.330000E-03
  0.000000E+00,  0.000000E+00,  0.000000E+00,  1.072000E+04,  3.280000E-03
  0.000000E+00,  0.000000E+00,  0.000000E+00,  1.072250E+04,  3.210000E-03
  0.000000E+00,  0.000000E+00,  0.000000E+00,  1.072500E+04,  3.130000E-03
  0.000000E+00,  0.000000E+00,  0.000000E+00,  1.072750E+04,  3.060000E-03
  0.000000E+00,  0.000000E+00,  0.000000E+00,  1.073000E+04,  2.980000E-03
  0.000000E+00,  0.000000E+00,  0.000000E+00,  1.073250E+04,  2.930000E-03
  0.000000E+00,  0.000000E+00,  0.000000E+00,  1.073500E+04,  2.870000E-03
  0.000000E+00,  0.000000E+00,  0.000000E+00,  1.073750E+04,  2.820000E-03
  0.000000E+00,  0.000000E+00,  0.000000E+00,  1.074000E+04,  2.780000E-03
  0.000000E+00,  0.000000E+00,  0.000000E+00,  1.074250E+04,  2.740000E-03
  0.000000E+00,  0.000000E+00,  0.000000E+00,  1.074500E+04,  2.710000E-03
  0.000000E+00,  0.000000E+00,  0.000000E+00,  1.074750E+04,  2.680000E-03
  0.000000E+00,  0.000000E+00,  0.000000E+00,  1.075000E+04,  2.650000E-03
  0.000000E+00,  0.000000E+00,  0.000000E+00,  1.075250E+04,  2.620000E-03
  0.000000E+00,  0.000000E+00,  0.000000E+00,  1.075500E+04,  2.580000E-03
  0.000000E+00,  0.000000E+00,  0.000000E+00,  1.075750E+04,  2.540000E-03
  0.000000E+00,  0.000000E+00,  0.000000E+00,  1.076000E+04,  2.500000E-03
  0.000000E+00,  0.000000E+00,  0.000000E+00,  1.076250E+04,  2.440000E-03
  0.000000E+00,  0.000000E+00,  0.000000E+00,  1.076500E+04,  2.380000E-03
  0.000000E+00,  0.000000E+00,  0.000000E+00,  1.076750E+04,  2.320000E-03
  0.000000E+00,  0.000000E+00,  0.000000E+00,  1.077000E+04,  2.270000E-03
  0.000000E+00,  0.000000E+00,  0.000000E+00,  1.077250E+04,  2.210000E-03
  0.000000E+00,  0.000000E+00,  0.000000E+00,  1.077500E+04,  2.170000E-03
  0.000000E+00,  0.000000E+00,  0.000000E+00,  1.077750E+04,  2.150000E-03
  0.000000E+00,  0.000000E+00,  0.000000E+00,  1.078000E+04,  2.120000E-03
  0.000000E+00,  0.000000E+00,  0.000000E+00,  1.078250E+04,  2.090000E-03
  0.000000E+00,  0.000000E+00,  0.000000E+00,  1.078500E+04,  2.070000E-03
  0.000000E+00,  0.000000E+00,  0.000000E+00,  1.078750E+04,  2.040000E-03
  0.000000E+00,  0.000000E+00,  0.000000E+00,  1.079000E+04,  2.020000E-03
  0.000000E+00,  0.000000E+00,  0.000000E+00,  1.079250E+04,  1.990000E-03
  0.000000E+00,  0.000000E+00,  0.000000E+00,  1.079500E+04,  1.950000E-03
  0.000000E+00,  0.000000E+00,  0.000000E+00,  1.079750E+04,  1.930000E-03
  0.000000E+00,  0.000000E+00,  0.000000E+00,  1.080000E+04,  1.890000E-03
  0.000000E+00,  0.000000E+00,  0.000000E+00,  1.080250E+04,  1.850000E-03
  0.000000E+00,  0.000000E+00,  0.000000E+00,  1.080500E+04,  1.820000E-03
  0.000000E+00,  0.000000E+00,  0.000000E+00,  1.080750E+04,  1.780000E-03
  0.000000E+00,  0.000000E+00,  0.000000E+00,  1.081000E+04,  1.750000E-03
  0.000000E+00,  0.000000E+00,  0.000000E+00,  1.081250E+04,  1.730000E-03
  0.000000E+00,  0.000000E+00,  0.000000E+00,  1.081500E+04,  1.710000E-03
  0.000000E+00,  0.000000E+00,  0.000000E+00,  1.081750E+04,  1.690000E-03
  0.000000E+00,  0.000000E+00,  0.000000E+00,  1.082000E+04,  1.680000E-03
  0.000000E+00,  0.000000E+00,  0.000000E+00,  1.082250E+04,  1.680000E-03
  0.000000E+00,  0.000000E+00,  0.000000E+00,  1.082500E+04,  1.660000E-03
  0.000000E+00,  0.000000E+00,  0.000000E+00,  1.082750E+04,  1.650000E-03
  0.000000E+00,  0.000000E+00,  0.000000E+00,  1.083000E+04,  1.650000E-03
  0.000000E+00,  0.000000E+00,  0.000000E+00,  1.083250E+04,  1.630000E-03
  0.000000E+00,  0.000000E+00,  0.000000E+00,  1.083500E+04,  1.610000E-03
  0.000000E+00,  0.000000E+00,  0.000000E+00,  1.083750E+04,  1.590000E-03
  0.000000E+00,  0.000000E+00,  0.000000E+00,  1.084000E+04,  1.570000E-03
  0.000000E+00,  0.000000E+00,  0.000000E+00,  1.084250E+04,  1.540000E-03
  0.000000E+00,  0.000000E+00,  0.000000E+00,  1.084500E+04,  1.510000E-03
  0.000000E+00,  0.000000E+00,  0.000000E+00,  1.084750E+04,  1.490000E-03
  0.000000E+00,  0.000000E+00,  0.000000E+00,  1.085000E+04,  1.460000E-03
  0.000000E+00,  0.000000E+00,  0.000000E+00,  1.085250E+04,  1.450000E-03
  0.000000E+00,  0.000000E+00,  0.000000E+00,  1.085500E+04,  1.440000E-03
  0.000000E+00,  0.000000E+00,  0.000000E+00,  1.085750E+04,  1.420000E-03
  0.000000E+00,  0.000000E+00,  0.000000E+00,  1.086000E+04,  1.410000E-03
  0.000000E+00,  0.000000E+00,  0.000000E+00,  1.086250E+04,  1.410000E-03
  0.000000E+00,  0.000000E+00,  0.000000E+00,  1.086500E+04,  1.410000E-03
  0.000000E+00,  0.000000E+00,  0.000000E+00,  1.086750E+04,  1.400000E-03
  0.000000E+00,  0.000000E+00,  0.000000E+00,  1.087000E+04,  1.390000E-03
  0.000000E+00,  0.000000E+00,  0.000000E+00,  1.087250E+04,  1.370000E-03
  0.000000E+00,  0.000000E+00,  0.000000E+00,  1.087500E+04,  1.360000E-03
  0.000000E+00,  0.000000E+00,  0.000000E+00,  1.087750E+04,  1.340000E-03
  0.000000E+00,  0.000000E+00,  0.000000E+00,  1.088000E+04,  1.320000E-03
  0.000000E+00,  0.000000E+00,  0.000000E+00,  1.088250E+04,  1.300000E-03
  0.000000E+00,  0.000000E+00,  0.000000E+00,  1.088500E+04,  1.270000E-03
  0.000000E+00,  0.000000E+00,  0.000000E+00,  1.088750E+04,  1.250000E-03
  0.000000E+00,  0.000000E+00,  0.000000E+00,  1.089000E+04,  1.230000E-03
  0.000000E+00,  0.000000E+00,  0.000000E+00,  1.089250E+04,  1.220000E-03
  0.000000E+00,  0.000000E+00,  0.000000E+00,  1.089500E+04,  1.210000E-03
  0.000000E+00,  0.000000E+00,  0.000000E+00,  1.089750E+04,  1.200000E-03
  0.000000E+00,  0.000000E+00,  0.000000E+00,  1.090000E+04,  1.210000E-03
  0.000000E+00,  0.000000E+00,  0.000000E+00,  1.090250E+04,  1.190000E-03
  0.000000E+00,  0.000000E+00,  0.000000E+00,  1.090500E+04,  1.140000E-03
  0.000000E+00,  0.000000E+00,  0.000000E+00,  1.090750E+04,  1.240000E-03
  0.000000E+00,  0.000000E+00,  0.000000E+00,  1.091000E+04,  1.290000E-03
  0.000000E+00,  0.000000E+00,  0.000000E+00,  1.091250E+04,  9.100000E-04
  0.000000E+00,  0.000000E+00,  0.000000E+00,  1.091500E+04,  3.900000E-04
  0.000000E+00,  0.000000E+00,  0.000000E+00,  1.091750E+04,  3.000000E-05
