wavelengths,fluxes,convolved_flux,filter_wavelengths,filter_trans
  9.003887E+02,  1.241984E-17,  8.693888E-22,  3.247500E+03,  7.000000E-05
  9.012914E+02,  1.680845E-17,  1.176591E-21,  3.250000E+03,  1.100000E-04
  9.021949E+02,  1.785600E-17,  1.249920E-21,  3.252500E+03,  1.500000E-04
  9.030994E+02,  1.829248E-17,  1.280474E-21,  3.255000E+03,  2.000000E-04
  9.040047E+02,  1.871309E-17,  1.309916E-21,  3.257500E+03,  2.800000E-04
  9.049110E+02,  1.922893E-17,  1.346025E-21,  3.260000E+03,  3.800000E-04
  9.058182E+02,  1.975270E-17,  1.382689E-21,  3.262500E+03,  5.200000E-04
  9.067263E+02,  2.025267E-17,  1.417687E-21,  3.265000E+03,  6.900000E-04
  9.076353E+02,  2.076851E-17,  1.453796E-21,  3.267500E+03,  9.100000E-04
  9.085452E+02,  2.129229E-17,  1.490460E-21,  3.270000E+03,  1.180000E-03
  9.094560E+02,  2.182400E-17,  1.527680E-21,  3.272500E+03,  1.490000E-03
  9.103677E+02,  2.237952E-17,  1.566566E-21,  3.275000E+03,  1.870000E-03
  9.112804E+02,  2.297472E-17,  1.608230E-21,  3.277500E+03,  2.340000E-03
  9.121939E+02,  2.378419E-17,  1.664893E-21,  3.280000E+03,  2.890000E-03
  9.131084E+02,  2.602214E-17,  1.821550E-21,  3.282500E+03,  3.520000E-03
  9.140238E+02,  4.727475E-17,  3.309233E-21,  3.285000E+03,  4.230000E-03
  9.149401E+02,  3.647386E-16,  2.553170E-20,  3.287500E+03,  5.090000E-03
  9.158573E+02,  2.359373E-15,  1.651561E-19,  3.290000E+03,  6.060000E-03
  9.167755E+02,  6.867814E-15,  4.807470E-19,  3.292500E+03,  7.100000E-03
  9.176945E+02,  1.155482E-14,  8.088371E-19,  3.295000E+03,  8.270000E-03
  9.186145E+02,  1.541171E-14,  1.078820E-18,  3.297500E+03,  9.570000E-03
  9.195354E+02,  1.945114E-14,  1.361580E-18,  3.300000E+03,  1.099000E-02
  9.204573E+02,  2.229222E-14,  1.560456E-18,  3.302500E+03,  1.252000E-02
  9.213800E+02,  2.630784E-14,  1.841549E-18,  3.305000E+03,  1.416000E-02
  9.223037E+02,  2.910131E-14,  2.037092E-18,  3.307500E+03,  1.594000E-02
  9.232283E+02,  3.137894E-14,  2.196526E-18,  3.310000E+03,  1.784000E-02
  9.241539E+02,  4.613197E-14,  3.229238E-18,  3.312500E+03,  1.980000E-02
  9.250803E+02,  4.681446E-14,  3.277013E-18,  3.315000E+03,  2.187000E-02
  9.260077E+02,  3.628339E-14,  2.539837E-18,  3.317500E+03,  2.406000E-02
  9.269361E+02,  5.067930E-14,  3.547551E-18,  3.320000E+03,  2.631000E-02
  9.278653E+02,  7.526502E-14,  5.268552E-18,  3.322500E+03,  2.863000E-02
  9.287955E+02,  7.800295E-14,  5.460206E-18,  3.325000E+03,  3.101000E-02
  9.297266E+02,  5.660749E-14,  3.962524E-18,  3.327500E+03,  3.347000E-02
  9.306587E+02,  4.006886E-14,  2.804820E-18,  3.330000E+03,  3.599000E-02
  9.315917E+02,  6.044058E-14,  4.230841E-18,  3.332500E+03,  3.855000E-02
  9.325256E+02,  9.420032E-14,  6.594022E-18,  3.335000E+03,  4.117000E-02
  9.334604E+02,  1.154688E-13,  8.082816E-18,  3.337500E+03,  4.384000E-02
  9.343962E+02,  1.218970E-13,  8.532787E-18,  3.340000E+03,  4.654000E-02
  9.353330E+02,  1.134848E-13,  7.943936E-18,  3.342500E+03,  4.925000E-02
  9.362706E+02,  8.713728E-14,  6.099610E-18,  3.345000E+03,  5.199000E-02
  9.372092E+02,  5.367117E-14,  3.756982E-18,  3.347500E+03,  5.474000E-02
  9.381488E+02,  5.339341E-14,  3.737539E-18,  3.350000E+03,  5.748000E-02
  9.390893E+02,  9.237504E-14,  6.466253E-18,  3.352500E+03,  6.018000E-02
  9.400307E+02,  1.289600E-13,  9.027200E-18,  3.355000E+03,  6.289000E-02
  9.409731E+02,  1.495142E-13,  1.046600E-17,  3.357500E+03,  6.558000E-02
  9.419164E+02,  1.620531E-13,  1.134372E-17,  3.360000E+03,  6.828000E-02
  9.428607E+02,  1.689574E-13,  1.182702E-17,  3.362500E+03,  7.099000E-02
  9.438059E+02,  1.711795E-13,  1.198257E-17,  3.365000E+03,  7.368000E-02
  9.447521E+02,  1.622912E-13,  1.136038E-17,  3.367500E+03,  7.636000E-02
  9.456992E+02,  1.559424E-13,  1.091597E-17,  3.370000E+03,  7.898000E-02
  9.466473E+02,  1.592755E-13,  1.114929E-17,  3.372500E+03,  8.158000E-02
  9.475963E+02,  1.441971E-13,  1.009380E-17,  3.375000E+03,  8.413000E-02
  9.485463E+02,  1.007078E-13,  7.049549E-18,  3.377500E+03,  8.665000E-02
  9.494972E+02,  6.303565E-14,  4.412496E-18,  3.380000E+03,  8.916000E-02
  9.504491E+02,  8.816896E-14,  6.171827E-18,  3.382500E+03,  9.166000E-02
  9.514019E+02,  1.481651E-13,  1.037156E-17,  3.385000E+03,  9.414000E-02
  9.523557E+02,  1.876070E-13,  1.313249E-17,  3.387500E+03,  9.659000E-02
  9.533104E+02,  2.087168E-13,  1.461018E-17,  3.390000E+03,  9.901000E-02
  9.542661E+02,  2.318106E-13,  1.622674E-17,  3.392500E+03,  1.014000E-01
  9.552227E+02,  2.555392E-13,  1.788774E-17,  3.395000E+03,  1.037400E-01
  9.561804E+02,  2.764902E-13,  1.935432E-17,  3.397500E+03,  1.060700E-01
  9.571389E+02,  2.923622E-13,  2.046536E-17,  3.400000E+03,  1.083700E-01
  9.580985E+02,  2.973619E-13,  2.081533E-17,  3.402500E+03,  1.106800E-01
  9.590590E+02,  2.992666E-13,  2.094866E-17,  3.405000E+03,  1.129700E-01
  9.600204E+02,  2.981555E-13,  2.087089E-17,  3.407500E+03,  1.152300E-01
  9.609828E+02,  3.043456E-13,  2.130419E-17,  3.410000E+03,  1.174300E-01
  9.619462E+02,  3.119642E-13,  2.183749E-17,  3.412500E+03,  1.196100E-01
  9.629106E+02,  3.097421E-13,  2.168195E-17,  3.415000E+03,  1.217300E-01
  9.638759E+02,  2.941082E-13,  2.058757E-17,  3.417500E+03,  1.237900E-01
  9.648422E+02,  2.933939E-13,  2.053757E-17,  3.420000E+03,  1.258100E-01
  9.658094E+02,  3.203763E-13,  2.242634E-17,  3.422500E+03,  1.277800E-01
  9.667777E+02,  3.391846E-13,  2.374292E-17,  3.425000E+03,  1.296800E-01
  9.677469E+02,  3.379149E-13,  2.365404E-17,  3.427500E+03,  1.315400E-01
  9.687170E+02,  3.217254E-13,  2.252078E-17,  3.430000E+03,  1.333300E-01
  9.696882E+02,  2.856960E-13,  1.999872E-17,  3.432500E+03,  1.351000E-01
  9.706603E+02,  2.198272E-13,  1.538790E-17,  3.435000E+03,  1.368300E-01
  9.716334E+02,  1.298329E-13,  9.088307E-18,  3.437500E+03,  1.385000E-01
  9.726074E+02,  9.086720E-14,  6.360704E-18,  3.440000E+03,  1.401300E-01
  9.735825E+02,  1.572915E-13,  1.101041E-17,  3.442500E+03,  1.417500E-01
  9.745585E+02,  2.574438E-13,  1.802107E-17,  3.445000E+03,  1.433400E-01
  9.755355E+02,  3.318042E-13,  2.322629E-17,  3.447500E+03,  1.448800E-01
  9.765135E+02,  3.776742E-13,  2.643720E-17,  3.450000E+03,  1.463300E-01
  9.774924E+02,  4.005299E-13,  2.803710E-17,  3.452500E+03,  1.477200E-01
  9.784724E+02,  4.151321E-13,  2.905925E-17,  3.455000E+03,  1.490400E-01
  9.794533E+02,  4.295757E-13,  3.007030E-17,  3.457500E+03,  1.502900E-01
  9.804352E+02,  4.383846E-13,  3.068692E-17,  3.460000E+03,  1.515000E-01
  9.814181E+02,  4.434637E-13,  3.104246E-17,  3.462500E+03,  1.526800E-01
  9.824019E+02,  4.528281E-13,  3.169797E-17,  3.465000E+03,  1.538200E-01
  9.833868E+02,  4.616371E-13,  3.231460E-17,  3.467500E+03,  1.549000E-01
  9.843726E+02,  4.575898E-13,  3.203128E-17,  3.470000E+03,  1.559300E-01
  9.853595E+02,  4.601293E-13,  3.220905E-17,  3.472500E+03,  1.569200E-01
  9.863473E+02,  4.742553E-13,  3.319788E-17,  3.475000E+03,  1.578600E-01
  9.873361E+02,  4.598118E-13,  3.218683E-17,  3.477500E+03,  1.587500E-01
  9.883259E+02,  4.261632E-13,  2.983142E-17,  3.480000E+03,  1.595900E-01
  9.893167E+02,  3.967206E-13,  2.777044E-17,  3.482500E+03,  1.603900E-01
  9.903085E+02,  3.923558E-13,  2.746491E-17,  3.485000E+03,  1.611700E-01
  9.913013E+02,  4.383846E-13,  3.068692E-17,  3.487500E+03,  1.618700E-01
  9.922951E+02,  4.749696E-13,  3.324787E-17,  3.490000E+03,  1.625500E-01
  9.932899E+02,  4.863181E-13,  3.404227E-17,  3.492500E+03,  1.631900E-01
  9.942856E+02,  4.632243E-13,  3.242570E-17,  3.495000E+03,  1.637900E-01
  9.952824E+02,  4.679065E-13,  3.275346E-17,  3.497500E+03,  1.643500E-01
  9.962802E+02,  4.948096E-13,  3.463667E-17,  3.500000E+03,  1.648600E-01
  9.972789E+02,  5.062374E-13,  3.543662E-17,  3.502500E+03,  1.653500E-01
  9.982787E+02,  5.166336E-13,  3.616435E-17,  3.505000E+03,  1.658000E-01
  9.992795E+02,  5.280614E-13,  3.696430E-17,  3.507500E+03,  1.662000E-01
  1.000281E+03,  5.439334E-13,  3.807534E-17,  3.510000E+03,  1.665400E-01
  1.001284E+03,  5.616307E-13,  3.931415E-17,  3.512500E+03,  1.668600E-01
  1.002288E+03,  5.749632E-13,  4.024743E-17,  3.515000E+03,  1.671200E-01
  1.003293E+03,  5.861530E-13,  4.103071E-17,  3.517500E+03,  1.673300E-01
  1.004298E+03,  5.906765E-13,  4.134736E-17,  3.520000E+03,  1.675000E-01
  1.005305E+03,  5.907559E-13,  4.135291E-17,  3.522500E+03,  1.676500E-01
  1.006313E+03,  5.902003E-13,  4.131402E-17,  3.525000E+03,  1.677600E-01
  1.007322E+03,  5.948032E-13,  4.163623E-17,  3.527500E+03,  1.678300E-01
  1.008332E+03,  6.030566E-13,  4.221396E-17,  3.530000E+03,  1.679000E-01
  1.009343E+03,  6.088499E-13,  4.261950E-17,  3.532500E+03,  1.679800E-01
  1.010354E+03,  6.217856E-13,  4.352499E-17,  3.535000E+03,  1.680600E-01
  1.011367E+03,  6.335309E-13,  4.434716E-17,  3.537500E+03,  1.680900E-01
  1.012381E+03,  6.385306E-13,  4.469714E-17,  3.540000E+03,  1.680900E-01
  1.013396E+03,  6.494029E-13,  4.545820E-17,  3.542500E+03,  1.680500E-01
  1.014412E+03,  6.571802E-13,  4.600261E-17,  3.545000E+03,  1.679500E-01
  1.015429E+03,  6.678144E-13,  4.674701E-17,  3.547500E+03,  1.678300E-01
  1.016447E+03,  6.871782E-13,  4.810248E-17,  3.550000E+03,  1.676700E-01
  1.017466E+03,  6.932890E-13,  4.853023E-17,  3.552500E+03,  1.675000E-01
  1.018486E+03,  6.856704E-13,  4.799693E-17,  3.555000E+03,  1.673300E-01
  1.019507E+03,  6.736870E-13,  4.715809E-17,  3.557500E+03,  1.671000E-01
  1.020529E+03,  6.537677E-13,  4.576374E-17,  3.560000E+03,  1.668400E-01
  1.021552E+03,  6.248013E-13,  4.373609E-17,  3.562500E+03,  1.665400E-01
  1.022576E+03,  5.562343E-13,  3.893640E-17,  3.565000E+03,  1.662000E-01
  1.023601E+03,  4.252902E-13,  2.977032E-17,  3.567500E+03,  1.658300E-01
  1.024628E+03,  2.506189E-13,  1.754332E-17,  3.570000E+03,  1.654800E-01
  1.025655E+03,  1.530061E-13,  1.071043E-17,  3.572500E+03,  1.651500E-01
  1.026683E+03,  2.533171E-13,  1.773220E-17,  3.575000E+03,  1.648400E-01
  1.027712E+03,  4.371942E-13,  3.060360E-17,  3.577500E+03,  1.645000E-01
  1.028743E+03,  5.936921E-13,  4.155845E-17,  3.580000E+03,  1.641200E-01
  1.029774E+03,  7.023360E-13,  4.916352E-17,  3.582500E+03,  1.636900E-01
  1.030806E+03,  7.622528E-13,  5.335770E-17,  3.585000E+03,  1.632200E-01
  1.031840E+03,  8.062976E-13,  5.644083E-17,  3.587500E+03,  1.627300E-01
  1.032874E+03,  8.467712E-13,  5.927398E-17,  3.590000E+03,  1.622300E-01
  1.033909E+03,  8.705792E-13,  6.094055E-17,  3.592500E+03,  1.617300E-01
  1.034946E+03,  8.689920E-13,  6.082944E-17,  3.595000E+03,  1.612200E-01
  1.035983E+03,  8.221696E-13,  5.755187E-17,  3.597500E+03,  1.607200E-01
  1.037022E+03,  8.197888E-13,  5.738522E-17,  3.600000E+03,  1.602300E-01
  1.038062E+03,  9.015296E-13,  6.310707E-17,  3.602500E+03,  1.597400E-01
  1.039102E+03,  9.547008E-13,  6.682906E-17,  3.605000E+03,  1.592700E-01
  1.040144E+03,  9.761280E-13,  6.832896E-17,  3.607500E+03,  1.587900E-01
  1.041187E+03,  9.927936E-13,  6.949555E-17,  3.610000E+03,  1.582600E-01
  1.042231E+03,  9.967616E-13,  6.977331E-17,  3.612500E+03,  1.576700E-01
  1.043275E+03,  9.951744E-13,  6.966221E-17,  3.615000E+03,  1.570600E-01
  1.044321E+03,  1.011046E-12,  7.077325E-17,  3.617500E+03,  1.564400E-01
  1.045368E+03,  1.033267E-12,  7.232871E-17,  3.620000E+03,  1.558500E-01
  1.046416E+03,  1.053107E-12,  7.371750E-17,  3.622500E+03,  1.553300E-01
  1.047465E+03,  1.057869E-12,  7.405081E-17,  3.625000E+03,  1.548400E-01
  1.048515E+03,  1.065011E-12,  7.455078E-17,  3.627500E+03,  1.543500E-01
  1.049566E+03,  1.099136E-12,  7.693952E-17,  3.630000E+03,  1.538400E-01
  1.050619E+03,  1.123738E-12,  7.866163E-17,  3.632500E+03,  1.532900E-01
  1.051672E+03,  1.131674E-12,  7.921715E-17,  3.635000E+03,  1.527200E-01
  1.052726E+03,  1.143578E-12,  8.005043E-17,  3.637500E+03,  1.521400E-01
  1.053782E+03,  1.163418E-12,  8.143923E-17,  3.640000E+03,  1.516000E-01
  1.054838E+03,  1.179290E-12,  8.255027E-17,  3.642500E+03,  1.510800E-01
  1.055895E+03,  1.203891E-12,  8.427239E-17,  3.645000E+03,  1.505900E-01
  1.056954E+03,  1.232461E-12,  8.627225E-17,  3.647500E+03,  1.500700E-01
  1.058014E+03,  1.249920E-12,  8.749440E-17,  3.650000E+03,  1.495600E-01
  1.059074E+03,  1.246745E-12,  8.727219E-17,  3.652500E+03,  1.490700E-01
  1.060136E+03,  1.252301E-12,  8.766106E-17,  3.655000E+03,  1.485900E-01
  1.061199E+03,  1.280870E-12,  8.966093E-17,  3.657500E+03,  1.481100E-01
  1.062263E+03,  1.276109E-12,  8.932762E-17,  3.660000E+03,  1.476000E-01
  1.063328E+03,  1.267379E-12,  8.871655E-17,  3.662500E+03,  1.470900E-01
  1.064394E+03,  1.304678E-12,  9.132749E-17,  3.665000E+03,  1.465600E-01
  1.065461E+03,  1.314202E-12,  9.199411E-17,  3.667500E+03,  1.460400E-01
  1.066529E+03,  1.299917E-12,  9.099418E-17,  3.670000E+03,  1.455500E-01
  1.067598E+03,  1.298330E-12,  9.088307E-17,  3.672500E+03,  1.451000E-01
  1.068668E+03,  1.325312E-12,  9.277184E-17,  3.675000E+03,  1.446800E-01
  1.069740E+03,  1.386419E-12,  9.704935E-17,  3.677500E+03,  1.442900E-01
  1.070812E+03,  1.426893E-12,  9.988250E-17,  3.680000E+03,  1.439000E-01
  1.071885E+03,  1.444352E-12,  1.011046E-16,  3.682500E+03,  1.435300E-01
  1.072960E+03,  1.451494E-12,  1.016046E-16,  3.685000E+03,  1.431800E-01
  1.074036E+03,  1.476096E-12,  1.033267E-16,  3.687500E+03,  1.428300E-01
  1.075112E+03,  1.505459E-12,  1.053821E-16,  3.690000E+03,  1.424700E-01
  1.076190E+03,  1.535616E-12,  1.074931E-16,  3.692500E+03,  1.420800E-01
  1.077269E+03,  1.576883E-12,  1.103818E-16,  3.695000E+03,  1.416800E-01
  1.078349E+03,  1.608627E-12,  1.126039E-16,  3.697500E+03,  1.413000E-01
  1.079430E+03,  1.637990E-12,  1.146593E-16,  3.700000E+03,  1.409700E-01
  1.080512E+03,  1.663386E-12,  1.164370E-16,  3.702500E+03,  1.407000E-01
  1.081595E+03,  1.671322E-12,  1.169925E-16,  3.705000E+03,  1.404600E-01
  1.082680E+03,  1.670528E-12,  1.169370E-16,  3.707500E+03,  1.402400E-01
  1.083765E+03,  1.637990E-12,  1.146593E-16,  3.710000E+03,  1.400000E-01
  1.084852E+03,  1.625293E-12,  1.137705E-16,  3.712500E+03,  1.397300E-01
  1.085939E+03,  1.695130E-12,  1.186591E-16,  3.715000E+03,  1.394400E-01
  1.087028E+03,  1.785600E-12,  1.249920E-16,  3.717500E+03,  1.391600E-01
  1.088118E+03,  1.821312E-12,  1.274918E-16,  3.720000E+03,  1.388900E-01
  1.089208E+03,  1.840358E-12,  1.288251E-16,  3.722500E+03,  1.386400E-01
  1.090300E+03,  1.845914E-12,  1.292140E-16,  3.725000E+03,  1.384000E-01
  1.091393E+03,  1.862579E-12,  1.303805E-16,  3.727500E+03,  1.381800E-01
  1.092487E+03,  1.910195E-12,  1.337137E-16,  3.730000E+03,  1.379800E-01
  1.093583E+03,  1.950669E-12,  1.365468E-16,  3.732500E+03,  1.377900E-01
  1.094679E+03,  1.948288E-12,  1.363802E-16,  3.735000E+03,  1.376100E-01
  1.095776E+03,  1.862579E-12,  1.303805E-16,  3.737500E+03,  1.374700E-01
  1.096875E+03,  1.775283E-12,  1.242698E-16,  3.740000E+03,  1.373500E-01
  1.097975E+03,  1.830835E-12,  1.281585E-16,  3.742500E+03,  1.372500E-01
  1.099075E+03,  1.924480E-12,  1.347136E-16,  3.745000E+03,  1.371800E-01
  1.100177E+03,  2.050662E-12,  1.435464E-16,  3.747500E+03,  1.371300E-01
  1.101280E+03,  2.243507E-12,  1.570455E-16,  3.750000E+03,  1.371300E-01
  1.102384E+03,  2.434765E-12,  1.704335E-16,  3.752500E+03,  1.371400E-01
  1.103489E+03,  2.612531E-12,  1.828772E-16,  3.755000E+03,  1.371900E-01
  1.104595E+03,  2.751411E-12,  1.925988E-16,  3.757500E+03,  1.372700E-01
  1.105703E+03,  2.946637E-12,  2.062646E-16,  3.760000E+03,  1.373600E-01
  1.106811E+03,  3.322010E-12,  2.325407E-16,  3.762500E+03,  1.374500E-01
  1.107921E+03,  4.340198E-12,  3.038139E-16,  3.765000E+03,  1.375700E-01
  1.109032E+03,  7.536026E-12,  5.275218E-16,  3.767500E+03,  1.377100E-01
  1.110143E+03,  1.484032E-11,  1.038822E-15,  3.770000E+03,  1.378800E-01
  1.111256E+03,  2.325248E-11,  1.627674E-15,  3.772500E+03,  1.380400E-01
  1.112370E+03,  3.293440E-11,  2.305408E-15,  3.775000E+03,  1.382500E-01
  1.113485E+03,  3.754522E-11,  2.628165E-15,  3.777500E+03,  1.385100E-01
  1.114602E+03,  4.614784E-11,  3.230349E-15,  3.780000E+03,  1.388500E-01
  1.115719E+03,  8.174080E-11,  5.721856E-15,  3.782500E+03,  1.392500E-01
  1.116838E+03,  8.245504E-11,  5.771853E-15,  3.785000E+03,  1.397300E-01
  1.117957E+03,  7.975680E-11,  5.582976E-15,  3.787500E+03,  1.402800E-01
  1.119078E+03,  1.135642E-10,  7.949491E-15,  3.790000E+03,  1.408900E-01
  1.120200E+03,  1.105485E-10,  7.738394E-15,  3.792500E+03,  1.415200E-01
  1.121323E+03,  7.186841E-11,  5.030789E-15,  3.795000E+03,  1.422000E-01
  1.122447E+03,  6.975744E-11,  4.883021E-15,  3.797500E+03,  1.429700E-01
  1.123572E+03,  1.282458E-10,  8.977203E-15,  3.800000E+03,  1.437900E-01
  1.124699E+03,  1.580851E-10,  1.106596E-14,  3.802500E+03,  1.446700E-01
  1.125826E+03,  1.615770E-10,  1.131039E-14,  3.805000E+03,  1.456100E-01
  1.126955E+03,  1.341184E-10,  9.388288E-15,  3.807500E+03,  1.466600E-01
  1.128085E+03,  8.229632E-11,  5.760743E-15,  3.810000E+03,  1.478000E-01
  1.129215E+03,  5.954381E-11,  4.168067E-15,  3.812500E+03,  1.489900E-01
  1.130348E+03,  9.681920E-11,  6.777344E-15,  3.815000E+03,  1.503000E-01
  1.131481E+03,  1.457843E-10,  1.020490E-14,  3.817500E+03,  1.517000E-01
  1.132615E+03,  1.511014E-10,  1.057710E-14,  3.820000E+03,  1.531700E-01
  1.133750E+03,  1.326106E-10,  9.282739E-15,  3.822500E+03,  1.546800E-01
  1.134887E+03,  1.457050E-10,  1.019935E-14,  3.825000E+03,  1.562500E-01
  1.136025E+03,  1.804646E-10,  1.263253E-14,  3.827500E+03,  1.579200E-01
  1.137164E+03,  1.768934E-10,  1.238254E-14,  3.830000E+03,  1.596900E-01
  1.138304E+03,  1.257062E-10,  8.799437E-15,  3.832500E+03,  1.615200E-01
  1.139445E+03,  6.970982E-11,  4.879688E-15,  3.835000E+03,  1.634500E-01
  1.140587E+03,  7.344768E-11,  5.141338E-15,  3.837500E+03,  1.654900E-01
  1.141731E+03,  1.040410E-10,  7.282867E-15,  3.840000E+03,  1.676200E-01
  1.142875E+03,  1.068979E-10,  7.482855E-15,  3.842500E+03,  1.697900E-01
  1.144021E+03,  1.108659E-10,  7.760615E-15,  3.845000E+03,  1.720300E-01
  1.145168E+03,  1.445939E-10,  1.012157E-14,  3.847500E+03,  1.743900E-01
  1.146316E+03,  1.542758E-10,  1.079931E-14,  3.850000E+03,  1.768800E-01
  1.147465E+03,  1.466573E-10,  1.026601E-14,  3.852500E+03,  1.794300E-01
  1.148615E+03,  1.588787E-10,  1.112151E-14,  3.855000E+03,  1.820800E-01
  1.149767E+03,  1.692749E-10,  1.184924E-14,  3.857500E+03,  1.848700E-01
  1.150919E+03,  1.687987E-10,  1.181591E-14,  3.860000E+03,  1.877100E-01
  1.152073E+03,  1.580058E-10,  1.106040E-14,  3.862500E+03,  1.906000E-01
  1.153228E+03,  1.500698E-10,  1.050488E-14,  3.865000E+03,  1.935500E-01
  1.154384E+03,  1.576883E-10,  1.103818E-14,  3.867500E+03,  1.966000E-01
  1.155542E+03,  1.484032E-10,  1.038822E-14,  3.870000E+03,  1.997300E-01
  1.156700E+03,  1.108659E-10,  7.760615E-15,  3.872500E+03,  2.029100E-01
  1.157860E+03,  7.714585E-11,  5.400210E-15,  3.875000E+03,  2.061600E-01
  1.159020E+03,  8.888320E-11,  6.221824E-15,  3.877500E+03,  2.095300E-01
  1.160182E+03,  1.240397E-10,  8.682778E-15,  3.880000E+03,  2.129500E-01
  1.161345E+03,  1.360230E-10,  9.521613E-15,  3.882500E+03,  2.164500E-01
  1.162510E+03,  1.302298E-10,  9.116083E-15,  3.885000E+03,  2.200300E-01
  1.163675E+03,  1.120563E-10,  7.843942E-15,  3.887500E+03,  2.236800E-01
  1.164842E+03,  1.007078E-10,  7.049549E-15,  3.890000E+03,  2.273700E-01
  1.166009E+03,  9.332736E-11,  6.532915E-15,  3.892500E+03,  2.310800E-01
  1.167178E+03,  7.847911E-11,  5.493537E-15,  3.895000E+03,  2.348200E-01
  1.168348E+03,  6.737664E-11,  4.716365E-15,  3.897500E+03,  2.386300E-01
  1.169520E+03,  5.942477E-11,  4.159734E-15,  3.900000E+03,  2.424700E-01
  1.170692E+03,  5.177446E-11,  3.624213E-15,  3.902500E+03,  2.463300E-01
  1.171866E+03,  5.170304E-11,  3.619213E-15,  3.905000E+03,  2.502400E-01
  1.173040E+03,  5.190938E-11,  3.633656E-15,  3.907500E+03,  2.541900E-01
  1.174216E+03,  4.727475E-11,  3.309233E-15,  3.910000E+03,  2.582000E-01
  1.175394E+03,  4.179098E-11,  2.925368E-15,  3.912500E+03,  2.622500E-01
  1.176572E+03,  3.790233E-11,  2.653163E-15,  3.915000E+03,  2.663300E-01
  1.177751E+03,  3.535488E-11,  2.474842E-15,  3.917500E+03,  2.704500E-01
  1.178932E+03,  3.088691E-11,  2.162084E-15,  3.920000E+03,  2.745500E-01
  1.180114E+03,  2.472064E-11,  1.730445E-15,  3.922500E+03,  2.786200E-01
  1.181297E+03,  2.111770E-11,  1.478239E-15,  3.925000E+03,  2.826700E-01
  1.182481E+03,  1.925274E-11,  1.347692E-15,  3.927500E+03,  2.867200E-01
  1.183667E+03,  1.682432E-11,  1.177702E-15,  3.930000E+03,  2.908000E-01
  1.184853E+03,  1.502285E-11,  1.051599E-15,  3.932500E+03,  2.949200E-01
  1.186041E+03,  1.385626E-11,  9.699379E-16,  3.935000E+03,  2.990500E-01
  1.187230E+03,  1.240397E-11,  8.682778E-16,  3.937500E+03,  3.031700E-01
  1.188420E+03,  9.991424E-12,  6.993997E-16,  3.940000E+03,  3.072400E-01
  1.189612E+03,  7.874099E-12,  5.511869E-16,  3.942500E+03,  3.112400E-01
  1.190804E+03,  7.693952E-12,  5.385767E-16,  3.945000E+03,  3.152000E-01
  1.191998E+03,  7.441587E-12,  5.209111E-16,  3.947500E+03,  3.191100E-01
  1.193193E+03,  5.635354E-12,  3.944748E-16,  3.950000E+03,  3.230200E-01
  1.194389E+03,  5.403622E-12,  3.782536E-16,  3.952500E+03,  3.269600E-01
  1.195587E+03,  6.967808E-12,  4.877466E-16,  3.955000E+03,  3.308900E-01
  1.196785E+03,  7.319372E-12,  5.123561E-16,  3.957500E+03,  3.347800E-01
  1.197985E+03,  7.107482E-12,  4.975237E-16,  3.960000E+03,  3.386400E-01
  1.199186E+03,  6.857498E-12,  4.800248E-16,  3.962500E+03,  3.424500E-01
  1.200388E+03,  6.590054E-12,  4.613038E-16,  3.965000E+03,  3.462100E-01
  1.201592E+03,  6.767821E-12,  4.737475E-16,  3.967500E+03,  3.499300E-01
  1.202796E+03,  6.735283E-12,  4.714698E-16,  3.970000E+03,  3.536000E-01
  1.204002E+03,  6.300390E-12,  4.410273E-16,  3.972500E+03,  3.572300E-01
  1.205209E+03,  5.734554E-12,  4.014188E-16,  3.975000E+03,  3.608100E-01
  1.206417E+03,  5.138560E-12,  3.596992E-16,  3.977500E+03,  3.643700E-01
  1.207627E+03,  4.537011E-12,  3.175908E-16,  3.980000E+03,  3.679500E-01
  1.208837E+03,  3.864038E-12,  2.704827E-16,  3.982500E+03,  3.715600E-01
  1.210049E+03,  3.112499E-12,  2.178749E-16,  3.985000E+03,  3.751900E-01
  1.211262E+03,  2.303821E-12,  1.612675E-16,  3.987500E+03,  3.787900E-01
  1.212477E+03,  1.481651E-12,  1.037156E-16,  3.990000E+03,  3.823300E-01
  1.213692E+03,  7.581261E-13,  5.306883E-17,  3.992500E+03,  3.858300E-01
  1.214909E+03,  3.013299E-13,  2.109309E-17,  3.995000E+03,  3.892800E-01
  1.216127E+03,  2.845056E-13,  1.991539E-17,  3.997500E+03,  3.926800E-01
  1.217346E+03,  7.356672E-13,  5.149670E-17,  4.000000E+03,  3.959900E-01
  1.218566E+03,  1.507840E-12,  1.055488E-16,  4.002500E+03,  3.992400E-01
  1.219788E+03,  2.430003E-12,  1.701002E-16,  4.005000E+03,  4.024400E-01
  1.221011E+03,  3.396608E-12,  2.377626E-16,  4.007500E+03,  4.056000E-01
  1.222235E+03,  4.341786E-12,  3.039250E-16,  4.010000E+03,  4.087700E-01
  1.223460E+03,  5.213952E-12,  3.649766E-16,  4.012500E+03,  4.119700E-01
  1.224687E+03,  6.041677E-12,  4.229174E-16,  4.015000E+03,  4.151900E-01
  1.225914E+03,  6.862259E-12,  4.803581E-16,  4.017500E+03,  4.184200E-01
  1.227143E+03,  7.621734E-12,  5.335214E-16,  4.020000E+03,  4.216800E-01
  1.228374E+03,  8.372480E-12,  5.860736E-16,  4.022500E+03,  4.249900E-01
  1.229605E+03,  9.174016E-12,  6.421811E-16,  4.025000E+03,  4.283300E-01
  1.230838E+03,  9.991424E-12,  6.993997E-16,  4.027500E+03,  4.316500E-01
  1.232072E+03,  1.083264E-11,  7.582848E-16,  4.030000E+03,  4.348800E-01
  1.233307E+03,  1.157069E-11,  8.099482E-16,  4.032500E+03,  4.380200E-01
  1.234543E+03,  1.245158E-11,  8.716109E-16,  4.035000E+03,  4.410700E-01
  1.235781E+03,  1.338010E-11,  9.366067E-16,  4.037500E+03,  4.440700E-01
  1.237020E+03,  1.433242E-11,  1.003269E-15,  4.040000E+03,  4.470500E-01
  1.238260E+03,  1.526093E-11,  1.068265E-15,  4.042500E+03,  4.500300E-01
  1.239501E+03,  1.631642E-11,  1.142149E-15,  4.045000E+03,  4.530000E-01
  1.240744E+03,  1.791155E-11,  1.253809E-15,  4.047500E+03,  4.559500E-01
  1.241988E+03,  1.936384E-11,  1.355469E-15,  4.050000E+03,  4.589300E-01
  1.243233E+03,  2.139546E-11,  1.497682E-15,  4.052500E+03,  4.619500E-01
  1.244479E+03,  2.541901E-11,  1.779331E-15,  4.055000E+03,  4.649800E-01
  1.245727E+03,  3.014886E-11,  2.110420E-15,  4.057500E+03,  4.679800E-01
  1.246975E+03,  3.671194E-11,  2.569836E-15,  4.060000E+03,  4.709200E-01
  1.248226E+03,  4.814771E-11,  3.370340E-15,  4.062500E+03,  4.738000E-01
  1.249477E+03,  6.404352E-11,  4.483047E-15,  4.065000E+03,  4.766300E-01
  1.250730E+03,  8.856576E-11,  6.199603E-15,  4.067500E+03,  4.794100E-01
  1.251983E+03,  1.302298E-10,  9.116083E-15,  4.070000E+03,  4.821900E-01
  1.253239E+03,  1.771315E-10,  1.239921E-14,  4.072500E+03,  4.849700E-01
  1.254495E+03,  2.323661E-10,  1.626563E-14,  4.075000E+03,  4.877500E-01
  1.255753E+03,  2.901402E-10,  2.030981E-14,  4.077500E+03,  4.905200E-01
  1.257011E+03,  3.318042E-10,  2.322629E-14,  4.080000E+03,  4.933000E-01
  1.258272E+03,  3.278361E-10,  2.294853E-14,  4.082500E+03,  4.960700E-01
  1.259533E+03,  2.247475E-10,  1.573233E-14,  4.085000E+03,  4.988400E-01
  1.260796E+03,  1.657830E-10,  1.160481E-14,  4.087500E+03,  5.016000E-01
  1.262060E+03,  3.000601E-10,  2.100421E-14,  4.090000E+03,  5.043400E-01
  1.263325E+03,  3.528346E-10,  2.469842E-14,  4.092500E+03,  5.070300E-01
  1.264591E+03,  2.706970E-10,  1.894879E-14,  4.095000E+03,  5.097100E-01
  1.265859E+03,  4.306867E-10,  3.014807E-14,  4.097500E+03,  5.123900E-01
  1.267128E+03,  7.616179E-10,  5.331326E-14,  4.100000E+03,  5.150900E-01
  1.268398E+03,  1.055488E-09,  7.388416E-14,  4.102500E+03,  5.178500E-01
  1.269670E+03,  1.209446E-09,  8.466125E-14,  4.105000E+03,  5.206500E-01
  1.270943E+03,  1.229286E-09,  8.605004E-14,  4.107500E+03,  5.234600E-01
  1.272217E+03,  1.307853E-09,  9.154970E-14,  4.110000E+03,  5.262600E-01
  1.273492E+03,  1.396736E-09,  9.777152E-14,  4.112500E+03,  5.290600E-01
  1.274769E+03,  1.270554E-09,  8.893875E-14,  4.115000E+03,  5.318400E-01
  1.276047E+03,  1.118976E-09,  7.832832E-14,  4.117500E+03,  5.346000E-01
  1.277326E+03,  1.158656E-09,  8.110592E-14,  4.120000E+03,  5.373000E-01
  1.278607E+03,  1.388006E-09,  9.716045E-14,  4.122500E+03,  5.399500E-01
  1.279889E+03,  1.364992E-09,  9.554944E-14,  4.125000E+03,  5.425600E-01
  1.281172E+03,  1.853850E-09,  1.297695E-13,  4.127500E+03,  5.451200E-01
  1.282456E+03,  2.496666E-09,  1.747666E-13,  4.130000E+03,  5.476500E-01
  1.283742E+03,  2.761728E-09,  1.933210E-13,  4.132500E+03,  5.501700E-01
  1.285029E+03,  2.871245E-09,  2.009871E-13,  4.135000E+03,  5.526700E-01
  1.286317E+03,  2.640307E-09,  1.848215E-13,  4.137500E+03,  5.551700E-01
  1.287606E+03,  2.210970E-09,  1.547679E-13,  4.140000E+03,  5.577000E-01
  1.288897E+03,  2.119706E-09,  1.483794E-13,  4.142500E+03,  5.602700E-01
  1.290189E+03,  2.437939E-09,  1.706557E-13,  4.145000E+03,  5.628600E-01
  1.291483E+03,  2.747443E-09,  1.923210E-13,  4.147500E+03,  5.654700E-01
  1.292777E+03,  2.876006E-09,  2.013204E-13,  4.150000E+03,  5.680700E-01
  1.294073E+03,  2.832358E-09,  1.982651E-13,  4.152500E+03,  5.706400E-01
  1.295371E+03,  2.707763E-09,  1.895434E-13,  4.155000E+03,  5.732100E-01
  1.296669E+03,  2.874419E-09,  2.012093E-13,  4.157500E+03,  5.757500E-01
  1.297969E+03,  3.004569E-09,  2.103199E-13,  4.160000E+03,  5.782800E-01
  1.299271E+03,  2.929971E-09,  2.050980E-13,  4.162500E+03,  5.808200E-01
  1.300573E+03,  2.749824E-09,  1.924877E-13,  4.165000E+03,  5.833300E-01
  1.301877E+03,  2.026061E-09,  1.418243E-13,  4.167500E+03,  5.858300E-01
  1.303182E+03,  1.569741E-09,  1.098819E-13,  4.170000E+03,  5.883500E-01
  1.304488E+03,  1.108659E-09,  7.760615E-14,  4.172500E+03,  5.908800E-01
  1.305796E+03,  1.368960E-09,  9.582720E-14,  4.175000E+03,  5.934200E-01
  1.307105E+03,  2.353024E-09,  1.647117E-13,  4.177500E+03,  5.959500E-01
  1.308416E+03,  2.202240E-09,  1.541568E-13,  4.180000E+03,  5.984300E-01
  1.309727E+03,  1.757030E-09,  1.229921E-13,  4.182500E+03,  6.008800E-01
  1.311040E+03,  2.351437E-09,  1.646006E-13,  4.185000E+03,  6.032900E-01
  1.312355E+03,  3.290266E-09,  2.303186E-13,  4.187500E+03,  6.056900E-01
  1.313670E+03,  4.018790E-09,  2.813153E-13,  4.190000E+03,  6.080700E-01
  1.314987E+03,  4.018790E-09,  2.813153E-13,  4.192500E+03,  6.104700E-01
  1.316306E+03,  3.585485E-09,  2.509839E-13,  4.195000E+03,  6.128500E-01
  1.317625E+03,  3.811661E-09,  2.668163E-13,  4.197500E+03,  6.152300E-01
  1.318946E+03,  4.090214E-09,  2.863150E-13,  4.200000E+03,  6.176200E-01
  1.320268E+03,  4.382259E-09,  3.067581E-13,  4.202500E+03,  6.200200E-01
  1.321592E+03,  4.631449E-09,  3.242015E-13,  4.205000E+03,  6.224300E-01
  1.322917E+03,  4.320358E-09,  3.024251E-13,  4.207500E+03,  6.248300E-01
  1.324243E+03,  4.373529E-09,  3.061471E-13,  4.210000E+03,  6.272000E-01
  1.325571E+03,  4.681446E-09,  3.277012E-13,  4.212500E+03,  6.295100E-01
  1.326899E+03,  4.344166E-09,  3.040917E-13,  4.215000E+03,  6.318000E-01
  1.328230E+03,  3.921971E-09,  2.745380E-13,  4.217500E+03,  6.341100E-01
  1.329561E+03,  3.998950E-09,  2.799265E-13,  4.220000E+03,  6.364500E-01
  1.330894E+03,  4.606054E-09,  3.224238E-13,  4.222500E+03,  6.388600E-01
  1.332228E+03,  4.760806E-09,  3.332565E-13,  4.225000E+03,  6.413300E-01
  1.333564E+03,  3.795789E-09,  2.657052E-13,  4.227500E+03,  6.437900E-01
  1.334901E+03,  2.533171E-09,  1.773220E-13,  4.230000E+03,  6.462000E-01
  1.336239E+03,  3.065677E-09,  2.145974E-13,  4.232500E+03,  6.485300E-01
  1.337579E+03,  4.601293E-09,  3.220905E-13,  4.235000E+03,  6.508100E-01
  1.338919E+03,  5.279821E-09,  3.695875E-13,  4.237500E+03,  6.530500E-01
  1.340262E+03,  5.281408E-09,  3.696986E-13,  4.240000E+03,  6.552400E-01
  1.341605E+03,  5.365529E-09,  3.755871E-13,  4.242500E+03,  6.573800E-01
  1.342950E+03,  5.485363E-09,  3.839754E-13,  4.245000E+03,  6.594900E-01
  1.344297E+03,  5.313946E-09,  3.719762E-13,  4.247500E+03,  6.615800E-01
  1.345644E+03,  5.113958E-09,  3.579771E-13,  4.250000E+03,  6.637200E-01
  1.346993E+03,  5.136973E-09,  3.595881E-13,  4.252500E+03,  6.659200E-01
  1.348344E+03,  5.152845E-09,  3.606992E-13,  4.255000E+03,  6.681500E-01
  1.349695E+03,  5.079833E-09,  3.555883E-13,  4.257500E+03,  6.704200E-01
  1.351048E+03,  5.180621E-09,  3.626435E-13,  4.260000E+03,  6.727000E-01
  1.352403E+03,  5.203635E-09,  3.642545E-13,  4.262500E+03,  6.750100E-01
  1.353759E+03,  5.229030E-09,  3.660321E-13,  4.265000E+03,  6.773200E-01
  1.355116E+03,  5.185382E-09,  3.629768E-13,  4.267500E+03,  6.796200E-01
  1.356474E+03,  5.083008E-09,  3.558106E-13,  4.270000E+03,  6.818900E-01
  1.357834E+03,  5.008410E-09,  3.505887E-13,  4.272500E+03,  6.841100E-01
  1.359195E+03,  4.723507E-09,  3.306455E-13,  4.275000E+03,  6.862900E-01
  1.360558E+03,  4.768742E-09,  3.338120E-13,  4.277500E+03,  6.884300E-01
  1.361922E+03,  4.910797E-09,  3.437558E-13,  4.280000E+03,  6.905400E-01
  1.363287E+03,  4.779853E-09,  3.345897E-13,  4.282500E+03,  6.926000E-01
  1.364654E+03,  4.702080E-09,  3.291456E-13,  4.285000E+03,  6.946300E-01
  1.366022E+03,  4.781440E-09,  3.347008E-13,  4.287500E+03,  6.966500E-01
  1.367392E+03,  4.409241E-09,  3.086469E-13,  4.290000E+03,  6.986800E-01
  1.368762E+03,  4.286234E-09,  3.000364E-13,  4.292500E+03,  7.007300E-01
  1.370135E+03,  4.763981E-09,  3.334787E-13,  4.295000E+03,  7.027900E-01
  1.371508E+03,  5.252838E-09,  3.676987E-13,  4.297500E+03,  7.048300E-01
  1.372883E+03,  5.333785E-09,  3.733650E-13,  4.300000E+03,  7.068500E-01
  1.374259E+03,  5.121101E-09,  3.584771E-13,  4.302500E+03,  7.088200E-01
  1.375637E+03,  5.231411E-09,  3.661988E-13,  4.305000E+03,  7.107600E-01
  1.377016E+03,  5.526630E-09,  3.868641E-13,  4.307500E+03,  7.126800E-01
  1.378397E+03,  5.264742E-09,  3.685320E-13,  4.310000E+03,  7.145800E-01
  1.379778E+03,  4.837786E-09,  3.386450E-13,  4.312500E+03,  7.164700E-01
  1.381162E+03,  4.675098E-09,  3.272568E-13,  4.315000E+03,  7.183500E-01
  1.382546E+03,  4.906829E-09,  3.434780E-13,  4.317500E+03,  7.202300E-01
  1.383932E+03,  4.967936E-09,  3.477555E-13,  4.320000E+03,  7.221300E-01
  1.385320E+03,  4.990950E-09,  3.493665E-13,  4.322500E+03,  7.240700E-01
  1.386708E+03,  5.502822E-09,  3.851976E-13,  4.325000E+03,  7.260200E-01
  1.388099E+03,  5.830579E-09,  4.081405E-13,  4.327500E+03,  7.279800E-01
  1.389490E+03,  6.080563E-09,  4.256394E-13,  4.330000E+03,  7.299200E-01
  1.390883E+03,  5.901210E-09,  4.130847E-13,  4.332500E+03,  7.318400E-01
  1.392278E+03,  5.484570E-09,  3.839199E-13,  4.335000E+03,  7.337500E-01
  1.393673E+03,  5.663923E-09,  3.964746E-13,  4.337500E+03,  7.356400E-01
  1.395070E+03,  6.029773E-09,  4.220841E-13,  4.340000E+03,  7.375400E-01
  1.396469E+03,  5.854387E-09,  4.098071E-13,  4.342500E+03,  7.394500E-01
  1.397869E+03,  5.490918E-09,  3.843643E-13,  4.345000E+03,  7.413600E-01
  1.399270E+03,  5.425050E-09,  3.797535E-13,  4.347500E+03,  7.432400E-01
  1.400673E+03,  5.482983E-09,  3.838088E-13,  4.350000E+03,  7.451000E-01
  1.402077E+03,  5.571866E-09,  3.900306E-13,  4.352500E+03,  7.469500E-01
  1.403483E+03,  5.960730E-09,  4.172511E-13,  4.355000E+03,  7.487700E-01
  1.404890E+03,  6.155955E-09,  4.309169E-13,  4.357500E+03,  7.505300E-01
  1.406298E+03,  6.042470E-09,  4.229729E-13,  4.360000E+03,  7.522100E-01
  1.407708E+03,  5.838515E-09,  4.086961E-13,  4.362500E+03,  7.537900E-01
  1.409119E+03,  5.513933E-09,  3.859753E-13,  4.365000E+03,  7.553000E-01
  1.410532E+03,  5.219507E-09,  3.653655E-13,  4.367500E+03,  7.567700E-01
  1.411946E+03,  5.377434E-09,  3.764204E-13,  4.370000E+03,  7.582800E-01
  1.413361E+03,  5.375846E-09,  3.763093E-13,  4.372500E+03,  7.598400E-01
  1.414778E+03,  5.023488E-09,  3.516442E-13,  4.375000E+03,  7.614500E-01
  1.416197E+03,  5.148083E-09,  3.603658E-13,  4.377500E+03,  7.630400E-01
  1.417616E+03,  5.370291E-09,  3.759204E-13,  4.380000E+03,  7.646300E-01
  1.419038E+03,  5.506790E-09,  3.854753E-13,  4.382500E+03,  7.662200E-01
  1.420460E+03,  5.641702E-09,  3.949192E-13,  4.385000E+03,  7.677900E-01
  1.421884E+03,  5.835341E-09,  4.084739E-13,  4.387500E+03,  7.693600E-01
  1.423310E+03,  5.656781E-09,  3.959747E-13,  4.390000E+03,  7.709400E-01
  1.424736E+03,  5.509965E-09,  3.856976E-13,  4.392500E+03,  7.725300E-01
  1.426165E+03,  5.993267E-09,  4.195287E-13,  4.395000E+03,  7.741200E-01
  1.427595E+03,  6.099610E-09,  4.269727E-13,  4.397500E+03,  7.757200E-01
  1.429026E+03,  5.886131E-09,  4.120292E-13,  4.400000E+03,  7.773000E-01
  1.430458E+03,  5.260775E-09,  3.682542E-13,  4.402500E+03,  7.788500E-01
  1.431892E+03,  4.480666E-09,  3.136466E-13,  4.405000E+03,  7.803900E-01
  1.433328E+03,  4.498919E-09,  3.149243E-13,  4.407500E+03,  7.819300E-01
  1.434765E+03,  5.067930E-09,  3.547551E-13,  4.410000E+03,  7.834600E-01
  1.436203E+03,  5.734554E-09,  4.014188E-13,  4.412500E+03,  7.849900E-01
  1.437643E+03,  6.063897E-09,  4.244728E-13,  4.415000E+03,  7.865300E-01
  1.439084E+03,  6.072627E-09,  4.250839E-13,  4.417500E+03,  7.880800E-01
  1.440527E+03,  6.088499E-09,  4.261949E-13,  4.420000E+03,  7.896100E-01
  1.441971E+03,  5.939302E-09,  4.157512E-13,  4.422500E+03,  7.911700E-01
  1.443416E+03,  6.014694E-09,  4.210286E-13,  4.425000E+03,  7.927200E-01
  1.444864E+03,  6.283725E-09,  4.398607E-13,  4.427500E+03,  7.942700E-01
  1.446312E+03,  6.404352E-09,  4.483046E-13,  4.430000E+03,  7.957700E-01
  1.447762E+03,  6.324198E-09,  4.426939E-13,  4.432500E+03,  7.972300E-01
  1.449213E+03,  6.461491E-09,  4.523044E-13,  4.435000E+03,  7.986600E-01
  1.450666E+03,  6.553549E-09,  4.587484E-13,  4.437500E+03,  8.000700E-01
  1.452120E+03,  6.555136E-09,  4.588595E-13,  4.440000E+03,  8.015100E-01
  1.453576E+03,  6.504345E-09,  4.553042E-13,  4.442500E+03,  8.029500E-01
  1.455033E+03,  6.377370E-09,  4.464159E-13,  4.445000E+03,  8.044200E-01
  1.456492E+03,  6.455936E-09,  4.519155E-13,  4.447500E+03,  8.058600E-01
  1.457952E+03,  6.580531E-09,  4.606372E-13,  4.450000E+03,  8.072800E-01
  1.459414E+03,  6.613862E-09,  4.629704E-13,  4.452500E+03,  8.086400E-01
  1.460877E+03,  6.398797E-09,  4.479158E-13,  4.455000E+03,  8.099600E-01
  1.462341E+03,  6.022630E-09,  4.215841E-13,  4.457500E+03,  8.112400E-01
  1.463807E+03,  6.061517E-09,  4.243062E-13,  4.460000E+03,  8.124800E-01
  1.465275E+03,  6.148019E-09,  4.303613E-13,  4.462500E+03,  8.136900E-01
  1.466744E+03,  5.507584E-09,  3.855309E-13,  4.465000E+03,  8.148500E-01
  1.468214E+03,  5.253632E-09,  3.677542E-13,  4.467500E+03,  8.160100E-01
  1.469686E+03,  5.583769E-09,  3.908639E-13,  4.470000E+03,  8.172300E-01
  1.471159E+03,  5.800422E-09,  4.060296E-13,  4.472500E+03,  8.185400E-01
  1.472634E+03,  5.714714E-09,  4.000300E-13,  4.475000E+03,  8.198800E-01
  1.474111E+03,  5.413939E-09,  3.789757E-13,  4.477500E+03,  8.212500E-01
  1.475588E+03,  5.555993E-09,  3.889195E-13,  4.480000E+03,  8.226300E-01
  1.477068E+03,  5.823437E-09,  4.076406E-13,  4.482500E+03,  8.240300E-01
  1.478548E+03,  6.091673E-09,  4.264171E-13,  4.485000E+03,  8.254300E-01
  1.480031E+03,  6.094054E-09,  4.265838E-13,  4.487500E+03,  8.267900E-01
  1.481514E+03,  5.617101E-09,  3.931971E-13,  4.490000E+03,  8.280900E-01
  1.483000E+03,  5.505997E-09,  3.854198E-13,  4.492500E+03,  8.292800E-01
  1.484486E+03,  5.725030E-09,  4.007521E-13,  4.495000E+03,  8.303800E-01
  1.485975E+03,  6.151987E-09,  4.306391E-13,  4.497500E+03,  8.314500E-01
  1.487464E+03,  6.621005E-09,  4.634703E-13,  4.500000E+03,  8.324900E-01
  1.488955E+03,  6.844800E-09,  4.791360E-13,  4.502500E+03,  8.335200E-01
  1.490448E+03,  6.702745E-09,  4.691922E-13,  4.505000E+03,  8.345200E-01
  1.491942E+03,  5.978982E-09,  4.185288E-13,  4.507500E+03,  8.355600E-01
  1.493438E+03,  5.630592E-09,  3.941415E-13,  4.510000E+03,  8.366600E-01
  1.494935E+03,  6.232141E-09,  4.362499E-13,  4.512500E+03,  8.379100E-01
  1.496434E+03,  6.924954E-09,  4.847468E-13,  4.515000E+03,  8.392200E-01
  1.497934E+03,  7.176525E-09,  5.023567E-13,  4.517500E+03,  8.405200E-01
  1.499436E+03,  7.043200E-09,  4.930240E-13,  4.520000E+03,  8.417900E-01
  1.500939E+03,  6.878924E-09,  4.815247E-13,  4.522500E+03,  8.430000E-01
  1.502444E+03,  7.025741E-09,  4.918019E-13,  4.525000E+03,  8.441500E-01
  1.503950E+03,  7.208269E-09,  5.045788E-13,  4.527500E+03,  8.452600E-01
  1.505457E+03,  7.020979E-09,  4.914685E-13,  4.530000E+03,  8.463300E-01
  1.506967E+03,  6.590848E-09,  4.613594E-13,  4.532500E+03,  8.473500E-01
  1.508477E+03,  6.115482E-09,  4.280837E-13,  4.535000E+03,  8.483400E-01
  1.509990E+03,  5.943270E-09,  4.160289E-13,  4.537500E+03,  8.493200E-01
  1.511503E+03,  5.942477E-09,  4.159734E-13,  4.540000E+03,  8.503200E-01
  1.513019E+03,  6.097229E-09,  4.268060E-13,  4.542500E+03,  8.513800E-01
  1.514536E+03,  6.157543E-09,  4.310280E-13,  4.545000E+03,  8.524600E-01
  1.516054E+03,  6.443238E-09,  4.510267E-13,  4.547500E+03,  8.535600E-01
  1.517574E+03,  7.005901E-09,  4.904131E-13,  4.550000E+03,  8.546600E-01
  1.519095E+03,  7.040819E-09,  4.928573E-13,  4.552500E+03,  8.557500E-01
  1.520618E+03,  6.907494E-09,  4.835246E-13,  4.555000E+03,  8.568200E-01
  1.522142E+03,  6.908288E-09,  4.835802E-13,  4.557500E+03,  8.578700E-01
  1.523668E+03,  6.764646E-09,  4.735252E-13,  4.560000E+03,  8.588700E-01
  1.525196E+03,  5.915494E-09,  4.140846E-13,  4.562500E+03,  8.598000E-01
  1.526725E+03,  5.152051E-09,  3.606436E-13,  4.565000E+03,  8.606900E-01
  1.528255E+03,  6.032153E-09,  4.222507E-13,  4.567500E+03,  8.615500E-01
  1.529787E+03,  6.729728E-09,  4.710810E-13,  4.570000E+03,  8.624300E-01
  1.531321E+03,  6.204365E-09,  4.343055E-13,  4.572500E+03,  8.633400E-01
  1.532856E+03,  5.060787E-09,  3.542551E-13,  4.575000E+03,  8.642600E-01
  1.534393E+03,  5.285376E-09,  3.699763E-13,  4.577500E+03,  8.652000E-01
  1.535931E+03,  6.008345E-09,  4.205842E-13,  4.580000E+03,  8.661700E-01
  1.537471E+03,  6.284518E-09,  4.399163E-13,  4.582500E+03,  8.671900E-01
  1.539012E+03,  6.497203E-09,  4.548042E-13,  4.585000E+03,  8.682200E-01
  1.540555E+03,  6.426573E-09,  4.498601E-13,  4.587500E+03,  8.692600E-01
  1.542099E+03,  6.301184E-09,  4.410829E-13,  4.590000E+03,  8.702500E-01
  1.543645E+03,  6.372608E-09,  4.460826E-13,  4.592500E+03,  8.711800E-01
  1.545193E+03,  6.201190E-09,  4.340833E-13,  4.595000E+03,  8.720700E-01
  1.546742E+03,  6.182938E-09,  4.328057E-13,  4.597500E+03,  8.729500E-01
  1.548293E+03,  6.326579E-09,  4.428606E-13,  4.600000E+03,  8.738300E-01
  1.549845E+03,  6.399590E-09,  4.479713E-13,  4.602500E+03,  8.747100E-01
  1.551399E+03,  5.992474E-09,  4.194732E-13,  4.605000E+03,  8.756100E-01
  1.552954E+03,  5.461555E-09,  3.823089E-13,  4.607500E+03,  8.764900E-01
  1.554511E+03,  5.148877E-09,  3.604214E-13,  4.610000E+03,  8.773600E-01
  1.556069E+03,  5.246489E-09,  3.672543E-13,  4.612500E+03,  8.782100E-01
  1.557629E+03,  5.320294E-09,  3.724206E-13,  4.615000E+03,  8.790500E-01
  1.559191E+03,  4.152909E-09,  2.907036E-13,  4.617500E+03,  8.798600E-01
  1.560754E+03,  2.889498E-09,  2.022648E-13,  4.620000E+03,  8.806400E-01
  1.562318E+03,  3.337882E-09,  2.336517E-13,  4.622500E+03,  8.813900E-01
  1.563884E+03,  4.695731E-09,  3.287012E-13,  4.625000E+03,  8.821100E-01
  1.565452E+03,  5.651226E-09,  3.955858E-13,  4.627500E+03,  8.828200E-01
  1.567022E+03,  5.701222E-09,  3.990856E-13,  4.630000E+03,  8.835500E-01
  1.568593E+03,  5.852006E-09,  4.096405E-13,  4.632500E+03,  8.843100E-01
  1.570165E+03,  6.045645E-09,  4.231952E-13,  4.635000E+03,  8.850900E-01
  1.571739E+03,  5.821850E-09,  4.075295E-13,  4.637500E+03,  8.859000E-01
  1.573315E+03,  5.035392E-09,  3.524774E-13,  4.640000E+03,  8.867500E-01
  1.574892E+03,  5.052851E-09,  3.536996E-13,  4.642500E+03,  8.876400E-01
  1.576471E+03,  5.809945E-09,  4.066962E-13,  4.645000E+03,  8.885800E-01
  1.578051E+03,  6.209127E-09,  4.346389E-13,  4.647500E+03,  8.895200E-01
  1.579633E+03,  6.353562E-09,  4.447493E-13,  4.650000E+03,  8.904300E-01
  1.581217E+03,  6.481331E-09,  4.536932E-13,  4.652500E+03,  8.913100E-01
  1.582802E+03,  6.763059E-09,  4.734141E-13,  4.655000E+03,  8.921600E-01
  1.584389E+03,  6.416256E-09,  4.491379E-13,  4.657500E+03,  8.929600E-01
  1.585977E+03,  6.105958E-09,  4.274171E-13,  4.660000E+03,  8.937000E-01
  1.587567E+03,  6.236903E-09,  4.365832E-13,  4.662500E+03,  8.943600E-01
  1.589159E+03,  6.435302E-09,  4.504712E-13,  4.665000E+03,  8.949600E-01
  1.590752E+03,  6.528947E-09,  4.570263E-13,  4.667500E+03,  8.955300E-01
  1.592347E+03,  6.627353E-09,  4.639147E-13,  4.670000E+03,  8.960900E-01
  1.593943E+03,  6.643226E-09,  4.650258E-13,  4.672500E+03,  8.966500E-01
  1.595541E+03,  6.760678E-09,  4.732475E-13,  4.675000E+03,  8.972200E-01
  1.597140E+03,  7.164621E-09,  5.015235E-13,  4.677500E+03,  8.978200E-01
  1.598742E+03,  7.120179E-09,  4.984125E-13,  4.680000E+03,  8.985100E-01
  1.600344E+03,  6.636877E-09,  4.645814E-13,  4.682500E+03,  8.992700E-01
  1.601949E+03,  6.527360E-09,  4.569152E-13,  4.685000E+03,  9.001200E-01
  1.603555E+03,  6.724173E-09,  4.706921E-13,  4.687500E+03,  9.009800E-01
  1.605162E+03,  6.595609E-09,  4.616927E-13,  4.690000E+03,  9.017800E-01
  1.606771E+03,  6.398797E-09,  4.479158E-13,  4.692500E+03,  9.024900E-01
  1.608382E+03,  6.323405E-09,  4.426384E-13,  4.695000E+03,  9.031300E-01
  1.609994E+03,  6.324992E-09,  4.427495E-13,  4.697500E+03,  9.037500E-01
  1.611609E+03,  6.176589E-09,  4.323612E-13,  4.700000E+03,  9.043200E-01
  1.613224E+03,  6.077389E-09,  4.254172E-13,  4.702500E+03,  9.048400E-01
  1.614841E+03,  6.351974E-09,  4.446382E-13,  4.705000E+03,  9.053400E-01
  1.616460E+03,  6.507520E-09,  4.555264E-13,  4.707500E+03,  9.058700E-01
  1.618081E+03,  6.349594E-09,  4.444716E-13,  4.710000E+03,  9.064600E-01
  1.619703E+03,  6.035328E-09,  4.224730E-13,  4.712500E+03,  9.072000E-01
  1.621327E+03,  5.727411E-09,  4.009188E-13,  4.715000E+03,  9.080100E-01
  1.622952E+03,  5.595674E-09,  3.916972E-13,  4.717500E+03,  9.088300E-01
  1.624579E+03,  5.719475E-09,  4.003633E-13,  4.720000E+03,  9.096200E-01
  1.626208E+03,  5.836928E-09,  4.085850E-13,  4.722500E+03,  9.103700E-01
  1.627838E+03,  5.875021E-09,  4.112515E-13,  4.725000E+03,  9.110500E-01
  1.629470E+03,  5.379814E-09,  3.765870E-13,  4.727500E+03,  9.117100E-01
  1.631103E+03,  5.220301E-09,  3.654211E-13,  4.730000E+03,  9.123000E-01
  1.632739E+03,  5.367117E-09,  3.756982E-13,  4.732500E+03,  9.128400E-01
  1.634375E+03,  5.744870E-09,  4.021409E-13,  4.735000E+03,  9.133400E-01
  1.636014E+03,  6.155162E-09,  4.308613E-13,  4.737500E+03,  9.138200E-01
  1.637654E+03,  6.309120E-09,  4.416384E-13,  4.740000E+03,  9.143100E-01
  1.639296E+03,  6.086118E-09,  4.260283E-13,  4.742500E+03,  9.148300E-01
  1.640939E+03,  6.080563E-09,  4.256394E-13,  4.745000E+03,  9.153600E-01
  1.642584E+03,  6.260710E-09,  4.382497E-13,  4.747500E+03,  9.159300E-01
  1.644231E+03,  6.503552E-09,  4.552487E-13,  4.750000E+03,  9.165100E-01
  1.645879E+03,  6.672589E-09,  4.670812E-13,  4.752500E+03,  9.171200E-01
  1.647529E+03,  6.574183E-09,  4.601928E-13,  4.755000E+03,  9.177700E-01
  1.649181E+03,  6.246426E-09,  4.372498E-13,  4.757500E+03,  9.184300E-01
  1.650834E+03,  6.284518E-09,  4.399163E-13,  4.760000E+03,  9.191200E-01
  1.652489E+03,  6.309120E-09,  4.416384E-13,  4.762500E+03,  9.198200E-01
  1.654146E+03,  5.527424E-09,  3.869197E-13,  4.765000E+03,  9.205200E-01
  1.655804E+03,  4.169575E-09,  2.918702E-13,  4.767500E+03,  9.212200E-01
  1.657464E+03,  3.470413E-09,  2.429289E-13,  4.770000E+03,  9.218800E-01
  1.659126E+03,  4.825088E-09,  3.377562E-13,  4.772500E+03,  9.224900E-01
  1.660789E+03,  5.962317E-09,  4.173622E-13,  4.775000E+03,  9.230700E-01
  1.662454E+03,  6.043264E-09,  4.230285E-13,  4.777500E+03,  9.236000E-01
  1.664120E+03,  6.189286E-09,  4.332501E-13,  4.780000E+03,  9.240800E-01
  1.665789E+03,  6.444032E-09,  4.510823E-13,  4.782500E+03,  9.245300E-01
  1.667459E+03,  6.193254E-09,  4.335278E-13,  4.785000E+03,  9.249400E-01
  1.669130E+03,  5.302835E-09,  3.711985E-13,  4.787500E+03,  9.253200E-01
  1.670804E+03,  4.561613E-09,  3.193129E-13,  4.790000E+03,  9.256900E-01
  1.672479E+03,  5.104435E-09,  3.573105E-13,  4.792500E+03,  9.260400E-01
  1.674155E+03,  5.441715E-09,  3.809201E-13,  4.795000E+03,  9.263800E-01
  1.675834E+03,  5.798042E-09,  4.058629E-13,  4.797500E+03,  9.267800E-01
  1.677514E+03,  6.144845E-09,  4.301391E-13,  4.800000E+03,  9.272900E-01
  1.679195E+03,  6.255155E-09,  4.378609E-13,  4.802500E+03,  9.279500E-01
  1.680879E+03,  6.586086E-09,  4.610261E-13,  4.805000E+03,  9.287200E-01
  1.682564E+03,  6.694810E-09,  4.686367E-13,  4.807500E+03,  9.295000E-01
  1.684251E+03,  6.541645E-09,  4.579151E-13,  4.810000E+03,  9.301700E-01
  1.685939E+03,  6.189286E-09,  4.332501E-13,  4.812500E+03,  9.306700E-01
  1.687629E+03,  6.085325E-09,  4.259727E-13,  4.815000E+03,  9.310600E-01
  1.689321E+03,  6.217062E-09,  4.351944E-13,  4.817500E+03,  9.313700E-01
  1.691015E+03,  6.144051E-09,  4.300836E-13,  4.820000E+03,  9.316700E-01
  1.692710E+03,  5.952000E-09,  4.166400E-13,  4.822500E+03,  9.319100E-01
  1.694407E+03,  5.742490E-09,  4.019743E-13,  4.825000E+03,  9.321400E-01
  1.696105E+03,  5.529805E-09,  3.870863E-13,  4.827500E+03,  9.323600E-01
  1.697806E+03,  5.640115E-09,  3.948081E-13,  4.830000E+03,  9.326300E-01
  1.699508E+03,  5.832960E-09,  4.083072E-13,  4.832500E+03,  9.329700E-01
  1.701212E+03,  5.730585E-09,  4.011410E-13,  4.835000E+03,  9.333600E-01
  1.702917E+03,  5.813120E-09,  4.069184E-13,  4.837500E+03,  9.337800E-01
  1.704624E+03,  5.987712E-09,  4.191399E-13,  4.840000E+03,  9.342400E-01
  1.706333E+03,  5.792487E-09,  4.054741E-13,  4.842500E+03,  9.347400E-01
  1.708044E+03,  5.526630E-09,  3.868641E-13,  4.845000E+03,  9.352700E-01
  1.709756E+03,  5.613133E-09,  3.929193E-13,  4.847500E+03,  9.358200E-01
  1.711470E+03,  5.733760E-09,  4.013632E-13,  4.850000E+03,  9.363600E-01
  1.713186E+03,  5.726617E-09,  4.008632E-13,  4.852500E+03,  9.368900E-01
  1.714903E+03,  5.694874E-09,  3.986412E-13,  4.855000E+03,  9.374100E-01
  1.716622E+03,  5.600435E-09,  3.920305E-13,  4.857500E+03,  9.379300E-01
  1.718343E+03,  5.451238E-09,  3.815867E-13,  4.860000E+03,  9.384500E-01
  1.720066E+03,  5.387750E-09,  3.771425E-13,  4.862500E+03,  9.389700E-01
  1.721790E+03,  5.690112E-09,  3.983079E-13,  4.865000E+03,  9.395000E-01
  1.723517E+03,  5.811533E-09,  4.068073E-13,  4.867500E+03,  9.400000E-01
  1.725244E+03,  5.395686E-09,  3.776980E-13,  4.870000E+03,  9.404800E-01
  1.726974E+03,  5.458381E-09,  3.820867E-13,  4.872500E+03,  9.409100E-01
  1.728705E+03,  5.951206E-09,  4.165844E-13,  4.875000E+03,  9.413000E-01
  1.730438E+03,  5.932954E-09,  4.153068E-13,  4.877500E+03,  9.416700E-01
  1.732173E+03,  5.888512E-09,  4.121959E-13,  4.880000E+03,  9.420500E-01
  1.733909E+03,  5.910733E-09,  4.137513E-13,  4.882500E+03,  9.424200E-01
  1.735648E+03,  5.949619E-09,  4.164733E-13,  4.885000E+03,  9.428100E-01
  1.737388E+03,  6.028979E-09,  4.220285E-13,  4.887500E+03,  9.431900E-01
  1.739129E+03,  6.113894E-09,  4.279726E-13,  4.890000E+03,  9.435800E-01
  1.740873E+03,  5.865497E-09,  4.105848E-13,  4.892500E+03,  9.440000E-01
  1.742618E+03,  5.689318E-09,  3.982523E-13,  4.895000E+03,  9.444100E-01
  1.744365E+03,  5.909146E-09,  4.136402E-13,  4.897500E+03,  9.448300E-01
  1.746114E+03,  6.008345E-09,  4.205842E-13,  4.900000E+03,  9.452300E-01
  1.747864E+03,  5.917081E-09,  4.141957E-13,  4.902500E+03,  9.456200E-01
  1.749617E+03,  5.990886E-09,  4.193621E-13,  4.905000E+03,  9.459900E-01
  1.751371E+03,  6.048026E-09,  4.233618E-13,  4.907500E+03,  9.463400E-01
  1.753126E+03,  6.240077E-09,  4.368054E-13,  4.910000E+03,  9.466500E-01
  1.754884E+03,  6.516249E-09,  4.561375E-13,  4.912500E+03,  9.469100E-01
  1.756643E+03,  6.463078E-09,  4.524155E-13,  4.915000E+03,  9.471300E-01
  1.758404E+03,  6.105165E-09,  4.273616E-13,  4.917500E+03,  9.473600E-01
  1.760167E+03,  5.722650E-09,  4.005855E-13,  4.920000E+03,  9.476200E-01
  1.761932E+03,  5.620275E-09,  3.934193E-13,  4.922500E+03,  9.479200E-01
  1.763698E+03,  5.376640E-09,  3.763648E-13,  4.925000E+03,  9.482600E-01
  1.765466E+03,  5.213952E-09,  3.649766E-13,  4.927500E+03,  9.486500E-01
  1.767236E+03,  5.529805E-09,  3.870863E-13,  4.930000E+03,  9.490500E-01
  1.769008E+03,  5.683763E-09,  3.978634E-13,  4.932500E+03,  9.494900E-01
  1.770781E+03,  5.701222E-09,  3.990856E-13,  4.935000E+03,  9.499600E-01
  1.772556E+03,  5.905971E-09,  4.134180E-13,  4.937500E+03,  9.504600E-01
  1.774333E+03,  6.120243E-09,  4.284170E-13,  4.940000E+03,  9.510000E-01
  1.776112E+03,  6.091673E-09,  4.264171E-13,  4.942500E+03,  9.515800E-01
  1.777892E+03,  6.182938E-09,  4.328057E-13,  4.945000E+03,  9.521900E-01
  1.779675E+03,  6.289280E-09,  4.402496E-13,  4.947500E+03,  9.528000E-01
  1.781459E+03,  6.182938E-09,  4.328057E-13,  4.950000E+03,  9.533400E-01
  1.783245E+03,  6.148813E-09,  4.304169E-13,  4.952500E+03,  9.537700E-01
  1.785033E+03,  5.933747E-09,  4.153623E-13,  4.955000E+03,  9.541400E-01
  1.786822E+03,  5.701222E-09,  3.990856E-13,  4.957500E+03,  9.544800E-01
  1.788613E+03,  5.994854E-09,  4.196398E-13,  4.960000E+03,  9.548000E-01
  1.790406E+03,  6.486093E-09,  4.540265E-13,  4.962500E+03,  9.551200E-01
  1.792201E+03,  6.609101E-09,  4.626371E-13,  4.965000E+03,  9.554300E-01
  1.793998E+03,  6.514662E-09,  4.560264E-13,  4.967500E+03,  9.557300E-01
  1.795796E+03,  6.408320E-09,  4.485824E-13,  4.970000E+03,  9.560300E-01
  1.797597E+03,  6.330547E-09,  4.431383E-13,  4.972500E+03,  9.563500E-01
  1.799399E+03,  6.497203E-09,  4.548042E-13,  4.975000E+03,  9.566700E-01
  1.801203E+03,  6.627353E-09,  4.639147E-13,  4.977500E+03,  9.569500E-01
  1.803008E+03,  6.433715E-09,  4.503601E-13,  4.980000E+03,  9.571700E-01
  1.804816E+03,  6.148813E-09,  4.304169E-13,  4.982500E+03,  9.573200E-01
  1.806625E+03,  5.910733E-09,  4.137513E-13,  4.985000E+03,  9.574000E-01
  1.808436E+03,  5.808358E-09,  4.065851E-13,  4.987500E+03,  9.574600E-01
  1.810249E+03,  6.106752E-09,  4.274727E-13,  4.990000E+03,  9.575500E-01
  1.812064E+03,  6.274995E-09,  4.392497E-13,  4.992500E+03,  9.576900E-01
  1.813881E+03,  6.171034E-09,  4.319724E-13,  4.995000E+03,  9.578600E-01
  1.815699E+03,  5.928986E-09,  4.150290E-13,  4.997500E+03,  9.580700E-01
  1.817519E+03,  5.836134E-09,  4.085294E-13,  5.000000E+03,  9.583100E-01
  1.819342E+03,  5.910733E-09,  4.137513E-13,  5.002500E+03,  9.585900E-01
  1.821165E+03,  5.931366E-09,  4.151957E-13,  5.005000E+03,  9.588900E-01
  1.822991E+03,  5.921843E-09,  4.145290E-13,  5.007500E+03,  9.592400E-01
  1.824819E+03,  5.863117E-09,  4.104182E-13,  5.010000E+03,  9.596800E-01
  1.826648E+03,  5.816294E-09,  4.071406E-13,  5.012500E+03,  9.602200E-01
  1.828479E+03,  5.736141E-09,  4.015299E-13,  5.015000E+03,  9.608300E-01
  1.830312E+03,  5.560755E-09,  3.892529E-13,  5.017500E+03,  9.614000E-01
  1.832147E+03,  5.522662E-09,  3.865864E-13,  5.020000E+03,  9.618700E-01
  1.833984E+03,  5.823437E-09,  4.076406E-13,  5.022500E+03,  9.622000E-01
  1.835823E+03,  5.913907E-09,  4.139735E-13,  5.025000E+03,  9.624000E-01
  1.837663E+03,  5.778995E-09,  4.045297E-13,  5.027500E+03,  9.625400E-01
  1.839505E+03,  5.404416E-09,  3.783091E-13,  5.030000E+03,  9.626800E-01
  1.841349E+03,  5.060787E-09,  3.542551E-13,  5.032500E+03,  9.628400E-01
  1.843195E+03,  5.166336E-09,  3.616435E-13,  5.035000E+03,  9.630200E-01
  1.845043E+03,  5.298867E-09,  3.709207E-13,  5.037500E+03,  9.632100E-01
  1.846893E+03,  5.229030E-09,  3.660321E-13,  5.040000E+03,  9.634400E-01
  1.848744E+03,  5.467904E-09,  3.827533E-13,  5.042500E+03,  9.637400E-01
  1.850598E+03,  5.555993E-09,  3.889195E-13,  5.045000E+03,  9.640800E-01
  1.852453E+03,  5.335373E-09,  3.734761E-13,  5.047500E+03,  9.644300E-01
  1.854310E+03,  5.457587E-09,  3.820311E-13,  5.050000E+03,  9.647600E-01
  1.856169E+03,  5.664717E-09,  3.965302E-13,  5.052500E+03,  9.650300E-01
  1.858030E+03,  5.517901E-09,  3.862531E-13,  5.055000E+03,  9.652800E-01
  1.859892E+03,  5.399655E-09,  3.779758E-13,  5.057500E+03,  9.655600E-01
  1.861757E+03,  5.502822E-09,  3.851976E-13,  5.060000E+03,  9.658800E-01
  1.863623E+03,  5.534566E-09,  3.874196E-13,  5.062500E+03,  9.662600E-01
  1.865492E+03,  5.590118E-09,  3.913083E-13,  5.065000E+03,  9.667100E-01
  1.867362E+03,  5.615513E-09,  3.930859E-13,  5.067500E+03,  9.671500E-01
  1.869234E+03,  5.562342E-09,  3.893640E-13,  5.070000E+03,  9.675100E-01
  1.871108E+03,  5.698841E-09,  3.989189E-13,  5.072500E+03,  9.677800E-01
  1.872983E+03,  5.815501E-09,  4.070850E-13,  5.075000E+03,  9.679800E-01
  1.874861E+03,  5.696461E-09,  3.987523E-13,  5.077500E+03,  9.681200E-01
  1.876741E+03,  5.595674E-09,  3.916972E-13,  5.080000E+03,  9.682100E-01
  1.878622E+03,  5.630592E-09,  3.941415E-13,  5.082500E+03,  9.682500E-01
  1.880505E+03,  5.567104E-09,  3.896973E-13,  5.085000E+03,  9.682500E-01
  1.882391E+03,  5.738522E-09,  4.016965E-13,  5.087500E+03,  9.682600E-01
  1.884278E+03,  5.847245E-09,  4.093072E-13,  5.090000E+03,  9.683800E-01
  1.886167E+03,  5.809152E-09,  4.066407E-13,  5.092500E+03,  9.686600E-01
  1.888058E+03,  5.682970E-09,  3.978079E-13,  5.095000E+03,  9.690500E-01
  1.889950E+03,  5.647257E-09,  3.953080E-13,  5.097500E+03,  9.694700E-01
  1.891845E+03,  5.729792E-09,  4.010854E-13,  5.100000E+03,  9.699000E-01
  1.893742E+03,  5.755981E-09,  4.029187E-13,  5.102500E+03,  9.703300E-01
  1.895640E+03,  5.706778E-09,  3.994744E-13,  5.105000E+03,  9.707500E-01
  1.897541E+03,  5.579008E-09,  3.905306E-13,  5.107500E+03,  9.711300E-01
  1.899443E+03,  5.407590E-09,  3.785313E-13,  5.110000E+03,  9.714600E-01
  1.901347E+03,  5.333785E-09,  3.733650E-13,  5.112500E+03,  9.717000E-01
  1.903253E+03,  5.414733E-09,  3.790313E-13,  5.115000E+03,  9.718900E-01
  1.905161E+03,  5.375053E-09,  3.762537E-13,  5.117500E+03,  9.720000E-01
  1.907071E+03,  5.374259E-09,  3.761982E-13,  5.120000E+03,  9.720500E-01
  1.908983E+03,  5.386163E-09,  3.770314E-13,  5.122500E+03,  9.720200E-01
  1.910897E+03,  5.426637E-09,  3.798646E-13,  5.125000E+03,  9.719200E-01
  1.912812E+03,  5.643289E-09,  3.950303E-13,  5.127500E+03,  9.718700E-01
  1.914730E+03,  5.674240E-09,  3.971968E-13,  5.130000E+03,  9.719600E-01
  1.916649E+03,  5.658368E-09,  3.960858E-13,  5.132500E+03,  9.723100E-01
  1.918571E+03,  5.705190E-09,  3.993633E-13,  5.135000E+03,  9.728000E-01
  1.920494E+03,  5.794074E-09,  4.055852E-13,  5.137500E+03,  9.733200E-01
  1.922420E+03,  5.791693E-09,  4.054185E-13,  5.140000E+03,  9.737600E-01
  1.924347E+03,  5.698841E-09,  3.989189E-13,  5.142500E+03,  9.741100E-01
  1.926276E+03,  5.456794E-09,  3.819756E-13,  5.145000E+03,  9.743400E-01
  1.928207E+03,  5.392512E-09,  3.774758E-13,  5.147500E+03,  9.745400E-01
  1.930140E+03,  5.248077E-09,  3.673654E-13,  5.150000E+03,  9.746800E-01
  1.932075E+03,  5.382195E-09,  3.767537E-13,  5.152500E+03,  9.747900E-01
  1.934012E+03,  5.620275E-09,  3.934193E-13,  5.155000E+03,  9.748600E-01
  1.935951E+03,  5.531392E-09,  3.871975E-13,  5.157500E+03,  9.749200E-01
  1.937892E+03,  5.536947E-09,  3.875863E-13,  5.160000E+03,  9.750100E-01
  1.939834E+03,  5.690905E-09,  3.983634E-13,  5.162500E+03,  9.751400E-01
  1.941779E+03,  5.850419E-09,  4.095294E-13,  5.165000E+03,  9.753100E-01
  1.943726E+03,  5.936128E-09,  4.155290E-13,  5.167500E+03,  9.754900E-01
  1.945674E+03,  5.848832E-09,  4.094183E-13,  5.170000E+03,  9.756400E-01
  1.947625E+03,  5.640909E-09,  3.948636E-13,  5.172500E+03,  9.757500E-01
  1.949577E+03,  5.510758E-09,  3.857531E-13,  5.175000E+03,  9.758300E-01
  1.951532E+03,  5.565517E-09,  3.895862E-13,  5.177500E+03,  9.759400E-01
  1.953488E+03,  5.632973E-09,  3.943081E-13,  5.180000E+03,  9.761000E-01
  1.955447E+03,  5.723443E-09,  4.006410E-13,  5.182500E+03,  9.763200E-01
  1.957407E+03,  5.821850E-09,  4.075295E-13,  5.185000E+03,  9.765800E-01
  1.959369E+03,  5.913907E-09,  4.139735E-13,  5.187500E+03,  9.769100E-01
  1.961333E+03,  5.967078E-09,  4.176955E-13,  5.190000E+03,  9.772700E-01
  1.963300E+03,  5.907558E-09,  4.135291E-13,  5.192500E+03,  9.776900E-01
  1.965268E+03,  5.810739E-09,  4.067517E-13,  5.195000E+03,  9.781500E-01
  1.967238E+03,  5.716301E-09,  4.001411E-13,  5.197500E+03,  9.786000E-01
  1.969210E+03,  5.661542E-09,  3.963080E-13,  5.200000E+03,  9.790000E-01
  1.971184E+03,  5.800422E-09,  4.060296E-13,  5.202500E+03,  9.793300E-01
  1.973160E+03,  5.864704E-09,  4.105293E-13,  5.205000E+03,  9.796200E-01
  1.975139E+03,  5.721062E-09,  4.004744E-13,  5.207500E+03,  9.798500E-01
  1.977119E+03,  5.621069E-09,  3.934748E-13,  5.210000E+03,  9.800300E-01
  1.979101E+03,  5.479014E-09,  3.835310E-13,  5.212500E+03,  9.801700E-01
  1.981085E+03,  5.559168E-09,  3.891418E-13,  5.215000E+03,  9.802800E-01
  1.983071E+03,  5.575834E-09,  3.903084E-13,  5.217500E+03,  9.803500E-01
  1.985059E+03,  5.559168E-09,  3.891418E-13,  5.220000E+03,  9.803900E-01
  1.987049E+03,  5.613926E-09,  3.929748E-13,  5.222500E+03,  9.804200E-01
  1.989041E+03,  5.491712E-09,  3.844199E-13,  5.225000E+03,  9.804500E-01
  1.991035E+03,  5.335373E-09,  3.734761E-13,  5.227500E+03,  9.804700E-01
  1.993031E+03,  5.371879E-09,  3.760315E-13,  5.230000E+03,  9.805400E-01
  1.995029E+03,  5.467904E-09,  3.827533E-13,  5.232500E+03,  9.806500E-01
  1.997029E+03,  5.540122E-09,  3.878085E-13,  5.235000E+03,  9.808000E-01
  1.999031E+03,  5.375053E-09,  3.762537E-13,  5.237500E+03,  9.809800E-01
  2.001035E+03,  5.388544E-09,  3.771981E-13,  5.240000E+03,  9.811800E-01
  2.003041E+03,  5.426637E-09,  3.798646E-13,  5.242500E+03,  9.814200E-01
  2.005049E+03,  5.262362E-09,  3.683653E-13,  5.245000E+03,  9.816800E-01
  2.007059E+03,  5.144909E-09,  3.601436E-13,  5.247500E+03,  9.819400E-01
  2.009071E+03,  5.152845E-09,  3.606992E-13,  5.250000E+03,  9.821600E-01
  2.011085E+03,  5.094118E-09,  3.565883E-13,  5.252500E+03,  9.823400E-01
  2.013101E+03,  5.078246E-09,  3.554773E-13,  5.255000E+03,  9.824700E-01
  2.015120E+03,  5.169510E-09,  3.618657E-13,  5.257500E+03,  9.825900E-01
  2.017140E+03,  5.199667E-09,  3.639767E-13,  5.260000E+03,  9.827200E-01
  2.019162E+03,  5.204429E-09,  3.643100E-13,  5.262500E+03,  9.828500E-01
  2.021186E+03,  5.059200E-09,  3.541440E-13,  5.265000E+03,  9.830000E-01
  2.023212E+03,  5.001267E-09,  3.500887E-13,  5.267500E+03,  9.831400E-01
  2.025241E+03,  5.073485E-09,  3.551439E-13,  5.270000E+03,  9.832700E-01
  2.027271E+03,  5.187763E-09,  3.631434E-13,  5.272500E+03,  9.833900E-01
  2.029303E+03,  5.313946E-09,  3.719762E-13,  5.275000E+03,  9.834900E-01
  2.031338E+03,  5.283789E-09,  3.698652E-13,  5.277500E+03,  9.835900E-01
  2.033374E+03,  5.091738E-09,  3.564216E-13,  5.280000E+03,  9.836700E-01
  2.035413E+03,  5.091738E-09,  3.564216E-13,  5.282500E+03,  9.837300E-01
  2.037453E+03,  5.117926E-09,  3.582549E-13,  5.285000E+03,  9.837800E-01
  2.039496E+03,  5.121101E-09,  3.584771E-13,  5.287500E+03,  9.838200E-01
  2.041540E+03,  5.219507E-09,  3.653655E-13,  5.290000E+03,  9.838600E-01
  2.043587E+03,  5.451238E-09,  3.815867E-13,  5.292500E+03,  9.838800E-01
  2.045636E+03,  5.588531E-09,  3.911972E-13,  5.295000E+03,  9.839200E-01
  2.047686E+03,  5.609165E-09,  3.926415E-13,  5.297500E+03,  9.839900E-01
  2.049739E+03,  5.577421E-09,  3.904195E-13,  5.300000E+03,  9.841200E-01
  2.051794E+03,  5.516314E-09,  3.861420E-13,  5.302500E+03,  9.843500E-01
  2.053851E+03,  5.299661E-09,  3.709763E-13,  5.305000E+03,  9.846600E-01
  2.055910E+03,  5.112371E-09,  3.578660E-13,  5.307500E+03,  9.849900E-01
  2.057971E+03,  5.168717E-09,  3.618102E-13,  5.310000E+03,  9.853000E-01
  2.060034E+03,  5.223475E-09,  3.656433E-13,  5.312500E+03,  9.855600E-01
  2.062099E+03,  5.100467E-09,  3.570327E-13,  5.315000E+03,  9.858000E-01
  2.064166E+03,  5.036979E-09,  3.525886E-13,  5.317500E+03,  9.860300E-01
  2.066236E+03,  4.990157E-09,  3.493110E-13,  5.320000E+03,  9.862700E-01
  2.068307E+03,  5.028249E-09,  3.519775E-13,  5.322500E+03,  9.865100E-01
  2.070381E+03,  5.215539E-09,  3.650877E-13,  5.325000E+03,  9.867400E-01
  2.072456E+03,  5.258394E-09,  3.680876E-13,  5.327500E+03,  9.869800E-01
  2.074534E+03,  5.293312E-09,  3.705318E-13,  5.330000E+03,  9.872300E-01
  2.076614E+03,  5.404416E-09,  3.783091E-13,  5.332500E+03,  9.875200E-01
  2.078695E+03,  5.413939E-09,  3.789757E-13,  5.335000E+03,  9.878300E-01
  2.080779E+03,  5.380608E-09,  3.766426E-13,  5.337500E+03,  9.880800E-01
  2.082865E+03,  5.382195E-09,  3.767537E-13,  5.340000E+03,  9.882500E-01
  2.084953E+03,  5.333785E-09,  3.733650E-13,  5.342500E+03,  9.883000E-01
  2.087044E+03,  5.371085E-09,  3.759760E-13,  5.345000E+03,  9.882500E-01
  2.089136E+03,  5.369498E-09,  3.758648E-13,  5.347500E+03,  9.881800E-01
  2.091230E+03,  5.290931E-09,  3.703652E-13,  5.350000E+03,  9.881500E-01
  2.093327E+03,  5.171097E-09,  3.619768E-13,  5.352500E+03,  9.882000E-01
  2.095425E+03,  5.076659E-09,  3.553661E-13,  5.355000E+03,  9.882800E-01
  2.097526E+03,  5.035392E-09,  3.524774E-13,  5.357500E+03,  9.883800E-01
  2.099629E+03,  5.070310E-09,  3.549217E-13,  5.360000E+03,  9.884700E-01
  2.101734E+03,  5.108403E-09,  3.575882E-13,  5.362500E+03,  9.885200E-01
  2.103841E+03,  5.194112E-09,  3.635878E-13,  5.365000E+03,  9.885700E-01
  2.105950E+03,  5.221094E-09,  3.654766E-13,  5.367500E+03,  9.886200E-01
  2.108061E+03,  4.948890E-09,  3.464223E-13,  5.370000E+03,  9.886700E-01
  2.110174E+03,  4.787789E-09,  3.351452E-13,  5.372500E+03,  9.887300E-01
  2.112290E+03,  4.822707E-09,  3.375895E-13,  5.375000E+03,  9.888000E-01
  2.114407E+03,  4.990157E-09,  3.493110E-13,  5.377500E+03,  9.888900E-01
  2.116527E+03,  5.229030E-09,  3.660321E-13,  5.380000E+03,  9.890200E-01
  2.118649E+03,  5.266330E-09,  3.686431E-13,  5.382500E+03,  9.891800E-01
  2.120773E+03,  5.253632E-09,  3.677542E-13,  5.385000E+03,  9.893900E-01
  2.122899E+03,  5.158400E-09,  3.610880E-13,  5.387500E+03,  9.896100E-01
  2.125027E+03,  5.041741E-09,  3.529219E-13,  5.390000E+03,  9.898400E-01
  2.127157E+03,  4.971110E-09,  3.479777E-13,  5.392500E+03,  9.900500E-01
  2.129290E+03,  4.844928E-09,  3.391450E-13,  5.395000E+03,  9.902600E-01
  2.131424E+03,  4.604467E-09,  3.223127E-13,  5.397500E+03,  9.904600E-01
  2.133561E+03,  4.309248E-09,  3.016474E-13,  5.400000E+03,  9.906300E-01
  2.135700E+03,  4.287027E-09,  3.000919E-13,  5.402500E+03,  9.907700E-01
  2.137841E+03,  4.557645E-09,  3.190352E-13,  5.405000E+03,  9.908800E-01
  2.139984E+03,  4.636211E-09,  3.245348E-13,  5.407500E+03,  9.909700E-01
  2.142130E+03,  4.813184E-09,  3.369229E-13,  5.410000E+03,  9.910400E-01
  2.144277E+03,  5.010790E-09,  3.507553E-13,  5.412500E+03,  9.911300E-01
  2.146427E+03,  4.994125E-09,  3.495887E-13,  5.415000E+03,  9.912100E-01
  2.148579E+03,  4.915558E-09,  3.440891E-13,  5.417500E+03,  9.912500E-01
  2.150732E+03,  4.856832E-09,  3.399782E-13,  5.420000E+03,  9.912500E-01
  2.152889E+03,  4.946509E-09,  3.462556E-13,  5.422500E+03,  9.911800E-01
  2.155047E+03,  5.063168E-09,  3.544218E-13,  5.425000E+03,  9.910700E-01
  2.157207E+03,  4.981427E-09,  3.486999E-13,  5.427500E+03,  9.909600E-01
  2.159370E+03,  4.766361E-09,  3.336453E-13,  5.430000E+03,  9.908400E-01
  2.161535E+03,  4.719539E-09,  3.303677E-13,  5.432500E+03,  9.907400E-01
  2.163702E+03,  4.772710E-09,  3.340897E-13,  5.435000E+03,  9.906700E-01
  2.165871E+03,  4.694144E-09,  3.285901E-13,  5.437500E+03,  9.906200E-01
  2.168042E+03,  4.573517E-09,  3.201462E-13,  5.440000E+03,  9.906200E-01
  2.170215E+03,  4.569549E-09,  3.198684E-13,  5.442500E+03,  9.906600E-01
  2.172391E+03,  4.587802E-09,  3.211461E-13,  5.445000E+03,  9.907500E-01
  2.174569E+03,  4.450509E-09,  3.115356E-13,  5.447500E+03,  9.908800E-01
  2.176749E+03,  4.443367E-09,  3.110357E-13,  5.450000E+03,  9.910700E-01
  2.178931E+03,  4.617959E-09,  3.232571E-13,  5.452500E+03,  9.913000E-01
  2.181116E+03,  4.805248E-09,  3.363674E-13,  5.455000E+03,  9.915800E-01
  2.183302E+03,  4.846515E-09,  3.392561E-13,  5.457500E+03,  9.918800E-01
  2.185491E+03,  4.656051E-09,  3.259236E-13,  5.460000E+03,  9.921900E-01
  2.187682E+03,  4.529075E-09,  3.170353E-13,  5.462500E+03,  9.924900E-01
  2.189875E+03,  4.632243E-09,  3.242570E-13,  5.465000E+03,  9.928100E-01
  2.192070E+03,  4.710809E-09,  3.297567E-13,  5.467500E+03,  9.930600E-01
  2.194268E+03,  4.856038E-09,  3.399227E-13,  5.470000E+03,  9.932300E-01
  2.196468E+03,  5.016346E-09,  3.511442E-13,  5.472500E+03,  9.932600E-01
  2.198670E+03,  4.975872E-09,  3.483110E-13,  5.475000E+03,  9.932100E-01
  2.200874E+03,  4.849689E-09,  3.394783E-13,  5.477500E+03,  9.931200E-01
  2.203080E+03,  4.836199E-09,  3.385339E-13,  5.480000E+03,  9.930600E-01
  2.205289E+03,  4.717158E-09,  3.302011E-13,  5.482500E+03,  9.930300E-01
  2.207500E+03,  4.506061E-09,  3.154243E-13,  5.485000E+03,  9.930300E-01
  2.209713E+03,  4.352896E-09,  3.047027E-13,  5.487500E+03,  9.930600E-01
  2.211928E+03,  4.278298E-09,  2.994808E-13,  5.490000E+03,  9.930900E-01
  2.214145E+03,  4.323533E-09,  3.026473E-13,  5.492500E+03,  9.931500E-01
  2.216365E+03,  4.362419E-09,  3.053694E-13,  5.495000E+03,  9.932200E-01
  2.218587E+03,  4.405273E-09,  3.083692E-13,  5.497500E+03,  9.932900E-01
  2.220811E+03,  4.408448E-09,  3.085914E-13,  5.500000E+03,  9.933100E-01
  2.223037E+03,  4.346547E-09,  3.042583E-13,  5.502500E+03,  9.933000E-01
  2.225266E+03,  4.260838E-09,  2.982587E-13,  5.505000E+03,  9.932500E-01
  2.227497E+03,  4.313216E-09,  3.019251E-13,  5.507500E+03,  9.931900E-01
  2.229730E+03,  4.504474E-09,  3.153132E-13,  5.510000E+03,  9.931100E-01
  2.231965E+03,  4.629862E-09,  3.240904E-13,  5.512500E+03,  9.929800E-01
  2.234203E+03,  4.736205E-09,  3.315343E-13,  5.515000E+03,  9.928400E-01
  2.236442E+03,  4.772710E-09,  3.340897E-13,  5.517500E+03,  9.927900E-01
  2.238685E+03,  4.668749E-09,  3.268124E-13,  5.520000E+03,  9.928700E-01
  2.240929E+03,  4.477491E-09,  3.134244E-13,  5.522500E+03,  9.931700E-01
  2.243175E+03,  4.271949E-09,  2.990364E-13,  5.525000E+03,  9.936100E-01
  2.245424E+03,  4.256870E-09,  2.979809E-13,  5.527500E+03,  9.941000E-01
  2.247675E+03,  4.237030E-09,  2.965921E-13,  5.530000E+03,  9.945000E-01
  2.249928E+03,  4.158464E-09,  2.910925E-13,  5.532500E+03,  9.947600E-01
  2.252184E+03,  4.173542E-09,  2.921480E-13,  5.535000E+03,  9.949300E-01
  2.254442E+03,  4.059264E-09,  2.841485E-13,  5.537500E+03,  9.950500E-01
  2.256702E+03,  4.053709E-09,  2.837596E-13,  5.540000E+03,  9.951200E-01
  2.258964E+03,  4.219571E-09,  2.953700E-13,  5.542500E+03,  9.951200E-01
  2.261229E+03,  4.306867E-09,  3.014807E-13,  5.545000E+03,  9.951100E-01
  2.263496E+03,  4.331469E-09,  3.032028E-13,  5.547500E+03,  9.950600E-01
  2.265765E+03,  4.217984E-09,  2.952589E-13,  5.550000E+03,  9.950400E-01
  2.268036E+03,  4.212429E-09,  2.948700E-13,  5.552500E+03,  9.950800E-01
  2.270310E+03,  4.410829E-09,  3.087580E-13,  5.555000E+03,  9.951400E-01
  2.272586E+03,  4.557645E-09,  3.190352E-13,  5.557500E+03,  9.952000E-01
  2.274864E+03,  4.426701E-09,  3.098691E-13,  5.560000E+03,  9.952600E-01
  2.277145E+03,  4.254490E-09,  2.978143E-13,  5.562500E+03,  9.953300E-01
  2.279428E+03,  4.340198E-09,  3.038139E-13,  5.565000E+03,  9.953800E-01
  2.281713E+03,  4.501299E-09,  3.150910E-13,  5.567500E+03,  9.954200E-01
  2.284000E+03,  4.502887E-09,  3.152021E-13,  5.570000E+03,  9.954300E-01
  2.286290E+03,  4.535424E-09,  3.174797E-13,  5.572500E+03,  9.954200E-01
  2.288582E+03,  4.633037E-09,  3.243126E-13,  5.575000E+03,  9.953900E-01
  2.290876E+03,  4.660813E-09,  3.262569E-13,  5.577500E+03,  9.953400E-01
  2.293173E+03,  4.468761E-09,  3.128133E-13,  5.580000E+03,  9.952900E-01
  2.295472E+03,  4.238617E-09,  2.967032E-13,  5.582500E+03,  9.952200E-01
  2.297773E+03,  3.970381E-09,  2.779267E-13,  5.585000E+03,  9.951300E-01
  2.300077E+03,  4.031488E-09,  2.822042E-13,  5.587500E+03,  9.950800E-01
  2.302382E+03,  4.211635E-09,  2.948145E-13,  5.590000E+03,  9.951100E-01
  2.304691E+03,  4.244173E-09,  2.970921E-13,  5.592500E+03,  9.952600E-01
  2.307001E+03,  4.292582E-09,  3.004808E-13,  5.595000E+03,  9.954800E-01
  2.309314E+03,  4.303693E-09,  3.012585E-13,  5.597500E+03,  9.956800E-01
  2.311629E+03,  4.107674E-09,  2.875372E-13,  5.600000E+03,  9.958000E-01
  2.313946E+03,  3.952921E-09,  2.767045E-13,  5.602500E+03,  9.958000E-01
  2.316266E+03,  4.110055E-09,  2.877038E-13,  5.605000E+03,  9.956900E-01
  2.318588E+03,  4.150528E-09,  2.905370E-13,  5.607500E+03,  9.955700E-01
  2.320912E+03,  4.190208E-09,  2.933145E-13,  5.610000E+03,  9.955600E-01
  2.323239E+03,  4.254490E-09,  2.978143E-13,  5.612500E+03,  9.957000E-01
  2.325568E+03,  4.037043E-09,  2.825930E-13,  5.615000E+03,  9.959200E-01
  2.327900E+03,  3.943398E-09,  2.760379E-13,  5.617500E+03,  9.961400E-01
  2.330233E+03,  4.014822E-09,  2.810376E-13,  5.620000E+03,  9.962900E-01
  2.332569E+03,  3.902925E-09,  2.732047E-13,  5.622500E+03,  9.963500E-01
  2.334908E+03,  3.906099E-09,  2.734269E-13,  5.625000E+03,  9.963000E-01
  2.337248E+03,  3.938637E-09,  2.757046E-13,  5.627500E+03,  9.962400E-01
  2.339592E+03,  3.918797E-09,  2.743158E-13,  5.630000E+03,  9.962300E-01
  2.341937E+03,  3.796582E-09,  2.657607E-13,  5.632500E+03,  9.963000E-01
  2.344285E+03,  3.497395E-09,  2.448177E-13,  5.635000E+03,  9.964200E-01
  2.346635E+03,  3.538662E-09,  2.477064E-13,  5.637500E+03,  9.965300E-01
  2.348987E+03,  3.818803E-09,  2.673162E-13,  5.640000E+03,  9.966300E-01
  2.351342E+03,  4.071168E-09,  2.849818E-13,  5.642500E+03,  9.966900E-01
  2.353700E+03,  4.029901E-09,  2.820931E-13,  5.645000E+03,  9.967300E-01
  2.356059E+03,  3.937843E-09,  2.756490E-13,  5.647500E+03,  9.967300E-01
  2.358421E+03,  3.837850E-09,  2.686495E-13,  5.650000E+03,  9.967200E-01
  2.360785E+03,  3.594214E-09,  2.515950E-13,  5.652500E+03,  9.966700E-01
  2.363152E+03,  3.660083E-09,  2.562058E-13,  5.655000E+03,  9.966100E-01
  2.365521E+03,  3.723571E-09,  2.606500E-13,  5.657500E+03,  9.965800E-01
  2.367893E+03,  3.802931E-09,  2.662052E-13,  5.660000E+03,  9.966000E-01
  2.370266E+03,  3.872768E-09,  2.710938E-13,  5.662500E+03,  9.967300E-01
  2.372643E+03,  3.863245E-09,  2.704272E-13,  5.665000E+03,  9.969300E-01
  2.375021E+03,  3.829914E-09,  2.680940E-13,  5.667500E+03,  9.971400E-01
  2.377402E+03,  3.869594E-09,  2.708716E-13,  5.670000E+03,  9.973000E-01
  2.379786E+03,  3.548186E-09,  2.483730E-13,  5.672500E+03,  9.974200E-01
  2.382171E+03,  3.160909E-09,  2.212636E-13,  5.675000E+03,  9.974800E-01
  2.384559E+03,  3.413274E-09,  2.389292E-13,  5.677500E+03,  9.974800E-01
  2.386950E+03,  3.665639E-09,  2.565947E-13,  5.680000E+03,  9.973800E-01
  2.389343E+03,  3.544218E-09,  2.480952E-13,  5.682500E+03,  9.971800E-01
  2.391738E+03,  3.728333E-09,  2.609833E-13,  5.685000E+03,  9.968900E-01
  2.394136E+03,  3.716429E-09,  2.601500E-13,  5.687500E+03,  9.966000E-01
  2.396536E+03,  3.560883E-09,  2.492618E-13,  5.690000E+03,  9.964500E-01
  2.398939E+03,  3.641830E-09,  2.549281E-13,  5.692500E+03,  9.965300E-01
  2.401343E+03,  3.664845E-09,  2.565391E-13,  5.695000E+03,  9.967300E-01
  2.403751E+03,  3.550566E-09,  2.485396E-13,  5.697500E+03,  9.969200E-01
  2.406161E+03,  3.378355E-09,  2.364849E-13,  5.700000E+03,  9.970400E-01
  2.408573E+03,  3.471206E-09,  2.429845E-13,  5.702500E+03,  9.970100E-01
  2.410987E+03,  3.487078E-09,  2.440955E-13,  5.705000E+03,  9.968700E-01
  2.413404E+03,  3.614054E-09,  2.529838E-13,  5.707500E+03,  9.966800E-01
  2.415824E+03,  3.749760E-09,  2.624832E-13,  5.710000E+03,  9.965600E-01
  2.418246E+03,  3.883879E-09,  2.718715E-13,  5.712500E+03,  9.965100E-01
  2.420670E+03,  4.080691E-09,  2.856484E-13,  5.715000E+03,  9.965000E-01
  2.423097E+03,  3.957683E-09,  2.770378E-13,  5.717500E+03,  9.965100E-01
  2.425526E+03,  3.762458E-09,  2.633720E-13,  5.720000E+03,  9.965100E-01
  2.427957E+03,  3.691827E-09,  2.584279E-13,  5.722500E+03,  9.965000E-01
  2.430391E+03,  3.648179E-09,  2.553725E-13,  5.725000E+03,  9.964800E-01
  2.432828E+03,  3.666432E-09,  2.566502E-13,  5.727500E+03,  9.964900E-01
  2.435267E+03,  3.563264E-09,  2.494285E-13,  5.730000E+03,  9.965500E-01
  2.437708E+03,  3.664845E-09,  2.565391E-13,  5.732500E+03,  9.967100E-01
  2.440152E+03,  3.937843E-09,  2.756490E-13,  5.735000E+03,  9.969000E-01
  2.442598E+03,  4.056090E-09,  2.839263E-13,  5.737500E+03,  9.970700E-01
  2.445047E+03,  3.831501E-09,  2.682051E-13,  5.740000E+03,  9.971700E-01
  2.447498E+03,  3.703731E-09,  2.592612E-13,  5.742500E+03,  9.971600E-01
  2.449952E+03,  3.721190E-09,  2.604833E-13,  5.745000E+03,  9.970600E-01
  2.452408E+03,  3.752934E-09,  2.627054E-13,  5.747500E+03,  9.969300E-01
  2.454866E+03,  3.860864E-09,  2.702605E-13,  5.750000E+03,  9.968400E-01
  2.457327E+03,  3.919590E-09,  2.743713E-13,  5.752500E+03,  9.968100E-01
  2.459791E+03,  3.836262E-09,  2.685384E-13,  5.755000E+03,  9.968100E-01
  2.462257E+03,  3.723571E-09,  2.606500E-13,  5.757500E+03,  9.968200E-01
  2.464725E+03,  3.656115E-09,  2.559281E-13,  5.760000E+03,  9.968500E-01
  2.467196E+03,  3.665639E-09,  2.565947E-13,  5.762500E+03,  9.968700E-01
  2.469669E+03,  3.657702E-09,  2.560392E-13,  5.765000E+03,  9.968800E-01
  2.472145E+03,  3.596595E-09,  2.517617E-13,  5.767500E+03,  9.969300E-01
  2.474624E+03,  3.665639E-09,  2.565947E-13,  5.770000E+03,  9.970600E-01
  2.477104E+03,  3.679923E-09,  2.575946E-13,  5.772500E+03,  9.972900E-01
  2.479588E+03,  3.598976E-09,  2.519283E-13,  5.775000E+03,  9.975900E-01
  2.482074E+03,  3.619609E-09,  2.533727E-13,  5.777500E+03,  9.978700E-01
  2.484562E+03,  3.651354E-09,  2.555948E-13,  5.780000E+03,  9.980300E-01
  2.487053E+03,  3.802931E-09,  2.662052E-13,  5.782500E+03,  9.980600E-01
  2.489546E+03,  3.710080E-09,  2.597056E-13,  5.785000E+03,  9.979600E-01
  2.492042E+03,  3.571994E-09,  2.500396E-13,  5.787500E+03,  9.978300E-01
  2.494540E+03,  3.766425E-09,  2.636498E-13,  5.790000E+03,  9.977400E-01
  2.497041E+03,  3.930701E-09,  2.751491E-13,  5.792500E+03,  9.977000E-01
  2.499544E+03,  3.967207E-09,  2.777045E-13,  5.795000E+03,  9.977200E-01
  2.502050E+03,  4.005299E-09,  2.803709E-13,  5.797500E+03,  9.977700E-01
  2.504558E+03,  3.906099E-09,  2.734269E-13,  5.800000E+03,  9.978800E-01
  2.507069E+03,  3.814042E-09,  2.669829E-13,  5.802500E+03,  9.980500E-01
  2.509582E+03,  3.789440E-09,  2.652608E-13,  5.805000E+03,  9.982700E-01
  2.512098E+03,  3.716429E-09,  2.601500E-13,  5.807500E+03,  9.984600E-01
  2.514617E+03,  3.740237E-09,  2.618166E-13,  5.810000E+03,  9.985400E-01
  2.517137E+03,  3.752934E-09,  2.627054E-13,  5.812500E+03,  9.984600E-01
  2.519661E+03,  3.695795E-09,  2.587057E-13,  5.815000E+03,  9.982700E-01
  2.522187E+03,  3.618022E-09,  2.532616E-13,  5.817500E+03,  9.981100E-01
  2.524715E+03,  3.461683E-09,  2.423178E-13,  5.820000E+03,  9.980500E-01
  2.527246E+03,  3.283917E-09,  2.298742E-13,  5.822500E+03,  9.981400E-01
  2.529780E+03,  3.379942E-09,  2.365960E-13,  5.825000E+03,  9.983900E-01
  2.532316E+03,  3.662464E-09,  2.563725E-13,  5.827500E+03,  9.986300E-01
  2.534855E+03,  3.615642E-09,  2.530949E-13,  5.830000E+03,  9.987800E-01
  2.537396E+03,  3.301376E-09,  2.310963E-13,  5.832500E+03,  9.987800E-01
  2.539940E+03,  3.202970E-09,  2.242079E-13,  5.835000E+03,  9.986900E-01
  2.542486E+03,  3.383910E-09,  2.368737E-13,  5.837500E+03,  9.985500E-01
  2.545035E+03,  3.459302E-09,  2.421512E-13,  5.840000E+03,  9.984100E-01
  2.547586E+03,  3.303757E-09,  2.312630E-13,  5.842500E+03,  9.982900E-01
  2.550140E+03,  3.219635E-09,  2.253745E-13,  5.845000E+03,  9.982000E-01
  2.552697E+03,  3.594214E-09,  2.515950E-13,  5.847500E+03,  9.980900E-01
  2.555256E+03,  3.768806E-09,  2.638164E-13,  5.850000E+03,  9.979200E-01
  2.557817E+03,  3.665639E-09,  2.565947E-13,  5.852500E+03,  9.976700E-01
  2.560382E+03,  3.572787E-09,  2.500951E-13,  5.855000E+03,  9.974000E-01
  2.562948E+03,  3.538662E-09,  2.477064E-13,  5.857500E+03,  9.971900E-01
  2.565518E+03,  3.691034E-09,  2.583724E-13,  5.860000E+03,  9.971400E-01
  2.568090E+03,  3.843405E-09,  2.690383E-13,  5.862500E+03,  9.973200E-01
  2.570664E+03,  3.901337E-09,  2.730936E-13,  5.865000E+03,  9.976900E-01
  2.573241E+03,  3.861658E-09,  2.703160E-13,  5.867500E+03,  9.980900E-01
  2.575821E+03,  3.810867E-09,  2.667607E-13,  5.870000E+03,  9.983900E-01
  2.578403E+03,  3.818010E-09,  2.672607E-13,  5.872500E+03,  9.985000E-01
  2.580988E+03,  3.879910E-09,  2.715937E-13,  5.875000E+03,  9.985200E-01
  2.583575E+03,  3.823565E-09,  2.676495E-13,  5.877500E+03,  9.985300E-01
  2.586166E+03,  3.764045E-09,  2.634831E-13,  5.880000E+03,  9.985900E-01
  2.588758E+03,  3.821977E-09,  2.675384E-13,  5.882500E+03,  9.987200E-01
  2.591353E+03,  3.851341E-09,  2.695938E-13,  5.885000E+03,  9.989200E-01
  2.593951E+03,  3.856103E-09,  2.699272E-13,  5.887500E+03,  9.991300E-01
  2.596552E+03,  3.787853E-09,  2.651497E-13,  5.890000E+03,  9.993000E-01
  2.599155E+03,  3.540250E-09,  2.478175E-13,  5.892500E+03,  9.994800E-01
  2.601760E+03,  3.725952E-09,  2.608166E-13,  5.895000E+03,  9.996200E-01
  2.604369E+03,  3.773568E-09,  2.641498E-13,  5.897500E+03,  9.996900E-01
  2.606980E+03,  3.498189E-09,  2.448732E-13,  5.900000E+03,  9.996800E-01
  2.609593E+03,  3.493427E-09,  2.445399E-13,  5.902500E+03,  9.995500E-01
  2.612209E+03,  3.514061E-09,  2.459843E-13,  5.905000E+03,  9.993300E-01
  2.614828E+03,  3.611674E-09,  2.528172E-13,  5.907500E+03,  9.990500E-01
  2.617449E+03,  3.691827E-09,  2.584279E-13,  5.910000E+03,  9.987000E-01
  2.620073E+03,  3.691827E-09,  2.584279E-13,  5.912500E+03,  9.982800E-01
  2.622700E+03,  3.781504E-09,  2.647053E-13,  5.915000E+03,  9.978500E-01
  2.625329E+03,  3.750554E-09,  2.625388E-13,  5.917500E+03,  9.974900E-01
  2.627961E+03,  3.620403E-09,  2.534282E-13,  5.920000E+03,  9.973200E-01
  2.630596E+03,  3.476761E-09,  2.433733E-13,  5.922500E+03,  9.974000E-01
  2.633233E+03,  3.663258E-09,  2.564280E-13,  5.925000E+03,  9.976900E-01
  2.635873E+03,  3.987840E-09,  2.791488E-13,  5.927500E+03,  9.980500E-01
  2.638515E+03,  4.029901E-09,  2.820931E-13,  5.930000E+03,  9.983200E-01
  2.641160E+03,  4.062438E-09,  2.843707E-13,  5.932500E+03,  9.984100E-01
  2.643808E+03,  4.119578E-09,  2.883704E-13,  5.935000E+03,  9.984200E-01
  2.646458E+03,  4.148147E-09,  2.903703E-13,  5.937500E+03,  9.984000E-01
  2.649111E+03,  4.154496E-09,  2.908147E-13,  5.940000E+03,  9.983800E-01
  2.651767E+03,  4.112435E-09,  2.878705E-13,  5.942500E+03,  9.983700E-01
  2.654426E+03,  4.092595E-09,  2.864817E-13,  5.945000E+03,  9.983700E-01
  2.657087E+03,  4.060058E-09,  2.842040E-13,  5.947500E+03,  9.984100E-01
  2.659750E+03,  3.987046E-09,  2.790932E-13,  5.950000E+03,  9.985400E-01
  2.662417E+03,  3.860864E-09,  2.702605E-13,  5.952500E+03,  9.988600E-01
  2.665086E+03,  3.744205E-09,  2.620944E-13,  5.955000E+03,  9.992600E-01
  2.667758E+03,  3.785472E-09,  2.649830E-13,  5.957500E+03,  9.995800E-01
  2.670432E+03,  3.862451E-09,  2.703716E-13,  5.960000E+03,  9.997300E-01
  2.673109E+03,  3.902925E-09,  2.732047E-13,  5.962500E+03,  9.996100E-01
  2.675789E+03,  3.977523E-09,  2.784266E-13,  5.965000E+03,  9.992500E-01
  2.678471E+03,  3.963238E-09,  2.774267E-13,  5.967500E+03,  9.988500E-01
  2.681157E+03,  3.963238E-09,  2.774267E-13,  5.970000E+03,  9.985500E-01
  2.683844E+03,  3.961651E-09,  2.773156E-13,  5.972500E+03,  9.984600E-01
  2.686535E+03,  3.891021E-09,  2.723715E-13,  5.975000E+03,  9.984600E-01
  2.689228E+03,  3.848166E-09,  2.693716E-13,  5.977500E+03,  9.984600E-01
  2.691924E+03,  3.806106E-09,  2.664274E-13,  5.980000E+03,  9.984200E-01
  2.694623E+03,  3.829120E-09,  2.680384E-13,  5.982500E+03,  9.983100E-01
  2.697324E+03,  3.826739E-09,  2.678718E-13,  5.985000E+03,  9.981200E-01
  2.700028E+03,  3.801344E-09,  2.660941E-13,  5.987500E+03,  9.979400E-01
  2.702735E+03,  3.829120E-09,  2.680384E-13,  5.990000E+03,  9.978100E-01
  2.705445E+03,  3.790234E-09,  2.653164E-13,  5.992500E+03,  9.977100E-01
  2.708157E+03,  3.718016E-09,  2.602611E-13,  5.995000E+03,  9.976700E-01
  2.710872E+03,  3.659289E-09,  2.561503E-13,  5.997500E+03,  9.977300E-01
  2.713589E+03,  3.715635E-09,  2.600945E-13,  6.000000E+03,  9.979500E-01
  2.716310E+03,  3.697382E-09,  2.588168E-13,  6.002500E+03,  9.983600E-01
  2.719033E+03,  3.645005E-09,  2.551503E-13,  6.005000E+03,  9.989400E-01
  2.721759E+03,  3.704525E-09,  2.593167E-13,  6.007500E+03,  9.994700E-01
  2.724487E+03,  3.719603E-09,  2.603722E-13,  6.010000E+03,  9.997400E-01
  2.727219E+03,  3.687859E-09,  2.581501E-13,  6.012500E+03,  9.996400E-01
  2.729953E+03,  3.762458E-09,  2.633720E-13,  6.015000E+03,  9.993100E-01
  2.732689E+03,  3.871181E-09,  2.709827E-13,  6.017500E+03,  9.989100E-01
  2.735429E+03,  3.859277E-09,  2.701494E-13,  6.020000E+03,  9.986000E-01
  2.738171E+03,  3.714842E-09,  2.600389E-13,  6.022500E+03,  9.984300E-01
  2.740916E+03,  3.567232E-09,  2.497062E-13,  6.025000E+03,  9.984000E-01
  2.743664E+03,  3.458509E-09,  2.420956E-13,  6.027500E+03,  9.984200E-01
  2.746414E+03,  3.355341E-09,  2.348739E-13,  6.030000E+03,  9.985000E-01
  2.749168E+03,  3.272013E-09,  2.290409E-13,  6.032500E+03,  9.986400E-01
  2.751924E+03,  3.387878E-09,  2.371515E-13,  6.035000E+03,  9.988400E-01
  2.754683E+03,  3.492634E-09,  2.444844E-13,  6.037500E+03,  9.990000E-01
  2.757444E+03,  3.539456E-09,  2.477619E-13,  6.040000E+03,  9.990700E-01
  2.760208E+03,  3.637069E-09,  2.545948E-13,  6.042500E+03,  9.989900E-01
  2.762976E+03,  3.640243E-09,  2.548170E-13,  6.045000E+03,  9.987700E-01
  2.765745E+03,  3.629926E-09,  2.540949E-13,  6.047500E+03,  9.985300E-01
  2.768518E+03,  3.587866E-09,  2.511506E-13,  6.050000E+03,  9.983800E-01
  2.771294E+03,  3.667226E-09,  2.567058E-13,  6.052500E+03,  9.983600E-01
  2.774072E+03,  3.769600E-09,  2.638720E-13,  6.055000E+03,  9.984100E-01
  2.776853E+03,  3.723571E-09,  2.606500E-13,  6.057500E+03,  9.984600E-01
  2.779637E+03,  3.646592E-09,  2.552614E-13,  6.060000E+03,  9.984600E-01
  2.782423E+03,  3.652941E-09,  2.557059E-13,  6.062500E+03,  9.983900E-01
  2.785213E+03,  3.713254E-09,  2.599278E-13,  6.065000E+03,  9.982200E-01
  2.788005E+03,  3.790234E-09,  2.653164E-13,  6.067500E+03,  9.980800E-01
  2.790800E+03,  3.656115E-09,  2.559281E-13,  6.070000E+03,  9.980300E-01
  2.793598E+03,  3.149798E-09,  2.204859E-13,  6.072500E+03,  9.981100E-01
  2.796398E+03,  2.714112E-09,  1.899878E-13,  6.075000E+03,  9.982700E-01
  2.799202E+03,  2.950605E-09,  2.065423E-13,  6.077500E+03,  9.984600E-01
  2.802008E+03,  3.002982E-09,  2.102088E-13,  6.080000E+03,  9.986300E-01
  2.804817E+03,  3.172813E-09,  2.220969E-13,  6.082500E+03,  9.987800E-01
  2.807629E+03,  3.680717E-09,  2.576502E-13,  6.085000E+03,  9.988900E-01
  2.810443E+03,  3.848166E-09,  2.693716E-13,  6.087500E+03,  9.989700E-01
  2.813261E+03,  3.828327E-09,  2.679829E-13,  6.090000E+03,  9.990000E-01
  2.816081E+03,  3.868006E-09,  2.707605E-13,  6.092500E+03,  9.989600E-01
  2.818904E+03,  3.902131E-09,  2.731492E-13,  6.095000E+03,  9.988700E-01
  2.821730E+03,  3.897369E-09,  2.728159E-13,  6.097500E+03,  9.988100E-01
  2.824559E+03,  3.844992E-09,  2.691494E-13,  6.100000E+03,  9.988300E-01
  2.827390E+03,  3.782298E-09,  2.647608E-13,  6.102500E+03,  9.989700E-01
  2.830225E+03,  3.703731E-09,  2.592612E-13,  6.105000E+03,  9.992300E-01
  2.833062E+03,  3.673574E-09,  2.571502E-13,  6.107500E+03,  9.994600E-01
  2.835902E+03,  3.682304E-09,  2.577613E-13,  6.110000E+03,  9.995600E-01
  2.838745E+03,  3.627546E-09,  2.539282E-13,  6.112500E+03,  9.994400E-01
  2.841591E+03,  3.564057E-09,  2.494840E-13,  6.115000E+03,  9.992100E-01
  2.844440E+03,  3.617229E-09,  2.532060E-13,  6.117500E+03,  9.989700E-01
  2.847291E+03,  3.651354E-09,  2.555948E-13,  6.120000E+03,  9.988200E-01
  2.850146E+03,  3.583898E-09,  2.508728E-13,  6.122500E+03,  9.987900E-01
  2.853003E+03,  3.570406E-09,  2.499285E-13,  6.125000E+03,  9.989000E-01
  2.855863E+03,  3.563264E-09,  2.494285E-13,  6.127500E+03,  9.990400E-01
  2.858726E+03,  3.572787E-09,  2.500951E-13,  6.130000E+03,  9.991200E-01
  2.861592E+03,  3.673574E-09,  2.571502E-13,  6.132500E+03,  9.991400E-01
  2.864461E+03,  3.658496E-09,  2.560947E-13,  6.135000E+03,  9.991100E-01
  2.867333E+03,  3.597389E-09,  2.518172E-13,  6.137500E+03,  9.991000E-01
  2.870207E+03,  3.591040E-09,  2.513728E-13,  6.140000E+03,  9.991200E-01
  2.873084E+03,  3.589453E-09,  2.512617E-13,  6.142500E+03,  9.991900E-01
  2.875965E+03,  3.561677E-09,  2.493174E-13,  6.145000E+03,  9.993100E-01
  2.878848E+03,  3.579929E-09,  2.505951E-13,  6.147500E+03,  9.994200E-01
  2.881734E+03,  3.633101E-09,  2.543171E-13,  6.150000E+03,  9.995100E-01
  2.884623E+03,  3.703731E-09,  2.592612E-13,  6.152500E+03,  9.995800E-01
  2.887515E+03,  3.679923E-09,  2.575946E-13,  6.155000E+03,  9.996200E-01
  2.890409E+03,  3.611674E-09,  2.528172E-13,  6.157500E+03,  9.996300E-01
  2.893307E+03,  3.594214E-09,  2.515950E-13,  6.160000E+03,  9.996100E-01
  2.896208E+03,  3.601357E-09,  2.520950E-13,  6.162500E+03,  9.995700E-01
  2.899111E+03,  3.691827E-09,  2.584279E-13,  6.165000E+03,  9.995100E-01
  2.902017E+03,  3.810074E-09,  2.667052E-13,  6.167500E+03,  9.994000E-01
  2.904927E+03,  3.833088E-09,  2.683162E-13,  6.170000E+03,  9.992200E-01
  2.907839E+03,  3.803725E-09,  2.662608E-13,  6.172500E+03,  9.989400E-01
  2.910754E+03,  3.805312E-09,  2.663718E-13,  6.175000E+03,  9.986200E-01
  2.913672E+03,  3.834675E-09,  2.684273E-13,  6.177500E+03,  9.983200E-01
  2.916593E+03,  3.827533E-09,  2.679273E-13,  6.180000E+03,  9.981400E-01
  2.919517E+03,  3.810074E-09,  2.667052E-13,  6.182500E+03,  9.981300E-01
  2.922444E+03,  3.746586E-09,  2.622610E-13,  6.185000E+03,  9.982500E-01
  2.925373E+03,  3.670400E-09,  2.569280E-13,  6.187500E+03,  9.984300E-01
  2.928306E+03,  3.629133E-09,  2.540393E-13,  6.190000E+03,  9.986100E-01
  2.931242E+03,  3.668813E-09,  2.568169E-13,  6.192500E+03,  9.987500E-01
  2.934180E+03,  3.687859E-09,  2.581501E-13,  6.195000E+03,  9.988800E-01
  2.937122E+03,  3.670400E-09,  2.569280E-13,  6.197500E+03,  9.990000E-01
  2.940066E+03,  3.681510E-09,  2.577057E-13,  6.200000E+03,  9.990900E-01
  2.943014E+03,  3.682304E-09,  2.577613E-13,  6.202500E+03,  9.990900E-01
  2.945964E+03,  3.654528E-09,  2.558170E-13,  6.205000E+03,  9.990600E-01
  2.948917E+03,  3.644211E-09,  2.550948E-13,  6.207500E+03,  9.990300E-01
  2.951874E+03,  3.671194E-09,  2.569836E-13,  6.210000E+03,  9.991100E-01
  2.954833E+03,  3.695002E-09,  2.586501E-13,  6.212500E+03,  9.993400E-01
  2.957795E+03,  3.744205E-09,  2.620944E-13,  6.215000E+03,  9.996500E-01
  2.960760E+03,  3.733094E-09,  2.613166E-13,  6.217500E+03,  9.998900E-01
  2.963729E+03,  3.681510E-09,  2.577057E-13,  6.220000E+03,  1.000000E+00
  2.966700E+03,  3.650560E-09,  2.555392E-13,  6.222500E+03,  9.999100E-01
  2.969674E+03,  3.649766E-09,  2.554836E-13,  6.225000E+03,  9.996400E-01
  2.972651E+03,  3.668019E-09,  2.567614E-13,  6.227500E+03,  9.992800E-01
  2.975631E+03,  3.722778E-09,  2.605944E-13,  6.230000E+03,  9.989200E-01
  2.978614E+03,  3.699763E-09,  2.589834E-13,  6.232500E+03,  9.985700E-01
  2.981600E+03,  3.645005E-09,  2.551503E-13,  6.235000E+03,  9.982200E-01
  2.984589E+03,  3.594214E-09,  2.515950E-13,  6.237500E+03,  9.979200E-01
  2.987581E+03,  3.641037E-09,  2.548726E-13,  6.240000E+03,  9.977200E-01
  2.990576E+03,  3.741824E-09,  2.619277E-13,  6.242500E+03,  9.976400E-01
  2.993574E+03,  3.775949E-09,  2.643164E-13,  6.245000E+03,  9.976900E-01
  2.996575E+03,  3.765632E-09,  2.635942E-13,  6.247500E+03,  9.977800E-01
  2.999580E+03,  3.708493E-09,  2.595945E-13,  6.250000E+03,  9.978500E-01
  3.002587E+03,  3.661670E-09,  2.563169E-13,  6.252500E+03,  9.978500E-01
  3.005597E+03,  3.724365E-09,  2.607055E-13,  6.255000E+03,  9.978100E-01
  3.008610E+03,  3.779123E-09,  2.645386E-13,  6.257500E+03,  9.978000E-01
  3.011626E+03,  3.791027E-09,  2.653719E-13,  6.260000E+03,  9.978300E-01
  3.014645E+03,  3.779123E-09,  2.645386E-13,  6.262500E+03,  9.979000E-01
  3.017667E+03,  3.733888E-09,  2.613722E-13,  6.265000E+03,  9.980200E-01
  3.020693E+03,  3.696589E-09,  2.587612E-13,  6.267500E+03,  9.981400E-01
  3.023721E+03,  3.712461E-09,  2.598723E-13,  6.270000E+03,  9.981800E-01
  3.026752E+03,  3.718016E-09,  2.602611E-13,  6.272500E+03,  9.981300E-01
  3.029786E+03,  3.716429E-09,  2.601500E-13,  6.275000E+03,  9.980300E-01
  3.032824E+03,  3.717222E-09,  2.602056E-13,  6.277500E+03,  9.979300E-01
  3.035864E+03,  3.709286E-09,  2.596501E-13,  6.280000E+03,  9.978700E-01
  3.038908E+03,  3.687859E-09,  2.581501E-13,  6.282500E+03,  9.978900E-01
  3.041954E+03,  3.681510E-09,  2.577057E-13,  6.285000E+03,  9.979800E-01
  3.045004E+03,  3.698176E-09,  2.588723E-13,  6.287500E+03,  9.980600E-01
  3.048056E+03,  3.679923E-09,  2.575946E-13,  6.290000E+03,  9.980600E-01
  3.051112E+03,  3.682304E-09,  2.577613E-13,  6.292500E+03,  9.979300E-01
  3.054171E+03,  3.691034E-09,  2.583724E-13,  6.295000E+03,  9.977400E-01
  3.057233E+03,  3.633101E-09,  2.543171E-13,  6.297500E+03,  9.975600E-01
  3.060297E+03,  3.624371E-09,  2.537060E-13,  6.300000E+03,  9.974500E-01
  3.063365E+03,  3.648179E-09,  2.553725E-13,  6.302500E+03,  9.974200E-01
  3.066436E+03,  3.626752E-09,  2.538726E-13,  6.305000E+03,  9.974800E-01
  3.069511E+03,  3.634688E-09,  2.544282E-13,  6.307500E+03,  9.975900E-01
  3.072588E+03,  3.622784E-09,  2.535949E-13,  6.310000E+03,  9.977600E-01
  3.075668E+03,  3.610087E-09,  2.527061E-13,  6.312500E+03,  9.979800E-01
  3.078751E+03,  3.629926E-09,  2.540949E-13,  6.315000E+03,  9.982300E-01
  3.081838E+03,  3.678336E-09,  2.574835E-13,  6.317500E+03,  9.984500E-01
  3.084927E+03,  3.691034E-09,  2.583724E-13,  6.320000E+03,  9.985600E-01
  3.088020E+03,  3.650560E-09,  2.555392E-13,  6.322500E+03,  9.985300E-01
  3.091116E+03,  3.610880E-09,  2.527616E-13,  6.325000E+03,  9.983800E-01
  3.094215E+03,  3.591040E-09,  2.513728E-13,  6.327500E+03,  9.981800E-01
  3.097317E+03,  3.602150E-09,  2.521505E-13,  6.330000E+03,  9.980300E-01
  3.100422E+03,  3.597389E-09,  2.518172E-13,  6.332500E+03,  9.979500E-01
  3.103530E+03,  3.557709E-09,  2.490396E-13,  6.335000E+03,  9.979200E-01
  3.106641E+03,  3.564851E-09,  2.495396E-13,  6.337500E+03,  9.978800E-01
  3.109755E+03,  3.627546E-09,  2.539282E-13,  6.340000E+03,  9.977900E-01
  3.112873E+03,  3.637069E-09,  2.545948E-13,  6.342500E+03,  9.976200E-01
  3.115994E+03,  3.583898E-09,  2.508728E-13,  6.345000E+03,  9.973900E-01
  3.119117E+03,  3.521997E-09,  2.465398E-13,  6.347500E+03,  9.972000E-01
  3.122244E+03,  3.537075E-09,  2.475953E-13,  6.350000E+03,  9.971300E-01
  3.125374E+03,  3.567232E-09,  2.497062E-13,  6.352500E+03,  9.972300E-01
  3.128508E+03,  3.571994E-09,  2.500396E-13,  6.355000E+03,  9.974200E-01
  3.131644E+03,  3.549773E-09,  2.484841E-13,  6.357500E+03,  9.976300E-01
  3.134783E+03,  3.548186E-09,  2.483730E-13,  6.360000E+03,  9.977700E-01
  3.137926E+03,  3.595802E-09,  2.517061E-13,  6.362500E+03,  9.978000E-01
  3.141072E+03,  3.632307E-09,  2.542615E-13,  6.365000E+03,  9.977200E-01
  3.144221E+03,  3.602944E-09,  2.522061E-13,  6.367500E+03,  9.976300E-01
  3.147373E+03,  3.579136E-09,  2.505395E-13,  6.370000E+03,  9.976300E-01
  3.150528E+03,  3.591833E-09,  2.514284E-13,  6.372500E+03,  9.977800E-01
  3.153686E+03,  3.579929E-09,  2.505951E-13,  6.375000E+03,  9.979700E-01
  3.156848E+03,  3.551360E-09,  2.485952E-13,  6.377500E+03,  9.981300E-01
  3.160013E+03,  3.501363E-09,  2.450954E-13,  6.380000E+03,  9.981600E-01
  3.163181E+03,  3.480730E-09,  2.436511E-13,  6.382500E+03,  9.980200E-01
  3.166352E+03,  3.517235E-09,  2.462065E-13,  6.385000E+03,  9.977300E-01
  3.169526E+03,  3.537869E-09,  2.476508E-13,  6.387500E+03,  9.974000E-01
  3.172704E+03,  3.583104E-09,  2.508173E-13,  6.390000E+03,  9.971200E-01
  3.175884E+03,  3.571200E-09,  2.499840E-13,  6.392500E+03,  9.969500E-01
  3.179068E+03,  3.460890E-09,  2.422623E-13,  6.395000E+03,  9.968300E-01
  3.182255E+03,  3.422797E-09,  2.395958E-13,  6.397500E+03,  9.967400E-01
  3.185445E+03,  3.476761E-09,  2.433733E-13,  6.400000E+03,  9.966500E-01
  3.188639E+03,  3.493427E-09,  2.445399E-13,  6.402500E+03,  9.965700E-01
  3.191835E+03,  3.463270E-09,  2.424289E-13,  6.405000E+03,  9.964700E-01
  3.195035E+03,  3.433907E-09,  2.403735E-13,  6.407500E+03,  9.964200E-01
  3.198238E+03,  3.483111E-09,  2.438177E-13,  6.410000E+03,  9.964300E-01
  3.201444E+03,  3.541043E-09,  2.478730E-13,  6.412500E+03,  9.965100E-01
  3.204654E+03,  3.555328E-09,  2.488730E-13,  6.415000E+03,  9.966500E-01
  3.207866E+03,  3.522790E-09,  2.465953E-13,  6.417500E+03,  9.968000E-01
  3.211082E+03,  3.442637E-09,  2.409846E-13,  6.420000E+03,  9.969300E-01
  3.214301E+03,  3.417242E-09,  2.392069E-13,  6.422500E+03,  9.970200E-01
  3.217524E+03,  3.443430E-09,  2.410401E-13,  6.425000E+03,  9.970700E-01
  3.220749E+03,  3.485491E-09,  2.439844E-13,  6.427500E+03,  9.970900E-01
  3.223978E+03,  3.487872E-09,  2.441510E-13,  6.430000E+03,  9.970700E-01
  3.227210E+03,  3.433907E-09,  2.403735E-13,  6.432500E+03,  9.970200E-01
  3.230446E+03,  3.397401E-09,  2.378181E-13,  6.435000E+03,  9.969300E-01
  3.233684E+03,  3.389466E-09,  2.372626E-13,  6.437500E+03,  9.968000E-01
  3.236926E+03,  3.368832E-09,  2.358182E-13,  6.440000E+03,  9.966400E-01
  3.240171E+03,  3.389466E-09,  2.372626E-13,  6.442500E+03,  9.964300E-01
  3.243419E+03,  3.450573E-09,  2.415401E-13,  6.445000E+03,  9.961900E-01
  3.246671E+03,  3.470413E-09,  2.429289E-13,  6.447500E+03,  9.959700E-01
  3.249925E+03,  3.440256E-09,  3.743236E-13,  6.450000E+03,  9.957800E-01
  3.253183E+03,  3.421209E-09,  5.599484E-13,  6.452500E+03,  9.956500E-01
  3.256445E+03,  3.429939E-09,  8.445669E-13,  6.455000E+03,  9.955800E-01
  3.259709E+03,  3.448192E-09,  1.270231E-12,  6.457500E+03,  9.955800E-01
  3.262977E+03,  3.472000E-09,  1.918119E-12,  6.460000E+03,  9.956900E-01
  3.266248E+03,  3.476761E-09,  2.780919E-12,  6.462500E+03,  9.959200E-01
  3.269523E+03,  3.458509E-09,  3.902803E-12,  6.465000E+03,  9.962700E-01
  3.272801E+03,  3.445018E-09,  5.290439E-12,  6.467500E+03,  9.966000E-01
  3.276082E+03,  3.414861E-09,  7.080107E-12,  6.470000E+03,  9.968000E-01
  3.279366E+03,  3.387878E-09,  9.318261E-12,  6.472500E+03,  9.968400E-01
  3.282653E+03,  3.420416E-09,  1.218882E-11,  6.475000E+03,  9.967400E-01
  3.285944E+03,  3.450573E-09,  1.571670E-11,  6.477500E+03,  9.965700E-01
  3.289238E+03,  3.454541E-09,  1.991366E-11,  6.480000E+03,  9.963400E-01
  3.292536E+03,  3.464064E-09,  2.465295E-11,  6.482500E+03,  9.960500E-01
  3.295837E+03,  3.455335E-09,  3.007881E-11,  6.485000E+03,  9.957100E-01
  3.299141E+03,  3.464064E-09,  3.637929E-11,  6.487500E+03,  9.954200E-01
  3.302448E+03,  3.461683E-09,  4.323028E-11,  6.490000E+03,  9.952400E-01
  3.305759E+03,  3.445811E-09,  5.065431E-11,  6.492500E+03,  9.952100E-01
  3.309073E+03,  3.445018E-09,  5.903155E-11,  6.495000E+03,  9.953200E-01
  3.312390E+03,  3.446605E-09,  6.794598E-11,  6.497500E+03,  9.954600E-01
  3.315711E+03,  3.444224E-09,  7.746988E-11,  6.500000E+03,  9.955700E-01
  3.319035E+03,  3.436288E-09,  8.742384E-11,  6.502500E+03,  9.956400E-01
  3.322362E+03,  3.397401E-09,  9.683309E-11,  6.505000E+03,  9.956500E-01
  3.325693E+03,  3.381529E-09,  1.071666E-10,  6.507500E+03,  9.956600E-01
  3.329027E+03,  3.391846E-09,  1.187454E-10,  6.510000E+03,  9.956400E-01
  3.332364E+03,  3.395814E-09,  1.304365E-10,  6.512500E+03,  9.955900E-01
  3.335705E+03,  3.377562E-09,  1.415970E-10,  6.515000E+03,  9.955300E-01
  3.339049E+03,  3.349786E-09,  1.524584E-10,  6.517500E+03,  9.954700E-01
  3.342396E+03,  3.337882E-09,  1.640157E-10,  6.520000E+03,  9.954200E-01
  3.345747E+03,  3.343437E-09,  1.765730E-10,  6.522500E+03,  9.954200E-01
  3.349101E+03,  3.314074E-09,  1.872284E-10,  6.525000E+03,  9.954400E-01
  3.352459E+03,  3.347405E-09,  2.012976E-10,  6.527500E+03,  9.954600E-01
  3.355820E+03,  3.378355E-09,  2.154439E-10,  6.530000E+03,  9.954400E-01
  3.359184E+03,  3.333914E-09,  2.247007E-10,  6.532500E+03,  9.953800E-01
  3.362551E+03,  3.323597E-09,  2.361258E-10,  6.535000E+03,  9.952800E-01
  3.365922E+03,  3.353753E-09,  2.504205E-10,  6.537500E+03,  9.951500E-01
  3.369297E+03,  3.336294E-09,  2.610413E-10,  6.540000E+03,  9.949900E-01
  3.372674E+03,  3.326771E-09,  2.719897E-10,  6.542500E+03,  9.948000E-01
  3.376055E+03,  3.340262E-09,  2.845701E-10,  6.545000E+03,  9.945900E-01
  3.379440E+03,  3.311693E-09,  2.934085E-10,  6.547500E+03,  9.943900E-01
  3.382828E+03,  3.294234E-09,  3.030209E-10,  6.550000E+03,  9.942500E-01
  3.386219E+03,  3.326771E-09,  3.171570E-10,  6.552500E+03,  9.942300E-01
  3.389614E+03,  3.332326E-09,  3.286881E-10,  6.555000E+03,  9.942600E-01
  3.393012E+03,  3.302170E-09,  3.364224E-10,  6.557500E+03,  9.942800E-01
  3.396413E+03,  3.312486E-09,  3.480010E-10,  6.560000E+03,  9.942600E-01
  3.399818E+03,  3.345818E-09,  3.620271E-10,  6.562500E+03,  9.941500E-01
  3.403227E+03,  3.331533E-09,  3.709517E-10,  6.565000E+03,  9.939700E-01
  3.406638E+03,  3.315661E-09,  3.794812E-10,  6.567500E+03,  9.938100E-01
  3.410054E+03,  3.321216E-09,  3.901656E-10,  6.570000E+03,  9.937600E-01
  3.413472E+03,  3.342643E-09,  4.025692E-10,  6.572500E+03,  9.938700E-01
  3.416894E+03,  3.342643E-09,  4.121171E-10,  6.575000E+03,  9.940600E-01
  3.420320E+03,  3.320422E-09,  4.185786E-10,  6.577500E+03,  9.942400E-01
  3.423748E+03,  3.299789E-09,  4.247780E-10,  6.580000E+03,  9.943000E-01
  3.427181E+03,  3.322803E-09,  4.362924E-10,  6.582500E+03,  9.942000E-01
  3.430617E+03,  3.335501E-09,  4.461783E-10,  6.585000E+03,  9.939400E-01
  3.434056E+03,  3.322010E-09,  4.523799E-10,  6.587500E+03,  9.936800E-01
  3.437498E+03,  3.311693E-09,  4.586659E-10,  6.590000E+03,  9.935700E-01
  3.440944E+03,  3.280742E-09,  4.617383E-10,  6.592500E+03,  9.936600E-01
  3.444394E+03,  3.271219E-09,  4.676358E-10,  6.595000E+03,  9.938400E-01
  3.447847E+03,  3.307725E-09,  4.798890E-10,  6.597500E+03,  9.940300E-01
  3.451304E+03,  3.321216E-09,  4.884006E-10,  6.600000E+03,  9.941400E-01
  3.454763E+03,  3.303757E-09,  4.919793E-10,  6.602500E+03,  9.941100E-01
  3.458227E+03,  3.278362E-09,  4.938583E-10,  6.605000E+03,  9.939400E-01
  3.461694E+03,  3.260902E-09,  4.966336E-10,  6.607500E+03,  9.937500E-01
  3.465164E+03,  3.272807E-09,  5.036551E-10,  6.610000E+03,  9.936100E-01
  3.468638E+03,  3.283917E-09,  5.102183E-10,  6.612500E+03,  9.935600E-01
  3.472115E+03,  3.266457E-09,  5.120748E-10,  6.615000E+03,  9.935500E-01
  3.475596E+03,  3.237888E-09,  5.118200E-10,  6.617500E+03,  9.935100E-01
  3.479080E+03,  3.253760E-09,  5.182621E-10,  6.620000E+03,  9.933900E-01
  3.482568E+03,  3.269632E-09,  5.244858E-10,  6.622500E+03,  9.931800E-01
  3.486059E+03,  3.265664E-09,  5.272958E-10,  6.625000E+03,  9.928800E-01
  3.489554E+03,  3.245031E-09,  5.270862E-10,  6.627500E+03,  9.925800E-01
  3.493052E+03,  3.222810E-09,  5.263576E-10,  6.630000E+03,  9.923900E-01
  3.496554E+03,  3.218048E-09,  5.282044E-10,  6.632500E+03,  9.923100E-01
  3.500060E+03,  3.245031E-09,  5.350136E-10,  6.635000E+03,  9.923300E-01
  3.503568E+03,  3.260109E-09,  5.396859E-10,  6.637500E+03,  9.923700E-01
  3.507081E+03,  3.252173E-09,  5.402929E-10,  6.640000E+03,  9.924300E-01
  3.510597E+03,  3.237888E-09,  5.394851E-10,  6.642500E+03,  9.924700E-01
  3.514116E+03,  3.233920E-09,  5.401554E-10,  6.645000E+03,  9.924900E-01
  3.517639E+03,  3.249792E-09,  5.438184E-10,  6.647500E+03,  9.925300E-01
  3.521165E+03,  3.252966E-09,  5.450993E-10,  6.650000E+03,  9.925900E-01
  3.524695E+03,  3.244237E-09,  5.442096E-10,  6.652500E+03,  9.926900E-01
  3.528229E+03,  3.245031E-09,  5.446797E-10,  6.655000E+03,  9.928000E-01
  3.531766E+03,  3.246618E-09,  5.452905E-10,  6.657500E+03,  9.929200E-01
  3.535306E+03,  3.237888E-09,  5.441714E-10,  6.660000E+03,  9.930300E-01
  3.538851E+03,  3.237888E-09,  5.442566E-10,  6.662500E+03,  9.931000E-01
  3.542398E+03,  3.239475E-09,  5.443991E-10,  6.665000E+03,  9.931500E-01
  3.545949E+03,  3.239475E-09,  5.439222E-10,  6.667500E+03,  9.931800E-01
  3.549504E+03,  3.238681E-09,  5.431325E-10,  6.670000E+03,  9.931600E-01
  3.553063E+03,  3.229158E-09,  5.407605E-10,  6.672500E+03,  9.930900E-01
  3.556625E+03,  3.218048E-09,  5.379950E-10,  6.675000E+03,  9.929700E-01
  3.560190E+03,  3.215667E-09,  5.364285E-10,  6.677500E+03,  9.928100E-01
  3.563759E+03,  3.203763E-09,  5.330061E-10,  6.680000E+03,  9.926300E-01
  3.567332E+03,  3.180749E-09,  5.275427E-10,  6.682500E+03,  9.924300E-01
  3.570908E+03,  3.167258E-09,  5.237381E-10,  6.685000E+03,  9.922300E-01
  3.574488E+03,  3.169638E-09,  5.226844E-10,  6.687500E+03,  9.920100E-01
  3.578071E+03,  3.172813E-09,  5.216521E-10,  6.690000E+03,  9.917700E-01
  3.581658E+03,  3.162496E-09,  5.181267E-10,  6.692500E+03,  9.915100E-01
  3.585249E+03,  3.152179E-09,  5.143448E-10,  6.695000E+03,  9.912500E-01
  3.588843E+03,  3.160909E-09,  5.135255E-10,  6.697500E+03,  9.910400E-01
  3.592441E+03,  3.176781E-09,  5.138182E-10,  6.700000E+03,  9.909300E-01
  3.596043E+03,  3.179955E-09,  5.120093E-10,  6.702500E+03,  9.909700E-01
  3.599648E+03,  3.179162E-09,  5.096166E-10,  6.705000E+03,  9.911300E-01
  3.603256E+03,  3.167258E-09,  5.054874E-10,  6.707500E+03,  9.912800E-01
  3.606869E+03,  3.151386E-09,  5.007906E-10,  6.710000E+03,  9.912800E-01
  3.610484E+03,  3.145037E-09,  4.973740E-10,  6.712500E+03,  9.910300E-01
  3.614104E+03,  3.141069E-09,  4.940230E-10,  6.715000E+03,  9.906700E-01
  3.617727E+03,  3.136307E-09,  4.904758E-10,  6.717500E+03,  9.903300E-01
  3.621354E+03,  3.133926E-09,  4.875399E-10,  6.720000E+03,  9.901900E-01
  3.624984E+03,  3.141862E-09,  4.864957E-10,  6.722500E+03,  9.902900E-01
  3.628618E+03,  3.135514E-09,  4.832512E-10,  6.725000E+03,  9.906300E-01
  3.632256E+03,  3.118848E-09,  4.782556E-10,  6.727500E+03,  9.910000E-01
  3.635897E+03,  3.132339E-09,  4.777187E-10,  6.730000E+03,  9.912200E-01
  3.639542E+03,  3.133926E-09,  4.754131E-10,  6.732500E+03,  9.912300E-01
  3.643191E+03,  3.121229E-09,  4.711325E-10,  6.735000E+03,  9.911000E-01
  3.646843E+03,  3.118848E-09,  4.684715E-10,  6.737500E+03,  9.909300E-01
  3.650499E+03,  3.123610E-09,  4.668614E-10,  6.740000E+03,  9.907400E-01
  3.654159E+03,  3.134720E-09,  4.662943E-10,  6.742500E+03,  9.905900E-01
  3.657822E+03,  3.137101E-09,  4.644298E-10,  6.745000E+03,  9.904400E-01
  3.661489E+03,  3.132339E-09,  4.613817E-10,  6.747500E+03,  9.902800E-01
  3.665160E+03,  3.133133E-09,  4.590878E-10,  6.750000E+03,  9.900800E-01
  3.668834E+03,  3.132339E-09,  4.566277E-10,  6.752500E+03,  9.898300E-01
  3.672512E+03,  3.125990E-09,  4.535748E-10,  6.755000E+03,  9.895500E-01
  3.676194E+03,  3.104563E-09,  4.485900E-10,  6.757500E+03,  9.892800E-01
  3.679879E+03,  3.076787E-09,  4.428077E-10,  6.760000E+03,  9.890500E-01
  3.683568E+03,  3.045837E-09,  4.367134E-10,  6.762500E+03,  9.888700E-01
  3.687261E+03,  3.018854E-09,  4.312839E-10,  6.765000E+03,  9.887500E-01
  3.690958E+03,  3.012506E-09,  4.287417E-10,  6.767500E+03,  9.886800E-01
  3.694658E+03,  2.999014E-09,  4.250646E-10,  6.770000E+03,  9.886200E-01
  3.698362E+03,  2.984730E-09,  4.214028E-10,  6.772500E+03,  9.886000E-01
  3.702069E+03,  2.959334E-09,  4.165160E-10,  6.775000E+03,  9.885800E-01
  3.705781E+03,  2.944256E-09,  4.133480E-10,  6.777500E+03,  9.885900E-01
  3.709496E+03,  2.965683E-09,  4.153393E-10,  6.780000E+03,  9.886100E-01
  3.713214E+03,  2.968858E-09,  4.145925E-10,  6.782500E+03,  9.886400E-01
  3.716937E+03,  3.156147E-09,  4.394085E-10,  6.785000E+03,  9.886700E-01
  3.720663E+03,  3.033139E-09,  4.210715E-10,  6.787500E+03,  9.886800E-01
  3.724393E+03,  3.103770E-09,  4.297425E-10,  6.790000E+03,  9.886300E-01
  3.728127E+03,  3.496602E-09,  4.829851E-10,  6.792500E+03,  9.885100E-01
  3.731864E+03,  3.297408E-09,  4.545091E-10,  6.795000E+03,  9.883400E-01
  3.735605E+03,  3.058534E-09,  4.207812E-10,  6.797500E+03,  9.881500E-01
  3.739350E+03,  3.689446E-09,  5.068605E-10,  6.800000E+03,  9.879600E-01
  3.743099E+03,  4.176717E-09,  5.731843E-10,  6.802500E+03,  9.877900E-01
  3.746852E+03,  3.701350E-09,  5.076142E-10,  6.805000E+03,  9.876500E-01
  3.750608E+03,  3.142656E-09,  4.309601E-10,  6.807500E+03,  9.875000E-01
  3.754368E+03,  3.786266E-09,  5.193899E-10,  6.810000E+03,  9.873100E-01
  3.758132E+03,  4.835405E-09,  6.638660E-10,  6.812500E+03,  9.871100E-01
  3.761899E+03,  5.163955E-09,  7.096739E-10,  6.815000E+03,  9.868900E-01
  3.765670E+03,  4.503680E-09,  6.197403E-10,  6.817500E+03,  9.866900E-01
  3.769445E+03,  3.408512E-09,  4.698371E-10,  6.820000E+03,  9.865000E-01
  3.773224E+03,  3.428352E-09,  4.734583E-10,  6.822500E+03,  9.863300E-01
  3.777007E+03,  4.786995E-09,  6.628013E-10,  6.825000E+03,  9.862100E-01
  3.780793E+03,  6.151193E-09,  8.548741E-10,  6.827500E+03,  9.860900E-01
  3.784584E+03,  6.724173E-09,  9.390313E-10,  6.830000E+03,  9.859700E-01
  3.788378E+03,  6.336102E-09,  8.901855E-10,  6.832500E+03,  9.858300E-01
  3.792176E+03,  5.129037E-09,  7.254420E-10,  6.835000E+03,  9.856900E-01
  3.795977E+03,  3.664051E-09,  5.221309E-10,  6.837500E+03,  9.855700E-01
  3.799783E+03,  3.291059E-09,  4.729869E-10,  6.840000E+03,  9.854600E-01
  3.803592E+03,  4.494950E-09,  6.521301E-10,  6.842500E+03,  9.853600E-01
  3.807405E+03,  6.081357E-09,  8.916495E-10,  6.845000E+03,  9.853000E-01
  3.811222E+03,  7.231283E-09,  1.072990E-09,  6.847500E+03,  9.852300E-01
  3.815043E+03,  7.759820E-09,  1.166487E-09,  6.850000E+03,  9.851600E-01
  3.818867E+03,  7.785216E-09,  1.187277E-09,  6.852500E+03,  9.850600E-01
  3.822696E+03,  7.259059E-09,  1.123724E-09,  6.855000E+03,  9.849600E-01
  3.826528E+03,  6.178176E-09,  9.716464E-10,  6.857500E+03,  9.848500E-01
  3.830364E+03,  4.704461E-09,  7.525095E-10,  6.860000E+03,  9.847100E-01
  3.834204E+03,  3.372006E-09,  5.490827E-10,  6.862500E+03,  9.845800E-01
  3.838048E+03,  3.345024E-09,  5.551296E-10,  6.865000E+03,  9.844500E-01
  3.841896E+03,  4.717158E-09,  7.984515E-10,  6.867500E+03,  9.843100E-01
  3.845747E+03,  6.303565E-09,  1.088848E-09,  6.870000E+03,  9.841600E-01
  3.849602E+03,  7.469363E-09,  1.318223E-09,  6.872500E+03,  9.839900E-01
  3.853462E+03,  8.142336E-09,  1.469279E-09,  6.875000E+03,  9.838300E-01
  3.857325E+03,  8.459776E-09,  1.562305E-09,  6.877500E+03,  9.836900E-01
  3.861192E+03,  8.618496E-09,  1.629651E-09,  6.880000E+03,  9.836200E-01
  3.865063E+03,  8.666112E-09,  1.677988E-09,  6.882500E+03,  9.836500E-01
  3.868937E+03,  8.539136E-09,  1.694161E-09,  6.885000E+03,  9.837700E-01
  3.872816E+03,  8.078848E-09,  1.642597E-09,  6.887500E+03,  9.838500E-01
  3.876698E+03,  7.245568E-09,  1.510335E-09,  6.890000E+03,  9.838100E-01
  3.880585E+03,  6.036915E-09,  1.290504E-09,  6.892500E+03,  9.835600E-01
  3.884475E+03,  4.528282E-09,  9.929543E-10,  6.895000E+03,  9.832000E-01
  3.888369E+03,  3.279949E-09,  7.378675E-10,  6.897500E+03,  9.828400E-01
  3.892267E+03,  3.472000E-09,  8.011114E-10,  6.900000E+03,  9.825600E-01
  3.896169E+03,  4.858419E-09,  1.149513E-09,  6.902500E+03,  9.824100E-01
  3.900075E+03,  6.260710E-09,  1.518763E-09,  6.905000E+03,  9.823800E-01
  3.903985E+03,  7.320960E-09,  1.820377E-09,  6.907500E+03,  9.824300E-01
  3.907899E+03,  8.102656E-09,  2.064799E-09,  6.910000E+03,  9.825500E-01
  3.911817E+03,  8.578816E-09,  2.240297E-09,  6.912500E+03,  9.828000E-01
  3.915738E+03,  8.808960E-09,  2.356807E-09,  6.915000E+03,  9.831000E-01
  3.919664E+03,  8.959744E-09,  2.454956E-09,  6.917500E+03,  9.833000E-01
  3.923593E+03,  9.023232E-09,  2.530033E-09,  6.920000E+03,  9.832400E-01
  3.927527E+03,  8.920064E-09,  2.557948E-09,  6.922500E+03,  9.828000E-01
  3.931464E+03,  8.420096E-09,  2.468878E-09,  6.925000E+03,  9.820300E-01
  3.935405E+03,  8.134400E-09,  2.438025E-09,  6.927500E+03,  9.812700E-01
  3.939350E+03,  8.531200E-09,  2.612105E-09,  6.930000E+03,  9.807800E-01
  3.943300E+03,  8.642304E-09,  2.700778E-09,  6.932500E+03,  9.806900E-01
  3.947253E+03,  8.443904E-09,  2.691270E-09,  6.935000E+03,  9.808500E-01
  3.951210E+03,  8.094720E-09,  2.630193E-09,  6.937500E+03,  9.810400E-01
  3.955171E+03,  7.498726E-09,  2.483250E-09,  6.940000E+03,  9.811000E-01
  3.959136E+03,  6.542438E-09,  2.206805E-09,  6.942500E+03,  9.809400E-01
  3.963105E+03,  5.217126E-09,  1.791353E-09,  6.945000E+03,  9.805800E-01
  3.967078E+03,  3.735475E-09,  1.304810E-09,  6.947500E+03,  9.802100E-01
  3.971055E+03,  3.029965E-09,  1.076038E-09,  6.950000E+03,  9.799400E-01
  3.975036E+03,  3.874355E-09,  1.398106E-09,  6.952500E+03,  9.798300E-01
  3.979021E+03,  5.346483E-09,  1.959744E-09,  6.955000E+03,  9.798000E-01
  3.983010E+03,  6.598784E-09,  2.456732E-09,  6.957500E+03,  9.797800E-01
  3.987003E+03,  7.478886E-09,  2.827576E-09,  6.960000E+03,  9.797300E-01
  3.991000E+03,  8.039168E-09,  3.084871E-09,  6.962500E+03,  9.796300E-01
  3.995001E+03,  8.356608E-09,  3.253072E-09,  6.965000E+03,  9.794600E-01
  3.999006E+03,  8.523264E-09,  3.363911E-09,  6.967500E+03,  9.792800E-01
  4.003015E+03,  8.602624E-09,  3.440183E-09,  6.970000E+03,  9.790800E-01
  4.007028E+03,  8.666112E-09,  3.509806E-09,  6.972500E+03,  9.788600E-01
  4.011045E+03,  8.729600E-09,  3.580077E-09,  6.975000E+03,  9.786300E-01
  4.015066E+03,  8.761344E-09,  3.638372E-09,  6.977500E+03,  9.784400E-01
  4.019091E+03,  8.785152E-09,  3.694113E-09,  6.980000E+03,  9.783200E-01
  4.023120E+03,  8.721664E-09,  3.713850E-09,  6.982500E+03,  9.783200E-01
  4.027154E+03,  8.642304E-09,  3.726476E-09,  6.985000E+03,  9.784100E-01
  4.031191E+03,  8.658176E-09,  3.778218E-09,  6.987500E+03,  9.784900E-01
  4.035232E+03,  8.705792E-09,  3.842289E-09,  6.990000E+03,  9.785000E-01
  4.039277E+03,  8.705792E-09,  3.884427E-09,  6.992500E+03,  9.783900E-01
  4.043327E+03,  8.634368E-09,  3.894206E-09,  6.995000E+03,  9.782000E-01
  4.047380E+03,  8.555008E-09,  3.899447E-09,  6.997500E+03,  9.779900E-01
  4.051438E+03,  8.555008E-09,  3.941009E-09,  7.000000E+03,  9.778000E-01
  4.055499E+03,  8.515328E-09,  3.964560E-09,  7.002500E+03,  9.776900E-01
  4.059565E+03,  8.451840E-09,  3.975817E-09,  7.005000E+03,  9.776300E-01
  4.063635E+03,  8.316928E-09,  3.951244E-09,  7.007500E+03,  9.775000E-01
  4.067709E+03,  8.197888E-09,  3.932050E-09,  7.010000E+03,  9.771900E-01
  4.071786E+03,  8.070912E-09,  3.907746E-09,  7.012500E+03,  9.766500E-01
  4.075868E+03,  7.890765E-09,  3.856313E-09,  7.015000E+03,  9.759700E-01
  4.079954E+03,  7.637606E-09,  3.767244E-09,  7.017500E+03,  9.752800E-01
  4.084045E+03,  7.252710E-09,  3.610265E-09,  7.020000E+03,  9.747000E-01
  4.088139E+03,  6.601959E-09,  3.316165E-09,  7.022500E+03,  9.742800E-01
  4.092237E+03,  5.629798E-09,  2.852885E-09,  7.025000E+03,  9.740100E-01
  4.096340E+03,  4.351309E-09,  2.224155E-09,  7.027500E+03,  9.738400E-01
  4.100446E+03,  3.180749E-09,  1.639939E-09,  7.030000E+03,  9.737800E-01
  4.104557E+03,  3.140275E-09,  1.633426E-09,  7.032500E+03,  9.738500E-01
  4.108672E+03,  4.258458E-09,  2.234721E-09,  7.035000E+03,  9.740000E-01
  4.112791E+03,  5.511552E-09,  2.917724E-09,  7.037500E+03,  9.741600E-01
  4.116914E+03,  6.463078E-09,  3.450980E-09,  7.040000E+03,  9.742500E-01
  4.121041E+03,  7.086054E-09,  3.815157E-09,  7.042500E+03,  9.742200E-01
  4.125172E+03,  7.437619E-09,  4.036667E-09,  7.045000E+03,  9.740900E-01
  4.129308E+03,  7.589197E-09,  4.150908E-09,  7.047500E+03,  9.739100E-01
  4.133448E+03,  7.745536E-09,  4.268701E-09,  7.050000E+03,  9.737700E-01
  4.137591E+03,  7.916953E-09,  4.395986E-09,  7.052500E+03,  9.737000E-01
  4.141739E+03,  7.975680E-09,  4.462297E-09,  7.055000E+03,  9.736300E-01
  4.145891E+03,  7.983616E-09,  4.501087E-09,  7.057500E+03,  9.735100E-01
  4.150048E+03,  8.023296E-09,  4.558186E-09,  7.060000E+03,  9.733200E-01
  4.154208E+03,  8.031232E-09,  4.597044E-09,  7.062500E+03,  9.730300E-01
  4.158373E+03,  8.023296E-09,  4.626498E-09,  7.065000E+03,  9.726300E-01
  4.162541E+03,  8.023296E-09,  4.660425E-09,  7.067500E+03,  9.722000E-01
  4.166714E+03,  7.999488E-09,  4.680055E-09,  7.070000E+03,  9.717800E-01
  4.170892E+03,  7.936000E-09,  4.676305E-09,  7.072500E+03,  9.713800E-01
  4.175073E+03,  7.866163E-09,  4.668518E-09,  7.075000E+03,  9.710000E-01
  4.179258E+03,  7.863783E-09,  4.700138E-09,  7.077500E+03,  9.706300E-01
  4.183448E+03,  7.886003E-09,  4.745749E-09,  7.080000E+03,  9.702900E-01
  4.187642E+03,  7.891559E-09,  4.780905E-09,  7.082500E+03,  9.699600E-01
  4.191840E+03,  7.890765E-09,  4.812076E-09,  7.085000E+03,  9.696700E-01
  4.196042E+03,  7.854260E-09,  4.821277E-09,  7.087500E+03,  9.694100E-01
  4.200249E+03,  7.793946E-09,  4.815559E-09,  7.090000E+03,  9.692100E-01
  4.204460E+03,  7.799501E-09,  4.850581E-09,  7.092500E+03,  9.690600E-01
  4.208675E+03,  7.820134E-09,  4.894963E-09,  7.095000E+03,  9.689800E-01
  4.212894E+03,  7.787596E-09,  4.905179E-09,  7.097500E+03,  9.689100E-01
  4.217117E+03,  7.737600E-09,  4.903753E-09,  7.100000E+03,  9.688200E-01
  4.221345E+03,  7.715379E-09,  4.920457E-09,  7.102500E+03,  9.687100E-01
  4.225577E+03,  7.653479E-09,  4.912750E-09,  7.105000E+03,  9.685700E-01
  4.229813E+03,  7.598720E-09,  4.908923E-09,  7.107500E+03,  9.684100E-01
  4.234053E+03,  7.569357E-09,  4.919679E-09,  7.110000E+03,  9.682600E-01
  4.238298E+03,  7.586816E-09,  4.959874E-09,  7.112500E+03,  9.680800E-01
  4.242547E+03,  7.574912E-09,  4.979896E-09,  7.115000E+03,  9.678900E-01
  4.246800E+03,  7.524915E-09,  4.973931E-09,  7.117500E+03,  9.676900E-01
  4.251058E+03,  7.506662E-09,  4.989308E-09,  7.120000E+03,  9.674800E-01
  4.255319E+03,  7.515392E-09,  5.023588E-09,  7.122500E+03,  9.672500E-01
  4.259585E+03,  7.487616E-09,  5.034087E-09,  7.125000E+03,  9.670000E-01
  4.263855E+03,  7.477299E-09,  5.056616E-09,  7.127500E+03,  9.667600E-01
  4.268130E+03,  7.451110E-09,  5.068186E-09,  7.130000E+03,  9.665600E-01
  4.272409E+03,  7.371750E-09,  5.042491E-09,  7.132500E+03,  9.664200E-01
  4.276692E+03,  7.374131E-09,  5.071472E-09,  7.135000E+03,  9.663100E-01
  4.280979E+03,  7.383654E-09,  5.104666E-09,  7.137500E+03,  9.661500E-01
  4.285271E+03,  7.341594E-09,  5.101298E-09,  7.140000E+03,  9.659100E-01
  4.289567E+03,  7.266995E-09,  5.074748E-09,  7.142500E+03,  9.655500E-01
  4.293867E+03,  7.184461E-09,  5.042461E-09,  7.145000E+03,  9.650700E-01
  4.298172E+03,  7.090022E-09,  5.001109E-09,  7.147500E+03,  9.646000E-01
  4.302481E+03,  6.984473E-09,  4.950628E-09,  7.150000E+03,  9.642100E-01
  4.306794E+03,  6.909081E-09,  4.920218E-09,  7.152500E+03,  9.639500E-01
  4.311112E+03,  6.801946E-09,  4.866250E-09,  7.155000E+03,  9.637800E-01
  4.315433E+03,  6.622592E-09,  4.759498E-09,  7.157500E+03,  9.636300E-01
  4.319760E+03,  6.364672E-09,  4.594958E-09,  7.160000E+03,  9.634900E-01
  4.324090E+03,  5.922637E-09,  4.295750E-09,  7.162500E+03,  9.633500E-01
  4.328425E+03,  5.268710E-09,  3.839298E-09,  7.165000E+03,  9.632100E-01
  4.332764E+03,  4.379878E-09,  3.206255E-09,  7.167500E+03,  9.630100E-01
  4.337108E+03,  3.310106E-09,  2.434065E-09,  7.170000E+03,  9.627500E-01
  4.341456E+03,  2.749030E-09,  2.030578E-09,  7.172500E+03,  9.623600E-01
  4.345808E+03,  3.333120E-09,  2.473068E-09,  7.175000E+03,  9.619000E-01
  4.350165E+03,  4.368768E-09,  3.255702E-09,  7.177500E+03,  9.614400E-01
  4.354526E+03,  5.246489E-09,  3.926603E-09,  7.180000E+03,  9.610000E-01
  4.358891E+03,  5.885338E-09,  4.422625E-09,  7.182500E+03,  9.605800E-01
  4.363261E+03,  6.284518E-09,  4.740096E-09,  7.185000E+03,  9.602100E-01
  4.367635E+03,  6.513075E-09,  4.929432E-09,  7.187500E+03,  9.599200E-01
  4.372014E+03,  6.644813E-09,  5.046979E-09,  7.190000E+03,  9.597900E-01
  4.376397E+03,  6.728141E-09,  5.129120E-09,  7.192500E+03,  9.598800E-01
  4.380784E+03,  6.737664E-09,  5.155180E-09,  7.195000E+03,  9.600900E-01
  4.385176E+03,  6.691635E-09,  5.138510E-09,  7.197500E+03,  9.602400E-01
  4.389572E+03,  6.736077E-09,  5.191289E-09,  7.200000E+03,  9.601600E-01
  4.393973E+03,  6.770202E-09,  5.236525E-09,  7.202500E+03,  9.597600E-01
  4.398378E+03,  6.779725E-09,  5.262929E-09,  7.205000E+03,  9.590700E-01
  4.402787E+03,  6.783693E-09,  5.284678E-09,  7.207500E+03,  9.583100E-01
  4.407201E+03,  6.788454E-09,  5.306845E-09,  7.210000E+03,  9.576800E-01
  4.411619E+03,  6.779725E-09,  5.318361E-09,  7.212500E+03,  9.572300E-01
  4.416042E+03,  6.721792E-09,  5.291232E-09,  7.215000E+03,  9.568900E-01
  4.420469E+03,  6.733696E-09,  5.318963E-09,  7.217500E+03,  9.565700E-01
  4.424900E+03,  6.770995E-09,  5.367085E-09,  7.220000E+03,  9.562300E-01
  4.429336E+03,  6.756710E-09,  5.374096E-09,  7.222500E+03,  9.557900E-01
  4.433777E+03,  6.732109E-09,  5.371955E-09,  7.225000E+03,  9.552900E-01
  4.438222E+03,  6.714650E-09,  5.374980E-09,  7.227500E+03,  9.548500E-01
  4.442671E+03,  6.671795E-09,  5.357788E-09,  7.230000E+03,  9.546100E-01
  4.447125E+03,  6.648781E-09,  5.356549E-09,  7.232500E+03,  9.546200E-01
  4.451583E+03,  6.649574E-09,  5.373794E-09,  7.235000E+03,  9.547700E-01
  4.456046E+03,  6.640845E-09,  5.382374E-09,  7.237500E+03,  9.549100E-01
  4.460513E+03,  6.626560E-09,  5.385592E-09,  7.240000E+03,  9.548600E-01
  4.464984E+03,  6.585293E-09,  5.365978E-09,  7.242500E+03,  9.544900E-01
  4.469461E+03,  6.524979E-09,  5.330691E-09,  7.245000E+03,  9.538500E-01
  4.473941E+03,  6.509107E-09,  5.332993E-09,  7.247500E+03,  9.532300E-01
  4.478426E+03,  6.435302E-09,  5.288283E-09,  7.250000E+03,  9.528800E-01
  4.482916E+03,  6.361498E-09,  5.243547E-09,  7.252500E+03,  9.528800E-01
  4.487410E+03,  6.436890E-09,  5.321641E-09,  7.255000E+03,  9.530800E-01
  4.491909E+03,  6.460697E-09,  5.355909E-09,  7.257500E+03,  9.532900E-01
  4.496412E+03,  6.464666E-09,  5.372036E-09,  7.260000E+03,  9.533300E-01
  4.500920E+03,  6.444826E-09,  5.367695E-09,  7.262500E+03,  9.531000E-01
  4.505432E+03,  6.416256E-09,  5.355646E-09,  7.265000E+03,  9.526300E-01
  4.509948E+03,  6.390861E-09,  5.346833E-09,  7.267500E+03,  9.520700E-01
  4.514470E+03,  6.368640E-09,  5.342920E-09,  7.270000E+03,  9.514700E-01
  4.518995E+03,  6.330547E-09,  5.325761E-09,  7.272500E+03,  9.508500E-01
  4.523526E+03,  6.303565E-09,  5.316880E-09,  7.275000E+03,  9.502300E-01
  4.528061E+03,  6.313088E-09,  5.337716E-09,  7.277500E+03,  9.496100E-01
  4.532600E+03,  6.294835E-09,  5.334178E-09,  7.280000E+03,  9.490900E-01
  4.537144E+03,  6.281344E-09,  5.333994E-09,  7.282500E+03,  9.486800E-01
  4.541692E+03,  6.272614E-09,  5.338230E-09,  7.285000E+03,  9.483900E-01
  4.546245E+03,  6.211507E-09,  5.298465E-09,  7.287500E+03,  9.481200E-01
  4.550803E+03,  6.135322E-09,  5.245762E-09,  7.290000E+03,  9.477800E-01
  4.555365E+03,  6.127386E-09,  5.251007E-09,  7.292500E+03,  9.473200E-01
  4.559932E+03,  6.148019E-09,  5.280182E-09,  7.295000E+03,  9.468100E-01
  4.564503E+03,  6.175001E-09,  5.313670E-09,  7.297500E+03,  9.463300E-01
  4.569079E+03,  6.171827E-09,  5.320768E-09,  7.300000E+03,  9.460000E-01
  4.573660E+03,  6.137702E-09,  5.301544E-09,  7.302500E+03,  9.458400E-01
  4.578245E+03,  6.105958E-09,  5.284640E-09,  7.305000E+03,  9.458500E-01
  4.582835E+03,  6.051994E-09,  5.249063E-09,  7.307500E+03,  9.458700E-01
  4.587429E+03,  6.035328E-09,  5.246091E-09,  7.310000E+03,  9.457400E-01
  4.592028E+03,  6.064691E-09,  5.282372E-09,  7.312500E+03,  9.454300E-01
  4.596631E+03,  6.082944E-09,  5.308246E-09,  7.315000E+03,  9.450000E-01
  4.601239E+03,  6.081357E-09,  5.316725E-09,  7.317500E+03,  9.445500E-01
  4.605852E+03,  6.068659E-09,  5.315599E-09,  7.320000E+03,  9.441500E-01
  4.610470E+03,  6.048819E-09,  5.307958E-09,  7.322500E+03,  9.438400E-01
  4.615092E+03,  6.008345E-09,  5.281814E-09,  7.325000E+03,  9.436300E-01
  4.619718E+03,  5.963110E-09,  5.250829E-09,  7.327500E+03,  9.434200E-01
  4.624349E+03,  5.949619E-09,  5.247104E-09,  7.330000E+03,  9.431700E-01
  4.628985E+03,  5.918669E-09,  5.227686E-09,  7.332500E+03,  9.428700E-01
  4.633626E+03,  5.894861E-09,  5.214955E-09,  7.335000E+03,  9.425400E-01
  4.638271E+03,  5.905971E-09,  5.233648E-09,  7.337500E+03,  9.422000E-01
  4.642921E+03,  5.917875E-09,  5.253879E-09,  7.340000E+03,  9.418500E-01
  4.647576E+03,  5.905178E-09,  5.252936E-09,  7.342500E+03,  9.415000E-01
  4.652235E+03,  5.885338E-09,  5.245111E-09,  7.345000E+03,  9.411700E-01
  4.656899E+03,  5.863910E-09,  5.235109E-09,  7.347500E+03,  9.407900E-01
  4.661567E+03,  5.843277E-09,  5.224554E-09,  7.350000E+03,  9.403300E-01
  4.666240E+03,  5.816294E-09,  5.206995E-09,  7.352500E+03,  9.397600E-01
  4.670918E+03,  5.800422E-09,  5.198894E-09,  7.355000E+03,  9.391300E-01
  4.675601E+03,  5.798042E-09,  5.202955E-09,  7.357500E+03,  9.384700E-01
  4.680288E+03,  5.788519E-09,  5.201549E-09,  7.360000E+03,  9.378500E-01
  4.684980E+03,  5.771853E-09,  5.195321E-09,  7.362500E+03,  9.372800E-01
  4.689677E+03,  5.752013E-09,  5.186455E-09,  7.365000E+03,  9.367600E-01
  4.694378E+03,  5.734554E-09,  5.178135E-09,  7.367500E+03,  9.363000E-01
  4.699084E+03,  5.714714E-09,  5.166737E-09,  7.370000E+03,  9.359300E-01
  4.703795E+03,  5.690905E-09,  5.150833E-09,  7.372500E+03,  9.356500E-01
  4.708511E+03,  5.675827E-09,  5.142915E-09,  7.375000E+03,  9.354700E-01
  4.713231E+03,  5.658368E-09,  5.134612E-09,  7.377500E+03,  9.353000E-01
  4.717956E+03,  5.638528E-09,  5.125276E-09,  7.380000E+03,  9.351400E-01
  4.722686E+03,  5.624243E-09,  5.120427E-09,  7.382500E+03,  9.349500E-01
  4.727420E+03,  5.604403E-09,  5.109473E-09,  7.385000E+03,  9.347200E-01
  4.732160E+03,  5.577421E-09,  5.090883E-09,  7.387500E+03,  9.344600E-01
  4.736904E+03,  5.562342E-09,  5.082343E-09,  7.390000E+03,  9.341500E-01
  4.741652E+03,  5.552819E-09,  5.078906E-09,  7.392500E+03,  9.337900E-01
  4.746406E+03,  5.540122E-09,  5.072981E-09,  7.395000E+03,  9.333700E-01
  4.751164E+03,  5.525043E-09,  5.065326E-09,  7.397500E+03,  9.329000E-01
  4.755927E+03,  5.506790E-09,  5.055315E-09,  7.400000E+03,  9.323900E-01
  4.760695E+03,  5.485363E-09,  5.042775E-09,  7.402500E+03,  9.318400E-01
  4.765468E+03,  5.463142E-09,  5.029647E-09,  7.405000E+03,  9.312600E-01
  4.770245E+03,  5.445683E-09,  5.020592E-09,  7.407500E+03,  9.306700E-01
  4.775027E+03,  5.427431E-09,  5.009930E-09,  7.410000E+03,  9.300800E-01
  4.779814E+03,  5.405210E-09,  4.994653E-09,  7.412500E+03,  9.295200E-01
  4.784606E+03,  5.384576E-09,  4.980062E-09,  7.415000E+03,  9.289800E-01
  4.789402E+03,  5.363149E-09,  4.964139E-09,  7.417500E+03,  9.284600E-01
  4.794204E+03,  5.339341E-09,  4.945680E-09,  7.420000E+03,  9.280100E-01
  4.799010E+03,  5.309184E-09,  4.922081E-09,  7.422500E+03,  9.276400E-01
  4.803821E+03,  5.273472E-09,  4.895664E-09,  7.425000E+03,  9.273300E-01
  4.808637E+03,  5.240141E-09,  4.872307E-09,  7.427500E+03,  9.270100E-01
  4.813458E+03,  5.202842E-09,  4.842906E-09,  7.430000E+03,  9.265900E-01
  4.818283E+03,  5.151258E-09,  4.798211E-09,  7.432500E+03,  9.260400E-01
  4.823113E+03,  5.077453E-09,  4.732015E-09,  7.435000E+03,  9.254200E-01
  4.827949E+03,  4.991744E-09,  4.654344E-09,  7.437500E+03,  9.248000E-01
  4.832789E+03,  4.879846E-09,  4.552970E-09,  7.440000E+03,  9.242700E-01
  4.837633E+03,  4.704461E-09,  4.393047E-09,  7.442500E+03,  9.238900E-01
  4.842483E+03,  4.437017E-09,  4.147443E-09,  7.445000E+03,  9.236400E-01
  4.847338E+03,  4.036250E-09,  3.777059E-09,  7.447500E+03,  9.233700E-01
  4.852197E+03,  3.468826E-09,  3.249686E-09,  7.450000E+03,  9.229600E-01
  4.857062E+03,  2.757760E-09,  2.586334E-09,  7.452500E+03,  9.223800E-01
  4.861931E+03,  2.305408E-09,  2.164436E-09,  7.455000E+03,  9.216800E-01
  4.866805E+03,  2.635546E-09,  2.477046E-09,  7.457500E+03,  9.209800E-01
  4.871684E+03,  3.330739E-09,  3.133458E-09,  7.460000E+03,  9.203000E-01
  4.876568E+03,  3.902925E-09,  3.674729E-09,  7.462500E+03,  9.197000E-01
  4.881457E+03,  4.298137E-09,  4.049987E-09,  7.465000E+03,  9.191600E-01
  4.886350E+03,  4.545741E-09,  4.286703E-09,  7.467500E+03,  9.186900E-01
  4.891249E+03,  4.691763E-09,  4.428038E-09,  7.470000E+03,  9.183300E-01
  4.896152E+03,  4.792550E-09,  4.527060E-09,  7.472500E+03,  9.180900E-01
  4.901061E+03,  4.858419E-09,  4.593127E-09,  7.475000E+03,  9.179500E-01
  4.905974E+03,  4.890956E-09,  4.627463E-09,  7.477500E+03,  9.178000E-01
  4.910892E+03,  4.904448E-09,  4.643251E-09,  7.480000E+03,  9.175400E-01
  4.915815E+03,  4.898893E-09,  4.640256E-09,  7.482500E+03,  9.171500E-01
  4.920744E+03,  4.862387E-09,  4.608129E-09,  7.485000E+03,  9.166200E-01
  4.925677E+03,  4.853657E-09,  4.603042E-09,  7.487500E+03,  9.160500E-01
  4.930615E+03,  4.892544E-09,  4.643798E-09,  7.490000E+03,  9.154400E-01
  4.935557E+03,  4.904448E-09,  4.659576E-09,  7.492500E+03,  9.148200E-01
  4.940505E+03,  4.901274E-09,  4.661686E-09,  7.495000E+03,  9.141700E-01
  4.945458E+03,  4.893338E-09,  4.659934E-09,  7.497500E+03,  9.135500E-01
  4.950416E+03,  4.876672E-09,  4.649475E-09,  7.500000E+03,  9.129900E-01
  4.955379E+03,  4.849689E-09,  4.627533E-09,  7.502500E+03,  9.125200E-01
  4.960347E+03,  4.836199E-09,  4.617817E-09,  7.505000E+03,  9.121100E-01
  4.965319E+03,  4.841754E-09,  4.626142E-09,  7.507500E+03,  9.117400E-01
  4.970297E+03,  4.834611E-09,  4.622217E-09,  7.510000E+03,  9.114000E-01
  4.975280E+03,  4.820326E-09,  4.611613E-09,  7.512500E+03,  9.110900E-01
  4.980268E+03,  4.798899E-09,  4.593439E-09,  7.515000E+03,  9.107800E-01
  4.985260E+03,  4.779853E-09,  4.576261E-09,  7.517500E+03,  9.104100E-01
  4.990258E+03,  4.768742E-09,  4.566378E-09,  7.520000E+03,  9.099100E-01
  4.995261E+03,  4.755251E-09,  4.554969E-09,  7.522500E+03,  9.092100E-01
  5.000269E+03,  4.730650E-09,  4.533571E-09,  7.525000E+03,  9.083500E-01
  5.005281E+03,  4.709222E-09,  4.515812E-09,  7.527500E+03,  9.074800E-01
  5.010299E+03,  4.702080E-09,  4.512796E-09,  7.530000E+03,  9.066900E-01
  5.015322E+03,  4.663987E-09,  4.481641E-09,  7.532500E+03,  9.059900E-01
  5.020350E+03,  4.628275E-09,  4.452013E-09,  7.535000E+03,  9.053900E-01
  5.025383E+03,  4.652877E-09,  4.478028E-09,  7.537500E+03,  9.048600E-01
  5.030421E+03,  4.659225E-09,  4.485468E-09,  7.540000E+03,  9.044600E-01
  5.035464E+03,  4.639386E-09,  4.467985E-09,  7.542500E+03,  9.041900E-01
  5.040512E+03,  4.614784E-09,  4.446351E-09,  7.545000E+03,  9.040200E-01
  5.045565E+03,  4.610022E-09,  4.444794E-09,  7.547500E+03,  9.038500E-01
  5.050623E+03,  4.601293E-09,  4.439453E-09,  7.550000E+03,  9.035500E-01
  5.055686E+03,  4.573517E-09,  4.415076E-09,  7.552500E+03,  9.030800E-01
  5.060755E+03,  4.569549E-09,  4.414160E-09,  7.555000E+03,  9.024900E-01
  5.065828E+03,  4.571136E-09,  4.419629E-09,  7.557500E+03,  9.018700E-01
  5.070907E+03,  4.557645E-09,  4.410013E-09,  7.560000E+03,  9.012600E-01
  5.075990E+03,  4.543360E-09,  4.398134E-09,  7.562500E+03,  9.007300E-01
  5.081079E+03,  4.533043E-09,  4.389016E-09,  7.565000E+03,  9.002700E-01
  5.086173E+03,  4.521933E-09,  4.378382E-09,  7.567500E+03,  8.998000E-01
  5.091272E+03,  4.507648E-09,  4.365758E-09,  7.570000E+03,  8.992700E-01
  5.096376E+03,  4.487014E-09,  4.349178E-09,  7.572500E+03,  8.986600E-01
  5.101485E+03,  4.468761E-09,  4.335393E-09,  7.575000E+03,  8.980200E-01
  5.106599E+03,  4.464793E-09,  4.335283E-09,  7.577500E+03,  8.973900E-01
  5.111718E+03,  4.457651E-09,  4.331165E-09,  7.580000E+03,  8.968100E-01
  5.116843E+03,  4.444160E-09,  4.319595E-09,  7.582500E+03,  8.963100E-01
  5.121972E+03,  4.428288E-09,  4.304412E-09,  7.585000E+03,  8.959000E-01
  5.127107E+03,  4.410829E-09,  4.286787E-09,  7.587500E+03,  8.954500E-01
  5.132247E+03,  4.393370E-09,  4.271562E-09,  7.590000E+03,  8.948500E-01
  5.137392E+03,  4.377497E-09,  4.260608E-09,  7.592500E+03,  8.940600E-01
  5.142542E+03,  4.360832E-09,  4.247947E-09,  7.595000E+03,  8.931500E-01
  5.147698E+03,  4.348928E-09,  4.238252E-09,  7.597500E+03,  8.922400E-01
  5.152858E+03,  4.340992E-09,  4.231599E-09,  7.600000E+03,  8.914300E-01
  5.158024E+03,  4.329088E-09,  4.220596E-09,  7.602500E+03,  8.907800E-01
  5.163195E+03,  4.290202E-09,  4.183750E-09,  7.605000E+03,  8.902500E-01
  5.168371E+03,  4.217190E-09,  4.114047E-09,  7.607500E+03,  8.898000E-01
  5.173552E+03,  4.208461E-09,  4.106547E-09,  7.610000E+03,  8.893700E-01
  5.178739E+03,  4.240998E-09,  4.139296E-09,  7.612500E+03,  8.889700E-01
  5.183931E+03,  4.223539E-09,  4.124154E-09,  7.615000E+03,  8.885800E-01
  5.189128E+03,  4.216397E-09,  4.120028E-09,  7.617500E+03,  8.881900E-01
  5.194330E+03,  4.211635E-09,  4.119091E-09,  7.620000E+03,  8.877500E-01
  5.199537E+03,  4.200525E-09,  4.112003E-09,  7.622500E+03,  8.872400E-01
  5.204750E+03,  4.204493E-09,  4.118683E-09,  7.625000E+03,  8.866500E-01
  5.209967E+03,  4.199731E-09,  4.115853E-09,  7.627500E+03,  8.860500E-01
  5.215190E+03,  4.186240E-09,  4.103710E-09,  7.630000E+03,  8.855000E-01
  5.220419E+03,  4.171162E-09,  4.089386E-09,  7.632500E+03,  8.850100E-01
  5.225652E+03,  4.143386E-09,  4.062404E-09,  7.635000E+03,  8.845300E-01
  5.230891E+03,  4.111642E-09,  4.031790E-09,  7.637500E+03,  8.840600E-01
  5.236135E+03,  4.098150E-09,  4.019801E-09,  7.640000E+03,  8.835600E-01
  5.241384E+03,  4.114023E-09,  4.037143E-09,  7.642500E+03,  8.830200E-01
  5.246638E+03,  4.117990E-09,  4.043250E-09,  7.645000E+03,  8.824300E-01
  5.251898E+03,  4.102118E-09,  4.029497E-09,  7.647500E+03,  8.818100E-01
  5.257163E+03,  4.081485E-09,  4.010360E-09,  7.650000E+03,  8.811900E-01
  5.262434E+03,  4.057677E-09,  3.988074E-09,  7.652500E+03,  8.805400E-01
  5.267709E+03,  4.035456E-09,  3.967462E-09,  7.655000E+03,  8.798900E-01
  5.272990E+03,  4.013235E-09,  3.946654E-09,  7.657500E+03,  8.791700E-01
  5.278276E+03,  4.006093E-09,  3.940453E-09,  7.660000E+03,  8.784100E-01
  5.283568E+03,  4.016409E-09,  3.951148E-09,  7.662500E+03,  8.775300E-01
  5.288864E+03,  4.019584E-09,  3.954635E-09,  7.665000E+03,  8.765600E-01
  5.294167E+03,  4.014029E-09,  3.949430E-09,  7.667500E+03,  8.756400E-01
  5.299474E+03,  4.001331E-09,  3.937681E-09,  7.670000E+03,  8.749400E-01
  5.304787E+03,  3.985459E-09,  3.924217E-09,  7.672500E+03,  8.745000E-01
  5.310105E+03,  3.962445E-09,  3.904240E-09,  7.675000E+03,  8.742200E-01
  5.315428E+03,  3.925145E-09,  3.869563E-09,  7.677500E+03,  8.739300E-01
  5.320757E+03,  3.914035E-09,  3.860580E-09,  7.680000E+03,  8.734600E-01
  5.326091E+03,  3.914035E-09,  3.862545E-09,  7.682500E+03,  8.727000E-01
  5.331430E+03,  3.902925E-09,  3.853732E-09,  7.685000E+03,  8.716800E-01
  5.336775E+03,  3.896576E-09,  3.849846E-09,  7.687500E+03,  8.706300E-01
  5.342125E+03,  3.894989E-09,  3.849388E-09,  7.690000E+03,  8.696700E-01
  5.347481E+03,  3.894195E-09,  3.848168E-09,  7.692500E+03,  8.688200E-01
  5.352842E+03,  3.886259E-09,  3.840444E-09,  7.695000E+03,  8.680600E-01
  5.358208E+03,  3.869594E-09,  3.824727E-09,  7.697500E+03,  8.673700E-01
  5.363579E+03,  3.844198E-09,  3.800150E-09,  7.700000E+03,  8.667600E-01
  5.368956E+03,  3.831501E-09,  3.788010E-09,  7.702500E+03,  8.662400E-01
  5.374339E+03,  3.828327E-09,  3.785378E-09,  7.705000E+03,  8.658100E-01
  5.379727E+03,  3.820390E-09,  3.778388E-09,  7.707500E+03,  8.653700E-01
  5.385120E+03,  3.807693E-09,  3.767334E-09,  7.710000E+03,  8.648300E-01
  5.390518E+03,  3.798170E-09,  3.759746E-09,  7.712500E+03,  8.641400E-01
  5.395922E+03,  3.783885E-09,  3.747309E-09,  7.715000E+03,  8.633700E-01
  5.401332E+03,  3.761664E-09,  3.726698E-09,  7.717500E+03,  8.625700E-01
  5.406747E+03,  3.747379E-09,  3.713439E-09,  7.720000E+03,  8.617800E-01
  5.412167E+03,  3.743411E-09,  3.710162E-09,  7.722500E+03,  8.610200E-01
  5.417593E+03,  3.736269E-09,  3.703576E-09,  7.725000E+03,  8.602900E-01
  5.423024E+03,  3.724365E-09,  3.691430E-09,  7.727500E+03,  8.596100E-01
  5.428460E+03,  3.710874E-09,  3.677156E-09,  7.730000E+03,  8.590000E-01
  5.433902E+03,  3.703731E-09,  3.669289E-09,  7.732500E+03,  8.585200E-01
  5.439350E+03,  3.698970E-09,  3.664273E-09,  7.735000E+03,  8.581100E-01
  5.444803E+03,  3.688653E-09,  3.654507E-09,  7.737500E+03,  8.576900E-01
  5.450261E+03,  3.676749E-09,  3.644004E-09,  7.740000E+03,  8.571900E-01
  5.455725E+03,  3.664051E-09,  3.633519E-09,  7.742500E+03,  8.565500E-01
  5.461194E+03,  3.653734E-09,  3.625722E-09,  7.745000E+03,  8.558200E-01
  5.466669E+03,  3.643418E-09,  3.617830E-09,  7.747500E+03,  8.550400E-01
  5.472150E+03,  3.633894E-09,  3.609387E-09,  7.750000E+03,  8.542700E-01
  5.477636E+03,  3.621197E-09,  3.596271E-09,  7.752500E+03,  8.535500E-01
  5.483127E+03,  3.610880E-09,  3.585712E-09,  7.755000E+03,  8.528300E-01
  5.488624E+03,  3.600563E-09,  3.575624E-09,  7.757500E+03,  8.520600E-01
  5.494126E+03,  3.590246E-09,  3.565817E-09,  7.760000E+03,  8.512100E-01
  5.499634E+03,  3.579929E-09,  3.555969E-09,  7.762500E+03,  8.502400E-01
  5.505147E+03,  3.566438E-09,  3.542352E-09,  7.765000E+03,  8.491500E-01
  5.510666E+03,  3.556915E-09,  3.532285E-09,  7.767500E+03,  8.481100E-01
  5.516191E+03,  3.551360E-09,  3.525848E-09,  7.770000E+03,  8.471900E-01
  5.521721E+03,  3.539456E-09,  3.514951E-09,  7.772500E+03,  8.464700E-01
  5.527256E+03,  3.519616E-09,  3.498682E-09,  7.775000E+03,  8.458800E-01
  5.532797E+03,  3.506125E-09,  3.487823E-09,  7.777500E+03,  8.453700E-01
  5.538344E+03,  3.501363E-09,  3.484114E-09,  7.780000E+03,  8.449200E-01
  5.543896E+03,  3.495808E-09,  3.478729E-09,  7.782500E+03,  8.445300E-01
  5.549454E+03,  3.485491E-09,  3.468218E-09,  7.785000E+03,  8.441700E-01
  5.555017E+03,  3.475174E-09,  3.458287E-09,  7.787500E+03,  8.437200E-01
  5.560586E+03,  3.464857E-09,  3.448491E-09,  7.790000E+03,  8.430500E-01
  5.566161E+03,  3.452954E-09,  3.437065E-09,  7.792500E+03,  8.420700E-01
  5.571741E+03,  3.441050E-09,  3.425300E-09,  7.795000E+03,  8.408900E-01
  5.577326E+03,  3.431526E-09,  3.415547E-09,  7.797500E+03,  8.396700E-01
  5.582918E+03,  3.421209E-09,  3.404805E-09,  7.800000E+03,  8.385500E-01
  5.588515E+03,  3.409305E-09,  3.392573E-09,  7.802500E+03,  8.375800E-01
  5.594117E+03,  3.401370E-09,  3.385731E-09,  7.805000E+03,  8.367700E-01
  5.599725E+03,  3.393433E-09,  3.379136E-09,  7.807500E+03,  8.360600E-01
  5.605339E+03,  3.383910E-09,  3.369271E-09,  7.810000E+03,  8.354700E-01
  5.610958E+03,  3.372800E-09,  3.358006E-09,  7.812500E+03,  8.350200E-01
  5.616583E+03,  3.360102E-09,  3.346861E-09,  7.815000E+03,  8.346600E-01
  5.622214E+03,  3.351373E-09,  3.339117E-09,  7.817500E+03,  8.343100E-01
  5.627850E+03,  3.342643E-09,  3.330070E-09,  7.820000E+03,  8.338700E-01
  5.633492E+03,  3.333914E-09,  3.321737E-09,  7.822500E+03,  8.333300E-01
  5.639140E+03,  3.323597E-09,  3.312282E-09,  7.825000E+03,  8.326800E-01
  5.644793E+03,  3.312486E-09,  3.301644E-09,  7.827500E+03,  8.319100E-01
  5.650452E+03,  3.302170E-09,  3.291309E-09,  7.830000E+03,  8.310300E-01
  5.656116E+03,  3.289472E-09,  3.278277E-09,  7.832500E+03,  8.300000E-01
  5.661787E+03,  3.278362E-09,  3.267520E-09,  7.835000E+03,  8.288700E-01
  5.667463E+03,  3.271219E-09,  3.261853E-09,  7.837500E+03,  8.277000E-01
  5.673144E+03,  3.263283E-09,  3.254914E-09,  7.840000E+03,  8.266100E-01
  5.678832E+03,  3.253760E-09,  3.245387E-09,  7.842500E+03,  8.256200E-01
  5.684525E+03,  3.243443E-09,  3.233535E-09,  7.845000E+03,  8.247200E-01
  5.690223E+03,  3.233126E-09,  3.221672E-09,  7.847500E+03,  8.238800E-01
  5.695928E+03,  3.224397E-09,  3.214080E-09,  7.850000E+03,  8.230700E-01
  5.701638E+03,  3.214873E-09,  3.205294E-09,  7.852500E+03,  8.222900E-01
  5.707354E+03,  3.204557E-09,  3.193953E-09,  7.855000E+03,  8.215400E-01
  5.713075E+03,  3.195034E-09,  3.183876E-09,  7.857500E+03,  8.208000E-01
  5.718803E+03,  3.186304E-09,  3.175184E-09,  7.860000E+03,  8.200500E-01
  5.724536E+03,  3.176781E-09,  3.165610E-09,  7.862500E+03,  8.192700E-01
  5.730275E+03,  3.167258E-09,  3.156386E-09,  7.865000E+03,  8.184400E-01
  5.736019E+03,  3.157734E-09,  3.148164E-09,  7.867500E+03,  8.176300E-01
  5.741770E+03,  3.148211E-09,  3.139279E-09,  7.870000E+03,  8.168400E-01
  5.747526E+03,  3.137894E-09,  3.128258E-09,  7.872500E+03,  8.160800E-01
  5.753288E+03,  3.127578E-09,  3.117601E-09,  7.875000E+03,  8.153400E-01
  5.759055E+03,  3.118848E-09,  3.108988E-09,  7.877500E+03,  8.146100E-01
  5.764829E+03,  3.109325E-09,  3.099622E-09,  7.880000E+03,  8.139000E-01
  5.770608E+03,  3.100595E-09,  3.091653E-09,  7.882500E+03,  8.132000E-01
  5.776393E+03,  3.090278E-09,  3.083313E-09,  7.885000E+03,  8.125400E-01
  5.782184E+03,  3.079962E-09,  3.073975E-09,  7.887500E+03,  8.118300E-01
  5.787981E+03,  3.071232E-09,  3.064514E-09,  7.890000E+03,  8.110600E-01
  5.793783E+03,  3.062503E-09,  3.055490E-09,  7.892500E+03,  8.101900E-01
  5.799591E+03,  3.052979E-09,  3.046452E-09,  7.895000E+03,  8.092700E-01
  5.805406E+03,  3.044249E-09,  3.039077E-09,  7.897500E+03,  8.083300E-01
  5.811225E+03,  3.034727E-09,  3.030177E-09,  7.900000E+03,  8.074300E-01
  5.817051E+03,  3.025203E-09,  3.019572E-09,  7.902500E+03,  8.065600E-01
  5.822883E+03,  3.016473E-09,  3.010978E-09,  7.905000E+03,  8.057500E-01
  5.828720E+03,  3.007744E-09,  3.003844E-09,  7.907500E+03,  8.049500E-01
  5.834564E+03,  2.998221E-09,  2.994340E-09,  7.910000E+03,  8.042000E-01
  5.840413E+03,  2.989491E-09,  2.984678E-09,  7.912500E+03,  8.034900E-01
  5.846268E+03,  2.980762E-09,  2.975230E-09,  7.915000E+03,  8.027900E-01
  5.852129E+03,  2.971238E-09,  2.964426E-09,  7.917500E+03,  8.021100E-01
  5.857995E+03,  2.960921E-09,  2.952572E-09,  7.920000E+03,  8.014100E-01
  5.863868E+03,  2.952192E-09,  2.944878E-09,  7.922500E+03,  8.006900E-01
  5.869747E+03,  2.941875E-09,  2.937049E-09,  7.925000E+03,  7.999500E-01
  5.875631E+03,  2.929971E-09,  2.925642E-09,  7.927500E+03,  7.991700E-01
  5.881521E+03,  2.919654E-09,  2.915769E-09,  7.930000E+03,  7.983300E-01
  5.887418E+03,  2.900608E-09,  2.898064E-09,  7.932500E+03,  7.974300E-01
  5.893320E+03,  2.882355E-09,  2.880989E-09,  7.935000E+03,  7.964600E-01
  5.899228E+03,  2.882355E-09,  2.881442E-09,  7.937500E+03,  7.954600E-01
  5.905142E+03,  2.886323E-09,  2.884343E-09,  7.940000E+03,  7.944400E-01
  5.911062E+03,  2.880768E-09,  2.876509E-09,  7.942500E+03,  7.934000E-01
  5.916988E+03,  2.872832E-09,  2.865833E-09,  7.945000E+03,  7.923500E-01
  5.922919E+03,  2.864102E-09,  2.856795E-09,  7.947500E+03,  7.913100E-01
  5.928857E+03,  2.855373E-09,  2.850223E-09,  7.950000E+03,  7.903200E-01
  5.934801E+03,  2.846643E-09,  2.842143E-09,  7.952500E+03,  7.894100E-01
  5.940750E+03,  2.838707E-09,  2.834100E-09,  7.955000E+03,  7.885500E-01
  5.946706E+03,  2.829184E-09,  2.824650E-09,  7.957500E+03,  7.877100E-01
  5.952668E+03,  2.818074E-09,  2.814937E-09,  7.960000E+03,  7.868700E-01
  5.958635E+03,  2.807757E-09,  2.806769E-09,  7.962500E+03,  7.859900E-01
  5.964609E+03,  2.800614E-09,  2.798672E-09,  7.965000E+03,  7.851000E-01
  5.970588E+03,  2.793472E-09,  2.789362E-09,  7.967500E+03,  7.842100E-01
  5.976574E+03,  2.783155E-09,  2.778869E-09,  7.970000E+03,  7.833700E-01
  5.982565E+03,  2.773632E-09,  2.768931E-09,  7.972500E+03,  7.825900E-01
  5.988563E+03,  2.767283E-09,  2.761429E-09,  7.975000E+03,  7.818100E-01
  5.994566E+03,  2.759347E-09,  2.752937E-09,  7.977500E+03,  7.810200E-01
  6.000576E+03,  2.752205E-09,  2.746823E-09,  7.980000E+03,  7.801600E-01
  6.006591E+03,  2.743475E-09,  2.741493E-09,  7.982500E+03,  7.792000E-01
  6.012613E+03,  2.733158E-09,  2.732134E-09,  7.985000E+03,  7.781400E-01
  6.018641E+03,  2.725222E-09,  2.721866E-09,  7.987500E+03,  7.770600E-01
  6.024674E+03,  2.718080E-09,  2.713742E-09,  7.990000E+03,  7.759900E-01
  6.030714E+03,  2.710938E-09,  2.706979E-09,  7.992500E+03,  7.749500E-01
  6.036760E+03,  2.703002E-09,  2.700171E-09,  7.995000E+03,  7.739300E-01
  6.042812E+03,  2.694272E-09,  2.691477E-09,  7.997500E+03,  7.729200E-01
  6.048870E+03,  2.685543E-09,  2.681374E-09,  8.000000E+03,  7.719000E-01
  6.054934E+03,  2.677606E-09,  2.673345E-09,  8.002500E+03,  7.708700E-01
  6.061004E+03,  2.669670E-09,  2.665484E-09,  8.005000E+03,  7.698200E-01
  6.067080E+03,  2.661734E-09,  2.656687E-09,  8.007500E+03,  7.688100E-01
  6.073162E+03,  2.653798E-09,  2.648895E-09,  8.010000E+03,  7.678600E-01
  6.079251E+03,  2.645069E-09,  2.641310E-09,  8.012500E+03,  7.669600E-01
  6.085345E+03,  2.637133E-09,  2.634235E-09,  8.015000E+03,  7.661200E-01
  6.091446E+03,  2.629197E-09,  2.626507E-09,  8.017500E+03,  7.653100E-01
  6.097552E+03,  2.621261E-09,  2.618143E-09,  8.020000E+03,  7.645300E-01
  6.103665E+03,  2.612531E-09,  2.610157E-09,  8.022500E+03,  7.637800E-01
  6.109784E+03,  2.604595E-09,  2.603427E-09,  8.025000E+03,  7.630300E-01
  6.115909E+03,  2.596659E-09,  2.594381E-09,  8.027500E+03,  7.622700E-01
  6.122040E+03,  2.588723E-09,  2.585605E-09,  8.030000E+03,  7.614400E-01
  6.128178E+03,  2.579994E-09,  2.577573E-09,  8.032500E+03,  7.605300E-01
  6.134321E+03,  2.572058E-09,  2.569790E-09,  8.035000E+03,  7.595600E-01
  6.140471E+03,  2.562534E-09,  2.560313E-09,  8.037500E+03,  7.585300E-01
  6.146627E+03,  2.549043E-09,  2.547467E-09,  8.040000E+03,  7.574800E-01
  6.152789E+03,  2.533965E-09,  2.532912E-09,  8.042500E+03,  7.564300E-01
  6.158957E+03,  2.522854E-09,  2.521892E-09,  8.045000E+03,  7.553600E-01
  6.165131E+03,  2.525235E-09,  2.523983E-09,  8.047500E+03,  7.542800E-01
  6.171312E+03,  2.524442E-09,  2.522102E-09,  8.050000E+03,  7.531600E-01
  6.177498E+03,  2.517299E-09,  2.513071E-09,  8.052500E+03,  7.520400E-01
  6.183691E+03,  2.510950E-09,  2.506398E-09,  8.055000E+03,  7.509100E-01
  6.189891E+03,  2.503808E-09,  2.500308E-09,  8.057500E+03,  7.498000E-01
  6.196096E+03,  2.495872E-09,  2.493208E-09,  8.060000E+03,  7.487700E-01
  6.202308E+03,  2.487936E-09,  2.485672E-09,  8.062500E+03,  7.478300E-01
  6.208525E+03,  2.480794E-09,  2.478469E-09,  8.065000E+03,  7.469900E-01
  6.214749E+03,  2.472858E-09,  2.471915E-09,  8.067500E+03,  7.461400E-01
  6.220980E+03,  2.465715E-09,  2.465628E-09,  8.070000E+03,  7.452200E-01
  6.227216E+03,  2.456986E-09,  2.455317E-09,  8.072500E+03,  7.442000E-01
  6.233459E+03,  2.445875E-09,  2.442049E-09,  8.075000E+03,  7.431100E-01
  6.239708E+03,  2.433971E-09,  2.428479E-09,  8.077500E+03,  7.420200E-01
  6.245963E+03,  2.423654E-09,  2.418140E-09,  8.080000E+03,  7.410000E-01
  6.252225E+03,  2.419687E-09,  2.414484E-09,  8.082500E+03,  7.400800E-01
  6.258493E+03,  2.418099E-09,  2.412808E-09,  8.085000E+03,  7.392500E-01
  6.264767E+03,  2.412544E-09,  2.407740E-09,  8.087500E+03,  7.384200E-01
  6.271047E+03,  2.405402E-09,  2.400973E-09,  8.090000E+03,  7.375300E-01
  6.277334E+03,  2.398259E-09,  2.393311E-09,  8.092500E+03,  7.365400E-01
  6.283627E+03,  2.391117E-09,  2.386169E-09,  8.095000E+03,  7.355100E-01
  6.289927E+03,  2.383181E-09,  2.378557E-09,  8.097500E+03,  7.344700E-01
  6.296232E+03,  2.375245E-09,  2.369666E-09,  8.100000E+03,  7.334700E-01
  6.302544E+03,  2.367309E-09,  2.361204E-09,  8.102500E+03,  7.325700E-01
  6.308862E+03,  2.359373E-09,  2.353905E-09,  8.105000E+03,  7.317400E-01
  6.315187E+03,  2.351437E-09,  2.347313E-09,  8.107500E+03,  7.308800E-01
  6.321518E+03,  2.343501E-09,  2.340083E-09,  8.110000E+03,  7.298800E-01
  6.327855E+03,  2.337946E-09,  2.333641E-09,  8.112500E+03,  7.287200E-01
  6.334199E+03,  2.330010E-09,  2.325185E-09,  8.115000E+03,  7.274700E-01
  6.340549E+03,  2.316518E-09,  2.311312E-09,  8.117500E+03,  7.262800E-01
  6.346906E+03,  2.298266E-09,  2.291934E-09,  8.120000E+03,  7.252800E-01
  6.353268E+03,  2.296678E-09,  2.290451E-09,  8.122500E+03,  7.245600E-01
  6.359638E+03,  2.299853E-09,  2.294677E-09,  8.125000E+03,  7.240800E-01
  6.366013E+03,  2.288742E-09,  2.283441E-09,  8.127500E+03,  7.236200E-01
  6.372395E+03,  2.274458E-09,  2.269394E-09,  8.130000E+03,  7.230200E-01
  6.378783E+03,  2.272870E-09,  2.268655E-09,  8.132500E+03,  7.222300E-01
  6.385178E+03,  2.271283E-09,  2.266074E-09,  8.135000E+03,  7.213000E-01
  6.391579E+03,  2.265728E-09,  2.258959E-09,  8.137500E+03,  7.202800E-01
  6.397987E+03,  2.258585E-09,  2.251183E-09,  8.140000E+03,  7.192400E-01
  6.404401E+03,  2.250650E-09,  2.242759E-09,  8.142500E+03,  7.182000E-01
  6.410821E+03,  2.242714E-09,  2.234766E-09,  8.145000E+03,  7.171700E-01
  6.417248E+03,  2.233984E-09,  2.226801E-09,  8.147500E+03,  7.160700E-01
  6.423681E+03,  2.227635E-09,  2.221050E-09,  8.150000E+03,  7.148700E-01
  6.430121E+03,  2.221286E-09,  2.214773E-09,  8.152500E+03,  7.135600E-01
  6.436567E+03,  2.213350E-09,  2.206375E-09,  8.155000E+03,  7.121800E-01
  6.443020E+03,  2.205414E-09,  2.197431E-09,  8.157500E+03,  7.108000E-01
  6.449479E+03,  2.195098E-09,  2.185921E-09,  8.160000E+03,  7.095000E-01
  6.455945E+03,  2.180813E-09,  2.171174E-09,  8.162500E+03,  7.083200E-01
  6.462417E+03,  2.176845E-09,  2.167947E-09,  8.165000E+03,  7.072500E-01
  6.468895E+03,  2.175257E-09,  2.168104E-09,  8.167500E+03,  7.062300E-01
  6.475380E+03,  2.168115E-09,  2.160991E-09,  8.170000E+03,  7.052500E-01
  6.481872E+03,  2.158592E-09,  2.150223E-09,  8.172500E+03,  7.043200E-01
  6.488370E+03,  2.147482E-09,  2.137511E-09,  8.175000E+03,  7.034200E-01
  6.494875E+03,  2.136371E-09,  2.126361E-09,  8.177500E+03,  7.025200E-01
  6.501386E+03,  2.126054E-09,  2.116718E-09,  8.180000E+03,  7.015600E-01
  6.507903E+03,  2.113357E-09,  2.104178E-09,  8.182500E+03,  7.005000E-01
  6.514428E+03,  2.095104E-09,  2.085768E-09,  8.185000E+03,  6.993800E-01
  6.520958E+03,  2.072883E-09,  2.063389E-09,  8.187500E+03,  6.982100E-01
  6.527496E+03,  2.043520E-09,  2.034242E-09,  8.190000E+03,  6.970300E-01
  6.534039E+03,  1.997491E-09,  1.988140E-09,  8.192500E+03,  6.958300E-01
  6.540590E+03,  1.922893E-09,  1.913173E-09,  8.195000E+03,  6.946100E-01
  6.547147E+03,  1.799091E-09,  1.789049E-09,  8.197500E+03,  6.933900E-01
  6.553710E+03,  1.597517E-09,  1.588322E-09,  8.200000E+03,  6.922000E-01
  6.560280E+03,  1.356262E-09,  1.348461E-09,  8.202500E+03,  6.910500E-01
  6.566857E+03,  1.324518E-09,  1.316374E-09,  8.205000E+03,  6.899200E-01
  6.573440E+03,  1.543552E-09,  1.534200E-09,  8.207500E+03,  6.888500E-01
  6.580030E+03,  1.749888E-09,  1.739912E-09,  8.210000E+03,  6.878300E-01
  6.586627E+03,  1.871309E-09,  1.859652E-09,  8.212500E+03,  6.868900E-01
  6.593230E+03,  1.937971E-09,  1.925786E-09,  8.215000E+03,  6.860000E-01
  6.599840E+03,  1.974477E-09,  1.962892E-09,  8.217500E+03,  6.850900E-01
  6.606456E+03,  1.993523E-09,  1.981222E-09,  8.220000E+03,  6.841500E-01
  6.613079E+03,  2.003046E-09,  1.990142E-09,  8.222500E+03,  6.831100E-01
  6.619709E+03,  2.007014E-09,  1.993776E-09,  8.225000E+03,  6.819900E-01
  6.626345E+03,  2.007808E-09,  1.993188E-09,  8.227500E+03,  6.808600E-01
  6.632988E+03,  2.006221E-09,  1.990801E-09,  8.230000E+03,  6.797800E-01
  6.639637E+03,  2.003840E-09,  1.988653E-09,  8.232500E+03,  6.787800E-01
  6.646294E+03,  1.999872E-09,  1.984894E-09,  8.235000E+03,  6.778000E-01
  6.652956E+03,  1.995110E-09,  1.980566E-09,  8.237500E+03,  6.768000E-01
  6.659626E+03,  1.990349E-09,  1.976443E-09,  8.240000E+03,  6.757200E-01
  6.666302E+03,  1.985587E-09,  1.972017E-09,  8.242500E+03,  6.745300E-01
  6.672985E+03,  1.980032E-09,  1.966304E-09,  8.245000E+03,  6.732500E-01
  6.679675E+03,  1.974477E-09,  1.959971E-09,  8.247500E+03,  6.719500E-01
  6.686371E+03,  1.969715E-09,  1.954173E-09,  8.250000E+03,  6.706900E-01
  6.693074E+03,  1.964953E-09,  1.948154E-09,  8.252500E+03,  6.694800E-01
  6.699784E+03,  1.959398E-09,  1.941645E-09,  8.255000E+03,  6.683200E-01
  6.706501E+03,  1.953843E-09,  1.936688E-09,  8.257500E+03,  6.671900E-01
  6.713224E+03,  1.947494E-09,  1.929822E-09,  8.260000E+03,  6.661000E-01
  6.719954E+03,  1.941146E-09,  1.922108E-09,  8.262500E+03,  6.650800E-01
  6.726691E+03,  1.934003E-09,  1.916366E-09,  8.265000E+03,  6.641000E-01
  6.733434E+03,  1.929242E-09,  1.912229E-09,  8.267500E+03,  6.630900E-01
  6.740185E+03,  1.924480E-09,  1.906638E-09,  8.270000E+03,  6.620300E-01
  6.746942E+03,  1.918131E-09,  1.899555E-09,  8.272500E+03,  6.608600E-01
  6.753706E+03,  1.912576E-09,  1.892867E-09,  8.275000E+03,  6.596300E-01
  6.760476E+03,  1.906227E-09,  1.885289E-09,  8.277500E+03,  6.583900E-01
  6.767254E+03,  1.901466E-09,  1.879954E-09,  8.280000E+03,  6.571600E-01
  6.774038E+03,  1.895117E-09,  1.873489E-09,  8.282500E+03,  6.559600E-01
  6.780829E+03,  1.889562E-09,  1.868058E-09,  8.285000E+03,  6.547900E-01
  6.787626E+03,  1.884006E-09,  1.862675E-09,  8.287500E+03,  6.536900E-01
  6.794431E+03,  1.877658E-09,  1.855837E-09,  8.290000E+03,  6.526400E-01
  6.801242E+03,  1.872103E-09,  1.849404E-09,  8.292500E+03,  6.516900E-01
  6.808061E+03,  1.866547E-09,  1.843136E-09,  8.295000E+03,  6.508100E-01
  6.814886E+03,  1.860992E-09,  1.836613E-09,  8.297500E+03,  6.499300E-01
  6.821718E+03,  1.854643E-09,  1.829389E-09,  8.300000E+03,  6.490200E-01
  6.828557E+03,  1.848294E-09,  1.822491E-09,  8.302500E+03,  6.480300E-01
  6.835402E+03,  1.842739E-09,  1.816334E-09,  8.305000E+03,  6.469700E-01
  6.842255E+03,  1.837977E-09,  1.811088E-09,  8.307500E+03,  6.458800E-01
  6.849114E+03,  1.831629E-09,  1.804493E-09,  8.310000E+03,  6.447900E-01
  6.855980E+03,  1.826074E-09,  1.798531E-09,  8.312500E+03,  6.436900E-01
  6.862853E+03,  1.819725E-09,  1.791631E-09,  8.315000E+03,  6.425700E-01
  6.869733E+03,  1.814963E-09,  1.786243E-09,  8.317500E+03,  6.414600E-01
  6.876620E+03,  1.809408E-09,  1.779986E-09,  8.320000E+03,  6.403600E-01
  6.883514E+03,  1.803853E-09,  1.774448E-09,  8.322500E+03,  6.392700E-01
  6.890415E+03,  1.798298E-09,  1.769109E-09,  8.325000E+03,  6.382000E-01
  6.897323E+03,  1.792742E-09,  1.762025E-09,  8.327500E+03,  6.371400E-01
  6.904237E+03,  1.787187E-09,  1.755713E-09,  8.330000E+03,  6.361100E-01
  6.911159E+03,  1.781632E-09,  1.750749E-09,  8.332500E+03,  6.351000E-01
  6.918087E+03,  1.776077E-09,  1.746391E-09,  8.335000E+03,  6.341000E-01
  6.925022E+03,  1.769728E-09,  1.737914E-09,  8.337500E+03,  6.331100E-01
  6.931965E+03,  1.764966E-09,  1.730919E-09,  8.340000E+03,  6.321200E-01
  6.938914E+03,  1.759411E-09,  1.726112E-09,  8.342500E+03,  6.311200E-01
  6.945870E+03,  1.753856E-09,  1.719570E-09,  8.345000E+03,  6.301100E-01
  6.952834E+03,  1.748301E-09,  1.713031E-09,  8.347500E+03,  6.290800E-01
  6.959804E+03,  1.742746E-09,  1.707427E-09,  8.350000E+03,  6.280000E-01
  6.966781E+03,  1.737190E-09,  1.701286E-09,  8.352500E+03,  6.268600E-01
  6.973765E+03,  1.732429E-09,  1.695604E-09,  8.355000E+03,  6.256800E-01
  6.980756E+03,  1.726873E-09,  1.689435E-09,  8.357500E+03,  6.244300E-01
  6.987755E+03,  1.721318E-09,  1.684295E-09,  8.360000E+03,  6.231100E-01
  6.994760E+03,  1.715763E-09,  1.678391E-09,  8.362500E+03,  6.216900E-01
  7.001772E+03,  1.708621E-09,  1.670556E-09,  8.365000E+03,  6.202000E-01
  7.008791E+03,  1.703859E-09,  1.665250E-09,  8.367500E+03,  6.187100E-01
  7.015818E+03,  1.699098E-09,  1.657885E-09,  8.370000E+03,  6.173000E-01
  7.022851E+03,  1.693542E-09,  1.649920E-09,  8.372500E+03,  6.159900E-01
  7.029892E+03,  1.688781E-09,  1.644505E-09,  8.375000E+03,  6.147800E-01
  7.036939E+03,  1.684019E-09,  1.640444E-09,  8.377500E+03,  6.136200E-01
  7.043994E+03,  1.678464E-09,  1.635063E-09,  8.380000E+03,  6.125100E-01
  7.051055E+03,  1.673702E-09,  1.629752E-09,  8.382500E+03,  6.114300E-01
  7.058124E+03,  1.668147E-09,  1.623879E-09,  8.385000E+03,  6.103900E-01
  7.065200E+03,  1.663385E-09,  1.617802E-09,  8.387500E+03,  6.093600E-01
  7.072283E+03,  1.657830E-09,  1.610441E-09,  8.390000E+03,  6.083100E-01
  7.079372E+03,  1.653069E-09,  1.604097E-09,  8.392500E+03,  6.072200E-01
  7.086470E+03,  1.648307E-09,  1.598062E-09,  8.395000E+03,  6.061100E-01
  7.093574E+03,  1.642752E-09,  1.591869E-09,  8.397500E+03,  6.049400E-01
  7.100685E+03,  1.637197E-09,  1.586100E-09,  8.400000E+03,  6.037300E-01
  7.107804E+03,  1.628467E-09,  1.576994E-09,  8.402500E+03,  6.024300E-01
  7.114929E+03,  1.618944E-09,  1.566968E-09,  8.405000E+03,  6.010600E-01
  7.122062E+03,  1.616563E-09,  1.563686E-09,  8.407500E+03,  5.996900E-01
  7.129202E+03,  1.615770E-09,  1.561841E-09,  8.410000E+03,  5.983800E-01
  7.136349E+03,  1.611802E-09,  1.557361E-09,  8.412500E+03,  5.971200E-01
  7.143503E+03,  1.606246E-09,  1.550602E-09,  8.415000E+03,  5.959200E-01
  7.150664E+03,  1.601485E-09,  1.544057E-09,  8.417500E+03,  5.947700E-01
  7.157833E+03,  1.595930E-09,  1.537856E-09,  8.420000E+03,  5.936400E-01
  7.165009E+03,  1.591168E-09,  1.532628E-09,  8.422500E+03,  5.925200E-01
  7.172192E+03,  1.586406E-09,  1.526770E-09,  8.425000E+03,  5.914100E-01
  7.179382E+03,  1.581645E-09,  1.520133E-09,  8.427500E+03,  5.903700E-01
  7.186579E+03,  1.576090E-09,  1.513088E-09,  8.430000E+03,  5.894800E-01
  7.193784E+03,  1.571328E-09,  1.508456E-09,  8.432500E+03,  5.887400E-01
  7.200995E+03,  1.567360E-09,  1.504667E-09,  8.435000E+03,  5.880900E-01
  7.208214E+03,  1.561805E-09,  1.496412E-09,  8.437500E+03,  5.874000E-01
  7.215441E+03,  1.557043E-09,  1.489831E-09,  8.440000E+03,  5.864900E-01
  7.222674E+03,  1.551488E-09,  1.482843E-09,  8.442500E+03,  5.853100E-01
  7.229915E+03,  1.546726E-09,  1.476533E-09,  8.445000E+03,  5.838700E-01
  7.237163E+03,  1.542758E-09,  1.473166E-09,  8.447500E+03,  5.823500E-01
  7.244418E+03,  1.537203E-09,  1.466490E-09,  8.450000E+03,  5.808200E-01
  7.251681E+03,  1.532442E-09,  1.460233E-09,  8.452500E+03,  5.793300E-01
  7.258950E+03,  1.527680E-09,  1.456357E-09,  8.455000E+03,  5.778500E-01
  7.266228E+03,  1.522918E-09,  1.450359E-09,  8.457500E+03,  5.763900E-01
  7.273512E+03,  1.518950E-09,  1.443913E-09,  8.460000E+03,  5.749700E-01
  7.280804E+03,  1.513395E-09,  1.436149E-09,  8.462500E+03,  5.736000E-01
  7.288103E+03,  1.508634E-09,  1.430242E-09,  8.465000E+03,  5.722900E-01
  7.295409E+03,  1.503872E-09,  1.423763E-09,  8.467500E+03,  5.710100E-01
  7.302723E+03,  1.499110E-09,  1.417920E-09,  8.470000E+03,  5.697300E-01
  7.310044E+03,  1.493555E-09,  1.412507E-09,  8.472500E+03,  5.684800E-01
  7.317372E+03,  1.489587E-09,  1.407024E-09,  8.475000E+03,  5.672300E-01
  7.324708E+03,  1.484826E-09,  1.401162E-09,  8.477500E+03,  5.660200E-01
  7.332051E+03,  1.480858E-09,  1.396336E-09,  8.480000E+03,  5.648400E-01
  7.339401E+03,  1.476890E-09,  1.391132E-09,  8.482500E+03,  5.637300E-01
  7.346759E+03,  1.472128E-09,  1.385129E-09,  8.485000E+03,  5.626500E-01
  7.354124E+03,  1.467366E-09,  1.378372E-09,  8.487500E+03,  5.615400E-01
  7.361496E+03,  1.462605E-09,  1.371205E-09,  8.490000E+03,  5.603500E-01
  7.368876E+03,  1.457843E-09,  1.364682E-09,  8.492500E+03,  5.590300E-01
  7.376264E+03,  1.453875E-09,  1.359932E-09,  8.495000E+03,  5.576300E-01
  7.383658E+03,  1.448320E-09,  1.353952E-09,  8.497500E+03,  5.562300E-01
  7.391061E+03,  1.443558E-09,  1.348280E-09,  8.500000E+03,  5.548900E-01
  7.398470E+03,  1.439590E-09,  1.342709E-09,  8.502500E+03,  5.536600E-01
  7.405887E+03,  1.434829E-09,  1.335898E-09,  8.505000E+03,  5.525300E-01
  7.413311E+03,  1.430067E-09,  1.329025E-09,  8.507500E+03,  5.514300E-01
  7.420743E+03,  1.424512E-09,  1.321805E-09,  8.510000E+03,  5.503300E-01
  7.428183E+03,  1.420544E-09,  1.316696E-09,  8.512500E+03,  5.492400E-01
  7.435629E+03,  1.416576E-09,  1.310707E-09,  8.515000E+03,  5.481500E-01
  7.443084E+03,  1.411021E-09,  1.303546E-09,  8.517500E+03,  5.470300E-01
  7.450545E+03,  1.407053E-09,  1.298475E-09,  8.520000E+03,  5.458100E-01
  7.458014E+03,  1.402291E-09,  1.291286E-09,  8.522500E+03,  5.444700E-01
  7.465491E+03,  1.396736E-09,  1.283695E-09,  8.525000E+03,  5.430300E-01
  7.472975E+03,  1.391181E-09,  1.277192E-09,  8.527500E+03,  5.416000E-01
  7.480467E+03,  1.387213E-09,  1.272722E-09,  8.530000E+03,  5.402400E-01
  7.487966E+03,  1.384038E-09,  1.267691E-09,  8.532500E+03,  5.390100E-01
  7.495473E+03,  1.380864E-09,  1.262183E-09,  8.535000E+03,  5.378500E-01
  7.502987E+03,  1.376896E-09,  1.256335E-09,  8.537500E+03,  5.367700E-01
  7.510509E+03,  1.372134E-09,  1.250477E-09,  8.540000E+03,  5.357000E-01
  7.518038E+03,  1.367373E-09,  1.244723E-09,  8.542500E+03,  5.346700E-01
  7.525575E+03,  1.363405E-09,  1.238176E-09,  8.545000E+03,  5.336700E-01
  7.533119E+03,  1.360230E-09,  1.232153E-09,  8.547500E+03,  5.326400E-01
  7.540671E+03,  1.356262E-09,  1.226587E-09,  8.550000E+03,  5.315700E-01
  7.548231E+03,  1.351501E-09,  1.221436E-09,  8.552500E+03,  5.304400E-01
  7.555798E+03,  1.347533E-09,  1.215868E-09,  8.555000E+03,  5.292300E-01
  7.563373E+03,  1.343565E-09,  1.209973E-09,  8.557500E+03,  5.280200E-01
  7.570955E+03,  1.338803E-09,  1.203634E-09,  8.560000E+03,  5.268600E-01
  7.578545E+03,  1.334835E-09,  1.197544E-09,  8.562500E+03,  5.257900E-01
  7.586142E+03,  1.330074E-09,  1.191339E-09,  8.565000E+03,  5.247800E-01
  7.593747E+03,  1.326106E-09,  1.185016E-09,  8.567500E+03,  5.237100E-01
  7.601360E+03,  1.322138E-09,  1.178126E-09,  8.570000E+03,  5.225400E-01
  7.608981E+03,  1.318170E-09,  1.172572E-09,  8.572500E+03,  5.212100E-01
  7.616609E+03,  1.313408E-09,  1.166738E-09,  8.575000E+03,  5.197800E-01
  7.624244E+03,  1.309440E-09,  1.161249E-09,  8.577500E+03,  5.182900E-01
  7.631888E+03,  1.305472E-09,  1.155512E-09,  8.580000E+03,  5.167800E-01
  7.639539E+03,  1.301504E-09,  1.150077E-09,  8.582500E+03,  5.152500E-01
  7.647197E+03,  1.296742E-09,  1.143578E-09,  8.585000E+03,  5.137000E-01
  7.654863E+03,  1.292774E-09,  1.137545E-09,  8.587500E+03,  5.122400E-01
  7.662537E+03,  1.288013E-09,  1.130251E-09,  8.590000E+03,  5.109500E-01
  7.670219E+03,  1.284045E-09,  1.123413E-09,  8.592500E+03,  5.098900E-01
  7.677909E+03,  1.280870E-09,  1.119293E-09,  8.595000E+03,  5.089900E-01
  7.685606E+03,  1.276902E-09,  1.112725E-09,  8.597500E+03,  5.081100E-01
  7.693311E+03,  1.272141E-09,  1.104948E-09,  8.600000E+03,  5.070900E-01
  7.701023E+03,  1.268173E-09,  1.098932E-09,  8.602500E+03,  5.058500E-01
  7.708743E+03,  1.263411E-09,  1.092979E-09,  8.605000E+03,  5.044100E-01
  7.716471E+03,  1.259443E-09,  1.086772E-09,  8.607500E+03,  5.030000E-01
  7.724207E+03,  1.256269E-09,  1.081046E-09,  8.610000E+03,  5.017600E-01
  7.731951E+03,  1.253094E-09,  1.075939E-09,  8.612500E+03,  5.007200E-01
  7.739702E+03,  1.249126E-09,  1.070813E-09,  8.615000E+03,  4.998100E-01
  7.747461E+03,  1.244365E-09,  1.063997E-09,  8.617500E+03,  4.989400E-01
  7.755228E+03,  1.240397E-09,  1.057761E-09,  8.620000E+03,  4.980000E-01
  7.763003E+03,  1.232461E-09,  1.047617E-09,  8.622500E+03,  4.969700E-01
  7.770785E+03,  1.213414E-09,  1.027718E-09,  8.625000E+03,  4.958400E-01
  7.778575E+03,  1.207066E-09,  1.020183E-09,  8.627500E+03,  4.946500E-01
  7.786373E+03,  1.218970E-09,  1.028716E-09,  8.630000E+03,  4.934100E-01
  7.794179E+03,  1.220557E-09,  1.026827E-09,  8.632500E+03,  4.921200E-01
  7.801993E+03,  1.217382E-09,  1.019895E-09,  8.635000E+03,  4.907700E-01
  7.809814E+03,  1.213414E-09,  1.013825E-09,  8.637500E+03,  4.893900E-01
  7.817644E+03,  1.210240E-09,  1.009685E-09,  8.640000E+03,  4.879500E-01
  7.825481E+03,  1.205478E-09,  1.003599E-09,  8.642500E+03,  4.864400E-01
  7.833326E+03,  1.201510E-09,  9.968051E-10,  8.645000E+03,  4.848900E-01
  7.841179E+03,  1.197542E-09,  9.893416E-10,  8.647500E+03,  4.834100E-01
  7.849040E+03,  1.193574E-09,  9.827667E-10,  8.650000E+03,  4.821000E-01
  7.856908E+03,  1.189606E-09,  9.766373E-10,  8.652500E+03,  4.810300E-01
  7.864785E+03,  1.185638E-09,  9.704586E-10,  8.655000E+03,  4.801100E-01
  7.872669E+03,  1.180877E-09,  9.636308E-10,  8.657500E+03,  4.792000E-01
  7.880562E+03,  1.175322E-09,  9.564094E-10,  8.660000E+03,  4.781600E-01
  7.888462E+03,  1.172147E-09,  9.512370E-10,  8.662500E+03,  4.769600E-01
  7.896370E+03,  1.165798E-09,  9.428451E-10,  8.665000E+03,  4.755800E-01
  7.904286E+03,  1.164211E-09,  9.383324E-10,  8.667500E+03,  4.741100E-01
  7.912210E+03,  1.163418E-09,  9.348901E-10,  8.670000E+03,  4.725000E-01
  7.920142E+03,  1.160243E-09,  9.297830E-10,  8.672500E+03,  4.707300E-01
  7.928082E+03,  1.157069E-09,  9.244684E-10,  8.675000E+03,  4.688800E-01
  7.936030E+03,  1.152307E-09,  9.172917E-10,  8.677500E+03,  4.671200E-01
  7.943986E+03,  1.147546E-09,  9.097465E-10,  8.680000E+03,  4.656500E-01
  7.951950E+03,  1.142784E-09,  9.023540E-10,  8.682500E+03,  4.645900E-01
  7.959922E+03,  1.141197E-09,  8.980036E-10,  8.685000E+03,  4.638700E-01
  7.967901E+03,  1.138816E-09,  8.929173E-10,  8.687500E+03,  4.632300E-01
  7.975889E+03,  1.133261E-09,  8.856761E-10,  8.690000E+03,  4.624800E-01
  7.983885E+03,  1.126912E-09,  8.774280E-10,  8.692500E+03,  4.615900E-01
  7.991889E+03,  1.121357E-09,  8.692805E-10,  8.695000E+03,  4.605900E-01
  7.999901E+03,  1.120563E-09,  8.650081E-10,  8.697500E+03,  4.594900E-01
  8.007921E+03,  1.119770E-09,  8.607110E-10,  8.700000E+03,  4.582800E-01
  8.015949E+03,  1.116595E-09,  8.551026E-10,  8.702500E+03,  4.569500E-01
  8.023985E+03,  1.113421E-09,  8.499126E-10,  8.705000E+03,  4.555400E-01
  8.032029E+03,  1.110246E-09,  8.445660E-10,  8.707500E+03,  4.540900E-01
  8.040081E+03,  1.106278E-09,  8.379462E-10,  8.710000E+03,  4.526600E-01
  8.048141E+03,  1.103104E-09,  8.317324E-10,  8.712500E+03,  4.512800E-01
  8.056209E+03,  1.099136E-09,  8.247620E-10,  8.715000E+03,  4.499500E-01
  8.064286E+03,  1.095962E-09,  8.189353E-10,  8.717500E+03,  4.487100E-01
  8.072370E+03,  1.092787E-09,  8.133101E-10,  8.720000E+03,  4.476400E-01
  8.080463E+03,  1.088819E-09,  8.066295E-10,  8.722500E+03,  4.467700E-01
  8.088563E+03,  1.085645E-09,  8.012508E-10,  8.725000E+03,  4.460800E-01
  8.096672E+03,  1.082470E-09,  7.954147E-10,  8.727500E+03,  4.453700E-01
  8.104789E+03,  1.078502E-09,  7.892588E-10,  8.730000E+03,  4.445400E-01
  8.112914E+03,  1.075328E-09,  7.833903E-10,  8.732500E+03,  4.435000E-01
  8.121047E+03,  1.072154E-09,  7.772881E-10,  8.735000E+03,  4.423300E-01
  8.129189E+03,  1.068186E-09,  7.725275E-10,  8.737500E+03,  4.410600E-01
  8.137338E+03,  1.065011E-09,  7.671765E-10,  8.740000E+03,  4.397500E-01
  8.145496E+03,  1.061837E-09,  7.612858E-10,  8.742500E+03,  4.383900E-01
  8.153662E+03,  1.058662E-09,  7.547402E-10,  8.745000E+03,  4.369900E-01
  8.161836E+03,  1.054694E-09,  7.473918E-10,  8.747500E+03,  4.356100E-01
  8.170018E+03,  1.051520E-09,  7.415774E-10,  8.750000E+03,  4.342900E-01
  8.178209E+03,  1.047552E-09,  7.356411E-10,  8.752500E+03,  4.330900E-01
  8.186407E+03,  1.042790E-09,  7.286200E-10,  8.755000E+03,  4.319600E-01
  8.194614E+03,  1.038029E-09,  7.212206E-10,  8.757500E+03,  4.308400E-01
  8.202829E+03,  1.034854E-09,  7.149821E-10,  8.760000E+03,  4.296700E-01
  8.211053E+03,  1.030886E-09,  7.086666E-10,  8.762500E+03,  4.284300E-01
  8.219284E+03,  1.027712E-09,  7.033858E-10,  8.765000E+03,  4.271100E-01
  8.227524E+03,  1.024538E-09,  6.975560E-10,  8.767500E+03,  4.257800E-01
  8.235772E+03,  1.022157E-09,  6.925022E-10,  8.770000E+03,  4.244700E-01
  8.244029E+03,  1.018982E-09,  6.865367E-10,  8.772500E+03,  4.231800E-01
  8.252293E+03,  1.016602E-09,  6.806962E-10,  8.775000E+03,  4.219000E-01
  8.260566E+03,  1.015808E-09,  6.763951E-10,  8.777500E+03,  4.206000E-01
  8.268847E+03,  1.014221E-09,  6.719403E-10,  8.780000E+03,  4.192500E-01
  8.277137E+03,  1.011046E-09,  6.658449E-10,  8.782500E+03,  4.178400E-01
  8.285435E+03,  1.007872E-09,  6.597517E-10,  8.785000E+03,  4.163800E-01
  8.293741E+03,  1.004698E-09,  6.543125E-10,  8.787500E+03,  4.149300E-01
  8.302055E+03,  1.002317E-09,  6.497078E-10,  8.790000E+03,  4.135300E-01
  8.310378E+03,  9.999360E-10,  6.445824E-10,  8.792500E+03,  4.121700E-01
  8.318709E+03,  9.967616E-10,  6.388523E-10,  8.795000E+03,  4.108600E-01
  8.327049E+03,  9.920000E-10,  6.322326E-10,  8.797500E+03,  4.096100E-01
  8.335397E+03,  9.872384E-10,  6.258528E-10,  8.800000E+03,  4.084400E-01
  8.343753E+03,  9.856512E-10,  6.215653E-10,  8.802500E+03,  4.073400E-01
  8.352118E+03,  9.840639E-10,  6.170419E-10,  8.805000E+03,  4.063100E-01
  8.360491E+03,  9.816832E-10,  6.114231E-10,  8.807500E+03,  4.053100E-01
  8.368872E+03,  9.785088E-10,  6.046560E-10,  8.810000E+03,  4.043100E-01
  8.377262E+03,  9.753344E-10,  5.985925E-10,  8.812500E+03,  4.032700E-01
  8.385660E+03,  9.713664E-10,  5.926482E-10,  8.815000E+03,  4.022200E-01
  8.394067E+03,  9.681920E-10,  5.872321E-10,  8.817500E+03,  4.011300E-01
  8.402482E+03,  9.650176E-10,  5.813647E-10,  8.820000E+03,  3.999700E-01
  8.410905E+03,  9.602560E-10,  5.741599E-10,  8.822500E+03,  3.987500E-01
  8.419337E+03,  9.570816E-10,  5.684487E-10,  8.825000E+03,  3.974500E-01
  8.427778E+03,  9.531136E-10,  5.625955E-10,  8.827500E+03,  3.961300E-01
  8.436226E+03,  9.435904E-10,  5.545967E-10,  8.830000E+03,  3.947800E-01
  8.444684E+03,  9.348607E-10,  5.460074E-10,  8.832500E+03,  3.934300E-01
  8.453150E+03,  9.364480E-10,  5.421524E-10,  8.835000E+03,  3.920800E-01
  8.461624E+03,  9.316864E-10,  5.348627E-10,  8.837500E+03,  3.907400E-01
  8.470107E+03,  9.245440E-10,  5.266912E-10,  8.840000E+03,  3.894300E-01
  8.478598E+03,  9.316864E-10,  5.268703E-10,  8.842500E+03,  3.881800E-01
  8.487098E+03,  9.324800E-10,  5.237914E-10,  8.845000E+03,  3.869500E-01
  8.495606E+03,  9.078784E-10,  5.059521E-10,  8.847500E+03,  3.857500E-01
  8.504123E+03,  8.896256E-10,  4.918975E-10,  8.850000E+03,  3.845500E-01
  8.512648E+03,  9.078784E-10,  4.985844E-10,  8.852500E+03,  3.833400E-01
  8.521182E+03,  9.277184E-10,  5.057701E-10,  8.855000E+03,  3.821500E-01
  8.529725E+03,  9.205760E-10,  4.974698E-10,  8.857500E+03,  3.809600E-01
  8.538276E+03,  8.777216E-10,  4.708432E-10,  8.860000E+03,  3.798100E-01
  8.546835E+03,  8.451840E-10,  4.504102E-10,  8.862500E+03,  3.786800E-01
  8.555404E+03,  8.753408E-10,  4.630856E-10,  8.865000E+03,  3.775800E-01
  8.563980E+03,  9.166080E-10,  4.813951E-10,  8.867500E+03,  3.765100E-01
  8.572566E+03,  9.293056E-10,  4.843284E-10,  8.870000E+03,  3.754900E-01
  8.581160E+03,  9.126400E-10,  4.709863E-10,  8.872500E+03,  3.745200E-01
  8.589762E+03,  8.594688E-10,  4.392510E-10,  8.875000E+03,  3.735800E-01
  8.598374E+03,  8.062976E-10,  4.094004E-10,  8.877500E+03,  3.726200E-01
  8.606994E+03,  8.293120E-10,  4.173808E-10,  8.880000E+03,  3.715800E-01
  8.615622E+03,  8.904192E-10,  4.448477E-10,  8.882500E+03,  3.704400E-01
  8.624259E+03,  9.261312E-10,  4.595230E-10,  8.885000E+03,  3.691900E-01
  8.632905E+03,  9.348607E-10,  4.598591E-10,  8.887500E+03,  3.679000E-01
  8.641560E+03,  9.229568E-10,  4.494873E-10,  8.890000E+03,  3.666400E-01
  8.650223E+03,  8.769280E-10,  4.226834E-10,  8.892500E+03,  3.653800E-01
  8.658895E+03,  7.929651E-10,  3.795288E-10,  8.895000E+03,  3.641400E-01
  8.667575E+03,  7.468570E-10,  3.540562E-10,  8.897500E+03,  3.628900E-01
  8.676264E+03,  8.039168E-10,  3.762249E-10,  8.900000E+03,  3.616500E-01
  8.684962E+03,  8.801024E-10,  4.082626E-10,  8.902500E+03,  3.604200E-01
  8.693669E+03,  9.245440E-10,  4.263279E-10,  8.905000E+03,  3.591800E-01
  8.702384E+03,  9.427968E-10,  4.308689E-10,  8.907500E+03,  3.579300E-01
  8.711109E+03,  9.459712E-10,  4.276244E-10,  8.910000E+03,  3.566600E-01
  8.719842E+03,  9.340672E-10,  4.181892E-10,  8.912500E+03,  3.553700E-01
  8.728583E+03,  9.015296E-10,  4.011900E-10,  8.915000E+03,  3.540400E-01
  8.737334E+03,  8.332800E-10,  3.675969E-10,  8.917500E+03,  3.527300E-01
  8.746093E+03,  7.401114E-10,  3.229748E-10,  8.920000E+03,  3.514300E-01
  8.754861E+03,  7.138432E-10,  3.083966E-10,  8.922500E+03,  3.501500E-01
  8.763638E+03,  7.887591E-10,  3.374543E-10,  8.925000E+03,  3.488800E-01
  8.772423E+03,  8.705792E-10,  3.684463E-10,  8.927500E+03,  3.476800E-01
  8.781217E+03,  9.181952E-10,  3.843229E-10,  8.930000E+03,  3.465600E-01
  8.790021E+03,  9.427968E-10,  3.898642E-10,  8.932500E+03,  3.455500E-01
  8.798833E+03,  9.523200E-10,  3.894859E-10,  8.935000E+03,  3.446100E-01
  8.807653E+03,  9.523200E-10,  3.859264E-10,  8.937500E+03,  3.436700E-01
  8.816483E+03,  9.475584E-10,  3.805142E-10,  8.940000E+03,  3.426500E-01
  8.825322E+03,  9.332736E-10,  3.707711E-10,  8.942500E+03,  3.414800E-01
  8.834169E+03,  9.062912E-10,  3.557453E-10,  8.945000E+03,  3.402000E-01
  8.843025E+03,  8.547072E-10,  3.315593E-10,  8.947500E+03,  3.389100E-01
  8.851890E+03,  7.722521E-10,  2.962630E-10,  8.950000E+03,  3.376500E-01
  8.860765E+03,  6.871783E-10,  2.607597E-10,  8.952500E+03,  3.364500E-01
  8.869647E+03,  6.931302E-10,  2.603632E-10,  8.955000E+03,  3.353000E-01
  8.878539E+03,  7.782042E-10,  2.896380E-10,  8.957500E+03,  3.341800E-01
  8.887440E+03,  8.515328E-10,  3.133053E-10,  8.960000E+03,  3.330800E-01
  8.896350E+03,  8.943872E-10,  3.250786E-10,  8.962500E+03,  3.320400E-01
  8.905268E+03,  9.150208E-10,  3.285344E-10,  8.965000E+03,  3.310300E-01
  8.914196E+03,  9.237504E-10,  3.274398E-10,  8.967500E+03,  3.300000E-01
  8.923132E+03,  9.269248E-10,  3.242650E-10,  8.970000E+03,  3.289000E-01
  8.932078E+03,  9.285120E-10,  3.210057E-10,  8.972500E+03,  3.277200E-01
  8.941032E+03,  9.300992E-10,  3.182492E-10,  8.975000E+03,  3.264800E-01
  8.949996E+03,  9.269248E-10,  3.129782E-10,  8.977500E+03,  3.251900E-01
  8.958968E+03,  9.197824E-10,  3.067788E-10,  8.980000E+03,  3.239000E-01
  8.967949E+03,  9.078784E-10,  2.994204E-10,  8.982500E+03,  3.225800E-01
  8.976940E+03,  8.896256E-10,  2.895545E-10,  8.985000E+03,  3.212700E-01
  8.985939E+03,  8.594688E-10,  2.757051E-10,  8.987500E+03,  3.199800E-01
  8.994948E+03,  8.094720E-10,  2.562004E-10,  8.990000E+03,  3.187400E-01
  9.003965E+03,  7.301913E-10,  2.282922E-10,  8.992500E+03,  3.175800E-01
  9.012991E+03,  6.496410E-10,  2.005337E-10,  8.995000E+03,  3.164800E-01
  9.022027E+03,  6.570214E-10,  2.000467E-10,  8.997500E+03,  3.154100E-01
  9.031072E+03,  7.385241E-10,  2.217302E-10,  9.000000E+03,  3.143500E-01
  9.040125E+03,  8.070912E-10,  2.391531E-10,  9.002500E+03,  3.132800E-01
  9.049188E+03,  8.451840E-10,  2.470395E-10,  9.005000E+03,  3.122000E-01
  9.058260E+03,  8.602624E-10,  2.482044E-10,  9.007500E+03,  3.111200E-01
  9.067341E+03,  8.689920E-10,  2.471192E-10,  9.010000E+03,  3.100300E-01
  9.076431E+03,  8.761344E-10,  2.456047E-10,  9.012500E+03,  3.089100E-01
  9.085530E+03,  8.753408E-10,  2.422231E-10,  9.015000E+03,  3.077600E-01
  9.094638E+03,  8.737536E-10,  2.384929E-10,  9.017500E+03,  3.066000E-01
  9.103756E+03,  8.761344E-10,  2.353755E-10,  9.020000E+03,  3.054400E-01
  9.112882E+03,  8.761344E-10,  2.315485E-10,  9.022500E+03,  3.042500E-01
  9.122018E+03,  8.761344E-10,  2.279775E-10,  9.025000E+03,  3.030400E-01
  9.131163E+03,  8.753408E-10,  2.245105E-10,  9.027500E+03,  3.018700E-01
  9.140317E+03,  8.729600E-10,  2.209001E-10,  9.030000E+03,  3.007100E-01
  9.149480E+03,  8.689920E-10,  2.167337E-10,  9.032500E+03,  2.996000E-01
  9.158652E+03,  8.634368E-10,  2.121032E-10,  9.035000E+03,  2.985200E-01
  9.167834E+03,  8.555008E-10,  2.069786E-10,  9.037500E+03,  2.974600E-01
  9.177024E+03,  8.443904E-10,  2.008609E-10,  9.040000E+03,  2.963700E-01
  9.186224E+03,  8.308992E-10,  1.942402E-10,  9.042500E+03,  2.952700E-01
  9.195434E+03,  8.094720E-10,  1.862613E-10,  9.045000E+03,  2.941400E-01
  9.204652E+03,  7.722521E-10,  1.750558E-10,  9.047500E+03,  2.930200E-01
  9.213880E+03,  7.099545E-10,  1.583242E-10,  9.050000E+03,  2.919400E-01
  9.223117E+03,  6.286899E-10,  1.378062E-10,  9.052500E+03,  2.909000E-01
  9.232363E+03,  5.944064E-10,  1.281328E-10,  9.055000E+03,  2.898700E-01
  9.241618E+03,  6.501171E-10,  1.377681E-10,  9.057500E+03,  2.888500E-01
  9.250883E+03,  7.208269E-10,  1.500569E-10,  9.060000E+03,  2.877700E-01
  9.260157E+03,  7.600307E-10,  1.553890E-10,  9.062500E+03,  2.866400E-01
  9.269440E+03,  7.850291E-10,  1.578374E-10,  9.065000E+03,  2.854700E-01
  9.278733E+03,  8.070912E-10,  1.595748E-10,  9.067500E+03,  2.843000E-01
  9.288035E+03,  8.158208E-10,  1.586576E-10,  9.070000E+03,  2.831400E-01
  9.297346E+03,  8.189952E-10,  1.566767E-10,  9.072500E+03,  2.820300E-01
  9.306667E+03,  8.197888E-10,  1.539180E-10,  9.075000E+03,  2.809400E-01
  9.315997E+03,  8.189952E-10,  1.509041E-10,  9.077500E+03,  2.798700E-01
  9.325336E+03,  8.174080E-10,  1.479032E-10,  9.080000E+03,  2.788400E-01
  9.334685E+03,  8.158208E-10,  1.449232E-10,  9.082500E+03,  2.778600E-01
  9.344043E+03,  8.142336E-10,  1.419266E-10,  9.085000E+03,  2.769200E-01
  9.353410E+03,  8.118528E-10,  1.388738E-10,  9.087500E+03,  2.759700E-01
  9.362787E+03,  8.094720E-10,  1.359547E-10,  9.090000E+03,  2.749700E-01
  9.372173E+03,  8.070912E-10,  1.329643E-10,  9.092500E+03,  2.739100E-01
  9.381569E+03,  8.031232E-10,  1.295982E-10,  9.095000E+03,  2.727900E-01
  9.390974E+03,  7.975680E-10,  1.261283E-10,  9.097500E+03,  2.716300E-01
  9.400388E+03,  7.919334E-10,  1.227147E-10,  9.100000E+03,  2.704500E-01
  9.409812E+03,  7.868544E-10,  1.196232E-10,  9.102500E+03,  2.692600E-01
  9.419245E+03,  7.876480E-10,  1.174213E-10,  9.105000E+03,  2.680500E-01
  9.428688E+03,  7.878861E-10,  1.150038E-10,  9.107500E+03,  2.668400E-01
  9.438141E+03,  7.853466E-10,  1.123558E-10,  9.110000E+03,  2.656300E-01
  9.447602E+03,  7.820928E-10,  1.095534E-10,  9.112500E+03,  2.644600E-01
  9.457074E+03,  7.782835E-10,  1.066312E-10,  9.115000E+03,  2.633100E-01
  9.466554E+03,  7.737600E-10,  1.037409E-10,  9.117500E+03,  2.621700E-01
  9.476044E+03,  7.685223E-10,  1.009063E-10,  9.120000E+03,  2.610800E-01
  9.485544E+03,  7.616179E-10,  9.788231E-11,  9.122500E+03,  2.600000E-01
  9.495054E+03,  7.524121E-10,  9.462696E-11,  9.125000E+03,  2.589400E-01
  9.504572E+03,  7.386035E-10,  9.090228E-11,  9.127500E+03,  2.579100E-01
  9.514101E+03,  7.167001E-10,  8.636253E-11,  9.130000E+03,  2.569300E-01
  9.523639E+03,  6.803533E-10,  8.024169E-11,  9.132500E+03,  2.559700E-01
  9.533186E+03,  6.208333E-10,  7.158590E-11,  9.135000E+03,  2.550400E-01
  9.542743E+03,  5.528217E-10,  6.231568E-11,  9.137500E+03,  2.541100E-01
  9.552310E+03,  5.474253E-10,  6.019877E-11,  9.140000E+03,  2.531700E-01
  9.561886E+03,  6.094848E-10,  6.530150E-11,  9.142500E+03,  2.522000E-01
  9.571472E+03,  6.662272E-10,  6.983573E-11,  9.145000E+03,  2.512100E-01
  9.581067E+03,  6.988442E-10,  7.163528E-11,  9.147500E+03,  2.502000E-01
  9.590672E+03,  7.157478E-10,  7.162341E-11,  9.150000E+03,  2.492000E-01
  9.600287E+03,  7.231283E-10,  7.058126E-11,  9.152500E+03,  2.481700E-01
  9.609911E+03,  7.263027E-10,  6.908818E-11,  9.155000E+03,  2.471500E-01
  9.619545E+03,  7.263027E-10,  6.730259E-11,  9.157500E+03,  2.461200E-01
  9.629189E+03,  7.258266E-10,  6.554557E-11,  9.160000E+03,  2.451000E-01
  9.638842E+03,  7.270169E-10,  6.399498E-11,  9.162500E+03,  2.440800E-01
  9.648505E+03,  7.261440E-10,  6.234595E-11,  9.165000E+03,  2.430900E-01
  9.658177E+03,  7.222554E-10,  6.049153E-11,  9.167500E+03,  2.420800E-01
  9.667860E+03,  7.218586E-10,  5.893315E-11,  9.170000E+03,  2.410200E-01
  9.677552E+03,  7.220173E-10,  5.737740E-11,  9.172500E+03,  2.399300E-01
  9.687254E+03,  7.201920E-10,  5.563928E-11,  9.175000E+03,  2.388000E-01
  9.696965E+03,  7.182080E-10,  5.396141E-11,  9.177500E+03,  2.376600E-01
  9.706686E+03,  7.163827E-10,  5.231439E-11,  9.180000E+03,  2.365300E-01
  9.716417E+03,  7.141606E-10,  5.068460E-11,  9.182500E+03,  2.354100E-01
  9.726158E+03,  7.117005E-10,  4.914126E-11,  9.185000E+03,  2.343000E-01
  9.735908E+03,  7.090816E-10,  4.768066E-11,  9.187500E+03,  2.332200E-01
  9.745669E+03,  7.067008E-10,  4.625659E-11,  9.190000E+03,  2.321800E-01
  9.755439E+03,  7.045581E-10,  4.479986E-11,  9.192500E+03,  2.312000E-01
  9.765219E+03,  7.023360E-10,  4.332511E-11,  9.195000E+03,  2.302600E-01
  9.775008E+03,  6.998758E-10,  4.185846E-11,  9.197500E+03,  2.293500E-01
  9.784808E+03,  6.974157E-10,  4.043938E-11,  9.200000E+03,  2.284200E-01
  9.794617E+03,  6.950349E-10,  3.906717E-11,  9.202500E+03,  2.275000E-01
  9.804436E+03,  6.925747E-10,  3.775553E-11,  9.205000E+03,  2.265500E-01
  9.814265E+03,  6.899558E-10,  3.649213E-11,  9.207500E+03,  2.255800E-01
  9.824104E+03,  6.871783E-10,  3.524575E-11,  9.210000E+03,  2.246000E-01
  9.833953E+03,  6.848768E-10,  3.403672E-11,  9.212500E+03,  2.235800E-01
  9.843811E+03,  6.824166E-10,  3.285527E-11,  9.215000E+03,  2.225400E-01
  9.853680E+03,  6.791629E-10,  3.162628E-11,  9.217500E+03,  2.214900E-01
  9.863558E+03,  6.766234E-10,  3.044465E-11,  9.220000E+03,  2.204500E-01
  9.873446E+03,  6.748774E-10,  2.935204E-11,  9.222500E+03,  2.194400E-01
  9.883344E+03,  6.715443E-10,  2.823067E-11,  9.225000E+03,  2.184500E-01
  9.893252E+03,  6.676557E-10,  2.715000E-11,  9.227500E+03,  2.174700E-01
  9.903170E+03,  6.665446E-10,  2.620110E-11,  9.230000E+03,  2.165000E-01
  9.913098E+03,  6.648781E-10,  2.523787E-11,  9.232500E+03,  2.155100E-01
  9.923036E+03,  6.619418E-10,  2.424500E-11,  9.235000E+03,  2.145300E-01
  9.932984E+03,  6.586086E-10,  2.323719E-11,  9.237500E+03,  2.135500E-01
  9.942942E+03,  6.560691E-10,  2.228237E-11,  9.240000E+03,  2.125600E-01
  9.952910E+03,  6.534502E-10,  2.135316E-11,  9.242500E+03,  2.115600E-01
  9.962887E+03,  6.501171E-10,  2.042997E-11,  9.245000E+03,  2.105500E-01
  9.972875E+03,  6.459904E-10,  1.955282E-11,  9.247500E+03,  2.095500E-01
  9.982873E+03,  6.407526E-10,  1.869698E-11,  9.250000E+03,  2.085300E-01
  9.992881E+03,  6.335309E-10,  1.780687E-11,  9.252500E+03,  2.075200E-01
  1.000290E+04,  6.236902E-10,  1.683673E-11,  9.255000E+03,  2.064900E-01
  1.001293E+04,  6.092467E-10,  1.578188E-11,  9.257500E+03,  2.054900E-01
  1.002296E+04,  5.849626E-10,  1.453145E-11,  9.260000E+03,  2.045100E-01
  1.003301E+04,  5.437747E-10,  1.294659E-11,  9.262500E+03,  2.035700E-01
  1.004307E+04,  4.871117E-10,  1.111842E-11,  9.265000E+03,  2.026600E-01
  1.005314E+04,  4.626688E-10,  1.012375E-11,  9.267500E+03,  2.017500E-01
  1.006322E+04,  5.027456E-10,  1.054603E-11,  9.270000E+03,  2.008600E-01
  1.007331E+04,  5.525043E-10,  1.110662E-11,  9.272500E+03,  1.999500E-01
  1.008340E+04,  5.818675E-10,  1.119749E-11,  9.275000E+03,  1.990500E-01
  1.009351E+04,  5.965491E-10,  1.097106E-11,  9.277500E+03,  1.981500E-01
  1.010363E+04,  6.044057E-10,  1.061578E-11,  9.280000E+03,  1.972700E-01
  1.011376E+04,  6.073421E-10,  1.018161E-11,  9.282500E+03,  1.963900E-01
  1.012390E+04,  6.085325E-10,  9.732648E-12,  9.285000E+03,  1.955200E-01
  1.013405E+04,  6.105958E-10,  9.316772E-12,  9.287500E+03,  1.946600E-01
  1.014421E+04,  6.113101E-10,  8.903027E-12,  9.290000E+03,  1.938000E-01
  1.015438E+04,  6.103578E-10,  8.485387E-12,  9.292500E+03,  1.929600E-01
  1.016456E+04,  6.090086E-10,  8.074432E-12,  9.295000E+03,  1.921200E-01
  1.017475E+04,  6.075008E-10,  7.681940E-12,  9.297500E+03,  1.912500E-01
  1.018495E+04,  6.057549E-10,  7.283077E-12,  9.300000E+03,  1.903600E-01
  1.019516E+04,  6.040883E-10,  6.899382E-12,  9.302500E+03,  1.894100E-01
  1.020538E+04,  6.024218E-10,  6.536461E-12,  9.305000E+03,  1.884200E-01
  1.021561E+04,  6.005171E-10,  6.197780E-12,  9.307500E+03,  1.874200E-01
  1.022585E+04,  5.986125E-10,  5.877873E-12,  9.310000E+03,  1.864500E-01
  1.023610E+04,  5.966285E-10,  5.573406E-12,  9.312500E+03,  1.855200E-01
  1.024636E+04,  5.946445E-10,  5.289626E-12,  9.315000E+03,  1.846100E-01
  1.025664E+04,  5.926605E-10,  5.004759E-12,  9.317500E+03,  1.837200E-01
  1.026692E+04,  5.907558E-10,  4.727980E-12,  9.320000E+03,  1.828300E-01
  1.027721E+04,  5.887718E-10,  4.463813E-12,  9.322500E+03,  1.819500E-01
  1.028751E+04,  5.867085E-10,  4.206410E-12,  9.325000E+03,  1.810600E-01
  1.029783E+04,  5.847245E-10,  3.969244E-12,  9.327500E+03,  1.801800E-01
  1.030815E+04,  5.827405E-10,  3.745028E-12,  9.330000E+03,  1.793000E-01
  1.031848E+04,  5.805977E-10,  3.532681E-12,  9.332500E+03,  1.784100E-01
  1.032883E+04,  5.782170E-10,  3.332146E-12,  9.335000E+03,  1.775300E-01
  1.033918E+04,  5.763123E-10,  3.136789E-12,  9.337500E+03,  1.766400E-01
  1.034955E+04,  5.746458E-10,  2.955198E-12,  9.340000E+03,  1.757500E-01
  1.035992E+04,  5.725824E-10,  2.778244E-12,  9.342500E+03,  1.748500E-01
  1.037031E+04,  5.703603E-10,  2.607303E-12,  9.345000E+03,  1.739700E-01
  1.038071E+04,  5.686144E-10,  2.446780E-12,  9.347500E+03,  1.730800E-01
  1.039111E+04,  5.667891E-10,  2.297364E-12,  9.350000E+03,  1.722000E-01
  1.040153E+04,  5.648051E-10,  2.157219E-12,  9.352500E+03,  1.713600E-01
  1.041196E+04,  5.629005E-10,  2.016886E-12,  9.355000E+03,  1.705300E-01
  1.042240E+04,  5.609959E-10,  1.886121E-12,  9.357500E+03,  1.697000E-01
  1.043284E+04,  5.590118E-10,  1.768224E-12,  9.360000E+03,  1.688800E-01
  1.044330E+04,  5.565517E-10,  1.645810E-12,  9.362500E+03,  1.680500E-01
  1.045377E+04,  5.532185E-10,  1.526687E-12,  9.365000E+03,  1.672200E-01
  1.046425E+04,  5.512346E-10,  1.419406E-12,  9.367500E+03,  1.663700E-01
  1.047474E+04,  5.505203E-10,  1.318012E-12,  9.370000E+03,  1.655100E-01
  1.048524E+04,  5.490918E-10,  1.222871E-12,  9.372500E+03,  1.646300E-01
  1.049575E+04,  5.469491E-10,  1.138169E-12,  9.375000E+03,  1.637200E-01
  1.050628E+04,  5.445683E-10,  1.050900E-12,  9.377500E+03,  1.628200E-01
  1.051681E+04,  5.426637E-10,  9.758648E-13,  9.380000E+03,  1.619200E-01
  1.052735E+04,  5.409971E-10,  8.993314E-13,  9.382500E+03,  1.610400E-01
  1.053791E+04,  5.390131E-10,  8.319667E-13,  9.385000E+03,  1.601900E-01
  1.054847E+04,  5.371085E-10,  7.618098E-13,  9.387500E+03,  1.593300E-01
  1.055905E+04,  5.356006E-10,  7.003712E-13,  9.390000E+03,  1.584800E-01
  1.056963E+04,  5.338547E-10,  6.422024E-13,  9.392500E+03,  1.576100E-01
  1.058023E+04,  5.316326E-10,  5.891472E-13,  9.395000E+03,  1.567600E-01
  1.059083E+04,  5.294899E-10,  5.418436E-13,  9.397500E+03,  1.559100E-01
  1.060145E+04,  5.279027E-10,  4.984438E-13,  9.400000E+03,  1.550800E-01
  1.061208E+04,  5.263949E-10,  4.553597E-13,  9.402500E+03,  1.542800E-01
  1.062272E+04,  5.246489E-10,  4.188063E-13,  9.405000E+03,  1.535100E-01
  1.063337E+04,  5.226650E-10,  3.797333E-13,  9.407500E+03,  1.527300E-01
  1.064403E+04,  5.209190E-10,  3.510437E-13,  9.410000E+03,  1.519700E-01
  1.065470E+04,  5.189351E-10,  3.223679E-13,  9.412500E+03,  1.511900E-01
  1.066538E+04,  5.163955E-10,  2.935631E-13,  9.415000E+03,  1.504100E-01
  1.067607E+04,  5.109197E-10,  2.685991E-13,  9.417500E+03,  1.496300E-01
  1.068677E+04,  5.039360E-10,  2.433536E-13,  9.420000E+03,  1.488400E-01
  1.069749E+04,  5.040947E-10,  2.218277E-13,  9.422500E+03,  1.480200E-01
  1.070821E+04,  5.059994E-10,  2.060200E-13,  9.425000E+03,  1.471900E-01
  1.071895E+04,  5.056819E-10,  1.942905E-13,  9.427500E+03,  1.463500E-01
  1.072969E+04,  5.035392E-10,  1.762387E-13,  9.430000E+03,  1.455400E-01
  1.074045E+04,  5.025869E-10,  1.608278E-13,  9.432500E+03,  1.447700E-01
  1.075122E+04,  5.013171E-10,  1.479569E-13,  9.435000E+03,  1.440100E-01
  1.076199E+04,  4.998886E-10,  1.349699E-13,  9.437500E+03,  1.432600E-01
  1.077278E+04,  4.986189E-10,  1.240904E-13,  9.440000E+03,  1.425000E-01
  1.078358E+04,  4.966349E-10,  1.142260E-13,  9.442500E+03,  1.417200E-01
  1.079439E+04,  4.945715E-10,  1.038600E-13,  9.445000E+03,  1.409200E-01
  1.080521E+04,  4.923494E-10,  9.312377E-14,  9.447500E+03,  1.401100E-01
  1.081605E+04,  4.897305E-10,  8.325419E-14,  9.450000E+03,  1.393100E-01
  1.082689E+04,  4.870323E-10,  7.305485E-14,  9.452500E+03,  1.385000E-01
  1.083774E+04,  4.849690E-10,  6.789565E-14,  9.455000E+03,  1.376800E-01
  1.084861E+04,  4.827469E-10,  5.792963E-14,  9.457500E+03,  1.368700E-01
  1.085948E+04,  4.790169E-10,  5.269186E-14,  9.460000E+03,  1.360800E-01
  1.087037E+04,  4.741760E-10,  4.741760E-14,  9.462500E+03,  1.353000E-01
  1.088127E+04,  4.690176E-10,  4.221158E-14,  9.465000E+03,  1.345400E-01
  1.089218E+04,  4.613197E-10,  4.151877E-14,  9.467500E+03,  1.337900E-01
  1.090310E+04,  4.483840E-10,  4.035456E-14,  9.470000E+03,  1.330400E-01
  1.091403E+04,  4.266394E-10,  3.839754E-14,  9.472500E+03,  1.323100E-01
  1.092497E+04,  3.932288E-10,  3.539059E-14,  9.475000E+03,  1.316000E-01
  1.093592E+04,  3.587866E-10,  3.229079E-14,  9.477500E+03,  1.308800E-01
  1.094688E+04,  3.623577E-10,  3.261220E-14,  9.480000E+03,  1.301600E-01
  1.095786E+04,  3.973555E-10,  3.576200E-14,  9.482500E+03,  1.294300E-01
  1.096884E+04,  4.256077E-10,  3.830469E-14,  9.485000E+03,  1.286800E-01
  1.097984E+04,  4.410829E-10,  3.969746E-14,  9.487500E+03,  1.279400E-01
  1.099085E+04,  4.493363E-10,  4.044027E-14,  9.490000E+03,  1.272100E-01
  1.100187E+04,  4.534630E-10,  4.081167E-14,  9.492500E+03,  1.264900E-01
  1.101289E+04,  4.551296E-10,  4.096166E-14,  9.495000E+03,  1.257800E-01
  1.102394E+04,  4.556057E-10,  4.100452E-14,  9.497500E+03,  1.250700E-01
  1.103499E+04,  4.556851E-10,  4.101166E-14,  9.500000E+03,  1.243700E-01
  1.104605E+04,  4.551296E-10,  4.096166E-14,  9.502500E+03,  1.236700E-01
  1.105712E+04,  4.542566E-10,  4.088310E-14,  9.505000E+03,  1.229500E-01
  1.106821E+04,  4.531456E-10,  4.078310E-14,  9.507500E+03,  1.222600E-01
  1.107930E+04,  4.519552E-10,  4.067597E-14,  9.510000E+03,  1.215800E-01
  1.109041E+04,  4.506061E-10,  4.055455E-14,  9.512500E+03,  1.209100E-01
  1.110153E+04,  4.492570E-10,  4.043313E-14,  9.515000E+03,  1.202700E-01
  1.111266E+04,  4.477491E-10,  4.029742E-14,  9.517500E+03,  1.196100E-01
  1.112380E+04,  4.461619E-10,  4.015457E-14,  9.520000E+03,  1.189600E-01
  1.113495E+04,  4.446541E-10,  4.001887E-14,  9.522500E+03,  1.182600E-01
  1.114611E+04,  4.433049E-10,  3.989745E-14,  9.525000E+03,  1.175600E-01
  1.115729E+04,  4.419558E-10,  3.977603E-14,  9.527500E+03,  1.168500E-01
  1.116847E+04,  4.404480E-10,  3.964032E-14,  9.530000E+03,  1.161700E-01
  1.117967E+04,  4.388608E-10,  3.949747E-14,  9.532500E+03,  1.154900E-01
  1.119088E+04,  4.372736E-10,  3.935462E-14,  9.535000E+03,  1.148200E-01
  1.120210E+04,  4.358451E-10,  3.922606E-14,  9.537500E+03,  1.141600E-01
  1.121333E+04,  4.344166E-10,  3.909750E-14,  9.540000E+03,  1.134900E-01
  1.122457E+04,  4.329882E-10,  3.896893E-14,  9.542500E+03,  1.127900E-01
  1.123582E+04,  4.314803E-10,  3.883323E-14,  9.545000E+03,  1.121000E-01
  1.124708E+04,  4.298138E-10,  3.868324E-14,  9.547500E+03,  1.113900E-01
  1.125836E+04,  4.281472E-10,  3.853325E-14,  9.550000E+03,  1.106600E-01
  1.126964E+04,  4.263219E-10,  3.836897E-14,  9.552500E+03,  1.099100E-01
  1.128094E+04,  4.221952E-10,  3.799757E-14,  9.555000E+03,  1.091300E-01
  1.129225E+04,  4.175130E-10,  3.757617E-14,  9.557500E+03,  1.083700E-01
  1.130357E+04,  4.173542E-10,  3.756188E-14,  9.560000E+03,  1.076400E-01
  1.131490E+04,  4.190208E-10,  3.771187E-14,  9.562500E+03,  1.069800E-01
  1.132625E+04,  4.177510E-10,  3.759759E-14,  9.565000E+03,  1.063600E-01
  1.133760E+04,  4.161638E-10,  3.745475E-14,  9.567500E+03,  1.057700E-01
  1.134897E+04,  4.159258E-10,  3.743332E-14,  9.570000E+03,  1.051700E-01
  1.136035E+04,  4.148147E-10,  3.733332E-14,  9.572500E+03,  1.045800E-01
  1.137173E+04,  4.132275E-10,  3.719048E-14,  9.575000E+03,  1.039800E-01
  1.138313E+04,  4.117990E-10,  3.706191E-14,  9.577500E+03,  1.033800E-01
  1.139455E+04,  4.104499E-10,  3.694049E-14,  9.580000E+03,  1.027700E-01
  1.140597E+04,  4.089421E-10,  3.680479E-14,  9.582500E+03,  1.021500E-01
  1.141740E+04,  4.077517E-10,  3.669765E-14,  9.585000E+03,  1.015200E-01
  1.142885E+04,  4.064819E-10,  3.658337E-14,  9.587500E+03,  1.008800E-01
  1.144031E+04,  4.046566E-10,  3.641910E-14,  9.590000E+03,  1.002400E-01
  1.145178E+04,  4.029901E-10,  3.626911E-14,  9.592500E+03,  9.960000E-02
  1.146326E+04,  4.021171E-10,  3.619054E-14,  9.595000E+03,  9.896000E-02
  1.147475E+04,  4.009267E-10,  3.608340E-14,  9.597500E+03,  9.832000E-02
  1.148625E+04,  3.995776E-10,  3.596198E-14,  9.600000E+03,  9.768000E-02
  1.149777E+04,  3.981491E-10,  3.583342E-14,  9.602500E+03,  9.703000E-02
  1.150929E+04,  3.967206E-10,  3.570486E-14,  9.605000E+03,  9.638000E-02
  1.152083E+04,  3.953715E-10,  3.558344E-14,  9.607500E+03,  9.575000E-02
  1.153238E+04,  3.939430E-10,  3.545487E-14,  9.610000E+03,  9.510000E-02
  1.154394E+04,  3.925939E-10,  3.533345E-14,  9.612500E+03,  9.446000E-02
  1.155551E+04,  3.911654E-10,  3.520489E-14,  9.615000E+03,  9.381000E-02
  1.156710E+04,  3.897370E-10,  3.507633E-14,  9.617500E+03,  9.318000E-02
  1.157870E+04,  3.883878E-10,  3.495490E-14,  9.620000E+03,  9.255000E-02
  1.159030E+04,  3.868800E-10,  3.481920E-14,  9.622500E+03,  9.192000E-02
  1.160192E+04,  3.851341E-10,  3.466207E-14,  9.625000E+03,  9.132000E-02
  1.161355E+04,  3.831501E-10,  3.448351E-14,  9.627500E+03,  9.071000E-02
  1.162520E+04,  3.814042E-10,  3.432637E-14,  9.630000E+03,  9.011000E-02
  1.163685E+04,  3.804518E-10,  3.424067E-14,  9.632500E+03,  8.951000E-02
  1.164852E+04,  3.784678E-10,  3.406211E-14,  9.635000E+03,  8.892000E-02
  1.166019E+04,  3.754522E-10,  3.379070E-14,  9.637500E+03,  8.833000E-02
  1.167188E+04,  3.746585E-10,  3.371927E-14,  9.640000E+03,  8.776000E-02
  1.168358E+04,  3.752141E-10,  3.376927E-14,  9.642500E+03,  8.718000E-02
  1.169530E+04,  3.748173E-10,  3.373356E-14,  9.645000E+03,  8.663000E-02
  1.170702E+04,  3.737062E-10,  3.363356E-14,  9.647500E+03,  8.608000E-02
  1.171876E+04,  3.723571E-10,  3.351214E-14,  9.650000E+03,  8.553000E-02
  1.173051E+04,  3.706112E-10,  3.335501E-14,  9.652500E+03,  8.499000E-02
  1.174227E+04,  3.671194E-10,  3.304074E-14,  9.655000E+03,  8.444000E-02
  1.175404E+04,  3.631513E-10,  3.268362E-14,  9.657500E+03,  8.390000E-02
  1.176582E+04,  3.638656E-10,  3.274790E-14,  9.660000E+03,  8.336000E-02
  1.177762E+04,  3.647385E-10,  3.282647E-14,  9.662500E+03,  8.281000E-02
  1.178942E+04,  3.638656E-10,  3.274790E-14,  9.665000E+03,  8.227000E-02
  1.180124E+04,  3.625958E-10,  3.263363E-14,  9.667500E+03,  8.172000E-02
  1.181307E+04,  3.614054E-10,  3.252649E-14,  9.670000E+03,  8.117000E-02
  1.182492E+04,  3.596595E-10,  3.236936E-14,  9.672500E+03,  8.061000E-02
  1.183677E+04,  3.575168E-10,  3.217651E-14,  9.675000E+03,  8.005000E-02
  1.184864E+04,  3.565645E-10,  3.209080E-14,  9.677500E+03,  7.948000E-02
  1.186051E+04,  3.560883E-10,  3.204795E-14,  9.680000E+03,  7.891000E-02
  1.187240E+04,  3.548979E-10,  3.194081E-14,  9.682500E+03,  7.834000E-02
  1.188431E+04,  3.529933E-10,  3.176939E-14,  9.685000E+03,  7.777000E-02
  1.189622E+04,  3.510886E-10,  3.159798E-14,  9.687500E+03,  7.720000E-02
  1.190815E+04,  3.508505E-10,  3.157655E-14,  9.690000E+03,  7.665000E-02
  1.192008E+04,  3.505331E-10,  3.154798E-14,  9.692500E+03,  7.610000E-02
  1.193203E+04,  3.492634E-10,  3.143370E-14,  9.695000E+03,  7.555000E-02
  1.194400E+04,  3.475174E-10,  3.127657E-14,  9.697500E+03,  7.502000E-02
  1.195597E+04,  3.460096E-10,  3.114086E-14,  9.700000E+03,  7.448000E-02
  1.196796E+04,  3.452954E-10,  3.107658E-14,  9.702500E+03,  7.393000E-02
  1.197995E+04,  3.438669E-10,  3.094802E-14,  9.705000E+03,  7.339000E-02
  1.199196E+04,  3.424384E-10,  3.081945E-14,  9.707500E+03,  7.285000E-02
  1.200399E+04,  3.417242E-10,  3.075517E-14,  9.710000E+03,  7.231000E-02
  1.201602E+04,  3.406925E-10,  3.066232E-14,  9.712500E+03,  7.178000E-02
  1.202807E+04,  3.390259E-10,  3.051233E-14,  9.715000E+03,  7.126000E-02
  1.204012E+04,  3.378355E-10,  3.040520E-14,  9.717500E+03,  7.075000E-02
  1.205219E+04,  3.371213E-10,  3.034092E-14,  9.720000E+03,  7.025000E-02
  1.206428E+04,  3.359309E-10,  3.023378E-14,  9.722500E+03,  6.976000E-02
  1.207637E+04,  3.341850E-10,  3.007665E-14,  9.725000E+03,  6.927000E-02
  1.208848E+04,  3.325977E-10,  2.993380E-14,  9.727500E+03,  6.879000E-02
  1.210060E+04,  3.318042E-10,  2.986238E-14,  9.730000E+03,  6.833000E-02
  1.211273E+04,  3.308519E-10,  2.977667E-14,  9.732500E+03,  6.787000E-02
  1.212487E+04,  3.299789E-10,  2.969810E-14,  9.735000E+03,  6.741000E-02
  1.213703E+04,  3.289472E-10,  2.960525E-14,  9.737500E+03,  6.695000E-02
  1.214919E+04,  3.278361E-10,  2.950525E-14,  9.740000E+03,  6.649000E-02
  1.216137E+04,  3.266458E-10,  2.939812E-14,  9.742500E+03,  6.604000E-02
  1.217356E+04,  3.253760E-10,  2.928384E-14,  9.745000E+03,  6.558000E-02
  1.218577E+04,  3.241856E-10,  2.917670E-14,  9.747500E+03,  6.511000E-02
  1.219798E+04,  3.230746E-10,  2.907671E-14,  9.750000E+03,  6.464000E-02
  1.221021E+04,  3.219635E-10,  2.897672E-14,  9.752500E+03,  6.416000E-02
  1.222245E+04,  3.208525E-10,  2.887672E-14,  9.755000E+03,  6.367000E-02
  1.223471E+04,  3.195827E-10,  2.876245E-14,  9.757500E+03,  6.319000E-02
  1.224697E+04,  3.182336E-10,  2.864102E-14,  9.760000E+03,  6.270000E-02
  1.225925E+04,  3.170432E-10,  2.853389E-14,  9.762500E+03,  6.221000E-02
  1.227154E+04,  3.159322E-10,  2.843390E-14,  9.765000E+03,  6.173000E-02
  1.228384E+04,  3.150592E-10,  2.835533E-14,  9.767500E+03,  6.124000E-02
  1.229616E+04,  3.140275E-10,  2.826248E-14,  9.770000E+03,  6.076000E-02
  1.230848E+04,  3.128371E-10,  2.815534E-14,  9.772500E+03,  6.028000E-02
  1.232082E+04,  3.115674E-10,  2.804106E-14,  9.775000E+03,  5.981000E-02
  1.233317E+04,  3.103769E-10,  2.793393E-14,  9.777500E+03,  5.933000E-02
  1.234554E+04,  3.092659E-10,  2.783393E-14,  9.780000E+03,  5.887000E-02
  1.235791E+04,  3.083930E-10,  2.775537E-14,  9.782500E+03,  5.840000E-02
  1.237030E+04,  3.074406E-10,  2.766966E-14,  9.785000E+03,  5.795000E-02
  1.238270E+04,  3.063296E-10,  2.756966E-14,  9.787500E+03,  5.749000E-02
  1.239512E+04,  3.052979E-10,  2.747681E-14,  9.790000E+03,  5.704000E-02
  1.240754E+04,  3.042662E-10,  2.738396E-14,  9.792500E+03,  5.659000E-02
  1.241998E+04,  3.031552E-10,  2.728397E-14,  9.795000E+03,  5.614000E-02
  1.243243E+04,  3.020442E-10,  2.718398E-14,  9.797500E+03,  5.570000E-02
  1.244490E+04,  3.008538E-10,  2.707684E-14,  9.800000E+03,  5.527000E-02
  1.245737E+04,  2.993459E-10,  2.694113E-14,  9.802500E+03,  5.484000E-02
  1.246986E+04,  2.979968E-10,  2.681971E-14,  9.805000E+03,  5.442000E-02
  1.248236E+04,  2.974413E-10,  2.676971E-14,  9.807500E+03,  5.400000E-02
  1.249488E+04,  2.966477E-10,  2.669829E-14,  9.810000E+03,  5.359000E-02
  1.250740E+04,  2.956160E-10,  2.660544E-14,  9.812500E+03,  5.318000E-02
  1.251994E+04,  2.945049E-10,  2.650545E-14,  9.815000E+03,  5.277000E-02
  1.253249E+04,  2.933939E-10,  2.640545E-14,  9.817500E+03,  5.237000E-02
  1.254506E+04,  2.922035E-10,  2.629832E-14,  9.820000E+03,  5.196000E-02
  1.255763E+04,  2.906957E-10,  2.616261E-14,  9.822500E+03,  5.156000E-02
  1.257022E+04,  2.893465E-10,  2.604119E-14,  9.825000E+03,  5.114000E-02
  1.258282E+04,  2.884736E-10,  2.596262E-14,  9.827500E+03,  5.073000E-02
  1.259544E+04,  2.876006E-10,  2.588406E-14,  9.830000E+03,  5.034000E-02
  1.260807E+04,  2.863309E-10,  2.576978E-14,  9.832500E+03,  4.993000E-02
  1.262070E+04,  2.852992E-10,  2.567693E-14,  9.835000E+03,  4.953000E-02
  1.263336E+04,  2.846643E-10,  2.561979E-14,  9.837500E+03,  4.913000E-02
  1.264602E+04,  2.837913E-10,  2.554122E-14,  9.840000E+03,  4.874000E-02
  1.265870E+04,  2.826010E-10,  2.543409E-14,  9.842500E+03,  4.835000E-02
  1.267139E+04,  2.814106E-10,  2.532695E-14,  9.845000E+03,  4.796000E-02
  1.268409E+04,  2.801408E-10,  2.521267E-14,  9.847500E+03,  4.757000E-02
  1.269681E+04,  2.788710E-10,  2.509839E-14,  9.850000E+03,  4.717000E-02
  1.270954E+04,  2.774426E-10,  2.496983E-14,  9.852500E+03,  4.676000E-02
  1.272228E+04,  2.758554E-10,  2.482698E-14,  9.855000E+03,  4.635000E-02
  1.273503E+04,  2.738714E-10,  2.464842E-14,  9.857500E+03,  4.595000E-02
  1.274780E+04,  2.714112E-10,  2.442701E-14,  9.860000E+03,  4.554000E-02
  1.276058E+04,  2.680781E-10,  2.412703E-14,  9.862500E+03,  4.516000E-02
  1.277337E+04,  2.629197E-10,  2.366277E-14,  9.865000E+03,  4.477000E-02
  1.278618E+04,  2.545869E-10,  2.291282E-14,  9.867500E+03,  4.440000E-02
  1.279900E+04,  2.403021E-10,  2.162719E-14,  9.870000E+03,  4.401000E-02
  1.281183E+04,  2.210970E-10,  1.989873E-14,  9.872500E+03,  4.364000E-02
  1.282467E+04,  2.157005E-10,  1.941304E-14,  9.875000E+03,  4.325000E-02
  1.283753E+04,  2.310170E-10,  2.079153E-14,  9.877500E+03,  4.287000E-02
  1.285040E+04,  2.462541E-10,  2.216287E-14,  9.880000E+03,  4.251000E-02
  1.286328E+04,  2.545075E-10,  2.290568E-14,  9.882500E+03,  4.216000E-02
  1.287617E+04,  2.585549E-10,  2.326994E-14,  9.885000E+03,  4.180000E-02
  1.288908E+04,  2.604595E-10,  2.344136E-14,  9.887500E+03,  4.145000E-02
  1.290200E+04,  2.612531E-10,  2.351278E-14,  9.890000E+03,  4.111000E-02
  1.291494E+04,  2.614118E-10,  2.352707E-14,  9.892500E+03,  4.077000E-02
  1.292789E+04,  2.611737E-10,  2.350564E-14,  9.895000E+03,  4.042000E-02
  1.294085E+04,  2.606182E-10,  2.345564E-14,  9.897500E+03,  4.009000E-02
  1.295382E+04,  2.599834E-10,  2.339850E-14,  9.900000E+03,  3.974000E-02
  1.296681E+04,  2.593485E-10,  2.334137E-14,  9.902500E+03,  3.940000E-02
  1.297980E+04,  2.585549E-10,  2.326994E-14,  9.905000E+03,  3.906000E-02
  1.299282E+04,  2.578406E-10,  2.320566E-14,  9.907500E+03,  3.872000E-02
  1.300584E+04,  2.569677E-10,  2.312709E-14,  9.910000E+03,  3.838000E-02
  1.301888E+04,  2.561741E-10,  2.305567E-14,  9.912500E+03,  3.804000E-02
  1.303193E+04,  2.553011E-10,  2.297710E-14,  9.915000E+03,  3.770000E-02
  1.304500E+04,  2.544281E-10,  2.289853E-14,  9.917500E+03,  3.737000E-02
  1.305807E+04,  2.535552E-10,  2.281997E-14,  9.920000E+03,  3.703000E-02
  1.307117E+04,  2.526822E-10,  2.274140E-14,  9.922500E+03,  3.670000E-02
  1.308427E+04,  2.518093E-10,  2.266283E-14,  9.925000E+03,  3.636000E-02
  1.309739E+04,  2.509363E-10,  2.258427E-14,  9.927500E+03,  3.602000E-02
  1.311052E+04,  2.500634E-10,  2.250570E-14,  9.930000E+03,  3.568000E-02
  1.312366E+04,  2.490317E-10,  2.241285E-14,  9.932500E+03,  3.535000E-02
  1.313682E+04,  2.481587E-10,  2.233429E-14,  9.935000E+03,  3.500000E-02
  1.314999E+04,  2.471270E-10,  2.224143E-14,  9.937500E+03,  3.467000E-02
  1.316317E+04,  2.459366E-10,  2.213430E-14,  9.940000E+03,  3.434000E-02
  1.317636E+04,  2.452224E-10,  2.207002E-14,  9.942500E+03,  3.402000E-02
  1.318957E+04,  2.447463E-10,  2.202716E-14,  9.945000E+03,  3.370000E-02
  1.320280E+04,  2.439526E-10,  2.195574E-14,  9.947500E+03,  3.337000E-02
  1.321603E+04,  2.430797E-10,  2.187717E-14,  9.950000E+03,  3.306000E-02
  1.322928E+04,  2.422067E-10,  2.179861E-14,  9.952500E+03,  3.273000E-02
  1.324254E+04,  2.414131E-10,  2.172718E-14,  9.955000E+03,  3.241000E-02
  1.325582E+04,  2.405402E-10,  2.164862E-14,  9.957500E+03,  3.209000E-02
  1.326911E+04,  2.396672E-10,  2.157005E-14,  9.960000E+03,  3.178000E-02
  1.328241E+04,  2.387942E-10,  2.149148E-14,  9.962500E+03,  3.147000E-02
  1.329573E+04,  2.380007E-10,  2.142006E-14,  9.965000E+03,  3.118000E-02
  1.330906E+04,  2.371277E-10,  2.134149E-14,  9.967500E+03,  3.089000E-02
  1.332240E+04,  2.363341E-10,  2.127007E-14,  9.970000E+03,  3.060000E-02
  1.333575E+04,  2.354611E-10,  2.119150E-14,  9.972500E+03,  3.031000E-02
  1.334912E+04,  2.345881E-10,  2.111293E-14,  9.975000E+03,  3.003000E-02
  1.336250E+04,  2.337946E-10,  2.104151E-14,  9.977500E+03,  2.976000E-02
  1.337590E+04,  2.329216E-10,  2.096294E-14,  9.980000E+03,  2.948000E-02
  1.338931E+04,  2.321280E-10,  2.089152E-14,  9.982500E+03,  2.922000E-02
  1.340273E+04,  2.312550E-10,  2.081295E-14,  9.985000E+03,  2.895000E-02
  1.341617E+04,  2.303821E-10,  2.073439E-14,  9.987500E+03,  2.869000E-02
  1.342962E+04,  2.295885E-10,  2.066296E-14,  9.990000E+03,  2.841000E-02
  1.344308E+04,  2.287949E-10,  2.059154E-14,  9.992500E+03,  2.815000E-02
  1.345656E+04,  2.278426E-10,  2.050583E-14,  9.995000E+03,  2.787000E-02
  1.347005E+04,  2.269696E-10,  2.042726E-14,  9.997500E+03,  2.759000E-02
  1.348355E+04,  2.262554E-10,  2.036298E-14,  1.000000E+04,  2.732000E-02
  1.349707E+04,  2.253824E-10,  2.028442E-14,  1.000250E+04,  2.704000E-02
  1.351060E+04,  2.245094E-10,  2.020585E-14,  1.000500E+04,  2.676000E-02
  1.352415E+04,  2.237952E-10,  2.014157E-14,  1.000750E+04,  2.649000E-02
  1.353770E+04,  2.230016E-10,  2.007014E-14,  1.001000E+04,  2.622000E-02
  1.355127E+04,  2.221286E-10,  1.999158E-14,  1.001250E+04,  2.595000E-02
  1.356486E+04,  2.214144E-10,  1.992730E-14,  1.001500E+04,  2.568000E-02
  1.357846E+04,  2.206208E-10,  1.985587E-14,  1.001750E+04,  2.542000E-02
  1.359207E+04,  2.198272E-10,  1.978445E-14,  1.002000E+04,  2.515000E-02
  1.360570E+04,  2.191130E-10,  1.972017E-14,  1.002250E+04,  2.489000E-02
  1.361934E+04,  2.183194E-10,  1.964874E-14,  1.002500E+04,  2.463000E-02
  1.363299E+04,  2.175258E-10,  1.957732E-14,  1.002750E+04,  2.437000E-02
  1.364666E+04,  2.166528E-10,  1.949875E-14,  1.003000E+04,  2.412000E-02
  1.366034E+04,  2.158592E-10,  1.942733E-14,  1.003250E+04,  2.386000E-02
  1.367403E+04,  2.151450E-10,  1.936305E-14,  1.003500E+04,  2.361000E-02
  1.368774E+04,  2.141926E-10,  1.927734E-14,  1.003750E+04,  2.337000E-02
  1.370146E+04,  2.132403E-10,  1.919163E-14,  1.004000E+04,  2.313000E-02
  1.371520E+04,  2.126848E-10,  1.914163E-14,  1.004250E+04,  2.288000E-02
  1.372895E+04,  2.120499E-10,  1.908449E-14,  1.004500E+04,  2.264000E-02
  1.374271E+04,  2.110976E-10,  1.899878E-14,  1.004750E+04,  2.240000E-02
  1.375649E+04,  2.103834E-10,  1.893450E-14,  1.005000E+04,  2.217000E-02
  1.377028E+04,  2.097485E-10,  1.887736E-14,  1.005250E+04,  2.194000E-02
  1.378408E+04,  2.091136E-10,  1.882022E-14,  1.005500E+04,  2.171000E-02
  1.379790E+04,  2.083993E-10,  1.875594E-14,  1.005750E+04,  2.148000E-02
  1.381174E+04,  2.076851E-10,  1.869166E-14,  1.006000E+04,  2.126000E-02
  1.382558E+04,  2.068915E-10,  1.862024E-14,  1.006250E+04,  2.104000E-02
  1.383944E+04,  2.061773E-10,  1.855596E-14,  1.006500E+04,  2.082000E-02
  1.385332E+04,  2.054630E-10,  1.849167E-14,  1.006750E+04,  2.061000E-02
  1.386720E+04,  2.047488E-10,  1.842739E-14,  1.007000E+04,  2.039000E-02
  1.388111E+04,  2.040345E-10,  1.836311E-14,  1.007250E+04,  2.017000E-02
  1.389502E+04,  2.032410E-10,  1.829169E-14,  1.007500E+04,  1.996000E-02
  1.390895E+04,  2.025267E-10,  1.822741E-14,  1.007750E+04,  1.975000E-02
  1.392289E+04,  2.017331E-10,  1.815598E-14,  1.008000E+04,  1.953000E-02
  1.393685E+04,  2.009395E-10,  1.808456E-14,  1.008250E+04,  1.932000E-02
  1.395082E+04,  2.002253E-10,  1.802028E-14,  1.008500E+04,  1.911000E-02
  1.396481E+04,  1.995904E-10,  1.796314E-14,  1.008750E+04,  1.889000E-02
  1.397881E+04,  1.989555E-10,  1.790600E-14,  1.009000E+04,  1.869000E-02
  1.399282E+04,  1.981619E-10,  1.783457E-14,  1.009250E+04,  1.848000E-02
  1.400685E+04,  1.974477E-10,  1.777029E-14,  1.009500E+04,  1.826000E-02
  1.402089E+04,  1.968128E-10,  1.771315E-14,  1.009750E+04,  1.806000E-02
  1.403495E+04,  1.960986E-10,  1.764887E-14,  1.010000E+04,  1.786000E-02
  1.404902E+04,  1.953843E-10,  1.758459E-14,  1.010250E+04,  1.765000E-02
  1.406310E+04,  1.946701E-10,  1.752031E-14,  1.010500E+04,  1.746000E-02
  1.407720E+04,  1.940352E-10,  1.746317E-14,  1.010750E+04,  1.725000E-02
  1.409131E+04,  1.933210E-10,  1.739889E-14,  1.011000E+04,  1.705000E-02
  1.410544E+04,  1.926067E-10,  1.733461E-14,  1.011250E+04,  1.686000E-02
  1.411958E+04,  1.918925E-10,  1.727032E-14,  1.011500E+04,  1.667000E-02
  1.413374E+04,  1.911782E-10,  1.720604E-14,  1.011750E+04,  1.647000E-02
  1.414791E+04,  1.905434E-10,  1.714890E-14,  1.012000E+04,  1.628000E-02
  1.416209E+04,  1.898291E-10,  1.708462E-14,  1.012250E+04,  1.610000E-02
  1.417629E+04,  1.891149E-10,  1.702034E-14,  1.012500E+04,  1.591000E-02
  1.419050E+04,  1.884800E-10,  1.696320E-14,  1.012750E+04,  1.573000E-02
  1.420472E+04,  1.877658E-10,  1.689892E-14,  1.013000E+04,  1.555000E-02
  1.421896E+04,  1.871309E-10,  1.684178E-14,  1.013250E+04,  1.537000E-02
  1.423322E+04,  1.864166E-10,  1.677750E-14,  1.013500E+04,  1.519000E-02
  1.424749E+04,  1.857817E-10,  1.672036E-14,  1.013750E+04,  1.503000E-02
  1.426177E+04,  1.851469E-10,  1.666322E-14,  1.014000E+04,  1.485000E-02
  1.427607E+04,  1.844326E-10,  1.659894E-14,  1.014250E+04,  1.468000E-02
  1.429038E+04,  1.837978E-10,  1.654180E-14,  1.014500E+04,  1.451000E-02
  1.430471E+04,  1.830835E-10,  1.647752E-14,  1.014750E+04,  1.435000E-02
  1.431905E+04,  1.824486E-10,  1.642038E-14,  1.015000E+04,  1.419000E-02
  1.433340E+04,  1.818138E-10,  1.636324E-14,  1.015250E+04,  1.403000E-02
  1.434777E+04,  1.811789E-10,  1.630610E-14,  1.015500E+04,  1.386000E-02
  1.436215E+04,  1.805440E-10,  1.624896E-14,  1.015750E+04,  1.370000E-02
  1.437655E+04,  1.798298E-10,  1.618468E-14,  1.016000E+04,  1.355000E-02
  1.439096E+04,  1.787981E-10,  1.609183E-14,  1.016250E+04,  1.339000E-02
  1.440539E+04,  1.776870E-10,  1.599183E-14,  1.016500E+04,  1.323000E-02
  1.441983E+04,  1.769728E-10,  1.592755E-14,  1.016750E+04,  1.309000E-02
  1.443429E+04,  1.765760E-10,  1.589184E-14,  1.017000E+04,  1.293000E-02
  1.444876E+04,  1.763379E-10,  1.587041E-14,  1.017250E+04,  1.278000E-02
  1.446324E+04,  1.759411E-10,  1.583470E-14,  1.017500E+04,  1.263000E-02
  1.447774E+04,  1.753856E-10,  1.578470E-14,  1.017750E+04,  1.247000E-02
  1.449226E+04,  1.746714E-10,  1.572042E-14,  1.018000E+04,  1.232000E-02
  1.450679E+04,  1.740365E-10,  1.566328E-14,  1.018250E+04,  1.217000E-02
  1.452133E+04,  1.733222E-10,  1.559900E-14,  1.018500E+04,  1.202000E-02
  1.453589E+04,  1.723699E-10,  1.551329E-14,  1.018750E+04,  1.187000E-02
  1.455046E+04,  1.716557E-10,  1.544901E-14,  1.019000E+04,  1.173000E-02
  1.456505E+04,  1.714176E-10,  1.542758E-14,  1.019250E+04,  1.158000E-02
  1.457965E+04,  1.710208E-10,  1.539187E-14,  1.019500E+04,  1.143000E-02
  1.459426E+04,  1.703859E-10,  1.533473E-14,  1.019750E+04,  1.129000E-02
  1.460889E+04,  1.697510E-10,  1.527759E-14,  1.020000E+04,  1.115000E-02
  1.462354E+04,  1.690368E-10,  1.521331E-14,  1.020250E+04,  1.101000E-02
  1.463820E+04,  1.682432E-10,  1.514189E-14,  1.020500E+04,  1.087000E-02
  1.465287E+04,  1.678464E-10,  1.510618E-14,  1.020750E+04,  1.074000E-02
  1.466756E+04,  1.673702E-10,  1.506332E-14,  1.021000E+04,  1.061000E-02
  1.468227E+04,  1.668147E-10,  1.501332E-14,  1.021250E+04,  1.048000E-02
  1.469699E+04,  1.662592E-10,  1.496333E-14,  1.021500E+04,  1.035000E-02
  1.471172E+04,  1.657037E-10,  1.491333E-14,  1.021750E+04,  1.023000E-02
  1.472647E+04,  1.650688E-10,  1.485619E-14,  1.022000E+04,  1.010000E-02
  1.474123E+04,  1.644339E-10,  1.479905E-14,  1.022250E+04,  9.980000E-03
  1.475601E+04,  1.637990E-10,  1.474191E-14,  1.022500E+04,  9.860000E-03
  1.477080E+04,  1.631642E-10,  1.468477E-14,  1.022750E+04,  9.740000E-03
  1.478561E+04,  1.625293E-10,  1.462764E-14,  1.023000E+04,  9.630000E-03
  1.480043E+04,  1.620531E-10,  1.458478E-14,  1.023250E+04,  9.510000E-03
  1.481527E+04,  1.615770E-10,  1.454193E-14,  1.023500E+04,  9.390000E-03
  1.483012E+04,  1.610214E-10,  1.449193E-14,  1.023750E+04,  9.280000E-03
  1.484499E+04,  1.603865E-10,  1.443479E-14,  1.024000E+04,  9.170000E-03
  1.485987E+04,  1.597517E-10,  1.437765E-14,  1.024250E+04,  9.060000E-03
  1.487477E+04,  1.589581E-10,  1.430623E-14,  1.024500E+04,  8.950000E-03
  1.488968E+04,  1.585613E-10,  1.427052E-14,  1.024750E+04,  8.850000E-03
  1.490461E+04,  1.582438E-10,  1.424194E-14,  1.025000E+04,  8.730000E-03
  1.491955E+04,  1.577677E-10,  1.419909E-14,  1.025250E+04,  8.630000E-03
  1.493451E+04,  1.572122E-10,  1.414909E-14,  1.025500E+04,  8.510000E-03
  1.494948E+04,  1.566566E-10,  1.409910E-14,  1.025750E+04,  8.410000E-03
  1.496447E+04,  1.560218E-10,  1.404196E-14,  1.026000E+04,  8.300000E-03
  1.497947E+04,  1.554662E-10,  1.399196E-14,  1.026250E+04,  8.180000E-03
  1.499449E+04,  1.549901E-10,  1.394911E-14,  1.026500E+04,  8.080000E-03
  1.500952E+04,  1.544346E-10,  1.389911E-14,  1.026750E+04,  7.980000E-03
  1.502456E+04,  1.536410E-10,  1.382769E-14,  1.027000E+04,  7.870000E-03
  1.503963E+04,  1.529267E-10,  1.376340E-14,  1.027250E+04,  7.770000E-03
  1.505470E+04,  1.525299E-10,  1.372769E-14,  1.027500E+04,  7.670000E-03
  1.506980E+04,  1.522125E-10,  1.369912E-14,  1.027750E+04,  7.570000E-03
  1.508490E+04,  1.516570E-10,  1.364913E-14,  1.028000E+04,  7.470000E-03
  1.510003E+04,  1.511014E-10,  1.359913E-14,  1.028250E+04,  7.370000E-03
  1.511516E+04,  1.506253E-10,  1.355628E-14,  1.028500E+04,  7.270000E-03
  1.513032E+04,  1.500698E-10,  1.350628E-14,  1.028750E+04,  7.170000E-03
  1.514549E+04,  1.495142E-10,  1.345628E-14,  1.029000E+04,  7.080000E-03
  1.516067E+04,  1.490381E-10,  1.341343E-14,  1.029250E+04,  6.990000E-03
  1.517587E+04,  1.484826E-10,  1.336343E-14,  1.029500E+04,  6.890000E-03
  1.519108E+04,  1.478477E-10,  1.330629E-14,  1.029750E+04,  6.800000E-03
  1.520631E+04,  1.473715E-10,  1.326344E-14,  1.030000E+04,  6.710000E-03
  1.522155E+04,  1.468954E-10,  1.322058E-14,  1.030250E+04,  6.620000E-03
  1.523681E+04,  1.463398E-10,  1.317059E-14,  1.030500E+04,  6.530000E-03
  1.525209E+04,  1.455462E-10,  1.309916E-14,  1.030750E+04,  6.450000E-03
  1.526738E+04,  1.449114E-10,  1.304202E-14,  1.031000E+04,  6.360000E-03
  1.528269E+04,  1.445939E-10,  1.301345E-14,  1.031250E+04,  6.280000E-03
  1.529801E+04,  1.442765E-10,  1.298488E-14,  1.031500E+04,  6.200000E-03
  1.531334E+04,  1.436416E-10,  1.292774E-14,  1.031750E+04,  6.120000E-03
  1.532869E+04,  1.426893E-10,  1.284204E-14,  1.032000E+04,  6.030000E-03
  1.534406E+04,  1.418163E-10,  1.276347E-14,  1.032250E+04,  5.960000E-03
  1.535944E+04,  1.415782E-10,  1.274204E-14,  1.032500E+04,  5.880000E-03
  1.537484E+04,  1.416576E-10,  1.274918E-14,  1.032750E+04,  5.800000E-03
  1.539025E+04,  1.413402E-10,  1.272061E-14,  1.033000E+04,  5.730000E-03
  1.540568E+04,  1.405466E-10,  1.264919E-14,  1.033250E+04,  5.640000E-03
  1.542113E+04,  1.391975E-10,  1.252777E-14,  1.033500E+04,  5.570000E-03
  1.543659E+04,  1.378483E-10,  1.240635E-14,  1.033750E+04,  5.490000E-03
  1.545206E+04,  1.376102E-10,  1.238492E-14,  1.034000E+04,  5.420000E-03
  1.546755E+04,  1.380864E-10,  1.242778E-14,  1.034250E+04,  5.350000E-03
  1.548306E+04,  1.383245E-10,  1.244920E-14,  1.034500E+04,  5.270000E-03
  1.549858E+04,  1.381658E-10,  1.243492E-14,  1.034750E+04,  5.200000E-03
  1.551412E+04,  1.373722E-10,  1.236349E-14,  1.035000E+04,  5.130000E-03
  1.552967E+04,  1.358643E-10,  1.222779E-14,  1.035250E+04,  5.060000E-03
  1.554524E+04,  1.336422E-10,  1.202780E-14,  1.035500E+04,  4.990000E-03
  1.556082E+04,  1.322138E-10,  1.189924E-14,  1.035750E+04,  4.920000E-03
  1.557642E+04,  1.328486E-10,  1.195638E-14,  1.036000E+04,  4.850000E-03
  1.559204E+04,  1.341184E-10,  1.207066E-14,  1.036250E+04,  4.780000E-03
  1.560767E+04,  1.347533E-10,  1.212780E-14,  1.036500E+04,  4.710000E-03
  1.562332E+04,  1.347533E-10,  1.212780E-14,  1.036750E+04,  4.640000E-03
  1.563898E+04,  1.341978E-10,  1.207780E-14,  1.037000E+04,  4.580000E-03
  1.565466E+04,  1.331661E-10,  1.198495E-14,  1.037250E+04,  4.510000E-03
  1.567035E+04,  1.311821E-10,  1.180639E-14,  1.037500E+04,  4.450000E-03
  1.568606E+04,  1.279283E-10,  1.151355E-14,  1.037750E+04,  4.390000E-03
  1.570179E+04,  1.253094E-10,  1.127785E-14,  1.038000E+04,  4.320000E-03
  1.571753E+04,  1.261824E-10,  1.135642E-14,  1.038250E+04,  4.260000E-03
  1.573328E+04,  1.285632E-10,  1.157069E-14,  1.038500E+04,  4.200000E-03
  1.574906E+04,  1.300710E-10,  1.170639E-14,  1.038750E+04,  4.140000E-03
  1.576485E+04,  1.305472E-10,  1.174925E-14,  1.039000E+04,  4.080000E-03
  1.578065E+04,  1.306266E-10,  1.175639E-14,  1.039250E+04,  4.020000E-03
  1.579647E+04,  1.303091E-10,  1.172782E-14,  1.039500E+04,  3.970000E-03
  1.581231E+04,  1.296742E-10,  1.167068E-14,  1.039750E+04,  3.910000E-03
  1.582816E+04,  1.284045E-10,  1.155640E-14,  1.040000E+04,  3.850000E-03
  1.584403E+04,  1.261824E-10,  1.135642E-14,  1.040250E+04,  3.800000E-03
  1.585991E+04,  1.222144E-10,  1.099930E-14,  1.040500E+04,  3.740000E-03
  1.587581E+04,  1.176115E-10,  1.058504E-14,  1.040750E+04,  3.680000E-03
  1.589172E+04,  1.171354E-10,  1.054218E-14,  1.041000E+04,  3.630000E-03
  1.590766E+04,  1.207859E-10,  1.087073E-14,  1.041250E+04,  3.570000E-03
  1.592360E+04,  1.239603E-10,  1.115643E-14,  1.041500E+04,  3.520000E-03
  1.593957E+04,  1.254682E-10,  1.129213E-14,  1.041750E+04,  3.460000E-03
  1.595555E+04,  1.260237E-10,  1.134213E-14,  1.042000E+04,  3.410000E-03
  1.597154E+04,  1.261030E-10,  1.134927E-14,  1.042250E+04,  3.360000E-03
  1.598755E+04,  1.258650E-10,  1.132785E-14,  1.042500E+04,  3.320000E-03
  1.600358E+04,  1.253888E-10,  1.128499E-14,  1.042750E+04,  3.270000E-03
  1.601962E+04,  1.247539E-10,  1.122785E-14,  1.043000E+04,  3.210000E-03
  1.603568E+04,  1.239603E-10,  1.115643E-14,  1.043250E+04,  3.170000E-03
  1.605176E+04,  1.225318E-10,  1.102786E-14,  1.043500E+04,  3.120000E-03
  1.606785E+04,  1.200717E-10,  1.080645E-14,  1.043750E+04,  3.070000E-03
  1.608396E+04,  1.157069E-10,  1.041362E-14,  1.044000E+04,  3.020000E-03
  1.610008E+04,  1.096755E-10,  9.870797E-15,  1.044250E+04,  2.970000E-03
  1.611622E+04,  1.072947E-10,  9.656525E-15,  1.044500E+04,  2.930000E-03
  1.613238E+04,  1.113421E-10,  1.002079E-14,  1.044750E+04,  2.880000E-03
  1.614855E+04,  1.160243E-10,  1.044219E-14,  1.045000E+04,  2.830000E-03
  1.616474E+04,  1.187226E-10,  1.068503E-14,  1.045250E+04,  2.780000E-03
  1.618095E+04,  1.199130E-10,  1.079217E-14,  1.045500E+04,  2.740000E-03
  1.619717E+04,  1.203891E-10,  1.083502E-14,  1.045750E+04,  2.690000E-03
  1.621341E+04,  1.204685E-10,  1.084216E-14,  1.046000E+04,  2.650000E-03
  1.622966E+04,  1.203098E-10,  1.082788E-14,  1.046250E+04,  2.610000E-03
  1.624593E+04,  1.200717E-10,  1.080645E-14,  1.046500E+04,  2.560000E-03
  1.626222E+04,  1.196749E-10,  1.077074E-14,  1.046750E+04,  2.520000E-03
  1.627852E+04,  1.191987E-10,  1.072788E-14,  1.047000E+04,  2.480000E-03
  1.629484E+04,  1.186432E-10,  1.067789E-14,  1.047250E+04,  2.430000E-03
  1.631117E+04,  1.179290E-10,  1.061361E-14,  1.047500E+04,  2.390000E-03
  1.632753E+04,  1.168973E-10,  1.052076E-14,  1.047750E+04,  2.350000E-03
  1.634390E+04,  1.153101E-10,  1.037791E-14,  1.048000E+04,  2.310000E-03
  1.636028E+04,  1.128499E-10,  1.015649E-14,  1.048250E+04,  2.280000E-03
  1.637668E+04,  1.086438E-10,  9.777946E-15,  1.048500E+04,  2.230000E-03
  1.639310E+04,  1.024538E-10,  9.220839E-15,  1.048750E+04,  2.200000E-03
  1.640953E+04,  9.824768E-11,  8.842291E-15,  1.049000E+04,  2.160000E-03
  1.642598E+04,  1.010253E-10,  9.092275E-15,  1.049250E+04,  2.120000E-03
  1.644245E+04,  1.065011E-10,  9.585101E-15,  1.049500E+04,  2.090000E-03
  1.645893E+04,  1.100723E-10,  9.906509E-15,  1.049750E+04,  2.060000E-03
  1.647543E+04,  1.118976E-10,  1.007078E-14,  1.050000E+04,  2.020000E-03
  1.649195E+04,  1.127706E-10,  1.014935E-14,  1.050250E+04,  1.980000E-03
  1.650848E+04,  1.130880E-10,  1.017792E-14,  1.050500E+04,  1.940000E-03
  1.652503E+04,  1.131674E-10,  1.018506E-14,  1.050750E+04,  1.920000E-03
  1.654160E+04,  1.130086E-10,  1.017078E-14,  1.051000E+04,  1.880000E-03
  1.655818E+04,  1.127706E-10,  1.014935E-14,  1.051250E+04,  1.850000E-03
  1.657478E+04,  1.124531E-10,  1.012078E-14,  1.051500E+04,  1.820000E-03
  1.659140E+04,  1.120563E-10,  1.008507E-14,  1.051750E+04,  1.790000E-03
  1.660803E+04,  1.117389E-10,  1.005650E-14,  1.052000E+04,  1.750000E-03
  1.662468E+04,  1.112627E-10,  1.001364E-14,  1.052250E+04,  1.720000E-03
  1.664135E+04,  1.107866E-10,  9.970791E-15,  1.052500E+04,  1.700000E-03
  1.665803E+04,  1.103104E-10,  9.927936E-15,  1.052750E+04,  1.660000E-03
  1.667473E+04,  1.097549E-10,  9.877939E-15,  1.053000E+04,  1.630000E-03
  1.669145E+04,  1.091200E-10,  9.820800E-15,  1.053250E+04,  1.600000E-03
  1.670818E+04,  1.082470E-10,  9.742233E-15,  1.053500E+04,  1.570000E-03
  1.672493E+04,  1.071360E-10,  9.642240E-15,  1.053750E+04,  1.550000E-03
  1.674170E+04,  1.056282E-10,  9.506535E-15,  1.054000E+04,  1.510000E-03
  1.675848E+04,  1.031680E-10,  9.285120E-15,  1.054250E+04,  1.490000E-03
  1.677528E+04,  9.927936E-11,  8.935142E-15,  1.054500E+04,  1.460000E-03
  1.679210E+04,  9.340672E-11,  8.406605E-15,  1.054750E+04,  1.430000E-03
  1.680893E+04,  8.943872E-11,  8.049485E-15,  1.055000E+04,  1.400000E-03
  1.682578E+04,  9.213696E-11,  8.292327E-15,  1.055250E+04,  1.370000E-03
  1.684265E+04,  9.729536E-11,  8.756583E-15,  1.055500E+04,  1.350000E-03
  1.685954E+04,  1.007078E-10,  9.063706E-15,  1.055750E+04,  1.320000E-03
  1.687644E+04,  1.022950E-10,  9.206554E-15,  1.056000E+04,  1.300000E-03
  1.689336E+04,  1.030093E-10,  9.270835E-15,  1.056250E+04,  1.270000E-03
  1.691029E+04,  1.034854E-10,  9.313689E-15,  1.056500E+04,  1.250000E-03
  1.692724E+04,  1.036442E-10,  9.327974E-15,  1.056750E+04,  1.220000E-03
  1.694421E+04,  1.035648E-10,  9.320832E-15,  1.057000E+04,  1.200000E-03
  1.696120E+04,  1.033267E-10,  9.299405E-15,  1.057250E+04,  1.180000E-03
  1.697820E+04,  1.030093E-10,  9.270835E-15,  1.057500E+04,  1.160000E-03
  1.699522E+04,  1.026918E-10,  9.242266E-15,  1.057750E+04,  1.130000E-03
  1.701226E+04,  1.023744E-10,  9.213696E-15,  1.058000E+04,  1.110000E-03
  1.702932E+04,  1.020570E-10,  9.185127E-15,  1.058250E+04,  1.090000E-03
  1.704639E+04,  1.016602E-10,  9.149415E-15,  1.058500E+04,  1.070000E-03
  1.706348E+04,  1.013427E-10,  9.120845E-15,  1.058750E+04,  1.050000E-03
  1.708058E+04,  1.008666E-10,  9.077991E-15,  1.059000E+04,  1.030000E-03
  1.709771E+04,  1.003904E-10,  9.035136E-15,  1.059250E+04,  1.010000E-03
  1.711485E+04,  1.000730E-10,  9.006567E-15,  1.059500E+04,  9.900000E-04
  1.713201E+04,  9.975552E-11,  8.977997E-15,  1.059750E+04,  9.700000E-04
  1.714918E+04,  9.943808E-11,  8.949427E-15,  1.060000E+04,  9.500000E-04
  1.716637E+04,  9.896192E-11,  8.906573E-15,  1.060250E+04,  9.400000E-04
  1.718358E+04,  9.856512E-11,  8.870861E-15,  1.060500E+04,  9.200000E-04
  1.720081E+04,  9.808896E-11,  8.828007E-15,  1.060750E+04,  9.000000E-04
  1.721805E+04,  9.753344E-11,  8.778010E-15,  1.061000E+04,  8.900000E-04
  1.723531E+04,  9.697792E-11,  8.728013E-15,  1.061250E+04,  8.600000E-04
  1.725259E+04,  9.634304E-11,  8.670874E-15,  1.061500E+04,  8.500000E-04
  1.726989E+04,  9.547008E-11,  8.592307E-15,  1.061750E+04,  8.200000E-04
  1.728720E+04,  9.435904E-11,  8.492314E-15,  1.062000E+04,  8.100000E-04
  1.730453E+04,  9.269248E-11,  8.342323E-15,  1.062250E+04,  8.000000E-04
  1.732188E+04,  8.991488E-11,  8.092339E-15,  1.062500E+04,  7.800000E-04
  1.733924E+04,  8.539136E-11,  7.685223E-15,  1.062750E+04,  7.700000E-04
  1.735663E+04,  8.031232E-11,  7.228109E-15,  1.063000E+04,  7.500000E-04
  1.737403E+04,  7.999488E-11,  7.199539E-15,  1.063250E+04,  7.300000E-04
  1.739144E+04,  8.443904E-11,  7.599514E-15,  1.063500E+04,  7.200000E-04
  1.740888E+04,  8.832768E-11,  7.949491E-15,  1.063750E+04,  7.000000E-04
  1.742633E+04,  9.031168E-11,  8.128051E-15,  1.064000E+04,  6.900000E-04
  1.744380E+04,  9.118464E-11,  8.206617E-15,  1.064250E+04,  6.800000E-04
  1.746129E+04,  9.150208E-11,  8.235187E-15,  1.064500E+04,  6.700000E-04
  1.747879E+04,  9.174016E-11,  8.256615E-15,  1.064750E+04,  6.500000E-04
  1.749632E+04,  9.166080E-11,  8.249472E-15,  1.065000E+04,  6.400000E-04
  1.751386E+04,  9.150208E-11,  8.235187E-15,  1.065250E+04,  6.300000E-04
  1.753141E+04,  9.134336E-11,  8.220902E-15,  1.065500E+04,  6.200000E-04
  1.754899E+04,  9.110528E-11,  8.199475E-15,  1.065750E+04,  6.100000E-04
  1.756658E+04,  9.086720E-11,  8.178048E-15,  1.066000E+04,  5.900000E-04
  1.758419E+04,  9.054976E-11,  8.149479E-15,  1.066250E+04,  5.800000E-04
  1.760182E+04,  9.023232E-11,  8.120909E-15,  1.066500E+04,  5.700000E-04
  1.761947E+04,  8.983552E-11,  8.085197E-15,  1.066750E+04,  5.600000E-04
  1.763713E+04,  8.951808E-11,  8.056627E-15,  1.067000E+04,  5.400000E-04
  1.765481E+04,  8.920064E-11,  8.028058E-15,  1.067250E+04,  5.400000E-04
  1.767251E+04,  8.896256E-11,  8.006631E-15,  1.067500E+04,  5.300000E-04
  1.769023E+04,  8.864512E-11,  7.978061E-15,  1.067750E+04,  5.200000E-04
  1.770796E+04,  8.840704E-11,  7.956634E-15,  1.068000E+04,  5.000000E-04
  1.772571E+04,  8.801024E-11,  7.920922E-15,  1.068250E+04,  4.900000E-04
  1.774348E+04,  8.769280E-11,  7.892352E-15,  1.068500E+04,  4.900000E-04
  1.776127E+04,  8.729600E-11,  7.856640E-15,  1.068750E+04,  4.800000E-04
  1.777908E+04,  8.697856E-11,  7.828070E-15,  1.069000E+04,  4.700000E-04
  1.779690E+04,  8.666112E-11,  7.799501E-15,  1.069250E+04,  4.600000E-04
  1.781474E+04,  8.634368E-11,  7.770931E-15,  1.069500E+04,  4.500000E-04
  1.783260E+04,  8.602624E-11,  7.742362E-15,  1.069750E+04,  4.400000E-04
  1.785048E+04,  8.570880E-11,  7.713792E-15,  1.070000E+04,  4.400000E-04
  1.786837E+04,  8.539136E-11,  7.685223E-15,  1.070250E+04,  4.300000E-04
  1.788629E+04,  8.507392E-11,  7.656653E-15,  1.070500E+04,  4.100000E-04
  1.790422E+04,  8.475648E-11,  7.628083E-15,  1.070750E+04,  4.100000E-04
  1.792217E+04,  8.443904E-11,  7.599514E-15,  1.071000E+04,  4.000000E-04
  1.794013E+04,  8.412160E-11,  7.570944E-15,  1.071250E+04,  3.900000E-04
  1.795812E+04,  8.380416E-11,  7.542375E-15,  1.071500E+04,  3.800000E-04
  1.797612E+04,  8.340736E-11,  7.506663E-15,  1.071750E+04,  3.900000E-04
  1.799414E+04,  8.301056E-11,  7.470951E-15,  1.072000E+04,  3.800000E-04
  1.801218E+04,  8.237568E-11,  7.413811E-15,  1.072250E+04,  3.700000E-04
  1.803024E+04,  8.189952E-11,  7.370957E-15,  1.072500E+04,  3.600000E-04
  1.804832E+04,  8.166144E-11,  7.349530E-15,  1.072750E+04,  3.500000E-04
  1.806641E+04,  8.110592E-11,  7.299533E-15,  1.073000E+04,  3.500000E-04
  1.808452E+04,  8.039168E-11,  7.235251E-15,  1.073250E+04,  3.400000E-04
  1.810265E+04,  7.936000E-11,  7.142400E-15,  1.073500E+04,  3.400000E-04
  1.812080E+04,  7.777280E-11,  6.999552E-15,  1.073750E+04,  3.200000E-04
  1.813896E+04,  7.506663E-11,  6.755997E-15,  1.074000E+04,  3.200000E-04
  1.815715E+04,  7.082880E-11,  6.374592E-15,  1.074250E+04,  3.200000E-04
  1.817535E+04,  6.749568E-11,  6.074611E-15,  1.074500E+04,  3.100000E-04
  1.819357E+04,  6.918605E-11,  6.226744E-15,  1.074750E+04,  3.000000E-04
  1.821181E+04,  7.300326E-11,  6.570293E-15,  1.075000E+04,  3.000000E-04
  1.823007E+04,  7.541581E-11,  6.787423E-15,  1.075250E+04,  2.900000E-04
  1.824834E+04,  7.664588E-11,  6.898130E-15,  1.075500E+04,  2.800000E-04
  1.826664E+04,  7.731251E-11,  6.958126E-15,  1.075750E+04,  2.800000E-04
  1.828495E+04,  7.756646E-11,  6.980982E-15,  1.076000E+04,  2.700000E-04
  1.830328E+04,  7.752678E-11,  6.977411E-15,  1.076250E+04,  2.700000E-04
  1.832163E+04,  7.734426E-11,  6.960983E-15,  1.076500E+04,  2.600000E-04
  1.834000E+04,  7.720934E-11,  6.948841E-15,  1.076750E+04,  2.600000E-04
  1.835838E+04,  7.705062E-11,  6.934556E-15,  1.077000E+04,  2.500000E-04
  1.837679E+04,  7.681254E-11,  6.913129E-15,  1.077250E+04,  2.500000E-04
  1.839521E+04,  7.655859E-11,  6.890273E-15,  1.077500E+04,  2.400000E-04
  1.841365E+04,  7.628877E-11,  6.865989E-15,  1.077750E+04,  2.300000E-04
  1.843211E+04,  7.601101E-11,  6.840991E-15,  1.078000E+04,  2.300000E-04
  1.845059E+04,  7.573325E-11,  6.815992E-15,  1.078250E+04,  2.300000E-04
  1.846909E+04,  7.544755E-11,  6.790280E-15,  1.078500E+04,  2.300000E-04
  1.848760E+04,  7.516979E-11,  6.765282E-15,  1.078750E+04,  2.200000E-04
  1.850614E+04,  7.486822E-11,  6.738140E-15,  1.079000E+04,  2.100000E-04
  1.852469E+04,  7.454284E-11,  6.708856E-15,  1.079250E+04,  2.100000E-04
  1.854326E+04,  7.420953E-11,  6.678858E-15,  1.079500E+04,  2.100000E-04
  1.856185E+04,  7.389209E-11,  6.650289E-15,  1.079750E+04,  2.000000E-04
  1.858046E+04,  7.359846E-11,  6.623862E-15,  1.080000E+04,  2.000000E-04
  1.859908E+04,  7.327309E-11,  6.594578E-15,  1.080250E+04,  1.900000E-04
  1.861773E+04,  7.286041E-11,  6.557437E-15,  1.080500E+04,  1.900000E-04
  1.863639E+04,  7.241600E-11,  6.517440E-15,  1.080750E+04,  1.800000E-04
  1.865508E+04,  7.188429E-11,  6.469586E-15,  1.081000E+04,  1.800000E-04
  1.867378E+04,  7.113037E-11,  6.401733E-15,  1.081250E+04,  1.700000E-04
  1.869250E+04,  6.998759E-11,  6.298883E-15,  1.081500E+04,  1.700000E-04
  1.871124E+04,  6.801152E-11,  6.121037E-15,  1.081750E+04,  1.700000E-04
  1.873000E+04,  6.447207E-11,  5.802486E-15,  1.082000E+04,  1.600000E-04
  1.874877E+04,  6.067866E-11,  5.461079E-15,  1.082250E+04,  1.600000E-04
  1.876757E+04,  6.144845E-11,  5.530361E-15,  1.082500E+04,  1.500000E-04
  1.878638E+04,  6.515456E-11,  5.863910E-15,  1.082750E+04,  1.500000E-04
  1.880522E+04,  6.752742E-11,  6.077468E-15,  1.083000E+04,  1.500000E-04
  1.882407E+04,  6.855117E-11,  6.169605E-15,  1.083250E+04,  1.500000E-04
  1.884294E+04,  6.890829E-11,  6.201746E-15,  1.083500E+04,  1.400000E-04
  1.886183E+04,  6.905907E-11,  6.215316E-15,  1.083750E+04,  1.400000E-04
  1.888074E+04,  6.908288E-11,  6.217459E-15,  1.084000E+04,  1.400000E-04
  1.889967E+04,  6.896384E-11,  6.206746E-15,  1.084250E+04,  1.300000E-04
  1.891861E+04,  6.871782E-11,  6.184604E-15,  1.084500E+04,  1.200000E-04
  1.893758E+04,  6.849561E-11,  6.164605E-15,  1.084750E+04,  1.200000E-04
  1.895656E+04,  6.836071E-11,  6.152464E-15,  1.085000E+04,  1.200000E-04
  1.897557E+04,  6.818611E-11,  6.136750E-15,  1.085250E+04,  1.200000E-04
  1.899459E+04,  6.796391E-11,  6.116752E-15,  1.085500E+04,  1.100000E-04
  1.901363E+04,  6.773376E-11,  6.096038E-15,  1.085750E+04,  1.100000E-04
  1.903269E+04,  6.748775E-11,  6.073897E-15,  1.086000E+04,  1.100000E-04
  1.905178E+04,  6.724966E-11,  6.052470E-15,  1.086250E+04,  1.100000E-04
  1.907087E+04,  6.700365E-11,  6.030328E-15,  1.086500E+04,  1.000000E-04
  1.908999E+04,  6.674970E-11,  6.007473E-15,  1.086750E+04,  1.100000E-04
  1.910913E+04,  6.650368E-11,  5.985331E-15,  1.087000E+04,  1.000000E-04
  1.912829E+04,  6.624973E-11,  5.962476E-15,  1.087250E+04,  1.000000E-04
  1.914746E+04,  6.599578E-11,  5.939620E-15,  1.087500E+04,  9.000000E-05
  1.916666E+04,  6.574182E-11,  5.916764E-15,  0.000000E+00,  0.000000E+00
  1.918587E+04,  6.547993E-11,  5.893194E-15,  0.000000E+00,  0.000000E+00
  1.920511E+04,  6.521805E-11,  5.869624E-15,  0.000000E+00,  0.000000E+00
  1.922436E+04,  6.494822E-11,  5.845340E-15,  0.000000E+00,  0.000000E+00
  1.924363E+04,  6.467046E-11,  5.820341E-15,  0.000000E+00,  0.000000E+00
  1.926293E+04,  6.437683E-11,  5.793915E-15,  0.000000E+00,  0.000000E+00
  1.928224E+04,  6.406733E-11,  5.766060E-15,  0.000000E+00,  0.000000E+00
  1.930157E+04,  6.374195E-11,  5.736776E-15,  0.000000E+00,  0.000000E+00
  1.932092E+04,  6.336103E-11,  5.702492E-15,  0.000000E+00,  0.000000E+00
  1.934029E+04,  6.289280E-11,  5.660352E-15,  0.000000E+00,  0.000000E+00
  1.935967E+04,  6.226585E-11,  5.603927E-15,  0.000000E+00,  0.000000E+00
  1.937908E+04,  6.133735E-11,  5.520361E-15,  0.000000E+00,  0.000000E+00
  1.939851E+04,  5.984538E-11,  5.386084E-15,  0.000000E+00,  0.000000E+00
  1.941796E+04,  5.728998E-11,  5.156098E-15,  0.000000E+00,  0.000000E+00
  1.943742E+04,  5.402035E-11,  4.861832E-15,  0.000000E+00,  0.000000E+00
  1.945691E+04,  5.332992E-11,  4.799693E-15,  0.000000E+00,  0.000000E+00
  1.947642E+04,  5.594086E-11,  5.034678E-15,  0.000000E+00,  0.000000E+00
  1.949594E+04,  5.834547E-11,  5.251093E-15,  0.000000E+00,  0.000000E+00
  1.951549E+04,  5.957555E-11,  5.361800E-15,  0.000000E+00,  0.000000E+00
  1.953505E+04,  6.012314E-11,  5.411082E-15,  0.000000E+00,  0.000000E+00
  1.955463E+04,  6.032947E-11,  5.429652E-15,  0.000000E+00,  0.000000E+00
  1.957424E+04,  6.034535E-11,  5.431082E-15,  0.000000E+00,  0.000000E+00
  1.959386E+04,  6.027392E-11,  5.424653E-15,  0.000000E+00,  0.000000E+00
  1.961350E+04,  6.013900E-11,  5.412511E-15,  0.000000E+00,  0.000000E+00
  1.963317E+04,  5.998028E-11,  5.398226E-15,  0.000000E+00,  0.000000E+00
  1.965285E+04,  5.979776E-11,  5.381798E-15,  0.000000E+00,  0.000000E+00
  1.967255E+04,  5.961523E-11,  5.365371E-15,  0.000000E+00,  0.000000E+00
  1.969227E+04,  5.940889E-11,  5.346801E-15,  0.000000E+00,  0.000000E+00
  1.971201E+04,  5.917081E-11,  5.325373E-15,  0.000000E+00,  0.000000E+00
  1.973177E+04,  5.894861E-11,  5.305375E-15,  0.000000E+00,  0.000000E+00
  1.975156E+04,  5.876608E-11,  5.288947E-15,  0.000000E+00,  0.000000E+00
  1.977136E+04,  5.856768E-11,  5.271091E-15,  0.000000E+00,  0.000000E+00
  1.979118E+04,  5.836134E-11,  5.252521E-15,  0.000000E+00,  0.000000E+00
  1.981102E+04,  5.814707E-11,  5.233236E-15,  0.000000E+00,  0.000000E+00
  1.983088E+04,  5.793280E-11,  5.213952E-15,  0.000000E+00,  0.000000E+00
  1.985076E+04,  5.771853E-11,  5.194668E-15,  0.000000E+00,  0.000000E+00
  1.987066E+04,  5.751219E-11,  5.176097E-15,  0.000000E+00,  0.000000E+00
  1.989058E+04,  5.729792E-11,  5.156813E-15,  0.000000E+00,  0.000000E+00
  1.991052E+04,  5.708365E-11,  5.137528E-15,  0.000000E+00,  0.000000E+00
  1.993048E+04,  5.686937E-11,  5.118244E-15,  0.000000E+00,  0.000000E+00
  1.995046E+04,  5.666304E-11,  5.099674E-15,  0.000000E+00,  0.000000E+00
  1.997046E+04,  5.644877E-11,  5.080389E-15,  0.000000E+00,  0.000000E+00
  1.999048E+04,  5.624243E-11,  5.061819E-15,  0.000000E+00,  0.000000E+00
  2.001052E+04,  5.602816E-11,  5.042534E-15,  0.000000E+00,  0.000000E+00
  2.003058E+04,  5.582182E-11,  5.023964E-15,  0.000000E+00,  0.000000E+00
  2.005066E+04,  5.560755E-11,  5.004680E-15,  0.000000E+00,  0.000000E+00
  2.007076E+04,  5.540122E-11,  4.986109E-15,  0.000000E+00,  0.000000E+00
  2.009089E+04,  5.520281E-11,  4.968253E-15,  0.000000E+00,  0.000000E+00
  2.011103E+04,  5.499648E-11,  4.949683E-15,  0.000000E+00,  0.000000E+00
  2.013119E+04,  5.478221E-11,  4.930399E-15,  0.000000E+00,  0.000000E+00
  2.015137E+04,  5.457587E-11,  4.911828E-15,  0.000000E+00,  0.000000E+00
  2.017157E+04,  5.437747E-11,  4.893972E-15,  0.000000E+00,  0.000000E+00
  2.019179E+04,  5.417114E-11,  4.875402E-15,  0.000000E+00,  0.000000E+00
  2.021204E+04,  5.396480E-11,  4.856832E-15,  0.000000E+00,  0.000000E+00
  2.023230E+04,  5.376640E-11,  4.838976E-15,  0.000000E+00,  0.000000E+00
  2.025258E+04,  5.356800E-11,  4.821120E-15,  0.000000E+00,  0.000000E+00
  2.027288E+04,  5.336166E-11,  4.802550E-15,  0.000000E+00,  0.000000E+00
  2.029321E+04,  5.315533E-11,  4.783980E-15,  0.000000E+00,  0.000000E+00
  2.031355E+04,  5.295693E-11,  4.766124E-15,  0.000000E+00,  0.000000E+00
  2.033392E+04,  5.276646E-11,  4.748982E-15,  0.000000E+00,  0.000000E+00
  2.035430E+04,  5.256806E-11,  4.731126E-15,  0.000000E+00,  0.000000E+00
  2.037471E+04,  5.236966E-11,  4.713270E-15,  0.000000E+00,  0.000000E+00
  2.039513E+04,  5.217126E-11,  4.695414E-15,  0.000000E+00,  0.000000E+00
  2.041558E+04,  5.198080E-11,  4.678272E-15,  0.000000E+00,  0.000000E+00
  2.043604E+04,  5.179034E-11,  4.661130E-15,  0.000000E+00,  0.000000E+00
  2.045653E+04,  5.159194E-11,  4.643274E-15,  0.000000E+00,  0.000000E+00
  2.047704E+04,  5.140147E-11,  4.626132E-15,  0.000000E+00,  0.000000E+00
  2.049757E+04,  5.120307E-11,  4.608277E-15,  0.000000E+00,  0.000000E+00
  2.051812E+04,  5.101261E-11,  4.591135E-15,  0.000000E+00,  0.000000E+00
  2.053869E+04,  5.082215E-11,  4.573993E-15,  0.000000E+00,  0.000000E+00
  2.055928E+04,  5.063168E-11,  4.556851E-15,  0.000000E+00,  0.000000E+00
  2.057989E+04,  5.044121E-11,  4.539709E-15,  0.000000E+00,  0.000000E+00
  2.060052E+04,  5.024282E-11,  4.521854E-15,  0.000000E+00,  0.000000E+00
  2.062117E+04,  5.005235E-11,  4.504712E-15,  0.000000E+00,  0.000000E+00
  2.064184E+04,  4.986189E-11,  4.487570E-15,  0.000000E+00,  0.000000E+00
  2.066254E+04,  4.967936E-11,  4.471142E-15,  0.000000E+00,  0.000000E+00
  2.068325E+04,  4.949683E-11,  4.454715E-15,  0.000000E+00,  0.000000E+00
  2.070399E+04,  4.930637E-11,  4.437573E-15,  0.000000E+00,  0.000000E+00
  2.072474E+04,  4.912384E-11,  4.421146E-15,  0.000000E+00,  0.000000E+00
  2.074552E+04,  4.894131E-11,  4.404718E-15,  0.000000E+00,  0.000000E+00
  2.076631E+04,  4.875878E-11,  4.388290E-15,  0.000000E+00,  0.000000E+00
  2.078713E+04,  4.857625E-11,  4.371863E-15,  0.000000E+00,  0.000000E+00
  2.080797E+04,  4.839373E-11,  4.355435E-15,  0.000000E+00,  0.000000E+00
  2.082883E+04,  4.821120E-11,  4.339008E-15,  0.000000E+00,  0.000000E+00
  2.084971E+04,  4.802867E-11,  4.322580E-15,  0.000000E+00,  0.000000E+00
  2.087062E+04,  4.784614E-11,  4.306153E-15,  0.000000E+00,  0.000000E+00
  2.089154E+04,  4.766362E-11,  4.289726E-15,  0.000000E+00,  0.000000E+00
  2.091248E+04,  4.747315E-11,  4.272584E-15,  0.000000E+00,  0.000000E+00
  2.093345E+04,  4.729856E-11,  4.256870E-15,  0.000000E+00,  0.000000E+00
  2.095443E+04,  4.713190E-11,  4.241871E-15,  0.000000E+00,  0.000000E+00
  2.097544E+04,  4.695731E-11,  4.226158E-15,  0.000000E+00,  0.000000E+00
  2.099647E+04,  4.676685E-11,  4.209016E-15,  0.000000E+00,  0.000000E+00
  2.101752E+04,  4.656845E-11,  4.191160E-15,  0.000000E+00,  0.000000E+00
  2.103859E+04,  4.639385E-11,  4.175447E-15,  0.000000E+00,  0.000000E+00
  2.105968E+04,  4.624307E-11,  4.161877E-15,  0.000000E+00,  0.000000E+00
  2.108079E+04,  4.607642E-11,  4.146878E-15,  0.000000E+00,  0.000000E+00
  2.110192E+04,  4.590182E-11,  4.131164E-15,  0.000000E+00,  0.000000E+00
  2.112308E+04,  4.571930E-11,  4.114737E-15,  0.000000E+00,  0.000000E+00
  2.114425E+04,  4.553677E-11,  4.098309E-15,  0.000000E+00,  0.000000E+00
  2.116545E+04,  4.534630E-11,  4.081167E-15,  0.000000E+00,  0.000000E+00
  2.118667E+04,  4.514790E-11,  4.063311E-15,  0.000000E+00,  0.000000E+00
  2.120791E+04,  4.496537E-11,  4.046884E-15,  0.000000E+00,  0.000000E+00
  2.122917E+04,  4.482253E-11,  4.034028E-15,  0.000000E+00,  0.000000E+00
  2.125045E+04,  4.463206E-11,  4.016886E-15,  0.000000E+00,  0.000000E+00
  2.127176E+04,  4.444953E-11,  4.000458E-15,  0.000000E+00,  0.000000E+00
  2.129308E+04,  4.430669E-11,  3.987602E-15,  0.000000E+00,  0.000000E+00
  2.131443E+04,  4.415591E-11,  3.974032E-15,  0.000000E+00,  0.000000E+00
  2.133579E+04,  4.399718E-11,  3.959747E-15,  0.000000E+00,  0.000000E+00
  2.135718E+04,  4.381466E-11,  3.943319E-15,  0.000000E+00,  0.000000E+00
  2.137859E+04,  4.363213E-11,  3.926892E-15,  0.000000E+00,  0.000000E+00
  2.140003E+04,  4.346547E-11,  3.911892E-15,  0.000000E+00,  0.000000E+00
  2.142148E+04,  4.328294E-11,  3.895465E-15,  0.000000E+00,  0.000000E+00
  2.144296E+04,  4.310042E-11,  3.879037E-15,  0.000000E+00,  0.000000E+00
  2.146445E+04,  4.290995E-11,  3.861896E-15,  0.000000E+00,  0.000000E+00
  2.148597E+04,  4.270361E-11,  3.843325E-15,  0.000000E+00,  0.000000E+00
  2.150751E+04,  4.247347E-11,  3.822613E-15,  0.000000E+00,  0.000000E+00
  2.152907E+04,  4.220365E-11,  3.798328E-15,  0.000000E+00,  0.000000E+00
  2.155065E+04,  4.186240E-11,  3.767616E-15,  0.000000E+00,  0.000000E+00
  2.157226E+04,  4.140211E-11,  3.726190E-15,  0.000000E+00,  0.000000E+00
  2.159388E+04,  4.067994E-11,  3.661194E-15,  0.000000E+00,  0.000000E+00
  2.161553E+04,  3.945779E-11,  3.551201E-15,  0.000000E+00,  0.000000E+00
  2.163720E+04,  3.751347E-11,  3.376212E-15,  0.000000E+00,  0.000000E+00
  2.165889E+04,  3.613261E-11,  3.251935E-15,  0.000000E+00,  0.000000E+00
  2.168061E+04,  3.710874E-11,  3.339786E-15,  0.000000E+00,  0.000000E+00
  2.170234E+04,  3.878323E-11,  3.490491E-15,  0.000000E+00,  0.000000E+00
  2.172410E+04,  3.974349E-11,  3.576914E-15,  0.000000E+00,  0.000000E+00
  2.174588E+04,  4.016409E-11,  3.614769E-15,  0.000000E+00,  0.000000E+00
  2.176768E+04,  4.032281E-11,  3.629053E-15,  0.000000E+00,  0.000000E+00
  2.178950E+04,  4.033869E-11,  3.630482E-15,  0.000000E+00,  0.000000E+00
  2.181134E+04,  4.029901E-11,  3.626911E-15,  0.000000E+00,  0.000000E+00
  2.183321E+04,  4.021171E-11,  3.619054E-15,  0.000000E+00,  0.000000E+00
  2.185510E+04,  4.010854E-11,  3.609769E-15,  0.000000E+00,  0.000000E+00
  2.187701E+04,  3.998157E-11,  3.598341E-15,  0.000000E+00,  0.000000E+00
  2.189894E+04,  3.985459E-11,  3.586913E-15,  0.000000E+00,  0.000000E+00
  2.192089E+04,  3.972762E-11,  3.575486E-15,  0.000000E+00,  0.000000E+00
  2.194287E+04,  3.958477E-11,  3.562629E-15,  0.000000E+00,  0.000000E+00
  2.196487E+04,  3.944986E-11,  3.550487E-15,  0.000000E+00,  0.000000E+00
  2.198689E+04,  3.930701E-11,  3.537631E-15,  0.000000E+00,  0.000000E+00
  2.200893E+04,  3.916416E-11,  3.524774E-15,  0.000000E+00,  0.000000E+00
  2.203099E+04,  3.901338E-11,  3.511204E-15,  0.000000E+00,  0.000000E+00
  2.205308E+04,  3.886259E-11,  3.497633E-15,  0.000000E+00,  0.000000E+00
  2.207519E+04,  3.871974E-11,  3.484777E-15,  0.000000E+00,  0.000000E+00
  2.209732E+04,  3.858483E-11,  3.472635E-15,  0.000000E+00,  0.000000E+00
  2.211947E+04,  3.844198E-11,  3.459778E-15,  0.000000E+00,  0.000000E+00
  2.214164E+04,  3.828326E-11,  3.445494E-15,  0.000000E+00,  0.000000E+00
  2.216384E+04,  3.810867E-11,  3.429781E-15,  0.000000E+00,  0.000000E+00
  2.218606E+04,  3.798963E-11,  3.419067E-15,  0.000000E+00,  0.000000E+00
  2.220830E+04,  3.787059E-11,  3.408353E-15,  0.000000E+00,  0.000000E+00
  2.223056E+04,  3.773568E-11,  3.396211E-15,  0.000000E+00,  0.000000E+00
  2.225285E+04,  3.759283E-11,  3.383355E-15,  0.000000E+00,  0.000000E+00
  2.227516E+04,  3.744998E-11,  3.370499E-15,  0.000000E+00,  0.000000E+00
  2.229749E+04,  3.730714E-11,  3.357642E-15,  0.000000E+00,  0.000000E+00
  2.231984E+04,  3.717222E-11,  3.345500E-15,  0.000000E+00,  0.000000E+00
  2.234222E+04,  3.702938E-11,  3.332644E-15,  0.000000E+00,  0.000000E+00
  2.236462E+04,  3.688653E-11,  3.319788E-15,  0.000000E+00,  0.000000E+00
  2.238704E+04,  3.675162E-11,  3.307645E-15,  0.000000E+00,  0.000000E+00
  2.240948E+04,  3.661670E-11,  3.295503E-15,  0.000000E+00,  0.000000E+00
  2.243195E+04,  3.647386E-11,  3.282647E-15,  0.000000E+00,  0.000000E+00
  2.245443E+04,  3.633894E-11,  3.270505E-15,  0.000000E+00,  0.000000E+00
  2.247695E+04,  3.620403E-11,  3.258363E-15,  0.000000E+00,  0.000000E+00
  2.249948E+04,  3.606119E-11,  3.245507E-15,  0.000000E+00,  0.000000E+00
  2.252203E+04,  3.592627E-11,  3.233365E-15,  0.000000E+00,  0.000000E+00
  2.254461E+04,  3.578342E-11,  3.220508E-15,  0.000000E+00,  0.000000E+00
  2.256721E+04,  3.564851E-11,  3.208366E-15,  0.000000E+00,  0.000000E+00
  2.258984E+04,  3.552154E-11,  3.196938E-15,  0.000000E+00,  0.000000E+00
  2.261248E+04,  3.538662E-11,  3.184796E-15,  0.000000E+00,  0.000000E+00
  2.263515E+04,  3.525171E-11,  3.172654E-15,  0.000000E+00,  0.000000E+00
  2.265784E+04,  3.512474E-11,  3.161226E-15,  0.000000E+00,  0.000000E+00
  2.268056E+04,  3.498982E-11,  3.149084E-15,  0.000000E+00,  0.000000E+00
  2.270330E+04,  3.485491E-11,  3.136942E-15,  0.000000E+00,  0.000000E+00
  2.272606E+04,  3.472794E-11,  3.125514E-15,  0.000000E+00,  0.000000E+00
  2.274884E+04,  3.460096E-11,  3.114086E-15,  0.000000E+00,  0.000000E+00
  2.277164E+04,  3.446605E-11,  3.101944E-15,  0.000000E+00,  0.000000E+00
  2.279447E+04,  3.433907E-11,  3.090517E-15,  0.000000E+00,  0.000000E+00
  2.281732E+04,  3.420416E-11,  3.078374E-15,  0.000000E+00,  0.000000E+00
  2.284020E+04,  3.407718E-11,  3.066946E-15,  0.000000E+00,  0.000000E+00
  2.286310E+04,  3.395815E-11,  3.056233E-15,  0.000000E+00,  0.000000E+00
  2.288602E+04,  3.382323E-11,  3.044091E-15,  0.000000E+00,  0.000000E+00
  2.290896E+04,  3.369625E-11,  3.032663E-15,  0.000000E+00,  0.000000E+00
  2.293193E+04,  3.356928E-11,  3.021235E-15,  0.000000E+00,  0.000000E+00
  2.295492E+04,  3.345024E-11,  3.010522E-15,  0.000000E+00,  0.000000E+00
  2.297793E+04,  3.332326E-11,  2.999094E-15,  0.000000E+00,  0.000000E+00
  2.300096E+04,  3.320422E-11,  2.988380E-15,  0.000000E+00,  0.000000E+00
  2.302402E+04,  3.307725E-11,  2.976953E-15,  0.000000E+00,  0.000000E+00
  2.304710E+04,  3.295821E-11,  2.966239E-15,  0.000000E+00,  0.000000E+00
  2.307021E+04,  3.283123E-11,  2.954811E-15,  0.000000E+00,  0.000000E+00
  2.309334E+04,  3.271219E-11,  2.944097E-15,  0.000000E+00,  0.000000E+00
  2.311649E+04,  3.258522E-11,  2.932669E-15,  0.000000E+00,  0.000000E+00
  2.313966E+04,  3.246618E-11,  2.921956E-15,  0.000000E+00,  0.000000E+00
  2.316286E+04,  3.234713E-11,  2.911242E-15,  0.000000E+00,  0.000000E+00
  2.318608E+04,  3.222810E-11,  2.900529E-15,  0.000000E+00,  0.000000E+00
  2.320932E+04,  3.210905E-11,  2.889815E-15,  0.000000E+00,  0.000000E+00
  2.323259E+04,  3.199001E-11,  2.879101E-15,  0.000000E+00,  0.000000E+00
  2.325588E+04,  3.187098E-11,  2.868388E-15,  0.000000E+00,  0.000000E+00
  2.327920E+04,  3.175193E-11,  2.857674E-15,  0.000000E+00,  0.000000E+00
  2.330253E+04,  3.163289E-11,  2.846961E-15,  0.000000E+00,  0.000000E+00
  2.332589E+04,  3.151385E-11,  2.836247E-15,  0.000000E+00,  0.000000E+00
  2.334928E+04,  3.139482E-11,  2.825534E-15,  0.000000E+00,  0.000000E+00
  2.337269E+04,  3.127578E-11,  2.814820E-15,  0.000000E+00,  0.000000E+00
  2.339612E+04,  3.116467E-11,  2.804820E-15,  0.000000E+00,  0.000000E+00
  2.341957E+04,  3.104563E-11,  2.794107E-15,  0.000000E+00,  0.000000E+00
  2.344305E+04,  3.092659E-11,  2.783393E-15,  0.000000E+00,  0.000000E+00
  2.346655E+04,  3.081549E-11,  2.773394E-15,  0.000000E+00,  0.000000E+00
  2.349008E+04,  3.069645E-11,  2.762681E-15,  0.000000E+00,  0.000000E+00
  2.351363E+04,  3.058534E-11,  2.752681E-15,  0.000000E+00,  0.000000E+00
  2.353720E+04,  3.047424E-11,  2.742682E-15,  0.000000E+00,  0.000000E+00
  2.356079E+04,  3.035520E-11,  2.731968E-15,  0.000000E+00,  0.000000E+00
  2.358441E+04,  3.024410E-11,  2.721969E-15,  0.000000E+00,  0.000000E+00
  2.360806E+04,  3.013299E-11,  2.711969E-15,  0.000000E+00,  0.000000E+00
  2.363172E+04,  3.002189E-11,  2.701970E-15,  0.000000E+00,  0.000000E+00
  2.365542E+04,  2.990285E-11,  2.691256E-15,  0.000000E+00,  0.000000E+00
  2.367913E+04,  2.979174E-11,  2.681257E-15,  0.000000E+00,  0.000000E+00
  2.370287E+04,  2.968064E-11,  2.671258E-15,  0.000000E+00,  0.000000E+00
  2.372663E+04,  2.956953E-11,  2.661258E-15,  0.000000E+00,  0.000000E+00
  2.375042E+04,  2.945843E-11,  2.651259E-15,  0.000000E+00,  0.000000E+00
  2.377423E+04,  2.934733E-11,  2.641259E-15,  0.000000E+00,  0.000000E+00
  2.379806E+04,  2.924416E-11,  2.631974E-15,  0.000000E+00,  0.000000E+00
  2.382192E+04,  2.913306E-11,  2.621975E-15,  0.000000E+00,  0.000000E+00
  2.384580E+04,  2.902195E-11,  2.611976E-15,  0.000000E+00,  0.000000E+00
  2.386970E+04,  2.891085E-11,  2.601976E-15,  0.000000E+00,  0.000000E+00
  2.389363E+04,  2.879974E-11,  2.591977E-15,  0.000000E+00,  0.000000E+00
  2.391759E+04,  2.869658E-11,  2.582692E-15,  0.000000E+00,  0.000000E+00
  2.394156E+04,  2.858547E-11,  2.572693E-15,  0.000000E+00,  0.000000E+00
  2.396557E+04,  2.848230E-11,  2.563407E-15,  0.000000E+00,  0.000000E+00
  2.398959E+04,  2.837120E-11,  2.553408E-15,  0.000000E+00,  0.000000E+00
  2.401364E+04,  2.826010E-11,  2.543409E-15,  0.000000E+00,  0.000000E+00
  2.403771E+04,  2.814899E-11,  2.533409E-15,  0.000000E+00,  0.000000E+00
  2.406181E+04,  2.804582E-11,  2.524124E-15,  0.000000E+00,  0.000000E+00
  2.408593E+04,  2.795059E-11,  2.515553E-15,  0.000000E+00,  0.000000E+00
  2.411008E+04,  2.783949E-11,  2.505554E-15,  0.000000E+00,  0.000000E+00
  2.413425E+04,  2.772838E-11,  2.495555E-15,  0.000000E+00,  0.000000E+00
  2.415845E+04,  2.761728E-11,  2.485555E-15,  0.000000E+00,  0.000000E+00
  2.418266E+04,  2.752205E-11,  2.476984E-15,  0.000000E+00,  0.000000E+00
  2.420691E+04,  2.742682E-11,  2.468413E-15,  0.000000E+00,  0.000000E+00
  2.423118E+04,  2.732365E-11,  2.459128E-15,  0.000000E+00,  0.000000E+00
  2.425547E+04,  2.722048E-11,  2.449843E-15,  0.000000E+00,  0.000000E+00
  2.427978E+04,  2.710144E-11,  2.439130E-15,  0.000000E+00,  0.000000E+00
  2.430412E+04,  2.699034E-11,  2.429130E-15,  0.000000E+00,  0.000000E+00
  2.432849E+04,  2.688717E-11,  2.419845E-15,  0.000000E+00,  0.000000E+00
  2.435288E+04,  2.679987E-11,  2.411988E-15,  0.000000E+00,  0.000000E+00
  2.437729E+04,  2.671258E-11,  2.404132E-15,  0.000000E+00,  0.000000E+00
  2.440173E+04,  2.661734E-11,  2.395561E-15,  0.000000E+00,  0.000000E+00
  2.442619E+04,  2.650624E-11,  2.385562E-15,  0.000000E+00,  0.000000E+00
  2.445068E+04,  2.637926E-11,  2.374134E-15,  0.000000E+00,  0.000000E+00
  2.447519E+04,  2.625229E-11,  2.362706E-15,  0.000000E+00,  0.000000E+00
  2.449973E+04,  2.614912E-11,  2.353421E-15,  0.000000E+00,  0.000000E+00
  2.452429E+04,  2.607770E-11,  2.346993E-15,  0.000000E+00,  0.000000E+00
  2.454888E+04,  2.600627E-11,  2.340565E-15,  0.000000E+00,  0.000000E+00
  2.457349E+04,  2.592691E-11,  2.333422E-15,  0.000000E+00,  0.000000E+00
  2.459812E+04,  2.583168E-11,  2.324851E-15,  0.000000E+00,  0.000000E+00
  2.462278E+04,  2.571264E-11,  2.314138E-15,  0.000000E+00,  0.000000E+00
  2.464746E+04,  2.557773E-11,  2.301995E-15,  0.000000E+00,  0.000000E+00
  2.467217E+04,  2.542694E-11,  2.288425E-15,  0.000000E+00,  0.000000E+00
  2.469691E+04,  2.529997E-11,  2.276997E-15,  0.000000E+00,  0.000000E+00
  2.472167E+04,  2.522854E-11,  2.270569E-15,  0.000000E+00,  0.000000E+00
  2.474645E+04,  2.518886E-11,  2.266998E-15,  0.000000E+00,  0.000000E+00
  2.477126E+04,  2.514125E-11,  2.262712E-15,  0.000000E+00,  0.000000E+00
  2.479609E+04,  2.506982E-11,  2.256284E-15,  0.000000E+00,  0.000000E+00
  2.482095E+04,  2.498253E-11,  2.248428E-15,  0.000000E+00,  0.000000E+00
  2.484583E+04,  2.487142E-11,  2.238428E-15,  0.000000E+00,  0.000000E+00
  2.487074E+04,  2.475238E-11,  2.227715E-15,  0.000000E+00,  0.000000E+00
  2.489567E+04,  2.459366E-11,  2.213430E-15,  0.000000E+00,  0.000000E+00
  2.492063E+04,  2.441114E-11,  2.197002E-15,  0.000000E+00,  0.000000E+00
  2.494561E+04,  2.425242E-11,  2.182717E-15,  0.000000E+00,  0.000000E+00
  2.497062E+04,  2.418893E-11,  2.177003E-15,  0.000000E+00,  0.000000E+00
  2.499566E+04,  2.418893E-11,  2.177003E-15,  0.000000E+00,  0.000000E+00
  2.502071E+04,  2.418099E-11,  2.176289E-15,  0.000000E+00,  0.000000E+00
  2.504580E+04,  2.414131E-11,  2.172718E-15,  0.000000E+00,  0.000000E+00
  2.507090E+04,  2.406989E-11,  2.166290E-15,  0.000000E+00,  0.000000E+00
  2.509604E+04,  2.399053E-11,  2.159148E-15,  0.000000E+00,  0.000000E+00
  2.512120E+04,  2.389530E-11,  2.150577E-15,  0.000000E+00,  0.000000E+00
  2.514638E+04,  2.378419E-11,  2.140577E-15,  0.000000E+00,  0.000000E+00
  2.517159E+04,  2.364928E-11,  2.128435E-15,  0.000000E+00,  0.000000E+00
  2.519683E+04,  2.347469E-11,  2.112722E-15,  0.000000E+00,  0.000000E+00
  2.522209E+04,  2.323661E-11,  2.091295E-15,  0.000000E+00,  0.000000E+00
  2.524737E+04,  2.299853E-11,  2.069868E-15,  0.000000E+00,  0.000000E+00
  2.527268E+04,  2.291917E-11,  2.062725E-15,  0.000000E+00,  0.000000E+00
  2.529802E+04,  2.298266E-11,  2.068439E-15,  0.000000E+00,  0.000000E+00
  2.532338E+04,  2.303821E-11,  2.073439E-15,  0.000000E+00,  0.000000E+00
  2.534876E+04,  2.304614E-11,  2.074153E-15,  0.000000E+00,  0.000000E+00
  2.537418E+04,  2.300646E-11,  2.070582E-15,  0.000000E+00,  0.000000E+00
  2.539961E+04,  2.295091E-11,  2.065582E-15,  0.000000E+00,  0.000000E+00
  2.542508E+04,  2.287949E-11,  2.059154E-15,  0.000000E+00,  0.000000E+00
  2.545057E+04,  2.279219E-11,  2.051297E-15,  0.000000E+00,  0.000000E+00
  2.547608E+04,  2.269696E-11,  2.042726E-15,  0.000000E+00,  0.000000E+00
  2.550162E+04,  2.259379E-11,  2.033441E-15,  0.000000E+00,  0.000000E+00
  2.552719E+04,  2.246682E-11,  2.022014E-15,  0.000000E+00,  0.000000E+00
  2.555278E+04,  2.231603E-11,  2.008443E-15,  0.000000E+00,  0.000000E+00
  2.557839E+04,  2.209382E-11,  1.988444E-15,  0.000000E+00,  0.000000E+00
  2.560404E+04,  2.177638E-11,  1.959875E-15,  0.000000E+00,  0.000000E+00
  2.562970E+04,  2.145101E-11,  1.930591E-15,  0.000000E+00,  0.000000E+00
  2.565540E+04,  2.137958E-11,  1.924163E-15,  0.000000E+00,  0.000000E+00
  2.568112E+04,  2.153830E-11,  1.938447E-15,  0.000000E+00,  0.000000E+00
  2.570686E+04,  2.168115E-11,  1.951304E-15,  0.000000E+00,  0.000000E+00
  2.573263E+04,  2.173670E-11,  1.956303E-15,  0.000000E+00,  0.000000E+00
  2.575843E+04,  2.172877E-11,  1.955589E-15,  0.000000E+00,  0.000000E+00
  2.578425E+04,  2.168909E-11,  1.952018E-15,  0.000000E+00,  0.000000E+00
  2.581010E+04,  2.162560E-11,  1.946304E-15,  0.000000E+00,  0.000000E+00
  2.583598E+04,  2.154624E-11,  1.939162E-15,  0.000000E+00,  0.000000E+00
  2.586188E+04,  2.147481E-11,  1.932733E-15,  0.000000E+00,  0.000000E+00
  2.588780E+04,  2.140339E-11,  1.926305E-15,  0.000000E+00,  0.000000E+00
  2.591376E+04,  2.131610E-11,  1.918449E-15,  0.000000E+00,  0.000000E+00
  2.593974E+04,  2.122086E-11,  1.909878E-15,  0.000000E+00,  0.000000E+00
  2.596574E+04,  2.111770E-11,  1.900593E-15,  0.000000E+00,  0.000000E+00
  2.599177E+04,  2.099072E-11,  1.889165E-15,  0.000000E+00,  0.000000E+00
  2.601783E+04,  2.083200E-11,  1.874880E-15,  0.000000E+00,  0.000000E+00
  2.604391E+04,  2.061773E-11,  1.855596E-15,  0.000000E+00,  0.000000E+00
  2.607002E+04,  2.029235E-11,  1.826312E-15,  0.000000E+00,  0.000000E+00
  2.609615E+04,  1.983206E-11,  1.784886E-15,  0.000000E+00,  0.000000E+00
  2.612232E+04,  1.947494E-11,  1.752745E-15,  0.000000E+00,  0.000000E+00
  2.614850E+04,  1.951462E-11,  1.756316E-15,  0.000000E+00,  0.000000E+00
  2.617472E+04,  1.962573E-11,  1.766316E-15,  0.000000E+00,  0.000000E+00
  2.620096E+04,  1.938765E-11,  1.744888E-15,  0.000000E+00,  0.000000E+00
  2.622722E+04,  1.868134E-11,  1.681321E-15,  0.000000E+00,  0.000000E+00
  2.625352E+04,  1.803059E-11,  1.622753E-15,  0.000000E+00,  0.000000E+00
  2.627984E+04,  1.837184E-11,  1.653466E-15,  0.000000E+00,  0.000000E+00
  2.630618E+04,  1.909402E-11,  1.718461E-15,  0.000000E+00,  0.000000E+00
  2.633255E+04,  1.951462E-11,  1.756316E-15,  0.000000E+00,  0.000000E+00
  2.635895E+04,  1.968922E-11,  1.772029E-15,  0.000000E+00,  0.000000E+00
  2.638538E+04,  1.975270E-11,  1.777743E-15,  0.000000E+00,  0.000000E+00
  2.641183E+04,  1.975270E-11,  1.777743E-15,  0.000000E+00,  0.000000E+00
  2.643831E+04,  1.972890E-11,  1.775601E-15,  0.000000E+00,  0.000000E+00
  2.646481E+04,  1.968128E-11,  1.771315E-15,  0.000000E+00,  0.000000E+00
  2.649134E+04,  1.962573E-11,  1.766316E-15,  0.000000E+00,  0.000000E+00
  2.651790E+04,  1.955430E-11,  1.759887E-15,  0.000000E+00,  0.000000E+00
  2.654448E+04,  1.947494E-11,  1.752745E-15,  0.000000E+00,  0.000000E+00
  2.657109E+04,  1.939558E-11,  1.745603E-15,  0.000000E+00,  0.000000E+00
  2.659773E+04,  1.929242E-11,  1.736318E-15,  0.000000E+00,  0.000000E+00
  2.662440E+04,  1.914957E-11,  1.723461E-15,  0.000000E+00,  0.000000E+00
  2.665109E+04,  1.895910E-11,  1.706319E-15,  0.000000E+00,  0.000000E+00
  2.667781E+04,  1.868928E-11,  1.682035E-15,  0.000000E+00,  0.000000E+00
  2.670455E+04,  1.823693E-11,  1.641324E-15,  0.000000E+00,  0.000000E+00
  2.673132E+04,  1.768141E-11,  1.591327E-15,  0.000000E+00,  0.000000E+00
  2.675812E+04,  1.749888E-11,  1.574899E-15,  0.000000E+00,  0.000000E+00
  2.678494E+04,  1.785600E-11,  1.607040E-15,  0.000000E+00,  0.000000E+00
  2.681180E+04,  1.822899E-11,  1.640609E-15,  0.000000E+00,  0.000000E+00
  2.683867E+04,  1.842739E-11,  1.658465E-15,  0.000000E+00,  0.000000E+00
  2.686558E+04,  1.849881E-11,  1.664893E-15,  0.000000E+00,  0.000000E+00
  2.689251E+04,  1.850675E-11,  1.665608E-15,  0.000000E+00,  0.000000E+00
  2.691947E+04,  1.848294E-11,  1.663465E-15,  0.000000E+00,  0.000000E+00
  2.694646E+04,  1.844326E-11,  1.659894E-15,  0.000000E+00,  0.000000E+00
  2.697347E+04,  1.838771E-11,  1.654894E-15,  0.000000E+00,  0.000000E+00
  2.700051E+04,  1.833216E-11,  1.649894E-15,  0.000000E+00,  0.000000E+00
  2.702758E+04,  1.826867E-11,  1.644180E-15,  0.000000E+00,  0.000000E+00
  2.705468E+04,  1.819725E-11,  1.637752E-15,  0.000000E+00,  0.000000E+00
  2.708180E+04,  1.813376E-11,  1.632038E-15,  0.000000E+00,  0.000000E+00
  2.710895E+04,  1.807821E-11,  1.627039E-15,  0.000000E+00,  0.000000E+00
  2.713613E+04,  1.801472E-11,  1.621325E-15,  0.000000E+00,  0.000000E+00
  2.716333E+04,  1.794330E-11,  1.614897E-15,  0.000000E+00,  0.000000E+00
  2.719056E+04,  1.787981E-11,  1.609183E-15,  0.000000E+00,  0.000000E+00
  2.721782E+04,  1.780838E-11,  1.602754E-15,  0.000000E+00,  0.000000E+00
  2.724511E+04,  1.773696E-11,  1.596326E-15,  0.000000E+00,  0.000000E+00
  2.727242E+04,  1.766554E-11,  1.589898E-15,  0.000000E+00,  0.000000E+00
  2.729976E+04,  1.759411E-11,  1.583470E-15,  0.000000E+00,  0.000000E+00
  2.732713E+04,  1.752269E-11,  1.577042E-15,  0.000000E+00,  0.000000E+00
  2.735452E+04,  1.744333E-11,  1.569900E-15,  0.000000E+00,  0.000000E+00
  2.738195E+04,  1.735603E-11,  1.562043E-15,  0.000000E+00,  0.000000E+00
  2.740940E+04,  1.725286E-11,  1.552758E-15,  0.000000E+00,  0.000000E+00
  2.743688E+04,  1.713382E-11,  1.542044E-15,  0.000000E+00,  0.000000E+00
  2.746438E+04,  1.697510E-11,  1.527759E-15,  0.000000E+00,  0.000000E+00
  2.749191E+04,  1.675290E-11,  1.507761E-15,  0.000000E+00,  0.000000E+00
  2.751947E+04,  1.639578E-11,  1.475620E-15,  0.000000E+00,  0.000000E+00
  2.754706E+04,  1.586406E-11,  1.427766E-15,  0.000000E+00,  0.000000E+00
  2.757468E+04,  1.540378E-11,  1.386340E-15,  0.000000E+00,  0.000000E+00
  2.760232E+04,  1.552282E-11,  1.397053E-15,  0.000000E+00,  0.000000E+00
  2.762999E+04,  1.595930E-11,  1.436337E-15,  0.000000E+00,  0.000000E+00
  2.765769E+04,  1.626086E-11,  1.463478E-15,  0.000000E+00,  0.000000E+00
  2.768542E+04,  1.641165E-11,  1.477048E-15,  0.000000E+00,  0.000000E+00
  2.771317E+04,  1.646720E-11,  1.482048E-15,  0.000000E+00,  0.000000E+00
  2.774096E+04,  1.646720E-11,  1.482048E-15,  0.000000E+00,  0.000000E+00
  2.776877E+04,  1.644339E-11,  1.479905E-15,  0.000000E+00,  0.000000E+00
  2.779661E+04,  1.640371E-11,  1.476334E-15,  0.000000E+00,  0.000000E+00
  2.782447E+04,  1.635610E-11,  1.472049E-15,  0.000000E+00,  0.000000E+00
  2.785237E+04,  1.630848E-11,  1.467763E-15,  0.000000E+00,  0.000000E+00
  2.788029E+04,  1.625293E-11,  1.462764E-15,  0.000000E+00,  0.000000E+00
  2.790824E+04,  1.619737E-11,  1.457764E-15,  0.000000E+00,  0.000000E+00
  2.793622E+04,  1.613389E-11,  1.452050E-15,  0.000000E+00,  0.000000E+00
  2.796422E+04,  1.607834E-11,  1.447050E-15,  0.000000E+00,  0.000000E+00
  2.799226E+04,  1.601485E-11,  1.441336E-15,  0.000000E+00,  0.000000E+00
  2.802032E+04,  1.595930E-11,  1.436337E-15,  0.000000E+00,  0.000000E+00
  2.804841E+04,  1.589581E-11,  1.430623E-15,  0.000000E+00,  0.000000E+00
  2.807653E+04,  1.584026E-11,  1.425623E-15,  0.000000E+00,  0.000000E+00
  2.810467E+04,  1.577677E-11,  1.419909E-15,  0.000000E+00,  0.000000E+00
  2.813285E+04,  1.572122E-11,  1.414909E-15,  0.000000E+00,  0.000000E+00
  2.816105E+04,  1.565773E-11,  1.409196E-15,  0.000000E+00,  0.000000E+00
  2.818928E+04,  1.560218E-11,  1.404196E-15,  0.000000E+00,  0.000000E+00
  2.821754E+04,  1.553869E-11,  1.398482E-15,  0.000000E+00,  0.000000E+00
  2.824583E+04,  1.547520E-11,  1.392768E-15,  0.000000E+00,  0.000000E+00
  2.827415E+04,  1.541965E-11,  1.387768E-15,  0.000000E+00,  0.000000E+00
  2.830249E+04,  1.535616E-11,  1.382054E-15,  0.000000E+00,  0.000000E+00
  2.833087E+04,  1.530061E-11,  1.377055E-15,  0.000000E+00,  0.000000E+00
  2.835927E+04,  1.523712E-11,  1.371341E-15,  0.000000E+00,  0.000000E+00
  2.838770E+04,  1.516570E-11,  1.364913E-15,  0.000000E+00,  0.000000E+00
  2.841616E+04,  1.510221E-11,  1.359199E-15,  0.000000E+00,  0.000000E+00
  2.844464E+04,  1.504666E-11,  1.354199E-15,  0.000000E+00,  0.000000E+00
  2.847316E+04,  1.498317E-11,  1.348485E-15,  0.000000E+00,  0.000000E+00
  2.850170E+04,  1.491174E-11,  1.342057E-15,  0.000000E+00,  0.000000E+00
  2.853028E+04,  1.483238E-11,  1.334915E-15,  0.000000E+00,  0.000000E+00
  2.855888E+04,  1.474509E-11,  1.327058E-15,  0.000000E+00,  0.000000E+00
  2.858751E+04,  1.463398E-11,  1.317058E-15,  0.000000E+00,  0.000000E+00
  2.861617E+04,  1.448320E-11,  1.303488E-15,  0.000000E+00,  0.000000E+00
  2.864486E+04,  1.426099E-11,  1.283489E-15,  0.000000E+00,  0.000000E+00
  2.867357E+04,  1.389594E-11,  1.250634E-15,  0.000000E+00,  0.000000E+00
  2.870232E+04,  1.338803E-11,  1.204923E-15,  0.000000E+00,  0.000000E+00
  2.873109E+04,  1.311027E-11,  1.179924E-15,  0.000000E+00,  0.000000E+00
  2.875989E+04,  1.338803E-11,  1.204923E-15,  0.000000E+00,  0.000000E+00
  2.878873E+04,  1.377690E-11,  1.239921E-15,  0.000000E+00,  0.000000E+00
  2.881759E+04,  1.398323E-11,  1.258491E-15,  0.000000E+00,  0.000000E+00
  2.884648E+04,  1.407846E-11,  1.267062E-15,  0.000000E+00,  0.000000E+00
  2.887540E+04,  1.410227E-11,  1.269204E-15,  0.000000E+00,  0.000000E+00
  2.890434E+04,  1.408640E-11,  1.267776E-15,  0.000000E+00,  0.000000E+00
  2.893332E+04,  1.405466E-11,  1.264919E-15,  0.000000E+00,  0.000000E+00
  2.896233E+04,  1.402291E-11,  1.262062E-15,  0.000000E+00,  0.000000E+00
  2.899136E+04,  1.398323E-11,  1.258491E-15,  0.000000E+00,  0.000000E+00
  2.902042E+04,  1.394355E-11,  1.254920E-15,  0.000000E+00,  0.000000E+00
  2.904952E+04,  1.389594E-11,  1.250634E-15,  0.000000E+00,  0.000000E+00
  2.907864E+04,  1.384038E-11,  1.245635E-15,  0.000000E+00,  0.000000E+00
  2.910779E+04,  1.379277E-11,  1.241349E-15,  0.000000E+00,  0.000000E+00
  2.913697E+04,  1.373722E-11,  1.236349E-15,  0.000000E+00,  0.000000E+00
  2.916618E+04,  1.368166E-11,  1.231350E-15,  0.000000E+00,  0.000000E+00
  2.919542E+04,  1.363405E-11,  1.227064E-15,  0.000000E+00,  0.000000E+00
  2.922469E+04,  1.358643E-11,  1.222779E-15,  0.000000E+00,  0.000000E+00
  2.925399E+04,  1.353882E-11,  1.218493E-15,  0.000000E+00,  0.000000E+00
  2.928331E+04,  1.348326E-11,  1.213494E-15,  0.000000E+00,  0.000000E+00
  2.931267E+04,  1.343565E-11,  1.209208E-15,  0.000000E+00,  0.000000E+00
  2.934206E+04,  1.338803E-11,  1.204923E-15,  0.000000E+00,  0.000000E+00
  2.937147E+04,  1.333248E-11,  1.199923E-15,  0.000000E+00,  0.000000E+00
  2.940092E+04,  1.328486E-11,  1.195638E-15,  0.000000E+00,  0.000000E+00
  2.943039E+04,  1.322931E-11,  1.190638E-15,  0.000000E+00,  0.000000E+00
  2.945990E+04,  1.318170E-11,  1.186353E-15,  0.000000E+00,  0.000000E+00
  2.948943E+04,  1.313408E-11,  1.182067E-15,  0.000000E+00,  0.000000E+00
  2.951899E+04,  1.307853E-11,  1.177068E-15,  0.000000E+00,  0.000000E+00
  2.954858E+04,  1.303091E-11,  1.172782E-15,  0.000000E+00,  0.000000E+00
  2.957821E+04,  1.298330E-11,  1.168497E-15,  0.000000E+00,  0.000000E+00
  2.960786E+04,  1.292774E-11,  1.163497E-15,  0.000000E+00,  0.000000E+00
  2.963754E+04,  1.288013E-11,  1.159211E-15,  0.000000E+00,  0.000000E+00
  2.966725E+04,  1.283251E-11,  1.154926E-15,  0.000000E+00,  0.000000E+00
  2.969699E+04,  1.278490E-11,  1.150641E-15,  0.000000E+00,  0.000000E+00
  2.972677E+04,  1.272934E-11,  1.145641E-15,  0.000000E+00,  0.000000E+00
  2.975657E+04,  1.268173E-11,  1.141356E-15,  0.000000E+00,  0.000000E+00
  2.978640E+04,  1.263411E-11,  1.137070E-15,  0.000000E+00,  0.000000E+00
  2.981626E+04,  1.258650E-11,  1.132785E-15,  0.000000E+00,  0.000000E+00
  2.984615E+04,  1.253888E-11,  1.128499E-15,  0.000000E+00,  0.000000E+00
  2.987607E+04,  1.249126E-11,  1.124214E-15,  0.000000E+00,  0.000000E+00
  2.990602E+04,  1.243571E-11,  1.119214E-15,  0.000000E+00,  0.000000E+00
  2.993600E+04,  1.238810E-11,  1.114929E-15,  0.000000E+00,  0.000000E+00
  2.996601E+04,  1.234048E-11,  1.110643E-15,  0.000000E+00,  0.000000E+00
  2.999605E+04,  1.229286E-11,  1.106358E-15,  0.000000E+00,  0.000000E+00
  3.002612E+04,  1.224525E-11,  1.102072E-15,  0.000000E+00,  0.000000E+00
  3.005623E+04,  1.218970E-11,  1.097073E-15,  0.000000E+00,  0.000000E+00
  3.008636E+04,  1.214208E-11,  1.092787E-15,  0.000000E+00,  0.000000E+00
  3.011652E+04,  1.208653E-11,  1.087788E-15,  0.000000E+00,  0.000000E+00
  3.014671E+04,  1.203098E-11,  1.082788E-15,  0.000000E+00,  0.000000E+00
  3.017693E+04,  1.196749E-11,  1.077074E-15,  0.000000E+00,  0.000000E+00
  3.020719E+04,  1.190400E-11,  1.071360E-15,  0.000000E+00,  0.000000E+00
  3.023747E+04,  1.181670E-11,  1.063503E-15,  0.000000E+00,  0.000000E+00
  3.026778E+04,  1.171354E-11,  1.054218E-15,  0.000000E+00,  0.000000E+00
  3.029812E+04,  1.154688E-11,  1.039219E-15,  0.000000E+00,  0.000000E+00
  3.032850E+04,  1.127706E-11,  1.014935E-15,  0.000000E+00,  0.000000E+00
  3.035890E+04,  1.086438E-11,  9.777946E-16,  0.000000E+00,  0.000000E+00
  3.038934E+04,  1.058662E-11,  9.527962E-16,  0.000000E+00,  0.000000E+00
  3.041980E+04,  1.076915E-11,  9.692237E-16,  0.000000E+00,  0.000000E+00
  3.045030E+04,  1.110246E-11,  9.992218E-16,  0.000000E+00,  0.000000E+00
  3.048083E+04,  1.128499E-11,  1.015649E-15,  0.000000E+00,  0.000000E+00
  3.051138E+04,  1.135642E-11,  1.022077E-15,  0.000000E+00,  0.000000E+00
  3.054197E+04,  1.138022E-11,  1.024220E-15,  0.000000E+00,  0.000000E+00
  3.057259E+04,  1.137229E-11,  1.023506E-15,  0.000000E+00,  0.000000E+00
  3.060324E+04,  1.134848E-11,  1.021363E-15,  0.000000E+00,  0.000000E+00
  3.063392E+04,  1.131674E-11,  1.018506E-15,  0.000000E+00,  0.000000E+00
  3.066463E+04,  1.128499E-11,  1.015649E-15,  0.000000E+00,  0.000000E+00
  3.069537E+04,  1.124531E-11,  1.012078E-15,  0.000000E+00,  0.000000E+00
  3.072614E+04,  1.120563E-11,  1.008507E-15,  0.000000E+00,  0.000000E+00
  3.075694E+04,  1.116595E-11,  1.004936E-15,  0.000000E+00,  0.000000E+00
  3.078778E+04,  1.112627E-11,  1.001364E-15,  0.000000E+00,  0.000000E+00
  3.081864E+04,  1.107866E-11,  9.970791E-16,  0.000000E+00,  0.000000E+00
  3.084954E+04,  1.103898E-11,  9.935079E-16,  0.000000E+00,  0.000000E+00
  3.088047E+04,  1.099930E-11,  9.899367E-16,  0.000000E+00,  0.000000E+00
  3.091142E+04,  1.095962E-11,  9.863655E-16,  0.000000E+00,  0.000000E+00
  3.094241E+04,  1.091994E-11,  9.827943E-16,  0.000000E+00,  0.000000E+00
  3.097343E+04,  1.087232E-11,  9.785088E-16,  0.000000E+00,  0.000000E+00
  3.100448E+04,  1.083264E-11,  9.749376E-16,  0.000000E+00,  0.000000E+00
  3.103556E+04,  1.079296E-11,  9.713664E-16,  0.000000E+00,  0.000000E+00
  3.106668E+04,  1.075328E-11,  9.677952E-16,  0.000000E+00,  0.000000E+00
  3.109782E+04,  1.071360E-11,  9.642240E-16,  0.000000E+00,  0.000000E+00
  3.112900E+04,  1.066598E-11,  9.599386E-16,  0.000000E+00,  0.000000E+00
  3.116020E+04,  1.062630E-11,  9.563674E-16,  0.000000E+00,  0.000000E+00
  3.119144E+04,  1.058662E-11,  9.527962E-16,  0.000000E+00,  0.000000E+00
  3.122271E+04,  1.054694E-11,  9.492249E-16,  0.000000E+00,  0.000000E+00
  3.125401E+04,  1.050726E-11,  9.456537E-16,  0.000000E+00,  0.000000E+00
  3.128535E+04,  1.045965E-11,  9.413683E-16,  0.000000E+00,  0.000000E+00
  3.131671E+04,  1.042790E-11,  9.385114E-16,  0.000000E+00,  0.000000E+00
  3.134810E+04,  1.038822E-11,  9.349402E-16,  0.000000E+00,  0.000000E+00
  3.137953E+04,  1.034854E-11,  9.313690E-16,  0.000000E+00,  0.000000E+00
  3.141099E+04,  1.030886E-11,  9.277978E-16,  0.000000E+00,  0.000000E+00
  3.144248E+04,  1.026918E-11,  9.242266E-16,  0.000000E+00,  0.000000E+00
  3.147400E+04,  1.022950E-11,  9.206554E-16,  0.000000E+00,  0.000000E+00
  3.150555E+04,  1.018982E-11,  9.170842E-16,  0.000000E+00,  0.000000E+00
  3.153714E+04,  1.015014E-11,  9.135130E-16,  0.000000E+00,  0.000000E+00
  3.156875E+04,  1.011046E-11,  9.099418E-16,  0.000000E+00,  0.000000E+00
  3.160040E+04,  1.007078E-11,  9.063706E-16,  0.000000E+00,  0.000000E+00
  3.163208E+04,  1.003904E-11,  9.035136E-16,  0.000000E+00,  0.000000E+00
  3.166379E+04,  9.999360E-12,  8.999424E-16,  0.000000E+00,  0.000000E+00
  3.169553E+04,  9.959680E-12,  8.963712E-16,  0.000000E+00,  0.000000E+00
  3.172731E+04,  9.920000E-12,  8.928000E-16,  0.000000E+00,  0.000000E+00
  3.175912E+04,  9.880320E-12,  8.892288E-16,  0.000000E+00,  0.000000E+00
  3.179095E+04,  9.840640E-12,  8.856576E-16,  0.000000E+00,  0.000000E+00
  3.182282E+04,  9.808896E-12,  8.828007E-16,  0.000000E+00,  0.000000E+00
  3.185473E+04,  9.769216E-12,  8.792295E-16,  0.000000E+00,  0.000000E+00
  3.188666E+04,  9.729536E-12,  8.756583E-16,  0.000000E+00,  0.000000E+00
  3.191863E+04,  9.689856E-12,  8.720871E-16,  0.000000E+00,  0.000000E+00
  3.195063E+04,  9.658112E-12,  8.692301E-16,  0.000000E+00,  0.000000E+00
  3.198266E+04,  9.618432E-12,  8.656589E-16,  0.000000E+00,  0.000000E+00
  3.201472E+04,  9.578752E-12,  8.620877E-16,  0.000000E+00,  0.000000E+00
  3.204681E+04,  9.547008E-12,  8.592307E-16,  0.000000E+00,  0.000000E+00
  3.207894E+04,  9.507328E-12,  8.556595E-16,  0.000000E+00,  0.000000E+00
  3.211110E+04,  9.467648E-12,  8.520883E-16,  0.000000E+00,  0.000000E+00
  3.214329E+04,  9.435904E-12,  8.492314E-16,  0.000000E+00,  0.000000E+00
  3.217551E+04,  9.396224E-12,  8.456602E-16,  0.000000E+00,  0.000000E+00
  3.220777E+04,  9.364480E-12,  8.428032E-16,  0.000000E+00,  0.000000E+00
  3.224006E+04,  9.324800E-12,  8.392320E-16,  0.000000E+00,  0.000000E+00
  3.227238E+04,  9.293056E-12,  8.363751E-16,  0.000000E+00,  0.000000E+00
  3.230473E+04,  9.253376E-12,  8.328039E-16,  0.000000E+00,  0.000000E+00
  3.233712E+04,  9.221632E-12,  8.299469E-16,  0.000000E+00,  0.000000E+00
  3.236954E+04,  9.181952E-12,  8.263757E-16,  0.000000E+00,  0.000000E+00
  3.240199E+04,  9.150208E-12,  8.235187E-16,  0.000000E+00,  0.000000E+00
  3.243447E+04,  9.110528E-12,  8.199475E-16,  0.000000E+00,  0.000000E+00
  3.246699E+04,  9.070848E-12,  8.163763E-16,  0.000000E+00,  0.000000E+00
  3.249953E+04,  9.039104E-12,  8.135194E-16,  0.000000E+00,  0.000000E+00
  3.253211E+04,  8.999424E-12,  8.099482E-16,  0.000000E+00,  0.000000E+00
  3.256473E+04,  8.967680E-12,  8.070912E-16,  0.000000E+00,  0.000000E+00
  3.259737E+04,  8.928000E-12,  8.035200E-16,  0.000000E+00,  0.000000E+00
  3.263005E+04,  8.896256E-12,  8.006631E-16,  0.000000E+00,  0.000000E+00
  3.266277E+04,  8.856576E-12,  7.970919E-16,  0.000000E+00,  0.000000E+00
  3.269551E+04,  8.816896E-12,  7.935207E-16,  0.000000E+00,  0.000000E+00
  3.272829E+04,  8.777216E-12,  7.899495E-16,  0.000000E+00,  0.000000E+00
  3.276110E+04,  8.729599E-12,  7.856640E-16,  0.000000E+00,  0.000000E+00
  3.279394E+04,  8.674048E-12,  7.806643E-16,  0.000000E+00,  0.000000E+00
  3.282682E+04,  8.594688E-12,  7.735219E-16,  0.000000E+00,  0.000000E+00
  3.285972E+04,  8.491520E-12,  7.642368E-16,  0.000000E+00,  0.000000E+00
  3.289267E+04,  8.332800E-12,  7.499520E-16,  0.000000E+00,  0.000000E+00
  3.292564E+04,  8.070912E-12,  7.263821E-16,  0.000000E+00,  0.000000E+00
  3.295865E+04,  7.809024E-12,  7.028122E-16,  0.000000E+00,  0.000000E+00
  3.299169E+04,  7.862989E-12,  7.076690E-16,  0.000000E+00,  0.000000E+00
  3.302476E+04,  8.102656E-12,  7.292391E-16,  0.000000E+00,  0.000000E+00
  3.305787E+04,  8.245504E-12,  7.420954E-16,  0.000000E+00,  0.000000E+00
  3.309101E+04,  8.301056E-12,  7.470951E-16,  0.000000E+00,  0.000000E+00
  3.312419E+04,  8.316928E-12,  7.485235E-16,  0.000000E+00,  0.000000E+00
  3.315739E+04,  8.308991E-12,  7.478092E-16,  0.000000E+00,  0.000000E+00
  3.319063E+04,  8.285184E-12,  7.456666E-16,  0.000000E+00,  0.000000E+00
  3.322391E+04,  8.269312E-12,  7.442381E-16,  0.000000E+00,  0.000000E+00
  3.325721E+04,  8.245504E-12,  7.420954E-16,  0.000000E+00,  0.000000E+00
  3.329056E+04,  8.213760E-12,  7.392384E-16,  0.000000E+00,  0.000000E+00
  3.332393E+04,  8.182016E-12,  7.363815E-16,  0.000000E+00,  0.000000E+00
  3.335734E+04,  8.158208E-12,  7.342387E-16,  0.000000E+00,  0.000000E+00
  3.339078E+04,  8.126464E-12,  7.313818E-16,  0.000000E+00,  0.000000E+00
  3.342425E+04,  8.094720E-12,  7.285248E-16,  0.000000E+00,  0.000000E+00
  3.345776E+04,  8.062976E-12,  7.256679E-16,  0.000000E+00,  0.000000E+00
  3.349130E+04,  8.039168E-12,  7.235251E-16,  0.000000E+00,  0.000000E+00
  3.352488E+04,  8.007424E-12,  7.206682E-16,  0.000000E+00,  0.000000E+00
  3.355848E+04,  7.975680E-12,  7.178112E-16,  0.000000E+00,  0.000000E+00
  3.359213E+04,  7.943936E-12,  7.149543E-16,  0.000000E+00,  0.000000E+00
  3.362580E+04,  7.915366E-12,  7.123830E-16,  0.000000E+00,  0.000000E+00
  3.365951E+04,  7.885210E-12,  7.096689E-16,  0.000000E+00,  0.000000E+00
  3.369326E+04,  7.853465E-12,  7.068119E-16,  0.000000E+00,  0.000000E+00
  3.372703E+04,  7.819341E-12,  7.037407E-16,  0.000000E+00,  0.000000E+00
  3.376085E+04,  7.789978E-12,  7.010980E-16,  0.000000E+00,  0.000000E+00
  3.379469E+04,  7.761408E-12,  6.985267E-16,  0.000000E+00,  0.000000E+00
  3.382857E+04,  7.732839E-12,  6.959555E-16,  0.000000E+00,  0.000000E+00
  3.386248E+04,  7.705856E-12,  6.935271E-16,  0.000000E+00,  0.000000E+00
  3.389643E+04,  7.677286E-12,  6.909558E-16,  0.000000E+00,  0.000000E+00
  3.393041E+04,  7.648717E-12,  6.883845E-16,  0.000000E+00,  0.000000E+00
  3.396443E+04,  7.619354E-12,  6.857419E-16,  0.000000E+00,  0.000000E+00
  3.399848E+04,  7.589990E-12,  6.830991E-16,  0.000000E+00,  0.000000E+00
  3.403256E+04,  7.560627E-12,  6.804565E-16,  0.000000E+00,  0.000000E+00
  3.406668E+04,  7.530470E-12,  6.777423E-16,  0.000000E+00,  0.000000E+00
  3.410083E+04,  7.502695E-12,  6.752426E-16,  0.000000E+00,  0.000000E+00
  3.413502E+04,  7.474918E-12,  6.727426E-16,  0.000000E+00,  0.000000E+00
  3.416924E+04,  7.446349E-12,  6.701714E-16,  0.000000E+00,  0.000000E+00
  3.420349E+04,  7.418573E-12,  6.676716E-16,  0.000000E+00,  0.000000E+00
  3.423778E+04,  7.390004E-12,  6.651003E-16,  0.000000E+00,  0.000000E+00
  3.427210E+04,  7.361433E-12,  6.625290E-16,  0.000000E+00,  0.000000E+00
  3.430646E+04,  7.332864E-12,  6.599578E-16,  0.000000E+00,  0.000000E+00
  3.434085E+04,  7.305088E-12,  6.574579E-16,  0.000000E+00,  0.000000E+00
  3.437528E+04,  7.278105E-12,  6.550295E-16,  0.000000E+00,  0.000000E+00
  3.440974E+04,  7.250330E-12,  6.525297E-16,  0.000000E+00,  0.000000E+00
  3.444424E+04,  7.222554E-12,  6.500298E-16,  0.000000E+00,  0.000000E+00
  3.447877E+04,  7.194777E-12,  6.475300E-16,  0.000000E+00,  0.000000E+00
  3.451333E+04,  7.167795E-12,  6.451016E-16,  0.000000E+00,  0.000000E+00
  3.454793E+04,  7.140019E-12,  6.426017E-16,  0.000000E+00,  0.000000E+00
  3.458257E+04,  7.113037E-12,  6.401733E-16,  0.000000E+00,  0.000000E+00
  3.461724E+04,  7.085261E-12,  6.376735E-16,  0.000000E+00,  0.000000E+00
  3.465194E+04,  7.058278E-12,  6.352451E-16,  0.000000E+00,  0.000000E+00
  3.468668E+04,  7.031296E-12,  6.328166E-16,  0.000000E+00,  0.000000E+00
  3.472145E+04,  7.004313E-12,  6.303882E-16,  0.000000E+00,  0.000000E+00
  3.475626E+04,  6.978125E-12,  6.280312E-16,  0.000000E+00,  0.000000E+00
  3.479110E+04,  6.951142E-12,  6.256028E-16,  0.000000E+00,  0.000000E+00
  3.482598E+04,  6.924160E-12,  6.231744E-16,  0.000000E+00,  0.000000E+00
  3.486089E+04,  6.897971E-12,  6.208174E-16,  0.000000E+00,  0.000000E+00
  3.489584E+04,  6.871782E-12,  6.184604E-16,  0.000000E+00,  0.000000E+00
  3.493083E+04,  6.845594E-12,  6.161034E-16,  0.000000E+00,  0.000000E+00
  3.496584E+04,  6.818611E-12,  6.136750E-16,  0.000000E+00,  0.000000E+00
  3.500090E+04,  6.792423E-12,  6.113180E-16,  0.000000E+00,  0.000000E+00
  3.503598E+04,  6.766233E-12,  6.089610E-16,  0.000000E+00,  0.000000E+00
  3.507111E+04,  6.740838E-12,  6.066755E-16,  0.000000E+00,  0.000000E+00
  3.510627E+04,  6.715443E-12,  6.043899E-16,  0.000000E+00,  0.000000E+00
  3.514146E+04,  6.689254E-12,  6.020329E-16,  0.000000E+00,  0.000000E+00
  3.517669E+04,  6.663066E-12,  5.996759E-16,  0.000000E+00,  0.000000E+00
  3.521196E+04,  6.637670E-12,  5.973903E-16,  0.000000E+00,  0.000000E+00
  3.524726E+04,  6.612275E-12,  5.951048E-16,  0.000000E+00,  0.000000E+00
  3.528259E+04,  6.586880E-12,  5.928192E-16,  0.000000E+00,  0.000000E+00
  3.531796E+04,  6.562278E-12,  5.906051E-16,  0.000000E+00,  0.000000E+00
  3.535337E+04,  6.536883E-12,  5.883195E-16,  0.000000E+00,  0.000000E+00
  3.538881E+04,  6.511488E-12,  5.860339E-16,  0.000000E+00,  0.000000E+00
  3.542429E+04,  6.486093E-12,  5.837484E-16,  0.000000E+00,  0.000000E+00
  3.545980E+04,  6.460697E-12,  5.814628E-16,  0.000000E+00,  0.000000E+00
  3.549535E+04,  6.436096E-12,  5.792486E-16,  0.000000E+00,  0.000000E+00
  3.553093E+04,  6.412288E-12,  5.771059E-16,  0.000000E+00,  0.000000E+00
  3.556655E+04,  6.387686E-12,  5.748918E-16,  0.000000E+00,  0.000000E+00
  3.560221E+04,  6.363878E-12,  5.727490E-16,  0.000000E+00,  0.000000E+00
  3.563790E+04,  6.338483E-12,  5.704635E-16,  0.000000E+00,  0.000000E+00
  3.567363E+04,  6.313088E-12,  5.681779E-16,  0.000000E+00,  0.000000E+00
  3.570939E+04,  6.287693E-12,  5.658923E-16,  0.000000E+00,  0.000000E+00
  3.574519E+04,  6.263091E-12,  5.636782E-16,  0.000000E+00,  0.000000E+00
  3.578102E+04,  6.240077E-12,  5.616069E-16,  0.000000E+00,  0.000000E+00
  3.581689E+04,  6.217063E-12,  5.595356E-16,  0.000000E+00,  0.000000E+00
  3.585280E+04,  6.194841E-12,  5.575357E-16,  0.000000E+00,  0.000000E+00
  3.588874E+04,  6.171034E-12,  5.553930E-16,  0.000000E+00,  0.000000E+00
  3.592472E+04,  6.147225E-12,  5.532503E-16,  0.000000E+00,  0.000000E+00
  3.596073E+04,  6.122624E-12,  5.510362E-16,  0.000000E+00,  0.000000E+00
  3.599679E+04,  6.097229E-12,  5.487506E-16,  0.000000E+00,  0.000000E+00
  3.603287E+04,  6.071834E-12,  5.464650E-16,  0.000000E+00,  0.000000E+00
  3.606900E+04,  6.047232E-12,  5.442509E-16,  0.000000E+00,  0.000000E+00
  3.610515E+04,  6.025011E-12,  5.422510E-16,  0.000000E+00,  0.000000E+00
  3.614135E+04,  6.004378E-12,  5.403940E-16,  0.000000E+00,  0.000000E+00
  3.617758E+04,  5.982950E-12,  5.384655E-16,  0.000000E+00,  0.000000E+00
  3.621385E+04,  5.961523E-12,  5.365371E-16,  0.000000E+00,  0.000000E+00
  3.625015E+04,  5.938509E-12,  5.344658E-16,  0.000000E+00,  0.000000E+00
  3.628650E+04,  5.915494E-12,  5.323945E-16,  0.000000E+00,  0.000000E+00
  3.632287E+04,  5.891686E-12,  5.302518E-16,  0.000000E+00,  0.000000E+00
  3.635929E+04,  5.867085E-12,  5.280376E-16,  0.000000E+00,  0.000000E+00
  3.639574E+04,  5.840896E-12,  5.256806E-16,  0.000000E+00,  0.000000E+00
  3.643222E+04,  5.814707E-12,  5.233237E-16,  0.000000E+00,  0.000000E+00
  3.646875E+04,  5.790899E-12,  5.211809E-16,  0.000000E+00,  0.000000E+00
  3.650531E+04,  5.771853E-12,  5.194667E-16,  0.000000E+00,  0.000000E+00
  3.654190E+04,  5.753600E-12,  5.178240E-16,  0.000000E+00,  0.000000E+00
  3.657854E+04,  5.733760E-12,  5.160384E-16,  0.000000E+00,  0.000000E+00
  3.661521E+04,  5.713920E-12,  5.142528E-16,  0.000000E+00,  0.000000E+00
  3.665191E+04,  5.693286E-12,  5.123957E-16,  0.000000E+00,  0.000000E+00
  3.668866E+04,  5.671859E-12,  5.104673E-16,  0.000000E+00,  0.000000E+00
  3.672544E+04,  5.648845E-12,  5.083960E-16,  0.000000E+00,  0.000000E+00
  3.676225E+04,  5.625037E-12,  5.062533E-16,  0.000000E+00,  0.000000E+00
  3.679911E+04,  5.599641E-12,  5.039677E-16,  0.000000E+00,  0.000000E+00
  3.683600E+04,  5.572659E-12,  5.015393E-16,  0.000000E+00,  0.000000E+00
  3.687293E+04,  5.544089E-12,  4.989681E-16,  0.000000E+00,  0.000000E+00
  3.690989E+04,  5.516314E-12,  4.964682E-16,  0.000000E+00,  0.000000E+00
  3.694690E+04,  5.495680E-12,  4.946112E-16,  0.000000E+00,  0.000000E+00
  3.698393E+04,  5.479808E-12,  4.931827E-16,  0.000000E+00,  0.000000E+00
  3.702101E+04,  5.464729E-12,  4.918257E-16,  0.000000E+00,  0.000000E+00
  3.705812E+04,  5.446477E-12,  4.901829E-16,  0.000000E+00,  0.000000E+00
  3.709528E+04,  5.425843E-12,  4.883259E-16,  0.000000E+00,  0.000000E+00
  3.713246E+04,  5.402829E-12,  4.862546E-16,  0.000000E+00,  0.000000E+00
  3.716969E+04,  5.375846E-12,  4.838262E-16,  0.000000E+00,  0.000000E+00
  3.720695E+04,  5.343309E-12,  4.808978E-16,  0.000000E+00,  0.000000E+00
  3.724425E+04,  5.303629E-12,  4.773266E-16,  0.000000E+00,  0.000000E+00
  3.728159E+04,  5.250458E-12,  4.725412E-16,  0.000000E+00,  0.000000E+00
  3.731896E+04,  5.160781E-12,  4.644703E-16,  0.000000E+00,  0.000000E+00
  3.735638E+04,  5.005235E-12,  4.504712E-16,  0.000000E+00,  0.000000E+00
  3.739383E+04,  4.850483E-12,  4.365435E-16,  0.000000E+00,  0.000000E+00
  3.743131E+04,  4.882227E-12,  4.394004E-16,  0.000000E+00,  0.000000E+00
  3.746884E+04,  5.007616E-12,  4.506854E-16,  0.000000E+00,  0.000000E+00
  3.750640E+04,  5.078246E-12,  4.570422E-16,  0.000000E+00,  0.000000E+00
  3.754400E+04,  5.110784E-12,  4.599705E-16,  0.000000E+00,  0.000000E+00
  3.758164E+04,  5.123481E-12,  4.611133E-16,  0.000000E+00,  0.000000E+00
  3.761931E+04,  5.122688E-12,  4.610419E-16,  0.000000E+00,  0.000000E+00
  3.765703E+04,  5.114752E-12,  4.603277E-16,  0.000000E+00,  0.000000E+00
  3.769478E+04,  5.102054E-12,  4.591849E-16,  0.000000E+00,  0.000000E+00
  3.773257E+04,  5.087770E-12,  4.578993E-16,  0.000000E+00,  0.000000E+00
  3.777040E+04,  5.071104E-12,  4.563994E-16,  0.000000E+00,  0.000000E+00
  3.780826E+04,  5.053645E-12,  4.548280E-16,  0.000000E+00,  0.000000E+00
  3.784616E+04,  5.036185E-12,  4.532567E-16,  0.000000E+00,  0.000000E+00
  3.788410E+04,  5.017139E-12,  4.515425E-16,  0.000000E+00,  0.000000E+00
  3.792208E+04,  4.997299E-12,  4.497569E-16,  0.000000E+00,  0.000000E+00
  3.796010E+04,  4.976665E-12,  4.478999E-16,  0.000000E+00,  0.000000E+00
  3.799815E+04,  4.954445E-12,  4.459001E-16,  0.000000E+00,  0.000000E+00
  3.803625E+04,  4.930637E-12,  4.437573E-16,  0.000000E+00,  0.000000E+00
  3.807438E+04,  4.903654E-12,  4.413289E-16,  0.000000E+00,  0.000000E+00
  3.811255E+04,  4.869530E-12,  4.382577E-16,  0.000000E+00,  0.000000E+00
  3.815076E+04,  4.830643E-12,  4.347579E-16,  0.000000E+00,  0.000000E+00
  3.818900E+04,  4.799693E-12,  4.319724E-16,  0.000000E+00,  0.000000E+00
  3.822729E+04,  4.790963E-12,  4.311867E-16,  0.000000E+00,  0.000000E+00
  3.826561E+04,  4.792551E-12,  4.313296E-16,  0.000000E+00,  0.000000E+00
  3.830397E+04,  4.790170E-12,  4.311153E-16,  0.000000E+00,  0.000000E+00
  3.834237E+04,  4.781440E-12,  4.303296E-16,  0.000000E+00,  0.000000E+00
  3.838081E+04,  4.768742E-12,  4.291868E-16,  0.000000E+00,  0.000000E+00
  3.841929E+04,  4.754458E-12,  4.279012E-16,  0.000000E+00,  0.000000E+00
  3.845780E+04,  4.738585E-12,  4.264727E-16,  0.000000E+00,  0.000000E+00
  3.849636E+04,  4.721126E-12,  4.249014E-16,  0.000000E+00,  0.000000E+00
  3.853495E+04,  4.703667E-12,  4.233300E-16,  0.000000E+00,  0.000000E+00
  3.857358E+04,  4.686208E-12,  4.217587E-16,  0.000000E+00,  0.000000E+00
  3.861225E+04,  4.667955E-12,  4.201160E-16,  0.000000E+00,  0.000000E+00
  3.865096E+04,  4.648909E-12,  4.184018E-16,  0.000000E+00,  0.000000E+00
  3.868971E+04,  4.629863E-12,  4.166876E-16,  0.000000E+00,  0.000000E+00
  3.872849E+04,  4.613197E-12,  4.151877E-16,  0.000000E+00,  0.000000E+00
  3.876732E+04,  4.594944E-12,  4.135449E-16,  0.000000E+00,  0.000000E+00
  3.880618E+04,  4.574310E-12,  4.116880E-16,  0.000000E+00,  0.000000E+00
  3.884509E+04,  4.554471E-12,  4.099024E-16,  0.000000E+00,  0.000000E+00
  3.888403E+04,  4.533043E-12,  4.079739E-16,  0.000000E+00,  0.000000E+00
  3.892301E+04,  4.507648E-12,  4.056883E-16,  0.000000E+00,  0.000000E+00
  3.896203E+04,  4.475110E-12,  4.027599E-16,  0.000000E+00,  0.000000E+00
  3.900109E+04,  4.433049E-12,  3.989745E-16,  0.000000E+00,  0.000000E+00
  3.904019E+04,  4.383846E-12,  3.945461E-16,  0.000000E+00,  0.000000E+00
  3.907933E+04,  4.353690E-12,  3.918321E-16,  0.000000E+00,  0.000000E+00
  3.911850E+04,  4.360038E-12,  3.924035E-16,  0.000000E+00,  0.000000E+00
  3.915772E+04,  4.374323E-12,  3.936891E-16,  0.000000E+00,  0.000000E+00
  3.919697E+04,  4.379085E-12,  3.941176E-16,  0.000000E+00,  0.000000E+00
  3.923627E+04,  4.374323E-12,  3.936891E-16,  0.000000E+00,  0.000000E+00
  3.927560E+04,  4.364007E-12,  3.927606E-16,  0.000000E+00,  0.000000E+00
  3.931498E+04,  4.351309E-12,  3.916178E-16,  0.000000E+00,  0.000000E+00
  3.935439E+04,  4.337024E-12,  3.903322E-16,  0.000000E+00,  0.000000E+00
  3.939384E+04,  4.321946E-12,  3.889751E-16,  0.000000E+00,  0.000000E+00
  3.943334E+04,  4.306074E-12,  3.875466E-16,  0.000000E+00,  0.000000E+00
  3.947287E+04,  4.289408E-12,  3.860467E-16,  0.000000E+00,  0.000000E+00
  3.951244E+04,  4.274330E-12,  3.846897E-16,  0.000000E+00,  0.000000E+00
  3.955205E+04,  4.258458E-12,  3.832612E-16,  0.000000E+00,  0.000000E+00
  3.959170E+04,  4.242585E-12,  3.818327E-16,  0.000000E+00,  0.000000E+00
  3.963139E+04,  4.225920E-12,  3.803328E-16,  0.000000E+00,  0.000000E+00
  3.967112E+04,  4.209255E-12,  3.788329E-16,  0.000000E+00,  0.000000E+00
  3.971089E+04,  4.193382E-12,  3.774044E-16,  0.000000E+00,  0.000000E+00
  3.975070E+04,  4.175923E-12,  3.758331E-16,  0.000000E+00,  0.000000E+00
  3.979055E+04,  4.159258E-12,  3.743332E-16,  0.000000E+00,  0.000000E+00
  3.983044E+04,  4.141798E-12,  3.727619E-16,  0.000000E+00,  0.000000E+00
  3.987037E+04,  4.125133E-12,  3.712620E-16,  0.000000E+00,  0.000000E+00
  3.991034E+04,  4.106880E-12,  3.696192E-16,  0.000000E+00,  0.000000E+00
  3.995035E+04,  4.088627E-12,  3.679764E-16,  0.000000E+00,  0.000000E+00
  3.999040E+04,  4.068787E-12,  3.661908E-16,  0.000000E+00,  0.000000E+00
  4.003050E+04,  4.044979E-12,  3.640481E-16,  0.000000E+00,  0.000000E+00
  4.007063E+04,  4.014822E-12,  3.613340E-16,  0.000000E+00,  0.000000E+00
  4.011080E+04,  3.973555E-12,  3.576200E-16,  0.000000E+00,  0.000000E+00
  4.015101E+04,  3.915622E-12,  3.524060E-16,  0.000000E+00,  0.000000E+00
  4.019126E+04,  3.858483E-12,  3.472635E-16,  0.000000E+00,  0.000000E+00
  4.023155E+04,  3.850547E-12,  3.465492E-16,  0.000000E+00,  0.000000E+00
  4.027188E+04,  3.879117E-12,  3.491205E-16,  0.000000E+00,  0.000000E+00
  4.031226E+04,  3.898163E-12,  3.508347E-16,  0.000000E+00,  0.000000E+00
  4.035267E+04,  3.895783E-12,  3.506204E-16,  0.000000E+00,  0.000000E+00
  4.039312E+04,  3.873562E-12,  3.486205E-16,  0.000000E+00,  0.000000E+00
  4.043362E+04,  3.820390E-12,  3.438351E-16,  0.000000E+00,  0.000000E+00
  4.047415E+04,  3.707699E-12,  3.336929E-16,  0.000000E+00,  0.000000E+00
  4.051473E+04,  3.600563E-12,  3.240507E-16,  0.000000E+00,  0.000000E+00
  4.055534E+04,  3.650560E-12,  3.285504E-16,  0.000000E+00,  0.000000E+00
  4.059600E+04,  3.748966E-12,  3.374070E-16,  0.000000E+00,  0.000000E+00
  4.063670E+04,  3.790234E-12,  3.411210E-16,  0.000000E+00,  0.000000E+00
  4.067744E+04,  3.798170E-12,  3.418353E-16,  0.000000E+00,  0.000000E+00
  4.071821E+04,  3.794202E-12,  3.414781E-16,  0.000000E+00,  0.000000E+00
  4.075903E+04,  3.784678E-12,  3.406211E-16,  0.000000E+00,  0.000000E+00
  4.079990E+04,  3.773568E-12,  3.396211E-16,  0.000000E+00,  0.000000E+00
  4.084080E+04,  3.760871E-12,  3.384784E-16,  0.000000E+00,  0.000000E+00
  4.088174E+04,  3.747379E-12,  3.372641E-16,  0.000000E+00,  0.000000E+00
  4.092272E+04,  3.733888E-12,  3.360499E-16,  0.000000E+00,  0.000000E+00
  4.096375E+04,  3.720397E-12,  3.348357E-16,  0.000000E+00,  0.000000E+00
  4.100482E+04,  3.706905E-12,  3.336215E-16,  0.000000E+00,  0.000000E+00
  4.104592E+04,  3.692621E-12,  3.323359E-16,  0.000000E+00,  0.000000E+00
  4.108707E+04,  3.678336E-12,  3.310502E-16,  0.000000E+00,  0.000000E+00
  4.112826E+04,  3.664051E-12,  3.297646E-16,  0.000000E+00,  0.000000E+00
  4.116949E+04,  3.650560E-12,  3.285504E-16,  0.000000E+00,  0.000000E+00
  4.121077E+04,  3.636275E-12,  3.272648E-16,  0.000000E+00,  0.000000E+00
  4.125208E+04,  3.621197E-12,  3.259077E-16,  0.000000E+00,  0.000000E+00
  4.129343E+04,  3.606912E-12,  3.246221E-16,  0.000000E+00,  0.000000E+00
  4.133483E+04,  3.591834E-12,  3.232650E-16,  0.000000E+00,  0.000000E+00
  4.137627E+04,  3.576755E-12,  3.219080E-16,  0.000000E+00,  0.000000E+00
  4.141775E+04,  3.560090E-12,  3.204081E-16,  0.000000E+00,  0.000000E+00
  4.145927E+04,  3.542630E-12,  3.188367E-16,  0.000000E+00,  0.000000E+00
  4.150083E+04,  3.521997E-12,  3.169797E-16,  0.000000E+00,  0.000000E+00
  4.154244E+04,  3.496602E-12,  3.146942E-16,  0.000000E+00,  0.000000E+00
  4.158408E+04,  3.460890E-12,  3.114801E-16,  0.000000E+00,  0.000000E+00
  4.162577E+04,  3.406925E-12,  3.066232E-16,  0.000000E+00,  0.000000E+00
  4.166750E+04,  3.334707E-12,  3.001236E-16,  0.000000E+00,  0.000000E+00
  4.170927E+04,  3.292646E-12,  2.963382E-16,  0.000000E+00,  0.000000E+00
  4.175109E+04,  3.321216E-12,  2.989094E-16,  0.000000E+00,  0.000000E+00
  4.179294E+04,  3.364864E-12,  3.028378E-16,  0.000000E+00,  0.000000E+00
  4.183484E+04,  3.387085E-12,  3.048376E-16,  0.000000E+00,  0.000000E+00
  4.187678E+04,  3.392640E-12,  3.053376E-16,  0.000000E+00,  0.000000E+00
  4.191876E+04,  3.390259E-12,  3.051233E-16,  0.000000E+00,  0.000000E+00
  4.196079E+04,  3.382323E-12,  3.044091E-16,  0.000000E+00,  0.000000E+00
  4.200285E+04,  3.372800E-12,  3.035520E-16,  0.000000E+00,  0.000000E+00
  4.204496E+04,  3.361690E-12,  3.025521E-16,  0.000000E+00,  0.000000E+00
  4.208711E+04,  3.350579E-12,  3.015521E-16,  0.000000E+00,  0.000000E+00
  4.212930E+04,  3.339469E-12,  3.005522E-16,  0.000000E+00,  0.000000E+00
  4.217154E+04,  3.326771E-12,  2.994094E-16,  0.000000E+00,  0.000000E+00
  4.221381E+04,  3.314867E-12,  2.983381E-16,  0.000000E+00,  0.000000E+00
  4.225613E+04,  3.302169E-12,  2.971953E-16,  0.000000E+00,  0.000000E+00
  4.229849E+04,  3.289472E-12,  2.960525E-16,  0.000000E+00,  0.000000E+00
  4.234090E+04,  3.277568E-12,  2.949811E-16,  0.000000E+00,  0.000000E+00
  4.238335E+04,  3.264870E-12,  2.938383E-16,  0.000000E+00,  0.000000E+00
  4.242583E+04,  3.252173E-12,  2.926956E-16,  0.000000E+00,  0.000000E+00
  4.246837E+04,  3.239475E-12,  2.915528E-16,  0.000000E+00,  0.000000E+00
  4.251094E+04,  3.227571E-12,  2.904814E-16,  0.000000E+00,  0.000000E+00
  4.255356E+04,  3.214874E-12,  2.893386E-16,  0.000000E+00,  0.000000E+00
  4.259622E+04,  3.202176E-12,  2.881958E-16,  0.000000E+00,  0.000000E+00
  4.263892E+04,  3.190272E-12,  2.871245E-16,  0.000000E+00,  0.000000E+00
  4.268167E+04,  3.177574E-12,  2.859817E-16,  0.000000E+00,  0.000000E+00
  4.272446E+04,  3.165670E-12,  2.849103E-16,  0.000000E+00,  0.000000E+00
  4.276729E+04,  3.152973E-12,  2.837675E-16,  0.000000E+00,  0.000000E+00
  4.281016E+04,  3.141069E-12,  2.826962E-16,  0.000000E+00,  0.000000E+00
  4.285308E+04,  3.129165E-12,  2.816248E-16,  0.000000E+00,  0.000000E+00
  4.289604E+04,  3.116467E-12,  2.804821E-16,  0.000000E+00,  0.000000E+00
  4.293904E+04,  3.104563E-12,  2.794107E-16,  0.000000E+00,  0.000000E+00
  4.298209E+04,  3.092659E-12,  2.783393E-16,  0.000000E+00,  0.000000E+00
  4.302518E+04,  3.079962E-12,  2.771965E-16,  0.000000E+00,  0.000000E+00
  4.306831E+04,  3.068057E-12,  2.761252E-16,  0.000000E+00,  0.000000E+00
  4.311149E+04,  3.056154E-12,  2.750538E-16,  0.000000E+00,  0.000000E+00
  4.315471E+04,  3.044250E-12,  2.739825E-16,  0.000000E+00,  0.000000E+00
  4.319797E+04,  3.031552E-12,  2.728397E-16,  0.000000E+00,  0.000000E+00
  4.324127E+04,  3.019648E-12,  2.717683E-16,  0.000000E+00,  0.000000E+00
  4.328462E+04,  3.007744E-12,  2.706970E-16,  0.000000E+00,  0.000000E+00
  4.332802E+04,  2.995046E-12,  2.695542E-16,  0.000000E+00,  0.000000E+00
  4.337145E+04,  2.982349E-12,  2.684114E-16,  0.000000E+00,  0.000000E+00
  4.341493E+04,  2.968858E-12,  2.671972E-16,  0.000000E+00,  0.000000E+00
  4.345846E+04,  2.955366E-12,  2.659830E-16,  0.000000E+00,  0.000000E+00
  4.350202E+04,  2.939494E-12,  2.645545E-16,  0.000000E+00,  0.000000E+00
  4.354563E+04,  2.922035E-12,  2.629832E-16,  0.000000E+00,  0.000000E+00
  4.358929E+04,  2.899814E-12,  2.609833E-16,  0.000000E+00,  0.000000E+00
  4.363299E+04,  2.868070E-12,  2.581263E-16,  0.000000E+00,  0.000000E+00
  4.367673E+04,  2.820454E-12,  2.538409E-16,  0.000000E+00,  0.000000E+00
  4.372052E+04,  2.752998E-12,  2.477699E-16,  0.000000E+00,  0.000000E+00
  4.376435E+04,  2.711731E-12,  2.440558E-16,  0.000000E+00,  0.000000E+00
  4.380822E+04,  2.739507E-12,  2.465557E-16,  0.000000E+00,  0.000000E+00
  4.385214E+04,  2.783949E-12,  2.505554E-16,  0.000000E+00,  0.000000E+00
  4.389610E+04,  2.806170E-12,  2.525553E-16,  0.000000E+00,  0.000000E+00
  4.394010E+04,  2.813312E-12,  2.531981E-16,  0.000000E+00,  0.000000E+00
  4.398415E+04,  2.811725E-12,  2.530552E-16,  0.000000E+00,  0.000000E+00
  4.402825E+04,  2.806963E-12,  2.526267E-16,  0.000000E+00,  0.000000E+00
  4.407239E+04,  2.799027E-12,  2.519124E-16,  0.000000E+00,  0.000000E+00
  4.411657E+04,  2.790298E-12,  2.511268E-16,  0.000000E+00,  0.000000E+00
  4.416080E+04,  2.780774E-12,  2.502697E-16,  0.000000E+00,  0.000000E+00
  4.420507E+04,  2.771251E-12,  2.494126E-16,  0.000000E+00,  0.000000E+00
  4.424938E+04,  2.760934E-12,  2.484841E-16,  0.000000E+00,  0.000000E+00
  4.429374E+04,  2.750618E-12,  2.475556E-16,  0.000000E+00,  0.000000E+00
  4.433815E+04,  2.740301E-12,  2.466271E-16,  0.000000E+00,  0.000000E+00
  4.438260E+04,  2.729984E-12,  2.456986E-16,  0.000000E+00,  0.000000E+00
  4.442709E+04,  2.719667E-12,  2.447701E-16,  0.000000E+00,  0.000000E+00
  4.447163E+04,  2.709350E-12,  2.438415E-16,  0.000000E+00,  0.000000E+00
  4.451621E+04,  2.699034E-12,  2.429130E-16,  0.000000E+00,  0.000000E+00
  4.456084E+04,  2.688717E-12,  2.419845E-16,  0.000000E+00,  0.000000E+00
  4.460551E+04,  2.678400E-12,  2.410560E-16,  0.000000E+00,  0.000000E+00
  4.465023E+04,  2.667290E-12,  2.400561E-16,  0.000000E+00,  0.000000E+00
  4.469499E+04,  2.656973E-12,  2.391275E-16,  0.000000E+00,  0.000000E+00
  4.473980E+04,  2.646656E-12,  2.381990E-16,  0.000000E+00,  0.000000E+00
  4.478465E+04,  2.636339E-12,  2.372705E-16,  0.000000E+00,  0.000000E+00
  4.482955E+04,  2.626022E-12,  2.363420E-16,  0.000000E+00,  0.000000E+00
  4.487449E+04,  2.616499E-12,  2.354849E-16,  0.000000E+00,  0.000000E+00
  4.491947E+04,  2.606182E-12,  2.345564E-16,  0.000000E+00,  0.000000E+00
  4.496451E+04,  2.595866E-12,  2.336279E-16,  0.000000E+00,  0.000000E+00
  4.500958E+04,  2.585549E-12,  2.326994E-16,  0.000000E+00,  0.000000E+00
  4.505471E+04,  2.575232E-12,  2.317709E-16,  0.000000E+00,  0.000000E+00
  4.509987E+04,  2.565709E-12,  2.309138E-16,  0.000000E+00,  0.000000E+00
  4.514509E+04,  2.555392E-12,  2.299853E-16,  0.000000E+00,  0.000000E+00
  4.519034E+04,  2.545869E-12,  2.291282E-16,  0.000000E+00,  0.000000E+00
  4.523565E+04,  2.535552E-12,  2.281997E-16,  0.000000E+00,  0.000000E+00
  4.528100E+04,  2.526029E-12,  2.273426E-16,  0.000000E+00,  0.000000E+00
  4.532639E+04,  2.515712E-12,  2.264141E-16,  0.000000E+00,  0.000000E+00
  4.537183E+04,  2.506189E-12,  2.255570E-16,  0.000000E+00,  0.000000E+00
  4.541731E+04,  2.496666E-12,  2.246999E-16,  0.000000E+00,  0.000000E+00
  4.546285E+04,  2.487142E-12,  2.238428E-16,  0.000000E+00,  0.000000E+00
  4.550842E+04,  2.476826E-12,  2.229143E-16,  0.000000E+00,  0.000000E+00
  4.555404E+04,  2.467302E-12,  2.220572E-16,  0.000000E+00,  0.000000E+00
  4.559971E+04,  2.457779E-12,  2.212001E-16,  0.000000E+00,  0.000000E+00
  4.564543E+04,  2.448256E-12,  2.203430E-16,  0.000000E+00,  0.000000E+00
  4.569119E+04,  2.438733E-12,  2.194860E-16,  0.000000E+00,  0.000000E+00
  4.573699E+04,  2.429210E-12,  2.186289E-16,  0.000000E+00,  0.000000E+00
  4.578284E+04,  2.418893E-12,  2.177004E-16,  0.000000E+00,  0.000000E+00
  4.582874E+04,  2.409370E-12,  2.168433E-16,  0.000000E+00,  0.000000E+00
  4.587468E+04,  2.399846E-12,  2.159862E-16,  0.000000E+00,  0.000000E+00
  4.592067E+04,  2.390323E-12,  2.151291E-16,  0.000000E+00,  0.000000E+00
  4.596671E+04,  2.380800E-12,  2.142720E-16,  0.000000E+00,  0.000000E+00
  4.601279E+04,  2.371277E-12,  2.134149E-16,  0.000000E+00,  0.000000E+00
  4.605892E+04,  2.360960E-12,  2.124864E-16,  0.000000E+00,  0.000000E+00
  4.610509E+04,  2.351437E-12,  2.116293E-16,  0.000000E+00,  0.000000E+00
  4.615131E+04,  2.341120E-12,  2.107008E-16,  0.000000E+00,  0.000000E+00
  4.619758E+04,  2.330010E-12,  2.097009E-16,  0.000000E+00,  0.000000E+00
  4.624389E+04,  2.318899E-12,  2.087009E-16,  0.000000E+00,  0.000000E+00
  4.629025E+04,  2.305408E-12,  2.074867E-16,  0.000000E+00,  0.000000E+00
  4.633666E+04,  2.290330E-12,  2.061297E-16,  0.000000E+00,  0.000000E+00
  4.638311E+04,  2.268902E-12,  2.042012E-16,  0.000000E+00,  0.000000E+00
  4.642961E+04,  2.236365E-12,  2.012728E-16,  0.000000E+00,  0.000000E+00
  4.647616E+04,  2.176845E-12,  1.959160E-16,  0.000000E+00,  0.000000E+00
  4.652275E+04,  2.114944E-12,  1.903450E-16,  0.000000E+00,  0.000000E+00
  4.656939E+04,  2.123674E-12,  1.911306E-16,  0.000000E+00,  0.000000E+00
  4.661607E+04,  2.157005E-12,  1.941304E-16,  0.000000E+00,  0.000000E+00
  4.666281E+04,  2.139545E-12,  1.925591E-16,  0.000000E+00,  0.000000E+00
  4.670958E+04,  2.099866E-12,  1.889879E-16,  0.000000E+00,  0.000000E+00
  4.675641E+04,  2.108595E-12,  1.897736E-16,  0.000000E+00,  0.000000E+00
  4.680328E+04,  2.148275E-12,  1.933448E-16,  0.000000E+00,  0.000000E+00
  4.685020E+04,  2.172083E-12,  1.954875E-16,  0.000000E+00,  0.000000E+00
  4.689717E+04,  2.180019E-12,  1.962017E-16,  0.000000E+00,  0.000000E+00
  4.694419E+04,  2.180813E-12,  1.962732E-16,  0.000000E+00,  0.000000E+00
  4.699125E+04,  2.177638E-12,  1.959874E-16,  0.000000E+00,  0.000000E+00
  4.703836E+04,  2.172083E-12,  1.954875E-16,  0.000000E+00,  0.000000E+00
  4.708551E+04,  2.165734E-12,  1.949161E-16,  0.000000E+00,  0.000000E+00
  4.713272E+04,  2.158592E-12,  1.942733E-16,  0.000000E+00,  0.000000E+00
  4.717997E+04,  2.150656E-12,  1.935590E-16,  0.000000E+00,  0.000000E+00
  4.722727E+04,  2.143514E-12,  1.929162E-16,  0.000000E+00,  0.000000E+00
  4.727461E+04,  2.135577E-12,  1.922020E-16,  0.000000E+00,  0.000000E+00
  4.732200E+04,  2.127642E-12,  1.914877E-16,  0.000000E+00,  0.000000E+00
  4.736944E+04,  2.119706E-12,  1.907735E-16,  0.000000E+00,  0.000000E+00
  4.741693E+04,  2.110976E-12,  1.899878E-16,  0.000000E+00,  0.000000E+00
  4.746447E+04,  2.103040E-12,  1.892736E-16,  0.000000E+00,  0.000000E+00
  4.751205E+04,  2.095104E-12,  1.885594E-16,  0.000000E+00,  0.000000E+00
  4.755968E+04,  2.087168E-12,  1.878451E-16,  0.000000E+00,  0.000000E+00
  4.760736E+04,  2.079232E-12,  1.871309E-16,  0.000000E+00,  0.000000E+00
  4.765509E+04,  2.071296E-12,  1.864166E-16,  0.000000E+00,  0.000000E+00
  4.770286E+04,  2.063360E-12,  1.857024E-16,  0.000000E+00,  0.000000E+00
  4.775068E+04,  2.055424E-12,  1.849882E-16,  0.000000E+00,  0.000000E+00
  4.779855E+04,  2.047488E-12,  1.842739E-16,  0.000000E+00,  0.000000E+00
  4.784647E+04,  2.039552E-12,  1.835597E-16,  0.000000E+00,  0.000000E+00
  4.789444E+04,  2.031616E-12,  1.828454E-16,  0.000000E+00,  0.000000E+00
  4.794245E+04,  2.023680E-12,  1.821312E-16,  0.000000E+00,  0.000000E+00
  4.799051E+04,  2.015744E-12,  1.814170E-16,  0.000000E+00,  0.000000E+00
  4.803862E+04,  2.007808E-12,  1.807027E-16,  0.000000E+00,  0.000000E+00
  4.808678E+04,  1.999872E-12,  1.799885E-16,  0.000000E+00,  0.000000E+00
  4.813499E+04,  1.992729E-12,  1.793457E-16,  0.000000E+00,  0.000000E+00
  4.818325E+04,  1.984794E-12,  1.786314E-16,  0.000000E+00,  0.000000E+00
  4.823155E+04,  1.976857E-12,  1.779172E-16,  0.000000E+00,  0.000000E+00
  4.827990E+04,  1.969715E-12,  1.772744E-16,  0.000000E+00,  0.000000E+00
  4.832830E+04,  1.961779E-12,  1.765601E-16,  0.000000E+00,  0.000000E+00
  4.837675E+04,  1.953843E-12,  1.758459E-16,  0.000000E+00,  0.000000E+00
  4.842525E+04,  1.946701E-12,  1.752031E-16,  0.000000E+00,  0.000000E+00
  4.847380E+04,  1.938765E-12,  1.744888E-16,  0.000000E+00,  0.000000E+00
  4.852239E+04,  1.931622E-12,  1.738460E-16,  0.000000E+00,  0.000000E+00
  4.857103E+04,  1.923686E-12,  1.731318E-16,  0.000000E+00,  0.000000E+00
  4.861973E+04,  1.916544E-12,  1.724890E-16,  0.000000E+00,  0.000000E+00
  4.866847E+04,  1.909402E-12,  1.718462E-16,  0.000000E+00,  0.000000E+00
  4.871726E+04,  1.901465E-12,  1.711319E-16,  0.000000E+00,  0.000000E+00
  4.876610E+04,  1.894323E-12,  1.704891E-16,  0.000000E+00,  0.000000E+00
  4.881499E+04,  1.886387E-12,  1.697748E-16,  0.000000E+00,  0.000000E+00
  4.886392E+04,  1.879245E-12,  1.691320E-16,  0.000000E+00,  0.000000E+00
  4.891291E+04,  1.872102E-12,  1.684892E-16,  0.000000E+00,  0.000000E+00
  4.896194E+04,  1.864960E-12,  1.678464E-16,  0.000000E+00,  0.000000E+00
  4.901103E+04,  1.857818E-12,  1.672036E-16,  0.000000E+00,  0.000000E+00
  4.906016E+04,  1.850675E-12,  1.665608E-16,  0.000000E+00,  0.000000E+00
  4.910934E+04,  1.843533E-12,  1.659179E-16,  0.000000E+00,  0.000000E+00
  4.915858E+04,  1.835597E-12,  1.652037E-16,  0.000000E+00,  0.000000E+00
  4.920786E+04,  1.828454E-12,  1.645609E-16,  0.000000E+00,  0.000000E+00
  4.925719E+04,  1.821312E-12,  1.639181E-16,  0.000000E+00,  0.000000E+00
  4.930657E+04,  1.814963E-12,  1.633467E-16,  0.000000E+00,  0.000000E+00
  4.935600E+04,  1.807821E-12,  1.627039E-16,  0.000000E+00,  0.000000E+00
  4.940548E+04,  1.800678E-12,  1.620611E-16,  0.000000E+00,  0.000000E+00
  4.945501E+04,  1.793536E-12,  1.614182E-16,  0.000000E+00,  0.000000E+00
  4.950459E+04,  1.786394E-12,  1.607754E-16,  0.000000E+00,  0.000000E+00
  4.955422E+04,  1.779251E-12,  1.601326E-16,  0.000000E+00,  0.000000E+00
  4.960389E+04,  1.772902E-12,  1.595612E-16,  0.000000E+00,  0.000000E+00
  4.965362E+04,  1.765760E-12,  1.589184E-16,  0.000000E+00,  0.000000E+00
  4.970340E+04,  1.758618E-12,  1.582756E-16,  0.000000E+00,  0.000000E+00
  4.975323E+04,  1.751475E-12,  1.576328E-16,  0.000000E+00,  0.000000E+00
  4.980310E+04,  1.745126E-12,  1.570614E-16,  0.000000E+00,  0.000000E+00
  4.985303E+04,  1.738778E-12,  1.564900E-16,  0.000000E+00,  0.000000E+00
  4.990301E+04,  1.731635E-12,  1.558472E-16,  0.000000E+00,  0.000000E+00
  4.995304E+04,  1.725286E-12,  1.552758E-16,  0.000000E+00,  0.000000E+00
  5.000312E+04,  1.718144E-12,  1.546330E-16,  0.000000E+00,  0.000000E+00
  5.005324E+04,  1.711795E-12,  1.540616E-16,  0.000000E+00,  0.000000E+00
  5.010342E+04,  1.704653E-12,  1.534188E-16,  0.000000E+00,  0.000000E+00
  5.015365E+04,  1.697510E-12,  1.527759E-16,  0.000000E+00,  0.000000E+00
  5.020393E+04,  1.690368E-12,  1.521331E-16,  0.000000E+00,  0.000000E+00
  5.025426E+04,  1.684019E-12,  1.515617E-16,  0.000000E+00,  0.000000E+00
  5.030464E+04,  1.677670E-12,  1.509903E-16,  0.000000E+00,  0.000000E+00
  5.035507E+04,  1.671322E-12,  1.504189E-16,  0.000000E+00,  0.000000E+00
  5.040555E+04,  1.664973E-12,  1.498475E-16,  0.000000E+00,  0.000000E+00
  5.045608E+04,  1.658624E-12,  1.492762E-16,  0.000000E+00,  0.000000E+00
  5.050667E+04,  1.652275E-12,  1.487048E-16,  0.000000E+00,  0.000000E+00
  5.055730E+04,  1.645133E-12,  1.480620E-16,  0.000000E+00,  0.000000E+00
  5.060798E+04,  1.638784E-12,  1.474906E-16,  0.000000E+00,  0.000000E+00
  5.065872E+04,  1.632435E-12,  1.469192E-16,  0.000000E+00,  0.000000E+00
  5.070950E+04,  1.625293E-12,  1.462764E-16,  0.000000E+00,  0.000000E+00
  5.076034E+04,  1.618944E-12,  1.457050E-16,  0.000000E+00,  0.000000E+00
  5.081123E+04,  1.611802E-12,  1.450621E-16,  0.000000E+00,  0.000000E+00
  5.086216E+04,  1.604659E-12,  1.444193E-16,  0.000000E+00,  0.000000E+00
  5.091315E+04,  1.596723E-12,  1.437051E-16,  0.000000E+00,  0.000000E+00
  5.096419E+04,  1.589581E-12,  1.430623E-16,  0.000000E+00,  0.000000E+00
  5.101529E+04,  1.581645E-12,  1.423480E-16,  0.000000E+00,  0.000000E+00
  5.106643E+04,  1.571328E-12,  1.414195E-16,  0.000000E+00,  0.000000E+00
  5.111762E+04,  1.557837E-12,  1.402053E-16,  0.000000E+00,  0.000000E+00
  5.116887E+04,  1.535616E-12,  1.382054E-16,  0.000000E+00,  0.000000E+00
  5.122016E+04,  1.498317E-12,  1.348485E-16,  0.000000E+00,  0.000000E+00
  5.127151E+04,  1.463398E-12,  1.317059E-16,  0.000000E+00,  0.000000E+00
  5.132291E+04,  1.471334E-12,  1.324201E-16,  0.000000E+00,  0.000000E+00
  5.137436E+04,  1.499904E-12,  1.349914E-16,  0.000000E+00,  0.000000E+00
  5.142587E+04,  1.516569E-12,  1.364913E-16,  0.000000E+00,  0.000000E+00
  5.147742E+04,  1.520538E-12,  1.368484E-16,  0.000000E+00,  0.000000E+00
  5.152903E+04,  1.519744E-12,  1.367770E-16,  0.000000E+00,  0.000000E+00
  5.158069E+04,  1.515776E-12,  1.364198E-16,  0.000000E+00,  0.000000E+00
  5.163240E+04,  1.511014E-12,  1.359913E-16,  0.000000E+00,  0.000000E+00
  5.168416E+04,  1.505459E-12,  1.354913E-16,  0.000000E+00,  0.000000E+00
  5.173597E+04,  1.500698E-12,  1.350628E-16,  0.000000E+00,  0.000000E+00
  5.178784E+04,  1.495936E-12,  1.346342E-16,  0.000000E+00,  0.000000E+00
  5.183975E+04,  1.491174E-12,  1.342057E-16,  0.000000E+00,  0.000000E+00
  5.189172E+04,  1.486413E-12,  1.337772E-16,  0.000000E+00,  0.000000E+00
  5.194374E+04,  1.480857E-12,  1.332772E-16,  0.000000E+00,  0.000000E+00
  5.199582E+04,  1.475302E-12,  1.327772E-16,  0.000000E+00,  0.000000E+00
  5.204794E+04,  1.469747E-12,  1.322773E-16,  0.000000E+00,  0.000000E+00
  5.210012E+04,  1.464192E-12,  1.317773E-16,  0.000000E+00,  0.000000E+00
  5.215235E+04,  1.458637E-12,  1.312773E-16,  0.000000E+00,  0.000000E+00
  5.220463E+04,  1.453082E-12,  1.307773E-16,  0.000000E+00,  0.000000E+00
  5.225697E+04,  1.447526E-12,  1.302774E-16,  0.000000E+00,  0.000000E+00
  5.230936E+04,  1.441178E-12,  1.297060E-16,  0.000000E+00,  0.000000E+00
  5.236180E+04,  1.435622E-12,  1.292060E-16,  0.000000E+00,  0.000000E+00
  5.241429E+04,  1.429274E-12,  1.286346E-16,  0.000000E+00,  0.000000E+00
  5.246684E+04,  1.422925E-12,  1.280632E-16,  0.000000E+00,  0.000000E+00
  5.251943E+04,  1.416576E-12,  1.274918E-16,  0.000000E+00,  0.000000E+00
  5.257208E+04,  1.410227E-12,  1.269204E-16,  0.000000E+00,  0.000000E+00
  5.262479E+04,  1.403878E-12,  1.263491E-16,  0.000000E+00,  0.000000E+00
  5.267754E+04,  1.398323E-12,  1.258491E-16,  0.000000E+00,  0.000000E+00
  5.273035E+04,  1.394355E-12,  1.254920E-16,  0.000000E+00,  0.000000E+00
  5.278322E+04,  1.390387E-12,  1.251348E-16,  0.000000E+00,  0.000000E+00
  5.283613E+04,  1.385626E-12,  1.247063E-16,  0.000000E+00,  0.000000E+00
  5.288910E+04,  1.380864E-12,  1.242778E-16,  0.000000E+00,  0.000000E+00
  5.294212E+04,  1.375309E-12,  1.237778E-16,  0.000000E+00,  0.000000E+00
  5.299520E+04,  1.370547E-12,  1.233492E-16,  0.000000E+00,  0.000000E+00
  5.304832E+04,  1.364992E-12,  1.228493E-16,  0.000000E+00,  0.000000E+00
  5.310150E+04,  1.360230E-12,  1.224207E-16,  0.000000E+00,  0.000000E+00
  5.315474E+04,  1.354675E-12,  1.219208E-16,  0.000000E+00,  0.000000E+00
  5.320803E+04,  1.349120E-12,  1.214208E-16,  0.000000E+00,  0.000000E+00
  5.326137E+04,  1.344358E-12,  1.209923E-16,  0.000000E+00,  0.000000E+00
  5.331476E+04,  1.338803E-12,  1.204923E-16,  0.000000E+00,  0.000000E+00
  5.336821E+04,  1.333248E-12,  1.199923E-16,  0.000000E+00,  0.000000E+00
  5.342171E+04,  1.328486E-12,  1.195638E-16,  0.000000E+00,  0.000000E+00
  5.347527E+04,  1.322931E-12,  1.190638E-16,  0.000000E+00,  0.000000E+00
  5.352888E+04,  1.317376E-12,  1.185638E-16,  0.000000E+00,  0.000000E+00
  5.358254E+04,  1.311027E-12,  1.179924E-16,  0.000000E+00,  0.000000E+00
  5.363626E+04,  1.304678E-12,  1.174211E-16,  0.000000E+00,  0.000000E+00
  5.369003E+04,  1.298330E-12,  1.168497E-16,  0.000000E+00,  0.000000E+00
  5.374385E+04,  1.291187E-12,  1.162068E-16,  0.000000E+00,  0.000000E+00
  5.379773E+04,  1.284838E-12,  1.156354E-16,  0.000000E+00,  0.000000E+00
  5.385166E+04,  1.281664E-12,  1.153498E-16,  0.000000E+00,  0.000000E+00
  5.390565E+04,  1.278490E-12,  1.150641E-16,  0.000000E+00,  0.000000E+00
  5.395969E+04,  1.274522E-12,  1.147069E-16,  0.000000E+00,  0.000000E+00
  5.401378E+04,  1.270554E-12,  1.143498E-16,  0.000000E+00,  0.000000E+00
  5.406793E+04,  1.266586E-12,  1.139927E-16,  0.000000E+00,  0.000000E+00
  5.412213E+04,  1.261824E-12,  1.135642E-16,  0.000000E+00,  0.000000E+00
  5.417639E+04,  1.257856E-12,  1.132070E-16,  0.000000E+00,  0.000000E+00
  5.423070E+04,  1.253094E-12,  1.127785E-16,  0.000000E+00,  0.000000E+00
  5.428507E+04,  1.248333E-12,  1.123500E-16,  0.000000E+00,  0.000000E+00
  5.433949E+04,  1.243571E-12,  1.119214E-16,  0.000000E+00,  0.000000E+00
  5.439397E+04,  1.238810E-12,  1.114929E-16,  0.000000E+00,  0.000000E+00
  5.444850E+04,  1.234048E-12,  1.110643E-16,  0.000000E+00,  0.000000E+00
  5.450308E+04,  1.228493E-12,  1.105644E-16,  0.000000E+00,  0.000000E+00
  5.455772E+04,  1.223731E-12,  1.101358E-16,  0.000000E+00,  0.000000E+00
  5.461241E+04,  1.218970E-12,  1.097073E-16,  0.000000E+00,  0.000000E+00
  5.466716E+04,  1.214208E-12,  1.092787E-16,  0.000000E+00,  0.000000E+00
  5.472197E+04,  1.209446E-12,  1.088502E-16,  0.000000E+00,  0.000000E+00
  5.477683E+04,  1.204685E-12,  1.084216E-16,  0.000000E+00,  0.000000E+00
  5.483174E+04,  1.199923E-12,  1.079931E-16,  0.000000E+00,  0.000000E+00
  5.488671E+04,  1.195162E-12,  1.075645E-16,  0.000000E+00,  0.000000E+00
  5.494173E+04,  1.189606E-12,  1.070646E-16,  0.000000E+00,  0.000000E+00
  5.499681E+04,  1.184051E-12,  1.065646E-16,  0.000000E+00,  0.000000E+00
  5.505195E+04,  1.178496E-12,  1.060646E-16,  0.000000E+00,  0.000000E+00
  5.510714E+04,  1.172147E-12,  1.054932E-16,  0.000000E+00,  0.000000E+00
  5.516238E+04,  1.164211E-12,  1.047790E-16,  0.000000E+00,  0.000000E+00
  5.521768E+04,  1.157069E-12,  1.041362E-16,  0.000000E+00,  0.000000E+00
  5.527304E+04,  1.152307E-12,  1.037076E-16,  0.000000E+00,  0.000000E+00
  5.532845E+04,  1.150720E-12,  1.035648E-16,  0.000000E+00,  0.000000E+00
  5.538392E+04,  1.149133E-12,  1.034220E-16,  0.000000E+00,  0.000000E+00
  5.543944E+04,  1.146752E-12,  1.032077E-16,  0.000000E+00,  0.000000E+00
  5.549502E+04,  1.143578E-12,  1.029220E-16,  0.000000E+00,  0.000000E+00
  5.555065E+04,  1.139610E-12,  1.025649E-16,  0.000000E+00,  0.000000E+00
  5.560634E+04,  1.135642E-12,  1.022077E-16,  0.000000E+00,  0.000000E+00
  5.566208E+04,  1.131674E-12,  1.018506E-16,  0.000000E+00,  0.000000E+00
  5.571789E+04,  1.126912E-12,  1.014221E-16,  0.000000E+00,  0.000000E+00
  5.577374E+04,  1.122944E-12,  1.010650E-16,  0.000000E+00,  0.000000E+00
  5.582966E+04,  1.118976E-12,  1.007078E-16,  0.000000E+00,  0.000000E+00
  5.588563E+04,  1.114214E-12,  1.002793E-16,  0.000000E+00,  0.000000E+00
  5.594165E+04,  1.110246E-12,  9.992217E-17,  0.000000E+00,  0.000000E+00
  5.599773E+04,  1.105485E-12,  9.949362E-17,  0.000000E+00,  0.000000E+00
  5.605387E+04,  1.101517E-12,  9.913651E-17,  0.000000E+00,  0.000000E+00
  5.611006E+04,  1.097549E-12,  9.877939E-17,  0.000000E+00,  0.000000E+00
  5.616632E+04,  1.092787E-12,  9.835085E-17,  0.000000E+00,  0.000000E+00
  5.622262E+04,  1.088819E-12,  9.799372E-17,  0.000000E+00,  0.000000E+00
  5.627899E+04,  1.084058E-12,  9.756518E-17,  0.000000E+00,  0.000000E+00
  5.633540E+04,  1.080090E-12,  9.720807E-17,  0.000000E+00,  0.000000E+00
  5.639188E+04,  1.076122E-12,  9.685095E-17,  0.000000E+00,  0.000000E+00
  5.644841E+04,  1.071360E-12,  9.642240E-17,  0.000000E+00,  0.000000E+00
  5.650500E+04,  1.067392E-12,  9.606527E-17,  0.000000E+00,  0.000000E+00
  5.656165E+04,  1.063424E-12,  9.570816E-17,  0.000000E+00,  0.000000E+00
  5.661835E+04,  1.058662E-12,  9.527962E-17,  0.000000E+00,  0.000000E+00
  5.667511E+04,  1.054694E-12,  9.492250E-17,  0.000000E+00,  0.000000E+00
  5.673193E+04,  1.049933E-12,  9.449395E-17,  0.000000E+00,  0.000000E+00
  5.678880E+04,  1.045171E-12,  9.406541E-17,  0.000000E+00,  0.000000E+00
  5.684573E+04,  1.040410E-12,  9.363687E-17,  0.000000E+00,  0.000000E+00
  5.690272E+04,  1.034854E-12,  9.313690E-17,  0.000000E+00,  0.000000E+00
  5.695977E+04,  1.028506E-12,  9.256551E-17,  0.000000E+00,  0.000000E+00
  5.701687E+04,  1.019776E-12,  9.177984E-17,  0.000000E+00,  0.000000E+00
  5.707403E+04,  1.010253E-12,  9.092275E-17,  0.000000E+00,  0.000000E+00
  5.713125E+04,  1.005491E-12,  9.049421E-17,  0.000000E+00,  0.000000E+00
  5.718852E+04,  1.006285E-12,  9.056563E-17,  0.000000E+00,  0.000000E+00
  5.724585E+04,  1.007078E-12,  9.063706E-17,  0.000000E+00,  0.000000E+00
  5.730324E+04,  1.006285E-12,  9.056563E-17,  0.000000E+00,  0.000000E+00
  5.736069E+04,  1.003904E-12,  9.035136E-17,  0.000000E+00,  0.000000E+00
  5.741819E+04,  1.000730E-12,  9.006567E-17,  0.000000E+00,  0.000000E+00
  5.747575E+04,  9.975552E-13,  8.977997E-17,  0.000000E+00,  0.000000E+00
  5.753337E+04,  9.943808E-13,  8.949427E-17,  0.000000E+00,  0.000000E+00
  5.759105E+04,  9.904128E-13,  8.913715E-17,  0.000000E+00,  0.000000E+00
  5.764879E+04,  9.872384E-13,  8.885146E-17,  0.000000E+00,  0.000000E+00
  5.770658E+04,  9.832704E-13,  8.849434E-17,  0.000000E+00,  0.000000E+00
  5.776443E+04,  9.793024E-13,  8.813722E-17,  0.000000E+00,  0.000000E+00
  5.782234E+04,  9.753344E-13,  8.778010E-17,  0.000000E+00,  0.000000E+00
  5.788031E+04,  9.713664E-13,  8.742298E-17,  0.000000E+00,  0.000000E+00
  5.793833E+04,  9.681920E-13,  8.713728E-17,  0.000000E+00,  0.000000E+00
  5.799641E+04,  9.642240E-13,  8.678016E-17,  0.000000E+00,  0.000000E+00
  5.805455E+04,  9.602560E-13,  8.642304E-17,  0.000000E+00,  0.000000E+00
  5.811275E+04,  9.562880E-13,  8.606592E-17,  0.000000E+00,  0.000000E+00
  5.817101E+04,  9.531136E-13,  8.578023E-17,  0.000000E+00,  0.000000E+00
  5.822933E+04,  9.491456E-13,  8.542311E-17,  0.000000E+00,  0.000000E+00
  5.828770E+04,  9.451776E-13,  8.506599E-17,  0.000000E+00,  0.000000E+00
  5.834614E+04,  9.412096E-13,  8.470887E-17,  0.000000E+00,  0.000000E+00
  5.840463E+04,  9.380352E-13,  8.442317E-17,  0.000000E+00,  0.000000E+00
  5.846318E+04,  9.340672E-13,  8.406605E-17,  0.000000E+00,  0.000000E+00
  5.852179E+04,  9.300992E-13,  8.370893E-17,  0.000000E+00,  0.000000E+00
  5.858046E+04,  9.261312E-13,  8.335181E-17,  0.000000E+00,  0.000000E+00
  5.863919E+04,  9.221632E-13,  8.299469E-17,  0.000000E+00,  0.000000E+00
  5.869797E+04,  9.181952E-13,  8.263757E-17,  0.000000E+00,  0.000000E+00
  5.875682E+04,  9.134336E-13,  8.220903E-17,  0.000000E+00,  0.000000E+00
  5.881572E+04,  9.078784E-13,  8.170906E-17,  0.000000E+00,  0.000000E+00
  5.887468E+04,  9.007360E-13,  8.106624E-17,  0.000000E+00,  0.000000E+00
  5.893370E+04,  8.904192E-13,  8.013773E-17,  0.000000E+00,  0.000000E+00
  5.899279E+04,  8.713728E-13,  7.842355E-17,  0.000000E+00,  0.000000E+00
  5.905193E+04,  8.491520E-13,  7.642368E-17,  0.000000E+00,  0.000000E+00
  5.911113E+04,  8.475648E-13,  7.628083E-17,  0.000000E+00,  0.000000E+00
  5.917038E+04,  8.634368E-13,  7.770931E-17,  0.000000E+00,  0.000000E+00
  5.922970E+04,  8.737536E-13,  7.863783E-17,  0.000000E+00,  0.000000E+00
  5.928908E+04,  8.753408E-13,  7.878067E-17,  0.000000E+00,  0.000000E+00
  5.934852E+04,  8.729600E-13,  7.856640E-17,  0.000000E+00,  0.000000E+00
  5.940801E+04,  8.681984E-13,  7.813786E-17,  0.000000E+00,  0.000000E+00
  5.946757E+04,  8.594688E-13,  7.735219E-17,  0.000000E+00,  0.000000E+00
  5.952719E+04,  8.491520E-13,  7.642368E-17,  0.000000E+00,  0.000000E+00
  5.958686E+04,  8.443904E-13,  7.599513E-17,  0.000000E+00,  0.000000E+00
  5.964660E+04,  8.483584E-13,  7.635226E-17,  0.000000E+00,  0.000000E+00
  5.970640E+04,  8.515328E-13,  7.663795E-17,  0.000000E+00,  0.000000E+00
  5.976625E+04,  8.523264E-13,  7.670938E-17,  0.000000E+00,  0.000000E+00
  5.982617E+04,  8.507392E-13,  7.656653E-17,  0.000000E+00,  0.000000E+00
  5.988614E+04,  8.483584E-13,  7.635226E-17,  0.000000E+00,  0.000000E+00
  5.994618E+04,  8.459776E-13,  7.613799E-17,  0.000000E+00,  0.000000E+00
  6.000627E+04,  8.435968E-13,  7.592371E-17,  0.000000E+00,  0.000000E+00
  6.006643E+04,  8.404224E-13,  7.563802E-17,  0.000000E+00,  0.000000E+00
  6.012665E+04,  8.372480E-13,  7.535232E-17,  0.000000E+00,  0.000000E+00
  6.018692E+04,  8.340736E-13,  7.506663E-17,  0.000000E+00,  0.000000E+00
  6.024726E+04,  8.308992E-13,  7.478093E-17,  0.000000E+00,  0.000000E+00
  6.030766E+04,  8.277248E-13,  7.449523E-17,  0.000000E+00,  0.000000E+00
  6.036812E+04,  8.245504E-13,  7.420954E-17,  0.000000E+00,  0.000000E+00
  6.042864E+04,  8.213760E-13,  7.392384E-17,  0.000000E+00,  0.000000E+00
  6.048922E+04,  8.182016E-13,  7.363814E-17,  0.000000E+00,  0.000000E+00
  6.054986E+04,  8.150272E-13,  7.335245E-17,  0.000000E+00,  0.000000E+00
  6.061056E+04,  8.118528E-13,  7.306675E-17,  0.000000E+00,  0.000000E+00
  6.067132E+04,  8.086784E-13,  7.278106E-17,  0.000000E+00,  0.000000E+00
  6.073214E+04,  8.055040E-13,  7.249536E-17,  0.000000E+00,  0.000000E+00
  6.079303E+04,  8.023296E-13,  7.220967E-17,  0.000000E+00,  0.000000E+00
  6.085397E+04,  7.991552E-13,  7.192397E-17,  0.000000E+00,  0.000000E+00
  6.091498E+04,  7.959808E-13,  7.163827E-17,  0.000000E+00,  0.000000E+00
  6.097605E+04,  7.931238E-13,  7.138114E-17,  0.000000E+00,  0.000000E+00
  6.103718E+04,  7.900288E-13,  7.110259E-17,  0.000000E+00,  0.000000E+00
  6.109837E+04,  7.869338E-13,  7.082404E-17,  0.000000E+00,  0.000000E+00
  6.115962E+04,  7.839181E-13,  7.055263E-17,  0.000000E+00,  0.000000E+00
  6.122093E+04,  7.808231E-13,  7.027408E-17,  0.000000E+00,  0.000000E+00
  6.128230E+04,  7.778073E-13,  7.000266E-17,  0.000000E+00,  0.000000E+00
  6.134374E+04,  7.747123E-13,  6.972411E-17,  0.000000E+00,  0.000000E+00
  6.140524E+04,  7.716966E-13,  6.945270E-17,  0.000000E+00,  0.000000E+00
  6.146680E+04,  7.686810E-13,  6.918129E-17,  0.000000E+00,  0.000000E+00
  6.152842E+04,  7.656652E-13,  6.890987E-17,  0.000000E+00,  0.000000E+00
  6.159010E+04,  7.626496E-13,  6.863847E-17,  0.000000E+00,  0.000000E+00
  6.165184E+04,  7.596339E-13,  6.836705E-17,  0.000000E+00,  0.000000E+00
  6.171365E+04,  7.566976E-13,  6.810279E-17,  0.000000E+00,  0.000000E+00
  6.177552E+04,  7.536819E-13,  6.783137E-17,  0.000000E+00,  0.000000E+00
  6.183745E+04,  7.507456E-13,  6.756711E-17,  0.000000E+00,  0.000000E+00
  6.189944E+04,  7.478093E-13,  6.730283E-17,  0.000000E+00,  0.000000E+00
  6.196149E+04,  7.447936E-13,  6.703143E-17,  0.000000E+00,  0.000000E+00
  6.202361E+04,  7.418573E-13,  6.676715E-17,  0.000000E+00,  0.000000E+00
  6.208579E+04,  7.389210E-13,  6.650289E-17,  0.000000E+00,  0.000000E+00
  6.214803E+04,  7.359846E-13,  6.623862E-17,  0.000000E+00,  0.000000E+00
  6.221033E+04,  7.329690E-13,  6.596721E-17,  0.000000E+00,  0.000000E+00
  6.227270E+04,  7.300326E-13,  6.570293E-17,  0.000000E+00,  0.000000E+00
  6.233513E+04,  7.270170E-13,  6.543153E-17,  0.000000E+00,  0.000000E+00
  6.239762E+04,  7.240013E-13,  6.516011E-17,  0.000000E+00,  0.000000E+00
  6.246017E+04,  7.208269E-13,  6.487442E-17,  0.000000E+00,  0.000000E+00
  6.252279E+04,  7.175731E-13,  6.458158E-17,  0.000000E+00,  0.000000E+00
  6.258547E+04,  7.139226E-13,  6.425303E-17,  0.000000E+00,  0.000000E+00
  6.264821E+04,  7.097958E-13,  6.388163E-17,  0.000000E+00,  0.000000E+00
  6.271101E+04,  7.044787E-13,  6.340309E-17,  0.000000E+00,  0.000000E+00
  6.277388E+04,  6.969395E-13,  6.272456E-17,  0.000000E+00,  0.000000E+00
  6.283681E+04,  6.860672E-13,  6.174605E-17,  0.000000E+00,  0.000000E+00
  6.289981E+04,  6.761472E-13,  6.085325E-17,  0.000000E+00,  0.000000E+00
  6.296286E+04,  6.765440E-13,  6.088896E-17,  0.000000E+00,  0.000000E+00
  6.302598E+04,  6.827341E-13,  6.144607E-17,  0.000000E+00,  0.000000E+00
  6.308917E+04,  6.863053E-13,  6.176748E-17,  0.000000E+00,  0.000000E+00
  6.315241E+04,  6.869401E-13,  6.182461E-17,  0.000000E+00,  0.000000E+00
  6.321573E+04,  6.860672E-13,  6.174605E-17,  0.000000E+00,  0.000000E+00
  6.327910E+04,  6.842419E-13,  6.158177E-17,  0.000000E+00,  0.000000E+00
  6.334254E+04,  6.820992E-13,  6.138893E-17,  0.000000E+00,  0.000000E+00
  6.340604E+04,  6.797977E-13,  6.118180E-17,  0.000000E+00,  0.000000E+00
  6.346960E+04,  6.773376E-13,  6.096038E-17,  0.000000E+00,  0.000000E+00
  6.353323E+04,  6.748774E-13,  6.073897E-17,  0.000000E+00,  0.000000E+00
  6.359692E+04,  6.723379E-13,  6.051041E-17,  0.000000E+00,  0.000000E+00
  6.366068E+04,  6.697984E-13,  6.028186E-17,  0.000000E+00,  0.000000E+00
  6.372450E+04,  6.671795E-13,  6.004616E-17,  0.000000E+00,  0.000000E+00
  6.378838E+04,  6.646400E-13,  5.981760E-17,  0.000000E+00,  0.000000E+00
  6.385233E+04,  6.620211E-13,  5.958190E-17,  0.000000E+00,  0.000000E+00
  6.391634E+04,  6.594816E-13,  5.935334E-17,  0.000000E+00,  0.000000E+00
  6.398042E+04,  6.569421E-13,  5.912479E-17,  0.000000E+00,  0.000000E+00
  6.404456E+04,  6.543232E-13,  5.888909E-17,  0.000000E+00,  0.000000E+00
  6.410876E+04,  6.517837E-13,  5.866053E-17,  0.000000E+00,  0.000000E+00
  6.417303E+04,  6.492442E-13,  5.843198E-17,  0.000000E+00,  0.000000E+00
  6.423737E+04,  6.467046E-13,  5.820342E-17,  0.000000E+00,  0.000000E+00
  6.430176E+04,  6.441651E-13,  5.797486E-17,  0.000000E+00,  0.000000E+00
  6.436623E+04,  6.417050E-13,  5.775345E-17,  0.000000E+00,  0.000000E+00
  6.443075E+04,  6.391654E-13,  5.752489E-17,  0.000000E+00,  0.000000E+00
  6.449535E+04,  6.366259E-13,  5.729633E-17,  0.000000E+00,  0.000000E+00
  6.456000E+04,  6.341657E-13,  5.707492E-17,  0.000000E+00,  0.000000E+00
  6.462472E+04,  6.317056E-13,  5.685350E-17,  0.000000E+00,  0.000000E+00
  6.468951E+04,  6.291661E-13,  5.662495E-17,  0.000000E+00,  0.000000E+00
  6.475436E+04,  6.267059E-13,  5.640354E-17,  0.000000E+00,  0.000000E+00
  6.481928E+04,  6.242458E-13,  5.618212E-17,  0.000000E+00,  0.000000E+00
  6.488426E+04,  6.217856E-13,  5.596070E-17,  0.000000E+00,  0.000000E+00
  6.494931E+04,  6.194048E-13,  5.574643E-17,  0.000000E+00,  0.000000E+00
  6.501442E+04,  6.169446E-13,  5.552502E-17,  0.000000E+00,  0.000000E+00
  6.507959E+04,  6.145638E-13,  5.531075E-17,  0.000000E+00,  0.000000E+00
  6.514484E+04,  6.121037E-13,  5.508933E-17,  0.000000E+00,  0.000000E+00
  6.521014E+04,  6.097229E-13,  5.487506E-17,  0.000000E+00,  0.000000E+00
  6.527552E+04,  6.073421E-13,  5.466079E-17,  0.000000E+00,  0.000000E+00
  6.534096E+04,  6.049613E-13,  5.444652E-17,  0.000000E+00,  0.000000E+00
  6.540646E+04,  6.025805E-13,  5.423225E-17,  0.000000E+00,  0.000000E+00
  6.547203E+04,  6.001997E-13,  5.401797E-17,  0.000000E+00,  0.000000E+00
  6.553767E+04,  5.978189E-13,  5.380370E-17,  0.000000E+00,  0.000000E+00
  6.560337E+04,  5.955175E-13,  5.359657E-17,  0.000000E+00,  0.000000E+00
  6.566914E+04,  5.931367E-13,  5.338230E-17,  0.000000E+00,  0.000000E+00
  6.573497E+04,  5.908352E-13,  5.317517E-17,  0.000000E+00,  0.000000E+00
  6.580087E+04,  5.885338E-13,  5.296804E-17,  0.000000E+00,  0.000000E+00
  6.586683E+04,  5.862323E-13,  5.276091E-17,  0.000000E+00,  0.000000E+00
  6.593287E+04,  5.839309E-13,  5.255378E-17,  0.000000E+00,  0.000000E+00
  6.599896E+04,  5.816294E-13,  5.234665E-17,  0.000000E+00,  0.000000E+00
  6.606513E+04,  5.793280E-13,  5.213952E-17,  0.000000E+00,  0.000000E+00
  6.613136E+04,  5.770266E-13,  5.193239E-17,  0.000000E+00,  0.000000E+00
  6.619765E+04,  5.747251E-13,  5.172526E-17,  0.000000E+00,  0.000000E+00
  6.626402E+04,  5.724237E-13,  5.151813E-17,  0.000000E+00,  0.000000E+00
  6.633045E+04,  5.702016E-13,  5.131814E-17,  0.000000E+00,  0.000000E+00
  6.639694E+04,  5.679795E-13,  5.111816E-17,  0.000000E+00,  0.000000E+00
  6.646351E+04,  5.657575E-13,  5.091817E-17,  0.000000E+00,  0.000000E+00
  6.653014E+04,  5.635353E-13,  5.071818E-17,  0.000000E+00,  0.000000E+00
  6.659683E+04,  5.613133E-13,  5.051819E-17,  0.000000E+00,  0.000000E+00
  6.666360E+04,  5.590912E-13,  5.031821E-17,  0.000000E+00,  0.000000E+00
  6.673043E+04,  5.568691E-13,  5.011822E-17,  0.000000E+00,  0.000000E+00
  6.679732E+04,  5.547264E-13,  4.992538E-17,  0.000000E+00,  0.000000E+00
  6.686429E+04,  5.525043E-13,  4.972539E-17,  0.000000E+00,  0.000000E+00
  6.693132E+04,  5.502029E-13,  4.951826E-17,  0.000000E+00,  0.000000E+00
  6.699842E+04,  5.479808E-13,  4.931827E-17,  0.000000E+00,  0.000000E+00
  6.706559E+04,  5.457587E-13,  4.911828E-17,  0.000000E+00,  0.000000E+00
  6.713282E+04,  5.433779E-13,  4.890401E-17,  0.000000E+00,  0.000000E+00
  6.720012E+04,  5.410765E-13,  4.869688E-17,  0.000000E+00,  0.000000E+00
  6.726749E+04,  5.386163E-13,  4.847547E-17,  0.000000E+00,  0.000000E+00
  6.733492E+04,  5.359974E-13,  4.823977E-17,  0.000000E+00,  0.000000E+00
  6.740243E+04,  5.330611E-13,  4.797550E-17,  0.000000E+00,  0.000000E+00
  6.747000E+04,  5.294105E-13,  4.764695E-17,  0.000000E+00,  0.000000E+00
  6.753764E+04,  5.244109E-13,  4.719698E-17,  0.000000E+00,  0.000000E+00
  6.760534E+04,  5.165542E-13,  4.648988E-17,  0.000000E+00,  0.000000E+00
  6.767312E+04,  5.066342E-13,  4.559708E-17,  0.000000E+00,  0.000000E+00
  6.774096E+04,  5.033805E-13,  4.530425E-17,  0.000000E+00,  0.000000E+00
  6.780887E+04,  5.086976E-13,  4.578278E-17,  0.000000E+00,  0.000000E+00
  6.787685E+04,  5.132211E-13,  4.618990E-17,  0.000000E+00,  0.000000E+00
  6.794490E+04,  5.146496E-13,  4.631846E-17,  0.000000E+00,  0.000000E+00
  6.801301E+04,  5.144115E-13,  4.629704E-17,  0.000000E+00,  0.000000E+00
  6.808119E+04,  5.132211E-13,  4.618990E-17,  0.000000E+00,  0.000000E+00
  6.814944E+04,  5.117133E-13,  4.605420E-17,  0.000000E+00,  0.000000E+00
  6.821776E+04,  5.099673E-13,  4.589706E-17,  0.000000E+00,  0.000000E+00
  6.828615E+04,  5.081421E-13,  4.573279E-17,  0.000000E+00,  0.000000E+00
  6.835461E+04,  5.063168E-13,  4.556851E-17,  0.000000E+00,  0.000000E+00
  6.842314E+04,  5.044915E-13,  4.540424E-17,  0.000000E+00,  0.000000E+00
  6.849173E+04,  5.025868E-13,  4.523282E-17,  0.000000E+00,  0.000000E+00
  6.856039E+04,  5.006822E-13,  4.506140E-17,  0.000000E+00,  0.000000E+00
  6.862912E+04,  4.987776E-13,  4.488998E-17,  0.000000E+00,  0.000000E+00
  6.869793E+04,  4.968729E-13,  4.471857E-17,  0.000000E+00,  0.000000E+00
  6.876680E+04,  4.949683E-13,  4.454715E-17,  0.000000E+00,  0.000000E+00
  6.883573E+04,  4.930637E-13,  4.437573E-17,  0.000000E+00,  0.000000E+00
  6.890474E+04,  4.910797E-13,  4.419717E-17,  0.000000E+00,  0.000000E+00
  6.897382E+04,  4.891751E-13,  4.402576E-17,  0.000000E+00,  0.000000E+00
  6.904297E+04,  4.872704E-13,  4.385434E-17,  0.000000E+00,  0.000000E+00
  6.911218E+04,  4.852864E-13,  4.367578E-17,  0.000000E+00,  0.000000E+00
  6.918147E+04,  4.833818E-13,  4.350436E-17,  0.000000E+00,  0.000000E+00
  6.925082E+04,  4.813977E-13,  4.332580E-17,  0.000000E+00,  0.000000E+00
  6.932024E+04,  4.794931E-13,  4.315438E-17,  0.000000E+00,  0.000000E+00
  6.938974E+04,  4.775091E-13,  4.297582E-17,  0.000000E+00,  0.000000E+00
  6.945930E+04,  4.755251E-13,  4.279726E-17,  0.000000E+00,  0.000000E+00
  6.952893E+04,  4.736999E-13,  4.263299E-17,  0.000000E+00,  0.000000E+00
  6.959864E+04,  4.719539E-13,  4.247585E-17,  0.000000E+00,  0.000000E+00
  6.966841E+04,  4.702080E-13,  4.231872E-17,  0.000000E+00,  0.000000E+00
  6.973825E+04,  4.683827E-13,  4.215444E-17,  0.000000E+00,  0.000000E+00
  6.980817E+04,  4.666368E-13,  4.199731E-17,  0.000000E+00,  0.000000E+00
  6.987815E+04,  4.648115E-13,  4.183304E-17,  0.000000E+00,  0.000000E+00
  6.994820E+04,  4.629863E-13,  4.166876E-17,  0.000000E+00,  0.000000E+00
  7.001832E+04,  4.612403E-13,  4.151163E-17,  0.000000E+00,  0.000000E+00
  7.008852E+04,  4.594151E-13,  4.134736E-17,  0.000000E+00,  0.000000E+00
  7.015878E+04,  4.575898E-13,  4.118308E-17,  0.000000E+00,  0.000000E+00
  7.022912E+04,  4.557645E-13,  4.101881E-17,  0.000000E+00,  0.000000E+00
  7.029952E+04,  4.540185E-13,  4.086167E-17,  0.000000E+00,  0.000000E+00
  7.037000E+04,  4.521933E-13,  4.069739E-17,  0.000000E+00,  0.000000E+00
  7.044054E+04,  4.504473E-13,  4.054026E-17,  0.000000E+00,  0.000000E+00
  7.051116E+04,  4.486221E-13,  4.037599E-17,  0.000000E+00,  0.000000E+00
  7.058185E+04,  4.467968E-13,  4.021171E-17,  0.000000E+00,  0.000000E+00
  7.065260E+04,  4.449715E-13,  4.004744E-17,  0.000000E+00,  0.000000E+00
  7.072343E+04,  4.430669E-13,  3.987602E-17,  0.000000E+00,  0.000000E+00
  7.079433E+04,  4.412416E-13,  3.971174E-17,  0.000000E+00,  0.000000E+00
  7.086531E+04,  4.393370E-13,  3.954033E-17,  0.000000E+00,  0.000000E+00
  7.093635E+04,  4.375910E-13,  3.938319E-17,  0.000000E+00,  0.000000E+00
  7.100746E+04,  4.360038E-13,  3.924035E-17,  0.000000E+00,  0.000000E+00
  7.107865E+04,  4.344166E-13,  3.909750E-17,  0.000000E+00,  0.000000E+00
  7.114990E+04,  4.328295E-13,  3.895465E-17,  0.000000E+00,  0.000000E+00
  7.122123E+04,  4.312422E-13,  3.881180E-17,  0.000000E+00,  0.000000E+00
  7.129263E+04,  4.295757E-13,  3.866181E-17,  0.000000E+00,  0.000000E+00
  7.136410E+04,  4.279091E-13,  3.851182E-17,  0.000000E+00,  0.000000E+00
  7.143564E+04,  4.262426E-13,  3.836183E-17,  0.000000E+00,  0.000000E+00
  7.150726E+04,  4.245760E-13,  3.821184E-17,  0.000000E+00,  0.000000E+00
  7.157894E+04,  4.229888E-13,  3.806899E-17,  0.000000E+00,  0.000000E+00
  7.165070E+04,  4.213222E-13,  3.791900E-17,  0.000000E+00,  0.000000E+00
  7.172253E+04,  4.196557E-13,  3.776901E-17,  0.000000E+00,  0.000000E+00
  7.179443E+04,  4.179891E-13,  3.761902E-17,  0.000000E+00,  0.000000E+00
  7.186641E+04,  4.163225E-13,  3.746903E-17,  0.000000E+00,  0.000000E+00
  7.193845E+04,  4.147354E-13,  3.732618E-17,  0.000000E+00,  0.000000E+00
  7.201057E+04,  4.130688E-13,  3.717619E-17,  0.000000E+00,  0.000000E+00
  7.208276E+04,  4.114022E-13,  3.702620E-17,  0.000000E+00,  0.000000E+00
  7.215503E+04,  4.097357E-13,  3.687621E-17,  0.000000E+00,  0.000000E+00
  7.222736E+04,  4.080691E-13,  3.672622E-17,  0.000000E+00,  0.000000E+00
  7.229977E+04,  4.064819E-13,  3.658337E-17,  0.000000E+00,  0.000000E+00
  7.237225E+04,  4.048154E-13,  3.643338E-17,  0.000000E+00,  0.000000E+00
  7.244480E+04,  4.030694E-13,  3.627625E-17,  0.000000E+00,  0.000000E+00
  7.251743E+04,  4.013235E-13,  3.611912E-17,  0.000000E+00,  0.000000E+00
  7.259013E+04,  3.994982E-13,  3.595484E-17,  0.000000E+00,  0.000000E+00
  7.266290E+04,  3.976729E-13,  3.579057E-17,  0.000000E+00,  0.000000E+00
  7.273575E+04,  3.960858E-13,  3.564772E-17,  0.000000E+00,  0.000000E+00
  7.280866E+04,  3.947366E-13,  3.552630E-17,  0.000000E+00,  0.000000E+00
  7.288165E+04,  3.933875E-13,  3.540488E-17,  0.000000E+00,  0.000000E+00
  7.295472E+04,  3.920384E-13,  3.528346E-17,  0.000000E+00,  0.000000E+00
  7.302785E+04,  3.906099E-13,  3.515489E-17,  0.000000E+00,  0.000000E+00
  7.310107E+04,  3.891814E-13,  3.502633E-17,  0.000000E+00,  0.000000E+00
  7.317435E+04,  3.876736E-13,  3.489062E-17,  0.000000E+00,  0.000000E+00
  7.324771E+04,  3.861658E-13,  3.475492E-17,  0.000000E+00,  0.000000E+00
  7.332114E+04,  3.846579E-13,  3.461921E-17,  0.000000E+00,  0.000000E+00
  7.339464E+04,  3.831501E-13,  3.448351E-17,  0.000000E+00,  0.000000E+00
  7.346822E+04,  3.816422E-13,  3.434780E-17,  0.000000E+00,  0.000000E+00
  7.354187E+04,  3.801344E-13,  3.421210E-17,  0.000000E+00,  0.000000E+00
  7.361560E+04,  3.786266E-13,  3.407639E-17,  0.000000E+00,  0.000000E+00
  7.368940E+04,  3.771187E-13,  3.394069E-17,  0.000000E+00,  0.000000E+00
  7.376327E+04,  3.756109E-13,  3.380498E-17,  0.000000E+00,  0.000000E+00
  7.383722E+04,  3.740237E-13,  3.366213E-17,  0.000000E+00,  0.000000E+00
  7.391124E+04,  3.725158E-13,  3.352643E-17,  0.000000E+00,  0.000000E+00
  7.398534E+04,  3.709286E-13,  3.338358E-17,  0.000000E+00,  0.000000E+00
  7.405951E+04,  3.693414E-13,  3.324073E-17,  0.000000E+00,  0.000000E+00
  7.413375E+04,  3.676749E-13,  3.309074E-17,  0.000000E+00,  0.000000E+00
  7.420807E+04,  3.658496E-13,  3.292646E-17,  0.000000E+00,  0.000000E+00
  7.428247E+04,  3.637862E-13,  3.274076E-17,  0.000000E+00,  0.000000E+00
  7.435693E+04,  3.612467E-13,  3.251220E-17,  0.000000E+00,  0.000000E+00
  7.443148E+04,  3.571200E-13,  3.214080E-17,  0.000000E+00,  0.000000E+00
  7.450609E+04,  3.491840E-13,  3.142656E-17,  0.000000E+00,  0.000000E+00
  7.458079E+04,  3.410099E-13,  3.069089E-17,  0.000000E+00,  0.000000E+00
  7.465555E+04,  3.432320E-13,  3.089088E-17,  0.000000E+00,  0.000000E+00
  7.473040E+04,  3.486285E-13,  3.137657E-17,  0.000000E+00,  0.000000E+00
  7.480531E+04,  3.489459E-13,  3.140513E-17,  0.000000E+00,  0.000000E+00
  7.488031E+04,  3.448986E-13,  3.104087E-17,  0.000000E+00,  0.000000E+00
  7.495537E+04,  3.364864E-13,  3.028378E-17,  0.000000E+00,  0.000000E+00
  7.503052E+04,  3.291853E-13,  2.962667E-17,  0.000000E+00,  0.000000E+00
  7.510573E+04,  3.315661E-13,  2.984095E-17,  0.000000E+00,  0.000000E+00
  7.518103E+04,  3.379942E-13,  3.041948E-17,  0.000000E+00,  0.000000E+00
  7.525640E+04,  3.414067E-13,  3.072661E-17,  0.000000E+00,  0.000000E+00
  7.533184E+04,  3.424384E-13,  3.081946E-17,  0.000000E+00,  0.000000E+00
  7.540736E+04,  3.423590E-13,  3.081231E-17,  0.000000E+00,  0.000000E+00
  7.548296E+04,  3.418035E-13,  3.076232E-17,  0.000000E+00,  0.000000E+00
  7.555863E+04,  3.409305E-13,  3.068375E-17,  0.000000E+00,  0.000000E+00
  7.563438E+04,  3.398195E-13,  3.058376E-17,  0.000000E+00,  0.000000E+00
  7.571020E+04,  3.387085E-13,  3.048376E-17,  0.000000E+00,  0.000000E+00
  7.578610E+04,  3.375181E-13,  3.037663E-17,  0.000000E+00,  0.000000E+00
  7.586208E+04,  3.362483E-13,  3.026235E-17,  0.000000E+00,  0.000000E+00
  7.593813E+04,  3.350579E-13,  3.015521E-17,  0.000000E+00,  0.000000E+00
  7.601426E+04,  3.337881E-13,  3.004093E-17,  0.000000E+00,  0.000000E+00
  7.609046E+04,  3.325184E-13,  2.992666E-17,  0.000000E+00,  0.000000E+00
  7.616674E+04,  3.312487E-13,  2.981238E-17,  0.000000E+00,  0.000000E+00
  7.624310E+04,  3.298995E-13,  2.969096E-17,  0.000000E+00,  0.000000E+00
  7.631953E+04,  3.286298E-13,  2.957668E-17,  0.000000E+00,  0.000000E+00
  7.639604E+04,  3.273600E-13,  2.946240E-17,  0.000000E+00,  0.000000E+00
  7.647263E+04,  3.260902E-13,  2.934812E-17,  0.000000E+00,  0.000000E+00
  7.654929E+04,  3.248205E-13,  2.923384E-17,  0.000000E+00,  0.000000E+00
  7.662603E+04,  3.235507E-13,  2.911957E-17,  0.000000E+00,  0.000000E+00
  7.670285E+04,  3.222810E-13,  2.900529E-17,  0.000000E+00,  0.000000E+00
  7.677975E+04,  3.210112E-13,  2.889101E-17,  0.000000E+00,  0.000000E+00
  7.685672E+04,  3.197414E-13,  2.877673E-17,  0.000000E+00,  0.000000E+00
  7.693377E+04,  3.184717E-13,  2.866245E-17,  0.000000E+00,  0.000000E+00
  7.701089E+04,  3.172019E-13,  2.854817E-17,  0.000000E+00,  0.000000E+00
  7.708810E+04,  3.160115E-13,  2.844104E-17,  0.000000E+00,  0.000000E+00
  7.716538E+04,  3.146624E-13,  2.831962E-17,  0.000000E+00,  0.000000E+00
  7.724274E+04,  3.133927E-13,  2.820534E-17,  0.000000E+00,  0.000000E+00
  7.732017E+04,  3.121229E-13,  2.809106E-17,  0.000000E+00,  0.000000E+00
  7.739769E+04,  3.107738E-13,  2.796964E-17,  0.000000E+00,  0.000000E+00
  7.747528E+04,  3.094246E-13,  2.784822E-17,  0.000000E+00,  0.000000E+00
  7.755295E+04,  3.079168E-13,  2.771251E-17,  0.000000E+00,  0.000000E+00
  7.763069E+04,  3.062502E-13,  2.756252E-17,  0.000000E+00,  0.000000E+00
  7.770852E+04,  3.043456E-13,  2.739110E-17,  0.000000E+00,  0.000000E+00
  7.778642E+04,  3.026790E-13,  2.724111E-17,  0.000000E+00,  0.000000E+00
  7.786440E+04,  3.018061E-13,  2.716255E-17,  0.000000E+00,  0.000000E+00
  7.794246E+04,  3.012506E-13,  2.711255E-17,  0.000000E+00,  0.000000E+00
  7.802060E+04,  3.006157E-13,  2.705541E-17,  0.000000E+00,  0.000000E+00
  7.809881E+04,  2.997427E-13,  2.697684E-17,  0.000000E+00,  0.000000E+00
  7.817711E+04,  2.987904E-13,  2.689114E-17,  0.000000E+00,  0.000000E+00
  7.825548E+04,  2.976794E-13,  2.679114E-17,  0.000000E+00,  0.000000E+00
  7.833393E+04,  2.965683E-13,  2.669115E-17,  0.000000E+00,  0.000000E+00
  7.841246E+04,  2.954573E-13,  2.659116E-17,  0.000000E+00,  0.000000E+00
  7.849107E+04,  2.943462E-13,  2.649116E-17,  0.000000E+00,  0.000000E+00
  7.856976E+04,  2.932352E-13,  2.639117E-17,  0.000000E+00,  0.000000E+00
  7.864852E+04,  2.920448E-13,  2.628403E-17,  0.000000E+00,  0.000000E+00
  7.872737E+04,  2.909337E-13,  2.618404E-17,  0.000000E+00,  0.000000E+00
  7.880629E+04,  2.898227E-13,  2.608405E-17,  0.000000E+00,  0.000000E+00
  7.888530E+04,  2.887117E-13,  2.598405E-17,  0.000000E+00,  0.000000E+00
  7.896438E+04,  2.875213E-13,  2.587692E-17,  0.000000E+00,  0.000000E+00
  7.904354E+04,  2.864102E-13,  2.577692E-17,  0.000000E+00,  0.000000E+00
  7.912278E+04,  2.852992E-13,  2.567693E-17,  0.000000E+00,  0.000000E+00
  7.920210E+04,  2.841882E-13,  2.557693E-17,  0.000000E+00,  0.000000E+00
  7.928150E+04,  2.830771E-13,  2.547694E-17,  0.000000E+00,  0.000000E+00
  7.936098E+04,  2.819661E-13,  2.537695E-17,  0.000000E+00,  0.000000E+00
  7.944054E+04,  2.808550E-13,  2.527695E-17,  0.000000E+00,  0.000000E+00
  7.952018E+04,  2.797440E-13,  2.517696E-17,  0.000000E+00,  0.000000E+00
  7.959990E+04,  2.786330E-13,  2.507697E-17,  0.000000E+00,  0.000000E+00
  7.967970E+04,  2.775219E-13,  2.497697E-17,  0.000000E+00,  0.000000E+00
  7.975958E+04,  2.764109E-13,  2.487698E-17,  0.000000E+00,  0.000000E+00
  7.983954E+04,  2.753792E-13,  2.478413E-17,  0.000000E+00,  0.000000E+00
  7.991958E+04,  2.742682E-13,  2.468413E-17,  0.000000E+00,  0.000000E+00
  7.999970E+04,  2.732365E-13,  2.459128E-17,  0.000000E+00,  0.000000E+00
  8.007990E+04,  2.722048E-13,  2.449843E-17,  0.000000E+00,  0.000000E+00
  8.016018E+04,  2.710938E-13,  2.439844E-17,  0.000000E+00,  0.000000E+00
  8.024054E+04,  2.700621E-13,  2.430559E-17,  0.000000E+00,  0.000000E+00
  8.032098E+04,  2.689510E-13,  2.420559E-17,  0.000000E+00,  0.000000E+00
  8.040150E+04,  2.679194E-13,  2.411274E-17,  0.000000E+00,  0.000000E+00
  8.048210E+04,  2.668877E-13,  2.401989E-17,  0.000000E+00,  0.000000E+00
  8.056279E+04,  2.657766E-13,  2.391990E-17,  0.000000E+00,  0.000000E+00
  8.064355E+04,  2.647450E-13,  2.382705E-17,  0.000000E+00,  0.000000E+00
  8.072440E+04,  2.636339E-13,  2.372705E-17,  0.000000E+00,  0.000000E+00
  8.080532E+04,  2.626022E-13,  2.363420E-17,  0.000000E+00,  0.000000E+00
  8.088633E+04,  2.615705E-13,  2.354135E-17,  0.000000E+00,  0.000000E+00
  8.096742E+04,  2.604595E-13,  2.344136E-17,  0.000000E+00,  0.000000E+00
  8.104859E+04,  2.593485E-13,  2.334136E-17,  0.000000E+00,  0.000000E+00
  8.112984E+04,  2.581581E-13,  2.323423E-17,  0.000000E+00,  0.000000E+00
  8.121117E+04,  2.569677E-13,  2.312709E-17,  0.000000E+00,  0.000000E+00
  8.129259E+04,  2.555392E-13,  2.299853E-17,  0.000000E+00,  0.000000E+00
  8.137408E+04,  2.538726E-13,  2.284854E-17,  0.000000E+00,  0.000000E+00
  8.145566E+04,  2.518093E-13,  2.266284E-17,  0.000000E+00,  0.000000E+00
  8.153732E+04,  2.501427E-13,  2.251284E-17,  0.000000E+00,  0.000000E+00
  8.161906E+04,  2.497459E-13,  2.247713E-17,  0.000000E+00,  0.000000E+00
  8.170088E+04,  2.497459E-13,  2.247713E-17,  0.000000E+00,  0.000000E+00
  8.178279E+04,  2.495078E-13,  2.245571E-17,  0.000000E+00,  0.000000E+00
  8.186478E+04,  2.489523E-13,  2.240571E-17,  0.000000E+00,  0.000000E+00
  8.194685E+04,  2.481587E-13,  2.233429E-17,  0.000000E+00,  0.000000E+00
  8.202900E+04,  2.473651E-13,  2.226286E-17,  0.000000E+00,  0.000000E+00
  8.211123E+04,  2.464128E-13,  2.217715E-17,  0.000000E+00,  0.000000E+00
  8.219355E+04,  2.455398E-13,  2.209859E-17,  0.000000E+00,  0.000000E+00
  8.227595E+04,  2.445875E-13,  2.201288E-17,  0.000000E+00,  0.000000E+00
  8.235843E+04,  2.436352E-13,  2.192717E-17,  0.000000E+00,  0.000000E+00
  8.244099E+04,  2.426829E-13,  2.184146E-17,  0.000000E+00,  0.000000E+00
  8.252364E+04,  2.417305E-13,  2.175575E-17,  0.000000E+00,  0.000000E+00
  8.260637E+04,  2.408576E-13,  2.167718E-17,  0.000000E+00,  0.000000E+00
  8.268918E+04,  2.399053E-13,  2.159148E-17,  0.000000E+00,  0.000000E+00
  8.277208E+04,  2.389529E-13,  2.150577E-17,  0.000000E+00,  0.000000E+00
  8.285506E+04,  2.380007E-13,  2.142006E-17,  0.000000E+00,  0.000000E+00
  8.293812E+04,  2.370483E-13,  2.133435E-17,  0.000000E+00,  0.000000E+00
  8.302127E+04,  2.360960E-13,  2.124864E-17,  0.000000E+00,  0.000000E+00
  8.310450E+04,  2.352230E-13,  2.117007E-17,  0.000000E+00,  0.000000E+00
  8.318781E+04,  2.342707E-13,  2.108437E-17,  0.000000E+00,  0.000000E+00
  8.327120E+04,  2.333184E-13,  2.099866E-17,  0.000000E+00,  0.000000E+00
  8.335468E+04,  2.324454E-13,  2.092009E-17,  0.000000E+00,  0.000000E+00
  8.343825E+04,  2.314931E-13,  2.083438E-17,  0.000000E+00,  0.000000E+00
  8.352189E+04,  2.306202E-13,  2.075581E-17,  0.000000E+00,  0.000000E+00
  8.360563E+04,  2.296678E-13,  2.067011E-17,  0.000000E+00,  0.000000E+00
  8.368944E+04,  2.287949E-13,  2.059154E-17,  0.000000E+00,  0.000000E+00
  8.377334E+04,  2.278426E-13,  2.050583E-17,  0.000000E+00,  0.000000E+00
  8.385732E+04,  2.269696E-13,  2.042726E-17,  0.000000E+00,  0.000000E+00
  8.394139E+04,  2.260966E-13,  2.034870E-17,  0.000000E+00,  0.000000E+00
  8.402554E+04,  2.252237E-13,  2.027013E-17,  0.000000E+00,  0.000000E+00
  8.410978E+04,  2.242714E-13,  2.018442E-17,  0.000000E+00,  0.000000E+00
  8.419410E+04,  2.233984E-13,  2.010586E-17,  0.000000E+00,  0.000000E+00
  8.427850E+04,  2.225254E-13,  2.002729E-17,  0.000000E+00,  0.000000E+00
  8.436299E+04,  2.216525E-13,  1.994872E-17,  0.000000E+00,  0.000000E+00
  8.444756E+04,  2.207795E-13,  1.987016E-17,  0.000000E+00,  0.000000E+00
  8.453222E+04,  2.199066E-13,  1.979159E-17,  0.000000E+00,  0.000000E+00
  8.461697E+04,  2.190336E-13,  1.971302E-17,  0.000000E+00,  0.000000E+00
  8.470179E+04,  2.181606E-13,  1.963446E-17,  0.000000E+00,  0.000000E+00
  8.478671E+04,  2.172877E-13,  1.955589E-17,  0.000000E+00,  0.000000E+00
  8.487171E+04,  2.164941E-13,  1.948447E-17,  0.000000E+00,  0.000000E+00
  8.495679E+04,  2.156211E-13,  1.940590E-17,  0.000000E+00,  0.000000E+00
  8.504196E+04,  2.147482E-13,  1.932733E-17,  0.000000E+00,  0.000000E+00
  8.512722E+04,  2.138752E-13,  1.924877E-17,  0.000000E+00,  0.000000E+00
  8.521256E+04,  2.130816E-13,  1.917734E-17,  0.000000E+00,  0.000000E+00
  8.529798E+04,  2.122086E-13,  1.909878E-17,  0.000000E+00,  0.000000E+00
  8.538349E+04,  2.113357E-13,  1.902021E-17,  0.000000E+00,  0.000000E+00
  8.546909E+04,  2.105421E-13,  1.894879E-17,  0.000000E+00,  0.000000E+00
  8.555477E+04,  2.096691E-13,  1.887022E-17,  0.000000E+00,  0.000000E+00
  8.564054E+04,  2.088755E-13,  1.879880E-17,  0.000000E+00,  0.000000E+00
  8.572640E+04,  2.080026E-13,  1.872023E-17,  0.000000E+00,  0.000000E+00
  8.581234E+04,  2.071296E-13,  1.864166E-17,  0.000000E+00,  0.000000E+00
  8.589836E+04,  2.063360E-13,  1.857024E-17,  0.000000E+00,  0.000000E+00
  8.598448E+04,  2.054630E-13,  1.849167E-17,  0.000000E+00,  0.000000E+00
  8.607068E+04,  2.045901E-13,  1.841311E-17,  0.000000E+00,  0.000000E+00
  8.615696E+04,  2.036377E-13,  1.832740E-17,  0.000000E+00,  0.000000E+00
  8.624333E+04,  2.026854E-13,  1.824169E-17,  0.000000E+00,  0.000000E+00
  8.632979E+04,  2.015744E-13,  1.814170E-17,  0.000000E+00,  0.000000E+00
  8.641634E+04,  2.001459E-13,  1.801313E-17,  0.000000E+00,  0.000000E+00
  8.650297E+04,  1.982413E-13,  1.784171E-17,  0.000000E+00,  0.000000E+00
  8.658969E+04,  1.960192E-13,  1.764173E-17,  0.000000E+00,  0.000000E+00
  8.667650E+04,  1.951462E-13,  1.756316E-17,  0.000000E+00,  0.000000E+00
  8.676339E+04,  1.957018E-13,  1.761316E-17,  0.000000E+00,  0.000000E+00
  8.685037E+04,  1.960192E-13,  1.764173E-17,  0.000000E+00,  0.000000E+00
  8.693744E+04,  1.958605E-13,  1.762744E-17,  0.000000E+00,  0.000000E+00
  8.702459E+04,  1.953843E-13,  1.758459E-17,  0.000000E+00,  0.000000E+00
  8.711184E+04,  1.945907E-13,  1.751317E-17,  0.000000E+00,  0.000000E+00
  8.719917E+04,  1.937178E-13,  1.743460E-17,  0.000000E+00,  0.000000E+00
  8.728658E+04,  1.925274E-13,  1.732746E-17,  0.000000E+00,  0.000000E+00
  8.737409E+04,  1.907814E-13,  1.717033E-17,  0.000000E+00,  0.000000E+00
  8.746168E+04,  1.876864E-13,  1.689178E-17,  0.000000E+00,  0.000000E+00
  8.754936E+04,  1.834803E-13,  1.651323E-17,  0.000000E+00,  0.000000E+00
  8.763713E+04,  1.826867E-13,  1.644181E-17,  0.000000E+00,  0.000000E+00
  8.772499E+04,  1.853849E-13,  1.668465E-17,  0.000000E+00,  0.000000E+00
  8.781293E+04,  1.870515E-13,  1.683464E-17,  0.000000E+00,  0.000000E+00
  8.790096E+04,  1.873690E-13,  1.686321E-17,  0.000000E+00,  0.000000E+00
  8.798908E+04,  1.871309E-13,  1.684178E-17,  0.000000E+00,  0.000000E+00
  8.807729E+04,  1.866547E-13,  1.679892E-17,  0.000000E+00,  0.000000E+00
  8.816559E+04,  1.860198E-13,  1.674178E-17,  0.000000E+00,  0.000000E+00
  8.825398E+04,  1.853849E-13,  1.668465E-17,  0.000000E+00,  0.000000E+00
  8.834245E+04,  1.846707E-13,  1.662037E-17,  0.000000E+00,  0.000000E+00
  8.843101E+04,  1.839565E-13,  1.655608E-17,  0.000000E+00,  0.000000E+00
  8.851967E+04,  1.832422E-13,  1.649180E-17,  0.000000E+00,  0.000000E+00
  8.860841E+04,  1.825280E-13,  1.642752E-17,  0.000000E+00,  0.000000E+00
  8.869724E+04,  1.818138E-13,  1.636324E-17,  0.000000E+00,  0.000000E+00
  8.878616E+04,  1.810995E-13,  1.629896E-17,  0.000000E+00,  0.000000E+00
  8.887516E+04,  1.804646E-13,  1.624182E-17,  0.000000E+00,  0.000000E+00
  8.896426E+04,  1.797504E-13,  1.617754E-17,  0.000000E+00,  0.000000E+00
  8.905345E+04,  1.790362E-13,  1.611325E-17,  0.000000E+00,  0.000000E+00
  8.914273E+04,  1.783219E-13,  1.604897E-17,  0.000000E+00,  0.000000E+00
  8.923209E+04,  1.776077E-13,  1.598469E-17,  0.000000E+00,  0.000000E+00
  8.932155E+04,  1.769728E-13,  1.592755E-17,  0.000000E+00,  0.000000E+00
  8.941109E+04,  1.762586E-13,  1.586327E-17,  0.000000E+00,  0.000000E+00
  8.950073E+04,  1.755443E-13,  1.579899E-17,  0.000000E+00,  0.000000E+00
  8.959045E+04,  1.748301E-13,  1.573471E-17,  0.000000E+00,  0.000000E+00
  8.968027E+04,  1.741952E-13,  1.567757E-17,  0.000000E+00,  0.000000E+00
  8.977017E+04,  1.734810E-13,  1.561329E-17,  0.000000E+00,  0.000000E+00
  8.986016E+04,  1.727667E-13,  1.554901E-17,  0.000000E+00,  0.000000E+00
  8.995025E+04,  1.721318E-13,  1.549187E-17,  0.000000E+00,  0.000000E+00
  9.004042E+04,  1.714176E-13,  1.542758E-17,  0.000000E+00,  0.000000E+00
  9.013069E+04,  1.707034E-13,  1.536330E-17,  0.000000E+00,  0.000000E+00
  9.022105E+04,  1.700685E-13,  1.530616E-17,  0.000000E+00,  0.000000E+00
  9.031149E+04,  1.693542E-13,  1.524188E-17,  0.000000E+00,  0.000000E+00
  9.040203E+04,  1.687193E-13,  1.518474E-17,  0.000000E+00,  0.000000E+00
  9.049266E+04,  1.680051E-13,  1.512046E-17,  0.000000E+00,  0.000000E+00
  9.058338E+04,  1.673702E-13,  1.506332E-17,  0.000000E+00,  0.000000E+00
  9.067419E+04,  1.667354E-13,  1.500618E-17,  0.000000E+00,  0.000000E+00
  9.076509E+04,  1.661005E-13,  1.494904E-17,  0.000000E+00,  0.000000E+00
  9.085608E+04,  1.654656E-13,  1.489190E-17,  0.000000E+00,  0.000000E+00
  9.094716E+04,  1.647514E-13,  1.482762E-17,  0.000000E+00,  0.000000E+00
  9.103834E+04,  1.641165E-13,  1.477048E-17,  0.000000E+00,  0.000000E+00
  9.112960E+04,  1.634816E-13,  1.471334E-17,  0.000000E+00,  0.000000E+00
  9.122096E+04,  1.627674E-13,  1.464906E-17,  0.000000E+00,  0.000000E+00
  9.131241E+04,  1.621325E-13,  1.459192E-17,  0.000000E+00,  0.000000E+00
  9.140395E+04,  1.614976E-13,  1.453478E-17,  0.000000E+00,  0.000000E+00
  9.149558E+04,  1.608627E-13,  1.447765E-17,  0.000000E+00,  0.000000E+00
  9.158731E+04,  1.602278E-13,  1.442051E-17,  0.000000E+00,  0.000000E+00
  9.167913E+04,  1.595930E-13,  1.436337E-17,  0.000000E+00,  0.000000E+00
  9.177103E+04,  1.589581E-13,  1.430623E-17,  0.000000E+00,  0.000000E+00
  9.186303E+04,  1.583232E-13,  1.424909E-17,  0.000000E+00,  0.000000E+00
  9.195513E+04,  1.576883E-13,  1.419195E-17,  0.000000E+00,  0.000000E+00
  9.204731E+04,  1.570534E-13,  1.413481E-17,  0.000000E+00,  0.000000E+00
  9.213959E+04,  1.564185E-13,  1.407767E-17,  0.000000E+00,  0.000000E+00
  9.223196E+04,  1.557837E-13,  1.402053E-17,  0.000000E+00,  0.000000E+00
  9.232442E+04,  1.551488E-13,  1.396339E-17,  0.000000E+00,  0.000000E+00
  9.241698E+04,  1.545139E-13,  1.390625E-17,  0.000000E+00,  0.000000E+00
  9.250963E+04,  1.538790E-13,  1.384911E-17,  0.000000E+00,  0.000000E+00
  9.260237E+04,  1.533235E-13,  1.379912E-17,  0.000000E+00,  0.000000E+00
  9.269520E+04,  1.526886E-13,  1.374198E-17,  0.000000E+00,  0.000000E+00
  9.278813E+04,  1.521331E-13,  1.369198E-17,  0.000000E+00,  0.000000E+00
  9.288115E+04,  1.514982E-13,  1.363484E-17,  0.000000E+00,  0.000000E+00
  9.297426E+04,  1.509427E-13,  1.358485E-17,  0.000000E+00,  0.000000E+00
  9.306747E+04,  1.503078E-13,  1.352771E-17,  0.000000E+00,  0.000000E+00
  9.316077E+04,  1.496730E-13,  1.347057E-17,  0.000000E+00,  0.000000E+00
  9.325416E+04,  1.490381E-13,  1.341343E-17,  0.000000E+00,  0.000000E+00
  9.334765E+04,  1.484032E-13,  1.335629E-17,  0.000000E+00,  0.000000E+00
  9.344123E+04,  1.476890E-13,  1.329201E-17,  0.000000E+00,  0.000000E+00
  9.353491E+04,  1.468954E-13,  1.322058E-17,  0.000000E+00,  0.000000E+00
  9.362867E+04,  1.458637E-13,  1.312773E-17,  0.000000E+00,  0.000000E+00
  9.372254E+04,  1.444352E-13,  1.299917E-17,  0.000000E+00,  0.000000E+00
  9.381649E+04,  1.423718E-13,  1.281346E-17,  0.000000E+00,  0.000000E+00
  9.391055E+04,  1.407846E-13,  1.267062E-17,  0.000000E+00,  0.000000E+00
  9.400469E+04,  1.411814E-13,  1.270633E-17,  0.000000E+00,  0.000000E+00
  9.409893E+04,  1.421337E-13,  1.279204E-17,  0.000000E+00,  0.000000E+00
  9.419327E+04,  1.424512E-13,  1.282061E-17,  0.000000E+00,  0.000000E+00
  9.428769E+04,  1.422925E-13,  1.280632E-17,  0.000000E+00,  0.000000E+00
  9.438222E+04,  1.419750E-13,  1.277775E-17,  0.000000E+00,  0.000000E+00
  9.447684E+04,  1.415782E-13,  1.274204E-17,  0.000000E+00,  0.000000E+00
  9.457155E+04,  1.410227E-13,  1.269204E-17,  0.000000E+00,  0.000000E+00
  9.466636E+04,  1.405466E-13,  1.264919E-17,  0.000000E+00,  0.000000E+00
  9.476126E+04,  1.399910E-13,  1.259919E-17,  0.000000E+00,  0.000000E+00
  9.485626E+04,  1.394355E-13,  1.254920E-17,  0.000000E+00,  0.000000E+00
  9.495135E+04,  1.388800E-13,  1.249920E-17,  0.000000E+00,  0.000000E+00
  9.504654E+04,  1.383245E-13,  1.244920E-17,  0.000000E+00,  0.000000E+00
  9.514183E+04,  1.377690E-13,  1.239921E-17,  0.000000E+00,  0.000000E+00
  9.523721E+04,  1.372134E-13,  1.234921E-17,  0.000000E+00,  0.000000E+00
  9.533268E+04,  1.366579E-13,  1.229921E-17,  0.000000E+00,  0.000000E+00
  9.542825E+04,  1.361818E-13,  1.225636E-17,  0.000000E+00,  0.000000E+00
  9.552392E+04,  1.357056E-13,  1.221350E-17,  0.000000E+00,  0.000000E+00
  9.561968E+04,  1.351501E-13,  1.216351E-17,  0.000000E+00,  0.000000E+00
  9.571554E+04,  1.346739E-13,  1.212065E-17,  0.000000E+00,  0.000000E+00
  9.581150E+04,  1.341184E-13,  1.207066E-17,  0.000000E+00,  0.000000E+00
  9.590755E+04,  1.336422E-13,  1.202780E-17,  0.000000E+00,  0.000000E+00
  9.600369E+04,  1.330867E-13,  1.197780E-17,  0.000000E+00,  0.000000E+00
  9.609994E+04,  1.326106E-13,  1.193495E-17,  0.000000E+00,  0.000000E+00
  9.619628E+04,  1.320550E-13,  1.188495E-17,  0.000000E+00,  0.000000E+00
  9.629271E+04,  1.314995E-13,  1.183496E-17,  0.000000E+00,  0.000000E+00
  9.638925E+04,  1.310233E-13,  1.179210E-17,  0.000000E+00,  0.000000E+00
  9.648588E+04,  1.304678E-13,  1.174210E-17,  0.000000E+00,  0.000000E+00
  9.658261E+04,  1.299917E-13,  1.169925E-17,  0.000000E+00,  0.000000E+00
  9.667943E+04,  1.294362E-13,  1.164925E-17,  0.000000E+00,  0.000000E+00
  9.677635E+04,  1.289600E-13,  1.160640E-17,  0.000000E+00,  0.000000E+00
  9.687337E+04,  1.284838E-13,  1.156355E-17,  0.000000E+00,  0.000000E+00
  9.697049E+04,  1.279283E-13,  1.151355E-17,  0.000000E+00,  0.000000E+00
  9.706770E+04,  1.274522E-13,  1.147069E-17,  0.000000E+00,  0.000000E+00
  9.716501E+04,  1.269760E-13,  1.142784E-17,  0.000000E+00,  0.000000E+00
  9.726242E+04,  1.264205E-13,  1.137784E-17,  0.000000E+00,  0.000000E+00
  9.735992E+04,  1.259443E-13,  1.133499E-17,  0.000000E+00,  0.000000E+00
  9.745753E+04,  1.254682E-13,  1.129213E-17,  0.000000E+00,  0.000000E+00
  9.755523E+04,  1.249126E-13,  1.124214E-17,  0.000000E+00,  0.000000E+00
  9.765303E+04,  1.244365E-13,  1.119928E-17,  0.000000E+00,  0.000000E+00
  9.775092E+04,  1.239603E-13,  1.115643E-17,  0.000000E+00,  0.000000E+00
  9.784892E+04,  1.234048E-13,  1.110643E-17,  0.000000E+00,  0.000000E+00
  9.794701E+04,  1.229286E-13,  1.106358E-17,  0.000000E+00,  0.000000E+00
  9.804520E+04,  1.224525E-13,  1.102072E-17,  0.000000E+00,  0.000000E+00
  9.814350E+04,  1.218970E-13,  1.097073E-17,  0.000000E+00,  0.000000E+00
  9.824188E+04,  1.214208E-13,  1.092787E-17,  0.000000E+00,  0.000000E+00
  9.834037E+04,  1.208653E-13,  1.087787E-17,  0.000000E+00,  0.000000E+00
  9.843896E+04,  1.203098E-13,  1.082788E-17,  0.000000E+00,  0.000000E+00
  9.853764E+04,  1.198336E-13,  1.078502E-17,  0.000000E+00,  0.000000E+00
  9.863643E+04,  1.194368E-13,  1.074931E-17,  0.000000E+00,  0.000000E+00
  9.873531E+04,  1.190400E-13,  1.071360E-17,  0.000000E+00,  0.000000E+00
  9.883429E+04,  1.185638E-13,  1.067075E-17,  0.000000E+00,  0.000000E+00
  9.893337E+04,  1.181670E-13,  1.063503E-17,  0.000000E+00,  0.000000E+00
  9.903256E+04,  1.176909E-13,  1.059218E-17,  0.000000E+00,  0.000000E+00
  9.913184E+04,  1.172147E-13,  1.054932E-17,  0.000000E+00,  0.000000E+00
  9.923122E+04,  1.168179E-13,  1.051361E-17,  0.000000E+00,  0.000000E+00
  9.933069E+04,  1.163418E-13,  1.047076E-17,  0.000000E+00,  0.000000E+00
  9.943027E+04,  1.158656E-13,  1.042790E-17,  0.000000E+00,  0.000000E+00
  9.952995E+04,  1.153894E-13,  1.038505E-17,  0.000000E+00,  0.000000E+00
  9.962973E+04,  1.149926E-13,  1.034934E-17,  0.000000E+00,  0.000000E+00
  9.972961E+04,  1.145165E-13,  1.030648E-17,  0.000000E+00,  0.000000E+00
  9.982959E+04,  1.140403E-13,  1.026363E-17,  0.000000E+00,  0.000000E+00
  9.992967E+04,  1.136435E-13,  1.022792E-17,  0.000000E+00,  0.000000E+00
  1.000298E+05,  1.131674E-13,  1.018506E-17,  0.000000E+00,  0.000000E+00
  1.001301E+05,  1.127706E-13,  1.014935E-17,  0.000000E+00,  0.000000E+00
  1.002305E+05,  1.122944E-13,  1.010650E-17,  0.000000E+00,  0.000000E+00
  1.003310E+05,  1.118182E-13,  1.006364E-17,  0.000000E+00,  0.000000E+00
  1.004316E+05,  1.114214E-13,  1.002793E-17,  0.000000E+00,  0.000000E+00
  1.005323E+05,  1.109453E-13,  9.985075E-18,  0.000000E+00,  0.000000E+00
  1.006330E+05,  1.105485E-13,  9.949363E-18,  0.000000E+00,  0.000000E+00
  1.007339E+05,  1.100723E-13,  9.906509E-18,  0.000000E+00,  0.000000E+00
  1.008349E+05,  1.096755E-13,  9.870797E-18,  0.000000E+00,  0.000000E+00
  1.009360E+05,  1.091994E-13,  9.827943E-18,  0.000000E+00,  0.000000E+00
  1.010372E+05,  1.088026E-13,  9.792231E-18,  0.000000E+00,  0.000000E+00
  1.011385E+05,  1.083264E-13,  9.749376E-18,  0.000000E+00,  0.000000E+00
  1.012399E+05,  1.079296E-13,  9.713664E-18,  0.000000E+00,  0.000000E+00
  1.013414E+05,  1.075328E-13,  9.677952E-18,  0.000000E+00,  0.000000E+00
  1.014430E+05,  1.070566E-13,  9.635097E-18,  0.000000E+00,  0.000000E+00
  1.015447E+05,  1.066598E-13,  9.599386E-18,  0.000000E+00,  0.000000E+00
  1.016464E+05,  1.062630E-13,  9.563674E-18,  0.000000E+00,  0.000000E+00
  1.017484E+05,  1.057869E-13,  9.520819E-18,  0.000000E+00,  0.000000E+00
  1.018504E+05,  1.053901E-13,  9.485107E-18,  0.000000E+00,  0.000000E+00
  1.019525E+05,  1.049139E-13,  9.442253E-18,  0.000000E+00,  0.000000E+00
  1.020547E+05,  1.045171E-13,  9.406541E-18,  0.000000E+00,  0.000000E+00
  1.021570E+05,  1.040410E-13,  9.363687E-18,  0.000000E+00,  0.000000E+00
  1.022594E+05,  1.036442E-13,  9.327975E-18,  0.000000E+00,  0.000000E+00
  1.023619E+05,  1.031680E-13,  9.285120E-18,  0.000000E+00,  0.000000E+00
  1.024645E+05,  1.026125E-13,  9.235123E-18,  0.000000E+00,  0.000000E+00
  1.025672E+05,  1.021363E-13,  9.192269E-18,  0.000000E+00,  0.000000E+00
  1.026701E+05,  1.017395E-13,  9.156557E-18,  0.000000E+00,  0.000000E+00
  1.027730E+05,  1.014221E-13,  9.127987E-18,  0.000000E+00,  0.000000E+00
  1.028760E+05,  1.011046E-13,  9.099418E-18,  0.000000E+00,  0.000000E+00
  1.029792E+05,  1.007872E-13,  9.070848E-18,  0.000000E+00,  0.000000E+00
  1.030824E+05,  1.003904E-13,  9.035136E-18,  0.000000E+00,  0.000000E+00
  1.031857E+05,  1.000730E-13,  9.006567E-18,  0.000000E+00,  0.000000E+00
  1.032892E+05,  9.967616E-14,  8.970855E-18,  0.000000E+00,  0.000000E+00
  1.033927E+05,  9.927936E-14,  8.935142E-18,  0.000000E+00,  0.000000E+00
  1.034964E+05,  9.888256E-14,  8.899431E-18,  0.000000E+00,  0.000000E+00
  1.036001E+05,  9.848576E-14,  8.863719E-18,  0.000000E+00,  0.000000E+00
  1.037040E+05,  9.808896E-14,  8.828006E-18,  0.000000E+00,  0.000000E+00
  1.038080E+05,  9.769216E-14,  8.792295E-18,  0.000000E+00,  0.000000E+00
  1.039120E+05,  9.729536E-14,  8.756583E-18,  0.000000E+00,  0.000000E+00
  1.040162E+05,  9.689856E-14,  8.720871E-18,  0.000000E+00,  0.000000E+00
  1.041205E+05,  9.650176E-14,  8.685159E-18,  0.000000E+00,  0.000000E+00
  1.042248E+05,  9.610496E-14,  8.649447E-18,  0.000000E+00,  0.000000E+00
  1.043293E+05,  9.570816E-14,  8.613735E-18,  0.000000E+00,  0.000000E+00
  1.044339E+05,  9.531136E-14,  8.578023E-18,  0.000000E+00,  0.000000E+00
  1.045386E+05,  9.483520E-14,  8.535168E-18,  0.000000E+00,  0.000000E+00
  1.046434E+05,  9.420032E-14,  8.478029E-18,  0.000000E+00,  0.000000E+00
  1.047483E+05,  9.348608E-14,  8.413747E-18,  0.000000E+00,  0.000000E+00
  1.048533E+05,  9.229568E-14,  8.306611E-18,  0.000000E+00,  0.000000E+00
  1.049585E+05,  9.070848E-14,  8.163763E-18,  0.000000E+00,  0.000000E+00
  1.050637E+05,  9.007360E-14,  8.106624E-18,  0.000000E+00,  0.000000E+00
  1.051690E+05,  9.086720E-14,  8.178048E-18,  0.000000E+00,  0.000000E+00
  1.052744E+05,  9.150208E-14,  8.235187E-18,  0.000000E+00,  0.000000E+00
  1.053800E+05,  9.158144E-14,  8.242330E-18,  0.000000E+00,  0.000000E+00
  1.054856E+05,  9.142272E-14,  8.228045E-18,  0.000000E+00,  0.000000E+00
  1.055914E+05,  9.118464E-14,  8.206618E-18,  0.000000E+00,  0.000000E+00
  1.056972E+05,  9.086720E-14,  8.178048E-18,  0.000000E+00,  0.000000E+00
  1.058032E+05,  9.054976E-14,  8.149479E-18,  0.000000E+00,  0.000000E+00
  1.059092E+05,  9.023232E-14,  8.120909E-18,  0.000000E+00,  0.000000E+00
  1.060154E+05,  8.991488E-14,  8.092339E-18,  0.000000E+00,  0.000000E+00
  1.061217E+05,  8.951808E-14,  8.056627E-18,  0.000000E+00,  0.000000E+00
  1.062281E+05,  8.920064E-14,  8.028058E-18,  0.000000E+00,  0.000000E+00
  1.063346E+05,  8.888320E-14,  7.999488E-18,  0.000000E+00,  0.000000E+00
  1.064412E+05,  8.848640E-14,  7.963776E-18,  0.000000E+00,  0.000000E+00
  1.065479E+05,  8.816896E-14,  7.935207E-18,  0.000000E+00,  0.000000E+00
  1.066547E+05,  8.777216E-14,  7.899494E-18,  0.000000E+00,  0.000000E+00
  1.067616E+05,  8.745472E-14,  7.870925E-18,  0.000000E+00,  0.000000E+00
  1.068687E+05,  8.713728E-14,  7.842355E-18,  0.000000E+00,  0.000000E+00
  1.069758E+05,  8.674048E-14,  7.806643E-18,  0.000000E+00,  0.000000E+00
  1.070830E+05,  8.642304E-14,  7.778073E-18,  0.000000E+00,  0.000000E+00
  1.071904E+05,  8.610560E-14,  7.749504E-18,  0.000000E+00,  0.000000E+00
  1.072978E+05,  8.570880E-14,  7.713792E-18,  0.000000E+00,  0.000000E+00
  1.074054E+05,  8.539136E-14,  7.685222E-18,  0.000000E+00,  0.000000E+00
  1.075131E+05,  8.499456E-14,  7.649511E-18,  0.000000E+00,  0.000000E+00
  1.076209E+05,  8.459776E-14,  7.613799E-18,  0.000000E+00,  0.000000E+00
  1.077288E+05,  8.420096E-14,  7.578087E-18,  0.000000E+00,  0.000000E+00
  1.078368E+05,  8.372480E-14,  7.535232E-18,  0.000000E+00,  0.000000E+00
  1.079449E+05,  8.324864E-14,  7.492378E-18,  0.000000E+00,  0.000000E+00
  1.080531E+05,  8.285184E-14,  7.456665E-18,  0.000000E+00,  0.000000E+00
  1.081614E+05,  8.269312E-14,  7.442381E-18,  0.000000E+00,  0.000000E+00
  1.082698E+05,  8.253440E-14,  7.428096E-18,  0.000000E+00,  0.000000E+00
  1.083784E+05,  8.229632E-14,  7.406669E-18,  0.000000E+00,  0.000000E+00
  1.084870E+05,  8.197888E-14,  7.378099E-18,  0.000000E+00,  0.000000E+00
  1.085958E+05,  8.174080E-14,  7.356672E-18,  0.000000E+00,  0.000000E+00
  1.087046E+05,  8.142336E-14,  7.328103E-18,  0.000000E+00,  0.000000E+00
  1.088136E+05,  8.110592E-14,  7.299533E-18,  0.000000E+00,  0.000000E+00
  1.089227E+05,  8.078848E-14,  7.270963E-18,  0.000000E+00,  0.000000E+00
  1.090319E+05,  8.047104E-14,  7.242394E-18,  0.000000E+00,  0.000000E+00
  1.091412E+05,  8.015360E-14,  7.213824E-18,  0.000000E+00,  0.000000E+00
  1.092506E+05,  7.983616E-14,  7.185255E-18,  0.000000E+00,  0.000000E+00
  1.093601E+05,  7.951872E-14,  7.156685E-18,  0.000000E+00,  0.000000E+00
  1.094698E+05,  7.923302E-14,  7.130972E-18,  0.000000E+00,  0.000000E+00
  1.095795E+05,  7.891559E-14,  7.102403E-18,  0.000000E+00,  0.000000E+00
  1.096894E+05,  7.860608E-14,  7.074547E-18,  0.000000E+00,  0.000000E+00
  1.097993E+05,  7.829657E-14,  7.046692E-18,  0.000000E+00,  0.000000E+00
  1.099094E+05,  7.798707E-14,  7.018836E-18,  0.000000E+00,  0.000000E+00
  1.100196E+05,  7.767757E-14,  6.990981E-18,  0.000000E+00,  0.000000E+00
  1.101299E+05,  7.736806E-14,  6.963126E-18,  0.000000E+00,  0.000000E+00
  1.102403E+05,  7.705856E-14,  6.935271E-18,  0.000000E+00,  0.000000E+00
  1.103508E+05,  7.674112E-14,  6.906701E-18,  0.000000E+00,  0.000000E+00
  1.104614E+05,  7.642368E-14,  6.878131E-18,  0.000000E+00,  0.000000E+00
  1.105722E+05,  7.612211E-14,  6.850990E-18,  0.000000E+00,  0.000000E+00
  1.106830E+05,  7.582054E-14,  6.823849E-18,  0.000000E+00,  0.000000E+00
  1.107940E+05,  7.552691E-14,  6.797422E-18,  0.000000E+00,  0.000000E+00
  1.109051E+05,  7.522534E-14,  6.770281E-18,  0.000000E+00,  0.000000E+00
  1.110162E+05,  7.493171E-14,  6.743854E-18,  0.000000E+00,  0.000000E+00
  1.111275E+05,  7.463808E-14,  6.717427E-18,  0.000000E+00,  0.000000E+00
  1.112389E+05,  7.433651E-14,  6.690286E-18,  0.000000E+00,  0.000000E+00
  1.113505E+05,  7.404288E-14,  6.663859E-18,  0.000000E+00,  0.000000E+00
  1.114621E+05,  7.374925E-14,  6.637433E-18,  0.000000E+00,  0.000000E+00
  1.115738E+05,  7.345561E-14,  6.611005E-18,  0.000000E+00,  0.000000E+00
  1.116857E+05,  7.316198E-14,  6.584578E-18,  0.000000E+00,  0.000000E+00
  1.117976E+05,  7.286835E-14,  6.558152E-18,  0.000000E+00,  0.000000E+00
  1.119097E+05,  7.257472E-14,  6.531725E-18,  0.000000E+00,  0.000000E+00
  1.120219E+05,  7.227315E-14,  6.504584E-18,  0.000000E+00,  0.000000E+00
  1.121342E+05,  7.197952E-14,  6.478157E-18,  0.000000E+00,  0.000000E+00
  1.122466E+05,  7.167795E-14,  6.451016E-18,  0.000000E+00,  0.000000E+00
  1.123592E+05,  7.136845E-14,  6.423161E-18,  0.000000E+00,  0.000000E+00
  1.124718E+05,  7.104307E-14,  6.393876E-18,  0.000000E+00,  0.000000E+00
  1.125846E+05,  7.069389E-14,  6.362450E-18,  0.000000E+00,  0.000000E+00
  1.126974E+05,  7.026534E-14,  6.323881E-18,  0.000000E+00,  0.000000E+00
  1.128104E+05,  6.963047E-14,  6.266742E-18,  0.000000E+00,  0.000000E+00
  1.129235E+05,  6.843212E-14,  6.158891E-18,  0.000000E+00,  0.000000E+00
  1.130367E+05,  6.690048E-14,  6.021043E-18,  0.000000E+00,  0.000000E+00
  1.131500E+05,  6.689254E-14,  6.020329E-18,  0.000000E+00,  0.000000E+00
  1.132634E+05,  6.793216E-14,  6.113894E-18,  0.000000E+00,  0.000000E+00
  1.133770E+05,  6.839245E-14,  6.155321E-18,  0.000000E+00,  0.000000E+00
  1.134907E+05,  6.840038E-14,  6.156035E-18,  0.000000E+00,  0.000000E+00
  1.136044E+05,  6.824166E-14,  6.141750E-18,  0.000000E+00,  0.000000E+00
  1.137183E+05,  6.802739E-14,  6.122465E-18,  0.000000E+00,  0.000000E+00
  1.138323E+05,  6.778931E-14,  6.101038E-18,  0.000000E+00,  0.000000E+00
  1.139464E+05,  6.754330E-14,  6.078897E-18,  0.000000E+00,  0.000000E+00
  1.140607E+05,  6.728141E-14,  6.055327E-18,  0.000000E+00,  0.000000E+00
  1.141750E+05,  6.701952E-14,  6.031757E-18,  0.000000E+00,  0.000000E+00
  1.142895E+05,  6.675764E-14,  6.008187E-18,  0.000000E+00,  0.000000E+00
  1.144041E+05,  6.648781E-14,  5.983903E-18,  0.000000E+00,  0.000000E+00
  1.145187E+05,  6.621799E-14,  5.959619E-18,  0.000000E+00,  0.000000E+00
  1.146335E+05,  6.594816E-14,  5.935334E-18,  0.000000E+00,  0.000000E+00
  1.147485E+05,  6.566246E-14,  5.909621E-18,  0.000000E+00,  0.000000E+00
  1.148635E+05,  6.536883E-14,  5.883195E-18,  0.000000E+00,  0.000000E+00
  1.149787E+05,  6.505139E-14,  5.854625E-18,  0.000000E+00,  0.000000E+00
  1.150939E+05,  6.469427E-14,  5.822484E-18,  0.000000E+00,  0.000000E+00
  1.152093E+05,  6.424192E-14,  5.781773E-18,  0.000000E+00,  0.000000E+00
  1.153248E+05,  6.376576E-14,  5.738918E-18,  0.000000E+00,  0.000000E+00
  1.154404E+05,  6.350387E-14,  5.715348E-18,  0.000000E+00,  0.000000E+00
  1.155561E+05,  6.347213E-14,  5.712492E-18,  0.000000E+00,  0.000000E+00
  1.156720E+05,  6.342451E-14,  5.708206E-18,  0.000000E+00,  0.000000E+00
  1.157879E+05,  6.328166E-14,  5.695349E-18,  0.000000E+00,  0.000000E+00
  1.159040E+05,  6.309120E-14,  5.678208E-18,  0.000000E+00,  0.000000E+00
  1.160202E+05,  6.286899E-14,  5.658210E-18,  0.000000E+00,  0.000000E+00
  1.161365E+05,  6.264678E-14,  5.638210E-18,  0.000000E+00,  0.000000E+00
  1.162530E+05,  6.240870E-14,  5.616783E-18,  0.000000E+00,  0.000000E+00
  1.163695E+05,  6.217063E-14,  5.595356E-18,  0.000000E+00,  0.000000E+00
  1.164862E+05,  6.192461E-14,  5.573215E-18,  0.000000E+00,  0.000000E+00
  1.166029E+05,  6.168653E-14,  5.551788E-18,  0.000000E+00,  0.000000E+00
  1.167198E+05,  6.144051E-14,  5.529646E-18,  0.000000E+00,  0.000000E+00
  1.168368E+05,  6.120243E-14,  5.508219E-18,  0.000000E+00,  0.000000E+00
  1.169540E+05,  6.095641E-14,  5.486077E-18,  0.000000E+00,  0.000000E+00
  1.170712E+05,  6.071834E-14,  5.464651E-18,  0.000000E+00,  0.000000E+00
  1.171886E+05,  6.048025E-14,  5.443223E-18,  0.000000E+00,  0.000000E+00
  1.173061E+05,  6.023424E-14,  5.421082E-18,  0.000000E+00,  0.000000E+00
  1.174237E+05,  5.999616E-14,  5.399654E-18,  0.000000E+00,  0.000000E+00
  1.175414E+05,  5.975808E-14,  5.378227E-18,  0.000000E+00,  0.000000E+00
  1.176592E+05,  5.951206E-14,  5.356085E-18,  0.000000E+00,  0.000000E+00
  1.177772E+05,  5.927398E-14,  5.334658E-18,  0.000000E+00,  0.000000E+00
  1.178952E+05,  5.904384E-14,  5.313946E-18,  0.000000E+00,  0.000000E+00
  1.180134E+05,  5.880576E-14,  5.292518E-18,  0.000000E+00,  0.000000E+00
  1.181317E+05,  5.857562E-14,  5.271805E-18,  0.000000E+00,  0.000000E+00
  1.182502E+05,  5.835341E-14,  5.251807E-18,  0.000000E+00,  0.000000E+00
  1.183687E+05,  5.812326E-14,  5.231094E-18,  0.000000E+00,  0.000000E+00
  1.184874E+05,  5.789312E-14,  5.210381E-18,  0.000000E+00,  0.000000E+00
  1.186062E+05,  5.766297E-14,  5.189668E-18,  0.000000E+00,  0.000000E+00
  1.187251E+05,  5.744077E-14,  5.169669E-18,  0.000000E+00,  0.000000E+00
  1.188441E+05,  5.721062E-14,  5.148956E-18,  0.000000E+00,  0.000000E+00
  1.189632E+05,  5.698842E-14,  5.128958E-18,  0.000000E+00,  0.000000E+00
  1.190825E+05,  5.675827E-14,  5.108245E-18,  0.000000E+00,  0.000000E+00
  1.192019E+05,  5.653606E-14,  5.088246E-18,  0.000000E+00,  0.000000E+00
  1.193214E+05,  5.631385E-14,  5.068247E-18,  0.000000E+00,  0.000000E+00
  1.194410E+05,  5.609165E-14,  5.048248E-18,  0.000000E+00,  0.000000E+00
  1.195607E+05,  5.586944E-14,  5.028250E-18,  0.000000E+00,  0.000000E+00
  1.196806E+05,  5.564723E-14,  5.008251E-18,  0.000000E+00,  0.000000E+00
  1.198006E+05,  5.542503E-14,  4.988252E-18,  0.000000E+00,  0.000000E+00
  1.199207E+05,  5.521075E-14,  4.968968E-18,  0.000000E+00,  0.000000E+00
  1.200409E+05,  5.499648E-14,  4.949683E-18,  0.000000E+00,  0.000000E+00
  1.201612E+05,  5.478221E-14,  4.930399E-18,  0.000000E+00,  0.000000E+00
  1.202817E+05,  5.456000E-14,  4.910400E-18,  0.000000E+00,  0.000000E+00
  1.204023E+05,  5.434573E-14,  4.891116E-18,  0.000000E+00,  0.000000E+00
  1.205230E+05,  5.413146E-14,  4.871831E-18,  0.000000E+00,  0.000000E+00
  1.206438E+05,  5.390925E-14,  4.851832E-18,  0.000000E+00,  0.000000E+00
  1.207647E+05,  5.369498E-14,  4.832548E-18,  0.000000E+00,  0.000000E+00
  1.208858E+05,  5.348071E-14,  4.813264E-18,  0.000000E+00,  0.000000E+00
  1.210070E+05,  5.326643E-14,  4.793979E-18,  0.000000E+00,  0.000000E+00
  1.211283E+05,  5.305216E-14,  4.774694E-18,  0.000000E+00,  0.000000E+00
  1.212497E+05,  5.283789E-14,  4.755410E-18,  0.000000E+00,  0.000000E+00
  1.213713E+05,  5.261568E-14,  4.735411E-18,  0.000000E+00,  0.000000E+00
  1.214930E+05,  5.240141E-14,  4.716127E-18,  0.000000E+00,  0.000000E+00
  1.216148E+05,  5.219507E-14,  4.697556E-18,  0.000000E+00,  0.000000E+00
  1.217367E+05,  5.199667E-14,  4.679701E-18,  0.000000E+00,  0.000000E+00
  1.218587E+05,  5.179034E-14,  4.661130E-18,  0.000000E+00,  0.000000E+00
  1.219809E+05,  5.159194E-14,  4.643274E-18,  0.000000E+00,  0.000000E+00
  1.221032E+05,  5.138560E-14,  4.624704E-18,  0.000000E+00,  0.000000E+00
  1.222256E+05,  5.118720E-14,  4.606848E-18,  0.000000E+00,  0.000000E+00
  1.223481E+05,  5.098086E-14,  4.588278E-18,  0.000000E+00,  0.000000E+00
  1.224708E+05,  5.078246E-14,  4.570422E-18,  0.000000E+00,  0.000000E+00
  1.225936E+05,  5.057613E-14,  4.551851E-18,  0.000000E+00,  0.000000E+00
  1.227165E+05,  5.036979E-14,  4.533281E-18,  0.000000E+00,  0.000000E+00
  1.228395E+05,  5.016346E-14,  4.514711E-18,  0.000000E+00,  0.000000E+00
  1.229626E+05,  4.994918E-14,  4.495427E-18,  0.000000E+00,  0.000000E+00
  1.230859E+05,  4.973491E-14,  4.476142E-18,  0.000000E+00,  0.000000E+00
  1.232093E+05,  4.951270E-14,  4.456143E-18,  0.000000E+00,  0.000000E+00
  1.233328E+05,  4.925875E-14,  4.433288E-18,  0.000000E+00,  0.000000E+00
  1.234564E+05,  4.894131E-14,  4.404718E-18,  0.000000E+00,  0.000000E+00
  1.235802E+05,  4.848896E-14,  4.364006E-18,  0.000000E+00,  0.000000E+00
  1.237041E+05,  4.771123E-14,  4.294011E-18,  0.000000E+00,  0.000000E+00
  1.238281E+05,  4.684621E-14,  4.216159E-18,  0.000000E+00,  0.000000E+00
  1.239522E+05,  4.689382E-14,  4.220444E-18,  0.000000E+00,  0.000000E+00
  1.240765E+05,  4.744934E-14,  4.270441E-18,  0.000000E+00,  0.000000E+00
  1.242009E+05,  4.767949E-14,  4.291154E-18,  0.000000E+00,  0.000000E+00
  1.243254E+05,  4.766362E-14,  4.289725E-18,  0.000000E+00,  0.000000E+00
  1.244500E+05,  4.755251E-14,  4.279726E-18,  0.000000E+00,  0.000000E+00
  1.245748E+05,  4.740173E-14,  4.266156E-18,  0.000000E+00,  0.000000E+00
  1.246997E+05,  4.722714E-14,  4.250442E-18,  0.000000E+00,  0.000000E+00
  1.248247E+05,  4.705255E-14,  4.234729E-18,  0.000000E+00,  0.000000E+00
  1.249498E+05,  4.686208E-14,  4.217587E-18,  0.000000E+00,  0.000000E+00
  1.250751E+05,  4.667162E-14,  4.200446E-18,  0.000000E+00,  0.000000E+00
  1.252005E+05,  4.646528E-14,  4.181875E-18,  0.000000E+00,  0.000000E+00
  1.253260E+05,  4.624307E-14,  4.161877E-18,  0.000000E+00,  0.000000E+00
  1.254516E+05,  4.598912E-14,  4.139021E-18,  0.000000E+00,  0.000000E+00
  1.255774E+05,  4.565581E-14,  4.109023E-18,  0.000000E+00,  0.000000E+00
  1.257033E+05,  4.520346E-14,  4.068311E-18,  0.000000E+00,  0.000000E+00
  1.258293E+05,  4.475110E-14,  4.027599E-18,  0.000000E+00,  0.000000E+00
  1.259555E+05,  4.467175E-14,  4.020457E-18,  0.000000E+00,  0.000000E+00
  1.260817E+05,  4.479872E-14,  4.031885E-18,  0.000000E+00,  0.000000E+00
  1.262081E+05,  4.482253E-14,  4.034027E-18,  0.000000E+00,  0.000000E+00
  1.263347E+05,  4.475110E-14,  4.027599E-18,  0.000000E+00,  0.000000E+00
  1.264613E+05,  4.463206E-14,  4.016886E-18,  0.000000E+00,  0.000000E+00
  1.265881E+05,  4.448922E-14,  4.004030E-18,  0.000000E+00,  0.000000E+00
  1.267150E+05,  4.433050E-14,  3.989745E-18,  0.000000E+00,  0.000000E+00
  1.268420E+05,  4.416384E-14,  3.974746E-18,  0.000000E+00,  0.000000E+00
  1.269692E+05,  4.399718E-14,  3.959747E-18,  0.000000E+00,  0.000000E+00
  1.270965E+05,  4.383053E-14,  3.944747E-18,  0.000000E+00,  0.000000E+00
  1.272239E+05,  4.366387E-14,  3.929748E-18,  0.000000E+00,  0.000000E+00
  1.273514E+05,  4.348928E-14,  3.914035E-18,  0.000000E+00,  0.000000E+00
  1.274791E+05,  4.332262E-14,  3.899036E-18,  0.000000E+00,  0.000000E+00
  1.276069E+05,  4.314803E-14,  3.883323E-18,  0.000000E+00,  0.000000E+00
  1.277348E+05,  4.298138E-14,  3.868324E-18,  0.000000E+00,  0.000000E+00
  1.278629E+05,  4.280678E-14,  3.852610E-18,  0.000000E+00,  0.000000E+00
  1.279911E+05,  4.264013E-14,  3.837611E-18,  0.000000E+00,  0.000000E+00
  1.281194E+05,  4.247347E-14,  3.822612E-18,  0.000000E+00,  0.000000E+00
  1.282478E+05,  4.230682E-14,  3.807613E-18,  0.000000E+00,  0.000000E+00
  1.283764E+05,  4.214016E-14,  3.792614E-18,  0.000000E+00,  0.000000E+00
  1.285051E+05,  4.197350E-14,  3.777616E-18,  0.000000E+00,  0.000000E+00
  1.286339E+05,  4.180685E-14,  3.762616E-18,  0.000000E+00,  0.000000E+00
  1.287629E+05,  4.164019E-14,  3.747617E-18,  0.000000E+00,  0.000000E+00
  1.288919E+05,  4.147353E-14,  3.732618E-18,  0.000000E+00,  0.000000E+00
  1.290212E+05,  4.130688E-14,  3.717619E-18,  0.000000E+00,  0.000000E+00
  1.291505E+05,  4.114816E-14,  3.703334E-18,  0.000000E+00,  0.000000E+00
  1.292800E+05,  4.098150E-14,  3.688335E-18,  0.000000E+00,  0.000000E+00
  1.294096E+05,  4.082278E-14,  3.674051E-18,  0.000000E+00,  0.000000E+00
  1.295393E+05,  4.065613E-14,  3.659052E-18,  0.000000E+00,  0.000000E+00
  1.296692E+05,  4.049741E-14,  3.644767E-18,  0.000000E+00,  0.000000E+00
  1.297992E+05,  4.033869E-14,  3.630482E-18,  0.000000E+00,  0.000000E+00
  1.299293E+05,  4.017997E-14,  3.616197E-18,  0.000000E+00,  0.000000E+00
  1.300595E+05,  4.002125E-14,  3.601912E-18,  0.000000E+00,  0.000000E+00
  1.301899E+05,  3.985459E-14,  3.586913E-18,  0.000000E+00,  0.000000E+00
  1.303204E+05,  3.970381E-14,  3.573343E-18,  0.000000E+00,  0.000000E+00
  1.304511E+05,  3.954509E-14,  3.559058E-18,  0.000000E+00,  0.000000E+00
  1.305819E+05,  3.938637E-14,  3.544773E-18,  0.000000E+00,  0.000000E+00
  1.307128E+05,  3.922765E-14,  3.530488E-18,  0.000000E+00,  0.000000E+00
  1.308438E+05,  3.906893E-14,  3.516203E-18,  0.000000E+00,  0.000000E+00
  1.309750E+05,  3.891814E-14,  3.502633E-18,  0.000000E+00,  0.000000E+00
  1.311063E+05,  3.875942E-14,  3.488348E-18,  0.000000E+00,  0.000000E+00
  1.312377E+05,  3.859277E-14,  3.473349E-18,  0.000000E+00,  0.000000E+00
  1.313693E+05,  3.842611E-14,  3.458350E-18,  0.000000E+00,  0.000000E+00
  1.315010E+05,  3.826739E-14,  3.444065E-18,  0.000000E+00,  0.000000E+00
  1.316328E+05,  3.810073E-14,  3.429066E-18,  0.000000E+00,  0.000000E+00
  1.317648E+05,  3.793408E-14,  3.414067E-18,  0.000000E+00,  0.000000E+00
  1.318969E+05,  3.777536E-14,  3.399782E-18,  0.000000E+00,  0.000000E+00
  1.320291E+05,  3.764045E-14,  3.387640E-18,  0.000000E+00,  0.000000E+00
  1.321615E+05,  3.750553E-14,  3.375498E-18,  0.000000E+00,  0.000000E+00
  1.322940E+05,  3.737062E-14,  3.363356E-18,  0.000000E+00,  0.000000E+00
  1.324266E+05,  3.722778E-14,  3.350500E-18,  0.000000E+00,  0.000000E+00
  1.325593E+05,  3.708493E-14,  3.337644E-18,  0.000000E+00,  0.000000E+00
  1.326922E+05,  3.694208E-14,  3.324787E-18,  0.000000E+00,  0.000000E+00
  1.328252E+05,  3.679923E-14,  3.311931E-18,  0.000000E+00,  0.000000E+00
  1.329584E+05,  3.665638E-14,  3.299075E-18,  0.000000E+00,  0.000000E+00
  1.330917E+05,  3.651354E-14,  3.286218E-18,  0.000000E+00,  0.000000E+00
  1.332251E+05,  3.637069E-14,  3.273362E-18,  0.000000E+00,  0.000000E+00
  1.333587E+05,  3.622784E-14,  3.260506E-18,  0.000000E+00,  0.000000E+00
  1.334924E+05,  3.608499E-14,  3.247649E-18,  0.000000E+00,  0.000000E+00
  1.336262E+05,  3.594214E-14,  3.234793E-18,  0.000000E+00,  0.000000E+00
  1.337602E+05,  3.579929E-14,  3.221937E-18,  0.000000E+00,  0.000000E+00
  1.338943E+05,  3.565645E-14,  3.209080E-18,  0.000000E+00,  0.000000E+00
  1.340285E+05,  3.551360E-14,  3.196224E-18,  0.000000E+00,  0.000000E+00
  1.341628E+05,  3.537075E-14,  3.183368E-18,  0.000000E+00,  0.000000E+00
  1.342973E+05,  3.523584E-14,  3.171226E-18,  0.000000E+00,  0.000000E+00
  1.344320E+05,  3.509299E-14,  3.158369E-18,  0.000000E+00,  0.000000E+00
  1.345667E+05,  3.495014E-14,  3.145513E-18,  0.000000E+00,  0.000000E+00
  1.347016E+05,  3.481523E-14,  3.133371E-18,  0.000000E+00,  0.000000E+00
  1.348367E+05,  3.468032E-14,  3.121229E-18,  0.000000E+00,  0.000000E+00
  1.349719E+05,  3.453747E-14,  3.108372E-18,  0.000000E+00,  0.000000E+00
  1.351072E+05,  3.440256E-14,  3.096230E-18,  0.000000E+00,  0.000000E+00
  1.352426E+05,  3.426765E-14,  3.084088E-18,  0.000000E+00,  0.000000E+00
  1.353782E+05,  3.413273E-14,  3.071946E-18,  0.000000E+00,  0.000000E+00
  1.355139E+05,  3.399782E-14,  3.059804E-18,  0.000000E+00,  0.000000E+00
  1.356498E+05,  3.386291E-14,  3.047662E-18,  0.000000E+00,  0.000000E+00
  1.357858E+05,  3.372800E-14,  3.035520E-18,  0.000000E+00,  0.000000E+00
  1.359219E+05,  3.359309E-14,  3.023378E-18,  0.000000E+00,  0.000000E+00
  1.360581E+05,  3.345817E-14,  3.011236E-18,  0.000000E+00,  0.000000E+00
  1.361945E+05,  3.332326E-14,  2.999094E-18,  0.000000E+00,  0.000000E+00
  1.363311E+05,  3.318835E-14,  2.986952E-18,  0.000000E+00,  0.000000E+00
  1.364677E+05,  3.306138E-14,  2.975524E-18,  0.000000E+00,  0.000000E+00
  1.366046E+05,  3.292646E-14,  2.963382E-18,  0.000000E+00,  0.000000E+00
  1.367415E+05,  3.279949E-14,  2.951954E-18,  0.000000E+00,  0.000000E+00
  1.368786E+05,  3.266457E-14,  2.939812E-18,  0.000000E+00,  0.000000E+00
  1.370158E+05,  3.253760E-14,  2.928384E-18,  0.000000E+00,  0.000000E+00
  1.371532E+05,  3.241062E-14,  2.916956E-18,  0.000000E+00,  0.000000E+00
  1.372907E+05,  3.227571E-14,  2.904814E-18,  0.000000E+00,  0.000000E+00
  1.374283E+05,  3.214874E-14,  2.893386E-18,  0.000000E+00,  0.000000E+00
  1.375661E+05,  3.202176E-14,  2.881958E-18,  0.000000E+00,  0.000000E+00
  1.377040E+05,  3.189479E-14,  2.870531E-18,  0.000000E+00,  0.000000E+00
  1.378420E+05,  3.176781E-14,  2.859103E-18,  0.000000E+00,  0.000000E+00
  1.379802E+05,  3.164083E-14,  2.847675E-18,  0.000000E+00,  0.000000E+00
  1.381185E+05,  3.151385E-14,  2.836247E-18,  0.000000E+00,  0.000000E+00
  1.382570E+05,  3.138688E-14,  2.824819E-18,  0.000000E+00,  0.000000E+00
  1.383956E+05,  3.125990E-14,  2.813391E-18,  0.000000E+00,  0.000000E+00
  1.385343E+05,  3.113293E-14,  2.801963E-18,  0.000000E+00,  0.000000E+00
  1.386732E+05,  3.100595E-14,  2.790536E-18,  0.000000E+00,  0.000000E+00
  1.388122E+05,  3.087898E-14,  2.779108E-18,  0.000000E+00,  0.000000E+00
  1.389514E+05,  3.074406E-14,  2.766966E-18,  0.000000E+00,  0.000000E+00
  1.390907E+05,  3.060122E-14,  2.754110E-18,  0.000000E+00,  0.000000E+00
  1.392301E+05,  3.045837E-14,  2.741253E-18,  0.000000E+00,  0.000000E+00
  1.393697E+05,  3.031552E-14,  2.728397E-18,  0.000000E+00,  0.000000E+00
  1.395094E+05,  3.019648E-14,  2.717683E-18,  0.000000E+00,  0.000000E+00
  1.396493E+05,  3.010125E-14,  2.709112E-18,  0.000000E+00,  0.000000E+00
  1.397893E+05,  3.000602E-14,  2.700542E-18,  0.000000E+00,  0.000000E+00
  1.399294E+05,  2.990285E-14,  2.691256E-18,  0.000000E+00,  0.000000E+00
  1.400697E+05,  2.979174E-14,  2.681257E-18,  0.000000E+00,  0.000000E+00
  1.402101E+05,  2.968064E-14,  2.671258E-18,  0.000000E+00,  0.000000E+00
  1.403507E+05,  2.956160E-14,  2.660544E-18,  0.000000E+00,  0.000000E+00
  1.404914E+05,  2.944256E-14,  2.649830E-18,  0.000000E+00,  0.000000E+00
  1.406322E+05,  2.932352E-14,  2.639117E-18,  0.000000E+00,  0.000000E+00
  1.407732E+05,  2.920448E-14,  2.628403E-18,  0.000000E+00,  0.000000E+00
  1.409144E+05,  2.907750E-14,  2.616975E-18,  0.000000E+00,  0.000000E+00
  1.410556E+05,  2.895053E-14,  2.605548E-18,  0.000000E+00,  0.000000E+00
  1.411970E+05,  2.880768E-14,  2.592691E-18,  0.000000E+00,  0.000000E+00
  1.413386E+05,  2.864102E-14,  2.577692E-18,  0.000000E+00,  0.000000E+00
  1.414803E+05,  2.841088E-14,  2.556979E-18,  0.000000E+00,  0.000000E+00
  1.416221E+05,  2.806963E-14,  2.526267E-18,  0.000000E+00,  0.000000E+00
  1.417641E+05,  2.768077E-14,  2.491269E-18,  0.000000E+00,  0.000000E+00
  1.419062E+05,  2.761728E-14,  2.485555E-18,  0.000000E+00,  0.000000E+00
  1.420485E+05,  2.779981E-14,  2.501983E-18,  0.000000E+00,  0.000000E+00
  1.421909E+05,  2.788710E-14,  2.509839E-18,  0.000000E+00,  0.000000E+00
  1.423334E+05,  2.787123E-14,  2.508411E-18,  0.000000E+00,  0.000000E+00
  1.424761E+05,  2.779981E-14,  2.501983E-18,  0.000000E+00,  0.000000E+00
  1.426189E+05,  2.771251E-14,  2.494126E-18,  0.000000E+00,  0.000000E+00
  1.427619E+05,  2.761728E-14,  2.485555E-18,  0.000000E+00,  0.000000E+00
  1.429050E+05,  2.751411E-14,  2.476270E-18,  0.000000E+00,  0.000000E+00
  1.430483E+05,  2.741094E-14,  2.466985E-18,  0.000000E+00,  0.000000E+00
  1.431917E+05,  2.729984E-14,  2.456986E-18,  0.000000E+00,  0.000000E+00
  1.433352E+05,  2.719667E-14,  2.447700E-18,  0.000000E+00,  0.000000E+00
  1.434789E+05,  2.709350E-14,  2.438415E-18,  0.000000E+00,  0.000000E+00
  1.436228E+05,  2.698240E-14,  2.428416E-18,  0.000000E+00,  0.000000E+00
  1.437668E+05,  2.687923E-14,  2.419131E-18,  0.000000E+00,  0.000000E+00
  1.439109E+05,  2.677606E-14,  2.409846E-18,  0.000000E+00,  0.000000E+00
  1.440552E+05,  2.666496E-14,  2.399846E-18,  0.000000E+00,  0.000000E+00
  1.441996E+05,  2.656179E-14,  2.390561E-18,  0.000000E+00,  0.000000E+00
  1.443441E+05,  2.645862E-14,  2.381276E-18,  0.000000E+00,  0.000000E+00
  1.444888E+05,  2.635546E-14,  2.371991E-18,  0.000000E+00,  0.000000E+00
  1.446337E+05,  2.624435E-14,  2.361992E-18,  0.000000E+00,  0.000000E+00
  1.447787E+05,  2.614118E-14,  2.352707E-18,  0.000000E+00,  0.000000E+00
  1.449238E+05,  2.603802E-14,  2.343421E-18,  0.000000E+00,  0.000000E+00
  1.450691E+05,  2.593485E-14,  2.334136E-18,  0.000000E+00,  0.000000E+00
  1.452145E+05,  2.583168E-14,  2.324851E-18,  0.000000E+00,  0.000000E+00
  1.453601E+05,  2.572851E-14,  2.315566E-18,  0.000000E+00,  0.000000E+00
  1.455058E+05,  2.562534E-14,  2.306281E-18,  0.000000E+00,  0.000000E+00
  1.456517E+05,  2.553011E-14,  2.297710E-18,  0.000000E+00,  0.000000E+00
  1.457977E+05,  2.542694E-14,  2.288425E-18,  0.000000E+00,  0.000000E+00
  1.459439E+05,  2.532378E-14,  2.279140E-18,  0.000000E+00,  0.000000E+00
  1.460902E+05,  2.522061E-14,  2.269855E-18,  0.000000E+00,  0.000000E+00
  1.462367E+05,  2.512538E-14,  2.261284E-18,  0.000000E+00,  0.000000E+00
  1.463833E+05,  2.502221E-14,  2.251999E-18,  0.000000E+00,  0.000000E+00
  1.465300E+05,  2.491904E-14,  2.242714E-18,  0.000000E+00,  0.000000E+00
  1.466769E+05,  2.482381E-14,  2.234143E-18,  0.000000E+00,  0.000000E+00
  1.468239E+05,  2.472064E-14,  2.224858E-18,  0.000000E+00,  0.000000E+00
  1.469711E+05,  2.462541E-14,  2.216287E-18,  0.000000E+00,  0.000000E+00
  1.471185E+05,  2.452224E-14,  2.207002E-18,  0.000000E+00,  0.000000E+00
  1.472660E+05,  2.442701E-14,  2.198431E-18,  0.000000E+00,  0.000000E+00
  1.474136E+05,  2.433178E-14,  2.189860E-18,  0.000000E+00,  0.000000E+00
  1.475614E+05,  2.423654E-14,  2.181289E-18,  0.000000E+00,  0.000000E+00
  1.477093E+05,  2.414131E-14,  2.172718E-18,  0.000000E+00,  0.000000E+00
  1.478574E+05,  2.404608E-14,  2.164147E-18,  0.000000E+00,  0.000000E+00
  1.480056E+05,  2.395085E-14,  2.155576E-18,  0.000000E+00,  0.000000E+00
  1.481540E+05,  2.384768E-14,  2.146291E-18,  0.000000E+00,  0.000000E+00
  1.483025E+05,  2.375245E-14,  2.137720E-18,  0.000000E+00,  0.000000E+00
  1.484512E+05,  2.365721E-14,  2.129149E-18,  0.000000E+00,  0.000000E+00
  1.486000E+05,  2.356198E-14,  2.120579E-18,  0.000000E+00,  0.000000E+00
  1.487490E+05,  2.346675E-14,  2.112008E-18,  0.000000E+00,  0.000000E+00
  1.488981E+05,  2.336358E-14,  2.102723E-18,  0.000000E+00,  0.000000E+00
  1.490474E+05,  2.326042E-14,  2.093437E-18,  0.000000E+00,  0.000000E+00
  1.491968E+05,  2.314931E-14,  2.083438E-18,  0.000000E+00,  0.000000E+00
  1.493464E+05,  2.303027E-14,  2.072725E-18,  0.000000E+00,  0.000000E+00
  1.494961E+05,  2.289536E-14,  2.060582E-18,  0.000000E+00,  0.000000E+00
  1.496460E+05,  2.279219E-14,  2.051297E-18,  0.000000E+00,  0.000000E+00
  1.497960E+05,  2.272870E-14,  2.045583E-18,  0.000000E+00,  0.000000E+00
  1.499461E+05,  2.268109E-14,  2.041298E-18,  0.000000E+00,  0.000000E+00
  1.500965E+05,  2.261760E-14,  2.035584E-18,  0.000000E+00,  0.000000E+00
  1.502469E+05,  2.253824E-14,  2.028442E-18,  0.000000E+00,  0.000000E+00
  1.503976E+05,  2.245888E-14,  2.021299E-18,  0.000000E+00,  0.000000E+00
  1.505483E+05,  2.237158E-14,  2.013443E-18,  0.000000E+00,  0.000000E+00
  1.506993E+05,  2.228429E-14,  2.005586E-18,  0.000000E+00,  0.000000E+00
  1.508503E+05,  2.219699E-14,  1.997729E-18,  0.000000E+00,  0.000000E+00
  1.510016E+05,  2.210970E-14,  1.989873E-18,  0.000000E+00,  0.000000E+00
  1.511529E+05,  2.202240E-14,  1.982016E-18,  0.000000E+00,  0.000000E+00
  1.513045E+05,  2.193510E-14,  1.974159E-18,  0.000000E+00,  0.000000E+00
  1.514562E+05,  2.184781E-14,  1.966303E-18,  0.000000E+00,  0.000000E+00
  1.516080E+05,  2.176051E-14,  1.958446E-18,  0.000000E+00,  0.000000E+00
  1.517600E+05,  2.167321E-14,  1.950589E-18,  0.000000E+00,  0.000000E+00
  1.519121E+05,  2.158592E-14,  1.942733E-18,  0.000000E+00,  0.000000E+00
  1.520644E+05,  2.149863E-14,  1.934876E-18,  0.000000E+00,  0.000000E+00
  1.522169E+05,  2.141133E-14,  1.927020E-18,  0.000000E+00,  0.000000E+00
  1.523695E+05,  2.133197E-14,  1.919877E-18,  0.000000E+00,  0.000000E+00
  1.525222E+05,  2.124467E-14,  1.912021E-18,  0.000000E+00,  0.000000E+00
  1.526751E+05,  2.116531E-14,  1.904878E-18,  0.000000E+00,  0.000000E+00
  1.528282E+05,  2.107802E-14,  1.897021E-18,  0.000000E+00,  0.000000E+00
  1.529814E+05,  2.099866E-14,  1.889879E-18,  0.000000E+00,  0.000000E+00
  1.531347E+05,  2.091136E-14,  1.882022E-18,  0.000000E+00,  0.000000E+00
  1.532883E+05,  2.083200E-14,  1.874880E-18,  0.000000E+00,  0.000000E+00
  1.534419E+05,  2.075264E-14,  1.867738E-18,  0.000000E+00,  0.000000E+00
  1.535958E+05,  2.066534E-14,  1.859881E-18,  0.000000E+00,  0.000000E+00
  1.537497E+05,  2.058598E-14,  1.852739E-18,  0.000000E+00,  0.000000E+00
  1.539039E+05,  2.050662E-14,  1.845596E-18,  0.000000E+00,  0.000000E+00
  1.540582E+05,  2.041933E-14,  1.837740E-18,  0.000000E+00,  0.000000E+00
  1.542126E+05,  2.033997E-14,  1.830597E-18,  0.000000E+00,  0.000000E+00
  1.543672E+05,  2.025267E-14,  1.822740E-18,  0.000000E+00,  0.000000E+00
  1.545220E+05,  2.017331E-14,  1.815598E-18,  0.000000E+00,  0.000000E+00
  1.546769E+05,  2.009395E-14,  1.808456E-18,  0.000000E+00,  0.000000E+00
  1.548319E+05,  2.001459E-14,  1.801313E-18,  0.000000E+00,  0.000000E+00
  1.549871E+05,  1.993523E-14,  1.794171E-18,  0.000000E+00,  0.000000E+00
  1.551425E+05,  1.985587E-14,  1.787029E-18,  0.000000E+00,  0.000000E+00
  1.552981E+05,  1.977651E-14,  1.779886E-18,  0.000000E+00,  0.000000E+00
  1.554537E+05,  1.969715E-14,  1.772744E-18,  0.000000E+00,  0.000000E+00
  1.556096E+05,  1.961779E-14,  1.765601E-18,  0.000000E+00,  0.000000E+00
  1.557656E+05,  1.954637E-14,  1.759173E-18,  0.000000E+00,  0.000000E+00
  1.559217E+05,  1.946701E-14,  1.752031E-18,  0.000000E+00,  0.000000E+00
  1.560780E+05,  1.938765E-14,  1.744888E-18,  0.000000E+00,  0.000000E+00
  1.562345E+05,  1.930829E-14,  1.737746E-18,  0.000000E+00,  0.000000E+00
  1.563911E+05,  1.923686E-14,  1.731318E-18,  0.000000E+00,  0.000000E+00
  1.565479E+05,  1.915750E-14,  1.724175E-18,  0.000000E+00,  0.000000E+00
  1.567049E+05,  1.907814E-14,  1.717033E-18,  0.000000E+00,  0.000000E+00
  1.568620E+05,  1.900672E-14,  1.710605E-18,  0.000000E+00,  0.000000E+00
  1.570192E+05,  1.892736E-14,  1.703462E-18,  0.000000E+00,  0.000000E+00
  1.571766E+05,  1.885594E-14,  1.697034E-18,  0.000000E+00,  0.000000E+00
  1.573342E+05,  1.877658E-14,  1.689892E-18,  0.000000E+00,  0.000000E+00
  1.574919E+05,  1.870515E-14,  1.683464E-18,  0.000000E+00,  0.000000E+00
  1.576498E+05,  1.862579E-14,  1.676321E-18,  0.000000E+00,  0.000000E+00
  1.578079E+05,  1.854643E-14,  1.669179E-18,  0.000000E+00,  0.000000E+00
  1.579661E+05,  1.847501E-14,  1.662751E-18,  0.000000E+00,  0.000000E+00
  1.581244E+05,  1.839565E-14,  1.655608E-18,  0.000000E+00,  0.000000E+00
  1.582829E+05,  1.832423E-14,  1.649180E-18,  0.000000E+00,  0.000000E+00
  1.584416E+05,  1.825280E-14,  1.642752E-18,  0.000000E+00,  0.000000E+00
  1.586005E+05,  1.818138E-14,  1.636324E-18,  0.000000E+00,  0.000000E+00
  1.587594E+05,  1.811789E-14,  1.630610E-18,  0.000000E+00,  0.000000E+00
  1.589186E+05,  1.804646E-14,  1.624182E-18,  0.000000E+00,  0.000000E+00
  1.590779E+05,  1.797504E-14,  1.617754E-18,  0.000000E+00,  0.000000E+00
  1.592374E+05,  1.790362E-14,  1.611325E-18,  0.000000E+00,  0.000000E+00
  1.593970E+05,  1.783219E-14,  1.604897E-18,  0.000000E+00,  0.000000E+00
  1.595568E+05,  1.776077E-14,  1.598469E-18,  0.000000E+00,  0.000000E+00
  1.597168E+05,  1.768934E-14,  1.592041E-18,  0.000000E+00,  0.000000E+00
  1.598769E+05,  1.761792E-14,  1.585613E-18,  0.000000E+00,  0.000000E+00
  1.600372E+05,  1.754650E-14,  1.579185E-18,  0.000000E+00,  0.000000E+00
  1.601976E+05,  1.747507E-14,  1.572757E-18,  0.000000E+00,  0.000000E+00
  1.603582E+05,  1.740365E-14,  1.566328E-18,  0.000000E+00,  0.000000E+00
  1.605190E+05,  1.734016E-14,  1.560614E-18,  0.000000E+00,  0.000000E+00
  1.606799E+05,  1.726873E-14,  1.554186E-18,  0.000000E+00,  0.000000E+00
  1.608410E+05,  1.719731E-14,  1.547758E-18,  0.000000E+00,  0.000000E+00
  1.610022E+05,  1.712589E-14,  1.541330E-18,  0.000000E+00,  0.000000E+00
  1.611636E+05,  1.704653E-14,  1.534188E-18,  0.000000E+00,  0.000000E+00
  1.613252E+05,  1.696717E-14,  1.527045E-18,  0.000000E+00,  0.000000E+00
  1.614869E+05,  1.687987E-14,  1.519189E-18,  0.000000E+00,  0.000000E+00
  1.616488E+05,  1.675290E-14,  1.507761E-18,  0.000000E+00,  0.000000E+00
  1.618109E+05,  1.653069E-14,  1.487762E-18,  0.000000E+00,  0.000000E+00
  1.619731E+05,  1.618150E-14,  1.456335E-18,  0.000000E+00,  0.000000E+00
  1.621355E+05,  1.605453E-14,  1.444908E-18,  0.000000E+00,  0.000000E+00
  1.622980E+05,  1.626086E-14,  1.463478E-18,  0.000000E+00,  0.000000E+00
  1.624607E+05,  1.639578E-14,  1.475620E-18,  0.000000E+00,  0.000000E+00
  1.626236E+05,  1.640371E-14,  1.476334E-18,  0.000000E+00,  0.000000E+00
  1.627866E+05,  1.636403E-14,  1.472763E-18,  0.000000E+00,  0.000000E+00
  1.629498E+05,  1.630848E-14,  1.467763E-18,  0.000000E+00,  0.000000E+00
  1.631132E+05,  1.624499E-14,  1.462049E-18,  0.000000E+00,  0.000000E+00
  1.632767E+05,  1.618150E-14,  1.456335E-18,  0.000000E+00,  0.000000E+00
  1.634404E+05,  1.611008E-14,  1.449907E-18,  0.000000E+00,  0.000000E+00
  1.636042E+05,  1.603072E-14,  1.442765E-18,  0.000000E+00,  0.000000E+00
  1.637682E+05,  1.593549E-14,  1.434194E-18,  0.000000E+00,  0.000000E+00
  1.639324E+05,  1.581645E-14,  1.423480E-18,  0.000000E+00,  0.000000E+00
  1.640967E+05,  1.570534E-14,  1.413481E-18,  0.000000E+00,  0.000000E+00
  1.642612E+05,  1.568154E-14,  1.411338E-18,  0.000000E+00,  0.000000E+00
  1.644259E+05,  1.567360E-14,  1.410624E-18,  0.000000E+00,  0.000000E+00
  1.645908E+05,  1.564979E-14,  1.408481E-18,  0.000000E+00,  0.000000E+00
  1.647558E+05,  1.560218E-14,  1.404196E-18,  0.000000E+00,  0.000000E+00
  1.649209E+05,  1.555456E-14,  1.399910E-18,  0.000000E+00,  0.000000E+00
  1.650863E+05,  1.549901E-14,  1.394911E-18,  0.000000E+00,  0.000000E+00
  1.652518E+05,  1.543552E-14,  1.389197E-18,  0.000000E+00,  0.000000E+00
  1.654174E+05,  1.537203E-14,  1.383483E-18,  0.000000E+00,  0.000000E+00
  1.655833E+05,  1.530854E-14,  1.377769E-18,  0.000000E+00,  0.000000E+00
  1.657493E+05,  1.524506E-14,  1.372055E-18,  0.000000E+00,  0.000000E+00
  1.659154E+05,  1.518157E-14,  1.366341E-18,  0.000000E+00,  0.000000E+00
  1.660817E+05,  1.512602E-14,  1.361341E-18,  0.000000E+00,  0.000000E+00
  1.662482E+05,  1.507046E-14,  1.356342E-18,  0.000000E+00,  0.000000E+00
  1.664149E+05,  1.500698E-14,  1.350628E-18,  0.000000E+00,  0.000000E+00
  1.665817E+05,  1.495142E-14,  1.345628E-18,  0.000000E+00,  0.000000E+00
  1.667487E+05,  1.489587E-14,  1.340629E-18,  0.000000E+00,  0.000000E+00
  1.669159E+05,  1.484032E-14,  1.335629E-18,  0.000000E+00,  0.000000E+00
  1.670832E+05,  1.477683E-14,  1.329915E-18,  0.000000E+00,  0.000000E+00
  1.672507E+05,  1.472128E-14,  1.324915E-18,  0.000000E+00,  0.000000E+00
  1.674184E+05,  1.465779E-14,  1.319201E-18,  0.000000E+00,  0.000000E+00
  1.675862E+05,  1.459430E-14,  1.313487E-18,  0.000000E+00,  0.000000E+00
  1.677542E+05,  1.453875E-14,  1.308488E-18,  0.000000E+00,  0.000000E+00
  1.679224E+05,  1.446733E-14,  1.302060E-18,  0.000000E+00,  0.000000E+00
  1.680908E+05,  1.439590E-14,  1.295631E-18,  0.000000E+00,  0.000000E+00
  1.682593E+05,  1.430861E-14,  1.287775E-18,  0.000000E+00,  0.000000E+00
  1.684280E+05,  1.418163E-14,  1.276347E-18,  0.000000E+00,  0.000000E+00
  1.685968E+05,  1.396736E-14,  1.257062E-18,  0.000000E+00,  0.000000E+00
  1.687658E+05,  1.376102E-14,  1.238492E-18,  0.000000E+00,  0.000000E+00
  1.689350E+05,  1.379277E-14,  1.241349E-18,  0.000000E+00,  0.000000E+00
  1.691044E+05,  1.391974E-14,  1.252777E-18,  0.000000E+00,  0.000000E+00
  1.692739E+05,  1.395942E-14,  1.256348E-18,  0.000000E+00,  0.000000E+00
  1.694436E+05,  1.393562E-14,  1.254205E-18,  0.000000E+00,  0.000000E+00
  1.696135E+05,  1.390387E-14,  1.251348E-18,  0.000000E+00,  0.000000E+00
  1.697835E+05,  1.385626E-14,  1.247063E-18,  0.000000E+00,  0.000000E+00
  1.699537E+05,  1.380864E-14,  1.242778E-18,  0.000000E+00,  0.000000E+00
  1.701241E+05,  1.375309E-14,  1.237778E-18,  0.000000E+00,  0.000000E+00
  1.702946E+05,  1.369754E-14,  1.232778E-18,  0.000000E+00,  0.000000E+00
  1.704654E+05,  1.364992E-14,  1.228493E-18,  0.000000E+00,  0.000000E+00
  1.706362E+05,  1.359437E-14,  1.223493E-18,  0.000000E+00,  0.000000E+00
  1.708073E+05,  1.353882E-14,  1.218493E-18,  0.000000E+00,  0.000000E+00
  1.709785E+05,  1.348326E-14,  1.213494E-18,  0.000000E+00,  0.000000E+00
  1.711500E+05,  1.343565E-14,  1.209208E-18,  0.000000E+00,  0.000000E+00
  1.713215E+05,  1.338010E-14,  1.204209E-18,  0.000000E+00,  0.000000E+00
  1.714933E+05,  1.332454E-14,  1.199209E-18,  0.000000E+00,  0.000000E+00
  1.716652E+05,  1.327693E-14,  1.194924E-18,  0.000000E+00,  0.000000E+00
  1.718373E+05,  1.322138E-14,  1.189924E-18,  0.000000E+00,  0.000000E+00
  1.720096E+05,  1.316582E-14,  1.184924E-18,  0.000000E+00,  0.000000E+00
  1.721820E+05,  1.311821E-14,  1.180639E-18,  0.000000E+00,  0.000000E+00
  1.723546E+05,  1.306266E-14,  1.175639E-18,  0.000000E+00,  0.000000E+00
  1.725274E+05,  1.301504E-14,  1.171354E-18,  0.000000E+00,  0.000000E+00
  1.727004E+05,  1.295949E-14,  1.166354E-18,  0.000000E+00,  0.000000E+00
  1.728735E+05,  1.291187E-14,  1.162068E-18,  0.000000E+00,  0.000000E+00
  1.730468E+05,  1.285632E-14,  1.157069E-18,  0.000000E+00,  0.000000E+00
  1.732203E+05,  1.280870E-14,  1.152783E-18,  0.000000E+00,  0.000000E+00
  1.733939E+05,  1.275315E-14,  1.147784E-18,  0.000000E+00,  0.000000E+00
  1.735678E+05,  1.270554E-14,  1.143498E-18,  0.000000E+00,  0.000000E+00
  1.737418E+05,  1.265792E-14,  1.139213E-18,  0.000000E+00,  0.000000E+00
  1.739159E+05,  1.260237E-14,  1.134213E-18,  0.000000E+00,  0.000000E+00
  1.740903E+05,  1.255475E-14,  1.129928E-18,  0.000000E+00,  0.000000E+00
  1.742648E+05,  1.249920E-14,  1.124928E-18,  0.000000E+00,  0.000000E+00
  1.744395E+05,  1.245158E-14,  1.120643E-18,  0.000000E+00,  0.000000E+00
  1.746144E+05,  1.240397E-14,  1.116357E-18,  0.000000E+00,  0.000000E+00
  1.747894E+05,  1.234842E-14,  1.111357E-18,  0.000000E+00,  0.000000E+00
  1.749647E+05,  1.230080E-14,  1.107072E-18,  0.000000E+00,  0.000000E+00
  1.751401E+05,  1.225318E-14,  1.102787E-18,  0.000000E+00,  0.000000E+00
  1.753157E+05,  1.219763E-14,  1.097787E-18,  0.000000E+00,  0.000000E+00
  1.754914E+05,  1.215002E-14,  1.093501E-18,  0.000000E+00,  0.000000E+00
  1.756673E+05,  1.209446E-14,  1.088502E-18,  0.000000E+00,  0.000000E+00
  1.758434E+05,  1.203891E-14,  1.083502E-18,  0.000000E+00,  0.000000E+00
  1.760197E+05,  1.198336E-14,  1.078502E-18,  0.000000E+00,  0.000000E+00
  1.761962E+05,  1.194368E-14,  1.074931E-18,  0.000000E+00,  0.000000E+00
  1.763728E+05,  1.190400E-14,  1.071360E-18,  0.000000E+00,  0.000000E+00
  1.765496E+05,  1.185638E-14,  1.067075E-18,  0.000000E+00,  0.000000E+00
  1.767266E+05,  1.181670E-14,  1.063503E-18,  0.000000E+00,  0.000000E+00
  1.769038E+05,  1.176909E-14,  1.059218E-18,  0.000000E+00,  0.000000E+00
  1.770811E+05,  1.172941E-14,  1.055647E-18,  0.000000E+00,  0.000000E+00
  1.772587E+05,  1.168179E-14,  1.051361E-18,  0.000000E+00,  0.000000E+00
  1.774364E+05,  1.163418E-14,  1.047076E-18,  0.000000E+00,  0.000000E+00
  1.776142E+05,  1.159450E-14,  1.043505E-18,  0.000000E+00,  0.000000E+00
  1.777923E+05,  1.154688E-14,  1.039219E-18,  0.000000E+00,  0.000000E+00
  1.779705E+05,  1.149926E-14,  1.034934E-18,  0.000000E+00,  0.000000E+00
  1.781490E+05,  1.145165E-14,  1.030648E-18,  0.000000E+00,  0.000000E+00
  1.783276E+05,  1.141197E-14,  1.027077E-18,  0.000000E+00,  0.000000E+00
  1.785063E+05,  1.136435E-14,  1.022792E-18,  0.000000E+00,  0.000000E+00
  1.786853E+05,  1.131674E-14,  1.018506E-18,  0.000000E+00,  0.000000E+00
  1.788644E+05,  1.126912E-14,  1.014221E-18,  0.000000E+00,  0.000000E+00
  1.790437E+05,  1.122944E-14,  1.010650E-18,  0.000000E+00,  0.000000E+00
  1.792232E+05,  1.118182E-14,  1.006364E-18,  0.000000E+00,  0.000000E+00
  1.794029E+05,  1.113421E-14,  1.002079E-18,  0.000000E+00,  0.000000E+00
  1.795827E+05,  1.109453E-14,  9.985075E-19,  0.000000E+00,  0.000000E+00
  1.797628E+05,  1.104691E-14,  9.942221E-19,  0.000000E+00,  0.000000E+00
  1.799430E+05,  1.100723E-14,  9.906509E-19,  0.000000E+00,  0.000000E+00
  1.801234E+05,  1.095962E-14,  9.863655E-19,  0.000000E+00,  0.000000E+00
  1.803039E+05,  1.091994E-14,  9.827943E-19,  0.000000E+00,  0.000000E+00
  1.804847E+05,  1.087232E-14,  9.785088E-19,  0.000000E+00,  0.000000E+00
  1.806656E+05,  1.083264E-14,  9.749376E-19,  0.000000E+00,  0.000000E+00
  1.808468E+05,  1.078502E-14,  9.706522E-19,  0.000000E+00,  0.000000E+00
  1.810281E+05,  1.074534E-14,  9.670810E-19,  0.000000E+00,  0.000000E+00
  1.812095E+05,  1.070566E-14,  9.635098E-19,  0.000000E+00,  0.000000E+00
  1.813912E+05,  1.065805E-14,  9.592243E-19,  0.000000E+00,  0.000000E+00
  1.815730E+05,  1.061837E-14,  9.556531E-19,  0.000000E+00,  0.000000E+00
  1.817551E+05,  1.057869E-14,  9.520819E-19,  0.000000E+00,  0.000000E+00
  1.819373E+05,  1.053107E-14,  9.477965E-19,  0.000000E+00,  0.000000E+00
  1.821197E+05,  1.049139E-14,  9.442253E-19,  0.000000E+00,  0.000000E+00
  1.823023E+05,  1.045171E-14,  9.406540E-19,  0.000000E+00,  0.000000E+00
  1.824850E+05,  1.040410E-14,  9.363686E-19,  0.000000E+00,  0.000000E+00
  1.826679E+05,  1.036442E-14,  9.327975E-19,  0.000000E+00,  0.000000E+00
  1.828511E+05,  1.032474E-14,  9.292263E-19,  0.000000E+00,  0.000000E+00
  1.830344E+05,  1.028506E-14,  9.256551E-19,  0.000000E+00,  0.000000E+00
  1.832179E+05,  1.024538E-14,  9.220839E-19,  0.000000E+00,  0.000000E+00
  1.834016E+05,  1.019776E-14,  9.177984E-19,  0.000000E+00,  0.000000E+00
  1.835854E+05,  1.015808E-14,  9.142272E-19,  0.000000E+00,  0.000000E+00
  1.837695E+05,  1.011840E-14,  9.106560E-19,  0.000000E+00,  0.000000E+00
  1.839537E+05,  1.007872E-14,  9.070848E-19,  0.000000E+00,  0.000000E+00
  1.841381E+05,  1.003904E-14,  9.035136E-19,  0.000000E+00,  0.000000E+00
  1.843227E+05,  9.999360E-15,  8.999424E-19,  0.000000E+00,  0.000000E+00
  1.845075E+05,  9.959680E-15,  8.963712E-19,  0.000000E+00,  0.000000E+00
  1.846925E+05,  9.920000E-15,  8.928000E-19,  0.000000E+00,  0.000000E+00
  1.848776E+05,  9.872384E-15,  8.885146E-19,  0.000000E+00,  0.000000E+00
  1.850629E+05,  9.832704E-15,  8.849434E-19,  0.000000E+00,  0.000000E+00
  1.852485E+05,  9.785088E-15,  8.806579E-19,  0.000000E+00,  0.000000E+00
  1.854342E+05,  9.737472E-15,  8.763725E-19,  0.000000E+00,  0.000000E+00
  1.856201E+05,  9.681919E-15,  8.713728E-19,  0.000000E+00,  0.000000E+00
  1.858062E+05,  9.602560E-15,  8.642304E-19,  0.000000E+00,  0.000000E+00
  1.859924E+05,  9.491456E-15,  8.542311E-19,  0.000000E+00,  0.000000E+00
  1.861789E+05,  9.427968E-15,  8.485171E-19,  0.000000E+00,  0.000000E+00
  1.863655E+05,  9.443840E-15,  8.499456E-19,  0.000000E+00,  0.000000E+00
  1.865524E+05,  9.467648E-15,  8.520883E-19,  0.000000E+00,  0.000000E+00
  1.867394E+05,  9.459712E-15,  8.513741E-19,  0.000000E+00,  0.000000E+00
  1.869266E+05,  9.435904E-15,  8.492314E-19,  0.000000E+00,  0.000000E+00
  1.871140E+05,  9.404160E-15,  8.463744E-19,  0.000000E+00,  0.000000E+00
  1.873016E+05,  9.372416E-15,  8.435175E-19,  0.000000E+00,  0.000000E+00
  1.874893E+05,  9.332736E-15,  8.399463E-19,  0.000000E+00,  0.000000E+00
  1.876773E+05,  9.300992E-15,  8.370893E-19,  0.000000E+00,  0.000000E+00
  1.878654E+05,  9.261312E-15,  8.335181E-19,  0.000000E+00,  0.000000E+00
  1.880538E+05,  9.229568E-15,  8.306611E-19,  0.000000E+00,  0.000000E+00
  1.882423E+05,  9.189888E-15,  8.270899E-19,  0.000000E+00,  0.000000E+00
  1.884310E+05,  9.150208E-15,  8.235187E-19,  0.000000E+00,  0.000000E+00
  1.886199E+05,  9.118464E-15,  8.206618E-19,  0.000000E+00,  0.000000E+00
  1.888090E+05,  9.078784E-15,  8.170906E-19,  0.000000E+00,  0.000000E+00
  1.889983E+05,  9.039104E-15,  8.135194E-19,  0.000000E+00,  0.000000E+00
  1.891878E+05,  8.999424E-15,  8.099481E-19,  0.000000E+00,  0.000000E+00
  1.893774E+05,  8.951808E-15,  8.056627E-19,  0.000000E+00,  0.000000E+00
  1.895673E+05,  8.904192E-15,  8.013773E-19,  0.000000E+00,  0.000000E+00
  1.897573E+05,  8.856576E-15,  7.970919E-19,  0.000000E+00,  0.000000E+00
  1.899476E+05,  8.816895E-15,  7.935206E-19,  0.000000E+00,  0.000000E+00
  1.901380E+05,  8.761344E-15,  7.885210E-19,  0.000000E+00,  0.000000E+00
  1.903286E+05,  8.642304E-15,  7.778074E-19,  0.000000E+00,  0.000000E+00
  1.905194E+05,  8.443904E-15,  7.599514E-19,  0.000000E+00,  0.000000E+00
  1.907104E+05,  8.428032E-15,  7.585229E-19,  0.000000E+00,  0.000000E+00
  1.909016E+05,  8.555008E-15,  7.699507E-19,  0.000000E+00,  0.000000E+00
  1.910930E+05,  8.610560E-15,  7.749504E-19,  0.000000E+00,  0.000000E+00
  1.912845E+05,  8.602624E-15,  7.742362E-19,  0.000000E+00,  0.000000E+00
  1.914763E+05,  8.578816E-15,  7.720935E-19,  0.000000E+00,  0.000000E+00
  1.916682E+05,  8.547072E-15,  7.692364E-19,  0.000000E+00,  0.000000E+00
  1.918604E+05,  8.515328E-15,  7.663795E-19,  0.000000E+00,  0.000000E+00
  1.920527E+05,  8.483584E-15,  7.635226E-19,  0.000000E+00,  0.000000E+00
  1.922453E+05,  8.451840E-15,  7.606656E-19,  0.000000E+00,  0.000000E+00
  1.924380E+05,  8.420096E-15,  7.578087E-19,  0.000000E+00,  0.000000E+00
  1.926309E+05,  8.388352E-15,  7.549517E-19,  0.000000E+00,  0.000000E+00
  1.928240E+05,  8.356608E-15,  7.520947E-19,  0.000000E+00,  0.000000E+00
  1.930173E+05,  8.316928E-15,  7.485235E-19,  0.000000E+00,  0.000000E+00
  1.932108E+05,  8.285184E-15,  7.456666E-19,  0.000000E+00,  0.000000E+00
  1.934045E+05,  8.253440E-15,  7.428096E-19,  0.000000E+00,  0.000000E+00
  1.935984E+05,  8.221696E-15,  7.399527E-19,  0.000000E+00,  0.000000E+00
  1.937925E+05,  8.189952E-15,  7.370957E-19,  0.000000E+00,  0.000000E+00
  1.939868E+05,  8.158208E-15,  7.342387E-19,  0.000000E+00,  0.000000E+00
  1.941812E+05,  8.126464E-15,  7.313818E-19,  0.000000E+00,  0.000000E+00
  1.943759E+05,  8.086784E-15,  7.278106E-19,  0.000000E+00,  0.000000E+00
  1.945708E+05,  8.055040E-15,  7.249536E-19,  0.000000E+00,  0.000000E+00
  1.947658E+05,  8.023296E-15,  7.220967E-19,  0.000000E+00,  0.000000E+00
  1.949611E+05,  7.991552E-15,  7.192397E-19,  0.000000E+00,  0.000000E+00
  1.951565E+05,  7.959808E-15,  7.163827E-19,  0.000000E+00,  0.000000E+00
  1.953522E+05,  7.928858E-15,  7.135972E-19,  0.000000E+00,  0.000000E+00
  1.955480E+05,  7.897907E-15,  7.108116E-19,  0.000000E+00,  0.000000E+00
  1.957441E+05,  7.866957E-15,  7.080261E-19,  0.000000E+00,  0.000000E+00
  1.959403E+05,  7.836006E-15,  7.052406E-19,  0.000000E+00,  0.000000E+00
  1.961367E+05,  7.805056E-15,  7.024551E-19,  0.000000E+00,  0.000000E+00
  1.963333E+05,  7.774899E-15,  6.997409E-19,  0.000000E+00,  0.000000E+00
  1.965302E+05,  7.743949E-15,  6.969554E-19,  0.000000E+00,  0.000000E+00
  1.967272E+05,  7.712998E-15,  6.941698E-19,  0.000000E+00,  0.000000E+00
  1.969244E+05,  7.682048E-15,  6.913843E-19,  0.000000E+00,  0.000000E+00
  1.971218E+05,  7.651891E-15,  6.886702E-19,  0.000000E+00,  0.000000E+00
  1.973194E+05,  7.621735E-15,  6.859562E-19,  0.000000E+00,  0.000000E+00
  1.975173E+05,  7.590784E-15,  6.831706E-19,  0.000000E+00,  0.000000E+00
  1.977153E+05,  7.560627E-15,  6.804564E-19,  0.000000E+00,  0.000000E+00
  1.979135E+05,  7.530470E-15,  6.777423E-19,  0.000000E+00,  0.000000E+00
  1.981119E+05,  7.501107E-15,  6.750996E-19,  0.000000E+00,  0.000000E+00
  1.983105E+05,  7.470950E-15,  6.723855E-19,  0.000000E+00,  0.000000E+00
  1.985093E+05,  7.440793E-15,  6.696714E-19,  0.000000E+00,  0.000000E+00
  1.987083E+05,  7.411431E-15,  6.670288E-19,  0.000000E+00,  0.000000E+00
  1.989075E+05,  7.382067E-15,  6.643861E-19,  0.000000E+00,  0.000000E+00
  1.991069E+05,  7.352704E-15,  6.617434E-19,  0.000000E+00,  0.000000E+00
  1.993065E+05,  7.323341E-15,  6.591007E-19,  0.000000E+00,  0.000000E+00
  1.995063E+05,  7.293978E-15,  6.564580E-19,  0.000000E+00,  0.000000E+00
  1.997063E+05,  7.264614E-15,  6.538153E-19,  0.000000E+00,  0.000000E+00
  1.999065E+05,  7.236045E-15,  6.512441E-19,  0.000000E+00,  0.000000E+00
  2.001069E+05,  7.207475E-15,  6.486728E-19,  0.000000E+00,  0.000000E+00
  2.003075E+05,  7.178906E-15,  6.461015E-19,  0.000000E+00,  0.000000E+00
  2.005084E+05,  7.150336E-15,  6.435302E-19,  0.000000E+00,  0.000000E+00
  2.007094E+05,  7.121767E-15,  6.409590E-19,  0.000000E+00,  0.000000E+00
  2.009106E+05,  7.093197E-15,  6.383877E-19,  0.000000E+00,  0.000000E+00
  2.011120E+05,  7.064627E-15,  6.358164E-19,  0.000000E+00,  0.000000E+00
  2.013136E+05,  7.036851E-15,  6.333166E-19,  0.000000E+00,  0.000000E+00
  2.015154E+05,  7.009075E-15,  6.308168E-19,  0.000000E+00,  0.000000E+00
  2.017174E+05,  6.980506E-15,  6.282455E-19,  0.000000E+00,  0.000000E+00
  2.019197E+05,  6.952729E-15,  6.257456E-19,  0.000000E+00,  0.000000E+00
  2.021221E+05,  6.924953E-15,  6.232458E-19,  0.000000E+00,  0.000000E+00
  2.023247E+05,  6.897971E-15,  6.208174E-19,  0.000000E+00,  0.000000E+00
  2.025275E+05,  6.870195E-15,  6.183176E-19,  0.000000E+00,  0.000000E+00
  2.027306E+05,  6.842419E-15,  6.158177E-19,  0.000000E+00,  0.000000E+00
  2.029338E+05,  6.815437E-15,  6.133893E-19,  0.000000E+00,  0.000000E+00
  2.031373E+05,  6.787661E-15,  6.108895E-19,  0.000000E+00,  0.000000E+00
  2.033409E+05,  6.760678E-15,  6.084610E-19,  0.000000E+00,  0.000000E+00
  2.035448E+05,  6.733696E-15,  6.060326E-19,  0.000000E+00,  0.000000E+00
  2.037488E+05,  6.706714E-15,  6.036042E-19,  0.000000E+00,  0.000000E+00
  2.039531E+05,  6.678937E-15,  6.011044E-19,  0.000000E+00,  0.000000E+00
  2.041575E+05,  6.651955E-15,  5.986760E-19,  0.000000E+00,  0.000000E+00
  2.043622E+05,  6.624973E-15,  5.962476E-19,  0.000000E+00,  0.000000E+00
  2.045671E+05,  6.597197E-15,  5.937477E-19,  0.000000E+00,  0.000000E+00
  2.047722E+05,  6.570214E-15,  5.913193E-19,  0.000000E+00,  0.000000E+00
  2.049774E+05,  6.542438E-15,  5.888195E-19,  0.000000E+00,  0.000000E+00
  2.051829E+05,  6.515456E-15,  5.863910E-19,  0.000000E+00,  0.000000E+00
  2.053886E+05,  6.490061E-15,  5.841055E-19,  0.000000E+00,  0.000000E+00
  2.055945E+05,  6.465459E-15,  5.818913E-19,  0.000000E+00,  0.000000E+00
  2.058006E+05,  6.440064E-15,  5.796058E-19,  0.000000E+00,  0.000000E+00
  2.060069E+05,  6.415462E-15,  5.773916E-19,  0.000000E+00,  0.000000E+00
  2.062135E+05,  6.390861E-15,  5.751775E-19,  0.000000E+00,  0.000000E+00
  2.064202E+05,  6.365466E-15,  5.728919E-19,  0.000000E+00,  0.000000E+00
  2.066271E+05,  6.340070E-15,  5.706063E-19,  0.000000E+00,  0.000000E+00
  2.068343E+05,  6.314675E-15,  5.683208E-19,  0.000000E+00,  0.000000E+00
  2.070416E+05,  6.290073E-15,  5.661066E-19,  0.000000E+00,  0.000000E+00
  2.072492E+05,  6.264678E-15,  5.638210E-19,  0.000000E+00,  0.000000E+00
  2.074570E+05,  6.239283E-15,  5.615355E-19,  0.000000E+00,  0.000000E+00
  2.076649E+05,  6.213888E-15,  5.592499E-19,  0.000000E+00,  0.000000E+00
  2.078731E+05,  6.187699E-15,  5.568929E-19,  0.000000E+00,  0.000000E+00
  2.080815E+05,  6.161510E-15,  5.545359E-19,  0.000000E+00,  0.000000E+00
  2.082901E+05,  6.134528E-15,  5.521075E-19,  0.000000E+00,  0.000000E+00
  2.084989E+05,  6.105165E-15,  5.494649E-19,  0.000000E+00,  0.000000E+00
  2.087079E+05,  6.072627E-15,  5.465364E-19,  0.000000E+00,  0.000000E+00
  2.089172E+05,  6.032947E-15,  5.429653E-19,  0.000000E+00,  0.000000E+00
  2.091266E+05,  5.994061E-15,  5.394655E-19,  0.000000E+00,  0.000000E+00
  2.093363E+05,  5.974221E-15,  5.376799E-19,  0.000000E+00,  0.000000E+00
  2.095461E+05,  5.967078E-15,  5.370370E-19,  0.000000E+00,  0.000000E+00
  2.097562E+05,  5.955968E-15,  5.360371E-19,  0.000000E+00,  0.000000E+00
  2.099665E+05,  5.939302E-15,  5.345372E-19,  0.000000E+00,  0.000000E+00
  2.101770E+05,  5.918669E-15,  5.326802E-19,  0.000000E+00,  0.000000E+00
  2.103877E+05,  5.897242E-15,  5.307518E-19,  0.000000E+00,  0.000000E+00
  2.105986E+05,  5.875020E-15,  5.287519E-19,  0.000000E+00,  0.000000E+00
  2.108097E+05,  5.852006E-15,  5.266806E-19,  0.000000E+00,  0.000000E+00
  2.110210E+05,  5.828992E-15,  5.246093E-19,  0.000000E+00,  0.000000E+00
  2.112326E+05,  5.805978E-15,  5.225380E-19,  0.000000E+00,  0.000000E+00
  2.114444E+05,  5.783756E-15,  5.205381E-19,  0.000000E+00,  0.000000E+00
  2.116563E+05,  5.760742E-15,  5.184668E-19,  0.000000E+00,  0.000000E+00
  2.118685E+05,  5.737728E-15,  5.163955E-19,  0.000000E+00,  0.000000E+00
  2.120809E+05,  5.714714E-15,  5.143242E-19,  0.000000E+00,  0.000000E+00
  2.122935E+05,  5.692492E-15,  5.123243E-19,  0.000000E+00,  0.000000E+00
  2.125064E+05,  5.669478E-15,  5.102530E-19,  0.000000E+00,  0.000000E+00
  2.127194E+05,  5.647258E-15,  5.082532E-19,  0.000000E+00,  0.000000E+00
  2.129326E+05,  5.625037E-15,  5.062533E-19,  0.000000E+00,  0.000000E+00
  2.131461E+05,  5.602022E-15,  5.041820E-19,  0.000000E+00,  0.000000E+00
  2.133598E+05,  5.579802E-15,  5.021822E-19,  0.000000E+00,  0.000000E+00
  2.135737E+05,  5.557580E-15,  5.001823E-19,  0.000000E+00,  0.000000E+00
  2.137878E+05,  5.535360E-15,  4.981824E-19,  0.000000E+00,  0.000000E+00
  2.140021E+05,  5.513139E-15,  4.961825E-19,  0.000000E+00,  0.000000E+00
  2.142166E+05,  5.491712E-15,  4.942541E-19,  0.000000E+00,  0.000000E+00
  2.144314E+05,  5.469491E-15,  4.922542E-19,  0.000000E+00,  0.000000E+00
  2.146464E+05,  5.447270E-15,  4.902543E-19,  0.000000E+00,  0.000000E+00
  2.148615E+05,  5.425843E-15,  4.883259E-19,  0.000000E+00,  0.000000E+00
  2.150769E+05,  5.404416E-15,  4.863974E-19,  0.000000E+00,  0.000000E+00
  2.152926E+05,  5.382195E-15,  4.843976E-19,  0.000000E+00,  0.000000E+00
  2.155084E+05,  5.360768E-15,  4.824691E-19,  0.000000E+00,  0.000000E+00
  2.157244E+05,  5.339341E-15,  4.805407E-19,  0.000000E+00,  0.000000E+00
  2.159407E+05,  5.317913E-15,  4.786122E-19,  0.000000E+00,  0.000000E+00
  2.161572E+05,  5.296486E-15,  4.766838E-19,  0.000000E+00,  0.000000E+00
  2.163739E+05,  5.275059E-15,  4.747553E-19,  0.000000E+00,  0.000000E+00
  2.165908E+05,  5.254426E-15,  4.728983E-19,  0.000000E+00,  0.000000E+00
  2.168079E+05,  5.232998E-15,  4.709699E-19,  0.000000E+00,  0.000000E+00
  2.170253E+05,  5.211571E-15,  4.690414E-19,  0.000000E+00,  0.000000E+00
  2.172428E+05,  5.190144E-15,  4.671130E-19,  0.000000E+00,  0.000000E+00
  2.174606E+05,  5.168717E-15,  4.651845E-19,  0.000000E+00,  0.000000E+00
  2.176786E+05,  5.146496E-15,  4.631846E-19,  0.000000E+00,  0.000000E+00
  2.178969E+05,  5.124275E-15,  4.611848E-19,  0.000000E+00,  0.000000E+00
  2.181153E+05,  5.102054E-15,  4.591849E-19,  0.000000E+00,  0.000000E+00
  2.183340E+05,  5.079834E-15,  4.571850E-19,  0.000000E+00,  0.000000E+00
  2.185528E+05,  5.059994E-15,  4.553994E-19,  0.000000E+00,  0.000000E+00
  2.187719E+05,  5.041741E-15,  4.537567E-19,  0.000000E+00,  0.000000E+00
  2.189913E+05,  5.023488E-15,  4.521139E-19,  0.000000E+00,  0.000000E+00
  2.192108E+05,  5.005235E-15,  4.504712E-19,  0.000000E+00,  0.000000E+00
  2.194306E+05,  4.986189E-15,  4.487570E-19,  0.000000E+00,  0.000000E+00
  2.196505E+05,  4.966349E-15,  4.469714E-19,  0.000000E+00,  0.000000E+00
  2.198707E+05,  4.947302E-15,  4.452572E-19,  0.000000E+00,  0.000000E+00
  2.200912E+05,  4.927463E-15,  4.434716E-19,  0.000000E+00,  0.000000E+00
  2.203118E+05,  4.907623E-15,  4.416860E-19,  0.000000E+00,  0.000000E+00
  2.205327E+05,  4.887782E-15,  4.399004E-19,  0.000000E+00,  0.000000E+00
  2.207538E+05,  4.868736E-15,  4.381862E-19,  0.000000E+00,  0.000000E+00
  2.209751E+05,  4.848896E-15,  4.364006E-19,  0.000000E+00,  0.000000E+00
  2.211966E+05,  4.829056E-15,  4.346150E-19,  0.000000E+00,  0.000000E+00
  2.214183E+05,  4.808422E-15,  4.327580E-19,  0.000000E+00,  0.000000E+00
  2.216403E+05,  4.788582E-15,  4.309724E-19,  0.000000E+00,  0.000000E+00
  2.218625E+05,  4.767949E-15,  4.291154E-19,  0.000000E+00,  0.000000E+00
  2.220849E+05,  4.745728E-15,  4.271155E-19,  0.000000E+00,  0.000000E+00
  2.223076E+05,  4.721920E-15,  4.249728E-19,  0.000000E+00,  0.000000E+00
  2.225304E+05,  4.693350E-15,  4.224015E-19,  0.000000E+00,  0.000000E+00
  2.227535E+05,  4.655258E-15,  4.189732E-19,  0.000000E+00,  0.000000E+00
  2.229768E+05,  4.590183E-15,  4.131164E-19,  0.000000E+00,  0.000000E+00
  2.232004E+05,  4.489395E-15,  4.040456E-19,  0.000000E+00,  0.000000E+00
  2.234241E+05,  4.447334E-15,  4.002601E-19,  0.000000E+00,  0.000000E+00
  2.236481E+05,  4.506061E-15,  4.055455E-19,  0.000000E+00,  0.000000E+00
  2.238723E+05,  4.552090E-15,  4.096881E-19,  0.000000E+00,  0.000000E+00
  2.240967E+05,  4.560819E-15,  4.104737E-19,  0.000000E+00,  0.000000E+00
  2.243214E+05,  4.553677E-15,  4.098309E-19,  0.000000E+00,  0.000000E+00
  2.245463E+05,  4.540979E-15,  4.086881E-19,  0.000000E+00,  0.000000E+00
  2.247714E+05,  4.525901E-15,  4.073311E-19,  0.000000E+00,  0.000000E+00
  2.249967E+05,  4.509235E-15,  4.058312E-19,  0.000000E+00,  0.000000E+00
  2.252223E+05,  4.492570E-15,  4.043313E-19,  0.000000E+00,  0.000000E+00
  2.254481E+05,  4.475111E-15,  4.027600E-19,  0.000000E+00,  0.000000E+00
  2.256741E+05,  4.457651E-15,  4.011886E-19,  0.000000E+00,  0.000000E+00
  2.259003E+05,  4.440192E-15,  3.996173E-19,  0.000000E+00,  0.000000E+00
  2.261268E+05,  4.421939E-15,  3.979745E-19,  0.000000E+00,  0.000000E+00
  2.263535E+05,  4.404480E-15,  3.964032E-19,  0.000000E+00,  0.000000E+00
  2.265804E+05,  4.387021E-15,  3.948319E-19,  0.000000E+00,  0.000000E+00
  2.268075E+05,  4.370355E-15,  3.933320E-19,  0.000000E+00,  0.000000E+00
  2.270349E+05,  4.352896E-15,  3.917606E-19,  0.000000E+00,  0.000000E+00
  2.272625E+05,  4.335437E-15,  3.901893E-19,  0.000000E+00,  0.000000E+00
  2.274903E+05,  4.318771E-15,  3.886894E-19,  0.000000E+00,  0.000000E+00
  2.277184E+05,  4.301312E-15,  3.871181E-19,  0.000000E+00,  0.000000E+00
  2.279467E+05,  4.284646E-15,  3.856182E-19,  0.000000E+00,  0.000000E+00
  2.281752E+05,  4.267187E-15,  3.840469E-19,  0.000000E+00,  0.000000E+00
  2.284040E+05,  4.250521E-15,  3.825469E-19,  0.000000E+00,  0.000000E+00
  2.286329E+05,  4.233856E-15,  3.810470E-19,  0.000000E+00,  0.000000E+00
  2.288621E+05,  4.216397E-15,  3.794757E-19,  0.000000E+00,  0.000000E+00
  2.290916E+05,  4.199731E-15,  3.779758E-19,  0.000000E+00,  0.000000E+00
  2.293212E+05,  4.183065E-15,  3.764759E-19,  0.000000E+00,  0.000000E+00
  2.295511E+05,  4.166400E-15,  3.749760E-19,  0.000000E+00,  0.000000E+00
  2.297813E+05,  4.149734E-15,  3.734761E-19,  0.000000E+00,  0.000000E+00
  2.300116E+05,  4.133069E-15,  3.719762E-19,  0.000000E+00,  0.000000E+00
  2.302422E+05,  4.116403E-15,  3.704763E-19,  0.000000E+00,  0.000000E+00
  2.304730E+05,  4.100531E-15,  3.690478E-19,  0.000000E+00,  0.000000E+00
  2.307041E+05,  4.083866E-15,  3.675479E-19,  0.000000E+00,  0.000000E+00
  2.309353E+05,  4.067200E-15,  3.660480E-19,  0.000000E+00,  0.000000E+00
  2.311669E+05,  4.051328E-15,  3.646195E-19,  0.000000E+00,  0.000000E+00
  2.313986E+05,  4.035456E-15,  3.631910E-19,  0.000000E+00,  0.000000E+00
  2.316306E+05,  4.018790E-15,  3.616911E-19,  0.000000E+00,  0.000000E+00
  2.318628E+05,  4.002919E-15,  3.602627E-19,  0.000000E+00,  0.000000E+00
  2.320952E+05,  3.987046E-15,  3.588342E-19,  0.000000E+00,  0.000000E+00
  2.323279E+05,  3.971174E-15,  3.574057E-19,  0.000000E+00,  0.000000E+00
  2.325608E+05,  3.955302E-15,  3.559772E-19,  0.000000E+00,  0.000000E+00
  2.327940E+05,  3.939430E-15,  3.545487E-19,  0.000000E+00,  0.000000E+00
  2.330273E+05,  3.923558E-15,  3.531203E-19,  0.000000E+00,  0.000000E+00
  2.332609E+05,  3.907687E-15,  3.516918E-19,  0.000000E+00,  0.000000E+00
  2.334948E+05,  3.891814E-15,  3.502633E-19,  0.000000E+00,  0.000000E+00
  2.337289E+05,  3.875942E-15,  3.488348E-19,  0.000000E+00,  0.000000E+00
  2.339632E+05,  3.860864E-15,  3.474778E-19,  0.000000E+00,  0.000000E+00
  2.341977E+05,  3.844992E-15,  3.460493E-19,  0.000000E+00,  0.000000E+00
  2.344325E+05,  3.829120E-15,  3.446208E-19,  0.000000E+00,  0.000000E+00
  2.346675E+05,  3.814042E-15,  3.432637E-19,  0.000000E+00,  0.000000E+00
  2.349028E+05,  3.798169E-15,  3.418353E-19,  0.000000E+00,  0.000000E+00
  2.351383E+05,  3.782298E-15,  3.404068E-19,  0.000000E+00,  0.000000E+00
  2.353740E+05,  3.765632E-15,  3.389069E-19,  0.000000E+00,  0.000000E+00
  2.356100E+05,  3.748967E-15,  3.374070E-19,  0.000000E+00,  0.000000E+00
  2.358462E+05,  3.731507E-15,  3.358356E-19,  0.000000E+00,  0.000000E+00
  2.360826E+05,  3.712461E-15,  3.341215E-19,  0.000000E+00,  0.000000E+00
  2.363193E+05,  3.695002E-15,  3.325502E-19,  0.000000E+00,  0.000000E+00
  2.365562E+05,  3.682304E-15,  3.314074E-19,  0.000000E+00,  0.000000E+00
  2.367933E+05,  3.670400E-15,  3.303360E-19,  0.000000E+00,  0.000000E+00
  2.370307E+05,  3.657703E-15,  3.291932E-19,  0.000000E+00,  0.000000E+00
  2.372683E+05,  3.644211E-15,  3.279790E-19,  0.000000E+00,  0.000000E+00
  2.375062E+05,  3.629133E-15,  3.266219E-19,  0.000000E+00,  0.000000E+00
  2.377443E+05,  3.612467E-15,  3.251220E-19,  0.000000E+00,  0.000000E+00
  2.379826E+05,  3.592627E-15,  3.233364E-19,  0.000000E+00,  0.000000E+00
  2.382212E+05,  3.565645E-15,  3.209081E-19,  0.000000E+00,  0.000000E+00
  2.384600E+05,  3.531520E-15,  3.178368E-19,  0.000000E+00,  0.000000E+00
  2.386991E+05,  3.507712E-15,  3.156941E-19,  0.000000E+00,  0.000000E+00
  2.389384E+05,  3.510093E-15,  3.159083E-19,  0.000000E+00,  0.000000E+00
  2.391779E+05,  3.514854E-15,  3.163369E-19,  0.000000E+00,  0.000000E+00
  2.394177E+05,  3.510886E-15,  3.159798E-19,  0.000000E+00,  0.000000E+00
  2.396577E+05,  3.501363E-15,  3.151227E-19,  0.000000E+00,  0.000000E+00
  2.398980E+05,  3.489459E-15,  3.140513E-19,  0.000000E+00,  0.000000E+00
  2.401385E+05,  3.476761E-15,  3.129085E-19,  0.000000E+00,  0.000000E+00
  2.403792E+05,  3.464064E-15,  3.117658E-19,  0.000000E+00,  0.000000E+00
  2.406202E+05,  3.450573E-15,  3.105515E-19,  0.000000E+00,  0.000000E+00
  2.408614E+05,  3.437082E-15,  3.093373E-19,  0.000000E+00,  0.000000E+00
  2.411029E+05,  3.423590E-15,  3.081231E-19,  0.000000E+00,  0.000000E+00
  2.413446E+05,  3.410099E-15,  3.069089E-19,  0.000000E+00,  0.000000E+00
  2.415865E+05,  3.396608E-15,  3.056947E-19,  0.000000E+00,  0.000000E+00
  2.418287E+05,  3.383117E-15,  3.044805E-19,  0.000000E+00,  0.000000E+00
  2.420712E+05,  3.369626E-15,  3.032663E-19,  0.000000E+00,  0.000000E+00
  2.423138E+05,  3.356134E-15,  3.020521E-19,  0.000000E+00,  0.000000E+00
  2.425568E+05,  3.342643E-15,  3.008379E-19,  0.000000E+00,  0.000000E+00
  2.427999E+05,  3.329946E-15,  2.996951E-19,  0.000000E+00,  0.000000E+00
  2.430433E+05,  3.316454E-15,  2.984809E-19,  0.000000E+00,  0.000000E+00
  2.432870E+05,  3.302963E-15,  2.972667E-19,  0.000000E+00,  0.000000E+00
  2.435309E+05,  3.290266E-15,  2.961239E-19,  0.000000E+00,  0.000000E+00
  2.437750E+05,  3.276774E-15,  2.949097E-19,  0.000000E+00,  0.000000E+00
  2.440194E+05,  3.263283E-15,  2.936955E-19,  0.000000E+00,  0.000000E+00
  2.442640E+05,  3.250585E-15,  2.925527E-19,  0.000000E+00,  0.000000E+00
  2.445089E+05,  3.237888E-15,  2.914099E-19,  0.000000E+00,  0.000000E+00
  2.447540E+05,  3.224397E-15,  2.901957E-19,  0.000000E+00,  0.000000E+00
  2.449994E+05,  3.211699E-15,  2.890529E-19,  0.000000E+00,  0.000000E+00
  2.452450E+05,  3.199002E-15,  2.879101E-19,  0.000000E+00,  0.000000E+00
  2.454909E+05,  3.186304E-15,  2.867674E-19,  0.000000E+00,  0.000000E+00
  2.457370E+05,  3.173606E-15,  2.856246E-19,  0.000000E+00,  0.000000E+00
  2.459833E+05,  3.160909E-15,  2.844818E-19,  0.000000E+00,  0.000000E+00
  2.462299E+05,  3.148211E-15,  2.833390E-19,  0.000000E+00,  0.000000E+00
  2.464768E+05,  3.135514E-15,  2.821962E-19,  0.000000E+00,  0.000000E+00
  2.467239E+05,  3.122816E-15,  2.810534E-19,  0.000000E+00,  0.000000E+00
  2.469712E+05,  3.110912E-15,  2.799821E-19,  0.000000E+00,  0.000000E+00
  2.472188E+05,  3.098214E-15,  2.788393E-19,  0.000000E+00,  0.000000E+00
  2.474666E+05,  3.085517E-15,  2.776965E-19,  0.000000E+00,  0.000000E+00
  2.477147E+05,  3.073613E-15,  2.766252E-19,  0.000000E+00,  0.000000E+00
  2.479630E+05,  3.060915E-15,  2.754824E-19,  0.000000E+00,  0.000000E+00
  2.482116E+05,  3.048218E-15,  2.743396E-19,  0.000000E+00,  0.000000E+00
  2.484605E+05,  3.036313E-15,  2.732682E-19,  0.000000E+00,  0.000000E+00
  2.487095E+05,  3.023616E-15,  2.721254E-19,  0.000000E+00,  0.000000E+00
  2.489589E+05,  3.011712E-15,  2.710541E-19,  0.000000E+00,  0.000000E+00
  2.492085E+05,  2.999014E-15,  2.699113E-19,  0.000000E+00,  0.000000E+00
  2.494583E+05,  2.987110E-15,  2.688399E-19,  0.000000E+00,  0.000000E+00
  2.497084E+05,  2.974413E-15,  2.676971E-19,  0.000000E+00,  0.000000E+00
  2.499587E+05,  2.962509E-15,  2.666258E-19,  0.000000E+00,  0.000000E+00
  2.502093E+05,  2.951398E-15,  2.656259E-19,  0.000000E+00,  0.000000E+00
  2.504601E+05,  2.939494E-15,  2.645545E-19,  0.000000E+00,  0.000000E+00
  2.507112E+05,  2.928384E-15,  2.635546E-19,  0.000000E+00,  0.000000E+00
  2.509625E+05,  2.917274E-15,  2.625546E-19,  0.000000E+00,  0.000000E+00
  2.512141E+05,  2.905370E-15,  2.614833E-19,  0.000000E+00,  0.000000E+00
  2.514660E+05,  2.894259E-15,  2.604833E-19,  0.000000E+00,  0.000000E+00
  2.517181E+05,  2.882355E-15,  2.594120E-19,  0.000000E+00,  0.000000E+00
  2.519704E+05,  2.871245E-15,  2.584120E-19,  0.000000E+00,  0.000000E+00
  2.522230E+05,  2.859341E-15,  2.573407E-19,  0.000000E+00,  0.000000E+00
  2.524759E+05,  2.848230E-15,  2.563407E-19,  0.000000E+00,  0.000000E+00
  2.527290E+05,  2.837120E-15,  2.553408E-19,  0.000000E+00,  0.000000E+00
  2.529823E+05,  2.825216E-15,  2.542694E-19,  0.000000E+00,  0.000000E+00
  2.532360E+05,  2.814106E-15,  2.532695E-19,  0.000000E+00,  0.000000E+00
  2.534898E+05,  2.802995E-15,  2.522696E-19,  0.000000E+00,  0.000000E+00
  2.537440E+05,  2.791885E-15,  2.512696E-19,  0.000000E+00,  0.000000E+00
  2.539983E+05,  2.780774E-15,  2.502697E-19,  0.000000E+00,  0.000000E+00
  2.542530E+05,  2.769664E-15,  2.492698E-19,  0.000000E+00,  0.000000E+00
  2.545079E+05,  2.758554E-15,  2.482698E-19,  0.000000E+00,  0.000000E+00
  2.547630E+05,  2.747443E-15,  2.472699E-19,  0.000000E+00,  0.000000E+00
  2.550184E+05,  2.736333E-15,  2.462699E-19,  0.000000E+00,  0.000000E+00
  2.552741E+05,  2.726016E-15,  2.453414E-19,  0.000000E+00,  0.000000E+00
  2.555300E+05,  2.714906E-15,  2.443415E-19,  0.000000E+00,  0.000000E+00
  2.557861E+05,  2.703795E-15,  2.433416E-19,  0.000000E+00,  0.000000E+00
  2.560426E+05,  2.693478E-15,  2.424131E-19,  0.000000E+00,  0.000000E+00
  2.562992E+05,  2.682368E-15,  2.414131E-19,  0.000000E+00,  0.000000E+00
  2.565562E+05,  2.671257E-15,  2.404132E-19,  0.000000E+00,  0.000000E+00
  2.568134E+05,  2.660941E-15,  2.394847E-19,  0.000000E+00,  0.000000E+00
  2.570708E+05,  2.650624E-15,  2.385562E-19,  0.000000E+00,  0.000000E+00
  2.573286E+05,  2.639513E-15,  2.375562E-19,  0.000000E+00,  0.000000E+00
  2.575865E+05,  2.629197E-15,  2.366277E-19,  0.000000E+00,  0.000000E+00
  2.578448E+05,  2.618086E-15,  2.356278E-19,  0.000000E+00,  0.000000E+00
  2.581032E+05,  2.607770E-15,  2.346993E-19,  0.000000E+00,  0.000000E+00
  2.583620E+05,  2.597453E-15,  2.337708E-19,  0.000000E+00,  0.000000E+00
  2.586210E+05,  2.587136E-15,  2.328422E-19,  0.000000E+00,  0.000000E+00
  2.588803E+05,  2.576819E-15,  2.319137E-19,  0.000000E+00,  0.000000E+00
  2.591398E+05,  2.566502E-15,  2.309852E-19,  0.000000E+00,  0.000000E+00
  2.593996E+05,  2.555392E-15,  2.299853E-19,  0.000000E+00,  0.000000E+00
  2.596596E+05,  2.545075E-15,  2.290568E-19,  0.000000E+00,  0.000000E+00
  2.599199E+05,  2.534758E-15,  2.281283E-19,  0.000000E+00,  0.000000E+00
  2.601805E+05,  2.523648E-15,  2.271283E-19,  0.000000E+00,  0.000000E+00
  2.604413E+05,  2.513331E-15,  2.261998E-19,  0.000000E+00,  0.000000E+00
  2.607024E+05,  2.501427E-15,  2.251285E-19,  0.000000E+00,  0.000000E+00
  2.609638E+05,  2.489523E-15,  2.240571E-19,  0.000000E+00,  0.000000E+00
  2.612254E+05,  2.476032E-15,  2.228429E-19,  0.000000E+00,  0.000000E+00
  2.614873E+05,  2.460954E-15,  2.214858E-19,  0.000000E+00,  0.000000E+00
  2.617494E+05,  2.449843E-15,  2.204859E-19,  0.000000E+00,  0.000000E+00
  2.620118E+05,  2.444288E-15,  2.199859E-19,  0.000000E+00,  0.000000E+00
  2.622745E+05,  2.439526E-15,  2.195574E-19,  0.000000E+00,  0.000000E+00
  2.625374E+05,  2.432384E-15,  2.189146E-19,  0.000000E+00,  0.000000E+00
  2.628006E+05,  2.423654E-15,  2.181289E-19,  0.000000E+00,  0.000000E+00
  2.630641E+05,  2.414925E-15,  2.173432E-19,  0.000000E+00,  0.000000E+00
  2.633278E+05,  2.406195E-15,  2.165576E-19,  0.000000E+00,  0.000000E+00
  2.635918E+05,  2.396672E-15,  2.157005E-19,  0.000000E+00,  0.000000E+00
  2.638560E+05,  2.387149E-15,  2.148434E-19,  0.000000E+00,  0.000000E+00
  2.641206E+05,  2.377625E-15,  2.139863E-19,  0.000000E+00,  0.000000E+00
  2.643853E+05,  2.368102E-15,  2.131292E-19,  0.000000E+00,  0.000000E+00
  2.646504E+05,  2.358579E-15,  2.122721E-19,  0.000000E+00,  0.000000E+00
  2.649157E+05,  2.349850E-15,  2.114865E-19,  0.000000E+00,  0.000000E+00
  2.651813E+05,  2.340326E-15,  2.106294E-19,  0.000000E+00,  0.000000E+00
  2.654471E+05,  2.330803E-15,  2.097723E-19,  0.000000E+00,  0.000000E+00
  2.657132E+05,  2.320486E-15,  2.088438E-19,  0.000000E+00,  0.000000E+00
  2.659796E+05,  2.310963E-15,  2.079867E-19,  0.000000E+00,  0.000000E+00
  2.662463E+05,  2.301440E-15,  2.071296E-19,  0.000000E+00,  0.000000E+00
  2.665132E+05,  2.291123E-15,  2.062011E-19,  0.000000E+00,  0.000000E+00
  2.667803E+05,  2.281600E-15,  2.053440E-19,  0.000000E+00,  0.000000E+00
  2.670478E+05,  2.272870E-15,  2.045583E-19,  0.000000E+00,  0.000000E+00
  2.673155E+05,  2.264934E-15,  2.038441E-19,  0.000000E+00,  0.000000E+00
  2.675835E+05,  2.256205E-15,  2.030584E-19,  0.000000E+00,  0.000000E+00
  2.678517E+05,  2.247475E-15,  2.022728E-19,  0.000000E+00,  0.000000E+00
  2.681203E+05,  2.238746E-15,  2.014871E-19,  0.000000E+00,  0.000000E+00
  2.683891E+05,  2.230016E-15,  2.007014E-19,  0.000000E+00,  0.000000E+00
  2.686581E+05,  2.221286E-15,  1.999158E-19,  0.000000E+00,  0.000000E+00
  2.689274E+05,  2.212557E-15,  1.991301E-19,  0.000000E+00,  0.000000E+00
  2.691970E+05,  2.203827E-15,  1.983445E-19,  0.000000E+00,  0.000000E+00
  2.694669E+05,  2.195098E-15,  1.975588E-19,  0.000000E+00,  0.000000E+00
  2.697371E+05,  2.186368E-15,  1.967731E-19,  0.000000E+00,  0.000000E+00
  2.700075E+05,  2.177638E-15,  1.959874E-19,  0.000000E+00,  0.000000E+00
  2.702782E+05,  2.168909E-15,  1.952018E-19,  0.000000E+00,  0.000000E+00
  2.705491E+05,  2.160179E-15,  1.944161E-19,  0.000000E+00,  0.000000E+00
  2.708203E+05,  2.151449E-15,  1.936305E-19,  0.000000E+00,  0.000000E+00
  2.710918E+05,  2.142720E-15,  1.928448E-19,  0.000000E+00,  0.000000E+00
  2.713636E+05,  2.133991E-15,  1.920591E-19,  0.000000E+00,  0.000000E+00
  2.716356E+05,  2.126054E-15,  1.913449E-19,  0.000000E+00,  0.000000E+00
  2.719080E+05,  2.117325E-15,  1.905592E-19,  0.000000E+00,  0.000000E+00
  2.721805E+05,  2.108595E-15,  1.897736E-19,  0.000000E+00,  0.000000E+00
  2.724534E+05,  2.100659E-15,  1.890593E-19,  0.000000E+00,  0.000000E+00
  2.727265E+05,  2.091930E-15,  1.882737E-19,  0.000000E+00,  0.000000E+00
  2.730000E+05,  2.083993E-15,  1.875594E-19,  0.000000E+00,  0.000000E+00
  2.732736E+05,  2.075264E-15,  1.867738E-19,  0.000000E+00,  0.000000E+00
  2.735476E+05,  2.067328E-15,  1.860595E-19,  0.000000E+00,  0.000000E+00
  2.738218E+05,  2.058598E-15,  1.852739E-19,  0.000000E+00,  0.000000E+00
  2.740963E+05,  2.050662E-15,  1.845596E-19,  0.000000E+00,  0.000000E+00
  2.743711E+05,  2.042726E-15,  1.838454E-19,  0.000000E+00,  0.000000E+00
  2.746462E+05,  2.033997E-15,  1.830597E-19,  0.000000E+00,  0.000000E+00
  2.749215E+05,  2.026061E-15,  1.823455E-19,  0.000000E+00,  0.000000E+00
  2.751971E+05,  2.018125E-15,  1.816312E-19,  0.000000E+00,  0.000000E+00
  2.754730E+05,  2.009395E-15,  1.808456E-19,  0.000000E+00,  0.000000E+00
  2.757492E+05,  2.001459E-15,  1.801313E-19,  0.000000E+00,  0.000000E+00
  2.760256E+05,  1.993523E-15,  1.794171E-19,  0.000000E+00,  0.000000E+00
  2.763023E+05,  1.984794E-15,  1.786314E-19,  0.000000E+00,  0.000000E+00
  2.765793E+05,  1.976858E-15,  1.779172E-19,  0.000000E+00,  0.000000E+00
  2.768566E+05,  1.967334E-15,  1.770601E-19,  0.000000E+00,  0.000000E+00
  2.771341E+05,  1.957018E-15,  1.761316E-19,  0.000000E+00,  0.000000E+00
  2.774120E+05,  1.939558E-15,  1.745602E-19,  0.000000E+00,  0.000000E+00
  2.776901E+05,  1.904640E-15,  1.714176E-19,  0.000000E+00,  0.000000E+00
  2.779684E+05,  1.864960E-15,  1.678464E-19,  0.000000E+00,  0.000000E+00
  2.782471E+05,  1.876070E-15,  1.688463E-19,  0.000000E+00,  0.000000E+00
  2.785261E+05,  1.903053E-15,  1.712748E-19,  0.000000E+00,  0.000000E+00
  2.788053E+05,  1.908608E-15,  1.717747E-19,  0.000000E+00,  0.000000E+00
  2.790848E+05,  1.904640E-15,  1.714176E-19,  0.000000E+00,  0.000000E+00
  2.793646E+05,  1.898291E-15,  1.708462E-19,  0.000000E+00,  0.000000E+00
  2.796446E+05,  1.891942E-15,  1.702748E-19,  0.000000E+00,  0.000000E+00
  2.799250E+05,  1.884800E-15,  1.696320E-19,  0.000000E+00,  0.000000E+00
  2.802056E+05,  1.876864E-15,  1.689178E-19,  0.000000E+00,  0.000000E+00
  2.804865E+05,  1.869722E-15,  1.682750E-19,  0.000000E+00,  0.000000E+00
  2.807677E+05,  1.862579E-15,  1.676321E-19,  0.000000E+00,  0.000000E+00
  2.810492E+05,  1.854643E-15,  1.669179E-19,  0.000000E+00,  0.000000E+00
  2.813309E+05,  1.847501E-15,  1.662751E-19,  0.000000E+00,  0.000000E+00
  2.816129E+05,  1.840358E-15,  1.656323E-19,  0.000000E+00,  0.000000E+00
  2.818953E+05,  1.832422E-15,  1.649180E-19,  0.000000E+00,  0.000000E+00
  2.821779E+05,  1.825280E-15,  1.642752E-19,  0.000000E+00,  0.000000E+00
  2.824607E+05,  1.818138E-15,  1.636324E-19,  0.000000E+00,  0.000000E+00
  2.827439E+05,  1.810995E-15,  1.629896E-19,  0.000000E+00,  0.000000E+00
  2.830274E+05,  1.803059E-15,  1.622753E-19,  0.000000E+00,  0.000000E+00
  2.833111E+05,  1.795917E-15,  1.616325E-19,  0.000000E+00,  0.000000E+00
  2.835951E+05,  1.788774E-15,  1.609897E-19,  0.000000E+00,  0.000000E+00
  2.838794E+05,  1.781632E-15,  1.603469E-19,  0.000000E+00,  0.000000E+00
  2.841640E+05,  1.774490E-15,  1.597041E-19,  0.000000E+00,  0.000000E+00
  2.844489E+05,  1.767347E-15,  1.590613E-19,  0.000000E+00,  0.000000E+00
  2.847340E+05,  1.760205E-15,  1.584184E-19,  0.000000E+00,  0.000000E+00
  2.850195E+05,  1.753062E-15,  1.577756E-19,  0.000000E+00,  0.000000E+00
  2.853052E+05,  1.745920E-15,  1.571328E-19,  0.000000E+00,  0.000000E+00
  2.855912E+05,  1.738778E-15,  1.564900E-19,  0.000000E+00,  0.000000E+00
  2.858776E+05,  1.732429E-15,  1.559186E-19,  0.000000E+00,  0.000000E+00
  2.861641E+05,  1.725286E-15,  1.552758E-19,  0.000000E+00,  0.000000E+00
  2.864510E+05,  1.717350E-15,  1.545615E-19,  0.000000E+00,  0.000000E+00
  2.867382E+05,  1.710208E-15,  1.539187E-19,  0.000000E+00,  0.000000E+00
  2.870256E+05,  1.702272E-15,  1.532045E-19,  0.000000E+00,  0.000000E+00
  2.873134E+05,  1.692749E-15,  1.523474E-19,  0.000000E+00,  0.000000E+00
  2.876014E+05,  1.680845E-15,  1.512760E-19,  0.000000E+00,  0.000000E+00
  2.878897E+05,  1.662592E-15,  1.496333E-19,  0.000000E+00,  0.000000E+00
  2.881784E+05,  1.640371E-15,  1.476334E-19,  0.000000E+00,  0.000000E+00
  2.884673E+05,  1.637197E-15,  1.473477E-19,  0.000000E+00,  0.000000E+00
  2.887564E+05,  1.645133E-15,  1.480620E-19,  0.000000E+00,  0.000000E+00
  2.890459E+05,  1.647514E-15,  1.482762E-19,  0.000000E+00,  0.000000E+00
  2.893357E+05,  1.643546E-15,  1.479191E-19,  0.000000E+00,  0.000000E+00
  2.896257E+05,  1.637990E-15,  1.474191E-19,  0.000000E+00,  0.000000E+00
  2.899161E+05,  1.633229E-15,  1.469906E-19,  0.000000E+00,  0.000000E+00
  2.902067E+05,  1.627674E-15,  1.464906E-19,  0.000000E+00,  0.000000E+00
  2.904977E+05,  1.622912E-15,  1.460621E-19,  0.000000E+00,  0.000000E+00
  2.907889E+05,  1.616563E-15,  1.454907E-19,  0.000000E+00,  0.000000E+00
  2.910804E+05,  1.611008E-15,  1.449907E-19,  0.000000E+00,  0.000000E+00
  2.913722E+05,  1.604659E-15,  1.444193E-19,  0.000000E+00,  0.000000E+00
  2.916643E+05,  1.598310E-15,  1.438479E-19,  0.000000E+00,  0.000000E+00
  2.919567E+05,  1.592755E-15,  1.433480E-19,  0.000000E+00,  0.000000E+00
  2.922494E+05,  1.586406E-15,  1.427766E-19,  0.000000E+00,  0.000000E+00
  2.925424E+05,  1.580058E-15,  1.422052E-19,  0.000000E+00,  0.000000E+00
  2.928357E+05,  1.573709E-15,  1.416338E-19,  0.000000E+00,  0.000000E+00
  2.931292E+05,  1.567360E-15,  1.410624E-19,  0.000000E+00,  0.000000E+00
  2.934231E+05,  1.561011E-15,  1.404910E-19,  0.000000E+00,  0.000000E+00
  2.937172E+05,  1.554662E-15,  1.399196E-19,  0.000000E+00,  0.000000E+00
  2.940117E+05,  1.548314E-15,  1.393482E-19,  0.000000E+00,  0.000000E+00
  2.943064E+05,  1.542758E-15,  1.388483E-19,  0.000000E+00,  0.000000E+00
  2.946015E+05,  1.536410E-15,  1.382769E-19,  0.000000E+00,  0.000000E+00
  2.948968E+05,  1.530061E-15,  1.377055E-19,  0.000000E+00,  0.000000E+00
  2.951925E+05,  1.523712E-15,  1.371341E-19,  0.000000E+00,  0.000000E+00
  2.954884E+05,  1.517363E-15,  1.365627E-19,  0.000000E+00,  0.000000E+00
  2.957846E+05,  1.511014E-15,  1.359913E-19,  0.000000E+00,  0.000000E+00
  2.960811E+05,  1.505459E-15,  1.354913E-19,  0.000000E+00,  0.000000E+00
  2.963780E+05,  1.499110E-15,  1.349199E-19,  0.000000E+00,  0.000000E+00
  2.966751E+05,  1.492762E-15,  1.343485E-19,  0.000000E+00,  0.000000E+00
  2.969725E+05,  1.485619E-15,  1.337057E-19,  0.000000E+00,  0.000000E+00
  2.972702E+05,  1.478477E-15,  1.330629E-19,  0.000000E+00,  0.000000E+00
  2.975682E+05,  1.468160E-15,  1.321344E-19,  0.000000E+00,  0.000000E+00
  2.978665E+05,  1.451494E-15,  1.306345E-19,  0.000000E+00,  0.000000E+00
  2.981652E+05,  1.424512E-15,  1.282061E-19,  0.000000E+00,  0.000000E+00
  2.984641E+05,  1.411814E-15,  1.270633E-19,  0.000000E+00,  0.000000E+00
  2.987633E+05,  1.425306E-15,  1.282775E-19,  0.000000E+00,  0.000000E+00
  2.990628E+05,  1.434035E-15,  1.290632E-19,  0.000000E+00,  0.000000E+00
  2.993626E+05,  1.430861E-15,  1.287775E-19,  0.000000E+00,  0.000000E+00
  2.996627E+05,  1.421338E-15,  1.279204E-19,  0.000000E+00,  0.000000E+00
  2.999631E+05,  1.410227E-15,  1.269204E-19,  0.000000E+00,  0.000000E+00
  3.002638E+05,  1.405466E-15,  1.264919E-19,  0.000000E+00,  0.000000E+00
  3.005648E+05,  1.407053E-15,  1.266348E-19,  0.000000E+00,  0.000000E+00
  3.008662E+05,  1.406259E-15,  1.265633E-19,  0.000000E+00,  0.000000E+00
  3.011678E+05,  1.403085E-15,  1.262776E-19,  0.000000E+00,  0.000000E+00
  3.014697E+05,  1.398323E-15,  1.258491E-19,  0.000000E+00,  0.000000E+00
  3.017719E+05,  1.393562E-15,  1.254205E-19,  0.000000E+00,  0.000000E+00
  3.020745E+05,  1.388800E-15,  1.249920E-19,  0.000000E+00,  0.000000E+00
  3.023773E+05,  1.383245E-15,  1.244920E-19,  0.000000E+00,  0.000000E+00
  3.026804E+05,  1.378483E-15,  1.240635E-19,  0.000000E+00,  0.000000E+00
  3.029839E+05,  1.372928E-15,  1.235635E-19,  0.000000E+00,  0.000000E+00
  3.032876E+05,  1.367373E-15,  1.230636E-19,  0.000000E+00,  0.000000E+00
  3.035916E+05,  1.361817E-15,  1.225636E-19,  0.000000E+00,  0.000000E+00
  3.038960E+05,  1.356262E-15,  1.220636E-19,  0.000000E+00,  0.000000E+00
  3.042006E+05,  1.351501E-15,  1.216351E-19,  0.000000E+00,  0.000000E+00
  3.045056E+05,  1.345946E-15,  1.211351E-19,  0.000000E+00,  0.000000E+00
  3.048109E+05,  1.340390E-15,  1.206351E-19,  0.000000E+00,  0.000000E+00
  3.051165E+05,  1.334835E-15,  1.201352E-19,  0.000000E+00,  0.000000E+00
  3.054223E+05,  1.330074E-15,  1.197066E-19,  0.000000E+00,  0.000000E+00
  3.057285E+05,  1.324518E-15,  1.192066E-19,  0.000000E+00,  0.000000E+00
  3.060350E+05,  1.318963E-15,  1.187067E-19,  0.000000E+00,  0.000000E+00
  3.063418E+05,  1.314202E-15,  1.182781E-19,  0.000000E+00,  0.000000E+00
  3.066489E+05,  1.308646E-15,  1.177782E-19,  0.000000E+00,  0.000000E+00
  3.069563E+05,  1.303091E-15,  1.172782E-19,  0.000000E+00,  0.000000E+00
  3.072641E+05,  1.298330E-15,  1.168497E-19,  0.000000E+00,  0.000000E+00
  3.075721E+05,  1.292774E-15,  1.163497E-19,  0.000000E+00,  0.000000E+00
  3.078804E+05,  1.288013E-15,  1.159212E-19,  0.000000E+00,  0.000000E+00
  3.081891E+05,  1.282457E-15,  1.154212E-19,  0.000000E+00,  0.000000E+00
  3.084980E+05,  1.277696E-15,  1.149926E-19,  0.000000E+00,  0.000000E+00
  3.088073E+05,  1.272141E-15,  1.144927E-19,  0.000000E+00,  0.000000E+00
  3.091169E+05,  1.267379E-15,  1.140641E-19,  0.000000E+00,  0.000000E+00
  3.094268E+05,  1.262618E-15,  1.136356E-19,  0.000000E+00,  0.000000E+00
  3.097370E+05,  1.257062E-15,  1.131356E-19,  0.000000E+00,  0.000000E+00
  3.100475E+05,  1.252301E-15,  1.127071E-19,  0.000000E+00,  0.000000E+00
  3.103583E+05,  1.247539E-15,  1.122785E-19,  0.000000E+00,  0.000000E+00
  3.106695E+05,  1.241984E-15,  1.117786E-19,  0.000000E+00,  0.000000E+00
  3.109809E+05,  1.237222E-15,  1.113500E-19,  0.000000E+00,  0.000000E+00
  3.112927E+05,  1.232461E-15,  1.109215E-19,  0.000000E+00,  0.000000E+00
  3.116047E+05,  1.227699E-15,  1.104929E-19,  0.000000E+00,  0.000000E+00
  3.119171E+05,  1.222144E-15,  1.099930E-19,  0.000000E+00,  0.000000E+00
  3.122298E+05,  1.217382E-15,  1.095644E-19,  0.000000E+00,  0.000000E+00
  3.125428E+05,  1.212621E-15,  1.091359E-19,  0.000000E+00,  0.000000E+00
  3.128561E+05,  1.207859E-15,  1.087073E-19,  0.000000E+00,  0.000000E+00
  3.131698E+05,  1.203098E-15,  1.082788E-19,  0.000000E+00,  0.000000E+00
  3.134837E+05,  1.198336E-15,  1.078502E-19,  0.000000E+00,  0.000000E+00
  3.137980E+05,  1.193574E-15,  1.074217E-19,  0.000000E+00,  0.000000E+00
  3.141126E+05,  1.188813E-15,  1.069932E-19,  0.000000E+00,  0.000000E+00
  3.144275E+05,  1.184051E-15,  1.065646E-19,  0.000000E+00,  0.000000E+00
  3.147427E+05,  1.179290E-15,  1.061361E-19,  0.000000E+00,  0.000000E+00
  3.150582E+05,  1.174528E-15,  1.057075E-19,  0.000000E+00,  0.000000E+00
  3.153741E+05,  1.169766E-15,  1.052790E-19,  0.000000E+00,  0.000000E+00
  3.156902E+05,  1.165005E-15,  1.048504E-19,  0.000000E+00,  0.000000E+00
  3.160067E+05,  1.160243E-15,  1.044219E-19,  0.000000E+00,  0.000000E+00
  3.163235E+05,  1.155482E-15,  1.039933E-19,  0.000000E+00,  0.000000E+00
  3.166406E+05,  1.150720E-15,  1.035648E-19,  0.000000E+00,  0.000000E+00
  3.169581E+05,  1.145958E-15,  1.031363E-19,  0.000000E+00,  0.000000E+00
  3.172758E+05,  1.141990E-15,  1.027791E-19,  0.000000E+00,  0.000000E+00
  3.175939E+05,  1.137229E-15,  1.023506E-19,  0.000000E+00,  0.000000E+00
  3.179123E+05,  1.132467E-15,  1.019220E-19,  0.000000E+00,  0.000000E+00
  3.182310E+05,  1.127706E-15,  1.014935E-19,  0.000000E+00,  0.000000E+00
  3.185500E+05,  1.123738E-15,  1.011364E-19,  0.000000E+00,  0.000000E+00
  3.188694E+05,  1.118976E-15,  1.007078E-19,  0.000000E+00,  0.000000E+00
  3.191890E+05,  1.114214E-15,  1.002793E-19,  0.000000E+00,  0.000000E+00
  3.195090E+05,  1.109453E-15,  9.985075E-20,  0.000000E+00,  0.000000E+00
  3.198293E+05,  1.104691E-15,  9.942221E-20,  0.000000E+00,  0.000000E+00
  3.201499E+05,  1.099930E-15,  9.899367E-20,  0.000000E+00,  0.000000E+00
  3.204709E+05,  1.095168E-15,  9.856512E-20,  0.000000E+00,  0.000000E+00
  3.207922E+05,  1.090406E-15,  9.813658E-20,  0.000000E+00,  0.000000E+00
  3.211138E+05,  1.084851E-15,  9.763661E-20,  0.000000E+00,  0.000000E+00
  3.214357E+05,  1.079296E-15,  9.713663E-20,  0.000000E+00,  0.000000E+00
  3.217579E+05,  1.073741E-15,  9.663667E-20,  0.000000E+00,  0.000000E+00
  3.220805E+05,  1.068186E-15,  9.613671E-20,  0.000000E+00,  0.000000E+00
  3.224034E+05,  1.065805E-15,  9.592243E-20,  0.000000E+00,  0.000000E+00
  3.227266E+05,  1.062630E-15,  9.563674E-20,  0.000000E+00,  0.000000E+00
  3.230501E+05,  1.060250E-15,  9.542247E-20,  0.000000E+00,  0.000000E+00
  3.233740E+05,  1.056282E-15,  9.506535E-20,  0.000000E+00,  0.000000E+00
  3.236982E+05,  1.053107E-15,  9.477965E-20,  0.000000E+00,  0.000000E+00
  3.240227E+05,  1.049139E-15,  9.442252E-20,  0.000000E+00,  0.000000E+00
  3.243475E+05,  1.045171E-15,  9.406541E-20,  0.000000E+00,  0.000000E+00
  3.246727E+05,  1.040410E-15,  9.363687E-20,  0.000000E+00,  0.000000E+00
  3.249981E+05,  1.036442E-15,  9.327975E-20,  0.000000E+00,  0.000000E+00
  3.253239E+05,  1.032474E-15,  9.292263E-20,  0.000000E+00,  0.000000E+00
  3.256501E+05,  1.028506E-15,  9.256551E-20,  0.000000E+00,  0.000000E+00
  3.259765E+05,  1.024538E-15,  9.220839E-20,  0.000000E+00,  0.000000E+00
  3.263033E+05,  1.020570E-15,  9.185127E-20,  0.000000E+00,  0.000000E+00
  3.266305E+05,  1.016602E-15,  9.149415E-20,  0.000000E+00,  0.000000E+00
  3.269579E+05,  1.012634E-15,  9.113703E-20,  0.000000E+00,  0.000000E+00
  3.272857E+05,  1.007872E-15,  9.070848E-20,  0.000000E+00,  0.000000E+00
  3.276138E+05,  1.003904E-15,  9.035136E-20,  0.000000E+00,  0.000000E+00
  3.279422E+05,  9.999359E-16,  8.999423E-20,  0.000000E+00,  0.000000E+00
  3.282710E+05,  9.959680E-16,  8.963712E-20,  0.000000E+00,  0.000000E+00
  3.286001E+05,  9.920000E-16,  8.928000E-20,  0.000000E+00,  0.000000E+00
  3.289295E+05,  9.880320E-16,  8.892288E-20,  0.000000E+00,  0.000000E+00
  3.292592E+05,  9.840640E-16,  8.856576E-20,  0.000000E+00,  0.000000E+00
  3.295893E+05,  9.800960E-16,  8.820864E-20,  0.000000E+00,  0.000000E+00
  3.299197E+05,  9.761280E-16,  8.785152E-20,  0.000000E+00,  0.000000E+00
  3.302505E+05,  9.721599E-16,  8.749439E-20,  0.000000E+00,  0.000000E+00
  3.305816E+05,  9.689856E-16,  8.720871E-20,  0.000000E+00,  0.000000E+00
  3.309130E+05,  9.650175E-16,  8.685158E-20,  0.000000E+00,  0.000000E+00
  3.312447E+05,  9.610496E-16,  8.649447E-20,  0.000000E+00,  0.000000E+00
  3.315768E+05,  9.570816E-16,  8.613735E-20,  0.000000E+00,  0.000000E+00
  3.319092E+05,  9.531136E-16,  8.578023E-20,  0.000000E+00,  0.000000E+00
  3.322419E+05,  9.491456E-16,  8.542311E-20,  0.000000E+00,  0.000000E+00
  3.325750E+05,  9.451776E-16,  8.506599E-20,  0.000000E+00,  0.000000E+00
  3.329084E+05,  9.420032E-16,  8.478029E-20,  0.000000E+00,  0.000000E+00
  3.332422E+05,  9.380352E-16,  8.442317E-20,  0.000000E+00,  0.000000E+00
  3.335762E+05,  9.340672E-16,  8.406605E-20,  0.000000E+00,  0.000000E+00
  3.339106E+05,  9.300991E-16,  8.370892E-20,  0.000000E+00,  0.000000E+00
  3.342454E+05,  9.269248E-16,  8.342323E-20,  0.000000E+00,  0.000000E+00
  3.345805E+05,  9.229567E-16,  8.306610E-20,  0.000000E+00,  0.000000E+00
  3.349159E+05,  9.189888E-16,  8.270899E-20,  0.000000E+00,  0.000000E+00
  3.352516E+05,  9.158144E-16,  8.242330E-20,  0.000000E+00,  0.000000E+00
  3.355877E+05,  9.118464E-16,  8.206618E-20,  0.000000E+00,  0.000000E+00
  3.359242E+05,  9.078784E-16,  8.170906E-20,  0.000000E+00,  0.000000E+00
  3.362609E+05,  9.047040E-16,  8.142336E-20,  0.000000E+00,  0.000000E+00
  3.365980E+05,  9.007360E-16,  8.106624E-20,  0.000000E+00,  0.000000E+00
  3.369355E+05,  8.975616E-16,  8.078055E-20,  0.000000E+00,  0.000000E+00
  3.372732E+05,  8.935936E-16,  8.042343E-20,  0.000000E+00,  0.000000E+00
  3.376114E+05,  8.904191E-16,  8.013772E-20,  0.000000E+00,  0.000000E+00
  3.379498E+05,  8.864512E-16,  7.978061E-20,  0.000000E+00,  0.000000E+00
  3.382886E+05,  8.832768E-16,  7.949491E-20,  0.000000E+00,  0.000000E+00
  3.386277E+05,  8.793088E-16,  7.913779E-20,  0.000000E+00,  0.000000E+00
  3.389672E+05,  8.761344E-16,  7.885210E-20,  0.000000E+00,  0.000000E+00
  3.393070E+05,  8.721664E-16,  7.849498E-20,  0.000000E+00,  0.000000E+00
  3.396472E+05,  8.689920E-16,  7.820928E-20,  0.000000E+00,  0.000000E+00
  3.399877E+05,  8.658176E-16,  7.792359E-20,  0.000000E+00,  0.000000E+00
  3.403285E+05,  8.618496E-16,  7.756646E-20,  0.000000E+00,  0.000000E+00
  3.406697E+05,  8.586752E-16,  7.728077E-20,  0.000000E+00,  0.000000E+00
  3.410112E+05,  8.555008E-16,  7.699507E-20,  0.000000E+00,  0.000000E+00
  3.413531E+05,  8.515328E-16,  7.663795E-20,  0.000000E+00,  0.000000E+00
  3.416953E+05,  8.483584E-16,  7.635226E-20,  0.000000E+00,  0.000000E+00
  3.420378E+05,  8.451840E-16,  7.606656E-20,  0.000000E+00,  0.000000E+00
  3.423807E+05,  8.420096E-16,  7.578086E-20,  0.000000E+00,  0.000000E+00
  3.427240E+05,  8.380416E-16,  7.542375E-20,  0.000000E+00,  0.000000E+00
  3.430676E+05,  8.348672E-16,  7.513805E-20,  0.000000E+00,  0.000000E+00
  3.434115E+05,  8.316928E-16,  7.485235E-20,  0.000000E+00,  0.000000E+00
  3.437558E+05,  8.285184E-16,  7.456666E-20,  0.000000E+00,  0.000000E+00
  3.441004E+05,  8.245504E-16,  7.420954E-20,  0.000000E+00,  0.000000E+00
  3.444453E+05,  8.213760E-16,  7.392384E-20,  0.000000E+00,  0.000000E+00
  3.447906E+05,  8.182016E-16,  7.363815E-20,  0.000000E+00,  0.000000E+00
  3.451363E+05,  8.150272E-16,  7.335245E-20,  0.000000E+00,  0.000000E+00
  3.454823E+05,  8.118528E-16,  7.306675E-20,  0.000000E+00,  0.000000E+00
  3.458286E+05,  8.086784E-16,  7.278106E-20,  0.000000E+00,  0.000000E+00
  3.461753E+05,  8.055040E-16,  7.249536E-20,  0.000000E+00,  0.000000E+00
  3.465224E+05,  8.023296E-16,  7.220966E-20,  0.000000E+00,  0.000000E+00
  3.468698E+05,  7.983616E-16,  7.185255E-20,  0.000000E+00,  0.000000E+00
  3.472175E+05,  7.951872E-16,  7.156685E-20,  0.000000E+00,  0.000000E+00
  3.475656E+05,  7.922509E-16,  7.130258E-20,  0.000000E+00,  0.000000E+00
  3.479140E+05,  7.890765E-16,  7.101688E-20,  0.000000E+00,  0.000000E+00
  3.482628E+05,  7.858227E-16,  7.072404E-20,  0.000000E+00,  0.000000E+00
  3.486119E+05,  7.825690E-16,  7.043121E-20,  0.000000E+00,  0.000000E+00
  3.489614E+05,  7.793152E-16,  7.013837E-20,  0.000000E+00,  0.000000E+00
  3.493113E+05,  7.759821E-16,  6.983839E-20,  0.000000E+00,  0.000000E+00
  3.496614E+05,  7.724902E-16,  6.952412E-20,  0.000000E+00,  0.000000E+00
  3.500120E+05,  7.689984E-16,  6.920986E-20,  0.000000E+00,  0.000000E+00
  3.503629E+05,  7.656653E-16,  6.890988E-20,  0.000000E+00,  0.000000E+00
  3.507141E+05,  7.628083E-16,  6.865275E-20,  0.000000E+00,  0.000000E+00
  3.510657E+05,  7.601101E-16,  6.840991E-20,  0.000000E+00,  0.000000E+00
  3.514176E+05,  7.574118E-16,  6.816707E-20,  0.000000E+00,  0.000000E+00
  3.517699E+05,  7.545549E-16,  6.790994E-20,  0.000000E+00,  0.000000E+00
  3.521226E+05,  7.516979E-16,  6.765281E-20,  0.000000E+00,  0.000000E+00
  3.524756E+05,  7.487616E-16,  6.738855E-20,  0.000000E+00,  0.000000E+00
  3.528289E+05,  7.458253E-16,  6.712428E-20,  0.000000E+00,  0.000000E+00
  3.531827E+05,  7.428890E-16,  6.686001E-20,  0.000000E+00,  0.000000E+00
  3.535367E+05,  7.399526E-16,  6.659574E-20,  0.000000E+00,  0.000000E+00
  3.538911E+05,  7.370163E-16,  6.633147E-20,  0.000000E+00,  0.000000E+00
  3.542459E+05,  7.340006E-16,  6.606006E-20,  0.000000E+00,  0.000000E+00
  3.546011E+05,  7.310643E-16,  6.579579E-20,  0.000000E+00,  0.000000E+00
  3.549565E+05,  7.281280E-16,  6.553152E-20,  0.000000E+00,  0.000000E+00
  3.553124E+05,  7.251916E-16,  6.526725E-20,  0.000000E+00,  0.000000E+00
  3.556686E+05,  7.222554E-16,  6.500298E-20,  0.000000E+00,  0.000000E+00
  3.560251E+05,  7.193190E-16,  6.473871E-20,  0.000000E+00,  0.000000E+00
  3.563821E+05,  7.163827E-16,  6.447444E-20,  0.000000E+00,  0.000000E+00
  3.567393E+05,  7.134464E-16,  6.421018E-20,  0.000000E+00,  0.000000E+00
  3.570970E+05,  7.105894E-16,  6.395305E-20,  0.000000E+00,  0.000000E+00
  3.574550E+05,  7.078118E-16,  6.370306E-20,  0.000000E+00,  0.000000E+00
  3.578133E+05,  7.050342E-16,  6.345308E-20,  0.000000E+00,  0.000000E+00
  3.581720E+05,  7.022567E-16,  6.320310E-20,  0.000000E+00,  0.000000E+00
  3.585311E+05,  6.993997E-16,  6.294597E-20,  0.000000E+00,  0.000000E+00
  3.588905E+05,  6.966221E-16,  6.269599E-20,  0.000000E+00,  0.000000E+00
  3.592503E+05,  6.938445E-16,  6.244601E-20,  0.000000E+00,  0.000000E+00
  3.596104E+05,  6.911462E-16,  6.220316E-20,  0.000000E+00,  0.000000E+00
  3.599710E+05,  6.883686E-16,  6.195318E-20,  0.000000E+00,  0.000000E+00
  3.603318E+05,  6.855910E-16,  6.170319E-20,  0.000000E+00,  0.000000E+00
  3.606931E+05,  6.828134E-16,  6.145321E-20,  0.000000E+00,  0.000000E+00
  3.610547E+05,  6.800358E-16,  6.120323E-20,  0.000000E+00,  0.000000E+00
  3.614166E+05,  6.772582E-16,  6.095324E-20,  0.000000E+00,  0.000000E+00
  3.617789E+05,  6.744806E-16,  6.070326E-20,  0.000000E+00,  0.000000E+00
  3.621416E+05,  6.717031E-16,  6.045328E-20,  0.000000E+00,  0.000000E+00
  3.625047E+05,  6.688461E-16,  6.019615E-20,  0.000000E+00,  0.000000E+00
  3.628681E+05,  6.658304E-16,  5.992474E-20,  0.000000E+00,  0.000000E+00
  3.632319E+05,  6.625767E-16,  5.963190E-20,  0.000000E+00,  0.000000E+00
  3.635960E+05,  6.588467E-16,  5.929621E-20,  0.000000E+00,  0.000000E+00
  3.639605E+05,  6.536883E-16,  5.883195E-20,  0.000000E+00,  0.000000E+00
  3.643254E+05,  6.463078E-16,  5.816771E-20,  0.000000E+00,  0.000000E+00
  3.646906E+05,  6.405146E-16,  5.764631E-20,  0.000000E+00,  0.000000E+00
  3.650562E+05,  6.415463E-16,  5.773916E-20,  0.000000E+00,  0.000000E+00
  3.654222E+05,  6.436096E-16,  5.792486E-20,  0.000000E+00,  0.000000E+00
  3.657885E+05,  6.432921E-16,  5.789629E-20,  0.000000E+00,  0.000000E+00
  3.661552E+05,  6.417050E-16,  5.775345E-20,  0.000000E+00,  0.000000E+00
  3.665223E+05,  6.396416E-16,  5.756774E-20,  0.000000E+00,  0.000000E+00
  3.668897E+05,  6.372608E-16,  5.735347E-20,  0.000000E+00,  0.000000E+00
  3.672575E+05,  6.348800E-16,  5.713920E-20,  0.000000E+00,  0.000000E+00
  3.676257E+05,  6.323405E-16,  5.691065E-20,  0.000000E+00,  0.000000E+00
  3.679943E+05,  6.298010E-16,  5.668209E-20,  0.000000E+00,  0.000000E+00
  3.683632E+05,  6.272614E-16,  5.645353E-20,  0.000000E+00,  0.000000E+00
  3.687325E+05,  6.246425E-16,  5.621783E-20,  0.000000E+00,  0.000000E+00
  3.691021E+05,  6.219443E-16,  5.597499E-20,  0.000000E+00,  0.000000E+00
  3.694721E+05,  6.191667E-16,  5.572501E-20,  0.000000E+00,  0.000000E+00
  3.698425E+05,  6.161510E-16,  5.545359E-20,  0.000000E+00,  0.000000E+00
  3.702133E+05,  6.125798E-16,  5.513219E-20,  0.000000E+00,  0.000000E+00
  3.705844E+05,  6.082944E-16,  5.474650E-20,  0.000000E+00,  0.000000E+00
  3.709559E+05,  6.040090E-16,  5.436081E-20,  0.000000E+00,  0.000000E+00
  3.713278E+05,  6.021043E-16,  5.418939E-20,  0.000000E+00,  0.000000E+00
  3.717001E+05,  6.017869E-16,  5.416082E-20,  0.000000E+00,  0.000000E+00
  3.720727E+05,  6.008346E-16,  5.407511E-20,  0.000000E+00,  0.000000E+00
  3.724457E+05,  5.992473E-16,  5.393226E-20,  0.000000E+00,  0.000000E+00
  3.728191E+05,  5.972634E-16,  5.375370E-20,  0.000000E+00,  0.000000E+00
  3.731928E+05,  5.951206E-16,  5.356086E-20,  0.000000E+00,  0.000000E+00
  3.735670E+05,  5.928192E-16,  5.335373E-20,  0.000000E+00,  0.000000E+00
  3.739415E+05,  5.905177E-16,  5.314660E-20,  0.000000E+00,  0.000000E+00
  3.743164E+05,  5.882163E-16,  5.293947E-20,  0.000000E+00,  0.000000E+00
  3.746916E+05,  5.859149E-16,  5.273234E-20,  0.000000E+00,  0.000000E+00
  3.750672E+05,  5.835341E-16,  5.251807E-20,  0.000000E+00,  0.000000E+00
  3.754432E+05,  5.812326E-16,  5.231094E-20,  0.000000E+00,  0.000000E+00
  3.758196E+05,  5.788518E-16,  5.209667E-20,  0.000000E+00,  0.000000E+00
  3.761964E+05,  5.765504E-16,  5.188954E-20,  0.000000E+00,  0.000000E+00
  3.765735E+05,  5.743283E-16,  5.168955E-20,  0.000000E+00,  0.000000E+00
  3.769510E+05,  5.720269E-16,  5.148242E-20,  0.000000E+00,  0.000000E+00
  3.773289E+05,  5.698048E-16,  5.128243E-20,  0.000000E+00,  0.000000E+00
  3.777072E+05,  5.675033E-16,  5.107530E-20,  0.000000E+00,  0.000000E+00
  3.780859E+05,  5.652812E-16,  5.087531E-20,  0.000000E+00,  0.000000E+00
  3.784649E+05,  5.629798E-16,  5.066818E-20,  0.000000E+00,  0.000000E+00
  3.788443E+05,  5.607577E-16,  5.046820E-20,  0.000000E+00,  0.000000E+00
  3.792241E+05,  5.585357E-16,  5.026821E-20,  0.000000E+00,  0.000000E+00
  3.796043E+05,  5.562342E-16,  5.006108E-20,  0.000000E+00,  0.000000E+00
  3.799848E+05,  5.540122E-16,  4.986110E-20,  0.000000E+00,  0.000000E+00
  3.803657E+05,  5.517901E-16,  4.966111E-20,  0.000000E+00,  0.000000E+00
  3.807471E+05,  5.495680E-16,  4.946112E-20,  0.000000E+00,  0.000000E+00
  3.811288E+05,  5.473459E-16,  4.926113E-20,  0.000000E+00,  0.000000E+00
  3.815108E+05,  5.451238E-16,  4.906115E-20,  0.000000E+00,  0.000000E+00
  3.818933E+05,  5.428224E-16,  4.885402E-20,  0.000000E+00,  0.000000E+00
  3.822762E+05,  5.406003E-16,  4.865403E-20,  0.000000E+00,  0.000000E+00
  3.826594E+05,  5.383782E-16,  4.845404E-20,  0.000000E+00,  0.000000E+00
  3.830430E+05,  5.360768E-16,  4.824691E-20,  0.000000E+00,  0.000000E+00
  3.834270E+05,  5.339341E-16,  4.805407E-20,  0.000000E+00,  0.000000E+00
  3.838114E+05,  5.317914E-16,  4.786122E-20,  0.000000E+00,  0.000000E+00
  3.841962E+05,  5.297280E-16,  4.767552E-20,  0.000000E+00,  0.000000E+00
  3.845813E+05,  5.276646E-16,  4.748982E-20,  0.000000E+00,  0.000000E+00
  3.849669E+05,  5.255219E-16,  4.729697E-20,  0.000000E+00,  0.000000E+00
  3.853528E+05,  5.233792E-16,  4.710413E-20,  0.000000E+00,  0.000000E+00
  3.857391E+05,  5.212365E-16,  4.691129E-20,  0.000000E+00,  0.000000E+00
  3.861258E+05,  5.190144E-16,  4.671130E-20,  0.000000E+00,  0.000000E+00
  3.865129E+05,  5.166336E-16,  4.649702E-20,  0.000000E+00,  0.000000E+00
  3.869004E+05,  5.139353E-16,  4.625418E-20,  0.000000E+00,  0.000000E+00
  3.872883E+05,  5.106023E-16,  4.595420E-20,  0.000000E+00,  0.000000E+00
  3.876765E+05,  5.050471E-16,  4.545424E-20,  0.000000E+00,  0.000000E+00
  3.880652E+05,  4.947302E-16,  4.452572E-20,  0.000000E+00,  0.000000E+00
  3.884542E+05,  4.834611E-16,  4.351150E-20,  0.000000E+00,  0.000000E+00
  3.888436E+05,  4.848102E-16,  4.363292E-20,  0.000000E+00,  0.000000E+00
  3.892334E+05,  4.936985E-16,  4.443287E-20,  0.000000E+00,  0.000000E+00
  3.896236E+05,  4.971904E-16,  4.474714E-20,  0.000000E+00,  0.000000E+00
  3.900142E+05,  4.966349E-16,  4.469714E-20,  0.000000E+00,  0.000000E+00
  3.904052E+05,  4.948096E-16,  4.453286E-20,  0.000000E+00,  0.000000E+00
  3.907966E+05,  4.925875E-16,  4.433288E-20,  0.000000E+00,  0.000000E+00
  3.911884E+05,  4.908416E-16,  4.417574E-20,  0.000000E+00,  0.000000E+00
  3.915806E+05,  4.894925E-16,  4.405432E-20,  0.000000E+00,  0.000000E+00
  3.919731E+05,  4.880640E-16,  4.392576E-20,  0.000000E+00,  0.000000E+00
  3.923661E+05,  4.864768E-16,  4.378291E-20,  0.000000E+00,  0.000000E+00
  3.927594E+05,  4.847309E-16,  4.362578E-20,  0.000000E+00,  0.000000E+00
  3.931532E+05,  4.829056E-16,  4.346150E-20,  0.000000E+00,  0.000000E+00
  3.935473E+05,  4.810009E-16,  4.329009E-20,  0.000000E+00,  0.000000E+00
  3.939418E+05,  4.790963E-16,  4.311867E-20,  0.000000E+00,  0.000000E+00
  3.943368E+05,  4.771917E-16,  4.294725E-20,  0.000000E+00,  0.000000E+00
  3.947321E+05,  4.752870E-16,  4.277583E-20,  0.000000E+00,  0.000000E+00
  3.951278E+05,  4.733824E-16,  4.260442E-20,  0.000000E+00,  0.000000E+00
  3.955239E+05,  4.714778E-16,  4.243300E-20,  0.000000E+00,  0.000000E+00
  3.959204E+05,  4.696525E-16,  4.226872E-20,  0.000000E+00,  0.000000E+00
  3.963173E+05,  4.678272E-16,  4.210445E-20,  0.000000E+00,  0.000000E+00
  3.967146E+05,  4.660019E-16,  4.194017E-20,  0.000000E+00,  0.000000E+00
  3.971124E+05,  4.641766E-16,  4.177590E-20,  0.000000E+00,  0.000000E+00
  3.975105E+05,  4.623513E-16,  4.161162E-20,  0.000000E+00,  0.000000E+00
  3.979090E+05,  4.605261E-16,  4.144735E-20,  0.000000E+00,  0.000000E+00
  3.983079E+05,  4.587008E-16,  4.128307E-20,  0.000000E+00,  0.000000E+00
  3.987072E+05,  4.568755E-16,  4.111880E-20,  0.000000E+00,  0.000000E+00
  3.991069E+05,  4.550502E-16,  4.095452E-20,  0.000000E+00,  0.000000E+00
  3.995070E+05,  4.532249E-16,  4.079025E-20,  0.000000E+00,  0.000000E+00
  3.999075E+05,  4.513997E-16,  4.062597E-20,  0.000000E+00,  0.000000E+00
  4.003084E+05,  4.495744E-16,  4.046170E-20,  0.000000E+00,  0.000000E+00
  4.007097E+05,  4.478285E-16,  4.030457E-20,  0.000000E+00,  0.000000E+00
  4.011114E+05,  4.460032E-16,  4.014029E-20,  0.000000E+00,  0.000000E+00
  4.015135E+05,  4.442573E-16,  3.998316E-20,  0.000000E+00,  0.000000E+00
  4.019160E+05,  4.424320E-16,  3.981888E-20,  0.000000E+00,  0.000000E+00
  4.023190E+05,  4.406861E-16,  3.966175E-20,  0.000000E+00,  0.000000E+00
  4.027223E+05,  4.389402E-16,  3.950461E-20,  0.000000E+00,  0.000000E+00
  4.031260E+05,  4.371942E-16,  3.934748E-20,  0.000000E+00,  0.000000E+00
  4.035302E+05,  4.354483E-16,  3.919035E-20,  0.000000E+00,  0.000000E+00
  4.039347E+05,  4.337024E-16,  3.903322E-20,  0.000000E+00,  0.000000E+00
  4.043396E+05,  4.319565E-16,  3.887608E-20,  0.000000E+00,  0.000000E+00
  4.047450E+05,  4.302105E-16,  3.871895E-20,  0.000000E+00,  0.000000E+00
  4.051508E+05,  4.284646E-16,  3.856182E-20,  0.000000E+00,  0.000000E+00
  4.055569E+05,  4.267981E-16,  3.841183E-20,  0.000000E+00,  0.000000E+00
  4.059635E+05,  4.250521E-16,  3.825469E-20,  0.000000E+00,  0.000000E+00
  4.063705E+05,  4.233062E-16,  3.809756E-20,  0.000000E+00,  0.000000E+00
  4.067779E+05,  4.216397E-16,  3.794757E-20,  0.000000E+00,  0.000000E+00
  4.071856E+05,  4.199731E-16,  3.779758E-20,  0.000000E+00,  0.000000E+00
  4.075939E+05,  4.182272E-16,  3.764045E-20,  0.000000E+00,  0.000000E+00
  4.080025E+05,  4.165606E-16,  3.749046E-20,  0.000000E+00,  0.000000E+00
  4.084115E+05,  4.148941E-16,  3.734047E-20,  0.000000E+00,  0.000000E+00
  4.088209E+05,  4.132275E-16,  3.719048E-20,  0.000000E+00,  0.000000E+00
  4.092308E+05,  4.115610E-16,  3.704049E-20,  0.000000E+00,  0.000000E+00
  4.096410E+05,  4.099738E-16,  3.689764E-20,  0.000000E+00,  0.000000E+00
  4.100517E+05,  4.083072E-16,  3.674765E-20,  0.000000E+00,  0.000000E+00
  4.104628E+05,  4.066406E-16,  3.659766E-20,  0.000000E+00,  0.000000E+00
  4.108743E+05,  4.049741E-16,  3.644767E-20,  0.000000E+00,  0.000000E+00
  4.112862E+05,  4.033869E-16,  3.630482E-20,  0.000000E+00,  0.000000E+00
  4.116985E+05,  4.017997E-16,  3.616197E-20,  0.000000E+00,  0.000000E+00
  4.121112E+05,  4.001331E-16,  3.601198E-20,  0.000000E+00,  0.000000E+00
  4.125243E+05,  3.985459E-16,  3.586913E-20,  0.000000E+00,  0.000000E+00
  4.129379E+05,  3.969587E-16,  3.572628E-20,  0.000000E+00,  0.000000E+00
  4.133519E+05,  3.952921E-16,  3.557629E-20,  0.000000E+00,  0.000000E+00
  4.137663E+05,  3.937050E-16,  3.543345E-20,  0.000000E+00,  0.000000E+00
  4.141811E+05,  3.921178E-16,  3.529060E-20,  0.000000E+00,  0.000000E+00
  4.145963E+05,  3.905306E-16,  3.514775E-20,  0.000000E+00,  0.000000E+00
  4.150119E+05,  3.889434E-16,  3.500490E-20,  0.000000E+00,  0.000000E+00
  4.154280E+05,  3.873562E-16,  3.486205E-20,  0.000000E+00,  0.000000E+00
  4.158444E+05,  3.857689E-16,  3.471921E-20,  0.000000E+00,  0.000000E+00
  4.162613E+05,  3.841817E-16,  3.457636E-20,  0.000000E+00,  0.000000E+00
  4.166786E+05,  3.825946E-16,  3.443351E-20,  0.000000E+00,  0.000000E+00
  4.170963E+05,  3.810074E-16,  3.429066E-20,  0.000000E+00,  0.000000E+00
  4.175145E+05,  3.793408E-16,  3.414067E-20,  0.000000E+00,  0.000000E+00
  4.179330E+05,  3.776742E-16,  3.399068E-20,  0.000000E+00,  0.000000E+00
  4.183520E+05,  3.760077E-16,  3.384069E-20,  0.000000E+00,  0.000000E+00
  4.187714E+05,  3.743411E-16,  3.369070E-20,  0.000000E+00,  0.000000E+00
  4.191912E+05,  3.729126E-16,  3.356214E-20,  0.000000E+00,  0.000000E+00
  4.196115E+05,  3.714842E-16,  3.343358E-20,  0.000000E+00,  0.000000E+00
  4.200321E+05,  3.700557E-16,  3.330501E-20,  0.000000E+00,  0.000000E+00
  4.204532E+05,  3.687066E-16,  3.318359E-20,  0.000000E+00,  0.000000E+00
  4.208747E+05,  3.672781E-16,  3.305503E-20,  0.000000E+00,  0.000000E+00
  4.212966E+05,  3.659290E-16,  3.293361E-20,  0.000000E+00,  0.000000E+00
  4.217190E+05,  3.645005E-16,  3.280504E-20,  0.000000E+00,  0.000000E+00
  4.221418E+05,  3.631513E-16,  3.268362E-20,  0.000000E+00,  0.000000E+00
  4.225650E+05,  3.617229E-16,  3.255506E-20,  0.000000E+00,  0.000000E+00
  4.229886E+05,  3.602944E-16,  3.242649E-20,  0.000000E+00,  0.000000E+00
  4.234126E+05,  3.588659E-16,  3.229793E-20,  0.000000E+00,  0.000000E+00
  4.238371E+05,  3.574375E-16,  3.216937E-20,  0.000000E+00,  0.000000E+00
  4.242620E+05,  3.560089E-16,  3.204081E-20,  0.000000E+00,  0.000000E+00
  4.246873E+05,  3.546598E-16,  3.191939E-20,  0.000000E+00,  0.000000E+00
  4.251131E+05,  3.532313E-16,  3.179082E-20,  0.000000E+00,  0.000000E+00
  4.255392E+05,  3.518029E-16,  3.166226E-20,  0.000000E+00,  0.000000E+00
  4.259658E+05,  3.503744E-16,  3.153369E-20,  0.000000E+00,  0.000000E+00
  4.263929E+05,  3.490253E-16,  3.141227E-20,  0.000000E+00,  0.000000E+00
  4.268203E+05,  3.475968E-16,  3.128371E-20,  0.000000E+00,  0.000000E+00
  4.272482E+05,  3.461683E-16,  3.115515E-20,  0.000000E+00,  0.000000E+00
  4.276765E+05,  3.448192E-16,  3.103373E-20,  0.000000E+00,  0.000000E+00
  4.281053E+05,  3.434701E-16,  3.091231E-20,  0.000000E+00,  0.000000E+00
  4.285345E+05,  3.420416E-16,  3.078374E-20,  0.000000E+00,  0.000000E+00
  4.289641E+05,  3.406925E-16,  3.066232E-20,  0.000000E+00,  0.000000E+00
  4.293941E+05,  3.393434E-16,  3.054090E-20,  0.000000E+00,  0.000000E+00
  4.298246E+05,  3.379149E-16,  3.041234E-20,  0.000000E+00,  0.000000E+00
  4.302555E+05,  3.365658E-16,  3.029092E-20,  0.000000E+00,  0.000000E+00
  4.306868E+05,  3.352166E-16,  3.016950E-20,  0.000000E+00,  0.000000E+00
  4.311186E+05,  3.338675E-16,  3.004808E-20,  0.000000E+00,  0.000000E+00
  4.315508E+05,  3.325184E-16,  2.992666E-20,  0.000000E+00,  0.000000E+00
  4.319834E+05,  3.312487E-16,  2.981238E-20,  0.000000E+00,  0.000000E+00
  4.324165E+05,  3.298995E-16,  2.969096E-20,  0.000000E+00,  0.000000E+00
  4.328500E+05,  3.285504E-16,  2.956954E-20,  0.000000E+00,  0.000000E+00
  4.332839E+05,  3.272013E-16,  2.944812E-20,  0.000000E+00,  0.000000E+00
  4.337183E+05,  3.259315E-16,  2.933384E-20,  0.000000E+00,  0.000000E+00
  4.341531E+05,  3.245824E-16,  2.921242E-20,  0.000000E+00,  0.000000E+00
  4.345883E+05,  3.232333E-16,  2.909100E-20,  0.000000E+00,  0.000000E+00
  4.350240E+05,  3.219635E-16,  2.897672E-20,  0.000000E+00,  0.000000E+00
  4.354601E+05,  3.206938E-16,  2.886244E-20,  0.000000E+00,  0.000000E+00
  4.358966E+05,  3.193446E-16,  2.874102E-20,  0.000000E+00,  0.000000E+00
  4.363336E+05,  3.180749E-16,  2.862674E-20,  0.000000E+00,  0.000000E+00
  4.367711E+05,  3.168051E-16,  2.851246E-20,  0.000000E+00,  0.000000E+00
  4.372089E+05,  3.155354E-16,  2.839818E-20,  0.000000E+00,  0.000000E+00
  4.376472E+05,  3.142656E-16,  2.828390E-20,  0.000000E+00,  0.000000E+00
  4.380860E+05,  3.129958E-16,  2.816963E-20,  0.000000E+00,  0.000000E+00
  4.385251E+05,  3.118054E-16,  2.806249E-20,  0.000000E+00,  0.000000E+00
  4.389648E+05,  3.105357E-16,  2.794821E-20,  0.000000E+00,  0.000000E+00
  4.394048E+05,  3.092659E-16,  2.783393E-20,  0.000000E+00,  0.000000E+00
  4.398453E+05,  3.080755E-16,  2.772680E-20,  0.000000E+00,  0.000000E+00
  4.402863E+05,  3.068058E-16,  2.761252E-20,  0.000000E+00,  0.000000E+00
  4.407277E+05,  3.056154E-16,  2.750538E-20,  0.000000E+00,  0.000000E+00
  4.411695E+05,  3.044250E-16,  2.739825E-20,  0.000000E+00,  0.000000E+00
  4.416118E+05,  3.031552E-16,  2.728397E-20,  0.000000E+00,  0.000000E+00
  4.420545E+05,  3.019648E-16,  2.717683E-20,  0.000000E+00,  0.000000E+00
  4.424976E+05,  3.007744E-16,  2.706970E-20,  0.000000E+00,  0.000000E+00
  4.429412E+05,  2.995840E-16,  2.696256E-20,  0.000000E+00,  0.000000E+00
  4.433853E+05,  2.983142E-16,  2.684828E-20,  0.000000E+00,  0.000000E+00
  4.438298E+05,  2.971238E-16,  2.674115E-20,  0.000000E+00,  0.000000E+00
  4.442747E+05,  2.959334E-16,  2.663401E-20,  0.000000E+00,  0.000000E+00
  4.447201E+05,  2.947430E-16,  2.652687E-20,  0.000000E+00,  0.000000E+00
  4.451659E+05,  2.935526E-16,  2.641974E-20,  0.000000E+00,  0.000000E+00
  4.456122E+05,  2.924416E-16,  2.631974E-20,  0.000000E+00,  0.000000E+00
  4.460590E+05,  2.912512E-16,  2.621261E-20,  0.000000E+00,  0.000000E+00
  4.465061E+05,  2.900608E-16,  2.610547E-20,  0.000000E+00,  0.000000E+00
  4.469538E+05,  2.888704E-16,  2.599834E-20,  0.000000E+00,  0.000000E+00
  4.474018E+05,  2.877593E-16,  2.589834E-20,  0.000000E+00,  0.000000E+00
  4.478503E+05,  2.865689E-16,  2.579121E-20,  0.000000E+00,  0.000000E+00
  4.482993E+05,  2.854579E-16,  2.569121E-20,  0.000000E+00,  0.000000E+00
  4.487487E+05,  2.842675E-16,  2.558408E-20,  0.000000E+00,  0.000000E+00
  4.491986E+05,  2.831565E-16,  2.548408E-20,  0.000000E+00,  0.000000E+00
  4.496489E+05,  2.818867E-16,  2.536981E-20,  0.000000E+00,  0.000000E+00
  4.500997E+05,  2.804582E-16,  2.524124E-20,  0.000000E+00,  0.000000E+00
  4.505509E+05,  2.789504E-16,  2.510554E-20,  0.000000E+00,  0.000000E+00
  4.510026E+05,  2.774425E-16,  2.496983E-20,  0.000000E+00,  0.000000E+00
  4.514547E+05,  2.756966E-16,  2.481270E-20,  0.000000E+00,  0.000000E+00
  4.519073E+05,  2.736333E-16,  2.462700E-20,  0.000000E+00,  0.000000E+00
  4.523604E+05,  2.716493E-16,  2.444844E-20,  0.000000E+00,  0.000000E+00
  4.528139E+05,  2.697446E-16,  2.427702E-20,  0.000000E+00,  0.000000E+00
  4.532678E+05,  2.679193E-16,  2.411274E-20,  0.000000E+00,  0.000000E+00
  4.537222E+05,  2.676813E-16,  2.409132E-20,  0.000000E+00,  0.000000E+00
  4.541771E+05,  2.683955E-16,  2.415560E-20,  0.000000E+00,  0.000000E+00
  4.546324E+05,  2.683955E-16,  2.415560E-20,  0.000000E+00,  0.000000E+00
  4.550881E+05,  2.678400E-16,  2.410560E-20,  0.000000E+00,  0.000000E+00
  4.555444E+05,  2.670464E-16,  2.403418E-20,  0.000000E+00,  0.000000E+00
  4.560010E+05,  2.661734E-16,  2.395561E-20,  0.000000E+00,  0.000000E+00
  4.564582E+05,  2.652211E-16,  2.386990E-20,  0.000000E+00,  0.000000E+00
  4.569158E+05,  2.641894E-16,  2.377705E-20,  0.000000E+00,  0.000000E+00
  4.573738E+05,  2.631578E-16,  2.368420E-20,  0.000000E+00,  0.000000E+00
  4.578324E+05,  2.621261E-16,  2.359135E-20,  0.000000E+00,  0.000000E+00
  4.582913E+05,  2.610944E-16,  2.349850E-20,  0.000000E+00,  0.000000E+00
  4.587508E+05,  2.600627E-16,  2.340565E-20,  0.000000E+00,  0.000000E+00
  4.592107E+05,  2.589517E-16,  2.330565E-20,  0.000000E+00,  0.000000E+00
  4.596710E+05,  2.579200E-16,  2.321280E-20,  0.000000E+00,  0.000000E+00
  4.601319E+05,  2.568883E-16,  2.311995E-20,  0.000000E+00,  0.000000E+00
  4.605931E+05,  2.558566E-16,  2.302710E-20,  0.000000E+00,  0.000000E+00
  4.610549E+05,  2.549043E-16,  2.294139E-20,  0.000000E+00,  0.000000E+00
  4.615171E+05,  2.538726E-16,  2.284854E-20,  0.000000E+00,  0.000000E+00
  4.619798E+05,  2.528410E-16,  2.275569E-20,  0.000000E+00,  0.000000E+00
  4.624429E+05,  2.518886E-16,  2.266998E-20,  0.000000E+00,  0.000000E+00
  4.629065E+05,  2.508570E-16,  2.257713E-20,  0.000000E+00,  0.000000E+00
  4.633706E+05,  2.498253E-16,  2.248427E-20,  0.000000E+00,  0.000000E+00
  4.638351E+05,  2.488729E-16,  2.239856E-20,  0.000000E+00,  0.000000E+00
  4.643001E+05,  2.478413E-16,  2.230572E-20,  0.000000E+00,  0.000000E+00
  4.647656E+05,  2.468096E-16,  2.221286E-20,  0.000000E+00,  0.000000E+00
  4.652315E+05,  2.458573E-16,  2.212715E-20,  0.000000E+00,  0.000000E+00
  4.656979E+05,  2.448256E-16,  2.203430E-20,  0.000000E+00,  0.000000E+00
  4.661647E+05,  2.437939E-16,  2.194145E-20,  0.000000E+00,  0.000000E+00
  4.666321E+05,  2.427622E-16,  2.184860E-20,  0.000000E+00,  0.000000E+00
  4.670999E+05,  2.417305E-16,  2.175575E-20,  0.000000E+00,  0.000000E+00
  4.675681E+05,  2.406989E-16,  2.166290E-20,  0.000000E+00,  0.000000E+00
  4.680369E+05,  2.395085E-16,  2.155576E-20,  0.000000E+00,  0.000000E+00
  4.685061E+05,  2.383181E-16,  2.144863E-20,  0.000000E+00,  0.000000E+00
  4.689758E+05,  2.372864E-16,  2.135578E-20,  0.000000E+00,  0.000000E+00
  4.694459E+05,  2.364928E-16,  2.128435E-20,  0.000000E+00,  0.000000E+00
  4.699165E+05,  2.357786E-16,  2.122007E-20,  0.000000E+00,  0.000000E+00
  4.703876E+05,  2.349850E-16,  2.114865E-20,  0.000000E+00,  0.000000E+00
  4.708592E+05,  2.341120E-16,  2.107008E-20,  0.000000E+00,  0.000000E+00
  4.713312E+05,  2.332390E-16,  2.099151E-20,  0.000000E+00,  0.000000E+00
  4.718037E+05,  2.323661E-16,  2.091295E-20,  0.000000E+00,  0.000000E+00
  4.722767E+05,  2.314931E-16,  2.083438E-20,  0.000000E+00,  0.000000E+00
  4.727502E+05,  2.305408E-16,  2.074867E-20,  0.000000E+00,  0.000000E+00
  4.732241E+05,  2.296678E-16,  2.067011E-20,  0.000000E+00,  0.000000E+00
  4.736985E+05,  2.287155E-16,  2.058440E-20,  0.000000E+00,  0.000000E+00
  4.741734E+05,  2.278426E-16,  2.050583E-20,  0.000000E+00,  0.000000E+00
  4.746488E+05,  2.268902E-16,  2.042012E-20,  0.000000E+00,  0.000000E+00
  4.751246E+05,  2.260173E-16,  2.034155E-20,  0.000000E+00,  0.000000E+00
  4.756009E+05,  2.250650E-16,  2.025585E-20,  0.000000E+00,  0.000000E+00
  4.760777E+05,  2.241920E-16,  2.017728E-20,  0.000000E+00,  0.000000E+00
  4.765550E+05,  2.233191E-16,  2.009871E-20,  0.000000E+00,  0.000000E+00
  4.770327E+05,  2.223667E-16,  2.001301E-20,  0.000000E+00,  0.000000E+00
  4.775109E+05,  2.214938E-16,  1.993444E-20,  0.000000E+00,  0.000000E+00
  4.779896E+05,  2.206208E-16,  1.985587E-20,  0.000000E+00,  0.000000E+00
  4.784688E+05,  2.197478E-16,  1.977731E-20,  0.000000E+00,  0.000000E+00
  4.789485E+05,  2.188749E-16,  1.969874E-20,  0.000000E+00,  0.000000E+00
  4.794286E+05,  2.180019E-16,  1.962017E-20,  0.000000E+00,  0.000000E+00
  4.799093E+05,  2.171290E-16,  1.954161E-20,  0.000000E+00,  0.000000E+00
  4.803904E+05,  2.162560E-16,  1.946304E-20,  0.000000E+00,  0.000000E+00
  4.808720E+05,  2.153830E-16,  1.938447E-20,  0.000000E+00,  0.000000E+00
  4.813540E+05,  2.145101E-16,  1.930591E-20,  0.000000E+00,  0.000000E+00
  4.818366E+05,  2.136371E-16,  1.922734E-20,  0.000000E+00,  0.000000E+00
  4.823196E+05,  2.127641E-16,  1.914877E-20,  0.000000E+00,  0.000000E+00
  4.828032E+05,  2.118912E-16,  1.907021E-20,  0.000000E+00,  0.000000E+00
  4.832872E+05,  2.110182E-16,  1.899164E-20,  0.000000E+00,  0.000000E+00
  4.837717E+05,  2.102246E-16,  1.892022E-20,  0.000000E+00,  0.000000E+00
  4.842567E+05,  2.093517E-16,  1.884165E-20,  0.000000E+00,  0.000000E+00
  4.847421E+05,  2.084787E-16,  1.876309E-20,  0.000000E+00,  0.000000E+00
  4.852281E+05,  2.076851E-16,  1.869166E-20,  0.000000E+00,  0.000000E+00
  4.857145E+05,  2.068122E-16,  1.861309E-20,  0.000000E+00,  0.000000E+00
  4.862014E+05,  2.059392E-16,  1.853453E-20,  0.000000E+00,  0.000000E+00
  4.866889E+05,  2.051456E-16,  1.846310E-20,  0.000000E+00,  0.000000E+00
  4.871768E+05,  2.042726E-16,  1.838454E-20,  0.000000E+00,  0.000000E+00
  4.876652E+05,  2.034790E-16,  1.831311E-20,  0.000000E+00,  0.000000E+00
  4.881541E+05,  2.026061E-16,  1.823455E-20,  0.000000E+00,  0.000000E+00
  4.886434E+05,  2.018125E-16,  1.816312E-20,  0.000000E+00,  0.000000E+00
  4.891333E+05,  2.009395E-16,  1.808456E-20,  0.000000E+00,  0.000000E+00
  4.896237E+05,  2.001459E-16,  1.801313E-20,  0.000000E+00,  0.000000E+00
  4.901145E+05,  1.992730E-16,  1.793457E-20,  0.000000E+00,  0.000000E+00
  4.906058E+05,  1.984793E-16,  1.786314E-20,  0.000000E+00,  0.000000E+00
  4.910977E+05,  1.976858E-16,  1.779172E-20,  0.000000E+00,  0.000000E+00
  4.915900E+05,  1.968128E-16,  1.771315E-20,  0.000000E+00,  0.000000E+00
  4.920828E+05,  1.960192E-16,  1.764173E-20,  0.000000E+00,  0.000000E+00
  4.925761E+05,  1.950669E-16,  1.755602E-20,  0.000000E+00,  0.000000E+00
  4.930699E+05,  1.941146E-16,  1.747031E-20,  0.000000E+00,  0.000000E+00
  4.935642E+05,  1.927654E-16,  1.734889E-20,  0.000000E+00,  0.000000E+00
  4.940590E+05,  1.906227E-16,  1.715604E-20,  0.000000E+00,  0.000000E+00
  4.945543E+05,  1.876070E-16,  1.688463E-20,  0.000000E+00,  0.000000E+00
  4.950501E+05,  1.864960E-16,  1.678464E-20,  0.000000E+00,  0.000000E+00
  4.955464E+05,  1.879245E-16,  1.691320E-20,  0.000000E+00,  0.000000E+00
  4.960432E+05,  1.887181E-16,  1.698463E-20,  0.000000E+00,  0.000000E+00
  4.965405E+05,  1.885593E-16,  1.697034E-20,  0.000000E+00,  0.000000E+00
  4.970383E+05,  1.880832E-16,  1.692749E-20,  0.000000E+00,  0.000000E+00
  4.975365E+05,  1.875277E-16,  1.687749E-20,  0.000000E+00,  0.000000E+00
  4.980353E+05,  1.868134E-16,  1.681321E-20,  0.000000E+00,  0.000000E+00
  4.985346E+05,  1.861786E-16,  1.675607E-20,  0.000000E+00,  0.000000E+00
  4.990344E+05,  1.854643E-16,  1.669179E-20,  0.000000E+00,  0.000000E+00
  4.995347E+05,  1.847501E-16,  1.662751E-20,  0.000000E+00,  0.000000E+00
  5.000355E+05,  1.839565E-16,  1.655608E-20,  0.000000E+00,  0.000000E+00
  5.005367E+05,  1.832422E-16,  1.649180E-20,  0.000000E+00,  0.000000E+00
  5.010385E+05,  1.825280E-16,  1.642752E-20,  0.000000E+00,  0.000000E+00
  5.015408E+05,  1.818138E-16,  1.636324E-20,  0.000000E+00,  0.000000E+00
  5.020436E+05,  1.810202E-16,  1.629181E-20,  0.000000E+00,  0.000000E+00
  5.025469E+05,  1.803059E-16,  1.622753E-20,  0.000000E+00,  0.000000E+00
  5.030507E+05,  1.795917E-16,  1.616325E-20,  0.000000E+00,  0.000000E+00
  5.035550E+05,  1.788774E-16,  1.609897E-20,  0.000000E+00,  0.000000E+00
  5.040598E+05,  1.781632E-16,  1.603469E-20,  0.000000E+00,  0.000000E+00
  5.045652E+05,  1.774490E-16,  1.597041E-20,  0.000000E+00,  0.000000E+00
  5.050710E+05,  1.767347E-16,  1.590613E-20,  0.000000E+00,  0.000000E+00
  5.055773E+05,  1.760205E-16,  1.584184E-20,  0.000000E+00,  0.000000E+00
  5.060842E+05,  1.753062E-16,  1.577756E-20,  0.000000E+00,  0.000000E+00
  5.065915E+05,  1.746714E-16,  1.572042E-20,  0.000000E+00,  0.000000E+00
  5.070994E+05,  1.739571E-16,  1.565614E-20,  0.000000E+00,  0.000000E+00
  5.076077E+05,  1.732429E-16,  1.559186E-20,  0.000000E+00,  0.000000E+00
  5.081166E+05,  1.725286E-16,  1.552758E-20,  0.000000E+00,  0.000000E+00
  5.086260E+05,  1.718938E-16,  1.547044E-20,  0.000000E+00,  0.000000E+00
  5.091359E+05,  1.711795E-16,  1.540616E-20,  0.000000E+00,  0.000000E+00
  5.096463E+05,  1.704653E-16,  1.534187E-20,  0.000000E+00,  0.000000E+00
  5.101572E+05,  1.698304E-16,  1.528474E-20,  0.000000E+00,  0.000000E+00
  5.106687E+05,  1.691162E-16,  1.522045E-20,  0.000000E+00,  0.000000E+00
  5.111806E+05,  1.684813E-16,  1.516331E-20,  0.000000E+00,  0.000000E+00
  5.116931E+05,  1.677670E-16,  1.509903E-20,  0.000000E+00,  0.000000E+00
  5.122061E+05,  1.671322E-16,  1.504189E-20,  0.000000E+00,  0.000000E+00
  5.127195E+05,  1.664179E-16,  1.497761E-20,  0.000000E+00,  0.000000E+00
  5.132335E+05,  1.657830E-16,  1.492047E-20,  0.000000E+00,  0.000000E+00
  5.137481E+05,  1.650688E-16,  1.485619E-20,  0.000000E+00,  0.000000E+00
  5.142631E+05,  1.644339E-16,  1.479905E-20,  0.000000E+00,  0.000000E+00
  5.147786E+05,  1.637990E-16,  1.474191E-20,  0.000000E+00,  0.000000E+00
  5.152947E+05,  1.630848E-16,  1.467763E-20,  0.000000E+00,  0.000000E+00
  5.158113E+05,  1.624499E-16,  1.462049E-20,  0.000000E+00,  0.000000E+00
  5.163284E+05,  1.618150E-16,  1.456335E-20,  0.000000E+00,  0.000000E+00
  5.168460E+05,  1.611802E-16,  1.450621E-20,  0.000000E+00,  0.000000E+00
  5.173642E+05,  1.604659E-16,  1.444193E-20,  0.000000E+00,  0.000000E+00
  5.178828E+05,  1.598310E-16,  1.438479E-20,  0.000000E+00,  0.000000E+00
  5.184020E+05,  1.591962E-16,  1.432765E-20,  0.000000E+00,  0.000000E+00
  5.189217E+05,  1.585613E-16,  1.427051E-20,  0.000000E+00,  0.000000E+00
  5.194419E+05,  1.579264E-16,  1.421338E-20,  0.000000E+00,  0.000000E+00
  5.199626E+05,  1.572915E-16,  1.415624E-20,  0.000000E+00,  0.000000E+00
  5.204839E+05,  1.566566E-16,  1.409910E-20,  0.000000E+00,  0.000000E+00
  5.210057E+05,  1.560218E-16,  1.404196E-20,  0.000000E+00,  0.000000E+00
  5.215280E+05,  1.553869E-16,  1.398482E-20,  0.000000E+00,  0.000000E+00
  5.220508E+05,  1.547520E-16,  1.392768E-20,  0.000000E+00,  0.000000E+00
  5.225742E+05,  1.540378E-16,  1.386340E-20,  0.000000E+00,  0.000000E+00
  5.230981E+05,  1.533235E-16,  1.379912E-20,  0.000000E+00,  0.000000E+00
  5.236225E+05,  1.525299E-16,  1.372769E-20,  0.000000E+00,  0.000000E+00
  5.241474E+05,  1.512601E-16,  1.361341E-20,  0.000000E+00,  0.000000E+00
  5.246729E+05,  1.486413E-16,  1.337771E-20,  0.000000E+00,  0.000000E+00
  5.251989E+05,  1.456256E-16,  1.310630E-20,  0.000000E+00,  0.000000E+00
  5.257254E+05,  1.460224E-16,  1.314202E-20,  0.000000E+00,  0.000000E+00
  5.262524E+05,  1.480858E-16,  1.332772E-20,  0.000000E+00,  0.000000E+00
  5.267800E+05,  1.486413E-16,  1.337771E-20,  0.000000E+00,  0.000000E+00
  5.273081E+05,  1.483238E-16,  1.334914E-20,  0.000000E+00,  0.000000E+00
  5.278367E+05,  1.478477E-16,  1.330629E-20,  0.000000E+00,  0.000000E+00
  5.283659E+05,  1.472128E-16,  1.324915E-20,  0.000000E+00,  0.000000E+00
  5.288955E+05,  1.466573E-16,  1.319916E-20,  0.000000E+00,  0.000000E+00
  5.294258E+05,  1.461018E-16,  1.314916E-20,  0.000000E+00,  0.000000E+00
  5.299565E+05,  1.455462E-16,  1.309916E-20,  0.000000E+00,  0.000000E+00
  5.304878E+05,  1.449907E-16,  1.304916E-20,  0.000000E+00,  0.000000E+00
  5.310196E+05,  1.444352E-16,  1.299917E-20,  0.000000E+00,  0.000000E+00
  5.315520E+05,  1.438797E-16,  1.294917E-20,  0.000000E+00,  0.000000E+00
  5.320848E+05,  1.432448E-16,  1.289203E-20,  0.000000E+00,  0.000000E+00
  5.326183E+05,  1.426893E-16,  1.284204E-20,  0.000000E+00,  0.000000E+00
  5.331522E+05,  1.421338E-16,  1.279204E-20,  0.000000E+00,  0.000000E+00
  5.336867E+05,  1.415782E-16,  1.274204E-20,  0.000000E+00,  0.000000E+00
  5.342217E+05,  1.410227E-16,  1.269204E-20,  0.000000E+00,  0.000000E+00
  5.347573E+05,  1.404672E-16,  1.264205E-20,  0.000000E+00,  0.000000E+00
  5.352934E+05,  1.399117E-16,  1.259205E-20,  0.000000E+00,  0.000000E+00
  5.358300E+05,  1.393562E-16,  1.254205E-20,  0.000000E+00,  0.000000E+00
  5.363672E+05,  1.388006E-16,  1.249206E-20,  0.000000E+00,  0.000000E+00
  5.369049E+05,  1.382451E-16,  1.244206E-20,  0.000000E+00,  0.000000E+00
  5.374431E+05,  1.376896E-16,  1.239206E-20,  0.000000E+00,  0.000000E+00
  5.379819E+05,  1.371341E-16,  1.234207E-20,  0.000000E+00,  0.000000E+00
  5.385212E+05,  1.365786E-16,  1.229207E-20,  0.000000E+00,  0.000000E+00
  5.390611E+05,  1.360230E-16,  1.224207E-20,  0.000000E+00,  0.000000E+00
  5.396015E+05,  1.354675E-16,  1.219208E-20,  0.000000E+00,  0.000000E+00
  5.401425E+05,  1.349120E-16,  1.214208E-20,  0.000000E+00,  0.000000E+00
  5.406840E+05,  1.343565E-16,  1.209208E-20,  0.000000E+00,  0.000000E+00
  5.412260E+05,  1.338010E-16,  1.204209E-20,  0.000000E+00,  0.000000E+00
  5.417686E+05,  1.332454E-16,  1.199209E-20,  0.000000E+00,  0.000000E+00
  5.423117E+05,  1.326106E-16,  1.193495E-20,  0.000000E+00,  0.000000E+00
  5.428554E+05,  1.319757E-16,  1.187781E-20,  0.000000E+00,  0.000000E+00
  5.433996E+05,  1.312614E-16,  1.181353E-20,  0.000000E+00,  0.000000E+00
  5.439443E+05,  1.305472E-16,  1.174925E-20,  0.000000E+00,  0.000000E+00
  5.444896E+05,  1.298330E-16,  1.168497E-20,  0.000000E+00,  0.000000E+00
  5.450355E+05,  1.294362E-16,  1.164925E-20,  0.000000E+00,  0.000000E+00
  5.455819E+05,  1.291981E-16,  1.162783E-20,  0.000000E+00,  0.000000E+00
  5.461288E+05,  1.288013E-16,  1.159211E-20,  0.000000E+00,  0.000000E+00
  5.466763E+05,  1.284045E-16,  1.155640E-20,  0.000000E+00,  0.000000E+00
  5.472244E+05,  1.279283E-16,  1.151355E-20,  0.000000E+00,  0.000000E+00
  5.477730E+05,  1.274522E-16,  1.147069E-20,  0.000000E+00,  0.000000E+00
  5.483221E+05,  1.269760E-16,  1.142784E-20,  0.000000E+00,  0.000000E+00
  5.488718E+05,  1.264998E-16,  1.138499E-20,  0.000000E+00,  0.000000E+00
  5.494221E+05,  1.259443E-16,  1.133499E-20,  0.000000E+00,  0.000000E+00
  5.499729E+05,  1.254682E-16,  1.129213E-20,  0.000000E+00,  0.000000E+00
  5.505242E+05,  1.249920E-16,  1.124928E-20,  0.000000E+00,  0.000000E+00
  5.510761E+05,  1.244365E-16,  1.119928E-20,  0.000000E+00,  0.000000E+00
  5.516286E+05,  1.238810E-16,  1.114929E-20,  0.000000E+00,  0.000000E+00
  5.521816E+05,  1.234048E-16,  1.110643E-20,  0.000000E+00,  0.000000E+00
  5.527351E+05,  1.227699E-16,  1.104929E-20,  0.000000E+00,  0.000000E+00
  5.532892E+05,  1.222144E-16,  1.099930E-20,  0.000000E+00,  0.000000E+00
  5.538439E+05,  1.215001E-16,  1.093501E-20,  0.000000E+00,  0.000000E+00
  5.543991E+05,  1.205478E-16,  1.084931E-20,  0.000000E+00,  0.000000E+00
  5.549549E+05,  1.194368E-16,  1.074931E-20,  0.000000E+00,  0.000000E+00
  5.555113E+05,  1.188019E-16,  1.069217E-20,  0.000000E+00,  0.000000E+00
  5.560682E+05,  1.188019E-16,  1.069217E-20,  0.000000E+00,  0.000000E+00
  5.566256E+05,  1.188019E-16,  1.069217E-20,  0.000000E+00,  0.000000E+00
  5.571837E+05,  1.185638E-16,  1.067074E-20,  0.000000E+00,  0.000000E+00
  5.577422E+05,  1.183258E-16,  1.064932E-20,  0.000000E+00,  0.000000E+00
  5.583014E+05,  1.179290E-16,  1.061361E-20,  0.000000E+00,  0.000000E+00
  5.588611E+05,  1.175322E-16,  1.057789E-20,  0.000000E+00,  0.000000E+00
  5.594213E+05,  1.171353E-16,  1.054218E-20,  0.000000E+00,  0.000000E+00
  5.599821E+05,  1.166592E-16,  1.049933E-20,  0.000000E+00,  0.000000E+00
  5.605435E+05,  1.161830E-16,  1.045647E-20,  0.000000E+00,  0.000000E+00
  5.611055E+05,  1.157862E-16,  1.042076E-20,  0.000000E+00,  0.000000E+00
  5.616680E+05,  1.153101E-16,  1.037791E-20,  0.000000E+00,  0.000000E+00
  5.622311E+05,  1.148339E-16,  1.033505E-20,  0.000000E+00,  0.000000E+00
  5.627947E+05,  1.143578E-16,  1.029220E-20,  0.000000E+00,  0.000000E+00
  5.633589E+05,  1.139610E-16,  1.025649E-20,  0.000000E+00,  0.000000E+00
  5.639237E+05,  1.134848E-16,  1.021363E-20,  0.000000E+00,  0.000000E+00
  5.644890E+05,  1.130086E-16,  1.017078E-20,  0.000000E+00,  0.000000E+00
  5.650549E+05,  1.125325E-16,  1.012792E-20,  0.000000E+00,  0.000000E+00
  5.656214E+05,  1.120563E-16,  1.008507E-20,  0.000000E+00,  0.000000E+00
  5.661884E+05,  1.116595E-16,  1.004936E-20,  0.000000E+00,  0.000000E+00
  5.667560E+05,  1.111834E-16,  1.000650E-20,  0.000000E+00,  0.000000E+00
  5.673242E+05,  1.107072E-16,  9.963648E-21,  0.000000E+00,  0.000000E+00
  5.678929E+05,  1.103104E-16,  9.927936E-21,  0.000000E+00,  0.000000E+00
  5.684622E+05,  1.098342E-16,  9.885082E-21,  0.000000E+00,  0.000000E+00
  5.690321E+05,  1.094374E-16,  9.849370E-21,  0.000000E+00,  0.000000E+00
  5.696026E+05,  1.089613E-16,  9.806515E-21,  0.000000E+00,  0.000000E+00
  5.701736E+05,  1.085645E-16,  9.770803E-21,  0.000000E+00,  0.000000E+00
  5.707452E+05,  1.080883E-16,  9.727949E-21,  0.000000E+00,  0.000000E+00
  5.713174E+05,  1.076915E-16,  9.692237E-21,  0.000000E+00,  0.000000E+00
  5.718901E+05,  1.072154E-16,  9.649383E-21,  0.000000E+00,  0.000000E+00
  5.724634E+05,  1.068186E-16,  9.613671E-21,  0.000000E+00,  0.000000E+00
  5.730373E+05,  1.064218E-16,  9.577958E-21,  0.000000E+00,  0.000000E+00
  5.736118E+05,  1.059456E-16,  9.535104E-21,  0.000000E+00,  0.000000E+00
  5.741869E+05,  1.055488E-16,  9.499392E-21,  0.000000E+00,  0.000000E+00
  5.747625E+05,  1.050726E-16,  9.456538E-21,  0.000000E+00,  0.000000E+00
  5.753387E+05,  1.046758E-16,  9.420826E-21,  0.000000E+00,  0.000000E+00
  5.759155E+05,  1.042790E-16,  9.385114E-21,  0.000000E+00,  0.000000E+00
  5.764928E+05,  1.038029E-16,  9.342259E-21,  0.000000E+00,  0.000000E+00
  5.770707E+05,  1.034061E-16,  9.306547E-21,  0.000000E+00,  0.000000E+00
  5.776493E+05,  1.030093E-16,  9.270835E-21,  0.000000E+00,  0.000000E+00
  5.782284E+05,  1.025331E-16,  9.227981E-21,  0.000000E+00,  0.000000E+00
  5.788080E+05,  1.021363E-16,  9.192269E-21,  0.000000E+00,  0.000000E+00
  5.793883E+05,  1.016602E-16,  9.149415E-21,  0.000000E+00,  0.000000E+00
  5.799691E+05,  1.012634E-16,  9.113703E-21,  0.000000E+00,  0.000000E+00
  5.805505E+05,  1.007872E-16,  9.070848E-21,  0.000000E+00,  0.000000E+00
  5.811325E+05,  1.003904E-16,  9.035136E-21,  0.000000E+00,  0.000000E+00
  5.817151E+05,  1.000730E-16,  9.006567E-21,  0.000000E+00,  0.000000E+00
  5.822983E+05,  9.967616E-17,  8.970855E-21,  0.000000E+00,  0.000000E+00
  5.828821E+05,  9.927936E-17,  8.935143E-21,  0.000000E+00,  0.000000E+00
  5.834664E+05,  9.888256E-17,  8.899431E-21,  0.000000E+00,  0.000000E+00
  5.840513E+05,  9.856512E-17,  8.870861E-21,  0.000000E+00,  0.000000E+00
  5.846368E+05,  9.816832E-17,  8.835149E-21,  0.000000E+00,  0.000000E+00
  5.852229E+05,  9.777152E-17,  8.799437E-21,  0.000000E+00,  0.000000E+00
  5.858096E+05,  9.737472E-17,  8.763725E-21,  0.000000E+00,  0.000000E+00
  5.863969E+05,  9.697792E-17,  8.728013E-21,  0.000000E+00,  0.000000E+00
  5.869848E+05,  9.658112E-17,  8.692301E-21,  0.000000E+00,  0.000000E+00
  5.875732E+05,  9.618432E-17,  8.656589E-21,  0.000000E+00,  0.000000E+00
  5.881623E+05,  9.586688E-17,  8.628019E-21,  0.000000E+00,  0.000000E+00
  5.887519E+05,  9.547008E-17,  8.592307E-21,  0.000000E+00,  0.000000E+00
  5.893421E+05,  9.507328E-17,  8.556595E-21,  0.000000E+00,  0.000000E+00
  5.899329E+05,  9.467648E-17,  8.520883E-21,  0.000000E+00,  0.000000E+00
  5.905243E+05,  9.427968E-17,  8.485171E-21,  0.000000E+00,  0.000000E+00
  5.911163E+05,  9.396224E-17,  8.456602E-21,  0.000000E+00,  0.000000E+00
  5.917089E+05,  9.356544E-17,  8.420889E-21,  0.000000E+00,  0.000000E+00
  5.923021E+05,  9.316864E-17,  8.385178E-21,  0.000000E+00,  0.000000E+00
  5.928959E+05,  9.277184E-17,  8.349466E-21,  0.000000E+00,  0.000000E+00
  5.934903E+05,  9.245440E-17,  8.320896E-21,  0.000000E+00,  0.000000E+00
  5.940853E+05,  9.205760E-17,  8.285184E-21,  0.000000E+00,  0.000000E+00
  5.946808E+05,  9.166080E-17,  8.249472E-21,  0.000000E+00,  0.000000E+00
  5.952770E+05,  9.134336E-17,  8.220903E-21,  0.000000E+00,  0.000000E+00
  5.958738E+05,  9.094656E-17,  8.185190E-21,  0.000000E+00,  0.000000E+00
  5.964711E+05,  9.054976E-17,  8.149479E-21,  0.000000E+00,  0.000000E+00
  5.970691E+05,  9.023232E-17,  8.120909E-21,  0.000000E+00,  0.000000E+00
  5.976677E+05,  8.983552E-17,  8.085197E-21,  0.000000E+00,  0.000000E+00
  5.982668E+05,  8.951808E-17,  8.056627E-21,  0.000000E+00,  0.000000E+00
  5.988666E+05,  8.912128E-17,  8.020915E-21,  0.000000E+00,  0.000000E+00
  5.994669E+05,  8.880384E-17,  7.992346E-21,  0.000000E+00,  0.000000E+00
  6.000679E+05,  8.840704E-17,  7.956634E-21,  0.000000E+00,  0.000000E+00
  6.006695E+05,  8.808960E-17,  7.928064E-21,  0.000000E+00,  0.000000E+00
  6.012717E+05,  8.769280E-17,  7.892352E-21,  0.000000E+00,  0.000000E+00
  6.018744E+05,  8.737536E-17,  7.863783E-21,  0.000000E+00,  0.000000E+00
  6.024778E+05,  8.697856E-17,  7.828071E-21,  0.000000E+00,  0.000000E+00
  6.030818E+05,  8.666112E-17,  7.799501E-21,  0.000000E+00,  0.000000E+00
  6.036864E+05,  8.626432E-17,  7.763789E-21,  0.000000E+00,  0.000000E+00
  6.042916E+05,  8.594688E-17,  7.735219E-21,  0.000000E+00,  0.000000E+00
  6.048974E+05,  8.562944E-17,  7.706650E-21,  0.000000E+00,  0.000000E+00
  6.055038E+05,  8.523264E-17,  7.670938E-21,  0.000000E+00,  0.000000E+00
  6.061108E+05,  8.491520E-17,  7.642368E-21,  0.000000E+00,  0.000000E+00
  6.067184E+05,  8.451840E-17,  7.606656E-21,  0.000000E+00,  0.000000E+00
  6.073267E+05,  8.420096E-17,  7.578087E-21,  0.000000E+00,  0.000000E+00
  6.079355E+05,  8.388352E-17,  7.549517E-21,  0.000000E+00,  0.000000E+00
  6.085450E+05,  8.348672E-17,  7.513805E-21,  0.000000E+00,  0.000000E+00
  6.091550E+05,  8.316928E-17,  7.485235E-21,  0.000000E+00,  0.000000E+00
  6.097657E+05,  8.285184E-17,  7.456666E-21,  0.000000E+00,  0.000000E+00
  6.103770E+05,  8.253440E-17,  7.428096E-21,  0.000000E+00,  0.000000E+00
  6.109889E+05,  8.213760E-17,  7.392384E-21,  0.000000E+00,  0.000000E+00
  6.116014E+05,  8.182016E-17,  7.363815E-21,  0.000000E+00,  0.000000E+00
  6.122146E+05,  8.150272E-17,  7.335245E-21,  0.000000E+00,  0.000000E+00
  6.128283E+05,  8.118528E-17,  7.306675E-21,  0.000000E+00,  0.000000E+00
  6.134427E+05,  8.078848E-17,  7.270963E-21,  0.000000E+00,  0.000000E+00
  6.140576E+05,  8.047104E-17,  7.242394E-21,  0.000000E+00,  0.000000E+00
  6.146732E+05,  8.015360E-17,  7.213824E-21,  0.000000E+00,  0.000000E+00
  6.152895E+05,  7.983616E-17,  7.185255E-21,  0.000000E+00,  0.000000E+00
  6.159063E+05,  7.951872E-17,  7.156685E-21,  0.000000E+00,  0.000000E+00
  6.165237E+05,  7.912986E-17,  7.121688E-21,  0.000000E+00,  0.000000E+00
  6.171418E+05,  7.869338E-17,  7.082404E-21,  0.000000E+00,  0.000000E+00
  6.177605E+05,  7.807437E-17,  7.026693E-21,  0.000000E+00,  0.000000E+00
  6.183798E+05,  7.705856E-17,  6.935271E-21,  0.000000E+00,  0.000000E+00
  6.189997E+05,  7.612211E-17,  6.850990E-21,  0.000000E+00,  0.000000E+00
  6.196203E+05,  7.627290E-17,  6.864561E-21,  0.000000E+00,  0.000000E+00
  6.202414E+05,  7.673318E-17,  6.905987E-21,  0.000000E+00,  0.000000E+00
  6.208632E+05,  7.678874E-17,  6.910987E-21,  0.000000E+00,  0.000000E+00
  6.214856E+05,  7.663001E-17,  6.896701E-21,  0.000000E+00,  0.000000E+00
  6.221087E+05,  7.638400E-17,  6.874560E-21,  0.000000E+00,  0.000000E+00
  6.227323E+05,  7.611418E-17,  6.850276E-21,  0.000000E+00,  0.000000E+00
  6.233566E+05,  7.582055E-17,  6.823849E-21,  0.000000E+00,  0.000000E+00
  6.239815E+05,  7.552691E-17,  6.797422E-21,  0.000000E+00,  0.000000E+00
  6.246071E+05,  7.523328E-17,  6.770995E-21,  0.000000E+00,  0.000000E+00
  6.252333E+05,  7.493171E-17,  6.743854E-21,  0.000000E+00,  0.000000E+00
  6.258601E+05,  7.463808E-17,  6.717427E-21,  0.000000E+00,  0.000000E+00
  6.264875E+05,  7.433651E-17,  6.690286E-21,  0.000000E+00,  0.000000E+00
  6.271155E+05,  7.404288E-17,  6.663859E-21,  0.000000E+00,  0.000000E+00
  6.277442E+05,  7.374131E-17,  6.636718E-21,  0.000000E+00,  0.000000E+00
  6.283735E+05,  7.344768E-17,  6.610291E-21,  0.000000E+00,  0.000000E+00
  6.290035E+05,  7.315405E-17,  6.583865E-21,  0.000000E+00,  0.000000E+00
  6.296341E+05,  7.286042E-17,  6.557438E-21,  0.000000E+00,  0.000000E+00
  6.302653E+05,  7.256678E-17,  6.531010E-21,  0.000000E+00,  0.000000E+00
  6.308971E+05,  7.227315E-17,  6.504584E-21,  0.000000E+00,  0.000000E+00
  6.315296E+05,  7.198746E-17,  6.478871E-21,  0.000000E+00,  0.000000E+00
  6.321627E+05,  7.169382E-17,  6.452444E-21,  0.000000E+00,  0.000000E+00
  6.327964E+05,  7.140813E-17,  6.426732E-21,  0.000000E+00,  0.000000E+00
  6.334308E+05,  7.111450E-17,  6.400305E-21,  0.000000E+00,  0.000000E+00
  6.340658E+05,  7.082880E-17,  6.374592E-21,  0.000000E+00,  0.000000E+00
  6.347015E+05,  7.054310E-17,  6.348879E-21,  0.000000E+00,  0.000000E+00
  6.353378E+05,  7.026534E-17,  6.323881E-21,  0.000000E+00,  0.000000E+00
  6.359747E+05,  6.997964E-17,  6.298168E-21,  0.000000E+00,  0.000000E+00
  6.366123E+05,  6.969395E-17,  6.272456E-21,  0.000000E+00,  0.000000E+00
  6.372505E+05,  6.941619E-17,  6.247457E-21,  0.000000E+00,  0.000000E+00
  6.378893E+05,  6.913843E-17,  6.222459E-21,  0.000000E+00,  0.000000E+00
  6.385288E+05,  6.885273E-17,  6.196746E-21,  0.000000E+00,  0.000000E+00
  6.391689E+05,  6.857497E-17,  6.171748E-21,  0.000000E+00,  0.000000E+00
  6.398097E+05,  6.829721E-17,  6.146749E-21,  0.000000E+00,  0.000000E+00
  6.404511E+05,  6.801945E-17,  6.121751E-21,  0.000000E+00,  0.000000E+00
  6.410932E+05,  6.774170E-17,  6.096753E-21,  0.000000E+00,  0.000000E+00
  6.417358E+05,  6.746394E-17,  6.071755E-21,  0.000000E+00,  0.000000E+00
  6.423792E+05,  6.719411E-17,  6.047470E-21,  0.000000E+00,  0.000000E+00
  6.430232E+05,  6.691635E-17,  6.022472E-21,  0.000000E+00,  0.000000E+00
  6.436678E+05,  6.663066E-17,  5.996759E-21,  0.000000E+00,  0.000000E+00
  6.443131E+05,  6.635290E-17,  5.971761E-21,  0.000000E+00,  0.000000E+00
  6.449590E+05,  6.606720E-17,  5.946048E-21,  0.000000E+00,  0.000000E+00
  6.456056E+05,  6.577356E-17,  5.919621E-21,  0.000000E+00,  0.000000E+00
  6.462528E+05,  6.547200E-17,  5.892480E-21,  0.000000E+00,  0.000000E+00
  6.469007E+05,  6.514662E-17,  5.863196E-21,  0.000000E+00,  0.000000E+00
  6.475492E+05,  6.478950E-17,  5.831055E-21,  0.000000E+00,  0.000000E+00
  6.481984E+05,  6.444825E-17,  5.800343E-21,  0.000000E+00,  0.000000E+00
  6.488482E+05,  6.421811E-17,  5.779630E-21,  0.000000E+00,  0.000000E+00
  6.494986E+05,  6.404352E-17,  5.763917E-21,  0.000000E+00,  0.000000E+00
  6.501498E+05,  6.384512E-17,  5.746061E-21,  0.000000E+00,  0.000000E+00
  6.508015E+05,  6.362291E-17,  5.726062E-21,  0.000000E+00,  0.000000E+00
  6.514540E+05,  6.336896E-17,  5.703206E-21,  0.000000E+00,  0.000000E+00
  6.521071E+05,  6.311501E-17,  5.680351E-21,  0.000000E+00,  0.000000E+00
  6.527608E+05,  6.284519E-17,  5.656067E-21,  0.000000E+00,  0.000000E+00
  6.534152E+05,  6.256742E-17,  5.631068E-21,  0.000000E+00,  0.000000E+00
  6.540702E+05,  6.230553E-17,  5.607498E-21,  0.000000E+00,  0.000000E+00
  6.547259E+05,  6.208333E-17,  5.587499E-21,  0.000000E+00,  0.000000E+00
  6.553823E+05,  6.186905E-17,  5.568215E-21,  0.000000E+00,  0.000000E+00
  6.560393E+05,  6.165478E-17,  5.548930E-21,  0.000000E+00,  0.000000E+00
  6.566970E+05,  6.142464E-17,  5.528218E-21,  0.000000E+00,  0.000000E+00
  6.573554E+05,  6.119450E-17,  5.507505E-21,  0.000000E+00,  0.000000E+00
  6.580144E+05,  6.096435E-17,  5.486792E-21,  0.000000E+00,  0.000000E+00
  6.586740E+05,  6.072627E-17,  5.465365E-21,  0.000000E+00,  0.000000E+00
  6.593343E+05,  6.048819E-17,  5.443937E-21,  0.000000E+00,  0.000000E+00
  6.599953E+05,  6.025011E-17,  5.422510E-21,  0.000000E+00,  0.000000E+00
  6.606570E+05,  6.001203E-17,  5.401083E-21,  0.000000E+00,  0.000000E+00
  6.613193E+05,  5.977395E-17,  5.379656E-21,  0.000000E+00,  0.000000E+00
  6.619822E+05,  5.953588E-17,  5.358229E-21,  0.000000E+00,  0.000000E+00
  6.626459E+05,  5.929779E-17,  5.336801E-21,  0.000000E+00,  0.000000E+00
  6.633102E+05,  5.905971E-17,  5.315374E-21,  0.000000E+00,  0.000000E+00
  6.639752E+05,  5.882163E-17,  5.293947E-21,  0.000000E+00,  0.000000E+00
  6.646408E+05,  5.857562E-17,  5.271806E-21,  0.000000E+00,  0.000000E+00
  6.653071E+05,  5.833754E-17,  5.250378E-21,  0.000000E+00,  0.000000E+00
  6.659741E+05,  5.809945E-17,  5.228951E-21,  0.000000E+00,  0.000000E+00
  6.666417E+05,  5.786138E-17,  5.207524E-21,  0.000000E+00,  0.000000E+00
  6.673100E+05,  5.761536E-17,  5.185382E-21,  0.000000E+00,  0.000000E+00
  6.679790E+05,  5.736141E-17,  5.162527E-21,  0.000000E+00,  0.000000E+00
  6.686486E+05,  5.709158E-17,  5.138242E-21,  0.000000E+00,  0.000000E+00
  6.693190E+05,  5.679795E-17,  5.111816E-21,  0.000000E+00,  0.000000E+00
  6.699900E+05,  5.644877E-17,  5.080389E-21,  0.000000E+00,  0.000000E+00
  6.706616E+05,  5.601229E-17,  5.041106E-21,  0.000000E+00,  0.000000E+00
  6.713340E+05,  5.563930E-17,  5.007537E-21,  0.000000E+00,  0.000000E+00
  6.720070E+05,  5.555200E-17,  4.999680E-21,  0.000000E+00,  0.000000E+00
  6.726807E+05,  5.552819E-17,  4.997537E-21,  0.000000E+00,  0.000000E+00
  6.733550E+05,  5.541709E-17,  4.987538E-21,  0.000000E+00,  0.000000E+00
  6.740301E+05,  5.524250E-17,  4.971825E-21,  0.000000E+00,  0.000000E+00
  6.747058E+05,  5.503616E-17,  4.953254E-21,  0.000000E+00,  0.000000E+00
  6.753822E+05,  5.483776E-17,  4.935398E-21,  0.000000E+00,  0.000000E+00
  6.760592E+05,  5.463143E-17,  4.916828E-21,  0.000000E+00,  0.000000E+00
  6.767370E+05,  5.443302E-17,  4.898972E-21,  0.000000E+00,  0.000000E+00
  6.774154E+05,  5.422669E-17,  4.880402E-21,  0.000000E+00,  0.000000E+00
  6.780945E+05,  5.402035E-17,  4.861832E-21,  0.000000E+00,  0.000000E+00
  6.787743E+05,  5.381401E-17,  4.843261E-21,  0.000000E+00,  0.000000E+00
  6.794548E+05,  5.359974E-17,  4.823977E-21,  0.000000E+00,  0.000000E+00
  6.801360E+05,  5.338547E-17,  4.804693E-21,  0.000000E+00,  0.000000E+00
  6.808178E+05,  5.317913E-17,  4.786122E-21,  0.000000E+00,  0.000000E+00
  6.815003E+05,  5.296486E-17,  4.766838E-21,  0.000000E+00,  0.000000E+00
  6.821835E+05,  5.275059E-17,  4.747553E-21,  0.000000E+00,  0.000000E+00
  6.828674E+05,  5.254426E-17,  4.728983E-21,  0.000000E+00,  0.000000E+00
  6.835520E+05,  5.232998E-17,  4.709699E-21,  0.000000E+00,  0.000000E+00
  6.842372E+05,  5.212365E-17,  4.691128E-21,  0.000000E+00,  0.000000E+00
  6.849232E+05,  5.190937E-17,  4.671844E-21,  0.000000E+00,  0.000000E+00
  6.856098E+05,  5.169510E-17,  4.652559E-21,  0.000000E+00,  0.000000E+00
  6.862972E+05,  5.148083E-17,  4.633275E-21,  0.000000E+00,  0.000000E+00
  6.869852E+05,  5.126656E-17,  4.613990E-21,  0.000000E+00,  0.000000E+00
  6.876739E+05,  5.102848E-17,  4.592563E-21,  0.000000E+00,  0.000000E+00
  6.883633E+05,  5.076659E-17,  4.568993E-21,  0.000000E+00,  0.000000E+00
  6.890533E+05,  5.036186E-17,  4.532567E-21,  0.000000E+00,  0.000000E+00
  6.897441E+05,  4.954445E-17,  4.459000E-21,  0.000000E+00,  0.000000E+00
  6.904356E+05,  4.853658E-17,  4.368292E-21,  0.000000E+00,  0.000000E+00
  6.911278E+05,  4.859213E-17,  4.373291E-21,  0.000000E+00,  0.000000E+00
  6.918206E+05,  4.924288E-17,  4.431859E-21,  0.000000E+00,  0.000000E+00
  6.925142E+05,  4.945715E-17,  4.451144E-21,  0.000000E+00,  0.000000E+00
  6.932084E+05,  4.937779E-17,  4.444001E-21,  0.000000E+00,  0.000000E+00
  6.939034E+05,  4.921907E-17,  4.429717E-21,  0.000000E+00,  0.000000E+00
  6.945990E+05,  4.903654E-17,  4.413289E-21,  0.000000E+00,  0.000000E+00
  6.952953E+05,  4.884608E-17,  4.396147E-21,  0.000000E+00,  0.000000E+00
  6.959924E+05,  4.865561E-17,  4.379005E-21,  0.000000E+00,  0.000000E+00
  6.966901E+05,  4.846515E-17,  4.361864E-21,  0.000000E+00,  0.000000E+00
  6.973885E+05,  4.827469E-17,  4.344722E-21,  0.000000E+00,  0.000000E+00
  6.980877E+05,  4.808422E-17,  4.327580E-21,  0.000000E+00,  0.000000E+00
  6.987875E+05,  4.789376E-17,  4.310438E-21,  0.000000E+00,  0.000000E+00
  6.994880E+05,  4.769536E-17,  4.292582E-21,  0.000000E+00,  0.000000E+00
  7.001893E+05,  4.750490E-17,  4.275441E-21,  0.000000E+00,  0.000000E+00
  7.008912E+05,  4.730650E-17,  4.257585E-21,  0.000000E+00,  0.000000E+00
  7.015939E+05,  4.711603E-17,  4.240443E-21,  0.000000E+00,  0.000000E+00
  7.022972E+05,  4.692557E-17,  4.223301E-21,  0.000000E+00,  0.000000E+00
  7.030013E+05,  4.673510E-17,  4.206159E-21,  0.000000E+00,  0.000000E+00
  7.037060E+05,  4.654464E-17,  4.189018E-21,  0.000000E+00,  0.000000E+00
  7.044115E+05,  4.635418E-17,  4.171876E-21,  0.000000E+00,  0.000000E+00
  7.051177E+05,  4.616371E-17,  4.154734E-21,  0.000000E+00,  0.000000E+00
  7.058245E+05,  4.597325E-17,  4.137592E-21,  0.000000E+00,  0.000000E+00
  7.065321E+05,  4.579072E-17,  4.121165E-21,  0.000000E+00,  0.000000E+00
  7.072404E+05,  4.560819E-17,  4.104737E-21,  0.000000E+00,  0.000000E+00
  7.079494E+05,  4.542566E-17,  4.088310E-21,  0.000000E+00,  0.000000E+00
  7.086592E+05,  4.525107E-17,  4.072596E-21,  0.000000E+00,  0.000000E+00
  7.093696E+05,  4.506854E-17,  4.056169E-21,  0.000000E+00,  0.000000E+00
  7.100807E+05,  4.489395E-17,  4.040456E-21,  0.000000E+00,  0.000000E+00
  7.107926E+05,  4.471142E-17,  4.024028E-21,  0.000000E+00,  0.000000E+00
  7.115052E+05,  4.453683E-17,  4.008315E-21,  0.000000E+00,  0.000000E+00
  7.122184E+05,  4.435430E-17,  3.991888E-21,  0.000000E+00,  0.000000E+00
  7.129324E+05,  4.417971E-17,  3.976174E-21,  0.000000E+00,  0.000000E+00
  7.136472E+05,  4.400512E-17,  3.960461E-21,  0.000000E+00,  0.000000E+00
  7.143626E+05,  4.383053E-17,  3.944747E-21,  0.000000E+00,  0.000000E+00
  7.150787E+05,  4.364800E-17,  3.928320E-21,  0.000000E+00,  0.000000E+00
  7.157956E+05,  4.347341E-17,  3.912607E-21,  0.000000E+00,  0.000000E+00
  7.165132E+05,  4.329881E-17,  3.896893E-21,  0.000000E+00,  0.000000E+00
  7.172315E+05,  4.312422E-17,  3.881180E-21,  0.000000E+00,  0.000000E+00
  7.179505E+05,  4.295757E-17,  3.866181E-21,  0.000000E+00,  0.000000E+00
  7.186703E+05,  4.278298E-17,  3.850468E-21,  0.000000E+00,  0.000000E+00
  7.193907E+05,  4.260838E-17,  3.834755E-21,  0.000000E+00,  0.000000E+00
  7.201119E+05,  4.244173E-17,  3.819755E-21,  0.000000E+00,  0.000000E+00
  7.208338E+05,  4.226714E-17,  3.804042E-21,  0.000000E+00,  0.000000E+00
  7.215565E+05,  4.210048E-17,  3.789043E-21,  0.000000E+00,  0.000000E+00
  7.222798E+05,  4.192589E-17,  3.773330E-21,  0.000000E+00,  0.000000E+00
  7.230039E+05,  4.175923E-17,  3.758331E-21,  0.000000E+00,  0.000000E+00
  7.237287E+05,  4.159258E-17,  3.743332E-21,  0.000000E+00,  0.000000E+00
  7.244543E+05,  4.142592E-17,  3.728333E-21,  0.000000E+00,  0.000000E+00
  7.251805E+05,  4.125926E-17,  3.713334E-21,  0.000000E+00,  0.000000E+00
  7.259075E+05,  4.109261E-17,  3.698335E-21,  0.000000E+00,  0.000000E+00
  7.266353E+05,  4.092595E-17,  3.683336E-21,  0.000000E+00,  0.000000E+00
  7.273637E+05,  4.075929E-17,  3.668337E-21,  0.000000E+00,  0.000000E+00
  7.280929E+05,  4.059264E-17,  3.653338E-21,  0.000000E+00,  0.000000E+00
  7.288228E+05,  4.043392E-17,  3.639053E-21,  0.000000E+00,  0.000000E+00
  7.295535E+05,  4.026726E-17,  3.624054E-21,  0.000000E+00,  0.000000E+00
  7.302848E+05,  4.010854E-17,  3.609769E-21,  0.000000E+00,  0.000000E+00
  7.310169E+05,  3.994189E-17,  3.594770E-21,  0.000000E+00,  0.000000E+00
  7.317498E+05,  3.978317E-17,  3.580485E-21,  0.000000E+00,  0.000000E+00
  7.324834E+05,  3.962445E-17,  3.566200E-21,  0.000000E+00,  0.000000E+00
  7.332177E+05,  3.946573E-17,  3.551915E-21,  0.000000E+00,  0.000000E+00
  7.339527E+05,  3.929907E-17,  3.536917E-21,  0.000000E+00,  0.000000E+00
  7.346885E+05,  3.914035E-17,  3.522632E-21,  0.000000E+00,  0.000000E+00
  7.354250E+05,  3.898163E-17,  3.508347E-21,  0.000000E+00,  0.000000E+00
  7.361623E+05,  3.883085E-17,  3.494777E-21,  0.000000E+00,  0.000000E+00
  7.369003E+05,  3.867213E-17,  3.480491E-21,  0.000000E+00,  0.000000E+00
  7.376391E+05,  3.851341E-17,  3.466207E-21,  0.000000E+00,  0.000000E+00
  7.383785E+05,  3.835469E-17,  3.451922E-21,  0.000000E+00,  0.000000E+00
  7.391188E+05,  3.820390E-17,  3.438351E-21,  0.000000E+00,  0.000000E+00
  7.398597E+05,  3.804518E-17,  3.424067E-21,  0.000000E+00,  0.000000E+00
  7.406014E+05,  3.789440E-17,  3.410496E-21,  0.000000E+00,  0.000000E+00
  7.413439E+05,  3.773568E-17,  3.396211E-21,  0.000000E+00,  0.000000E+00
  7.420871E+05,  3.758490E-17,  3.382641E-21,  0.000000E+00,  0.000000E+00
  7.428310E+05,  3.743411E-17,  3.369070E-21,  0.000000E+00,  0.000000E+00
  7.435757E+05,  3.727539E-17,  3.354785E-21,  0.000000E+00,  0.000000E+00
  7.443212E+05,  3.712461E-17,  3.341215E-21,  0.000000E+00,  0.000000E+00
  7.450674E+05,  3.698176E-17,  3.328358E-21,  0.000000E+00,  0.000000E+00
  7.458143E+05,  3.683097E-17,  3.314788E-21,  0.000000E+00,  0.000000E+00
  7.465620E+05,  3.668019E-17,  3.301217E-21,  0.000000E+00,  0.000000E+00
  7.473104E+05,  3.653735E-17,  3.288361E-21,  0.000000E+00,  0.000000E+00
  7.480596E+05,  3.638656E-17,  3.274790E-21,  0.000000E+00,  0.000000E+00
  7.488095E+05,  3.624371E-17,  3.261934E-21,  0.000000E+00,  0.000000E+00
  7.495602E+05,  3.610087E-17,  3.249078E-21,  0.000000E+00,  0.000000E+00
  7.503116E+05,  3.595008E-17,  3.235507E-21,  0.000000E+00,  0.000000E+00
  7.510638E+05,  3.580723E-17,  3.222651E-21,  0.000000E+00,  0.000000E+00
  7.518167E+05,  3.566439E-17,  3.209795E-21,  0.000000E+00,  0.000000E+00
  7.525704E+05,  3.552153E-17,  3.196938E-21,  0.000000E+00,  0.000000E+00
  7.533249E+05,  3.537869E-17,  3.184082E-21,  0.000000E+00,  0.000000E+00
  7.540801E+05,  3.522791E-17,  3.170511E-21,  0.000000E+00,  0.000000E+00
  7.548361E+05,  3.508505E-17,  3.157655E-21,  0.000000E+00,  0.000000E+00
  7.555928E+05,  3.494221E-17,  3.144799E-21,  0.000000E+00,  0.000000E+00
  7.563503E+05,  3.479143E-17,  3.131228E-21,  0.000000E+00,  0.000000E+00
  7.571085E+05,  3.464064E-17,  3.117658E-21,  0.000000E+00,  0.000000E+00
  7.578675E+05,  3.448986E-17,  3.104087E-21,  0.000000E+00,  0.000000E+00
  7.586273E+05,  3.433114E-17,  3.089802E-21,  0.000000E+00,  0.000000E+00
  7.593878E+05,  3.416448E-17,  3.074803E-21,  0.000000E+00,  0.000000E+00
  7.601491E+05,  3.395814E-17,  3.056233E-21,  0.000000E+00,  0.000000E+00
  7.609111E+05,  3.368832E-17,  3.031949E-21,  0.000000E+00,  0.000000E+00
  7.616740E+05,  3.327565E-17,  2.994808E-21,  0.000000E+00,  0.000000E+00
  7.624375E+05,  3.292646E-17,  2.963382E-21,  0.000000E+00,  0.000000E+00
  7.632019E+05,  3.296615E-17,  2.966953E-21,  0.000000E+00,  0.000000E+00
  7.639670E+05,  3.306931E-17,  2.976238E-21,  0.000000E+00,  0.000000E+00
  7.647329E+05,  3.305344E-17,  2.974810E-21,  0.000000E+00,  0.000000E+00
  7.654995E+05,  3.299789E-17,  2.969810E-21,  0.000000E+00,  0.000000E+00
  7.662669E+05,  3.292646E-17,  2.963382E-21,  0.000000E+00,  0.000000E+00
  7.670351E+05,  3.283123E-17,  2.954811E-21,  0.000000E+00,  0.000000E+00
  7.678041E+05,  3.272013E-17,  2.944812E-21,  0.000000E+00,  0.000000E+00
  7.685738E+05,  3.260109E-17,  2.934098E-21,  0.000000E+00,  0.000000E+00
  7.693443E+05,  3.248205E-17,  2.923385E-21,  0.000000E+00,  0.000000E+00
  7.701156E+05,  3.235507E-17,  2.911956E-21,  0.000000E+00,  0.000000E+00
  7.708876E+05,  3.222809E-17,  2.900529E-21,  0.000000E+00,  0.000000E+00
  7.716604E+05,  3.210112E-17,  2.889101E-21,  0.000000E+00,  0.000000E+00
  7.724340E+05,  3.197414E-17,  2.877673E-21,  0.000000E+00,  0.000000E+00
  7.732084E+05,  3.184717E-17,  2.866245E-21,  0.000000E+00,  0.000000E+00
  7.739835E+05,  3.172019E-17,  2.854817E-21,  0.000000E+00,  0.000000E+00
  7.747594E+05,  3.159322E-17,  2.843390E-21,  0.000000E+00,  0.000000E+00
  7.755361E+05,  3.145830E-17,  2.831247E-21,  0.000000E+00,  0.000000E+00
  7.763136E+05,  3.133133E-17,  2.819820E-21,  0.000000E+00,  0.000000E+00
  7.770919E+05,  3.120435E-17,  2.808392E-21,  0.000000E+00,  0.000000E+00
  7.778709E+05,  3.107737E-17,  2.796964E-21,  0.000000E+00,  0.000000E+00
  7.786507E+05,  3.094246E-17,  2.784822E-21,  0.000000E+00,  0.000000E+00
  7.794313E+05,  3.081549E-17,  2.773394E-21,  0.000000E+00,  0.000000E+00
  7.802127E+05,  3.069645E-17,  2.762680E-21,  0.000000E+00,  0.000000E+00
  7.809949E+05,  3.057741E-17,  2.751967E-21,  0.000000E+00,  0.000000E+00
  7.817778E+05,  3.045837E-17,  2.741253E-21,  0.000000E+00,  0.000000E+00
  7.825615E+05,  3.033933E-17,  2.730539E-21,  0.000000E+00,  0.000000E+00
  7.833461E+05,  3.022029E-17,  2.719826E-21,  0.000000E+00,  0.000000E+00
  7.841314E+05,  3.010125E-17,  2.709112E-21,  0.000000E+00,  0.000000E+00
  7.849175E+05,  2.998221E-17,  2.698399E-21,  0.000000E+00,  0.000000E+00
  7.857043E+05,  2.986317E-17,  2.687685E-21,  0.000000E+00,  0.000000E+00
  7.864920E+05,  2.974413E-17,  2.676972E-21,  0.000000E+00,  0.000000E+00
  7.872805E+05,  2.962509E-17,  2.666258E-21,  0.000000E+00,  0.000000E+00
  7.880697E+05,  2.950605E-17,  2.655545E-21,  0.000000E+00,  0.000000E+00
  7.888598E+05,  2.938701E-17,  2.644831E-21,  0.000000E+00,  0.000000E+00
  7.896506E+05,  2.926797E-17,  2.634117E-21,  0.000000E+00,  0.000000E+00
  7.904422E+05,  2.914893E-17,  2.623404E-21,  0.000000E+00,  0.000000E+00
  7.912346E+05,  2.903783E-17,  2.613404E-21,  0.000000E+00,  0.000000E+00
  7.920279E+05,  2.891878E-17,  2.602691E-21,  0.000000E+00,  0.000000E+00
  7.928219E+05,  2.879974E-17,  2.591977E-21,  0.000000E+00,  0.000000E+00
  7.936167E+05,  2.868864E-17,  2.581978E-21,  0.000000E+00,  0.000000E+00
  7.944123E+05,  2.856960E-17,  2.571264E-21,  0.000000E+00,  0.000000E+00
  7.952087E+05,  2.845850E-17,  2.561265E-21,  0.000000E+00,  0.000000E+00
  7.960059E+05,  2.834739E-17,  2.551265E-21,  0.000000E+00,  0.000000E+00
  7.968039E+05,  2.822835E-17,  2.540552E-21,  0.000000E+00,  0.000000E+00
  7.976027E+05,  2.811725E-17,  2.530553E-21,  0.000000E+00,  0.000000E+00
  7.984023E+05,  2.800615E-17,  2.520553E-21,  0.000000E+00,  0.000000E+00
  7.992027E+05,  2.787917E-17,  2.509125E-21,  0.000000E+00,  0.000000E+00
  8.000039E+05,  2.772838E-17,  2.495555E-21,  0.000000E+00,  0.000000E+00
  8.008059E+05,  2.755379E-17,  2.479841E-21,  0.000000E+00,  0.000000E+00
  8.016087E+05,  2.735539E-17,  2.461985E-21,  0.000000E+00,  0.000000E+00
  8.024123E+05,  2.718874E-17,  2.446986E-21,  0.000000E+00,  0.000000E+00
  8.032167E+05,  2.713318E-17,  2.441987E-21,  0.000000E+00,  0.000000E+00
  8.040219E+05,  2.710144E-17,  2.439130E-21,  0.000000E+00,  0.000000E+00
  8.048280E+05,  2.703795E-17,  2.433416E-21,  0.000000E+00,  0.000000E+00
  8.056348E+05,  2.695066E-17,  2.425559E-21,  0.000000E+00,  0.000000E+00
  8.064425E+05,  2.685542E-17,  2.416988E-21,  0.000000E+00,  0.000000E+00
  8.072509E+05,  2.675226E-17,  2.407703E-21,  0.000000E+00,  0.000000E+00
  8.080602E+05,  2.664909E-17,  2.398418E-21,  0.000000E+00,  0.000000E+00
  8.088703E+05,  2.654592E-17,  2.389133E-21,  0.000000E+00,  0.000000E+00
  8.096812E+05,  2.645069E-17,  2.380562E-21,  0.000000E+00,  0.000000E+00
  8.104929E+05,  2.633958E-17,  2.370563E-21,  0.000000E+00,  0.000000E+00
  8.113054E+05,  2.623642E-17,  2.361277E-21,  0.000000E+00,  0.000000E+00
  8.121187E+05,  2.613325E-17,  2.351992E-21,  0.000000E+00,  0.000000E+00
  8.129329E+05,  2.603008E-17,  2.342707E-21,  0.000000E+00,  0.000000E+00
  8.137478E+05,  2.592691E-17,  2.333422E-21,  0.000000E+00,  0.000000E+00
  8.145636E+05,  2.582374E-17,  2.324137E-21,  0.000000E+00,  0.000000E+00
  8.153802E+05,  2.572058E-17,  2.314852E-21,  0.000000E+00,  0.000000E+00
  8.161976E+05,  2.561741E-17,  2.305567E-21,  0.000000E+00,  0.000000E+00
  8.170159E+05,  2.551424E-17,  2.296282E-21,  0.000000E+00,  0.000000E+00
  8.178349E+05,  2.541107E-17,  2.286996E-21,  0.000000E+00,  0.000000E+00
  8.186548E+05,  2.531584E-17,  2.278426E-21,  0.000000E+00,  0.000000E+00
  8.194755E+05,  2.521267E-17,  2.269141E-21,  0.000000E+00,  0.000000E+00
  8.202970E+05,  2.510950E-17,  2.259855E-21,  0.000000E+00,  0.000000E+00
  8.211194E+05,  2.500633E-17,  2.250570E-21,  0.000000E+00,  0.000000E+00
  8.219426E+05,  2.491110E-17,  2.241999E-21,  0.000000E+00,  0.000000E+00
  8.227666E+05,  2.480794E-17,  2.232714E-21,  0.000000E+00,  0.000000E+00
  8.235914E+05,  2.470477E-17,  2.223429E-21,  0.000000E+00,  0.000000E+00
  8.244170E+05,  2.460954E-17,  2.214858E-21,  0.000000E+00,  0.000000E+00
  8.252435E+05,  2.450637E-17,  2.205573E-21,  0.000000E+00,  0.000000E+00
  8.260708E+05,  2.441114E-17,  2.197002E-21,  0.000000E+00,  0.000000E+00
  8.268990E+05,  2.430797E-17,  2.187717E-21,  0.000000E+00,  0.000000E+00
  8.277279E+05,  2.421274E-17,  2.179146E-21,  0.000000E+00,  0.000000E+00
  8.285577E+05,  2.411750E-17,  2.170575E-21,  0.000000E+00,  0.000000E+00
  8.293884E+05,  2.402227E-17,  2.162004E-21,  0.000000E+00,  0.000000E+00
  8.302198E+05,  2.391910E-17,  2.152719E-21,  0.000000E+00,  0.000000E+00
  8.310521E+05,  2.382387E-17,  2.144149E-21,  0.000000E+00,  0.000000E+00
  8.318852E+05,  2.372864E-17,  2.135578E-21,  0.000000E+00,  0.000000E+00
  8.327192E+05,  2.363341E-17,  2.127007E-21,  0.000000E+00,  0.000000E+00
  8.335540E+05,  2.353818E-17,  2.118436E-21,  0.000000E+00,  0.000000E+00
  8.343897E+05,  2.344294E-17,  2.109865E-21,  0.000000E+00,  0.000000E+00
  8.352261E+05,  2.334771E-17,  2.101294E-21,  0.000000E+00,  0.000000E+00
  8.360634E+05,  2.325248E-17,  2.092723E-21,  0.000000E+00,  0.000000E+00
  8.369016E+05,  2.315725E-17,  2.084152E-21,  0.000000E+00,  0.000000E+00
  8.377406E+05,  2.306202E-17,  2.075581E-21,  0.000000E+00,  0.000000E+00
  8.385804E+05,  2.297472E-17,  2.067725E-21,  0.000000E+00,  0.000000E+00
  8.394211E+05,  2.287949E-17,  2.059154E-21,  0.000000E+00,  0.000000E+00
  8.402626E+05,  2.278426E-17,  2.050583E-21,  0.000000E+00,  0.000000E+00
  8.411050E+05,  2.269696E-17,  2.042726E-21,  0.000000E+00,  0.000000E+00
  8.419482E+05,  2.260173E-17,  2.034156E-21,  0.000000E+00,  0.000000E+00
  8.427923E+05,  2.251443E-17,  2.026299E-21,  0.000000E+00,  0.000000E+00
  8.436372E+05,  2.241920E-17,  2.017728E-21,  0.000000E+00,  0.000000E+00
  8.444829E+05,  2.233190E-17,  2.009871E-21,  0.000000E+00,  0.000000E+00
  8.453295E+05,  2.223667E-17,  2.001300E-21,  0.000000E+00,  0.000000E+00
  8.461769E+05,  2.214938E-17,  1.993444E-21,  0.000000E+00,  0.000000E+00
  8.470252E+05,  2.206208E-17,  1.985587E-21,  0.000000E+00,  0.000000E+00
  8.478744E+05,  2.197478E-17,  1.977731E-21,  0.000000E+00,  0.000000E+00
  8.487244E+05,  2.188749E-17,  1.969874E-21,  0.000000E+00,  0.000000E+00
  8.495752E+05,  2.180019E-17,  1.962017E-21,  0.000000E+00,  0.000000E+00
  8.504269E+05,  2.171290E-17,  1.954161E-21,  0.000000E+00,  0.000000E+00
  8.512795E+05,  2.162560E-17,  1.946304E-21,  0.000000E+00,  0.000000E+00
  8.521329E+05,  2.153830E-17,  1.938447E-21,  0.000000E+00,  0.000000E+00
  8.529871E+05,  2.145101E-17,  1.930591E-21,  0.000000E+00,  0.000000E+00
  8.538423E+05,  2.136371E-17,  1.922734E-21,  0.000000E+00,  0.000000E+00
  8.546982E+05,  2.127641E-17,  1.914877E-21,  0.000000E+00,  0.000000E+00
  8.555551E+05,  2.118912E-17,  1.907021E-21,  0.000000E+00,  0.000000E+00
  8.564128E+05,  2.110976E-17,  1.899878E-21,  0.000000E+00,  0.000000E+00
  8.572713E+05,  2.102246E-17,  1.892022E-21,  0.000000E+00,  0.000000E+00
  8.581307E+05,  2.093517E-17,  1.884165E-21,  0.000000E+00,  0.000000E+00
  8.589910E+05,  2.085581E-17,  1.877023E-21,  0.000000E+00,  0.000000E+00
  8.598522E+05,  2.076851E-17,  1.869166E-21,  0.000000E+00,  0.000000E+00
  8.607142E+05,  2.068915E-17,  1.862024E-21,  0.000000E+00,  0.000000E+00
  8.615770E+05,  2.060186E-17,  1.854167E-21,  0.000000E+00,  0.000000E+00
  8.624408E+05,  2.052250E-17,  1.847025E-21,  0.000000E+00,  0.000000E+00
  8.633054E+05,  2.043520E-17,  1.839168E-21,  0.000000E+00,  0.000000E+00
  8.641708E+05,  2.035584E-17,  1.832026E-21,  0.000000E+00,  0.000000E+00
  8.650372E+05,  2.026854E-17,  1.824169E-21,  0.000000E+00,  0.000000E+00
  8.659044E+05,  2.018918E-17,  1.817027E-21,  0.000000E+00,  0.000000E+00
  8.667724E+05,  2.010982E-17,  1.809884E-21,  0.000000E+00,  0.000000E+00
  8.676414E+05,  2.003046E-17,  1.802742E-21,  0.000000E+00,  0.000000E+00
  8.685112E+05,  1.994317E-17,  1.794885E-21,  0.000000E+00,  0.000000E+00
  8.693819E+05,  1.986381E-17,  1.787743E-21,  0.000000E+00,  0.000000E+00
  8.702534E+05,  1.978445E-17,  1.780600E-21,  0.000000E+00,  0.000000E+00
  8.711259E+05,  1.970509E-17,  1.773458E-21,  0.000000E+00,  0.000000E+00
  8.719992E+05,  1.962573E-17,  1.766316E-21,  0.000000E+00,  0.000000E+00
  8.728733E+05,  1.954637E-17,  1.759173E-21,  0.000000E+00,  0.000000E+00
  8.737484E+05,  1.946701E-17,  1.752031E-21,  0.000000E+00,  0.000000E+00
  8.746243E+05,  1.938765E-17,  1.744888E-21,  0.000000E+00,  0.000000E+00
  8.755011E+05,  1.930829E-17,  1.737746E-21,  0.000000E+00,  0.000000E+00
  8.763788E+05,  1.922099E-17,  1.729889E-21,  0.000000E+00,  0.000000E+00
  8.772574E+05,  1.914163E-17,  1.722747E-21,  0.000000E+00,  0.000000E+00
  8.781369E+05,  1.906227E-17,  1.715604E-21,  0.000000E+00,  0.000000E+00
  8.790172E+05,  1.898291E-17,  1.708462E-21,  0.000000E+00,  0.000000E+00
  8.798984E+05,  1.890355E-17,  1.701320E-21,  0.000000E+00,  0.000000E+00
  8.807805E+05,  1.881626E-17,  1.693463E-21,  0.000000E+00,  0.000000E+00
  8.816635E+05,  1.873690E-17,  1.686321E-21,  0.000000E+00,  0.000000E+00
  8.825474E+05,  1.865754E-17,  1.679178E-21,  0.000000E+00,  0.000000E+00
  8.834321E+05,  1.857818E-17,  1.672036E-21,  0.000000E+00,  0.000000E+00
  8.843178E+05,  1.849088E-17,  1.664179E-21,  0.000000E+00,  0.000000E+00
  8.852043E+05,  1.836390E-17,  1.652751E-21,  0.000000E+00,  0.000000E+00
  8.860917E+05,  1.813376E-17,  1.632038E-21,  0.000000E+00,  0.000000E+00
  8.869800E+05,  1.776870E-17,  1.599183E-21,  0.000000E+00,  0.000000E+00
  8.878692E+05,  1.767347E-17,  1.590612E-21,  0.000000E+00,  0.000000E+00
  8.887593E+05,  1.787981E-17,  1.609183E-21,  0.000000E+00,  0.000000E+00
  8.896503E+05,  1.798298E-17,  1.618468E-21,  0.000000E+00,  0.000000E+00
  8.905422E+05,  1.795917E-17,  1.616325E-21,  0.000000E+00,  0.000000E+00
  8.914349E+05,  1.789568E-17,  1.610611E-21,  0.000000E+00,  0.000000E+00
  8.923286E+05,  1.781632E-17,  1.603469E-21,  0.000000E+00,  0.000000E+00
  8.932231E+05,  1.773696E-17,  1.596326E-21,  0.000000E+00,  0.000000E+00
  8.941186E+05,  1.766554E-17,  1.589898E-21,  0.000000E+00,  0.000000E+00
  8.950150E+05,  1.761792E-17,  1.585613E-21,  0.000000E+00,  0.000000E+00
  8.959122E+05,  1.756237E-17,  1.580613E-21,  0.000000E+00,  0.000000E+00
  8.968104E+05,  1.749888E-17,  1.574899E-21,  0.000000E+00,  0.000000E+00
  8.977094E+05,  1.743539E-17,  1.569185E-21,  0.000000E+00,  0.000000E+00
  8.986094E+05,  1.737191E-17,  1.563471E-21,  0.000000E+00,  0.000000E+00
  8.995102E+05,  1.730048E-17,  1.557043E-21,  0.000000E+00,  0.000000E+00
  9.004120E+05,  1.723699E-17,  1.551329E-21,  0.000000E+00,  0.000000E+00
  9.013147E+05,  1.716557E-17,  1.544901E-21,  0.000000E+00,  0.000000E+00
  9.022182E+05,  1.710208E-17,  1.539187E-21,  0.000000E+00,  0.000000E+00
  9.031227E+05,  1.703066E-17,  1.532759E-21,  0.000000E+00,  0.000000E+00
  9.040281E+05,  1.696717E-17,  1.527045E-21,  0.000000E+00,  0.000000E+00
  9.049344E+05,  1.689574E-17,  1.520617E-21,  0.000000E+00,  0.000000E+00
  9.058416E+05,  1.683226E-17,  1.514903E-21,  0.000000E+00,  0.000000E+00
  9.067497E+05,  1.676083E-17,  1.508475E-21,  0.000000E+00,  0.000000E+00
  9.076587E+05,  1.669734E-17,  1.502761E-21,  0.000000E+00,  0.000000E+00
  9.085686E+05,  1.662592E-17,  1.496333E-21,  0.000000E+00,  0.000000E+00
  9.094795E+05,  1.656243E-17,  1.490619E-21,  0.000000E+00,  0.000000E+00
  9.103912E+05,  1.649894E-17,  1.484905E-21,  0.000000E+00,  0.000000E+00
  9.113039E+05,  1.642752E-17,  1.478477E-21,  0.000000E+00,  0.000000E+00
  9.122175E+05,  1.636403E-17,  1.472763E-21,  0.000000E+00,  0.000000E+00
  9.131320E+05,  1.629261E-17,  1.466335E-21,  0.000000E+00,  0.000000E+00
  9.140474E+05,  1.622912E-17,  1.460621E-21,  0.000000E+00,  0.000000E+00
  9.149637E+05,  1.616563E-17,  1.454907E-21,  0.000000E+00,  0.000000E+00
  9.158810E+05,  1.609421E-17,  1.448479E-21,  0.000000E+00,  0.000000E+00
  9.167991E+05,  1.603072E-17,  1.442765E-21,  0.000000E+00,  0.000000E+00
  9.177182E+05,  1.596723E-17,  1.437051E-21,  0.000000E+00,  0.000000E+00
  9.186382E+05,  1.589581E-17,  1.430623E-21,  0.000000E+00,  0.000000E+00
  9.195592E+05,  1.583232E-17,  1.424909E-21,  0.000000E+00,  0.000000E+00
  9.204810E+05,  1.576883E-17,  1.419195E-21,  0.000000E+00,  0.000000E+00
  9.214038E+05,  1.569741E-17,  1.412767E-21,  0.000000E+00,  0.000000E+00
  9.223275E+05,  1.562598E-17,  1.406339E-21,  0.000000E+00,  0.000000E+00
  9.232522E+05,  1.554662E-17,  1.399196E-21,  0.000000E+00,  0.000000E+00
  9.241777E+05,  1.544346E-17,  1.389911E-21,  0.000000E+00,  0.000000E+00
  9.251042E+05,  1.529267E-17,  1.376341E-21,  0.000000E+00,  0.000000E+00
  9.260316E+05,  1.512602E-17,  1.361342E-21,  0.000000E+00,  0.000000E+00
  9.269600E+05,  1.509427E-17,  1.358484E-21,  0.000000E+00,  0.000000E+00
  9.278893E+05,  1.514982E-17,  1.363484E-21,  0.000000E+00,  0.000000E+00
  9.288195E+05,  1.515776E-17,  1.364198E-21,  0.000000E+00,  0.000000E+00
  9.297506E+05,  1.512602E-17,  1.361342E-21,  0.000000E+00,  0.000000E+00
  9.306827E+05,  1.507840E-17,  1.357056E-21,  0.000000E+00,  0.000000E+00
  9.316157E+05,  1.502285E-17,  1.352056E-21,  0.000000E+00,  0.000000E+00
  9.325496E+05,  1.496730E-17,  1.347057E-21,  0.000000E+00,  0.000000E+00
  9.334845E+05,  1.490381E-17,  1.341343E-21,  0.000000E+00,  0.000000E+00
  9.344204E+05,  1.484826E-17,  1.336343E-21,  0.000000E+00,  0.000000E+00
  9.353571E+05,  1.479270E-17,  1.331343E-21,  0.000000E+00,  0.000000E+00
  9.362948E+05,  1.472922E-17,  1.325629E-21,  0.000000E+00,  0.000000E+00
  9.372334E+05,  1.467366E-17,  1.320630E-21,  0.000000E+00,  0.000000E+00
  9.381730E+05,  1.461018E-17,  1.314916E-21,  0.000000E+00,  0.000000E+00
  9.391135E+05,  1.455462E-17,  1.309916E-21,  0.000000E+00,  0.000000E+00
  9.400550E+05,  1.449114E-17,  1.304202E-21,  0.000000E+00,  0.000000E+00
  9.409974E+05,  1.443558E-17,  1.299203E-21,  0.000000E+00,  0.000000E+00
  9.419408E+05,  1.437210E-17,  1.293489E-21,  0.000000E+00,  0.000000E+00
  9.428851E+05,  1.431654E-17,  1.288489E-21,  0.000000E+00,  0.000000E+00
  9.438303E+05,  1.425306E-17,  1.282775E-21,  0.000000E+00,  0.000000E+00
  9.447765E+05,  1.418957E-17,  1.277061E-21,  0.000000E+00,  0.000000E+00
  9.457236E+05,  1.412608E-17,  1.271347E-21,  0.000000E+00,  0.000000E+00
  9.466717E+05,  1.406259E-17,  1.265633E-21,  0.000000E+00,  0.000000E+00
  9.476208E+05,  1.398323E-17,  1.258491E-21,  0.000000E+00,  0.000000E+00
  9.485707E+05,  1.389594E-17,  1.250634E-21,  0.000000E+00,  0.000000E+00
  9.495217E+05,  1.381658E-17,  1.243492E-21,  0.000000E+00,  0.000000E+00
  9.504736E+05,  1.378483E-17,  1.240635E-21,  0.000000E+00,  0.000000E+00
  9.514264E+05,  1.376102E-17,  1.238492E-21,  0.000000E+00,  0.000000E+00
  9.523802E+05,  1.372134E-17,  1.234921E-21,  0.000000E+00,  0.000000E+00
  9.533350E+05,  1.368166E-17,  1.231350E-21,  0.000000E+00,  0.000000E+00
  9.542907E+05,  1.363405E-17,  1.227064E-21,  0.000000E+00,  0.000000E+00
  9.552474E+05,  1.357850E-17,  1.222065E-21,  0.000000E+00,  0.000000E+00
  9.562050E+05,  1.353088E-17,  1.217779E-21,  0.000000E+00,  0.000000E+00
  9.571636E+05,  1.347533E-17,  1.212780E-21,  0.000000E+00,  0.000000E+00
  9.581232E+05,  1.341978E-17,  1.207780E-21,  0.000000E+00,  0.000000E+00
  9.590837E+05,  1.337216E-17,  1.203494E-21,  0.000000E+00,  0.000000E+00
  9.600452E+05,  1.331661E-17,  1.198495E-21,  0.000000E+00,  0.000000E+00
  9.610076E+05,  1.326106E-17,  1.193495E-21,  0.000000E+00,  0.000000E+00
  9.619711E+05,  1.321344E-17,  1.189210E-21,  0.000000E+00,  0.000000E+00
  9.629354E+05,  1.315789E-17,  1.184210E-21,  0.000000E+00,  0.000000E+00
  9.639008E+05,  1.310234E-17,  1.179210E-21,  0.000000E+00,  0.000000E+00
  9.648671E+05,  1.305472E-17,  1.174925E-21,  0.000000E+00,  0.000000E+00
  9.658344E+05,  1.299917E-17,  1.169925E-21,  0.000000E+00,  0.000000E+00
  9.668026E+05,  1.294362E-17,  1.164925E-21,  0.000000E+00,  0.000000E+00
  9.677718E+05,  1.289600E-17,  1.160640E-21,  0.000000E+00,  0.000000E+00
  9.687420E+05,  1.284045E-17,  1.155640E-21,  0.000000E+00,  0.000000E+00
  9.697132E+05,  1.279283E-17,  1.151355E-21,  0.000000E+00,  0.000000E+00
  9.706853E+05,  1.273728E-17,  1.146355E-21,  0.000000E+00,  0.000000E+00
  9.716584E+05,  1.268966E-17,  1.142070E-21,  0.000000E+00,  0.000000E+00
  9.726325E+05,  1.263411E-17,  1.137070E-21,  0.000000E+00,  0.000000E+00
  9.736076E+05,  1.258650E-17,  1.132785E-21,  0.000000E+00,  0.000000E+00
  9.745836E+05,  1.253888E-17,  1.128499E-21,  0.000000E+00,  0.000000E+00
  9.755607E+05,  1.248333E-17,  1.123500E-21,  0.000000E+00,  0.000000E+00
  9.765387E+05,  1.243571E-17,  1.119214E-21,  0.000000E+00,  0.000000E+00
  9.775176E+05,  1.238810E-17,  1.114929E-21,  0.000000E+00,  0.000000E+00
  9.784976E+05,  1.233254E-17,  1.109929E-21,  0.000000E+00,  0.000000E+00
  9.794786E+05,  1.228493E-17,  1.105643E-21,  0.000000E+00,  0.000000E+00
  9.804605E+05,  1.223731E-17,  1.101358E-21,  0.000000E+00,  0.000000E+00
  9.814434E+05,  1.218970E-17,  1.097073E-21,  0.000000E+00,  0.000000E+00
  9.824273E+05,  1.213414E-17,  1.092073E-21,  0.000000E+00,  0.000000E+00
  9.834122E+05,  1.208653E-17,  1.087788E-21,  0.000000E+00,  0.000000E+00
  9.843981E+05,  1.203891E-17,  1.083502E-21,  0.000000E+00,  0.000000E+00
  9.853849E+05,  1.199130E-17,  1.079217E-21,  0.000000E+00,  0.000000E+00
  9.863728E+05,  1.194368E-17,  1.074931E-21,  0.000000E+00,  0.000000E+00
  9.873616E+05,  1.189606E-17,  1.070646E-21,  0.000000E+00,  0.000000E+00
  9.883514E+05,  1.184845E-17,  1.066360E-21,  0.000000E+00,  0.000000E+00
  9.893423E+05,  1.180083E-17,  1.062075E-21,  0.000000E+00,  0.000000E+00
  9.903341E+05,  1.175322E-17,  1.057789E-21,  0.000000E+00,  0.000000E+00
  9.913269E+05,  1.170560E-17,  1.053504E-21,  0.000000E+00,  0.000000E+00
  9.923207E+05,  1.165798E-17,  1.049219E-21,  0.000000E+00,  0.000000E+00
  9.933155E+05,  1.161037E-17,  1.044933E-21,  0.000000E+00,  0.000000E+00
  9.943113E+05,  1.156275E-17,  1.040648E-21,  0.000000E+00,  0.000000E+00
  9.953081E+05,  1.151514E-17,  1.036362E-21,  0.000000E+00,  0.000000E+00
  9.963059E+05,  1.146752E-17,  1.032077E-21,  0.000000E+00,  0.000000E+00
  9.973047E+05,  1.141990E-17,  1.027791E-21,  0.000000E+00,  0.000000E+00
  9.983045E+05,  1.138022E-17,  1.024220E-21,  0.000000E+00,  0.000000E+00
  9.993053E+05,  1.133261E-17,  1.019935E-21,  0.000000E+00,  0.000000E+00
  1.000307E+06,  1.128499E-17,  1.015649E-21,  0.000000E+00,  0.000000E+00
  1.001310E+06,  1.123738E-17,  1.011364E-21,  0.000000E+00,  0.000000E+00
  1.002314E+06,  1.118976E-17,  1.007078E-21,  0.000000E+00,  0.000000E+00
  1.003319E+06,  1.114214E-17,  1.002793E-21,  0.000000E+00,  0.000000E+00
  1.004324E+06,  1.110246E-17,  9.992218E-22,  0.000000E+00,  0.000000E+00
  1.005331E+06,  1.105485E-17,  9.949363E-22,  0.000000E+00,  0.000000E+00
  1.006339E+06,  1.100723E-17,  9.906509E-22,  0.000000E+00,  0.000000E+00
  1.007348E+06,  1.096755E-17,  9.870797E-22,  0.000000E+00,  0.000000E+00
  1.008358E+06,  1.091994E-17,  9.827942E-22,  0.000000E+00,  0.000000E+00
  1.009369E+06,  1.087232E-17,  9.785088E-22,  0.000000E+00,  0.000000E+00
  1.010381E+06,  1.082470E-17,  9.742234E-22,  0.000000E+00,  0.000000E+00
  1.011393E+06,  1.077709E-17,  9.699379E-22,  0.000000E+00,  0.000000E+00
  1.012407E+06,  1.073741E-17,  9.663667E-22,  0.000000E+00,  0.000000E+00
  1.013422E+06,  1.068979E-17,  9.620812E-22,  0.000000E+00,  0.000000E+00
  1.014438E+06,  1.065011E-17,  9.585101E-22,  0.000000E+00,  0.000000E+00
  1.015455E+06,  1.061043E-17,  9.549389E-22,  0.000000E+00,  0.000000E+00
  1.016473E+06,  1.056282E-17,  9.506535E-22,  0.000000E+00,  0.000000E+00
  1.017492E+06,  1.052314E-17,  9.470823E-22,  0.000000E+00,  0.000000E+00
  1.018512E+06,  1.048346E-17,  9.435110E-22,  0.000000E+00,  0.000000E+00
  1.019533E+06,  1.044378E-17,  9.399399E-22,  0.000000E+00,  0.000000E+00
  1.020555E+06,  1.040410E-17,  9.363687E-22,  0.000000E+00,  0.000000E+00
  1.021579E+06,  1.035648E-17,  9.320832E-22,  0.000000E+00,  0.000000E+00
  1.022603E+06,  1.031680E-17,  9.285120E-22,  0.000000E+00,  0.000000E+00
  1.023628E+06,  1.027712E-17,  9.249408E-22,  0.000000E+00,  0.000000E+00
  1.024654E+06,  1.023744E-17,  9.213696E-22,  0.000000E+00,  0.000000E+00
  1.025681E+06,  1.019776E-17,  9.177984E-22,  0.000000E+00,  0.000000E+00
  1.026709E+06,  1.015808E-17,  9.142272E-22,  0.000000E+00,  0.000000E+00
  1.027739E+06,  1.011046E-17,  9.099418E-22,  0.000000E+00,  0.000000E+00
  1.028769E+06,  1.007078E-17,  9.063706E-22,  0.000000E+00,  0.000000E+00
  1.029800E+06,  1.003110E-17,  9.027993E-22,  0.000000E+00,  0.000000E+00
  1.030833E+06,  9.991424E-18,  8.992282E-22,  0.000000E+00,  0.000000E+00
  1.031866E+06,  9.943808E-18,  8.949427E-22,  0.000000E+00,  0.000000E+00
  1.032901E+06,  9.904128E-18,  8.913715E-22,  0.000000E+00,  0.000000E+00
  1.033936E+06,  9.856512E-18,  8.870861E-22,  0.000000E+00,  0.000000E+00
  1.034973E+06,  9.816832E-18,  8.835149E-22,  0.000000E+00,  0.000000E+00
  1.036010E+06,  9.769216E-18,  8.792295E-22,  0.000000E+00,  0.000000E+00
  1.037049E+06,  9.729536E-18,  8.756583E-22,  0.000000E+00,  0.000000E+00
  1.038088E+06,  9.697792E-18,  8.728013E-22,  0.000000E+00,  0.000000E+00
  1.039129E+06,  9.658112E-18,  8.692301E-22,  0.000000E+00,  0.000000E+00
  1.040171E+06,  9.626368E-18,  8.663731E-22,  0.000000E+00,  0.000000E+00
  1.041214E+06,  9.594624E-18,  8.635162E-22,  0.000000E+00,  0.000000E+00
  1.042257E+06,  9.554944E-18,  8.599449E-22,  0.000000E+00,  0.000000E+00
  1.043302E+06,  9.515264E-18,  8.563738E-22,  0.000000E+00,  0.000000E+00
  1.044348E+06,  9.483520E-18,  8.535168E-22,  0.000000E+00,  0.000000E+00
  1.045395E+06,  9.443840E-18,  8.499456E-22,  0.000000E+00,  0.000000E+00
  1.046443E+06,  9.404160E-18,  8.463744E-22,  0.000000E+00,  0.000000E+00
  1.047492E+06,  9.364480E-18,  8.428032E-22,  0.000000E+00,  0.000000E+00
  1.048542E+06,  9.332736E-18,  8.399462E-22,  0.000000E+00,  0.000000E+00
  1.049594E+06,  9.293056E-18,  8.363751E-22,  0.000000E+00,  0.000000E+00
  1.050646E+06,  9.253376E-18,  8.328039E-22,  0.000000E+00,  0.000000E+00
  1.051699E+06,  9.221632E-18,  8.299469E-22,  0.000000E+00,  0.000000E+00
  1.052753E+06,  9.181952E-18,  8.263757E-22,  0.000000E+00,  0.000000E+00
  1.053809E+06,  9.142272E-18,  8.228045E-22,  0.000000E+00,  0.000000E+00
  1.054865E+06,  9.110528E-18,  8.199475E-22,  0.000000E+00,  0.000000E+00
  1.055923E+06,  9.070848E-18,  8.163763E-22,  0.000000E+00,  0.000000E+00
  1.056981E+06,  9.039104E-18,  8.135194E-22,  0.000000E+00,  0.000000E+00
  1.058041E+06,  8.999424E-18,  8.099482E-22,  0.000000E+00,  0.000000E+00
  1.059102E+06,  8.959744E-18,  8.063770E-22,  0.000000E+00,  0.000000E+00
  1.060163E+06,  8.928000E-18,  8.035200E-22,  0.000000E+00,  0.000000E+00
  1.061226E+06,  8.888320E-18,  7.999488E-22,  0.000000E+00,  0.000000E+00
  1.062290E+06,  8.856576E-18,  7.970919E-22,  0.000000E+00,  0.000000E+00
  1.063355E+06,  8.816896E-18,  7.935207E-22,  0.000000E+00,  0.000000E+00
  1.064421E+06,  8.785152E-18,  7.906637E-22,  0.000000E+00,  0.000000E+00
  1.065488E+06,  8.745472E-18,  7.870925E-22,  0.000000E+00,  0.000000E+00
  1.066556E+06,  8.713728E-18,  7.842355E-22,  0.000000E+00,  0.000000E+00
  1.067625E+06,  8.674047E-18,  7.806643E-22,  0.000000E+00,  0.000000E+00
  1.068696E+06,  8.642304E-18,  7.778074E-22,  0.000000E+00,  0.000000E+00
  1.069767E+06,  8.610560E-18,  7.749504E-22,  0.000000E+00,  0.000000E+00
  1.070840E+06,  8.570880E-18,  7.713792E-22,  0.000000E+00,  0.000000E+00
  1.071913E+06,  8.539136E-18,  7.685223E-22,  0.000000E+00,  0.000000E+00
  1.072988E+06,  8.507392E-18,  7.656653E-22,  0.000000E+00,  0.000000E+00
  1.074063E+06,  8.467712E-18,  7.620941E-22,  0.000000E+00,  0.000000E+00
  1.075140E+06,  8.435968E-18,  7.592371E-22,  0.000000E+00,  0.000000E+00
  1.076218E+06,  8.404224E-18,  7.563802E-22,  0.000000E+00,  0.000000E+00
  1.077297E+06,  8.364544E-18,  7.528090E-22,  0.000000E+00,  0.000000E+00
  1.078377E+06,  8.332800E-18,  7.499520E-22,  0.000000E+00,  0.000000E+00
  1.079458E+06,  8.301056E-18,  7.470951E-22,  0.000000E+00,  0.000000E+00
  1.080540E+06,  8.269312E-18,  7.442381E-22,  0.000000E+00,  0.000000E+00
  1.081623E+06,  8.237568E-18,  7.413811E-22,  0.000000E+00,  0.000000E+00
  1.082708E+06,  8.197888E-18,  7.378099E-22,  0.000000E+00,  0.000000E+00
  1.083793E+06,  8.166144E-18,  7.349530E-22,  0.000000E+00,  0.000000E+00
  1.084880E+06,  8.134400E-18,  7.320960E-22,  0.000000E+00,  0.000000E+00
  1.085967E+06,  8.102656E-18,  7.292391E-22,  0.000000E+00,  0.000000E+00
  1.087056E+06,  8.070912E-18,  7.263821E-22,  0.000000E+00,  0.000000E+00
  1.088146E+06,  8.039168E-18,  7.235251E-22,  0.000000E+00,  0.000000E+00
  1.089236E+06,  8.007424E-18,  7.206682E-22,  0.000000E+00,  0.000000E+00
  1.090328E+06,  7.975680E-18,  7.178112E-22,  0.000000E+00,  0.000000E+00
  1.091421E+06,  7.943936E-18,  7.149543E-22,  0.000000E+00,  0.000000E+00
  1.092516E+06,  7.909017E-18,  7.118115E-22,  0.000000E+00,  0.000000E+00
  1.093611E+06,  7.877273E-18,  7.089546E-22,  0.000000E+00,  0.000000E+00
  1.094707E+06,  7.845529E-18,  7.060976E-22,  0.000000E+00,  0.000000E+00
  1.095805E+06,  7.813785E-18,  7.032407E-22,  0.000000E+00,  0.000000E+00
  1.096903E+06,  7.782042E-18,  7.003838E-22,  0.000000E+00,  0.000000E+00
  1.098003E+06,  7.750298E-18,  6.975268E-22,  0.000000E+00,  0.000000E+00
  1.099104E+06,  7.718554E-18,  6.946699E-22,  0.000000E+00,  0.000000E+00
  1.100205E+06,  7.686016E-18,  6.917415E-22,  0.000000E+00,  0.000000E+00
  1.101308E+06,  7.653479E-18,  6.888131E-22,  0.000000E+00,  0.000000E+00
  1.102412E+06,  7.621734E-18,  6.859561E-22,  0.000000E+00,  0.000000E+00
  1.103518E+06,  7.589197E-18,  6.830277E-22,  0.000000E+00,  0.000000E+00
  1.104624E+06,  7.556659E-18,  6.800993E-22,  0.000000E+00,  0.000000E+00
  1.105731E+06,  7.523328E-18,  6.770995E-22,  0.000000E+00,  0.000000E+00
  1.106840E+06,  7.489203E-18,  6.740283E-22,  0.000000E+00,  0.000000E+00
  1.107949E+06,  7.451111E-18,  6.706000E-22,  0.000000E+00,  0.000000E+00
  1.109060E+06,  7.406669E-18,  6.666002E-22,  0.000000E+00,  0.000000E+00
  1.110172E+06,  7.345561E-18,  6.611005E-22,  0.000000E+00,  0.000000E+00
  1.111285E+06,  7.265408E-18,  6.538867E-22,  0.000000E+00,  0.000000E+00
  1.112399E+06,  7.215411E-18,  6.493870E-22,  0.000000E+00,  0.000000E+00
  1.113514E+06,  7.218585E-18,  6.496727E-22,  0.000000E+00,  0.000000E+00
  1.114630E+06,  7.221760E-18,  6.499584E-22,  0.000000E+00,  0.000000E+00
  1.115748E+06,  7.197159E-18,  6.477443E-22,  0.000000E+00,  0.000000E+00
  1.116866E+06,  7.117005E-18,  6.405305E-22,  0.000000E+00,  0.000000E+00
  1.117986E+06,  6.990823E-18,  6.291741E-22,  0.000000E+00,  0.000000E+00
  1.119107E+06,  6.970983E-18,  6.273885E-22,  0.000000E+00,  0.000000E+00
  1.120229E+06,  7.048755E-18,  6.343880E-22,  0.000000E+00,  0.000000E+00
  1.121352E+06,  7.082086E-18,  6.373877E-22,  0.000000E+00,  0.000000E+00
  1.122476E+06,  7.073357E-18,  6.366021E-22,  0.000000E+00,  0.000000E+00
  1.123601E+06,  7.052723E-18,  6.347451E-22,  0.000000E+00,  0.000000E+00
  1.124728E+06,  7.027328E-18,  6.324595E-22,  0.000000E+00,  0.000000E+00
  1.125855E+06,  7.001139E-18,  6.301025E-22,  0.000000E+00,  0.000000E+00
  1.126984E+06,  6.973363E-18,  6.276027E-22,  0.000000E+00,  0.000000E+00
  1.128114E+06,  6.946381E-18,  6.251743E-22,  0.000000E+00,  0.000000E+00
  1.129245E+06,  6.918605E-18,  6.226745E-22,  0.000000E+00,  0.000000E+00
  1.130377E+06,  6.890829E-18,  6.201746E-22,  0.000000E+00,  0.000000E+00
  1.131510E+06,  6.863053E-18,  6.176747E-22,  0.000000E+00,  0.000000E+00
  1.132644E+06,  6.836070E-18,  6.152463E-22,  0.000000E+00,  0.000000E+00
  1.133780E+06,  6.808294E-18,  6.127465E-22,  0.000000E+00,  0.000000E+00
  1.134916E+06,  6.780518E-18,  6.102466E-22,  0.000000E+00,  0.000000E+00
  1.136054E+06,  6.753536E-18,  6.078182E-22,  0.000000E+00,  0.000000E+00
  1.137193E+06,  6.726553E-18,  6.053898E-22,  0.000000E+00,  0.000000E+00
  1.138333E+06,  6.698777E-18,  6.028900E-22,  0.000000E+00,  0.000000E+00
  1.139474E+06,  6.671795E-18,  6.004616E-22,  0.000000E+00,  0.000000E+00
  1.140617E+06,  6.644813E-18,  5.980331E-22,  0.000000E+00,  0.000000E+00
  1.141760E+06,  6.617830E-18,  5.956047E-22,  0.000000E+00,  0.000000E+00
  1.142905E+06,  6.590848E-18,  5.931763E-22,  0.000000E+00,  0.000000E+00
  1.144050E+06,  6.563866E-18,  5.907479E-22,  0.000000E+00,  0.000000E+00
  1.145197E+06,  6.536883E-18,  5.883195E-22,  0.000000E+00,  0.000000E+00
  1.146345E+06,  6.509901E-18,  5.858911E-22,  0.000000E+00,  0.000000E+00
  1.147495E+06,  6.483712E-18,  5.835341E-22,  0.000000E+00,  0.000000E+00
  1.148645E+06,  6.456729E-18,  5.811057E-22,  0.000000E+00,  0.000000E+00
  1.149796E+06,  6.429747E-18,  5.786773E-22,  0.000000E+00,  0.000000E+00
  1.150949E+06,  6.402765E-18,  5.762488E-22,  0.000000E+00,  0.000000E+00
  1.152103E+06,  6.375782E-18,  5.738204E-22,  0.000000E+00,  0.000000E+00
  1.153258E+06,  6.349593E-18,  5.714634E-22,  0.000000E+00,  0.000000E+00
  1.154414E+06,  6.322611E-18,  5.690350E-22,  0.000000E+00,  0.000000E+00
  1.155571E+06,  6.296422E-18,  5.666780E-22,  0.000000E+00,  0.000000E+00
  1.156730E+06,  6.271027E-18,  5.643924E-22,  0.000000E+00,  0.000000E+00
  1.157889E+06,  6.247219E-18,  5.622497E-22,  0.000000E+00,  0.000000E+00
  1.159050E+06,  6.222618E-18,  5.600356E-22,  0.000000E+00,  0.000000E+00
  1.160212E+06,  6.198810E-18,  5.578929E-22,  0.000000E+00,  0.000000E+00
  1.161375E+06,  6.175002E-18,  5.557502E-22,  0.000000E+00,  0.000000E+00
  1.162540E+06,  6.150400E-18,  5.535360E-22,  0.000000E+00,  0.000000E+00
  1.163705E+06,  6.125799E-18,  5.513219E-22,  0.000000E+00,  0.000000E+00
  1.164872E+06,  6.101990E-18,  5.491791E-22,  0.000000E+00,  0.000000E+00
  1.166039E+06,  6.077389E-18,  5.469650E-22,  0.000000E+00,  0.000000E+00
  1.167208E+06,  6.052787E-18,  5.447508E-22,  0.000000E+00,  0.000000E+00
  1.168378E+06,  6.028979E-18,  5.426081E-22,  0.000000E+00,  0.000000E+00
  1.169550E+06,  6.004377E-18,  5.403940E-22,  0.000000E+00,  0.000000E+00
  1.170722E+06,  5.980570E-18,  5.382513E-22,  0.000000E+00,  0.000000E+00
  1.171896E+06,  5.956762E-18,  5.361086E-22,  0.000000E+00,  0.000000E+00
  1.173071E+06,  5.932953E-18,  5.339658E-22,  0.000000E+00,  0.000000E+00
  1.174247E+06,  5.909145E-18,  5.318231E-22,  0.000000E+00,  0.000000E+00
  1.175424E+06,  5.885337E-18,  5.296804E-22,  0.000000E+00,  0.000000E+00
  1.176602E+06,  5.861530E-18,  5.275377E-22,  0.000000E+00,  0.000000E+00
  1.177782E+06,  5.837722E-18,  5.253950E-22,  0.000000E+00,  0.000000E+00
  1.178963E+06,  5.814707E-18,  5.233236E-22,  0.000000E+00,  0.000000E+00
  1.180144E+06,  5.790899E-18,  5.211809E-22,  0.000000E+00,  0.000000E+00
  1.181328E+06,  5.767885E-18,  5.191097E-22,  0.000000E+00,  0.000000E+00
  1.182512E+06,  5.744077E-18,  5.169669E-22,  0.000000E+00,  0.000000E+00
  1.183697E+06,  5.721062E-18,  5.148956E-22,  0.000000E+00,  0.000000E+00
  1.184884E+06,  5.697254E-18,  5.127529E-22,  0.000000E+00,  0.000000E+00
  1.186072E+06,  5.674240E-18,  5.106816E-22,  0.000000E+00,  0.000000E+00
  1.187261E+06,  5.650432E-18,  5.085389E-22,  0.000000E+00,  0.000000E+00
  1.188451E+06,  5.626624E-18,  5.063962E-22,  0.000000E+00,  0.000000E+00
  1.189643E+06,  5.602816E-18,  5.042534E-22,  0.000000E+00,  0.000000E+00
  1.190835E+06,  5.578214E-18,  5.020393E-22,  0.000000E+00,  0.000000E+00
  1.192029E+06,  5.552819E-18,  4.997537E-22,  0.000000E+00,  0.000000E+00
  1.193224E+06,  5.528218E-18,  4.975396E-22,  0.000000E+00,  0.000000E+00
  1.194420E+06,  5.506790E-18,  4.956111E-22,  0.000000E+00,  0.000000E+00
  1.195618E+06,  5.486950E-18,  4.938255E-22,  0.000000E+00,  0.000000E+00
  1.196816E+06,  5.467111E-18,  4.920400E-22,  0.000000E+00,  0.000000E+00
  1.198016E+06,  5.447271E-18,  4.902544E-22,  0.000000E+00,  0.000000E+00
  1.199217E+06,  5.425843E-18,  4.883259E-22,  0.000000E+00,  0.000000E+00
  1.200419E+06,  5.404416E-18,  4.863974E-22,  0.000000E+00,  0.000000E+00
  1.201623E+06,  5.383782E-18,  4.845404E-22,  0.000000E+00,  0.000000E+00
  1.202827E+06,  5.362355E-18,  4.826120E-22,  0.000000E+00,  0.000000E+00
  1.204033E+06,  5.340928E-18,  4.806835E-22,  0.000000E+00,  0.000000E+00
  1.205240E+06,  5.320294E-18,  4.788265E-22,  0.000000E+00,  0.000000E+00
  1.206448E+06,  5.298867E-18,  4.768981E-22,  0.000000E+00,  0.000000E+00
  1.207658E+06,  5.277440E-18,  4.749696E-22,  0.000000E+00,  0.000000E+00
  1.208869E+06,  5.256806E-18,  4.731126E-22,  0.000000E+00,  0.000000E+00
  1.210080E+06,  5.235379E-18,  4.711841E-22,  0.000000E+00,  0.000000E+00
  1.211294E+06,  5.214745E-18,  4.693271E-22,  0.000000E+00,  0.000000E+00
  1.212508E+06,  5.193318E-18,  4.673986E-22,  0.000000E+00,  0.000000E+00
  1.213723E+06,  5.172685E-18,  4.655416E-22,  0.000000E+00,  0.000000E+00
  1.214940E+06,  5.152051E-18,  4.636846E-22,  0.000000E+00,  0.000000E+00
  1.216158E+06,  5.131417E-18,  4.618276E-22,  0.000000E+00,  0.000000E+00
  1.217377E+06,  5.110784E-18,  4.599706E-22,  0.000000E+00,  0.000000E+00
  1.218598E+06,  5.090150E-18,  4.581135E-22,  0.000000E+00,  0.000000E+00
  1.219819E+06,  5.069517E-18,  4.562565E-22,  0.000000E+00,  0.000000E+00
  1.221042E+06,  5.048883E-18,  4.543995E-22,  0.000000E+00,  0.000000E+00
  1.222266E+06,  5.028249E-18,  4.525425E-22,  0.000000E+00,  0.000000E+00
  1.223492E+06,  5.008410E-18,  4.507569E-22,  0.000000E+00,  0.000000E+00
  1.224718E+06,  4.987776E-18,  4.488998E-22,  0.000000E+00,  0.000000E+00
  1.225946E+06,  4.967936E-18,  4.471142E-22,  0.000000E+00,  0.000000E+00
  1.227175E+06,  4.948096E-18,  4.453286E-22,  0.000000E+00,  0.000000E+00
  1.228405E+06,  4.928256E-18,  4.435430E-22,  0.000000E+00,  0.000000E+00
  1.229637E+06,  4.908416E-18,  4.417574E-22,  0.000000E+00,  0.000000E+00
  1.230870E+06,  4.888576E-18,  4.399718E-22,  0.000000E+00,  0.000000E+00
  1.232103E+06,  4.868736E-18,  4.381862E-22,  0.000000E+00,  0.000000E+00
  1.233339E+06,  4.848896E-18,  4.364006E-22,  0.000000E+00,  0.000000E+00
  1.234575E+06,  4.829056E-18,  4.346150E-22,  0.000000E+00,  0.000000E+00
  1.235813E+06,  4.810009E-18,  4.329009E-22,  0.000000E+00,  0.000000E+00
  1.237052E+06,  4.790169E-18,  4.311153E-22,  0.000000E+00,  0.000000E+00
  1.238292E+06,  4.771123E-18,  4.294011E-22,  0.000000E+00,  0.000000E+00
  1.239533E+06,  4.752077E-18,  4.276869E-22,  0.000000E+00,  0.000000E+00
  1.240776E+06,  4.732237E-18,  4.259013E-22,  0.000000E+00,  0.000000E+00
  1.242020E+06,  4.713190E-18,  4.241871E-22,  0.000000E+00,  0.000000E+00
  1.243265E+06,  4.694144E-18,  4.224730E-22,  0.000000E+00,  0.000000E+00
  1.244511E+06,  4.675891E-18,  4.208302E-22,  0.000000E+00,  0.000000E+00
  1.245759E+06,  4.656845E-18,  4.191161E-22,  0.000000E+00,  0.000000E+00
  1.247008E+06,  4.637798E-18,  4.174018E-22,  0.000000E+00,  0.000000E+00
  1.248258E+06,  4.619546E-18,  4.157591E-22,  0.000000E+00,  0.000000E+00
  1.249509E+06,  4.600499E-18,  4.140449E-22,  0.000000E+00,  0.000000E+00
  1.250762E+06,  4.582246E-18,  4.124022E-22,  0.000000E+00,  0.000000E+00
  1.252016E+06,  4.563993E-18,  4.107594E-22,  0.000000E+00,  0.000000E+00
  1.253271E+06,  4.544947E-18,  4.090452E-22,  0.000000E+00,  0.000000E+00
  1.254527E+06,  4.526694E-18,  4.074025E-22,  0.000000E+00,  0.000000E+00
  1.255785E+06,  4.508442E-18,  4.057598E-22,  0.000000E+00,  0.000000E+00
  1.257044E+06,  4.490189E-18,  4.041170E-22,  0.000000E+00,  0.000000E+00
  1.258304E+06,  4.472729E-18,  4.025457E-22,  0.000000E+00,  0.000000E+00
  1.259565E+06,  4.454477E-18,  4.009029E-22,  0.000000E+00,  0.000000E+00
  1.260828E+06,  4.436224E-18,  3.992602E-22,  0.000000E+00,  0.000000E+00
  1.262092E+06,  4.418765E-18,  3.976889E-22,  0.000000E+00,  0.000000E+00
  1.263357E+06,  4.400512E-18,  3.960461E-22,  0.000000E+00,  0.000000E+00
  1.264624E+06,  4.383053E-18,  3.944747E-22,  0.000000E+00,  0.000000E+00
  1.265892E+06,  4.364800E-18,  3.928320E-22,  0.000000E+00,  0.000000E+00
  1.267161E+06,  4.347341E-18,  3.912607E-22,  0.000000E+00,  0.000000E+00
  1.268431E+06,  4.329882E-18,  3.896893E-22,  0.000000E+00,  0.000000E+00
  1.269703E+06,  4.312422E-18,  3.881180E-22,  0.000000E+00,  0.000000E+00
  1.270976E+06,  4.294963E-18,  3.865467E-22,  0.000000E+00,  0.000000E+00
  1.272250E+06,  4.277504E-18,  3.849754E-22,  0.000000E+00,  0.000000E+00
  1.273525E+06,  4.260045E-18,  3.834040E-22,  0.000000E+00,  0.000000E+00
  1.274802E+06,  4.243379E-18,  3.819041E-22,  0.000000E+00,  0.000000E+00
  1.276080E+06,  4.225920E-18,  3.803328E-22,  0.000000E+00,  0.000000E+00
  1.277359E+06,  4.208461E-18,  3.787615E-22,  0.000000E+00,  0.000000E+00
  1.278640E+06,  4.191795E-18,  3.772616E-22,  0.000000E+00,  0.000000E+00
  1.279922E+06,  4.174336E-18,  3.756902E-22,  0.000000E+00,  0.000000E+00
  1.281205E+06,  4.157670E-18,  3.741903E-22,  0.000000E+00,  0.000000E+00
  1.282489E+06,  4.140211E-18,  3.726190E-22,  0.000000E+00,  0.000000E+00
  1.283775E+06,  4.123545E-18,  3.711191E-22,  0.000000E+00,  0.000000E+00
  1.285062E+06,  4.106880E-18,  3.696192E-22,  0.000000E+00,  0.000000E+00
  1.286350E+06,  4.089421E-18,  3.680479E-22,  0.000000E+00,  0.000000E+00
  1.287640E+06,  4.071962E-18,  3.664765E-22,  0.000000E+00,  0.000000E+00
  1.288930E+06,  4.054502E-18,  3.649052E-22,  0.000000E+00,  0.000000E+00
  1.290223E+06,  4.037043E-18,  3.633339E-22,  0.000000E+00,  0.000000E+00
  1.291516E+06,  4.017997E-18,  3.616197E-22,  0.000000E+00,  0.000000E+00
  1.292811E+06,  3.998157E-18,  3.598341E-22,  0.000000E+00,  0.000000E+00
  1.294107E+06,  3.975936E-18,  3.578342E-22,  0.000000E+00,  0.000000E+00
  1.295404E+06,  3.956890E-18,  3.561201E-22,  0.000000E+00,  0.000000E+00
  1.296703E+06,  3.944986E-18,  3.550487E-22,  0.000000E+00,  0.000000E+00
  1.298003E+06,  3.934669E-18,  3.541202E-22,  0.000000E+00,  0.000000E+00
  1.299304E+06,  3.921178E-18,  3.529060E-22,  0.000000E+00,  0.000000E+00
  1.300607E+06,  3.906893E-18,  3.516203E-22,  0.000000E+00,  0.000000E+00
  1.301910E+06,  3.891815E-18,  3.502633E-22,  0.000000E+00,  0.000000E+00
  1.303216E+06,  3.876736E-18,  3.489062E-22,  0.000000E+00,  0.000000E+00
  1.304522E+06,  3.861657E-18,  3.475492E-22,  0.000000E+00,  0.000000E+00
  1.305830E+06,  3.846579E-18,  3.461921E-22,  0.000000E+00,  0.000000E+00
  1.307139E+06,  3.830707E-18,  3.447637E-22,  0.000000E+00,  0.000000E+00
  1.308449E+06,  3.814835E-18,  3.433352E-22,  0.000000E+00,  0.000000E+00
  1.309761E+06,  3.798963E-18,  3.419067E-22,  0.000000E+00,  0.000000E+00
  1.311074E+06,  3.783091E-18,  3.404782E-22,  0.000000E+00,  0.000000E+00
  1.312389E+06,  3.767219E-18,  3.390497E-22,  0.000000E+00,  0.000000E+00
  1.313704E+06,  3.751347E-18,  3.376213E-22,  0.000000E+00,  0.000000E+00
  1.315021E+06,  3.734682E-18,  3.361213E-22,  0.000000E+00,  0.000000E+00
  1.316339E+06,  3.718016E-18,  3.346214E-22,  0.000000E+00,  0.000000E+00
  1.317659E+06,  3.697382E-18,  3.327644E-22,  0.000000E+00,  0.000000E+00
  1.318980E+06,  3.670400E-18,  3.303360E-22,  0.000000E+00,  0.000000E+00
  1.320302E+06,  3.636275E-18,  3.272648E-22,  0.000000E+00,  0.000000E+00
  1.321626E+06,  3.621197E-18,  3.259077E-22,  0.000000E+00,  0.000000E+00
  1.322951E+06,  3.625958E-18,  3.263362E-22,  0.000000E+00,  0.000000E+00
  1.324277E+06,  3.624371E-18,  3.261934E-22,  0.000000E+00,  0.000000E+00
  1.325605E+06,  3.615642E-18,  3.254077E-22,  0.000000E+00,  0.000000E+00
  1.326934E+06,  3.604531E-18,  3.244078E-22,  0.000000E+00,  0.000000E+00
  1.328264E+06,  3.591040E-18,  3.231936E-22,  0.000000E+00,  0.000000E+00
  1.329595E+06,  3.577549E-18,  3.219794E-22,  0.000000E+00,  0.000000E+00
  1.330928E+06,  3.564057E-18,  3.207652E-22,  0.000000E+00,  0.000000E+00
  1.332263E+06,  3.549773E-18,  3.194796E-22,  0.000000E+00,  0.000000E+00
  1.333598E+06,  3.535488E-18,  3.181939E-22,  0.000000E+00,  0.000000E+00
  1.334935E+06,  3.521997E-18,  3.169797E-22,  0.000000E+00,  0.000000E+00
  1.336273E+06,  3.507712E-18,  3.156941E-22,  0.000000E+00,  0.000000E+00
  1.337613E+06,  3.493427E-18,  3.144085E-22,  0.000000E+00,  0.000000E+00
  1.338954E+06,  3.479936E-18,  3.131942E-22,  0.000000E+00,  0.000000E+00
  1.340296E+06,  3.465651E-18,  3.119086E-22,  0.000000E+00,  0.000000E+00
  1.341640E+06,  3.451366E-18,  3.106230E-22,  0.000000E+00,  0.000000E+00
  1.342985E+06,  3.437875E-18,  3.094088E-22,  0.000000E+00,  0.000000E+00
  1.344331E+06,  3.423590E-18,  3.081231E-22,  0.000000E+00,  0.000000E+00
  1.345679E+06,  3.410099E-18,  3.069089E-22,  0.000000E+00,  0.000000E+00
  1.347028E+06,  3.396608E-18,  3.056947E-22,  0.000000E+00,  0.000000E+00
  1.348378E+06,  3.382323E-18,  3.044091E-22,  0.000000E+00,  0.000000E+00
  1.349730E+06,  3.368832E-18,  3.031949E-22,  0.000000E+00,  0.000000E+00
  1.351083E+06,  3.355341E-18,  3.019807E-22,  0.000000E+00,  0.000000E+00
  1.352438E+06,  3.341850E-18,  3.007665E-22,  0.000000E+00,  0.000000E+00
  1.353794E+06,  3.328358E-18,  2.995523E-22,  0.000000E+00,  0.000000E+00
  1.355151E+06,  3.314867E-18,  2.983381E-22,  0.000000E+00,  0.000000E+00
  1.356509E+06,  3.300582E-18,  2.970524E-22,  0.000000E+00,  0.000000E+00
  1.357869E+06,  3.287091E-18,  2.958382E-22,  0.000000E+00,  0.000000E+00
  1.359231E+06,  3.273600E-18,  2.946240E-22,  0.000000E+00,  0.000000E+00
  1.360593E+06,  3.260109E-18,  2.934098E-22,  0.000000E+00,  0.000000E+00
  1.361957E+06,  3.245824E-18,  2.921242E-22,  0.000000E+00,  0.000000E+00
  1.363322E+06,  3.231539E-18,  2.908385E-22,  0.000000E+00,  0.000000E+00
  1.364689E+06,  3.218048E-18,  2.896243E-22,  0.000000E+00,  0.000000E+00
  1.366057E+06,  3.204557E-18,  2.884101E-22,  0.000000E+00,  0.000000E+00
  1.367427E+06,  3.192653E-18,  2.873387E-22,  0.000000E+00,  0.000000E+00
  1.368798E+06,  3.180749E-18,  2.862674E-22,  0.000000E+00,  0.000000E+00
  1.370170E+06,  3.168845E-18,  2.851960E-22,  0.000000E+00,  0.000000E+00
  1.371543E+06,  3.156147E-18,  2.840532E-22,  0.000000E+00,  0.000000E+00
  1.372918E+06,  3.144243E-18,  2.829819E-22,  0.000000E+00,  0.000000E+00
  1.374295E+06,  3.131545E-18,  2.818391E-22,  0.000000E+00,  0.000000E+00
  1.375673E+06,  3.118848E-18,  2.806963E-22,  0.000000E+00,  0.000000E+00
  1.377052E+06,  3.106150E-18,  2.795535E-22,  0.000000E+00,  0.000000E+00
  1.378432E+06,  3.093453E-18,  2.784108E-22,  0.000000E+00,  0.000000E+00
  1.379814E+06,  3.079962E-18,  2.771965E-22,  0.000000E+00,  0.000000E+00
  1.381197E+06,  3.064883E-18,  2.758395E-22,  0.000000E+00,  0.000000E+00
  1.382582E+06,  3.045837E-18,  2.741253E-22,  0.000000E+00,  0.000000E+00
  1.383968E+06,  3.014093E-18,  2.712683E-22,  0.000000E+00,  0.000000E+00
  1.385355E+06,  2.960922E-18,  2.664829E-22,  0.000000E+00,  0.000000E+00
  1.386744E+06,  2.933939E-18,  2.640545E-22,  0.000000E+00,  0.000000E+00
  1.388134E+06,  2.959334E-18,  2.663401E-22,  0.000000E+00,  0.000000E+00
  1.389526E+06,  2.978381E-18,  2.680543E-22,  0.000000E+00,  0.000000E+00
  1.390919E+06,  2.977587E-18,  2.679829E-22,  0.000000E+00,  0.000000E+00
  1.392313E+06,  2.969651E-18,  2.672686E-22,  0.000000E+00,  0.000000E+00
  1.393709E+06,  2.958541E-18,  2.662687E-22,  0.000000E+00,  0.000000E+00
  1.395106E+06,  2.947430E-18,  2.652687E-22,  0.000000E+00,  0.000000E+00
  1.396505E+06,  2.936320E-18,  2.642688E-22,  0.000000E+00,  0.000000E+00
  1.397905E+06,  2.924416E-18,  2.631974E-22,  0.000000E+00,  0.000000E+00
  1.399306E+06,  2.912512E-18,  2.621261E-22,  0.000000E+00,  0.000000E+00
  1.400709E+06,  2.900608E-18,  2.610547E-22,  0.000000E+00,  0.000000E+00
  1.402113E+06,  2.889498E-18,  2.600548E-22,  0.000000E+00,  0.000000E+00
  1.403519E+06,  2.877594E-18,  2.589834E-22,  0.000000E+00,  0.000000E+00
  1.404926E+06,  2.866483E-18,  2.579835E-22,  0.000000E+00,  0.000000E+00
  1.406335E+06,  2.854579E-18,  2.569121E-22,  0.000000E+00,  0.000000E+00
  1.407744E+06,  2.843469E-18,  2.559122E-22,  0.000000E+00,  0.000000E+00
  1.409156E+06,  2.831565E-18,  2.548408E-22,  0.000000E+00,  0.000000E+00
  1.410568E+06,  2.820454E-18,  2.538409E-22,  0.000000E+00,  0.000000E+00
  1.411982E+06,  2.809344E-18,  2.528410E-22,  0.000000E+00,  0.000000E+00
  1.413398E+06,  2.797440E-18,  2.517696E-22,  0.000000E+00,  0.000000E+00
  1.414815E+06,  2.786330E-18,  2.507697E-22,  0.000000E+00,  0.000000E+00
  1.416233E+06,  2.775219E-18,  2.497697E-22,  0.000000E+00,  0.000000E+00
  1.417653E+06,  2.764109E-18,  2.487698E-22,  0.000000E+00,  0.000000E+00
  1.419074E+06,  2.752998E-18,  2.477699E-22,  0.000000E+00,  0.000000E+00
  1.420497E+06,  2.741888E-18,  2.467699E-22,  0.000000E+00,  0.000000E+00
  1.421921E+06,  2.730778E-18,  2.457700E-22,  0.000000E+00,  0.000000E+00
  1.423346E+06,  2.719667E-18,  2.447700E-22,  0.000000E+00,  0.000000E+00
  1.424773E+06,  2.708557E-18,  2.437701E-22,  0.000000E+00,  0.000000E+00
  1.426202E+06,  2.697446E-18,  2.427702E-22,  0.000000E+00,  0.000000E+00
  1.427631E+06,  2.687129E-18,  2.418417E-22,  0.000000E+00,  0.000000E+00
  1.429063E+06,  2.676019E-18,  2.408417E-22,  0.000000E+00,  0.000000E+00
  1.430495E+06,  2.664909E-18,  2.398418E-22,  0.000000E+00,  0.000000E+00
  1.431929E+06,  2.654592E-18,  2.389133E-22,  0.000000E+00,  0.000000E+00
  1.433365E+06,  2.643482E-18,  2.379133E-22,  0.000000E+00,  0.000000E+00
  1.434802E+06,  2.633165E-18,  2.369848E-22,  0.000000E+00,  0.000000E+00
  1.436240E+06,  2.622054E-18,  2.359849E-22,  0.000000E+00,  0.000000E+00
  1.437680E+06,  2.611738E-18,  2.350564E-22,  0.000000E+00,  0.000000E+00
  1.439121E+06,  2.600627E-18,  2.340564E-22,  0.000000E+00,  0.000000E+00
  1.440564E+06,  2.590310E-18,  2.331279E-22,  0.000000E+00,  0.000000E+00
  1.442008E+06,  2.579993E-18,  2.321994E-22,  0.000000E+00,  0.000000E+00
  1.443454E+06,  2.569677E-18,  2.312709E-22,  0.000000E+00,  0.000000E+00
  1.444901E+06,  2.559360E-18,  2.303424E-22,  0.000000E+00,  0.000000E+00
  1.446349E+06,  2.549043E-18,  2.294139E-22,  0.000000E+00,  0.000000E+00
  1.447799E+06,  2.537933E-18,  2.284140E-22,  0.000000E+00,  0.000000E+00
  1.449251E+06,  2.527616E-18,  2.274854E-22,  0.000000E+00,  0.000000E+00
  1.450704E+06,  2.517299E-18,  2.265569E-22,  0.000000E+00,  0.000000E+00
  1.452158E+06,  2.507776E-18,  2.256998E-22,  0.000000E+00,  0.000000E+00
  1.453614E+06,  2.497459E-18,  2.247713E-22,  0.000000E+00,  0.000000E+00
  1.455071E+06,  2.487143E-18,  2.238428E-22,  0.000000E+00,  0.000000E+00
  1.456530E+06,  2.476826E-18,  2.229143E-22,  0.000000E+00,  0.000000E+00
  1.457990E+06,  2.466509E-18,  2.219858E-22,  0.000000E+00,  0.000000E+00
  1.459451E+06,  2.456985E-18,  2.211287E-22,  0.000000E+00,  0.000000E+00
  1.460915E+06,  2.446669E-18,  2.202002E-22,  0.000000E+00,  0.000000E+00
  1.462379E+06,  2.437146E-18,  2.193431E-22,  0.000000E+00,  0.000000E+00
  1.463845E+06,  2.426829E-18,  2.184146E-22,  0.000000E+00,  0.000000E+00
  1.465313E+06,  2.417305E-18,  2.175575E-22,  0.000000E+00,  0.000000E+00
  1.466782E+06,  2.407782E-18,  2.167004E-22,  0.000000E+00,  0.000000E+00
  1.468252E+06,  2.398259E-18,  2.158433E-22,  0.000000E+00,  0.000000E+00
  1.469724E+06,  2.387942E-18,  2.149148E-22,  0.000000E+00,  0.000000E+00
  1.471197E+06,  2.378419E-18,  2.140577E-22,  0.000000E+00,  0.000000E+00
  1.472672E+06,  2.368896E-18,  2.132006E-22,  0.000000E+00,  0.000000E+00
  1.474149E+06,  2.359373E-18,  2.123436E-22,  0.000000E+00,  0.000000E+00
  1.475627E+06,  2.349850E-18,  2.114865E-22,  0.000000E+00,  0.000000E+00
  1.477106E+06,  2.340326E-18,  2.106294E-22,  0.000000E+00,  0.000000E+00
  1.478587E+06,  2.330803E-18,  2.097723E-22,  0.000000E+00,  0.000000E+00
  1.480069E+06,  2.320487E-18,  2.088438E-22,  0.000000E+00,  0.000000E+00
  1.481553E+06,  2.310963E-18,  2.079867E-22,  0.000000E+00,  0.000000E+00
  1.483038E+06,  2.301440E-18,  2.071296E-22,  0.000000E+00,  0.000000E+00
  1.484525E+06,  2.291917E-18,  2.062725E-22,  0.000000E+00,  0.000000E+00
  1.486013E+06,  2.283187E-18,  2.054869E-22,  0.000000E+00,  0.000000E+00
  1.487503E+06,  2.273664E-18,  2.046298E-22,  0.000000E+00,  0.000000E+00
  1.488994E+06,  2.264141E-18,  2.037727E-22,  0.000000E+00,  0.000000E+00
  1.490487E+06,  2.253824E-18,  2.028442E-22,  0.000000E+00,  0.000000E+00
  1.491981E+06,  2.243507E-18,  2.019157E-22,  0.000000E+00,  0.000000E+00
  1.493477E+06,  2.232397E-18,  2.009157E-22,  0.000000E+00,  0.000000E+00
  1.494974E+06,  2.221286E-18,  1.999158E-22,  0.000000E+00,  0.000000E+00
  1.496472E+06,  2.213350E-18,  1.992015E-22,  0.000000E+00,  0.000000E+00
  1.497973E+06,  2.207002E-18,  1.986301E-22,  0.000000E+00,  0.000000E+00
  1.499474E+06,  2.199859E-18,  1.979873E-22,  0.000000E+00,  0.000000E+00
  1.500978E+06,  2.191923E-18,  1.972731E-22,  0.000000E+00,  0.000000E+00
  1.502482E+06,  2.183987E-18,  1.965589E-22,  0.000000E+00,  0.000000E+00
  1.503989E+06,  2.176051E-18,  1.958446E-22,  0.000000E+00,  0.000000E+00
  1.505496E+06,  2.167322E-18,  1.950589E-22,  0.000000E+00,  0.000000E+00
  1.507006E+06,  2.158592E-18,  1.942733E-22,  0.000000E+00,  0.000000E+00
  1.508516E+06,  2.149862E-18,  1.934876E-22,  0.000000E+00,  0.000000E+00
  1.510029E+06,  2.141926E-18,  1.927734E-22,  0.000000E+00,  0.000000E+00
  1.511542E+06,  2.133197E-18,  1.919877E-22,  0.000000E+00,  0.000000E+00
  1.513058E+06,  2.124467E-18,  1.912021E-22,  0.000000E+00,  0.000000E+00
  1.514575E+06,  2.115738E-18,  1.904164E-22,  0.000000E+00,  0.000000E+00
  1.516093E+06,  2.107802E-18,  1.897021E-22,  0.000000E+00,  0.000000E+00
  1.517613E+06,  2.099072E-18,  1.889165E-22,  0.000000E+00,  0.000000E+00
  1.519134E+06,  2.090342E-18,  1.881308E-22,  0.000000E+00,  0.000000E+00
  1.520657E+06,  2.082406E-18,  1.874166E-22,  0.000000E+00,  0.000000E+00
  1.522182E+06,  2.073677E-18,  1.866309E-22,  0.000000E+00,  0.000000E+00
  1.523708E+06,  2.065741E-18,  1.859167E-22,  0.000000E+00,  0.000000E+00
  1.525235E+06,  2.057011E-18,  1.851310E-22,  0.000000E+00,  0.000000E+00
  1.526764E+06,  2.049075E-18,  1.844168E-22,  0.000000E+00,  0.000000E+00
  1.528295E+06,  2.040346E-18,  1.836311E-22,  0.000000E+00,  0.000000E+00
  1.529827E+06,  2.032410E-18,  1.829169E-22,  0.000000E+00,  0.000000E+00
  1.531361E+06,  2.023680E-18,  1.821312E-22,  0.000000E+00,  0.000000E+00
  1.532896E+06,  2.015744E-18,  1.814170E-22,  0.000000E+00,  0.000000E+00
  1.534433E+06,  2.007808E-18,  1.807027E-22,  0.000000E+00,  0.000000E+00
  1.535971E+06,  1.999078E-18,  1.799171E-22,  0.000000E+00,  0.000000E+00
  1.537511E+06,  1.991142E-18,  1.792028E-22,  0.000000E+00,  0.000000E+00
  1.539052E+06,  1.983206E-18,  1.784886E-22,  0.000000E+00,  0.000000E+00
  1.540595E+06,  1.974477E-18,  1.777029E-22,  0.000000E+00,  0.000000E+00
  1.542139E+06,  1.966541E-18,  1.769887E-22,  0.000000E+00,  0.000000E+00
  1.543685E+06,  1.958605E-18,  1.762744E-22,  0.000000E+00,  0.000000E+00
  1.545233E+06,  1.949875E-18,  1.754888E-22,  0.000000E+00,  0.000000E+00
  1.546782E+06,  1.941146E-18,  1.747031E-22,  0.000000E+00,  0.000000E+00
  1.548333E+06,  1.932416E-18,  1.739174E-22,  0.000000E+00,  0.000000E+00
  1.549885E+06,  1.922099E-18,  1.729889E-22,  0.000000E+00,  0.000000E+00
  1.551439E+06,  1.910989E-18,  1.719890E-22,  0.000000E+00,  0.000000E+00
  1.552994E+06,  1.895910E-18,  1.706319E-22,  0.000000E+00,  0.000000E+00
  1.554551E+06,  1.881626E-18,  1.693463E-22,  0.000000E+00,  0.000000E+00
  1.556109E+06,  1.878451E-18,  1.690606E-22,  0.000000E+00,  0.000000E+00
  1.557669E+06,  1.879245E-18,  1.691320E-22,  0.000000E+00,  0.000000E+00
  1.559231E+06,  1.876070E-18,  1.688463E-22,  0.000000E+00,  0.000000E+00
  1.560794E+06,  1.870515E-18,  1.683464E-22,  0.000000E+00,  0.000000E+00
  1.562359E+06,  1.864166E-18,  1.677750E-22,  0.000000E+00,  0.000000E+00
  1.563925E+06,  1.857818E-18,  1.672036E-22,  0.000000E+00,  0.000000E+00
  1.565493E+06,  1.850675E-18,  1.665608E-22,  0.000000E+00,  0.000000E+00
  1.567062E+06,  1.843533E-18,  1.659180E-22,  0.000000E+00,  0.000000E+00
  1.568633E+06,  1.836390E-18,  1.652751E-22,  0.000000E+00,  0.000000E+00
  1.570206E+06,  1.829248E-18,  1.646323E-22,  0.000000E+00,  0.000000E+00
  1.571780E+06,  1.822106E-18,  1.639895E-22,  0.000000E+00,  0.000000E+00
  1.573355E+06,  1.814170E-18,  1.632753E-22,  0.000000E+00,  0.000000E+00
  1.574933E+06,  1.807027E-18,  1.626324E-22,  0.000000E+00,  0.000000E+00
  1.576512E+06,  1.799885E-18,  1.619896E-22,  0.000000E+00,  0.000000E+00
  1.578092E+06,  1.792742E-18,  1.613468E-22,  0.000000E+00,  0.000000E+00
  1.579674E+06,  1.785600E-18,  1.607040E-22,  0.000000E+00,  0.000000E+00
  1.581258E+06,  1.778458E-18,  1.600612E-22,  0.000000E+00,  0.000000E+00
  1.582843E+06,  1.771315E-18,  1.594184E-22,  0.000000E+00,  0.000000E+00
  1.584430E+06,  1.764173E-18,  1.587756E-22,  0.000000E+00,  0.000000E+00
  1.586018E+06,  1.757031E-18,  1.581327E-22,  0.000000E+00,  0.000000E+00
  1.587608E+06,  1.749888E-18,  1.574899E-22,  0.000000E+00,  0.000000E+00
  1.589200E+06,  1.742746E-18,  1.568471E-22,  0.000000E+00,  0.000000E+00
  1.590793E+06,  1.735603E-18,  1.562043E-22,  0.000000E+00,  0.000000E+00
  1.592388E+06,  1.728461E-18,  1.555615E-22,  0.000000E+00,  0.000000E+00
  1.593984E+06,  1.722112E-18,  1.549901E-22,  0.000000E+00,  0.000000E+00
  1.595582E+06,  1.714970E-18,  1.543473E-22,  0.000000E+00,  0.000000E+00
  1.597182E+06,  1.707827E-18,  1.537045E-22,  0.000000E+00,  0.000000E+00
  1.598783E+06,  1.699891E-18,  1.529902E-22,  0.000000E+00,  0.000000E+00
  1.600386E+06,  1.692749E-18,  1.523474E-22,  0.000000E+00,  0.000000E+00
  1.601990E+06,  1.687194E-18,  1.518474E-22,  0.000000E+00,  0.000000E+00
  1.603596E+06,  1.680051E-18,  1.512046E-22,  0.000000E+00,  0.000000E+00
  1.605204E+06,  1.673702E-18,  1.506332E-22,  0.000000E+00,  0.000000E+00
  1.606813E+06,  1.666560E-18,  1.499904E-22,  0.000000E+00,  0.000000E+00
  1.608424E+06,  1.660211E-18,  1.494190E-22,  0.000000E+00,  0.000000E+00
  1.610036E+06,  1.653069E-18,  1.487762E-22,  0.000000E+00,  0.000000E+00
  1.611650E+06,  1.646720E-18,  1.482048E-22,  0.000000E+00,  0.000000E+00
  1.613266E+06,  1.640371E-18,  1.476334E-22,  0.000000E+00,  0.000000E+00
  1.614883E+06,  1.633229E-18,  1.469906E-22,  0.000000E+00,  0.000000E+00
  1.616502E+06,  1.626880E-18,  1.464192E-22,  0.000000E+00,  0.000000E+00
  1.618123E+06,  1.620531E-18,  1.458478E-22,  0.000000E+00,  0.000000E+00
  1.619745E+06,  1.613389E-18,  1.452050E-22,  0.000000E+00,  0.000000E+00
  1.621369E+06,  1.607040E-18,  1.446336E-22,  0.000000E+00,  0.000000E+00
  1.622994E+06,  1.600691E-18,  1.440622E-22,  0.000000E+00,  0.000000E+00
  1.624621E+06,  1.594342E-18,  1.434908E-22,  0.000000E+00,  0.000000E+00
  1.626250E+06,  1.587200E-18,  1.428480E-22,  0.000000E+00,  0.000000E+00
  1.627880E+06,  1.580851E-18,  1.422766E-22,  0.000000E+00,  0.000000E+00
  1.629512E+06,  1.574502E-18,  1.417052E-22,  0.000000E+00,  0.000000E+00
  1.631146E+06,  1.568154E-18,  1.411338E-22,  0.000000E+00,  0.000000E+00
  1.632781E+06,  1.561805E-18,  1.405624E-22,  0.000000E+00,  0.000000E+00
  1.634418E+06,  1.555456E-18,  1.399910E-22,  0.000000E+00,  0.000000E+00
  1.636056E+06,  1.549901E-18,  1.394911E-22,  0.000000E+00,  0.000000E+00
  1.637696E+06,  1.543552E-18,  1.389197E-22,  0.000000E+00,  0.000000E+00
  1.639338E+06,  1.537203E-18,  1.383483E-22,  0.000000E+00,  0.000000E+00
  1.640982E+06,  1.530854E-18,  1.377769E-22,  0.000000E+00,  0.000000E+00
  1.642627E+06,  1.524506E-18,  1.372055E-22,  0.000000E+00,  0.000000E+00
  1.644273E+06,  1.518950E-18,  1.367055E-22,  0.000000E+00,  0.000000E+00
  1.645922E+06,  1.512602E-18,  1.361341E-22,  0.000000E+00,  0.000000E+00
  1.647572E+06,  1.506253E-18,  1.355628E-22,  0.000000E+00,  0.000000E+00
  1.649223E+06,  1.499904E-18,  1.349914E-22,  0.000000E+00,  0.000000E+00
  1.650877E+06,  1.494349E-18,  1.344914E-22,  0.000000E+00,  0.000000E+00
  1.652532E+06,  1.488000E-18,  1.339200E-22,  0.000000E+00,  0.000000E+00
  1.654188E+06,  1.481651E-18,  1.333486E-22,  0.000000E+00,  0.000000E+00
  1.655847E+06,  1.476096E-18,  1.328486E-22,  0.000000E+00,  0.000000E+00
  1.657507E+06,  1.469747E-18,  1.322773E-22,  0.000000E+00,  0.000000E+00
  1.659168E+06,  1.464192E-18,  1.317773E-22,  0.000000E+00,  0.000000E+00
  1.660832E+06,  1.457843E-18,  1.312059E-22,  0.000000E+00,  0.000000E+00
  1.662497E+06,  1.452288E-18,  1.307059E-22,  0.000000E+00,  0.000000E+00
  1.664163E+06,  1.445939E-18,  1.301345E-22,  0.000000E+00,  0.000000E+00
  1.665832E+06,  1.440384E-18,  1.296346E-22,  0.000000E+00,  0.000000E+00
  1.667502E+06,  1.434035E-18,  1.290632E-22,  0.000000E+00,  0.000000E+00
  1.669173E+06,  1.428480E-18,  1.285632E-22,  0.000000E+00,  0.000000E+00
  1.670847E+06,  1.422925E-18,  1.280632E-22,  0.000000E+00,  0.000000E+00
  1.672522E+06,  1.417369E-18,  1.275633E-22,  0.000000E+00,  0.000000E+00
  1.674198E+06,  1.411814E-18,  1.270633E-22,  0.000000E+00,  0.000000E+00
  1.675877E+06,  1.406259E-18,  1.265633E-22,  0.000000E+00,  0.000000E+00
  1.677557E+06,  1.399910E-18,  1.259919E-22,  0.000000E+00,  0.000000E+00
  1.679239E+06,  1.394355E-18,  1.254920E-22,  0.000000E+00,  0.000000E+00
  1.680922E+06,  1.388800E-18,  1.249920E-22,  0.000000E+00,  0.000000E+00
  1.682607E+06,  1.383245E-18,  1.244920E-22,  0.000000E+00,  0.000000E+00
  1.684294E+06,  1.377690E-18,  1.239921E-22,  0.000000E+00,  0.000000E+00
  1.685983E+06,  1.371341E-18,  1.234207E-22,  0.000000E+00,  0.000000E+00
  1.687673E+06,  1.364992E-18,  1.228493E-22,  0.000000E+00,  0.000000E+00
  1.689365E+06,  1.357056E-18,  1.221350E-22,  0.000000E+00,  0.000000E+00
  1.691058E+06,  1.343565E-18,  1.209208E-22,  0.000000E+00,  0.000000E+00
  1.692754E+06,  1.322138E-18,  1.189924E-22,  0.000000E+00,  0.000000E+00
  1.694451E+06,  1.308646E-18,  1.177782E-22,  0.000000E+00,  0.000000E+00
  1.696149E+06,  1.318170E-18,  1.186353E-22,  0.000000E+00,  0.000000E+00
  1.697850E+06,  1.326106E-18,  1.193495E-22,  0.000000E+00,  0.000000E+00
  1.699552E+06,  1.325312E-18,  1.192781E-22,  0.000000E+00,  0.000000E+00
  1.701256E+06,  1.321344E-18,  1.189210E-22,  0.000000E+00,  0.000000E+00
  1.702961E+06,  1.316582E-18,  1.184924E-22,  0.000000E+00,  0.000000E+00
  1.704668E+06,  1.311821E-18,  1.180639E-22,  0.000000E+00,  0.000000E+00
  1.706377E+06,  1.306266E-18,  1.175639E-22,  0.000000E+00,  0.000000E+00
  1.708088E+06,  1.300710E-18,  1.170639E-22,  0.000000E+00,  0.000000E+00
  1.709800E+06,  1.295155E-18,  1.165640E-22,  0.000000E+00,  0.000000E+00
  1.711514E+06,  1.289600E-18,  1.160640E-22,  0.000000E+00,  0.000000E+00
  1.713230E+06,  1.283251E-18,  1.154926E-22,  0.000000E+00,  0.000000E+00
  1.714948E+06,  1.276902E-18,  1.149212E-22,  0.000000E+00,  0.000000E+00
  1.716667E+06,  1.272141E-18,  1.144927E-22,  0.000000E+00,  0.000000E+00
  1.718388E+06,  1.268173E-18,  1.141356E-22,  0.000000E+00,  0.000000E+00
  1.720110E+06,  1.264205E-18,  1.137784E-22,  0.000000E+00,  0.000000E+00
  1.721835E+06,  1.259443E-18,  1.133499E-22,  0.000000E+00,  0.000000E+00
  1.723561E+06,  1.254682E-18,  1.129213E-22,  0.000000E+00,  0.000000E+00
  1.725289E+06,  1.249920E-18,  1.124928E-22,  0.000000E+00,  0.000000E+00
  1.727018E+06,  1.245158E-18,  1.120643E-22,  0.000000E+00,  0.000000E+00
  1.728750E+06,  1.240397E-18,  1.116357E-22,  0.000000E+00,  0.000000E+00
  1.730483E+06,  1.235635E-18,  1.112072E-22,  0.000000E+00,  0.000000E+00
  1.732218E+06,  1.230080E-18,  1.107072E-22,  0.000000E+00,  0.000000E+00
  1.733954E+06,  1.225318E-18,  1.102787E-22,  0.000000E+00,  0.000000E+00
  1.735693E+06,  1.220557E-18,  1.098501E-22,  0.000000E+00,  0.000000E+00
  1.737433E+06,  1.215795E-18,  1.094216E-22,  0.000000E+00,  0.000000E+00
  1.739174E+06,  1.210240E-18,  1.089216E-22,  0.000000E+00,  0.000000E+00
  1.740918E+06,  1.205478E-18,  1.084931E-22,  0.000000E+00,  0.000000E+00
  1.742663E+06,  1.200717E-18,  1.080645E-22,  0.000000E+00,  0.000000E+00
  1.744410E+06,  1.195955E-18,  1.076360E-22,  0.000000E+00,  0.000000E+00
  1.746159E+06,  1.191193E-18,  1.072074E-22,  0.000000E+00,  0.000000E+00
  1.747909E+06,  1.186432E-18,  1.067789E-22,  0.000000E+00,  0.000000E+00
  1.749662E+06,  1.181670E-18,  1.063503E-22,  0.000000E+00,  0.000000E+00
  1.751416E+06,  1.176115E-18,  1.058504E-22,  0.000000E+00,  0.000000E+00
  1.753172E+06,  1.171354E-18,  1.054218E-22,  0.000000E+00,  0.000000E+00
  1.754929E+06,  1.166592E-18,  1.049933E-22,  0.000000E+00,  0.000000E+00
  1.756688E+06,  1.161830E-18,  1.045647E-22,  0.000000E+00,  0.000000E+00
  1.758450E+06,  1.157069E-18,  1.041362E-22,  0.000000E+00,  0.000000E+00
  1.760212E+06,  1.152307E-18,  1.037076E-22,  0.000000E+00,  0.000000E+00
  1.761977E+06,  1.147546E-18,  1.032791E-22,  0.000000E+00,  0.000000E+00
  1.763743E+06,  1.143578E-18,  1.029220E-22,  0.000000E+00,  0.000000E+00
  1.765512E+06,  1.138816E-18,  1.024934E-22,  0.000000E+00,  0.000000E+00
  1.767281E+06,  1.134848E-18,  1.021363E-22,  0.000000E+00,  0.000000E+00
  1.769053E+06,  1.130086E-18,  1.017078E-22,  0.000000E+00,  0.000000E+00
  1.770827E+06,  1.125325E-18,  1.012792E-22,  0.000000E+00,  0.000000E+00
  1.772602E+06,  1.121357E-18,  1.009221E-22,  0.000000E+00,  0.000000E+00
  1.774379E+06,  1.116595E-18,  1.004936E-22,  0.000000E+00,  0.000000E+00
  1.776158E+06,  1.111834E-18,  1.000650E-22,  0.000000E+00,  0.000000E+00
  1.777938E+06,  1.107866E-18,  9.970791E-23,  0.000000E+00,  0.000000E+00
  1.779721E+06,  1.103104E-18,  9.927936E-23,  0.000000E+00,  0.000000E+00
  1.781505E+06,  1.099136E-18,  9.892224E-23,  0.000000E+00,  0.000000E+00
  1.783291E+06,  1.094374E-18,  9.849370E-23,  0.000000E+00,  0.000000E+00
  1.785079E+06,  1.089613E-18,  9.806515E-23,  0.000000E+00,  0.000000E+00
  1.786868E+06,  1.085645E-18,  9.770803E-23,  0.000000E+00,  0.000000E+00
  1.788660E+06,  1.080883E-18,  9.727949E-23,  0.000000E+00,  0.000000E+00
  1.790453E+06,  1.076915E-18,  9.692237E-23,  0.000000E+00,  0.000000E+00
  1.792248E+06,  1.072154E-18,  9.649383E-23,  0.000000E+00,  0.000000E+00
  1.794044E+06,  1.068186E-18,  9.613671E-23,  0.000000E+00,  0.000000E+00
  1.795843E+06,  1.063424E-18,  9.570816E-23,  0.000000E+00,  0.000000E+00
  1.797643E+06,  1.058662E-18,  9.527962E-23,  0.000000E+00,  0.000000E+00
  1.799445E+06,  1.053901E-18,  9.485107E-23,  0.000000E+00,  0.000000E+00
  1.801249E+06,  1.049933E-18,  9.449395E-23,  0.000000E+00,  0.000000E+00
  1.803055E+06,  1.045965E-18,  9.413683E-23,  0.000000E+00,  0.000000E+00
  1.804863E+06,  1.041997E-18,  9.377971E-23,  0.000000E+00,  0.000000E+00
  1.806672E+06,  1.037235E-18,  9.335117E-23,  0.000000E+00,  0.000000E+00
  1.808483E+06,  1.032474E-18,  9.292263E-23,  0.000000E+00,  0.000000E+00
  1.810296E+06,  1.026125E-18,  9.235123E-23,  0.000000E+00,  0.000000E+00
  1.812111E+06,  1.018982E-18,  9.170842E-23,  0.000000E+00,  0.000000E+00
  1.813928E+06,  1.011840E-18,  9.106560E-23,  0.000000E+00,  0.000000E+00
  1.815746E+06,  1.008666E-18,  9.077991E-23,  0.000000E+00,  0.000000E+00
  1.817566E+06,  1.008666E-18,  9.077991E-23,  0.000000E+00,  0.000000E+00
  1.819388E+06,  1.007078E-18,  9.063706E-23,  0.000000E+00,  0.000000E+00
  1.821212E+06,  1.003904E-18,  9.035136E-23,  0.000000E+00,  0.000000E+00
  1.823038E+06,  9.999359E-19,  8.999423E-23,  0.000000E+00,  0.000000E+00
  1.824866E+06,  9.967616E-19,  8.970855E-23,  0.000000E+00,  0.000000E+00
  1.826695E+06,  9.927935E-19,  8.935142E-23,  0.000000E+00,  0.000000E+00
  1.828526E+06,  9.888256E-19,  8.899431E-23,  0.000000E+00,  0.000000E+00
  1.830360E+06,  9.848576E-19,  8.863719E-23,  0.000000E+00,  0.000000E+00
  1.832195E+06,  9.808896E-19,  8.828007E-23,  0.000000E+00,  0.000000E+00
  1.834031E+06,  9.769216E-19,  8.792295E-23,  0.000000E+00,  0.000000E+00
  1.835870E+06,  9.729536E-19,  8.756583E-23,  0.000000E+00,  0.000000E+00
  1.837710E+06,  9.689856E-19,  8.720871E-23,  0.000000E+00,  0.000000E+00
  1.839553E+06,  9.650175E-19,  8.685158E-23,  0.000000E+00,  0.000000E+00
  1.841397E+06,  9.610496E-19,  8.649447E-23,  0.000000E+00,  0.000000E+00
  1.843243E+06,  9.570816E-19,  8.613735E-23,  0.000000E+00,  0.000000E+00
  1.845091E+06,  9.539072E-19,  8.585165E-23,  0.000000E+00,  0.000000E+00
  1.846940E+06,  9.499392E-19,  8.549453E-23,  0.000000E+00,  0.000000E+00
  1.848792E+06,  9.459712E-19,  8.513741E-23,  0.000000E+00,  0.000000E+00
  1.850645E+06,  9.420032E-19,  8.478029E-23,  0.000000E+00,  0.000000E+00
  1.852501E+06,  9.380352E-19,  8.442317E-23,  0.000000E+00,  0.000000E+00
  1.854358E+06,  9.340672E-19,  8.406605E-23,  0.000000E+00,  0.000000E+00
  1.856217E+06,  9.308928E-19,  8.378035E-23,  0.000000E+00,  0.000000E+00
  1.858078E+06,  9.269247E-19,  8.342322E-23,  0.000000E+00,  0.000000E+00
  1.859940E+06,  9.229568E-19,  8.306611E-23,  0.000000E+00,  0.000000E+00
  1.861805E+06,  9.189888E-19,  8.270899E-23,  0.000000E+00,  0.000000E+00
  1.863671E+06,  9.158144E-19,  8.242330E-23,  0.000000E+00,  0.000000E+00
  1.865540E+06,  9.118464E-19,  8.206618E-23,  0.000000E+00,  0.000000E+00
  1.867410E+06,  9.078784E-19,  8.170906E-23,  0.000000E+00,  0.000000E+00
  1.869282E+06,  9.047040E-19,  8.142336E-23,  0.000000E+00,  0.000000E+00
  1.871156E+06,  9.007360E-19,  8.106624E-23,  0.000000E+00,  0.000000E+00
  1.873032E+06,  8.975616E-19,  8.078055E-23,  0.000000E+00,  0.000000E+00
  1.874910E+06,  8.935936E-19,  8.042343E-23,  0.000000E+00,  0.000000E+00
  1.876789E+06,  8.904192E-19,  8.013773E-23,  0.000000E+00,  0.000000E+00
  1.878671E+06,  8.864512E-19,  7.978061E-23,  0.000000E+00,  0.000000E+00
  1.880554E+06,  8.832768E-19,  7.949491E-23,  0.000000E+00,  0.000000E+00
  1.882439E+06,  8.793088E-19,  7.913779E-23,  0.000000E+00,  0.000000E+00
  1.884326E+06,  8.761344E-19,  7.885210E-23,  0.000000E+00,  0.000000E+00
  1.886215E+06,  8.721664E-19,  7.849498E-23,  0.000000E+00,  0.000000E+00
  1.888106E+06,  8.689920E-19,  7.820928E-23,  0.000000E+00,  0.000000E+00
  1.889999E+06,  8.650240E-19,  7.785216E-23,  0.000000E+00,  0.000000E+00
  1.891894E+06,  8.618496E-19,  7.756647E-23,  0.000000E+00,  0.000000E+00
  1.893791E+06,  8.586752E-19,  7.728077E-23,  0.000000E+00,  0.000000E+00
  1.895689E+06,  8.547072E-19,  7.692365E-23,  0.000000E+00,  0.000000E+00
  1.897590E+06,  8.515328E-19,  7.663795E-23,  0.000000E+00,  0.000000E+00
  1.899492E+06,  8.483584E-19,  7.635226E-23,  0.000000E+00,  0.000000E+00
  1.901396E+06,  8.443904E-19,  7.599514E-23,  0.000000E+00,  0.000000E+00
  1.903302E+06,  8.412160E-19,  7.570944E-23,  0.000000E+00,  0.000000E+00
  1.905210E+06,  8.380416E-19,  7.542375E-23,  0.000000E+00,  0.000000E+00
  1.907120E+06,  8.340736E-19,  7.506663E-23,  0.000000E+00,  0.000000E+00
  1.909032E+06,  8.308992E-19,  7.478093E-23,  0.000000E+00,  0.000000E+00
  1.910946E+06,  8.277248E-19,  7.449523E-23,  0.000000E+00,  0.000000E+00
  1.912862E+06,  8.245504E-19,  7.420954E-23,  0.000000E+00,  0.000000E+00
  1.914779E+06,  8.213760E-19,  7.392384E-23,  0.000000E+00,  0.000000E+00
  1.916699E+06,  8.174080E-19,  7.356672E-23,  0.000000E+00,  0.000000E+00
  1.918620E+06,  8.142336E-19,  7.328103E-23,  0.000000E+00,  0.000000E+00
  1.920544E+06,  8.110592E-19,  7.299533E-23,  0.000000E+00,  0.000000E+00
  1.922469E+06,  8.078848E-19,  7.270963E-23,  0.000000E+00,  0.000000E+00
  1.924396E+06,  8.047104E-19,  7.242394E-23,  0.000000E+00,  0.000000E+00
  1.926326E+06,  8.015360E-19,  7.213824E-23,  0.000000E+00,  0.000000E+00
  1.928257E+06,  7.983616E-19,  7.185255E-23,  0.000000E+00,  0.000000E+00
  1.930190E+06,  7.951872E-19,  7.156685E-23,  0.000000E+00,  0.000000E+00
  1.932125E+06,  7.915366E-19,  7.123830E-23,  0.000000E+00,  0.000000E+00
  1.934062E+06,  7.883622E-19,  7.095260E-23,  0.000000E+00,  0.000000E+00
  1.936001E+06,  7.851085E-19,  7.065976E-23,  0.000000E+00,  0.000000E+00
  1.937942E+06,  7.819341E-19,  7.037407E-23,  0.000000E+00,  0.000000E+00
  1.939884E+06,  7.787597E-19,  7.008837E-23,  0.000000E+00,  0.000000E+00
  1.941829E+06,  7.755059E-19,  6.979553E-23,  0.000000E+00,  0.000000E+00
  1.943776E+06,  7.723315E-19,  6.950984E-23,  0.000000E+00,  0.000000E+00
  1.945724E+06,  7.690777E-19,  6.921700E-23,  0.000000E+00,  0.000000E+00
  1.947675E+06,  7.658240E-19,  6.892416E-23,  0.000000E+00,  0.000000E+00
  1.949628E+06,  7.624909E-19,  6.862418E-23,  0.000000E+00,  0.000000E+00
  1.951582E+06,  7.590784E-19,  6.831705E-23,  0.000000E+00,  0.000000E+00
  1.953539E+06,  7.555072E-19,  6.799565E-23,  0.000000E+00,  0.000000E+00
  1.955497E+06,  7.520153E-19,  6.768138E-23,  0.000000E+00,  0.000000E+00
  1.957457E+06,  7.491584E-19,  6.742426E-23,  0.000000E+00,  0.000000E+00
  1.959420E+06,  7.466982E-19,  6.720284E-23,  0.000000E+00,  0.000000E+00
  1.961384E+06,  7.440000E-19,  6.696000E-23,  0.000000E+00,  0.000000E+00
  1.963350E+06,  7.412224E-19,  6.671002E-23,  0.000000E+00,  0.000000E+00
  1.965319E+06,  7.383655E-19,  6.645289E-23,  0.000000E+00,  0.000000E+00
  1.967289E+06,  7.355085E-19,  6.619577E-23,  0.000000E+00,  0.000000E+00
  1.969261E+06,  7.325721E-19,  6.593149E-23,  0.000000E+00,  0.000000E+00
  1.971235E+06,  7.295564E-19,  6.566008E-23,  0.000000E+00,  0.000000E+00
  1.973211E+06,  7.266202E-19,  6.539582E-23,  0.000000E+00,  0.000000E+00
  1.975190E+06,  7.236045E-19,  6.512440E-23,  0.000000E+00,  0.000000E+00
  1.977170E+06,  7.205888E-19,  6.485299E-23,  0.000000E+00,  0.000000E+00
  1.979152E+06,  7.175731E-19,  6.458158E-23,  0.000000E+00,  0.000000E+00
  1.981136E+06,  7.147955E-19,  6.433160E-23,  0.000000E+00,  0.000000E+00
  1.983122E+06,  7.120179E-19,  6.408161E-23,  0.000000E+00,  0.000000E+00
  1.985110E+06,  7.092403E-19,  6.383163E-23,  0.000000E+00,  0.000000E+00
  1.987100E+06,  7.064627E-19,  6.358164E-23,  0.000000E+00,  0.000000E+00
  1.989092E+06,  7.036851E-19,  6.333166E-23,  0.000000E+00,  0.000000E+00
  1.991086E+06,  7.009075E-19,  6.308168E-23,  0.000000E+00,  0.000000E+00
  1.993082E+06,  6.981299E-19,  6.283169E-23,  0.000000E+00,  0.000000E+00
  1.995080E+06,  6.953523E-19,  6.258171E-23,  0.000000E+00,  0.000000E+00
  1.997080E+06,  6.924160E-19,  6.231744E-23,  0.000000E+00,  0.000000E+00
  1.999083E+06,  6.893209E-19,  6.203888E-23,  0.000000E+00,  0.000000E+00
  2.001087E+06,  6.866227E-19,  6.179604E-23,  0.000000E+00,  0.000000E+00
  2.003093E+06,  6.842419E-19,  6.158177E-23,  0.000000E+00,  0.000000E+00
  2.005101E+06,  6.815437E-19,  6.133893E-23,  0.000000E+00,  0.000000E+00
  2.007111E+06,  6.788454E-19,  6.109609E-23,  0.000000E+00,  0.000000E+00
  2.009123E+06,  6.760678E-19,  6.084611E-23,  0.000000E+00,  0.000000E+00
  2.011137E+06,  6.733696E-19,  6.060326E-23,  0.000000E+00,  0.000000E+00
  2.013153E+06,  6.706714E-19,  6.036042E-23,  0.000000E+00,  0.000000E+00
  2.015172E+06,  6.678937E-19,  6.011044E-23,  0.000000E+00,  0.000000E+00
  2.017192E+06,  6.651955E-19,  5.986760E-23,  0.000000E+00,  0.000000E+00
  2.019214E+06,  6.624973E-19,  5.962476E-23,  0.000000E+00,  0.000000E+00
  2.021238E+06,  6.598784E-19,  5.938905E-23,  0.000000E+00,  0.000000E+00
  2.023265E+06,  6.571802E-19,  5.914622E-23,  0.000000E+00,  0.000000E+00
  2.025293E+06,  6.544819E-19,  5.890337E-23,  0.000000E+00,  0.000000E+00
  2.027323E+06,  6.517837E-19,  5.866053E-23,  0.000000E+00,  0.000000E+00
  2.029356E+06,  6.491648E-19,  5.842483E-23,  0.000000E+00,  0.000000E+00
  2.031390E+06,  6.463872E-19,  5.817485E-23,  0.000000E+00,  0.000000E+00
  2.033427E+06,  6.436096E-19,  5.792486E-23,  0.000000E+00,  0.000000E+00
  2.035465E+06,  6.406733E-19,  5.766059E-23,  0.000000E+00,  0.000000E+00
  2.037506E+06,  6.371814E-19,  5.734633E-23,  0.000000E+00,  0.000000E+00
  2.039548E+06,  6.322611E-19,  5.690350E-23,  0.000000E+00,  0.000000E+00
  2.041593E+06,  6.238490E-19,  5.614641E-23,  0.000000E+00,  0.000000E+00
  2.043640E+06,  6.153574E-19,  5.538217E-23,  0.000000E+00,  0.000000E+00
  2.045688E+06,  6.166272E-19,  5.549645E-23,  0.000000E+00,  0.000000E+00
  2.047739E+06,  6.209126E-19,  5.588214E-23,  0.000000E+00,  0.000000E+00
  2.049792E+06,  6.215475E-19,  5.593928E-23,  0.000000E+00,  0.000000E+00
  2.051847E+06,  6.201191E-19,  5.581072E-23,  0.000000E+00,  0.000000E+00
  2.053904E+06,  6.180557E-19,  5.562501E-23,  0.000000E+00,  0.000000E+00
  2.055963E+06,  6.157542E-19,  5.541788E-23,  0.000000E+00,  0.000000E+00
  2.058024E+06,  6.133734E-19,  5.520361E-23,  0.000000E+00,  0.000000E+00
  2.060087E+06,  6.109133E-19,  5.498219E-23,  0.000000E+00,  0.000000E+00
  2.062152E+06,  6.085325E-19,  5.476793E-23,  0.000000E+00,  0.000000E+00
  2.064220E+06,  6.060723E-19,  5.454651E-23,  0.000000E+00,  0.000000E+00
  2.066289E+06,  6.036121E-19,  5.432509E-23,  0.000000E+00,  0.000000E+00
  2.068361E+06,  6.011520E-19,  5.410368E-23,  0.000000E+00,  0.000000E+00
  2.070434E+06,  5.987712E-19,  5.388941E-23,  0.000000E+00,  0.000000E+00
  2.072510E+06,  5.963110E-19,  5.366799E-23,  0.000000E+00,  0.000000E+00
  2.074587E+06,  5.939303E-19,  5.345372E-23,  0.000000E+00,  0.000000E+00
  2.076667E+06,  5.915494E-19,  5.323945E-23,  0.000000E+00,  0.000000E+00
  2.078749E+06,  5.890893E-19,  5.301804E-23,  0.000000E+00,  0.000000E+00
  2.080833E+06,  5.867085E-19,  5.280376E-23,  0.000000E+00,  0.000000E+00
  2.082919E+06,  5.843277E-19,  5.258949E-23,  0.000000E+00,  0.000000E+00
  2.085007E+06,  5.818675E-19,  5.236808E-23,  0.000000E+00,  0.000000E+00
  2.087097E+06,  5.794867E-19,  5.215380E-23,  0.000000E+00,  0.000000E+00
  2.089190E+06,  5.770266E-19,  5.193239E-23,  0.000000E+00,  0.000000E+00
  2.091284E+06,  5.745664E-19,  5.171098E-23,  0.000000E+00,  0.000000E+00
  2.093381E+06,  5.719475E-19,  5.147528E-23,  0.000000E+00,  0.000000E+00
  2.095479E+06,  5.690905E-19,  5.121815E-23,  0.000000E+00,  0.000000E+00
  2.097580E+06,  5.657574E-19,  5.091817E-23,  0.000000E+00,  0.000000E+00
  2.099683E+06,  5.617101E-19,  5.055391E-23,  0.000000E+00,  0.000000E+00
  2.101788E+06,  5.587737E-19,  5.028964E-23,  0.000000E+00,  0.000000E+00
  2.103895E+06,  5.580595E-19,  5.022536E-23,  0.000000E+00,  0.000000E+00
  2.106004E+06,  5.572659E-19,  5.015393E-23,  0.000000E+00,  0.000000E+00
  2.108115E+06,  5.557581E-19,  5.001823E-23,  0.000000E+00,  0.000000E+00
  2.110229E+06,  5.538534E-19,  4.984681E-23,  0.000000E+00,  0.000000E+00
  2.112344E+06,  5.518694E-19,  4.966825E-23,  0.000000E+00,  0.000000E+00
  2.114462E+06,  5.497267E-19,  4.947540E-23,  0.000000E+00,  0.000000E+00
  2.116582E+06,  5.475840E-19,  4.928256E-23,  0.000000E+00,  0.000000E+00
  2.118703E+06,  5.454413E-19,  4.908972E-23,  0.000000E+00,  0.000000E+00
  2.120827E+06,  5.432985E-19,  4.889687E-23,  0.000000E+00,  0.000000E+00
  2.122954E+06,  5.410765E-19,  4.869688E-23,  0.000000E+00,  0.000000E+00
  2.125082E+06,  5.389338E-19,  4.850404E-23,  0.000000E+00,  0.000000E+00
  2.127212E+06,  5.367910E-19,  4.831120E-23,  0.000000E+00,  0.000000E+00
  2.129345E+06,  5.346483E-19,  4.811835E-23,  0.000000E+00,  0.000000E+00
  2.131479E+06,  5.324262E-19,  4.791836E-23,  0.000000E+00,  0.000000E+00
  2.133616E+06,  5.302835E-19,  4.772552E-23,  0.000000E+00,  0.000000E+00
  2.135755E+06,  5.281408E-19,  4.753267E-23,  0.000000E+00,  0.000000E+00
  2.137896E+06,  5.260774E-19,  4.734697E-23,  0.000000E+00,  0.000000E+00
  2.140039E+06,  5.239347E-19,  4.715412E-23,  0.000000E+00,  0.000000E+00
  2.142185E+06,  5.217920E-19,  4.696128E-23,  0.000000E+00,  0.000000E+00
  2.144332E+06,  5.197286E-19,  4.677558E-23,  0.000000E+00,  0.000000E+00
  2.146482E+06,  5.175859E-19,  4.658273E-23,  0.000000E+00,  0.000000E+00
  2.148634E+06,  5.155225E-19,  4.639703E-23,  0.000000E+00,  0.000000E+00
  2.150788E+06,  5.134592E-19,  4.621133E-23,  0.000000E+00,  0.000000E+00
  2.152944E+06,  5.113165E-19,  4.601848E-23,  0.000000E+00,  0.000000E+00
  2.155102E+06,  5.092531E-19,  4.583278E-23,  0.000000E+00,  0.000000E+00
  2.157263E+06,  5.071898E-19,  4.564708E-23,  0.000000E+00,  0.000000E+00
  2.159426E+06,  5.052057E-19,  4.546852E-23,  0.000000E+00,  0.000000E+00
  2.161590E+06,  5.031424E-19,  4.528282E-23,  0.000000E+00,  0.000000E+00
  2.163757E+06,  5.010790E-19,  4.509711E-23,  0.000000E+00,  0.000000E+00
  2.165927E+06,  4.990950E-19,  4.491855E-23,  0.000000E+00,  0.000000E+00
  2.168098E+06,  4.970317E-19,  4.473285E-23,  0.000000E+00,  0.000000E+00
  2.170271E+06,  4.950477E-19,  4.455429E-23,  0.000000E+00,  0.000000E+00
  2.172447E+06,  4.930637E-19,  4.437573E-23,  0.000000E+00,  0.000000E+00
  2.174625E+06,  4.910003E-19,  4.419003E-23,  0.000000E+00,  0.000000E+00
  2.176805E+06,  4.890163E-19,  4.401147E-23,  0.000000E+00,  0.000000E+00
  2.178987E+06,  4.870323E-19,  4.383291E-23,  0.000000E+00,  0.000000E+00
  2.181172E+06,  4.851277E-19,  4.366149E-23,  0.000000E+00,  0.000000E+00
  2.183358E+06,  4.831437E-19,  4.348293E-23,  0.000000E+00,  0.000000E+00
  2.185547E+06,  4.811597E-19,  4.330437E-23,  0.000000E+00,  0.000000E+00
  2.187738E+06,  4.791757E-19,  4.312581E-23,  0.000000E+00,  0.000000E+00
  2.189931E+06,  4.772710E-19,  4.295439E-23,  0.000000E+00,  0.000000E+00
  2.192127E+06,  4.752870E-19,  4.277583E-23,  0.000000E+00,  0.000000E+00
  2.194325E+06,  4.733824E-19,  4.260442E-23,  0.000000E+00,  0.000000E+00
  2.196524E+06,  4.713984E-19,  4.242586E-23,  0.000000E+00,  0.000000E+00
  2.198726E+06,  4.694938E-19,  4.225444E-23,  0.000000E+00,  0.000000E+00
  2.200931E+06,  4.675098E-19,  4.207588E-23,  0.000000E+00,  0.000000E+00
  2.203137E+06,  4.656051E-19,  4.190446E-23,  0.000000E+00,  0.000000E+00
  2.205346E+06,  4.636211E-19,  4.172590E-23,  0.000000E+00,  0.000000E+00
  2.207557E+06,  4.616371E-19,  4.154734E-23,  0.000000E+00,  0.000000E+00
  2.209770E+06,  4.596531E-19,  4.136878E-23,  0.000000E+00,  0.000000E+00
  2.211985E+06,  4.575897E-19,  4.118308E-23,  0.000000E+00,  0.000000E+00
  2.214202E+06,  4.554470E-19,  4.099023E-23,  0.000000E+00,  0.000000E+00
  2.216422E+06,  4.533043E-19,  4.079739E-23,  0.000000E+00,  0.000000E+00
  2.218644E+06,  4.513997E-19,  4.062597E-23,  0.000000E+00,  0.000000E+00
  2.220868E+06,  4.498125E-19,  4.048313E-23,  0.000000E+00,  0.000000E+00
  2.223095E+06,  4.483047E-19,  4.034742E-23,  0.000000E+00,  0.000000E+00
  2.225323E+06,  4.467174E-19,  4.020457E-23,  0.000000E+00,  0.000000E+00
  2.227554E+06,  4.451302E-19,  4.006172E-23,  0.000000E+00,  0.000000E+00
  2.229787E+06,  4.433843E-19,  3.990459E-23,  0.000000E+00,  0.000000E+00
  2.232023E+06,  4.417178E-19,  3.975460E-23,  0.000000E+00,  0.000000E+00
  2.234260E+06,  4.399718E-19,  3.959747E-23,  0.000000E+00,  0.000000E+00
  2.236500E+06,  4.382259E-19,  3.944033E-23,  0.000000E+00,  0.000000E+00
  2.238742E+06,  4.364800E-19,  3.928320E-23,  0.000000E+00,  0.000000E+00
  2.240987E+06,  4.347341E-19,  3.912607E-23,  0.000000E+00,  0.000000E+00
  2.243233E+06,  4.330675E-19,  3.897608E-23,  0.000000E+00,  0.000000E+00
  2.245482E+06,  4.313216E-19,  3.881894E-23,  0.000000E+00,  0.000000E+00
  2.247733E+06,  4.295757E-19,  3.866181E-23,  0.000000E+00,  0.000000E+00
  2.249987E+06,  4.278298E-19,  3.850468E-23,  0.000000E+00,  0.000000E+00
  2.252242E+06,  4.261632E-19,  3.835469E-23,  0.000000E+00,  0.000000E+00
  2.254500E+06,  4.244173E-19,  3.819755E-23,  0.000000E+00,  0.000000E+00
  2.256760E+06,  4.227507E-19,  3.804756E-23,  0.000000E+00,  0.000000E+00
  2.259023E+06,  4.210048E-19,  3.789043E-23,  0.000000E+00,  0.000000E+00
  2.261287E+06,  4.193382E-19,  3.774044E-23,  0.000000E+00,  0.000000E+00
  2.263554E+06,  4.175923E-19,  3.758331E-23,  0.000000E+00,  0.000000E+00
  2.265823E+06,  4.159257E-19,  3.743332E-23,  0.000000E+00,  0.000000E+00
  2.268095E+06,  4.142592E-19,  3.728333E-23,  0.000000E+00,  0.000000E+00
  2.270369E+06,  4.125926E-19,  3.713334E-23,  0.000000E+00,  0.000000E+00
  2.272645E+06,  4.109261E-19,  3.698335E-23,  0.000000E+00,  0.000000E+00
  2.274923E+06,  4.092595E-19,  3.683336E-23,  0.000000E+00,  0.000000E+00
  2.277204E+06,  4.075930E-19,  3.668337E-23,  0.000000E+00,  0.000000E+00
  2.279487E+06,  4.060058E-19,  3.654052E-23,  0.000000E+00,  0.000000E+00
  2.281772E+06,  4.043392E-19,  3.639053E-23,  0.000000E+00,  0.000000E+00
  2.284059E+06,  4.026726E-19,  3.624054E-23,  0.000000E+00,  0.000000E+00
  2.286349E+06,  4.010854E-19,  3.609769E-23,  0.000000E+00,  0.000000E+00
  2.288641E+06,  3.994189E-19,  3.594770E-23,  0.000000E+00,  0.000000E+00
  2.290935E+06,  3.978317E-19,  3.580485E-23,  0.000000E+00,  0.000000E+00
  2.293232E+06,  3.962445E-19,  3.566200E-23,  0.000000E+00,  0.000000E+00
  2.295531E+06,  3.946573E-19,  3.551916E-23,  0.000000E+00,  0.000000E+00
  2.297832E+06,  3.930701E-19,  3.537631E-23,  0.000000E+00,  0.000000E+00
  2.300136E+06,  3.914035E-19,  3.522632E-23,  0.000000E+00,  0.000000E+00
  2.302442E+06,  3.898957E-19,  3.509061E-23,  0.000000E+00,  0.000000E+00
  2.304750E+06,  3.883085E-19,  3.494777E-23,  0.000000E+00,  0.000000E+00
  2.307061E+06,  3.867213E-19,  3.480492E-23,  0.000000E+00,  0.000000E+00
  2.309373E+06,  3.851341E-19,  3.466207E-23,  0.000000E+00,  0.000000E+00
  2.311688E+06,  3.836262E-19,  3.452636E-23,  0.000000E+00,  0.000000E+00
  2.314006E+06,  3.820390E-19,  3.438351E-23,  0.000000E+00,  0.000000E+00
  2.316326E+06,  3.805312E-19,  3.424781E-23,  0.000000E+00,  0.000000E+00
  2.318648E+06,  3.789440E-19,  3.410496E-23,  0.000000E+00,  0.000000E+00
  2.320972E+06,  3.774362E-19,  3.396925E-23,  0.000000E+00,  0.000000E+00
  2.323299E+06,  3.759283E-19,  3.383355E-23,  0.000000E+00,  0.000000E+00
  2.325628E+06,  3.744205E-19,  3.369784E-23,  0.000000E+00,  0.000000E+00
  2.327960E+06,  3.729126E-19,  3.356214E-23,  0.000000E+00,  0.000000E+00
  2.330293E+06,  3.714048E-19,  3.342643E-23,  0.000000E+00,  0.000000E+00
  2.332630E+06,  3.698970E-19,  3.329073E-23,  0.000000E+00,  0.000000E+00
  2.334968E+06,  3.683891E-19,  3.315502E-23,  0.000000E+00,  0.000000E+00
  2.337309E+06,  3.668813E-19,  3.301932E-23,  0.000000E+00,  0.000000E+00
  2.339652E+06,  3.653734E-19,  3.288361E-23,  0.000000E+00,  0.000000E+00
  2.341997E+06,  3.639450E-19,  3.275505E-23,  0.000000E+00,  0.000000E+00
  2.344345E+06,  3.624371E-19,  3.261934E-23,  0.000000E+00,  0.000000E+00
  2.346696E+06,  3.610086E-19,  3.249078E-23,  0.000000E+00,  0.000000E+00
  2.349048E+06,  3.595008E-19,  3.235507E-23,  0.000000E+00,  0.000000E+00
  2.351403E+06,  3.580723E-19,  3.222651E-23,  0.000000E+00,  0.000000E+00
  2.353760E+06,  3.566438E-19,  3.209795E-23,  0.000000E+00,  0.000000E+00
  2.356120E+06,  3.552153E-19,  3.196938E-23,  0.000000E+00,  0.000000E+00
  2.358482E+06,  3.537075E-19,  3.183368E-23,  0.000000E+00,  0.000000E+00
  2.360846E+06,  3.522790E-19,  3.170511E-23,  0.000000E+00,  0.000000E+00
  2.363213E+06,  3.508505E-19,  3.157655E-23,  0.000000E+00,  0.000000E+00
  2.365582E+06,  3.495014E-19,  3.145513E-23,  0.000000E+00,  0.000000E+00
  2.367954E+06,  3.480730E-19,  3.132657E-23,  0.000000E+00,  0.000000E+00
  2.370328E+06,  3.466445E-19,  3.119800E-23,  0.000000E+00,  0.000000E+00
  2.372704E+06,  3.452160E-19,  3.106944E-23,  0.000000E+00,  0.000000E+00
  2.375083E+06,  3.438669E-19,  3.094802E-23,  0.000000E+00,  0.000000E+00
  2.377464E+06,  3.424384E-19,  3.081946E-23,  0.000000E+00,  0.000000E+00
  2.379847E+06,  3.410893E-19,  3.069803E-23,  0.000000E+00,  0.000000E+00
  2.382233E+06,  3.396608E-19,  3.056947E-23,  0.000000E+00,  0.000000E+00
  2.384621E+06,  3.383117E-19,  3.044805E-23,  0.000000E+00,  0.000000E+00
  2.387012E+06,  3.368832E-19,  3.031949E-23,  0.000000E+00,  0.000000E+00
  2.389405E+06,  3.355341E-19,  3.019807E-23,  0.000000E+00,  0.000000E+00
  2.391800E+06,  3.341850E-19,  3.007665E-23,  0.000000E+00,  0.000000E+00
  2.394198E+06,  3.328358E-19,  2.995523E-23,  0.000000E+00,  0.000000E+00
  2.396598E+06,  3.314073E-19,  2.982666E-23,  0.000000E+00,  0.000000E+00
  2.399000E+06,  3.300582E-19,  2.970524E-23,  0.000000E+00,  0.000000E+00
  2.401405E+06,  3.287091E-19,  2.958382E-23,  0.000000E+00,  0.000000E+00
  2.403813E+06,  3.272806E-19,  2.945526E-23,  0.000000E+00,  0.000000E+00
  2.406223E+06,  3.258522E-19,  2.932669E-23,  0.000000E+00,  0.000000E+00
  2.408635E+06,  3.243443E-19,  2.919099E-23,  0.000000E+00,  0.000000E+00
  2.411050E+06,  3.225984E-19,  2.903386E-23,  0.000000E+00,  0.000000E+00
  2.413467E+06,  3.206144E-19,  2.885530E-23,  0.000000E+00,  0.000000E+00
  2.415886E+06,  3.184717E-19,  2.866245E-23,  0.000000E+00,  0.000000E+00
  2.418308E+06,  3.173606E-19,  2.856246E-23,  0.000000E+00,  0.000000E+00
  2.420732E+06,  3.169638E-19,  2.852675E-23,  0.000000E+00,  0.000000E+00
  2.423159E+06,  3.161702E-19,  2.845532E-23,  0.000000E+00,  0.000000E+00
  2.425588E+06,  3.151386E-19,  2.836247E-23,  0.000000E+00,  0.000000E+00
  2.428020E+06,  3.138688E-19,  2.824819E-23,  0.000000E+00,  0.000000E+00
  2.430454E+06,  3.123609E-19,  2.811249E-23,  0.000000E+00,  0.000000E+00
  2.432891E+06,  3.102976E-19,  2.792678E-23,  0.000000E+00,  0.000000E+00
  2.435330E+06,  3.068058E-19,  2.761252E-23,  0.000000E+00,  0.000000E+00
  2.437771E+06,  3.022029E-19,  2.719826E-23,  0.000000E+00,  0.000000E+00
  2.440215E+06,  3.013299E-19,  2.711969E-23,  0.000000E+00,  0.000000E+00
  2.442661E+06,  3.035520E-19,  2.731968E-23,  0.000000E+00,  0.000000E+00
  2.445110E+06,  3.043456E-19,  2.739110E-23,  0.000000E+00,  0.000000E+00
  2.447561E+06,  3.038694E-19,  2.734825E-23,  0.000000E+00,  0.000000E+00
  2.450015E+06,  3.029171E-19,  2.726254E-23,  0.000000E+00,  0.000000E+00
  2.452471E+06,  3.018854E-19,  2.716969E-23,  0.000000E+00,  0.000000E+00
  2.454930E+06,  3.006950E-19,  2.706255E-23,  0.000000E+00,  0.000000E+00
  2.457391E+06,  2.995046E-19,  2.695542E-23,  0.000000E+00,  0.000000E+00
  2.459854E+06,  2.983142E-19,  2.684828E-23,  0.000000E+00,  0.000000E+00
  2.462320E+06,  2.971238E-19,  2.674115E-23,  0.000000E+00,  0.000000E+00
  2.464789E+06,  2.959334E-19,  2.663401E-23,  0.000000E+00,  0.000000E+00
  2.467260E+06,  2.947430E-19,  2.652687E-23,  0.000000E+00,  0.000000E+00
  2.469733E+06,  2.936320E-19,  2.642688E-23,  0.000000E+00,  0.000000E+00
  2.472209E+06,  2.924416E-19,  2.631974E-23,  0.000000E+00,  0.000000E+00
  2.474688E+06,  2.912512E-19,  2.621261E-23,  0.000000E+00,  0.000000E+00
  2.477168E+06,  2.900608E-19,  2.610547E-23,  0.000000E+00,  0.000000E+00
  2.479652E+06,  2.888704E-19,  2.599834E-23,  0.000000E+00,  0.000000E+00
  2.482138E+06,  2.877594E-19,  2.589834E-23,  0.000000E+00,  0.000000E+00
  2.484626E+06,  2.865690E-19,  2.579121E-23,  0.000000E+00,  0.000000E+00
  2.487117E+06,  2.853786E-19,  2.568407E-23,  0.000000E+00,  0.000000E+00
  2.489610E+06,  2.842675E-19,  2.558408E-23,  0.000000E+00,  0.000000E+00
  2.492106E+06,  2.830771E-19,  2.547694E-23,  0.000000E+00,  0.000000E+00
  2.494604E+06,  2.818867E-19,  2.536980E-23,  0.000000E+00,  0.000000E+00
  2.497105E+06,  2.802995E-19,  2.522696E-23,  0.000000E+00,  0.000000E+00
  2.499609E+06,  2.784742E-19,  2.506268E-23,  0.000000E+00,  0.000000E+00
  2.502114E+06,  2.775219E-19,  2.497697E-23,  0.000000E+00,  0.000000E+00
  2.504623E+06,  2.768870E-19,  2.491983E-23,  0.000000E+00,  0.000000E+00
  2.507134E+06,  2.759347E-19,  2.483412E-23,  0.000000E+00,  0.000000E+00
  2.509647E+06,  2.749824E-19,  2.474842E-23,  0.000000E+00,  0.000000E+00
  2.512163E+06,  2.738714E-19,  2.464842E-23,  0.000000E+00,  0.000000E+00
  2.514681E+06,  2.728397E-19,  2.455557E-23,  0.000000E+00,  0.000000E+00
  2.517202E+06,  2.717286E-19,  2.445558E-23,  0.000000E+00,  0.000000E+00
  2.519726E+06,  2.706969E-19,  2.436273E-23,  0.000000E+00,  0.000000E+00
  2.522252E+06,  2.695859E-19,  2.426273E-23,  0.000000E+00,  0.000000E+00
  2.524780E+06,  2.685542E-19,  2.416988E-23,  0.000000E+00,  0.000000E+00
  2.527312E+06,  2.674432E-19,  2.406989E-23,  0.000000E+00,  0.000000E+00
  2.529845E+06,  2.664115E-19,  2.397704E-23,  0.000000E+00,  0.000000E+00
  2.532381E+06,  2.653005E-19,  2.387704E-23,  0.000000E+00,  0.000000E+00
  2.534920E+06,  2.642688E-19,  2.378419E-23,  0.000000E+00,  0.000000E+00
  2.537461E+06,  2.631578E-19,  2.368420E-23,  0.000000E+00,  0.000000E+00
  2.540005E+06,  2.621261E-19,  2.359135E-23,  0.000000E+00,  0.000000E+00
  2.542552E+06,  2.610944E-19,  2.349850E-23,  0.000000E+00,  0.000000E+00
  2.545100E+06,  2.599834E-19,  2.339850E-23,  0.000000E+00,  0.000000E+00
  2.547652E+06,  2.589517E-19,  2.330565E-23,  0.000000E+00,  0.000000E+00
  2.550206E+06,  2.579200E-19,  2.321280E-23,  0.000000E+00,  0.000000E+00
  2.552763E+06,  2.568883E-19,  2.311995E-23,  0.000000E+00,  0.000000E+00
  2.555322E+06,  2.558566E-19,  2.302710E-23,  0.000000E+00,  0.000000E+00
  2.557883E+06,  2.548250E-19,  2.293425E-23,  0.000000E+00,  0.000000E+00
  2.560448E+06,  2.537933E-19,  2.284140E-23,  0.000000E+00,  0.000000E+00
  2.563014E+06,  2.527616E-19,  2.274854E-23,  0.000000E+00,  0.000000E+00
  2.565584E+06,  2.517299E-19,  2.265569E-23,  0.000000E+00,  0.000000E+00
  2.568156E+06,  2.506982E-19,  2.256284E-23,  0.000000E+00,  0.000000E+00
  2.570731E+06,  2.496666E-19,  2.246999E-23,  0.000000E+00,  0.000000E+00
  2.573308E+06,  2.487142E-19,  2.238428E-23,  0.000000E+00,  0.000000E+00
  2.575887E+06,  2.476826E-19,  2.229143E-23,  0.000000E+00,  0.000000E+00
  2.578470E+06,  2.466509E-19,  2.219858E-23,  0.000000E+00,  0.000000E+00
  2.581055E+06,  2.456986E-19,  2.211287E-23,  0.000000E+00,  0.000000E+00
  2.583642E+06,  2.446669E-19,  2.202002E-23,  0.000000E+00,  0.000000E+00
  2.586232E+06,  2.437146E-19,  2.193431E-23,  0.000000E+00,  0.000000E+00
  2.588825E+06,  2.427622E-19,  2.184860E-23,  0.000000E+00,  0.000000E+00
  2.591420E+06,  2.417306E-19,  2.175575E-23,  0.000000E+00,  0.000000E+00
  2.594018E+06,  2.407782E-19,  2.167004E-23,  0.000000E+00,  0.000000E+00
  2.596619E+06,  2.398259E-19,  2.158433E-23,  0.000000E+00,  0.000000E+00
  2.599222E+06,  2.387942E-19,  2.149148E-23,  0.000000E+00,  0.000000E+00
  2.601828E+06,  2.378419E-19,  2.140577E-23,  0.000000E+00,  0.000000E+00
  2.604436E+06,  2.368896E-19,  2.132006E-23,  0.000000E+00,  0.000000E+00
  2.607047E+06,  2.359373E-19,  2.123435E-23,  0.000000E+00,  0.000000E+00
  2.609660E+06,  2.349849E-19,  2.114865E-23,  0.000000E+00,  0.000000E+00
  2.612277E+06,  2.340326E-19,  2.106294E-23,  0.000000E+00,  0.000000E+00
  2.614895E+06,  2.330803E-19,  2.097723E-23,  0.000000E+00,  0.000000E+00
  2.617517E+06,  2.321280E-19,  2.089152E-23,  0.000000E+00,  0.000000E+00
  2.620141E+06,  2.311757E-19,  2.080581E-23,  0.000000E+00,  0.000000E+00
  2.622768E+06,  2.303027E-19,  2.072725E-23,  0.000000E+00,  0.000000E+00
  2.625397E+06,  2.293504E-19,  2.064154E-23,  0.000000E+00,  0.000000E+00
  2.628029E+06,  2.283981E-19,  2.055583E-23,  0.000000E+00,  0.000000E+00
  2.630663E+06,  2.275251E-19,  2.047726E-23,  0.000000E+00,  0.000000E+00
  2.633301E+06,  2.265728E-19,  2.039155E-23,  0.000000E+00,  0.000000E+00
  2.635941E+06,  2.256205E-19,  2.030584E-23,  0.000000E+00,  0.000000E+00
  2.638583E+06,  2.247475E-19,  2.022728E-23,  0.000000E+00,  0.000000E+00
  2.641228E+06,  2.238746E-19,  2.014871E-23,  0.000000E+00,  0.000000E+00
  2.643876E+06,  2.229222E-19,  2.006300E-23,  0.000000E+00,  0.000000E+00
  2.646527E+06,  2.220493E-19,  1.998443E-23,  0.000000E+00,  0.000000E+00
  2.649180E+06,  2.210969E-19,  1.989873E-23,  0.000000E+00,  0.000000E+00
  2.651836E+06,  2.202240E-19,  1.982016E-23,  0.000000E+00,  0.000000E+00
  2.654494E+06,  2.193510E-19,  1.974159E-23,  0.000000E+00,  0.000000E+00
  2.657155E+06,  2.184781E-19,  1.966303E-23,  0.000000E+00,  0.000000E+00
  2.659819E+06,  2.176051E-19,  1.958446E-23,  0.000000E+00,  0.000000E+00
  2.662485E+06,  2.167321E-19,  1.950589E-23,  0.000000E+00,  0.000000E+00
  2.665155E+06,  2.158592E-19,  1.942733E-23,  0.000000E+00,  0.000000E+00
  2.667826E+06,  2.149862E-19,  1.934876E-23,  0.000000E+00,  0.000000E+00
  2.670501E+06,  2.141133E-19,  1.927019E-23,  0.000000E+00,  0.000000E+00
  2.673178E+06,  2.132403E-19,  1.919163E-23,  0.000000E+00,  0.000000E+00
  2.675858E+06,  2.123674E-19,  1.911306E-23,  0.000000E+00,  0.000000E+00
  2.678541E+06,  2.114944E-19,  1.903450E-23,  0.000000E+00,  0.000000E+00
  2.681226E+06,  2.106214E-19,  1.895593E-23,  0.000000E+00,  0.000000E+00
  2.683914E+06,  2.097485E-19,  1.887736E-23,  0.000000E+00,  0.000000E+00
  2.686604E+06,  2.089549E-19,  1.880594E-23,  0.000000E+00,  0.000000E+00
  2.689298E+06,  2.080819E-19,  1.872737E-23,  0.000000E+00,  0.000000E+00
  2.691994E+06,  2.072883E-19,  1.865595E-23,  0.000000E+00,  0.000000E+00
  2.694692E+06,  2.064154E-19,  1.857738E-23,  0.000000E+00,  0.000000E+00
  2.697394E+06,  2.055424E-19,  1.849882E-23,  0.000000E+00,  0.000000E+00
  2.700098E+06,  2.047488E-19,  1.842739E-23,  0.000000E+00,  0.000000E+00
  2.702805E+06,  2.039552E-19,  1.835597E-23,  0.000000E+00,  0.000000E+00
  2.705514E+06,  2.030822E-19,  1.827740E-23,  0.000000E+00,  0.000000E+00
  2.708227E+06,  2.022886E-19,  1.820598E-23,  0.000000E+00,  0.000000E+00
  2.710942E+06,  2.014157E-19,  1.812741E-23,  0.000000E+00,  0.000000E+00
  2.713659E+06,  2.006221E-19,  1.805599E-23,  0.000000E+00,  0.000000E+00
  2.716380E+06,  1.998285E-19,  1.798456E-23,  0.000000E+00,  0.000000E+00
  2.719103E+06,  1.990349E-19,  1.791314E-23,  0.000000E+00,  0.000000E+00
  2.721829E+06,  1.982413E-19,  1.784172E-23,  0.000000E+00,  0.000000E+00
  2.724558E+06,  1.973683E-19,  1.776315E-23,  0.000000E+00,  0.000000E+00
  2.727289E+06,  1.965747E-19,  1.769173E-23,  0.000000E+00,  0.000000E+00
  2.730023E+06,  1.957811E-19,  1.762030E-23,  0.000000E+00,  0.000000E+00
  2.732760E+06,  1.949875E-19,  1.754888E-23,  0.000000E+00,  0.000000E+00
  2.735499E+06,  1.941939E-19,  1.747745E-23,  0.000000E+00,  0.000000E+00
  2.738242E+06,  1.934003E-19,  1.740603E-23,  0.000000E+00,  0.000000E+00
  2.740987E+06,  1.926067E-19,  1.733461E-23,  0.000000E+00,  0.000000E+00
  2.743735E+06,  1.918131E-19,  1.726318E-23,  0.000000E+00,  0.000000E+00
  2.746485E+06,  1.910195E-19,  1.719176E-23,  0.000000E+00,  0.000000E+00
  2.749239E+06,  1.902259E-19,  1.712033E-23,  0.000000E+00,  0.000000E+00
  2.751995E+06,  1.893530E-19,  1.704177E-23,  0.000000E+00,  0.000000E+00
  2.754754E+06,  1.884800E-19,  1.696320E-23,  0.000000E+00,  0.000000E+00
  2.757515E+06,  1.874483E-19,  1.687035E-23,  0.000000E+00,  0.000000E+00
  2.760280E+06,  1.862579E-19,  1.676321E-23,  0.000000E+00,  0.000000E+00
  2.763047E+06,  1.853850E-19,  1.668465E-23,  0.000000E+00,  0.000000E+00
  2.765817E+06,  1.849088E-19,  1.664179E-23,  0.000000E+00,  0.000000E+00
  2.768590E+06,  1.845120E-19,  1.660608E-23,  0.000000E+00,  0.000000E+00
  2.771365E+06,  1.839565E-19,  1.655608E-23,  0.000000E+00,  0.000000E+00
  2.774143E+06,  1.833216E-19,  1.649894E-23,  0.000000E+00,  0.000000E+00
  2.776925E+06,  1.826074E-19,  1.643466E-23,  0.000000E+00,  0.000000E+00
  2.779708E+06,  1.819725E-19,  1.637752E-23,  0.000000E+00,  0.000000E+00
  2.782495E+06,  1.811789E-19,  1.630610E-23,  0.000000E+00,  0.000000E+00
  2.785284E+06,  1.804646E-19,  1.624182E-23,  0.000000E+00,  0.000000E+00
  2.788077E+06,  1.797504E-19,  1.617754E-23,  0.000000E+00,  0.000000E+00
  2.790872E+06,  1.790362E-19,  1.611325E-23,  0.000000E+00,  0.000000E+00
  2.793670E+06,  1.783219E-19,  1.604897E-23,  0.000000E+00,  0.000000E+00
  2.796470E+06,  1.775283E-19,  1.597755E-23,  0.000000E+00,  0.000000E+00
  2.799274E+06,  1.768141E-19,  1.591327E-23,  0.000000E+00,  0.000000E+00
  2.802080E+06,  1.760998E-19,  1.584899E-23,  0.000000E+00,  0.000000E+00
  2.804889E+06,  1.753062E-19,  1.577756E-23,  0.000000E+00,  0.000000E+00
  2.807701E+06,  1.745126E-19,  1.570614E-23,  0.000000E+00,  0.000000E+00
  2.810516E+06,  1.737984E-19,  1.564186E-23,  0.000000E+00,  0.000000E+00
  2.813333E+06,  1.731635E-19,  1.558472E-23,  0.000000E+00,  0.000000E+00
  2.816154E+06,  1.725286E-19,  1.552758E-23,  0.000000E+00,  0.000000E+00
  2.818977E+06,  1.718937E-19,  1.547044E-23,  0.000000E+00,  0.000000E+00
  2.821803E+06,  1.711795E-19,  1.540616E-23,  0.000000E+00,  0.000000E+00
  2.824632E+06,  1.705446E-19,  1.534902E-23,  0.000000E+00,  0.000000E+00
  2.827463E+06,  1.698304E-19,  1.528474E-23,  0.000000E+00,  0.000000E+00
  2.830298E+06,  1.691955E-19,  1.522760E-23,  0.000000E+00,  0.000000E+00
  2.833135E+06,  1.684813E-19,  1.516332E-23,  0.000000E+00,  0.000000E+00
  2.835976E+06,  1.678464E-19,  1.510618E-23,  0.000000E+00,  0.000000E+00
  2.838819E+06,  1.671322E-19,  1.504189E-23,  0.000000E+00,  0.000000E+00
  2.841665E+06,  1.664973E-19,  1.498476E-23,  0.000000E+00,  0.000000E+00
  2.844513E+06,  1.658624E-19,  1.492762E-23,  0.000000E+00,  0.000000E+00
  2.847365E+06,  1.651482E-19,  1.486333E-23,  0.000000E+00,  0.000000E+00
  2.850219E+06,  1.645133E-19,  1.480619E-23,  0.000000E+00,  0.000000E+00
  2.853077E+06,  1.637990E-19,  1.474191E-23,  0.000000E+00,  0.000000E+00
  2.855937E+06,  1.631641E-19,  1.468477E-23,  0.000000E+00,  0.000000E+00
  2.858800E+06,  1.624499E-19,  1.462049E-23,  0.000000E+00,  0.000000E+00
  2.861666E+06,  1.618150E-19,  1.456335E-23,  0.000000E+00,  0.000000E+00
  2.864535E+06,  1.611008E-19,  1.449907E-23,  0.000000E+00,  0.000000E+00
  2.867407E+06,  1.604659E-19,  1.444193E-23,  0.000000E+00,  0.000000E+00
  2.870281E+06,  1.596723E-19,  1.437051E-23,  0.000000E+00,  0.000000E+00
  2.873159E+06,  1.587994E-19,  1.429194E-23,  0.000000E+00,  0.000000E+00
  2.876039E+06,  1.576090E-19,  1.418481E-23,  0.000000E+00,  0.000000E+00
  2.878922E+06,  1.557043E-19,  1.401339E-23,  0.000000E+00,  0.000000E+00
  2.881808E+06,  1.538790E-19,  1.384911E-23,  0.000000E+00,  0.000000E+00
  2.884697E+06,  1.541965E-19,  1.387768E-23,  0.000000E+00,  0.000000E+00
  2.887589E+06,  1.549107E-19,  1.394196E-23,  0.000000E+00,  0.000000E+00
  2.890484E+06,  1.549901E-19,  1.394911E-23,  0.000000E+00,  0.000000E+00
  2.893382E+06,  1.545933E-19,  1.391340E-23,  0.000000E+00,  0.000000E+00
  2.896282E+06,  1.540377E-19,  1.386340E-23,  0.000000E+00,  0.000000E+00
  2.899186E+06,  1.534822E-19,  1.381340E-23,  0.000000E+00,  0.000000E+00
  2.902092E+06,  1.529267E-19,  1.376341E-23,  0.000000E+00,  0.000000E+00
  2.905002E+06,  1.522918E-19,  1.370626E-23,  0.000000E+00,  0.000000E+00
  2.907914E+06,  1.516570E-19,  1.364913E-23,  0.000000E+00,  0.000000E+00
  2.910829E+06,  1.511014E-19,  1.359913E-23,  0.000000E+00,  0.000000E+00
  2.913747E+06,  1.504666E-19,  1.354199E-23,  0.000000E+00,  0.000000E+00
  2.916668E+06,  1.498317E-19,  1.348485E-23,  0.000000E+00,  0.000000E+00
  2.919592E+06,  1.492762E-19,  1.343485E-23,  0.000000E+00,  0.000000E+00
  2.922519E+06,  1.486413E-19,  1.337772E-23,  0.000000E+00,  0.000000E+00
  2.925449E+06,  1.480858E-19,  1.332772E-23,  0.000000E+00,  0.000000E+00
  2.928382E+06,  1.474509E-19,  1.327058E-23,  0.000000E+00,  0.000000E+00
  2.931317E+06,  1.468954E-19,  1.322058E-23,  0.000000E+00,  0.000000E+00
  2.934256E+06,  1.462605E-19,  1.316344E-23,  0.000000E+00,  0.000000E+00
  2.937198E+06,  1.457050E-19,  1.311345E-23,  0.000000E+00,  0.000000E+00
  2.940142E+06,  1.450701E-19,  1.305631E-23,  0.000000E+00,  0.000000E+00
  2.943090E+06,  1.445145E-19,  1.300631E-23,  0.000000E+00,  0.000000E+00
  2.946040E+06,  1.439590E-19,  1.295631E-23,  0.000000E+00,  0.000000E+00
  2.948994E+06,  1.433242E-19,  1.289917E-23,  0.000000E+00,  0.000000E+00
  2.951950E+06,  1.427686E-19,  1.284918E-23,  0.000000E+00,  0.000000E+00
  2.954909E+06,  1.422131E-19,  1.279918E-23,  0.000000E+00,  0.000000E+00
  2.957872E+06,  1.415782E-19,  1.274204E-23,  0.000000E+00,  0.000000E+00
  2.960837E+06,  1.410227E-19,  1.269204E-23,  0.000000E+00,  0.000000E+00
  2.963805E+06,  1.404672E-19,  1.264205E-23,  0.000000E+00,  0.000000E+00
  2.966776E+06,  1.399117E-19,  1.259205E-23,  0.000000E+00,  0.000000E+00
  2.969751E+06,  1.393562E-19,  1.254205E-23,  0.000000E+00,  0.000000E+00
  2.972728E+06,  1.388006E-19,  1.249206E-23,  0.000000E+00,  0.000000E+00
  2.975708E+06,  1.382451E-19,  1.244206E-23,  0.000000E+00,  0.000000E+00
  2.978691E+06,  1.376896E-19,  1.239206E-23,  0.000000E+00,  0.000000E+00
  2.981677E+06,  1.371341E-19,  1.234207E-23,  0.000000E+00,  0.000000E+00
  2.984666E+06,  1.365786E-19,  1.229207E-23,  0.000000E+00,  0.000000E+00
  2.987658E+06,  1.360230E-19,  1.224207E-23,  0.000000E+00,  0.000000E+00
  2.990654E+06,  1.353881E-19,  1.218493E-23,  0.000000E+00,  0.000000E+00
  2.993652E+06,  1.338803E-19,  1.204923E-23,  0.000000E+00,  0.000000E+00
