 reading user weak rate file /home/njm/MESA/mesa/data/rates_data/rate_tables/S13_r_be7_wk_li7.h5
 version_number 6494df2
 read inlist_project
 Extras startup routine
 DEBUG: colors_handle =            1
 DEBUG: colors instrument = /colors/data/filters/GAIA/GAIA
 DEBUG: colors vega_sed = /colors/data/stellar_models/vega_flam.csv
 DEBUG: colors stellar_atm = /colors/data/stellar_models/Kurucz2003all/
 DEBUG: colors metallicity =    2.0000000000000000E-002
 DEBUG: colors distance =    3.0857000000000000E+017
 DEBUG: colors make_csv =  F
 DEBUG: colors use_colors =  T


 The terminal output contains the following information

      'step' is the number of steps since the start of the run,
      'lg_dt' is log10 timestep in years,
      'age_yr' is the simulated years since the start run,
      'lg_Tcntr' is log10 center temperature (K),
      'lg_Dcntr' is log10 center density (g/cm^3),
      'lg_Tmax' is log10 max temperature (K),
      'Teff' is the surface temperature (K),
      'lg_R' is log10 surface radius (Rsun),
      'lg_L' is log10 surface luminosity (Lsun),
      'lg_LH' is log10 total PP and CNO hydrogen burning power (Lsun),
      'lg_L3a' is log10 total triple-alpha helium burning power (Lsun),
      'lg_gsurf' is log10 surface gravity,
      'lg_Lnuc' is log10 nuclear power (Lsun),
      'lg_Lneu' is log10 total neutrino power (Lsun),
      'lg_Lphoto' is log10 total photodisintegration (Lsun),
      'Mass' is the total stellar baryonic mass (Msun),
      'lg_Mdot' is log10 magnitude of rate of change of mass (Msun/year),
      'lg_Dsurf' is log10 surface density (g/cm^3),
      'H_env' is the amount of mass where H is dominant,
      'He_core' is the largest mass where He is dominant.
      'CO_core' is the largest mass where CO is dominant.
      'H_cntr' is the center H1 mass fraction,
      'He_cntr' is the center He4 mass fraction,
      'C_cntr' is the center C12 mass fraction,
      'N_cntr' is the center N14 mass fraction,
      'O_cntr' is the center O16 mass fraction,
      'Ne_cntr' is the center Ne20 mass fraction,
      'gam_cntr' is the center plasma interaction parameter,
      'eta_cntr' is the center electron degeneracy parameter,
      'zones' is the number of zones in the current model,
      'iters' is the number of solver iterations for the current step,
      'retry' is the number of step retries required during the run,
      'dt_limit' is an indication of what limited the timestep.

 All this and more are saved in the LOGS directory during the run.
 create pre-main-sequence model
                                          species  mass           8    2.0000000000000000D+00

                                        relax_num_steps         100

 hydro_solver_step returned ierr          -1
 s% model_number           1
 nz        1573
 s% num_retries           0

 retry:  logRho > hydro_mtx_max_allowed_logRho           8       1
          1   5.479702   5668.334 -21.054921 -21.054921   2.000000   2.000000   0.755800   0.000071   0.242800  -9.239862   1573      1
-5.3010E+00   5.479702   1.740174 -99.000000 -22.452790 -99.000000   0.000000   0.242800   0.000657   0.001400   0.044492     15
 5.0000E-06  -3.829427   3.448864 -99.000000 -99.000000  -8.769672   0.000000   0.000241   0.000146   0.001400  0.000E+00         retry

          2   5.477866   5552.915 -21.055029 -21.055029   2.000000   2.000000   0.755800   0.000071   0.242800  -9.233638    837      1
-5.0000E+00   5.477674   1.739196 -99.000000 -22.452898 -99.000000   0.000000   0.242800   0.000657   0.001400   0.044688      3
 1.5000E-05  -3.829765   3.411170 -99.000000 -99.000000  -8.676529   0.000000   0.000241   0.000146   0.001400  0.000E+00  max increase

          3   5.477522   5458.180 -21.055352 -21.055352   2.000000   2.000000   0.755800   0.000071   0.242800  -9.231630    522      1
-5.0000E+00   5.477444   1.738484 -99.000000 -22.453220 -99.000000   0.000000   0.242800   0.000657   0.001400   0.044730      3
 2.5000E-05  -3.829237   3.379854 -99.000000 -99.000000  -8.603414   0.000000   0.000241   0.000146   0.001400  0.000E+00        max_dt

          4   5.477461   5388.060 -21.055352 -21.055352   2.000000   2.000000   0.755800   0.000071   0.242800  -9.230591    525      1
-5.0000E+00   5.477280   1.737952 -99.000000 -22.453220 -99.000000   0.000000   0.242800   0.000657   0.001400   0.044754      3
 3.5000E-05  -3.829033   3.356327 -99.000000 -99.000000  -8.548847   0.000000   0.000241   0.000146   0.001400  0.000E+00        max_dt

          5   5.477461   5334.152 -21.055352 -21.055352   2.000000   2.000000   0.755800   0.000071   0.242800  -9.229968    528      1
-5.0000E+00   5.477181   1.737531 -99.000000 -22.453220 -99.000000   0.000000   0.242800   0.000657   0.001400   0.044768      3
 4.5000E-05  -3.828910   3.338018 -99.000000 -99.000000  -8.506613   0.000000   0.000241   0.000146   0.001400  0.000E+00        max_dt

          6   5.477546   5290.870 -21.055786 -21.055786   2.000000   2.000000   0.755800   0.000071   0.242800  -9.229549    528      1
-5.0000E+00   5.477200   1.737184 -99.000000 -22.453654 -99.000000   0.000000   0.242800   0.000657   0.001400   0.044774      3
 5.5000E-05  -3.828700   3.323171 -99.000000 -99.000000  -8.472556   0.000000   0.000241   0.000146   0.001400  0.000E+00        max_dt

          7   5.477546   5254.988 -21.055787 -21.055787   2.000000   2.000000   0.755800   0.000071   0.242800  -9.229256    530      1
-5.0000E+00   5.477153   1.736892 -99.000000 -22.453655 -99.000000   0.000000   0.242800   0.000657   0.001400   0.044780      3
 6.5000E-05  -3.828643   3.310764 -99.000000 -99.000000  -8.444222   0.000000   0.000241   0.000146   0.001400  0.000E+00        max_dt

          8   5.477546   5224.523 -21.055788 -21.055788   2.000000   2.000000   0.755800   0.000071   0.242800  -9.229037    530      1
-5.0000E+00   5.477118   1.736638 -99.000000 -22.453656 -99.000000   0.000000   0.242800   0.000657   0.001400   0.044785      3
 7.5000E-05  -3.828601   3.300156 -99.000000 -99.000000  -8.420055   0.000000   0.000241   0.000146   0.001400  0.000E+00        max_dt

          9   5.477546   5197.788 -21.055789 -21.055789   2.000000   2.000000   0.755800   0.000071   0.242800  -9.228855    526      1
-5.0000E+00   5.477087   1.736411 -99.000000 -22.453657 -99.000000   0.000000   0.242800   0.000657   0.001400   0.044790      3
 8.5000E-05  -3.828568   3.290791 -99.000000 -99.000000  -8.398737   0.000000   0.000241   0.000146   0.001400  0.000E+00        max_dt


__________________________________________________________________________________________________________________________________________________

       step    lg_Tmax     Teff     lg_LH      lg_Lnuc_tot     Mass       H_rich     H_cntr     N_cntr     Y_surf   eta_cntr   zones  retry
  lg_dt_yrs    lg_Tcntr    lg_R     lg_L3a     lg_Lneu     lg_Mdot    He_core    He_cntr    O_cntr     Z_surf   gam_cntr   iters  
    age_yrs    lg_Dcntr    lg_L     lg_LZ      lg_Lphoto   lg_Dsurf   CO_core    C_cntr     Ne_cntr    Z_cntr   v_div_cs       dt_limit
__________________________________________________________________________________________________________________________________________________

         10   5.477547   5173.852 -21.055790 -21.055790   2.000000   2.000000   0.755800   0.000071   0.242800  -9.228715    526      1
-5.0000E+00   5.477063   1.736206 -99.000000 -22.453658 -99.000000   0.000000   0.242800   0.000657   0.001400   0.044793      3
 9.5000E-05  -3.828543   3.282362 -99.000000 -99.000000  -8.379548   0.000000   0.000241   0.000146   0.001400  0.000E+00        max_dt

         11   5.477547   5152.599 -21.055791 -21.055791   2.000000   2.000000   0.755800   0.000071   0.242800  -9.228609    525      1
-5.0000E+00   5.477045   1.736020 -99.000000 -22.453659 -99.000000   0.000000   0.242800   0.000657   0.001400   0.044796      3
 1.0500E-04  -3.828524   3.274839 -99.000000 -99.000000  -8.362417   0.000000   0.000241   0.000146   0.001400  0.000E+00        max_dt

         12   5.477547   5133.572 -21.055792 -21.055792   2.000000   2.000000   0.755800   0.000071   0.242800  -9.228526    525      1
-5.0000E+00   5.477031   1.735851 -99.000000 -22.453660 -99.000000   0.000000   0.242800   0.000657   0.001400   0.044798      3
 1.1500E-04  -3.828509   3.268074 -99.000000 -99.000000  -8.346999   0.000000   0.000241   0.000146   0.001400  0.000E+00        max_dt

         13   5.477547   5116.120 -21.055792 -21.055792   2.000000   2.000000   0.755800   0.000071   0.242800  -9.228461    522      1
-5.0000E+00   5.477020   1.735694 -99.000000 -22.453661 -99.000000   0.000000   0.242800   0.000657   0.001400   0.044799      3
 1.2500E-04  -3.828498   3.261844 -99.000000 -99.000000  -8.332787   0.000000   0.000241   0.000146   0.001400  0.000E+00        max_dt

         14   5.477547   5100.100 -21.055793 -21.055793   2.000000   2.000000   0.755800   0.000071   0.242800  -9.228409    522      1
-5.0000E+00   5.477011   1.735548 -99.000000 -22.453661 -99.000000   0.000000   0.242800   0.000657   0.001400   0.044800      3
 1.3500E-04  -3.828488   3.256104 -99.000000 -99.000000  -8.319681   0.000000   0.000241   0.000146   0.001400  0.000E+00        max_dt

         15   5.477548   5085.388 -21.055794 -21.055794   2.000000   2.000000   0.755800   0.000071   0.242800  -9.228367    527      1
-5.0000E+00   5.477004   1.735411 -99.000000 -22.453662 -99.000000   0.000000   0.242800   0.000657   0.001400   0.044801      3
 1.4500E-04  -3.828480   3.250813 -99.000000 -99.000000  -8.307591   0.000000   0.000241   0.000146   0.001400  0.000E+00        max_dt

         16   5.477548   5071.684 -21.055795 -21.055795   2.000000   2.000000   0.755800   0.000071   0.242800  -9.228332    525      1
-5.0000E+00   5.476998   1.735283 -99.000000 -22.453663 -99.000000   0.000000   0.242800   0.000657   0.001400   0.044802      3
 1.5500E-04  -3.828474   3.245869 -99.000000 -99.000000  -8.296283   0.000000   0.000241   0.000146   0.001400  0.000E+00        max_dt

         17   5.477548   5058.791 -21.055795 -21.055795   2.000000   2.000000   0.755800   0.000071   0.242800  -9.228303    524      1
-5.0000E+00   5.476993   1.735162 -99.000000 -22.453663 -99.000000   0.000000   0.242800   0.000657   0.001400   0.044803      3
 1.6500E-04  -3.828469   3.241204 -99.000000 -99.000000  -8.285605   0.000000   0.000241   0.000146   0.001400  0.000E+00        max_dt

         18   5.477548   5046.747 -21.055796 -21.055796   2.000000   2.000000   0.755800   0.000071   0.242800  -9.228278    523      1
-5.0000E+00   5.476989   1.735047 -99.000000 -22.453664 -99.000000   0.000000   0.242800   0.000657   0.001400   0.044803      3
 1.7500E-04  -3.828464   3.236834 -99.000000 -99.000000  -8.275593   0.000000   0.000241   0.000146   0.001400  0.000E+00        max_dt

         19   5.477548   5035.418 -21.055797 -21.055797   2.000000   2.000000   0.755800   0.000071   0.242800  -9.228258    520      1
-5.0000E+00   5.476986   1.734938 -99.000000 -22.453665 -99.000000   0.000000   0.242800   0.000657   0.001400   0.044804      3
 1.8500E-04  -3.828460   3.232712 -99.000000 -99.000000  -8.266144   0.000000   0.000241   0.000146   0.001400  0.000E+00        max_dt


__________________________________________________________________________________________________________________________________________________

       step    lg_Tmax     Teff     lg_LH      lg_Lnuc_tot     Mass       H_rich     H_cntr     N_cntr     Y_surf   eta_cntr   zones  retry
  lg_dt_yrs    lg_Tcntr    lg_R     lg_L3a     lg_Lneu     lg_Mdot    He_core    He_cntr    O_cntr     Z_surf   gam_cntr   iters  
    age_yrs    lg_Dcntr    lg_L     lg_LZ      lg_Lphoto   lg_Dsurf   CO_core    C_cntr     Ne_cntr    Z_cntr   v_div_cs       dt_limit
__________________________________________________________________________________________________________________________________________________

         20   5.477548   5024.909 -21.055797 -21.055797   2.000000   2.000000   0.755800   0.000071   0.242800  -9.228240    525      1
-5.0000E+00   5.476983   1.734835 -99.000000 -22.453665 -99.000000   0.000000   0.242800   0.000657   0.001400   0.044804      3
 1.9500E-04  -3.828457   3.228877 -99.000000 -99.000000  -8.257350   0.000000   0.000241   0.000146   0.001400  0.000E+00        max_dt

         21   5.477548   5014.899 -21.055798 -21.055798   2.000000   2.000000   0.755800   0.000071   0.242800  -9.228225    523      1
-5.0000E+00   5.476980   1.734737 -99.000000 -22.453666 -99.000000   0.000000   0.242800   0.000657   0.001400   0.044805      3
 2.0500E-04  -3.828454   3.225217 -36.424629 -99.000000  -8.248949   0.000000   0.000241   0.000146   0.001400  0.000E+00        max_dt

         22   5.477549   5005.405 -21.055798 -21.055798   2.000000   2.000000   0.755800   0.000071   0.242800  -9.228212    522      1
-5.0000E+00   5.476978   1.734643 -99.000000 -22.453666 -99.000000   0.000000   0.242800   0.000657   0.001400   0.044805      3
 2.1500E-04  -3.828452   3.221737 -99.000000 -99.000000  -8.240958   0.000000   0.000241   0.000146   0.001400  0.000E+00        max_dt

         23   5.477549   4996.309 -21.055799 -21.055799   2.000000   2.000000   0.755800   0.000071   0.242800  -9.228200    523      1
-5.0000E+00   5.476976   1.734552 -99.000000 -22.453667 -99.000000   0.000000   0.242800   0.000657   0.001400   0.044805      3
 2.2500E-04  -3.828450   3.218396 -99.000000 -99.000000  -8.233283   0.000000   0.000241   0.000146   0.001400  0.000E+00        max_dt

         24   5.477549   4987.620 -21.055799 -21.055799   2.000000   2.000000   0.755800   0.000071   0.242800  -9.228190    520      1
-5.0000E+00   5.476975   1.734465 -99.000000 -22.453667 -99.000000   0.000000   0.242800   0.000657   0.001400   0.044806      3
 2.3500E-04  -3.828448   3.215198 -99.000000 -99.000000  -8.225936   0.000000   0.000241   0.000146   0.001400  0.000E+00        max_dt

         25   5.477549   4979.367 -21.055800 -21.055800   2.000000   2.000000   0.755800   0.000071   0.242800  -9.228181    521      1
-5.0000E+00   5.476973   1.734382 -99.000000 -22.453668 -99.000000   0.000000   0.242800   0.000657   0.001400   0.044806      3
 2.4500E-04  -3.828446   3.212154 -99.000000 -99.000000  -8.218945   0.000000   0.000241   0.000146   0.001400  0.000E+00        max_dt

         26   5.477549   4971.454 -21.055800 -21.055800   2.000000   2.000000   0.755800   0.000071   0.242800  -9.228173    522      1
-5.0000E+00   5.476972   1.734301 -99.000000 -22.453668 -99.000000   0.000000   0.242800   0.000657   0.001400   0.044806      3
 2.5500E-04  -3.828444   3.209230 -99.000000 -99.000000  -8.212233   0.000000   0.000241   0.000146   0.001400  0.000E+00        max_dt

         27   5.477549   4963.926 -21.055800 -21.055800   2.000000   2.000000   0.755800   0.000071   0.242800  -9.228166    521      1
-5.0000E+00   5.476971   1.734224 -99.000000 -22.453669 -99.000000   0.000000   0.242800   0.000657   0.001400   0.044806      3
 2.6500E-04  -3.828443   3.206444 -99.000000 -99.000000  -8.205840   0.000000   0.000241   0.000146   0.001400  0.000E+00        max_dt

         28   5.477549   4956.763 -21.055801 -21.055801   2.000000   2.000000   0.755800   0.000071   0.242800  -9.228160    523      1
-5.0000E+00   5.476970   1.734150 -99.000000 -22.453669 -99.000000   0.000000   0.242800   0.000657   0.001400   0.044806      3
 2.7500E-04  -3.828442   3.203787 -99.000000 -99.000000  -8.199751   0.000000   0.000241   0.000146   0.001400  0.000E+00        max_dt

         29   5.477549   4949.889 -21.055801 -21.055801   2.000000   2.000000   0.755800   0.000071   0.242800  -9.228154    525      1
-5.0000E+00   5.476969   1.734079 -99.000000 -22.453669 -99.000000   0.000000   0.242800   0.000657   0.001400   0.044806      3
 2.8500E-04  -3.828441   3.201233 -99.000000 -99.000000  -8.193904   0.000000   0.000241   0.000146   0.001400  0.000E+00        max_dt


__________________________________________________________________________________________________________________________________________________

       step    lg_Tmax     Teff     lg_LH      lg_Lnuc_tot     Mass       H_rich     H_cntr     N_cntr     Y_surf   eta_cntr   zones  retry
  lg_dt_yrs    lg_Tcntr    lg_R     lg_L3a     lg_Lneu     lg_Mdot    He_core    He_cntr    O_cntr     Z_surf   gam_cntr   iters  
    age_yrs    lg_Dcntr    lg_L     lg_LZ      lg_Lphoto   lg_Dsurf   CO_core    C_cntr     Ne_cntr    Z_cntr   v_div_cs       dt_limit
__________________________________________________________________________________________________________________________________________________

         30   5.477549   4943.236 -21.055801 -21.055801   2.000000   2.000000   0.755800   0.000071   0.242800  -9.228149    523      1
-5.0000E+00   5.476968   1.734009 -99.000000 -22.453670 -99.000000   0.000000   0.242800   0.000657   0.001400   0.044806      3
 2.9500E-04  -3.828440   3.198758 -99.000000 -99.000000  -8.188243   0.000000   0.000241   0.000146   0.001400  0.000E+00        max_dt

         31   5.477549   4936.831 -21.055802 -21.055802   2.000000   2.000000   0.755800   0.000071   0.242800  -9.228145    521      1
-5.0000E+00   5.476968   1.733942 -99.000000 -22.453670 -99.000000   0.000000   0.242800   0.000657   0.001400   0.044807      3
 3.0500E-04  -3.828439   3.196371 -99.000000 -99.000000  -8.182791   0.000000   0.000241   0.000146   0.001400  0.000E+00        max_dt

         32   5.477549   4930.671 -21.055802 -21.055802   2.000000   2.000000   0.755800   0.000071   0.242800  -9.228141    523      1
-5.0000E+00   5.476967   1.733877 -99.000000 -22.453670 -99.000000   0.000000   0.242800   0.000657   0.001400   0.044807      3
 3.1500E-04  -3.828438   3.194072 -99.000000 -99.000000  -8.177546   0.000000   0.000241   0.000146   0.001400  0.000E+00        max_dt

         33   5.477550   4924.735 -21.055802 -21.055802   2.000000   2.000000   0.755800   0.000071   0.242800  -9.228137    525      1
-5.0000E+00   5.476966   1.733814 -99.000000 -22.453670 -99.000000   0.000000   0.242800   0.000657   0.001400   0.044807      3
 3.2500E-04  -3.828437   3.191854 -99.000000 -99.000000  -8.172492   0.000000   0.000241   0.000146   0.001400  0.000E+00        max_dt

         34   5.477550   4918.981 -21.055803 -21.055803   2.000000   2.000000   0.755800   0.000071   0.242800  -9.228133    523      1
-5.0000E+00   5.476966   1.733753 -99.000000 -22.453671 -99.000000   0.000000   0.242800   0.000657   0.001400   0.044807      3
 3.3500E-04  -3.828436   3.189700 -99.000000 -99.000000  -8.167595   0.000000   0.000241   0.000146   0.001400  0.000E+00        max_dt

         35   5.477550   4913.419 -21.055803 -21.055803   2.000000   2.000000   0.755800   0.000071   0.242800  -9.228130    525      1
-5.0000E+00   5.476965   1.733694 -99.000000 -22.453671 -99.000000   0.000000   0.242800   0.000657   0.001400   0.044807      3
 3.4500E-04  -3.828436   3.187616 -99.000000 -99.000000  -8.162861   0.000000   0.000241   0.000146   0.001400  0.000E+00        max_dt

         36   5.477550   4908.041 -21.055803 -21.055803   2.000000   2.000000   0.755800   0.000071   0.242800  -9.228127    524      1
-5.0000E+00   5.476965   1.733636 -99.000000 -22.453671 -99.000000   0.000000   0.242800   0.000657   0.001400   0.044807      3
 3.5500E-04  -3.828435   3.185598 -99.000000 -99.000000  -8.158286   0.000000   0.000241   0.000146   0.001400  0.000E+00        max_dt

         37   5.477550   4902.837 -21.055803 -21.055803   2.000000   2.000000   0.755800   0.000071   0.242800  -9.228125    523      1
-5.0000E+00   5.476965   1.733580 -99.000000 -22.453671 -99.000000   0.000000   0.242800   0.000657   0.001400   0.044807      3
 3.6500E-04  -3.828435   3.183643 -36.725659 -99.000000  -8.153860   0.000000   0.000241   0.000146   0.001400  0.000E+00        max_dt

         38   5.477550   4897.566 -21.055803 -21.055803   2.000000   2.000000   0.755800   0.000071   0.242800  -9.228122    517      1
-5.0000E+00   5.476964   1.733524 -99.000000 -22.453672 -99.000000   0.000000   0.242800   0.000657   0.001400   0.044807      3
 3.7500E-04  -3.828434   3.181662 -99.000000 -99.000000  -8.149381   0.000000   0.000241   0.000146   0.001400  0.000E+00        max_dt

         39   5.477550   4892.507 -21.055804 -21.055804   2.000000   2.000000   0.755800   0.000071   0.242800  -9.228120    519      1
-5.0000E+00   5.476964   1.733469 -99.000000 -22.453672 -99.000000   0.000000   0.242800   0.000657   0.001400   0.044807      3
 3.8500E-04  -3.828434   3.179758 -99.000000 -99.000000  -8.145085   0.000000   0.000241   0.000146   0.001400  0.000E+00        max_dt


__________________________________________________________________________________________________________________________________________________

       step    lg_Tmax     Teff     lg_LH      lg_Lnuc_tot     Mass       H_rich     H_cntr     N_cntr     Y_surf   eta_cntr   zones  retry
  lg_dt_yrs    lg_Tcntr    lg_R     lg_L3a     lg_Lneu     lg_Mdot    He_core    He_cntr    O_cntr     Z_surf   gam_cntr   iters  
    age_yrs    lg_Dcntr    lg_L     lg_LZ      lg_Lphoto   lg_Dsurf   CO_core    C_cntr     Ne_cntr    Z_cntr   v_div_cs       dt_limit
__________________________________________________________________________________________________________________________________________________

         40   5.477550   4887.686 -21.055804 -21.055804   2.000000   2.000000   0.755800   0.000071   0.242800  -9.228118    519      1
-5.0000E+00   5.476964   1.733417 -99.000000 -22.453672 -99.000000   0.000000   0.242800   0.000657   0.001400   0.044807      3
 3.9500E-04  -3.828433   3.177941 -99.000000 -99.000000  -8.140993   0.000000   0.000241   0.000146   0.001400  0.000E+00        max_dt

         41   5.477550   4883.048 -21.055804 -21.055804   2.000000   2.000000   0.755800   0.000071   0.242800  -9.228116    521      1
-5.0000E+00   5.476963   1.733367 -99.000000 -22.453672 -99.000000   0.000000   0.242800   0.000657   0.001400   0.044807      3
 4.0500E-04  -3.828433   3.176191 -36.725659 -99.000000  -8.137059   0.000000   0.000241   0.000146   0.001400  0.000E+00        max_dt

         42   5.477550   4878.561 -21.055804 -21.055804   2.000000   2.000000   0.755800   0.000071   0.242800  -9.228114    520      1
-5.0000E+00   5.476963   1.733317 -99.000000 -22.453672 -99.000000   0.000000   0.242800   0.000657   0.001400   0.044807      3
 4.1500E-04  -3.828432   3.174495 -99.000000 -99.000000  -8.133256   0.000000   0.000241   0.000146   0.001400  0.000E+00        max_dt

         43   5.477550   4874.208 -21.055804 -21.055804   2.000000   2.000000   0.755800   0.000071   0.242800  -9.228113    519      1
-5.0000E+00   5.476963   1.733269 -99.000000 -22.453672 -99.000000   0.000000   0.242800   0.000657   0.001400   0.044807      3
 4.2500E-04  -3.828432   3.172849 -99.000000 -99.000000  -8.129570   0.000000   0.000241   0.000146   0.001400  0.000E+00        max_dt

         44   5.477550   4869.966 -21.055804 -21.055804   2.000000   2.000000   0.755800   0.000071   0.242800  -9.228111    519      1
-5.0000E+00   5.476963   1.733222 -99.000000 -22.453673 -99.000000   0.000000   0.242800   0.000657   0.001400   0.044807      3
 4.3500E-04  -3.828431   3.171242 -99.000000 -99.000000  -8.125980   0.000000   0.000241   0.000146   0.001400  0.000E+00        max_dt

         45   5.477550   4865.839 -21.055805 -21.055805   2.000000   2.000000   0.755800   0.000071   0.242800  -9.228110    518      1
-5.0000E+00   5.476963   1.733177 -99.000000 -22.453673 -99.000000   0.000000   0.242800   0.000657   0.001400   0.044807      3
 4.4500E-04  -3.828431   3.169678 -99.000000 -99.000000  -8.122491   0.000000   0.000241   0.000146   0.001400  0.000E+00        max_dt

         46   5.477550   4861.836 -21.055805 -21.055805   2.000000   2.000000   0.755800   0.000071   0.242800  -9.228108    524      1
-5.0000E+00   5.476962   1.733132 -99.000000 -22.453673 -99.000000   0.000000   0.242800   0.000657   0.001400   0.044807      3
 4.5500E-04  -3.828431   3.168159 -99.000000 -99.000000  -8.119111   0.000000   0.000241   0.000146   0.001400  0.000E+00        max_dt

         47   5.477550   4857.908 -21.055805 -21.055805   2.000000   2.000000   0.755800   0.000071   0.242800  -9.228107    521      1
-5.0000E+00   5.476962   1.733088 -99.000000 -22.453673 -99.000000   0.000000   0.242800   0.000657   0.001400   0.044807      3
 4.6500E-04  -3.828431   3.166667 -99.000000 -99.000000  -8.115796   0.000000   0.000241   0.000146   0.001400  0.000E+00        max_dt

         48   5.477550   4854.073 -21.055805 -21.055805   2.000000   2.000000   0.755800   0.000071   0.242800  -9.228106    521      1
-5.0000E+00   5.476962   1.733045 -99.000000 -22.453673 -99.000000   0.000000   0.242800   0.000657   0.001400   0.044807      3
 4.7500E-04  -3.828430   3.165209 -99.000000 -99.000000  -8.112564   0.000000   0.000241   0.000146   0.001400  0.000E+00        max_dt

         49   5.477551   4850.332 -21.055805 -21.055805   2.000000   2.000000   0.755800   0.000071   0.242800  -9.228105    521      1
-5.0000E+00   5.476962   1.733003 -99.000000 -22.453673 -99.000000   0.000000   0.242800   0.000657   0.001400   0.044807      3
 4.8500E-04  -3.828430   3.163786 -99.000000 -99.000000  -8.109414   0.000000   0.000241   0.000146   0.001400  0.000E+00        max_dt


__________________________________________________________________________________________________________________________________________________

       step    lg_Tmax     Teff     lg_LH      lg_Lnuc_tot     Mass       H_rich     H_cntr     N_cntr     Y_surf   eta_cntr   zones  retry
  lg_dt_yrs    lg_Tcntr    lg_R     lg_L3a     lg_Lneu     lg_Mdot    He_core    He_cntr    O_cntr     Z_surf   gam_cntr   iters  
    age_yrs    lg_Dcntr    lg_L     lg_LZ      lg_Lphoto   lg_Dsurf   CO_core    C_cntr     Ne_cntr    Z_cntr   v_div_cs       dt_limit
__________________________________________________________________________________________________________________________________________________

         50   5.477551   4846.680 -21.055805 -21.055805   2.000000   2.000000   0.755800   0.000071   0.242800  -9.228104    521      1
-5.0000E+00   5.476962   1.732962 -99.000000 -22.453674 -99.000000   0.000000   0.242800   0.000657   0.001400   0.044807      3
 4.9500E-04  -3.828430   3.162395 -99.000000 -99.000000  -8.106343   0.000000   0.000241   0.000146   0.001400  0.000E+00        max_dt

         51   5.477551   4843.113 -21.055806 -21.055806   2.000000   2.000000   0.755800   0.000071   0.242800  -9.228103    522      1
-5.0000E+00   5.476962   1.732922 -99.000000 -22.453674 -99.000000   0.000000   0.242800   0.000657   0.001400   0.044807      3
 5.0500E-04  -3.828429   3.161036 -99.000000 -99.000000  -8.103346   0.000000   0.000241   0.000146   0.001400  0.000E+00        max_dt

         52   5.477551   4839.609 -21.055806 -21.055806   2.000000   2.000000   0.755800   0.000071   0.242800  -9.228102    520      1
-5.0000E+00   5.476962   1.732882 -99.000000 -22.453674 -99.000000   0.000000   0.242800   0.000657   0.001400   0.044808      3
 5.1500E-04  -3.828429   3.159699 -99.000000 -99.000000  -8.100405   0.000000   0.000241   0.000146   0.001400  0.000E+00        max_dt

         53   5.477551   4836.181 -21.055806 -21.055806   2.000000   2.000000   0.755800   0.000071   0.242800  -9.228101    520      1
-5.0000E+00   5.476961   1.732843 -99.000000 -22.453674 -99.000000   0.000000   0.242800   0.000657   0.001400   0.044808      3
 5.2500E-04  -3.828429   3.158390 -99.000000 -99.000000  -8.097532   0.000000   0.000241   0.000146   0.001400  0.000E+00        max_dt

         54   5.477551   4832.836 -21.055806 -21.055806   2.000000   2.000000   0.755800   0.000071   0.242800  -9.228100    520      1
-5.0000E+00   5.476961   1.732805 -99.000000 -22.453674 -99.000000   0.000000   0.242800   0.000657   0.001400   0.044808      3
 5.3500E-04  -3.828429   3.157112 -99.000000 -99.000000  -8.094731   0.000000   0.000241   0.000146   0.001400  0.000E+00        max_dt

         55   5.477551   4829.526 -21.055806 -21.055806   2.000000   2.000000   0.755800   0.000071   0.242800  -9.228099    519      1
-5.0000E+00   5.476961   1.732768 -99.000000 -22.453674 -99.000000   0.000000   0.242800   0.000657   0.001400   0.044808      3
 5.4500E-04  -3.828429   3.155847 -99.000000 -99.000000  -8.091964   0.000000   0.000241   0.000146   0.001400  0.000E+00        max_dt

         56   5.477551   4826.307 -21.055806 -21.055806   2.000000   2.000000   0.755800   0.000071   0.242800  -9.228099    519      1
-5.0000E+00   5.476961   1.732731 -99.000000 -22.453674 -99.000000   0.000000   0.242800   0.000657   0.001400   0.044808      3
 5.5500E-04  -3.828428   3.154616 -99.000000 -99.000000  -8.089275   0.000000   0.000241   0.000146   0.001400  0.000E+00        max_dt

         57   5.477551   4823.140 -21.055806 -21.055806   2.000000   2.000000   0.755800   0.000071   0.242800  -9.228098    519      1
-5.0000E+00   5.476961   1.732695 -99.000000 -22.453674 -99.000000   0.000000   0.242800   0.000657   0.001400   0.044808      3
 5.6500E-04  -3.828428   3.153403 -99.000000 -99.000000  -8.086633   0.000000   0.000241   0.000146   0.001400  0.000E+00        max_dt

         58   5.477551   4820.046 -21.055806 -21.055806   2.000000   2.000000   0.755800   0.000071   0.242800  -9.228097    519      1
-5.0000E+00   5.476961   1.732659 -99.000000 -22.453675 -99.000000   0.000000   0.242800   0.000657   0.001400   0.044808      3
 5.7500E-04  -3.828428   3.152217 -99.000000 -99.000000  -8.084055   0.000000   0.000241   0.000146   0.001400  0.000E+00        max_dt

         59   5.477551   4817.025 -21.055807 -21.055807   2.000000   2.000000   0.755800   0.000071   0.242800  -9.228097    519      1
-5.0000E+00   5.476961   1.732625 -99.000000 -22.453675 -99.000000   0.000000   0.242800   0.000657   0.001400   0.044808      3
 5.8500E-04  -3.828428   3.151059 -99.000000 -99.000000  -8.081540   0.000000   0.000241   0.000146   0.001400  0.000E+00        max_dt


__________________________________________________________________________________________________________________________________________________

       step    lg_Tmax     Teff     lg_LH      lg_Lnuc_tot     Mass       H_rich     H_cntr     N_cntr     Y_surf   eta_cntr   zones  retry
  lg_dt_yrs    lg_Tcntr    lg_R     lg_L3a     lg_Lneu     lg_Mdot    He_core    He_cntr    O_cntr     Z_surf   gam_cntr   iters  
    age_yrs    lg_Dcntr    lg_L     lg_LZ      lg_Lphoto   lg_Dsurf   CO_core    C_cntr     Ne_cntr    Z_cntr   v_div_cs       dt_limit
__________________________________________________________________________________________________________________________________________________

         60   5.477551   4814.071 -21.055807 -21.055807   2.000000   2.000000   0.755800   0.000071   0.242800  -9.228096    519      1
-5.0000E+00   5.476961   1.732591 -99.000000 -22.453675 -99.000000   0.000000   0.242800   0.000657   0.001400   0.044808      3
 5.9500E-04  -3.828428   3.149925 -99.000000 -99.000000  -8.079085   0.000000   0.000241   0.000146   0.001400  0.000E+00        max_dt

         61   5.477551   4811.178 -21.055807 -21.055807   2.000000   2.000000   0.755800   0.000071   0.242800  -9.228096    519      1
-5.0000E+00   5.476961   1.732557 -99.000000 -22.453675 -99.000000   0.000000   0.242800   0.000657   0.001400   0.044808      3
 6.0500E-04  -3.828428   3.148814 -99.000000 -99.000000  -8.076684   0.000000   0.000241   0.000146   0.001400  0.000E+00        max_dt

         62   5.477551   4808.343 -21.055807 -21.055807   2.000000   2.000000   0.755800   0.000071   0.242800  -9.228095    519      1
-5.0000E+00   5.476961   1.732524 -99.000000 -22.453675 -99.000000   0.000000   0.242800   0.000657   0.001400   0.044808      3
 6.1500E-04  -3.828427   3.147724 -99.000000 -99.000000  -8.074333   0.000000   0.000241   0.000146   0.001400  0.000E+00        max_dt

         63   5.477551   4805.550 -21.055807 -21.055807   2.000000   2.000000   0.755800   0.000071   0.242800  -9.228095    518      1
-5.0000E+00   5.476961   1.732492 -99.000000 -22.453675 -99.000000   0.000000   0.242800   0.000657   0.001400   0.044808      3
 6.2500E-04  -3.828427   3.146650 -99.000000 -99.000000  -8.072020   0.000000   0.000241   0.000146   0.001400  0.000E+00        max_dt

         64   5.477551   4802.777 -21.055807 -21.055807   2.000000   2.000000   0.755800   0.000071   0.242800  -9.228094    517      1
-5.0000E+00   5.476961   1.732460 -99.000000 -22.453675 -99.000000   0.000000   0.242800   0.000657   0.001400   0.044808      3
 6.3500E-04  -3.828427   3.145583 -99.000000 -99.000000  -8.069727   0.000000   0.000241   0.000146   0.001400  0.000E+00        max_dt

         65   5.477551   4800.063 -21.055807 -21.055807   2.000000   2.000000   0.755800   0.000071   0.242800  -9.228094    517      1
-5.0000E+00   5.476961   1.732428 -99.000000 -22.453675 -99.000000   0.000000   0.242800   0.000657   0.001400   0.044808      3
 6.4500E-04  -3.828427   3.144538 -99.000000 -99.000000  -8.067485   0.000000   0.000241   0.000146   0.001400  0.000E+00        max_dt

         66   5.477551   4797.408 -21.055807 -21.055807   2.000000   2.000000   0.755800   0.000071   0.242800  -9.228093    517      1
-5.0000E+00   5.476961   1.732397 -99.000000 -22.453675 -99.000000   0.000000   0.242800   0.000657   0.001400   0.044808      3
 6.5500E-04  -3.828427   3.143515 -99.000000 -99.000000  -8.065295   0.000000   0.000241   0.000146   0.001400  0.000E+00        max_dt

         67   5.477551   4794.806 -21.055807 -21.055807   2.000000   2.000000   0.755800   0.000071   0.242800  -9.228093    517      1
-5.0000E+00   5.476961   1.732367 -99.000000 -22.453676 -99.000000   0.000000   0.242800   0.000657   0.001400   0.044808      3
 6.6500E-04  -3.828427   3.142512 -99.000000 -99.000000  -8.063151   0.000000   0.000241   0.000146   0.001400  0.000E+00        max_dt

         68   5.477551   4792.259 -21.055808 -21.055808   2.000000   2.000000   0.755800   0.000071   0.242800  -9.228092    518      1
-5.0000E+00   5.476961   1.732337 -99.000000 -22.453676 -99.000000   0.000000   0.242800   0.000657   0.001400   0.044808      3
 6.7500E-04  -3.828427   3.141528 -99.000000 -99.000000  -8.061055   0.000000   0.000241   0.000146   0.001400  0.000E+00        max_dt

         69   5.477551   4789.745 -21.055808 -21.055808   2.000000   2.000000   0.755800   0.000071   0.242800  -9.228092    517      1
-5.0000E+00   5.476961   1.732307 -99.000000 -22.453676 -99.000000   0.000000   0.242800   0.000657   0.001400   0.044808      3
 6.8500E-04  -3.828426   3.140558 -36.725659 -99.000000  -8.058989   0.000000   0.000241   0.000146   0.001400  0.000E+00        max_dt


__________________________________________________________________________________________________________________________________________________

       step    lg_Tmax     Teff     lg_LH      lg_Lnuc_tot     Mass       H_rich     H_cntr     N_cntr     Y_surf   eta_cntr   zones  retry
  lg_dt_yrs    lg_Tcntr    lg_R     lg_L3a     lg_Lneu     lg_Mdot    He_core    He_cntr    O_cntr     Z_surf   gam_cntr   iters  
    age_yrs    lg_Dcntr    lg_L     lg_LZ      lg_Lphoto   lg_Dsurf   CO_core    C_cntr     Ne_cntr    Z_cntr   v_div_cs       dt_limit
__________________________________________________________________________________________________________________________________________________

         70   5.477551   4787.272 -21.055808 -21.055808   2.000000   2.000000   0.755800   0.000071   0.242800  -9.228092    517      1
-5.0000E+00   5.476961   1.732278 -99.000000 -22.453676 -99.000000   0.000000   0.242800   0.000657   0.001400   0.044808      3
 6.9500E-04  -3.828426   3.139603 -99.000000 -99.000000  -8.056959   0.000000   0.000241   0.000146   0.001400  0.000E+00        max_dt

         71   5.477551   4784.820 -21.055808 -21.055808   2.000000   2.000000   0.755800   0.000071   0.242800  -9.228091    518      1
-5.0000E+00   5.476960   1.732249 -99.000000 -22.453676 -99.000000   0.000000   0.242800   0.000657   0.001400   0.044808      3
 7.0500E-04  -3.828426   3.138655 -99.000000 -99.000000  -8.054949   0.000000   0.000241   0.000146   0.001400  0.000E+00        max_dt

         72   5.477551   4782.406 -21.055808 -21.055808   2.000000   2.000000   0.755800   0.000071   0.242800  -9.228091    518      1
-5.0000E+00   5.476960   1.732221 -99.000000 -22.453676 -99.000000   0.000000   0.242800   0.000657   0.001400   0.044808      3
 7.1500E-04  -3.828426   3.137722 -99.000000 -99.000000  -8.052973   0.000000   0.000241   0.000146   0.001400  0.000E+00        max_dt

         73   5.477552   4780.037 -21.055808 -21.055808   2.000000   2.000000   0.755800   0.000071   0.242800  -9.228091    518      1
-5.0000E+00   5.476960   1.732193 -99.000000 -22.453676 -99.000000   0.000000   0.242800   0.000657   0.001400   0.044808      3
 7.2500E-04  -3.828426   3.136805 -99.000000 -99.000000  -8.051037   0.000000   0.000241   0.000146   0.001400  0.000E+00        max_dt

         74   5.477552   4777.712 -21.055808 -21.055808   2.000000   2.000000   0.755800   0.000071   0.242800  -9.228090    518      1
-5.0000E+00   5.476960   1.732166 -99.000000 -22.453676 -99.000000   0.000000   0.242800   0.000657   0.001400   0.044808      3
 7.3500E-04  -3.828426   3.135905 -99.000000 -99.000000  -8.049138   0.000000   0.000241   0.000146   0.001400  0.000E+00        max_dt

         75   5.477552   4775.419 -21.055808 -21.055808   2.000000   2.000000   0.755800   0.000071   0.242800  -9.228090    517      1
-5.0000E+00   5.476960   1.732138 -99.000000 -22.453676 -99.000000   0.000000   0.242800   0.000657   0.001400   0.044808      3
 7.4500E-04  -3.828426   3.135016 -99.000000 -99.000000  -8.047267   0.000000   0.000241   0.000146   0.001400  0.000E+00        max_dt

         76   5.477552   4773.164 -21.055808 -21.055808   2.000000   2.000000   0.755800   0.000071   0.242800  -9.228090    517      1
-5.0000E+00   5.476960   1.732112 -99.000000 -22.453676 -99.000000   0.000000   0.242800   0.000657   0.001400   0.044808      3
 7.5500E-04  -3.828426   3.134143 -99.000000 -99.000000  -8.045431   0.000000   0.000241   0.000146   0.001400  0.000E+00        max_dt

         77   5.477552   4770.950 -21.055808 -21.055808   2.000000   2.000000   0.755800   0.000071   0.242800  -9.228089    517      1
-5.0000E+00   5.476960   1.732085 -99.000000 -22.453676 -99.000000   0.000000   0.242800   0.000657   0.001400   0.044808      3
 7.6500E-04  -3.828426   3.133284 -99.000000 -99.000000  -8.043630   0.000000   0.000241   0.000146   0.001400  0.000E+00        max_dt

         78   5.477552   4768.773 -21.055808 -21.055808   2.000000   2.000000   0.755800   0.000071   0.242800  -9.228089    517      1
-5.0000E+00   5.476960   1.732059 -99.000000 -22.453677 -99.000000   0.000000   0.242800   0.000657   0.001400   0.044808      3
 7.7500E-04  -3.828425   3.132439 -99.000000 -99.000000  -8.041862   0.000000   0.000241   0.000146   0.001400  0.000E+00        max_dt

         79   5.477552   4766.632 -21.055808 -21.055808   2.000000   2.000000   0.755800   0.000071   0.242800  -9.228089    517      1
-5.0000E+00   5.476960   1.732034 -99.000000 -22.453677 -99.000000   0.000000   0.242800   0.000657   0.001400   0.044808      3
 7.8500E-04  -3.828425   3.131608 -36.725659 -99.000000  -8.040124   0.000000   0.000241   0.000146   0.001400  0.000E+00        max_dt


__________________________________________________________________________________________________________________________________________________

       step    lg_Tmax     Teff     lg_LH      lg_Lnuc_tot     Mass       H_rich     H_cntr     N_cntr     Y_surf   eta_cntr   zones  retry
  lg_dt_yrs    lg_Tcntr    lg_R     lg_L3a     lg_Lneu     lg_Mdot    He_core    He_cntr    O_cntr     Z_surf   gam_cntr   iters  
    age_yrs    lg_Dcntr    lg_L     lg_LZ      lg_Lphoto   lg_Dsurf   CO_core    C_cntr     Ne_cntr    Z_cntr   v_div_cs       dt_limit
__________________________________________________________________________________________________________________________________________________

         80   5.477552   4764.525 -21.055809 -21.055809   2.000000   2.000000   0.755800   0.000071   0.242800  -9.228089    517      1
-5.0000E+00   5.476960   1.732008 -99.000000 -22.453677 -99.000000   0.000000   0.242800   0.000657   0.001400   0.044808      3
 7.9500E-04  -3.828425   3.130789 -36.424629 -99.000000  -8.038416   0.000000   0.000241   0.000146   0.001400  0.000E+00        max_dt

         81   5.477552   4762.448 -21.055809 -21.055809   2.000000   2.000000   0.755800   0.000071   0.242800  -9.228088    519      1
-5.0000E+00   5.476960   1.731983 -99.000000 -22.453677 -99.000000   0.000000   0.242800   0.000657   0.001400   0.044808      3
 8.0500E-04  -3.828425   3.129982 -99.000000 -99.000000  -8.036735   0.000000   0.000241   0.000146   0.001400  0.000E+00        max_dt

         82   5.477552   4760.440 -21.055809 -21.055809   2.000000   2.000000   0.755800   0.000071   0.242800  -9.228088    521      1
-5.0000E+00   5.476960   1.731959 -99.000000 -22.453677 -99.000000   0.000000   0.242800   0.000657   0.001400   0.044808      3
 8.1500E-04  -3.828425   3.129200 -99.000000 -99.000000  -8.035112   0.000000   0.000241   0.000146   0.001400  0.000E+00        max_dt

         83   5.477552   4758.467 -21.055809 -21.055809   2.000000   2.000000   0.755800   0.000071   0.242800  -9.228088    521      1
-5.0000E+00   5.476960   1.731935 -99.000000 -22.453677 -99.000000   0.000000   0.242800   0.000657   0.001400   0.044808      3
 8.2500E-04  -3.828425   3.128432 -99.000000 -99.000000  -8.033518   0.000000   0.000241   0.000146   0.001400  0.000E+00        max_dt

         84   5.477552   4756.509 -21.055809 -21.055809   2.000000   2.000000   0.755800   0.000071   0.242800  -9.228088    521      1
-5.0000E+00   5.476960   1.731911 -99.000000 -22.453677 -99.000000   0.000000   0.242800   0.000657   0.001400   0.044808      3
 8.3500E-04  -3.828425   3.127670 -99.000000 -99.000000  -8.031939   0.000000   0.000241   0.000146   0.001400  0.000E+00        max_dt

         85   5.477552   4754.567 -21.055809 -21.055809   2.000000   2.000000   0.755800   0.000071   0.242800  -9.228088    521      1
-5.0000E+00   5.476960   1.731888 -99.000000 -22.453677 -99.000000   0.000000   0.242800   0.000657   0.001400   0.044808      3
 8.4500E-04  -3.828425   3.126913 -99.000000 -99.000000  -8.030375   0.000000   0.000241   0.000146   0.001400  0.000E+00        max_dt

         86   5.477552   4752.644 -21.055809 -21.055809   2.000000   2.000000   0.755800   0.000071   0.242800  -9.228087    521      1
-5.0000E+00   5.476960   1.731864 -99.000000 -22.453677 -99.000000   0.000000   0.242800   0.000657   0.001400   0.044808      3
 8.5500E-04  -3.828425   3.126163 -36.725659 -99.000000  -8.028827   0.000000   0.000241   0.000146   0.001400  0.000E+00        max_dt

         87   5.477552   4750.721 -21.055809 -21.055809   2.000000   2.000000   0.755800   0.000071   0.242800  -9.228087    520      1
-5.0000E+00   5.476960   1.731841 -99.000000 -22.453677 -99.000000   0.000000   0.242800   0.000657   0.001400   0.044808      3
 8.6500E-04  -3.828425   3.125414 -99.000000 -99.000000  -8.027283   0.000000   0.000241   0.000146   0.001400  0.000E+00        max_dt

         88   5.477552   4748.824 -21.055809 -21.055809   2.000000   2.000000   0.755800   0.000071   0.242800  -9.228087    520      1
-5.0000E+00   5.476960   1.731818 -99.000000 -22.453677 -99.000000   0.000000   0.242800   0.000657   0.001400   0.044808      3
 8.7500E-04  -3.828425   3.124674 -36.725659 -99.000000  -8.025760   0.000000   0.000241   0.000146   0.001400  0.000E+00        max_dt

         89   5.477552   4746.930 -21.055809 -21.055809   2.000000   2.000000   0.755800   0.000071   0.242800  -9.228087    518      1
-5.0000E+00   5.476960   1.731795 -99.000000 -22.453677 -99.000000   0.000000   0.242800   0.000657   0.001400   0.044808      3
 8.8500E-04  -3.828425   3.123935 -99.000000 -99.000000  -8.024242   0.000000   0.000241   0.000146   0.001400  0.000E+00        max_dt


__________________________________________________________________________________________________________________________________________________

       step    lg_Tmax     Teff     lg_LH      lg_Lnuc_tot     Mass       H_rich     H_cntr     N_cntr     Y_surf   eta_cntr   zones  retry
  lg_dt_yrs    lg_Tcntr    lg_R     lg_L3a     lg_Lneu     lg_Mdot    He_core    He_cntr    O_cntr     Z_surf   gam_cntr   iters  
    age_yrs    lg_Dcntr    lg_L     lg_LZ      lg_Lphoto   lg_Dsurf   CO_core    C_cntr     Ne_cntr    Z_cntr   v_div_cs       dt_limit
__________________________________________________________________________________________________________________________________________________

         90   5.477552   4745.065 -21.055809 -21.055809   2.000000   2.000000   0.755800   0.000071   0.242800  -9.228087    518      1
-5.0000E+00   5.476960   1.731773 -99.000000 -22.453677 -99.000000   0.000000   0.242800   0.000657   0.001400   0.044808      3
 8.9500E-04  -3.828425   3.123207 -99.000000 -99.000000  -8.022749   0.000000   0.000241   0.000146   0.001400  0.000E+00        max_dt

         91   5.477552   4743.234 -21.055809 -21.055809   2.000000   2.000000   0.755800   0.000071   0.242800  -9.228087    518      1
-5.0000E+00   5.476960   1.731750 -99.000000 -22.453677 -99.000000   0.000000   0.242800   0.000657   0.001400   0.044808      3
 9.0500E-04  -3.828424   3.122492 -99.000000 -99.000000  -8.021285   0.000000   0.000241   0.000146   0.001400  0.000E+00        max_dt

         92   5.477552   4741.434 -21.055809 -21.055809   2.000000   2.000000   0.755800   0.000071   0.242800  -9.228086    518      1
-5.0000E+00   5.476960   1.731728 -99.000000 -22.453677 -99.000000   0.000000   0.242800   0.000657   0.001400   0.044808      3
 9.1500E-04  -3.828424   3.121789 -99.000000 -99.000000  -8.019848   0.000000   0.000241   0.000146   0.001400  0.000E+00        max_dt

         93   5.477552   4739.662 -21.055809 -21.055809   2.000000   2.000000   0.755800   0.000071   0.242800  -9.228086    518      1
-5.0000E+00   5.476960   1.731707 -99.000000 -22.453677 -99.000000   0.000000   0.242800   0.000657   0.001400   0.044808      3
 9.2500E-04  -3.828424   3.121097 -99.000000 -99.000000  -8.018435   0.000000   0.000241   0.000146   0.001400  0.000E+00        max_dt

         94   5.477552   4737.927 -21.055809 -21.055809   2.000000   2.000000   0.755800   0.000071   0.242800  -9.228086    520      1
-5.0000E+00   5.476960   1.731685 -99.000000 -22.453678 -99.000000   0.000000   0.242800   0.000657   0.001400   0.044808      3
 9.3500E-04  -3.828424   3.120418 -99.000000 -99.000000  -8.017052   0.000000   0.000241   0.000146   0.001400  0.000E+00        max_dt

         95   5.477552   4736.210 -21.055809 -21.055809   2.000000   2.000000   0.755800   0.000071   0.242800  -9.228086    520      1
-5.0000E+00   5.476960   1.731664 -99.000000 -22.453678 -99.000000   0.000000   0.242800   0.000657   0.001400   0.044808      3
 9.4500E-04  -3.828424   3.119746 -99.000000 -99.000000  -8.015687   0.000000   0.000241   0.000146   0.001400  0.000E+00        max_dt

         96   5.477552   4734.511 -21.055809 -21.055809   2.000000   2.000000   0.755800   0.000071   0.242800  -9.228086    520      1
-5.0000E+00   5.476960   1.731643 -99.000000 -22.453678 -99.000000   0.000000   0.242800   0.000657   0.001400   0.044808      3
 9.5500E-04  -3.828424   3.119081 -99.000000 -99.000000  -8.014336   0.000000   0.000241   0.000146   0.001400  0.000E+00        max_dt

         97   5.477552   4732.823 -21.055810 -21.055810   2.000000   2.000000   0.755800   0.000071   0.242800  -9.228086    519      1
-5.0000E+00   5.476960   1.731623 -99.000000 -22.453678 -99.000000   0.000000   0.242800   0.000657   0.001400   0.044808      3
 9.6500E-04  -3.828424   3.118420 -99.000000 -99.000000  -8.012996   0.000000   0.000241   0.000146   0.001400  0.000E+00        max_dt

         98   5.477552   4731.154 -21.055810 -21.055810   2.000000   2.000000   0.755800   0.000071   0.242800  -9.228086    519      1
-5.0000E+00   5.476960   1.731602 -99.000000 -22.453678 -99.000000   0.000000   0.242800   0.000657   0.001400   0.044808      3
 9.7500E-04  -3.828424   3.117766 -36.725659 -99.000000  -8.011673   0.000000   0.000241   0.000146   0.001400  0.000E+00        max_dt

         99   5.477552   4729.505 -21.055810 -21.055810   2.000000   2.000000   0.755800   0.000071   0.242800  -9.228085    519      1
-5.0000E+00   5.476960   1.731582 -99.000000 -22.453678 -99.000000   0.000000   0.242800   0.000657   0.001400   0.044808      3
 9.8500E-04  -3.828424   3.117120 -36.725659 -99.000000  -8.010367   0.000000   0.000241   0.000146   0.001400  0.000E+00        max_dt


__________________________________________________________________________________________________________________________________________________

       step    lg_Tmax     Teff     lg_LH      lg_Lnuc_tot     Mass       H_rich     H_cntr     N_cntr     Y_surf   eta_cntr   zones  retry
  lg_dt_yrs    lg_Tcntr    lg_R     lg_L3a     lg_Lneu     lg_Mdot    He_core    He_cntr    O_cntr     Z_surf   gam_cntr   iters  
    age_yrs    lg_Dcntr    lg_L     lg_LZ      lg_Lphoto   lg_Dsurf   CO_core    C_cntr     Ne_cntr    Z_cntr   v_div_cs       dt_limit
__________________________________________________________________________________________________________________________________________________

        100   5.477552   4727.891 -21.055810 -21.055810   2.000000   2.000000   0.755800   0.000071   0.242800  -9.228085    520      1
-5.0000E+00   5.476960   1.731562 -99.000000 -22.453678 -99.000000   0.000000   0.242800   0.000657   0.001400   0.044808      3
 9.9500E-04  -3.828424   3.116487 -99.000000 -99.000000  -8.009090   0.000000   0.000241   0.000146   0.001400  0.000E+00        max_dt


 finished doing relax num steps


                                relax_to_radiative_core

          1   5.477552   4726.303 -21.055810 -21.055810   2.000000   2.000000   0.755800   0.000071   0.242800  -9.228085    520      0
-5.0000E+00   5.476960   1.731542 -99.000000 -22.453678 -99.000000   0.000000   0.242800   0.000657   0.001400   0.044808      3
 1.0000E-05  -3.828424   3.115864 -99.000000 -99.000000  -8.007836   0.000000   0.000241   0.000146   0.001400  0.000E+00        max_dt

           waiting for fully convective core to develop           1    1.5437429333969147D-01
          2   5.477552   4723.186 -21.055810 -21.055810   2.000000   2.000000   0.755800   0.000071   0.242800  -9.228085    520      0
-4.6990E+00   5.476960   1.731503 -99.000000 -22.453678 -99.000000   0.000000   0.242800   0.000657   0.001400   0.044808      3
 3.0000E-05  -3.828424   3.114640 -99.000000 -99.000000  -8.005376   0.000000   0.000241   0.000146   0.001400  0.000E+00  max increase

           waiting for fully convective core to develop           2    1.5437427180048074D-01
          3   5.477552   4717.166 -21.055810 -21.055810   2.000000   2.000000   0.755800   0.000071   0.242800  -9.228085    520      0
-4.3979E+00   5.476960   1.731428 -99.000000 -22.453678 -99.000000   0.000000   0.242800   0.000657   0.001400   0.044808      3
 7.0000E-05  -3.828424   3.112273 -99.000000 -99.000000  -8.000644   0.000000   0.000241   0.000146   0.001400  0.000E+00  max increase

           waiting for fully convective core to develop           3    1.5437423183901647D-01
          4   5.477553   4705.536 -21.055810 -21.055810   2.000000   2.000000   0.755800   0.000071   0.242800  -9.228084    515      0
-4.0969E+00   5.476960   1.731284 -99.000000 -22.453678 -99.000000   0.000000   0.242800   0.000657   0.001400   0.044808      3
 1.5000E-04  -3.828423   3.107698 -99.000000 -99.000000  -7.991571   0.000000   0.000241   0.000146   0.001400  0.000E+00  max increase

           waiting for fully convective core to develop           4    1.5437416268379106D-01
          5   5.477553   4685.989 -21.055810 -21.055810   2.000000   2.000000   0.755800   0.000071   0.242800  -9.228083    515      0
-3.7959E+00   5.476960   1.731031 -99.000000 -22.453678 -99.000000   0.000000   0.242800   0.000657   0.001400   0.044808      3
 3.1000E-04  -3.828423   3.099962 -99.000000 -99.000000  -7.976521   0.000000   0.000241   0.000146   0.001400  0.000E+00  max increase

           waiting for fully convective core to develop           5    1.5437405651344208D-01
          6   5.477553   4654.222 -21.055810 -21.055810   2.000000   2.000000   0.755800   0.000071   0.242800  -9.228082    517      0
-3.4949E+00   5.476961   1.730612 -99.000000 -22.453678 -99.000000   0.000000   0.242800   0.000657   0.001400   0.044808      3
 6.3000E-04  -3.828422   3.087307 -99.000000 -99.000000  -7.952689   0.000000   0.000241   0.000146   0.001400  0.000E+00  max increase

           waiting for fully convective core to develop           6    1.5437392153962551D-01
          7   5.477554   4609.114 -21.055807 -21.055807   2.000000   2.000000   0.755800   0.000071   0.242800  -9.228081    519      0
-3.1938E+00   5.476961   1.729988 -99.000000 -22.453675 -99.000000   0.000000   0.242800   0.000657   0.001400   0.044808      3
 1.2700E-03  -3.828421   3.069141 -99.000000 -99.000000  -7.920389   0.000000   0.000241   0.000146   0.001400  0.000E+00  max increase

           waiting for fully convective core to develop           7    1.5437378786176717D-01
          8   5.477555   4551.918 -21.055802 -21.055802   2.000000   2.000000   0.755800   0.000071   0.242800  -9.228080    514      0
-2.8928E+00   5.476962   1.729160 -99.000000 -22.453670 -99.000000   0.000000   0.242800   0.000657   0.001400   0.044808      3
 2.5500E-03  -3.828419   3.045792 -99.000000 -99.000000  -7.882559   0.000000   0.000241   0.000146   0.001400  0.000E+00  max increase

           waiting for fully convective core to develop           8    1.5437368451250161D-01
          9   5.477556   4488.749 -21.055793 -21.055793   2.000000   2.000000   0.755800   0.000071   0.242800  -9.228080    516      0
-2.5918E+00   5.476963   1.728184 -99.000000 -22.453662 -99.000000   0.000000   0.242800   0.000657   0.001400   0.044808      3
 5.1100E-03  -3.828418   3.019563 -99.000000 -99.000000  -7.845643   0.000000   0.000241   0.000146   0.001400  0.000E+00  max increase

           waiting for fully convective core to develop           9    1.5437361176083969D-01

__________________________________________________________________________________________________________________________________________________

       step    lg_Tmax     Teff     lg_LH      lg_Lnuc_tot     Mass       H_rich     H_cntr     N_cntr     Y_surf   eta_cntr   zones  retry
  lg_dt_yrs    lg_Tcntr    lg_R     lg_L3a     lg_Lneu     lg_Mdot    He_core    He_cntr    O_cntr     Z_surf   gam_cntr   iters  
    age_yrs    lg_Dcntr    lg_L     lg_LZ      lg_Lphoto   lg_Dsurf   CO_core    C_cntr     Ne_cntr    Z_cntr   v_div_cs       dt_limit
__________________________________________________________________________________________________________________________________________________

         10   5.477557   4428.249 -21.055778 -21.055778   2.000000   2.000000   0.755800   0.000071   0.242800  -9.228079    507      0
-2.2907E+00   5.476964   1.727145 -99.000000 -22.453646 -99.000000   0.000000   0.242800   0.000657   0.001400   0.044808      3
 1.0230E-02  -3.828416   2.993913 -99.000000 -99.000000  -7.815789   0.000000   0.000241   0.000146   0.001400  0.000E+00  max increase

           waiting for fully convective core to develop          10    1.4790060885309644D-01
         11   5.477559   4377.344 -21.055747 -21.055747   2.000000   2.000000   0.755800   0.000071   0.242800  -9.228079    515      0
-1.9897E+00   5.476966   1.726120 -99.000000 -22.453615 -99.000000   0.000000   0.242800   0.000657   0.001400   0.044808      3
 2.0470E-02  -3.828413   2.971777 -99.000000 -99.000000  -7.794500   0.000000   0.000241   0.000146   0.001400  0.000E+00  max increase

           waiting for fully convective core to develop          11    1.4789903656218456D-01
         12   5.477563   4340.864 -21.055678 -21.055678   2.000000   2.000000   0.755800   0.000071   0.242800  -9.228079    509      0
-1.6887E+00   5.476970   1.725179 -99.000000 -22.453547 -99.000000   0.000000   0.242800   0.000657   0.001400   0.044807      3
 4.0950E-02  -3.828407   2.955357 -99.000000 -99.000000  -7.780835   0.000000   0.000241   0.000146   0.001400  0.000E+00  max increase

           waiting for fully convective core to develop          12    1.4145397454335124D-01
         13   5.477572   4318.920 -21.055506 -21.055506   2.000000   2.000000   0.755800   0.000071   0.242800  -9.228078    512      0
-1.3876E+00   5.476979   1.724383 -99.000000 -22.453374 -99.000000   0.000000   0.242800   0.000657   0.001400   0.044807      3
 8.1910E-02  -3.828393   2.944961 -36.725659 -99.000000  -7.772958   0.000000   0.000241   0.000146   0.001400  0.000E+00  max increase

           waiting for fully convective core to develop          13    1.3253704446674136D-01
         14   5.477594   4308.052 -21.055078 -21.055078   2.000000   2.000000   0.755800   0.000071   0.242800  -9.228077    509      0
-1.0866E+00   5.477002   1.723767 -99.000000 -22.452946 -99.000000   0.000000   0.242800   0.000657   0.001400   0.044806      3
 1.6383E-01  -3.828358   2.939352 -36.725659 -99.000000  -7.768949   0.000000   0.000241   0.000146   0.001400  0.000E+00  max increase

           waiting for fully convective core to develop          14    1.1604783491279788D-01
         15   5.477648   4303.936 -21.054069 -21.054069   2.000000   2.000000   0.755800   0.000071   0.242800  -9.228073    511      0
-7.8558E-01   5.477056   1.723322 -99.000000 -22.451937 -99.000000   0.000000   0.242800   0.000657   0.001400   0.044803      3
 3.2767E-01  -3.828275   2.936801 -99.000000 -99.000000  -7.767212   0.000000   0.000241   0.000146   0.001400  0.000E+00  max increase

           waiting for fully convective core to develop          15    9.9734593719257789D-02
         16   5.477777   4302.771 -21.051714 -21.051714   2.000000   2.000000   0.755800   0.000071   0.242800  -9.228064    509      0
-4.8455E-01   5.477185   1.722984 -99.000000 -22.449583 -99.000000   0.000000   0.242800   0.000657   0.001400   0.044797      3
 6.5535E-01  -3.828077   2.935655 -99.000000 -99.000000  -7.766480   0.000000   0.000241   0.000146   0.001400  0.000E+00  max increase

           waiting for fully convective core to develop          16    8.0200030487049614D-02
         17   5.478075   4302.698 -21.046554 -21.046554   2.000000   2.000000   0.755800   0.000071   0.242800  -9.228045    511      0
-1.8352E-01   5.477485   1.722644 -99.000000 -22.444422 -99.000000   0.000000   0.242800   0.000657   0.001400   0.044781      3
 1.3107E+00  -3.827619   2.934945 -99.000000 -99.000000  -7.766069   0.000000   0.000241   0.000146   0.001400  0.000E+00  max increase

           waiting for fully convective core to develop          17    6.2534117831811897D-02
         18   5.478718   4303.068 -21.036231 -21.036231   2.000000   2.000000   0.755800   0.000071   0.242800  -9.228003    508      0
 1.1751E-01   5.478131   1.722131 -99.000000 -22.434099 -99.000000   0.000000   0.242800   0.000657   0.001400   0.044749      3
 2.6214E+00  -3.826632   2.934069 -99.000000 -99.000000  -7.765591   0.000000   0.000241   0.000146   0.001400  0.000E+00  max increase

           waiting for fully convective core to develop          18    4.6293403290811795D-02
         19   5.480097   4304.032 -21.018632 -21.018632   2.000000   2.000000   0.755800   0.000071   0.242800  -9.227915    510      0
 4.1854E-01   5.479516   1.721187 -99.000000 -22.416500 -99.000000   0.000000   0.242800   0.000657   0.001400   0.044679      3
 5.2429E+00  -3.824517   2.932570 -99.000000 -99.000000  -7.764796   0.000000   0.000241   0.000146   0.001400  0.000E+00  max increase

           waiting for fully convective core to develop          19    3.1416440465273240D-02

__________________________________________________________________________________________________________________________________________________

       step    lg_Tmax     Teff     lg_LH      lg_Lnuc_tot     Mass       H_rich     H_cntr     N_cntr     Y_surf   eta_cntr   zones  retry
  lg_dt_yrs    lg_Tcntr    lg_R     lg_L3a     lg_Lneu     lg_Mdot    He_core    He_cntr    O_cntr     Z_surf   gam_cntr   iters  
    age_yrs    lg_Dcntr    lg_L     lg_LZ      lg_Lphoto   lg_Dsurf   CO_core    C_cntr     Ne_cntr    Z_cntr   v_div_cs       dt_limit
__________________________________________________________________________________________________________________________________________________

         20   5.482880   4305.949 -20.985899 -20.985899   2.000000   2.000000   0.755800   0.000071   0.242800  -9.227733    508      0
 7.1957E-01   5.482342   1.719334 -99.000000 -22.383767 -99.000000   0.000000   0.242800   0.000657   0.001400   0.044536      3
 1.0486E+01  -3.820200   2.929637 -99.000000 -99.000000  -7.763242   0.000000   0.000241   0.000146   0.001400  0.000E+00  max increase

           waiting for fully convective core to develop          20    3.5904816614869776D-03
         21   5.486626   4309.680 -20.918643 -20.918643   2.000000   2.000000   0.755800   0.000071   0.242800  -9.220668    510      0
 1.0206E+00   5.486626   1.715693 -99.000000 -22.316511 -99.000000   0.000000   0.242800   0.000657   0.001400   0.044422      3
 2.0972E+01  -3.810707   2.923860 -99.000000 -99.000000  -7.760185   0.000000   0.000241   0.000146   0.001400  0.000E+00  max increase

           waiting for fully convective core to develop          21    1.7985028327307563D-04
         22   5.492299   4316.818 -20.789729 -20.789729   2.000000   2.000000   0.755800   0.000071   0.242800  -9.192446    508      0
 1.3216E+00   5.492299   1.708709 -99.000000 -22.187597 -99.000000   0.000000   0.242800   0.000657   0.001400   0.044550      3
 4.1943E+01  -3.789941   2.912766 -99.000000 -99.000000  -7.754332   0.000000   0.000241   0.000146   0.001400  0.000E+00  max increase

             relative mass of radiative core still tiny          22    7.8132180976811516D-08
         23   5.503856   4329.810 -20.566899 -20.566899   2.000000   2.000000   0.755800   0.000071   0.242800  -9.153255    513      0
 1.5927E+00   5.503856   1.696575 -99.000000 -21.964767 -99.000000   0.000000   0.242800   0.000657   0.001400   0.044539      3
 8.1089E+01  -3.755586   2.893719 -99.000000 -99.000000  -7.744410   0.000000   0.000241   0.000146   0.001400  0.000E+00    varcontrol

             relative mass of radiative core still tiny          23    7.8132180976811516D-08
         24   5.518983   4345.121 -20.277531 -20.277531   2.000000   2.000000   0.755800   0.000071   0.242800  -9.101889    512      0
 1.7510E+00   5.518983   1.680702 -99.000000 -21.675399 -99.000000   0.000000   0.242800   0.000657   0.001400   0.044526      3
 1.3746E+02  -3.710590   2.868104 -99.000000 -99.000000  -7.731027   0.000000   0.000241   0.000146   0.001400  0.000E+00    varcontrol

             relative mass of radiative core still tiny          24    7.8132181198856121D-08
         25   5.536076   4365.341 -19.953803 -19.953803   2.000000   2.000000   0.755800   0.000071   0.242800  -9.043758    516      0
 1.8497E+00   5.536076   1.662764 -99.000000 -21.351671 -99.000000   0.000000   0.242800   0.000657   0.001400   0.044512      3
 2.0821E+02  -3.659707   2.840294 -99.000000 -99.000000  -7.717055   0.000000   0.000241   0.000146   0.001400  0.000E+00    varcontrol

             relative mass of radiative core still tiny          25    7.8132181198856121D-08
         26   5.554088   4384.212 -19.616457 -19.616457   2.000000   2.000000   0.755800   0.000071   0.242800  -8.982404    512      0
 1.9215E+00   5.554088   1.643877 -99.000000 -21.014325 -99.000000   0.000000   0.242800   0.000657   0.001400   0.044499      3
 2.9167E+02  -3.606045   2.810014 -99.000000 -99.000000  -7.701799   0.000000   0.000241   0.000146   0.001400  0.000E+00    varcontrol

             relative mass of radiative core still tiny          26    7.8132181420900726D-08
         27   5.572529   4404.047 -19.275132 -19.275132   2.000000   2.000000   0.755800   0.000071   0.242800  -8.919501    518      0
 1.9816E+00   5.572529   1.624551 -99.000000 -20.673000 -99.000000   0.000000   0.242800   0.000657   0.001400   0.044487      3
 3.8751E+02  -3.551069   2.779202 -99.000000 -99.000000  -7.686662   0.000000   0.000241   0.000146   0.001400  0.000E+00    varcontrol

             relative mass of radiative core still tiny          27    7.8132181420900726D-08
         28   5.591135   4424.195 -18.934838 -18.934838   2.000000   2.000000   0.755800   0.000071   0.242800  -8.855944    524      0
 2.0357E+00   5.591135   1.605062 -99.000000 -20.332706 -99.000000   0.000000   0.242800   0.000657   0.001400   0.044477      3
 4.9607E+02  -3.495559   2.748155 -99.000000 -99.000000  -7.671788   0.000000   0.000241   0.000146   0.001400  0.000E+00    varcontrol

             relative mass of radiative core still tiny          28    7.8132181864989936D-08
         29   5.609787   4441.734 -18.597816 -18.597816   2.000000   2.000000   0.755800   0.000071   0.242800  -8.792154    525      0
 2.0881E+00   5.609787   1.585545 -99.000000 -19.995684 -99.000000   0.000000   0.242800   0.000657   0.001400   0.044467      3
 6.1855E+02  -3.439879   2.715993 -99.000000 -99.000000  -7.656175   0.000000   0.000241   0.000146   0.001400  0.000E+00    varcontrol

             relative mass of radiative core still tiny          29    7.8132181642945331D-08

__________________________________________________________________________________________________________________________________________________

       step    lg_Tmax     Teff     lg_LH      lg_Lnuc_tot     Mass       H_rich     H_cntr     N_cntr     Y_surf   eta_cntr   zones  retry
  lg_dt_yrs    lg_Tcntr    lg_R     lg_L3a     lg_Lneu     lg_Mdot    He_core    He_cntr    O_cntr     Z_surf   gam_cntr   iters  
    age_yrs    lg_Dcntr    lg_L     lg_LZ      lg_Lphoto   lg_Dsurf   CO_core    C_cntr     Ne_cntr    Z_cntr   v_div_cs       dt_limit
__________________________________________________________________________________________________________________________________________________

         30   5.628498   4462.278 -18.263811 -18.263811   2.000000   2.000000   0.755800   0.000071   0.242800  -8.728095    524      0
 2.1397E+00   5.628498   1.565976 -99.000000 -19.661679 -99.000000   0.000000   0.242800   0.000657   0.001400   0.044459      3
 7.5650E+02  -3.383995   2.684872 -99.000000 -99.000000  -7.642081   0.000000   0.000241   0.000146   0.001400  0.000E+00    varcontrol

             relative mass of radiative core still tiny          30    7.8132181642945331D-08
         31   5.647234   4481.422 -17.933400 -17.933400   2.000000   2.000000   0.755800   0.000071   0.242800  -8.663889    527      0
 2.1912E+00   5.647234   1.546400 -99.000000 -19.331268 -99.000000   0.000000   0.242800   0.000657   0.001400   0.044451      3
 9.1180E+02  -3.328009   2.653157 -99.000000 -99.000000  -7.627770   0.000000   0.000241   0.000146   0.001400  0.000E+00    varcontrol

             relative mass of radiative core still tiny          31    7.8132181420900726D-08
         32   5.665983   4499.157 -17.606753 -17.606753   2.000000   2.000000   0.755800   0.000071   0.242800  -8.599585    527      0
 2.2429E+00   5.665983   1.526828 -99.000000 -19.004621 -99.000000   0.000000   0.242800   0.000657   0.001400   0.044445      3
 1.0867E+03  -3.271961   2.620875 -99.000000 -99.000000  -7.613147   0.000000   0.000241   0.000146   0.001400  0.000E+00    varcontrol

             relative mass of radiative core still tiny          32    7.8132182309079146D-08
         33   5.684740   4518.904 -17.283911 -17.283911   2.000000   2.000000   0.755800   0.000071   0.242800  -8.535206    530      0
 2.2936E+00   5.684740   1.507264 -99.000000 -18.681779 -99.000000   0.000000   0.242800   0.000657   0.001400   0.044439      3
 1.2834E+03  -3.215868   2.589354 -33.113300 -99.000000  -7.599787   0.000000   0.000241   0.000146   0.001400  0.000E+00    varcontrol

             relative mass of radiative core still tiny          33    7.8132182087034541D-08
         34   5.703436   4535.892 -16.965981 -16.965981   2.000000   2.000000   0.755800   0.000071   0.242800  -8.470991    532      0
 2.3437E+00   5.703436   1.487783 -99.000000 -18.363849 -99.000000   0.000000   0.242800   0.000657   0.001400   0.044433      3
 1.5040E+03  -3.159938   2.556910 -99.000000 -99.000000  -7.585426   0.000000   0.000241   0.000146   0.001400  0.000E+00    varcontrol

             relative mass of radiative core still tiny          34    7.8132181198856121D-08
         35   5.722147   4555.410 -16.651610 -16.651610   2.000000   2.000000   0.755800   0.000071   0.242800  -8.406688    539      0
 2.3945E+00   5.722147   1.468302 -99.000000 -18.049478 -99.000000   0.000000   0.242800   0.000657   0.001400   0.044428      3
 1.7520E+03  -3.103947   2.525407 -99.000000 -99.000000  -7.572577   0.000000   0.000241   0.000146   0.001400  0.000E+00    varcontrol

             relative mass of radiative core still tiny          35    7.8132180310677701D-08
         36   5.740863   4572.804 -16.340900 -16.340900   2.000000   2.000000   0.755800   0.000071   0.242800  -8.342328    535      0
 2.4459E+00   5.740863   1.448834 -99.000000 -17.738768 -99.000000   0.000000   0.242800   0.000657   0.001400   0.044424      3
 2.0312E+03  -3.047923   2.493093 -99.000000 -99.000000  -7.558838   0.000000   0.000241   0.000146   0.001400  0.000E+00    varcontrol

             relative mass of radiative core still tiny          36    7.8132180532722306D-08
         37   5.759577   4590.578 -16.033945 -16.033945   2.000000   2.000000   0.755800   0.000071   0.242800  -8.277945    545      0
 2.4969E+00   5.759577   1.429387 -99.000000 -17.431813 -99.000000   0.000000   0.242800   0.000657   0.001400   0.044420      3
 2.3451E+03  -2.991894   2.460937 -99.000000 -99.000000  -7.545483   0.000000   0.000241   0.000146   0.001400  0.000E+00    varcontrol

             relative mass of radiative core still tiny          37    7.8132180976811516D-08
         38   5.778244   4606.341 -15.731398 -15.731398   2.000000   2.000000   0.755800   0.000071   0.242800  -8.213694    538      0
 2.5475E+00   5.778244   1.410007 -99.000000 -17.129266 -99.000000   0.000000   0.242800   0.000657   0.001400   0.044417      3
 2.6979E+03  -2.935991   2.428132 -99.000000 -99.000000  -7.531221   0.000000   0.000241   0.000146   0.001400  0.000E+00    varcontrol

             relative mass of radiative core still tiny          38    7.8132181198856121D-08
         39   5.796907   4625.242 -15.432495 -15.432495   2.000000   2.000000   0.755800   0.000071   0.242800  -8.149429    546      0
 2.5978E+00   5.796907   1.390647 -99.000000 -16.830363 -99.000000   0.000000   0.242800   0.000657   0.001400   0.044414      3
 3.0940E+03  -2.880089   2.396526 -99.000000 -99.000000  -7.518843   0.000000   0.000241   0.000146   0.001400  0.000E+00    varcontrol

             relative mass of radiative core still tiny          39    7.8132181642945331D-08

__________________________________________________________________________________________________________________________________________________

       step    lg_Tmax     Teff     lg_LH      lg_Lnuc_tot     Mass       H_rich     H_cntr     N_cntr     Y_surf   eta_cntr   zones  retry
  lg_dt_yrs    lg_Tcntr    lg_R     lg_L3a     lg_Lneu     lg_Mdot    He_core    He_cntr    O_cntr     Z_surf   gam_cntr   iters  
    age_yrs    lg_Dcntr    lg_L     lg_LZ      lg_Lphoto   lg_Dsurf   CO_core    C_cntr     Ne_cntr    Z_cntr   v_div_cs       dt_limit
__________________________________________________________________________________________________________________________________________________

         40   5.815572   4642.685 -15.137101 -15.137101   2.000000   2.000000   0.755800   0.000071   0.242800  -8.085134    547      0
 2.6488E+00   5.815572   1.371304 -99.000000 -16.534969 -99.000000   0.000000   0.242800   0.000657   0.001400   0.044411      3
 3.5394E+03  -2.824171   2.364378 -99.000000 -99.000000  -7.505759   0.000000   0.000241   0.000146   0.001400  0.000E+00    varcontrol

             relative mass of radiative core still tiny          40    7.8132180976811516D-08
         41   5.834221   4658.402 -14.845428 -14.845428   2.000000   2.000000   0.755800   0.000071   0.242800  -8.020870    553      0
 2.7000E+00   5.834221   1.351994 -99.000000 -16.243296 -99.000000   0.000000   0.242800   0.000657   0.001400   0.044409      3
 4.0406E+03  -2.768290   2.331630 -99.000000 -99.000000  -7.491773   0.000000   0.000241   0.000146   0.001400  0.000E+00    varcontrol

             relative mass of radiative core still tiny          41    7.8132180754766911D-08
         42   5.852863   4676.211 -14.557312 -14.557312   2.000000   2.000000   0.755800   0.000071   0.242800  -7.956617    552      0
 2.7505E+00   5.852863   1.332710 -99.000000 -15.955179 -99.000000   0.000000   0.242800   0.000657   0.001400   0.044407      3
 4.6036E+03  -2.712424   2.299690 -99.000000 -99.000000  -7.479079   0.000000   0.000241   0.000146   0.001400  0.000E+00    varcontrol

             relative mass of radiative core still tiny          42    7.8132180310677701D-08
         43   5.871485   4692.447 -14.272870 -14.272870   2.000000   2.000000   0.755800   0.000071   0.242800  -7.892413    555      0
 2.8012E+00   5.871485   1.313463 -99.000000 -15.670737 -99.000000   0.000000   0.242800   0.000657   0.001400   0.044405      3
 5.2364E+03  -2.656610   2.267217 -99.000000 -99.000000  -7.465527   0.000000   0.000241   0.000146   0.001400  0.000E+00    varcontrol

             relative mass of radiative core still tiny          43    7.8132180754766911D-08
         44   5.890113   4709.886 -13.991671 -13.991671   2.000000   2.000000   0.755800   0.000071   0.242800  -7.828175    565      0
 2.8521E+00   5.890113   1.294227 -99.000000 -15.389538 -99.000000   0.000000   0.242800   0.000657   0.001400   0.044404      3
 5.9478E+03  -2.600773   2.235189 -99.000000 -99.000000  -7.452711   0.000000   0.000241   0.000146   0.001400  0.000E+00    varcontrol

             relative mass of radiative core still tiny          44    7.8132180976811516D-08
         45   5.908716   4725.668 -13.714106 -13.714106   2.000000   2.000000   0.755800   0.000071   0.242800  -7.764005    566      0
 2.9028E+00   5.908716   1.275033 -99.000000 -15.111974 -99.000000   0.000000   0.242800   0.000657   0.001400   0.044402      3
 6.7473E+03  -2.545001   2.202612 -99.000000 -99.000000  -7.438940   0.000000   0.000241   0.000146   0.001400  0.000E+00    varcontrol

             relative mass of radiative core still tiny          45    7.8132180976811516D-08
         46   5.927315   4742.509 -13.439842 -13.439842   2.000000   2.000000   0.755800   0.000071   0.242800  -7.699839    563      0
 2.9536E+00   5.927315   1.255860 -99.000000 -14.837709 -99.000000   0.000000   0.242800   0.000657   0.001400   0.044401      3
 7.6459E+03  -2.489238   2.170446 -99.000000 -99.000000  -7.425806   0.000000   0.000241   0.000146   0.001400  0.000E+00    varcontrol

             relative mass of radiative core still tiny          46    7.8132180976811516D-08
         47   5.945898   4758.342 -13.168984 -13.168984   2.000000   2.000000   0.755800   0.000071   0.242800  -7.635715    571      0
 3.0043E+00   5.945898   1.236719 -99.000000 -14.566852 -99.000000   0.000000   0.242800   0.000657   0.001400   0.044400      3
 8.6559E+03  -2.433518   2.137955 -99.000000 -99.000000  -7.412066   0.000000   0.000241   0.000146   0.001400  0.000E+00    varcontrol

             relative mass of radiative core still tiny          47    7.8132180754766911D-08
         48   5.964476   4774.836 -12.901326 -12.901326   2.000000   2.000000   0.755800   0.000071   0.242800  -7.571596    573      0
 3.0551E+00   5.964476   1.217599 -99.000000 -14.299194 -99.000000   0.000000   0.242800   0.000657   0.001400   0.044399      3
 9.7912E+03  -2.377807   2.105726 -99.000000 -99.000000  -7.398718   0.000000   0.000241   0.000146   0.001400  0.000E+00    varcontrol

             relative mass of radiative core still tiny          48    7.8132180310677701D-08
         49   5.983038   4791.067 -12.636978 -12.636978   2.000000   2.000000   0.755800   0.000071   0.242800  -7.507522    579      0
 3.1056E+00   5.983038   1.198511 -99.000000 -14.034845 -99.000000   0.000000   0.242800   0.000657   0.001400   0.044399      3
 1.1066E+04  -2.322140   2.073445 -27.995790 -99.000000  -7.385213   0.000000   0.000241   0.000146   0.001400  0.000E+00    varcontrol

             relative mass of radiative core still tiny          49    7.8132180532722306D-08

__________________________________________________________________________________________________________________________________________________

       step    lg_Tmax     Teff     lg_LH      lg_Lnuc_tot     Mass       H_rich     H_cntr     N_cntr     Y_surf   eta_cntr   zones  retry
  lg_dt_yrs    lg_Tcntr    lg_R     lg_L3a     lg_Lneu     lg_Mdot    He_core    He_cntr    O_cntr     Z_surf   gam_cntr   iters  
    age_yrs    lg_Dcntr    lg_L     lg_LZ      lg_Lphoto   lg_Dsurf   CO_core    C_cntr     Ne_cntr    Z_cntr   v_div_cs       dt_limit
__________________________________________________________________________________________________________________________________________________

         50   6.001567   4806.072 -12.376127 -12.376127   2.000000   2.000000   0.755800   0.000071   0.242800  -7.443554    576      0
 3.1561E+00   6.001567   1.179473 -99.000000 -13.773995 -99.000000   0.000000   0.242800   0.000657   0.001400   0.044398      3
 1.2499E+04  -2.266568   2.040800 -99.000000 -99.000000  -7.370976   0.000000   0.000241   0.000146   0.001400  0.000E+00    varcontrol

             relative mass of radiative core still tiny          50    7.8132181198856121D-08
         51   6.020091   4822.982 -12.118339 -12.118339   2.000000   2.000000   0.755800   0.000071   0.242800  -7.379599    581      0
 3.2064E+00   6.020091   1.160454 -99.000000 -13.516206 -99.000000   0.000000   0.242800   0.000657   0.001400   0.044398      3
 1.4107E+04  -2.211011   2.008865 -99.000000 -99.000000  -7.357899   0.000000   0.000241   0.000146   0.001400  0.000E+00    varcontrol

             relative mass of radiative core still tiny          51    7.8132181864989936D-08
         52   6.038599   4838.357 -11.863703 -11.863703   2.000000   2.000000   0.755800   0.000071   0.242800  -7.315692    585      0
 3.2571E+00   6.038599   1.141467 -99.000000 -13.261570 -99.000000   0.000000   0.242800   0.000657   0.001400   0.044397      3
 1.5915E+04  -2.155497   1.976419 -99.000000 -99.000000  -7.343876   0.000000   0.000241   0.000146   0.001400  0.000E+00    varcontrol

             relative mass of radiative core still tiny          52    7.8132181864989936D-08
         53   6.057100   4853.944 -11.612063 -11.612063   2.000000   2.000000   0.755800   0.000071   0.242800  -7.251806    590      0
 3.3078E+00   6.057100   1.122502 -99.000000 -13.009930 -99.000000   0.000000   0.242800   0.000657   0.001400   0.044397      3
 1.7946E+04  -2.100004   1.944076 -99.000000 -99.000000  -7.329974   0.000000   0.000241   0.000146   0.001400  0.000E+00    varcontrol

             relative mass of radiative core still tiny          53    7.8132181864989936D-08
         54   6.075567   4868.330 -11.363729 -11.363729   2.000000   2.000000   0.755800   0.000071   0.242800  -7.188034    587      0
 3.3582E+00   6.075567   1.103585 -99.000000 -12.761595 -99.000000   0.000000   0.242800   0.000657   0.001400   0.044397      3
 2.0227E+04  -2.044611   1.911383 -99.000000 -99.000000  -7.315347   0.000000   0.000241   0.000146   0.001400  0.000E+00    varcontrol

             relative mass of radiative core still tiny          54    7.8132181420900726D-08
         55   6.094024   4884.599 -11.118330 -11.118330   2.000000   2.000000   0.755800   0.000071   0.242800  -7.124293    593      0
 3.4084E+00   6.094024   1.084692 -99.000000 -12.516197 -99.000000   0.000000   0.242800   0.000657   0.001400   0.044397      3
 2.2788E+04  -1.989246   1.879394 -99.000000 -99.000000  -7.301886   0.000000   0.000241   0.000146   0.001400  0.000E+00    varcontrol

             relative mass of radiative core still tiny          55    7.8132181864989936D-08
         56   6.112454   4899.200 -10.876035 -10.876035   2.000000   2.000000   0.755800   0.000071   0.242800  -7.060639    596      0
 3.4587E+00   6.112454   1.065840 -99.000000 -12.273902 -99.000000   0.000000   0.242800   0.000657   0.001400   0.044396      3
 2.5664E+04  -1.933960   1.846874 -99.000000 -99.000000  -7.287400   0.000000   0.000241   0.000146   0.001400  0.000E+00    varcontrol

             relative mass of radiative core still tiny          56    7.8132182087034541D-08
         57   6.130861   4913.924 -10.636753 -10.636753   2.000000   2.000000   0.755800   0.000071   0.242800  -6.997062    596      0
 3.5090E+00   6.130861   1.047024 -99.000000 -12.034619 -99.000000   0.000000   0.242800   0.000657   0.001400   0.044396      3
 2.8893E+04  -1.878741   1.814455 -99.000000 -99.000000  -7.273002   0.000000   0.000241   0.000146   0.001400  0.000E+00    varcontrol

             relative mass of radiative core still tiny          57    7.8132182087034541D-08
         58   6.149238   4928.342 -10.400531 -10.400531   2.000000   2.000000   0.755800   0.000071   0.242800  -6.933587    597      0
 3.5592E+00   6.149238   1.028252 -99.000000 -11.798397 -99.000000   0.000000   0.242800   0.000657   0.001400   0.044396      3
 3.2516E+04  -1.823613   1.782000 -99.000000 -99.000000  -7.258435   0.000000   0.000241   0.000146   0.001400  0.000E+00    varcontrol

             relative mass of radiative core still tiny          58    7.8132182087034541D-08
         59   6.167604   4943.989 -10.167066 -10.167066   2.000000   2.000000   0.755800   0.000071   0.242800  -6.870145    601      0
 3.6093E+00   6.167604   1.009503 -99.000000 -11.564932 -99.000000   0.000000   0.242800   0.000657   0.001400   0.044396      3
 3.6584E+04  -1.768516   1.750009 -99.000000 -99.000000  -7.244645   0.000000   0.000241   0.000146   0.001400  0.000E+00    varcontrol

             relative mass of radiative core still tiny          59    7.8132182309079146D-08

__________________________________________________________________________________________________________________________________________________

       step    lg_Tmax     Teff     lg_LH      lg_Lnuc_tot     Mass       H_rich     H_cntr     N_cntr     Y_surf   eta_cntr   zones  retry
  lg_dt_yrs    lg_Tcntr    lg_R     lg_L3a     lg_Lneu     lg_Mdot    He_core    He_cntr    O_cntr     Z_surf   gam_cntr   iters  
    age_yrs    lg_Dcntr    lg_L     lg_LZ      lg_Lphoto   lg_Dsurf   CO_core    C_cntr     Ne_cntr    Z_cntr   v_div_cs       dt_limit
__________________________________________________________________________________________________________________________________________________

         60   6.185942   4957.727  -9.936528  -9.936528   2.000000   2.000000   0.755800   0.000071   0.242800  -6.806796    604      0
 3.6596E+00   6.185942   0.990793 -99.000000 -11.334394 -99.000000   0.000000   0.242800   0.000657   0.001400   0.044396      3
 4.1150E+04  -1.713500   1.717411 -99.000000 -99.000000  -7.229673   0.000000   0.000241   0.000146   0.001400  0.000E+00    varcontrol

             relative mass of radiative core still tiny          60    7.8132182309079146D-08
         61   6.204268   4972.408  -9.708696  -9.708696   2.000000   2.000000   0.755800   0.000071   0.242800  -6.743489    608      0
 3.7099E+00   6.204268   0.972109 -99.000000 -11.106561 -99.000000   0.000000   0.242800   0.000657   0.001400   0.044396      3
 4.6277E+04  -1.658523   1.685180 -99.000000 -99.000000  -7.215308   0.000000   0.000241   0.000146   0.001400  0.000E+00    varcontrol

             relative mass of radiative core still tiny          61    7.8132182309079146D-08
         62   6.222557   4985.963  -9.483796  -9.483796   2.000000   2.000000   0.755800   0.000071   0.242800  -6.680302    611      0
 3.7599E+00   6.222557   0.953472 -99.000000 -10.881661 -99.000000   0.000000   0.242800   0.000657   0.001400   0.044396      3
 5.2030E+04  -1.603651   1.652634 -99.000000 -99.000000  -7.200268   0.000000   0.000241   0.000146   0.001400  0.000E+00    varcontrol

             relative mass of radiative core still tiny          62    7.8132182309079146D-08
         63   6.240819   4999.712  -9.261694  -9.261694   2.000000   2.000000   0.755800   0.000071   0.242800  -6.617210    607      0
 3.8099E+00   6.240819   0.934875 -99.000000 -10.659558 -99.000000   0.000000   0.242800   0.000657   0.001400   0.044396      3
 5.8485E+04  -1.548863   1.620223 -99.000000 -99.000000  -7.185386   0.000000   0.000241   0.000146   0.001400  0.000E+00    varcontrol

             relative mass of radiative core still tiny          63    7.8132182309079146D-08
         64   6.259059   5013.745  -9.042264  -9.042264   2.000000   2.000000   0.755800   0.000071   0.242800  -6.554189    610      0
 3.8599E+00   6.259059   0.916309 -99.000000 -10.440128 -99.000000   0.000000   0.242800   0.000657   0.001400   0.044397      3
 6.5727E+04  -1.494138   1.587961 -99.000000 -99.000000  -7.170715   0.000000   0.000241   0.000146   0.001400  0.000E+00    varcontrol

             relative mass of radiative core still tiny          64    7.8132182309079146D-08
         65   6.277264   5026.294  -8.825636  -8.825636   2.000000   2.000000   0.755800   0.000071   0.242800  -6.491290    614      0
 3.9099E+00   6.277264   0.897791 -99.000000 -10.223499 -99.000000   0.000000   0.242800   0.000657   0.001400   0.044397      3
 7.3854E+04  -1.439520   1.555266 -99.000000 -99.000000  -7.155145   0.000000   0.000241   0.000146   0.001400  0.000E+00    varcontrol

             relative mass of radiative core still tiny          65    7.8132182309079146D-08
         66   6.295242   5040.394  -8.611582  -8.611582   2.000000   2.000000   0.755800   0.000071   0.242800  -6.427212    619      0
 3.9598E+00   6.295242   0.879301 -99.000000 -10.009445 -99.000000   0.000000   0.242800   0.000657   0.001400   0.044426      3
 8.2971E+04  -1.384730   1.523154 -99.000000 -99.000000  -7.140601   0.000000   0.000241   0.000146   0.001400  0.000E+00    varcontrol

             relative mass of radiative core still tiny          66    7.8132182309079146D-08
         67   6.312589   5052.846  -8.400563  -8.400563   2.000000   2.000000   0.755800   0.000071   0.242800  -6.359431    620      0
 4.0097E+00   6.312589   0.860865 -99.000000  -9.798425 -99.000000   0.000000   0.242800   0.000657   0.001400   0.044542      3
 9.3197E+04  -1.329281   1.490567 -99.000000 -99.000000  -7.125062   0.000000   0.000241   0.000146   0.001400  0.000E+00    varcontrol

                 finished relax to begin radiative core          67    6.0903725277339921D-03

 finished doing relax_to_radiative_core

 read my_history_columns.list
 read my_profile_columns.list
                                 set_initial_dt (years)    1.0000000000000000D+00
                             set_initial_number_retries           0
 net name basic.net
 kap_option gs98
 kap_CO_option gs98_co
 kap_lowT_option lowT_fa05_gs98
                                        OMP_NUM_THREADS          16


__________________________________________________________________________________________________________________________________________________

       step    lg_Tmax     Teff     lg_LH      lg_Lnuc_tot     Mass       H_rich     H_cntr     N_cntr     Y_surf   eta_cntr   zones  retry
  lg_dt_yrs    lg_Tcntr    lg_R     lg_L3a     lg_Lneu     lg_Mdot    He_core    He_cntr    O_cntr     Z_surf   gam_cntr   iters  
    age_yrs    lg_Dcntr    lg_L     lg_LZ      lg_Lphoto   lg_Dsurf   CO_core    C_cntr     Ne_cntr    Z_cntr   v_div_cs       dt_limit
__________________________________________________________________________________________________________________________________________________

          1   6.312590   5052.843  -8.400542  -8.400542   2.000000   2.000000   0.755800   0.000071   0.242800  -6.359424    620      0
 0.0000E+00   6.312590   0.860863 -99.000000  -9.798405 -11.728313   0.000000   0.242800   0.000657   0.001400   0.044542      2
 1.0000E+00  -1.329276   1.490563 -99.000000 -99.000000  -7.125066   0.000000   0.000241   0.000146   0.001400  0.000E+00    varcontrol

save LOGS/profile1.data for model 1
 Loading precomputed flux cube from:/home/njm/MESA/mesa/colors/data/stellar_models/Kurucz2003all//flux_cube.bin
 Loaded flux cube with dimensions:          76 x          11 x           9 x        1173
 Performing interpolation at target parameters...
 Interpolation complete
          2   6.312592   5053.876  -8.400518  -8.400518   2.000000   2.000000   0.755800   0.000071   0.242800  -6.359416    629      0
 7.9181E-02   6.312592   0.860861 -99.000000  -9.798380 -11.728320   0.000000   0.242800   0.000657   0.001400   0.044542      3
 2.2000E+00  -1.329269   1.490914 -99.000000 -99.000000  -7.125728   0.000000   0.000241   0.000146   0.001400  0.000E+00  max increase

 Loading precomputed flux cube from:/home/njm/MESA/mesa/colors/data/stellar_models/Kurucz2003all//flux_cube.bin
 Loaded flux cube with dimensions:          76 x          11 x           9 x        1173
 Performing interpolation at target parameters...
 Interpolation complete
          3   6.312595   5053.785  -8.400488  -8.400488   2.000000   2.000000   0.755800   0.000071   0.242800  -6.359407    628      0
 1.5836E-01   6.312595   0.860858 -99.000000  -9.798351 -11.727848   0.000000   0.242800   0.000657   0.001400   0.044542      2
 3.6400E+00  -1.329261   1.490877 -99.000000 -99.000000  -7.125666   0.000000   0.000241   0.000146   0.001400  0.000E+00  max increase

 Loading precomputed flux cube from:/home/njm/MESA/mesa/colors/data/stellar_models/Kurucz2003all//flux_cube.bin
 Loaded flux cube with dimensions:          76 x          11 x           9 x        1173
 Performing interpolation at target parameters...
 Interpolation complete
          4   6.312598   5053.787  -8.400453  -8.400453   2.000000   2.000000   0.755800   0.000071   0.242800  -6.359395    628      0
 2.3754E-01   6.312598   0.860855 -99.000000  -9.798315 -11.727900   0.000000   0.242800   0.000657   0.001400   0.044542      2
 5.3680E+00  -1.329252   1.490872 -99.000000 -99.000000  -7.125663   0.000000   0.000241   0.000146   0.001400  0.000E+00  max increase

 Loading precomputed flux cube from:/home/njm/MESA/mesa/colors/data/stellar_models/Kurucz2003all//flux_cube.bin
 Loaded flux cube with dimensions:          76 x          11 x           9 x        1173
 Performing interpolation at target parameters...
 Interpolation complete
          5   6.312601   5053.790  -8.400410  -8.400410   2.000000   2.000000   0.755800   0.000071   0.242800  -6.359381    628      0
 3.1672E-01   6.312601   0.860851 -99.000000  -9.798273 -11.727910   0.000000   0.242800   0.000657   0.001400   0.044542      2
 7.4416E+00  -1.329241   1.490865 -99.000000 -99.000000  -7.125660   0.000000   0.000241   0.000146   0.001400  0.000E+00  max increase

 Loading precomputed flux cube from:/home/njm/MESA/mesa/colors/data/stellar_models/Kurucz2003all//flux_cube.bin
 Loaded flux cube with dimensions:          76 x          11 x           9 x        1173
 Performing interpolation at target parameters...
 Interpolation complete
          6   6.312606   5053.793  -8.400359  -8.400359   2.000000   2.000000   0.755800   0.000071   0.242800  -6.359365    628      0
 3.9591E-01   6.312606   0.860847 -99.000000  -9.798222 -11.727922   0.000000   0.242800   0.000657   0.001400   0.044542      2
 9.9299E+00  -1.329227   1.490857 -99.000000 -99.000000  -7.125657   0.000000   0.000241   0.000146   0.001400  0.000E+00  max increase

 Loading precomputed flux cube from:/home/njm/MESA/mesa/colors/data/stellar_models/Kurucz2003all//flux_cube.bin
 Loaded flux cube with dimensions:          76 x          11 x           9 x        1173
 Performing interpolation at target parameters...
 Interpolation complete
          7   6.312611   5053.796  -8.400298  -8.400298   2.000000   2.000000   0.755800   0.000071   0.242800  -6.359345    628      0
 4.7509E-01   6.312611   0.860842 -99.000000  -9.798160 -11.727936   0.000000   0.242800   0.000657   0.001400   0.044542      2
 1.2916E+01  -1.329211   1.490848 -99.000000 -99.000000  -7.125652   0.000000   0.000241   0.000146   0.001400  0.000E+00  max increase

 Loading precomputed flux cube from:/home/njm/MESA/mesa/colors/data/stellar_models/Kurucz2003all//flux_cube.bin
 Loaded flux cube with dimensions:          76 x          11 x           9 x        1173
 Performing interpolation at target parameters...
 Interpolation complete
          8   6.312617   5053.801  -8.400224  -8.400224   2.000000   2.000000   0.755800   0.000071   0.242800  -6.359321    628      0
 5.5427E-01   6.312617   0.860835 -99.000000  -9.798087 -11.727954   0.000000   0.242800   0.000657   0.001400   0.044543      2
 1.6499E+01  -1.329192   1.490836 -99.000000 -99.000000  -7.125647   0.000000   0.000241   0.000146   0.001400  0.000E+00  max increase

 Loading precomputed flux cube from:/home/njm/MESA/mesa/colors/data/stellar_models/Kurucz2003all//flux_cube.bin
 Loaded flux cube with dimensions:          76 x          11 x           9 x        1173
 Performing interpolation at target parameters...
 Interpolation complete
          9   6.312624   5053.806  -8.400136  -8.400136   2.000000   2.000000   0.755800   0.000071   0.242800  -6.359293    628      0
 6.3345E-01   6.312624   0.860827 -99.000000  -9.797998 -11.727974   0.000000   0.242800   0.000657   0.001400   0.044543      2
 2.0799E+01  -1.329168   1.490823 -99.000000 -99.000000  -7.125640   0.000000   0.000241   0.000146   0.001400  0.000E+00  max increase

 Loading precomputed flux cube from:/home/njm/MESA/mesa/colors/data/stellar_models/Kurucz2003all//flux_cube.bin
 Loaded flux cube with dimensions:          76 x          11 x           9 x        1173
 Performing interpolation at target parameters...
 Interpolation complete

__________________________________________________________________________________________________________________________________________________

       step    lg_Tmax     Teff     lg_LH      lg_Lnuc_tot     Mass       H_rich     H_cntr     N_cntr     Y_surf   eta_cntr   zones  retry
  lg_dt_yrs    lg_Tcntr    lg_R     lg_L3a     lg_Lneu     lg_Mdot    He_core    He_cntr    O_cntr     Z_surf   gam_cntr   iters  
    age_yrs    lg_Dcntr    lg_L     lg_LZ      lg_Lphoto   lg_Dsurf   CO_core    C_cntr     Ne_cntr    Z_cntr   v_div_cs       dt_limit
__________________________________________________________________________________________________________________________________________________

         10   6.312633   5053.812  -8.400030  -8.400030   2.000000   2.000000   0.755800   0.000071   0.242800  -6.359259    628      0
 7.1263E-01   6.312633   0.860818 -99.000000  -9.797892 -11.727999   0.000000   0.242800   0.000657   0.001400   0.044543      2
 2.5959E+01  -1.329140   1.490806 -99.000000 -99.000000  -7.125632   0.000000   0.000241   0.000146   0.001400  0.000E+00  max increase

 Loading precomputed flux cube from:/home/njm/MESA/mesa/colors/data/stellar_models/Kurucz2003all//flux_cube.bin
 Loaded flux cube with dimensions:          76 x          11 x           9 x        1173
 Performing interpolation at target parameters...
 Interpolation complete
         11   6.312643   5053.820  -8.399903  -8.399903   2.000000   2.000000   0.755800   0.000071   0.242800  -6.359218    628      0
 7.9181E-01   6.312643   0.860807 -99.000000  -9.797765 -11.728029   0.000000   0.242800   0.000657   0.001400   0.044543      2
 3.2150E+01  -1.329107   1.490787 -99.000000 -99.000000  -7.125623   0.000000   0.000241   0.000146   0.001400  0.000E+00  max increase

 Loading precomputed flux cube from:/home/njm/MESA/mesa/colors/data/stellar_models/Kurucz2003all//flux_cube.bin
 Loaded flux cube with dimensions:          76 x          11 x           9 x        1173
 Performing interpolation at target parameters...
 Interpolation complete
         12   6.312656   5053.829  -8.399750  -8.399750   2.000000   2.000000   0.755800   0.000071   0.242800  -6.359168    628      0
 8.7099E-01   6.312656   0.860794 -99.000000  -9.797613 -11.728065   0.000000   0.242800   0.000657   0.001400   0.044543      2
 3.9581E+01  -1.329066   1.490763 -99.000000 -99.000000  -7.125612   0.000000   0.000241   0.000146   0.001400  0.000E+00  max increase

 Loading precomputed flux cube from:/home/njm/MESA/mesa/colors/data/stellar_models/Kurucz2003all//flux_cube.bin
 Loaded flux cube with dimensions:          76 x          11 x           9 x        1173
 Performing interpolation at target parameters...
 Interpolation complete
         13   6.312671   5053.840  -8.399567  -8.399567   2.000000   2.000000   0.755800   0.000071   0.242800  -6.359109    628      0
 9.5017E-01   6.312671   0.860777 -99.000000  -9.797430 -11.728108   0.000000   0.242800   0.000657   0.001400   0.044543      2
 4.8497E+01  -1.329018   1.490735 -99.000000 -99.000000  -7.125598   0.000000   0.000241   0.000146   0.001400  0.000E+00  max increase

 Loading precomputed flux cube from:/home/njm/MESA/mesa/colors/data/stellar_models/Kurucz2003all//flux_cube.bin
 Loaded flux cube with dimensions:          76 x          11 x           9 x        1173
 Performing interpolation at target parameters...
 Interpolation complete
         14   6.312689   5053.853  -8.399348  -8.399348   2.000000   2.000000   0.755800   0.000071   0.242800  -6.359038    628      0
 1.0294E+00   6.312689   0.860758 -99.000000  -9.797210 -11.728160   0.000000   0.242800   0.000657   0.001400   0.044543      2
 5.9196E+01  -1.328960   1.490700 -99.000000 -99.000000  -7.125582   0.000000   0.000241   0.000146   0.001400  0.000E+00  max increase

 Loading precomputed flux cube from:/home/njm/MESA/mesa/colors/data/stellar_models/Kurucz2003all//flux_cube.bin
 Loaded flux cube with dimensions:          76 x          11 x           9 x        1173
 Performing interpolation at target parameters...
 Interpolation complete
         15   6.312711   5053.869  -8.399084  -8.399084   2.000000   2.000000   0.755800   0.000071   0.242800  -6.358953    628      0
 1.1085E+00   6.312711   0.860735 -99.000000  -9.796947 -11.728222   0.000000   0.242800   0.000657   0.001400   0.044543      2
 7.2035E+01  -1.328890   1.490660 -99.000000 -99.000000  -7.125563   0.000000   0.000241   0.000146   0.001400  0.000E+00  max increase

 Loading precomputed flux cube from:/home/njm/MESA/mesa/colors/data/stellar_models/Kurucz2003all//flux_cube.bin
 Loaded flux cube with dimensions:          76 x          11 x           9 x        1173
 Performing interpolation at target parameters...
 Interpolation complete
         16   6.312737   5053.888  -8.398768  -8.398768   2.000000   2.000000   0.755800   0.000071   0.242800  -6.358851    628      0
 1.1877E+00   6.312737   0.860707 -99.000000  -9.796630 -11.728297   0.000000   0.242800   0.000657   0.001400   0.044543      2
 8.7442E+01  -1.328807   1.490611 -99.000000 -99.000000  -7.125539   0.000000   0.000241   0.000146   0.001400  0.000E+00  max increase

 Loading precomputed flux cube from:/home/njm/MESA/mesa/colors/data/stellar_models/Kurucz2003all//flux_cube.bin
 Loaded flux cube with dimensions:          76 x          11 x           9 x        1173
 Performing interpolation at target parameters...
 Interpolation complete
         17   6.312768   5053.911  -8.398389  -8.398389   2.000000   2.000000   0.755800   0.000071   0.242800  -6.358729    628      0
 1.2669E+00   6.312768   0.860674 -99.000000  -9.796251 -11.728386   0.000000   0.242800   0.000657   0.001400   0.044544      2
 1.0593E+02  -1.328707   1.490552 -99.000000 -99.000000  -7.125511   0.000000   0.000241   0.000146   0.001400  0.000E+00  max increase

 Loading precomputed flux cube from:/home/njm/MESA/mesa/colors/data/stellar_models/Kurucz2003all//flux_cube.bin
 Loaded flux cube with dimensions:          76 x          11 x           9 x        1173
 Performing interpolation at target parameters...
 Interpolation complete
         18   6.312806   5053.938  -8.397934  -8.397934   2.000000   2.000000   0.755800   0.000071   0.242800  -6.358582    628      0
 1.3461E+00   6.312806   0.860634 -99.000000  -9.795796 -11.728494   0.000000   0.242800   0.000657   0.001400   0.044544      2
 1.2812E+02  -1.328587   1.490481 -99.000000 -99.000000  -7.125478   0.000000   0.000241   0.000146   0.001400  0.000E+00  max increase

 Loading precomputed flux cube from:/home/njm/MESA/mesa/colors/data/stellar_models/Kurucz2003all//flux_cube.bin
 Loaded flux cube with dimensions:          76 x          11 x           9 x        1173
 Performing interpolation at target parameters...
 Interpolation complete
         19   6.312851   5053.970  -8.397388  -8.397388   2.000000   2.000000   0.755800   0.000071   0.242800  -6.358406    628      0
 1.4253E+00   6.312851   0.860586 -99.000000  -9.795250 -11.728622   0.000000   0.242800   0.000657   0.001400   0.044544      2
 1.5474E+02  -1.328442   1.490397 -99.000000 -99.000000  -7.125438   0.000000   0.000241   0.000146   0.001400  0.000E+00  max increase

 Loading precomputed flux cube from:/home/njm/MESA/mesa/colors/data/stellar_models/Kurucz2003all//flux_cube.bin
 Loaded flux cube with dimensions:          76 x          11 x           9 x        1173
 Performing interpolation at target parameters...
 Interpolation complete

__________________________________________________________________________________________________________________________________________________

       step    lg_Tmax     Teff     lg_LH      lg_Lnuc_tot     Mass       H_rich     H_cntr     N_cntr     Y_surf   eta_cntr   zones  retry
  lg_dt_yrs    lg_Tcntr    lg_R     lg_L3a     lg_Lneu     lg_Mdot    He_core    He_cntr    O_cntr     Z_surf   gam_cntr   iters  
    age_yrs    lg_Dcntr    lg_L     lg_LZ      lg_Lphoto   lg_Dsurf   CO_core    C_cntr     Ne_cntr    Z_cntr   v_div_cs       dt_limit
__________________________________________________________________________________________________________________________________________________

         20   6.312905   5054.010  -8.396733  -8.396733   2.000000   2.000000   0.755800   0.000071   0.242800  -6.358194    628      0
 1.5044E+00   6.312905   0.860529 -99.000000  -9.794596 -11.728777   0.000000   0.242800   0.000657   0.001400   0.044544      2
 1.8669E+02  -1.328269   1.490295 -99.000000 -99.000000  -7.125389   0.000000   0.000241   0.000146   0.001400  0.000E+00  max increase

 Loading precomputed flux cube from:/home/njm/MESA/mesa/colors/data/stellar_models/Kurucz2003all//flux_cube.bin
 Loaded flux cube with dimensions:          76 x          11 x           9 x        1173
 Performing interpolation at target parameters...
 Interpolation complete
         21   6.312970   5054.057  -8.395948  -8.395948   2.000000   2.000000   0.755800   0.000071   0.242800  -6.357940    628      0
 1.5836E+00   6.312970   0.860460 -99.000000  -9.793810 -11.728962   0.000000   0.242800   0.000657   0.001400   0.044545      4
 2.2503E+02  -1.328062   1.490173 -99.000000 -99.000000  -7.125331   0.000000   0.000241   0.000146   0.001400  0.000E+00  max increase

 Loading precomputed flux cube from:/home/njm/MESA/mesa/colors/data/stellar_models/Kurucz2003all//flux_cube.bin
 Loaded flux cube with dimensions:          76 x          11 x           9 x        1173
 Performing interpolation at target parameters...
 Interpolation complete
         22   6.313048   5054.113  -8.395006  -8.395006   2.000000   2.000000   0.755800   0.000071   0.242800  -6.357636    628      0
 1.6628E+00   6.313048   0.860377 -99.000000  -9.792868 -11.729184   0.000000   0.242800   0.000657   0.001400   0.044545      2
 2.7103E+02  -1.327813   1.490027 -99.000000 -99.000000  -7.125262   0.000000   0.000241   0.000146   0.001400  0.000E+00  max increase

 Loading precomputed flux cube from:/home/njm/MESA/mesa/colors/data/stellar_models/Kurucz2003all//flux_cube.bin
 Loaded flux cube with dimensions:          76 x          11 x           9 x        1173
 Performing interpolation at target parameters...
 Interpolation complete
         23   6.313141   5054.180  -8.393877  -8.393877   2.000000   2.000000   0.755800   0.000071   0.242800  -6.357271    628      0
 1.7420E+00   6.313141   0.860278 -99.000000  -9.791739 -11.729451   0.000000   0.242800   0.000657   0.001400   0.044546      2
 3.2624E+02  -1.327514   1.489852 -99.000000 -99.000000  -7.125179   0.000000   0.000241   0.000146   0.001400  0.000E+00  max increase

 Loading precomputed flux cube from:/home/njm/MESA/mesa/colors/data/stellar_models/Kurucz2003all//flux_cube.bin
 Loaded flux cube with dimensions:          76 x          11 x           9 x        1173
 Performing interpolation at target parameters...
 Interpolation complete
         24   6.313253   5054.262  -8.392522  -8.392522   2.000000   2.000000   0.755800   0.000071   0.242800  -6.356833    628      0
 1.8212E+00   6.313253   0.860159 -99.000000  -9.790385 -11.729771   0.000000   0.242800   0.000657   0.001400   0.044547      2
 3.9248E+02  -1.327156   1.489642 -99.000000 -99.000000  -7.125079   0.000000   0.000241   0.000146   0.001400  0.000E+00  max increase

 Loading precomputed flux cube from:/home/njm/MESA/mesa/colors/data/stellar_models/Kurucz2003all//flux_cube.bin
 Loaded flux cube with dimensions:          76 x          11 x           9 x        1173
 Performing interpolation at target parameters...
 Interpolation complete
         25   6.313387   5054.359  -8.390899  -8.390899   2.000000   2.000000   0.755800   0.000071   0.242800  -6.356308    628      0
 1.9003E+00   6.313387   0.860016 -99.000000  -9.788761 -11.730154   0.000000   0.242800   0.000657   0.001400   0.044548      2
 4.7198E+02  -1.326727   1.489390 -99.000000 -99.000000  -7.124959   0.000000   0.000241   0.000146   0.001400  0.000E+00  max increase

 Loading precomputed flux cube from:/home/njm/MESA/mesa/colors/data/stellar_models/Kurucz2003all//flux_cube.bin
 Loaded flux cube with dimensions:          76 x          11 x           9 x        1173
 Performing interpolation at target parameters...
 Interpolation complete
         26   6.313548   5054.475  -8.388953  -8.388953   2.000000   2.000000   0.755800   0.000071   0.242800  -6.355678    628      0
 1.9795E+00   6.313548   0.859845 -99.000000  -9.786816 -11.730613   0.000000   0.242800   0.000657   0.001400   0.044549      2
 5.6738E+02  -1.326212   1.489088 -99.000000 -99.000000  -7.124816   0.000000   0.000241   0.000146   0.001400  0.000E+00  max increase

 Loading precomputed flux cube from:/home/njm/MESA/mesa/colors/data/stellar_models/Kurucz2003all//flux_cube.bin
 Loaded flux cube with dimensions:          76 x          11 x           9 x        1173
 Performing interpolation at target parameters...
 Interpolation complete
         27   6.313741   5054.615  -8.386622  -8.386622   2.000000   2.000000   0.755800   0.000071   0.242800  -6.354922    628      0
 2.0587E+00   6.313741   0.859640 -99.000000  -9.784484 -11.731164   0.000000   0.242800   0.000657   0.001400   0.044550      3
 6.8185E+02  -1.325595   1.488726 -99.000000 -99.000000  -7.124644   0.000000   0.000241   0.000146   0.001400  0.000E+00  max increase

 Loading precomputed flux cube from:/home/njm/MESA/mesa/colors/data/stellar_models/Kurucz2003all//flux_cube.bin
 Loaded flux cube with dimensions:          76 x          11 x           9 x        1173
 Performing interpolation at target parameters...
 Interpolation complete
         28   6.313972   5054.782  -8.383828  -8.383828   2.000000   2.000000   0.755800   0.000071   0.242800  -6.354017    628      0
 2.1379E+00   6.313972   0.859395 -99.000000  -9.781691 -11.731824   0.000000   0.242800   0.000657   0.001400   0.044552      2
 8.1922E+02  -1.324856   1.488293 -99.000000 -99.000000  -7.124438   0.000000   0.000241   0.000146   0.001400  0.000E+00  max increase

 Loading precomputed flux cube from:/home/njm/MESA/mesa/colors/data/stellar_models/Kurucz2003all//flux_cube.bin
 Loaded flux cube with dimensions:          76 x          11 x           9 x        1173
 Performing interpolation at target parameters...
 Interpolation complete
         29   6.314248   5054.982  -8.380483  -8.380483   2.000000   2.000000   0.755800   0.000071   0.242800  -6.352931    628      0
 2.2171E+00   6.314248   0.859101 -99.000000  -9.778346 -11.732615   0.000000   0.242800   0.000657   0.001400   0.044554      2
 9.8407E+02  -1.323970   1.487773 -99.000000 -99.000000  -7.124191   0.000000   0.000241   0.000146   0.001400  0.000E+00  max increase

 Loading precomputed flux cube from:/home/njm/MESA/mesa/colors/data/stellar_models/Kurucz2003all//flux_cube.bin
 Loaded flux cube with dimensions:          76 x          11 x           9 x        1173
 Performing interpolation at target parameters...
 Interpolation complete

__________________________________________________________________________________________________________________________________________________

       step    lg_Tmax     Teff     lg_LH      lg_Lnuc_tot     Mass       H_rich     H_cntr     N_cntr     Y_surf   eta_cntr   zones  retry
  lg_dt_yrs    lg_Tcntr    lg_R     lg_L3a     lg_Lneu     lg_Mdot    He_core    He_cntr    O_cntr     Z_surf   gam_cntr   iters  
    age_yrs    lg_Dcntr    lg_L     lg_LZ      lg_Lphoto   lg_Dsurf   CO_core    C_cntr     Ne_cntr    Z_cntr   v_div_cs       dt_limit
__________________________________________________________________________________________________________________________________________________

         30   6.314579   5055.222  -8.376479  -8.376479   2.000000   2.000000   0.755800   0.000071   0.242800  -6.351630    628      0
 2.2963E+00   6.314579   0.858748 -99.000000  -9.774341 -11.733563   0.000000   0.242800   0.000657   0.001400   0.044556      2
 1.1819E+03  -1.322909   1.487152 -99.000000 -99.000000  -7.123895   0.000000   0.000241   0.000146   0.001400  0.000E+00  max increase

 Loading precomputed flux cube from:/home/njm/MESA/mesa/colors/data/stellar_models/Kurucz2003all//flux_cube.bin
 Loaded flux cube with dimensions:          76 x          11 x           9 x        1173
 Performing interpolation at target parameters...
 Interpolation complete
         31   6.314974   5055.510  -8.371688  -8.371688   2.000000   2.000000   0.755800   0.000071   0.242800  -6.350071    628      0
 2.3754E+00   6.314974   0.858327 -99.000000  -9.769550 -11.734697   0.000000   0.242800   0.000657   0.001400   0.044559      2
 1.4193E+03  -1.321639   1.486407 -99.000000 -99.000000  -7.123542   0.000000   0.000241   0.000146   0.001400  0.000E+00  max increase

 Loading precomputed flux cube from:/home/njm/MESA/mesa/colors/data/stellar_models/Kurucz2003all//flux_cube.bin
 Loaded flux cube with dimensions:          76 x          11 x           9 x        1173
 Performing interpolation at target parameters...
 Interpolation complete
         32   6.315447   5055.853  -8.365958  -8.365958   2.000000   2.000000   0.755800   0.000071   0.242800  -6.348204    628      0
 2.4546E+00   6.315447   0.857823 -99.000000  -9.763820 -11.736055   0.000000   0.242800   0.000657   0.001400   0.044562      3
 1.7041E+03  -1.320119   1.485517 -99.000000 -99.000000  -7.123119   0.000000   0.000241   0.000146   0.001400  0.000E+00  max increase

 Loading precomputed flux cube from:/home/njm/MESA/mesa/colors/data/stellar_models/Kurucz2003all//flux_cube.bin
 Loaded flux cube with dimensions:          76 x          11 x           9 x        1173
 Performing interpolation at target parameters...
 Interpolation complete
         33   6.316012   5056.264  -8.359111  -8.359111   2.000000   2.000000   0.755800   0.000071   0.242800  -6.345968    628      0
 2.5338E+00   6.316012   0.857220 -99.000000  -9.756973 -11.737679   0.000000   0.242800   0.000657   0.001400   0.044567      2
 2.0459E+03  -1.318301   1.484453 -99.000000 -99.000000  -7.122613   0.000000   0.000241   0.000146   0.001400  0.000E+00  max increase

 Loading precomputed flux cube from:/home/njm/MESA/mesa/colors/data/stellar_models/Kurucz2003all//flux_cube.bin
 Loaded flux cube with dimensions:          76 x          11 x           9 x        1173
 Performing interpolation at target parameters...
 Interpolation complete
         34   6.316686   5056.756  -8.350935  -8.350935   2.000000   2.000000   0.755800   0.000071   0.242800  -6.343293    628      0
 2.6130E+00   6.316686   0.856500 -99.000000  -9.748797 -11.739621   0.000000   0.242800   0.000657   0.001400   0.044572      2
 2.4561E+03  -1.316128   1.483182 -99.000000 -99.000000  -7.122010   0.000000   0.000241   0.000146   0.001400  0.000E+00  max increase

 Loading precomputed flux cube from:/home/njm/MESA/mesa/colors/data/stellar_models/Kurucz2003all//flux_cube.bin
 Loaded flux cube with dimensions:          76 x          11 x           9 x        1173
 Performing interpolation at target parameters...
 Interpolation complete
         35   6.317490   5057.342  -8.341182  -8.341182   2.000000   2.000000   0.755800   0.000071   0.242800  -6.340093    628      0
 2.6922E+00   6.317490   0.855641 -99.000000  -9.739045 -11.741940   0.000000   0.242800   0.000657   0.001400   0.044578      2
 2.9483E+03  -1.313533   1.481665 -99.000000 -99.000000  -7.121289   0.000000   0.000241   0.000146   0.001400  0.000E+00  max increase

 Loading precomputed flux cube from:/home/njm/MESA/mesa/colors/data/stellar_models/Kurucz2003all//flux_cube.bin
 Loaded flux cube with dimensions:          76 x          11 x           9 x        1173
 Performing interpolation at target parameters...
 Interpolation complete
         36   6.318448   5058.042  -8.329561  -8.329561   2.000000   2.000000   0.755800   0.000071   0.242800  -6.336267    628      0
 2.7713E+00   6.318448   0.854616 -99.000000  -9.727424 -11.744709   0.000000   0.242800   0.000657   0.001400   0.044586      2
 3.5390E+03  -1.310435   1.479856 -99.000000 -99.000000  -7.120431   0.000000   0.000241   0.000146   0.001400  0.000E+00  max increase

 Loading precomputed flux cube from:/home/njm/MESA/mesa/colors/data/stellar_models/Kurucz2003all//flux_cube.bin
 Loaded flux cube with dimensions:          76 x          11 x           9 x        1173
 Performing interpolation at target parameters...
 Interpolation complete
         37   6.319587   5058.962  -8.315731  -8.315731   2.000000   2.000000   0.755800   0.000071   0.242800  -6.331697    629      0
 2.8505E+00   6.319587   0.853396 -99.000000  -9.713594 -11.748009   0.000000   0.242800   0.000657   0.001400   0.044595      3
 4.2478E+03  -1.306743   1.477731 -99.000000 -99.000000  -7.119463   0.000000   0.000241   0.000146   0.001400  0.000E+00  max increase

 Loading precomputed flux cube from:/home/njm/MESA/mesa/colors/data/stellar_models/Kurucz2003all//flux_cube.bin
 Loaded flux cube with dimensions:          76 x          11 x           9 x        1173
 Performing interpolation at target parameters...
 Interpolation complete
         38   6.320938   5059.932  -8.299301  -8.299301   2.000000   2.000000   0.755800   0.000071   0.242800  -6.326242    628      0
 2.9297E+00   6.320938   0.851945 -99.000000  -9.697163 -11.751900   0.000000   0.242800   0.000657   0.001400   0.044607      3
 5.0984E+03  -1.302348   1.475162 -99.000000 -99.000000  -7.118234   0.000000   0.000241   0.000146   0.001400  0.000E+00  max increase

 Loading precomputed flux cube from:/home/njm/MESA/mesa/colors/data/stellar_models/Kurucz2003all//flux_cube.bin
 Loaded flux cube with dimensions:          76 x          11 x           9 x        1173
 Performing interpolation at target parameters...
 Interpolation complete
         39   6.322539   5061.097  -8.279818  -8.279818   2.000000   2.000000   0.755800   0.000071   0.242800  -6.319737    628      0
 3.0089E+00   6.322539   0.850222 -99.000000  -9.677681 -11.756584   0.000000   0.242800   0.000657   0.001400   0.044621      3
 6.1190E+03  -1.297122   1.472117 -99.000000 -99.000000  -7.116783   0.000000   0.000241   0.000146   0.001400  0.000E+00  max increase

 Loading precomputed flux cube from:/home/njm/MESA/mesa/colors/data/stellar_models/Kurucz2003all//flux_cube.bin
 Loaded flux cube with dimensions:          76 x          11 x           9 x        1173
 Performing interpolation at target parameters...
 Interpolation complete

__________________________________________________________________________________________________________________________________________________

       step    lg_Tmax     Teff     lg_LH      lg_Lnuc_tot     Mass       H_rich     H_cntr     N_cntr     Y_surf   eta_cntr   zones  retry
  lg_dt_yrs    lg_Tcntr    lg_R     lg_L3a     lg_Lneu     lg_Mdot    He_core    He_cntr    O_cntr     Z_surf   gam_cntr   iters  
    age_yrs    lg_Dcntr    lg_L     lg_LZ      lg_Lphoto   lg_Dsurf   CO_core    C_cntr     Ne_cntr    Z_cntr   v_div_cs       dt_limit
__________________________________________________________________________________________________________________________________________________

         40   6.324430   5062.477  -8.256766  -8.256766   2.000000   2.000000   0.755800   0.000071   0.242800  -6.311987    628      0
 3.0881E+00   6.324430   0.848181 -99.000000  -9.654628 -11.762139   0.000000   0.242800   0.000657   0.001400   0.044639      3
 7.3439E+03  -1.290920   1.468509 -99.000000 -99.000000  -7.115063   0.000000   0.000241   0.000146   0.001400  0.000E+00  max increase

 Loading precomputed flux cube from:/home/njm/MESA/mesa/colors/data/stellar_models/Kurucz2003all//flux_cube.bin
 Loaded flux cube with dimensions:          76 x          11 x           9 x        1173
 Performing interpolation at target parameters...
 Interpolation complete
         41   6.326659   5064.109  -8.229562  -8.229562   2.000000   2.000000   0.755800   0.000071   0.242800  -6.302766    628      0
 3.1672E+00   6.326659   0.845769 -99.000000  -9.627424 -11.768720   0.000000   0.242800   0.000657   0.001400   0.044662      3
 8.8136E+03  -1.283574   1.464244 -99.000000 -99.000000  -7.113031   0.000000   0.000241   0.000146   0.001400  0.000E+00  max increase

 Loading precomputed flux cube from:/home/njm/MESA/mesa/colors/data/stellar_models/Kurucz2003all//flux_cube.bin
 Loaded flux cube with dimensions:          76 x          11 x           9 x        1173
 Performing interpolation at target parameters...
 Interpolation complete
         42   6.329275   5066.031  -8.197555  -8.197555   2.000000   2.000000   0.755800   0.000071   0.242800  -6.291811    628      0
 3.2464E+00   6.329275   0.842926 -99.000000  -9.595417 -11.776499   0.000000   0.242800   0.000657   0.001400   0.044691      3
 1.0577E+04  -1.274893   1.459217 -99.000000 -99.000000  -7.110635   0.000000   0.000241   0.000146   0.001400  0.000E+00  max increase

 Loading precomputed flux cube from:/home/njm/MESA/mesa/colors/data/stellar_models/Kurucz2003all//flux_cube.bin
 Loaded flux cube with dimensions:          76 x          11 x           9 x        1173
 Performing interpolation at target parameters...
 Interpolation complete
         43   6.332336   5068.245  -8.160029  -8.160029   2.000000   2.000000   0.755800   0.000071   0.242800  -6.278819    628      0
 3.3256E+00   6.332336   0.839585 -99.000000  -9.557891 -11.785669   0.000000   0.242800   0.000657   0.001400   0.044727      3
 1.2694E+04  -1.264662   1.453294 -99.000000 -99.000000  -7.107790   0.000000   0.000241   0.000146   0.001400  0.000E+00  max increase

 Loading precomputed flux cube from:/home/njm/MESA/mesa/colors/data/stellar_models/Kurucz2003all//flux_cube.bin
 Loaded flux cube with dimensions:          76 x          11 x           9 x        1173
 Performing interpolation at target parameters...
 Interpolation complete
         44   6.335900   5070.809  -8.116213  -8.116213   2.000000   2.000000   0.755800   0.000071   0.242800  -6.263445    628      0
 3.4048E+00   6.335900   0.835674 -99.000000  -9.514074 -11.796464   0.000000   0.242800   0.000657   0.001400   0.044772      3
 1.5234E+04  -1.252641   1.446351 -99.000000 -99.000000  -7.104443   0.000000   0.000241   0.000146   0.001400  0.000E+00  max increase

 Loading precomputed flux cube from:/home/njm/MESA/mesa/colors/data/stellar_models/Kurucz2003all//flux_cube.bin
 Loaded flux cube with dimensions:          76 x          11 x           9 x        1173
 Performing interpolation at target parameters...
 Interpolation complete
         45   6.340031   5073.764  -8.065288  -8.065288   2.000000   2.000000   0.755800   0.000071   0.242800  -6.245299    627      0
 3.4840E+00   6.340031   0.831115 -99.000000  -9.463149 -11.809115   0.000000   0.242800   0.000657   0.001400   0.044830      4
 1.8281E+04  -1.238567   1.438245 -99.000000 -99.000000  -7.100518   0.000000   0.000241   0.000146   0.001400  0.000E+00  max increase

 Loading precomputed flux cube from:/home/njm/MESA/mesa/colors/data/stellar_models/Kurucz2003all//flux_cube.bin
 Loaded flux cube with dimensions:          76 x          11 x           9 x        1173
 Performing interpolation at target parameters...
 Interpolation complete
         46   6.344797   5077.960  -8.006376  -8.006376   2.000000   2.000000   0.755800   0.000071   0.242800  -6.223946    631      0
 3.5632E+00   6.344797   0.825823 -99.000000  -9.404237 -11.823879   0.000000   0.242800   0.000657   0.001400   0.044903      3
 2.1939E+04  -1.222148   1.429096 -99.000000 -99.000000  -7.096458   0.000000   0.000241   0.000146   0.001400  0.000E+00  max increase

 Loading precomputed flux cube from:/home/njm/MESA/mesa/colors/data/stellar_models/Kurucz2003all//flux_cube.bin
 Loaded flux cube with dimensions:          76 x          11 x           9 x        1173
 Performing interpolation at target parameters...
 Interpolation complete
         47   6.350259   5081.999  -7.938660  -7.938660   2.000000   2.000000   0.755800   0.000071   0.242800  -6.198907    630      0
 3.6423E+00   6.350259   0.819715 -99.000000  -9.336521 -11.840664   0.000000   0.242800   0.000657   0.001400   0.044995      3
 2.6327E+04  -1.203084   1.418263 -99.000000 -99.000000  -7.091253   0.000000   0.000241   0.000146   0.001400  0.000E+00  max increase

 Loading precomputed flux cube from:/home/njm/MESA/mesa/colors/data/stellar_models/Kurucz2003all//flux_cube.bin
 Loaded flux cube with dimensions:          76 x          11 x           9 x        1173
 Performing interpolation at target parameters...
 Interpolation complete
         48   6.356480   5086.613  -7.861336  -7.861336   2.000000   2.000000   0.755800   0.000071   0.242800  -6.169661    630      0
 3.7215E+00   6.356480   0.812710 -99.000000  -9.259197 -11.860407   0.000000   0.242800   0.000657   0.001400   0.045112      3
 3.1594E+04  -1.181058   1.405828 -99.000000 -99.000000  -7.085270   0.000000   0.000241   0.000146   0.001400  0.000E+00  max increase

 Loading precomputed flux cube from:/home/njm/MESA/mesa/colors/data/stellar_models/Kurucz2003all//flux_cube.bin
 Loaded flux cube with dimensions:          76 x          11 x           9 x        1173
 Performing interpolation at target parameters...
 Interpolation complete
         49   6.363514   5091.843  -7.773667  -7.773667   2.000000   2.000000   0.755800   0.000071   0.242800  -6.135654    630      0
 3.8007E+00   6.363514   0.804727 -99.000000  -9.171527 -11.883064   0.000000   0.242800   0.000657   0.001400   0.045258      4
 3.7913E+04  -1.155744   1.391648 -99.000000 -99.000000  -7.078435   0.000000   0.000241   0.000146   0.001400  0.000E+00  max increase

 Loading precomputed flux cube from:/home/njm/MESA/mesa/colors/data/stellar_models/Kurucz2003all//flux_cube.bin
 Loaded flux cube with dimensions:          76 x          11 x           9 x        1173
 Performing interpolation at target parameters...
 Interpolation complete

__________________________________________________________________________________________________________________________________________________

       step    lg_Tmax     Teff     lg_LH      lg_Lnuc_tot     Mass       H_rich     H_cntr     N_cntr     Y_surf   eta_cntr   zones  retry
  lg_dt_yrs    lg_Tcntr    lg_R     lg_L3a     lg_Lneu     lg_Mdot    He_core    He_cntr    O_cntr     Z_surf   gam_cntr   iters  
    age_yrs    lg_Dcntr    lg_L     lg_LZ      lg_Lphoto   lg_Dsurf   CO_core    C_cntr     Ne_cntr    Z_cntr   v_div_cs       dt_limit
__________________________________________________________________________________________________________________________________________________

         50   6.371409   5097.478  -7.675053  -7.675053   2.000000   2.000000   0.755800   0.000071   0.242800  -6.096303    629      0
 3.8799E+00   6.371409   0.795700 -99.000000  -9.072913 -11.908897   0.000000   0.242800   0.000657   0.001400   0.045440      4
 4.5497E+04  -1.126819   1.375514 -99.000000 -99.000000  -7.070523   0.000000   0.000241   0.000146   0.001400  0.000E+00  max increase

save LOGS/profile2.data for model 50
 Loading precomputed flux cube from:/home/njm/MESA/mesa/colors/data/stellar_models/Kurucz2003all//flux_cube.bin
 Loaded flux cube with dimensions:          76 x          11 x           9 x        1173
 Performing interpolation at target parameters...
 Interpolation complete
save photos/x050 for model 50
         51   6.380213   5104.754  -7.564940  -7.564940   2.000000   2.000000   0.755800   0.000071   0.242800  -6.051007    632      0
 3.9591E+00   6.380213   0.785562 -99.000000  -8.962799 -11.938243   0.000000   0.242800   0.000657   0.001400   0.045666      4
 5.4598E+04  -1.093951   1.357718 -99.000000 -99.000000  -7.062255   0.000000   0.000241   0.000146   0.001400  0.000E+00  max increase

 Loading precomputed flux cube from:/home/njm/MESA/mesa/colors/data/stellar_models/Kurucz2003all//flux_cube.bin
 Loaded flux cube with dimensions:          76 x          11 x           9 x        1173
 Performing interpolation at target parameters...
 Interpolation complete
         52   6.389946   5111.952  -7.443111  -7.443111   2.000000   2.000000   0.755800   0.000071   0.242800  -5.999162    632      0
 4.0382E+00   6.389946   0.774284 -99.000000  -8.840969 -11.970763   0.000000   0.242800   0.000657   0.001400   0.045944      4
 6.5518E+04  -1.056848   1.337608 -23.179310 -99.000000  -7.052474   0.000000   0.000241   0.000146   0.001400  0.000E+00  max increase

 Loading precomputed flux cube from:/home/njm/MESA/mesa/colors/data/stellar_models/Kurucz2003all//flux_cube.bin
 Loaded flux cube with dimensions:          76 x          11 x           9 x        1173
 Performing interpolation at target parameters...
 Interpolation complete
         53   6.400627   5120.036  -7.309446  -7.309446   2.000000   2.000000   0.755800   0.000071   0.242800  -5.940177    633      0
 4.1174E+00   6.400627   0.761846 -99.000000  -8.707304 -12.007363   0.000000   0.242800   0.000657   0.001400   0.046283      4
 7.8623E+04  -1.015226   1.315477 -99.000000 -99.000000  -7.041784   0.000000   0.000241   0.000146   0.001400  0.000E+00  max increase

 Loading precomputed flux cube from:/home/njm/MESA/mesa/colors/data/stellar_models/Kurucz2003all//flux_cube.bin
 Loaded flux cube with dimensions:          76 x          11 x           9 x        1173
 Performing interpolation at target parameters...
 Interpolation complete
         54   6.412269   5129.355  -7.163969  -7.163969   2.000000   2.000000   0.755800   0.000071   0.242800  -5.873484    637      0
 4.1966E+00   6.412269   0.748254 -99.000000  -8.561826 -12.047663   0.000000   0.242800   0.000657   0.001400   0.046693      4
 9.4348E+04  -0.968816   1.291453 -99.000000 -99.000000  -7.030420   0.000000   0.000241   0.000146   0.001400  0.000E+00  max increase

 Loading precomputed flux cube from:/home/njm/MESA/mesa/colors/data/stellar_models/Kurucz2003all//flux_cube.bin
 Loaded flux cube with dimensions:          76 x          11 x           9 x        1173
 Performing interpolation at target parameters...
 Interpolation complete
         55   6.424877   5139.394  -7.006917  -7.006917   2.000000   2.000000   0.755800   0.000071   0.242800  -5.798556    639      0
 4.2758E+00   6.424877   0.733551 -99.000000  -8.404773 -12.091484   0.000000   0.242800   0.000657   0.001400   0.047183      4
 1.1322E+05  -0.917388   1.265443 -22.878280 -99.000000  -7.018102   0.000000   0.000241   0.000146   0.001400  0.000E+00  max increase

 Loading precomputed flux cube from:/home/njm/MESA/mesa/colors/data/stellar_models/Kurucz2003all//flux_cube.bin
 Loaded flux cube with dimensions:          76 x          11 x           9 x        1173
 Performing interpolation at target parameters...
 Interpolation complete
         56   6.437302   5148.733  -6.852585  -6.852585   2.000000   2.000000   0.755800   0.000071   0.242800  -5.721713    641      0
 4.3145E+00   6.437302   0.719116 -99.000000  -8.250440 -12.138919   0.000000   0.242800   0.000657   0.001400   0.047718      5
 1.3385E+05  -0.865405   1.239728 -99.000000 -99.000000  -7.005674   0.000000   0.000241   0.000146   0.001400  0.000E+00    lgRho_cntr

 Loading precomputed flux cube from:/home/njm/MESA/mesa/colors/data/stellar_models/Kurucz2003all//flux_cube.bin
 Loaded flux cube with dimensions:          76 x          11 x           9 x        1173
 Performing interpolation at target parameters...
 Interpolation complete
         57   6.448200   5157.990  -6.717570  -6.717570   2.000000   2.000000   0.755800   0.000071   0.242800  -5.651727    642      0
 4.2976E+00   6.448200   0.706544 -99.000000  -8.115423 -12.185732   0.000000   0.242800   0.000657   0.001400   0.048235      4
 1.5369E+05  -0.818691   1.217704 -99.000000 -99.000000  -6.995586   0.000000   0.000241   0.000146   0.001400  0.000E+00    lgRho_cntr

 Loading precomputed flux cube from:/home/njm/MESA/mesa/colors/data/stellar_models/Kurucz2003all//flux_cube.bin
 Loaded flux cube with dimensions:          76 x          11 x           9 x        1173
 Performing interpolation at target parameters...
 Interpolation complete
         58   6.459867   5167.058  -6.574116  -6.574116   2.000000   2.000000   0.755800   0.000071   0.242800  -5.575168    643      0
 4.3651E+00   6.459867   0.693292 -99.000000  -7.971968 -12.225999   0.000000   0.242800   0.000657   0.001400   0.048820      4
 1.7687E+05  -0.767974   1.194251 -99.000000 -99.000000  -6.984505   0.000000   0.000241   0.000146   0.001400  0.000E+00    varcontrol

 Loading precomputed flux cube from:/home/njm/MESA/mesa/colors/data/stellar_models/Kurucz2003all//flux_cube.bin
 Loaded flux cube with dimensions:          76 x          11 x           9 x        1173
 Performing interpolation at target parameters...
 Interpolation complete
         59   6.471850   5177.751  -6.428029  -6.428029   2.000000   2.000000   0.755800   0.000071   0.242800  -5.494950    647      0
 4.4142E+00   6.471850   0.679965 -99.000000  -7.825880 -12.268767   0.000000   0.242800   0.000657   0.001400   0.049454      4
 2.0282E+05  -0.715199   1.171189 -99.000000 -99.000000  -6.974394   0.000000   0.000241   0.000146   0.001400  0.000E+00    lgRho_cntr

 Loading precomputed flux cube from:/home/njm/MESA/mesa/colors/data/stellar_models/Kurucz2003all//flux_cube.bin
 Loaded flux cube with dimensions:          76 x          11 x           9 x        1173
 Performing interpolation at target parameters...
 Interpolation complete

__________________________________________________________________________________________________________________________________________________

       step    lg_Tmax     Teff     lg_LH      lg_Lnuc_tot     Mass       H_rich     H_cntr     N_cntr     Y_surf   eta_cntr   zones  retry
  lg_dt_yrs    lg_Tcntr    lg_R     lg_L3a     lg_Lneu     lg_Mdot    He_core    He_cntr    O_cntr     Z_surf   gam_cntr   iters  
    age_yrs    lg_Dcntr    lg_L     lg_LZ      lg_Lphoto   lg_Dsurf   CO_core    C_cntr     Ne_cntr    Z_cntr   v_div_cs       dt_limit
__________________________________________________________________________________________________________________________________________________

         60   6.482428   5186.342  -6.299879  -6.299879   2.000000   2.000000   0.755800   0.000071   0.242800  -5.422384    646      0
 4.3945E+00   6.482428   0.668477 -99.000000  -7.697727 -12.311067   0.000000   0.242800   0.000657   0.001400   0.050051      4
 2.2762E+05  -0.667854   1.151093 -99.000000 -99.000000  -6.965271   0.000000   0.000241   0.000146   0.001400  0.000E+00    lgRho_cntr

 Loading precomputed flux cube from:/home/njm/MESA/mesa/colors/data/stellar_models/Kurucz2003all//flux_cube.bin
 Loaded flux cube with dimensions:          76 x          11 x           9 x        1173
 Performing interpolation at target parameters...
 Interpolation complete
         61   6.494049   5195.993  -6.160756  -6.160756   2.000000   2.000000   0.755800   0.000071   0.242800  -5.342162    644      0
 4.4671E+00   6.494049   0.656277 -99.000000  -7.558603 -12.347824   0.000000   0.242800   0.000657   0.001400   0.050722      4
 2.5694E+05  -0.615629   1.129922 -21.975190 -99.000000  -6.955931   0.000000   0.000241   0.000146   0.001400  0.000E+00    varcontrol

 Loading precomputed flux cube from:/home/njm/MESA/mesa/colors/data/stellar_models/Kurucz2003all//flux_cube.bin
 Loaded flux cube with dimensions:          76 x          11 x           9 x        1173
 Performing interpolation at target parameters...
 Interpolation complete
         62   6.506194   5207.412  -6.017136  -6.017136   2.000000   2.000000   0.755800   0.000071   0.242800  -5.257853    647      0
 4.5178E+00   6.506194   0.644052 -99.000000  -7.414980 -12.386628   0.000000   0.242800   0.000657   0.001400   0.051441      4
 2.8988E+05  -0.560849   1.109284 -99.000000 -99.000000  -6.947720   0.000000   0.000241   0.000146   0.001400  0.000E+00    lgRho_cntr

 Loading precomputed flux cube from:/home/njm/MESA/mesa/colors/data/stellar_models/Kurucz2003all//flux_cube.bin
 Loaded flux cube with dimensions:          76 x          11 x           9 x        1173
 Performing interpolation at target parameters...
 Interpolation complete
         63   6.516872   5217.142  -5.891990  -5.891990   2.000000   2.000000   0.755800   0.000071   0.242800  -5.182812    649      0
 4.4905E+00   6.516872   0.633785 -99.000000  -7.289832 -12.424734   0.000000   0.242800   0.000657   0.001400   0.052098      4
 3.2082E+05  -0.512294   1.091995 -99.000000 -99.000000  -6.940922   0.000000   0.000241   0.000146   0.001400  0.000E+00    lgRho_cntr

 Loading precomputed flux cube from:/home/njm/MESA/mesa/colors/data/stellar_models/Kurucz2003all//flux_cube.bin
 Loaded flux cube with dimensions:          76 x          11 x           9 x        1173
 Performing interpolation at target parameters...
 Interpolation complete
         64   6.528893   5228.398  -5.753194  -5.753194   2.000000   2.000000   0.755800   0.000071   0.242800  -5.099014    649      0
 4.5673E+00   6.528893   0.622888 -99.000000  -7.151033 -12.456678   0.000000   0.242800   0.000657   0.001400   0.052835      4
 3.5774E+05  -0.457932   1.073945 -99.000000 -99.000000  -6.934322   0.000000   0.000241   0.000146   0.001400  0.000E+00    varcontrol

 Loading precomputed flux cube from:/home/njm/MESA/mesa/colors/data/stellar_models/Kurucz2003all//flux_cube.bin
 Loaded flux cube with dimensions:          76 x          11 x           9 x        1173
 Performing interpolation at target parameters...
 Interpolation complete
         65   6.541679   5242.033  -5.607783  -5.607783   2.000000   2.000000   0.755800   0.000071   0.242800  -5.010672    657      0
 4.6189E+00   6.541679   0.612112 -99.000000  -7.005618 -12.490177   0.000000   0.242800   0.000657   0.001400   0.053615      5
 3.9932E+05  -0.400460   1.056916 -99.000000 -99.000000  -6.929447   0.000000   0.000241   0.000146   0.001400  0.000E+00    lgRho_cntr

 Loading precomputed flux cube from:/home/njm/MESA/mesa/colors/data/stellar_models/Kurucz2003all//flux_cube.bin
 Loaded flux cube with dimensions:          76 x          11 x           9 x        1173
 Performing interpolation at target parameters...
 Interpolation complete
         66   6.552828   5253.709  -5.482314  -5.482314   2.000000   2.000000   0.755800   0.000071   0.242800  -4.933558    655      0
 4.5818E+00   6.552828   0.603447 -99.000000  -6.880146 -12.522197   0.000000   0.242800   0.000657   0.001400   0.054307      4
 4.3750E+05  -0.350314   1.043452 -99.000000 -99.000000  -6.926005   0.000000   0.000241   0.000146   0.001400  0.000E+00    lgRho_cntr

 Loading precomputed flux cube from:/home/njm/MESA/mesa/colors/data/stellar_models/Kurucz2003all//flux_cube.bin
 Loaded flux cube with dimensions:          76 x          11 x           9 x        1173
 Performing interpolation at target parameters...
 Interpolation complete
         67   6.563394   5265.431  -5.364860  -5.364860   2.000000   2.000000   0.755800   0.000071   0.242800  -4.861185    655      0
 4.5757E+00   6.563394   0.595939 -99.000000  -6.762688 -12.547635   0.000000   0.242800   0.000657   0.001400   0.054957      4
 4.7514E+05  -0.303106   1.032308 -20.594978 -99.000000  -6.924089   0.000000   0.000241   0.000146   0.001400  0.000E+00    lgRho_cntr

 Loading precomputed flux cube from:/home/njm/MESA/mesa/colors/data/stellar_models/Kurucz2003all//flux_cube.bin
 Loaded flux cube with dimensions:          76 x          11 x           9 x        1173
 Performing interpolation at target parameters...
 Interpolation complete
         68   6.575667   5280.666  -5.230746  -5.230746   2.000000   2.000000   0.755800   0.000071   0.242800  -4.779399    660      0
 4.6548E+00   6.575667   0.588135 -99.000000  -6.628570 -12.568970   0.000000   0.242800   0.000657   0.001400   0.055680      4
 5.2031E+05  -0.249265   1.021719 -99.000000 -99.000000  -6.924127   0.000000   0.000241   0.000146   0.001400  0.000E+00  max increase

 Loading precomputed flux cube from:/home/njm/MESA/mesa/colors/data/stellar_models/Kurucz2003all//flux_cube.bin
 Loaded flux cube with dimensions:          76 x          11 x           9 x        1173
 Performing interpolation at target parameters...
 Interpolation complete
         69   6.589666   5298.207  -5.080478  -5.080478   2.000000   2.000000   0.755800   0.000071   0.242800  -4.688920    658      0
 4.7260E+00   6.589666   0.580480 -99.000000  -6.478296 -12.589805   0.000000   0.242800   0.000657   0.001400   0.056463      4
 5.7351E+05  -0.189076   1.012168 -99.000000 -99.000000  -6.925904   0.000000   0.000241   0.000146   0.001400  0.000E+00    lgRho_cntr

 Loading precomputed flux cube from:/home/njm/MESA/mesa/colors/data/stellar_models/Kurucz2003all//flux_cube.bin
 Loaded flux cube with dimensions:          76 x          11 x           9 x        1173
 Performing interpolation at target parameters...
 Interpolation complete

__________________________________________________________________________________________________________________________________________________

       step    lg_Tmax     Teff     lg_LH      lg_Lnuc_tot     Mass       H_rich     H_cntr     N_cntr     Y_surf   eta_cntr   zones  retry
  lg_dt_yrs    lg_Tcntr    lg_R     lg_L3a     lg_Lneu     lg_Mdot    He_core    He_cntr    O_cntr     Z_surf   gam_cntr   iters  
    age_yrs    lg_Dcntr    lg_L     lg_LZ      lg_Lphoto   lg_Dsurf   CO_core    C_cntr     Ne_cntr    Z_cntr   v_div_cs       dt_limit
__________________________________________________________________________________________________________________________________________________

         70   6.601897   5314.951  -4.950715  -4.950715   2.000000   2.000000   0.755800   0.000071   0.242800  -4.611005    659      0
 4.6800E+00   6.601897   0.574942 -99.000000  -6.348528 -12.609114   0.000000   0.242800   0.000657   0.001400   0.057134      4
 6.2138E+05  -0.136990   1.006575 -99.000000 -99.000000  -6.929904   0.000000   0.000241   0.000146   0.001400  0.000E+00    lgRho_cntr

 Loading precomputed flux cube from:/home/njm/MESA/mesa/colors/data/stellar_models/Kurucz2003all//flux_cube.bin
 Loaded flux cube with dimensions:          76 x          11 x           9 x        1173
 Performing interpolation at target parameters...
 Interpolation complete
         71   6.613552   5331.776  -4.828658  -4.828658   2.000000   2.000000   0.755800   0.000071   0.242800  -4.538549    659      0
 4.6669E+00   6.613552   0.570748 -99.000000  -6.226465 -12.621306   0.000000   0.242800   0.000657   0.001400   0.057746      4
 6.6782E+05  -0.088140   1.003677 -99.000000 -99.000000  -6.935715   0.000000   0.000241   0.000146   0.001400  0.000E+00    lgRho_cntr

 Loading precomputed flux cube from:/home/njm/MESA/mesa/colors/data/stellar_models/Kurucz2003all//flux_cube.bin
 Loaded flux cube with dimensions:          76 x          11 x           9 x        1173
 Performing interpolation at target parameters...
 Interpolation complete
         72   6.627432   5353.688  -4.685907  -4.685907   2.000000   2.000000   0.755800   0.000071   0.242800  -4.456122    661      0
 4.7461E+00   6.627432   0.567156 -99.000000  -6.083707 -12.628733   0.000000   0.242800   0.000657   0.001400   0.058408      4
 7.2356E+05  -0.031644   1.003618 -99.000000 -99.000000  -6.945737   0.000000   0.000241   0.000146   0.001400  0.000E+00  max increase

 Loading precomputed flux cube from:/home/njm/MESA/mesa/colors/data/stellar_models/Kurucz2003all//flux_cube.bin
 Loaded flux cube with dimensions:          76 x          11 x           9 x        1173
 Performing interpolation at target parameters...
 Interpolation complete
         73   6.644062   5381.489  -4.518241  -4.518241   2.000000   2.000000   0.755800   0.000071   0.242800  -4.362655    663      0
 4.8253E+00   6.644062   0.564909 -99.000000  -5.916031 -12.631822   0.000000   0.242800   0.000657   0.001400   0.059107      4
 7.9044E+05   0.033742   1.008121 -99.000000 -99.000000  -6.961496   0.000000   0.000241   0.000146   0.001400  0.000E+00    lgRho_cntr

 Loading precomputed flux cube from:/home/njm/MESA/mesa/colors/data/stellar_models/Kurucz2003all//flux_cube.bin
 Loaded flux cube with dimensions:          76 x          11 x           9 x        1173
 Performing interpolation at target parameters...
 Interpolation complete
         74   6.658453   5408.285  -4.374982  -4.374982   2.000000   2.000000   0.755800   0.000071   0.242800  -4.284284    663      0
 4.7631E+00   6.658453   0.565003 -99.000000  -5.772763 -12.627627   0.000000   0.242800   0.000657   0.001400   0.059668      4
 8.4840E+05   0.089225   1.016938 -20.169010 -99.000000  -6.979670   0.000000   0.000241   0.000146   0.001400  0.000E+00    lgRho_cntr

 Loading precomputed flux cube from:/home/njm/MESA/mesa/colors/data/stellar_models/Kurucz2003all//flux_cube.bin
 Loaded flux cube with dimensions:          76 x          11 x           9 x        1173
 Performing interpolation at target parameters...
 Interpolation complete
         75   6.672182   5435.615  -4.240213  -4.240213   2.000000   2.000000   0.755800   0.000071   0.242800  -4.212643    663      0
 4.7382E+00   6.672182   0.567007 -99.000000  -5.637985 -12.615645   0.000000   0.242800   0.000657   0.001400   0.060146      4
 9.0313E+05   0.140796   1.029703 -99.000000 -99.000000  -7.000729   0.000000   0.000241   0.000146   0.001400  0.000E+00    lgRho_cntr

 Loading precomputed flux cube from:/home/njm/MESA/mesa/colors/data/stellar_models/Kurucz2003all//flux_cube.bin
 Loaded flux cube with dimensions:          76 x          11 x           9 x        1173
 Performing interpolation at target parameters...
 Interpolation complete
         76   6.685903   5465.306  -4.107450  -4.107450   2.000000   2.000000   0.755800   0.000071   0.242800  -4.144482    663      0
 4.7298E+00   6.685903   0.570953 -99.000000  -5.505212 -12.596732   0.000000   0.242800   0.000657   0.001400   0.060557      5
 9.5681E+05   0.190842   1.047058 -99.000000 -99.000000  -7.025942   0.000000   0.000241   0.000146   0.001400  0.000E+00    lgRho_cntr

 Loading precomputed flux cube from:/home/njm/MESA/mesa/colors/data/stellar_models/Kurucz2003all//flux_cube.bin
 Loaded flux cube with dimensions:          76 x          11 x           9 x        1173
 Performing interpolation at target parameters...
 Interpolation complete
         77   6.699952   5498.463  -3.973507  -3.973507   2.000000   2.000000   0.755800   0.000071   0.242800  -4.078394    663      0
 4.7285E+00   6.699952   0.576976 -99.000000  -5.371257 -12.569996   0.000000   0.242800   0.000657   0.001400   0.060906      4
 1.0103E+06   0.240474   1.069610 -99.000000 -99.000000  -7.056212   0.000000   0.000241   0.000146   0.001400  0.000E+00    lgRho_cntr

 Loading precomputed flux cube from:/home/njm/MESA/mesa/colors/data/stellar_models/Kurucz2003all//flux_cube.bin
 Loaded flux cube with dimensions:          76 x          11 x           9 x        1173
 Performing interpolation at target parameters...
 Interpolation complete
         78   6.717176   5542.909  -3.812366  -3.812366   2.000000   2.000000   0.755800   0.000071   0.242800  -4.003432    663      0
 4.7983E+00   6.717176   0.586315 -99.000000  -5.210101 -12.534504   0.000000   0.242800   0.000657   0.001400   0.061213      5
 1.0732E+06   0.298692   1.102275 -99.000000 -99.000000  -7.098385   0.000000   0.000241   0.000146   0.001400  0.000E+00    varcontrol

 Loading precomputed flux cube from:/home/njm/MESA/mesa/colors/data/stellar_models/Kurucz2003all//flux_cube.bin
 Loaded flux cube with dimensions:          76 x          11 x           9 x        1173
 Performing interpolation at target parameters...
 Interpolation complete
         79   6.736804   5598.368  -3.632141  -3.632141   2.000000   2.000000   0.755800   0.000071   0.242800  -3.924358    663      0
 4.8340E+00   6.736804   0.598235 -99.000000  -5.029859 -12.482579   0.000000   0.242800   0.000657   0.001400   0.061434      5
 1.1414E+06   0.362281   1.143410 -18.788798 -99.000000  -7.151127   0.000000   0.000241   0.000146   0.001400  0.000E+00    lgRho_cntr

 Loading precomputed flux cube from:/home/njm/MESA/mesa/colors/data/stellar_models/Kurucz2003all//flux_cube.bin
 Loaded flux cube with dimensions:          76 x          11 x           9 x        1173
 Performing interpolation at target parameters...
 Interpolation complete

__________________________________________________________________________________________________________________________________________________

       step    lg_Tmax     Teff     lg_LH      lg_Lnuc_tot     Mass       H_rich     H_cntr     N_cntr     Y_surf   eta_cntr   zones  retry
  lg_dt_yrs    lg_Tcntr    lg_R     lg_L3a     lg_Lneu     lg_Mdot    He_core    He_cntr    O_cntr     Z_surf   gam_cntr   iters  
    age_yrs    lg_Dcntr    lg_L     lg_LZ      lg_Lphoto   lg_Dsurf   CO_core    C_cntr     Ne_cntr    Z_cntr   v_div_cs       dt_limit
__________________________________________________________________________________________________________________________________________________

         80   6.754905   5653.673  -3.468290  -3.468290   2.000000   2.000000   0.755800   0.000071   0.242800  -3.854947    663      0
 4.7824E+00   6.754905   0.609188 -99.000000  -4.865989 -12.417058   0.000000   0.242800   0.000657   0.001400   0.061567      5
 1.2020E+06   0.419394   1.182392 -18.788798 -99.000000  -7.202108   0.000000   0.000241   0.000146   0.001400  0.000E+00    lgRho_cntr

 Loading precomputed flux cube from:/home/njm/MESA/mesa/colors/data/stellar_models/Kurucz2003all//flux_cube.bin
 Loaded flux cube with dimensions:          76 x          11 x           9 x        1173
 Performing interpolation at target parameters...
 Interpolation complete
         81   6.772437   5709.695  -3.311779  -3.311779   1.999999   1.999999   0.755800   0.000071   0.242800  -3.790572    664      0
 4.7548E+00   6.772437   0.617776 -99.000000  -4.709460 -12.355255   0.000000   0.242800   0.000657   0.001400   0.061637      5
 1.2589E+06   0.473468   1.216698 -19.265920 -99.000000  -7.250000   0.000000   0.000241   0.000146   0.001400  0.000E+00    lgRho_cntr

 Loading precomputed flux cube from:/home/njm/MESA/mesa/colors/data/stellar_models/Kurucz2003all//flux_cube.bin
 Loaded flux cube with dimensions:          76 x          11 x           9 x        1173
 Performing interpolation at target parameters...
 Interpolation complete
         82   6.789751   5767.933  -3.159245  -3.159245   1.999999   1.999999   0.755800   0.000071   0.242800  -3.729187    667      0
 4.7387E+00   6.789751   0.623679 -99.000000  -4.556906 -12.301745   0.000000   0.242800   0.000657   0.001400   0.061661      5
 1.3136E+06   0.525915   1.246132 -99.000000 -99.000000  -7.295338   0.000000   0.000241   0.000146   0.001400  0.000E+00    lgRho_cntr

 Loading precomputed flux cube from:/home/njm/MESA/mesa/colors/data/stellar_models/Kurucz2003all//flux_cube.bin
 Loaded flux cube with dimensions:          76 x          11 x           9 x        1173
 Performing interpolation at target parameters...
 Interpolation complete
         83   6.806998   5829.831  -3.009194  -3.009194   1.999999   1.999999   0.755800   0.000071   0.242800  -3.669731    666      0
 4.7291E+00   6.806998   0.627314 -99.000000  -4.406832 -12.257062   0.000000   0.242800   0.000657   0.001400   0.061650      5
 1.3672E+06   0.577419   1.271945 -18.186738 -99.000000  -7.339583   0.000000   0.000241   0.000146   0.001400  0.000E+00    lgRho_cntr

 Loading precomputed flux cube from:/home/njm/MESA/mesa/colors/data/stellar_models/Kurucz2003all//flux_cube.bin
 Loaded flux cube with dimensions:          76 x          11 x           9 x        1173
 Performing interpolation at target parameters...
 Interpolation complete
         84   6.824250   5898.216  -2.860892  -2.860892   1.999999   1.999999   0.755800   0.000071   0.242800  -3.611604    669      0
 4.7231E+00   6.824250   0.628887 -99.000000  -4.258507 -12.219169   0.000000   0.242800   0.000657   0.001400   0.061610      5
 1.4201E+06   0.628347   1.295350 -18.186738 -99.000000  -7.384799   0.000000   0.000241   0.000146   0.001400  0.000E+00    lgRho_cntr

 Loading precomputed flux cube from:/home/njm/MESA/mesa/colors/data/stellar_models/Kurucz2003all//flux_cube.bin
 Loaded flux cube with dimensions:          76 x          11 x           9 x        1173
 Performing interpolation at target parameters...
 Interpolation complete
         85   6.841540   5975.289  -2.713989  -2.713989   1.999999   1.999999   0.755800   0.000071   0.242800  -3.554448    669      0
 4.7194E+00   6.841540   0.628475 -99.000000  -4.111578 -12.186253   0.000000   0.242800   0.000657   0.001400   0.061548      5
 1.4725E+06   0.678902   1.317079 -18.663860 -99.000000  -7.432508   0.000000   0.000241   0.000146   0.001400  0.000E+00    lgRho_cntr

 Loading precomputed flux cube from:/home/njm/MESA/mesa/colors/data/stellar_models/Kurucz2003all//flux_cube.bin
 Loaded flux cube with dimensions:          76 x          11 x           9 x        1173
 Performing interpolation at target parameters...
 Interpolation complete
         86   6.858878   6065.458  -2.568333  -2.568333   1.999999   1.999999   0.755800   0.000071   0.242800  -3.498045    674      0
 4.7171E+00   6.858878   0.625712 -99.000000  -3.965895 -12.157265   0.000000   0.242800   0.000657   0.001400   0.061467      6
 1.5246E+06   0.729195   1.337571 -18.362830 -99.000000  -7.484928   0.000000   0.000241   0.000146   0.001400  0.000E+00    lgRho_cntr

 Loading precomputed flux cube from:/home/njm/MESA/mesa/colors/data/stellar_models/Kurucz2003all//flux_cube.bin
 Loaded flux cube with dimensions:          76 x          11 x           9 x        1173
 Performing interpolation at target parameters...
 Interpolation complete
         87   6.876021   6170.331  -2.425876  -2.425876   1.999999   1.999999   0.755800   0.000071   0.242800  -3.442978    673      0
 4.7098E+00   6.876021   0.620474 -99.000000  -3.823408 -12.131916   0.000000   0.242800   0.000657   0.001400   0.061372      7
 1.5759E+06   0.778607   1.356876 -18.061800 -99.000000  -7.542522   0.000000   0.000241   0.000146   0.001400  0.000E+00    varcontrol

 Loading precomputed flux cube from:/home/njm/MESA/mesa/colors/data/stellar_models/Kurucz2003all//flux_cube.bin
 Loaded flux cube with dimensions:          76 x          11 x           9 x        1173
 Performing interpolation at target parameters...
 Interpolation complete
         88   6.892529   6299.204  -2.290063  -2.290063   1.999999   1.999999   0.755800   0.000071   0.242800  -3.390408    693      0
 4.6922E+00   6.892529   0.611480 -99.000000  -3.687568 -12.110243   0.000000   0.242800   0.000657   0.001400   0.061271      8
 1.6251E+06   0.825981   1.374796 -18.061800 -99.000000  -7.608720   0.000000   0.000241   0.000146   0.001400  0.000E+00    varcontrol

 Loading precomputed flux cube from:/home/njm/MESA/mesa/colors/data/stellar_models/Kurucz2003all//flux_cube.bin
 Loaded flux cube with dimensions:          76 x          11 x           9 x        1173
 Performing interpolation at target parameters...
 Interpolation complete
         89   6.908178   6445.758  -2.162497  -2.162497   1.999999   1.999999   0.755800   0.000071   0.242800  -3.340876    715      0
 4.6685E+00   6.908178   0.599734 -99.000000  -3.559976 -12.093589   0.000000   0.242800   0.000657   0.001400   0.061168      9
 1.6717E+06   0.870750   1.391258 -99.000000 -99.000000  -7.680446   0.000000   0.000241   0.000146   0.001400  0.000E+00    varcontrol

 Loading precomputed flux cube from:/home/njm/MESA/mesa/colors/data/stellar_models/Kurucz2003all//flux_cube.bin
 Loaded flux cube with dimensions:          76 x          11 x           9 x        1173
 Performing interpolation at target parameters...
 Interpolation complete

__________________________________________________________________________________________________________________________________________________

       step    lg_Tmax     Teff     lg_LH      lg_Lnuc_tot     Mass       H_rich     H_cntr     N_cntr     Y_surf   eta_cntr   zones  retry
  lg_dt_yrs    lg_Tcntr    lg_R     lg_L3a     lg_Lneu     lg_Mdot    He_core    He_cntr    O_cntr     Z_surf   gam_cntr   iters  
    age_yrs    lg_Dcntr    lg_L     lg_LZ      lg_Lphoto   lg_Dsurf   CO_core    C_cntr     Ne_cntr    Z_cntr   v_div_cs       dt_limit
__________________________________________________________________________________________________________________________________________________

         90   6.923044   6605.610  -2.042357  -2.042357   1.999999   1.999999   0.755800   0.000071   0.242800  -3.294071    725      0
 4.6463E+00   6.923044   0.586033 -99.000000  -3.439814 -12.081208   0.000000   0.242800   0.000657   0.001400   0.061066      7
 1.7160E+06   0.913162   1.406411 -99.000000 -99.000000  -7.754396   0.000000   0.000241   0.000146   0.001400  0.000E+00    varcontrol

 Loading precomputed flux cube from:/home/njm/MESA/mesa/colors/data/stellar_models/Kurucz2003all//flux_cube.bin
 Loaded flux cube with dimensions:          76 x          11 x           9 x        1173
 Performing interpolation at target parameters...
 Interpolation complete
         91   6.937423   6767.978  -1.927116  -1.927116   1.999999   1.999999   0.755800   0.000071   0.242800  -3.249051    733      0
 4.6322E+00   6.937423   0.572015 -99.000000  -3.324557 -12.072233   0.000000   0.242800   0.000657   0.001400   0.060961      7
 1.7589E+06   0.954066   1.420558 -99.000000 -99.000000  -7.826444   0.000000   0.000241   0.000146   0.001400  0.000E+00        lgTeff

 Loading precomputed flux cube from:/home/njm/MESA/mesa/colors/data/stellar_models/Kurucz2003all//flux_cube.bin
 Loaded flux cube with dimensions:          76 x          11 x           9 x        1173
 Performing interpolation at target parameters...
 Interpolation complete
         92   6.951482   6931.318  -1.815341  -1.815341   1.999999   1.999999   0.755800   0.000071   0.242800  -3.205268    732      0
 4.6232E+00   6.951482   0.557969 -99.000000  -3.212776 -12.064881   0.000000   0.242800   0.000657   0.001400   0.060854      6
 1.8009E+06   0.993949   1.433895 -99.000000 -99.000000  -7.898667   0.000000   0.000241   0.000146   0.001400  0.000E+00        lgTeff

 Loading precomputed flux cube from:/home/njm/MESA/mesa/colors/data/stellar_models/Kurucz2003all//flux_cube.bin
 Loaded flux cube with dimensions:          76 x          11 x           9 x        1173
 Performing interpolation at target parameters...
 Interpolation complete
         93   6.965265   7095.331  -1.706588  -1.706588   1.999999   1.999999   0.755799   0.000071   0.242800  -3.162537    742      0
 4.6159E+00   6.965265   0.543962 -99.000000  -3.104034 -12.058648   0.000000   0.242801   0.000657   0.001400   0.060745      7
 1.8422E+06   1.032957   1.446508 -99.000000 -99.000000  -7.973783   0.000000   0.000241   0.000146   0.001400  0.000E+00        lgTeff

 Loading precomputed flux cube from:/home/njm/MESA/mesa/colors/data/stellar_models/Kurucz2003all//flux_cube.bin
 Loaded flux cube with dimensions:          76 x          11 x           9 x        1173
 Performing interpolation at target parameters...
 Interpolation complete
         94   6.978879   7260.833  -1.599940  -1.599940   1.999999   1.999999   0.755799   0.000071   0.242800  -3.120508    745      0
 4.6122E+00   6.978879   0.529936 -99.000000  -2.997422 -12.053358   0.000000   0.242801   0.000657   0.001400   0.060633      6
 1.8831E+06   1.071403   1.458512 -17.158710 -99.000000  -8.054015   0.000000   0.000241   0.000146   0.001400  0.000E+00        lgTeff

 Loading precomputed flux cube from:/home/njm/MESA/mesa/colors/data/stellar_models/Kurucz2003all//flux_cube.bin
 Loaded flux cube with dimensions:          76 x          11 x           9 x        1173
 Performing interpolation at target parameters...
 Interpolation complete
         95   6.992402   7428.549  -1.494756  -1.494756   1.999999   1.999999   0.755799   0.000071   0.242800  -3.078938    752      0
 4.6113E+00   6.992402   0.515840 -99.000000  -2.892315 -12.048906   0.000000   0.242801   0.000657   0.001400   0.060519      6
 1.9240E+06   1.109504   1.469990 -99.000000 -99.000000  -8.140117   0.000000   0.000241   0.000146   0.001400  0.000E+00        lgTeff

 Loading precomputed flux cube from:/home/njm/MESA/mesa/colors/data/stellar_models/Kurucz2003all//flux_cube.bin
 Loaded flux cube with dimensions:          76 x          11 x           9 x        1173
 Performing interpolation at target parameters...
 Interpolation complete
         96   7.007121   7614.220  -1.381165  -1.381165   1.999999   1.999999   0.755799   0.000071   0.242800  -3.034137    759      0
 4.6501E+00   7.007121   0.500258 -55.530153  -2.778880 -12.045224   0.000000   0.242801   0.000657   0.001400   0.060385      5
 1.9687E+06   1.150774   1.481710 -99.000000 -99.000000  -8.239008   0.000000   0.000241   0.000146   0.001400  0.000E+00    varcontrol

 Loading precomputed flux cube from:/home/njm/MESA/mesa/colors/data/stellar_models/Kurucz2003all//flux_cube.bin
 Loaded flux cube with dimensions:          76 x          11 x           9 x        1173
 Performing interpolation at target parameters...
 Interpolation complete
         97   7.022475   7811.966  -1.263505  -1.263505   1.999999   1.999999   0.755799   0.000071   0.242800  -2.987708    764      0
 4.6716E+00   7.022475   0.483813 -54.267516  -2.661514 -12.042459   0.000000   0.242801   0.000657   0.001400   0.060239      5
 2.0156E+06   1.193682   1.493362 -99.000000 -99.000000  -8.346335   0.000000   0.000241   0.000146   0.001400  0.000E+00        lgTeff

 Loading precomputed flux cube from:/home/njm/MESA/mesa/colors/data/stellar_models/Kurucz2003all//flux_cube.bin
 Loaded flux cube with dimensions:          76 x          11 x           9 x        1173
 Performing interpolation at target parameters...
 Interpolation complete
         98   7.036844   8001.573  -1.153907  -1.153907   1.999999   1.999999   0.755798   0.000071   0.242800  -2.944208    759      0
 4.6470E+00   7.036844   0.468347 -53.354852  -2.552389 -12.040509   0.000000   0.242802   0.000657   0.001400   0.060103      5
 2.0600E+06   1.233844   1.504089 -99.000000 -99.000000  -8.451757   0.000000   0.000241   0.000146   0.001400  0.000E+00        lgTeff

 Loading precomputed flux cube from:/home/njm/MESA/mesa/colors/data/stellar_models/Kurucz2003all//flux_cube.bin
 Loaded flux cube with dimensions:          76 x          11 x           9 x        1173
 Performing interpolation at target parameters...
 Interpolation complete
         99   7.050753   8188.812  -1.048120  -1.048120   1.999999   1.999999   0.755798   0.000071   0.242800  -2.902157    763      0
 4.6371E+00   7.050753   0.453262 -52.502320  -2.447351 -12.038988   0.000000   0.242802   0.000657   0.001400   0.059970      5
 2.1033E+06   1.272686   1.514102 -99.000000 -99.000000  -8.557430   0.000000   0.000241   0.000146   0.001400  0.000E+00        lgTeff

 Loading precomputed flux cube from:/home/njm/MESA/mesa/colors/data/stellar_models/Kurucz2003all//flux_cube.bin
 Loaded flux cube with dimensions:          76 x          11 x           9 x        1173
 Performing interpolation at target parameters...
 Interpolation complete

__________________________________________________________________________________________________________________________________________________

       step    lg_Tmax     Teff     lg_LH      lg_Lnuc_tot     Mass       H_rich     H_cntr     N_cntr     Y_surf   eta_cntr   zones  retry
  lg_dt_yrs    lg_Tcntr    lg_R     lg_L3a     lg_Lneu     lg_Mdot    He_core    He_cntr    O_cntr     Z_surf   gam_cntr   iters  
    age_yrs    lg_Dcntr    lg_L     lg_LZ      lg_Lphoto   lg_Dsurf   CO_core    C_cntr     Ne_cntr    Z_cntr   v_div_cs       dt_limit
__________________________________________________________________________________________________________________________________________________

        100   7.064446   8376.537  -0.944012  -0.944012   1.999999   1.999999   0.755797   0.000071   0.242800  -2.860864    763      0
 4.6347E+00   7.064446   0.438300 -51.675056  -2.344422 -12.038112   0.000000   0.242803   0.000657   0.001400   0.059837      5
 2.1465E+06   1.310869   1.523551 -99.000000 -99.000000  -8.663589   0.000000   0.000241   0.000146   0.001400  0.000E+00        lgTeff

save LOGS/profile3.data for model 100
 Loading precomputed flux cube from:/home/njm/MESA/mesa/colors/data/stellar_models/Kurucz2003all//flux_cube.bin
 Loaded flux cube with dimensions:          76 x          11 x           9 x        1173
 Performing interpolation at target parameters...
 Interpolation complete
save photos/x100 for model 100
        101   7.079650   8587.889  -0.828081  -0.828081   1.999999   1.999999   0.755796   0.000071   0.242800  -2.815501    768      0
 4.6846E+00   7.079650   0.421477 -50.767237  -2.230628 -12.037894   0.000000   0.242804   0.000657   0.001400   0.059679      4
 2.1948E+06   1.353043   1.533193 -99.000000 -99.000000  -8.780608   0.000000   0.000241   0.000146   0.001400  0.000E+00    varcontrol

 Loading precomputed flux cube from:/home/njm/MESA/mesa/colors/data/stellar_models/Kurucz2003all//flux_cube.bin
 Loaded flux cube with dimensions:          76 x          11 x           9 x        1173
 Performing interpolation at target parameters...
 Interpolation complete
        102   7.095676   8814.943  -0.704411  -0.704411   1.999999   1.999999   0.755795   0.000071   0.242800  -2.768043    770      0
 4.7133E+00   7.095676   0.403592 -49.821690  -2.110759 -12.038975   0.000000   0.242805   0.000657   0.001400   0.059506      4
 2.2465E+06   1.397329   1.542757 -16.255620 -99.000000  -8.899601   0.000000   0.000241   0.000146   0.001400  0.000E+00        lgTeff

 Loading precomputed flux cube from:/home/njm/MESA/mesa/colors/data/stellar_models/Kurucz2003all//flux_cube.bin
 Loaded flux cube with dimensions:          76 x          11 x           9 x        1173
 Performing interpolation at target parameters...
 Interpolation complete
        103   7.110419   9028.903  -0.587697  -0.587697   1.999999   1.999999   0.755793   0.000071   0.242800  -2.724366    771      0
 4.6840E+00   7.110419   0.387114 -48.961747  -1.999834 -12.041051   0.000000   0.242807   0.000657   0.001400   0.059346      4
 2.2948E+06   1.438062   1.551462 -15.954590 -99.000000  -9.000165   0.000000   0.000241   0.000146   0.001400  0.000E+00        lgTeff

 Loading precomputed flux cube from:/home/njm/MESA/mesa/colors/data/stellar_models/Kurucz2003all//flux_cube.bin
 Loaded flux cube with dimensions:          76 x          11 x           9 x        1173
 Performing interpolation at target parameters...
 Interpolation complete
        104   7.124600   9238.239  -0.470951  -0.470951   1.999999   1.999999   0.755791   0.000071   0.242800  -2.682679    775      0
 4.6733E+00   7.124600   0.371199 -48.144108  -1.891907 -12.043107   0.000000   0.242808   0.000657   0.001400   0.059186      4
 2.3419E+06   1.477089   1.559449 -16.255620 -99.000000  -9.083221   0.000000   0.000241   0.000146   0.001400  0.000E+00        lgTeff

 Loading precomputed flux cube from:/home/njm/MESA/mesa/colors/data/stellar_models/Kurucz2003all//flux_cube.bin
 Loaded flux cube with dimensions:          76 x          11 x           9 x        1173
 Performing interpolation at target parameters...
 Interpolation complete
        105   7.140220   9471.790  -0.334015  -0.334015   1.999999   1.999999   0.755789   0.000072   0.242800  -2.637668    780      0
 4.7228E+00   7.140220   0.353451 -47.254082  -1.770146 -12.045662   0.000000   0.242811   0.000657   0.001400   0.058993      4
 2.3948E+06   1.519677   1.567325 -99.000000 -99.000000  -9.155639   0.000000   0.000240   0.000146   0.001400  0.000E+00    varcontrol

 Loading precomputed flux cube from:/home/njm/MESA/mesa/colors/data/stellar_models/Kurucz2003all//flux_cube.bin
 Loaded flux cube with dimensions:          76 x          11 x           9 x        1173
 Performing interpolation at target parameters...
 Interpolation complete
        106   7.156818   9720.926  -0.177019  -0.177019   1.999999   1.999999   0.755786   0.000074   0.242800  -2.592284    785      0
 4.7530E+00   7.156818   0.334680 -46.324545  -1.636873 -12.049903   0.000000   0.242814   0.000657   0.001400   0.058740      4
 2.4514E+06   1.563877   1.574885 -15.653560 -99.000000  -9.209789   0.000000   0.000238   0.000146   0.001401  0.000E+00        lgTeff

 Loading precomputed flux cube from:/home/njm/MESA/mesa/colors/data/stellar_models/Kurucz2003all//flux_cube.bin
 Loaded flux cube with dimensions:          76 x          11 x           9 x        1173
 Performing interpolation at target parameters...
 Interpolation complete
        107   7.171984   9952.825  -0.019940  -0.019940   1.999998   1.999998   0.755783   0.000078   0.242800  -2.552518    795      0
 4.7236E+00   7.171984   0.317538 -45.484799  -1.507543 -12.055426   0.000000   0.242816   0.000657   0.001400   0.058477      4
 2.5043E+06   1.603527   1.581555 -99.000000 -99.000000  -9.239901   0.000000   0.000235   0.000146   0.001401  0.000E+00        lgTeff

 Loading precomputed flux cube from:/home/njm/MESA/mesa/colors/data/stellar_models/Kurucz2003all//flux_cube.bin
 Loaded flux cube with dimensions:          76 x          11 x           9 x        1173
 Performing interpolation at target parameters...
 Interpolation complete
        108   7.186887  1.018E+04   0.139761   0.139761   1.999998   1.999998   0.755779   0.000086   0.242800  -2.517696    799      0
 4.7154E+00   7.186887   0.301035 -44.679816  -1.374643 -12.060787   0.000000   0.242819   0.000657   0.001400   0.058139      4
 2.5562E+06   1.640678   1.587296 -99.000000 -99.000000  -9.257617   0.000000   0.000228   0.000146   0.001402  0.000E+00        lgTeff

 Loading precomputed flux cube from:/home/njm/MESA/mesa/colors/data/stellar_models/Kurucz2003all//flux_cube.bin
 Loaded flux cube with dimensions:          76 x          11 x           9 x        1173
 Performing interpolation at target parameters...
 Interpolation complete
        109   7.203372  1.042E+04   0.315000   0.315000   1.999998   1.999998   0.755772   0.000103   0.242800  -2.484200    805      0
 4.7658E+00   7.203372   0.282843 -43.807747  -1.218500 -12.147271   0.000000   0.242823   0.000657   0.001400   0.057673      4
 2.6145E+06   1.679640   1.592174 -15.352530 -99.000000  -9.260758   0.000000   0.000214   0.000146   0.001405  0.000E+00    varcontrol

 Loading precomputed flux cube from:/home/njm/MESA/mesa/colors/data/stellar_models/Kurucz2003all//flux_cube.bin
 Loaded flux cube with dimensions:          76 x          11 x           9 x        1173
 Performing interpolation at target parameters...
 Interpolation complete

__________________________________________________________________________________________________________________________________________________

       step    lg_Tmax     Teff     lg_LH      lg_Lnuc_tot     Mass       H_rich     H_cntr     N_cntr     Y_surf   eta_cntr   zones  retry
  lg_dt_yrs    lg_Tcntr    lg_R     lg_L3a     lg_Lneu     lg_Mdot    He_core    He_cntr    O_cntr     Z_surf   gam_cntr   iters  
    age_yrs    lg_Dcntr    lg_L     lg_LZ      lg_Lphoto   lg_Dsurf   CO_core    C_cntr     Ne_cntr    Z_cntr   v_div_cs       dt_limit
__________________________________________________________________________________________________________________________________________________

        110   7.220681  1.068E+04   0.488967   0.488967   1.999998   1.999998   0.755761   0.000137   0.242800  -2.454129    808      0
 4.8007E+00   7.220681   0.263707 -42.908759  -1.044971 -12.297923   0.000000   0.242829   0.000657   0.001400   0.057094      4
 2.6777E+06   1.718390   1.595779 -99.000000 -99.000000  -9.252844   0.000000   0.000184   0.000146   0.001409  0.000E+00        lgTeff

 Loading precomputed flux cube from:/home/njm/MESA/mesa/colors/data/stellar_models/Kurucz2003all//flux_cube.bin
 Loaded flux cube with dimensions:          76 x          11 x           9 x        1173
 Performing interpolation at target parameters...
 Interpolation complete
        111   7.236610  1.091E+04   0.636555   0.636555   1.999998   1.999998   0.755745   0.000188   0.242800  -2.430458    812      0
 4.7836E+00   7.236610   0.246049 -42.096592  -0.881742 -12.530192   0.000000   0.242838   0.000657   0.001400   0.056493      3
 2.7385E+06   1.752357   1.597927 -14.750470 -99.000000  -9.238165   0.000000   0.000141   0.000146   0.001417  0.000E+00        lgTeff

 Loading precomputed flux cube from:/home/njm/MESA/mesa/colors/data/stellar_models/Kurucz2003all//flux_cube.bin
 Loaded flux cube with dimensions:          76 x          11 x           9 x        1173
 Performing interpolation at target parameters...
 Interpolation complete
        112   7.252984  1.115E+04   0.774654   0.774654   1.999998   1.999998   0.755722   0.000256   0.242800  -2.409160    810      0
 4.8288E+00   7.252984   0.227272 -41.266381  -0.719818 -12.943089   0.000000   0.242851   0.000657   0.001400   0.055827      4
 2.8059E+06   1.785993   1.597895 -99.000000 -99.000000  -9.216544   0.000000   0.000083   0.000146   0.001426  0.000E+00    varcontrol

 Loading precomputed flux cube from:/home/njm/MESA/mesa/colors/data/stellar_models/Kurucz2003all//flux_cube.bin
 Loaded flux cube with dimensions:          76 x          11 x           9 x        1173
 Performing interpolation at target parameters...
 Interpolation complete
        113   7.270012  1.140E+04   0.902422   0.902422   1.999998   1.999998   0.755692   0.000316   0.242800  -2.385888    814      0
 4.9037E+00   7.270012   0.206271 -40.399665  -0.570385 -13.330975   0.000000   0.242873   0.000657   0.001400   0.055164      4
 2.8860E+06   1.821446   1.594724 -99.000000 -99.000000  -9.187296   0.000000   0.000031   0.000146   0.001435  0.000E+00    varcontrol

 Loading precomputed flux cube from:/home/njm/MESA/mesa/colors/data/stellar_models/Kurucz2003all//flux_cube.bin
 Loaded flux cube with dimensions:          76 x          11 x           9 x        1173
 Performing interpolation at target parameters...
 Interpolation complete
        114   7.286392  1.164E+04   1.007493   1.007493   1.999998   1.999998   0.755654   0.000343   0.242800  -2.360778    814      0
 4.9551E+00   7.286392   0.184593 -39.573373  -0.452864 -13.327594   0.000000   0.242907   0.000656   0.001400   0.054580      4
 2.9762E+06   1.856694   1.588401 -99.000000 -99.000000  -9.153605   0.000000   0.000008   0.000146   0.001439  0.000E+00    varcontrol

 Loading precomputed flux cube from:/home/njm/MESA/mesa/colors/data/stellar_models/Kurucz2003all//flux_cube.bin
 Loaded flux cube with dimensions:          76 x          11 x           9 x        1173
 Performing interpolation at target parameters...
 Interpolation complete
        115   7.302555  1.187E+04   1.094905   1.094905   1.999998   1.999998   0.755603   0.000350   0.242800  -2.340605    820      0
 4.9996E+00   7.302555   0.163119 -38.792649  -0.356157 -13.331663   0.000000   0.242958   0.000656   0.001400   0.053930      5
 3.0761E+06   1.889539   1.579152 -99.000000 -99.000000  -9.118211   0.000000   0.000003   0.000146   0.001440  0.000E+00    varcontrol

 Loading precomputed flux cube from:/home/njm/MESA/mesa/colors/data/stellar_models/Kurucz2003all//flux_cube.bin
 Loaded flux cube with dimensions:          76 x          11 x           9 x        1173
 Performing interpolation at target parameters...
 Interpolation complete
        116   7.319089  1.208E+04   1.174078   1.174078   1.999998   1.999998   0.755524   0.000352   0.242800  -2.333309    824      0
 5.0458E+00   7.319089   0.142391 -38.037121  -0.260266 -13.343089   0.000000   0.243036   0.000654   0.001400   0.053039      5
 3.1872E+06   1.917384   1.567156 -99.000000 -99.000000  -9.083209   0.000000   0.000002   0.000146   0.001440  0.000E+00    varcontrol

 Loading precomputed flux cube from:/home/njm/MESA/mesa/colors/data/stellar_models/Kurucz2003all//flux_cube.bin
 Loaded flux cube with dimensions:          76 x          11 x           9 x        1173
 Performing interpolation at target parameters...
 Interpolation complete
        117   7.335414  1.225E+04   1.249527   1.249527   1.999998   1.999998   0.755400   0.000354   0.242800  -2.341052    830      0
 5.0990E+00   7.335414   0.122816 -37.307472  -0.153837 -13.361720   0.000000   0.243161   0.000651   0.001400   0.051908      5
 3.3128E+06   1.938193   1.552317 -14.148410 -99.000000  -9.066517   0.000000   0.000002   0.000146   0.001439  0.000E+00    varcontrol

 Loading precomputed flux cube from:/home/njm/MESA/mesa/colors/data/stellar_models/Kurucz2003all//flux_cube.bin
 Loaded flux cube with dimensions:          76 x          11 x           9 x        1173
 Performing interpolation at target parameters...
 Interpolation complete
        118   7.349057  1.237E+04   1.319927   1.319927   1.999998   1.999998   0.755333   0.000355   0.242800  -2.353950    836      0
 5.1636E+00   7.349057   0.104769 -36.677675  -0.039948 -13.388011   0.000000   0.243228   0.000650   0.001400   0.050865      5
 3.4586E+06   1.952632   1.534022 -99.000000 -99.000000  -9.038771   0.000000   0.000002   0.000146   0.001439  0.000E+00    varcontrol

 Loading precomputed flux cube from:/home/njm/MESA/mesa/colors/data/stellar_models/Kurucz2003all//flux_cube.bin
 Loaded flux cube with dimensions:          76 x          11 x           9 x        1173
 Performing interpolation at target parameters...
 Interpolation complete
        119   7.359226  1.244E+04   1.379010   1.379010   1.999998   1.999998   0.755310   0.000355   0.242800  -2.371376    842      0
 5.2427E+00   7.359226   0.088763 -36.208894   0.070424 -13.423681   0.000000   0.243251   0.000650   0.001400   0.049973      5
 3.6335E+06   1.960078   1.511431 -99.000000 -99.000000  -9.016268   0.000000   0.000002   0.000146   0.001439  0.000E+00  max increase

 Loading precomputed flux cube from:/home/njm/MESA/mesa/colors/data/stellar_models/Kurucz2003all//flux_cube.bin
 Loaded flux cube with dimensions:          76 x          11 x           9 x        1173
 Performing interpolation at target parameters...
 Interpolation complete

__________________________________________________________________________________________________________________________________________________

       step    lg_Tmax     Teff     lg_LH      lg_Lnuc_tot     Mass       H_rich     H_cntr     N_cntr     Y_surf   eta_cntr   zones  retry
  lg_dt_yrs    lg_Tcntr    lg_R     lg_L3a     lg_Lneu     lg_Mdot    He_core    He_cntr    O_cntr     Z_surf   gam_cntr   iters  
    age_yrs    lg_Dcntr    lg_L     lg_LZ      lg_Lphoto   lg_Dsurf   CO_core    C_cntr     Ne_cntr    Z_cntr   v_div_cs       dt_limit
__________________________________________________________________________________________________________________________________________________

        120   7.365625  1.244E+04   1.418512   1.418512   1.999998   1.999998   0.755273   0.000356   0.242800  -2.390479    855      0
 5.3219E+00   7.365625   0.075971 -35.923882   0.157015 -13.471087   0.000000   0.243288   0.000649   0.001400   0.049292      5
 3.8433E+06   1.961377   1.486003 -99.000000 -99.000000  -9.000873   0.000000   0.000002   0.000146   0.001439  0.000E+00  max increase

 Loading precomputed flux cube from:/home/njm/MESA/mesa/colors/data/stellar_models/Kurucz2003all//flux_cube.bin
 Loaded flux cube with dimensions:          76 x          11 x           9 x        1173
 Performing interpolation at target parameters...
 Interpolation complete
        121   7.368736  1.239E+04   1.436792   1.436792   1.999998   1.999998   0.755204   0.000357   0.242800  -2.407837    871      0
 5.4011E+00   7.368736   0.067171 -35.791236   0.204804 -13.527241   0.000000   0.243357   0.000648   0.001400   0.048839      5
 4.0951E+06   1.958638   1.461943 -99.000000 -99.000000  -8.992549   0.000000   0.000002   0.000146   0.001439  0.000E+00  max increase

 Loading precomputed flux cube from:/home/njm/MESA/mesa/colors/data/stellar_models/Kurucz2003all//flux_cube.bin
 Loaded flux cube with dimensions:          76 x          11 x           9 x        1173
 Performing interpolation at target parameters...
 Interpolation complete
        122   7.369691  1.234E+04   1.440351   1.440351   1.999998   1.999998   0.755119   0.000358   0.242800  -2.421367    876      0
 5.4803E+00   7.369691   0.062296 -35.755791   0.223323 -13.582141   0.000000   0.243442   0.000646   0.001400   0.048574      5
 4.3973E+06   1.954358   1.443877 -99.000000 -99.000000  -8.989496   0.000000   0.000003   0.000146   0.001439  0.000E+00  max increase

 Loading precomputed flux cube from:/home/njm/MESA/mesa/colors/data/stellar_models/Kurucz2003all//flux_cube.bin
 Loaded flux cube with dimensions:          76 x          11 x           9 x        1173
 Performing interpolation at target parameters...
 Interpolation complete
        123   7.369642  1.229E+04   1.436894   1.436894   1.999998   1.999998   0.754995   0.000360   0.242800  -2.429649    876      0
 5.5595E+00   7.369642   0.060340 -35.763016   0.224735 -13.624291   0.000000   0.243566   0.000644   0.001400   0.048451      5
 4.7600E+06   1.950824   1.433690 -99.000000 -99.000000  -8.989215   0.000000   0.000003   0.000146   0.001438  0.000E+00  max increase

 Loading precomputed flux cube from:/home/njm/MESA/mesa/colors/data/stellar_models/Kurucz2003all//flux_cube.bin
 Loaded flux cube with dimensions:          76 x          11 x           9 x        1173
 Performing interpolation at target parameters...
 Interpolation complete
        124   7.369379  1.227E+04   1.432756   1.432756   1.999998   1.999998   0.754824   0.000363   0.242800  -2.433546    877      0
 5.6386E+00   7.369379   0.059949 -35.776900   0.221278 -13.648484   0.000000   0.243738   0.000641   0.001400   0.048411      5
 5.1951E+06   1.948838   1.429707 -99.000000 -99.000000  -8.989793   0.000000   0.000003   0.000146   0.001438  0.000E+00  max increase

 Loading precomputed flux cube from:/home/njm/MESA/mesa/colors/data/stellar_models/Kurucz2003all//flux_cube.bin
 Loaded flux cube with dimensions:          76 x          11 x           9 x        1173
 Performing interpolation at target parameters...
 Interpolation complete
        125   7.369207  1.226E+04   1.430481   1.430481   1.999998   1.999998   0.754597   0.000367   0.242800  -2.434798    876      0
 5.7178E+00   7.369207   0.060111 -35.784533   0.218254 -13.658143   0.000000   0.243966   0.000636   0.001400   0.048409      5
 5.7173E+06   1.948113   1.428949 -99.000000 -99.000000  -8.990349   0.000000   0.000003   0.000146   0.001437  0.000E+00  max increase

 Loading precomputed flux cube from:/home/njm/MESA/mesa/colors/data/stellar_models/Kurucz2003all//flux_cube.bin
 Loaded flux cube with dimensions:          76 x          11 x           9 x        1173
 Performing interpolation at target parameters...
 Interpolation complete
        126   7.369120  1.226E+04   1.429989   1.429989   1.999998   1.999998   0.754319   0.000371   0.242800  -2.435459    876      0
 5.7970E+00   7.369120   0.060378 -35.787525   0.217272 -13.660108   0.000000   0.244245   0.000631   0.001400   0.048413      5
 6.3440E+06   1.947776   1.429140 -99.000000 -99.000000  -8.990789   0.000000   0.000003   0.000146   0.001437  0.000E+00  max increase

 Loading precomputed flux cube from:/home/njm/MESA/mesa/colors/data/stellar_models/Kurucz2003all//flux_cube.bin
 Loaded flux cube with dimensions:          76 x          11 x           9 x        1173
 Performing interpolation at target parameters...
 Interpolation complete
        127   7.369068  1.226E+04   1.430083   1.430083   1.999998   1.999998   0.753984   0.000377   0.242800  -2.436146    876      0
 5.8762E+00   7.369068   0.060645 -35.788662   0.217120 -13.659777   0.000000   0.244580   0.000625   0.001400   0.048416      5
 7.0959E+06   1.947492   1.429447 -99.000000 -99.000000  -8.991193   0.000000   0.000003   0.000146   0.001436  0.000E+00  max increase

 Loading precomputed flux cube from:/home/njm/MESA/mesa/colors/data/stellar_models/Kurucz2003all//flux_cube.bin
 Loaded flux cube with dimensions:          76 x          11 x           9 x        1173
 Performing interpolation at target parameters...
 Interpolation complete
        128   7.369016  1.225E+04   1.430332   1.430332   1.999998   1.999998   0.753582   0.000383   0.242800  -2.436991    876      0
 5.9554E+00   7.369016   0.060931 -35.789538   0.217229 -13.659159   0.000000   0.244983   0.000618   0.001400   0.048420      5
 7.9983E+06   1.947159   1.429733 -99.000000 -99.000000  -8.991640   0.000000   0.000003   0.000146   0.001435  0.000E+00  max increase

 Loading precomputed flux cube from:/home/njm/MESA/mesa/colors/data/stellar_models/Kurucz2003all//flux_cube.bin
 Loaded flux cube with dimensions:          76 x          11 x           9 x        1173
 Performing interpolation at target parameters...
 Interpolation complete
        129   7.368954  1.225E+04   1.430627   1.430627   1.999998   1.999998   0.753100   0.000390   0.242800  -2.438009    876      0
 6.0346E+00   7.368954   0.061263 -35.790582   0.217433 -13.658603   0.000000   0.245466   0.000610   0.001400   0.048423      5
 9.0811E+06   1.946758   1.430033 -14.148410 -99.000000  -8.992168   0.000000   0.000003   0.000146   0.001434  0.000E+00  max increase

 Loading precomputed flux cube from:/home/njm/MESA/mesa/colors/data/stellar_models/Kurucz2003all//flux_cube.bin
 Loaded flux cube with dimensions:          76 x          11 x           9 x        1173
 Performing interpolation at target parameters...
 Interpolation complete

__________________________________________________________________________________________________________________________________________________

       step    lg_Tmax     Teff     lg_LH      lg_Lnuc_tot     Mass       H_rich     H_cntr     N_cntr     Y_surf   eta_cntr   zones  retry
  lg_dt_yrs    lg_Tcntr    lg_R     lg_L3a     lg_Lneu     lg_Mdot    He_core    He_cntr    O_cntr     Z_surf   gam_cntr   iters  
    age_yrs    lg_Dcntr    lg_L     lg_LZ      lg_Lphoto   lg_Dsurf   CO_core    C_cntr     Ne_cntr    Z_cntr   v_div_cs       dt_limit
__________________________________________________________________________________________________________________________________________________

        130   7.368881  1.225E+04   1.430964   1.430964   1.999998   1.999998   0.752523   0.000399   0.242800  -2.439205    876      0
 6.1137E+00   7.368881   0.061655 -35.791752   0.217727 -13.658038   0.000000   0.246045   0.000600   0.001400   0.048428      5
 1.0380E+07   1.946289   1.430379 -99.000000 -99.000000  -8.992793   0.000000   0.000003   0.000146   0.001433  0.000E+00  max increase

 Loading precomputed flux cube from:/home/njm/MESA/mesa/colors/data/stellar_models/Kurucz2003all//flux_cube.bin
 Loaded flux cube with dimensions:          76 x          11 x           9 x        1173
 Performing interpolation at target parameters...
 Interpolation complete
        131   7.368788  1.224E+04   1.431297   1.431297   1.999998   1.999998   0.751857   0.000408   0.242800  -2.440959    876      0
 6.1929E+00   7.368788   0.062109 -35.793781   0.218659 -13.657391   0.000000   0.246711   0.000589   0.001400   0.048429      5
 1.1940E+07   1.945578   1.430677 -14.148410 -99.000000  -8.993551   0.000000   0.000003   0.000146   0.001431  0.000E+00  max increase

 Loading precomputed flux cube from:/home/njm/MESA/mesa/colors/data/stellar_models/Kurucz2003all//flux_cube.bin
 Loaded flux cube with dimensions:          76 x          11 x           9 x        1173
 Performing interpolation at target parameters...
 Interpolation complete
        132   7.368698  1.224E+04   1.431657   1.431657   1.999998   1.999998   0.751066   0.000419   0.242800  -2.442764    877      0
 6.2721E+00   7.368698   0.062631 -35.795074   0.219453 -13.656895   0.000000   0.247505   0.000576   0.001400   0.048432      5
 1.3811E+07   1.944881   1.431098 -99.000000 -99.000000  -8.994397   0.000000   0.000003   0.000146   0.001430  0.000E+00  max increase

 Loading precomputed flux cube from:/home/njm/MESA/mesa/colors/data/stellar_models/Kurucz2003all//flux_cube.bin
 Loaded flux cube with dimensions:          76 x          11 x           9 x        1173
 Performing interpolation at target parameters...
 Interpolation complete
        133   7.368614  1.224E+04   1.432195   1.432195   1.999998   1.999998   0.750098   0.000432   0.242800  -2.444600    877      0
 6.3513E+00   7.368614   0.063243 -35.795229   0.220200 -13.656131   0.000000   0.248474   0.000561   0.001400   0.048441      5
 1.6056E+07   1.944222   1.431688 -14.148410 -99.000000  -8.995356   0.000000   0.000003   0.000146   0.001428  0.000E+00  max increase

 Loading precomputed flux cube from:/home/njm/MESA/mesa/colors/data/stellar_models/Kurucz2003all//flux_cube.bin
 Loaded flux cube with dimensions:          76 x          11 x           9 x        1173
 Performing interpolation at target parameters...
 Interpolation complete
        134   7.368528  1.223E+04   1.432883   1.432883   1.999998   1.999998   0.748929   0.000447   0.242800  -2.446750    877      0
 6.4305E+00   7.368528   0.063958 -35.794630   0.221256 -13.654996   0.000000   0.249645   0.000544   0.001400   0.048452      5
 1.8751E+07   1.943480   1.432395 -99.000000 -99.000000  -8.996472   0.000000   0.000003   0.000146   0.001426  0.000E+00  max increase

 Loading precomputed flux cube from:/home/njm/MESA/mesa/colors/data/stellar_models/Kurucz2003all//flux_cube.bin
 Loaded flux cube with dimensions:          76 x          11 x           9 x        1173
 Performing interpolation at target parameters...
 Interpolation complete
        135   7.368448  1.222E+04   1.433709   1.433709   1.999998   1.999998   0.747520   0.000464   0.242800  -2.449254    877      0
 6.5096E+00   7.368448   0.064792 -35.792861   0.222652 -13.653629   0.000000   0.251057   0.000524   0.001400   0.048465      5
 2.1984E+07   1.942655   1.433243 -99.000000 -99.000000  -8.997763   0.000000   0.000003   0.000146   0.001423  0.000E+00  max increase

 Loading precomputed flux cube from:/home/njm/MESA/mesa/colors/data/stellar_models/Kurucz2003all//flux_cube.bin
 Loaded flux cube with dimensions:          76 x          11 x           9 x        1173
 Performing interpolation at target parameters...
 Interpolation complete
        136   7.368380  1.222E+04   1.434709   1.434709   1.999998   1.999998   0.745822   0.000484   0.242800  -2.452156    877      0
 6.5888E+00   7.368380   0.065761 -35.789358   0.224479 -13.651972   0.000000   0.252758   0.000502   0.001400   0.048482      5
 2.5864E+07   1.941753   1.434268 -14.148410 -99.000000  -8.999249   0.000000   0.000003   0.000146   0.001420  0.000E+00  max increase

 Loading precomputed flux cube from:/home/njm/MESA/mesa/colors/data/stellar_models/Kurucz2003all//flux_cube.bin
 Loaded flux cube with dimensions:          76 x          11 x           9 x        1173
 Performing interpolation at target parameters...
 Interpolation complete
        137   7.368336  1.221E+04   1.435926   1.435926   1.999998   1.999998   0.743776   0.000506   0.242800  -2.455507    877      0
 6.6680E+00   7.368336   0.066884 -35.783394   0.226850 -13.649951   0.000000   0.254807   0.000476   0.001400   0.048501      5
 3.0520E+07   1.940782   1.435511 -99.000000 -99.000000  -9.000953   0.000000   0.000003   0.000146   0.001417  0.000E+00  max increase

 Loading precomputed flux cube from:/home/njm/MESA/mesa/colors/data/stellar_models/Kurucz2003all//flux_cube.bin
 Loaded flux cube with dimensions:          76 x          11 x           9 x        1173
 Performing interpolation at target parameters...
 Interpolation complete
        138   7.368328  1.220E+04   1.437413   1.437413   1.999998   1.999998   0.741309   0.000531   0.242800  -2.459364    877      0
 6.7472E+00   7.368328   0.068186 -35.774044   0.229904 -13.647472   0.000000   0.257278   0.000448   0.001400   0.048526      5
 3.6107E+07   1.939758   1.437025 -99.000000 -99.000000  -9.002903   0.000000   0.000004   0.000146   0.001414  0.000E+00  max increase

 Loading precomputed flux cube from:/home/njm/MESA/mesa/colors/data/stellar_models/Kurucz2003all//flux_cube.bin
 Loaded flux cube with dimensions:          76 x          11 x           9 x        1173
 Performing interpolation at target parameters...
 Interpolation complete
        139   7.368377  1.220E+04   1.439235   1.439235   1.999997   1.999997   0.738332   0.000558   0.242800  -2.463794    878      0
 6.8264E+00   7.368377   0.069694 -35.760142   0.233807 -13.644418   0.000000   0.260259   0.000417   0.001400   0.048556      5
 4.2811E+07   1.938701   1.438875 -99.000000 -99.000000  -9.005127   0.000000   0.000004   0.000146   0.001410  0.000E+00  max increase

 Loading precomputed flux cube from:/home/njm/MESA/mesa/colors/data/stellar_models/Kurucz2003all//flux_cube.bin
 Loaded flux cube with dimensions:          76 x          11 x           9 x        1173
 Performing interpolation at target parameters...
 Interpolation complete

__________________________________________________________________________________________________________________________________________________

       step    lg_Tmax     Teff     lg_LH      lg_Lnuc_tot     Mass       H_rich     H_cntr     N_cntr     Y_surf   eta_cntr   zones  retry
  lg_dt_yrs    lg_Tcntr    lg_R     lg_L3a     lg_Lneu     lg_Mdot    He_core    He_cntr    O_cntr     Z_surf   gam_cntr   iters  
    age_yrs    lg_Dcntr    lg_L     lg_LZ      lg_Lphoto   lg_Dsurf   CO_core    C_cntr     Ne_cntr    Z_cntr   v_div_cs       dt_limit
__________________________________________________________________________________________________________________________________________________

        140   7.368503  1.219E+04   1.441472   1.441472   1.999997   1.999997   0.734735   0.000587   0.242800  -2.468875    878      0
 6.9055E+00   7.368503   0.071442 -35.740241   0.238757 -13.640642   0.000000   0.263860   0.000383   0.001400   0.048594      5
 5.0857E+07   1.937640   1.441138 -99.000000 -99.000000  -9.007665   0.000000   0.000004   0.000146   0.001405  0.000E+00  max increase

 Loading precomputed flux cube from:/home/njm/MESA/mesa/colors/data/stellar_models/Kurucz2003all//flux_cube.bin
 Loaded flux cube with dimensions:          76 x          11 x           9 x        1173
 Performing interpolation at target parameters...
 Interpolation complete
        141   7.368737  1.218E+04   1.444223   1.444223   1.999997   1.999997   0.730383   0.000619   0.242800  -2.474702    878      0
 6.9847E+00   7.368737   0.073473 -35.712547   0.244993 -13.635969   0.000000   0.268216   0.000346   0.001400   0.048640      5
 6.0511E+07   1.936612   1.443916 -99.000000 -99.000000  -9.010563   0.000000   0.000004   0.000146   0.001401  0.000E+00  max increase

 Loading precomputed flux cube from:/home/njm/MESA/mesa/colors/data/stellar_models/Kurucz2003all//flux_cube.bin
 Loaded flux cube with dimensions:          76 x          11 x           9 x        1173
 Performing interpolation at target parameters...
 Interpolation complete
        142   7.369114  1.217E+04   1.447624   1.447624   1.999997   1.999997   0.725107   0.000653   0.242800  -2.481368    878      0
 7.0639E+00   7.369114   0.075842 -35.674834   0.252808 -13.630174   0.000000   0.273497   0.000307   0.001400   0.048699      5
 7.2097E+07   1.935676   1.447341 -99.000000 -99.000000  -9.013880   0.000000   0.000004   0.000146   0.001396  0.000E+00  max increase

 Loading precomputed flux cube from:/home/njm/MESA/mesa/colors/data/stellar_models/Kurucz2003all//flux_cube.bin
 Loaded flux cube with dimensions:          76 x          11 x           9 x        1173
 Performing interpolation at target parameters...
 Interpolation complete
        143   7.369680  1.216E+04   1.451821   1.451821   1.999996   1.999996   0.718698   0.000687   0.242800  -2.489043    878      0
 7.1431E+00   7.369680   0.078619 -35.624419   0.262532 -13.622956   0.000000   0.279911   0.000267   0.001400   0.048772      5
 8.5999E+07   1.934880   1.451561 -99.000000 -99.000000  -9.017696   0.000000   0.000005   0.000146   0.001391  0.000E+00  max increase

 Loading precomputed flux cube from:/home/njm/MESA/mesa/colors/data/stellar_models/Kurucz2003all//flux_cube.bin
 Loaded flux cube with dimensions:          76 x          11 x           9 x        1173
 Performing interpolation at target parameters...
 Interpolation complete
        144   7.370490  1.215E+04   1.457006   1.457006   1.999996   1.999996   0.710890   0.000723   0.242800  -2.497933    878      0
 7.2223E+00   7.370490   0.081894 -35.558032   0.274557 -13.613986   0.000000   0.287724   0.000227   0.001400   0.048865      5
 1.0268E+08   1.934291   1.456766 -99.000000 -99.000000  -9.022116   0.000000   0.000005   0.000146   0.001386  0.000E+00  max increase

 Loading precomputed flux cube from:/home/njm/MESA/mesa/colors/data/stellar_models/Kurucz2003all//flux_cube.bin
 Loaded flux cube with dimensions:          76 x          11 x           9 x        1173
 Performing interpolation at target parameters...
 Interpolation complete
        145   7.371616  1.214E+04   1.463426   1.463426   1.999996   1.999996   0.701346   0.000757   0.242800  -2.508306    879      0
 7.3015E+00   7.371616   0.085791 -35.471650   0.289347 -13.602843   0.000000   0.297274   0.000187   0.001400   0.048982      5
 1.2270E+08   1.933992   1.463203 -99.000000 -99.000000  -9.027289   0.000000   0.000005   0.000146   0.001381  0.000E+00  max increase

 Loading precomputed flux cube from:/home/njm/MESA/mesa/colors/data/stellar_models/Kurucz2003all//flux_cube.bin
 Loaded flux cube with dimensions:          76 x          11 x           9 x        1173
 Performing interpolation at target parameters...
 Interpolation complete
        146   7.373146  1.213E+04   1.471424   1.471424   1.999995   1.999995   0.689630   0.000790   0.242800  -2.520415    879      0
 7.3806E+00   7.373146   0.090485 -35.360276   0.307462 -13.588981   0.000000   0.308995   0.000149   0.001400   0.049133      5
 1.4673E+08   1.934126   1.471216 -99.000000 -99.000000  -9.033419   0.000000   0.000005   0.000146   0.001376  0.000E+00  max increase

 Loading precomputed flux cube from:/home/njm/MESA/mesa/colors/data/stellar_models/Kurucz2003all//flux_cube.bin
 Loaded flux cube with dimensions:          76 x          11 x           9 x        1173
 Performing interpolation at target parameters...
 Interpolation complete
        147   7.375191  1.212E+04   1.481383   1.481383   1.999994   1.999994   0.675173   0.000820   0.242800  -2.534786    879      0
 7.4598E+00   7.375191   0.096203 -35.217912   0.329463 -13.571639   0.000000   0.323456   0.000114   0.001400   0.049329      5
 1.7555E+08   1.934799   1.481186 -99.000000 -99.000000  -9.040800   0.000000   0.000006   0.000146   0.001371  0.000E+00      XHe_cntr

 Loading precomputed flux cube from:/home/njm/MESA/mesa/colors/data/stellar_models/Kurucz2003all//flux_cube.bin
 Loaded flux cube with dimensions:          76 x          11 x           9 x        1173
 Performing interpolation at target parameters...
 Interpolation complete
        148   7.377036  1.211E+04   1.489969   1.489969   1.999993   1.999993   0.662677   0.000840   0.242800  -2.546891    882      0
 7.3828E+00   7.377036   0.101125 -35.093283   0.347870 -13.549997   0.000000   0.335954   0.000092   0.001400   0.049508      5
 1.9969E+08   1.935659   1.489776 -99.000000 -99.000000  -9.047132   0.000000   0.000006   0.000146   0.001369  0.000E+00      XHe_cntr

 Loading precomputed flux cube from:/home/njm/MESA/mesa/colors/data/stellar_models/Kurucz2003all//flux_cube.bin
 Loaded flux cube with dimensions:          76 x          11 x           9 x        1173
 Performing interpolation at target parameters...
 Interpolation complete
        149   7.378799  1.210E+04   1.497928   1.497928   1.999993   1.999993   0.651138   0.000854   0.242800  -2.557859    889      0
 7.3378E+00   7.378799   0.105685 -34.977016   0.364330 -13.531350   0.000000   0.347495   0.000075   0.001400   0.049680      5
 2.2146E+08   1.936657   1.497737 -99.000000 -99.000000  -9.052981   0.000000   0.000006   0.000146   0.001367  0.000E+00      XHe_cntr

 Loading precomputed flux cube from:/home/njm/MESA/mesa/colors/data/stellar_models/Kurucz2003all//flux_cube.bin
 Loaded flux cube with dimensions:          76 x          11 x           9 x        1173
 Performing interpolation at target parameters...
 Interpolation complete

__________________________________________________________________________________________________________________________________________________

       step    lg_Tmax     Teff     lg_LH      lg_Lnuc_tot     Mass       H_rich     H_cntr     N_cntr     Y_surf   eta_cntr   zones  retry
  lg_dt_yrs    lg_Tcntr    lg_R     lg_L3a     lg_Lneu     lg_Mdot    He_core    He_cntr    O_cntr     Z_surf   gam_cntr   iters  
    age_yrs    lg_Dcntr    lg_L     lg_LZ      lg_Lphoto   lg_Dsurf   CO_core    C_cntr     Ne_cntr    Z_cntr   v_div_cs       dt_limit
__________________________________________________________________________________________________________________________________________________

        150   7.380572  1.210E+04   1.505688   1.505688   1.999992   1.999992   0.639832   0.000864   0.242800  -2.567865    893      0
 7.3092E+00   7.380572   0.110116 -34.861951   0.379019 -13.514065   0.000000   0.358803   0.000063   0.001400   0.049866      5
 2.4184E+08   1.938041   1.505500 -14.148410 -99.000000  -9.058643   0.000000   0.000006   0.000146   0.001365  0.000E+00      XHe_cntr

save LOGS/profile4.data for model 150
 Loading precomputed flux cube from:/home/njm/MESA/mesa/colors/data/stellar_models/Kurucz2003all//flux_cube.bin
 Loaded flux cube with dimensions:          76 x          11 x           9 x        1173
 Performing interpolation at target parameters...
 Interpolation complete
save photos/x150 for model 150
        151   7.382307  1.209E+04   1.513146   1.513146   1.999992   1.999992   0.628876   0.000872   0.242800  -2.577883    897      0
 7.2875E+00   7.382307   0.114465 -34.751216   0.393382 -13.497203   0.000000   0.369760   0.000054   0.001400   0.050047      5
 2.6123E+08   1.939295   1.512953 -14.148410 -99.000000  -9.064240   0.000000   0.000006   0.000146   0.001364  0.000E+00      XHe_cntr

 Loading precomputed flux cube from:/home/njm/MESA/mesa/colors/data/stellar_models/Kurucz2003all//flux_cube.bin
 Loaded flux cube with dimensions:          76 x          11 x           9 x        1173
 Performing interpolation at target parameters...
 Interpolation complete
        152   7.384038  1.208E+04   1.520451   1.520451   1.999991   1.999991   0.618070   0.000878   0.242800  -2.587725    900      0
 7.2696E+00   7.384038   0.118788 -34.642265   0.407042 -13.481065   0.000000   0.380567   0.000047   0.001400   0.050231      5
 2.7983E+08   1.940600   1.520255 -99.000000 -99.000000  -9.069825   0.000000   0.000006   0.000146   0.001363  0.000E+00      XHe_cntr

 Loading precomputed flux cube from:/home/njm/MESA/mesa/colors/data/stellar_models/Kurucz2003all//flux_cube.bin
 Loaded flux cube with dimensions:          76 x          11 x           9 x        1173
 Performing interpolation at target parameters...
 Interpolation complete
        153   7.385768  1.207E+04   1.527685   1.527685   1.999990   1.999990   0.607386   0.000883   0.242800  -2.597455    903      0
 7.2557E+00   7.385768   0.123122 -34.534725   0.420074 -13.465286   0.000000   0.391252   0.000042   0.001400   0.050419      5
 2.9785E+08   1.941944   1.527486 -13.546350 -99.000000  -9.075440   0.000000   0.000006   0.000146   0.001362  0.000E+00      XHe_cntr

 Loading precomputed flux cube from:/home/njm/MESA/mesa/colors/data/stellar_models/Kurucz2003all//flux_cube.bin
 Loaded flux cube with dimensions:          76 x          11 x           9 x        1173
 Performing interpolation at target parameters...
 Interpolation complete
        154   7.387500  1.206E+04   1.534870   1.534870   1.999990   1.999990   0.596796   0.000886   0.242800  -2.607138    906      0
 7.2436E+00   7.387500   0.127486 -34.428424   0.432542 -13.449689   0.000000   0.401842   0.000038   0.001400   0.050612      5
 3.1538E+08   1.943305   1.534668 -99.000000 -99.000000  -9.081114   0.000000   0.000006   0.000146   0.001362  0.000E+00      XHe_cntr

 Loading precomputed flux cube from:/home/njm/MESA/mesa/colors/data/stellar_models/Kurucz2003all//flux_cube.bin
 Loaded flux cube with dimensions:          76 x          11 x           9 x        1173
 Performing interpolation at target parameters...
 Interpolation complete
        155   7.389232  1.205E+04   1.542019   1.542019   1.999989   1.999989   0.586267   0.000888   0.242800  -2.616821    909      0
 7.2332E+00   7.389232   0.131896 -34.323223   0.444518 -13.434233   0.000000   0.412371   0.000035   0.001400   0.050808      5
 3.3248E+08   1.944674   1.541812 -99.000000 -99.000000  -9.086871   0.000000   0.000007   0.000146   0.001361  0.000E+00      XHe_cntr

 Loading precomputed flux cube from:/home/njm/MESA/mesa/colors/data/stellar_models/Kurucz2003all//flux_cube.bin
 Loaded flux cube with dimensions:          76 x          11 x           9 x        1173
 Performing interpolation at target parameters...
 Interpolation complete
        156   7.390981  1.203E+04   1.549198   1.549198   1.999988   1.999988   0.575715   0.000890   0.242800  -2.626347    911      0
 7.2240E+00   7.390981   0.136374 -34.217965   0.455654 -13.418890   0.000000   0.422924   0.000033   0.001400   0.051015      5
 3.4923E+08   1.946162   1.548989 -99.000000 -99.000000  -9.092729   0.000000   0.000007   0.000146   0.001361  0.000E+00      XHe_cntr

 Loading precomputed flux cube from:/home/njm/MESA/mesa/colors/data/stellar_models/Kurucz2003all//flux_cube.bin
 Loaded flux cube with dimensions:          76 x          11 x           9 x        1173
 Performing interpolation at target parameters...
 Interpolation complete
        157   7.392759  1.202E+04   1.556405   1.556405   1.999988   1.999988   0.564969   0.000892   0.242800  -2.635817    917      0
 7.2149E+00   7.392759   0.140959 -34.111613   0.466040 -13.403505   0.000000   0.433670   0.000031   0.001400   0.051237      5
 3.6563E+08   1.947793   1.556190 -13.847380 -99.000000  -9.098762   0.000000   0.000007   0.000146   0.001361  0.000E+00      XHe_cntr

 Loading precomputed flux cube from:/home/njm/MESA/mesa/colors/data/stellar_models/Kurucz2003all//flux_cube.bin
 Loaded flux cube with dimensions:          76 x          11 x           9 x        1173
 Performing interpolation at target parameters...
 Interpolation complete
        158   7.394512  1.200E+04   1.563497   1.563497   1.999987   1.999987   0.554330   0.000893   0.242800  -2.645512    926      0
 7.2035E+00   7.394512   0.145595 -34.007658   0.476374 -13.388119   0.000000   0.444309   0.000030   0.001400   0.051460      5
 3.8161E+08   1.949284   1.563274 -99.000000 -99.000000  -9.104909   0.000000   0.000007   0.000146   0.001361  0.000E+00      XHe_cntr

 Loading precomputed flux cube from:/home/njm/MESA/mesa/colors/data/stellar_models/Kurucz2003all//flux_cube.bin
 Loaded flux cube with dimensions:          76 x          11 x           9 x        1173
 Performing interpolation at target parameters...
 Interpolation complete
        159   7.396276  1.199E+04   1.570581   1.570581   1.999986   1.999986   0.543640   0.000894   0.242800  -2.655017    928      0
 7.1918E+00   7.396276   0.150305 -33.903666   0.485687 -13.373048   0.000000   0.455000   0.000029   0.001400   0.051696      5
 3.9716E+08   1.950909   1.570353 -99.000000 -99.000000  -9.111178   0.000000   0.000007   0.000146   0.001361  0.000E+00      XHe_cntr

 Loading precomputed flux cube from:/home/njm/MESA/mesa/colors/data/stellar_models/Kurucz2003all//flux_cube.bin
 Loaded flux cube with dimensions:          76 x          11 x           9 x        1173
 Performing interpolation at target parameters...
 Interpolation complete

__________________________________________________________________________________________________________________________________________________

       step    lg_Tmax     Teff     lg_LH      lg_Lnuc_tot     Mass       H_rich     H_cntr     N_cntr     Y_surf   eta_cntr   zones  retry
  lg_dt_yrs    lg_Tcntr    lg_R     lg_L3a     lg_Lneu     lg_Mdot    He_core    He_cntr    O_cntr     Z_surf   gam_cntr   iters  
    age_yrs    lg_Dcntr    lg_L     lg_LZ      lg_Lphoto   lg_Dsurf   CO_core    C_cntr     Ne_cntr    Z_cntr   v_div_cs       dt_limit
__________________________________________________________________________________________________________________________________________________

        160   7.398050  1.197E+04   1.577636   1.577636   1.999986   1.999986   0.532866   0.000894   0.242800  -2.664490    929      0
 7.1807E+00   7.398050   0.155102 -33.799705   0.494163 -13.358029   0.000000   0.465774   0.000028   0.001400   0.051944      5
 4.1232E+08   1.952607   1.577400 -13.671289 -99.000000  -9.117599   0.000000   0.000007   0.000146   0.001360  0.000E+00      XHe_cntr

 Loading precomputed flux cube from:/home/njm/MESA/mesa/colors/data/stellar_models/Kurucz2003all//flux_cube.bin
 Loaded flux cube with dimensions:          76 x          11 x           9 x        1173
 Performing interpolation at target parameters...
 Interpolation complete
        161   7.399793  1.195E+04   1.584583   1.584583   1.999985   1.999985   0.522233   0.000895   0.242800  -2.674119    938      0
 7.1682E+00   7.399793   0.159950 -33.698285   0.502617 -13.343136   0.000000   0.476406   0.000027   0.001400   0.052194      5
 4.2705E+08   1.954173   1.584338 -99.000000 -99.000000  -9.124131   0.000000   0.000007   0.000146   0.001360  0.000E+00      XHe_cntr

 Loading precomputed flux cube from:/home/njm/MESA/mesa/colors/data/stellar_models/Kurucz2003all//flux_cube.bin
 Loaded flux cube with dimensions:          76 x          11 x           9 x        1173
 Performing interpolation at target parameters...
 Interpolation complete
        162   7.401520  1.193E+04   1.591468   1.591468   1.999984   1.999984   0.511700   0.000895   0.242800  -2.683777    941      0
 7.1565E+00   7.401520   0.164860 -33.598476   0.510613 -13.328541   0.000000   0.486940   0.000027   0.001400   0.052449      5
 4.4139E+08   1.955695   1.591216 -99.000000 -99.000000  -9.130772   0.000000   0.000007   0.000146   0.001360  0.000E+00      XHe_cntr

 Loading precomputed flux cube from:/home/njm/MESA/mesa/colors/data/stellar_models/Kurucz2003all//flux_cube.bin
 Loaded flux cube with dimensions:          76 x          11 x           9 x        1173
 Performing interpolation at target parameters...
 Interpolation complete
        163   7.403238  1.191E+04   1.598331   1.598331   1.999984   1.999984   0.501220   0.000895   0.242800  -2.693509    940      0
 7.1471E+00   7.403238   0.169856 -33.499799   0.518231 -13.314127   0.000000   0.497419   0.000027   0.001400   0.052709      5
 4.5542E+08   1.957177   1.598073 -13.847380 -99.000000  -9.137557   0.000000   0.000007   0.000146   0.001360  0.000E+00      XHe_cntr

 Loading precomputed flux cube from:/home/njm/MESA/mesa/colors/data/stellar_models/Kurucz2003all//flux_cube.bin
 Loaded flux cube with dimensions:          76 x          11 x           9 x        1173
 Performing interpolation at target parameters...
 Interpolation complete
        164   7.404956  1.189E+04   1.605254   1.605254   1.999983   1.999983   0.490742   0.000896   0.242800  -2.703073    942      0
 7.1388E+00   7.404956   0.174969 -33.401525   0.525420 -13.299813   0.000000   0.507898   0.000026   0.001400   0.052981      5
 4.6919E+08   1.958750   1.604990 -99.000000 -99.000000  -9.144510   0.000000   0.000007   0.000146   0.001360  0.000E+00      XHe_cntr

 Loading precomputed flux cube from:/home/njm/MESA/mesa/colors/data/stellar_models/Kurucz2003all//flux_cube.bin
 Loaded flux cube with dimensions:          76 x          11 x           9 x        1173
 Performing interpolation at target parameters...
 Interpolation complete
        165   7.406719  1.186E+04   1.612245   1.612245   1.999982   1.999982   0.479913   0.000896   0.242800  -2.712437    945      0
 7.1307E+00   7.406719   0.180255 -33.300655   0.531256 -13.285410   0.000000   0.518727   0.000026   0.001400   0.053282      5
 4.8270E+08   1.960599   1.611971 -99.000000 -99.000000  -9.151725   0.000000   0.000007   0.000146   0.001360  0.000E+00      XHe_cntr

 Loading precomputed flux cube from:/home/njm/MESA/mesa/colors/data/stellar_models/Kurucz2003all//flux_cube.bin
 Loaded flux cube with dimensions:          76 x          11 x           9 x        1173
 Performing interpolation at target parameters...
 Interpolation complete
        166   7.408450  1.184E+04   1.619110   1.619110   1.999982   1.999982   0.469215   0.000896   0.242800  -2.722036    952      0
 7.1190E+00   7.408450   0.185602 -33.202165   0.537515 -13.270942   0.000000   0.529425   0.000026   0.001400   0.053585      5
 4.9585E+08   1.962286   1.618826 -14.148410 -99.000000  -9.159058   0.000000   0.000007   0.000146   0.001360  0.000E+00      XHe_cntr

 Loading precomputed flux cube from:/home/njm/MESA/mesa/colors/data/stellar_models/Kurucz2003all//flux_cube.bin
 Loaded flux cube with dimensions:          76 x          11 x           9 x        1173
 Performing interpolation at target parameters...
 Interpolation complete
        167   7.410172  1.181E+04   1.625876   1.625876   1.999981   1.999981   0.458526   0.000896   0.242800  -2.731649    932      0
 7.1059E+00   7.410172   0.191022 -33.104553   0.543420 -13.256819   0.000000   0.540114   0.000026   0.001400   0.053898      5
 5.0861E+08   1.963971   1.625582 -99.000000 -99.000000  -9.166518   0.000000   0.000007   0.000146   0.001360  0.000E+00      XHe_cntr

 Loading precomputed flux cube from:/home/njm/MESA/mesa/colors/data/stellar_models/Kurucz2003all//flux_cube.bin
 Loaded flux cube with dimensions:          76 x          11 x           9 x        1173
 Performing interpolation at target parameters...
 Interpolation complete
        168   7.411879  1.178E+04   1.632577   1.632577   1.999980   1.999980   0.447921   0.000896   0.242800  -2.741282    955      0
 7.0946E+00   7.411879   0.196516 -33.008180   0.549100 -13.242981   0.000000   0.550719   0.000025   0.001400   0.054219      5
 5.2105E+08   1.965622   1.632275 -99.000000 -99.000000  -9.174093   0.000000   0.000007   0.000146   0.001360  0.000E+00      XHe_cntr

 Loading precomputed flux cube from:/home/njm/MESA/mesa/colors/data/stellar_models/Kurucz2003all//flux_cube.bin
 Loaded flux cube with dimensions:          76 x          11 x           9 x        1173
 Performing interpolation at target parameters...
 Interpolation complete
        169   7.413617  1.175E+04   1.639300   1.639300   1.999980   1.999980   0.437082   0.000896   0.242800  -2.750637    936      0
 7.0838E+00   7.413617   0.202160 -32.910028   0.553330 -13.229338   0.000000   0.561558   0.000025   0.001400   0.054568      5
 5.3318E+08   1.967530   1.638988 -13.847380 -99.000000  -9.181884   0.000000   0.000007   0.000146   0.001360  0.000E+00      XHe_cntr

 Loading precomputed flux cube from:/home/njm/MESA/mesa/colors/data/stellar_models/Kurucz2003all//flux_cube.bin
 Loaded flux cube with dimensions:          76 x          11 x           9 x        1173
 Performing interpolation at target parameters...
 Interpolation complete

__________________________________________________________________________________________________________________________________________________

       step    lg_Tmax     Teff     lg_LH      lg_Lnuc_tot     Mass       H_rich     H_cntr     N_cntr     Y_surf   eta_cntr   zones  retry
  lg_dt_yrs    lg_Tcntr    lg_R     lg_L3a     lg_Lneu     lg_Mdot    He_core    He_cntr    O_cntr     Z_surf   gam_cntr   iters  
    age_yrs    lg_Dcntr    lg_L     lg_LZ      lg_Lphoto   lg_Dsurf   CO_core    C_cntr     Ne_cntr    Z_cntr   v_div_cs       dt_limit
__________________________________________________________________________________________________________________________________________________

        170   7.415324  1.172E+04   1.645893   1.645893   1.999979   1.999979   0.426405   0.000896   0.242800  -2.760203    936      0
 7.0714E+00   7.415324   0.207857 -32.814023   0.558130 -13.215727   0.000000   0.572235   0.000025   0.001400   0.054918      5
 5.4496E+08   1.969279   1.645570 -99.000000 -99.000000  -9.189760   0.000000   0.000007   0.000146   0.001360  0.000E+00      XHe_cntr

 Loading precomputed flux cube from:/home/njm/MESA/mesa/colors/data/stellar_models/Kurucz2003all//flux_cube.bin
 Loaded flux cube with dimensions:          76 x          11 x           9 x        1173
 Performing interpolation at target parameters...
 Interpolation complete
        171   7.417013  1.168E+04   1.652403   1.652403   1.999978   1.999978   0.415870   0.000897   0.242800  -2.769742    936      0
 7.0587E+00   7.417013   0.213612 -32.719427   0.562725 -13.202467   0.000000   0.582770   0.000025   0.001400   0.055274      5
 5.5641E+08   1.970990   1.652072 -99.000000 -99.000000  -9.197710   0.000000   0.000007   0.000146   0.001360  0.000E+00      XHe_cntr

 Loading precomputed flux cube from:/home/njm/MESA/mesa/colors/data/stellar_models/Kurucz2003all//flux_cube.bin
 Loaded flux cube with dimensions:          76 x          11 x           9 x        1173
 Performing interpolation at target parameters...
 Interpolation complete
        172   7.418695  1.165E+04   1.658881   1.658881   1.999977   1.999977   0.405410   0.000897   0.242800  -2.779327    935      0
 7.0491E+00   7.418695   0.219466 -32.625515   0.567197 -13.189438   0.000000   0.593230   0.000025   0.001400   0.055638      5
 5.6761E+08   1.972673   1.658541 -14.148410 -99.000000  -9.205783   0.000000   0.000007   0.000146   0.001360  0.000E+00      XHe_cntr

 Loading precomputed flux cube from:/home/njm/MESA/mesa/colors/data/stellar_models/Kurucz2003all//flux_cube.bin
 Loaded flux cube with dimensions:          76 x          11 x           9 x        1173
 Performing interpolation at target parameters...
 Interpolation complete
        173   7.420383  1.161E+04   1.665366   1.665366   1.999977   1.999977   0.394933   0.000897   0.242800  -2.788894    942      0
 7.0409E+00   7.420383   0.225455 -32.531409   0.571397 -13.176541   0.000000   0.603707   0.000024   0.001400   0.056016      5
 5.7860E+08   1.974400   1.665018 -99.000000 -99.000000  -9.214022   0.000000   0.000007   0.000146   0.001360  0.000E+00      XHe_cntr

 Loading precomputed flux cube from:/home/njm/MESA/mesa/colors/data/stellar_models/Kurucz2003all//flux_cube.bin
 Loaded flux cube with dimensions:          76 x          11 x           9 x        1173
 Performing interpolation at target parameters...
 Interpolation complete
        174   7.422111  1.157E+04   1.671854   1.671854   1.999976   1.999976   0.384144   0.000897   0.242800  -2.798460    942      0
 7.0330E+00   7.422111   0.231643 -32.434903   0.574912 -13.163699   0.000000   0.614496   0.000024   0.001400   0.056426      5
 5.8939E+08   1.976310   1.671492 -14.148410 -99.000000  -9.222522   0.000000   0.000007   0.000146   0.001360  0.000E+00      XHe_cntr

 Loading precomputed flux cube from:/home/njm/MESA/mesa/colors/data/stellar_models/Kurucz2003all//flux_cube.bin
 Loaded flux cube with dimensions:          76 x          11 x           9 x        1173
 Performing interpolation at target parameters...
 Interpolation complete
        175   7.423818  1.153E+04   1.678253   1.678253   1.999975   1.999975   0.373490   0.000897   0.242800  -2.808060    947      0
 7.0217E+00   7.423818   0.237901 -32.339474   0.578774 -13.150971   0.000000   0.625150   0.000024   0.001400   0.056843      5
 5.9990E+08   1.978156   1.677882 -99.000000 -99.000000  -9.231081   0.000000   0.000007   0.000146   0.001360  0.000E+00      XHe_cntr

 Loading precomputed flux cube from:/home/njm/MESA/mesa/colors/data/stellar_models/Kurucz2003all//flux_cube.bin
 Loaded flux cube with dimensions:          76 x          11 x           9 x        1173
 Performing interpolation at target parameters...
 Interpolation complete
        176   7.425545  1.149E+04   1.684578   1.684578   1.999974   1.999974   0.362740   0.000897   0.242800  -2.817579    949      0
 7.0094E+00   7.425545   0.244276 -32.243149   0.582241 -13.138487   0.000000   0.635901   0.000024   0.001400   0.057282      5
 6.1012E+08   1.980124   1.684193 -99.000000 -99.000000  -9.239759   0.000000   0.000008   0.000146   0.001360  0.000E+00      XHe_cntr

 Loading precomputed flux cube from:/home/njm/MESA/mesa/colors/data/stellar_models/Kurucz2003all//flux_cube.bin
 Loaded flux cube with dimensions:          76 x          11 x           9 x        1173
 Performing interpolation at target parameters...
 Interpolation complete
        177   7.427272  1.144E+04   1.690836   1.690836   1.999974   1.999974   0.352048   0.000897   0.242800  -2.827018    949      0
 6.9977E+00   7.427272   0.250744 -32.146937   0.585554 -13.126260   0.000000   0.646592   0.000024   0.001400   0.057736      5
 6.2007E+08   1.982132   1.690441 -14.148410 -99.000000  -9.248504   0.000000   0.000008   0.000146   0.001360  0.000E+00      XHe_cntr

 Loading precomputed flux cube from:/home/njm/MESA/mesa/colors/data/stellar_models/Kurucz2003all//flux_cube.bin
 Loaded flux cube with dimensions:          76 x          11 x           9 x        1173
 Performing interpolation at target parameters...
 Interpolation complete
        178   7.429016  1.140E+04   1.697056   1.697056   1.999973   1.999973   0.341258   0.000897   0.242800  -2.836234    951      0
 6.9855E+00   7.429016   0.257350 -32.049471   0.588483 -13.114241   0.000000   0.657383   0.000024   0.001400   0.058217      5
 6.2974E+08   1.984321   1.696648 -13.671289 -99.000000  -9.257365   0.000000   0.000008   0.000146   0.001360  0.000E+00      XHe_cntr

 Loading precomputed flux cube from:/home/njm/MESA/mesa/colors/data/stellar_models/Kurucz2003all//flux_cube.bin
 Loaded flux cube with dimensions:          76 x          11 x           9 x        1173
 Performing interpolation at target parameters...
 Interpolation complete
        179   7.430745  1.135E+04   1.703191   1.703191   1.999972   1.999972   0.330663   0.000897   0.242800  -2.845392    947      0
 6.9731E+00   7.430745   0.264016 -31.952950   0.591876 -13.102398   0.000000   0.667977   0.000024   0.001400   0.058704      5
 6.3914E+08   1.986474   1.702774 -99.000000 -99.000000  -9.262817   0.000000   0.000008   0.000146   0.001360  0.000E+00      XHe_cntr

 Loading precomputed flux cube from:/home/njm/MESA/mesa/colors/data/stellar_models/Kurucz2003all//flux_cube.bin
 Loaded flux cube with dimensions:          76 x          11 x           9 x        1173
 Performing interpolation at target parameters...
 Interpolation complete

__________________________________________________________________________________________________________________________________________________

       step    lg_Tmax     Teff     lg_LH      lg_Lnuc_tot     Mass       H_rich     H_cntr     N_cntr     Y_surf   eta_cntr   zones  retry
  lg_dt_yrs    lg_Tcntr    lg_R     lg_L3a     lg_Lneu     lg_Mdot    He_core    He_cntr    O_cntr     Z_surf   gam_cntr   iters  
    age_yrs    lg_Dcntr    lg_L     lg_LZ      lg_Lphoto   lg_Dsurf   CO_core    C_cntr     Ne_cntr    Z_cntr   v_div_cs       dt_limit
__________________________________________________________________________________________________________________________________________________

        180   7.432506  1.130E+04   1.709281   1.709281   1.999971   1.999971   0.319902   0.000897   0.242800  -2.854432    944      0
 6.9617E+00   7.432506   0.270846 -31.854363   0.594618 -13.090786   0.000000   0.678738   0.000023   0.001400   0.059224      5
 6.4829E+08   1.988807   1.708849 -14.148410 -99.000000  -9.265504   0.000000   0.000008   0.000146   0.001360  0.000E+00      XHe_cntr

 Loading precomputed flux cube from:/home/njm/MESA/mesa/colors/data/stellar_models/Kurucz2003all//flux_cube.bin
 Loaded flux cube with dimensions:          76 x          11 x           9 x        1173
 Performing interpolation at target parameters...
 Interpolation complete
        181   7.434247  1.125E+04   1.715290   1.715290   1.999971   1.999971   0.309413   0.000897   0.242800  -2.863448    950      0
 6.9503E+00   7.434247   0.277720 -31.756992   0.597840 -13.079390   0.000000   0.689227   0.000023   0.001400   0.059744      5
 6.5721E+08   1.991060   1.714851 -99.000000 -99.000000  -9.274875   0.000000   0.000008   0.000146   0.001360  0.000E+00      XHe_cntr

 Loading precomputed flux cube from:/home/njm/MESA/mesa/colors/data/stellar_models/Kurucz2003all//flux_cube.bin
 Loaded flux cube with dimensions:          76 x          11 x           9 x        1173
 Performing interpolation at target parameters...
 Interpolation complete
        182   7.436037  1.120E+04   1.721274   1.721274   1.999970   1.999970   0.298670   0.000897   0.242800  -2.872382    948      0
 6.9400E+00   7.436037   0.284803 -31.656501   0.600546 -13.068197   0.000000   0.699970   0.000023   0.001400   0.060302      5
 6.6592E+08   1.993532   1.720817 -13.546350 -99.000000  -9.284379   0.000000   0.000008   0.000146   0.001360  0.000E+00      XHe_cntr

 Loading precomputed flux cube from:/home/njm/MESA/mesa/colors/data/stellar_models/Kurucz2003all//flux_cube.bin
 Loaded flux cube with dimensions:          76 x          11 x           9 x        1173
 Performing interpolation at target parameters...
 Interpolation complete
        183   7.437830  1.114E+04   1.727193   1.727193   1.999969   1.999969   0.288059   0.000898   0.242800  -2.881256    951      0
 6.9296E+00   7.437830   0.291981 -31.555753   0.603647 -13.057206   0.000000   0.710581   0.000023   0.001400   0.060874      5
 6.7442E+08   1.996020   1.726727 -14.148410 -99.000000  -9.293826   0.000000   0.000008   0.000146   0.001360  0.000E+00      XHe_cntr

 Loading precomputed flux cube from:/home/njm/MESA/mesa/colors/data/stellar_models/Kurucz2003all//flux_cube.bin
 Loaded flux cube with dimensions:          76 x          11 x           9 x        1173
 Performing interpolation at target parameters...
 Interpolation complete
        184   7.439659  1.109E+04   1.733040   1.733040   1.999968   1.999968   0.277316   0.000898   0.242800  -2.889994    950      0
 6.9180E+00   7.439659   0.299311 -31.452545   0.606456 -13.046404   0.000000   0.721324   0.000023   0.001400   0.061480      5
 6.8270E+08   1.998693   1.732558 -99.000000 -99.000000  -9.303266   0.000000   0.000008   0.000146   0.001360  0.000E+00      XHe_cntr

 Loading precomputed flux cube from:/home/njm/MESA/mesa/colors/data/stellar_models/Kurucz2003all//flux_cube.bin
 Loaded flux cube with dimensions:          76 x          11 x           9 x        1173
 Performing interpolation at target parameters...
 Interpolation complete
        185   7.441507  1.103E+04   1.738810   1.738810   1.999968   1.999968   0.266610   0.000898   0.242800  -2.898611    950      0
 6.9067E+00   7.441507   0.306753 -31.347941   0.609263 -13.035879   0.000000   0.732030   0.000023   0.001400   0.062108      5
 6.9077E+08   2.001466   1.738316 -14.148410 -99.000000  -9.312613   0.000000   0.000008   0.000146   0.001360  0.000E+00      XHe_cntr

 Loading precomputed flux cube from:/home/njm/MESA/mesa/colors/data/stellar_models/Kurucz2003all//flux_cube.bin
 Loaded flux cube with dimensions:          76 x          11 x           9 x        1173
 Performing interpolation at target parameters...
 Interpolation complete
        186   7.443387  1.097E+04   1.744498   1.744498   1.999967   1.999967   0.255868   0.000898   0.242800  -2.907080    949      0
 6.8943E+00   7.443387   0.314321 -31.241166   0.612025 -13.025594   0.000000   0.742772   0.000022   0.001400   0.062766      5
 6.9861E+08   2.004391   1.743989 -13.546350 -99.000000  -9.321853   0.000000   0.000008   0.000146   0.001360  0.000E+00      XHe_cntr

 Loading precomputed flux cube from:/home/njm/MESA/mesa/colors/data/stellar_models/Kurucz2003all//flux_cube.bin
 Loaded flux cube with dimensions:          76 x          11 x           9 x        1173
 Performing interpolation at target parameters...
 Interpolation complete
        187   7.445309  1.091E+04   1.750104   1.750104   1.999966   1.999966   0.245042   0.000898   0.242800  -2.915410    948      0
 6.8822E+00   7.445309   0.322037 -31.131505   0.614720 -12.860152   0.000000   0.753598   0.000022   0.001400   0.063460      5
 7.0623E+08   2.007500   1.749578 -99.000000 -99.000000  -9.330969   0.000000   0.000008   0.000146   0.001360  0.000E+00      XHe_cntr

 Loading precomputed flux cube from:/home/njm/MESA/mesa/colors/data/stellar_models/Kurucz2003all//flux_cube.bin
 Loaded flux cube with dimensions:          76 x          11 x           9 x        1173
 Performing interpolation at target parameters...
 Interpolation complete
        188   7.447248  1.084E+04   1.755616   1.755616   1.999964   1.999964   0.234340   0.000898   0.242800  -2.923542    947      0
 6.8688E+00   7.447248   0.329834 -31.020473   0.617514 -12.643850   0.000000   0.764301   0.000022   0.001400   0.064175      5
 7.1362E+08   2.010709   1.755079 -99.000000 -99.000000  -9.339847   0.000000   0.000008   0.000146   0.001360  0.000E+00      XHe_cntr

 Loading precomputed flux cube from:/home/njm/MESA/mesa/colors/data/stellar_models/Kurucz2003all//flux_cube.bin
 Loaded flux cube with dimensions:          76 x          11 x           9 x        1173
 Performing interpolation at target parameters...
 Interpolation complete
        189   7.449230  1.078E+04   1.761046   1.761046   1.999962   1.999962   0.223613   0.000898   0.242800  -2.931496    950      0
 6.8562E+00   7.449230   0.337761 -30.906465   0.620306 -12.489941   0.000000   0.775028   0.000022   0.001400   0.064923      5
 7.2081E+08   2.014098   1.760492 -14.148410 -99.000000  -9.348494   0.000000   0.000008   0.000146   0.001360  0.000E+00      XHe_cntr

 Loading precomputed flux cube from:/home/njm/MESA/mesa/colors/data/stellar_models/Kurucz2003all//flux_cube.bin
 Loaded flux cube with dimensions:          76 x          11 x           9 x        1173
 Performing interpolation at target parameters...
 Interpolation complete

__________________________________________________________________________________________________________________________________________________

       step    lg_Tmax     Teff     lg_LH      lg_Lnuc_tot     Mass       H_rich     H_cntr     N_cntr     Y_surf   eta_cntr   zones  retry
  lg_dt_yrs    lg_Tcntr    lg_R     lg_L3a     lg_Lneu     lg_Mdot    He_core    He_cntr    O_cntr     Z_surf   gam_cntr   iters  
    age_yrs    lg_Dcntr    lg_L     lg_LZ      lg_Lphoto   lg_Dsurf   CO_core    C_cntr     Ne_cntr    Z_cntr   v_div_cs       dt_limit
__________________________________________________________________________________________________________________________________________________

        190   7.451246  1.071E+04   1.766406   1.766406   1.999959   1.999959   0.212960   0.000898   0.242800  -2.939245    948      0
 6.8444E+00   7.451246   0.345807 -30.789985   0.623140 -12.367544   0.000000   0.785680   0.000022   0.001400   0.065698      5
 7.2779E+08   2.017633   1.765840 -99.000000 -99.000000  -9.356851   0.000000   0.000008   0.000146   0.001359  0.000E+00      XHe_cntr

 Loading precomputed flux cube from:/home/njm/MESA/mesa/colors/data/stellar_models/Kurucz2003all//flux_cube.bin
 Loaded flux cube with dimensions:          76 x          11 x           9 x        1173
 Performing interpolation at target parameters...
 Interpolation complete
        191   7.453321  1.064E+04   1.771701   1.771701   1.999955   1.999955   0.202261   0.000898   0.242800  -2.946805    945      0
 6.8328E+00   7.453321   0.354009 -30.669506   0.625991 -12.264971   0.000000   0.796380   0.000022   0.001400   0.066511      5
 7.3460E+08   2.021387   1.771118 -99.000000 -99.000000  -9.364893   0.000000   0.000008   0.000146   0.001359  0.000E+00      XHe_cntr

 Loading precomputed flux cube from:/home/njm/MESA/mesa/colors/data/stellar_models/Kurucz2003all//flux_cube.bin
 Loaded flux cube with dimensions:          76 x          11 x           9 x        1173
 Performing interpolation at target parameters...
 Interpolation complete
        192   7.455447  1.057E+04   1.776958   1.776958   1.999951   1.999951   0.191598   0.000898   0.242800  -2.953948    947      0
 6.8215E+00   7.455447   0.362359 -30.545299   0.628896 -12.175360   0.000000   0.807043   0.000022   0.001400   0.067363      5
 7.4123E+08   2.025417   1.776363 -13.671289 -99.000000  -9.372555   0.000000   0.000008   0.000146   0.001359  0.000E+00      XHe_cntr

 Loading precomputed flux cube from:/home/njm/MESA/mesa/colors/data/stellar_models/Kurucz2003all//flux_cube.bin
 Loaded flux cube with dimensions:          76 x          11 x           9 x        1173
 Performing interpolation at target parameters...
 Interpolation complete
        193   7.457649  1.050E+04   1.782145   1.782145   1.999946   1.999946   0.180875   0.000898   0.242800  -2.960756    943      0
 6.8100E+00   7.457649   0.370859 -30.415951   0.631817 -12.095422   0.000000   0.817765   0.000021   0.001400   0.068261      5
 7.4769E+08   2.029760   1.781534 -99.000000 -99.000000  -9.379752   0.000000   0.000008   0.000146   0.001359  0.000E+00      XHe_cntr

 Loading precomputed flux cube from:/home/njm/MESA/mesa/colors/data/stellar_models/Kurucz2003all//flux_cube.bin
 Loaded flux cube with dimensions:          76 x          11 x           9 x        1173
 Performing interpolation at target parameters...
 Interpolation complete
        194   7.459959  1.043E+04   1.787257   1.787257   1.999940   1.999940   0.169957   0.000898   0.242800  -2.967211    944      0
 6.7984E+00   7.459959   0.379542 -30.279285   0.634628 -12.022681   0.000000   0.828684   0.000021   0.001400   0.069224      5
 7.5397E+08   2.034527   1.786627 -99.000000 -99.000000  -9.386397   0.000000   0.000008   0.000146   0.001359  0.000E+00      XHe_cntr

 Loading precomputed flux cube from:/home/njm/MESA/mesa/colors/data/stellar_models/Kurucz2003all//flux_cube.bin
 Loaded flux cube with dimensions:          76 x          11 x           9 x        1173
 Performing interpolation at target parameters...
 Interpolation complete
        195   7.462308  1.035E+04   1.792259   1.792259   1.999933   1.999933   0.159311   0.000898   0.242800  -2.973325    942      0
 6.7842E+00   7.462308   0.388245 -30.139772   0.637724 -11.955310   0.000000   0.839330   0.000021   0.001400   0.070204      5
 7.6006E+08   2.039432   1.791623 -13.671289 -99.000000  -9.392278   0.000000   0.000009   0.000146   0.001359  0.000E+00      XHe_cntr

 Loading precomputed flux cube from:/home/njm/MESA/mesa/colors/data/stellar_models/Kurucz2003all//flux_cube.bin
 Loaded flux cube with dimensions:          76 x          11 x           9 x        1173
 Performing interpolation at target parameters...
 Interpolation complete
        196   7.464770  1.028E+04   1.797193   1.797193   1.999925   1.999925   0.148583   0.000899   0.242800  -2.978988    948      0
 6.7714E+00   7.464770   0.397083 -29.992595   0.640775 -11.893601   0.000000   0.850058   0.000021   0.001400   0.071243      5
 7.6596E+08   2.044769   1.796541 -99.000000 -99.000000  -9.397335   0.000000   0.000009   0.000146   0.001359  0.000E+00      XHe_cntr

 Loading precomputed flux cube from:/home/njm/MESA/mesa/colors/data/stellar_models/Kurucz2003all//flux_cube.bin
 Loaded flux cube with dimensions:          76 x          11 x           9 x        1173
 Performing interpolation at target parameters...
 Interpolation complete
        197   7.467354  1.020E+04   1.802066   1.802066   1.999917   1.999917   0.137833   0.000899   0.242800  -2.984200    942      0
 6.7601E+00   7.467354   0.406053 -29.837288   0.643871 -11.835680   0.000000   0.860808   0.000021   0.001400   0.072336      5
 7.7172E+08   2.050529   1.801403 -13.546350 -99.000000  -9.399863   0.000000   0.000009   0.000146   0.001359  0.000E+00      XHe_cntr

 Loading precomputed flux cube from:/home/njm/MESA/mesa/colors/data/stellar_models/Kurucz2003all//flux_cube.bin
 Loaded flux cube with dimensions:          76 x          11 x           9 x        1173
 Performing interpolation at target parameters...
 Interpolation complete
        198   7.470089  1.012E+04   1.806870   1.806870   1.999908   1.999908   0.126989   0.000899   0.242800  -2.988922    950      0
 6.7475E+00   7.470089   0.415143 -29.671644   0.646974 -11.781017   0.000000   0.871652   0.000020   0.001400   0.073495      5
 7.7731E+08   2.056800   1.806194 -99.000000 -99.000000  -9.403071   0.000000   0.000009   0.000146   0.001359  0.000E+00      XHe_cntr

 Loading precomputed flux cube from:/home/njm/MESA/mesa/colors/data/stellar_models/Kurucz2003all//flux_cube.bin
 Loaded flux cube with dimensions:          76 x          11 x           9 x        1173
 Performing interpolation at target parameters...
 Interpolation complete
        199   7.472991  1.004E+04   1.811608   1.811608   1.999898   1.999898   0.116176   0.000899   0.242800  -2.992981    944      0
 6.7340E+00   7.472991   0.424288 -29.495411   0.650194 -11.729177   0.000000   0.882464   0.000020   0.001400   0.074712      5
 7.8273E+08   2.063634   1.810926 -13.847380 -99.000000  -9.404963   0.000000   0.000009   0.000146   0.001359  0.000E+00      XHe_cntr

 Loading precomputed flux cube from:/home/njm/MESA/mesa/colors/data/stellar_models/Kurucz2003all//flux_cube.bin
 Loaded flux cube with dimensions:          76 x          11 x           9 x        1173
 Performing interpolation at target parameters...
 Interpolation complete

__________________________________________________________________________________________________________________________________________________

       step    lg_Tmax     Teff     lg_LH      lg_Lnuc_tot     Mass       H_rich     H_cntr     N_cntr     Y_surf   eta_cntr   zones  retry
  lg_dt_yrs    lg_Tcntr    lg_R     lg_L3a     lg_Lneu     lg_Mdot    He_core    He_cntr    O_cntr     Z_surf   gam_cntr   iters  
    age_yrs    lg_Dcntr    lg_L     lg_LZ      lg_Lphoto   lg_Dsurf   CO_core    C_cntr     Ne_cntr    Z_cntr   v_div_cs       dt_limit
__________________________________________________________________________________________________________________________________________________

        200   7.476068   9965.637   1.816293   1.816293   1.999887   1.999887   0.105456   0.000899   0.242800  -2.996292    948      0
 6.7201E+00   7.476068   0.433448 -29.307678   0.653511 -11.680163   0.000000   0.893185   0.000020   0.001400   0.075981      5
 7.8798E+08   2.071057   1.815611 -99.000000 -99.000000  -9.405395   0.000000   0.000009   0.000146   0.001359  0.000E+00      XHe_cntr

save LOGS/profile5.data for model 200
 Loading precomputed flux cube from:/home/njm/MESA/mesa/colors/data/stellar_models/Kurucz2003all//flux_cube.bin
 Loaded flux cube with dimensions:          76 x          11 x           9 x        1173
 Performing interpolation at target parameters...
 Interpolation complete
save photos/x200 for model 200
        201   7.479385   9887.405   1.820964   1.820964   1.999875   1.684213   0.094739   0.000899   0.242800  -2.998622    946      0
 6.7075E+00   7.479385   0.442631 -29.104402   0.656939 -11.647679   0.315662   0.903902   0.000020   0.001400   0.077321      5
 7.9308E+08   2.079299   1.820286 -99.000000 -99.000000  -9.404252   0.000000   0.000009   0.000146   0.001359  0.000E+00      XHe_cntr

 Loading precomputed flux cube from:/home/njm/MESA/mesa/colors/data/stellar_models/Kurucz2003all//flux_cube.bin
 Loaded flux cube with dimensions:          76 x          11 x           9 x        1173
 Performing interpolation at target parameters...
 Interpolation complete
        202   7.483013   9810.138   1.825652   1.825652   1.999864   1.684406   0.083987   0.000899   0.242800  -2.999697    955      0
 6.6956E+00   7.483013   0.451797 -28.881060   0.660496 -11.633672   0.315458   0.914654   0.000020   0.001400   0.078744      5
 7.9804E+08   2.088605   1.824988 -99.000000 -99.000000  -9.401550   0.000000   0.000009   0.000146   0.001359  0.000E+00      XHe_cntr

 Loading precomputed flux cube from:/home/njm/MESA/mesa/colors/data/stellar_models/Kurucz2003all//flux_cube.bin
 Loaded flux cube with dimensions:          76 x          11 x           9 x        1173
 Performing interpolation at target parameters...
 Interpolation complete
        203   7.487069   9735.158   1.830368   1.830368   1.999852   1.684394   0.073129   0.000899   0.242800  -2.999299    955      0
 6.6832E+00   7.487069   0.460834 -28.630635   0.664194 -11.619643   0.315458   0.925512   0.000019   0.001400   0.080263      5
 8.0286E+08   2.099269   1.829733 -13.847380 -99.000000  -9.397444   0.000000   0.000009   0.000146   0.001359  0.000E+00      XHe_cntr

 Loading precomputed flux cube from:/home/njm/MESA/mesa/colors/data/stellar_models/Kurucz2003all//flux_cube.bin
 Loaded flux cube with dimensions:          76 x          11 x           9 x        1173
 Performing interpolation at target parameters...
 Interpolation complete
        204   7.491548   9666.512   1.835023   1.835023   1.999841   1.684383   0.062498   0.000899   0.242800  -2.997118    955      0
 6.6584E+00   7.491548   0.469334 -28.353494   0.667980 -11.605665   0.315458   0.936143   0.000019   0.001400   0.081836      5
 8.0741E+08   2.111286   1.834440 -13.546350 -99.000000  -9.392513   0.000000   0.000009   0.000146   0.001359  0.000E+00    lg_XH_cntr

 Loading precomputed flux cube from:/home/njm/MESA/mesa/colors/data/stellar_models/Kurucz2003all//flux_cube.bin
 Loaded flux cube with dimensions:          76 x          11 x           9 x        1173
 Performing interpolation at target parameters...
 Interpolation complete
        205   7.496221   9609.588   1.839438   1.839438   1.999830   1.684372   0.052835   0.000899   0.242800  -2.993057    950      0
 6.6108E+00   7.496221   0.476714 -28.064079   0.671732 -11.592187   0.315458   0.945807   0.000019   0.001400   0.083344      5
 8.1150E+08   2.124045   1.838940 -99.000000 -99.000000  -9.387800   0.000000   0.000010   0.000146   0.001359  0.000E+00    lg_XH_cntr

 Loading precomputed flux cube from:/home/njm/MESA/mesa/colors/data/stellar_models/Kurucz2003all//flux_cube.bin
 Loaded flux cube with dimensions:          76 x          11 x           9 x        1173
 Performing interpolation at target parameters...
 Interpolation complete
        206   7.501149   9567.336   1.843544   1.843544   1.999821   1.684363   0.044064   0.000899   0.242800  -2.986878    959      0
 6.5480E+00   7.501149   0.482660 -27.758959   0.675295 -11.579928   0.315458   0.954577   0.000018   0.001400   0.084784      5
 8.1503E+08   2.137755   1.843177 -13.847380 -99.000000  -9.384344   0.000000   0.000010   0.000146   0.001359  0.000E+00    lg_XH_cntr

 Loading precomputed flux cube from:/home/njm/MESA/mesa/colors/data/stellar_models/Kurucz2003all//flux_cube.bin
 Loaded flux cube with dimensions:          76 x          11 x           9 x        1173
 Performing interpolation at target parameters...
 Interpolation complete
        207   7.506152   9541.084   1.847308   1.847308   1.999813   1.684355   0.036513   0.000899   0.242800  -2.978924    968      0
 6.4733E+00   7.506152   0.487021 -27.449659   0.678653 -11.569226   0.315458   0.962128   0.000018   0.001400   0.086081      5
 8.1800E+08   2.151859   1.847126 -99.000000 -99.000000  -9.382920   0.000000   0.000010   0.000146   0.001359  0.000E+00    lg_XH_cntr

 Loading precomputed flux cube from:/home/njm/MESA/mesa/colors/data/stellar_models/Kurucz2003all//flux_cube.bin
 Loaded flux cube with dimensions:          76 x          11 x           9 x        1173
 Performing interpolation at target parameters...
 Interpolation complete
        208   7.511189   9530.419   1.850731   1.850731   1.999806   1.684348   0.030118   0.000899   0.242800  -2.969377    971      0
 6.3894E+00   7.511189   0.489830 -27.139124   0.681760 -11.560241   0.315458   0.968523   0.000018   0.001400   0.087223      5
 8.2045E+08   2.166227   1.850801 -99.000000 -99.000000  -9.383847   0.000000   0.000010   0.000146   0.001359  0.000E+00    lg_XH_cntr

 Loading precomputed flux cube from:/home/njm/MESA/mesa/colors/data/stellar_models/Kurucz2003all//flux_cube.bin
 Loaded flux cube with dimensions:          76 x          11 x           9 x        1173
 Performing interpolation at target parameters...
 Interpolation complete
        209   7.516146   9533.438   1.853843   1.853843   1.999801   1.684343   0.024852   0.000899   0.242800  -2.958693    973      0
 6.3014E+00   7.516146   0.491269 -26.834496   0.684624 -11.552925   0.315458   0.973789   0.000018   0.001400   0.088195      5
 8.2246E+08   2.180500   1.854230 -13.546350 -99.000000  -9.386953   0.000000   0.000010   0.000146   0.001359  0.000E+00    lg_XH_cntr

 Loading precomputed flux cube from:/home/njm/MESA/mesa/colors/data/stellar_models/Kurucz2003all//flux_cube.bin
 Loaded flux cube with dimensions:          76 x          11 x           9 x        1173
 Performing interpolation at target parameters...
 Interpolation complete

__________________________________________________________________________________________________________________________________________________

       step    lg_Tmax     Teff     lg_LH      lg_Lnuc_tot     Mass       H_rich     H_cntr     N_cntr     Y_surf   eta_cntr   zones  retry
  lg_dt_yrs    lg_Tcntr    lg_R     lg_L3a     lg_Lneu     lg_Mdot    He_core    He_cntr    O_cntr     Z_surf   gam_cntr   iters  
    age_yrs    lg_Dcntr    lg_L     lg_LZ      lg_Lphoto   lg_Dsurf   CO_core    C_cntr     Ne_cntr    Z_cntr   v_div_cs       dt_limit
__________________________________________________________________________________________________________________________________________________

        210   7.521069   9548.564   1.856668   1.856668   1.999796   1.684338   0.020488   0.000899   0.242800  -2.946968    978      0
 6.2120E+00   7.521069   0.491511 -26.533264   0.687235 -11.547090   0.315458   0.978154   0.000017   0.001400   0.089024      5
 8.2408E+08   2.194790   1.857467 -99.000000 -99.000000  -9.391950   0.000000   0.000010   0.000146   0.001359  0.000E+00    lg_XH_cntr

 Loading precomputed flux cube from:/home/njm/MESA/mesa/colors/data/stellar_models/Kurucz2003all//flux_cube.bin
 Loaded flux cube with dimensions:          76 x          11 x           9 x        1173
 Performing interpolation at target parameters...
 Interpolation complete
        211   7.525972   9574.262   1.859247   1.859247   1.999792   1.684334   0.016869   0.000899   0.242800  -2.934286    973      0
 6.1227E+00   7.525972   0.490730 -26.234520   0.689618 -11.542516   0.315458   0.981772   0.000017   0.001400   0.089730      5
 8.2541E+08   2.209150   1.860576 -13.546350 -99.000000  -9.398443   0.000000   0.000011   0.000146   0.001359  0.000E+00    lg_XH_cntr

 Loading precomputed flux cube from:/home/njm/MESA/mesa/colors/data/stellar_models/Kurucz2003all//flux_cube.bin
 Loaded flux cube with dimensions:          76 x          11 x           9 x        1173
 Performing interpolation at target parameters...
 Interpolation complete
        212   7.530835   9608.753   1.861596   1.861596   1.999789   1.684331   0.013890   0.000899   0.242800  -2.920840    973      0
 6.0321E+00   7.530835   0.489111 -25.939722   0.691777 -11.538974   0.315458   0.984752   0.000017   0.001400   0.090327      5
 8.2649E+08   2.223504   1.863583 -99.000000 -99.000000  -9.405910   0.000000   0.000011   0.000146   0.001358  0.000E+00    lg_XH_cntr

 Loading precomputed flux cube from:/home/njm/MESA/mesa/colors/data/stellar_models/Kurucz2003all//flux_cube.bin
 Loaded flux cube with dimensions:          76 x          11 x           9 x        1173
 Performing interpolation at target parameters...
 Interpolation complete
        213   7.535717   9651.341   1.863711   1.863711   1.999787   1.684329   0.011410   0.000899   0.242800  -2.906511    982      0
 5.9412E+00   7.535717   0.486761 -25.645225   0.693693 -11.536271   0.315458   0.987232   0.000017   0.001400   0.090838      5
 8.2736E+08   2.238051   1.866566 -99.000000 -99.000000  -9.414012   0.000000   0.000011   0.000146   0.001358  0.000E+00    lg_XH_cntr

 Loading precomputed flux cube from:/home/njm/MESA/mesa/colors/data/stellar_models/Kurucz2003all//flux_cube.bin
 Loaded flux cube with dimensions:          76 x          11 x           9 x        1173
 Performing interpolation at target parameters...
 Interpolation complete
        214   7.540450   9698.786   1.865634   1.865634   1.999785   1.684327   0.009415   0.000899   0.242800  -2.891955    983      0
 5.8490E+00   7.540450   0.483937 -25.360489   0.695414 -11.534214   0.315458   0.989227   0.000017   0.001400   0.091261      5
 8.2807E+08   2.252265   1.869438 -13.847380 -99.000000  -9.421980   0.000000   0.000011   0.000146   0.001358  0.000E+00    lg_XH_cntr

 Loading precomputed flux cube from:/home/njm/MESA/mesa/colors/data/stellar_models/Kurucz2003all//flux_cube.bin
 Loaded flux cube with dimensions:          76 x          11 x           9 x        1173
 Performing interpolation at target parameters...
 Interpolation complete
        215   7.545100   9750.261   1.867300   1.867300   1.999783   1.684325   0.007790   0.000899   0.242800  -2.877037    984      0
 5.7584E+00   7.545100   0.480758 -25.082928   0.696866 -11.532702   0.315458   0.990852   0.000016   0.001400   0.091618      5
 8.2864E+08   2.266348   1.872275 -13.847380 -99.000000  -9.429581   0.000000   0.000011   0.000146   0.001358  0.000E+00    lg_XH_cntr

 Loading precomputed flux cube from:/home/njm/MESA/mesa/colors/data/stellar_models/Kurucz2003all//flux_cube.bin
 Loaded flux cube with dimensions:          76 x          11 x           9 x        1173
 Performing interpolation at target parameters...
 Interpolation complete
        216   7.549809   9806.650   1.868657   1.868657   1.999781   1.684323   0.006420   0.000899   0.242800  -2.861206    985      0
 5.6714E+00   7.549809   0.477220 -24.803254   0.697983 -11.531536   0.315458   0.992221   0.000016   0.001400   0.091936      5
 8.2911E+08   2.280798   1.875217 -13.546350 -99.000000  -9.436815   0.000000   0.000011   0.000146   0.001358  0.000E+00    lg_XH_cntr

 Loading precomputed flux cube from:/home/njm/MESA/mesa/colors/data/stellar_models/Kurucz2003all//flux_cube.bin
 Loaded flux cube with dimensions:          76 x          11 x           9 x        1173
 Performing interpolation at target parameters...
 Interpolation complete
        217   7.554407   9865.113   1.869862   1.869862   1.999780   1.684322   0.005312   0.000899   0.242800  -2.845227    986      0
 5.5828E+00   7.554407   0.473508 -24.531660   0.698935 -11.530529   0.315458   0.993330   0.000016   0.001400   0.092208      5
 8.2949E+08   2.295030   1.878119 -13.847380 -99.000000  -9.443174   0.000000   0.000011   0.000146   0.001358  0.000E+00    lg_XH_cntr

 Loading precomputed flux cube from:/home/njm/MESA/mesa/colors/data/stellar_models/Kurucz2003all//flux_cube.bin
 Loaded flux cube with dimensions:          76 x          11 x           9 x        1173
 Performing interpolation at target parameters...
 Interpolation complete
        218   7.558890   9924.643   1.870774   1.870774   1.999779   1.684321   0.004410   0.000899   0.242800  -2.829068    986      0
 5.4946E+00   7.558890   0.469732 -24.268185   0.699574 -11.529723   0.315458   0.994231   0.000016   0.001400   0.092447      5
 8.2980E+08   2.309074   1.881018 -99.000000 -99.000000  -9.448571   0.000000   0.000012   0.000146   0.001358  0.000E+00    lg_XH_cntr

 Loading precomputed flux cube from:/home/njm/MESA/mesa/colors/data/stellar_models/Kurucz2003all//flux_cube.bin
 Loaded flux cube with dimensions:          76 x          11 x           9 x        1173
 Performing interpolation at target parameters...
 Interpolation complete
        219   7.563444   9986.877   1.871134   1.871134   1.999779   1.684321   0.003643   0.000899   0.242800  -2.811803    989      0
 5.4106E+00   7.563444   0.465858 -24.001689   0.699625 -11.528973   0.315458   0.994998   0.000016   0.001400   0.092680      5
 8.3006E+08   2.323638   1.884129 -99.000000 -99.000000  -9.453192   0.000000   0.000012   0.000146   0.001358  0.000E+00    lg_XH_cntr

 Loading precomputed flux cube from:/home/njm/MESA/mesa/colors/data/stellar_models/Kurucz2003all//flux_cube.bin
 Loaded flux cube with dimensions:          76 x          11 x           9 x        1173
 Performing interpolation at target parameters...
 Interpolation complete

__________________________________________________________________________________________________________________________________________________

       step    lg_Tmax     Teff     lg_LH      lg_Lnuc_tot     Mass       H_rich     H_cntr     N_cntr     Y_surf   eta_cntr   zones  retry
  lg_dt_yrs    lg_Tcntr    lg_R     lg_L3a     lg_Lneu     lg_Mdot    He_core    He_cntr    O_cntr     Z_surf   gam_cntr   iters  
    age_yrs    lg_Dcntr    lg_L     lg_LZ      lg_Lphoto   lg_Dsurf   CO_core    C_cntr     Ne_cntr    Z_cntr   v_div_cs       dt_limit
__________________________________________________________________________________________________________________________________________________

        220   7.567887  1.005E+04   1.871386   1.871386   1.999778   1.684320   0.003022   0.000899   0.242800  -2.794438    991      0
 5.3246E+00   7.567887   0.462004 -23.743053   0.699549 -11.528021   0.315458   0.995620   0.000016   0.001400   0.092892      5
 8.3027E+08   2.338010   1.887242 -99.000000 -99.000000  -9.456782   0.000000   0.000012   0.000146   0.001358  0.000E+00    lg_XH_cntr

 Loading precomputed flux cube from:/home/njm/MESA/mesa/colors/data/stellar_models/Kurucz2003all//flux_cube.bin
 Loaded flux cube with dimensions:          76 x          11 x           9 x        1173
 Performing interpolation at target parameters...
 Interpolation complete
        221   7.572188  1.011E+04   1.871275   1.871275   1.999778   1.684320   0.002517   0.000899   0.242800  -2.776976    992      0
 5.2385E+00   7.572188   0.458268 -23.493771   0.699092 -11.547619   0.315458   0.996125   0.000016   0.001400   0.093092      5
 8.3045E+08   2.352158   1.890350 -99.000000 -99.000000  -9.459415   0.000000   0.000012   0.000146   0.001358  0.000E+00    lg_XH_cntr

 Loading precomputed flux cube from:/home/njm/MESA/mesa/colors/data/stellar_models/Kurucz2003all//flux_cube.bin
 Loaded flux cube with dimensions:          76 x          11 x           9 x        1173
 Performing interpolation at target parameters...
 Interpolation complete
        222   7.576529  1.017E+04   1.870235   1.870235   1.999777   1.684319   0.002086   0.000899   0.242800  -2.758266    998      0
 5.1571E+00   7.576529   0.454631 -23.242973   0.697661 -11.573558   0.315458   0.996556   0.000016   0.001400   0.093309      5
 8.3059E+08   2.366863   1.893691 -99.000000 -99.000000  -9.461355   0.000000   0.000012   0.000146   0.001358  0.000E+00    lg_XH_cntr

 Loading precomputed flux cube from:/home/njm/MESA/mesa/colors/data/stellar_models/Kurucz2003all//flux_cube.bin
 Loaded flux cube with dimensions:          76 x          11 x           9 x        1173
 Performing interpolation at target parameters...
 Interpolation complete
        223   7.580731  1.023E+04   1.869188   1.869188   1.999777   1.684319   0.001737   0.000899   0.242800  -2.739543   1006      0
 5.0741E+00   7.580731   0.451160 -23.001311   0.696207 -11.601082   0.315458   0.996905   0.000016   0.001400   0.093520      5
 8.3071E+08   2.381324   1.897047 -99.000000 -99.000000  -9.462556   0.000000   0.000012   0.000146   0.001358  0.000E+00    lg_XH_cntr

 Loading precomputed flux cube from:/home/njm/MESA/mesa/colors/data/stellar_models/Kurucz2003all//flux_cube.bin
 Loaded flux cube with dimensions:          76 x          11 x           9 x        1173
 Performing interpolation at target parameters...
 Interpolation complete
        224   7.584903  1.029E+04   1.866972   1.866972   1.999777   1.684319   0.001442   0.000899   0.242800  -2.719748   1003      0
 4.9914E+00   7.584903   0.447887 -22.761991   0.693541 -11.629665   0.315458   0.997200   0.000015   0.001400   0.093753      5
 8.3081E+08   2.396168   1.900541 -13.847380 -99.000000  -9.463203   0.000000   0.000013   0.000146   0.001358  0.000E+00    lg_XH_cntr

 Loading precomputed flux cube from:/home/njm/MESA/mesa/colors/data/stellar_models/Kurucz2003all//flux_cube.bin
 Loaded flux cube with dimensions:          76 x          11 x           9 x        1173
 Performing interpolation at target parameters...
 Interpolation complete
        225   7.588913  1.035E+04   1.864735   1.864735   1.999776   1.684318   0.001203   0.000898   0.242800  -2.699919   1008      0
 4.9097E+00   7.588913   0.444840 -22.532709   0.690842 -11.659409   0.315458   0.997439   0.000015   0.001400   0.093991      5
 8.3089E+08   2.410757   1.904023 -99.000000 -99.000000  -9.463342   0.000000   0.000013   0.000146   0.001358  0.000E+00    lg_XH_cntr

 Loading precomputed flux cube from:/home/njm/MESA/mesa/colors/data/stellar_models/Kurucz2003all//flux_cube.bin
 Loaded flux cube with dimensions:          76 x          11 x           9 x        1173
 Performing interpolation at target parameters...
 Interpolation complete
        226   7.592841  1.040E+04   1.861176   1.861176   1.999776   1.684318   0.001003   0.000898   0.242800  -2.679187   1007      0
 4.8291E+00   7.592841   0.442034 -22.308561   0.686778 -11.689940   0.315458   0.997639   0.000015   0.001400   0.094256      5
 8.3096E+08   2.425582   1.907558 -99.000000 -99.000000  -9.463120   0.000000   0.000013   0.000146   0.001358  0.000E+00    lg_XH_cntr

 Loading precomputed flux cube from:/home/njm/MESA/mesa/colors/data/stellar_models/Kurucz2003all//flux_cube.bin
 Loaded flux cube with dimensions:          76 x          11 x           9 x        1173
 Performing interpolation at target parameters...
 Interpolation complete
        227   7.596670  1.046E+04   1.856803   1.856803   1.999776   1.684318   0.000835   0.000898   0.242800  -2.657667   1010      0
 4.7503E+00   7.596670   0.439476 -22.090347   0.681869 -11.721286   0.315458   0.997807   0.000015   0.001400   0.094548      5
 8.3101E+08   2.440576   1.911126 -13.847380 -99.000000  -9.462627   0.000000   0.000013   0.000146   0.001358  0.000E+00    lg_XH_cntr

 Loading precomputed flux cube from:/home/njm/MESA/mesa/colors/data/stellar_models/Kurucz2003all//flux_cube.bin
 Loaded flux cube with dimensions:          76 x          11 x           9 x        1173
 Performing interpolation at target parameters...
 Interpolation complete
        228   7.600349  1.051E+04   1.851670   1.851670   1.999776   1.684318   0.000697   0.000898   0.242800  -2.635645   1012      0
 4.6699E+00   7.600349   0.437181 -21.880869   0.676175 -11.753390   0.315458   0.997945   0.000015   0.001400   0.094865      5
 8.3106E+08   2.455539   1.914652 -99.000000 -99.000000  -9.461944   0.000000   0.000013   0.000146   0.001358  0.000E+00    lg_XH_cntr

 Loading precomputed flux cube from:/home/njm/MESA/mesa/colors/data/stellar_models/Kurucz2003all//flux_cube.bin
 Loaded flux cube with dimensions:          76 x          11 x           9 x        1173
 Performing interpolation at target parameters...
 Interpolation complete
        229   7.603860  1.055E+04   1.845797   1.845797   1.999776   1.684318   0.000583   0.000898   0.242800  -2.613249   1013      0
 4.5908E+00   7.603860   0.435141 -21.681106   0.669723 -11.785849   0.315458   0.998059   0.000015   0.001400   0.095206      5
 8.3110E+08   2.470390   1.918086 -13.847380 -99.000000  -9.461138   0.000000   0.000013   0.000146   0.001358  0.000E+00    lg_XH_cntr

 Loading precomputed flux cube from:/home/njm/MESA/mesa/colors/data/stellar_models/Kurucz2003all//flux_cube.bin
 Loaded flux cube with dimensions:          76 x          11 x           9 x        1173
 Performing interpolation at target parameters...
 Interpolation complete

__________________________________________________________________________________________________________________________________________________

       step    lg_Tmax     Teff     lg_LH      lg_Lnuc_tot     Mass       H_rich     H_cntr     N_cntr     Y_surf   eta_cntr   zones  retry
  lg_dt_yrs    lg_Tcntr    lg_R     lg_L3a     lg_Lneu     lg_Mdot    He_core    He_cntr    O_cntr     Z_surf   gam_cntr   iters  
    age_yrs    lg_Dcntr    lg_L     lg_LZ      lg_Lphoto   lg_Dsurf   CO_core    C_cntr     Ne_cntr    Z_cntr   v_div_cs       dt_limit
__________________________________________________________________________________________________________________________________________________

        230   7.607174  1.059E+04   1.839501   1.839501   1.999776   1.684318   0.000489   0.000898   0.242800  -2.590719   1019      0
 4.5138E+00   7.607174   0.433339 -21.492477   0.662844 -11.818443   0.315458   0.998153   0.000015   0.001400   0.095569      5
 8.3113E+08   2.484987   1.921379 -99.000000 -99.000000  -9.460263   0.000000   0.000013   0.000146   0.001358  0.000E+00    lg_XH_cntr

 Loading precomputed flux cube from:/home/njm/MESA/mesa/colors/data/stellar_models/Kurucz2003all//flux_cube.bin
 Loaded flux cube with dimensions:          76 x          11 x           9 x        1173
 Performing interpolation at target parameters...
 Interpolation complete
        231   7.610304  1.063E+04   1.832330   1.832330   1.999776   1.684318   0.000412   0.000898   0.242800  -2.567896   1018      0
 4.4401E+00   7.610304   0.431750 -21.314064   0.655078 -11.850937   0.315458   0.998231   0.000015   0.001400   0.095957      5
 8.3116E+08   2.499419   1.924518 -99.000000 -99.000000  -9.459356   0.000000   0.000014   0.000146   0.001358  0.000E+00    lg_XH_cntr

 Loading precomputed flux cube from:/home/njm/MESA/mesa/colors/data/stellar_models/Kurucz2003all//flux_cube.bin
 Loaded flux cube with dimensions:          76 x          11 x           9 x        1173
 Performing interpolation at target parameters...
 Interpolation complete
        232   7.613266  1.067E+04   1.823788   1.823788   1.999776   1.684318   0.000346   0.000898   0.242800  -2.544454   1031      0
 4.3690E+00   7.613266   0.430354 -21.144736   0.645914 -11.883270   0.315458   0.998297   0.000015   0.001400   0.096381      5
 8.3118E+08   2.513847   1.927504 -99.000000 -99.000000  -9.458450   0.000000   0.000014   0.000146   0.001358  0.000E+00    lg_XH_cntr

 Loading precomputed flux cube from:/home/njm/MESA/mesa/colors/data/stellar_models/Kurucz2003all//flux_cube.bin
 Loaded flux cube with dimensions:          76 x          11 x           9 x        1173
 Performing interpolation at target parameters...
 Interpolation complete
        233   7.616016  1.070E+04   1.815519   1.815519   1.999776   1.684318   0.000292   0.000897   0.242800  -2.521060   1031      0
 4.2972E+00   7.616016   0.429141 -20.987054   0.637052 -11.915397   0.315458   0.998351   0.000015   0.001400   0.096826      5
 8.3120E+08   2.527924   1.930280 -99.000000 -99.000000  -9.457572   0.000000   0.000014   0.000146   0.001358  0.000E+00    lg_XH_cntr

 Loading precomputed flux cube from:/home/njm/MESA/mesa/colors/data/stellar_models/Kurucz2003all//flux_cube.bin
 Loaded flux cube with dimensions:          76 x          11 x           9 x        1173
 Performing interpolation at target parameters...
 Interpolation complete
        234   7.618559  1.073E+04   1.806480   1.806480   1.999776   1.684318   0.000246   0.000897   0.242800  -2.497576   1030      0
 4.2276E+00   7.618559   0.428089 -20.840584   0.627424 -11.946813   0.315458   0.998396   0.000015   0.001400   0.097296      5
 8.3122E+08   2.541714   1.932848 -99.000000 -99.000000  -9.456736   0.000000   0.000014   0.000146   0.001358  0.000E+00    lg_XH_cntr

 Loading precomputed flux cube from:/home/njm/MESA/mesa/colors/data/stellar_models/Kurucz2003all//flux_cube.bin
 Loaded flux cube with dimensions:          76 x          11 x           9 x        1173
 Performing interpolation at target parameters...
 Interpolation complete
        235   7.620893  1.075E+04   1.797242   1.797242   1.999776   1.684318   0.000208   0.000897   0.242800  -2.474055   1036      0
 4.1609E+00   7.620893   0.427177 -20.705267   0.617623 -11.977386   0.315458   0.998434   0.000015   0.001400   0.097790      5
 8.3123E+08   2.555196   1.935205 -14.148410 -99.000000  -9.455951   0.000000   0.000014   0.000146   0.001358  0.000E+00    lg_XH_cntr

 Loading precomputed flux cube from:/home/njm/MESA/mesa/colors/data/stellar_models/Kurucz2003all//flux_cube.bin
 Loaded flux cube with dimensions:          76 x          11 x           9 x        1173
 Performing interpolation at target parameters...
 Interpolation complete
        236   7.623010  1.078E+04   1.788212   1.788212   1.999776   1.684318   0.000176   0.000897   0.242800  -2.450728   1036      0
 4.0946E+00   7.623010   0.426390 -20.581567   0.608074 -12.006986   0.315458   0.998466   0.000015   0.001400   0.098302      5
 8.3124E+08   2.568260   1.937343 -13.847380 -99.000000  -9.455226   0.000000   0.000014   0.000146   0.001358  0.000E+00    lg_XH_cntr

 Loading precomputed flux cube from:/home/njm/MESA/mesa/colors/data/stellar_models/Kurucz2003all//flux_cube.bin
 Loaded flux cube with dimensions:          76 x          11 x           9 x        1173
 Performing interpolation at target parameters...
 Interpolation complete
        237   7.624911  1.080E+04   1.779714   1.779714   1.999776   1.684318   0.000150   0.000897   0.242800  -2.427729   1035      0
 4.0305E+00   7.624911   0.425710 -20.469494   0.599117 -12.035326   0.315458   0.998493   0.000015   0.001400   0.098830      5
 8.3126E+08   2.580848   1.939265 -14.148410 -99.000000  -9.454561   0.000000   0.000014   0.000146   0.001358  0.000E+00    lg_XH_cntr

 Loading precomputed flux cube from:/home/njm/MESA/mesa/colors/data/stellar_models/Kurucz2003all//flux_cube.bin
 Loaded flux cube with dimensions:          76 x          11 x           9 x        1173
 Performing interpolation at target parameters...
 Interpolation complete
        238   7.626600  1.081E+04   1.772073   1.772073   1.999776   1.684318   0.000128   0.000897   0.242800  -2.405157   1033      0
 3.9690E+00   7.626600   0.425121 -20.368700   0.591091 -12.062253   0.315458   0.998515   0.000015   0.001400   0.099368      5
 8.3126E+08   2.592929   1.940982 -99.000000 -99.000000  -9.453956   0.000000   0.000014   0.000146   0.001358  0.000E+00    lg_XH_cntr

 Loading precomputed flux cube from:/home/njm/MESA/mesa/colors/data/stellar_models/Kurucz2003all//flux_cube.bin
 Loaded flux cube with dimensions:          76 x          11 x           9 x        1173
 Performing interpolation at target parameters...
 Interpolation complete
        239   7.628086  1.083E+04   1.764807   1.764807   1.999776   1.684318   0.000109   0.000897   0.242800  -2.382938   1036      0
 3.9105E+00   7.628086   0.424610 -20.278685   0.583497 -12.087667   0.315458   0.998534   0.000015   0.001400   0.099920      5
 8.3127E+08   2.604546   1.942512 -99.000000 -99.000000  -9.453406   0.000000   0.000014   0.000146   0.001358  0.000E+00    lg_XH_cntr

 Loading precomputed flux cube from:/home/njm/MESA/mesa/colors/data/stellar_models/Kurucz2003all//flux_cube.bin
 Loaded flux cube with dimensions:          76 x          11 x           9 x        1173
 Performing interpolation at target parameters...
 Interpolation complete

__________________________________________________________________________________________________________________________________________________

       step    lg_Tmax     Teff     lg_LH      lg_Lnuc_tot     Mass       H_rich     H_cntr     N_cntr     Y_surf   eta_cntr   zones  retry
  lg_dt_yrs    lg_Tcntr    lg_R     lg_L3a     lg_Lneu     lg_Mdot    He_core    He_cntr    O_cntr     Z_surf   gam_cntr   iters  
    age_yrs    lg_Dcntr    lg_L     lg_LZ      lg_Lphoto   lg_Dsurf   CO_core    C_cntr     Ne_cntr    Z_cntr   v_div_cs       dt_limit
__________________________________________________________________________________________________________________________________________________

        240   7.629376  1.084E+04   1.759118   1.759118   1.999776   1.684318   0.000093   0.000897   0.242800  -2.361297   1037      0
 3.8526E+00   7.629376   0.424167 -20.199134   0.577585 -12.111568   0.315458   0.998550   0.000015   0.001400   0.100478      5
 8.3128E+08   2.615615   1.943858 -13.303312 -99.000000  -9.452910   0.000000   0.000014   0.000146   0.001358  0.000E+00    lg_XH_cntr

 Loading precomputed flux cube from:/home/njm/MESA/mesa/colors/data/stellar_models/Kurucz2003all//flux_cube.bin
 Loaded flux cube with dimensions:          76 x          11 x           9 x        1173
 Performing interpolation at target parameters...
 Interpolation complete
        241   7.630478  1.086E+04   1.754466   1.754466   1.999776   1.684318   0.000079   0.000897   0.242800  -2.340271   1037      0
 3.7965E+00   7.630478   0.423782 -20.129625   0.572790 -12.133777   0.315458   0.998563   0.000015   0.001400   0.101039      5
 8.3129E+08   2.626135   1.945040 -14.148410 -99.000000  -9.452465   0.000000   0.000014   0.000146   0.001358  0.000E+00    lg_XH_cntr

 Loading precomputed flux cube from:/home/njm/MESA/mesa/colors/data/stellar_models/Kurucz2003all//flux_cube.bin
 Loaded flux cube with dimensions:          76 x          11 x           9 x        1173
 Performing interpolation at target parameters...
 Interpolation complete
        242   7.631396  1.087E+04   1.751282   1.751282   1.999776   1.684318   0.000068   0.000897   0.242800  -2.319914   1036      0
 3.7429E+00   7.631396   0.423447 -20.069505   0.569556 -12.154296   0.315458   0.998575   0.000015   0.001400   0.101602      5
 8.3129E+08   2.636089   1.946071 -13.847380 -99.000000  -9.452066   0.000000   0.000014   0.000146   0.001358  0.000E+00    lg_XH_cntr

 Loading precomputed flux cube from:/home/njm/MESA/mesa/colors/data/stellar_models/Kurucz2003all//flux_cube.bin
 Loaded flux cube with dimensions:          76 x          11 x           9 x        1173
 Performing interpolation at target parameters...
 Interpolation complete
        243   7.632153  1.088E+04   1.749477   1.749477   1.999776   1.684318   0.000058   0.000897   0.242800  -2.300267   1039      0
 3.6903E+00   7.632153   0.423153 -20.018485   0.567786 -12.173133   0.315458   0.998584   0.000015   0.001400   0.102162      5
 8.3130E+08   2.645494   1.946964 -99.000000 -99.000000  -9.451709   0.000000   0.000015   0.000146   0.001358  0.000E+00    lg_XH_cntr

 Loading precomputed flux cube from:/home/njm/MESA/mesa/colors/data/stellar_models/Kurucz2003all//flux_cube.bin
 Loaded flux cube with dimensions:          76 x          11 x           9 x        1173
 Performing interpolation at target parameters...
 Interpolation complete
        244   7.632761  1.088E+04   1.748923   1.748923   1.999776   1.684318   0.000050   0.000897   0.242800  -2.281319   1033      0
 3.6400E+00   7.632761   0.422896 -19.975439   0.567339 -12.190299   0.315458   0.998592   0.000015   0.001400   0.102719      5
 8.3130E+08   2.654375   1.947735 -99.000000 -99.000000  -9.451390   0.000000   0.000015   0.000146   0.001358  0.000E+00    lg_XH_cntr

 Loading precomputed flux cube from:/home/njm/MESA/mesa/colors/data/stellar_models/Kurucz2003all//flux_cube.bin
 Loaded flux cube with dimensions:          76 x          11 x           9 x        1173
 Performing interpolation at target parameters...
 Interpolation complete
        245   7.633221  1.089E+04   1.749481   1.749481   1.999776   1.684318   0.000043   0.000897   0.242800  -2.263125   1037      0
 3.5900E+00   7.633221   0.422671 -19.940374   0.568066 -12.205861   0.315458   0.998600   0.000015   0.001400   0.103270      5
 8.3130E+08   2.662710   1.948397 -99.000000 -99.000000  -9.451106   0.000000   0.000015   0.000146   0.001358  0.000E+00    lg_XH_cntr

 Loading precomputed flux cube from:/home/njm/MESA/mesa/colors/data/stellar_models/Kurucz2003all//flux_cube.bin
 Loaded flux cube with dimensions:          76 x          11 x           9 x        1173
 Performing interpolation at target parameters...
 Interpolation complete
        246   7.633554  1.090E+04   1.751380   1.751380   1.999776   1.684318   0.000037   0.000897   0.242800  -2.245812   1036      0
 3.5394E+00   7.633554   0.422473 -19.912289   0.570195 -12.219862   0.315458   0.998606   0.000015   0.001400   0.103810      5
 8.3131E+08   2.670478   1.948958 -99.000000 -99.000000  -9.450853   0.000000   0.000015   0.000146   0.001358  0.000E+00    lg_XH_cntr

 Loading precomputed flux cube from:/home/njm/MESA/mesa/colors/data/stellar_models/Kurucz2003all//flux_cube.bin
 Loaded flux cube with dimensions:          76 x          11 x           9 x        1173
 Performing interpolation at target parameters...
 Interpolation complete
        247   7.633774  1.090E+04   1.754134   1.754134   1.999776   1.684318   0.000032   0.000896   0.242800  -2.229308   1030      0
 3.4911E+00   7.633774   0.422299 -19.890431   0.573216 -12.232325   0.315458   0.998611   0.000015   0.001400   0.104338      5
 8.3131E+08   2.677731   1.949434 -99.000000 -99.000000  -9.450629   0.000000   0.000015   0.000146   0.001358  0.000E+00    lg_XH_cntr

 Loading precomputed flux cube from:/home/njm/MESA/mesa/colors/data/stellar_models/Kurucz2003all//flux_cube.bin
 Loaded flux cube with dimensions:          76 x          11 x           9 x        1173
 Performing interpolation at target parameters...
 Interpolation complete
        248   7.633888  1.091E+04   1.757757   1.757757   1.999776   1.684318   0.000027   0.000896   0.242800  -2.213639   1030      0
 3.4436E+00   7.633888   0.422146 -19.874434   0.577138 -12.243398   0.315458   0.998615   0.000015   0.001400   0.104852      5
 8.3131E+08   2.684471   1.949835 -99.000000 -99.000000  -9.450430   0.000000   0.000015   0.000146   0.001358  0.000E+00    lg_XH_cntr

 Loading precomputed flux cube from:/home/njm/MESA/mesa/colors/data/stellar_models/Kurucz2003all//flux_cube.bin
 Loaded flux cube with dimensions:          76 x          11 x           9 x        1173
 Performing interpolation at target parameters...
 Interpolation complete
        249   7.633911  1.091E+04   1.761922   1.761922   1.999776   1.684318   0.000023   0.000896   0.242800  -2.198797   1031      0
 3.3963E+00   7.633911   0.422011 -19.863549   0.581617 -12.253183   0.315458   0.998619   0.000015   0.001400   0.105352      5
 8.3132E+08   2.690721   1.950172 -13.303312 -99.000000  -9.450253   0.000000   0.000015   0.000146   0.001358  0.000E+00    lg_XH_cntr

 Loading precomputed flux cube from:/home/njm/MESA/mesa/colors/data/stellar_models/Kurucz2003all//flux_cube.bin
 Loaded flux cube with dimensions:          76 x          11 x           9 x        1173
 Performing interpolation at target parameters...
 Interpolation complete

__________________________________________________________________________________________________________________________________________________

       step    lg_Tmax     Teff     lg_LH      lg_Lnuc_tot     Mass       H_rich     H_cntr     N_cntr     Y_surf   eta_cntr   zones  retry
  lg_dt_yrs    lg_Tcntr    lg_R     lg_L3a     lg_Lneu     lg_Mdot    He_core    He_cntr    O_cntr     Z_surf   gam_cntr   iters  
    age_yrs    lg_Dcntr    lg_L     lg_LZ      lg_Lphoto   lg_Dsurf   CO_core    C_cntr     Ne_cntr    Z_cntr   v_div_cs       dt_limit
__________________________________________________________________________________________________________________________________________________

        250   7.633855  1.091E+04   1.766588   1.766588   1.999776   1.684318   0.000020   0.000896   0.242800  -2.184800   1031      0
 3.3491E+00   7.633855   0.421891 -19.857101   0.586605 -12.261786   0.315458   0.998622   0.000015   0.001400   0.105835      5
 8.3132E+08   2.696497   1.950453 -99.000000 -99.000000  -9.450097   0.000000   0.000015   0.000146   0.001358  0.000E+00    lg_XH_cntr

save LOGS/profile6.data for model 250
 Loading precomputed flux cube from:/home/njm/MESA/mesa/colors/data/stellar_models/Kurucz2003all//flux_cube.bin
 Loaded flux cube with dimensions:          76 x          11 x           9 x        1173
 Performing interpolation at target parameters...
 Interpolation complete
save photos/x250 for model 250
        251   7.633735  1.092E+04   1.771516   1.771516   1.999776   1.684318   0.000017   0.000896   0.242800  -2.171640   1028      0
 3.3018E+00   7.633735   0.421786 -19.854356   0.591854 -12.269311   0.315458   0.998625   0.000015   0.001400   0.106298      5
 8.3132E+08   2.701822   1.950686 -13.370259 -99.000000  -9.449958   0.000000   0.000015   0.000146   0.001358  0.000E+00    lg_XH_cntr

 Loading precomputed flux cube from:/home/njm/MESA/mesa/colors/data/stellar_models/Kurucz2003all//flux_cube.bin
 Loaded flux cube with dimensions:          76 x          11 x           9 x        1173
 Performing interpolation at target parameters...
 Interpolation complete
        252   7.633557  1.092E+04   1.776612   1.776612   1.999776   1.684318   0.000015   0.000896   0.242800  -2.159298   1028      0
 3.2548E+00   7.633557   0.421693 -19.854982   0.597263 -12.275867   0.315458   0.998628   0.000015   0.001400   0.106742      5
 8.3132E+08   2.706713   1.950879 -99.000000 -99.000000  -9.449835   0.000000   0.000015   0.000146   0.001357  0.000E+00    lg_XH_cntr

 Loading precomputed flux cube from:/home/njm/MESA/mesa/colors/data/stellar_models/Kurucz2003all//flux_cube.bin
 Loaded flux cube with dimensions:          76 x          11 x           9 x        1173
 Performing interpolation at target parameters...
 Interpolation complete
        253   7.633335  1.092E+04   1.781718   1.781718   1.999776   1.684318   0.000013   0.000896   0.242800  -2.147752   1024      0
 3.2080E+00   7.633335   0.421610 -19.858135   0.602670 -12.281560   0.315458   0.998630   0.000015   0.001400   0.107166      5
 8.3132E+08   2.711204   1.951037 -99.000000 -99.000000  -9.449727   0.000000   0.000015   0.000146   0.001357  0.000E+00    lg_XH_cntr

 Loading precomputed flux cube from:/home/njm/MESA/mesa/colors/data/stellar_models/Kurucz2003all//flux_cube.bin
 Loaded flux cube with dimensions:          76 x          11 x           9 x        1173
 Performing interpolation at target parameters...
 Interpolation complete
        254   7.633074  1.092E+04   1.786758   1.786758   1.999776   1.684318   0.000011   0.000896   0.242800  -2.136990   1024      0
 3.1608E+00   7.633074   0.421537 -19.863464   0.607995 -12.286494   0.315458   0.998632   0.000015   0.001400   0.107569      5
 8.3133E+08   2.715307   1.951167 -13.847380 -99.000000  -9.449630   0.000000   0.000015   0.000146   0.001357  0.000E+00    lg_XH_cntr

 Loading precomputed flux cube from:/home/njm/MESA/mesa/colors/data/stellar_models/Kurucz2003all//flux_cube.bin
 Loaded flux cube with dimensions:          76 x          11 x           9 x        1173
 Performing interpolation at target parameters...
 Interpolation complete
        255   7.632786  1.092E+04   1.791621   1.791621   1.999776   1.684318   0.000009   0.000896   0.242800  -2.126983   1027      0
 3.1134E+00   7.632786   0.421473 -19.870304   0.613124 -12.290755   0.315458   0.998633   0.000015   0.001400   0.107951      5
 8.3133E+08   2.719052   1.951273 -99.000000 -99.000000  -9.449545   0.000000   0.000015   0.000146   0.001357  0.000E+00    lg_XH_cntr

 Loading precomputed flux cube from:/home/njm/MESA/mesa/colors/data/stellar_models/Kurucz2003all//flux_cube.bin
 Loaded flux cube with dimensions:          76 x          11 x           9 x        1173
 Performing interpolation at target parameters...
 Interpolation complete
        256   7.632481  1.093E+04   1.796300   1.796300   1.999776   1.684318   0.000008   0.000896   0.242800  -2.117693   1024      0
 3.0666E+00   7.632481   0.421415 -19.878030   0.618051 -12.294434   0.315458   0.998634   0.000015   0.001400   0.108311      5
 8.3133E+08   2.722469   1.951358 -99.000000 -99.000000  -9.449470   0.000000   0.000015   0.000146   0.001357  0.000E+00    lg_XH_cntr

 Loading precomputed flux cube from:/home/njm/MESA/mesa/colors/data/stellar_models/Kurucz2003all//flux_cube.bin
 Loaded flux cube with dimensions:          76 x          11 x           9 x        1173
 Performing interpolation at target parameters...
 Interpolation complete
        257   7.632173  1.093E+04   1.800721   1.800721   1.999776   1.684318   0.000007   0.000896   0.242800  -2.109081   1019      0
 3.0196E+00   7.632173   0.421364 -19.885824   0.622700 -12.297607   0.315458   0.998636   0.000015   0.001400   0.108648      5
 8.3133E+08   2.725597   1.951428 -13.449440 -99.000000  -9.449403   0.000000   0.000015   0.000146   0.001357  0.000E+00    lg_XH_cntr

 Loading precomputed flux cube from:/home/njm/MESA/mesa/colors/data/stellar_models/Kurucz2003all//flux_cube.bin
 Loaded flux cube with dimensions:          76 x          11 x           9 x        1173
 Performing interpolation at target parameters...
 Interpolation complete
        258   7.631847  1.093E+04   1.804842   1.804842   1.999776   1.684318   0.000006   0.000896   0.242800  -2.101118   1022      0
 2.9736E+00   7.631847   0.421319 -19.894260   0.627030 -12.300349   0.315458   0.998637   0.000015   0.001400   0.108967      5
 8.3133E+08   2.728426   1.951484 -99.000000 -99.000000  -9.449344   0.000000   0.000015   0.000146   0.001357  0.000E+00    lg_XH_cntr

 Loading precomputed flux cube from:/home/njm/MESA/mesa/colors/data/stellar_models/Kurucz2003all//flux_cube.bin
 Loaded flux cube with dimensions:          76 x          11 x           9 x        1173
 Performing interpolation at target parameters...
 Interpolation complete
        259   7.631527  1.093E+04   1.808719   1.808719   1.999776   1.684318   0.000005   0.000896   0.242800  -2.093715   1017      0
 2.9300E+00   7.631527   0.421278 -19.902189   0.631098 -12.302718   0.315458   0.998637   0.000015   0.001400   0.109265      5
 8.3133E+08   2.731030   1.951529 -99.000000 -99.000000  -9.449291   0.000000   0.000015   0.000146   0.001357  0.000E+00    lg_XH_cntr

 Loading precomputed flux cube from:/home/njm/MESA/mesa/colors/data/stellar_models/Kurucz2003all//flux_cube.bin
 Loaded flux cube with dimensions:          76 x          11 x           9 x        1173
 Performing interpolation at target parameters...
 Interpolation complete

__________________________________________________________________________________________________________________________________________________

       step    lg_Tmax     Teff     lg_LH      lg_Lnuc_tot     Mass       H_rich     H_cntr     N_cntr     Y_surf   eta_cntr   zones  retry
  lg_dt_yrs    lg_Tcntr    lg_R     lg_L3a     lg_Lneu     lg_Mdot    He_core    He_cntr    O_cntr     Z_surf   gam_cntr   iters  
    age_yrs    lg_Dcntr    lg_L     lg_LZ      lg_Lphoto   lg_Dsurf   CO_core    C_cntr     Ne_cntr    Z_cntr   v_div_cs       dt_limit
__________________________________________________________________________________________________________________________________________________

        260   7.631219  1.093E+04   1.812312   1.812312   1.999776   1.684318   0.000005   0.000896   0.242800  -2.086822   1017      0
 2.8881E+00   7.631219   0.421242 -19.909694   0.634868 -12.304779   0.315458   0.998638   0.000015   0.001400   0.109545      5
 8.3133E+08   2.733438   1.951566 -99.000000 -99.000000  -9.449243   0.000000   0.000016   0.000146   0.001357  0.000E+00    lg_XH_cntr

 Loading precomputed flux cube from:/home/njm/MESA/mesa/colors/data/stellar_models/Kurucz2003all//flux_cube.bin
 Loaded flux cube with dimensions:          76 x          11 x           9 x        1173
 Performing interpolation at target parameters...
 Interpolation complete
        261   7.630907  1.093E+04   1.815643   1.815643   1.999776   1.684318   0.000004   0.000895   0.242800  -2.080460   1016      0
 2.8463E+00   7.630907   0.421209 -19.917149   0.638358 -12.306586   0.315458   0.998639   0.000015   0.001400   0.109808      5
 8.3133E+08   2.735618   1.951596 -13.370259 -99.000000  -9.449200   0.000000   0.000016   0.000146   0.001357  0.000E+00    lg_XH_cntr

 Loading precomputed flux cube from:/home/njm/MESA/mesa/colors/data/stellar_models/Kurucz2003all//flux_cube.bin
 Loaded flux cube with dimensions:          76 x          11 x           9 x        1173
 Performing interpolation at target parameters...
 Interpolation complete
        262   7.630633  1.093E+04   1.818772   1.818772   1.999776   1.684318   0.000003   0.000895   0.242800  -2.074533   1015      0
 2.8114E+00   7.630633   0.421179 -19.924403   0.641636 -12.308161   0.315458   0.998639   0.000015   0.001400   0.110051      5
 8.3133E+08   2.737674   1.951620 -99.000000 -99.000000  -9.449161   0.000000   0.000016   0.000146   0.001357  0.000E+00    lg_XH_cntr

 Loading precomputed flux cube from:/home/njm/MESA/mesa/colors/data/stellar_models/Kurucz2003all//flux_cube.bin
 Loaded flux cube with dimensions:          76 x          11 x           9 x        1173
 Performing interpolation at target parameters...
 Interpolation complete
        263   7.630336  1.093E+04   1.821772   1.821772   1.999776   1.684318   0.000003   0.000895   0.242800  -2.068870   1015      0
 2.7895E+00   7.630336   0.421150 -19.931242   0.644779 -12.309566   0.315458   0.998640   0.000015   0.001400   0.110288      5
 8.3133E+08   2.739584   1.951640 -99.000000 -99.000000  -9.449124   0.000000   0.000016   0.000146   0.001357  0.000E+00    lg_XH_cntr

 Loading precomputed flux cube from:/home/njm/MESA/mesa/colors/data/stellar_models/Kurucz2003all//flux_cube.bin
 Loaded flux cube with dimensions:          76 x          11 x           9 x        1173
 Performing interpolation at target parameters...
 Interpolation complete
        264   7.630080  1.093E+04   1.824734   1.824734   1.999776   1.684318   0.000003   0.000895   0.242800  -2.063338   1014      0
 2.7783E+00   7.630080   0.421123 -19.938561   0.647878 -12.310848   0.315458   0.998640   0.000015   0.001400   0.110515      5
 8.3133E+08   2.741502   1.951656 -13.148410 -99.000000  -9.449088   0.000000   0.000016   0.000146   0.001357  0.000E+00    lg_XH_cntr

 Loading precomputed flux cube from:/home/njm/MESA/mesa/colors/data/stellar_models/Kurucz2003all//flux_cube.bin
 Loaded flux cube with dimensions:          76 x          11 x           9 x        1173
 Performing interpolation at target parameters...
 Interpolation complete
        265   7.629787  1.093E+04   1.827675   1.827675   1.999776   1.684318   0.000002   0.000895   0.242800  -2.057879   1014      0
 2.7729E+00   7.629787   0.421096 -19.945278   0.650956 -12.312054   0.315458   0.998640   0.000015   0.001400   0.110745      5
 8.3134E+08   2.743332   1.951669 -99.000000 -99.000000  -9.449053   0.000000   0.000016   0.000146   0.001357  0.000E+00    lg_XH_cntr

 Loading precomputed flux cube from:/home/njm/MESA/mesa/colors/data/stellar_models/Kurucz2003all//flux_cube.bin
 Loaded flux cube with dimensions:          76 x          11 x           9 x        1173
 Performing interpolation at target parameters...
 Interpolation complete
        266   7.629502  1.093E+04   1.830633   1.830633   1.999776   1.684318   0.000002   0.000895   0.242800  -2.052458   1012      0
 2.7705E+00   7.629502   0.421069 -19.951617   0.654050 -12.313194   0.315458   0.998640   0.000015   0.001400   0.110974      5
 8.3134E+08   2.745158   1.951680 -13.847380 -99.000000  -9.449019   0.000000   0.000016   0.000146   0.001357  0.000E+00    lg_XH_cntr

 Loading precomputed flux cube from:/home/njm/MESA/mesa/colors/data/stellar_models/Kurucz2003all//flux_cube.bin
 Loaded flux cube with dimensions:          76 x          11 x           9 x        1173
 Performing interpolation at target parameters...
 Interpolation complete
        267   7.629308  1.093E+04   1.833629   1.833629   1.999776   1.684318   0.000002   0.000895   0.242800  -2.047052   1011      0
 2.7701E+00   7.629308   0.421042 -19.957959   0.657182 -12.314284   0.315458   0.998641   0.000015   0.001400   0.111190      5
 8.3134E+08   2.747115   1.951688 -99.000000 -99.000000  -9.448985   0.000000   0.000016   0.000146   0.001357  0.000E+00    lg_XH_cntr

 Loading precomputed flux cube from:/home/njm/MESA/mesa/colors/data/stellar_models/Kurucz2003all//flux_cube.bin
 Loaded flux cube with dimensions:          76 x          11 x           9 x        1173
 Performing interpolation at target parameters...
 Interpolation complete
        268   7.628958  1.093E+04   1.837193   1.837193   1.999776   1.684318   0.000002   0.000895   0.242800  -2.040613   1011      0
 2.8492E+00   7.628958   0.421011 -19.966108   0.660907 -12.315335   0.315458   0.998641   0.000015   0.001400   0.111464      5
 8.3134E+08   2.749266   1.951692 -13.847380 -99.000000  -9.448944   0.000000   0.000016   0.000146   0.001357  0.000E+00  max increase

 Loading precomputed flux cube from:/home/njm/MESA/mesa/colors/data/stellar_models/Kurucz2003all//flux_cube.bin
 Loaded flux cube with dimensions:          76 x          11 x           9 x        1173
 Performing interpolation at target parameters...
 Interpolation complete
        269   7.628541  1.093E+04   1.841480   1.841480   1.999776   1.684318   0.000001   0.000895   0.242800  -2.032951   1011      0
 2.9284E+00   7.628541   0.420973 -19.975835   0.665388 -12.316505   0.315458   0.998641   0.000015   0.001400   0.111790      5
 8.3134E+08   2.751824   1.951692 -13.245320 -99.000000  -9.448896   0.000000   0.000016   0.000146   0.001357  0.000E+00    lg_XH_cntr

 Loading precomputed flux cube from:/home/njm/MESA/mesa/colors/data/stellar_models/Kurucz2003all//flux_cube.bin
 Loaded flux cube with dimensions:          76 x          11 x           9 x        1173
 Performing interpolation at target parameters...
 Interpolation complete

__________________________________________________________________________________________________________________________________________________

       step    lg_Tmax     Teff     lg_LH      lg_Lnuc_tot     Mass       H_rich     H_cntr     N_cntr     Y_surf   eta_cntr   zones  retry
  lg_dt_yrs    lg_Tcntr    lg_R     lg_L3a     lg_Lneu     lg_Mdot    He_core    He_cntr    O_cntr     Z_surf   gam_cntr   iters  
    age_yrs    lg_Dcntr    lg_L     lg_LZ      lg_Lphoto   lg_Dsurf   CO_core    C_cntr     Ne_cntr    Z_cntr   v_div_cs       dt_limit
__________________________________________________________________________________________________________________________________________________

        270   7.628193  1.093E+04   1.845107   1.845107   1.999776   1.684318   0.000001   0.000895   0.242800  -2.026533   1011      0
 2.8550E+00   7.628193   0.420942 -19.984001   0.669177 -12.317804   0.315458   0.998641   0.000015   0.001400   0.112064      5
 8.3134E+08   2.753967   1.951686 -99.000000 -99.000000  -9.448857   0.000000   0.000016   0.000146   0.001357  0.000E+00    lg_XH_cntr

 Loading precomputed flux cube from:/home/njm/MESA/mesa/colors/data/stellar_models/Kurucz2003all//flux_cube.bin
 Loaded flux cube with dimensions:          76 x          11 x           9 x        1173
 Performing interpolation at target parameters...
 Interpolation complete
        271   7.627875  1.093E+04   1.848448   1.848448   1.999776   1.684318   0.000001   0.000895   0.242800  -2.020666   1011      0
 2.8195E+00   7.627875   0.420913 -19.991480   0.672667 -12.318823   0.315458   0.998642   0.000015   0.001400   0.112315      5
 8.3134E+08   2.755926   1.951678 -13.148410 -99.000000  -9.448820   0.000000   0.000016   0.000146   0.001357  0.000E+00    lg_XH_cntr

 Loading precomputed flux cube from:/home/njm/MESA/mesa/colors/data/stellar_models/Kurucz2003all//flux_cube.bin
 Loaded flux cube with dimensions:          76 x          11 x           9 x        1173
 Performing interpolation at target parameters...
 Interpolation complete

stop because have dropped below central lower limit for h1
    0.9774224938E-06    0.1000000000E-05

        272   7.627596  1.093E+04   1.851662   1.851662   1.999776   1.684318   0.000001   0.000895   0.242800  -2.015089   1009      0
 2.8008E+00   7.627596   0.420886 -19.998504   0.676022 -12.319696   0.315458   0.998642   0.000015   0.001400   0.112551      5
 8.3134E+08   2.757822   1.951666 -99.000000 -99.000000  -9.448786   0.000000   0.000016   0.000146   0.001357  0.000E+00    lg_XH_cntr

save LOGS/profile7.data for model 272
 Loading precomputed flux cube from:/home/njm/MESA/mesa/colors/data/stellar_models/Kurucz2003all//flux_cube.bin
 Loaded flux cube with dimensions:          76 x          11 x           9 x        1173
 Performing interpolation at target parameters...
 Interpolation complete
                                         solver retries           1

                                    varcontrol dt limit          64
                                  max increase dt limit         206
                                        lgTeff dt limit          17
                                    lgRho_cntr dt limit          25
                                    lg_XH_cntr dt limit          68
                                      XHe_cntr dt limit          57

 model saved to M2_Z0.0014_exponential_fov0.03_f00.005.mod
save photos/x272 for model 272
termination code: xa_central_lower_limit
pause_before_terminate: hit RETURN to continue
finished custom colors
__________________________________________________________________________________________________________________________________________________

       step    lg_Tmax     Teff     lg_LH      lg_Lnuc_tot     Mass       H_rich     H_cntr     N_cntr     Y_surf   eta_cntr   zones  retry
  lg_dt_yrs    lg_Tcntr    lg_R     lg_L3a     lg_Lneu     lg_Mdot    He_core    He_cntr    O_cntr     Z_surf   gam_cntr   iters  
    age_yrs    lg_Dcntr    lg_L     lg_LZ      lg_Lphoto   lg_Dsurf   CO_core    C_cntr     Ne_cntr    Z_cntr   v_div_cs       dt_limit
__________________________________________________________________________________________________________________________________________________

        272   7.627596  1.093E+04   1.851662   1.851662   1.999776   1.684318   0.000001   0.000895   0.242800  -2.015089   1009      0
 2.8008E+00   7.627596   0.420886 -19.998504   0.676022 -12.319696   0.315458   0.998642   0.000015   0.001400   0.112551      5
 8.3134E+08   2.757822   1.951666 -99.000000 -99.000000  -9.448786   0.000000   0.000016   0.000146   0.001357  0.000E+00  max increase

