 reading user weak rate file /home/njm/MESA/mesa/data/rates_data/rate_tables/S13_r_be7_wk_li7.h5
 version_number 6494df2
 read inlist_project
 Extras startup routine
 DEBUG: colors_handle =            1
 DEBUG: colors instrument = /colors/data/filters/GAIA/GAIA
 DEBUG: colors vega_sed = /colors/data/stellar_models/vega_flam.csv
 DEBUG: colors stellar_atm = /colors/data/stellar_models/Kurucz2003all/
 DEBUG: colors metallicity =    2.0000000000000000E-002
 DEBUG: colors distance =    3.0857000000000000E+017
 DEBUG: colors make_csv =  F
 DEBUG: colors use_colors =  T


 The terminal output contains the following information

      'step' is the number of steps since the start of the run,
      'lg_dt' is log10 timestep in years,
      'age_yr' is the simulated years since the start run,
      'lg_Tcntr' is log10 center temperature (K),
      'lg_Dcntr' is log10 center density (g/cm^3),
      'lg_Tmax' is log10 max temperature (K),
      'Teff' is the surface temperature (K),
      'lg_R' is log10 surface radius (Rsun),
      'lg_L' is log10 surface luminosity (Lsun),
      'lg_LH' is log10 total PP and CNO hydrogen burning power (Lsun),
      'lg_L3a' is log10 total triple-alpha helium burning power (Lsun),
      'lg_gsurf' is log10 surface gravity,
      'lg_Lnuc' is log10 nuclear power (Lsun),
      'lg_Lneu' is log10 total neutrino power (Lsun),
      'lg_Lphoto' is log10 total photodisintegration (Lsun),
      'Mass' is the total stellar baryonic mass (Msun),
      'lg_Mdot' is log10 magnitude of rate of change of mass (Msun/year),
      'lg_Dsurf' is log10 surface density (g/cm^3),
      'H_env' is the amount of mass where H is dominant,
      'He_core' is the largest mass where He is dominant.
      'CO_core' is the largest mass where CO is dominant.
      'H_cntr' is the center H1 mass fraction,
      'He_cntr' is the center He4 mass fraction,
      'C_cntr' is the center C12 mass fraction,
      'N_cntr' is the center N14 mass fraction,
      'O_cntr' is the center O16 mass fraction,
      'Ne_cntr' is the center Ne20 mass fraction,
      'gam_cntr' is the center plasma interaction parameter,
      'eta_cntr' is the center electron degeneracy parameter,
      'zones' is the number of zones in the current model,
      'iters' is the number of solver iterations for the current step,
      'retry' is the number of step retries required during the run,
      'dt_limit' is an indication of what limited the timestep.

 All this and more are saved in the LOGS directory during the run.
 create pre-main-sequence model
                                          species  mass           8    2.0000000000000000D+00

                                        relax_num_steps         100

 retry:  logRho > hydro_mtx_max_allowed_logRho          10       1
          1   5.479706   5651.220 -21.136458 -21.136458   2.000000   2.000000   0.718000   0.000707   0.268000  -9.349508   1560      1
-5.3010E+00   5.479706   1.755818 -99.000000 -22.534327 -99.000000   0.000000   0.268000   0.006566   0.014000   0.045007     19
 5.0000E-06  -3.866581   3.474899 -99.000000 -99.000000  -8.797620   0.000000   0.002413   0.001460   0.014000  0.000E+00         retry

          2   5.477936   5537.241 -21.136618 -21.136618   2.000000   2.000000   0.718000   0.000707   0.268000  -9.343409    829      1
-5.0000E+00   5.477721   1.754868 -99.000000 -22.534486 -99.000000   0.000000   0.268000   0.006566   0.014000   0.045202      3
 1.5000E-05  -3.866907   3.437602 -99.000000 -99.000000  -8.710793   0.000000   0.002413   0.001460   0.014000  0.000E+00  max increase

          3   5.477489   5439.979 -21.136899 -21.136899   2.000000   2.000000   0.718000   0.000707   0.268000  -9.341424    523      1
-5.0000E+00   5.477452   1.754178 -99.000000 -22.534767 -99.000000   0.000000   0.268000   0.006566   0.014000   0.045246      3
 2.5000E-05  -3.866448   3.405438 -99.000000 -99.000000  -8.641548   0.000000   0.002413   0.001460   0.014000  0.000E+00        max_dt

          4   5.477508   5366.477 -21.136974 -21.136974   2.000000   2.000000   0.718000   0.000707   0.268000  -9.340372    524      1
-5.0000E+00   5.477336   1.753667 -99.000000 -22.534842 -99.000000   0.000000   0.268000   0.006566   0.014000   0.045268      3
 3.5000E-05  -3.866166   3.380786 -99.000000 -99.000000  -8.590491   0.000000   0.002413   0.001460   0.014000  0.000E+00        max_dt

          5   5.477508   5308.894 -21.136974 -21.136974   2.000000   2.000000   0.718000   0.000707   0.268000  -9.339736    528      1
-5.0000E+00   5.477236   1.753271 -99.000000 -22.534842 -99.000000   0.000000   0.268000   0.006566   0.014000   0.045283      3
 4.5000E-05  -3.866040   3.361253 -37.026689 -99.000000  -8.551806   0.000000   0.002413   0.001460   0.014000  0.000E+00        max_dt

          6   5.477509   5261.932 -21.136973 -21.136973   2.000000   2.000000   0.718000   0.000707   0.268000  -9.339309    527      1
-5.0000E+00   5.477168   1.752952 -99.000000 -22.534841 -99.000000   0.000000   0.268000   0.006566   0.014000   0.045293      3
 5.5000E-05  -3.865956   3.345178 -37.026689 -99.000000  -8.521364   0.000000   0.002413   0.001460   0.014000  0.000E+00        max_dt

          7   5.477509   5222.414 -21.136973 -21.136973   2.000000   2.000000   0.718000   0.000707   0.268000  -9.339004    530      1
-5.0000E+00   5.477119   1.752686 -99.000000 -22.534841 -99.000000   0.000000   0.268000   0.006566   0.014000   0.045300      3
 6.5000E-05  -3.865897   3.331552 -99.000000 -99.000000  -8.496677   0.000000   0.002413   0.001460   0.014000  0.000E+00        max_dt

          8   5.477615   5188.180 -21.137467 -21.137467   2.000000   2.000000   0.718000   0.000707   0.268000  -9.338769    528      1
-5.0000E+00   5.477188   1.752459 -99.000000 -22.535335 -99.000000   0.000000   0.268000   0.006566   0.014000   0.045300      3
 7.5000E-05  -3.865691   3.319671 -99.000000 -99.000000  -8.476086   0.000000   0.002413   0.001460   0.014000  0.000E+00        max_dt

          9   5.477616   5157.906 -21.137469 -21.137469   2.000000   2.000000   0.718000   0.000707   0.268000  -9.338578    529      1
-5.0000E+00   5.477156   1.752262 -99.000000 -22.535337 -99.000000   0.000000   0.268000   0.006566   0.014000   0.045305      3
 8.5000E-05  -3.865657   3.309111 -99.000000 -99.000000  -8.458574   0.000000   0.002413   0.001460   0.014000  0.000E+00        max_dt


__________________________________________________________________________________________________________________________________________________

       step    lg_Tmax     Teff     lg_LH      lg_Lnuc_tot     Mass       H_rich     H_cntr     N_cntr     Y_surf   eta_cntr   zones  retry
  lg_dt_yrs    lg_Tcntr    lg_R     lg_L3a     lg_Lneu     lg_Mdot    He_core    He_cntr    O_cntr     Z_surf   gam_cntr   iters  
    age_yrs    lg_Dcntr    lg_L     lg_LZ      lg_Lphoto   lg_Dsurf   CO_core    C_cntr     Ne_cntr    Z_cntr   v_div_cs       dt_limit
__________________________________________________________________________________________________________________________________________________

         10   5.477616   5130.360 -21.137470 -21.137470   2.000000   2.000000   0.718000   0.000707   0.268000  -9.338431    525      1
-5.0000E+00   5.477130   1.752087 -99.000000 -22.535338 -99.000000   0.000000   0.268000   0.006566   0.014000   0.045308      3
 9.5000E-05  -3.865631   3.299459 -99.000000 -99.000000  -8.443266   0.000000   0.002413   0.001460   0.014000  0.000E+00        max_dt

         11   5.477616   5105.505 -21.137471 -21.137471   2.000000   2.000000   0.718000   0.000707   0.268000  -9.338318    523      1
-5.0000E+00   5.477111   1.751932 -99.000000 -22.535339 -99.000000   0.000000   0.268000   0.006566   0.014000   0.045311      3
 1.0500E-04  -3.865610   3.290712 -99.000000 -99.000000  -8.430008   0.000000   0.002413   0.001460   0.014000  0.000E+00        max_dt

         12   5.477616   5082.977 -21.137472 -21.137472   2.000000   2.000000   0.718000   0.000707   0.268000  -9.338231    527      1
-5.0000E+00   5.477096   1.751793 -99.000000 -22.535340 -99.000000   0.000000   0.268000   0.006566   0.014000   0.045313      3
 1.1500E-04  -3.865595   3.282753 -99.000000 -99.000000  -8.418481   0.000000   0.002413   0.001460   0.014000  0.000E+00        max_dt

         13   5.477616   5062.025 -21.137474 -21.137474   2.000000   2.000000   0.718000   0.000707   0.268000  -9.338162    523      1
-5.0000E+00   5.477085   1.751667 -99.000000 -22.535342 -99.000000   0.000000   0.268000   0.006566   0.014000   0.045315      3
 1.2500E-04  -3.865582   3.275326 -99.000000 -99.000000  -8.408208   0.000000   0.002413   0.001460   0.014000  0.000E+00        max_dt

         14   5.477616   5042.661 -21.137475 -21.137475   2.000000   2.000000   0.718000   0.000707   0.268000  -9.338107    527      1
-5.0000E+00   5.477075   1.751553 -99.000000 -22.535343 -99.000000   0.000000   0.268000   0.006566   0.014000   0.045316      3
 1.3500E-04  -3.865572   3.268439 -99.000000 -99.000000  -8.399119   0.000000   0.002413   0.001460   0.014000  0.000E+00        max_dt

         15   5.477616   5024.496 -21.137476 -21.137476   2.000000   2.000000   0.718000   0.000707   0.268000  -9.338062    526      1
-5.0000E+00   5.477068   1.751449 -99.000000 -22.535344 -99.000000   0.000000   0.268000   0.006566   0.014000   0.045317      3
 1.4500E-04  -3.865564   3.261961 -99.000000 -99.000000  -8.390967   0.000000   0.002413   0.001460   0.014000  0.000E+00        max_dt

         16   5.477617   5007.257 -21.137477 -21.137477   2.000000   2.000000   0.718000   0.000707   0.268000  -9.338025    522      1
-5.0000E+00   5.477061   1.751352 -99.000000 -22.535345 -99.000000   0.000000   0.268000   0.006566   0.014000   0.045318      3
 1.5500E-04  -3.865558   3.255797 -99.000000 -99.000000  -8.383583   0.000000   0.002413   0.001460   0.014000  0.000E+00        max_dt

         17   5.477617   4990.918 -21.137478 -21.137478   2.000000   2.000000   0.718000   0.000707   0.268000  -9.337994    526      1
-5.0000E+00   5.477056   1.751262 -99.000000 -22.535346 -99.000000   0.000000   0.268000   0.006566   0.014000   0.045319      3
 1.6500E-04  -3.865552   3.249940 -99.000000 -99.000000  -8.376906   0.000000   0.002413   0.001460   0.014000  0.000E+00        max_dt

         18   5.477617   4975.560 -21.137479 -21.137479   2.000000   2.000000   0.718000   0.000707   0.268000  -9.337968    527      1
-5.0000E+00   5.477052   1.751179 -99.000000 -22.535347 -99.000000   0.000000   0.268000   0.006566   0.014000   0.045319      3
 1.7500E-04  -3.865547   3.244420 -99.000000 -99.000000  -8.370909   0.000000   0.002413   0.001460   0.014000  0.000E+00        max_dt

         19   5.477617   4960.950 -21.137480 -21.137480   2.000000   2.000000   0.718000   0.000707   0.268000  -9.337946    524      1
-5.0000E+00   5.477048   1.751102 -99.000000 -22.535348 -99.000000   0.000000   0.268000   0.006566   0.014000   0.045320      3
 1.8500E-04  -3.865543   3.239157 -99.000000 -99.000000  -8.365448   0.000000   0.002413   0.001460   0.014000  0.000E+00        max_dt


__________________________________________________________________________________________________________________________________________________

       step    lg_Tmax     Teff     lg_LH      lg_Lnuc_tot     Mass       H_rich     H_cntr     N_cntr     Y_surf   eta_cntr   zones  retry
  lg_dt_yrs    lg_Tcntr    lg_R     lg_L3a     lg_Lneu     lg_Mdot    He_core    He_cntr    O_cntr     Z_surf   gam_cntr   iters  
    age_yrs    lg_Dcntr    lg_L     lg_LZ      lg_Lphoto   lg_Dsurf   CO_core    C_cntr     Ne_cntr    Z_cntr   v_div_cs       dt_limit
__________________________________________________________________________________________________________________________________________________

         20   5.477617   4946.952 -21.137481 -21.137481   2.000000   2.000000   0.718000   0.000707   0.268000  -9.337927    525      1
-5.0000E+00   5.477045   1.751030 -99.000000 -22.535349 -99.000000   0.000000   0.268000   0.006566   0.014000   0.045320      3
 1.9500E-04  -3.865540   3.234104 -99.000000 -99.000000  -8.360432   0.000000   0.002413   0.001460   0.014000  0.000E+00        max_dt

         21   5.477617   4933.691 -21.137482 -21.137482   2.000000   2.000000   0.718000   0.000707   0.268000  -9.337910    528      1
-5.0000E+00   5.477042   1.750962 -99.000000 -22.535350 -99.000000   0.000000   0.268000   0.006566   0.014000   0.045321      3
 2.0500E-04  -3.865537   3.229305 -99.000000 -99.000000  -8.355870   0.000000   0.002413   0.001460   0.014000  0.000E+00        max_dt

         22   5.477617   4920.843 -21.137483 -21.137483   2.000000   2.000000   0.718000   0.000707   0.268000  -9.337896    523      1
-5.0000E+00   5.477040   1.750898 -99.000000 -22.535351 -99.000000   0.000000   0.268000   0.006566   0.014000   0.045321      3
 2.1500E-04  -3.865534   3.224647 -99.000000 -99.000000  -8.351619   0.000000   0.002413   0.001460   0.014000  0.000E+00        max_dt

         23   5.477617   4908.382 -21.137484 -21.137484   2.000000   2.000000   0.718000   0.000707   0.268000  -9.337884    523      1
-5.0000E+00   5.477038   1.750836 -99.000000 -22.535352 -99.000000   0.000000   0.268000   0.006566   0.014000   0.045321      3
 2.2500E-04  -3.865532   3.220120 -99.000000 -99.000000  -8.347652   0.000000   0.002413   0.001460   0.014000  0.000E+00        max_dt

         24   5.477617   4896.543 -21.137485 -21.137485   2.000000   2.000000   0.718000   0.000707   0.268000  -9.337873    523      1
-5.0000E+00   5.477036   1.750779 -99.000000 -22.535353 -99.000000   0.000000   0.268000   0.006566   0.014000   0.045322      3
 2.3500E-04  -3.865530   3.215810 -37.026689 -99.000000  -8.344019   0.000000   0.002413   0.001460   0.014000  0.000E+00        max_dt

         25   5.477617   4885.190 -21.137486 -21.137486   2.000000   2.000000   0.718000   0.000707   0.268000  -9.337864    523      1
-5.0000E+00   5.477035   1.750724 -99.000000 -22.535354 -99.000000   0.000000   0.268000   0.006566   0.014000   0.045322      3
 2.4500E-04  -3.865528   3.211668 -99.000000 -99.000000  -8.340655   0.000000   0.002413   0.001460   0.014000  0.000E+00        max_dt

         26   5.477618   4874.131 -21.137487 -21.137487   2.000000   2.000000   0.718000   0.000707   0.268000  -9.337855    523      1
-5.0000E+00   5.477033   1.750672 -99.000000 -22.535355 -99.000000   0.000000   0.268000   0.006566   0.014000   0.045322      3
 2.5500E-04  -3.865526   3.207626 -99.000000 -99.000000  -8.337488   0.000000   0.002413   0.001460   0.014000  0.000E+00        max_dt

         27   5.477618   4863.472 -21.137487 -21.137487   2.000000   2.000000   0.718000   0.000707   0.268000  -9.337848    526      1
-5.0000E+00   5.477032   1.750622 -99.000000 -22.535356 -99.000000   0.000000   0.268000   0.006566   0.014000   0.045322      3
 2.6500E-04  -3.865525   3.203723 -99.000000 -99.000000  -8.334535   0.000000   0.002413   0.001460   0.014000  0.000E+00        max_dt

         28   5.477618   4853.204 -21.137488 -21.137488   2.000000   2.000000   0.718000   0.000707   0.268000  -9.337841    524      1
-5.0000E+00   5.477031   1.750574 -99.000000 -22.535356 -99.000000   0.000000   0.268000   0.006566   0.014000   0.045322      3
 2.7500E-04  -3.865524   3.199956 -37.026689 -99.000000  -8.331777   0.000000   0.002413   0.001460   0.014000  0.000E+00        max_dt

         29   5.477618   4843.374 -21.137489 -21.137489   2.000000   2.000000   0.718000   0.000707   0.268000  -9.337835    526      1
-5.0000E+00   5.477030   1.750528 -99.000000 -22.535357 -99.000000   0.000000   0.268000   0.006566   0.014000   0.045322      3
 2.8500E-04  -3.865522   3.196342 -99.000000 -99.000000  -8.329215   0.000000   0.002413   0.001460   0.014000  0.000E+00        max_dt


__________________________________________________________________________________________________________________________________________________

       step    lg_Tmax     Teff     lg_LH      lg_Lnuc_tot     Mass       H_rich     H_cntr     N_cntr     Y_surf   eta_cntr   zones  retry
  lg_dt_yrs    lg_Tcntr    lg_R     lg_L3a     lg_Lneu     lg_Mdot    He_core    He_cntr    O_cntr     Z_surf   gam_cntr   iters  
    age_yrs    lg_Dcntr    lg_L     lg_LZ      lg_Lphoto   lg_Dsurf   CO_core    C_cntr     Ne_cntr    Z_cntr   v_div_cs       dt_limit
__________________________________________________________________________________________________________________________________________________

         30   5.477618   4833.800 -21.137490 -21.137490   2.000000   2.000000   0.718000   0.000707   0.268000  -9.337829    524      1
-5.0000E+00   5.477029   1.750484 -99.000000 -22.535358 -99.000000   0.000000   0.268000   0.006566   0.014000   0.045323      3
 2.9500E-04  -3.865521   3.192817 -99.000000 -99.000000  -8.326790   0.000000   0.002413   0.001460   0.014000  0.000E+00        max_dt

         31   5.477618   4824.479 -21.137490 -21.137490   2.000000   2.000000   0.718000   0.000707   0.268000  -9.337825    523      1
-5.0000E+00   5.477028   1.750442 -99.000000 -22.535358 -99.000000   0.000000   0.268000   0.006566   0.014000   0.045323      3
 3.0500E-04  -3.865520   3.189379 -99.000000 -99.000000  -8.324492   0.000000   0.002413   0.001460   0.014000  0.000E+00        max_dt

         32   5.477618   4815.425 -21.137491 -21.137491   2.000000   2.000000   0.718000   0.000707   0.268000  -9.337820    527      1
-5.0000E+00   5.477028   1.750401 -99.000000 -22.535359 -99.000000   0.000000   0.268000   0.006566   0.014000   0.045323      3
 3.1500E-04  -3.865520   3.186034 -99.000000 -99.000000  -8.322319   0.000000   0.002413   0.001460   0.014000  0.000E+00        max_dt

         33   5.477618   4806.617 -21.137492 -21.137492   2.000000   2.000000   0.718000   0.000707   0.268000  -9.337816    526      1
-5.0000E+00   5.477027   1.750361 -99.000000 -22.535360 -99.000000   0.000000   0.268000   0.006566   0.014000   0.045323      3
 3.2500E-04  -3.865519   3.182775 -99.000000 -99.000000  -8.320257   0.000000   0.002413   0.001460   0.014000  0.000E+00        max_dt

         34   5.477618   4798.025 -21.137492 -21.137492   2.000000   2.000000   0.718000   0.000707   0.268000  -9.337812    525      1
-5.0000E+00   5.477026   1.750323 -99.000000 -22.535360 -99.000000   0.000000   0.268000   0.006566   0.014000   0.045323      3
 3.3500E-04  -3.865518   3.179590 -99.000000 -99.000000  -8.318293   0.000000   0.002413   0.001460   0.014000  0.000E+00        max_dt

         35   5.477618   4789.557 -21.137493 -21.137493   2.000000   2.000000   0.718000   0.000707   0.268000  -9.337809    524      1
-5.0000E+00   5.477026   1.750286 -99.000000 -22.535361 -99.000000   0.000000   0.268000   0.006566   0.014000   0.045323      3
 3.4500E-04  -3.865517   3.176447 -99.000000 -99.000000  -8.316402   0.000000   0.002413   0.001460   0.014000  0.000E+00        max_dt

         36   5.477618   4781.347 -21.137493 -21.137493   2.000000   2.000000   0.718000   0.000707   0.268000  -9.337806    525      1
-5.0000E+00   5.477025   1.750250 -99.000000 -22.535362 -99.000000   0.000000   0.268000   0.006566   0.014000   0.045323      3
 3.5500E-04  -3.865517   3.173394 -99.000000 -99.000000  -8.314608   0.000000   0.002413   0.001460   0.014000  0.000E+00        max_dt

         37   5.477618   4773.229 -21.137494 -21.137494   2.000000   2.000000   0.718000   0.000707   0.268000  -9.337803    522      1
-5.0000E+00   5.477025   1.750215 -99.000000 -22.535362 -99.000000   0.000000   0.268000   0.006566   0.014000   0.045323      3
 3.6500E-04  -3.865516   3.170372 -99.000000 -99.000000  -8.312872   0.000000   0.002413   0.001460   0.014000  0.000E+00        max_dt

         38   5.477618   4765.361 -21.137494 -21.137494   2.000000   2.000000   0.718000   0.000707   0.268000  -9.337800    526      1
-5.0000E+00   5.477024   1.750181 -99.000000 -22.535363 -99.000000   0.000000   0.268000   0.006566   0.014000   0.045323      3
 3.7500E-04  -3.865516   3.167438 -99.000000 -99.000000  -8.311221   0.000000   0.002413   0.001460   0.014000  0.000E+00        max_dt

         39   5.477618   4757.705 -21.137495 -21.137495   2.000000   2.000000   0.718000   0.000707   0.268000  -9.337798    523      1
-5.0000E+00   5.477024   1.750148 -99.000000 -22.535363 -99.000000   0.000000   0.268000   0.006566   0.014000   0.045323      3
 3.8500E-04  -3.865515   3.164579 -99.000000 -99.000000  -8.309645   0.000000   0.002413   0.001460   0.014000  0.000E+00        max_dt


__________________________________________________________________________________________________________________________________________________

       step    lg_Tmax     Teff     lg_LH      lg_Lnuc_tot     Mass       H_rich     H_cntr     N_cntr     Y_surf   eta_cntr   zones  retry
  lg_dt_yrs    lg_Tcntr    lg_R     lg_L3a     lg_Lneu     lg_Mdot    He_core    He_cntr    O_cntr     Z_surf   gam_cntr   iters  
    age_yrs    lg_Dcntr    lg_L     lg_LZ      lg_Lphoto   lg_Dsurf   CO_core    C_cntr     Ne_cntr    Z_cntr   v_div_cs       dt_limit
__________________________________________________________________________________________________________________________________________________

         40   5.477618   4750.267 -21.137495 -21.137495   2.000000   2.000000   0.718000   0.000707   0.268000  -9.337796    522      1
-5.0000E+00   5.477024   1.750115 -99.000000 -22.535364 -99.000000   0.000000   0.268000   0.006566   0.014000   0.045323      3
 3.9500E-04  -3.865515   3.161797 -99.000000 -99.000000  -8.308140   0.000000   0.002413   0.001460   0.014000  0.000E+00        max_dt

         41   5.477618   4743.025 -21.137496 -21.137496   2.000000   2.000000   0.718000   0.000707   0.268000  -9.337794    524      1
-5.0000E+00   5.477023   1.750084 -99.000000 -22.535364 -99.000000   0.000000   0.268000   0.006566   0.014000   0.045323      3
 4.0500E-04  -3.865514   3.159083 -99.000000 -99.000000  -8.306697   0.000000   0.002413   0.001460   0.014000  0.000E+00        max_dt

         42   5.477618   4735.915 -21.137496 -21.137496   2.000000   2.000000   0.718000   0.000707   0.268000  -9.337792    521      1
-5.0000E+00   5.477023   1.750053 -99.000000 -22.535365 -99.000000   0.000000   0.268000   0.006566   0.014000   0.045323      3
 4.1500E-04  -3.865514   3.156416 -36.725659 -99.000000  -8.305303   0.000000   0.002413   0.001460   0.014000  0.000E+00        max_dt

         43   5.477618   4728.880 -21.137497 -21.137497   2.000000   2.000000   0.718000   0.000707   0.268000  -9.337790    518      1
-5.0000E+00   5.477023   1.750023 -99.000000 -22.535365 -99.000000   0.000000   0.268000   0.006566   0.014000   0.045323      3
 4.2500E-04  -3.865514   3.153774 -99.000000 -99.000000  -8.303943   0.000000   0.002413   0.001460   0.014000  0.000E+00        max_dt

         44   5.477618   4722.079 -21.137497 -21.137497   2.000000   2.000000   0.718000   0.000707   0.268000  -9.337788    522      1
-5.0000E+00   5.477023   1.749994 -99.000000 -22.535365 -99.000000   0.000000   0.268000   0.006566   0.014000   0.045324      3
 4.3500E-04  -3.865513   3.151215 -99.000000 -99.000000  -8.302646   0.000000   0.002413   0.001460   0.014000  0.000E+00        max_dt

         45   5.477618   4715.468 -21.137498 -21.137498   2.000000   2.000000   0.718000   0.000707   0.268000  -9.337787    521      1
-5.0000E+00   5.477022   1.749966 -99.000000 -22.535366 -99.000000   0.000000   0.268000   0.006566   0.014000   0.045324      3
 4.4500E-04  -3.865513   3.148724 -99.000000 -99.000000  -8.301401   0.000000   0.002413   0.001460   0.014000  0.000E+00        max_dt

         46   5.477618   4708.990 -21.137498 -21.137498   2.000000   2.000000   0.718000   0.000707   0.268000  -9.337785    523      1
-5.0000E+00   5.477022   1.749938 -99.000000 -22.535366 -99.000000   0.000000   0.268000   0.006566   0.014000   0.045324      3
 4.5500E-04  -3.865513   3.146280 -99.000000 -99.000000  -8.300197   0.000000   0.002413   0.001460   0.014000  0.000E+00        max_dt

         47   5.477618   4702.615 -21.137498 -21.137498   2.000000   2.000000   0.718000   0.000707   0.268000  -9.337784    524      1
-5.0000E+00   5.477022   1.749910 -99.000000 -22.535367 -99.000000   0.000000   0.268000   0.006566   0.014000   0.045324      3
 4.6500E-04  -3.865512   3.143872 -99.000000 -99.000000  -8.299026   0.000000   0.002413   0.001460   0.014000  0.000E+00        max_dt

         48   5.477618   4696.372 -21.137499 -21.137499   2.000000   2.000000   0.718000   0.000707   0.268000  -9.337783    523      1
-5.0000E+00   5.477022   1.749884 -99.000000 -22.535367 -99.000000   0.000000   0.268000   0.006566   0.014000   0.045324      3
 4.7500E-04  -3.865512   3.141511 -36.549568 -99.000000  -8.297894   0.000000   0.002413   0.001460   0.014000  0.000E+00        max_dt

         49   5.477618   4690.333 -21.137499 -21.137499   2.000000   2.000000   0.718000   0.000707   0.268000  -9.337782    525      1
-5.0000E+00   5.477022   1.749857 -99.000000 -22.535367 -99.000000   0.000000   0.268000   0.006566   0.014000   0.045324      3
 4.8500E-04  -3.865512   3.139223 -99.000000 -99.000000  -8.296812   0.000000   0.002413   0.001460   0.014000  0.000E+00        max_dt


__________________________________________________________________________________________________________________________________________________

       step    lg_Tmax     Teff     lg_LH      lg_Lnuc_tot     Mass       H_rich     H_cntr     N_cntr     Y_surf   eta_cntr   zones  retry
  lg_dt_yrs    lg_Tcntr    lg_R     lg_L3a     lg_Lneu     lg_Mdot    He_core    He_cntr    O_cntr     Z_surf   gam_cntr   iters  
    age_yrs    lg_Dcntr    lg_L     lg_LZ      lg_Lphoto   lg_Dsurf   CO_core    C_cntr     Ne_cntr    Z_cntr   v_div_cs       dt_limit
__________________________________________________________________________________________________________________________________________________

         50   5.477619   4684.394 -21.137500 -21.137500   2.000000   2.000000   0.718000   0.000707   0.268000  -9.337780    524      1
-5.0000E+00   5.477021   1.749832 -99.000000 -22.535368 -99.000000   0.000000   0.268000   0.006566   0.014000   0.045324      3
 4.9500E-04  -3.865512   3.136971 -99.000000 -99.000000  -8.295760   0.000000   0.002413   0.001460   0.014000  0.000E+00        max_dt

         51   5.477619   4678.553 -21.137500 -21.137500   2.000000   2.000000   0.718000   0.000707   0.268000  -9.337779    523      1
-5.0000E+00   5.477021   1.749807 -99.000000 -22.535368 -99.000000   0.000000   0.268000   0.006566   0.014000   0.045324      3
 5.0500E-04  -3.865511   3.134753 -99.000000 -99.000000  -8.294736   0.000000   0.002413   0.001460   0.014000  0.000E+00        max_dt

         52   5.477619   4672.797 -21.137500 -21.137500   2.000000   2.000000   0.718000   0.000707   0.268000  -9.337778    524      1
-5.0000E+00   5.477021   1.749782 -99.000000 -22.535368 -99.000000   0.000000   0.268000   0.006566   0.014000   0.045324      3
 5.1500E-04  -3.865511   3.132565 -99.000000 -99.000000  -8.293739   0.000000   0.002413   0.001460   0.014000  0.000E+00        max_dt

         53   5.477619   4667.101 -21.137501 -21.137501   2.000000   2.000000   0.718000   0.000707   0.268000  -9.337777    525      1
-5.0000E+00   5.477021   1.749758 -99.000000 -22.535369 -99.000000   0.000000   0.268000   0.006566   0.014000   0.045324      3
 5.2500E-04  -3.865511   3.130398 -99.000000 -99.000000  -8.292763   0.000000   0.002413   0.001460   0.014000  0.000E+00        max_dt

         54   5.477619   4661.512 -21.137501 -21.137501   2.000000   2.000000   0.718000   0.000707   0.268000  -9.337777    524      1
-5.0000E+00   5.477021   1.749734 -99.000000 -22.535369 -99.000000   0.000000   0.268000   0.006566   0.014000   0.045324      3
 5.3500E-04  -3.865511   3.128268 -99.000000 -99.000000  -8.291815   0.000000   0.002413   0.001460   0.014000  0.000E+00        max_dt

         55   5.477619   4655.941 -21.137501 -21.137501   2.000000   2.000000   0.718000   0.000707   0.268000  -9.337776    521      1
-5.0000E+00   5.477021   1.749710 -99.000000 -22.535369 -99.000000   0.000000   0.268000   0.006566   0.014000   0.045324      3
 5.4500E-04  -3.865511   3.126144 -99.000000 -99.000000  -8.290881   0.000000   0.002413   0.001460   0.014000  0.000E+00        max_dt

         56   5.477619   4650.585 -21.137502 -21.137502   2.000000   2.000000   0.718000   0.000707   0.268000  -9.337775    528      1
-5.0000E+00   5.477021   1.749687 -99.000000 -22.535370 -99.000000   0.000000   0.268000   0.006566   0.014000   0.045324      3
 5.5500E-04  -3.865510   3.124098 -99.000000 -99.000000  -8.289991   0.000000   0.002413   0.001460   0.014000  0.000E+00        max_dt

         57   5.477619   4645.381 -21.137502 -21.137502   2.000000   2.000000   0.718000   0.000707   0.268000  -9.337774    527      1
-5.0000E+00   5.477020   1.749665 -99.000000 -22.535370 -99.000000   0.000000   0.268000   0.006566   0.014000   0.045324      3
 5.6500E-04  -3.865510   3.122108 -99.000000 -99.000000  -8.289135   0.000000   0.002413   0.001460   0.014000  0.000E+00        max_dt

         58   5.477619   4640.236 -21.137502 -21.137502   2.000000   2.000000   0.718000   0.000707   0.268000  -9.337773    524      1
-5.0000E+00   5.477020   1.749643 -99.000000 -22.535370 -99.000000   0.000000   0.268000   0.006566   0.014000   0.045324      3
 5.7500E-04  -3.865510   3.120139 -99.000000 -99.000000  -8.288296   0.000000   0.002413   0.001460   0.014000  0.000E+00        max_dt

         59   5.477619   4635.069 -21.137502 -21.137502   2.000000   2.000000   0.718000   0.000707   0.268000  -9.337773    524      1
-5.0000E+00   5.477020   1.749621 -99.000000 -22.535371 -99.000000   0.000000   0.268000   0.006566   0.014000   0.045324      3
 5.8500E-04  -3.865510   3.118160 -99.000000 -99.000000  -8.287462   0.000000   0.002413   0.001460   0.014000  0.000E+00        max_dt


__________________________________________________________________________________________________________________________________________________

       step    lg_Tmax     Teff     lg_LH      lg_Lnuc_tot     Mass       H_rich     H_cntr     N_cntr     Y_surf   eta_cntr   zones  retry
  lg_dt_yrs    lg_Tcntr    lg_R     lg_L3a     lg_Lneu     lg_Mdot    He_core    He_cntr    O_cntr     Z_surf   gam_cntr   iters  
    age_yrs    lg_Dcntr    lg_L     lg_LZ      lg_Lphoto   lg_Dsurf   CO_core    C_cntr     Ne_cntr    Z_cntr   v_div_cs       dt_limit
__________________________________________________________________________________________________________________________________________________

         60   5.477619   4629.996 -21.137503 -21.137503   2.000000   2.000000   0.718000   0.000707   0.268000  -9.337772    523      1
-5.0000E+00   5.477020   1.749599 -99.000000 -22.535371 -99.000000   0.000000   0.268000   0.006566   0.014000   0.045324      3
 5.9500E-04  -3.865510   3.116214 -99.000000 -99.000000  -8.286650   0.000000   0.002413   0.001460   0.014000  0.000E+00        max_dt

         61   5.477619   4625.037 -21.137503 -21.137503   2.000000   2.000000   0.718000   0.000707   0.268000  -9.337772    522      1
-5.0000E+00   5.477020   1.749578 -99.000000 -22.535371 -99.000000   0.000000   0.268000   0.006566   0.014000   0.045324      3
 6.0500E-04  -3.865510   3.114310 -99.000000 -99.000000  -8.285863   0.000000   0.002413   0.001460   0.014000  0.000E+00        max_dt

         62   5.477619   4620.182 -21.137503 -21.137503   2.000000   2.000000   0.718000   0.000707   0.268000  -9.337771    524      1
-5.0000E+00   5.477020   1.749557 -99.000000 -22.535371 -99.000000   0.000000   0.268000   0.006566   0.014000   0.045324      3
 6.1500E-04  -3.865510   3.112444 -99.000000 -99.000000  -8.285099   0.000000   0.002413   0.001460   0.014000  0.000E+00        max_dt

         63   5.477619   4615.391 -21.137504 -21.137504   2.000000   2.000000   0.718000   0.000707   0.268000  -9.337770    524      1
-5.0000E+00   5.477020   1.749536 -99.000000 -22.535372 -99.000000   0.000000   0.268000   0.006566   0.014000   0.045324      3
 6.2500E-04  -3.865509   3.110601 -99.000000 -99.000000  -8.284352   0.000000   0.002413   0.001460   0.014000  0.000E+00        max_dt

         64   5.477619   4610.671 -21.137504 -21.137504   2.000000   2.000000   0.718000   0.000707   0.268000  -9.337770    523      1
-5.0000E+00   5.477020   1.749516 -99.000000 -22.535372 -99.000000   0.000000   0.268000   0.006566   0.014000   0.045324      3
 6.3500E-04  -3.865509   3.108783 -99.000000 -99.000000  -8.283621   0.000000   0.002413   0.001460   0.014000  0.000E+00        max_dt

         65   5.477619   4606.030 -21.137504 -21.137504   2.000000   2.000000   0.718000   0.000707   0.268000  -9.337769    525      1
-5.0000E+00   5.477020   1.749496 -99.000000 -22.535372 -99.000000   0.000000   0.268000   0.006566   0.014000   0.045324      3
 6.4500E-04  -3.865509   3.106993 -99.000000 -99.000000  -8.282908   0.000000   0.002413   0.001460   0.014000  0.000E+00        max_dt

         66   5.477619   4601.468 -21.137504 -21.137504   2.000000   2.000000   0.718000   0.000707   0.268000  -9.337769    524      1
-5.0000E+00   5.477020   1.749477 -99.000000 -22.535372 -99.000000   0.000000   0.268000   0.006566   0.014000   0.045324      3
 6.5500E-04  -3.865509   3.105233 -99.000000 -99.000000  -8.282212   0.000000   0.002413   0.001460   0.014000  0.000E+00        max_dt

         67   5.477619   4596.981 -21.137505 -21.137505   2.000000   2.000000   0.718000   0.000707   0.268000  -9.337769    523      1
-5.0000E+00   5.477020   1.749457 -99.000000 -22.535373 -99.000000   0.000000   0.268000   0.006566   0.014000   0.045324      3
 6.6500E-04  -3.865509   3.103499 -99.000000 -99.000000  -8.281533   0.000000   0.002413   0.001460   0.014000  0.000E+00        max_dt

         68   5.477619   4592.505 -21.137505 -21.137505   2.000000   2.000000   0.718000   0.000707   0.268000  -9.337768    524      1
-5.0000E+00   5.477020   1.749438 -99.000000 -22.535373 -99.000000   0.000000   0.268000   0.006566   0.014000   0.045324      3
 6.7500E-04  -3.865509   3.101769 -99.000000 -99.000000  -8.280860   0.000000   0.002413   0.001460   0.014000  0.000E+00        max_dt

         69   5.477619   4588.118 -21.137505 -21.137505   2.000000   2.000000   0.718000   0.000707   0.268000  -9.337768    523      1
-5.0000E+00   5.477020   1.749419 -99.000000 -22.535373 -99.000000   0.000000   0.268000   0.006566   0.014000   0.045324      3
 6.8500E-04  -3.865509   3.100071 -99.000000 -99.000000  -8.280205   0.000000   0.002413   0.001460   0.014000  0.000E+00        max_dt


__________________________________________________________________________________________________________________________________________________

       step    lg_Tmax     Teff     lg_LH      lg_Lnuc_tot     Mass       H_rich     H_cntr     N_cntr     Y_surf   eta_cntr   zones  retry
  lg_dt_yrs    lg_Tcntr    lg_R     lg_L3a     lg_Lneu     lg_Mdot    He_core    He_cntr    O_cntr     Z_surf   gam_cntr   iters  
    age_yrs    lg_Dcntr    lg_L     lg_LZ      lg_Lphoto   lg_Dsurf   CO_core    C_cntr     Ne_cntr    Z_cntr   v_div_cs       dt_limit
__________________________________________________________________________________________________________________________________________________

         70   5.477619   4583.776 -21.137505 -21.137505   2.000000   2.000000   0.718000   0.000707   0.268000  -9.337767    521      1
-5.0000E+00   5.477020   1.749401 -99.000000 -22.535373 -99.000000   0.000000   0.268000   0.006566   0.014000   0.045324      3
 6.9500E-04  -3.865509   3.098389 -99.000000 -99.000000  -8.279561   0.000000   0.002413   0.001460   0.014000  0.000E+00        max_dt

         71   5.477619   4579.590 -21.137506 -21.137506   2.000000   2.000000   0.718000   0.000707   0.268000  -9.337767    525      1
-5.0000E+00   5.477019   1.749383 -99.000000 -22.535374 -99.000000   0.000000   0.268000   0.006566   0.014000   0.045324      3
 7.0500E-04  -3.865509   3.096765 -99.000000 -99.000000  -8.278944   0.000000   0.002413   0.001460   0.014000  0.000E+00        max_dt

         72   5.477619   4575.518 -21.137506 -21.137506   2.000000   2.000000   0.718000   0.000707   0.268000  -9.337767    524      1
-5.0000E+00   5.477019   1.749365 -99.000000 -22.535374 -99.000000   0.000000   0.268000   0.006566   0.014000   0.045324      3
 7.1500E-04  -3.865508   3.095184 -99.000000 -99.000000  -8.278346   0.000000   0.002413   0.001460   0.014000  0.000E+00        max_dt

         73   5.477619   4571.500 -21.137506 -21.137506   2.000000   2.000000   0.718000   0.000707   0.268000  -9.337766    523      1
-5.0000E+00   5.477019   1.749347 -99.000000 -22.535374 -99.000000   0.000000   0.268000   0.006566   0.014000   0.045324      3
 7.2500E-04  -3.865508   3.093623 -99.000000 -99.000000  -8.277761   0.000000   0.002413   0.001460   0.014000  0.000E+00        max_dt

         74   5.477619   4567.518 -21.137506 -21.137506   2.000000   2.000000   0.718000   0.000707   0.268000  -9.337766    525      1
-5.0000E+00   5.477019   1.749329 -99.000000 -22.535374 -99.000000   0.000000   0.268000   0.006566   0.014000   0.045324      3
 7.3500E-04  -3.865508   3.092074 -99.000000 -99.000000  -8.277183   0.000000   0.002413   0.001460   0.014000  0.000E+00        max_dt

         75   5.477619   4563.571 -21.137506 -21.137506   2.000000   2.000000   0.718000   0.000707   0.268000  -9.337766    525      1
-5.0000E+00   5.477019   1.749312 -99.000000 -22.535375 -99.000000   0.000000   0.268000   0.006566   0.014000   0.045324      3
 7.4500E-04  -3.865508   3.090537 -99.000000 -99.000000  -8.276613   0.000000   0.002413   0.001460   0.014000  0.000E+00        max_dt

         76   5.477619   4559.659 -21.137507 -21.137507   2.000000   2.000000   0.718000   0.000707   0.268000  -9.337765    524      1
-5.0000E+00   5.477019   1.749295 -99.000000 -22.535375 -99.000000   0.000000   0.268000   0.006566   0.014000   0.045324      3
 7.5500E-04  -3.865508   3.089013 -37.026689 -99.000000  -8.276052   0.000000   0.002413   0.001460   0.014000  0.000E+00        max_dt

         77   5.477619   4555.774 -21.137507 -21.137507   2.000000   2.000000   0.718000   0.000707   0.268000  -9.337765    525      1
-5.0000E+00   5.477019   1.749278 -99.000000 -22.535375 -99.000000   0.000000   0.268000   0.006566   0.014000   0.045324      3
 7.6500E-04  -3.865508   3.087498 -36.725659 -99.000000  -8.275497   0.000000   0.002413   0.001460   0.014000  0.000E+00        max_dt

         78   5.477619   4551.904 -21.137507 -21.137507   2.000000   2.000000   0.718000   0.000707   0.268000  -9.337765    523      1
-5.0000E+00   5.477019   1.749261 -99.000000 -22.535375 -99.000000   0.000000   0.268000   0.006566   0.014000   0.045324      3
 7.7500E-04  -3.865508   3.085988 -99.000000 -99.000000  -8.274947   0.000000   0.002413   0.001460   0.014000  0.000E+00        max_dt

         79   5.477619   4548.090 -21.137507 -21.137507   2.000000   2.000000   0.718000   0.000707   0.268000  -9.337764    522      1
-5.0000E+00   5.477019   1.749244 -99.000000 -22.535375 -99.000000   0.000000   0.268000   0.006566   0.014000   0.045324      3
 7.8500E-04  -3.865508   3.084499 -99.000000 -99.000000  -8.274408   0.000000   0.002413   0.001460   0.014000  0.000E+00        max_dt


__________________________________________________________________________________________________________________________________________________

       step    lg_Tmax     Teff     lg_LH      lg_Lnuc_tot     Mass       H_rich     H_cntr     N_cntr     Y_surf   eta_cntr   zones  retry
  lg_dt_yrs    lg_Tcntr    lg_R     lg_L3a     lg_Lneu     lg_Mdot    He_core    He_cntr    O_cntr     Z_surf   gam_cntr   iters  
    age_yrs    lg_Dcntr    lg_L     lg_LZ      lg_Lphoto   lg_Dsurf   CO_core    C_cntr     Ne_cntr    Z_cntr   v_div_cs       dt_limit
__________________________________________________________________________________________________________________________________________________

         80   5.477619   4544.342 -21.137508 -21.137508   2.000000   2.000000   0.718000   0.000707   0.268000  -9.337764    525      1
-5.0000E+00   5.477019   1.749228 -99.000000 -22.535376 -99.000000   0.000000   0.268000   0.006566   0.014000   0.045324      3
 7.9500E-04  -3.865508   3.083034 -99.000000 -99.000000  -8.273880   0.000000   0.002413   0.001460   0.014000  0.000E+00        max_dt

         81   5.477619   4540.650 -21.137508 -21.137508   2.000000   2.000000   0.718000   0.000707   0.268000  -9.337764    524      1
-5.0000E+00   5.477019   1.749212 -99.000000 -22.535376 -99.000000   0.000000   0.268000   0.006566   0.014000   0.045324      3
 8.0500E-04  -3.865508   3.081590 -99.000000 -99.000000  -8.273362   0.000000   0.002413   0.001460   0.014000  0.000E+00        max_dt

         82   5.477619   4536.984 -21.137508 -21.137508   2.000000   2.000000   0.718000   0.000707   0.268000  -9.337764    522      1
-5.0000E+00   5.477019   1.749196 -99.000000 -22.535376 -99.000000   0.000000   0.268000   0.006566   0.014000   0.045324      3
 8.1500E-04  -3.865508   3.080154 -99.000000 -99.000000  -8.272850   0.000000   0.002413   0.001460   0.014000  0.000E+00        max_dt

         83   5.477619   4533.297 -21.137508 -21.137508   2.000000   2.000000   0.718000   0.000707   0.268000  -9.337763    521      1
-5.0000E+00   5.477019   1.749180 -99.000000 -22.535376 -99.000000   0.000000   0.268000   0.006566   0.014000   0.045324      3
 8.2500E-04  -3.865508   3.078710 -99.000000 -99.000000  -8.272337   0.000000   0.002413   0.001460   0.014000  0.000E+00        max_dt

         84   5.477619   4529.677 -21.137508 -21.137508   2.000000   2.000000   0.718000   0.000707   0.268000  -9.337763    520      1
-5.0000E+00   5.477019   1.749164 -99.000000 -22.535376 -99.000000   0.000000   0.268000   0.006566   0.014000   0.045324      3
 8.3500E-04  -3.865508   3.077291 -99.000000 -99.000000  -8.271835   0.000000   0.002413   0.001460   0.014000  0.000E+00        max_dt

         85   5.477619   4526.137 -21.137509 -21.137509   2.000000   2.000000   0.718000   0.000707   0.268000  -9.337763    520      1
-5.0000E+00   5.477019   1.749149 -99.000000 -22.535377 -99.000000   0.000000   0.268000   0.006566   0.014000   0.045324      3
 8.4500E-04  -3.865508   3.075902 -99.000000 -99.000000  -8.271345   0.000000   0.002413   0.001460   0.014000  0.000E+00        max_dt

         86   5.477619   4522.662 -21.137509 -21.137509   2.000000   2.000000   0.718000   0.000707   0.268000  -9.337763    522      1
-5.0000E+00   5.477019   1.749133 -99.000000 -22.535377 -99.000000   0.000000   0.268000   0.006566   0.014000   0.045324      3
 8.5500E-04  -3.865508   3.074537 -99.000000 -99.000000  -8.270866   0.000000   0.002413   0.001460   0.014000  0.000E+00        max_dt

         87   5.477619   4519.243 -21.137509 -21.137509   2.000000   2.000000   0.718000   0.000707   0.268000  -9.337763    521      1
-5.0000E+00   5.477019   1.749118 -99.000000 -22.535377 -99.000000   0.000000   0.268000   0.006566   0.014000   0.045324      3
 8.6500E-04  -3.865507   3.073193 -99.000000 -99.000000  -8.270396   0.000000   0.002413   0.001460   0.014000  0.000E+00        max_dt

         88   5.477619   4515.874 -21.137509 -21.137509   2.000000   2.000000   0.718000   0.000707   0.268000  -9.337762    520      1
-5.0000E+00   5.477019   1.749103 -99.000000 -22.535377 -99.000000   0.000000   0.268000   0.006566   0.014000   0.045324      3
 8.7500E-04  -3.865507   3.071868 -99.000000 -99.000000  -8.269935   0.000000   0.002413   0.001460   0.014000  0.000E+00        max_dt

         89   5.477619   4512.552 -21.137509 -21.137509   2.000000   2.000000   0.718000   0.000707   0.268000  -9.337762    522      1
-5.0000E+00   5.477019   1.749088 -99.000000 -22.535377 -99.000000   0.000000   0.268000   0.006566   0.014000   0.045324      3
 8.8500E-04  -3.865507   3.070560 -99.000000 -99.000000  -8.269480   0.000000   0.002413   0.001460   0.014000  0.000E+00        max_dt


__________________________________________________________________________________________________________________________________________________

       step    lg_Tmax     Teff     lg_LH      lg_Lnuc_tot     Mass       H_rich     H_cntr     N_cntr     Y_surf   eta_cntr   zones  retry
  lg_dt_yrs    lg_Tcntr    lg_R     lg_L3a     lg_Lneu     lg_Mdot    He_core    He_cntr    O_cntr     Z_surf   gam_cntr   iters  
    age_yrs    lg_Dcntr    lg_L     lg_LZ      lg_Lphoto   lg_Dsurf   CO_core    C_cntr     Ne_cntr    Z_cntr   v_div_cs       dt_limit
__________________________________________________________________________________________________________________________________________________

         90   5.477619   4509.272 -21.137509 -21.137509   2.000000   2.000000   0.718000   0.000707   0.268000  -9.337762    522      1
-5.0000E+00   5.477019   1.749074 -99.000000 -22.535378 -99.000000   0.000000   0.268000   0.006566   0.014000   0.045324      3
 8.9500E-04  -3.865507   3.069267 -99.000000 -99.000000  -8.269033   0.000000   0.002413   0.001460   0.014000  0.000E+00        max_dt

         91   5.477619   4506.028 -21.137510 -21.137510   2.000000   2.000000   0.718000   0.000707   0.268000  -9.337762    521      1
-5.0000E+00   5.477019   1.749059 -99.000000 -22.535378 -99.000000   0.000000   0.268000   0.006566   0.014000   0.045324      3
 9.0500E-04  -3.865507   3.067988 -99.000000 -99.000000  -8.268591   0.000000   0.002413   0.001460   0.014000  0.000E+00        max_dt

         92   5.477619   4502.821 -21.137510 -21.137510   2.000000   2.000000   0.718000   0.000707   0.268000  -9.337762    523      1
-5.0000E+00   5.477019   1.749045 -99.000000 -22.535378 -99.000000   0.000000   0.268000   0.006566   0.014000   0.045324      3
 9.1500E-04  -3.865507   3.066722 -99.000000 -99.000000  -8.268156   0.000000   0.002413   0.001460   0.014000  0.000E+00        max_dt

         93   5.477619   4499.653 -21.137510 -21.137510   2.000000   2.000000   0.718000   0.000707   0.268000  -9.337761    522      1
-5.0000E+00   5.477019   1.749031 -99.000000 -22.535378 -99.000000   0.000000   0.268000   0.006566   0.014000   0.045324      3
 9.2500E-04  -3.865507   3.065471 -99.000000 -99.000000  -8.267726   0.000000   0.002413   0.001460   0.014000  0.000E+00        max_dt

         94   5.477619   4496.466 -21.137510 -21.137510   2.000000   2.000000   0.718000   0.000707   0.268000  -9.337761    519      1
-5.0000E+00   5.477019   1.749016 -99.000000 -22.535378 -99.000000   0.000000   0.268000   0.006566   0.014000   0.045324      3
 9.3500E-04  -3.865507   3.064212 -99.000000 -99.000000  -8.267295   0.000000   0.002413   0.001460   0.014000  0.000E+00        max_dt

         95   5.477619   4493.300 -21.137510 -21.137510   2.000000   2.000000   0.718000   0.000707   0.268000  -9.337761    521      1
-5.0000E+00   5.477019   1.749002 -99.000000 -22.535378 -99.000000   0.000000   0.268000   0.006566   0.014000   0.045324      3
 9.4500E-04  -3.865507   3.062960 -99.000000 -99.000000  -8.266867   0.000000   0.002413   0.001460   0.014000  0.000E+00        max_dt

         96   5.477619   4490.184 -21.137510 -21.137510   2.000000   2.000000   0.718000   0.000707   0.268000  -9.337761    520      1
-5.0000E+00   5.477019   1.748988 -99.000000 -22.535379 -99.000000   0.000000   0.268000   0.006566   0.014000   0.045324      3
 9.5500E-04  -3.865507   3.061727 -99.000000 -99.000000  -8.266447   0.000000   0.002413   0.001460   0.014000  0.000E+00        max_dt

         97   5.477619   4487.123 -21.137511 -21.137511   2.000000   2.000000   0.718000   0.000707   0.268000  -9.337761    519      1
-5.0000E+00   5.477019   1.748975 -99.000000 -22.535379 -99.000000   0.000000   0.268000   0.006566   0.014000   0.045324      3
 9.6500E-04  -3.865507   3.060515 -37.026689 -99.000000  -8.266034   0.000000   0.002413   0.001460   0.014000  0.000E+00        max_dt

         98   5.477619   4484.133 -21.137511 -21.137511   2.000000   2.000000   0.718000   0.000707   0.268000  -9.337761    523      1
-5.0000E+00   5.477019   1.748961 -99.000000 -22.535379 -99.000000   0.000000   0.268000   0.006566   0.014000   0.045324      3
 9.7500E-04  -3.865507   3.059330 -37.026689 -99.000000  -8.265632   0.000000   0.002413   0.001460   0.014000  0.000E+00        max_dt

         99   5.477619   4481.192 -21.137511 -21.137511   2.000000   2.000000   0.718000   0.000707   0.268000  -9.337761    522      1
-5.0000E+00   5.477019   1.748948 -99.000000 -22.535379 -99.000000   0.000000   0.268000   0.006566   0.014000   0.045324      3
 9.8500E-04  -3.865507   3.058163 -99.000000 -99.000000  -8.265236   0.000000   0.002413   0.001460   0.014000  0.000E+00        max_dt


__________________________________________________________________________________________________________________________________________________

       step    lg_Tmax     Teff     lg_LH      lg_Lnuc_tot     Mass       H_rich     H_cntr     N_cntr     Y_surf   eta_cntr   zones  retry
  lg_dt_yrs    lg_Tcntr    lg_R     lg_L3a     lg_Lneu     lg_Mdot    He_core    He_cntr    O_cntr     Z_surf   gam_cntr   iters  
    age_yrs    lg_Dcntr    lg_L     lg_LZ      lg_Lphoto   lg_Dsurf   CO_core    C_cntr     Ne_cntr    Z_cntr   v_div_cs       dt_limit
__________________________________________________________________________________________________________________________________________________

        100   5.477619   4478.283 -21.137511 -21.137511   2.000000   2.000000   0.718000   0.000707   0.268000  -9.337760    521      1
-5.0000E+00   5.477019   1.748934 -99.000000 -22.535379 -99.000000   0.000000   0.268000   0.006566   0.014000   0.045324      3
 9.9500E-04  -3.865507   3.057008 -99.000000 -99.000000  -8.264845   0.000000   0.002413   0.001460   0.014000  0.000E+00        max_dt


 finished doing relax num steps


                                relax_to_radiative_core

          1   5.477619   4475.404 -21.137511 -21.137511   2.000000   2.000000   0.718000   0.000707   0.268000  -9.337760    523      0
-5.0000E+00   5.477019   1.748921 -99.000000 -22.535379 -99.000000   0.000000   0.268000   0.006566   0.014000   0.045324      3
 1.0000E-05  -3.865507   3.055865 -36.725659 -99.000000  -8.264458   0.000000   0.002413   0.001460   0.014000  0.000E+00        max_dt

           waiting for fully convective core to develop           1    1.5077905021227705D-01
          2   5.477619   4469.738 -21.137512 -21.137512   2.000000   2.000000   0.718000   0.000707   0.268000  -9.337760    521      0
-4.6990E+00   5.477019   1.748895 -99.000000 -22.535380 -99.000000   0.000000   0.268000   0.006566   0.014000   0.045324      3
 3.0000E-05  -3.865507   3.053612 -99.000000 -99.000000  -8.263698   0.000000   0.002413   0.001460   0.014000  0.000E+00  max increase

           waiting for fully convective core to develop           2    1.5077905009925885D-01
          3   5.477619   4458.968 -21.137512 -21.137512   2.000000   2.000000   0.718000   0.000707   0.268000  -9.337760    524      0
-4.3979E+00   5.477019   1.748844 -99.000000 -22.535380 -99.000000   0.000000   0.268000   0.006566   0.014000   0.045324      3
 7.0000E-05  -3.865507   3.049320 -99.000000 -99.000000  -8.262251   0.000000   0.002413   0.001460   0.014000  0.000E+00  max increase

           waiting for fully convective core to develop           3    1.5077904987567695D-01
          4   5.477619   4438.552 -21.137513 -21.137513   2.000000   2.000000   0.718000   0.000707   0.268000  -9.337759    524      0
-4.0969E+00   5.477019   1.748748 -99.000000 -22.535381 -99.000000   0.000000   0.268000   0.006566   0.014000   0.045324      3
 1.5000E-04  -3.865506   3.041154 -99.000000 -99.000000  -8.259504   0.000000   0.002413   0.001460   0.014000  0.000E+00  max increase

           waiting for fully convective core to develop           4    1.5077904943628651D-01
          5   5.477620   4402.919 -21.137515 -21.137515   2.000000   2.000000   0.718000   0.000707   0.268000  -9.337758    524      0
-3.7959E+00   5.477019   1.748572 -99.000000 -22.535383 -99.000000   0.000000   0.268000   0.006566   0.014000   0.045324      3
 3.1000E-04  -3.865506   3.026800 -99.000000 -99.000000  -8.254640   0.000000   0.002413   0.001460   0.014000  0.000E+00  max increase

           waiting for fully convective core to develop           5    1.5077904858564437D-01
          6   5.477620   4345.689 -21.137517 -21.137517   2.000000   2.000000   0.718000   0.000707   0.268000  -9.337757    518      0
-3.4949E+00   5.477019   1.748272 -99.000000 -22.535385 -99.000000   0.000000   0.268000   0.006566   0.014000   0.045324      3
 6.3000E-04  -3.865506   3.003473 -99.000000 -99.000000  -8.246454   0.000000   0.002413   0.001460   0.014000  0.000E+00  max increase

           waiting for fully convective core to develop           6    1.5077904697939074D-01
          7   5.477620   4265.680 -21.137520 -21.137520   2.000000   2.000000   0.718000   0.000707   0.268000  -9.337756    525      0
-3.1938E+00   5.477019   1.747807 -99.000000 -22.535388 -99.000000   0.000000   0.268000   0.006566   0.014000   0.045324      3
 1.2700E-03  -3.865505   2.970261 -99.000000 -99.000000  -8.233701   0.000000   0.002413   0.001460   0.014000  0.000E+00  max increase

           waiting for fully convective core to develop           7    1.5077904403946057D-01
          8   5.477621   4170.235 -21.137522 -21.137522   2.000000   2.000000   0.718000   0.000707   0.268000  -9.337755    526      0
-2.8928E+00   5.477019   1.747161 -99.000000 -22.535390 -99.000000   0.000000   0.268000   0.006566   0.014000   0.045324      3
 2.5500E-03  -3.865504   2.929659 -99.000000 -99.000000  -8.215633   0.000000   0.002413   0.001460   0.014000  0.000E+00  max increase

           waiting for fully convective core to develop           8    1.4433453830897841D-01
          9   5.477619   4073.985 -21.137519 -21.137519   2.000000   2.000000   0.718000   0.000707   0.268000  -9.337754    519      0
-2.5918E+00   5.477020   1.746356 -99.000000 -22.535388 -99.000000   0.000000   0.268000   0.006566   0.014000   0.045324      3
 5.1100E-03  -3.865503   2.887483 -99.000000 -99.000000  -8.191789   0.000000   0.002413   0.001460   0.014000  0.000E+00  max increase

           waiting for fully convective core to develop           9    1.4433310225170562D-01

__________________________________________________________________________________________________________________________________________________

       step    lg_Tmax     Teff     lg_LH      lg_Lnuc_tot     Mass       H_rich     H_cntr     N_cntr     Y_surf   eta_cntr   zones  retry
  lg_dt_yrs    lg_Tcntr    lg_R     lg_L3a     lg_Lneu     lg_Mdot    He_core    He_cntr    O_cntr     Z_surf   gam_cntr   iters  
    age_yrs    lg_Dcntr    lg_L     lg_LZ      lg_Lphoto   lg_Dsurf   CO_core    C_cntr     Ne_cntr    Z_cntr   v_div_cs       dt_limit
__________________________________________________________________________________________________________________________________________________

         10   5.477611   3991.235 -21.137510 -21.137510   2.000000   2.000000   0.718000   0.000707   0.268000  -9.337754    525      0
-2.2907E+00   5.477021   1.745441 -99.000000 -22.535378 -99.000000   0.000000   0.268000   0.006566   0.014000   0.045324      3
 1.0230E-02  -3.865501   2.850005 -99.000000 -99.000000  -8.162970   0.000000   0.002413   0.001460   0.014000  0.000E+00  max increase

           waiting for fully convective core to develop          10    1.4433302547243898D-01
         11   5.477607   3929.115 -21.137486 -21.137486   2.000000   2.000000   0.718000   0.000707   0.268000  -9.337754    520      0
-1.9897E+00   5.477022   1.744501 -99.000000 -22.535354 -99.000000   0.000000   0.268000   0.006566   0.014000   0.045324      3
 2.0470E-02  -3.865499   2.820875 -99.000000 -99.000000  -8.133917   0.000000   0.002413   0.001460   0.014000  0.000E+00  max increase

           waiting for fully convective core to develop          11    1.3791848446754013D-01
         12   5.477607   3888.145 -21.137433 -21.137433   2.000000   2.000000   0.718000   0.000707   0.268000  -9.337754    517      0
-1.6887E+00   5.477025   1.743629 -99.000000 -22.535301 -99.000000   0.000000   0.268000   0.006566   0.014000   0.045324      3
 4.0950E-02  -3.865494   2.800922 -99.000000 -99.000000  -8.111101   0.000000   0.002413   0.001460   0.014000  0.000E+00  max increase

           waiting for fully convective core to develop          12    1.3153903177360429D-01
         13   5.477613   3864.413 -21.137305 -21.137305   2.000000   2.000000   0.718000   0.000707   0.268000  -9.337753    520      0
-1.3876E+00   5.477032   1.742894 -99.000000 -22.535174 -99.000000   0.000000   0.268000   0.006566   0.014000   0.045324      3
 8.1910E-02  -3.865484   2.788816 -99.000000 -99.000000  -8.096560   0.000000   0.002413   0.001460   0.014000  0.000E+00  max increase

           waiting for fully convective core to develop          13    1.2502071317820457D-01
         14   5.477629   3852.887 -21.136997 -21.136997   2.000000   2.000000   0.718000   0.000707   0.268000  -9.337752    519      0
-1.0866E+00   5.477048   1.742329 -99.000000 -22.534865 -99.000000   0.000000   0.268000   0.006566   0.014000   0.045323      3
 1.6383E-01  -3.865458   2.782497 -99.000000 -99.000000  -8.089003   0.000000   0.002413   0.001460   0.014000  0.000E+00  max increase

           waiting for fully convective core to develop          14    1.1265347978601997D-01
         15   5.477667   3848.331 -21.136281 -21.136281   2.000000   2.000000   0.718000   0.000707   0.268000  -9.337749    521      0
-7.8558E-01   5.477087   1.741927 -99.000000 -22.534149 -99.000000   0.000000   0.268000   0.006566   0.014000   0.045321      3
 3.2767E-01  -3.865400   2.779637 -99.000000 -99.000000  -8.085755   0.000000   0.002413   0.001460   0.014000  0.000E+00  max increase

           waiting for fully convective core to develop          15    9.6343137681350194D-02
         16   5.477758   3846.955 -21.134625 -21.134625   2.000000   2.000000   0.718000   0.000707   0.268000  -9.337742    521      0
-4.8455E-01   5.477178   1.741633 -99.000000 -22.532493 -99.000000   0.000000   0.268000   0.006566   0.014000   0.045316      3
 6.5535E-01  -3.865260   2.778428 -99.000000 -99.000000  -8.084558   0.000000   0.002413   0.001460   0.014000  0.000E+00  max increase

           waiting for fully convective core to develop          16    7.7223483964615439D-02
         17   5.477970   3846.763 -21.130963 -21.130963   2.000000   2.000000   0.718000   0.000707   0.268000  -9.337726    521      0
-1.8352E-01   5.477390   1.741359 -99.000000 -22.528831 -99.000000   0.000000   0.268000   0.006566   0.014000   0.045305      3
 1.3107E+00  -3.864935   2.777794 -99.000000 -99.000000  -8.084104   0.000000   0.002413   0.001460   0.014000  0.000E+00  max increase

           waiting for fully convective core to develop          17    5.9697103437514387D-02
         18   5.478433   3847.061 -21.123573 -21.123573   2.000000   2.000000   0.718000   0.000707   0.268000  -9.337691    521      0
 1.1751E-01   5.477854   1.740974 -99.000000 -22.521441 -99.000000   0.000000   0.268000   0.006566   0.014000   0.045282      3
 2.6214E+00  -3.864225   2.777158 -99.000000 -99.000000  -8.083812   0.000000   0.002413   0.001460   0.014000  0.000E+00  max increase

           waiting for fully convective core to develop          18    4.3640135003707378D-02
         19   5.479396   3847.802 -21.109540 -21.109540   2.000000   2.000000   0.718000   0.000707   0.268000  -9.337620    521      0
 4.1854E-01   5.478818   1.740272 -99.000000 -22.507408 -99.000000   0.000000   0.268000   0.006566   0.014000   0.045232      3
 5.2429E+00  -3.862748   2.776089 -99.000000 -99.000000  -8.083398   0.000000   0.002413   0.001460   0.014000  0.000E+00  max increase

           waiting for fully convective core to develop          19    2.9041202094617528D-02

__________________________________________________________________________________________________________________________________________________

       step    lg_Tmax     Teff     lg_LH      lg_Lnuc_tot     Mass       H_rich     H_cntr     N_cntr     Y_surf   eta_cntr   zones  retry
  lg_dt_yrs    lg_Tcntr    lg_R     lg_L3a     lg_Lneu     lg_Mdot    He_core    He_cntr    O_cntr     Z_surf   gam_cntr   iters  
    age_yrs    lg_Dcntr    lg_L     lg_LZ      lg_Lphoto   lg_Dsurf   CO_core    C_cntr     Ne_cntr    Z_cntr   v_div_cs       dt_limit
__________________________________________________________________________________________________________________________________________________

         20   5.481454   3849.286 -21.086559 -21.086559   2.000000   2.000000   0.718000   0.000707   0.268000  -9.337466    521      0
 7.1957E-01   5.480879   1.738916 -99.000000 -22.484427 -99.000000   0.000000   0.268000   0.006566   0.014000   0.045127      3
 1.0486E+01  -3.859592   2.774046 -99.000000 -99.000000  -8.082631   0.000000   0.002413   0.001460   0.014000  0.000E+00  max increase

           waiting for fully convective core to develop          20    1.1464302345125020D-02
         21   5.484842   3852.215 -21.037444 -21.037444   2.000000   2.000000   0.718000   0.000707   0.268000  -9.337167    521      0
 1.0206E+00   5.484842   1.736228 -99.000000 -22.435312 -99.000000   0.000000   0.268000   0.006566   0.014000   0.044926      3
 2.0972E+01  -3.853523   2.769991 -99.000000 -99.000000  -8.081099   0.000000   0.002413   0.001460   0.014000  0.000E+00  max increase

           waiting for fully convective core to develop          21    2.4272115813669346D-04
         22   5.488698   3857.913 -20.942039 -20.942039   2.000000   2.000000   0.718000   0.000707   0.268000  -9.314373    521      0
 1.3216E+00   5.488698   1.731009 -99.000000 -22.339907 -99.000000   0.000000   0.268000   0.006566   0.014000   0.045068      3
 4.1943E+01  -3.837841   2.762122 -99.000000 -99.000000  -8.078117   0.000000   0.002413   0.001460   0.014000  0.000E+00  max increase

           waiting for fully convective core to develop          22    1.3485871486206266D-05
         23   5.497990   3868.588 -20.762435 -20.762435   2.000000   2.000000   0.718000   0.000707   0.268000  -9.282998    517      0
 1.6227E+00   5.497990   1.721153 -99.000000 -22.160304 -99.000000   0.000000   0.268000   0.006566   0.014000   0.045057      3
 8.3886E+01  -3.810284   2.747210 -99.000000 -99.000000  -8.072377   0.000000   0.002413   0.001460   0.014000  0.000E+00  max increase

             relative mass of radiative core still tiny          23    7.8132197101066225D-08
         24   5.511746   3884.529 -20.498304 -20.498304   2.000000   2.000000   0.718000   0.000707   0.268000  -9.236482    527      0
 1.8296E+00   5.511746   1.706567 -99.000000 -21.896172 -99.000000   0.000000   0.268000   0.006566   0.014000   0.045042      3
 1.5144E+02  -3.769459   2.725181 -99.000000 -99.000000  -8.063821   0.000000   0.002413   0.001460   0.014000  0.000E+00    varcontrol

             relative mass of radiative core still tiny          24    7.8132196656977015D-08
         25   5.528247   3904.000 -20.184327 -20.184327   2.000000   2.000000   0.718000   0.000707   0.268000  -9.180568    522      0
 1.9524E+00   5.528247   1.689075 -99.000000 -21.582196 -99.000000   0.000000   0.268000   0.006566   0.014000   0.045025      3
 2.4105E+02  -3.720437   2.698883 -35.822569 -99.000000  -8.053495   0.000000   0.002413   0.001460   0.014000  0.000E+00    varcontrol

             relative mass of radiative core still tiny          25    7.8132197323110830D-08
         26   5.546117   3925.217 -19.847935 -19.847935   2.000000   2.000000   0.718000   0.000707   0.268000  -9.119880    527      0
 2.0342E+00   5.546117   1.670141 -99.000000 -21.245803 -99.000000   0.000000   0.268000   0.006566   0.014000   0.045009      3
 3.4924E+02  -3.667289   2.670431 -99.000000 -99.000000  -8.042011   0.000000   0.002413   0.001460   0.014000  0.000E+00    varcontrol

             relative mass of radiative core still tiny          26    7.8132196656977015D-08
         27   5.564577   3945.907 -19.504443 -19.504443   2.000000   2.000000   0.718000   0.000707   0.268000  -9.057048    519      0
 2.0976E+00   5.564577   1.650597 -99.000000 -20.902312 -99.000000   0.000000   0.268000   0.006566   0.014000   0.044995      3
 4.7444E+02  -3.612328   2.640474 -99.000000 -99.000000  -8.029072   0.000000   0.002413   0.001460   0.014000  0.000E+00    varcontrol

             relative mass of radiative core still tiny          27    7.8132196656977015D-08
         28   5.583296   3969.226 -19.160256 -19.160256   2.000000   2.000000   0.718000   0.000707   0.268000  -8.993196    523      0
 2.1525E+00   5.583296   1.630786 -99.000000 -20.558124 -99.000000   0.000000   0.268000   0.006566   0.014000   0.044982      3
 6.1652E+02  -3.556535   2.611090 -99.000000 -99.000000  -8.016592   0.000000   0.002413   0.001460   0.014000  0.000E+00    varcontrol

             relative mass of radiative core still tiny          28    7.8132196879021620D-08
         29   5.602148   3990.882 -18.817825 -18.817825   2.000000   2.000000   0.718000   0.000707   0.268000  -8.928770    533      0
 2.2055E+00   5.602148   1.610856 -99.000000 -20.215693 -99.000000   0.000000   0.268000   0.006566   0.014000   0.044971      3
 7.7705E+02  -3.500295   2.580681 -99.000000 -99.000000  -8.002566   0.000000   0.002413   0.001460   0.014000  0.000E+00    varcontrol

             relative mass of radiative core still tiny          29    7.8132197323110830D-08

__________________________________________________________________________________________________________________________________________________

       step    lg_Tmax     Teff     lg_LH      lg_Lnuc_tot     Mass       H_rich     H_cntr     N_cntr     Y_surf   eta_cntr   zones  retry
  lg_dt_yrs    lg_Tcntr    lg_R     lg_L3a     lg_Lneu     lg_Mdot    He_core    He_cntr    O_cntr     Z_surf   gam_cntr   iters  
    age_yrs    lg_Dcntr    lg_L     lg_LZ      lg_Lphoto   lg_Dsurf   CO_core    C_cntr     Ne_cntr    Z_cntr   v_div_cs       dt_limit
__________________________________________________________________________________________________________________________________________________

         30   5.621079   4014.123 -18.478158 -18.478158   2.000000   2.000000   0.718000   0.000707   0.268000  -8.863972    537      0
 2.2568E+00   5.621079   1.590858 -99.000000 -19.876026 -99.000000   0.000000   0.268000   0.006566   0.014000   0.044962      3
 9.5768E+02  -3.443777   2.550773 -99.000000 -99.000000  -7.988548   0.000000   0.002413   0.001460   0.014000  0.000E+00    varcontrol

             relative mass of radiative core still tiny          30    7.8132197323110830D-08
         31   5.640025   4036.850 -18.142398 -18.142398   2.000000   2.000000   0.718000   0.000707   0.268000  -8.799042    538      0
 2.3068E+00   5.640025   1.570868 -99.000000 -19.540266 -99.000000   0.000000   0.268000   0.006566   0.014000   0.044954      3
 1.1603E+03  -3.387179   2.520599 -99.000000 -99.000000  -7.973763   0.000000   0.002413   0.001460   0.014000  0.000E+00    varcontrol

             relative mass of radiative core still tiny          31    7.8132197545155435D-08
         32   5.658965   4059.402 -17.810853 -17.810853   2.000000   2.000000   0.718000   0.000707   0.268000  -8.734067    542      0
 2.3563E+00   5.658965   1.550907 -99.000000 -19.208722 -99.000000   0.000000   0.268000   0.006566   0.014000   0.044946      3
 1.3875E+03  -3.330569   2.490355 -33.715360 -99.000000  -7.958473   0.000000   0.002413   0.001460   0.014000  0.000E+00    varcontrol

             relative mass of radiative core still tiny          32    7.8132197101066225D-08
         33   5.677872   4081.822 -17.483939 -17.483939   2.000000   2.000000   0.718000   0.000707   0.268000  -8.669154    539      0
 2.4050E+00   5.677872   1.531006 -99.000000 -18.881807 -99.000000   0.000000   0.268000   0.006566   0.014000   0.044940      3
 1.6416E+03  -3.274036   2.460121 -99.000000 -99.000000  -7.942809   0.000000   0.002413   0.001460   0.014000  0.000E+00    varcontrol

             relative mass of radiative core still tiny          33    7.8132197101066225D-08
         34   5.696751   4104.102 -17.161484 -17.161484   2.000000   2.000000   0.718000   0.000707   0.268000  -8.604295    551      0
 2.4538E+00   5.696751   1.511160 -99.000000 -18.559352 -99.000000   0.000000   0.268000   0.006566   0.014000   0.044934      3
 1.9259E+03  -3.217568   2.429886 -99.000000 -99.000000  -7.926833   0.000000   0.002413   0.001460   0.014000  0.000E+00    varcontrol

             relative mass of radiative core still tiny          34    7.8132197323110830D-08
         35   5.715615   4124.658 -16.843194 -16.843194   2.000000   2.000000   0.718000   0.000707   0.268000  -8.539446    549      0
 2.5036E+00   5.715615   1.491358 -99.000000 -18.241062 -99.000000   0.000000   0.268000   0.006566   0.014000   0.044929      3
 2.2447E+03  -3.161127   2.398961 -99.000000 -99.000000  -7.910117   0.000000   0.002413   0.001460   0.014000  0.000E+00    varcontrol

             relative mass of radiative core still tiny          35    7.8132196879021620D-08
         36   5.734540   4149.535 -16.527714 -16.527714   2.000000   2.000000   0.718000   0.000707   0.268000  -8.474341    550      0
 2.5534E+00   5.734540   1.471510 -99.000000 -17.925582 -99.000000   0.000000   0.268000   0.006566   0.014000   0.044924      3
 2.6024E+03  -3.104484   2.369711 -99.000000 -99.000000  -7.894437   0.000000   0.002413   0.001460   0.014000  0.000E+00    varcontrol

             relative mass of radiative core still tiny          36    7.8132197323110830D-08
         37   5.753441   4170.039 -16.216416 -16.216416   2.000000   2.000000   0.718000   0.000707   0.268000  -8.409267    553      0
 2.6031E+00   5.753441   1.451716 -99.000000 -17.614284 -99.000000   0.000000   0.268000   0.006566   0.014000   0.044921      3
 3.0033E+03  -3.047890   2.338686 -99.000000 -99.000000  -7.877379   0.000000   0.002413   0.001460   0.014000  0.000E+00    varcontrol

             relative mass of radiative core still tiny          37    7.8132197767200040D-08
         38   5.772369   4194.170 -15.908396 -15.908396   2.000000   2.000000   0.718000   0.000707   0.268000  -8.344046    555      0
 2.6525E+00   5.772369   1.431913 -99.000000 -17.306264 -99.000000   0.000000   0.268000   0.006566   0.014000   0.044918      3
 3.4526E+03  -2.991193   2.309104 -99.000000 -99.000000  -7.861221   0.000000   0.002413   0.001460   0.014000  0.000E+00    varcontrol

             relative mass of radiative core still tiny          38    7.8132197989244645D-08
         39   5.791248   4214.337 -15.604857 -15.604857   2.000000   2.000000   0.718000   0.000707   0.268000  -8.278948    554      0
 2.7016E+00   5.791248   1.412189 -99.000000 -17.002725 -99.000000   0.000000   0.268000   0.006566   0.014000   0.044915      3
 3.9556E+03  -2.934624   2.277989 -99.000000 -99.000000  -7.844014   0.000000   0.002413   0.001460   0.014000  0.000E+00    varcontrol

             relative mass of radiative core still tiny          39    7.8132197323110830D-08

__________________________________________________________________________________________________________________________________________________

       step    lg_Tmax     Teff     lg_LH      lg_Lnuc_tot     Mass       H_rich     H_cntr     N_cntr     Y_surf   eta_cntr   zones  retry
  lg_dt_yrs    lg_Tcntr    lg_R     lg_L3a     lg_Lneu     lg_Mdot    He_core    He_cntr    O_cntr     Z_surf   gam_cntr   iters  
    age_yrs    lg_Dcntr    lg_L     lg_LZ      lg_Lphoto   lg_Dsurf   CO_core    C_cntr     Ne_cntr    Z_cntr   v_div_cs       dt_limit
__________________________________________________________________________________________________________________________________________________

         40   5.810137   4237.701 -15.304779 -15.304779   2.000000   2.000000   0.718000   0.000707   0.268000  -8.213775    560      0
 2.7508E+00   5.810137   1.392474 -99.000000 -16.702647 -99.000000   0.000000   0.268000   0.006566   0.014000   0.044914      3
 4.5190E+03  -2.878007   2.248163 -99.000000 -99.000000  -7.827655   0.000000   0.002413   0.001460   0.014000  0.000E+00    varcontrol

             relative mass of radiative core still tiny          40    7.8132196656977015D-08
         41   5.828998   4258.739 -15.008737 -15.008737   2.000000   2.000000   0.718000   0.000707   0.268000  -8.148674    560      0
 2.7999E+00   5.828998   1.372815 -99.000000 -16.406605 -99.000000   0.000000   0.268000   0.006566   0.014000   0.044912      3
 5.1497E+03  -2.821465   2.217449 -30.705060 -99.000000  -7.810724   0.000000   0.002413   0.001460   0.014000  0.000E+00    varcontrol

             relative mass of radiative core still tiny          41    7.8132197101066225D-08
         42   5.847858   4281.288 -14.716255 -14.716255   2.000000   2.000000   0.718000   0.000707   0.268000  -8.083560    574      0
 2.8489E+00   5.847858   1.353181 -99.000000 -16.114123 -99.000000   0.000000   0.268000   0.006566   0.014000   0.044911      3
 5.8559E+03  -2.764918   2.187353 -99.000000 -99.000000  -7.794170   0.000000   0.002413   0.001460   0.014000  0.000E+00    varcontrol

             relative mass of radiative core still tiny          42    7.8132197323110830D-08
         43   5.866684   4302.324 -14.427773 -14.427773   2.000000   2.000000   0.718000   0.000707   0.268000  -8.018547    569      0
 2.8977E+00   5.866684   1.333607 -99.000000 -15.825641 -99.000000   0.000000   0.268000   0.006566   0.014000   0.044910      3
 6.6460E+03  -2.708467   2.156720 -99.000000 -99.000000  -7.777247   0.000000   0.002413   0.001460   0.014000  0.000E+00    varcontrol

             relative mass of radiative core still tiny          43    7.8132197323110830D-08
         44   5.885484   4324.136 -14.143078 -14.143078   2.000000   2.000000   0.718000   0.000707   0.268000  -7.953598    575      0
 2.9463E+00   5.885484   1.314081 -99.000000 -15.540945 -99.000000   0.000000   0.268000   0.006566   0.014000   0.044910      3
 7.5297E+03  -2.652081   2.126453 -99.000000 -99.000000  -7.760502   0.000000   0.002413   0.001460   0.014000  0.000E+00    varcontrol

             relative mass of radiative core still tiny          44    7.8132197323110830D-08
         45   5.904258   4345.278 -13.862107 -13.862107   2.000000   2.000000   0.718000   0.000707   0.268000  -7.888710    573      0
 2.9951E+00   5.904258   1.294603 -99.000000 -15.259974 -99.000000   0.000000   0.268000   0.006566   0.014000   0.044910      3
 8.5185E+03  -2.595762   2.095970 -99.000000 -99.000000  -7.743565   0.000000   0.002413   0.001460   0.014000  0.000E+00    varcontrol

             relative mass of radiative core still tiny          45    7.8132197101066225D-08
         46   5.923020   4366.550 -13.584598 -13.584598   2.000000   2.000000   0.718000   0.000707   0.268000  -7.823833    580      0
 3.0441E+00   5.923020   1.275158 -99.000000 -14.982465 -99.000000   0.000000   0.268000   0.006566   0.014000   0.044910      3
 9.6254E+03  -2.539467   2.065564 -99.000000 -99.000000  -7.726597   0.000000   0.002413   0.001460   0.014000  0.000E+00    varcontrol

             relative mass of radiative core still tiny          46    7.8132197101066225D-08
         47   5.941754   4387.315 -13.310708 -13.310708   2.000000   2.000000   0.718000   0.000707   0.268000  -7.759015    578      0
 3.0929E+00   5.941754   1.255761 -99.000000 -14.708575 -99.000000   0.000000   0.268000   0.006566   0.014000   0.044911      3
 1.0864E+04  -2.483240   2.035011 -99.000000 -99.000000  -7.709456   0.000000   0.002413   0.001460   0.014000  0.000E+00    varcontrol

             relative mass of radiative core still tiny          47    7.8132196879021620D-08
         48   5.960465   4407.953 -13.040350 -13.040350   2.000000   2.000000   0.718000   0.000707   0.268000  -7.694253    587      0
 3.1417E+00   5.960465   1.236407 -99.000000 -14.438217 -99.000000   0.000000   0.268000   0.006566   0.014000   0.044912      3
 1.2250E+04  -2.427075   2.004457 -99.000000 -99.000000  -7.692213   0.000000   0.002413   0.001460   0.014000  0.000E+00    varcontrol

             relative mass of radiative core still tiny          48    7.8132196212887806D-08
         49   5.979181   4429.613 -12.773047 -12.773047   2.000000   2.000000   0.718000   0.000707   0.268000  -7.629452    585      0
 3.1908E+00   5.979181   1.217067 -99.000000 -14.170914 -99.000000   0.000000   0.268000   0.006566   0.014000   0.044913      3
 1.3801E+04  -2.370884   1.974291 -99.000000 -99.000000  -7.675049   0.000000   0.002413   0.001460   0.014000  0.000E+00    varcontrol

             relative mass of radiative core still tiny          49    7.8132196656977015D-08

__________________________________________________________________________________________________________________________________________________

       step    lg_Tmax     Teff     lg_LH      lg_Lnuc_tot     Mass       H_rich     H_cntr     N_cntr     Y_surf   eta_cntr   zones  retry
  lg_dt_yrs    lg_Tcntr    lg_R     lg_L3a     lg_Lneu     lg_Mdot    He_core    He_cntr    O_cntr     Z_surf   gam_cntr   iters  
    age_yrs    lg_Dcntr    lg_L     lg_LZ      lg_Lphoto   lg_Dsurf   CO_core    C_cntr     Ne_cntr    Z_cntr   v_div_cs       dt_limit
__________________________________________________________________________________________________________________________________________________

         50   5.997867   4449.259 -12.509283 -12.509283   2.000000   2.000000   0.718000   0.000707   0.268000  -7.564750    587      0
 3.2397E+00   5.997867   1.197779 -99.000000 -13.907151 -99.000000   0.000000   0.268000   0.006566   0.014000   0.044915      3
 1.5538E+04  -2.314783   1.943403 -27.995790 -99.000000  -7.657389   0.000000   0.002413   0.001460   0.014000  0.000E+00    varcontrol

             relative mass of radiative core still tiny          50    7.8132197101066225D-08
         51   6.016540   4469.789 -12.248774 -12.248774   2.000000   2.000000   0.718000   0.000707   0.268000  -7.500103    591      0
 3.2886E+00   6.016540   1.178526 -99.000000 -13.646642 -99.000000   0.000000   0.268000   0.006566   0.014000   0.044916      3
 1.7482E+04  -2.258725   1.912893 -99.000000 -99.000000  -7.639770   0.000000   0.002413   0.001460   0.014000  0.000E+00    varcontrol

             relative mass of radiative core still tiny          51    7.8132198211289250D-08
         52   6.035205   4489.918 -11.991414 -11.991414   2.000000   2.000000   0.718000   0.000707   0.268000  -7.435502    594      0
 3.3377E+00   6.035205   1.159302 -99.000000 -13.389281 -99.000000   0.000000   0.268000   0.006566   0.014000   0.044917      3
 1.9658E+04  -2.202700   1.882252 -99.000000 -99.000000  -7.621938   0.000000   0.002413   0.001460   0.014000  0.000E+00    varcontrol

             relative mass of radiative core still tiny          52    7.8132197989244645D-08
         53   6.053857   4510.337 -11.737180 -11.737180   2.000000   2.000000   0.718000   0.000707   0.268000  -7.370957    598      0
 3.3866E+00   6.053857   1.140110 -99.000000 -13.135047 -99.000000   0.000000   0.268000   0.006566   0.014000   0.044918      3
 2.2093E+04  -2.146715   1.851750 -99.000000 -99.000000  -7.604024   0.000000   0.002413   0.001460   0.014000  0.000E+00    varcontrol

             relative mass of radiative core still tiny          53    7.8132197989244645D-08
         54   6.072469   4529.361 -11.486427 -11.486427   2.000000   2.000000   0.718000   0.000707   0.268000  -7.306572    596      0
 3.4351E+00   6.072469   1.120981 -99.000000 -12.884293 -99.000000   0.000000   0.268000   0.006566   0.014000   0.044919      3
 2.4817E+04  -2.090862   1.820803 -99.000000 -99.000000  -7.585816   0.000000   0.002413   0.001460   0.014000  0.000E+00    varcontrol

             relative mass of radiative core still tiny          54    7.8132197545155435D-08
         55   6.091068   4549.864 -11.238694 -11.238694   2.000000   2.000000   0.718000   0.000707   0.268000  -7.242241    603      0
 3.4838E+00   6.091068   1.101882 -99.000000 -12.636560 -99.000000   0.000000   0.268000   0.006566   0.014000   0.044919      3
 2.7863E+04  -2.035050   1.790451 -99.000000 -99.000000  -7.567737   0.000000   0.002413   0.001460   0.014000  0.000E+00    varcontrol

             relative mass of radiative core still tiny          55    7.8132197545155435D-08
         56   6.109624   4567.923 -10.994339 -10.994339   2.000000   2.000000   0.718000   0.000707   0.268000  -7.178069    601      0
 3.5326E+00   6.109624   1.082845 -99.000000 -12.392205 -99.000000   0.000000   0.268000   0.006566   0.014000   0.044920      3
 3.1272E+04  -1.979371   1.759259 -99.000000 -99.000000  -7.549263   0.000000   0.002413   0.001460   0.014000  0.000E+00    varcontrol

             relative mass of radiative core still tiny          56    7.8132197101066225D-08
         57   6.128191   4588.489 -10.752598 -10.752598   2.000000   2.000000   0.718000   0.000707   0.268000  -7.113866    607      0
 3.5817E+00   6.128191   1.063812 -99.000000 -12.150465 -99.000000   0.000000   0.268000   0.006566   0.014000   0.044920      3
 3.5089E+04  -1.923662   1.728996 -99.000000 -99.000000  -7.531046   0.000000   0.002413   0.001460   0.014000  0.000E+00    varcontrol

             relative mass of radiative core still tiny          57    7.8132196879021620D-08
         58   6.146743   4607.397 -10.513771 -10.513771   2.000000   2.000000   0.718000   0.000707   0.268000  -7.049722    613      0
 3.6308E+00   6.146743   1.044811 -99.000000 -11.911637 -99.000000   0.000000   0.268000   0.006566   0.014000   0.044920      3
 3.9362E+04  -1.868000   1.698138 -99.000000 -99.000000  -7.512555   0.000000   0.002413   0.001460   0.014000  0.000E+00    varcontrol

             relative mass of radiative core still tiny          58    7.8132196656977015D-08
         59   6.165233   4624.470 -10.278412 -10.278412   2.000000   2.000000   0.718000   0.000707   0.268000  -6.985801    611      0
 3.6792E+00   6.165233   1.025889 -99.000000 -11.676278 -99.000000   0.000000   0.268000   0.006566   0.014000   0.044920      3
 4.4140E+04  -1.812527   1.666720 -99.000000 -99.000000  -7.493856   0.000000   0.002413   0.001460   0.014000  0.000E+00    varcontrol

             relative mass of radiative core still tiny          59    7.8132196656977015D-08

__________________________________________________________________________________________________________________________________________________

       step    lg_Tmax     Teff     lg_LH      lg_Lnuc_tot     Mass       H_rich     H_cntr     N_cntr     Y_surf   eta_cntr   zones  retry
  lg_dt_yrs    lg_Tcntr    lg_R     lg_L3a     lg_Lneu     lg_Mdot    He_core    He_cntr    O_cntr     Z_surf   gam_cntr   iters  
    age_yrs    lg_Dcntr    lg_L     lg_LZ      lg_Lphoto   lg_Dsurf   CO_core    C_cntr     Ne_cntr    Z_cntr   v_div_cs       dt_limit
__________________________________________________________________________________________________________________________________________________

         60   6.183719   4644.509 -10.045729 -10.045729   2.000000   2.000000   0.718000   0.000707   0.268000  -6.921903    614      0
 3.7279E+00   6.183719   1.006985 -99.000000 -11.443594 -99.000000   0.000000   0.268000   0.006566   0.014000   0.044920      3
 4.9485E+04  -1.757070   1.636424 -99.000000 -99.000000  -7.475500   0.000000   0.002413   0.001460   0.014000  0.000E+00    varcontrol

             relative mass of radiative core still tiny          60    7.8132195990843201D-08
         61   6.202175   4661.920  -9.816012  -9.816012   2.000000   2.000000   0.718000   0.000707   0.268000  -6.858121    615      0
 3.7769E+00   6.202175   0.988128 -99.000000 -11.213877 -99.000000   0.000000   0.268000   0.006566   0.014000   0.044920      3
 5.5468E+04  -1.701707   1.605209 -99.000000 -99.000000  -7.456837   0.000000   0.002413   0.001460   0.014000  0.000E+00    varcontrol

             relative mass of radiative core still tiny          61    7.8132196212887806D-08
         62   6.220618   4680.936  -9.589007  -9.589007   2.000000   2.000000   0.718000   0.000707   0.268000  -6.794397    622      0
 3.8257E+00   6.220618   0.969297 -99.000000 -10.986872 -99.000000   0.000000   0.268000   0.006566   0.014000   0.044920      3
 6.2161E+04  -1.646389   1.574619 -99.000000 -99.000000  -7.438376   0.000000   0.002413   0.001460   0.014000  0.000E+00    varcontrol

             relative mass of radiative core still tiny          62    7.8132195990843201D-08
         63   6.239022   4697.360  -9.364985  -9.364985   2.000000   2.000000   0.718000   0.000707   0.268000  -6.730820    616      0
 3.8746E+00   6.239022   0.950521 -99.000000 -10.762850 -99.000000   0.000000   0.268000   0.006566   0.014000   0.044919      3
 6.9653E+04  -1.591193   1.543151 -99.000000 -99.000000  -7.419664   0.000000   0.002413   0.001460   0.014000  0.000E+00    varcontrol

             relative mass of radiative core still tiny          63    7.8132196434932411D-08
         64   6.257424   4715.545  -9.143435  -9.143435   2.000000   2.000000   0.718000   0.000707   0.268000  -6.667258    623      0
 3.9238E+00   6.257424   0.931758 -99.000000 -10.541300 -99.000000   0.000000   0.268000   0.006566   0.014000   0.044918      3
 7.8045E+04  -1.536004   1.512338 -99.000000 -99.000000  -7.401182   0.000000   0.002413   0.001460   0.014000  0.000E+00    varcontrol

             relative mass of radiative core still tiny          64    7.8132196434932411D-08
         65   6.275775   4731.001  -8.924921  -8.924921   2.000000   2.000000   0.718000   0.000707   0.268000  -6.603884    622      0
 3.9727E+00   6.275775   0.913061 -99.000000 -10.322785 -99.000000   0.000000   0.268000   0.006566   0.014000   0.044918      3
 8.7435E+04  -1.480972   1.480628 -99.000000 -99.000000  -7.382476   0.000000   0.002413   0.001460   0.014000  0.000E+00    varcontrol

             relative mass of radiative core still tiny          65    7.8132196656977015D-08
         66   6.294107   4749.082  -8.709020  -8.709020   2.000000   2.000000   0.718000   0.000707   0.268000  -6.540587    628      0
 4.0213E+00   6.294107   0.894395 -99.000000 -10.106883 -99.000000   0.000000   0.268000   0.006566   0.014000   0.044917      3
 9.7937E+04  -1.426003   1.449922 -99.000000 -99.000000  -7.364146   0.000000   0.002413   0.001460   0.014000  0.000E+00    varcontrol

             relative mass of radiative core still tiny          66    7.8132196434932411D-08
         67   6.312402   4765.307  -8.495861  -8.495861   2.000000   2.000000   0.718000   0.000707   0.268000  -6.477416    629      0
 4.0701E+00   6.312402   0.875776 -99.000000  -9.893724 -99.000000   0.000000   0.268000   0.006566   0.014000   0.044916      3
 1.0969E+05  -1.371141   1.418610 -99.000000 -99.000000  -7.345695   0.000000   0.002413   0.001460   0.014000  0.000E+00    varcontrol

             relative mass of radiative core still tiny          67    7.8132196434932411D-08
         68   6.330671   4781.507  -8.285303  -8.285303   2.000000   2.000000   0.718000   0.000707   0.268000  -6.414339    631      0
 4.1190E+00   6.330671   0.857195 -99.000000  -9.683165 -99.000000   0.000000   0.268000   0.006566   0.014000   0.044915      3
 1.2284E+05  -1.316360   1.387344 -99.000000 -99.000000  -7.327333   0.000000   0.002413   0.001460   0.014000  0.000E+00    varcontrol

             relative mass of radiative core still tiny          68    7.8132196212887806D-08
         69   6.348911   4796.812  -8.077331  -8.077331   2.000000   2.000000   0.718000   0.000707   0.268000  -6.351362    639      0
 4.1681E+00   6.348911   0.838654 -99.000000  -9.475193 -99.000000   0.000000   0.268000   0.006566   0.014000   0.044914      3
 1.3757E+05  -1.261667   1.355813 -99.000000 -99.000000  -7.308962   0.000000   0.002413   0.001460   0.014000  0.000E+00    varcontrol

             relative mass of radiative core still tiny          69    7.8132196434932411D-08

__________________________________________________________________________________________________________________________________________________

       step    lg_Tmax     Teff     lg_LH      lg_Lnuc_tot     Mass       H_rich     H_cntr     N_cntr     Y_surf   eta_cntr   zones  retry
  lg_dt_yrs    lg_Tcntr    lg_R     lg_L3a     lg_Lneu     lg_Mdot    He_core    He_cntr    O_cntr     Z_surf   gam_cntr   iters  
    age_yrs    lg_Dcntr    lg_L     lg_LZ      lg_Lphoto   lg_Dsurf   CO_core    C_cntr     Ne_cntr    Z_cntr   v_div_cs       dt_limit
__________________________________________________________________________________________________________________________________________________

         70   6.367113   4811.202  -7.871990  -7.871990   2.000000   2.000000   0.718000   0.000707   0.268000  -6.288509    642      0
 4.2173E+00   6.367113   0.820160 -99.000000  -9.269851 -99.000000   0.000000   0.268000   0.006566   0.014000   0.044913      3
 1.5406E+05  -1.207083   1.324029 -99.000000 -99.000000  -7.290586   0.000000   0.002413   0.001460   0.014000  0.000E+00    varcontrol

             relative mass of radiative core still tiny          70    7.8132196656977015D-08
         71   6.385301   4827.043  -7.668975  -7.668975   2.000000   2.000000   0.718000   0.000707   0.268000  -6.225697    640      0
 4.2664E+00   6.385301   0.801689 -99.000000  -9.066835 -99.000000   0.000000   0.268000   0.006566   0.014000   0.044913      3
 1.7253E+05  -1.152539   1.292796 -99.000000 -99.000000  -7.272475   0.000000   0.002413   0.001460   0.014000  0.000E+00    varcontrol

             relative mass of radiative core still tiny          71    7.8132196434932411D-08
         72   6.403459   4841.369  -7.468419  -7.468419   2.000000   2.000000   0.718000   0.000707   0.268000  -6.162976    642      0
 4.3157E+00   6.403459   0.783255 -99.000000  -8.866279 -99.000000   0.000000   0.268000   0.006566   0.014000   0.044912      3
 1.9322E+05  -1.098078   1.261077 -99.000000 -99.000000  -7.254274   0.000000   0.002413   0.001460   0.014000  0.000E+00    varcontrol

             relative mass of radiative core still tiny          72    7.8132196434932411D-08
         73   6.421576   4854.829  -7.270427  -7.270427   2.000000   2.000000   0.718000   0.000707   0.268000  -6.100392    643      0
 4.3648E+00   6.421576   0.764872 -99.000000  -8.668286 -99.000000   0.000000   0.268000   0.006566   0.014000   0.044912      3
 2.1638E+05  -1.043741   1.229134 -22.480340 -99.000000  -7.236073   0.000000   0.002413   0.001460   0.014000  0.000E+00    varcontrol

             relative mass of radiative core still tiny          73    7.8132196212887806D-08
         74   6.439677   4869.582  -7.074661  -7.074661   2.000000   2.000000   0.718000   0.000707   0.268000  -6.037853    653      0
 4.4140E+00   6.439677   0.746512 -99.000000  -8.472519 -99.000000   0.000000   0.268000   0.006566   0.014000   0.044912      3
 2.4232E+05  -0.989446   1.197685 -99.000000 -99.000000  -7.218125   0.000000   0.002413   0.001460   0.014000  0.000E+00    varcontrol

             relative mass of radiative core still tiny          74    7.8132196212887806D-08
         75   6.457675   4882.467  -6.881299  -6.881299   2.000000   2.000000   0.718000   0.000707   0.268000  -5.975015    654      0
 4.4634E+00   6.457675   0.728195 -99.000000  -8.279155 -99.000000   0.000000   0.268000   0.006566   0.014000   0.044921      3
 2.7139E+05  -0.935177   1.165641 -99.000000 -99.000000  -7.200026   0.000000   0.002413   0.001460   0.014000  0.000E+00    varcontrol

             relative mass of radiative core still tiny          75    7.8132196212887806D-08
         76   6.474945   4894.873  -6.690534  -6.690534   2.000000   2.000000   0.718000   0.000707   0.268000  -5.908044    659      0
 4.5126E+00   6.474945   0.709932 -99.000000  -8.088389 -99.000000   0.000000   0.268000   0.006566   0.014000   0.045030      3
 3.0394E+05  -0.880207   1.133524 -99.000000 -99.000000  -7.181967   0.000000   0.002413   0.001460   0.014000  0.000E+00    varcontrol

                 finished relax to begin radiative core          76    2.0812777842711379D-03

 finished doing relax_to_radiative_core

 read my_history_columns.list
 read my_profile_columns.list
                                 set_initial_dt (years)    1.0000000000000000D+00
                             set_initial_number_retries           0
 net name basic.net
 kap_option gs98
 kap_CO_option gs98_co
 kap_lowT_option lowT_fa05_gs98
                                        OMP_NUM_THREADS          16


__________________________________________________________________________________________________________________________________________________

       step    lg_Tmax     Teff     lg_LH      lg_Lnuc_tot     Mass       H_rich     H_cntr     N_cntr     Y_surf   eta_cntr   zones  retry
  lg_dt_yrs    lg_Tcntr    lg_R     lg_L3a     lg_Lneu     lg_Mdot    He_core    He_cntr    O_cntr     Z_surf   gam_cntr   iters  
    age_yrs    lg_Dcntr    lg_L     lg_LZ      lg_Lphoto   lg_Dsurf   CO_core    C_cntr     Ne_cntr    Z_cntr   v_div_cs       dt_limit
__________________________________________________________________________________________________________________________________________________

          1   6.474945   4894.870  -6.690528  -6.690528   2.000000   2.000000   0.718000   0.000707   0.268000  -5.908042    659      0
 0.0000E+00   6.474945   0.709932 -99.000000  -8.088383 -12.336803   0.000000   0.268000   0.006566   0.014000   0.045030      2
 1.0000E+00  -0.880205   1.133522 -21.799098 -99.000000  -7.181974   0.000000   0.002413   0.001460   0.014000  0.000E+00    varcontrol

save LOGS/profile1.data for model 1
 Loading precomputed flux cube from:/home/njm/MESA/mesa/colors/data/stellar_models/Kurucz2003all//flux_cube.bin
 Loaded flux cube with dimensions:          76 x          11 x           9 x        1173
 Performing interpolation at target parameters...
 Interpolation complete
          2   6.474946   4894.676  -6.690521  -6.690521   2.000000   2.000000   0.718000   0.000707   0.268000  -5.908040    653      0
 7.9181E-02   6.474946   0.709931 -99.000000  -8.088376 -12.336806   0.000000   0.268000   0.006566   0.014000   0.045030      2
 2.2000E+00  -0.880203   1.133452 -99.000000 -99.000000  -7.181946   0.000000   0.002413   0.001460   0.014000  0.000E+00  max increase

 Loading precomputed flux cube from:/home/njm/MESA/mesa/colors/data/stellar_models/Kurucz2003all//flux_cube.bin
 Loaded flux cube with dimensions:          76 x          11 x           9 x        1173
 Performing interpolation at target parameters...
 Interpolation complete
          3   6.474947   4894.676  -6.690512  -6.690512   2.000000   2.000000   0.718000   0.000707   0.268000  -5.908037    653      0
 1.5836E-01   6.474947   0.709930 -99.000000  -8.088368 -12.336901   0.000000   0.268000   0.006566   0.014000   0.045030      2
 3.6400E+00  -0.880201   1.133450 -99.000000 -99.000000  -7.181945   0.000000   0.002413   0.001460   0.014000  0.000E+00  max increase

 Loading precomputed flux cube from:/home/njm/MESA/mesa/colors/data/stellar_models/Kurucz2003all//flux_cube.bin
 Loaded flux cube with dimensions:          76 x          11 x           9 x        1173
 Performing interpolation at target parameters...
 Interpolation complete
          4   6.474948   4894.677  -6.690502  -6.690502   2.000000   2.000000   0.718000   0.000707   0.268000  -5.908033    653      0
 2.3754E-01   6.474948   0.709929 -99.000000  -8.088358 -12.336904   0.000000   0.268000   0.006566   0.014000   0.045030      2
 5.3680E+00  -0.880198   1.133448 -99.000000 -99.000000  -7.181944   0.000000   0.002413   0.001460   0.014000  0.000E+00  max increase

 Loading precomputed flux cube from:/home/njm/MESA/mesa/colors/data/stellar_models/Kurucz2003all//flux_cube.bin
 Loaded flux cube with dimensions:          76 x          11 x           9 x        1173
 Performing interpolation at target parameters...
 Interpolation complete
          5   6.474949   4894.678  -6.690490  -6.690490   2.000000   2.000000   0.718000   0.000707   0.268000  -5.908029    654      0
 3.1672E-01   6.474949   0.709928 -99.000000  -8.088345 -12.336907   0.000000   0.268000   0.006566   0.014000   0.045030      2
 7.4416E+00  -0.880194   1.133446 -22.577250 -99.000000  -7.181943   0.000000   0.002413   0.001460   0.014000  0.000E+00  max increase

 Loading precomputed flux cube from:/home/njm/MESA/mesa/colors/data/stellar_models/Kurucz2003all//flux_cube.bin
 Loaded flux cube with dimensions:          76 x          11 x           9 x        1173
 Performing interpolation at target parameters...
 Interpolation complete
          6   6.474950   4894.679  -6.690476  -6.690476   2.000000   2.000000   0.718000   0.000707   0.268000  -5.908024    654      0
 3.9591E-01   6.474950   0.709927 -99.000000  -8.088331 -12.336911   0.000000   0.268000   0.006566   0.014000   0.045030      2
 9.9299E+00  -0.880190   1.133444 -21.975190 -99.000000  -7.181942   0.000000   0.002413   0.001460   0.014000  0.000E+00  max increase

 Loading precomputed flux cube from:/home/njm/MESA/mesa/colors/data/stellar_models/Kurucz2003all//flux_cube.bin
 Loaded flux cube with dimensions:          76 x          11 x           9 x        1173
 Performing interpolation at target parameters...
 Interpolation complete
          7   6.474952   4894.680  -6.690458  -6.690458   2.000000   2.000000   0.718000   0.000707   0.268000  -5.908018    654      0
 4.7509E-01   6.474952   0.709925 -99.000000  -8.088314 -12.336915   0.000000   0.268000   0.006566   0.014000   0.045030      2
 1.2916E+01  -0.880185   1.133441 -99.000000 -99.000000  -7.181940   0.000000   0.002413   0.001460   0.014000  0.000E+00  max increase

 Loading precomputed flux cube from:/home/njm/MESA/mesa/colors/data/stellar_models/Kurucz2003all//flux_cube.bin
 Loaded flux cube with dimensions:          76 x          11 x           9 x        1173
 Performing interpolation at target parameters...
 Interpolation complete
          8   6.474953   4894.681  -6.690437  -6.690437   2.000000   2.000000   0.718000   0.000707   0.268000  -5.908010    654      0
 5.5427E-01   6.474953   0.709923 -99.000000  -8.088293 -12.336921   0.000000   0.268000   0.006566   0.014000   0.045030      2
 1.6499E+01  -0.880179   1.133437 -99.000000 -99.000000  -7.181938   0.000000   0.002413   0.001460   0.014000  0.000E+00  max increase

 Loading precomputed flux cube from:/home/njm/MESA/mesa/colors/data/stellar_models/Kurucz2003all//flux_cube.bin
 Loaded flux cube with dimensions:          76 x          11 x           9 x        1173
 Performing interpolation at target parameters...
 Interpolation complete
          9   6.474956   4894.683  -6.690412  -6.690412   2.000000   2.000000   0.718000   0.000707   0.268000  -5.908001    654      0
 6.3345E-01   6.474956   0.709921 -99.000000  -8.088268 -12.336927   0.000000   0.268000   0.006566   0.014000   0.045030      2
 2.0799E+01  -0.880172   1.133433 -99.000000 -99.000000  -7.181936   0.000000   0.002413   0.001460   0.014000  0.000E+00  max increase

 Loading precomputed flux cube from:/home/njm/MESA/mesa/colors/data/stellar_models/Kurucz2003all//flux_cube.bin
 Loaded flux cube with dimensions:          76 x          11 x           9 x        1173
 Performing interpolation at target parameters...
 Interpolation complete

__________________________________________________________________________________________________________________________________________________

       step    lg_Tmax     Teff     lg_LH      lg_Lnuc_tot     Mass       H_rich     H_cntr     N_cntr     Y_surf   eta_cntr   zones  retry
  lg_dt_yrs    lg_Tcntr    lg_R     lg_L3a     lg_Lneu     lg_Mdot    He_core    He_cntr    O_cntr     Z_surf   gam_cntr   iters  
    age_yrs    lg_Dcntr    lg_L     lg_LZ      lg_Lphoto   lg_Dsurf   CO_core    C_cntr     Ne_cntr    Z_cntr   v_div_cs       dt_limit
__________________________________________________________________________________________________________________________________________________

         10   6.474958   4894.685  -6.690382  -6.690382   2.000000   2.000000   0.718000   0.000707   0.268000  -5.907991    654      0
 7.1263E-01   6.474958   0.709918 -99.000000  -8.088237 -12.336935   0.000000   0.268000   0.006566   0.014000   0.045030      2
 2.5959E+01  -0.880163   1.133428 -99.000000 -99.000000  -7.181933   0.000000   0.002413   0.001460   0.014000  0.000E+00  max increase

 Loading precomputed flux cube from:/home/njm/MESA/mesa/colors/data/stellar_models/Kurucz2003all//flux_cube.bin
 Loaded flux cube with dimensions:          76 x          11 x           9 x        1173
 Performing interpolation at target parameters...
 Interpolation complete
         11   6.474962   4894.687  -6.690346  -6.690346   2.000000   2.000000   0.718000   0.000707   0.268000  -5.907978    654      0
 7.9181E-01   6.474962   0.709914 -99.000000  -8.088201 -12.336944   0.000000   0.268000   0.006566   0.014000   0.045030      2
 3.2150E+01  -0.880152   1.133422 -22.276220 -99.000000  -7.181929   0.000000   0.002413   0.001460   0.014000  0.000E+00  max increase

 Loading precomputed flux cube from:/home/njm/MESA/mesa/colors/data/stellar_models/Kurucz2003all//flux_cube.bin
 Loaded flux cube with dimensions:          76 x          11 x           9 x        1173
 Performing interpolation at target parameters...
 Interpolation complete
         12   6.474966   4894.689  -6.690303  -6.690303   2.000000   2.000000   0.718000   0.000707   0.268000  -5.907963    654      0
 8.7099E-01   6.474966   0.709910 -99.000000  -8.088158 -12.336956   0.000000   0.268000   0.006566   0.014000   0.045030      2
 3.9581E+01  -0.880140   1.133415 -99.000000 -99.000000  -7.181925   0.000000   0.002413   0.001460   0.014000  0.000E+00  max increase

 Loading precomputed flux cube from:/home/njm/MESA/mesa/colors/data/stellar_models/Kurucz2003all//flux_cube.bin
 Loaded flux cube with dimensions:          76 x          11 x           9 x        1173
 Performing interpolation at target parameters...
 Interpolation complete
         13   6.474970   4894.693  -6.690251  -6.690251   2.000000   2.000000   0.718000   0.000707   0.268000  -5.907944    654      0
 9.5017E-01   6.474970   0.709905 -99.000000  -8.088106 -12.336969   0.000000   0.268000   0.006566   0.014000   0.045030      2
 4.8497E+01  -0.880125   1.133406 -22.577250 -99.000000  -7.181920   0.000000   0.002413   0.001460   0.014000  0.000E+00  max increase

 Loading precomputed flux cube from:/home/njm/MESA/mesa/colors/data/stellar_models/Kurucz2003all//flux_cube.bin
 Loaded flux cube with dimensions:          76 x          11 x           9 x        1173
 Performing interpolation at target parameters...
 Interpolation complete
         14   6.474976   4894.696  -6.690189  -6.690189   2.000000   2.000000   0.718000   0.000707   0.268000  -5.907922    654      0
 1.0294E+00   6.474976   0.709899 -99.000000  -8.088044 -12.336985   0.000000   0.268000   0.006566   0.014000   0.045030      2
 5.9196E+01  -0.880107   1.133395 -99.000000 -99.000000  -7.181914   0.000000   0.002413   0.001460   0.014000  0.000E+00  max increase

 Loading precomputed flux cube from:/home/njm/MESA/mesa/colors/data/stellar_models/Kurucz2003all//flux_cube.bin
 Loaded flux cube with dimensions:          76 x          11 x           9 x        1173
 Performing interpolation at target parameters...
 Interpolation complete
         15   6.474983   4894.701  -6.690114  -6.690114   2.000000   2.000000   0.718000   0.000707   0.268000  -5.907896    654      0
 1.1085E+00   6.474983   0.709892 -99.000000  -8.087969 -12.337005   0.000000   0.268000   0.006566   0.014000   0.045030      2
 7.2035E+01  -0.880085   1.133382 -99.000000 -99.000000  -7.181907   0.000000   0.002413   0.001460   0.014000  0.000E+00  max increase

 Loading precomputed flux cube from:/home/njm/MESA/mesa/colors/data/stellar_models/Kurucz2003all//flux_cube.bin
 Loaded flux cube with dimensions:          76 x          11 x           9 x        1173
 Performing interpolation at target parameters...
 Interpolation complete
         16   6.474991   4894.707  -6.690024  -6.690024   2.000000   2.000000   0.718000   0.000707   0.268000  -5.907864    654      0
 1.1877E+00   6.474991   0.709883 -99.000000  -8.087879 -12.337028   0.000000   0.268000   0.006566   0.014000   0.045030      2
 8.7442E+01  -0.880059   1.133367 -22.276220 -99.000000  -7.181899   0.000000   0.002413   0.001460   0.014000  0.000E+00  max increase

 Loading precomputed flux cube from:/home/njm/MESA/mesa/colors/data/stellar_models/Kurucz2003all//flux_cube.bin
 Loaded flux cube with dimensions:          76 x          11 x           9 x        1173
 Performing interpolation at target parameters...
 Interpolation complete
         17   6.475001   4894.713  -6.689916  -6.689916   2.000000   2.000000   0.718000   0.000707   0.268000  -5.907826    654      0
 1.2669E+00   6.475001   0.709873 -99.000000  -8.087771 -12.337056   0.000000   0.268000   0.006566   0.014000   0.045031      2
 1.0593E+02  -0.880028   1.133349 -22.276220 -99.000000  -7.181888   0.000000   0.002413   0.001460   0.014000  0.000E+00  max increase

 Loading precomputed flux cube from:/home/njm/MESA/mesa/colors/data/stellar_models/Kurucz2003all//flux_cube.bin
 Loaded flux cube with dimensions:          76 x          11 x           9 x        1173
 Performing interpolation at target parameters...
 Interpolation complete
         18   6.475013   4894.721  -6.689787  -6.689787   2.000000   2.000000   0.718000   0.000707   0.268000  -5.907781    654      0
 1.3461E+00   6.475013   0.709860 -99.000000  -8.087642 -12.337089   0.000000   0.268000   0.006566   0.014000   0.045031      2
 1.2812E+02  -0.879990   1.133326 -99.000000 -99.000000  -7.181876   0.000000   0.002413   0.001460   0.014000  0.000E+00  max increase

 Loading precomputed flux cube from:/home/njm/MESA/mesa/colors/data/stellar_models/Kurucz2003all//flux_cube.bin
 Loaded flux cube with dimensions:          76 x          11 x           9 x        1173
 Performing interpolation at target parameters...
 Interpolation complete
         19   6.475027   4894.731  -6.689632  -6.689632   2.000000   2.000000   0.718000   0.000707   0.268000  -5.907726    654      0
 1.4253E+00   6.475027   0.709846 -99.000000  -8.087487 -12.337129   0.000000   0.268000   0.006566   0.014000   0.045031      2
 1.5474E+02  -0.879946   1.133300 -22.100128 -99.000000  -7.181861   0.000000   0.002413   0.001460   0.014000  0.000E+00  max increase

 Loading precomputed flux cube from:/home/njm/MESA/mesa/colors/data/stellar_models/Kurucz2003all//flux_cube.bin
 Loaded flux cube with dimensions:          76 x          11 x           9 x        1173
 Performing interpolation at target parameters...
 Interpolation complete

__________________________________________________________________________________________________________________________________________________

       step    lg_Tmax     Teff     lg_LH      lg_Lnuc_tot     Mass       H_rich     H_cntr     N_cntr     Y_surf   eta_cntr   zones  retry
  lg_dt_yrs    lg_Tcntr    lg_R     lg_L3a     lg_Lneu     lg_Mdot    He_core    He_cntr    O_cntr     Z_surf   gam_cntr   iters  
    age_yrs    lg_Dcntr    lg_L     lg_LZ      lg_Lphoto   lg_Dsurf   CO_core    C_cntr     Ne_cntr    Z_cntr   v_div_cs       dt_limit
__________________________________________________________________________________________________________________________________________________

         20   6.475044   4894.742  -6.689446  -6.689446   2.000000   2.000000   0.718000   0.000707   0.268000  -5.907660    654      0
 1.5044E+00   6.475044   0.709828 -99.000000  -8.087301 -12.337178   0.000000   0.268000   0.006566   0.014000   0.045031      2
 1.8669E+02  -0.879892   1.133268 -99.000000 -99.000000  -7.181843   0.000000   0.002413   0.001460   0.014000  0.000E+00  max increase

 Loading precomputed flux cube from:/home/njm/MESA/mesa/colors/data/stellar_models/Kurucz2003all//flux_cube.bin
 Loaded flux cube with dimensions:          76 x          11 x           9 x        1173
 Performing interpolation at target parameters...
 Interpolation complete
         21   6.475064   4894.756  -6.689223  -6.689223   2.000000   2.000000   0.718000   0.000707   0.268000  -5.907581    654      0
 1.5836E+00   6.475064   0.709806 -99.000000  -8.087078 -12.337236   0.000000   0.268000   0.006566   0.014000   0.045031      2
 2.2503E+02  -0.879827   1.133230 -99.000000 -99.000000  -7.181822   0.000000   0.002413   0.001460   0.014000  0.000E+00  max increase

 Loading precomputed flux cube from:/home/njm/MESA/mesa/colors/data/stellar_models/Kurucz2003all//flux_cube.bin
 Loaded flux cube with dimensions:          76 x          11 x           9 x        1173
 Performing interpolation at target parameters...
 Interpolation complete
         22   6.475088   4894.772  -6.688955  -6.688955   2.000000   2.000000   0.718000   0.000707   0.268000  -5.907487    654      0
 1.6628E+00   6.475088   0.709780 -99.000000  -8.086810 -12.337305   0.000000   0.268000   0.006566   0.014000   0.045031      2
 2.7103E+02  -0.879749   1.133184 -21.975190 -99.000000  -7.181796   0.000000   0.002413   0.001460   0.014000  0.000E+00  max increase

 Loading precomputed flux cube from:/home/njm/MESA/mesa/colors/data/stellar_models/Kurucz2003all//flux_cube.bin
 Loaded flux cube with dimensions:          76 x          11 x           9 x        1173
 Performing interpolation at target parameters...
 Interpolation complete
         23   6.475118   4894.792  -6.688633  -6.688633   2.000000   2.000000   0.718000   0.000707   0.268000  -5.907373    651      0
 1.7420E+00   6.475118   0.709749 -99.000000  -8.086488 -12.337388   0.000000   0.268000   0.006566   0.014000   0.045031      2
 3.2624E+02  -0.879656   1.133130 -99.000000 -99.000000  -7.181766   0.000000   0.002413   0.001460   0.014000  0.000E+00  max increase

 Loading precomputed flux cube from:/home/njm/MESA/mesa/colors/data/stellar_models/Kurucz2003all//flux_cube.bin
 Loaded flux cube with dimensions:          76 x          11 x           9 x        1173
 Performing interpolation at target parameters...
 Interpolation complete
         24   6.475153   4894.816  -6.688248  -6.688248   2.000000   2.000000   0.718000   0.000707   0.268000  -5.907237    650      0
 1.8212E+00   6.475153   0.709712 -99.000000  -8.086103 -12.337488   0.000000   0.268000   0.006566   0.014000   0.045031      2
 3.9248E+02  -0.879544   1.133064 -99.000000 -99.000000  -7.181729   0.000000   0.002413   0.001460   0.014000  0.000E+00  max increase

 Loading precomputed flux cube from:/home/njm/MESA/mesa/colors/data/stellar_models/Kurucz2003all//flux_cube.bin
 Loaded flux cube with dimensions:          76 x          11 x           9 x        1173
 Performing interpolation at target parameters...
 Interpolation complete
         25   6.475195   4894.844  -6.687785  -6.687785   2.000000   2.000000   0.718000   0.000707   0.268000  -5.907074    650      0
 1.9003E+00   6.475195   0.709668 -99.000000  -8.085640 -12.337608   0.000000   0.268000   0.006566   0.014000   0.045032      2
 4.7198E+02  -0.879410   1.132985 -99.000000 -99.000000  -7.181685   0.000000   0.002413   0.001460   0.014000  0.000E+00  max increase

 Loading precomputed flux cube from:/home/njm/MESA/mesa/colors/data/stellar_models/Kurucz2003all//flux_cube.bin
 Loaded flux cube with dimensions:          76 x          11 x           9 x        1173
 Performing interpolation at target parameters...
 Interpolation complete
         26   6.475245   4894.878  -6.687230  -6.687230   2.000000   2.000000   0.718000   0.000707   0.268000  -5.906877    650      0
 1.9795E+00   6.475245   0.709614 -99.000000  -8.085085 -12.337752   0.000000   0.268000   0.006566   0.014000   0.045032      2
 5.6738E+02  -0.879250   1.132890 -99.000000 -99.000000  -7.181632   0.000000   0.002413   0.001460   0.014000  0.000E+00  max increase

 Loading precomputed flux cube from:/home/njm/MESA/mesa/colors/data/stellar_models/Kurucz2003all//flux_cube.bin
 Loaded flux cube with dimensions:          76 x          11 x           9 x        1173
 Performing interpolation at target parameters...
 Interpolation complete
         27   6.475306   4894.919  -6.686565  -6.686565   2.000000   2.000000   0.718000   0.000707   0.268000  -5.906642    651      0
 2.0587E+00   6.475306   0.709550 -99.000000  -8.084420 -12.337925   0.000000   0.268000   0.006566   0.014000   0.045032      2
 6.8185E+02  -0.879057   1.132777 -99.000000 -99.000000  -7.181568   0.000000   0.002413   0.001460   0.014000  0.000E+00  max increase

 Loading precomputed flux cube from:/home/njm/MESA/mesa/colors/data/stellar_models/Kurucz2003all//flux_cube.bin
 Loaded flux cube with dimensions:          76 x          11 x           9 x        1173
 Performing interpolation at target parameters...
 Interpolation complete
         28   6.475378   4894.968  -6.685766  -6.685766   2.000000   2.000000   0.718000   0.000707   0.268000  -5.906360    650      0
 2.1379E+00   6.475378   0.709474 -99.000000  -8.083621 -12.338132   0.000000   0.268000   0.006566   0.014000   0.045033      2
 8.1922E+02  -0.878825   1.132640 -22.100128 -99.000000  -7.181492   0.000000   0.002413   0.001460   0.014000  0.000E+00  max increase

 Loading precomputed flux cube from:/home/njm/MESA/mesa/colors/data/stellar_models/Kurucz2003all//flux_cube.bin
 Loaded flux cube with dimensions:          76 x          11 x           9 x        1173
 Performing interpolation at target parameters...
 Interpolation complete
         29   6.475465   4895.027  -6.684809  -6.684809   2.000000   2.000000   0.718000   0.000707   0.268000  -5.906021    650      0
 2.2171E+00   6.475465   0.709381 -99.000000  -8.082664 -12.338380   0.000000   0.268000   0.006566   0.014000   0.045034      2
 9.8407E+02  -0.878548   1.132477 -99.000000 -99.000000  -7.181400   0.000000   0.002413   0.001460   0.014000  0.000E+00  max increase

 Loading precomputed flux cube from:/home/njm/MESA/mesa/colors/data/stellar_models/Kurucz2003all//flux_cube.bin
 Loaded flux cube with dimensions:          76 x          11 x           9 x        1173
 Performing interpolation at target parameters...
 Interpolation complete

__________________________________________________________________________________________________________________________________________________

       step    lg_Tmax     Teff     lg_LH      lg_Lnuc_tot     Mass       H_rich     H_cntr     N_cntr     Y_surf   eta_cntr   zones  retry
  lg_dt_yrs    lg_Tcntr    lg_R     lg_L3a     lg_Lneu     lg_Mdot    He_core    He_cntr    O_cntr     Z_surf   gam_cntr   iters  
    age_yrs    lg_Dcntr    lg_L     lg_LZ      lg_Lphoto   lg_Dsurf   CO_core    C_cntr     Ne_cntr    Z_cntr   v_div_cs       dt_limit
__________________________________________________________________________________________________________________________________________________

         30   6.475570   4895.098  -6.683661  -6.683661   2.000000   2.000000   0.718000   0.000707   0.268000  -5.905615    650      0
 2.2963E+00   6.475570   0.709271 -99.000000  -8.081516 -12.338678   0.000000   0.268000   0.006566   0.014000   0.045034      2
 1.1819E+03  -0.878215   1.132281 -22.100128 -99.000000  -7.181290   0.000000   0.002413   0.001460   0.014000  0.000E+00  max increase

 Loading precomputed flux cube from:/home/njm/MESA/mesa/colors/data/stellar_models/Kurucz2003all//flux_cube.bin
 Loaded flux cube with dimensions:          76 x          11 x           9 x        1173
 Performing interpolation at target parameters...
 Interpolation complete
         31   6.475695   4895.419  -6.682284  -6.682284   2.000000   2.000000   0.718000   0.000707   0.268000  -5.905128    651      0
 2.3754E+00   6.475695   0.709138 -99.000000  -8.080140 -12.339035   0.000000   0.268000   0.006566   0.014000   0.045035      2
 1.4193E+03  -0.877816   1.132130 -22.577250 -99.000000  -7.181192   0.000000   0.002413   0.001460   0.014000  0.000E+00  max increase

 Loading precomputed flux cube from:/home/njm/MESA/mesa/colors/data/stellar_models/Kurucz2003all//flux_cube.bin
 Loaded flux cube with dimensions:          76 x          11 x           9 x        1173
 Performing interpolation at target parameters...
 Interpolation complete
         32   6.475845   4895.522  -6.680634  -6.680634   2.000000   2.000000   0.718000   0.000707   0.268000  -5.904544    651      0
 2.4546E+00   6.475845   0.708980 -99.000000  -8.078489 -12.339350   0.000000   0.268000   0.006566   0.014000   0.045036      2
 1.7041E+03  -0.877337   1.131849 -99.000000 -99.000000  -7.181035   0.000000   0.002413   0.001460   0.014000  0.000E+00  max increase

 Loading precomputed flux cube from:/home/njm/MESA/mesa/colors/data/stellar_models/Kurucz2003all//flux_cube.bin
 Loaded flux cube with dimensions:          76 x          11 x           9 x        1173
 Performing interpolation at target parameters...
 Interpolation complete
         33   6.476025   4895.646  -6.678657  -6.678657   2.000000   2.000000   0.718000   0.000707   0.268000  -5.903843    651      0
 2.5338E+00   6.476025   0.708789 -99.000000  -8.076512 -12.339862   0.000000   0.268000   0.006566   0.014000   0.045037      2
 2.0459E+03  -0.876764   1.131512 -22.577250 -99.000000  -7.180846   0.000000   0.002413   0.001460   0.014000  0.000E+00  max increase

 Loading precomputed flux cube from:/home/njm/MESA/mesa/colors/data/stellar_models/Kurucz2003all//flux_cube.bin
 Loaded flux cube with dimensions:          76 x          11 x           9 x        1173
 Performing interpolation at target parameters...
 Interpolation complete
         34   6.476240   4895.793  -6.676288  -6.676288   2.000000   2.000000   0.718000   0.000707   0.268000  -5.903003    651      0
 2.6130E+00   6.476240   0.708561 -99.000000  -8.074143 -12.340477   0.000000   0.268000   0.006566   0.014000   0.045039      2
 2.4561E+03  -0.876076   1.131108 -22.276220 -99.000000  -7.180619   0.000000   0.002413   0.001460   0.014000  0.000E+00  max increase

 Loading precomputed flux cube from:/home/njm/MESA/mesa/colors/data/stellar_models/Kurucz2003all//flux_cube.bin
 Loaded flux cube with dimensions:          76 x          11 x           9 x        1173
 Performing interpolation at target parameters...
 Interpolation complete
         35   6.476498   4895.970  -6.673450  -6.673450   2.000000   2.000000   0.718000   0.000707   0.268000  -5.901996    651      0
 2.6922E+00   6.476498   0.708288 -99.000000  -8.071305 -12.341213   0.000000   0.268000   0.006566   0.014000   0.045040      2
 2.9483E+03  -0.875252   1.130624 -22.577250 -99.000000  -7.180348   0.000000   0.002413   0.001460   0.014000  0.000E+00  max increase

 Loading precomputed flux cube from:/home/njm/MESA/mesa/colors/data/stellar_models/Kurucz2003all//flux_cube.bin
 Loaded flux cube with dimensions:          76 x          11 x           9 x        1173
 Performing interpolation at target parameters...
 Interpolation complete
         36   6.476807   4896.182  -6.670052  -6.670052   2.000000   2.000000   0.718000   0.000707   0.268000  -5.900788    651      0
 2.7713E+00   6.476807   0.707961 -99.000000  -8.067907 -12.342095   0.000000   0.268000   0.006566   0.014000   0.045042      2
 3.5390E+03  -0.874265   1.130045 -99.000000 -99.000000  -7.180024   0.000000   0.002413   0.001460   0.014000  0.000E+00  max increase

 Loading precomputed flux cube from:/home/njm/MESA/mesa/colors/data/stellar_models/Kurucz2003all//flux_cube.bin
 Loaded flux cube with dimensions:          76 x          11 x           9 x        1173
 Performing interpolation at target parameters...
 Interpolation complete
         37   6.477176   4896.436  -6.665985  -6.665985   2.000000   2.000000   0.718000   0.000707   0.268000  -5.899341    651      0
 2.8505E+00   6.477176   0.707569 -99.000000  -8.063840 -12.343152   0.000000   0.268000   0.006566   0.014000   0.045045      2
 4.2478E+03  -0.873083   1.129352 -22.276220 -99.000000  -7.179635   0.000000   0.002413   0.001460   0.014000  0.000E+00  max increase

 Loading precomputed flux cube from:/home/njm/MESA/mesa/colors/data/stellar_models/Kurucz2003all//flux_cube.bin
 Loaded flux cube with dimensions:          76 x          11 x           9 x        1173
 Performing interpolation at target parameters...
 Interpolation complete
         38   6.477617   4896.740  -6.661120  -6.661120   2.000000   2.000000   0.718000   0.000707   0.268000  -5.897608    651      0
 2.9297E+00   6.477617   0.707100 -99.000000  -8.058975 -12.344416   0.000000   0.268000   0.006566   0.014000   0.045048      2
 5.0984E+03  -0.871669   1.128522 -22.100128 -99.000000  -7.179170   0.000000   0.002413   0.001460   0.014000  0.000E+00  max increase

 Loading precomputed flux cube from:/home/njm/MESA/mesa/colors/data/stellar_models/Kurucz2003all//flux_cube.bin
 Loaded flux cube with dimensions:          76 x          11 x           9 x        1173
 Performing interpolation at target parameters...
 Interpolation complete
         39   6.478145   4897.103  -6.655306  -6.655306   2.000000   2.000000   0.718000   0.000707   0.268000  -5.895531    651      0
 3.0089E+00   6.478145   0.706539 -99.000000  -8.053161 -12.345929   0.000000   0.268000   0.006566   0.014000   0.045052      2
 6.1190E+03  -0.869976   1.127529 -99.000000 -99.000000  -7.178614   0.000000   0.002413   0.001460   0.014000  0.000E+00  max increase

 Loading precomputed flux cube from:/home/njm/MESA/mesa/colors/data/stellar_models/Kurucz2003all//flux_cube.bin
 Loaded flux cube with dimensions:          76 x          11 x           9 x        1173
 Performing interpolation at target parameters...
 Interpolation complete

__________________________________________________________________________________________________________________________________________________

       step    lg_Tmax     Teff     lg_LH      lg_Lnuc_tot     Mass       H_rich     H_cntr     N_cntr     Y_surf   eta_cntr   zones  retry
  lg_dt_yrs    lg_Tcntr    lg_R     lg_L3a     lg_Lneu     lg_Mdot    He_core    He_cntr    O_cntr     Z_surf   gam_cntr   iters  
    age_yrs    lg_Dcntr    lg_L     lg_LZ      lg_Lphoto   lg_Dsurf   CO_core    C_cntr     Ne_cntr    Z_cntr   v_div_cs       dt_limit
__________________________________________________________________________________________________________________________________________________

         40   6.478774   4897.536  -6.648360  -6.648360   2.000000   2.000000   0.718000   0.000707   0.268000  -5.893045    651      0
 3.0881E+00   6.478774   0.705870 -99.000000  -8.046215 -12.347739   0.000000   0.268000   0.006566   0.014000   0.045057      2
 7.3439E+03  -0.867953   1.126344 -22.577250 -99.000000  -7.177950   0.000000   0.002413   0.001460   0.014000  0.000E+00  max increase

 Loading precomputed flux cube from:/home/njm/MESA/mesa/colors/data/stellar_models/Kurucz2003all//flux_cube.bin
 Loaded flux cube with dimensions:          76 x          11 x           9 x        1173
 Performing interpolation at target parameters...
 Interpolation complete
         41   6.479526   4898.053  -6.640071  -6.640071   2.000000   2.000000   0.718000   0.000707   0.268000  -5.890070    651      0
 3.1672E+00   6.479526   0.705070 -99.000000  -8.037926 -12.349901   0.000000   0.268000   0.006566   0.014000   0.045062      2
 8.8136E+03  -0.865535   1.124927 -99.000000 -99.000000  -7.177157   0.000000   0.002413   0.001460   0.014000  0.000E+00  max increase

 Loading precomputed flux cube from:/home/njm/MESA/mesa/colors/data/stellar_models/Kurucz2003all//flux_cube.bin
 Loaded flux cube with dimensions:          76 x          11 x           9 x        1173
 Performing interpolation at target parameters...
 Interpolation complete
         42   6.480420   4898.669  -6.630189  -6.630189   2.000000   2.000000   0.718000   0.000707   0.268000  -5.886510    651      0
 3.2464E+00   6.480420   0.704116 -99.000000  -8.028044 -12.352483   0.000000   0.268000   0.006566   0.014000   0.045069      2
 1.0577E+04  -0.862648   1.123238 -22.100128 -99.000000  -7.176211   0.000000   0.002413   0.001460   0.014000  0.000E+00  max increase

 Loading precomputed flux cube from:/home/njm/MESA/mesa/colors/data/stellar_models/Kurucz2003all//flux_cube.bin
 Loaded flux cube with dimensions:          76 x          11 x           9 x        1173
 Performing interpolation at target parameters...
 Interpolation complete
         43   6.481484   4899.401  -6.618422  -6.618422   2.000000   2.000000   0.718000   0.000707   0.268000  -5.882255    652      0
 3.3256E+00   6.481484   0.702979 -99.000000  -8.016277 -12.355563   0.000000   0.268000   0.006566   0.014000   0.045078      2
 1.2694E+04  -0.859205   1.121224 -99.000000 -99.000000  -7.175084   0.000000   0.002413   0.001460   0.014000  0.000E+00  max increase

 Loading precomputed flux cube from:/home/njm/MESA/mesa/colors/data/stellar_models/Kurucz2003all//flux_cube.bin
 Loaded flux cube with dimensions:          76 x          11 x           9 x        1173
 Performing interpolation at target parameters...
 Interpolation complete
         44   6.482748   4900.267  -6.604432  -6.604432   2.000000   2.000000   0.718000   0.000707   0.268000  -5.877169    652      0
 3.4048E+00   6.482748   0.701627 -99.000000  -8.002287 -12.359235   0.000000   0.268000   0.006566   0.014000   0.045089      3
 1.5234E+04  -0.855103   1.118826 -21.975190 -99.000000  -7.173741   0.000000   0.002413   0.001460   0.014000  0.000E+00  max increase

 Loading precomputed flux cube from:/home/njm/MESA/mesa/colors/data/stellar_models/Kurucz2003all//flux_cube.bin
 Loaded flux cube with dimensions:          76 x          11 x           9 x        1173
 Performing interpolation at target parameters...
 Interpolation complete
         45   6.484244   4901.286  -6.587830  -6.587830   2.000000   2.000000   0.718000   0.000707   0.268000  -5.871096    652      0
 3.4840E+00   6.484244   0.700020 -99.000000  -7.985684 -12.363606   0.000000   0.268000   0.006566   0.014000   0.045102      3
 1.8281E+04  -0.850223   1.115973 -99.000000 -99.000000  -7.172146   0.000000   0.002413   0.001460   0.014000  0.000E+00  max increase

 Loading precomputed flux cube from:/home/njm/MESA/mesa/colors/data/stellar_models/Kurucz2003all//flux_cube.bin
 Loaded flux cube with dimensions:          76 x          11 x           9 x        1173
 Performing interpolation at target parameters...
 Interpolation complete
         46   6.486014   4903.144  -6.568155  -6.568155   2.000000   2.000000   0.718000   0.000707   0.268000  -5.863850    654      0
 3.5632E+00   6.486014   0.698114 -99.000000  -7.966009 -12.368803   0.000000   0.268000   0.006566   0.014000   0.045119      3
 2.1939E+04  -0.844423   1.112819 -99.000000 -99.000000  -7.170347   0.000000   0.002413   0.001460   0.014000  0.000E+00  max increase

 Loading precomputed flux cube from:/home/njm/MESA/mesa/colors/data/stellar_models/Kurucz2003all//flux_cube.bin
 Loaded flux cube with dimensions:          76 x          11 x           9 x        1173
 Performing interpolation at target parameters...
 Interpolation complete
         47   6.488100   4904.522  -6.544909  -6.544909   2.000000   2.000000   0.718000   0.000707   0.268000  -5.855211    655      0
 3.6423E+00   6.488100   0.695858 -99.000000  -7.942764 -12.374658   0.000000   0.268000   0.006566   0.014000   0.045141      3
 2.6327E+04  -0.837545   1.108797 -22.276220 -99.000000  -7.168101   0.000000   0.002413   0.001460   0.014000  0.000E+00  max increase

 Loading precomputed flux cube from:/home/njm/MESA/mesa/colors/data/stellar_models/Kurucz2003all//flux_cube.bin
 Loaded flux cube with dimensions:          76 x          11 x           9 x        1173
 Performing interpolation at target parameters...
 Interpolation complete
         48   6.490549   4906.205  -6.517523  -6.517523   2.000000   2.000000   0.718000   0.000707   0.268000  -5.844925    654      0
 3.7215E+00   6.490549   0.693197 -99.000000  -7.915377 -12.381978   0.000000   0.268000   0.006566   0.014000   0.045168      3
 3.1594E+04  -0.829407   1.104071 -99.000000 -99.000000  -7.165461   0.000000   0.002413   0.001460   0.014000  0.000E+00  max increase

 Loading precomputed flux cube from:/home/njm/MESA/mesa/colors/data/stellar_models/Kurucz2003all//flux_cube.bin
 Loaded flux cube with dimensions:          76 x          11 x           9 x        1173
 Performing interpolation at target parameters...
 Interpolation complete
         49   6.493416   4908.559  -6.485354  -6.485354   2.000000   2.000000   0.718000   0.000707   0.268000  -5.832695    655      0
 3.8007E+00   6.493416   0.690066 -99.000000  -7.883207 -12.390588   0.000000   0.268000   0.006566   0.014000   0.045203      4
 3.7913E+04  -0.819799   1.098641 -99.000000 -99.000000  -7.162408   0.000000   0.002413   0.001460   0.014000  0.000E+00  max increase

 Loading precomputed flux cube from:/home/njm/MESA/mesa/colors/data/stellar_models/Kurucz2003all//flux_cube.bin
 Loaded flux cube with dimensions:          76 x          11 x           9 x        1173
 Performing interpolation at target parameters...
 Interpolation complete

__________________________________________________________________________________________________________________________________________________

       step    lg_Tmax     Teff     lg_LH      lg_Lnuc_tot     Mass       H_rich     H_cntr     N_cntr     Y_surf   eta_cntr   zones  retry
  lg_dt_yrs    lg_Tcntr    lg_R     lg_L3a     lg_Lneu     lg_Mdot    He_core    He_cntr    O_cntr     Z_surf   gam_cntr   iters  
    age_yrs    lg_Dcntr    lg_L     lg_LZ      lg_Lphoto   lg_Dsurf   CO_core    C_cntr     Ne_cntr    Z_cntr   v_div_cs       dt_limit
__________________________________________________________________________________________________________________________________________________

         50   6.496757   4910.969  -6.447719  -6.447719   2.000000   2.000000   0.718000   0.000707   0.268000  -5.818180    655      0
 3.8799E+00   6.496757   0.686394 -99.000000  -7.845572 -12.400543   0.000000   0.268000   0.006566   0.014000   0.045248      4
 4.5497E+04  -0.808489   1.092149 -99.000000 -99.000000  -7.158780   0.000000   0.002413   0.001460   0.014000  0.000E+00  max increase

save LOGS/profile2.data for model 50
 Loading precomputed flux cube from:/home/njm/MESA/mesa/colors/data/stellar_models/Kurucz2003all//flux_cube.bin
 Loaded flux cube with dimensions:          76 x          11 x           9 x        1173
 Performing interpolation at target parameters...
 Interpolation complete
save photos/x050 for model 50
         51   6.500630   4913.747  -6.403882  -6.403882   2.000000   2.000000   0.718000   0.000707   0.268000  -5.800993    654      0
 3.9591E+00   6.500630   0.682105 -99.000000  -7.801734 -12.412384   0.000000   0.268000   0.006566   0.014000   0.045305      4
 5.4598E+04  -0.795220   1.084556 -21.674160 -99.000000  -7.154539   0.000000   0.002413   0.001460   0.014000  0.000E+00  max increase

 Loading precomputed flux cube from:/home/njm/MESA/mesa/colors/data/stellar_models/Kurucz2003all//flux_cube.bin
 Loaded flux cube with dimensions:          76 x          11 x           9 x        1173
 Performing interpolation at target parameters...
 Interpolation complete
         52   6.505097   4916.782  -6.353081  -6.353081   2.000000   2.000000   0.718000   0.000707   0.268000  -5.780693    656      0
 4.0382E+00   6.505097   0.677121 -99.000000  -7.750934 -12.426229   0.000000   0.268000   0.006566   0.014000   0.045378      3
 6.5518E+04  -0.779712   1.075659 -99.000000 -99.000000  -7.149584   0.000000   0.002413   0.001460   0.014000  0.000E+00  max increase

 Loading precomputed flux cube from:/home/njm/MESA/mesa/colors/data/stellar_models/Kurucz2003all//flux_cube.bin
 Loaded flux cube with dimensions:          76 x          11 x           9 x        1173
 Performing interpolation at target parameters...
 Interpolation complete
         53   6.510217   4920.382  -6.294537  -6.294537   2.000000   2.000000   0.718000   0.000707   0.268000  -5.756791    658      0
 4.1174E+00   6.510217   0.671357 -99.000000  -7.692389 -12.442416   0.000000   0.268000   0.006566   0.014000   0.045472      4
 7.8623E+04  -0.761659   1.065402 -21.674160 -99.000000  -7.143871   0.000000   0.002413   0.001460   0.014000  0.000E+00  max increase

 Loading precomputed flux cube from:/home/njm/MESA/mesa/colors/data/stellar_models/Kurucz2003all//flux_cube.bin
 Loaded flux cube with dimensions:          76 x          11 x           9 x        1173
 Performing interpolation at target parameters...
 Interpolation complete
         54   6.516050   4924.508  -6.227489  -6.227489   2.000000   2.000000   0.718000   0.000707   0.268000  -5.728747    656      0
 4.1966E+00   6.516050   0.664729 -99.000000  -7.625340 -12.461094   0.000000   0.268000   0.006566   0.014000   0.045592      3
 9.4348E+04  -0.740741   1.053603 -99.000000 -99.000000  -7.137304   0.000000   0.002413   0.001460   0.014000  0.000E+00  max increase

 Loading precomputed flux cube from:/home/njm/MESA/mesa/colors/data/stellar_models/Kurucz2003all//flux_cube.bin
 Loaded flux cube with dimensions:          76 x          11 x           9 x        1173
 Performing interpolation at target parameters...
 Interpolation complete
         55   6.522653   4929.844  -6.151190  -6.151190   2.000000   2.000000   0.718000   0.000707   0.268000  -5.695970    661      0
 4.2758E+00   6.522653   0.657153 -99.000000  -7.549041 -12.482577   0.000000   0.268000   0.006566   0.014000   0.045743      4
 1.1322E+05  -0.716614   1.040333 -21.197038 -99.000000  -7.129896   0.000000   0.002413   0.001460   0.014000  0.000E+00  max increase

 Loading precomputed flux cube from:/home/njm/MESA/mesa/colors/data/stellar_models/Kurucz2003all//flux_cube.bin
 Loaded flux cube with dimensions:          76 x          11 x           9 x        1173
 Performing interpolation at target parameters...
 Interpolation complete
         56   6.530063   4934.869  -6.065082  -6.065082   2.000000   2.000000   0.718000   0.000707   0.268000  -5.657832    659      0
 4.3550E+00   6.530063   0.648563 -99.000000  -7.462931 -12.506839   0.000000   0.268000   0.006566   0.014000   0.045934      4
 1.3586E+05  -0.688950   1.024922 -21.975190 -99.000000  -7.121348   0.000000   0.002413   0.001460   0.014000  0.000E+00  max increase

 Loading precomputed flux cube from:/home/njm/MESA/mesa/colors/data/stellar_models/Kurucz2003all//flux_cube.bin
 Loaded flux cube with dimensions:          76 x          11 x           9 x        1173
 Performing interpolation at target parameters...
 Interpolation complete
         57   6.538317   4940.482  -5.968676  -5.968676   2.000000   2.000000   0.718000   0.000707   0.268000  -5.613670    659      0
 4.4341E+00   6.538317   0.638897 -99.000000  -7.366525 -12.534843   0.000000   0.268000   0.006566   0.014000   0.046174      4
 1.6304E+05  -0.657409   1.007564 -21.373130 -99.000000  -7.111732   0.000000   0.002413   0.001460   0.014000  0.000E+00  max increase

 Loading precomputed flux cube from:/home/njm/MESA/mesa/colors/data/stellar_models/Kurucz2003all//flux_cube.bin
 Loaded flux cube with dimensions:          76 x          11 x           9 x        1173
 Performing interpolation at target parameters...
 Interpolation complete
         58   6.547445   4947.362  -5.861587  -5.861587   2.000000   2.000000   0.718000   0.000707   0.268000  -5.562805    664      0
 4.5133E+00   6.547445   0.628105 -99.000000  -7.259434 -12.566377   0.000000   0.268000   0.006566   0.014000   0.046472      4
 1.9565E+05  -0.621650   0.988399 -21.197038 -99.000000  -7.101098   0.000000   0.002413   0.001460   0.014000  0.000E+00  max increase

 Loading precomputed flux cube from:/home/njm/MESA/mesa/colors/data/stellar_models/Kurucz2003all//flux_cube.bin
 Loaded flux cube with dimensions:          76 x          11 x           9 x        1173
 Performing interpolation at target parameters...
 Interpolation complete
         59   6.557452   4954.033  -5.743733  -5.743733   2.000000   2.000000   0.718000   0.000707   0.268000  -5.504558    663      0
 4.5925E+00   6.557452   0.616175 -99.000000  -7.141578 -12.601293   0.000000   0.268000   0.006566   0.014000   0.046839      4
 2.3478E+05  -0.581369   0.966880 -21.197038 -99.000000  -7.089210   0.000000   0.002413   0.001460   0.014000  0.000E+00  max increase

 Loading precomputed flux cube from:/home/njm/MESA/mesa/colors/data/stellar_models/Kurucz2003all//flux_cube.bin
 Loaded flux cube with dimensions:          76 x          11 x           9 x        1173
 Performing interpolation at target parameters...
 Interpolation complete

__________________________________________________________________________________________________________________________________________________

       step    lg_Tmax     Teff     lg_LH      lg_Lnuc_tot     Mass       H_rich     H_cntr     N_cntr     Y_surf   eta_cntr   zones  retry
  lg_dt_yrs    lg_Tcntr    lg_R     lg_L3a     lg_Lneu     lg_Mdot    He_core    He_cntr    O_cntr     Z_surf   gam_cntr   iters  
    age_yrs    lg_Dcntr    lg_L     lg_LZ      lg_Lphoto   lg_Dsurf   CO_core    C_cntr     Ne_cntr    Z_cntr   v_div_cs       dt_limit
__________________________________________________________________________________________________________________________________________________

         60   6.568370   4963.156  -5.614931  -5.614931   2.000000   2.000000   0.718000   0.000707   0.268000  -5.438262    665      0
 4.6717E+00   6.568370   0.603092 -99.000000  -7.012775 -12.640341   0.000000   0.268000   0.006566   0.014000   0.047286      4
 2.8173E+05  -0.536235   0.943909 -99.000000 -99.000000  -7.076466   0.000000   0.002413   0.001460   0.014000  0.000E+00  max increase

 Loading precomputed flux cube from:/home/njm/MESA/mesa/colors/data/stellar_models/Kurucz2003all//flux_cube.bin
 Loaded flux cube with dimensions:          76 x          11 x           9 x        1173
 Performing interpolation at target parameters...
 Interpolation complete
         61   6.580182   4971.450  -5.475507  -5.475507   2.000000   2.000000   0.718000   0.000707   0.268000  -5.363289    664      0
 4.7509E+00   6.580182   0.588907 -99.000000  -6.873348 -12.682316   0.000000   0.268000   0.006566   0.014000   0.047827      4
 3.3808E+05  -0.485999   0.918441 -20.674160 -99.000000  -7.062414   0.000000   0.002413   0.001460   0.014000  0.000E+00  max increase

 Loading precomputed flux cube from:/home/njm/MESA/mesa/colors/data/stellar_models/Kurucz2003all//flux_cube.bin
 Loaded flux cube with dimensions:          76 x          11 x           9 x        1173
 Performing interpolation at target parameters...
 Interpolation complete
         62   6.591965   4980.828  -5.336506  -5.336506   2.000000   2.000000   0.718000   0.000707   0.268000  -5.285141    667      0
 4.7945E+00   6.591965   0.574788 -99.000000  -6.734345 -12.728584   0.000000   0.268000   0.006566   0.014000   0.048426      4
 4.0039E+05  -0.434433   0.893475 -99.000000 -99.000000  -7.048620   0.000000   0.002413   0.001460   0.014000  0.000E+00    lgRho_cntr

 Loading precomputed flux cube from:/home/njm/MESA/mesa/colors/data/stellar_models/Kurucz2003all//flux_cube.bin
 Loaded flux cube with dimensions:          76 x          11 x           9 x        1173
 Performing interpolation at target parameters...
 Interpolation complete
         63   6.602336   4988.592  -5.214205  -5.214205   2.000000   2.000000   0.718000   0.000707   0.268000  -5.213341    667      0
 4.7798E+00   6.602336   0.562428 -99.000000  -6.612041 -12.774120   0.000000   0.268000   0.006566   0.014000   0.049008      4
 4.6061E+05  -0.387742   0.871462 -99.000000 -99.000000  -7.036484   0.000000   0.002413   0.001460   0.014000  0.000E+00    lgRho_cntr

 Loading precomputed flux cube from:/home/njm/MESA/mesa/colors/data/stellar_models/Kurucz2003all//flux_cube.bin
 Loaded flux cube with dimensions:          76 x          11 x           9 x        1173
 Performing interpolation at target parameters...
 Interpolation complete
         64   6.613465   4998.354  -5.083858  -5.083858   2.000000   2.000000   0.718000   0.000707   0.268000  -5.134379    670      0
 4.8477E+00   6.613465   0.549370 -99.000000  -6.481690 -12.814194   0.000000   0.268000   0.006566   0.014000   0.049672      4
 5.3103E+05  -0.336813   0.848741 -20.771070 -99.000000  -7.023931   0.000000   0.002413   0.001460   0.014000  0.000E+00    varcontrol

 Loading precomputed flux cube from:/home/njm/MESA/mesa/colors/data/stellar_models/Kurucz2003all//flux_cube.bin
 Loaded flux cube with dimensions:          76 x          11 x           9 x        1173
 Performing interpolation at target parameters...
 Interpolation complete
         65   6.624876   5007.778  -4.951197  -4.951197   2.000000   2.000000   0.718000   0.000707   0.268000  -5.051357    669      0
 4.8964E+00   6.624876   0.536264 -99.000000  -6.349026 -12.855811   0.000000   0.268000   0.006566   0.014000   0.050397      4
 6.0981E+05  -0.283708   0.825801 -20.771070 -99.000000  -7.011284   0.000000   0.002413   0.001460   0.014000  0.000E+00    lgRho_cntr

 Loading precomputed flux cube from:/home/njm/MESA/mesa/colors/data/stellar_models/Kurucz2003all//flux_cube.bin
 Loaded flux cube with dimensions:          76 x          11 x           9 x        1173
 Performing interpolation at target parameters...
 Interpolation complete
         66   6.634938   5016.672  -4.834864  -4.834864   2.000000   2.000000   0.718000   0.000707   0.268000  -4.976136    672      0
 4.8757E+00   6.634938   0.524985 -99.000000  -6.232689 -12.897763   0.000000   0.268000   0.006566   0.014000   0.051079      4
 6.8491E+05  -0.236013   0.806327 -99.000000 -99.000000  -7.000543   0.000000   0.002413   0.001460   0.014000  0.000E+00    lgRho_cntr

 Loading precomputed flux cube from:/home/njm/MESA/mesa/colors/data/stellar_models/Kurucz2003all//flux_cube.bin
 Loaded flux cube with dimensions:          76 x          11 x           9 x        1173
 Performing interpolation at target parameters...
 Interpolation complete
         67   6.646027   5028.346  -4.708222  -4.708222   2.000000   2.000000   0.718000   0.000707   0.268000  -4.892608    676      0
 4.9481E+00   6.646027   0.512993 -99.000000  -6.106042 -12.933505   0.000000   0.268000   0.006566   0.014000   0.051852      5
 7.7364E+05  -0.183184   0.786379 -99.000000 -99.000000  -6.989516   0.000000   0.002413   0.001460   0.014000  0.000E+00    varcontrol

 Loading precomputed flux cube from:/home/njm/MESA/mesa/colors/data/stellar_models/Kurucz2003all//flux_cube.bin
 Loaded flux cube with dimensions:          76 x          11 x           9 x        1173
 Performing interpolation at target parameters...
 Interpolation complete
         68   6.657612   5040.206  -4.577507  -4.577507   2.000000   2.000000   0.718000   0.000707   0.268000  -4.804540    674      0
 4.9977E+00   6.657612   0.501008 -99.000000  -5.975322 -12.970483   0.000000   0.268000   0.006566   0.014000   0.052685      4
 8.7312E+05  -0.127650   0.766503 -99.000000 -99.000000  -6.978549   0.000000   0.002413   0.001460   0.014000  0.000E+00    lgRho_cntr

 Loading precomputed flux cube from:/home/njm/MESA/mesa/colors/data/stellar_models/Kurucz2003all//flux_cube.bin
 Loaded flux cube with dimensions:          76 x          11 x           9 x        1173
 Performing interpolation at target parameters...
 Interpolation complete
         69   6.667781   5052.102  -4.463816  -4.463816   2.000000   2.000000   0.718000   0.000707   0.268000  -4.726196    677      0
 4.9679E+00   6.667781   0.490986 -99.000000  -5.861626 -13.007359   0.000000   0.268000   0.006566   0.014000   0.053446      4
 9.6600E+05  -0.078463   0.750553 -99.000000 -99.000000  -6.969740   0.000000   0.002413   0.001460   0.014000  0.000E+00    lgRho_cntr

 Loading precomputed flux cube from:/home/njm/MESA/mesa/colors/data/stellar_models/Kurucz2003all//flux_cube.bin
 Loaded flux cube with dimensions:          76 x          11 x           9 x        1173
 Performing interpolation at target parameters...
 Interpolation complete

__________________________________________________________________________________________________________________________________________________

       step    lg_Tmax     Teff     lg_LH      lg_Lnuc_tot     Mass       H_rich     H_cntr     N_cntr     Y_surf   eta_cntr   zones  retry
  lg_dt_yrs    lg_Tcntr    lg_R     lg_L3a     lg_Lneu     lg_Mdot    He_core    He_cntr    O_cntr     Z_surf   gam_cntr   iters  
    age_yrs    lg_Dcntr    lg_L     lg_LZ      lg_Lphoto   lg_Dsurf   CO_core    C_cntr     Ne_cntr    Z_cntr   v_div_cs       dt_limit
__________________________________________________________________________________________________________________________________________________

         70   6.679282   5066.034  -4.337274  -4.337274   2.000000   2.000000   0.718000   0.000707   0.268000  -4.638206    677      0
 5.0445E+00   6.679282   0.480340 -99.000000  -5.735077 -13.037290   0.000000   0.268000   0.006566   0.014000   0.054308      4
 1.0768E+06  -0.023109   0.734046 -99.000000 -99.000000  -6.960636   0.000000   0.002413   0.001460   0.014000  0.000E+00    varcontrol

 Loading precomputed flux cube from:/home/njm/MESA/mesa/colors/data/stellar_models/Kurucz2003all//flux_cube.bin
 Loaded flux cube with dimensions:          76 x          11 x           9 x        1173
 Performing interpolation at target parameters...
 Interpolation complete
         71   6.691566   5084.329  -4.204308  -4.204308   2.000000   2.000000   0.718000   0.000707   0.268000  -4.545045    682      0
 5.0949E+00   6.691566   0.469811 -99.000000  -5.602103 -13.068496   0.000000   0.268000   0.006566   0.014000   0.055229      4
 1.2012E+06   0.035647   0.719249 -99.000000 -99.000000  -6.952479   0.000000   0.002413   0.001460   0.014000  0.000E+00    lgRho_cntr

 Loading precomputed flux cube from:/home/njm/MESA/mesa/colors/data/stellar_models/Kurucz2003all//flux_cube.bin
 Loaded flux cube with dimensions:          76 x          11 x           9 x        1173
 Performing interpolation at target parameters...
 Interpolation complete
         72   6.702251   5100.617  -4.089945  -4.089945   2.000000   2.000000   0.718000   0.000707   0.268000  -4.463911    681      0
 5.0537E+00   6.702251   0.461395 -99.000000  -5.487732 -13.097296   0.000000   0.268000   0.006566   0.014000   0.056044      4
 1.3144E+06   0.086788   0.707974 -99.000000 -99.000000  -6.946302   0.000000   0.002413   0.001460   0.014000  0.000E+00    lgRho_cntr

 Loading precomputed flux cube from:/home/njm/MESA/mesa/colors/data/stellar_models/Kurucz2003all//flux_cube.bin
 Loaded flux cube with dimensions:          76 x          11 x           9 x        1173
 Performing interpolation at target parameters...
 Interpolation complete
         73   6.712365   5117.162  -3.983090  -3.983090   2.000000   2.000000   0.718000   0.000707   0.268000  -4.387823    683      0
 5.0440E+00   6.712365   0.454132 -99.000000  -5.380869 -13.119570   0.000000   0.268000   0.006566   0.014000   0.056813      4
 1.4250E+06   0.134879   0.699075 -99.000000 -99.000000  -6.941472   0.000000   0.002413   0.001460   0.014000  0.000E+00    lgRho_cntr

 Loading precomputed flux cube from:/home/njm/MESA/mesa/colors/data/stellar_models/Kurucz2003all//flux_cube.bin
 Loaded flux cube with dimensions:          76 x          11 x           9 x        1173
 Performing interpolation at target parameters...
 Interpolation complete
         74   6.724211   5138.168  -3.860245  -3.860245   2.000000   2.000000   0.718000   0.000707   0.268000  -4.301068    683      0
 5.1232E+00   6.724211   0.446553 -99.000000  -5.258014 -13.137670   0.000000   0.268000   0.006566   0.014000   0.057681      4
 1.5579E+06   0.190169   0.691034 -19.089828 -99.000000  -6.937195   0.000000   0.002413   0.001460   0.014000  0.000E+00  max increase

 Loading precomputed flux cube from:/home/njm/MESA/mesa/colors/data/stellar_models/Kurucz2003all//flux_cube.bin
 Loaded flux cube with dimensions:          76 x          11 x           9 x        1173
 Performing interpolation at target parameters...
 Interpolation complete
         75   6.737830   5165.492  -3.721736  -3.721736   2.000000   2.000000   0.718000   0.000707   0.268000  -4.204375    694      0
 5.1929E+00   6.737830   0.439065 -99.000000  -5.119492 -13.154876   0.000000   0.268000   0.006566   0.014000   0.058635      4
 1.7138E+06   0.252401   0.685270 -19.566950 -99.000000  -6.934383   0.000000   0.002413   0.001460   0.014000  0.000E+00    lgRho_cntr

 Loading precomputed flux cube from:/home/njm/MESA/mesa/colors/data/stellar_models/Kurucz2003all//flux_cube.bin
 Loaded flux cube with dimensions:          76 x          11 x           9 x        1173
 Performing interpolation at target parameters...
 Interpolation complete
         76   6.749673   5190.643  -3.602755  -3.602755   2.000000   2.000000   0.718000   0.000707   0.268000  -4.121424    692      0
 5.1408E+00   6.749673   0.433662 -99.000000  -5.000498 -13.168932   0.000000   0.268000   0.006566   0.014000   0.059454      4
 1.8520E+06   0.306013   0.682903 -99.000000 -99.000000  -6.933510   0.000000   0.002413   0.001460   0.014000  0.000E+00    lgRho_cntr

 Loading precomputed flux cube from:/home/njm/MESA/mesa/colors/data/stellar_models/Kurucz2003all//flux_cube.bin
 Loaded flux cube with dimensions:          76 x          11 x           9 x        1173
 Performing interpolation at target parameters...
 Interpolation complete
         77   6.760933   5216.286  -3.491201  -3.491201   2.000000   2.000000   0.718000   0.000707   0.268000  -4.044413    692      0
 5.1225E+00   6.760933   0.429536 -99.000000  -4.888931 -13.176656   0.000000   0.268000   0.006566   0.014000   0.060206      4
 1.9846E+06   0.356168   0.683211 -99.000000 -99.000000  -6.934266   0.000000   0.002413   0.001460   0.014000  0.000E+00    lgRho_cntr

 Loading precomputed flux cube from:/home/njm/MESA/mesa/colors/data/stellar_models/Kurucz2003all//flux_cube.bin
 Loaded flux cube with dimensions:          76 x          11 x           9 x        1173
 Performing interpolation at target parameters...
 Interpolation complete
         78   6.772098   5244.025  -3.382166  -3.382166   2.000000   2.000000   0.718000   0.000707   0.268000  -3.970249    695      0
 5.1191E+00   6.772098   0.426424 -99.000000  -4.779881 -13.179698   0.000000   0.268000   0.006566   0.014000   0.060916      4
 2.1162E+06   0.404938   0.686201 -18.964890 -99.000000  -6.936732   0.000000   0.002413   0.001460   0.014000  0.000E+00    lgRho_cntr

 Loading precomputed flux cube from:/home/njm/MESA/mesa/colors/data/stellar_models/Kurucz2003all//flux_cube.bin
 Loaded flux cube with dimensions:          76 x          11 x           9 x        1173
 Performing interpolation at target parameters...
 Interpolation complete
         79   6.785634   5278.784  -3.252513  -3.252513   2.000000   2.000000   0.718000   0.000707   0.268000  -3.884510    695      0
 5.1983E+00   6.785634   0.423975 -99.000000  -4.650210 -13.178268   0.000000   0.268000   0.006566   0.014000   0.061702      4
 2.2741E+06   0.462246   0.692779 -99.000000 -99.000000  -6.941672   0.000000   0.002413   0.001460   0.014000  0.000E+00  max increase

 Loading precomputed flux cube from:/home/njm/MESA/mesa/colors/data/stellar_models/Kurucz2003all//flux_cube.bin
 Loaded flux cube with dimensions:          76 x          11 x           9 x        1173
 Performing interpolation at target parameters...
 Interpolation complete

__________________________________________________________________________________________________________________________________________________

       step    lg_Tmax     Teff     lg_LH      lg_Lnuc_tot     Mass       H_rich     H_cntr     N_cntr     Y_surf   eta_cntr   zones  retry
  lg_dt_yrs    lg_Tcntr    lg_R     lg_L3a     lg_Lneu     lg_Mdot    He_core    He_cntr    O_cntr     Z_surf   gam_cntr   iters  
    age_yrs    lg_Dcntr    lg_L     lg_LZ      lg_Lphoto   lg_Dsurf   CO_core    C_cntr     Ne_cntr    Z_cntr   v_div_cs       dt_limit
__________________________________________________________________________________________________________________________________________________

         80   6.802200   5323.826  -3.097246  -3.097246   2.000000   2.000000   0.718000   0.000707   0.268000  -3.785427    696      0
 5.2775E+00   6.802200   0.422908 -99.000000  -4.494918 -13.171440   0.000000   0.268000   0.006566   0.014000   0.062555      4
 2.4635E+06   0.529831   0.705406 -18.487768 -99.000000  -6.950857   0.000000   0.002413   0.001460   0.014000  0.000E+00    lgRho_cntr

 Loading precomputed flux cube from:/home/njm/MESA/mesa/colors/data/stellar_models/Kurucz2003all//flux_cube.bin
 Loaded flux cube with dimensions:          76 x          11 x           9 x        1173
 Performing interpolation at target parameters...
 Interpolation complete
         81   6.816616   5365.459  -2.963968  -2.963968   2.000000   2.000000   0.718000   0.000707   0.268000  -3.701964    696      0
 5.2102E+00   6.816616   0.423914 -99.000000  -4.361616 -13.155288   0.000000   0.268000   0.006566   0.014000   0.063248      4
 2.6258E+06   0.587431   0.720949 -99.000000 -99.000000  -6.962101   0.000000   0.002413   0.001460   0.014000  0.000E+00    lgRho_cntr

 Loading precomputed flux cube from:/home/njm/MESA/mesa/colors/data/stellar_models/Kurucz2003all//flux_cube.bin
 Loaded flux cube with dimensions:          76 x          11 x           9 x        1173
 Performing interpolation at target parameters...
 Interpolation complete
         82   6.830389   5407.195  -2.838574  -2.838574   2.000000   2.000000   0.718000   0.000707   0.268000  -3.625589    696      0
 5.1789E+00   6.830389   0.426644 -99.000000  -4.236197 -13.133462   0.000000   0.268000   0.006566   0.014000   0.063845      5
 2.7767E+06   0.640992   0.739870 -18.362830 -99.000000  -6.975972   0.000000   0.002413   0.001460   0.014000  0.000E+00    lgRho_cntr

 Loading precomputed flux cube from:/home/njm/MESA/mesa/colors/data/stellar_models/Kurucz2003all//flux_cube.bin
 Loaded flux cube with dimensions:          76 x          11 x           9 x        1173
 Performing interpolation at target parameters...
 Interpolation complete
         83   6.844154   5451.250  -2.715210  -2.715210   2.000000   2.000000   0.718000   0.000707   0.268000  -3.552898    699      0
 5.1639E+00   6.844154   0.431126 -99.000000  -4.112806 -13.105632   0.000000   0.268000   0.006566   0.014000   0.064369      4
 2.9226E+06   0.692935   0.762929 -99.000000 -99.000000  -6.993310   0.000000   0.002413   0.001460   0.014000  0.000E+00    lgRho_cntr

 Loading precomputed flux cube from:/home/njm/MESA/mesa/colors/data/stellar_models/Kurucz2003all//flux_cube.bin
 Loaded flux cube with dimensions:          76 x          11 x           9 x        1173
 Performing interpolation at target parameters...
 Interpolation complete
         84   6.858234   5497.499  -2.591012  -2.591012   2.000000   2.000000   0.718000   0.000707   0.268000  -3.482367    698      0
 5.1561E+00   6.858234   0.437571 -99.000000  -3.988579 -13.070746   0.000000   0.268000   0.006566   0.014000   0.064826      4
 3.0658E+06   0.744400   0.790496 -99.000000 -99.000000  -7.014658   0.000000   0.002413   0.001460   0.014000  0.000E+00    lgRho_cntr

 Loading precomputed flux cube from:/home/njm/MESA/mesa/colors/data/stellar_models/Kurucz2003all//flux_cube.bin
 Loaded flux cube with dimensions:          76 x          11 x           9 x        1173
 Performing interpolation at target parameters...
 Interpolation complete
         85   6.872819   5547.423  -2.464376  -2.464376   2.000000   2.000000   0.718000   0.000707   0.268000  -3.413312    698      0
 5.1508E+00   6.872819   0.446157 -99.000000  -3.861913 -13.028129   0.000000   0.268000   0.006566   0.014000   0.065216      4
 3.2073E+06   0.795971   0.823373 -99.000000 -99.000000  -7.041102   0.000000   0.002413   0.001460   0.014000  0.000E+00    lgRho_cntr

 Loading precomputed flux cube from:/home/njm/MESA/mesa/colors/data/stellar_models/Kurucz2003all//flux_cube.bin
 Loaded flux cube with dimensions:          76 x          11 x           9 x        1173
 Performing interpolation at target parameters...
 Interpolation complete
         86   6.888027   5601.417  -2.334422  -2.334422   2.000000   2.000000   0.718000   0.000707   0.268000  -3.345458    698      0
 5.1456E+00   6.888027   0.456820 -99.000000  -3.731925 -12.976550   0.000000   0.268000   0.006566   0.014000   0.065535      4
 3.3472E+06   0.847941   0.861525 -17.760770 -99.000000  -7.073247   0.000000   0.002413   0.001460   0.014000  0.000E+00    lgRho_cntr

 Loading precomputed flux cube from:/home/njm/MESA/mesa/colors/data/stellar_models/Kurucz2003all//flux_cube.bin
 Loaded flux cube with dimensions:          76 x          11 x           9 x        1173
 Performing interpolation at target parameters...
 Interpolation complete
         87   6.903910   5659.432  -2.200860  -2.200860   2.000000   2.000000   0.717999   0.000707   0.268000  -3.278745    698      0
 5.1393E+00   6.903910   0.469002 -99.000000  -3.598327 -12.916109   0.000000   0.268001   0.006566   0.014000   0.065778      5
 3.4850E+06   0.900412   0.903788 -17.362830 -99.000000  -7.110955   0.000000   0.002413   0.001460   0.014000  0.000E+00    lgRho_cntr

 Loading precomputed flux cube from:/home/njm/MESA/mesa/colors/data/stellar_models/Kurucz2003all//flux_cube.bin
 Loaded flux cube with dimensions:          76 x          11 x           9 x        1173
 Performing interpolation at target parameters...
 Interpolation complete
         88   6.920441   5720.845  -2.064030  -2.064030   2.000000   2.000000   0.717999   0.000707   0.268000  -3.213215    698      0
 5.1315E+00   6.920441   0.481527 -99.000000  -3.461459 -12.848846   0.000000   0.268001   0.006566   0.014000   0.065946      5
 3.6203E+06   0.953329   0.947589 -99.000000 -99.000000  -7.152785   0.000000   0.002413   0.001460   0.014000  0.000E+00    lgRho_cntr

 Loading precomputed flux cube from:/home/njm/MESA/mesa/colors/data/stellar_models/Kurucz2003all//flux_cube.bin
 Loaded flux cube with dimensions:          76 x          11 x           9 x        1173
 Performing interpolation at target parameters...
 Interpolation complete
         89   6.937528   5785.145  -1.924757  -1.924757   2.000000   2.000000   0.717999   0.000707   0.268000  -3.148929    698      0
 5.1220E+00   6.937528   0.493099 -99.000000  -3.322149 -12.779219   0.000000   0.268001   0.006566   0.014000   0.066044      5
 3.7528E+06   1.006525   0.990149 -99.000000 -99.000000  -7.196879   0.000000   0.002413   0.001460   0.014000  0.000E+00    lgRho_cntr

 Loading precomputed flux cube from:/home/njm/MESA/mesa/colors/data/stellar_models/Kurucz2003all//flux_cube.bin
 Loaded flux cube with dimensions:          76 x          11 x           9 x        1173
 Performing interpolation at target parameters...
 Interpolation complete

__________________________________________________________________________________________________________________________________________________

       step    lg_Tmax     Teff     lg_LH      lg_Lnuc_tot     Mass       H_rich     H_cntr     N_cntr     Y_surf   eta_cntr   zones  retry
  lg_dt_yrs    lg_Tcntr    lg_R     lg_L3a     lg_Lneu     lg_Mdot    He_core    He_cntr    O_cntr     Z_surf   gam_cntr   iters  
    age_yrs    lg_Dcntr    lg_L     lg_LZ      lg_Lphoto   lg_Dsurf   CO_core    C_cntr     Ne_cntr    Z_cntr   v_div_cs       dt_limit
__________________________________________________________________________________________________________________________________________________

         90   6.955054   5852.634  -1.783960  -1.783960   2.000000   2.000000   0.717999   0.000707   0.268000  -3.085906    697      0
 5.1115E+00   6.955054   0.502993 -99.000000  -3.181318 -12.712065   0.000000   0.268001   0.006566   0.014000   0.066080      5
 3.8821E+06   1.059818   1.030085 -17.158710 -99.000000  -7.242375   0.000000   0.002413   0.001460   0.014000  0.000E+00    lgRho_cntr

 Loading precomputed flux cube from:/home/njm/MESA/mesa/colors/data/stellar_models/Kurucz2003all//flux_cube.bin
 Loaded flux cube with dimensions:          76 x          11 x           9 x        1173
 Performing interpolation at target parameters...
 Interpolation complete
         91   6.972923   5924.762  -1.642317  -1.642317   2.000000   2.000000   0.717998   0.000707   0.268000  -3.024123    697      0
 5.1005E+00   6.972923   0.511073 -99.000000  -3.039647 -12.649861   0.000000   0.268002   0.006566   0.014000   0.066062      5
 4.0081E+06   1.113073   1.067523 -99.000000 -99.000000  -7.289699   0.000000   0.002413   0.001460   0.014000  0.000E+00    lgRho_cntr

 Loading precomputed flux cube from:/home/njm/MESA/mesa/colors/data/stellar_models/Kurucz2003all//flux_cube.bin
 Loaded flux cube with dimensions:          76 x          11 x           9 x        1173
 Performing interpolation at target parameters...
 Interpolation complete
         92   6.991075   6004.430  -1.500176  -1.500176   1.999999   1.999999   0.717998   0.000707   0.268000  -2.963556    699      0
 5.0895E+00   6.991075   0.517271 -99.000000  -2.897490 -12.592547   0.000000   0.268002   0.006566   0.014000   0.065995      5
 4.1310E+06   1.166210   1.103122 -16.556650 -99.000000  -7.340156   0.000000   0.002413   0.001460   0.014000  0.000E+00    lgRho_cntr

 Loading precomputed flux cube from:/home/njm/MESA/mesa/colors/data/stellar_models/Kurucz2003all//flux_cube.bin
 Loaded flux cube with dimensions:          76 x          11 x           9 x        1173
 Performing interpolation at target parameters...
 Interpolation complete
         93   7.009473   6095.908  -1.357586  -1.357586   1.999999   1.999999   0.717997   0.000707   0.268000  -2.904211    698      0
 5.0788E+00   7.009473   0.521248 -55.053062  -2.754902 -12.539296   0.000000   0.268003   0.006566   0.014000   0.065882      6
 4.2508E+06   1.219173   1.137343 -99.000000 -99.000000  -7.395545   0.000000   0.002413   0.001460   0.014000  0.000E+00    lgRho_cntr

 Loading precomputed flux cube from:/home/njm/MESA/mesa/colors/data/stellar_models/Kurucz2003all//flux_cube.bin
 Loaded flux cube with dimensions:          76 x          11 x           9 x        1173
 Performing interpolation at target parameters...
 Interpolation complete
         94   7.027840   6205.433  -1.216186  -1.216186   1.999999   1.999999   0.717996   0.000707   0.268000  -2.846836    705      0
 5.0629E+00   7.027840   0.522144 -53.658683  -2.613536 -12.489765   0.000000   0.268004   0.006566   0.014000   0.065728      6
 4.3664E+06   1.271224   1.170071 -99.000000 -99.000000  -7.458015   0.000000   0.002413   0.001460   0.014000  0.000E+00    varcontrol

 Loading precomputed flux cube from:/home/njm/MESA/mesa/colors/data/stellar_models/Kurucz2003all//flux_cube.bin
 Loaded flux cube with dimensions:          76 x          11 x           9 x        1173
 Performing interpolation at target parameters...
 Interpolation complete
         95   7.045614   6338.695  -1.079291  -1.079291   1.999999   1.999999   0.717995   0.000708   0.268000  -2.792879    713      0
 5.0354E+00   7.045614   0.518997 -52.553531  -2.476725 -12.444831   0.000000   0.268005   0.006566   0.014000   0.065545      7
 4.4749E+06   1.320908   1.200687 -16.857680 -99.000000  -7.528729   0.000000   0.002413   0.001460   0.014000  0.000E+00    varcontrol

 Loading precomputed flux cube from:/home/njm/MESA/mesa/colors/data/stellar_models/Kurucz2003all//flux_cube.bin
 Loaded flux cube with dimensions:          76 x          11 x           9 x        1173
 Performing interpolation at target parameters...
 Interpolation complete
         96   7.062369   6505.073  -0.948828  -0.948828   1.999999   1.999999   0.717993   0.000708   0.268000  -2.743332    728      0
 4.9983E+00   7.062369   0.510509 -51.541857  -2.346437 -12.406136   0.000000   0.268007   0.006566   0.014000   0.065344     11
 4.5745E+06   1.367162   1.228721 -99.000000 -99.000000  -7.608455   0.000000   0.002412   0.001460   0.014000  0.000E+00    varcontrol

 Loading precomputed flux cube from:/home/njm/MESA/mesa/colors/data/stellar_models/Kurucz2003all//flux_cube.bin
 Loaded flux cube with dimensions:          76 x          11 x           9 x        1173
 Performing interpolation at target parameters...
 Interpolation complete
         97   7.078214   6690.104  -0.822301  -0.822301   1.999999   1.999999   0.717991   0.000709   0.268000  -2.697755    749      0
 4.9640E+00   7.078214   0.499000 -50.598869  -2.220261 -12.375404   0.000000   0.268009   0.006566   0.014000   0.065126     10
 4.6666E+06   1.410344   1.254425 -99.000000 -99.000000  -7.689342   0.000000   0.002412   0.001460   0.014000  0.000E+00    varcontrol

 Loading precomputed flux cube from:/home/njm/MESA/mesa/colors/data/stellar_models/Kurucz2003all//flux_cube.bin
 Loaded flux cube with dimensions:          76 x          11 x           9 x        1173
 Performing interpolation at target parameters...
 Interpolation complete
         98   7.093249   6878.364  -0.696998  -0.696998   1.999999   1.999999   0.717989   0.000710   0.268000  -2.655880    754      0
 4.9320E+00   7.093249   0.486683 -49.716125  -2.095629 -12.350348   0.000000   0.268011   0.006566   0.014000   0.064890      7
 4.7521E+06   1.450720   1.277999 -16.556650 -99.000000  -7.768752   0.000000   0.002410   0.001460   0.014000  0.000E+00        lgTeff

 Loading precomputed flux cube from:/home/njm/MESA/mesa/colors/data/stellar_models/Kurucz2003all//flux_cube.bin
 Loaded flux cube with dimensions:          76 x          11 x           9 x        1173
 Performing interpolation at target parameters...
 Interpolation complete
         99   7.107440   7061.342  -0.571213  -0.571213   1.999999   1.999999   0.717986   0.000713   0.268000  -2.617932    752      0
 4.8984E+00   7.107440   0.474602 -48.894408  -1.971009 -12.328844   0.000000   0.268013   0.006566   0.014000   0.064635      6
 4.8312E+06   1.488149   1.299446 -99.000000 -99.000000  -7.847822   0.000000   0.002408   0.001460   0.014001  0.000E+00        lgTeff

 Loading precomputed flux cube from:/home/njm/MESA/mesa/colors/data/stellar_models/Kurucz2003all//flux_cube.bin
 Loaded flux cube with dimensions:          76 x          11 x           9 x        1173
 Performing interpolation at target parameters...
 Interpolation complete

__________________________________________________________________________________________________________________________________________________

       step    lg_Tmax     Teff     lg_LH      lg_Lnuc_tot     Mass       H_rich     H_cntr     N_cntr     Y_surf   eta_cntr   zones  retry
  lg_dt_yrs    lg_Tcntr    lg_R     lg_L3a     lg_Lneu     lg_Mdot    He_core    He_cntr    O_cntr     Z_surf   gam_cntr   iters  
    age_yrs    lg_Dcntr    lg_L     lg_LZ      lg_Lphoto   lg_Dsurf   CO_core    C_cntr     Ne_cntr    Z_cntr   v_div_cs       dt_limit
__________________________________________________________________________________________________________________________________________________

        100   7.120785   7240.322  -0.440590  -0.440590   1.999999   1.999999   0.717983   0.000718   0.268000  -2.582966    760      0
 4.8723E+00   7.120785   0.462705 -48.122431  -1.842169 -12.310015   0.000000   0.268015   0.006566   0.014000   0.064380      7
 4.9057E+06   1.523031   1.319135 -15.954590 -99.000000  -7.931793   0.000000   0.002403   0.001460   0.014002  0.000E+00        lgTeff

save LOGS/profile3.data for model 100
 Loading precomputed flux cube from:/home/njm/MESA/mesa/colors/data/stellar_models/Kurucz2003all//flux_cube.bin
 Loaded flux cube with dimensions:          76 x          11 x           9 x        1173
 Performing interpolation at target parameters...
 Interpolation complete
save photos/x100 for model 100
        101   7.134236   7418.112  -0.300645  -0.300645   1.999999   1.999999   0.717979   0.000728   0.268000  -2.552182    765      0
 4.8555E+00   7.134236   0.450789 -47.366695  -1.704454 -12.293405   0.000000   0.268018   0.006566   0.014000   0.064031      6
 4.9774E+06   1.556292   1.337446 -15.954590 -99.000000  -8.022969   0.000000   0.002395   0.001460   0.014003  0.000E+00        lgTeff

 Loading precomputed flux cube from:/home/njm/MESA/mesa/colors/data/stellar_models/Kurucz2003all//flux_cube.bin
 Loaded flux cube with dimensions:          76 x          11 x           9 x        1173
 Performing interpolation at target parameters...
 Interpolation complete
        102   7.147821   7596.163  -0.148671  -0.148671   1.999999   1.999999   0.717974   0.000745   0.268000  -2.526061    775      0
 4.8449E+00   7.147821   0.438720 -46.624707  -1.554198 -12.278670   0.000000   0.268021   0.006566   0.014000   0.063577      5
 5.0474E+06   1.587777   1.354511 -15.954590 -99.000000  -8.118981   0.000000   0.002380   0.001460   0.014005  0.000E+00        lgTeff

 Loading precomputed flux cube from:/home/njm/MESA/mesa/colors/data/stellar_models/Kurucz2003all//flux_cube.bin
 Loaded flux cube with dimensions:          76 x          11 x           9 x        1173
 Performing interpolation at target parameters...
 Interpolation complete
        103   7.161661   7774.836   0.015390   0.015390   1.999999   1.999999   0.717966   0.000778   0.268000  -2.505783    787      0
 4.8387E+00   7.161661   0.426414 -45.888395  -1.389139 -12.265747   0.000000   0.268023   0.006566   0.014000   0.062989      5
 5.1164E+06   1.617171   1.370287 -99.000000 -99.000000  -8.216943   0.000000   0.002352   0.001460   0.014010  0.000E+00        lgTeff

 Loading precomputed flux cube from:/home/njm/MESA/mesa/colors/data/stellar_models/Kurucz2003all//flux_cube.bin
 Loaded flux cube with dimensions:          76 x          11 x           9 x        1173
 Performing interpolation at target parameters...
 Interpolation complete
        104   7.176202   7953.693   0.188858   0.188858   1.999999   1.999999   0.717955   0.000840   0.268000  -2.494358    789      0
 4.8360E+00   7.176202   0.413815 -45.144156  -1.208728 -12.254761   0.000000   0.268026   0.006566   0.014000   0.062179      5
 5.1849E+06   1.643881   1.384600 -99.000000 -99.000000  -8.315960   0.000000   0.002299   0.001460   0.014019  0.000E+00        lgTeff

 Loading precomputed flux cube from:/home/njm/MESA/mesa/colors/data/stellar_models/Kurucz2003all//flux_cube.bin
 Loaded flux cube with dimensions:          76 x          11 x           9 x        1173
 Performing interpolation at target parameters...
 Interpolation complete
        105   7.193900   8153.876   0.391458   0.391458   1.999999   1.999999   0.717930   0.000984   0.268000  -2.498043    796      0
 4.8917E+00   7.193900   0.398979 -44.277322  -0.987407 -12.245996   0.000000   0.268030   0.006566   0.014000   0.060860      5
 5.2629E+06   1.668963   1.398109 -15.051500 -99.000000  -8.427813   0.000000   0.002175   0.001460   0.014040  0.000E+00    varcontrol

 Loading precomputed flux cube from:/home/njm/MESA/mesa/colors/data/stellar_models/Kurucz2003all//flux_cube.bin
 Loaded flux cube with dimensions:          76 x          11 x           9 x        1173
 Performing interpolation at target parameters...
 Interpolation complete
        106   7.214281   8359.374   0.607678   0.607678   1.999999   1.999999   0.717877   0.001307   0.268000  -2.526071    805      0
 4.9256E+00   7.214281   0.382598 -43.312973  -0.739922 -12.240192   0.000000   0.268037   0.006566   0.014000   0.058924      5
 5.3471E+06   1.687808   1.408584 -99.000000 -99.000000  -8.541725   0.000000   0.001899   0.001460   0.014086  0.000E+00        lgTeff

 Loading precomputed flux cube from:/home/njm/MESA/mesa/colors/data/stellar_models/Kurucz2003all//flux_cube.bin
 Loaded flux cube with dimensions:          76 x          11 x           9 x        1173
 Performing interpolation at target parameters...
 Interpolation complete
        107   7.230947   8534.707   0.801693   0.801693   1.999999   1.999999   0.717886   0.001260   0.268000  -2.557506    819      0
 4.9003E+00   7.230947   0.367132 -42.481972  -0.514458 -12.239779   0.000000   0.268035   0.006566   0.014000   0.057220      4
 5.4266E+06   1.699601   1.413713 -99.000000 -99.000000  -8.635012   0.000000   0.001939   0.001460   0.014079  0.000E+00        lgTeff

 Loading precomputed flux cube from:/home/njm/MESA/mesa/colors/data/stellar_models/Kurucz2003all//flux_cube.bin
 Loaded flux cube with dimensions:          76 x          11 x           9 x        1173
 Performing interpolation at target parameters...
 Interpolation complete
        108   7.245887   8686.432   1.014083   1.014083   1.999999   1.999999   0.717902   0.001173   0.268000  -2.605802    822      0
 4.9539E+00   7.245887   0.349824 -41.753268  -0.278007 -12.245814   0.000000   0.268032   0.006566   0.014000   0.055370      5
 5.5165E+06   1.701644   1.409707 -99.000000 -99.000000  -8.706931   0.000000   0.002014   0.001460   0.014067  0.000E+00    varcontrol

 Loading precomputed flux cube from:/home/njm/MESA/mesa/colors/data/stellar_models/Kurucz2003all//flux_cube.bin
 Loaded flux cube with dimensions:          76 x          11 x           9 x        1173
 Performing interpolation at target parameters...
 Interpolation complete
        109   7.256831   8780.898   1.185189   1.185189   1.999999   1.999999   0.717908   0.001158   0.268000  -2.668261    830      0
 5.0331E+00   7.256831   0.330225 -41.242969  -0.096367 -12.265726   0.000000   0.268028   0.006566   0.014000   0.053579      5
 5.6245E+06   1.691646   1.389299 -14.148410 -99.000000  -8.735272   0.000000   0.002026   0.001460   0.014064  0.000E+00  max increase

 Loading precomputed flux cube from:/home/njm/MESA/mesa/colors/data/stellar_models/Kurucz2003all//flux_cube.bin
 Loaded flux cube with dimensions:          76 x          11 x           9 x        1173
 Performing interpolation at target parameters...
 Interpolation complete

__________________________________________________________________________________________________________________________________________________

       step    lg_Tmax     Teff     lg_LH      lg_Lnuc_tot     Mass       H_rich     H_cntr     N_cntr     Y_surf   eta_cntr   zones  retry
  lg_dt_yrs    lg_Tcntr    lg_R     lg_L3a     lg_Lneu     lg_Mdot    He_core    He_cntr    O_cntr     Z_surf   gam_cntr   iters  
    age_yrs    lg_Dcntr    lg_L     lg_LZ      lg_Lphoto   lg_Dsurf   CO_core    C_cntr     Ne_cntr    Z_cntr   v_div_cs       dt_limit
__________________________________________________________________________________________________________________________________________________

        110   7.262980   8795.702   1.259594   1.259594   1.999999   1.999999   0.717900   0.001227   0.268000  -2.728053    840      0
 5.1123E+00   7.262980   0.309702 -40.975037  -0.010233 -12.309702   0.000000   0.268026   0.006566   0.014000   0.052178      5
 5.7540E+06   1.675528   1.351180 -13.972319 -99.000000  -8.710064   0.000000   0.001967   0.001460   0.014074  0.000E+00  max increase

 Loading precomputed flux cube from:/home/njm/MESA/mesa/colors/data/stellar_models/Kurucz2003all//flux_cube.bin
 Loaded flux cube with dimensions:          76 x          11 x           9 x        1173
 Performing interpolation at target parameters...
 Interpolation complete
        111   7.265669   8739.921   1.267685   1.267685   1.999999   1.999999   0.717882   0.001346   0.268000  -2.774792    844      0
 5.1915E+00   7.265669   0.290576 -40.872331   0.006324 -12.378359   0.000000   0.268027   0.006566   0.014000   0.051233      4
 5.9094E+06   1.659718   1.301876 -14.449440 -99.000000  -8.641612   0.000000   0.001865   0.001460   0.014091  0.000E+00  max increase

 Loading precomputed flux cube from:/home/njm/MESA/mesa/colors/data/stellar_models/Kurucz2003all//flux_cube.bin
 Loaded flux cube with dimensions:          76 x          11 x           9 x        1173
 Performing interpolation at target parameters...
 Interpolation complete
        112   7.266626   8652.443   1.240087   1.240087   1.999999   1.999999   0.717852   0.001523   0.268000  -2.802901    846      0
 5.2707E+00   7.266626   0.275248 -40.843578  -0.016771 -12.460948   0.000000   0.268031   0.006566   0.014000   0.050713      5
 6.0959E+06   1.649213   1.253745 -14.449440 -99.000000  -8.558264   0.000000   0.001714   0.001460   0.014116  0.000E+00  max increase

 Loading precomputed flux cube from:/home/njm/MESA/mesa/colors/data/stellar_models/Kurucz2003all//flux_cube.bin
 Loaded flux cube with dimensions:          76 x          11 x           9 x        1173
 Performing interpolation at target parameters...
 Interpolation complete
        113   7.267224   8580.216   1.204673   1.204673   1.999999   1.999999   0.717816   0.001732   0.268000  -2.812848    848      0
 5.3499E+00   7.267224   0.265003 -40.820471  -0.051757 -12.538770   0.000000   0.268038   0.006566   0.014000   0.050519      5
 6.3197E+06   1.645890   1.218693 -99.000000 -99.000000  -8.493029   0.000000   0.001535   0.001460   0.014146  0.000E+00  max increase

 Loading precomputed flux cube from:/home/njm/MESA/mesa/colors/data/stellar_models/Kurucz2003all//flux_cube.bin
 Loaded flux cube with dimensions:          76 x          11 x           9 x        1173
 Performing interpolation at target parameters...
 Interpolation complete
        114   7.268721   8561.413   1.173766   1.173766   1.999998   1.999998   0.717769   0.001996   0.268000  -2.807422    848      0
 5.4290E+00   7.268721   0.259133 -40.742042  -0.084915 -12.594675   0.000000   0.268047   0.006566   0.014000   0.050529      5
 6.5882E+06   1.650465   1.203141 -13.972319 -99.000000  -8.470662   0.000000   0.001308   0.001460   0.014184  0.000E+00  max increase

 Loading precomputed flux cube from:/home/njm/MESA/mesa/colors/data/stellar_models/Kurucz2003all//flux_cube.bin
 Loaded flux cube with dimensions:          76 x          11 x           9 x        1173
 Performing interpolation at target parameters...
 Interpolation complete
        115   7.271895   8604.296   1.156661   1.156661   1.999998   1.999998   0.717713   0.002297   0.268000  -2.792009    846      0
 5.5082E+00   7.271895   0.255263 -40.573409  -0.106837 -12.620590   0.000000   0.268060   0.006566   0.014000   0.050607      5
 6.9105E+06   1.661815   1.204081 -14.750470 -99.000000  -8.492895   0.000000   0.001050   0.001460   0.014227  0.000E+00  max increase

 Loading precomputed flux cube from:/home/njm/MESA/mesa/colors/data/stellar_models/Kurucz2003all//flux_cube.bin
 Loaded flux cube with dimensions:          76 x          11 x           9 x        1173
 Performing interpolation at target parameters...
 Interpolation complete
        116   7.277593   8708.103   1.147156   1.147156   1.999998   1.999998   0.717644   0.002650   0.268000  -2.767631    844      0
 5.5874E+00   7.277593   0.250505 -40.273867  -0.124073 -12.622564   0.000000   0.268079   0.006566   0.014000   0.050688      5
 7.2972E+06   1.680781   1.215399 -99.000000 -99.000000  -8.553822   0.000000   0.000748   0.001460   0.014277  0.000E+00  max increase

 Loading precomputed flux cube from:/home/njm/MESA/mesa/colors/data/stellar_models/Kurucz2003all//flux_cube.bin
 Loaded flux cube with dimensions:          76 x          11 x           9 x        1173
 Performing interpolation at target parameters...
 Interpolation complete
        117   7.287051   8883.534   1.139899   1.139899   1.999998   1.999998   0.717562   0.003025   0.268000  -2.730635    851      0
 5.6666E+00   7.287051   0.242269 -39.781868  -0.144584 -12.611272   0.000000   0.268107   0.006566   0.014000   0.050760      5
 7.7613E+06   1.710767   1.233574 -14.750470 -99.000000  -8.653799   0.000000   0.000427   0.001460   0.014331  0.000E+00  max increase

 Loading precomputed flux cube from:/home/njm/MESA/mesa/colors/data/stellar_models/Kurucz2003all//flux_cube.bin
 Loaded flux cube with dimensions:          76 x          11 x           9 x        1173
 Performing interpolation at target parameters...
 Interpolation complete
        118   7.301589   9149.753   1.137002   1.137002   1.999998   1.999998   0.717471   0.003326   0.268000  -2.677100    851      0
 5.7458E+00   7.301589   0.228314 -39.034563  -0.167616 -12.593637   0.000000   0.268155   0.006565   0.014000   0.050808      5
 8.3182E+06   1.755414   1.256959 -99.000000 -99.000000  -8.790441   0.000000   0.000169   0.001460   0.014374  0.000E+00  max increase

 Loading precomputed flux cube from:/home/njm/MESA/mesa/colors/data/stellar_models/Kurucz2003all//flux_cube.bin
 Loaded flux cube with dimensions:          76 x          11 x           9 x        1173
 Performing interpolation at target parameters...
 Interpolation complete
        119   7.318276   9445.830   1.156477   1.156477   1.999998   1.999998   0.717362   0.003469   0.268000  -2.622409    860      0
 5.7992E+00   7.318276   0.210181 -38.191023  -0.156023 -12.573762   0.000000   0.268245   0.006562   0.014000   0.050742      5
 8.9479E+06   1.803637   1.276016 -14.750470 -99.000000  -8.899338   0.000000   0.000049   0.001460   0.014393  0.000E+00        lgTeff

 Loading precomputed flux cube from:/home/njm/MESA/mesa/colors/data/stellar_models/Kurucz2003all//flux_cube.bin
 Loaded flux cube with dimensions:          76 x          11 x           9 x        1173
 Performing interpolation at target parameters...
 Interpolation complete

__________________________________________________________________________________________________________________________________________________

       step    lg_Tmax     Teff     lg_LH      lg_Lnuc_tot     Mass       H_rich     H_cntr     N_cntr     Y_surf   eta_cntr   zones  retry
  lg_dt_yrs    lg_Tcntr    lg_R     lg_L3a     lg_Lneu     lg_Mdot    He_core    He_cntr    O_cntr     Z_surf   gam_cntr   iters  
    age_yrs    lg_Dcntr    lg_L     lg_LZ      lg_Lphoto   lg_Dsurf   CO_core    C_cntr     Ne_cntr    Z_cntr   v_div_cs       dt_limit
__________________________________________________________________________________________________________________________________________________

        120   7.327503   9586.473   1.202667   1.202667   1.999998   1.999998   0.717259   0.003499   0.268000  -2.603645    864      0
 5.7236E+00   7.327503   0.197565 -37.736534  -0.094373 -12.563229   0.000000   0.268344   0.006559   0.014000   0.050510      5
 9.4771E+06   1.825262   1.276459 -14.750470 -99.000000  -8.939924   0.000000   0.000026   0.001460   0.014397  0.000E+00        lgTeff

 Loading precomputed flux cube from:/home/njm/MESA/mesa/colors/data/stellar_models/Kurucz2003all//flux_cube.bin
 Loaded flux cube with dimensions:          76 x          11 x           9 x        1173
 Performing interpolation at target parameters...
 Interpolation complete
        121   7.331192   9608.115   1.241049   1.241049   1.999998   1.999998   0.717144   0.003505   0.268000  -2.607099    865      0
 5.7909E+00   7.331192   0.189273 -37.562761  -0.044331 -12.573205   0.000000   0.268459   0.006555   0.014000   0.050239      5
 1.0095E+07   1.829248   1.263792 -99.000000 -99.000000  -8.935765   0.000000   0.000024   0.001460   0.014397  0.000E+00    varcontrol

 Loading precomputed flux cube from:/home/njm/MESA/mesa/colors/data/stellar_models/Kurucz2003all//flux_cube.bin
 Loaded flux cube with dimensions:          76 x          11 x           9 x        1173
 Performing interpolation at target parameters...
 Interpolation complete
        122   7.331015   9569.225   1.253275   1.253275   1.999997   1.999997   0.717032   0.003503   0.268000  -2.616946    865      0
 5.8701E+00   7.331015   0.186301 -37.577288  -0.030547 -12.597254   0.000000   0.268573   0.006551   0.014000   0.050093      5
 1.0836E+07   1.824845   1.250803 -99.000000 -99.000000  -8.915528   0.000000   0.000028   0.001460   0.014396  0.000E+00  max increase

 Loading precomputed flux cube from:/home/njm/MESA/mesa/colors/data/stellar_models/Kurucz2003all//flux_cube.bin
 Loaded flux cube with dimensions:          76 x          11 x           9 x        1173
 Performing interpolation at target parameters...
 Interpolation complete
        123   7.331417   9569.164   1.246937   1.246937   1.999997   1.999997   0.716880   0.003511   0.268000  -2.615766    865      0
 5.9493E+00   7.331417   0.185374 -37.556665  -0.036580 -12.617279   0.000000   0.268724   0.006545   0.014000   0.050094      5
 1.1726E+07   1.825973   1.248937 -99.000000 -99.000000  -8.914070   0.000000   0.000025   0.001460   0.014395  0.000E+00  max increase

 Loading precomputed flux cube from:/home/njm/MESA/mesa/colors/data/stellar_models/Kurucz2003all//flux_cube.bin
 Loaded flux cube with dimensions:          76 x          11 x           9 x        1173
 Performing interpolation at target parameters...
 Interpolation complete
        124   7.331890   9576.021   1.247498   1.247498   1.999997   1.999997   0.716695   0.003519   0.268000  -2.614532    865      0
 6.0284E+00   7.331890   0.184902 -37.532506  -0.035162 -12.620575   0.000000   0.268911   0.006538   0.014000   0.050093      5
 1.2794E+07   1.827235   1.249238 -99.000000 -99.000000  -8.916155   0.000000   0.000024   0.001460   0.014395  0.000E+00  max increase

 Loading precomputed flux cube from:/home/njm/MESA/mesa/colors/data/stellar_models/Kurucz2003all//flux_cube.bin
 Loaded flux cube with dimensions:          76 x          11 x           9 x        1173
 Performing interpolation at target parameters...
 Interpolation complete
        125   7.332246   9580.994   1.248586   1.248586   1.999997   1.999997   0.716469   0.003527   0.268000  -2.613991    865      0
 6.1076E+00   7.332246   0.184606 -37.514163  -0.033264 -12.620565   0.000000   0.269137   0.006530   0.014000   0.050089      5
 1.4075E+07   1.828042   1.249547 -14.148410 -99.000000  -8.917726   0.000000   0.000023   0.001460   0.014394  0.000E+00  max increase

 Loading precomputed flux cube from:/home/njm/MESA/mesa/colors/data/stellar_models/Kurucz2003all//flux_cube.bin
 Loaded flux cube with dimensions:          76 x          11 x           9 x        1173
 Performing interpolation at target parameters...
 Interpolation complete
        126   7.332473   9583.667   1.249433   1.249433   1.999996   1.999996   0.716196   0.003536   0.268000  -2.613927    865      0
 6.1868E+00   7.332473   0.184501 -37.502018  -0.031826 -12.620395   0.000000   0.269411   0.006520   0.014000   0.050087      5
 1.5612E+07   1.828471   1.249823 -13.972319 -99.000000  -8.918652   0.000000   0.000022   0.001460   0.014393  0.000E+00  max increase

 Loading precomputed flux cube from:/home/njm/MESA/mesa/colors/data/stellar_models/Kurucz2003all//flux_cube.bin
 Loaded flux cube with dimensions:          76 x          11 x           9 x        1173
 Performing interpolation at target parameters...
 Interpolation complete
        127   7.332617   9584.975   1.250094   1.250094   1.999996   1.999996   0.715869   0.003547   0.268000  -2.614161    865      0
 6.2660E+00   7.332617   0.184562 -37.493794  -0.030720 -12.620109   0.000000   0.269740   0.006508   0.014000   0.050086      5
 1.7457E+07   1.828665   1.250181 -13.972319 -99.000000  -8.919274   0.000000   0.000022   0.001460   0.014391  0.000E+00  max increase

 Loading precomputed flux cube from:/home/njm/MESA/mesa/colors/data/stellar_models/Kurucz2003all//flux_cube.bin
 Loaded flux cube with dimensions:          76 x          11 x           9 x        1173
 Performing interpolation at target parameters...
 Interpolation complete
        128   7.332719   9585.561   1.250696   1.250696   1.999995   1.999995   0.715477   0.003560   0.268000  -2.614606    865      0
 6.3452E+00   7.332719   0.184740 -37.487412  -0.029713 -12.619577   0.000000   0.270133   0.006494   0.014000   0.050087      5
 1.9671E+07   1.828724   1.250644 -99.000000 -99.000000  -8.919786   0.000000   0.000022   0.001460   0.014389  0.000E+00  max increase

 Loading precomputed flux cube from:/home/njm/MESA/mesa/colors/data/stellar_models/Kurucz2003all//flux_cube.bin
 Loaded flux cube with dimensions:          76 x          11 x           9 x        1173
 Performing interpolation at target parameters...
 Interpolation complete
        129   7.332801   9585.692   1.251325   1.251325   1.999995   1.999995   0.715008   0.003575   0.268000  -2.615243    865      0
 6.4243E+00   7.332801   0.185010 -37.481712  -0.028651 -12.618803   0.000000   0.270605   0.006477   0.014000   0.050089      5
 2.2328E+07   1.828693   1.251208 -99.000000 -99.000000  -8.920256   0.000000   0.000022   0.001460   0.014387  0.000E+00  max increase

 Loading precomputed flux cube from:/home/njm/MESA/mesa/colors/data/stellar_models/Kurucz2003all//flux_cube.bin
 Loaded flux cube with dimensions:          76 x          11 x           9 x        1173
 Performing interpolation at target parameters...
 Interpolation complete

__________________________________________________________________________________________________________________________________________________

       step    lg_Tmax     Teff     lg_LH      lg_Lnuc_tot     Mass       H_rich     H_cntr     N_cntr     Y_surf   eta_cntr   zones  retry
  lg_dt_yrs    lg_Tcntr    lg_R     lg_L3a     lg_Lneu     lg_Mdot    He_core    He_cntr    O_cntr     Z_surf   gam_cntr   iters  
    age_yrs    lg_Dcntr    lg_L     lg_LZ      lg_Lphoto   lg_Dsurf   CO_core    C_cntr     Ne_cntr    Z_cntr   v_div_cs       dt_limit
__________________________________________________________________________________________________________________________________________________

        130   7.332877   9585.475   1.252028   1.252028   1.999994   1.999994   0.714446   0.003592   0.268000  -2.616078    865      0
 6.5035E+00   7.332877   0.185366 -37.476063  -0.027446 -12.617814   0.000000   0.271169   0.006457   0.014000   0.050092      5
 2.5516E+07   1.828591   1.251880 -99.000000 -99.000000  -8.920716   0.000000   0.000022   0.001460   0.014385  0.000E+00  max increase

 Loading precomputed flux cube from:/home/njm/MESA/mesa/colors/data/stellar_models/Kurucz2003all//flux_cube.bin
 Loaded flux cube with dimensions:          76 x          11 x           9 x        1173
 Performing interpolation at target parameters...
 Interpolation complete
        131   7.332952   9584.959   1.252839   1.252839   1.999993   1.999993   0.713774   0.003613   0.268000  -2.617132    865      0
 6.5827E+00   7.332952   0.185809 -37.470059  -0.026033 -12.616610   0.000000   0.271844   0.006433   0.014000   0.050095      5
 2.9342E+07   1.828423   1.252674 -99.000000 -99.000000  -8.921191   0.000000   0.000022   0.001460   0.014382  0.000E+00  max increase

 Loading precomputed flux cube from:/home/njm/MESA/mesa/colors/data/stellar_models/Kurucz2003all//flux_cube.bin
 Loaded flux cube with dimensions:          76 x          11 x           9 x        1173
 Performing interpolation at target parameters...
 Interpolation complete
        132   7.333032   9584.159   1.253788   1.253788   1.999992   1.999992   0.712970   0.003638   0.268000  -2.618439    865      0
 6.6619E+00   7.333032   0.186352 -37.463372  -0.024354 -12.615166   0.000000   0.272652   0.006404   0.014000   0.050098      5
 3.3933E+07   1.828189   1.253613 -99.000000 -99.000000  -8.921703   0.000000   0.000022   0.001460   0.014378  0.000E+00  max increase

 Loading precomputed flux cube from:/home/njm/MESA/mesa/colors/data/stellar_models/Kurucz2003all//flux_cube.bin
 Loaded flux cube with dimensions:          76 x          11 x           9 x        1173
 Performing interpolation at target parameters...
 Interpolation complete
        133   7.333122   9583.072   1.254908   1.254908   1.999990   1.999990   0.712006   0.003668   0.268000  -2.620042    865      0
 6.7411E+00   7.333122   0.187008 -37.455689  -0.022343 -12.613442   0.000000   0.273620   0.006370   0.014000   0.050102      5
 3.9442E+07   1.827885   1.254728 -99.000000 -99.000000  -8.922274   0.000000   0.000022   0.001460   0.014374  0.000E+00  max increase

 Loading precomputed flux cube from:/home/njm/MESA/mesa/colors/data/stellar_models/Kurucz2003all//flux_cube.bin
 Loaded flux cube with dimensions:          76 x          11 x           9 x        1173
 Performing interpolation at target parameters...
 Interpolation complete
        134   7.333226   9581.679   1.256236   1.256236   1.999989   1.999989   0.710851   0.003703   0.268000  -2.621993    865      0
 6.8203E+00   7.333226   0.187797 -37.446682  -0.019928 -12.611387   0.000000   0.274781   0.006330   0.014000   0.050106      5
 4.6052E+07   1.827502   1.256055 -14.449440 -99.000000  -8.922927   0.000000   0.000022   0.001460   0.014369  0.000E+00  max increase

 Loading precomputed flux cube from:/home/njm/MESA/mesa/colors/data/stellar_models/Kurucz2003all//flux_cube.bin
 Loaded flux cube with dimensions:          76 x          11 x           9 x        1173
 Performing interpolation at target parameters...
 Interpolation complete
        135   7.333350   9579.949   1.257820   1.257820   1.999987   1.999987   0.709465   0.003745   0.268000  -2.624360    865      0
 6.8994E+00   7.333350   0.188746 -37.435985  -0.017024 -12.608935   0.000000   0.276172   0.006282   0.014000   0.050111      5
 5.3985E+07   1.827031   1.257638 -99.000000 -99.000000  -8.923688   0.000000   0.000022   0.001460   0.014363  0.000E+00  max increase

 Loading precomputed flux cube from:/home/njm/MESA/mesa/colors/data/stellar_models/Kurucz2003all//flux_cube.bin
 Loaded flux cube with dimensions:          76 x          11 x           9 x        1173
 Performing interpolation at target parameters...
 Interpolation complete
        136   7.333499   9577.836   1.259714   1.259714   1.999985   1.999985   0.707800   0.003794   0.268000  -2.627224    865      0
 6.9786E+00   7.333499   0.189884 -37.423175  -0.013534 -12.606004   0.000000   0.277844   0.006225   0.014000   0.050117      5
 6.3505E+07   1.826456   1.259532 -14.148410 -99.000000  -8.924586   0.000000   0.000023   0.001460   0.014356  0.000E+00  max increase

 Loading precomputed flux cube from:/home/njm/MESA/mesa/colors/data/stellar_models/Kurucz2003all//flux_cube.bin
 Loaded flux cube with dimensions:          76 x          11 x           9 x        1173
 Performing interpolation at target parameters...
 Interpolation complete
        137   7.333681   9575.276   1.261987   1.261987   1.999982   1.999982   0.705799   0.003852   0.268000  -2.630685    865      0
 7.0578E+00   7.333681   0.191254 -37.407744  -0.009339 -12.602492   0.000000   0.279854   0.006158   0.014000   0.050124      5
 7.4928E+07   1.825761   1.261806 -14.449440 -99.000000  -8.925659   0.000000   0.000023   0.001460   0.014347  0.000E+00  max increase

 Loading precomputed flux cube from:/home/njm/MESA/mesa/colors/data/stellar_models/Kurucz2003all//flux_cube.bin
 Loaded flux cube with dimensions:          76 x          11 x           9 x        1173
 Performing interpolation at target parameters...
 Interpolation complete
        138   7.333904   9572.192   1.264725   1.264725   1.999978   1.999978   0.703387   0.003922   0.268000  -2.634867    865      0
 7.1370E+00   7.333904   0.192903 -37.389071  -0.004299 -12.598275   0.000000   0.282275   0.006079   0.014000   0.050132      5
 8.8636E+07   1.824926   1.264545 -99.000000 -99.000000  -8.926949   0.000000   0.000023   0.001460   0.014337  0.000E+00  max increase

 Loading precomputed flux cube from:/home/njm/MESA/mesa/colors/data/stellar_models/Kurucz2003all//flux_cube.bin
 Loaded flux cube with dimensions:          76 x          11 x           9 x        1173
 Performing interpolation at target parameters...
 Interpolation complete
        139   7.334179   9568.481   1.268032   1.268032   1.999974   1.999974   0.700478   0.004003   0.268000  -2.639918    865      0
 7.2162E+00   7.334179   0.194894 -37.366386   0.001758 -12.593196   0.000000   0.285197   0.005984   0.014000   0.050141      5
 1.0509E+08   1.823926   1.267853 -99.000000 -99.000000  -8.928511   0.000000   0.000024   0.001460   0.014325  0.000E+00  max increase

 Loading precomputed flux cube from:/home/njm/MESA/mesa/colors/data/stellar_models/Kurucz2003all//flux_cube.bin
 Loaded flux cube with dimensions:          76 x          11 x           9 x        1173
 Performing interpolation at target parameters...
 Interpolation complete

__________________________________________________________________________________________________________________________________________________

       step    lg_Tmax     Teff     lg_LH      lg_Lnuc_tot     Mass       H_rich     H_cntr     N_cntr     Y_surf   eta_cntr   zones  retry
  lg_dt_yrs    lg_Tcntr    lg_R     lg_L3a     lg_Lneu     lg_Mdot    He_core    He_cntr    O_cntr     Z_surf   gam_cntr   iters  
    age_yrs    lg_Dcntr    lg_L     lg_LZ      lg_Lphoto   lg_Dsurf   CO_core    C_cntr     Ne_cntr    Z_cntr   v_div_cs       dt_limit
__________________________________________________________________________________________________________________________________________________

        140   7.334522   9564.123   1.272073   1.272073   1.999969   1.999969   0.696958   0.004100   0.268000  -2.645975    865      0
 7.2953E+00   7.334522   0.197311 -37.338616   0.009073 -12.587061   0.000000   0.288731   0.005873   0.014000   0.050153      5
 1.2483E+08   1.822754   1.271897 -99.000000 -99.000000  -8.930467   0.000000   0.000025   0.001460   0.014311  0.000E+00  max increase

 Loading precomputed flux cube from:/home/njm/MESA/mesa/colors/data/stellar_models/Kurucz2003all//flux_cube.bin
 Loaded flux cube with dimensions:          76 x          11 x           9 x        1173
 Performing interpolation at target parameters...
 Interpolation complete
        141   7.334950   9558.898   1.276996   1.276996   1.999963   1.999963   0.692689   0.004214   0.268000  -2.653293    865      0
 7.3745E+00   7.334950   0.200248 -37.304605   0.017873 -12.579576   0.000000   0.293016   0.005742   0.014000   0.050169      5
 1.4851E+08   1.821364   1.276821 -99.000000 -99.000000  -8.932870   0.000000   0.000025   0.001460   0.014295  0.000E+00  max increase

 Loading precomputed flux cube from:/home/njm/MESA/mesa/colors/data/stellar_models/Kurucz2003all//flux_cube.bin
 Loaded flux cube with dimensions:          76 x          11 x           9 x        1173
 Performing interpolation at target parameters...
 Interpolation complete
        142   7.335487   9552.574   1.283005   1.283005   1.999955   1.999955   0.687497   0.004348   0.268000  -2.662165    865      0
 7.4537E+00   7.335487   0.203828 -37.262824   0.028456 -12.570467   0.000000   0.298228   0.005588   0.014000   0.050188      5
 1.7694E+08   1.819714   1.282832 -14.449440 -99.000000  -8.935816   0.000000   0.000026   0.001460   0.014275  0.000E+00  max increase

 Loading precomputed flux cube from:/home/njm/MESA/mesa/colors/data/stellar_models/Kurucz2003all//flux_cube.bin
 Loaded flux cube with dimensions:          76 x          11 x           9 x        1173
 Performing interpolation at target parameters...
 Interpolation complete
        143   7.336165   9544.862   1.290373   1.290373   1.999946   1.999946   0.681158   0.004505   0.268000  -2.672949    868      0
 7.5329E+00   7.336165   0.208215 -37.211298   0.041194 -12.559351   0.000000   0.304590   0.005407   0.014000   0.050213      5
 2.1105E+08   1.817754   1.290202 -99.000000 -99.000000  -8.939437   0.000000   0.000027   0.001460   0.014253  0.000E+00  max increase

 Loading precomputed flux cube from:/home/njm/MESA/mesa/colors/data/stellar_models/Kurucz2003all//flux_cube.bin
 Loaded flux cube with dimensions:          76 x          11 x           9 x        1173
 Performing interpolation at target parameters...
 Interpolation complete
        144   7.337026   9535.324   1.299452   1.299452   1.999934   1.999934   0.673385   0.004689   0.268000  -2.686106    868      0
 7.6121E+00   7.337026   0.213623 -37.147493   0.056545 -12.545727   0.000000   0.312388   0.005196   0.014000   0.050245      5
 2.5198E+08   1.815429   1.299282 -14.449440 -99.000000  -8.943885   0.000000   0.000028   0.001460   0.014226  0.000E+00  max increase

 Loading precomputed flux cube from:/home/njm/MESA/mesa/colors/data/stellar_models/Kurucz2003all//flux_cube.bin
 Loaded flux cube with dimensions:          76 x          11 x           9 x        1173
 Performing interpolation at target parameters...
 Interpolation complete
        145   7.338126   9523.334   1.310712   1.310712   1.999919   1.999919   0.663804   0.004903   0.268000  -2.702246    868      0
 7.6912E+00   7.338126   0.220347 -37.068092   0.075089 -12.528936   0.000000   0.322001   0.004949   0.014000   0.050289      5
 3.0110E+08   1.812663   1.310544 -14.449440 -99.000000  -8.949352   0.000000   0.000030   0.001460   0.014195  0.000E+00  max increase

 Loading precomputed flux cube from:/home/njm/MESA/mesa/colors/data/stellar_models/Kurucz2003all//flux_cube.bin
 Loaded flux cube with dimensions:          76 x          11 x           9 x        1173
 Performing interpolation at target parameters...
 Interpolation complete
        146   7.339545   9507.583   1.324792   1.324792   1.999901   1.999901   0.651862   0.005153   0.268000  -2.722214    868      0
 7.7704E+00   7.339545   0.228825 -36.968484   0.097586 -12.508098   0.000000   0.333979   0.004661   0.014000   0.050348      5
 3.6004E+08   1.809363   1.324625 -99.000000 -99.000000  -8.955966   0.000000   0.000031   0.001460   0.014159  0.000E+00  max increase

 Loading precomputed flux cube from:/home/njm/MESA/mesa/colors/data/stellar_models/Kurucz2003all//flux_cube.bin
 Loaded flux cube with dimensions:          76 x          11 x           9 x        1173
 Performing interpolation at target parameters...
 Interpolation complete
        147   7.341393   9486.439   1.342586   1.342586   1.999878   1.999878   0.636868   0.005443   0.268000  -2.747148    868      0
 7.8496E+00   7.341393   0.239656 -36.842659   0.125003 -12.481984   0.000000   0.349015   0.004327   0.014000   0.050432      8
 4.3077E+08   1.805403   1.342419 -13.972319 -99.000000  -8.963950   0.000000   0.000033   0.001460   0.014117  0.000E+00      XHe_cntr

 Loading precomputed flux cube from:/home/njm/MESA/mesa/colors/data/stellar_models/Kurucz2003all//flux_cube.bin
 Loaded flux cube with dimensions:          76 x          11 x           9 x        1173
 Performing interpolation at target parameters...
 Interpolation complete
        148   7.343022   9466.736   1.357946   1.357946   1.999857   1.999857   0.624015   0.005675   0.268000  -2.768482    870      0
 7.7660E+00   7.343022   0.249142 -36.734759   0.147839 -12.448887   0.000000   0.361902   0.004060   0.014000   0.050512      5
 4.8911E+08   1.802115   1.357778 -99.000000 -99.000000  -8.970397   0.000000   0.000035   0.001460   0.014083  0.000E+00      XHe_cntr

 Loading precomputed flux cube from:/home/njm/MESA/mesa/colors/data/stellar_models/Kurucz2003all//flux_cube.bin
 Loaded flux cube with dimensions:          76 x          11 x           9 x        1173
 Performing interpolation at target parameters...
 Interpolation complete
        149   7.344559   9447.090   1.372199   1.372199   1.999837   1.999837   0.612157   0.005876   0.268000  -2.788142    874      0
 7.7151E+00   7.344559   0.258072 -36.635167   0.168407 -12.420202   0.000000   0.373790   0.003827   0.014000   0.050591      5
 5.4100E+08   1.799162   1.372030 -99.000000 -99.000000  -8.975947   0.000000   0.000037   0.001460   0.014054  0.000E+00      XHe_cntr

 Loading precomputed flux cube from:/home/njm/MESA/mesa/colors/data/stellar_models/Kurucz2003all//flux_cube.bin
 Loaded flux cube with dimensions:          76 x          11 x           9 x        1173
 Performing interpolation at target parameters...
 Interpolation complete

__________________________________________________________________________________________________________________________________________________

       step    lg_Tmax     Teff     lg_LH      lg_Lnuc_tot     Mass       H_rich     H_cntr     N_cntr     Y_surf   eta_cntr   zones  retry
  lg_dt_yrs    lg_Tcntr    lg_R     lg_L3a     lg_Lneu     lg_Mdot    He_core    He_cntr    O_cntr     Z_surf   gam_cntr   iters  
    age_yrs    lg_Dcntr    lg_L     lg_LZ      lg_Lphoto   lg_Dsurf   CO_core    C_cntr     Ne_cntr    Z_cntr   v_div_cs       dt_limit
__________________________________________________________________________________________________________________________________________________

        150   7.346042   9429.063   1.385893   1.385893   1.999818   1.999818   0.601175   0.006051   0.268000  -2.806839    880      0
 7.6815E+00   7.346042   0.266580 -36.541718   0.187590 -12.393478   0.000000   0.384797   0.003625   0.014000   0.050660      5
 5.8903E+08   1.796325   1.385728 -99.000000 -99.000000  -8.981502   0.000000   0.000038   0.001460   0.014028  0.000E+00      XHe_cntr

save LOGS/profile4.data for model 150
 Loading precomputed flux cube from:/home/njm/MESA/mesa/colors/data/stellar_models/Kurucz2003all//flux_cube.bin
 Loaded flux cube with dimensions:          76 x          11 x           9 x        1173
 Performing interpolation at target parameters...
 Interpolation complete
save photos/x150 for model 150
        151   7.347533   9410.165   1.399484   1.399484   1.999798   1.999798   0.590365   0.006215   0.268000  -2.825228    881      0
 7.6607E+00   7.347533   0.275118 -36.449368   0.206167 -12.367856   0.000000   0.395631   0.003437   0.014000   0.050733      5
 6.3481E+08   1.793603   1.399319 -14.148410 -99.000000  -8.986679   0.000000   0.000039   0.001460   0.014004  0.000E+00      XHe_cntr

 Loading precomputed flux cube from:/home/njm/MESA/mesa/colors/data/stellar_models/Kurucz2003all//flux_cube.bin
 Loaded flux cube with dimensions:          76 x          11 x           9 x        1173
 Performing interpolation at target parameters...
 Interpolation complete
        152   7.349058   9389.318   1.413251   1.413251   1.999778   1.999778   0.579419   0.006372   0.268000  -2.843563    883      0
 7.6468E+00   7.349058   0.283927 -36.356081   0.224542 -12.342353   0.000000   0.406599   0.003256   0.014000   0.050818      5
 6.7915E+08   1.791007   1.413084 -14.449440 -99.000000  -8.991364   0.000000   0.000040   0.001460   0.013981  0.000E+00      XHe_cntr

 Loading precomputed flux cube from:/home/njm/MESA/mesa/colors/data/stellar_models/Kurucz2003all//flux_cube.bin
 Loaded flux cube with dimensions:          76 x          11 x           9 x        1173
 Performing interpolation at target parameters...
 Interpolation complete
        153   7.350627   9364.720   1.427118   1.427118   1.999758   1.999758   0.568096   0.006526   0.268000  -2.861969    891      0
 7.6315E+00   7.350627   0.293136 -36.260702   0.242664 -12.316389   0.000000   0.417945   0.003078   0.014000   0.050924      5
 7.2195E+08   1.788568   1.426944 -14.449440 -99.000000  -8.994905   0.000000   0.000041   0.001460   0.013959  0.000E+00      XHe_cntr

 Loading precomputed flux cube from:/home/njm/MESA/mesa/colors/data/stellar_models/Kurucz2003all//flux_cube.bin
 Loaded flux cube with dimensions:          76 x          11 x           9 x        1173
 Performing interpolation at target parameters...
 Interpolation complete
        154   7.352187   9338.984   1.440830   1.440830   1.999737   1.999737   0.556983   0.006668   0.268000  -2.880184    890      0
 7.6116E+00   7.352187   0.302381 -36.167272   0.260206 -12.289961   0.000000   0.429079   0.002914   0.014000   0.051031      5
 7.6284E+08   1.786159   1.440655 -99.000000 -99.000000  -8.997875   0.000000   0.000043   0.001460   0.013938  0.000E+00      XHe_cntr

 Loading precomputed flux cube from:/home/njm/MESA/mesa/colors/data/stellar_models/Kurucz2003all//flux_cube.bin
 Loaded flux cube with dimensions:          76 x          11 x           9 x        1173
 Performing interpolation at target parameters...
 Interpolation complete
        155   7.353748   9312.029   1.454402   1.454402   1.999715   1.999715   0.546043   0.006801   0.268000  -2.898162    889      0
 7.5912E+00   7.353748   0.311677 -36.075124   0.277224 -12.263703   0.000000   0.440038   0.002760   0.014000   0.051142      5
 8.0185E+08   1.783826   1.454225 -14.449440 -99.000000  -9.000229   0.000000   0.000044   0.001460   0.013919  0.000E+00      XHe_cntr

 Loading precomputed flux cube from:/home/njm/MESA/mesa/colors/data/stellar_models/Kurucz2003all//flux_cube.bin
 Loaded flux cube with dimensions:          76 x          11 x           9 x        1173
 Performing interpolation at target parameters...
 Interpolation complete
        156   7.355322   9283.436   1.467959   1.467959   1.999694   1.999694   0.535169   0.006926   0.268000  -2.916077    889      0
 7.5747E+00   7.355322   0.321126 -35.983415   0.293892 -12.237594   0.000000   0.450930   0.002616   0.014000   0.051259      6
 8.3940E+08   1.781542   1.467781 -99.000000 -99.000000  -9.004840   0.000000   0.000045   0.001460   0.013901  0.000E+00      XHe_cntr

 Loading precomputed flux cube from:/home/njm/MESA/mesa/colors/data/stellar_models/Kurucz2003all//flux_cube.bin
 Loaded flux cube with dimensions:          76 x          11 x           9 x        1173
 Performing interpolation at target parameters...
 Interpolation complete
        157   7.356914   9253.124   1.481550   1.481550   1.999671   1.999671   0.524321   0.007045   0.268000  -2.933998    892      0
 7.5596E+00   7.356914   0.330761 -35.891798   0.310287 -12.211376   0.000000   0.461795   0.002479   0.014000   0.051382      5
 8.7568E+08   1.779296   1.481370 -99.000000 -99.000000  -9.005685   0.000000   0.000046   0.001460   0.013883  0.000E+00      XHe_cntr

 Loading precomputed flux cube from:/home/njm/MESA/mesa/colors/data/stellar_models/Kurucz2003all//flux_cube.bin
 Loaded flux cube with dimensions:          76 x          11 x           9 x        1173
 Performing interpolation at target parameters...
 Interpolation complete
        158   7.358528   9220.679   1.495199   1.495199   1.999648   1.999648   0.513456   0.007157   0.268000  -2.951974    896      0
 7.5451E+00   7.358528   0.340636 -35.799969   0.326455 -12.184956   0.000000   0.472677   0.002350   0.014000   0.051511      5
 9.1076E+08   1.777087   1.495017 -99.000000 -99.000000  -9.005661   0.000000   0.000047   0.001460   0.013867  0.000E+00      XHe_cntr

 Loading precomputed flux cube from:/home/njm/MESA/mesa/colors/data/stellar_models/Kurucz2003all//flux_cube.bin
 Loaded flux cube with dimensions:          76 x          11 x           9 x        1173
 Performing interpolation at target parameters...
 Interpolation complete
        159   7.360163   9185.956   1.508909   1.508909   1.999625   1.999625   0.502579   0.007263   0.268000  -2.970011    896      0
 7.5305E+00   7.360163   0.350767 -35.707928   0.342413 -12.158258   0.000000   0.483569   0.002227   0.014000   0.051647      6
 9.4468E+08   1.774912   1.508724 -99.000000 -99.000000  -9.009802   0.000000   0.000048   0.001460   0.013851  0.000E+00      XHe_cntr

 Loading precomputed flux cube from:/home/njm/MESA/mesa/colors/data/stellar_models/Kurucz2003all//flux_cube.bin
 Loaded flux cube with dimensions:          76 x          11 x           9 x        1173
 Performing interpolation at target parameters...
 Interpolation complete

__________________________________________________________________________________________________________________________________________________

       step    lg_Tmax     Teff     lg_LH      lg_Lnuc_tot     Mass       H_rich     H_cntr     N_cntr     Y_surf   eta_cntr   zones  retry
  lg_dt_yrs    lg_Tcntr    lg_R     lg_L3a     lg_Lneu     lg_Mdot    He_core    He_cntr    O_cntr     Z_surf   gam_cntr   iters  
    age_yrs    lg_Dcntr    lg_L     lg_LZ      lg_Lphoto   lg_Dsurf   CO_core    C_cntr     Ne_cntr    Z_cntr   v_div_cs       dt_limit
__________________________________________________________________________________________________________________________________________________

        160   7.361803   9151.032   1.522740   1.522740   1.999601   1.999601   0.491969   0.007361   0.268000  -2.987899    906      0
 7.5157E+00   7.361803   0.360991 -35.617037   0.358238 -12.131263   0.000000   0.494194   0.002114   0.014000   0.051782      5
 9.7747E+08   1.772752   1.522557 -99.000000 -99.000000  -9.008337   0.000000   0.000049   0.001460   0.013837  0.000E+00      XHe_cntr

 Loading precomputed flux cube from:/home/njm/MESA/mesa/colors/data/stellar_models/Kurucz2003all//flux_cube.bin
 Loaded flux cube with dimensions:          76 x          11 x           9 x        1173
 Performing interpolation at target parameters...
 Interpolation complete
        161   7.363487   9112.752   1.536743   1.536743   1.999575   1.999575   0.481134   0.007456   0.268000  -3.005870    909      0
 7.5035E+00   7.363487   0.371632 -35.524299   0.373984 -12.104021   0.000000   0.505043   0.002004   0.014000   0.051932      5
 1.0093E+09   1.770710   1.536555 -99.000000 -99.000000  -9.005485   0.000000   0.000050   0.001460   0.013823  0.000E+00      XHe_cntr

 Loading precomputed flux cube from:/home/njm/MESA/mesa/colors/data/stellar_models/Kurucz2003all//flux_cube.bin
 Loaded flux cube with dimensions:          76 x          11 x           9 x        1173
 Performing interpolation at target parameters...
 Interpolation complete
        162   7.365203   9071.339   1.550867   1.550867   1.999549   1.999549   0.470163   0.007547   0.268000  -3.023986    919      0
 7.4911E+00   7.365203   0.382648 -35.430553   0.389624 -12.076206   0.000000   0.516027   0.001899   0.014000   0.052095      5
 1.0403E+09   1.768718   1.550676 -99.000000 -99.000000  -9.001194   0.000000   0.000051   0.001460   0.013810  0.000E+00      XHe_cntr

 Loading precomputed flux cube from:/home/njm/MESA/mesa/colors/data/stellar_models/Kurucz2003all//flux_cube.bin
 Loaded flux cube with dimensions:          76 x          11 x           9 x        1173
 Performing interpolation at target parameters...
 Interpolation complete
        163   7.366946   9026.389   1.564993   1.564993   1.999523   1.999523   0.459068   0.007634   0.268000  -3.042130    927      0
 7.4752E+00   7.366946   0.394023 -35.336023   0.405031 -12.047911   0.000000   0.527135   0.001798   0.014000   0.052273      5
 1.0702E+09   1.766817   1.564796 -99.000000 -99.000000  -8.995093   0.000000   0.000052   0.001460   0.013797  0.000E+00      XHe_cntr

 Loading precomputed flux cube from:/home/njm/MESA/mesa/colors/data/stellar_models/Kurucz2003all//flux_cube.bin
 Loaded flux cube with dimensions:          76 x          11 x           9 x        1173
 Performing interpolation at target parameters...
 Interpolation complete
        164   7.368691   8979.471   1.579064   1.579064   1.999495   1.999495   0.448107   0.007715   0.268000  -3.060178    930      0
 7.4576E+00   7.368691   0.405585 -35.242303   0.420180 -12.019317   0.000000   0.538107   0.001704   0.014000   0.052455      5
 1.0989E+09   1.764947   1.578866 -14.148410 -99.000000  -8.987665   0.000000   0.000052   0.001460   0.013785  0.000E+00      XHe_cntr

 Loading precomputed flux cube from:/home/njm/MESA/mesa/colors/data/stellar_models/Kurucz2003all//flux_cube.bin
 Loaded flux cube with dimensions:          76 x          11 x           9 x        1173
 Performing interpolation at target parameters...
 Interpolation complete
        165   7.370453   8929.602   1.593102   1.593102   1.999467   1.999467   0.437147   0.007792   0.268000  -3.078194    931      0
 7.4405E+00   7.370453   0.417439 -35.148413   0.435088 -11.990635   0.000000   0.549079   0.001615   0.014000   0.052648      5
 1.1265E+09   1.763143   1.592900 -99.000000 -99.000000  -8.978429   0.000000   0.000053   0.001460   0.013774  0.000E+00      XHe_cntr

 Loading precomputed flux cube from:/home/njm/MESA/mesa/colors/data/stellar_models/Kurucz2003all//flux_cube.bin
 Loaded flux cube with dimensions:          76 x          11 x           9 x        1173
 Performing interpolation at target parameters...
 Interpolation complete
        166   7.372235   8876.725   1.607153   1.607153   1.999438   1.999438   0.426183   0.007864   0.268000  -3.096233    937      0
 7.4246E+00   7.372235   0.429621 -35.054259   0.449828 -11.961755   0.000000   0.560054   0.001531   0.014000   0.052852      5
 1.1530E+09   1.761389   1.606946 -99.000000 -99.000000  -8.967293   0.000000   0.000054   0.001460   0.013763  0.000E+00      XHe_cntr

 Loading precomputed flux cube from:/home/njm/MESA/mesa/colors/data/stellar_models/Kurucz2003all//flux_cube.bin
 Loaded flux cube with dimensions:          76 x          11 x           9 x        1173
 Performing interpolation at target parameters...
 Interpolation complete
        167   7.374036   8820.710   1.621207   1.621207   1.999408   1.999408   0.415226   0.007933   0.268000  -3.114279    934      0
 7.4084E+00   7.374036   0.442144 -34.959863   0.464404 -11.932583   0.000000   0.571020   0.001452   0.014000   0.053065      5
 1.1786E+09   1.759685   1.620997 -99.000000 -99.000000  -8.954090   0.000000   0.000055   0.001460   0.013753  0.000E+00      XHe_cntr

 Loading precomputed flux cube from:/home/njm/MESA/mesa/colors/data/stellar_models/Kurucz2003all//flux_cube.bin
 Loaded flux cube with dimensions:          76 x          11 x           9 x        1173
 Performing interpolation at target parameters...
 Interpolation complete
        168   7.375866   8760.524   1.635279   1.635279   1.999377   1.999377   0.404162   0.007998   0.268000  -3.132379    944      0
 7.3924E+00   7.375866   0.455124 -34.864473   0.478832 -11.903121   0.000000   0.582094   0.001376   0.014000   0.053294      5
 1.2033E+09   1.758067   1.635062 -99.000000 -99.000000  -8.938270   0.000000   0.000056   0.001460   0.013744  0.000E+00      XHe_cntr

 Loading precomputed flux cube from:/home/njm/MESA/mesa/colors/data/stellar_models/Kurucz2003all//flux_cube.bin
 Loaded flux cube with dimensions:          76 x          11 x           9 x        1173
 Performing interpolation at target parameters...
 Interpolation complete
        169   7.377710   8697.254   1.649320   1.649320   1.999346   1.999346   0.393157   0.008059   0.268000  -3.150444    928      0
 7.3753E+00   7.377710   0.468439 -34.769156   0.493100 -11.873255   0.000000   0.593108   0.001305   0.014000   0.053532      5
 1.2271E+09   1.756494   1.649100 -99.000000 -99.000000  -8.920225   0.000000   0.000057   0.001460   0.013735  0.000E+00      XHe_cntr

 Loading precomputed flux cube from:/home/njm/MESA/mesa/colors/data/stellar_models/Kurucz2003all//flux_cube.bin
 Loaded flux cube with dimensions:          76 x          11 x           9 x        1173
 Performing interpolation at target parameters...
 Interpolation complete

__________________________________________________________________________________________________________________________________________________

       step    lg_Tmax     Teff     lg_LH      lg_Lnuc_tot     Mass       H_rich     H_cntr     N_cntr     Y_surf   eta_cntr   zones  retry
  lg_dt_yrs    lg_Tcntr    lg_R     lg_L3a     lg_Lneu     lg_Mdot    He_core    He_cntr    O_cntr     Z_surf   gam_cntr   iters  
    age_yrs    lg_Dcntr    lg_L     lg_LZ      lg_Lphoto   lg_Dsurf   CO_core    C_cntr     Ne_cntr    Z_cntr   v_div_cs       dt_limit
__________________________________________________________________________________________________________________________________________________

        170   7.379573   8630.224   1.663290   1.663290   1.999313   1.999313   0.382120   0.008117   0.268000  -3.168423    943      0
 7.3580E+00   7.379573   0.482141 -34.673353   0.507160 -11.843147   0.000000   0.604154   0.001238   0.014000   0.053786      5
 1.2499E+09   1.755027   1.663064 -99.000000 -99.000000  -8.899553   0.000000   0.000057   0.001460   0.013726  0.000E+00      XHe_cntr

 Loading precomputed flux cube from:/home/njm/MESA/mesa/colors/data/stellar_models/Kurucz2003all//flux_cube.bin
 Loaded flux cube with dimensions:          76 x          11 x           9 x        1173
 Performing interpolation at target parameters...
 Interpolation complete
        171   7.381453   8559.714   1.677201   1.677201   1.999279   1.999279   0.371099   0.008172   0.268000  -3.186325    948      0
 7.3410E+00   7.381453   0.496220 -34.577297   0.521053 -11.812813   0.000000   0.615183   0.001175   0.014000   0.054053      5
 1.2718E+09   1.753644   1.676970 -14.148410 -99.000000  -8.876382   0.000000   0.000058   0.001460   0.013718  0.000E+00      XHe_cntr

 Loading precomputed flux cube from:/home/njm/MESA/mesa/colors/data/stellar_models/Kurucz2003all//flux_cube.bin
 Loaded flux cube with dimensions:          76 x          11 x           9 x        1173
 Performing interpolation at target parameters...
 Interpolation complete
        172   7.383361   8484.583   1.691045   1.691045   1.999244   1.999244   0.359983   0.008223   0.268000  -3.204161    932      0
 7.3238E+00   7.383361   0.510795 -34.480231   0.534766 -11.782242   0.000000   0.626307   0.001115   0.014000   0.054341      5
 1.2929E+09   1.752392   1.690806 -14.148410 -99.000000  -8.850121   0.000000   0.000059   0.001460   0.013711  0.000E+00      XHe_cntr

 Loading precomputed flux cube from:/home/njm/MESA/mesa/colors/data/stellar_models/Kurucz2003all//flux_cube.bin
 Loaded flux cube with dimensions:          76 x          11 x           9 x        1173
 Performing interpolation at target parameters...
 Interpolation complete
        173   7.385269   8407.052   1.704814   1.704814   1.999208   1.999208   0.349067   0.008271   0.268000  -3.221831    933      0
 7.3059E+00   7.385269   0.525652 -34.383907   0.548351 -11.751349   0.000000   0.637230   0.001059   0.014000   0.054633      5
 1.3131E+09   1.751180   1.704573 -99.000000 -99.000000  -8.821925   0.000000   0.000060   0.001460   0.013703  0.000E+00      XHe_cntr

 Loading precomputed flux cube from:/home/njm/MESA/mesa/colors/data/stellar_models/Kurucz2003all//flux_cube.bin
 Loaded flux cube with dimensions:          76 x          11 x           9 x        1173
 Performing interpolation at target parameters...
 Interpolation complete
        174   7.387207   8325.024   1.718658   1.718658   1.999171   1.999171   0.338126   0.008316   0.268000  -3.239278    925      0
 7.2893E+00   7.387207   0.541088 -34.286427   0.561922 -11.720313   0.000000   0.648178   0.001006   0.014000   0.054946      5
 1.3326E+09   1.750148   1.718411 -99.000000 -99.000000  -8.790868   0.000000   0.000060   0.001460   0.013697  0.000E+00      XHe_cntr

 Loading precomputed flux cube from:/home/njm/MESA/mesa/colors/data/stellar_models/Kurucz2003all//flux_cube.bin
 Loaded flux cube with dimensions:          76 x          11 x           9 x        1173
 Performing interpolation at target parameters...
 Interpolation complete
        175   7.389181   8238.062   1.732525   1.732525   1.999133   1.999133   0.327120   0.008359   0.268000  -3.256739    929      0
 7.2740E+00   7.389181   0.557138 -34.187675   0.575450 -11.688697   0.000000   0.659190   0.000956   0.014000   0.055276      5
 1.3514E+09   1.749215   1.732270 -99.000000 -99.000000  -8.756722   0.000000   0.000061   0.001460   0.013690  0.000E+00      XHe_cntr

 Loading precomputed flux cube from:/home/njm/MESA/mesa/colors/data/stellar_models/Kurucz2003all//flux_cube.bin
 Loaded flux cube with dimensions:          76 x          11 x           9 x        1173
 Performing interpolation at target parameters...
 Interpolation complete
        176   7.391195   8145.318   1.746365   1.746365   1.999093   1.999093   0.315989   0.008400   0.268000  -3.274193    932      0
 7.2575E+00   7.391195   0.573887 -34.087247   0.588886 -11.656537   0.000000   0.670327   0.000909   0.014000   0.055631      5
 1.3694E+09   1.748420   1.746100 -99.000000 -99.000000  -8.719080   0.000000   0.000062   0.001460   0.013684  0.000E+00      XHe_cntr

 Loading precomputed flux cube from:/home/njm/MESA/mesa/colors/data/stellar_models/Kurucz2003all//flux_cube.bin
 Loaded flux cube with dimensions:          76 x          11 x           9 x        1173
 Performing interpolation at target parameters...
 Interpolation complete
        177   7.393219   8048.930   1.760132   1.760132   1.999052   1.999052   0.305007   0.008438   0.268000  -3.291527    934      0
 7.2395E+00   7.393219   0.591108 -33.986880   0.602232 -11.623830   0.000000   0.681314   0.000865   0.014000   0.055994      5
 1.3868E+09   1.747675   1.759863 -13.671289 -99.000000  -8.679200   0.000000   0.000063   0.001460   0.013679  0.000E+00      XHe_cntr

 Loading precomputed flux cube from:/home/njm/MESA/mesa/colors/data/stellar_models/Kurucz2003all//flux_cube.bin
 Loaded flux cube with dimensions:          76 x          11 x           9 x        1173
 Performing interpolation at target parameters...
 Interpolation complete
        178   7.395273   7947.640   1.773838   1.773838   1.999009   1.999009   0.294040   0.008473   0.268000  -3.308773    929      0
 7.2221E+00   7.395273   0.608957 -33.885523   0.615475 -11.590819   0.000000   0.692287   0.000823   0.014000   0.056375      5
 1.4035E+09   1.747038   1.773561 -99.000000 -99.000000  -8.636642   0.000000   0.000063   0.001460   0.013673  0.000E+00      XHe_cntr

 Loading precomputed flux cube from:/home/njm/MESA/mesa/colors/data/stellar_models/Kurucz2003all//flux_cube.bin
 Loaded flux cube with dimensions:          76 x          11 x           9 x        1173
 Performing interpolation at target parameters...
 Interpolation complete
        179   7.397371   7840.177   1.787481   1.787481   1.998964   1.998964   0.282945   0.008507   0.268000  -3.325928    934      0
 7.2061E+00   7.397371   0.627599 -33.782132   0.628617 -11.557370   0.000000   0.703387   0.000784   0.014000   0.056785      5
 1.4196E+09   1.746583   1.787194 -13.303312 -99.000000  -8.591026   0.000000   0.000064   0.001460   0.013668  0.000E+00      XHe_cntr

 Loading precomputed flux cube from:/home/njm/MESA/mesa/colors/data/stellar_models/Kurucz2003all//flux_cube.bin
 Loaded flux cube with dimensions:          76 x          11 x           9 x        1173
 Performing interpolation at target parameters...
 Interpolation complete

__________________________________________________________________________________________________________________________________________________

       step    lg_Tmax     Teff     lg_LH      lg_Lnuc_tot     Mass       H_rich     H_cntr     N_cntr     Y_surf   eta_cntr   zones  retry
  lg_dt_yrs    lg_Tcntr    lg_R     lg_L3a     lg_Lneu     lg_Mdot    He_core    He_cntr    O_cntr     Z_surf   gam_cntr   iters  
    age_yrs    lg_Dcntr    lg_L     lg_LZ      lg_Lphoto   lg_Dsurf   CO_core    C_cntr     Ne_cntr    Z_cntr   v_div_cs       dt_limit
__________________________________________________________________________________________________________________________________________________

        180   7.399498   7727.814   1.801024   1.801024   1.998918   1.998918   0.271884   0.008538   0.268000  -3.342897    947      0
 7.1887E+00   7.399498   0.646905 -33.677681   0.641650 -11.523343   0.000000   0.714452   0.000747   0.014000   0.057215      5
 1.4350E+09   1.746271   1.800729 -99.000000 -99.000000  -8.543250   0.000000   0.000065   0.001460   0.013664  0.000E+00      XHe_cntr

 Loading precomputed flux cube from:/home/njm/MESA/mesa/colors/data/stellar_models/Kurucz2003all//flux_cube.bin
 Loaded flux cube with dimensions:          76 x          11 x           9 x        1173
 Performing interpolation at target parameters...
 Interpolation complete
        181   7.401662   7609.591   1.814431   1.814431   1.998870   1.998870   0.260790   0.008568   0.268000  -3.359665    947      0
 7.1707E+00   7.401662   0.666994 -33.571587   0.654530 -11.488893   0.000000   0.725551   0.000712   0.014000   0.057672      5
 1.4498E+09   1.746144   1.814127 -99.000000 -99.000000  -8.492987   0.000000   0.000066   0.001460   0.013659  0.000E+00      XHe_cntr

 Loading precomputed flux cube from:/home/njm/MESA/mesa/colors/data/stellar_models/Kurucz2003all//flux_cube.bin
 Loaded flux cube with dimensions:          76 x          11 x           9 x        1173
 Performing interpolation at target parameters...
 Interpolation complete
        182   7.403864   7485.564   1.827720   1.827720   1.998820   1.998820   0.249692   0.008596   0.268000  -3.376245    948      0
 7.1529E+00   7.403864   0.687907 -33.463807   0.667289 -11.453971   0.000000   0.736653   0.000679   0.014000   0.058154      6
 1.4640E+09   1.746189   1.827406 -13.847380 -99.000000  -8.440457   0.000000   0.000066   0.001460   0.013655  0.000E+00      XHe_cntr

 Loading precomputed flux cube from:/home/njm/MESA/mesa/colors/data/stellar_models/Kurucz2003all//flux_cube.bin
 Loaded flux cube with dimensions:          76 x          11 x           9 x        1173
 Performing interpolation at target parameters...
 Interpolation complete
        183   7.406093   7356.544   1.840884   1.840884   1.998768   1.998768   0.238703   0.008621   0.268000  -3.392602    945      0
 7.1347E+00   7.406093   0.709586 -33.354941   0.679935 -11.418519   0.000000   0.747646   0.000649   0.014000   0.058653      6
 1.4777E+09   1.746366   1.840562 -99.000000 -99.000000  -8.386752   0.000000   0.000067   0.001460   0.013651  0.000E+00      XHe_cntr

 Loading precomputed flux cube from:/home/njm/MESA/mesa/colors/data/stellar_models/Kurucz2003all//flux_cube.bin
 Loaded flux cube with dimensions:          76 x          11 x           9 x        1173
 Performing interpolation at target parameters...
 Interpolation complete
        184   7.408385   7219.952   1.853952   1.853952   1.998714   1.998714   0.227596   0.008646   0.268000  -3.408780    953      0
 7.1176E+00   7.408385   0.732392 -33.242999   0.692474 -11.382592   0.000000   0.758757   0.000620   0.014000   0.059189      6
 1.4908E+09   1.746789   1.853615 -99.000000 -99.000000  -8.331855   0.000000   0.000068   0.001460   0.013647  0.000E+00      XHe_cntr

 Loading precomputed flux cube from:/home/njm/MESA/mesa/colors/data/stellar_models/Kurucz2003all//flux_cube.bin
 Loaded flux cube with dimensions:          76 x          11 x           9 x        1173
 Performing interpolation at target parameters...
 Interpolation complete
        185   7.410720   7077.318   1.866917   1.866917   1.998657   1.998657   0.216559   0.008669   0.268000  -3.424738    952      0
 7.1002E+00   7.410720   0.756201 -33.129071   0.704931 -11.345858   0.000000   0.769797   0.000593   0.014000   0.059747      7
 1.5034E+09   1.747379   1.866570 -99.000000 -99.000000  -8.277964   0.000000   0.000069   0.001460   0.013644  0.000E+00      XHe_cntr

 Loading precomputed flux cube from:/home/njm/MESA/mesa/colors/data/stellar_models/Kurucz2003all//flux_cube.bin
 Loaded flux cube with dimensions:          76 x          11 x           9 x        1173
 Performing interpolation at target parameters...
 Interpolation complete
        186   7.413115   6927.305   1.879761   1.879761   1.998597   1.998597   0.205497   0.008690   0.268000  -3.440454    961      0
 7.0824E+00   7.413115   0.781225 -33.012102   0.717275 -11.308418   0.000000   0.780862   0.000568   0.014000   0.060339      8
 1.5155E+09   1.748209   1.879400 -13.546350 -99.000000  -8.225423   0.000000   0.000069   0.001460   0.013640  0.000E+00      XHe_cntr

 Loading precomputed flux cube from:/home/njm/MESA/mesa/colors/data/stellar_models/Kurucz2003all//flux_cube.bin
 Loaded flux cube with dimensions:          76 x          11 x           9 x        1173
 Performing interpolation at target parameters...
 Interpolation complete
        187   7.415576   6769.572   1.892556   1.892556   1.998535   1.998535   0.194433   0.008710   0.268000  -3.455777    974      0
 7.0651E+00   7.415576   0.807622 -32.891653   0.729587 -11.270126   0.000000   0.791930   0.000544   0.014000   0.060965      8
 1.5271E+09   1.749344   1.892182 -13.847380 -99.000000  -8.173381   0.000000   0.000070   0.001460   0.013637  0.000E+00      XHe_cntr

 Loading precomputed flux cube from:/home/njm/MESA/mesa/colors/data/stellar_models/Kurucz2003all//flux_cube.bin
 Loaded flux cube with dimensions:          76 x          11 x           9 x        1173
 Performing interpolation at target parameters...
 Interpolation complete
        188   7.418111   6603.956   1.905230   1.905230   1.998470   1.998470   0.183338   0.008729   0.268000  -3.470581    983      0
 7.0474E+00   7.418111   0.835465 -32.767144   0.741794 -11.230751   0.000000   0.803027   0.000521   0.014000   0.061633      9
 1.5382E+09   1.750860   1.904840 -99.000000 -99.000000  -8.119121   0.000000   0.000071   0.001460   0.013634  0.000E+00      XHe_cntr

 Loading precomputed flux cube from:/home/njm/MESA/mesa/colors/data/stellar_models/Kurucz2003all//flux_cube.bin
 Loaded flux cube with dimensions:          76 x          11 x           9 x        1173
 Performing interpolation at target parameters...
 Interpolation complete
        189   7.420728   6430.908   1.917717   1.917717   1.998400   1.998400   0.172215   0.008747   0.268000  -3.484934   1013      0
 7.0295E+00   7.420728   0.864764 -32.638080   0.753834 -11.190329   0.000000   0.814154   0.000500   0.014000   0.062343      8
 1.5489E+09   1.752742   1.917311 -99.000000 -99.000000  -8.059489   0.000000   0.000072   0.001460   0.013632  0.000E+00      XHe_cntr

 Loading precomputed flux cube from:/home/njm/MESA/mesa/colors/data/stellar_models/Kurucz2003all//flux_cube.bin
 Loaded flux cube with dimensions:          76 x          11 x           9 x        1173
 Performing interpolation at target parameters...
 Interpolation complete

__________________________________________________________________________________________________________________________________________________

       step    lg_Tmax     Teff     lg_LH      lg_Lnuc_tot     Mass       H_rich     H_cntr     N_cntr     Y_surf   eta_cntr   zones  retry
  lg_dt_yrs    lg_Tcntr    lg_R     lg_L3a     lg_Lneu     lg_Mdot    He_core    He_cntr    O_cntr     Z_surf   gam_cntr   iters  
    age_yrs    lg_Dcntr    lg_L     lg_LZ      lg_Lphoto   lg_Dsurf   CO_core    C_cntr     Ne_cntr    Z_cntr   v_div_cs       dt_limit
__________________________________________________________________________________________________________________________________________________

        190   7.423408   6252.599   1.929892   1.929892   1.998328   1.998328   0.161193   0.008763   0.268000  -3.498649   1008      0
 7.0072E+00   7.423408   0.895267 -32.505269   0.765590 -11.148941   0.000000   0.825178   0.000480   0.014000   0.063090      7
 1.5591E+09   1.754993   1.929470 -99.000000 -99.000000  -7.993961   0.000000   0.000072   0.001460   0.013629  0.000E+00        lgTeff

 Loading precomputed flux cube from:/home/njm/MESA/mesa/colors/data/stellar_models/Kurucz2003all//flux_cube.bin
 Loaded flux cube with dimensions:          76 x          11 x           9 x        1173
 Performing interpolation at target parameters...
 Interpolation complete
        191   7.426091   6074.873   1.941498   1.941498   1.998254   1.998254   0.150555   0.008778   0.268000  -3.511459   1018      0
 6.9756E+00   7.426091   0.926109 -32.371535   0.776815 -11.106965   0.000000   0.835818   0.000462   0.014000   0.063851      7
 1.5686E+09   1.757531   1.941060 -99.000000 -99.000000  -7.927448   0.000000   0.000073   0.001460   0.013627  0.000E+00        lgTeff

 Loading precomputed flux cube from:/home/njm/MESA/mesa/colors/data/stellar_models/Kurucz2003all//flux_cube.bin
 Loaded flux cube with dimensions:          76 x          11 x           9 x        1173
 Performing interpolation at target parameters...
 Interpolation complete
        192   7.428786   5902.906   1.952352   1.952352   1.998180   1.998180   0.140221   0.008791   0.268000  -3.523104   1013      0
 6.9374E+00   7.428786   0.956466 -32.236115   0.787317 -11.065473   0.000000   0.846155   0.000445   0.014000   0.064639      7
 1.5772E+09   1.760509   1.951890 -13.546350 -99.000000  -7.864353   0.000000   0.000074   0.001460   0.013624  0.000E+00        lgTeff

 Loading precomputed flux cube from:/home/njm/MESA/mesa/colors/data/stellar_models/Kurucz2003all//flux_cube.bin
 Loaded flux cube with dimensions:          76 x          11 x           9 x        1173
 Performing interpolation at target parameters...
 Interpolation complete
        193   7.431406   5758.932   1.962533   1.962533   1.998105   1.998105   0.130649   0.008803   0.268000  -3.533687   1026      0
 6.8985E+00   7.431406   0.983000 -32.103709   0.797202 -11.025413   0.000000   0.855729   0.000431   0.014000   0.065401      7
 1.5851E+09   1.763572   1.962061 -99.000000 -99.000000  -7.815363   0.000000   0.000075   0.001460   0.013622  0.000E+00        lgTeff

 Loading precomputed flux cube from:/home/njm/MESA/mesa/colors/data/stellar_models/Kurucz2003all//flux_cube.bin
 Loaded flux cube with dimensions:          76 x          11 x           9 x        1173
 Performing interpolation at target parameters...
 Interpolation complete
        194   7.434124   5635.737   1.972427   1.972427   1.998028   1.998028   0.121121   0.008814   0.268000  -3.543567    985      0
 6.8767E+00   7.434124   1.006718 -31.965009   0.806814 -10.989447   0.000000   0.865258   0.000417   0.014000   0.066202      7
 1.5927E+09   1.767101   1.971934 -13.370259 -99.000000  -7.777126   0.000000   0.000076   0.001460   0.013621  0.000E+00        lgTeff

 Loading precomputed flux cube from:/home/njm/MESA/mesa/colors/data/stellar_models/Kurucz2003all//flux_cube.bin
 Loaded flux cube with dimensions:          76 x          11 x           9 x        1173
 Performing interpolation at target parameters...
 Interpolation complete
        195   7.437033   5537.189   1.982357   1.982357   1.997947   1.997947   0.111426   0.008825   0.268000  -3.552981    972      0
 6.8681E+00   7.437033   1.026996 -31.815163   0.816481 -10.956243   0.000000   0.874956   0.000404   0.014000   0.067061      6
 1.6000E+09   1.771213   1.981844 -99.000000 -99.000000  -7.750568   0.000000   0.000076   0.001460   0.013619  0.000E+00    varcontrol

 Loading precomputed flux cube from:/home/njm/MESA/mesa/colors/data/stellar_models/Kurucz2003all//flux_cube.bin
 Loaded flux cube with dimensions:          76 x          11 x           9 x        1173
 Performing interpolation at target parameters...
 Interpolation complete
        196   7.440216   5456.261   1.992428   1.992428   1.997860   1.997860   0.101401   0.008835   0.268000  -3.561901    983      0
 6.8631E+00   7.440216   1.044809 -31.649214   0.826301 -10.925871   0.000000   0.884982   0.000391   0.014000   0.068000      6
 1.6073E+09   1.776115   1.991892 -99.000000 -99.000000  -7.732301   0.000000   0.000077   0.001460   0.013617  0.000E+00    varcontrol

 Loading precomputed flux cube from:/home/njm/MESA/mesa/colors/data/stellar_models/Kurucz2003all//flux_cube.bin
 Loaded flux cube with dimensions:          76 x          11 x           9 x        1173
 Performing interpolation at target parameters...
 Interpolation complete
        197   7.443721   5381.003   2.002910   2.002910   1.997768   1.306275   0.091140   0.008845   0.268000  -3.570089    985      0
 6.8635E+00   7.443721   1.062106 -31.464018   0.836555 -10.897379   0.691492   0.895245   0.000378   0.014000   0.069014      5
 1.6146E+09   1.781947   2.002359 -13.069229 -99.000000  -7.718090   0.000000   0.000078   0.001460   0.013615  0.000E+00      XHe_cntr

 Loading precomputed flux cube from:/home/njm/MESA/mesa/colors/data/stellar_models/Kurucz2003all//flux_cube.bin
 Loaded flux cube with dimensions:          76 x          11 x           9 x        1173
 Performing interpolation at target parameters...
 Interpolation complete
        198   7.447683   5309.937   2.013729   2.013729   1.997669   1.293664   0.080447   0.008855   0.268000  -3.577283    968      0
 6.8603E+00   7.447683   1.079053 -31.251234   0.847160 -10.868754   0.704006   0.905940   0.000365   0.014000   0.070137      6
 1.6219E+09   1.789108   2.013158 -13.069229 -99.000000  -7.707100   0.000000   0.000080   0.001460   0.013613  0.000E+00      XHe_cntr

 Loading precomputed flux cube from:/home/njm/MESA/mesa/colors/data/stellar_models/Kurucz2003all//flux_cube.bin
 Loaded flux cube with dimensions:          76 x          11 x           9 x        1173
 Performing interpolation at target parameters...
 Interpolation complete
        199   7.452212   5243.583   2.024833   2.024833   1.997567   1.281097   0.069393   0.008864   0.268000  -3.583037    980      0
 6.8495E+00   7.452212   1.095520 -31.003495   0.858071 -10.839974   0.716470   0.916995   0.000353   0.014000   0.071372      5
 1.6290E+09   1.797933   2.024245 -13.245320 -99.000000  -7.699125   0.000000   0.000081   0.001460   0.013612  0.000E+00    lg_XH_cntr

 Loading precomputed flux cube from:/home/njm/MESA/mesa/colors/data/stellar_models/Kurucz2003all//flux_cube.bin
 Loaded flux cube with dimensions:          76 x          11 x           9 x        1173
 Performing interpolation at target parameters...
 Interpolation complete

__________________________________________________________________________________________________________________________________________________

       step    lg_Tmax     Teff     lg_LH      lg_Lnuc_tot     Mass       H_rich     H_cntr     N_cntr     Y_surf   eta_cntr   zones  retry
  lg_dt_yrs    lg_Tcntr    lg_R     lg_L3a     lg_Lneu     lg_Mdot    He_core    He_cntr    O_cntr     Z_surf   gam_cntr   iters  
    age_yrs    lg_Dcntr    lg_L     lg_LZ      lg_Lphoto   lg_Dsurf   CO_core    C_cntr     Ne_cntr    Z_cntr   v_div_cs       dt_limit
__________________________________________________________________________________________________________________________________________________

        200   7.457138   5184.330   2.035888   2.035888   1.997466   1.280996   0.058794   0.008873   0.268000  -3.586800    970      0
 6.8163E+00   7.457138   1.110919 -30.728776   0.868970 -10.811207   0.716470   0.927596   0.000341   0.014000   0.072622      5
 1.6355E+09   1.808073   2.035301 -99.000000 -99.000000  -7.694376   0.000000   0.000082   0.001460   0.013610  0.000E+00    lg_XH_cntr

save LOGS/profile5.data for model 200
 Loading precomputed flux cube from:/home/njm/MESA/mesa/colors/data/stellar_models/Kurucz2003all//flux_cube.bin
 Loaded flux cube with dimensions:          76 x          11 x           9 x        1173
 Performing interpolation at target parameters...
 Interpolation complete
save photos/x200 for model 200
        201   7.462313   5134.187   2.046489   2.046489   1.997372   1.284009   0.049143   0.008880   0.268000  -3.588239    973      0
 6.7579E+00   7.462313   1.124668 -30.434341   0.879452 -10.783377   0.713363   0.937248   0.000331   0.014000   0.073817      5
 1.6412E+09   1.819241   2.045917 -13.546350 -99.000000  -7.692592   0.000000   0.000084   0.001460   0.013608  0.000E+00    lg_XH_cntr

 Loading precomputed flux cube from:/home/njm/MESA/mesa/colors/data/stellar_models/Kurucz2003all//flux_cube.bin
 Loaded flux cube with dimensions:          76 x          11 x           9 x        1173
 Performing interpolation at target parameters...
 Interpolation complete
        202   7.467685   5092.265   2.056482   2.056482   1.997287   1.283924   0.040593   0.008886   0.268000  -3.587144    992      0
 6.6849E+00   7.467685   1.136802 -30.122919   0.889359 -10.757524   0.713363   0.945800   0.000322   0.014000   0.074923      5
 1.6461E+09   1.831373   2.055941 -99.000000 -99.000000  -7.692968   0.000000   0.000086   0.001460   0.013607  0.000E+00    lg_XH_cntr

 Loading precomputed flux cube from:/home/njm/MESA/mesa/colors/data/stellar_models/Kurucz2003all//flux_cube.bin
 Loaded flux cube with dimensions:          76 x          11 x           9 x        1173
 Performing interpolation at target parameters...
 Interpolation complete
        203   7.473168   5058.270   2.065756   2.065756   1.997214   1.284240   0.033242   0.008890   0.268000  -3.583609    998      0
 6.6001E+00   7.473168   1.147284 -29.799707   0.898573 -10.733823   0.712974   0.953153   0.000315   0.014000   0.075909      5
 1.6501E+09   1.844249   2.065271 -13.546350 -99.000000  -7.694848   0.000000   0.000087   0.001460   0.013606  0.000E+00    lg_XH_cntr

 Loading precomputed flux cube from:/home/njm/MESA/mesa/colors/data/stellar_models/Kurucz2003all//flux_cube.bin
 Loaded flux cube with dimensions:          76 x          11 x           9 x        1173
 Performing interpolation at target parameters...
 Interpolation complete
        204   7.478656   5031.236   2.074237   2.074237   1.997151   1.284178   0.027107   0.008894   0.268000  -3.577907    990      0
 6.5065E+00   7.478656   1.156220 -29.471757   0.907014 -10.712444   0.712974   0.959288   0.000309   0.014000   0.076755      5
 1.6533E+09   1.857571   2.073832 -13.847380 -99.000000  -7.697602   0.000000   0.000089   0.001460   0.013605  0.000E+00    lg_XH_cntr

 Loading precomputed flux cube from:/home/njm/MESA/mesa/colors/data/stellar_models/Kurucz2003all//flux_cube.bin
 Loaded flux cube with dimensions:          76 x          11 x           9 x        1173
 Performing interpolation at target parameters...
 Interpolation complete
        205   7.484126   5010.087   2.081950   2.081950   1.997099   1.284126   0.022040   0.008896   0.268000  -3.570277    989      0
 6.4096E+00   7.484126   1.163789 -29.141364   0.914702 -10.693399   0.712974   0.964356   0.000304   0.014000   0.077470      5
 1.6558E+09   1.871258   2.081653 -13.370259 -99.000000  -7.700790   0.000000   0.000090   0.001460   0.013604  0.000E+00    lg_XH_cntr

 Loading precomputed flux cube from:/home/njm/MESA/mesa/colors/data/stellar_models/Kurucz2003all//flux_cube.bin
 Loaded flux cube with dimensions:          76 x          11 x           9 x        1173
 Performing interpolation at target parameters...
 Interpolation complete
        206   7.489603   4993.389   2.088993   2.088993   1.997056   1.284083   0.017860   0.008898   0.268000  -3.560890    994      0
 6.3127E+00   7.489603   1.170282 -28.808010   0.921729 -10.676497   0.712974   0.968537   0.000299   0.014000   0.078070      5
 1.6579E+09   1.885344   2.088839 -13.370259 -99.000000  -7.704128   0.000000   0.000092   0.001460   0.013603  0.000E+00    lg_XH_cntr

 Loading precomputed flux cube from:/home/njm/MESA/mesa/colors/data/stellar_models/Kurucz2003all//flux_cube.bin
 Loaded flux cube with dimensions:          76 x          11 x           9 x        1173
 Performing interpolation at target parameters...
 Interpolation complete
        207   7.495208   4980.234   2.095506   2.095506   1.997020   1.284047   0.014361   0.008899   0.268000  -3.549628   1008      0
 6.2158E+00   7.495208   1.175928 -28.465223   0.928231 -10.661355   0.712974   0.972036   0.000296   0.014000   0.078582      5
 1.6595E+09   1.900144   2.095549 -13.546350 -99.000000  -7.707494   0.000000   0.000094   0.001460   0.013602  0.000E+00    lg_XH_cntr

 Loading precomputed flux cube from:/home/njm/MESA/mesa/colors/data/stellar_models/Kurucz2003all//flux_cube.bin
 Loaded flux cube with dimensions:          76 x          11 x           9 x        1173
 Performing interpolation at target parameters...
 Interpolation complete
        208   7.500676   4969.654   2.101439   2.101439   1.996991   1.284017   0.011588   0.008900   0.268000  -3.537448   1011      0
 6.1189E+00   7.500676   1.180854 -28.130057   0.934158 -10.647564   0.712974   0.974810   0.000293   0.014000   0.078987      5
 1.6609E+09   1.914825   2.101706 -99.000000 -99.000000  -7.710717   0.000000   0.000096   0.001460   0.013602  0.000E+00    lg_XH_cntr

 Loading precomputed flux cube from:/home/njm/MESA/mesa/colors/data/stellar_models/Kurucz2003all//flux_cube.bin
 Loaded flux cube with dimensions:          76 x          11 x           9 x        1173
 Performing interpolation at target parameters...
 Interpolation complete
        209   7.506181   4961.874   2.106921   2.106921   1.996966   1.283993   0.009321   0.008900   0.268000  -3.524048   1004      0
 6.0220E+00   7.506181   1.185110 -27.792489   0.939637 -10.635124   0.712974   0.977078   0.000290   0.014000   0.079320      5
 1.6619E+09   1.929874   2.107497 -99.000000 -99.000000  -7.713839   0.000000   0.000097   0.001460   0.013601  0.000E+00    lg_XH_cntr

 Loading precomputed flux cube from:/home/njm/MESA/mesa/colors/data/stellar_models/Kurucz2003all//flux_cube.bin
 Loaded flux cube with dimensions:          76 x          11 x           9 x        1173
 Performing interpolation at target parameters...
 Interpolation complete

__________________________________________________________________________________________________________________________________________________

       step    lg_Tmax     Teff     lg_LH      lg_Lnuc_tot     Mass       H_rich     H_cntr     N_cntr     Y_surf   eta_cntr   zones  retry
  lg_dt_yrs    lg_Tcntr    lg_R     lg_L3a     lg_Lneu     lg_Mdot    He_core    He_cntr    O_cntr     Z_surf   gam_cntr   iters  
    age_yrs    lg_Dcntr    lg_L     lg_LZ      lg_Lphoto   lg_Dsurf   CO_core    C_cntr     Ne_cntr    Z_cntr   v_div_cs       dt_limit
__________________________________________________________________________________________________________________________________________________

        210   7.511816   4955.729   2.112061   2.112061   1.996946   1.283973   0.007448   0.008900   0.268000  -3.509262   1007      0
 5.9250E+00   7.511816   1.188966 -27.447314   0.944776 -10.623741   0.712974   0.978952   0.000288   0.014000   0.079598      5
 1.6627E+09   1.945548   2.113055 -99.000000 -99.000000  -7.716882   0.000000   0.000099   0.001460   0.013600  0.000E+00    lg_XH_cntr

 Loading precomputed flux cube from:/home/njm/MESA/mesa/colors/data/stellar_models/Kurucz2003all//flux_cube.bin
 Loaded flux cube with dimensions:          76 x          11 x           9 x        1173
 Performing interpolation at target parameters...
 Interpolation complete
        211   7.517532   4951.303   2.116903   2.116903   1.996930   1.283956   0.005926   0.008899   0.268000  -3.493404   1004      0
 5.8281E+00   7.517532   1.192428 -27.098214   0.949617 -10.613005   0.712974   0.980474   0.000286   0.014000   0.079823      5
 1.6634E+09   1.961653   2.118427 -13.245320 -99.000000  -7.719849   0.000000   0.000101   0.001460   0.013600  0.000E+00    lg_XH_cntr

 Loading precomputed flux cube from:/home/njm/MESA/mesa/colors/data/stellar_models/Kurucz2003all//flux_cube.bin
 Loaded flux cube with dimensions:          76 x          11 x           9 x        1173
 Performing interpolation at target parameters...
 Interpolation complete
        212   7.523388   4948.154   2.121485   2.121485   1.996916   1.283943   0.004684   0.008899   0.268000  -3.476365   1012      0
 5.7312E+00   7.523388   1.195625 -26.741952   0.954200 -10.602853   0.712974   0.981716   0.000285   0.014000   0.080008      5
 1.6640E+09   1.978357   2.123716 -99.000000 -99.000000  -7.722783   0.000000   0.000103   0.001460   0.013599  0.000E+00    lg_XH_cntr

 Loading precomputed flux cube from:/home/njm/MESA/mesa/colors/data/stellar_models/Kurucz2003all//flux_cube.bin
 Loaded flux cube with dimensions:          76 x          11 x           9 x        1173
 Performing interpolation at target parameters...
 Interpolation complete
        213   7.529424   4945.734   2.125844   2.125844   1.996905   1.283932   0.003674   0.008897   0.268000  -3.458109   1004      0
 5.6343E+00   7.529424   1.198697 -26.376626   0.958560 -10.593033   0.712974   0.982727   0.000283   0.014000   0.080159      5
 1.6644E+09   1.995754   2.129011 -13.069229 -99.000000  -7.725726   0.000000   0.000105   0.001460   0.013599  0.000E+00    lg_XH_cntr

 Loading precomputed flux cube from:/home/njm/MESA/mesa/colors/data/stellar_models/Kurucz2003all//flux_cube.bin
 Loaded flux cube with dimensions:          76 x          11 x           9 x        1173
 Performing interpolation at target parameters...
 Interpolation complete
        214   7.535741   4944.408   2.130004   2.130004   1.996896   1.283923   0.002848   0.008896   0.268000  -3.438318   1008      0
 5.5374E+00   7.535741   1.201657 -25.996473   0.962721 -10.583310   0.712974   0.983554   0.000282   0.014000   0.080285      5
 1.6647E+09   2.014157   2.134466 -99.000000 -99.000000  -7.728759   0.000000   0.000107   0.001460   0.013598  0.000E+00    lg_XH_cntr

 Loading precomputed flux cube from:/home/njm/MESA/mesa/colors/data/stellar_models/Kurucz2003all//flux_cube.bin
 Loaded flux cube with dimensions:          76 x          11 x           9 x        1173
 Performing interpolation at target parameters...
 Interpolation complete
        215   7.542562   4943.452   2.133954   2.133954   1.996889   1.283916   0.002161   0.008894   0.268000  -3.416229   1006      0
 5.4405E+00   7.542562   1.204751 -25.588814   0.966672 -10.573466   0.712974   0.984241   0.000281   0.014000   0.080395      5
 1.6650E+09   2.034247   2.140318 -99.000000 -99.000000  -7.732015   0.000000   0.000109   0.001460   0.013598  0.000E+00    lg_XH_cntr

 Loading precomputed flux cube from:/home/njm/MESA/mesa/colors/data/stellar_models/Kurucz2003all//flux_cube.bin
 Loaded flux cube with dimensions:          76 x          11 x           9 x        1173
 Performing interpolation at target parameters...
 Interpolation complete
        216   7.549716   4943.197   2.137751   2.137751   1.996883   1.283910   0.001618   0.008892   0.268000  -3.392512   1005      0
 5.3436E+00   7.549716   1.207869 -25.164724   0.970469 -10.562973   0.712974   0.984784   0.000280   0.014000   0.080487      5
 1.6652E+09   2.055476   2.146464 -99.000000 -99.000000  -7.735435   0.000000   0.000111   0.001460   0.013598  0.000E+00    lg_XH_cntr

 Loading precomputed flux cube from:/home/njm/MESA/mesa/colors/data/stellar_models/Kurucz2003all//flux_cube.bin
 Loaded flux cube with dimensions:          76 x          11 x           9 x        1173
 Performing interpolation at target parameters...
 Interpolation complete
        217   7.557340   4943.253   2.141128   2.141128   1.996878   1.283905   0.001189   0.008890   0.268000  -3.366569   1003      0
 5.2467E+00   7.557340   1.211169 -24.716704   0.973845 -10.552062   0.712974   0.985214   0.000280   0.014000   0.080569      5
 1.6654E+09   2.078320   2.153084 -99.000000 -99.000000  -7.739118   0.000000   0.000114   0.001460   0.013597  0.000E+00    lg_XH_cntr

 Loading precomputed flux cube from:/home/njm/MESA/mesa/colors/data/stellar_models/Kurucz2003all//flux_cube.bin
 Loaded flux cube with dimensions:          76 x          11 x           9 x        1173
 Performing interpolation at target parameters...
 Interpolation complete
        218   7.565961   4943.055   2.143575   2.143575   1.996874   1.283900   0.000837   0.008887   0.268000  -3.336198   1007      0
 5.1498E+00   7.565961   1.215035 -24.214931   0.976290 -10.540361   0.712974   0.985567   0.000279   0.014000   0.080660      5
 1.6655E+09   2.104535   2.160745 -13.546350 -99.000000  -7.743384   0.000000   0.000117   0.001460   0.013596  0.000E+00    lg_XH_cntr

 Loading precomputed flux cube from:/home/njm/MESA/mesa/colors/data/stellar_models/Kurucz2003all//flux_cube.bin
 Loaded flux cube with dimensions:          76 x          11 x           9 x        1173
 Performing interpolation at target parameters...
 Interpolation complete
        219   7.576358   4942.140   2.144215   2.144215   1.996871   1.283897   0.000546   0.008883   0.268000  -3.298021   1004      0
 5.0528E+00   7.576358   1.219956 -23.616615   0.976924 -10.526778   0.712974   0.985858   0.000279   0.014000   0.080780      5
 1.6657E+09   2.136753   2.170267 -99.000000 -99.000000  -7.748686   0.000000   0.000120   0.001460   0.013596  0.000E+00    lg_XH_cntr

 Loading precomputed flux cube from:/home/njm/MESA/mesa/colors/data/stellar_models/Kurucz2003all//flux_cube.bin
 Loaded flux cube with dimensions:          76 x          11 x           9 x        1173
 Performing interpolation at target parameters...
 Interpolation complete

__________________________________________________________________________________________________________________________________________________

       step    lg_Tmax     Teff     lg_LH      lg_Lnuc_tot     Mass       H_rich     H_cntr     N_cntr     Y_surf   eta_cntr   zones  retry
  lg_dt_yrs    lg_Tcntr    lg_R     lg_L3a     lg_Lneu     lg_Mdot    He_core    He_cntr    O_cntr     Z_surf   gam_cntr   iters  
    age_yrs    lg_Dcntr    lg_L     lg_LZ      lg_Lphoto   lg_Dsurf   CO_core    C_cntr     Ne_cntr    Z_cntr   v_div_cs       dt_limit
__________________________________________________________________________________________________________________________________________________

        220   7.589943   4939.550   2.140506   2.140506   1.996868   1.283894   0.000310   0.008878   0.268000  -3.245549   1006      0
 4.9559E+00   7.589943   1.226804 -22.845977   0.973195 -10.509800   0.712974   0.986095   0.000278   0.014000   0.080975      5
 1.6657E+09   2.179890   2.183052 -13.546350 -99.000000  -7.755808   0.000000   0.000125   0.001460   0.013595  0.000E+00    lg_XH_cntr

 Loading precomputed flux cube from:/home/njm/MESA/mesa/colors/data/stellar_models/Kurucz2003all//flux_cube.bin
 Loaded flux cube with dimensions:          76 x          11 x           9 x        1173
 Performing interpolation at target parameters...
 Interpolation complete
        221   7.611270   4930.480   2.119799   2.119799   1.996866   1.283892   0.000124   0.008870   0.268000  -3.156473   1008      0
 4.8590E+00   7.611270   1.238474 -21.660661   0.952397 -10.486801   0.712974   0.986282   0.000278   0.014000   0.081417      5
 1.6658E+09   2.250377   2.203199 -13.069229 -99.000000  -7.767057   0.000000   0.000132   0.001460   0.013594  0.000E+00    lg_XH_cntr

 Loading precomputed flux cube from:/home/njm/MESA/mesa/colors/data/stellar_models/Kurucz2003all//flux_cube.bin
 Loaded flux cube with dimensions:          76 x          11 x           9 x        1173
 Performing interpolation at target parameters...
 Interpolation complete
        222   7.660283   4896.159   1.976689   1.976689   1.996863   1.283890   0.000012   0.008853   0.268000  -2.919840   1042      0
 4.7621E+00   7.660283   1.265998 -19.043906   0.807974 -10.449822   0.712974   0.986396   0.000278   0.014000   0.083226      6
 1.6659E+09   2.425711   2.246112 -13.069229 -99.000000  -7.791456   0.000000   0.000147   0.001460   0.013591  0.000E+00    lg_XH_cntr

 Loading precomputed flux cube from:/home/njm/MESA/mesa/colors/data/stellar_models/Kurucz2003all//flux_cube.bin
 Loaded flux cube with dimensions:          76 x          11 x           9 x        1173
 Performing interpolation at target parameters...
 Interpolation complete
                      residual_norm > tol_residual_norm         223    2.8660491021771889D-04    9.9999999999999995D-07
                        max_residual > tol_max_residual         223    2.1314198472239174D-01    1.0000000000000000D-04
            correction_norm > tol_correction_norm*coeff         223    9.5014220805550122D-06    3.0000000000000001D-06    1.0000000000000001D-01
          max_abs_correction > tol_max_correction*coeff         223    3.5174984091500418D-04    3.0000000000000003D-04    1.0000000000000001D-01
                            solver rejected trial model
                                        s% model_number         223
                                  s% solver_call_number         400
                                                     nz        1125
                                         s% num_retries           0
                                                     dt    1.4598687717499312D+12
                                          log dt/secyer    4.6652098515305083D+00

 retry: avg+max corr+resid -- give up in solver     223
                      residual_norm > tol_residual_norm         223    2.7515163365201851D-04    9.9999999999999995D-07
                        max_residual > tol_max_residual         223    2.0789473540591646D-01    1.0000000000000000D-04
            correction_norm > tol_correction_norm*coeff         223    3.0859410236895890D-05    3.0000000000000001D-05    1.0000000000000000D+00
                            solver rejected trial model
                                        s% model_number         223
                                  s% solver_call_number         401
                                                     nz        1125
                                         s% num_retries           1
                                                     dt    7.2993438587496558D+11
                                          log dt/secyer    4.3641798558665270D+00

 retry: avg corr, avg+max resid -- give up in solver     223
                      residual_norm > tol_residual_norm         223    8.6359211375144928D-04    9.9999999999999995D-07
                        max_residual > tol_max_residual         223    2.5153803688435157D+00    1.0000000000000000D-04
            correction_norm > tol_correction_norm*coeff         223    1.8319780105396112D-03    3.0000000000000004D-07    1.0000000000000000D-02
          max_abs_correction > tol_max_correction*coeff         223    4.0263422668298278D-02    3.0000000000000001D-05    1.0000000000000000D-02
                            solver rejected trial model
                                        s% model_number         223
                                  s% solver_call_number         402
                                                     nz        1125
                                         s% num_retries           2
                                                     dt    3.6496719293748279D+11
                                          log dt/secyer    4.0631498602025458D+00

 retry: avg+max corr+resid -- give up in solver     223
                      residual_norm > tol_residual_norm         223    4.7002342467412065D-04    9.9999999999999995D-07
                        max_residual > tol_max_residual         223    1.1851513429337786D+00    1.0000000000000000D-04
            correction_norm > tol_correction_norm*coeff         223    8.5820577601390430D-04    3.0000000000000004D-07    1.0000000000000000D-02
          max_abs_correction > tol_max_correction*coeff         223    2.4307842808869513D-02    3.0000000000000001D-05    1.0000000000000000D-02
                            solver rejected trial model
                                        s% model_number         223
                                  s% solver_call_number         403
                                                     nz        1125
                                         s% num_retries           3
                                                     dt    1.8248359646874139D+11
                                          log dt/secyer    3.7621198645385650D+00

 retry: avg+max corr+resid -- give up in solver     223
                      residual_norm > tol_residual_norm         223    2.7802580102830081D-04    9.9999999999999995D-07
                        max_residual > tol_max_residual         223    5.5814496594757879D-01    1.0000000000000000D-04
            correction_norm > tol_correction_norm*coeff         223    4.0593778219624017D-04    3.0000000000000004D-07    1.0000000000000000D-02
          max_abs_correction > tol_max_correction*coeff         223    1.5960539229267216D-02    3.0000000000000001D-05    1.0000000000000000D-02
                            solver rejected trial model
                                        s% model_number         223
                                  s% solver_call_number         404
                                                     nz        1125
                                         s% num_retries           4
                                                     dt    9.1241798234370697D+10
                                          log dt/secyer    3.4610898688745837D+00

 retry: avg+max corr+resid -- give up in solver     223
                      residual_norm > tol_residual_norm         223    1.8416925371668981D-04    9.9999999999999995D-07
                        max_residual > tol_max_residual         223    2.6206828633825091D-01    1.0000000000000000D-04
            correction_norm > tol_correction_norm*coeff         223    1.9396142862640331D-04    3.0000000000000004D-07    1.0000000000000000D-02
          max_abs_correction > tol_max_correction*coeff         223    1.1766110055135642D-02    3.0000000000000001D-05    1.0000000000000000D-02
                            solver rejected trial model
                                        s% model_number         223
                                  s% solver_call_number         405
                                                     nz        1125
                                         s% num_retries           5
                                                     dt    4.5620899117185349D+10
                                          log dt/secyer    3.1600598732106029D+00

 retry: avg+max corr+resid -- give up in solver     223
                      residual_norm > tol_residual_norm         223    1.2979169804240565D-04    9.9999999999999995D-07
                        max_residual > tol_max_residual         223    1.4970241783978913D-01    1.0000000000000000D-04
            correction_norm > tol_correction_norm*coeff         223    8.6835601864622029D-05    3.0000000000000004D-07    1.0000000000000000D-02
          max_abs_correction > tol_max_correction*coeff         223    8.8049689802066570D-03    3.0000000000000001D-05    1.0000000000000000D-02
                            solver rejected trial model
                                        s% model_number         223
                                  s% solver_call_number         406
                                                     nz        1125
                                         s% num_retries           6
                                                     dt    2.2810449558592674D+10
                                          log dt/secyer    2.8590298775466216D+00

 retry: avg+max corr+resid -- give up in solver     223
                      residual_norm > tol_residual_norm         223    1.0724146440994728D-04    9.9999999999999995D-07
                        max_residual > tol_max_residual         223    7.1839681883042586D-02    1.0000000000000000D-04
            correction_norm > tol_correction_norm*coeff         223    4.5396840107356135D-05    3.0000000000000004D-07    1.0000000000000000D-02
          max_abs_correction > tol_max_correction*coeff         223    7.9261880548667282D-03    3.0000000000000001D-05    1.0000000000000000D-02
                            solver rejected trial model
                                        s% model_number         223
                                  s% solver_call_number         407
                                                     nz        1125
                                         s% num_retries           7
                                                     dt    1.1405224779296337D+10
                                          log dt/secyer    2.5579998818826404D+00

 retry: avg+max corr+resid -- give up in solver     223
                      residual_norm > tol_residual_norm         223    9.5319642962419295D-05    9.9999999999999995D-07
                        max_residual > tol_max_residual         223    5.0528188410923790D-02    1.0000000000000000D-04
            correction_norm > tol_correction_norm*coeff         223    2.4957780796806420D-05    3.0000000000000004D-07    1.0000000000000000D-02
          max_abs_correction > tol_max_correction*coeff         223    7.2733067020434869D-03    3.0000000000000001D-05    1.0000000000000000D-02
                            solver rejected trial model
                                        s% model_number         223
                                  s% solver_call_number         408
                                                     nz        1125
                                         s% num_retries           8
                                                     dt    5.7026123896481686D+09
                                          log dt/secyer    2.2569698862186591D+00

 retry: avg+max corr+resid -- give up in solver     223
                      residual_norm > tol_residual_norm         223    7.3874825944390373D-05    9.9999999999999995D-07
                        max_residual > tol_max_residual         223    5.4501509080438992D-02    1.0000000000000000D-04
            correction_norm > tol_correction_norm*coeff         223    1.2634528856505582D-05    1.2000000000000004D-06    4.0000000000000008D-02
          max_abs_correction > tol_max_correction*coeff         223    5.6986013138768448D-03    1.2000000000000003D-04    4.0000000000000008D-02
                            solver rejected trial model
                                        s% model_number         223
                                  s% solver_call_number         409
                                                     nz        1125
                                         s% num_retries           9
                                                     dt    2.8513061948240843D+09
                                          log dt/secyer    1.9559398905546781D+00

 retry: avg+max corr+resid -- give up in solver     223
        223   7.660228   4895.668   1.971738   1.971738   1.996863   1.283695   0.000012   0.008853   0.268000  -2.919129   1125     10
 1.6549E+00   7.660228   1.266026 -19.044029   0.802997 -10.368827   0.713168   0.986397   0.000278   0.014000   0.083251     20
 1.6659E+09   2.425931   2.245993 -13.847380 -99.000000  -7.791402   0.000000   0.000147   0.001460   0.013591  0.000E+00         retry

 Loading precomputed flux cube from:/home/njm/MESA/mesa/colors/data/stellar_models/Kurucz2003all//flux_cube.bin
 Loaded flux cube with dimensions:          76 x          11 x           9 x        1173
 Performing interpolation at target parameters...
 Interpolation complete
        224   7.660338   4895.568   1.967939   1.967939   1.996863   1.281753   0.000012   0.008853   0.268000  -2.919411   1096     10
 1.6549E+00   7.660338   1.266057 -19.040203   0.799179 -10.368962   0.715111   0.986397   0.000278   0.014000   0.083233      5
 1.6659E+09   2.425977   2.246019 -13.546350 -99.000000  -7.791419   0.000000   0.000147   0.001460   0.013591  0.000E+00          hold

 Loading precomputed flux cube from:/home/njm/MESA/mesa/colors/data/stellar_models/Kurucz2003all//flux_cube.bin
 Loaded flux cube with dimensions:          76 x          11 x           9 x        1173
 Performing interpolation at target parameters...
 Interpolation complete
        225   7.660383   4895.529   1.960860   1.960860   1.996863   1.281753   0.000012   0.008853   0.268000  -2.919152   1096     10
 1.7341E+00   7.660383   1.266092 -19.037869   0.792062 -10.368902   0.715111   0.986397   0.000278   0.014000   0.083235      5
 1.6659E+09   2.426155   2.246075 -99.000000 -99.000000  -7.791451   0.000000   0.000147   0.001460   0.013591  0.000E+00  max increase

 Loading precomputed flux cube from:/home/njm/MESA/mesa/colors/data/stellar_models/Kurucz2003all//flux_cube.bin
 Loaded flux cube with dimensions:          76 x          11 x           9 x        1173
 Performing interpolation at target parameters...
 Interpolation complete
        226   7.660435   4895.483   1.956021   1.956021   1.996863   1.281752   0.000012   0.008853   0.268000  -2.918819   1096     10
 1.8133E+00   7.660435   1.266132 -19.035123   0.787196 -10.368797   0.715111   0.986397   0.000278   0.014000   0.083240      5
 1.6659E+09   2.426376   2.246140 -13.370259 -99.000000  -7.791488   0.000000   0.000147   0.001460   0.013591  0.000E+00  max increase

 Loading precomputed flux cube from:/home/njm/MESA/mesa/colors/data/stellar_models/Kurucz2003all//flux_cube.bin
 Loaded flux cube with dimensions:          76 x          11 x           9 x        1173
 Performing interpolation at target parameters...
 Interpolation complete
        227   7.660498   4895.429   1.948961   1.948961   1.996863   1.281752   0.000011   0.008853   0.268000  -2.918402   1096     10
 1.8925E+00   7.660498   1.266179 -19.031800   0.780097 -10.368676   0.715111   0.986397   0.000278   0.014000   0.083245      5
 1.6659E+09   2.426650   2.246215 -13.847380 -99.000000  -7.791531   0.000000   0.000147   0.001460   0.013591  0.000E+00  max increase

 Loading precomputed flux cube from:/home/njm/MESA/mesa/colors/data/stellar_models/Kurucz2003all//flux_cube.bin
 Loaded flux cube with dimensions:          76 x          11 x           9 x        1173
 Performing interpolation at target parameters...
 Interpolation complete
        228   7.660574   4895.365   1.940546   1.940546   1.996863   1.281752   0.000011   0.008853   0.268000  -2.917879   1097     10
 1.9716E+00   7.660574   1.266233 -19.027773   0.771635 -10.368536   0.715111   0.986398   0.000278   0.014000   0.083252      5
 1.6659E+09   2.426988   2.246301 -13.847380 -99.000000  -7.791580   0.000000   0.000147   0.001460   0.013591  0.000E+00  max increase

 Loading precomputed flux cube from:/home/njm/MESA/mesa/colors/data/stellar_models/Kurucz2003all//flux_cube.bin
 Loaded flux cube with dimensions:          76 x          11 x           9 x        1173
 Performing interpolation at target parameters...
 Interpolation complete
        229   7.660666   4895.291   1.930709   1.930709   1.996863   1.281752   0.000011   0.008853   0.268000  -2.917222   1096     10
 2.0508E+00   7.660666   1.266296 -19.022880   0.761741 -10.368374   0.715111   0.986398   0.000278   0.014000   0.083261      5
 1.6659E+09   2.427408   2.246400 -99.000000 -99.000000  -7.791638   0.000000   0.000147   0.001460   0.013591  0.000E+00  max increase

 Loading precomputed flux cube from:/home/njm/MESA/mesa/colors/data/stellar_models/Kurucz2003all//flux_cube.bin
 Loaded flux cube with dimensions:          76 x          11 x           9 x        1173
 Performing interpolation at target parameters...
 Interpolation complete

__________________________________________________________________________________________________________________________________________________

       step    lg_Tmax     Teff     lg_LH      lg_Lnuc_tot     Mass       H_rich     H_cntr     N_cntr     Y_surf   eta_cntr   zones  retry
  lg_dt_yrs    lg_Tcntr    lg_R     lg_L3a     lg_Lneu     lg_Mdot    He_core    He_cntr    O_cntr     Z_surf   gam_cntr   iters  
    age_yrs    lg_Dcntr    lg_L     lg_LZ      lg_Lphoto   lg_Dsurf   CO_core    C_cntr     Ne_cntr    Z_cntr   v_div_cs       dt_limit
__________________________________________________________________________________________________________________________________________________

        230   7.660778   4895.203   1.918737   1.918737   1.996863   1.281752   0.000011   0.008853   0.268000  -2.916388   1097     10
 2.1300E+00   7.660778   1.266370 -19.016923   0.749697 -10.368187   0.715111   0.986398   0.000278   0.014000   0.083273      5
 1.6659E+09   2.427933   2.246516 -99.000000 -99.000000  -7.791704   0.000000   0.000147   0.001460   0.013591  0.000E+00  max increase

 Loading precomputed flux cube from:/home/njm/MESA/mesa/colors/data/stellar_models/Kurucz2003all//flux_cube.bin
 Loaded flux cube with dimensions:          76 x          11 x           9 x        1173
 Performing interpolation at target parameters...
 Interpolation complete
        231   7.660914   4895.100   1.904062   1.904062   1.996863   1.281752   0.000010   0.008853   0.268000  -2.915327   1097     10
 2.2092E+00   7.660914   1.266455 -19.009652   0.734932 -10.367969   0.715111   0.986399   0.000278   0.014000   0.083290      5
 1.6659E+09   2.428591   2.246650 -13.370259 -99.000000  -7.791781   0.000000   0.000147   0.001460   0.013591  0.000E+00  max increase

 Loading precomputed flux cube from:/home/njm/MESA/mesa/colors/data/stellar_models/Kurucz2003all//flux_cube.bin
 Loaded flux cube with dimensions:          76 x          11 x           9 x        1173
 Performing interpolation at target parameters...
 Interpolation complete
        232   7.661079   4894.978   1.886563   1.886563   1.996863   1.281752   0.000010   0.008853   0.268000  -2.913967   1096     10
 2.2884E+00   7.661079   1.266555 -19.000757   0.717319 -10.367717   0.715111   0.986399   0.000278   0.014000   0.083311      5
 1.6659E+09   2.429422   2.246806 -99.000000 -99.000000  -7.791871   0.000000   0.000147   0.001460   0.013591  0.000E+00  max increase

 Loading precomputed flux cube from:/home/njm/MESA/mesa/colors/data/stellar_models/Kurucz2003all//flux_cube.bin
 Loaded flux cube with dimensions:          76 x          11 x           9 x        1173
 Performing interpolation at target parameters...
 Interpolation complete
        233   7.661281   4894.834   1.865283   1.865283   1.996863   1.281752   0.000009   0.008853   0.268000  -2.912217   1096     10
 2.3675E+00   7.661281   1.266672 -18.989846   0.695893 -10.367422   0.715111   0.986400   0.000278   0.014000   0.083340      5
 1.6659E+09   2.430474   2.246989 -99.000000 -99.000000  -7.791977   0.000000   0.000147   0.001460   0.013591  0.000E+00  max increase

 Loading precomputed flux cube from:/home/njm/MESA/mesa/colors/data/stellar_models/Kurucz2003all//flux_cube.bin
 Loaded flux cube with dimensions:          76 x          11 x           9 x        1173
 Performing interpolation at target parameters...
 Interpolation complete
        234   7.661529   4894.662   1.838531   1.838531   1.996863   1.281752   0.000008   0.008853   0.268000  -2.909949   1096     10
 2.4467E+00   7.661529   1.266810 -18.976404   0.668945 -10.367077   0.715111   0.986400   0.000278   0.014000   0.083378      5
 1.6659E+09   2.431816   2.247204 -99.000000 -99.000000  -7.792100   0.000000   0.000147   0.001460   0.013591  0.000E+00  max increase

 Loading precomputed flux cube from:/home/njm/MESA/mesa/colors/data/stellar_models/Kurucz2003all//flux_cube.bin
 Loaded flux cube with dimensions:          76 x          11 x           9 x        1173
 Performing interpolation at target parameters...
 Interpolation complete
        235   7.661832   4894.459   1.806904   1.806904   1.996863   1.281752   0.000008   0.008853   0.268000  -2.907000   1097     10
 2.5259E+00   7.661832   1.266972 -18.959838   0.637066 -10.366671   0.715111   0.986401   0.000277   0.014000   0.083430      5
 1.6659E+09   2.433533   2.247457 -99.000000 -99.000000  -7.792246   0.000000   0.000147   0.001460   0.013591  0.000E+00  max increase

 Loading precomputed flux cube from:/home/njm/MESA/mesa/colors/data/stellar_models/Kurucz2003all//flux_cube.bin
 Loaded flux cube with dimensions:          76 x          11 x           9 x        1173
 Performing interpolation at target parameters...
 Interpolation complete
        236   7.662204   4894.216   1.765084   1.765084   1.996863   1.281752   0.000007   0.008853   0.268000  -2.903120   1095     10
 2.6051E+00   7.662204   1.267165 -18.939350   0.594879 -10.366193   0.715111   0.986402   0.000277   0.014000   0.083501      5
 1.6659E+09   2.435750   2.247757 -99.000000 -99.000000  -7.792419   0.000000   0.000147   0.001460   0.013591  0.000E+00  max increase

 Loading precomputed flux cube from:/home/njm/MESA/mesa/colors/data/stellar_models/Kurucz2003all//flux_cube.bin
 Loaded flux cube with dimensions:          76 x          11 x           9 x        1173
 Performing interpolation at target parameters...
 Interpolation complete
        237   7.662659   4893.924   1.715429   1.715429   1.996863   1.281752   0.000006   0.008852   0.268000  -2.898016   1095     10
 2.6843E+00   7.662659   1.267395 -18.914080   0.544728 -10.365627   0.715111   0.986403   0.000277   0.014000   0.083597      5
 1.6659E+09   2.438615   2.248113 -99.000000 -99.000000  -7.792624   0.000000   0.000148   0.001460   0.013591  0.000E+00    lg_XH_cntr

 Loading precomputed flux cube from:/home/njm/MESA/mesa/colors/data/stellar_models/Kurucz2003all//flux_cube.bin
 Loaded flux cube with dimensions:          76 x          11 x           9 x        1173
 Performing interpolation at target parameters...
 Interpolation complete
        238   7.663070   4893.664   1.663656   1.663656   1.996863   1.281752   0.000005   0.008852   0.268000  -2.893046   1091     10
 2.6360E+00   7.663070   1.267599 -18.890996   0.492366 -10.364954   0.715111   0.986404   0.000277   0.014000   0.083694      5
 1.6659E+09   2.441356   2.248429 -99.000000 -99.000000  -7.792807   0.000000   0.000148   0.001460   0.013591  0.000E+00    lg_XH_cntr

 Loading precomputed flux cube from:/home/njm/MESA/mesa/colors/data/stellar_models/Kurucz2003all//flux_cube.bin
 Loaded flux cube with dimensions:          76 x          11 x           9 x        1173
 Performing interpolation at target parameters...
 Interpolation complete
        239   7.663444   4893.426   1.614970   1.614970   1.996863   1.281752   0.000004   0.008852   0.268000  -2.888202   1091     10
 2.5948E+00   7.663444   1.267785 -18.869820   0.443046 -10.364356   0.715111   0.986405   0.000277   0.014000   0.083791      5
 1.6659E+09   2.443988   2.248715 -99.000000 -99.000000  -7.792972   0.000000   0.000148   0.001460   0.013591  0.000E+00    lg_XH_cntr

 Loading precomputed flux cube from:/home/njm/MESA/mesa/colors/data/stellar_models/Kurucz2003all//flux_cube.bin
 Loaded flux cube with dimensions:          76 x          11 x           9 x        1173
 Performing interpolation at target parameters...
 Interpolation complete

__________________________________________________________________________________________________________________________________________________

       step    lg_Tmax     Teff     lg_LH      lg_Lnuc_tot     Mass       H_rich     H_cntr     N_cntr     Y_surf   eta_cntr   zones  retry
  lg_dt_yrs    lg_Tcntr    lg_R     lg_L3a     lg_Lneu     lg_Mdot    He_core    He_cntr    O_cntr     Z_surf   gam_cntr   iters  
    age_yrs    lg_Dcntr    lg_L     lg_LZ      lg_Lphoto   lg_Dsurf   CO_core    C_cntr     Ne_cntr    Z_cntr   v_div_cs       dt_limit
__________________________________________________________________________________________________________________________________________________

        240   7.663782   4893.209   1.565193   1.565193   1.996863   1.281752   0.000004   0.008852   0.268000  -2.883518   1090     10
 2.5524E+00   7.663782   1.267952 -18.850516   0.392533 -10.363814   0.715111   0.986405   0.000277   0.014000   0.083887      5
 1.6659E+09   2.446495   2.248974 -13.671289 -99.000000  -7.793122   0.000000   0.000148   0.001460   0.013591  0.000E+00    lg_XH_cntr

 Loading precomputed flux cube from:/home/njm/MESA/mesa/colors/data/stellar_models/Kurucz2003all//flux_cube.bin
 Loaded flux cube with dimensions:          76 x          11 x           9 x        1173
 Performing interpolation at target parameters...
 Interpolation complete
        241   7.664085   4893.012   1.516685   1.516685   1.996863   1.281752   0.000003   0.008852   0.268000  -2.879005   1089     10
 2.5117E+00   7.664085   1.268105 -18.833007   0.343209 -10.363324   0.715111   0.986406   0.000277   0.014000   0.083983      5
 1.6659E+09   2.448877   2.249209 -99.000000 -99.000000  -7.793257   0.000000   0.000148   0.001460   0.013591  0.000E+00    lg_XH_cntr

 Loading precomputed flux cube from:/home/njm/MESA/mesa/colors/data/stellar_models/Kurucz2003all//flux_cube.bin
 Loaded flux cube with dimensions:          76 x          11 x           9 x        1173
 Performing interpolation at target parameters...
 Interpolation complete
        242   7.664354   4892.833   1.469484   1.469484   1.996863   1.281752   0.000003   0.008852   0.268000  -2.874716   1084     10
 2.4674E+00   7.664354   1.268242 -18.817269   0.295109 -10.362880   0.715111   0.986406   0.000277   0.014000   0.084075      5
 1.6659E+09   2.451112   2.249420 -99.000000 -99.000000  -7.793380   0.000000   0.000148   0.001460   0.013591  0.000E+00    lg_XH_cntr

 Loading precomputed flux cube from:/home/njm/MESA/mesa/colors/data/stellar_models/Kurucz2003all//flux_cube.bin
 Loaded flux cube with dimensions:          76 x          11 x           9 x        1173
 Performing interpolation at target parameters...
 Interpolation complete
        243   7.664589   4892.670   1.421985   1.421985   1.996863   1.281752   0.000002   0.008852   0.268000  -2.870636   1082     10
 2.4245E+00   7.664589   1.268367 -18.803270   0.246589 -10.362480   0.715111   0.986407   0.000277   0.014000   0.084164      5
 1.6659E+09   2.453208   2.249611 -99.000000 -99.000000  -7.793490   0.000000   0.000148   0.001460   0.013591  0.000E+00    lg_XH_cntr

 Loading precomputed flux cube from:/home/njm/MESA/mesa/colors/data/stellar_models/Kurucz2003all//flux_cube.bin
 Loaded flux cube with dimensions:          76 x          11 x           9 x        1173
 Performing interpolation at target parameters...
 Interpolation complete
        244   7.664793   4892.524   1.376103   1.376103   1.996863   1.281752   0.000002   0.008852   0.268000  -2.866816   1081     10
 2.3763E+00   7.664793   1.268478 -18.791011   0.199595 -10.362118   0.715111   0.986407   0.000277   0.014000   0.084250      5
 1.6659E+09   2.455143   2.249781 -99.000000 -99.000000  -7.793589   0.000000   0.000148   0.001460   0.013591  0.000E+00    lg_XH_cntr

 Loading precomputed flux cube from:/home/njm/MESA/mesa/colors/data/stellar_models/Kurucz2003all//flux_cube.bin
 Loaded flux cube with dimensions:          76 x          11 x           9 x        1173
 Performing interpolation at target parameters...
 Interpolation complete
        245   7.664964   4892.395   1.333333   1.333333   1.996863   1.281752   0.000002   0.008852   0.268000  -2.863300   1081     10
 2.3225E+00   7.664964   1.268576 -18.780484   0.155661 -10.361795   0.715111   0.986407   0.000277   0.014000   0.084331      5
 1.6659E+09   2.456899   2.249931 -99.000000 -99.000000  -7.793675   0.000000   0.000148   0.001460   0.013591  0.000E+00    lg_XH_cntr

 Loading precomputed flux cube from:/home/njm/MESA/mesa/colors/data/stellar_models/Kurucz2003all//flux_cube.bin
 Loaded flux cube with dimensions:          76 x          11 x           9 x        1173
 Performing interpolation at target parameters...
 Interpolation complete
        246   7.665107   4892.045   1.294619   1.294619   1.996863   1.281752   0.000002   0.008852   0.268000  -2.860080   1077     10
 2.2685E+00   7.665107   1.268671 -18.771455   0.115774 -10.361510   0.715111   0.986408   0.000277   0.014000   0.084406      5
 1.6659E+09   2.458488   2.249998 -99.000000 -99.000000  -7.793722   0.000000   0.000148   0.001460   0.013591  0.000E+00    lg_XH_cntr

 Loading precomputed flux cube from:/home/njm/MESA/mesa/colors/data/stellar_models/Kurucz2003all//flux_cube.bin
 Loaded flux cube with dimensions:          76 x          11 x           9 x        1173
 Performing interpolation at target parameters...
 Interpolation complete
        247   7.665229   4891.940   1.258018   1.258018   1.996863   1.281752   0.000001   0.008852   0.268000  -2.857110   1071     10
 2.2179E+00   7.665229   1.268754 -18.763586   0.077950 -10.361339   0.715111   0.986408   0.000277   0.014000   0.084476      5
 1.6659E+09   2.459939   2.250126 -99.000000 -99.000000  -7.793796   0.000000   0.000148   0.001460   0.013591  0.000E+00    lg_XH_cntr

 Loading precomputed flux cube from:/home/njm/MESA/mesa/colors/data/stellar_models/Kurucz2003all//flux_cube.bin
 Loaded flux cube with dimensions:          76 x          11 x           9 x        1173
 Performing interpolation at target parameters...
 Interpolation complete
        248   7.665328   4891.847   1.225054   1.225054   1.996863   1.281752   0.000001   0.008852   0.268000  -2.854402   1068     10
 2.1628E+00   7.665328   1.268825 -18.757000   0.043778 -10.361098   0.715111   0.986408   0.000277   0.014000   0.084541      5
 1.6659E+09   2.461241   2.250236 -14.449440 -99.000000  -7.793859   0.000000   0.000148   0.001460   0.013591  0.000E+00    lg_XH_cntr

 Loading precomputed flux cube from:/home/njm/MESA/mesa/colors/data/stellar_models/Kurucz2003all//flux_cube.bin
 Loaded flux cube with dimensions:          76 x          11 x           9 x        1173
 Performing interpolation at target parameters...
 Interpolation complete

stop because have dropped below central lower limit for h1
    0.9182128489E-06    0.1000000000E-05

        249   7.665404   4891.768   1.196716   1.196716   1.996863   1.281752   0.000001   0.008851   0.268000  -2.851988   1069     10
 2.0988E+00   7.665404   1.268886 -18.751642   0.014311 -10.360890   0.715111   0.986408   0.000277   0.014000   0.084601      5
 1.6659E+09   2.462384   2.250329 -14.273349 -99.000000  -7.793914   0.000000   0.000148   0.001460   0.013591  0.000E+00    lg_XH_cntr

save LOGS/profile6.data for model 249
 Loading precomputed flux cube from:/home/njm/MESA/mesa/colors/data/stellar_models/Kurucz2003all//flux_cube.bin
 Loaded flux cube with dimensions:          76 x          11 x           9 x        1173
 Performing interpolation at target parameters...
 Interpolation complete
                                         solver retries          11

                                    varcontrol dt limit          65
                                  max increase dt limit         231
                                        solver dt limit           1
                                        lgTeff dt limit          16
                                    lgRho_cntr dt limit          27
                                    lg_XH_cntr dt limit          38
                                      XHe_cntr dt limit          45

 model saved to M2_Z0.0140_exponential_fov0.10_f00.01.mod
save photos/x249 for model 249
termination code: xa_central_lower_limit
pause_before_terminate: hit RETURN to continue
finished custom colors
__________________________________________________________________________________________________________________________________________________

       step    lg_Tmax     Teff     lg_LH      lg_Lnuc_tot     Mass       H_rich     H_cntr     N_cntr     Y_surf   eta_cntr   zones  retry
  lg_dt_yrs    lg_Tcntr    lg_R     lg_L3a     lg_Lneu     lg_Mdot    He_core    He_cntr    O_cntr     Z_surf   gam_cntr   iters  
    age_yrs    lg_Dcntr    lg_L     lg_LZ      lg_Lphoto   lg_Dsurf   CO_core    C_cntr     Ne_cntr    Z_cntr   v_div_cs       dt_limit
__________________________________________________________________________________________________________________________________________________

        249   7.665404   4891.768   1.196716   1.196716   1.996863   1.281752   0.000001   0.008851   0.268000  -2.851988   1069     10
 2.0988E+00   7.665404   1.268886 -18.751642   0.014311 -10.360890   0.715111   0.986408   0.000277   0.014000   0.084601      5
 1.6659E+09   2.462384   2.250329 -14.273349 -99.000000  -7.793914   0.000000   0.000148   0.001460   0.013591  0.000E+00  max increase

