 reading user weak rate file /home/njm/MESA/mesa-2025-summerschool-prerelease/data/rates_data/rate_tables/S13_r_be7_wk_li7.h5
 version_number 5d9f195f
 read inlist_project
 Extras startup routine
 DEBUG: colors_handle =            1
 DEBUG: colors instrument = /colors/data/filters/GAIA/GAIA
 DEBUG: colors vega_sed = /colors/data/stellar_models/vega_flam.csv
 DEBUG: colors stellar_atm = /colors/data/stellar_models/Kurucz2003all/
 DEBUG: colors metallicity =   0.57999999999999996     
 DEBUG: colors distance =    30857000000000000.     
 DEBUG: colors make_csv =  F
 DEBUG: colors use_colors =  T


 The terminal output contains the following information

      'step' is the number of steps since the start of the run,
      'lg_dt' is log10 timestep in years,
      'age_yr' is the simulated years since the start run,
      'lg_Tcntr' is log10 center temperature (K),
      'lg_Dcntr' is log10 center density (g/cm^3),
      'lg_Tmax' is log10 max temperature (K),
      'Teff' is the surface temperature (K),
      'lg_R' is log10 surface radius (Rsun),
      'lg_L' is log10 surface luminosity (Lsun),
      'lg_LH' is log10 total PP and CNO hydrogen burning power (Lsun),
      'lg_L3a' is log10 total triple-alpha helium burning power (Lsun),
      'lg_gsurf' is log10 surface gravity,
      'lg_Lnuc' is log10 nuclear power (Lsun),
      'lg_Lneu' is log10 total neutrino power (Lsun),
      'lg_Lphoto' is log10 total photodisintegration (Lsun),
      'Mass' is the total stellar baryonic mass (Msun),
      'lg_Mdot' is log10 magnitude of rate of change of mass (Msun/year),
      'lg_Dsurf' is log10 surface density (g/cm^3),
      'H_env' is the amount of mass where H is dominant,
      'He_core' is the largest mass where He is dominant.
      'CO_core' is the largest mass where CO is dominant.
      'H_cntr' is the center H1 mass fraction,
      'He_cntr' is the center He4 mass fraction,
      'C_cntr' is the center C12 mass fraction,
      'N_cntr' is the center N14 mass fraction,
      'O_cntr' is the center O16 mass fraction,
      'Ne_cntr' is the center Ne20 mass fraction,
      'gam_cntr' is the center plasma interaction parameter,
      'eta_cntr' is the center electron degeneracy parameter,
      'zones' is the number of zones in the current model,
      'iters' is the number of solver iterations for the current step,
      'retry' is the number of step retries required during the run,
      'dt_limit' is an indication of what limited the timestep.

 All this and more are saved in the LOGS directory during the run.
 create pre-main-sequence model
                                          species  mass           8    2.0000000000000000D+00

                                        relax_num_steps         100

 hydro_solver_step returned ierr          -1
 s% model_number           1
 nz        1560
 s% num_retries           0

 retry:  logRho > hydro_mtx_max_allowed_logRho          10       1
          1   5.479706   5651.220 -21.136458 -21.136458   2.000000   2.000000   0.718000   0.000707   0.268000  -9.349508   1560      1
-5.3010E+00   5.479706   1.755818 -99.000000 -22.534327 -99.000000   0.000000   0.268000   0.006566   0.014000   0.045007     19
 5.0000E-06  -3.866581   3.474899 -99.000000 -99.000000  -8.797620   0.000000   0.002413   0.001460   0.014000  0.000E+00         retry

          2   5.477936   5537.241 -21.136618 -21.136618   2.000000   2.000000   0.718000   0.000707   0.268000  -9.343409    829      1
-5.0000E+00   5.477721   1.754868 -99.000000 -22.534486 -99.000000   0.000000   0.268000   0.006566   0.014000   0.045202      3
 1.5000E-05  -3.866907   3.437602 -99.000000 -99.000000  -8.710793   0.000000   0.002413   0.001460   0.014000  0.000E+00  max increase

          3   5.477489   5439.979 -21.136899 -21.136899   2.000000   2.000000   0.718000   0.000707   0.268000  -9.341424    523      1
-5.0000E+00   5.477452   1.754178 -99.000000 -22.534767 -99.000000   0.000000   0.268000   0.006566   0.014000   0.045246      3
 2.5000E-05  -3.866448   3.405438 -99.000000 -99.000000  -8.641548   0.000000   0.002413   0.001460   0.014000  0.000E+00        max_dt

          4   5.477508   5366.477 -21.136974 -21.136974   2.000000   2.000000   0.718000   0.000707   0.268000  -9.340372    524      1
-5.0000E+00   5.477336   1.753667 -99.000000 -22.534842 -99.000000   0.000000   0.268000   0.006566   0.014000   0.045268      3
 3.5000E-05  -3.866166   3.380786 -99.000000 -99.000000  -8.590491   0.000000   0.002413   0.001460   0.014000  0.000E+00        max_dt

          5   5.477508   5308.894 -21.136974 -21.136974   2.000000   2.000000   0.718000   0.000707   0.268000  -9.339736    528      1
-5.0000E+00   5.477236   1.753271 -99.000000 -22.534842 -99.000000   0.000000   0.268000   0.006566   0.014000   0.045283      3
 4.5000E-05  -3.866040   3.361253 -99.000000 -99.000000  -8.551806   0.000000   0.002413   0.001460   0.014000  0.000E+00        max_dt

          6   5.477509   5261.932 -21.136973 -21.136973   2.000000   2.000000   0.718000   0.000707   0.268000  -9.339309    527      1
-5.0000E+00   5.477168   1.752952 -99.000000 -22.534841 -99.000000   0.000000   0.268000   0.006566   0.014000   0.045293      3
 5.5000E-05  -3.865956   3.345178 -99.000000 -99.000000  -8.521364   0.000000   0.002413   0.001460   0.014000  0.000E+00        max_dt

          7   5.477509   5222.414 -21.136973 -21.136973   2.000000   2.000000   0.718000   0.000707   0.268000  -9.339004    530      1
-5.0000E+00   5.477119   1.752686 -99.000000 -22.534841 -99.000000   0.000000   0.268000   0.006566   0.014000   0.045300      3
 6.5000E-05  -3.865897   3.331552 -99.000000 -99.000000  -8.496677   0.000000   0.002413   0.001460   0.014000  0.000E+00        max_dt

          8   5.477615   5188.180 -21.137467 -21.137467   2.000000   2.000000   0.718000   0.000707   0.268000  -9.338769    528      1
-5.0000E+00   5.477188   1.752459 -99.000000 -22.535335 -99.000000   0.000000   0.268000   0.006566   0.014000   0.045300      3
 7.5000E-05  -3.865691   3.319671 -99.000000 -99.000000  -8.476086   0.000000   0.002413   0.001460   0.014000  0.000E+00        max_dt

          9   5.477616   5157.906 -21.137469 -21.137469   2.000000   2.000000   0.718000   0.000707   0.268000  -9.338578    529      1
-5.0000E+00   5.477156   1.752262 -99.000000 -22.535337 -99.000000   0.000000   0.268000   0.006566   0.014000   0.045305      3
 8.5000E-05  -3.865657   3.309111 -99.000000 -99.000000  -8.458574   0.000000   0.002413   0.001460   0.014000  0.000E+00        max_dt


__________________________________________________________________________________________________________________________________________________

       step    lg_Tmax     Teff     lg_LH      lg_Lnuc_tot     Mass       H_rich     H_cntr     N_cntr     Y_surf   eta_cntr   zones  retry
  lg_dt_yrs    lg_Tcntr    lg_R     lg_L3a     lg_Lneu     lg_Mdot    He_core    He_cntr    O_cntr     Z_surf   gam_cntr   iters  
    age_yrs    lg_Dcntr    lg_L     lg_LZ      lg_Lphoto   lg_Dsurf   CO_core    C_cntr     Ne_cntr    Z_cntr   v_div_cs       dt_limit
__________________________________________________________________________________________________________________________________________________

         10   5.477616   5130.360 -21.137470 -21.137470   2.000000   2.000000   0.718000   0.000707   0.268000  -9.338431    525      1
-5.0000E+00   5.477130   1.752087 -99.000000 -22.535338 -99.000000   0.000000   0.268000   0.006566   0.014000   0.045308      3
 9.5000E-05  -3.865631   3.299459 -99.000000 -99.000000  -8.443266   0.000000   0.002413   0.001460   0.014000  0.000E+00        max_dt

         11   5.477616   5105.505 -21.137471 -21.137471   2.000000   2.000000   0.718000   0.000707   0.268000  -9.338318    523      1
-5.0000E+00   5.477111   1.751932 -99.000000 -22.535339 -99.000000   0.000000   0.268000   0.006566   0.014000   0.045311      3
 1.0500E-04  -3.865610   3.290712 -99.000000 -99.000000  -8.430008   0.000000   0.002413   0.001460   0.014000  0.000E+00        max_dt

         12   5.477616   5082.977 -21.137472 -21.137472   2.000000   2.000000   0.718000   0.000707   0.268000  -9.338231    527      1
-5.0000E+00   5.477096   1.751793 -99.000000 -22.535340 -99.000000   0.000000   0.268000   0.006566   0.014000   0.045313      3
 1.1500E-04  -3.865595   3.282753 -99.000000 -99.000000  -8.418481   0.000000   0.002413   0.001460   0.014000  0.000E+00        max_dt

         13   5.477616   5062.025 -21.137474 -21.137474   2.000000   2.000000   0.718000   0.000707   0.268000  -9.338162    523      1
-5.0000E+00   5.477085   1.751667 -99.000000 -22.535342 -99.000000   0.000000   0.268000   0.006566   0.014000   0.045315      3
 1.2500E-04  -3.865582   3.275326 -99.000000 -99.000000  -8.408208   0.000000   0.002413   0.001460   0.014000  0.000E+00        max_dt

         14   5.477616   5042.661 -21.137475 -21.137475   2.000000   2.000000   0.718000   0.000707   0.268000  -9.338107    527      1
-5.0000E+00   5.477075   1.751553 -99.000000 -22.535343 -99.000000   0.000000   0.268000   0.006566   0.014000   0.045316      3
 1.3500E-04  -3.865572   3.268439 -99.000000 -99.000000  -8.399119   0.000000   0.002413   0.001460   0.014000  0.000E+00        max_dt

         15   5.477616   5024.496 -21.137476 -21.137476   2.000000   2.000000   0.718000   0.000707   0.268000  -9.338062    526      1
-5.0000E+00   5.477068   1.751449 -99.000000 -22.535344 -99.000000   0.000000   0.268000   0.006566   0.014000   0.045317      3
 1.4500E-04  -3.865564   3.261961 -99.000000 -99.000000  -8.390967   0.000000   0.002413   0.001460   0.014000  0.000E+00        max_dt

         16   5.477617   5007.257 -21.137477 -21.137477   2.000000   2.000000   0.718000   0.000707   0.268000  -9.338025    522      1
-5.0000E+00   5.477061   1.751352 -99.000000 -22.535345 -99.000000   0.000000   0.268000   0.006566   0.014000   0.045318      3
 1.5500E-04  -3.865558   3.255797 -99.000000 -99.000000  -8.383583   0.000000   0.002413   0.001460   0.014000  0.000E+00        max_dt

         17   5.477617   4990.918 -21.137478 -21.137478   2.000000   2.000000   0.718000   0.000707   0.268000  -9.337994    526      1
-5.0000E+00   5.477056   1.751262 -99.000000 -22.535346 -99.000000   0.000000   0.268000   0.006566   0.014000   0.045319      3
 1.6500E-04  -3.865552   3.249940 -99.000000 -99.000000  -8.376906   0.000000   0.002413   0.001460   0.014000  0.000E+00        max_dt

         18   5.477617   4975.560 -21.137479 -21.137479   2.000000   2.000000   0.718000   0.000707   0.268000  -9.337968    527      1
-5.0000E+00   5.477052   1.751179 -99.000000 -22.535347 -99.000000   0.000000   0.268000   0.006566   0.014000   0.045319      3
 1.7500E-04  -3.865547   3.244420 -99.000000 -99.000000  -8.370909   0.000000   0.002413   0.001460   0.014000  0.000E+00        max_dt

         19   5.477617   4960.950 -21.137480 -21.137480   2.000000   2.000000   0.718000   0.000707   0.268000  -9.337946    524      1
-5.0000E+00   5.477048   1.751102 -99.000000 -22.535348 -99.000000   0.000000   0.268000   0.006566   0.014000   0.045320      3
 1.8500E-04  -3.865543   3.239157 -37.026689 -99.000000  -8.365448   0.000000   0.002413   0.001460   0.014000  0.000E+00        max_dt


__________________________________________________________________________________________________________________________________________________

       step    lg_Tmax     Teff     lg_LH      lg_Lnuc_tot     Mass       H_rich     H_cntr     N_cntr     Y_surf   eta_cntr   zones  retry
  lg_dt_yrs    lg_Tcntr    lg_R     lg_L3a     lg_Lneu     lg_Mdot    He_core    He_cntr    O_cntr     Z_surf   gam_cntr   iters  
    age_yrs    lg_Dcntr    lg_L     lg_LZ      lg_Lphoto   lg_Dsurf   CO_core    C_cntr     Ne_cntr    Z_cntr   v_div_cs       dt_limit
__________________________________________________________________________________________________________________________________________________

         20   5.477617   4946.952 -21.137481 -21.137481   2.000000   2.000000   0.718000   0.000707   0.268000  -9.337927    525      1
-5.0000E+00   5.477045   1.751030 -99.000000 -22.535349 -99.000000   0.000000   0.268000   0.006566   0.014000   0.045320      3
 1.9500E-04  -3.865540   3.234104 -99.000000 -99.000000  -8.360432   0.000000   0.002413   0.001460   0.014000  0.000E+00        max_dt

         21   5.477617   4933.691 -21.137482 -21.137482   2.000000   2.000000   0.718000   0.000707   0.268000  -9.337910    528      1
-5.0000E+00   5.477042   1.750962 -99.000000 -22.535350 -99.000000   0.000000   0.268000   0.006566   0.014000   0.045321      3
 2.0500E-04  -3.865537   3.229305 -99.000000 -99.000000  -8.355870   0.000000   0.002413   0.001460   0.014000  0.000E+00        max_dt

         22   5.477617   4920.843 -21.137483 -21.137483   2.000000   2.000000   0.718000   0.000707   0.268000  -9.337896    523      1
-5.0000E+00   5.477040   1.750898 -99.000000 -22.535351 -99.000000   0.000000   0.268000   0.006566   0.014000   0.045321      3
 2.1500E-04  -3.865534   3.224647 -99.000000 -99.000000  -8.351619   0.000000   0.002413   0.001460   0.014000  0.000E+00        max_dt

         23   5.477617   4908.382 -21.137484 -21.137484   2.000000   2.000000   0.718000   0.000707   0.268000  -9.337884    523      1
-5.0000E+00   5.477038   1.750836 -99.000000 -22.535352 -99.000000   0.000000   0.268000   0.006566   0.014000   0.045321      3
 2.2500E-04  -3.865532   3.220120 -99.000000 -99.000000  -8.347652   0.000000   0.002413   0.001460   0.014000  0.000E+00        max_dt

         24   5.477617   4896.543 -21.137485 -21.137485   2.000000   2.000000   0.718000   0.000707   0.268000  -9.337873    523      1
-5.0000E+00   5.477036   1.750779 -99.000000 -22.535353 -99.000000   0.000000   0.268000   0.006566   0.014000   0.045322      3
 2.3500E-04  -3.865530   3.215810 -99.000000 -99.000000  -8.344019   0.000000   0.002413   0.001460   0.014000  0.000E+00        max_dt

         25   5.477617   4885.190 -21.137486 -21.137486   2.000000   2.000000   0.718000   0.000707   0.268000  -9.337864    523      1
-5.0000E+00   5.477035   1.750724 -99.000000 -22.535354 -99.000000   0.000000   0.268000   0.006566   0.014000   0.045322      3
 2.4500E-04  -3.865528   3.211668 -99.000000 -99.000000  -8.340655   0.000000   0.002413   0.001460   0.014000  0.000E+00        max_dt

         26   5.477618   4874.131 -21.137487 -21.137487   2.000000   2.000000   0.718000   0.000707   0.268000  -9.337855    523      1
-5.0000E+00   5.477033   1.750672 -99.000000 -22.535355 -99.000000   0.000000   0.268000   0.006566   0.014000   0.045322      3
 2.5500E-04  -3.865526   3.207626 -99.000000 -99.000000  -8.337488   0.000000   0.002413   0.001460   0.014000  0.000E+00        max_dt

         27   5.477618   4863.472 -21.137487 -21.137487   2.000000   2.000000   0.718000   0.000707   0.268000  -9.337848    526      1
-5.0000E+00   5.477032   1.750622 -99.000000 -22.535356 -99.000000   0.000000   0.268000   0.006566   0.014000   0.045322      3
 2.6500E-04  -3.865525   3.203723 -99.000000 -99.000000  -8.334535   0.000000   0.002413   0.001460   0.014000  0.000E+00        max_dt

         28   5.477618   4853.204 -21.137488 -21.137488   2.000000   2.000000   0.718000   0.000707   0.268000  -9.337841    524      1
-5.0000E+00   5.477031   1.750574 -99.000000 -22.535356 -99.000000   0.000000   0.268000   0.006566   0.014000   0.045322      3
 2.7500E-04  -3.865524   3.199956 -99.000000 -99.000000  -8.331777   0.000000   0.002413   0.001460   0.014000  0.000E+00        max_dt

         29   5.477618   4843.374 -21.137489 -21.137489   2.000000   2.000000   0.718000   0.000707   0.268000  -9.337835    526      1
-5.0000E+00   5.477030   1.750528 -99.000000 -22.535357 -99.000000   0.000000   0.268000   0.006566   0.014000   0.045322      3
 2.8500E-04  -3.865522   3.196342 -99.000000 -99.000000  -8.329215   0.000000   0.002413   0.001460   0.014000  0.000E+00        max_dt


__________________________________________________________________________________________________________________________________________________

       step    lg_Tmax     Teff     lg_LH      lg_Lnuc_tot     Mass       H_rich     H_cntr     N_cntr     Y_surf   eta_cntr   zones  retry
  lg_dt_yrs    lg_Tcntr    lg_R     lg_L3a     lg_Lneu     lg_Mdot    He_core    He_cntr    O_cntr     Z_surf   gam_cntr   iters  
    age_yrs    lg_Dcntr    lg_L     lg_LZ      lg_Lphoto   lg_Dsurf   CO_core    C_cntr     Ne_cntr    Z_cntr   v_div_cs       dt_limit
__________________________________________________________________________________________________________________________________________________

         30   5.477618   4833.800 -21.137490 -21.137490   2.000000   2.000000   0.718000   0.000707   0.268000  -9.337829    524      1
-5.0000E+00   5.477029   1.750484 -99.000000 -22.535358 -99.000000   0.000000   0.268000   0.006566   0.014000   0.045323      3
 2.9500E-04  -3.865521   3.192817 -99.000000 -99.000000  -8.326790   0.000000   0.002413   0.001460   0.014000  0.000E+00        max_dt

         31   5.477618   4824.479 -21.137490 -21.137490   2.000000   2.000000   0.718000   0.000707   0.268000  -9.337825    523      1
-5.0000E+00   5.477028   1.750442 -99.000000 -22.535358 -99.000000   0.000000   0.268000   0.006566   0.014000   0.045323      3
 3.0500E-04  -3.865520   3.189379 -99.000000 -99.000000  -8.324492   0.000000   0.002413   0.001460   0.014000  0.000E+00        max_dt

         32   5.477618   4815.425 -21.137491 -21.137491   2.000000   2.000000   0.718000   0.000707   0.268000  -9.337820    527      1
-5.0000E+00   5.477028   1.750401 -99.000000 -22.535359 -99.000000   0.000000   0.268000   0.006566   0.014000   0.045323      3
 3.1500E-04  -3.865520   3.186034 -99.000000 -99.000000  -8.322319   0.000000   0.002413   0.001460   0.014000  0.000E+00        max_dt

         33   5.477618   4806.617 -21.137492 -21.137492   2.000000   2.000000   0.718000   0.000707   0.268000  -9.337816    526      1
-5.0000E+00   5.477027   1.750361 -99.000000 -22.535360 -99.000000   0.000000   0.268000   0.006566   0.014000   0.045323      3
 3.2500E-04  -3.865519   3.182775 -99.000000 -99.000000  -8.320257   0.000000   0.002413   0.001460   0.014000  0.000E+00        max_dt

         34   5.477618   4798.025 -21.137492 -21.137492   2.000000   2.000000   0.718000   0.000707   0.268000  -9.337812    525      1
-5.0000E+00   5.477026   1.750323 -99.000000 -22.535360 -99.000000   0.000000   0.268000   0.006566   0.014000   0.045323      3
 3.3500E-04  -3.865518   3.179590 -99.000000 -99.000000  -8.318293   0.000000   0.002413   0.001460   0.014000  0.000E+00        max_dt

         35   5.477618   4789.557 -21.137493 -21.137493   2.000000   2.000000   0.718000   0.000707   0.268000  -9.337809    524      1
-5.0000E+00   5.477026   1.750286 -99.000000 -22.535361 -99.000000   0.000000   0.268000   0.006566   0.014000   0.045323      3
 3.4500E-04  -3.865517   3.176447 -99.000000 -99.000000  -8.316402   0.000000   0.002413   0.001460   0.014000  0.000E+00        max_dt

         36   5.477618   4781.347 -21.137493 -21.137493   2.000000   2.000000   0.718000   0.000707   0.268000  -9.337806    525      1
-5.0000E+00   5.477025   1.750250 -99.000000 -22.535362 -99.000000   0.000000   0.268000   0.006566   0.014000   0.045323      3
 3.5500E-04  -3.865517   3.173394 -99.000000 -99.000000  -8.314608   0.000000   0.002413   0.001460   0.014000  0.000E+00        max_dt

         37   5.477618   4773.229 -21.137494 -21.137494   2.000000   2.000000   0.718000   0.000707   0.268000  -9.337803    522      1
-5.0000E+00   5.477025   1.750215 -99.000000 -22.535362 -99.000000   0.000000   0.268000   0.006566   0.014000   0.045323      3
 3.6500E-04  -3.865516   3.170372 -99.000000 -99.000000  -8.312872   0.000000   0.002413   0.001460   0.014000  0.000E+00        max_dt

         38   5.477618   4765.361 -21.137494 -21.137494   2.000000   2.000000   0.718000   0.000707   0.268000  -9.337800    526      1
-5.0000E+00   5.477024   1.750181 -99.000000 -22.535363 -99.000000   0.000000   0.268000   0.006566   0.014000   0.045323      3
 3.7500E-04  -3.865516   3.167438 -99.000000 -99.000000  -8.311221   0.000000   0.002413   0.001460   0.014000  0.000E+00        max_dt

         39   5.477618   4757.705 -21.137495 -21.137495   2.000000   2.000000   0.718000   0.000707   0.268000  -9.337798    523      1
-5.0000E+00   5.477024   1.750148 -99.000000 -22.535363 -99.000000   0.000000   0.268000   0.006566   0.014000   0.045323      3
 3.8500E-04  -3.865515   3.164579 -99.000000 -99.000000  -8.309645   0.000000   0.002413   0.001460   0.014000  0.000E+00        max_dt


__________________________________________________________________________________________________________________________________________________

       step    lg_Tmax     Teff     lg_LH      lg_Lnuc_tot     Mass       H_rich     H_cntr     N_cntr     Y_surf   eta_cntr   zones  retry
  lg_dt_yrs    lg_Tcntr    lg_R     lg_L3a     lg_Lneu     lg_Mdot    He_core    He_cntr    O_cntr     Z_surf   gam_cntr   iters  
    age_yrs    lg_Dcntr    lg_L     lg_LZ      lg_Lphoto   lg_Dsurf   CO_core    C_cntr     Ne_cntr    Z_cntr   v_div_cs       dt_limit
__________________________________________________________________________________________________________________________________________________

         40   5.477618   4750.267 -21.137495 -21.137495   2.000000   2.000000   0.718000   0.000707   0.268000  -9.337796    522      1
-5.0000E+00   5.477024   1.750115 -99.000000 -22.535364 -99.000000   0.000000   0.268000   0.006566   0.014000   0.045323      3
 3.9500E-04  -3.865515   3.161797 -99.000000 -99.000000  -8.308140   0.000000   0.002413   0.001460   0.014000  0.000E+00        max_dt

         41   5.477618   4743.025 -21.137496 -21.137496   2.000000   2.000000   0.718000   0.000707   0.268000  -9.337794    524      1
-5.0000E+00   5.477023   1.750084 -99.000000 -22.535364 -99.000000   0.000000   0.268000   0.006566   0.014000   0.045323      3
 4.0500E-04  -3.865514   3.159083 -99.000000 -99.000000  -8.306697   0.000000   0.002413   0.001460   0.014000  0.000E+00        max_dt

         42   5.477618   4735.915 -21.137496 -21.137496   2.000000   2.000000   0.718000   0.000707   0.268000  -9.337792    521      1
-5.0000E+00   5.477023   1.750053 -99.000000 -22.535365 -99.000000   0.000000   0.268000   0.006566   0.014000   0.045323      3
 4.1500E-04  -3.865514   3.156416 -37.026689 -99.000000  -8.305303   0.000000   0.002413   0.001460   0.014000  0.000E+00        max_dt

         43   5.477618   4728.880 -21.137497 -21.137497   2.000000   2.000000   0.718000   0.000707   0.268000  -9.337790    518      1
-5.0000E+00   5.477023   1.750023 -99.000000 -22.535365 -99.000000   0.000000   0.268000   0.006566   0.014000   0.045323      3
 4.2500E-04  -3.865514   3.153774 -99.000000 -99.000000  -8.303943   0.000000   0.002413   0.001460   0.014000  0.000E+00        max_dt

         44   5.477618   4722.079 -21.137497 -21.137497   2.000000   2.000000   0.718000   0.000707   0.268000  -9.337788    522      1
-5.0000E+00   5.477023   1.749994 -99.000000 -22.535365 -99.000000   0.000000   0.268000   0.006566   0.014000   0.045324      3
 4.3500E-04  -3.865513   3.151215 -99.000000 -99.000000  -8.302646   0.000000   0.002413   0.001460   0.014000  0.000E+00        max_dt

         45   5.477618   4715.468 -21.137498 -21.137498   2.000000   2.000000   0.718000   0.000707   0.268000  -9.337787    521      1
-5.0000E+00   5.477022   1.749966 -99.000000 -22.535366 -99.000000   0.000000   0.268000   0.006566   0.014000   0.045324      3
 4.4500E-04  -3.865513   3.148724 -99.000000 -99.000000  -8.301401   0.000000   0.002413   0.001460   0.014000  0.000E+00        max_dt

         46   5.477618   4708.990 -21.137498 -21.137498   2.000000   2.000000   0.718000   0.000707   0.268000  -9.337785    523      1
-5.0000E+00   5.477022   1.749938 -99.000000 -22.535366 -99.000000   0.000000   0.268000   0.006566   0.014000   0.045324      3
 4.5500E-04  -3.865513   3.146280 -99.000000 -99.000000  -8.300197   0.000000   0.002413   0.001460   0.014000  0.000E+00        max_dt

         47   5.477618   4702.615 -21.137498 -21.137498   2.000000   2.000000   0.718000   0.000707   0.268000  -9.337784    524      1
-5.0000E+00   5.477022   1.749910 -99.000000 -22.535367 -99.000000   0.000000   0.268000   0.006566   0.014000   0.045324      3
 4.6500E-04  -3.865512   3.143872 -99.000000 -99.000000  -8.299026   0.000000   0.002413   0.001460   0.014000  0.000E+00        max_dt

         48   5.477618   4696.372 -21.137499 -21.137499   2.000000   2.000000   0.718000   0.000707   0.268000  -9.337783    523      1
-5.0000E+00   5.477022   1.749884 -99.000000 -22.535367 -99.000000   0.000000   0.268000   0.006566   0.014000   0.045324      3
 4.7500E-04  -3.865512   3.141511 -99.000000 -99.000000  -8.297894   0.000000   0.002413   0.001460   0.014000  0.000E+00        max_dt

         49   5.477618   4690.333 -21.137499 -21.137499   2.000000   2.000000   0.718000   0.000707   0.268000  -9.337782    525      1
-5.0000E+00   5.477022   1.749857 -99.000000 -22.535367 -99.000000   0.000000   0.268000   0.006566   0.014000   0.045324      3
 4.8500E-04  -3.865512   3.139223 -99.000000 -99.000000  -8.296812   0.000000   0.002413   0.001460   0.014000  0.000E+00        max_dt


__________________________________________________________________________________________________________________________________________________

       step    lg_Tmax     Teff     lg_LH      lg_Lnuc_tot     Mass       H_rich     H_cntr     N_cntr     Y_surf   eta_cntr   zones  retry
  lg_dt_yrs    lg_Tcntr    lg_R     lg_L3a     lg_Lneu     lg_Mdot    He_core    He_cntr    O_cntr     Z_surf   gam_cntr   iters  
    age_yrs    lg_Dcntr    lg_L     lg_LZ      lg_Lphoto   lg_Dsurf   CO_core    C_cntr     Ne_cntr    Z_cntr   v_div_cs       dt_limit
__________________________________________________________________________________________________________________________________________________

         50   5.477619   4684.394 -21.137500 -21.137500   2.000000   2.000000   0.718000   0.000707   0.268000  -9.337780    524      1
-5.0000E+00   5.477021   1.749832 -99.000000 -22.535368 -99.000000   0.000000   0.268000   0.006566   0.014000   0.045324      3
 4.9500E-04  -3.865512   3.136971 -99.000000 -99.000000  -8.295760   0.000000   0.002413   0.001460   0.014000  0.000E+00        max_dt

         51   5.477619   4678.553 -21.137500 -21.137500   2.000000   2.000000   0.718000   0.000707   0.268000  -9.337779    523      1
-5.0000E+00   5.477021   1.749807 -99.000000 -22.535368 -99.000000   0.000000   0.268000   0.006566   0.014000   0.045324      3
 5.0500E-04  -3.865511   3.134753 -99.000000 -99.000000  -8.294736   0.000000   0.002413   0.001460   0.014000  0.000E+00        max_dt

         52   5.477619   4672.797 -21.137500 -21.137500   2.000000   2.000000   0.718000   0.000707   0.268000  -9.337778    524      1
-5.0000E+00   5.477021   1.749782 -99.000000 -22.535368 -99.000000   0.000000   0.268000   0.006566   0.014000   0.045324      3
 5.1500E-04  -3.865511   3.132565 -99.000000 -99.000000  -8.293739   0.000000   0.002413   0.001460   0.014000  0.000E+00        max_dt

         53   5.477619   4667.101 -21.137501 -21.137501   2.000000   2.000000   0.718000   0.000707   0.268000  -9.337777    525      1
-5.0000E+00   5.477021   1.749758 -99.000000 -22.535369 -99.000000   0.000000   0.268000   0.006566   0.014000   0.045324      3
 5.2500E-04  -3.865511   3.130398 -99.000000 -99.000000  -8.292763   0.000000   0.002413   0.001460   0.014000  0.000E+00        max_dt

         54   5.477619   4661.512 -21.137501 -21.137501   2.000000   2.000000   0.718000   0.000707   0.268000  -9.337777    524      1
-5.0000E+00   5.477021   1.749734 -99.000000 -22.535369 -99.000000   0.000000   0.268000   0.006566   0.014000   0.045324      3
 5.3500E-04  -3.865511   3.128268 -99.000000 -99.000000  -8.291815   0.000000   0.002413   0.001460   0.014000  0.000E+00        max_dt

         55   5.477619   4655.941 -21.137501 -21.137501   2.000000   2.000000   0.718000   0.000707   0.268000  -9.337776    521      1
-5.0000E+00   5.477021   1.749710 -99.000000 -22.535369 -99.000000   0.000000   0.268000   0.006566   0.014000   0.045324      3
 5.4500E-04  -3.865511   3.126144 -99.000000 -99.000000  -8.290881   0.000000   0.002413   0.001460   0.014000  0.000E+00        max_dt

         56   5.477619   4650.585 -21.137502 -21.137502   2.000000   2.000000   0.718000   0.000707   0.268000  -9.337775    528      1
-5.0000E+00   5.477021   1.749687 -99.000000 -22.535370 -99.000000   0.000000   0.268000   0.006566   0.014000   0.045324      3
 5.5500E-04  -3.865510   3.124098 -99.000000 -99.000000  -8.289991   0.000000   0.002413   0.001460   0.014000  0.000E+00        max_dt

         57   5.477619   4645.381 -21.137502 -21.137502   2.000000   2.000000   0.718000   0.000707   0.268000  -9.337774    527      1
-5.0000E+00   5.477020   1.749665 -99.000000 -22.535370 -99.000000   0.000000   0.268000   0.006566   0.014000   0.045324      3
 5.6500E-04  -3.865510   3.122108 -99.000000 -99.000000  -8.289135   0.000000   0.002413   0.001460   0.014000  0.000E+00        max_dt

         58   5.477619   4640.236 -21.137502 -21.137502   2.000000   2.000000   0.718000   0.000707   0.268000  -9.337773    524      1
-5.0000E+00   5.477020   1.749643 -99.000000 -22.535370 -99.000000   0.000000   0.268000   0.006566   0.014000   0.045324      3
 5.7500E-04  -3.865510   3.120139 -99.000000 -99.000000  -8.288296   0.000000   0.002413   0.001460   0.014000  0.000E+00        max_dt

         59   5.477619   4635.069 -21.137502 -21.137502   2.000000   2.000000   0.718000   0.000707   0.268000  -9.337773    524      1
-5.0000E+00   5.477020   1.749621 -99.000000 -22.535371 -99.000000   0.000000   0.268000   0.006566   0.014000   0.045324      3
 5.8500E-04  -3.865510   3.118160 -99.000000 -99.000000  -8.287462   0.000000   0.002413   0.001460   0.014000  0.000E+00        max_dt


__________________________________________________________________________________________________________________________________________________

       step    lg_Tmax     Teff     lg_LH      lg_Lnuc_tot     Mass       H_rich     H_cntr     N_cntr     Y_surf   eta_cntr   zones  retry
  lg_dt_yrs    lg_Tcntr    lg_R     lg_L3a     lg_Lneu     lg_Mdot    He_core    He_cntr    O_cntr     Z_surf   gam_cntr   iters  
    age_yrs    lg_Dcntr    lg_L     lg_LZ      lg_Lphoto   lg_Dsurf   CO_core    C_cntr     Ne_cntr    Z_cntr   v_div_cs       dt_limit
__________________________________________________________________________________________________________________________________________________

         60   5.477619   4629.996 -21.137503 -21.137503   2.000000   2.000000   0.718000   0.000707   0.268000  -9.337772    523      1
-5.0000E+00   5.477020   1.749599 -99.000000 -22.535371 -99.000000   0.000000   0.268000   0.006566   0.014000   0.045324      3
 5.9500E-04  -3.865510   3.116214 -99.000000 -99.000000  -8.286650   0.000000   0.002413   0.001460   0.014000  0.000E+00        max_dt

         61   5.477619   4625.037 -21.137503 -21.137503   2.000000   2.000000   0.718000   0.000707   0.268000  -9.337772    522      1
-5.0000E+00   5.477020   1.749578 -99.000000 -22.535371 -99.000000   0.000000   0.268000   0.006566   0.014000   0.045324      3
 6.0500E-04  -3.865510   3.114310 -37.026689 -99.000000  -8.285863   0.000000   0.002413   0.001460   0.014000  0.000E+00        max_dt

         62   5.477619   4620.182 -21.137503 -21.137503   2.000000   2.000000   0.718000   0.000707   0.268000  -9.337771    524      1
-5.0000E+00   5.477020   1.749557 -99.000000 -22.535371 -99.000000   0.000000   0.268000   0.006566   0.014000   0.045324      3
 6.1500E-04  -3.865510   3.112444 -99.000000 -99.000000  -8.285099   0.000000   0.002413   0.001460   0.014000  0.000E+00        max_dt

         63   5.477619   4615.391 -21.137504 -21.137504   2.000000   2.000000   0.718000   0.000707   0.268000  -9.337770    524      1
-5.0000E+00   5.477020   1.749536 -99.000000 -22.535372 -99.000000   0.000000   0.268000   0.006566   0.014000   0.045324      3
 6.2500E-04  -3.865509   3.110601 -99.000000 -99.000000  -8.284352   0.000000   0.002413   0.001460   0.014000  0.000E+00        max_dt

         64   5.477619   4610.671 -21.137504 -21.137504   2.000000   2.000000   0.718000   0.000707   0.268000  -9.337770    523      1
-5.0000E+00   5.477020   1.749516 -99.000000 -22.535372 -99.000000   0.000000   0.268000   0.006566   0.014000   0.045324      3
 6.3500E-04  -3.865509   3.108783 -99.000000 -99.000000  -8.283621   0.000000   0.002413   0.001460   0.014000  0.000E+00        max_dt

         65   5.477619   4606.030 -21.137504 -21.137504   2.000000   2.000000   0.718000   0.000707   0.268000  -9.337769    525      1
-5.0000E+00   5.477020   1.749496 -99.000000 -22.535372 -99.000000   0.000000   0.268000   0.006566   0.014000   0.045324      3
 6.4500E-04  -3.865509   3.106993 -99.000000 -99.000000  -8.282908   0.000000   0.002413   0.001460   0.014000  0.000E+00        max_dt

         66   5.477619   4601.468 -21.137504 -21.137504   2.000000   2.000000   0.718000   0.000707   0.268000  -9.337769    524      1
-5.0000E+00   5.477020   1.749477 -99.000000 -22.535372 -99.000000   0.000000   0.268000   0.006566   0.014000   0.045324      3
 6.5500E-04  -3.865509   3.105233 -99.000000 -99.000000  -8.282212   0.000000   0.002413   0.001460   0.014000  0.000E+00        max_dt

         67   5.477619   4596.981 -21.137505 -21.137505   2.000000   2.000000   0.718000   0.000707   0.268000  -9.337769    523      1
-5.0000E+00   5.477020   1.749457 -99.000000 -22.535373 -99.000000   0.000000   0.268000   0.006566   0.014000   0.045324      3
 6.6500E-04  -3.865509   3.103499 -99.000000 -99.000000  -8.281533   0.000000   0.002413   0.001460   0.014000  0.000E+00        max_dt

         68   5.477619   4592.505 -21.137505 -21.137505   2.000000   2.000000   0.718000   0.000707   0.268000  -9.337768    524      1
-5.0000E+00   5.477020   1.749438 -99.000000 -22.535373 -99.000000   0.000000   0.268000   0.006566   0.014000   0.045324      3
 6.7500E-04  -3.865509   3.101769 -99.000000 -99.000000  -8.280860   0.000000   0.002413   0.001460   0.014000  0.000E+00        max_dt

         69   5.477619   4588.118 -21.137505 -21.137505   2.000000   2.000000   0.718000   0.000707   0.268000  -9.337768    523      1
-5.0000E+00   5.477020   1.749419 -99.000000 -22.535373 -99.000000   0.000000   0.268000   0.006566   0.014000   0.045324      3
 6.8500E-04  -3.865509   3.100071 -99.000000 -99.000000  -8.280205   0.000000   0.002413   0.001460   0.014000  0.000E+00        max_dt


__________________________________________________________________________________________________________________________________________________

       step    lg_Tmax     Teff     lg_LH      lg_Lnuc_tot     Mass       H_rich     H_cntr     N_cntr     Y_surf   eta_cntr   zones  retry
  lg_dt_yrs    lg_Tcntr    lg_R     lg_L3a     lg_Lneu     lg_Mdot    He_core    He_cntr    O_cntr     Z_surf   gam_cntr   iters  
    age_yrs    lg_Dcntr    lg_L     lg_LZ      lg_Lphoto   lg_Dsurf   CO_core    C_cntr     Ne_cntr    Z_cntr   v_div_cs       dt_limit
__________________________________________________________________________________________________________________________________________________

         70   5.477619   4583.776 -21.137505 -21.137505   2.000000   2.000000   0.718000   0.000707   0.268000  -9.337767    521      1
-5.0000E+00   5.477020   1.749401 -99.000000 -22.535373 -99.000000   0.000000   0.268000   0.006566   0.014000   0.045324      3
 6.9500E-04  -3.865509   3.098389 -99.000000 -99.000000  -8.279561   0.000000   0.002413   0.001460   0.014000  0.000E+00        max_dt

         71   5.477619   4579.590 -21.137506 -21.137506   2.000000   2.000000   0.718000   0.000707   0.268000  -9.337767    525      1
-5.0000E+00   5.477019   1.749383 -99.000000 -22.535374 -99.000000   0.000000   0.268000   0.006566   0.014000   0.045324      3
 7.0500E-04  -3.865509   3.096765 -37.026689 -99.000000  -8.278944   0.000000   0.002413   0.001460   0.014000  0.000E+00        max_dt

         72   5.477619   4575.518 -21.137506 -21.137506   2.000000   2.000000   0.718000   0.000707   0.268000  -9.337767    524      1
-5.0000E+00   5.477019   1.749365 -99.000000 -22.535374 -99.000000   0.000000   0.268000   0.006566   0.014000   0.045324      3
 7.1500E-04  -3.865508   3.095184 -99.000000 -99.000000  -8.278346   0.000000   0.002413   0.001460   0.014000  0.000E+00        max_dt

         73   5.477619   4571.500 -21.137506 -21.137506   2.000000   2.000000   0.718000   0.000707   0.268000  -9.337766    523      1
-5.0000E+00   5.477019   1.749347 -99.000000 -22.535374 -99.000000   0.000000   0.268000   0.006566   0.014000   0.045324      3
 7.2500E-04  -3.865508   3.093623 -99.000000 -99.000000  -8.277761   0.000000   0.002413   0.001460   0.014000  0.000E+00        max_dt

         74   5.477619   4567.518 -21.137506 -21.137506   2.000000   2.000000   0.718000   0.000707   0.268000  -9.337766    525      1
-5.0000E+00   5.477019   1.749329 -99.000000 -22.535374 -99.000000   0.000000   0.268000   0.006566   0.014000   0.045324      3
 7.3500E-04  -3.865508   3.092074 -99.000000 -99.000000  -8.277183   0.000000   0.002413   0.001460   0.014000  0.000E+00        max_dt

         75   5.477619   4563.571 -21.137506 -21.137506   2.000000   2.000000   0.718000   0.000707   0.268000  -9.337766    525      1
-5.0000E+00   5.477019   1.749312 -99.000000 -22.535375 -99.000000   0.000000   0.268000   0.006566   0.014000   0.045324      3
 7.4500E-04  -3.865508   3.090537 -99.000000 -99.000000  -8.276613   0.000000   0.002413   0.001460   0.014000  0.000E+00        max_dt

         76   5.477619   4559.659 -21.137507 -21.137507   2.000000   2.000000   0.718000   0.000707   0.268000  -9.337765    524      1
-5.0000E+00   5.477019   1.749295 -99.000000 -22.535375 -99.000000   0.000000   0.268000   0.006566   0.014000   0.045324      3
 7.5500E-04  -3.865508   3.089013 -99.000000 -99.000000  -8.276052   0.000000   0.002413   0.001460   0.014000  0.000E+00        max_dt

         77   5.477619   4555.774 -21.137507 -21.137507   2.000000   2.000000   0.718000   0.000707   0.268000  -9.337765    525      1
-5.0000E+00   5.477019   1.749278 -99.000000 -22.535375 -99.000000   0.000000   0.268000   0.006566   0.014000   0.045324      3
 7.6500E-04  -3.865508   3.087498 -99.000000 -99.000000  -8.275497   0.000000   0.002413   0.001460   0.014000  0.000E+00        max_dt

         78   5.477619   4551.904 -21.137507 -21.137507   2.000000   2.000000   0.718000   0.000707   0.268000  -9.337765    523      1
-5.0000E+00   5.477019   1.749261 -99.000000 -22.535375 -99.000000   0.000000   0.268000   0.006566   0.014000   0.045324      3
 7.7500E-04  -3.865508   3.085988 -99.000000 -99.000000  -8.274947   0.000000   0.002413   0.001460   0.014000  0.000E+00        max_dt

         79   5.477619   4548.090 -21.137507 -21.137507   2.000000   2.000000   0.718000   0.000707   0.268000  -9.337764    522      1
-5.0000E+00   5.477019   1.749244 -99.000000 -22.535375 -99.000000   0.000000   0.268000   0.006566   0.014000   0.045324      3
 7.8500E-04  -3.865508   3.084499 -99.000000 -99.000000  -8.274408   0.000000   0.002413   0.001460   0.014000  0.000E+00        max_dt


__________________________________________________________________________________________________________________________________________________

       step    lg_Tmax     Teff     lg_LH      lg_Lnuc_tot     Mass       H_rich     H_cntr     N_cntr     Y_surf   eta_cntr   zones  retry
  lg_dt_yrs    lg_Tcntr    lg_R     lg_L3a     lg_Lneu     lg_Mdot    He_core    He_cntr    O_cntr     Z_surf   gam_cntr   iters  
    age_yrs    lg_Dcntr    lg_L     lg_LZ      lg_Lphoto   lg_Dsurf   CO_core    C_cntr     Ne_cntr    Z_cntr   v_div_cs       dt_limit
__________________________________________________________________________________________________________________________________________________

         80   5.477619   4544.342 -21.137508 -21.137508   2.000000   2.000000   0.718000   0.000707   0.268000  -9.337764    525      1
-5.0000E+00   5.477019   1.749228 -99.000000 -22.535376 -99.000000   0.000000   0.268000   0.006566   0.014000   0.045324      3
 7.9500E-04  -3.865508   3.083034 -99.000000 -99.000000  -8.273880   0.000000   0.002413   0.001460   0.014000  0.000E+00        max_dt

         81   5.477619   4540.650 -21.137508 -21.137508   2.000000   2.000000   0.718000   0.000707   0.268000  -9.337764    524      1
-5.0000E+00   5.477019   1.749212 -99.000000 -22.535376 -99.000000   0.000000   0.268000   0.006566   0.014000   0.045324      3
 8.0500E-04  -3.865508   3.081590 -99.000000 -99.000000  -8.273362   0.000000   0.002413   0.001460   0.014000  0.000E+00        max_dt

         82   5.477619   4536.984 -21.137508 -21.137508   2.000000   2.000000   0.718000   0.000707   0.268000  -9.337764    522      1
-5.0000E+00   5.477019   1.749196 -99.000000 -22.535376 -99.000000   0.000000   0.268000   0.006566   0.014000   0.045324      3
 8.1500E-04  -3.865508   3.080154 -99.000000 -99.000000  -8.272850   0.000000   0.002413   0.001460   0.014000  0.000E+00        max_dt

         83   5.477619   4533.297 -21.137508 -21.137508   2.000000   2.000000   0.718000   0.000707   0.268000  -9.337763    521      1
-5.0000E+00   5.477019   1.749180 -99.000000 -22.535376 -99.000000   0.000000   0.268000   0.006566   0.014000   0.045324      3
 8.2500E-04  -3.865508   3.078710 -99.000000 -99.000000  -8.272337   0.000000   0.002413   0.001460   0.014000  0.000E+00        max_dt

         84   5.477619   4529.677 -21.137508 -21.137508   2.000000   2.000000   0.718000   0.000707   0.268000  -9.337763    520      1
-5.0000E+00   5.477019   1.749164 -99.000000 -22.535376 -99.000000   0.000000   0.268000   0.006566   0.014000   0.045324      3
 8.3500E-04  -3.865508   3.077291 -99.000000 -99.000000  -8.271835   0.000000   0.002413   0.001460   0.014000  0.000E+00        max_dt

         85   5.477619   4526.137 -21.137509 -21.137509   2.000000   2.000000   0.718000   0.000707   0.268000  -9.337763    520      1
-5.0000E+00   5.477019   1.749149 -99.000000 -22.535377 -99.000000   0.000000   0.268000   0.006566   0.014000   0.045324      3
 8.4500E-04  -3.865508   3.075902 -99.000000 -99.000000  -8.271345   0.000000   0.002413   0.001460   0.014000  0.000E+00        max_dt

         86   5.477619   4522.662 -21.137509 -21.137509   2.000000   2.000000   0.718000   0.000707   0.268000  -9.337763    522      1
-5.0000E+00   5.477019   1.749133 -99.000000 -22.535377 -99.000000   0.000000   0.268000   0.006566   0.014000   0.045324      3
 8.5500E-04  -3.865508   3.074537 -99.000000 -99.000000  -8.270866   0.000000   0.002413   0.001460   0.014000  0.000E+00        max_dt

         87   5.477619   4519.243 -21.137509 -21.137509   2.000000   2.000000   0.718000   0.000707   0.268000  -9.337763    521      1
-5.0000E+00   5.477019   1.749118 -99.000000 -22.535377 -99.000000   0.000000   0.268000   0.006566   0.014000   0.045324      3
 8.6500E-04  -3.865507   3.073193 -99.000000 -99.000000  -8.270396   0.000000   0.002413   0.001460   0.014000  0.000E+00        max_dt

         88   5.477619   4515.874 -21.137509 -21.137509   2.000000   2.000000   0.718000   0.000707   0.268000  -9.337762    520      1
-5.0000E+00   5.477019   1.749103 -99.000000 -22.535377 -99.000000   0.000000   0.268000   0.006566   0.014000   0.045324      3
 8.7500E-04  -3.865507   3.071868 -99.000000 -99.000000  -8.269935   0.000000   0.002413   0.001460   0.014000  0.000E+00        max_dt

         89   5.477619   4512.552 -21.137509 -21.137509   2.000000   2.000000   0.718000   0.000707   0.268000  -9.337762    522      1
-5.0000E+00   5.477019   1.749088 -99.000000 -22.535377 -99.000000   0.000000   0.268000   0.006566   0.014000   0.045324      3
 8.8500E-04  -3.865507   3.070560 -99.000000 -99.000000  -8.269480   0.000000   0.002413   0.001460   0.014000  0.000E+00        max_dt


__________________________________________________________________________________________________________________________________________________

       step    lg_Tmax     Teff     lg_LH      lg_Lnuc_tot     Mass       H_rich     H_cntr     N_cntr     Y_surf   eta_cntr   zones  retry
  lg_dt_yrs    lg_Tcntr    lg_R     lg_L3a     lg_Lneu     lg_Mdot    He_core    He_cntr    O_cntr     Z_surf   gam_cntr   iters  
    age_yrs    lg_Dcntr    lg_L     lg_LZ      lg_Lphoto   lg_Dsurf   CO_core    C_cntr     Ne_cntr    Z_cntr   v_div_cs       dt_limit
__________________________________________________________________________________________________________________________________________________

         90   5.477619   4509.272 -21.137509 -21.137509   2.000000   2.000000   0.718000   0.000707   0.268000  -9.337762    522      1
-5.0000E+00   5.477019   1.749074 -99.000000 -22.535378 -99.000000   0.000000   0.268000   0.006566   0.014000   0.045324      3
 8.9500E-04  -3.865507   3.069267 -99.000000 -99.000000  -8.269033   0.000000   0.002413   0.001460   0.014000  0.000E+00        max_dt

         91   5.477619   4506.028 -21.137510 -21.137510   2.000000   2.000000   0.718000   0.000707   0.268000  -9.337762    521      1
-5.0000E+00   5.477019   1.749059 -99.000000 -22.535378 -99.000000   0.000000   0.268000   0.006566   0.014000   0.045324      3
 9.0500E-04  -3.865507   3.067988 -99.000000 -99.000000  -8.268591   0.000000   0.002413   0.001460   0.014000  0.000E+00        max_dt

         92   5.477619   4502.821 -21.137510 -21.137510   2.000000   2.000000   0.718000   0.000707   0.268000  -9.337762    523      1
-5.0000E+00   5.477019   1.749045 -99.000000 -22.535378 -99.000000   0.000000   0.268000   0.006566   0.014000   0.045324      3
 9.1500E-04  -3.865507   3.066722 -99.000000 -99.000000  -8.268156   0.000000   0.002413   0.001460   0.014000  0.000E+00        max_dt

         93   5.477619   4499.653 -21.137510 -21.137510   2.000000   2.000000   0.718000   0.000707   0.268000  -9.337761    522      1
-5.0000E+00   5.477019   1.749031 -99.000000 -22.535378 -99.000000   0.000000   0.268000   0.006566   0.014000   0.045324      3
 9.2500E-04  -3.865507   3.065471 -99.000000 -99.000000  -8.267726   0.000000   0.002413   0.001460   0.014000  0.000E+00        max_dt

         94   5.477619   4496.466 -21.137510 -21.137510   2.000000   2.000000   0.718000   0.000707   0.268000  -9.337761    519      1
-5.0000E+00   5.477019   1.749016 -99.000000 -22.535378 -99.000000   0.000000   0.268000   0.006566   0.014000   0.045324      3
 9.3500E-04  -3.865507   3.064212 -99.000000 -99.000000  -8.267295   0.000000   0.002413   0.001460   0.014000  0.000E+00        max_dt

         95   5.477619   4493.300 -21.137510 -21.137510   2.000000   2.000000   0.718000   0.000707   0.268000  -9.337761    521      1
-5.0000E+00   5.477019   1.749002 -99.000000 -22.535378 -99.000000   0.000000   0.268000   0.006566   0.014000   0.045324      3
 9.4500E-04  -3.865507   3.062960 -99.000000 -99.000000  -8.266867   0.000000   0.002413   0.001460   0.014000  0.000E+00        max_dt

         96   5.477619   4490.184 -21.137510 -21.137510   2.000000   2.000000   0.718000   0.000707   0.268000  -9.337761    520      1
-5.0000E+00   5.477019   1.748988 -99.000000 -22.535379 -99.000000   0.000000   0.268000   0.006566   0.014000   0.045324      3
 9.5500E-04  -3.865507   3.061727 -99.000000 -99.000000  -8.266447   0.000000   0.002413   0.001460   0.014000  0.000E+00        max_dt

         97   5.477619   4487.123 -21.137511 -21.137511   2.000000   2.000000   0.718000   0.000707   0.268000  -9.337761    519      1
-5.0000E+00   5.477019   1.748975 -99.000000 -22.535379 -99.000000   0.000000   0.268000   0.006566   0.014000   0.045324      3
 9.6500E-04  -3.865507   3.060515 -99.000000 -99.000000  -8.266034   0.000000   0.002413   0.001460   0.014000  0.000E+00        max_dt

         98   5.477619   4484.133 -21.137511 -21.137511   2.000000   2.000000   0.718000   0.000707   0.268000  -9.337761    523      1
-5.0000E+00   5.477019   1.748961 -99.000000 -22.535379 -99.000000   0.000000   0.268000   0.006566   0.014000   0.045324      3
 9.7500E-04  -3.865507   3.059330 -99.000000 -99.000000  -8.265632   0.000000   0.002413   0.001460   0.014000  0.000E+00        max_dt

         99   5.477619   4481.192 -21.137511 -21.137511   2.000000   2.000000   0.718000   0.000707   0.268000  -9.337761    522      1
-5.0000E+00   5.477019   1.748948 -99.000000 -22.535379 -99.000000   0.000000   0.268000   0.006566   0.014000   0.045324      3
 9.8500E-04  -3.865507   3.058163 -99.000000 -99.000000  -8.265236   0.000000   0.002413   0.001460   0.014000  0.000E+00        max_dt


__________________________________________________________________________________________________________________________________________________

       step    lg_Tmax     Teff     lg_LH      lg_Lnuc_tot     Mass       H_rich     H_cntr     N_cntr     Y_surf   eta_cntr   zones  retry
  lg_dt_yrs    lg_Tcntr    lg_R     lg_L3a     lg_Lneu     lg_Mdot    He_core    He_cntr    O_cntr     Z_surf   gam_cntr   iters  
    age_yrs    lg_Dcntr    lg_L     lg_LZ      lg_Lphoto   lg_Dsurf   CO_core    C_cntr     Ne_cntr    Z_cntr   v_div_cs       dt_limit
__________________________________________________________________________________________________________________________________________________

        100   5.477619   4478.283 -21.137511 -21.137511   2.000000   2.000000   0.718000   0.000707   0.268000  -9.337760    521      1
-5.0000E+00   5.477019   1.748934 -99.000000 -22.535379 -99.000000   0.000000   0.268000   0.006566   0.014000   0.045324      3
 9.9500E-04  -3.865507   3.057008 -99.000000 -99.000000  -8.264845   0.000000   0.002413   0.001460   0.014000  0.000E+00        max_dt


 finished doing relax num steps


                                relax_to_radiative_core

          1   5.477619   4475.404 -21.137511 -21.137511   2.000000   2.000000   0.718000   0.000707   0.268000  -9.337760    523      0
-5.0000E+00   5.477019   1.748921 -99.000000 -22.535379 -99.000000   0.000000   0.268000   0.006566   0.014000   0.045324      3
 1.0000E-05  -3.865507   3.055865 -99.000000 -99.000000  -8.264458   0.000000   0.002413   0.001460   0.014000  0.000E+00        max_dt

           waiting for fully convective core to develop           1    1.5077905021213064D-01
          2   5.477619   4469.738 -21.137512 -21.137512   2.000000   2.000000   0.718000   0.000707   0.268000  -9.337760    521      0
-4.6990E+00   5.477019   1.748895 -99.000000 -22.535380 -99.000000   0.000000   0.268000   0.006566   0.014000   0.045324      3
 3.0000E-05  -3.865507   3.053612 -99.000000 -99.000000  -8.263698   0.000000   0.002413   0.001460   0.014000  0.000E+00  max increase

           waiting for fully convective core to develop           2    1.5077905009933129D-01
          3   5.477619   4458.968 -21.137512 -21.137512   2.000000   2.000000   0.718000   0.000707   0.268000  -9.337760    524      0
-4.3979E+00   5.477019   1.748844 -99.000000 -22.535380 -99.000000   0.000000   0.268000   0.006566   0.014000   0.045324      3
 7.0000E-05  -3.865507   3.049320 -99.000000 -99.000000  -8.262251   0.000000   0.002413   0.001460   0.014000  0.000E+00  max increase

           waiting for fully convective core to develop           3    1.5077904987567861D-01
          4   5.477619   4438.552 -21.137513 -21.137513   2.000000   2.000000   0.718000   0.000707   0.268000  -9.337759    524      0
-4.0969E+00   5.477019   1.748748 -99.000000 -22.535381 -99.000000   0.000000   0.268000   0.006566   0.014000   0.045324      3
 1.5000E-04  -3.865506   3.041154 -36.725659 -99.000000  -8.259504   0.000000   0.002413   0.001460   0.014000  0.000E+00  max increase

           waiting for fully convective core to develop           4    1.5077904943617182D-01
          5   5.477620   4402.919 -21.137515 -21.137515   2.000000   2.000000   0.718000   0.000707   0.268000  -9.337758    524      0
-3.7959E+00   5.477019   1.748572 -99.000000 -22.535383 -99.000000   0.000000   0.268000   0.006566   0.014000   0.045324      3
 3.1000E-04  -3.865506   3.026800 -99.000000 -99.000000  -8.254640   0.000000   0.002413   0.001460   0.014000  0.000E+00  max increase

           waiting for fully convective core to develop           5    1.5077904858538413D-01
          6   5.477620   4345.689 -21.137517 -21.137517   2.000000   2.000000   0.718000   0.000707   0.268000  -9.337757    518      0
-3.4949E+00   5.477019   1.748272 -99.000000 -22.535385 -99.000000   0.000000   0.268000   0.006566   0.014000   0.045324      3
 6.3000E-04  -3.865506   3.003473 -99.000000 -99.000000  -8.246454   0.000000   0.002413   0.001460   0.014000  0.000E+00  max increase

           waiting for fully convective core to develop           6    1.5077904697892300D-01
          7   5.477620   4265.680 -21.137520 -21.137520   2.000000   2.000000   0.718000   0.000707   0.268000  -9.337756    525      0
-3.1938E+00   5.477019   1.747807 -99.000000 -22.535388 -99.000000   0.000000   0.268000   0.006566   0.014000   0.045324      3
 1.2700E-03  -3.865505   2.970261 -99.000000 -99.000000  -8.233701   0.000000   0.002413   0.001460   0.014000  0.000E+00  max increase

           waiting for fully convective core to develop           7    1.5077904403896883D-01
          8   5.477621   4170.235 -21.137522 -21.137522   2.000000   2.000000   0.718000   0.000707   0.268000  -9.337755    526      0
-2.8928E+00   5.477019   1.747161 -99.000000 -22.535390 -99.000000   0.000000   0.268000   0.006566   0.014000   0.045324      3
 2.5500E-03  -3.865504   2.929659 -99.000000 -99.000000  -8.215633   0.000000   0.002413   0.001460   0.014000  0.000E+00  max increase

           waiting for fully convective core to develop           8    1.4433453794099405D-01
          9   5.477619   4073.985 -21.137519 -21.137519   2.000000   2.000000   0.718000   0.000707   0.268000  -9.337754    519      0
-2.5918E+00   5.477020   1.746356 -99.000000 -22.535388 -99.000000   0.000000   0.268000   0.006566   0.014000   0.045324      3
 5.1100E-03  -3.865503   2.887483 -99.000000 -99.000000  -8.191789   0.000000   0.002413   0.001460   0.014000  0.000E+00  max increase

           waiting for fully convective core to develop           9    1.4433310224870063D-01

__________________________________________________________________________________________________________________________________________________

       step    lg_Tmax     Teff     lg_LH      lg_Lnuc_tot     Mass       H_rich     H_cntr     N_cntr     Y_surf   eta_cntr   zones  retry
  lg_dt_yrs    lg_Tcntr    lg_R     lg_L3a     lg_Lneu     lg_Mdot    He_core    He_cntr    O_cntr     Z_surf   gam_cntr   iters  
    age_yrs    lg_Dcntr    lg_L     lg_LZ      lg_Lphoto   lg_Dsurf   CO_core    C_cntr     Ne_cntr    Z_cntr   v_div_cs       dt_limit
__________________________________________________________________________________________________________________________________________________

         10   5.477611   3991.235 -21.137510 -21.137510   2.000000   2.000000   0.718000   0.000707   0.268000  -9.337754    525      0
-2.2907E+00   5.477021   1.745441 -99.000000 -22.535378 -99.000000   0.000000   0.268000   0.006566   0.014000   0.045324      3
 1.0230E-02  -3.865501   2.850005 -99.000000 -99.000000  -8.162970   0.000000   0.002413   0.001460   0.014000  0.000E+00  max increase

           waiting for fully convective core to develop          10    1.4433302547239293D-01
         11   5.477607   3929.115 -21.137486 -21.137486   2.000000   2.000000   0.718000   0.000707   0.268000  -9.337754    520      0
-1.9897E+00   5.477022   1.744501 -99.000000 -22.535354 -99.000000   0.000000   0.268000   0.006566   0.014000   0.045324      3
 2.0470E-02  -3.865499   2.820875 -99.000000 -99.000000  -8.133917   0.000000   0.002413   0.001460   0.014000  0.000E+00  max increase

           waiting for fully convective core to develop          11    1.3791848446827062D-01
         12   5.477607   3888.145 -21.137433 -21.137433   2.000000   2.000000   0.718000   0.000707   0.268000  -9.337754    517      0
-1.6887E+00   5.477025   1.743629 -99.000000 -22.535301 -99.000000   0.000000   0.268000   0.006566   0.014000   0.045324      3
 4.0950E-02  -3.865494   2.800922 -99.000000 -99.000000  -8.111101   0.000000   0.002413   0.001460   0.014000  0.000E+00  max increase

           waiting for fully convective core to develop          12    1.3153903177437262D-01
         13   5.477613   3864.413 -21.137305 -21.137305   2.000000   2.000000   0.718000   0.000707   0.268000  -9.337753    520      0
-1.3876E+00   5.477032   1.742894 -99.000000 -22.535174 -99.000000   0.000000   0.268000   0.006566   0.014000   0.045324      3
 8.1910E-02  -3.865484   2.788816 -99.000000 -99.000000  -8.096560   0.000000   0.002413   0.001460   0.014000  0.000E+00  max increase

           waiting for fully convective core to develop          13    1.2502070251484482D-01
         14   5.477629   3852.887 -21.136997 -21.136997   2.000000   2.000000   0.718000   0.000707   0.268000  -9.337752    519      0
-1.0866E+00   5.477048   1.742329 -99.000000 -22.534865 -99.000000   0.000000   0.268000   0.006566   0.014000   0.045323      3
 1.6383E-01  -3.865458   2.782497 -99.000000 -99.000000  -8.089003   0.000000   0.002413   0.001460   0.014000  0.000E+00  max increase

           waiting for fully convective core to develop          14    1.1265347978440103D-01
         15   5.477667   3848.331 -21.136281 -21.136281   2.000000   2.000000   0.718000   0.000707   0.268000  -9.337749    521      0
-7.8558E-01   5.477087   1.741927 -99.000000 -22.534149 -99.000000   0.000000   0.268000   0.006566   0.014000   0.045321      3
 3.2767E-01  -3.865400   2.779637 -99.000000 -99.000000  -8.085755   0.000000   0.002413   0.001460   0.014000  0.000E+00  max increase

           waiting for fully convective core to develop          15    9.6343138516470722D-02
         16   5.477758   3846.955 -21.134625 -21.134625   2.000000   2.000000   0.718000   0.000707   0.268000  -9.337742    521      0
-4.8455E-01   5.477178   1.741633 -99.000000 -22.532493 -99.000000   0.000000   0.268000   0.006566   0.014000   0.045316      3
 6.5535E-01  -3.865260   2.778428 -99.000000 -99.000000  -8.084558   0.000000   0.002413   0.001460   0.014000  0.000E+00  max increase

           waiting for fully convective core to develop          16    7.7223483489801292D-02
         17   5.477970   3846.763 -21.130963 -21.130963   2.000000   2.000000   0.718000   0.000707   0.268000  -9.337726    521      0
-1.8352E-01   5.477390   1.741359 -99.000000 -22.528831 -99.000000   0.000000   0.268000   0.006566   0.014000   0.045305      3
 1.3107E+00  -3.864935   2.777794 -99.000000 -99.000000  -8.084104   0.000000   0.002413   0.001460   0.014000  0.000E+00  max increase

           waiting for fully convective core to develop          17    5.9697103525037487D-02
         18   5.478433   3847.061 -21.123573 -21.123573   2.000000   2.000000   0.718000   0.000707   0.268000  -9.337691    521      0
 1.1751E-01   5.477854   1.740974 -99.000000 -22.521441 -99.000000   0.000000   0.268000   0.006566   0.014000   0.045282      3
 2.6214E+00  -3.864225   2.777158 -99.000000 -99.000000  -8.083812   0.000000   0.002413   0.001460   0.014000  0.000E+00  max increase

           waiting for fully convective core to develop          18    4.3640135005615338D-02
         19   5.479396   3847.802 -21.109540 -21.109540   2.000000   2.000000   0.718000   0.000707   0.268000  -9.337620    521      0
 4.1854E-01   5.478818   1.740272 -99.000000 -22.507408 -99.000000   0.000000   0.268000   0.006566   0.014000   0.045232      3
 5.2429E+00  -3.862748   2.776089 -99.000000 -99.000000  -8.083398   0.000000   0.002413   0.001460   0.014000  0.000E+00  max increase

           waiting for fully convective core to develop          19    2.9041202096299002D-02

__________________________________________________________________________________________________________________________________________________

       step    lg_Tmax     Teff     lg_LH      lg_Lnuc_tot     Mass       H_rich     H_cntr     N_cntr     Y_surf   eta_cntr   zones  retry
  lg_dt_yrs    lg_Tcntr    lg_R     lg_L3a     lg_Lneu     lg_Mdot    He_core    He_cntr    O_cntr     Z_surf   gam_cntr   iters  
    age_yrs    lg_Dcntr    lg_L     lg_LZ      lg_Lphoto   lg_Dsurf   CO_core    C_cntr     Ne_cntr    Z_cntr   v_div_cs       dt_limit
__________________________________________________________________________________________________________________________________________________

         20   5.481454   3849.286 -21.086559 -21.086559   2.000000   2.000000   0.718000   0.000707   0.268000  -9.337466    521      0
 7.1957E-01   5.480879   1.738916 -99.000000 -22.484427 -99.000000   0.000000   0.268000   0.006566   0.014000   0.045127      3
 1.0486E+01  -3.859592   2.774046 -99.000000 -99.000000  -8.082631   0.000000   0.002413   0.001460   0.014000  0.000E+00  max increase

           waiting for fully convective core to develop          20    1.1464302507680539D-02
         21   5.484842   3852.215 -21.037444 -21.037444   2.000000   2.000000   0.718000   0.000707   0.268000  -9.337167    521      0
 1.0206E+00   5.484842   1.736228 -99.000000 -22.435312 -99.000000   0.000000   0.268000   0.006566   0.014000   0.044926      3
 2.0972E+01  -3.853523   2.769991 -99.000000 -99.000000  -8.081099   0.000000   0.002413   0.001460   0.014000  0.000E+00  max increase

           waiting for fully convective core to develop          21    2.4272115813189654D-04
         22   5.488698   3857.913 -20.942039 -20.942039   2.000000   2.000000   0.718000   0.000707   0.268000  -9.314373    521      0
 1.3216E+00   5.488698   1.731009 -99.000000 -22.339907 -99.000000   0.000000   0.268000   0.006566   0.014000   0.045068      3
 4.1943E+01  -3.837841   2.762122 -99.000000 -99.000000  -8.078117   0.000000   0.002413   0.001460   0.014000  0.000E+00  max increase

           waiting for fully convective core to develop          22    1.3485870879187028D-05
         23   5.497990   3868.588 -20.762435 -20.762435   2.000000   2.000000   0.718000   0.000707   0.268000  -9.282998    517      0
 1.6227E+00   5.497990   1.721153 -99.000000 -22.160304 -99.000000   0.000000   0.268000   0.006566   0.014000   0.045057      3
 8.3886E+01  -3.810284   2.747210 -99.000000 -99.000000  -8.072377   0.000000   0.002413   0.001460   0.014000  0.000E+00  max increase

             relative mass of radiative core still tiny          23    7.8132197101066225D-08
         24   5.511746   3884.529 -20.498304 -20.498304   2.000000   2.000000   0.718000   0.000707   0.268000  -9.236482    527      0
 1.8296E+00   5.511746   1.706567 -99.000000 -21.896172 -99.000000   0.000000   0.268000   0.006566   0.014000   0.045042      3
 1.5144E+02  -3.769459   2.725181 -99.000000 -99.000000  -8.063821   0.000000   0.002413   0.001460   0.014000  0.000E+00    varcontrol

             relative mass of radiative core still tiny          24    7.8132196656977015D-08
         25   5.528247   3904.000 -20.184327 -20.184327   2.000000   2.000000   0.718000   0.000707   0.268000  -9.180568    522      0
 1.9524E+00   5.528247   1.689075 -99.000000 -21.582196 -99.000000   0.000000   0.268000   0.006566   0.014000   0.045025      3
 2.4105E+02  -3.720437   2.698883 -99.000000 -99.000000  -8.053495   0.000000   0.002413   0.001460   0.014000  0.000E+00    varcontrol

             relative mass of radiative core still tiny          25    7.8132197323110830D-08
         26   5.546117   3925.217 -19.847935 -19.847935   2.000000   2.000000   0.718000   0.000707   0.268000  -9.119880    527      0
 2.0342E+00   5.546117   1.670141 -99.000000 -21.245803 -99.000000   0.000000   0.268000   0.006566   0.014000   0.045009      3
 3.4924E+02  -3.667289   2.670431 -99.000000 -99.000000  -8.042011   0.000000   0.002413   0.001460   0.014000  0.000E+00    varcontrol

             relative mass of radiative core still tiny          26    7.8132196656977015D-08
         27   5.564577   3945.907 -19.504443 -19.504443   2.000000   2.000000   0.718000   0.000707   0.268000  -9.057048    519      0
 2.0976E+00   5.564577   1.650597 -99.000000 -20.902312 -99.000000   0.000000   0.268000   0.006566   0.014000   0.044995      3
 4.7444E+02  -3.612328   2.640474 -99.000000 -99.000000  -8.029072   0.000000   0.002413   0.001460   0.014000  0.000E+00    varcontrol

             relative mass of radiative core still tiny          27    7.8132196656977015D-08
         28   5.583296   3969.226 -19.160256 -19.160256   2.000000   2.000000   0.718000   0.000707   0.268000  -8.993196    523      0
 2.1525E+00   5.583296   1.630786 -99.000000 -20.558124 -99.000000   0.000000   0.268000   0.006566   0.014000   0.044982      3
 6.1652E+02  -3.556535   2.611090 -99.000000 -99.000000  -8.016592   0.000000   0.002413   0.001460   0.014000  0.000E+00    varcontrol

             relative mass of radiative core still tiny          28    7.8132196879021620D-08
         29   5.602148   3990.882 -18.817825 -18.817825   2.000000   2.000000   0.718000   0.000707   0.268000  -8.928770    533      0
 2.2055E+00   5.602148   1.610856 -99.000000 -20.215693 -99.000000   0.000000   0.268000   0.006566   0.014000   0.044971      3
 7.7705E+02  -3.500295   2.580681 -99.000000 -99.000000  -8.002566   0.000000   0.002413   0.001460   0.014000  0.000E+00    varcontrol

             relative mass of radiative core still tiny          29    7.8132197323110830D-08

__________________________________________________________________________________________________________________________________________________

       step    lg_Tmax     Teff     lg_LH      lg_Lnuc_tot     Mass       H_rich     H_cntr     N_cntr     Y_surf   eta_cntr   zones  retry
  lg_dt_yrs    lg_Tcntr    lg_R     lg_L3a     lg_Lneu     lg_Mdot    He_core    He_cntr    O_cntr     Z_surf   gam_cntr   iters  
    age_yrs    lg_Dcntr    lg_L     lg_LZ      lg_Lphoto   lg_Dsurf   CO_core    C_cntr     Ne_cntr    Z_cntr   v_div_cs       dt_limit
__________________________________________________________________________________________________________________________________________________

         30   5.621079   4014.123 -18.478158 -18.478158   2.000000   2.000000   0.718000   0.000707   0.268000  -8.863972    537      0
 2.2568E+00   5.621079   1.590858 -99.000000 -19.876026 -99.000000   0.000000   0.268000   0.006566   0.014000   0.044962      3
 9.5768E+02  -3.443777   2.550773 -99.000000 -99.000000  -7.988548   0.000000   0.002413   0.001460   0.014000  0.000E+00    varcontrol

             relative mass of radiative core still tiny          30    7.8132197323110830D-08
         31   5.640025   4036.850 -18.142398 -18.142398   2.000000   2.000000   0.718000   0.000707   0.268000  -8.799042    538      0
 2.3068E+00   5.640025   1.570868 -99.000000 -19.540266 -99.000000   0.000000   0.268000   0.006566   0.014000   0.044954      3
 1.1603E+03  -3.387179   2.520599 -99.000000 -99.000000  -7.973763   0.000000   0.002413   0.001460   0.014000  0.000E+00    varcontrol

             relative mass of radiative core still tiny          31    7.8132197545155435D-08
         32   5.658965   4059.402 -17.810853 -17.810853   2.000000   2.000000   0.718000   0.000707   0.268000  -8.734067    542      0
 2.3563E+00   5.658965   1.550907 -99.000000 -19.208722 -99.000000   0.000000   0.268000   0.006566   0.014000   0.044946      3
 1.3875E+03  -3.330569   2.490355 -99.000000 -99.000000  -7.958473   0.000000   0.002413   0.001460   0.014000  0.000E+00    varcontrol

             relative mass of radiative core still tiny          32    7.8132197101066225D-08
         33   5.677872   4081.822 -17.483939 -17.483939   2.000000   2.000000   0.718000   0.000707   0.268000  -8.669154    539      0
 2.4050E+00   5.677872   1.531006 -99.000000 -18.881807 -99.000000   0.000000   0.268000   0.006566   0.014000   0.044940      3
 1.6416E+03  -3.274036   2.460121 -99.000000 -99.000000  -7.942809   0.000000   0.002413   0.001460   0.014000  0.000E+00    varcontrol

             relative mass of radiative core still tiny          33    7.8132197101066225D-08
         34   5.696751   4104.102 -17.161484 -17.161484   2.000000   2.000000   0.718000   0.000707   0.268000  -8.604295    551      0
 2.4538E+00   5.696751   1.511160 -99.000000 -18.559352 -99.000000   0.000000   0.268000   0.006566   0.014000   0.044934      3
 1.9259E+03  -3.217568   2.429886 -99.000000 -99.000000  -7.926833   0.000000   0.002413   0.001460   0.014000  0.000E+00    varcontrol

             relative mass of radiative core still tiny          34    7.8132197323110830D-08
         35   5.715615   4124.658 -16.843194 -16.843194   2.000000   2.000000   0.718000   0.000707   0.268000  -8.539446    549      0
 2.5036E+00   5.715615   1.491358 -99.000000 -18.241062 -99.000000   0.000000   0.268000   0.006566   0.014000   0.044929      3
 2.2447E+03  -3.161127   2.398961 -99.000000 -99.000000  -7.910117   0.000000   0.002413   0.001460   0.014000  0.000E+00    varcontrol

             relative mass of radiative core still tiny          35    7.8132196879021620D-08
         36   5.734540   4149.535 -16.527714 -16.527714   2.000000   2.000000   0.718000   0.000707   0.268000  -8.474341    550      0
 2.5534E+00   5.734540   1.471510 -99.000000 -17.925582 -99.000000   0.000000   0.268000   0.006566   0.014000   0.044924      3
 2.6024E+03  -3.104484   2.369711 -99.000000 -99.000000  -7.894437   0.000000   0.002413   0.001460   0.014000  0.000E+00    varcontrol

             relative mass of radiative core still tiny          36    7.8132197323110830D-08
         37   5.753441   4170.039 -16.216416 -16.216416   2.000000   2.000000   0.718000   0.000707   0.268000  -8.409267    553      0
 2.6031E+00   5.753441   1.451716 -99.000000 -17.614284 -99.000000   0.000000   0.268000   0.006566   0.014000   0.044921      3
 3.0033E+03  -3.047890   2.338686 -99.000000 -99.000000  -7.877379   0.000000   0.002413   0.001460   0.014000  0.000E+00    varcontrol

             relative mass of radiative core still tiny          37    7.8132197767200040D-08
         38   5.772369   4194.170 -15.908396 -15.908396   2.000000   2.000000   0.718000   0.000707   0.268000  -8.344046    555      0
 2.6525E+00   5.772369   1.431913 -99.000000 -17.306264 -99.000000   0.000000   0.268000   0.006566   0.014000   0.044918      3
 3.4526E+03  -2.991193   2.309104 -99.000000 -99.000000  -7.861221   0.000000   0.002413   0.001460   0.014000  0.000E+00    varcontrol

             relative mass of radiative core still tiny          38    7.8132197989244645D-08
         39   5.791248   4214.337 -15.604857 -15.604857   2.000000   2.000000   0.718000   0.000707   0.268000  -8.278948    554      0
 2.7016E+00   5.791248   1.412189 -99.000000 -17.002725 -99.000000   0.000000   0.268000   0.006566   0.014000   0.044915      3
 3.9556E+03  -2.934624   2.277989 -99.000000 -99.000000  -7.844014   0.000000   0.002413   0.001460   0.014000  0.000E+00    varcontrol

             relative mass of radiative core still tiny          39    7.8132197323110830D-08

__________________________________________________________________________________________________________________________________________________

       step    lg_Tmax     Teff     lg_LH      lg_Lnuc_tot     Mass       H_rich     H_cntr     N_cntr     Y_surf   eta_cntr   zones  retry
  lg_dt_yrs    lg_Tcntr    lg_R     lg_L3a     lg_Lneu     lg_Mdot    He_core    He_cntr    O_cntr     Z_surf   gam_cntr   iters  
    age_yrs    lg_Dcntr    lg_L     lg_LZ      lg_Lphoto   lg_Dsurf   CO_core    C_cntr     Ne_cntr    Z_cntr   v_div_cs       dt_limit
__________________________________________________________________________________________________________________________________________________

         40   5.810137   4237.701 -15.304779 -15.304779   2.000000   2.000000   0.718000   0.000707   0.268000  -8.213775    560      0
 2.7508E+00   5.810137   1.392474 -99.000000 -16.702647 -99.000000   0.000000   0.268000   0.006566   0.014000   0.044914      3
 4.5190E+03  -2.878007   2.248163 -99.000000 -99.000000  -7.827655   0.000000   0.002413   0.001460   0.014000  0.000E+00    varcontrol

             relative mass of radiative core still tiny          40    7.8132196656977015D-08
         41   5.828998   4258.739 -15.008737 -15.008737   2.000000   2.000000   0.718000   0.000707   0.268000  -8.148674    560      0
 2.7999E+00   5.828998   1.372815 -99.000000 -16.406605 -99.000000   0.000000   0.268000   0.006566   0.014000   0.044912      3
 5.1497E+03  -2.821465   2.217449 -99.000000 -99.000000  -7.810724   0.000000   0.002413   0.001460   0.014000  0.000E+00    varcontrol

             relative mass of radiative core still tiny          41    7.8132197101066225D-08
         42   5.847858   4281.288 -14.716255 -14.716255   2.000000   2.000000   0.718000   0.000707   0.268000  -8.083560    574      0
 2.8489E+00   5.847858   1.353181 -99.000000 -16.114123 -99.000000   0.000000   0.268000   0.006566   0.014000   0.044911      3
 5.8559E+03  -2.764918   2.187353 -99.000000 -99.000000  -7.794170   0.000000   0.002413   0.001460   0.014000  0.000E+00    varcontrol

             relative mass of radiative core still tiny          42    7.8132197323110830D-08
         43   5.866684   4302.324 -14.427773 -14.427773   2.000000   2.000000   0.718000   0.000707   0.268000  -8.018547    569      0
 2.8977E+00   5.866684   1.333607 -99.000000 -15.825641 -99.000000   0.000000   0.268000   0.006566   0.014000   0.044910      3
 6.6460E+03  -2.708467   2.156720 -99.000000 -99.000000  -7.777247   0.000000   0.002413   0.001460   0.014000  0.000E+00    varcontrol

             relative mass of radiative core still tiny          43    7.8132197323110830D-08
         44   5.885484   4324.136 -14.143078 -14.143078   2.000000   2.000000   0.718000   0.000707   0.268000  -7.953598    575      0
 2.9463E+00   5.885484   1.314081 -99.000000 -15.540945 -99.000000   0.000000   0.268000   0.006566   0.014000   0.044910      3
 7.5297E+03  -2.652081   2.126453 -99.000000 -99.000000  -7.760502   0.000000   0.002413   0.001460   0.014000  0.000E+00    varcontrol

             relative mass of radiative core still tiny          44    7.8132197323110830D-08
         45   5.904258   4345.278 -13.862107 -13.862107   2.000000   2.000000   0.718000   0.000707   0.268000  -7.888710    573      0
 2.9951E+00   5.904258   1.294603 -99.000000 -15.259974 -99.000000   0.000000   0.268000   0.006566   0.014000   0.044910      3
 8.5185E+03  -2.595762   2.095970 -99.000000 -99.000000  -7.743565   0.000000   0.002413   0.001460   0.014000  0.000E+00    varcontrol

             relative mass of radiative core still tiny          45    7.8132197101066225D-08
         46   5.923020   4366.550 -13.584598 -13.584598   2.000000   2.000000   0.718000   0.000707   0.268000  -7.823833    580      0
 3.0441E+00   5.923020   1.275158 -99.000000 -14.982465 -99.000000   0.000000   0.268000   0.006566   0.014000   0.044910      3
 9.6254E+03  -2.539467   2.065564 -99.000000 -99.000000  -7.726597   0.000000   0.002413   0.001460   0.014000  0.000E+00    varcontrol

             relative mass of radiative core still tiny          46    7.8132197101066225D-08
         47   5.941754   4387.315 -13.310708 -13.310708   2.000000   2.000000   0.718000   0.000707   0.268000  -7.759015    578      0
 3.0929E+00   5.941754   1.255761 -99.000000 -14.708575 -99.000000   0.000000   0.268000   0.006566   0.014000   0.044911      3
 1.0864E+04  -2.483240   2.035011 -99.000000 -99.000000  -7.709456   0.000000   0.002413   0.001460   0.014000  0.000E+00    varcontrol

             relative mass of radiative core still tiny          47    7.8132196879021620D-08
         48   5.960465   4407.953 -13.040350 -13.040350   2.000000   2.000000   0.718000   0.000707   0.268000  -7.694253    587      0
 3.1417E+00   5.960465   1.236407 -99.000000 -14.438217 -99.000000   0.000000   0.268000   0.006566   0.014000   0.044912      3
 1.2250E+04  -2.427075   2.004457 -99.000000 -99.000000  -7.692213   0.000000   0.002413   0.001460   0.014000  0.000E+00    varcontrol

             relative mass of radiative core still tiny          48    7.8132196212887806D-08
         49   5.979181   4429.613 -12.773047 -12.773047   2.000000   2.000000   0.718000   0.000707   0.268000  -7.629452    585      0
 3.1908E+00   5.979181   1.217067 -99.000000 -14.170914 -99.000000   0.000000   0.268000   0.006566   0.014000   0.044913      3
 1.3801E+04  -2.370884   1.974291 -99.000000 -99.000000  -7.675049   0.000000   0.002413   0.001460   0.014000  0.000E+00    varcontrol

             relative mass of radiative core still tiny          49    7.8132196656977015D-08

__________________________________________________________________________________________________________________________________________________

       step    lg_Tmax     Teff     lg_LH      lg_Lnuc_tot     Mass       H_rich     H_cntr     N_cntr     Y_surf   eta_cntr   zones  retry
  lg_dt_yrs    lg_Tcntr    lg_R     lg_L3a     lg_Lneu     lg_Mdot    He_core    He_cntr    O_cntr     Z_surf   gam_cntr   iters  
    age_yrs    lg_Dcntr    lg_L     lg_LZ      lg_Lphoto   lg_Dsurf   CO_core    C_cntr     Ne_cntr    Z_cntr   v_div_cs       dt_limit
__________________________________________________________________________________________________________________________________________________

         50   5.997867   4449.259 -12.509283 -12.509283   2.000000   2.000000   0.718000   0.000707   0.268000  -7.564750    587      0
 3.2397E+00   5.997867   1.197779 -99.000000 -13.907151 -99.000000   0.000000   0.268000   0.006566   0.014000   0.044915      3
 1.5538E+04  -2.314783   1.943403 -99.000000 -99.000000  -7.657389   0.000000   0.002413   0.001460   0.014000  0.000E+00    varcontrol

             relative mass of radiative core still tiny          50    7.8132197101066225D-08
         51   6.016540   4469.789 -12.248774 -12.248774   2.000000   2.000000   0.718000   0.000707   0.268000  -7.500103    591      0
 3.2886E+00   6.016540   1.178526 -99.000000 -13.646642 -99.000000   0.000000   0.268000   0.006566   0.014000   0.044916      3
 1.7482E+04  -2.258725   1.912893 -99.000000 -99.000000  -7.639770   0.000000   0.002413   0.001460   0.014000  0.000E+00    varcontrol

             relative mass of radiative core still tiny          51    7.8132198211289250D-08
         52   6.035205   4489.918 -11.991414 -11.991414   2.000000   2.000000   0.718000   0.000707   0.268000  -7.435502    594      0
 3.3377E+00   6.035205   1.159302 -99.000000 -13.389281 -99.000000   0.000000   0.268000   0.006566   0.014000   0.044917      3
 1.9658E+04  -2.202700   1.882252 -99.000000 -99.000000  -7.621938   0.000000   0.002413   0.001460   0.014000  0.000E+00    varcontrol

             relative mass of radiative core still tiny          52    7.8132197989244645D-08
         53   6.053857   4510.337 -11.737180 -11.737180   2.000000   2.000000   0.718000   0.000707   0.268000  -7.370957    598      0
 3.3866E+00   6.053857   1.140110 -99.000000 -13.135047 -99.000000   0.000000   0.268000   0.006566   0.014000   0.044918      3
 2.2093E+04  -2.146715   1.851750 -99.000000 -99.000000  -7.604024   0.000000   0.002413   0.001460   0.014000  0.000E+00    varcontrol

             relative mass of radiative core still tiny          53    7.8132197989244645D-08
         54   6.072469   4529.361 -11.486427 -11.486427   2.000000   2.000000   0.718000   0.000707   0.268000  -7.306572    596      0
 3.4351E+00   6.072469   1.120981 -99.000000 -12.884293 -99.000000   0.000000   0.268000   0.006566   0.014000   0.044919      3
 2.4817E+04  -2.090862   1.820803 -99.000000 -99.000000  -7.585816   0.000000   0.002413   0.001460   0.014000  0.000E+00    varcontrol

             relative mass of radiative core still tiny          54    7.8132197545155435D-08
         55   6.091068   4549.864 -11.238694 -11.238694   2.000000   2.000000   0.718000   0.000707   0.268000  -7.242241    603      0
 3.4838E+00   6.091068   1.101882 -99.000000 -12.636560 -99.000000   0.000000   0.268000   0.006566   0.014000   0.044919      3
 2.7863E+04  -2.035050   1.790451 -99.000000 -99.000000  -7.567737   0.000000   0.002413   0.001460   0.014000  0.000E+00    varcontrol

             relative mass of radiative core still tiny          55    7.8132197545155435D-08
         56   6.109624   4567.923 -10.994339 -10.994339   2.000000   2.000000   0.718000   0.000707   0.268000  -7.178069    601      0
 3.5326E+00   6.109624   1.082845 -99.000000 -12.392205 -99.000000   0.000000   0.268000   0.006566   0.014000   0.044920      3
 3.1272E+04  -1.979371   1.759259 -99.000000 -99.000000  -7.549263   0.000000   0.002413   0.001460   0.014000  0.000E+00    varcontrol

             relative mass of radiative core still tiny          56    7.8132197101066225D-08
         57   6.128191   4588.489 -10.752598 -10.752598   2.000000   2.000000   0.718000   0.000707   0.268000  -7.113866    607      0
 3.5817E+00   6.128191   1.063812 -99.000000 -12.150465 -99.000000   0.000000   0.268000   0.006566   0.014000   0.044920      3
 3.5089E+04  -1.923662   1.728996 -99.000000 -99.000000  -7.531046   0.000000   0.002413   0.001460   0.014000  0.000E+00    varcontrol

             relative mass of radiative core still tiny          57    7.8132196879021620D-08
         58   6.146743   4607.397 -10.513771 -10.513771   2.000000   2.000000   0.718000   0.000707   0.268000  -7.049722    613      0
 3.6308E+00   6.146743   1.044811 -99.000000 -11.911637 -99.000000   0.000000   0.268000   0.006566   0.014000   0.044920      3
 3.9362E+04  -1.868000   1.698138 -99.000000 -99.000000  -7.512555   0.000000   0.002413   0.001460   0.014000  0.000E+00    varcontrol

             relative mass of radiative core still tiny          58    7.8132196656977015D-08
         59   6.165233   4624.470 -10.278412 -10.278412   2.000000   2.000000   0.718000   0.000707   0.268000  -6.985801    611      0
 3.6792E+00   6.165233   1.025889 -99.000000 -11.676278 -99.000000   0.000000   0.268000   0.006566   0.014000   0.044920      3
 4.4140E+04  -1.812527   1.666720 -99.000000 -99.000000  -7.493856   0.000000   0.002413   0.001460   0.014000  0.000E+00    varcontrol

             relative mass of radiative core still tiny          59    7.8132196656977015D-08

__________________________________________________________________________________________________________________________________________________

       step    lg_Tmax     Teff     lg_LH      lg_Lnuc_tot     Mass       H_rich     H_cntr     N_cntr     Y_surf   eta_cntr   zones  retry
  lg_dt_yrs    lg_Tcntr    lg_R     lg_L3a     lg_Lneu     lg_Mdot    He_core    He_cntr    O_cntr     Z_surf   gam_cntr   iters  
    age_yrs    lg_Dcntr    lg_L     lg_LZ      lg_Lphoto   lg_Dsurf   CO_core    C_cntr     Ne_cntr    Z_cntr   v_div_cs       dt_limit
__________________________________________________________________________________________________________________________________________________

         60   6.183719   4644.509 -10.045729 -10.045729   2.000000   2.000000   0.718000   0.000707   0.268000  -6.921903    614      0
 3.7279E+00   6.183719   1.006985 -99.000000 -11.443594 -99.000000   0.000000   0.268000   0.006566   0.014000   0.044920      3
 4.9485E+04  -1.757070   1.636424 -99.000000 -99.000000  -7.475500   0.000000   0.002413   0.001460   0.014000  0.000E+00    varcontrol

             relative mass of radiative core still tiny          60    7.8132195990843201D-08
         61   6.202175   4661.920  -9.816012  -9.816012   2.000000   2.000000   0.718000   0.000707   0.268000  -6.858121    615      0
 3.7769E+00   6.202175   0.988128 -99.000000 -11.213877 -99.000000   0.000000   0.268000   0.006566   0.014000   0.044920      3
 5.5468E+04  -1.701707   1.605209 -99.000000 -99.000000  -7.456837   0.000000   0.002413   0.001460   0.014000  0.000E+00    varcontrol

             relative mass of radiative core still tiny          61    7.8132196212887806D-08
         62   6.220618   4680.936  -9.589006  -9.589006   2.000000   2.000000   0.718000   0.000707   0.268000  -6.794397    622      0
 3.8257E+00   6.220618   0.969297 -99.000000 -10.986872 -99.000000   0.000000   0.268000   0.006566   0.014000   0.044920      3
 6.2161E+04  -1.646389   1.574619 -99.000000 -99.000000  -7.438376   0.000000   0.002413   0.001460   0.014000  0.000E+00    varcontrol

             relative mass of radiative core still tiny          62    7.8132195990843201D-08
         63   6.239022   4697.360  -9.364985  -9.364985   2.000000   2.000000   0.718000   0.000707   0.268000  -6.730820    616      0
 3.8746E+00   6.239022   0.950521 -99.000000 -10.762850 -99.000000   0.000000   0.268000   0.006566   0.014000   0.044919      3
 6.9653E+04  -1.591193   1.543151 -99.000000 -99.000000  -7.419664   0.000000   0.002413   0.001460   0.014000  0.000E+00    varcontrol

             relative mass of radiative core still tiny          63    7.8132196434932411D-08
         64   6.257424   4715.545  -9.143435  -9.143435   2.000000   2.000000   0.718000   0.000707   0.268000  -6.667258    623      0
 3.9238E+00   6.257424   0.931758 -99.000000 -10.541300 -99.000000   0.000000   0.268000   0.006566   0.014000   0.044918      3
 7.8045E+04  -1.536004   1.512338 -99.000000 -99.000000  -7.401182   0.000000   0.002413   0.001460   0.014000  0.000E+00    varcontrol

             relative mass of radiative core still tiny          64    7.8132196434932411D-08
         65   6.275775   4731.001  -8.924921  -8.924921   2.000000   2.000000   0.718000   0.000707   0.268000  -6.603884    622      0
 3.9727E+00   6.275775   0.913061 -99.000000 -10.322785 -99.000000   0.000000   0.268000   0.006566   0.014000   0.044918      3
 8.7435E+04  -1.480972   1.480628 -99.000000 -99.000000  -7.382476   0.000000   0.002413   0.001460   0.014000  0.000E+00    varcontrol

             relative mass of radiative core still tiny          65    7.8132196656977015D-08
         66   6.294107   4749.082  -8.709020  -8.709020   2.000000   2.000000   0.718000   0.000707   0.268000  -6.540587    628      0
 4.0213E+00   6.294107   0.894395 -99.000000 -10.106883 -99.000000   0.000000   0.268000   0.006566   0.014000   0.044917      3
 9.7937E+04  -1.426003   1.449922 -99.000000 -99.000000  -7.364146   0.000000   0.002413   0.001460   0.014000  0.000E+00    varcontrol

             relative mass of radiative core still tiny          66    7.8132196434932411D-08
         67   6.312402   4765.307  -8.495861  -8.495861   2.000000   2.000000   0.718000   0.000707   0.268000  -6.477416    629      0
 4.0701E+00   6.312402   0.875776 -99.000000  -9.893724 -99.000000   0.000000   0.268000   0.006566   0.014000   0.044916      3
 1.0969E+05  -1.371141   1.418610 -99.000000 -99.000000  -7.345695   0.000000   0.002413   0.001460   0.014000  0.000E+00    varcontrol

             relative mass of radiative core still tiny          67    7.8132196434932411D-08
         68   6.330671   4781.507  -8.285303  -8.285303   2.000000   2.000000   0.718000   0.000707   0.268000  -6.414339    631      0
 4.1190E+00   6.330671   0.857195 -99.000000  -9.683165 -99.000000   0.000000   0.268000   0.006566   0.014000   0.044915      3
 1.2284E+05  -1.316360   1.387344 -99.000000 -99.000000  -7.327333   0.000000   0.002413   0.001460   0.014000  0.000E+00    varcontrol

             relative mass of radiative core still tiny          68    7.8132196212887806D-08
         69   6.348911   4796.812  -8.077331  -8.077331   2.000000   2.000000   0.718000   0.000707   0.268000  -6.351362    639      0
 4.1681E+00   6.348911   0.838654 -99.000000  -9.475193 -99.000000   0.000000   0.268000   0.006566   0.014000   0.044914      3
 1.3757E+05  -1.261667   1.355813 -99.000000 -99.000000  -7.308962   0.000000   0.002413   0.001460   0.014000  0.000E+00    varcontrol

             relative mass of radiative core still tiny          69    7.8132196434932411D-08

__________________________________________________________________________________________________________________________________________________

       step    lg_Tmax     Teff     lg_LH      lg_Lnuc_tot     Mass       H_rich     H_cntr     N_cntr     Y_surf   eta_cntr   zones  retry
  lg_dt_yrs    lg_Tcntr    lg_R     lg_L3a     lg_Lneu     lg_Mdot    He_core    He_cntr    O_cntr     Z_surf   gam_cntr   iters  
    age_yrs    lg_Dcntr    lg_L     lg_LZ      lg_Lphoto   lg_Dsurf   CO_core    C_cntr     Ne_cntr    Z_cntr   v_div_cs       dt_limit
__________________________________________________________________________________________________________________________________________________

         70   6.367113   4811.202  -7.871990  -7.871990   2.000000   2.000000   0.718000   0.000707   0.268000  -6.288509    642      0
 4.2173E+00   6.367113   0.820160 -99.000000  -9.269851 -99.000000   0.000000   0.268000   0.006566   0.014000   0.044913      3
 1.5406E+05  -1.207083   1.324029 -23.781370 -99.000000  -7.290586   0.000000   0.002413   0.001460   0.014000  0.000E+00    varcontrol

             relative mass of radiative core still tiny          70    7.8132196656977015D-08
         71   6.385301   4827.043  -7.668975  -7.668975   2.000000   2.000000   0.718000   0.000707   0.268000  -6.225697    640      0
 4.2664E+00   6.385301   0.801689 -99.000000  -9.066835 -99.000000   0.000000   0.268000   0.006566   0.014000   0.044913      3
 1.7253E+05  -1.152539   1.292796 -99.000000 -99.000000  -7.272475   0.000000   0.002413   0.001460   0.014000  0.000E+00    varcontrol

             relative mass of radiative core still tiny          71    7.8132196434932411D-08
         72   6.403459   4841.369  -7.468419  -7.468419   2.000000   2.000000   0.718000   0.000707   0.268000  -6.162976    642      0
 4.3157E+00   6.403459   0.783255 -99.000000  -8.866279 -99.000000   0.000000   0.268000   0.006566   0.014000   0.044912      3
 1.9322E+05  -1.098078   1.261077 -99.000000 -99.000000  -7.254274   0.000000   0.002413   0.001460   0.014000  0.000E+00    varcontrol

             relative mass of radiative core still tiny          72    7.8132196434932411D-08
         73   6.421576   4854.829  -7.270427  -7.270427   2.000000   2.000000   0.718000   0.000707   0.268000  -6.100392    643      0
 4.3648E+00   6.421576   0.764872 -99.000000  -8.668286 -99.000000   0.000000   0.268000   0.006566   0.014000   0.044912      3
 2.1638E+05  -1.043741   1.229134 -23.179310 -99.000000  -7.236073   0.000000   0.002413   0.001460   0.014000  0.000E+00    varcontrol

             relative mass of radiative core still tiny          73    7.8132196212887806D-08
         74   6.439677   4869.582  -7.074661  -7.074661   2.000000   2.000000   0.718000   0.000707   0.268000  -6.037853    653      0
 4.4140E+00   6.439677   0.746512 -99.000000  -8.472519 -99.000000   0.000000   0.268000   0.006566   0.014000   0.044912      3
 2.4232E+05  -0.989446   1.197685 -22.577250 -99.000000  -7.218125   0.000000   0.002413   0.001460   0.014000  0.000E+00    varcontrol

             relative mass of radiative core still tiny          74    7.8132196212887806D-08
         75   6.457675   4882.467  -6.881299  -6.881299   2.000000   2.000000   0.718000   0.000707   0.268000  -5.975015    654      0
 4.4634E+00   6.457675   0.728195 -99.000000  -8.279155 -99.000000   0.000000   0.268000   0.006566   0.014000   0.044921      3
 2.7139E+05  -0.935177   1.165641 -99.000000 -99.000000  -7.200026   0.000000   0.002413   0.001460   0.014000  0.000E+00    varcontrol

             relative mass of radiative core still tiny          75    7.8132196212887806D-08
         76   6.474945   4894.873  -6.690534  -6.690534   2.000000   2.000000   0.718000   0.000707   0.268000  -5.908044    659      0
 4.5126E+00   6.474945   0.709932 -99.000000  -8.088389 -99.000000   0.000000   0.268000   0.006566   0.014000   0.045030      3
 3.0394E+05  -0.880207   1.133524 -99.000000 -99.000000  -7.181967   0.000000   0.002413   0.001460   0.014000  0.000E+00    varcontrol

                 finished relax to begin radiative core          76    2.0812779423382724D-03

 finished doing relax_to_radiative_core

 read my_history_columns.list
 read my_profile_columns.list
                                 set_initial_dt (years)    1.0000000000000000D+00
                             set_initial_number_retries           0
 net name basic.net
 kap_option gs98
 kap_CO_option gs98_co
 kap_lowT_option lowT_fa05_gs98
                                        OMP_NUM_THREADS          16


__________________________________________________________________________________________________________________________________________________

       step    lg_Tmax     Teff     lg_LH      lg_Lnuc_tot     Mass       H_rich     H_cntr     N_cntr     Y_surf   eta_cntr   zones  retry
  lg_dt_yrs    lg_Tcntr    lg_R     lg_L3a     lg_Lneu     lg_Mdot    He_core    He_cntr    O_cntr     Z_surf   gam_cntr   iters  
    age_yrs    lg_Dcntr    lg_L     lg_LZ      lg_Lphoto   lg_Dsurf   CO_core    C_cntr     Ne_cntr    Z_cntr   v_div_cs       dt_limit
__________________________________________________________________________________________________________________________________________________

          1   6.474945   4894.870  -6.690528  -6.690528   2.000000   2.000000   0.718000   0.000707   0.268000  -5.908042    659      0
 0.0000E+00   6.474945   0.709932 -99.000000  -8.088383 -12.336803   0.000000   0.268000   0.006566   0.014000   0.045030      2
 1.0000E+00  -0.880205   1.133522 -22.276220 -99.000000  -7.181974   0.000000   0.002413   0.001460   0.014000  0.000E+00    varcontrol

save LOGS/profile1.data for model 1
          2   6.474946   4894.676  -6.690521  -6.690521   2.000000   2.000000   0.718000   0.000707   0.268000  -5.908040    653      0
 7.9181E-02   6.474946   0.709931 -99.000000  -8.088376 -12.336806   0.000000   0.268000   0.006566   0.014000   0.045030      2
 2.2000E+00  -0.880203   1.133452 -99.000000 -99.000000  -7.181946   0.000000   0.002413   0.001460   0.014000  0.000E+00  max increase

          3   6.474947   4894.676  -6.690512  -6.690512   2.000000   2.000000   0.718000   0.000707   0.268000  -5.908037    653      0
 1.5836E-01   6.474947   0.709930 -99.000000  -8.088368 -12.336901   0.000000   0.268000   0.006566   0.014000   0.045030      2
 3.6400E+00  -0.880201   1.133450 -99.000000 -99.000000  -7.181945   0.000000   0.002413   0.001460   0.014000  0.000E+00  max increase

          4   6.474948   4894.677  -6.690502  -6.690502   2.000000   2.000000   0.718000   0.000707   0.268000  -5.908033    653      0
 2.3754E-01   6.474948   0.709929 -99.000000  -8.088358 -12.336904   0.000000   0.268000   0.006566   0.014000   0.045030      2
 5.3680E+00  -0.880198   1.133448 -99.000000 -99.000000  -7.181944   0.000000   0.002413   0.001460   0.014000  0.000E+00  max increase

          5   6.474949   4894.678  -6.690490  -6.690490   2.000000   2.000000   0.718000   0.000707   0.268000  -5.908029    654      0
 3.1672E-01   6.474949   0.709928 -99.000000  -8.088345 -12.336907   0.000000   0.268000   0.006566   0.014000   0.045030      2
 7.4416E+00  -0.880194   1.133446 -99.000000 -99.000000  -7.181943   0.000000   0.002413   0.001460   0.014000  0.000E+00  max increase

          6   6.474950   4894.679  -6.690476  -6.690476   2.000000   2.000000   0.718000   0.000707   0.268000  -5.908024    654      0
 3.9591E-01   6.474950   0.709927 -99.000000  -8.088331 -12.336911   0.000000   0.268000   0.006566   0.014000   0.045030      2
 9.9299E+00  -0.880190   1.133444 -21.975190 -99.000000  -7.181942   0.000000   0.002413   0.001460   0.014000  0.000E+00  max increase

          7   6.474952   4894.680  -6.690458  -6.690458   2.000000   2.000000   0.718000   0.000707   0.268000  -5.908018    654      0
 4.7509E-01   6.474952   0.709925 -99.000000  -8.088314 -12.336915   0.000000   0.268000   0.006566   0.014000   0.045030      2
 1.2916E+01  -0.880185   1.133441 -99.000000 -99.000000  -7.181940   0.000000   0.002413   0.001460   0.014000  0.000E+00  max increase

          8   6.474953   4894.681  -6.690437  -6.690437   2.000000   2.000000   0.718000   0.000707   0.268000  -5.908010    654      0
 5.5427E-01   6.474953   0.709923 -99.000000  -8.088293 -12.336921   0.000000   0.268000   0.006566   0.014000   0.045030      2
 1.6499E+01  -0.880179   1.133437 -21.878280 -99.000000  -7.181938   0.000000   0.002413   0.001460   0.014000  0.000E+00  max increase

          9   6.474956   4894.683  -6.690412  -6.690412   2.000000   2.000000   0.718000   0.000707   0.268000  -5.908001    654      0
 6.3345E-01   6.474956   0.709921 -99.000000  -8.088268 -12.336927   0.000000   0.268000   0.006566   0.014000   0.045030      2
 2.0799E+01  -0.880172   1.133433 -99.000000 -99.000000  -7.181936   0.000000   0.002413   0.001460   0.014000  0.000E+00  max increase


__________________________________________________________________________________________________________________________________________________

       step    lg_Tmax     Teff     lg_LH      lg_Lnuc_tot     Mass       H_rich     H_cntr     N_cntr     Y_surf   eta_cntr   zones  retry
  lg_dt_yrs    lg_Tcntr    lg_R     lg_L3a     lg_Lneu     lg_Mdot    He_core    He_cntr    O_cntr     Z_surf   gam_cntr   iters  
    age_yrs    lg_Dcntr    lg_L     lg_LZ      lg_Lphoto   lg_Dsurf   CO_core    C_cntr     Ne_cntr    Z_cntr   v_div_cs       dt_limit
__________________________________________________________________________________________________________________________________________________

         10   6.474958   4894.685  -6.690382  -6.690382   2.000000   2.000000   0.718000   0.000707   0.268000  -5.907991    654      0
 7.1263E-01   6.474958   0.709918 -99.000000  -8.088237 -12.336935   0.000000   0.268000   0.006566   0.014000   0.045030      2
 2.5959E+01  -0.880163   1.133428 -99.000000 -99.000000  -7.181933   0.000000   0.002413   0.001460   0.014000  0.000E+00  max increase

         11   6.474962   4894.687  -6.690346  -6.690346   2.000000   2.000000   0.718000   0.000707   0.268000  -5.907978    654      0
 7.9181E-01   6.474962   0.709914 -99.000000  -8.088201 -12.336944   0.000000   0.268000   0.006566   0.014000   0.045030      2
 3.2150E+01  -0.880152   1.133422 -99.000000 -99.000000  -7.181929   0.000000   0.002413   0.001460   0.014000  0.000E+00  max increase

         12   6.474966   4894.689  -6.690303  -6.690303   2.000000   2.000000   0.718000   0.000707   0.268000  -5.907963    654      0
 8.7099E-01   6.474966   0.709910 -99.000000  -8.088158 -12.336956   0.000000   0.268000   0.006566   0.014000   0.045030      2
 3.9581E+01  -0.880140   1.133415 -21.878280 -99.000000  -7.181925   0.000000   0.002413   0.001460   0.014000  0.000E+00  max increase

         13   6.474970   4894.693  -6.690251  -6.690251   2.000000   2.000000   0.718000   0.000707   0.268000  -5.907944    654      0
 9.5017E-01   6.474970   0.709905 -99.000000  -8.088106 -12.336969   0.000000   0.268000   0.006566   0.014000   0.045030      2
 4.8497E+01  -0.880125   1.133406 -22.577250 -99.000000  -7.181920   0.000000   0.002413   0.001460   0.014000  0.000E+00  max increase

         14   6.474976   4894.696  -6.690189  -6.690189   2.000000   2.000000   0.718000   0.000707   0.268000  -5.907922    654      0
 1.0294E+00   6.474976   0.709899 -99.000000  -8.088044 -12.336985   0.000000   0.268000   0.006566   0.014000   0.045030      2
 5.9196E+01  -0.880107   1.133395 -22.577250 -99.000000  -7.181914   0.000000   0.002413   0.001460   0.014000  0.000E+00  max increase

         15   6.474983   4894.701  -6.690114  -6.690114   2.000000   2.000000   0.718000   0.000707   0.268000  -5.907896    654      0
 1.1085E+00   6.474983   0.709892 -99.000000  -8.087969 -12.337005   0.000000   0.268000   0.006566   0.014000   0.045030      2
 7.2035E+01  -0.880085   1.133382 -22.577250 -99.000000  -7.181907   0.000000   0.002413   0.001460   0.014000  0.000E+00  max increase

         16   6.474991   4894.707  -6.690024  -6.690024   2.000000   2.000000   0.718000   0.000707   0.268000  -5.907864    654      0
 1.1877E+00   6.474991   0.709883 -99.000000  -8.087879 -12.337028   0.000000   0.268000   0.006566   0.014000   0.045030      2
 8.7442E+01  -0.880059   1.133367 -22.276220 -99.000000  -7.181899   0.000000   0.002413   0.001460   0.014000  0.000E+00  max increase

         17   6.475001   4894.713  -6.689916  -6.689916   2.000000   2.000000   0.718000   0.000707   0.268000  -5.907826    654      0
 1.2669E+00   6.475001   0.709873 -99.000000  -8.087771 -12.337056   0.000000   0.268000   0.006566   0.014000   0.045031      2
 1.0593E+02  -0.880028   1.133349 -22.276220 -99.000000  -7.181888   0.000000   0.002413   0.001460   0.014000  0.000E+00  max increase

         18   6.475013   4894.721  -6.689787  -6.689787   2.000000   2.000000   0.718000   0.000707   0.268000  -5.907781    654      0
 1.3461E+00   6.475013   0.709860 -99.000000  -8.087642 -12.337089   0.000000   0.268000   0.006566   0.014000   0.045031      2
 1.2812E+02  -0.879990   1.133326 -22.100128 -99.000000  -7.181876   0.000000   0.002413   0.001460   0.014000  0.000E+00  max increase

         19   6.475027   4894.731  -6.689632  -6.689632   2.000000   2.000000   0.718000   0.000707   0.268000  -5.907726    654      0
 1.4253E+00   6.475027   0.709846 -99.000000  -8.087487 -12.337129   0.000000   0.268000   0.006566   0.014000   0.045031      2
 1.5474E+02  -0.879946   1.133300 -99.000000 -99.000000  -7.181861   0.000000   0.002413   0.001460   0.014000  0.000E+00  max increase


__________________________________________________________________________________________________________________________________________________

       step    lg_Tmax     Teff     lg_LH      lg_Lnuc_tot     Mass       H_rich     H_cntr     N_cntr     Y_surf   eta_cntr   zones  retry
  lg_dt_yrs    lg_Tcntr    lg_R     lg_L3a     lg_Lneu     lg_Mdot    He_core    He_cntr    O_cntr     Z_surf   gam_cntr   iters  
    age_yrs    lg_Dcntr    lg_L     lg_LZ      lg_Lphoto   lg_Dsurf   CO_core    C_cntr     Ne_cntr    Z_cntr   v_div_cs       dt_limit
__________________________________________________________________________________________________________________________________________________

         20   6.475044   4894.742  -6.689446  -6.689446   2.000000   2.000000   0.718000   0.000707   0.268000  -5.907660    654      0
 1.5044E+00   6.475044   0.709828 -99.000000  -8.087301 -12.337178   0.000000   0.268000   0.006566   0.014000   0.045031      2
 1.8669E+02  -0.879892   1.133268 -22.100128 -99.000000  -7.181843   0.000000   0.002413   0.001460   0.014000  0.000E+00  max increase

         21   6.475064   4894.756  -6.689222  -6.689222   2.000000   2.000000   0.718000   0.000707   0.268000  -5.907581    654      0
 1.5836E+00   6.475064   0.709806 -99.000000  -8.087078 -12.337236   0.000000   0.268000   0.006566   0.014000   0.045031      2
 2.2503E+02  -0.879827   1.133230 -99.000000 -99.000000  -7.181822   0.000000   0.002413   0.001460   0.014000  0.000E+00  max increase

         22   6.475088   4894.772  -6.688955  -6.688955   2.000000   2.000000   0.718000   0.000707   0.268000  -5.907487    654      0
 1.6628E+00   6.475088   0.709780 -99.000000  -8.086810 -12.337305   0.000000   0.268000   0.006566   0.014000   0.045031      2
 2.7103E+02  -0.879749   1.133184 -22.577250 -99.000000  -7.181796   0.000000   0.002413   0.001460   0.014000  0.000E+00  max increase

         23   6.475118   4894.792  -6.688633  -6.688633   2.000000   2.000000   0.718000   0.000707   0.268000  -5.907373    651      0
 1.7420E+00   6.475118   0.709749 -99.000000  -8.086488 -12.337388   0.000000   0.268000   0.006566   0.014000   0.045031      2
 3.2624E+02  -0.879656   1.133130 -21.975190 -99.000000  -7.181766   0.000000   0.002413   0.001460   0.014000  0.000E+00  max increase

         24   6.475153   4894.816  -6.688248  -6.688248   2.000000   2.000000   0.718000   0.000707   0.268000  -5.907237    650      0
 1.8212E+00   6.475153   0.709712 -99.000000  -8.086103 -12.337488   0.000000   0.268000   0.006566   0.014000   0.045031      2
 3.9248E+02  -0.879544   1.133064 -99.000000 -99.000000  -7.181729   0.000000   0.002413   0.001460   0.014000  0.000E+00  max increase

         25   6.475195   4894.844  -6.687785  -6.687785   2.000000   2.000000   0.718000   0.000707   0.268000  -5.907074    650      0
 1.9003E+00   6.475195   0.709668 -99.000000  -8.085640 -12.337608   0.000000   0.268000   0.006566   0.014000   0.045032      2
 4.7198E+02  -0.879410   1.132985 -22.577250 -99.000000  -7.181685   0.000000   0.002413   0.001460   0.014000  0.000E+00  max increase

         26   6.475245   4894.878  -6.687230  -6.687230   2.000000   2.000000   0.718000   0.000707   0.268000  -5.906877    650      0
 1.9795E+00   6.475245   0.709614 -99.000000  -8.085085 -12.337752   0.000000   0.268000   0.006566   0.014000   0.045032      2
 5.6738E+02  -0.879250   1.132890 -22.577250 -99.000000  -7.181632   0.000000   0.002413   0.001460   0.014000  0.000E+00  max increase

         27   6.475306   4894.919  -6.686565  -6.686565   2.000000   2.000000   0.718000   0.000707   0.268000  -5.906642    651      0
 2.0587E+00   6.475306   0.709550 -99.000000  -8.084420 -12.337925   0.000000   0.268000   0.006566   0.014000   0.045032      2
 6.8185E+02  -0.879057   1.132777 -99.000000 -99.000000  -7.181568   0.000000   0.002413   0.001460   0.014000  0.000E+00  max increase

         28   6.475378   4894.968  -6.685766  -6.685766   2.000000   2.000000   0.718000   0.000707   0.268000  -5.906360    650      0
 2.1379E+00   6.475378   0.709474 -99.000000  -8.083621 -12.338132   0.000000   0.268000   0.006566   0.014000   0.045033      2
 8.1922E+02  -0.878825   1.132640 -99.000000 -99.000000  -7.181492   0.000000   0.002413   0.001460   0.014000  0.000E+00  max increase

         29   6.475465   4895.027  -6.684809  -6.684809   2.000000   2.000000   0.718000   0.000707   0.268000  -5.906021    650      0
 2.2171E+00   6.475465   0.709381 -99.000000  -8.082664 -12.338380   0.000000   0.268000   0.006566   0.014000   0.045034      2
 9.8407E+02  -0.878548   1.132477 -22.100128 -99.000000  -7.181400   0.000000   0.002413   0.001460   0.014000  0.000E+00  max increase


__________________________________________________________________________________________________________________________________________________

       step    lg_Tmax     Teff     lg_LH      lg_Lnuc_tot     Mass       H_rich     H_cntr     N_cntr     Y_surf   eta_cntr   zones  retry
  lg_dt_yrs    lg_Tcntr    lg_R     lg_L3a     lg_Lneu     lg_Mdot    He_core    He_cntr    O_cntr     Z_surf   gam_cntr   iters  
    age_yrs    lg_Dcntr    lg_L     lg_LZ      lg_Lphoto   lg_Dsurf   CO_core    C_cntr     Ne_cntr    Z_cntr   v_div_cs       dt_limit
__________________________________________________________________________________________________________________________________________________

         30   6.475570   4895.098  -6.683661  -6.683661   2.000000   2.000000   0.718000   0.000707   0.268000  -5.905615    650      0
 2.2963E+00   6.475570   0.709271 -99.000000  -8.081516 -12.338678   0.000000   0.268000   0.006566   0.014000   0.045034      2
 1.1819E+03  -0.878215   1.132281 -99.000000 -99.000000  -7.181290   0.000000   0.002413   0.001460   0.014000  0.000E+00  max increase

         31   6.475695   4895.419  -6.682284  -6.682284   2.000000   2.000000   0.718000   0.000707   0.268000  -5.905128    651      0
 2.3754E+00   6.475695   0.709138 -99.000000  -8.080140 -12.339035   0.000000   0.268000   0.006566   0.014000   0.045035      2
 1.4193E+03  -0.877816   1.132130 -21.975190 -99.000000  -7.181192   0.000000   0.002413   0.001460   0.014000  0.000E+00  max increase

         32   6.475845   4895.522  -6.680634  -6.680634   2.000000   2.000000   0.718000   0.000707   0.268000  -5.904544    651      0
 2.4546E+00   6.475845   0.708980 -99.000000  -8.078489 -12.339350   0.000000   0.268000   0.006566   0.014000   0.045036      2
 1.7041E+03  -0.877337   1.131849 -99.000000 -99.000000  -7.181035   0.000000   0.002413   0.001460   0.014000  0.000E+00  max increase

         33   6.476025   4895.646  -6.678657  -6.678657   2.000000   2.000000   0.718000   0.000707   0.268000  -5.903843    651      0
 2.5338E+00   6.476025   0.708789 -99.000000  -8.076512 -12.339862   0.000000   0.268000   0.006566   0.014000   0.045037      2
 2.0459E+03  -0.876764   1.131512 -99.000000 -99.000000  -7.180846   0.000000   0.002413   0.001460   0.014000  0.000E+00  max increase

         34   6.476240   4895.793  -6.676288  -6.676288   2.000000   2.000000   0.718000   0.000707   0.268000  -5.903003    651      0
 2.6130E+00   6.476240   0.708561 -99.000000  -8.074143 -12.340477   0.000000   0.268000   0.006566   0.014000   0.045039      2
 2.4561E+03  -0.876076   1.131108 -22.577250 -99.000000  -7.180619   0.000000   0.002413   0.001460   0.014000  0.000E+00  max increase

         35   6.476498   4895.970  -6.673450  -6.673450   2.000000   2.000000   0.718000   0.000707   0.268000  -5.901996    651      0
 2.6922E+00   6.476498   0.708288 -99.000000  -8.071305 -12.341213   0.000000   0.268000   0.006566   0.014000   0.045040      2
 2.9483E+03  -0.875252   1.130624 -22.577250 -99.000000  -7.180348   0.000000   0.002413   0.001460   0.014000  0.000E+00  max increase

         36   6.476807   4896.182  -6.670052  -6.670052   2.000000   2.000000   0.718000   0.000707   0.268000  -5.900788    651      0
 2.7713E+00   6.476807   0.707961 -99.000000  -8.067907 -12.342095   0.000000   0.268000   0.006566   0.014000   0.045042      2
 3.5390E+03  -0.874265   1.130045 -99.000000 -99.000000  -7.180024   0.000000   0.002413   0.001460   0.014000  0.000E+00  max increase

         37   6.477176   4896.436  -6.665985  -6.665985   2.000000   2.000000   0.718000   0.000707   0.268000  -5.899341    651      0
 2.8505E+00   6.477176   0.707569 -99.000000  -8.063840 -12.343152   0.000000   0.268000   0.006566   0.014000   0.045045      2
 4.2478E+03  -0.873083   1.129352 -22.577250 -99.000000  -7.179635   0.000000   0.002413   0.001460   0.014000  0.000E+00  max increase

         38   6.477617   4896.740  -6.661120  -6.661120   2.000000   2.000000   0.718000   0.000707   0.268000  -5.897608    651      0
 2.9297E+00   6.477617   0.707100 -99.000000  -8.058975 -12.344416   0.000000   0.268000   0.006566   0.014000   0.045048      2
 5.0984E+03  -0.871669   1.128522 -99.000000 -99.000000  -7.179170   0.000000   0.002413   0.001460   0.014000  0.000E+00  max increase

         39   6.478145   4897.103  -6.655306  -6.655306   2.000000   2.000000   0.718000   0.000707   0.268000  -5.895531    651      0
 3.0089E+00   6.478145   0.706539 -99.000000  -8.053161 -12.345929   0.000000   0.268000   0.006566   0.014000   0.045052      2
 6.1190E+03  -0.869976   1.127529 -99.000000 -99.000000  -7.178614   0.000000   0.002413   0.001460   0.014000  0.000E+00  max increase


__________________________________________________________________________________________________________________________________________________

       step    lg_Tmax     Teff     lg_LH      lg_Lnuc_tot     Mass       H_rich     H_cntr     N_cntr     Y_surf   eta_cntr   zones  retry
  lg_dt_yrs    lg_Tcntr    lg_R     lg_L3a     lg_Lneu     lg_Mdot    He_core    He_cntr    O_cntr     Z_surf   gam_cntr   iters  
    age_yrs    lg_Dcntr    lg_L     lg_LZ      lg_Lphoto   lg_Dsurf   CO_core    C_cntr     Ne_cntr    Z_cntr   v_div_cs       dt_limit
__________________________________________________________________________________________________________________________________________________

         40   6.478774   4897.536  -6.648360  -6.648360   2.000000   2.000000   0.718000   0.000707   0.268000  -5.893045    651      0
 3.0881E+00   6.478774   0.705870 -99.000000  -8.046215 -12.347739   0.000000   0.268000   0.006566   0.014000   0.045057      2
 7.3439E+03  -0.867953   1.126344 -22.577250 -99.000000  -7.177950   0.000000   0.002413   0.001460   0.014000  0.000E+00  max increase

         41   6.479526   4898.053  -6.640071  -6.640071   2.000000   2.000000   0.718000   0.000707   0.268000  -5.890070    651      0
 3.1672E+00   6.479526   0.705070 -99.000000  -8.037926 -12.349901   0.000000   0.268000   0.006566   0.014000   0.045062      2
 8.8136E+03  -0.865535   1.124927 -21.878280 -99.000000  -7.177157   0.000000   0.002413   0.001460   0.014000  0.000E+00  max increase

         42   6.480420   4898.669  -6.630189  -6.630189   2.000000   2.000000   0.718000   0.000707   0.268000  -5.886510    651      0
 3.2464E+00   6.480420   0.704116 -99.000000  -8.028044 -12.352483   0.000000   0.268000   0.006566   0.014000   0.045069      2
 1.0577E+04  -0.862648   1.123238 -22.100128 -99.000000  -7.176211   0.000000   0.002413   0.001460   0.014000  0.000E+00  max increase

         43   6.481484   4899.400  -6.618422  -6.618422   2.000000   2.000000   0.718000   0.000707   0.268000  -5.882255    651      0
 3.3256E+00   6.481484   0.702979 -99.000000  -8.016277 -12.355563   0.000000   0.268000   0.006566   0.014000   0.045078      2
 1.2694E+04  -0.859205   1.121224 -99.000000 -99.000000  -7.175083   0.000000   0.002413   0.001460   0.014000  0.000E+00  max increase

         44   6.482748   4900.266  -6.604432  -6.604432   2.000000   2.000000   0.718000   0.000707   0.268000  -5.877169    651      0
 3.4048E+00   6.482748   0.701627 -99.000000  -8.002287 -12.359235   0.000000   0.268000   0.006566   0.014000   0.045089      3
 1.5234E+04  -0.855103   1.118825 -22.276220 -99.000000  -7.173741   0.000000   0.002413   0.001460   0.014000  0.000E+00  max increase

         45   6.484244   4901.286  -6.587830  -6.587830   2.000000   2.000000   0.718000   0.000707   0.268000  -5.871096    651      0
 3.4840E+00   6.484244   0.700020 -99.000000  -7.985684 -12.363606   0.000000   0.268000   0.006566   0.014000   0.045102      3
 1.8281E+04  -0.850223   1.115973 -99.000000 -99.000000  -7.172146   0.000000   0.002413   0.001460   0.014000  0.000E+00  max increase

         46   6.486014   4903.144  -6.568155  -6.568155   2.000000   2.000000   0.718000   0.000707   0.268000  -5.863850    653      0
 3.5632E+00   6.486014   0.698114 -99.000000  -7.966009 -12.368803   0.000000   0.268000   0.006566   0.014000   0.045119      3
 2.1939E+04  -0.844423   1.112819 -22.276220 -99.000000  -7.170347   0.000000   0.002413   0.001460   0.014000  0.000E+00  max increase

         47   6.488100   4904.522  -6.544909  -6.544909   2.000000   2.000000   0.718000   0.000707   0.268000  -5.855211    655      0
 3.6423E+00   6.488100   0.695858 -99.000000  -7.942764 -12.374658   0.000000   0.268000   0.006566   0.014000   0.045141      3
 2.6327E+04  -0.837545   1.108797 -22.276220 -99.000000  -7.168101   0.000000   0.002413   0.001460   0.014000  0.000E+00  max increase

         48   6.490549   4906.205  -6.517523  -6.517523   2.000000   2.000000   0.718000   0.000707   0.268000  -5.844925    654      0
 3.7215E+00   6.490549   0.693197 -99.000000  -7.915377 -12.381978   0.000000   0.268000   0.006566   0.014000   0.045168      3
 3.1594E+04  -0.829407   1.104071 -21.975190 -99.000000  -7.165461   0.000000   0.002413   0.001460   0.014000  0.000E+00  max increase

         49   6.493416   4908.559  -6.485354  -6.485354   2.000000   2.000000   0.718000   0.000707   0.268000  -5.832695    655      0
 3.8007E+00   6.493416   0.690066 -99.000000  -7.883207 -12.390588   0.000000   0.268000   0.006566   0.014000   0.045203      4
 3.7913E+04  -0.819799   1.098641 -22.276220 -99.000000  -7.162408   0.000000   0.002413   0.001460   0.014000  0.000E+00  max increase


__________________________________________________________________________________________________________________________________________________

       step    lg_Tmax     Teff     lg_LH      lg_Lnuc_tot     Mass       H_rich     H_cntr     N_cntr     Y_surf   eta_cntr   zones  retry
  lg_dt_yrs    lg_Tcntr    lg_R     lg_L3a     lg_Lneu     lg_Mdot    He_core    He_cntr    O_cntr     Z_surf   gam_cntr   iters  
    age_yrs    lg_Dcntr    lg_L     lg_LZ      lg_Lphoto   lg_Dsurf   CO_core    C_cntr     Ne_cntr    Z_cntr   v_div_cs       dt_limit
__________________________________________________________________________________________________________________________________________________

         50   6.496757   4910.969  -6.447719  -6.447719   2.000000   2.000000   0.718000   0.000707   0.268000  -5.818180    655      0
 3.8799E+00   6.496757   0.686394 -99.000000  -7.845572 -12.400543   0.000000   0.268000   0.006566   0.014000   0.045248      4
 4.5497E+04  -0.808489   1.092149 -99.000000 -99.000000  -7.158780   0.000000   0.002413   0.001460   0.014000  0.000E+00  max increase

save LOGS/profile2.data for model 50
save photos/x050 for model 50
         51   6.500630   4913.747  -6.403882  -6.403882   2.000000   2.000000   0.718000   0.000707   0.268000  -5.800993    654      0
 3.9591E+00   6.500630   0.682105 -99.000000  -7.801734 -12.412384   0.000000   0.268000   0.006566   0.014000   0.045305      4
 5.4598E+04  -0.795220   1.084556 -99.000000 -99.000000  -7.154539   0.000000   0.002413   0.001460   0.014000  0.000E+00  max increase

         52   6.505097   4916.782  -6.353081  -6.353081   2.000000   2.000000   0.718000   0.000707   0.268000  -5.780693    656      0
 4.0382E+00   6.505097   0.677121 -99.000000  -7.750934 -12.426229   0.000000   0.268000   0.006566   0.014000   0.045378      3
 6.5518E+04  -0.779712   1.075659 -99.000000 -99.000000  -7.149584   0.000000   0.002413   0.001460   0.014000  0.000E+00  max increase

         53   6.510217   4920.381  -6.294537  -6.294537   2.000000   2.000000   0.718000   0.000707   0.268000  -5.756791    657      0
 4.1174E+00   6.510217   0.671357 -99.000000  -7.692389 -12.442416   0.000000   0.268000   0.006566   0.014000   0.045472      4
 7.8623E+04  -0.761659   1.065402 -21.674160 -99.000000  -7.143871   0.000000   0.002413   0.001460   0.014000  0.000E+00  max increase

         54   6.516050   4924.508  -6.227489  -6.227489   2.000000   2.000000   0.718000   0.000707   0.268000  -5.728747    656      0
 4.1966E+00   6.516050   0.664729 -99.000000  -7.625340 -12.461094   0.000000   0.268000   0.006566   0.014000   0.045592      3
 9.4348E+04  -0.740741   1.053603 -99.000000 -99.000000  -7.137304   0.000000   0.002413   0.001460   0.014000  0.000E+00  max increase

         55   6.522653   4929.844  -6.151190  -6.151190   2.000000   2.000000   0.718000   0.000707   0.268000  -5.695970    661      0
 4.2758E+00   6.522653   0.657153 -99.000000  -7.549041 -12.482577   0.000000   0.268000   0.006566   0.014000   0.045743      4
 1.1322E+05  -0.716614   1.040333 -99.000000 -99.000000  -7.129896   0.000000   0.002413   0.001460   0.014000  0.000E+00  max increase

         56   6.530063   4934.869  -6.065082  -6.065082   2.000000   2.000000   0.718000   0.000707   0.268000  -5.657832    659      0
 4.3550E+00   6.530063   0.648563 -99.000000  -7.462931 -12.506839   0.000000   0.268000   0.006566   0.014000   0.045934      4
 1.3586E+05  -0.688950   1.024922 -21.674160 -99.000000  -7.121348   0.000000   0.002413   0.001460   0.014000  0.000E+00  max increase

         57   6.538317   4940.482  -5.968676  -5.968676   2.000000   2.000000   0.718000   0.000707   0.268000  -5.613670    659      0
 4.4341E+00   6.538317   0.638897 -99.000000  -7.366525 -12.534843   0.000000   0.268000   0.006566   0.014000   0.046174      4
 1.6304E+05  -0.657409   1.007564 -99.000000 -99.000000  -7.111732   0.000000   0.002413   0.001460   0.014000  0.000E+00  max increase

         58   6.547445   4947.362  -5.861587  -5.861587   2.000000   2.000000   0.718000   0.000707   0.268000  -5.562806    664      0
 4.5133E+00   6.547445   0.628105 -99.000000  -7.259434 -12.566377   0.000000   0.268000   0.006566   0.014000   0.046472      4
 1.9565E+05  -0.621650   0.988399 -21.674160 -99.000000  -7.101098   0.000000   0.002413   0.001460   0.014000  0.000E+00  max increase

         59   6.557452   4954.033  -5.743733  -5.743733   2.000000   2.000000   0.718000   0.000707   0.268000  -5.504558    663      0
 4.5925E+00   6.557452   0.616175 -99.000000  -7.141578 -12.601293   0.000000   0.268000   0.006566   0.014000   0.046839      4
 2.3478E+05  -0.581369   0.966880 -21.072100 -99.000000  -7.089210   0.000000   0.002413   0.001460   0.014000  0.000E+00  max increase


__________________________________________________________________________________________________________________________________________________

       step    lg_Tmax     Teff     lg_LH      lg_Lnuc_tot     Mass       H_rich     H_cntr     N_cntr     Y_surf   eta_cntr   zones  retry
  lg_dt_yrs    lg_Tcntr    lg_R     lg_L3a     lg_Lneu     lg_Mdot    He_core    He_cntr    O_cntr     Z_surf   gam_cntr   iters  
    age_yrs    lg_Dcntr    lg_L     lg_LZ      lg_Lphoto   lg_Dsurf   CO_core    C_cntr     Ne_cntr    Z_cntr   v_div_cs       dt_limit
__________________________________________________________________________________________________________________________________________________

         60   6.568370   4963.156  -5.614931  -5.614931   2.000000   2.000000   0.718000   0.000707   0.268000  -5.438262    665      0
 4.6717E+00   6.568370   0.603092 -99.000000  -7.012775 -12.640341   0.000000   0.268000   0.006566   0.014000   0.047286      4
 2.8173E+05  -0.536235   0.943909 -21.373130 -99.000000  -7.076466   0.000000   0.002413   0.001460   0.014000  0.000E+00  max increase

         61   6.580182   4971.450  -5.475507  -5.475507   2.000000   2.000000   0.718000   0.000707   0.268000  -5.363289    664      0
 4.7509E+00   6.580182   0.588907 -99.000000  -6.873348 -12.682316   0.000000   0.268000   0.006566   0.014000   0.047827      4
 3.3808E+05  -0.485999   0.918441 -21.373130 -99.000000  -7.062414   0.000000   0.002413   0.001460   0.014000  0.000E+00  max increase

         62   6.591965   4980.828  -5.336506  -5.336506   2.000000   2.000000   0.718000   0.000707   0.268000  -5.285141    667      0
 4.7945E+00   6.591965   0.574788 -99.000000  -6.734345 -12.728584   0.000000   0.268000   0.006566   0.014000   0.048426      4
 4.0039E+05  -0.434433   0.893475 -99.000000 -99.000000  -7.048620   0.000000   0.002413   0.001460   0.014000  0.000E+00    lgRho_cntr

         63   6.602336   4988.592  -5.214205  -5.214205   2.000000   2.000000   0.718000   0.000707   0.268000  -5.213341    667      0
 4.7798E+00   6.602336   0.562428 -99.000000  -6.612041 -12.774120   0.000000   0.268000   0.006566   0.014000   0.049008      4
 4.6061E+05  -0.387742   0.871462 -20.594978 -99.000000  -7.036484   0.000000   0.002413   0.001460   0.014000  0.000E+00    lgRho_cntr

         64   6.613465   4998.354  -5.083858  -5.083858   2.000000   2.000000   0.718000   0.000707   0.268000  -5.134379    670      0
 4.8477E+00   6.613465   0.549370 -99.000000  -6.481690 -12.814194   0.000000   0.268000   0.006566   0.014000   0.049672      4
 5.3103E+05  -0.336813   0.848741 -20.771070 -99.000000  -7.023931   0.000000   0.002413   0.001460   0.014000  0.000E+00    varcontrol

         65   6.624876   5007.778  -4.951197  -4.951197   2.000000   2.000000   0.718000   0.000707   0.268000  -5.051358    669      0
 4.8964E+00   6.624876   0.536264 -99.000000  -6.349026 -12.855811   0.000000   0.268000   0.006566   0.014000   0.050397      5
 6.0981E+05  -0.283708   0.825801 -99.000000 -99.000000  -7.011284   0.000000   0.002413   0.001460   0.014000  0.000E+00    lgRho_cntr

         66   6.634938   5016.672  -4.834864  -4.834864   2.000000   2.000000   0.718000   0.000707   0.268000  -4.976136    672      0
 4.8757E+00   6.634938   0.524985 -99.000000  -6.232689 -12.897763   0.000000   0.268000   0.006566   0.014000   0.051079      4
 6.8491E+05  -0.236013   0.806327 -20.470040 -99.000000  -7.000543   0.000000   0.002413   0.001460   0.014000  0.000E+00    lgRho_cntr

         67   6.646026   5028.346  -4.708222  -4.708222   2.000000   2.000000   0.718000   0.000707   0.268000  -4.892608    676      0
 4.9481E+00   6.646026   0.512993 -99.000000  -6.106042 -12.933505   0.000000   0.268000   0.006566   0.014000   0.051852      4
 7.7364E+05  -0.183184   0.786379 -99.000000 -99.000000  -6.989516   0.000000   0.002413   0.001460   0.014000  0.000E+00    varcontrol

         68   6.657612   5040.206  -4.577507  -4.577507   2.000000   2.000000   0.718000   0.000707   0.268000  -4.804540    674      0
 4.9977E+00   6.657612   0.501008 -99.000000  -5.975322 -12.970483   0.000000   0.268000   0.006566   0.014000   0.052685      5
 8.7312E+05  -0.127650   0.766503 -99.000000 -99.000000  -6.978549   0.000000   0.002413   0.001460   0.014000  0.000E+00    lgRho_cntr

         69   6.667781   5052.102  -4.463816  -4.463816   2.000000   2.000000   0.718000   0.000707   0.268000  -4.726196    677      0
 4.9679E+00   6.667781   0.490986 -99.000000  -5.861626 -13.007359   0.000000   0.268000   0.006566   0.014000   0.053446      4
 9.6600E+05  -0.078463   0.750553 -20.169010 -99.000000  -6.969740   0.000000   0.002413   0.001460   0.014000  0.000E+00    lgRho_cntr


__________________________________________________________________________________________________________________________________________________

       step    lg_Tmax     Teff     lg_LH      lg_Lnuc_tot     Mass       H_rich     H_cntr     N_cntr     Y_surf   eta_cntr   zones  retry
  lg_dt_yrs    lg_Tcntr    lg_R     lg_L3a     lg_Lneu     lg_Mdot    He_core    He_cntr    O_cntr     Z_surf   gam_cntr   iters  
    age_yrs    lg_Dcntr    lg_L     lg_LZ      lg_Lphoto   lg_Dsurf   CO_core    C_cntr     Ne_cntr    Z_cntr   v_div_cs       dt_limit
__________________________________________________________________________________________________________________________________________________

         70   6.679282   5066.034  -4.337274  -4.337274   2.000000   2.000000   0.718000   0.000707   0.268000  -4.638206    677      0
 5.0445E+00   6.679282   0.480340 -99.000000  -5.735077 -13.037290   0.000000   0.268000   0.006566   0.014000   0.054308      4
 1.0768E+06  -0.023109   0.734046 -19.691888 -99.000000  -6.960636   0.000000   0.002413   0.001460   0.014000  0.000E+00    varcontrol

         71   6.691566   5084.329  -4.204308  -4.204308   2.000000   2.000000   0.718000   0.000707   0.268000  -4.545045    682      0
 5.0949E+00   6.691566   0.469811 -99.000000  -5.602103 -13.068496   0.000000   0.268000   0.006566   0.014000   0.055229      4
 1.2012E+06   0.035647   0.719249 -99.000000 -99.000000  -6.952479   0.000000   0.002413   0.001460   0.014000  0.000E+00    lgRho_cntr

         72   6.702251   5100.617  -4.089945  -4.089945   2.000000   2.000000   0.718000   0.000707   0.268000  -4.463911    681      0
 5.0537E+00   6.702251   0.461395 -99.000000  -5.487732 -13.097296   0.000000   0.268000   0.006566   0.014000   0.056044      4
 1.3144E+06   0.086788   0.707974 -19.867980 -99.000000  -6.946302   0.000000   0.002413   0.001460   0.014000  0.000E+00    lgRho_cntr

         73   6.712365   5117.162  -3.983090  -3.983090   2.000000   2.000000   0.718000   0.000707   0.268000  -4.387823    683      0
 5.0440E+00   6.712365   0.454132 -99.000000  -5.380869 -13.119570   0.000000   0.268000   0.006566   0.014000   0.056813      4
 1.4250E+06   0.134879   0.699075 -99.000000 -99.000000  -6.941472   0.000000   0.002413   0.001460   0.014000  0.000E+00    lgRho_cntr

         74   6.724211   5138.168  -3.860245  -3.860245   2.000000   2.000000   0.718000   0.000707   0.268000  -4.301068    683      0
 5.1232E+00   6.724211   0.446553 -99.000000  -5.258014 -13.137670   0.000000   0.268000   0.006566   0.014000   0.057681      4
 1.5579E+06   0.190169   0.691034 -18.964890 -99.000000  -6.937195   0.000000   0.002413   0.001460   0.014000  0.000E+00  max increase

         75   6.737829   5165.444  -3.721741  -3.721741   2.000000   2.000000   0.718000   0.000707   0.268000  -4.204375    688      0
 5.1929E+00   6.737829   0.439066 -99.000000  -5.119496 -13.154876   0.000000   0.268000   0.006566   0.014000   0.058635      4
 1.7138E+06   0.252400   0.685256 -99.000000 -99.000000  -6.934330   0.000000   0.002413   0.001460   0.014000  0.000E+00    lgRho_cntr

         76   6.749672   5190.593  -3.602762  -3.602762   2.000000   2.000000   0.718000   0.000707   0.268000  -4.121424    687      0
 5.1408E+00   6.749672   0.433664 -99.000000  -5.000505 -13.168951   0.000000   0.268000   0.006566   0.014000   0.059454      4
 1.8520E+06   0.306011   0.682889 -99.000000 -99.000000  -6.933456   0.000000   0.002413   0.001460   0.014000  0.000E+00    lgRho_cntr

         77   6.760932   5216.233  -3.491210  -3.491210   2.000000   2.000000   0.718000   0.000707   0.268000  -4.044413    687      0
 5.1225E+00   6.760932   0.429538 -99.000000  -4.888940 -13.176672   0.000000   0.268000   0.006566   0.014000   0.060206      4
 1.9846E+06   0.356166   0.683198 -99.000000 -99.000000  -6.934212   0.000000   0.002413   0.001460   0.014000  0.000E+00    lgRho_cntr

         78   6.772096   5243.969  -3.382176  -3.382176   2.000000   2.000000   0.718000   0.000707   0.268000  -3.970249    690      0
 5.1191E+00   6.772096   0.426427 -99.000000  -4.779891 -13.179714   0.000000   0.268000   0.006566   0.014000   0.060916      4
 2.1162E+06   0.404936   0.686189 -18.566950 -99.000000  -6.936679   0.000000   0.002413   0.001460   0.014000  0.000E+00    lgRho_cntr

         79   6.785633   5278.725  -3.252524  -3.252524   2.000000   2.000000   0.718000   0.000707   0.268000  -3.884509    690      0
 5.1983E+00   6.785633   0.423979 -99.000000  -4.650221 -13.178282   0.000000   0.268000   0.006566   0.014000   0.061702      4
 2.2741E+06   0.462244   0.692767 -99.000000 -99.000000  -6.941620   0.000000   0.002413   0.001460   0.014000  0.000E+00  max increase


__________________________________________________________________________________________________________________________________________________

       step    lg_Tmax     Teff     lg_LH      lg_Lnuc_tot     Mass       H_rich     H_cntr     N_cntr     Y_surf   eta_cntr   zones  retry
  lg_dt_yrs    lg_Tcntr    lg_R     lg_L3a     lg_Lneu     lg_Mdot    He_core    He_cntr    O_cntr     Z_surf   gam_cntr   iters  
    age_yrs    lg_Dcntr    lg_L     lg_LZ      lg_Lphoto   lg_Dsurf   CO_core    C_cntr     Ne_cntr    Z_cntr   v_div_cs       dt_limit
__________________________________________________________________________________________________________________________________________________

         80   6.802199   5323.763  -3.097258  -3.097258   2.000000   2.000000   0.718000   0.000707   0.268000  -3.785427    691      0
 5.2775E+00   6.802199   0.422913 -99.000000  -4.494930 -13.171453   0.000000   0.268000   0.006566   0.014000   0.062555      4
 2.4635E+06   0.529829   0.705395 -18.663860 -99.000000  -6.950807   0.000000   0.002413   0.001460   0.014000  0.000E+00    lgRho_cntr

         81   6.816615   5365.393  -2.963980  -2.963980   2.000000   2.000000   0.718000   0.000707   0.268000  -3.701964    691      0
 5.2102E+00   6.816615   0.423920 -99.000000  -4.361628 -13.155299   0.000000   0.268000   0.006566   0.014000   0.063248      4
 2.6258E+06   0.587429   0.720939 -99.000000 -99.000000  -6.962053   0.000000   0.002413   0.001460   0.014000  0.000E+00    lgRho_cntr

         82   6.830387   5407.127  -2.838586  -2.838586   2.000000   2.000000   0.718000   0.000707   0.268000  -3.625589    691      0
 5.1789E+00   6.830387   0.426651 -99.000000  -4.236209 -13.133471   0.000000   0.268000   0.006566   0.014000   0.063845      4
 2.7768E+06   0.640989   0.739861 -18.186738 -99.000000  -6.975928   0.000000   0.002413   0.001460   0.014000  0.000E+00    lgRho_cntr

         83   6.844153   5451.179  -2.715221  -2.715221   2.000000   2.000000   0.718000   0.000707   0.268000  -3.552897    694      0
 5.1639E+00   6.844153   0.431134 -99.000000  -4.112818 -13.105638   0.000000   0.268000   0.006566   0.014000   0.064369      5
 2.9226E+06   0.692933   0.762922 -18.061800 -99.000000  -6.993272   0.000000   0.002413   0.001460   0.014000  0.000E+00    lgRho_cntr

         84   6.858232   5497.426  -2.591022  -2.591022   2.000000   2.000000   0.718000   0.000707   0.268000  -3.482366    693      0
 5.1561E+00   6.858232   0.437580 -99.000000  -3.988590 -13.070748   0.000000   0.268000   0.006566   0.014000   0.064826      4
 3.0659E+06   0.744399   0.790492 -99.000000 -99.000000  -7.014628   0.000000   0.002413   0.001460   0.014000  0.000E+00    lgRho_cntr

         85   6.872818   5547.349  -2.464386  -2.464386   2.000000   2.000000   0.718000   0.000707   0.268000  -3.413311    693      0
 5.1508E+00   6.872818   0.446168 -99.000000  -3.861922 -13.028127   0.000000   0.268000   0.006566   0.014000   0.065216      4
 3.2074E+06   0.795970   0.823371 -99.000000 -99.000000  -7.041080   0.000000   0.002413   0.001460   0.014000  0.000E+00    lgRho_cntr

         86   6.888026   5601.343  -2.334430  -2.334430   2.000000   2.000000   0.718000   0.000707   0.268000  -3.345457    693      0
 5.1456E+00   6.888026   0.456832 -99.000000  -3.731933 -12.976543   0.000000   0.268000   0.006566   0.014000   0.065535      4
 3.3472E+06   0.847939   0.861527 -18.061800 -99.000000  -7.073235   0.000000   0.002413   0.001460   0.014000  0.000E+00    lgRho_cntr

         87   6.903909   5659.359  -2.200866  -2.200866   2.000000   2.000000   0.717999   0.000707   0.268000  -3.278744    693      0
 5.1393E+00   6.903909   0.469015 -99.000000  -3.598333 -12.916096   0.000000   0.268001   0.006566   0.014000   0.065778      5
 3.4850E+06   0.900411   0.903792 -99.000000 -99.000000  -7.110952   0.000000   0.002413   0.001460   0.014000  0.000E+00    lgRho_cntr

         88   6.920440   5720.772  -2.064035  -2.064035   2.000000   2.000000   0.717999   0.000707   0.268000  -3.213215    693      0
 5.1315E+00   6.920440   0.481540 -99.000000  -3.461464 -12.848830   0.000000   0.268001   0.006566   0.014000   0.065946      5
 3.6204E+06   0.953328   0.947593 -99.000000 -99.000000  -7.152789   0.000000   0.002413   0.001460   0.014000  0.000E+00    lgRho_cntr

         89   6.937527   5785.070  -1.924761  -1.924761   2.000000   2.000000   0.717999   0.000707   0.268000  -3.148929    693      0
 5.1220E+00   6.937527   0.493112 -99.000000  -3.322153 -12.779202   0.000000   0.268001   0.006566   0.014000   0.066044      5
 3.7528E+06   1.006525   0.990152 -99.000000 -99.000000  -7.196888   0.000000   0.002413   0.001460   0.014000  0.000E+00    lgRho_cntr


__________________________________________________________________________________________________________________________________________________

       step    lg_Tmax     Teff     lg_LH      lg_Lnuc_tot     Mass       H_rich     H_cntr     N_cntr     Y_surf   eta_cntr   zones  retry
  lg_dt_yrs    lg_Tcntr    lg_R     lg_L3a     lg_Lneu     lg_Mdot    He_core    He_cntr    O_cntr     Z_surf   gam_cntr   iters  
    age_yrs    lg_Dcntr    lg_L     lg_LZ      lg_Lphoto   lg_Dsurf   CO_core    C_cntr     Ne_cntr    Z_cntr   v_div_cs       dt_limit
__________________________________________________________________________________________________________________________________________________

         90   6.955053   5852.557  -1.783963  -1.783963   2.000000   2.000000   0.717999   0.000707   0.268000  -3.085906    692      0
 5.1115E+00   6.955053   0.503005 -99.000000  -3.181321 -12.712050   0.000000   0.268001   0.006566   0.014000   0.066080      5
 3.8821E+06   1.059817   1.030087 -99.000000 -99.000000  -7.242389   0.000000   0.002413   0.001460   0.014000  0.000E+00    lgRho_cntr

         91   6.972922   5924.682  -1.642319  -1.642319   2.000000   2.000000   0.717998   0.000707   0.268000  -3.024123    692      0
 5.1005E+00   6.972922   0.511085 -99.000000  -3.039649 -12.649848   0.000000   0.268002   0.006566   0.014000   0.066062      5
 4.0081E+06   1.113072   1.067525 -99.000000 -99.000000  -7.289717   0.000000   0.002413   0.001460   0.014000  0.000E+00    lgRho_cntr

         92   6.991074   6004.348  -1.500179  -1.500179   1.999999   1.999999   0.717998   0.000707   0.268000  -2.963556    694      0
 5.0895E+00   6.991074   0.517283 -99.000000  -2.897492 -12.592535   0.000000   0.268002   0.006566   0.014000   0.065995      5
 4.1310E+06   1.166209   1.103123 -99.000000 -99.000000  -7.340180   0.000000   0.002413   0.001460   0.014000  0.000E+00    lgRho_cntr

         93   7.009473   6095.825  -1.357588  -1.357588   1.999999   1.999999   0.717997   0.000707   0.268000  -2.904211    693      0
 5.0788E+00   7.009473   0.521260 -55.053082  -2.754904 -12.539284   0.000000   0.268003   0.006566   0.014000   0.065882      5
 4.2509E+06   1.219172   1.137343 -16.857680 -99.000000  -7.395578   0.000000   0.002413   0.001460   0.014000  0.000E+00    lgRho_cntr

         94   7.027817   6205.208  -1.216354  -1.216354   1.999999   1.999999   0.717996   0.000707   0.268000  -2.846898    700      0
 5.0624E+00   7.027817   0.522160 -53.660122  -2.613704 -12.489754   0.000000   0.268004   0.006566   0.014000   0.065729      6
 4.3663E+06   1.271164   1.170038 -16.681588 -99.000000  -7.457984   0.000000   0.002413   0.001460   0.014000  0.000E+00    varcontrol

         95   7.045539   6337.987  -1.079869  -1.079869   1.999999   1.999999   0.717995   0.000708   0.268000  -2.793086    708      0
 5.0341E+00   7.045539   0.519039 -52.558110  -2.477302 -12.444862   0.000000   0.268005   0.006566   0.014000   0.065546      7
 4.4745E+06   1.320706   1.200576 -99.000000 -99.000000  -7.528480   0.000000   0.002413   0.001460   0.014000  0.000E+00    varcontrol

         96   7.062229   6503.605  -0.949914  -0.949914   1.999999   1.999999   0.717993   0.000708   0.268000  -2.743705    723      0
 4.9968E+00   7.062229   0.510604 -51.550200  -2.347521 -12.406251   0.000000   0.268007   0.006566   0.014000   0.065346     10
 4.5737E+06   1.366793   1.228519 -16.380559 -99.000000  -7.607908   0.000000   0.002412   0.001460   0.014000  0.000E+00    varcontrol

         97   7.078011   6687.670  -0.823938  -0.823938   1.999999   1.999999   0.717991   0.000709   0.268000  -2.698285    745      0
 4.9624E+00   7.078011   0.499172 -50.610851  -2.221891 -12.375596   0.000000   0.268009   0.006566   0.014000   0.065130     10
 4.6655E+06   1.409813   1.254137 -99.000000 -99.000000  -7.688458   0.000000   0.002412   0.001460   0.014000  0.000E+00    varcontrol

         98   7.093003   6875.303  -0.699080  -0.699080   1.999999   1.999999   0.717989   0.000710   0.268000  -2.656500    751      0
 4.9310E+00   7.093003   0.486900 -49.730385  -2.097695 -12.350591   0.000000   0.268011   0.006566   0.014000   0.064895      7
 4.7508E+06   1.450088   1.277661 -16.255620 -99.000000  -7.767659   0.000000   0.002410   0.001460   0.014000  0.000E+00        lgTeff

         99   7.107178   7057.984  -0.573595  -0.573595   1.999999   1.999999   0.717986   0.000713   0.268000  -2.618563    747      0
 4.8980E+00   7.107178   0.474840 -48.909390  -1.973361 -12.329119   0.000000   0.268013   0.006566   0.014000   0.064641      6
 4.8298E+06   1.487488   1.299096 -99.000000 -99.000000  -7.846626   0.000000   0.002408   0.001460   0.014001  0.000E+00        lgTeff


__________________________________________________________________________________________________________________________________________________

       step    lg_Tmax     Teff     lg_LH      lg_Lnuc_tot     Mass       H_rich     H_cntr     N_cntr     Y_surf   eta_cntr   zones  retry
  lg_dt_yrs    lg_Tcntr    lg_R     lg_L3a     lg_Lneu     lg_Mdot    He_core    He_cntr    O_cntr     Z_surf   gam_cntr   iters  
    age_yrs    lg_Dcntr    lg_L     lg_LZ      lg_Lphoto   lg_Dsurf   CO_core    C_cntr     Ne_cntr    Z_cntr   v_div_cs       dt_limit
__________________________________________________________________________________________________________________________________________________

        100   7.120516   7236.827  -0.443257  -0.443257   1.999999   1.999999   0.717983   0.000718   0.268000  -2.583571    758      0
 4.8722E+00   7.120516   0.462951 -48.137616  -1.844791 -12.310288   0.000000   0.268015   0.006566   0.014000   0.064387      7
 4.9043E+06   1.522370   1.318788 -99.000000 -99.000000  -7.930569   0.000000   0.002404   0.001460   0.014002  0.000E+00        lgTeff

save LOGS/profile3.data for model 100
save photos/x100 for model 100
        101   7.133960   7414.498  -0.303614  -0.303614   1.999999   1.999999   0.717979   0.000727   0.268000  -2.552731    762      0
 4.8555E+00   7.133960   0.451045 -47.381930  -1.707374 -12.293667   0.000000   0.268018   0.006566   0.014000   0.064040      6
 4.9760E+06   1.555645   1.337111 -16.255620 -99.000000  -8.021841   0.000000   0.002396   0.001460   0.014003  0.000E+00        lgTeff

        102   7.147538   7592.490  -0.151940  -0.151940   1.999999   1.999999   0.717974   0.000745   0.268000  -2.526517    772      0
 4.8450E+00   7.147538   0.438981 -46.639981  -1.557444 -12.278908   0.000000   0.268021   0.006566   0.014000   0.063589      5
 5.0460E+06   1.587157   1.354193 -15.477469 -99.000000  -8.118135   0.000000   0.002381   0.001460   0.014005  0.000E+00        lgTeff

        103   7.161366   7771.114   0.011870   0.011870   1.999999   1.999999   0.717967   0.000777   0.268000  -2.506096    780      0
 4.8387E+00   7.161366   0.426682 -45.903770  -1.392723 -12.265957   0.000000   0.268023   0.006566   0.014000   0.063004      5
 5.1150E+06   1.616595   1.369992 -99.000000 -99.000000  -8.216556   0.000000   0.002353   0.001460   0.014010  0.000E+00        lgTeff

        104   7.175893   7949.968   0.185188   0.185188   1.999999   1.999999   0.717955   0.000838   0.268000  -2.494461    790      0
 4.8360E+00   7.175893   0.414090 -45.159627  -1.212617 -12.254935   0.000000   0.268026   0.006566   0.014000   0.062199      5
 5.1835E+06   1.643371   1.384336 -15.653560 -99.000000  -8.316294   0.000000   0.002301   0.001460   0.014019  0.000E+00        lgTeff

        105   7.193503   8149.676   0.387144   0.387144   1.999999   1.999999   0.717931   0.000980   0.268000  -2.497695    798      0
 4.8905E+00   7.193503   0.399308 -44.296067  -0.992239 -12.246122   0.000000   0.268030   0.006566   0.014000   0.060894      5
 5.2612E+06   1.668513   1.397870 -15.352530 -99.000000  -8.429120   0.000000   0.002179   0.001460   0.014039  0.000E+00    varcontrol

        106   7.213829   8354.631   0.602676   0.602676   1.999999   1.999999   0.717879   0.001296   0.268000  -2.525322    801      0
 4.9236E+00   7.213829   0.383009 -43.335516  -0.745734 -12.240239   0.000000   0.268037   0.006566   0.014000   0.058969      5
 5.3451E+06   1.687445   1.408420 -99.000000 -99.000000  -8.544589   0.000000   0.001908   0.001460   0.014084  0.000E+00        lgTeff

        107   7.230537   8530.139   0.796273   0.796273   1.999999   1.999999   0.717885   0.001264   0.268000  -2.556562    814      0
 4.8990E+00   7.230537   0.367592 -42.502883  -0.520710 -12.239655   0.000000   0.268036   0.006566   0.014000   0.057265      5
 5.4243E+06   1.699383   1.413702 -99.000000 -99.000000  -8.640121   0.000000   0.001936   0.001460   0.014080  0.000E+00        lgTeff

        108   7.245555   8683.003   1.008529   1.008529   1.999999   1.999999   0.717901   0.001176   0.268000  -2.604368    817      0
 4.9526E+00   7.245555   0.350323 -41.769138  -0.283867 -12.245444   0.000000   0.268032   0.006566   0.014000   0.055417      5
 5.5140E+06   1.701753   1.410020 -99.000000 -99.000000  -8.715194   0.000000   0.002011   0.001460   0.014067  0.000E+00    varcontrol

        109   7.256624   8779.322   1.182290   1.182290   1.999999   1.999999   0.717908   0.001157   0.268000  -2.666750    833      0
 5.0318E+00   7.256624   0.330743 -41.252352  -0.099574 -12.264886   0.000000   0.268028   0.006566   0.014000   0.053618      5
 5.6216E+06   1.691975   1.390023 -14.273349 -99.000000  -8.746933   0.000000   0.002027   0.001460   0.014064  0.000E+00  max increase


__________________________________________________________________________________________________________________________________________________

       step    lg_Tmax     Teff     lg_LH      lg_Lnuc_tot     Mass       H_rich     H_cntr     N_cntr     Y_surf   eta_cntr   zones  retry
  lg_dt_yrs    lg_Tcntr    lg_R     lg_L3a     lg_Lneu     lg_Mdot    He_core    He_cntr    O_cntr     Z_surf   gam_cntr   iters  
    age_yrs    lg_Dcntr    lg_L     lg_LZ      lg_Lphoto   lg_Dsurf   CO_core    C_cntr     Ne_cntr    Z_cntr   v_div_cs       dt_limit
__________________________________________________________________________________________________________________________________________________

        110   7.262868   8795.800   1.259032   1.259032   1.999999   1.999999   0.717901   0.001222   0.268000  -2.726859    836      0
 5.1109E+00   7.262868   0.310199 -40.979854  -0.011155 -12.308291   0.000000   0.268026   0.006566   0.014000   0.052204      5
 5.7507E+06   1.675865   1.352192 -99.000000 -99.000000  -8.724499   0.000000   0.001972   0.001460   0.014074  0.000E+00  max increase

        111   7.265642   8741.919   1.267392   1.267392   1.999999   1.999999   0.717882   0.001346   0.268000  -2.773808    844      0
 5.1901E+00   7.265642   0.290974 -40.873022   0.006043 -12.376577   0.000000   0.268027   0.006566   0.014000   0.051251      4
 5.9056E+06   1.660096   1.303070 -99.000000 -99.000000  -8.643587   0.000000   0.001865   0.001460   0.014091  0.000E+00  max increase

        112   7.266695   8656.167   1.239557   1.239557   1.999999   1.999999   0.717851   0.001532   0.268000  -2.801891    847      0
 5.2693E+00   7.266695   0.275512 -40.839461  -0.017084 -12.459003   0.000000   0.268032   0.006566   0.014000   0.050726      5
 6.0915E+06   1.649746   1.255019 -99.000000 -99.000000  -8.561174   0.000000   0.001706   0.001460   0.014118  0.000E+00  max increase

        113   7.267442   8586.472   1.203239   1.203239   1.999999   1.999999   0.717812   0.001757   0.268000  -2.811358    848      0
 5.3485E+00   7.267442   0.265085 -40.808543  -0.052931 -12.536829   0.000000   0.268039   0.006566   0.014000   0.050532      5
 6.3146E+06   1.646854   1.220123 -99.000000 -99.000000  -8.497349   0.000000   0.001513   0.001460   0.014150  0.000E+00  max increase

        114   7.269030   8568.511   1.173575   1.173575   1.999998   1.999998   0.717764   0.002021   0.268000  -2.805951    848      0
 5.4277E+00   7.269030   0.259029 -40.725624  -0.085231 -12.592676   0.000000   0.268048   0.006566   0.014000   0.050536      5
 6.5823E+06   1.651557   1.204374 -99.000000 -99.000000  -8.475244   0.000000   0.001287   0.001460   0.014188  0.000E+00  max increase

        115   7.272390   8614.424   1.155179   1.155179   1.999998   1.999998   0.717706   0.002334   0.268000  -2.789772    847      0
 5.5069E+00   7.272390   0.254953 -40.547226  -0.108746 -12.619012   0.000000   0.268062   0.006566   0.014000   0.050616      5
 6.9036E+06   1.663515   1.205505 -99.000000 -99.000000  -8.499132   0.000000   0.001019   0.001460   0.014232  0.000E+00  max increase

        116   7.278080   8716.958   1.148171   1.148171   1.999998   1.999998   0.717639   0.002671   0.268000  -2.765969    850      0
 5.5860E+00   7.278080   0.250064 -40.248614  -0.123658 -12.620901   0.000000   0.268080   0.006566   0.014000   0.050687      5
 7.2891E+06   1.682222   1.216282 -14.273349 -99.000000  -8.558917   0.000000   0.000730   0.001460   0.014280  0.000E+00  max increase

        117   7.287594   8893.199   1.139796   1.139796   1.999998   1.999998   0.717558   0.003041   0.268000  -2.728724    850      0
 5.6652E+00   7.287594   0.241735 -39.753879  -0.145453 -12.610449   0.000000   0.268109   0.006566   0.014000   0.050760      5
 7.7517E+06   1.712397   1.234395 -99.000000 -99.000000  -8.659035   0.000000   0.000413   0.001460   0.014333  0.000E+00  max increase

        118   7.302428   9165.882   1.135321   1.135321   1.999998   1.999998   0.717466   0.003339   0.268000  -2.673579    851      0
 5.7444E+00   7.302428   0.227548 -38.991395  -0.170551 -12.592976   0.000000   0.268159   0.006565   0.014000   0.050818      5
 8.3068E+06   1.758172   1.258487 -99.000000 -99.000000  -8.798143   0.000000   0.000158   0.001460   0.014376  0.000E+00  max increase

        119   7.318865   9456.465   1.158001   1.158001   1.999998   1.999998   0.717357   0.003472   0.268000  -2.620519    861      0
 5.7946E+00   7.318865   0.209541 -38.161439  -0.154122 -12.572341   0.000000   0.268249   0.006562   0.014000   0.050738      5
 8.9299E+06   1.805315   1.276691 -99.000000 -99.000000  -8.903151   0.000000   0.000047   0.001460   0.014394  0.000E+00        lgTeff


__________________________________________________________________________________________________________________________________________________

       step    lg_Tmax     Teff     lg_LH      lg_Lnuc_tot     Mass       H_rich     H_cntr     N_cntr     Y_surf   eta_cntr   zones  retry
  lg_dt_yrs    lg_Tcntr    lg_R     lg_L3a     lg_Lneu     lg_Mdot    He_core    He_cntr    O_cntr     Z_surf   gam_cntr   iters  
    age_yrs    lg_Dcntr    lg_L     lg_LZ      lg_Lphoto   lg_Dsurf   CO_core    C_cntr     Ne_cntr    Z_cntr   v_div_cs       dt_limit
__________________________________________________________________________________________________________________________________________________

        120   7.327590   9585.946   1.205927   1.205927   1.999998   1.999998   0.717258   0.003498   0.268000  -2.604318    863      0
 5.7196E+00   7.327590   0.197272 -37.732815  -0.090707 -12.562855   0.000000   0.268345   0.006559   0.014000   0.050494      5
 9.4542E+06   1.825106   1.275778 -99.000000 -99.000000  -8.939261   0.000000   0.000026   0.001460   0.014397  0.000E+00        lgTeff

        121   7.331075   9604.203   1.241657   1.241657   1.999998   1.999998   0.717143   0.003504   0.268000  -2.607962    867      0
 5.7933E+00   7.331075   0.189232 -37.568879  -0.043720 -12.574368   0.000000   0.268460   0.006555   0.014000   0.050232      5
 1.0076E+07   1.828711   1.263002 -14.148410 -99.000000  -8.934158   0.000000   0.000024   0.001460   0.014397  0.000E+00    varcontrol

        122   7.331540   9581.009   1.250644   1.250644   1.999997   1.999997   0.717015   0.003507   0.268000  -2.614166    867      0
 5.8725E+00   7.331540   0.185939 -37.550384  -0.032322 -12.598354   0.000000   0.268589   0.006550   0.014000   0.050108      5
 1.0821E+07   1.826797   1.252218 -99.000000 -99.000000  -8.919789   0.000000   0.000026   0.001460   0.014396  0.000E+00  max increase

        123   7.331002   9558.561   1.250415   1.250415   1.999997   1.999997   0.716877   0.003509   0.268000  -2.618332    867      0
 5.9517E+00   7.331002   0.185565 -37.578131  -0.033435 -12.615672   0.000000   0.268728   0.006545   0.014000   0.050077      5
 1.1716E+07   1.824277   1.247395 -14.148410 -99.000000  -8.909978   0.000000   0.000027   0.001460   0.014395  0.000E+00  max increase

        124   7.331591   9570.429   1.246482   1.246482   1.999997   1.999997   0.716693   0.003518   0.268000  -2.615475    867      0
 6.0308E+00   7.331591   0.185225 -37.547336  -0.036784 -12.622497   0.000000   0.268913   0.006538   0.014000   0.050095      5
 1.2789E+07   1.826398   1.248869 -99.000000 -99.000000  -8.914361   0.000000   0.000024   0.001460   0.014395  0.000E+00  max increase

        125   7.332504   9587.233   1.247521   1.247521   1.999997   1.999997   0.716445   0.003529   0.268000  -2.612569    867      0
 6.1100E+00   7.332504   0.184481 -37.500806  -0.033569 -12.620792   0.000000   0.269161   0.006529   0.014000   0.050098      5
 1.4078E+07   1.829030   1.250428 -99.000000 -99.000000  -8.920063   0.000000   0.000022   0.001460   0.014394  0.000E+00  max increase

        126   7.332738   9588.596   1.249885   1.249885   1.999996   1.999996   0.716154   0.003539   0.268000  -2.612962    867      0
 6.1892E+00   7.332738   0.184261 -37.488610  -0.030615 -12.619311   0.000000   0.269453   0.006519   0.014000   0.050088      5
 1.5624E+07   1.829278   1.250235 -99.000000 -99.000000  -8.920275   0.000000   0.000022   0.001460   0.014393  0.000E+00  max increase

        127   7.332573   9583.505   1.250630   1.250630   1.999996   1.999996   0.715835   0.003548   0.268000  -2.614479    867      0
 6.2684E+00   7.332573   0.184588 -37.495932  -0.030469 -12.619755   0.000000   0.269774   0.006507   0.014000   0.050085      5
 1.7479E+07   1.828475   1.249966 -99.000000 -99.000000  -8.918719   0.000000   0.000022   0.001460   0.014391  0.000E+00  max increase

        128   7.332616   9583.500   1.250686   1.250686   1.999995   1.999995   0.715450   0.003560   0.268000  -2.614987    867      0
 6.3476E+00   7.332616   0.184868 -37.492430  -0.030063 -12.619845   0.000000   0.270161   0.006493   0.014000   0.050088      5
 1.9705E+07   1.828419   1.250527 -99.000000 -99.000000  -8.919150   0.000000   0.000022   0.001460   0.014389  0.000E+00  max increase

        129   7.332750   9584.770   1.251248   1.251248   1.999995   1.999995   0.714981   0.003575   0.268000  -2.615408    867      0
 6.4267E+00   7.332750   0.185099 -37.484134  -0.028854 -12.618852   0.000000   0.270632   0.006476   0.014000   0.050090      5
 2.2376E+07   1.828555   1.251219 -99.000000 -99.000000  -8.920020   0.000000   0.000022   0.001460   0.014387  0.000E+00  max increase


__________________________________________________________________________________________________________________________________________________

       step    lg_Tmax     Teff     lg_LH      lg_Lnuc_tot     Mass       H_rich     H_cntr     N_cntr     Y_surf   eta_cntr   zones  retry
  lg_dt_yrs    lg_Tcntr    lg_R     lg_L3a     lg_Lneu     lg_Mdot    He_core    He_cntr    O_cntr     Z_surf   gam_cntr   iters  
    age_yrs    lg_Dcntr    lg_L     lg_LZ      lg_Lphoto   lg_Dsurf   CO_core    C_cntr     Ne_cntr    Z_cntr   v_div_cs       dt_limit
__________________________________________________________________________________________________________________________________________________

        130   7.332851   9584.970   1.252016   1.252016   1.999994   1.999994   0.714416   0.003593   0.268000  -2.616181    867      0
 6.5059E+00   7.332851   0.185422 -37.477191  -0.027503 -12.617725   0.000000   0.271199   0.006456   0.014000   0.050092      5
 2.5582E+07   1.828518   1.251902 -99.000000 -99.000000  -8.920599   0.000000   0.000022   0.001460   0.014385  0.000E+00  max increase

        131   7.332934   9584.548   1.252849   1.252849   1.999993   1.999993   0.713742   0.003614   0.268000  -2.617230    867      0
 6.5851E+00   7.332934   0.185856 -37.470794  -0.026051 -12.616532   0.000000   0.271877   0.006432   0.014000   0.050095      5
 2.9429E+07   1.828365   1.252692 -14.449440 -99.000000  -8.921096   0.000000   0.000022   0.001460   0.014382  0.000E+00  max increase

        132   7.333019   9583.810   1.253805   1.253805   1.999992   1.999992   0.712934   0.003639   0.268000  -2.618536    867      0
 6.6643E+00   7.333019   0.186394 -37.463861  -0.024351 -12.615102   0.000000   0.272688   0.006403   0.014000   0.050098      5
 3.4045E+07   1.828139   1.253634 -99.000000 -99.000000  -8.921627   0.000000   0.000022   0.001460   0.014378  0.000E+00  max increase

        133   7.333112   9582.762   1.254929   1.254929   1.999990   1.999990   0.711966   0.003669   0.268000  -2.620144    867      0
 6.7435E+00   7.333112   0.187048 -37.456008  -0.022323 -12.613379   0.000000   0.273660   0.006369   0.014000   0.050102      5
 3.9585E+07   1.827838   1.254752 -99.000000 -99.000000  -8.922210   0.000000   0.000022   0.001460   0.014374  0.000E+00  max increase

        134   7.333219   9581.392   1.256261   1.256261   1.999989   1.999989   0.710808   0.003704   0.268000  -2.622106    867      0
 6.8227E+00   7.333219   0.187837 -37.446890  -0.019894 -12.611322   0.000000   0.274823   0.006329   0.014000   0.050106      5
 4.6232E+07   1.827455   1.256081 -99.000000 -99.000000  -8.922871   0.000000   0.000022   0.001460   0.014369  0.000E+00  max increase

        135   7.333345   9579.683   1.257848   1.257848   1.999987   1.999987   0.709420   0.003746   0.268000  -2.624487    867      0
 6.9018E+00   7.333345   0.188785 -37.436113  -0.016978 -12.608866   0.000000   0.276218   0.006281   0.014000   0.050111      5
 5.4209E+07   1.826980   1.257667 -99.000000 -99.000000  -8.923640   0.000000   0.000023   0.001460   0.014363  0.000E+00  max increase

        136   7.333496   9577.601   1.259747   1.259747   1.999984   1.999984   0.707754   0.003795   0.268000  -2.627368    867      0
 6.9810E+00   7.333496   0.189923 -37.423229  -0.013474 -12.605931   0.000000   0.277890   0.006224   0.014000   0.050117      5
 6.3781E+07   1.826401   1.259566 -99.000000 -99.000000  -8.924550   0.000000   0.000023   0.001460   0.014356  0.000E+00  max increase

        137   7.333678   9575.084   1.262025   1.262025   1.999982   1.999982   0.705755   0.003854   0.268000  -2.630850    867      0
 7.0602E+00   7.333678   0.191291 -37.407793  -0.009267 -12.602414   0.000000   0.279898   0.006157   0.014000   0.050123      5
 7.5268E+07   1.825698   1.261846 -14.449440 -99.000000  -8.925638   0.000000   0.000023   0.001460   0.014347  0.000E+00  max increase

        138   7.333902   9572.081   1.264770   1.264770   1.999978   1.999978   0.703353   0.003922   0.268000  -2.635053    867      0
 7.1394E+00   7.333902   0.192936 -37.389156  -0.004215 -12.598190   0.000000   0.282310   0.006078   0.014000   0.050130      5
 8.9052E+07   1.824852   1.264592 -99.000000 -99.000000  -8.926956   0.000000   0.000024   0.001460   0.014337  0.000E+00  max increase

        139   7.334178   9568.529   1.268088   1.268088   1.999974   1.999974   0.700461   0.004004   0.268000  -2.640121    867      0
 7.2186E+00   7.334178   0.194919 -37.366489   0.001854 -12.593104   0.000000   0.285213   0.005984   0.014000   0.050138      5
 1.0559E+08   1.823842   1.267912 -14.148410 -99.000000  -8.928570   0.000000   0.000024   0.001460   0.014325  0.000E+00  max increase


__________________________________________________________________________________________________________________________________________________

       step    lg_Tmax     Teff     lg_LH      lg_Lnuc_tot     Mass       H_rich     H_cntr     N_cntr     Y_surf   eta_cntr   zones  retry
  lg_dt_yrs    lg_Tcntr    lg_R     lg_L3a     lg_Lneu     lg_Mdot    He_core    He_cntr    O_cntr     Z_surf   gam_cntr   iters  
    age_yrs    lg_Dcntr    lg_L     lg_LZ      lg_Lphoto   lg_Dsurf   CO_core    C_cntr     Ne_cntr    Z_cntr   v_div_cs       dt_limit
__________________________________________________________________________________________________________________________________________________

        140   7.334524   9564.421   1.272146   1.272146   1.999969   1.999969   0.696969   0.004099   0.268000  -2.646190    867      0
 7.2977E+00   7.334524   0.197322 -37.338707   0.009186 -12.586961   0.000000   0.288720   0.005874   0.014000   0.050149      5
 1.2544E+08   1.822663   1.271972 -99.000000 -99.000000  -8.930606   0.000000   0.000025   0.001460   0.014311  0.000E+00  max increase

        141   7.334959   9559.480   1.277107   1.277107   1.999962   1.999962   0.692713   0.004213   0.268000  -2.653508    867      0
 7.3769E+00   7.334959   0.200252 -37.304424   0.018043 -12.579465   0.000000   0.292992   0.005743   0.014000   0.050164      5
 1.4926E+08   1.821281   1.276935 -99.000000 -99.000000  -8.933116   0.000000   0.000025   0.001460   0.014295  0.000E+00  max increase

        142   7.335503   9553.302   1.283168   1.283168   1.999955   1.999955   0.687506   0.004347   0.268000  -2.662398    867      0
 7.4561E+00   7.335503   0.203844 -37.262292   0.028696 -12.570310   0.000000   0.298218   0.005589   0.014000   0.050183      5
 1.7784E+08   1.819635   1.282996 -14.449440 -99.000000  -8.936142   0.000000   0.000026   0.001460   0.014276  0.000E+00  max increase

        143   7.336186   9545.593   1.290595   1.290595   1.999945   1.999945   0.681128   0.004505   0.268000  -2.673229    870      0
 7.5353E+00   7.336186   0.208259 -37.210359   0.041518 -12.559117   0.000000   0.304620   0.005407   0.014000   0.050208      5
 2.1214E+08   1.817674   1.290424 -99.000000 -99.000000  -8.939809   0.000000   0.000027   0.001460   0.014253  0.000E+00  max increase

        144   7.337053   9535.942   1.299741   1.299741   1.999934   1.999934   0.673291   0.004691   0.268000  -2.686461    870      0
 7.6145E+00   7.337053   0.213712 -37.146046   0.056972 -12.545390   0.000000   0.312483   0.005193   0.014000   0.050242      5
 2.5330E+08   1.815343   1.299572 -99.000000 -99.000000  -8.944281   0.000000   0.000028   0.001460   0.014226  0.000E+00  max increase

        145   7.338162   9523.749   1.311084   1.311084   1.999919   1.999919   0.663623   0.004907   0.268000  -2.702705    870      0
 7.6936E+00   7.338162   0.220495 -37.065999   0.075640 -12.528471   0.000000   0.322183   0.004944   0.014000   0.050286      5
 3.0269E+08   1.812567   1.310916 -99.000000 -99.000000  -8.949758   0.000000   0.000030   0.001460   0.014194  0.000E+00  max increase

        146   7.339592   9507.729   1.325268   1.325268   1.999901   1.999901   0.651572   0.005159   0.268000  -2.722810    869      0
 7.7728E+00   7.339592   0.229049 -36.965579   0.098286 -12.507472   0.000000   0.334270   0.004654   0.014000   0.050347      7
 3.6196E+08   1.809254   1.325100 -14.449440 -99.000000  -8.956380   0.000000   0.000031   0.001460   0.014158  0.000E+00  max increase

        147   7.341456   9486.247   1.343195   1.343195   1.999877   1.999877   0.636445   0.005451   0.268000  -2.747925    869      0
 7.8520E+00   7.341456   0.239978 -36.838714   0.125884 -12.481155   0.000000   0.349440   0.004318   0.014000   0.050433      5
 4.3308E+08   1.805276   1.343027 -99.000000 -99.000000  -8.964375   0.000000   0.000034   0.001460   0.014115  0.000E+00      XHe_cntr

        148   7.343091   9466.306   1.358603   1.358603   1.999856   1.999856   0.623532   0.005683   0.268000  -2.769323    871      0
 7.7664E+00   7.343091   0.249509 -36.730395   0.148767 -12.447795   0.000000   0.362386   0.004050   0.014000   0.050514      6
 4.9148E+08   1.801986   1.358435 -13.750470 -99.000000  -8.970792   0.000000   0.000035   0.001460   0.014082  0.000E+00      XHe_cntr

        149   7.344630   9446.501   1.372867   1.372867   1.999837   1.999837   0.611652   0.005884   0.268000  -2.789000    875      0
 7.7146E+00   7.344630   0.258460 -36.630675   0.169329 -12.419007   0.000000   0.374296   0.003818   0.014000   0.050594      5
 5.4331E+08   1.799037   1.372698 -99.000000 -99.000000  -8.976304   0.000000   0.000037   0.001460   0.014052  0.000E+00      XHe_cntr


__________________________________________________________________________________________________________________________________________________

       step    lg_Tmax     Teff     lg_LH      lg_Lnuc_tot     Mass       H_rich     H_cntr     N_cntr     Y_surf   eta_cntr   zones  retry
  lg_dt_yrs    lg_Tcntr    lg_R     lg_L3a     lg_Lneu     lg_Mdot    He_core    He_cntr    O_cntr     Z_surf   gam_cntr   iters  
    age_yrs    lg_Dcntr    lg_L     lg_LZ      lg_Lphoto   lg_Dsurf   CO_core    C_cntr     Ne_cntr    Z_cntr   v_div_cs       dt_limit
__________________________________________________________________________________________________________________________________________________

        150   7.346115   9427.934   1.386554   1.386554   1.999817   1.999817   0.600609   0.006061   0.268000  -2.807733    877      0
 7.6805E+00   7.346115   0.267014 -36.537036   0.188500 -12.392251   0.000000   0.385364   0.003615   0.014000   0.050665      5
 5.9123E+08   1.796204   1.386389 -13.847380 -99.000000  -8.981691   0.000000   0.000038   0.001460   0.014027  0.000E+00      XHe_cntr

save LOGS/profile4.data for model 150
save photos/x150 for model 150
        151   7.347606   9408.588   1.400114   1.400114   1.999797   1.999797   0.589759   0.006224   0.268000  -2.826114    878      0
 7.6590E+00   7.347606   0.275579 -36.444643   0.207029 -12.366601   0.000000   0.396237   0.003426   0.014000   0.050741      5
 6.3684E+08   1.793497   1.399949 -13.972319 -99.000000  -8.986705   0.000000   0.000039   0.001460   0.014003  0.000E+00      XHe_cntr

        152   7.349129   9387.326   1.413830   1.413830   1.999777   1.999777   0.578791   0.006381   0.268000  -2.844394    880      0
 7.6443E+00   7.349129   0.284400 -36.351415   0.225327 -12.341118   0.000000   0.407228   0.003245   0.014000   0.050828      5
 6.8092E+08   1.790928   1.413662 -14.449440 -99.000000  -8.991216   0.000000   0.000040   0.001460   0.013980  0.000E+00      XHe_cntr

        153   7.350692   9362.553   1.427623   1.427623   1.999757   1.999757   0.567492   0.006534   0.268000  -2.862718    883      0
 7.6286E+00   7.350692   0.293589 -36.256376   0.243337 -12.315212   0.000000   0.418549   0.003069   0.014000   0.050934      5
 7.2344E+08   1.788510   1.427448 -99.000000 -99.000000  -8.994633   0.000000   0.000042   0.001460   0.013958  0.000E+00      XHe_cntr

        154   7.352245   9336.784   1.441260   1.441260   1.999736   1.999736   0.556427   0.006676   0.268000  -2.880846    880      0
 7.6088E+00   7.352245   0.302801 -36.163400   0.260771 -12.288901   0.000000   0.429635   0.002905   0.014000   0.051042      5
 7.6407E+08   1.786116   1.441085 -99.000000 -99.000000  -8.997521   0.000000   0.000043   0.001460   0.013938  0.000E+00      XHe_cntr

        155   7.353801   9309.875   1.454777   1.454777   1.999715   1.999715   0.545534   0.006808   0.268000  -2.898758    876      0
 7.5891E+00   7.353801   0.312066 -36.071631   0.277710 -12.262772   0.000000   0.440547   0.002753   0.014000   0.051153      5
 8.0289E+08   1.783791   1.454600 -99.000000 -99.000000  -8.999833   0.000000   0.000044   0.001460   0.013918  0.000E+00      XHe_cntr

        156   7.355372   9281.340   1.468306   1.468306   1.999693   1.999693   0.534689   0.006932   0.268000  -2.916640    880      0
 7.5733E+00   7.355372   0.321496 -35.980135   0.294335 -12.236762   0.000000   0.451411   0.002610   0.014000   0.051270      5
 8.4033E+08   1.781510   1.468127 -99.000000 -99.000000  -9.001490   0.000000   0.000045   0.001460   0.013900  0.000E+00      XHe_cntr

        157   7.356963   9251.009   1.481883   1.481883   1.999671   1.999671   0.523860   0.007050   0.268000  -2.934552    885      0
 7.5588E+00   7.356963   0.331127 -35.888652   0.310707 -12.210598   0.000000   0.462257   0.002474   0.014000   0.051392      5
 8.7654E+08   1.779263   1.481704 -13.750470 -99.000000  -9.002429   0.000000   0.000046   0.001460   0.013883  0.000E+00      XHe_cntr

        158   7.358574   9218.807   1.495527   1.495527   1.999648   1.999648   0.513046   0.007161   0.268000  -2.952514    883      0
 7.5446E+00   7.358574   0.340976 -35.797102   0.326860 -12.184199   0.000000   0.473087   0.002345   0.014000   0.051519      5
 9.1159E+08   1.777042   1.495345 -14.449440 -99.000000  -9.002594   0.000000   0.000047   0.001460   0.013867  0.000E+00      XHe_cntr

        159   7.360207   9184.634   1.509251   1.509251   1.999624   1.999624   0.502243   0.007266   0.268000  -2.970549    889      0
 7.5307E+00   7.360207   0.351063 -35.705415   0.342826 -12.157530   0.000000   0.483905   0.002224   0.014000   0.051653      5
 9.4552E+08   1.774843   1.509067 -99.000000 -99.000000  -9.001915   0.000000   0.000048   0.001460   0.013852  0.000E+00      XHe_cntr


__________________________________________________________________________________________________________________________________________________

       step    lg_Tmax     Teff     lg_LH      lg_Lnuc_tot     Mass       H_rich     H_cntr     N_cntr     Y_surf   eta_cntr   zones  retry
  lg_dt_yrs    lg_Tcntr    lg_R     lg_L3a     lg_Lneu     lg_Mdot    He_core    He_cntr    O_cntr     Z_surf   gam_cntr   iters  
    age_yrs    lg_Dcntr    lg_L     lg_LZ      lg_Lphoto   lg_Dsurf   CO_core    C_cntr     Ne_cntr    Z_cntr   v_div_cs       dt_limit
__________________________________________________________________________________________________________________________________________________

        160   7.361869   9148.201   1.523159   1.523159   1.999600   1.999600   0.491402   0.007367   0.268000  -2.988530    892      0
 7.5170E+00   7.361869   0.361468 -35.613002   0.358722 -12.130552   0.000000   0.494761   0.002108   0.014000   0.051796      5
 9.7841E+08   1.772743   1.522973 -14.148410 -99.000000  -9.002750   0.000000   0.000049   0.001460   0.013837  0.000E+00      XHe_cntr

        161   7.363564   9108.473   1.537165   1.537165   1.999575   1.999575   0.480394   0.007463   0.268000  -3.006561    895      0
 7.5029E+00   7.363564   0.372249 -35.519380   0.374461 -12.103059   0.000000   0.505783   0.001997   0.014000   0.051954      5
 1.0102E+09   1.770745   1.536974 -13.847380 -99.000000  -9.004207   0.000000   0.000050   0.001460   0.013823  0.000E+00      XHe_cntr

        162   7.365285   9065.508   1.551168   1.551168   1.999549   1.999549   0.469267   0.007555   0.268000  -3.024595    897      0
 7.4870E+00   7.365285   0.383355 -35.425078   0.389949 -12.075123   0.000000   0.516923   0.001890   0.014000   0.052127      5
 1.0409E+09   1.768842   1.550972 -99.000000 -99.000000  -8.999159   0.000000   0.000051   0.001460   0.013809  0.000E+00      XHe_cntr

        163   7.367018   9019.495   1.565085   1.565085   1.999522   1.999522   0.458117   0.007642   0.268000  -3.042547    899      0
 7.4687E+00   7.367018   0.394731 -35.330773   0.405118 -12.046920   0.000000   0.528086   0.001790   0.014000   0.052313      5
 1.0704E+09   1.767027   1.564885 -99.000000 -99.000000  -8.992384   0.000000   0.000052   0.001460   0.013797  0.000E+00      XHe_cntr

        164   7.368743   8972.113   1.578887   1.578887   1.999496   1.999496   0.447207   0.007722   0.268000  -3.060318    901      0
 7.4496E+00   7.368743   0.406206 -35.237985   0.419975 -12.018604   0.000000   0.539008   0.001697   0.014000   0.052500      5
 1.0985E+09   1.765232   1.578685 -13.847380 -99.000000  -8.984447   0.000000   0.000052   0.001460   0.013785  0.000E+00      XHe_cntr

        165   7.370473   8922.927   1.592658   1.592658   1.999468   1.999468   0.436444   0.007797   0.268000  -3.078008    903      0
 7.4328E+00   7.370473   0.417866 -35.145835   0.434611 -11.990357   0.000000   0.549782   0.001610   0.014000   0.052690      5
 1.1256E+09   1.763464   1.592455 -13.671289 -99.000000  -8.975182   0.000000   0.000053   0.001460   0.013774  0.000E+00      XHe_cntr

        166   7.372231   8870.646   1.606513   1.606513   1.999439   1.999439   0.425639   0.007868   0.268000  -3.095798    905      0
 7.4193E+00   7.372231   0.429896 -35.052978   0.449150 -11.961997   0.000000   0.560597   0.001527   0.014000   0.052891      5
 1.1519E+09   1.761735   1.606306 -13.671289 -99.000000  -8.967395   0.000000   0.000054   0.001460   0.013763  0.000E+00      XHe_cntr

        167   7.374031   8813.974   1.620465   1.620465   1.999409   1.999409   0.414632   0.007937   0.268000  -3.113746    909      0
 7.4061E+00   7.374031   0.442436 -34.958458   0.463609 -11.933217   0.000000   0.571614   0.001448   0.014000   0.053109      5
 1.1773E+09   1.760089   1.620253 -99.000000 -99.000000  -8.953426   0.000000   0.000055   0.001460   0.013753  0.000E+00      XHe_cntr

        168   7.375876   8751.807   1.634440   1.634440   1.999379   1.999379   0.403342   0.008003   0.268000  -3.131813    911      0
 7.3904E+00   7.375876   0.455566 -34.861945   0.477911 -11.903881   0.000000   0.582915   0.001371   0.014000   0.053353      5
 1.2019E+09   1.758577   1.634217 -99.000000 -99.000000  -8.936186   0.000000   0.000056   0.001460   0.013744  0.000E+00      XHe_cntr

        169   7.377705   8688.250   1.648281   1.648281   1.999347   1.999347   0.392366   0.008064   0.268000  -3.149671    912      0
 7.3705E+00   7.377705   0.468817 -34.767281   0.491986 -11.874025   0.000000   0.593900   0.001301   0.014000   0.053595      5
 1.2254E+09   1.757064   1.648057 -14.148410 -99.000000  -8.917419   0.000000   0.000057   0.001460   0.013735  0.000E+00      XHe_cntr


__________________________________________________________________________________________________________________________________________________

       step    lg_Tmax     Teff     lg_LH      lg_Lnuc_tot     Mass       H_rich     H_cntr     N_cntr     Y_surf   eta_cntr   zones  retry
  lg_dt_yrs    lg_Tcntr    lg_R     lg_L3a     lg_Lneu     lg_Mdot    He_core    He_cntr    O_cntr     Z_surf   gam_cntr   iters  
    age_yrs    lg_Dcntr    lg_L     lg_LZ      lg_Lphoto   lg_Dsurf   CO_core    C_cntr     Ne_cntr    Z_cntr   v_div_cs       dt_limit
__________________________________________________________________________________________________________________________________________________

        170   7.379526   8623.218   1.662008   1.662008   1.999315   1.999315   0.381641   0.008120   0.268000  -3.167313    909      0
 7.3520E+00   7.379526   0.482206 -34.673826   0.505832 -11.844238   0.000000   0.604633   0.001236   0.014000   0.053839      5
 1.2479E+09   1.755583   1.661783 -13.847380 -99.000000  -8.897136   0.000000   0.000057   0.001460   0.013726  0.000E+00      XHe_cntr

        171   7.381391   8553.393   1.675790   1.675790   1.999282   1.999282   0.370724   0.008174   0.268000  -3.185044    912      0
 7.3388E+00   7.381391   0.496156 -34.578569   0.519595 -11.814487   0.000000   0.615557   0.001173   0.014000   0.054104      5
 1.2697E+09   1.754219   1.675559 -99.000000 -99.000000  -8.873840   0.000000   0.000058   0.001460   0.013718  0.000E+00      XHe_cntr

        172   7.383320   8476.385   1.689602   1.689602   1.999247   1.999247   0.359378   0.008226   0.268000  -3.202920    916      0
 7.3248E+00   7.383320   0.510911 -34.480125   0.533245 -11.784200   0.000000   0.626912   0.001112   0.014000   0.054406      5
 1.2908E+09   1.753057   1.689358 -99.000000 -99.000000  -8.846242   0.000000   0.000059   0.001460   0.013711  0.000E+00      XHe_cntr

        173   7.385231   8397.914   1.703271   1.703271   1.999211   1.999211   0.348374   0.008274   0.268000  -3.220507    916      0
 7.3049E+00   7.385231   0.525824 -34.383488   0.546733 -11.753207   0.000000   0.637922   0.001056   0.014000   0.054707      5
 1.3110E+09   1.751914   1.703027 -99.000000 -99.000000  -8.817158   0.000000   0.000060   0.001460   0.013704  0.000E+00      XHe_cntr

        174   7.387138   8317.528   1.716933   1.716933   1.999175   1.999175   0.337657   0.008318   0.268000  -3.237705    911      0
 7.2856E+00   7.387138   0.541008 -34.287747   0.560152 -11.722257   0.000000   0.648646   0.001005   0.014000   0.055011      5
 1.3303E+09   1.750870   1.716687 -13.546350 -99.000000  -8.786538   0.000000   0.000060   0.001460   0.013697  0.000E+00      XHe_cntr

        175   7.389106   8230.407   1.730669   1.730669   1.999137   1.999137   0.326640   0.008361   0.268000  -3.255029    917      0
 7.2724E+00   7.389106   0.557017 -34.189121   0.573538 -11.691091   0.000000   0.659670   0.000955   0.014000   0.055346      5
 1.3490E+09   1.749993   1.730412 -13.546350 -99.000000  -8.751958   0.000000   0.000061   0.001460   0.013691  0.000E+00      XHe_cntr

        176   7.391132   8136.289   1.744419   1.744419   1.999097   1.999097   0.315358   0.008402   0.268000  -3.272441    915      0
 7.2575E+00   7.391132   0.573875 -34.087897   0.586870 -11.659147   0.000000   0.670957   0.000907   0.014000   0.055713      5
 1.3671E+09   1.749284   1.744150 -99.000000 -99.000000  -8.713305   0.000000   0.000062   0.001460   0.013685  0.000E+00      XHe_cntr

        177   7.393138   8040.658   1.758038   1.758038   1.999056   1.999056   0.304477   0.008439   0.268000  -3.289600    915      0
 7.2375E+00   7.393138   0.590954 -33.988460   0.600089 -11.626473   0.000000   0.681844   0.000863   0.014000   0.056075      5
 1.3844E+09   1.748555   1.757768 -13.847380 -99.000000  -8.673563   0.000000   0.000063   0.001460   0.013679  0.000E+00      XHe_cntr

        178   7.395184   7939.339   1.771592   1.771592   1.999014   1.999014   0.293510   0.008475   0.268000  -3.306672    923      0
 7.2202E+00   7.395184   0.608740 -33.887365   0.613176 -11.593778   0.000000   0.692816   0.000822   0.014000   0.056461      5
 1.4010E+09   1.747982   1.771312 -13.847380 -99.000000  -8.630767   0.000000   0.000063   0.001460   0.013674  0.000E+00      XHe_cntr

        179   7.397297   7830.092   1.785089   1.785089   1.998970   1.998970   0.282219   0.008509   0.268000  -3.323730    919      0
 7.2052E+00   7.397297   0.627517 -33.782927   0.626153 -11.560588   0.000000   0.704112   0.000782   0.014000   0.056889      5
 1.4170E+09   1.747660   1.784795 -99.000000 -99.000000  -8.584039   0.000000   0.000064   0.001460   0.013669  0.000E+00      XHe_cntr


__________________________________________________________________________________________________________________________________________________

       step    lg_Tmax     Teff     lg_LH      lg_Lnuc_tot     Mass       H_rich     H_cntr     N_cntr     Y_surf   eta_cntr   zones  retry
  lg_dt_yrs    lg_Tcntr    lg_R     lg_L3a     lg_Lneu     lg_Mdot    He_core    He_cntr    O_cntr     Z_surf   gam_cntr   iters  
    age_yrs    lg_Dcntr    lg_L     lg_LZ      lg_Lphoto   lg_Dsurf   CO_core    C_cntr     Ne_cntr    Z_cntr   v_div_cs       dt_limit
__________________________________________________________________________________________________________________________________________________

        180   7.399390   7719.583   1.798428   1.798428   1.998924   1.998924   0.271358   0.008540   0.268000  -3.340450    935      0
 7.1856E+00   7.399390   0.646533 -33.680217   0.639016 -11.526650   0.000000   0.714978   0.000746   0.014000   0.057312      6
 1.4324E+09   1.747337   1.798135 -13.847380 -99.000000  -8.537079   0.000000   0.000065   0.001460   0.013664  0.000E+00      XHe_cntr

        181   7.401534   7602.341   1.811649   1.811649   1.998877   1.998877   0.260348   0.008569   0.268000  -3.357004    937      0
 7.1683E+00   7.401534   0.666430 -33.575028   0.651712 -11.492707   0.000000   0.725992   0.000712   0.014000   0.057768      5
 1.4471E+09   1.747246   1.811343 -99.000000 -99.000000  -8.487193   0.000000   0.000066   0.001460   0.013660  0.000E+00      XHe_cntr

        182   7.403724   7479.101   1.824829   1.824829   1.998827   1.998827   0.249313   0.008596   0.268000  -3.373453    938      0
 7.1531E+00   7.403724   0.687211 -33.467868   0.664370 -11.458202   0.000000   0.737032   0.000679   0.014000   0.058249      6
 1.4613E+09   1.747308   1.824514 -13.370259 -99.000000  -8.435022   0.000000   0.000066   0.001460   0.013655  0.000E+00      XHe_cntr

        183   7.405958   7349.568   1.837897   1.837897   1.998776   1.998776   0.238259   0.008622   0.268000  -3.389706    939      0
 7.1357E+00   7.405958   0.708915 -33.358668   0.676914 -11.423007   0.000000   0.748090   0.000648   0.014000   0.058758      6
 1.4750E+09   1.747560   1.837571 -13.148410 -99.000000  -8.381084   0.000000   0.000067   0.001460   0.013651  0.000E+00      XHe_cntr

        184   7.408280   7210.479   1.850826   1.850826   1.998722   1.998722   0.226879   0.008647   0.268000  -3.405814    948      0
 7.1184E+00   7.408280   0.731965 -33.244899   0.689292 -11.387192   0.000000   0.759474   0.000619   0.014000   0.059320      7
 1.4881E+09   1.748157   1.850480 -99.000000 -99.000000  -8.325099   0.000000   0.000068   0.001460   0.013648  0.000E+00      XHe_cntr

        185   7.410583   7069.670   1.863585   1.863585   1.998666   1.998666   0.216001   0.008670   0.268000  -3.421520    945      0
 7.0977E+00   7.410583   0.755473 -33.132551   0.701569 -11.350449   0.000000   0.770355   0.000592   0.014000   0.059873      7
 1.5007E+09   1.748754   1.863237 -99.000000 -99.000000  -8.272167   0.000000   0.000068   0.001460   0.013644  0.000E+00      XHe_cntr

        186   7.413004   6917.569   1.876162   1.876162   1.998608   1.998608   0.204672   0.008692   0.268000  -3.437011    960      0
 7.0796E+00   7.413004   0.780641 -33.013902   0.713618 -11.313527   0.000000   0.781687   0.000566   0.014000   0.060496      8
 1.5127E+09   1.749817   1.875789 -99.000000 -99.000000  -8.218865   0.000000   0.000069   0.001460   0.013641  0.000E+00      XHe_cntr

        187   7.415430   6762.026   1.888688   1.888688   1.998546   1.998546   0.193759   0.008711   0.268000  -3.452009    964      0
 7.0614E+00   7.415430   0.806655 -32.895151   0.725685 -11.275492   0.000000   0.792604   0.000543   0.014000   0.061119      8
 1.5242E+09   1.750987   1.888310 -99.000000 -99.000000  -8.167681   0.000000   0.000070   0.001460   0.013638  0.000E+00      XHe_cntr

        188   7.417979   6595.567   1.901010   1.901010   1.998482   1.998482   0.182470   0.008730   0.268000  -3.466461    967      0
 7.0429E+00   7.417979   0.834452 -32.769539   0.737523 -11.236788   0.000000   0.803895   0.000520   0.014000   0.061817      9
 1.5352E+09   1.752750   1.900607 -99.000000 -99.000000  -8.112865   0.000000   0.000071   0.001460   0.013635  0.000E+00      XHe_cntr

        189   7.420535   6426.650   1.913178   1.913178   1.998415   1.998415   0.171626   0.008748   0.268000  -3.480440    997      0
 7.0248E+00   7.420535   0.863070 -32.643546   0.749272 -11.196893   0.000000   0.814742   0.000499   0.014000   0.062514      8
 1.5458E+09   1.754600   1.912772 -99.000000 -99.000000  -8.054578   0.000000   0.000072   0.001460   0.013632  0.000E+00      XHe_cntr


__________________________________________________________________________________________________________________________________________________

       step    lg_Tmax     Teff     lg_LH      lg_Lnuc_tot     Mass       H_rich     H_cntr     N_cntr     Y_surf   eta_cntr   zones  retry
  lg_dt_yrs    lg_Tcntr    lg_R     lg_L3a     lg_Lneu     lg_Mdot    He_core    He_cntr    O_cntr     Z_surf   gam_cntr   iters  
    age_yrs    lg_Dcntr    lg_L     lg_LZ      lg_Lphoto   lg_Dsurf   CO_core    C_cntr     Ne_cntr    Z_cntr   v_div_cs       dt_limit
__________________________________________________________________________________________________________________________________________________

        190   7.423172   6251.548   1.925038   1.925038   1.998345   1.998345   0.160759   0.008764   0.268000  -3.493820   1000      0
 7.0032E+00   7.423172   0.892984 -32.512804   0.760718 -11.156488   0.000000   0.825611   0.000480   0.014000   0.063257      7
 1.5559E+09   1.756874   1.924613 -13.847380 -99.000000  -7.990169   0.000000   0.000072   0.001460   0.013629  0.000E+00        lgTeff

        191   7.425840   6075.384   1.936447   1.936447   1.998272   1.998272   0.150164   0.008778   0.268000  -3.506394   1000      0
 6.9759E+00   7.425840   0.923509 -32.379839   0.771749 -11.115435   0.000000   0.836209   0.000462   0.014000   0.064022      7
 1.5653E+09   1.759477   1.936006 -13.847380 -99.000000  -7.924217   0.000000   0.000073   0.001460   0.013627  0.000E+00        lgTeff

        192   7.428494   5906.161   1.947180   1.947180   1.998199   1.998199   0.140016   0.008792   0.268000  -3.517906   1010      0
 6.9395E+00   7.428494   0.953403 -32.246637   0.782141 -11.074475   0.000000   0.846360   0.000446   0.014000   0.064797      7
 1.5740E+09   1.762382   1.946720 -13.370259 -99.000000  -7.862182   0.000000   0.000074   0.001460   0.013625  0.000E+00        lgTeff

        193   7.431137   5761.728   1.957258   1.957258   1.998125   1.998125   0.130315   0.008804   0.268000  -3.528367    993      0
 6.9029E+00   7.431137   0.979937 -32.113001   0.791914 -11.034960   0.000000   0.856062   0.000431   0.014000   0.065578      7
 1.5820E+09   1.765583   1.956779 -13.546350 -99.000000  -7.812928   0.000000   0.000075   0.001460   0.013623  0.000E+00        lgTeff

        194   7.433855   5639.092   1.967020   1.967020   1.998049   1.998049   0.120771   0.008815   0.268000  -3.538100    976      0
 6.8797E+00   7.433855   1.003496 -31.974352   0.801397 -10.999145   0.000000   0.865608   0.000417   0.014000   0.066388      7
 1.5896E+09   1.769182   1.966522 -99.000000 -99.000000  -7.774789   0.000000   0.000076   0.001460   0.013621  0.000E+00    varcontrol

        195   7.436749   5541.593   1.976743   1.976743   1.997970   1.997970   0.111106   0.008825   0.268000  -3.547284    956      0
 6.8683E+00   7.436749   1.023496 -31.825308   0.810857 -10.966249   0.000000   0.875275   0.000404   0.014000   0.067253      6
 1.5970E+09   1.773360   1.976224 -99.000000 -99.000000  -7.748402   0.000000   0.000076   0.001460   0.013619  0.000E+00    varcontrol

        196   7.439932   5460.765   1.986562   1.986562   1.997885   1.997885   0.101046   0.008836   0.268000  -3.555942    956      0
 6.8630E+00   7.439932   1.041156 -31.659358   0.820426 -10.936391   0.000000   0.885337   0.000391   0.014000   0.068206      6
 1.6043E+09   1.778389   1.986019 -13.546350 -99.000000  -7.729946   0.000000   0.000077   0.001460   0.013617  0.000E+00    varcontrol

        197   7.443520   5385.406   1.996721   1.996721   1.997795   1.318872   0.090454   0.008846   0.268000  -3.563655    965      0
 6.8625E+00   7.443520   1.058292 -31.469431   0.830347 -10.908370   0.678924   0.895930   0.000378   0.014000   0.069278      6
 1.6116E+09   1.784684   1.996151 -13.546350 -99.000000  -7.715444   0.000000   0.000078   0.001460   0.013616  0.000E+00      XHe_cntr

        198   7.447364   5316.189   2.007167   2.007167   1.997701   1.295252   0.080124   0.008855   0.268000  -3.570555    958      0
 6.8557E+00   7.447364   1.074750 -31.263265   0.840592 -10.880331   0.702449   0.906262   0.000365   0.014000   0.070369      5
 1.6188E+09   1.791651   2.006595 -13.847380 -99.000000  -7.704627   0.000000   0.000080   0.001460   0.013614  0.000E+00      XHe_cntr

        199   7.451773   5251.214   2.017881   2.017881   1.997602   1.295154   0.069365   0.008865   0.268000  -3.576020    960      0
 6.8455E+00   7.451773   1.090779 -31.022428   0.851118 -10.852439   0.702449   0.917023   0.000353   0.014000   0.071578      5
 1.6258E+09   1.800300   2.017291 -13.546350 -99.000000  -7.696598   0.000000   0.000081   0.001460   0.013612  0.000E+00    lg_XH_cntr


__________________________________________________________________________________________________________________________________________________

       step    lg_Tmax     Teff     lg_LH      lg_Lnuc_tot     Mass       H_rich     H_cntr     N_cntr     Y_surf   eta_cntr   zones  retry
  lg_dt_yrs    lg_Tcntr    lg_R     lg_L3a     lg_Lneu     lg_Mdot    He_core    He_cntr    O_cntr     Z_surf   gam_cntr   iters  
    age_yrs    lg_Dcntr    lg_L     lg_LZ      lg_Lphoto   lg_Dsurf   CO_core    C_cntr     Ne_cntr    Z_cntr   v_div_cs       dt_limit
__________________________________________________________________________________________________________________________________________________

        200   7.456671   5192.297   2.028661   2.028661   1.997504   1.290370   0.058791   0.008873   0.268000  -3.579549    974      0
 6.8179E+00   7.456671   1.105968 -30.749609   0.861742 -10.824568   0.707134   0.927599   0.000342   0.014000   0.072836      5
 1.6323E+09   1.810488   2.028068 -13.847380 -99.000000  -7.691568   0.000000   0.000082   0.001460   0.013611  0.000E+00    lg_XH_cntr

save LOGS/profile5.data for model 200
save photos/x200 for model 200
        201   7.461896   5141.814   2.039019   2.039019   1.997412   1.290278   0.049008   0.008880   0.268000  -3.580573    978      0
 6.7611E+00   7.461896   1.119639 -30.452540   0.871979 -10.797291   0.707134   0.937383   0.000332   0.014000   0.074063      5
 1.6381E+09   1.821964   2.038436 -99.000000 -99.000000  -7.689396   0.000000   0.000084   0.001460   0.013609  0.000E+00    lg_XH_cntr

        202   7.467215   5100.305   2.048742   2.048742   1.997330   1.290195   0.040535   0.008886   0.268000  -3.579293    998      0
 6.6863E+00   7.467215   1.131559 -30.144490   0.881617 -10.771837   0.707134   0.945858   0.000323   0.014000   0.075168      5
 1.6430E+09   1.834066   2.048195 -99.000000 -99.000000  -7.689489   0.000000   0.000085   0.001460   0.013608  0.000E+00    lg_XH_cntr

        203   7.472639   5066.575   2.057756   2.057756   1.997259   1.290124   0.033250   0.008890   0.268000  -3.575610    999      0
 6.6010E+00   7.472639   1.141856 -29.825099   0.890572 -10.748674   0.707134   0.953144   0.000316   0.014000   0.076154      5
 1.6470E+09   1.846887   2.057264 -99.000000 -99.000000  -7.691071   0.000000   0.000087   0.001460   0.013606  0.000E+00    lg_XH_cntr

        204   7.478116   5039.992   2.066047   2.066047   1.997198   1.290064   0.027109   0.008894   0.268000  -3.569718    997      0
 6.5092E+00   7.478116   1.150610 -29.497994   0.898823 -10.727802   0.707134   0.959285   0.000309   0.014000   0.077010      5
 1.6502E+09   1.860278   2.065634 -13.847380 -99.000000  -7.693594   0.000000   0.000089   0.001460   0.013605  0.000E+00    lg_XH_cntr

        205   7.483685   5018.750   2.073650   2.073650   1.997148   1.290013   0.021943   0.008897   0.268000  -3.561652   1006      0
 6.4123E+00   7.483685   1.158137 -29.161739   0.906400 -10.709166   0.707134   0.964453   0.000304   0.014000   0.077750      5
 1.6528E+09   1.874342   2.073351 -99.000000 -99.000000  -7.696579   0.000000   0.000090   0.001460   0.013604  0.000E+00    lg_XH_cntr

        206   7.489173   5002.123   2.080589   2.080589   1.997106   1.289971   0.017766   0.008898   0.268000  -3.552059   1014      0
 6.3154E+00   7.489173   1.164562 -28.827775   0.913323 -10.692441   0.707134   0.968630   0.000300   0.014000   0.078356      5
 1.6548E+09   1.888532   2.080435 -13.370259 -99.000000  -7.699753   0.000000   0.000092   0.001460   0.013604  0.000E+00    lg_XH_cntr

        207   7.494802   4988.886   2.087015   2.087015   1.997071   1.289937   0.014266   0.008900   0.268000  -3.540607   1010      0
 6.2185E+00   7.494802   1.170177 -28.483514   0.919739 -10.677493   0.707134   0.972131   0.000296   0.014000   0.078872      5
 1.6565E+09   1.903450   2.087063 -99.000000 -99.000000  -7.702989   0.000000   0.000094   0.001460   0.013603  0.000E+00    lg_XH_cntr

        208   7.500202   4979.011   2.092857   2.092857   1.997042   1.289908   0.011541   0.008900   0.268000  -3.528537   1018      0
 6.1216E+00   7.500202   1.174929 -28.152462   0.925575 -10.663839   0.707134   0.974857   0.000293   0.014000   0.079273      5
 1.6578E+09   1.917963   2.093123 -99.000000 -99.000000  -7.706110   0.000000   0.000095   0.001460   0.013602  0.000E+00    lg_XH_cntr

        209   7.505917   4970.747   2.098370   2.098370   1.997019   1.289884   0.009201   0.008900   0.268000  -3.514400   1004      0
 6.0247E+00   7.505917   1.179309 -27.801913   0.931085 -10.651677   0.707134   0.977198   0.000291   0.014000   0.079623      5
 1.6589E+09   1.933675   2.098999 -99.000000 -99.000000  -7.709223   0.000000   0.000097   0.001460   0.013602  0.000E+00    lg_XH_cntr


__________________________________________________________________________________________________________________________________________________

       step    lg_Tmax     Teff     lg_LH      lg_Lnuc_tot     Mass       H_rich     H_cntr     N_cntr     Y_surf   eta_cntr   zones  retry
  lg_dt_yrs    lg_Tcntr    lg_R     lg_L3a     lg_Lneu     lg_Mdot    He_core    He_cntr    O_cntr     Z_surf   gam_cntr   iters  
    age_yrs    lg_Dcntr    lg_L     lg_LZ      lg_Lphoto   lg_Dsurf   CO_core    C_cntr     Ne_cntr    Z_cntr   v_div_cs       dt_limit
__________________________________________________________________________________________________________________________________________________

        210   7.511494   4965.001   2.103490   2.103490   1.996999   1.289865   0.007368   0.008900   0.268000  -3.499744   1007      0
 5.9277E+00   7.511494   1.183061 -27.460253   0.936203 -10.640074   0.707134   0.979031   0.000288   0.014000   0.079895      5
 1.6597E+09   1.949187   2.104493 -99.000000 -99.000000  -7.712200   0.000000   0.000099   0.001460   0.013601  0.000E+00    lg_XH_cntr

        211   7.517411   4960.744   2.108372   2.108372   1.996983   1.289849   0.005813   0.008900   0.268000  -3.483177    998      0
 5.8308E+00   7.517411   1.186560 -27.098744   0.941085 -10.629512   0.707134   0.980587   0.000287   0.014000   0.080129      5
 1.6604E+09   1.965914   2.110000 -99.000000 -99.000000  -7.715219   0.000000   0.000101   0.001460   0.013601  0.000E+00    lg_XH_cntr

        212   7.523249   4957.817   2.112997   2.112997   1.996970   1.289836   0.004599   0.008899   0.268000  -3.466190   1002      0
 5.7339E+00   7.523249   1.189708 -26.743583   0.945710 -10.619146   0.707134   0.981801   0.000285   0.014000   0.080309      5
 1.6609E+09   1.982555   2.115272 -13.546350 -99.000000  -7.718127   0.000000   0.000103   0.001460   0.013600  0.000E+00    lg_XH_cntr

        213   7.529839   4955.763   2.117473   2.117473   1.996960   1.289825   0.003525   0.008897   0.268000  -3.445984   1000      0
 5.6370E+00   7.529839   1.192953 -26.344585   0.950186 -10.609391   0.707134   0.982876   0.000284   0.014000   0.080475      5
 1.6614E+09   2.001655   2.121041 -13.245320 -99.000000  -7.721323   0.000000   0.000105   0.001460   0.013600  0.000E+00    lg_XH_cntr

        214   7.536655   4954.577   2.121938   2.121938   1.996951   1.289817   0.002677   0.008896   0.268000  -3.424507   1000      0
 5.5401E+00   7.536655   1.196096 -25.934701   0.954653 -10.598883   0.707134   0.983724   0.000283   0.014000   0.080605      5
 1.6617E+09   2.021544   2.126911 -99.000000 -99.000000  -7.724583   0.000000   0.000107   0.001460   0.013599  0.000E+00    lg_XH_cntr

        215   7.543817   4954.161   2.126169   2.126169   1.996944   1.289809   0.002005   0.008894   0.268000  -3.401285    995      0
 5.4432E+00   7.543817   1.199244 -25.507270   0.958884 -10.588325   0.707134   0.984397   0.000282   0.014000   0.080711      5
 1.6620E+09   2.042628   2.133061 -99.000000 -99.000000  -7.728005   0.000000   0.000109   0.001460   0.013599  0.000E+00    lg_XH_cntr

        216   7.551401   4954.236   2.130130   2.130130   1.996938   1.289804   0.001475   0.008892   0.268000  -3.376045    996      0
 5.3463E+00   7.551401   1.202512 -25.058455   0.962844 -10.577384   0.707134   0.984927   0.000281   0.014000   0.080801      5
 1.6622E+09   2.065153   2.139624 -99.000000 -99.000000  -7.731660   0.000000   0.000112   0.001460   0.013598  0.000E+00    lg_XH_cntr

        217   7.559688   4954.608   2.133591   2.133591   1.996933   1.289799   0.001055   0.008889   0.268000  -3.347640   1003      0
 5.2494E+00   7.559688   1.206090 -24.572669   0.966302 -10.565785   0.707134   0.985348   0.000280   0.014000   0.080886      5
 1.6624E+09   2.090049   2.146912 -99.000000 -99.000000  -7.735724   0.000000   0.000115   0.001460   0.013597  0.000E+00    lg_XH_cntr

        218   7.570067   4954.309   2.135340   2.135340   1.996929   1.289795   0.000689   0.008885   0.268000  -3.310306   1007      0
 5.1525E+00   7.570067   1.210866 -23.970760   0.968045 -10.552949   0.707134   0.985714   0.000280   0.014000   0.081003      5
 1.6625E+09   2.121911   2.156358 -13.069229 -99.000000  -7.740987   0.000000   0.000118   0.001460   0.013597  0.000E+00    lg_XH_cntr

        219   7.583904   4952.447   2.134148   2.134148   1.996926   1.289791   0.000389   0.008880   0.268000  -3.258176   1007      0
 5.0556E+00   7.583904   1.217708 -23.180002   0.966835 -10.536195   0.707134   0.986015   0.000279   0.014000   0.081179      5
 1.6626E+09   2.165311   2.169388 -99.000000 -99.000000  -7.748238   0.000000   0.000123   0.001460   0.013596  0.000E+00    lg_XH_cntr


__________________________________________________________________________________________________________________________________________________

       step    lg_Tmax     Teff     lg_LH      lg_Lnuc_tot     Mass       H_rich     H_cntr     N_cntr     Y_surf   eta_cntr   zones  retry
  lg_dt_yrs    lg_Tcntr    lg_R     lg_L3a     lg_Lneu     lg_Mdot    He_core    He_cntr    O_cntr     Z_surf   gam_cntr   iters  
    age_yrs    lg_Dcntr    lg_L     lg_LZ      lg_Lphoto   lg_Dsurf   CO_core    C_cntr     Ne_cntr    Z_cntr   v_div_cs       dt_limit
__________________________________________________________________________________________________________________________________________________

        220   7.605333   4945.894   2.121607   2.121607   1.996923   1.289789   0.000158   0.008872   0.268000  -3.171899   1009      0
 4.9586E+00   7.605333   1.229142 -21.981214   0.954212 -10.512870   0.707134   0.986247   0.000279   0.014000   0.081548      5
 1.6627E+09   2.234778   2.189957 -99.000000 -99.000000  -7.759668   0.000000   0.000130   0.001460   0.013595  0.000E+00    lg_XH_cntr

        221   7.660600   4911.374   1.999668   1.999668   1.996921   1.289786   0.000013   0.008853   0.268000  -2.915655   1055      0
 4.8617E+00   7.660600   1.260441 -19.025863   0.830920 -10.475521   0.707134   0.986395   0.000278   0.014000   0.083310      7
 1.6628E+09   2.427975   2.240388 -99.000000 -99.000000  -7.787961   0.000000   0.000147   0.001460   0.013592  0.000E+00    lg_XH_cntr

                      residual_norm > tol_residual_norm         222    3.2872563030482779D-04    9.9999999999999995D-07
                        max_residual > tol_max_residual         222    2.4168182994912496D-01    1.0000000000000000D-04
            correction_norm > tol_correction_norm*coeff         222    9.8311483131809144D-06    3.0000000000000001D-06    1.0000000000000001D-01
          max_abs_correction > tol_max_correction*coeff         222    4.0802549381728780D-04    3.0000000000000003D-04    1.0000000000000001D-01
                            solver rejected trial model
                                        s% model_number         222
                                  s% solver_call_number         399
                                                     nz        1114
                                         s% num_retries           0
                                                     dt    1.8362540126772490D+12
                                          log dt/secyer    4.7648287907568871D+00

 retry: avg+max corr+resid -- give up in solver     222
                      residual_norm > tol_residual_norm         222    1.0583500668484020D-03    9.9999999999999995D-07
                        max_residual > tol_max_residual         222    1.1121930078420919D-01    1.0000000000000000D-04
            correction_norm > tol_correction_norm*coeff         222    4.4117452803265284D-03    3.0000000000000004D-07    1.0000000000000000D-02
          max_abs_correction > tol_max_correction*coeff         222    9.2431667084318672D-02    3.0000000000000001D-05    1.0000000000000000D-02
                            solver rejected trial model
                                        s% model_number         222
                                  s% solver_call_number         400
                                                     nz        1114
                                         s% num_retries           1
                                                     dt    9.1812700633862451D+11
                                          log dt/secyer    4.4637987950929068D+00

 retry: avg+max corr+resid -- give up in solver     222
        222   7.678052   4900.477   1.542605   1.542605   1.996920   1.291343   0.000002   0.008850   0.268000  -2.754235   1114      2
 4.1628E+00   7.678052   1.267263 -18.085159   0.365969 -10.381209   0.705577   0.986407   0.000278   0.014000   0.086095     17
 1.6628E+09   2.523133   2.250172 -14.148410 -99.000000  -7.793608   0.000000   0.000150   0.001460   0.013591  0.000E+00         retry


stop because have dropped below central lower limit for h1
    0.5513473289E-07    0.1000000000E-05

        223   7.688817   4888.534   1.315648   1.315648   1.996919   1.291342   0.000000   0.008849   0.268000  -2.569868   1100      2
 4.0659E+00   7.688817   1.273068 -17.395413   0.122724 -10.362285   0.705577   0.986409   0.000278   0.014000   0.090306     16
 1.6628E+09   2.617647   2.257545 -13.847380 -99.000000  -7.798007   0.000000   0.000150   0.001460   0.013591  0.000E+00    lg_XH_cntr

save LOGS/profile6.data for model 223
                                         solver retries           3

                                    varcontrol dt limit          66
                                  max increase dt limit         218
                                        lgTeff dt limit          15
                                    lgRho_cntr dt limit          28
                                    lg_XH_cntr dt limit          25
                                      XHe_cntr dt limit          45

 model saved to M2_Z0.0140_exponential_fov0.10_f00.005.mod
save photos/x223 for model 223
termination code: xa_central_lower_limit
finished custom colors
__________________________________________________________________________________________________________________________________________________

       step    lg_Tmax     Teff     lg_LH      lg_Lnuc_tot     Mass       H_rich     H_cntr     N_cntr     Y_surf   eta_cntr   zones  retry
  lg_dt_yrs    lg_Tcntr    lg_R     lg_L3a     lg_Lneu     lg_Mdot    He_core    He_cntr    O_cntr     Z_surf   gam_cntr   iters  
    age_yrs    lg_Dcntr    lg_L     lg_LZ      lg_Lphoto   lg_Dsurf   CO_core    C_cntr     Ne_cntr    Z_cntr   v_div_cs       dt_limit
__________________________________________________________________________________________________________________________________________________

        223   7.688817   4888.534   1.315648   1.315648   1.996919   1.291342   0.000000   0.008849   0.268000  -2.569868   1100      2
 4.0659E+00   7.688817   1.273068 -17.395413   0.122724 -10.362285   0.705577   0.986409   0.000278   0.014000   0.090306     16
 1.6628E+09   2.617647   2.257545 -13.847380 -99.000000  -7.798007   0.000000   0.000150   0.001460   0.013591  0.000E+00    lgRho_cntr

