                                       1                                        2                                        3                                        4                                        5                                        6                                        7                                        8                                        9                                       10                                       11                                       12                                       13                                       14                                       15                                       16                                       17                                       18                                       19                                       20                                       21                                       22                                       23                                       24                                       25                                       26                                       27                                       28                                       29                                       30                                       31                                       32                                       33                                       34                                       35                                       36                                       37                                       38                                       39                                       40                                       41                                       42                                       43                                       44                                       45                                       46                                       47                                       48                                       49 
                            model_number                                num_zones                             initial_mass                                initial_z                                 star_age                                time_step                                     Teff                            photosphere_L                            photosphere_r                               center_eta                                center_h1                               center_he3                               center_he4                               center_c12                               center_n14                               center_o16                              center_ne20                                star_mass                                star_mdot                             star_mass_h1                            star_mass_he3                            star_mass_he4                            star_mass_c12                            star_mass_n14                            star_mass_o16                           star_mass_ne20                             he_core_mass                             co_core_mass                             fe_core_mass                   neutron_rich_core_mass                             dynamic_time                             kh_timescale                            nuc_timescale                           power_nuc_burn                             power_h_burn                            power_he_burn                                power_neu                                burn_min1                                burn_min2                             time_seconds                           version_number                                 compiler                                    build                         MESA_SDK_version                             math_backend                                     date                                     msun                                     rsun                                     lsun 
                                     250                                      960                  2.0000000000000000E+000                  1.4000000000000000E-003                  6.7736197909893656E+008                  1.1208106093726174E+004                  1.1384165705200119E+004                  5.8310316459104577E+001                  1.9630142074688648E+000                 -1.6106553007279791E+000                  3.3789609152331839E-005                  2.4002321969862631E-017                  9.9860813615736410E-001                  1.2258822330760964E-005                  8.9863424949678417E-004                  1.5823923937054778E-005                  1.4595170967123436E-004                  1.9999345569104003E+000                 -1.1279474415811885E-013                  1.2625860137032694E+000                  4.3333173742773516E-004                  7.3410545334710708E-001                  2.2947247269360435E-004                  6.6300443926468552E-004                  1.0545949645482887E-003                  2.9189386781167792E-004                  2.0726512160862587E-001                  0.0000000000000000E+000                  0.0000000000000000E+000                  0.0000000000000000E+000                  1.9464100051666494E+004                  8.2289350831140496E+005                  3.4298125586628169E+008                  6.3383706605763741E+001                  6.3383706605763720E+001                  2.5038080963757889E-025                  4.3001238062828149E+000                  5.0000000000000000E+001                  1.0000000000000000E+003                  2.1375918391612600E+016                               "5d9f195f"                               "gfortran"                                 "13.3.0"                    "x86_64-linux-24.7.1"                                 "CRMATH"                               "20250718"                  1.9884098706980504E+033                  6.9570000000000000E+010                  3.8280000000000003E+033 

                                       1                                        2                                        3                                        4                                        5                                        6                                        7                                        8                                        9                                       10                                       11                                       12                                       13                                       14                                       15                                       16 
                                    zone                                     mass                                     logR                                     logT                                   logRho                                     logP                        x_mass_fraction_H                       y_mass_fraction_He                   z_mass_fraction_metals                                       pp                                      cno                                tri_alpha                              mixing_type                                log_D_mix                               log_D_conv                                log_D_ovr 
                                       1                  1.9999345569104003E+000                  2.9292344285166233E-001                  4.0590763211582033E+000                 -9.2905559558695696E+000                  2.8924523815764398E+000                  7.5579999999986514E-001                  2.4280000000013482E-001                  1.4000000000000679E-003                  8.7560573364473174E-029                  0.0000000000000000E+000                  0.0000000000000000E+000                                        0                 -9.8999999999999986E+001                 -9.9000000000000000E+001                 -9.9000000000000000E+001 
                                       2                  1.9999345569097753E+000                  2.9289051865656041E-001                  4.0629195198531836E+000                 -9.2661339744619706E+000                  2.9208950416463333E+000                  7.5579999999986514E-001                  2.4280000000013485E-001                  1.4000000000000679E-003                  9.2625620233231284E-029                  0.0000000000000000E+000                  0.0000000000000000E+000                                        0                 -9.8999999999999986E+001                 -9.9000000000000000E+001                 -9.9000000000000000E+001 
                                       3                  1.9999345569095253E+000                  2.9287806716894954E-001                  4.0650924711502920E+000                 -9.2529839851083651E+000                  2.9363506997902116E+000                  7.5579999999986514E-001                  2.4280000000013485E-001                  1.4000000000000679E-003                  9.5473187335972077E-029                  0.0000000000000000E+000                  0.0000000000000000E+000                                        0                 -9.8999999999999986E+001                 -9.9000000000000000E+001                 -9.9000000000000000E+001 
                                       4                  1.9999345569092750E+000                  2.9286598602524166E-001                  4.0677794107975824E+000                 -9.2372772159673637E+000                  2.9549295313828905E+000                  7.5579999999986514E-001                  2.4280000000013485E-001                  1.4000000000000679E-003                  9.8989369668927944E-029                  0.0000000000000000E+000                  0.0000000000000000E+000                                        0                 -9.8999999999999986E+001                 -9.9000000000000000E+001                 -9.9000000000000000E+001 
                                       5                  1.9999345569089002E+000                  2.9284850620824049E-001                  4.0704241752138941E+000                 -9.2222966797406087E+000                  2.9727488822076964E+000                  7.5579999999986514E-001                  2.4280000000013482E-001                  1.4000000000000679E-003                  1.0246356269840154E-028                  0.0000000000000000E+000                  0.0000000000000000E+000                                        0                 -9.8999999999999986E+001                 -9.9000000000000000E+001                 -9.9000000000000000E+001 
                                       6                  1.9999345569086500E+000                  2.9283724699109370E-001                  4.0725127104372403E+000                 -9.2107970005204809E+000                  2.9864973818215579E+000                  7.5579999999986514E-001                  2.4280000000013485E-001                  1.4000000000000679E-003                  1.0521300146907463E-028                  0.0000000000000000E+000                  0.0000000000000000E+000                                        0                 -9.8999999999999986E+001                 -9.9000000000000000E+001                 -9.9000000000000000E+001 
                                       7                  1.9999345569084002E+000                  2.9282628115239218E-001                  4.0746702833910549E+000                 -9.1991804019765162E+000                  3.0004401133916123E+000                  7.5579999999986514E-001                  2.4280000000013485E-001                  1.4000000000000679E-003                  1.0806530755239086E-028                  0.0000000000000000E+000                  0.0000000000000000E+000                                        0                 -9.8999999999999986E+001                 -9.9000000000000000E+001                 -9.9000000000000000E+001 
                                       8                  1.9999345569081268E+000                  2.9281460291532901E-001                  4.0779964611487811E+000                 -9.1817806372322082E+000                  3.0214304272990935E+000                  7.5579999999986514E-001                  2.4280000000013485E-001                  1.4000000000000679E-003                  1.1248289692470601E-028                  0.0000000000000000E+000                  0.0000000000000000E+000                                        0                 -9.8999999999999986E+001                 -9.9000000000000000E+001                 -9.9000000000000000E+001 
                                       9                  1.9999345569075799E+000                  2.9279216106313355E-001                  4.0822963549301354E+000                 -9.1599091200844835E+000                  3.0479322803894995E+000                  7.5579999999986514E-001                  2.4280000000013485E-001                  1.4000000000000679E-003                  1.1829286988502735E-028                  0.0000000000000000E+000                  0.0000000000000000E+000                                        0                 -9.8999999999999986E+001                 -9.9000000000000000E+001                 -9.9000000000000000E+001 
                                      10                  1.9999345569070330E+000                  2.9277081819123507E-001                  4.0854191548674317E+000                 -9.1443897652470003E+000                  3.0668022068499088E+000                  7.5579999999986514E-001                  2.4280000000013485E-001                  1.4000000000000679E-003                  1.2259657231562433E-028                  0.0000000000000000E+000                  0.0000000000000000E+000                                        0                 -9.8999999999999986E+001                 -9.9000000000000000E+001                 -9.9000000000000000E+001 
                                      11                  1.9999345569067599E+000                  2.9276052023673088E-001                  4.0874631924188032E+000                 -9.1344396997087696E+000                  3.0789426620430427E+000                  7.5579999999986514E-001                  2.4280000000013485E-001                  1.4000000000000679E-003                  1.2543786593207816E-028                  0.0000000000000000E+000                  0.0000000000000000E+000                                        0                 -9.8999999999999986E+001                 -9.9000000000000000E+001                 -9.9000000000000000E+001 
                                      12                  1.9999345569064864E+000                  2.9275045482723394E-001                  4.0904724927692193E+000                 -9.1200600169840715E+000                  3.0965413919187403E+000                  7.5579999999986514E-001                  2.4280000000013488E-001                  1.3999999999999568E-003                  1.2966080853857095E-028                  0.0000000000000000E+000                  0.0000000000000000E+000                                        0                 -9.8999999999999986E+001                 -9.9000000000000000E+001                 -9.9000000000000000E+001 
                                      13                  1.9999345569059395E+000                  2.9273097764736883E-001                  4.0933843812352952E+000                 -9.1062397841638063E+000                  3.1134576384493386E+000                  7.5579999999986514E-001                  2.4280000000013485E-001                  1.4000000000000679E-003                  1.3385337784659847E-028                  0.0000000000000000E+000                  0.0000000000000000E+000                                        0                 -9.8999999999999986E+001                 -9.9000000000000000E+001                 -9.9000000000000000E+001 
                                      14                  1.9999345569056663E+000                  2.9272154314030058E-001                  4.0962390162526630E+000                 -9.0929874056250757E+000                  3.1297409959387954E+000                  7.5579999999986514E-001                  2.4280000000013485E-001                  1.4000000000000679E-003                  1.3800095155229306E-028                  0.0000000000000000E+000                  0.0000000000000000E+000                                        0                 -9.8999999999999986E+001                 -9.9000000000000000E+001                 -9.9000000000000000E+001 
                                      15                  1.9999345569051192E+000                  2.9270323945929488E-001                  4.0999170144312265E+000                 -9.0760654510730294E+000                  3.1505473020197847E+000                  7.5579999999986502E-001                  2.4280000000013480E-001                  1.4000000000001789E-003                  1.4348434270956764E-028                  0.0000000000000000E+000                  0.0000000000000000E+000                                        0                 -9.8999999999999986E+001                 -9.9000000000000000E+001                 -9.9000000000000000E+001 
                                      16                  1.9999345569045726E+000                  2.9268563306802942E-001                  4.1025839385858456E+000                 -9.0638903787268319E+000                  3.1655253258117266E+000                  7.5579999999986514E-001                  2.4280000000013485E-001                  1.4000000000000679E-003                  1.4756383516873409E-028                  0.0000000000000000E+000                  0.0000000000000000E+000                                        0                 -9.8999999999999986E+001                 -9.9000000000000000E+001                 -9.9000000000000000E+001 
                                      17                  1.9999345569042990E+000                  2.9267707246158664E-001                  4.1043297111083437E+000                 -9.0560158048641828E+000                  3.1752319377124283E+000                  7.5579999999986514E-001                  2.4280000000013485E-001                  1.4000000000000679E-003                  1.5026392758146447E-028                  0.0000000000000000E+000                  0.0000000000000000E+000                                        0                 -9.8999999999999986E+001                 -9.9000000000000000E+001                 -9.9000000000000000E+001 
                                      18                  1.9999345569040257E+000                  2.9266866518356122E-001                  4.1069010839640594E+000                 -9.0445439835878449E+000                  3.1893978991008241E+000                  7.5579999999986502E-001                  2.4280000000013485E-001                  1.4000000000000679E-003                  1.5428613291873847E-028                  0.0000000000000000E+000                  0.0000000000000000E+000                                        0                 -9.8999999999999986E+001                 -9.9000000000000000E+001                 -9.9000000000000000E+001 
                                      19                  1.9999345569034790E+000                  2.9265228756465894E-001                  4.1102179770174665E+000                 -9.0298041495340033E+000                  3.2075972180705010E+000                  7.5579999999986514E-001                  2.4280000000013485E-001                  1.4000000000000679E-003                  1.5961259803535016E-028                  0.0000000000000000E+000                  0.0000000000000000E+000                                        0                 -9.8999999999999986E+001                 -9.9000000000000000E+001                 -9.9000000000000000E+001 
                                      20                  1.9999345569029321E+000                  2.9263645470935207E-001                  4.1134258049302419E+000                 -9.0156678672780028E+000                  3.2250669578262934E+000                  7.5579999999986514E-001                  2.4280000000013485E-001                  1.4000000000000679E-003                  1.6489362927921119E-028                  0.0000000000000000E+000                  0.0000000000000000E+000                                        0                 -9.8999999999999986E+001                 -9.9000000000000000E+001                 -9.9000000000000000E+001 
                                      21                  1.9999345569023850E+000                  2.9262112726666145E-001                  4.1165298801156016E+000                 -9.0020864336405104E+000                  3.2418633836316060E+000                  7.5579999999986514E-001                  2.4280000000013485E-001                  1.4000000000000679E-003                  1.7013189061027047E-028                  0.0000000000000000E+000                  0.0000000000000000E+000                                        0                 -9.8999999999999986E+001                 -9.9000000000000000E+001                 -9.9000000000000000E+001 
                                      22                  1.9999345569018383E+000                  2.9260627018384527E-001                  4.1195352817152875E+000                 -8.9890171349579848E+000                  3.2580364924442509E+000                  7.5579999999986514E-001                  2.4280000000013485E-001                  1.4000000000000679E-003                  1.7532967791849173E-028                  0.0000000000000000E+000                  0.0000000000000000E+000                                        0                 -9.8999999999999986E+001                 -9.9000000000000000E+001                 -9.9000000000000000E+001 
                                      23                  1.9999345569012912E+000                  2.9259185207969735E-001                  4.1224468474372253E+000                 -8.9764222174438277E+000                  3.2736309108015367E+000                  7.5579999999986514E-001                  2.4280000000013485E-001                  1.4000000000000679E-003                  1.8048900538647147E-028                  0.0000000000000000E+000                  0.0000000000000000E+000                                        0                 -9.8999999999999986E+001                 -9.9000000000000000E+001                 -9.9000000000000000E+001 
                                      24                  1.9999345569007445E+000                  2.9257784473296927E-001                  4.1252691728360080E+000                 -8.9642677510574824E+000                  3.2886866374786874E+000                  7.5579999999986514E-001                  2.4280000000013485E-001                  1.4000000000000679E-003                  1.8561181129180731E-028                  0.0000000000000000E+000                  0.0000000000000000E+000                                        0                 -9.8999999999999986E+001                 -9.9000000000000000E+001                 -9.9000000000000000E+001 
                                      25                  1.9999345569001976E+000                  2.9256422267084131E-001                  4.1280066326693090E+000                 -8.9525233451311745E+000                  3.3032396620483295E+000                  7.5579999999986514E-001                  2.4280000000013485E-001                  1.4000000000000679E-003                  1.9069987023638353E-028                  0.0000000000000000E+000                  0.0000000000000000E+000                                        0                 -9.8999999999999986E+001                 -9.9000000000000000E+001                 -9.9000000000000000E+001 
                                      26                  1.9999345568996507E+000                  2.9255096281588044E-001                  4.1310415744730014E+000                 -8.9395751520113045E+000                  3.3192975481871709E+000                  7.5579999999986514E-001                  2.4280000000013485E-001                  1.4000000000000679E-003                  1.9647125472559661E-028                  0.0000000000000000E+000                  0.0000000000000000E+000                                        0                 -9.8999999999999986E+001                 -9.9000000000000000E+001                 -9.9000000000000000E+001 
                                      27                  1.9999345568989477E+000                  2.9253441351074205E-001                  4.1343316827030678E+000                 -8.9255540836139637E+000                  3.3366828110068054E+000                  7.5579999999986514E-001                  2.4280000000013482E-001                  1.4000000000000679E-003                  2.0291799284163325E-028                  0.0000000000000000E+000                  0.0000000000000000E+000                                        0                 -9.8999999999999986E+001                 -9.9000000000000000E+001                 -9.9000000000000000E+001 
                                      28                  1.9999345568982443E+000                  2.9251838815949682E-001                  4.1375045484198614E+000                 -8.9120759900719335E+000                  3.3534012487899179E+000                  7.5579999999986514E-001                  2.4280000000013482E-001                  1.4000000000000679E-003                  2.0931440194447963E-028                  0.0000000000000000E+000                  0.0000000000000000E+000                                        0                 -9.8999999999999986E+001                 -9.9000000000000000E+001                 -9.9000000000000000E+001 
                                      29                  1.9999345568975413E+000                  2.9250285081454724E-001                  4.1405680095162358E+000                 -8.8991014054202129E+000                  3.3695021475356697E+000                  7.5579999999986514E-001                  2.4280000000013482E-001                  1.4000000000000679E-003                  2.1566225658288016E-028                  0.0000000000000000E+000                  0.0000000000000000E+000                                        0                 -9.8999999999999986E+001                 -9.9000000000000000E+001                 -9.9000000000000000E+001 
                                      30                  1.9999345568968379E+000                  2.9248776918907721E-001                  4.1435294102089477E+000                 -8.8865953514656262E+000                  3.3850295227829621E+000                  7.5579999999986514E-001                  2.4280000000013482E-001                  1.4000000000000679E-003                  2.2196302688559759E-028                  0.0000000000000000E+000                  0.0000000000000000E+000                                        0                 -9.8999999999999986E+001                 -9.9000000000000000E+001                 -9.9000000000000000E+001 
                                      31                  1.9999345568961349E+000                  2.9247311415938654E-001                  4.1463955962030470E+000                 -8.8745265194309386E+000                  3.4000228453197563E+000                  7.5579999999986514E-001                  2.4280000000013482E-001                  1.4000000000000679E-003                  2.2821800301638845E-028                  0.0000000000000000E+000                  0.0000000000000000E+000                                        0                 -9.8999999999999986E+001                 -9.9000000000000000E+001                 -9.9000000000000000E+001 
                                      32                  1.9999345568954316E+000                  2.9245885935587751E-001                  4.1505547002703160E+000                 -8.8572143332438777E+000                  3.4215875783582930E+000                  7.5579999999986514E-001                  2.4280000000013485E-001                  1.4000000000000679E-003                  2.3749950817996675E-028                  0.0000000000000000E+000                  0.0000000000000000E+000                                        0                 -9.8999999999999986E+001                 -9.9000000000000000E+001                 -9.9000000000000000E+001 
                                      33                  1.9999345568940254E+000                  2.9243145992603209E-001                  4.1544853858124906E+000                 -8.8406782767556891E+000                  3.4421370510874603E+000                  7.5579999999986514E-001                  2.4280000000013485E-001                  1.4000000000000679E-003                  2.4671717430215644E-028                  0.0000000000000000E+000                  0.0000000000000000E+000                                        0                 -9.8999999999999986E+001                 -9.9000000000000000E+001                 -9.9000000000000000E+001 
                                      34                  1.9999345568933222E+000                  2.9241827018229288E-001                  4.1570292589608364E+000                 -8.8301036680289382E+000                  3.4553172269607453E+000                  7.5579999999986514E-001                  2.4280000000013485E-001                  1.4000000000000679E-003                  2.5279843910857755E-028                  0.0000000000000000E+000                  0.0000000000000000E+000                                        0                 -9.8999999999999986E+001                 -9.9000000000000000E+001                 -9.9000000000000000E+001 
                                      35                  1.9999345568926192E+000                  2.9240539655759329E-001                  4.1595046164218212E+000                 -8.8198499035661122E+000                  3.4681106529987451E+000                  7.5579999999986514E-001                  2.4280000000013485E-001                  1.4000000000000679E-003                  2.5883830200536110E-028                  0.0000000000000000E+000                  0.0000000000000000E+000                                        0                 -9.8999999999999986E+001                 -9.9000000000000000E+001                 -9.9000000000000000E+001 
                                      36                  1.9999345568919158E+000                  2.9239282221607654E-001                  4.1619152949343681E+000                 -8.8098992026098006E+000                  3.4805393889510632E+000                  7.5579999999986514E-001                  2.4280000000013485E-001                  1.4000000000000679E-003                  2.6483758905283220E-028                  0.0000000000000000E+000                  0.0000000000000000E+000                                        0                 -9.8999999999999986E+001                 -9.9000000000000000E+001                 -9.9000000000000000E+001 
                                      37                  1.9999345568912126E+000                  2.9238053165107458E-001                  4.1654345265020014E+000                 -8.7955276214970510E+000                  3.4985419974663952E+000                  7.5579999999986514E-001                  2.4280000000013485E-001                  1.4000000000000679E-003                  2.7374851187175318E-028                  0.0000000000000000E+000                  0.0000000000000000E+000                                        0                 -9.8999999999999986E+001                 -9.9000000000000000E+001                 -9.9000000000000000E+001 
                                      38                  1.9999345568898064E+000                  2.9235674767967224E-001                  4.1699059702036694E+000                 -8.7772508538323208E+000                  3.5214452492600414E+000                  7.5579999999986514E-001                  2.4280000000013482E-001                  1.4000000000000679E-003                  2.8551521764852165E-028                  0.0000000000000000E+000                  0.0000000000000000E+000                                        0                 -9.8999999999999986E+001                 -9.9000000000000000E+001                 -9.9000000000000000E+001 
                                      39                  1.9999345568884004E+000                  2.9233394018964620E-001                  4.1732276889609494E+000                 -8.7636820318204780E+000                  3.5384631456284064E+000                  7.5579999999986514E-001                  2.4280000000013482E-001                  1.4000000000000679E-003                  2.9457686203176383E-028                  0.0000000000000000E+000                  0.0000000000000000E+000                                        0                 -9.8999999999999986E+001                 -9.9000000000000000E+001                 -9.9000000000000000E+001 
                                      40                  1.9999345568876190E+000                  2.9232165763226065E-001                  4.1755387106385742E+000                 -8.7543310789476294E+000                  3.5502243536373137E+000                  7.5579999999986514E-001                  2.4280000000013482E-001                  1.4000000000000679E-003                  3.0098854511938868E-028                  0.0000000000000000E+000                  0.0000000000000000E+000                                        0                 -9.8999999999999986E+001                 -9.9000000000000000E+001                 -9.9000000000000000E+001 
                                      41                  1.9999345568868381E+000                  2.9230963569919416E-001                  4.1789160488206951E+000                 -8.7408033204443267E+000                  3.5672915582939004E+000                  7.5579999999986514E-001                  2.4280000000013485E-001                  1.4000000000000679E-003                  3.1051192820358819E-028                  0.0000000000000000E+000                  0.0000000000000000E+000                                        0                 -9.8999999999999986E+001                 -9.9000000000000000E+001                 -9.9000000000000000E+001 
                                      42                  1.9999345568852758E+000                  2.9228632638266516E-001                  4.1832142245649049E+000                 -8.7235629935564489E+000                  3.5890566606877141E+000                  7.5579999999986514E-001                  2.4280000000013485E-001                  1.4000000000000679E-003                  3.2308689592231054E-028                  0.0000000000000000E+000                  0.0000000000000000E+000                                        0                 -9.8999999999999986E+001                 -9.9000000000000000E+001                 -9.9000000000000000E+001 
                                      43                  1.9999345568837130E+000                  2.9226392072041124E-001                  4.1873208369427593E+000                 -8.7071827300600670E+000                  3.6097870197824289E+000                  7.5579999999986514E-001                  2.4280000000013485E-001                  1.4000000000000679E-003                  3.3550601705075778E-028                  0.0000000000000000E+000                  0.0000000000000000E+000                                        0                 -9.8999999999999986E+001                 -9.9000000000000000E+001                 -9.9000000000000000E+001 
                                      44                  1.9999345568821507E+000                  2.9224234111499009E-001                  4.1912525850475353E+000                 -8.6915829035735221E+000                  3.6295766110957515E+000                  7.5579999999986514E-001                  2.4280000000013488E-001                  1.3999999999999568E-003                  3.4777697421728124E-028                  0.0000000000000000E+000                  0.0000000000000000E+000                                        0                 -9.8999999999999986E+001                 -9.9000000000000000E+001                 -9.9000000000000000E+001 
                                      45                  1.9999345568805882E+000                  2.9222151984218819E-001                  4.1950244372824095E+000                 -8.6766952321771349E+000                  3.6485071610536135E+000                  7.5579999999986514E-001                  2.4280000000013482E-001                  1.4000000000000679E-003                  3.5990606158985076E-028                  0.0000000000000000E+000                  0.0000000000000000E+000                                        0                 -9.8999999999999986E+001                 -9.9000000000000000E+001                 -9.9000000000000000E+001 
                                      46                  1.9999345568790254E+000                  2.9220139738470030E-001                  4.1986498043282143E+000                 -8.6624606548492658E+000                  3.6666501875010975E+000                  7.5579999999986514E-001                  2.4280000000013482E-001                  1.4000000000000679E-003                  3.7189846444346353E-028                  0.0000000000000000E+000                  0.0000000000000000E+000                                        0                 -9.8999999999999986E+001                 -9.9000000000000000E+001                 -9.9000000000000000E+001 
                                      47                  1.9999345568774631E+000                  2.9218192111233371E-001                  4.2021407001662405E+000                 -8.6488275333147975E+000                  3.6840686322465612E+000                  7.5579999999986514E-001                  2.4280000000013482E-001                  1.4000000000000679E-003                  3.8375861322723583E-028                  0.0000000000000000E+000                  0.0000000000000000E+000                                        0                 -9.8999999999999986E+001                 -9.9000000000000000E+001                 -9.9000000000000000E+001 
                                      48                  1.9999345568759006E+000                  2.9216304423092065E-001                  4.2055078109744120E+000                 -8.6357485498551814E+000                  3.7008181797651383E+000                  7.5579999999986514E-001                  2.4280000000013482E-001                  1.4000000000000679E-003                  3.9549202697432025E-028                  0.0000000000000000E+000                  0.0000000000000000E+000                                        0                 -9.8999999999999986E+001                 -9.9000000000000000E+001                 -9.9000000000000000E+001 
                                      49                  1.9999345568743383E+000                  2.9214472500754363E-001                  4.2087605355332522E+000                 -8.6231805338322935E+000                  3.7169483317770204E+000                  7.5579999999986514E-001                  2.4280000000013485E-001                  1.4000000000000679E-003                  4.0710491585764033E-028                  0.0000000000000000E+000                  0.0000000000000000E+000                                        0                 -9.8999999999999986E+001                 -9.9000000000000000E+001                 -9.9000000000000000E+001 
                                      50                  1.9999345568727758E+000                  2.9212692610523150E-001                  4.2119071317444829E+000                 -8.6110851308409213E+000                  3.7325032900066617E+000                  7.5579999999986514E-001                  2.4280000000013485E-001                  1.4000000000000679E-003                  4.1860299687333576E-028                  0.0000000000000000E+000                  0.0000000000000000E+000                                        0                 -9.8999999999999986E+001                 -9.9000000000000000E+001                 -9.9000000000000000E+001 
                                      51                  1.9999345568712132E+000                  2.9210961397609325E-001                  4.2149548999090127E+000                 -8.5994281420973682E+000                  3.7475226868074771E+000                  7.5579999999986514E-001                  2.4280000000013485E-001                  1.4000000000000679E-003                  4.2999152137637067E-028                  0.0000000000000000E+000                  0.0000000000000000E+000                                        1                  8.7028236953757450E+000                  8.7028236953757450E+000                 -9.9000000000000000E+001 
                                      52                  1.9999345568696507E+000                  2.9209275835554593E-001                  4.2179103313171806E+000                 -8.5881789492291656E+000                  3.7620421940693971E+000                  7.5579999999986514E-001                  2.4280000000013485E-001                  1.4000000000000679E-003                  4.4127532414070583E-028                  0.0000000000000000E+000                  0.0000000000000000E+000                                        1                  9.0778165369525805E+000                  9.0778165369525805E+000                 -9.9000000000000000E+001 
                                      53                  1.9999345568680884E+000                  2.9207633183896908E-001                  4.2222062985564657E+000                 -8.5720421620868112E+000                  3.7829530559655695E+000                  7.5579999999986514E-001                  2.4280000000013485E-001                  1.4000000000000679E-003                  4.5798076931622412E-028                  0.0000000000000000E+000                  0.0000000000000000E+000                                        1                  9.2556915629557714E+000                  9.2556915629557714E+000                 -9.9000000000000000E+001 
                                      54                  1.9999345568649634E+000                  2.9204467184601191E-001                  4.2276270780269840E+000                 -8.5516695554421442E+000                  3.8093620832807273E+000                  7.5579999999986514E-001                  2.4280000000013485E-001                  1.4000000000000679E-003                  4.7997751896368234E-028                  0.0000000000000000E+000                  0.0000000000000000E+000                                        1                  9.4377042086624741E+000                  9.4377042086624741E+000                 -9.9000000000000000E+001 
                                      55                  1.9999345568618385E+000                  2.9201445626005584E-001                  4.2314878603592785E+000                 -8.5371631401135151E+000                  3.8281707772983897E+000                  7.5579999999986514E-001                  2.4280000000013485E-001                  1.4000000000000679E-003                  4.9628148474283992E-028                  0.0000000000000000E+000                  0.0000000000000000E+000                                        1                  9.5223593873388950E+000                  9.5223593873388950E+000                 -9.9000000000000000E+001 
                                      56                  1.9999345568602760E+000                  2.9199984250397110E-001                  4.2352404893722992E+000                 -8.5233234566497664E+000                  3.8462009714667147E+000                  7.5579999999986514E-001                  2.4280000000013485E-001                  1.4000000000000679E-003                  5.1235206894375773E-028                  0.0000000000000000E+000                  0.0000000000000000E+000                                        1                  9.5345523145626387E+000                  9.5345523145626387E+000                 -9.9000000000000000E+001 
                                      57                  1.9999345568571509E+000                  2.9197152750441518E-001                  4.2388241233349291E+000                 -8.5099993512045540E+000                  3.8635167921099058E+000                  7.5579999999986514E-001                  2.4280000000013485E-001                  1.4000000000000679E-003                  5.2831546222473384E-028                  0.0000000000000000E+000                  0.0000000000000000E+000                                        1                  9.5095829348472147E+000                  9.5095829348472147E+000                 -9.9000000000000000E+001 
                                      58                  1.9999345568555886E+000                  2.9195779576577729E-001                  4.2411547759145636E+000                 -8.5014213455560839E+000                  3.8746900290082471E+000                  7.5579999999986514E-001                  2.4280000000013485E-001                  1.4000000000000679E-003                  5.3885485174219052E-028                  0.0000000000000000E+000                  0.0000000000000000E+000                                        1                  9.4722387924019475E+000                  9.4722387924019475E+000                 -9.9000000000000000E+001 
                                      59                  1.9999345568540261E+000                  2.9194433132509529E-001                  4.2440004906353348E+000                 -8.4910110867056368E+000                  3.8882657435516474E+000                  7.5579999999986514E-001                  2.4280000000013485E-001                  1.4000000000000679E-003                  5.5192826265640498E-028                  0.0000000000000000E+000                  0.0000000000000000E+000                                        1                  9.4056579120889641E+000                  9.4056579120889641E+000                 -9.9000000000000000E+001 
                                      60                  1.9999345568516824E+000                  2.9192461077183918E-001                  4.2473063092450314E+000                 -8.4789268924211481E+000                  3.9040183541682438E+000                  7.5579999999986514E-001                  2.4280000000013485E-001                  1.4000000000000679E-003                  5.6750214407024186E-028                  0.0000000000000000E+000                  0.0000000000000000E+000                                        1                  9.2273996980545991E+000                  9.2273996980545991E+000                 -9.9000000000000000E+001 
                                      61                  1.9999345568493387E+000                  2.9190542879976550E-001                  4.2521006998147381E+000                 -8.4616251668671811E+000                  3.9266290349241149E+000                  7.5579999999986514E-001                  2.4280000000013485E-001                  1.4000000000000679E-003                  5.9056842110152470E-028                  0.0000000000000000E+000                  0.0000000000000000E+000                                        1                  8.7489552701182713E+000                  8.7489552701182713E+000                 -9.9000000000000000E+001 
                                      62                  1.9999345568446514E+000                  2.9186855604324025E-001                  4.2571318919672034E+000                 -8.4433374050838381E+000                  3.9504520310875901E+000                  7.5579999999986514E-001                  2.4280000000013482E-001                  1.4000000000000679E-003                  6.1596927355416522E-028                  0.0000000000000000E+000                  0.0000000000000000E+000                                        0                 -9.8999999999999986E+001                 -9.9000000000000000E+001                 -9.9000000000000000E+001 
                                      63                  1.9999345568415265E+000                  2.9184498291306948E-001                  4.2610036867981034E+000                 -8.4294140070121824E+000                  3.9686159681747109E+000                  7.5579999999986514E-001                  2.4280000000013485E-001                  1.4000000000000679E-003                  6.3603830837409765E-028                  0.0000000000000000E+000                  0.0000000000000000E+000                                        0                 -9.8999999999999986E+001                 -9.9000000000000000E+001                 -9.9000000000000000E+001 
                                      64                  1.9999345568384015E+000                  2.9182214988736360E-001                  4.2647385588542965E+000                 -8.4160460339903551E+000                  3.9860542105661270E+000                  7.5579999999986514E-001                  2.4280000000013482E-001                  1.4000000000000679E-003                  6.5592178223499322E-028                  0.0000000000000000E+000                  0.0000000000000000E+000                                        0                 -9.8999999999999986E+001                 -9.9000000000000000E+001                 -9.9000000000000000E+001 
                                      65                  1.9999345568352767E+000                  2.9180000553625995E-001                  4.2683469109664030E+000                 -8.4031912878334971E+000                  4.0028225552408223E+000                  7.5579999999986514E-001                  2.4280000000013482E-001                  1.4000000000000679E-003                  6.7562791799443321E-028                  0.0000000000000000E+000                  0.0000000000000000E+000                                        0                 -9.8999999999999986E+001                 -9.9000000000000000E+001                 -9.9000000000000000E+001 
                                      66                  1.9999345568321516E+000                  2.9177850379251613E-001                  4.2718379512662574E+000                 -8.3908122094747757E+000                  4.0189706006925245E+000                  7.5579999999986514E-001                  2.4280000000013482E-001                  1.4000000000000679E-003                  6.9516425799178317E-028                  0.0000000000000000E+000                  0.0000000000000000E+000                                        0                 -9.8999999999999986E+001                 -9.9000000000000000E+001                 -9.9000000000000000E+001 
                                      67                  1.9999345568290268E+000                  2.9175760321883598E-001                  4.2769006456399987E+000                 -8.3730989932991040E+000                  4.0421241519471618E+000                  7.5579999999986514E-001                  2.4280000000013488E-001                  1.3999999999999568E-003                  7.2410537442447635E-028                  0.0000000000000000E+000                  0.0000000000000000E+000                                        0                 -9.8999999999999986E+001                 -9.9000000000000000E+001                 -9.9000000000000000E+001 
                                      68                  1.9999345568227769E+000                  2.9171746421919531E-001                  4.2816861760616556E+000                 -8.3562091846464757E+000                  4.0641134707101942E+000                  7.5579999999986514E-001                  2.4280000000013482E-001                  1.4000000000000679E-003                  7.5282263585043840E-028                  0.0000000000000000E+000                  0.0000000000000000E+000                                        0                 -9.8999999999999986E+001                 -9.9000000000000000E+001                 -9.9000000000000000E+001 
                                      69                  1.9999345568196518E+000                  2.9169815628047463E-001                  4.2847814193063058E+000                 -8.3454264486391452E+000                  4.0781803274653656E+000                  7.5579999999986514E-001                  2.4280000000013482E-001                  1.4000000000000679E-003                  7.7174906434706739E-028                  0.0000000000000000E+000                  0.0000000000000000E+000                                        0                 -9.8999999999999986E+001                 -9.9000000000000000E+001                 -9.9000000000000000E+001 
                                      70                  1.9999345568165270E+000                  2.9167931933879587E-001                  4.2892897093774014E+000                 -8.3299059181803656E+000                  4.0984649732802838E+000                  7.5579999999986514E-001                  2.4280000000013488E-001                  1.3999999999999568E-003                  7.9982997258100190E-028                  0.0000000000000000E+000                  0.0000000000000000E+000                                        0                 -9.8999999999999986E+001                 -9.9000000000000000E+001                 -9.9000000000000000E+001 
                                      71                  1.9999345568102773E+000                  2.9164296111569504E-001                  4.2950001049727975E+000                 -8.3102389460106334E+000                  4.1241249119049410E+000                  7.5579999999986514E-001                  2.4280000000013485E-001                  1.4000000000000679E-003                  8.3688538219410175E-028                  0.0000000000000000E+000                  0.0000000000000000E+000                                        0                 -9.8999999999999986E+001                 -9.9000000000000000E+001                 -9.9000000000000000E+001 
                                      72                  1.9999345568040277E+000                  2.9160820411032123E-001                  4.3004308889655354E+000                 -8.2916679517243335E+000                  4.1483605072339396E+000                  7.5579999999986514E-001                  2.4280000000013485E-001                  1.4000000000000679E-003                  8.7345043463927330E-028                  0.0000000000000000E+000                  0.0000000000000000E+000                                        0                 -9.8999999999999986E+001                 -9.9000000000000000E+001                 -9.9000000000000000E+001 
                                      73                  1.9999345567977782E+000                  2.9157489420048122E-001                  4.3056076775888066E+000                 -8.2740772332955750E+000                  4.1713216929767869E+000                  7.5579999999986514E-001                  2.4280000000013485E-001                  1.4000000000000679E-003                  9.0955764837269469E-028                  0.0000000000000000E+000                  0.0000000000000000E+000                                        0                 -9.8999999999999986E+001                 -9.9000000000000000E+001                 -9.9000000000000000E+001 
                                      74                  1.9999345567915283E+000                  2.9154289930498056E-001                  4.3105527504773633E+000                 -8.2573688269908789E+000                  4.1931359044850947E+000                  7.5579999999986514E-001                  2.4280000000013482E-001                  1.4000000000000679E-003                  9.4523510816756879E-028                  0.0000000000000000E+000                  0.0000000000000000E+000                                        0                 -9.8999999999999986E+001                 -9.9000000000000000E+001                 -9.9000000000000000E+001 
                                      75                  1.9999345567852786E+000                  2.9151210527890448E-001                  4.3152860272538653E+000                 -8.2414594956090763E+000                  4.2139123667332470E+000                  7.5579999999986514E-001                  2.4280000000013485E-001                  1.4000000000000679E-003                  9.8050620595130970E-028                  0.0000000000000000E+000                  0.0000000000000000E+000                                        0                 -9.8999999999999986E+001                 -9.9000000000000000E+001                 -9.9000000000000000E+001 
                                      76                  1.9999345567790290E+000                  2.9148241270324643E-001                  4.3209524167263522E+000                 -8.2226135298326426E+000                  4.2385653104649972E+000                  7.5579999999986514E-001                  2.4280000000013485E-001                  1.4000000000000679E-003                  1.0239947459477482E-027                  0.0000000000000000E+000                  0.0000000000000000E+000                                        0                 -9.8999999999999986E+001                 -9.9000000000000000E+001                 -9.9000000000000000E+001 
                                      77                  1.9999345567696543E+000                  2.9143975458534094E-001                  4.3263059041843652E+000                 -8.2047373855736350E+000                  4.2619025970306081E+000                  7.5579999999986514E-001                  2.4280000000013488E-001                  1.3999999999999568E-003                  1.0670265949453754E-027                  0.0000000000000000E+000                  0.0000000000000000E+000                                        0                 -9.8999999999999986E+001                 -9.9000000000000000E+001                 -9.9000000000000000E+001 
                                      78                  1.9999345567634046E+000                  2.9141245605775956E-001                  4.3304265922768446E+000                 -8.1911203287029704E+000                  4.2797139550191883E+000                  7.5579999999986514E-001                  2.4280000000013482E-001                  1.4000000000000679E-003                  1.1010153270080852E-027                  0.0000000000000000E+000                  0.0000000000000000E+000                                        0                 -9.8999999999999986E+001                 -9.9000000000000000E+001                 -9.9000000000000000E+001 
                                      79                  1.9999345567571549E+000                  2.9138599526782621E-001                  4.3344021654019000E+000                 -8.1780449662374366E+000                  4.2968276074823057E+000                  7.5579999999986514E-001                  2.4280000000013485E-001                  1.4000000000000679E-003                  1.1346705014828546E-027                  0.0000000000000000E+000                  0.0000000000000000E+000                                        0                 -9.8999999999999986E+001                 -9.9000000000000000E+001                 -9.9000000000000000E+001 
                                      80                  1.9999345567509050E+000                  2.9136031463894846E-001                  4.3382432375262807E+000                 -8.1654712530728233E+000                  4.3132961963771379E+000                  7.5579999999986514E-001                  2.4280000000013482E-001                  1.4000000000000679E-003                  1.1680044298397856E-027                  0.0000000000000000E+000                  0.0000000000000000E+000                                        0                 -9.8999999999999986E+001                 -9.9000000000000000E+001                 -9.9000000000000000E+001 
                                      81                  1.9999345567446556E+000                  2.9133536249364750E-001                  4.3419592535513649E+000                 -8.1533634217401936E+000                  4.3291666209762694E+000                  7.5579999999986514E-001                  2.4280000000013482E-001                  1.4000000000000679E-003                  1.2010284909944496E-027                  0.0000000000000000E+000                  0.0000000000000000E+000                                        0                 -9.8999999999999986E+001                 -9.9000000000000000E+001                 -9.9000000000000000E+001 
                                      82                  1.9999345567384059E+000                  2.9131109226359331E-001                  4.3455586605824328E+000                 -8.1416892069504936E+000                  4.3444808439905467E+000                  7.5579999999986514E-001                  2.4280000000013482E-001                  1.4000000000000679E-003                  1.2337537653193159E-027                  0.0000000000000000E+000                  0.0000000000000000E+000                                        0                 -9.8999999999999986E+001                 -9.9000000000000000E+001                 -9.9000000000000000E+001 
                                      83                  1.9999345567321563E+000                  2.9128746183877946E-001                  4.3507833844192731E+000                 -8.1249606983302467E+000                  4.3664895897020335E+000                  7.5579999999986514E-001                  2.4280000000013488E-001                  1.3999999999999568E-003                  1.2822077788316766E-027                  0.0000000000000000E+000                  0.0000000000000000E+000                                        0                 -9.8999999999999986E+001                 -9.9000000000000000E+001                 -9.9000000000000000E+001 
                                      84                  1.9999345567196565E+000                  2.9124197594954693E-001                  4.3565494058731744E+000                 -8.1064217147243145E+000                  4.3908415131315932E+000                  7.5579999999986514E-001                  2.4280000000013485E-001                  1.4000000000000679E-003                  1.3381320808793226E-027                  0.0000000000000000E+000                  0.0000000000000000E+000                                        0                 -9.8999999999999986E+001                 -9.9000000000000000E+001                 -9.9000000000000000E+001 
                                      85                  1.9999345567102820E+000                  2.9120927832179155E-001                  4.3612870684993696E+000                 -8.0913500715589741E+000                  4.4106859242263479E+000                  7.5579999999986514E-001                  2.4280000000013485E-001                  1.4000000000000679E-003                  1.3853896707248882E-027                  0.0000000000000000E+000                  0.0000000000000000E+000                                        0                 -9.8999999999999986E+001                 -9.9000000000000000E+001                 -9.9000000000000000E+001 
                                      86                  1.9999345567009075E+000                  2.9117768894684015E-001                  4.3665953209864634E+000                 -8.0746277278903946E+000                  4.4327530939123054E+000                  7.5579999999986514E-001                  2.4280000000013488E-001                  1.3999999999999568E-003                  1.4397788174233310E-027                  0.0000000000000000E+000                  0.0000000000000000E+000                                        0                 -9.8999999999999986E+001                 -9.9000000000000000E+001                 -9.9000000000000000E+001 
                                      87                  1.9999345566884077E+000                  2.9113715063896661E-001                  4.3730866455929815E+000                 -8.0543308389780393E+000                  4.4595807969413048E+000                  7.5579999999986514E-001                  2.4280000000013488E-001                  1.3999999999999568E-003                  1.5086709123505795E-027                  0.0000000000000000E+000                  0.0000000000000000E+000                                        0                 -9.8999999999999986E+001                 -9.9000000000000000E+001                 -9.9000000000000000E+001 
                                      88                  1.9999345566727833E+000                  2.9108877662689991E-001                  4.3782019025233003E+000                 -8.0383044819777716E+000                  4.4807461388618401E+000                  7.5579999999986502E-001                  2.4280000000013485E-001                  1.4000000000000679E-003                  1.5653893122745053E-027                  0.0000000000000000E+000                  0.0000000000000000E+000                                        0                 -9.8999999999999986E+001                 -9.9000000000000000E+001                 -9.9000000000000000E+001 
                                      89                  1.9999345566649711E+000                  2.9106546013046841E-001                  4.3815117313813374E+000                 -8.0280699802052968E+000                  4.4943070694851626E+000                  7.5579999999986502E-001                  2.4280000000013485E-001                  1.4000000000000679E-003                  1.6027206488450345E-027                  0.0000000000000000E+000                  0.0000000000000000E+000                                        0                 -9.8999999999999986E+001                 -9.9000000000000000E+001                 -9.9000000000000000E+001 
                                      90                  1.9999345566571589E+000                  2.9104268305651565E-001                  4.3855344877206965E+000                 -8.0157334170908623E+000                  4.5106870011918199E+000                  7.5579999999986514E-001                  2.4280000000013485E-001                  1.4000000000000679E-003                  1.6489047729851807E-027                  0.0000000000000000E+000                  0.0000000000000000E+000                                        0                 -9.8999999999999986E+001                 -9.9000000000000000E+001                 -9.9000000000000000E+001 
                                      91                  1.9999345566454403E+000                  2.9100946787610521E-001                  4.3901803493609748E+000                 -8.0015215788528202E+000                  4.5295663962827950E+000                  7.5579999999986514E-001                  2.4280000000013485E-001                  1.4000000000000679E-003                  1.7037614730251907E-027                  0.0000000000000000E+000                  0.0000000000000000E+000                                        0                 -9.8999999999999986E+001                 -9.9000000000000000E+001                 -9.9000000000000000E+001 
                                      92                  1.9999345566337219E+000                  2.9097731477768157E-001                  4.3953960272228318E+000                 -7.9857200079925637E+000                  4.5506087500877648E+000                  7.5579999999986502E-001                  2.4280000000013485E-001                  1.4000000000000679E-003                  1.7668998149801578E-027                  0.0000000000000000E+000                  0.0000000000000000E+000                                        0                 -9.8999999999999986E+001                 -9.9000000000000000E+001                 -9.9000000000000000E+001 
                                      93                  1.9999345566180975E+000                  2.9093596527895960E-001                  4.4010831277954114E+000                 -7.9685616364763128E+000                  4.5734798592937249E+000                  7.5579999999986502E-001                  2.4280000000013480E-001                  1.4000000000001789E-003                  1.8381122282583762E-027                  0.0000000000000000E+000                  0.0000000000000000E+000                                        0                 -9.8999999999999986E+001                 -9.9000000000000000E+001                 -9.9000000000000000E+001 
                                      94                  1.9999345566024727E+000                  2.9089620645405428E-001                  4.4065174997687011E+000                 -7.9522863385207261E+000                  4.5952142942958947E+000                  7.5579999999986502E-001                  2.4280000000013485E-001                  1.4000000000000679E-003                  1.9083102919179326E-027                  0.0000000000000000E+000                  0.0000000000000000E+000                                        0                 -9.8999999999999986E+001                 -9.9000000000000000E+001                 -9.9000000000000000E+001 
                                      95                  1.9999345565868483E+000                  2.9085789970112630E-001                  4.4117214821497903E+000                 -7.9368090210114408E+000                  4.6159197980888953E+000                  7.5579999999986502E-001                  2.4280000000013485E-001                  1.4000000000000679E-003                  1.9775520708697548E-027                  0.0000000000000000E+000                  0.0000000000000000E+000                                        0                 -9.8999999999999986E+001                 -9.9000000000000000E+001                 -9.9000000000000000E+001 
                                      96                  1.9999345565712239E+000                  2.9082092446584984E-001                  4.4167147288159692E+000                 -7.9220564896226717E+000                  4.6356894827688642E+000                  7.5579999999986502E-001                  2.4280000000013485E-001                  1.4000000000000679E-003                  2.0458888149024443E-027                  0.0000000000000000E+000                  0.0000000000000000E+000                                        0                 -9.8999999999999986E+001                 -9.9000000000000000E+001                 -9.9000000000000000E+001 
                                      97                  1.9999345565555993E+000                  2.9078517516920394E-001                  4.4227059768051520E+000                 -7.9045623043575715E+000                  4.6592071115723606E+000                  7.5579999999986514E-001                  2.4280000000013482E-001                  1.4000000000000679E-003                  2.1299926682758742E-027                  0.0000000000000000E+000                  0.0000000000000000E+000                                        0                 -9.8999999999999986E+001                 -9.9000000000000000E+001                 -9.9000000000000000E+001 
                                      98                  1.9999345565321625E+000                  2.9073365284077912E-001                  4.4295123474864635E+000                 -7.8847554883484507E+000                  4.6858562047071093E+000                  7.5579999999986502E-001                  2.4280000000013488E-001                  1.4000000000000679E-003                  2.2293954827770874E-027                  0.0000000000000000E+000                  0.0000000000000000E+000                                        0                 -9.8999999999999986E+001                 -9.9000000000000000E+001                 -9.9000000000000000E+001 
                                      99                  1.9999345565087259E+000                  2.9068441037258574E-001                  4.4349009519250862E+000                 -7.8691405935570877E+000                  4.7068883339207623E+000                  7.5579999999986514E-001                  2.4280000000013485E-001                  1.4000000000000679E-003                  2.3110203801993741E-027                  0.0000000000000000E+000                  0.0000000000000000E+000                                        0                 -9.8999999999999986E+001                 -9.9000000000000000E+001                 -9.9000000000000000E+001 
                                     100                  1.9999345564931010E+000                  2.9065273257052143E-001                  4.4390659005618289E+000                 -7.8572041139039692E+000                  4.7230147607309654E+000                  7.5579999999986502E-001                  2.4280000000013485E-001                  1.4000000000000679E-003                  2.3754266517647030E-027                  0.0000000000000000E+000                  0.0000000000000000E+000                                        0                 -9.8999999999999986E+001                 -9.9000000000000000E+001                 -9.9000000000000000E+001 
                                     101                  1.9999345564774766E+000                  2.9062190691531298E-001                  4.4441026949297040E+000                 -7.8429183559446116E+000                  4.7423709196086321E+000                  7.5579999999986514E-001                  2.4280000000013485E-001                  1.4000000000000679E-003                  2.4548731003354359E-027                  0.0000000000000000E+000                  0.0000000000000000E+000                                        0                 -9.8999999999999986E+001                 -9.9000000000000000E+001                 -9.9000000000000000E+001 
                                     102                  1.9999345564540401E+000                  2.9057715298451636E-001                  4.4498847329365105E+000                 -7.8265879589763045E+000                  4.7645229834706253E+000                  7.5579999999986514E-001                  2.4280000000013482E-001                  1.4000000000000679E-003                  2.5489503742902794E-027                  0.0000000000000000E+000                  0.0000000000000000E+000                                        0                 -9.8999999999999986E+001                 -9.9000000000000000E+001                 -9.9000000000000000E+001 
                                     103                  1.9999345564306035E+000                  2.9053403756728363E-001                  4.4554245280097655E+000                 -7.8110840947188667E+000                  4.7856079334912742E+000                  7.5579999999986514E-001                  2.4280000000013482E-001                  1.4000000000000679E-003                  2.6416003691149439E-027                  0.0000000000000000E+000                  0.0000000000000000E+000                                        0                 -9.8999999999999986E+001                 -9.9000000000000000E+001                 -9.9000000000000000E+001 
                                     104                  1.9999345564071664E+000                  2.9049242199938718E-001                  4.4607448728961456E+000                 -7.7963315046818735E+000                  4.8057239681713337E+000                  7.5579999999986514E-001                  2.4280000000013485E-001                  1.4000000000000679E-003                  2.7328860213618720E-027                  0.0000000000000000E+000                  0.0000000000000000E+000                                        0                 -9.8999999999999986E+001                 -9.9000000000000000E+001                 -9.9000000000000000E+001 
                                     105                  1.9999345563837299E+000                  2.9045218496034392E-001                  4.4650160797204910E+000                 -7.7845534803762151E+000                  4.8218094952208235E+000                  7.5579999999986502E-001                  2.4280000000013485E-001                  1.4000000000000679E-003                  2.8080252771029255E-027                  0.0000000000000000E+000                  0.0000000000000000E+000                                        0                 -9.8999999999999986E+001                 -9.9000000000000000E+001                 -9.9000000000000000E+001 
                                     106                  1.9999345563681055E+000                  2.9042607199111703E-001                  4.4691757620454977E+000                 -7.7732382683260974E+000                  4.8373241244018601E+000                  7.5579999999986514E-001                  2.4280000000013485E-001                  1.4000000000000679E-003                  2.8821571385532067E-027                  0.0000000000000000E+000                  0.0000000000000000E+000                                        0                 -9.8999999999999986E+001                 -9.9000000000000000E+001                 -9.9000000000000000E+001 
                                     107                  1.9999345563446687E+000                  2.9038790141379761E-001                  4.4747967047781891E+000                 -7.7580802118694336E+000                  4.8581607753872706E+000                  7.5579999999986502E-001                  2.4280000000013485E-001                  1.4000000000000679E-003                  2.9845417424572890E-027                  0.0000000000000000E+000                  0.0000000000000000E+000                                        0                 -9.8999999999999986E+001                 -9.9000000000000000E+001                 -9.9000000000000000E+001 
                                     108                  1.9999345563134199E+000                  2.9033873818373646E-001                  4.4794157849454583E+000                 -7.7456426648293482E+000                  4.8752656772918002E+000                  7.5579999999986502E-001                  2.4280000000013485E-001                  1.4000000000000679E-003                  3.0712617169347256E-027                  0.0000000000000000E+000                  0.0000000000000000E+000                                        0                 -9.8999999999999986E+001                 -9.9000000000000000E+001                 -9.9000000000000000E+001 
                                     109                  1.9999345562977953E+000                  2.9031484453620993E-001                  4.4839206650324632E+000                 -7.7337414205887596E+000                  4.8917258988542400E+000                  7.5579999999986502E-001                  2.4280000000013485E-001                  1.4000000000000679E-003                  3.1566006699973149E-027                  0.0000000000000000E+000                  0.0000000000000000E+000                                        0                 -9.8999999999999986E+001                 -9.9000000000000000E+001                 -9.9000000000000000E+001 
                                     110                  1.9999345562665463E+000                  2.9026833769919957E-001                  4.4896931282431787E+000                 -7.7185581093582627E+000                  4.9127539902334956E+000                  7.5579999999986502E-001                  2.4280000000013485E-001                  1.4000000000000679E-003                  3.2689252884461308E-027                  0.0000000000000000E+000                  0.0000000000000000E+000                                        0                 -9.8999999999999986E+001                 -9.9000000000000000E+001                 -9.9000000000000000E+001 
                                     111                  1.9999345562352975E+000                  2.9022341450407146E-001                  4.4952428692693873E+000                 -7.7041186118576732E+000                  4.9328188834751696E+000                  7.5579999999986502E-001                  2.4280000000013485E-001                  1.4000000000000679E-003                  3.3794534213067468E-027                  0.0000000000000000E+000                  0.0000000000000000E+000                                        0                 -9.8999999999999986E+001                 -9.9000000000000000E+001                 -9.9000000000000000E+001 
                                     112                  1.9999345562040485E+000                  2.9017994709782752E-001                  4.5005886298503839E+000                 -7.6903572282051345E+000                  4.9520050626403505E+000                  7.5579999999986502E-001                  2.4280000000013482E-001                  1.4000000000001789E-003                  3.4882673201462428E-027                  0.0000000000000000E+000                  0.0000000000000000E+000                                        0                 -9.8999999999999986E+001                 -9.9000000000000000E+001                 -9.9000000000000000E+001 
                                     113                  1.9999345561727997E+000                  2.9013782298864471E-001                  4.5057469366752398E+000                 -7.6772167481303164E+000                  4.9703863597498810E+000                  7.5579999999986502E-001                  2.4280000000013485E-001                  1.4000000000000679E-003                  3.5954403847986713E-027                  0.0000000000000000E+000                  0.0000000000000000E+000                                        0                 -9.8999999999999986E+001                 -9.9000000000000000E+001                 -9.9000000000000000E+001 
                                     114                  1.9999345561415509E+000                  2.9009694262442232E-001                  4.5107322889845056E+000                 -7.6646470189497986E+000                  4.9880276736721969E+000                  7.5579999999986502E-001                  2.4280000000013480E-001                  1.4000000000001789E-003                  3.7010386469062300E-027                  0.0000000000000000E+000                  0.0000000000000000E+000                                        0                 -9.8999999999999986E+001                 -9.9000000000000000E+001                 -9.9000000000000000E+001 
                                     115                  1.9999345561103019E+000                  2.9005721743875068E-001                  4.5155573522575922E+000                 -7.6526035402656403E+000                  5.0049863556850847E+000                  7.5579999999986502E-001                  2.4280000000013485E-001                  1.4000000000000679E-003                  3.8051242868348465E-027                  0.0000000000000000E+000                  0.0000000000000000E+000                                        0                 -9.8999999999999986E+001                 -9.9000000000000000E+001                 -9.9000000000000000E+001 
                                     116                  1.9999345560790531E+000                  2.9001856828238093E-001                  4.5202332372820502E+000                 -7.6410465958805522E+000                  5.0213133363881752E+000                  7.5579999999986502E-001                  2.4280000000013485E-001                  1.4000000000000679E-003                  3.9077564741529595E-027                  0.0000000000000000E+000                  0.0000000000000000E+000                                        0                 -9.8999999999999986E+001                 -9.9000000000000000E+001                 -9.9000000000000000E+001 
                                     117                  1.9999345560478041E+000                  2.8998092413073423E-001                  4.5258963125315033E+000                 -7.6272466018262088E+000                  5.0409016736371104E+000                  7.5579999999986514E-001                  2.4280000000013485E-001                  1.4000000000000679E-003                  4.0339410304876680E-027                  0.0000000000000000E+000                  0.0000000000000000E+000                                        0                 -9.8999999999999986E+001                 -9.9000000000000000E+001                 -9.9000000000000000E+001 
                                     118                  1.9999345560009310E+000                  2.8992620649541861E-001                  4.5324112316929455E+000                 -7.6115117919387156E+000                  5.0633089225631895E+000                  7.5579999999986514E-001                  2.4280000000013488E-001                  1.3999999999999568E-003                  4.1827965780327237E-027                  0.0000000000000000E+000                  0.0000000000000000E+000                                        0                 -9.8999999999999986E+001                 -9.9000000000000000E+001                 -9.9000000000000000E+001 
                                     119                  1.9999345559540573E+000                  2.8987341623885593E-001                  4.5386631164029243E+000                 -7.5966145871852904E+000                  5.0846266920049885E+000                  7.5579999999986514E-001                  2.4280000000013485E-001                  1.4000000000000679E-003                  4.3287873385779031E-027                  0.0000000000000000E+000                  0.0000000000000000E+000                                        0                 -9.8999999999999986E+001                 -9.9000000000000000E+001                 -9.9000000000000000E+001 
                                     120                  1.9999345559071839E+000                  2.8982238779832192E-001                  4.5436797554172745E+000                 -7.5847729635180992E+000                  5.1016333226456032E+000                  7.5579999999986502E-001                  2.4280000000013485E-001                  1.4000000000000679E-003                  4.4484604353545969E-027                  0.0000000000000000E+000                  0.0000000000000000E+000                                        0                 -9.8999999999999986E+001                 -9.9000000000000000E+001                 -9.9000000000000000E+001 
                                     121                  1.9999345558759352E+000                  2.8978927425708217E-001                  4.5495328193663997E+000                 -7.5712494063021509E+000                  5.1212052545527857E+000                  7.5579999999986525E-001                  2.4280000000013482E-001                  1.3999999999999568E-003                  4.5891837016184435E-027                  0.0000000000000000E+000                  0.0000000000000000E+000                                        0                 -9.8999999999999986E+001                 -9.9000000000000000E+001                 -9.9000000000000000E+001 
                                     122                  1.9999345558134372E+000                  2.8972505606702142E-001                  4.5551444443630240E+000                 -7.5583269131724666E+000                  5.1399439062870309E+000                  7.5579999999986502E-001                  2.4280000000013485E-001                  1.4000000000000679E-003                  4.7278101036685999E-027                  0.0000000000000000E+000                  0.0000000000000000E+000                                        0                 -9.8999999999999986E+001                 -9.9000000000000000E+001                 -9.9000000000000000E+001 
                                     123                  1.9999345557821884E+000                  2.8969387803710783E-001                  4.5606109752243960E+000                 -7.5460517124488549E+000                  5.1579124210474090E+000                  7.5579999999986514E-001                  2.4280000000013485E-001                  1.4000000000000679E-003                  4.8633691793072907E-027                  0.0000000000000000E+000                  0.0000000000000000E+000                                        0                 -9.8999999999999986E+001                 -9.9000000000000000E+001                 -9.9000000000000000E+001 
                                     124                  1.9999345557196904E+000                  2.8963324055139833E-001                  4.5667456083693274E+000                 -7.5323929546794179E+000                  5.1779881673378219E+000                  7.5579999999986514E-001                  2.4280000000013485E-001                  1.4000000000000679E-003                  5.0187812809096278E-027                  0.0000000000000000E+000                  0.0000000000000000E+000                                        0                 -9.8999999999999986E+001                 -9.9000000000000000E+001                 -9.9000000000000000E+001 
                                     125                  1.9999345556728170E+000                  2.8958915454314371E-001                  4.5718423673909410E+000                 -7.5212483717646812E+000                  5.1944934612938836E+000                  7.5579999999986514E-001                  2.4280000000013482E-001                  1.4000000000000679E-003                  5.1492589677616482E-027                  0.0000000000000000E+000                  0.0000000000000000E+000                                        0                 -9.8999999999999986E+001                 -9.9000000000000000E+001                 -9.9000000000000000E+001 
                                     126                  1.9999345556259434E+000                  2.8954617252562337E-001                  4.5776099674100488E+000                 -7.5088479146536908E+000                  5.2129960014788335E+000                  7.5579999999986514E-001                  2.4280000000013482E-001                  1.4000000000000679E-003                  5.2984313690392330E-027                  0.0000000000000000E+000                  0.0000000000000000E+000                                        1                  1.1195393207944759E+001                  1.1195393207944759E+001                 -9.9000000000000000E+001 
                                     127                  1.9999345555634456E+000                  2.8949045739911511E-001                  4.5839570476431870E+000                 -7.4953755497845602E+000                  5.2332295332103573E+000                  7.5579999999986514E-001                  2.4280000000013482E-001                  1.4000000000000679E-003                  5.4654008271105393E-027                  0.0000000000000000E+000                  0.0000000000000000E+000                                        1                  1.1874226820593014E+001                  1.1874226820593014E+001                 -9.9000000000000000E+001 
                                     128                  1.9999345555009476E+000                  2.8943642361545280E-001                  4.5900661246175387E+000                 -7.4825920439038969E+000                  5.2525716233816615E+000                  7.5579999999986514E-001                  2.4280000000013482E-001                  1.4000000000000679E-003                  5.6286958012341386E-027                  0.0000000000000000E+000                  0.0000000000000000E+000                                        1                  1.2167664941356264E+001                  1.2167664941356264E+001                 -9.9000000000000000E+001 
                                     129                  1.9999345554384496E+000                  2.8938393783575400E-001                  4.5966768622256877E+000                 -7.4689642092530697E+000                  5.2733588077705162E+000                  7.5579999999986514E-001                  2.4280000000013482E-001                  1.4000000000000679E-003                  5.8081530580165042E-027                  0.0000000000000000E+000                  0.0000000000000000E+000                                        1                  1.2365225386818283E+001                  1.2365225386818283E+001                 -9.9000000000000000E+001 
                                     130                  1.9999345553603272E+000                  2.8932033185285350E-001                  4.6050756795828747E+000                 -7.4518915081974511E+000                  5.2996273645860201E+000                  7.5579999999986514E-001                  2.4280000000013482E-001                  1.4000000000000679E-003                  6.0410699466324309E-027                  0.0000000000000000E+000                  0.0000000000000000E+000                                        1                  1.2547345492423668E+001                  1.2547345492423668E+001                 -9.9000000000000000E+001 
                                     131                  1.9999345552509558E+000                  2.8923467202473602E-001                  4.6136134256852319E+000                 -7.4345571118235547E+000                  5.3264195369801097E+000                  7.5579999999986514E-001                  2.4280000000013482E-001                  1.4000000000000679E-003                  6.2871161247492848E-027                  0.0000000000000000E+000                  0.0000000000000000E+000                                        1                  1.2735392739772315E+001                  1.2735392739772315E+001                 -9.9000000000000000E+001 
                                     132                  1.9999345551572090E+000                  2.8916408410449895E-001                  4.6198292129797531E+000                 -7.4219600683666034E+000                  5.3459722344765819E+000                  7.5579999999986514E-001                  2.4280000000013482E-001                  1.4000000000000679E-003                  6.4721847663894783E-027                  0.0000000000000000E+000                  0.0000000000000000E+000                                        1                  1.2856823872547931E+001                  1.2856823872547931E+001                 -9.9000000000000000E+001 
                                     133                  1.9999345550947110E+000                  2.8911835248666523E-001                  4.6258028240549480E+000                 -7.4099860253347183E+000                  5.3646901450769677E+000                  7.5579999999986514E-001                  2.4280000000013482E-001                  1.4000000000000679E-003                  6.6531489393091850E-027                  0.0000000000000000E+000                  0.0000000000000000E+000                                        1                  1.2920662819957100E+001                  1.2920662819957100E+001                 -9.9000000000000000E+001 
                                     134                  1.9999345550009642E+000                  2.8905159461016056E-001                  4.6314736131933438E+000                 -7.3984695460868792E+000                  5.3826453564711398E+000                  7.5579999999986514E-001                  2.4280000000013482E-001                  1.4000000000000679E-003                  6.8319701961199203E-027                  0.0000000000000000E+000                  0.0000000000000000E+000                                        1                  1.2996392500808570E+001                  1.2996392500808570E+001                 -9.9000000000000000E+001 
                                     135                  1.9999345549384664E+000                  2.8900823753771065E-001                  4.6358441128476446E+000                 -7.3896029487275454E+000                  5.3964989377952719E+000                  7.5579999999986514E-001                  2.4280000000013482E-001                  1.4000000000000679E-003                  6.9729139187143238E-027                  0.0000000000000000E+000                  0.0000000000000000E+000                                        1                  1.3035417374795674E+001                  1.3035417374795674E+001                 -9.9000000000000000E+001 
                                     136                  1.9999345548759684E+000                  2.8896574407438591E-001                  4.6411069434563990E+000                 -7.3789064169676521E+000                  5.4132231144071730E+000                  7.5579999999986514E-001                  2.4280000000013482E-001                  1.4000000000000679E-003                  7.1468219484628551E-027                  0.0000000000000000E+000                  0.0000000000000000E+000                                        1                  1.3064196353898353E+001                  1.3064196353898353E+001                 -9.9000000000000000E+001 
                                     137                  1.9999345547822214E+000                  2.8890353211034603E-001                  4.6467247776285090E+000                 -7.3672664585316747E+000                  5.4313088677414703E+000                  7.5579999999986514E-001                  2.4280000000013482E-001                  1.4000000000000679E-003                  7.3410006962110038E-027                  0.0000000000000000E+000                  0.0000000000000000E+000                                        1                  1.3091669414200515E+001                  1.3091669414200515E+001                 -9.9000000000000000E+001 
                                     138                  1.9999345547001928E+000                  2.8885051514673427E-001                  4.6525501224102692E+000                 -7.3550761487294603E+000                  5.4501907632274262E+000                  7.5579999999986514E-001                  2.4280000000013482E-001                  1.4000000000000679E-003                  7.5500193385062608E-027                  0.0000000000000000E+000                  0.0000000000000000E+000                                        1                  1.3101064565968574E+001                  1.3101064565968574E+001                 -9.9000000000000000E+001 
                                     139                  1.9999345545908214E+000                  2.8878175355140151E-001                  4.6595789865769257E+000                 -7.3399915379792890E+000                  5.4733345843249124E+000                  7.5579999999986514E-001                  2.4280000000013482E-001                  1.4000000000000679E-003                  7.8169224467390740E-027                  0.0000000000000000E+000                  0.0000000000000000E+000                                        1                  1.3093158365524296E+001                  1.3093158365524296E+001                 -9.9000000000000000E+001 
                                     140                  1.9999345544541072E+000                  2.8869869218350597E-001                  4.6662973716087954E+000                 -7.3249848793547327E+000                  5.4960037587726038E+000                  7.5579999999986514E-001                  2.4280000000013482E-001                  1.4000000000000679E-003                  8.0918090984612025E-027                  0.0000000000000000E+000                  0.0000000000000000E+000                                        1                  1.3057253114816149E+001                  1.3057253114816149E+001                 -9.9000000000000000E+001 
                                     141                  1.9999345543369234E+000                  2.8862987871561785E-001                  4.6721074540182954E+000                 -7.3116370156534529E+000                  5.5159406297231470E+000                  7.5579999999986514E-001                  2.4280000000013482E-001                  1.4000000000000679E-003                  8.3444238307303395E-027                  0.0000000000000000E+000                  0.0000000000000000E+000                                        1                  1.3004549789660127E+001                  1.3004549789660127E+001                 -9.9000000000000000E+001 
                                     142                  1.9999345542197395E+000                  2.8856311677617164E-001                  4.6784696245145128E+000                 -7.2966313521429331E+000                  5.5381127541624364E+000                  7.5579999999986514E-001                  2.4280000000013482E-001                  1.4000000000000679E-003                  8.6378426624490201E-027                  0.0000000000000000E+000                  0.0000000000000000E+000                                        1                  1.2929238926635975E+001                  1.2929238926635975E+001                 -9.9000000000000000E+001 
                                     143                  1.9999345540634947E+000                  2.8847707859612287E-001                  4.6835252033607864E+000                 -7.2841125439340004E+000                  5.5562702270742399E+000                  7.5579999999986514E-001                  2.4280000000013482E-001                  1.4000000000000679E-003                  8.8905139881609665E-027                  0.0000000000000000E+000                  0.0000000000000000E+000                                        1                  1.2787427123635231E+001                  1.2787427123635231E+001                 -9.9000000000000000E+001 
                                     144                  1.9999345539853721E+000                  2.8843526339438874E-001                  4.6875706596289435E+000                 -7.2740238480556973E+000                  5.5708477972584189E+000                  7.5579999999986514E-001                  2.4280000000013482E-001                  1.4000000000000679E-003                  9.0995062732239048E-027                  0.0000000000000000E+000                  0.0000000000000000E+000                                        1                  1.2688173580039200E+001                  1.2688173580039200E+001                 -9.9000000000000000E+001 
                                     145                  1.9999345538681883E+000                  2.8837395902390783E-001                  4.6936908137701501E+000                 -7.2583996829724997E+000                  5.5932119215613243E+000                  7.5579999999986514E-001                  2.4280000000013482E-001                  1.4000000000000679E-003                  9.4329069620049317E-027                  0.0000000000000000E+000                  0.0000000000000000E+000                                        1                  1.2463868993116220E+001                  1.2463868993116220E+001                 -9.9000000000000000E+001 
                                     146                  1.9999345536728823E+000                  2.8827534108991626E-001                  4.7000159060930233E+000                 -7.2414055271844848E+000                  5.6170884860421566E+000                  7.5579999999986514E-001                  2.4280000000013480E-001                  1.4000000000000679E-003                  9.8094272087816940E-027                  0.0000000000000000E+000                  0.0000000000000000E+000                                        0                 -9.8999999999999986E+001                 -9.9000000000000000E+001                 -9.9000000000000000E+001 
                                     147                  1.9999345535166377E+000                  2.8819942854863351E-001                  4.7052734119400075E+000                 -7.2268847544326329E+000                  5.6372770756231505E+000                  7.5579999999986514E-001                  2.4280000000013482E-001                  1.4000000000000679E-003                  1.0143033300841026E-026                  0.0000000000000000E+000                  0.0000000000000000E+000                                        0                 -9.8999999999999986E+001                 -9.9000000000000000E+001                 -9.9000000000000000E+001 
                                     148                  1.9999345533603929E+000                  2.8812597431905229E-001                  4.7114310098730776E+000                 -7.2094664402085806E+000                  5.6612764366526385E+000                  7.5579999999986514E-001                  2.4280000000013482E-001                  1.4000000000000679E-003                  1.0558211458153119E-026                  0.0000000000000000E+000                  0.0000000000000000E+000                                        0                 -9.8999999999999986E+001                 -9.9000000000000000E+001                 -9.9000000000000000E+001 
                                     149                  1.9999345531260255E+000                  2.8802005899429733E-001                  4.7170747529328967E+000                 -7.1926629009029570E+000                  5.6840403664374248E+000                  7.5579999999986502E-001                  2.4280000000013485E-001                  1.4000000000000679E-003                  1.0974835449677372E-026                  0.0000000000000000E+000                  0.0000000000000000E+000                                        0                 -9.8999999999999986E+001                 -9.9000000000000000E+001                 -9.9000000000000000E+001 
                                     150                  1.9999345529697810E+000                  2.8795208780963466E-001                  4.7234524748215385E+000                 -7.1735091349289855E+000                  5.7098856552299218E+000                  7.5579999999986502E-001                  2.4280000000013480E-001                  1.4000000000001789E-003                  1.1469819413233438E-026                  0.0000000000000000E+000                  0.0000000000000000E+000                                        0                 -9.8999999999999986E+001                 -9.9000000000000000E+001                 -9.9000000000000000E+001 
                                     151                  1.9999345526572911E+000                  2.8782192159826547E-001                  4.7292246183702158E+000                 -7.1550646245580998E+000                  5.7343073296821760E+000                  7.5579999999986502E-001                  2.4280000000013488E-001                  1.4000000000000679E-003                  1.1967565425033304E-026                  0.0000000000000000E+000                  0.0000000000000000E+000                                        0                 -9.8999999999999986E+001                 -9.9000000000000000E+001                 -9.9000000000000000E+001 
                                     152                  1.9999345525010461E+000                  2.8775950319617033E-001                  4.7328836035560187E+000                 -7.1432769228430040E+000                  5.7498661828715445E+000                  7.5579999999986502E-001                  2.4280000000013491E-001                  1.4000000000000679E-003                  1.2296926612181524E-026                  0.0000000000000000E+000                  0.0000000000000000E+000                                        0                 -9.8999999999999986E+001                 -9.9000000000000000E+001                 -9.9000000000000000E+001 
                                     153                  1.9999345523448013E+000                  2.8769873032819449E-001                  4.7372468499348690E+000                 -7.1290474836648547E+000                  5.7685724773479023E+000                  7.5579999999986502E-001                  2.4280000000013491E-001                  1.4000000000000679E-003                  1.2706612351959579E-026                  0.0000000000000000E+000                  0.0000000000000000E+000                                        0                 -9.8999999999999986E+001                 -9.9000000000000000E+001                 -9.9000000000000000E+001 
                                     154                  1.9999345521104341E+000                  2.8761046399057044E-001                  4.7413427481069439E+000                 -7.1152728018298657E+000                  5.7865204891106314E+000                  7.5579999999986514E-001                  2.4280000000013485E-001                  1.4000000000000679E-003                  1.3116203973745859E-026                  0.0000000000000000E+000                  0.0000000000000000E+000                                        0                 -9.8999999999999986E+001                 -9.9000000000000000E+001                 -9.9000000000000000E+001 
                                     155                  1.9999345519541893E+000                  2.8755342824496977E-001                  4.7452667532421628E+000                 -7.1020142317571917E+000                  5.8037649891576031E+000                  7.5579999999986514E-001                  2.4280000000013485E-001                  1.4000000000000679E-003                  1.3522915931473176E-026                  0.0000000000000000E+000                  0.0000000000000000E+000                                        0                 -9.8999999999999986E+001                 -9.9000000000000000E+001                 -9.9000000000000000E+001 
                                     156                  1.9999345517198219E+000                  2.8747040687516029E-001                  4.7489749358541777E+000                 -7.0891611985114418E+000                  5.8203632809640951E+000                  7.5579999999986514E-001                  2.4280000000013485E-001                  1.4000000000000679E-003                  1.3929224556707065E-026                  0.0000000000000000E+000                  0.0000000000000000E+000                                        0                 -9.8999999999999986E+001                 -9.9000000000000000E+001                 -9.9000000000000000E+001 
                                     157                  1.9999345515635774E+000                  2.8741664792531668E-001                  4.7518317468352445E+000                 -7.0791963287468107E+000                  5.8332060448471266E+000                  7.5579999999986514E-001                  2.4280000000013488E-001                  1.3999999999999568E-003                  1.4252616668067763E-026                  0.0000000000000000E+000                  0.0000000000000000E+000                                        0                 -9.8999999999999986E+001                 -9.9000000000000000E+001                 -9.9000000000000000E+001 
                                     158                  1.9999345514073323E+000                  2.8736408913229966E-001                  4.7559610047868190E+000                 -7.0647599559693965E+000                  5.8517938195284120E+000                  7.5579999999986514E-001                  2.4280000000013482E-001                  1.4000000000000679E-003                  1.4734489170249856E-026                  0.0000000000000000E+000                  0.0000000000000000E+000                                        0                 -9.8999999999999986E+001                 -9.9000000000000000E+001                 -9.9000000000000000E+001 
                                     159                  1.9999345510948425E+000                  2.8726235412036311E-001                  4.7611176381709770E+000                 -7.0462868784843655E+000                  5.8754227627910707E+000                  7.5579999999986514E-001                  2.4280000000013485E-001                  1.4000000000000679E-003                  1.5374943060950307E-026                  0.0000000000000000E+000                  0.0000000000000000E+000                                        0                 -9.8999999999999986E+001                 -9.9000000000000000E+001                 -9.9000000000000000E+001 
                                     160                  1.9999345507823527E+000                  2.8716478861141187E-001                  4.7659626952277980E+000                 -7.0286830450921238E+000                  5.8978518121684180E+000                  7.5579999999986514E-001                  2.4280000000013482E-001                  1.4000000000000679E-003                  1.6011151201416621E-026                  0.0000000000000000E+000                  0.0000000000000000E+000                                        0                 -9.8999999999999986E+001                 -9.9000000000000000E+001                 -9.9000000000000000E+001 
                                     161                  1.9999345504698629E+000                  2.8707103684535118E-001                  4.7705331212255766E+000                 -7.0118740658104795E+000                  5.9191971595351500E+000                  7.5579999999986514E-001                  2.4280000000013488E-001                  1.3999999999999568E-003                  1.6643191535631435E-026                  0.0000000000000000E+000                  0.0000000000000000E+000                                        0                 -9.8999999999999986E+001                 -9.9000000000000000E+001                 -9.9000000000000000E+001 
                                     162                  1.9999345501573731E+000                  2.8698078699691354E-001                  4.7748594504403314E+000                 -6.9957940162292722E+000                  5.9395588871892713E+000                  7.5579999999986514E-001                  2.4280000000013482E-001                  1.4000000000000679E-003                  1.7271163926831919E-026                  0.0000000000000000E+000                  0.0000000000000000E+000                                        0                 -9.8999999999999986E+001                 -9.9000000000000000E+001                 -9.9000000000000000E+001 
                                     163                  1.9999345498448833E+000                  2.8689376433956287E-001                  4.7789672724713306E+000                 -6.9803844339399550E+000                  5.9590238157139650E+000                  7.5579999999986525E-001                  2.4280000000013482E-001                  1.3999999999999568E-003                  1.7895177646807762E-026                  0.0000000000000000E+000                  0.0000000000000000E+000                                        0                 -9.8999999999999986E+001                 -9.9000000000000000E+001                 -9.9000000000000000E+001 
                                     164                  1.9999345495323935E+000                  2.8680972563463625E-001                  4.7828784251949772E+000                 -6.9655935036704246E+000                  5.9776677489404735E+000                  7.5579999999986514E-001                  2.4280000000013485E-001                  1.4000000000000679E-003                  1.8515338524854662E-026                  0.0000000000000000E+000                  0.0000000000000000E+000                                        0                 -9.8999999999999986E+001                 -9.9000000000000000E+001                 -9.9000000000000000E+001 
                                     165                  1.9999345492199037E+000                  2.8672845448821677E-001                  4.7861470170532572E+000                 -6.9531133415694137E+000                  5.9933609603195981E+000                  7.5579999999986514E-001                  2.4280000000013485E-001                  1.4000000000000679E-003                  1.9055302955440610E-026                  0.0000000000000000E+000                  0.0000000000000000E+000                                        0                 -9.8999999999999986E+001                 -9.9000000000000000E+001                 -9.9000000000000000E+001 
                                     166                  1.9999345489855367E+000                  2.8666919904104782E-001                  4.7888554692197278E+000                 -6.9427522725472279E+000                  6.0063821958340204E+000                  7.5579999999986514E-001                  2.4280000000013482E-001                  1.4000000000000679E-003                  1.9515528827786782E-026                  0.0000000000000000E+000                  0.0000000000000000E+000                                        0                 -9.8999999999999986E+001                 -9.9000000000000000E+001                 -9.9000000000000000E+001 
                                     167                  1.9999345487511693E+000                  2.8661131712259680E-001                  4.7919140427683438E+000                 -6.9310324744435627E+000                  6.0211037809833536E+000                  7.5579999999986514E-001                  2.4280000000013488E-001                  1.3999999999999568E-003                  2.0049521580998651E-026                  0.0000000000000000E+000                  0.0000000000000000E+000                                        0                 -9.8999999999999986E+001                 -9.9000000000000000E+001                 -9.9000000000000000E+001 
                                     168                  1.9999345484386795E+000                  2.8653616151160372E-001                  4.7952710710910793E+000                 -6.9180755438949362E+000                  6.0373502353265946E+000                  7.5579999999986514E-001                  2.4280000000013491E-001                  1.3999999999999568E-003                  2.0656907667351572E-026                  0.0000000000000000E+000                  0.0000000000000000E+000                                        0                 -9.8999999999999986E+001                 -9.9000000000000000E+001                 -9.9000000000000000E+001 
                                     169                  1.9999345481261896E+000                  2.8646317767513774E-001                  4.8001050722596004E+000                 -6.8995138529295215E+000                  6.0606494977302345E+000                  7.5579999999986502E-001                  2.4280000000013491E-001                  1.4000000000000679E-003                  2.1559235899326731E-026                  0.0000000000000000E+000                  0.0000000000000000E+000                                        0                 -9.8999999999999986E+001                 -9.9000000000000000E+001                 -9.9000000000000000E+001 
                                     170                  1.9999345475012100E+000                  2.8632321430153457E-001                  4.8046169270164469E+000                 -6.8817777672933618E+000                  6.0827899863888302E+000                  7.5579999999986514E-001                  2.4280000000013491E-001                  1.3999999999999568E-003                  2.2458236974157529E-026                  0.0000000000000000E+000                  0.0000000000000000E+000                                        0                 -9.8999999999999986E+001                 -9.9000000000000000E+001                 -9.9000000000000000E+001 
                                     171                  1.9999345471887202E+000                  2.8625598491895737E-001                  4.8089638478235308E+000                 -6.8649496009764306E+000                  6.1038690229864061E+000                  7.5579999999986502E-001                  2.4280000000013491E-001                  1.4000000000000679E-003                  2.3345857815701190E-026                  0.0000000000000000E+000                  0.0000000000000000E+000                                        0                 -9.8999999999999986E+001                 -9.9000000000000000E+001                 -9.9000000000000000E+001 
                                     172                  1.9999345465637406E+000                  2.8612654866363130E-001                  4.8130556521262458E+000                 -6.8488123269370078E+000                  6.1239955792480893E+000                  7.5579999999986502E-001                  2.4280000000013491E-001                  1.4000000000000679E-003                  2.4229975950357023E-026                  0.0000000000000000E+000                  0.0000000000000000E+000                                        0                 -9.8999999999999986E+001                 -9.9000000000000000E+001                 -9.9000000000000000E+001 
                                     173                  1.9999345462512508E+000                  2.8606414983543343E-001                  4.8156987474845581E+000                 -6.8384664841164344E+000                  6.1369204125069681E+000                  7.5579999999986502E-001                  2.4280000000013485E-001                  1.4000000000000679E-003                  2.4814335430409258E-026                  0.0000000000000000E+000                  0.0000000000000000E+000                                        0                 -9.8999999999999986E+001                 -9.9000000000000000E+001                 -9.9000000000000000E+001 
                                     174                  1.9999345459387610E+000                  2.8600319395290114E-001                  4.8189056667476260E+000                 -6.8259545935190085E+000                  6.1525622582833295E+000                  7.5579999999986502E-001                  2.4280000000013485E-001                  1.4000000000000679E-003                  2.5539901797478522E-026                  0.0000000000000000E+000                  0.0000000000000000E+000                                        0                 -9.8999999999999986E+001                 -9.9000000000000000E+001                 -9.9000000000000000E+001 
                                     175                  1.9999345454700264E+000                  2.8591431073957152E-001                  4.8225991549064231E+000                 -6.8114865888050797E+000                  6.1706323744169005E+000                  7.5579999999986514E-001                  2.4280000000013491E-001                  1.3999999999999568E-003                  2.6405398631798228E-026                  0.0000000000000000E+000                  0.0000000000000000E+000                                        0                 -9.8999999999999986E+001                 -9.9000000000000000E+001                 -9.9000000000000000E+001 
                                     176                  1.9999345450012920E+000                  2.8582828783512249E-001                  4.8267369623274270E+000                 -6.7953341896121024E+000                  6.1908213599445698E+000                  7.5579999999986514E-001                  2.4280000000013485E-001                  1.4000000000000679E-003                  2.7406361183037285E-026                  0.0000000000000000E+000                  0.0000000000000000E+000                                        0                 -9.8999999999999986E+001                 -9.9000000000000000E+001                 -9.9000000000000000E+001 
                                     177                  1.9999345443763124E+000                  2.8571770305809768E-001                  4.8301158795082122E+000                 -6.7820211997236974E+000                  6.2074258657081067E+000                  7.5579999999986514E-001                  2.4280000000013485E-001                  1.4000000000000679E-003                  2.8259833923411556E-026                  0.0000000000000000E+000                  0.0000000000000000E+000                                        0                 -9.8999999999999986E+001                 -9.9000000000000000E+001                 -9.9000000000000000E+001 
                                     178                  1.9999345440638225E+000                  2.8566404947545615E-001                  4.8323119010462126E+000                 -6.7734298971264399E+000                  6.2181582512011646E+000                  7.5579999999986514E-001                  2.4280000000013485E-001                  1.4000000000000679E-003                  2.8824669143156584E-026                  0.0000000000000000E+000                  0.0000000000000000E+000                                        0                 -9.8999999999999986E+001                 -9.9000000000000000E+001                 -9.9000000000000000E+001 
                                     179                  1.9999345437513327E+000                  2.8561142753759156E-001                  4.8344565884353230E+000                 -6.7650434868821661E+000                  6.2286356792907682E+000                  7.5579999999986514E-001                  2.4280000000013485E-001                  1.4000000000000679E-003                  2.9386923030211845E-026                  0.0000000000000000E+000                  0.0000000000000000E+000                                        0                 -9.8999999999999986E+001                 -9.9000000000000000E+001                 -9.9000000000000000E+001 
                                     180                  1.9999345434389115E+000                  2.8555980475144987E-001                  4.8370737684435969E+000                 -6.7548455081019227E+000                  6.2413863734749828E+000                  7.5579999999986514E-001                  2.4280000000013482E-001                  1.4000000000000679E-003                  3.0085431252970998E-026                  0.0000000000000000E+000                  0.0000000000000000E+000                                        0                 -9.8999999999999986E+001                 -9.9000000000000000E+001                 -9.9000000000000000E+001 
                                     181                  1.9999345429705861E+000                  2.8548418394834690E-001                  4.8416195114300109E+000                 -6.7372451873854864E+000                  6.2634238005791314E+000                  7.5579999999986525E-001                  2.4280000000013482E-001                  1.3999999999999568E-003                  3.1330248081132716E-026                  0.0000000000000000E+000                  0.0000000000000000E+000                                        0                 -9.8999999999999986E+001                 -9.9000000000000000E+001                 -9.9000000000000000E+001 
                                     182                  1.9999345420352592E+000                  2.8533904357176015E-001                  4.8468405655987130E+000                 -6.7168419134534432E+000                  6.2889166322019125E+000                  7.5579999999986514E-001                  2.4280000000013480E-001                  1.4000000000000679E-003                  3.2837926240234345E-026                  0.0000000000000000E+000                  0.0000000000000000E+000                                        0                 -9.8999999999999986E+001                 -9.9000000000000000E+001                 -9.9000000000000000E+001 
                                     183                  1.9999345412577456E+000                  2.8522382564636123E-001                  4.8509017781331050E+000                 -6.7010169755812852E+000                  6.3087017674444708E+000                  7.5579999999986514E-001                  2.4280000000013485E-001                  1.4000000000000679E-003                  3.4057085757709568E-026                  0.0000000000000000E+000                  0.0000000000000000E+000                                        0                 -9.8999999999999986E+001                 -9.9000000000000000E+001                 -9.9000000000000000E+001 
                                     184                  1.9999345406363442E+000                  2.8513497406047306E-001                  4.8552354688284014E+000                 -6.6842938612961253E+000                  6.3296558955885009E+000                  7.5579999999986514E-001                  2.4280000000013485E-001                  1.4000000000000679E-003                  3.5394676062948474E-026                  0.0000000000000000E+000                  0.0000000000000000E+000                                        0                 -9.8999999999999986E+001                 -9.9000000000000000E+001                 -9.9000000000000000E+001 
                                     185                  1.9999345397062849E+000                  2.8500691628660141E-001                  4.8593487266395519E+000                 -6.6683258084173840E+000                  6.3496365572584841E+000                  7.5579999999986514E-001                  2.4280000000013485E-001                  1.4000000000000679E-003                  3.6720885075118269E-026                  0.0000000000000000E+000                  0.0000000000000000E+000                                        0                 -9.8999999999999986E+001                 -9.9000000000000000E+001                 -9.9000000000000000E+001 
                                     186                  1.9999345390874124E+000                  2.8492472156019655E-001                  4.8640991081423994E+000                 -6.6501809308788316E+000                  6.3724249588793160E+000                  7.5579999999986502E-001                  2.4280000000013485E-001                  1.4000000000000679E-003                  3.8288318818480741E-026                  0.0000000000000000E+000                  0.0000000000000000E+000                                        0                 -9.8999999999999986E+001                 -9.9000000000000000E+001                 -9.9000000000000000E+001 
                                     187                  1.9999345378518842E+000                  2.8476721089679818E-001                  4.8685717132970598E+000                 -6.6328883373801490E+000                  6.3940829180998096E+000                  7.5579999999986502E-001                  2.4280000000013488E-001                  1.4000000000000679E-003                  3.9844368076160868E-026                  0.0000000000000000E+000                  0.0000000000000000E+000                                        0                 -9.8999999999999986E+001                 -9.9000000000000000E+001                 -9.9000000000000000E+001 
                                     188                  1.9999345372351796E+000                  2.8469159872379191E-001                  4.8728895515784352E+000                 -6.6165152344211471E+000                  6.4146803960043099E+000                  7.5579999999986502E-001                  2.4280000000013488E-001                  1.4000000000000679E-003                  4.1375934790183030E-026                  0.0000000000000000E+000                  0.0000000000000000E+000                                        0                 -9.8999999999999986E+001                 -9.9000000000000000E+001                 -9.9000000000000000E+001 
                                     189                  1.9999345360038372E+000                  2.8454610245665157E-001                  4.8769800713836808E+000                 -6.6008426734532675E+000                  6.4343499344390924E+000                  7.5579999999986514E-001                  2.4280000000013488E-001                  1.3999999999999568E-003                  4.2897102356540496E-026                  0.0000000000000000E+000                  0.0000000000000000E+000                                        0                 -9.8999999999999986E+001                 -9.9000000000000000E+001                 -9.9000000000000000E+001 
                                     190                  1.9999345353891396E+000                  2.8447599158607856E-001                  4.8806172301939963E+000                 -6.5871302412393336E+000                  6.4516232794053563E+000                  7.5579999999986502E-001                  2.4280000000013488E-001                  1.4000000000000679E-003                  4.4273833903416804E-026                  0.0000000000000000E+000                  0.0000000000000000E+000                                        0                 -9.8999999999999986E+001                 -9.9000000000000000E+001                 -9.9000000000000000E+001 
                                     191                  1.9999345343133732E+000                  2.8435702829442949E-001                  4.8847322515570841E+000                 -6.5715745125345313E+000                  6.4712065424494840E+000                  7.5579999999986502E-001                  2.4280000000013491E-001                  1.4000000000000679E-003                  4.5889215962435589E-026                  0.0000000000000000E+000                  0.0000000000000000E+000                                        0                 -9.8999999999999986E+001                 -9.9000000000000000E+001                 -9.9000000000000000E+001 
                                     192                  1.9999345333916931E+000                  2.8425861686073484E-001                  4.8883905208450091E+000                 -6.5578272729908775E+000                  6.4885368279855520E+000                  7.5579999999986514E-001                  2.4280000000013491E-001                  1.3999999999999568E-003                  4.7365798880735054E-026                  0.0000000000000000E+000                  0.0000000000000000E+000                                        0                 -9.8999999999999986E+001                 -9.9000000000000000E+001                 -9.9000000000000000E+001 
                                     193                  1.9999345324706890E+000                  2.8416327790460216E-001                  4.8927954607604791E+000                 -6.5414196506861328E+000                  6.5092632653139990E+000                  7.5579999999986502E-001                  2.4280000000013488E-001                  1.4000000000000679E-003                  4.9190470440683178E-026                  0.0000000000000000E+000                  0.0000000000000000E+000                                        0                 -9.8999999999999986E+001                 -9.9000000000000000E+001                 -9.9000000000000000E+001 
                                     194                  1.9999345310911560E+000                  2.8402565754832887E-001                  4.8978217862097599E+000                 -6.5227155469585290E+000                  6.5328960513984224E+000                  7.5579999999986514E-001                  2.4280000000013485E-001                  1.4000000000000679E-003                  5.1356444721804828E-026                  0.0000000000000000E+000                  0.0000000000000000E+000                                        0                 -9.8999999999999986E+001                 -9.9000000000000000E+001                 -9.9000000000000000E+001 
                                     195                  1.9999345297135347E+000                  2.8389389854136954E-001                  4.9026100455619428E+000                 -6.5050040936431417E+000                  6.5553060428539709E+000                  7.5579999999986514E-001                  2.4280000000013482E-001                  1.4000000000000679E-003                  5.3495339525573164E-026                  0.0000000000000000E+000                  0.0000000000000000E+000                                        0                 -9.8999999999999986E+001                 -9.9000000000000000E+001                 -9.9000000000000000E+001 
                                     196                  1.9999345283377086E+000                  2.8376745694942856E-001                  4.9064261895416541E+000                 -6.4909148108730639E+000                  6.5731408390317378E+000                  7.5579999999986514E-001                  2.4280000000013482E-001                  1.4000000000000679E-003                  5.5260264888955501E-026                  0.0000000000000000E+000                  0.0000000000000000E+000                                        0                 -9.8999999999999986E+001                 -9.9000000000000000E+001                 -9.9000000000000000E+001 
                                     197                  1.9999345274210727E+000                  2.8368584643651212E-001                  4.9093888830577530E+000                 -6.4800658168249958E+000                  6.5869003664546355E+000                  7.5579999999986514E-001                  2.4280000000013485E-001                  1.4000000000000679E-003                  5.6658881269990666E-026                  0.0000000000000000E+000                  0.0000000000000000E+000                                        0                 -9.8999999999999986E+001                 -9.9000000000000000E+001                 -9.9000000000000000E+001 
                                     198                  1.9999345265049893E+000                  2.8360625306740184E-001                  4.9129862360872343E+000                 -6.4669935250227928E+000                  6.6035096623954201E+000                  7.5579999999986502E-001                  2.4280000000013491E-001                  1.4000000000000679E-003                  5.8391235331516952E-026                  0.0000000000000000E+000                  0.0000000000000000E+000                                        0                 -9.8999999999999986E+001                 -9.9000000000000000E+001                 -9.9000000000000000E+001 
                                     199                  1.9999345251316920E+000                  2.8349039468951998E-001                  4.9171363067101019E+000                 -6.4519373390787873E+000                  6.6226470727241642E+000                  7.5579999999986502E-001                  2.4280000000013488E-001                  1.4000000000000679E-003                  6.0452251830174044E-026                  0.0000000000000000E+000                  0.0000000000000000E+000                                        0                 -9.8999999999999986E+001                 -9.9000000000000000E+001                 -9.9000000000000000E+001 
                                     200                  1.9999345237591921E+000                  2.8337846100661540E-001                  4.9217902361117432E+000                 -6.4352056411839600E+000                  6.6439599723925653E+000                  7.5579999999986502E-001                  2.4280000000013485E-001                  1.4000000000000679E-003                  6.2828103572055637E-026                  0.0000000000000000E+000                  0.0000000000000000E+000                                        0                 -9.8999999999999986E+001                 -9.9000000000000000E+001                 -9.9000000000000000E+001 
                                     201                  1.9999345219312223E+000                  2.8323488928323021E-001                  4.9255988466886791E+000                 -6.4214712140104808E+000                  6.6614423648525909E+000                  7.5579999999986502E-001                  2.4280000000013485E-001                  1.4000000000000679E-003                  6.4847992923447194E-026                  0.0000000000000000E+000                  0.0000000000000000E+000                                        0                 -9.8999999999999986E+001                 -9.9000000000000000E+001                 -9.9000000000000000E+001 
                                     202                  1.9999345210177366E+000                  2.8316532489885005E-001                  4.9286919071116220E+000                 -6.4104703753921406E+000                  6.6754914244671726E+000                  7.5579999999986514E-001                  2.4280000000013491E-001                  1.3999999999999568E-003                  6.6512612606466134E-026                  0.0000000000000000E+000                  0.0000000000000000E+000                                        0                 -9.8999999999999986E+001                 -9.9000000000000000E+001                 -9.9000000000000000E+001 
                                     203                  1.9999345196482292E+000                  2.8306358160057560E-001                  4.9322828460551404E+000                 -6.3977222203030957E+000                  6.6917791573810321E+000                  7.5579999999986502E-001                  2.4280000000013491E-001                  1.4000000000000679E-003                  6.8495170305391372E-026                  0.0000000000000000E+000                  0.0000000000000000E+000                                        0                 -9.8999999999999986E+001                 -9.9000000000000000E+001                 -9.9000000000000000E+001 
                                     204                  1.9999345182794057E+000                  2.8296476237056667E-001                  4.9351817157852480E+000                 -6.3874527015459774E+000                  6.7049067246140428E+000                  7.5579999999986502E-001                  2.4280000000013491E-001                  1.4000000000000679E-003                  7.0135165317027880E-026                  0.0000000000000000E+000                  0.0000000000000000E+000                                        0                 -9.8999999999999986E+001                 -9.9000000000000000E+001                 -9.9000000000000000E+001 
                                     205                  1.9999345173672936E+000                  2.8290041696807744E-001                  4.9374506630931982E+000                 -6.3794667833178957E+000                  6.7151311211245579E+000                  7.5579999999986502E-001                  2.4280000000013491E-001                  1.4000000000000679E-003                  7.1437580644664954E-026                  0.0000000000000000E+000                  0.0000000000000000E+000                                        0                 -9.8999999999999986E+001                 -9.9000000000000000E+001                 -9.9000000000000000E+001 
                                     206                  1.9999345164556002E+000                  2.8283724513708081E-001                  4.9407808682668426E+000                 -6.3678511713498409E+000                  6.7300351970800696E+000                  7.5579999999986502E-001                  2.4280000000013494E-001                  1.4000000000000679E-003                  7.3375267366420141E-026                  0.0000000000000000E+000                  0.0000000000000000E+000                                        0                 -9.8999999999999986E+001                 -9.9000000000000000E+001                 -9.9000000000000000E+001 
                                     207                  1.9999345146322218E+000                  2.8271415727679994E-001                  4.9439910664353626E+000                 -6.3565961075020319E+000                  6.7444586170534775E+000                  7.5579999999986502E-001                  2.4280000000013491E-001                  1.4000000000000679E-003                  7.5302947029377814E-026                  0.0000000000000000E+000                  0.0000000000000000E+000                                        0                 -9.8999999999999986E+001                 -9.9000000000000000E+001                 -9.9000000000000000E+001 
                                     208                  1.9999345137209488E+000                  2.8265417727613307E-001                  4.9460875540022160E+000                 -6.3493106399070998E+000                  6.7538150675999269E+000                  7.5579999999986514E-001                  2.4280000000013491E-001                  1.3999999999999568E-003                  7.6577671884453663E-026                  0.0000000000000000E+000                  0.0000000000000000E+000                                        0                 -9.8999999999999986E+001                 -9.9000000000000000E+001                 -9.9000000000000000E+001 
                                     209                  1.9999345128100754E+000                  2.8259519669691535E-001                  4.9491694385441019E+000                 -6.3386896821963754E+000                  6.7674828918748515E+000                  7.5579999999986502E-001                  2.4280000000013494E-001                  1.4000000000000679E-003                  7.8474772552194281E-026                  0.0000000000000000E+000                  0.0000000000000000E+000                                        0                 -9.8999999999999986E+001                 -9.9000000000000000E+001                 -9.9000000000000000E+001 
                                     210                  1.9999345109890960E+000                  2.8248006467039882E-001                  4.9541229800655735E+000                 -6.3217097978197145E+000                  6.7893625550120547E+000                  7.5579999999986502E-001                  2.4280000000013491E-001                  1.4000000000000679E-003                  8.1605839399266337E-026                  0.0000000000000000E+000                  0.0000000000000000E+000                                        0                 -9.8999999999999986E+001                 -9.9000000000000000E+001                 -9.9000000000000000E+001 
                                     211                  1.9999345082587301E+000                  2.8231389412754732E-001                  4.9588385675467697E+000                 -6.3055187370978585E+000                  6.8102172825859641E+000                  7.5579999999986514E-001                  2.4280000000013485E-001                  1.4000000000000679E-003                  8.4707773126068240E-026                  0.0000000000000000E+000                  0.0000000000000000E+000                                        0                 -9.8999999999999986E+001                 -9.9000000000000000E+001                 -9.9000000000000000E+001 
                                     212                  1.9999345064391947E+000                  2.8220710867348808E-001                  4.9633915092702887E+000                 -6.2901186439189187E+000                  6.8301265704641425E+000                  7.5579999999986502E-001                  2.4280000000013480E-001                  1.4000000000001789E-003                  8.7767550888353177E-026                  0.0000000000000000E+000                  0.0000000000000000E+000                                        0                 -9.8999999999999986E+001                 -9.9000000000000000E+001                 -9.9000000000000000E+001 
                                     213                  1.9999345037108986E+000                  2.8205242832366484E-001                  4.9686083981187936E+000                 -6.2725207021475082E+000                  6.8528925549061004E+000                  7.5579999999986514E-001                  2.4280000000013491E-001                  1.3999999999999568E-003                  9.1399598946507914E-026                  0.0000000000000000E+000                  0.0000000000000000E+000                                        0                 -9.8999999999999986E+001                 -9.9000000000000000E+001                 -9.9000000000000000E+001 
                                     214                  1.9999345009845602E+000                  2.8190384144594927E-001                  4.9727693045233154E+000                 -6.2585277929074961E+000                  6.8710085579755882E+000                  7.5579999999986514E-001                  2.4280000000013491E-001                  1.3999999999999568E-003                  9.4394613598994763E-026                  0.0000000000000000E+000                  0.0000000000000000E+000                                        0                 -9.8999999999999986E+001                 -9.9000000000000000E+001                 -9.9000000000000000E+001 
                                     215                  1.9999344991676131E+000                  2.8180787558572257E-001                  4.9768043716159571E+000                 -6.2451321464332388E+000                  6.8884072969002856E+000                  7.5579999999986502E-001                  2.4280000000013491E-001                  1.4000000000000679E-003                  9.7353730256818040E-026                  0.0000000000000000E+000                  0.0000000000000000E+000                                        0                 -9.8999999999999986E+001                 -9.9000000000000000E+001                 -9.9000000000000000E+001 
                                     216                  1.9999344964430896E+000                  2.8166823138718389E-001                  4.9822241925256616E+000                 -6.2272461652181246E+000                  6.9116729723804955E+000                  7.5579999999986502E-001                  2.4280000000013499E-001                  1.3999999999999568E-003                  1.0144994448096171E-025                  0.0000000000000000E+000                  0.0000000000000000E+000                                        0                 -9.8999999999999986E+001                 -9.9000000000000000E+001                 -9.9000000000000000E+001 
                                     217                  1.9999344928115106E+000                  2.8148940997465804E-001                  4.9881074090495883E+000                 -6.2079069739331647E+000                  6.9368537821946585E+000                  7.5579999999986502E-001                  2.4280000000013496E-001                  1.4000000000000679E-003                  1.0607318840876381E-025                  0.0000000000000000E+000                  0.0000000000000000E+000                                        0                 -9.8999999999999986E+001                 -9.9000000000000000E+001                 -9.9000000000000000E+001 
                                     218                  1.9999344891809969E+000                  2.8131822015680930E-001                  4.9937053541247112E+000                 -6.1896429557290595E+000                  6.9606797620554719E+000                  7.5579999999986502E-001                  2.4280000000013496E-001                  1.4000000000000679E-003                  1.1063275986921002E-025                  0.0000000000000000E+000                  0.0000000000000000E+000                                        0                 -9.8999999999999986E+001                 -9.9000000000000000E+001                 -9.9000000000000000E+001 
                                     219                  1.9999344855528727E+000                  2.8115399824611315E-001                  4.9990447802530920E+000                 -6.1723446853667907E+000                  6.9832863165829195E+000                  7.5579999999986502E-001                  2.4280000000013491E-001                  1.4000000000000679E-003                  1.1513189418358166E-025                  0.0000000000000000E+000                  0.0000000000000000E+000                                        0                 -9.8999999999999986E+001                 -9.9000000000000000E+001                 -9.9000000000000000E+001 
                                     220                  1.9999344819267439E+000                  2.8099610008737319E-001                  5.0047827619438090E+000                 -6.1539346462926163E+000                  7.0074055476900252E+000                  7.5579999999986514E-001                  2.4280000000013491E-001                  1.3999999999999568E-003                  1.2012143084206036E-025                  0.0000000000000000E+000                  0.0000000000000000E+000                                        0                 -9.8999999999999986E+001                 -9.9000000000000000E+001                 -9.9000000000000000E+001 
                                     221                  1.9999344773971985E+000                  2.8080682250283473E-001                  5.0108317105633855E+000                 -6.1346143298259657E+000                  7.0327466595042161E+000                  7.5579999999986514E-001                  2.4280000000013491E-001                  1.3999999999999568E-003                  1.2559047158981201E-025                  0.0000000000000000E+000                  0.0000000000000000E+000                                        0                 -9.8999999999999986E+001                 -9.9000000000000000E+001                 -9.9000000000000000E+001 
                                     222                  1.9999344728714841E+000                  2.8062570224726202E-001                  5.0160088155437474E+000                 -6.1181539540625316E+000                  7.0543619396032717E+000                  7.5579999999986514E-001                  2.4280000000013491E-001                  1.3999999999999568E-003                  1.3044603213878411E-025                  0.0000000000000000E+000                  0.0000000000000000E+000                                        0                 -9.8999999999999986E+001                 -9.9000000000000000E+001                 -9.9000000000000000E+001 
                                     223                  1.9999344692581613E+000                  2.8048632013759661E-001                  5.0204293761418750E+000                 -6.1042159256728503E+000                  7.0727045940816282E+000                  7.5579999999986502E-001                  2.4280000000013496E-001                  1.4000000000000679E-003                  1.3470409453610082E-025                  0.0000000000000000E+000                  0.0000000000000000E+000                                        0                 -9.8999999999999986E+001                 -9.9000000000000000E+001                 -9.9000000000000000E+001 
                                     224                  1.9999344656490554E+000                  2.8035137000117294E-001                  5.0252154395196458E+000                 -6.0892389086995387E+000                  7.0924533411936492E+000                  7.5579999999986502E-001                  2.4280000000013496E-001                  1.4000000000000679E-003                  1.3943468127890055E-025                  0.0000000000000000E+000                  0.0000000000000000E+000                                        0                 -9.8999999999999986E+001                 -9.9000000000000000E+001                 -9.9000000000000000E+001 
                                     225                  1.9999344611434764E+000                  2.8018844259254189E-001                  5.0292930767746000E+000                 -6.0764578524338866E+000                  7.1092992075979273E+000                  7.5579999999986502E-001                  2.4280000000013491E-001                  1.4000000000000679E-003                  1.4360287359070817E-025                  0.0000000000000000E+000                  0.0000000000000000E+000                                        0                 -9.8999999999999986E+001                 -9.9000000000000000E+001                 -9.9000000000000000E+001 
                                     226                  1.9999344584402905E+000                  2.8009344222776594E-001                  5.0327630667095198E+000                 -6.0656968842357930E+000                  7.1235222500422957E+000                  7.5579999999986502E-001                  2.4280000000013491E-001                  1.4000000000000679E-003                  1.4720877956088842E-025                  0.0000000000000000E+000                  0.0000000000000000E+000                                        0                 -9.8999999999999986E+001                 -9.9000000000000000E+001                 -9.9000000000000000E+001 
                                     227                  1.9999344548410660E+000                  2.7996995414719122E-001                  5.0365981312638191E+000                 -6.0538225875308145E+000                  7.1392233110224490E+000                  7.5579999999986514E-001                  2.4280000000013491E-001                  1.3999999999999568E-003                  1.5129297217052051E-025                  0.0000000000000000E+000                  0.0000000000000000E+000                                        0                 -9.8999999999999986E+001                 -9.9000000000000000E+001                 -9.9000000000000000E+001 
                                     228                  1.9999344512472004E+000                  2.7984987460079364E-001                  5.0403081511681815E+000                 -6.0423789232994665E+000                  7.1543700644874750E+000                  7.5579999999986502E-001                  2.4280000000013480E-001                  1.4000000000001789E-003                  1.5533628472819099E-025                  0.0000000000000000E+000                  0.0000000000000000E+000                                        0                 -9.8999999999999986E+001                 -9.9000000000000000E+001                 -9.9000000000000000E+001 
                                     229                  1.9999344476590228E+000                  2.7973300734875595E-001                  5.0439004797791895E+000                 -6.0313374177665011E+000                  7.1689981769082651E+000                  7.5579999999986502E-001                  2.4280000000013491E-001                  1.4000000000000679E-003                  1.5933994967611378E-025                  0.0000000000000000E+000                  0.0000000000000000E+000                                        0                 -9.8999999999999986E+001                 -9.9000000000000000E+001                 -9.9000000000000000E+001 
                                     230                  1.9999344440769349E+000                  2.7961917656442897E-001                  5.0473818107924187E+000                 -6.0206724003280785E+000                  7.1831398723241904E+000                  7.5579999999986502E-001                  2.4280000000013482E-001                  1.4000000000001789E-003                  1.6330509069303376E-025                  0.0000000000000000E+000                  0.0000000000000000E+000                                        0                 -9.8999999999999986E+001                 -9.9000000000000000E+001                 -9.9000000000000000E+001 
                                     231                  1.9999344405012707E+000                  2.7950822016395438E-001                  5.0507584501222169E+000                 -6.0103600578312779E+000                  7.1968251473799301E+000                  7.5579999999986514E-001                  2.4280000000013485E-001                  1.4000000000000679E-003                  1.6723296149515160E-025                  0.0000000000000000E+000                  0.0000000000000000E+000                                        0                 -9.8999999999999986E+001                 -9.9000000000000000E+001                 -9.9000000000000000E+001 
                                     232                  1.9999344369320184E+000                  2.7939997977802961E-001                  5.0540356097712005E+000                 -6.0003804368132272E+000                  7.2100790597960120E+000                  7.5579999999986502E-001                  2.4280000000013485E-001                  1.4000000000000679E-003                  1.7112407376697155E-025                  0.0000000000000000E+000                  0.0000000000000000E+000                                        0                 -9.8999999999999986E+001                 -9.9000000000000000E+001                 -9.9000000000000000E+001 
                                     233                  1.9999344333707174E+000                  2.7929435593473190E-001                  5.0587941621951105E+000                 -5.9860342645572020E+000                  7.2291833648626396E+000                  7.5579999999986514E-001                  2.4280000000013480E-001                  1.4000000000000679E-003                  1.7687696948053133E-025                  0.0000000000000000E+000                  0.0000000000000000E+000                                        0                 -9.8999999999999986E+001                 -9.9000000000000000E+001                 -9.9000000000000000E+001 
                                     234                  1.9999344262737870E+000                  2.7909049131520791E-001                  5.0648206235944562E+000                 -5.9678115461203740E+000                  7.2534305185659180E+000                  7.5579999999986514E-001                  2.4280000000013480E-001                  1.4000000000000679E-003                  1.8446421622694046E-025                  0.0000000000000000E+000                  0.0000000000000000E+000                                        0                 -9.8999999999999986E+001                 -9.9000000000000000E+001                 -9.9000000000000000E+001 
                                     235                  1.9999344191769941E+000                  2.7889473753983018E-001                  5.0694089570557255E+000                 -5.9539242057720987E+000                  7.2719042511391976E+000                  7.5579999999986514E-001                  2.4280000000013480E-001                  1.4000000000000679E-003                  1.9046427945937988E-025                  0.0000000000000000E+000                  0.0000000000000000E+000                                        0                 -9.8999999999999986E+001                 -9.9000000000000000E+001                 -9.9000000000000000E+001 
                                     236                  1.9999344149355900E+000                  2.7878130592465850E-001                  5.0727411339482655E+000                 -5.9439183320017239E+000                  7.2852429502781941E+000                  7.5579999999986514E-001                  2.4280000000013482E-001                  1.4000000000000679E-003                  1.9490800930978949E-025                  0.0000000000000000E+000                  0.0000000000000000E+000                                        0                 -9.8999999999999986E+001                 -9.9000000000000000E+001                 -9.9000000000000000E+001 
                                     237                  1.9999344106941863E+000                  2.7867037189440097E-001                  5.0767884471755869E+000                 -5.9318349330085995E+000                  7.3013762544413376E+000                  7.5579999999986525E-001                  2.4280000000013482E-001                  1.3999999999999568E-003                  2.0041288927161868E-025                  0.0000000000000000E+000                  0.0000000000000000E+000                                        0                 -9.8999999999999986E+001                 -9.9000000000000000E+001                 -9.9000000000000000E+001 
                                     238                  1.9999344043320801E+000                  2.7850838420080376E-001                  5.0814573396474758E+000                 -5.9178786102069738E+000                  7.3200039743680723E+000                  7.5579999999986514E-001                  2.4280000000013480E-001                  1.4000000000000679E-003                  2.0696490120415490E-025                  0.0000000000000000E+000                  0.0000000000000000E+000                                        0                 -9.8999999999999986E+001                 -9.9000000000000000E+001                 -9.9000000000000000E+001 
                                     239                  1.9999343979700908E+000                  2.7835134927246441E-001                  5.0866919329332640E+000                 -5.9023208815072730E+000                  7.3408014131510599E+000                  7.5579999999986514E-001                  2.4280000000013485E-001                  1.4000000000000679E-003                  2.1452164870210675E-025                  0.0000000000000000E+000                  0.0000000000000000E+000                                        0                 -9.8999999999999986E+001                 -9.9000000000000000E+001                 -9.9000000000000000E+001 
                                     240                  1.9999343894874386E+000                  2.7814908638573083E-001                  5.0909719057158105E+000                 -5.8895047886315242E+000                  7.3578991248648595E+000                  7.5579999999986514E-001                  2.4280000000013485E-001                  1.4000000000000679E-003                  2.2095365872752708E-025                  0.0000000000000000E+000                  0.0000000000000000E+000                                        0                 -9.8999999999999986E+001                 -9.9000000000000000E+001                 -9.9000000000000000E+001 
                                     241                  1.9999343852461127E+000                  2.7805079375178438E-001                  5.0951366567897791E+000                 -5.8772111382971453E+000                  7.3743637567936640E+000                  7.5579999999986514E-001                  2.4280000000013488E-001                  1.3999999999999568E-003                  2.2730471755026745E-025                  0.0000000000000000E+000                  0.0000000000000000E+000                                        0                 -9.8999999999999986E+001                 -9.9000000000000000E+001                 -9.9000000000000000E+001 
                                     242                  1.9999343767634605E+000                  2.7785950401541287E-001                  5.1004446912128891E+000                 -5.8614642942501112E+000                  7.3954244863705165E+000                  7.5579999999986502E-001                  2.4280000000013491E-001                  1.4000000000000679E-003                  2.3570727982125073E-025                  0.0000000000000000E+000                  0.0000000000000000E+000                                        0                 -9.8999999999999986E+001                 -9.9000000000000000E+001                 -9.9000000000000000E+001 
                                     243                  1.9999343682809363E+000                  2.7767478896976738E-001                  5.1055206349982223E+000                 -5.8464265972198302E+000                  7.4155442312399709E+000                  7.5579999999986502E-001                  2.4280000000013488E-001                  1.4000000000000679E-003                  2.4402139024446572E-025                  0.0000000000000000E+000                  0.0000000000000000E+000                                        0                 -9.8999999999999986E+001                 -9.9000000000000000E+001                 -9.9000000000000000E+001 
                                     244                  1.9999343597984123E+000                  2.7749613625167868E-001                  5.1097783660717262E+000                 -5.8337903594831380E+000                  7.4324427042583654E+000                  7.5579999999986502E-001                  2.4280000000013491E-001                  1.4000000000000679E-003                  2.5123423597331093E-025                  0.0000000000000000E+000                  0.0000000000000000E+000                                        0                 -9.8999999999999986E+001                 -9.9000000000000000E+001                 -9.9000000000000000E+001 
                                     245                  1.9999343534365195E+000                  2.7736585015442766E-001                  5.1150695406661262E+000                 -5.8182643182915239E+000                  7.4532701445497889E+000                  7.5579999999986502E-001                  2.4280000000013494E-001                  1.4000000000000679E-003                  2.6038933850289839E-025                  0.0000000000000000E+000                  0.0000000000000000E+000                                        0                 -9.8999999999999986E+001                 -9.9000000000000000E+001                 -9.9000000000000000E+001 
                                     246                  1.9999343407127332E+000                  2.7711409692616124E-001                  5.1211752245675006E+000                 -5.8001523699485134E+000                  7.4774943879497480E+000                  7.5579999999986514E-001                  2.4280000000013488E-001                  1.3999999999999568E-003                  2.7149194583388166E-025                  0.0000000000000000E+000                  0.0000000000000000E+000                                        0                 -9.8999999999999986E+001                 -9.9000000000000000E+001                 -9.9000000000000000E+001 
                                     247                  1.9999343301097039E+000                  2.7691255905635986E-001                  5.1269888693681382E+000                 -5.7829889115293787E+000                  7.5004799058391169E+000                  7.5579999999986514E-001                  2.4280000000013485E-001                  1.4000000000000679E-003                  2.8244994146107889E-025                  0.0000000000000000E+000                  0.0000000000000000E+000                                        0                 -9.8999999999999986E+001                 -9.9000000000000000E+001                 -9.9000000000000000E+001 
                                     248                  1.9999343173860686E+000                  2.7667973600264278E-001                  5.1334918356888180E+000                 -5.7637632884300425E+000                  7.5262171479303825E+000                  7.5579999999986514E-001                  2.4280000000013485E-001                  1.4000000000000679E-003                  2.9525089260257007E-025                  0.0000000000000000E+000                  0.0000000000000000E+000                                        0                 -9.8999999999999986E+001                 -9.9000000000000000E+001                 -9.9000000000000000E+001 
                                     249                  1.9999343025418275E+000                  2.7641942841229333E-001                  5.1396159193449371E+000                 -5.7455387868544019E+000                  7.5505707019052384E+000                  7.5579999999986514E-001                  2.4280000000013482E-001                  1.4000000000000679E-003                  3.0792082691861400E-025                  0.0000000000000000E+000                  0.0000000000000000E+000                                        0                 -9.8999999999999986E+001                 -9.9000000000000000E+001                 -9.9000000000000000E+001 
                                     250                  1.9999342898183277E+000                  2.7620512808285519E-001                  5.1454498714840264E+000                 -5.7282128365452456E+000                  7.5737362196022904E+000                  7.5579999999986502E-001                  2.4280000000013488E-001                  1.4000000000000679E-003                  3.2047020661377367E-025                  0.0000000000000000E+000                  0.0000000000000000E+000                                        0                 -9.8999999999999986E+001                 -9.9000000000000000E+001                 -9.9000000000000000E+001 
                                     251                  1.9999342748992992E+000                  2.7596329537338393E-001                  5.1509913611049223E+000                 -5.7116289060868306E+000                  7.5958636017119208E+000                  7.5579999999986502E-001                  2.4280000000013499E-001                  1.3999999999999568E-003                  3.3296124629712857E-025                  0.0000000000000000E+000                  0.0000000000000000E+000                                        0                 -9.8999999999999986E+001                 -9.9000000000000000E+001                 -9.9000000000000000E+001 
                                     252                  1.9999342620633815E+000                  2.7576271837178434E-001                  5.1558806036571347E+000                 -5.6969749213766905E+000                  7.6154079485799482E+000                  7.5579999999986502E-001                  2.4280000000013480E-001                  1.4000000000001789E-003                  3.4440349411850413E-025                  0.0000000000000000E+000                  0.0000000000000000E+000                                        0                 -9.8999999999999986E+001                 -9.9000000000000000E+001                 -9.9000000000000000E+001 
                                     253                  1.9999342492275918E+000                  2.7556853370280976E-001                  5.1613275437899135E+000                 -5.6806422202254030E+000                  7.6371886136775551E+000                  7.5579999999986514E-001                  2.4280000000013488E-001                  1.3999999999999568E-003                  3.5762082132965851E-025                  0.0000000000000000E+000                  0.0000000000000000E+000                                        0                 -9.8999999999999986E+001                 -9.9000000000000000E+001                 -9.9000000000000000E+001 
                                     254                  1.9999342321132061E+000                  2.7531879443211904E-001                  5.1657458769841069E+000                 -5.6671780865695824E+000                  7.6550662057158663E+000                  7.5579999999986502E-001                  2.4280000000013488E-001                  1.4000000000000679E-003                  3.6889760318035260E-025                  0.0000000000000000E+000                  0.0000000000000000E+000                                        0                 -9.8999999999999986E+001                 -9.9000000000000000E+001                 -9.9000000000000000E+001 
                                     255                  1.9999342235560131E+000                  2.7519758143789669E-001                  5.1686057439795956E+000                 -5.6585008700584991E+000                  7.6666011170298116E+000                  7.5579999999986514E-001                  2.4280000000013494E-001                  1.3999999999999568E-003                  3.7635300406623452E-025                  0.0000000000000000E+000                  0.0000000000000000E+000                                        0                 -9.8999999999999986E+001                 -9.9000000000000000E+001                 -9.9000000000000000E+001 
                                     256                  1.9999342149988202E+000                  2.7507866766641015E-001                  5.1713886424723619E+000                 -5.6500324333960537E+000                  7.6778496792398965E+000                  7.5579999999986502E-001                  2.4280000000013496E-001                  1.4000000000000679E-003                  3.8377438244616376E-025                  0.0000000000000000E+000                  0.0000000000000000E+000                                        0                 -9.8999999999999986E+001                 -9.9000000000000000E+001                 -9.9000000000000000E+001 
                                     257                  1.9999342064416976E+000                  2.7496195618546693E-001                  5.1754465727853081E+000                 -5.6377254664404965E+000                  7.6942116095573176E+000                  7.5579999999986502E-001                  2.4280000000013496E-001                  1.4000000000000679E-003                  3.9482152992688902E-025                  0.0000000000000000E+000                  0.0000000000000000E+000                                        0                 -9.8999999999999986E+001                 -9.9000000000000000E+001                 -9.9000000000000000E+001 
                                     258                  1.9999341893274527E+000                  2.7473478544215091E-001                  5.1818690046099052E+000                 -5.6181165661682337E+000                  7.7202347756680121E+000                  7.5579999999986514E-001                  2.4280000000013491E-001                  1.3999999999999568E-003                  4.1308434358064103E-025                  0.0000000000000000E+000                  0.0000000000000000E+000                                        0                 -9.8999999999999986E+001                 -9.9000000000000000E+001                 -9.9000000000000000E+001 
                                     259                  1.9999341636560852E+000                  2.7440844945371856E-001                  5.1872683966474824E+000                 -5.6012439683687543E+000                  7.7424897102212977E+000                  7.5579999999986502E-001                  2.4280000000013485E-001                  1.4000000000000679E-003                  4.2947393841856984E-025                  0.0000000000000000E+000                  0.0000000000000000E+000                                        0                 -9.8999999999999986E+001                 -9.9000000000000000E+001                 -9.9000000000000000E+001 
                                     260                  1.9999341507636195E+000                  2.7425054084624656E-001                  5.1907472382692363E+000                 -5.5904242364144023E+000                  7.7567786413119757E+000                  7.5579999999986514E-001                  2.4280000000013485E-001                  1.4000000000000679E-003                  4.4032479973707369E-025                  0.0000000000000000E+000                  0.0000000000000000E+000                                        0                 -9.8999999999999986E+001                 -9.9000000000000000E+001                 -9.9000000000000000E+001 
                                     261                  1.9999341378711535E+000                  2.7409635155235446E-001                  5.1946866087509900E+000                 -5.5781528382482310E+000                  7.7729779827046270E+000                  7.5579999999986502E-001                  2.4280000000013480E-001                  1.4000000000001789E-003                  4.5296392930344217E-025                  0.0000000000000000E+000                  0.0000000000000000E+000                                        0                 -9.8999999999999986E+001                 -9.9000000000000000E+001                 -9.9000000000000000E+001 
                                     262                  1.9999341205295520E+000                  2.7389448233525365E-001                  5.1990117055398892E+000                 -5.5645615182449255E+000                  7.7908787573399048E+000                  7.5579999999986502E-001                  2.4280000000013502E-001                  1.3999999999999568E-003                  4.6738673079782913E-025                  0.0000000000000000E+000                  0.0000000000000000E+000                                        0                 -9.8999999999999986E+001                 -9.9000000000000000E+001                 -9.9000000000000000E+001 
                                     263                  1.9999341031879507E+000                  2.7369856382836028E-001                  5.2041841726560714E+000                 -5.5482914640016299E+000                  7.8123021677035585E+000                  7.5579999999986502E-001                  2.4280000000013494E-001                  1.4000000000000679E-003                  4.8525781246163961E-025                  0.0000000000000000E+000                  0.0000000000000000E+000                                        0                 -9.8999999999999986E+001                 -9.9000000000000000E+001                 -9.9000000000000000E+001 
                                     264                  1.9999340771757002E+000                  2.7341502451353944E-001                  5.2090581043795510E+000                 -5.5326716690276045E+000                  7.8327703735678487E+000                  7.5579999999986502E-001                  2.4280000000013488E-001                  1.4000000000000679E-003                  5.0305775534334334E-025                  0.0000000000000000E+000                  0.0000000000000000E+000                                        0                 -9.8999999999999986E+001                 -9.9000000000000000E+001                 -9.9000000000000000E+001 
                                     265                  1.9999340598341997E+000                  2.7323238213905660E-001                  5.2128024071030765E+000                 -5.5206629945643595E+000                  7.8485035382684121E+000                  7.5579999999986502E-001                  2.4280000000013494E-001                  1.4000000000000679E-003                  5.1718563191932376E-025                  0.0000000000000000E+000                  0.0000000000000000E+000                                        0                 -9.8999999999999986E+001                 -9.9000000000000000E+001                 -9.9000000000000000E+001 
                                     266                  1.9999340424926995E+000                  2.7305449946098248E-001                  5.2181964370550746E+000                 -5.5034136755105898E+000                  7.8711196993425343E+000                  7.5579999999986491E-001                  2.4280000000013496E-001                  1.4000000000000679E-003                  5.3817667861368896E-025                  0.0000000000000000E+000                  0.0000000000000000E+000                                        0                 -9.8999999999999986E+001                 -9.9000000000000000E+001                 -9.9000000000000000E+001 
                                     267                  1.9999340078096990E+000                  2.7271197240920547E-001                  5.2232315277044110E+000                 -5.4868487330860685E+000                  7.8926824043825379E+000                  7.5579999999986491E-001                  2.4280000000013499E-001                  1.4000000000000679E-003                  5.5913709636710332E-025                  0.0000000000000000E+000                  0.0000000000000000E+000                                        0                 -9.8999999999999986E+001                 -9.9000000000000000E+001                 -9.9000000000000000E+001 
                                     268                  1.9999339904682922E+000                  2.7254682978417044E-001                  5.2264677886520534E+000                 -5.4762389540344696E+000                  7.9065054703701305E+000                  7.5579999999986502E-001                  2.4280000000013491E-001                  1.4000000000000679E-003                  5.7298943844003820E-025                  0.0000000000000000E+000                  0.0000000000000000E+000                                        0                 -9.8999999999999986E+001                 -9.9000000000000000E+001                 -9.9000000000000000E+001 
                                     269                  1.9999339731268853E+000                  2.7238549087065339E-001                  5.2311525055975636E+000                 -5.4609194003191659E+000                  7.9264775587077452E+000                  7.5579999999986502E-001                  2.4280000000013499E-001                  1.3999999999999568E-003                  5.9359922369380898E-025                  0.0000000000000000E+000                  0.0000000000000000E+000                                        0                 -9.8999999999999986E+001                 -9.9000000000000000E+001                 -9.9000000000000000E+001 
                                     270                  1.9999339384440713E+000                  2.7207348733030101E-001                  5.2370184376921243E+000                 -5.4413892467624239E+000                  7.9518245397342673E+000                  7.5579999999986491E-001                  2.4280000000013496E-001                  1.4000000000000679E-003                  6.2095307999466993E-025                  0.0000000000000000E+000                  0.0000000000000000E+000                                        0                 -9.8999999999999986E+001                 -9.9000000000000000E+001                 -9.9000000000000000E+001 
                                     271                  1.9999339037614299E+000                  2.7177457516386655E-001                  5.2425382387677049E+000                 -5.4228457505877827E+000                  7.9758375778207125E+000                  7.5579999999986502E-001                  2.4280000000013505E-001                  1.3999999999999568E-003                  6.4809181532777025E-025                  0.0000000000000000E+000                  0.0000000000000000E+000                                        0                 -9.8999999999999986E+001                 -9.9000000000000000E+001                 -9.9000000000000000E+001 
                                     272                  1.9999338690787882E+000                  2.7148757709967747E-001                  5.2471448716880404E+000                 -5.4071932512512104E+000                  7.9960504307264797E+000                  7.5579999999986491E-001                  2.4280000000013502E-001                  1.4000000000000679E-003                  6.7192146675884340E-025                  0.0000000000000000E+000                  0.0000000000000000E+000                                        0                 -9.8999999999999986E+001                 -9.9000000000000000E+001                 -9.9000000000000000E+001 
                                     273                  1.9999338424880966E+000                  2.7127496235195575E-001                  5.2519279045531588E+000                 -5.3909741737132464E+000                  8.0170055099685893E+000                  7.5579999999986502E-001                  2.4280000000013491E-001                  1.4000000000000679E-003                  6.9753932634250732E-025                  0.0000000000000000E+000                  0.0000000000000000E+000                                        0                 -9.8999999999999986E+001                 -9.9000000000000000E+001                 -9.9000000000000000E+001 
                                     274                  1.9999338026020588E+000                  2.7096717829318789E-001                  5.2564412402859952E+000                 -5.3753904848167409E+000                  8.0370512847130158E+000                  7.5579999999986514E-001                  2.4280000000013482E-001                  1.4000000000000679E-003                  7.2307411526419866E-025                  0.0000000000000000E+000                  0.0000000000000000E+000                                        0                 -9.8999999999999986E+001                 -9.9000000000000000E+001                 -9.9000000000000000E+001 
                                     275                  1.9999337760114804E+000                  2.7076887564909258E-001                  5.2616378721001160E+000                 -5.3575973941288195E+000                  8.0599860348643819E+000                  7.5579999999986502E-001                  2.4280000000013494E-001                  1.4000000000000679E-003                  7.5337518470337616E-025                  0.0000000000000000E+000                  0.0000000000000000E+000                                        0                 -9.8999999999999986E+001                 -9.9000000000000000E+001                 -9.9000000000000000E+001 
                                     276                  1.9999337228303231E+000                  2.7038742799906040E-001                  5.2664890692186850E+000                 -5.3405271810638881E+000                  8.0818448742215701E+000                  7.5579999999986502E-001                  2.4280000000013494E-001                  1.4000000000000679E-003                  7.8363922784952593E-025                  0.0000000000000000E+000                  0.0000000000000000E+000                                        0                 -9.8999999999999986E+001                 -9.9000000000000000E+001                 -9.9000000000000000E+001 
                                     277                  1.9999336962398404E+000                  2.7020369759498725E-001                  5.2703840847700612E+000                 -5.3269350019831885E+000                  8.0992848932110260E+000                  7.5579999999986502E-001                  2.4280000000013496E-001                  1.4000000000000679E-003                  8.0860498648635538E-025                  0.0000000000000000E+000                  0.0000000000000000E+000                                        0                 -9.8999999999999986E+001                 -9.9000000000000000E+001                 -9.9000000000000000E+001 
                                     278                  1.9999336563541168E+000                  2.6993617716503737E-001                  5.2740965469583925E+000                 -5.3137907917892075E+000                  8.1160920980771376E+000                  7.5579999999986502E-001                  2.4280000000013491E-001                  1.4000000000000679E-003                  8.3350494782553428E-025                  0.0000000000000000E+000                  0.0000000000000000E+000                                        0                 -9.8999999999999986E+001                 -9.9000000000000000E+001                 -9.9000000000000000E+001 
                                     279                  1.9999336297636339E+000                  2.6976288347817473E-001                  5.2784006244810371E+000                 -5.2986643207558126E+000                  8.1354683277427746E+000                  7.5579999999986502E-001                  2.4280000000013480E-001                  1.4000000000001789E-003                  8.6311144867478188E-025                  0.0000000000000000E+000                  0.0000000000000000E+000                                        0                 -9.8999999999999986E+001                 -9.9000000000000000E+001                 -9.9000000000000000E+001 
                                     280                  1.9999335765826689E+000                  2.6942757147238094E-001                  5.2844781887809233E+000                 -5.2770427799348161E+000                  8.1630847509287552E+000                  7.5579999999986480E-001                  2.4280000000013502E-001                  1.4000000000001789E-003                  9.0726769404897210E-025                  0.0000000000000000E+000                  0.0000000000000000E+000                                        0                 -9.8999999999999986E+001                 -9.9000000000000000E+001                 -9.9000000000000000E+001 
                                     281                  1.9999335101067006E+000                  2.6902777529126559E-001                  5.2895186838806882E+000                 -5.2587683770465548E+000                  8.1863232087853532E+000                  7.5579999999986491E-001                  2.4280000000013499E-001                  1.4000000000000679E-003                  9.4634720722031577E-025                  0.0000000000000000E+000                  0.0000000000000000E+000                                        0                 -9.8999999999999986E+001                 -9.9000000000000000E+001                 -9.9000000000000000E+001 
                                     282                  1.9999334702211193E+000                  2.6879728055212776E-001                  5.2935802488605885E+000                 -5.2441111653750543E+000                  8.2049824073233815E+000                  7.5579999999986491E-001                  2.4280000000013499E-001                  1.4000000000000679E-003                  9.7890587965992682E-025                  0.0000000000000000E+000                  0.0000000000000000E+000                                        0                 -9.8999999999999986E+001                 -9.9000000000000000E+001                 -9.9000000000000000E+001 
                                     283                  1.9999334206776151E+000                  2.6851998924064924E-001                  5.2977137016072247E+000                 -5.2290647109219117E+000                  8.2240988840004761E+000                  7.5579999999986502E-001                  2.4280000000013494E-001                  1.4000000000000679E-003                  1.0134960764612972E-024                  0.0000000000000000E+000                  0.0000000000000000E+000                                        0                 -9.8999999999999986E+001                 -9.9000000000000000E+001                 -9.9000000000000000E+001 
                                     284                  1.9999333747715455E+000                  2.6827135433342003E-001                  5.3015228603584363E+000                 -5.2151483617902219E+000                  8.2417650493847514E+000                  7.5579999999986514E-001                  2.4280000000013485E-001                  1.4000000000000679E-003                  1.0688967530270429E-024                  0.0000000000000000E+000                  0.0000000000000000E+000                                        0                 -9.8999999999999986E+001                 -9.9000000000000000E+001                 -9.9000000000000000E+001 
                                     285                  1.9999333288654757E+000                  2.6803015255220608E-001                  5.3060886201312094E+000                 -5.1984801124913771E+000                  8.2629286325426818E+000                  7.5579999999986491E-001                  2.4280000000013496E-001                  1.4000000000000679E-003                  1.3501194200709148E-024                  0.0000000000000000E+000                  0.0000000000000000E+000                                        0                 -9.8999999999999986E+001                 -9.9000000000000000E+001                 -9.9000000000000000E+001 
                                     286                  1.9999332600063711E+000                  2.6768126248668711E-001                  5.3121185200645877E+000                 -5.1763307037238899E+000                  8.2910124096032156E+000                  7.5579999999986525E-001                  2.4280000000013477E-001                  1.3999999999999568E-003                  1.8365510577243003E-024                  0.0000000000000000E+000                  0.0000000000000000E+000                                        0                 -9.8999999999999986E+001                 -9.9000000000000000E+001                 -9.9000000000000000E+001 
                                     287                  1.9999331681945602E+000                  2.6723799635801176E-001                  5.3169388495370011E+000                 -5.1582705640137636E+000                  8.3138088380976924E+000                  7.5579999999986514E-001                  2.4280000000013477E-001                  1.4000000000000679E-003                  2.3485465421334084E-024                  0.0000000000000000E+000                  0.0000000000000000E+000                                        0                 -9.8999999999999986E+001                 -9.9000000000000000E+001                 -9.9000000000000000E+001 
                                     288                  1.9999331222886547E+000                  2.6702490831880299E-001                  5.3208094124044196E+000                 -5.1439191515894009E+000                  8.3319672847033690E+000                  7.5579999999986525E-001                  2.4280000000013482E-001                  1.3999999999999568E-003                  2.8586205375255973E-024                  0.0000000000000000E+000                  0.0000000000000000E+000                                        0                 -9.8999999999999986E+001                 -9.9000000000000000E+001                 -9.9000000000000000E+001 
                                     289                  1.9999330534297965E+000                  2.6671510703717721E-001                  5.3248663002812249E+000                 -5.1287180463165436E+000                  8.3511554246282564E+000                  7.5579999999986514E-001                  2.4280000000013477E-001                  1.4000000000000679E-003                  3.5119463374635612E-024                  0.0000000000000000E+000                  0.0000000000000000E+000                                        0                 -9.8999999999999986E+001                 -9.9000000000000000E+001                 -9.9000000000000000E+001 
                                     290                  1.9999329960476209E+000                  2.6646533795213501E-001                  5.3284098985551305E+000                 -5.1154255619751989E+000                  8.3679305243351418E+000                  7.5579999999986502E-001                  2.4280000000013496E-001                  1.4000000000000679E-003                  4.2019251901865456E-024                  0.0000000000000000E+000                  0.0000000000000000E+000                                        0                 -9.8999999999999986E+001                 -9.9000000000000000E+001                 -9.9000000000000000E+001 
                                     291                  1.9999329386654454E+000                  2.6622268541641564E-001                  5.3314811699306377E+000                 -5.1038481088384824E+000                  8.3825253798966415E+000                  7.5579999999986502E-001                  2.4280000000013491E-001                  1.4000000000000679E-003                  4.9076677061339105E-024                  0.0000000000000000E+000                  0.0000000000000000E+000                                        0                 -9.8999999999999986E+001                 -9.9000000000000000E+001                 -9.9000000000000000E+001 
                                     292                  1.9999328927597049E+000                  2.6603338772691787E-001                  5.3354494258610980E+000                 -5.0889906378767256E+000                  8.4012842016087710E+000                  7.5579999999986514E-001                  2.4280000000013480E-001                  1.4000000000000679E-003                  5.9936474986922162E-024                  0.0000000000000000E+000                  0.0000000000000000E+000                                        0                 -9.8999999999999986E+001                 -9.9000000000000000E+001                 -9.9000000000000000E+001 
                                     293                  1.9999328009482238E+000                  2.6566682226119825E-001                  5.3404567921212882E+000                 -5.0700165162707576E+000                  8.4251767809775124E+000                  7.5579999999986491E-001                  2.4280000000013491E-001                  1.4000000000001789E-003                  7.7115848891015700E-024                  0.0000000000000000E+000                  0.0000000000000000E+000                                        0                 -9.8999999999999986E+001                 -9.9000000000000000E+001                 -9.9000000000000000E+001 
                                     294                  1.9999327091370767E+000                  2.6531505667296384E-001                  5.3445585942355507E+000                 -5.0543590341916813E+000                  8.4448612321108261E+000                  7.5579999999986502E-001                  2.4280000000013485E-001                  1.4000000000000679E-003                  9.4765217082031740E-024                  0.0000000000000000E+000                  0.0000000000000000E+000                                        0                 -9.8999999999999986E+001                 -9.9000000000000000E+001                 -9.9000000000000000E+001 
                                     295                  1.9999326424040267E+000                  2.6506791849413391E-001                  5.3495361565627517E+000                 -5.0355525783594608E+000                  8.4685594499476817E+000                  7.5579999999986502E-001                  2.4280000000013485E-001                  1.4000000000000679E-003                  1.2154767467332119E-023                  0.0000000000000000E+000                  0.0000000000000000E+000                                        0                 -9.8999999999999986E+001                 -9.9000000000000000E+001                 -9.9000000000000000E+001 
                                     296                  1.9999325089379263E+000                  2.6459340811865084E-001                  5.3557345303080757E+000                 -5.0118009921242272E+000                  8.4983962731522649E+000                  7.5579999999986525E-001                  2.4280000000013480E-001                  1.3999999999999568E-003                  1.6565204873756363E-023                  0.0000000000000000E+000                  0.0000000000000000E+000                                        0                 -9.8999999999999986E+001                 -9.9000000000000000E+001                 -9.9000000000000000E+001 
                                     297                  1.9999323754723222E+000                  2.6414271561500852E-001                  5.3600975367876451E+000                 -4.9948902832851250E+000                  8.5195869273658840E+000                  7.5579999999986514E-001                  2.4280000000013474E-001                  1.4000000000000679E-003                  2.0592134514856765E-023                  0.0000000000000000E+000                  0.0000000000000000E+000                                        0                 -9.8999999999999986E+001                 -9.9000000000000000E+001                 -9.9000000000000000E+001 
                                     298                  1.9999323087395204E+000                  2.6392547467925864E-001                  5.3629128343415431E+000                 -4.9840535619158990E+000                  8.5331873329476267E+000                  7.5579999999986525E-001                  2.4280000000013482E-001                  1.3999999999999568E-003                  2.3684470664852204E-023                  0.0000000000000000E+000                  0.0000000000000000E+000                                        0                 -9.8999999999999986E+001                 -9.9000000000000000E+001                 -9.9000000000000000E+001 
                                     299                  1.9999322420067183E+000                  2.6371327285679408E-001                  5.3663571477342353E+000                 -4.9708287426340956E+000                  8.5497943896808781E+000                  7.5579999999986502E-001                  2.4280000000013496E-001                  1.4000000000000679E-003                  2.8094208119253759E-023                  0.0000000000000000E+000                  0.0000000000000000E+000                                        0                 -9.8999999999999986E+001                 -9.9000000000000000E+001                 -9.9000000000000000E+001 
                                     300                  1.9999321403272163E+000                  2.6339907161383380E-001                  5.3710818895824728E+000                 -4.9526491869100768E+000                  8.5726133402058959E+000                  7.5579999999986502E-001                  2.4280000000013499E-001                  1.3999999999999568E-003                  3.5489803792470288E-023                  0.0000000000000000E+000                  0.0000000000000000E+000                                        0                 -9.8999999999999986E+001                 -9.9000000000000000E+001                 -9.9000000000000000E+001 
                                     301                  1.9999320005404160E+000                  2.6298377797873129E-001                  5.3756078469464992E+000                 -4.9350518612519991E+000                  8.5946516963929476E+000                  7.5579999999986502E-001                  2.4280000000013494E-001                  1.4000000000000679E-003                  4.4382347807196200E-023                  0.0000000000000000E+000                  0.0000000000000000E+000                                        0                 -9.8999999999999986E+001                 -9.9000000000000000E+001                 -9.9000000000000000E+001 
                                     302                  1.9999318957003160E+000                  2.6268393630944464E-001                  5.3799452906894496E+000                 -4.9182800984627884E+000                  8.6156821339926832E+000                  7.5579999999986514E-001                  2.4280000000013485E-001                  1.4000000000000679E-003                  5.4942829080201950E-023                  0.0000000000000000E+000                  0.0000000000000000E+000                                        0                 -9.8999999999999986E+001                 -9.9000000000000000E+001                 -9.9000000000000000E+001 
                                     303                  1.9999317559135157E+000                  2.6229838071778722E-001                  5.3834811616122558E+000                 -4.9044391039294348E+000                  8.6329917475618085E+000                  7.5579999999986514E-001                  2.4280000000013488E-001                  1.3999999999999568E-003                  6.5381630515387911E-023                  0.0000000000000000E+000                  0.0000000000000000E+000                                        0                 -9.8999999999999986E+001                 -9.9000000000000000E+001                 -9.9000000000000000E+001 
                                     304                  1.9999316860201155E+000                  2.6211128015312640E-001                  5.3857768927165477E+000                 -4.8955055325943411E+000                  8.6441787296223165E+000                  7.5579999999986491E-001                  2.4280000000013510E-001                  1.3999999999999568E-003                  7.3174297408549895E-023                  0.0000000000000000E+000                  0.0000000000000000E+000                                        0                 -9.8999999999999986E+001                 -9.9000000000000000E+001                 -9.9000000000000000E+001 
                                     305                  1.9999316161267156E+000                  2.6192775420864806E-001                  5.3885752476037521E+000                 -4.8846401259250074E+000                  8.6577916504839774E+000                  7.5579999999986514E-001                  2.4280000000013482E-001                  1.4000000000000679E-003                  8.3916084336306355E-023                  0.0000000000000000E+000                  0.0000000000000000E+000                                        0                 -9.8999999999999986E+001                 -9.9000000000000000E+001                 -9.9000000000000000E+001 
                                     306                  1.9999315112866154E+000                  2.6165884731488659E-001                  5.3918177632828987E+000                 -4.8719929123076335E+000                  8.6736216337568468E+000                  7.5579999999986514E-001                  2.4280000000013494E-001                  1.3999999999999568E-003                  9.8332184697179462E-023                  0.0000000000000000E+000                  0.0000000000000000E+000                                        0                 -9.8999999999999986E+001                 -9.9000000000000000E+001                 -9.9000000000000000E+001 
                                     307                  1.9999314064465152E+000                  2.6139717933110879E-001                  5.3944302940143629E+000                 -4.8617616956947884E+000                  8.6864166747519125E+000                  7.5579999999986491E-001                  2.4280000000013505E-001                  1.4000000000000679E-003                  1.1171335782421762E-022                  0.0000000000000000E+000                  0.0000000000000000E+000                                        0                 -9.8999999999999986E+001                 -9.9000000000000000E+001                 -9.9000000000000000E+001 
                                     308                  1.9999313365531151E+000                  2.6122654099571374E-001                  5.3964732101406900E+000                 -4.8537802136323300E+000                  8.6964035445813561E+000                  7.5579999999986525E-001                  2.4280000000013485E-001                  1.3999999999998458E-003                  1.2340961534278683E-022                  0.0000000000000000E+000                  0.0000000000000000E+000                                        0                 -9.8999999999999986E+001                 -9.9000000000000000E+001                 -9.9000000000000000E+001 
                                     309                  1.9999312666597149E+000                  2.6105881411416249E-001                  5.3999654237464743E+000                 -4.8402422822472113E+000                  8.7133720115329218E+000                  7.5579999999986514E-001                  2.4280000000013485E-001                  1.4000000000000679E-003                  1.4622861513379795E-022                  0.0000000000000000E+000                  0.0000000000000000E+000                                        0                 -9.8999999999999986E+001                 -9.9000000000000000E+001                 -9.9000000000000000E+001 
                                     310                  1.9999310919262145E+000                  2.6065155847685423E-001                  5.4049519171774865E+000                 -4.8207424880379994E+000                  8.7377675521238292E+000                  7.5579999999986502E-001                  2.4280000000013496E-001                  1.4000000000000679E-003                  1.8626188554322005E-022                  0.0000000000000000E+000                  0.0000000000000000E+000                                        0                 -9.8999999999999986E+001                 -9.9000000000000000E+001                 -9.9000000000000000E+001 
                                     311                  1.9999308991620834E+000                  2.6022075973818681E-001                  5.4094613111899648E+000                 -4.8030222670343585E+000                  8.7599141539427219E+000                  7.5579999999986514E-001                  2.4280000000013482E-001                  1.4000000000000679E-003                  2.3171526417945446E-022                  0.0000000000000000E+000                  0.0000000000000000E+000                                        0                 -9.8999999999999986E+001                 -9.9000000000000000E+001                 -9.9000000000000000E+001 
                                     312                  1.9999307413446525E+000                  2.5988126077372281E-001                  5.4133515971600747E+000                 -4.7877672625523751E+000                  8.7789890573497882E+000                  7.5579999999986502E-001                  2.4280000000013499E-001                  1.3999999999999568E-003                  2.7958311807982339E-022                  0.0000000000000000E+000                  0.0000000000000000E+000                                        0                 -9.8999999999999986E+001                 -9.9000000000000000E+001                 -9.9000000000000000E+001 
                                     313                  1.9999305835272214E+000                  2.5955272284778058E-001                  5.4170879085081465E+000                 -4.7731099027449568E+000                  8.7973155126156577E+000                  7.5579999999986502E-001                  2.4280000000013496E-001                  1.4000000000000679E-003                  3.3469728150718261E-022                  0.0000000000000000E+000                  0.0000000000000000E+000                                        0                 -9.8999999999999986E+001                 -9.9000000000000000E+001                 -9.9000000000000000E+001 
                                     314                  1.9999304257097905E+000                  2.5923437751883310E-001                  5.4200853065325676E+000                 -4.7613078458477709E+000                  8.8120605603830633E+000                  7.5579999999986514E-001                  2.4280000000013496E-001                  1.3999999999998458E-003                  3.8658659549836081E-022                  0.0000000000000000E+000                  0.0000000000000000E+000                                        0                 -9.8999999999999986E+001                 -9.9000000000000000E+001                 -9.9000000000000000E+001 
                                     315                  1.9999303204981695E+000                  2.5902746197930299E-001                  5.4224224501273728E+000                 -4.7521359567158230E+000                  8.8235279829837321E+000                  7.5579999999986491E-001                  2.4280000000013499E-001                  1.4000000000000679E-003                  4.3245272594531892E-022                  0.0000000000000000E+000                  0.0000000000000000E+000                                        0                 -9.8999999999999986E+001                 -9.9000000000000000E+001                 -9.9000000000000000E+001 
                                     316                  1.9999302152865488E+000                  2.5882458353263704E-001                  5.4253480615487817E+000                 -4.7406941341381224E+000                  8.8378443550039290E+000                  7.5579999999986502E-001                  2.4280000000013502E-001                  1.3999999999999568E-003                  4.9744759253891061E-022                  0.0000000000000000E+000                  0.0000000000000000E+000                                        0                 -9.8999999999999986E+001                 -9.9000000000000000E+001                 -9.9000000000000000E+001 
                                     317                  1.9999300503834088E+000                  2.5851432126130930E-001                  5.4287926788843537E+000                 -4.7271671835366833E+000                  8.8547551198931043E+000                  7.5579999999986502E-001                  2.4280000000013505E-001                  1.3999999999999568E-003                  5.8647781038027999E-022                  0.0000000000000000E+000                  0.0000000000000000E+000                                        0                 -9.8999999999999986E+001                 -9.9000000000000000E+001                 -9.9000000000000000E+001 
                                     318                  1.9999298854802683E+000                  2.5821293774869380E-001                  5.4326677681210001E+000                 -4.7119923501120731E+000                  8.8737379375138250E+000                  7.5579999999986525E-001                  2.4280000000013477E-001                  1.3999999999999568E-003                  7.0543809246369333E-022                  0.0000000000000000E+000                  0.0000000000000000E+000                                        0                 -9.8999999999999986E+001                 -9.9000000000000000E+001                 -9.9000000000000000E+001 
                                     319                  1.9999296656102452E+000                  2.5782396674096958E-001                  5.4369010308082890E+000                 -4.6953542683855476E+000                  8.8945354159027783E+000                  7.5579999999986514E-001                  2.4280000000013485E-001                  1.4000000000000679E-003                  8.6280215354935020E-022                  0.0000000000000000E+000                  0.0000000000000000E+000                                        0                 -9.8999999999999986E+001                 -9.9000000000000000E+001                 -9.9000000000000000E+001 
                                     320                  1.9999294457402224E+000                  2.5744862606930596E-001                  5.4409046538461805E+000                 -4.6796091282133734E+000                  8.9142147087995571E+000                  7.5579999999986514E-001                  2.4280000000013494E-001                  1.3999999999999568E-003                  1.0433007667181849E-021                  0.0000000000000000E+000                  0.0000000000000000E+000                                        0                 -9.8999999999999986E+001                 -9.9000000000000000E+001                 -9.9000000000000000E+001 
                                     321                  1.9999292311724970E+000                  2.5709448760986053E-001                  5.4447009053824802E+000                 -4.6646793693387636E+000                  8.9328753522175024E+000                  7.5579999999986502E-001                  2.4280000000013494E-001                  1.4000000000000679E-003                  1.2486429675647638E-021                  0.0000000000000000E+000                  0.0000000000000000E+000                                        0                 -9.8999999999999986E+001                 -9.9000000000000000E+001                 -9.9000000000000000E+001 
                                     322                  1.9999290166047718E+000                  2.5675149161944572E-001                  5.4478854136059693E+000                 -4.6521193910552059E+000                  8.9485647228295058E+000                  7.5579999999986514E-001                  2.4280000000013491E-001                  1.3999999999999568E-003                  1.4513832495153230E-021                  0.0000000000000000E+000                  0.0000000000000000E+000                                        0                 -9.8999999999999986E+001                 -9.9000000000000000E+001                 -9.9000000000000000E+001 
                                     323                  1.9999288570045524E+000                  2.5650312956850957E-001                  5.4505252635357939E+000                 -4.6417344876865618E+000                  8.9615445435507155E+000                  7.5579999999986502E-001                  2.4280000000013491E-001                  1.4000000000000679E-003                  1.6436956500578491E-021                  0.0000000000000000E+000                  0.0000000000000000E+000                                        0                 -9.8999999999999986E+001                 -9.9000000000000000E+001                 -9.9000000000000000E+001 
                                     324                  1.9999286974043331E+000                  2.5626022413044747E-001                  5.4535211643291621E+000                 -4.6299756680486679E+000                  8.9762490404064152E+000                  7.5579999999986502E-001                  2.4280000000013494E-001                  1.4000000000000679E-003                  1.8923923045652095E-021                  0.0000000000000000E+000                  0.0000000000000000E+000                                        0                 -9.8999999999999986E+001                 -9.9000000000000000E+001                 -9.9000000000000000E+001 
                                     325                  1.9999284845098446E+000                  2.5594425283390942E-001                  5.4568283360760335E+000                 -4.6169604673882061E+000                  8.9925156895743914E+000                  7.5579999999986502E-001                  2.4280000000013502E-001                  1.3999999999999568E-003                  2.2103251577153573E-021                  0.0000000000000000E+000                  0.0000000000000000E+000                                        0                 -9.8999999999999986E+001                 -9.9000000000000000E+001                 -9.9000000000000000E+001 
                                     326                  1.9999282716153561E+000                  2.5563694944597104E-001                  5.4616136415056102E+000                 -4.5982927275368057E+000                  9.0158916877332551E+000                  7.5579999999986502E-001                  2.4280000000013494E-001                  1.4000000000000679E-003                  2.7645637581824434E-021                  0.0000000000000000E+000                  0.0000000000000000E+000                                        0                 -9.8999999999999986E+001                 -9.9000000000000000E+001                 -9.9000000000000000E+001 
                                     327                  1.9999278458263789E+000                  2.5504637288791826E-001                  5.4666762959845396E+000                 -4.5782474693751931E+000                  9.0409136313004250E+000                  7.5579999999986480E-001                  2.4280000000013510E-001                  1.4000000000000679E-003                  3.5026719783946449E-021                  0.0000000000000000E+000                  0.0000000000000000E+000                                        0                 -9.8999999999999986E+001                 -9.9000000000000000E+001                 -9.9000000000000000E+001 
                                     328                  1.9999275526947227E+000                  2.5465681713427507E-001                  5.4705388041634553E+000                 -4.5630298181408175E+000                  9.0599301215377199E+000                  7.5579999999986502E-001                  2.4280000000013507E-001                  1.3999999999998458E-003                  4.1928441444038042E-021                  0.0000000000000000E+000                  0.0000000000000000E+000                                        0                 -9.8999999999999986E+001                 -9.9000000000000000E+001                 -9.9000000000000000E+001 
                                     329                  1.9999272731279949E+000                  2.5429715179780238E-001                  5.4741662288621171E+000                 -4.5487443270462009E+000                  9.0777837921934914E+000                  7.5579999999986525E-001                  2.4280000000013485E-001                  1.3999999999998458E-003                  4.9622845965539915E-021                  0.0000000000000000E+000                  0.0000000000000000E+000                                        0                 -9.8999999999999986E+001                 -9.9000000000000000E+001                 -9.9000000000000000E+001 
                                     330                  1.9999269935612671E+000                  2.5394827192359076E-001                  5.4771622636971768E+000                 -4.5369103728365658E+000                  9.0925645646334985E+000                  7.5579999999986514E-001                  2.4280000000013488E-001                  1.3999999999999568E-003                  5.7019677461822041E-021                  0.0000000000000000E+000                  0.0000000000000000E+000                                        0                 -9.8999999999999986E+001                 -9.9000000000000000E+001                 -9.9000000000000000E+001 
                                     331                  1.9999267940599181E+000                  2.5370550481741810E-001                  5.4795926872587133E+000                 -4.5273374108303486E+000                  9.1045287057472546E+000                  7.5579999999986502E-001                  2.4280000000013491E-001                  1.4000000000000679E-003                  6.3806323326809141E-021                  0.0000000000000000E+000                  0.0000000000000000E+000                                        0                 -9.8999999999999986E+001                 -9.9000000000000000E+001                 -9.9000000000000000E+001 
                                     332                  1.9999265945585691E+000                  2.5346763582352172E-001                  5.4823760311720697E+000                 -4.5163983421103104E+000                  9.1182068184152509E+000                  7.5579999999986502E-001                  2.4280000000013494E-001                  1.4000000000000679E-003                  7.2556610337306073E-021                  0.0000000000000000E+000                  0.0000000000000000E+000                                        0                 -9.8999999999999986E+001                 -9.9000000000000000E+001                 -9.9000000000000000E+001 
                                     333                  1.9999263252525883E+000                  2.5315392734350489E-001                  5.4854715509602245E+000                 -4.5042003959408365E+000                  9.1334507567261785E+000                  7.5579999999986525E-001                  2.4280000000013482E-001                  1.3999999999999568E-003                  8.3688388000507179E-021                  0.0000000000000000E+000                  0.0000000000000000E+000                                        0                 -9.8999999999999986E+001                 -9.9000000000000000E+001                 -9.9000000000000000E+001 
                                     334                  1.9999260559466072E+000                  2.5284825412542661E-001                  5.4892985230456750E+000                 -4.4891878025450094E+000                  9.1522306549522980E+000                  7.5579999999986502E-001                  2.4280000000013496E-001                  1.4000000000000679E-003                  9.9784491737802324E-021                  0.0000000000000000E+000                  0.0000000000000000E+000                                        0                 -9.8999999999999986E+001                 -9.9000000000000000E+001                 -9.9000000000000000E+001 
                                     335                  1.9999256371188170E+000                  2.5238780317742149E-001                  5.4944810479510551E+000                 -4.4688374316808392E+000                  9.1776831202543150E+000                  7.5579999999986502E-001                  2.4280000000013499E-001                  1.3999999999999568E-003                  1.2654453421727436E-020                  0.0000000000000000E+000                  0.0000000000000000E+000                                        0                 -9.8999999999999986E+001                 -9.9000000000000000E+001                 -9.9000000000000000E+001 
                                     336                  1.9999250786817635E+000                  2.5179984798381677E-001                  5.5006017230308633E+000                 -4.4447685449084728E+000                  9.2077781674227310E+000                  7.5579999999986502E-001                  2.4280000000013494E-001                  1.4000000000000679E-003                  1.6737693855066535E-020                  0.0000000000000000E+000                  0.0000000000000000E+000                                        0                 -9.8999999999999986E+001                 -9.9000000000000000E+001                 -9.9000000000000000E+001 
                                     337                  1.9999244118701278E+000                  2.5113275438356275E-001                  5.5052871079780488E+000                 -4.4261302600188150E+000                  9.2310267594921651E+000                  7.5579999999986525E-001                  2.4280000000013485E-001                  1.3999999999998458E-003                  2.0728140953101730E-020                  0.0000000000000000E+000                  0.0000000000000000E+000                                        0                 -9.8999999999999986E+001                 -9.9000000000000000E+001                 -9.9000000000000000E+001 
                                     338                  1.9999240784643098E+000                  2.5081212717764029E-001                  5.5083080980215220E+000                 -4.4142267207596388E+000                  9.2459051165469681E+000                  7.5579999999986514E-001                  2.4280000000013491E-001                  1.3999999999999568E-003                  2.3777997279168825E-020                  0.0000000000000000E+000                  0.0000000000000000E+000                                        0                 -9.8999999999999986E+001                 -9.9000000000000000E+001                 -9.9000000000000000E+001 
                                     339                  1.9999237450584919E+000                  2.5049948559629470E-001                  5.5128935302871600E+000                 -4.3963308435214126E+000                  9.2683196434261799E+000                  7.5579999999986502E-001                  2.4280000000013499E-001                  1.3999999999999568E-003                  2.9259702162226389E-020                  0.0000000000000000E+000                  0.0000000000000000E+000                                        0                 -9.8999999999999986E+001                 -9.9000000000000000E+001                 -9.9000000000000000E+001 
                                     340                  1.9999230327797872E+000                  2.4985641159990901E-001                  5.5177670366880083E+000                 -4.3770257147222100E+000                  9.2924233862181485E+000                  7.5579999999986502E-001                  2.4280000000013494E-001                  1.4000000000000679E-003                  3.6477141396332141E-020                  0.0000000000000000E+000                  0.0000000000000000E+000                                        0                 -9.8999999999999986E+001                 -9.9000000000000000E+001                 -9.9000000000000000E+001 
                                     341                  1.9999225656883723E+000                  2.4945157494684797E-001                  5.5214760911882097E+000                 -4.3624268873284286E+000                  9.3106762479062670E+000                  7.5579999999986491E-001                  2.4280000000013507E-001                  1.4000000000000679E-003                  4.3112203782458201E-020                  0.0000000000000000E+000                  0.0000000000000000E+000                                        0                 -9.8999999999999986E+001                 -9.9000000000000000E+001                 -9.9000000000000000E+001 
                                     342                  1.9999220985969579E+000                  2.4905904114332569E-001                  5.5266044822988070E+000                 -4.3424213150313369E+000                  9.3357376183666290E+000                  7.5579999999986525E-001                  2.4280000000013477E-001                  1.3999999999999568E-003                  5.4261326960817818E-020                  0.0000000000000000E+000                  0.0000000000000000E+000                                        0                 -9.8999999999999986E+001                 -9.9000000000000000E+001                 -9.9000000000000000E+001 
                                     343                  1.9999212222396072E+000                  2.4835305150514142E-001                  5.5324658330455856E+000                 -4.3192966369782386E+000                  9.3646375051686714E+000                  7.5579999999986502E-001                  2.4280000000013505E-001                  1.3999999999999568E-003                  7.0553300945336790E-020                  0.0000000000000000E+000                  0.0000000000000000E+000                                        0                 -9.8999999999999986E+001                 -9.9000000000000000E+001                 -9.9000000000000000E+001 
                                     344                  1.9999204606902357E+000                  2.4776876476647816E-001                  5.5363538438197395E+000                 -4.3038881391356112E+000                  9.3838763581783144E+000                  7.5579999999986514E-001                  2.4280000000013491E-001                  1.3999999999999568E-003                  8.3943974400852551E-020                  0.0000000000000000E+000                  0.0000000000000000E+000                                        0                 -9.8999999999999986E+001                 -9.9000000000000000E+001                 -9.9000000000000000E+001 
                                     345                  1.9999200760407487E+000                  2.4748307820687307E-001                  5.5402406714935042E+000                 -4.2887150445132400E+000                  9.4028826194166459E+000                  7.5579999999986525E-001                  2.4280000000013482E-001                  1.3999999999999568E-003                  9.9774802649444004E-020                  0.0000000000000000E+000                  0.0000000000000000E+000                                        0                 -9.8999999999999986E+001                 -9.9000000000000000E+001                 -9.9000000000000000E+001 
                                     346                  1.9999192804877357E+000                  2.4691079972361341E-001                  5.5448533068354990E+000                 -4.2705260567780901E+000                  9.4256183058026863E+000                  7.5579999999986514E-001                  2.4280000000013488E-001                  1.3999999999999568E-003                  1.2246307452798751E-019                  0.0000000000000000E+000                  0.0000000000000000E+000                                        0                 -9.8999999999999986E+001                 -9.9000000000000000E+001                 -9.9000000000000000E+001 
                                     347                  1.9999186024907598E+000                  2.4644140341919310E-001                  5.5493790324346124E+000                 -4.2527643676419515E+000                  9.4478428775438275E+000                  7.5579999999986514E-001                  2.4280000000013499E-001                  1.3999999999998458E-003                  1.4961475970783427E-019                  0.0000000000000000E+000                  0.0000000000000000E+000                                        0                 -9.8999999999999986E+001                 -9.9000000000000000E+001                 -9.9000000000000000E+001 
                                     348                  1.9999177700922077E+000                  2.4588624325546329E-001                  5.5541960800075030E+000                 -4.2338155563667677E+000                  9.4715417977876317E+000                  7.5579999999986514E-001                  2.4280000000013485E-001                  1.4000000000000679E-003                  1.8505932061790828E-019                  0.0000000000000000E+000                  0.0000000000000000E+000                                        0                 -9.8999999999999986E+001                 -9.9000000000000000E+001                 -9.9000000000000000E+001 
                                     349                  1.9999169130863204E+000                  2.4533698244892976E-001                  5.5588909512127653E+000                 -4.2153458082629642E+000                  9.4946417555694236E+000                  7.5579999999986502E-001                  2.4280000000013485E-001                  1.4000000000000679E-003                  2.2752821251183196E-019                  0.0000000000000000E+000                  0.0000000000000000E+000                                        0                 -9.8999999999999986E+001                 -9.9000000000000000E+001                 -9.9000000000000000E+001 
                                     350                  1.9999160410079748E+000                  2.4479931845031355E-001                  5.5638773484543167E+000                 -4.1957781403036822E+000                  9.5191285031263444E+000                  7.5579999999986491E-001                  2.4280000000013491E-001                  1.4000000000001789E-003                  2.8313208753005352E-019                  0.0000000000000000E+000                  0.0000000000000000E+000                                        0                 -9.8999999999999986E+001                 -9.9000000000000000E+001                 -9.9000000000000000E+001 
                                     351                  1.9999149865141370E+000                  2.4417533334906344E-001                  5.5679802788766990E+000                 -4.1795380511707814E+000                  9.5394145955731862E+000                  7.5579999999986525E-001                  2.4280000000013471E-001                  1.4000000000000679E-003                  3.3887056744848450E-019                  0.0000000000000000E+000                  0.0000000000000000E+000                                        0                 -9.8999999999999986E+001                 -9.9000000000000000E+001                 -9.9000000000000000E+001 
                                     352                  1.9999143702049722E+000                  2.4382283778123479E-001                  5.5716810498389453E+000                 -4.1650456666780995E+000                  9.5575590434733719E+000                  7.5579999999986514E-001                  2.4280000000013482E-001                  1.4000000000000679E-003                  3.9819750573551283E-019                  0.0000000000000000E+000                  0.0000000000000000E+000                                        0                 -9.8999999999999986E+001                 -9.9000000000000000E+001                 -9.9000000000000000E+001 
                                     353                  1.9999134295875660E+000                  2.4330093798601815E-001                  5.5767701101129941E+000                 -4.1451159191061224E+000                  9.5825114184997897E+000                  7.5579999999986514E-001                  2.4280000000013488E-001                  1.3999999999999568E-003                  4.9679724061894587E-019                  0.0000000000000000E+000                  0.0000000000000000E+000                                        0                 -9.8999999999999986E+001                 -9.9000000000000000E+001                 -9.9000000000000000E+001 
                                     354                  1.9999121308371883E+000                  2.4260976064350082E-001                  5.5824393995442625E+000                 -4.1228160525679725E+000                  9.6104059406807369E+000                  7.5579999999986491E-001                  2.4280000000013510E-001                  1.3999999999999568E-003                  6.3525455488459859E-019                  0.0000000000000000E+000                  0.0000000000000000E+000                                        0                 -9.8999999999999986E+001                 -9.9000000000000000E+001                 -9.9000000000000000E+001 
                                     355                  1.9999107859226897E+000                  2.4192660426875001E-001                  5.5865795101098925E+000                 -4.1063990740417555E+000                  9.6309071948016420E+000                  7.5579999999986491E-001                  2.4280000000013488E-001                  1.4000000000001789E-003                  7.5999052519234496E-019                  0.0000000000000000E+000                  0.0000000000000000E+000                                        0                 -9.8999999999999986E+001                 -9.9000000000000000E+001                 -9.9000000000000000E+001 
                                     356                  1.9999100895733972E+000                  2.4158480325365453E-001                  5.5893207335700641E+000                 -4.0956110251951001E+000                  9.6444008890296757E+000                  7.5579999999986502E-001                  2.4280000000013491E-001                  1.4000000000000679E-003                  8.5539451192391587E-019                  0.0000000000000000E+000                  0.0000000000000000E+000                                        0                 -9.8999999999999986E+001                 -9.9000000000000000E+001                 -9.9000000000000000E+001 
                                     357                  1.9999093932241045E+000                  2.4125060875456864E-001                  5.5920340875524515E+000                 -4.0849329814160464E+000                  9.6577572599046171E+000                  7.5579999999986514E-001                  2.4280000000013488E-001                  1.3999999999999568E-003                  9.6142316717476467E-019                  0.0000000000000000E+000                  0.0000000000000000E+000                                        0                 -9.8999999999999986E+001                 -9.9000000000000000E+001                 -9.9000000000000000E+001 
                                     358                  1.9999086721395747E+000                  2.4091216285942374E-001                  5.5947187460409991E+000                 -4.0743619976994632E+000                  9.6709783448745910E+000                  7.5579999999986514E-001                  2.4280000000013482E-001                  1.4000000000000679E-003                  1.0790615575273341E-018                  0.0000000000000000E+000                  0.0000000000000000E+000                                        0                 -9.8999999999999986E+001                 -9.9000000000000000E+001                 -9.9000000000000000E+001 
                                     359                  1.9999079510550446E+000                  2.4058109078607740E-001                  5.5980749833863328E+000                 -4.0611976619982029E+000                  9.6874566650527942E+000                  7.5579999999986514E-001                  2.4280000000013482E-001                  1.4000000000000679E-003                  1.2460851468679446E-018                  0.0000000000000000E+000                  0.0000000000000000E+000                                        0                 -9.8999999999999986E+001                 -9.9000000000000000E+001                 -9.9000000000000000E+001 
                                     360                  1.9999068177675510E+000                  2.4007483734030285E-001                  5.6020140626653649E+000                 -4.0456707218565597E+000                  9.7068723979203639E+000                  7.5579999999986491E-001                  2.4280000000013502E-001                  1.4000000000000679E-003                  1.4750639295727577E-018                  0.0000000000000000E+000                  0.0000000000000000E+000                                        0                 -9.8999999999999986E+001                 -9.9000000000000000E+001                 -9.9000000000000000E+001 
                                     361                  1.9999056844800573E+000                  2.3958467980627460E-001                  5.6065311993769811E+000                 -4.0279275692181171E+000                  9.7290763300838563E+000                  7.5579999999986525E-001                  2.4280000000013471E-001                  1.4000000000000679E-003                  1.7887047552999300E-018                  0.0000000000000000E+000                  0.0000000000000000E+000                                        0                 -9.8999999999999986E+001                 -9.9000000000000000E+001                 -9.9000000000000000E+001 
                                     362                  1.9999041106521043E+000                  2.3892864207656539E-001                  5.6102981110096852E+000                 -4.0129525421252090E+000                  9.7477692534647797E+000                  7.5579999999986502E-001                  2.4280000000013488E-001                  1.4000000000000679E-003                  2.1006681018577333E-018                  0.0000000000000000E+000                  0.0000000000000000E+000                                        0                 -9.8999999999999986E+001                 -9.9000000000000000E+001                 -9.9000000000000000E+001 
                                     363                  1.9999033100195316E+000                  2.3860512336379544E-001                  5.6140880951227485E+000                 -3.9980983847163296E+000                  9.7663672688557206E+000                  7.5579999999986502E-001                  2.4280000000013502E-001                  1.3999999999999568E-003                  2.4673094734953859E-018                  0.0000000000000000E+000                  0.0000000000000000E+000                                        0                 -9.8999999999999986E+001                 -9.9000000000000000E+001                 -9.9000000000000000E+001 
                                     364                  1.9999016519519988E+000                  2.3795548199145930E-001                  5.6190361453183311E+000                 -3.9785457035809810E+000                  9.7908061746587158E+000                  7.5579999999986502E-001                  2.4280000000013499E-001                  1.3999999999999568E-003                  3.0433161040234157E-018                  0.0000000000000000E+000                  0.0000000000000000E+000                                        0                 -9.8999999999999986E+001                 -9.9000000000000000E+001                 -9.9000000000000000E+001 
                                     365                  1.9998999350870739E+000                  2.3730953289256104E-001                  5.6239070560745876E+000                 -3.9592824807191453E+000                  9.8148798245264182E+000                  7.5579999999986502E-001                  2.4280000000013494E-001                  1.4000000000000679E-003                  3.7392832666244693E-018                  0.0000000000000000E+000                  0.0000000000000000E+000                                        0                 -9.8999999999999986E+001                 -9.9000000000000000E+001                 -9.9000000000000000E+001 
                                     366                  1.9998981573604495E+000                  2.3666684980065075E-001                  5.6287060394660795E+000                 -3.9402900990452023E+000                  9.8386119816450126E+000                  7.5579999999986480E-001                  2.4280000000013524E-001                  1.3999999999999568E-003                  4.5777793944256215E-018                  0.0000000000000000E+000                  0.0000000000000000E+000                                        0                 -9.8999999999999986E+001                 -9.9000000000000000E+001                 -9.9000000000000000E+001 
                                     367                  1.9998963166361359E+000                  2.3602703834789315E-001                  5.6334378794100202E+000                 -3.9215515218390227E+000                  9.8620244066645260E+000                  7.5579999999986502E-001                  2.4280000000013496E-001                  1.4000000000000679E-003                  5.5852774037449943E-018                  0.0000000000000000E+000                  0.0000000000000000E+000                                        0                 -9.8999999999999986E+001                 -9.9000000000000000E+001                 -9.9000000000000000E+001 
                                     368                  1.9998944107040015E+000                  2.3538973266004787E-001                  5.6381068781887729E+000                 -3.9030510160346501E+000                  9.8851370750572851E+000                  7.5579999999986480E-001                  2.4280000000013507E-001                  1.4000000000000679E-003                  6.7927682046548872E-018                  0.0000000000000000E+000                  0.0000000000000000E+000                                        0                 -9.8999999999999986E+001                 -9.9000000000000000E+001                 -9.9000000000000000E+001 
                                     369                  1.9998924372772322E+000                  2.3475459254626296E-001                  5.6427168900521973E+000                 -3.8847739965514969E+000                  9.9079683657043596E+000                  7.5579999999986480E-001                  2.4280000000013507E-001                  1.4000000000000679E-003                  8.2364702587761488E-018                  0.0000000000000000E+000                  0.0000000000000000E+000                                        0                 -9.8999999999999986E+001                 -9.9000000000000000E+001                 -9.9000000000000000E+001 
                                     370                  1.9998903939897008E+000                  2.3412130107071180E-001                  5.6472713749693151E+000                 -3.8667069550661304E+000                  9.9305351872187160E+000                  7.5579999999986502E-001                  2.4280000000013496E-001                  1.4000000000000679E-003                  9.9586450959073067E-018                  0.0000000000000000E+000                  0.0000000000000000E+000                                        0                 -9.8999999999999986E+001                 -9.9000000000000000E+001                 -9.9000000000000000E+001 
                                     371                  1.9998882784004277E+000                  2.3348956450369640E-001                  5.6517734670145980E+000                 -3.8488373058616960E+000                  9.9528532010150794E+000                  7.5579999999986480E-001                  2.4280000000013510E-001                  1.4000000000000679E-003                  1.2008541171636324E-017                  0.0000000000000000E+000                  0.0000000000000000E+000                                        0                 -9.8999999999999986E+001                 -9.9000000000000000E+001                 -9.9000000000000000E+001 
                                     372                  1.9998860879695002E+000                  2.3285910402086910E-001                  5.6562260394342907E+000                 -3.8311533332180248E+000                  9.9749369405100001E+000                  7.5579999999986502E-001                  2.4280000000013499E-001                  1.3999999999999568E-003                  1.4443481749671883E-017                  0.0000000000000000E+000                  0.0000000000000000E+000                                        0                 -9.8999999999999986E+001                 -9.9000000000000000E+001                 -9.9000000000000000E+001 
                                     373                  1.9998838200761986E+000                  2.3222966043812066E-001                  5.6606317747456822E+000                 -3.8136442267168751E+000                  9.9967998487905554E+000                  7.5579999999986491E-001                  2.4280000000013505E-001                  1.4000000000000679E-003                  1.7330124353498800E-017                  0.0000000000000000E+000                  0.0000000000000000E+000                                        0                 -9.8999999999999986E+001                 -9.9000000000000000E+001                 -9.9000000000000000E+001 
                                     374                  1.9998814720090672E+000                  2.3160099039520426E-001                  5.6649932147796624E+000                 -3.7962999952913630E+000                  1.0018454415227350E+001                  7.5579999999986491E-001                  2.4280000000013510E-001                  1.3999999999999568E-003                  2.0745917543363659E-017                  0.0000000000000000E+000                  0.0000000000000000E+000                                        0                 -9.8999999999999986E+001                 -9.9000000000000000E+001                 -9.9000000000000000E+001 
                                     375                  1.9998790409628093E+000                  2.3097286487044258E-001                  5.6693127627015452E+000                 -3.7791113812765516E+000                  1.0039912262340088E+001                  7.5579999999986480E-001                  2.4280000000013507E-001                  1.4000000000000679E-003                  2.4780757791903364E-017                  0.0000000000000000E+000                  0.0000000000000000E+000                                        0                 -9.8999999999999986E+001                 -9.9000000000000000E+001                 -9.9000000000000000E+001 
                                     376                  1.9998765240350831E+000                  2.3034506787288578E-001                  5.6735926849015534E+000                 -3.7620697838952837E+000                  1.0061184222994324E+001                  7.5579999999986469E-001                  2.4280000000013519E-001                  1.4000000000000679E-003                  2.9538888599172375E-017                  0.0000000000000000E+000                  0.0000000000000000E+000                                        0                 -9.8999999999999986E+001                 -9.9000000000000000E+001                 -9.9000000000000000E+001 
                                     377                  1.9998739182231851E+000                  2.2971739528941013E-001                  5.6778351173174242E+000                 -3.7451671960968618E+000                  1.0082280409191364E+001                  7.5579999999986458E-001                  2.4280000000013532E-001                  1.4000000000000679E-003                  3.5141079584509728E-017                  0.0000000000000000E+000                  0.0000000000000000E+000                                        0                 -9.8999999999999986E+001                 -9.9000000000000000E+001                 -9.9000000000000000E+001 
                                     378                  1.9998712204206264E+000                  2.2908965386003396E-001                  5.6820421013090607E+000                 -3.7283961798052525E+000                  1.0103210273527097E+001                  7.5579999999986480E-001                  2.4280000000013521E-001                  1.3999999999999568E-003                  4.1727159418603796E-017                  0.0000000000000000E+000                  0.0000000000000000E+000                                        0                 -9.8999999999999986E+001                 -9.9000000000000000E+001                 -9.9000000000000000E+001 
                                     379                  1.9998684274135896E+000                  2.2846166021986733E-001                  5.6862156346837525E+000                 -3.7117498634784938E+000                  1.0123982664246505E+001                  7.5579999999986480E-001                  2.4280000000013519E-001                  1.4000000000000679E-003                  4.9458972076853396E-017                  0.0000000000000000E+000                  0.0000000000000000E+000                                        0                 -9.8999999999999986E+001                 -9.9000000000000000E+001                 -9.9000000000000000E+001 
                                     380                  1.9998655358772728E+000                  2.2783323996996563E-001                  5.6903576909370504E+000                 -3.6952219120351262E+000                  1.0144605874692552E+001                  7.5579999999986480E-001                  2.4280000000013516E-001                  1.4000000000000679E-003                  5.8523778402790598E-017                  0.0000000000000000E+000                  0.0000000000000000E+000                                        0                 -9.8999999999999986E+001                 -9.9000000000000000E+001                 -9.9000000000000000E+001 
                                     381                  1.9998625423721044E+000                  2.2720422681227004E-001                  5.6944702111682366E+000                 -3.6788065058633768E+000                  1.0165087655461761E+001                  7.5579999999986469E-001                  2.4280000000013544E-001                  1.3999999999998458E-003                  6.9138144012913290E-017                  0.0000000000000000E+000                  0.0000000000000000E+000                                        0                 -9.8999999999999986E+001                 -9.9000000000000000E+001                 -9.9000000000000000E+001 
                                     382                  1.9998594433496935E+000                  2.2657446373870246E-001                  5.6985551157711187E+000                 -3.6624982440668030E+000                  1.0185435321941243E+001                  7.5579999999986469E-001                  2.4280000000013527E-001                  1.4000000000000679E-003                  8.1552473817585214E-017                  0.0000000000000000E+000                  0.0000000000000000E+000                                        0                 -9.8999999999999986E+001                 -9.9000000000000000E+001                 -9.9000000000000000E+001 
                                     383                  1.9998562351195697E+000                  2.2594379635603204E-001                  5.7026142961261543E+000                 -3.6462921039419238E+000                  1.0205655785604989E+001                  7.5579999999986458E-001                  2.4280000000013546E-001                  1.3999999999999568E-003                  9.6056207158797685E-017                  0.0000000000000000E+000                  0.0000000000000000E+000                                        0                 -9.8999999999999986E+001                 -9.9000000000000000E+001                 -9.9000000000000000E+001 
                                     384                  1.9998529138738939E+000                  2.2531207829027319E-001                  5.7066495491720390E+000                 -3.6301834025028410E+000                  1.0225755524206662E+001                  7.5579999999986469E-001                  2.4280000000013516E-001                  1.4000000000001789E-003                  1.1298360284494908E-016                  0.0000000000000000E+000                  0.0000000000000000E+000                                        0                 -9.8999999999999986E+001                 -9.9000000000000000E+001                 -9.9000000000000000E+001 
                                     385                  1.9998494756736265E+000                  2.2467916866060303E-001                  5.7106625070777985E+000                 -3.6141676597643868E+000                  1.0245740644422515E+001                  7.5579999999986480E-001                  2.4280000000013519E-001                  1.4000000000000679E-003                  1.3272023631108815E-016                  0.0000000000000000E+000                  0.0000000000000000E+000                                        0                 -9.8999999999999986E+001                 -9.9000000000000000E+001                 -9.9000000000000000E+001 
                                     386                  1.9998459164440718E+000                  2.2404493175676821E-001                  5.7146546166032923E+000                 -3.5982405499921755E+000                  1.0265616908988150E+001                  7.5579999999986447E-001                  2.4280000000013555E-001                  1.3999999999999568E-003                  1.5571043374659177E-016                  0.0000000000000000E+000                  0.0000000000000000E+000                                        0                 -9.8999999999999986E+001                 -9.9000000000000000E+001                 -9.9000000000000000E+001 
                                     387                  1.9998422319702698E+000                  2.2340923679610677E-001                  5.7186271546755298E+000                 -3.5823978931668186E+000                  1.0285389761389821E+001                  7.5579999999986414E-001                  2.4280000000013574E-001                  1.4000000000000679E-003                  1.8246582477837283E-016                  0.0000000000000000E+000                  0.0000000000000000E+000                                        0                 -9.8999999999999986E+001                 -9.9000000000000000E+001                 -9.9000000000000000E+001 
                                     388                  1.9998384178922377E+000                  2.2277195770111730E-001                  5.7225812440238961E+000                 -3.5666356486802777E+000                  1.0305064348367139E+001                  7.5579999999986414E-001                  2.4280000000013585E-001                  1.4000000000000679E-003                  2.1357508248190872E-016                  0.0000000000000000E+000                  0.0000000000000000E+000                                        0                 -9.8999999999999986E+001                 -9.9000000000000000E+001                 -9.9000000000000000E+001 
                                     389                  1.9998344697000516E+000                  2.2213297289365291E-001                  5.7265178686368650E+000                 -3.5509499105812870E+000                  1.0324645540455231E+001                  7.5579999999986403E-001                  2.4280000000013585E-001                  1.4000000000000679E-003                  2.4971500963740250E-016                  0.0000000000000000E+000                  0.0000000000000000E+000                                        0                 -9.8999999999999986E+001                 -9.9000000000000000E+001                 -9.9000000000000000E+001 
                                     390                  1.9998303827287631E+000                  2.2149216510261707E-001                  5.7304379131323593E+000                 -3.5353369298290218E+000                  1.0344137950768401E+001                  7.5579999999986391E-001                  2.4280000000013596E-001                  1.4000000000000679E-003                  2.9166334876665628E-016                  0.0000000000000000E+000                  0.0000000000000000E+000                                        0                 -9.8999999999999986E+001                 -9.9000000000000000E+001                 -9.9000000000000000E+001 
                                     391                  1.9998261521531493E+000                  2.2084942114438136E-001                  5.7343422322104569E+000                 -3.5197931695244797E+000                  1.0363545952209979E+001                  7.5579999999986403E-001                  2.4280000000013602E-001                  1.3999999999999568E-003                  3.4031380515854438E-016                  0.0000000000000000E+000                  0.0000000000000000E+000                                        0                 -9.8999999999999986E+001                 -9.9000000000000000E+001                 -9.9000000000000000E+001 
                                     392                  1.9998217729822858E+000                  2.2020463162531859E-001                  5.7382316853815700E+000                 -3.5043153539145515E+000                  1.0382873664741542E+001                  7.5579999999986369E-001                  2.4280000000013624E-001                  1.4000000000000679E-003                  3.9669320807969573E-016                  0.0000000000000000E+000                  0.0000000000000000E+000                                        0                 -9.8999999999999986E+001                 -9.9000000000000000E+001                 -9.9000000000000000E+001 
                                     393                  1.9998172400673950E+000                  2.1955769249735715E-001                  5.7421071512091775E+000                 -3.4889004086064954E+000                  1.0402125029106964E+001                  7.5579999999986347E-001                  2.4280000000013638E-001                  1.4000000000001789E-003                  4.6198122554972545E-016                  0.0000000000000000E+000                  0.0000000000000000E+000                                        0                 -9.8999999999999986E+001                 -9.9000000000000000E+001                 -9.9000000000000000E+001 
                                     394                  1.9998125480561635E+000                  2.1890849901951540E-001                  5.7459695248711560E+000                 -3.4735454482926977E+000                  1.0421303816225835E+001                  7.5579999999986358E-001                  2.4280000000013643E-001                  1.3999999999999568E-003                  5.3753282754074512E-016                  0.0000000000000000E+000                  0.0000000000000000E+000                                        0                 -9.8999999999999986E+001                 -9.9000000000000000E+001                 -9.9000000000000000E+001 
                                     395                  1.9998076914261922E+000                  2.1825695123920061E-001                  5.7498197061645770E+000                 -3.4582478076408281E+000                  1.0440413584151935E+001                  7.5579999999986336E-001                  2.4280000000013652E-001                  1.4000000000000679E-003                  6.2490381755683995E-016                  0.0000000000000000E+000                  0.0000000000000000E+000                                        0                 -9.8999999999999986E+001                 -9.9000000000000000E+001                 -9.9000000000000000E+001 
                                     396                  1.9998026644658156E+000                  2.1760295177363212E-001                  5.7536585968474947E+000                 -3.4430049978486985E+000                  1.0459457718349670E+001                  7.5579999999986347E-001                  2.4280000000013663E-001                  1.3999999999998458E-003                  7.2588026296268657E-016                  0.0000000000000000E+000                  0.0000000000000000E+000                                        0                 -9.8999999999999986E+001                 -9.9000000000000000E+001                 -9.9000000000000000E+001 
                                     397                  1.9997974612677152E+000                  2.1694640556427172E-001                  5.7574870605632560E+000                 -3.4278146541692864E+000                  1.0478439442293014E+001                  7.5579999999986303E-001                  2.4280000000013696E-001                  1.4000000000000679E-003                  8.4251133298265046E-016                  0.0000000000000000E+000                  0.0000000000000000E+000                                        0                 -9.8999999999999986E+001                 -9.9000000000000000E+001                 -9.9000000000000000E+001 
                                     398                  1.9997920757223213E+000                  2.1628721970945905E-001                  5.7613058827398005E+000                 -3.4126744842697438E+000                  1.0497361827278336E+001                  7.5579999999986303E-001                  2.4280000000013702E-001                  1.3999999999999568E-003                  9.7714624753570700E-016                  0.0000000000000000E+000                  0.0000000000000000E+000                                        0                 -9.8999999999999986E+001                 -9.9000000000000000E+001                 -9.9000000000000000E+001 
                                     399                  1.9997865015109972E+000                  2.1562530337560593E-001                  5.7651157666870221E+000                 -3.3975822550986177E+000                  1.0516227801508782E+001                  7.5579999999986247E-001                  2.4280000000013754E-001                  1.3999999999999568E-003                  1.1324767407168464E-015                  0.0000000000000000E+000                  0.0000000000000000E+000                                        0                 -9.8999999999999986E+001                 -9.9000000000000000E+001                 -9.9000000000000000E+001 
                                     400                  1.9997807320989973E+000                  2.1496056772986885E-001                  5.7689173397263609E+000                 -3.3825357908168834E+000                  1.0535040158509274E+001                  7.5579999999986203E-001                  2.4280000000013807E-001                  1.3999999999998458E-003                  1.3115855412139158E-015                  0.0000000000000000E+000                  0.0000000000000000E+000                                        0                 -9.8999999999999986E+001                 -9.9000000000000000E+001                 -9.9000000000000000E+001 
                                     401                  1.9997747607281955E+000                  2.1429292587765195E-001                  5.7727111590281455E+000                 -3.3675329709699620E+000                  1.0553801564931403E+001                  7.5579999999986203E-001                  2.4280000000013799E-001                  1.3999999999999568E-003                  1.5180015002004883E-015                  0.0000000000000000E+000                  0.0000000000000000E+000                                        0                 -9.8999999999999986E+001                 -9.9000000000000000E+001                 -9.9000000000000000E+001 
                                     402                  1.9997685804095737E+000                  2.1362229280427772E-001                  5.7764977121282186E+000                 -3.3525717496444827E+000                  1.0572514542148154E+001                  7.5579999999986180E-001                  2.4280000000013818E-001                  1.4000000000000679E-003                  1.7557619019469592E-015                  0.0000000000000000E+000                  0.0000000000000000E+000                                        0                 -9.8999999999999986E+001                 -9.9000000000000000E+001                 -9.9000000000000000E+001 
                                     403                  1.9997621839330784E+000                  2.1294858714780540E-001                  5.7802774421382273E+000                 -3.3376501213217842E+000                  1.0591181526063307E+001                  7.5579999999986136E-001                  2.4280000000013857E-001                  1.4000000000000679E-003                  2.0294847072346346E-015                  0.0000000000000000E+000                  0.0000000000000000E+000                                        0                 -9.8999999999999986E+001                 -9.9000000000000000E+001                 -9.9000000000000000E+001 
                                     404                  1.9997555638073721E+000                  2.1227172560380397E-001                  5.7840507706136153E+000                 -3.3227661417954097E+000                  1.0609804870000975E+001                  7.5579999999986103E-001                  2.4280000000013888E-001                  1.4000000000000679E-003                  2.3444511019042466E-015                  0.0000000000000000E+000                  0.0000000000000000E+000                                        0                 -9.8999999999999986E+001                 -9.9000000000000000E+001                 -9.9000000000000000E+001 
                                     405                  1.9997487123031932E+000                  2.1159162840524839E-001                  5.7878181013763266E+000                 -3.3079179767108453E+000                  1.0628386800658472E+001                  7.5579999999986047E-001                  2.4280000000013935E-001                  1.4000000000001789E-003                  2.7066985827007492E-015                  0.0000000000000000E+000                  0.0000000000000000E+000                                        0                 -9.8999999999999986E+001                 -9.9000000000000000E+001                 -9.9000000000000000E+001 
                                     406                  1.9997416214277832E+000                  2.1090821733876414E-001                  5.7915798258929474E+000                 -3.2931038753260191E+000                  1.0646929449455454E+001                  7.5579999999985981E-001                  2.4280000000014007E-001                  1.4000000000000679E-003                  3.1231274809707300E-015                  0.0000000000000000E+000                  0.0000000000000000E+000                                        0                 -9.8999999999999986E+001                 -9.9000000000000000E+001                 -9.9000000000000000E+001 
                                     407                  1.9997342829160549E+000                  2.1022141564302865E-001                  5.7953363224533962E+000                 -3.2783221644473133E+000                  1.0665434857649796E+001                  7.5579999999985925E-001                  2.4280000000014068E-001                  1.4000000000000679E-003                  3.6016217340313932E-015                  0.0000000000000000E+000                  0.0000000000000000E+000                                        0                 -9.8999999999999986E+001                 -9.9000000000000000E+001                 -9.9000000000000000E+001 
                                     408                  1.9997266882214701E+000                  2.0953114791560778E-001                  5.7990879552086891E+000                 -3.2635712425835557E+000                  1.0683904981126036E+001                  7.5579999999985914E-001                  2.4280000000014082E-001                  1.4000000000000679E-003                  4.1511862078602757E-015                  0.0000000000000000E+000                  0.0000000000000000E+000                                        0                 -9.8999999999999986E+001                 -9.9000000000000000E+001                 -9.9000000000000000E+001 
                                     409                  1.9997188285066179E+000                  2.0883734002798576E-001                  5.8028350745473789E+000                 -3.2488495758090097E+000                  1.0702341694880788E+001                  7.5579999999985814E-001                  2.4280000000014182E-001                  1.4000000000000679E-003                  4.7821029399955836E-015                  0.0000000000000000E+000                  0.0000000000000000E+000                                        0                 -9.8999999999999986E+001                 -9.9000000000000000E+001                 -9.9000000000000000E+001 
                                     410                  1.9997106946334866E+000                  2.0813991904611673E-001                  5.8065780253851473E+000                 -3.2341557257331348E+000                  1.0720746773928905E+001                  7.5579999999985736E-001                  2.4280000000014260E-001                  1.4000000000000679E-003                  5.5061096302961738E-015                  0.0000000000000000E+000                  0.0000000000000000E+000                                        0                 -9.8999999999999986E+001                 -9.9000000000000000E+001                 -9.9000000000000000E+001 
                                     411                  1.9997022771748136E+000                  2.0743881489133936E-001                  5.8103171765488968E+000                 -3.2194883273297878E+000                  1.0739121945379720E+001                  7.5579999999985659E-001                  2.4280000000014323E-001                  1.4000000000001789E-003                  6.3366076835377484E-015                  0.0000000000000000E+000                  0.0000000000000000E+000                                        0                 -9.8999999999999986E+001                 -9.9000000000000000E+001                 -9.9000000000000000E+001 
                                     412                  1.9996935663402606E+000                  2.0673395490626950E-001                  5.8140529269986541E+000                 -3.2048460945118742E+000                  1.0757468889196511E+001                  7.5579999999985581E-001                  2.4280000000014418E-001                  1.4000000000000679E-003                  7.2888976742399406E-015                  0.0000000000000000E+000                  0.0000000000000000E+000                                        0                 -9.8999999999999986E+001                 -9.9000000000000000E+001                 -9.9000000000000000E+001 
                                     413                  1.9996845520284376E+000                  2.0602526907575716E-001                  5.8177856977141795E+000                 -3.1902278539263791E+000                  1.0775789196318934E+001                  7.5579999999985492E-001                  2.4280000000014515E-001                  1.3999999999999568E-003                  8.3804451123736304E-015                  0.0000000000000000E+000                  0.0000000000000000E+000                                        0                 -9.8999999999999986E+001                 -9.9000000000000000E+001                 -9.9000000000000000E+001 
                                     414                  1.9996752237951687E+000                  2.0531268809736444E-001                  5.8215159372338174E+000                 -3.1756325236062941E+000                  1.0794084395446570E+001                  7.5579999999985370E-001                  2.4280000000014629E-001                  1.4000000000000679E-003                  9.6311872826115523E-015                  0.0000000000000000E+000                  0.0000000000000000E+000                                        0                 -9.8999999999999986E+001                 -9.9000000000000000E+001                 -9.9000000000000000E+001 
                                     415                  1.9996655708420772E+000                  2.0459614325134468E-001                  5.8252441225724043E+000                 -3.1610591107835111E+000                  1.0812355956161714E+001                  7.5579999999985248E-001                  2.4280000000014756E-001                  1.3999999999999568E-003                  1.1063883093588982E-014                  0.0000000000000000E+000                  0.0000000000000000E+000                                        0                 -9.8999999999999986E+001                 -9.9000000000000000E+001                 -9.9000000000000000E+001 
                                     416                  1.9996555820047903E+000                  2.0387556627014547E-001                  5.8289707523407772E+000                 -3.1465067017701940E+000                  1.0830605291877767E+001                  7.5579999999985081E-001                  2.4280000000014915E-001                  1.4000000000000679E-003                  1.2704510779452255E-014                  0.0000000000000000E+000                  0.0000000000000000E+000                                        0                 -9.8999999999999986E+001                 -9.9000000000000000E+001                 -9.9000000000000000E+001 
                                     417                  1.9996452457407736E+000                  2.0315088922221508E-001                  5.8326963133978937E+000                 -3.1319744245007199E+000                  1.0848833762628949E+001                  7.5579999999984926E-001                  2.4280000000015062E-001                  1.4000000000000679E-003                  1.4582711395694915E-014                  0.0000000000000000E+000                  0.0000000000000000E+000                                        0                 -9.8999999999999986E+001                 -9.9000000000000000E+001                 -9.9000000000000000E+001 
                                     418                  1.9996345501167632E+000                  2.0242204445450299E-001                  5.8364212448909143E+000                 -3.1174614302985311E+000                  1.0867042656225294E+001                  7.5579999999984748E-001                  2.4280000000015248E-001                  1.4000000000000679E-003                  1.6732285163521359E-014                  0.0000000000000000E+000                  0.0000000000000000E+000                                        0                 -9.8999999999999986E+001                 -9.9000000000000000E+001                 -9.9000000000000000E+001 
                                     419                  1.9996234828220099E+000                  2.0168896630605368E-001                  5.8401459433544387E+000                 -3.1029668519492501E+000                  1.0885233235078926E+001                  7.5579999999984548E-001                  2.4280000000015439E-001                  1.4000000000000679E-003                  1.9191768209562160E-014                  0.0000000000000000E+000                  0.0000000000000000E+000                                        0                 -9.8999999999999986E+001                 -9.9000000000000000E+001                 -9.9000000000000000E+001 
                                     420                  1.9996120310771226E+000                  2.0095158594577409E-001                  5.8438707631311289E+000                 -3.0884898044834195E+000                  1.0903406735922937E+001                  7.5579999999984315E-001                  2.4280000000015675E-001                  1.4000000000000679E-003                  2.2005084585936087E-014                  0.0000000000000000E+000                  0.0000000000000000E+000                                        0                 -9.8999999999999986E+001                 -9.9000000000000000E+001                 -9.9000000000000000E+001 
                                     421                  1.9996001816971172E+000                  2.0020983660241456E-001                  5.8475960093483392E+000                 -3.0740294180067442E+000                  1.0921564330134798E+001                  7.5579999999984060E-001                  2.4280000000015928E-001                  1.4000000000000679E-003                  2.5222278802236202E-014                  0.0000000000000000E+000                  0.0000000000000000E+000                                        0                 -9.8999999999999986E+001                 -9.9000000000000000E+001                 -9.9000000000000000E+001 
                                     422                  1.9995879210517915E+000                  1.9946365183083622E-001                  5.8513226295543879E+000                 -3.0595822153292489E+000                  1.0939710433114088E+001                  7.5579999999983793E-001                  2.4280000000016208E-001                  1.3999999999999568E-003                  2.8901074485418077E-014                  0.0000000000000000E+000                  0.0000000000000000E+000                                        0                 -9.8999999999999986E+001                 -9.9000000000000000E+001                 -9.9000000000000000E+001 
                                     423                  1.9995752304381331E+000                  1.9871269637531910E-001                  5.8550525480897555E+000                 -3.0451408150025503E+000                  1.0957854333299206E+001                  7.5579999999983472E-001                  2.4280000000016516E-001                  1.4000000000000679E-003                  3.3108738291315147E-014                  0.0000000000000000E+000                  0.0000000000000000E+000                                        0                 -9.8999999999999986E+001                 -9.9000000000000000E+001                 -9.9000000000000000E+001 
                                     424                  1.9995620875268312E+000                  1.9795648627837734E-001                  5.8587879354950410E+000                 -3.0306969054911588E+000                  1.0976006494204716E+001                  7.5579999999983116E-001                  2.4280000000016891E-001                  1.3999999999999568E-003                  3.7923151062205619E-014                  0.0000000000000000E+000                  0.0000000000000000E+000                                        0                 -9.8999999999999986E+001                 -9.9000000000000000E+001                 -9.9000000000000000E+001 
                                     425                  1.9995484691245313E+000                  1.9719456459197973E-001                  5.8625294137194315E+000                 -3.0162481941130665E+000                  1.0994169823724484E+001                  7.5579999999982728E-001                  2.4280000000017260E-001                  1.4000000000000679E-003                  4.3431898201817614E-014                  0.0000000000000000E+000                  0.0000000000000000E+000                                        0                 -9.8999999999999986E+001                 -9.9000000000000000E+001                 -9.9000000000000000E+001 
                                     426                  1.9995343615017369E+000                  1.9642705565391783E-001                  5.8662776662611957E+000                 -3.0017924971942715E+000                  1.1012347184882875E+001                  7.5579999999982261E-001                  2.4280000000017740E-001                  1.3999999999999568E-003                  4.9735422397714773E-014                  0.0000000000000000E+000                  0.0000000000000000E+000                                        0                 -9.8999999999999986E+001                 -9.9000000000000000E+001                 -9.9000000000000000E+001 
                                     427                  1.9995197397342768E+000                  1.9565351106812334E-001                  5.8700345844267128E+000                 -2.9873229824049177E+000                  1.1030547288825334E+001                  7.5579999999981751E-001                  2.4280000000018237E-001                  1.4000000000000679E-003                  5.6951374010664256E-014                  0.0000000000000000E+000                  0.0000000000000000E+000                                        0                 -9.8999999999999986E+001                 -9.9000000000000000E+001                 -9.9000000000000000E+001 
                                     428                  1.9995045785834258E+000                  1.9487354017374248E-001                  5.8737987463134340E+000                 -2.9728454675082241E+000                  1.1048762905775080E+001                  7.5579999999981229E-001                  2.4280000000018778E-001                  1.3999999999999568E-003                  6.5208005697062493E-014                  0.0000000000000000E+000                  0.0000000000000000E+000                                        0                 -9.8999999999999986E+001                 -9.9000000000000000E+001                 -9.9000000000000000E+001 
                                     429                  1.9994888774127721E+000                  1.9408803517488207E-001                  5.8775697364417789E+000                 -2.9583625305731704E+000                  1.1066991050105663E+001                  7.5579999999980596E-001                  2.4280000000019406E-001                  1.3999999999999568E-003                  7.4653144426432449E-014                  0.0000000000000000E+000                  0.0000000000000000E+000                                        0                 -9.8999999999999986E+001                 -9.9000000000000000E+001                 -9.9000000000000000E+001 
                                     430                  1.9994726035888459E+000                  1.9329628262079843E-001                  5.8813491168276757E+000                 -2.9438688503242032E+000                  1.1085238596950095E+001                  7.5579999999979863E-001                  2.4280000000020135E-001                  1.4000000000000679E-003                  8.5461201513635452E-014                  0.0000000000000000E+000                  0.0000000000000000E+000                                        0                 -9.8999999999999986E+001                 -9.9000000000000000E+001                 -9.9000000000000000E+001 
                                     431                  1.9994557378368865E+000                  1.9249829438017318E-001                  5.8851368707163880E+000                 -2.9293654871739845E+000                  1.1103504474333441E+001                  7.5579999999979119E-001                  2.4280000000020882E-001                  1.3999999999999568E-003                  9.7827694212130147E-014                  0.0000000000000000E+000                  0.0000000000000000E+000                                        0                 -9.8999999999999986E+001                 -9.9000000000000000E+001                 -9.9000000000000000E+001 
                                     432                  1.9994382595407618E+000                  1.9169404662417697E-001                  5.8889314677001101E+000                 -2.9148593170607415E+000                  1.1121780291074645E+001                  7.5579999999978220E-001                  2.4280000000021779E-001                  1.4000000000000679E-003                  1.1196993264366872E-013                  0.0000000000000000E+000                  0.0000000000000000E+000                                        0                 -9.8999999999999986E+001                 -9.9000000000000000E+001                 -9.9000000000000000E+001 
                                     433                  1.9994201627944002E+000                  1.9088419354543310E-001                  5.8927330989063575E+000                 -2.9003511312570618E+000                  1.1140065454618508E+001                  7.5579999999977243E-001                  2.4280000000022747E-001                  1.4000000000000679E-003                  1.2814122439014562E-013                  0.0000000000000000E+000                  0.0000000000000000E+000                                        0                 -9.8999999999999986E+001                 -9.9000000000000000E+001                 -9.9000000000000000E+001 
                                     434                  1.9994014116593177E+000                  1.9006805461613072E-001                  5.8965434394248666E+000                 -2.8858358509616244E+000                  1.1158366715097259E+001                  7.5579999999976122E-001                  2.4280000000023869E-001                  1.4000000000000679E-003                  1.4663857216236128E-013                  0.0000000000000000E+000                  0.0000000000000000E+000                                        0                 -9.8999999999999986E+001                 -9.9000000000000000E+001                 -9.9000000000000000E+001 
                                     435                  1.9993819835382880E+000                  1.8924560381666869E-001                  5.9003612486273154E+000                 -2.8713196599696409E+000                  1.1176676664141372E+001                  7.5579999999974878E-001                  2.4280000000025118E-001                  1.4000000000000679E-003                  1.6778706584128792E-013                  0.0000000000000000E+000                  0.0000000000000000E+000                                        0                 -9.8999999999999986E+001                 -9.9000000000000000E+001                 -9.9000000000000000E+001 
                                     436                  1.9993618701130986E+000                  1.8841742349158097E-001                  5.9041868445552614E+000                 -2.8568031919937997E+000                  1.1194994994965207E+001                  7.5579999999973491E-001                  2.4280000000026511E-001                  1.3999999999999568E-003                  1.9196508451471242E-013                  0.0000000000000000E+000                  0.0000000000000000E+000                                        0                 -9.8999999999999986E+001                 -9.9000000000000000E+001                 -9.9000000000000000E+001 
                                     437                  1.9993410331308497E+000                  1.8758287550937872E-001                  5.9080218030724643E+000                 -2.8422818756992321E+000                  1.1213327852190547E+001                  7.5579999999971892E-001                  2.4280000000028104E-001                  1.4000000000000679E-003                  2.1961483341536060E-013                  0.0000000000000000E+000                  0.0000000000000000E+000                                        0                 -9.8999999999999986E+001                 -9.9000000000000000E+001                 -9.9000000000000000E+001 
                                     438                  1.9993194477883023E+000                  1.8674193098337050E-001                  5.9118649272532267E+000                 -2.8277613705720377E+000                  1.1231668391585986E+001                  7.5579999999970138E-001                  2.4280000000029869E-001                  1.3999999999999568E-003                  2.5122152693153220E-013                  0.0000000000000000E+000                  0.0000000000000000E+000                                        0                 -9.8999999999999986E+001                 -9.9000000000000000E+001                 -9.9000000000000000E+001 
                                     439                  1.9992971038545531E+000                  1.8589513432408739E-001                  5.9157163857419341E+000                 -2.8132421558165053E+000                  1.1250016306244850E+001                  7.5579999999968106E-001                  2.4280000000031896E-001                  1.3999999999999568E-003                  2.8734837831557916E-013                  0.0000000000000000E+000                  0.0000000000000000E+000                                        0                 -9.8999999999999986E+001                 -9.9000000000000000E+001                 -9.9000000000000000E+001 
                                     440                  1.9992739604446450E+000                  1.8504188157070364E-001                  5.9195762251725847E+000                 -2.7987245129230551E+000                  1.1268371360538879E+001                  7.5579999999965852E-001                  2.4280000000034146E-001                  1.4000000000000679E-003                  3.2863750860166320E-013                  0.0000000000000000E+000                  0.0000000000000000E+000                                        0                 -9.8999999999999986E+001                 -9.9000000000000000E+001                 -9.9000000000000000E+001 
                                     441                  1.9992500057896470E+000                  1.8418268746316419E-001                  5.9234444934181818E+000                 -2.7842088520392401E+000                  1.1286733192450187E+001                  7.5579999999963321E-001                  2.4280000000036678E-001                  1.4000000000000679E-003                  3.7582150637775898E-013                  0.0000000000000000E+000                  0.0000000000000000E+000                                        0                 -9.8999999999999986E+001                 -9.9000000000000000E+001                 -9.9000000000000000E+001 
                                     442                  1.9992251974586221E+000                  1.8331698112376524E-001                  5.9273211743464973E+000                 -2.7696952460453397E+000                  1.1305101708987067E+001                  7.5579999999960490E-001                  2.4280000000039514E-001                  1.3999999999999568E-003                  4.2973576974611799E-013                  0.0000000000000000E+000                  0.0000000000000000E+000                                        0                 -9.8999999999999986E+001                 -9.9000000000000000E+001                 -9.9000000000000000E+001 
                                     443                  1.9991995215139629E+000                  1.8244523093460291E-001                  5.9312052049986725E+000                 -2.7551878705401829E+000                  1.1323471674890678E+001                  7.5579999999957292E-001                  2.4280000000042706E-001                  1.4000000000000679E-003                  4.9131516119729192E-013                  0.0000000000000000E+000                  0.0000000000000000E+000                                        0                 -9.8999999999999986E+001                 -9.9000000000000000E+001                 -9.9000000000000000E+001 
                                     444                  1.9991729484301488E+000                  1.8156737225951944E-001                  5.9350977783393750E+000                 -2.7406826128941830E+000                  1.1341848387707048E+001                  7.5579999999953695E-001                  2.4280000000046306E-001                  1.3999999999999568E-003                  5.6166155489303418E-013                  0.0000000000000000E+000                  0.0000000000000000E+000                                        0                 -9.8999999999999986E+001                 -9.9000000000000000E+001                 -9.9000000000000000E+001 
                                     445                  1.9991454329565277E+000                  1.8068287210918038E-001                  5.9389989697556000E+000                 -2.7261795673458784E+000                  1.1360231827068436E+001                  7.5579999999949654E-001                  2.4280000000050347E-001                  1.3999999999999568E-003                  6.4201525779665378E-013                  0.0000000000000000E+000                  0.0000000000000000E+000                                        0                 -9.8999999999999986E+001                 -9.9000000000000000E+001                 -9.9000000000000000E+001 
                                     446                  1.9991169581792150E+000                  1.7979215246731245E-001                  5.9429079402372764E+000                 -2.7116826960557163E+000                  1.1378617198705697E+001                  7.5579999999945102E-001                  2.4280000000054894E-001                  1.4000000000000679E-003                  7.3376725627974906E-013                  0.0000000000000000E+000                  0.0000000000000000E+000                                        0                 -9.8999999999999986E+001                 -9.9000000000000000E+001                 -9.9000000000000000E+001 
                                     447                  1.9990874919841077E+000                  1.7889515866500041E-001                  5.9468249451203992E+000                 -2.6971920387505461E+000                  1.1397004720225961E+001                  7.5579999999939962E-001                  2.4280000000060023E-001                  1.4000000000001789E-003                  8.3852498569736140E-013                  0.0000000000000000E+000                  0.0000000000000000E+000                                        0                 -9.8999999999999986E+001                 -9.9000000000000000E+001                 -9.9000000000000000E+001 
                                     448                  1.9990570009656992E+000                  1.7799182721007681E-001                  5.9507512209752909E+000                 -2.6827043129900061E+000                  1.1415398909838373E+001                  7.5579999999934233E-001                  2.4280000000065749E-001                  1.4000000000001789E-003                  9.5815305318958527E-013                  0.0000000000000000E+000                  0.0000000000000000E+000                                        0                 -9.8999999999999986E+001                 -9.9000000000000000E+001                 -9.9000000000000000E+001 
                                     449                  1.9990254360834243E+000                  1.7708167954543472E-001                  5.9546870362165185E+000                 -2.6682197769188178E+000                  1.1433799781661639E+001                  7.5579999999927772E-001                  2.4280000000072224E-001                  1.4000000000000679E-003                  1.0947553972472197E-012                  0.0000000000000000E+000                  0.0000000000000000E+000                                        0                 -9.8999999999999986E+001                 -9.9000000000000000E+001                 -9.9000000000000000E+001 
                                     450                  1.9989927758869164E+000                  1.7616507488550565E-001                  5.9586318257742743E+000                 -2.6537418273853755E+000                  1.1452203382209515E+001                  7.5579999999920533E-001                  2.4280000000079466E-001                  1.4000000000000679E-003                  1.2506979439073026E-012                  0.0000000000000000E+000                  0.0000000000000000E+000                                        0                 -9.8999999999999986E+001                 -9.9000000000000000E+001                 -9.9000000000000000E+001 
                                     451                  1.9989589834851169E+000                  1.7524194252938088E-001                  5.9625858544008903E+000                 -2.6392703981871146E+000                  1.1470610043690419E+001                  7.5579999999912373E-001                  2.4280000000087629E-001                  1.3999999999999568E-003                  1.4287075533767648E-012                  0.0000000000000000E+000                  0.0000000000000000E+000                                        0                 -9.8999999999999986E+001                 -9.9000000000000000E+001                 -9.9000000000000000E+001 
                                     452                  1.9989240209088883E+000                  1.7431221392900884E-001                  5.9665493168896813E+000                 -2.6248053367290778E+000                  1.1489020112585234E+001                  7.5579999999903158E-001                  2.4280000000096830E-001                  1.4000000000000679E-003                  1.6318924389172670E-012                  0.0000000000000000E+000                  0.0000000000000000E+000                                        0                 -9.8999999999999986E+001                 -9.9000000000000000E+001                 -9.9000000000000000E+001 
                                     453                  1.9988878487702573E+000                  1.7337581464937968E-001                  5.9705230658132553E+000                 -2.6103438146277931E+000                  1.1507437263923261E+001                  7.5579999999892844E-001                  2.4280000000107146E-001                  1.4000000000000679E-003                  1.8638395593909888E-012                  0.0000000000000000E+000                  0.0000000000000000E+000                                        0                 -9.8999999999999986E+001                 -9.9000000000000000E+001                 -9.9000000000000000E+001 
                                     454                  1.9988504129906866E+000                  1.7243233606030120E-001                  5.9745070800550311E+000                 -2.5958857129668478E+000                  1.1525861590234005E+001                  7.5579999999881253E-001                  2.4280000000118748E-001                  1.3999999999999568E-003                  2.1285975505840293E-012                  0.0000000000000000E+000                  0.0000000000000000E+000                                        0                 -9.8999999999999986E+001                 -9.9000000000000000E+001                 -9.9000000000000000E+001 
                                     455                  1.9988116849571780E+000                  1.7148205265978389E-001                  5.9785006253897830E+000                 -2.5814333268518603E+000                  1.1544290058928736E+001                  7.5579999999868219E-001                  2.4280000000131780E-001                  1.4000000000000679E-003                  2.4307245837050107E-012                  0.0000000000000000E+000                  0.0000000000000000E+000                                        0                 -9.8999999999999986E+001                 -9.9000000000000000E+001                 -9.9000000000000000E+001 
                                     456                  1.9987716213753635E+000                  1.7052488890426107E-001                  5.9825036451948099E+000                 -2.5669861793731421E+000                  1.1562723081870132E+001                  7.5579999999853520E-001                  2.4280000000146462E-001                  1.4000000000001789E-003                  2.7754563887292190E-012                  0.0000000000000000E+000                  0.0000000000000000E+000                                        0                 -9.8999999999999986E+001                 -9.9000000000000000E+001                 -9.9000000000000000E+001 
                                     457                  1.9987301773525050E+000                  1.6956076433794490E-001                  5.9865160361234455E+000                 -2.5525437995346190E+000                  1.1581161017551086E+001                  7.5579999999837044E-001                  2.4280000000162941E-001                  1.4000000000001789E-003                  3.1687525143806723E-012                  0.0000000000000000E+000                  0.0000000000000000E+000                                        0                 -9.8999999999999986E+001                 -9.9000000000000000E+001                 -9.9000000000000000E+001 
                                     458                  1.9986873069536004E+000                  1.6858960766341219E-001                  5.9905376535171522E+000                 -2.5381057378741048E+000                  1.1599604161082212E+001                  7.5579999999818526E-001                  2.4280000000181476E-001                  1.3999999999999568E-003                  3.6173942959995876E-012                  0.0000000000000000E+000                  0.0000000000000000E+000                                        0                 -9.8999999999999986E+001                 -9.9000000000000000E+001                 -9.9000000000000000E+001 
                                     459                  1.9986429626381126E+000                  1.6761134430606778E-001                  5.9945683408891037E+000                 -2.5236714695512159E+000                  1.1618052870481511E+001                  7.5579999999797665E-001                  2.4280000000202329E-001                  1.4000000000000679E-003                  4.1290992275916762E-012                  0.0000000000000000E+000                  0.0000000000000000E+000                                        0                 -9.8999999999999986E+001                 -9.9000000000000000E+001                 -9.9000000000000000E+001 
                                     460                  1.9985970951563401E+000                  1.6662589561777824E-001                  5.9986082012780608E+000                 -2.5092394569507874E+000                  1.1636508774594933E+001                  7.5579999999774272E-001                  2.4280000000225721E-001                  1.4000000000000679E-003                  4.7126897930298079E-012                  0.0000000000000000E+000                  0.0000000000000000E+000                                        0                 -9.8999999999999986E+001                 -9.9000000000000000E+001                 -9.9000000000000000E+001 
                                     461                  1.9985496472697577E+000                  1.6563305072356665E-001                  6.0026575932163730E+000                 -2.4948071554035431E+000                  1.1654974763336721E+001                  7.5579999999747949E-001                  2.4280000000252058E-001                  1.3999999999999568E-003                  5.3782659546642145E-012                  5.1057363976066806E-039                  0.0000000000000000E+000                                        0                 -9.8999999999999986E+001                 -9.9000000000000000E+001                 -9.9000000000000000E+001 
                                     462                  1.9985005589275213E+000                  1.6463258884470974E-001                  6.0067169116536512E+000                 -2.4803718955219427E+000                  1.1673453887995320E+001                  7.5579999999718361E-001                  2.4280000000281632E-001                  1.4000000000000679E-003                  6.1373637616963162E-012                  8.0262247381045099E-039                  0.0000000000000000E+000                                        0                 -9.8999999999999986E+001                 -9.9000000000000000E+001                 -9.9000000000000000E+001 
                                     463                  1.9984497667989369E+000                  1.6362427324652443E-001                  6.0107865464210288E+000                 -2.4659311284242902E+000                  1.1691949075251996E+001                  7.5579999999685110E-001                  2.4280000000314891E-001                  1.3999999999999568E-003                  7.0031540792216585E-012                  1.2614071848489777E-038                  0.0000000000000000E+000                                        0                 -9.8999999999999986E+001                 -9.9000000000000000E+001                 -9.9000000000000000E+001 
                                     464                  1.9983972059704853E+000                  1.6260788754998606E-001                  6.0148669155931094E+000                 -2.4514823541420885E+000                  1.1710463232227751E+001                  7.5579999999647707E-001                  2.4280000000352300E-001                  1.3999999999999568E-003                  7.9906843577644267E-012                  1.9820239414973684E-038                  0.0000000000000000E+000                                        0                 -9.8999999999999986E+001                 -9.9000000000000000E+001                 -9.9000000000000000E+001 
                                     465                  1.9983428074539162E+000                  1.6158318872684177E-001                  6.0189583645282294E+000                 -2.4370234498782728E+000                  1.1728998817407840E+001                  7.5579999999605652E-001                  2.4280000000394344E-001                  1.4000000000000679E-003                  9.1171228231221456E-012                  3.1137721109308120E-038                  0.0000000000000000E+000                                        0                 -9.8999999999999986E+001                 -9.9000000000000000E+001                 -9.9000000000000000E+001 
                                     466                  1.9982865030524273E+000                  1.6055000052521845E-001                  6.0230612055291335E+000                 -2.4225525477228551E+000                  1.1747558002554012E+001                  7.5579999999558334E-001                  2.4280000000441651E-001                  1.4000000000001789E-003                  1.0402065485563546E-011                  4.8910476862906547E-038                  0.0000000000000000E+000                                        0                 -9.8999999999999986E+001                 -9.9000000000000000E+001                 -9.9000000000000000E+001 
                                     467                  1.9982282195897620E+000                  1.5950810506623353E-001                  6.0271757781728690E+000                 -2.4080677866164160E+000                  1.1766142980678199E+001                  7.5579999999505110E-001                  2.4280000000494883E-001                  1.4000000000000679E-003                  1.1867902169635587E-011                  7.6818877172241077E-038                  0.0000000000000000E+000                                        0                 -9.8999999999999986E+001                 -9.9000000000000000E+001                 -9.9000000000000000E+001 
                                     468                  1.9981678827482645E+000                  1.5845731581529615E-001                  6.0313023834498871E+000                 -2.3935675521162962E+000                  1.1784755660636117E+001                  7.5579999999445291E-001                  2.4280000000554711E-001                  1.3999999999999568E-003                  1.3540193944993515E-011                  1.2064149882787538E-037                  0.0000000000000000E+000                                        0                 -9.8999999999999986E+001                 -9.9000000000000000E+001                 -9.9000000000000000E+001 
                                     469                  1.9981054149505475E+000                  1.5739743997809577E-001                  6.0354413677713836E+000                 -2.3790501683656751E+000                  1.1803398058727879E+001                  7.5579999999377956E-001                  2.4280000000622048E-001                  1.3999999999999568E-003                  1.5448161925648225E-011                  1.8945314250248838E-037                  0.0000000000000000E+000                                        0                 -9.8999999999999986E+001                 -9.9000000000000000E+001                 -9.9000000000000000E+001 
                                     470                  1.9980407347987743E+000                  1.5632827188089382E-001                  6.0395933807997482E+000                 -2.3645130066931128E+000                  1.1822073447139640E+001                  7.5579999999302150E-001                  2.4280000000697838E-001                  1.4000000000000679E-003                  1.7625368705511760E-011                  2.9751633478272401E-037                  0.0000000000000000E+000                                        0                 -9.8999999999999986E+001                 -9.9000000000000000E+001                 -9.9000000000000000E+001 
                                     471                  1.9979737489560752E+000                  1.5524946734007378E-001                  6.0437620216952475E+000                 -2.3499434004806004E+000                  1.1840798077821376E+001                  7.5579999999216740E-001                  2.4280000000783267E-001                  1.3999999999999568E-003                  2.0112112646879987E-011                  4.6740063009180082E-037                  0.0000000000000000E+000                                        0                 -9.8999999999999986E+001                 -9.9000000000000000E+001                 -9.9000000000000000E+001 
                                     472                  1.9979042712158923E+000                  1.5415930985678591E-001                  6.0479479095156083E+000                 -2.3353386438995338E+000                  1.1859575268677855E+001                  7.5579999999120517E-001                  2.4280000000879476E-001                  1.4000000000000679E-003                  2.2953187823116587E-011                  7.3461816773337820E-037                  0.0000000000000000E+000                                        0                 -9.8999999999999986E+001                 -9.9000000000000000E+001                 -9.9000000000000000E+001 
                                     473                  1.9978322869860023E+000                  1.5305888086800901E-001                  6.0521556429334868E+000                 -2.3206833037966947E+000                  1.1878425039780414E+001                  7.5579999999011815E-001                  2.4280000000988194E-001                  1.3999999999998458E-003                  2.6203241343820559E-011                  1.1556774033470937E-036                  0.0000000000000000E+000                                        0                 -9.8999999999999986E+001                 -9.9000000000000000E+001                 -9.9000000000000000E+001 
                                     474                  1.9977574655432924E+000                  1.5194454137163829E-001                  6.0563798343984940E+000                 -2.3059948189735144E+000                  1.1897324571728445E+001                  7.5579999998889635E-001                  2.4280000001110363E-001                  1.4000000000000679E-003                  2.9917126223320749E-011                  1.8186845870972747E-036                  0.0000000000000000E+000                                        0                 -9.8999999999999986E+001                 -9.9000000000000000E+001                 -9.9000000000000000E+001 
                                     475                  1.9976801196126268E+000                  1.5082227662310599E-001                  6.0606093350186381E+000                 -2.2913127263100344E+000                  1.1916223217314785E+001                  7.5579999998752401E-001                  2.4280000001247587E-001                  1.4000000000000679E-003                  3.4149489417527177E-011                  2.8595700425671006E-036                  0.0000000000000000E+000                                        0                 -9.8999999999999986E+001                 -9.9000000000000000E+001                 -9.9000000000000000E+001 
                                     476                  1.9976001657988467E+000                  1.4969197649877053E-001                  6.0648443760020818E+000                 -2.2766361035021818E+000                  1.1935122127038714E+001                  7.5579999998598280E-001                  2.4280000001401719E-001                  1.4000000000000679E-003                  3.8971867220837075E-011                  4.4923871958677763E-036                  0.0000000000000000E+000                                        0                 -9.8999999999999986E+001                 -9.9000000000000000E+001                 -9.9000000000000000E+001 
                                     477                  1.9975175164279233E+000                  1.4855350894942529E-001                  6.0690851488386848E+000                 -2.2619642094120933E+000                  1.1954022230965128E+001                  7.5579999998425185E-001                  2.4280000001574814E-001                  1.4000000000000679E-003                  4.4465526202884435E-011                  7.0517228040457191E-036                  0.0000000000000000E+000                                        0                 -9.8999999999999986E+001                 -9.9000000000000000E+001                 -9.9000000000000000E+001 
                                     478                  1.9974320842276816E+000                  1.4740678582398956E-001                  6.0733318116630608E+000                 -2.2472964707195140E+000                  1.1972924258484122E+001                  7.5579999998230885E-001                  2.4280000001769117E-001                  1.3999999999999568E-003                  5.0722764764759198E-011                  1.1060167305011437E-035                  0.0000000000000000E+000                                        0                 -9.8999999999999986E+001                 -9.9000000000000000E+001                 -9.9000000000000000E+001 
                                     479                  1.9973437775337621E+000                  1.4625169650387948E-001                  6.0775845656167284E+000                 -2.2326321982500974E+000                  1.1991829097989497E+001                  7.5579999998012770E-001                  2.4280000001987229E-001                  1.4000000000000679E-003                  5.7848515720810719E-011                  1.7333459987523549E-035                  0.0000000000000000E+000                                        0                 -9.8999999999999986E+001                 -9.9000000000000000E+001                 -9.9000000000000000E+001 
                                     480                  1.9972525017564422E+000                  1.4508813008967442E-001                  6.0818436525343627E+000                 -2.2179705951599296E+000                  1.2010737786383899E+001                  7.5579999997768077E-001                  2.4280000002231936E-001                  1.3999999999998458E-003                  6.5962087266052673E-011                  2.7144153588848376E-035                  0.0000000000000000E+000                                        0                 -9.8999999999999986E+001                 -9.9000000000000000E+001                 -9.9000000000000000E+001 
                                     481                  1.9971581575573358E+000                  1.4391595407053590E-001                  6.0861092713806739E+000                 -2.2033110274956900E+000                  1.2029651155036508E+001                  7.5579999997493474E-001                  2.4280000002506524E-001                  1.4000000000000679E-003                  7.5198963352506325E-011                  4.2475952946075560E-035                  0.0000000000000000E+000                                        0                 -9.8999999999999986E+001                 -9.9000000000000000E+001                 -9.9000000000000000E+001 
                                     482                  1.9970606459035385E+000                  1.4273507848343017E-001                  6.0903815846444207E+000                 -2.1886530124157000E+000                  1.2048569847992709E+001                  7.5579999997185532E-001                  2.4280000002814481E-001                  1.3999999999998458E-003                  8.5712961981992017E-011                  6.6418985924766395E-035                  0.0000000000000000E+000                                        0                 -9.8999999999999986E+001                 -9.9000000000000000E+001                 -9.9000000000000000E+001 
                                     483                  1.9969598628847518E+000                  1.4154539126413868E-001                  6.0946607914614441E+000                 -2.1739959503660833E+000                  1.2067494662656715E+001                  7.5579999996840153E-001                  2.4280000003159855E-001                  1.3999999999999568E-003                  9.7678883228487836E-011                  1.0378431249152535E-034                  0.0000000000000000E+000                                        0                 -9.8999999999999986E+001                 -9.9000000000000000E+001                 -9.9000000000000000E+001 
                                     484                  1.9968557012952008E+000                  1.4034677987644376E-001                  6.0989471208735777E+000                 -2.1593391497197434E+000                  1.2086426518446022E+001                  7.5579999996452962E-001                  2.4280000003547045E-001                  1.3999999999999568E-003                  1.1129537245648356E-010                  1.6205814240842539E-034                  0.0000000000000000E+000                                        0                 -9.8999999999999986E+001                 -9.9000000000000000E+001                 -9.9000000000000000E+001 
                                     485                  1.9967480489057341E+000                  1.3913911322951211E-001                  6.1032407615887312E+000                 -2.1446820482487112E+000                  1.2105366165131795E+001                  7.5579999996018976E-001                  2.4280000003981028E-001                  1.3999999999999568E-003                  1.2678793316178944E-010                  2.5288149360000146E-034                  0.0000000000000000E+000                                        0                 -9.8999999999999986E+001                 -9.9000000000000000E+001                 -9.9000000000000000E+001 
                                     486                  1.9966367931954898E+000                  1.3792229610250381E-001                  6.1075418557808048E+000                 -2.1300241919318976E+000                  1.2124314197507070E+001                  7.5579999995532599E-001                  2.4280000004467406E-001                  1.3999999999999568E-003                  1.4441247164526437E-010                  3.9434429220486391E-034                  0.0000000000000000E+000                                        0                 -9.8999999999999986E+001                 -9.9000000000000000E+001                 -9.9000000000000000E+001 
                                     487                  1.9965218164673835E+000                  1.3669621437104479E-001                  6.1118505452776164E+000                 -2.1153649996179422E+000                  1.2143271336320327E+001                  7.5579999994987723E-001                  2.4280000005012270E-001                  1.4000000000000679E-003                  1.6445955891077327E-010                  6.1454214939783375E-034                  0.0000000000000000E+000                                        0                 -9.8999999999999986E+001                 -9.9000000000000000E+001                 -9.9000000000000000E+001 
                                     488                  1.9964029973174995E+000                  1.3546075343419051E-001                  6.1161669626716026E+000                 -2.1007037854720250E+000                  1.2162238396961763E+001                  7.5579999994377434E-001                  2.4280000005622565E-001                  1.4000000000000679E-003                  1.8725906857939063E-010                  9.5708470187756613E-034                  0.0000000000000000E+000                                        0                 -9.8999999999999986E+001                 -9.9000000000000000E+001                 -9.9000000000000000E+001 
                                     489                  1.9962802090675571E+000                  1.3421578368585735E-001                  6.1204911806049775E+000                 -2.0860399374843874E+000                  1.2181216060418034E+001                  7.5579999993693991E-001                  2.4280000006306007E-001                  1.4000000000000679E-003                  2.1318513820562840E-010                  1.4896149779255686E-033                  0.0000000000000000E+000                                        0                 -9.8999999999999986E+001                 -9.9000000000000000E+001                 -9.9000000000000000E+001 
                                     490                  1.9961533239763052E+000                  1.3296120461035918E-001                  6.1248232195056129E+000                 -2.0713729140267589E+000                  1.2200204884566817E+001                  7.5579999992928848E-001                  2.4280000007071165E-001                  1.3999999999998458E-003                  2.4266198953385430E-010                  2.3169826306159739E-033                  0.0000000000000000E+000                                        0                 -9.8999999999999986E+001                 -9.9000000000000000E+001                 -9.9000000000000000E+001 
                                     491                  1.9960222088464568E+000                  1.3169690054904787E-001                  6.1291630988742991E+000                 -2.0567020741201469E+000                  1.2219205525064634E+001                  7.5579999992072455E-001                  2.4280000007927552E-001                  1.3999999999999568E-003                  2.7617087026618092E-010                  3.6016113053884046E-033                  0.0000000000000000E+000                                        0                 -9.8999999999999986E+001                 -9.9000000000000000E+001                 -9.9000000000000000E+001 
                                     492                  1.9958867263165829E+000                  1.3042275561065314E-001                  6.1335108380203351E+000                 -2.0420266899180097E+000                  1.2238218723739669E+001                  7.5579999991114155E-001                  2.4280000008885852E-001                  1.3999999999999568E-003                  3.1425766405775091E-010                  5.5949538148457294E-033                  0.0000000000000000E+000                                        0                 -9.8999999999999986E+001                 -9.9000000000000000E+001                 -9.9000000000000000E+001 
                                     493                  1.9957467332430689E+000                  1.2913864016895613E-001                  6.1378664095922879E+000                 -2.0273461071452719E+000                  1.2257245101832531E+001                  7.5579999990042046E-001                  2.4280000009957942E-001                  1.4000000000000679E-003                  3.5754102078242056E-010                  8.6860054415385711E-033                  0.0000000000000000E+000                                        0                 -9.8999999999999986E+001                 -9.9000000000000000E+001                 -9.9000000000000000E+001 
                                     494                  1.9956020850147418E+000                  1.2784445180961801E-001                  6.1422297460912869E+000                 -2.0126597418545940E+000                  1.2276285169863650E+001                  7.5579999988843038E-001                  2.4280000011156955E-001                  1.4000000000000679E-003                  4.0672185711210861E-010                  1.3476102233439933E-032                  0.0000000000000000E+000                                        0                 -9.8999999999999986E+001                 -9.9000000000000000E+001                 -9.9000000000000000E+001 
                                     495                  1.9954526310332561E+000                  1.2654007424453464E-001                  6.1466007859713541E+000                 -1.9979669269839724E+000                  1.2295339527066139E+001                  7.5579999987502333E-001                  2.4280000012497660E-001                  1.4000000000000679E-003                  4.6259463058242242E-010                  2.0894219417337973E-032                  0.0000000000000000E+000                                        0                 -9.8999999999999986E+001                 -9.9000000000000000E+001                 -9.9000000000000000E+001 
                                     496                  1.9952982160297477E+000                  1.2522539114606301E-001                  6.1509794748836697E+000                 -1.9832669201044353E+000                  1.2314408854953845E+001                  7.5579999986003676E-001                  2.4280000013996322E-001                  1.4000000000000679E-003                  5.2605972963597361E-010                  3.2374502598481870E-032                  0.0000000000000000E+000                                        0                 -9.8999999999999986E+001                 -9.9000000000000000E+001                 -9.9000000000000000E+001 
                                     497                  1.9951386783259661E+000                  1.2390027302752474E-001                  6.1553657248145299E+000                 -1.9685590577282004E+000                  1.2333493722361480E+001                  7.5579999984328849E-001                  2.4280000015671147E-001                  1.4000000000000679E-003                  5.9813675826217036E-010                  5.0129252319624488E-032                  0.0000000000000000E+000                                        0                 -9.8999999999999986E+001                 -9.9000000000000000E+001                 -9.9000000000000000E+001 
                                     498                  1.9949738544540965E+000                  1.2256461695860715E-001                  6.1597594302908938E+000                 -1.9538427628370389E+000                  1.2352594594482946E+001                  7.5579999982457657E-001                  2.4280000017542339E-001                  1.4000000000000679E-003                  6.7998014098867446E-010                  7.7568585403936913E-032                  0.0000000000000000E+000                                        0                 -9.8999999999999986E+001                 -9.9000000000000000E+001                 -9.9000000000000000E+001 
                                     499                  1.9948035743078911E+000                  1.2121830664022830E-001                  6.1641605179348415E+000                 -1.9391174063468981E+000                  1.2371712021029836E+001                  7.5579999980367696E-001                  2.4280000019632289E-001                  1.4000000000001789E-003                  7.7289761839194386E-010                  1.1994544852448436E-031                  0.0000000000000000E+000                                        0                 -9.8999999999999986E+001                 -9.9000000000000000E+001                 -9.9000000000000000E+001 
                                     500                  1.9946276625496742E+000                  1.1986122575174059E-001                  6.1685689421286689E+000                 -1.9243823202863140E+000                  1.2390846618710020E+001                  7.5579999978034051E-001                  2.4280000021965956E-001                  1.3999999999999568E-003                  8.7837045911618235E-010                  1.8534584065459017E-031                  0.0000000000000000E+000                                        0                 -9.8999999999999986E+001                 -9.9000000000000000E+001                 -9.9000000000000000E+001 
                                     501                  1.9944459369610148E+000                  1.1849324676114063E-001                  6.1729846448499925E+000                 -1.9096369181324553E+000                  1.2409998910713368E+001                  7.5579999975429013E-001                  2.4280000024570983E-001                  1.4000000000000679E-003                  9.9807529946941790E-010                  2.8620713834686231E-031                  0.0000000000000000E+000                                        0                 -9.8999999999999986E+001                 -9.9000000000000000E+001                 -9.9000000000000000E+001 
                                     502                  1.9942582127402684E+000                  1.1711426453987495E-001                  6.1774075572142424E+000                 -1.8948806890107512E+000                  1.2429169334037821E+001                  7.5579999972521872E-001                  2.4280000027478121E-001                  1.4000000000000679E-003                  1.1339094742669456E-009                  4.4164522457450176E-031                  0.0000000000000000E+000                                        0                 -9.8999999999999986E+001                 -9.9000000000000000E+001                 -9.9000000000000000E+001 
                                     503                  1.9940642979426224E+000                  1.1572416250577972E-001                  6.1818376471742456E+000                 -1.8801130265314090E+000                  1.2448358458183749E+001                  7.5579999969278544E-001                  2.4280000030721441E-001                  1.4000000000001789E-003                  1.2880213138183775E-009                  6.8102110874203216E-031                  0.0000000000000000E+000                                        0                 -9.8999999999999986E+001                 -9.9000000000000000E+001                 -9.9000000000000000E+001 
                                     504                  1.9938639934376434E+000                  1.1432281472673086E-001                  6.1862748689697025E+000                 -1.8653333873672442E+000                  1.2467566776074385E+001                  7.5579999965661226E-001                  2.4280000034338775E-001                  1.3999999999999568E-003                  1.4628413311675834E-009                  1.0493962024674039E-030                  0.0000000000000000E+000                                        0                 -9.8999999999999986E+001                 -9.9000000000000000E+001                 -9.9000000000000000E+001 
                                     505                  1.9936570966995344E+000                  1.1291011369356214E-001                  6.1907191643473363E+000                 -1.8505412865455477E+000                  1.2486794709975548E+001                  7.5579999961627908E-001                  2.4280000038372090E-001                  1.4000000000000679E-003                  1.6611186578468877E-009                  1.6158747524945752E-030                  0.0000000000000000E+000                                        0                 -9.8999999999999986E+001                 -9.9000000000000000E+001                 -9.9000000000000000E+001 
                                     506                  1.9934433977235595E+000                  1.1148594236020964E-001                  6.1951704891161352E+000                 -1.8357361981931715E+000                  1.2506042737170826E+001                  7.5579999957132060E-001                  2.4280000042867939E-001                  1.4000000000000679E-003                  1.8859634993561063E-009                  2.4863555320779389E-030                  0.0000000000000000E+000                                        0                 -9.8999999999999986E+001                 -9.9000000000000000E+001                 -9.9000000000000000E+001 
                                     507                  1.9932226801421562E+000                  1.1005018349824953E-001                  6.1996288104373276E+000                 -1.8209175606215871E+000                  1.2525311382140670E+001                  7.5579999952122079E-001                  2.4280000047877917E-001                  1.4000000000000679E-003                  2.1408940789205765E-009                  3.8230029443917667E-030                  0.0000000000000000E+000                                        0                 -9.8999999999999986E+001                 -9.9000000000000000E+001                 -9.9000000000000000E+001 
                                     508                  1.9929947197123565E+000                  1.0860271132325111E-001                  6.2040940765988495E+000                 -1.8060848603746116E+000                  1.2544601102252082E+001                  7.5579999946540699E-001                  2.4280000053459297E-001                  1.4000000000000679E-003                  2.4298877770305083E-009                  5.8739425849282314E-030                  0.0000000000000000E+000                                        0                 -9.8999999999999986E+001                 -9.9000000000000000E+001                 -9.9000000000000000E+001 
                                     509                  1.9927592880892071E+000                  1.0714341672835194E-001                  6.2085662087547879E+000                 -1.7912376186312506E+000                  1.2563912292885105E+001                  7.5579999940324494E-001                  2.4280000059675502E-001                  1.4000000000000679E-003                  2.7574394702308428E-009                  9.0185181519445904E-030                  0.0000000000000000E+000                                        0                 -9.8999999999999986E+001                 -9.9000000000000000E+001                 -9.9000000000000000E+001 
                                     510                  1.9925161487224834E+000                  1.0567218195751615E-001                  6.2130451273353069E+000                 -1.7763752543523419E+000                  1.2583245450327617E+001                  7.5579999933403152E-001                  2.4280000066596832E-001                  1.4000000000001789E-003                  3.1286299785503834E-009                  1.3836236635733879E-029                  0.0000000000000000E+000                                        0                 -9.8999999999999986E+001                 -9.9000000000000000E+001                 -9.9000000000000000E+001 
                                     511                  1.9922650565980700E+000                  1.0418888126860620E-001                  6.2175307128123940E+000                 -1.7614972075555433E+000                  1.2602601009291524E+001                  7.5579999925698782E-001                  2.4280000074301228E-001                  1.3999999999998458E-003                  3.5491978066629517E-009                  2.1211603169623210E-029                  0.0000000000000000E+000                                        0                 -9.8999999999999986E+001                 -9.9000000000000000E+001                 -9.9000000000000000E+001 
                                     512                  1.9920057620622784E+000                  1.0269340488321888E-001                  6.2220228098492862E+000                 -1.7466029387580586E+000                  1.2621979347694911E+001                  7.5579999917124963E-001                  2.4280000082875036E-001                  1.4000000000000679E-003                  4.0256222442697902E-009                  3.2493450061930492E-029                  0.0000000000000000E+000                                        0                 -9.8999999999999986E+001                 -9.9000000000000000E+001                 -9.9000000000000000E+001 
                                     513                  1.9917380066340398E+000                  1.0118563505822037E-001                  6.2265212520576760E+000                 -1.7316918507785330E+000                  1.2641380889626838E+001                  7.5579999907586126E-001                  2.4280000092413856E-001                  1.4000000000001789E-003                  4.5652194072038087E-009                  4.9736911845470517E-029                  0.0000000000000000E+000                                        0                 -9.8999999999999986E+001                 -9.9000000000000000E+001                 -9.9000000000000000E+001 
                                     514                  1.9914615241075508E+000                  9.9665454204503678E-002                  6.2310258630797710E+000                 -1.7167632939428508E+000                  1.2660806101287086E+001                  7.5579999896976313E-001                  2.4280000103023683E-001                  1.4000000000000679E-003                  5.1762483905824669E-009                  7.6070466691931283E-029                  0.0000000000000000E+000                                        0                 -9.8999999999999986E+001                 -9.9000000000000000E+001                 -9.9000000000000000E+001 
                                     515                  1.9911760389127509E+000                  9.8132737409234311E-002                  6.2355364345735005E+000                 -1.7018166422826069E+000                  1.2680255392809988E+001                  7.5579999885178251E-001                  2.4280000114821740E-001                  1.4000000000000679E-003                  5.8680269395012875E-009                  1.1625191493900385E-028                  0.0000000000000000E+000                                        0                 -9.8999999999999986E+001                 -9.9000000000000000E+001                 -9.9000000000000000E+001 
                                     516                  1.9908812701194261E+000                  9.6587375290235158E-002                  6.2400527297466812E+000                 -1.6868512929967971E+000                  1.2699729122401235E+001                  7.5579999872062054E-001                  2.4280000127937948E-001                  1.3999999999999568E-003                  6.6510636370693190E-009                  1.7750984812694449E-028                  0.0000000000000000E+000                                        0                 -9.8999999999999986E+001                 -9.9000000000000000E+001                 -9.9000000000000000E+001 
                                     517                  1.9905769270302369E+000                  9.5029251175417565E-002                  6.2445745158393491E+000                 -1.6718665620356834E+000                  1.2719227733209538E+001                  7.5579999857483959E-001                  2.4280000142516037E-001                  1.4000000000000679E-003                  7.5372122760477626E-009                  2.7081641701057498E-028                  0.0000000000000000E+000                                        0                 -9.8999999999999986E+001                 -9.9000000000000000E+001                 -9.9000000000000000E+001 
                                     518                  1.9902627089822527E+000                  9.3458242205355091E-002                  6.2491015340788536E+000                 -1.6568617872058613E+000                  1.2738751620285258E+001                  7.5579999841284906E-001                  2.4280000158715090E-001                  1.4000000000000679E-003                  8.5398342338501803E-009                  4.1280862556500343E-028                  0.0000000000000000E+000                                        0                 -9.8999999999999986E+001                 -9.9000000000000000E+001                 -9.9000000000000000E+001 
                                     519                  1.9899383090900613E+000                  9.1874239397575969E-002                  6.2536337478518371E+000                 -1.6418355247957499E+000                  1.2758302181786156E+001                  7.5579999823287858E-001                  2.4280000176712146E-001                  1.3999999999999568E-003                  9.6740499819440506E-009                  6.2870070621987961E-028                  0.0000000000000000E+000                                        0                 -9.8999999999999986E+001                 -9.9000000000000000E+001                 -9.9000000000000000E+001 
                                     520                  1.9896033739241448E+000                  9.0276957306837310E-002                  6.2581708327549750E+000                 -1.6267870994734017E+000                  1.2777879759173107E+001                  7.5579999803297848E-001                  2.4280000196702145E-001                  1.4000000000000679E-003                  1.0956839877171867E-008                  9.5664187183541093E-028                  0.0000000000000000E+000                                        0                 -9.8999999999999986E+001                 -9.9000000000000000E+001                 -9.9000000000000000E+001 
                                     521                  1.9892576117875680E+000                  8.8666454362513622E-002                  6.2627121933332734E+000                 -1.6117165815420720E+000                  1.2797483676867241E+001                  7.5579999781100426E-001                  2.4280000218899581E-001                  1.3999999999999568E-003                  1.2407243168219130E-008                  1.4542645398086349E-027                  0.0000000000000000E+000                                        0                 -9.8999999999999986E+001                 -9.9000000000000000E+001                 -9.9000000000000000E+001 
                                     522                  1.9889006863632035E+000                  8.7042616999989678E-002                  6.2672574236951357E+000                 -1.5966231721131019E+000                  1.2817114316408697E+001                  7.5579999756457306E-001                  2.4280000243542693E-001                  1.4000000000000679E-003                  1.4046745584371150E-008                  2.2085767295695076E-027                  0.0000000000000000E+000                                        0                 -9.8999999999999986E+001                 -9.9000000000000000E+001                 -9.9000000000000000E+001 
                                     523                  1.9885322514506543E+000                  8.5405332852127702E-002                  6.2718060695327722E+000                 -1.5815060273463044E+000                  1.2836772054869316E+001                  7.5579999729105163E-001                  2.4280000270894828E-001                  1.4000000000000679E-003                  1.5899509355013216E-008                  3.3507465529769445E-027                  0.0000000000000000E+000                                        0                 -9.8999999999999986E+001                 -9.9000000000000000E+001                 -9.9000000000000000E+001 
                                     524                  1.9881519506965850E+000                  8.3754490992701713E-002                  6.2763576318212930E+000                 -1.5663642623050322E+000                  1.2856457264776358E+001                  7.5579999698752864E-001                  2.4280000301247137E-001                  1.3999999999999568E-003                  1.7992693196768701E-008                  5.0782526313007310E-027                  0.0000000000000000E+000                                        0                 -9.8999999999999986E+001                 -9.9000000000000000E+001                 -9.9000000000000000E+001 
                                     525                  1.9877594173175490E+000                  8.2089982173162601E-002                  6.2809115703957401E+000                 -1.5511969547763353E+000                  1.2876170313969995E+001                  7.5579999665078590E-001                  2.4280000334921417E-001                  1.3999999999999568E-003                  2.0356808464456732E-008                  7.6879951492589305E-027                  0.0000000000000000E+000                                        0                 -9.8999999999999986E+001                 -9.9000000000000000E+001                 -9.9000000000000000E+001 
                                     526                  1.9873542738176657E+000                  8.0411699063243192E-002                  6.2854673074142315E+000                 -1.5360031491264967E+000                  1.2895911565328706E+001                  7.5579999627726702E-001                  2.4280000372273300E-001                  1.3999999999999568E-003                  2.3026115256554680E-008                  1.1625707058206818E-026                  0.0000000000000000E+000                                        0                 -9.8999999999999986E+001                 -9.9000000000000000E+001                 -9.9000000000000000E+001 
                                     527                  1.9869361317015504E+000                  7.8719536496111589E-002                  6.2900242307271181E+000                 -1.5207818601957190E+000                  1.2915681376360016E+001                  7.5579999586304292E-001                  2.4280000413695707E-001                  1.4000000000000679E-003                  2.6039062634470809E-008                  1.7559559875958117E-026                  0.0000000000000000E+000                                        0                 -9.8999999999999986E+001                 -9.9000000000000000E+001                 -9.9000000000000000E+001 
                                     528                  1.9865045911828276E+000                  7.7013391718220220E-002                  6.2945816971705604E+000                 -1.5055320771922491E+000                  1.2935480098657889E+001                  7.5579999540377196E-001                  2.4280000459622803E-001                  1.4000000000000679E-003                  2.9438777515182771E-008                  2.6489611217139607E-026                  0.0000000000000000E+000                                        0                 -9.8999999999999986E+001                 -9.9000000000000000E+001                 -9.9000000000000000E+001 
                                     529                  1.9860592408885929E+000                  7.5293164643987123E-002                  6.2991390358099224E+000                 -1.4902527676617821E+000                  1.2955308077269331E+001                  7.5579999489465810E-001                  2.4280000510534194E-001                  1.3999999999999568E-003                  3.3273607229346950E-008                  3.9910240233099398E-026                  0.0000000000000000E+000                                        0                 -9.8999999999999986E+001                 -9.9000000000000000E+001                 -9.9000000000000000E+001 
                                     530                  1.9855996575583306E+000                  7.3558758107995947E-002                  6.3036955571269857E+000                 -1.4749428875559070E+000                  1.2975165650052949E+001                  7.5579999433040346E-001                  2.4280000566959636E-001                  1.4000000000001789E-003                  3.7597724956701448E-008                  6.0050783907554655E-026                  0.0000000000000000E+000                                        0                 -9.8999999999999986E+001                 -9.9000000000000000E+001                 -9.9000000000000000E+001 
                                     531                  1.9851254057354142E+000                  7.1810078082267012E-002                  6.3082506042400865E+000                 -1.4596014343661059E+000                  1.2995053147020700E+001                  7.5579999370515605E-001                  2.4280000629484394E-001                  1.4000000000000679E-003                  4.2471832661331903E-008                  9.0231636009812664E-026                  0.0000000000000000E+000                                        0                 -9.8999999999999986E+001                 -9.9000000000000000E+001                 -9.9000000000000000E+001 
                                     532                  1.9846360374535807E+000                  7.0047033690010599E-002                  6.3128036135286072E+000                 -1.4442275098620880E+000                  1.3014970889629613E+001                  7.5579999301245315E-001                  2.4280000698754689E-001                  1.3999999999999568E-003                  4.7963969232578921E-008                  1.3539059995833117E-025                  0.0000000000000000E+000                                        0                 -9.8999999999999986E+001                 -9.9000000000000000E+001                 -9.9000000000000000E+001 
                                     533                  1.9841310919194772E+000                  6.8269536966597238E-002                  6.3173541266632602E+000                 -1.4288203331079268E+000                  1.3034919190046585E+001                  7.5579999224515737E-001                  2.4280000775484276E-001                  1.3999999999998458E-003                  5.4150396860702741E-008                  2.0285946597692741E-025                  0.0000000000000000E+000                                        0                 -9.8999999999999986E+001                 -9.9000000000000000E+001                 -9.9000000000000000E+001 
                                     534                  1.9836100951920548E+000                  6.6477502559811663E-002                  6.3219017822396806E+000                 -1.4133792326631960E+000                  1.3054898350365086E+001                  7.5579999139538723E-001                  2.4280000860461276E-001                  1.4000000000000679E-003                  6.1116580952201553E-008                  3.0350801460252571E-025                  0.0000000000000000E+000                                        0                 -9.8999999999999986E+001                 -9.9000000000000000E+001                 -9.9000000000000000E+001 
                                     535                  1.9830725598607377E+000                  6.4670847457867817E-002                  6.3264463077373883E+000                 -1.3979036391240134E+000                  1.3074908661825720E+001                  7.5579999045443957E-001                  2.4280000954556047E-001                  1.3999999999999568E-003                  6.8958286031923527E-008                  4.5342697767546040E-025                  0.0000000000000000E+000                                        0                 -9.8999999999999986E+001                 -9.9000000000000000E+001                 -9.9000000000000000E+001 
                                     536                  1.9825179847187235E+000                  6.2849490730983948E-002                  6.3309875119239534E+000                 -1.3823930780120557E+000                  1.3094950404136828E+001                  7.5579998941270510E-001                  2.4280001058729478E-001                  1.4000000000000679E-003                  7.7782801428712341E-008                  6.7640043178091502E-025                  0.0000000000000000E+000                                        0                 -9.8999999999999986E+001                 -9.9000000000000000E+001                 -9.9000000000000000E+001 
                                     537                  1.9819458544303310E+000                  6.1013353282481683E-002                  6.3355252777032547E+000                 -1.3668471630270875E+000                  1.3115023844863037E+001                  7.5579998825957451E-001                  2.4280001174042554E-001                  1.3999999999999568E-003                  8.7710312087636811E-008                  1.0075330283823718E-024                  0.0000000000000000E+000                                        0                 -9.8999999999999986E+001                 -9.9000000000000000E+001                 -9.9000000000000000E+001 
                                     538                  1.9813556391950224E+000                  5.9162357617434998E-002                  6.3400595553954560E+000                 -1.3512655897550212E+000                  1.3135129238823335E+001                  7.5579998698333473E-001                  2.4280001301666532E-001                  1.3999999999999568E-003                  9.8875431632350427E-008                  1.4985645157843394E-024                  0.0000000000000000E+000                                        0                 -9.8999999999999986E+001                 -9.9000000000000000E+001                 -9.9000000000000000E+001 
                                     539                  1.9807467944089689E+000                  5.7296427629862721E-002                  6.3445903564330379E+000                 -1.3356481298428124E+000                  1.3155266827447331E+001                  7.5579998557105499E-001                  2.4280001442894500E-001                  1.4000000000000679E-003                  1.1142891681535320E-007                  2.2256465695078226E-024                  0.0000000000000000E+000                                        0                 -9.8999999999999986E+001                 -9.9000000000000000E+001                 -9.9000000000000000E+001 
                                     540                  1.9801187603272059E+000                  5.5415488415453205E-002                  6.3491177474586875E+000                 -1.3199946256585835E+000                  1.3175436838057587E+001                  7.5579998400846160E-001                  2.4280001599153828E-001                  1.4000000000000679E-003                  1.2553958473598751E-007                  3.3007088039594030E-024                  0.0000000000000000E+000                                        0                 -9.8999999999999986E+001                 -9.9000000000000000E+001                 -9.9000000000000000E+001 
                                     541                  1.9794709617267741E+000                  5.3519466107734441E-002                  6.3536418416229834E+000                 -1.3043049820678865E+000                  1.3195639483179558E+001                  7.5579998227980072E-001                  2.4280001772019932E-001                  1.3999999999999568E-003                  1.4139644959957986E-007                  4.8880495843644867E-024                  0.0000000000000000E+000                                        0                 -9.8999999999999986E+001                 -9.9000000000000000E+001                 -9.9000000000000000E+001 
                                     542                  1.9788028075656801E+000                  5.1608287734189504E-002                  6.3581627674029502E+000                 -1.2885791351288876E+000                  1.3215874959933970E+001                  7.5579998036768403E-001                  2.4280001963231598E-001                  1.3999999999999568E-003                  1.5921105025752049E-007                  7.2285121128995285E-024                  0.0000000000000000E+000                                        0                 -9.8999999999999986E+001                 -9.9000000000000000E+001                 -9.9000000000000000E+001 
                                     543                  1.9781136906397643E+000                  4.9681881202955969E-002                  6.3626806330941985E+000                 -1.2728170163634935E+000                  1.3236143449444768E+001                  7.5579997825292233E-001                  2.4280002174707763E-001                  1.4000000000000679E-003                  1.7921999881898324E-007                  1.0674656980049064E-023                  0.0000000000000000E+000                                        0                 -9.8999999999999986E+001                 -9.9000000000000000E+001                 -9.9000000000000000E+001 
                                     544                  1.9774029872385535E+000                  4.7740175450115156E-002                  6.3671955188516680E+000                 -1.2570185452492773E+000                  1.3256445116182901E+001                  7.5579997591434034E-001                  2.4280002408565970E-001                  1.3999999999999568E-003                  2.0168785321851673E-007                  1.5741874020715060E-023                  0.0000000000000000E+000                                        0                 -9.8999999999999986E+001                 -9.9000000000000000E+001                 -9.9000000000000000E+001 
                                     545                  1.9766700568035291E+000                  4.5783100637348570E-002                  6.3717074802536660E+000                 -1.2411836336830653E+000                  1.3276780107175796E+001                  7.5579997332857352E-001                  2.4280002667142650E-001                  1.3999999999999568E-003                  2.2691033649883495E-007                  2.3182557247866436E-023                  0.0000000000000000E+000                                        0                 -9.8999999999999986E+001                 -9.9000000000000000E+001                 -9.9000000000000000E+001 
                                     546                  1.9759142415917552E+000                  4.3810588352912752E-002                  6.3762165516972722E+000                 -1.2253121903401318E+000                  1.3297148551156537E+001                  7.5579997046984271E-001                  2.4280002953015728E-001                  1.4000000000000679E-003                  2.5521791791014822E-007                  3.4093597024822377E-023                  0.0000000000000000E+000                                        0                 -9.8999999999999986E+001                 -9.9000000000000000E+001                 -9.9000000000000000E+001 
                                     547                  1.9751348663392050E+000                  4.1822571797879626E-002                  6.3807227496084611E+000                 -1.2094041247870717E+000                  1.3317550557746122E+001                  7.5579996730970933E-001                  2.4280003269029071E-001                  1.3999999999999568E-003                  2.8697979563855023E-007                  5.0071940341957668E-023                  0.0000000000000000E+000                                        0                 -9.8999999999999986E+001                 -9.9000000000000000E+001                 -9.9000000000000000E+001 
                                     548                  1.9743312379243287E+000                  3.9818985958085966E-002                  6.3852260754776040E+000                 -1.1934593513535445E+000                  1.3337986216662406E+001                  7.5579996381680203E-001                  2.4280003618319801E-001                  1.3999999999999568E-003                  3.2260832533874771E-007                  7.3439405366055339E-023                  0.0000000000000000E+000                                        0                 -9.8999999999999986E+001                 -9.9000000000000000E+001                 -9.9000000000000000E+001 
                                     549                  1.9735026450327038E+000                  3.7799767762949729E-002                  6.3897265187210088E+000                 -1.1774777928266913E+000                  1.3358455596914739E+001                  7.5579995995651816E-001                  2.4280004004348180E-001                  1.4000000000000679E-003                  3.6256394335497620E-007                  1.0756713748302140E-022                  0.0000000000000000E+000                                        0                 -9.8999999999999986E+001                 -9.9000000000000000E+001                 -9.9000000000000000E+001 
                                     550                  1.9726483578264054E+000                  3.5764856238518966E-002                  6.3942240593664312E+000                 -1.1614593841407790E+000                  1.3378958745939642E+001                  7.5579995569069514E-001                  2.4280004430930491E-001                  1.3999999999999568E-003                  4.0736063863821947E-007                  1.5734323169125142E-022                  0.0000000000000000E+000                                        0                 -9.8999999999999986E+001                 -9.9000000000000000E+001                 -9.9000000000000000E+001 
                                     551                  1.9717676276200775E+000                  3.3714192656264956E-002                  6.3987186705797905E+000                 -1.1454040758503956E+000                  1.3399495688728081E+001                  7.5579995097724717E-001                  2.4280004902275279E-001                  1.4000000000000679E-003                  4.5757203359507527E-007                  2.2984578000317368E-022                  0.0000000000000000E+000                                        0                 -9.8999999999999986E+001                 -9.9000000000000000E+001                 -9.9000000000000000E+001 
                                     552                  1.9708596865599504E+000                  3.1647720666565467E-002                  6.4032103224932095E+000                 -1.1293118388531713E+000                  1.3420066427014751E+001                  7.5579994576976628E-001                  2.4280005423023376E-001                  1.3999999999999568E-003                  5.1383815180989941E-007                  3.3531031616968924E-022                  0.0000000000000000E+000                                        0                 -9.8999999999999986E+001                 -9.9000000000000000E+001                 -9.9000000000000000E+001 
                                     553                  1.9699237473052673E+000                  2.9565386407367982E-002                  6.4076989995888667E+000                 -1.1131826828075875E+000                  1.3440670938551799E+001                  7.5579994001708206E-001                  2.4280005998291795E-001                  1.3999999999999568E-003                  5.7687306232987226E-007                  4.8851908370117347E-022                  0.0000000000000000E+000                                        0                 -9.8999999999999986E+001                 -9.9000000000000000E+001                 -9.9000000000000000E+001 
                                     554                  1.9689590027116075E+000                  2.7467138517903812E-002                  6.4121847223984219E+000                 -1.0970166789690947E+000                  1.3461309176476785E+001                  7.5579993366277776E-001                  2.4280006633722218E-001                  1.4000000000000679E-003                  6.4747349362118054E-007                  7.1079410435706220E-022                  0.0000000000000000E+000                                        0                 -9.8999999999999986E+001                 -9.9000000000000000E+001                 -9.9000000000000000E+001 
                                     555                  1.9679646255176151E+000                  2.5352928032743572E-002                  6.4166675519142249E+000                 -1.0808139652878350E+000                  1.3481981068752534E+001                  7.5579992664465712E-001                  2.4280007335534287E-001                  1.4000000000000679E-003                  7.2652834705340836E-007                  1.0328527454621225E-021                  0.0000000000000000E+000                                        0                 -9.8999999999999986E+001                 -9.9000000000000000E+001                 -9.9000000000000000E+001 
                                     556                  1.9669397680383141E+000                  2.3222708242512859E-002                  6.4211475850658202E+000                 -1.0645747422498333E+000                  1.3502686517691910E+001                  7.5579991889415810E-001                  2.4280008110584186E-001                  1.4000000000000679E-003                  8.1502922086125848E-007                  1.4988942883603347E-021                  0.0000000000000000E+000                                        0                 -9.8999999999999986E+001                 -9.9000000000000000E+001                 -9.9000000000000000E+001 
                                     557                  1.9658835618621853E+000                  2.1076434557861810E-002                  6.4256249504655001E+000                 -1.0482992688127546E+000                  1.3523425399633620E+001                  7.5579991033570593E-001                  2.4280008966429412E-001                  1.3999999999999568E-003                  9.1408212057673923E-007                  2.1724420645301311E-021                  0.0000000000000000E+000                                        0                 -9.8999999999999986E+001                 -9.9000000000000000E+001                 -9.9000000000000000E+001 
                                     558                  1.9647951175486202E+000                  1.8914064369341246E-002                  6.4300998045328761E+000                 -1.0319878584978475E+000                  1.3544197564840035E+001                  7.5579990088600402E-001                  2.4280009911399611E-001                  1.3999999999998458E-003                  1.0249204894552110E-006                  3.1446865574973254E-021                  0.0000000000000000E+000                                        0                 -9.8999999999999986E+001                 -9.9000000000000000E+001                 -9.9000000000000000E+001 
                                     559                  1.9636735243207470E+000                  1.6735556893453424E-002                  6.4345723279745890E+000                 -1.0156408757546285E+000                  1.3565002837550882E+001                  7.5579989045325002E-001                  2.4280010954674994E-001                  1.4000000000000679E-003                  1.1489197057302311E-006                  4.5463878919632828E-021                  0.0000000000000000E+000                                        0                 -9.8999999999999986E+001                 -9.9000000000000000E+001                 -9.9000000000000000E+001 
                                     560                  1.9625178497636522E+000                  1.4540873024602658E-002                  6.4390427225917808E+000                 -9.9925873257929321E-001                  1.3585841016100094E+001                  7.5579987893627654E-001                  2.4280012106372334E-001                  1.4000000000000679E-003                  1.2876132097853803E-006                  6.5648392681795868E-021                  0.0000000000000000E+000                                        0                 -9.8999999999999986E+001                 -9.9000000000000000E+001                 -9.9000000000000000E+001 
                                     561                  1.9613271395270855E+000                  1.2329975189565188E-002                  6.4435112084238702E+000                 -9.8284188533791628E-001                  1.3606711873166036E+001                  7.5579986622360351E-001                  2.4280013377639648E-001                  1.4000000000000679E-003                  1.4427104431510474E-006                  9.4680197383514007E-021                  0.0000000000000000E+000                                        0                 -9.8999999999999986E+001                 -9.9000000000000000E+001                 -9.9000000000000000E+001 
                                     562                  1.9601004170257528E+000                  1.0102827190626169E-002                  6.4479780212460174E+000                 -9.6639083171128737E-001                  1.3627615156265515E+001                  7.5579985219239698E-001                  2.4280014780760298E-001                  1.4000000000000679E-003                  1.6161168022474965E-006                  1.3638950734550522E-020                  0.0000000000000000E+000                                        0                 -9.8999999999999986E+001                 -9.9000000000000000E+001                 -9.9000000000000000E+001 
                                     563                  1.9588366831295307E+000                  7.8593940244977931E-003                  6.4524434107949640E+000                 -9.4990610818561316E-001                  1.3648550588408735E+001                  7.5579983670732653E-001                  2.4280016329267348E-001                  1.3999999999999568E-003                  1.8099558420546681E-006                  1.9624522664752826E-020                  0.0000000000000000E+000                                        0                 -9.8999999999999986E+001                 -9.9000000000000000E+001                 -9.9000000000000000E+001 
                                     564                  1.9575349158576569E+000                  5.5996417016021382E-003                  6.4569076467385136E+000                 -9.3338829543599444E-001                  1.3669517868790356E+001                  7.5579981961931120E-001                  2.4280018038068876E-001                  1.4000000000000679E-003                  2.0265941920703676E-006                  2.8204838945910547E-020                  0.0000000000000000E+000                                        0                 -9.8999999999999986E+001                 -9.9000000000000000E+001                 -9.9000000000000000E+001 
                                     565                  1.9561940700761224E+000                  3.3235370225176970E-003                  6.4613710310243624E+000                 -9.1683803011142884E-001                  1.3690516673598335E+001                  7.5579980076414477E-001                  2.4280019923585519E-001                  1.4000000000000679E-003                  2.2686695953643816E-006                  4.0491642623144797E-020                  0.0000000000000000E+000                                        0                 -9.8999999999999986E+001                 -9.9000000000000000E+001                 -9.9000000000000000E+001 
                                     566                  1.9548130771894916E+000                  1.0310472603694768E-003                  6.4658339024708678E+000                 -9.0025600852078036E-001                  1.3711546657026464E+001                  7.5579977996098724E-001                  2.4280022003901269E-001                  1.4000000000000679E-003                  2.5391220900873497E-006                  5.8067914400668256E-020                  0.0000000000000000E+000                                        0                 -9.8999999999999986E+001                 -9.9000000000000000E+001                 -9.9000000000000000E+001 
                                     567                  1.9533908448245905E+000                 -1.2778602144731960E-003                  6.4702966342860684E+000                 -8.8364298295838672E-001                  1.3732607452404705E+001                  7.5579975701071000E-001                  2.4280024298929001E-001                  1.3999999999999568E-003                  2.8412286074440931E-006                  8.3185721653188154E-020                  0.0000000000000000E+000                                        0                 -9.8999999999999986E+001                 -9.9000000000000000E+001                 -9.9000000000000000E+001 
                                     568                  1.9519262565177062E+000                 -3.6032183090092605E-003                  6.4747596314659042E+000                 -8.6699975779779559E-001                  1.3753698673367657E+001                  7.5579973169408188E-001                  2.4280026830591803E-001                  1.4000000000000679E-003                  3.1786415403469848E-006                  1.1904646445734084E-019                  0.0000000000000000E+000                                        0                 -9.8999999999999986E+001                 -9.9000000000000000E+001                 -9.9000000000000000E+001 
                                     569                  1.9504181714028730E+000                 -5.9450605839993830E-003                  6.4792233283146148E+000                 -8.5032718567037113E-001                  1.3774819915116632E+001                  7.5579970376977756E-001                  2.4280029623022245E-001                  1.3999999999999568E-003                  3.5554317487270472E-006                  1.7019761248155281E-019                  0.0000000000000000E+000                                        0                 -9.8999999999999986E+001                 -9.9000000000000000E+001                 -9.9000000000000000E+001 
                                     570                  1.9488654238954009E+000                 -8.3034216410466238E-003                  6.4836881860713893E+000                 -8.3362616365939579E-001                  1.3795970755791654E+001                  7.5579967297219286E-001                  2.4280032702780713E-001                  1.4000000000000679E-003                  3.9761365155512867E-006                  2.4309406528616927E-019                  0.0000000000000000E+000                                        0                 -9.8999999999999986E+001                 -9.9000000000000000E+001                 -9.9000000000000000E+001 
                                     571                  1.9472668233723041E+000                 -1.0678337516232249E-002                  6.4881546906135874E+000                 -8.1689762956817924E-001                  1.3817150757899194E+001                  7.5579963900904967E-001                  2.4280036099095012E-001                  1.4000000000001789E-003                  4.4458130252472608E-006                  3.4689206953591776E-019                  0.0000000000000000E+000                                        0                 -9.8999999999999986E+001                 -9.9000000000000000E+001                 -9.9000000000000000E+001 
                                     572                  1.9456211538538619E+000                 -1.3069846073323258E-002                  6.4926233502122503E+000                 -8.0014255812196777E-001                  1.3838359469759373E+001                  7.5579960155876802E-001                  2.4280039844123216E-001                  1.3999999999998458E-003                  4.9700980038028836E-006                  4.9457155059599059E-019                  0.0000000000000000E+000                                        0                 -9.8999999999999986E+001                 -9.9000000000000000E+001                 -9.9000000000000000E+001 
                                     573                  1.9439271736865997E+000                 -1.5477987395184934E-002                  6.4970946933290534E+000                 -7.8336195718462709E-001                  1.3859596426992821E+001                  7.5579956026758288E-001                  2.4280043973241711E-001                  1.4000000000000679E-003                  5.5552742323171508E-006                  7.0452209039173952E-019                  0.0000000000000000E+000                                        0                 -9.8999999999999986E+001                 -9.9000000000000000E+001                 -9.9000000000000000E+001 
                                     574                  1.9421836152236922E+000                 -1.7902804178599331E-002                  6.5015692661484303E+000                 -7.6655686366762599E-001                  1.3880861154077518E+001                  7.5579951474638729E-001                  2.4280048525361272E-001                  1.3999999999999568E-003                  6.2083447031752634E-006                  1.0027832784420256E-018                  0.0000000000000000E+000                                        0                 -9.8999999999999986E+001                 -9.9000000000000000E+001                 -9.9000000000000000E+001 
                                     575                  1.9403891845006309E+000                 -2.0344342132538561E-002                  6.5060476144078230E+000                 -7.4972832341072337E-001                  1.3902153165948425E+001                  7.5579946456726155E-001                  2.4280053543273847E-001                  1.3999999999999568E-003                  6.9371138195663426E-006                  1.4262069163397680E-018                  0.0000000000000000E+000                                        0                 -9.8999999999999986E+001                 -9.9000000000000000E+001                 -9.9000000000000000E+001 
                                     576                  1.9385425609107234E+000                 -2.2802650280627685E-002                  6.5105302434414041E+000                 -7.3287734885889144E-001                  1.3923471969579129E+001                  7.5579940925966849E-001                  2.4280059074033167E-001                  1.3999999999998458E-003                  7.7502748030726775E-006                  2.0269151541175810E-018                  0.0000000000000000E+000                                        0                 -9.8999999999999986E+001                 -9.9000000000000000E+001                 -9.9000000000000000E+001 
                                     577                  1.9366423968818556E+000                 -2.5277781032151211E-002                  6.5150175957953351E+000                 -7.1600489463307215E-001                  1.3944817065557450E+001                  7.5579934830627482E-001                  2.4280065169372525E-001                  1.3999999999999568E-003                  8.6575068277377682E-006                  2.8785828513831365E-018                  0.0000000000000000E+000                                        0                 -9.8999999999999986E+001                 -9.9000000000000000E+001                 -9.9000000000000000E+001 
                                     578                  1.9346873175424444E+000                 -2.7769790126924741E-002                  6.5195100552581513E+000                 -6.9911186007183401E-001                  1.3966187949674108E+001                  7.5579928113836659E-001                  2.4280071886163332E-001                  1.4000000000000679E-003                  9.6695847638176126E-006                  4.0852882482808380E-018                  0.0000000000000000E+000                                        0                 -9.8999999999999986E+001                 -9.9000000000000000E+001                 -9.9000000000000000E+001 
                                     579                  1.9326759203783139E+000                 -3.0278736599145518E-002                  6.5240079527653618E+000                 -6.8219909373358711E-001                  1.3987584114463356E+001                  7.5579920713081539E-001                  2.4280079286918463E-001                  1.3999999999999568E-003                  1.0798501134850738E-005                  5.7939731403454820E-018                  0.0000000000000000E+000                                        0                 -9.8999999999999986E+001                 -9.9000000000000000E+001                 -9.9000000000000000E+001 
                                     580                  1.9306067748875009E+000                 -3.2804682762413988E-002                  6.5285115721029463E+000                 -6.6526739772381838E-001                  1.4009005050719152E+001                  7.5579912559655804E-001                  2.4280087440344197E-001                  1.3999999999999568E-003                  1.2057601441271711E-005                  8.2119739310566410E-018                  0.0000000000000000E+000                                        0                 -9.8999999999999986E+001                 -9.9000000000000000E+001                 -9.9000000000000000E+001 
                                     581                  1.9284784222204145E+000                 -3.5347694231146184E-002                  6.5330211554660185E+000                 -6.4831753179031326E-001                  1.4030450249082172E+001                  7.5579903578054308E-001                  2.4280096421945699E-001                  1.3999999999999568E-003                  1.3461734320722703E-005                  1.1631672556564820E-017                  0.0000000000000000E+000                                        0                 -9.8999999999999986E+001                 -9.9000000000000000E+001                 -9.9000000000000000E+001 
                                     582                  1.9262893747970757E+000                 -3.7907839986185535E-002                  6.5375369088779198E+000                 -6.3135021721789808E-001                  1.4051919201682592E+001                  7.5579893685309230E-001                  2.4280106314690758E-001                  1.4000000000000679E-003                  1.5027418173205455E-005                  1.6465138293033480E-017                  0.0000000000000000E+000                                        0                 -9.8999999999999986E+001                 -9.9000000000000000E+001                 -9.9000000000000000E+001 
                                     583                  1.9240381159078344E+000                 -4.0485192474567583E-002                  6.5420590075417557E+000                 -6.1436614062018702E-001                  1.4073411403807315E+001                  7.5579882790262476E-001                  2.4280117209737509E-001                  1.4000000000001789E-003                  1.6773026078054575E-005                  2.3292781082035924E-017                  0.0000000000000000E+000                                        0                 -9.8999999999999986E+001                 -9.9000000000000000E+001                 -9.9000000000000000E+001 
                                     584                  1.9217230992929033E+000                 -4.3079827747599955E-002                  6.5465876011977393E+000                 -5.9736595761554689E-001                  1.4094926355664994E+001                  7.5579870792767923E-001                  2.4280129207232079E-001                  1.3999999999999568E-003                  1.8718991054181933E-005                  3.2931644045209685E-017                  0.0000000000000000E+000                                        0                 -9.8999999999999986E+001                 -9.9000000000000000E+001                 -9.9000000000000000E+001 
                                     585                  1.9193427486850514E+000                 -4.5691825653078257E-002                  6.5511228194872242E+000                 -5.8035029639770985E-001                  1.4116463564294373E+001                  7.5579857582817311E-001                  2.4280142417182685E-001                  1.4000000000000679E-003                  2.0888033946130599E-005                  4.6531208213043286E-017                  0.0000000000000000E+000                                        0                 -9.8999999999999986E+001                 -9.9000000000000000E+001                 -9.9000000000000000E+001 
                                     586                  1.9168954573138919E+000                 -4.8321270080227935E-002                  6.5556647838447564E+000                 -5.6331976786661564E-001                  1.4138022545588266E+001                  7.5579843039581818E-001                  2.4280156960418162E-001                  1.4000000000001789E-003                  2.3305418471358536E-005                  6.5707746190681800E-017                  0.0000000000000000E+000                                        0                 -9.8999999999999986E+001                 -9.9000000000000000E+001                 -9.9000000000000000E+001 
                                     587                  1.9143795873702323E+000                 -5.0968249297078709E-002                  6.5602136306705816E+000                 -5.4627498709283928E-001                  1.4159602826426152E+001                  7.5579827030362590E-001                  2.4280172969637404E-001                  1.4000000000000679E-003                  2.5999239433288971E-005                  9.2732719362209627E-017                  0.0000000000000000E+000                                        0                 -9.8999999999999986E+001                 -9.9000000000000000E+001                 -9.9000000000000000E+001 
                                     588                  1.9117934694267915E+000                 -5.3632856454658262E-002                  6.5647695254233405E+000                 -5.2921658534532068E-001                  1.4181203946959899E+001                  7.5579809409440990E-001                  2.4280190590558989E-001                  1.4000000000001789E-003                  2.9000743135901997E-005                  1.3079683371075435E-016                  0.0000000000000000E+000                                        0                 -9.8999999999999986E+001                 -9.9000000000000000E+001                 -9.9000000000000000E+001 
                                     589                  1.9091354018046205E+000                 -5.6315190214704533E-002                  6.5693326607737470E+000                 -5.1214520562265531E-001                  1.4202825463134108E+001                  7.5579790016820014E-001                  2.4280209983179968E-001                  1.4000000000001789E-003                  3.2344679753640556E-005                  1.8437991496953307E-016                  0.0000000000000000E+000                                        0                 -9.8999999999999986E+001                 -9.9000000000000000E+001                 -9.9000000000000000E+001 
                                     590                  1.9064036498678230E+000                 -5.9015355415431119E-002                  6.5739032531042305E+000                 -4.9506149648042086E-001                  1.4224466949347288E+001                  7.5579768676845982E-001                  2.4280231323153975E-001                  1.4000000000004009E-003                  3.6069694405376980E-005                  2.5976884656619723E-016                  0.0000000000000000E+000                                        0                 -9.8999999999999986E+001                 -9.9000000000000000E+001                 -9.9000000000000000E+001 
                                     591                  1.9035964452725853E+000                 -6.1733463732833914E-002                  6.5784815391145690E+000                 -4.7796610590926686E-001                  1.4246128001096960E+001                  7.5579745196699843E-001                  2.4280254803300108E-001                  1.4000000000005119E-003                  4.0218761691223346E-005                  3.6578258588582372E-016                  0.0000000000000000E+000                                        0                 -9.8999999999999986E+001                 -9.9000000000000000E+001                 -9.9000000000000000E+001 
                                     592                  1.9007119851723711E+000                 -6.4469634332102885E-002                  6.5830677725705682E+000                 -4.6085967524746174E-001                  1.4267808237721335E+001                  7.5579719364744780E-001                  2.4280280635255178E-001                  1.4000000000004009E-003                  4.4839668515370037E-005                  5.1478669975815954E-016                  0.0000000000000000E+000                                        0                 -9.8999999999999986E+001                 -9.9000000000000000E+001                 -9.9000000000000000E+001 
                                     593                  1.8977484313392297E+000                 -6.7223994543539500E-002                  6.5876622212145639E+000                 -4.4374283306962448E-001                  1.4289507305273084E+001                  7.5579690948716116E-001                  2.4280309051283808E-001                  1.4000000000007340E-003                  4.9985550556864424E-005                  7.2411256142800161E-016                  0.0000000000000000E+000                                        0                 -9.8999999999999986E+001                 -9.9000000000000000E+001                 -9.9000000000000000E+001 
                                     594                  1.8947039092189739E+000                 -6.9996680539449005E-002                  6.5922651637759770E+000                 -4.2661618949986396E-001                  1.4311224879182392E+001                  7.5579659693738854E-001                  2.4280340306261047E-001                  1.4000000000009560E-003                  5.5715488225137528E-005                  1.0180419713250918E-015                  0.0000000000000000E+000                                        0                 -9.8999999999999986E+001                 -9.9000000000000000E+001                 -9.9000000000000000E+001 
                                     595                  1.8915765069859376E+000                 -7.2787837950760048E-002                  6.5968768870742656E+000                 -4.0948033092619740E-001                  1.4332960666617229E+001                  7.5579625320155841E-001                  2.4280374679844022E-001                  1.4000000000014001E-003                  6.2095168618160851E-005                  1.4305815988076951E-015                  0.0000000000000000E+000                                        0                 -9.8999999999999986E+001                 -9.9000000000000000E+001                 -9.9000000000000000E+001 
                                     596                  1.8883642745587748E+000                 -7.5597622461544625E-002                  6.6014976832498053E+000                 -3.9233581482077901E-001                  1.4354714408826876E+001                  7.5579587521148373E-001                  2.4280412478851418E-001                  1.4000000000020663E-003                  6.9197620785668064E-005                  2.0093403933140764E-015                  0.0000000000000000E+000                                        0                 -9.8999999999999986E+001                 -9.9000000000000000E+001                 -9.9000000000000000E+001 
                                     597                  1.8850652225358941E+000                 -7.8426200416122943E-002                  6.6061278451603105E+000                 -3.7518316288876913E-001                  1.4376485883261225E+001                  7.5579545960129857E-001                  2.4280454039869878E-001                  1.4000000000026214E-003                  7.7104030436756169E-005                  2.8209464927366958E-015                  0.0000000000000000E+000                                        0                 -9.8999999999999986E+001                 -9.9000000000000000E+001                 -9.9000000000000000E+001 
                                     598                  1.8816773211499600E+000                 -8.1273749338099888E-002                  6.6107676602373413E+000                 -3.5802285321943483E-001                  1.4398274905114176E+001                  7.5579500267890398E-001                  2.4280499732109234E-001                  1.4000000000036206E-003                  8.5904641800399091E-005                  3.9586120877786429E-015                  0.0000000000000000E+000                                        0                 -9.8999999999999986E+001                 -9.9000000000000000E+001                 -9.9000000000000000E+001 
                                     599                  1.8781984992557113E+000                 -8.4140458345416363E-002                  6.6154174091211218E+000                 -3.4085531782148332E-001                  1.4420081328440352E+001                  7.5579450039468787E-001                  2.4280549960530720E-001                  1.4000000000049528E-003                  9.5699762059444024E-005                  5.5526956664970999E-015                  0.0000000000000000E+000                                        0                 -9.8999999999999986E+001                 -9.9000000000000000E+001                 -9.9000000000000000E+001 
                                     600                  1.8746266433098664E+000                 -8.7026528534291894E-002                  6.6200773690415211E+000                 -3.2368094518883517E-001                  1.4441905047035034E+001                  7.5579394830722657E-001                  2.4280605169276676E-001                  1.4000000000067292E-003                  1.0660088236394335E-004                  7.7854465747339497E-015                  0.0000000000000000E+000                                        0                 -9.8999999999999986E+001                 -9.9000000000000000E+001                 -9.9000000000000000E+001 
                                     601                  1.8709595963391004E+000                 -8.9932173370581264E-002                  6.6247478172917473E+000                 -3.0650008336640805E-001                  1.4463745994913033E+001                  7.5579334154568667E-001                  2.4280665845430430E-001                  1.4000000000090607E-003                  1.1873192528938846E-004                  1.0911583151592734E-014                  0.0000000000000000E+000                                        0                 -9.8999999999999986E+001                 -9.9000000000000000E+001                 -9.9000000000000000E+001 
                                     602                  1.8671951569683523E+000                 -9.2857619038356390E-002                  6.6294290343829960E+000                 -2.8931304316460149E-001                  1.4485604146250804E+001                  7.5579267476860723E-001                  2.4280732523138085E-001                  1.4000000000119472E-003                  1.3223063281866558E-004                  1.5287006815968854E-014                  0.0000000000000000E+000                                        0                 -9.8999999999999986E+001                 -9.9000000000000000E+001                 -9.9000000000000000E+001 
                                     603                  1.8633310785067547E+000                 -9.5803104757419918E-002                  6.6341213069108260E+000                 -2.7212010154664101E-001                  1.4507479514903403E+001                  7.5579194211871670E-001                  2.4280805788126736E-001                  1.4000000000159440E-003                  1.4725011096757725E-004                  2.1408861572482102E-014                  0.0000000000000000E+000                                        0                 -9.8999999999999986E+001                 -9.9000000000000000E+001                 -9.9000000000000000E+001 
                                     604                  1.8593650680867455E+000                 -9.8768883082365852E-002                  6.6388249301745192E+000                 -2.5492150504596045E-001                  1.4529372153656954E+001                  7.5579113717341651E-001                  2.4280886282656208E-001                  1.4000000000213841E-003                  1.6396054918304750E-004                  2.9971414709853092E-014                  0.0000000000000000E+000                                        0                 -9.8999999999999986E+001                 -9.9000000000000000E+001                 -9.9000000000000000E+001 
                                     605                  1.8552947858304507E+000                 -1.0175522021003779E-001                  6.6435402105734278E+000                 -2.3771747315453040E-001                  1.4551282153298565E+001                  7.5579025289051960E-001                  2.4280974710945144E-001                  1.4000000000289337E-003                  1.8255113474433571E-004                  4.1943997537748249E-014                  0.0000000000000000E+000                                        0                 -9.8999999999999986E+001                 -9.9000000000000000E+001                 -9.9000000000000000E+001 
                                     606                  1.8511178440601910E+000                 -1.0476239628833280E-001                  6.6482674677694735E+000                 -2.2050820170615890E-001                  1.4573209641421640E+001                  7.5578928154879732E-001                  2.4281071845116425E-001                  1.4000000000384816E-003                  2.0323218470039018E-004                  5.8679704720968000E-014                  0.0000000000000000E+000                                        0                 -9.8999999999999986E+001                 -9.9000000000000000E+001                 -9.9000000000000000E+001 
                                     607                  1.8468318065869860E+000                 -1.0779070570848075E-001                  6.6530070361869873E+000                 -2.0329386589970150E-001                  1.4595154780875822E+001                  7.5578821468284596E-001                  2.4281178531710265E-001                  1.4000000000513602E-003                  2.2623751938896961E-004                  8.2066983192452682E-014                  0.0000000000000000E+000                                        0                 -9.8999999999999986E+001                 -9.9000000000000000E+001                 -9.9000000000000000E+001 
                                     608                  1.8424341881050588E+000                 -1.1084045736707877E-001                  6.6577592605782003E+000                 -1.8607461748143181E-001                  1.4617117768049855E+001                  7.5578704301173594E-001                  2.4281295698819536E-001                  1.4000000000686796E-003                  2.5182708922797141E-004                  1.1474098141230215E-013                  0.0000000000000000E+000                                        0                 -9.8999999999999986E+001                 -9.9000000000000000E+001                 -9.9000000000000000E+001 
                                     609                  1.8379224536199363E+000                 -1.1391197491549761E-001                  6.6625244869844060E+000                 -1.6885057719242647E-001                  1.4639098831241004E+001                  7.5578575636083023E-001                  2.4281424363907805E-001                  1.4000000000917723E-003                  2.8028987784888047E-004                  1.6037816282465990E-013                  0.0000000000000000E+000                                        0                 -9.8999999999999986E+001                 -9.9000000000000000E+001                 -9.9000000000000000E+001 
                                     610                  1.8332940178964967E+000                 -1.1700559697386326E-001                  6.6673030583852526E+000                 -1.5162183201117035E-001                  1.4661098228991060E+001                  7.5578434357613899E-001                  2.4281565642373834E-001                  1.4000000001226365E-003                  3.1194713532343109E-004                  2.2410696293909485E-013                  0.0000000000000000E+000                                        0                 -9.8999999999999986E+001                 -9.9000000000000000E+001                 -9.9000000000000000E+001 
                                     611                  1.8285462449932437E+000                 -1.2012167729924969E-001                  6.6720953142276960E+000                 -1.3438843657595012E-001                  1.4683116248155383E+001                  7.5578279243057611E-001                  2.4281720756926026E-001                  1.4000000001636037E-003                  3.4715598192445449E-004                  3.1308019002893708E-013                  0.0000000000000000E+000                                        0                 -9.8999999999999986E+001                 -9.9000000000000000E+001                 -9.9000000000000000E+001 
                                     612                  1.8236764479304528E+000                 -1.2326058491218470E-001                  6.6769015900404103E+000                 -1.1715041482858761E-001                  1.4705153201817760E+001                  7.5578108952139511E-001                  2.4281891047838658E-001                  1.4000000002183377E-003                  3.8631341463162358E-004                  4.3727276544383830E-013                  0.0000000000000000E+000                                        0                 -9.8999999999999986E+001                 -9.9000000000000000E+001                 -9.9000000000000000E+001 
                                     613                  1.8186818884236287E+000                 -1.2642270423575380E-001                  6.6817222171178159E+000                 -9.9907761604898310E-002                  1.4727209427377669E+001                  7.5577922015798338E-001                  2.4282077984172537E-001                  1.4000000002912794E-003                  4.2986076166254793E-004                  6.1059346328000961E-013                  0.0000000000000000E+000                                        0                 -9.8999999999999986E+001                 -9.9000000000000000E+001                 -9.9000000000000000E+001 
                                     614                  1.8135597766248137E+000                 -1.2960843528770022E-001                  6.6865575222634295E+000                 -8.2660444128296109E-002                  1.4749285284771597E+001                  7.5577716823913232E-001                  2.4282283176047934E-001                  1.4000000003883128E-003                  4.7828863517698273E-004                  8.5243411817749205E-013                  0.0000000000000000E+000                                        0                 -9.8999999999999986E+001                 -9.9000000000000000E+001                 -9.9000000000000000E+001 
                                     615                  1.8083072709503767E+000                 -1.3281819387773910E-001                  6.6914078275346087E+000                 -6.5408403642580673E-002                  1.4771381154567315E+001                  7.5577491611880165E-001                  2.4282508388068041E-001                  1.4000000005178759E-003                  5.3214243733442149E-004                  1.1898283171995730E-012                  0.0000000000000000E+000                                        0                 -9.8999999999999986E+001                 -9.9000000000000000E+001                 -9.9000000000000000E+001 
                                     616                  1.8029214780476372E+000                 -1.3605241178498562E-001                  6.6962734499800591E+000                 -4.8151557154531600E-002                  1.4793497435895583E+001                  7.5577244445928937E-001                  2.4282755554002072E-001                  1.4000000006899604E-003                  5.9202848135537773E-004                  1.6604592268937659E-012                  0.0000000000000000E+000                                        0                 -9.8999999999999986E+001                 -9.9000000000000000E+001                 -9.9000000000000000E+001 
                                     617                  1.7973994528906283E+000                 -1.3931153693016837E-001                  6.7011547014375950E+000                 -3.0889799161613368E-002                  1.4815634544495781E+001                  7.5576973207057763E-001                  2.4283026792850321E-001                  1.4000000009191105E-003                  6.5862079680315726E-004                  2.3168503255542304E-012                  0.0000000000000000E+000                                        0                 -9.8999999999999986E+001                 -9.9000000000000000E+001                 -9.9000000000000000E+001 
                                     618                  1.7917381989026531E+000                 -1.4259603360977177E-001                  6.7060518895506691E+000                 -1.3623004354930555E-002                  1.4837792910979722E+001                  7.5576675573458119E-001                  2.4283324426419439E-001                  1.4000000012244218E-003                  7.3266870558213071E-004                  3.2322042425178734E-012                  0.0000000000000000E+000                                        0                 -9.8999999999999986E+001                 -9.9000000000000000E+001                 -9.9000000000000000E+001 
                                     619                  1.7859346681641894E+000                 -1.4590638276810519E-001                  6.7109653214793195E+000                  3.6489669303603964E-003                  1.4859972979119767E+001                  7.5576349001290100E-001                  2.4283650998546882E-001                  1.4000000016302083E-003                  8.1500527423434979E-004                  4.5085383705508955E-012                  0.0000000000000000E+000                                        0                 -9.8999999999999986E+001                 -9.9000000000000000E+001                 -9.9000000000000000E+001 
                                     620                  1.7799857617522592E+000                 -1.4924308230807323E-001                  6.7158953073695482E+000                  2.0926263416479959E-002                  1.4882175204017381E+001                  7.5575990703661589E-001                  2.4284009296121428E-001                  1.4000000021698877E-003                  9.0655672802007563E-004                  6.2880209321753223E-012                  0.0000000000000000E+000                                        0                 -9.8999999999999986E+001                 -9.9000000000000000E+001                 -9.9000000000000000E+001 
                                     621                  1.7738883302643362E+000                 -1.5260664741899735E-001                  6.7208421616932803E+000                  3.8209039751097934E-002                  1.4904400050288459E+001                  7.5575597627644098E-001                  2.4284402372067154E-001                  1.4000000028875359E-003                  1.0083529181563306E-003                  8.7687664972870023E-012                  0.0000000000000000E+000                                        0                 -9.8999999999999986E+001                 -9.9000000000000000E+001                 -9.9000000000000000E+001 
                                     622                  1.7676391744300317E+000                 -1.5599761096869741E-001                  6.7258062042827085E+000                  5.5497453976518070E-002                  1.4926647990469709E+001                  7.5575166429133889E-001                  2.4284833570481948E-001                  1.4000000038416616E-003                  1.1215389757827283E-003                  1.2226846518903500E-011                  0.0000000000000000E+000                                        0                 -9.8999999999999986E+001                 -9.9000000000000000E+001                 -9.9000000000000000E+001 
                                     623                  1.7612350458139687E+000                 -1.5941652395912823E-001                  6.7307877613222917E+000                  7.2791665177996179E-002                  1.4948919503593318E+001                  7.5574693445343344E-001                  2.4285306554145708E-001                  1.4000000051095363E-003                  1.2473882925556512E-003                  1.7046962341338813E-011                  0.0000000000000000E+000                                        0                 -9.8999999999999986E+001                 -9.9000000000000000E+001                 -9.9000000000000000E+001 
                                     624                  1.7546726476425236E+000                 -1.6286395603259582E-001                  6.7357871662644735E+000                  9.0091831206991047E-002                  1.4971215073766160E+001                  7.5574174664696336E-001                  2.4285825334624314E-001                  1.4000000067935225E-003                  1.3873169826705298E-003                  2.3765193286103569E-011                  0.0000000000000000E+000                                        0                 -9.8999999999999986E+001                 -9.9000000000000000E+001                 -9.9000000000000000E+001 
                                     625                  1.7479486358307150E+000                 -1.6634049599530834E-001                  6.7408047606645001E+000                  1.0739810950106730E-001                  1.4993535188730689E+001                  7.5573604743725209E-001                  2.4286395255370088E-001                  1.4000000090470532E-003                  1.5428999753626779E-003                  3.3128578931606891E-011                  0.0000000000000000E+000                                        0                 -9.8999999999999986E+001                 -9.9000000000000000E+001                 -9.9000000000000000E+001 
                                     626                  1.7410596201717963E+000                 -1.6984675236218910E-001                  6.7445722684683735E+000                  1.2043265617616197E-001                  1.5010334305512123E+001                  7.5573143284677502E-001                  2.4286856714205102E-001                  1.4000000111740185E-003                  1.6709319650154522E-003                  4.2485253780468088E-011                  0.0000000000000000E+000                                        0                 -9.8999999999999986E+001                 -9.9000000000000000E+001                 -9.9000000000000000E+001 
                                     627                  1.7375308929054845E+000                 -1.7162175838195001E-001                  6.7470949874626553E+000                  1.2909071257349503E-001                  1.5021513378918526E+001                  7.5572816669178278E-001                  2.4287183329533626E-001                  1.4000000128809864E-003                  1.7621063130026562E-003                  5.0158986909478034E-011                  0.0000000000000000E+000                                        0                 -9.8999999999999986E+001                 -9.9000000000000000E+001                 -9.9000000000000000E+001 
                                     628                  1.7340021656391726E+000                 -1.7338311118057956E-001                  6.7508960862599787E+000                  1.4202897471677620E-001                  1.5038250576750187E+001                  7.5572297472379102E-001                  2.4287702526026320E-001                  1.4000000159457571E-003                  1.9082342478072001E-003                  6.4365331887542547E-011                  0.0000000000000000E+000                                        0                 -9.8999999999999986E+001                 -9.9000000000000000E+001                 -9.9000000000000000E+001 
                                     629                  1.7267727938071629E+000                 -1.7695070721987291E-001                  6.7559703666962294E+000                  1.5935444001671567E-001                  1.5060647244242674E+001                  7.5571547194093613E-001                  2.4288452803788252E-001                  1.4000000211813468E-003                  2.1221002478907700E-003                  8.9711265336656389E-011                  0.0000000000000000E+000                                        0                 -9.8999999999999986E+001                 -9.9000000000000000E+001                 -9.9000000000000000E+001 
                                     630                  1.7193679844469285E+000                 -1.8054997053679978E-001                  6.7597813434751677E+000                  1.7240481830354695E-001                  1.5077506146009247E+001                  7.5570937504038049E-001                  2.4289062493342467E-001                  1.4000000261948919E-003                  2.2981154536075815E-003                  1.1504102803214023E-010                  0.0000000000000000E+000                                        0                 -9.8999999999999986E+001                 -9.9000000000000000E+001                 -9.9000000000000000E+001 
                                     631                  1.7155760808888052E+000                 -1.8237238637033287E-001                  6.7636340839380580E+000                  1.8540636949495856E-001                  1.5094358633560617E+001                  7.5570279479449887E-001                  2.4289720517299504E-001                  1.4000000325060658E-003                  2.4893923697575067E-003                  1.4775855743412184E-010                  0.0000000000000000E+000                                        0                 -9.8999999999999986E+001                 -9.9000000000000000E+001                 -9.9000000000000000E+001 
                                     632                  1.7079009757541710E+000                 -1.8602051524561886E-001                  6.7687581624248745E+000                  2.0274856252427920E-001                  1.5116822296972401E+001                  7.5569334556301593E-001                  2.4290665439382716E-001                  1.4000000431568793E-003                  2.7683054984776021E-003                  2.0593428922551003E-010                  0.0000000000000000E+000                                        0                 -9.8999999999999986E+001                 -9.9000000000000000E+001                 -9.9000000000000000E+001 
                                     633                  1.7000414574429146E+000                 -1.8970209254464832E-001                  6.7725919972025554E+000                  2.1576175409115969E-001                  1.5133667210735370E+001                  7.5568572358252017E-001                  2.4291427636428434E-001                  1.4000000531955159E-003                  2.9969440710753172E-003                  2.6382079800853809E-010                  0.0000000000000000E+000                                        0                 -9.8999999999999986E+001                 -9.9000000000000000E+001                 -9.9000000000000000E+001 
                                     634                  1.6960651407081688E+000                 -1.9154456335872175E-001                  6.7751697173979588E+000                  2.2443786159318646E-001                  1.5144919853488473E+001                  7.5568030564444055E-001                  2.4291969429427654E-001                  1.4000000612829355E-003                  3.1603751111652025E-003                  3.1146202797568718E-010                  0.0000000000000000E+000                                        0                 -9.8999999999999986E+001                 -9.9000000000000000E+001                 -9.9000000000000000E+001 
                                     635                  1.6919938747624044E+000                 -1.9341759957004265E-001                  6.7777524899739028E+000                  2.3311630259194982E-001                  1.5156179910499016E+001                  7.5567463345891195E-001                  2.4292536647049234E-001                  1.4000000705957083E-003                  3.3327141194772732E-003                  3.6770442544092485E-010                  0.0000000000000000E+000                                        0                 -9.8999999999999986E+001                 -9.9000000000000000E+001                 -9.9000000000000000E+001 
                                     636                  1.6879226088166399E+000                 -1.9527740295879112E-001                  6.7816442062000482E+000                  2.4608301935580421E-001                  1.5173036941026689E+001                  7.5566562066166154E-001                  2.4293437925103284E-001                  1.4000000873055640E-003                  3.6089018900004157E-003                  4.7181514976429109E-010                  0.0000000000000000E+000                                        0                 -9.8999999999999986E+001                 -9.9000000000000000E+001                 -9.9000000000000000E+001 
                                     637                  1.6795864789639896E+000                 -1.9904590274745312E-001                  6.7868418990832966E+000                  2.6345049488107375E-001                  1.5195599954411243E+001                  7.5565259981262956E-001                  2.4294740007154797E-001                  1.4000001158225306E-003                  4.0132611137709872E-003                  6.5762628118851824E-010                  0.0000000000000000E+000                                        0                 -9.8999999999999986E+001                 -9.9000000000000000E+001                 -9.9000000000000000E+001 
                                     638                  1.6710530227291109E+000                 -2.0285060859476037E-001                  6.7907474009012310E+000                  2.7653547676715484E-001                  1.5212588601449873E+001                  7.5564202151766957E-001                  2.4295797833922048E-001                  1.4000001431099252E-003                  4.3461934238596513E-003                  8.4339962701946560E-010                  0.0000000000000000E+000                                        0                 -9.8999999999999986E+001                 -9.9000000000000000E+001                 -9.9000000000000000E+001 
                                     639                  1.6666857540824747E+000                 -2.0477781489518124E-001                  6.7946948939656160E+000                  2.8956575364640169E-001                  1.5229565084990858E+001                  7.5563060550154215E-001                  2.4296939432101380E-001                  1.4000001774440163E-003                  4.7079070092153662E-003                  1.0832998290833611E-009                  0.0000000000000000E+000                                        0                 -9.8999999999999986E+001                 -9.9000000000000000E+001                 -9.9000000000000000E+001 
                                     640                  1.6578487871381022E+000                 -2.0863849141316007E-001                  6.7986102903862369E+000                  3.0260997386925381E-001                  1.5246522923763866E+001                  7.5561855564252844E-001                  2.4298144413891398E-001                  1.4000002185575733E-003                  5.0970541817809056E-003                  1.3880807838781457E-009                  0.0000000000000000E+000                                        0                 -9.8999999999999986E+001                 -9.9000000000000000E+001                 -9.9000000000000000E+001 
                                     641                  1.6533790888403654E+000                 -2.1057177137729019E-001                  6.8025678998474639E+000                  3.1559765718765398E-001                  1.5263466944939189E+001                  7.5560551321468972E-001                  2.4299448651458769E-001                  1.4000002707226233E-003                  5.5197477584098750E-003                  1.7813083669199503E-009                  0.0000000000000000E+000                                        0                 -9.8999999999999986E+001                 -9.9000000000000000E+001                 -9.9000000000000000E+001 
                                     642                  1.6442310340476551E+000                 -2.1449032078736963E-001                  6.8065243698843432E+000                  3.2870158368723640E-001                  1.5280525543557559E+001                  7.5559164385666955E-001                  2.4300835580967056E-001                  1.4000003336598343E-003                  5.9781660059332904E-003                  2.2848825817975524E-009                  0.0000000000000000E+000                                        0                 -9.8999999999999986E+001                 -9.9000000000000000E+001                 -9.9000000000000000E+001 
                                     643                  1.6395507693125393E+000                 -2.1647563252286162E-001                  6.8091738201653618E+000                  3.3740300382339616E-001                  1.5291875363826867E+001                  7.5558182404812613E-001                  2.4301817556771244E-001                  1.4000003841614372E-003                  6.3046837564356122E-003                  2.6979100451072737E-009                  0.0000000000000000E+000                                        0                 -9.8999999999999986E+001                 -9.9000000000000000E+001                 -9.9000000000000000E+001 
                                     644                  1.6348705045774237E+000                 -2.1844834764151908E-001                  6.8118293157941565E+000                  3.4610584433190289E-001                  1.5303232632595327E+001                  7.5557154679938432E-001                  2.4302845275832172E-001                  1.4000004422939361E-003                  6.6491739173118970E-003                  3.1856946708903300E-009                  0.0000000000000000E+000                                        0                 -9.8999999999999986E+001                 -9.9000000000000000E+001                 -9.9000000000000000E+001 
                                     645                  1.6300820870123818E+000                 -2.2045397632043429E-001                  6.8144905532545605E+000                  3.5481133560414319E-001                  1.5314598263085388E+001                  7.5556079200217441E-001                  2.4303920748862479E-001                  1.4000005092007495E-003                  7.0126493842203059E-003                  3.7617281475886083E-009                  0.0000000000000000E+000                                        0                 -9.8999999999999986E+001                 -9.9000000000000000E+001                 -9.9000000000000000E+001 
                                     646                  1.6252936694473401E+000                 -2.2244714141746152E-001                  6.8185005447271037E+000                  3.6781576111509279E-001                  1.5331611237040768E+001                  7.5554371737308534E-001                  2.4305628199776444E-001                  1.4000006291502443E-003                  7.5955070179319836E-003                  4.8281970175936678E-009                  0.0000000000000000E+000                                        0                 -9.8999999999999986E+001                 -9.9000000000000000E+001                 -9.9000000000000000E+001 
                                     647                  1.6154966863357618E+000                 -2.2648805573696512E-001                  6.8238593547791799E+000                  3.8523869664998117E-001                  1.5354390551288727E+001                  7.5551907054452194E-001                  2.4308092862175545E-001                  1.4000008337226033E-003                  8.4503819568542363E-003                  6.7332197762301110E-009                  0.0000000000000000E+000                                        0                 -9.8999999999999986E+001                 -9.9000000000000000E+001                 -9.9000000000000000E+001 
                                     648                  1.6054757049813089E+000                 -2.3057182623893810E-001                  6.8278884593421614E+000                  3.9836908916688518E-001                  1.5371547825788133E+001                  7.5549906806003275E-001                  2.4310093091060120E-001                  1.4000010293659937E-003                  9.1558772809338627E-003                  8.6397621117474307E-009                  0.0000000000000000E+000                                        0                 -9.8999999999999986E+001                 -9.9000000000000000E+001                 -9.9000000000000000E+001 
                                     649                  1.6003512878406505E+000                 -2.3264151982553288E-001                  6.8319598514286080E+000                  4.1143667298946418E-001                  1.5388684919828806E+001                  7.5547751317848333E-001                  2.4312248554620286E-001                  1.4000012753138114E-003                  9.9237070950426946E-003                  1.1101972801615327E-008                  0.0000000000000000E+000                                        0                 -9.8999999999999986E+001                 -9.9000000000000000E+001                 -9.9000000000000000E+001 
                                     650                  1.5899865993043711E+000                 -2.3679171877302105E-001                  6.8360029041198302E+000                  4.2452850283053573E-001                  1.5405817300256412E+001                  7.5545479958505113E-001                  2.4314519884525845E-001                  1.4000015696904455E-003                  1.0752913051505742E-002                  1.4235061861025026E-008                  0.0000000000000000E+000                                        0                 -9.8999999999999986E+001                 -9.9000000000000000E+001                 -9.9000000000000000E+001 
                                     651                  1.5847463279087499E+000                 -2.3887204542956234E-001                  6.8387209621247482E+000                  4.3325162886117652E-001                  1.5417256863670081E+001                  7.5543868075441656E-001                  2.4316131743893740E-001                  1.4000018066460118E-003                  1.1347314792359854E-002                  1.6814584407844589E-008                  0.0000000000000000E+000                                        0                 -9.8999999999999986E+001                 -9.9000000000000000E+001                 -9.9000000000000000E+001 
                                     652                  1.5793882758745044E+000                 -2.4098726152620509E-001                  6.8414455982175939E+000                  4.4197738181126278E-001                  1.5428705534970149E+001                  7.5542183518673045E-001                  2.4317816273396836E-001                  1.4000020793012435E-003                  1.1976244692692001E-002                  1.9862417931758245E-008                  0.0000000000000000E+000                                        0                 -9.8999999999999986E+001                 -9.9000000000000000E+001                 -9.9000000000000000E+001 
                                     653                  1.5740302238402584E+000                 -2.4309083271121693E-001                  6.8455515777673881E+000                  4.5500944970712265E-001                  1.5445841072850344E+001                  7.5539514807477559E-001                  2.4320484935734132E-001                  1.4000025678830852E-003                  1.2988935476518330E-002                  2.5507911497560729E-008                  0.0000000000000000E+000                                        0                 -9.8999999999999986E+001                 -9.9000000000000000E+001                 -9.9000000000000000E+001 
                                     654                  1.5630747124736701E+000                 -2.4735755537279042E-001                  6.8496613768111105E+000                  4.6816561281038571E-001                  1.5463103790784775E+001                  7.5536673966847578E-001                  2.4323325716764971E-001                  1.4000031638745636E-003                  1.4095914324570104E-002                  3.2751244819970441E-008                  0.0000000000000000E+000                                        0                 -9.8999999999999986E+001                 -9.9000000000000000E+001                 -9.9000000000000000E+001 
                                     655                  1.5574753355228057E+000                 -2.4952078142481612E-001                  6.8524140675240837E+000                  4.7689897051824676E-001                  1.5474587695782272E+001                  7.5534677011528151E-001                  2.4325322624671950E-001                  1.4000036379989700E-003                  1.4890153334389132E-002                  3.8697213824342229E-008                  0.0000000000000000E+000                                        0                 -9.8999999999999986E+001                 -9.9000000000000000E+001                 -9.9000000000000000E+001 
                                     656                  1.5518759585719413E+000                 -2.5167277723520942E-001                  6.8544783104252991E+000                  4.8345304680807166E-001                  1.5483204218621461E+001                  7.5533110450860752E-001                  2.4326889144405867E-001                  1.4000040473338693E-003                  1.5517541156189911E-002                  4.3845563245268810E-008                  0.0000000000000000E+000                                        0                 -9.8999999999999986E+001                 -9.9000000000000000E+001                 -9.9000000000000000E+001 
                                     657                  1.5490145043913695E+000                 -2.5276826776639649E-001                  6.8558677210017018E+000                  4.8784474907137237E-001                  1.5488984140189348E+001                  7.5532035731149316E-001                  2.4327963834089181E-001                  1.4000043476150026E-003                  1.5955205938682250E-002                  4.7684058950675003E-008                  0.0000000000000000E+000                                        0                 -9.8999999999999986E+001                 -9.9000000000000000E+001                 -9.9000000000000000E+001 
                                     658                  1.5461530502107976E+000                 -2.5386096340689623E-001                  6.8579567546088533E+000                  4.9441748978461564E-001                  1.5497644149877036E+001                  7.5530388758216338E-001                  2.4329610759531675E-001                  1.4000048225198958E-003                  1.6637814574869635E-002                  5.4084840650142295E-008                  0.0000000000000000E+000                                        0                 -9.8999999999999986E+001                 -9.9000000000000000E+001                 -9.9000000000000000E+001 
                                     659                  1.5403674259175235E+000                 -2.5606200043336946E-001                  6.8607316946693668E+000                  5.0315618146319374E-001                  1.5509155179115679E+001                  7.5528107943195710E-001                  2.4331891499405342E-001                  1.4000055739894490E-003                  1.7595772341428267E-002                  6.3918067573176867E-008                  0.0000000000000000E+000                                        0                 -9.8999999999999986E+001                 -9.9000000000000000E+001                 -9.9000000000000000E+001 
                                     660                  1.5345818016242496E+000                 -2.5825215865786522E-001                  6.8649140044856178E+000                  5.1620538599376198E-001                  1.5526382800006465E+001                  7.5524523080381667E-001                  2.4335476231305300E-001                  1.4000068831303558E-003                  1.9155058060773816E-002                  8.2143580289472156E-008                  0.0000000000000000E+000                                        0                 -9.8999999999999986E+001                 -9.9000000000000000E+001                 -9.9000000000000000E+001 
                                     661                  1.5227578008676839E+000                 -2.6269620836500884E-001                  6.8690880583401963E+000                  5.2933573400629685E-001                  1.5543682556724143E+001                  7.5520756587610516E-001                  2.4339242565520569E-001                  1.4000084686891512E-003                  2.0879867304004065E-002                  1.0546416839382548E-007                  0.0000000000000000E+000                                        0                 -9.8999999999999986E+001                 -9.9000000000000000E+001                 -9.9000000000000000E+001 
                                     662                  1.5167821403365227E+000                 -2.6492615144356607E-001                  6.8718943622355404E+000                  5.3808087483493239E-001                  1.5555230848805078E+001                  7.5518109314936321E-001                  2.4341889710618844E-001                  1.4000097444483162E-003                  2.2140494125436255E-002                  1.2468311969171160E-007                  0.0000000000000000E+000                                        0                 -9.8999999999999986E+001                 -9.9000000000000000E+001                 -9.9000000000000000E+001 
                                     663                  1.5106772854876924E+000                 -2.6719384501845000E-001                  6.8747085957521161E+000                  5.4682849776535336E-001                  1.5566789401497312E+001                  7.5515366444930243E-001                  2.4344632433858351E-001                  1.4000112121140829E-003                  2.3498787455728462E-002                  1.4741745743778887E-007                  0.0000000000000000E+000                                        0                 -9.8999999999999986E+001                 -9.9000000000000000E+001                 -9.9000000000000000E+001 
                                     664                  1.5045724306388619E+000                 -2.6945132834772845E-001                  6.8775311085687179E+000                  5.5557713202668646E-001                  1.5578357133892508E+001                  7.5512537938409141E-001                  2.4347460775414395E-001                  1.4000128617646102E-003                  2.4966161249174165E-002                  1.7431481553946591E-007                  0.0000000000000000E+000                                        0                 -9.8999999999999986E+001                 -9.9000000000000000E+001                 -9.9000000000000000E+001 
                                     665                  1.4983365244370879E+000                 -2.7174710635227017E-001                  6.8803617473063445E+000                  5.6432831929023752E-001                  1.5589935365503788E+001                  7.5509604095430416E-001                  2.4350394420741872E-001                  1.4000148382771194E-003                  2.6555562860671331E-002                  2.0613862926237999E-007                  0.0000000000000000E+000                                        0                 -9.8999999999999986E+001                 -9.9000000000000000E+001                 -9.9000000000000000E+001 
                                     666                  1.4921006182353143E+000                 -2.7403297468995175E-001                  6.8846282767956781E+000                  5.7739418289833222E-001                  1.5607262377555013E+001                  7.5505037121842189E-001                  2.4354961045961582E-001                  1.4000183219622375E-003                  2.9199275954923786E-002                  2.6516772248580323E-007                  0.0000000000000000E+000                                        0                 -9.8999999999999986E+001                 -9.9000000000000000E+001                 -9.9000000000000000E+001 
                                     667                  1.4793630284010855E+000                 -2.7867329800467322E-001                  6.8889043301698827E+000                  5.9059232836450470E-001                  1.5624730485310748E+001                  7.5500280875196313E-001                  2.4359716864194203E-001                  1.4000226060948417E-003                  3.2213247444525722E-002                  3.4111686873263802E-007                  0.0000000000000000E+000                                        0                 -9.8999999999999986E+001                 -9.9000000000000000E+001                 -9.9000000000000000E+001 
                                     668                  1.4728595299235825E+000                 -2.8102789215200435E-001                  6.8917688800940535E+000                  5.9935084194353760E-001                  1.5636349544175054E+001                  7.5497014265814477E-001                  2.4362983133379312E-001                  1.4000260080621052E-003                  3.4455599338160087E-002                  4.0355749653271651E-007                  0.0000000000000000E+000                                        0                 -9.8999999999999986E+001                 -9.9000000000000000E+001                 -9.9000000000000000E+001 
                                     669                  1.4663560314460800E+000                 -2.8337324127032187E-001                  6.8946422270585472E+000                  6.0811049788856031E-001                  1.5647978482946098E+001                  7.5493676103182805E-001                  2.4366320904659408E-001                  1.4000299215778389E-003                  3.6909948314919991E-002                  4.7747900586284128E-007                  0.0000000000000000E+000                                        0                 -9.8999999999999986E+001                 -9.9000000000000000E+001                 -9.9000000000000000E+001 
                                     670                  1.4597160400716680E+000                 -2.8575865821987179E-001                  6.8975242375776551E+000                  6.1687286432205612E-001                  1.5659618748584403E+001                  7.5490272029018979E-001                  2.4369724528665335E-001                  1.4000344231568373E-003                  3.9598015389098788E-002                  5.6499770401084268E-007                  0.0000000000000000E+000                                        0                 -9.8999999999999986E+001                 -9.9000000000000000E+001                 -9.9000000000000000E+001 
                                     671                  1.4530760486972558E+000                 -2.8813519699450857E-001                  6.9004152029348838E+000                  6.2563645304179061E-001                  1.5671269168265290E+001                  7.5486807232301456E-001                  2.4373188807558549E-001                  1.4000396014000049E-003                  4.2541791261592778E-002                  6.6862957258924584E-007                  0.0000000000000000E+000                                        0                 -9.8999999999999986E+001                 -9.9000000000000000E+001                 -9.9000000000000000E+001 
                                     672                  1.4462978037629128E+000                 -2.9055244701950544E-001                  6.9033149986010995E+000                  6.3440287336437406E-001                  1.5682931234443771E+001                  7.5483285877589690E-001                  2.4376709566660990E-001                  1.4000455574931792E-003                  4.5763053837932673E-002                  7.9134859290739593E-007                  0.0000000000000000E+000                                        0                 -9.8999999999999986E+001                 -9.9000000000000000E+001                 -9.9000000000000000E+001 
                                     673                  1.4395195588285701E+000                 -2.9296121078256138E-001                  6.9062239084029899E+000                  6.4317061325063829E-001                  1.5694603752286465E+001                  7.5479716088343685E-001                  2.4380278678580333E-001                  1.4000523307597934E-003                  4.9282905312190567E-002                  9.3669177458011527E-007                  0.0000000000000000E+000                                        0                 -9.8999999999999986E+001                 -9.9000000000000000E+001                 -9.9000000000000000E+001 
                                     674                  1.4326013317070858E+000                 -2.9541135822568088E-001                  6.9091418302520529E+000                  6.5194136351728416E-001                  1.5706288261404994E+001                  7.5476084204832006E-001                  2.4383909767371295E-001                  1.4000602779670190E-003                  5.3120619608486346E-002                  1.1088345811153679E-006                  0.0000000000000000E+000                                        0                 -9.8999999999999986E+001                 -9.9000000000000000E+001                 -9.9000000000000000E+001 
                                     675                  1.4256831045856015E+000                 -2.9785343798691621E-001                  6.9120690519082642E+000                  6.6071358750344511E-001                  1.5717983545344349E+001                  7.5472398043638089E-001                  2.4387595025527392E-001                  1.4000693083451310E-003                  5.7296263602058216E-002                  1.3127519410220815E-006                  0.0000000000000000E+000                                        0                 -9.8999999999999986E+001                 -9.9000000000000000E+001                 -9.9000000000000000E+001 
                                     676                  1.4186232022358718E+000                 -3.0033760442040164E-001                  6.9150054990013921E+000                  6.6948897537152940E-001                  1.5729691192607310E+001                  7.5468650676103255E-001                  2.4391341353641269E-001                  1.4000797025547351E-003                  6.1826843828840052E-002                  1.5543200176463450E-006                  0.0000000000000000E+000                                        0                 -9.8999999999999986E+001                 -9.9000000000000000E+001                 -9.9000000000000000E+001 
                                     677                  1.4115632998861420E+000                 -3.0281415044083232E-001                  6.9179514634600467E+000                  6.7826605553802688E-001                  1.5741409965540617E+001                  7.5464821635331469E-001                  2.4395169188269777E-001                  1.4000917639875876E-003                  6.6730871976566325E-002                  1.8405194864171302E-006                  0.0000000000000000E+000                                        0                 -9.8999999999999986E+001                 -9.9000000000000000E+001                 -9.9000000000000000E+001 
                                     678                  1.4043600686027866E+000                 -3.0533351882333160E-001                  6.9209068994438967E+000                  6.8704651599585032E-001                  1.5753141503403411E+001                  7.5460911524295959E-001                  2.4399077920594262E-001                  1.4001055510978189E-003                  7.2028230373417490E-002                  2.1796243535787369E-006                  0.0000000000000000E+000                                        0                 -9.8999999999999986E+001                 -9.9000000000000000E+001                 -9.9000000000000000E+001 
                                     679                  1.3971568373194314E+000                 -3.0784574442027912E-001                  6.9238721028390682E+000                  6.9582886751061490E-001                  1.5764884547730091E+001                  7.5456897644354692E-001                  2.4403090214966905E-001                  1.4001214067840273E-003                  7.7741487990046140E-002                  2.5814518868988760E-006                  0.0000000000000000E+000                                        0                 -9.8999999999999986E+001                 -9.9000000000000000E+001                 -9.9000000000000000E+001 
                                     680                  1.3898086667219098E+000                 -3.1040156304963124E-001                  6.9268470573019369E+000                  7.0461488536121886E-001                  1.5776640790545271E+001                  7.5452760495072402E-001                  2.4407225540956440E-001                  1.4001396397116395E-003                  8.3898337039659335E-002                  3.0576268312865874E-006                  0.0000000000000000E+000                                        0                 -9.8999999999999986E+001                 -9.9000000000000000E+001                 -9.9000000000000000E+001 
                                     681                  1.3824604961243885E+000                 -3.1295074919781718E-001                  6.9298320624557830E+000                  7.1340305116705593E-001                  1.5788408952984746E+001                  7.5448478940899777E-001                  2.4411504998471281E-001                  1.4001606062894467E-003                  9.0532691553597111E-002                  3.6219521918087510E-006                  0.0000000000000000E+000                                        0                 -9.8999999999999986E+001                 -9.9000000000000000E+001                 -9.9000000000000000E+001 
                                     682                  1.3749658233893542E+000                 -3.1554433601156978E-001                  6.9328271324951096E+000                  7.2219517311742787E-001                  1.5800190781954717E+001                  7.5444030708056353E-001                  2.4415950820549767E-001                  1.4001847139387680E-003                  9.7686780427071962E-002                  4.2907695615722636E-006                  0.0000000000000000E+000                                        0                 -9.8999999999999986E+001                 -9.9000000000000000E+001                 -9.9000000000000000E+001 
                                     683                  1.3674711506543198E+000                 -3.1813183581028665E-001                  6.9358325707319128E+000                  7.3098971267900714E-001                  1.5811984978654468E+001                  7.5439393575505931E-001                  2.4420585181223470E-001                  1.4002124327059384E-003                  1.0541149750962445E-001                  5.0834710447524923E-006                  0.0000000000000000E+000                                        0                 -9.8999999999999986E+001                 -9.9000000000000000E+001                 -9.9000000000000000E+001 
                                     684                  1.3598284649840722E+000                 -3.2076458372466210E-001                  6.9388484230960374E+000                  7.3978850215992453E-001                  1.5823793347183184E+001                  7.5434545596779179E-001                  2.4425429973233301E-001                  1.4002442998751752E-003                  1.1376801460075829E-001                  6.0230140204173952E-006                  0.0000000000000000E+000                                        0                 -9.8999999999999986E+001                 -9.9000000000000000E+001                 -9.9000000000000000E+001 
                                     685                  1.3521857793138246E+000                 -3.2339182828568808E-001                  6.9418749966359901E+000                  7.4858997517507231E-001                  1.5835614569330213E+001                  7.5429466028246206E-001                  2.4430505878284775E-001                  1.4002809346902456E-003                  1.2282715115900479E-001                  7.1366187765319324E-006                  0.0000000000000000E+000                                        0                 -9.8999999999999986E+001                 -9.9000000000000000E+001                 -9.9000000000000000E+001 
                                     686                  1.3443936266880030E+000                 -3.2606521146616513E-001                  6.9449123703753228E+000                  7.5739598360068006E-001                  1.5847450508929180E+001                  7.5424135042761176E-001                  2.4435832652781780E-001                  1.4003230445704951E-003                  1.3267077785766590E-001                  8.4565001829031814E-006                  0.0000000000000000E+000                                        0                 -9.8999999999999986E+001                 -9.9000000000000000E+001                 -9.9000000000000000E+001 
                                     687                  1.3366014740621812E+000                 -3.2873371669459883E-001                  6.9479608552707441E+000                  7.6620491890306086E-001                  1.5859299828981227E+001                  7.5418537983871059E-001                  2.4441424889279803E-001                  1.4003712684913516E-003                  1.4339061188157265E-001                  1.0020852563752822E-005                  0.0000000000000000E+000                                        0                 -9.8999999999999986E+001                 -9.9000000000000000E+001                 -9.9000000000000000E+001 
                                     688                  1.3286584622965742E+000                 -3.3144929786604088E-001                  6.9510205649544332E+000                  7.7501867752749742E-001                  1.5871164455875475E+001                  7.5412649742923832E-001                  2.4447307562789872E-001                  1.4004269428629090E-003                  1.5508987175869066E-001                  1.1874711652599052E-005                  0.0000000000000000E+000                                        0                 -9.8999999999999986E+001                 -9.9000000000000000E+001                 -9.9000000000000000E+001 
                                     689                  1.3207154505309673E+000                 -3.3416067221570361E-001                  6.9540845235315221E+000                  7.8381498567201036E-001                  1.5883015120110144E+001                  7.5406469621536731E-001                  2.4453481301313967E-001                  1.4004907714930681E-003                  1.6785060634713989E-001                  1.4065804445438885E-005                  0.0000000000000000E+000                                        0                 -9.8999999999999986E+001                 -9.9000000000000000E+001                 -9.9000000000000000E+001 
                                     690                  1.3126584607299514E+000                 -3.3690709449106060E-001                  6.9571674888263058E+000                  7.9263667186727915E-001                  1.5894909331777390E+001                  7.5399958820048918E-001                  2.4459984766561529E-001                  1.4005641338955543E-003                  1.8185958458211152E-001                  1.6667510019322200E-005                  0.0000000000000000E+000                                        0                 -9.8999999999999986E+001                 -9.9000000000000000E+001                 -9.9000000000000000E+001 
                                     691                  1.3045250587148265E+000                 -3.3967606308987786E-001                  6.9602624191965399E+000                  8.0146269507233736E-001                  1.5906818971479906E+001                  7.5393112483877733E-001                  2.4466822678419040E-001                  1.4006483770322431E-003                  1.9722662250567807E-001                  1.9749349640971513E-005                  0.0000000000000000E+000                                        0                 -9.8999999999999986E+001                 -9.9000000000000000E+001                 -9.9000000000000000E+001 
                                     692                  1.2963149360912718E+000                 -3.4246803284424665E-001                  6.9633695608371502E+000                  8.1029319806463507E-001                  1.5918744379683357E+001                  7.5385914764073225E-001                  2.4474010724569731E-001                  1.4007451135704674E-003                  2.1410500779032157E-001                  2.3398942424606004E-005                  0.0000000000000000E+000                                        0                 -9.8999999999999986E+001                 -9.9000000000000000E+001                 -9.9000000000000000E+001 
                                     693                  1.2880277943240339E+000                 -3.4528347320707387E-001                  6.9657077633377806E+000                  8.1693784107283884E-001                  1.5927717404697875E+001                  7.5380288651214167E-001                  2.4479628712328336E-001                  1.4008263645749475E-003                  2.2786228876176098E-001                  2.6571302717750752E-005                  0.0000000000000000E+000                                        0                 -9.8999999999999986E+001                 -9.9000000000000000E+001                 -9.9000000000000000E+001 
                                     694                  1.2838455697273941E+000                 -3.4670338841243092E-001                  6.9672707499980131E+000                  8.2135659582801579E-001                  1.5933692287615404E+001                  7.5376410369810665E-001                  2.4483501033094032E-001                  1.4008859709530030E-003                  2.3759307410035382E-001                  2.8919325716580032E-005                  0.0000000000000000E+000                                        0                 -9.8999999999999986E+001                 -9.9000000000000000E+001                 -9.9000000000000000E+001 
                                     695                  1.2796633451307542E+000                 -3.4812278127991941E-001                  6.9688369373319956E+000                  8.2577643481234775E-001                  1.5939671204528981E+001                  7.5372437414610016E-001                  2.4487467643647140E-001                  1.4009494174284098E-003                  2.4780394494706218E-001                  3.1473671687625016E-005                  0.0000000000000000E+000                                        0                 -9.8999999999999986E+001                 -9.9000000000000000E+001                 -9.9000000000000000E+001 
                                     696                  1.2754423280089848E+000                 -3.4955486936567998E-001                  6.9704063540639405E+000                  8.3019762370963335E-001                  1.5945654426912949E+001                  7.5368362730102134E-001                  2.4491535489245045E-001                  1.4010178065282375E-003                  2.5851825655425398E-001                  3.4251441094865204E-005                  0.0000000000000000E+000                                        0                 -9.8999999999999986E+001                 -9.9000000000000000E+001                 -9.9000000000000000E+001 
                                     697                  1.2712213108872155E+000                 -3.5098654352768788E-001                  6.9727668408034686E+000                  8.3681262053879590E-001                  1.5954618335916370E+001                  7.5362049148112542E-001                  2.4497837871199926E-001                  1.4011298068753453E-003                  2.7558992010105904E-001                  3.8878283918813599E-005                  0.0000000000000000E+000                                        0                 -9.8999999999999986E+001                 -9.9000000000000000E+001                 -9.9000000000000000E+001 
                                     698                  1.2627014250450903E+000                 -3.5387536806462044E-001                  6.9759254464792164E+000                  8.4566262589459318E-001                  1.5966610507707028E+001                  7.5353278676169932E-001                  2.4506591580541986E-001                  1.4012974328807548E-003                  3.0039145841591242E-001                  4.6024743137328690E-005                  0.0000000000000000E+000                                        0                 -9.8999999999999986E+001                 -9.9000000000000000E+001                 -9.9000000000000000E+001 
                                     699                  1.2541034325625793E+000                 -3.5678970024254081E-001                  6.9790976194804575E+000                  8.5451794878899756E-001                  1.5978620374508330E+001                  7.5344069733300278E-001                  2.4515781313992244E-001                  1.4014895270747507E-003                  3.2774580074359155E-001                  5.4464748528012616E-005                  0.0000000000000000E+000                                        0                 -9.8999999999999986E+001                 -9.9000000000000000E+001                 -9.9000000000000000E+001 
                                     700                  1.2454270903487554E+000                 -3.5973009267188810E-001                  6.9814857657055907E+000                  8.6118245885659428E-001                  1.5987658996206845E+001                  7.5336878956172382E-001                  2.4522955986304204E-001                  1.4016505752341146E-003                  3.5011431473522581E-001                  6.1782107011420178E-005                  0.0000000000000000E+000                                        0                 -9.8999999999999986E+001                 -9.9000000000000000E+001                 -9.9000000000000000E+001 
                                     701                  1.2410496290365216E+000                 -3.6121352497367343E-001                  6.9830823289469688E+000                  8.6561429435303583E-001                  1.5993677627742846E+001                  7.5331925996274129E-001                  2.4527897155418593E-001                  1.4017684830727184E-003                  3.6596382102216535E-001                  6.7184027844082752E-005                  0.0000000000000000E+000                                        0                 -9.8999999999999986E+001                 -9.9000000000000000E+001                 -9.9000000000000000E+001 
                                     702                  1.2366721677242876E+000                 -3.6269702066018927E-001                  6.9854838761016440E+000                  8.7224506839760785E-001                  1.6002694675706493E+001                  7.5324256037066051E-001                  2.4535547833447788E-001                  1.4019612948615867E-003                  3.9124510040017113E-001                  7.6159538391986430E-005                  0.0000000000000000E+000                                        0                 -9.8999999999999986E+001                 -9.9000000000000000E+001                 -9.9000000000000000E+001 
                                     703                  1.2278384468941588E+000                 -3.6569126778118854E-001                  6.9886985754862936E+000                  8.8111758250378625E-001                  1.6014760310392326E+001                  7.5313608541175447E-001                  2.4546166542623979E-001                  1.4022491620057087E-003                  4.2802477035742070E-001                  8.9973144041197441E-005                  0.0000000000000000E+000                                        0                 -9.8999999999999986E+001                 -9.9000000000000000E+001                 -9.9000000000000000E+001 
                                     704                  1.2189257234335558E+000                 -3.6871334973134623E-001                  6.9919280944246998E+000                  8.8999628188282631E-001                  1.6026845495431232E+001                  7.5302436970945519E-001                  2.4557305231454341E-001                  1.4025779760014068E-003                  4.6862872412844403E-001                  1.0620544462161038E-004                  0.0000000000000000E+000                                        0                 -9.8999999999999986E+001                 -9.9000000000000000E+001                 -9.9000000000000000E+001 
                                     705                  1.2099338067888208E+000                 -3.7176389993880682E-001                  6.9943603273935331E+000                  8.9667952421748920E-001                  1.6035942713531025E+001                  7.5293718565115753E-001                  2.4565996152055092E-001                  1.4028528282915564E-003                  5.0184824524441474E-001                  1.2021086511139847E-004                  0.0000000000000000E+000                                        0                 -9.8999999999999986E+001                 -9.9000000000000000E+001                 -9.9000000000000000E+001 
                                     706                  1.2053981637914439E+000                 -3.7330337462629326E-001                  6.9959865433577688E+000                  9.0112374549780894E-001                  1.6042000469217356E+001                  7.5287715765589103E-001                  2.4571978892768992E-001                  1.4030534164191089E-003                  5.2538114751731924E-001                  1.3050413269310567E-004                  0.0000000000000000E+000                                        0                 -9.8999999999999986E+001                 -9.9000000000000000E+001                 -9.9000000000000000E+001 
                                     707                  1.2008625207940671E+000                 -3.7484347024374931E-001                  6.9976166551645242E+000                  9.0556952363487153E-001                  1.6048063283191706E+001                  7.5281571820586746E-001                  2.4578101542322617E-001                  1.4032663709063753E-003                  5.5010441041871994E-001                  1.4163984458910643E-004                  0.0000000000000000E+000                                        0                 -9.8999999999999986E+001                 -9.9000000000000000E+001                 -9.9000000000000000E+001 
                                     708                  1.1962871124989993E+000                 -3.7639776882913678E-001                  6.9992507138962159E+000                  9.1001716495089013E-001                  1.6054131476680428E+001                  7.5275275527501617E-001                  2.4584375000184644E-001                  1.4034947231373884E-003                  5.7606357815674647E-001                  1.5367031428755175E-004                  0.0000000000000000E+000                                        0                 -9.8999999999999986E+001                 -9.9000000000000000E+001                 -9.9000000000000000E+001 
                                     709                  1.1917117042039320E+000                 -3.7795284213419944E-001                  7.0008887588917350E+000                  9.1446643307014375E-001                  1.6060204868463330E+001                  7.5268831544418624E-001                  2.4590794753770806E-001                  1.4037370181056996E-003                  6.0332721846963722E-001                  1.6663181364718756E-004                  1.5980095073576185E-054                                        0                 -9.8999999999999986E+001                 -9.9000000000000000E+001                 -9.9000000000000000E+001 
                                     710                  1.1870964577241034E+000                 -3.7952231358760496E-001                  7.0025308439896250E+000                  9.1891763996282805E-001                  1.6066283786233274E+001                  7.5262228063343806E-001                  2.4597372283616734E-001                  1.4039965303945801E-003                  6.3194253947318568E-001                  1.8064771320275096E-004                  2.0241700125974109E-054                                        0                 -9.8999999999999986E+001                 -9.9000000000000000E+001                 -9.9000000000000000E+001 
                                     711                  1.1824812112442749E+000                 -3.8109271988476034E-001                  7.0050012796227419E+000                  9.2557726322056677E-001                  1.6075391424338804E+001                  7.5252007450185432E-001                  2.4607550663311759E-001                  1.4044188650280676E-003                  6.7751241379801408E-001                  2.0372799593805654E-004                  2.8862798304458151E-054                                        0                 -9.8999999999999986E+001                 -9.9000000000000000E+001                 -9.9000000000000000E+001 
                                     712                  1.1731709121798914E+000                 -3.8426394468500530E-001                  7.0083101899140967E+000                  9.3449098157799670E-001                  1.6087582539346496E+001                  7.5237827175270988E-001                  2.4621668381954845E-001                  1.4050444277416974E-003                  7.4363954432466040E-001                  2.3878064965229863E-004                  4.6377927958319906E-054                                        0                 -9.8999999999999986E+001                 -9.9000000000000000E+001                 -9.9000000000000000E+001 
                                     713                  1.1637806938987447E+000                 -3.8746716536176345E-001                  7.0116361129283709E+000                  9.4341265461346524E-001                  1.6099796653427806E+001                  7.5222957952668512E-001                  2.4636466899209197E-001                  1.4057514812229055E-003                  8.1631556895459556E-001                  2.7923077343456660E-004                  7.4610488725957343E-054                                        0                 -9.8999999999999986E+001                 -9.9000000000000000E+001                 -9.9000000000000000E+001 
                                     714                  1.1543104605147076E+000                 -3.9070316774297087E-001                  7.0141425239258828E+000                  9.5013038771140423E-001                  1.6108994373777541E+001                  7.5211359093078067E-001                  2.4648007214930598E-001                  1.4063369199133202E-003                  8.7548807580176524E-001                  3.1352035626430405E-004                  1.0668183038187942E-053                                        0                 -9.8999999999999986E+001                 -9.9000000000000000E+001                 -9.9000000000000000E+001 
                                     715                  1.1495352972521582E+000                 -3.9233708575197052E-001                  7.0158186469182482E+000                  9.5459753095625632E-001                  1.6115119321834630E+001                  7.5203375448481968E-001                  2.4655948566865593E-001                  1.4067598465243858E-003                  9.1720588651752299E-001                  3.3833227923705600E-004                  1.3543791327736958E-053                                        0                 -9.8999999999999986E+001                 -9.9000000000000000E+001                 -9.9000000000000000E+001 
                                     716                  1.1447601339896092E+000                 -3.9397264896368800E-001                  7.0174992427814775E+000                  9.5906673360568795E-001                  1.6121250268316299E+001                  7.5195206051487740E-001                  2.4664073298115485E-001                  1.4072065039677506E-003                  9.6085471612328721E-001                  3.6482795666071714E-004                  1.7199996392036504E-053                                        0                 -9.8999999999999986E+001                 -9.9000000000000000E+001                 -9.9000000000000000E+001 
                                     717                  1.1399448943824568E+000                 -3.9562368924872821E-001                  7.0191843782866830E+000                  9.6353834187118026E-001                  1.6127387576886793E+001                  7.5186835592557832E-001                  2.4672396342802536E-001                  1.4076806463962921E-003                  1.0064737165832442E+000                  3.9303999176276856E-004                  2.1850386673028014E-053                                        0                 -9.8999999999999986E+001                 -9.9000000000000000E+001                 -9.9000000000000000E+001 
                                     718                  1.1351296547753045E+000                 -3.9727657159245283E-001                  7.0208740911878165E+000                  9.6801211528877196E-001                  1.6133531066483670E+001                  7.5178270575751316E-001                  2.4680911356190469E-001                  1.4081806805821273E-003                  1.0541419170007555E+000                  4.2305110592667084E-004                  2.7767255441505702E-053                                        0                 -9.8999999999999986E+001                 -9.9000000000000000E+001                 -9.9000000000000000E+001 
                                     719                  1.1302743186260809E+000                 -3.9894516968536059E-001                  7.0225684511680706E+000                  9.7248840768510325E-001                  1.6139681108789556E+001                  7.5169494900771849E-001                  2.4689634093921120E-001                  1.4087100530703056E-003                  1.1038909040696183E+000                  4.5487406465778181E-004                  3.5298352237350882E-053                                        0                 -9.8999999999999986E+001                 -9.9000000000000000E+001                 -9.9000000000000000E+001 
                                     720                  1.1254189824768572E+000                 -4.0061581520368500E-001                  7.0242674958637839E+000                  9.7696697807117838E-001                  1.6145837523196835E+001                  7.5160515423031127E-001                  2.4698557837991533E-001                  1.4092673897734276E-003                  1.1557947560589099E+000                  4.8857065118461927E-004                  4.4887333216193615E-053                                        0                 -9.8999999999999986E+001                 -9.9000000000000000E+001                 -9.9000000000000000E+001 
                                     721                  1.1205235395072219E+000                 -4.0230242363501684E-001                  7.0259712980026583E+000                  9.8144818814778356E-001                  1.6152000689718427E+001                  7.5151315223035497E-001                  2.4707699215414655E-001                  1.4098556154984454E-003                  1.2098746521655537E+000                  5.2412603885371352E-004                  5.7101290205494716E-053                                        0                 -9.8999999999999986E+001                 -9.9000000000000000E+001                 -9.9000000000000000E+001 
                                     722                  1.1156280965375867E+000                 -4.0399129381795923E-001                  7.0276798951735726E+000                  9.8593179645271001E-001                  1.6158170428350935E+001                  7.5141901518297582E-001                  2.4717051110915755E-001                  1.4104737078666219E-003                  1.2661961954435430E+000                  5.6156538696099047E-004                  7.2664274900348428E-053                                        0                 -9.8999999999999986E+001                 -9.9000000000000000E+001                 -9.9000000000000000E+001 
                                     723                  1.1106925467415483E+000                 -4.0569638297989080E-001                  7.0293933632920513E+000                  9.9041817281553002E-001                  1.6164347127767730E+001                  7.5132256543327747E-001                  2.4726631082249859E-001                  1.4111237442239188E-003                  1.3247670081304996E+000                  6.0083870629338708E-004                  9.2502593322957071E-053                                        0                 -9.8999999999999986E+001                 -9.9000000000000000E+001                 -9.9000000000000000E+001 
                                     724                  1.1057569969455097E+000                 -4.0740395765805187E-001                  7.0311117399781189E+000                  9.9490707536234135E-001                  1.6170530608731209E+001                  7.5122387887342224E-001                  2.4736431590608882E-001                  1.4118052204890041E-003                  1.3856399539930653E+000                  6.4191295397784650E-004                  1.1779991170153833E-052                                        0                 -9.8999999999999986E+001                 -9.9000000000000000E+001                 -9.9000000000000000E+001 
                                     725                  1.1007813509542008E+000                 -4.0912801672440313E-001                  7.0328351044910917E+000                  9.9939888230609741E-001                  1.6176721268925199E+001                  7.5112276913847975E-001                  2.4746471185147251E-001                  1.4125190100477969E-003                  1.4488057736659825E+000                  6.8469643162431175E-004                  1.5007187201238002E-052                                        0                 -9.8999999999999986E+001                 -9.9000000000000000E+001                 -9.9000000000000000E+001 
                                     726                  1.0958057049628922E+000                 -4.1085479502181305E-001                  7.0345634945708602E+000                  1.0038933514303559E+000                  1.6182918930052761E+001                  7.5101931592343574E-001                  2.4756741876234054E-001                  1.4132653142236995E-003                  1.5142995771941217E+000                  7.2906917089594447E-004                  1.9125687889022670E-052                                        0                 -9.8999999999999986E+001                 -9.9000000000000000E+001                 -9.9000000000000000E+001 
                                     727                  1.0907899844214810E+000                 -4.1259833293001930E-001                  7.0362969929911285E+000                  1.0083908695855655E+000                  1.6189123999179486E+001                  7.5091332391568621E-001                  2.4767263269513090E-001                  1.4140433891829396E-003                  1.5820919335976826E+000                  7.7489471709017612E-004                  2.4383925396619002E-052                                        0                 -9.8999999999999986E+001                 -9.9000000000000000E+001                 -9.9000000000000000E+001 
                                     728                  1.0857742638800698E+000                 -4.1434483428174035E-001                  7.0389057920160711E+000                  1.0151200594866141E+000                  1.6198421614899967E+001                  7.5074932231786817E-001                  2.4783540281470096E-001                  1.4152748674308713E-003                  1.6879223370778320E+000                  8.4563491534842504E-004                  3.5119189045439541E-052                                        0                 -9.8999999999999986E+001                 -9.9000000000000000E+001                 -9.9000000000000000E+001 
                                     729                  1.0756627397945124E+000                 -4.1787528641416000E-001                  7.0424040498136993E+000                  1.0241333994863007E+000                  1.6210876745663839E+001                  7.5052185714695085E-001                  2.4806112402348382E-001                  1.4170188295653530E-003                  1.8370767046648007E+000                  9.4296562551936778E-004                  5.7220636189873524E-052                                        0                 -9.8999999999999986E+001                 -9.9000000000000000E+001                 -9.9000000000000000E+001 
                                     730                  1.0654712224162624E+000                 -4.2144712977866045E-001                  7.0459238354988987E+000                  1.0331597185734069E+000                  1.6223363133067643E+001                  7.5028342587039376E-001                  2.4829769794461246E-001                  1.4188761849938114E-003                  1.9947627888940809E+000                  1.0407281472376393E-003                  9.3386240371749082E-052                                        0                 -9.8999999999999986E+001                 -9.9000000000000000E+001                 -9.9000000000000000E+001 
                                     731                  1.0551998259013335E+000                 -4.2506152657213514E-001                  7.0494656834031284E+000                  1.0421997032021739E+000                  1.6235881834489053E+001                  7.5003350819747328E-001                  2.4854566113067023E-001                  1.4208306718564989E-003                  2.1602607304574803E+000                  1.1350680667003221E-003                  1.5267203537257368E-051                                        0                 -9.8999999999999986E+001                 -9.9000000000000000E+001                 -9.9000000000000000E+001 
                                     732                  1.0448486897127860E+000                 -4.2871968857681980E-001                  7.0530301477016151E+000                  1.0512540794938876E+000                  1.6248433959524018E+001                  7.4977156001824574E-001                  2.4880558088550164E-001                  1.4228590962526155E-003                  2.3325642836846350E+000                  1.2211562219638916E-003                  2.5003901878599789E-051                                        0                 -9.8999999999999986E+001                 -9.9000000000000000E+001                 -9.9000000000000000E+001 
                                     733                  1.0344179795110389E+000                 -4.3242287997644280E-001                  7.0566178003631599E+000                  1.0603236189803764E+000                  1.6261020673122005E+001                  7.4949701176418970E-001                  2.4907805722145729E-001                  1.4249310143530369E-003                  2.5103700125106507E+000                  1.2933180785450163E-003                  4.1025496366858228E-051                                        0                 -9.8999999999999986E+001                 -9.9000000000000000E+001                 -9.9000000000000000E+001 
                                     734                  1.0239078880751513E+000                 -4.3617242034683129E-001                  7.0602292282349604E+000                  1.0694091456993122E+000                  1.6273643198955025E+001                  7.4920926610096084E-001                  2.4936372496548312E-001                  1.4270089335560732E-003                  2.6920828484630719E+000                  1.3453591750764121E-003                  6.7441062666082363E-051                                        0                 -9.8999999999999986E+001                 -9.9000000000000000E+001                 -9.9000000000000000E+001 
                                     735                  1.0133186362564390E+000                 -4.3996968782558715E-001                  7.0638650334323883E+000                  1.0785115405331558E+000                  1.6286302823037310E+001                  7.4890769475117036E-001                  2.4966325579616100E-001                  1.4290494526686404E-003                  2.8758423582046575E+000                  1.3711268963712757E-003                  1.1108281304209505E-050                                        0                 -9.8999999999999986E+001                 -9.9000000000000000E+001                 -9.9000000000000000E+001 
                                     736                  1.0026504739658328E+000                 -4.4381612250271335E-001                  7.0675258351724501E+000                  1.0876317447552686E+000                  1.6299000897617226E+001                  7.4859163429060560E-001                  2.4997736024590464E-001                  1.4310054634897318E-003                  3.0595726007181039E+000                  1.3653206317600761E-003                  1.8333668515345228E-050                                        0                 -9.8999999999999986E+001                 -9.9000000000000000E+001                 -9.9000000000000000E+001 
                                     737                  9.9190368119726657E-001                 -4.4771323006081115E-001                  7.0712122717606309E+000                  1.0967707641086215E+000                  1.6311738845367067E+001                  7.4826038087816638E-001                  2.5030678994503369E-001                  1.4328291767999879E-003                  3.2410565672643292E+000                  1.3245235037741884E-003                  3.0322213032690249E-050                                        0                 -9.8999999999999986E+001                 -9.9000000000000000E+001                 -9.9000000000000000E+001 
                                     738                  9.8107856908763358E-001                 -4.5166258568530065E-001                  7.0749250027141040E+000                  1.1059296734432933E+000                  1.6324518163899715E+001                  7.4791318407760177E-001                  2.5065233953627336E-001                  1.4344763861249277E-003                  3.4180336919646255E+000                  1.2482869875774729E-003                  5.0258724753337342E-050                                        0                 -9.8999999999999986E+001                 -9.9000000000000000E+001                 -9.9000000000000000E+001 
                                     739                  9.7017548101421658E-001                 -4.5566583826714802E-001                  7.0786647109992025E+000                  1.1151096217790111E+000                  1.6337340430642794E+001                  7.4754924019205971E-001                  2.5101484874174101E-001                  1.4359110661992247E-003                  3.5883158851534676E+000                  1.1400566402609423E-003                  8.3489552858981374E-050                                        0                 -9.8999999999999986E+001                 -9.9000000000000000E+001                 -9.9000000000000000E+001 
                                     740                  9.5919479373231864E-001                 -4.5972471492379691E-001                  7.0824321053549379E+000                  1.1243118376010484E+000                  1.6350207308104267E+001                  7.4716768581158555E-001                  2.5139520440477459E-001                  1.4371097836398672E-003                  3.7499146031625821E+000                  1.0076137000948784E-003                  1.3901294591522862E-049                                        0                 -9.8999999999999986E+001                 -9.9000000000000000E+001                 -9.9000000000000000E+001 
                                     741                  9.4813691855499993E-001                 -4.6384102586935005E-001                  7.0862279226712248E+000                  1.1335376341214862E+000                  1.6363120549567135E+001                  7.4676759245997726E-001                  2.5179434259351524E-001                  1.4380649465075557E-003                  3.9011689131322926E+000                  8.6272288438260817E-004                  2.3201413650515401E-049                                        0                 -9.8999999999999986E+001                 -9.9000000000000000E+001                 -9.9000000000000000E+001 
                                     742                  9.3700230257690742E-001                 -4.6801666967147532E-001                  7.0900529303909208E+000                  1.1427884142453171E+000                  1.6376082005256603E+001                  7.4634796320186036E-001                  2.5221325084029017E-001                  1.4387859578495199E-003                  4.0408631657649225E+000                  7.1981389005901036E-004                  3.8819052912123353E-049                                        0                 -9.8999999999999986E+001                 -9.9000000000000000E+001                 -9.9000000000000000E+001 
                                     743                  9.2579142994490260E-001                 -4.7225363893954725E-001                  7.0939079289099105E+000                  1.1520656751189311E+000                  1.6389093629028338E+001                  7.4590773172095559E-001                  2.5265297061542924E-001                  1.4392976636151689E-003                  4.1683229554268051E+000                  5.9381463848766510E-004                  6.5115359719042404E-049                                        0                 -9.8999999999999986E+001                 -9.9000000000000000E+001                 -9.9000000000000000E+001 
                                     744                  9.1450482317778736E-001                 -4.7655402649570083E-001                  7.0977937539587277E+000                  1.1613710123876269E+000                  1.6402157485634984E+001                  7.4544576371868521E-001                  2.5311460014473119E-001                  1.4396361365835997E-003                  4.2834799235359027E+000                  4.9762809535131274E-004                  1.0951371279188804E-048                                        0                 -9.8999999999999986E+001                 -9.9000000000000000E+001                 -9.9000000000000000E+001 
                                     745                  9.0314304453554828E-001                 -4.8092003208677159E-001                  7.1017112792008374E+000                  1.1707061243393424E+000                  1.6415275758635740E+001                  7.4496085968836279E-001                  2.5359929766497752E-001                  1.4398426466597503E-003                  4.3868991538169668E+000                  4.4003400496355372E-004                  1.8468877595311858E-048                                        0                 -9.8999999999999986E+001                 -9.9000000000000000E+001                 -9.9000000000000000E+001 
                                     746                  8.9170669744164610E-001                 -4.8535396969979661E-001                  7.1056614265904354E+000                  1.1800728089706685E+000                  1.6428450759021011E+001                  7.4445175749801118E-001                  2.5410828519043804E-001                  1.4399573115507769E-003                  4.4797680579995030E+000                  4.2479612216882406E-004                  3.1235049938594459E-048                                        0                 -9.8999999999999986E+001                 -9.9000000000000000E+001                 -9.9000000000000000E+001 
                                     747                  8.8019642796135056E-001                 -4.8985827562589457E-001                  7.1096451863378238E+000                  1.1894729528365744E+000                  1.6441684934643970E+001                  7.4391713308455953E-001                  2.5464285286208549E-001                  1.4400140533550321E-003                  4.5638498165685757E+000                  4.5135939714848248E-004                  5.2980950102831559E-048                                        0                 -9.8999999999999986E+001                 -9.9000000000000000E+001                 -9.9000000000000000E+001 
                                     748                  8.6861292633898357E-001                 -4.9443551745046099E-001                  7.1136636304934369E+000                  1.1989085284066008E+000                  1.6454980880574464E+001                  7.4335559809222629E-001                  2.5520436393981455E-001                  1.4400379679591069E-003                  4.6414063207865812E+000                  5.1686422813597194E-004                  9.0141187886418260E-048                                        0                 -9.8999999999999986E+001                 -9.9000000000000000E+001                 -9.9000000000000000E+001 
                                     749                  8.5695692859730888E-001                 -4.9908840399149518E-001                  7.1177179176299123E+000                  1.2083816026765952E+000                  1.6468341350495404E+001                  7.4276569425485750E-001                  2.5579426048667159E-001                  1.4400452584708567E-003                  4.7150998749529318E+000                  6.1864837956304285E-004                  1.5385343489806303E-047                                        0                 -9.8999999999999986E+001                 -9.9000000000000000E+001                 -9.9000000000000000E+001 
                                     750                  8.4522921820326635E-001                 -5.0381979617999528E-001                  7.1218092973224598E+000                  1.2178943480971236E+000                  1.6481769269265680E+001                  7.4214588522959291E-001                  2.5641406978948839E-001                  1.4400449809186533E-003                  4.7878857995265358E+000                  7.5631058698846657E-004                  2.6346947493918283E-047                                        0                 -9.8999999999999986E+001                 -9.9000000000000000E+001                 -9.9000000000000000E+001 
                                     751                  8.3343062780145916E-001                 -5.0863271897653928E-001                  7.1259391150649183E+000                  1.2274490548929597E+000                  1.6495267746789427E+001                  7.4149454698799544E-001                  2.5706541156062246E-001                  1.4400414513821014E-003                  4.8629068240554600E+000                  9.3282946360372077E-004                  4.5274746839212973E-047                                        0                 -9.8999999999999986E+001                 -9.9000000000000000E+001                 -9.9000000000000000E+001 
                                     752                  8.2156204101956398E-001                 -5.1353037444161942E-001                  7.1301088177260219E+000                  1.2370481444842640E+000                  1.6508840093349402E+001                  7.4080995766294244E-001                  2.5775000597177306E-001                  1.4400363652844472E-003                  4.9433984687853982E+000                  1.1548461895614099E-003                  7.8082304209192641E-047                                        0                 -9.8999999999999986E+001                 -9.9000000000000000E+001                 -9.9000000000000000E+001 
                                     753                  8.0962439435020406E-001                 -5.1851615609848944E-001                  7.1343199596577911E+000                  1.2466941839371886E+000                  1.6522489836585734E+001                  7.4009028722147741E-001                  2.5846968257333791E-001                  1.4400302051846836E-003                  5.0326122870373231E+000                  1.4326064237022748E-003                  1.3517409131332940E-046                                        0                 -9.8999999999999986E+001                 -9.9000000000000000E+001                 -9.9000000000000000E+001 
                                     754                  7.9761867911358864E-001                 -5.2359366474993341E-001                  7.1385742095726670E+000                  1.2563899015767750E+000                  1.6536220740329149E+001                  7.3933358686612682E-001                  2.5922639015769100E-001                  1.4400229761821759E-003                  5.1337610786601289E+000                  1.7800523199754622E-003                  2.3494020712630343E-046                                        0                 -9.8999999999999986E+001                 -9.9000000000000000E+001                 -9.9000000000000000E+001 
                                     755                  7.8554594350558504E-001                 -5.2876672593428686E-001                  7.1428733583099548E+000                  1.2661382040007569E+000                  1.6550036825529887E+001                  7.3853777784822328E-001                  2.6002220764222095E-001                  1.4400145095557759E-003                  5.2499874935588382E+000                  2.2153267795334180E-003                  4.1004240011473889E-046                                        0                 -9.8999999999999986E+001                 -9.9000000000000000E+001                 -9.9000000000000000E+001 
                                     756                  7.7340729473679581E-001                 -5.3403940923300641E-001                  7.1472193276164990E+000                  1.2759421947719622E+000                  1.6563942393561785E+001                  7.3770063937002528E-001                  2.6085935607164845E-001                  1.4400045583262688E-003                  5.3843553044714625E+000                  2.7617555218899617E-003                  7.1878394111494270E-046                                        0                 -9.8999999999999986E+001                 -9.9000000000000000E+001                 -9.9000000000000000E+001 
                                     757                  7.6120390126714255E-001                 -5.3941604967433765E-001                  7.1516141799019062E+000                  1.2858051952487339E+000                  1.6577942052226902E+001                  7.3681979531788167E-001                  2.6174021186687357E-001                  1.4399928152447616E-003                  5.5398611015606560E+000                  3.4493200961271072E-003                  1.2657948242280940E-045                                        0                 -9.8999999999999986E+001                 -9.9000000000000000E+001                 -9.9000000000000000E+001 
                                     758                  7.4893699514128143E-001                 -5.4490127151302481E-001                  7.1560601207553445E+000                  1.2957307763164509E+000                  1.6592040744837806E+001                  7.3589269961349402E-001                  2.6266732147952049E-001                  1.4399789069854396E-003                  5.7194627798240774E+000                  4.3166863878547337E-003                  2.2398935626312506E-045                                        0                 -9.8999999999999986E+001                 -9.9000000000000000E+001                 -9.9000000000000000E+001 
                                     759                  7.3660787443163833E-001                 -5.5050001459883691E-001                  7.1605594896394296E+000                  1.3057228061598891E+000                  1.6606243782802935E+001                  7.3491661997914726E-001                  2.6364341763971849E-001                  1.4399623811343076E-003                  5.9261207606709139E+000                  5.4139396945105866E-003                  3.9838270181491861E-045                                        0                 -9.8999999999999986E+001                 -9.9000000000000000E+001                 -9.9000000000000000E+001 
                                     760                  7.2421790579585432E-001                 -5.5621756351409724E-001                  7.1651147576309944E+000                  1.3157854955500468E+000                  1.6620556882190240E+001                  7.3388861992045284E-001                  2.6467143738997057E-001                  1.4399426895765899E-003                  6.1628502198144810E+000                  6.8062766653145439E-003                  7.1235832185849794E-045                                        0                 -9.8999999999999986E+001                 -9.9000000000000000E+001                 -9.9000000000000000E+001 
                                     761                  7.1176852715584316E-001                 -5.6205957994426736E-001                  7.1697285380409044E+000                  1.3259234354118428E+000                  1.6634986204836128E+001                  7.3280553867845133E-001                  2.6575454215335315E-001                  1.4399191681955248E-003                  6.4327820513587870E+000                  8.5790190215138517E-003                  1.2809845294784300E-044                                        0                 -9.8999999999999986E+001                 -9.9000000000000000E+001                 -9.9000000000000000E+001 
                                     762                  6.9926125050656274E-001                 -5.6803213890527349E-001                  7.1744035992785653E+000                  1.3361416382575593E+000                  1.6649538404688450E+001                  7.3166396875015716E-001                  2.6689614023705904E-001                  1.4398910127837450E-003                  6.7392289904788623E+000                  1.0844461637019222E-002                  2.3172140570055243E-044                                        0                 -9.8999999999999986E+001                 -9.9000000000000000E+001                 -9.9000000000000000E+001 
                                     763                  6.8669766486289097E-001                 -5.7414176940506678E-001                  7.1791428791972436E+000                  1.3464455852509054E+000                  1.6664220680198152E+001                  7.3046023050912146E-001                  2.6809991224055735E-001                  1.4398572503211415E-003                  7.0857551364037281E+000                  1.3751275553559004E-002                  4.2179613288140248E-044                                        0                 -9.8999999999999986E+001                 -9.9000000000000000E+001                 -9.9000000000000000E+001 
                                     764                  6.7407943935341308E-001                 -5.8039550020354591E-001                  7.1839495011172758E+000                  1.3568412798397063E+000                  1.6679040833724876E+001                  7.2919034347579093E-001                  2.6936983981909901E-001                  1.4398167051100641E-003                  7.4762481322978784E+000                  1.7497470762030867E-002                  7.7285683641527257E-044                                        0                 -9.8999999999999986E+001                 -9.9000000000000000E+001                 -9.9000000000000000E+001 
                                     765                  6.6140832647152215E-001                 -5.8680091145244895E-001                  7.1888267917649262E+000                  1.3673353090736307E+000                  1.6694007339104008E+001                  7.2784999369573644E-001                  2.7071023834518770E-001                  1.4397679590758550E-003                  7.9149942934755506E+000                  2.2348305278394660E-002                  1.4259711729441130E-043                                        0                 -9.8999999999999986E+001                 -9.9000000000000000E+001                 -9.9000000000000000E+001 
                                     766                  6.4868616549482971E-001                 -5.9336619313955807E-001                  7.1937783014159589E+000                  1.3779349139508634E+000                  1.6709129418746002E+001                  7.2643449651937053E-001                  2.7212579417503979E-001                  1.4397093055896759E-003                  8.4067582461702077E+000                  2.8661027500192417E-002                  2.6503502330893476E-043                                        0                 -9.8999999999999986E+001                 -9.9000000000000000E+001                 -9.9000000000000000E+001 
                                     767                  6.3591488608492797E-001                 -6.0010021143419601E-001                  7.1988078265964983E+000                  1.3886480704109525E+000                  1.6724417131912730E+001                  7.2493875393052110E-001                  2.7362160737414704E-001                  1.4396386953319240E-003                  8.9568699864633192E+000                  3.6918978191360259E-002                  4.9642497505934839E-043                                        0                 -9.8999999999999986E+001                 -9.9000000000000000E+001                 -9.9000000000000000E+001 
                                     768                  6.2309651208049588E-001                 -6.0701258424139060E-001                  7.2039194381449247E+000                  1.3994835805147847E+000                  1.6739881476153041E+001                  7.2335720540299153E-001                  2.7520324092436949E-001                  1.4395536726390379E-003                  9.5713238267644094E+000                  4.7778391545791984E-002                  9.3745750775668179E-043                                        0                 -9.8999999999999986E+001                 -9.9000000000000000E+001                 -9.9000000000000000E+001 
                                     769                  6.1023316549806761E-001                 -6.1411376756992819E-001                  7.2091175340102902E+000                  1.4104511571074847E+000                  1.6755534504303345E+001                  7.2168377103078885E-001                  2.7687677767084801E-001                  1.4394512983630925E-003                  1.0256897012456493E+001                  6.2132340832865597E-002                  1.7856740566357171E-042                                        0                 -9.8999999999999986E+001                 -9.9000000000000000E+001                 -9.9000000000000000E+001 
                                     770                  5.9732707075606395E-001                 -6.2141515497552036E-001                  7.2144069092754686E+000                  1.4215615131300710E+000                  1.6771389460035351E+001                  7.1991178538562828E-001                  2.7864888656145809E-001                  1.4393280529136909E-003                  1.1021295628398281E+001                  8.1197827959615290E-002                  3.4326453888419073E-042                                        0                 -9.8999999999999986E+001                 -9.9000000000000000E+001                 -9.9000000000000000E+001 
                                     771                  5.8438055913948128E-001                 -6.2892919268449221E-001                  7.2197928166398624E+000                  1.4328264870816829E+000                  1.6787460935638158E+001                  7.1803392017148338E-001                  2.8052690011950010E-001                  1.4391797090165248E-003                  1.1873334308008518E+001                  1.0663453893860465E-001                  6.6631048997226937E-042                                        0                 -9.8999999999999986E+001                 -9.9000000000000000E+001                 -9.9000000000000000E+001 
                                     772                  5.7139607352415400E-001                 -6.3666951307007458E-001                  7.2252810255113626E+000                  1.4442592018434808E+000                  1.6803765056541152E+001                  7.1604209325155788E-001                  2.8251890558893278E-001                  1.4390011595093455E-003                  1.2823159981058000E+001                  1.4070855794328443E-001                  1.3068151103361230E-041                                        0                 -9.8999999999999986E+001                 -9.9000000000000000E+001                 -9.9000000000000000E+001 
                                     773                  5.5837617338157475E-001                 -6.4465108987472552E-001                  7.2308778904849094E+000                  1.4558742527331798E+000                  1.6820319698144473E+001                  7.1392736096407694E-001                  2.8463385285376480E-001                  1.4387861821583137E-003                  1.3882530684874659E+001                  1.8652318211730715E-001                  2.5914177218154146E-041                                        0                 -9.8999999999999986E+001                 -9.9000000000000000E+001                 -9.9000000000000000E+001 
                                     774                  5.4532354008734407E-001                 -6.5289041953379001E-001                  7.2365904309579259E+000                  1.4676879315164912E+000                  1.6837144741909778E+001                  7.1167978974853974E-001                  2.8688168312581036E-001                  1.4385271256498466E-003                  1.5065158744331695E+001                  2.4835436909277170E-001                  5.1996406360789505E-041                                        0                 -9.8999999999999986E+001                 -9.9000000000000000E+001                 -9.9000000000000000E+001 
                                     775                  5.3224098255825691E-001                 -6.6140573399589730E-001                  7.2424264238585820E+000                  1.4797184952327198E+000                  1.6854262379452770E+001                  7.0928830164692414E-001                  2.8927348384542778E-001                  1.4382145076481390E-003                  1.6387126531315872E+001                  3.3215274037315229E-001                  1.0565349335956677E-040                                        0                 -9.8999999999999986E+001                 -9.9000000000000000E+001                 -9.9000000000000000E+001 
                                     776                  5.1913144324697136E-001                 -6.7021725175826041E-001                  7.2483945117815285E+000                  1.4919864914314971E+000                  1.6871697475706721E+001                  7.0674048633131636E-001                  2.9182167714194546E-001                  1.4378365267382343E-003                  1.7867381283843056E+001                  4.4630954249368449E-001                  2.1760617689694919E-040                                        0                 -9.8999999999999986E+001                 -9.9000000000000000E+001                 -9.9000000000000000E+001 
                                     777                  5.0599800452611854E-001                 -6.7934747553226593E-001                  7.2545043280479815E+000                  1.5045151560603038E+000                  1.6889478005281493E+001                  7.0402237030910475E-001                  2.9454025119578187E-001                  1.4373784951133839E-003                  1.9528312693281197E+001                  6.0283489734348761E-001                  4.5476145833345932E-040                                        0                 -9.8999999999999986E+001                 -9.9000000000000000E+001                 -9.9000000000000000E+001 
                                     778                  4.9284389549674307E-001                 -6.8882154712371702E-001                  7.2607666331474627E+000                  1.5173309127436554E+000                  1.6907635580179328E+001                  7.0111813060584405E-001                  2.9744504720392057E-001                  1.4368221902354428E-003                  2.1396411603253870E+001                  8.1917657969755298E-001                  9.6543247645736527E-040                                        0                 -9.8999999999999986E+001                 -9.9000000000000000E+001                 -9.9000000000000000E+001 
                                     779                  4.7967249926035976E-001                 -6.9866767275108344E-001                  7.2671931516775201E+000                  1.5304641605250684E+000                  1.6926206092384003E+001                  6.9800973797839250E-001                  3.0055411691720751E-001                  1.4361451044000439E-003                  2.3502929757086513E+001                  1.1210334848259280E+000                  2.0846475405334928E-039                                        0                 -9.8999999999999986E+001                 -9.9000000000000000E+001                 -9.9000000000000000E+001 
                                     780                  4.6648736069864355E-001                 -7.0891763175031852E-001                  7.2721547291270330E+000                  1.5406346560425406E+000                  1.6940550167735502E+001                  6.9554089859410584E-001                  3.0302355286304750E-001                  1.4355485428466652E-003                  2.5274219449775917E+001                  1.4277108054721215E+000                  3.7696945901721329E-039                                        0                 -9.8999999999999986E+001                 -9.9000000000000000E+001                 -9.9000000000000000E+001 
                                     781                  4.5988977775410844E-001                 -7.1420481152958426E-001                  7.2755037160011140E+000                  1.5474725334141033E+000                  1.6950183709777107E+001                  6.9381200527560793E-001                  3.0475290448366438E-001                  1.4350902407276322E-003                  2.6541698794282109E+001                  1.6809804244058761E+000                  5.6180264663994660E-039                                        0                 -9.8999999999999986E+001                 -9.9000000000000000E+001                 -9.9000000000000000E+001 
                                     782                  4.5329219480957367E-001                 -7.1960509239490256E-001                  7.2805909565650353E+000                  1.5578195475231549E+000                  1.6964745946596075E+001                  6.9109453803023679E-001                  3.0747115033092659E-001                  1.4343116388366717E-003                  2.8583672211567681E+001                  2.1544962841316186E+000                  1.0284711454288065E-038                                        0                 -9.8999999999999986E+001                 -9.9000000000000000E+001                 -9.9000000000000000E+001 
                                     783                  4.4009089565572523E-001                 -7.3077564984708165E-001                  7.2875958551492355E+000                  1.5721374392727621E+000                  1.6984826444682518E+001                  6.8723585739316873E-001                  3.1133106263836502E-001                  1.4330799684663109E-003                  3.1652481006887239E+001                  3.0342281187266149E+000                  2.3584712392534762E-038                                        0                 -9.8999999999999986E+001                 -9.9000000000000000E+001                 -9.9000000000000000E+001 
                                     784                  4.2688754598844292E-001                 -7.4247379607224551E-001                  7.2948292925548177E+000                  1.5869505717044143E+000                  1.7005525149591101E+001                  6.8306702978325395E-001                  3.1550139616249806E-001                  1.4315740542479860E-003                  3.5148248379597568E+001                  4.3266932262894420E+000                  5.5393728124865076E-038                                        0                 -9.8999999999999986E+001                 -9.9000000000000000E+001                 -9.9000000000000000E+001 
                                     785                  4.1368642761860736E-001                 -7.5475342191090256E-001                  7.3004548616351759E+000                  1.5985605421259617E+000                  1.7021667467047582E+001                  6.7969906535069691E-001                  3.1887071404772582E-001                  1.4302206015772700E-003                  3.8116058595769019E+001                  5.7089861941283626E+000                  1.0740439305815734E-037                                        0                 -9.8999999999999986E+001                 -9.9000000000000000E+001                 -9.9000000000000000E+001 
                                     786                  4.0708923011668935E-001                 -7.6112723311907760E-001                  7.3033149902616188E+000                  1.6044571759098218E+000                  1.7029855047567100E+001                  6.7794667498690320E-001                  3.2062384997052545E-001                  1.4294750425714042E-003                  3.9708773329229778E+001                  6.5747182166202949E+000                  1.5026391695139365E-037                                        0                 -9.8999999999999986E+001                 -9.9000000000000000E+001                 -9.9000000000000000E+001 
                                     787                  4.0379063136573035E-001                 -7.6437761820280825E-001                  7.3047576151257427E+000                  1.6074290380974749E+000                  1.7033980220658979E+001                  6.7705263212003319E-001                  3.2151828390601872E-001                  1.4290839739481420E-003                  4.0533865893949972E+001                  7.0604168830702720E+000                  1.7795696441938715E-037                                        0                 -9.8999999999999986E+001                 -9.9000000000000000E+001                 -9.9000000000000000E+001 
                                     788                  4.0214133199025121E-001                 -7.6601925769357582E-001                  7.3054821306189366E+000                  1.6089208201459952E+000                  1.7036050860314912E+001                  6.7660110887676150E-001                  3.2197000734362236E-001                  1.4288837796161413E-003                  4.0953770988047268E+001                  7.3178137046173264E+000                  1.9372393354205468E-037                                        0                 -9.8999999999999986E+001                 -9.9000000000000000E+001                 -9.9000000000000000E+001 
                                     789                  4.0131668230251172E-001                 -7.6684426486255208E-001                  7.3059661518983052E+000                  1.6099168124919103E+000                  1.7037433456670914E+001                  6.7629849991330226E-001                  3.2227275145968642E-001                  1.4287486270112559E-003                  4.1236325008731207E+001                  7.4950068111311658E+000                  2.0502351817717984E-037                                        0                 -9.8999999999999986E+001                 -9.9000000000000000E+001                 -9.9000000000000000E+001 
                                     790                  4.0049203261477201E-001                 -7.6767209452018159E-001                  7.3064472415405195E+000                  1.6234923141429225E+000                  1.7038818748173671E+001                  6.3940642779545487E-001                  3.5921656223842530E-001                  1.3770099661198909E-003                  3.9585924818686770E+001                  1.3616069838231120E+001                  3.1761108023850162E-037                                        0                 -9.8999999999999986E+001                 -9.9000000000000000E+001                 -9.9000000000000000E+001 
                                     791                  3.9966809779014428E-001                 -7.6847828916122640E-001                  7.3069251710121774E+000                  1.6249119211559140E+000                  1.7040206451703284E+001                  6.3792993736205916E-001                  3.6069348064083140E-001                  1.3765819971094384E-003                  3.9788804229061078E+001                  1.3966735580582769E+001                  3.3978870159691901E-037                                        0                 -9.8999999999999986E+001                 -9.9000000000000000E+001                 -9.9000000000000000E+001 
                                     792                  3.9884416296551645E-001                 -7.6928634556047482E-001                  7.3076431021984867E+000                  1.6270444916029796E+000                  1.7042290883238866E+001                  6.3571361817794236E-001                  3.6291043943623097E-001                  1.3759423858266118E-003                  4.0094068776959055E+001                  1.4509143935740926E+001                  3.7599282035334650E-037                                        0                 -9.8999999999999986E+001                 -9.9000000000000000E+001                 -9.9000000000000000E+001 
                                     793                  3.9719629331625972E-001                 -7.7090808878218986E-001                  7.3090835361485409E+000                  1.6313248432172416E+000                  1.7046474685693937E+001                  6.3127479435081635E-001                  3.6735053340421675E-001                  1.3746722449669013E-003                  4.0708406813781934E+001                  1.5656301646614253E+001                  4.6043806494368231E-037                                        0                 -9.8999999999999986E+001                 -9.9000000000000000E+001                 -9.9000000000000000E+001 
                                     794                  3.9390055401774748E-001                 -7.7417439477831318E-001                  7.3110142944941092E+000                  1.6408429464287531E+000                  1.7052111643530509E+001                  6.1476294837373513E-001                  3.8386812531351638E-001                  1.3689263127485418E-003                  4.0874827652637144E+001                  1.7679883601914874E+001                  6.6789483773284330E-037                                        0                 -9.8999999999999986E+001                 -9.9000000000000000E+001                 -9.9000000000000000E+001 
                                     795                  3.9060481471923592E-001                 -7.7744283748061205E-001                  7.3129558482774781E+000                  1.6449838883877785E+000                  1.7057797658752076E+001                  6.1355494676738653E-001                  3.8507614993698408E-001                  1.3689032956294422E-003                  4.1993300678082093E+001                  1.9305768279371300E+001                  8.3655441281642230E-037                                        0                 -9.8999999999999986E+001                 -9.9000000000000000E+001                 -9.9000000000000000E+001 
                                     796                  3.8730907542072379E-001                 -7.8075468337585396E-001                  7.3158823945551861E+000                  1.6569780790746405E+000                  1.7066367539628100E+001                  5.9572730446180633E-001                  4.0290730508361311E-001                  1.3653904545805062E-003                  4.2592883326122568E+001                  2.2335263620701195E+001                  1.3616387409864222E-036                                        0                 -9.8999999999999986E+001                 -9.9000000000000000E+001                 -9.9000000000000000E+001 
                                     797                  3.8072579070938489E-001                 -7.8741500397123676E-001                  7.3198212298367915E+000                  1.6739899636461664E+000                  1.7078030448569514E+001                  5.7005613213709827E-001                  4.2858109912116510E-001                  1.3627687417365753E-003                  4.3087865541294221E+001                  2.6644204884329451E+001                  2.6374256622091238E-036                                        0                 -9.8999999999999986E+001                 -9.9000000000000000E+001                 -9.9000000000000000E+001 
                                     798                  3.7414250599804599E-001                 -7.9412208910246951E-001                  7.3233066136358502E+000                  1.6839585987270502E+000                  1.7088423367290140E+001                  5.6149884653537119E-001                  4.3713878302200687E-001                  1.3623704426219962E-003                  4.4558493684734202E+001                  3.1034458384113922E+001                  4.1593281402035805E-036                                        0                 -9.8999999999999986E+001                 -9.9000000000000000E+001                 -9.9000000000000000E+001 
                                     799                  3.6921313779184645E-001                 -7.9923490228067240E-001                  7.3263155451972333E+000                  1.6973871531355220E+000                  1.7097426205196186E+001                  5.4139862279834949E-001                  4.5723990226640454E-001                  1.3614749352459654E-003                  4.4610082734911472E+001                  3.5107911975053739E+001                  6.8478753191969986E-036                                        0                 -9.8999999999999986E+001                 -9.9000000000000000E+001                 -9.9000000000000000E+001 
                                     800                  3.6428376958564507E-001                 -8.0437065392376861E-001                  7.3288359843948365E+000                  1.7108917264075463E+000                  1.7105039940861527E+001                  5.1915623894944307E-001                  4.7948262864070440E-001                  1.3611324098525834E-003                  4.3950694336223208E+001                  3.8562525990276107E+001                  1.0816155137806560E-035                                        0                 -9.8999999999999986E+001                 -9.9000000000000000E+001                 -9.9000000000000000E+001 
                                     801                  3.6099752411484559E-001                 -8.0778928661371330E-001                  7.3318640473038910E+000                  1.7205914242882749E+000                  1.7114192365252503E+001                  5.0961512651827989E-001                  4.8902390584499483E-001                  1.3609676367252188E-003                  4.4771800249893232E+001                  4.3793900200016886E+001                  1.6232550355323716E-035                                        0                 -9.8999999999999986E+001                 -9.9000000000000000E+001                 -9.9000000000000000E+001 
                                     802                  3.5443855951678832E-001                 -8.1470371742118119E-001                  7.3349217023895115E+000                  1.7369372579078557E+000                  1.7123557029822315E+001                  4.8385128615149209E-001                  5.1478796828107598E-001                  1.3607455674319313E-003                  4.3656321354834603E+001                  4.8919740863026433E+001                  2.7690521381996220E-035                                        0                 -9.8999999999999986E+001                 -9.9000000000000000E+001                 -9.9000000000000000E+001 
                                     803                  3.5116317724690810E-001                 -8.1815046997858853E-001                  7.3369639929537955E+000                  1.7433065288488341E+000                  1.7129822924315853E+001                  4.7824006022032040E-001                  5.2039921422668922E-001                  1.3607255529903828E-003                  4.4168889562609010E+001                  5.3269493994097054E+001                  3.6083313609205884E-035                                        0                 -9.8999999999999986E+001                 -9.9000000000000000E+001                 -9.9000000000000000E+001 
                                     804                  3.4788779497702799E-001                 -8.2162926601696495E-001                  7.3385064916844325E+000                  1.7481332645586172E+000                  1.7134569551178465E+001                  4.7400958974006441E-001                  5.2462970238269135E-001                  1.3607078772441827E-003                  4.4542452821389233E+001                  5.6802010115191784E+001                  4.4051644312941673E-035                                        0                 -9.8999999999999986E+001                 -9.9000000000000000E+001                 -9.9000000000000000E+001 
                                     805                  3.4625010384208738E-001                 -8.2338082825416969E-001                  7.3395375377453629E+000                  1.7513347213472712E+000                  1.7137741256513554E+001                  4.7124731631532946E-001                  5.2739198667184706E-001                  1.3606970128234863E-003                  4.4792621366594865E+001                  5.9292533521609535E+001                  5.0301330080111426E-035                                        0                 -9.8999999999999986E+001                 -9.9000000000000000E+001                 -9.9000000000000000E+001 
                                     806                  3.4461241270714682E-001                 -8.2514074168178142E-001                  7.3410882319675226E+000                  1.7561124086334998E+000                  1.7142509883659979E+001                  4.6719094003084954E-001                  5.3144837886806373E-001                  1.3606811010866693E-003                  4.5170132145133998E+001                  6.3244901674608094E+001                  6.1345657585129339E-035                                        0                 -9.8999999999999986E+001                 -9.9000000000000000E+001                 -9.9000000000000000E+001 
                                     807                  3.4133703043726654E-001                 -8.2868637444544557E-001                  7.3426496935105350E+000                  1.7608249010357868E+000                  1.7147331991829013E+001                  4.6341056679164999E-001                  5.3522876620929716E-001                  1.3606669990529063E-003                  4.5579947517428153E+001                  6.7509227032062498E+001                  7.4729003966429894E-035                                        0                 -9.8999999999999986E+001                 -9.9000000000000000E+001                 -9.9000000000000000E+001 
                                     808                  3.3970381736880018E-001                 -8.3046777167250307E-001                  7.3436915395128057E+000                  1.7641282216032101E+000                  1.7150548444223080E+001                  4.6050235212925295E-001                  5.3813699364770262E-001                  1.3606542230444330E-003                  4.5793817309085270E+001                  7.0474913958049697E+001                  8.5476828840089827E-035                                        0                 -9.8999999999999986E+001                 -9.9000000000000000E+001                 -9.9000000000000000E+001 
                                     809                  3.3807060430033375E-001                 -8.3225761196927261E-001                  7.3447366395998168E+000                  1.7675452953265087E+000                  1.7153778575488740E+001                  4.5734866441865690E-001                  5.4129069630916837E-001                  1.3606392721747795E-003                  4.5968702246969599E+001                  7.3555147706930313E+001                  9.7970204000965630E-035                                        0                 -9.8999999999999986E+001                 -9.9000000000000000E+001                 -9.9000000000000000E+001 
                                     810                  3.3643739123186739E-001                 -8.3405556721045482E-001                  7.3457848670434958E+000                  1.7711044384401071E+000                  1.7157022507914608E+001                  4.5388381699180158E-001                  5.4475556172550976E-001                  1.3606212826886566E-003                  4.6093534004004518E+001                  7.6746271756652035E+001                  1.1257066739070697E-034                                        0                 -9.8999999999999986E+001                 -9.9000000000000000E+001                 -9.9000000000000000E+001 
                                     811                  3.3480417816340097E-001                 -8.3586118183620117E-001                  7.3473606976042811E+000                  1.7767036274984556E+000                  1.7161900151556186E+001                  4.4809710319151552E-001                  5.5054230814180583E-001                  1.3605886666786526E-003                  4.6179169792738683E+001                  8.1733994400360231E+001                  1.3926059986154583E-034                                        0                 -9.8999999999999986E+001                 -9.9000000000000000E+001                 -9.9000000000000000E+001 
                                     812                  3.3153775202646757E-001                 -8.3949367202086489E-001                  7.3494740997935457E+000                  1.7846188620963335E+000                  1.7168472101193412E+001                  4.3948748847326291E-001                  5.5915191808976761E-001                  1.3605934369694817E-003                  4.6129528664368451E+001                  8.8820884259512411E+001                  1.8629705830289123E-034                                        0                 -9.8999999999999986E+001                 -9.9000000000000000E+001                 -9.9000000000000000E+001 
                                     813                  3.2827132588953423E-001                 -8.4315151070537686E-001                  7.3510665318675672E+000                  1.7912135248564323E+000                  1.7173450596223883E+001                  4.3161250691716879E-001                  5.6702681114126374E-001                  1.3606819415674654E-003                  4.5846752617823221E+001                  9.4379011758245554E+001                  2.3420943883056114E-034                                        0                 -9.8999999999999986E+001                 -9.9000000000000000E+001                 -9.9000000000000000E+001 
                                     814                  3.2664054087296734E-001                 -8.4498466447573906E-001                  7.3521286818125189E+000                  1.7954356416794048E+000                  1.7176774098859227E+001                  4.2682082362485435E-001                  5.7181856593490421E-001                  1.3606104402414942E-003                  4.5707956538661257E+001                  9.8305925854595117E+001                  2.7183972702813269E-034                                        0                 -9.8999999999999986E+001                 -9.9000000000000000E+001                 -9.9000000000000000E+001 
                                     815                  3.2500975585640046E-001                 -8.4682325227865063E-001                  7.3531931674988602E+000                  1.7996404283069927E+000                  1.7180111789526297E+001                  4.2212238987714851E-001                  5.7651717032699501E-001                  1.3604397958564274E-003                  4.5570378809582884E+001                  1.0239572640721904E+002                  3.1531900470575295E-034                                        0                 -9.8999999999999986E+001                 -9.9000000000000000E+001                 -9.9000000000000000E+001 
                                     816                  3.2337897083983363E-001                 -8.4866743404866563E-001                  7.3539935209157319E+000                  1.8028218124406699E+000                  1.7182628150189835E+001                  4.1857503678444413E-001                  5.8006457362457386E-001                  1.3603895909819474E-003                  4.5455423795796378E+001                  1.0558184531043786E+002                  3.5252755937940529E-034                                        0                 -9.8999999999999986E+001                 -9.9000000000000000E+001                 -9.9000000000000000E+001 
                                     817                  3.2256357833155064E-001                 -8.4959159381274141E-001                  7.3545275002776194E+000                  1.8049475651281459E+000                  1.7184307666476567E+001                  4.1621009610753695E-001                  5.8242954649098122E-001                  1.3603574014817710E-003                  4.5374356210052113E+001                  1.0775841552242989E+002                  3.7973286872402754E-034                                        0                 -9.8999999999999986E+001                 -9.9000000000000000E+001                 -9.9000000000000000E+001 
                                     818                  3.2174818582326764E-001                 -8.5051713522008554E-001                  7.3553235719744361E+000                  1.8218374016632684E+000                  1.7186824042023943E+001                  3.8121964777488837E-001                  6.1742005355452934E-001                  1.3602986705822939E-003                  4.0190840018827132E+001                  1.0604243745908236E+002                  5.2905030459153188E-034                                        0                 -9.8999999999999986E+001                 -9.9000000000000000E+001                 -9.9000000000000000E+001 
                                     819                  3.2012305317966677E-001                 -8.5230815725403342E-001                  7.3563771578477928E+000                  1.8244342097199751E+000                  1.7190190969626734E+001                  3.8045647052456000E-001                  6.1818320740677390E-001                  1.3603220686660977E-003                  4.0585269692277997E+001                  1.1099641863121502E+002                  5.9575556047224436E-034                                        0                 -9.8999999999999986E+001                 -9.9000000000000000E+001                 -9.9000000000000000E+001 
                                     820                  3.1849792053606585E-001                 -8.5411073700229900E-001                  7.3579622900734183E+000                  1.8283354066340856E+000                  1.7195250502342329E+001                  3.7931105270095633E-001                  6.1932859565084042E-001                  1.3603516482032507E-003                  4.1181713778159995E+001                  1.1887878928210485E+002                  7.1216011528216784E-034                                        0                 -9.8999999999999986E+001                 -9.9000000000000000E+001                 -9.9000000000000000E+001 
                                     821                  3.1524765524886439E-001                 -8.5775139177825688E-001                  7.3598255749017314E+000                  1.8329345986538594E+000                  1.7201212686246482E+001                  3.7797396653084209E-001                  6.2066566379123267E-001                  1.3603696779251884E-003                  4.1890686062819839E+001                  1.2883273023378899E+002                  8.7822294715555694E-034                                        0                 -9.8999999999999986E+001                 -9.9000000000000000E+001                 -9.9000000000000000E+001 
                                     822                  3.1281320211517338E-001                 -8.6050985031352223E-001                  7.3614294839814036E+000                  1.8368936978172821E+000                  1.7206344239995449E+001                  3.7682713984339489E-001                  6.2181248531741251E-001                  1.3603748391926018E-003                  4.2505937499091260E+001                  1.3807146249513721E+002                  1.0516612492095199E-033                                        0                 -9.8999999999999986E+001                 -9.9000000000000000E+001                 -9.9000000000000000E+001 
                                     823                  3.1037874898148266E-001                 -8.6329612757958230E-001                  7.3630418649147380E+000                  1.8408782388075453E+000                  1.7211506666419140E+001                  3.7567867806957350E-001                  6.2296094167351934E-001                  1.3603802569071011E-003                  4.3129687474291003E+001                  1.4801671819286372E+002                  1.2603546594791440E-033                                        0                 -9.8999999999999986E+001                 -9.9000000000000000E+001                 -9.9000000000000000E+001 
                                     824                  3.0794429584779159E-001                 -8.6611088651854551E-001                  7.3650652969719426E+000                  1.8465616352877292E+000                  1.7217986277529477E+001                  3.7271787713419796E-001                  6.2592174069112938E-001                  1.3603821746726030E-003                  4.3645696916614398E+001                  1.6109762765801648E+002                  1.5981292534361827E-033                                        0                 -9.8999999999999986E+001                 -9.9000000000000000E+001                 -9.9000000000000000E+001 
                                     825                  3.0429586197896463E-001                 -8.7037742772454363E-001                  7.3671000939605253E+000                  1.8542059382531511E+000                  1.7224539557527702E+001                  3.6554399940162846E-001                  6.3309565389787115E-001                  1.3603467005003367E-003                  4.3393267397363424E+001                  1.7417669036558496E+002                  2.0881840369285439E-033                                        0                 -9.8999999999999986E+001                 -9.9000000000000000E+001                 -9.9000000000000000E+001 
                                     826                  3.0186790050869194E-001                 -8.7323675863985906E-001                  7.3683233050239094E+000                  1.8586813649863165E+000                  1.7228491892790426E+001                  3.6155668879169911E-001                  6.3708301294923297E-001                  1.3602982590679158E-003                  4.3284669618411598E+001                  1.8261229407563712E+002                  2.4466381586196587E-033                                        0                 -9.8999999999999986E+001                 -9.9000000000000000E+001                 -9.9000000000000000E+001 
                                     827                  3.0065391977355616E-001                 -8.7467293421270975E-001                  7.3695470789170017E+000                  1.8634217409536940E+000                  1.7232444611308093E+001                  3.5700592918551799E-001                  6.4163385243318127E-001                  1.3602183813007374E-003                  4.3058414763278300E+001                  1.9124105468568843E+002                  2.8773878731230264E-033                                        0                 -9.8999999999999986E+001                 -9.9000000000000000E+001                 -9.9000000000000000E+001 
                                     828                  2.9822595830328352E-001                 -8.7755677835351109E-001                  7.3711829814349610E+000                  1.8705927599272290E+000                  1.7237756087861953E+001                  3.4919964776400653E-001                  6.4944023230194448E-001                  1.3601199340489423E-003                  4.2409250029907703E+001                  2.0275802769602569E+002                  3.6154214486513055E-033                                        0                 -9.8999999999999986E+001                 -9.9000000000000000E+001                 -9.9000000000000000E+001 
                                     829                  2.9579799683301067E-001                 -8.8045056940377719E-001                  7.3725451001092317E+000                  1.8773940980924451E+000                  1.7242206358760473E+001                  3.4101550957785109E-001                  6.5762424892186255E-001                  1.3602415002863522E-003                  4.1523397607834511E+001                  2.1220452011954782E+002                  4.4215743643133539E-033                                        0                 -9.8999999999999986E+001                 -9.9000000000000000E+001                 -9.9000000000000000E+001 
                                     830                  2.9418673295646180E-001                 -8.8237285925192532E-001                  7.3736314253894415E+000                  1.8825362737776139E+000                  1.7245767563896635E+001                  3.3517690850197457E-001                  6.6346283176972953E-001                  1.3602597282958984E-003                  4.0929684412813437E+001                  2.2023720544799127E+002                  5.1666866936185062E-033                                        0                 -9.8999999999999986E+001                 -9.9000000000000000E+001                 -9.9000000000000000E+001 
                                     831                  2.9257546907991289E-001                 -8.8429793461176731E-001                  7.3752600900179264E+000                  1.8901580527102677E+000                  1.7251119920804136E+001                  3.2671440784964423E-001                  6.7192533360177442E-001                  1.3602585485813501E-003                  4.0066804294458763E+001                  2.3285477509053689E+002                  6.5112166838373739E-033                                        0                 -9.8999999999999986E+001                 -9.9000000000000000E+001                 -9.9000000000000000E+001 
                                     832                  2.8935294132681405E-001                 -8.8815736353218500E-001                  7.3774313398385454E+000                  1.9020729771794607E+000                  1.7258328156460379E+001                  3.1203276498607091E-001                  6.8660706658255610E-001                  1.3601684313729878E-003                  3.8203280870737878E+001                  2.4882763782890498E+002                  9.0626097559476274E-033                                        0                 -9.8999999999999986E+001                 -9.9000000000000000E+001                 -9.9000000000000000E+001 
                                     833                  2.8613041357371521E-001                 -8.9201376183844605E-001                  7.3796044444674624E+000                  1.9085843980216897E+000                  1.7265591802506393E+001                  3.0893589633487861E-001                  6.8970389446202440E-001                  1.3602092030969848E-003                  3.8569213324225181E+001                  2.7212441113778965E+002                  1.1685692794561044E-032                                        0                 -9.8999999999999986E+001                 -9.9000000000000000E+001                 -9.9000000000000000E+001 
                                     834                  2.8290788582061638E-001                 -8.9591594843831412E-001                  7.3812383787976446E+000                  1.9132908748207229E+000                  1.7271084456943242E+001                  3.0708249763756151E-001                  6.9155736331548334E-001                  1.3601390469550889E-003                  3.8938214768847821E+001                  2.9130945931075837E+002                  1.4104872449874053E-032                                        0                 -9.8999999999999986E+001                 -9.9000000000000000E+001                 -9.9000000000000000E+001 
                                     835                  2.8130493411227236E-001                 -8.9787536859724915E-001                  7.3823247306756761E+000                  1.9170267937753984E+000                  1.7274740317074333E+001                  3.0460136380445169E-001                  6.9403847757363590E-001                  1.3601586219124107E-003                  3.8926975426924379E+001                  3.0399646339667379E+002                  1.6116654712394099E-032                                        0                 -9.8999999999999986E+001                 -9.9000000000000000E+001                 -9.9000000000000000E+001 
                                     836                  2.7970198240392835E-001                 -8.9984454450603224E-001                  7.3839542548169428E+000                  1.9235562433514428E+000                  1.7280234449450450E+001                  2.9900407654764072E-001                  6.9963573515336497E-001                  1.3601882989943137E-003                  3.8511036297348802E+001                  3.2268594388507523E+002                  1.9929261733399696E-032                                        0                 -9.8999999999999986E+001                 -9.9000000000000000E+001                 -9.9000000000000000E+001 
                                     837                  2.7649607898724082E-001                 -9.0380429904291704E-001                  7.3855845252997137E+000                  1.9316344446973590E+000                  1.7285796098841256E+001                  2.9040838946067610E-001                  7.0823147780572460E-001                  1.3601327335992508E-003                  3.7452198713422547E+001                  3.4015369621714723E+002                  2.5139372937669644E-032                                        0                 -9.8999999999999986E+001                 -9.9000000000000000E+001                 -9.9000000000000000E+001 
                                     838                  2.7489312727889681E-001                 -9.0578804226348131E-001                  7.3866696845613777E+000                  1.9366582439963806E+000                  1.7289510474780876E+001                  2.8548000162043780E-001                  7.1315988046882839E-001                  1.3601179107338712E-003                  3.6896362653284243E+001                  3.5279708806143776E+002                  2.9190554067082204E-032                                        0                 -9.8999999999999986E+001                 -9.9000000000000000E+001                 -9.9000000000000000E+001 
                                     839                  2.7329017557055280E-001                 -9.0777605552135687E-001                  7.3882949350331195E+000                  1.9443344768106312E+000                  1.7295091831442782E+001                  2.7788448836994051E-001                  7.2075541672208787E-001                  1.3600949079716207E-003                  3.5996369754925183E+001                  3.7223149636534464E+002                  3.6563341719464906E-032                                        0                 -9.8999999999999986E+001                 -9.9000000000000000E+001                 -9.9000000000000000E+001 
                                     840                  2.7008427215386571E-001                 -9.1176379101706828E-001                  7.3904509880331561E+000                  1.9555507636191627E+000                  1.7302585646488090E+001                  2.6603645826593664E-001                  7.3260348053633340E-001                  1.3600611977300225E-003                  3.4389952665317580E+001                  3.9750131958826614E+002                  4.9879040077289438E-032                                        0                 -9.8999999999999986E+001                 -9.9000000000000000E+001                 -9.9000000000000000E+001 
                                     841                  2.6689697019981362E-001                 -9.1573498720660784E-001                  7.3925924535799297E+000                  1.9668263908986650E+000                  1.7310113235545341E+001                  2.5433534855550782E-001                  7.4430463197087515E-001                  1.3600194736169691E-003                  3.2763114707023348E+001                  4.2364919848059566E+002                  6.7895107545469342E-032                                        0                 -9.8999999999999986E+001                 -9.9000000000000000E+001                 -9.9000000000000000E+001 
                                     842                  2.6370966824576153E-001                 -9.1971210214167187E-001                  7.3941910999578271E+000                  1.9765273539279140E+000                  1.7315812214725437E+001                  2.4336989357382988E-001                  7.5527014681296845E-001                  1.3599596132016778E-003                  3.1049962081934105E+001                  4.4094185165289576E+002                  8.6730643191165357E-032                                        0                 -9.8999999999999986E+001                 -9.9000000000000000E+001                 -9.9000000000000000E+001 
                                     843                  2.6211601726873529E-001                 -9.2169724067023906E-001                  7.3952542777539314E+000                  1.9799004907041191E+000                  1.7319616420570377E+001                  2.4212349330962668E-001                  7.5651652703447303E-001                  1.3599796559002897E-003                  3.1180974761067265E+001                  4.6052503609699932E+002                  9.8215765723462543E-032                                        0                 -9.8999999999999986E+001                 -9.9000000000000000E+001                 -9.9000000000000000E+001 
                                     844                  2.6052236629170922E-001                 -9.2369429986176776E-001                  7.3968471296462273E+000                  1.9849746915268067E+000                  1.7325330340513442E+001                  2.4024950099283074E-001                  7.5839050254874996E-001                  1.3599964584193325E-003                  3.1373902402406504E+001                  4.9143362751417544E+002                  1.1837089889703025E-031                                        0                 -9.8999999999999986E+001                 -9.9000000000000000E+001                 -9.9000000000000000E+001 
                                     845                  2.5733506433765757E-001                 -9.2772497455408320E-001                  7.3984352945064806E+000                  1.9901153548634598E+000                  1.7331098387949108E+001                  2.3836656440977330E-001                  7.6027347592623173E-001                  1.3599596639949363E-003                  3.1564602968098033E+001                  5.2428419260670569E+002                  1.4268935930538124E-031                                        0                 -9.8999999999999986E+001                 -9.9000000000000000E+001                 -9.9000000000000000E+001 
                                     846                  2.5575176049159970E-001                 -9.2974550525635669E-001                  7.3994873035376143E+000                  1.9935367976862945E+000                  1.7334932387870261E+001                  2.3711623245342620E-001                  7.6152378015074917E-001                  1.3599873958246578E-003                  3.1689124756030942E+001                  5.4726061930094136E+002                  1.6153285687178742E-031                                        0                 -9.8999999999999986E+001                 -9.9000000000000000E+001                 -9.9000000000000000E+001 
                                     847                  2.5416845664554172E-001                 -9.3177844343059713E-001                  7.4010596105482840E+000                  2.0028037050768317E+000                  1.7340691819713467E+001                  2.2736843739311241E-001                  7.7127162182845810E-001                  1.3599407784294915E-003                  3.0114847271840336E+001                  5.6944657828562765E+002                  2.0450762747542076E-031                                        0                 -9.8999999999999986E+001                 -9.9000000000000000E+001                 -9.9000000000000000E+001 
                                     848                  2.5100184895342581E-001                 -9.3584309143133038E-001                  7.4031392147128461E+000                  2.0137521326978352E+000                  1.7348443115237909E+001                  2.1735503383150651E-001                  7.8128505721262509E-001                  1.3599089558684607E-003                  2.8644349251065691E+001                  6.0456258407785663E+002                  2.7462169295564267E-031                                        0                 -9.8999999999999986E+001                 -9.9000000000000000E+001                 -9.9000000000000000E+001 
                                     849                  2.4783524126130993E-001                 -9.3991957911243385E-001                  7.4051999444491274E+000                  2.0248002638337357E+000                  1.7356248386886087E+001                  2.0741303066804301E-001                  7.9122709227617849E-001                  1.3598770557785578E-003                  2.7153382545348919E+001                  6.4031532765495467E+002                  3.6828731612423216E-031                                        0                 -9.8999999999999986E+001                 -9.9000000000000000E+001                 -9.9000000000000000E+001 
                                     850                  2.4466863356919405E-001                 -9.4400732866406301E-001                  7.4072317552697760E+000                  2.0359160339130264E+000                  1.7364078400614293E+001                  1.9756653524239329E-001                  8.0107361964933843E-001                  1.3598451082682539E-003                  2.5647848937755036E+001                  6.7623759508940907E+002                  4.9268880856223586E-031                                        0                 -9.8999999999999986E+001                 -9.9000000000000000E+001                 -9.9000000000000000E+001 
                                     851                  2.4152493836999658E-001                 -9.4807596993163701E-001                  7.4092313777889496E+000                  2.0471290465918983E+000                  1.7371930752932620E+001                  1.8776298408648801E-001                  8.1087720303871003E-001                  1.3598128748020244E-003                  2.4119701821123076E+001                  7.1178005353225262E+002                  6.5755980271543507E-031                                        0                 -9.8999999999999986E+001                 -9.9000000000000000E+001                 -9.9000000000000000E+001 
                                     852                  2.3838124317079906E-001                 -9.5215405623130267E-001                  7.4112024657995788E+000                  2.0589344630890269E+000                  1.7379832896208452E+001                  1.7716090526792064E-001                  8.2147939882529464E-001                  1.3596959067847525E-003                  2.2392233977706258E+001                  7.4389710830916067E+002                  8.8065871350655880E-031                                        0                 -9.8999999999999986E+001                 -9.9000000000000000E+001                 -9.9000000000000000E+001 
                                     853                  2.3523754797160154E-001                 -9.5623622875222036E-001                  7.4126620057873094E+000                  2.0637951621537627E+000                  1.7385809201252719E+001                  1.7652178089834122E-001                  8.2211840542188597E-001                  1.3598136797727811E-003                  2.2678431849632176E+001                  7.9222943038733320E+002                  1.0463592404307644E-030                                        0                 -9.8999999999999986E+001                 -9.9000000000000000E+001                 -9.9000000000000000E+001 
                                     854                  2.3366570037200299E-001                 -9.5829793696000287E-001                  7.4136284407683615E+000                  2.0670500413946065E+000                  1.7389796664298000E+001                  1.7608790642664474E-001                  8.2255219400424162E-001                  1.3598995691136428E-003                  2.2868500903125170E+001                  8.2596842739056763E+002                  1.1735723327550604E-030                                        0                 -9.8999999999999986E+001                 -9.9000000000000000E+001                 -9.9000000000000000E+001 
                                     855                  2.3209385277240466E-001                 -9.6037370338162398E-001                  7.4150559871991524E+000                  2.0796436396203344E+000                  1.7395751275716375E+001                  1.6180158967071515E-001                  8.3683871293945578E-001                  1.3596973898291065E-003                  2.0136663308143699E+001                  8.2502300391039375E+002                  1.5156352648416481E-030                                        0                 -9.8999999999999986E+001                 -9.9000000000000000E+001                 -9.9000000000000000E+001 
                                     856                  2.2897542475837704E-001                 -9.6446012100860601E-001                  7.4169141175746400E+000                  2.0915893305340112E+000                  1.7403733438653092E+001                  1.5164061415355212E-001                  8.4699966818410799E-001                  1.3597176623398877E-003                  1.8444318594433899E+001                  8.5292099981213676E+002                  2.0098326706529999E-030                                        0                 -9.8999999999999986E+001                 -9.9000000000000000E+001                 -9.9000000000000000E+001 
                                     857                  2.2585699674434925E-001                 -9.6854953218991946E-001                  7.4187354974190773E+000                  2.1011995182678369E+000                  1.7411759797640755E+001                  1.4574743834814541E-001                  8.5289289284207348E-001                  1.3596688097811116E-003                  1.7644241967907345E+001                  8.9794669286375176E+002                  2.5894988084866539E-030                                        0                 -9.8999999999999986E+001                 -9.9000000000000000E+001                 -9.9000000000000000E+001 
                                     858                  2.2273856873032163E-001                 -9.7266440905758045E-001                  7.4205165188355817E+000                  2.1133972688067950E+000                  1.7419830132377832E+001                  1.3565393039847240E-001                  8.6298643743065861E-001                  1.3596321708689851E-003                  1.5947737827351027E+001                  9.1966055790701841E+002                  3.4165592809719535E-030                                        0                 -9.8999999999999986E+001                 -9.9000000000000000E+001                 -9.9000000000000000E+001 
                                     859                  2.1962014071629407E-001                 -9.7678069780555121E-001                  7.4222451467899315E+000                  2.1257105168794750E+000                  1.7427906608745474E+001                  1.2560216125134405E-001                  8.7303824408248287E-001                  1.3595946661730807E-003                  1.4268369288272286E+001                  9.3534919523057783E+002                  4.4892105508847146E-030                                        0                 -9.8999999999999986E+001                 -9.9000000000000000E+001                 -9.9000000000000000E+001 
                                     860                  2.1652948357265070E-001                 -9.8086014728108795E-001                  7.4239239266433934E+000                  2.1329310301595918E+000                  1.7435985654054534E+001                  1.2420580590035986E-001                  8.7443460461929456E-001                  1.3595894803455355E-003                  1.4334583385737783E+001                  1.0017716865236367E+003                  5.5680204018138647E-030                                        0                 -9.8999999999999986E+001                 -9.9000000000000000E+001                 -9.9000000000000000E+001 
                                     861                  2.1343882642900708E-001                 -9.8498768629918310E-001                  7.4255552929637281E+000                  2.1447715164663710E+000                  1.7444105116315427E+001                  1.1531821905616423E-001                  8.8332222566786978E-001                  1.3595552759659846E-003                  1.2872487852184676E+001                  1.0166628491051948E+003                  7.2129075660787158E-030                                        0                 -9.8999999999999986E+001                 -9.9000000000000000E+001                 -9.9000000000000000E+001 
                                     862                  2.1034816928536351E-001                 -9.8912045524724368E-001                  7.4271331312578939E+000                  2.1575483302198748E+000                  1.7452263137964330E+001                  1.0516925549017506E-001                  8.9347122970738102E-001                  1.3595148024438952E-003                  1.1185434466843146E+001                  1.0136849567498832E+003                  9.3803594579052383E-030                                        0                 -9.8999999999999986E+001                 -9.9000000000000000E+001                 -9.9000000000000000E+001 
                                     863                  2.0725751214171992E-001                 -9.9324957203518571E-001                  7.4286479658178362E+000                  2.1706689839610047E+000                  1.7460417181281816E+001                  9.4709052088947310E-002                  9.0393147682915476E-001                  1.3594710818979339E-003                  9.4876825144546721E+000                  9.9646330541844998E+002                  1.2159500646743093E-029                                        0                 -9.8999999999999986E+001                 -9.9000000000000000E+001                 -9.9000000000000000E+001 
                                     864                  2.0419729286570015E-001                 -9.9733044957638151E-001                  7.4301036644753795E+000                  2.1784247599870814E+000                  1.7468562946212938E+001                  9.2981370302511607E-002                  9.0565916560378223E-001                  1.3594640937061309E-003                  9.3983201623788766E+000                  1.0518641481233494E+003                  1.4851240519332797E-029                                        0                 -9.8999999999999986E+001                 -9.9000000000000000E+001                 -9.9000000000000000E+001 
                                     865                  2.0113707358968017E-001                 -1.0014543160815188E+000                  7.4315010587996353E+000                  2.1924898522150613E+000                  1.7476742073893725E+001                  8.1443544809100057E-002                  9.1719704275597980E-001                  1.3594124349201042E-003                  7.5647613199125736E+000                  1.0035340938509199E+003                  1.9194724872023998E-029                                        0                 -9.8999999999999986E+001                 -9.9000000000000000E+001                 -9.9000000000000000E+001 
                                     866                  1.9807685431366037E-001                 -1.0055619033808816E+000                  7.4328390208427075E+000                  2.2056762797592158E+000                  1.7484950972290399E+001                  7.1590534294700262E-002                  9.2705010076708638E-001                  1.3593649382133144E-003                  6.1160384964093195E+000                  9.5667138337806614E+002                  2.4427299606819057E-029                                        0                 -9.8999999999999986E+001                 -9.9000000000000000E+001                 -9.9000000000000000E+001 
                                     867                  1.9501663503764055E-001                 -1.0096612135477230E+000                  7.4341139533092218E+000                  2.2178748689695564E+000                  1.7493142251489495E+001                  6.3454222587475434E-002                  9.3518645501944164E-001                  1.3593223930828957E-003                  5.0115741609827964E+000                  9.1526999884881536E+002                  3.0579514637276788E-029                                        0                 -9.8999999999999986E+001                 -9.9000000000000000E+001                 -9.9000000000000000E+001 
                                     868                  1.9198970040063759E-001                 -1.0137162476904535E+000                  7.4353313316350009E+000                  2.2257476904256928E+000                  1.7501312143974019E+001                  6.2024637968833528E-002                  9.3661604623833217E-001                  1.3593157928343258E-003                  4.9171556292862340E+000                  9.5360453905888971E+002                  3.6509309805472490E-029                                        0                 -9.8999999999999986E+001                 -9.9000000000000000E+001                 -9.9000000000000000E+001 
                                     869                  1.8896276576363460E-001                 -1.0178121329825165E+000                  7.4364924759719608E+000                  2.2384440886412413E+000                  1.7509506522371339E+001                  5.3430116508466394E-002                  9.4521061738247225E-001                  1.3592661090613412E-003                  3.8130020655106933E+000                  8.8400319721309586E+002                  4.5367315212128043E-029                                        0                 -9.8999999999999986E+001                 -9.9000000000000000E+001                 -9.9000000000000000E+001 
                                     870                  1.8593583112663159E-001                 -1.0219041102148154E+000                  7.4373223704469940E+000                  2.2485460917083406E+000                  1.7515683120329587E+001                  4.6301293248754628E-002                  9.5233948931845025E-001                  1.3592174327951012E-003                  2.9668750986789023E+000                  8.0931257569401907E+002                  5.3427908898482515E-029                                        0                 -9.8999999999999986E+001                 -9.9000000000000000E+001                 -9.9000000000000000E+001 
                                     871                  1.8442236380813021E-001                 -1.0239459080112696E+000                  7.4378634441515068E+000                  2.2527877121268531E+000                  1.7519795877988805E+001                  4.5292264128564984E-002                  9.5334851884209759E-001                  1.3592170293373895E-003                  2.8793736993665187E+000                  8.1589249117711029E+002                  5.8129141312480227E-029                                        0                 -9.8999999999999986E+001                 -9.9000000000000000E+001                 -9.9000000000000000E+001 
                                     872                  1.8290889648962905E-001                 -1.0259966446013831E+000                  7.4386505511159164E+000                  2.2591112559024231E+000                  1.7525908742813293E+001                  4.3792011142820227E-002                  9.5484878379894900E-001                  1.3592050582307280E-003                  2.7488754217799274E+000                  8.2449684293422843E+002                  6.5790532305208554E-029                                        0                 -9.8999999999999986E+001                 -9.9000000000000000E+001                 -9.9000000000000000E+001 
                                     873                  1.7991829209050261E-001                 -1.0300756676677367E+000                  7.4396452863434641E+000                  2.2713274047625287E+000                  1.7534064195758344E+001                  3.6320093251739724E-002                  9.6232075723190846E-001                  1.3591495163518541E-003                  1.9741335841874206E+000                  7.3054674688514638E+002                  7.9897284617293001E-029                                        0                 -9.8999999999999986E+001                 -9.9000000000000000E+001                 -9.9000000000000000E+001 
                                     874                  1.7692768769137621E-001                 -1.0341548900235016E+000                  7.4403570395701539E+000                  2.2807725725491852E+000                  1.7540207473015535E+001                  3.0449972569438578E-002                  9.6819092777028382E-001                  1.3590996602775851E-003                  1.4354851833823565E+000                  6.4325644737180448E+002                  9.2291208594706863E-029                                        0                 -9.8999999999999986E+001                 -9.9000000000000000E+001                 -9.9000000000000000E+001 
                                     875                  1.7543238549181300E-001                 -1.0361932901124142E+000                  7.4408219712301902E+000                  2.2847002340266758E+000                  1.7544296896535212E+001                  2.9995653533977096E-002                  9.6864525007507285E-001                  1.3590963909499987E-003                  1.4106239621596568E+000                  6.5070105676656908E+002                  9.9313778268929882E-029                                        0                 -9.8999999999999986E+001                 -9.9000000000000000E+001                 -9.9000000000000000E+001 
                                     876                  1.7393708329224983E-001                 -1.0382420566940465E+000                  7.4415043983961802E+000                  2.2937939383239443E+000                  1.7550422114038099E+001                  2.4703524847740785E-002                  9.7393743028203938E-001                  1.3590448702198721E-003                  9.8895756932394097E-001                  5.6176019074513715E+002                  1.1398467355183787E-028                                        0                 -9.8999999999999986E+001                 -9.9000000000000000E+001                 -9.9000000000000000E+001 
                                     877                  1.7094647889312364E-001                 -1.0423406893021008E+000                  7.4423752034247812E+000                  2.3058294870482028E+000                  1.7558567283383976E+001                  1.7866724366824877E-002                  9.8077430986116154E-001                  1.3589657720135540E-003                  5.4093665524885559E-001                  4.3196102350842256E+002                  1.3624587952587746E-028                                        0                 -9.8999999999999986E+001                 -9.9000000000000000E+001                 -9.9000000000000000E+001 
                                     878                  1.6799547137281506E-001                 -1.0463867481732205E+000                  7.4430086691061019E+000                  2.3127924449147916E+000                  1.7564656545285075E+001                  1.5703930924098098E-002                  9.8293713137120187E-001                  1.3589377047000806E-003                  4.2810968536511729E-001                  3.9521873900192332E+002                  1.5254467983528188E-028                                        0                 -9.8999999999999986E+001                 -9.9000000000000000E+001                 -9.9000000000000000E+001 
                                     879                  1.6651996761266050E-001                 -1.0484198944139320E+000                  7.4434265750100428E+000                  2.3176197590170688E+000                  1.7568708885536942E+001                  1.3999983980794328E-002                  9.8464110319051756E-001                  1.3589128286881635E-003                  3.4612504745221978E-001                  3.6200414096845481E+002                  1.6468996801989896E-028                                        0                 -9.8999999999999986E+001                 -9.9000000000000000E+001                 -9.9000000000000000E+001 
                                     880                  1.6504446385250610E-001                 -1.0504590470301494E+000                  7.4438407987268933E+000                  2.3228210869242432E+000                  1.7572763445295362E+001                  1.1781892965212336E-002                  9.8685922913276936E-001                  1.3588779020182740E-003                  2.4987965883628310E-001                  3.1326558642342121E+002                  1.7833336468148900E-028                                        0                 -9.8999999999999986E+001                 -9.9000000000000000E+001                 -9.9000000000000000E+001 
                                     881                  1.6356896009235172E-001                 -1.0525025362473781E+000                  7.4442525088742943E+000                  2.3274891827325170E+000                  1.7576820043678890E+001                  1.0326188278839696E-002                  9.8831495786271395E-001                  1.3588538584463628E-003                  1.9515286606282820E-001                  2.8192112561867287E+002                  1.9213860836948823E-028                                        0                 -9.8999999999999986E+001                 -9.9000000000000000E+001                 -9.9000000000000000E+001 
                                     882                  1.6209345633219757E-001                 -1.0545529670152829E+000                  7.4448674345166630E+000                  2.3338575872114844E+000                  1.7582893731721811E+001                  9.0239335303012799E-003                  9.8961723688013059E-001                  1.3588295895681224E-003                  1.5230110462019233E-001                  2.5591002318695104E+002                  2.1363511703142846E-028                                        0                 -9.8999999999999986E+001                 -9.9000000000000000E+001                 -9.9000000000000000E+001 
                                     883                  1.5914244881188946E-001                 -1.0586811943318692E+000                  7.4454765301182979E+000                  2.3401589244888252E+000                  1.7588972140242461E+001                  7.8321386380198529E-003                  9.9080905564830668E-001                  1.3588057136734166E-003                  1.1720821113776482E-001                  2.3062688719811015E+002                  2.3726941501281819E-028                                        0                 -9.8999999999999986E+001                 -9.9000000000000000E+001                 -9.9000000000000000E+001 
                                     884                  1.5768850038750654E-001                 -1.0607291299016952E+000                  7.4458780711478285E+000                  2.3442540056143719E+000                  1.7592977055999352E+001                  7.1266064246007458E-003                  9.9151460297637650E-001                  1.3587905990227744E-003                  9.8395680360929882E-002                  2.1508920036354758E+002                  2.5415812223852677E-028                                        0                 -9.8999999999999986E+001                 -9.9000000000000000E+001                 -9.9000000000000000E+001 
                                     885                  1.5623455196312380E-001                 -1.0627868183022851E+000                  7.4464801123117539E+000                  2.3502991985306303E+000                  1.7598973446356766E+001                  6.1901329669484502E-003                  9.9245109811837029E-001                  1.3587689146812298E-003                  7.5761144927916177E-002                  1.9381378835211595E+002                  2.8157502213056323E-028                                        0                 -9.8999999999999986E+001                 -9.9000000000000000E+001                 -9.9000000000000000E+001 
                                     886                  1.5332665511435853E-001                 -1.0669331036250485E+000                  7.4472846689756880E+000                  2.3585148627460351E+000                  1.7606994710164773E+001                  4.7596743617899532E-003                  9.9388159269465426E-001                  1.3587329435558182E-003                  4.6069478702400295E-002                  1.5657873176614083E+002                  3.2336614616148512E-028                                        0                 -9.8999999999999986E+001                 -9.9000000000000000E+001                 -9.9000000000000000E+001 
                                     887                  1.5041875826559328E-001                 -1.0711204968120644E+000                  7.4478924801733770E+000                  2.3643957889038836E+000                  1.7613030196579054E+001                  4.0993051874965748E-003                  9.9454198083033507E-001                  1.3587139821683580E-003                  3.4847404977579717E-002                  1.3986905992998473E+002                  3.5807894816251893E-028                                        0                 -9.8999999999999986E+001                 -9.9000000000000000E+001                 -9.9000000000000000E+001 
                                     888                  1.4896480984121033E-001                 -1.0732315137979216E+000                  7.4482995083641805E+000                  2.3681637254493957E+000                  1.7617046466033756E+001                  3.8584025211105431E-003                  9.9478289128066000E-001                  1.3587061982294202E-003                  3.1251124708946226E-002                  1.3484787680268803E+002                  3.8288495824884311E-028                                        0                 -9.8999999999999986E+001                 -9.9000000000000000E+001                 -9.9000000000000000E+001 
                                     889                  1.4751086141682718E-001                 -1.0753551283489964E+000                  7.4489064222303591E+000                  2.3736288134843502E+000                  1.7622995808844092E+001                  3.6572340621212817E-003                  9.9498406725175004E-001                  1.3586986861287009E-003                  2.8571427356568955E-002                  1.3242185033605378E+002                  4.2265936952206691E-028                                        0                 -9.8999999999999986E+001                 -9.9000000000000000E+001                 -9.9000000000000000E+001 
                                     890                  1.4464986714545838E-001                 -1.0795728619680947E+000                  7.4497196073453678E+000                  2.3810800550198983E+000                  1.7630911173932578E+001                  3.1303136364512884E-003                  9.9551100602930842E-001                  1.3586803342402476E-003                  2.1448733942815466E-002                  1.1888849793011414E+002                  4.8330956592814835E-028                                        0                 -9.8999999999999986E+001                 -9.9000000000000000E+001                 -9.9000000000000000E+001 
                                     891                  1.4178887287408956E-001                 -1.0838421759856620E+000                  7.4503369392279959E+000                  2.3865968173535350E+000                  1.7636867798026888E+001                  2.8513812734023282E-003                  9.9578994930865194E-001                  1.3586694179457126E-003                  1.8118108747615283E-002                  1.1225272016586474E+002                  5.3466808141525885E-028                                        0                 -9.8999999999999986E+001                 -9.9000000000000000E+001                 -9.9000000000000000E+001 
                                     892                  1.4035837573840551E-001                 -1.0859972373078373E+000                  7.4507510362865759E+000                  2.3902566823734865E+000                  1.7640832100621576E+001                  2.6770905124898084E-003                  9.9596424719129817E-001                  1.3586622962120654E-003                  1.6161949050748400E-002                  1.0794844946711559E+002                  5.7206923874018655E-028                                        0                 -9.8999999999999986E+001                 -9.9000000000000000E+001                 -9.9000000000000000E+001 
                                     893                  1.3892787860272143E-001                 -1.0881663694267325E+000                  7.4511679104339414E+000                  2.3939139732164016E+000                  1.7644798796405219E+001                  2.5055154207018157E-003                  9.9613582785568933E-001                  1.3586567236089087E-003                  1.4326304259122055E-002                  1.0349100618218122E+002                  6.1232925950048810E-028                                        0                 -9.8999999999999986E+001                 -9.9000000000000000E+001                 -9.9000000000000000E+001 
                                     894                  1.3749738146703716E-001                 -1.0903498917781103E+000                  7.4515877122043932E+000                  2.3975512695385128E+000                  1.7648767969791862E+001                  2.3607212748630703E-003                  9.9628063177321113E-001                  1.3586469519257793E-003                  1.2869474433572154E-002                  9.9889945002062049E+001                  6.5559354274685780E-028                                        0                 -9.8999999999999986E+001                 -9.9000000000000000E+001                 -9.9000000000000000E+001 
                                     895                  1.3606688433135289E-001                 -1.0925482227034575E+000                  7.4522143115806072E+000                  2.4029115501153764E+000                  1.7654641866189660E+001                  2.1696112356245400E-003                  9.9647175137814770E-001                  1.3586373862277679E-003                  1.1061124696625643E-002                  9.5151014019506135E+001                  7.2574215159417080E-028                                        0                 -9.8999999999999986E+001                 -9.9000000000000000E+001                 -9.9000000000000000E+001 
                                     896                  1.3325689973412672E-001                 -1.0969111641125293E+000                  7.4530574190187391E+000                  2.4100091497072818E+000                  1.7662454335467931E+001                  1.9448647664418765E-003                  9.9669650523154052E-001                  1.3586300020176356E-003                  9.0958700325334089E-003                  8.9479317003355604E+001                  8.3182037614634679E-028                                        0                 -9.8999999999999986E+001                 -9.9000000000000000E+001                 -9.9000000000000000E+001 
                                     897                  1.3044691513690032E-001                 -1.1013356462858359E+000                  7.4539138767994233E+000                  2.4170774754527398E+000                  1.7670278036696484E+001                  1.7564054030675292E-003                  9.9688497738032844E-001                  1.3586172166040189E-003                  7.5913277003218441E-003                  8.4805986695508082E+001                  9.5502191274867403E-028                                        0                 -9.8999999999999986E+001                 -9.9000000000000000E+001                 -9.9000000000000000E+001 
                                     898                  1.2763693053967393E-001                 -1.1058247958376093E+000                  7.4547801855716243E+000                  2.4241087997403241E+000                  1.7678075476171927E+001                  1.5680608622601205E-003                  9.9707333652049346E-001                  1.3586026172464072E-003                  6.1915462687780875E-003                  7.9477147042028605E+001                  1.0979486181700463E-027                                        0                 -9.8999999999999986E+001                 -9.9000000000000000E+001                 -9.9000000000000000E+001 
                                     899                  1.2485468436984835E-001                 -1.1103363401786419E+000                  7.4556569972747537E+000                  2.4310719724102485E+000                  1.7685846583543164E+001                  1.4220098312782306E-003                  9.9721939040052221E-001                  1.3585997681995199E-003                  5.2094938602598260E-003                  7.5673821274785226E+001                  1.2637241449317557E-027                                        0                 -9.8999999999999986E+001                 -9.9000000000000000E+001                 -9.9000000000000000E+001 
                                     900                  1.2207243820002299E-001                 -1.1149177692668808E+000                  7.4565449538478248E+000                  2.4379710944136850E+000                  1.7693592849900099E+001                  1.3137422212153951E-003                  9.9732766947994833E-001                  1.3585882988362830E-003                  4.5482904621700444E-003                  7.3418655282056193E+001                  1.4563759619709997E-027                                        0                 -9.8999999999999986E+001                 -9.9000000000000000E+001                 -9.9000000000000000E+001 
                                     901                  1.1931793045759935E-001                 -1.1195260037972155E+000                  7.4574443104781798E+000                  2.4448336788153440E+000                  1.7701314291871068E+001                  1.2048382166945561E-003                  9.9743658351945441E-001                  1.3585782638509958E-003                  3.9131529574367137E-003                  7.0731327378505227E+001                  1.6809955070046316E-027                                        0                 -9.8999999999999986E+001                 -9.9000000000000000E+001                 -9.9000000000000000E+001 
                                     902                  1.1656342271517590E-001                 -1.1242099253883358E+000                  7.4588073891786904E+000                  2.4550013426161619E+000                  1.7712785127075044E+001                  1.0411658769563254E-003                  9.9760026902074750E-001                  1.3585651022961498E-003                  3.0227172930251791E-003                  6.5820061002751160E+001                  2.0881108765202030E-027                                        0                 -9.8999999999999986E+001                 -9.9000000000000000E+001                 -9.9000000000000000E+001 
                                     903                  1.1111476637894156E-001                 -1.1337140108622223E+000                  7.4606783305823337E+000                  2.4684230310725757E+000                  1.7728073361933255E+001                  9.2343311975005892E-004                  9.9771801632738011E-001                  1.3585505528698194E-003                  2.4867505818368853E-003                  6.4529766794545608E+001                  2.8071859591939117E-027                                        0                 -9.8999999999999986E+001                 -9.9000000000000000E+001                 -9.9000000000000000E+001 
                                     904                  1.0572646919131995E-001                 -1.1434529442608052E+000                  7.4624779863257285E+000                  2.4808778710145849E+000                  1.7742316612932296E+001                  7.9976592316603062E-004                  9.9784169842646520E-001                  1.3585356503688084E-003                  1.9455173967594067E-003                  6.1469778606004446E+001                  3.7277962604146549E-027                                        0                 -9.8999999999999986E+001                 -9.9000000000000000E+001                 -9.9000000000000000E+001 
                                     905                  1.0107891803283924E-001                 -1.1521526321238627E+000                  7.4637027581037474E+000                  2.4891099747950567E+000                  1.7751759508099475E+001                  7.0664302925634167E-004                  9.9793483219401158E-001                  1.3585247767320396E-003                  1.5621799731772067E-003                  5.7911267197071211E+001                  4.5190204666983889E-027                                        0                 -9.8999999999999986E+001                 -9.9000000000000000E+001                 -9.9000000000000000E+001 
                                     906                  9.9125515468170541E-002                 -1.1558985721210389E+000                  7.4644379630470734E+000                  2.4939289883542624E+000                  1.7757335536456832E+001                  6.9251909197318119E-004                  9.9794896056423643E-001                  1.3585203437903592E-003                  1.5252203390433133E-003                  5.8961395786101981E+001                  5.0700046653682983E-027                                        0                 -9.8999999999999986E+001                 -9.9000000000000000E+001                 -9.9000000000000000E+001 
                                     907                  9.7172112903501848E-002                 -1.1597010266242052E+000                  7.4651839806015090E+000                  2.4987444158325882E+000                  1.7762924208378134E+001                  6.8523738799115927E-004                  9.9795624640212233E-001                  1.3585162098864734E-003                  1.5181166529807774E-003                  6.0632431363057101E+001                  5.6965488745527371E-027                                        0                 -9.8999999999999986E+001                 -9.9000000000000000E+001                 -9.9000000000000000E+001 
                                     908                  9.5218710338833140E-002                 -1.1635624194005016E+000                  7.4663187193030600E+000                  2.5060015180535840E+000                  1.7771300272473365E+001                  5.9493048010688320E-004                  9.9804656401005942E-001                  1.3585055098337406E-003                  1.1736015739513786E-003                  5.5811967211237381E+001                  6.8025250608213864E-027                                        0                 -9.8999999999999986E+001                 -9.9000000000000000E+001                 -9.9000000000000000E+001 
                                     909                  9.1311905209494670E-002                 -1.1714716019157669E+000                  7.4674894709948854E+000                  2.5132668822360476E+000                  1.7779773657664855E+001                  5.7607090595589540E-004                  9.9806543061439901E-001                  1.3584984796450872E-003                  1.1284614514872596E-003                  5.7365908863957493E+001                  8.1614458875630506E-027                                        0                 -9.8999999999999986E+001                 -9.9000000000000000E+001                 -9.9000000000000000E+001 
                                     910                  8.9358502644825977E-002                 -1.1755250064092955E+000                  7.4682814509636755E+000                  2.5180948161394849E+000                  1.7785419542071335E+001                  5.6440996180346867E-004                  9.9807709627472485E-001                  1.3584937634716354E-003                  1.1016361097032450E-003                  5.8506228384759694E+001                  9.2293919361605857E-027                                        0                 -9.8999999999999986E+001                 -9.9000000000000000E+001                 -9.9000000000000000E+001 
                                     911                  8.7405100080157505E-002                 -1.1796484185122507E+000                  7.4690699286566558E+000                  2.5228631413720599E+000                  1.7790973618084106E+001                  5.1326629688823900E-004                  9.9812824700021330E-001                  1.3584867028985093E-003                  9.2652886509041708E-004                  5.5370635364641970E+001                  1.0432187427374264E-026                                        0                 -9.8999999999999986E+001                 -9.9000000000000000E+001                 -9.9000000000000000E+001 
                                     912                  8.5526666516932415E-002                 -1.1836823559315643E+000                  7.4698545707595221E+000                  2.5275234613492175E+000                  1.7796434013712435E+001                  4.8758891252798889E-004                  9.9815392996767482E-001                  1.3584811197971947E-003                  8.5002777720911645E-004                  5.4717199329330910E+001                  1.1780610077799041E-026                                        0                 -9.8999999999999986E+001                 -9.9000000000000000E+001                 -9.9000000000000000E+001 
                                     913                  8.3648232953707324E-002                 -1.1877870067904919E+000                  7.4710488836796021E+000                  2.5344757734673666E+000                  1.7804623575160665E+001                  4.7560592849680671E-004                  9.9816591986184311E-001                  1.3584742096600655E-003                  8.2890466715596642E-004                  5.6651618536837226E+001                  1.4167679779408733E-026                                        0                 -9.8999999999999986E+001                 -9.9000000000000000E+001                 -9.9000000000000000E+001 
                                     914                  7.9891365827257158E-002                 -1.1962226349771350E+000                  7.4722805499850091E+000                  2.5415201170277486E+000                  1.7812918336706613E+001                  4.2816508466557006E-004                  9.9821337010804689E-001                  1.3584648072875183E-003                  6.8897181010665214E-004                  5.4219976582305968E+001                  1.7133277204109250E-026                                        0                 -9.8999999999999986E+001                 -9.9000000000000000E+001                 -9.9000000000000000E+001 
                                     915                  7.8012932264032067E-002                 -1.2005602210751918E+000                  7.4735302399013523E+000                  2.5485055612691654E+000                  1.7821188962109286E+001                  4.0310433846129777E-004                  9.9823843900683629E-001                  1.3584566547024668E-003                  6.2622136330633179E-004                  5.4291154573799957E+001                  2.0765248898206646E-026                                        0                 -9.8999999999999986E+001                 -9.9000000000000000E+001                 -9.9000000000000000E+001 
                                     916                  7.4256065137581234E-002                 -1.2094963734004862E+000                  7.4748209690561529E+000                  2.5555511704593568E+000                  1.7829574291547541E+001                  3.9473185095925103E-004                  9.9824681880740351E-001                  1.3584493416372023E-003                  6.1596395995584959E-004                  5.6629000299325725E+001                  2.5310964244659754E-026                                        0                 -9.8999999999999986E+001                 -9.9000000000000000E+001                 -9.9000000000000000E+001 
                                     917                  7.2377631574356366E-002                 -1.2141036115925967E+000                  7.4758138834159622E+000                  2.5608974508522073E+000                  1.7835928874675986E+001                  3.5761715269680026E-004                  9.9828394128286790E-001                  1.3584415644353198E-003                  5.1557699994407775E-004                  5.3851120293960491E+001                  2.9471103504031507E-026                                        0                 -9.8999999999999986E+001                 -9.9000000000000000E+001                 -9.9000000000000000E+001 
                                     918                  6.9984866924228867E-002                 -1.2201169620921164E+000                  7.4769496114094967E+000                  2.5668928099393797E+000                  1.7843092949539379E+001                  3.3679771347253773E-004                  9.9830476818702196E-001                  1.3584340995055344E-003                  4.6746609551451648E-004                  5.3585458262801552E+001                  3.5057070579854624E-026                                        0                 -9.8999999999999986E+001                 -9.9000000000000000E+001                 -9.9000000000000000E+001 
                                     919                  6.7592102274101604E-002                 -1.2263030850715873E+000                  7.4781093327922106E+000                  2.5728935726573554E+000                  1.7850297584969262E+001                  3.3040589977827070E-004                  9.9831116659810126E-001                  1.3584275021204517E-003                  4.5994070598373387E-004                  5.5586222467185443E+001                  4.1834764785813152E-026                                        0                 -9.8999999999999986E+001                 -9.9000000000000000E+001                 -9.9000000000000000E+001 
                                     920                  6.5199337623973438E-002                 -1.2326747429152789E+000                  7.4792933727579847E+000                  2.5789219847370632E+000                  1.7857545606613698E+001                  3.1106125286038525E-004                  9.9833051896485681E-001                  1.3584197822827937E-003                  4.1689456186971667E-004                  5.5387538459426864E+001                  5.0092904228129026E-026                                        0                 -9.8999999999999986E+001                 -9.9000000000000000E+001                 -9.9000000000000000E+001 
                                     921                  6.2806572973845287E-002                 -1.2392458098784398E+000                  7.4810586298323773E+000                  2.5877200988069107E+000                  1.7868159410458080E+001                  2.7929937752833303E-004                  9.9836229269173760E-001                  1.3584079307340513E-003                  3.4737042322659933E-004                  5.4094959169060189E+001                  6.5481062559816689E-026                                        0                 -9.8999999999999986E+001                 -9.9000000000000000E+001                 -9.9000000000000000E+001 
                                     922                  5.8209420047709813E-002                 -1.2524903212230785E+000                  7.4828779427887069E+000                  2.5965349825308901E+000                  1.7878857088443375E+001                  2.6355124795293965E-004                  9.9837805182738626E-001                  1.3583969246607763E-003                  3.1976663042789850E-004                  5.5623096325138313E+001                  8.6208757937281400E-026                                        0                 -9.8999999999999986E+001                 -9.9000000000000000E+001                 -9.9000000000000000E+001 
                                     923                  5.5910843584644189E-002                 -1.2594502919567681E+000                  7.4847061461334272E+000                  2.6051831965358692E+000                  1.7889386933905399E+001                  2.3429522125523547E-004                  9.9840732015652389E-001                  1.3583846222208207E-003                  2.6120112750462136E-004                  5.3877389442774351E+001                  1.1355507951333508E-025                                        0                 -9.8999999999999986E+001                 -9.9000000000000000E+001                 -9.9000000000000000E+001 
                                     924                  5.1417642531435888E-002                 -1.2738014446813108E+000                  7.4865906286786617E+000                  2.6138496531095821E+000                  1.7900008011183903E+001                  2.2622527116262177E-004                  9.9841540098161641E-001                  1.3583737472209201E-003                  2.5176375606228592E-004                  5.6784241313975095E+001                  1.5067103588892061E-025                                        0                 -9.8999999999999986E+001                 -9.9000000000000000E+001                 -9.9000000000000000E+001 
                                     925                  4.9223017941295216E-002                 -1.2812110709495530E+000                  7.4875382009767710E+000                  2.6181304153680842E+000                  1.7905269354785609E+001                  2.1942506259493659E-004                  9.9842220692902672E-001                  1.3583680083782967E-003                  2.4081536100248839E-004                  5.7545438126391169E+001                  1.7363399199764741E-025                                        0                 -9.8999999999999986E+001                 -9.9000000000000000E+001                 -9.9000000000000000E+001 
                                     926                  4.8125705646225321E-002                 -1.2850248497436940E+000                  7.4881766375125327E+000                  2.6209942922163121E+000                  1.7908785623508482E+001                  2.0350112718933545E-004                  9.9843813581499341E-001                  1.3583630578172246E-003                  2.0946624789533135E-004                  5.4969569644160011E+001                  1.9103484834638973E-025                                        0                 -9.8999999999999986E+001                 -9.9000000000000000E+001                 -9.9000000000000000E+001 
                                     927                  4.7028393351155426E-002                 -1.2889157321158367E+000                  7.4891449737434019E+000                  2.6252827414210351E+000                  1.7914073923657011E+001                  1.9394666105243671E-004                  9.9844769646207843E-001                  1.3583568768691379E-003                  1.9347460296045125E-004                  5.4776249370049491E+001                  2.2074200929711421E-025                                        0                 -9.8999999999999986E+001                 -9.9000000000000000E+001                 -9.9000000000000000E+001 
                                     928                  4.4833768761014303E-002                 -1.2969440748553425E+000                  7.4902616181992077E+000                  2.6301566137524754E+000                  1.7920105381808241E+001                  1.8970331531535363E-004                  9.9845194630486978E-001                  1.3583503798149099E-003                  1.8867104339297333E-004                  5.6388792990180320E+001                  2.6067740044538753E-025                                        0                 -9.8999999999999986E+001                 -9.9000000000000000E+001                 -9.9000000000000000E+001 
                                     929                  4.3322781452244080E-002                 -1.3026762663539193E+000                  7.4911870080354754E+000                  2.6341452798993239E+000                  1.7925053096002344E+001                  1.8610702814923427E-004                  9.9845554799425418E-001                  1.3583449775965706E-003                  1.8446049995910656E-004                  5.7705823917994223E+001                  2.9911319214763004E-025                                        0                 -9.8999999999999986E+001                 -9.9000000000000000E+001                 -9.9000000000000000E+001 
                                     930                  4.1811794143473635E-002                 -1.3085891289797185E+000                  7.4925972832993857E+000                  2.6401517341509892E+000                  1.7932509420174817E+001                  1.6489466495078946E-004                  9.9847677028775572E-001                  1.3583350472934352E-003                  1.4831034274074060E-004                  5.4522056799933679E+001                  3.6873019501675543E-025                                        0                 -9.8999999999999986E+001                 -9.9000000000000000E+001                 -9.9000000000000000E+001 
                                     931                  3.8789819525932946E-002                 -1.3210119968290379E+000                  7.4945466792500577E+000                  2.6482661967030747E+000                  1.7942643267115848E+001                  1.5790170099712881E-004                  9.9848377472342431E-001                  1.3583235755785239E-003                  1.4047581376959025E-004                  5.7017717645891764E+001                  4.9184792653445303E-025                                        0                 -9.8999999999999986E+001                 -9.9000000000000000E+001                 -9.9000000000000000E+001 
                                     932                  3.5767844908390481E-002                 -1.3343383445541865E+000                  7.4960638122091474E+000                  2.6544571725127009E+000                  1.7950405240899350E+001                  1.5244450216493494E-004                  9.9848924088867219E-001                  1.3583146091629139E-003                  1.3423642026059188E-004                  5.8931067717063634E+001                  6.1500844589074548E-025                                        0                 -9.8999999999999986E+001                 -9.9000000000000000E+001                 -9.9000000000000000E+001 
                                     933                  3.4256857599619592E-002                 -1.3413879452022723E+000                  7.4970935844691233E+000                  2.6586085304189009E+000                  1.7955615402239282E+001                  1.3868351685663151E-004                  9.9850300919594548E-001                  1.3583072871978796E-003                  1.1298699997777846E-004                  5.6147810063300348E+001                  7.1552106129762147E-025                                        0                 -9.8999999999999986E+001                 -9.9000000000000000E+001                 -9.9000000000000000E+001 
                                     934                  3.2745870290848918E-002                 -1.3487261751717459E+000                  7.4985661647021704E+000                  2.6644511614261628E+000                  1.7962981302877608E+001                  1.3236258286846838E-004                  9.9850933906818651E-001                  1.3582983489450751E-003                  1.0539996884885501E-004                  5.7226582685689642E+001                  8.8788761225346900E-025                                        0                 -9.8999999999999986E+001                 -9.9000000000000000E+001                 -9.9000000000000000E+001 
                                     935                  3.0018533206743501E-002                 -1.3627934708319662E+000                  7.5005343482918203E+000                  2.6721146338061668E+000                  1.7972681172177708E+001                  1.2564351598026445E-004                  9.9851606992934283E-001                  1.3582865546769574E-003                  9.8002489762825389E-005                  5.9277871840315647E+001                  1.1836094078111243E-024                                        0                 -9.8999999999999986E+001                 -9.9000000000000000E+001                 -9.9000000000000000E+001 
                                     936                  2.7291196122638077E-002                 -1.3780888416989876E+000                  7.5025807749790348E+000                  2.6799292934507690E+000                  1.7982607010333375E+001                  1.1127045199502669E-004                  9.9853045638781168E-001                  1.3582731601933240E-003                  7.9392341119680681E-005                  5.7463851802313350E+001                  1.5941932244666405E-024                                        0                 -9.8999999999999986E+001                 -9.9000000000000000E+001                 -9.9000000000000000E+001 
                                     937                  2.4563859038531994E-002                 -1.3948698798842558E+000                  7.5047178642497991E+000                  2.6879074740176754E+000                  1.7992795451037122E+001                  1.0543237921065664E-004                  9.9853630728618203E-001                  1.3582603346072863E-003                  7.3691174524105775E-005                  5.9797949220752137E+001                  2.1727281005929124E-024                                        0                 -9.8999999999999986E+001                 -9.9000000000000000E+001                 -9.9000000000000000E+001 
                                     938                  2.1836521954425685E-002                 -1.4134855945331408E+000                  7.5072472060454407E+000                  2.6971487070853475E+000                  1.8004646715102961E+001                  9.3542301828999002E-005                  9.9854821347528044E-001                  1.3582442228905478E-003                  6.0310865460852808E-005                  5.9243881164519799E+001                  3.1292574807215239E-024                                        0                 -9.8999999999999986E+001                 -9.9000000000000000E+001                 -9.9000000000000000E+001 
                                     939                  1.8396497531242562E-002                 -1.4403622606818294E+000                  7.5102628394843354E+000                  2.7078836047123986E+000                  1.8018497022749511E+001                  8.4779713973210858E-005                  9.9855699463387715E-001                  1.3582256521496028E-003                  5.1855730972816785E-005                  6.1182142481979533E+001                  4.8226563383753774E-024                                        0                 -9.8999999999999986E+001                 -9.9000000000000000E+001                 -9.9000000000000000E+001 
                                     940                  1.4956473108058990E-002                 -1.4724899662175899E+000                  7.5139272325219606E+000                  2.7205783663426897E+000                  1.8034973793698807E+001                  7.2069634142326761E-005                  9.9856972824322487E-001                  1.3582021226328234E-003                  3.9578082023078718E-005                  6.0885368029323061E+001                  8.1301264016120185E-024                                        0                 -9.8999999999999986E+001                 -9.9000000000000000E+001                 -9.9000000000000000E+001 
                                     941                  1.0641699043856026E-002                 -1.5246817416057834E+000                  7.5183829179909125E+000                  2.7354058805811987E+000                  1.8054397806968602E+001                  6.0270888834298654E-005                  9.9858155522220815E-001                  1.3581738889575368E-003                  2.9536422625253136E-005                  6.1540885528209010E+001                  1.5256778700863893E-023                                        0                 -9.8999999999999986E+001                 -9.9000000000000000E+001                 -9.9000000000000000E+001 
                                     942                  6.6761164759141269E-003                 -1.5951897654282297E+000                  7.5227508892655894E+000                  2.7492051891605018E+000                  1.8072697829301742E+001                  5.0983491309235377E-005                  9.9859086983614942E-001                  1.3581466725413049E-003                  2.2482387041408284E-005                  6.2529501859016847E+001                  2.8093113097063436E-023                                        0                 -9.8999999999999986E+001                 -9.9000000000000000E+001                 -9.9000000000000000E+001 
                                     943                  3.8578743282174548E-003                 -1.6770761778651910E+000                  7.5259429053581632E+000                  2.7589891725554034E+000                  1.8085769528363670E+001                  4.5957907575300056E-005                  9.9859591534474224E-001                  1.3581267476824310E-003                  1.9097542929463249E-005                  6.4375232498014611E+001                  4.3739557474297981E-023                                        0                 -9.8999999999999986E+001                 -9.9000000000000000E+001                 -9.9000000000000000E+001 
                                     944                  2.5867564933837448E-003                 -1.7362249874521773E+000                  7.5278550063159555E+000                  2.7647414487311694E+000                  1.8093489802182322E+001                  4.2267350734676755E-005                  9.9859961826017518E-001                  1.3581143890901703E-003                  1.6584376387008938E-005                  6.4088594130010364E+001                  5.6947056668311367E-023                                        0                 -9.8999999999999986E+001                 -9.9000000000000000E+001                 -9.9000000000000000E+001 
                                     945                  1.7182446796491285E-003                 -1.7964425829133897E+000                  7.5295387931957087E+000                  2.7697339022944907E+000                  1.8100215235449884E+001                  3.9940727054676901E-005                  9.9860195554134146E-001                  1.3581037316038325E-003                  1.5153057039045681E-005                  6.4918345310828684E+001                  7.1780618870712093E-023                                        0                 -9.8999999999999986E+001                 -9.9000000000000000E+001                 -9.9000000000000000E+001 
                                     946                  9.4825136838726199E-004                 -1.8835414846363476E+000                  7.5310906626480278E+000                  2.7742809120588321E+000                  1.8106358927095968E+001                  3.7770352709656511E-005                  9.9860413582581786E-001                  1.3580938214724503E-003                  1.3839109998309880E-005                  6.5438023616346086E+001                  8.8790283214185824E-023                                        0                 -9.8999999999999986E+001                 -9.9000000000000000E+001                 -9.9000000000000000E+001 
                                     947                  4.8412660331930839E-004                 -1.9816400310858877E+000                  7.5321883189896788E+000                  2.7774671406657712E+000                  1.8110674125256192E+001                  3.6093167669602372E-005                  9.9860582013305510E-001                  1.3580866992752849E-003                  1.2825893732417961E-005                  6.5414454719830545E+001                  1.0316196748938106E-022                                        0                 -9.8999999999999986E+001                 -9.9000000000000000E+001                 -9.9000000000000000E+001 
                                     948                  2.5206422078504680E-004                 -2.0766039927056035E+000                  7.5328718707433504E+000                  2.7794363755977707E+000                  1.8113346431337103E+001                  3.5290971387165681E-005                  9.9860662667445066E-001                  1.3580823541621267E-003                  1.2375174490011916E-005                  6.5776195435704921E+001                  1.1324415727295608E-022                                        0                 -9.8999999999999986E+001                 -9.9000000000000000E+001                 -9.9000000000000000E+001 
                                     949                  1.3603302951791600E-004                 -2.1661887455561177E+000                  7.5332921335702547E+000                  2.7806416416645487E+000                  1.8114983903479729E+001                  3.4795806397189070E-005                  9.9860712451874145E-001                  1.3580796748613455E-003                  1.2098259881051092E-005                  6.5977801458779481E+001                  1.1991808122239167E-022                                        0                 -9.8999999999999986E+001                 -9.9000000000000000E+001                 -9.9000000000000000E+001 
                                     950                  7.8017433884350589E-005                 -2.2468517733318980E+000                  7.5335452124244124E+000                  2.7813654766554601E+000                  1.8115967988708281E+001                  3.4496967825882767E-005                  9.9860742497365895E-001                  1.3580780585151775E-003                  1.1931667565658508E-005                  6.6091364580022400E+001                  1.2412232563494935E-022                                        0                 -9.8999999999999986E+001                 -9.9000000000000000E+001                 -9.9000000000000000E+001 
                                     951                  4.9009636067678913E-005                 -2.3142603877263381E+000                  7.5336930162501821E+000                  2.7817875393787452E+000                  1.8116542036414121E+001                  3.4322226247473482E-005                  9.9860760066022913E-001                  1.3580771135234260E-003                  1.1834450260720824E-005                  6.6154920671878983E+001                  1.2664447572821197E-022                                        0                 -9.8999999999999986E+001                 -9.9000000000000000E+001                 -9.9000000000000000E+001 
                                     952                  3.4505737159343078E-005                 -2.3651168942379286E+000                  7.5338037962223039E+000                  2.7821035519786337E+000                  1.8116971959348565E+001                  3.4191162792703883E-005                  9.9860773243243994E-001                  1.3580764047673721E-003                  1.1761631497485839E-005                  6.6201215605699829E+001                  1.2856786476091979E-022                                        0                 -9.8999999999999986E+001                 -9.9000000000000000E+001                 -9.9000000000000000E+001 
                                     953                  2.0001838250955194E-005                 -2.4441274317098078E+000                  7.5339160659598301E+000                  2.7824235397111146E+000                  1.8117407386404810E+001                  3.4058245076371691E-005                  9.9860786606888852E-001                  1.3580756860350762E-003                  1.1687869058312310E-005                  6.6246930330960879E+001                  1.3054646709650188E-022                                        0                 -9.8999999999999986E+001                 -9.9000000000000000E+001                 -9.9000000000000000E+001 
                                     954                  1.0000919120784216E-005                 -2.5445307743140884E+000                  7.5340026803925291E+000                  2.7826702141327933E+000                  1.8117743118535120E+001                  3.3955640748416242E-005                  9.9860796922801209E-001                  1.3580751312395334E-003                  1.1630989799882602E-005                  6.6281368383375266E+001                  1.3209339038636950E-022                                        0                 -9.8999999999999986E+001                 -9.9000000000000000E+001                 -9.9000000000000000E+001 
                                     955                  5.0004595554766845E-006                 -2.6449118878252702E+000                  7.5340572512708528E+000                  2.7828255431624100E+000                  1.8117954556899164E+001                  3.3890970740039509E-005                  9.9860803424769873E-001                  1.3580747815612471E-003                  1.1595167447456705E-005                  6.6302695718511544E+001                  1.3307727125392957E-022                                        0                 -9.8999999999999986E+001                 -9.9000000000000000E+001                 -9.9000000000000000E+001 
                                     956                  2.5002297729339396E-006                 -2.7452790006580221E+000                  7.5340916316033208E+000                  2.7829233680988832E+000                  1.8118087731052725E+001                  3.3850218145473009E-005                  9.9860807522064809E-001                  1.3580745612064016E-003                  1.1572604714695255E-005                  6.6315984833997192E+001                  1.3370082911501748E-022                                        0                 -9.8999999999999986E+001                 -9.9000000000000000E+001                 -9.9000000000000000E+001 
                                     957                  1.2501148816625678E-006                 -2.8456372837614419E+000                  7.5341132909633153E+000                  2.7829849835393210E+000                  1.8118171616100362E+001                  3.3824540505009443E-005                  9.9860810103713138E-001                  1.3580744223635755E-003                  1.1558392712069654E-005                  6.6324298285263040E+001                  1.3409514214236712E-022                                        0                 -9.8999999999999986E+001                 -9.9000000000000000E+001                 -9.9000000000000000E+001 
                                     958                  6.2505743608239294E-007                 -2.9459899786488282E+000                  7.5341269359276621E+000                  2.7830237946947953E+000                  1.8118224456607557E+001                  3.3808362609284002E-005                  9.9860811730250365E-001                  1.3580743348871049E-003                  1.1549440385756874E-005                  6.6329512323333972E+001                  1.3434413915865250E-022                                        0                 -9.8999999999999986E+001                 -9.9000000000000000E+001                 -9.9000000000000000E+001 
                                     959                  3.1252871329230561E-007                 -3.0463390991097028E+000                  7.5341355318638046E+000                  2.7830482425346581E+000                  1.8118257742514952E+001                  3.3798170413376868E-005                  9.9860812754981043E-001                  1.3580742797761891E-003                  1.1543801062618892E-005                  6.6332787792526432E+001                  1.3450123385386070E-022                                        0                 -9.8999999999999986E+001                 -9.9000000000000000E+001                 -9.9000000000000000E+001 
                                     960                  1.5626435143435347E-007                 -3.1466858591420701E+000                  7.5341427520263275E+000                  2.7830687763256416E+000                  1.8118285699834722E+001                  3.3789609152331839E-005                  9.9860813615736399E-001                  1.3580742334836637E-003                  1.1539064562592706E-005                  6.6335533577643815E+001                  1.3463332546992254E-022                                        0                 -9.8999999999999986E+001                 -9.9000000000000000E+001                 -9.9000000000000000E+001 
