 reading user weak rate file /home/njm/MESA/mesa/data/rates_data/rate_tables/S13_r_be7_wk_li7.h5
 version_number 6494df2
 read inlist_project
 Extras startup routine
 DEBUG: colors_handle =            1
 DEBUG: colors instrument = /colors/data/filters/GAIA/GAIA
 DEBUG: colors vega_sed = /colors/data/stellar_models/vega_flam.csv
 DEBUG: colors stellar_atm = /colors/data/stellar_models/Kurucz2003all/
 DEBUG: colors metallicity =    2.0000000000000000E-002
 DEBUG: colors distance =    3.0857000000000000E+017
 DEBUG: colors make_csv =  F
 DEBUG: colors use_colors =  T


 The terminal output contains the following information

      'step' is the number of steps since the start of the run,
      'lg_dt' is log10 timestep in years,
      'age_yr' is the simulated years since the start run,
      'lg_Tcntr' is log10 center temperature (K),
      'lg_Dcntr' is log10 center density (g/cm^3),
      'lg_Tmax' is log10 max temperature (K),
      'Teff' is the surface temperature (K),
      'lg_R' is log10 surface radius (Rsun),
      'lg_L' is log10 surface luminosity (Lsun),
      'lg_LH' is log10 total PP and CNO hydrogen burning power (Lsun),
      'lg_L3a' is log10 total triple-alpha helium burning power (Lsun),
      'lg_gsurf' is log10 surface gravity,
      'lg_Lnuc' is log10 nuclear power (Lsun),
      'lg_Lneu' is log10 total neutrino power (Lsun),
      'lg_Lphoto' is log10 total photodisintegration (Lsun),
      'Mass' is the total stellar baryonic mass (Msun),
      'lg_Mdot' is log10 magnitude of rate of change of mass (Msun/year),
      'lg_Dsurf' is log10 surface density (g/cm^3),
      'H_env' is the amount of mass where H is dominant,
      'He_core' is the largest mass where He is dominant.
      'CO_core' is the largest mass where CO is dominant.
      'H_cntr' is the center H1 mass fraction,
      'He_cntr' is the center He4 mass fraction,
      'C_cntr' is the center C12 mass fraction,
      'N_cntr' is the center N14 mass fraction,
      'O_cntr' is the center O16 mass fraction,
      'Ne_cntr' is the center Ne20 mass fraction,
      'gam_cntr' is the center plasma interaction parameter,
      'eta_cntr' is the center electron degeneracy parameter,
      'zones' is the number of zones in the current model,
      'iters' is the number of solver iterations for the current step,
      'retry' is the number of step retries required during the run,
      'dt_limit' is an indication of what limited the timestep.

 All this and more are saved in the LOGS directory during the run.
 create pre-main-sequence model
                                          species  mass           8    2.0000000000000000D+00

                                        relax_num_steps         100

 hydro_solver_step returned ierr          -1
 s% model_number           1
 nz        1573
 s% num_retries           0

 retry:  logRho > hydro_mtx_max_allowed_logRho          24       1
          1   5.479702   5668.334 -21.054921 -21.054921   2.000000   2.000000   0.755800   0.000071   0.242800  -9.239862   1573      1
-5.3010E+00   5.479702   1.740174 -99.000000 -22.452790 -99.000000   0.000000   0.242800   0.000657   0.001400   0.044492     15
 5.0000E-06  -3.829427   3.448864 -99.000000 -99.000000  -8.769672   0.000000   0.000241   0.000146   0.001400  0.000E+00         retry

          2   5.477866   5552.915 -21.055029 -21.055029   2.000000   2.000000   0.755800   0.000071   0.242800  -9.233638    837      1
-5.0000E+00   5.477674   1.739196 -99.000000 -22.452898 -99.000000   0.000000   0.242800   0.000657   0.001400   0.044688      3
 1.5000E-05  -3.829765   3.411170 -99.000000 -99.000000  -8.676529   0.000000   0.000241   0.000146   0.001400  0.000E+00  max increase

          3   5.477522   5458.180 -21.055352 -21.055352   2.000000   2.000000   0.755800   0.000071   0.242800  -9.231630    522      1
-5.0000E+00   5.477444   1.738484 -99.000000 -22.453220 -99.000000   0.000000   0.242800   0.000657   0.001400   0.044730      3
 2.5000E-05  -3.829237   3.379854 -99.000000 -99.000000  -8.603414   0.000000   0.000241   0.000146   0.001400  0.000E+00        max_dt

          4   5.477461   5388.060 -21.055352 -21.055352   2.000000   2.000000   0.755800   0.000071   0.242800  -9.230591    525      1
-5.0000E+00   5.477280   1.737952 -99.000000 -22.453220 -99.000000   0.000000   0.242800   0.000657   0.001400   0.044754      3
 3.5000E-05  -3.829033   3.356327 -99.000000 -99.000000  -8.548847   0.000000   0.000241   0.000146   0.001400  0.000E+00        max_dt

          5   5.477461   5334.152 -21.055352 -21.055352   2.000000   2.000000   0.755800   0.000071   0.242800  -9.229968    528      1
-5.0000E+00   5.477181   1.737531 -99.000000 -22.453220 -99.000000   0.000000   0.242800   0.000657   0.001400   0.044768      3
 4.5000E-05  -3.828910   3.338018 -99.000000 -99.000000  -8.506613   0.000000   0.000241   0.000146   0.001400  0.000E+00        max_dt

          6   5.477546   5290.870 -21.055786 -21.055786   2.000000   2.000000   0.755800   0.000071   0.242800  -9.229549    528      1
-5.0000E+00   5.477200   1.737184 -99.000000 -22.453654 -99.000000   0.000000   0.242800   0.000657   0.001400   0.044774      3
 5.5000E-05  -3.828700   3.323171 -99.000000 -99.000000  -8.472556   0.000000   0.000241   0.000146   0.001400  0.000E+00        max_dt

          7   5.477546   5254.988 -21.055787 -21.055787   2.000000   2.000000   0.755800   0.000071   0.242800  -9.229256    530      1
-5.0000E+00   5.477153   1.736892 -99.000000 -22.453655 -99.000000   0.000000   0.242800   0.000657   0.001400   0.044780      3
 6.5000E-05  -3.828643   3.310764 -99.000000 -99.000000  -8.444222   0.000000   0.000241   0.000146   0.001400  0.000E+00        max_dt

          8   5.477546   5224.523 -21.055788 -21.055788   2.000000   2.000000   0.755800   0.000071   0.242800  -9.229037    530      1
-5.0000E+00   5.477118   1.736638 -99.000000 -22.453656 -99.000000   0.000000   0.242800   0.000657   0.001400   0.044785      3
 7.5000E-05  -3.828601   3.300156 -99.000000 -99.000000  -8.420055   0.000000   0.000241   0.000146   0.001400  0.000E+00        max_dt

          9   5.477546   5197.788 -21.055789 -21.055789   2.000000   2.000000   0.755800   0.000071   0.242800  -9.228855    526      1
-5.0000E+00   5.477087   1.736411 -99.000000 -22.453657 -99.000000   0.000000   0.242800   0.000657   0.001400   0.044790      3
 8.5000E-05  -3.828568   3.290791 -99.000000 -99.000000  -8.398737   0.000000   0.000241   0.000146   0.001400  0.000E+00        max_dt


__________________________________________________________________________________________________________________________________________________

       step    lg_Tmax     Teff     lg_LH      lg_Lnuc_tot     Mass       H_rich     H_cntr     N_cntr     Y_surf   eta_cntr   zones  retry
  lg_dt_yrs    lg_Tcntr    lg_R     lg_L3a     lg_Lneu     lg_Mdot    He_core    He_cntr    O_cntr     Z_surf   gam_cntr   iters  
    age_yrs    lg_Dcntr    lg_L     lg_LZ      lg_Lphoto   lg_Dsurf   CO_core    C_cntr     Ne_cntr    Z_cntr   v_div_cs       dt_limit
__________________________________________________________________________________________________________________________________________________

         10   5.477547   5173.852 -21.055790 -21.055790   2.000000   2.000000   0.755800   0.000071   0.242800  -9.228715    526      1
-5.0000E+00   5.477063   1.736206 -99.000000 -22.453658 -99.000000   0.000000   0.242800   0.000657   0.001400   0.044793      3
 9.5000E-05  -3.828543   3.282362 -99.000000 -99.000000  -8.379548   0.000000   0.000241   0.000146   0.001400  0.000E+00        max_dt

         11   5.477547   5152.599 -21.055791 -21.055791   2.000000   2.000000   0.755800   0.000071   0.242800  -9.228609    525      1
-5.0000E+00   5.477045   1.736020 -99.000000 -22.453659 -99.000000   0.000000   0.242800   0.000657   0.001400   0.044796      3
 1.0500E-04  -3.828524   3.274839 -36.725659 -99.000000  -8.362417   0.000000   0.000241   0.000146   0.001400  0.000E+00        max_dt

         12   5.477547   5133.572 -21.055792 -21.055792   2.000000   2.000000   0.755800   0.000071   0.242800  -9.228526    525      1
-5.0000E+00   5.477031   1.735851 -99.000000 -22.453660 -99.000000   0.000000   0.242800   0.000657   0.001400   0.044798      3
 1.1500E-04  -3.828509   3.268074 -99.000000 -99.000000  -8.346999   0.000000   0.000241   0.000146   0.001400  0.000E+00        max_dt

         13   5.477547   5116.120 -21.055792 -21.055792   2.000000   2.000000   0.755800   0.000071   0.242800  -9.228461    522      1
-5.0000E+00   5.477020   1.735694 -99.000000 -22.453661 -99.000000   0.000000   0.242800   0.000657   0.001400   0.044799      3
 1.2500E-04  -3.828498   3.261844 -99.000000 -99.000000  -8.332787   0.000000   0.000241   0.000146   0.001400  0.000E+00        max_dt

         14   5.477547   5100.100 -21.055793 -21.055793   2.000000   2.000000   0.755800   0.000071   0.242800  -9.228409    522      1
-5.0000E+00   5.477011   1.735548 -99.000000 -22.453661 -99.000000   0.000000   0.242800   0.000657   0.001400   0.044800      3
 1.3500E-04  -3.828488   3.256104 -99.000000 -99.000000  -8.319681   0.000000   0.000241   0.000146   0.001400  0.000E+00        max_dt

         15   5.477548   5085.388 -21.055794 -21.055794   2.000000   2.000000   0.755800   0.000071   0.242800  -9.228367    527      1
-5.0000E+00   5.477004   1.735411 -99.000000 -22.453662 -99.000000   0.000000   0.242800   0.000657   0.001400   0.044801      3
 1.4500E-04  -3.828480   3.250813 -99.000000 -99.000000  -8.307591   0.000000   0.000241   0.000146   0.001400  0.000E+00        max_dt

         16   5.477548   5071.684 -21.055795 -21.055795   2.000000   2.000000   0.755800   0.000071   0.242800  -9.228332    525      1
-5.0000E+00   5.476998   1.735283 -99.000000 -22.453663 -99.000000   0.000000   0.242800   0.000657   0.001400   0.044802      3
 1.5500E-04  -3.828474   3.245869 -99.000000 -99.000000  -8.296283   0.000000   0.000241   0.000146   0.001400  0.000E+00        max_dt

         17   5.477548   5058.791 -21.055795 -21.055795   2.000000   2.000000   0.755800   0.000071   0.242800  -9.228303    524      1
-5.0000E+00   5.476993   1.735162 -99.000000 -22.453663 -99.000000   0.000000   0.242800   0.000657   0.001400   0.044803      3
 1.6500E-04  -3.828469   3.241204 -99.000000 -99.000000  -8.285605   0.000000   0.000241   0.000146   0.001400  0.000E+00        max_dt

         18   5.477548   5046.747 -21.055796 -21.055796   2.000000   2.000000   0.755800   0.000071   0.242800  -9.228278    523      1
-5.0000E+00   5.476989   1.735047 -99.000000 -22.453664 -99.000000   0.000000   0.242800   0.000657   0.001400   0.044803      3
 1.7500E-04  -3.828464   3.236834 -36.725659 -99.000000  -8.275593   0.000000   0.000241   0.000146   0.001400  0.000E+00        max_dt

         19   5.477548   5035.418 -21.055797 -21.055797   2.000000   2.000000   0.755800   0.000071   0.242800  -9.228258    520      1
-5.0000E+00   5.476986   1.734938 -99.000000 -22.453665 -99.000000   0.000000   0.242800   0.000657   0.001400   0.044804      3
 1.8500E-04  -3.828460   3.232712 -99.000000 -99.000000  -8.266144   0.000000   0.000241   0.000146   0.001400  0.000E+00        max_dt


__________________________________________________________________________________________________________________________________________________

       step    lg_Tmax     Teff     lg_LH      lg_Lnuc_tot     Mass       H_rich     H_cntr     N_cntr     Y_surf   eta_cntr   zones  retry
  lg_dt_yrs    lg_Tcntr    lg_R     lg_L3a     lg_Lneu     lg_Mdot    He_core    He_cntr    O_cntr     Z_surf   gam_cntr   iters  
    age_yrs    lg_Dcntr    lg_L     lg_LZ      lg_Lphoto   lg_Dsurf   CO_core    C_cntr     Ne_cntr    Z_cntr   v_div_cs       dt_limit
__________________________________________________________________________________________________________________________________________________

         20   5.477548   5024.909 -21.055797 -21.055797   2.000000   2.000000   0.755800   0.000071   0.242800  -9.228240    525      1
-5.0000E+00   5.476983   1.734835 -99.000000 -22.453665 -99.000000   0.000000   0.242800   0.000657   0.001400   0.044804      3
 1.9500E-04  -3.828457   3.228877 -99.000000 -99.000000  -8.257350   0.000000   0.000241   0.000146   0.001400  0.000E+00        max_dt

         21   5.477548   5014.899 -21.055798 -21.055798   2.000000   2.000000   0.755800   0.000071   0.242800  -9.228225    523      1
-5.0000E+00   5.476980   1.734737 -99.000000 -22.453666 -99.000000   0.000000   0.242800   0.000657   0.001400   0.044805      3
 2.0500E-04  -3.828454   3.225217 -99.000000 -99.000000  -8.248949   0.000000   0.000241   0.000146   0.001400  0.000E+00        max_dt

         22   5.477549   5005.405 -21.055798 -21.055798   2.000000   2.000000   0.755800   0.000071   0.242800  -9.228212    522      1
-5.0000E+00   5.476978   1.734643 -99.000000 -22.453666 -99.000000   0.000000   0.242800   0.000657   0.001400   0.044805      3
 2.1500E-04  -3.828452   3.221737 -99.000000 -99.000000  -8.240958   0.000000   0.000241   0.000146   0.001400  0.000E+00        max_dt

         23   5.477549   4996.309 -21.055799 -21.055799   2.000000   2.000000   0.755800   0.000071   0.242800  -9.228200    523      1
-5.0000E+00   5.476976   1.734552 -99.000000 -22.453667 -99.000000   0.000000   0.242800   0.000657   0.001400   0.044805      3
 2.2500E-04  -3.828450   3.218396 -99.000000 -99.000000  -8.233283   0.000000   0.000241   0.000146   0.001400  0.000E+00        max_dt

         24   5.477549   4987.620 -21.055799 -21.055799   2.000000   2.000000   0.755800   0.000071   0.242800  -9.228190    520      1
-5.0000E+00   5.476975   1.734465 -99.000000 -22.453667 -99.000000   0.000000   0.242800   0.000657   0.001400   0.044806      3
 2.3500E-04  -3.828448   3.215198 -99.000000 -99.000000  -8.225936   0.000000   0.000241   0.000146   0.001400  0.000E+00        max_dt

         25   5.477549   4979.367 -21.055800 -21.055800   2.000000   2.000000   0.755800   0.000071   0.242800  -9.228181    521      1
-5.0000E+00   5.476973   1.734382 -99.000000 -22.453668 -99.000000   0.000000   0.242800   0.000657   0.001400   0.044806      3
 2.4500E-04  -3.828446   3.212154 -36.725659 -99.000000  -8.218945   0.000000   0.000241   0.000146   0.001400  0.000E+00        max_dt

         26   5.477549   4971.454 -21.055800 -21.055800   2.000000   2.000000   0.755800   0.000071   0.242800  -9.228173    522      1
-5.0000E+00   5.476972   1.734301 -99.000000 -22.453668 -99.000000   0.000000   0.242800   0.000657   0.001400   0.044806      3
 2.5500E-04  -3.828444   3.209230 -99.000000 -99.000000  -8.212233   0.000000   0.000241   0.000146   0.001400  0.000E+00        max_dt

         27   5.477549   4963.926 -21.055800 -21.055800   2.000000   2.000000   0.755800   0.000071   0.242800  -9.228166    521      1
-5.0000E+00   5.476971   1.734224 -99.000000 -22.453669 -99.000000   0.000000   0.242800   0.000657   0.001400   0.044806      3
 2.6500E-04  -3.828443   3.206444 -99.000000 -99.000000  -8.205840   0.000000   0.000241   0.000146   0.001400  0.000E+00        max_dt

         28   5.477549   4956.763 -21.055801 -21.055801   2.000000   2.000000   0.755800   0.000071   0.242800  -9.228160    523      1
-5.0000E+00   5.476970   1.734150 -99.000000 -22.453669 -99.000000   0.000000   0.242800   0.000657   0.001400   0.044806      3
 2.7500E-04  -3.828442   3.203787 -99.000000 -99.000000  -8.199751   0.000000   0.000241   0.000146   0.001400  0.000E+00        max_dt

         29   5.477549   4949.889 -21.055801 -21.055801   2.000000   2.000000   0.755800   0.000071   0.242800  -9.228154    525      1
-5.0000E+00   5.476969   1.734079 -99.000000 -22.453669 -99.000000   0.000000   0.242800   0.000657   0.001400   0.044806      3
 2.8500E-04  -3.828441   3.201233 -99.000000 -99.000000  -8.193904   0.000000   0.000241   0.000146   0.001400  0.000E+00        max_dt


__________________________________________________________________________________________________________________________________________________

       step    lg_Tmax     Teff     lg_LH      lg_Lnuc_tot     Mass       H_rich     H_cntr     N_cntr     Y_surf   eta_cntr   zones  retry
  lg_dt_yrs    lg_Tcntr    lg_R     lg_L3a     lg_Lneu     lg_Mdot    He_core    He_cntr    O_cntr     Z_surf   gam_cntr   iters  
    age_yrs    lg_Dcntr    lg_L     lg_LZ      lg_Lphoto   lg_Dsurf   CO_core    C_cntr     Ne_cntr    Z_cntr   v_div_cs       dt_limit
__________________________________________________________________________________________________________________________________________________

         30   5.477549   4943.236 -21.055801 -21.055801   2.000000   2.000000   0.755800   0.000071   0.242800  -9.228149    523      1
-5.0000E+00   5.476968   1.734009 -99.000000 -22.453670 -99.000000   0.000000   0.242800   0.000657   0.001400   0.044806      3
 2.9500E-04  -3.828440   3.198758 -99.000000 -99.000000  -8.188243   0.000000   0.000241   0.000146   0.001400  0.000E+00        max_dt

         31   5.477549   4936.831 -21.055802 -21.055802   2.000000   2.000000   0.755800   0.000071   0.242800  -9.228145    521      1
-5.0000E+00   5.476968   1.733942 -99.000000 -22.453670 -99.000000   0.000000   0.242800   0.000657   0.001400   0.044807      3
 3.0500E-04  -3.828439   3.196371 -99.000000 -99.000000  -8.182791   0.000000   0.000241   0.000146   0.001400  0.000E+00        max_dt

         32   5.477549   4930.671 -21.055802 -21.055802   2.000000   2.000000   0.755800   0.000071   0.242800  -9.228141    523      1
-5.0000E+00   5.476967   1.733877 -99.000000 -22.453670 -99.000000   0.000000   0.242800   0.000657   0.001400   0.044807      3
 3.1500E-04  -3.828438   3.194072 -99.000000 -99.000000  -8.177546   0.000000   0.000241   0.000146   0.001400  0.000E+00        max_dt

         33   5.477550   4924.735 -21.055802 -21.055802   2.000000   2.000000   0.755800   0.000071   0.242800  -9.228137    525      1
-5.0000E+00   5.476966   1.733814 -99.000000 -22.453670 -99.000000   0.000000   0.242800   0.000657   0.001400   0.044807      3
 3.2500E-04  -3.828437   3.191854 -36.725659 -99.000000  -8.172492   0.000000   0.000241   0.000146   0.001400  0.000E+00        max_dt

         34   5.477550   4918.981 -21.055803 -21.055803   2.000000   2.000000   0.755800   0.000071   0.242800  -9.228133    523      1
-5.0000E+00   5.476966   1.733753 -99.000000 -22.453671 -99.000000   0.000000   0.242800   0.000657   0.001400   0.044807      3
 3.3500E-04  -3.828436   3.189700 -99.000000 -99.000000  -8.167595   0.000000   0.000241   0.000146   0.001400  0.000E+00        max_dt

         35   5.477550   4913.419 -21.055803 -21.055803   2.000000   2.000000   0.755800   0.000071   0.242800  -9.228130    525      1
-5.0000E+00   5.476965   1.733694 -99.000000 -22.453671 -99.000000   0.000000   0.242800   0.000657   0.001400   0.044807      3
 3.4500E-04  -3.828436   3.187616 -99.000000 -99.000000  -8.162861   0.000000   0.000241   0.000146   0.001400  0.000E+00        max_dt

         36   5.477550   4908.041 -21.055803 -21.055803   2.000000   2.000000   0.755800   0.000071   0.242800  -9.228127    524      1
-5.0000E+00   5.476965   1.733636 -99.000000 -22.453671 -99.000000   0.000000   0.242800   0.000657   0.001400   0.044807      3
 3.5500E-04  -3.828435   3.185598 -99.000000 -99.000000  -8.158286   0.000000   0.000241   0.000146   0.001400  0.000E+00        max_dt

         37   5.477550   4902.837 -21.055803 -21.055803   2.000000   2.000000   0.755800   0.000071   0.242800  -9.228125    523      1
-5.0000E+00   5.476965   1.733580 -99.000000 -22.453671 -99.000000   0.000000   0.242800   0.000657   0.001400   0.044807      3
 3.6500E-04  -3.828435   3.183643 -99.000000 -99.000000  -8.153860   0.000000   0.000241   0.000146   0.001400  0.000E+00        max_dt

         38   5.477550   4897.566 -21.055803 -21.055803   2.000000   2.000000   0.755800   0.000071   0.242800  -9.228122    517      1
-5.0000E+00   5.476964   1.733524 -99.000000 -22.453672 -99.000000   0.000000   0.242800   0.000657   0.001400   0.044807      3
 3.7500E-04  -3.828434   3.181662 -99.000000 -99.000000  -8.149381   0.000000   0.000241   0.000146   0.001400  0.000E+00        max_dt

         39   5.477550   4892.507 -21.055804 -21.055804   2.000000   2.000000   0.755800   0.000071   0.242800  -9.228120    519      1
-5.0000E+00   5.476964   1.733469 -99.000000 -22.453672 -99.000000   0.000000   0.242800   0.000657   0.001400   0.044807      3
 3.8500E-04  -3.828434   3.179758 -99.000000 -99.000000  -8.145085   0.000000   0.000241   0.000146   0.001400  0.000E+00        max_dt


__________________________________________________________________________________________________________________________________________________

       step    lg_Tmax     Teff     lg_LH      lg_Lnuc_tot     Mass       H_rich     H_cntr     N_cntr     Y_surf   eta_cntr   zones  retry
  lg_dt_yrs    lg_Tcntr    lg_R     lg_L3a     lg_Lneu     lg_Mdot    He_core    He_cntr    O_cntr     Z_surf   gam_cntr   iters  
    age_yrs    lg_Dcntr    lg_L     lg_LZ      lg_Lphoto   lg_Dsurf   CO_core    C_cntr     Ne_cntr    Z_cntr   v_div_cs       dt_limit
__________________________________________________________________________________________________________________________________________________

         40   5.477550   4887.686 -21.055804 -21.055804   2.000000   2.000000   0.755800   0.000071   0.242800  -9.228118    519      1
-5.0000E+00   5.476964   1.733417 -99.000000 -22.453672 -99.000000   0.000000   0.242800   0.000657   0.001400   0.044807      3
 3.9500E-04  -3.828433   3.177941 -99.000000 -99.000000  -8.140993   0.000000   0.000241   0.000146   0.001400  0.000E+00        max_dt

         41   5.477550   4883.048 -21.055804 -21.055804   2.000000   2.000000   0.755800   0.000071   0.242800  -9.228116    521      1
-5.0000E+00   5.476963   1.733367 -99.000000 -22.453672 -99.000000   0.000000   0.242800   0.000657   0.001400   0.044807      3
 4.0500E-04  -3.828433   3.176191 -99.000000 -99.000000  -8.137059   0.000000   0.000241   0.000146   0.001400  0.000E+00        max_dt

         42   5.477550   4878.561 -21.055804 -21.055804   2.000000   2.000000   0.755800   0.000071   0.242800  -9.228114    520      1
-5.0000E+00   5.476963   1.733317 -99.000000 -22.453672 -99.000000   0.000000   0.242800   0.000657   0.001400   0.044807      3
 4.1500E-04  -3.828432   3.174495 -99.000000 -99.000000  -8.133256   0.000000   0.000241   0.000146   0.001400  0.000E+00        max_dt

         43   5.477550   4874.208 -21.055804 -21.055804   2.000000   2.000000   0.755800   0.000071   0.242800  -9.228113    519      1
-5.0000E+00   5.476963   1.733269 -99.000000 -22.453672 -99.000000   0.000000   0.242800   0.000657   0.001400   0.044807      3
 4.2500E-04  -3.828432   3.172849 -99.000000 -99.000000  -8.129570   0.000000   0.000241   0.000146   0.001400  0.000E+00        max_dt

         44   5.477550   4869.966 -21.055804 -21.055804   2.000000   2.000000   0.755800   0.000071   0.242800  -9.228111    519      1
-5.0000E+00   5.476963   1.733222 -99.000000 -22.453673 -99.000000   0.000000   0.242800   0.000657   0.001400   0.044807      3
 4.3500E-04  -3.828431   3.171242 -99.000000 -99.000000  -8.125980   0.000000   0.000241   0.000146   0.001400  0.000E+00        max_dt

         45   5.477550   4865.839 -21.055805 -21.055805   2.000000   2.000000   0.755800   0.000071   0.242800  -9.228110    518      1
-5.0000E+00   5.476963   1.733177 -99.000000 -22.453673 -99.000000   0.000000   0.242800   0.000657   0.001400   0.044807      3
 4.4500E-04  -3.828431   3.169678 -99.000000 -99.000000  -8.122491   0.000000   0.000241   0.000146   0.001400  0.000E+00        max_dt

         46   5.477550   4861.836 -21.055805 -21.055805   2.000000   2.000000   0.755800   0.000071   0.242800  -9.228108    524      1
-5.0000E+00   5.476962   1.733132 -99.000000 -22.453673 -99.000000   0.000000   0.242800   0.000657   0.001400   0.044807      3
 4.5500E-04  -3.828431   3.168159 -99.000000 -99.000000  -8.119111   0.000000   0.000241   0.000146   0.001400  0.000E+00        max_dt

         47   5.477550   4857.908 -21.055805 -21.055805   2.000000   2.000000   0.755800   0.000071   0.242800  -9.228107    521      1
-5.0000E+00   5.476962   1.733088 -99.000000 -22.453673 -99.000000   0.000000   0.242800   0.000657   0.001400   0.044807      3
 4.6500E-04  -3.828431   3.166667 -99.000000 -99.000000  -8.115796   0.000000   0.000241   0.000146   0.001400  0.000E+00        max_dt

         48   5.477550   4854.073 -21.055805 -21.055805   2.000000   2.000000   0.755800   0.000071   0.242800  -9.228106    521      1
-5.0000E+00   5.476962   1.733045 -99.000000 -22.453673 -99.000000   0.000000   0.242800   0.000657   0.001400   0.044807      3
 4.7500E-04  -3.828430   3.165209 -99.000000 -99.000000  -8.112564   0.000000   0.000241   0.000146   0.001400  0.000E+00        max_dt

         49   5.477551   4850.332 -21.055805 -21.055805   2.000000   2.000000   0.755800   0.000071   0.242800  -9.228105    521      1
-5.0000E+00   5.476962   1.733003 -99.000000 -22.453673 -99.000000   0.000000   0.242800   0.000657   0.001400   0.044807      3
 4.8500E-04  -3.828430   3.163786 -99.000000 -99.000000  -8.109414   0.000000   0.000241   0.000146   0.001400  0.000E+00        max_dt


__________________________________________________________________________________________________________________________________________________

       step    lg_Tmax     Teff     lg_LH      lg_Lnuc_tot     Mass       H_rich     H_cntr     N_cntr     Y_surf   eta_cntr   zones  retry
  lg_dt_yrs    lg_Tcntr    lg_R     lg_L3a     lg_Lneu     lg_Mdot    He_core    He_cntr    O_cntr     Z_surf   gam_cntr   iters  
    age_yrs    lg_Dcntr    lg_L     lg_LZ      lg_Lphoto   lg_Dsurf   CO_core    C_cntr     Ne_cntr    Z_cntr   v_div_cs       dt_limit
__________________________________________________________________________________________________________________________________________________

         50   5.477551   4846.680 -21.055805 -21.055805   2.000000   2.000000   0.755800   0.000071   0.242800  -9.228104    521      1
-5.0000E+00   5.476962   1.732962 -99.000000 -22.453674 -99.000000   0.000000   0.242800   0.000657   0.001400   0.044807      3
 4.9500E-04  -3.828430   3.162395 -99.000000 -99.000000  -8.106343   0.000000   0.000241   0.000146   0.001400  0.000E+00        max_dt

         51   5.477551   4843.113 -21.055806 -21.055806   2.000000   2.000000   0.755800   0.000071   0.242800  -9.228103    522      1
-5.0000E+00   5.476962   1.732922 -99.000000 -22.453674 -99.000000   0.000000   0.242800   0.000657   0.001400   0.044807      3
 5.0500E-04  -3.828429   3.161036 -99.000000 -99.000000  -8.103346   0.000000   0.000241   0.000146   0.001400  0.000E+00        max_dt

         52   5.477551   4839.609 -21.055806 -21.055806   2.000000   2.000000   0.755800   0.000071   0.242800  -9.228102    520      1
-5.0000E+00   5.476962   1.732882 -99.000000 -22.453674 -99.000000   0.000000   0.242800   0.000657   0.001400   0.044808      3
 5.1500E-04  -3.828429   3.159699 -99.000000 -99.000000  -8.100405   0.000000   0.000241   0.000146   0.001400  0.000E+00        max_dt

         53   5.477551   4836.181 -21.055806 -21.055806   2.000000   2.000000   0.755800   0.000071   0.242800  -9.228101    520      1
-5.0000E+00   5.476961   1.732843 -99.000000 -22.453674 -99.000000   0.000000   0.242800   0.000657   0.001400   0.044808      3
 5.2500E-04  -3.828429   3.158390 -99.000000 -99.000000  -8.097532   0.000000   0.000241   0.000146   0.001400  0.000E+00        max_dt

         54   5.477551   4832.836 -21.055806 -21.055806   2.000000   2.000000   0.755800   0.000071   0.242800  -9.228100    520      1
-5.0000E+00   5.476961   1.732805 -99.000000 -22.453674 -99.000000   0.000000   0.242800   0.000657   0.001400   0.044808      3
 5.3500E-04  -3.828429   3.157112 -99.000000 -99.000000  -8.094731   0.000000   0.000241   0.000146   0.001400  0.000E+00        max_dt

         55   5.477551   4829.526 -21.055806 -21.055806   2.000000   2.000000   0.755800   0.000071   0.242800  -9.228099    519      1
-5.0000E+00   5.476961   1.732768 -99.000000 -22.453674 -99.000000   0.000000   0.242800   0.000657   0.001400   0.044808      3
 5.4500E-04  -3.828429   3.155847 -99.000000 -99.000000  -8.091964   0.000000   0.000241   0.000146   0.001400  0.000E+00        max_dt

         56   5.477551   4826.307 -21.055806 -21.055806   2.000000   2.000000   0.755800   0.000071   0.242800  -9.228099    519      1
-5.0000E+00   5.476961   1.732731 -99.000000 -22.453674 -99.000000   0.000000   0.242800   0.000657   0.001400   0.044808      3
 5.5500E-04  -3.828428   3.154616 -99.000000 -99.000000  -8.089275   0.000000   0.000241   0.000146   0.001400  0.000E+00        max_dt

         57   5.477551   4823.140 -21.055806 -21.055806   2.000000   2.000000   0.755800   0.000071   0.242800  -9.228098    519      1
-5.0000E+00   5.476961   1.732695 -99.000000 -22.453674 -99.000000   0.000000   0.242800   0.000657   0.001400   0.044808      3
 5.6500E-04  -3.828428   3.153403 -99.000000 -99.000000  -8.086633   0.000000   0.000241   0.000146   0.001400  0.000E+00        max_dt

         58   5.477551   4820.046 -21.055806 -21.055806   2.000000   2.000000   0.755800   0.000071   0.242800  -9.228097    519      1
-5.0000E+00   5.476961   1.732659 -99.000000 -22.453675 -99.000000   0.000000   0.242800   0.000657   0.001400   0.044808      3
 5.7500E-04  -3.828428   3.152217 -99.000000 -99.000000  -8.084055   0.000000   0.000241   0.000146   0.001400  0.000E+00        max_dt

         59   5.477551   4817.025 -21.055807 -21.055807   2.000000   2.000000   0.755800   0.000071   0.242800  -9.228097    519      1
-5.0000E+00   5.476961   1.732625 -99.000000 -22.453675 -99.000000   0.000000   0.242800   0.000657   0.001400   0.044808      3
 5.8500E-04  -3.828428   3.151059 -36.725659 -99.000000  -8.081540   0.000000   0.000241   0.000146   0.001400  0.000E+00        max_dt


__________________________________________________________________________________________________________________________________________________

       step    lg_Tmax     Teff     lg_LH      lg_Lnuc_tot     Mass       H_rich     H_cntr     N_cntr     Y_surf   eta_cntr   zones  retry
  lg_dt_yrs    lg_Tcntr    lg_R     lg_L3a     lg_Lneu     lg_Mdot    He_core    He_cntr    O_cntr     Z_surf   gam_cntr   iters  
    age_yrs    lg_Dcntr    lg_L     lg_LZ      lg_Lphoto   lg_Dsurf   CO_core    C_cntr     Ne_cntr    Z_cntr   v_div_cs       dt_limit
__________________________________________________________________________________________________________________________________________________

         60   5.477551   4814.071 -21.055807 -21.055807   2.000000   2.000000   0.755800   0.000071   0.242800  -9.228096    519      1
-5.0000E+00   5.476961   1.732591 -99.000000 -22.453675 -99.000000   0.000000   0.242800   0.000657   0.001400   0.044808      3
 5.9500E-04  -3.828428   3.149925 -99.000000 -99.000000  -8.079085   0.000000   0.000241   0.000146   0.001400  0.000E+00        max_dt

         61   5.477551   4811.178 -21.055807 -21.055807   2.000000   2.000000   0.755800   0.000071   0.242800  -9.228096    519      1
-5.0000E+00   5.476961   1.732557 -99.000000 -22.453675 -99.000000   0.000000   0.242800   0.000657   0.001400   0.044808      3
 6.0500E-04  -3.828428   3.148814 -99.000000 -99.000000  -8.076684   0.000000   0.000241   0.000146   0.001400  0.000E+00        max_dt

         62   5.477551   4808.343 -21.055807 -21.055807   2.000000   2.000000   0.755800   0.000071   0.242800  -9.228095    519      1
-5.0000E+00   5.476961   1.732524 -99.000000 -22.453675 -99.000000   0.000000   0.242800   0.000657   0.001400   0.044808      3
 6.1500E-04  -3.828427   3.147724 -99.000000 -99.000000  -8.074333   0.000000   0.000241   0.000146   0.001400  0.000E+00        max_dt

         63   5.477551   4805.550 -21.055807 -21.055807   2.000000   2.000000   0.755800   0.000071   0.242800  -9.228095    518      1
-5.0000E+00   5.476961   1.732492 -99.000000 -22.453675 -99.000000   0.000000   0.242800   0.000657   0.001400   0.044808      3
 6.2500E-04  -3.828427   3.146650 -99.000000 -99.000000  -8.072020   0.000000   0.000241   0.000146   0.001400  0.000E+00        max_dt

         64   5.477551   4802.777 -21.055807 -21.055807   2.000000   2.000000   0.755800   0.000071   0.242800  -9.228094    517      1
-5.0000E+00   5.476961   1.732460 -99.000000 -22.453675 -99.000000   0.000000   0.242800   0.000657   0.001400   0.044808      3
 6.3500E-04  -3.828427   3.145583 -99.000000 -99.000000  -8.069727   0.000000   0.000241   0.000146   0.001400  0.000E+00        max_dt

         65   5.477551   4800.063 -21.055807 -21.055807   2.000000   2.000000   0.755800   0.000071   0.242800  -9.228094    517      1
-5.0000E+00   5.476961   1.732428 -99.000000 -22.453675 -99.000000   0.000000   0.242800   0.000657   0.001400   0.044808      3
 6.4500E-04  -3.828427   3.144538 -99.000000 -99.000000  -8.067485   0.000000   0.000241   0.000146   0.001400  0.000E+00        max_dt

         66   5.477551   4797.408 -21.055807 -21.055807   2.000000   2.000000   0.755800   0.000071   0.242800  -9.228093    517      1
-5.0000E+00   5.476961   1.732397 -99.000000 -22.453675 -99.000000   0.000000   0.242800   0.000657   0.001400   0.044808      3
 6.5500E-04  -3.828427   3.143515 -99.000000 -99.000000  -8.065295   0.000000   0.000241   0.000146   0.001400  0.000E+00        max_dt

         67   5.477551   4794.806 -21.055807 -21.055807   2.000000   2.000000   0.755800   0.000071   0.242800  -9.228093    517      1
-5.0000E+00   5.476961   1.732367 -99.000000 -22.453676 -99.000000   0.000000   0.242800   0.000657   0.001400   0.044808      3
 6.6500E-04  -3.828427   3.142512 -99.000000 -99.000000  -8.063151   0.000000   0.000241   0.000146   0.001400  0.000E+00        max_dt

         68   5.477551   4792.259 -21.055808 -21.055808   2.000000   2.000000   0.755800   0.000071   0.242800  -9.228092    518      1
-5.0000E+00   5.476961   1.732337 -99.000000 -22.453676 -99.000000   0.000000   0.242800   0.000657   0.001400   0.044808      3
 6.7500E-04  -3.828427   3.141528 -99.000000 -99.000000  -8.061055   0.000000   0.000241   0.000146   0.001400  0.000E+00        max_dt

         69   5.477551   4789.745 -21.055808 -21.055808   2.000000   2.000000   0.755800   0.000071   0.242800  -9.228092    517      1
-5.0000E+00   5.476961   1.732307 -99.000000 -22.453676 -99.000000   0.000000   0.242800   0.000657   0.001400   0.044808      3
 6.8500E-04  -3.828426   3.140558 -99.000000 -99.000000  -8.058989   0.000000   0.000241   0.000146   0.001400  0.000E+00        max_dt


__________________________________________________________________________________________________________________________________________________

       step    lg_Tmax     Teff     lg_LH      lg_Lnuc_tot     Mass       H_rich     H_cntr     N_cntr     Y_surf   eta_cntr   zones  retry
  lg_dt_yrs    lg_Tcntr    lg_R     lg_L3a     lg_Lneu     lg_Mdot    He_core    He_cntr    O_cntr     Z_surf   gam_cntr   iters  
    age_yrs    lg_Dcntr    lg_L     lg_LZ      lg_Lphoto   lg_Dsurf   CO_core    C_cntr     Ne_cntr    Z_cntr   v_div_cs       dt_limit
__________________________________________________________________________________________________________________________________________________

         70   5.477551   4787.272 -21.055808 -21.055808   2.000000   2.000000   0.755800   0.000071   0.242800  -9.228092    517      1
-5.0000E+00   5.476961   1.732278 -99.000000 -22.453676 -99.000000   0.000000   0.242800   0.000657   0.001400   0.044808      3
 6.9500E-04  -3.828426   3.139603 -99.000000 -99.000000  -8.056959   0.000000   0.000241   0.000146   0.001400  0.000E+00        max_dt

         71   5.477551   4784.820 -21.055808 -21.055808   2.000000   2.000000   0.755800   0.000071   0.242800  -9.228091    518      1
-5.0000E+00   5.476960   1.732249 -99.000000 -22.453676 -99.000000   0.000000   0.242800   0.000657   0.001400   0.044808      3
 7.0500E-04  -3.828426   3.138655 -99.000000 -99.000000  -8.054949   0.000000   0.000241   0.000146   0.001400  0.000E+00        max_dt

         72   5.477551   4782.406 -21.055808 -21.055808   2.000000   2.000000   0.755800   0.000071   0.242800  -9.228091    518      1
-5.0000E+00   5.476960   1.732221 -99.000000 -22.453676 -99.000000   0.000000   0.242800   0.000657   0.001400   0.044808      3
 7.1500E-04  -3.828426   3.137722 -99.000000 -99.000000  -8.052973   0.000000   0.000241   0.000146   0.001400  0.000E+00        max_dt

         73   5.477552   4780.037 -21.055808 -21.055808   2.000000   2.000000   0.755800   0.000071   0.242800  -9.228091    518      1
-5.0000E+00   5.476960   1.732193 -99.000000 -22.453676 -99.000000   0.000000   0.242800   0.000657   0.001400   0.044808      3
 7.2500E-04  -3.828426   3.136805 -99.000000 -99.000000  -8.051037   0.000000   0.000241   0.000146   0.001400  0.000E+00        max_dt

         74   5.477552   4777.712 -21.055808 -21.055808   2.000000   2.000000   0.755800   0.000071   0.242800  -9.228090    518      1
-5.0000E+00   5.476960   1.732166 -99.000000 -22.453676 -99.000000   0.000000   0.242800   0.000657   0.001400   0.044808      3
 7.3500E-04  -3.828426   3.135905 -99.000000 -99.000000  -8.049138   0.000000   0.000241   0.000146   0.001400  0.000E+00        max_dt

         75   5.477552   4775.419 -21.055808 -21.055808   2.000000   2.000000   0.755800   0.000071   0.242800  -9.228090    517      1
-5.0000E+00   5.476960   1.732138 -99.000000 -22.453676 -99.000000   0.000000   0.242800   0.000657   0.001400   0.044808      3
 7.4500E-04  -3.828426   3.135016 -99.000000 -99.000000  -8.047267   0.000000   0.000241   0.000146   0.001400  0.000E+00        max_dt

         76   5.477552   4773.164 -21.055808 -21.055808   2.000000   2.000000   0.755800   0.000071   0.242800  -9.228090    517      1
-5.0000E+00   5.476960   1.732112 -99.000000 -22.453676 -99.000000   0.000000   0.242800   0.000657   0.001400   0.044808      3
 7.5500E-04  -3.828426   3.134143 -99.000000 -99.000000  -8.045431   0.000000   0.000241   0.000146   0.001400  0.000E+00        max_dt

         77   5.477552   4770.950 -21.055808 -21.055808   2.000000   2.000000   0.755800   0.000071   0.242800  -9.228089    517      1
-5.0000E+00   5.476960   1.732085 -99.000000 -22.453676 -99.000000   0.000000   0.242800   0.000657   0.001400   0.044808      3
 7.6500E-04  -3.828426   3.133284 -99.000000 -99.000000  -8.043630   0.000000   0.000241   0.000146   0.001400  0.000E+00        max_dt

         78   5.477552   4768.773 -21.055808 -21.055808   2.000000   2.000000   0.755800   0.000071   0.242800  -9.228089    517      1
-5.0000E+00   5.476960   1.732059 -99.000000 -22.453677 -99.000000   0.000000   0.242800   0.000657   0.001400   0.044808      3
 7.7500E-04  -3.828425   3.132439 -99.000000 -99.000000  -8.041862   0.000000   0.000241   0.000146   0.001400  0.000E+00        max_dt

         79   5.477552   4766.632 -21.055808 -21.055808   2.000000   2.000000   0.755800   0.000071   0.242800  -9.228089    517      1
-5.0000E+00   5.476960   1.732034 -99.000000 -22.453677 -99.000000   0.000000   0.242800   0.000657   0.001400   0.044808      3
 7.8500E-04  -3.828425   3.131608 -99.000000 -99.000000  -8.040124   0.000000   0.000241   0.000146   0.001400  0.000E+00        max_dt


__________________________________________________________________________________________________________________________________________________

       step    lg_Tmax     Teff     lg_LH      lg_Lnuc_tot     Mass       H_rich     H_cntr     N_cntr     Y_surf   eta_cntr   zones  retry
  lg_dt_yrs    lg_Tcntr    lg_R     lg_L3a     lg_Lneu     lg_Mdot    He_core    He_cntr    O_cntr     Z_surf   gam_cntr   iters  
    age_yrs    lg_Dcntr    lg_L     lg_LZ      lg_Lphoto   lg_Dsurf   CO_core    C_cntr     Ne_cntr    Z_cntr   v_div_cs       dt_limit
__________________________________________________________________________________________________________________________________________________

         80   5.477552   4764.525 -21.055809 -21.055809   2.000000   2.000000   0.755800   0.000071   0.242800  -9.228089    517      1
-5.0000E+00   5.476960   1.732008 -99.000000 -22.453677 -99.000000   0.000000   0.242800   0.000657   0.001400   0.044808      3
 7.9500E-04  -3.828425   3.130789 -99.000000 -99.000000  -8.038416   0.000000   0.000241   0.000146   0.001400  0.000E+00        max_dt

         81   5.477552   4762.448 -21.055809 -21.055809   2.000000   2.000000   0.755800   0.000071   0.242800  -9.228088    519      1
-5.0000E+00   5.476960   1.731983 -99.000000 -22.453677 -99.000000   0.000000   0.242800   0.000657   0.001400   0.044808      3
 8.0500E-04  -3.828425   3.129982 -99.000000 -99.000000  -8.036735   0.000000   0.000241   0.000146   0.001400  0.000E+00        max_dt

         82   5.477552   4760.440 -21.055809 -21.055809   2.000000   2.000000   0.755800   0.000071   0.242800  -9.228088    521      1
-5.0000E+00   5.476960   1.731959 -99.000000 -22.453677 -99.000000   0.000000   0.242800   0.000657   0.001400   0.044808      3
 8.1500E-04  -3.828425   3.129200 -99.000000 -99.000000  -8.035112   0.000000   0.000241   0.000146   0.001400  0.000E+00        max_dt

         83   5.477552   4758.467 -21.055809 -21.055809   2.000000   2.000000   0.755800   0.000071   0.242800  -9.228088    521      1
-5.0000E+00   5.476960   1.731935 -99.000000 -22.453677 -99.000000   0.000000   0.242800   0.000657   0.001400   0.044808      3
 8.2500E-04  -3.828425   3.128432 -99.000000 -99.000000  -8.033518   0.000000   0.000241   0.000146   0.001400  0.000E+00        max_dt

         84   5.477552   4756.509 -21.055809 -21.055809   2.000000   2.000000   0.755800   0.000071   0.242800  -9.228088    521      1
-5.0000E+00   5.476960   1.731911 -99.000000 -22.453677 -99.000000   0.000000   0.242800   0.000657   0.001400   0.044808      3
 8.3500E-04  -3.828425   3.127670 -36.725659 -99.000000  -8.031939   0.000000   0.000241   0.000146   0.001400  0.000E+00        max_dt

         85   5.477552   4754.567 -21.055809 -21.055809   2.000000   2.000000   0.755800   0.000071   0.242800  -9.228088    521      1
-5.0000E+00   5.476960   1.731888 -99.000000 -22.453677 -99.000000   0.000000   0.242800   0.000657   0.001400   0.044808      3
 8.4500E-04  -3.828425   3.126913 -99.000000 -99.000000  -8.030375   0.000000   0.000241   0.000146   0.001400  0.000E+00        max_dt

         86   5.477552   4752.644 -21.055809 -21.055809   2.000000   2.000000   0.755800   0.000071   0.242800  -9.228087    521      1
-5.0000E+00   5.476960   1.731864 -99.000000 -22.453677 -99.000000   0.000000   0.242800   0.000657   0.001400   0.044808      3
 8.5500E-04  -3.828425   3.126163 -99.000000 -99.000000  -8.028827   0.000000   0.000241   0.000146   0.001400  0.000E+00        max_dt

         87   5.477552   4750.721 -21.055809 -21.055809   2.000000   2.000000   0.755800   0.000071   0.242800  -9.228087    520      1
-5.0000E+00   5.476960   1.731841 -99.000000 -22.453677 -99.000000   0.000000   0.242800   0.000657   0.001400   0.044808      3
 8.6500E-04  -3.828425   3.125414 -36.725659 -99.000000  -8.027283   0.000000   0.000241   0.000146   0.001400  0.000E+00        max_dt

         88   5.477552   4748.824 -21.055809 -21.055809   2.000000   2.000000   0.755800   0.000071   0.242800  -9.228087    520      1
-5.0000E+00   5.476960   1.731818 -99.000000 -22.453677 -99.000000   0.000000   0.242800   0.000657   0.001400   0.044808      3
 8.7500E-04  -3.828425   3.124674 -99.000000 -99.000000  -8.025760   0.000000   0.000241   0.000146   0.001400  0.000E+00        max_dt

         89   5.477552   4746.930 -21.055809 -21.055809   2.000000   2.000000   0.755800   0.000071   0.242800  -9.228087    518      1
-5.0000E+00   5.476960   1.731795 -99.000000 -22.453677 -99.000000   0.000000   0.242800   0.000657   0.001400   0.044808      3
 8.8500E-04  -3.828425   3.123935 -99.000000 -99.000000  -8.024242   0.000000   0.000241   0.000146   0.001400  0.000E+00        max_dt


__________________________________________________________________________________________________________________________________________________

       step    lg_Tmax     Teff     lg_LH      lg_Lnuc_tot     Mass       H_rich     H_cntr     N_cntr     Y_surf   eta_cntr   zones  retry
  lg_dt_yrs    lg_Tcntr    lg_R     lg_L3a     lg_Lneu     lg_Mdot    He_core    He_cntr    O_cntr     Z_surf   gam_cntr   iters  
    age_yrs    lg_Dcntr    lg_L     lg_LZ      lg_Lphoto   lg_Dsurf   CO_core    C_cntr     Ne_cntr    Z_cntr   v_div_cs       dt_limit
__________________________________________________________________________________________________________________________________________________

         90   5.477552   4745.065 -21.055809 -21.055809   2.000000   2.000000   0.755800   0.000071   0.242800  -9.228087    518      1
-5.0000E+00   5.476960   1.731773 -99.000000 -22.453677 -99.000000   0.000000   0.242800   0.000657   0.001400   0.044808      3
 8.9500E-04  -3.828425   3.123207 -99.000000 -99.000000  -8.022749   0.000000   0.000241   0.000146   0.001400  0.000E+00        max_dt

         91   5.477552   4743.234 -21.055809 -21.055809   2.000000   2.000000   0.755800   0.000071   0.242800  -9.228087    518      1
-5.0000E+00   5.476960   1.731750 -99.000000 -22.453677 -99.000000   0.000000   0.242800   0.000657   0.001400   0.044808      3
 9.0500E-04  -3.828424   3.122492 -99.000000 -99.000000  -8.021285   0.000000   0.000241   0.000146   0.001400  0.000E+00        max_dt

         92   5.477552   4741.434 -21.055809 -21.055809   2.000000   2.000000   0.755800   0.000071   0.242800  -9.228086    518      1
-5.0000E+00   5.476960   1.731728 -99.000000 -22.453677 -99.000000   0.000000   0.242800   0.000657   0.001400   0.044808      3
 9.1500E-04  -3.828424   3.121789 -99.000000 -99.000000  -8.019848   0.000000   0.000241   0.000146   0.001400  0.000E+00        max_dt

         93   5.477552   4739.662 -21.055809 -21.055809   2.000000   2.000000   0.755800   0.000071   0.242800  -9.228086    518      1
-5.0000E+00   5.476960   1.731707 -99.000000 -22.453677 -99.000000   0.000000   0.242800   0.000657   0.001400   0.044808      3
 9.2500E-04  -3.828424   3.121097 -99.000000 -99.000000  -8.018435   0.000000   0.000241   0.000146   0.001400  0.000E+00        max_dt

         94   5.477552   4737.927 -21.055809 -21.055809   2.000000   2.000000   0.755800   0.000071   0.242800  -9.228086    520      1
-5.0000E+00   5.476960   1.731685 -99.000000 -22.453678 -99.000000   0.000000   0.242800   0.000657   0.001400   0.044808      3
 9.3500E-04  -3.828424   3.120418 -99.000000 -99.000000  -8.017052   0.000000   0.000241   0.000146   0.001400  0.000E+00        max_dt

         95   5.477552   4736.210 -21.055809 -21.055809   2.000000   2.000000   0.755800   0.000071   0.242800  -9.228086    520      1
-5.0000E+00   5.476960   1.731664 -99.000000 -22.453678 -99.000000   0.000000   0.242800   0.000657   0.001400   0.044808      3
 9.4500E-04  -3.828424   3.119746 -99.000000 -99.000000  -8.015687   0.000000   0.000241   0.000146   0.001400  0.000E+00        max_dt

         96   5.477552   4734.511 -21.055809 -21.055809   2.000000   2.000000   0.755800   0.000071   0.242800  -9.228086    520      1
-5.0000E+00   5.476960   1.731643 -99.000000 -22.453678 -99.000000   0.000000   0.242800   0.000657   0.001400   0.044808      3
 9.5500E-04  -3.828424   3.119081 -99.000000 -99.000000  -8.014336   0.000000   0.000241   0.000146   0.001400  0.000E+00        max_dt

         97   5.477552   4732.823 -21.055810 -21.055810   2.000000   2.000000   0.755800   0.000071   0.242800  -9.228086    519      1
-5.0000E+00   5.476960   1.731623 -99.000000 -22.453678 -99.000000   0.000000   0.242800   0.000657   0.001400   0.044808      3
 9.6500E-04  -3.828424   3.118420 -99.000000 -99.000000  -8.012996   0.000000   0.000241   0.000146   0.001400  0.000E+00        max_dt

         98   5.477552   4731.154 -21.055810 -21.055810   2.000000   2.000000   0.755800   0.000071   0.242800  -9.228086    519      1
-5.0000E+00   5.476960   1.731602 -99.000000 -22.453678 -99.000000   0.000000   0.242800   0.000657   0.001400   0.044808      3
 9.7500E-04  -3.828424   3.117766 -99.000000 -99.000000  -8.011673   0.000000   0.000241   0.000146   0.001400  0.000E+00        max_dt

         99   5.477552   4729.505 -21.055810 -21.055810   2.000000   2.000000   0.755800   0.000071   0.242800  -9.228085    519      1
-5.0000E+00   5.476960   1.731582 -99.000000 -22.453678 -99.000000   0.000000   0.242800   0.000657   0.001400   0.044808      3
 9.8500E-04  -3.828424   3.117120 -99.000000 -99.000000  -8.010367   0.000000   0.000241   0.000146   0.001400  0.000E+00        max_dt


__________________________________________________________________________________________________________________________________________________

       step    lg_Tmax     Teff     lg_LH      lg_Lnuc_tot     Mass       H_rich     H_cntr     N_cntr     Y_surf   eta_cntr   zones  retry
  lg_dt_yrs    lg_Tcntr    lg_R     lg_L3a     lg_Lneu     lg_Mdot    He_core    He_cntr    O_cntr     Z_surf   gam_cntr   iters  
    age_yrs    lg_Dcntr    lg_L     lg_LZ      lg_Lphoto   lg_Dsurf   CO_core    C_cntr     Ne_cntr    Z_cntr   v_div_cs       dt_limit
__________________________________________________________________________________________________________________________________________________

        100   5.477552   4727.891 -21.055810 -21.055810   2.000000   2.000000   0.755800   0.000071   0.242800  -9.228085    520      1
-5.0000E+00   5.476960   1.731562 -99.000000 -22.453678 -99.000000   0.000000   0.242800   0.000657   0.001400   0.044808      3
 9.9500E-04  -3.828424   3.116487 -99.000000 -99.000000  -8.009090   0.000000   0.000241   0.000146   0.001400  0.000E+00        max_dt


 finished doing relax num steps


                                relax_to_radiative_core

          1   5.477552   4726.303 -21.055810 -21.055810   2.000000   2.000000   0.755800   0.000071   0.242800  -9.228085    520      0
-5.0000E+00   5.476960   1.731542 -99.000000 -22.453678 -99.000000   0.000000   0.242800   0.000657   0.001400   0.044808      3
 1.0000E-05  -3.828424   3.115864 -99.000000 -99.000000  -8.007836   0.000000   0.000241   0.000146   0.001400  0.000E+00        max_dt

           waiting for fully convective core to develop           1    1.5437429320698692D-01
          2   5.477552   4723.186 -21.055810 -21.055810   2.000000   2.000000   0.755800   0.000071   0.242800  -9.228085    520      0
-4.6990E+00   5.476960   1.731503 -99.000000 -22.453678 -99.000000   0.000000   0.242800   0.000657   0.001400   0.044808      3
 3.0000E-05  -3.828424   3.114640 -99.000000 -99.000000  -8.005376   0.000000   0.000241   0.000146   0.001400  0.000E+00  max increase

           waiting for fully convective core to develop           2    1.5437427166368212D-01
          3   5.477552   4717.166 -21.055810 -21.055810   2.000000   2.000000   0.755800   0.000071   0.242800  -9.228085    520      0
-4.3979E+00   5.476960   1.731428 -99.000000 -22.453678 -99.000000   0.000000   0.242800   0.000657   0.001400   0.044808      3
 7.0000E-05  -3.828424   3.112273 -99.000000 -99.000000  -8.000644   0.000000   0.000241   0.000146   0.001400  0.000E+00  max increase

           waiting for fully convective core to develop           3    1.5437423171415310D-01
          4   5.477553   4705.536 -21.055810 -21.055810   2.000000   2.000000   0.755800   0.000071   0.242800  -9.228084    515      0
-4.0969E+00   5.476960   1.731284 -99.000000 -22.453678 -99.000000   0.000000   0.242800   0.000657   0.001400   0.044808      3
 1.5000E-04  -3.828423   3.107698 -99.000000 -99.000000  -7.991571   0.000000   0.000241   0.000146   0.001400  0.000E+00  max increase

           waiting for fully convective core to develop           4    1.5437416259018527D-01
          5   5.477553   4685.989 -21.055810 -21.055810   2.000000   2.000000   0.755800   0.000071   0.242800  -9.228083    515      0
-3.7959E+00   5.476960   1.731031 -99.000000 -22.453678 -99.000000   0.000000   0.242800   0.000657   0.001400   0.044808      3
 3.1000E-04  -3.828423   3.099962 -99.000000 -99.000000  -7.976521   0.000000   0.000241   0.000146   0.001400  0.000E+00  max increase

           waiting for fully convective core to develop           5    1.5437405644711777D-01
          6   5.477553   4654.222 -21.055810 -21.055810   2.000000   2.000000   0.755800   0.000071   0.242800  -9.228082    517      0
-3.4949E+00   5.476961   1.730612 -99.000000 -22.453678 -99.000000   0.000000   0.242800   0.000657   0.001400   0.044808      3
 6.3000E-04  -3.828422   3.087307 -99.000000 -99.000000  -7.952689   0.000000   0.000241   0.000146   0.001400  0.000E+00  max increase

           waiting for fully convective core to develop           6    1.5437392151440635D-01
          7   5.477554   4609.114 -21.055807 -21.055807   2.000000   2.000000   0.755800   0.000071   0.242800  -9.228081    519      0
-3.1938E+00   5.476961   1.729988 -99.000000 -22.453675 -99.000000   0.000000   0.242800   0.000657   0.001400   0.044808      3
 1.2700E-03  -3.828421   3.069141 -99.000000 -99.000000  -7.920389   0.000000   0.000241   0.000146   0.001400  0.000E+00  max increase

           waiting for fully convective core to develop           7    1.5437378785001432D-01
          8   5.477555   4551.918 -21.055802 -21.055802   2.000000   2.000000   0.755800   0.000071   0.242800  -9.228080    514      0
-2.8928E+00   5.476962   1.729160 -99.000000 -22.453670 -99.000000   0.000000   0.242800   0.000657   0.001400   0.044808      3
 2.5500E-03  -3.828419   3.045792 -99.000000 -99.000000  -7.882559   0.000000   0.000241   0.000146   0.001400  0.000E+00  max increase

           waiting for fully convective core to develop           8    1.5437368450982722D-01
          9   5.477556   4488.749 -21.055793 -21.055793   2.000000   2.000000   0.755800   0.000071   0.242800  -9.228080    516      0
-2.5918E+00   5.476963   1.728184 -99.000000 -22.453662 -99.000000   0.000000   0.242800   0.000657   0.001400   0.044808      3
 5.1100E-03  -3.828418   3.019563 -99.000000 -99.000000  -7.845643   0.000000   0.000241   0.000146   0.001400  0.000E+00  max increase

           waiting for fully convective core to develop           9    1.5437361175967476D-01

__________________________________________________________________________________________________________________________________________________

       step    lg_Tmax     Teff     lg_LH      lg_Lnuc_tot     Mass       H_rich     H_cntr     N_cntr     Y_surf   eta_cntr   zones  retry
  lg_dt_yrs    lg_Tcntr    lg_R     lg_L3a     lg_Lneu     lg_Mdot    He_core    He_cntr    O_cntr     Z_surf   gam_cntr   iters  
    age_yrs    lg_Dcntr    lg_L     lg_LZ      lg_Lphoto   lg_Dsurf   CO_core    C_cntr     Ne_cntr    Z_cntr   v_div_cs       dt_limit
__________________________________________________________________________________________________________________________________________________

         10   5.477557   4428.249 -21.055778 -21.055778   2.000000   2.000000   0.755800   0.000071   0.242800  -9.228079    507      0
-2.2907E+00   5.476964   1.727145 -99.000000 -22.453646 -99.000000   0.000000   0.242800   0.000657   0.001400   0.044808      3
 1.0230E-02  -3.828416   2.993913 -99.000000 -99.000000  -7.815789   0.000000   0.000241   0.000146   0.001400  0.000E+00  max increase

           waiting for fully convective core to develop          10    1.4790060877025282D-01
         11   5.477559   4377.344 -21.055747 -21.055747   2.000000   2.000000   0.755800   0.000071   0.242800  -9.228079    515      0
-1.9897E+00   5.476966   1.726120 -99.000000 -22.453615 -99.000000   0.000000   0.242800   0.000657   0.001400   0.044808      3
 2.0470E-02  -3.828413   2.971777 -99.000000 -99.000000  -7.794500   0.000000   0.000241   0.000146   0.001400  0.000E+00  max increase

           waiting for fully convective core to develop          11    1.4789903655943945D-01
         12   5.477563   4340.864 -21.055678 -21.055678   2.000000   2.000000   0.755800   0.000071   0.242800  -9.228079    509      0
-1.6887E+00   5.476970   1.725179 -99.000000 -22.453547 -99.000000   0.000000   0.242800   0.000657   0.001400   0.044807      3
 4.0950E-02  -3.828407   2.955357 -99.000000 -99.000000  -7.780835   0.000000   0.000241   0.000146   0.001400  0.000E+00  max increase

           waiting for fully convective core to develop          12    1.4145397454471029D-01
         13   5.477572   4318.920 -21.055506 -21.055506   2.000000   2.000000   0.755800   0.000071   0.242800  -9.228078    512      0
-1.3876E+00   5.476979   1.724383 -99.000000 -22.453374 -99.000000   0.000000   0.242800   0.000657   0.001400   0.044807      3
 8.1910E-02  -3.828393   2.944961 -99.000000 -99.000000  -7.772958   0.000000   0.000241   0.000146   0.001400  0.000E+00  max increase

           waiting for fully convective core to develop          13    1.3253705492062098D-01
         14   5.477594   4308.052 -21.055078 -21.055078   2.000000   2.000000   0.755800   0.000071   0.242800  -9.228077    509      0
-1.0866E+00   5.477002   1.723767 -99.000000 -22.452946 -99.000000   0.000000   0.242800   0.000657   0.001400   0.044806      3
 1.6383E-01  -3.828358   2.939352 -99.000000 -99.000000  -7.768949   0.000000   0.000241   0.000146   0.001400  0.000E+00  max increase

           waiting for fully convective core to develop          14    1.1604783490621075D-01
         15   5.477648   4303.936 -21.054069 -21.054069   2.000000   2.000000   0.755800   0.000071   0.242800  -9.228073    511      0
-7.8558E-01   5.477056   1.723322 -99.000000 -22.451937 -99.000000   0.000000   0.242800   0.000657   0.001400   0.044803      3
 3.2767E-01  -3.828275   2.936801 -99.000000 -99.000000  -7.767212   0.000000   0.000241   0.000146   0.001400  0.000E+00  max increase

           waiting for fully convective core to develop          15    9.9734591418780549D-02
         16   5.477777   4302.771 -21.051714 -21.051714   2.000000   2.000000   0.755800   0.000071   0.242800  -9.228064    509      0
-4.8455E-01   5.477185   1.722984 -99.000000 -22.449583 -99.000000   0.000000   0.242800   0.000657   0.001400   0.044797      3
 6.5535E-01  -3.828077   2.935655 -99.000000 -99.000000  -7.766480   0.000000   0.000241   0.000146   0.001400  0.000E+00  max increase

           waiting for fully convective core to develop          16    8.0200030772026032D-02
         17   5.478075   4302.698 -21.046554 -21.046554   2.000000   2.000000   0.755800   0.000071   0.242800  -9.228045    511      0
-1.8352E-01   5.477485   1.722644 -99.000000 -22.444422 -99.000000   0.000000   0.242800   0.000657   0.001400   0.044781      3
 1.3107E+00  -3.827619   2.934945 -99.000000 -99.000000  -7.766069   0.000000   0.000241   0.000146   0.001400  0.000E+00  max increase

           waiting for fully convective core to develop          17    6.2534117826420391D-02
         18   5.478718   4303.068 -21.036231 -21.036231   2.000000   2.000000   0.755800   0.000071   0.242800  -9.228003    508      0
 1.1751E-01   5.478131   1.722131 -99.000000 -22.434099 -99.000000   0.000000   0.242800   0.000657   0.001400   0.044749      3
 2.6214E+00  -3.826632   2.934069 -99.000000 -99.000000  -7.765591   0.000000   0.000241   0.000146   0.001400  0.000E+00  max increase

           waiting for fully convective core to develop          18    4.6293403288498444D-02
         19   5.480097   4304.032 -21.018632 -21.018632   2.000000   2.000000   0.755800   0.000071   0.242800  -9.227915    510      0
 4.1854E-01   5.479516   1.721187 -99.000000 -22.416500 -99.000000   0.000000   0.242800   0.000657   0.001400   0.044679      3
 5.2429E+00  -3.824517   2.932570 -99.000000 -99.000000  -7.764796   0.000000   0.000241   0.000146   0.001400  0.000E+00  max increase

           waiting for fully convective core to develop          19    3.1416440461877380D-02

__________________________________________________________________________________________________________________________________________________

       step    lg_Tmax     Teff     lg_LH      lg_Lnuc_tot     Mass       H_rich     H_cntr     N_cntr     Y_surf   eta_cntr   zones  retry
  lg_dt_yrs    lg_Tcntr    lg_R     lg_L3a     lg_Lneu     lg_Mdot    He_core    He_cntr    O_cntr     Z_surf   gam_cntr   iters  
    age_yrs    lg_Dcntr    lg_L     lg_LZ      lg_Lphoto   lg_Dsurf   CO_core    C_cntr     Ne_cntr    Z_cntr   v_div_cs       dt_limit
__________________________________________________________________________________________________________________________________________________

         20   5.482880   4305.949 -20.985899 -20.985899   2.000000   2.000000   0.755800   0.000071   0.242800  -9.227733    508      0
 7.1957E-01   5.482342   1.719334 -99.000000 -22.383767 -99.000000   0.000000   0.242800   0.000657   0.001400   0.044536      3
 1.0486E+01  -3.820200   2.929637 -99.000000 -99.000000  -7.763242   0.000000   0.000241   0.000146   0.001400  0.000E+00  max increase

           waiting for fully convective core to develop          20    3.5904816751057447D-03
         21   5.486626   4309.680 -20.918643 -20.918643   2.000000   2.000000   0.755800   0.000071   0.242800  -9.220668    510      0
 1.0206E+00   5.486626   1.715693 -99.000000 -22.316511 -99.000000   0.000000   0.242800   0.000657   0.001400   0.044422      3
 2.0972E+01  -3.810707   2.923860 -99.000000 -99.000000  -7.760185   0.000000   0.000241   0.000146   0.001400  0.000E+00  max increase

           waiting for fully convective core to develop          21    1.7985028326603713D-04
         22   5.492299   4316.818 -20.789729 -20.789729   2.000000   2.000000   0.755800   0.000071   0.242800  -9.192446    508      0
 1.3216E+00   5.492299   1.708709 -99.000000 -22.187597 -99.000000   0.000000   0.242800   0.000657   0.001400   0.044550      3
 4.1943E+01  -3.789941   2.912766 -36.725659 -99.000000  -7.754332   0.000000   0.000241   0.000146   0.001400  0.000E+00  max increase

             relative mass of radiative core still tiny          22    7.8132180976811516D-08
         23   5.503856   4329.810 -20.566899 -20.566899   2.000000   2.000000   0.755800   0.000071   0.242800  -9.153255    513      0
 1.5927E+00   5.503856   1.696575 -99.000000 -21.964767 -99.000000   0.000000   0.242800   0.000657   0.001400   0.044539      3
 8.1089E+01  -3.755586   2.893719 -99.000000 -99.000000  -7.744410   0.000000   0.000241   0.000146   0.001400  0.000E+00    varcontrol

             relative mass of radiative core still tiny          23    7.8132180976811516D-08
         24   5.518983   4345.121 -20.277531 -20.277531   2.000000   2.000000   0.755800   0.000071   0.242800  -9.101889    512      0
 1.7510E+00   5.518983   1.680702 -99.000000 -21.675399 -99.000000   0.000000   0.242800   0.000657   0.001400   0.044526      3
 1.3746E+02  -3.710590   2.868104 -35.822569 -99.000000  -7.731027   0.000000   0.000241   0.000146   0.001400  0.000E+00    varcontrol

             relative mass of radiative core still tiny          24    7.8132181198856121D-08
         25   5.536076   4365.341 -19.953803 -19.953803   2.000000   2.000000   0.755800   0.000071   0.242800  -9.043758    516      0
 1.8497E+00   5.536076   1.662764 -99.000000 -21.351671 -99.000000   0.000000   0.242800   0.000657   0.001400   0.044512      3
 2.0821E+02  -3.659707   2.840294 -99.000000 -99.000000  -7.717055   0.000000   0.000241   0.000146   0.001400  0.000E+00    varcontrol

             relative mass of radiative core still tiny          25    7.8132181198856121D-08
         26   5.554088   4384.212 -19.616457 -19.616457   2.000000   2.000000   0.755800   0.000071   0.242800  -8.982404    512      0
 1.9215E+00   5.554088   1.643877 -99.000000 -21.014325 -99.000000   0.000000   0.242800   0.000657   0.001400   0.044499      3
 2.9167E+02  -3.606045   2.810014 -99.000000 -99.000000  -7.701799   0.000000   0.000241   0.000146   0.001400  0.000E+00    varcontrol

             relative mass of radiative core still tiny          26    7.8132181420900726D-08
         27   5.572529   4404.047 -19.275132 -19.275132   2.000000   2.000000   0.755800   0.000071   0.242800  -8.919501    518      0
 1.9816E+00   5.572529   1.624551 -99.000000 -20.673000 -99.000000   0.000000   0.242800   0.000657   0.001400   0.044487      3
 3.8751E+02  -3.551069   2.779202 -99.000000 -99.000000  -7.686662   0.000000   0.000241   0.000146   0.001400  0.000E+00    varcontrol

             relative mass of radiative core still tiny          27    7.8132181420900726D-08
         28   5.591135   4424.195 -18.934838 -18.934838   2.000000   2.000000   0.755800   0.000071   0.242800  -8.855944    524      0
 2.0357E+00   5.591135   1.605062 -99.000000 -20.332706 -99.000000   0.000000   0.242800   0.000657   0.001400   0.044477      3
 4.9607E+02  -3.495559   2.748155 -99.000000 -99.000000  -7.671788   0.000000   0.000241   0.000146   0.001400  0.000E+00    varcontrol

             relative mass of radiative core still tiny          28    7.8132181864989936D-08
         29   5.609787   4441.734 -18.597816 -18.597816   2.000000   2.000000   0.755800   0.000071   0.242800  -8.792154    525      0
 2.0881E+00   5.609787   1.585545 -99.000000 -19.995684 -99.000000   0.000000   0.242800   0.000657   0.001400   0.044467      3
 6.1855E+02  -3.439879   2.715993 -34.317420 -99.000000  -7.656175   0.000000   0.000241   0.000146   0.001400  0.000E+00    varcontrol

             relative mass of radiative core still tiny          29    7.8132181642945331D-08

__________________________________________________________________________________________________________________________________________________

       step    lg_Tmax     Teff     lg_LH      lg_Lnuc_tot     Mass       H_rich     H_cntr     N_cntr     Y_surf   eta_cntr   zones  retry
  lg_dt_yrs    lg_Tcntr    lg_R     lg_L3a     lg_Lneu     lg_Mdot    He_core    He_cntr    O_cntr     Z_surf   gam_cntr   iters  
    age_yrs    lg_Dcntr    lg_L     lg_LZ      lg_Lphoto   lg_Dsurf   CO_core    C_cntr     Ne_cntr    Z_cntr   v_div_cs       dt_limit
__________________________________________________________________________________________________________________________________________________

         30   5.628498   4462.278 -18.263811 -18.263811   2.000000   2.000000   0.755800   0.000071   0.242800  -8.728095    524      0
 2.1397E+00   5.628498   1.565976 -99.000000 -19.661679 -99.000000   0.000000   0.242800   0.000657   0.001400   0.044459      3
 7.5650E+02  -3.383995   2.684872 -34.016390 -99.000000  -7.642081   0.000000   0.000241   0.000146   0.001400  0.000E+00    varcontrol

             relative mass of radiative core still tiny          30    7.8132181642945331D-08
         31   5.647234   4481.422 -17.933400 -17.933400   2.000000   2.000000   0.755800   0.000071   0.242800  -8.663889    527      0
 2.1912E+00   5.647234   1.546400 -99.000000 -19.331268 -99.000000   0.000000   0.242800   0.000657   0.001400   0.044451      3
 9.1180E+02  -3.328009   2.653157 -99.000000 -99.000000  -7.627770   0.000000   0.000241   0.000146   0.001400  0.000E+00    varcontrol

             relative mass of radiative core still tiny          31    7.8132181420900726D-08
         32   5.665983   4499.157 -17.606753 -17.606753   2.000000   2.000000   0.755800   0.000071   0.242800  -8.599585    527      0
 2.2429E+00   5.665983   1.526828 -99.000000 -19.004621 -99.000000   0.000000   0.242800   0.000657   0.001400   0.044445      3
 1.0867E+03  -3.271961   2.620875 -99.000000 -99.000000  -7.613147   0.000000   0.000241   0.000146   0.001400  0.000E+00    varcontrol

             relative mass of radiative core still tiny          32    7.8132182309079146D-08
         33   5.684740   4518.904 -17.283912 -17.283912   2.000000   2.000000   0.755800   0.000071   0.242800  -8.535206    530      0
 2.2936E+00   5.684740   1.507264 -99.000000 -18.681780 -99.000000   0.000000   0.242800   0.000657   0.001400   0.044439      3
 1.2834E+03  -3.215868   2.589354 -99.000000 -99.000000  -7.599787   0.000000   0.000241   0.000146   0.001400  0.000E+00    varcontrol

             relative mass of radiative core still tiny          33    7.8132182087034541D-08
         34   5.703436   4535.892 -16.965981 -16.965981   2.000000   2.000000   0.755800   0.000071   0.242800  -8.470991    532      0
 2.3437E+00   5.703436   1.487783 -99.000000 -18.363849 -99.000000   0.000000   0.242800   0.000657   0.001400   0.044433      3
 1.5040E+03  -3.159938   2.556910 -99.000000 -99.000000  -7.585426   0.000000   0.000241   0.000146   0.001400  0.000E+00    varcontrol

             relative mass of radiative core still tiny          34    7.8132181198856121D-08
         35   5.722147   4555.410 -16.651610 -16.651610   2.000000   2.000000   0.755800   0.000071   0.242800  -8.406688    539      0
 2.3945E+00   5.722147   1.468302 -99.000000 -18.049478 -99.000000   0.000000   0.242800   0.000657   0.001400   0.044428      3
 1.7520E+03  -3.103947   2.525407 -99.000000 -99.000000  -7.572577   0.000000   0.000241   0.000146   0.001400  0.000E+00    varcontrol

             relative mass of radiative core still tiny          35    7.8132180310677701D-08
         36   5.740863   4572.804 -16.340900 -16.340900   2.000000   2.000000   0.755800   0.000071   0.242800  -8.342328    535      0
 2.4459E+00   5.740863   1.448834 -99.000000 -17.738768 -99.000000   0.000000   0.242800   0.000657   0.001400   0.044424      3
 2.0312E+03  -3.047923   2.493093 -99.000000 -99.000000  -7.558838   0.000000   0.000241   0.000146   0.001400  0.000E+00    varcontrol

             relative mass of radiative core still tiny          36    7.8132180532722306D-08
         37   5.759577   4590.578 -16.033945 -16.033945   2.000000   2.000000   0.755800   0.000071   0.242800  -8.277945    545      0
 2.4969E+00   5.759577   1.429387 -99.000000 -17.431813 -99.000000   0.000000   0.242800   0.000657   0.001400   0.044420      3
 2.3451E+03  -2.991894   2.460937 -99.000000 -99.000000  -7.545483   0.000000   0.000241   0.000146   0.001400  0.000E+00    varcontrol

             relative mass of radiative core still tiny          37    7.8132180976811516D-08
         38   5.778244   4606.341 -15.731398 -15.731398   2.000000   2.000000   0.755800   0.000071   0.242800  -8.213694    538      0
 2.5475E+00   5.778244   1.410007 -99.000000 -17.129266 -99.000000   0.000000   0.242800   0.000657   0.001400   0.044417      3
 2.6979E+03  -2.935991   2.428132 -31.608150 -99.000000  -7.531221   0.000000   0.000241   0.000146   0.001400  0.000E+00    varcontrol

             relative mass of radiative core still tiny          38    7.8132181198856121D-08
         39   5.796907   4625.242 -15.432495 -15.432495   2.000000   2.000000   0.755800   0.000071   0.242800  -8.149429    546      0
 2.5978E+00   5.796907   1.390647 -99.000000 -16.830363 -99.000000   0.000000   0.242800   0.000657   0.001400   0.044414      3
 3.0940E+03  -2.880089   2.396526 -99.000000 -99.000000  -7.518843   0.000000   0.000241   0.000146   0.001400  0.000E+00    varcontrol

             relative mass of radiative core still tiny          39    7.8132181642945331D-08

__________________________________________________________________________________________________________________________________________________

       step    lg_Tmax     Teff     lg_LH      lg_Lnuc_tot     Mass       H_rich     H_cntr     N_cntr     Y_surf   eta_cntr   zones  retry
  lg_dt_yrs    lg_Tcntr    lg_R     lg_L3a     lg_Lneu     lg_Mdot    He_core    He_cntr    O_cntr     Z_surf   gam_cntr   iters  
    age_yrs    lg_Dcntr    lg_L     lg_LZ      lg_Lphoto   lg_Dsurf   CO_core    C_cntr     Ne_cntr    Z_cntr   v_div_cs       dt_limit
__________________________________________________________________________________________________________________________________________________

         40   5.815572   4642.685 -15.137102 -15.137102   2.000000   2.000000   0.755800   0.000071   0.242800  -8.085134    547      0
 2.6488E+00   5.815572   1.371304 -99.000000 -16.534969 -99.000000   0.000000   0.242800   0.000657   0.001400   0.044411      3
 3.5394E+03  -2.824171   2.364378 -99.000000 -99.000000  -7.505759   0.000000   0.000241   0.000146   0.001400  0.000E+00    varcontrol

             relative mass of radiative core still tiny          40    7.8132180976811516D-08
         41   5.834221   4658.402 -14.845428 -14.845428   2.000000   2.000000   0.755800   0.000071   0.242800  -8.020870    553      0
 2.7000E+00   5.834221   1.351994 -99.000000 -16.243296 -99.000000   0.000000   0.242800   0.000657   0.001400   0.044409      3
 4.0406E+03  -2.768290   2.331630 -30.705060 -99.000000  -7.491773   0.000000   0.000241   0.000146   0.001400  0.000E+00    varcontrol

             relative mass of radiative core still tiny          41    7.8132180754766911D-08
         42   5.852863   4676.211 -14.557312 -14.557312   2.000000   2.000000   0.755800   0.000071   0.242800  -7.956617    552      0
 2.7505E+00   5.852863   1.332710 -99.000000 -15.955179 -99.000000   0.000000   0.242800   0.000657   0.001400   0.044407      3
 4.6036E+03  -2.712424   2.299690 -99.000000 -99.000000  -7.479079   0.000000   0.000241   0.000146   0.001400  0.000E+00    varcontrol

             relative mass of radiative core still tiny          42    7.8132180310677701D-08
         43   5.871485   4692.447 -14.272870 -14.272870   2.000000   2.000000   0.755800   0.000071   0.242800  -7.892413    555      0
 2.8012E+00   5.871485   1.313463 -99.000000 -15.670737 -99.000000   0.000000   0.242800   0.000657   0.001400   0.044405      3
 5.2364E+03  -2.656610   2.267217 -99.000000 -99.000000  -7.465527   0.000000   0.000241   0.000146   0.001400  0.000E+00    varcontrol

             relative mass of radiative core still tiny          43    7.8132180754766911D-08
         44   5.890113   4709.886 -13.991671 -13.991671   2.000000   2.000000   0.755800   0.000071   0.242800  -7.828175    565      0
 2.8521E+00   5.890113   1.294227 -99.000000 -15.389538 -99.000000   0.000000   0.242800   0.000657   0.001400   0.044404      3
 5.9478E+03  -2.600773   2.235189 -99.000000 -99.000000  -7.452711   0.000000   0.000241   0.000146   0.001400  0.000E+00    varcontrol

             relative mass of radiative core still tiny          44    7.8132180976811516D-08
         45   5.908716   4725.668 -13.714106 -13.714106   2.000000   2.000000   0.755800   0.000071   0.242800  -7.764005    566      0
 2.9028E+00   5.908716   1.275033 -99.000000 -15.111974 -99.000000   0.000000   0.242800   0.000657   0.001400   0.044402      3
 6.7473E+03  -2.545001   2.202612 -99.000000 -99.000000  -7.438940   0.000000   0.000241   0.000146   0.001400  0.000E+00    varcontrol

             relative mass of radiative core still tiny          45    7.8132180976811516D-08
         46   5.927315   4742.509 -13.439842 -13.439842   2.000000   2.000000   0.755800   0.000071   0.242800  -7.699839    563      0
 2.9536E+00   5.927315   1.255860 -99.000000 -14.837709 -99.000000   0.000000   0.242800   0.000657   0.001400   0.044401      3
 7.6459E+03  -2.489238   2.170446 -99.000000 -99.000000  -7.425806   0.000000   0.000241   0.000146   0.001400  0.000E+00    varcontrol

             relative mass of radiative core still tiny          46    7.8132180976811516D-08
         47   5.945898   4758.342 -13.168984 -13.168984   2.000000   2.000000   0.755800   0.000071   0.242800  -7.635715    571      0
 3.0043E+00   5.945898   1.236719 -99.000000 -14.566852 -99.000000   0.000000   0.242800   0.000657   0.001400   0.044400      3
 8.6559E+03  -2.433518   2.137955 -99.000000 -99.000000  -7.412066   0.000000   0.000241   0.000146   0.001400  0.000E+00    varcontrol

             relative mass of radiative core still tiny          47    7.8132180754766911D-08
         48   5.964476   4774.836 -12.901326 -12.901326   2.000000   2.000000   0.755800   0.000071   0.242800  -7.571596    573      0
 3.0551E+00   5.964476   1.217599 -99.000000 -14.299194 -99.000000   0.000000   0.242800   0.000657   0.001400   0.044399      3
 9.7912E+03  -2.377807   2.105726 -99.000000 -99.000000  -7.398718   0.000000   0.000241   0.000146   0.001400  0.000E+00    varcontrol

             relative mass of radiative core still tiny          48    7.8132180310677701D-08
         49   5.983038   4791.067 -12.636978 -12.636978   2.000000   2.000000   0.755800   0.000071   0.242800  -7.507522    579      0
 3.1056E+00   5.983038   1.198511 -99.000000 -14.034845 -99.000000   0.000000   0.242800   0.000657   0.001400   0.044399      3
 1.1066E+04  -2.322140   2.073445 -99.000000 -99.000000  -7.385213   0.000000   0.000241   0.000146   0.001400  0.000E+00    varcontrol

             relative mass of radiative core still tiny          49    7.8132180532722306D-08

__________________________________________________________________________________________________________________________________________________

       step    lg_Tmax     Teff     lg_LH      lg_Lnuc_tot     Mass       H_rich     H_cntr     N_cntr     Y_surf   eta_cntr   zones  retry
  lg_dt_yrs    lg_Tcntr    lg_R     lg_L3a     lg_Lneu     lg_Mdot    He_core    He_cntr    O_cntr     Z_surf   gam_cntr   iters  
    age_yrs    lg_Dcntr    lg_L     lg_LZ      lg_Lphoto   lg_Dsurf   CO_core    C_cntr     Ne_cntr    Z_cntr   v_div_cs       dt_limit
__________________________________________________________________________________________________________________________________________________

         50   6.001567   4806.072 -12.376127 -12.376127   2.000000   2.000000   0.755800   0.000071   0.242800  -7.443554    576      0
 3.1561E+00   6.001567   1.179473 -99.000000 -13.773995 -99.000000   0.000000   0.242800   0.000657   0.001400   0.044398      3
 1.2499E+04  -2.266568   2.040800 -99.000000 -99.000000  -7.370976   0.000000   0.000241   0.000146   0.001400  0.000E+00    varcontrol

             relative mass of radiative core still tiny          50    7.8132181198856121D-08
         51   6.020091   4822.982 -12.118339 -12.118339   2.000000   2.000000   0.755800   0.000071   0.242800  -7.379599    581      0
 3.2064E+00   6.020091   1.160454 -99.000000 -13.516206 -99.000000   0.000000   0.242800   0.000657   0.001400   0.044398      3
 1.4107E+04  -2.211011   2.008865 -27.694760 -99.000000  -7.357899   0.000000   0.000241   0.000146   0.001400  0.000E+00    varcontrol

             relative mass of radiative core still tiny          51    7.8132181864989936D-08
         52   6.038599   4838.357 -11.863703 -11.863703   2.000000   2.000000   0.755800   0.000071   0.242800  -7.315692    585      0
 3.2571E+00   6.038599   1.141467 -99.000000 -13.261570 -99.000000   0.000000   0.242800   0.000657   0.001400   0.044397      3
 1.5915E+04  -2.155497   1.976419 -27.393730 -99.000000  -7.343876   0.000000   0.000241   0.000146   0.001400  0.000E+00    varcontrol

             relative mass of radiative core still tiny          52    7.8132181864989936D-08
         53   6.057100   4853.944 -11.612063 -11.612063   2.000000   2.000000   0.755800   0.000071   0.242800  -7.251806    590      0
 3.3078E+00   6.057100   1.122502 -99.000000 -13.009930 -99.000000   0.000000   0.242800   0.000657   0.001400   0.044397      3
 1.7946E+04  -2.100004   1.944076 -99.000000 -99.000000  -7.329974   0.000000   0.000241   0.000146   0.001400  0.000E+00    varcontrol

             relative mass of radiative core still tiny          53    7.8132181864989936D-08
         54   6.075567   4868.330 -11.363729 -11.363729   2.000000   2.000000   0.755800   0.000071   0.242800  -7.188034    587      0
 3.3582E+00   6.075567   1.103585 -99.000000 -12.761595 -99.000000   0.000000   0.242800   0.000657   0.001400   0.044397      3
 2.0227E+04  -2.044611   1.911383 -99.000000 -99.000000  -7.315347   0.000000   0.000241   0.000146   0.001400  0.000E+00    varcontrol

             relative mass of radiative core still tiny          54    7.8132181420900726D-08
         55   6.094024   4884.599 -11.118330 -11.118330   2.000000   2.000000   0.755800   0.000071   0.242800  -7.124293    593      0
 3.4084E+00   6.094024   1.084692 -99.000000 -12.516197 -99.000000   0.000000   0.242800   0.000657   0.001400   0.044397      3
 2.2788E+04  -1.989246   1.879394 -99.000000 -99.000000  -7.301886   0.000000   0.000241   0.000146   0.001400  0.000E+00    varcontrol

             relative mass of radiative core still tiny          55    7.8132181864989936D-08
         56   6.112454   4899.200 -10.876035 -10.876035   2.000000   2.000000   0.755800   0.000071   0.242800  -7.060639    596      0
 3.4587E+00   6.112454   1.065840 -99.000000 -12.273902 -99.000000   0.000000   0.242800   0.000657   0.001400   0.044396      3
 2.5664E+04  -1.933960   1.846874 -99.000000 -99.000000  -7.287400   0.000000   0.000241   0.000146   0.001400  0.000E+00    varcontrol

             relative mass of radiative core still tiny          56    7.8132182087034541D-08
         57   6.130861   4913.924 -10.636753 -10.636753   2.000000   2.000000   0.755800   0.000071   0.242800  -6.997062    596      0
 3.5090E+00   6.130861   1.047024 -99.000000 -12.034619 -99.000000   0.000000   0.242800   0.000657   0.001400   0.044396      3
 2.8893E+04  -1.878741   1.814455 -99.000000 -99.000000  -7.273002   0.000000   0.000241   0.000146   0.001400  0.000E+00    varcontrol

             relative mass of radiative core still tiny          57    7.8132182087034541D-08
         58   6.149238   4928.342 -10.400531 -10.400531   2.000000   2.000000   0.755800   0.000071   0.242800  -6.933587    597      0
 3.5592E+00   6.149238   1.028252 -99.000000 -11.798397 -99.000000   0.000000   0.242800   0.000657   0.001400   0.044396      3
 3.2516E+04  -1.823613   1.782000 -99.000000 -99.000000  -7.258435   0.000000   0.000241   0.000146   0.001400  0.000E+00    varcontrol

             relative mass of radiative core still tiny          58    7.8132182087034541D-08
         59   6.167604   4943.989 -10.167066 -10.167066   2.000000   2.000000   0.755800   0.000071   0.242800  -6.870145    601      0
 3.6093E+00   6.167604   1.009503 -99.000000 -11.564932 -99.000000   0.000000   0.242800   0.000657   0.001400   0.044396      3
 3.6584E+04  -1.768516   1.750009 -99.000000 -99.000000  -7.244645   0.000000   0.000241   0.000146   0.001400  0.000E+00    varcontrol

             relative mass of radiative core still tiny          59    7.8132182309079146D-08

__________________________________________________________________________________________________________________________________________________

       step    lg_Tmax     Teff     lg_LH      lg_Lnuc_tot     Mass       H_rich     H_cntr     N_cntr     Y_surf   eta_cntr   zones  retry
  lg_dt_yrs    lg_Tcntr    lg_R     lg_L3a     lg_Lneu     lg_Mdot    He_core    He_cntr    O_cntr     Z_surf   gam_cntr   iters  
    age_yrs    lg_Dcntr    lg_L     lg_LZ      lg_Lphoto   lg_Dsurf   CO_core    C_cntr     Ne_cntr    Z_cntr   v_div_cs       dt_limit
__________________________________________________________________________________________________________________________________________________

         60   6.185942   4957.727  -9.936528  -9.936528   2.000000   2.000000   0.755800   0.000071   0.242800  -6.806796    604      0
 3.6596E+00   6.185942   0.990793 -99.000000 -11.334394 -99.000000   0.000000   0.242800   0.000657   0.001400   0.044396      3
 4.1150E+04  -1.713500   1.717411 -99.000000 -99.000000  -7.229673   0.000000   0.000241   0.000146   0.001400  0.000E+00    varcontrol

             relative mass of radiative core still tiny          60    7.8132182309079146D-08
         61   6.204268   4972.408  -9.708696  -9.708696   2.000000   2.000000   0.755800   0.000071   0.242800  -6.743489    608      0
 3.7099E+00   6.204268   0.972109 -99.000000 -11.106561 -99.000000   0.000000   0.242800   0.000657   0.001400   0.044396      3
 4.6277E+04  -1.658523   1.685180 -99.000000 -99.000000  -7.215308   0.000000   0.000241   0.000146   0.001400  0.000E+00    varcontrol

             relative mass of radiative core still tiny          61    7.8132182309079146D-08
         62   6.222557   4985.963  -9.483796  -9.483796   2.000000   2.000000   0.755800   0.000071   0.242800  -6.680302    611      0
 3.7599E+00   6.222557   0.953472 -99.000000 -10.881661 -99.000000   0.000000   0.242800   0.000657   0.001400   0.044396      3
 5.2030E+04  -1.603651   1.652634 -99.000000 -99.000000  -7.200268   0.000000   0.000241   0.000146   0.001400  0.000E+00    varcontrol

             relative mass of radiative core still tiny          62    7.8132182309079146D-08
         63   6.240819   4999.712  -9.261694  -9.261694   2.000000   2.000000   0.755800   0.000071   0.242800  -6.617210    607      0
 3.8099E+00   6.240819   0.934875 -99.000000 -10.659558 -99.000000   0.000000   0.242800   0.000657   0.001400   0.044396      3
 5.8485E+04  -1.548863   1.620223 -99.000000 -99.000000  -7.185386   0.000000   0.000241   0.000146   0.001400  0.000E+00    varcontrol

             relative mass of radiative core still tiny          63    7.8132182309079146D-08
         64   6.259059   5013.745  -9.042264  -9.042264   2.000000   2.000000   0.755800   0.000071   0.242800  -6.554189    610      0
 3.8599E+00   6.259059   0.916309 -99.000000 -10.440128 -99.000000   0.000000   0.242800   0.000657   0.001400   0.044397      3
 6.5727E+04  -1.494138   1.587961 -99.000000 -99.000000  -7.170715   0.000000   0.000241   0.000146   0.001400  0.000E+00    varcontrol

             relative mass of radiative core still tiny          64    7.8132182309079146D-08
         65   6.277264   5026.294  -8.825636  -8.825636   2.000000   2.000000   0.755800   0.000071   0.242800  -6.491290    614      0
 3.9099E+00   6.277264   0.897791 -99.000000 -10.223499 -99.000000   0.000000   0.242800   0.000657   0.001400   0.044397      3
 7.3854E+04  -1.439520   1.555266 -99.000000 -99.000000  -7.155145   0.000000   0.000241   0.000146   0.001400  0.000E+00    varcontrol

             relative mass of radiative core still tiny          65    7.8132182309079146D-08
         66   6.295242   5040.394  -8.611582  -8.611582   2.000000   2.000000   0.755800   0.000071   0.242800  -6.427212    619      0
 3.9598E+00   6.295242   0.879301 -99.000000 -10.009445 -99.000000   0.000000   0.242800   0.000657   0.001400   0.044426      3
 8.2971E+04  -1.384730   1.523154 -99.000000 -99.000000  -7.140601   0.000000   0.000241   0.000146   0.001400  0.000E+00    varcontrol

             relative mass of radiative core still tiny          66    7.8132182309079146D-08
         67   6.312589   5052.846  -8.400563  -8.400563   2.000000   2.000000   0.755800   0.000071   0.242800  -6.359431    620      0
 4.0097E+00   6.312589   0.860865 -99.000000  -9.798426 -99.000000   0.000000   0.242800   0.000657   0.001400   0.044542      3
 9.3197E+04  -1.329281   1.490567 -99.000000 -99.000000  -7.125062   0.000000   0.000241   0.000146   0.001400  0.000E+00    varcontrol

                 finished relax to begin radiative core          67    6.0903693949801866D-03

 finished doing relax_to_radiative_core

 read my_history_columns.list
 read my_profile_columns.list
                                 set_initial_dt (years)    1.0000000000000000D+00
                             set_initial_number_retries           0
 net name basic.net
 kap_option gs98
 kap_CO_option gs98_co
 kap_lowT_option lowT_fa05_gs98
                                        OMP_NUM_THREADS          16


__________________________________________________________________________________________________________________________________________________

       step    lg_Tmax     Teff     lg_LH      lg_Lnuc_tot     Mass       H_rich     H_cntr     N_cntr     Y_surf   eta_cntr   zones  retry
  lg_dt_yrs    lg_Tcntr    lg_R     lg_L3a     lg_Lneu     lg_Mdot    He_core    He_cntr    O_cntr     Z_surf   gam_cntr   iters  
    age_yrs    lg_Dcntr    lg_L     lg_LZ      lg_Lphoto   lg_Dsurf   CO_core    C_cntr     Ne_cntr    Z_cntr   v_div_cs       dt_limit
__________________________________________________________________________________________________________________________________________________

          1   6.312590   5052.843  -8.400542  -8.400542   2.000000   2.000000   0.755800   0.000071   0.242800  -6.359424    620      0
 0.0000E+00   6.312590   0.860863 -99.000000  -9.798405 -11.728313   0.000000   0.242800   0.000657   0.001400   0.044542      2
 1.0000E+00  -1.329276   1.490563 -99.000000 -99.000000  -7.125066   0.000000   0.000241   0.000146   0.001400  0.000E+00    varcontrol

save LOGS/profile1.data for model 1
 Loading precomputed flux cube from:/home/njm/MESA/mesa/colors/data/stellar_models/Kurucz2003all//flux_cube.bin
 Loaded flux cube with dimensions:          76 x          11 x           9 x        1173
 Performing interpolation at target parameters...
 Interpolation complete
          2   6.312592   5053.876  -8.400518  -8.400518   2.000000   2.000000   0.755800   0.000071   0.242800  -6.359416    629      0
 7.9181E-02   6.312592   0.860861 -99.000000  -9.798380 -11.728320   0.000000   0.242800   0.000657   0.001400   0.044542      3
 2.2000E+00  -1.329269   1.490914 -99.000000 -99.000000  -7.125728   0.000000   0.000241   0.000146   0.001400  0.000E+00  max increase

 Loading precomputed flux cube from:/home/njm/MESA/mesa/colors/data/stellar_models/Kurucz2003all//flux_cube.bin
 Loaded flux cube with dimensions:          76 x          11 x           9 x        1173
 Performing interpolation at target parameters...
 Interpolation complete
          3   6.312595   5053.785  -8.400488  -8.400488   2.000000   2.000000   0.755800   0.000071   0.242800  -6.359407    628      0
 1.5836E-01   6.312595   0.860858 -99.000000  -9.798351 -11.727848   0.000000   0.242800   0.000657   0.001400   0.044542      2
 3.6400E+00  -1.329261   1.490877 -99.000000 -99.000000  -7.125666   0.000000   0.000241   0.000146   0.001400  0.000E+00  max increase

 Loading precomputed flux cube from:/home/njm/MESA/mesa/colors/data/stellar_models/Kurucz2003all//flux_cube.bin
 Loaded flux cube with dimensions:          76 x          11 x           9 x        1173
 Performing interpolation at target parameters...
 Interpolation complete
          4   6.312598   5053.787  -8.400453  -8.400453   2.000000   2.000000   0.755800   0.000071   0.242800  -6.359395    628      0
 2.3754E-01   6.312598   0.860855 -99.000000  -9.798315 -11.727900   0.000000   0.242800   0.000657   0.001400   0.044542      2
 5.3680E+00  -1.329252   1.490872 -99.000000 -99.000000  -7.125663   0.000000   0.000241   0.000146   0.001400  0.000E+00  max increase

 Loading precomputed flux cube from:/home/njm/MESA/mesa/colors/data/stellar_models/Kurucz2003all//flux_cube.bin
 Loaded flux cube with dimensions:          76 x          11 x           9 x        1173
 Performing interpolation at target parameters...
 Interpolation complete
          5   6.312601   5053.790  -8.400410  -8.400410   2.000000   2.000000   0.755800   0.000071   0.242800  -6.359381    628      0
 3.1672E-01   6.312601   0.860851 -99.000000  -9.798273 -11.727910   0.000000   0.242800   0.000657   0.001400   0.044542      3
 7.4416E+00  -1.329241   1.490865 -99.000000 -99.000000  -7.125660   0.000000   0.000241   0.000146   0.001400  0.000E+00  max increase

 Loading precomputed flux cube from:/home/njm/MESA/mesa/colors/data/stellar_models/Kurucz2003all//flux_cube.bin
 Loaded flux cube with dimensions:          76 x          11 x           9 x        1173
 Performing interpolation at target parameters...
 Interpolation complete
          6   6.312606   5053.793  -8.400359  -8.400359   2.000000   2.000000   0.755800   0.000071   0.242800  -6.359365    628      0
 3.9591E-01   6.312606   0.860847 -99.000000  -9.798222 -11.727922   0.000000   0.242800   0.000657   0.001400   0.044542      2
 9.9299E+00  -1.329227   1.490857 -99.000000 -99.000000  -7.125657   0.000000   0.000241   0.000146   0.001400  0.000E+00  max increase

 Loading precomputed flux cube from:/home/njm/MESA/mesa/colors/data/stellar_models/Kurucz2003all//flux_cube.bin
 Loaded flux cube with dimensions:          76 x          11 x           9 x        1173
 Performing interpolation at target parameters...
 Interpolation complete
          7   6.312611   5053.796  -8.400298  -8.400298   2.000000   2.000000   0.755800   0.000071   0.242800  -6.359345    628      0
 4.7509E-01   6.312611   0.860842 -99.000000  -9.798160 -11.727936   0.000000   0.242800   0.000657   0.001400   0.044542      2
 1.2916E+01  -1.329211   1.490848 -99.000000 -99.000000  -7.125652   0.000000   0.000241   0.000146   0.001400  0.000E+00  max increase

 Loading precomputed flux cube from:/home/njm/MESA/mesa/colors/data/stellar_models/Kurucz2003all//flux_cube.bin
 Loaded flux cube with dimensions:          76 x          11 x           9 x        1173
 Performing interpolation at target parameters...
 Interpolation complete
          8   6.312617   5053.801  -8.400224  -8.400224   2.000000   2.000000   0.755800   0.000071   0.242800  -6.359321    628      0
 5.5427E-01   6.312617   0.860835 -99.000000  -9.798087 -11.727953   0.000000   0.242800   0.000657   0.001400   0.044543      2
 1.6499E+01  -1.329192   1.490836 -99.000000 -99.000000  -7.125647   0.000000   0.000241   0.000146   0.001400  0.000E+00  max increase

 Loading precomputed flux cube from:/home/njm/MESA/mesa/colors/data/stellar_models/Kurucz2003all//flux_cube.bin
 Loaded flux cube with dimensions:          76 x          11 x           9 x        1173
 Performing interpolation at target parameters...
 Interpolation complete
          9   6.312624   5053.806  -8.400136  -8.400136   2.000000   2.000000   0.755800   0.000071   0.242800  -6.359293    628      0
 6.3345E-01   6.312624   0.860827 -99.000000  -9.797998 -11.727974   0.000000   0.242800   0.000657   0.001400   0.044543      3
 2.0799E+01  -1.329168   1.490823 -99.000000 -99.000000  -7.125640   0.000000   0.000241   0.000146   0.001400  0.000E+00  max increase

 Loading precomputed flux cube from:/home/njm/MESA/mesa/colors/data/stellar_models/Kurucz2003all//flux_cube.bin
 Loaded flux cube with dimensions:          76 x          11 x           9 x        1173
 Performing interpolation at target parameters...
 Interpolation complete

__________________________________________________________________________________________________________________________________________________

       step    lg_Tmax     Teff     lg_LH      lg_Lnuc_tot     Mass       H_rich     H_cntr     N_cntr     Y_surf   eta_cntr   zones  retry
  lg_dt_yrs    lg_Tcntr    lg_R     lg_L3a     lg_Lneu     lg_Mdot    He_core    He_cntr    O_cntr     Z_surf   gam_cntr   iters  
    age_yrs    lg_Dcntr    lg_L     lg_LZ      lg_Lphoto   lg_Dsurf   CO_core    C_cntr     Ne_cntr    Z_cntr   v_div_cs       dt_limit
__________________________________________________________________________________________________________________________________________________

         10   6.312633   5053.812  -8.400030  -8.400030   2.000000   2.000000   0.755800   0.000071   0.242800  -6.359259    628      0
 7.1263E-01   6.312633   0.860818 -99.000000  -9.797892 -11.727999   0.000000   0.242800   0.000657   0.001400   0.044543      2
 2.5959E+01  -1.329140   1.490806 -99.000000 -99.000000  -7.125632   0.000000   0.000241   0.000146   0.001400  0.000E+00  max increase

 Loading precomputed flux cube from:/home/njm/MESA/mesa/colors/data/stellar_models/Kurucz2003all//flux_cube.bin
 Loaded flux cube with dimensions:          76 x          11 x           9 x        1173
 Performing interpolation at target parameters...
 Interpolation complete
         11   6.312643   5053.820  -8.399903  -8.399903   2.000000   2.000000   0.755800   0.000071   0.242800  -6.359218    628      0
 7.9181E-01   6.312643   0.860807 -99.000000  -9.797765 -11.728029   0.000000   0.242800   0.000657   0.001400   0.044543      2
 3.2150E+01  -1.329107   1.490787 -99.000000 -99.000000  -7.125623   0.000000   0.000241   0.000146   0.001400  0.000E+00  max increase

 Loading precomputed flux cube from:/home/njm/MESA/mesa/colors/data/stellar_models/Kurucz2003all//flux_cube.bin
 Loaded flux cube with dimensions:          76 x          11 x           9 x        1173
 Performing interpolation at target parameters...
 Interpolation complete
         12   6.312656   5053.829  -8.399750  -8.399750   2.000000   2.000000   0.755800   0.000071   0.242800  -6.359168    628      0
 8.7099E-01   6.312656   0.860794 -99.000000  -9.797613 -11.728065   0.000000   0.242800   0.000657   0.001400   0.044543      2
 3.9581E+01  -1.329066   1.490763 -99.000000 -99.000000  -7.125612   0.000000   0.000241   0.000146   0.001400  0.000E+00  max increase

 Loading precomputed flux cube from:/home/njm/MESA/mesa/colors/data/stellar_models/Kurucz2003all//flux_cube.bin
 Loaded flux cube with dimensions:          76 x          11 x           9 x        1173
 Performing interpolation at target parameters...
 Interpolation complete
         13   6.312671   5053.840  -8.399567  -8.399567   2.000000   2.000000   0.755800   0.000071   0.242800  -6.359109    628      0
 9.5017E-01   6.312671   0.860777 -99.000000  -9.797430 -11.728108   0.000000   0.242800   0.000657   0.001400   0.044543      3
 4.8497E+01  -1.329018   1.490735 -99.000000 -99.000000  -7.125598   0.000000   0.000241   0.000146   0.001400  0.000E+00  max increase

 Loading precomputed flux cube from:/home/njm/MESA/mesa/colors/data/stellar_models/Kurucz2003all//flux_cube.bin
 Loaded flux cube with dimensions:          76 x          11 x           9 x        1173
 Performing interpolation at target parameters...
 Interpolation complete
         14   6.312689   5053.853  -8.399348  -8.399348   2.000000   2.000000   0.755800   0.000071   0.242800  -6.359038    628      0
 1.0294E+00   6.312689   0.860758 -99.000000  -9.797210 -11.728160   0.000000   0.242800   0.000657   0.001400   0.044543      4
 5.9196E+01  -1.328960   1.490700 -99.000000 -99.000000  -7.125582   0.000000   0.000241   0.000146   0.001400  0.000E+00  max increase

 Loading precomputed flux cube from:/home/njm/MESA/mesa/colors/data/stellar_models/Kurucz2003all//flux_cube.bin
 Loaded flux cube with dimensions:          76 x          11 x           9 x        1173
 Performing interpolation at target parameters...
 Interpolation complete
         15   6.312711   5053.869  -8.399084  -8.399084   2.000000   2.000000   0.755800   0.000071   0.242800  -6.358953    628      0
 1.1085E+00   6.312711   0.860735 -99.000000  -9.796947 -11.728222   0.000000   0.242800   0.000657   0.001400   0.044543      2
 7.2035E+01  -1.328891   1.490660 -99.000000 -99.000000  -7.125563   0.000000   0.000241   0.000146   0.001400  0.000E+00  max increase

 Loading precomputed flux cube from:/home/njm/MESA/mesa/colors/data/stellar_models/Kurucz2003all//flux_cube.bin
 Loaded flux cube with dimensions:          76 x          11 x           9 x        1173
 Performing interpolation at target parameters...
 Interpolation complete
         16   6.312737   5053.888  -8.398768  -8.398768   2.000000   2.000000   0.755800   0.000071   0.242800  -6.358851    628      0
 1.1877E+00   6.312737   0.860707 -99.000000  -9.796630 -11.728297   0.000000   0.242800   0.000657   0.001400   0.044543      2
 8.7442E+01  -1.328807   1.490611 -99.000000 -99.000000  -7.125539   0.000000   0.000241   0.000146   0.001400  0.000E+00  max increase

 Loading precomputed flux cube from:/home/njm/MESA/mesa/colors/data/stellar_models/Kurucz2003all//flux_cube.bin
 Loaded flux cube with dimensions:          76 x          11 x           9 x        1173
 Performing interpolation at target parameters...
 Interpolation complete
         17   6.312768   5053.911  -8.398389  -8.398389   2.000000   2.000000   0.755800   0.000071   0.242800  -6.358729    628      0
 1.2669E+00   6.312768   0.860674 -99.000000  -9.796251 -11.728386   0.000000   0.242800   0.000657   0.001400   0.044544      2
 1.0593E+02  -1.328707   1.490552 -99.000000 -99.000000  -7.125511   0.000000   0.000241   0.000146   0.001400  0.000E+00  max increase

 Loading precomputed flux cube from:/home/njm/MESA/mesa/colors/data/stellar_models/Kurucz2003all//flux_cube.bin
 Loaded flux cube with dimensions:          76 x          11 x           9 x        1173
 Performing interpolation at target parameters...
 Interpolation complete
         18   6.312806   5053.938  -8.397934  -8.397934   2.000000   2.000000   0.755800   0.000071   0.242800  -6.358582    628      0
 1.3461E+00   6.312806   0.860634 -99.000000  -9.795796 -11.728494   0.000000   0.242800   0.000657   0.001400   0.044544      2
 1.2812E+02  -1.328587   1.490481 -99.000000 -99.000000  -7.125478   0.000000   0.000241   0.000146   0.001400  0.000E+00  max increase

 Loading precomputed flux cube from:/home/njm/MESA/mesa/colors/data/stellar_models/Kurucz2003all//flux_cube.bin
 Loaded flux cube with dimensions:          76 x          11 x           9 x        1173
 Performing interpolation at target parameters...
 Interpolation complete
         19   6.312851   5053.970  -8.397388  -8.397388   2.000000   2.000000   0.755800   0.000071   0.242800  -6.358406    628      0
 1.4253E+00   6.312851   0.860586 -99.000000  -9.795250 -11.728622   0.000000   0.242800   0.000657   0.001400   0.044544      2
 1.5474E+02  -1.328442   1.490397 -99.000000 -99.000000  -7.125438   0.000000   0.000241   0.000146   0.001400  0.000E+00  max increase

 Loading precomputed flux cube from:/home/njm/MESA/mesa/colors/data/stellar_models/Kurucz2003all//flux_cube.bin
 Loaded flux cube with dimensions:          76 x          11 x           9 x        1173
 Performing interpolation at target parameters...
 Interpolation complete

__________________________________________________________________________________________________________________________________________________

       step    lg_Tmax     Teff     lg_LH      lg_Lnuc_tot     Mass       H_rich     H_cntr     N_cntr     Y_surf   eta_cntr   zones  retry
  lg_dt_yrs    lg_Tcntr    lg_R     lg_L3a     lg_Lneu     lg_Mdot    He_core    He_cntr    O_cntr     Z_surf   gam_cntr   iters  
    age_yrs    lg_Dcntr    lg_L     lg_LZ      lg_Lphoto   lg_Dsurf   CO_core    C_cntr     Ne_cntr    Z_cntr   v_div_cs       dt_limit
__________________________________________________________________________________________________________________________________________________

         20   6.312905   5054.010  -8.396733  -8.396733   2.000000   2.000000   0.755800   0.000071   0.242800  -6.358194    628      0
 1.5044E+00   6.312905   0.860529 -99.000000  -9.794596 -11.728777   0.000000   0.242800   0.000657   0.001400   0.044544      2
 1.8669E+02  -1.328269   1.490295 -99.000000 -99.000000  -7.125389   0.000000   0.000241   0.000146   0.001400  0.000E+00  max increase

 Loading precomputed flux cube from:/home/njm/MESA/mesa/colors/data/stellar_models/Kurucz2003all//flux_cube.bin
 Loaded flux cube with dimensions:          76 x          11 x           9 x        1173
 Performing interpolation at target parameters...
 Interpolation complete
         21   6.312970   5054.057  -8.395948  -8.395948   2.000000   2.000000   0.755800   0.000071   0.242800  -6.357940    628      0
 1.5836E+00   6.312970   0.860460 -99.000000  -9.793810 -11.728962   0.000000   0.242800   0.000657   0.001400   0.044545      2
 2.2503E+02  -1.328062   1.490173 -99.000000 -99.000000  -7.125331   0.000000   0.000241   0.000146   0.001400  0.000E+00  max increase

 Loading precomputed flux cube from:/home/njm/MESA/mesa/colors/data/stellar_models/Kurucz2003all//flux_cube.bin
 Loaded flux cube with dimensions:          76 x          11 x           9 x        1173
 Performing interpolation at target parameters...
 Interpolation complete
         22   6.313048   5054.113  -8.395006  -8.395006   2.000000   2.000000   0.755800   0.000071   0.242800  -6.357636    628      0
 1.6628E+00   6.313048   0.860377 -99.000000  -9.792869 -11.729184   0.000000   0.242800   0.000657   0.001400   0.044545      2
 2.7103E+02  -1.327813   1.490027 -99.000000 -99.000000  -7.125262   0.000000   0.000241   0.000146   0.001400  0.000E+00  max increase

 Loading precomputed flux cube from:/home/njm/MESA/mesa/colors/data/stellar_models/Kurucz2003all//flux_cube.bin
 Loaded flux cube with dimensions:          76 x          11 x           9 x        1173
 Performing interpolation at target parameters...
 Interpolation complete
         23   6.313141   5054.180  -8.393877  -8.393877   2.000000   2.000000   0.755800   0.000071   0.242800  -6.357271    628      0
 1.7420E+00   6.313141   0.860278 -99.000000  -9.791739 -11.729451   0.000000   0.242800   0.000657   0.001400   0.044546      2
 3.2624E+02  -1.327514   1.489852 -99.000000 -99.000000  -7.125179   0.000000   0.000241   0.000146   0.001400  0.000E+00  max increase

 Loading precomputed flux cube from:/home/njm/MESA/mesa/colors/data/stellar_models/Kurucz2003all//flux_cube.bin
 Loaded flux cube with dimensions:          76 x          11 x           9 x        1173
 Performing interpolation at target parameters...
 Interpolation complete
         24   6.313253   5054.262  -8.392522  -8.392522   2.000000   2.000000   0.755800   0.000071   0.242800  -6.356833    628      0
 1.8212E+00   6.313253   0.860159 -99.000000  -9.790385 -11.729771   0.000000   0.242800   0.000657   0.001400   0.044547      2
 3.9248E+02  -1.327156   1.489642 -99.000000 -99.000000  -7.125079   0.000000   0.000241   0.000146   0.001400  0.000E+00  max increase

 Loading precomputed flux cube from:/home/njm/MESA/mesa/colors/data/stellar_models/Kurucz2003all//flux_cube.bin
 Loaded flux cube with dimensions:          76 x          11 x           9 x        1173
 Performing interpolation at target parameters...
 Interpolation complete
         25   6.313387   5054.359  -8.390899  -8.390899   2.000000   2.000000   0.755800   0.000071   0.242800  -6.356308    628      0
 1.9003E+00   6.313387   0.860016 -99.000000  -9.788762 -11.730154   0.000000   0.242800   0.000657   0.001400   0.044548      2
 4.7198E+02  -1.326727   1.489390 -99.000000 -99.000000  -7.124959   0.000000   0.000241   0.000146   0.001400  0.000E+00  max increase

 Loading precomputed flux cube from:/home/njm/MESA/mesa/colors/data/stellar_models/Kurucz2003all//flux_cube.bin
 Loaded flux cube with dimensions:          76 x          11 x           9 x        1173
 Performing interpolation at target parameters...
 Interpolation complete
         26   6.313548   5054.475  -8.388953  -8.388953   2.000000   2.000000   0.755800   0.000071   0.242800  -6.355678    628      0
 1.9795E+00   6.313548   0.859845 -99.000000  -9.786816 -11.730613   0.000000   0.242800   0.000657   0.001400   0.044549      2
 5.6738E+02  -1.326212   1.489088 -99.000000 -99.000000  -7.124816   0.000000   0.000241   0.000146   0.001400  0.000E+00  max increase

 Loading precomputed flux cube from:/home/njm/MESA/mesa/colors/data/stellar_models/Kurucz2003all//flux_cube.bin
 Loaded flux cube with dimensions:          76 x          11 x           9 x        1173
 Performing interpolation at target parameters...
 Interpolation complete
         27   6.313741   5054.615  -8.386622  -8.386622   2.000000   2.000000   0.755800   0.000071   0.242800  -6.354922    628      0
 2.0587E+00   6.313741   0.859640 -99.000000  -9.784484 -11.731164   0.000000   0.242800   0.000657   0.001400   0.044550      2
 6.8185E+02  -1.325595   1.488726 -99.000000 -99.000000  -7.124644   0.000000   0.000241   0.000146   0.001400  0.000E+00  max increase

 Loading precomputed flux cube from:/home/njm/MESA/mesa/colors/data/stellar_models/Kurucz2003all//flux_cube.bin
 Loaded flux cube with dimensions:          76 x          11 x           9 x        1173
 Performing interpolation at target parameters...
 Interpolation complete
         28   6.313972   5054.782  -8.383828  -8.383828   2.000000   2.000000   0.755800   0.000071   0.242800  -6.354017    628      0
 2.1379E+00   6.313972   0.859395 -99.000000  -9.781691 -11.731824   0.000000   0.242800   0.000657   0.001400   0.044552      2
 8.1922E+02  -1.324856   1.488293 -99.000000 -99.000000  -7.124438   0.000000   0.000241   0.000146   0.001400  0.000E+00  max increase

 Loading precomputed flux cube from:/home/njm/MESA/mesa/colors/data/stellar_models/Kurucz2003all//flux_cube.bin
 Loaded flux cube with dimensions:          76 x          11 x           9 x        1173
 Performing interpolation at target parameters...
 Interpolation complete
         29   6.314248   5054.982  -8.380483  -8.380483   2.000000   2.000000   0.755800   0.000071   0.242800  -6.352931    628      0
 2.2171E+00   6.314248   0.859101 -99.000000  -9.778346 -11.732615   0.000000   0.242800   0.000657   0.001400   0.044554      2
 9.8407E+02  -1.323970   1.487773 -99.000000 -99.000000  -7.124191   0.000000   0.000241   0.000146   0.001400  0.000E+00  max increase

 Loading precomputed flux cube from:/home/njm/MESA/mesa/colors/data/stellar_models/Kurucz2003all//flux_cube.bin
 Loaded flux cube with dimensions:          76 x          11 x           9 x        1173
 Performing interpolation at target parameters...
 Interpolation complete

__________________________________________________________________________________________________________________________________________________

       step    lg_Tmax     Teff     lg_LH      lg_Lnuc_tot     Mass       H_rich     H_cntr     N_cntr     Y_surf   eta_cntr   zones  retry
  lg_dt_yrs    lg_Tcntr    lg_R     lg_L3a     lg_Lneu     lg_Mdot    He_core    He_cntr    O_cntr     Z_surf   gam_cntr   iters  
    age_yrs    lg_Dcntr    lg_L     lg_LZ      lg_Lphoto   lg_Dsurf   CO_core    C_cntr     Ne_cntr    Z_cntr   v_div_cs       dt_limit
__________________________________________________________________________________________________________________________________________________

         30   6.314579   5055.222  -8.376479  -8.376479   2.000000   2.000000   0.755800   0.000071   0.242800  -6.351630    628      0
 2.2963E+00   6.314579   0.858748 -99.000000  -9.774341 -11.733563   0.000000   0.242800   0.000657   0.001400   0.044556      2
 1.1819E+03  -1.322909   1.487152 -99.000000 -99.000000  -7.123895   0.000000   0.000241   0.000146   0.001400  0.000E+00  max increase

 Loading precomputed flux cube from:/home/njm/MESA/mesa/colors/data/stellar_models/Kurucz2003all//flux_cube.bin
 Loaded flux cube with dimensions:          76 x          11 x           9 x        1173
 Performing interpolation at target parameters...
 Interpolation complete
         31   6.314974   5055.510  -8.371688  -8.371688   2.000000   2.000000   0.755800   0.000071   0.242800  -6.350071    628      0
 2.3754E+00   6.314974   0.858327 -99.000000  -9.769550 -11.734697   0.000000   0.242800   0.000657   0.001400   0.044559      2
 1.4193E+03  -1.321639   1.486407 -99.000000 -99.000000  -7.123542   0.000000   0.000241   0.000146   0.001400  0.000E+00  max increase

 Loading precomputed flux cube from:/home/njm/MESA/mesa/colors/data/stellar_models/Kurucz2003all//flux_cube.bin
 Loaded flux cube with dimensions:          76 x          11 x           9 x        1173
 Performing interpolation at target parameters...
 Interpolation complete
         32   6.315447   5055.853  -8.365958  -8.365958   2.000000   2.000000   0.755800   0.000071   0.242800  -6.348204    628      0
 2.4546E+00   6.315447   0.857823 -99.000000  -9.763820 -11.736055   0.000000   0.242800   0.000657   0.001400   0.044562      3
 1.7041E+03  -1.320119   1.485517 -99.000000 -99.000000  -7.123119   0.000000   0.000241   0.000146   0.001400  0.000E+00  max increase

 Loading precomputed flux cube from:/home/njm/MESA/mesa/colors/data/stellar_models/Kurucz2003all//flux_cube.bin
 Loaded flux cube with dimensions:          76 x          11 x           9 x        1173
 Performing interpolation at target parameters...
 Interpolation complete
         33   6.316012   5056.264  -8.359111  -8.359111   2.000000   2.000000   0.755800   0.000071   0.242800  -6.345968    628      0
 2.5338E+00   6.316012   0.857220 -99.000000  -9.756973 -11.737679   0.000000   0.242800   0.000657   0.001400   0.044567      2
 2.0459E+03  -1.318301   1.484453 -99.000000 -99.000000  -7.122613   0.000000   0.000241   0.000146   0.001400  0.000E+00  max increase

 Loading precomputed flux cube from:/home/njm/MESA/mesa/colors/data/stellar_models/Kurucz2003all//flux_cube.bin
 Loaded flux cube with dimensions:          76 x          11 x           9 x        1173
 Performing interpolation at target parameters...
 Interpolation complete
         34   6.316686   5056.756  -8.350935  -8.350935   2.000000   2.000000   0.755800   0.000071   0.242800  -6.343293    628      0
 2.6130E+00   6.316686   0.856500 -99.000000  -9.748798 -11.739621   0.000000   0.242800   0.000657   0.001400   0.044572      2
 2.4561E+03  -1.316128   1.483182 -99.000000 -99.000000  -7.122010   0.000000   0.000241   0.000146   0.001400  0.000E+00  max increase

 Loading precomputed flux cube from:/home/njm/MESA/mesa/colors/data/stellar_models/Kurucz2003all//flux_cube.bin
 Loaded flux cube with dimensions:          76 x          11 x           9 x        1173
 Performing interpolation at target parameters...
 Interpolation complete
         35   6.317490   5057.342  -8.341182  -8.341182   2.000000   2.000000   0.755800   0.000071   0.242800  -6.340093    628      0
 2.6922E+00   6.317490   0.855641 -99.000000  -9.739045 -11.741940   0.000000   0.242800   0.000657   0.001400   0.044578      2
 2.9483E+03  -1.313533   1.481665 -99.000000 -99.000000  -7.121289   0.000000   0.000241   0.000146   0.001400  0.000E+00  max increase

 Loading precomputed flux cube from:/home/njm/MESA/mesa/colors/data/stellar_models/Kurucz2003all//flux_cube.bin
 Loaded flux cube with dimensions:          76 x          11 x           9 x        1173
 Performing interpolation at target parameters...
 Interpolation complete
         36   6.318448   5058.042  -8.329561  -8.329561   2.000000   2.000000   0.755800   0.000071   0.242800  -6.336267    628      0
 2.7713E+00   6.318448   0.854616 -99.000000  -9.727424 -11.744709   0.000000   0.242800   0.000657   0.001400   0.044586      2
 3.5390E+03  -1.310435   1.479856 -99.000000 -99.000000  -7.120431   0.000000   0.000241   0.000146   0.001400  0.000E+00  max increase

 Loading precomputed flux cube from:/home/njm/MESA/mesa/colors/data/stellar_models/Kurucz2003all//flux_cube.bin
 Loaded flux cube with dimensions:          76 x          11 x           9 x        1173
 Performing interpolation at target parameters...
 Interpolation complete
         37   6.319587   5058.962  -8.315732  -8.315732   2.000000   2.000000   0.755800   0.000071   0.242800  -6.331697    629      0
 2.8505E+00   6.319587   0.853396 -99.000000  -9.713594 -11.748009   0.000000   0.242800   0.000657   0.001400   0.044595      3
 4.2478E+03  -1.306743   1.477731 -99.000000 -99.000000  -7.119463   0.000000   0.000241   0.000146   0.001400  0.000E+00  max increase

 Loading precomputed flux cube from:/home/njm/MESA/mesa/colors/data/stellar_models/Kurucz2003all//flux_cube.bin
 Loaded flux cube with dimensions:          76 x          11 x           9 x        1173
 Performing interpolation at target parameters...
 Interpolation complete
         38   6.320938   5059.932  -8.299301  -8.299301   2.000000   2.000000   0.755800   0.000071   0.242800  -6.326242    628      0
 2.9297E+00   6.320938   0.851945 -99.000000  -9.697163 -11.751900   0.000000   0.242800   0.000657   0.001400   0.044607      3
 5.0984E+03  -1.302348   1.475162 -99.000000 -99.000000  -7.118234   0.000000   0.000241   0.000146   0.001400  0.000E+00  max increase

 Loading precomputed flux cube from:/home/njm/MESA/mesa/colors/data/stellar_models/Kurucz2003all//flux_cube.bin
 Loaded flux cube with dimensions:          76 x          11 x           9 x        1173
 Performing interpolation at target parameters...
 Interpolation complete
         39   6.322539   5061.097  -8.279819  -8.279819   2.000000   2.000000   0.755800   0.000071   0.242800  -6.319737    628      0
 3.0089E+00   6.322539   0.850222 -99.000000  -9.677681 -11.756584   0.000000   0.242800   0.000657   0.001400   0.044621      3
 6.1190E+03  -1.297122   1.472117 -99.000000 -99.000000  -7.116783   0.000000   0.000241   0.000146   0.001400  0.000E+00  max increase

 Loading precomputed flux cube from:/home/njm/MESA/mesa/colors/data/stellar_models/Kurucz2003all//flux_cube.bin
 Loaded flux cube with dimensions:          76 x          11 x           9 x        1173
 Performing interpolation at target parameters...
 Interpolation complete

__________________________________________________________________________________________________________________________________________________

       step    lg_Tmax     Teff     lg_LH      lg_Lnuc_tot     Mass       H_rich     H_cntr     N_cntr     Y_surf   eta_cntr   zones  retry
  lg_dt_yrs    lg_Tcntr    lg_R     lg_L3a     lg_Lneu     lg_Mdot    He_core    He_cntr    O_cntr     Z_surf   gam_cntr   iters  
    age_yrs    lg_Dcntr    lg_L     lg_LZ      lg_Lphoto   lg_Dsurf   CO_core    C_cntr     Ne_cntr    Z_cntr   v_div_cs       dt_limit
__________________________________________________________________________________________________________________________________________________

         40   6.324430   5062.477  -8.256766  -8.256766   2.000000   2.000000   0.755800   0.000071   0.242800  -6.311987    628      0
 3.0881E+00   6.324430   0.848181 -99.000000  -9.654628 -11.762139   0.000000   0.242800   0.000657   0.001400   0.044639      3
 7.3439E+03  -1.290920   1.468509 -99.000000 -99.000000  -7.115063   0.000000   0.000241   0.000146   0.001400  0.000E+00  max increase

 Loading precomputed flux cube from:/home/njm/MESA/mesa/colors/data/stellar_models/Kurucz2003all//flux_cube.bin
 Loaded flux cube with dimensions:          76 x          11 x           9 x        1173
 Performing interpolation at target parameters...
 Interpolation complete
         41   6.326659   5064.109  -8.229562  -8.229562   2.000000   2.000000   0.755800   0.000071   0.242800  -6.302766    628      0
 3.1672E+00   6.326659   0.845769 -99.000000  -9.627424 -11.768720   0.000000   0.242800   0.000657   0.001400   0.044662      3
 8.8136E+03  -1.283574   1.464244 -99.000000 -99.000000  -7.113031   0.000000   0.000241   0.000146   0.001400  0.000E+00  max increase

 Loading precomputed flux cube from:/home/njm/MESA/mesa/colors/data/stellar_models/Kurucz2003all//flux_cube.bin
 Loaded flux cube with dimensions:          76 x          11 x           9 x        1173
 Performing interpolation at target parameters...
 Interpolation complete
         42   6.329275   5066.031  -8.197555  -8.197555   2.000000   2.000000   0.755800   0.000071   0.242800  -6.291811    628      0
 3.2464E+00   6.329275   0.842926 -99.000000  -9.595417 -11.776499   0.000000   0.242800   0.000657   0.001400   0.044691      3
 1.0577E+04  -1.274893   1.459217 -99.000000 -99.000000  -7.110635   0.000000   0.000241   0.000146   0.001400  0.000E+00  max increase

 Loading precomputed flux cube from:/home/njm/MESA/mesa/colors/data/stellar_models/Kurucz2003all//flux_cube.bin
 Loaded flux cube with dimensions:          76 x          11 x           9 x        1173
 Performing interpolation at target parameters...
 Interpolation complete
         43   6.332336   5068.245  -8.160029  -8.160029   2.000000   2.000000   0.755800   0.000071   0.242800  -6.278819    628      0
 3.3256E+00   6.332336   0.839585 -99.000000  -9.557891 -11.785669   0.000000   0.242800   0.000657   0.001400   0.044727      3
 1.2694E+04  -1.264662   1.453294 -99.000000 -99.000000  -7.107790   0.000000   0.000241   0.000146   0.001400  0.000E+00  max increase

 Loading precomputed flux cube from:/home/njm/MESA/mesa/colors/data/stellar_models/Kurucz2003all//flux_cube.bin
 Loaded flux cube with dimensions:          76 x          11 x           9 x        1173
 Performing interpolation at target parameters...
 Interpolation complete
         44   6.335900   5070.809  -8.116213  -8.116213   2.000000   2.000000   0.755800   0.000071   0.242800  -6.263445    628      0
 3.4048E+00   6.335900   0.835674 -99.000000  -9.514074 -11.796464   0.000000   0.242800   0.000657   0.001400   0.044772      3
 1.5234E+04  -1.252641   1.446351 -99.000000 -99.000000  -7.104443   0.000000   0.000241   0.000146   0.001400  0.000E+00  max increase

 Loading precomputed flux cube from:/home/njm/MESA/mesa/colors/data/stellar_models/Kurucz2003all//flux_cube.bin
 Loaded flux cube with dimensions:          76 x          11 x           9 x        1173
 Performing interpolation at target parameters...
 Interpolation complete
         45   6.340031   5073.764  -8.065288  -8.065288   2.000000   2.000000   0.755800   0.000071   0.242800  -6.245299    627      0
 3.4840E+00   6.340031   0.831115 -99.000000  -9.463149 -11.809115   0.000000   0.242800   0.000657   0.001400   0.044830      3
 1.8281E+04  -1.238567   1.438245 -99.000000 -99.000000  -7.100518   0.000000   0.000241   0.000146   0.001400  0.000E+00  max increase

 Loading precomputed flux cube from:/home/njm/MESA/mesa/colors/data/stellar_models/Kurucz2003all//flux_cube.bin
 Loaded flux cube with dimensions:          76 x          11 x           9 x        1173
 Performing interpolation at target parameters...
 Interpolation complete
         46   6.344797   5077.960  -8.006376  -8.006376   2.000000   2.000000   0.755800   0.000071   0.242800  -6.223946    631      0
 3.5632E+00   6.344797   0.825823 -99.000000  -9.404237 -11.823879   0.000000   0.242800   0.000657   0.001400   0.044903      3
 2.1939E+04  -1.222148   1.429096 -99.000000 -99.000000  -7.096458   0.000000   0.000241   0.000146   0.001400  0.000E+00  max increase

 Loading precomputed flux cube from:/home/njm/MESA/mesa/colors/data/stellar_models/Kurucz2003all//flux_cube.bin
 Loaded flux cube with dimensions:          76 x          11 x           9 x        1173
 Performing interpolation at target parameters...
 Interpolation complete
         47   6.350259   5081.999  -7.938660  -7.938660   2.000000   2.000000   0.755800   0.000071   0.242800  -6.198907    630      0
 3.6423E+00   6.350259   0.819715 -99.000000  -9.336521 -11.840664   0.000000   0.242800   0.000657   0.001400   0.044995      4
 2.6327E+04  -1.203084   1.418263 -99.000000 -99.000000  -7.091253   0.000000   0.000241   0.000146   0.001400  0.000E+00  max increase

 Loading precomputed flux cube from:/home/njm/MESA/mesa/colors/data/stellar_models/Kurucz2003all//flux_cube.bin
 Loaded flux cube with dimensions:          76 x          11 x           9 x        1173
 Performing interpolation at target parameters...
 Interpolation complete
         48   6.356480   5086.613  -7.861336  -7.861336   2.000000   2.000000   0.755800   0.000071   0.242800  -6.169661    630      0
 3.7215E+00   6.356480   0.812710 -99.000000  -9.259197 -11.860407   0.000000   0.242800   0.000657   0.001400   0.045112      3
 3.1594E+04  -1.181058   1.405828 -99.000000 -99.000000  -7.085270   0.000000   0.000241   0.000146   0.001400  0.000E+00  max increase

 Loading precomputed flux cube from:/home/njm/MESA/mesa/colors/data/stellar_models/Kurucz2003all//flux_cube.bin
 Loaded flux cube with dimensions:          76 x          11 x           9 x        1173
 Performing interpolation at target parameters...
 Interpolation complete
         49   6.363514   5091.843  -7.773667  -7.773667   2.000000   2.000000   0.755800   0.000071   0.242800  -6.135654    630      0
 3.8007E+00   6.363514   0.804727 -99.000000  -9.171527 -11.883064   0.000000   0.242800   0.000657   0.001400   0.045258      4
 3.7913E+04  -1.155744   1.391648 -99.000000 -99.000000  -7.078435   0.000000   0.000241   0.000146   0.001400  0.000E+00  max increase

 Loading precomputed flux cube from:/home/njm/MESA/mesa/colors/data/stellar_models/Kurucz2003all//flux_cube.bin
 Loaded flux cube with dimensions:          76 x          11 x           9 x        1173
 Performing interpolation at target parameters...
 Interpolation complete

__________________________________________________________________________________________________________________________________________________

       step    lg_Tmax     Teff     lg_LH      lg_Lnuc_tot     Mass       H_rich     H_cntr     N_cntr     Y_surf   eta_cntr   zones  retry
  lg_dt_yrs    lg_Tcntr    lg_R     lg_L3a     lg_Lneu     lg_Mdot    He_core    He_cntr    O_cntr     Z_surf   gam_cntr   iters  
    age_yrs    lg_Dcntr    lg_L     lg_LZ      lg_Lphoto   lg_Dsurf   CO_core    C_cntr     Ne_cntr    Z_cntr   v_div_cs       dt_limit
__________________________________________________________________________________________________________________________________________________

         50   6.371409   5097.478  -7.675053  -7.675053   2.000000   2.000000   0.755800   0.000071   0.242800  -6.096303    629      0
 3.8799E+00   6.371409   0.795700 -99.000000  -9.072913 -11.908897   0.000000   0.242800   0.000657   0.001400   0.045440      4
 4.5497E+04  -1.126819   1.375514 -99.000000 -99.000000  -7.070523   0.000000   0.000241   0.000146   0.001400  0.000E+00  max increase

save LOGS/profile2.data for model 50
 Loading precomputed flux cube from:/home/njm/MESA/mesa/colors/data/stellar_models/Kurucz2003all//flux_cube.bin
 Loaded flux cube with dimensions:          76 x          11 x           9 x        1173
 Performing interpolation at target parameters...
 Interpolation complete
save photos/x050 for model 50
         51   6.380213   5104.754  -7.564940  -7.564940   2.000000   2.000000   0.755800   0.000071   0.242800  -6.051007    632      0
 3.9591E+00   6.380213   0.785562 -99.000000  -8.962799 -11.938243   0.000000   0.242800   0.000657   0.001400   0.045666      5
 5.4598E+04  -1.093951   1.357718 -99.000000 -99.000000  -7.062255   0.000000   0.000241   0.000146   0.001400  0.000E+00  max increase

 Loading precomputed flux cube from:/home/njm/MESA/mesa/colors/data/stellar_models/Kurucz2003all//flux_cube.bin
 Loaded flux cube with dimensions:          76 x          11 x           9 x        1173
 Performing interpolation at target parameters...
 Interpolation complete
         52   6.389946   5111.952  -7.443111  -7.443111   2.000000   2.000000   0.755800   0.000071   0.242800  -5.999162    632      0
 4.0382E+00   6.389946   0.774284 -99.000000  -8.840969 -11.970763   0.000000   0.242800   0.000657   0.001400   0.045944      4
 6.5518E+04  -1.056848   1.337608 -99.000000 -99.000000  -7.052474   0.000000   0.000241   0.000146   0.001400  0.000E+00  max increase

 Loading precomputed flux cube from:/home/njm/MESA/mesa/colors/data/stellar_models/Kurucz2003all//flux_cube.bin
 Loaded flux cube with dimensions:          76 x          11 x           9 x        1173
 Performing interpolation at target parameters...
 Interpolation complete
         53   6.400627   5120.036  -7.309446  -7.309446   2.000000   2.000000   0.755800   0.000071   0.242800  -5.940177    633      0
 4.1174E+00   6.400627   0.761846 -99.000000  -8.707304 -12.007363   0.000000   0.242800   0.000657   0.001400   0.046283      4
 7.8623E+04  -1.015226   1.315477 -23.179310 -99.000000  -7.041784   0.000000   0.000241   0.000146   0.001400  0.000E+00  max increase

 Loading precomputed flux cube from:/home/njm/MESA/mesa/colors/data/stellar_models/Kurucz2003all//flux_cube.bin
 Loaded flux cube with dimensions:          76 x          11 x           9 x        1173
 Performing interpolation at target parameters...
 Interpolation complete
         54   6.412269   5129.355  -7.163969  -7.163969   2.000000   2.000000   0.755800   0.000071   0.242800  -5.873484    637      0
 4.1966E+00   6.412269   0.748254 -99.000000  -8.561826 -12.047663   0.000000   0.242800   0.000657   0.001400   0.046693      4
 9.4348E+04  -0.968816   1.291453 -99.000000 -99.000000  -7.030420   0.000000   0.000241   0.000146   0.001400  0.000E+00  max increase

 Loading precomputed flux cube from:/home/njm/MESA/mesa/colors/data/stellar_models/Kurucz2003all//flux_cube.bin
 Loaded flux cube with dimensions:          76 x          11 x           9 x        1173
 Performing interpolation at target parameters...
 Interpolation complete
         55   6.424877   5139.394  -7.006917  -7.006917   2.000000   2.000000   0.755800   0.000071   0.242800  -5.798556    639      0
 4.2758E+00   6.424877   0.733551 -99.000000  -8.404773 -12.091484   0.000000   0.242800   0.000657   0.001400   0.047183      4
 1.1322E+05  -0.917388   1.265443 -99.000000 -99.000000  -7.018102   0.000000   0.000241   0.000146   0.001400  0.000E+00  max increase

 Loading precomputed flux cube from:/home/njm/MESA/mesa/colors/data/stellar_models/Kurucz2003all//flux_cube.bin
 Loaded flux cube with dimensions:          76 x          11 x           9 x        1173
 Performing interpolation at target parameters...
 Interpolation complete
         56   6.437302   5148.733  -6.852585  -6.852585   2.000000   2.000000   0.755800   0.000071   0.242800  -5.721713    641      0
 4.3145E+00   6.437302   0.719116 -99.000000  -8.250440 -12.138919   0.000000   0.242800   0.000657   0.001400   0.047718      4
 1.3385E+05  -0.865405   1.239728 -99.000000 -99.000000  -7.005674   0.000000   0.000241   0.000146   0.001400  0.000E+00    lgRho_cntr

 Loading precomputed flux cube from:/home/njm/MESA/mesa/colors/data/stellar_models/Kurucz2003all//flux_cube.bin
 Loaded flux cube with dimensions:          76 x          11 x           9 x        1173
 Performing interpolation at target parameters...
 Interpolation complete
         57   6.448200   5157.990  -6.717570  -6.717570   2.000000   2.000000   0.755800   0.000071   0.242800  -5.651727    642      0
 4.2976E+00   6.448200   0.706544 -99.000000  -8.115423 -12.185732   0.000000   0.242800   0.000657   0.001400   0.048235      4
 1.5369E+05  -0.818691   1.217704 -99.000000 -99.000000  -6.995586   0.000000   0.000241   0.000146   0.001400  0.000E+00    lgRho_cntr

 Loading precomputed flux cube from:/home/njm/MESA/mesa/colors/data/stellar_models/Kurucz2003all//flux_cube.bin
 Loaded flux cube with dimensions:          76 x          11 x           9 x        1173
 Performing interpolation at target parameters...
 Interpolation complete
         58   6.459867   5167.058  -6.574116  -6.574116   2.000000   2.000000   0.755800   0.000071   0.242800  -5.575168    643      0
 4.3651E+00   6.459867   0.693292 -99.000000  -7.971968 -12.225999   0.000000   0.242800   0.000657   0.001400   0.048820      4
 1.7687E+05  -0.767974   1.194251 -99.000000 -99.000000  -6.984505   0.000000   0.000241   0.000146   0.001400  0.000E+00    varcontrol

 Loading precomputed flux cube from:/home/njm/MESA/mesa/colors/data/stellar_models/Kurucz2003all//flux_cube.bin
 Loaded flux cube with dimensions:          76 x          11 x           9 x        1173
 Performing interpolation at target parameters...
 Interpolation complete
         59   6.471850   5177.751  -6.428029  -6.428029   2.000000   2.000000   0.755800   0.000071   0.242800  -5.494950    647      0
 4.4142E+00   6.471850   0.679965 -99.000000  -7.825880 -12.268766   0.000000   0.242800   0.000657   0.001400   0.049454      5
 2.0282E+05  -0.715199   1.171189 -21.799098 -99.000000  -6.974394   0.000000   0.000241   0.000146   0.001400  0.000E+00    lgRho_cntr

 Loading precomputed flux cube from:/home/njm/MESA/mesa/colors/data/stellar_models/Kurucz2003all//flux_cube.bin
 Loaded flux cube with dimensions:          76 x          11 x           9 x        1173
 Performing interpolation at target parameters...
 Interpolation complete

__________________________________________________________________________________________________________________________________________________

       step    lg_Tmax     Teff     lg_LH      lg_Lnuc_tot     Mass       H_rich     H_cntr     N_cntr     Y_surf   eta_cntr   zones  retry
  lg_dt_yrs    lg_Tcntr    lg_R     lg_L3a     lg_Lneu     lg_Mdot    He_core    He_cntr    O_cntr     Z_surf   gam_cntr   iters  
    age_yrs    lg_Dcntr    lg_L     lg_LZ      lg_Lphoto   lg_Dsurf   CO_core    C_cntr     Ne_cntr    Z_cntr   v_div_cs       dt_limit
__________________________________________________________________________________________________________________________________________________

         60   6.482428   5186.342  -6.299879  -6.299879   2.000000   2.000000   0.755800   0.000071   0.242800  -5.422384    646      0
 4.3945E+00   6.482428   0.668477 -99.000000  -7.697727 -12.311067   0.000000   0.242800   0.000657   0.001400   0.050051      4
 2.2762E+05  -0.667854   1.151093 -99.000000 -99.000000  -6.965271   0.000000   0.000241   0.000146   0.001400  0.000E+00    lgRho_cntr

 Loading precomputed flux cube from:/home/njm/MESA/mesa/colors/data/stellar_models/Kurucz2003all//flux_cube.bin
 Loaded flux cube with dimensions:          76 x          11 x           9 x        1173
 Performing interpolation at target parameters...
 Interpolation complete
         61   6.494049   5195.993  -6.160756  -6.160756   2.000000   2.000000   0.755800   0.000071   0.242800  -5.342162    644      0
 4.4671E+00   6.494049   0.656277 -99.000000  -7.558603 -12.347824   0.000000   0.242800   0.000657   0.001400   0.050722      5
 2.5694E+05  -0.615629   1.129922 -99.000000 -99.000000  -6.955931   0.000000   0.000241   0.000146   0.001400  0.000E+00    varcontrol

 Loading precomputed flux cube from:/home/njm/MESA/mesa/colors/data/stellar_models/Kurucz2003all//flux_cube.bin
 Loaded flux cube with dimensions:          76 x          11 x           9 x        1173
 Performing interpolation at target parameters...
 Interpolation complete
         62   6.506194   5207.412  -6.017136  -6.017136   2.000000   2.000000   0.755800   0.000071   0.242800  -5.257853    647      0
 4.5178E+00   6.506194   0.644052 -99.000000  -7.414980 -12.386628   0.000000   0.242800   0.000657   0.001400   0.051441      4
 2.8988E+05  -0.560849   1.109284 -99.000000 -99.000000  -6.947720   0.000000   0.000241   0.000146   0.001400  0.000E+00    lgRho_cntr

 Loading precomputed flux cube from:/home/njm/MESA/mesa/colors/data/stellar_models/Kurucz2003all//flux_cube.bin
 Loaded flux cube with dimensions:          76 x          11 x           9 x        1173
 Performing interpolation at target parameters...
 Interpolation complete
         63   6.516872   5217.142  -5.891991  -5.891991   2.000000   2.000000   0.755800   0.000071   0.242800  -5.182812    649      0
 4.4905E+00   6.516872   0.633785 -99.000000  -7.289832 -12.424734   0.000000   0.242800   0.000657   0.001400   0.052098      4
 3.2082E+05  -0.512294   1.091995 -21.373130 -99.000000  -6.940922   0.000000   0.000241   0.000146   0.001400  0.000E+00    lgRho_cntr

 Loading precomputed flux cube from:/home/njm/MESA/mesa/colors/data/stellar_models/Kurucz2003all//flux_cube.bin
 Loaded flux cube with dimensions:          76 x          11 x           9 x        1173
 Performing interpolation at target parameters...
 Interpolation complete
         64   6.528893   5228.398  -5.753194  -5.753194   2.000000   2.000000   0.755800   0.000071   0.242800  -5.099014    649      0
 4.5673E+00   6.528893   0.622888 -99.000000  -7.151033 -12.456678   0.000000   0.242800   0.000657   0.001400   0.052835      5
 3.5774E+05  -0.457932   1.073945 -99.000000 -99.000000  -6.934322   0.000000   0.000241   0.000146   0.001400  0.000E+00    varcontrol

 Loading precomputed flux cube from:/home/njm/MESA/mesa/colors/data/stellar_models/Kurucz2003all//flux_cube.bin
 Loaded flux cube with dimensions:          76 x          11 x           9 x        1173
 Performing interpolation at target parameters...
 Interpolation complete
         65   6.541679   5242.033  -5.607783  -5.607783   2.000000   2.000000   0.755800   0.000071   0.242800  -5.010672    657      0
 4.6189E+00   6.541679   0.612112 -99.000000  -7.005618 -12.490177   0.000000   0.242800   0.000657   0.001400   0.053615      5
 3.9932E+05  -0.400460   1.056916 -99.000000 -99.000000  -6.929447   0.000000   0.000241   0.000146   0.001400  0.000E+00    lgRho_cntr

 Loading precomputed flux cube from:/home/njm/MESA/mesa/colors/data/stellar_models/Kurucz2003all//flux_cube.bin
 Loaded flux cube with dimensions:          76 x          11 x           9 x        1173
 Performing interpolation at target parameters...
 Interpolation complete
         66   6.552828   5253.709  -5.482314  -5.482314   2.000000   2.000000   0.755800   0.000071   0.242800  -4.933558    655      0
 4.5818E+00   6.552828   0.603447 -99.000000  -6.880146 -12.522197   0.000000   0.242800   0.000657   0.001400   0.054307      5
 4.3750E+05  -0.350314   1.043452 -21.072100 -99.000000  -6.926005   0.000000   0.000241   0.000146   0.001400  0.000E+00    lgRho_cntr

 Loading precomputed flux cube from:/home/njm/MESA/mesa/colors/data/stellar_models/Kurucz2003all//flux_cube.bin
 Loaded flux cube with dimensions:          76 x          11 x           9 x        1173
 Performing interpolation at target parameters...
 Interpolation complete
         67   6.563394   5265.431  -5.364860  -5.364860   2.000000   2.000000   0.755800   0.000071   0.242800  -4.861185    655      0
 4.5757E+00   6.563394   0.595939 -99.000000  -6.762688 -12.547635   0.000000   0.242800   0.000657   0.001400   0.054957      4
 4.7514E+05  -0.303106   1.032308 -20.470040 -99.000000  -6.924089   0.000000   0.000241   0.000146   0.001400  0.000E+00    lgRho_cntr

 Loading precomputed flux cube from:/home/njm/MESA/mesa/colors/data/stellar_models/Kurucz2003all//flux_cube.bin
 Loaded flux cube with dimensions:          76 x          11 x           9 x        1173
 Performing interpolation at target parameters...
 Interpolation complete
         68   6.575667   5280.666  -5.230746  -5.230746   2.000000   2.000000   0.755800   0.000071   0.242800  -4.779399    660      0
 4.6548E+00   6.575667   0.588135 -99.000000  -6.628570 -12.568970   0.000000   0.242800   0.000657   0.001400   0.055680      4
 5.2031E+05  -0.249265   1.021719 -21.072100 -99.000000  -6.924127   0.000000   0.000241   0.000146   0.001400  0.000E+00  max increase

 Loading precomputed flux cube from:/home/njm/MESA/mesa/colors/data/stellar_models/Kurucz2003all//flux_cube.bin
 Loaded flux cube with dimensions:          76 x          11 x           9 x        1173
 Performing interpolation at target parameters...
 Interpolation complete
         69   6.589666   5298.207  -5.080478  -5.080478   2.000000   2.000000   0.755800   0.000071   0.242800  -4.688920    658      0
 4.7260E+00   6.589666   0.580480 -99.000000  -6.478296 -12.589805   0.000000   0.242800   0.000657   0.001400   0.056463      4
 5.7351E+05  -0.189076   1.012168 -99.000000 -99.000000  -6.925904   0.000000   0.000241   0.000146   0.001400  0.000E+00    lgRho_cntr

 Loading precomputed flux cube from:/home/njm/MESA/mesa/colors/data/stellar_models/Kurucz2003all//flux_cube.bin
 Loaded flux cube with dimensions:          76 x          11 x           9 x        1173
 Performing interpolation at target parameters...
 Interpolation complete

__________________________________________________________________________________________________________________________________________________

       step    lg_Tmax     Teff     lg_LH      lg_Lnuc_tot     Mass       H_rich     H_cntr     N_cntr     Y_surf   eta_cntr   zones  retry
  lg_dt_yrs    lg_Tcntr    lg_R     lg_L3a     lg_Lneu     lg_Mdot    He_core    He_cntr    O_cntr     Z_surf   gam_cntr   iters  
    age_yrs    lg_Dcntr    lg_L     lg_LZ      lg_Lphoto   lg_Dsurf   CO_core    C_cntr     Ne_cntr    Z_cntr   v_div_cs       dt_limit
__________________________________________________________________________________________________________________________________________________

         70   6.601897   5314.951  -4.950715  -4.950715   2.000000   2.000000   0.755800   0.000071   0.242800  -4.611005    659      0
 4.6800E+00   6.601897   0.574942 -99.000000  -6.348528 -12.609114   0.000000   0.242800   0.000657   0.001400   0.057134      4
 6.2138E+05  -0.136990   1.006575 -20.072100 -99.000000  -6.929904   0.000000   0.000241   0.000146   0.001400  0.000E+00    lgRho_cntr

 Loading precomputed flux cube from:/home/njm/MESA/mesa/colors/data/stellar_models/Kurucz2003all//flux_cube.bin
 Loaded flux cube with dimensions:          76 x          11 x           9 x        1173
 Performing interpolation at target parameters...
 Interpolation complete
         71   6.613552   5331.776  -4.828658  -4.828658   2.000000   2.000000   0.755800   0.000071   0.242800  -4.538549    659      0
 4.6669E+00   6.613552   0.570748 -99.000000  -6.226465 -12.621306   0.000000   0.242800   0.000657   0.001400   0.057746      4
 6.6782E+05  -0.088140   1.003677 -99.000000 -99.000000  -6.935715   0.000000   0.000241   0.000146   0.001400  0.000E+00    lgRho_cntr

 Loading precomputed flux cube from:/home/njm/MESA/mesa/colors/data/stellar_models/Kurucz2003all//flux_cube.bin
 Loaded flux cube with dimensions:          76 x          11 x           9 x        1173
 Performing interpolation at target parameters...
 Interpolation complete
         72   6.627432   5353.688  -4.685907  -4.685907   2.000000   2.000000   0.755800   0.000071   0.242800  -4.456122    661      0
 4.7461E+00   6.627432   0.567156 -99.000000  -6.083707 -12.628733   0.000000   0.242800   0.000657   0.001400   0.058408      4
 7.2356E+05  -0.031644   1.003618 -20.470040 -99.000000  -6.945737   0.000000   0.000241   0.000146   0.001400  0.000E+00  max increase

 Loading precomputed flux cube from:/home/njm/MESA/mesa/colors/data/stellar_models/Kurucz2003all//flux_cube.bin
 Loaded flux cube with dimensions:          76 x          11 x           9 x        1173
 Performing interpolation at target parameters...
 Interpolation complete
         73   6.644062   5381.489  -4.518241  -4.518241   2.000000   2.000000   0.755800   0.000071   0.242800  -4.362655    663      0
 4.8253E+00   6.644062   0.564909 -99.000000  -5.916031 -12.631822   0.000000   0.242800   0.000657   0.001400   0.059107      4
 7.9044E+05   0.033742   1.008121 -99.000000 -99.000000  -6.961496   0.000000   0.000241   0.000146   0.001400  0.000E+00    lgRho_cntr

 Loading precomputed flux cube from:/home/njm/MESA/mesa/colors/data/stellar_models/Kurucz2003all//flux_cube.bin
 Loaded flux cube with dimensions:          76 x          11 x           9 x        1173
 Performing interpolation at target parameters...
 Interpolation complete
         74   6.658453   5408.285  -4.374982  -4.374982   2.000000   2.000000   0.755800   0.000071   0.242800  -4.284284    663      0
 4.7631E+00   6.658453   0.565003 -99.000000  -5.772763 -12.627627   0.000000   0.242800   0.000657   0.001400   0.059668      4
 8.4840E+05   0.089225   1.016938 -20.169010 -99.000000  -6.979670   0.000000   0.000241   0.000146   0.001400  0.000E+00    lgRho_cntr

 Loading precomputed flux cube from:/home/njm/MESA/mesa/colors/data/stellar_models/Kurucz2003all//flux_cube.bin
 Loaded flux cube with dimensions:          76 x          11 x           9 x        1173
 Performing interpolation at target parameters...
 Interpolation complete
         75   6.672182   5435.615  -4.240213  -4.240213   2.000000   2.000000   0.755800   0.000071   0.242800  -4.212643    663      0
 4.7382E+00   6.672182   0.567007 -99.000000  -5.637985 -12.615645   0.000000   0.242800   0.000657   0.001400   0.060146      4
 9.0313E+05   0.140796   1.029703 -20.169010 -99.000000  -7.000729   0.000000   0.000241   0.000146   0.001400  0.000E+00    lgRho_cntr

 Loading precomputed flux cube from:/home/njm/MESA/mesa/colors/data/stellar_models/Kurucz2003all//flux_cube.bin
 Loaded flux cube with dimensions:          76 x          11 x           9 x        1173
 Performing interpolation at target parameters...
 Interpolation complete
         76   6.685903   5465.306  -4.107450  -4.107450   2.000000   2.000000   0.755800   0.000071   0.242800  -4.144482    663      0
 4.7298E+00   6.685903   0.570953 -99.000000  -5.505212 -12.596732   0.000000   0.242800   0.000657   0.001400   0.060557      4
 9.5681E+05   0.190842   1.047058 -19.867980 -99.000000  -7.025942   0.000000   0.000241   0.000146   0.001400  0.000E+00    lgRho_cntr

 Loading precomputed flux cube from:/home/njm/MESA/mesa/colors/data/stellar_models/Kurucz2003all//flux_cube.bin
 Loaded flux cube with dimensions:          76 x          11 x           9 x        1173
 Performing interpolation at target parameters...
 Interpolation complete
         77   6.699952   5498.463  -3.973507  -3.973507   2.000000   2.000000   0.755800   0.000071   0.242800  -4.078394    663      0
 4.7285E+00   6.699952   0.576976 -99.000000  -5.371257 -12.569996   0.000000   0.242800   0.000657   0.001400   0.060906      5
 1.0103E+06   0.240474   1.069610 -99.000000 -99.000000  -7.056212   0.000000   0.000241   0.000146   0.001400  0.000E+00    lgRho_cntr

 Loading precomputed flux cube from:/home/njm/MESA/mesa/colors/data/stellar_models/Kurucz2003all//flux_cube.bin
 Loaded flux cube with dimensions:          76 x          11 x           9 x        1173
 Performing interpolation at target parameters...
 Interpolation complete
         78   6.717176   5542.909  -3.812366  -3.812366   2.000000   2.000000   0.755800   0.000071   0.242800  -4.003432    663      0
 4.7983E+00   6.717176   0.586315 -99.000000  -5.210101 -12.534504   0.000000   0.242800   0.000657   0.001400   0.061213      5
 1.0732E+06   0.298692   1.102275 -99.000000 -99.000000  -7.098385   0.000000   0.000241   0.000146   0.001400  0.000E+00    varcontrol

 Loading precomputed flux cube from:/home/njm/MESA/mesa/colors/data/stellar_models/Kurucz2003all//flux_cube.bin
 Loaded flux cube with dimensions:          76 x          11 x           9 x        1173
 Performing interpolation at target parameters...
 Interpolation complete
         79   6.736804   5598.368  -3.632141  -3.632141   2.000000   2.000000   0.755800   0.000071   0.242800  -3.924358    663      0
 4.8340E+00   6.736804   0.598235 -99.000000  -5.029859 -12.482579   0.000000   0.242800   0.000657   0.001400   0.061434      5
 1.1414E+06   0.362281   1.143410 -99.000000 -99.000000  -7.151127   0.000000   0.000241   0.000146   0.001400  0.000E+00    lgRho_cntr

 Loading precomputed flux cube from:/home/njm/MESA/mesa/colors/data/stellar_models/Kurucz2003all//flux_cube.bin
 Loaded flux cube with dimensions:          76 x          11 x           9 x        1173
 Performing interpolation at target parameters...
 Interpolation complete

__________________________________________________________________________________________________________________________________________________

       step    lg_Tmax     Teff     lg_LH      lg_Lnuc_tot     Mass       H_rich     H_cntr     N_cntr     Y_surf   eta_cntr   zones  retry
  lg_dt_yrs    lg_Tcntr    lg_R     lg_L3a     lg_Lneu     lg_Mdot    He_core    He_cntr    O_cntr     Z_surf   gam_cntr   iters  
    age_yrs    lg_Dcntr    lg_L     lg_LZ      lg_Lphoto   lg_Dsurf   CO_core    C_cntr     Ne_cntr    Z_cntr   v_div_cs       dt_limit
__________________________________________________________________________________________________________________________________________________

         80   6.754905   5653.673  -3.468290  -3.468290   2.000000   2.000000   0.755800   0.000071   0.242800  -3.854947    663      0
 4.7824E+00   6.754905   0.609188 -99.000000  -4.865989 -12.417058   0.000000   0.242800   0.000657   0.001400   0.061567      5
 1.2020E+06   0.419394   1.182392 -99.000000 -99.000000  -7.202108   0.000000   0.000241   0.000146   0.001400  0.000E+00    lgRho_cntr

 Loading precomputed flux cube from:/home/njm/MESA/mesa/colors/data/stellar_models/Kurucz2003all//flux_cube.bin
 Loaded flux cube with dimensions:          76 x          11 x           9 x        1173
 Performing interpolation at target parameters...
 Interpolation complete
         81   6.772437   5709.695  -3.311779  -3.311779   1.999999   1.999999   0.755800   0.000071   0.242800  -3.790572    664      0
 4.7548E+00   6.772437   0.617776 -99.000000  -4.709460 -12.355255   0.000000   0.242800   0.000657   0.001400   0.061637      5
 1.2589E+06   0.473468   1.216698 -18.788798 -99.000000  -7.250000   0.000000   0.000241   0.000146   0.001400  0.000E+00    lgRho_cntr

 Loading precomputed flux cube from:/home/njm/MESA/mesa/colors/data/stellar_models/Kurucz2003all//flux_cube.bin
 Loaded flux cube with dimensions:          76 x          11 x           9 x        1173
 Performing interpolation at target parameters...
 Interpolation complete
         82   6.789751   5767.933  -3.159245  -3.159245   1.999999   1.999999   0.755800   0.000071   0.242800  -3.729187    667      0
 4.7387E+00   6.789751   0.623679 -99.000000  -4.556906 -12.301745   0.000000   0.242800   0.000657   0.001400   0.061661      5
 1.3136E+06   0.525915   1.246132 -18.663860 -99.000000  -7.295338   0.000000   0.000241   0.000146   0.001400  0.000E+00    lgRho_cntr

 Loading precomputed flux cube from:/home/njm/MESA/mesa/colors/data/stellar_models/Kurucz2003all//flux_cube.bin
 Loaded flux cube with dimensions:          76 x          11 x           9 x        1173
 Performing interpolation at target parameters...
 Interpolation complete
         83   6.806998   5829.831  -3.009194  -3.009194   1.999999   1.999999   0.755800   0.000071   0.242800  -3.669731    666      0
 4.7291E+00   6.806998   0.627314 -99.000000  -4.406832 -12.257062   0.000000   0.242800   0.000657   0.001400   0.061650      5
 1.3672E+06   0.577419   1.271945 -18.362830 -99.000000  -7.339583   0.000000   0.000241   0.000146   0.001400  0.000E+00    lgRho_cntr

 Loading precomputed flux cube from:/home/njm/MESA/mesa/colors/data/stellar_models/Kurucz2003all//flux_cube.bin
 Loaded flux cube with dimensions:          76 x          11 x           9 x        1173
 Performing interpolation at target parameters...
 Interpolation complete
         84   6.824250   5898.216  -2.860892  -2.860892   1.999999   1.999999   0.755800   0.000071   0.242800  -3.611604    669      0
 4.7231E+00   6.824250   0.628887 -99.000000  -4.258507 -12.219169   0.000000   0.242800   0.000657   0.001400   0.061610      5
 1.4201E+06   0.628347   1.295350 -18.362830 -99.000000  -7.384799   0.000000   0.000241   0.000146   0.001400  0.000E+00    lgRho_cntr

 Loading precomputed flux cube from:/home/njm/MESA/mesa/colors/data/stellar_models/Kurucz2003all//flux_cube.bin
 Loaded flux cube with dimensions:          76 x          11 x           9 x        1173
 Performing interpolation at target parameters...
 Interpolation complete
         85   6.841540   5975.289  -2.713989  -2.713989   1.999999   1.999999   0.755800   0.000071   0.242800  -3.554448    669      0
 4.7194E+00   6.841540   0.628475 -99.000000  -4.111578 -12.186253   0.000000   0.242800   0.000657   0.001400   0.061548      5
 1.4725E+06   0.678902   1.317079 -99.000000 -99.000000  -7.432508   0.000000   0.000241   0.000146   0.001400  0.000E+00    lgRho_cntr

 Loading precomputed flux cube from:/home/njm/MESA/mesa/colors/data/stellar_models/Kurucz2003all//flux_cube.bin
 Loaded flux cube with dimensions:          76 x          11 x           9 x        1173
 Performing interpolation at target parameters...
 Interpolation complete
         86   6.858878   6065.458  -2.568333  -2.568333   1.999999   1.999999   0.755800   0.000071   0.242800  -3.498045    674      0
 4.7171E+00   6.858878   0.625712 -99.000000  -3.965895 -12.157265   0.000000   0.242800   0.000657   0.001400   0.061467      6
 1.5246E+06   0.729195   1.337571 -99.000000 -99.000000  -7.484928   0.000000   0.000241   0.000146   0.001400  0.000E+00    lgRho_cntr

 Loading precomputed flux cube from:/home/njm/MESA/mesa/colors/data/stellar_models/Kurucz2003all//flux_cube.bin
 Loaded flux cube with dimensions:          76 x          11 x           9 x        1173
 Performing interpolation at target parameters...
 Interpolation complete
         87   6.876021   6170.331  -2.425876  -2.425876   1.999999   1.999999   0.755800   0.000071   0.242800  -3.442978    673      0
 4.7098E+00   6.876021   0.620474 -99.000000  -3.823408 -12.131916   0.000000   0.242800   0.000657   0.001400   0.061372      7
 1.5759E+06   0.778607   1.356876 -99.000000 -99.000000  -7.542522   0.000000   0.000241   0.000146   0.001400  0.000E+00    varcontrol

 Loading precomputed flux cube from:/home/njm/MESA/mesa/colors/data/stellar_models/Kurucz2003all//flux_cube.bin
 Loaded flux cube with dimensions:          76 x          11 x           9 x        1173
 Performing interpolation at target parameters...
 Interpolation complete
         88   6.892529   6299.204  -2.290064  -2.290064   1.999999   1.999999   0.755800   0.000071   0.242800  -3.390408    693      0
 4.6922E+00   6.892529   0.611480 -99.000000  -3.687568 -12.110243   0.000000   0.242800   0.000657   0.001400   0.061271      8
 1.6251E+06   0.825981   1.374796 -99.000000 -99.000000  -7.608720   0.000000   0.000241   0.000146   0.001400  0.000E+00    varcontrol

 Loading precomputed flux cube from:/home/njm/MESA/mesa/colors/data/stellar_models/Kurucz2003all//flux_cube.bin
 Loaded flux cube with dimensions:          76 x          11 x           9 x        1173
 Performing interpolation at target parameters...
 Interpolation complete
         89   6.908178   6445.758  -2.162497  -2.162497   1.999999   1.999999   0.755800   0.000071   0.242800  -3.340876    715      0
 4.6685E+00   6.908178   0.599734 -99.000000  -3.559976 -12.093589   0.000000   0.242800   0.000657   0.001400   0.061168      9
 1.6717E+06   0.870750   1.391258 -18.061800 -99.000000  -7.680446   0.000000   0.000241   0.000146   0.001400  0.000E+00    varcontrol

 Loading precomputed flux cube from:/home/njm/MESA/mesa/colors/data/stellar_models/Kurucz2003all//flux_cube.bin
 Loaded flux cube with dimensions:          76 x          11 x           9 x        1173
 Performing interpolation at target parameters...
 Interpolation complete

__________________________________________________________________________________________________________________________________________________

       step    lg_Tmax     Teff     lg_LH      lg_Lnuc_tot     Mass       H_rich     H_cntr     N_cntr     Y_surf   eta_cntr   zones  retry
  lg_dt_yrs    lg_Tcntr    lg_R     lg_L3a     lg_Lneu     lg_Mdot    He_core    He_cntr    O_cntr     Z_surf   gam_cntr   iters  
    age_yrs    lg_Dcntr    lg_L     lg_LZ      lg_Lphoto   lg_Dsurf   CO_core    C_cntr     Ne_cntr    Z_cntr   v_div_cs       dt_limit
__________________________________________________________________________________________________________________________________________________

         90   6.923044   6605.610  -2.042357  -2.042357   1.999999   1.999999   0.755800   0.000071   0.242800  -3.294071    725      0
 4.6463E+00   6.923044   0.586033 -99.000000  -3.439814 -12.081208   0.000000   0.242800   0.000657   0.001400   0.061066      7
 1.7160E+06   0.913162   1.406411 -17.760770 -99.000000  -7.754396   0.000000   0.000241   0.000146   0.001400  0.000E+00    varcontrol

 Loading precomputed flux cube from:/home/njm/MESA/mesa/colors/data/stellar_models/Kurucz2003all//flux_cube.bin
 Loaded flux cube with dimensions:          76 x          11 x           9 x        1173
 Performing interpolation at target parameters...
 Interpolation complete
         91   6.937423   6767.978  -1.927116  -1.927116   1.999999   1.999999   0.755800   0.000071   0.242800  -3.249051    734      0
 4.6322E+00   6.937423   0.572015 -99.000000  -3.324557 -12.072233   0.000000   0.242800   0.000657   0.001400   0.060961      7
 1.7589E+06   0.954066   1.420558 -99.000000 -99.000000  -7.826444   0.000000   0.000241   0.000146   0.001400  0.000E+00        lgTeff

 Loading precomputed flux cube from:/home/njm/MESA/mesa/colors/data/stellar_models/Kurucz2003all//flux_cube.bin
 Loaded flux cube with dimensions:          76 x          11 x           9 x        1173
 Performing interpolation at target parameters...
 Interpolation complete
         92   6.951482   6931.318  -1.815341  -1.815341   1.999999   1.999999   0.755800   0.000071   0.242800  -3.205268    733      0
 4.6232E+00   6.951482   0.557969 -99.000000  -3.212777 -12.064881   0.000000   0.242800   0.000657   0.001400   0.060854      6
 1.8009E+06   0.993949   1.433895 -99.000000 -99.000000  -7.898667   0.000000   0.000241   0.000146   0.001400  0.000E+00        lgTeff

 Loading precomputed flux cube from:/home/njm/MESA/mesa/colors/data/stellar_models/Kurucz2003all//flux_cube.bin
 Loaded flux cube with dimensions:          76 x          11 x           9 x        1173
 Performing interpolation at target parameters...
 Interpolation complete
         93   6.965265   7095.331  -1.706588  -1.706588   1.999999   1.999999   0.755799   0.000071   0.242800  -3.162537    743      0
 4.6159E+00   6.965265   0.543962 -99.000000  -3.104034 -12.058648   0.000000   0.242801   0.000657   0.001400   0.060745      7
 1.8422E+06   1.032957   1.446508 -17.459740 -99.000000  -7.973783   0.000000   0.000241   0.000146   0.001400  0.000E+00        lgTeff

 Loading precomputed flux cube from:/home/njm/MESA/mesa/colors/data/stellar_models/Kurucz2003all//flux_cube.bin
 Loaded flux cube with dimensions:          76 x          11 x           9 x        1173
 Performing interpolation at target parameters...
 Interpolation complete
         94   6.978879   7260.833  -1.599940  -1.599940   1.999999   1.999999   0.755799   0.000071   0.242800  -3.120508    746      0
 4.6122E+00   6.978879   0.529936 -99.000000  -2.997422 -12.053358   0.000000   0.242801   0.000657   0.001400   0.060633      6
 1.8831E+06   1.071403   1.458512 -99.000000 -99.000000  -8.054015   0.000000   0.000241   0.000146   0.001400  0.000E+00        lgTeff

 Loading precomputed flux cube from:/home/njm/MESA/mesa/colors/data/stellar_models/Kurucz2003all//flux_cube.bin
 Loaded flux cube with dimensions:          76 x          11 x           9 x        1173
 Performing interpolation at target parameters...
 Interpolation complete
         95   6.992402   7428.549  -1.494756  -1.494756   1.999999   1.999999   0.755799   0.000071   0.242800  -3.078938    753      0
 4.6113E+00   6.992402   0.515840 -99.000000  -2.892315 -12.048906   0.000000   0.242801   0.000657   0.001400   0.060519      6
 1.9240E+06   1.109504   1.469990 -16.681588 -99.000000  -8.140117   0.000000   0.000241   0.000146   0.001400  0.000E+00        lgTeff

 Loading precomputed flux cube from:/home/njm/MESA/mesa/colors/data/stellar_models/Kurucz2003all//flux_cube.bin
 Loaded flux cube with dimensions:          76 x          11 x           9 x        1173
 Performing interpolation at target parameters...
 Interpolation complete
         96   7.007121   7614.225  -1.381162  -1.381162   1.999999   1.999999   0.755799   0.000071   0.242800  -3.034136    760      0
 4.6502E+00   7.007121   0.500257 -55.530128  -2.778877 -12.045224   0.000000   0.242801   0.000657   0.001400   0.060385      5
 1.9687E+06   1.150775   1.481711 -16.681588 -99.000000  -8.239011   0.000000   0.000241   0.000146   0.001400  0.000E+00    varcontrol

 Loading precomputed flux cube from:/home/njm/MESA/mesa/colors/data/stellar_models/Kurucz2003all//flux_cube.bin
 Loaded flux cube with dimensions:          76 x          11 x           9 x        1173
 Performing interpolation at target parameters...
 Interpolation complete
         97   7.022477   7811.979  -1.263497  -1.263497   1.999999   1.999999   0.755799   0.000071   0.242800  -2.987705    765      0
 4.6716E+00   7.022477   0.483812 -54.267452  -2.661507 -12.042459   0.000000   0.242801   0.000657   0.001400   0.060239      5
 2.0156E+06   1.193685   1.493362 -16.681588 -99.000000  -8.346342   0.000000   0.000241   0.000146   0.001400  0.000E+00        lgTeff

 Loading precomputed flux cube from:/home/njm/MESA/mesa/colors/data/stellar_models/Kurucz2003all//flux_cube.bin
 Loaded flux cube with dimensions:          76 x          11 x           9 x        1173
 Performing interpolation at target parameters...
 Interpolation complete
         98   7.036845   8001.590  -1.153897  -1.153897   1.999999   1.999999   0.755798   0.000071   0.242800  -2.944204    760      0
 4.6470E+00   7.036845   0.468346 -53.354770  -2.552379 -12.040509   0.000000   0.242802   0.000657   0.001400   0.060103      5
 2.0600E+06   1.233848   1.504090 -16.857680 -99.000000  -8.451767   0.000000   0.000241   0.000146   0.001400  0.000E+00        lgTeff

 Loading precomputed flux cube from:/home/njm/MESA/mesa/colors/data/stellar_models/Kurucz2003all//flux_cube.bin
 Loaded flux cube with dimensions:          76 x          11 x           9 x        1173
 Performing interpolation at target parameters...
 Interpolation complete
         99   7.050754   8188.831  -1.048109  -1.048109   1.999999   1.999999   0.755798   0.000071   0.242800  -2.902153    764      0
 4.6371E+00   7.050754   0.453261 -52.502231  -2.447340 -12.038988   0.000000   0.242802   0.000657   0.001400   0.059970      5
 2.1033E+06   1.272690   1.514102 -99.000000 -99.000000  -8.557441   0.000000   0.000241   0.000146   0.001400  0.000E+00        lgTeff

 Loading precomputed flux cube from:/home/njm/MESA/mesa/colors/data/stellar_models/Kurucz2003all//flux_cube.bin
 Loaded flux cube with dimensions:          76 x          11 x           9 x        1173
 Performing interpolation at target parameters...
 Interpolation complete

__________________________________________________________________________________________________________________________________________________

       step    lg_Tmax     Teff     lg_LH      lg_Lnuc_tot     Mass       H_rich     H_cntr     N_cntr     Y_surf   eta_cntr   zones  retry
  lg_dt_yrs    lg_Tcntr    lg_R     lg_L3a     lg_Lneu     lg_Mdot    He_core    He_cntr    O_cntr     Z_surf   gam_cntr   iters  
    age_yrs    lg_Dcntr    lg_L     lg_LZ      lg_Lphoto   lg_Dsurf   CO_core    C_cntr     Ne_cntr    Z_cntr   v_div_cs       dt_limit
__________________________________________________________________________________________________________________________________________________

        100   7.064448   8376.558  -0.944001  -0.944001   1.999999   1.999999   0.755797   0.000071   0.242800  -2.860859    764      0
 4.6347E+00   7.064448   0.438298 -51.674964  -2.344411 -12.038113   0.000000   0.242803   0.000657   0.001400   0.059837      5
 2.1465E+06   1.310873   1.523552 -16.255620 -99.000000  -8.663600   0.000000   0.000241   0.000146   0.001400  0.000E+00        lgTeff

save LOGS/profile3.data for model 100
 Loading precomputed flux cube from:/home/njm/MESA/mesa/colors/data/stellar_models/Kurucz2003all//flux_cube.bin
 Loaded flux cube with dimensions:          76 x          11 x           9 x        1173
 Performing interpolation at target parameters...
 Interpolation complete
save photos/x100 for model 100
        101   7.079652   8587.907  -0.828071  -0.828071   1.999999   1.999999   0.755796   0.000071   0.242800  -2.815498    769      0
 4.6846E+00   7.079652   0.421475 -50.767157  -2.230618 -12.037895   0.000000   0.242804   0.000657   0.001400   0.059679      4
 2.1948E+06   1.353047   1.533194 -16.556650 -99.000000  -8.780618   0.000000   0.000241   0.000146   0.001400  0.000E+00    varcontrol

 Loading precomputed flux cube from:/home/njm/MESA/mesa/colors/data/stellar_models/Kurucz2003all//flux_cube.bin
 Loaded flux cube with dimensions:          76 x          11 x           9 x        1173
 Performing interpolation at target parameters...
 Interpolation complete
        102   7.095677   8814.958  -0.704403  -0.704403   1.999999   1.999999   0.755795   0.000071   0.242800  -2.768040    771      0
 4.7133E+00   7.095677   0.403591 -49.821630  -2.110751 -12.038975   0.000000   0.242805   0.000657   0.001400   0.059505      4
 2.2465E+06   1.397332   1.542757 -99.000000 -99.000000  -8.899609   0.000000   0.000241   0.000146   0.001400  0.000E+00        lgTeff

 Loading precomputed flux cube from:/home/njm/MESA/mesa/colors/data/stellar_models/Kurucz2003all//flux_cube.bin
 Loaded flux cube with dimensions:          76 x          11 x           9 x        1173
 Performing interpolation at target parameters...
 Interpolation complete
        103   7.110420   9028.916  -0.587690  -0.587690   1.999999   1.999999   0.755793   0.000071   0.242800  -2.724364    772      0
 4.6840E+00   7.110420   0.387113 -48.961696  -1.999827 -12.041051   0.000000   0.242807   0.000657   0.001400   0.059346      4
 2.2948E+06   1.438064   1.551463 -15.954590 -99.000000  -9.000170   0.000000   0.000241   0.000146   0.001400  0.000E+00        lgTeff

 Loading precomputed flux cube from:/home/njm/MESA/mesa/colors/data/stellar_models/Kurucz2003all//flux_cube.bin
 Loaded flux cube with dimensions:          76 x          11 x           9 x        1173
 Performing interpolation at target parameters...
 Interpolation complete
        104   7.124601   9238.251  -0.470944  -0.470944   1.999999   1.999999   0.755791   0.000071   0.242800  -2.682676    776      0
 4.6733E+00   7.124601   0.371198 -48.144061  -1.891901 -12.043107   0.000000   0.242808   0.000657   0.001400   0.059186      4
 2.3419E+06   1.477092   1.559449 -99.000000 -99.000000  -9.083225   0.000000   0.000241   0.000146   0.001400  0.000E+00        lgTeff

 Loading precomputed flux cube from:/home/njm/MESA/mesa/colors/data/stellar_models/Kurucz2003all//flux_cube.bin
 Loaded flux cube with dimensions:          76 x          11 x           9 x        1173
 Performing interpolation at target parameters...
 Interpolation complete
        105   7.140221   9471.798  -0.334010  -0.334010   1.999999   1.999999   0.755789   0.000072   0.242800  -2.637667    781      0
 4.7228E+00   7.140221   0.353451 -47.254053  -1.770142 -12.045662   0.000000   0.242811   0.000657   0.001400   0.058993      4
 2.3948E+06   1.519679   1.567325 -99.000000 -99.000000  -9.155641   0.000000   0.000240   0.000146   0.001400  0.000E+00    varcontrol

 Loading precomputed flux cube from:/home/njm/MESA/mesa/colors/data/stellar_models/Kurucz2003all//flux_cube.bin
 Loaded flux cube with dimensions:          76 x          11 x           9 x        1173
 Performing interpolation at target parameters...
 Interpolation complete
        106   7.156818   9720.928  -0.177018  -0.177018   1.999999   1.999999   0.755786   0.000074   0.242800  -2.592284    786      0
 4.7529E+00   7.156818   0.334680 -46.324541  -1.636872 -12.049903   0.000000   0.242814   0.000657   0.001400   0.058740      4
 2.4514E+06   1.563877   1.574885 -99.000000 -99.000000  -9.209789   0.000000   0.000238   0.000146   0.001401  0.000E+00        lgTeff

 Loading precomputed flux cube from:/home/njm/MESA/mesa/colors/data/stellar_models/Kurucz2003all//flux_cube.bin
 Loaded flux cube with dimensions:          76 x          11 x           9 x        1173
 Performing interpolation at target parameters...
 Interpolation complete
        107   7.171984   9952.824  -0.019942  -0.019942   1.999998   1.999998   0.755783   0.000078   0.242800  -2.552518    796      0
 4.7236E+00   7.171984   0.317538 -45.484806  -1.507544 -12.055426   0.000000   0.242816   0.000657   0.001400   0.058477      4
 2.5043E+06   1.603527   1.581555 -99.000000 -99.000000  -9.239901   0.000000   0.000235   0.000146   0.001401  0.000E+00        lgTeff

 Loading precomputed flux cube from:/home/njm/MESA/mesa/colors/data/stellar_models/Kurucz2003all//flux_cube.bin
 Loaded flux cube with dimensions:          76 x          11 x           9 x        1173
 Performing interpolation at target parameters...
 Interpolation complete
        108   7.186887  1.018E+04   0.139759   0.139759   1.999998   1.999998   0.755779   0.000086   0.242800  -2.517697    800      0
 4.7153E+00   7.186887   0.301036 -44.679827  -1.374645 -12.060787   0.000000   0.242819   0.000657   0.001400   0.058139      4
 2.5562E+06   1.640677   1.587296 -15.653560 -99.000000  -9.257617   0.000000   0.000228   0.000146   0.001402  0.000E+00        lgTeff

 Loading precomputed flux cube from:/home/njm/MESA/mesa/colors/data/stellar_models/Kurucz2003all//flux_cube.bin
 Loaded flux cube with dimensions:          76 x          11 x           9 x        1173
 Performing interpolation at target parameters...
 Interpolation complete
        109   7.203372  1.042E+04   0.314995   0.314995   1.999998   1.999998   0.755772   0.000103   0.242800  -2.484201    806      0
 4.7658E+00   7.203372   0.282844 -43.807774  -1.218505 -12.147269   0.000000   0.242823   0.000657   0.001400   0.057673      4
 2.6145E+06   1.679639   1.592174 -15.051500 -99.000000  -9.260759   0.000000   0.000214   0.000146   0.001405  0.000E+00    varcontrol

 Loading precomputed flux cube from:/home/njm/MESA/mesa/colors/data/stellar_models/Kurucz2003all//flux_cube.bin
 Loaded flux cube with dimensions:          76 x          11 x           9 x        1173
 Performing interpolation at target parameters...
 Interpolation complete

__________________________________________________________________________________________________________________________________________________

       step    lg_Tmax     Teff     lg_LH      lg_Lnuc_tot     Mass       H_rich     H_cntr     N_cntr     Y_surf   eta_cntr   zones  retry
  lg_dt_yrs    lg_Tcntr    lg_R     lg_L3a     lg_Lneu     lg_Mdot    He_core    He_cntr    O_cntr     Z_surf   gam_cntr   iters  
    age_yrs    lg_Dcntr    lg_L     lg_LZ      lg_Lphoto   lg_Dsurf   CO_core    C_cntr     Ne_cntr    Z_cntr   v_div_cs       dt_limit
__________________________________________________________________________________________________________________________________________________

        110   7.220680  1.068E+04   0.488958   0.488958   1.999998   1.999998   0.755761   0.000137   0.242800  -2.454130    809      0
 4.8007E+00   7.220680   0.263708 -42.908807  -1.044980 -12.297918   0.000000   0.242829   0.000657   0.001400   0.057094      4
 2.6777E+06   1.718388   1.595779 -14.750470 -99.000000  -9.252844   0.000000   0.000185   0.000146   0.001409  0.000E+00        lgTeff

 Loading precomputed flux cube from:/home/njm/MESA/mesa/colors/data/stellar_models/Kurucz2003all//flux_cube.bin
 Loaded flux cube with dimensions:          76 x          11 x           9 x        1173
 Performing interpolation at target parameters...
 Interpolation complete
        111   7.236609  1.091E+04   0.636546   0.636546   1.999998   1.999998   0.755745   0.000188   0.242800  -2.430459    813      0
 4.7836E+00   7.236609   0.246051 -42.096648  -0.881753 -12.530176   0.000000   0.242838   0.000657   0.001400   0.056493      3
 2.7385E+06   1.752354   1.597927 -99.000000 -99.000000  -9.238167   0.000000   0.000141   0.000146   0.001417  0.000E+00        lgTeff

 Loading precomputed flux cube from:/home/njm/MESA/mesa/colors/data/stellar_models/Kurucz2003all//flux_cube.bin
 Loaded flux cube with dimensions:          76 x          11 x           9 x        1173
 Performing interpolation at target parameters...
 Interpolation complete
        112   7.252982  1.115E+04   0.774643   0.774643   1.999998   1.999998   0.755722   0.000256   0.242800  -2.409161    811      0
 4.8288E+00   7.252982   0.227273 -41.266454  -0.719831 -12.943044   0.000000   0.242851   0.000657   0.001400   0.055827      4
 2.8059E+06   1.785990   1.597895 -14.750470 -99.000000  -9.216546   0.000000   0.000083   0.000146   0.001426  0.000E+00    varcontrol

 Loading precomputed flux cube from:/home/njm/MESA/mesa/colors/data/stellar_models/Kurucz2003all//flux_cube.bin
 Loaded flux cube with dimensions:          76 x          11 x           9 x        1173
 Performing interpolation at target parameters...
 Interpolation complete
        113   7.270010  1.140E+04   0.902407   0.902407   1.999998   1.999998   0.755692   0.000316   0.242800  -2.385891    815      0
 4.9037E+00   7.270010   0.206274 -40.399775  -0.570401 -13.330975   0.000000   0.242873   0.000657   0.001400   0.055164      4
 2.8860E+06   1.821441   1.594725 -14.449440 -99.000000  -9.187301   0.000000   0.000031   0.000146   0.001435  0.000E+00    varcontrol

 Loading precomputed flux cube from:/home/njm/MESA/mesa/colors/data/stellar_models/Kurucz2003all//flux_cube.bin
 Loaded flux cube with dimensions:          76 x          11 x           9 x        1173
 Performing interpolation at target parameters...
 Interpolation complete
        114   7.286389  1.164E+04   1.007475   1.007475   1.999998   1.999998   0.755654   0.000343   0.242800  -2.360782    815      0
 4.9550E+00   7.286389   0.184598 -39.573530  -0.452884 -13.327593   0.000000   0.242907   0.000656   0.001400   0.054580      5
 2.9762E+06   1.856688   1.588403 -99.000000 -99.000000  -9.153612   0.000000   0.000008   0.000146   0.001439  0.000E+00    varcontrol

 Loading precomputed flux cube from:/home/njm/MESA/mesa/colors/data/stellar_models/Kurucz2003all//flux_cube.bin
 Loaded flux cube with dimensions:          76 x          11 x           9 x        1173
 Performing interpolation at target parameters...
 Interpolation complete
        115   7.302551  1.187E+04   1.094882   1.094882   1.999998   1.999998   0.755603   0.000350   0.242800  -2.340609    821      0
 4.9995E+00   7.302551   0.163125 -38.792863  -0.356183 -13.331660   0.000000   0.242958   0.000656   0.001400   0.053930      5
 3.0761E+06   1.889531   1.579155 -14.750470 -99.000000  -9.118221   0.000000   0.000003   0.000146   0.001440  0.000E+00    varcontrol

 Loading precomputed flux cube from:/home/njm/MESA/mesa/colors/data/stellar_models/Kurucz2003all//flux_cube.bin
 Loaded flux cube with dimensions:          76 x          11 x           9 x        1173
 Performing interpolation at target parameters...
 Interpolation complete
        116   7.319083  1.208E+04   1.174050   1.174050   1.999998   1.999998   0.755524   0.000351   0.242800  -2.333307    825      0
 5.0458E+00   7.319083   0.142398 -38.037403  -0.260304 -13.343083   0.000000   0.243036   0.000654   0.001400   0.053040      5
 3.1872E+06   1.917376   1.567161 -99.000000 -99.000000  -9.083222   0.000000   0.000002   0.000146   0.001440  0.000E+00    varcontrol

 Loading precomputed flux cube from:/home/njm/MESA/mesa/colors/data/stellar_models/Kurucz2003all//flux_cube.bin
 Loaded flux cube with dimensions:          76 x          11 x           9 x        1173
 Performing interpolation at target parameters...
 Interpolation complete
        117   7.335407  1.225E+04   1.249492   1.249492   1.999998   1.999998   0.755400   0.000354   0.242800  -2.341045    831      0
 5.0989E+00   7.335407   0.122826 -37.307810  -0.153891 -13.361710   0.000000   0.243161   0.000651   0.001400   0.051909      5
 3.3128E+06   1.938185   1.552325 -99.000000 -99.000000  -9.066531   0.000000   0.000002   0.000146   0.001439  0.000E+00    varcontrol

 Loading precomputed flux cube from:/home/njm/MESA/mesa/colors/data/stellar_models/Kurucz2003all//flux_cube.bin
 Loaded flux cube with dimensions:          76 x          11 x           9 x        1173
 Performing interpolation at target parameters...
 Interpolation complete
        118   7.349050  1.237E+04   1.319889   1.319889   1.999998   1.999998   0.755332   0.000355   0.242800  -2.353939    837      0
 5.1635E+00   7.349050   0.104779 -36.678001  -0.040013 -13.387994   0.000000   0.243229   0.000650   0.001400   0.050866      5
 3.4585E+06   1.952626   1.534034 -99.000000 -99.000000  -9.038786   0.000000   0.000002   0.000146   0.001439  0.000E+00    varcontrol

 Loading precomputed flux cube from:/home/njm/MESA/mesa/colors/data/stellar_models/Kurucz2003all//flux_cube.bin
 Loaded flux cube with dimensions:          76 x          11 x           9 x        1173
 Performing interpolation at target parameters...
 Interpolation complete
        119   7.359224  1.244E+04   1.378840   1.378840   1.999998   1.999998   0.755271   0.000356   0.242800  -2.371261    843      0
 5.2426E+00   7.359224   0.088770 -36.208669   0.067752 -13.423655   0.000000   0.243290   0.000649   0.001400   0.049977      5
 3.6333E+06   1.960134   1.511468 -99.000000 -99.000000  -9.016267   0.000000   0.000002   0.000146   0.001439  0.000E+00  max increase

 Loading precomputed flux cube from:/home/njm/MESA/mesa/colors/data/stellar_models/Kurucz2003all//flux_cube.bin
 Loaded flux cube with dimensions:          76 x          11 x           9 x        1173
 Performing interpolation at target parameters...
 Interpolation complete

__________________________________________________________________________________________________________________________________________________

       step    lg_Tmax     Teff     lg_LH      lg_Lnuc_tot     Mass       H_rich     H_cntr     N_cntr     Y_surf   eta_cntr   zones  retry
  lg_dt_yrs    lg_Tcntr    lg_R     lg_L3a     lg_Lneu     lg_Mdot    He_core    He_cntr    O_cntr     Z_surf   gam_cntr   iters  
    age_yrs    lg_Dcntr    lg_L     lg_LZ      lg_Lphoto   lg_Dsurf   CO_core    C_cntr     Ne_cntr    Z_cntr   v_div_cs       dt_limit
__________________________________________________________________________________________________________________________________________________

        120   7.365657  1.244E+04   1.417910   1.417910   1.999998   1.999998   0.755209   0.000357   0.242800  -2.389933    855      0
 5.3218E+00   7.365657   0.075955 -35.921672   0.149022 -13.470999   0.000000   0.243353   0.000648   0.001400   0.049301      5
 3.8431E+06   1.961670   1.486159 -99.000000 -99.000000  -9.000786   0.000000   0.000002   0.000146   0.001439  0.000E+00  max increase

 Loading precomputed flux cube from:/home/njm/MESA/mesa/colors/data/stellar_models/Kurucz2003all//flux_cube.bin
 Loaded flux cube with dimensions:          76 x          11 x           9 x        1173
 Performing interpolation at target parameters...
 Interpolation complete
        121   7.368807  1.240E+04   1.436042   1.436042   1.999998   1.999998   0.755111   0.000359   0.242800  -2.406265    867      0
 5.4010E+00   7.368807   0.067117 -35.786406   0.194242 -13.526845   0.000000   0.243451   0.000646   0.001400   0.048863      5
 4.0949E+06   1.959427   1.462324 -99.000000 -99.000000  -8.992309   0.000000   0.000002   0.000146   0.001438  0.000E+00  max increase

 Loading precomputed flux cube from:/home/njm/MESA/mesa/colors/data/stellar_models/Kurucz2003all//flux_cube.bin
 Loaded flux cube with dimensions:          76 x          11 x           9 x        1173
 Performing interpolation at target parameters...
 Interpolation complete
        122   7.369811  1.234E+04   1.439545   1.439545   1.999998   1.999998   0.754963   0.000362   0.242800  -2.417692    873      0
 5.4802E+00   7.369811   0.062207 -35.746958   0.209781 -13.581168   0.000000   0.243599   0.000642   0.001400   0.048631      5
 4.3970E+06   1.956121   1.444726 -99.000000 -99.000000  -8.989033   0.000000   0.000002   0.000146   0.001438  0.000E+00  max increase

 Loading precomputed flux cube from:/home/njm/MESA/mesa/colors/data/stellar_models/Kurucz2003all//flux_cube.bin
 Loaded flux cube with dimensions:          76 x          11 x           9 x        1173
 Performing interpolation at target parameters...
 Interpolation complete
        123   7.369820  1.230E+04   1.437110   1.437110   1.999998   1.999998   0.754795   0.000365   0.242800  -2.424425    876      0
 5.5594E+00   7.369820   0.060249 -35.750190   0.212403 -13.622141   0.000000   0.243768   0.000639   0.001400   0.048530      5
 4.7596E+06   1.953338   1.435016 -14.449440 -99.000000  -8.988598   0.000000   0.000003   0.000146   0.001438  0.000E+00  max increase

 Loading precomputed flux cube from:/home/njm/MESA/mesa/colors/data/stellar_models/Kurucz2003all//flux_cube.bin
 Loaded flux cube with dimensions:          76 x          11 x           9 x        1173
 Performing interpolation at target parameters...
 Interpolation complete
        124   7.369590  1.228E+04   1.433943   1.433943   1.999998   1.999998   0.754559   0.000369   0.242800  -2.427498    879      0
 5.6386E+00   7.369590   0.059880 -35.761693   0.209560 -13.645151   0.000000   0.244004   0.000634   0.001400   0.048503      5
 5.1947E+06   1.951762   1.431350 -99.000000 -99.000000  -8.989120   0.000000   0.000003   0.000146   0.001437  0.000E+00  max increase

 Loading precomputed flux cube from:/home/njm/MESA/mesa/colors/data/stellar_models/Kurucz2003all//flux_cube.bin
 Loaded flux cube with dimensions:          76 x          11 x           9 x        1173
 Performing interpolation at target parameters...
 Interpolation complete
        125   7.369406  1.227E+04   1.432315   1.432315   1.999998   1.999998   0.754270   0.000374   0.242800  -2.428956    879      0
 5.7177E+00   7.369406   0.060079 -35.769671   0.207744 -13.654035   0.000000   0.244294   0.000628   0.001400   0.048500      5
 5.7167E+06   1.950949   1.430598 -99.000000 -99.000000  -8.989745   0.000000   0.000003   0.000146   0.001436  0.000E+00  max increase

 Loading precomputed flux cube from:/home/njm/MESA/mesa/colors/data/stellar_models/Kurucz2003all//flux_cube.bin
 Loaded flux cube with dimensions:          76 x          11 x           9 x        1173
 Performing interpolation at target parameters...
 Interpolation complete
        126   7.369287  1.227E+04   1.431850   1.431850   1.999998   1.999998   0.753914   0.000380   0.242800  -2.430078    879      0
 5.7969E+00   7.369287   0.060389 -35.774055   0.207580 -13.656003   0.000000   0.244651   0.000621   0.001400   0.048501      5
 6.3432E+06   1.950390   1.430682 -99.000000 -99.000000  -8.990305   0.000000   0.000003   0.000146   0.001435  0.000E+00  max increase

 Loading precomputed flux cube from:/home/njm/MESA/mesa/colors/data/stellar_models/Kurucz2003all//flux_cube.bin
 Loaded flux cube with dimensions:          76 x          11 x           9 x        1173
 Performing interpolation at target parameters...
 Interpolation complete
        127   7.369200  1.227E+04   1.431797   1.431797   1.999998   1.999998   0.753488   0.000387   0.242800  -2.431056    879      0
 5.8761E+00   7.369200   0.060708 -35.776520   0.207327 -13.655962   0.000000   0.245078   0.000613   0.001400   0.048505      5
 7.0950E+06   1.949955   1.430922 -99.000000 -99.000000  -8.990828   0.000000   0.000003   0.000146   0.001434  0.000E+00  max increase

 Loading precomputed flux cube from:/home/njm/MESA/mesa/colors/data/stellar_models/Kurucz2003all//flux_cube.bin
 Loaded flux cube with dimensions:          76 x          11 x           9 x        1173
 Performing interpolation at target parameters...
 Interpolation complete
        128   7.369110  1.226E+04   1.431969   1.431969   1.999998   1.999998   0.752975   0.000396   0.242800  -2.432176    879      0
 5.9553E+00   7.369110   0.061056 -35.778762   0.207327 -13.655537   0.000000   0.245592   0.000603   0.001400   0.048510      5
 7.9972E+06   1.949478   1.431156 -99.000000 -99.000000  -8.991408   0.000000   0.000003   0.000146   0.001433  0.000E+00  max increase

 Loading precomputed flux cube from:/home/njm/MESA/mesa/colors/data/stellar_models/Kurucz2003all//flux_cube.bin
 Loaded flux cube with dimensions:          76 x          11 x           9 x        1173
 Performing interpolation at target parameters...
 Interpolation complete
        129   7.369004  1.226E+04   1.432201   1.432201   1.999998   1.999998   0.752355   0.000406   0.242800  -2.433496    879      0
 6.0345E+00   7.369004   0.061461 -35.781309   0.207424 -13.655145   0.000000   0.246214   0.000591   0.001400   0.048517      5
 9.0798E+06   1.948920   1.431401 -99.000000 -99.000000  -8.992092   0.000000   0.000003   0.000146   0.001432  0.000E+00  max increase

 Loading precomputed flux cube from:/home/njm/MESA/mesa/colors/data/stellar_models/Kurucz2003all//flux_cube.bin
 Loaded flux cube with dimensions:          76 x          11 x           9 x        1173
 Performing interpolation at target parameters...
 Interpolation complete

__________________________________________________________________________________________________________________________________________________

       step    lg_Tmax     Teff     lg_LH      lg_Lnuc_tot     Mass       H_rich     H_cntr     N_cntr     Y_surf   eta_cntr   zones  retry
  lg_dt_yrs    lg_Tcntr    lg_R     lg_L3a     lg_Lneu     lg_Mdot    He_core    He_cntr    O_cntr     Z_surf   gam_cntr   iters  
    age_yrs    lg_Dcntr    lg_L     lg_LZ      lg_Lphoto   lg_Dsurf   CO_core    C_cntr     Ne_cntr    Z_cntr   v_div_cs       dt_limit
__________________________________________________________________________________________________________________________________________________

        130   7.368882  1.225E+04   1.432470   1.432470   1.999998   1.999998   0.751606   0.000418   0.242800  -2.435037    879      0
 6.1136E+00   7.368882   0.061938 -35.784116   0.207608 -13.654754   0.000000   0.246964   0.000578   0.001400   0.048525      5
 1.0379E+07   1.948276   1.431687 -13.972319 -99.000000  -8.992899   0.000000   0.000003   0.000146   0.001430  0.000E+00  max increase

 Loading precomputed flux cube from:/home/njm/MESA/mesa/colors/data/stellar_models/Kurucz2003all//flux_cube.bin
 Loaded flux cube with dimensions:          76 x          11 x           9 x        1173
 Performing interpolation at target parameters...
 Interpolation complete
        131   7.368746  1.225E+04   1.432787   1.432787   1.999998   1.999998   0.750704   0.000431   0.242800  -2.436826    879      0
 6.1928E+00   7.368746   0.062496 -35.786951   0.207917 -13.654301   0.000000   0.247868   0.000562   0.001400   0.048535      5
 1.1938E+07   1.947546   1.432029 -14.148410 -99.000000  -8.993840   0.000000   0.000003   0.000146   0.001428  0.000E+00  max increase

 Loading precomputed flux cube from:/home/njm/MESA/mesa/colors/data/stellar_models/Kurucz2003all//flux_cube.bin
 Loaded flux cube with dimensions:          76 x          11 x           9 x        1173
 Performing interpolation at target parameters...
 Interpolation complete
        132   7.368601  1.224E+04   1.433166   1.433166   1.999998   1.999998   0.749618   0.000447   0.242800  -2.438889    879      0
 6.2720E+00   7.368601   0.063144 -35.789499   0.208404 -13.653752   0.000000   0.248956   0.000545   0.001400   0.048548      5
 1.3808E+07   1.946731   1.432442 -13.972319 -99.000000  -8.994926   0.000000   0.000003   0.000146   0.001426  0.000E+00  max increase

 Loading precomputed flux cube from:/home/njm/MESA/mesa/colors/data/stellar_models/Kurucz2003all//flux_cube.bin
 Loaded flux cube with dimensions:          76 x          11 x           9 x        1173
 Performing interpolation at target parameters...
 Interpolation complete
        133   7.368450  1.224E+04   1.433629   1.433629   1.999998   1.999998   0.748311   0.000464   0.242800  -2.441259    880      0
 6.3512E+00   7.368450   0.063893 -35.791361   0.209130 -13.653075   0.000000   0.250266   0.000524   0.001400   0.048564      5
 1.6053E+07   1.945835   1.432943 -99.000000 -99.000000  -8.996171   0.000000   0.000003   0.000146   0.001423  0.000E+00  max increase

 Loading precomputed flux cube from:/home/njm/MESA/mesa/colors/data/stellar_models/Kurucz2003all//flux_cube.bin
 Loaded flux cube with dimensions:          76 x          11 x           9 x        1173
 Performing interpolation at target parameters...
 Interpolation complete
        134   7.368303  1.223E+04   1.434198   1.434198   1.999998   1.999998   0.746737   0.000485   0.242800  -2.443968    880      0
 6.4304E+00   7.368303   0.064753 -35.792027   0.210172 -13.652235   0.000000   0.251842   0.000501   0.001400   0.048583      5
 1.8747E+07   1.944866   1.433554 -99.000000 -99.000000  -8.997590   0.000000   0.000003   0.000146   0.001420  0.000E+00  max increase

 Loading precomputed flux cube from:/home/njm/MESA/mesa/colors/data/stellar_models/Kurucz2003all//flux_cube.bin
 Loaded flux cube with dimensions:          76 x          11 x           9 x        1173
 Performing interpolation at target parameters...
 Interpolation complete
        135   7.368166  1.222E+04   1.434903   1.434903   1.999998   1.999998   0.744841   0.000507   0.242800  -2.447052    880      0
 6.5095E+00   7.368166   0.065739 -35.790839   0.211623 -13.651182   0.000000   0.253742   0.000475   0.001400   0.048607      5
 2.1980E+07   1.943837   1.434302 -99.000000 -99.000000  -8.999198   0.000000   0.000003   0.000146   0.001417  0.000E+00  max increase

 Loading precomputed flux cube from:/home/njm/MESA/mesa/colors/data/stellar_models/Kurucz2003all//flux_cube.bin
 Loaded flux cube with dimensions:          76 x          11 x           9 x        1173
 Performing interpolation at target parameters...
 Interpolation complete
        136   7.368054  1.221E+04   1.435779   1.435779   1.999998   1.999998   0.742556   0.000532   0.242800  -2.450546    880      0
 6.5887E+00   7.368054   0.066867 -35.786961   0.213594 -13.649856   0.000000   0.256030   0.000446   0.001400   0.048637      5
 2.5859E+07   1.942766   1.435223 -99.000000 -99.000000  -9.001014   0.000000   0.000004   0.000146   0.001413  0.000E+00  max increase

 Loading precomputed flux cube from:/home/njm/MESA/mesa/colors/data/stellar_models/Kurucz2003all//flux_cube.bin
 Loaded flux cube with dimensions:          76 x          11 x           9 x        1173
 Performing interpolation at target parameters...
 Interpolation complete
        137   7.367981  1.220E+04   1.436872   1.436872   1.999998   1.999998   0.739800   0.000559   0.242800  -2.454494    880      0
 6.6679E+00   7.367981   0.068155 -35.779341   0.216218 -13.648178   0.000000   0.258791   0.000415   0.001400   0.048674      5
 3.0514E+07   1.941680   1.436360 -99.000000 -99.000000  -9.003058   0.000000   0.000004   0.000146   0.001409  0.000E+00  max increase

 Loading precomputed flux cube from:/home/njm/MESA/mesa/colors/data/stellar_models/Kurucz2003all//flux_cube.bin
 Loaded flux cube with dimensions:          76 x          11 x           9 x        1173
 Performing interpolation at target parameters...
 Interpolation complete
        138   7.367968  1.219E+04   1.438238   1.438238   1.999998   1.999998   0.736472   0.000589   0.242800  -2.458929    880      0
 6.7471E+00   7.367968   0.069626 -35.766668   0.219650 -13.646050   0.000000   0.262123   0.000381   0.001400   0.048721      5
 3.6100E+07   1.940619   1.437770 -13.847380 -99.000000  -9.005353   0.000000   0.000004   0.000146   0.001405  0.000E+00  max increase

 Loading precomputed flux cube from:/home/njm/MESA/mesa/colors/data/stellar_models/Kurucz2003all//flux_cube.bin
 Loaded flux cube with dimensions:          76 x          11 x           9 x        1173
 Performing interpolation at target parameters...
 Interpolation complete
        139   7.368102  1.218E+04   1.439964   1.439964   1.999997   1.999997   0.732927   0.000614   0.242800  -2.463505    881      0
 6.8263E+00   7.368102   0.071163 -35.746456   0.224702 -13.643344   0.000000   0.265672   0.000352   0.001400   0.048764      5
 4.2803E+07   1.939771   1.439597 -13.972319 -99.000000  -9.007636   0.000000   0.000004   0.000146   0.001401  0.000E+00  max increase

 Loading precomputed flux cube from:/home/njm/MESA/mesa/colors/data/stellar_models/Kurucz2003all//flux_cube.bin
 Loaded flux cube with dimensions:          76 x          11 x           9 x        1173
 Performing interpolation at target parameters...
 Interpolation complete

__________________________________________________________________________________________________________________________________________________

       step    lg_Tmax     Teff     lg_LH      lg_Lnuc_tot     Mass       H_rich     H_cntr     N_cntr     Y_surf   eta_cntr   zones  retry
  lg_dt_yrs    lg_Tcntr    lg_R     lg_L3a     lg_Lneu     lg_Mdot    He_core    He_cntr    O_cntr     Z_surf   gam_cntr   iters  
    age_yrs    lg_Dcntr    lg_L     lg_LZ      lg_Lphoto   lg_Dsurf   CO_core    C_cntr     Ne_cntr    Z_cntr   v_div_cs       dt_limit
__________________________________________________________________________________________________________________________________________________

        140   7.368294  1.217E+04   1.442146   1.442146   1.999997   1.999997   0.728231   0.000646   0.242800  -2.468994    881      0
 6.9055E+00   7.368294   0.073051 -35.718995   0.230230 -13.639640   0.000000   0.270372   0.000315   0.001400   0.048831      5
 5.0846E+07   1.938912   1.441771 -14.148410 -99.000000  -9.010458   0.000000   0.000004   0.000146   0.001397  0.000E+00  max increase

 Loading precomputed flux cube from:/home/njm/MESA/mesa/colors/data/stellar_models/Kurucz2003all//flux_cube.bin
 Loaded flux cube with dimensions:          76 x          11 x           9 x        1173
 Performing interpolation at target parameters...
 Interpolation complete
        141   7.368620  1.216E+04   1.444814   1.444814   1.999997   1.999997   0.722482   0.000680   0.242800  -2.475260    881      0
 6.9846E+00   7.368620   0.075255 -35.681383   0.237129 -13.635263   0.000000   0.276126   0.000275   0.001400   0.048917      5
 6.0499E+07   1.938190   1.444466 -99.000000 -99.000000  -9.013697   0.000000   0.000005   0.000146   0.001392  0.000E+00  max increase

 Loading precomputed flux cube from:/home/njm/MESA/mesa/colors/data/stellar_models/Kurucz2003all//flux_cube.bin
 Loaded flux cube with dimensions:          76 x          11 x           9 x        1173
 Performing interpolation at target parameters...
 Interpolation complete
        142   7.369138  1.214E+04   1.448120   1.448120   1.999997   1.999997   0.715492   0.000715   0.242800  -2.482367    880      0
 7.0638E+00   7.369138   0.077810 -35.630446   0.245740 -13.629766   0.000000   0.283121   0.000235   0.001400   0.049024      5
 7.2082E+07   1.937714   1.447803 -99.000000 -99.000000  -9.017378   0.000000   0.000005   0.000146   0.001387  0.000E+00  max increase

 Loading precomputed flux cube from:/home/njm/MESA/mesa/colors/data/stellar_models/Kurucz2003all//flux_cube.bin
 Loaded flux cube with dimensions:          76 x          11 x           9 x        1173
 Performing interpolation at target parameters...
 Interpolation complete
        143   7.369906  1.213E+04   1.452225   1.452225   1.999996   1.999996   0.706981   0.000749   0.242800  -2.490469    880      0
 7.1430E+00   7.369906   0.080789 -35.562831   0.256412 -13.622864   0.000000   0.291637   0.000196   0.001400   0.049158      5
 8.5981E+07   1.937578   1.451935 -99.000000 -99.000000  -9.021589   0.000000   0.000005   0.000146   0.001382  0.000E+00  max increase

 Loading precomputed flux cube from:/home/njm/MESA/mesa/colors/data/stellar_models/Kurucz2003all//flux_cube.bin
 Loaded flux cube with dimensions:          76 x          11 x           9 x        1173
 Performing interpolation at target parameters...
 Interpolation complete
        144   7.370992  1.212E+04   1.457324   1.457324   1.999996   1.999996   0.696588   0.000782   0.242800  -2.499766    882      0
 7.2222E+00   7.370992   0.084298 -35.474559   0.269538 -13.614221   0.000000   0.302035   0.000158   0.001400   0.049329      5
 1.0266E+08   1.937897   1.457057 -13.750470 -99.000000  -9.026458   0.000000   0.000005   0.000146   0.001377  0.000E+00  max increase

 Loading precomputed flux cube from:/home/njm/MESA/mesa/colors/data/stellar_models/Kurucz2003all//flux_cube.bin
 Loaded flux cube with dimensions:          76 x          11 x           9 x        1173
 Performing interpolation at target parameters...
 Interpolation complete
        145   7.372487  1.210E+04   1.463646   1.463646   1.999995   1.999995   0.683693   0.000812   0.242800  -2.510569    884      0
 7.3014E+00   7.372487   0.088494 -35.359983   0.285588 -13.603408   0.000000   0.314934   0.000124   0.001400   0.049551      5
 1.2268E+08   1.938843   1.463396 -99.000000 -99.000000  -9.032200   0.000000   0.000006   0.000146   0.001373  0.000E+00      XHe_cntr

 Loading precomputed flux cube from:/home/njm/MESA/mesa/colors/data/stellar_models/Kurucz2003all//flux_cube.bin
 Loaded flux cube with dimensions:          76 x          11 x           9 x        1173
 Performing interpolation at target parameters...
 Interpolation complete
        146   7.373957  1.209E+04   1.469444   1.469444   1.999995   1.999995   0.671868   0.000833   0.242800  -2.519814    886      0
 7.2497E+00   7.373957   0.092242 -35.251841   0.299285 -13.589949   0.000000   0.326762   0.000099   0.001400   0.049767      5
 1.4045E+08   1.940162   1.469207 -99.000000 -99.000000  -9.037270   0.000000   0.000006   0.000146   0.001370  0.000E+00      XHe_cntr

 Loading precomputed flux cube from:/home/njm/MESA/mesa/colors/data/stellar_models/Kurucz2003all//flux_cube.bin
 Loaded flux cube with dimensions:          76 x          11 x           9 x        1173
 Performing interpolation at target parameters...
 Interpolation complete
        147   7.375412  1.208E+04   1.474931   1.474931   1.999995   1.999995   0.660703   0.000848   0.242800  -2.528355    894      0
 7.2167E+00   7.375412   0.095753 -35.148182   0.312181 -13.577558   0.000000   0.337930   0.000082   0.001400   0.049978      5
 1.5692E+08   1.941609   1.474700 -99.000000 -99.000000  -9.041996   0.000000   0.000006   0.000146   0.001367  0.000E+00      XHe_cntr

 Loading precomputed flux cube from:/home/njm/MESA/mesa/colors/data/stellar_models/Kurucz2003all//flux_cube.bin
 Loaded flux cube with dimensions:          76 x          11 x           9 x        1173
 Performing interpolation at target parameters...
 Interpolation complete
        148   7.376858  1.207E+04   1.480241   1.480241   1.999994   1.999994   0.650050   0.000860   0.242800  -2.536494    889      0
 7.1948E+00   7.376858   0.099129 -35.048007   0.324456 -13.565827   0.000000   0.348584   0.000069   0.001400   0.050183      5
 1.7258E+08   1.943101   1.480014 -99.000000 -99.000000  -9.046519   0.000000   0.000006   0.000146   0.001366  0.000E+00      XHe_cntr

 Loading precomputed flux cube from:/home/njm/MESA/mesa/colors/data/stellar_models/Kurucz2003all//flux_cube.bin
 Loaded flux cube with dimensions:          76 x          11 x           9 x        1173
 Performing interpolation at target parameters...
 Interpolation complete
        149   7.378340  1.206E+04   1.485485   1.485485   1.999994   1.999994   0.639271   0.000869   0.242800  -2.544458    894      0
 7.1814E+00   7.378340   0.102493 -34.946872   0.336343 -13.554466   0.000000   0.359365   0.000058   0.001400   0.050400      5
 1.8776E+08   1.944776   1.485255 -13.750470 -99.000000  -9.051036   0.000000   0.000006   0.000146   0.001364  0.000E+00      XHe_cntr

 Loading precomputed flux cube from:/home/njm/MESA/mesa/colors/data/stellar_models/Kurucz2003all//flux_cube.bin
 Loaded flux cube with dimensions:          76 x          11 x           9 x        1173
 Performing interpolation at target parameters...
 Interpolation complete

__________________________________________________________________________________________________________________________________________________

       step    lg_Tmax     Teff     lg_LH      lg_Lnuc_tot     Mass       H_rich     H_cntr     N_cntr     Y_surf   eta_cntr   zones  retry
  lg_dt_yrs    lg_Tcntr    lg_R     lg_L3a     lg_Lneu     lg_Mdot    He_core    He_cntr    O_cntr     Z_surf   gam_cntr   iters  
    age_yrs    lg_Dcntr    lg_L     lg_LZ      lg_Lphoto   lg_Dsurf   CO_core    C_cntr     Ne_cntr    Z_cntr   v_div_cs       dt_limit
__________________________________________________________________________________________________________________________________________________

        150   7.379841  1.205E+04   1.490675   1.490675   1.999993   1.999993   0.628600   0.000875   0.242800  -2.552277    893      0
 7.1697E+00   7.379841   0.105839 -34.846419   0.347740 -13.543281   0.000000   0.370037   0.000051   0.001400   0.050620      5
 2.0254E+08   1.946532   1.490446 -99.000000 -99.000000  -9.055527   0.000000   0.000006   0.000146   0.001363  0.000E+00      XHe_cntr

save LOGS/profile4.data for model 150
 Loading precomputed flux cube from:/home/njm/MESA/mesa/colors/data/stellar_models/Kurucz2003all//flux_cube.bin
 Loaded flux cube with dimensions:          76 x          11 x           9 x        1173
 Performing interpolation at target parameters...
 Interpolation complete
save photos/x150 for model 150
        151   7.381348  1.204E+04   1.495812   1.495812   1.999993   1.999993   0.618062   0.000880   0.242800  -2.559942    893      0
 7.1574E+00   7.381348   0.109170 -34.747108   0.358703 -13.532212   0.000000   0.380575   0.000045   0.001400   0.050845      5
 2.1691E+08   1.948350   1.495582 -13.972319 -99.000000  -9.059998   0.000000   0.000006   0.000146   0.001363  0.000E+00      XHe_cntr

 Loading precomputed flux cube from:/home/njm/MESA/mesa/colors/data/stellar_models/Kurucz2003all//flux_cube.bin
 Loaded flux cube with dimensions:          76 x          11 x           9 x        1173
 Performing interpolation at target parameters...
 Interpolation complete
        152   7.382895  1.203E+04   1.500966   1.500966   1.999992   1.999992   0.607437   0.000884   0.242800  -2.567319    899      0
 7.1477E+00   7.382895   0.112514 -34.646586   0.368401 -13.521269   0.000000   0.391201   0.000040   0.001400   0.051083      5
 2.3096E+08   1.950394   1.500736 -99.000000 -99.000000  -9.064478   0.000000   0.000006   0.000146   0.001362  0.000E+00      XHe_cntr

 Loading precomputed flux cube from:/home/njm/MESA/mesa/colors/data/stellar_models/Kurucz2003all//flux_cube.bin
 Loaded flux cube with dimensions:          76 x          11 x           9 x        1173
 Performing interpolation at target parameters...
 Interpolation complete
        153   7.384438  1.202E+04   1.506052   1.506052   1.999992   1.999992   0.596883   0.000887   0.242800  -2.574816    899      0
 7.1378E+00   7.384438   0.115883 -34.547544   0.378244 -13.510288   0.000000   0.401755   0.000037   0.001400   0.051323      5
 2.4469E+08   1.952385   1.505816 -14.148410 -99.000000  -9.069018   0.000000   0.000006   0.000146   0.001362  0.000E+00      XHe_cntr

 Loading precomputed flux cube from:/home/njm/MESA/mesa/colors/data/stellar_models/Kurucz2003all//flux_cube.bin
 Loaded flux cube with dimensions:          76 x          11 x           9 x        1173
 Performing interpolation at target parameters...
 Interpolation complete
        154   7.385999  1.201E+04   1.511107   1.511107   1.999992   1.999992   0.586258   0.000889   0.242800  -2.582183    901      0
 7.1279E+00   7.385999   0.119276 -34.448291   0.387311 -13.499505   0.000000   0.412381   0.000034   0.001400   0.051576      5
 2.5812E+08   1.954501   1.510866 -13.847380 -99.000000  -9.073603   0.000000   0.000006   0.000146   0.001361  0.000E+00      XHe_cntr

 Loading precomputed flux cube from:/home/njm/MESA/mesa/colors/data/stellar_models/Kurucz2003all//flux_cube.bin
 Loaded flux cube with dimensions:          76 x          11 x           9 x        1173
 Performing interpolation at target parameters...
 Interpolation complete
        155   7.387556  1.199E+04   1.516098   1.516098   1.999991   1.999991   0.575708   0.000891   0.242800  -2.589581    899      0
 7.1179E+00   7.387556   0.122690 -34.350407   0.396163 -13.488809   0.000000   0.422931   0.000032   0.001400   0.051832      5
 2.7124E+08   1.956598   1.515851 -99.000000 -99.000000  -9.078235   0.000000   0.000007   0.000146   0.001361  0.000E+00      XHe_cntr

 Loading precomputed flux cube from:/home/njm/MESA/mesa/colors/data/stellar_models/Kurucz2003all//flux_cube.bin
 Loaded flux cube with dimensions:          76 x          11 x           9 x        1173
 Performing interpolation at target parameters...
 Interpolation complete
        156   7.389105  1.198E+04   1.521041   1.521041   1.999991   1.999991   0.565248   0.000892   0.242800  -2.596951    899      0
 7.1080E+00   7.389105   0.126128 -34.253957   0.404747 -13.478284   0.000000   0.433391   0.000031   0.001400   0.052094      5
 2.8406E+08   1.958692   1.520789 -14.148410 -99.000000  -9.082914   0.000000   0.000007   0.000146   0.001361  0.000E+00      XHe_cntr

 Loading precomputed flux cube from:/home/njm/MESA/mesa/colors/data/stellar_models/Kurucz2003all//flux_cube.bin
 Loaded flux cube with dimensions:          76 x          11 x           9 x        1173
 Performing interpolation at target parameters...
 Interpolation complete
        157   7.390679  1.197E+04   1.525977   1.525977   1.999990   1.999990   0.554661   0.000893   0.242800  -2.604208    898      0
 7.0998E+00   7.390679   0.129611 -34.156738   0.412221 -13.467890   0.000000   0.443978   0.000030   0.001400   0.052370      5
 2.9664E+08   1.960930   1.525720 -99.000000 -99.000000  -9.087668   0.000000   0.000007   0.000146   0.001361  0.000E+00      XHe_cntr

 Loading precomputed flux cube from:/home/njm/MESA/mesa/colors/data/stellar_models/Kurucz2003all//flux_cube.bin
 Loaded flux cube with dimensions:          76 x          11 x           9 x        1173
 Performing interpolation at target parameters...
 Interpolation complete
        158   7.392244  1.195E+04   1.530859   1.530859   1.999990   1.999990   0.544129   0.000894   0.242800  -2.611557    898      0
 7.0907E+00   7.392244   0.133136 -34.060908   0.419704 -13.457538   0.000000   0.454510   0.000029   0.001400   0.052651      5
 3.0897E+08   1.963121   1.530594 -13.847380 -99.000000  -9.092502   0.000000   0.000007   0.000146   0.001361  0.000E+00      XHe_cntr

 Loading precomputed flux cube from:/home/njm/MESA/mesa/colors/data/stellar_models/Kurucz2003all//flux_cube.bin
 Loaded flux cube with dimensions:          76 x          11 x           9 x        1173
 Performing interpolation at target parameters...
 Interpolation complete
        159   7.393820  1.194E+04   1.535710   1.535710   1.999989   1.999989   0.533522   0.000894   0.242800  -2.618828    898      0
 7.0812E+00   7.393820   0.136706 -33.965031   0.426354 -13.447348   0.000000   0.465118   0.000028   0.001400   0.052946      5
 3.2102E+08   1.965405   1.535437 -99.000000 -99.000000  -9.097415   0.000000   0.000007   0.000146   0.001361  0.000E+00      XHe_cntr

 Loading precomputed flux cube from:/home/njm/MESA/mesa/colors/data/stellar_models/Kurucz2003all//flux_cube.bin
 Loaded flux cube with dimensions:          76 x          11 x           9 x        1173
 Performing interpolation at target parameters...
 Interpolation complete

__________________________________________________________________________________________________________________________________________________

       step    lg_Tmax     Teff     lg_LH      lg_Lnuc_tot     Mass       H_rich     H_cntr     N_cntr     Y_surf   eta_cntr   zones  retry
  lg_dt_yrs    lg_Tcntr    lg_R     lg_L3a     lg_Lneu     lg_Mdot    He_core    He_cntr    O_cntr     Z_surf   gam_cntr   iters  
    age_yrs    lg_Dcntr    lg_L     lg_LZ      lg_Lphoto   lg_Dsurf   CO_core    C_cntr     Ne_cntr    Z_cntr   v_div_cs       dt_limit
__________________________________________________________________________________________________________________________________________________

        160   7.395399  1.192E+04   1.540495   1.540495   1.999989   1.999989   0.522844   0.000895   0.242800  -2.626208    897      0
 7.0715E+00   7.395399   0.140329 -33.869612   0.432883 -13.437259   0.000000   0.475795   0.000028   0.001400   0.053251      5
 3.3281E+08   1.967690   1.540211 -99.000000 -99.000000  -9.102429   0.000000   0.000007   0.000146   0.001360  0.000E+00      XHe_cntr

 Loading precomputed flux cube from:/home/njm/MESA/mesa/colors/data/stellar_models/Kurucz2003all//flux_cube.bin
 Loaded flux cube with dimensions:          76 x          11 x           9 x        1173
 Performing interpolation at target parameters...
 Interpolation complete
        161   7.396961  1.190E+04   1.545225   1.545225   1.999989   1.999989   0.512288   0.000895   0.242800  -2.633535    897      0
 7.0604E+00   7.396961   0.143982 -33.775869   0.439147 -13.427369   0.000000   0.486352   0.000027   0.001400   0.053563      5
 3.4430E+08   1.969960   1.544934 -99.000000 -99.000000  -9.107496   0.000000   0.000007   0.000146   0.001360  0.000E+00      XHe_cntr

 Loading precomputed flux cube from:/home/njm/MESA/mesa/colors/data/stellar_models/Kurucz2003all//flux_cube.bin
 Loaded flux cube with dimensions:          76 x          11 x           9 x        1173
 Performing interpolation at target parameters...
 Interpolation complete
        162   7.398533  1.188E+04   1.549915   1.549915   1.999988   1.999988   0.501656   0.000895   0.242800  -2.640792    897      0
 7.0502E+00   7.398533   0.147680 -33.682027   0.444476 -13.417623   0.000000   0.496984   0.000027   0.001400   0.053888      5
 3.5553E+08   1.972318   1.549614 -13.671289 -99.000000  -9.112642   0.000000   0.000007   0.000146   0.001360  0.000E+00      XHe_cntr

 Loading precomputed flux cube from:/home/njm/MESA/mesa/colors/data/stellar_models/Kurucz2003all//flux_cube.bin
 Loaded flux cube with dimensions:          76 x          11 x           9 x        1173
 Performing interpolation at target parameters...
 Interpolation complete
        163   7.400089  1.186E+04   1.554554   1.554554   1.999988   1.999988   0.491113   0.000895   0.242800  -2.648048    897      0
 7.0402E+00   7.400089   0.151420 -33.589732   0.449805 -13.408005   0.000000   0.507526   0.000027   0.001400   0.054220      5
 3.6650E+08   1.974648   1.554244 -99.000000 -99.000000  -9.117861   0.000000   0.000007   0.000146   0.001360  0.000E+00      XHe_cntr

 Loading precomputed flux cube from:/home/njm/MESA/mesa/colors/data/stellar_models/Kurucz2003all//flux_cube.bin
 Loaded flux cube with dimensions:          76 x          11 x           9 x        1173
 Performing interpolation at target parameters...
 Interpolation complete
        164   7.401636  1.184E+04   1.559142   1.559142   1.999987   1.999987   0.480643   0.000896   0.242800  -2.655250    897      0
 7.0303E+00   7.401636   0.155193 -33.498492   0.454540 -13.398535   0.000000   0.517996   0.000026   0.001400   0.054561      5
 3.7722E+08   1.976988   1.558825 -99.000000 -99.000000  -9.123133   0.000000   0.000007   0.000146   0.001360  0.000E+00      XHe_cntr

 Loading precomputed flux cube from:/home/njm/MESA/mesa/colors/data/stellar_models/Kurucz2003all//flux_cube.bin
 Loaded flux cube with dimensions:          76 x          11 x           9 x        1173
 Performing interpolation at target parameters...
 Interpolation complete
        165   7.403193  1.182E+04   1.563686   1.563686   1.999987   1.999987   0.470093   0.000896   0.242800  -2.662485    897      0
 7.0221E+00   7.403193   0.159023 -33.407139   0.458812 -13.389206   0.000000   0.528547   0.000026   0.001400   0.054915      5
 3.8774E+08   1.979373   1.563359 -13.847380 -99.000000  -9.128500   0.000000   0.000007   0.000146   0.001360  0.000E+00      XHe_cntr

 Loading precomputed flux cube from:/home/njm/MESA/mesa/colors/data/stellar_models/Kurucz2003all//flux_cube.bin
 Loaded flux cube with dimensions:          76 x          11 x           9 x        1173
 Performing interpolation at target parameters...
 Interpolation complete
        166   7.404747  1.180E+04   1.568212   1.568212   1.999986   1.999986   0.459578   0.000896   0.242800  -2.669578    897      0
 7.0133E+00   7.404747   0.162902 -33.316405   0.462455 -13.380021   0.000000   0.539062   0.000026   0.001400   0.055282      5
 3.9806E+08   1.981824   1.567877 -99.000000 -99.000000  -9.133936   0.000000   0.000007   0.000146   0.001360  0.000E+00      XHe_cntr

 Loading precomputed flux cube from:/home/njm/MESA/mesa/colors/data/stellar_models/Kurucz2003all//flux_cube.bin
 Loaded flux cube with dimensions:          76 x          11 x           9 x        1173
 Performing interpolation at target parameters...
 Interpolation complete
        167   7.406295  1.178E+04   1.572678   1.572678   1.999986   1.999986   0.449074   0.000896   0.242800  -2.676760    897      0
 7.0042E+00   7.406295   0.166834 -33.226420   0.466216 -13.370903   0.000000   0.549565   0.000026   0.001400   0.055659      5
 4.0815E+08   1.984249   1.572332 -14.148410 -99.000000  -9.139458   0.000000   0.000007   0.000146   0.001360  0.000E+00      XHe_cntr

 Loading precomputed flux cube from:/home/njm/MESA/mesa/colors/data/stellar_models/Kurucz2003all//flux_cube.bin
 Loaded flux cube with dimensions:          76 x          11 x           9 x        1173
 Performing interpolation at target parameters...
 Interpolation complete
        168   7.407804  1.175E+04   1.577072   1.577072   1.999986   1.999986   0.438896   0.000896   0.242800  -2.684150    898      0
 6.9957E+00   7.407804   0.170792 -33.139493   0.471416 -13.361968   0.000000   0.559744   0.000026   0.001400   0.056027      5
 4.1806E+08   1.986450   1.576718 -14.148410 -99.000000  -9.145018   0.000000   0.000007   0.000146   0.001360  0.000E+00      XHe_cntr

 Loading precomputed flux cube from:/home/njm/MESA/mesa/colors/data/stellar_models/Kurucz2003all//flux_cube.bin
 Loaded flux cube with dimensions:          76 x          11 x           9 x        1173
 Performing interpolation at target parameters...
 Interpolation complete
        169   7.409384  1.173E+04   1.581522   1.581522   1.999985   1.999985   0.428174   0.000896   0.242800  -2.691265    902      0
 6.9906E+00   7.409384   0.174886 -33.048273   0.473444 -13.353220   0.000000   0.570466   0.000025   0.001400   0.056441      5
 4.2784E+08   1.989061   1.581156 -99.000000 -99.000000  -9.150769   0.000000   0.000007   0.000146   0.001360  0.000E+00      XHe_cntr

 Loading precomputed flux cube from:/home/njm/MESA/mesa/colors/data/stellar_models/Kurucz2003all//flux_cube.bin
 Loaded flux cube with dimensions:          76 x          11 x           9 x        1173
 Performing interpolation at target parameters...
 Interpolation complete

__________________________________________________________________________________________________________________________________________________

       step    lg_Tmax     Teff     lg_LH      lg_Lnuc_tot     Mass       H_rich     H_cntr     N_cntr     Y_surf   eta_cntr   zones  retry
  lg_dt_yrs    lg_Tcntr    lg_R     lg_L3a     lg_Lneu     lg_Mdot    He_core    He_cntr    O_cntr     Z_surf   gam_cntr   iters  
    age_yrs    lg_Dcntr    lg_L     lg_LZ      lg_Lphoto   lg_Dsurf   CO_core    C_cntr     Ne_cntr    Z_cntr   v_div_cs       dt_limit
__________________________________________________________________________________________________________________________________________________

        170   7.410948  1.170E+04   1.585907   1.585907   1.999985   1.999985   0.417510   0.000896   0.242800  -2.698574    911      0
 6.9824E+00   7.410948   0.179044 -32.958083   0.476538 -13.344415   0.000000   0.581130   0.000025   0.001400   0.056863      5
 4.3744E+08   1.991573   1.585528 -99.000000 -99.000000  -9.156614   0.000000   0.000007   0.000146   0.001360  0.000E+00      XHe_cntr

 Loading precomputed flux cube from:/home/njm/MESA/mesa/colors/data/stellar_models/Kurucz2003all//flux_cube.bin
 Loaded flux cube with dimensions:          76 x          11 x           9 x        1173
 Performing interpolation at target parameters...
 Interpolation complete
        171   7.412521  1.167E+04   1.590222   1.590222   1.999984   1.999984   0.406831   0.000896   0.242800  -2.705752    914      0
 6.9699E+00   7.412521   0.183239 -32.867998   0.478837 -13.335808   0.000000   0.591809   0.000025   0.001400   0.057302      5
 4.4677E+08   1.994182   1.589831 -99.000000 -99.000000  -9.162504   0.000000   0.000007   0.000146   0.001360  0.000E+00      XHe_cntr

 Loading precomputed flux cube from:/home/njm/MESA/mesa/colors/data/stellar_models/Kurucz2003all//flux_cube.bin
 Loaded flux cube with dimensions:          76 x          11 x           9 x        1173
 Performing interpolation at target parameters...
 Interpolation complete
        172   7.414080  1.164E+04   1.594462   1.594462   1.999984   1.999984   0.396282   0.000896   0.242800  -2.712968    915      0
 6.9589E+00   7.414080   0.187467 -32.779128   0.481524 -13.327391   0.000000   0.602358   0.000025   0.001400   0.057748      5
 4.5587E+08   1.996739   1.594059 -13.671289 -99.000000  -9.168430   0.000000   0.000007   0.000146   0.001360  0.000E+00      XHe_cntr

 Loading precomputed flux cube from:/home/njm/MESA/mesa/colors/data/stellar_models/Kurucz2003all//flux_cube.bin
 Loaded flux cube with dimensions:          76 x          11 x           9 x        1173
 Performing interpolation at target parameters...
 Interpolation complete
        173   7.415659  1.161E+04   1.598638   1.598638   1.999983   1.999983   0.385571   0.000897   0.242800  -2.720145    920      0
 6.9487E+00   7.415659   0.191759 -32.689230   0.483707 -13.319177   0.000000   0.613069   0.000025   0.001400   0.058219      5
 4.6476E+08   1.999416   1.598220 -99.000000 -99.000000  -9.174438   0.000000   0.000007   0.000146   0.001360  0.000E+00      XHe_cntr

 Loading precomputed flux cube from:/home/njm/MESA/mesa/colors/data/stellar_models/Kurucz2003all//flux_cube.bin
 Loaded flux cube with dimensions:          76 x          11 x           9 x        1173
 Performing interpolation at target parameters...
 Interpolation complete
        174   7.417228  1.158E+04   1.602747   1.602747   1.999983   1.999983   0.374976   0.000897   0.242800  -2.727249    921      0
 6.9380E+00   7.417228   0.196081 -32.600175   0.485816 -13.311164   0.000000   0.623664   0.000025   0.001400   0.058700      5
 4.7343E+08   2.002100   1.602320 -99.000000 -99.000000  -9.180465   0.000000   0.000007   0.000146   0.001360  0.000E+00      XHe_cntr

 Loading precomputed flux cube from:/home/njm/MESA/mesa/colors/data/stellar_models/Kurucz2003all//flux_cube.bin
 Loaded flux cube with dimensions:          76 x          11 x           9 x        1173
 Performing interpolation at target parameters...
 Interpolation complete
        175   7.418806  1.155E+04   1.606786   1.606786   1.999983   1.999983   0.364336   0.000897   0.242800  -2.734298    921      0
 6.9269E+00   7.418806   0.200449 -32.510742   0.487647 -13.303320   0.000000   0.634304   0.000025   0.001400   0.059203      5
 4.8188E+08   2.004860   1.606345 -99.000000 -99.000000  -9.186535   0.000000   0.000007   0.000146   0.001360  0.000E+00      XHe_cntr

 Loading precomputed flux cube from:/home/njm/MESA/mesa/colors/data/stellar_models/Kurucz2003all//flux_cube.bin
 Loaded flux cube with dimensions:          76 x          11 x           9 x        1173
 Performing interpolation at target parameters...
 Interpolation complete
        176   7.420389  1.152E+04   1.610757   1.610757   1.999982   1.999982   0.353717   0.000897   0.242800  -2.741326    919      0
 6.9167E+00   7.420389   0.204860 -32.421257   0.489368 -13.295683   0.000000   0.644923   0.000024   0.001400   0.059721      5
 4.9013E+08   2.007655   1.610304 -99.000000 -99.000000  -9.192635   0.000000   0.000007   0.000146   0.001360  0.000E+00      XHe_cntr

 Loading precomputed flux cube from:/home/njm/MESA/mesa/colors/data/stellar_models/Kurucz2003all//flux_cube.bin
 Loaded flux cube with dimensions:          76 x          11 x           9 x        1173
 Performing interpolation at target parameters...
 Interpolation complete
        177   7.421970  1.149E+04   1.614684   1.614684   1.999982   1.999982   0.343182   0.000897   0.242800  -2.748180    918      0
 6.9060E+00   7.421970   0.209309 -32.332022   0.490944 -13.288236   0.000000   0.655458   0.000024   0.001400   0.060256      5
 4.9819E+08   2.010521   1.614220 -99.000000 -99.000000  -9.198750   0.000000   0.000007   0.000146   0.001360  0.000E+00      XHe_cntr

 Loading precomputed flux cube from:/home/njm/MESA/mesa/colors/data/stellar_models/Kurucz2003all//flux_cube.bin
 Loaded flux cube with dimensions:          76 x          11 x           9 x        1173
 Performing interpolation at target parameters...
 Interpolation complete
        178   7.423568  1.145E+04   1.618559   1.618559   1.999981   1.999981   0.332599   0.000897   0.242800  -2.755003    917      0
 6.8965E+00   7.423568   0.213821 -32.241976   0.492592 -13.280914   0.000000   0.666041   0.000024   0.001400   0.060812      5
 5.0607E+08   2.013467   1.618082 -13.847380 -99.000000  -9.204909   0.000000   0.000007   0.000146   0.001360  0.000E+00      XHe_cntr

 Loading precomputed flux cube from:/home/njm/MESA/mesa/colors/data/stellar_models/Kurucz2003all//flux_cube.bin
 Loaded flux cube with dimensions:          76 x          11 x           9 x        1173
 Performing interpolation at target parameters...
 Interpolation complete
        179   7.425189  1.142E+04   1.622382   1.622382   1.999981   1.999981   0.321909   0.000897   0.242800  -2.761779    917      0
 6.8871E+00   7.425189   0.218402 -32.150598   0.493875 -13.273761   0.000000   0.676731   0.000024   0.001400   0.061397      5
 5.1378E+08   2.016530   1.621889 -99.000000 -99.000000  -9.211117   0.000000   0.000008   0.000146   0.001360  0.000E+00      XHe_cntr

 Loading precomputed flux cube from:/home/njm/MESA/mesa/colors/data/stellar_models/Kurucz2003all//flux_cube.bin
 Loaded flux cube with dimensions:          76 x          11 x           9 x        1173
 Performing interpolation at target parameters...
 Interpolation complete

__________________________________________________________________________________________________________________________________________________

       step    lg_Tmax     Teff     lg_LH      lg_Lnuc_tot     Mass       H_rich     H_cntr     N_cntr     Y_surf   eta_cntr   zones  retry
  lg_dt_yrs    lg_Tcntr    lg_R     lg_L3a     lg_Lneu     lg_Mdot    He_core    He_cntr    O_cntr     Z_surf   gam_cntr   iters  
    age_yrs    lg_Dcntr    lg_L     lg_LZ      lg_Lphoto   lg_Dsurf   CO_core    C_cntr     Ne_cntr    Z_cntr   v_div_cs       dt_limit
__________________________________________________________________________________________________________________________________________________

        180   7.426808  1.138E+04   1.626140   1.626140   1.999981   1.999981   0.311362   0.000897   0.242800  -2.768484    916      0
 6.8760E+00   7.426808   0.223012 -32.059523   0.495304 -13.266779   0.000000   0.687278   0.000024   0.001400   0.061994      5
 5.2129E+08   2.019602   1.625636 -99.000000 -99.000000  -9.217305   0.000000   0.000008   0.000146   0.001360  0.000E+00      XHe_cntr

 Loading precomputed flux cube from:/home/njm/MESA/mesa/colors/data/stellar_models/Kurucz2003all//flux_cube.bin
 Loaded flux cube with dimensions:          76 x          11 x           9 x        1173
 Performing interpolation at target parameters...
 Interpolation complete
        181   7.428453  1.135E+04   1.629848   1.629848   1.999980   1.999980   0.300733   0.000897   0.242800  -2.775079    915      0
 6.8658E+00   7.428453   0.227684 -31.966976   0.496422 -13.259962   0.000000   0.697908   0.000024   0.001400   0.062619      5
 5.2864E+08   2.022814   1.629328 -99.000000 -99.000000  -9.223515   0.000000   0.000008   0.000146   0.001360  0.000E+00      XHe_cntr

 Loading precomputed flux cube from:/home/njm/MESA/mesa/colors/data/stellar_models/Kurucz2003all//flux_cube.bin
 Loaded flux cube with dimensions:          76 x          11 x           9 x        1173
 Performing interpolation at target parameters...
 Interpolation complete
        182   7.430104  1.131E+04   1.633498   1.633498   1.999980   1.999980   0.290212   0.000897   0.242800  -2.781610    915      0
 6.8559E+00   7.430104   0.232393 -31.874179   0.497753 -13.253315   0.000000   0.708428   0.000024   0.001400   0.063260      5
 5.3581E+08   2.026054   1.632967 -99.000000 -99.000000  -9.229699   0.000000   0.000008   0.000146   0.001360  0.000E+00      XHe_cntr

 Loading precomputed flux cube from:/home/njm/MESA/mesa/colors/data/stellar_models/Kurucz2003all//flux_cube.bin
 Loaded flux cube with dimensions:          76 x          11 x           9 x        1173
 Performing interpolation at target parameters...
 Interpolation complete
        183   7.431787  1.127E+04   1.637094   1.637094   1.999979   1.999979   0.279599   0.000897   0.242800  -2.788016    914      0
 6.8462E+00   7.431787   0.237161 -31.779487   0.498901 -13.246818   0.000000   0.719041   0.000023   0.001400   0.063934      5
 5.4283E+08   2.029455   1.636548 -99.000000 -99.000000  -9.235881   0.000000   0.000008   0.000146   0.001360  0.000E+00      XHe_cntr

 Loading precomputed flux cube from:/home/njm/MESA/mesa/colors/data/stellar_models/Kurucz2003all//flux_cube.bin
 Loaded flux cube with dimensions:          76 x          11 x           9 x        1173
 Performing interpolation at target parameters...
 Interpolation complete
        184   7.433493  1.123E+04   1.640633   1.640633   1.999979   1.999979   0.268987   0.000897   0.242800  -2.794324    916      0
 6.8367E+00   7.433493   0.241978 -31.683387   0.500026 -13.240497   0.000000   0.729653   0.000023   0.001400   0.064634      5
 5.4970E+08   2.032964   1.640074 -99.000000 -99.000000  -9.242035   0.000000   0.000008   0.000146   0.001360  0.000E+00      XHe_cntr

 Loading precomputed flux cube from:/home/njm/MESA/mesa/colors/data/stellar_models/Kurucz2003all//flux_cube.bin
 Loaded flux cube with dimensions:          76 x          11 x           9 x        1173
 Performing interpolation at target parameters...
 Interpolation complete
        185   7.435223  1.119E+04   1.644113   1.644113   1.999979   1.999979   0.258399   0.000897   0.242800  -2.800500    916      0
 6.8262E+00   7.435223   0.246834 -31.585855   0.501133 -13.234337   0.000000   0.740241   0.000023   0.001400   0.065361      5
 5.5640E+08   2.036585   1.643541 -99.000000 -99.000000  -9.248138   0.000000   0.000008   0.000146   0.001360  0.000E+00      XHe_cntr

 Loading precomputed flux cube from:/home/njm/MESA/mesa/colors/data/stellar_models/Kurucz2003all//flux_cube.bin
 Loaded flux cube with dimensions:          76 x          11 x           9 x        1173
 Performing interpolation at target parameters...
 Interpolation complete
        186   7.436982  1.115E+04   1.647538   1.647538   1.999978   1.999978   0.247821   0.000898   0.242800  -2.806549    918      0
 6.8161E+00   7.436982   0.251735 -31.486543   0.502261 -13.228347   0.000000   0.750820   0.000023   0.001400   0.066116      5
 5.6295E+08   2.040332   1.646953 -13.671289 -99.000000  -9.254185   0.000000   0.000008   0.000146   0.001360  0.000E+00      XHe_cntr

 Loading precomputed flux cube from:/home/njm/MESA/mesa/colors/data/stellar_models/Kurucz2003all//flux_cube.bin
 Loaded flux cube with dimensions:          76 x          11 x           9 x        1173
 Performing interpolation at target parameters...
 Interpolation complete
        187   7.438789  1.111E+04   1.650910   1.650910   1.999978   1.999978   0.237148   0.000898   0.242800  -2.812471    918      0
 6.8063E+00   7.438789   0.256697 -31.384324   0.503315 -13.222516   0.000000   0.761492   0.000023   0.001400   0.066910      5
 5.6935E+08   2.044268   1.650308 -13.847380 -99.000000  -9.260184   0.000000   0.000008   0.000146   0.001360  0.000E+00      XHe_cntr

 Loading precomputed flux cube from:/home/njm/MESA/mesa/colors/data/stellar_models/Kurucz2003all//flux_cube.bin
 Loaded flux cube with dimensions:          76 x          11 x           9 x        1173
 Performing interpolation at target parameters...
 Interpolation complete
        188   7.440629  1.106E+04   1.654222   1.654222   1.999977   1.999977   0.226509   0.000898   0.242800  -2.818238    917      0
 6.7956E+00   7.440629   0.261695 -31.279944   0.504364 -13.216857   0.000000   0.772131   0.000023   0.001400   0.067735      5
 5.7559E+08   2.048342   1.653607 -99.000000 -99.000000  -9.266094   0.000000   0.000008   0.000146   0.001360  0.000E+00      XHe_cntr

 Loading precomputed flux cube from:/home/njm/MESA/mesa/colors/data/stellar_models/Kurucz2003all//flux_cube.bin
 Loaded flux cube with dimensions:          76 x          11 x           9 x        1173
 Performing interpolation at target parameters...
 Interpolation complete
        189   7.442493  1.102E+04   1.657481   1.657481   1.999977   1.999977   0.216002   0.000898   0.242800  -2.823805    916      0
 6.7845E+00   7.442493   0.266711 -31.173977   0.505494 -13.211358   0.000000   0.782638   0.000023   0.001400   0.068582      5
 5.8168E+08   2.052521   1.656855 -99.000000 -99.000000  -9.271882   0.000000   0.000008   0.000146   0.001360  0.000E+00      XHe_cntr

 Loading precomputed flux cube from:/home/njm/MESA/mesa/colors/data/stellar_models/Kurucz2003all//flux_cube.bin
 Loaded flux cube with dimensions:          76 x          11 x           9 x        1173
 Performing interpolation at target parameters...
 Interpolation complete

__________________________________________________________________________________________________________________________________________________

       step    lg_Tmax     Teff     lg_LH      lg_Lnuc_tot     Mass       H_rich     H_cntr     N_cntr     Y_surf   eta_cntr   zones  retry
  lg_dt_yrs    lg_Tcntr    lg_R     lg_L3a     lg_Lneu     lg_Mdot    He_core    He_cntr    O_cntr     Z_surf   gam_cntr   iters  
    age_yrs    lg_Dcntr    lg_L     lg_LZ      lg_Lphoto   lg_Dsurf   CO_core    C_cntr     Ne_cntr    Z_cntr   v_div_cs       dt_limit
__________________________________________________________________________________________________________________________________________________

        190   7.444421  1.098E+04   1.660699   1.660699   1.999977   1.999977   0.205393   0.000898   0.242800  -2.829189    916      0
 6.7752E+00   7.444421   0.271788 -31.063950   0.506641 -13.205994   0.000000   0.793247   0.000022   0.001400   0.069475      5
 5.8764E+08   2.056945   1.660058 -99.000000 -99.000000  -9.277586   0.000000   0.000008   0.000146   0.001360  0.000E+00      XHe_cntr

 Loading precomputed flux cube from:/home/njm/MESA/mesa/colors/data/stellar_models/Kurucz2003all//flux_cube.bin
 Loaded flux cube with dimensions:          76 x          11 x           9 x        1173
 Performing interpolation at target parameters...
 Interpolation complete
        191   7.446406  1.093E+04   1.663877   1.663877   1.999976   1.999976   0.194781   0.000898   0.242800  -2.834329    915      0
 6.7657E+00   7.446406   0.276911 -30.950298   0.507765 -13.066576   0.000000   0.803860   0.000022   0.001400   0.070408      5
 5.9347E+08   2.061591   1.663225 -99.000000 -99.000000  -9.283174   0.000000   0.000008   0.000146   0.001360  0.000E+00      XHe_cntr

 Loading precomputed flux cube from:/home/njm/MESA/mesa/colors/data/stellar_models/Kurucz2003all//flux_cube.bin
 Loaded flux cube with dimensions:          76 x          11 x           9 x        1173
 Performing interpolation at target parameters...
 Interpolation complete
        192   7.448447  1.089E+04   1.667007   1.667007   1.999975   1.999975   0.184197   0.000898   0.242800  -2.839174    915      0
 6.7552E+00   7.448447   0.282053 -30.832865   0.508960 -12.884722   0.000000   0.814444   0.000022   0.001400   0.071381      5
 5.9916E+08   2.066473   1.666344 -13.546350 -99.000000  -9.288608   0.000000   0.000008   0.000146   0.001360  0.000E+00      XHe_cntr

 Loading precomputed flux cube from:/home/njm/MESA/mesa/colors/data/stellar_models/Kurucz2003all//flux_cube.bin
 Loaded flux cube with dimensions:          76 x          11 x           9 x        1173
 Performing interpolation at target parameters...
 Interpolation complete
        193   7.450570  1.084E+04   1.670091   1.670091   1.999974   1.999974   0.173499   0.000898   0.242800  -2.843722    917      0
 6.7452E+00   7.450570   0.287234 -30.709706   0.510172 -12.751713   0.000000   0.825141   0.000022   0.001400   0.072411      5
 6.0473E+08   2.071682   1.669416 -13.847380 -99.000000  -9.291321   0.000000   0.000008   0.000146   0.001360  0.000E+00      XHe_cntr

 Loading precomputed flux cube from:/home/njm/MESA/mesa/colors/data/stellar_models/Kurucz2003all//flux_cube.bin
 Loaded flux cube with dimensions:          76 x          11 x           9 x        1173
 Performing interpolation at target parameters...
 Interpolation complete
        194   7.452776  1.080E+04   1.673123   1.673123   1.999973   1.999973   0.162835   0.000898   0.242800  -2.847940    917      0
 6.7342E+00   7.452776   0.292418 -30.581475   0.511431 -12.645316   0.000000   0.835805   0.000022   0.001400   0.073485      5
 6.1015E+08   2.077180   1.672441 -13.847380 -99.000000  -9.291642   0.000000   0.000008   0.000146   0.001359  0.000E+00      XHe_cntr

 Loading precomputed flux cube from:/home/njm/MESA/mesa/colors/data/stellar_models/Kurucz2003all//flux_cube.bin
 Loaded flux cube with dimensions:          76 x          11 x           9 x        1173
 Performing interpolation at target parameters...
 Interpolation complete
        195   7.455068  1.075E+04   1.676109   1.676109   1.999972   1.999972   0.152219   0.000898   0.242800  -2.851782    917      0
 6.7227E+00   7.455068   0.297587 -30.447622   0.512752 -12.556776   0.000000   0.846422   0.000022   0.001400   0.074605      5
 6.1543E+08   2.082985   1.675422 -13.671289 -99.000000  -9.296893   0.000000   0.000008   0.000146   0.001359  0.000E+00      XHe_cntr

 Loading precomputed flux cube from:/home/njm/MESA/mesa/colors/data/stellar_models/Kurucz2003all//flux_cube.bin
 Loaded flux cube with dimensions:          76 x          11 x           9 x        1173
 Performing interpolation at target parameters...
 Interpolation complete
        196   7.457463  1.070E+04   1.679061   1.679061   1.999970   1.999970   0.141625   0.000898   0.242800  -2.855211    917      0
 6.7121E+00   7.457463   0.302744 -30.306941   0.514145 -12.480877   0.000000   0.857016   0.000021   0.001400   0.075775      5
 6.2058E+08   2.089151   1.678371 -99.000000 -99.000000  -9.301916   0.000000   0.000008   0.000146   0.001359  0.000E+00      XHe_cntr

 Loading precomputed flux cube from:/home/njm/MESA/mesa/colors/data/stellar_models/Kurucz2003all//flux_cube.bin
 Loaded flux cube with dimensions:          76 x          11 x           9 x        1173
 Performing interpolation at target parameters...
 Interpolation complete
        197   7.459980  1.066E+04   1.681989   1.681989   1.999968   1.999968   0.131043   0.000898   0.242800  -2.858174    920      0
 6.7020E+00   7.459980   0.307880 -30.158189   0.515625 -12.414246   0.000000   0.867597   0.000021   0.001400   0.077001      5
 6.2562E+08   2.095732   1.681299 -99.000000 -99.000000  -9.306700   0.000000   0.000008   0.000146   0.001359  0.000E+00      XHe_cntr

 Loading precomputed flux cube from:/home/njm/MESA/mesa/colors/data/stellar_models/Kurucz2003all//flux_cube.bin
 Loaded flux cube with dimensions:          76 x          11 x           9 x        1173
 Performing interpolation at target parameters...
 Interpolation complete
        198   7.462676  1.061E+04   1.684900   1.684900   1.999966   1.999966   0.120331   0.000898   0.242800  -2.860571    919      0
 6.6921E+00   7.462676   0.312990 -29.997845   0.517134 -12.354863   0.000000   0.878309   0.000021   0.001400   0.078305      5
 6.3054E+08   2.102913   1.684214 -99.000000 -99.000000  -9.311240   0.000000   0.000009   0.000146   0.001359  0.000E+00      XHe_cntr

 Loading precomputed flux cube from:/home/njm/MESA/mesa/colors/data/stellar_models/Kurucz2003all//flux_cube.bin
 Loaded flux cube with dimensions:          76 x          11 x           9 x        1173
 Performing interpolation at target parameters...
 Interpolation complete
        199   7.465550  1.057E+04   1.687800   1.687800   1.999964   1.999964   0.109631   0.000899   0.242800  -2.862287    919      0
 6.6810E+00   7.465550   0.318022 -29.825863   0.518740 -12.301268   0.000000   0.889010   0.000021   0.001400   0.079675      5
 6.3534E+08   2.110687   1.687127 -99.000000 -99.000000  -9.315502   0.000000   0.000009   0.000146   0.001359  0.000E+00      XHe_cntr

 Loading precomputed flux cube from:/home/njm/MESA/mesa/colors/data/stellar_models/Kurucz2003all//flux_cube.bin
 Loaded flux cube with dimensions:          76 x          11 x           9 x        1173
 Performing interpolation at target parameters...
 Interpolation complete

__________________________________________________________________________________________________________________________________________________

       step    lg_Tmax     Teff     lg_LH      lg_Lnuc_tot     Mass       H_rich     H_cntr     N_cntr     Y_surf   eta_cntr   zones  retry
  lg_dt_yrs    lg_Tcntr    lg_R     lg_L3a     lg_Lneu     lg_Mdot    He_core    He_cntr    O_cntr     Z_surf   gam_cntr   iters  
    age_yrs    lg_Dcntr    lg_L     lg_LZ      lg_Lphoto   lg_Dsurf   CO_core    C_cntr     Ne_cntr    Z_cntr   v_div_cs       dt_limit
__________________________________________________________________________________________________________________________________________________

        200   7.468663  1.053E+04   1.690700   1.690700   1.999961   1.795764   0.098856   0.000899   0.242800  -2.863145    922      0
 6.6689E+00   7.468663   0.322930 -29.638375   0.520464 -12.252986   0.204197   0.899784   0.000021   0.001400   0.081129      5
 6.4000E+08   2.119257   1.690050 -99.000000 -99.000000  -9.319476   0.000000   0.000009   0.000146   0.001359  0.000E+00      XHe_cntr

save LOGS/profile5.data for model 200
 Loading precomputed flux cube from:/home/njm/MESA/mesa/colors/data/stellar_models/Kurucz2003all//flux_cube.bin
 Loaded flux cube with dimensions:          76 x          11 x           9 x        1173
 Performing interpolation at target parameters...
 Interpolation complete
save photos/x200 for model 200
        201   7.472026  1.049E+04   1.693619   1.693619   1.999958   1.795761   0.088151   0.000899   0.242800  -2.862961    923      0
 6.6565E+00   7.472026   0.327645 -29.434439   0.522345 -12.209561   0.204197   0.910490   0.000020   0.001400   0.082652      5
 6.4454E+08   2.128665   1.693008 -13.847380 -99.000000  -9.323154   0.000000   0.000009   0.000146   0.001359  0.000E+00      XHe_cntr

 Loading precomputed flux cube from:/home/njm/MESA/mesa/colors/data/stellar_models/Kurucz2003all//flux_cube.bin
 Loaded flux cube with dimensions:          76 x          11 x           9 x        1173
 Performing interpolation at target parameters...
 Interpolation complete
        202   7.475656  1.045E+04   1.696583   1.696583   1.999955   1.795758   0.077672   0.000899   0.242800  -2.861560    924      0
 6.6441E+00   7.475656   0.332092 -29.213100   0.524420 -12.170928   0.204197   0.920969   0.000020   0.001400   0.084224      5
 6.4894E+08   2.138943   1.696033 -13.847380 -99.000000  -9.326544   0.000000   0.000009   0.000146   0.001359  0.000E+00      XHe_cntr

 Loading precomputed flux cube from:/home/njm/MESA/mesa/colors/data/stellar_models/Kurucz2003all//flux_cube.bin
 Loaded flux cube with dimensions:          76 x          11 x           9 x        1173
 Performing interpolation at target parameters...
 Interpolation complete
        203   7.479733  1.042E+04   1.699612   1.699612   1.999952   1.795755   0.067125   0.000899   0.242800  -2.858523    923      0
 6.6295E+00   7.479733   0.336144 -28.963022   0.526568 -12.137113   0.204197   0.931516   0.000020   0.001400   0.085897      5
 6.5321E+08   2.150662   1.699153 -99.000000 -99.000000  -9.329654   0.000000   0.000009   0.000146   0.001359  0.000E+00    lg_XH_cntr

 Loading precomputed flux cube from:/home/njm/MESA/mesa/colors/data/stellar_models/Kurucz2003all//flux_cube.bin
 Loaded flux cube with dimensions:          76 x          11 x           9 x        1173
 Performing interpolation at target parameters...
 Interpolation complete
        204   7.484202  1.040E+04   1.702635   1.702635   1.999949   1.795752   0.056968   0.000899   0.242800  -2.853513    923      0
 6.5972E+00   7.484202   0.339497 -28.687621   0.528836 -12.108612   0.204197   0.941673   0.000020   0.001400   0.087601      5
 6.5716E+08   2.163695   1.702315 -99.000000 -99.000000  -9.332412   0.000000   0.000009   0.000146   0.001359  0.000E+00    lg_XH_cntr

 Loading precomputed flux cube from:/home/njm/MESA/mesa/colors/data/stellar_models/Kurucz2003all//flux_cube.bin
 Loaded flux cube with dimensions:          76 x          11 x           9 x        1173
 Performing interpolation at target parameters...
 Interpolation complete
        205   7.488842  1.039E+04   1.705536   1.705536   1.999946   1.795749   0.047828   0.000899   0.242800  -2.846632    928      0
 6.5411E+00   7.488842   0.341895 -28.399832   0.531116 -12.087285   0.204197   0.950813   0.000019   0.001400   0.089220      5
 6.6064E+08   2.177402   1.705415 -99.000000 -99.000000  -9.334754   0.000000   0.000009   0.000146   0.001359  0.000E+00    lg_XH_cntr

 Loading precomputed flux cube from:/home/njm/MESA/mesa/colors/data/stellar_models/Kurucz2003all//flux_cube.bin
 Loaded flux cube with dimensions:          76 x          11 x           9 x        1173
 Performing interpolation at target parameters...
 Interpolation complete
        206   7.493634  1.039E+04   1.708278   1.708278   1.999944   1.795746   0.039779   0.000899   0.242800  -2.837854    929      0
 6.4713E+00   7.493634   0.343240 -28.102640   0.533318 -12.074417   0.204197   0.958862   0.000019   0.001400   0.090722      5
 6.6360E+08   2.191724   1.708438 -13.847380 -99.000000  -9.336683   0.000000   0.000009   0.000146   0.001359  0.000E+00    lg_XH_cntr

 Loading precomputed flux cube from:/home/njm/MESA/mesa/colors/data/stellar_models/Kurucz2003all//flux_cube.bin
 Loaded flux cube with dimensions:          76 x          11 x           9 x        1173
 Performing interpolation at target parameters...
 Interpolation complete
        207   7.498415  1.041E+04   1.710844   1.710844   1.999942   1.795744   0.032982   0.000899   0.242800  -2.827583    930      0
 6.3923E+00   7.498415   0.343607 -27.805885   0.535413 -12.070456   0.204197   0.965659   0.000019   0.001400   0.092051      5
 6.6606E+08   2.206163   1.711361 -14.148410 -99.000000  -9.338196   0.000000   0.000010   0.000146   0.001359  0.000E+00    lg_XH_cntr

 Loading precomputed flux cube from:/home/njm/MESA/mesa/colors/data/stellar_models/Kurucz2003all//flux_cube.bin
 Loaded flux cube with dimensions:          76 x          11 x           9 x        1173
 Performing interpolation at target parameters...
 Interpolation complete
        208   7.503218  1.043E+04   1.713228   1.713228   1.999940   1.795743   0.027229   0.000899   0.242800  -2.815839    930      0
 6.3082E+00   7.503218   0.343065 -27.507791   0.537347 -12.074746   0.204197   0.971413   0.000018   0.001400   0.093228      5
 6.6810E+08   2.220840   1.714227 -99.000000 -99.000000  -9.339269   0.000000   0.000010   0.000146   0.001359  0.000E+00    lg_XH_cntr

 Loading precomputed flux cube from:/home/njm/MESA/mesa/colors/data/stellar_models/Kurucz2003all//flux_cube.bin
 Loaded flux cube with dimensions:          76 x          11 x           9 x        1173
 Performing interpolation at target parameters...
 Interpolation complete
        209   7.507991  1.046E+04   1.715445   1.715445   1.999938   1.795741   0.022436   0.000899   0.242800  -2.802835    930      0
 6.2211E+00   7.507991   0.341753 -27.211893   0.539125 -12.087246   0.204197   0.976205   0.000018   0.001400   0.094254      5
 6.6976E+08   2.235613   1.717050 -13.546350 -99.000000  -9.339859   0.000000   0.000010   0.000146   0.001359  0.000E+00    lg_XH_cntr

 Loading precomputed flux cube from:/home/njm/MESA/mesa/colors/data/stellar_models/Kurucz2003all//flux_cube.bin
 Loaded flux cube with dimensions:          76 x          11 x           9 x        1173
 Performing interpolation at target parameters...
 Interpolation complete

__________________________________________________________________________________________________________________________________________________

       step    lg_Tmax     Teff     lg_LH      lg_Lnuc_tot     Mass       H_rich     H_cntr     N_cntr     Y_surf   eta_cntr   zones  retry
  lg_dt_yrs    lg_Tcntr    lg_R     lg_L3a     lg_Lneu     lg_Mdot    He_core    He_cntr    O_cntr     Z_surf   gam_cntr   iters  
    age_yrs    lg_Dcntr    lg_L     lg_LZ      lg_Lphoto   lg_Dsurf   CO_core    C_cntr     Ne_cntr    Z_cntr   v_div_cs       dt_limit
__________________________________________________________________________________________________________________________________________________

        210   7.512639  1.050E+04   1.717491   1.717491   1.999937   1.795740   0.018531   0.000899   0.242800  -2.789012    932      0
 6.1312E+00   7.512639   0.339861 -26.924321   0.540735 -12.107534   0.204197   0.980111   0.000018   0.001400   0.095129      5
 6.7111E+08   2.250174   1.719807 -99.000000 -99.000000  -9.339939   0.000000   0.000010   0.000146   0.001359  0.000E+00    lg_XH_cntr

 Loading precomputed flux cube from:/home/njm/MESA/mesa/colors/data/stellar_models/Kurucz2003all//flux_cube.bin
 Loaded flux cube with dimensions:          76 x          11 x           9 x        1173
 Performing interpolation at target parameters...
 Interpolation complete
        211   7.517238  1.055E+04   1.719342   1.719342   1.999937   1.795739   0.015294   0.000899   0.242800  -2.774198    932      0
 6.0422E+00   7.517238   0.337472 -26.640481   0.542131 -12.134803   0.204197   0.983348   0.000018   0.001400   0.095892      5
 6.7222E+08   2.264802   1.722577 -14.148410 -99.000000  -9.339489   0.000000   0.000010   0.000146   0.001359  0.000E+00    lg_XH_cntr

 Loading precomputed flux cube from:/home/njm/MESA/mesa/colors/data/stellar_models/Kurucz2003all//flux_cube.bin
 Loaded flux cube with dimensions:          76 x          11 x           9 x        1173
 Performing interpolation at target parameters...
 Interpolation complete
        212   7.521778  1.060E+04   1.721020   1.721020   1.999936   1.795739   0.012618   0.000899   0.242800  -2.758457    932      0
 5.9539E+00   7.521778   0.334697 -26.360983   0.543333 -12.169762   0.204197   0.986024   0.000018   0.001400   0.096563      5
 6.7312E+08   2.279497   1.725374 -99.000000 -99.000000  -9.338492   0.000000   0.000010   0.000146   0.001359  0.000E+00    lg_XH_cntr

 Loading precomputed flux cube from:/home/njm/MESA/mesa/colors/data/stellar_models/Kurucz2003all//flux_cube.bin
 Loaded flux cube with dimensions:          76 x          11 x           9 x        1173
 Performing interpolation at target parameters...
 Interpolation complete
        213   7.526180  1.065E+04   1.722537   1.722537   1.999936   1.795738   0.010444   0.000899   0.242800  -2.742140    935      0
 5.8648E+00   7.526180   0.331689 -26.090732   0.544363 -12.213001   0.204197   0.988197   0.000017   0.001400   0.097147      5
 6.7385E+08   2.294015   1.728158 -99.000000 -99.000000  -9.336982   0.000000   0.000011   0.000146   0.001359  0.000E+00    lg_XH_cntr

 Loading precomputed flux cube from:/home/njm/MESA/mesa/colors/data/stellar_models/Kurucz2003all//flux_cube.bin
 Loaded flux cube with dimensions:          76 x          11 x           9 x        1173
 Performing interpolation at target parameters...
 Interpolation complete
        214   7.530522  1.071E+04   1.723796   1.723796   1.999935   1.795738   0.008639   0.000899   0.242800  -2.724880    934      0
 5.7776E+00   7.530522   0.328492 -25.824880   0.545111 -12.264609   0.204197   0.990002   0.000017   0.001400   0.097680      5
 6.7445E+08   2.308683   1.731028 -99.000000 -99.000000  -9.334977   0.000000   0.000011   0.000146   0.001359  0.000E+00    lg_XH_cntr

 Loading precomputed flux cube from:/home/njm/MESA/mesa/colors/data/stellar_models/Kurucz2003all//flux_cube.bin
 Loaded flux cube with dimensions:          76 x          11 x           9 x        1173
 Performing interpolation at target parameters...
 Interpolation complete
        215   7.534779  1.077E+04   1.724848   1.724848   1.999935   1.795738   0.007149   0.000899   0.242800  -2.706769    934      0
 5.6914E+00   7.534779   0.325181 -25.564873   0.545637 -12.327215   0.204197   0.991493   0.000017   0.001400   0.098172      5
 6.7494E+08   2.323448   1.733970 -14.148410 -99.000000  -9.332506   0.000000   0.000011   0.000146   0.001358  0.000E+00    lg_XH_cntr

 Loading precomputed flux cube from:/home/njm/MESA/mesa/colors/data/stellar_models/Kurucz2003all//flux_cube.bin
 Loaded flux cube with dimensions:          76 x          11 x           9 x        1173
 Performing interpolation at target parameters...
 Interpolation complete
        216   7.538929  1.083E+04   1.725649   1.725649   1.999935   1.795738   0.005921   0.000899   0.242800  -2.687791    934      0
 5.6048E+00   7.538929   0.321839 -25.311961   0.545901 -12.403711   0.204197   0.992720   0.000017   0.001400   0.098638      5
 6.7534E+08   2.338304   1.736986 -99.000000 -99.000000  -9.329636   0.000000   0.000011   0.000146   0.001358  0.000E+00    lg_XH_cntr

 Loading precomputed flux cube from:/home/njm/MESA/mesa/colors/data/stellar_models/Kurucz2003all//flux_cube.bin
 Loaded flux cube with dimensions:          76 x          11 x           9 x        1173
 Performing interpolation at target parameters...
 Interpolation complete
        217   7.542908  1.089E+04   1.726269   1.726269   1.999935   1.795737   0.004923   0.000899   0.242800  -2.668233    940      0
 5.5190E+00   7.542908   0.318555 -25.069882   0.545997 -12.498940   0.204197   0.993719   0.000017   0.001400   0.099084      5
 6.7567E+08   2.353046   1.740021 -99.000000 -99.000000  -9.326460   0.000000   0.000011   0.000146   0.001358  0.000E+00    lg_XH_cntr

 Loading precomputed flux cube from:/home/njm/MESA/mesa/colors/data/stellar_models/Kurucz2003all//flux_cube.bin
 Loaded flux cube with dimensions:          76 x          11 x           9 x        1173
 Performing interpolation at target parameters...
 Interpolation complete
        218   7.546754  1.095E+04   1.726555   1.726555   1.999935   1.795737   0.004097   0.000899   0.242800  -2.647724    937      0
 5.4357E+00   7.546754   0.315365 -24.836058   0.545765 -12.620812   0.204197   0.994545   0.000017   0.001400   0.099533      5
 6.7594E+08   2.367913   1.743125 -99.000000 -99.000000  -9.323048   0.000000   0.000011   0.000146   0.001358  0.000E+00    lg_XH_cntr

 Loading precomputed flux cube from:/home/njm/MESA/mesa/colors/data/stellar_models/Kurucz2003all//flux_cube.bin
 Loaded flux cube with dimensions:          76 x          11 x           9 x        1173
 Performing interpolation at target parameters...
 Interpolation complete
        219   7.550453  1.101E+04   1.726526   1.726526   1.999935   1.795737   0.003413   0.000899   0.242800  -2.626129    941      0
 5.3547E+00   7.550453   0.312299 -24.611067   0.545236 -12.789878   0.204197   0.995229   0.000017   0.001400   0.099997      5
 6.7617E+08   2.382953   1.746309 -99.000000 -99.000000  -9.319466   0.000000   0.000011   0.000146   0.001358  0.000E+00    lg_XH_cntr

 Loading precomputed flux cube from:/home/njm/MESA/mesa/colors/data/stellar_models/Kurucz2003all//flux_cube.bin
 Loaded flux cube with dimensions:          76 x          11 x           9 x        1173
 Performing interpolation at target parameters...
 Interpolation complete

__________________________________________________________________________________________________________________________________________________

       step    lg_Tmax     Teff     lg_LH      lg_Lnuc_tot     Mass       H_rich     H_cntr     N_cntr     Y_surf   eta_cntr   zones  retry
  lg_dt_yrs    lg_Tcntr    lg_R     lg_L3a     lg_Lneu     lg_Mdot    He_core    He_cntr    O_cntr     Z_surf   gam_cntr   iters  
    age_yrs    lg_Dcntr    lg_L     lg_LZ      lg_Lphoto   lg_Dsurf   CO_core    C_cntr     Ne_cntr    Z_cntr   v_div_cs       dt_limit
__________________________________________________________________________________________________________________________________________________

        220   7.554016  1.107E+04   1.726069   1.726069   1.999935   1.795737   0.002841   0.000899   0.242800  -2.603104    941      0
 5.2742E+00   7.554016   0.309389 -24.393934   0.544300 -13.008751   0.204197   0.995801   0.000016   0.001400   0.100495      5
 6.7636E+08   2.398342   1.749590 -99.000000 -99.000000  -9.315781   0.000000   0.000012   0.000146   0.001358  0.000E+00    lg_XH_cntr

 Loading precomputed flux cube from:/home/njm/MESA/mesa/colors/data/stellar_models/Kurucz2003all//flux_cube.bin
 Loaded flux cube with dimensions:          76 x          11 x           9 x        1173
 Performing interpolation at target parameters...
 Interpolation complete
        221   7.557375  1.112E+04   1.725431   1.725431   1.999935   1.795737   0.002370   0.000899   0.242800  -2.578986    952      0
 5.1937E+00   7.557375   0.306675 -24.188209   0.543234 -12.999064   0.204197   0.996272   0.000016   0.001400   0.101027      5
 6.7651E+08   2.413836   1.752885 -99.000000 -99.000000  -9.312083   0.000000   0.000012   0.000146   0.001358  0.000E+00    lg_XH_cntr

 Loading precomputed flux cube from:/home/njm/MESA/mesa/colors/data/stellar_models/Kurucz2003all//flux_cube.bin
 Loaded flux cube with dimensions:          76 x          11 x           9 x        1173
 Performing interpolation at target parameters...
 Interpolation complete
        222   7.560504  1.118E+04   1.724568   1.724568   1.999935   1.795737   0.001983   0.000899   0.242800  -2.553719    955      0
 5.1140E+00   7.560504   0.304187 -23.995983   0.542011 -12.989449   0.204197   0.996659   0.000016   0.001400   0.101604      5
 6.7664E+08   2.429425   1.756124 -99.000000 -99.000000  -9.308462   0.000000   0.000012   0.000146   0.001358  0.000E+00    lg_XH_cntr

 Loading precomputed flux cube from:/home/njm/MESA/mesa/colors/data/stellar_models/Kurucz2003all//flux_cube.bin
 Loaded flux cube with dimensions:          76 x          11 x           9 x        1173
 Performing interpolation at target parameters...
 Interpolation complete
        223   7.563394  1.123E+04   1.723366   1.723366   1.999935   1.795737   0.001661   0.000899   0.242800  -2.526977    960      0
 5.0371E+00   7.563394   0.301934 -23.816856   0.540523 -12.980092   0.204197   0.996981   0.000016   0.001400   0.102241      5
 6.7675E+08   2.445244   1.759310 -13.847380 -99.000000  -9.304977   0.000000   0.000012   0.000146   0.001358  0.000E+00    lg_XH_cntr

 Loading precomputed flux cube from:/home/njm/MESA/mesa/colors/data/stellar_models/Kurucz2003all//flux_cube.bin
 Loaded flux cube with dimensions:          76 x          11 x           9 x        1173
 Performing interpolation at target parameters...
 Interpolation complete
        224   7.566022  1.127E+04   1.722026   1.722026   1.999935   1.795737   0.001393   0.000899   0.242800  -2.498725    966      0
 4.9620E+00   7.566022   0.299919 -23.652056   0.538996 -12.970993   0.204197   0.997249   0.000016   0.001400   0.102948      5
 6.7685E+08   2.461271   1.762394 -99.000000 -99.000000  -9.301685   0.000000   0.000012   0.000146   0.001358  0.000E+00    lg_XH_cntr

 Loading precomputed flux cube from:/home/njm/MESA/mesa/colors/data/stellar_models/Kurucz2003all//flux_cube.bin
 Loaded flux cube with dimensions:          76 x          11 x           9 x        1173
 Performing interpolation at target parameters...
 Interpolation complete
        225   7.568340  1.131E+04   1.720853   1.720853   1.999935   1.795737   0.001173   0.000899   0.242800  -2.469178    966      0
 4.8881E+00   7.568340   0.298147 -23.504070   0.537765 -12.962276   0.204197   0.997469   0.000016   0.001400   0.103727      5
 6.7692E+08   2.477348   1.765297 -13.370259 -99.000000  -9.298644   0.000000   0.000012   0.000146   0.001358  0.000E+00    lg_XH_cntr

 Loading precomputed flux cube from:/home/njm/MESA/mesa/colors/data/stellar_models/Kurucz2003all//flux_cube.bin
 Loaded flux cube with dimensions:          76 x          11 x           9 x        1173
 Performing interpolation at target parameters...
 Interpolation complete
        226   7.570340  1.135E+04   1.719638   1.719638   1.999935   1.795737   0.000989   0.000899   0.242800  -2.438018    974      0
 4.8173E+00   7.570340   0.296605 -23.372978   0.536625 -12.954137   0.204197   0.997653   0.000016   0.001400   0.104592      5
 6.7699E+08   2.493600   1.767996 -13.546350 -99.000000  -9.295878   0.000000   0.000012   0.000146   0.001358  0.000E+00    lg_XH_cntr

 Loading precomputed flux cube from:/home/njm/MESA/mesa/colors/data/stellar_models/Kurucz2003all//flux_cube.bin
 Loaded flux cube with dimensions:          76 x          11 x           9 x        1173
 Performing interpolation at target parameters...
 Interpolation complete
        227   7.571988  1.138E+04   1.718951   1.718951   1.999935   1.795737   0.000836   0.000898   0.242800  -2.405395    977      0
 4.7485E+00   7.571988   0.295282 -23.260681   0.536177 -12.946625   0.204197   0.997806   0.000016   0.001400   0.105547      5
 6.7704E+08   2.509911   1.770431 -99.000000 -99.000000  -9.293414   0.000000   0.000012   0.000146   0.001358  0.000E+00    lg_XH_cntr

 Loading precomputed flux cube from:/home/njm/MESA/mesa/colors/data/stellar_models/Kurucz2003all//flux_cube.bin
 Loaded flux cube with dimensions:          76 x          11 x           9 x        1173
 Performing interpolation at target parameters...
 Interpolation complete
        228   7.573267  1.141E+04   1.718907   1.718907   1.999935   1.795737   0.000709   0.000898   0.242800  -2.371524    979      0
 4.6820E+00   7.573267   0.294163 -23.168098   0.536541 -12.939884   0.204197   0.997933   0.000016   0.001400   0.106591      4
 6.7709E+08   2.526164   1.772563 -13.671289 -99.000000  -9.291267   0.000000   0.000012   0.000146   0.001358  0.000E+00    lg_XH_cntr

 Loading precomputed flux cube from:/home/njm/MESA/mesa/colors/data/stellar_models/Kurucz2003all//flux_cube.bin
 Loaded flux cube with dimensions:          76 x          11 x           9 x        1173
 Performing interpolation at target parameters...
 Interpolation complete
        229   7.574153  1.144E+04   1.719669   1.719669   1.999935   1.795737   0.000603   0.000898   0.242800  -2.336246    979      0
 4.6190E+00   7.574153   0.293229 -23.096227   0.537885 -12.934003   0.204197   0.998039   0.000016   0.001400   0.107734      4
 6.7713E+08   2.542393   1.774370 -13.847380 -99.000000  -9.289432   0.000000   0.000012   0.000146   0.001358  0.000E+00    lg_XH_cntr

 Loading precomputed flux cube from:/home/njm/MESA/mesa/colors/data/stellar_models/Kurucz2003all//flux_cube.bin
 Loaded flux cube with dimensions:          76 x          11 x           9 x        1173
 Performing interpolation at target parameters...
 Interpolation complete

__________________________________________________________________________________________________________________________________________________

       step    lg_Tmax     Teff     lg_LH      lg_Lnuc_tot     Mass       H_rich     H_cntr     N_cntr     Y_surf   eta_cntr   zones  retry
  lg_dt_yrs    lg_Tcntr    lg_R     lg_L3a     lg_Lneu     lg_Mdot    He_core    He_cntr    O_cntr     Z_surf   gam_cntr   iters  
    age_yrs    lg_Dcntr    lg_L     lg_LZ      lg_Lphoto   lg_Dsurf   CO_core    C_cntr     Ne_cntr    Z_cntr   v_div_cs       dt_limit
__________________________________________________________________________________________________________________________________________________

        230   7.574635  1.146E+04   1.721549   1.721549   1.999935   1.795737   0.000514   0.000898   0.242800  -2.299824    979      0
 4.5585E+00   7.574635   0.292462 -23.045828   0.540515 -12.929027   0.204197   0.998128   0.000016   0.001400   0.108974      4
 6.7717E+08   2.558468   1.775830 -13.370259 -99.000000  -9.287906   0.000000   0.000012   0.000146   0.001358  0.000E+00    lg_XH_cntr

 Loading precomputed flux cube from:/home/njm/MESA/mesa/colors/data/stellar_models/Kurucz2003all//flux_cube.bin
 Loaded flux cube with dimensions:          76 x          11 x           9 x        1173
 Performing interpolation at target parameters...
 Interpolation complete
        231   7.574707  1.147E+04   1.724654   1.724654   1.999935   1.795737   0.000440   0.000898   0.242800  -2.262474    983      0
 4.5009E+00   7.574707   0.291844 -23.017310   0.544513 -12.924999   0.204197   0.998202   0.000016   0.001400   0.110306      4
 6.7720E+08   2.574287   1.776938 -99.000000 -99.000000  -9.286676   0.000000   0.000012   0.000146   0.001358  0.000E+00    lg_XH_cntr

 Loading precomputed flux cube from:/home/njm/MESA/mesa/colors/data/stellar_models/Kurucz2003all//flux_cube.bin
 Loaded flux cube with dimensions:          76 x          11 x           9 x        1173
 Performing interpolation at target parameters...
 Interpolation complete
        232   7.574374  1.148E+04   1.728976   1.728976   1.999935   1.795737   0.000377   0.000898   0.242800  -2.224364    986      0
 4.4468E+00   7.574374   0.291357 -23.010499   0.549837 -12.921922   0.204197   0.998265   0.000016   0.001400   0.111729      4
 6.7723E+08   2.589789   1.777704 -99.000000 -99.000000  -9.285719   0.000000   0.000012   0.000146   0.001358  0.000E+00    lg_XH_cntr

 Loading precomputed flux cube from:/home/njm/MESA/mesa/colors/data/stellar_models/Kurucz2003all//flux_cube.bin
 Loaded flux cube with dimensions:          76 x          11 x           9 x        1173
 Performing interpolation at target parameters...
 Interpolation complete
        233   7.573599  1.149E+04   1.734460   1.734460   1.999935   1.795737   0.000324   0.000898   0.242800  -2.185804    988      0
 4.3959E+00   7.573599   0.290983 -23.024094   0.556390 -12.919764   0.204197   0.998318   0.000016   0.001400   0.113239      3
 6.7725E+08   2.604786   1.778144 -99.000000 -99.000000  -9.285013   0.000000   0.000012   0.000146   0.001358  0.000E+00    lg_XH_cntr

 Loading precomputed flux cube from:/home/njm/MESA/mesa/colors/data/stellar_models/Kurucz2003all//flux_cube.bin
 Loaded flux cube with dimensions:          76 x          11 x           9 x        1173
 Performing interpolation at target parameters...
 Interpolation complete
        234   7.572496  1.150E+04   1.740783   1.740783   1.999935   1.796885   0.000280   0.000898   0.242800  -2.146793    986      0
 4.3485E+00   7.572496   0.290708 -23.058944   0.563801 -12.918473   0.203050   0.998362   0.000016   0.001400   0.114824      3
 6.7728E+08   2.619449   1.778289 -99.000000 -99.000000  -9.284530   0.000000   0.000013   0.000146   0.001358  0.000E+00    lg_XH_cntr

 Loading precomputed flux cube from:/home/njm/MESA/mesa/colors/data/stellar_models/Kurucz2003all//flux_cube.bin
 Loaded flux cube with dimensions:          76 x          11 x           9 x        1173
 Performing interpolation at target parameters...
 Interpolation complete
        235   7.571054  1.150E+04   1.747785   1.747785   1.999935   1.796885   0.000242   0.000898   0.242800  -2.107819    987      0
 4.3034E+00   7.571054   0.290518 -23.112437   0.571870 -12.917969   0.203050   0.998400   0.000016   0.001400   0.116471      4
 6.7730E+08   2.633560   1.778169 -99.000000 -99.000000  -9.284245   0.000000   0.000013   0.000146   0.001358  0.000E+00    lg_XH_cntr

 Loading precomputed flux cube from:/home/njm/MESA/mesa/colors/data/stellar_models/Kurucz2003all//flux_cube.bin
 Loaded flux cube with dimensions:          76 x          11 x           9 x        1173
 Performing interpolation at target parameters...
 Interpolation complete
        236   7.569301  1.150E+04   1.755006   1.755006   1.999935   1.796885   0.000209   0.000898   0.242800  -2.068948    987      0
 4.2620E+00   7.569301   0.290402 -23.183236   0.580103 -12.918163   0.203050   0.998433   0.000016   0.001400   0.118176      4
 6.7732E+08   2.647131   1.777825 -13.847380 -99.000000  -9.284129   0.000000   0.000013   0.000146   0.001358  0.000E+00    lg_XH_cntr

 Loading precomputed flux cube from:/home/njm/MESA/mesa/colors/data/stellar_models/Kurucz2003all//flux_cube.bin
 Loaded flux cube with dimensions:          76 x          11 x           9 x        1173
 Performing interpolation at target parameters...
 Interpolation complete
        237   7.567267  1.149E+04   1.762169   1.762169   1.999935   1.796885   0.000182   0.000898   0.242800  -2.030319    987      0
 4.2234E+00   7.567267   0.290348 -23.269710   0.588201 -12.918953   0.203050   0.998460   0.000016   0.001400   0.119931      3
 6.7733E+08   2.660150   1.777296 -13.546350 -99.000000  -9.284157   0.000000   0.000013   0.000146   0.001358  0.000E+00    lg_XH_cntr

 Loading precomputed flux cube from:/home/njm/MESA/mesa/colors/data/stellar_models/Kurucz2003all//flux_cube.bin
 Loaded flux cube with dimensions:          76 x          11 x           9 x        1173
 Performing interpolation at target parameters...
 Interpolation complete
        238   7.565002  1.149E+04   1.768974   1.768974   1.999935   1.796885   0.000158   0.000898   0.242800  -1.992302    992      0
 4.1853E+00   7.565002   0.290348 -23.369137   0.595847 -12.920235   0.203050   0.998484   0.000016   0.001400   0.121717      3
 6.7735E+08   2.672539   1.776624 -99.000000 -99.000000  -9.284302   0.000000   0.000013   0.000146   0.001358  0.000E+00    lg_XH_cntr

 Loading precomputed flux cube from:/home/njm/MESA/mesa/colors/data/stellar_models/Kurucz2003all//flux_cube.bin
 Loaded flux cube with dimensions:          76 x          11 x           9 x        1173
 Performing interpolation at target parameters...
 Interpolation complete
        239   7.562536  1.148E+04   1.775205   1.775205   1.999935   1.796885   0.000137   0.000898   0.242800  -1.954966    994      0
 4.1492E+00   7.562536   0.290393 -23.479314   0.602819 -12.921900   0.203050   0.998505   0.000016   0.001400   0.123528      4
 6.7736E+08   2.684314   1.775848 -99.000000 -99.000000  -9.284543   0.000000   0.000013   0.000146   0.001358  0.000E+00    lg_XH_cntr

 Loading precomputed flux cube from:/home/njm/MESA/mesa/colors/data/stellar_models/Kurucz2003all//flux_cube.bin
 Loaded flux cube with dimensions:          76 x          11 x           9 x        1173
 Performing interpolation at target parameters...
 Interpolation complete

__________________________________________________________________________________________________________________________________________________

       step    lg_Tmax     Teff     lg_LH      lg_Lnuc_tot     Mass       H_rich     H_cntr     N_cntr     Y_surf   eta_cntr   zones  retry
  lg_dt_yrs    lg_Tcntr    lg_R     lg_L3a     lg_Lneu     lg_Mdot    He_core    He_cntr    O_cntr     Z_surf   gam_cntr   iters  
    age_yrs    lg_Dcntr    lg_L     lg_LZ      lg_Lphoto   lg_Dsurf   CO_core    C_cntr     Ne_cntr    Z_cntr   v_div_cs       dt_limit
__________________________________________________________________________________________________________________________________________________

        240   7.559921  1.148E+04   1.780722   1.780722   1.999935   1.796885   0.000119   0.000898   0.242800  -1.918624    996      0
 4.1131E+00   7.559921   0.290476 -23.596425   0.608979 -12.923847   0.203050   0.998523   0.000016   0.001400   0.125344      3
 6.7737E+08   2.695428   1.775006 -13.069229 -99.000000  -9.284857   0.000000   0.000013   0.000146   0.001358  0.000E+00    lg_XH_cntr

 Loading precomputed flux cube from:/home/njm/MESA/mesa/colors/data/stellar_models/Kurucz2003all//flux_cube.bin
 Loaded flux cube with dimensions:          76 x          11 x           9 x        1173
 Performing interpolation at target parameters...
 Interpolation complete
        241   7.557184  1.147E+04   1.785455   1.785455   1.999935   1.796885   0.000104   0.000898   0.242800  -1.883337    996      0
 4.0779E+00   7.557184   0.290589 -23.716432   0.614262 -12.925978   0.203050   0.998538   0.000016   0.001400   0.127158      4
 6.7739E+08   2.705896   1.774130 -99.000000 -99.000000  -9.285226   0.000000   0.000013   0.000146   0.001358  0.000E+00    lg_XH_cntr

 Loading precomputed flux cube from:/home/njm/MESA/mesa/colors/data/stellar_models/Kurucz2003all//flux_cube.bin
 Loaded flux cube with dimensions:          76 x          11 x           9 x        1173
 Performing interpolation at target parameters...
 Interpolation complete
        242   7.554339  1.146E+04   1.789426   1.789426   1.999935   1.796885   0.000090   0.000898   0.242800  -1.848976    995      0
 4.0459E+00   7.554339   0.290728 -23.834711   0.618704 -12.928208   0.203050   0.998552   0.000016   0.001400   0.128975      4
 6.7740E+08   2.715794   1.773241 -99.000000 -99.000000  -9.285636   0.000000   0.000013   0.000146   0.001358  0.000E+00    lg_XH_cntr

 Loading precomputed flux cube from:/home/njm/MESA/mesa/colors/data/stellar_models/Kurucz2003all//flux_cube.bin
 Loaded flux cube with dimensions:          76 x          11 x           9 x        1173
 Performing interpolation at target parameters...
 Interpolation complete
        243   7.551448  1.145E+04   1.792657   1.792657   1.999935   1.796885   0.000078   0.000898   0.242800  -1.815945    993      0
 4.0114E+00   7.551448   0.290887 -23.945073   0.622333 -12.930485   0.203050   0.998564   0.000016   0.001400   0.130766      3
 6.7741E+08   2.725051   1.772367 -99.000000 -99.000000  -9.286071   0.000000   0.000013   0.000146   0.001358  0.000E+00    lg_XH_cntr

 Loading precomputed flux cube from:/home/njm/MESA/mesa/colors/data/stellar_models/Kurucz2003all//flux_cube.bin
 Loaded flux cube with dimensions:          76 x          11 x           9 x        1173
 Performing interpolation at target parameters...
 Interpolation complete
        244   7.548773  1.145E+04   1.795214   1.795214   1.999935   1.796885   0.000068   0.000898   0.242800  -1.785779    991      0
 3.9747E+00   7.548773   0.291059 -24.044347   0.625225 -12.932736   0.203050   0.998574   0.000016   0.001400   0.132426      3
 6.7742E+08   2.733434   1.771527 -99.000000 -99.000000  -9.286517   0.000000   0.000013   0.000146   0.001358  0.000E+00    lg_XH_cntr

 Loading precomputed flux cube from:/home/njm/MESA/mesa/colors/data/stellar_models/Kurucz2003all//flux_cube.bin
 Loaded flux cube with dimensions:          76 x          11 x           9 x        1173
 Performing interpolation at target parameters...
 Interpolation complete
        245   7.546339  1.144E+04   1.797234   1.797234   1.999935   1.796885   0.000061   0.000898   0.242800  -1.758223    991      0
 3.9476E+00   7.546339   0.291246 -24.134527   0.627531 -12.934908   0.203050   0.998581   0.000016   0.001400   0.133957      3
 6.7743E+08   2.741089   1.770716 -13.303312 -99.000000  -9.286977   0.000000   0.000013   0.000146   0.001358  0.000E+00    lg_XH_cntr

 Loading precomputed flux cube from:/home/njm/MESA/mesa/colors/data/stellar_models/Kurucz2003all//flux_cube.bin
 Loaded flux cube with dimensions:          76 x          11 x           9 x        1173
 Performing interpolation at target parameters...
 Interpolation complete
        246   7.544095  1.143E+04   1.798858   1.798858   1.999935   1.796885   0.000055   0.000898   0.242800  -1.732138    985      0
 3.9391E+00   7.544095   0.291452 -24.218957   0.629411 -12.937018   0.203050   0.998587   0.000016   0.001400   0.135412      3
 6.7743E+08   2.748412   1.769907 -13.303312 -99.000000  -9.287465   0.000000   0.000013   0.000146   0.001358  0.000E+00    lg_XH_cntr

 Loading precomputed flux cube from:/home/njm/MESA/mesa/colors/data/stellar_models/Kurucz2003all//flux_cube.bin
 Loaded flux cube with dimensions:          76 x          11 x           9 x        1173
 Performing interpolation at target parameters...
 Interpolation complete
        247   7.541546  1.142E+04   1.800290   1.800290   1.999935   1.796885   0.000048   0.000898   0.242800  -1.702249    984      0
 4.0183E+00   7.541546   0.291736 -24.315365   0.631115 -12.939131   0.203050   0.998594   0.000016   0.001400   0.137093      3
 6.7745E+08   2.756817   1.768934 -13.671289 -99.000000  -9.288104   0.000000   0.000013   0.000146   0.001358  0.000E+00  max increase

 Loading precomputed flux cube from:/home/njm/MESA/mesa/colors/data/stellar_models/Kurucz2003all//flux_cube.bin
 Loaded flux cube with dimensions:          76 x          11 x           9 x        1173
 Performing interpolation at target parameters...
 Interpolation complete
        248   7.538760  1.141E+04   1.801375   1.801375   1.999935   1.794203   0.000042   0.000898   0.242800  -1.668344    983      0
 4.0975E+00   7.538760   0.292131 -24.423024   0.632483 -12.941694   0.205731   0.998600   0.000016   0.001400   0.139005      3
 6.7746E+08   2.766488   1.767790 -99.000000 -99.000000  -9.288943   0.000000   0.000012   0.000146   0.001358  0.000E+00    lg_XH_cntr

 Loading precomputed flux cube from:/home/njm/MESA/mesa/colors/data/stellar_models/Kurucz2003all//flux_cube.bin
 Loaded flux cube with dimensions:          76 x          11 x           9 x        1173
 Performing interpolation at target parameters...
 Interpolation complete
        249   7.536376  1.140E+04   1.801921   1.801921   1.999934   1.794203   0.000038   0.000899   0.242800  -1.639166    983      0
 4.0552E+00   7.536376   0.292535 -24.512655   0.633252 -12.944740   0.205731   0.998604   0.000016   0.001400   0.140667      3
 6.7747E+08   2.774811   1.766793 -14.148410 -99.000000  -9.289762   0.000000   0.000012   0.000146   0.001358  0.000E+00    lg_XH_cntr

 Loading precomputed flux cube from:/home/njm/MESA/mesa/colors/data/stellar_models/Kurucz2003all//flux_cube.bin
 Loaded flux cube with dimensions:          76 x          11 x           9 x        1173
 Performing interpolation at target parameters...
 Interpolation complete

__________________________________________________________________________________________________________________________________________________

       step    lg_Tmax     Teff     lg_LH      lg_Lnuc_tot     Mass       H_rich     H_cntr     N_cntr     Y_surf   eta_cntr   zones  retry
  lg_dt_yrs    lg_Tcntr    lg_R     lg_L3a     lg_Lneu     lg_Mdot    He_core    He_cntr    O_cntr     Z_surf   gam_cntr   iters  
    age_yrs    lg_Dcntr    lg_L     lg_LZ      lg_Lphoto   lg_Dsurf   CO_core    C_cntr     Ne_cntr    Z_cntr   v_div_cs       dt_limit
__________________________________________________________________________________________________________________________________________________

        250   7.534284  1.138E+04   1.802135   1.802135   1.999934   1.794203   0.000034   0.000899   0.242800  -1.611833    981      0
 4.0478E+00   7.534284   0.292978 -24.595023   0.633658 -12.947428   0.205731   0.998608   0.000016   0.001400   0.142218      3
 6.7748E+08   2.782803   1.765869 -13.245320 -99.000000  -9.290620   0.000000   0.000012   0.000146   0.001358  0.000E+00    lg_XH_cntr

save LOGS/profile6.data for model 250
 Loading precomputed flux cube from:/home/njm/MESA/mesa/colors/data/stellar_models/Kurucz2003all//flux_cube.bin
 Loaded flux cube with dimensions:          76 x          11 x           9 x        1173
 Performing interpolation at target parameters...
 Interpolation complete
save photos/x250 for model 250
        251   7.531901  1.137E+04   1.801972   1.801972   1.999934   1.794203   0.000030   0.000899   0.242800  -1.580901    982      0
 4.1270E+00   7.531901   0.293577 -24.684706   0.633690 -12.949953   0.205731   0.998612   0.000016   0.001400   0.143993      3
 6.7749E+08   2.791802   1.764871 -99.000000 -99.000000  -9.291724   0.000000   0.000012   0.000146   0.001358  0.000E+00  max increase

 Loading precomputed flux cube from:/home/njm/MESA/mesa/colors/data/stellar_models/Kurucz2003all//flux_cube.bin
 Loaded flux cube with dimensions:          76 x          11 x           9 x        1173
 Performing interpolation at target parameters...
 Interpolation complete
        252   7.529342  1.135E+04   1.801459   1.801459   1.999934   1.794203   0.000026   0.000899   0.242800  -1.546227    983      0
 4.2062E+00   7.529342   0.294392 -24.780817   0.633373 -12.952747   0.205731   0.998616   0.000016   0.001400   0.145987      3
 6.7751E+08   2.802031   1.763872 -13.671289 -99.000000  -9.293148   0.000000   0.000012   0.000146   0.001358  0.000E+00    lg_XH_cntr

 Loading precomputed flux cube from:/home/njm/MESA/mesa/colors/data/stellar_models/Kurucz2003all//flux_cube.bin
 Loaded flux cube with dimensions:          76 x          11 x           9 x        1173
 Performing interpolation at target parameters...
 Interpolation complete
        253   7.527248  1.134E+04   1.800857   1.800857   1.999934   1.794203   0.000023   0.000899   0.242800  -1.516737    983      0
 4.1606E+00   7.527248   0.295204 -24.859091   0.632923 -12.955657   0.205731   0.998619   0.000016   0.001400   0.147688      3
 6.7752E+08   2.810835   1.763160 -99.000000 -99.000000  -9.294505   0.000000   0.000012   0.000146   0.001358  0.000E+00    lg_XH_cntr

 Loading precomputed flux cube from:/home/njm/MESA/mesa/colors/data/stellar_models/Kurucz2003all//flux_cube.bin
 Loaded flux cube with dimensions:          76 x          11 x           9 x        1173
 Performing interpolation at target parameters...
 Interpolation complete
        254   7.525383  1.132E+04   1.800223   1.800223   1.999934   1.794203   0.000021   0.000899   0.242800  -1.489468    987      0
 4.1497E+00   7.525383   0.296066 -24.928484   0.632418 -12.957856   0.205731   0.998621   0.000016   0.001400   0.149264      3
 6.7754E+08   2.819061   1.762658 -13.546350 -99.000000  -9.295892   0.000000   0.000012   0.000146   0.001358  0.000E+00    lg_XH_cntr

 Loading precomputed flux cube from:/home/njm/MESA/mesa/colors/data/stellar_models/Kurucz2003all//flux_cube.bin
 Loaded flux cube with dimensions:          76 x          11 x           9 x        1173
 Performing interpolation at target parameters...
 Interpolation complete
        255   7.523359  1.131E+04   1.799487   1.799487   1.999934   1.794203   0.000018   0.000899   0.242800  -1.458671    987      0
 4.2289E+00   7.523359   0.297193 -25.003161   0.631818 -12.959560   0.205731   0.998624   0.000016   0.001400   0.151047      3
 6.7756E+08   2.828456   1.762344 -99.000000 -99.000000  -9.297638   0.000000   0.000012   0.000146   0.001358  0.000E+00  max increase

 Loading precomputed flux cube from:/home/njm/MESA/mesa/colors/data/stellar_models/Kurucz2003all//flux_cube.bin
 Loaded flux cube with dimensions:          76 x          11 x           9 x        1173
 Performing interpolation at target parameters...
 Interpolation complete
        256   7.521186  1.129E+04   1.798759   1.798759   1.999934   1.794203   0.000016   0.000899   0.242800  -1.424134    989      0
 4.3080E+00   7.521186   0.298662 -25.082653   0.631233 -12.960941   0.205731   0.998626   0.000016   0.001400   0.153052      3
 6.7758E+08   2.839106   1.762379 -14.148410 -99.000000  -9.299827   0.000000   0.000012   0.000146   0.001358  0.000E+00    lg_XH_cntr

 Loading precomputed flux cube from:/home/njm/MESA/mesa/colors/data/stellar_models/Kurucz2003all//flux_cube.bin
 Loaded flux cube with dimensions:          76 x          11 x           9 x        1173
 Performing interpolation at target parameters...
 Interpolation complete
        257   7.519431  1.127E+04   1.798290   1.798290   1.999934   1.794203   0.000014   0.000899   0.242800  -1.395278    989      0
 4.2539E+00   7.519431   0.300034 -25.146237   0.630880 -12.961641   0.205731   0.998628   0.000016   0.001400   0.154733      3
 6.7759E+08   2.848073   1.762718 -13.671289 -99.000000  -9.301813   0.000000   0.000012   0.000146   0.001358  0.000E+00    lg_XH_cntr

 Loading precomputed flux cube from:/home/njm/MESA/mesa/colors/data/stellar_models/Kurucz2003all//flux_cube.bin
 Loaded flux cube with dimensions:          76 x          11 x           9 x        1173
 Performing interpolation at target parameters...
 Interpolation complete
        258   7.517762  1.126E+04   1.797982   1.797982   1.999934   1.794203   0.000012   0.000899   0.242800  -1.368742    991      0
 4.2359E+00   7.517762   0.301405 -25.205851   0.630674 -12.961534   0.205731   0.998629   0.000016   0.001400   0.156303      3
 6.7761E+08   2.856213   1.763301 -13.107017 -99.000000  -9.303752   0.000000   0.000012   0.000146   0.001358  0.000E+00    lg_XH_cntr

 Loading precomputed flux cube from:/home/njm/MESA/mesa/colors/data/stellar_models/Kurucz2003all//flux_cube.bin
 Loaded flux cube with dimensions:          76 x          11 x           9 x        1173
 Performing interpolation at target parameters...
 Interpolation complete
        259   7.515945  1.124E+04   1.797856   1.797856   1.999934   1.794203   0.000011   0.000899   0.242800  -1.338725    995      0
 4.3150E+00   7.515945   0.303100 -25.266691   0.630663 -12.960825   0.205731   0.998631   0.000016   0.001400   0.158083      3
 6.7763E+08   2.865507   1.764308 -13.194167 -99.000000  -9.306099   0.000000   0.000012   0.000146   0.001358  0.000E+00  max increase

 Loading precomputed flux cube from:/home/njm/MESA/mesa/colors/data/stellar_models/Kurucz2003all//flux_cube.bin
 Loaded flux cube with dimensions:          76 x          11 x           9 x        1173
 Performing interpolation at target parameters...
 Interpolation complete

__________________________________________________________________________________________________________________________________________________

       step    lg_Tmax     Teff     lg_LH      lg_Lnuc_tot     Mass       H_rich     H_cntr     N_cntr     Y_surf   eta_cntr   zones  retry
  lg_dt_yrs    lg_Tcntr    lg_R     lg_L3a     lg_Lneu     lg_Mdot    He_core    He_cntr    O_cntr     Z_surf   gam_cntr   iters  
    age_yrs    lg_Dcntr    lg_L     lg_LZ      lg_Lphoto   lg_Dsurf   CO_core    C_cntr     Ne_cntr    Z_cntr   v_div_cs       dt_limit
__________________________________________________________________________________________________________________________________________________

        260   7.514044  1.123E+04   1.797976   1.797976   1.999934   1.794203   0.000009   0.000899   0.242800  -1.305380    999      0
 4.3942E+00   7.514044   0.305163 -25.332448   0.630911 -12.959235   0.205731   0.998632   0.000016   0.001400   0.160058      3
 6.7766E+08   2.875977   1.765855 -99.000000 -99.000000  -9.308900   0.000000   0.000012   0.000146   0.001358  0.000E+00    lg_XH_cntr

 Loading precomputed flux cube from:/home/njm/MESA/mesa/colors/data/stellar_models/Kurucz2003all//flux_cube.bin
 Loaded flux cube with dimensions:          76 x          11 x           9 x        1173
 Performing interpolation at target parameters...
 Interpolation complete
        261   7.512559  1.121E+04   1.798248   1.798248   1.999934   1.794203   0.000008   0.000899   0.242800  -1.278180   1000      0
 4.3315E+00   7.512559   0.306945 -25.386201   0.631287 -12.956506   0.205731   0.998634   0.000016   0.001400   0.161672      3
 6.7768E+08   2.884593   1.767382 -99.000000 -99.000000  -9.311287   0.000000   0.000012   0.000146   0.001358  0.000E+00    lg_XH_cntr

 Loading precomputed flux cube from:/home/njm/MESA/mesa/colors/data/stellar_models/Kurucz2003all//flux_cube.bin
 Loaded flux cube with dimensions:          76 x          11 x           9 x        1173
 Performing interpolation at target parameters...
 Interpolation complete
        262   7.511218  1.120E+04   1.798605   1.798605   1.999934   1.794203   0.000007   0.000899   0.242800  -1.253597   1002      0
 4.3073E+00   7.511218   0.308610 -25.435098   0.631736 -12.953678   0.205731   0.998634   0.000016   0.001400   0.163143      3
 6.7770E+08   2.892363   1.768931 -99.000000 -99.000000  -9.313493   0.000000   0.000012   0.000146   0.001358  0.000E+00    lg_XH_cntr

 Loading precomputed flux cube from:/home/njm/MESA/mesa/colors/data/stellar_models/Kurucz2003all//flux_cube.bin
 Loaded flux cube with dimensions:          76 x          11 x           9 x        1173
 Performing interpolation at target parameters...
 Interpolation complete
        263   7.509911  1.119E+04   1.799010   1.799010   1.999934   1.794203   0.000007   0.000899   0.242800  -1.230356   1008      0
 4.2995E+00   7.509911   0.310209 -25.481938   0.632226 -12.950730   0.205731   0.998635   0.000016   0.001400   0.164551      3
 6.7772E+08   2.899633   1.770505 -13.847380 -99.000000  -9.315596   0.000000   0.000012   0.000146   0.001358  0.000E+00    lg_XH_cntr

 Loading precomputed flux cube from:/home/njm/MESA/mesa/colors/data/stellar_models/Kurucz2003all//flux_cube.bin
 Loaded flux cube with dimensions:          76 x          11 x           9 x        1173
 Performing interpolation at target parameters...
 Interpolation complete
        264   7.508465  1.118E+04   1.799508   1.799508   1.999934   1.794203   0.000006   0.000900   0.242800  -1.203903   1009      0
 4.3787E+00   7.508465   0.312055 -25.533181   0.632815 -12.947686   0.205731   0.998636   0.000016   0.001400   0.166157      3
 6.7774E+08   2.907951   1.772400 -99.000000 -99.000000  -9.318011   0.000000   0.000011   0.000146   0.001358  0.000E+00  max increase

 Loading precomputed flux cube from:/home/njm/MESA/mesa/colors/data/stellar_models/Kurucz2003all//flux_cube.bin
 Loaded flux cube with dimensions:          76 x          11 x           9 x        1173
 Performing interpolation at target parameters...
 Interpolation complete
        265   7.506838  1.117E+04   1.800150   1.800150   1.999934   1.794203   0.000005   0.000900   0.242800  -1.174032   1009      0
 4.4579E+00   7.506838   0.314152 -25.591528   0.633558 -12.943979   0.205731   0.998637   0.000016   0.001400   0.167985      3
 6.7777E+08   2.917326   1.774600 -13.245320 -99.000000  -9.320736   0.000000   0.000011   0.000146   0.001358  0.000E+00    lg_XH_cntr

 Loading precomputed flux cube from:/home/njm/MESA/mesa/colors/data/stellar_models/Kurucz2003all//flux_cube.bin
 Loaded flux cube with dimensions:          76 x          11 x           9 x        1173
 Performing interpolation at target parameters...
 Interpolation complete
        266   7.505492  1.116E+04   1.800686   1.800686   1.999934   1.794203   0.000004   0.000900   0.242800  -1.149389   1013      0
 4.3951E+00   7.505492   0.315872 -25.640011   0.634172 -12.939650   0.205731   0.998637   0.000016   0.001400   0.169507      3
 6.7780E+08   2.925033   1.776419 -13.847380 -99.000000  -9.322964   0.000000   0.000011   0.000146   0.001358  0.000E+00    lg_XH_cntr

 Loading precomputed flux cube from:/home/njm/MESA/mesa/colors/data/stellar_models/Kurucz2003all//flux_cube.bin
 Loaded flux cube with dimensions:          76 x          11 x           9 x        1173
 Performing interpolation at target parameters...
 Interpolation complete
        267   7.504279  1.115E+04   1.801162   1.801162   1.999934   1.794203   0.000004   0.000900   0.242800  -1.127127   1011      0
 4.3700E+00   7.504279   0.317410 -25.683604   0.634714 -12.936064   0.205731   0.998638   0.000016   0.001400   0.170890      3
 6.7782E+08   2.931982   1.778035 -13.194167 -99.000000  -9.324950   0.000000   0.000011   0.000146   0.001358  0.000E+00    lg_XH_cntr

 Loading precomputed flux cube from:/home/njm/MESA/mesa/colors/data/stellar_models/Kurucz2003all//flux_cube.bin
 Loaded flux cube with dimensions:          76 x          11 x           9 x        1173
 Performing interpolation at target parameters...
 Interpolation complete
        268   7.503132  1.114E+04   1.801580   1.801580   1.999934   1.794203   0.000003   0.000900   0.242800  -1.106204   1014      0
 4.3611E+00   7.503132   0.318835 -25.724735   0.635191 -12.932883   0.205731   0.998638   0.000016   0.001400   0.172200      3
 6.7784E+08   2.938489   1.779513 -99.000000 -99.000000  -9.326787   0.000000   0.000011   0.000146   0.001358  0.000E+00    lg_XH_cntr

 Loading precomputed flux cube from:/home/njm/MESA/mesa/colors/data/stellar_models/Kurucz2003all//flux_cube.bin
 Loaded flux cube with dimensions:          76 x          11 x           9 x        1173
 Performing interpolation at target parameters...
 Interpolation complete
        269   7.501822  1.113E+04   1.802013   1.802013   1.999934   1.794203   0.000003   0.000900   0.242800  -1.082305   1014      0
 4.4403E+00   7.501822   0.320434 -25.771369   0.635686 -12.929982   0.205731   0.998639   0.000016   0.001400   0.173706      3
 6.7787E+08   2.945904   1.781133 -13.847380 -99.000000  -9.328844   0.000000   0.000011   0.000146   0.001358  0.000E+00  max increase

 Loading precomputed flux cube from:/home/njm/MESA/mesa/colors/data/stellar_models/Kurucz2003all//flux_cube.bin
 Loaded flux cube with dimensions:          76 x          11 x           9 x        1173
 Performing interpolation at target parameters...
 Interpolation complete

__________________________________________________________________________________________________________________________________________________

       step    lg_Tmax     Teff     lg_LH      lg_Lnuc_tot     Mass       H_rich     H_cntr     N_cntr     Y_surf   eta_cntr   zones  retry
  lg_dt_yrs    lg_Tcntr    lg_R     lg_L3a     lg_Lneu     lg_Mdot    He_core    He_cntr    O_cntr     Z_surf   gam_cntr   iters  
    age_yrs    lg_Dcntr    lg_L     lg_LZ      lg_Lphoto   lg_Dsurf   CO_core    C_cntr     Ne_cntr    Z_cntr   v_div_cs       dt_limit
__________________________________________________________________________________________________________________________________________________

        270   7.500321  1.112E+04   1.802445   1.802445   1.999934   1.794203   0.000003   0.000900   0.242800  -1.055190   1021      0
 4.5195E+00   7.500321   0.322208 -25.823978   0.636184 -12.926827   0.205731   0.998639   0.000016   0.001400   0.175431      3
 6.7790E+08   2.954271   1.782869 -13.194167 -99.000000  -9.331123   0.000000   0.000011   0.000146   0.001358  0.000E+00    lg_XH_cntr

 Loading precomputed flux cube from:/home/njm/MESA/mesa/colors/data/stellar_models/Kurucz2003all//flux_cube.bin
 Loaded flux cube with dimensions:          76 x          11 x           9 x        1173
 Performing interpolation at target parameters...
 Interpolation complete
        271   7.499110  1.111E+04   1.802776   1.802776   1.999934   1.794203   0.000002   0.000900   0.242800  -1.032950   1021      0
 4.4545E+00   7.499110   0.323639 -25.866440   0.636563 -12.923473   0.205731   0.998639   0.000016   0.001400   0.176851      3
 6.7793E+08   2.961144   1.784229 -13.148410 -99.000000  -9.332957   0.000000   0.000011   0.000146   0.001358  0.000E+00    lg_XH_cntr

 Loading precomputed flux cube from:/home/njm/MESA/mesa/colors/data/stellar_models/Kurucz2003all//flux_cube.bin
 Loaded flux cube with dimensions:          76 x          11 x           9 x        1173
 Performing interpolation at target parameters...
 Interpolation complete
        272   7.498026  1.110E+04   1.803051   1.803051   1.999934   1.794203   0.000002   0.000900   0.242800  -1.012938   1021      0
 4.4277E+00   7.498026   0.324907 -25.904277   0.636880 -12.920871   0.205731   0.998640   0.000016   0.001400   0.178136      3
 6.7796E+08   2.967323   1.785397 -12.972319 -99.000000  -9.334578   0.000000   0.000011   0.000146   0.001358  0.000E+00    lg_XH_cntr

 Loading precomputed flux cube from:/home/njm/MESA/mesa/colors/data/stellar_models/Kurucz2003all//flux_cube.bin
 Loaded flux cube with dimensions:          76 x          11 x           9 x        1173
 Performing interpolation at target parameters...
 Interpolation complete
        273   7.497013  1.109E+04   1.803292   1.803292   1.999934   1.794203   0.000002   0.000900   0.242800  -0.994180   1021      0
 4.4175E+00   7.497013   0.326078 -25.939325   0.637157 -12.918655   0.205731   0.998640   0.000016   0.001400   0.179347      3
 6.7798E+08   2.973107   1.786444 -99.000000 -99.000000  -9.336073   0.000000   0.000011   0.000146   0.001358  0.000E+00    lg_XH_cntr

 Loading precomputed flux cube from:/home/njm/MESA/mesa/colors/data/stellar_models/Kurucz2003all//flux_cube.bin
 Loaded flux cube with dimensions:          76 x          11 x           9 x        1173
 Performing interpolation at target parameters...
 Interpolation complete
        274   7.495861  1.108E+04   1.803543   1.803543   1.999934   1.794203   0.000002   0.000900   0.242800  -0.972734   1022      0
 4.4966E+00   7.495861   0.327397 -25.978834   0.637447 -12.916687   0.205731   0.998640   0.000016   0.001400   0.180737      3
 6.7802E+08   2.979713   1.787584 -13.148410 -99.000000  -9.337753   0.000000   0.000011   0.000146   0.001358  0.000E+00  max increase

 Loading precomputed flux cube from:/home/njm/MESA/mesa/colors/data/stellar_models/Kurucz2003all//flux_cube.bin
 Loaded flux cube with dimensions:          76 x          11 x           9 x        1173
 Performing interpolation at target parameters...
 Interpolation complete
        275   7.494562  1.107E+04   1.803806   1.803806   1.999934   1.794203   0.000001   0.000900   0.242800  -0.948399   1028      0
 4.5758E+00   7.494562   0.328872 -26.022794   0.637750 -12.914568   0.205731   0.998640   0.000016   0.001400   0.182324      3
 6.7805E+08   2.987203   1.788814 -13.847380 -99.000000  -9.339626   0.000000   0.000011   0.000146   0.001358  0.000E+00    lg_XH_cntr

 Loading precomputed flux cube from:/home/njm/MESA/mesa/colors/data/stellar_models/Kurucz2003all//flux_cube.bin
 Loaded flux cube with dimensions:          76 x          11 x           9 x        1173
 Performing interpolation at target parameters...
 Interpolation complete
        276   7.493510  1.106E+04   1.804017   1.804017   1.999934   1.794203   0.000001   0.000900   0.242800  -0.928506   1025      0
 4.5080E+00   7.493510   0.330063 -26.057974   0.637992 -12.912309   0.205731   0.998641   0.000016   0.001400   0.183627      3
 6.7809E+08   2.993323   1.789784 -99.000000 -99.000000  -9.341134   0.000000   0.000011   0.000146   0.001358  0.000E+00    lg_XH_cntr

 Loading precomputed flux cube from:/home/njm/MESA/mesa/colors/data/stellar_models/Kurucz2003all//flux_cube.bin
 Loaded flux cube with dimensions:          76 x          11 x           9 x        1173
 Performing interpolation at target parameters...
 Interpolation complete
        277   7.492571  1.105E+04   1.804206   1.804206   1.999934   1.794203   0.000001   0.000900   0.242800  -0.910661   1032      0
 4.4790E+00   7.492571   0.331122 -26.089025   0.638208 -12.910545   0.205731   0.998641   0.000016   0.001400   0.184801      3
 6.7812E+08   2.998807   1.790624 -99.000000 -99.000000  -9.342469   0.000000   0.000011   0.000146   0.001358  0.000E+00    lg_XH_cntr

 Loading precomputed flux cube from:/home/njm/MESA/mesa/colors/data/stellar_models/Kurucz2003all//flux_cube.bin
 Loaded flux cube with dimensions:          76 x          11 x           9 x        1173
 Performing interpolation at target parameters...
 Interpolation complete

stop because have dropped below central lower limit for h1
    0.9371897942E-06    0.1000000000E-05

        278   7.491702  1.104E+04   1.804373   1.804373   1.999934   1.794203   0.000001   0.000900   0.242800  -0.893987   1027      0
 4.4668E+00   7.491702   0.332102 -26.117317   0.638399 -12.909028   0.205731   0.998641   0.000016   0.001400   0.185901      3
 6.7814E+08   3.003936   1.791387 -13.107017 -99.000000  -9.343703   0.000000   0.000011   0.000146   0.001358  0.000E+00    lg_XH_cntr

save LOGS/profile7.data for model 278
 Loading precomputed flux cube from:/home/njm/MESA/mesa/colors/data/stellar_models/Kurucz2003all//flux_cube.bin
 Loaded flux cube with dimensions:          76 x          11 x           9 x        1173
 Performing interpolation at target parameters...
 Interpolation complete
                                         solver retries           1

                                    varcontrol dt limit          64
                                  max increase dt limit         210
                                        lgTeff dt limit          17
                                    lgRho_cntr dt limit          25
                                    lg_XH_cntr dt limit          69
                                      XHe_cntr dt limit          58

 model saved to M2_Z0.0014_exponential_fov0.01_f00.001.mod
save photos/x278 for model 278
termination code: xa_central_lower_limit
pause_before_terminate: hit RETURN to continue
finished custom colors
__________________________________________________________________________________________________________________________________________________

       step    lg_Tmax     Teff     lg_LH      lg_Lnuc_tot     Mass       H_rich     H_cntr     N_cntr     Y_surf   eta_cntr   zones  retry
  lg_dt_yrs    lg_Tcntr    lg_R     lg_L3a     lg_Lneu     lg_Mdot    He_core    He_cntr    O_cntr     Z_surf   gam_cntr   iters  
    age_yrs    lg_Dcntr    lg_L     lg_LZ      lg_Lphoto   lg_Dsurf   CO_core    C_cntr     Ne_cntr    Z_cntr   v_div_cs       dt_limit
__________________________________________________________________________________________________________________________________________________

        278   7.491702  1.104E+04   1.804373   1.804373   1.999934   1.794203   0.000001   0.000900   0.242800  -0.893987   1027      0
 4.4668E+00   7.491702   0.332102 -26.117317   0.638399 -12.909028   0.205731   0.998641   0.000016   0.001400   0.185901      3
 6.7814E+08   3.003936   1.791387 -13.107017 -99.000000  -9.343703   0.000000   0.000011   0.000146   0.001358  0.000E+00  max increase

