 reading user weak rate file /home/njm/MESA/mesa-2025-summerschool-prerelease/data/rates_data/rate_tables/S13_r_be7_wk_li7.h5
 version_number 5d9f195f
 read inlist_project
 Extras startup routine
 DEBUG: colors_handle =            1
 DEBUG: colors instrument = /colors/data/filters/GAIA/GAIA
 DEBUG: colors vega_sed = /colors/data/stellar_models/vega_flam.csv
 DEBUG: colors stellar_atm = /colors/data/stellar_models/Kurucz2003all/
 DEBUG: colors metallicity =   0.57999999999999996     
 DEBUG: colors distance =    30857000000000000.     
 DEBUG: colors make_csv =  F
 DEBUG: colors use_colors =  T


 The terminal output contains the following information

      'step' is the number of steps since the start of the run,
      'lg_dt' is log10 timestep in years,
      'age_yr' is the simulated years since the start run,
      'lg_Tcntr' is log10 center temperature (K),
      'lg_Dcntr' is log10 center density (g/cm^3),
      'lg_Tmax' is log10 max temperature (K),
      'Teff' is the surface temperature (K),
      'lg_R' is log10 surface radius (Rsun),
      'lg_L' is log10 surface luminosity (Lsun),
      'lg_LH' is log10 total PP and CNO hydrogen burning power (Lsun),
      'lg_L3a' is log10 total triple-alpha helium burning power (Lsun),
      'lg_gsurf' is log10 surface gravity,
      'lg_Lnuc' is log10 nuclear power (Lsun),
      'lg_Lneu' is log10 total neutrino power (Lsun),
      'lg_Lphoto' is log10 total photodisintegration (Lsun),
      'Mass' is the total stellar baryonic mass (Msun),
      'lg_Mdot' is log10 magnitude of rate of change of mass (Msun/year),
      'lg_Dsurf' is log10 surface density (g/cm^3),
      'H_env' is the amount of mass where H is dominant,
      'He_core' is the largest mass where He is dominant.
      'CO_core' is the largest mass where CO is dominant.
      'H_cntr' is the center H1 mass fraction,
      'He_cntr' is the center He4 mass fraction,
      'C_cntr' is the center C12 mass fraction,
      'N_cntr' is the center N14 mass fraction,
      'O_cntr' is the center O16 mass fraction,
      'Ne_cntr' is the center Ne20 mass fraction,
      'gam_cntr' is the center plasma interaction parameter,
      'eta_cntr' is the center electron degeneracy parameter,
      'zones' is the number of zones in the current model,
      'iters' is the number of solver iterations for the current step,
      'retry' is the number of step retries required during the run,
      'dt_limit' is an indication of what limited the timestep.

 All this and more are saved in the LOGS directory during the run.
 create pre-main-sequence model
                                          species  mass           8    5.0000000000000000D+00

                                        relax_num_steps         100

          1   5.480115   4490.747 -21.399608 -21.399608   5.000000   5.000000   0.755800   0.000071   0.242800 -10.999519   1339      0
-5.0000E+00   5.480115   2.098707 -99.000000 -22.797476 -99.000000   0.000000   0.242800   0.000657   0.001400   0.024736      4
 1.0000E-05  -4.593050   3.761382 -99.000000 -99.000000  -8.054323   0.000000   0.000241   0.000146   0.001400  0.000E+00    initial dt

          2   5.478505   4537.473 -21.399773 -21.399773   5.000000   5.000000   0.755800   0.000071   0.242800 -10.995527    719      0
-5.0000E+00   5.478505   2.098838 -99.000000 -22.797641 -99.000000   0.000000   0.242800   0.000657   0.001400   0.024815      3
 2.0000E-05  -4.593732   3.779627 -36.850598 -99.000000  -8.082888   0.000000   0.000241   0.000146   0.001400  0.000E+00        max_dt

          3   5.478246   4552.610 -21.399766 -21.399766   5.000000   5.000000   0.755800   0.000071   0.242800 -10.993849    458      0
-5.0000E+00   5.478246   2.098880 -99.000000 -22.797634 -99.000000   0.000000   0.242800   0.000657   0.001400   0.024836      3
 3.0000E-05  -4.593392   3.785496 -99.000000 -99.000000  -8.092974   0.000000   0.000241   0.000146   0.001400  0.000E+00        max_dt

          4   5.478085   4557.908 -21.399772 -21.399772   5.000000   5.000000   0.755800   0.000071   0.242800 -10.992806    459      0
-5.0000E+00   5.478085   2.098889 -99.000000 -22.797640 -99.000000   0.000000   0.242800   0.000657   0.001400   0.024849      3
 4.0000E-05  -4.593181   3.787533 -99.000000 -99.000000  -8.096567   0.000000   0.000241   0.000146   0.001400  0.000E+00        max_dt

          5   5.477970   4558.582 -21.399774 -21.399774   5.000000   5.000000   0.755800   0.000071   0.242800 -10.992072    476      0
-5.0000E+00   5.477970   2.098879 -99.000000 -22.797642 -99.000000   0.000000   0.242800   0.000657   0.001400   0.024858      3
 5.0000E-05  -4.593034   3.787770 -99.000000 -99.000000  -8.097013   0.000000   0.000241   0.000146   0.001400  0.000E+00        max_dt

          6   5.477959   4556.744 -21.399842 -21.399842   5.000000   5.000000   0.755800   0.000071   0.242800 -10.991499    455      0
-5.0000E+00   5.477930   2.098859 -99.000000 -22.797710 -99.000000   0.000000   0.242800   0.000657   0.001400   0.024864      3
 6.0000E-05  -4.592846   3.787030 -99.000000 -99.000000  -8.095740   0.000000   0.000241   0.000146   0.001400  0.000E+00        max_dt

          7   5.478006   4553.492 -21.400116 -21.400116   5.000000   5.000000   0.755800   0.000071   0.242800 -10.991039    476      0
-5.0000E+00   5.477904   2.098833 -99.000000 -22.797984 -99.000000   0.000000   0.242800   0.000657   0.001400   0.024869      3
 7.0000E-05  -4.592684   3.785738 -99.000000 -99.000000  -8.093509   0.000000   0.000241   0.000146   0.001400  0.000E+00        max_dt

          8   5.478006   4549.435 -21.400115 -21.400115   5.000000   5.000000   0.755800   0.000071   0.242800 -10.990668    460      0
-5.0000E+00   5.477844   2.098805 -99.000000 -22.797983 -99.000000   0.000000   0.242800   0.000657   0.001400   0.024874      3
 8.0000E-05  -4.592613   3.784134 -99.000000 -99.000000  -8.090751   0.000000   0.000241   0.000146   0.001400  0.000E+00        max_dt

          9   5.478006   4544.936 -21.400114 -21.400114   5.000000   5.000000   0.755800   0.000071   0.242800 -10.990316    476      0
-5.0000E+00   5.477785   2.098776 -99.000000 -22.797982 -99.000000   0.000000   0.242800   0.000657   0.001400   0.024878      3
 9.0000E-05  -4.592549   3.782357 -99.000000 -99.000000  -8.087719   0.000000   0.000241   0.000146   0.001400  0.000E+00        max_dt


__________________________________________________________________________________________________________________________________________________

       step    lg_Tmax     Teff     lg_LH      lg_Lnuc_tot     Mass       H_rich     H_cntr     N_cntr     Y_surf   eta_cntr   zones  retry
  lg_dt_yrs    lg_Tcntr    lg_R     lg_L3a     lg_Lneu     lg_Mdot    He_core    He_cntr    O_cntr     Z_surf   gam_cntr   iters  
    age_yrs    lg_Dcntr    lg_L     lg_LZ      lg_Lphoto   lg_Dsurf   CO_core    C_cntr     Ne_cntr    Z_cntr   v_div_cs       dt_limit
__________________________________________________________________________________________________________________________________________________

         10   5.478006   4540.174 -21.400112 -21.400112   5.000000   5.000000   0.755800   0.000071   0.242800 -10.990026    458      0
-5.0000E+00   5.477736   2.098747 -99.000000 -22.797980 -99.000000   0.000000   0.242800   0.000657   0.001400   0.024882      3
 1.0000E-04  -4.592496   3.780477 -99.000000 -99.000000  -8.084542   0.000000   0.000241   0.000146   0.001400  0.000E+00        max_dt

         11   5.478006   4535.336 -21.400111 -21.400111   5.000000   5.000000   0.755800   0.000071   0.242800 -10.989791    476      0
-5.0000E+00   5.477697   2.098718 -99.000000 -22.797979 -99.000000   0.000000   0.242800   0.000657   0.001400   0.024885      3
 1.1000E-04  -4.592453   3.778567 -99.000000 -99.000000  -8.081347   0.000000   0.000241   0.000146   0.001400  0.000E+00        max_dt

         12   5.478007   4530.544 -21.400109 -21.400109   5.000000   5.000000   0.755800   0.000071   0.242800 -10.989600    460      0
-5.0000E+00   5.477665   2.098689 -99.000000 -22.797977 -99.000000   0.000000   0.242800   0.000657   0.001400   0.024888      3
 1.2000E-04  -4.592418   3.776674 -99.000000 -99.000000  -8.078214   0.000000   0.000241   0.000146   0.001400  0.000E+00        max_dt

         13   5.478110   4525.851 -21.400563 -21.400563   5.000000   5.000000   0.755800   0.000071   0.242800 -10.989416    475      0
-5.0000E+00   5.477741   2.098661 -99.000000 -22.798431 -99.000000   0.000000   0.242800   0.000657   0.001400   0.024887      3
 1.3000E-04  -4.592223   3.774817 -99.000000 -99.000000  -8.075177   0.000000   0.000241   0.000146   0.001400  0.000E+00        max_dt

         14   5.478110   4521.296 -21.400562 -21.400562   5.000000   5.000000   0.755800   0.000071   0.242800 -10.989285    459      0
-5.0000E+00   5.477719   2.098635 -99.000000 -22.798430 -99.000000   0.000000   0.242800   0.000657   0.001400   0.024889      3
 1.4000E-04  -4.592199   3.773015 -99.000000 -99.000000  -8.072261   0.000000   0.000241   0.000146   0.001400  0.000E+00        max_dt

         15   5.478110   4516.900 -21.400561 -21.400561   5.000000   5.000000   0.755800   0.000071   0.242800 -10.989174    475      0
-5.0000E+00   5.477701   2.098610 -99.000000 -22.798429 -99.000000   0.000000   0.242800   0.000657   0.001400   0.024890      3
 1.5000E-04  -4.592179   3.771275 -99.000000 -99.000000  -8.069475   0.000000   0.000241   0.000146   0.001400  0.000E+00        max_dt

         16   5.478110   4512.672 -21.400560 -21.400560   5.000000   5.000000   0.755800   0.000071   0.242800 -10.989079    459      0
-5.0000E+00   5.477685   2.098586 -99.000000 -22.798428 -99.000000   0.000000   0.242800   0.000657   0.001400   0.024891      3
 1.6000E-04  -4.592161   3.769601 -99.000000 -99.000000  -8.066823   0.000000   0.000241   0.000146   0.001400  0.000E+00        max_dt

         17   5.478110   4508.598 -21.400559 -21.400559   5.000000   5.000000   0.755800   0.000071   0.242800 -10.988998    473      0
-5.0000E+00   5.477672   2.098563 -99.000000 -22.798427 -99.000000   0.000000   0.242800   0.000657   0.001400   0.024892      3
 1.7000E-04  -4.592146   3.767986 -99.000000 -99.000000  -8.064292   0.000000   0.000241   0.000146   0.001400  0.000E+00        max_dt

         18   5.478110   4504.684 -21.400558 -21.400558   5.000000   5.000000   0.755800   0.000071   0.242800 -10.988928    457      0
-5.0000E+00   5.477660   2.098541 -99.000000 -22.798426 -99.000000   0.000000   0.242800   0.000657   0.001400   0.024893      3
 1.8000E-04  -4.592133   3.766434 -99.000000 -99.000000  -8.061885   0.000000   0.000241   0.000146   0.001400  0.000E+00        max_dt

         19   5.478111   4500.933 -21.400557 -21.400557   5.000000   5.000000   0.755800   0.000071   0.242800 -10.988867    473      0
-5.0000E+00   5.477650   2.098520 -99.000000 -22.798426 -99.000000   0.000000   0.242800   0.000657   0.001400   0.024894      3
 1.9000E-04  -4.592122   3.764945 -37.026689 -99.000000  -8.059600   0.000000   0.000241   0.000146   0.001400  0.000E+00        max_dt


__________________________________________________________________________________________________________________________________________________

       step    lg_Tmax     Teff     lg_LH      lg_Lnuc_tot     Mass       H_rich     H_cntr     N_cntr     Y_surf   eta_cntr   zones  retry
  lg_dt_yrs    lg_Tcntr    lg_R     lg_L3a     lg_Lneu     lg_Mdot    He_core    He_cntr    O_cntr     Z_surf   gam_cntr   iters  
    age_yrs    lg_Dcntr    lg_L     lg_LZ      lg_Lphoto   lg_Dsurf   CO_core    C_cntr     Ne_cntr    Z_cntr   v_div_cs       dt_limit
__________________________________________________________________________________________________________________________________________________

         20   5.478111   4497.346 -21.400557 -21.400557   5.000000   5.000000   0.755800   0.000071   0.242800 -10.988813    457      0
-5.0000E+00   5.477641   2.098501 -99.000000 -22.798425 -99.000000   0.000000   0.242800   0.000657   0.001400   0.024895      3
 2.0000E-04  -4.592112   3.763520 -99.000000 -99.000000  -8.057435   0.000000   0.000241   0.000146   0.001400  0.000E+00        max_dt

         21   5.478111   4493.914 -21.400556 -21.400556   5.000000   5.000000   0.755800   0.000071   0.242800 -10.988766    474      0
-5.0000E+00   5.477633   2.098482 -99.000000 -22.798424 -99.000000   0.000000   0.242800   0.000657   0.001400   0.024896      3
 2.1000E-04  -4.592103   3.762156 -99.000000 -99.000000  -8.055382   0.000000   0.000241   0.000146   0.001400  0.000E+00        max_dt

         22   5.478111   4490.626 -21.400555 -21.400555   5.000000   5.000000   0.755800   0.000071   0.242800 -10.988724    457      0
-5.0000E+00   5.477626   2.098464 -99.000000 -22.798424 -99.000000   0.000000   0.242800   0.000657   0.001400   0.024896      3
 2.2000E-04  -4.592095   3.760849 -37.327719 -99.000000  -8.053434   0.000000   0.000241   0.000146   0.001400  0.000E+00        max_dt

         23   5.478111   4487.474 -21.400555 -21.400555   5.000000   5.000000   0.755800   0.000071   0.242800 -10.988687    473      0
-5.0000E+00   5.477620   2.098446 -99.000000 -22.798423 -99.000000   0.000000   0.242800   0.000657   0.001400   0.024897      3
 2.3000E-04  -4.592088   3.759594 -99.000000 -99.000000  -8.051581   0.000000   0.000241   0.000146   0.001400  0.000E+00        max_dt

         24   5.478111   4484.458 -21.400554 -21.400554   5.000000   5.000000   0.755800   0.000071   0.242800 -10.988653    459      0
-5.0000E+00   5.477615   2.098430 -99.000000 -22.798423 -99.000000   0.000000   0.242800   0.000657   0.001400   0.024897      3
 2.4000E-04  -4.592082   3.758393 -99.000000 -99.000000  -8.049824   0.000000   0.000241   0.000146   0.001400  0.000E+00        max_dt

         25   5.478111   4481.570 -21.400554 -21.400554   5.000000   5.000000   0.755800   0.000071   0.242800 -10.988623    475      0
-5.0000E+00   5.477610   2.098414 -99.000000 -22.798422 -99.000000   0.000000   0.242800   0.000657   0.001400   0.024897      3
 2.5000E-04  -4.592076   3.757243 -99.000000 -99.000000  -8.048155   0.000000   0.000241   0.000146   0.001400  0.000E+00        max_dt

         26   5.478111   4478.809 -21.400553 -21.400553   5.000000   5.000000   0.755800   0.000071   0.242800 -10.988596    459      0
-5.0000E+00   5.477605   2.098399 -99.000000 -22.798422 -99.000000   0.000000   0.242800   0.000657   0.001400   0.024898      3
 2.6000E-04  -4.592071   3.756142 -99.000000 -99.000000  -8.046572   0.000000   0.000241   0.000146   0.001400  0.000E+00        max_dt

         27   5.478112   4476.160 -21.400553 -21.400553   5.000000   5.000000   0.755800   0.000071   0.242800 -10.988572    475      0
-5.0000E+00   5.477601   2.098385 -99.000000 -22.798421 -99.000000   0.000000   0.242800   0.000657   0.001400   0.024898      3
 2.7000E-04  -4.592067   3.755085 -99.000000 -99.000000  -8.045065   0.000000   0.000241   0.000146   0.001400  0.000E+00        max_dt

         28   5.478112   4473.619 -21.400553 -21.400553   5.000000   5.000000   0.755800   0.000071   0.242800 -10.988550    461      0
-5.0000E+00   5.477598   2.098371 -99.000000 -22.798421 -99.000000   0.000000   0.242800   0.000657   0.001400   0.024898      3
 2.8000E-04  -4.592062   3.754071 -99.000000 -99.000000  -8.043630   0.000000   0.000241   0.000146   0.001400  0.000E+00        max_dt

         29   5.478112   4471.177 -21.400552 -21.400552   5.000000   5.000000   0.755800   0.000071   0.242800 -10.988529    479      0
-5.0000E+00   5.477594   2.098357 -99.000000 -22.798420 -99.000000   0.000000   0.242800   0.000657   0.001400   0.024899      3
 2.9000E-04  -4.592059   3.753095 -99.000000 -99.000000  -8.042262   0.000000   0.000241   0.000146   0.001400  0.000E+00        max_dt


__________________________________________________________________________________________________________________________________________________

       step    lg_Tmax     Teff     lg_LH      lg_Lnuc_tot     Mass       H_rich     H_cntr     N_cntr     Y_surf   eta_cntr   zones  retry
  lg_dt_yrs    lg_Tcntr    lg_R     lg_L3a     lg_Lneu     lg_Mdot    He_core    He_cntr    O_cntr     Z_surf   gam_cntr   iters  
    age_yrs    lg_Dcntr    lg_L     lg_LZ      lg_Lphoto   lg_Dsurf   CO_core    C_cntr     Ne_cntr    Z_cntr   v_div_cs       dt_limit
__________________________________________________________________________________________________________________________________________________

         30   5.478112   4468.827 -21.400552 -21.400552   5.000000   5.000000   0.755800   0.000071   0.242800 -10.988511    463      0
-5.0000E+00   5.477591   2.098344 -99.000000 -22.798420 -99.000000   0.000000   0.242800   0.000657   0.001400   0.024899      3
 3.0000E-04  -4.592055   3.752157 -99.000000 -99.000000  -8.040955   0.000000   0.000241   0.000146   0.001400  0.000E+00        max_dt

         31   5.478112   4466.560 -21.400552 -21.400552   5.000000   5.000000   0.755800   0.000071   0.242800 -10.988494    479      0
-5.0000E+00   5.477589   2.098332 -99.000000 -22.798420 -99.000000   0.000000   0.242800   0.000657   0.001400   0.024899      3
 3.1000E-04  -4.592052   3.751250 -99.000000 -99.000000  -8.039702   0.000000   0.000241   0.000146   0.001400  0.000E+00        max_dt

         32   5.478112   4464.365 -21.400551 -21.400551   5.000000   5.000000   0.755800   0.000071   0.242800 -10.988479    462      0
-5.0000E+00   5.477586   2.098320 -99.000000 -22.798420 -99.000000   0.000000   0.242800   0.000657   0.001400   0.024899      3
 3.2000E-04  -4.592049   3.750372 -99.000000 -99.000000  -8.038497   0.000000   0.000241   0.000146   0.001400  0.000E+00        max_dt

         33   5.478112   4462.223 -21.400551 -21.400551   5.000000   5.000000   0.755800   0.000071   0.242800 -10.988464    477      0
-5.0000E+00   5.477584   2.098308 -99.000000 -22.798419 -99.000000   0.000000   0.242800   0.000657   0.001400   0.024899      3
 3.3000E-04  -4.592046   3.749515 -99.000000 -99.000000  -8.037329   0.000000   0.000241   0.000146   0.001400  0.000E+00        max_dt

         34   5.478112   4460.145 -21.400551 -21.400551   5.000000   5.000000   0.755800   0.000071   0.242800 -10.988451    461      0
-5.0000E+00   5.477582   2.098297 -99.000000 -22.798419 -99.000000   0.000000   0.242800   0.000657   0.001400   0.024900      3
 3.4000E-04  -4.592044   3.748684 -37.026689 -99.000000  -8.036204   0.000000   0.000241   0.000146   0.001400  0.000E+00        max_dt

         35   5.478112   4458.134 -21.400551 -21.400551   5.000000   5.000000   0.755800   0.000071   0.242800 -10.988439    477      0
-5.0000E+00   5.477580   2.098286 -99.000000 -22.798419 -99.000000   0.000000   0.242800   0.000657   0.001400   0.024900      3
 3.5000E-04  -4.592041   3.747878 -99.000000 -99.000000  -8.035122   0.000000   0.000241   0.000146   0.001400  0.000E+00        max_dt

         36   5.478112   4456.192 -21.400550 -21.400550   5.000000   5.000000   0.755800   0.000071   0.242800 -10.988428    461      0
-5.0000E+00   5.477578   2.098276 -99.000000 -22.798418 -99.000000   0.000000   0.242800   0.000657   0.001400   0.024900      3
 3.6000E-04  -4.592039   3.747100 -99.000000 -99.000000  -8.034082   0.000000   0.000241   0.000146   0.001400  0.000E+00        max_dt

         37   5.478112   4454.312 -21.400550 -21.400550   5.000000   5.000000   0.755800   0.000071   0.242800 -10.988418    477      0
-5.0000E+00   5.477576   2.098265 -99.000000 -22.798418 -99.000000   0.000000   0.242800   0.000657   0.001400   0.024900      3
 3.7000E-04  -4.592037   3.746347 -99.000000 -99.000000  -8.033082   0.000000   0.000241   0.000146   0.001400  0.000E+00        max_dt

         38   5.478113   4452.492 -21.400550 -21.400550   5.000000   5.000000   0.755800   0.000071   0.242800 -10.988408    461      0
-5.0000E+00   5.477575   2.098255 -99.000000 -22.798418 -99.000000   0.000000   0.242800   0.000657   0.001400   0.024900      3
 3.8000E-04  -4.592035   3.745617 -99.000000 -99.000000  -8.032120   0.000000   0.000241   0.000146   0.001400  0.000E+00        max_dt

         39   5.478113   4450.728 -21.400550 -21.400550   5.000000   5.000000   0.755800   0.000071   0.242800 -10.988399    477      0
-5.0000E+00   5.477573   2.098246 -99.000000 -22.798418 -99.000000   0.000000   0.242800   0.000657   0.001400   0.024900      3
 3.9000E-04  -4.592034   3.744909 -99.000000 -99.000000  -8.031193   0.000000   0.000241   0.000146   0.001400  0.000E+00        max_dt


__________________________________________________________________________________________________________________________________________________

       step    lg_Tmax     Teff     lg_LH      lg_Lnuc_tot     Mass       H_rich     H_cntr     N_cntr     Y_surf   eta_cntr   zones  retry
  lg_dt_yrs    lg_Tcntr    lg_R     lg_L3a     lg_Lneu     lg_Mdot    He_core    He_cntr    O_cntr     Z_surf   gam_cntr   iters  
    age_yrs    lg_Dcntr    lg_L     lg_LZ      lg_Lphoto   lg_Dsurf   CO_core    C_cntr     Ne_cntr    Z_cntr   v_div_cs       dt_limit
__________________________________________________________________________________________________________________________________________________

         40   5.478113   4449.018 -21.400549 -21.400549   5.000000   5.000000   0.755800   0.000071   0.242800 -10.988391    461      0
-5.0000E+00   5.477572   2.098236 -99.000000 -22.798418 -99.000000   0.000000   0.242800   0.000657   0.001400   0.024900      3
 4.0000E-04  -4.592032   3.744223 -37.026689 -99.000000  -8.030298   0.000000   0.000241   0.000146   0.001400  0.000E+00        max_dt

         41   5.478113   4447.356 -21.400549 -21.400549   5.000000   5.000000   0.755800   0.000071   0.242800 -10.988383    477      0
-5.0000E+00   5.477571   2.098227 -99.000000 -22.798417 -99.000000   0.000000   0.242800   0.000657   0.001400   0.024900      3
 4.1000E-04  -4.592030   3.743556 -37.327719 -99.000000  -8.029433   0.000000   0.000241   0.000146   0.001400  0.000E+00        max_dt

         42   5.478113   4445.743 -21.400549 -21.400549   5.000000   5.000000   0.755800   0.000071   0.242800 -10.988376    461      0
-5.0000E+00   5.477570   2.098218 -99.000000 -22.798417 -99.000000   0.000000   0.242800   0.000657   0.001400   0.024901      3
 4.2000E-04  -4.592029   3.742908 -99.000000 -99.000000  -8.028598   0.000000   0.000241   0.000146   0.001400  0.000E+00        max_dt

         43   5.478113   4444.168 -21.400549 -21.400549   5.000000   5.000000   0.755800   0.000071   0.242800 -10.988369    476      0
-5.0000E+00   5.477569   2.098210 -99.000000 -22.798417 -99.000000   0.000000   0.242800   0.000657   0.001400   0.024901      3
 4.3000E-04  -4.592028   3.742275 -99.000000 -99.000000  -8.027786   0.000000   0.000241   0.000146   0.001400  0.000E+00        max_dt

         44   5.478113   4442.634 -21.400549 -21.400549   5.000000   5.000000   0.755800   0.000071   0.242800 -10.988362    460      0
-5.0000E+00   5.477568   2.098201 -99.000000 -22.798417 -99.000000   0.000000   0.242800   0.000657   0.001400   0.024901      3
 4.4000E-04  -4.592026   3.741659 -99.000000 -99.000000  -8.026999   0.000000   0.000241   0.000146   0.001400  0.000E+00        max_dt

         45   5.478113   4441.139 -21.400549 -21.400549   5.000000   5.000000   0.755800   0.000071   0.242800 -10.988356    476      0
-5.0000E+00   5.477567   2.098193 -99.000000 -22.798417 -99.000000   0.000000   0.242800   0.000657   0.001400   0.024901      3
 4.5000E-04  -4.592025   3.741057 -99.000000 -99.000000  -8.026236   0.000000   0.000241   0.000146   0.001400  0.000E+00        max_dt

         46   5.478113   4439.684 -21.400548 -21.400548   5.000000   5.000000   0.755800   0.000071   0.242800 -10.988351    460      0
-5.0000E+00   5.477566   2.098185 -99.000000 -22.798417 -99.000000   0.000000   0.242800   0.000657   0.001400   0.024901      3
 4.6000E-04  -4.592024   3.740472 -99.000000 -99.000000  -8.025497   0.000000   0.000241   0.000146   0.001400  0.000E+00        max_dt

         47   5.478113   4438.266 -21.400548 -21.400548   5.000000   5.000000   0.755800   0.000071   0.242800 -10.988345    476      0
-5.0000E+00   5.477565   2.098177 -99.000000 -22.798416 -99.000000   0.000000   0.242800   0.000657   0.001400   0.024901      3
 4.7000E-04  -4.592023   3.739902 -99.000000 -99.000000  -8.024780   0.000000   0.000241   0.000146   0.001400  0.000E+00        max_dt

         48   5.478113   4436.861 -21.400548 -21.400548   5.000000   5.000000   0.755800   0.000071   0.242800 -10.988340    459      0
-5.0000E+00   5.477564   2.098170 -99.000000 -22.798416 -99.000000   0.000000   0.242800   0.000657   0.001400   0.024901      3
 4.8000E-04  -4.592022   3.739336 -99.000000 -99.000000  -8.024072   0.000000   0.000241   0.000146   0.001400  0.000E+00        max_dt

         49   5.478113   4435.482 -21.400548 -21.400548   5.000000   5.000000   0.755800   0.000071   0.242800 -10.988336    475      0
-5.0000E+00   5.477563   2.098162 -99.000000 -22.798416 -99.000000   0.000000   0.242800   0.000657   0.001400   0.024901      3
 4.9000E-04  -4.592021   3.738782 -99.000000 -99.000000  -8.023381   0.000000   0.000241   0.000146   0.001400  0.000E+00        max_dt


__________________________________________________________________________________________________________________________________________________

       step    lg_Tmax     Teff     lg_LH      lg_Lnuc_tot     Mass       H_rich     H_cntr     N_cntr     Y_surf   eta_cntr   zones  retry
  lg_dt_yrs    lg_Tcntr    lg_R     lg_L3a     lg_Lneu     lg_Mdot    He_core    He_cntr    O_cntr     Z_surf   gam_cntr   iters  
    age_yrs    lg_Dcntr    lg_L     lg_LZ      lg_Lphoto   lg_Dsurf   CO_core    C_cntr     Ne_cntr    Z_cntr   v_div_cs       dt_limit
__________________________________________________________________________________________________________________________________________________

         50   5.478113   4434.146 -21.400548 -21.400548   5.000000   5.000000   0.755800   0.000071   0.242800 -10.988331    459      0
-5.0000E+00   5.477563   2.098155 -99.000000 -22.798416 -99.000000   0.000000   0.242800   0.000657   0.001400   0.024901      3
 5.0000E-04  -4.592020   3.738243 -99.000000 -99.000000  -8.022713   0.000000   0.000241   0.000146   0.001400  0.000E+00        max_dt

         51   5.478113   4432.849 -21.400548 -21.400548   5.000000   5.000000   0.755800   0.000071   0.242800 -10.988327    475      0
-5.0000E+00   5.477562   2.098148 -99.000000 -22.798416 -99.000000   0.000000   0.242800   0.000657   0.001400   0.024901      3
 5.1000E-04  -4.592019   3.737721 -99.000000 -99.000000  -8.022068   0.000000   0.000241   0.000146   0.001400  0.000E+00        max_dt

         52   5.478113   4431.590 -21.400548 -21.400548   5.000000   5.000000   0.755800   0.000071   0.242800 -10.988323    459      0
-5.0000E+00   5.477561   2.098141 -99.000000 -22.798416 -99.000000   0.000000   0.242800   0.000657   0.001400   0.024901      3
 5.2000E-04  -4.592018   3.737214 -99.000000 -99.000000  -8.021444   0.000000   0.000241   0.000146   0.001400  0.000E+00        max_dt

         53   5.478113   4430.363 -21.400547 -21.400547   5.000000   5.000000   0.755800   0.000071   0.242800 -10.988319    475      0
-5.0000E+00   5.477561   2.098134 -99.000000 -22.798416 -99.000000   0.000000   0.242800   0.000657   0.001400   0.024901      3
 5.3000E-04  -4.592018   3.736719 -99.000000 -99.000000  -8.020839   0.000000   0.000241   0.000146   0.001400  0.000E+00        max_dt

         54   5.478114   4429.172 -21.400547 -21.400547   5.000000   5.000000   0.755800   0.000071   0.242800 -10.988316    461      0
-5.0000E+00   5.477560   2.098127 -99.000000 -22.798415 -99.000000   0.000000   0.242800   0.000657   0.001400   0.024901      3
 5.4000E-04  -4.592017   3.736238 -99.000000 -99.000000  -8.020253   0.000000   0.000241   0.000146   0.001400  0.000E+00        max_dt

         55   5.478114   4428.004 -21.400547 -21.400547   5.000000   5.000000   0.755800   0.000071   0.242800 -10.988312    478      0
-5.0000E+00   5.477560   2.098121 -99.000000 -22.798415 -99.000000   0.000000   0.242800   0.000657   0.001400   0.024901      3
 5.5000E-04  -4.592016   3.735767 -99.000000 -99.000000  -8.019680   0.000000   0.000241   0.000146   0.001400  0.000E+00        max_dt

         56   5.478114   4426.859 -21.400547 -21.400547   5.000000   5.000000   0.755800   0.000071   0.242800 -10.988309    462      0
-5.0000E+00   5.477559   2.098114 -99.000000 -22.798415 -99.000000   0.000000   0.242800   0.000657   0.001400   0.024901      3
 5.6000E-04  -4.592016   3.735305 -99.000000 -99.000000  -8.019121   0.000000   0.000241   0.000146   0.001400  0.000E+00        max_dt

         57   5.478114   4425.735 -21.400547 -21.400547   5.000000   5.000000   0.755800   0.000071   0.242800 -10.988306    478      0
-5.0000E+00   5.477559   2.098108 -99.000000 -22.798415 -99.000000   0.000000   0.242800   0.000657   0.001400   0.024901      3
 5.7000E-04  -4.592015   3.734852 -99.000000 -99.000000  -8.018574   0.000000   0.000241   0.000146   0.001400  0.000E+00        max_dt

         58   5.478114   4424.634 -21.400547 -21.400547   5.000000   5.000000   0.755800   0.000071   0.242800 -10.988303    462      0
-5.0000E+00   5.477558   2.098102 -99.000000 -22.798415 -99.000000   0.000000   0.242800   0.000657   0.001400   0.024902      3
 5.8000E-04  -4.592014   3.734407 -99.000000 -99.000000  -8.018040   0.000000   0.000241   0.000146   0.001400  0.000E+00        max_dt

         59   5.478114   4423.553 -21.400547 -21.400547   5.000000   5.000000   0.755800   0.000071   0.242800 -10.988300    478      0
-5.0000E+00   5.477558   2.098096 -99.000000 -22.798415 -99.000000   0.000000   0.242800   0.000657   0.001400   0.024902      3
 5.9000E-04  -4.592014   3.733970 -99.000000 -99.000000  -8.017518   0.000000   0.000241   0.000146   0.001400  0.000E+00        max_dt


__________________________________________________________________________________________________________________________________________________

       step    lg_Tmax     Teff     lg_LH      lg_Lnuc_tot     Mass       H_rich     H_cntr     N_cntr     Y_surf   eta_cntr   zones  retry
  lg_dt_yrs    lg_Tcntr    lg_R     lg_L3a     lg_Lneu     lg_Mdot    He_core    He_cntr    O_cntr     Z_surf   gam_cntr   iters  
    age_yrs    lg_Dcntr    lg_L     lg_LZ      lg_Lphoto   lg_Dsurf   CO_core    C_cntr     Ne_cntr    Z_cntr   v_div_cs       dt_limit
__________________________________________________________________________________________________________________________________________________

         60   5.478114   4422.495 -21.400547 -21.400547   5.000000   5.000000   0.755800   0.000071   0.242800 -10.988297    462      0
-5.0000E+00   5.477558   2.098090 -99.000000 -22.798415 -99.000000   0.000000   0.242800   0.000657   0.001400   0.024902      3
 6.0000E-04  -4.592013   3.733543 -99.000000 -99.000000  -8.017008   0.000000   0.000241   0.000146   0.001400  0.000E+00        max_dt

         61   5.478114   4421.456 -21.400546 -21.400546   5.000000   5.000000   0.755800   0.000071   0.242800 -10.988295    478      0
-5.0000E+00   5.477557   2.098084 -99.000000 -22.798415 -99.000000   0.000000   0.242800   0.000657   0.001400   0.024902      3
 6.1000E-04  -4.592013   3.733123 -37.026689 -99.000000  -8.016509   0.000000   0.000241   0.000146   0.001400  0.000E+00        max_dt

         62   5.478114   4420.439 -21.400546 -21.400546   5.000000   5.000000   0.755800   0.000071   0.242800 -10.988293    462      0
-5.0000E+00   5.477557   2.098078 -99.000000 -22.798414 -99.000000   0.000000   0.242800   0.000657   0.001400   0.024902      3
 6.2000E-04  -4.592012   3.732712 -99.000000 -99.000000  -8.016022   0.000000   0.000241   0.000146   0.001400  0.000E+00        max_dt

         63   5.478114   4419.439 -21.400546 -21.400546   5.000000   5.000000   0.755800   0.000071   0.242800 -10.988290    478      0
-5.0000E+00   5.477556   2.098073 -99.000000 -22.798414 -99.000000   0.000000   0.242800   0.000657   0.001400   0.024902      3
 6.3000E-04  -4.592012   3.732308 -99.000000 -99.000000  -8.015545   0.000000   0.000241   0.000146   0.001400  0.000E+00        max_dt

         64   5.478114   4418.460 -21.400546 -21.400546   5.000000   5.000000   0.755800   0.000071   0.242800 -10.988288    462      0
-5.0000E+00   5.477556   2.098067 -99.000000 -22.798414 -99.000000   0.000000   0.242800   0.000657   0.001400   0.024902      3
 6.4000E-04  -4.592011   3.731912 -99.000000 -99.000000  -8.015079   0.000000   0.000241   0.000146   0.001400  0.000E+00        max_dt

         65   5.478114   4417.498 -21.400546 -21.400546   5.000000   5.000000   0.755800   0.000071   0.242800 -10.988286    478      0
-5.0000E+00   5.477556   2.098062 -99.000000 -22.798414 -99.000000   0.000000   0.242800   0.000657   0.001400   0.024902      3
 6.5000E-04  -4.592011   3.731523 -99.000000 -99.000000  -8.014623   0.000000   0.000241   0.000146   0.001400  0.000E+00        max_dt

         66   5.478114   4416.554 -21.400546 -21.400546   5.000000   5.000000   0.755800   0.000071   0.242800 -10.988284    462      0
-5.0000E+00   5.477555   2.098057 -99.000000 -22.798414 -99.000000   0.000000   0.242800   0.000657   0.001400   0.024902      3
 6.6000E-04  -4.592010   3.731141 -99.000000 -99.000000  -8.014177   0.000000   0.000241   0.000146   0.001400  0.000E+00        max_dt

         67   5.478114   4415.626 -21.400546 -21.400546   5.000000   5.000000   0.755800   0.000071   0.242800 -10.988282    478      0
-5.0000E+00   5.477555   2.098051 -99.000000 -22.798414 -99.000000   0.000000   0.242800   0.000657   0.001400   0.024902      3
 6.7000E-04  -4.592010   3.730765 -99.000000 -99.000000  -8.013739   0.000000   0.000241   0.000146   0.001400  0.000E+00        max_dt

         68   5.478114   4414.716 -21.400546 -21.400546   5.000000   5.000000   0.755800   0.000071   0.242800 -10.988280    462      0
-5.0000E+00   5.477555   2.098046 -99.000000 -22.798414 -99.000000   0.000000   0.242800   0.000657   0.001400   0.024902      3
 6.8000E-04  -4.592010   3.730397 -99.000000 -99.000000  -8.013311   0.000000   0.000241   0.000146   0.001400  0.000E+00        max_dt

         69   5.478114   4413.820 -21.400545 -21.400545   5.000000   5.000000   0.755800   0.000071   0.242800 -10.988278    478      0
-5.0000E+00   5.477555   2.098041 -99.000000 -22.798414 -99.000000   0.000000   0.242800   0.000657   0.001400   0.024902      3
 6.9000E-04  -4.592009   3.730034 -36.850598 -99.000000  -8.012890   0.000000   0.000241   0.000146   0.001400  0.000E+00        max_dt


__________________________________________________________________________________________________________________________________________________

       step    lg_Tmax     Teff     lg_LH      lg_Lnuc_tot     Mass       H_rich     H_cntr     N_cntr     Y_surf   eta_cntr   zones  retry
  lg_dt_yrs    lg_Tcntr    lg_R     lg_L3a     lg_Lneu     lg_Mdot    He_core    He_cntr    O_cntr     Z_surf   gam_cntr   iters  
    age_yrs    lg_Dcntr    lg_L     lg_LZ      lg_Lphoto   lg_Dsurf   CO_core    C_cntr     Ne_cntr    Z_cntr   v_div_cs       dt_limit
__________________________________________________________________________________________________________________________________________________

         70   5.478114   4412.936 -21.400545 -21.400545   5.000000   5.000000   0.755800   0.000071   0.242800 -10.988277    461      0
-5.0000E+00   5.477554   2.098036 -99.000000 -22.798413 -99.000000   0.000000   0.242800   0.000657   0.001400   0.024902      2
 7.0000E-04  -4.592009   3.729676 -99.000000 -99.000000  -8.012477   0.000000   0.000241   0.000146   0.001400  0.000E+00        max_dt

         71   5.478114   4412.062 -21.400545 -21.400545   5.000000   5.000000   0.755800   0.000071   0.242800 -10.988275    477      0
-5.0000E+00   5.477554   2.098031 -99.000000 -22.798413 -99.000000   0.000000   0.242800   0.000657   0.001400   0.024902      3
 7.1000E-04  -4.592008   3.729322 -99.000000 -99.000000  -8.012069   0.000000   0.000241   0.000146   0.001400  0.000E+00        max_dt

         72   5.478114   4411.204 -21.400545 -21.400545   5.000000   5.000000   0.755800   0.000071   0.242800 -10.988273    461      0
-5.0000E+00   5.477554   2.098026 -99.000000 -22.798413 -99.000000   0.000000   0.242800   0.000657   0.001400   0.024902      2
 7.2000E-04  -4.592008   3.728975 -99.000000 -99.000000  -8.011670   0.000000   0.000241   0.000146   0.001400  0.000E+00        max_dt

         73   5.478114   4410.360 -21.400545 -21.400545   5.000000   5.000000   0.755800   0.000071   0.242800 -10.988272    477      0
-5.0000E+00   5.477554   2.098021 -99.000000 -22.798413 -99.000000   0.000000   0.242800   0.000657   0.001400   0.024902      2
 7.3000E-04  -4.592008   3.728633 -99.000000 -99.000000  -8.011278   0.000000   0.000241   0.000146   0.001400  0.000E+00        max_dt

         74   5.478114   4409.532 -21.400545 -21.400545   5.000000   5.000000   0.755800   0.000071   0.242800 -10.988270    461      0
-5.0000E+00   5.477554   2.098017 -99.000000 -22.798413 -99.000000   0.000000   0.242800   0.000657   0.001400   0.024902      2
 7.4000E-04  -4.592007   3.728297 -99.000000 -99.000000  -8.010895   0.000000   0.000241   0.000146   0.001400  0.000E+00        max_dt

         75   5.478114   4408.716 -21.400545 -21.400545   5.000000   5.000000   0.755800   0.000071   0.242800 -10.988269    477      0
-5.0000E+00   5.477553   2.098012 -99.000000 -22.798413 -99.000000   0.000000   0.242800   0.000657   0.001400   0.024902      2
 7.5000E-04  -4.592007   3.727966 -99.000000 -99.000000  -8.010518   0.000000   0.000241   0.000146   0.001400  0.000E+00        max_dt

         76   5.478114   4407.891 -21.400545 -21.400545   5.000000   5.000000   0.755800   0.000071   0.242800 -10.988268    460      0
-5.0000E+00   5.477553   2.098007 -99.000000 -22.798413 -99.000000   0.000000   0.242800   0.000657   0.001400   0.024902      2
 7.6000E-04  -4.592007   3.727632 -99.000000 -99.000000  -8.010138   0.000000   0.000241   0.000146   0.001400  0.000E+00        max_dt

         77   5.478114   4407.072 -21.400544 -21.400544   5.000000   5.000000   0.755800   0.000071   0.242800 -10.988266    476      0
-5.0000E+00   5.477553   2.098003 -99.000000 -22.798413 -99.000000   0.000000   0.242800   0.000657   0.001400   0.024902      2
 7.7000E-04  -4.592006   3.727300 -37.026689 -99.000000  -8.009762   0.000000   0.000241   0.000146   0.001400  0.000E+00        max_dt

         78   5.478115   4406.273 -21.400544 -21.400544   5.000000   5.000000   0.755800   0.000071   0.242800 -10.988265    460      0
-5.0000E+00   5.477553   2.097998 -99.000000 -22.798413 -99.000000   0.000000   0.242800   0.000657   0.001400   0.024902      2
 7.8000E-04  -4.592006   3.726976 -99.000000 -99.000000  -8.009396   0.000000   0.000241   0.000146   0.001400  0.000E+00        max_dt

         79   5.478115   4405.492 -21.400544 -21.400544   5.000000   5.000000   0.755800   0.000071   0.242800 -10.988264    476      0
-5.0000E+00   5.477553   2.097994 -99.000000 -22.798412 -99.000000   0.000000   0.242800   0.000657   0.001400   0.024902      2
 7.9000E-04  -4.592006   3.726659 -99.000000 -99.000000  -8.009039   0.000000   0.000241   0.000146   0.001400  0.000E+00        max_dt


__________________________________________________________________________________________________________________________________________________

       step    lg_Tmax     Teff     lg_LH      lg_Lnuc_tot     Mass       H_rich     H_cntr     N_cntr     Y_surf   eta_cntr   zones  retry
  lg_dt_yrs    lg_Tcntr    lg_R     lg_L3a     lg_Lneu     lg_Mdot    He_core    He_cntr    O_cntr     Z_surf   gam_cntr   iters  
    age_yrs    lg_Dcntr    lg_L     lg_LZ      lg_Lphoto   lg_Dsurf   CO_core    C_cntr     Ne_cntr    Z_cntr   v_div_cs       dt_limit
__________________________________________________________________________________________________________________________________________________

         80   5.478115   4404.729 -21.400544 -21.400544   5.000000   5.000000   0.755800   0.000071   0.242800 -10.988263    460      0
-5.0000E+00   5.477553   2.097989 -99.000000 -22.798412 -99.000000   0.000000   0.242800   0.000657   0.001400   0.024902      2
 8.0000E-04  -4.592006   3.726349 -99.000000 -99.000000  -8.008691   0.000000   0.000241   0.000146   0.001400  0.000E+00        max_dt

         81   5.478115   4403.980 -21.400544 -21.400544   5.000000   5.000000   0.755800   0.000071   0.242800 -10.988262    476      0
-5.0000E+00   5.477552   2.097985 -99.000000 -22.798412 -99.000000   0.000000   0.242800   0.000657   0.001400   0.024902      2
 8.1000E-04  -4.592005   3.726045 -99.000000 -99.000000  -8.008350   0.000000   0.000241   0.000146   0.001400  0.000E+00        max_dt

         82   5.478115   4403.245 -21.400544 -21.400544   5.000000   5.000000   0.755800   0.000071   0.242800 -10.988261    460      0
-5.0000E+00   5.477552   2.097981 -99.000000 -22.798412 -99.000000   0.000000   0.242800   0.000657   0.001400   0.024902      2
 8.2000E-04  -4.592005   3.725747 -99.000000 -99.000000  -8.008016   0.000000   0.000241   0.000146   0.001400  0.000E+00        max_dt

         83   5.478115   4402.522 -21.400544 -21.400544   5.000000   5.000000   0.755800   0.000071   0.242800 -10.988260    476      0
-5.0000E+00   5.477552   2.097977 -99.000000 -22.798412 -99.000000   0.000000   0.242800   0.000657   0.001400   0.024902      2
 8.3000E-04  -4.592005   3.725453 -99.000000 -99.000000  -8.007689   0.000000   0.000241   0.000146   0.001400  0.000E+00        max_dt

         84   5.478115   4401.812 -21.400544 -21.400544   5.000000   5.000000   0.755800   0.000071   0.242800 -10.988259    460      0
-5.0000E+00   5.477552   2.097973 -99.000000 -22.798412 -99.000000   0.000000   0.242800   0.000657   0.001400   0.024902      2
 8.4000E-04  -4.592005   3.725165 -37.026689 -99.000000  -8.007368   0.000000   0.000241   0.000146   0.001400  0.000E+00        max_dt

         85   5.478115   4401.112 -21.400543 -21.400543   5.000000   5.000000   0.755800   0.000071   0.242800 -10.988258    476      0
-5.0000E+00   5.477552   2.097969 -99.000000 -22.798412 -99.000000   0.000000   0.242800   0.000657   0.001400   0.024902      2
 8.5000E-04  -4.592004   3.724881 -99.000000 -99.000000  -8.007052   0.000000   0.000241   0.000146   0.001400  0.000E+00        max_dt

         86   5.478115   4400.424 -21.400543 -21.400543   5.000000   5.000000   0.755800   0.000071   0.242800 -10.988257    460      0
-5.0000E+00   5.477552   2.097965 -99.000000 -22.798412 -99.000000   0.000000   0.242800   0.000657   0.001400   0.024902      2
 8.6000E-04  -4.592004   3.724601 -99.000000 -99.000000  -8.006742   0.000000   0.000241   0.000146   0.001400  0.000E+00        max_dt

         87   5.478115   4399.745 -21.400543 -21.400543   5.000000   5.000000   0.755800   0.000071   0.242800 -10.988256    476      0
-5.0000E+00   5.477552   2.097961 -99.000000 -22.798411 -99.000000   0.000000   0.242800   0.000657   0.001400   0.024902      2
 8.7000E-04  -4.592004   3.724325 -99.000000 -99.000000  -8.006437   0.000000   0.000241   0.000146   0.001400  0.000E+00        max_dt

         88   5.478115   4399.077 -21.400543 -21.400543   5.000000   5.000000   0.755800   0.000071   0.242800 -10.988255    460      0
-5.0000E+00   5.477551   2.097957 -99.000000 -22.798411 -99.000000   0.000000   0.242800   0.000657   0.001400   0.024902      2
 8.8000E-04  -4.592004   3.724053 -99.000000 -99.000000  -8.006137   0.000000   0.000241   0.000146   0.001400  0.000E+00        max_dt

         89   5.478115   4398.418 -21.400543 -21.400543   5.000000   5.000000   0.755800   0.000071   0.242800 -10.988254    476      0
-5.0000E+00   5.477551   2.097953 -99.000000 -22.798411 -99.000000   0.000000   0.242800   0.000657   0.001400   0.024902      3
 8.9000E-04  -4.592004   3.723785 -99.000000 -99.000000  -8.005842   0.000000   0.000241   0.000146   0.001400  0.000E+00        max_dt


__________________________________________________________________________________________________________________________________________________

       step    lg_Tmax     Teff     lg_LH      lg_Lnuc_tot     Mass       H_rich     H_cntr     N_cntr     Y_surf   eta_cntr   zones  retry
  lg_dt_yrs    lg_Tcntr    lg_R     lg_L3a     lg_Lneu     lg_Mdot    He_core    He_cntr    O_cntr     Z_surf   gam_cntr   iters  
    age_yrs    lg_Dcntr    lg_L     lg_LZ      lg_Lphoto   lg_Dsurf   CO_core    C_cntr     Ne_cntr    Z_cntr   v_div_cs       dt_limit
__________________________________________________________________________________________________________________________________________________

         90   5.478115   4397.764 -21.400543 -21.400543   5.000000   5.000000   0.755800   0.000071   0.242800 -10.988253    459      0
-5.0000E+00   5.477551   2.097949 -99.000000 -22.798411 -99.000000   0.000000   0.242800   0.000657   0.001400   0.024902      3
 9.0000E-04  -4.592003   3.723519 -99.000000 -99.000000  -8.005550   0.000000   0.000241   0.000146   0.001400  0.000E+00        max_dt

         91   5.478115   4397.114 -21.400543 -21.400543   5.000000   5.000000   0.755800   0.000071   0.242800 -10.988252    475      0
-5.0000E+00   5.477551   2.097945 -99.000000 -22.798411 -99.000000   0.000000   0.242800   0.000657   0.001400   0.024902      3
 9.1000E-04  -4.592003   3.723255 -37.327719 -99.000000  -8.005261   0.000000   0.000241   0.000146   0.001400  0.000E+00        max_dt

         92   5.478115   4396.475 -21.400543 -21.400543   5.000000   5.000000   0.755800   0.000071   0.242800 -10.988252    459      0
-5.0000E+00   5.477551   2.097941 -99.000000 -22.798411 -99.000000   0.000000   0.242800   0.000657   0.001400   0.024902      2
 9.2000E-04  -4.592003   3.722995 -99.000000 -99.000000  -8.004976   0.000000   0.000241   0.000146   0.001400  0.000E+00        max_dt

         93   5.478115   4395.843 -21.400543 -21.400543   5.000000   5.000000   0.755800   0.000071   0.242800 -10.988251    475      0
-5.0000E+00   5.477551   2.097938 -99.000000 -22.798411 -99.000000   0.000000   0.242800   0.000657   0.001400   0.024902      2
 9.3000E-04  -4.592003   3.722738 -99.000000 -99.000000  -8.004695   0.000000   0.000241   0.000146   0.001400  0.000E+00        max_dt

         94   5.478115   4395.222 -21.400542 -21.400542   5.000000   5.000000   0.755800   0.000071   0.242800 -10.988250    459      0
-5.0000E+00   5.477551   2.097934 -99.000000 -22.798411 -99.000000   0.000000   0.242800   0.000657   0.001400   0.024902      2
 9.4000E-04  -4.592003   3.722485 -99.000000 -99.000000  -8.004420   0.000000   0.000241   0.000146   0.001400  0.000E+00        max_dt

         95   5.478115   4394.610 -21.400542 -21.400542   5.000000   5.000000   0.755800   0.000071   0.242800 -10.988250    476      0
-5.0000E+00   5.477551   2.097931 -99.000000 -22.798410 -99.000000   0.000000   0.242800   0.000657   0.001400   0.024902      3
 9.5000E-04  -4.592002   3.722236 -37.026689 -99.000000  -8.004150   0.000000   0.000241   0.000146   0.001400  0.000E+00        max_dt

         96   5.478115   4394.012 -21.400542 -21.400542   5.000000   5.000000   0.755800   0.000071   0.242800 -10.988249    460      0
-5.0000E+00   5.477551   2.097927 -99.000000 -22.798410 -99.000000   0.000000   0.242800   0.000657   0.001400   0.024902      2
 9.6000E-04  -4.592002   3.721993 -99.000000 -99.000000  -8.003885   0.000000   0.000241   0.000146   0.001400  0.000E+00        max_dt

         97   5.478115   4393.424 -21.400542 -21.400542   5.000000   5.000000   0.755800   0.000071   0.242800 -10.988248    476      0
-5.0000E+00   5.477551   2.097924 -99.000000 -22.798410 -99.000000   0.000000   0.242800   0.000657   0.001400   0.024902      2
 9.7000E-04  -4.592002   3.721753 -99.000000 -99.000000  -8.003626   0.000000   0.000241   0.000146   0.001400  0.000E+00        max_dt

         98   5.478115   4392.849 -21.400542 -21.400542   5.000000   5.000000   0.755800   0.000071   0.242800 -10.988248    460      0
-5.0000E+00   5.477551   2.097920 -99.000000 -22.798410 -99.000000   0.000000   0.242800   0.000657   0.001400   0.024902      2
 9.8000E-04  -4.592002   3.721519 -99.000000 -99.000000  -8.003373   0.000000   0.000241   0.000146   0.001400  0.000E+00        max_dt

         99   5.478115   4392.280 -21.400542 -21.400542   5.000000   5.000000   0.755800   0.000071   0.242800 -10.988247    477      0
-5.0000E+00   5.477550   2.097917 -99.000000 -22.798410 -99.000000   0.000000   0.242800   0.000657   0.001400   0.024902      3
 9.9000E-04  -4.592002   3.721287 -99.000000 -99.000000  -8.003123   0.000000   0.000241   0.000146   0.001400  0.000E+00        max_dt


__________________________________________________________________________________________________________________________________________________

       step    lg_Tmax     Teff     lg_LH      lg_Lnuc_tot     Mass       H_rich     H_cntr     N_cntr     Y_surf   eta_cntr   zones  retry
  lg_dt_yrs    lg_Tcntr    lg_R     lg_L3a     lg_Lneu     lg_Mdot    He_core    He_cntr    O_cntr     Z_surf   gam_cntr   iters  
    age_yrs    lg_Dcntr    lg_L     lg_LZ      lg_Lphoto   lg_Dsurf   CO_core    C_cntr     Ne_cntr    Z_cntr   v_div_cs       dt_limit
__________________________________________________________________________________________________________________________________________________

        100   5.478115   4391.719 -21.400542 -21.400542   5.000000   5.000000   0.755800   0.000071   0.242800 -10.988246    461      0
-5.0000E+00   5.477550   2.097913 -99.000000 -22.798410 -99.000000   0.000000   0.242800   0.000657   0.001400   0.024902      2
 1.0000E-03  -4.592002   3.721058 -99.000000 -99.000000  -8.002877   0.000000   0.000241   0.000146   0.001400  0.000E+00        max_dt


 finished doing relax num steps


                                relax_to_radiative_core

          1   5.478115   4391.161 -21.400542 -21.400542   5.000000   5.000000   0.755800   0.000071   0.242800 -10.988246    477      0
-5.0000E+00   5.477550   2.097910 -99.000000 -22.798410 -99.000000   0.000000   0.242800   0.000657   0.001400   0.024902      2
 1.0000E-05  -4.592002   3.720831 -99.000000 -99.000000  -8.002633   0.000000   0.000241   0.000146   0.001400  0.000E+00        max_dt

           waiting for fully convective core to develop           1    3.8788047702749934D-02
          2   5.478115   4390.071 -21.400541 -21.400541   5.000000   5.000000   0.755800   0.000071   0.242800 -10.988245    461      0
-4.6990E+00   5.477550   2.097903 -99.000000 -22.798409 -99.000000   0.000000   0.242800   0.000657   0.001400   0.024902      3
 3.0000E-05  -4.592001   3.720386 -37.327719 -99.000000  -8.002156   0.000000   0.000241   0.000146   0.001400  0.000E+00  max increase

           waiting for fully convective core to develop           2    3.8788042304304070D-02
          3   5.478115   4387.974 -21.400541 -21.400541   5.000000   5.000000   0.755800   0.000071   0.242800 -10.988243    477      0
-4.3979E+00   5.477550   2.097891 -99.000000 -22.798409 -99.000000   0.000000   0.242800   0.000657   0.001400   0.024902      3
 7.0000E-05  -4.592001   3.719531 -99.000000 -99.000000  -8.001245   0.000000   0.000241   0.000146   0.001400  0.000E+00  max increase

           waiting for fully convective core to develop           3    3.8788031753185889D-02
          4   5.478116   4384.099 -21.400540 -21.400540   5.000000   5.000000   0.755800   0.000071   0.242800 -10.988239    461      0
-4.0969E+00   5.477550   2.097867 -99.000000 -22.798408 -99.000000   0.000000   0.242800   0.000657   0.001400   0.024902      3
 1.5000E-04  -4.592000   3.717949 -99.000000 -99.000000  -7.999575   0.000000   0.000241   0.000146   0.001400  0.000E+00  max increase

           waiting for fully convective core to develop           4    3.8788011568150829D-02
          5   5.478116   4377.363 -21.400538 -21.400538   5.000000   5.000000   0.755800   0.000071   0.242800 -10.988235    478      0
-3.7959E+00   5.477549   2.097825 -99.000000 -22.798406 -99.000000   0.000000   0.242800   0.000657   0.001400   0.024902      3
 3.1000E-04  -4.591998   3.715194 -99.000000 -99.000000  -7.996716   0.000000   0.000241   0.000146   0.001400  0.000E+00  max increase

           waiting for fully convective core to develop           5    3.8787974411304466D-02
          6   5.478117   4366.624 -21.400534 -21.400534   5.000000   5.000000   0.755800   0.000071   0.242800 -10.988229    461      0
-3.4949E+00   5.477549   2.097755 -99.000000 -22.798402 -99.000000   0.000000   0.242800   0.000657   0.001400   0.024902      3
 6.3000E-04  -4.591996   3.710788 -99.000000 -99.000000  -7.992273   0.000000   0.000241   0.000146   0.001400  0.000E+00  max increase

           waiting for fully convective core to develop           6    3.8787910131306627D-02
          7   5.478117   4351.677 -21.400526 -21.400526   5.000000   5.000000   0.755800   0.000071   0.242800 -10.988224    476      0
-3.1938E+00   5.477549   2.097652 -99.000000 -22.798394 -99.000000   0.000000   0.242800   0.000657   0.001400   0.024902      3
 1.2700E-03  -4.591994   3.704625 -99.000000 -99.000000  -7.986308   0.000000   0.000241   0.000146   0.001400  0.000E+00  max increase

           waiting for fully convective core to develop           7    3.8787807495978509D-02
          8   5.478119   4333.478 -21.400509 -21.400509   5.000000   5.000000   0.755800   0.000071   0.242800 -10.988220    463      0
-2.8928E+00   5.477550   2.097515 -99.000000 -22.798377 -99.000000   0.000000   0.242800   0.000657   0.001400   0.024902      3
 2.5500E-03  -4.591991   3.697069 -99.000000 -99.000000  -7.979366   0.000000   0.000241   0.000146   0.001400  0.000E+00  max increase

           waiting for fully convective core to develop           8    3.8787652981705216D-02
          9   5.478122   4314.863 -21.400474 -21.400474   5.000000   5.000000   0.755800   0.000071   0.242800 -10.988217    479      0
-2.5918E+00   5.477552   2.097348 -99.000000 -22.798342 -99.000000   0.000000   0.242800   0.000657   0.001400   0.024902      3
 5.1100E-03  -4.591986   3.689258 -99.000000 -99.000000  -7.972583   0.000000   0.000241   0.000146   0.001400  0.000E+00  max increase

           waiting for fully convective core to develop           9    3.3906047686630823D-02

__________________________________________________________________________________________________________________________________________________

       step    lg_Tmax     Teff     lg_LH      lg_Lnuc_tot     Mass       H_rich     H_cntr     N_cntr     Y_surf   eta_cntr   zones  retry
  lg_dt_yrs    lg_Tcntr    lg_R     lg_L3a     lg_Lneu     lg_Mdot    He_core    He_cntr    O_cntr     Z_surf   gam_cntr   iters  
    age_yrs    lg_Dcntr    lg_L     lg_LZ      lg_Lphoto   lg_Dsurf   CO_core    C_cntr     Ne_cntr    Z_cntr   v_div_cs       dt_limit
__________________________________________________________________________________________________________________________________________________

         10   5.478116   4297.883 -21.400402 -21.400402   5.000000   5.000000   0.755800   0.000071   0.242800 -10.988214    466      0
-2.2907E+00   5.477557   2.097161 -99.000000 -22.798270 -99.000000   0.000000   0.242800   0.000657   0.001400   0.024902      3
 1.0230E-02  -4.591977   3.682035 -99.000000 -99.000000  -7.966632   0.000000   0.000241   0.000146   0.001400  0.000E+00  max increase

           waiting for fully convective core to develop          10    3.3897656227100899D-02
         11   5.478114   4284.427 -21.400254 -21.400254   5.000000   5.000000   0.755800   0.000071   0.242800 -10.988211    479      0
-1.9897E+00   5.477566   2.096962 -99.000000 -22.798122 -99.000000   0.000000   0.242800   0.000657   0.001400   0.024902      3
 2.0470E-02  -4.591962   3.676188 -99.000000 -99.000000  -7.962026   0.000000   0.000241   0.000146   0.001400  0.000E+00  max increase

           waiting for fully convective core to develop          11    2.9192735005191449D-02
         12   5.478124   4275.356 -21.399953 -21.399953   5.000000   5.000000   0.755800   0.000071   0.242800 -10.988204    462      0
-1.6887E+00   5.477584   2.096754 -99.000000 -22.797821 -99.000000   0.000000   0.242800   0.000657   0.001400   0.024902      3
 4.0950E-02  -4.591933   3.672091 -37.327719 -99.000000  -7.958914   0.000000   0.000241   0.000146   0.001400  0.000E+00  max increase

           waiting for fully convective core to develop          12    2.4688577281048861D-02
         13   5.478156   4269.983 -21.399339 -21.399339   5.000000   5.000000   0.755800   0.000071   0.242800 -10.988192    477      0
-1.3876E+00   5.477620   2.096540 -99.000000 -22.797207 -99.000000   0.000000   0.242800   0.000657   0.001400   0.024901      3
 8.1910E-02  -4.591873   3.669479 -99.000000 -99.000000  -7.956994   0.000000   0.000241   0.000146   0.001400  0.000E+00  max increase

           waiting for fully convective core to develop          13    1.5164357378966121D-04
         14   5.478227   4267.340 -21.398093 -21.398093   5.000000   5.000000   0.755800   0.000071   0.242800 -10.988166    461      0
-1.0866E+00   5.477694   2.096319 -99.000000 -22.795961 -99.000000   0.000000   0.242800   0.000657   0.001400   0.024899      3
 1.6383E-01  -4.591751   3.667960 -99.000000 -99.000000  -7.955923   0.000000   0.000241   0.000146   0.001400  0.000E+00  max increase

           waiting for fully convective core to develop          14    2.0230865010283726D-04
         15   5.478373   4266.311 -21.395562 -21.395562   5.000000   5.000000   0.755800   0.000071   0.242800 -10.988112    476      0
-7.8558E-01   5.477848   2.096069 -99.000000 -22.793430 -99.000000   0.000000   0.242800   0.000657   0.001400   0.024895      3
 3.2767E-01  -4.591497   3.667041 -99.000000 -99.000000  -7.955319   0.000000   0.000241   0.000146   0.001400  0.000E+00  max increase

           waiting for fully convective core to develop          15    2.4502410704437645D-04
         16   5.478682   4266.186 -21.390554 -21.390554   5.000000   5.000000   0.755800   0.000071   0.242800 -10.988002    460      0
-4.8455E-01   5.478171   2.095735 -99.000000 -22.788422 -99.000000   0.000000   0.242800   0.000657   0.001400   0.024886      3
 6.5535E-01  -4.590965   3.666322 -99.000000 -99.000000  -7.954896   0.000000   0.000241   0.000146   0.001400  0.000E+00  max increase

           waiting for fully convective core to develop          16    2.0392067384803755D-02
         17   5.479339   4266.594 -21.381207 -21.381207   5.000000   5.000000   0.755800   0.000071   0.242800 -10.987770    476      0
-1.8352E-01   5.478861   2.095199 -99.000000 -22.779075 -99.000000   0.000000   0.242800   0.000657   0.001400   0.024869      3
 1.3107E+00  -4.589828   3.665416 -99.000000 -99.000000  -7.954404   0.000000   0.000241   0.000146   0.001400  0.000E+00  max increase

           waiting for fully convective core to develop          17    3.3537291825681743D-03
         18   5.480263   4267.603 -21.362693 -21.362693   5.000000   5.000000   0.755800   0.000071   0.242800 -10.987298    460      0
 1.1751E-01   5.480263   2.094218 -99.000000 -22.760561 -99.000000   0.000000   0.242800   0.000657   0.001400   0.024832      3
 2.6214E+00  -4.587521   3.663866 -99.000000 -99.000000  -7.953587   0.000000   0.000241   0.000146   0.001400  0.000E+00  max increase

           waiting for fully convective core to develop          18    2.2903609359385210D-04
         19   5.483051   4269.652 -21.326194 -21.326194   5.000000   5.000000   0.755800   0.000071   0.242800 -10.986350    476      0
 4.1854E-01   5.483051   2.092318 -99.000000 -22.724062 -99.000000   0.000000   0.242800   0.000657   0.001400   0.024761      3
 5.2429E+00  -4.582928   3.660900 -99.000000 -99.000000  -7.952032   0.000000   0.000241   0.000146   0.001400  0.000E+00  max increase

           waiting for fully convective core to develop          19    1.3108849186009949D-04

__________________________________________________________________________________________________________________________________________________

       step    lg_Tmax     Teff     lg_LH      lg_Lnuc_tot     Mass       H_rich     H_cntr     N_cntr     Y_surf   eta_cntr   zones  retry
  lg_dt_yrs    lg_Tcntr    lg_R     lg_L3a     lg_Lneu     lg_Mdot    He_core    He_cntr    O_cntr     Z_surf   gam_cntr   iters  
    age_yrs    lg_Dcntr    lg_L     lg_LZ      lg_Lphoto   lg_Dsurf   CO_core    C_cntr     Ne_cntr    Z_cntr   v_div_cs       dt_limit
__________________________________________________________________________________________________________________________________________________

         20   5.486578   4273.674 -21.254969 -21.254969   5.000000   5.000000   0.755800   0.000071   0.242800 -10.972961    460      0
 7.1957E-01   5.486578   2.088610 -99.000000 -22.652837 -99.000000   0.000000   0.242800   0.000657   0.001400   0.024771      3
 1.0486E+01  -4.571823   3.655120 -37.026689 -99.000000  -7.949008   0.000000   0.000241   0.000146   0.001400  0.000E+00  max increase

           waiting for fully convective core to develop          20    5.9899807732925362D-06
         21   5.493603   4281.326 -21.118821 -21.118821   5.000000   5.000000   0.755800   0.000071   0.242800 -10.948863    476      0
 1.0206E+00   5.493603   2.081502 -99.000000 -22.516689 -99.000000   0.000000   0.242800   0.000657   0.001400   0.024769      3
 2.0972E+01  -4.550819   3.644010 -99.000000 -99.000000  -7.943207   0.000000   0.000241   0.000146   0.001400  0.000E+00  max increase

             relative mass of radiative core still tiny          21    7.8168565342817686D-08
         22   5.505596   4293.645 -20.887665 -20.887665   5.000000   5.000000   0.755800   0.000071   0.242800 -10.907710    467      0
 1.2846E+00   5.505596   2.069364 -99.000000 -22.285533 -99.000000   0.000000   0.242800   0.000657   0.001400   0.024767      3
 4.0227E+01  -4.514958   3.624726 -99.000000 -99.000000  -7.933108   0.000000   0.000241   0.000146   0.001400  0.000E+00    varcontrol

             relative mass of radiative core still tiny          22    7.8168565120773081D-08
         23   5.521160   4312.726 -20.590146 -20.590146   5.000000   5.000000   0.755800   0.000071   0.242800 -10.854276    482      0
 1.4377E+00   5.521160   2.053586 -99.000000 -21.988014 -99.000000   0.000000   0.242800   0.000657   0.001400   0.024764      3
 6.7623E+01  -4.468406   3.600873 -99.000000 -99.000000  -7.921079   0.000000   0.000241   0.000146   0.001400  0.000E+00    varcontrol

             relative mass of radiative core still tiny          23    7.8168564454639267D-08
         24   5.538638   4331.020 -20.259479 -20.259479   5.000000   5.000000   0.755800   0.000071   0.242800 -10.794227    463      0
 1.5342E+00   5.538638   2.035866 -99.000000 -21.657347 -99.000000   0.000000   0.242800   0.000657   0.001400   0.024762      3
 1.0183E+02  -4.416109   3.572787 -99.000000 -99.000000  -7.906712   0.000000   0.000241   0.000146   0.001400  0.000E+00    varcontrol

             relative mass of radiative core still tiny          24    7.8168564454639267D-08
         25   5.557081   4351.921 -19.914586 -19.914586   5.000000   5.000000   0.755800   0.000071   0.242800 -10.730831    477      0
 1.6055E+00   5.557081   2.017149 -99.000000 -21.312454 -99.000000   0.000000   0.242800   0.000657   0.001400   0.024759      3
 1.4215E+02  -4.360914   3.543716 -99.000000 -99.000000  -7.892302   0.000000   0.000241   0.000146   0.001400  0.000E+00    varcontrol

             relative mass of radiative core still tiny          25    7.8168564676683872D-08
         26   5.575957   4372.067 -19.565827 -19.565827   5.000000   5.000000   0.755800   0.000071   0.242800 -10.665905    468      0
 1.6652E+00   5.575957   1.997984 -99.000000 -20.963695 -99.000000   0.000000   0.242800   0.000657   0.001400   0.024757      3
 1.8840E+02  -4.304402   3.513409 -99.000000 -99.000000  -7.877375   0.000000   0.000241   0.000146   0.001400  0.000E+00    varcontrol

             relative mass of radiative core still tiny          26    7.8168564676683872D-08
         27   5.595014   4393.863 -19.218058 -19.218058   5.000000   5.000000   0.755800   0.000071   0.242800 -10.600328    488      0
 1.7188E+00   5.595014   1.978619 -99.000000 -20.615926 -99.000000   0.000000   0.242800   0.000657   0.001400   0.024755      3
 2.4075E+02  -4.247337   3.483318 -99.000000 -99.000000  -7.863167   0.000000   0.000241   0.000146   0.001400  0.000E+00    varcontrol

             relative mass of radiative core still tiny          27    7.8168565342817686D-08
         28   5.614103   4414.122 -18.874021 -18.874021   5.000000   5.000000   0.755800   0.000071   0.242800 -10.534613    486      0
 1.7698E+00   5.614103   1.959219 -99.000000 -20.271889 -99.000000   0.000000   0.242800   0.000657   0.001400   0.024753      3
 2.9960E+02  -4.190164   3.452508 -99.000000 -99.000000  -7.848677   0.000000   0.000241   0.000146   0.001400  0.000E+00    varcontrol

             relative mass of radiative core still tiny          28    7.8168564898728476D-08
         29   5.633302   4434.955 -18.532295 -18.532295   5.000000   5.000000   0.755800   0.000071   0.242800 -10.468496    494      0
 1.8226E+00   5.633302   1.939698 -99.000000 -19.930163 -99.000000   0.000000   0.242800   0.000657   0.001400   0.024752      3
 3.6608E+02  -4.132652   3.421647 -99.000000 -99.000000  -7.834672   0.000000   0.000241   0.000146   0.001400  0.000E+00    varcontrol

             relative mass of radiative core still tiny          29    7.8168565342817686D-08

__________________________________________________________________________________________________________________________________________________

       step    lg_Tmax     Teff     lg_LH      lg_Lnuc_tot     Mass       H_rich     H_cntr     N_cntr     Y_surf   eta_cntr   zones  retry
  lg_dt_yrs    lg_Tcntr    lg_R     lg_L3a     lg_Lneu     lg_Mdot    He_core    He_cntr    O_cntr     Z_surf   gam_cntr   iters  
    age_yrs    lg_Dcntr    lg_L     lg_LZ      lg_Lphoto   lg_Dsurf   CO_core    C_cntr     Ne_cntr    Z_cntr   v_div_cs       dt_limit
__________________________________________________________________________________________________________________________________________________

         30   5.652529   4454.911 -18.194303 -18.194303   5.000000   5.000000   0.755800   0.000071   0.242800 -10.402257    493      0
 1.8741E+00   5.652529   1.920145 -99.000000 -19.592171 -99.000000   0.000000   0.242800   0.000657   0.001400   0.024750      3
 4.4091E+02  -4.075043   3.390340 -99.000000 -99.000000  -7.820655   0.000000   0.000241   0.000146   0.001400  0.000E+00    varcontrol

             relative mass of radiative core still tiny          30    7.8168564898728476D-08
         31   5.671774   4475.772 -17.860203 -17.860203   5.000000   5.000000   0.755800   0.000071   0.242800 -10.335938    497      0
 1.9250E+00   5.671774   1.900568 -99.000000 -19.258071 -99.000000   0.000000   0.242800   0.000657   0.001400   0.024749      3
 5.2505E+02  -4.017373   3.359301 -99.000000 -99.000000  -7.807477   0.000000   0.000241   0.000146   0.001400  0.000E+00    varcontrol

             relative mass of radiative core still tiny          31    7.8168564898728476D-08
         32   5.691007   4493.827 -17.530446 -17.530446   5.000000   5.000000   0.755800   0.000071   0.242800 -10.269639    503      0
 1.9763E+00   5.691007   1.881005 -99.000000 -18.928314 -99.000000   0.000000   0.242800   0.000657   0.001400   0.024748      3
 6.1975E+02  -3.959731   3.327169 -99.000000 -99.000000  -7.793342   0.000000   0.000241   0.000146   0.001400  0.000E+00    varcontrol

             relative mass of radiative core still tiny          32    7.8168564898728476D-08
         33   5.710257   4515.148 -17.204472 -17.204472   5.000000   5.000000   0.755800   0.000071   0.242800 -10.203265    486      0
 2.0271E+00   5.710257   1.861416 -99.000000 -18.602340 -99.000000   0.000000   0.242800   0.000657   0.001400   0.024747      3
 7.2619E+02  -3.902030   3.296213 -99.000000 -99.000000  -7.781230   0.000000   0.000241   0.000146   0.001400  0.000E+00    varcontrol

             relative mass of radiative core still tiny          33    7.8168565120773081D-08
         34   5.729436   4534.304 -16.883693 -16.883693   5.000000   5.000000   0.755800   0.000071   0.242800 -10.137117    490      0
 2.0765E+00   5.729436   1.841901 -99.000000 -18.281561 -99.000000   0.000000   0.242800   0.000657   0.001400   0.024746      3
 8.4546E+02  -3.844533   3.264539 -99.000000 -99.000000  -7.768413   0.000000   0.000241   0.000146   0.001400  0.000E+00    varcontrol

             relative mass of radiative core still tiny          34    7.8168565564862291D-08
         35   5.748537   4553.290 -16.568140 -16.568140   5.000000   5.000000   0.755800   0.000071   0.242800 -10.071229    497      0
 2.1256E+00   5.748537   1.822466 -99.000000 -17.966008 -99.000000   0.000000   0.242800   0.000657   0.001400   0.024745      3
 9.7900E+02  -3.787266   3.232927 -99.000000 -99.000000  -7.755878   0.000000   0.000241   0.000146   0.001400  0.000E+00    varcontrol

             relative mass of radiative core still tiny          35    7.8168565564862291D-08
         36   5.767550   4571.042 -16.257860 -16.257860   5.000000   5.000000   0.755800   0.000071   0.242800 -10.005634    494      0
 2.1747E+00   5.767550   1.803122 -99.000000 -17.655728 -99.000000   0.000000   0.242800   0.000657   0.001400   0.024745      3
 1.1285E+03  -3.730259   3.200998 -99.000000 -99.000000  -7.742975   0.000000   0.000241   0.000146   0.001400  0.000E+00    varcontrol

             relative mass of radiative core still tiny          36    7.8168565120773081D-08
         37   5.786517   4590.972 -15.952075 -15.952075   5.000000   5.000000   0.755800   0.000071   0.242800  -9.940189    498      0
 2.2237E+00   5.786517   1.783823 -99.000000 -17.349943 -99.000000   0.000000   0.242800   0.000657   0.001400   0.024744      3
 1.2959E+03  -3.673385   3.169957 -99.000000 -99.000000  -7.731626   0.000000   0.000241   0.000146   0.001400  0.000E+00    varcontrol

             relative mass of radiative core still tiny          37    7.8168565564862291D-08
         38   5.805475   4610.096 -15.650121 -15.650121   5.000000   5.000000   0.755800   0.000071   0.242800  -9.874768    524      0
 2.2739E+00   5.805475   1.764535 -99.000000 -17.047989 -99.000000   0.000000   0.242800   0.000657   0.001400   0.024744      3
 1.4838E+03  -3.616536   3.138604 -99.000000 -99.000000  -7.720011   0.000000   0.000241   0.000146   0.001400  0.000E+00    varcontrol

             relative mass of radiative core still tiny          38    7.8168565342817686D-08
         39   5.824482   4628.022 -15.351021 -15.351021   5.000000   5.000000   0.755800   0.000071   0.242800  -9.809167    501      0
 2.3261E+00   5.824482   1.745201 -99.000000 -16.748889 -99.000000   0.000000   0.242800   0.000657   0.001400   0.024744      3
 1.6957E+03  -3.559534   3.106677 -99.000000 -99.000000  -7.707748   0.000000   0.000241   0.000146   0.001400  0.000E+00    varcontrol

             relative mass of radiative core still tiny          39    7.8168565120773081D-08

__________________________________________________________________________________________________________________________________________________

       step    lg_Tmax     Teff     lg_LH      lg_Lnuc_tot     Mass       H_rich     H_cntr     N_cntr     Y_surf   eta_cntr   zones  retry
  lg_dt_yrs    lg_Tcntr    lg_R     lg_L3a     lg_Lneu     lg_Mdot    He_core    He_cntr    O_cntr     Z_surf   gam_cntr   iters  
    age_yrs    lg_Dcntr    lg_L     lg_LZ      lg_Lphoto   lg_Dsurf   CO_core    C_cntr     Ne_cntr    Z_cntr   v_div_cs       dt_limit
__________________________________________________________________________________________________________________________________________________

         40   5.843509   4647.443 -15.055194 -15.055194   5.000000   5.000000   0.755800   0.000071   0.242800  -9.743486    526      0
 2.3771E+00   5.843509   1.725847 -99.000000 -16.453062 -99.000000   0.000000   0.242800   0.000657   0.001400   0.024743      3
 1.9340E+03  -3.502467   3.075243 -99.000000 -99.000000  -7.696528   0.000000   0.000241   0.000146   0.001400  0.000E+00    varcontrol

             relative mass of radiative core still tiny          40    7.8168565120773081D-08
         41   5.862543   4666.169 -14.762824 -14.762824   5.000000   5.000000   0.755800   0.000071   0.242800  -9.677774    513      0
 2.4281E+00   5.862543   1.706490 -99.000000 -16.160692 -99.000000   0.000000   0.242800   0.000657   0.001400   0.024743      3
 2.2019E+03  -3.445377   3.043515 -30.705060 -99.000000  -7.684969   0.000000   0.000241   0.000146   0.001400  0.000E+00    varcontrol

             relative mass of radiative core still tiny          41    7.8168564898728476D-08
         42   5.881560   4683.109 -14.474201 -14.474201   5.000000   5.000000   0.755800   0.000071   0.242800  -9.612109    525      0
 2.4792E+00   5.881560   1.687154 -99.000000 -15.872069 -99.000000   0.000000   0.242800   0.000657   0.001400   0.024743      3
 2.5033E+03  -3.388333   3.011139 -99.000000 -99.000000  -7.672334   0.000000   0.000241   0.000146   0.001400  0.000E+00    varcontrol

             relative mass of radiative core still tiny          42    7.8168564676683872D-08
         43   5.900582   4702.521 -14.188948 -14.188948   5.000000   5.000000   0.755800   0.000071   0.242800  -9.546421    513      0
 2.5298E+00   5.900582   1.667815 -99.000000 -15.586816 -99.000000   0.000000   0.242800   0.000657   0.001400   0.024743      3
 2.8421E+03  -3.331271   2.979647 -30.103000 -99.000000  -7.661359   0.000000   0.000241   0.000146   0.001400  0.000E+00    varcontrol

             relative mass of radiative core still tiny          43    7.8168564898728476D-08
         44   5.919586   4720.151 -13.907351 -13.907351   5.000000   5.000000   0.755800   0.000071   0.242800  -9.480788    531      0
 2.5806E+00   5.919586   1.648499 -99.000000 -15.305219 -99.000000   0.000000   0.242800   0.000657   0.001400   0.024743      3
 3.2228E+03  -3.274260   2.947515 -99.000000 -99.000000  -7.649254   0.000000   0.000241   0.000146   0.001400  0.000E+00    varcontrol

             relative mass of radiative core still tiny          44    7.8168564676683872D-08
         45   5.938390   4739.636 -13.628953 -13.628953   5.000000   5.000000   0.755800   0.000071   0.242800  -9.413781    537      0
 2.6315E+00   5.938390   1.629173 -99.000000 -15.026821 -99.000000   0.000000   0.242800   0.000657   0.001400   0.024760      3
 3.6509E+03  -3.216952   2.916019 -99.000000 -99.000000  -7.638373   0.000000   0.000241   0.000146   0.001400  0.000E+00    varcontrol

             relative mass of radiative core still tiny          45    7.8168564232594662D-08
         46   5.956673   4757.738 -13.354001 -13.354001   5.000000   5.000000   0.755800   0.000071   0.242800  -9.342905    541      0
 2.6836E+00   5.956673   1.609822 -99.000000 -14.751869 -99.000000   0.000000   0.242800   0.000657   0.001400   0.024824      3
 4.1334E+03  -3.158745   2.883941 -99.000000 -99.000000  -7.626516   0.000000   0.000241   0.000146   0.001400  0.000E+00    varcontrol

                 finished relax to begin radiative core          46    6.9136718029372702D-03

 finished doing relax_to_radiative_core

 read my_history_columns.list
 read my_profile_columns.list
                                 set_initial_dt (years)    1.0000000000000000D+00
                             set_initial_number_retries           0
 net name basic.net
 kap_option gs98
 kap_CO_option gs98_co
 kap_lowT_option lowT_fa05_gs98
                                        OMP_NUM_THREADS          16


__________________________________________________________________________________________________________________________________________________

       step    lg_Tmax     Teff     lg_LH      lg_Lnuc_tot     Mass       H_rich     H_cntr     N_cntr     Y_surf   eta_cntr   zones  retry
  lg_dt_yrs    lg_Tcntr    lg_R     lg_L3a     lg_Lneu     lg_Mdot    He_core    He_cntr    O_cntr     Z_surf   gam_cntr   iters  
    age_yrs    lg_Dcntr    lg_L     lg_LZ      lg_Lphoto   lg_Dsurf   CO_core    C_cntr     Ne_cntr    Z_cntr   v_div_cs       dt_limit
__________________________________________________________________________________________________________________________________________________

          1   5.956711   4757.764 -13.353437 -13.353437   5.000000   5.000000   0.755800   0.000071   0.242800  -9.342758    541      0
 0.0000E+00   5.956711   1.609782 -99.000000 -14.751305  -9.219632   0.000000   0.242800   0.000657   0.001400   0.024824      2
 1.0000E+00  -3.158624   2.883870 -99.000000 -99.000000  -7.626507   0.000000   0.000241   0.000146   0.001400  0.000E+00    varcontrol

save LOGS/profile1.data for model 1
          2   5.956757   4758.699 -13.352757 -13.352757   5.000000   5.000000   0.755800   0.000071   0.242800  -9.342582    543      0
 7.9181E-02   5.956757   1.609734 -99.000000 -14.750625  -9.219761   0.000000   0.242800   0.000657   0.001400   0.024824      3
 2.2000E+00  -3.158479   2.884115 -99.000000 -99.000000  -7.627079   0.000000   0.000241   0.000146   0.001400  0.000E+00  max increase

          3   5.956811   4758.752 -13.351941 -13.351941   5.000000   5.000000   0.755800   0.000071   0.242800  -9.342371    541      0
 1.5836E-01   5.956811   1.609676 -99.000000 -14.749810  -9.219471   0.000000   0.242800   0.000657   0.001400   0.024824      2
 3.6400E+00  -3.158306   2.884018 -29.199910 -99.000000  -7.627043   0.000000   0.000241   0.000146   0.001400  0.000E+00  max increase

          4   5.956877   4758.816 -13.350963 -13.350963   5.000000   5.000000   0.755800   0.000071   0.242800  -9.342117    544      0
 2.3754E-01   5.956877   1.609607 -99.000000 -14.748831  -9.219650   0.000000   0.242800   0.000657   0.001400   0.024824      2
 5.3680E+00  -3.158097   2.883903 -99.000000 -99.000000  -7.627000   0.000000   0.000241   0.000146   0.001400  0.000E+00  max increase

          5   5.956955   4758.893 -13.349790 -13.349790   5.000000   5.000000   0.755800   0.000071   0.242800  -9.341813    541      0
 3.1672E-01   5.956955   1.609524 -99.000000 -14.747658  -9.219863   0.000000   0.242800   0.000657   0.001400   0.024825      2
 7.4416E+00  -3.157847   2.883765 -29.199910 -99.000000  -7.626949   0.000000   0.000241   0.000146   0.001400  0.000E+00  max increase

          6   5.957050   4758.985 -13.348384 -13.348384   5.000000   5.000000   0.755800   0.000071   0.242800  -9.341448    544      0
 3.9591E-01   5.957050   1.609424 -99.000000 -14.746252  -9.220119   0.000000   0.242800   0.000657   0.001400   0.024825      2
 9.9299E+00  -3.157548   2.883600 -99.000000 -99.000000  -7.626887   0.000000   0.000241   0.000146   0.001400  0.000E+00  max increase

          7   5.957162   4759.096 -13.346697 -13.346697   5.000000   5.000000   0.755800   0.000071   0.242800  -9.341011    541      0
 4.7509E-01   5.957162   1.609305 -99.000000 -14.744565  -9.220426   0.000000   0.242800   0.000657   0.001400   0.024825      2
 1.2916E+01  -3.157188   2.883401 -99.000000 -99.000000  -7.626813   0.000000   0.000241   0.000146   0.001400  0.000E+00  max increase

          8   5.957298   4759.228 -13.344675 -13.344675   5.000000   5.000000   0.755800   0.000071   0.242800  -9.340486    544      0
 5.5427E-01   5.957298   1.609162 -99.000000 -14.742543  -9.220794   0.000000   0.242800   0.000657   0.001400   0.024826      2
 1.6499E+01  -3.156757   2.883163 -99.000000 -99.000000  -7.626724   0.000000   0.000241   0.000146   0.001400  0.000E+00  max increase

          9   5.957460   4759.383 -13.342251 -13.342251   5.000000   5.000000   0.755800   0.000071   0.242800  -9.339856    529      0
 6.3345E-01   5.957460   1.608990 -99.000000 -14.740119  -9.221235   0.000000   0.242800   0.000657   0.001400   0.024826      2
 2.0799E+01  -3.156241   2.882877 -99.000000 -99.000000  -7.626615   0.000000   0.000241   0.000146   0.001400  0.000E+00  max increase


__________________________________________________________________________________________________________________________________________________

       step    lg_Tmax     Teff     lg_LH      lg_Lnuc_tot     Mass       H_rich     H_cntr     N_cntr     Y_surf   eta_cntr   zones  retry
  lg_dt_yrs    lg_Tcntr    lg_R     lg_L3a     lg_Lneu     lg_Mdot    He_core    He_cntr    O_cntr     Z_surf   gam_cntr   iters  
    age_yrs    lg_Dcntr    lg_L     lg_LZ      lg_Lphoto   lg_Dsurf   CO_core    C_cntr     Ne_cntr    Z_cntr   v_div_cs       dt_limit
__________________________________________________________________________________________________________________________________________________

         10   5.957654   4759.574 -13.339347 -13.339347   5.000000   5.000000   0.755800   0.000071   0.242800  -9.339101    528      0
 7.1263E-01   5.957654   1.608784 -99.000000 -14.737215  -9.221766   0.000000   0.242800   0.000657   0.001400   0.024827      2
 2.5959E+01  -3.155621   2.882535 -99.000000 -99.000000  -7.626488   0.000000   0.000241   0.000146   0.001400  0.000E+00  max increase

         11   5.957887   4759.806 -13.335867 -13.335867   5.000000   5.000000   0.755800   0.000071   0.242800  -9.338196    544      0
 7.9181E-01   5.957887   1.608538 -99.000000 -14.733735  -9.222400   0.000000   0.242800   0.000657   0.001400   0.024828      2
 3.2150E+01  -3.154879   2.882126 -99.000000 -99.000000  -7.626337   0.000000   0.000241   0.000146   0.001400  0.000E+00  max increase

         12   5.958166   4760.069 -13.331700 -13.331700   5.000000   5.000000   0.755800   0.000071   0.242800  -9.337112    528      0
 8.7099E-01   5.958166   1.608242 -99.000000 -14.729568  -9.223158   0.000000   0.242800   0.000657   0.001400   0.024829      2
 3.9581E+01  -3.153990   2.881632 -28.898880 -99.000000  -7.626147   0.000000   0.000241   0.000146   0.001400  0.000E+00  max increase

         13   5.958500   4760.408 -13.326711 -13.326711   5.000000   5.000000   0.755800   0.000071   0.242800  -9.335812    544      0
 9.5017E-01   5.958500   1.607889 -99.000000 -14.724579  -9.224073   0.000000   0.242800   0.000657   0.001400   0.024830      6
 4.8497E+01  -3.152925   2.881048 -99.000000 -99.000000  -7.625936   0.000000   0.000241   0.000146   0.001400  0.000E+00  max increase

         14   5.958899   4760.787 -13.320743 -13.320743   5.000000   5.000000   0.755800   0.000071   0.242800  -9.334255    528      0
 1.0294E+00   5.958899   1.607466 -99.000000 -14.718611  -9.225158   0.000000   0.242800   0.000657   0.001400   0.024832      2
 5.9196E+01  -3.151649   2.880340 -99.000000 -99.000000  -7.625665   0.000000   0.000241   0.000146   0.001400  0.000E+00  max increase

         15   5.959377   4761.267 -13.313605 -13.313605   5.000000   5.000000   0.755800   0.000071   0.242800  -9.332390    544      0
 1.1085E+00   5.959377   1.606959 -99.000000 -14.711473  -9.226468   0.000000   0.242800   0.000657   0.001400   0.024833      2
 7.2035E+01  -3.150123   2.879502 -99.000000 -99.000000  -7.625359   0.000000   0.000241   0.000146   0.001400  0.000E+00  max increase

         16   5.959947   4761.814 -13.305074 -13.305074   5.000000   5.000000   0.755800   0.000071   0.242800  -9.330157    528      0
 1.1877E+00   5.959947   1.606354 -99.000000 -14.702942  -9.228023   0.000000   0.242800   0.000657   0.001400   0.024836      2
 8.7442E+01  -3.148297   2.878491 -99.000000 -99.000000  -7.624974   0.000000   0.000241   0.000146   0.001400  0.000E+00  max increase

         17   5.960629   4762.494 -13.294888 -13.294888   5.000000   5.000000   0.755800   0.000071   0.242800  -9.327486    544      0
 1.2669E+00   5.960629   1.605630 -99.000000 -14.692756  -9.229896   0.000000   0.242800   0.000657   0.001400   0.024838      3
 1.0593E+02  -3.146115   2.877292 -99.000000 -99.000000  -7.624533   0.000000   0.000241   0.000146   0.001400  0.000E+00  max increase

         18   5.961442   4763.278 -13.282735 -13.282735   5.000000   5.000000   0.755800   0.000071   0.242800  -9.324291    528      0
 1.3461E+00   5.961442   1.604767 -99.000000 -14.680603  -9.232121   0.000000   0.242800   0.000657   0.001400   0.024842      3
 1.2812E+02  -3.143508   2.875851 -99.000000 -99.000000  -7.623987   0.000000   0.000241   0.000146   0.001400  0.000E+00  max increase

         19   5.962410   4764.240 -13.268253 -13.268253   5.000000   5.000000   0.755800   0.000071   0.242800  -9.320473    544      0
 1.4253E+00   5.962410   1.603737 -99.000000 -14.666121  -9.234790   0.000000   0.242800   0.000657   0.001400   0.024845      3
 1.5474E+02  -3.140397   2.874142 -99.000000 -99.000000  -7.623353   0.000000   0.000241   0.000146   0.001400  0.000E+00  max increase


__________________________________________________________________________________________________________________________________________________

       step    lg_Tmax     Teff     lg_LH      lg_Lnuc_tot     Mass       H_rich     H_cntr     N_cntr     Y_surf   eta_cntr   zones  retry
  lg_dt_yrs    lg_Tcntr    lg_R     lg_L3a     lg_Lneu     lg_Mdot    He_core    He_cntr    O_cntr     Z_surf   gam_cntr   iters  
    age_yrs    lg_Dcntr    lg_L     lg_LZ      lg_Lphoto   lg_Dsurf   CO_core    C_cntr     Ne_cntr    Z_cntr   v_div_cs       dt_limit
__________________________________________________________________________________________________________________________________________________

         20   5.963562   4765.364 -13.251017 -13.251017   5.000000   5.000000   0.755800   0.000071   0.242800  -9.315913    529      0
 1.5044E+00   5.963562   1.602510 -99.000000 -14.648885  -9.237960   0.000000   0.242800   0.000657   0.001400   0.024850      3
 1.8669E+02  -3.136688   2.872098 -99.000000 -99.000000  -7.622584   0.000000   0.000241   0.000146   0.001400  0.000E+00  max increase

         21   5.964932   4766.703 -13.230540 -13.230540   5.000000   5.000000   0.755800   0.000071   0.242800  -9.310473    528      0
 1.5836E+00   5.964932   1.601051 -99.000000 -14.628408  -9.241748   0.000000   0.242800   0.000657   0.001400   0.024856      3
 2.2503E+02  -3.132271   2.869668 -99.000000 -99.000000  -7.621671   0.000000   0.000241   0.000146   0.001400  0.000E+00  max increase

         22   5.966555   4768.296 -13.206253 -13.206253   5.000000   5.000000   0.755800   0.000071   0.242800  -9.303988    544      0
 1.6628E+00   5.966555   1.599318 -99.000000 -14.604121  -9.246252   0.000000   0.242800   0.000657   0.001400   0.024863      3
 2.7103E+02  -3.127020   2.866782 -99.000000 -99.000000  -7.620588   0.000000   0.000241   0.000146   0.001400  0.000E+00  max increase

         23   5.968475   4770.167 -13.177513 -13.177513   5.000000   5.000000   0.755800   0.000071   0.242800  -9.296269    529      0
 1.7420E+00   5.968475   1.597264 -99.000000 -14.575382  -9.251600   0.000000   0.242800   0.000657   0.001400   0.024872      3
 3.2624E+02  -3.120787   2.863356 -99.000000 -99.000000  -7.619292   0.000000   0.000241   0.000146   0.001400  0.000E+00  max increase

         24   5.970741   4772.374 -13.143591 -13.143591   5.000000   5.000000   0.755800   0.000071   0.242800  -9.287092    544      0
 1.8212E+00   5.970741   1.594835 -99.000000 -14.541460  -9.257946   0.000000   0.242800   0.000657   0.001400   0.024884      3
 3.9248E+02  -3.113403   2.859301 -28.898880 -99.000000  -7.617756   0.000000   0.000241   0.000146   0.001400  0.000E+00  max increase

         25   5.973405   4774.948 -13.103675 -13.103675   5.000000   5.000000   0.755800   0.000071   0.242800  -9.276201    528      0
 1.9003E+00   5.973405   1.591971 -99.000000 -14.501543  -9.265455   0.000000   0.242800   0.000657   0.001400   0.024898      3
 4.7198E+02  -3.104676   2.854509 -99.000000 -99.000000  -7.615925   0.000000   0.000241   0.000146   0.001400  0.000E+00  max increase

         26   5.976529   4778.165 -13.056857 -13.056857   5.000000   5.000000   0.755800   0.000071   0.242800  -9.263298    544      0
 1.9795E+00   5.976529   1.588602 -99.000000 -14.454725  -9.274324   0.000000   0.242800   0.000657   0.001400   0.024915      3
 5.6738E+02  -3.094387   2.848943 -99.000000 -99.000000  -7.613899   0.000000   0.000241   0.000146   0.001400  0.000E+00  max increase

         27   5.980175   4781.696 -13.002177 -13.002177   5.000000   5.000000   0.755800   0.000071   0.242800  -9.248050    531      0
 2.0587E+00   5.980175   1.584657 -99.000000 -14.400045  -9.284662   0.000000   0.242800   0.000657   0.001400   0.024937      3
 6.8185E+02  -3.082295   2.842335 -99.000000 -99.000000  -7.611363   0.000000   0.000241   0.000146   0.001400  0.000E+00  max increase

         28   5.984411   4785.766 -12.938611 -12.938611   5.000000   5.000000   0.755800   0.000071   0.242800  -9.230079    545      0
 2.1379E+00   5.984411   1.580053 -99.000000 -14.336479  -9.296889   0.000000   0.242800   0.000657   0.001400   0.024965      4
 8.1922E+02  -3.068136   2.834606 -99.000000 -99.000000  -7.608369   0.000000   0.000241   0.000146   0.001400  0.000E+00  max increase

         29   5.989316   4791.649 -12.865018 -12.865018   4.999999   4.999999   0.755800   0.000071   0.242800  -9.208966    536      0
 2.2171E+00   5.989316   1.574702 -99.000000 -14.262887  -9.311180   0.000000   0.242800   0.000657   0.001400   0.025000      3
 9.8407E+02  -3.051609   2.826038 -99.000000 -99.000000  -7.605671   0.000000   0.000241   0.000146   0.001400  0.000E+00  max increase


__________________________________________________________________________________________________________________________________________________

       step    lg_Tmax     Teff     lg_LH      lg_Lnuc_tot     Mass       H_rich     H_cntr     N_cntr     Y_surf   eta_cntr   zones  retry
  lg_dt_yrs    lg_Tcntr    lg_R     lg_L3a     lg_Lneu     lg_Mdot    He_core    He_cntr    O_cntr     Z_surf   gam_cntr   iters  
    age_yrs    lg_Dcntr    lg_L     lg_LZ      lg_Lphoto   lg_Dsurf   CO_core    C_cntr     Ne_cntr    Z_cntr   v_div_cs       dt_limit
__________________________________________________________________________________________________________________________________________________

         30   5.994956   4797.297 -12.780397 -12.780397   4.999999   4.999999   0.755800   0.000071   0.242800  -9.184254    551      0
 2.2963E+00   5.994956   1.568521 -99.000000 -14.178265  -9.327231   0.000000   0.242800   0.000657   0.001400   0.025043      4
 1.1819E+03  -3.032416   2.815722 -99.000000 -99.000000  -7.601771   0.000000   0.000241   0.000146   0.001400  0.000E+00  max increase

         31   6.001403   4803.761 -12.683721 -12.683721   4.999999   4.999999   0.755800   0.000071   0.242800  -9.155453    535      0
 2.3754E+00   6.001403   1.561422 -99.000000 -14.081589  -9.346338   0.000000   0.242800   0.000657   0.001400   0.025098      4
 1.4193E+03  -3.010236   2.803863 -99.000000 -99.000000  -7.597270   0.000000   0.000241   0.000146   0.001400  0.000E+00  max increase

         32   6.008725   4811.176 -12.574047 -12.574047   4.999999   4.999999   0.755800   0.000071   0.242800  -9.122044    552      0
 2.4546E+00   6.008725   1.553322 -99.000000 -13.971915  -9.368296   0.000000   0.242800   0.000657   0.001400   0.025166      4
 1.7041E+03  -2.984743   2.790342 -99.000000 -99.000000  -7.592156   0.000000   0.000241   0.000146   0.001400  0.000E+00  max increase

         33   6.016993   4820.608 -12.450449 -12.450449   4.999999   4.999999   0.755800   0.000071   0.242800  -9.083489    536      0
 2.5338E+00   6.016993   1.544136 -99.000000 -13.848317  -9.393338   0.000000   0.242800   0.000657   0.001400   0.025250      4
 2.0459E+03  -2.955595   2.775373 -99.000000 -99.000000  -7.587050   0.000000   0.000241   0.000146   0.001400  0.000E+00  max increase

         34   6.026252   4830.015 -12.312425 -12.312425   4.999999   4.999999   0.755800   0.000071   0.242800  -9.039249    552      0
 2.6130E+00   6.026252   1.533812 -99.000000 -13.710293  -9.421243   0.000000   0.242800   0.000657   0.001400   0.025354      4
 2.4561E+03  -2.922493   2.758111 -99.000000 -99.000000  -7.580483   0.000000   0.000241   0.000146   0.001400  0.000E+00  max increase

         35   6.036543   4840.413 -12.159581 -12.159581   4.999999   4.999999   0.755800   0.000071   0.242800  -8.988802    539      0
 2.6922E+00   6.036543   1.522303 -99.000000 -13.557449  -9.453200   0.000000   0.242800   0.000657   0.001400   0.025480      4
 2.9483E+03  -2.885146   2.738829 -99.000000 -99.000000  -7.573087   0.000000   0.000241   0.000146   0.001400  0.000E+00  max increase

         36   6.047918   4853.341 -11.991526 -11.991526   4.999998   4.999998   0.755800   0.000071   0.242800  -8.931654    550      0
 2.7713E+00   6.047918   1.509571 -99.000000 -13.389394  -9.488874   0.000000   0.242800   0.000657   0.001400   0.025632      4
 3.5390E+03  -2.843263   2.717999 -99.000000 -99.000000  -7.565871   0.000000   0.000241   0.000146   0.001400  0.000E+00  max increase

         37   6.060385   4866.026 -11.808532 -11.808532   4.999998   4.999998   0.755800   0.000071   0.242800  -8.867373    537      0
 2.8505E+00   6.060385   1.495635 -99.000000 -13.206400  -9.527664   0.000000   0.242800   0.000657   0.001400   0.025814      4
 4.2478E+03  -2.796644   2.694662 -99.000000 -99.000000  -7.556941   0.000000   0.000241   0.000146   0.001400  0.000E+00  max increase

         38   6.073986   4881.470 -11.610559 -11.610559   4.999998   4.999998   0.755800   0.000071   0.242800  -8.795598    558      0
 2.9297E+00   6.073986   1.480505 -99.000000 -13.008426  -9.570847   0.000000   0.242800   0.000657   0.001400   0.026028      4
 5.0984E+03  -2.745070   2.669906 -99.000000 -99.000000  -7.548377   0.000000   0.000241   0.000146   0.001400  0.000E+00  max increase

         39   6.087519   4895.172 -11.415219 -11.415219   4.999998   4.999998   0.755800   0.000071   0.242800  -8.722240    555      0
 2.9700E+00   6.087519   1.465561 -99.000000 -12.813087  -9.616947   0.000000   0.242800   0.000657   0.001400   0.026260      4
 6.0316E+03  -2.692910   2.644888 -99.000000 -99.000000  -7.538818   0.000000   0.000241   0.000146   0.001400  0.000E+00    lgRho_cntr


__________________________________________________________________________________________________________________________________________________

       step    lg_Tmax     Teff     lg_LH      lg_Lnuc_tot     Mass       H_rich     H_cntr     N_cntr     Y_surf   eta_cntr   zones  retry
  lg_dt_yrs    lg_Tcntr    lg_R     lg_L3a     lg_Lneu     lg_Mdot    He_core    He_cntr    O_cntr     Z_surf   gam_cntr   iters  
    age_yrs    lg_Dcntr    lg_L     lg_LZ      lg_Lphoto   lg_Dsurf   CO_core    C_cntr     Ne_cntr    Z_cntr   v_div_cs       dt_limit
__________________________________________________________________________________________________________________________________________________

         40   6.099417   4908.104 -11.244734 -11.244734   4.999998   4.999998   0.755800   0.000071   0.242800  -8.656009    561      0
 2.9520E+00   6.099417   1.452547 -99.000000 -12.642602  -9.663244   0.000000   0.242800   0.000657   0.001400   0.026481      4
 6.9270E+03  -2.646297   2.623442 -27.092700 -99.000000  -7.531164   0.000000   0.000241   0.000146   0.001400  0.000E+00    lgRho_cntr

         41   6.112302   4922.501 -11.062205 -11.062205   4.999997   4.999997   0.755800   0.000071   0.242800  -8.583696    562      0
 3.0222E+00   6.112302   1.438684 -99.000000 -12.460072  -9.703103   0.000000   0.242800   0.000657   0.001400   0.026728      4
 7.9794E+03  -2.595563   2.600806 -99.000000 -99.000000  -7.523423   0.000000   0.000241   0.000146   0.001400  0.000E+00    varcontrol

         42   6.125628   4936.779 -10.875630 -10.875630   4.999997   4.999997   0.755800   0.000071   0.242800  -8.508250    565      0
 3.0734E+00   6.125628   1.424643 -99.000000 -12.273498  -9.745278   0.000000   0.242800   0.000657   0.001400   0.026991      5
 9.1636E+03  -2.542806   2.577755 -26.791670 -99.000000  -7.515348   0.000000   0.000241   0.000146   0.001400  0.000E+00    lgRho_cntr

         43   6.137394   4948.580 -10.712405 -10.712405   4.999997   4.999997   0.755800   0.000071   0.242800  -8.440613    562      0
 3.0532E+00   6.137394   1.412519 -99.000000 -12.110273  -9.788163   0.000000   0.242800   0.000657   0.001400   0.027235      5
 1.0294E+04  -2.495780   2.557654 -99.000000 -99.000000  -7.507987   0.000000   0.000241   0.000146   0.001400  0.000E+00    lgRho_cntr

         44   6.150365   4962.828 -10.534772 -10.534772   4.999997   4.999997   0.755800   0.000071   0.242800  -8.366316    565      0
 3.1270E+00   6.150365   1.399533 -99.000000 -11.932640  -9.825460   0.000000   0.242800   0.000657   0.001400   0.027505      4
 1.1634E+04  -2.444055   2.536677 -99.000000 -99.000000  -7.501209   0.000000   0.000241   0.000146   0.001400  0.000E+00    varcontrol

         45   6.163932   4976.561 -10.351275 -10.351275   4.999997   4.999997   0.755800   0.000071   0.242800  -8.288681    564      0
 3.1795E+00   6.163932   1.386412 -99.000000 -11.749142  -9.864661   0.000000   0.242800   0.000657   0.001400   0.027788      4
 1.3146E+04  -2.389987   2.515235 -99.000000 -99.000000  -7.493876   0.000000   0.000241   0.000146   0.001400  0.000E+00    lgRho_cntr

         46   6.175870   4988.576 -10.191290 -10.191290   4.999996   4.999996   0.755800   0.000071   0.242800  -8.219854    567      0
 3.1542E+00   6.175870   1.375283 -99.000000 -11.589158  -9.904602   0.000000   0.242800   0.000657   0.001400   0.028045      4
 1.4572E+04  -2.342187   2.497166 -99.000000 -99.000000  -7.487897   0.000000   0.000241   0.000146   0.001400  0.000E+00    lgRho_cntr

         47   6.189230   5002.919 -10.014570 -10.014570   4.999996   4.999996   0.755800   0.000071   0.242800  -8.143774    570      0
 3.2310E+00   6.189230   1.363362 -99.000000 -11.412437  -9.938322   0.000000   0.242800   0.000657   0.001400   0.028326      4
 1.6274E+04  -2.289102   2.478311 -99.000000 -99.000000  -7.482513   0.000000   0.000241   0.000146   0.001400  0.000E+00    varcontrol

         48   6.203357   5017.123  -9.830114  -9.830114   4.999996   4.999996   0.755800   0.000071   0.242800  -8.064159    577      0
 3.2843E+00   6.203357   1.351417 -99.000000 -11.227982  -9.973766   0.000000   0.242800   0.000657   0.001400   0.028619      4
 1.8198E+04  -2.233333   2.459346 -99.000000 -99.000000  -7.476984   0.000000   0.000241   0.000146   0.001400  0.000E+00    lgRho_cntr

         49   6.215711   5029.007  -9.670330  -9.670330   4.999996   4.999996   0.755800   0.000071   0.242800  -7.994506    572      0
 3.2526E+00   6.215711   1.341575 -99.000000 -11.068198 -10.009379   0.000000   0.242800   0.000657   0.001400   0.028878      4
 1.9987E+04  -2.184551   2.443772 -99.000000 -99.000000  -7.472545   0.000000   0.000241   0.000146   0.001400  0.000E+00    lgRho_cntr


__________________________________________________________________________________________________________________________________________________

       step    lg_Tmax     Teff     lg_LH      lg_Lnuc_tot     Mass       H_rich     H_cntr     N_cntr     Y_surf   eta_cntr   zones  retry
  lg_dt_yrs    lg_Tcntr    lg_R     lg_L3a     lg_Lneu     lg_Mdot    He_core    He_cntr    O_cntr     Z_surf   gam_cntr   iters  
    age_yrs    lg_Dcntr    lg_L     lg_LZ      lg_Lphoto   lg_Dsurf   CO_core    C_cntr     Ne_cntr    Z_cntr   v_div_cs       dt_limit
__________________________________________________________________________________________________________________________________________________

         50   6.229743   5043.185  -9.491298  -9.491298   4.999996   4.999996   0.755800   0.000071   0.242800  -7.917069    578      0
 3.3318E+00   6.229743   1.331144 -99.000000 -10.889166 -10.038651   0.000000   0.242800   0.000657   0.001400   0.029158      4
 2.2134E+04  -2.129870   2.427801 -99.000000 -99.000000  -7.468946   0.000000   0.000241   0.000146   0.001400  0.000E+00  max increase

save LOGS/profile2.data for model 50
save photos/x050 for model 50
         51   6.244779   5057.491  -9.301963  -9.301963   4.999995   4.999995   0.755800   0.000071   0.242800  -7.835670    576      0
 3.3867E+00   6.244779   1.320912 -99.000000 -10.699830 -10.068953   0.000000   0.242800   0.000657   0.001400   0.029446      4
 2.4570E+04  -2.071962   2.412258 -99.000000 -99.000000  -7.465690   0.000000   0.000241   0.000146   0.001400  0.000E+00    lgRho_cntr

         52   6.257826   5070.628  -9.139178  -9.139178   4.999995   4.999995   0.755800   0.000071   0.242800  -7.765467    581      0
 3.3473E+00   6.257826   1.312895 -99.000000 -10.537045 -10.098511   0.000000   0.242800   0.000657   0.001400   0.029694      4
 2.6795E+04  -2.021901   2.400730 -99.000000 -99.000000  -7.464498   0.000000   0.000241   0.000146   0.001400  0.000E+00    lgRho_cntr

         53   6.270158   5082.269  -8.986744  -8.986744   4.999995   4.999995   0.755800   0.000071   0.242800  -7.700006    579      0
 3.3411E+00   6.270158   1.306143 -99.000000 -10.384611 -10.120792   0.000000   0.242800   0.000657   0.001400   0.029921      4
 2.8988E+04  -1.974971   2.391211 -99.000000 -99.000000  -7.463903   0.000000   0.000241   0.000146   0.001400  0.000E+00    lgRho_cntr

         54   6.284401   5095.649  -8.812815  -8.812815   4.999995   4.999995   0.755800   0.000071   0.242800  -7.626571    578      0
 3.4202E+00   6.284401   1.299386 -99.000000 -10.210682 -10.139301   0.000000   0.242800   0.000657   0.001400   0.030164      4
 3.1620E+04  -1.921712   2.382263 -99.000000 -99.000000  -7.464534   0.000000   0.000241   0.000146   0.001400  0.000E+00  max increase

         55   6.300711   5111.595  -8.616078  -8.616078   4.999995   4.999995   0.755800   0.000071   0.242800  -7.545078    584      0
 3.4961E+00   6.300711   1.293082 -99.000000 -10.013945 -10.157043   0.000000   0.242800   0.000657   0.001400   0.030418      4
 3.4754E+04  -1.861852   2.375084 -99.000000 -99.000000  -7.467591   0.000000   0.000241   0.000146   0.001400  0.000E+00    lgRho_cntr

         56   6.314873   5125.753  -8.446497  -8.446497   4.999995   4.999995   0.755800   0.000071   0.242800  -7.475035    584      0
 3.4508E+00   6.314873   1.289070 -99.000000  -9.844363 -10.172017   0.000000   0.242800   0.000657   0.001400   0.030633      4
 3.7577E+04  -1.810187   2.371865 -99.000000 -99.000000  -7.472400   0.000000   0.000241   0.000146   0.001400  0.000E+00    lgRho_cntr

         57   6.328294   5138.995  -8.287033  -8.287033   4.999994   4.999994   0.755800   0.000071   0.242800  -7.409845    586      0
 3.4390E+00   6.328294   1.286677 -99.000000  -9.684899 -10.179724   0.000000   0.242800   0.000657   0.001400   0.030826      4
 4.0325E+04  -1.761741   2.371561 -99.000000 -99.000000  -7.478703   0.000000   0.000241   0.000146   0.001400  0.000E+00    lgRho_cntr

         58   6.344106   5155.529  -8.101245  -8.101245   4.999994   4.999994   0.755800   0.000071   0.242800  -7.335863    584      0
 3.5182E+00   6.344106   1.285621 -99.000000  -9.499111 -10.182141   0.000000   0.242800   0.000657   0.001400   0.031026      4
 4.3623E+04  -1.705890   2.375029 -99.000000 -99.000000  -7.489147   0.000000   0.000241   0.000146   0.001400  0.000E+00  max increase

         59   6.362820   5175.612  -7.884185  -7.884185   4.999994   4.999994   0.755800   0.000071   0.242800  -7.252084    584      0
 3.5974E+00   6.362820   1.286892 -99.000000  -9.282051 -10.178344   0.000000   0.242800   0.000657   0.001400   0.031224      4
 4.7580E+04  -1.641431   2.384324 -99.000000 -99.000000  -7.505255   0.000000   0.000241   0.000146   0.001400  0.000E+00    lgRho_cntr


__________________________________________________________________________________________________________________________________________________

       step    lg_Tmax     Teff     lg_LH      lg_Lnuc_tot     Mass       H_rich     H_cntr     N_cntr     Y_surf   eta_cntr   zones  retry
  lg_dt_yrs    lg_Tcntr    lg_R     lg_L3a     lg_Lneu     lg_Mdot    He_core    He_cntr    O_cntr     Z_surf   gam_cntr   iters  
    age_yrs    lg_Dcntr    lg_L     lg_LZ      lg_Lphoto   lg_Dsurf   CO_core    C_cntr     Ne_cntr    Z_cntr   v_div_cs       dt_limit
__________________________________________________________________________________________________________________________________________________

         60   6.378960   5194.419  -7.698634  -7.698634   4.999994   4.999994   0.755800   0.000071   0.242800  -7.181263    586      0
 3.5380E+00   6.378960   1.290728 -99.000000  -9.096500 -10.164730   0.000000   0.242800   0.000657   0.001400   0.031382      4
 5.1032E+04  -1.586461   2.398298 -99.000000 -99.000000  -7.523903   0.000000   0.000241   0.000146   0.001400  0.000E+00    lgRho_cntr

         61   6.394271   5213.732  -7.524361  -7.524361   4.999993   4.999993   0.755800   0.000071   0.242800  -7.116069    586      0
 3.5150E+00   6.394271   1.296546 -99.000000  -8.922227 -10.142651   0.000000   0.242800   0.000657   0.001400   0.031511      4
 5.4305E+04  -1.535178   2.416381 -99.000000 -99.000000  -7.545609   0.000000   0.000241   0.000146   0.001400  0.000E+00    lgRho_cntr

         62   6.409416   5235.003  -7.353715  -7.353715   4.999993   4.999993   0.755800   0.000071   0.242800  -7.053631    590      0
 3.5077E+00   6.409416   1.303684 -99.000000  -8.751580 -10.113364   0.000000   0.242800   0.000657   0.001400   0.031617      5
 5.7524E+04  -1.485340   2.437730 -23.179310 -99.000000  -7.570559   0.000000   0.000241   0.000146   0.001400  0.000E+00    lgRho_cntr

         63   6.426540   5262.340  -7.163063  -7.163063   4.999993   4.999993   0.755800   0.000071   0.242800  -6.985736    590      0
 3.5571E+00   6.426540   1.311394 -99.000000  -8.560927 -10.078561   0.000000   0.242800   0.000657   0.001400   0.031710      5
 6.1130E+04  -1.430164   2.462198 -99.000000 -99.000000  -7.600754   0.000000   0.000241   0.000146   0.001400  0.000E+00    varcontrol

         64   6.444807   5296.125  -6.962022  -6.962022   4.999992   4.999992   0.755800   0.000071   0.242800  -6.915157    590      0
 3.5844E+00   6.444807   1.317529 -99.000000  -8.359886 -10.039068   0.000000   0.242800   0.000657   0.001400   0.031789      5
 6.4971E+04  -1.372106   2.485584 -99.000000 -99.000000  -7.633611   0.000000   0.000241   0.000146   0.001400  0.000E+00    lgRho_cntr

         65   6.461570   5332.083  -6.779276  -6.779276   4.999992   4.999992   0.755800   0.000071   0.242800  -6.850665    593      0
 3.5506E+00   6.461570   1.320750 -99.000000  -8.177140 -10.002355   0.000000   0.242800   0.000657   0.001400   0.031859      5
 6.8524E+04  -1.318950   2.503781 -99.000000 -99.000000  -7.664193   0.000000   0.000241   0.000146   0.001400  0.000E+00    lgRho_cntr

         66   6.477591   5371.511  -6.606283  -6.606283   4.999992   4.999992   0.755800   0.000071   0.242800  -6.789105    593      0
 3.5362E+00   6.477591   1.321204 -99.000000  -8.004146  -9.975090   0.000000   0.242800   0.000657   0.001400   0.031926      5
 7.1961E+04  -1.268180   2.517487 -22.276220 -99.000000  -7.693594   0.000000   0.000241   0.000146   0.001400  0.000E+00    lgRho_cntr

         67   6.493207   5415.829  -6.439281  -6.439281   4.999991   4.999991   0.755800   0.000071   0.242800  -6.729022    604      0
 3.5315E+00   6.493207   1.319441 -99.000000  -7.837144  -9.956206   0.000000   0.242800   0.000657   0.001400   0.031991      5
 7.5361E+04  -1.218658   2.528236 -99.000000 -99.000000  -7.723510   0.000000   0.000241   0.000146   0.001400  0.000E+00    lgRho_cntr

         68   6.509425   5469.571  -6.267689  -6.267689   4.999991   4.999991   0.755800   0.000071   0.242800  -6.666673    609      0
 3.5548E+00   6.509425   1.315505 -99.000000  -7.665552  -9.943174   0.000000   0.242800   0.000657   0.001400   0.032059      5
 7.8949E+04  -1.167249   2.537516 -99.000000 -99.000000  -7.757158   0.000000   0.000241   0.000146   0.001400  0.000E+00    varcontrol

         69   6.525922   5540.521  -6.095058  -6.095058   4.999991   4.999991   0.755800   0.000071   0.242800  -6.603151    622      0
 3.5698E+00   6.525922   1.308592 -99.000000  -7.492920  -9.933944   0.000000   0.242800   0.000657   0.001400   0.032129      6
 8.2663E+04  -1.114914   2.546081 -99.000000 -99.000000  -7.798734   0.000000   0.000241   0.000146   0.001400  0.000E+00    lgRho_cntr


__________________________________________________________________________________________________________________________________________________

       step    lg_Tmax     Teff     lg_LH      lg_Lnuc_tot     Mass       H_rich     H_cntr     N_cntr     Y_surf   eta_cntr   zones  retry
  lg_dt_yrs    lg_Tcntr    lg_R     lg_L3a     lg_Lneu     lg_Mdot    He_core    He_cntr    O_cntr     Z_surf   gam_cntr   iters  
    age_yrs    lg_Dcntr    lg_L     lg_LZ      lg_Lphoto   lg_Dsurf   CO_core    C_cntr     Ne_cntr    Z_cntr   v_div_cs       dt_limit
__________________________________________________________________________________________________________________________________________________

         70   6.541695   5628.518  -5.931665  -5.931665   4.999990   4.999990   0.755800   0.000071   0.242800  -6.542089    639      0
 3.5581E+00   6.541695   1.298947 -99.000000  -7.329527  -9.928174   0.000000   0.242800   0.000657   0.001400   0.032200      6
 8.6278E+04  -1.064731   2.554163 -99.000000 -99.000000  -7.847706   0.000000   0.000241   0.000146   0.001400  0.000E+00    lgRho_cntr

         71   6.556993   5731.267  -5.774803  -5.774803   4.999990   4.999990   0.755800   0.000071   0.242800  -6.482698    644      0
 3.5517E+00   6.556993   1.287211 -99.000000  -7.172664  -9.925346   0.000000   0.242800   0.000657   0.001400   0.032270      6
 8.9840E+04  -1.015988   2.562119 -21.072100 -99.000000  -7.902488   0.000000   0.000241   0.000146   0.001400  0.000E+00    varcontrol

         72   6.571862   5851.370  -5.623847  -5.623847   4.999989   4.999989   0.755800   0.000071   0.242800  -6.424893    658      0
 3.5455E+00   6.571862   1.273227 -99.000000  -7.021707  -9.924439   0.000000   0.242800   0.000657   0.001400   0.032340      7
 9.3351E+04  -0.968578   2.570177 -99.000000 -99.000000  -7.964261   0.000000   0.000241   0.000146   0.001400  0.000E+00    varcontrol

         73   6.586668   5981.160  -5.475041  -5.475041   4.999989   4.999989   0.755800   0.000071   0.242800  -6.367426    662      0
 3.5490E+00   6.586668   1.258364 -99.000000  -6.872900  -9.925281   0.000000   0.242800   0.000657   0.001400   0.032408      6
 9.6891E+04  -0.921409   2.578564 -21.072100 -99.000000  -8.029811   0.000000   0.000241   0.000146   0.001400  0.000E+00    varcontrol

         74   6.601940   6120.299  -5.323200  -5.323200   4.999988   4.999988   0.755800   0.000071   0.242800  -6.308472    662      0
 3.5670E+00   6.601940   1.242906 -99.000000  -6.721058  -9.926412   0.000000   0.242800   0.000657   0.001400   0.032475      8
 1.0058E+05  -0.872894   2.587597 -99.000000 -99.000000  -8.099740   0.000000   0.000241   0.000146   0.001400  0.000E+00    varcontrol

                            solver rejected trial model
                                        s% model_number          75
                                  s% solver_call_number         221
                                                     nz         664
                                         s% num_retries           0
                                                     dt    1.2347916861783893D+11
                                          log dt/secyer    3.5924897296407643D+00

 retry: avg corr too large -- give up in solver      75
         75   6.609901   6197.112  -5.244180  -5.244180   4.999988   4.999988   0.755800   0.000071   0.242800  -6.276798    664      1
 3.2915E+00   6.609901   1.235021 -99.000000  -6.642037  -9.927172   0.000000   0.242800   0.000657   0.001400   0.032520      5
 1.0254E+05  -0.847197   2.593493 -20.373130 -99.000000  -8.138871   0.000000   0.000241   0.000146   0.001400  0.000E+00         retry

         76   6.617838   6274.172  -5.165878  -5.165878   4.999988   4.999988   0.755800   0.000071   0.242800  -6.245421    675      1
 3.2915E+00   6.617838   1.227141 -99.000000  -6.563735  -9.925820   0.000000   0.242800   0.000657   0.001400   0.032563      5
 1.0449E+05  -0.821662   2.599201 -21.072100 -99.000000  -8.177911   0.000000   0.000241   0.000146   0.001400  0.000E+00          hold

         77   6.627356   6367.196  -5.072765  -5.072765   4.999988   4.999988   0.755800   0.000071   0.242800  -6.208352    675      1
 3.3706E+00   6.627356   1.217683 -99.000000  -6.470621  -9.924718   0.000000   0.242800   0.000657   0.001400   0.032609      6
 1.0684E+05  -0.791286   2.605853 -20.470040 -99.000000  -8.224826   0.000000   0.000241   0.000146   0.001400  0.000E+00  max increase

         78   6.638762   6480.217  -4.962239  -4.962239   4.999987   4.999987   0.755800   0.000071   0.242800  -6.164653    675      1
 3.4498E+00   6.638762   1.206362 -99.000000  -6.360095  -9.923663   0.000000   0.242800   0.000657   0.001400   0.032656      7
 1.0966E+05  -0.755198   2.613775 -19.925972 -99.000000  -8.281382   0.000000   0.000241   0.000146   0.001400  0.000E+00  max increase

 hydro_solver_step returned ierr          -1
 s% model_number          79
 nz         674
 s% num_retries           1

 retry: eos evaluated at too low a density      79
         79   6.645535   6549.814  -4.896753  -4.896753   4.999987   4.999987   0.755800   0.000071   0.242800  -6.138262    674      2
 3.2280E+00   6.645535   1.199780 -99.000000  -6.294608  -9.922456   0.000000   0.242800   0.000657   0.001400   0.032689      5
 1.1135E+05  -0.733576   2.619169 -99.000000 -99.000000  -8.316355   0.000000   0.000241   0.000146   0.001400  0.000E+00         retry


__________________________________________________________________________________________________________________________________________________

       step    lg_Tmax     Teff     lg_LH      lg_Lnuc_tot     Mass       H_rich     H_cntr     N_cntr     Y_surf   eta_cntr   zones  retry
  lg_dt_yrs    lg_Tcntr    lg_R     lg_L3a     lg_Lneu     lg_Mdot    He_core    He_cntr    O_cntr     Z_surf   gam_cntr   iters  
    age_yrs    lg_Dcntr    lg_L     lg_LZ      lg_Lphoto   lg_Dsurf   CO_core    C_cntr     Ne_cntr    Z_cntr   v_div_cs       dt_limit
__________________________________________________________________________________________________________________________________________________

         80   6.652299   6619.736  -4.831696  -4.831696   4.999987   4.999987   0.755800   0.000071   0.242800  -6.112079    685      2
 3.2280E+00   6.652299   1.193225 -99.000000  -6.229550  -9.920689   0.000000   0.242800   0.000657   0.001400   0.032719      5
 1.1304E+05  -0.712058   2.624507 -20.293948 -99.000000  -8.351351   0.000000   0.000241   0.000146   0.001400  0.000E+00          hold

         81   6.660421   6704.276  -4.754118  -4.754118   4.999987   4.999987   0.755800   0.000071   0.242800  -6.081074    691      2
 3.3072E+00   6.660421   1.185346 -99.000000  -6.151971  -9.918977   0.000000   0.242800   0.000657   0.001400   0.032751      5
 1.1507E+05  -0.686409   2.630793 -99.000000 -99.000000  -8.393564   0.000000   0.000241   0.000146   0.001400  0.000E+00  max increase

         82   6.670172   6806.740  -4.661738  -4.661738   4.999986   4.999986   0.755800   0.000071   0.242800  -6.044432    689      2
 3.3863E+00   6.670172   1.175913 -99.000000  -6.059591  -9.917093   0.000000   0.242800   0.000657   0.001400   0.032784      6
 1.1750E+05  -0.655868   2.638276 -99.000000 -99.000000  -8.444966   0.000000   0.000241   0.000146   0.001400  0.000E+00  max increase

         83   6.681872   6931.364  -4.551909  -4.551909   4.999986   4.999986   0.755800   0.000071   0.242800  -6.001221    691      2
 3.4655E+00   6.681872   1.164624 -99.000000  -5.949761  -9.914896   0.000000   0.242800   0.000657   0.001400   0.032815      6
 1.2042E+05  -0.619551   2.647217 -19.867980 -99.000000  -8.508699   0.000000   0.000241   0.000146   0.001400  0.000E+00  max increase

         84   6.695903   7083.415  -4.421586  -4.421586   4.999986   4.999986   0.755800   0.000071   0.242800  -5.950387    692      2
 3.5447E+00   6.695903   1.151129 -99.000000  -5.819436  -9.912285   0.000000   0.242800   0.000657   0.001400   0.032841      5
 1.2393E+05  -0.576426   2.657921 -99.000000 -99.000000  -8.589728   0.000000   0.000241   0.000146   0.001400  0.000E+00  max increase

         85   6.712717   7269.455  -4.267299  -4.267299   4.999985   4.999985   0.755800   0.000071   0.242800  -5.890750    690      2
 3.6239E+00   6.712717   1.135020 -99.000000  -5.665147  -9.909144   0.000000   0.242800   0.000657   0.001400   0.032858      5
 1.2813E+05  -0.525302   2.670740 -99.000000 -99.000000  -8.695544   0.000000   0.000241   0.000146   0.001400  0.000E+00  max increase

         86   6.729832   7464.861  -4.111941  -4.111941   4.999985   4.999985   0.755800   0.000071   0.242800  -5.830653    690      2
 3.6338E+00   6.729832   1.118783 -99.000000  -5.509786  -9.905337   0.000000   0.242800   0.000657   0.001400   0.032869      5
 1.3244E+05  -0.473528   2.684346 -19.566950 -99.000000  -8.814399   0.000000   0.000241   0.000146   0.001400  0.000E+00        lgTeff

         87   6.745682   7651.834  -3.969401  -3.969401   4.999984   4.999984   0.755800   0.000071   0.242800  -5.775210    690      2
 3.6031E+00   6.745682   1.103909 -99.000000  -5.367245  -9.900576   0.000000   0.242800   0.000657   0.001400   0.032876      5
 1.3645E+05  -0.425674   2.697575 -19.566950 -99.000000  -8.933015   0.000000   0.000241   0.000146   0.001400  0.000E+00        lgTeff

         88   6.760911   7836.412  -3.833714  -3.833714   4.999984   4.999984   0.755800   0.000071   0.242800  -5.722345    694      2
 3.5876E+00   6.760911   1.089692 -99.000000  -5.231556  -9.895181   0.000000   0.242800   0.000657   0.001400   0.032879      5
 1.4032E+05  -0.379869   2.710547 -19.566950 -99.000000  -9.053119   0.000000   0.000241   0.000146   0.001400  0.000E+00        lgTeff

         89   6.775821   8021.695  -3.702112  -3.702112   4.999983   4.999983   0.755800   0.000071   0.242800  -5.671075    697      2
 3.5799E+00   6.775821   1.075796 -99.000000  -5.099951  -9.889584   0.000000   0.242800   0.000657   0.001400   0.032877      5
 1.4412E+05  -0.335238   2.723349 -99.000000 -99.000000  -9.174512   0.000000   0.000241   0.000146   0.001400  0.000E+00        lgTeff


__________________________________________________________________________________________________________________________________________________

       step    lg_Tmax     Teff     lg_LH      lg_Lnuc_tot     Mass       H_rich     H_cntr     N_cntr     Y_surf   eta_cntr   zones  retry
  lg_dt_yrs    lg_Tcntr    lg_R     lg_L3a     lg_Lneu     lg_Mdot    He_core    He_cntr    O_cntr     Z_surf   gam_cntr   iters  
    age_yrs    lg_Dcntr    lg_L     lg_LZ      lg_Lphoto   lg_Dsurf   CO_core    C_cntr     Ne_cntr    Z_cntr   v_div_cs       dt_limit
__________________________________________________________________________________________________________________________________________________

         90   6.790562   8209.348  -3.573191  -3.573191   4.999983   4.999983   0.755800   0.000071   0.242800  -5.620892    700      2
 3.5765E+00   6.790562   1.062043 -99.000000  -4.971027  -9.883945   0.000000   0.242800   0.000657   0.001400   0.032869      4
 1.4789E+05  -0.291330   2.736014 -99.000000 -99.000000  -9.295294   0.000000   0.000241   0.000146   0.001400  0.000E+00        lgTeff

         91   6.805209   8400.256  -3.446251  -3.446251   4.999982   4.999982   0.755800   0.000071   0.242800  -5.571531    701      2
 3.5753E+00   6.805209   1.048337 -99.000000  -4.844085  -9.878372   0.000000   0.242800   0.000657   0.001400   0.032855      4
 1.5165E+05  -0.247921   2.748537 -99.000000 -99.000000  -9.411797   0.000000   0.000241   0.000146   0.001400  0.000E+00        lgTeff

         92   6.822047   8623.858  -3.301970  -3.301970   4.999982   4.999982   0.755800   0.000071   0.242800  -5.515939    704      2
 3.6367E+00   6.822047   1.032388 -99.000000  -4.699800  -9.872952   0.000000   0.242800   0.000657   0.001400   0.032827      4
 1.5598E+05  -0.198520   2.762277 -99.000000 -99.000000  -9.533924   0.000000   0.000241   0.000146   0.001400  0.000E+00    varcontrol

         93   6.840072   8869.591  -3.149229  -3.149229   4.999981   4.999981   0.755800   0.000071   0.242800  -5.457299    704      2
 3.6686E+00   6.840072   1.015161 -99.000000  -4.547056  -9.867769   0.000000   0.242800   0.000657   0.001400   0.032788      4
 1.6064E+05  -0.146015   2.776630 -18.362830 -99.000000  -9.642636   0.000000   0.000241   0.000146   0.001400  0.000E+00        lgTeff

         94   6.856215   9097.256  -3.013598  -3.013598   4.999980   4.999980   0.755800   0.000071   0.242800  -5.404785    708      2
 3.6247E+00   6.856215   0.999730 -99.000000  -4.411423  -9.862828   0.000000   0.242800   0.000657   0.001400   0.032752      4
 1.6486E+05  -0.098993   2.789794 -99.000000 -99.000000  -9.716229   0.000000   0.000241   0.000146   0.001400  0.000E+00        lgTeff

         95   6.871478   9318.127  -2.886454  -2.886454   4.999980   4.999980   0.755800   0.000071   0.242800  -5.355370    709      2
 3.6036E+00   6.871478   0.985051 -99.000000  -4.284277  -9.857987   0.000000   0.242800   0.000657   0.001400   0.032716      4
 1.6887E+05  -0.054638   2.802110 -99.000000 -99.000000  -9.764927   0.000000   0.000241   0.000146   0.001400  0.000E+00        lgTeff

         96   6.886298   9537.504  -2.764042  -2.764042   4.999979   4.999979   0.755800   0.000071   0.242800  -5.307693    711      2
 3.5940E+00   6.886298   0.970686 -99.000000  -4.161864  -9.853663   0.000000   0.242800   0.000657   0.001400   0.032678      4
 1.7280E+05  -0.011702   2.813805 -99.000000 -99.000000  -9.795628   0.000000   0.000241   0.000146   0.001400  0.000E+00        lgTeff

         97   6.900897   9758.227  -2.644462  -2.644462   4.999979   4.999979   0.755800   0.000071   0.242800  -5.261044    715      2
 3.5908E+00   6.900897   0.956416 -99.000000  -4.042285  -9.849911   0.000000   0.242800   0.000657   0.001400   0.032637      4
 1.7669E+05   0.030456   2.825009 -99.000000 -99.000000  -9.812368   0.000000   0.000241   0.000146   0.001400  0.000E+00        lgTeff

         98   6.917716  1.002E+04  -2.508142  -2.508142   4.999978   4.999978   0.755800   0.000071   0.242800  -5.208220    717      2
 3.6554E+00   6.917716   0.939697 -99.000000  -3.905971  -9.846744   0.000000   0.242800   0.000657   0.001400   0.032580      4
 1.8122E+05   0.078626   2.836939 -99.000000 -99.000000  -9.816883   0.000000   0.000241   0.000146   0.001400  0.000E+00    varcontrol

         99   6.935749  1.030E+04  -2.363492  -2.363492   4.999977   4.999977   0.755800   0.000071   0.242800  -5.152200    717      2
 3.6905E+00   6.935749   0.921564 -99.000000  -3.761337  -9.851502   0.000000   0.242800   0.000657   0.001400   0.032512      5
 1.8612E+05   0.130005   2.849103 -99.000000 -99.000000  -9.807556   0.000000   0.000241   0.000146   0.001400  0.000E+00        lgTeff


__________________________________________________________________________________________________________________________________________________

       step    lg_Tmax     Teff     lg_LH      lg_Lnuc_tot     Mass       H_rich     H_cntr     N_cntr     Y_surf   eta_cntr   zones  retry
  lg_dt_yrs    lg_Tcntr    lg_R     lg_L3a     lg_Lneu     lg_Mdot    He_core    He_cntr    O_cntr     Z_surf   gam_cntr   iters  
    age_yrs    lg_Dcntr    lg_L     lg_LZ      lg_Lphoto   lg_Dsurf   CO_core    C_cntr     Ne_cntr    Z_cntr   v_div_cs       dt_limit
__________________________________________________________________________________________________________________________________________________

        100   6.951836  1.056E+04  -2.235440  -2.235440   4.999977   4.999977   0.755800   0.000071   0.242800  -5.102020    719      2
 3.6473E+00   6.951836   0.905367 -99.000000  -3.633314  -9.988696   0.000000   0.242800   0.000657   0.001400   0.032454      5
 1.9056E+05   0.175928   2.860108 -99.000000 -99.000000  -9.790347   0.000000   0.000241   0.000146   0.001400  0.000E+00        lgTeff

save LOGS/profile3.data for model 100
save photos/x100 for model 100
        101   6.967043  1.081E+04  -2.115326  -2.115326   4.999977   4.999977   0.755800   0.000071   0.242800  -5.054633    719      2
 3.6284E+00   6.967043   0.889953 -99.000000  -3.513246 -10.169284   0.000000   0.242800   0.000657   0.001400   0.032398      5
 1.9481E+05   0.219316   2.870226 -99.000000 -99.000000  -9.768410   0.000000   0.000241   0.000146   0.001400  0.000E+00        lgTeff

        102   6.981828  1.106E+04  -1.999416  -1.999416   4.999976   4.999976   0.755800   0.000071   0.242800  -5.008689    720      2
 3.6218E+00   6.981828   0.874847 -99.000000  -3.397414 -10.467778   0.000000   0.242800   0.000657   0.001400   0.032343      3
 1.9899E+05   0.261445   2.879685 -17.760770 -99.000000  -9.743144   0.000000   0.000241   0.000146   0.001400  0.000E+00        lgTeff

        103   6.998546  1.135E+04  -1.869552  -1.869552   4.999976   4.999976   0.755800   0.000071   0.242800  -4.957399    720      2
 3.6806E+00   6.998546   0.857507 -99.000000  -3.267696 -11.034633   0.000000   0.242800   0.000657   0.001400   0.032273      5
 2.0379E+05   0.308796   2.889385 -99.000000 -99.000000  -9.711133   0.000000   0.000241   0.000146   0.001400  0.000E+00    varcontrol

        104   7.016319  1.166E+04  -1.732670  -1.732670   4.999976   4.999976   0.755800   0.000071   0.242800  -4.903273    722      2
 3.7144E+00   7.016319   0.838891 -56.062071  -3.131085 -11.001324   0.000000   0.242800   0.000657   0.001400   0.032195      5
 2.0897E+05   0.358960   2.899058 -99.000000 -99.000000  -9.674102   0.000000   0.000241   0.000146   0.001400  0.000E+00        lgTeff

        105   7.032329  1.195E+04  -1.610011  -1.610011   4.999976   4.999976   0.755800   0.000071   0.242800  -4.854228    722      2
 3.6774E+00   7.032329   0.822110 -54.960119  -3.008831 -10.967399   0.000000   0.242800   0.000657   0.001400   0.032128      5
 2.1373E+05   0.404270   2.907853 -17.459740 -99.000000  -9.638455   0.000000   0.000241   0.000146   0.001400  0.000E+00        lgTeff

        106   7.047550  1.223E+04  -1.493856  -1.493856   4.999976   4.999976   0.755800   0.000071   0.242800  -4.807533    722      2
 3.6631E+00   7.047550   0.806064 -54.020300  -2.893290 -10.936632   0.000000   0.242800   0.000657   0.001400   0.032065      3
 2.1833E+05   0.447377   2.915904 -99.000000 -99.000000  -9.602965   0.000000   0.000241   0.000146   0.001400  0.000E+00        lgTeff

        107   7.062402  1.250E+04  -1.380738  -1.380738   4.999976   4.999976   0.755800   0.000071   0.242800  -4.761970    723      2
 3.6601E+00   7.062402   0.790305 -53.118863  -2.781099 -10.908100   0.000000   0.242800   0.000657   0.001400   0.032004      3
 2.2290E+05   0.489439   2.923386 -99.000000 -99.000000  -9.567621   0.000000   0.000241   0.000146   0.001400  0.000E+00        lgTeff

        108   7.078998  1.282E+04  -1.254344  -1.254344   4.999976   4.999976   0.755800   0.000071   0.242800  -4.711485    727      2
 3.7161E+00   7.078998   0.772479 -52.124431  -2.656326 -10.881134   0.000000   0.242800   0.000657   0.001400   0.031931      3
 2.2810E+05   0.536252   2.930847 -99.000000 -99.000000  -9.528173   0.000000   0.000241   0.000146   0.001400  0.000E+00    varcontrol

        109   7.096538  1.316E+04  -1.119839  -1.119839   4.999976   4.999976   0.755800   0.000071   0.242800  -4.658308    727      2
 3.7497E+00   7.096538   0.753498 -51.086564  -2.524563 -10.853111   0.000000   0.242800   0.000657   0.001400   0.031852      5
 2.3372E+05   0.585649   2.938184 -99.000000 -99.000000  -9.486648   0.000000   0.000241   0.000146   0.001400  0.000E+00        lgTeff


__________________________________________________________________________________________________________________________________________________

       step    lg_Tmax     Teff     lg_LH      lg_Lnuc_tot     Mass       H_rich     H_cntr     N_cntr     Y_surf   eta_cntr   zones  retry
  lg_dt_yrs    lg_Tcntr    lg_R     lg_L3a     lg_Lneu     lg_Mdot    He_core    He_cntr    O_cntr     Z_surf   gam_cntr   iters  
    age_yrs    lg_Dcntr    lg_L     lg_LZ      lg_Lphoto   lg_Dsurf   CO_core    C_cntr     Ne_cntr    Z_cntr   v_div_cs       dt_limit
__________________________________________________________________________________________________________________________________________________

        110   7.112522  1.347E+04  -0.995099  -0.995099   4.999976   4.999976   0.755800   0.000071   0.242800  -4.609476    729      2
 3.7197E+00   7.112522   0.736205 -50.151803  -2.403705 -10.824779   0.000000   0.242800   0.000657   0.001400   0.031784      3
 2.3897E+05   0.630826   2.944947 -16.857680 -99.000000  -9.448703   0.000000   0.000241   0.000146   0.001400  0.000E+00        lgTeff

        111   7.127819  1.378E+04  -0.872404  -0.872404   4.999976   4.999976   0.755800   0.000071   0.242800  -4.562612    730      2
 3.7101E+00   7.127819   0.719596 -49.267256  -2.286501 -10.798772   0.000000   0.242800   0.000657   0.001400   0.031721      3
 2.4410E+05   0.674115   2.951143 -99.000000 -99.000000  -9.412431   0.000000   0.000241   0.000146   0.001400  0.000E+00        lgTeff

        112   7.144569  1.413E+04  -0.732188  -0.732188   4.999976   4.999976   0.755800   0.000071   0.242800  -4.511627    731      2
 3.7590E+00   7.144569   0.701240 -48.310215  -2.155004 -10.774536   0.000000   0.242800   0.000657   0.001400   0.031648      5
 2.4984E+05   0.721372   2.957129 -99.000000 -99.000000  -9.373339   0.000000   0.000241   0.000146   0.001400  0.000E+00    varcontrol

        113   7.162101  1.449E+04  -0.575133  -0.575133   4.999976   4.999976   0.755800   0.000071   0.242800  -4.458382    732      2
 3.7899E+00   7.162101   0.681929 -47.321012  -2.010904 -10.749885   0.000000   0.242800   0.000657   0.001400   0.031571      3
 2.5600E+05   0.770782   2.962919 -15.954590 -99.000000  -9.333605   0.000000   0.000241   0.000146   0.001400  0.000E+00        lgTeff

        114   7.177898  1.483E+04  -0.417655  -0.417655   4.999976   4.999976   0.755800   0.000071   0.242800  -4.408676    735      2
 3.7637E+00   7.177898   0.664256 -46.429228  -1.869090 -10.725208   0.000000   0.242800   0.000657   0.001400   0.031519      3
 2.6181E+05   0.816049   2.968300 -99.000000 -99.000000  -9.298090   0.000000   0.000241   0.000146   0.001400  0.000E+00        lgTeff

        115   7.193336  1.517E+04  -0.250876  -0.250876   4.999975   4.999975   0.755800   0.000071   0.242800  -4.361383    736      2
 3.7570E+00   7.193336   0.647246 -45.576052  -1.720182 -10.702422   0.000000   0.242800   0.000657   0.001400   0.031455      3
 2.6752E+05   0.859730   2.973226 -15.653560 -99.000000  -9.264505   0.000000   0.000241   0.000146   0.001400  0.000E+00        lgTeff

        116   7.210109  1.554E+04  -0.049643  -0.049643   4.999975   4.999975   0.755799   0.000071   0.242800  -4.310417    738      2
 3.8042E+00   7.210109   0.628623 -44.661435  -1.539387 -10.681118   0.000000   0.242800   0.000657   0.001400   0.031382      3
 2.7389E+05   0.907007   2.977862 -15.653560 -99.000000  -9.228486   0.000000   0.000241   0.000146   0.001400  0.000E+00    varcontrol

        117   7.227656  1.593E+04   0.182694   0.182694   4.999975   4.999975   0.755799   0.000072   0.242800  -4.257577    741      2
 3.8350E+00   7.227656   0.609135 -43.719793  -1.325221 -10.659668   0.000000   0.242800   0.000657   0.001400   0.031301      3
 2.8073E+05   0.956257   2.982278 -99.000000 -99.000000  -9.191553   0.000000   0.000240   0.000146   0.001400  0.000E+00        lgTeff

        118   7.243790  1.631E+04   0.414727   0.414727   4.999975   4.999975   0.755799   0.000075   0.242800  -4.208516    755      2
 3.8135E+00   7.243790   0.591180 -42.861244  -1.102376 -10.638300   0.000000   0.242800   0.000657   0.001400   0.031231      3
 2.8724E+05   1.001745   2.986424 -15.352530 -99.000000  -9.158075   0.000000   0.000238   0.000146   0.001401  0.000E+00        lgTeff

        119   7.259485  1.667E+04   0.648033   0.648033   4.999975   4.999975   0.755799   0.000079   0.242800  -4.161867    764      2
 3.8099E+00   7.259485   0.573855 -42.040902  -0.866879 -10.618424   0.000000   0.242800   0.000657   0.001400   0.031152      3
 2.9369E+05   1.045528   2.990167 -99.000000 -99.000000  -9.126295   0.000000   0.000235   0.000146   0.001401  0.000E+00        lgTeff


__________________________________________________________________________________________________________________________________________________

       step    lg_Tmax     Teff     lg_LH      lg_Lnuc_tot     Mass       H_rich     H_cntr     N_cntr     Y_surf   eta_cntr   zones  retry
  lg_dt_yrs    lg_Tcntr    lg_R     lg_L3a     lg_Lneu     lg_Mdot    He_core    He_cntr    O_cntr     Z_surf   gam_cntr   iters  
    age_yrs    lg_Dcntr    lg_L     lg_LZ      lg_Lphoto   lg_Dsurf   CO_core    C_cntr     Ne_cntr    Z_cntr   v_div_cs       dt_limit
__________________________________________________________________________________________________________________________________________________

        120   7.276534  1.707E+04   0.900902   0.900902   4.999975   4.999975   0.755798   0.000088   0.242800  -4.112948    773      2
 3.8563E+00   7.276534   0.555038 -41.164034  -0.595817 -10.599882   0.000000   0.242800   0.000657   0.001400   0.031048      3
 3.0088E+05   1.092329   2.993485 -14.352530 -99.000000  -9.092390   0.000000   0.000227   0.000146   0.001402  0.000E+00    varcontrol

        121   7.294431  1.749E+04   1.153998   1.153998   4.999974   4.999974   0.755795   0.000108   0.242800  -4.064013    774      2
 3.8878E+00   7.294431   0.535442 -40.263164  -0.305781 -10.581594   0.000000   0.242799   0.000657   0.001400   0.030915      3
 3.0860E+05   1.140413   2.996396 -99.000000 -99.000000  -9.057550   0.000000   0.000209   0.000146   0.001405  0.000E+00        lgTeff

        122   7.311123  1.788E+04   1.374035   1.374035   4.999974   4.999974   0.755791   0.000143   0.242800  -4.020558    782      2
 3.8718E+00   7.311123   0.517282 -39.433087  -0.039282 -10.563899   0.000000   0.242799   0.000657   0.001400   0.030768      3
 3.1604E+05   1.184281   2.998935 -99.000000 -99.000000  -9.025496   0.000000   0.000180   0.000146   0.001410  0.000E+00        lgTeff

        123   7.328417  1.830E+04   1.581934   1.581934   4.999974   4.999974   0.755782   0.000200   0.242800  -3.976238    791      2
 3.9112E+00   7.328417   0.498078 -38.575291   0.221186 -10.547892   0.000000   0.242799   0.000657   0.001400   0.030602      4
 3.2419E+05   1.229074   3.000625 -99.000000 -99.000000  -8.992051   0.000000   0.000130   0.000146   0.001418  0.000E+00    varcontrol

        124   7.345641  1.873E+04   1.760291   1.760291   4.999974   4.999974   0.755771   0.000269   0.242800  -3.930130    801      2
 3.9420E+00   7.345641   0.478332 -37.727141   0.446923 -10.533431   0.000000   0.242801   0.000657   0.001400   0.030447      4
 3.3294E+05   1.274105   3.001443 -13.671289 -99.000000  -8.958196   0.000000   0.000071   0.000146   0.001428  0.000E+00        lgTeff

        125   7.360933  1.913E+04   1.887279   1.887279   4.999974   4.999974   0.755761   0.000319   0.242800  -3.883733    806      2
 3.9332E+00   7.360933   0.459917 -36.972351   0.608936 -10.520840   0.000000   0.242804   0.000656   0.001400   0.030363      4
 3.4152E+05   1.316335   3.001683 -13.847380 -99.000000  -8.927083   0.000000   0.000029   0.000146   0.001435  0.000E+00        lgTeff

        126   7.376513  1.956E+04   1.980050   1.980050   4.999973   4.999973   0.755751   0.000343   0.242800  -3.831827    801      2
 3.9754E+00   7.376513   0.440545 -36.218423   0.732314 -10.510394   0.000000   0.242810   0.000656   0.001400   0.030328      5
 3.5097E+05   1.361568   3.000898 -13.847380 -99.000000  -8.894899   0.000000   0.000009   0.000146   0.001439  0.000E+00    varcontrol

        127   7.393732  2.002E+04   2.053802   2.053802   4.999973   4.999973   0.755738   0.000349   0.242800  -3.776869    806      2
 4.0413E+00   7.393732   0.419214 -35.398463   0.840862 -10.501975   0.000000   0.242822   0.000655   0.001400   0.030276      5
 3.6197E+05   1.410962   2.999000 -13.148410 -99.000000  -8.859939   0.000000   0.000004   0.000146   0.001439  0.000E+00    varcontrol

        128   7.411857  2.048E+04   2.122466   2.122466   4.999973   4.999973   0.755714   0.000352   0.242800  -3.731534    811      2
 4.0583E+00   7.411857   0.398500 -34.566822   0.949752 -10.495266   0.000000   0.242847   0.000653   0.001400   0.030102      4
 3.7340E+05   1.457823   2.996865 -99.000000 -99.000000  -8.826238   0.000000   0.000003   0.000146   0.001439  0.000E+00        lgTeff

        129   7.431728  2.093E+04   2.214769   2.214769   4.999972   4.999972   0.755659   0.000357   0.242800  -3.705776    820      2
 4.0805E+00   7.431728   0.378300 -33.667398   1.085016 -10.489473   0.000000   0.242902   0.000647   0.001400   0.029678      5
 3.8544E+05   1.498901   2.994125 -99.000000 -99.000000  -8.793731   0.000000   0.000003   0.000146   0.001438  0.000E+00    varcontrol


__________________________________________________________________________________________________________________________________________________

       step    lg_Tmax     Teff     lg_LH      lg_Lnuc_tot     Mass       H_rich     H_cntr     N_cntr     Y_surf   eta_cntr   zones  retry
  lg_dt_yrs    lg_Tcntr    lg_R     lg_L3a     lg_Lneu     lg_Mdot    He_core    He_cntr    O_cntr     Z_surf   gam_cntr   iters  
    age_yrs    lg_Dcntr    lg_L     lg_LZ      lg_Lphoto   lg_Dsurf   CO_core    C_cntr     Ne_cntr    Z_cntr   v_div_cs       dt_limit
__________________________________________________________________________________________________________________________________________________

        130   7.454727  2.137E+04   2.366973   2.366973   4.999972   4.999972   0.755509   0.000373   0.242800  -3.709858    833      2
 4.1348E+00   7.454727   0.357534 -32.544770   1.271345 -10.485454   0.000000   0.243055   0.000628   0.001400   0.028871      5
 3.9908E+05   1.531882   2.989074 -99.000000 -99.000000  -8.761037   0.000000   0.000004   0.000146   0.001436  0.000E+00    varcontrol

        131   7.474053  2.174E+04   2.569483   2.569483   4.999971   4.999971   0.755455   0.000378   0.242800  -3.728487    841      2
 4.1832E+00   7.474053   0.337542 -31.475173   1.484780 -10.486858   0.000000   0.243110   0.000622   0.001400   0.028067      5
 4.1433E+05   1.553038   2.978528 -12.768199 -99.000000  -8.730959   0.000000   0.000004   0.000146   0.001435  0.000E+00    varcontrol

        132   7.487250  2.194E+04   2.743251   2.743251   4.999971   4.999971   0.755431   0.000380   0.242800  -3.760242    846      2
 4.2417E+00   7.487250   0.319251 -30.721813   1.659083 -10.502289   0.000000   0.243134   0.000619   0.001400   0.027358      5
 4.3177E+05   1.559288   2.957845 -12.944290 -99.000000  -8.705722   0.000000   0.000004   0.000146   0.001435  0.000E+00    varcontrol

        133   7.494151  2.193E+04   2.840269   2.840269   4.999970   4.999970   0.755389   0.000384   0.242800  -3.797003    851      2
 4.3208E+00   7.494151   0.303362 -30.336071   1.759021 -10.543746   0.000000   0.243177   0.000614   0.001400   0.026816      5
 4.5270E+05   1.553878   2.925287 -12.643260 -99.000000  -8.686592   0.000000   0.000004   0.000146   0.001434  0.000E+00  max increase

        134   7.496341  2.175E+04   2.870429   2.870429   4.999969   4.999969   0.755323   0.000391   0.242800  -3.829047    863      2
 4.4000E+00   7.496341   0.291376 -30.225952   1.794358 -10.615907   0.000000   0.243244   0.000607   0.001400   0.026468      5
 4.7782E+05   1.543391   2.887604 -99.000000 -99.000000  -8.674682   0.000000   0.000004   0.000146   0.001433  0.000E+00  max increase

        135   7.496020  2.153E+04   2.865680   2.865680   4.999969   4.999969   0.755226   0.000400   0.242800  -3.851756    861      2
 4.4792E+00   7.496020   0.284101 -30.258881   1.793630 -10.702854   0.000000   0.243342   0.000597   0.001400   0.026281      5
 5.0797E+05   1.533141   2.855364 -12.643260 -99.000000  -8.669344   0.000000   0.000004   0.000146   0.001432  0.000E+00  max increase

        136   7.494719  2.136E+04   2.852170   2.852170   4.999968   4.999968   0.755059   0.000414   0.242800  -3.865879    868      2
 4.5584E+00   7.494719   0.281110 -30.344206   1.779383 -10.778837   0.000000   0.243511   0.000580   0.001400   0.026200      5
 5.4414E+05   1.525130   2.835036 -99.000000 -99.000000  -8.668630   0.000000   0.000004   0.000146   0.001430  0.000E+00  max increase

        137   7.493339  2.125E+04   2.840422   2.840422   4.999968   4.999968   0.754863   0.000430   0.242800  -3.873641    862      2
 4.6376E+00   7.493339   0.280879 -30.429996   1.767559 -10.827598   0.000000   0.243710   0.000561   0.001400   0.026178      5
 5.8755E+05   1.519748   2.826121 -99.000000 -99.000000  -8.670117   0.000000   0.000005   0.000146   0.001428  0.000E+00  max increase

        138   7.492183  2.120E+04   2.833847   2.833847   4.999967   4.999967   0.754637   0.000447   0.242800  -3.878134    862      2
 4.7168E+00   7.492183   0.281837 -30.500285   1.760554 -10.849562   0.000000   0.243938   0.000542   0.001400   0.026177      5
 6.3964E+05   1.516121   2.823834 -99.000000 -99.000000  -8.672183   0.000000   0.000005   0.000146   0.001425  0.000E+00  max increase

        139   7.491127  2.117E+04   2.831572   2.831572   4.999966   4.999966   0.754344   0.000468   0.242800  -3.882048    861      2
 4.7959E+00   7.491127   0.283145 -30.563826   1.756310 -10.855742   0.000000   0.244234   0.000518   0.001400   0.026180      5
 7.0215E+05   1.512912   2.823741 -99.000000 -99.000000  -8.674366   0.000000   0.000005   0.000146   0.001422  0.000E+00  max increase


__________________________________________________________________________________________________________________________________________________

       step    lg_Tmax     Teff     lg_LH      lg_Lnuc_tot     Mass       H_rich     H_cntr     N_cntr     Y_surf   eta_cntr   zones  retry
  lg_dt_yrs    lg_Tcntr    lg_R     lg_L3a     lg_Lneu     lg_Mdot    He_core    He_cntr    O_cntr     Z_surf   gam_cntr   iters  
    age_yrs    lg_Dcntr    lg_L     lg_LZ      lg_Lphoto   lg_Dsurf   CO_core    C_cntr     Ne_cntr    Z_cntr   v_div_cs       dt_limit
__________________________________________________________________________________________________________________________________________________

        140   7.490096  2.114E+04   2.830524   2.830524   4.999965   4.999965   0.753993   0.000490   0.242800  -3.886014    861      2
 4.8751E+00   7.490096   0.284513 -30.625588   1.753325 -10.856672   0.000000   0.244588   0.000493   0.001400   0.026183      5
 7.7716E+05   1.509732   2.824037 -99.000000 -99.000000  -8.676566   0.000000   0.000005   0.000146   0.001419  0.000E+00  max increase

        141   7.489057  2.111E+04   2.829842   2.829842   4.999964   4.999964   0.753573   0.000513   0.242800  -3.890159    861      2
 4.9543E+00   7.489057   0.285907 -30.687511   1.750617 -10.856669   0.000000   0.245012   0.000465   0.001400   0.026186      5
 8.6717E+05   1.506480   2.824320 -99.000000 -99.000000  -8.678813   0.000000   0.000005   0.000146   0.001415  0.000E+00  max increase

        142   7.488010  2.108E+04   2.829302   2.829302   4.999962   4.999962   0.753069   0.000539   0.242800  -3.894457    861      2
 5.0335E+00   7.488010   0.287336 -30.749532   1.748009 -10.856713   0.000000   0.245519   0.000436   0.001400   0.026189      5
 9.7518E+05   1.503171   2.824596 -99.000000 -99.000000  -8.681122   0.000000   0.000006   0.000146   0.001412  0.000E+00  max increase

        143   7.486967  2.105E+04   2.828887   2.828887   4.999960   4.999960   0.752466   0.000565   0.242800  -3.898875    861      2
 5.1127E+00   7.486967   0.288803 -30.810855   1.745515 -10.856794   0.000000   0.246126   0.000405   0.001400   0.026193      5
 1.1048E+06   1.499840   2.824904 -99.000000 -99.000000  -8.683487   0.000000   0.000006   0.000146   0.001408  0.000E+00  max increase

        144   7.485941  2.101E+04   2.828610   2.828610   4.999958   4.999958   0.751743   0.000593   0.242800  -3.903394    859      2
 5.1918E+00   7.485941   0.290303 -30.870550   1.743173 -10.856815   0.000000   0.246854   0.000373   0.001400   0.026197      5
 1.2603E+06   1.496522   2.825265 -99.000000 -99.000000  -8.685896   0.000000   0.000006   0.000146   0.001404  0.000E+00  max increase

        145   7.484946  2.098E+04   2.828485   2.828485   4.999956   4.999956   0.750875   0.000622   0.242800  -3.907999    858      2
 5.2710E+00   7.484946   0.291831 -30.927660   1.741017 -10.856724   0.000000   0.247725   0.000340   0.001400   0.026203      5
 1.4470E+06   1.493248   2.825694 -99.000000 -99.000000  -8.688338   0.000000   0.000006   0.000146   0.001400  0.000E+00  max increase

        146   7.483996  2.095E+04   2.828525   2.828525   4.999952   4.999952   0.749835   0.000652   0.242800  -3.912681    858      2
 5.3502E+00   7.483996   0.293384 -30.981194   1.739082 -10.856477   0.000000   0.248770   0.000305   0.001400   0.026210      5
 1.6710E+06   1.490054   2.826211 -99.000000 -99.000000  -8.690804   0.000000   0.000007   0.000146   0.001395  0.000E+00  max increase

        147   7.483093  2.092E+04   2.828764   2.828764   4.999949   4.999949   0.748558   0.000682   0.242800  -3.917506    858      2
 5.4294E+00   7.483093   0.294982 -31.030850   1.736860 -10.856027   0.000000   0.250051   0.000270   0.001400   0.026218      5
 1.9397E+06   1.486926   2.826826 -12.944290 -99.000000  -8.693324   0.000000   0.000007   0.000146   0.001391  0.000E+00  max increase

        148   7.482267  2.089E+04   2.829175   2.829175   4.999944   4.999944   0.747026   0.000712   0.242800  -3.922410    858      2
 5.5086E+00   7.482267   0.296610 -31.074692   1.735434 -10.855358   0.000000   0.251588   0.000235   0.001400   0.026229      5
 2.2623E+06   1.483945   2.827583 -99.000000 -99.000000  -8.695862   0.000000   0.000007   0.000146   0.001386  0.000E+00  max increase

        149   7.481538  2.086E+04   2.829810   2.829810   4.999939   4.999939   0.745185   0.000742   0.242800  -3.927391    858      2
 5.5877E+00   7.481538   0.298268 -31.111344   1.734345 -10.854354   0.000000   0.253433   0.000202   0.001400   0.026241      5
 2.6493E+06   1.481153   2.828510 -99.000000 -99.000000  -8.698415   0.000000   0.000007   0.000146   0.001382  0.000E+00  max increase


__________________________________________________________________________________________________________________________________________________

       step    lg_Tmax     Teff     lg_LH      lg_Lnuc_tot     Mass       H_rich     H_cntr     N_cntr     Y_surf   eta_cntr   zones  retry
  lg_dt_yrs    lg_Tcntr    lg_R     lg_L3a     lg_Lneu     lg_Mdot    He_core    He_cntr    O_cntr     Z_surf   gam_cntr   iters  
    age_yrs    lg_Dcntr    lg_L     lg_LZ      lg_Lphoto   lg_Dsurf   CO_core    C_cntr     Ne_cntr    Z_cntr   v_div_cs       dt_limit
__________________________________________________________________________________________________________________________________________________

        150   7.480921  2.083E+04   2.830705   2.830705   4.999932   4.999932   0.742972   0.000769   0.242800  -3.932480    858      2
 5.6669E+00   7.480921   0.299968 -31.139625   1.733629 -10.852944   0.000000   0.255650   0.000169   0.001400   0.026256      5
 3.1137E+06   1.478579   2.829644 -99.000000 -99.000000  -8.700992   0.000000   0.000008   0.000146   0.001378  0.000E+00  max increase

save LOGS/profile4.data for model 150
save photos/x150 for model 150
        151   7.480433  2.081E+04   2.831898   2.831898   4.999924   4.999924   0.740310   0.000795   0.242800  -3.937727    859      2
 5.7461E+00   7.480433   0.301729 -31.158286   1.733325 -10.851043   0.000000   0.258316   0.000139   0.001400   0.026275      5
 3.6710E+06   1.476243   2.831030 -99.000000 -99.000000  -8.703614   0.000000   0.000008   0.000146   0.001374  0.000E+00  max increase

        152   7.480089  2.078E+04   2.833436   2.833436   4.999915   4.999915   0.737069   0.000819   0.242800  -3.943238    859      2
 5.8253E+00   7.480089   0.303586 -31.166031   1.733216 -10.848549   0.000000   0.261560   0.000112   0.001400   0.026298      5
 4.3398E+06   1.474156   2.832716 -12.944290 -99.000000  -8.706329   0.000000   0.000008   0.000146   0.001371  0.000E+00  max increase

        153   7.479909  2.076E+04   2.835377   2.835377   4.999904   4.999904   0.733163   0.000840   0.242800  -3.949063    859      2
 5.9045E+00   7.479909   0.305565 -31.161337   1.733860 -10.845365   0.000000   0.265469   0.000088   0.001400   0.026326      5
 5.1424E+06   1.472349   2.834779 -12.944290 -99.000000  -8.709164   0.000000   0.000008   0.000146   0.001368  0.000E+00  max increase

        154   7.479912  2.074E+04   2.837802   2.837802   4.999890   4.999890   0.728451   0.000857   0.242800  -3.955342    859      2
 5.9837E+00   7.479912   0.307716 -31.142767   1.735063 -10.841312   0.000000   0.270184   0.000068   0.001400   0.026361      5
 6.1054E+06   1.470826   2.837296 -99.000000 -99.000000  -8.712183   0.000000   0.000009   0.000146   0.001365  0.000E+00  max increase

        155   7.480113  2.072E+04   2.840805   2.840805   4.999873   4.999873   0.722692   0.000871   0.242800  -3.962284    861      2
 6.0628E+00   7.480113   0.310120 -31.108536   1.736630 -10.836225   0.000000   0.275944   0.000052   0.001400   0.026404      5
 7.2611E+06   1.469585   2.840365 -99.000000 -99.000000  -8.715498   0.000000   0.000009   0.000146   0.001363  0.000E+00  max increase

        156   7.480531  2.070E+04   2.844497   2.844497   4.999852   4.999852   0.715684   0.000882   0.242800  -3.970133    861      2
 6.1420E+00   7.480531   0.312862 -31.057134   1.738985 -10.829907   0.000000   0.282954   0.000040   0.001400   0.026459      5
 8.6479E+06   1.468599   2.844103 -12.643260 -99.000000  -8.719224   0.000000   0.000009   0.000146   0.001362  0.000E+00  max increase

        157   7.481184  2.068E+04   2.849030   2.849030   4.999827   4.999827   0.707138   0.000889   0.242800  -3.979191    861      2
 6.2212E+00   7.481184   0.316064 -30.986732   1.742085 -10.822110   0.000000   0.291502   0.000031   0.001400   0.026526      5
 1.0312E+07   1.467847   2.848667 -99.000000 -99.000000  -8.723528   0.000000   0.000009   0.000146   0.001361  0.000E+00  max increase

        158   7.482101  2.065E+04   2.854597   2.854597   4.999796   4.999796   0.696628   0.000894   0.242800  -3.989880    863      2
 6.3004E+00   7.482101   0.319895 -30.894758   1.745900 -10.812512   0.000000   0.302012   0.000026   0.001400   0.026613      5
 1.2309E+07   1.467300   2.854250 -99.000000 -99.000000  -8.728645   0.000000   0.000009   0.000146   0.001360  0.000E+00  max increase

        159   7.483314  2.062E+04   2.861435   2.861435   4.999759   4.999759   0.683666   0.000897   0.242800  -4.002704    865      2
 6.3796E+00   7.483314   0.324566 -30.778273   1.750669 -10.800726   0.000000   0.314974   0.000022   0.001400   0.026724      5
 1.4705E+07   1.466928   2.861096 -99.000000 -99.000000  -8.734867   0.000000   0.000009   0.000146   0.001359  0.000E+00      XHe_cntr


__________________________________________________________________________________________________________________________________________________

       step    lg_Tmax     Teff     lg_LH      lg_Lnuc_tot     Mass       H_rich     H_cntr     N_cntr     Y_surf   eta_cntr   zones  retry
  lg_dt_yrs    lg_Tcntr    lg_R     lg_L3a     lg_Lneu     lg_Mdot    He_core    He_cntr    O_cntr     Z_surf   gam_cntr   iters  
    age_yrs    lg_Dcntr    lg_L     lg_LZ      lg_Lphoto   lg_Dsurf   CO_core    C_cntr     Ne_cntr    Z_cntr   v_div_cs       dt_limit
__________________________________________________________________________________________________________________________________________________

        160   7.484453  2.059E+04   2.867607   2.867607   4.999724   4.999724   0.671899   0.000898   0.242800  -4.014159    864      2
 6.3262E+00   7.484453   0.328802 -30.672042   1.754929 -10.786261   0.000000   0.326742   0.000021   0.001400   0.026830      5
 1.6825E+07   1.466750   2.867267 -99.000000 -99.000000  -8.740514   0.000000   0.000009   0.000146   0.001359  0.000E+00      XHe_cntr

        161   7.485560  2.057E+04   2.873432   2.873432   4.999691   4.999691   0.660631   0.000899   0.242800  -4.024979    868      2
 6.2937E+00   7.485560   0.332854 -30.570733   1.758789 -10.773235   0.000000   0.338010   0.000020   0.001400   0.026936      5
 1.8791E+07   1.466689   2.873088 -99.000000 -99.000000  -8.745927   0.000000   0.000009   0.000146   0.001359  0.000E+00      XHe_cntr

        162   7.486654  2.054E+04   2.879055   2.879055   4.999658   4.999658   0.649589   0.000899   0.242800  -4.035450    869      2
 6.2712E+00   7.486654   0.336826 -30.472196   1.762475 -10.760977   0.000000   0.349052   0.000020   0.001400   0.027044      5
 2.0658E+07   1.466718   2.878705 -99.000000 -99.000000  -8.751249   0.000000   0.000009   0.000146   0.001359  0.000E+00      XHe_cntr

        163   7.487738  2.051E+04   2.884530   2.884530   4.999626   4.999626   0.638729   0.000899   0.242800  -4.045691    866      2
 6.2531E+00   7.487738   0.340750 -30.375998   1.766150 -10.749181   0.000000   0.359912   0.000019   0.001400   0.027154      5
 2.2449E+07   1.466802   2.884174 -99.000000 -99.000000  -8.756521   0.000000   0.000009   0.000146   0.001359  0.000E+00      XHe_cntr

        164   7.488817  2.048E+04   2.889906   2.889906   4.999595   4.999595   0.627975   0.000899   0.242800  -4.055744    865      2
 6.2379E+00   7.488817   0.344658 -30.281435   1.769746 -10.737727   0.000000   0.370666   0.000019   0.001400   0.027268      5
 2.4179E+07   1.466952   2.889545 -99.000000 -99.000000  -8.761784   0.000000   0.000009   0.000146   0.001359  0.000E+00      XHe_cntr

        165   7.489896  2.045E+04   2.895209   2.895209   4.999563   4.999563   0.617273   0.000899   0.242800  -4.065668    866      2
 6.2248E+00   7.489896   0.348567 -30.188011   1.773285 -10.726508   0.000000   0.381368   0.000019   0.001400   0.027385      5
 2.5857E+07   1.467161   2.894842 -12.467169 -99.000000  -8.767063   0.000000   0.000009   0.000146   0.001359  0.000E+00      XHe_cntr

        166   7.490976  2.042E+04   2.900443   2.900443   4.999532   4.999532   0.606633   0.000899   0.242800  -4.075502    865      2
 6.2129E+00   7.490976   0.352483 -30.095705   1.776831 -10.715474   0.000000   0.392008   0.000019   0.001400   0.027505      5
 2.7490E+07   1.467412   2.900070 -99.000000 -99.000000  -8.772364   0.000000   0.000009   0.000146   0.001359  0.000E+00      XHe_cntr

        167   7.492062  2.039E+04   2.905631   2.905631   4.999500   4.999500   0.595961   0.000899   0.242800  -4.085252    860      2
 6.2018E+00   7.492062   0.356425 -30.003751   1.780244 -10.704611   0.000000   0.402680   0.000019   0.001400   0.027631      5
 2.9081E+07   1.467737   2.905251 -12.467169 -99.000000  -8.777717   0.000000   0.000009   0.000146   0.001359  0.000E+00      XHe_cntr

        168   7.493149  2.036E+04   2.910762   2.910762   4.999469   4.999469   0.585361   0.000899   0.242800  -4.094917    862      2
 6.1907E+00   7.493149   0.360376 -29.912834   1.783781 -10.693881   0.000000   0.413280   0.000019   0.001400   0.027759      5
 3.0632E+07   1.468099   2.910376 -12.944290 -99.000000  -8.783095   0.000000   0.000009   0.000146   0.001359  0.000E+00      XHe_cntr

        169   7.494247  2.032E+04   2.915839   2.915839   4.999438   4.999438   0.574680   0.000899   0.242800  -4.104556    861      2
 6.1801E+00   7.494247   0.364361 -29.821843   1.787089 -10.683293   0.000000   0.423961   0.000019   0.001400   0.027894      5
 3.2146E+07   1.468530   2.915444 -12.944290 -99.000000  -8.788539   0.000000   0.000009   0.000146   0.001359  0.000E+00      XHe_cntr


__________________________________________________________________________________________________________________________________________________

       step    lg_Tmax     Teff     lg_LH      lg_Lnuc_tot     Mass       H_rich     H_cntr     N_cntr     Y_surf   eta_cntr   zones  retry
  lg_dt_yrs    lg_Tcntr    lg_R     lg_L3a     lg_Lneu     lg_Mdot    He_core    He_cntr    O_cntr     Z_surf   gam_cntr   iters  
    age_yrs    lg_Dcntr    lg_L     lg_LZ      lg_Lphoto   lg_Dsurf   CO_core    C_cntr     Ne_cntr    Z_cntr   v_div_cs       dt_limit
__________________________________________________________________________________________________________________________________________________

        170   7.495341  2.029E+04   2.920872   2.920872   4.999406   4.999406   0.564139   0.000899   0.242800  -4.114045    859      2
 6.1693E+00   7.495341   0.368350 -29.732177   1.790679 -10.672867   0.000000   0.434502   0.000019   0.001400   0.028031      5
 3.3623E+07   1.469002   2.920474 -12.342230 -99.000000  -8.793995   0.000000   0.000009   0.000146   0.001359  0.000E+00      XHe_cntr

        171   7.496444  2.025E+04   2.925867   2.925867   4.999375   4.999375   0.553576   0.000899   0.242800  -4.123471    862      2
 6.1591E+00   7.496444   0.372369 -29.642688   1.794073 -10.662535   0.000000   0.445065   0.000019   0.001400   0.028174      5
 3.5065E+07   1.469539   2.925461 -12.041200 -99.000000  -8.799508   0.000000   0.000010   0.000146   0.001359  0.000E+00      XHe_cntr

        172   7.497558  2.022E+04   2.930828   2.930828   4.999343   4.999343   0.542965   0.000899   0.242800  -4.132865    864      2
 6.1500E+00   7.497558   0.376427 -29.553102   1.797464 -10.652326   0.000000   0.455676   0.000019   0.001400   0.028322      5
 3.6478E+07   1.470140   2.930415 -99.000000 -99.000000  -8.805091   0.000000   0.000010   0.000146   0.001359  0.000E+00      XHe_cntr

        173   7.498681  2.018E+04   2.935750   2.935750   4.999312   4.999312   0.532328   0.000899   0.242800  -4.142192    864      2
 6.1399E+00   7.498681   0.380517 -29.463545   1.800849 -10.642219   0.000000   0.466313   0.000018   0.001400   0.028476      5
 3.7858E+07   1.470813   2.935329 -99.000000 -99.000000  -8.810735   0.000000   0.000010   0.000146   0.001359  0.000E+00      XHe_cntr

        174   7.499813  2.014E+04   2.940617   2.940617   4.999281   4.999281   0.521677   0.000899   0.242800  -4.151467    863      2
 6.1293E+00   7.499813   0.384634 -29.374089   1.804218 -10.632230   0.000000   0.476964   0.000018   0.001400   0.028635      5
 3.9204E+07   1.471546   2.940189 -12.467169 -99.000000  -8.816434   0.000000   0.000010   0.000146   0.001359  0.000E+00      XHe_cntr

        175   7.500954  2.010E+04   2.945432   2.945432   4.999249   4.999249   0.511017   0.000900   0.242800  -4.160671    865      2
 6.1184E+00   7.500954   0.388775 -29.284718   1.807573 -10.622389   0.000000   0.487625   0.000018   0.001400   0.028800      5
 4.0518E+07   1.472346   2.944994 -99.000000 -99.000000  -8.822183   0.000000   0.000010   0.000146   0.001359  0.000E+00      XHe_cntr

        176   7.502104  2.006E+04   2.950192   2.950192   4.999218   4.999218   0.500351   0.000900   0.242800  -4.169791    865      2
 6.1073E+00   7.502104   0.392940 -29.195403   1.810914 -10.612695   0.000000   0.498291   0.000018   0.001400   0.028972      5
 4.1798E+07   1.473219   2.949746 -12.944290 -99.000000  -8.827983   0.000000   0.000010   0.000146   0.001359  0.000E+00      XHe_cntr

        177   7.503263  2.002E+04   2.954906   2.954906   4.999187   4.999187   0.489680   0.000900   0.242800  -4.178785    866      2
 6.0961E+00   7.503263   0.397130 -29.106073   1.814250 -10.603147   0.000000   0.508961   0.000018   0.001400   0.029150      5
 4.3046E+07   1.474184   2.954452 -12.944290 -99.000000  -8.833834   0.000000   0.000010   0.000146   0.001359  0.000E+00      XHe_cntr

        178   7.504419  1.997E+04   2.959563   2.959563   4.999156   4.999156   0.479168   0.000900   0.242800  -4.187648    870      2
 6.0849E+00   7.504419   0.401318 -29.017810   1.817719 -10.593727   0.000000   0.519473   0.000018   0.001400   0.029331      5
 4.4261E+07   1.475176   2.959104 -99.000000 -99.000000  -8.839693   0.000000   0.000010   0.000146   0.001359  0.000E+00      XHe_cntr

        179   7.505589  1.993E+04   2.964186   2.964186   4.999125   4.999125   0.468615   0.000900   0.242800  -4.196438    871      2
 6.0752E+00   7.505589   0.405545 -28.929147   1.821051 -10.584438   0.000000   0.530027   0.000018   0.001400   0.029519      5
 4.5451E+07   1.476256   2.963719 -12.245320 -99.000000  -8.845623   0.000000   0.000010   0.000146   0.001359  0.000E+00      XHe_cntr


__________________________________________________________________________________________________________________________________________________

       step    lg_Tmax     Teff     lg_LH      lg_Lnuc_tot     Mass       H_rich     H_cntr     N_cntr     Y_surf   eta_cntr   zones  retry
  lg_dt_yrs    lg_Tcntr    lg_R     lg_L3a     lg_Lneu     lg_Mdot    He_core    He_cntr    O_cntr     Z_surf   gam_cntr   iters  
    age_yrs    lg_Dcntr    lg_L     lg_LZ      lg_Lphoto   lg_Dsurf   CO_core    C_cntr     Ne_cntr    Z_cntr   v_div_cs       dt_limit
__________________________________________________________________________________________________________________________________________________

        180   7.506783  1.988E+04   2.968773   2.968773   4.999094   4.999094   0.457913   0.000900   0.242800  -4.205232    872      2
 6.0664E+00   7.506783   0.409829 -28.839296   1.824313 -10.575262   0.000000   0.540728   0.000018   0.001400   0.029716      5
 4.6616E+07   1.477436   2.968293 -99.000000 -99.000000  -8.851657   0.000000   0.000010   0.000146   0.001359  0.000E+00      XHe_cntr

        181   7.507983  1.984E+04   2.973310   2.973310   4.999063   4.999063   0.447283   0.000900   0.242800  -4.213888    870      2
 6.0554E+00   7.507983   0.414128 -28.749730   1.827696 -10.566217   0.000000   0.551358   0.000018   0.001400   0.029920      5
 4.7751E+07   1.478686   2.972823 -12.099192 -99.000000  -8.857726   0.000000   0.000010   0.000146   0.001359  0.000E+00      XHe_cntr

        182   7.509192  1.979E+04   2.977792   2.977792   4.999033   4.999033   0.436687   0.000900   0.242800  -4.222437    866      2
 6.0441E+00   7.509192   0.418445 -28.660184   1.831034 -10.557292   0.000000   0.561954   0.000018   0.001400   0.030130      5
 4.8858E+07   1.480009   2.977296 -12.245320 -99.000000  -8.863838   0.000000   0.000010   0.000146   0.001359  0.000E+00      XHe_cntr

        183   7.510413  1.974E+04   2.982234   2.982234   4.999002   4.999002   0.426098   0.000900   0.242800  -4.230882    865      2
 6.0340E+00   7.510413   0.422793 -28.570345   1.834371 -10.548515   0.000000   0.572543   0.000018   0.001400   0.030347      5
 4.9940E+07   1.481418   2.981730 -99.000000 -99.000000  -8.870010   0.000000   0.000010   0.000146   0.001359  0.000E+00      XHe_cntr

        184   7.511653  1.969E+04   2.986637   2.986637   4.998971   4.998971   0.415467   0.000900   0.242800  -4.239245    865      2
 6.0240E+00   7.511653   0.427180 -28.479820   1.837676 -10.539853   0.000000   0.583174   0.000018   0.001400   0.030573      5
 5.0997E+07   1.482927   2.986122 -99.000000 -99.000000  -8.876256   0.000000   0.000010   0.000146   0.001359  0.000E+00      XHe_cntr

        185   7.512907  1.964E+04   2.990991   2.990991   4.998941   4.998941   0.404846   0.000900   0.242800  -4.247516    866      2
 6.0137E+00   7.512907   0.431595 -28.388935   1.840998 -10.531315   0.000000   0.593795   0.000018   0.001400   0.030807      5
 5.2029E+07   1.484517   2.990467 -12.245320 -99.000000  -8.882560   0.000000   0.000010   0.000146   0.001359  0.000E+00      XHe_cntr

        186   7.514175  1.959E+04   2.995295   2.995295   4.998911   4.998911   0.394242   0.000900   0.242800  -4.255693    869      2
 6.0031E+00   7.514175   0.436035 -28.297677   1.844307 -10.522910   0.000000   0.604400   0.000017   0.001400   0.031049      5
 5.3036E+07   1.486190   2.994761 -12.643260 -99.000000  -8.888921   0.000000   0.000010   0.000146   0.001359  0.000E+00      XHe_cntr

        187   7.515464  1.954E+04   2.999556   2.999556   4.998881   4.998881   0.383598   0.000900   0.242800  -4.263762    871      2
 5.9928E+00   7.515464   0.440513 -28.205552   1.847586 -10.514643   0.000000   0.615044   0.000017   0.001400   0.031301      5
 5.4019E+07   1.487977   2.999012 -12.944290 -99.000000  -8.895355   0.000000   0.000010   0.000146   0.001359  0.000E+00      XHe_cntr

        188   7.516774  1.948E+04   3.003769   3.003769   4.998851   4.998851   0.372920   0.000900   0.242800  -4.271726    868      2
 5.9822E+00   7.516774   0.445025 -28.112538   1.850852 -10.506504   0.000000   0.625721   0.000017   0.001400   0.031564      5
 5.4979E+07   1.489878   3.003212 -99.000000 -99.000000  -8.901861   0.000000   0.000010   0.000146   0.001359  0.000E+00      XHe_cntr

        189   7.518105  1.943E+04   3.007926   3.007926   4.998821   4.998821   0.362223   0.000900   0.242800  -4.279577    867      2
 5.9710E+00   7.518105   0.449565 -28.018682   1.854098 -10.498507   0.000000   0.636418   0.000017   0.001400   0.031837      5
 5.5915E+07   1.491892   3.007358 -99.000000 -99.000000  -8.908428   0.000000   0.000010   0.000146   0.001359  0.000E+00      XHe_cntr


__________________________________________________________________________________________________________________________________________________

       step    lg_Tmax     Teff     lg_LH      lg_Lnuc_tot     Mass       H_rich     H_cntr     N_cntr     Y_surf   eta_cntr   zones  retry
  lg_dt_yrs    lg_Tcntr    lg_R     lg_L3a     lg_Lneu     lg_Mdot    He_core    He_cntr    O_cntr     Z_surf   gam_cntr   iters  
    age_yrs    lg_Dcntr    lg_L     lg_LZ      lg_Lphoto   lg_Dsurf   CO_core    C_cntr     Ne_cntr    Z_cntr   v_div_cs       dt_limit
__________________________________________________________________________________________________________________________________________________

        190   7.519446  1.937E+04   3.012022   3.012022   4.998792   4.998792   0.351612   0.000900   0.242800  -4.287297    870      2
 5.9594E+00   7.519446   0.454114 -27.924730   1.857363 -10.490662   0.000000   0.647030   0.000017   0.001400   0.032117      5
 5.6825E+07   1.493978   3.011445 -99.000000 -99.000000  -8.915029   0.000000   0.000010   0.000146   0.001359  0.000E+00      XHe_cntr

        191   7.520804  1.931E+04   3.016077   3.016077   4.998763   4.998763   0.341066   0.000900   0.242800  -4.294831    866      2
 5.9485E+00   7.520804   0.458683 -27.830346   1.860621 -10.482967   0.000000   0.657575   0.000017   0.001400   0.032406      5
 5.7713E+07   1.496174   3.015490 -99.000000 -99.000000  -8.921674   0.000000   0.000010   0.000146   0.001359  0.000E+00      XHe_cntr

        192   7.522191  1.926E+04   3.020098   3.020098   4.998733   4.998733   0.330455   0.000900   0.242800  -4.302245    869      2
 5.9390E+00   7.522191   0.463299 -27.734449   1.863840 -10.475385   0.000000   0.668186   0.000017   0.001400   0.032709      5
 5.8582E+07   1.498515   3.019499 -12.166139 -99.000000  -8.928411   0.000000   0.000010   0.000146   0.001359  0.000E+00      XHe_cntr

        193   7.523610  1.920E+04   3.024079   3.024079   4.998705   4.998705   0.319784   0.000900   0.242800  -4.309546    869      2
 5.9292E+00   7.523610   0.467959 -27.636973   1.867050 -10.467919   0.000000   0.678857   0.000017   0.001400   0.033025      5
 5.9432E+07   1.501000   3.023467 -99.000000 -99.000000  -8.935236   0.000000   0.000010   0.000146   0.001359  0.000E+00      XHe_cntr

        194   7.525060  1.914E+04   3.028012   3.028012   4.998676   4.998676   0.309080   0.000900   0.242800  -4.316676    869      2
 5.9181E+00   7.525060   0.472652 -27.538028   1.870244 -10.460578   0.000000   0.689562   0.000017   0.001400   0.033355      5
 6.0260E+07   1.503645   3.027388 -99.000000 -99.000000  -8.942134   0.000000   0.000010   0.000146   0.001358  0.000E+00      XHe_cntr

        195   7.526541  1.907E+04   3.031879   3.031879   4.998648   4.998648   0.298356   0.000900   0.242800  -4.323695    865      2
 5.9065E+00   7.526541   0.477367 -27.437652   1.873405 -10.453373   0.000000   0.700286   0.000017   0.001400   0.033698      5
 6.1066E+07   1.506419   3.031240 -99.000000 -99.000000  -8.949089   0.000000   0.000010   0.000146   0.001358  0.000E+00      XHe_cntr

        196   7.528047  1.901E+04   3.035685   3.035685   4.998619   4.998619   0.287672   0.000900   0.242800  -4.330541    867      2
 5.8944E+00   7.528047   0.482094 -27.336186   1.876553 -10.446347   0.000000   0.710969   0.000017   0.001400   0.034054      5
 6.1850E+07   1.509324   3.035036 -99.000000 -99.000000  -8.956087   0.000000   0.000011   0.000146   0.001358  0.000E+00      XHe_cntr

        197   7.529579  1.895E+04   3.039440   3.039440   4.998592   4.998592   0.277048   0.000900   0.242800  -4.337173    868      2
 5.8826E+00   7.529579   0.486835 -27.233650   1.879687 -10.439470   0.000000   0.721594   0.000017   0.001400   0.034422      5
 6.2614E+07   1.512369   3.038779 -12.643260 -99.000000  -8.963125   0.000000   0.000011   0.000146   0.001358  0.000E+00      XHe_cntr

        198   7.531144  1.889E+04   3.043148   3.043148   4.998564   4.998564   0.266459   0.000900   0.242800  -4.343620    866      2
 5.8718E+00   7.531144   0.491594 -27.129647   1.882805 -10.432728   0.000000   0.732183   0.000016   0.001400   0.034803      5
 6.3358E+07   1.515562   3.042476 -12.342230 -99.000000  -8.970215   0.000000   0.000011   0.000146   0.001358  0.000E+00      XHe_cntr

        199   7.532728  1.882E+04   3.046817   3.046817   4.998537   4.998537   0.256022   0.000900   0.242800  -4.349864    868      2
 5.8617E+00   7.532728   0.496363 -27.025048   1.885942 -10.426112   0.000000   0.742620   0.000016   0.001400   0.035193      5
 6.4085E+07   1.518850   3.046139 -99.000000 -99.000000  -8.977337   0.000000   0.000011   0.000146   0.001358  0.000E+00      XHe_cntr


__________________________________________________________________________________________________________________________________________________

       step    lg_Tmax     Teff     lg_LH      lg_Lnuc_tot     Mass       H_rich     H_cntr     N_cntr     Y_surf   eta_cntr   zones  retry
  lg_dt_yrs    lg_Tcntr    lg_R     lg_L3a     lg_Lneu     lg_Mdot    He_core    He_cntr    O_cntr     Z_surf   gam_cntr   iters  
    age_yrs    lg_Dcntr    lg_L     lg_LZ      lg_Lphoto   lg_Dsurf   CO_core    C_cntr     Ne_cntr    Z_cntr   v_div_cs       dt_limit
__________________________________________________________________________________________________________________________________________________

        200   7.534377  1.876E+04   3.050470   3.050470   4.998510   4.998510   0.245422   0.000900   0.242800  -4.355919    869      2
 5.8534E+00   7.534377   0.501198 -26.916847   1.889032 -10.419585   0.000000   0.753220   0.000016   0.001400   0.035607      5
 6.4799E+07   1.522404   3.049777 -12.643260 -99.000000  -8.984585   0.000000   0.000011   0.000146   0.001358  0.000E+00      XHe_cntr

save LOGS/profile5.data for model 200
save photos/x200 for model 200
        201   7.536094  1.869E+04   3.054086   3.054086   4.998483   4.998483   0.234665   0.000900   0.242800  -4.361833    868      2
 5.8445E+00   7.536094   0.506091 -26.804810   1.892109 -10.413156   0.000000   0.763976   0.000016   0.001400   0.036045      5
 6.5498E+07   1.526209   3.053378 -99.000000 -99.000000  -8.991951   0.000000   0.000011   0.000146   0.001358  0.000E+00      XHe_cntr

        202   7.537851  1.862E+04   3.057640   3.057640   4.998456   4.998456   0.223998   0.000900   0.242800  -4.367527    868      2
 5.8325E+00   7.537851   0.510982 -26.691018   1.895183 -10.406850   0.000000   0.774644   0.000016   0.001400   0.036497      5
 6.6178E+07   1.530169   3.056923 -99.000000 -99.000000  -8.999336   0.000000   0.000011   0.000146   0.001358  0.000E+00      XHe_cntr

        203   7.539667  1.856E+04   3.061146   3.061146   4.998430   4.998430   0.213300   0.000900   0.242800  -4.372933    870      2
 5.8206E+00   7.539667   0.515888 -26.574079   1.898217 -10.400681   0.000000   0.785341   0.000016   0.001400   0.036970      5
 6.6839E+07   1.534388   3.060417 -99.000000 -99.000000  -9.006767   0.000000   0.000011   0.000146   0.001358  0.000E+00      XHe_cntr

        204   7.541535  1.849E+04   3.064601   3.064601   4.998404   4.998404   0.202674   0.000900   0.242800  -4.378080    871      2
 5.8092E+00   7.541535   0.520792 -26.454606   1.901243 -10.394646   0.000000   0.795967   0.000016   0.001400   0.037461      5
 6.7484E+07   1.538805   3.063863 -99.000000 -99.000000  -9.014217   0.000000   0.000011   0.000146   0.001358  0.000E+00      XHe_cntr

        205   7.543462  1.842E+04   3.068017   3.068017   4.998378   4.998378   0.192113   0.000900   0.242800  -4.382893    871      2
 5.7981E+00   7.543462   0.525697 -26.332208   1.904255 -10.388728   0.000000   0.806529   0.000016   0.001400   0.037970      5
 6.8112E+07   1.543466   3.067272 -12.643260 -99.000000  -9.021687   0.000000   0.000011   0.000146   0.001358  0.000E+00      XHe_cntr

        206   7.545479  1.835E+04   3.071404   3.071404   4.998353   4.998353   0.181461   0.000900   0.242800  -4.387398    876      2
 5.7884E+00   7.545479   0.530628 -26.204806   1.907248 -10.382903   0.000000   0.817180   0.000016   0.001400   0.038508      5
 6.8727E+07   1.548465   3.070650 -12.643260 -99.000000  -9.029217   0.000000   0.000011   0.000146   0.001358  0.000E+00      XHe_cntr

        207   7.547598  1.828E+04   3.074754   3.074754   4.998328   4.998328   0.170730   0.000900   0.242800  -4.391536    878      2
 5.7780E+00   7.547598   0.535570 -26.071898   1.910227 -10.377171   0.000000   0.827912   0.000016   0.001400   0.039075      5
 6.9326E+07   1.553840   3.073992 -12.643260 -99.000000  -9.036782   0.000000   0.000011   0.000146   0.001358  0.000E+00      XHe_cntr

        208   7.549800  1.821E+04   3.078054   3.078054   4.998303   4.998303   0.160081   0.000900   0.242800  -4.395295    880      2
 5.7661E+00   7.549800   0.540481 -25.934746   1.913193 -10.371531   0.000000   0.838561   0.000015   0.001400   0.039664      5
 6.9910E+07   1.559509   3.077290 -12.041200 -99.000000  -9.044314   0.000000   0.000011   0.000146   0.001358  0.000E+00      XHe_cntr

        209   7.552096  1.815E+04   3.081315   3.081315   4.998278   4.998278   0.149504   0.000900   0.242800  -4.398621    886      2
 5.7546E+00   7.552096   0.545357 -25.792633   1.916142 -10.365984   0.000000   0.849138   0.000015   0.001400   0.040276      5
 7.0478E+07   1.565519   3.080552 -12.342230 -99.000000  -9.051802   0.000000   0.000011   0.000146   0.001358  0.000E+00      XHe_cntr


__________________________________________________________________________________________________________________________________________________

       step    lg_Tmax     Teff     lg_LH      lg_Lnuc_tot     Mass       H_rich     H_cntr     N_cntr     Y_surf   eta_cntr   zones  retry
  lg_dt_yrs    lg_Tcntr    lg_R     lg_L3a     lg_Lneu     lg_Mdot    He_core    He_cntr    O_cntr     Z_surf   gam_cntr   iters  
    age_yrs    lg_Dcntr    lg_L     lg_LZ      lg_Lphoto   lg_Dsurf   CO_core    C_cntr     Ne_cntr    Z_cntr   v_div_cs       dt_limit
__________________________________________________________________________________________________________________________________________________

        210   7.554540  1.808E+04   3.084551   3.084551   4.998254   4.998254   0.138833   0.000900   0.242800  -4.401420    886      2
 5.7446E+00   7.554540   0.550214 -25.642434   1.919081 -10.360509   0.000000   0.859809   0.000015   0.001400   0.040925      5
 7.1034E+07   1.572052   3.083790 -99.000000 -99.000000  -9.059270   0.000000   0.000011   0.000146   0.001358  0.000E+00      XHe_cntr

        211   7.557151  1.801E+04   3.087753   3.087753   4.998230   4.998230   0.128076   0.000900   0.242800  -4.403686    888      2
 5.7339E+00   7.557151   0.555022 -25.483065   1.922006 -10.355081   0.000000   0.870566   0.000015   0.001400   0.041611      5
 7.1575E+07   1.579141   3.087000 -99.000000 -99.000000  -9.066667   0.000000   0.000012   0.000146   0.001358  0.000E+00      XHe_cntr

        212   7.559918  1.795E+04   3.090919   3.090919   4.998207   4.998207   0.117408   0.000900   0.242800  -4.405271    887      2
 5.7216E+00   7.559918   0.559731 -25.315481   1.924926 -10.349699   0.000000   0.881234   0.000015   0.001400   0.042326      5
 7.2102E+07   1.586763   3.090184 -99.000000 -99.000000  -9.073906   0.000000   0.000012   0.000146   0.001358  0.000E+00      XHe_cntr

        213   7.562889  1.789E+04   3.094057   3.094057   4.998183   4.998183   0.106679   0.000900   0.242800  -4.406085    889      2
 5.7097E+00   7.562889   0.564324 -25.135617   1.927834 -10.344328   0.000000   0.891963   0.000015   0.001400   0.043084      5
 7.2615E+07   1.595092   3.093347 -12.643260 -99.000000  -9.080954   0.000000   0.000012   0.000146   0.001358  0.000E+00      XHe_cntr

        214   7.566109  1.783E+04   3.097175   3.097175   4.998161   4.415355   0.096021   0.000900   0.242800  -4.405950    890      2
 5.6980E+00   7.566109   0.568747 -24.943375   1.930749 -10.338945   0.582805   0.902621   0.000015   0.001400   0.043876      5
 7.3114E+07   1.604221   3.096507 -99.000000 -99.000000  -9.087715   0.000000   0.000012   0.000146   0.001358  0.000E+00      XHe_cntr

        215   7.569640  1.777E+04   3.100286   3.100286   4.998138   4.415333   0.085361   0.000900   0.242800  -4.404626    890      2
 5.6864E+00   7.569640   0.572948 -24.734309   1.933677 -10.333482   0.582805   0.913281   0.000014   0.001400   0.044711      5
 7.3599E+07   1.614376   3.099677 -99.000000 -99.000000  -9.094092   0.000000   0.000012   0.000146   0.001358  0.000E+00      XHe_cntr

        216   7.573571  1.773E+04   3.103400   3.103400   4.998116   4.415310   0.074681   0.000900   0.242800  -4.401873    892      2
 5.6755E+00   7.573571   0.576842 -24.503553   1.936631 -10.327871   0.582805   0.923961   0.000014   0.001400   0.045595      5
 7.4073E+07   1.625804   3.102881 -99.000000 -99.000000  -9.099934   0.000000   0.000012   0.000146   0.001358  0.000E+00      XHe_cntr

        217   7.577921  1.769E+04   3.106473   3.106473   4.998094   4.415289   0.064211   0.000900   0.242800  -4.397277    897      2
 5.6551E+00   7.577921   0.580234 -24.250396   1.939571 -10.322015   0.582805   0.934431   0.000014   0.001400   0.046512      5
 7.4525E+07   1.638619   3.106085 -99.000000 -99.000000  -9.104911   0.000000   0.000012   0.000146   0.001358  0.000E+00    lg_XH_cntr

        218   7.582590  1.767E+04   3.109376   3.109376   4.998074   4.415269   0.054417   0.000900   0.242800  -4.390748    896      2
 5.6145E+00   7.582590   0.582852 -23.981104   1.942370 -10.315889   0.582805   0.944226   0.000014   0.001400   0.047418      5
 7.4937E+07   1.652518   3.109176 -99.000000 -99.000000  -9.108587   0.000000   0.000012   0.000146   0.001358  0.000E+00    lg_XH_cntr

        219   7.587423  1.766E+04   3.112010   3.112010   4.998057   4.415251   0.045697   0.000900   0.242800  -4.382492    897      2
 5.5557E+00   7.587423   0.584545 -23.704907   1.944934 -10.309629   0.582805   0.952946   0.000014   0.001400   0.048267      5
 7.5296E+07   1.667003   3.112066 -99.000000 -99.000000  -9.110723   0.000000   0.000013   0.000146   0.001358  0.000E+00    lg_XH_cntr


__________________________________________________________________________________________________________________________________________________

       step    lg_Tmax     Teff     lg_LH      lg_Lnuc_tot     Mass       H_rich     H_cntr     N_cntr     Y_surf   eta_cntr   zones  retry
  lg_dt_yrs    lg_Tcntr    lg_R     lg_L3a     lg_Lneu     lg_Mdot    He_core    He_cntr    O_cntr     Z_surf   gam_cntr   iters  
    age_yrs    lg_Dcntr    lg_L     lg_LZ      lg_Lphoto   lg_Dsurf   CO_core    C_cntr     Ne_cntr    Z_cntr   v_div_cs       dt_limit
__________________________________________________________________________________________________________________________________________________

        220   7.592412  1.768E+04   3.114339   3.114339   4.998042   4.415236   0.038030   0.000900   0.242800  -4.372410    901      2
 5.4858E+00   7.592412   0.585258 -23.422342   1.947220 -10.303372   0.582805   0.960613   0.000013   0.001400   0.049053      5
 7.5602E+07   1.682102   3.114756 -12.166139 -99.000000  -9.111226   0.000000   0.000013   0.000146   0.001358  0.000E+00    lg_XH_cntr

        221   7.597428  1.771E+04   3.116370   3.116370   4.998029   4.415223   0.031520   0.000900   0.242800  -4.360863    907      2
 5.4074E+00   7.597428   0.585072 -23.140634   1.949233 -10.297088   0.582805   0.967123   0.000013   0.001400   0.049751      5
 7.5858E+07   1.697413   3.117243 -12.643260 -99.000000  -9.110235   0.000000   0.000013   0.000146   0.001358  0.000E+00    lg_XH_cntr

        222   7.602420  1.775E+04   3.118096   3.118096   4.998018   4.415213   0.026072   0.000900   0.242800  -4.348101    906      2
 5.3233E+00   7.602420   0.584096 -22.862510   1.950964 -10.290825   0.582805   0.972570   0.000013   0.001400   0.050361      5
 7.6068E+07   1.712781   3.119551 -99.000000 -99.000000  -9.107932   0.000000   0.000013   0.000146   0.001358  0.000E+00    lg_XH_cntr

        223   7.607371  1.780E+04   3.119537   3.119537   4.998009   4.415204   0.021541   0.000900   0.242800  -4.334284    907      2
 5.2371E+00   7.607371   0.582458 -22.588784   1.952428 -10.284583   0.582805   0.977101   0.000013   0.001400   0.050891      5
 7.6241E+07   1.728166   3.121722 -99.000000 -99.000000  -9.104530   0.000000   0.000013   0.000146   0.001358  0.000E+00    lg_XH_cntr

        224   7.612266  1.787E+04   3.120706   3.120706   4.998001   4.415196   0.017789   0.000900   0.242800  -4.319539    908      2
 5.1495E+00   7.612266   0.580287 -22.320092   1.953639 -10.278328   0.582805   0.980853   0.000013   0.001400   0.051349      5
 7.6382E+07   1.743543   3.123795 -99.000000 -99.000000  -9.100237   0.000000   0.000014   0.000146   0.001357  0.000E+00    lg_XH_cntr

        225   7.617091  1.794E+04   3.121614   3.121614   4.997995   4.415190   0.014692   0.000900   0.242800  -4.303950    915      2
 5.0614E+00   7.617091   0.577700 -22.056959   1.954604 -10.272031   0.582805   0.983951   0.000013   0.001400   0.051748      5
 7.6497E+07   1.758906   3.125811 -12.643260 -99.000000  -9.095251   0.000000   0.000014   0.000146   0.001357  0.000E+00    lg_XH_cntr

        226   7.621817  1.802E+04   3.122282   3.122282   4.997990   4.415185   0.012150   0.000900   0.242800  -4.287728    913      2
 4.9732E+00   7.621817   0.574829 -21.800867   1.955344 -10.265651   0.582805   0.986493   0.000012   0.001400   0.052094      5
 7.6591E+07   1.774157   3.127777 -12.643260 -99.000000  -9.089795   0.000000   0.000014   0.000146   0.001357  0.000E+00    lg_XH_cntr

        227   7.626430  1.811E+04   3.122693   3.122693   4.997986   4.415181   0.010064   0.000899   0.242800  -4.270887    913      2
 4.8858E+00   7.626430   0.571771 -21.552243   1.955843 -10.259244   0.582805   0.988579   0.000012   0.001400   0.052400      5
 7.6668E+07   1.789313   3.129731 -99.000000 -99.000000  -9.084029   0.000000   0.000014   0.000146   0.001357  0.000E+00    lg_XH_cntr

        228   7.630971  1.820E+04   3.122791   3.122791   4.997982   4.415177   0.008331   0.000899   0.242800  -4.253208    919      2
 4.7999E+00   7.630971   0.568579 -21.308459   1.956045 -10.252767   0.582805   0.990312   0.000012   0.001400   0.052678      5
 7.6731E+07   1.804571   3.131732 -99.000000 -99.000000  -9.078030   0.000000   0.000014   0.000146   0.001357  0.000E+00    lg_XH_cntr

        229   7.635334  1.828E+04   3.122775   3.122775   4.997980   4.415174   0.006927   0.000899   0.242800  -4.235189    923      2
 4.7142E+00   7.635334   0.565383 -21.075541   1.956147 -10.246101   0.582805   0.991716   0.000012   0.001400   0.052929      5
 7.6783E+07   1.819566   3.133702 -12.643260 -99.000000  -9.072043   0.000000   0.000015   0.000146   0.001357  0.000E+00    lg_XH_cntr


__________________________________________________________________________________________________________________________________________________

       step    lg_Tmax     Teff     lg_LH      lg_Lnuc_tot     Mass       H_rich     H_cntr     N_cntr     Y_surf   eta_cntr   zones  retry
  lg_dt_yrs    lg_Tcntr    lg_R     lg_L3a     lg_Lneu     lg_Mdot    He_core    He_cntr    O_cntr     Z_surf   gam_cntr   iters  
    age_yrs    lg_Dcntr    lg_L     lg_LZ      lg_Lphoto   lg_Dsurf   CO_core    C_cntr     Ne_cntr    Z_cntr   v_div_cs       dt_limit
__________________________________________________________________________________________________________________________________________________

        230   7.639583  1.837E+04   3.122372   3.122372   4.997977   4.415172   0.005761   0.000899   0.242800  -4.216335    925      2
 4.6307E+00   7.639583   0.562218 -20.849297   1.955879 -10.239508   0.582805   0.992882   0.000012   0.001400   0.053170      5
 7.6826E+07   1.834647   3.135737 -12.643260 -99.000000  -9.066105   0.000000   0.000015   0.000146   0.001357  0.000E+00    lg_XH_cntr

        231   7.643723  1.846E+04   3.121681   3.121681   4.997975   4.415170   0.004791   0.000899   0.242800  -4.196546    928      2
 4.5494E+00   7.643723   0.559121 -20.629567   1.955338 -10.232773   0.582805   0.993851   0.000012   0.001400   0.053407      5
 7.6861E+07   1.849883   3.137843 -99.000000 -99.000000  -9.060276   0.000000   0.000015   0.000146   0.001357  0.000E+00    lg_XH_cntr

        232   7.647686  1.855E+04   3.120822   3.120822   4.997973   4.415168   0.003995   0.000899   0.242800  -4.176044    928      2
 4.4676E+00   7.647686   0.556161 -20.419628   1.954645 -10.225898   0.582805   0.994648   0.000012   0.001400   0.053645      5
 7.6890E+07   1.865084   3.139967 -12.643260 -99.000000  -9.054691   0.000000   0.000015   0.000146   0.001357  0.000E+00    lg_XH_cntr

        233   7.651493  1.863E+04   3.119565   3.119565   4.997972   4.415166   0.003331   0.000899   0.242800  -4.154462    932      2
 4.3874E+00   7.651493   0.553367 -20.217945   1.953571 -10.219053   0.582805   0.995312   0.000012   0.001400   0.053893      5
 7.6915E+07   1.880458   3.142143 -99.000000 -99.000000  -9.049390   0.000000   0.000015   0.000146   0.001357  0.000E+00    lg_XH_cntr

        234   7.655110  1.871E+04   3.118127   3.118127   4.997971   4.415165   0.002781   0.000899   0.242800  -4.131876    932      2
 4.3084E+00   7.655110   0.550773 -20.026133   1.952331 -10.212168   0.582805   0.995862   0.000012   0.001400   0.054155      5
 7.6935E+07   1.895928   3.144330 -99.000000 -99.000000  -9.044437   0.000000   0.000015   0.000146   0.001357  0.000E+00    lg_XH_cntr

        235   7.658515  1.878E+04   3.116425   3.116425   4.997969   4.415164   0.002324   0.000899   0.242800  -4.108079    934      2
 4.2299E+00   7.658515   0.548404 -19.844995   1.950840 -10.205361   0.582805   0.996319   0.000012   0.001400   0.054440      5
 7.6952E+07   1.911559   3.146504 -12.643260 -99.000000  -9.039882   0.000000   0.000016   0.000146   0.001357  0.000E+00    lg_XH_cntr

        236   7.661675  1.885E+04   3.114646   3.114646   4.997969   4.415163   0.001945   0.000898   0.242800  -4.083119    934      2
 4.1525E+00   7.661675   0.546279 -19.675965   1.949284 -10.198706   0.582805   0.996698   0.000011   0.001400   0.054751      5
 7.6966E+07   1.927286   3.148621 -99.000000 -99.000000  -9.035764   0.000000   0.000016   0.000146   0.001357  0.000E+00    lg_XH_cntr

        237   7.664539  1.891E+04   3.113104   3.113104   4.997968   4.415162   0.001635   0.000898   0.242800  -4.057276    942      2
 4.0763E+00   7.664539   0.544408 -19.521503   1.947971 -10.192326   0.582805   0.997008   0.000011   0.001400   0.055089      5
 7.6978E+07   1.942915   3.150612 -99.000000 -99.000000  -9.032116   0.000000   0.000016   0.000146   0.001357  0.000E+00    lg_XH_cntr

        238   7.667117  1.897E+04   3.111494   3.111494   4.997967   4.415162   0.001375   0.000898   0.242800  -4.030121    945      2
 4.0034E+00   7.667117   0.542779 -19.380675   1.946595 -10.186392   0.582805   0.997268   0.000011   0.001400   0.055463      5
 7.6988E+07   1.958653   3.152464 -99.000000 -99.000000  -9.028920   0.000000   0.000016   0.000146   0.001357  0.000E+00    lg_XH_cntr

        239   7.669384  1.902E+04   3.110183   3.110183   4.997967   4.415161   0.001158   0.000898   0.242800  -4.001588    947      2
 3.9326E+00   7.669384   0.541387 -19.254446   1.945520 -10.180931   0.582805   0.997485   0.000011   0.001400   0.055878      5
 7.6997E+07   1.974496   3.154146 -12.643260 -99.000000  -9.026167   0.000000   0.000016   0.000146   0.001357  0.000E+00    lg_XH_cntr


__________________________________________________________________________________________________________________________________________________

       step    lg_Tmax     Teff     lg_LH      lg_Lnuc_tot     Mass       H_rich     H_cntr     N_cntr     Y_surf   eta_cntr   zones  retry
  lg_dt_yrs    lg_Tcntr    lg_R     lg_L3a     lg_Lneu     lg_Mdot    He_core    He_cntr    O_cntr     Z_surf   gam_cntr   iters  
    age_yrs    lg_Dcntr    lg_L     lg_LZ      lg_Lphoto   lg_Dsurf   CO_core    C_cntr     Ne_cntr    Z_cntr   v_div_cs       dt_limit
__________________________________________________________________________________________________________________________________________________

        240   7.671306  1.906E+04   3.109656   3.109656   4.997966   4.415161   0.000979   0.000898   0.242800  -3.972184    951      2
 3.8625E+00   7.671306   0.540223 -19.144630   1.945221 -10.176019   0.582805   0.997664   0.000011   0.001400   0.056329      5
 7.7004E+07   1.990172   3.155607 -12.342230 -99.000000  -9.023857   0.000000   0.000016   0.000146   0.001357  0.000E+00    lg_XH_cntr

        241   7.672872  1.909E+04   3.109857   3.109857   4.997966   4.415160   0.000830   0.000898   0.242800  -3.941842    951      2
 3.7956E+00   7.672872   0.539268 -19.051555   1.945637 -10.171779   0.582805   0.997813   0.000011   0.001400   0.056819      5
 7.7010E+07   2.005700   3.156828 -99.000000 -99.000000  -9.021958   0.000000   0.000016   0.000146   0.001357  0.000E+00    lg_XH_cntr

        242   7.674079  1.912E+04   3.110871   3.110871   4.997965   4.415160   0.000705   0.000898   0.242800  -3.910497    952      2
 3.7325E+00   7.674079   0.538500 -18.975192   1.946850 -10.168241   0.582805   0.997938   0.000011   0.001400   0.057353      5
 7.7016E+07   2.021103   3.157805 -12.342230 -99.000000  -9.020433   0.000000   0.000016   0.000146   0.001357  0.000E+00    lg_XH_cntr

        243   7.674921  1.914E+04   3.113031   3.113031   4.997965   4.415160   0.000601   0.000898   0.242800  -3.878476    954      2
 3.6712E+00   7.674921   0.537900 -18.915954   1.949185 -10.165409   0.582805   0.998042   0.000011   0.001400   0.057925      4
 7.7021E+07   2.036231   3.158529 -12.342230 -99.000000  -9.019254   0.000000   0.000016   0.000146   0.001357  0.000E+00    lg_XH_cntr

        244   7.675407  1.916E+04   3.116308   3.116308   4.997965   4.415159   0.000514   0.000898   0.242800  -3.846047    957      2
 3.6131E+00   7.675407   0.537449 -18.873449   1.952608 -10.163294   0.582805   0.998129   0.000011   0.001400   0.058531      4
 7.7025E+07   2.050987   3.159007 -99.000000 -99.000000  -9.018383   0.000000   0.000016   0.000146   0.001357  0.000E+00    lg_XH_cntr

        245   7.675550  1.917E+04   3.120398   3.120398   4.997964   4.407777   0.000440   0.000898   0.242800  -3.813084    958      2
 3.5595E+00   7.675550   0.537125 -18.846944   1.956818 -10.161868   0.590187   0.998203   0.000011   0.001400   0.059175      4
 7.7028E+07   2.065444   3.159262 -99.000000 -99.000000  -9.017779   0.000000   0.000017   0.000146   0.001357  0.000E+00    lg_XH_cntr

        246   7.675369  1.917E+04   3.125420   3.125420   4.997964   4.407777   0.000379   0.000898   0.242800  -3.779975    960      2
 3.5077E+00   7.675369   0.536912 -18.835765   1.961932 -10.161064   0.590187   0.998265   0.000011   0.001400   0.059849      3
 7.7031E+07   2.079464   3.159310 -11.798162 -99.000000  -9.017412   0.000000   0.000017   0.000146   0.001357  0.000E+00    lg_XH_cntr

        247   7.674875  1.917E+04   3.130967   3.130967   4.997964   4.407777   0.000326   0.000898   0.242800  -3.746831    961      2
 3.4585E+00   7.674875   0.536794 -18.838766   1.967544 -10.160832   0.590187   0.998318   0.000011   0.001400   0.060552      3
 7.7034E+07   2.093018   3.159178 -12.041200 -99.000000  -9.017246   0.000000   0.000017   0.000146   0.001357  0.000E+00    lg_XH_cntr

        248   7.674121  1.917E+04   3.136985   3.136985   4.997964   4.407777   0.000282   0.000898   0.242800  -3.713938    965      2
 3.4119E+00   7.674121   0.536755 -18.854886   1.973604 -10.161095   0.590187   0.998362   0.000011   0.001400   0.061274      3
 7.7037E+07   2.106061   3.158894 -12.166139 -99.000000  -9.017250   0.000000   0.000017   0.000146   0.001357  0.000E+00    lg_XH_cntr

        249   7.673126  1.917E+04   3.143040   3.143040   4.997964   4.407776   0.000243   0.000898   0.242800  -3.681329    967      2
 3.3690E+00   7.673126   0.536783 -18.882546   1.979682 -10.161779   0.590187   0.998400   0.000011   0.001400   0.062015      3
 7.7039E+07   2.118612   3.158486 -99.000000 -99.000000  -9.017395   0.000000   0.000017   0.000146   0.001357  0.000E+00    lg_XH_cntr


__________________________________________________________________________________________________________________________________________________

       step    lg_Tmax     Teff     lg_LH      lg_Lnuc_tot     Mass       H_rich     H_cntr     N_cntr     Y_surf   eta_cntr   zones  retry
  lg_dt_yrs    lg_Tcntr    lg_R     lg_L3a     lg_Lneu     lg_Mdot    He_core    He_cntr    O_cntr     Z_surf   gam_cntr   iters  
    age_yrs    lg_Dcntr    lg_L     lg_LZ      lg_Lphoto   lg_Dsurf   CO_core    C_cntr     Ne_cntr    Z_cntr   v_div_cs       dt_limit
__________________________________________________________________________________________________________________________________________________

        250   7.671910  1.916E+04   3.149006   3.149006   4.997964   4.407776   0.000210   0.000898   0.242800  -3.649046    972      2
 3.3287E+00   7.671910   0.536866 -18.920849   1.985657 -10.162803   0.590187   0.998433   0.000011   0.001400   0.062772      4
 7.7041E+07   2.130680   3.157982 -99.000000 -99.000000  -9.017657   0.000000   0.000017   0.000146   0.001357  0.000E+00    lg_XH_cntr

save LOGS/profile6.data for model 250
save photos/x250 for model 250
        251   7.670502  1.915E+04   3.154663   3.154663   4.997963   4.407776   0.000182   0.000897   0.242800  -3.617411    976      2
 3.2875E+00   7.670502   0.536994 -18.968191   1.991313 -10.164098   0.590187   0.998461   0.000011   0.001400   0.063538      3
 7.7043E+07   2.142174   3.157409 -11.944290 -99.000000  -9.018010   0.000000   0.000017   0.000146   0.001357  0.000E+00    lg_XH_cntr

        252   7.668953  1.914E+04   3.159908   3.159908   4.997963   4.407776   0.000158   0.000897   0.242800  -3.586638    978      2
 3.2471E+00   7.668953   0.537158 -19.022511   1.996549 -10.165584   0.590187   0.998486   0.000011   0.001400   0.064305      4
 7.7045E+07   2.153078   3.156794 -99.000000 -99.000000  -9.018432   0.000000   0.000017   0.000146   0.001357  0.000E+00    lg_XH_cntr

        253   7.667281  1.913E+04   3.164653   3.164653   4.997963   4.407776   0.000137   0.000897   0.242800  -3.556770    977      2
 3.2085E+00   7.667281   0.537348 -19.082343   2.001280 -10.167195   0.590187   0.998506   0.000011   0.001400   0.065070      4
 7.7047E+07   2.163401   3.156156 -99.000000 -99.000000  -9.018905   0.000000   0.000017   0.000146   0.001357  0.000E+00    lg_XH_cntr

        254   7.665501  1.912E+04   3.168869   3.168869   4.997963   4.407776   0.000119   0.000897   0.242800  -3.527726    978      2
 3.1731E+00   7.665501   0.537559 -19.146232   2.005480 -10.168878   0.590187   0.998524   0.000011   0.001400   0.065833      4
 7.7048E+07   2.173200   3.155509 -12.166139 -99.000000  -9.019417   0.000000   0.000017   0.000146   0.001357  0.000E+00    lg_XH_cntr

        255   7.663634  1.911E+04   3.172555   3.172555   4.997963   4.407776   0.000104   0.000897   0.242800  -3.499551    980      2
 3.1391E+00   7.663634   0.537787 -19.212116   2.009149 -10.170595   0.590187   0.998539   0.000011   0.001400   0.066592      4
 7.7050E+07   2.182490   3.154864 -99.000000 -99.000000  -9.019955   0.000000   0.000017   0.000146   0.001357  0.000E+00    lg_XH_cntr

        256   7.661556  1.909E+04   3.175727   3.175727   4.997963   4.407776   0.000090   0.000897   0.242800  -3.471676    981      2
 3.1077E+00   7.661556   0.538027 -19.278343   2.012303 -10.172314   0.590187   0.998553   0.000011   0.001400   0.067369      3
 7.7051E+07   2.191327   3.154230 -99.000000 -99.000000  -9.020512   0.000000   0.000017   0.000146   0.001357  0.000E+00    lg_XH_cntr

        257   7.659593  1.908E+04   3.178406   3.178406   4.997963   4.407776   0.000079   0.000897   0.242800  -3.445469    977      2
 3.0723E+00   7.659593   0.538273 -19.341181   2.014965 -10.174014   0.590187   0.998565   0.000011   0.001400   0.068108      3
 7.7052E+07   2.199619   3.153621 -99.000000 -99.000000  -9.021073   0.000000   0.000017   0.000146   0.001357  0.000E+00    lg_XH_cntr

        258   7.657591  1.907E+04   3.180649   3.180649   4.997963   4.407775   0.000068   0.000897   0.242800  -3.420178    975      2
 3.0408E+00   7.657591   0.538524 -19.400306   2.017193 -10.175653   0.590187   0.998575   0.000011   0.001400   0.068838      3
 7.7053E+07   2.207453   3.153039 -11.643260 -99.000000  -9.021636   0.000000   0.000017   0.000146   0.001357  0.000E+00    lg_XH_cntr

        259   7.655689  1.906E+04   3.182516   3.182516   4.997963   4.407775   0.000060   0.000897   0.242800  -3.396499    974      2
 3.0118E+00   7.655689   0.538778 -19.454998   2.019046 -10.177230   0.590187   0.998583   0.000011   0.001400   0.069529      3
 7.7054E+07   2.214743   3.152484 -12.166139 -99.000000  -9.022197   0.000000   0.000017   0.000146   0.001357  0.000E+00    lg_XH_cntr


__________________________________________________________________________________________________________________________________________________

       step    lg_Tmax     Teff     lg_LH      lg_Lnuc_tot     Mass       H_rich     H_cntr     N_cntr     Y_surf   eta_cntr   zones  retry
  lg_dt_yrs    lg_Tcntr    lg_R     lg_L3a     lg_Lneu     lg_Mdot    He_core    He_cntr    O_cntr     Z_surf   gam_cntr   iters  
    age_yrs    lg_Dcntr    lg_L     lg_LZ      lg_Lphoto   lg_Dsurf   CO_core    C_cntr     Ne_cntr    Z_cntr   v_div_cs       dt_limit
__________________________________________________________________________________________________________________________________________________

        260   7.653955  1.905E+04   3.184069   3.184069   4.997963   4.407775   0.000054   0.000897   0.242800  -3.374467    972      2
 2.9861E+00   7.653955   0.539035 -19.505988   2.020586 -10.178741   0.590187   0.998590   0.000011   0.001400   0.070175      3
 7.7055E+07   2.221578   3.151956 -11.564079 -99.000000  -9.022757   0.000000   0.000017   0.000146   0.001357  0.000E+00    lg_XH_cntr

        261   7.652283  1.903E+04   3.185386   3.185386   4.997963   4.407775   0.000048   0.000897   0.242800  -3.353252    971      2
 2.9784E+00   7.652283   0.539304 -19.554574   2.021891 -10.180187   0.590187   0.998595   0.000011   0.001400   0.070803      3
 7.7056E+07   2.228154   3.151435 -99.000000 -99.000000  -9.023336   0.000000   0.000017   0.000146   0.001357  0.000E+00    lg_XH_cntr

        262   7.650338  1.902E+04   3.186675   3.186675   4.997962   4.407775   0.000042   0.000897   0.242800  -3.328620    973      2
 3.0576E+00   7.650338   0.539651 -19.609783   2.023166 -10.181622   0.590187   0.998601   0.000011   0.001400   0.071540      3
 7.7057E+07   2.235779   3.150813 -99.000000 -99.000000  -9.024072   0.000000   0.000017   0.000146   0.001357  0.000E+00  max increase

        263   7.648296  1.900E+04   3.187874   3.187874   4.997962   4.407775   0.000036   0.000897   0.242800  -3.300122    968      2
 3.1368E+00   7.648296   0.540104 -19.673771   2.024349 -10.183348   0.590187   0.998607   0.000011   0.001400   0.072384      3
 7.7059E+07   2.244912   3.150084 -99.000000 -99.000000  -9.025011   0.000000   0.000017   0.000146   0.001357  0.000E+00    lg_XH_cntr

        264   7.646465  1.899E+04   3.188642   3.188642   4.997962   4.407775   0.000032   0.000898   0.242800  -3.275994    970      2
 3.0805E+00   7.646465   0.540529 -19.725748   2.025105 -10.185397   0.590187   0.998611   0.000011   0.001400   0.073114      3
 7.7060E+07   2.252486   3.149463 -12.041200 -99.000000  -9.025879   0.000000   0.000017   0.000146   0.001357  0.000E+00    lg_XH_cntr

        265   7.644817  1.897E+04   3.189166   3.189166   4.997962   4.407775   0.000029   0.000898   0.242800  -3.253755    968      2
 3.0609E+00   7.644817   0.540962 -19.772630   2.025618 -10.187162   0.590187   0.998615   0.000011   0.001400   0.073790      3
 7.7061E+07   2.259525   3.148895 -99.000000 -99.000000  -9.026746   0.000000   0.000017   0.000146   0.001357  0.000E+00    lg_XH_cntr

        266   7.643280  1.895E+04   3.189505   3.189505   4.997962   4.407775   0.000026   0.000898   0.242800  -3.232480    968      2
 3.0573E+00   7.643280   0.541417 -19.816469   2.025946 -10.188802   0.590187   0.998618   0.000011   0.001400   0.074439      3
 7.7062E+07   2.266316   3.148361 -99.000000 -99.000000  -9.027642   0.000000   0.000017   0.000146   0.001357  0.000E+00    lg_XH_cntr

        267   7.641566  1.894E+04   3.189697   3.189697   4.997962   4.407775   0.000023   0.000898   0.242800  -3.208012    969      2
 3.1365E+00   7.641566   0.541999 -19.865382   2.026126 -10.190368   0.590187   0.998621   0.000011   0.001400   0.075188      3
 7.7063E+07   2.274205   3.147772 -11.944290 -99.000000  -9.028767   0.000000   0.000017   0.000146   0.001357  0.000E+00  max increase

        268   7.639681  1.891E+04   3.189693   3.189693   4.997962   4.407775   0.000020   0.000898   0.242800  -3.180044    969      2
 3.2156E+00   7.639681   0.542749 -19.919042   2.026108 -10.192137   0.590187   0.998624   0.000011   0.001400   0.076046      3
 7.7065E+07   2.283329   3.147156 -99.000000 -99.000000  -9.030182   0.000000   0.000016   0.000146   0.001357  0.000E+00    lg_XH_cntr

        269   7.638146  1.889E+04   3.189568   3.189568   4.997962   4.407775   0.000017   0.000898   0.242800  -3.156474    969      2
 3.1586E+00   7.638146   0.543448 -19.962442   2.025972 -10.194066   0.590187   0.998626   0.000011   0.001400   0.076772      3
 7.7067E+07   2.291096   3.146695 -11.740170 -99.000000  -9.031473   0.000000   0.000016   0.000146   0.001357  0.000E+00    lg_XH_cntr


__________________________________________________________________________________________________________________________________________________

       step    lg_Tmax     Teff     lg_LH      lg_Lnuc_tot     Mass       H_rich     H_cntr     N_cntr     Y_surf   eta_cntr   zones  retry
  lg_dt_yrs    lg_Tcntr    lg_R     lg_L3a     lg_Lneu     lg_Mdot    He_core    He_cntr    O_cntr     Z_surf   gam_cntr   iters  
    age_yrs    lg_Dcntr    lg_L     lg_LZ      lg_Lphoto   lg_Dsurf   CO_core    C_cntr     Ne_cntr    Z_cntr   v_div_cs       dt_limit
__________________________________________________________________________________________________________________________________________________

        270   7.636784  1.887E+04   3.189373   3.189373   4.997962   4.407774   0.000015   0.000898   0.242800  -3.134852    969      2
 3.1372E+00   7.636784   0.544148 -20.000658   2.025766 -10.195582   0.590187   0.998628   0.000011   0.001400   0.077440      3
 7.7068E+07   2.298288   3.146333 -12.166139 -99.000000  -9.032743   0.000000   0.000016   0.000146   0.001357  0.000E+00    lg_XH_cntr

        271   7.635528  1.885E+04   3.189134   3.189134   4.997962   4.407774   0.000014   0.000898   0.242800  -3.114283    971      2
 3.1308E+00   7.635528   0.544872 -20.035622   2.025516 -10.196853   0.590187   0.998630   0.000011   0.001400   0.078077      3
 7.7069E+07   2.305187   3.146056 -12.041200 -99.000000  -9.034032   0.000000   0.000016   0.000146   0.001357  0.000E+00    lg_XH_cntr

        272   7.634140  1.883E+04   3.188817   3.188817   4.997962   4.407774   0.000012   0.000898   0.242800  -3.090598    970      2
 3.2100E+00   7.634140   0.545786 -20.073750   2.025186 -10.197926   0.590187   0.998631   0.000011   0.001400   0.078811      3
 7.7071E+07   2.313215   3.145842 -12.643260 -99.000000  -9.035628   0.000000   0.000016   0.000146   0.001357  0.000E+00  max increase

        273   7.632374  1.881E+04   3.188390   3.188390   4.997961   4.407774   0.000010   0.000898   0.242800  -3.063094    976      2
 3.2892E+00   7.632374   0.546945 -20.119108   2.024745 -10.198945   0.590187   0.998633   0.000011   0.001400   0.079687      3
 7.7073E+07   2.322300   3.145762 -12.041200 -99.000000  -9.037603   0.000000   0.000016   0.000146   0.001357  0.000E+00    lg_XH_cntr

        274   7.631063  1.878E+04   3.188108   3.188108   4.997961   4.407774   0.000009   0.000898   0.242800  -3.040291    979      2
 3.2255E+00   7.631063   0.547989 -20.150246   2.024449 -10.199763   0.590187   0.998634   0.000011   0.001400   0.080405      3
 7.7075E+07   2.330061   3.145831 -99.000000 -99.000000  -9.039349   0.000000   0.000016   0.000146   0.001357  0.000E+00    lg_XH_cntr

        275   7.630006  1.876E+04   3.187901   3.187901   4.997961   4.407774   0.000008   0.000898   0.242800  -3.019893    980      2
 3.1996E+00   7.630006   0.549007 -20.177009   2.024229 -10.200152   0.590187   0.998635   0.000011   0.001400   0.081043      3
 7.7076E+07   2.337176   3.146012 -99.000000 -99.000000  -9.041025   0.000000   0.000016   0.000146   0.001357  0.000E+00    lg_XH_cntr

        276   7.629068  1.875E+04   3.187757   3.187757   4.997961   4.407774   0.000007   0.000898   0.242800  -3.000791    983      2
 3.1891E+00   7.629068   0.550031 -20.201380   2.024072 -10.200247   0.590187   0.998636   0.000011   0.001400   0.081639      3
 7.7078E+07   2.343914   3.146298 -99.000000 -99.000000  -9.042684   0.000000   0.000016   0.000146   0.001357  0.000E+00    lg_XH_cntr

        277   7.628197  1.873E+04   3.187665   3.187665   4.997961   4.407774   0.000006   0.000898   0.242800  -2.982418    984      2
 3.1863E+00   7.628197   0.551074 -20.223986   2.023967 -10.200087   0.590187   0.998637   0.000011   0.001400   0.082214      3
 7.7079E+07   2.350439   3.146683 -99.000000 -99.000000  -9.044351   0.000000   0.000016   0.000146   0.001357  0.000E+00    lg_XH_cntr

        278   7.627171  1.871E+04   3.187621   3.187621   4.997961   4.407774   0.000006   0.000898   0.242800  -2.961043    992      2
 3.2655E+00   7.627171   0.552355 -20.249558   2.023907 -10.199690   0.590187   0.998638   0.000011   0.001400   0.082889      3
 7.7081E+07   2.358009   3.147279 -99.000000 -99.000000  -9.046368   0.000000   0.000016   0.000146   0.001357  0.000E+00  max increase

        279   7.626071  1.868E+04   3.187683   3.187683   4.997961   4.407774   0.000005   0.000898   0.242800  -2.936442    993      2
 3.3447E+00   7.626071   0.553923 -20.276838   2.023949 -10.198899   0.590187   0.998638   0.000011   0.001400   0.083664      3
 7.7083E+07   2.366839   3.148165 -12.643260 -99.000000  -9.048800   0.000000   0.000016   0.000146   0.001357  0.000E+00    lg_XH_cntr


__________________________________________________________________________________________________________________________________________________

       step    lg_Tmax     Teff     lg_LH      lg_Lnuc_tot     Mass       H_rich     H_cntr     N_cntr     Y_surf   eta_cntr   zones  retry
  lg_dt_yrs    lg_Tcntr    lg_R     lg_L3a     lg_Lneu     lg_Mdot    He_core    He_cntr    O_cntr     Z_surf   gam_cntr   iters  
    age_yrs    lg_Dcntr    lg_L     lg_LZ      lg_Lphoto   lg_Dsurf   CO_core    C_cntr     Ne_cntr    Z_cntr   v_div_cs       dt_limit
__________________________________________________________________________________________________________________________________________________

        280   7.625174  1.866E+04   3.187811   3.187811   4.997961   4.407773   0.000004   0.000898   0.242800  -2.916140    997      2
 3.2756E+00   7.625174   0.555278 -20.299084   2.024059 -10.197542   0.590187   0.998639   0.000011   0.001400   0.084309      3
 7.7085E+07   2.374140   3.149037 -99.000000 -99.000000  -9.050876   0.000000   0.000016   0.000146   0.001357  0.000E+00    lg_XH_cntr

        281   7.624393  1.864E+04   3.187999   3.187999   4.997961   4.407773   0.000004   0.000898   0.242800  -2.897823    997      2
 3.2436E+00   7.624393   0.556547 -20.317825   2.024231 -10.196108   0.590187   0.998639   0.000011   0.001400   0.084891      3
 7.7087E+07   2.380765   3.149931 -12.643260 -99.000000  -9.052799   0.000000   0.000016   0.000146   0.001357  0.000E+00    lg_XH_cntr

        282   7.623673  1.863E+04   3.188231   3.188231   4.997960   4.407773   0.000003   0.000898   0.242800  -2.880641    999      2
 3.2279E+00   7.623673   0.557773 -20.334931   2.024448 -10.194572   0.590187   0.998640   0.000011   0.001400   0.085440      3
 7.7089E+07   2.386999   3.150858 -99.000000 -99.000000  -9.054644   0.000000   0.000016   0.000146   0.001357  0.000E+00    lg_XH_cntr

        283   7.622996  1.861E+04   3.188498   3.188498   4.997960   4.407773   0.000003   0.000898   0.242800  -2.864177    997      2
 3.2210E+00   7.622996   0.558980 -20.350924   2.024699 -10.192931   0.590187   0.998640   0.000011   0.001400   0.085967      3
 7.7090E+07   2.392988   3.151823 -99.000000 -99.000000  -9.056445   0.000000   0.000016   0.000146   0.001357  0.000E+00    lg_XH_cntr

        284   7.622344  1.860E+04   3.188796   3.188796   4.997960   4.407773   0.000003   0.000899   0.242800  -2.848215   1007      2
 3.2187E+00   7.622344   0.560175 -20.366386   2.024981 -10.191187   0.590187   0.998641   0.000011   0.001400   0.086482      3
 7.7092E+07   2.398799   3.152823 -12.643260 -99.000000  -9.058219   0.000000   0.000016   0.000146   0.001357  0.000E+00    lg_XH_cntr

        285   7.621602  1.858E+04   3.189185   3.189185   4.997960   4.407773   0.000002   0.000899   0.242800  -2.829633   1002      2
 3.2979E+00   7.621602   0.561595 -20.383611   2.025353 -10.189349   0.590187   0.998641   0.000011   0.001400   0.087082      3
 7.7094E+07   2.405587   3.154062 -11.643260 -99.000000  -9.060314   0.000000   0.000016   0.000146   0.001357  0.000E+00  max increase

        286   7.620753  1.856E+04   3.189680   3.189680   4.997960   4.407773   0.000002   0.000899   0.242800  -2.808112   1007      2
 3.3770E+00   7.620753   0.563272 -20.403280   2.025826 -10.187039   0.590187   0.998641   0.000011   0.001400   0.087781      3
 7.7096E+07   2.413462   3.155580 -11.865109 -99.000000  -9.062775   0.000000   0.000016   0.000146   0.001357  0.000E+00    lg_XH_cntr

        287   7.620066  1.854E+04   3.190120   3.190120   4.997960   4.407773   0.000002   0.000899   0.242800  -2.790406   1005      2
 3.3045E+00   7.620066   0.564669 -20.419096   2.026248 -10.184174   0.590187   0.998641   0.000011   0.001400   0.088360      3
 7.7098E+07   2.419954   3.156880 -11.798162 -99.000000  -9.064817   0.000000   0.000016   0.000146   0.001357  0.000E+00    lg_XH_cntr

        288   7.619453  1.853E+04   3.190539   3.190539   4.997960   4.407772   0.000001   0.000899   0.242800  -2.774478   1010      2
 3.2698E+00   7.619453   0.565936 -20.433135   2.026651 -10.181701   0.590187   0.998642   0.000011   0.001400   0.088882      3
 7.7100E+07   2.425800   3.158079 -99.000000 -99.000000  -9.066664   0.000000   0.000016   0.000146   0.001357  0.000E+00    lg_XH_cntr

        289   7.618885  1.852E+04   3.190964   3.190964   4.997960   4.407772   0.000001   0.000899   0.242800  -2.759565   1005      2
 3.2516E+00   7.618885   0.567129 -20.446077   2.027061 -10.179409   0.590187   0.998642   0.000011   0.001400   0.089374      3
 7.7102E+07   2.431282   3.159219 -99.000000 -99.000000  -9.068400   0.000000   0.000016   0.000146   0.001357  0.000E+00    lg_XH_cntr


__________________________________________________________________________________________________________________________________________________

       step    lg_Tmax     Teff     lg_LH      lg_Lnuc_tot     Mass       H_rich     H_cntr     N_cntr     Y_surf   eta_cntr   zones  retry
  lg_dt_yrs    lg_Tcntr    lg_R     lg_L3a     lg_Lneu     lg_Mdot    He_core    He_cntr    O_cntr     Z_surf   gam_cntr   iters  
    age_yrs    lg_Dcntr    lg_L     lg_LZ      lg_Lphoto   lg_Dsurf   CO_core    C_cntr     Ne_cntr    Z_cntr   v_div_cs       dt_limit
__________________________________________________________________________________________________________________________________________________

        290   7.618345  1.850E+04   3.191355   3.191355   4.997959   4.407772   0.000001   0.000899   0.242800  -2.745287   1007      2
 3.2428E+00   7.618345   0.568274 -20.458418   2.027437 -10.177222   0.590187   0.998642   0.000011   0.001400   0.089847      3
 7.7104E+07   2.436532   3.160322 -99.000000 -99.000000  -9.070065   0.000000   0.000016   0.000146   0.001357  0.000E+00    lg_XH_cntr

        291   7.617826  1.849E+04   3.191739   3.191739   4.997959   4.407772   0.000001   0.000899   0.242800  -2.731453   1007      2
 3.2388E+00   7.617826   0.569384 -20.470197   2.027806 -10.175103   0.590187   0.998642   0.000011   0.001400   0.090306      3
 7.7105E+07   2.441624   3.161395 -99.000000 -99.000000  -9.071679   0.000000   0.000016   0.000146   0.001357  0.000E+00    lg_XH_cntr


stop because have dropped below central lower limit for h1
    0.9358733632E-06    0.1000000000E-05

        292   7.617323  1.848E+04   3.192115   3.192115   4.997959   4.407772   0.000001   0.000899   0.242800  -2.717959   1007      2
 3.2375E+00   7.617323   0.570467 -20.481557   2.028167 -10.173038   0.590187   0.998642   0.000011   0.001400   0.090757      3
 7.7107E+07   2.446595   3.162442 -11.643260 -99.000000  -9.073253   0.000000   0.000016   0.000146   0.001357  0.000E+00    lg_XH_cntr

save LOGS/profile7.data for model 292
                                         solver retries           2

                                    varcontrol dt limit          49
                                  max increase dt limit         201
                                        lgTeff dt limit          33
                                    lgRho_cntr dt limit          24
                                    lg_XH_cntr dt limit          71
                                      XHe_cntr dt limit          58

 model saved to M5_Z0.0014_step_fov0.04_f00.005.mod
save photos/x292 for model 292
termination code: xa_central_lower_limit
finished custom colors
__________________________________________________________________________________________________________________________________________________

       step    lg_Tmax     Teff     lg_LH      lg_Lnuc_tot     Mass       H_rich     H_cntr     N_cntr     Y_surf   eta_cntr   zones  retry
  lg_dt_yrs    lg_Tcntr    lg_R     lg_L3a     lg_Lneu     lg_Mdot    He_core    He_cntr    O_cntr     Z_surf   gam_cntr   iters  
    age_yrs    lg_Dcntr    lg_L     lg_LZ      lg_Lphoto   lg_Dsurf   CO_core    C_cntr     Ne_cntr    Z_cntr   v_div_cs       dt_limit
__________________________________________________________________________________________________________________________________________________

        292   7.617323  1.848E+04   3.192115   3.192115   4.997959   4.407772   0.000001   0.000899   0.242800  -2.717959   1007      2
 3.2375E+00   7.617323   0.570467 -20.481557   2.028167 -10.173038   0.590187   0.998642   0.000011   0.001400   0.090757      3
 7.7107E+07   2.446595   3.162442 -11.643260 -99.000000  -9.073253   0.000000   0.000016   0.000146   0.001357  0.000E+00  max increase

