 reading user weak rate file /home/njm/MESA/mesa/data/rates_data/rate_tables/S13_r_be7_wk_li7.h5
 version_number 6494df2
 read inlist_project
 Extras startup routine
 DEBUG: colors_handle =            1
 DEBUG: colors instrument = /colors/data/filters/GAIA/GAIA
 DEBUG: colors vega_sed = /colors/data/stellar_models/vega_flam.csv
 DEBUG: colors stellar_atm = /colors/data/stellar_models/Kurucz2003all/
 DEBUG: colors metallicity =    2.0000000000000000E-002
 DEBUG: colors distance =    3.0857000000000000E+017
 DEBUG: colors make_csv =  F
 DEBUG: colors use_colors =  T


 The terminal output contains the following information

      'step' is the number of steps since the start of the run,
      'lg_dt' is log10 timestep in years,
      'age_yr' is the simulated years since the start run,
      'lg_Tcntr' is log10 center temperature (K),
      'lg_Dcntr' is log10 center density (g/cm^3),
      'lg_Tmax' is log10 max temperature (K),
      'Teff' is the surface temperature (K),
      'lg_R' is log10 surface radius (Rsun),
      'lg_L' is log10 surface luminosity (Lsun),
      'lg_LH' is log10 total PP and CNO hydrogen burning power (Lsun),
      'lg_L3a' is log10 total triple-alpha helium burning power (Lsun),
      'lg_gsurf' is log10 surface gravity,
      'lg_Lnuc' is log10 nuclear power (Lsun),
      'lg_Lneu' is log10 total neutrino power (Lsun),
      'lg_Lphoto' is log10 total photodisintegration (Lsun),
      'Mass' is the total stellar baryonic mass (Msun),
      'lg_Mdot' is log10 magnitude of rate of change of mass (Msun/year),
      'lg_Dsurf' is log10 surface density (g/cm^3),
      'H_env' is the amount of mass where H is dominant,
      'He_core' is the largest mass where He is dominant.
      'CO_core' is the largest mass where CO is dominant.
      'H_cntr' is the center H1 mass fraction,
      'He_cntr' is the center He4 mass fraction,
      'C_cntr' is the center C12 mass fraction,
      'N_cntr' is the center N14 mass fraction,
      'O_cntr' is the center O16 mass fraction,
      'Ne_cntr' is the center Ne20 mass fraction,
      'gam_cntr' is the center plasma interaction parameter,
      'eta_cntr' is the center electron degeneracy parameter,
      'zones' is the number of zones in the current model,
      'iters' is the number of solver iterations for the current step,
      'retry' is the number of step retries required during the run,
      'dt_limit' is an indication of what limited the timestep.

 All this and more are saved in the LOGS directory during the run.
 create pre-main-sequence model
                                          species  mass           8    5.0000000000000000D+00

                                        relax_num_steps         100

          1   5.480230   3774.079 -21.473810 -21.473810   5.000000   5.000000   0.718000   0.000707   0.268000 -11.101385   1332      0
-5.0000E+00   5.480230   2.114503 -99.000000 -22.871678 -99.000000   0.000000   0.268000   0.006566   0.014000   0.025083      5
 1.0000E-05  -4.626717   3.490943 -99.000000 -99.000000  -8.255066   0.000000   0.002413   0.001460   0.014000  0.000E+00    initial dt

          2   5.478633   3904.413 -21.473931 -21.473931   5.000000   5.000000   0.718000   0.000707   0.268000 -11.097566    726      0
-5.0000E+00   5.478633   2.114794 -99.000000 -22.871799 -99.000000   0.000000   0.268000   0.006566   0.014000   0.025161      3
 2.0000E-05  -4.627451   3.550504 -99.000000 -99.000000  -8.327924   0.000000   0.002413   0.001460   0.014000  0.000E+00        max_dt

          3   5.478430   3996.666 -21.473998 -21.473998   5.000000   5.000000   0.718000   0.000707   0.268000 -11.095918    473      0
-5.0000E+00   5.478430   2.114941 -99.000000 -22.871866 -99.000000   0.000000   0.268000   0.006566   0.014000   0.025181      3
 3.0000E-05  -4.627039   3.591368 -99.000000 -99.000000  -8.365883   0.000000   0.002413   0.001460   0.014000  0.000E+00        max_dt

          4   5.478337   4067.711 -21.474003 -21.474003   5.000000   5.000000   0.718000   0.000707   0.268000 -11.094894    484      0
-5.0000E+00   5.478272   2.115011 -99.000000 -22.871871 -99.000000   0.000000   0.268000   0.006566   0.014000   0.025194      3
 4.0000E-05  -4.626832   3.622116 -99.000000 -99.000000  -8.386277   0.000000   0.002413   0.001460   0.014000  0.000E+00        max_dt

          5   5.478227   4118.463 -21.474006 -21.474006   5.000000   5.000000   0.718000   0.000707   0.268000 -11.094166    489      0
-5.0000E+00   5.478159   2.115039 -99.000000 -22.871875 -99.000000   0.000000   0.268000   0.006566   0.014000   0.025204      3
 5.0000E-05  -4.626685   3.643712 -99.000000 -99.000000  -8.397260   0.000000   0.002413   0.001460   0.014000  0.000E+00        max_dt

          6   5.478139   4151.840 -21.474008 -21.474008   5.000000   5.000000   0.718000   0.000707   0.268000 -11.093606    474      0
-5.0000E+00   5.478070   2.115048 -99.000000 -22.871876 -99.000000   0.000000   0.268000   0.006566   0.014000   0.025211      3
 6.0000E-05  -4.626575   3.657752 -99.000000 -99.000000  -8.403281   0.000000   0.002413   0.001460   0.014000  0.000E+00        max_dt

          7   5.478068   4172.260 -21.474009 -21.474009   5.000000   5.000000   0.718000   0.000707   0.268000 -11.093156    486      0
-5.0000E+00   5.477998   2.115048 -99.000000 -22.871878 -99.000000   0.000000   0.268000   0.006566   0.014000   0.025217      3
 7.0000E-05  -4.626487   3.666275 -99.000000 -99.000000  -8.406598   0.000000   0.002413   0.001460   0.014000  0.000E+00        max_dt

          8   5.478068   4183.773 -21.474010 -21.474010   5.000000   5.000000   0.718000   0.000707   0.268000 -11.092782    472      0
-5.0000E+00   5.477938   2.115043 -99.000000 -22.871878 -99.000000   0.000000   0.268000   0.006566   0.014000   0.025222      3
 8.0000E-05  -4.626415   3.671051 -99.000000 -99.000000  -8.408363   0.000000   0.002413   0.001460   0.014000  0.000E+00        max_dt

          9   5.478068   4189.286 -21.474011 -21.474011   5.000000   5.000000   0.718000   0.000707   0.268000 -11.092423    489      0
-5.0000E+00   5.477878   2.115035 -99.000000 -22.871879 -99.000000   0.000000   0.268000   0.006566   0.014000   0.025226      3
 9.0000E-05  -4.626349   3.673324 -99.000000 -99.000000  -8.409181   0.000000   0.002413   0.001460   0.014000  0.000E+00        max_dt


__________________________________________________________________________________________________________________________________________________

       step    lg_Tmax     Teff     lg_LH      lg_Lnuc_tot     Mass       H_rich     H_cntr     N_cntr     Y_surf   eta_cntr   zones  retry
  lg_dt_yrs    lg_Tcntr    lg_R     lg_L3a     lg_Lneu     lg_Mdot    He_core    He_cntr    O_cntr     Z_surf   gam_cntr   iters  
    age_yrs    lg_Dcntr    lg_L     lg_LZ      lg_Lphoto   lg_Dsurf   CO_core    C_cntr     Ne_cntr    Z_cntr   v_div_cs       dt_limit
__________________________________________________________________________________________________________________________________________________

         10   5.478068   4190.857 -21.474011 -21.474011   5.000000   5.000000   0.718000   0.000707   0.268000 -11.092127    472      0
-5.0000E+00   5.477828   2.115026 -99.000000 -22.871880 -99.000000   0.000000   0.268000   0.006566   0.014000   0.025230      3
 1.0000E-04  -4.626295   3.673956 -99.000000 -99.000000  -8.409403   0.000000   0.002413   0.001460   0.014000  0.000E+00        max_dt

         11   5.478068   4189.777 -21.474012 -21.474012   5.000000   5.000000   0.718000   0.000707   0.268000 -11.091886    490      0
-5.0000E+00   5.477788   2.115015 -99.000000 -22.871880 -99.000000   0.000000   0.268000   0.006566   0.014000   0.025234      3
 1.1000E-04  -4.626251   3.673488 -37.327719 -99.000000  -8.409232   0.000000   0.002413   0.001460   0.014000  0.000E+00        max_dt

         12   5.478068   4186.972 -21.474012 -21.474012   5.000000   5.000000   0.718000   0.000707   0.268000 -11.091689    472      0
-5.0000E+00   5.477755   2.115004 -99.000000 -22.871880 -99.000000   0.000000   0.268000   0.006566   0.014000   0.025236      3
 1.2000E-04  -4.626215   3.672303 -99.000000 -99.000000  -8.408802   0.000000   0.002413   0.001460   0.014000  0.000E+00        max_dt

         13   5.478068   4183.002 -21.474012 -21.474012   5.000000   5.000000   0.718000   0.000707   0.268000 -11.091526    489      0
-5.0000E+00   5.477728   2.114993 -99.000000 -22.871881 -99.000000   0.000000   0.268000   0.006566   0.014000   0.025238      3
 1.3000E-04  -4.626185   3.670632 -99.000000 -99.000000  -8.408191   0.000000   0.002413   0.001460   0.014000  0.000E+00        max_dt

         14   5.478068   4178.327 -21.474013 -21.474013   5.000000   5.000000   0.718000   0.000707   0.268000 -11.091390    473      0
-5.0000E+00   5.477705   2.114982 -99.000000 -22.871881 -99.000000   0.000000   0.268000   0.006566   0.014000   0.025240      3
 1.4000E-04  -4.626160   3.668667 -99.000000 -99.000000  -8.407465   0.000000   0.002413   0.001460   0.014000  0.000E+00        max_dt

         15   5.478068   4173.179 -21.474013 -21.474013   5.000000   5.000000   0.718000   0.000707   0.268000 -11.091275    490      0
-5.0000E+00   5.477686   2.114970 -99.000000 -22.871881 -99.000000   0.000000   0.268000   0.006566   0.014000   0.025242      3
 1.5000E-04  -4.626139   3.666503 -99.000000 -99.000000  -8.406655   0.000000   0.002413   0.001460   0.014000  0.000E+00        max_dt

         16   5.478068   4167.791 -21.474013 -21.474013   5.000000   5.000000   0.718000   0.000707   0.268000 -11.091177    473      0
-5.0000E+00   5.477669   2.114959 -99.000000 -22.871881 -99.000000   0.000000   0.268000   0.006566   0.014000   0.025243      3
 1.6000E-04  -4.626121   3.664236 -37.026689 -99.000000  -8.405792   0.000000   0.002413   0.001460   0.014000  0.000E+00        max_dt

         17   5.478068   4162.250 -21.474013 -21.474013   5.000000   5.000000   0.718000   0.000707   0.268000 -11.091092    490      0
-5.0000E+00   5.477655   2.114948 -99.000000 -22.871881 -99.000000   0.000000   0.268000   0.006566   0.014000   0.025244      3
 1.7000E-04  -4.626105   3.661902 -99.000000 -99.000000  -8.404889   0.000000   0.002413   0.001460   0.014000  0.000E+00        max_dt

         18   5.478068   4156.694 -21.474013 -21.474013   5.000000   5.000000   0.718000   0.000707   0.268000 -11.091019    474      0
-5.0000E+00   5.477643   2.114937 -99.000000 -22.871881 -99.000000   0.000000   0.268000   0.006566   0.014000   0.025245      3
 1.8000E-04  -4.626092   3.659560 -99.000000 -99.000000  -8.403966   0.000000   0.002413   0.001460   0.014000  0.000E+00        max_dt

         19   5.478068   4151.149 -21.474013 -21.474013   5.000000   5.000000   0.718000   0.000707   0.268000 -11.090956    494      0
-5.0000E+00   5.477632   2.114926 -99.000000 -22.871881 -99.000000   0.000000   0.268000   0.006566   0.014000   0.025246      3
 1.9000E-04  -4.626080   3.657218 -99.000000 -99.000000  -8.403026   0.000000   0.002413   0.001460   0.014000  0.000E+00        max_dt


__________________________________________________________________________________________________________________________________________________

       step    lg_Tmax     Teff     lg_LH      lg_Lnuc_tot     Mass       H_rich     H_cntr     N_cntr     Y_surf   eta_cntr   zones  retry
  lg_dt_yrs    lg_Tcntr    lg_R     lg_L3a     lg_Lneu     lg_Mdot    He_core    He_cntr    O_cntr     Z_surf   gam_cntr   iters  
    age_yrs    lg_Dcntr    lg_L     lg_LZ      lg_Lphoto   lg_Dsurf   CO_core    C_cntr     Ne_cntr    Z_cntr   v_div_cs       dt_limit
__________________________________________________________________________________________________________________________________________________

         20   5.478068   4145.682 -21.474013 -21.474013   5.000000   5.000000   0.718000   0.000707   0.268000 -11.090900    474      0
-5.0000E+00   5.477623   2.114915 -99.000000 -22.871882 -99.000000   0.000000   0.268000   0.006566   0.014000   0.025247      3
 2.0000E-04  -4.626070   3.654907 -99.000000 -99.000000  -8.402080   0.000000   0.002413   0.001460   0.014000  0.000E+00        max_dt

         21   5.478069   4140.267 -21.474013 -21.474013   5.000000   5.000000   0.718000   0.000707   0.268000 -11.090850    490      0
-5.0000E+00   5.477615   2.114904 -99.000000 -22.871882 -99.000000   0.000000   0.268000   0.006566   0.014000   0.025247      3
 2.1000E-04  -4.626061   3.652615 -99.000000 -99.000000  -8.401124   0.000000   0.002413   0.001460   0.014000  0.000E+00        max_dt

         22   5.478069   4134.975 -21.474013 -21.474013   5.000000   5.000000   0.718000   0.000707   0.268000 -11.090807    472      0
-5.0000E+00   5.477608   2.114894 -99.000000 -22.871882 -99.000000   0.000000   0.268000   0.006566   0.014000   0.025248      3
 2.2000E-04  -4.626053   3.650372 -99.000000 -99.000000  -8.400169   0.000000   0.002413   0.001460   0.014000  0.000E+00        max_dt

         23   5.478069   4129.781 -21.474013 -21.474013   5.000000   5.000000   0.718000   0.000707   0.268000 -11.090767    489      0
-5.0000E+00   5.477601   2.114883 -99.000000 -22.871882 -99.000000   0.000000   0.268000   0.006566   0.014000   0.025248      3
 2.3000E-04  -4.626045   3.648168 -99.000000 -99.000000  -8.399213   0.000000   0.002413   0.001460   0.014000  0.000E+00        max_dt

         24   5.478069   4124.743 -21.474013 -21.474013   5.000000   5.000000   0.718000   0.000707   0.268000 -11.090733    472      0
-5.0000E+00   5.477595   2.114873 -99.000000 -22.871882 -99.000000   0.000000   0.268000   0.006566   0.014000   0.025249      3
 2.4000E-04  -4.626039   3.646027 -99.000000 -99.000000  -8.398265   0.000000   0.002413   0.001460   0.014000  0.000E+00        max_dt

         25   5.478069   4119.820 -21.474013 -21.474013   5.000000   5.000000   0.718000   0.000707   0.268000 -11.090701    489      0
-5.0000E+00   5.477590   2.114863 -99.000000 -22.871882 -99.000000   0.000000   0.268000   0.006566   0.014000   0.025249      3
 2.5000E-04  -4.626033   3.643933 -99.000000 -99.000000  -8.397321   0.000000   0.002413   0.001460   0.014000  0.000E+00        max_dt

         26   5.478069   4115.065 -21.474013 -21.474013   5.000000   5.000000   0.718000   0.000707   0.268000 -11.090673    478      0
-5.0000E+00   5.477585   2.114853 -99.000000 -22.871882 -99.000000   0.000000   0.268000   0.006566   0.014000   0.025250      3
 2.6000E-04  -4.626028   3.641907 -99.000000 -99.000000  -8.396389   0.000000   0.002413   0.001460   0.014000  0.000E+00        max_dt

         27   5.478069   4110.435 -21.474013 -21.474013   5.000000   5.000000   0.718000   0.000707   0.268000 -11.090647    493      0
-5.0000E+00   5.477581   2.114843 -99.000000 -22.871881 -99.000000   0.000000   0.268000   0.006566   0.014000   0.025250      3
 2.7000E-04  -4.626023   3.639932 -99.000000 -99.000000  -8.395464   0.000000   0.002413   0.001460   0.014000  0.000E+00        max_dt

         28   5.478069   4105.955 -21.474013 -21.474013   5.000000   5.000000   0.718000   0.000707   0.268000 -11.090624    475      0
-5.0000E+00   5.477577   2.114834 -99.000000 -22.871881 -99.000000   0.000000   0.268000   0.006566   0.014000   0.025250      3
 2.8000E-04  -4.626019   3.638018 -99.000000 -99.000000  -8.394551   0.000000   0.002413   0.001460   0.014000  0.000E+00        max_dt

         29   5.478069   4101.575 -21.474013 -21.474013   5.000000   5.000000   0.718000   0.000707   0.268000 -11.090603    492      0
-5.0000E+00   5.477574   2.114825 -99.000000 -22.871881 -99.000000   0.000000   0.268000   0.006566   0.014000   0.025251      3
 2.9000E-04  -4.626015   3.636145 -99.000000 -99.000000  -8.393641   0.000000   0.002413   0.001460   0.014000  0.000E+00        max_dt


__________________________________________________________________________________________________________________________________________________

       step    lg_Tmax     Teff     lg_LH      lg_Lnuc_tot     Mass       H_rich     H_cntr     N_cntr     Y_surf   eta_cntr   zones  retry
  lg_dt_yrs    lg_Tcntr    lg_R     lg_L3a     lg_Lneu     lg_Mdot    He_core    He_cntr    O_cntr     Z_surf   gam_cntr   iters  
    age_yrs    lg_Dcntr    lg_L     lg_LZ      lg_Lphoto   lg_Dsurf   CO_core    C_cntr     Ne_cntr    Z_cntr   v_div_cs       dt_limit
__________________________________________________________________________________________________________________________________________________

         30   5.478069   4097.340 -21.474013 -21.474013   5.000000   5.000000   0.718000   0.000707   0.268000 -11.090583    474      0
-5.0000E+00   5.477570   2.114815 -99.000000 -22.871881 -99.000000   0.000000   0.268000   0.006566   0.014000   0.025251      3
 3.0000E-04  -4.626011   3.634332 -99.000000 -99.000000  -8.392745   0.000000   0.002413   0.001460   0.014000  0.000E+00        max_dt

         31   5.478069   4093.202 -21.474013 -21.474013   5.000000   5.000000   0.718000   0.000707   0.268000 -11.090565    491      0
-5.0000E+00   5.477568   2.114806 -99.000000 -22.871881 -99.000000   0.000000   0.268000   0.006566   0.014000   0.025251      3
 3.1000E-04  -4.626008   3.632559 -99.000000 -99.000000  -8.391852   0.000000   0.002413   0.001460   0.014000  0.000E+00        max_dt

         32   5.478069   4089.202 -21.474013 -21.474013   5.000000   5.000000   0.718000   0.000707   0.268000 -11.090549    474      0
-5.0000E+00   5.477565   2.114797 -99.000000 -22.871881 -99.000000   0.000000   0.268000   0.006566   0.014000   0.025251      3
 3.2000E-04  -4.626005   3.630842 -99.000000 -99.000000  -8.390974   0.000000   0.002413   0.001460   0.014000  0.000E+00        max_dt

         33   5.478150   4085.296 -21.474405 -21.474405   5.000000   5.000000   0.718000   0.000707   0.268000 -11.090511    489      0
-5.0000E+00   5.477643   2.114787 -99.000000 -22.872273 -99.000000   0.000000   0.268000   0.006566   0.014000   0.025249      3
 3.3000E-04  -4.625871   3.629162 -99.000000 -99.000000  -8.390099   0.000000   0.002413   0.001460   0.014000  0.000E+00        max_dt

         34   5.478150   4081.513 -21.474406 -21.474406   5.000000   5.000000   0.718000   0.000707   0.268000 -11.090497    471      0
-5.0000E+00   5.477641   2.114779 -99.000000 -22.872274 -99.000000   0.000000   0.268000   0.006566   0.014000   0.025250      3
 3.4000E-04  -4.625868   3.627536 -99.000000 -99.000000  -8.389239   0.000000   0.002413   0.001460   0.014000  0.000E+00        max_dt

         35   5.478150   4077.809 -21.474406 -21.474406   5.000000   5.000000   0.718000   0.000707   0.268000 -11.090484    487      0
-5.0000E+00   5.477639   2.114770 -99.000000 -22.872274 -99.000000   0.000000   0.268000   0.006566   0.014000   0.025250      3
 3.5000E-04  -4.625866   3.625941 -99.000000 -99.000000  -8.388382   0.000000   0.002413   0.001460   0.014000  0.000E+00        max_dt

         36   5.478150   4074.222 -21.474407 -21.474407   5.000000   5.000000   0.718000   0.000707   0.268000 -11.090472    470      0
-5.0000E+00   5.477637   2.114762 -99.000000 -22.872275 -99.000000   0.000000   0.268000   0.006566   0.014000   0.025250      3
 3.6000E-04  -4.625863   3.624395 -99.000000 -99.000000  -8.387539   0.000000   0.002413   0.001460   0.014000  0.000E+00        max_dt

         37   5.478150   4070.707 -21.474407 -21.474407   5.000000   5.000000   0.718000   0.000707   0.268000 -11.090461    487      0
-5.0000E+00   5.477635   2.114753 -99.000000 -22.872275 -99.000000   0.000000   0.268000   0.006566   0.014000   0.025250      3
 3.7000E-04  -4.625861   3.622879 -99.000000 -99.000000  -8.386699   0.000000   0.002413   0.001460   0.014000  0.000E+00        max_dt

         38   5.478150   4067.306 -21.474408 -21.474408   5.000000   5.000000   0.718000   0.000707   0.268000 -11.090451    470      0
-5.0000E+00   5.477633   2.114745 -99.000000 -22.872276 -99.000000   0.000000   0.268000   0.006566   0.014000   0.025250      3
 3.8000E-04  -4.625859   3.621411 -99.000000 -99.000000  -8.385873   0.000000   0.002413   0.001460   0.014000  0.000E+00        max_dt

         39   5.478150   4063.974 -21.474408 -21.474408   5.000000   5.000000   0.718000   0.000707   0.268000 -11.090442    489      0
-5.0000E+00   5.477632   2.114737 -99.000000 -22.872276 -99.000000   0.000000   0.268000   0.006566   0.014000   0.025250      3
 3.9000E-04  -4.625858   3.619971 -99.000000 -99.000000  -8.385052   0.000000   0.002413   0.001460   0.014000  0.000E+00        max_dt


__________________________________________________________________________________________________________________________________________________

       step    lg_Tmax     Teff     lg_LH      lg_Lnuc_tot     Mass       H_rich     H_cntr     N_cntr     Y_surf   eta_cntr   zones  retry
  lg_dt_yrs    lg_Tcntr    lg_R     lg_L3a     lg_Lneu     lg_Mdot    He_core    He_cntr    O_cntr     Z_surf   gam_cntr   iters  
    age_yrs    lg_Dcntr    lg_L     lg_LZ      lg_Lphoto   lg_Dsurf   CO_core    C_cntr     Ne_cntr    Z_cntr   v_div_cs       dt_limit
__________________________________________________________________________________________________________________________________________________

         40   5.478150   4060.754 -21.474408 -21.474408   5.000000   5.000000   0.718000   0.000707   0.268000 -11.090433    473      0
-5.0000E+00   5.477630   2.114729 -99.000000 -22.872277 -99.000000   0.000000   0.268000   0.006566   0.014000   0.025250      3
 4.0000E-04  -4.625856   3.618578 -37.026689 -99.000000  -8.384245   0.000000   0.002413   0.001460   0.014000  0.000E+00        max_dt

         41   5.478150   4057.598 -21.474409 -21.474409   5.000000   5.000000   0.718000   0.000707   0.268000 -11.090425    490      0
-5.0000E+00   5.477629   2.114721 -99.000000 -22.872277 -99.000000   0.000000   0.268000   0.006566   0.014000   0.025250      3
 4.1000E-04  -4.625854   3.617212 -99.000000 -99.000000  -8.383444   0.000000   0.002413   0.001460   0.014000  0.000E+00        max_dt

         42   5.478150   4054.547 -21.474409 -21.474409   5.000000   5.000000   0.718000   0.000707   0.268000 -11.090417    473      0
-5.0000E+00   5.477628   2.114713 -99.000000 -22.872277 -99.000000   0.000000   0.268000   0.006566   0.014000   0.025251      3
 4.2000E-04  -4.625853   3.615890 -37.327719 -99.000000  -8.382658   0.000000   0.002413   0.001460   0.014000  0.000E+00        max_dt

         43   5.478150   4051.553 -21.474410 -21.474410   5.000000   5.000000   0.718000   0.000707   0.268000 -11.090410    490      0
-5.0000E+00   5.477627   2.114706 -99.000000 -22.872278 -99.000000   0.000000   0.268000   0.006566   0.014000   0.025251      3
 4.3000E-04  -4.625851   3.614591 -99.000000 -99.000000  -8.381875   0.000000   0.002413   0.001460   0.014000  0.000E+00        max_dt

         44   5.478150   4048.653 -21.474410 -21.474410   5.000000   5.000000   0.718000   0.000707   0.268000 -11.090403    473      0
-5.0000E+00   5.477626   2.114698 -99.000000 -22.872278 -99.000000   0.000000   0.268000   0.006566   0.014000   0.025251      3
 4.4000E-04  -4.625850   3.613333 -99.000000 -99.000000  -8.381107   0.000000   0.002413   0.001460   0.014000  0.000E+00        max_dt

         45   5.478151   4045.802 -21.474410 -21.474410   5.000000   5.000000   0.718000   0.000707   0.268000 -11.090397    490      0
-5.0000E+00   5.477625   2.114691 -99.000000 -22.872278 -99.000000   0.000000   0.268000   0.006566   0.014000   0.025251      3
 4.5000E-04  -4.625849   3.612094 -99.000000 -99.000000  -8.380341   0.000000   0.002413   0.001460   0.014000  0.000E+00        max_dt

         46   5.478151   4043.036 -21.474411 -21.474411   5.000000   5.000000   0.718000   0.000707   0.268000 -11.090391    472      0
-5.0000E+00   5.477624   2.114684 -99.000000 -22.872279 -99.000000   0.000000   0.268000   0.006566   0.014000   0.025251      3
 4.6000E-04  -4.625848   3.610891 -99.000000 -99.000000  -8.379589   0.000000   0.002413   0.001460   0.014000  0.000E+00        max_dt

         47   5.478151   4040.310 -21.474411 -21.474411   5.000000   5.000000   0.718000   0.000707   0.268000 -11.090385    489      0
-5.0000E+00   5.477623   2.114676 -99.000000 -22.872279 -99.000000   0.000000   0.268000   0.006566   0.014000   0.025251      3
 4.7000E-04  -4.625847   3.609705 -99.000000 -99.000000  -8.378838   0.000000   0.002413   0.001460   0.014000  0.000E+00        max_dt

         48   5.478151   4037.663 -21.474411 -21.474411   5.000000   5.000000   0.718000   0.000707   0.268000 -11.090380    472      0
-5.0000E+00   5.477622   2.114669 -99.000000 -22.872279 -99.000000   0.000000   0.268000   0.006566   0.014000   0.025251      3
 4.8000E-04  -4.625846   3.608553 -99.000000 -99.000000  -8.378100   0.000000   0.002413   0.001460   0.014000  0.000E+00        max_dt

         49   5.478151   4035.054 -21.474412 -21.474412   5.000000   5.000000   0.718000   0.000707   0.268000 -11.090375    489      0
-5.0000E+00   5.477621   2.114662 -99.000000 -22.872280 -99.000000   0.000000   0.268000   0.006566   0.014000   0.025251      3
 4.9000E-04  -4.625845   3.607415 -37.026689 -99.000000  -8.377363   0.000000   0.002413   0.001460   0.014000  0.000E+00        max_dt


__________________________________________________________________________________________________________________________________________________

       step    lg_Tmax     Teff     lg_LH      lg_Lnuc_tot     Mass       H_rich     H_cntr     N_cntr     Y_surf   eta_cntr   zones  retry
  lg_dt_yrs    lg_Tcntr    lg_R     lg_L3a     lg_Lneu     lg_Mdot    He_core    He_cntr    O_cntr     Z_surf   gam_cntr   iters  
    age_yrs    lg_Dcntr    lg_L     lg_LZ      lg_Lphoto   lg_Dsurf   CO_core    C_cntr     Ne_cntr    Z_cntr   v_div_cs       dt_limit
__________________________________________________________________________________________________________________________________________________

         50   5.478151   4032.520 -21.474412 -21.474412   5.000000   5.000000   0.718000   0.000707   0.268000 -11.090370    471      0
-5.0000E+00   5.477620   2.114655 -99.000000 -22.872280 -99.000000   0.000000   0.268000   0.006566   0.014000   0.025251      3
 5.0000E-04  -4.625844   3.606310 -99.000000 -99.000000  -8.376639   0.000000   0.002413   0.001460   0.014000  0.000E+00        max_dt

         51   5.478151   4030.018 -21.474412 -21.474412   5.000000   5.000000   0.718000   0.000707   0.268000 -11.090365    488      0
-5.0000E+00   5.477620   2.114648 -99.000000 -22.872280 -99.000000   0.000000   0.268000   0.006566   0.014000   0.025251      3
 5.1000E-04  -4.625843   3.605218 -37.026689 -99.000000  -8.375916   0.000000   0.002413   0.001460   0.014000  0.000E+00        max_dt

         52   5.478151   4027.589 -21.474412 -21.474412   5.000000   5.000000   0.718000   0.000707   0.268000 -11.090361    471      0
-5.0000E+00   5.477619   2.114642 -99.000000 -22.872281 -99.000000   0.000000   0.268000   0.006566   0.014000   0.025251      3
 5.2000E-04  -4.625842   3.604158 -99.000000 -99.000000  -8.375206   0.000000   0.002413   0.001460   0.014000  0.000E+00        max_dt

         53   5.478151   4025.192 -21.474413 -21.474413   5.000000   5.000000   0.718000   0.000707   0.268000 -11.090357    488      0
-5.0000E+00   5.477618   2.114635 -99.000000 -22.872281 -99.000000   0.000000   0.268000   0.006566   0.014000   0.025251      3
 5.3000E-04  -4.625841   3.603110 -99.000000 -99.000000  -8.374497   0.000000   0.002413   0.001460   0.014000  0.000E+00        max_dt

         54   5.478151   4022.868 -21.474413 -21.474413   5.000000   5.000000   0.718000   0.000707   0.268000 -11.090353    472      0
-5.0000E+00   5.477618   2.114628 -99.000000 -22.872281 -99.000000   0.000000   0.268000   0.006566   0.014000   0.025251      3
 5.4000E-04  -4.625840   3.602093 -99.000000 -99.000000  -8.373802   0.000000   0.002413   0.001460   0.014000  0.000E+00        max_dt

         55   5.478151   4020.573 -21.474413 -21.474413   5.000000   5.000000   0.718000   0.000707   0.268000 -11.090350    489      0
-5.0000E+00   5.477617   2.114622 -99.000000 -22.872281 -99.000000   0.000000   0.268000   0.006566   0.014000   0.025251      3
 5.5000E-04  -4.625840   3.601089 -99.000000 -99.000000  -8.373108   0.000000   0.002413   0.001460   0.014000  0.000E+00        max_dt

         56   5.478151   4018.348 -21.474413 -21.474413   5.000000   5.000000   0.718000   0.000707   0.268000 -11.090346    472      0
-5.0000E+00   5.477617   2.114615 -99.000000 -22.872281 -99.000000   0.000000   0.268000   0.006566   0.014000   0.025252      3
 5.6000E-04  -4.625839   3.600115 -99.000000 -99.000000  -8.372429   0.000000   0.002413   0.001460   0.014000  0.000E+00        max_dt

         57   5.478151   4016.149 -21.474414 -21.474414   5.000000   5.000000   0.718000   0.000707   0.268000 -11.090343    489      0
-5.0000E+00   5.477616   2.114609 -99.000000 -22.872282 -99.000000   0.000000   0.268000   0.006566   0.014000   0.025252      3
 5.7000E-04  -4.625838   3.599151 -37.327719 -99.000000  -8.371750   0.000000   0.002413   0.001460   0.014000  0.000E+00        max_dt

         58   5.478151   4014.015 -21.474414 -21.474414   5.000000   5.000000   0.718000   0.000707   0.268000 -11.090340    474      0
-5.0000E+00   5.477616   2.114603 -99.000000 -22.872282 -99.000000   0.000000   0.268000   0.006566   0.014000   0.025252      3
 5.8000E-04  -4.625838   3.598215 -99.000000 -99.000000  -8.371085   0.000000   0.002413   0.001460   0.014000  0.000E+00        max_dt

         59   5.478151   4011.905 -21.474414 -21.474414   5.000000   5.000000   0.718000   0.000707   0.268000 -11.090337    489      0
-5.0000E+00   5.477615   2.114597 -99.000000 -22.872282 -99.000000   0.000000   0.268000   0.006566   0.014000   0.025252      3
 5.9000E-04  -4.625837   3.597290 -99.000000 -99.000000  -8.370420   0.000000   0.002413   0.001460   0.014000  0.000E+00        max_dt


__________________________________________________________________________________________________________________________________________________

       step    lg_Tmax     Teff     lg_LH      lg_Lnuc_tot     Mass       H_rich     H_cntr     N_cntr     Y_surf   eta_cntr   zones  retry
  lg_dt_yrs    lg_Tcntr    lg_R     lg_L3a     lg_Lneu     lg_Mdot    He_core    He_cntr    O_cntr     Z_surf   gam_cntr   iters  
    age_yrs    lg_Dcntr    lg_L     lg_LZ      lg_Lphoto   lg_Dsurf   CO_core    C_cntr     Ne_cntr    Z_cntr   v_div_cs       dt_limit
__________________________________________________________________________________________________________________________________________________

         60   5.478151   4009.856 -21.474414 -21.474414   5.000000   5.000000   0.718000   0.000707   0.268000 -11.090334    472      0
-5.0000E+00   5.477615   2.114591 -99.000000 -22.872282 -99.000000   0.000000   0.268000   0.006566   0.014000   0.025252      3
 6.0000E-04  -4.625836   3.596390 -99.000000 -99.000000  -8.369769   0.000000   0.002413   0.001460   0.014000  0.000E+00        max_dt

         61   5.478151   4007.826 -21.474414 -21.474414   5.000000   5.000000   0.718000   0.000707   0.268000 -11.090331    489      0
-5.0000E+00   5.477614   2.114585 -99.000000 -22.872283 -99.000000   0.000000   0.268000   0.006566   0.014000   0.025252      3
 6.1000E-04  -4.625836   3.595498 -99.000000 -99.000000  -8.369117   0.000000   0.002413   0.001460   0.014000  0.000E+00        max_dt

         62   5.478151   4005.854 -21.474415 -21.474415   5.000000   5.000000   0.718000   0.000707   0.268000 -11.090329    472      0
-5.0000E+00   5.477614   2.114579 -99.000000 -22.872283 -99.000000   0.000000   0.268000   0.006566   0.014000   0.025252      3
 6.2000E-04  -4.625835   3.594631 -99.000000 -99.000000  -8.368479   0.000000   0.002413   0.001460   0.014000  0.000E+00        max_dt

         63   5.478151   4003.901 -21.474415 -21.474415   5.000000   5.000000   0.718000   0.000707   0.268000 -11.090326    489      0
-5.0000E+00   5.477614   2.114573 -99.000000 -22.872283 -99.000000   0.000000   0.268000   0.006566   0.014000   0.025252      3
 6.3000E-04  -4.625835   3.593772 -99.000000 -99.000000  -8.367840   0.000000   0.002413   0.001460   0.014000  0.000E+00        max_dt

         64   5.478151   4002.003 -21.474415 -21.474415   5.000000   5.000000   0.718000   0.000707   0.268000 -11.090324    472      0
-5.0000E+00   5.477613   2.114567 -99.000000 -22.872283 -99.000000   0.000000   0.268000   0.006566   0.014000   0.025252      3
 6.4000E-04  -4.625834   3.592937 -99.000000 -99.000000  -8.367214   0.000000   0.002413   0.001460   0.014000  0.000E+00        max_dt

         65   5.478151   4000.121 -21.474415 -21.474415   5.000000   5.000000   0.718000   0.000707   0.268000 -11.090322    489      0
-5.0000E+00   5.477613   2.114561 -99.000000 -22.872283 -99.000000   0.000000   0.268000   0.006566   0.014000   0.025252      3
 6.5000E-04  -4.625834   3.592108 -99.000000 -99.000000  -8.366588   0.000000   0.002413   0.001460   0.014000  0.000E+00        max_dt

         66   5.478151   3998.294 -21.474415 -21.474415   5.000000   5.000000   0.718000   0.000707   0.268000 -11.090319    472      0
-5.0000E+00   5.477613   2.114555 -99.000000 -22.872283 -99.000000   0.000000   0.268000   0.006566   0.014000   0.025252      3
 6.6000E-04  -4.625833   3.591303 -99.000000 -99.000000  -8.365975   0.000000   0.002413   0.001460   0.014000  0.000E+00        max_dt

         67   5.478151   3996.480 -21.474415 -21.474415   5.000000   5.000000   0.718000   0.000707   0.268000 -11.090317    489      0
-5.0000E+00   5.477612   2.114550 -99.000000 -22.872283 -99.000000   0.000000   0.268000   0.006566   0.014000   0.025252      3
 6.7000E-04  -4.625833   3.590504 -99.000000 -99.000000  -8.365361   0.000000   0.002413   0.001460   0.014000  0.000E+00        max_dt

         68   5.478152   3994.719 -21.474415 -21.474415   5.000000   5.000000   0.718000   0.000707   0.268000 -11.090315    472      0
-5.0000E+00   5.477612   2.114544 -99.000000 -22.872284 -99.000000   0.000000   0.268000   0.006566   0.014000   0.025252      3
 6.8000E-04  -4.625832   3.589727 -99.000000 -99.000000  -8.364760   0.000000   0.002413   0.001460   0.014000  0.000E+00        max_dt

         69   5.478152   3992.971 -21.474416 -21.474416   5.000000   5.000000   0.718000   0.000707   0.268000 -11.090314    491      0
-5.0000E+00   5.477612   2.114539 -99.000000 -22.872284 -99.000000   0.000000   0.268000   0.006566   0.014000   0.025252      3
 6.9000E-04  -4.625832   3.588955 -99.000000 -99.000000  -8.364158   0.000000   0.002413   0.001460   0.014000  0.000E+00        max_dt


__________________________________________________________________________________________________________________________________________________

       step    lg_Tmax     Teff     lg_LH      lg_Lnuc_tot     Mass       H_rich     H_cntr     N_cntr     Y_surf   eta_cntr   zones  retry
  lg_dt_yrs    lg_Tcntr    lg_R     lg_L3a     lg_Lneu     lg_Mdot    He_core    He_cntr    O_cntr     Z_surf   gam_cntr   iters  
    age_yrs    lg_Dcntr    lg_L     lg_LZ      lg_Lphoto   lg_Dsurf   CO_core    C_cntr     Ne_cntr    Z_cntr   v_div_cs       dt_limit
__________________________________________________________________________________________________________________________________________________

         70   5.478152   3991.273 -21.474416 -21.474416   5.000000   5.000000   0.718000   0.000707   0.268000 -11.090312    474      0
-5.0000E+00   5.477612   2.114533 -99.000000 -22.872284 -99.000000   0.000000   0.268000   0.006566   0.014000   0.025252      3
 7.0000E-04  -4.625832   3.588206 -99.000000 -99.000000  -8.363570   0.000000   0.002413   0.001460   0.014000  0.000E+00        max_dt

         71   5.478152   3989.586 -21.474416 -21.474416   5.000000   5.000000   0.718000   0.000707   0.268000 -11.090310    491      0
-5.0000E+00   5.477611   2.114528 -99.000000 -22.872284 -99.000000   0.000000   0.268000   0.006566   0.014000   0.025252      3
 7.1000E-04  -4.625831   3.587460 -99.000000 -99.000000  -8.362980   0.000000   0.002413   0.001460   0.014000  0.000E+00        max_dt

         72   5.478152   3987.947 -21.474416 -21.474416   5.000000   5.000000   0.718000   0.000707   0.268000 -11.090308    474      0
-5.0000E+00   5.477611   2.114522 -99.000000 -22.872284 -99.000000   0.000000   0.268000   0.006566   0.014000   0.025252      3
 7.2000E-04  -4.625831   3.586736 -99.000000 -99.000000  -8.362402   0.000000   0.002413   0.001460   0.014000  0.000E+00        max_dt

         73   5.478152   3986.316 -21.474416 -21.474416   5.000000   5.000000   0.718000   0.000707   0.268000 -11.090307    491      0
-5.0000E+00   5.477611   2.114517 -99.000000 -22.872284 -99.000000   0.000000   0.268000   0.006566   0.014000   0.025252      3
 7.3000E-04  -4.625831   3.586015 -99.000000 -99.000000  -8.361824   0.000000   0.002413   0.001460   0.014000  0.000E+00        max_dt

         74   5.478152   3984.732 -21.474416 -21.474416   5.000000   5.000000   0.718000   0.000707   0.268000 -11.090305    474      0
-5.0000E+00   5.477611   2.114512 -99.000000 -22.872284 -99.000000   0.000000   0.268000   0.006566   0.014000   0.025252      3
 7.4000E-04  -4.625830   3.585314 -99.000000 -99.000000  -8.361257   0.000000   0.002413   0.001460   0.014000  0.000E+00        max_dt

         75   5.478152   3983.155 -21.474416 -21.474416   5.000000   5.000000   0.718000   0.000707   0.268000 -11.090304    491      0
-5.0000E+00   5.477610   2.114507 -99.000000 -22.872284 -99.000000   0.000000   0.268000   0.006566   0.014000   0.025252      3
 7.5000E-04  -4.625830   3.584616 -99.000000 -99.000000  -8.360689   0.000000   0.002413   0.001460   0.014000  0.000E+00        max_dt

         76   5.478152   3981.623 -21.474416 -21.474416   5.000000   5.000000   0.718000   0.000707   0.268000 -11.090302    474      0
-5.0000E+00   5.477610   2.114502 -99.000000 -22.872284 -99.000000   0.000000   0.268000   0.006566   0.014000   0.025252      3
 7.6000E-04  -4.625830   3.583937 -99.000000 -99.000000  -8.360133   0.000000   0.002413   0.001460   0.014000  0.000E+00        max_dt

         77   5.478152   3980.097 -21.474416 -21.474416   5.000000   5.000000   0.718000   0.000707   0.268000 -11.090301    491      0
-5.0000E+00   5.477610   2.114497 -99.000000 -22.872285 -99.000000   0.000000   0.268000   0.006566   0.014000   0.025252      3
 7.7000E-04  -4.625829   3.583261 -99.000000 -99.000000  -8.359575   0.000000   0.002413   0.001460   0.014000  0.000E+00        max_dt

         78   5.478152   3978.614 -21.474416 -21.474416   5.000000   5.000000   0.718000   0.000707   0.268000 -11.090300    474      0
-5.0000E+00   5.477610   2.114492 -99.000000 -22.872285 -99.000000   0.000000   0.268000   0.006566   0.014000   0.025252      3
 7.8000E-04  -4.625829   3.582604 -99.000000 -99.000000  -8.359030   0.000000   0.002413   0.001460   0.014000  0.000E+00        max_dt

         79   5.478152   3977.136 -21.474417 -21.474417   5.000000   5.000000   0.718000   0.000707   0.268000 -11.090298    491      0
-5.0000E+00   5.477610   2.114487 -99.000000 -22.872285 -99.000000   0.000000   0.268000   0.006566   0.014000   0.025252      3
 7.9000E-04  -4.625829   3.581949 -99.000000 -99.000000  -8.358483   0.000000   0.002413   0.001460   0.014000  0.000E+00        max_dt


__________________________________________________________________________________________________________________________________________________

       step    lg_Tmax     Teff     lg_LH      lg_Lnuc_tot     Mass       H_rich     H_cntr     N_cntr     Y_surf   eta_cntr   zones  retry
  lg_dt_yrs    lg_Tcntr    lg_R     lg_L3a     lg_Lneu     lg_Mdot    He_core    He_cntr    O_cntr     Z_surf   gam_cntr   iters  
    age_yrs    lg_Dcntr    lg_L     lg_LZ      lg_Lphoto   lg_Dsurf   CO_core    C_cntr     Ne_cntr    Z_cntr   v_div_cs       dt_limit
__________________________________________________________________________________________________________________________________________________

         80   5.478152   3975.699 -21.474417 -21.474417   5.000000   5.000000   0.718000   0.000707   0.268000 -11.090297    472      0
-5.0000E+00   5.477609   2.114482 -99.000000 -22.872285 -99.000000   0.000000   0.268000   0.006566   0.014000   0.025252      3
 8.0000E-04  -4.625828   3.581311 -99.000000 -99.000000  -8.357947   0.000000   0.002413   0.001460   0.014000  0.000E+00        max_dt

         81   5.478152   3974.263 -21.474417 -21.474417   5.000000   5.000000   0.718000   0.000707   0.268000 -11.090296    489      0
-5.0000E+00   5.477609   2.114477 -99.000000 -22.872285 -99.000000   0.000000   0.268000   0.006566   0.014000   0.025252      3
 8.1000E-04  -4.625828   3.580674 -99.000000 -99.000000  -8.357408   0.000000   0.002413   0.001460   0.014000  0.000E+00        max_dt

         82   5.478152   3972.865 -21.474417 -21.474417   5.000000   5.000000   0.718000   0.000707   0.268000 -11.090295    472      0
-5.0000E+00   5.477609   2.114472 -99.000000 -22.872285 -99.000000   0.000000   0.268000   0.006566   0.014000   0.025252      3
 8.2000E-04  -4.625828   3.580053 -99.000000 -99.000000  -8.356880   0.000000   0.002413   0.001460   0.014000  0.000E+00        max_dt

         83   5.478152   3971.467 -21.474417 -21.474417   5.000000   5.000000   0.718000   0.000707   0.268000 -11.090294    489      0
-5.0000E+00   5.477609   2.114467 -99.000000 -22.872285 -99.000000   0.000000   0.268000   0.006566   0.014000   0.025252      3
 8.3000E-04  -4.625828   3.579432 -99.000000 -99.000000  -8.356349   0.000000   0.002413   0.001460   0.014000  0.000E+00        max_dt

         84   5.478152   3970.108 -21.474417 -21.474417   5.000000   5.000000   0.718000   0.000707   0.268000 -11.090293    472      0
-5.0000E+00   5.477609   2.114463 -99.000000 -22.872285 -99.000000   0.000000   0.268000   0.006566   0.014000   0.025252      3
 8.4000E-04  -4.625827   3.578828 -99.000000 -99.000000  -8.355829   0.000000   0.002413   0.001460   0.014000  0.000E+00        max_dt

         85   5.478152   3968.752 -21.474417 -21.474417   5.000000   5.000000   0.718000   0.000707   0.268000 -11.090291    489      0
-5.0000E+00   5.477609   2.114458 -99.000000 -22.872285 -99.000000   0.000000   0.268000   0.006566   0.014000   0.025252      3
 8.5000E-04  -4.625827   3.578225 -99.000000 -99.000000  -8.355308   0.000000   0.002413   0.001460   0.014000  0.000E+00        max_dt

         86   5.478152   3967.434 -21.474417 -21.474417   5.000000   5.000000   0.718000   0.000707   0.268000 -11.090290    472      0
-5.0000E+00   5.477609   2.114453 -99.000000 -22.872285 -99.000000   0.000000   0.268000   0.006566   0.014000   0.025252      3
 8.6000E-04  -4.625827   3.577639 -99.000000 -99.000000  -8.354798   0.000000   0.002413   0.001460   0.014000  0.000E+00        max_dt

         87   5.478152   3966.119 -21.474417 -21.474417   5.000000   5.000000   0.718000   0.000707   0.268000 -11.090289    489      0
-5.0000E+00   5.477608   2.114449 -99.000000 -22.872285 -99.000000   0.000000   0.268000   0.006566   0.014000   0.025252      3
 8.7000E-04  -4.625827   3.577054 -99.000000 -99.000000  -8.354287   0.000000   0.002413   0.001460   0.014000  0.000E+00        max_dt

         88   5.478152   3964.843 -21.474417 -21.474417   5.000000   5.000000   0.718000   0.000707   0.268000 -11.090289    472      0
-5.0000E+00   5.477608   2.114444 -99.000000 -22.872285 -99.000000   0.000000   0.268000   0.006566   0.014000   0.025252      2
 8.8000E-04  -4.625826   3.576486 -99.000000 -99.000000  -8.353788   0.000000   0.002413   0.001460   0.014000  0.000E+00        max_dt

         89   5.478152   3963.567 -21.474417 -21.474417   5.000000   5.000000   0.718000   0.000707   0.268000 -11.090288    489      0
-5.0000E+00   5.477608   2.114440 -99.000000 -22.872285 -99.000000   0.000000   0.268000   0.006566   0.014000   0.025252      3
 8.9000E-04  -4.625826   3.575918 -37.026689 -99.000000  -8.353287   0.000000   0.002413   0.001460   0.014000  0.000E+00        max_dt


__________________________________________________________________________________________________________________________________________________

       step    lg_Tmax     Teff     lg_LH      lg_Lnuc_tot     Mass       H_rich     H_cntr     N_cntr     Y_surf   eta_cntr   zones  retry
  lg_dt_yrs    lg_Tcntr    lg_R     lg_L3a     lg_Lneu     lg_Mdot    He_core    He_cntr    O_cntr     Z_surf   gam_cntr   iters  
    age_yrs    lg_Dcntr    lg_L     lg_LZ      lg_Lphoto   lg_Dsurf   CO_core    C_cntr     Ne_cntr    Z_cntr   v_div_cs       dt_limit
__________________________________________________________________________________________________________________________________________________

         90   5.478152   3962.330 -21.474417 -21.474417   5.000000   5.000000   0.718000   0.000707   0.268000 -11.090287    472      0
-5.0000E+00   5.477608   2.114435 -99.000000 -22.872285 -99.000000   0.000000   0.268000   0.006566   0.014000   0.025252      2
 9.0000E-04  -4.625826   3.575367 -99.000000 -99.000000  -8.352798   0.000000   0.002413   0.001460   0.014000  0.000E+00        max_dt

         91   5.478152   3961.094 -21.474417 -21.474417   5.000000   5.000000   0.718000   0.000707   0.268000 -11.090286    489      0
-5.0000E+00   5.477608   2.114431 -99.000000 -22.872285 -99.000000   0.000000   0.268000   0.006566   0.014000   0.025252      3
 9.1000E-04  -4.625826   3.574816 -99.000000 -99.000000  -8.352307   0.000000   0.002413   0.001460   0.014000  0.000E+00        max_dt

         92   5.478152   3959.890 -21.474417 -21.474417   5.000000   5.000000   0.718000   0.000707   0.268000 -11.090285    470      0
-5.0000E+00   5.477608   2.114427 -99.000000 -22.872285 -99.000000   0.000000   0.268000   0.006566   0.014000   0.025252      2
 9.2000E-04  -4.625826   3.574279 -99.000000 -99.000000  -8.351826   0.000000   0.002413   0.001460   0.014000  0.000E+00        max_dt

         93   5.478152   3958.679 -21.474417 -21.474417   5.000000   5.000000   0.718000   0.000707   0.268000 -11.090284    487      0
-5.0000E+00   5.477608   2.114422 -99.000000 -22.872285 -99.000000   0.000000   0.268000   0.006566   0.014000   0.025252      2
 9.3000E-04  -4.625825   3.573740 -99.000000 -99.000000  -8.351341   0.000000   0.002413   0.001460   0.014000  0.000E+00        max_dt

         94   5.478152   3957.499 -21.474417 -21.474417   5.000000   5.000000   0.718000   0.000707   0.268000 -11.090284    471      0
-5.0000E+00   5.477608   2.114418 -99.000000 -22.872285 -99.000000   0.000000   0.268000   0.006566   0.014000   0.025252      3
 9.4000E-04  -4.625825   3.573213 -37.327719 -99.000000  -8.350865   0.000000   0.002413   0.001460   0.014000  0.000E+00        max_dt

         95   5.478152   3956.315 -21.474417 -21.474417   5.000000   5.000000   0.718000   0.000707   0.268000 -11.090283    488      0
-5.0000E+00   5.477608   2.114414 -99.000000 -22.872285 -99.000000   0.000000   0.268000   0.006566   0.014000   0.025252      2
 9.5000E-04  -4.625825   3.572685 -99.000000 -99.000000  -8.350386   0.000000   0.002413   0.001460   0.014000  0.000E+00        max_dt

         96   5.478152   3955.167 -21.474417 -21.474417   5.000000   5.000000   0.718000   0.000707   0.268000 -11.090282    471      0
-5.0000E+00   5.477608   2.114410 -99.000000 -22.872285 -99.000000   0.000000   0.268000   0.006566   0.014000   0.025252      2
 9.6000E-04  -4.625825   3.572172 -99.000000 -99.000000  -8.349919   0.000000   0.002413   0.001460   0.014000  0.000E+00        max_dt

         97   5.478152   3954.020 -21.474417 -21.474417   5.000000   5.000000   0.718000   0.000707   0.268000 -11.090281    488      0
-5.0000E+00   5.477607   2.114405 -99.000000 -22.872285 -99.000000   0.000000   0.268000   0.006566   0.014000   0.025252      2
 9.7000E-04  -4.625825   3.571660 -99.000000 -99.000000  -8.349450   0.000000   0.002413   0.001460   0.014000  0.000E+00        max_dt

         98   5.478153   3952.909 -21.474417 -21.474417   5.000000   5.000000   0.718000   0.000707   0.268000 -11.090281    471      0
-5.0000E+00   5.477607   2.114401 -99.000000 -22.872285 -99.000000   0.000000   0.268000   0.006566   0.014000   0.025252      2
 9.8000E-04  -4.625824   3.571164 -99.000000 -99.000000  -8.348994   0.000000   0.002413   0.001460   0.014000  0.000E+00        max_dt

         99   5.478153   3951.797 -21.474417 -21.474417   5.000000   5.000000   0.718000   0.000707   0.268000 -11.090280    488      0
-5.0000E+00   5.477607   2.114397 -99.000000 -22.872285 -99.000000   0.000000   0.268000   0.006566   0.014000   0.025252      2
 9.9000E-04  -4.625824   3.570667 -99.000000 -99.000000  -8.348536   0.000000   0.002413   0.001460   0.014000  0.000E+00        max_dt


__________________________________________________________________________________________________________________________________________________

       step    lg_Tmax     Teff     lg_LH      lg_Lnuc_tot     Mass       H_rich     H_cntr     N_cntr     Y_surf   eta_cntr   zones  retry
  lg_dt_yrs    lg_Tcntr    lg_R     lg_L3a     lg_Lneu     lg_Mdot    He_core    He_cntr    O_cntr     Z_surf   gam_cntr   iters  
    age_yrs    lg_Dcntr    lg_L     lg_LZ      lg_Lphoto   lg_Dsurf   CO_core    C_cntr     Ne_cntr    Z_cntr   v_div_cs       dt_limit
__________________________________________________________________________________________________________________________________________________

        100   5.478153   3950.721 -21.474417 -21.474417   5.000000   5.000000   0.718000   0.000707   0.268000 -11.090279    471      0
-5.0000E+00   5.477607   2.114393 -99.000000 -22.872285 -99.000000   0.000000   0.268000   0.006566   0.014000   0.025252      2
 1.0000E-03  -4.625824   3.570186 -99.000000 -99.000000  -8.348090   0.000000   0.002413   0.001460   0.014000  0.000E+00        max_dt


 finished doing relax num steps


                                relax_to_radiative_core

          1   5.478153   3949.643 -21.474417 -21.474417   5.000000   5.000000   0.718000   0.000707   0.268000 -11.090279    488      0
-5.0000E+00   5.477607   2.114389 -99.000000 -22.872285 -99.000000   0.000000   0.268000   0.006566   0.014000   0.025252      2
 1.0000E-05  -4.625824   3.569704 -37.026689 -99.000000  -8.347642   0.000000   0.002413   0.001460   0.014000  0.000E+00        max_dt

           waiting for fully convective core to develop           1    3.6239840734422143D-02
          2   5.478153   3947.572 -21.474417 -21.474417   5.000000   5.000000   0.718000   0.000707   0.268000 -11.090278    471      0
-4.6990E+00   5.477607   2.114382 -99.000000 -22.872285 -99.000000   0.000000   0.268000   0.006566   0.014000   0.025252      3
 3.0000E-05  -4.625824   3.568777 -99.000000 -99.000000  -8.346776   0.000000   0.002413   0.001460   0.014000  0.000E+00  max increase

           waiting for fully convective core to develop           2    3.6239825792716548D-02
          3   5.478153   3943.625 -21.474417 -21.474417   5.000000   5.000000   0.718000   0.000707   0.268000 -11.090275    488      0
-4.3979E+00   5.477607   2.114367 -99.000000 -22.872285 -99.000000   0.000000   0.268000   0.006566   0.014000   0.025252      3
 7.0000E-05  -4.625823   3.567010 -99.000000 -99.000000  -8.345106   0.000000   0.002413   0.001460   0.014000  0.000E+00  max increase

           waiting for fully convective core to develop           3    3.6239797384562296D-02
          4   5.478153   3936.404 -21.474417 -21.474417   5.000000   5.000000   0.718000   0.000707   0.268000 -11.090272    472      0
-4.0969E+00   5.477606   2.114339 -99.000000 -22.872285 -99.000000   0.000000   0.268000   0.006566   0.014000   0.025252      3
 1.5000E-04  -4.625822   3.563770 -99.000000 -99.000000  -8.341988   0.000000   0.002413   0.001460   0.014000  0.000E+00  max increase

           waiting for fully convective core to develop           4    3.6239745855394592D-02
          5   5.478153   3924.301 -21.474416 -21.474416   5.000000   5.000000   0.718000   0.000707   0.268000 -11.090267    489      0
-3.7959E+00   5.477606   2.114290 -99.000000 -22.872284 -99.000000   0.000000   0.268000   0.006566   0.014000   0.025252      3
 3.1000E-04  -4.625821   3.558323 -99.000000 -99.000000  -8.336581   0.000000   0.002413   0.001460   0.014000  0.000E+00  max increase

           waiting for fully convective core to develop           5    3.6239659989625229D-02
          6   5.478154   3906.137 -21.474413 -21.474413   5.000000   5.000000   0.718000   0.000707   0.268000 -11.090261    470      0
-3.4949E+00   5.477606   2.114213 -99.000000 -22.872281 -99.000000   0.000000   0.268000   0.006566   0.014000   0.025253      3
 6.3000E-04  -4.625819   3.550109 -37.026689 -99.000000  -8.328052   0.000000   0.002413   0.001460   0.014000  0.000E+00  max increase

           waiting for fully convective core to develop           6    3.6239535508638510D-02
          7   5.478155   3882.989 -21.474406 -21.474406   5.000000   5.000000   0.718000   0.000707   0.268000 -11.090255    487      0
-3.1938E+00   5.477606   2.114106 -99.000000 -22.872274 -99.000000   0.000000   0.268000   0.006566   0.014000   0.025253      3
 1.2700E-03  -4.625816   3.539571 -99.000000 -99.000000  -8.316493   0.000000   0.002413   0.001460   0.014000  0.000E+00  max increase

           waiting for fully convective core to develop           7    3.6239386731137073D-02
          8   5.478156   3858.573 -21.474389 -21.474389   5.000000   5.000000   0.718000   0.000707   0.268000 -11.090251    474      0
-2.8928E+00   5.477606   2.113985 -99.000000 -22.872257 -99.000000   0.000000   0.268000   0.006566   0.014000   0.025253      3
 2.5500E-03  -4.625813   3.528370 -99.000000 -99.000000  -8.303517   0.000000   0.002413   0.001460   0.014000  0.000E+00  max increase

           waiting for fully convective core to develop           8    3.6239239518588047D-02
          9   5.478159   3837.870 -21.474353 -21.474353   5.000000   5.000000   0.718000   0.000707   0.268000 -11.090247    489      0
-2.5918E+00   5.477609   2.113876 -99.000000 -22.872221 -99.000000   0.000000   0.268000   0.006566   0.014000   0.025253      3
 5.1100E-03  -4.625808   3.518806 -99.000000 -99.000000  -8.291934   0.000000   0.002413   0.001460   0.014000  0.000E+00  max increase

           waiting for fully convective core to develop           9    3.6239098806719661D-02

__________________________________________________________________________________________________________________________________________________

       step    lg_Tmax     Teff     lg_LH      lg_Lnuc_tot     Mass       H_rich     H_cntr     N_cntr     Y_surf   eta_cntr   zones  retry
  lg_dt_yrs    lg_Tcntr    lg_R     lg_L3a     lg_Lneu     lg_Mdot    He_core    He_cntr    O_cntr     Z_surf   gam_cntr   iters  
    age_yrs    lg_Dcntr    lg_L     lg_LZ      lg_Lphoto   lg_Dsurf   CO_core    C_cntr     Ne_cntr    Z_cntr   v_div_cs       dt_limit
__________________________________________________________________________________________________________________________________________________

         10   5.478163   3824.343 -21.474284 -21.474284   5.000000   5.000000   0.718000   0.000707   0.268000 -11.090245    474      0
-2.2907E+00   5.477613   2.113808 -99.000000 -22.872152 -99.000000   0.000000   0.268000   0.006566   0.014000   0.025252      3
 1.0230E-02  -4.625801   3.512536 -99.000000 -99.000000  -8.284110   0.000000   0.002413   0.001460   0.014000  0.000E+00  max increase

           waiting for fully convective core to develop          10    3.1448427562736914D-02
         11   5.478171   3817.741 -21.474148 -21.474148   5.000000   5.000000   0.718000   0.000707   0.268000 -11.090242    488      0
-1.9897E+00   5.477621   2.113794 -99.000000 -22.872016 -99.000000   0.000000   0.268000   0.006566   0.014000   0.025252      3
 2.0470E-02  -4.625788   3.509507 -99.000000 -99.000000  -8.280246   0.000000   0.002413   0.001460   0.014000  0.000E+00  max increase

           waiting for fully convective core to develop          11    3.1446824100448578D-02
         12   5.478186   3816.159 -21.473884 -21.473884   5.000000   5.000000   0.718000   0.000707   0.268000 -11.090237    471      0
-1.6887E+00   5.477636   2.113830 -99.000000 -22.871753 -99.000000   0.000000   0.268000   0.006566   0.014000   0.025252      3
 4.0950E-02  -4.625762   3.508859 -99.000000 -99.000000  -8.279362   0.000000   0.002413   0.001460   0.014000  0.000E+00  max increase

           waiting for fully convective core to develop          12    2.6843280087027938D-02
         13   5.478216   3816.895 -21.473374 -21.473374   5.000000   5.000000   0.718000   0.000707   0.268000 -11.090227    488      0
-1.3876E+00   5.477667   2.113892 -99.000000 -22.871242 -99.000000   0.000000   0.268000   0.006566   0.014000   0.025251      3
 8.1910E-02  -4.625712   3.509319 -99.000000 -99.000000  -8.279871   0.000000   0.002413   0.001460   0.014000  0.000E+00  max increase

           waiting for fully convective core to develop          13    2.2185931741179783D-02
         14   5.478277   3818.062 -21.472383 -21.472383   5.000000   5.000000   0.718000   0.000707   0.268000 -11.090206    471      0
-1.0866E+00   5.477729   2.113943 -99.000000 -22.870251 -99.000000   0.000000   0.268000   0.006566   0.014000   0.025249      2
 1.6383E-01  -4.625610   3.509951 -99.000000 -99.000000  -8.280617   0.000000   0.002413   0.001460   0.014000  0.000E+00  max increase

           waiting for fully convective core to develop          14    2.4532010932732675D-04
         15   5.478399   3818.896 -21.470459 -21.470459   5.000000   5.000000   0.718000   0.000707   0.268000 -11.090165    488      0
-7.8558E-01   5.477854   2.113934 -99.000000 -22.868327 -99.000000   0.000000   0.268000   0.006566   0.014000   0.025246      3
 3.2767E-01  -4.625404   3.510312 -37.026689 -99.000000  -8.281094   0.000000   0.002413   0.001460   0.014000  0.000E+00  max increase

           waiting for fully convective core to develop          15    2.5421015518397737D-04
         16   5.478604   3819.419 -21.466958 -21.466958   5.000000   5.000000   0.718000   0.000707   0.268000 -11.090080    471      0
-4.8455E-01   5.478112   2.113809 -99.000000 -22.864826 -99.000000   0.000000   0.268000   0.006566   0.014000   0.025239      3
 6.5535E-01  -4.624981   3.510301 -99.000000 -99.000000  -8.281247   0.000000   0.002413   0.001460   0.014000  0.000E+00  max increase

           waiting for fully convective core to develop          16    2.5972731605091869D-04
         17   5.478952   3819.926 -21.460192 -21.460192   5.000000   5.000000   0.718000   0.000707   0.268000 -11.089909    488      0
-1.8352E-01   5.478628   2.113483 -99.000000 -22.858060 -99.000000   0.000000   0.268000   0.006566   0.014000   0.025226      3
 1.3107E+00  -4.624134   3.509879 -99.000000 -99.000000  -8.281142   0.000000   0.002413   0.001460   0.014000  0.000E+00  max increase

           waiting for fully convective core to develop          17    1.4590456931661033D-04
         18   5.479651   3820.753 -21.446798 -21.446798   5.000000   5.000000   0.718000   0.000707   0.268000 -11.089570    471      0
 1.1751E-01   5.479651   2.112789 -99.000000 -22.844666 -99.000000   0.000000   0.268000   0.006566   0.014000   0.025199      3
 2.6214E+00  -4.622452   3.508868 -99.000000 -99.000000  -8.280773   0.000000   0.002413   0.001460   0.014000  0.000E+00  max increase

           waiting for fully convective core to develop          18    1.3653042620706118D-04
         19   5.481678   3822.350 -21.420253 -21.420253   5.000000   5.000000   0.718000   0.000707   0.268000 -11.088892    488      0
 4.1854E-01   5.481678   2.111396 -99.000000 -22.818121 -99.000000   0.000000   0.268000   0.006566   0.014000   0.025146      3
 5.2429E+00  -4.619119   3.506808 -99.000000 -99.000000  -8.279994   0.000000   0.002413   0.001460   0.014000  0.000E+00  max increase

           waiting for fully convective core to develop          19    1.3166535203573292D-04

__________________________________________________________________________________________________________________________________________________

       step    lg_Tmax     Teff     lg_LH      lg_Lnuc_tot     Mass       H_rich     H_cntr     N_cntr     Y_surf   eta_cntr   zones  retry
  lg_dt_yrs    lg_Tcntr    lg_R     lg_L3a     lg_Lneu     lg_Mdot    He_core    He_cntr    O_cntr     Z_surf   gam_cntr   iters  
    age_yrs    lg_Dcntr    lg_L     lg_LZ      lg_Lphoto   lg_Dsurf   CO_core    C_cntr     Ne_cntr    Z_cntr   v_div_cs       dt_limit
__________________________________________________________________________________________________________________________________________________

         20   5.484605   3825.481 -21.368093 -21.368093   5.000000   5.000000   0.718000   0.000707   0.268000 -11.081189    471      0
 7.1957E-01   5.484605   2.108650 -99.000000 -22.765961 -99.000000   0.000000   0.268000   0.006566   0.014000   0.025126      3
 1.0486E+01  -4.611386   3.502739 -99.000000 -99.000000  -8.278445   0.000000   0.002413   0.001460   0.014000  0.000E+00  max increase

           waiting for fully convective core to develop          20    7.2613483605820162D-05
         21   5.489806   3831.635 -21.267143 -21.267143   5.000000   5.000000   0.718000   0.000707   0.268000 -11.063391    488      0
 1.0206E+00   5.489806   2.103323 -99.000000 -22.665012 -99.000000   0.000000   0.268000   0.006566   0.014000   0.025124      3
 2.0972E+01  -4.595859   3.494875 -36.725659 -99.000000  -8.275469   0.000000   0.002413   0.001460   0.014000  0.000E+00  max increase

             relative mass of radiative core still tiny          21    7.8178720637825383D-08
         22   5.499620   3843.043 -21.077423 -21.077423   5.000000   5.000000   0.718000   0.000707   0.268000 -11.029780    472      0
 1.3216E+00   5.499620   2.093265 -99.000000 -22.475291 -99.000000   0.000000   0.268000   0.006566   0.014000   0.025122      3
 4.1943E+01  -4.566548   3.479925 -99.000000 -99.000000  -8.269674   0.000000   0.002413   0.001460   0.014000  0.000E+00  max increase

             relative mass of radiative core still tiny          22    7.8178720415780778D-08
         23   5.513872   3860.287 -20.803829 -20.803829   5.000000   5.000000   0.718000   0.000707   0.268000 -10.980915    491      0
 1.5200E+00   5.513872   2.078649 -99.000000 -22.201697 -99.000000   0.000000   0.268000   0.006566   0.014000   0.025118      3
 7.5057E+01  -4.523960   3.458470 -36.725659 -99.000000  -8.261474   0.000000   0.002413   0.001460   0.014000  0.000E+00    varcontrol

             relative mass of radiative core still tiny          23    7.8178719971691568D-08
         24   5.530834   3881.029 -20.481356 -20.481356   5.000000   5.000000   0.718000   0.000707   0.268000 -10.922693    475      0
 1.6387E+00   5.530834   2.061244 -99.000000 -21.879225 -99.000000   0.000000   0.268000   0.006566   0.014000   0.025115      3
 1.1858E+02  -4.473247   3.432968 -99.000000 -99.000000  -8.251539   0.000000   0.002413   0.001460   0.014000  0.000E+00    varcontrol

             relative mass of radiative core still tiny          24    7.8178720637825383D-08
         25   5.549144   3903.293 -20.137146 -20.137146   5.000000   5.000000   0.718000   0.000707   0.268000 -10.859769    492      0
 1.7185E+00   5.549144   2.042445 -99.000000 -21.535014 -99.000000   0.000000   0.268000   0.006566   0.014000   0.025112      3
 1.7088E+02  -4.418472   3.405309 -99.000000 -99.000000  -8.240338   0.000000   0.002413   0.001460   0.014000  0.000E+00    varcontrol

             relative mass of radiative core still tiny          25    7.8178719305557753D-08
         26   5.568067   3926.974 -19.785685 -19.785685   5.000000   5.000000   0.718000   0.000707   0.268000 -10.794676    485      0
 1.7807E+00   5.568067   2.023008 -99.000000 -21.183553 -99.000000   0.000000   0.268000   0.006566   0.014000   0.025110      3
 2.3123E+02  -4.361836   3.376942 -99.000000 -99.000000  -8.228587   0.000000   0.002413   0.001460   0.014000  0.000E+00    varcontrol

             relative mass of radiative core still tiny          26    7.8178719527602358D-08
         27   5.587240   3949.679 -19.433994 -19.433994   5.000000   5.000000   0.718000   0.000707   0.268000 -10.728673    502      0
 1.8354E+00   5.587240   2.003314 -99.000000 -20.831862 -99.000000   0.000000   0.268000   0.006566   0.014000   0.025107      3
 2.9968E+02  -4.304430   3.347570 -99.000000 -99.000000  -8.215510   0.000000   0.002413   0.001460   0.014000  0.000E+00    varcontrol

             relative mass of radiative core still tiny          27    7.8178720415780778D-08
         28   5.606527   3974.431 -19.084646 -19.084646   5.000000   5.000000   0.718000   0.000707   0.268000 -10.662246    491      0
 1.8864E+00   5.606527   1.983495 -99.000000 -20.482514 -99.000000   0.000000   0.268000   0.006566   0.014000   0.025105      3
 3.7667E+02  -4.246669   3.318783 -99.000000 -99.000000  -8.202556   0.000000   0.002413   0.001460   0.014000  0.000E+00    varcontrol

             relative mass of radiative core still tiny          28    7.8178720193736173D-08
         29   5.625876   3999.267 -18.738598 -18.738598   5.000000   5.000000   0.718000   0.000707   0.268000 -10.595586    504      0
 1.9364E+00   5.625876   1.963614 -99.000000 -20.136466 -99.000000   0.000000   0.268000   0.006566   0.014000   0.025104      3
 4.6305E+02  -4.188714   3.289843 -99.000000 -99.000000  -8.188806   0.000000   0.002413   0.001460   0.014000  0.000E+00    varcontrol

             relative mass of radiative core still tiny          29    7.8178719971691568D-08

__________________________________________________________________________________________________________________________________________________

       step    lg_Tmax     Teff     lg_LH      lg_Lnuc_tot     Mass       H_rich     H_cntr     N_cntr     Y_surf   eta_cntr   zones  retry
  lg_dt_yrs    lg_Tcntr    lg_R     lg_L3a     lg_Lneu     lg_Mdot    He_core    He_cntr    O_cntr     Z_surf   gam_cntr   iters  
    age_yrs    lg_Dcntr    lg_L     lg_LZ      lg_Lphoto   lg_Dsurf   CO_core    C_cntr     Ne_cntr    Z_cntr   v_div_cs       dt_limit
__________________________________________________________________________________________________________________________________________________

         30   5.645262   4023.570 -18.396222 -18.396222   5.000000   5.000000   0.718000   0.000707   0.268000 -10.528773    510      0
 1.9863E+00   5.645262   1.943697 -99.000000 -19.794090 -99.000000   0.000000   0.268000   0.006566   0.014000   0.025102      3
 5.5993E+02  -4.130636   3.260535 -99.000000 -99.000000  -8.174119   0.000000   0.002413   0.001460   0.014000  0.000E+00    varcontrol

             relative mass of radiative core still tiny          30    7.8178719971691568D-08
         31   5.664700   4047.162 -18.057225 -18.057225   5.000000   5.000000   0.718000   0.000707   0.268000 -10.461748    510      0
 2.0369E+00   5.664700   1.923732 -99.000000 -19.455093 -99.000000   0.000000   0.268000   0.006566   0.014000   0.025101      3
 6.6880E+02  -4.072389   3.230761 -99.000000 -99.000000  -8.158562   0.000000   0.002413   0.001460   0.014000  0.000E+00    varcontrol

             relative mass of radiative core still tiny          31    7.8178719749646963D-08
         32   5.684174   4073.242 -17.721823 -17.721823   5.000000   5.000000   0.718000   0.000707   0.268000 -10.394554    502      0
 2.0864E+00   5.684174   1.903725 -99.000000 -19.119691 -99.000000   0.000000   0.268000   0.006566   0.014000   0.025100      3
 7.9080E+02  -4.014015   3.201904 -99.000000 -99.000000  -8.143228   0.000000   0.002413   0.001460   0.014000  0.000E+00    varcontrol

             relative mass of radiative core still tiny          32    7.8178719305557753D-08
         33   5.703582   4097.823 -17.391698 -17.391698   5.000000   5.000000   0.718000   0.000707   0.268000 -10.327537    504      0
 2.1340E+00   5.703582   1.883792 -99.000000 -18.789566 -99.000000   0.000000   0.268000   0.006566   0.014000   0.025099      3
 9.2694E+02  -3.955819   3.172491 -99.000000 -99.000000  -8.127077   0.000000   0.002413   0.001460   0.014000  0.000E+00    varcontrol

             relative mass of radiative core still tiny          33    7.8178719749646963D-08
         34   5.722906   4122.916 -17.067089 -17.067089   5.000000   5.000000   0.718000   0.000707   0.268000 -10.260780    508      0
 2.1807E+00   5.722906   1.863950 -99.000000 -18.464957 -99.000000   0.000000   0.268000   0.006566   0.014000   0.025099      3
 1.0785E+03  -3.897863   3.143412 -99.000000 -99.000000  -8.110819   0.000000   0.002413   0.001460   0.014000  0.000E+00    varcontrol

             relative mass of radiative core still tiny          34    7.8178719749646963D-08
         35   5.742186   4147.342 -16.747232 -16.747232   5.000000   5.000000   0.718000   0.000707   0.268000 -10.194160    511      0
 2.2285E+00   5.742186   1.844162 -99.000000 -18.145100 -99.000000   0.000000   0.268000   0.006566   0.014000   0.025099      3
 1.2478E+03  -3.840030   3.114097 -99.000000 -99.000000  -8.094178   0.000000   0.002413   0.001460   0.014000  0.000E+00    varcontrol

             relative mass of radiative core still tiny          35    7.8178719749646963D-08
         36   5.761423   4172.215 -16.432031 -16.432031   5.000000   5.000000   0.718000   0.000707   0.268000 -10.127684    510      0
 2.2760E+00   5.761423   1.824426 -99.000000 -17.829900 -99.000000   0.000000   0.268000   0.006566   0.014000   0.025099      3
 1.4366E+03  -3.782324   3.085011 -99.000000 -99.000000  -8.077508   0.000000   0.002413   0.001460   0.014000  0.000E+00    varcontrol

             relative mass of radiative core still tiny          36    7.8178719971691568D-08
         37   5.780600   4196.135 -16.121687 -16.121687   5.000000   5.000000   0.718000   0.000707   0.268000 -10.061417    515      0
 2.3233E+00   5.780600   1.804763 -99.000000 -17.519555 -99.000000   0.000000   0.268000   0.006566   0.014000   0.025099      3
 1.6471E+03  -3.724799   3.055618 -99.000000 -99.000000  -8.060575   0.000000   0.002413   0.001460   0.014000  0.000E+00    varcontrol

             relative mass of radiative core still tiny          37    7.8178719971691568D-08
         38   5.799779   4221.580 -15.815096 -15.815096   5.000000   5.000000   0.718000   0.000707   0.268000  -9.995134    516      0
 2.3714E+00   5.799779   1.785105 -99.000000 -17.212964 -99.000000   0.000000   0.268000   0.006566   0.014000   0.025099      3
 1.8823E+03  -3.667265   3.026804 -99.000000 -99.000000  -8.043927   0.000000   0.002413   0.001460   0.014000  0.000E+00    varcontrol

             relative mass of radiative core still tiny          38    7.8178719527602358D-08
         39   5.818966   4246.396 -15.512072 -15.512072   5.000000   5.000000   0.718000   0.000707   0.268000  -9.928795    517      0
 2.4201E+00   5.818966   1.765447 -99.000000 -16.909940 -99.000000   0.000000   0.268000   0.006566   0.014000   0.025099      3
 2.1454E+03  -3.609693   2.997670 -99.000000 -99.000000  -8.027115   0.000000   0.002413   0.001460   0.014000  0.000E+00    varcontrol

             relative mass of radiative core still tiny          39    7.8178719971691568D-08

__________________________________________________________________________________________________________________________________________________

       step    lg_Tmax     Teff     lg_LH      lg_Lnuc_tot     Mass       H_rich     H_cntr     N_cntr     Y_surf   eta_cntr   zones  retry
  lg_dt_yrs    lg_Tcntr    lg_R     lg_L3a     lg_Lneu     lg_Mdot    He_core    He_cntr    O_cntr     Z_surf   gam_cntr   iters  
    age_yrs    lg_Dcntr    lg_L     lg_LZ      lg_Lphoto   lg_Dsurf   CO_core    C_cntr     Ne_cntr    Z_cntr   v_div_cs       dt_limit
__________________________________________________________________________________________________________________________________________________

         40   5.838155   4271.221 -15.212653 -15.212653   5.000000   5.000000   0.718000   0.000707   0.268000  -9.862408    525      0
 2.4687E+00   5.838155   1.745794 -99.000000 -16.610521 -99.000000   0.000000   0.268000   0.006566   0.014000   0.025099      3
 2.4396E+03  -3.552100   2.968490 -99.000000 -99.000000  -8.010280   0.000000   0.002413   0.001460   0.014000  0.000E+00    varcontrol

             relative mass of radiative core still tiny          40    7.8178720193736173D-08
         41   5.857339   4295.726 -14.916882 -14.916882   5.000000   5.000000   0.718000   0.000707   0.268000  -9.795983    528      0
 2.5173E+00   5.857339   1.726152 -99.000000 -16.314750 -99.000000   0.000000   0.268000   0.006566   0.014000   0.025100      3
 2.7686E+03  -3.494499   2.939144 -99.000000 -99.000000  -7.993347   0.000000   0.002413   0.001460   0.014000  0.000E+00    varcontrol

             relative mass of radiative core still tiny          41    7.8178719527602358D-08
         42   5.876509   4320.596 -14.624862 -14.624862   5.000000   5.000000   0.718000   0.000707   0.268000  -9.729555    528      0
 2.5655E+00   5.876509   1.706529 -99.000000 -16.022730 -99.000000   0.000000   0.268000   0.006566   0.014000   0.025102      3
 3.1363E+03  -3.436920   2.909927 -99.000000 -99.000000  -7.976450   0.000000   0.002413   0.001460   0.014000  0.000E+00    varcontrol

             relative mass of radiative core still tiny          42    7.8178720193736173D-08
         43   5.895638   4344.672 -14.336970 -14.336970   5.000000   5.000000   0.718000   0.000707   0.268000  -9.663239    532      0
 2.6133E+00   5.895638   1.686959 -99.000000 -15.734838 -99.000000   0.000000   0.268000   0.006566   0.014000   0.025103      3
 3.5468E+03  -3.379453   2.880440 -99.000000 -99.000000  -7.959378   0.000000   0.002413   0.001460   0.014000  0.000E+00    varcontrol

             relative mass of radiative core still tiny          43    7.8178719971691568D-08
         44   5.914771   4370.019 -14.052504 -14.052504   5.000000   5.000000   0.718000   0.000707   0.268000  -9.596907    539      0
 2.6615E+00   5.914771   1.667394 -99.000000 -15.450372 -99.000000   0.000000   0.268000   0.006566   0.014000   0.025105      3
 4.0055E+03  -3.321974   2.851415 -99.000000 -99.000000  -7.942457   0.000000   0.002413   0.001460   0.014000  0.000E+00    varcontrol

             relative mass of radiative core still tiny          44    7.8178720637825383D-08
         45   5.933861   4392.396 -13.772119 -13.772119   5.000000   5.000000   0.718000   0.000707   0.268000  -9.530748    538      0
 2.7097E+00   5.933861   1.647890 -99.000000 -15.169987 -99.000000   0.000000   0.268000   0.006566   0.014000   0.025106      3
 4.5180E+03  -3.264633   2.821280 -29.199910 -99.000000  -7.924951   0.000000   0.002413   0.001460   0.014000  0.000E+00    varcontrol

             relative mass of radiative core still tiny          45    7.8178720859869988D-08
         46   5.952957   4418.155 -13.495042 -13.495042   5.000000   5.000000   0.718000   0.000707   0.268000  -9.464606    538      0
 2.7577E+00   5.952957   1.628391 -99.000000 -14.892910 -99.000000   0.000000   0.268000   0.006566   0.014000   0.025107      3
 5.0905E+03  -3.207290   2.792438 -99.000000 -99.000000  -7.907921   0.000000   0.002413   0.001460   0.014000  0.000E+00    varcontrol

             relative mass of radiative core still tiny          46    7.8178720859869988D-08
         47   5.972080   4443.525 -13.220919 -13.220919   5.000000   5.000000   0.718000   0.000707   0.268000  -9.398410    545      0
 2.8065E+00   5.972080   1.608878 -99.000000 -14.618787 -99.000000   0.000000   0.268000   0.006566   0.014000   0.025108      3
 5.7309E+03  -3.149882   2.763361 -99.000000 -99.000000  -7.890637   0.000000   0.002413   0.001460   0.014000  0.000E+00    varcontrol

             relative mass of radiative core still tiny          47    7.8178720415780778D-08
         48   5.991163   4466.729 -12.950621 -12.950621   5.000000   5.000000   0.718000   0.000707   0.268000  -9.332379    545      0
 2.8545E+00   5.991163   1.589421 -99.000000 -14.348489 -99.000000   0.000000   0.268000   0.006566   0.014000   0.025108      3
 6.4462E+03  -3.092603   2.733495 -99.000000 -99.000000  -7.872893   0.000000   0.002413   0.001460   0.014000  0.000E+00    varcontrol

             relative mass of radiative core still tiny          48    7.8178720637825383D-08
         49   6.010236   4492.466 -12.683663 -12.683663   5.000000   5.000000   0.718000   0.000707   0.268000  -9.266402    552      0
 2.9022E+00   6.010236   1.569983 -99.000000 -14.081531 -99.000000   0.000000   0.268000   0.006566   0.014000   0.025109      3
 7.2447E+03  -3.035363   2.704599 -99.000000 -99.000000  -7.855361   0.000000   0.002413   0.001460   0.014000  0.000E+00    varcontrol

             relative mass of radiative core still tiny          49    7.8178719971691568D-08

__________________________________________________________________________________________________________________________________________________

       step    lg_Tmax     Teff     lg_LH      lg_Lnuc_tot     Mass       H_rich     H_cntr     N_cntr     Y_surf   eta_cntr   zones  retry
  lg_dt_yrs    lg_Tcntr    lg_R     lg_L3a     lg_Lneu     lg_Mdot    He_core    He_cntr    O_cntr     Z_surf   gam_cntr   iters  
    age_yrs    lg_Dcntr    lg_L     lg_LZ      lg_Lphoto   lg_Dsurf   CO_core    C_cntr     Ne_cntr    Z_cntr   v_div_cs       dt_limit
__________________________________________________________________________________________________________________________________________________

         50   6.029330   4517.260 -12.419543 -12.419543   5.000000   5.000000   0.718000   0.000707   0.268000  -9.200361    560      0
 2.9512E+00   6.029330   1.550534 -99.000000 -13.817411 -99.000000   0.000000   0.268000   0.006566   0.014000   0.025109      3
 8.1383E+03  -2.978062   2.675262 -99.000000 -99.000000  -7.837491   0.000000   0.002413   0.001460   0.014000  0.000E+00    varcontrol

             relative mass of radiative core still tiny          50    7.8178719305557753D-08
         51   6.048331   4540.895 -12.158791 -12.158791   5.000000   5.000000   0.718000   0.000707   0.268000  -9.133944    555      0
 2.9996E+00   6.048331   1.531116 -99.000000 -13.556659 -99.000000   0.000000   0.268000   0.006566   0.014000   0.025115      3
 9.1374E+03  -2.920737   2.645491 -99.000000 -99.000000  -7.819346   0.000000   0.002413   0.001460   0.014000  0.000E+00    varcontrol

             relative mass of radiative core still tiny          51    7.8178719083513148D-08
         52   6.066822   4565.876 -11.901714 -11.901714   5.000000   5.000000   0.718000   0.000707   0.268000  -9.064527    559      0
 3.0473E+00   6.066822   1.511737 -99.000000 -13.299582 -99.000000   0.000000   0.268000   0.006566   0.014000   0.025162      3
 1.0252E+04  -2.862872   2.616265 -99.000000 -99.000000  -7.801282   0.000000   0.002413   0.001460   0.014000  0.000E+00    varcontrol

                 finished relax to begin radiative core          52    2.7202131916662037D-03

 finished doing relax_to_radiative_core

 read my_history_columns.list
 read my_profile_columns.list
                                 set_initial_dt (years)    1.0000000000000000D+00
                             set_initial_number_retries           0
 net name basic.net
 kap_option gs98
 kap_CO_option gs98_co
 kap_lowT_option lowT_fa05_gs98
                                        OMP_NUM_THREADS          16


__________________________________________________________________________________________________________________________________________________

       step    lg_Tmax     Teff     lg_LH      lg_Lnuc_tot     Mass       H_rich     H_cntr     N_cntr     Y_surf   eta_cntr   zones  retry
  lg_dt_yrs    lg_Tcntr    lg_R     lg_L3a     lg_Lneu     lg_Mdot    He_core    He_cntr    O_cntr     Z_surf   gam_cntr   iters  
    age_yrs    lg_Dcntr    lg_L     lg_LZ      lg_Lphoto   lg_Dsurf   CO_core    C_cntr     Ne_cntr    Z_cntr   v_div_cs       dt_limit
__________________________________________________________________________________________________________________________________________________

          1   6.066839   4565.890 -11.901484 -11.901484   5.000000   5.000000   0.718000   0.000707   0.268000  -9.064465    559      0
 0.0000E+00   6.066839   1.511720 -99.000000 -13.299352  -9.663190   0.000000   0.268000   0.006566   0.014000   0.025162      2
 1.0000E+00  -2.862820   2.616235 -99.000000 -99.000000  -7.801292   0.000000   0.002413   0.001460   0.014000  0.000E+00    varcontrol

save LOGS/profile1.data for model 1
 Loading precomputed flux cube from:/home/njm/MESA/mesa/colors/data/stellar_models/Kurucz2003all//flux_cube.bin
 Loaded flux cube with dimensions:          76 x          11 x           9 x        1173
 Performing interpolation at target parameters...
 Interpolation complete
          2   6.066859   4566.757 -11.901209 -11.901209   5.000000   5.000000   0.718000   0.000707   0.268000  -9.064390    562      0
 7.9181E-02   6.066859   1.511698 -99.000000 -13.299077  -9.663245   0.000000   0.268000   0.006566   0.014000   0.025162      3
 2.2000E+00  -2.862758   2.616522 -99.000000 -99.000000  -7.801374   0.000000   0.002413   0.001460   0.014000  0.000E+00  max increase

 Loading precomputed flux cube from:/home/njm/MESA/mesa/colors/data/stellar_models/Kurucz2003all//flux_cube.bin
 Loaded flux cube with dimensions:          76 x          11 x           9 x        1173
 Performing interpolation at target parameters...
 Interpolation complete
          3   6.066883   4566.787 -11.900879 -11.900879   5.000000   5.000000   0.718000   0.000707   0.268000  -9.064300    562      0
 1.5836E-01   6.066883   1.511673 -99.000000 -13.298747  -9.662876   0.000000   0.268000   0.006566   0.014000   0.025162      2
 3.6400E+00  -2.862683   2.616483 -99.000000 -99.000000  -7.801351   0.000000   0.002413   0.001460   0.014000  0.000E+00  max increase

 Loading precomputed flux cube from:/home/njm/MESA/mesa/colors/data/stellar_models/Kurucz2003all//flux_cube.bin
 Loaded flux cube with dimensions:          76 x          11 x           9 x        1173
 Performing interpolation at target parameters...
 Interpolation complete
          4   6.066911   4566.824 -11.900483 -11.900483   5.000000   5.000000   0.718000   0.000707   0.268000  -9.064193    562      0
 2.3754E-01   6.066911   1.511643 -99.000000 -13.298351  -9.662949   0.000000   0.268000   0.006566   0.014000   0.025162      2
 5.3680E+00  -2.862593   2.616437 -99.000000 -99.000000  -7.801322   0.000000   0.002413   0.001460   0.014000  0.000E+00  max increase

 Loading precomputed flux cube from:/home/njm/MESA/mesa/colors/data/stellar_models/Kurucz2003all//flux_cube.bin
 Loaded flux cube with dimensions:          76 x          11 x           9 x        1173
 Performing interpolation at target parameters...
 Interpolation complete
          5   6.066946   4566.868 -11.900007 -11.900007   5.000000   5.000000   0.718000   0.000707   0.268000  -9.064064    562      0
 3.1672E-01   6.066946   1.511607 -99.000000 -13.297875  -9.663036   0.000000   0.268000   0.006566   0.014000   0.025162      2
 7.4416E+00  -2.862486   2.616382 -27.694760 -99.000000  -7.801288   0.000000   0.002413   0.001460   0.014000  0.000E+00  max increase

 Loading precomputed flux cube from:/home/njm/MESA/mesa/colors/data/stellar_models/Kurucz2003all//flux_cube.bin
 Loaded flux cube with dimensions:          76 x          11 x           9 x        1173
 Performing interpolation at target parameters...
 Interpolation complete
          6   6.066987   4566.922 -11.899437 -11.899437   5.000000   5.000000   0.718000   0.000707   0.268000  -9.063909    562      0
 3.9591E-01   6.066987   1.511564 -99.000000 -13.297305  -9.663141   0.000000   0.268000   0.006566   0.014000   0.025162      2
 9.9299E+00  -2.862357   2.616316 -99.000000 -99.000000  -7.801247   0.000000   0.002413   0.001460   0.014000  0.000E+00  max increase

 Loading precomputed flux cube from:/home/njm/MESA/mesa/colors/data/stellar_models/Kurucz2003all//flux_cube.bin
 Loaded flux cube with dimensions:          76 x          11 x           9 x        1173
 Performing interpolation at target parameters...
 Interpolation complete
          7   6.067036   4566.985 -11.898753 -11.898753   5.000000   5.000000   0.718000   0.000707   0.268000  -9.063723    562      0
 4.7509E-01   6.067036   1.511512 -99.000000 -13.296621  -9.663267   0.000000   0.268000   0.006566   0.014000   0.025162      2
 1.2916E+01  -2.862202   2.616236 -99.000000 -99.000000  -7.801199   0.000000   0.002413   0.001460   0.014000  0.000E+00  max increase

 Loading precomputed flux cube from:/home/njm/MESA/mesa/colors/data/stellar_models/Kurucz2003all//flux_cube.bin
 Loaded flux cube with dimensions:          76 x          11 x           9 x        1173
 Performing interpolation at target parameters...
 Interpolation complete
          8   6.067096   4567.062 -11.897933 -11.897933   5.000000   5.000000   0.718000   0.000707   0.268000  -9.063500    562      0
 5.5427E-01   6.067096   1.511450 -99.000000 -13.295801  -9.663417   0.000000   0.268000   0.006566   0.014000   0.025162      2
 1.6499E+01  -2.862016   2.616141 -99.000000 -99.000000  -7.801140   0.000000   0.002413   0.001460   0.014000  0.000E+00  max increase

 Loading precomputed flux cube from:/home/njm/MESA/mesa/colors/data/stellar_models/Kurucz2003all//flux_cube.bin
 Loaded flux cube with dimensions:          76 x          11 x           9 x        1173
 Performing interpolation at target parameters...
 Interpolation complete
          9   6.067167   4567.154 -11.896949 -11.896949   5.000000   5.000000   0.718000   0.000707   0.268000  -9.063233    562      0
 6.3345E-01   6.067167   1.511375 -99.000000 -13.294817  -9.663598   0.000000   0.268000   0.006566   0.014000   0.025162      2
 2.0799E+01  -2.861793   2.616027 -99.000000 -99.000000  -7.801070   0.000000   0.002413   0.001460   0.014000  0.000E+00  max increase

 Loading precomputed flux cube from:/home/njm/MESA/mesa/colors/data/stellar_models/Kurucz2003all//flux_cube.bin
 Loaded flux cube with dimensions:          76 x          11 x           9 x        1173
 Performing interpolation at target parameters...
 Interpolation complete

__________________________________________________________________________________________________________________________________________________

       step    lg_Tmax     Teff     lg_LH      lg_Lnuc_tot     Mass       H_rich     H_cntr     N_cntr     Y_surf   eta_cntr   zones  retry
  lg_dt_yrs    lg_Tcntr    lg_R     lg_L3a     lg_Lneu     lg_Mdot    He_core    He_cntr    O_cntr     Z_surf   gam_cntr   iters  
    age_yrs    lg_Dcntr    lg_L     lg_LZ      lg_Lphoto   lg_Dsurf   CO_core    C_cntr     Ne_cntr    Z_cntr   v_div_cs       dt_limit
__________________________________________________________________________________________________________________________________________________

         10   6.067252   4567.264 -11.895768 -11.895768   5.000000   5.000000   0.718000   0.000707   0.268000  -9.062912    562      0
 7.1263E-01   6.067252   1.511286 -99.000000 -13.293636  -9.663815   0.000000   0.268000   0.006566   0.014000   0.025163      2
 2.5959E+01  -2.861526   2.615890 -99.000000 -99.000000  -7.800985   0.000000   0.002413   0.001460   0.014000  0.000E+00  max increase

 Loading precomputed flux cube from:/home/njm/MESA/mesa/colors/data/stellar_models/Kurucz2003all//flux_cube.bin
 Loaded flux cube with dimensions:          76 x          11 x           9 x        1173
 Performing interpolation at target parameters...
 Interpolation complete
         11   6.067355   4567.396 -11.894353 -11.894353   5.000000   5.000000   0.718000   0.000707   0.268000  -9.062528    562      0
 7.9181E-01   6.067355   1.511178 -99.000000 -13.292221  -9.664075   0.000000   0.268000   0.006566   0.014000   0.025163      2
 3.2150E+01  -2.861205   2.615725 -99.000000 -99.000000  -7.800884   0.000000   0.002413   0.001460   0.014000  0.000E+00  max increase

 Loading precomputed flux cube from:/home/njm/MESA/mesa/colors/data/stellar_models/Kurucz2003all//flux_cube.bin
 Loaded flux cube with dimensions:          76 x          11 x           9 x        1173
 Performing interpolation at target parameters...
 Interpolation complete
         12   6.067478   4567.554 -11.892656 -11.892656   5.000000   5.000000   0.718000   0.000707   0.268000  -9.062066    562      0
 8.7099E-01   6.067478   1.511050 -99.000000 -13.290524  -9.664387   0.000000   0.268000   0.006566   0.014000   0.025163      2
 3.9581E+01  -2.860821   2.615528 -99.000000 -99.000000  -7.800763   0.000000   0.002413   0.001460   0.014000  0.000E+00  max increase

 Loading precomputed flux cube from:/home/njm/MESA/mesa/colors/data/stellar_models/Kurucz2003all//flux_cube.bin
 Loaded flux cube with dimensions:          76 x          11 x           9 x        1173
 Performing interpolation at target parameters...
 Interpolation complete
         13   6.067625   4567.743 -11.890622 -11.890622   5.000000   5.000000   0.718000   0.000707   0.268000  -9.061513    562      0
 9.5017E-01   6.067625   1.510895 -99.000000 -13.288490  -9.664761   0.000000   0.268000   0.006566   0.014000   0.025164      2
 4.8497E+01  -2.860360   2.615291 -99.000000 -99.000000  -7.800617   0.000000   0.002413   0.001460   0.014000  0.000E+00  max increase

 Loading precomputed flux cube from:/home/njm/MESA/mesa/colors/data/stellar_models/Kurucz2003all//flux_cube.bin
 Loaded flux cube with dimensions:          76 x          11 x           9 x        1173
 Performing interpolation at target parameters...
 Interpolation complete
         14   6.067801   4567.971 -11.888183 -11.888183   5.000000   5.000000   0.718000   0.000707   0.268000  -9.060850    562      0
 1.0294E+00   6.067801   1.510710 -99.000000 -13.286051  -9.665210   0.000000   0.268000   0.006566   0.014000   0.025164      2
 5.9196E+01  -2.859807   2.615008 -99.000000 -99.000000  -7.800443   0.000000   0.002413   0.001460   0.014000  0.000E+00  max increase

 Loading precomputed flux cube from:/home/njm/MESA/mesa/colors/data/stellar_models/Kurucz2003all//flux_cube.bin
 Loaded flux cube with dimensions:          76 x          11 x           9 x        1173
 Performing interpolation at target parameters...
 Interpolation complete
         15   6.068013   4568.243 -11.885261 -11.885261   5.000000   5.000000   0.718000   0.000707   0.268000  -9.060054    562      0
 1.1085E+00   6.068013   1.510489 -99.000000 -13.283129  -9.665747   0.000000   0.268000   0.006566   0.014000   0.025165      2
 7.2035E+01  -2.859145   2.614668 -99.000000 -99.000000  -7.800233   0.000000   0.002413   0.001460   0.014000  0.000E+00  max increase

 Loading precomputed flux cube from:/home/njm/MESA/mesa/colors/data/stellar_models/Kurucz2003all//flux_cube.bin
 Loaded flux cube with dimensions:          76 x          11 x           9 x        1173
 Performing interpolation at target parameters...
 Interpolation complete
         16   6.068266   4568.568 -11.881761 -11.881761   5.000000   5.000000   0.718000   0.000707   0.268000  -9.059101    562      0
 1.1877E+00   6.068266   1.510223 -99.000000 -13.279629  -9.666392   0.000000   0.268000   0.006566   0.014000   0.025165      2
 8.7442E+01  -2.858351   2.614261 -99.000000 -99.000000  -7.799983   0.000000   0.002413   0.001460   0.014000  0.000E+00  max increase

 Loading precomputed flux cube from:/home/njm/MESA/mesa/colors/data/stellar_models/Kurucz2003all//flux_cube.bin
 Loaded flux cube with dimensions:          76 x          11 x           9 x        1173
 Performing interpolation at target parameters...
 Interpolation complete
         17   6.068570   4568.958 -11.877569 -11.877569   5.000000   5.000000   0.718000   0.000707   0.268000  -9.057958    562      0
 1.2669E+00   6.068570   1.509905 -99.000000 -13.275437  -9.667165   0.000000   0.268000   0.006566   0.014000   0.025166      2
 1.0593E+02  -2.857400   2.613773 -99.000000 -99.000000  -7.799682   0.000000   0.002413   0.001460   0.014000  0.000E+00  max increase

 Loading precomputed flux cube from:/home/njm/MESA/mesa/colors/data/stellar_models/Kurucz2003all//flux_cube.bin
 Loaded flux cube with dimensions:          76 x          11 x           9 x        1173
 Performing interpolation at target parameters...
 Interpolation complete
         18   6.068933   4569.424 -11.872550 -11.872550   5.000000   5.000000   0.718000   0.000707   0.268000  -9.056589    562      0
 1.3461E+00   6.068933   1.509524 -99.000000 -13.270418  -9.668090   0.000000   0.268000   0.006566   0.014000   0.025167      2
 1.2812E+02  -2.856261   2.613188 -99.000000 -99.000000  -7.799323   0.000000   0.002413   0.001460   0.014000  0.000E+00  max increase

 Loading precomputed flux cube from:/home/njm/MESA/mesa/colors/data/stellar_models/Kurucz2003all//flux_cube.bin
 Loaded flux cube with dimensions:          76 x          11 x           9 x        1173
 Performing interpolation at target parameters...
 Interpolation complete
         19   6.069367   4569.982 -11.866545 -11.866545   5.000000   5.000000   0.718000   0.000707   0.268000  -9.054949    562      0
 1.4253E+00   6.069367   1.509068 -99.000000 -13.264413  -9.669199   0.000000   0.268000   0.006566   0.014000   0.025168      2
 1.5474E+02  -2.854897   2.612488 -99.000000 -99.000000  -7.798892   0.000000   0.002413   0.001460   0.014000  0.000E+00  max increase

 Loading precomputed flux cube from:/home/njm/MESA/mesa/colors/data/stellar_models/Kurucz2003all//flux_cube.bin
 Loaded flux cube with dimensions:          76 x          11 x           9 x        1173
 Performing interpolation at target parameters...
 Interpolation complete

__________________________________________________________________________________________________________________________________________________

       step    lg_Tmax     Teff     lg_LH      lg_Lnuc_tot     Mass       H_rich     H_cntr     N_cntr     Y_surf   eta_cntr   zones  retry
  lg_dt_yrs    lg_Tcntr    lg_R     lg_L3a     lg_Lneu     lg_Mdot    He_core    He_cntr    O_cntr     Z_surf   gam_cntr   iters  
    age_yrs    lg_Dcntr    lg_L     lg_LZ      lg_Lphoto   lg_Dsurf   CO_core    C_cntr     Ne_cntr    Z_cntr   v_div_cs       dt_limit
__________________________________________________________________________________________________________________________________________________

         20   6.069887   4570.647 -11.859365 -11.859365   5.000000   5.000000   0.718000   0.000707   0.268000  -9.052985    562      0
 1.5044E+00   6.069887   1.508523 -99.000000 -13.257233  -9.670526   0.000000   0.268000   0.006566   0.014000   0.025170      2
 1.8669E+02  -2.853265   2.611650 -99.000000 -99.000000  -7.798377   0.000000   0.002413   0.001460   0.014000  0.000E+00  max increase

 Loading precomputed flux cube from:/home/njm/MESA/mesa/colors/data/stellar_models/Kurucz2003all//flux_cube.bin
 Loaded flux cube with dimensions:          76 x          11 x           9 x        1173
 Performing interpolation at target parameters...
 Interpolation complete
         21   6.070508   4571.442 -11.850783 -11.850783   5.000000   5.000000   0.718000   0.000707   0.268000  -9.050635    562      0
 1.5836E+00   6.070508   1.507871 -99.000000 -13.248651  -9.672114   0.000000   0.268000   0.006566   0.014000   0.025171      3
 2.2503E+02  -2.851314   2.610648 -99.000000 -99.000000  -7.797760   0.000000   0.002413   0.001460   0.014000  0.000E+00  max increase

 Loading precomputed flux cube from:/home/njm/MESA/mesa/colors/data/stellar_models/Kurucz2003all//flux_cube.bin
 Loaded flux cube with dimensions:          76 x          11 x           9 x        1173
 Performing interpolation at target parameters...
 Interpolation complete
         22   6.071249   4572.389 -11.840536 -11.840536   5.000000   5.000000   0.718000   0.000707   0.268000  -9.047823    562      0
 1.6628E+00   6.071249   1.507092 -99.000000 -13.238404  -9.674013   0.000000   0.268000   0.006566   0.014000   0.025173      3
 2.7103E+02  -2.848981   2.609449 -99.000000 -99.000000  -7.797023   0.000000   0.002413   0.001460   0.014000  0.000E+00  max increase

 Loading precomputed flux cube from:/home/njm/MESA/mesa/colors/data/stellar_models/Kurucz2003all//flux_cube.bin
 Loaded flux cube with dimensions:          76 x          11 x           9 x        1173
 Performing interpolation at target parameters...
 Interpolation complete
         23   6.072134   4573.518 -11.828311 -11.828311   5.000000   5.000000   0.718000   0.000707   0.268000  -9.044462    562      0
 1.7420E+00   6.072134   1.506162 -99.000000 -13.226179  -9.676284   0.000000   0.268000   0.006566   0.014000   0.025176      3
 3.2624E+02  -2.846196   2.608018 -99.000000 -99.000000  -7.796143   0.000000   0.002413   0.001460   0.014000  0.000E+00  max increase

 Loading precomputed flux cube from:/home/njm/MESA/mesa/colors/data/stellar_models/Kurucz2003all//flux_cube.bin
 Loaded flux cube with dimensions:          76 x          11 x           9 x        1173
 Performing interpolation at target parameters...
 Interpolation complete
         24   6.073187   4574.862 -11.813744 -11.813744   5.000000   5.000000   0.718000   0.000707   0.268000  -9.040446    562      0
 1.8212E+00   6.073187   1.505053 -99.000000 -13.211612  -9.678995   0.000000   0.268000   0.006566   0.014000   0.025179      3
 3.9248E+02  -2.842872   2.606311 -99.000000 -99.000000  -7.795093   0.000000   0.002413   0.001460   0.014000  0.000E+00  max increase

 Loading precomputed flux cube from:/home/njm/MESA/mesa/colors/data/stellar_models/Kurucz2003all//flux_cube.bin
 Loaded flux cube with dimensions:          76 x          11 x           9 x        1173
 Performing interpolation at target parameters...
 Interpolation complete
         25   6.074441   4576.460 -11.796410 -11.796410   5.000000   5.000000   0.718000   0.000707   0.268000  -9.035652    562      0
 1.9003E+00   6.074441   1.503732 -99.000000 -13.194278  -9.682229   0.000000   0.268000   0.006566   0.014000   0.025183      3
 4.7198E+02  -2.838911   2.604276 -99.000000 -99.000000  -7.793842   0.000000   0.002413   0.001460   0.014000  0.000E+00  max increase

 Loading precomputed flux cube from:/home/njm/MESA/mesa/colors/data/stellar_models/Kurucz2003all//flux_cube.bin
 Loaded flux cube with dimensions:          76 x          11 x           9 x        1173
 Performing interpolation at target parameters...
 Interpolation complete
         26   6.075930   4578.358 -11.775816 -11.775816   5.000000   5.000000   0.718000   0.000707   0.268000  -9.029933    561      0
 1.9795E+00   6.075930   1.502161 -99.000000 -13.173684  -9.686083   0.000000   0.268000   0.006566   0.014000   0.025188      3
 5.6738E+02  -2.834196   2.601855 -99.000000 -99.000000  -7.792353   0.000000   0.002413   0.001460   0.014000  0.000E+00  max increase

 Loading precomputed flux cube from:/home/njm/MESA/mesa/colors/data/stellar_models/Kurucz2003all//flux_cube.bin
 Loaded flux cube with dimensions:          76 x          11 x           9 x        1173
 Performing interpolation at target parameters...
 Interpolation complete
         27   6.077695   4580.610 -11.751393 -11.751393   5.000000   5.000000   0.718000   0.000707   0.268000  -9.023120    562      0
 2.0587E+00   6.077695   1.500296 -99.000000 -13.149261  -9.690668   0.000000   0.268000   0.006566   0.014000   0.025194      3
 6.8185E+02  -2.828591   2.598980 -99.000000 -99.000000  -7.790585   0.000000   0.002413   0.001460   0.014000  0.000E+00  max increase

 Loading precomputed flux cube from:/home/njm/MESA/mesa/colors/data/stellar_models/Kurucz2003all//flux_cube.bin
 Loaded flux cube with dimensions:          76 x          11 x           9 x        1173
 Performing interpolation at target parameters...
 Interpolation complete
         28   6.079782   4583.582 -11.722488 -11.722488   5.000000   5.000000   0.718000   0.000707   0.268000  -9.015011    565      0
 2.1379E+00   6.079782   1.498086 -99.000000 -13.120356  -9.696113   0.000000   0.268000   0.006566   0.014000   0.025201      3
 8.1922E+02  -2.821940   2.595685 -99.000000 -99.000000  -7.788523   0.000000   0.002413   0.001460   0.014000  0.000E+00  max increase

 Loading precomputed flux cube from:/home/njm/MESA/mesa/colors/data/stellar_models/Kurucz2003all//flux_cube.bin
 Loaded flux cube with dimensions:          76 x          11 x           9 x        1173
 Performing interpolation at target parameters...
 Interpolation complete
         29   6.082244   4586.706 -11.688375 -11.688375   5.000000   5.000000   0.718000   0.000707   0.268000  -9.005375    565      0
 2.2171E+00   6.082244   1.495473 -99.000000 -13.086243  -9.702413   0.000000   0.268000   0.006566   0.014000   0.025211      3
 9.8407E+02  -2.814064   2.591643 -99.000000 -99.000000  -7.786038   0.000000   0.002413   0.001460   0.014000  0.000E+00  max increase

 Loading precomputed flux cube from:/home/njm/MESA/mesa/colors/data/stellar_models/Kurucz2003all//flux_cube.bin
 Loaded flux cube with dimensions:          76 x          11 x           9 x        1173
 Performing interpolation at target parameters...
 Interpolation complete

__________________________________________________________________________________________________________________________________________________

       step    lg_Tmax     Teff     lg_LH      lg_Lnuc_tot     Mass       H_rich     H_cntr     N_cntr     Y_surf   eta_cntr   zones  retry
  lg_dt_yrs    lg_Tcntr    lg_R     lg_L3a     lg_Lneu     lg_Mdot    He_core    He_cntr    O_cntr     Z_surf   gam_cntr   iters  
    age_yrs    lg_Dcntr    lg_L     lg_LZ      lg_Lphoto   lg_Dsurf   CO_core    C_cntr     Ne_cntr    Z_cntr   v_div_cs       dt_limit
__________________________________________________________________________________________________________________________________________________

         30   6.085139   4590.278 -11.648243 -11.648243   5.000000   5.000000   0.718000   0.000707   0.268000  -8.993946    563      0
 2.2963E+00   6.085139   1.492392 -99.000000 -13.046111  -9.710060   0.000000   0.268000   0.006566   0.014000   0.025223      3
 1.1819E+03  -2.804762   2.586834 -27.393730 -99.000000  -7.783094   0.000000   0.002413   0.001460   0.014000  0.000E+00  max increase

 Loading precomputed flux cube from:/home/njm/MESA/mesa/colors/data/stellar_models/Kurucz2003all//flux_cube.bin
 Loaded flux cube with dimensions:          76 x          11 x           9 x        1173
 Performing interpolation at target parameters...
 Interpolation complete
         31   6.088533   4595.400 -11.601155 -11.601155   5.000000   5.000000   0.718000   0.000707   0.268000  -8.980417    564      0
 2.3754E+00   6.088533   1.488769 -99.000000 -12.999023  -9.719132   0.000000   0.268000   0.006566   0.014000   0.025238      3
 1.4193E+03  -2.793798   2.581525 -99.000000 -99.000000  -7.779735   0.000000   0.002413   0.001460   0.014000  0.000E+00  max increase

 Loading precomputed flux cube from:/home/njm/MESA/mesa/colors/data/stellar_models/Kurucz2003all//flux_cube.bin
 Loaded flux cube with dimensions:          76 x          11 x           9 x        1173
 Performing interpolation at target parameters...
 Interpolation complete
         32   6.092493   4600.547 -11.546165 -11.546165   5.000000   5.000000   0.718000   0.000707   0.268000  -8.964444    564      0
 2.4546E+00   6.092493   1.484526 -99.000000 -12.944033  -9.729336   0.000000   0.268000   0.006566   0.014000   0.025257      3
 1.7041E+03  -2.780924   2.574984 -99.000000 -99.000000  -7.775699   0.000000   0.002413   0.001460   0.014000  0.000E+00  max increase

 Loading precomputed flux cube from:/home/njm/MESA/mesa/colors/data/stellar_models/Kurucz2003all//flux_cube.bin
 Loaded flux cube with dimensions:          76 x          11 x           9 x        1173
 Performing interpolation at target parameters...
 Interpolation complete
         33   6.097094   4606.509 -11.482247 -11.482247   5.000000   5.000000   0.718000   0.000707   0.268000  -8.945645    564      0
 2.5338E+00   6.097094   1.479579 -99.000000 -12.880115  -9.741721   0.000000   0.268000   0.006566   0.014000   0.025281      3
 2.0459E+03  -2.765862   2.567339 -99.000000 -99.000000  -7.770983   0.000000   0.002413   0.001460   0.014000  0.000E+00  max increase

 Loading precomputed flux cube from:/home/njm/MESA/mesa/colors/data/stellar_models/Kurucz2003all//flux_cube.bin
 Loaded flux cube with dimensions:          76 x          11 x           9 x        1173
 Performing interpolation at target parameters...
 Interpolation complete
         34   6.102413   4613.588 -11.408328 -11.408328   5.000000   5.000000   0.718000   0.000707   0.268000  -8.923595    566      0
 2.6130E+00   6.102413   1.473835 -99.000000 -12.806196  -9.756189   0.000000   0.268000   0.006566   0.014000   0.025312      4
 2.4561E+03  -2.748312   2.558518 -99.000000 -99.000000  -7.765520   0.000000   0.002413   0.001460   0.014000  0.000E+00  max increase

 Loading precomputed flux cube from:/home/njm/MESA/mesa/colors/data/stellar_models/Kurucz2003all//flux_cube.bin
 Loaded flux cube with dimensions:          76 x          11 x           9 x        1173
 Performing interpolation at target parameters...
 Interpolation complete
         35   6.108526   4621.377 -11.323372 -11.323372   4.999999   4.999999   0.718000   0.000707   0.268000  -8.897838    565      0
 2.6922E+00   6.108526   1.467204 -99.000000 -12.721240  -9.772911   0.000000   0.268000   0.006566   0.014000   0.025352      3
 2.9483E+03  -2.727961   2.548187 -99.000000 -99.000000  -7.759162   0.000000   0.002413   0.001460   0.014000  0.000E+00  max increase

 Loading precomputed flux cube from:/home/njm/MESA/mesa/colors/data/stellar_models/Kurucz2003all//flux_cube.bin
 Loaded flux cube with dimensions:          76 x          11 x           9 x        1173
 Performing interpolation at target parameters...
 Interpolation complete
         36   6.115524   4632.074 -11.226213 -11.226213   4.999999   4.999999   0.718000   0.000707   0.268000  -8.867883    572      0
 2.7713E+00   6.115524   1.459581 -99.000000 -12.624081  -9.792414   0.000000   0.268000   0.006566   0.014000   0.025400      4
 3.5390E+03  -2.704460   2.536958 -99.000000 -99.000000  -7.752041   0.000000   0.002413   0.001460   0.014000  0.000E+00  max increase

 Loading precomputed flux cube from:/home/njm/MESA/mesa/colors/data/stellar_models/Kurucz2003all//flux_cube.bin
 Loaded flux cube with dimensions:          76 x          11 x           9 x        1173
 Performing interpolation at target parameters...
 Interpolation complete
         37   6.123468   4642.524 -11.116053 -11.116053   4.999999   4.999999   0.718000   0.000707   0.268000  -8.833222    569      0
 2.8505E+00   6.123468   1.450891 -99.000000 -12.513921  -9.813960   0.000000   0.268000   0.006566   0.014000   0.025461      4
 4.2478E+03  -2.677497   2.523492 -99.000000 -99.000000  -7.743715   0.000000   0.002413   0.001460   0.014000  0.000E+00  max increase

 Loading precomputed flux cube from:/home/njm/MESA/mesa/colors/data/stellar_models/Kurucz2003all//flux_cube.bin
 Loaded flux cube with dimensions:          76 x          11 x           9 x        1173
 Performing interpolation at target parameters...
 Interpolation complete
         38   6.132421   4654.237 -10.992123 -10.992123   4.999999   4.999999   0.718000   0.000707   0.268000  -8.793341    567      0
 2.9297E+00   6.132421   1.441053 -99.000000 -12.389991  -9.839422   0.000000   0.268000   0.006566   0.014000   0.025537      4
 5.0984E+03  -2.646753   2.508193 -99.000000 -99.000000  -7.734266   0.000000   0.002413   0.001460   0.014000  0.000E+00  max increase

 Loading precomputed flux cube from:/home/njm/MESA/mesa/colors/data/stellar_models/Kurucz2003all//flux_cube.bin
 Loaded flux cube with dimensions:          76 x          11 x           9 x        1173
 Performing interpolation at target parameters...
 Interpolation complete
         39   6.142463   4669.339 -10.853595 -10.853595   4.999999   4.999999   0.718000   0.000707   0.268000  -8.747723    578      0
 3.0089E+00   6.142463   1.429981 -99.000000 -12.251463  -9.868320   0.000000   0.268000   0.006566   0.014000   0.025631      4
 6.1190E+03  -2.611885   2.491677 -99.000000 -99.000000  -7.723830   0.000000   0.002413   0.001460   0.014000  0.000E+00  max increase

 Loading precomputed flux cube from:/home/njm/MESA/mesa/colors/data/stellar_models/Kurucz2003all//flux_cube.bin
 Loaded flux cube with dimensions:          76 x          11 x           9 x        1173
 Performing interpolation at target parameters...
 Interpolation complete

__________________________________________________________________________________________________________________________________________________

       step    lg_Tmax     Teff     lg_LH      lg_Lnuc_tot     Mass       H_rich     H_cntr     N_cntr     Y_surf   eta_cntr   zones  retry
  lg_dt_yrs    lg_Tcntr    lg_R     lg_L3a     lg_Lneu     lg_Mdot    He_core    He_cntr    O_cntr     Z_surf   gam_cntr   iters  
    age_yrs    lg_Dcntr    lg_L     lg_LZ      lg_Lphoto   lg_Dsurf   CO_core    C_cntr     Ne_cntr    Z_cntr   v_div_cs       dt_limit
__________________________________________________________________________________________________________________________________________________

         40   6.153616   4684.105 -10.700345 -10.700345   4.999999   4.999999   0.718000   0.000707   0.268000  -8.695888    571      0
 3.0881E+00   6.153616   1.417647 -99.000000 -12.098213  -9.899895   0.000000   0.268000   0.006566   0.014000   0.025744      4
 7.3439E+03  -2.572650   2.472493 -99.000000 -99.000000  -7.711971   0.000000   0.002413   0.001460   0.014000  0.000E+00  max increase

 Loading precomputed flux cube from:/home/njm/MESA/mesa/colors/data/stellar_models/Kurucz2003all//flux_cube.bin
 Loaded flux cube with dimensions:          76 x          11 x           9 x        1173
 Performing interpolation at target parameters...
 Interpolation complete
         41   6.165922   4701.034 -10.532175 -10.532175   4.999999   4.999999   0.718000   0.000707   0.268000  -8.637395    577      0
 3.1672E+00   6.165922   1.404015 -99.000000 -11.930043  -9.936130   0.000000   0.268000   0.006566   0.014000   0.025882      4
 8.8136E+03  -2.528795   2.451497 -99.000000 -99.000000  -7.698924   0.000000   0.002413   0.001460   0.014000  0.000E+00  max increase

 Loading precomputed flux cube from:/home/njm/MESA/mesa/colors/data/stellar_models/Kurucz2003all//flux_cube.bin
 Loaded flux cube with dimensions:          76 x          11 x           9 x        1173
 Performing interpolation at target parameters...
 Interpolation complete
         42   6.179418   4720.476 -10.349074 -10.349074   4.999998   4.999998   0.718000   0.000707   0.268000  -8.571884    582      0
 3.2464E+00   6.179418   1.389073 -99.000000 -11.746942  -9.975898   0.000000   0.268000   0.006566   0.014000   0.026045      4
 1.0577E+04  -2.480105   2.428783 -99.000000 -99.000000  -7.684719   0.000000   0.002413   0.001460   0.014000  0.000E+00  max increase

 Loading precomputed flux cube from:/home/njm/MESA/mesa/colors/data/stellar_models/Kurucz2003all//flux_cube.bin
 Loaded flux cube with dimensions:          76 x          11 x           9 x        1173
 Performing interpolation at target parameters...
 Interpolation complete
         43   6.194090   4739.371 -10.151775 -10.151775   4.999998   4.999998   0.718000   0.000707   0.268000  -8.499117    577      0
 3.3256E+00   6.194090   1.372880 -99.000000 -11.549642 -10.019083   0.000000   0.268000   0.006566   0.014000   0.026238      4
 1.2694E+04  -2.426500   2.403337 -99.000000 -99.000000  -7.669101   0.000000   0.002413   0.001460   0.014000  0.000E+00  max increase

 Loading precomputed flux cube from:/home/njm/MESA/mesa/colors/data/stellar_models/Kurucz2003all//flux_cube.bin
 Loaded flux cube with dimensions:          76 x          11 x           9 x        1173
 Performing interpolation at target parameters...
 Interpolation complete
         44   6.208353   4760.939  -9.961830  -9.961830   4.999998   4.999998   0.718000   0.000707   0.268000  -8.426920    586      0
 3.3543E+00   6.208353   1.357226 -99.000000 -11.359697 -10.067005   0.000000   0.268000   0.006566   0.014000   0.026439      4
 1.4955E+04  -2.373756   2.379917 -99.000000 -99.000000  -7.654388   0.000000   0.002413   0.001460   0.014000  0.000E+00    lgRho_cntr

 Loading precomputed flux cube from:/home/njm/MESA/mesa/colors/data/stellar_models/Kurucz2003all//flux_cube.bin
 Loaded flux cube with dimensions:          76 x          11 x           9 x        1173
 Performing interpolation at target parameters...
 Interpolation complete
         45   6.220823   4777.232  -9.797131  -9.797131   4.999998   4.999998   0.718000   0.000707   0.268000  -8.362329    586      0
 3.3337E+00   6.220823   1.343634 -99.000000 -11.194999 -10.111740   0.000000   0.268000   0.006566   0.014000   0.026629      4
 1.7111E+04  -2.327003   2.358666 -99.000000 -99.000000  -7.641378   0.000000   0.002413   0.001460   0.014000  0.000E+00    lgRho_cntr

 Loading precomputed flux cube from:/home/njm/MESA/mesa/colors/data/stellar_models/Kurucz2003all//flux_cube.bin
 Loaded flux cube with dimensions:          76 x          11 x           9 x        1173
 Performing interpolation at target parameters...
 Interpolation complete
         46   6.234157   4796.410  -9.623172  -9.623172   4.999998   4.999998   0.718000   0.000707   0.268000  -8.293016    584      0
 3.3976E+00   6.234157   1.329285 -99.000000 -11.021039 -10.151819   0.000000   0.268000   0.006566   0.014000   0.026837      4
 1.9609E+04  -2.276903   2.336930 -99.000000 -99.000000  -7.627918   0.000000   0.002413   0.001460   0.014000  0.000E+00    varcontrol

 Loading precomputed flux cube from:/home/njm/MESA/mesa/colors/data/stellar_models/Kurucz2003all//flux_cube.bin
 Loaded flux cube with dimensions:          76 x          11 x           9 x        1173
 Performing interpolation at target parameters...
 Interpolation complete
         47   6.247870   4814.847  -9.446410  -9.446410   4.999998   4.999998   0.718000   0.000707   0.268000  -8.221335    587      0
 3.4460E+00   6.247870   1.314751 -99.000000 -10.844278 -10.193187   0.000000   0.268000   0.006566   0.014000   0.027055      4
 2.2402E+04  -2.225205   2.314526 -99.000000 -99.000000  -7.614235   0.000000   0.002413   0.001460   0.014000  0.000E+00    lgRho_cntr

 Loading precomputed flux cube from:/home/njm/MESA/mesa/colors/data/stellar_models/Kurucz2003all//flux_cube.bin
 Loaded flux cube with dimensions:          76 x          11 x           9 x        1173
 Performing interpolation at target parameters...
 Interpolation complete
         48   6.260112   4832.156  -9.290106  -9.290106   4.999997   4.999997   0.718000   0.000707   0.268000  -8.156609    592      0
 3.4301E+00   6.260112   1.301971 -99.000000 -10.687973 -10.235611   0.000000   0.268000   0.006566   0.014000   0.027258      4
 2.5093E+04  -2.178735   2.295199 -99.000000 -99.000000  -7.602404   0.000000   0.002413   0.001460   0.014000  0.000E+00    lgRho_cntr

 Loading precomputed flux cube from:/home/njm/MESA/mesa/colors/data/stellar_models/Kurucz2003all//flux_cube.bin
 Loaded flux cube with dimensions:          76 x          11 x           9 x        1173
 Performing interpolation at target parameters...
 Interpolation complete
         49   6.273439   4849.934  -9.121976  -9.121976   4.999997   4.999997   0.718000   0.000707   0.268000  -8.086321    592      0
 3.4996E+00   6.273439   1.288326 -99.000000 -10.519844 -10.272413   0.000000   0.268000   0.006566   0.014000   0.027479      4
 2.8253E+04  -2.128220   2.274290 -99.000000 -99.000000  -7.589768   0.000000   0.002413   0.001460   0.014000  0.000E+00    varcontrol

 Loading precomputed flux cube from:/home/njm/MESA/mesa/colors/data/stellar_models/Kurucz2003all//flux_cube.bin
 Loaded flux cube with dimensions:          76 x          11 x           9 x        1173
 Performing interpolation at target parameters...
 Interpolation complete

__________________________________________________________________________________________________________________________________________________

       step    lg_Tmax     Teff     lg_LH      lg_Lnuc_tot     Mass       H_rich     H_cntr     N_cntr     Y_surf   eta_cntr   zones  retry
  lg_dt_yrs    lg_Tcntr    lg_R     lg_L3a     lg_Lneu     lg_Mdot    He_core    He_cntr    O_cntr     Z_surf   gam_cntr   iters  
    age_yrs    lg_Dcntr    lg_L     lg_LZ      lg_Lphoto   lg_Dsurf   CO_core    C_cntr     Ne_cntr    Z_cntr   v_div_cs       dt_limit
__________________________________________________________________________________________________________________________________________________

         50   6.287304   4869.109  -8.949115  -8.949115   4.999997   4.999997   0.718000   0.000707   0.268000  -8.013286    598      0
 3.5503E+00   6.287304   1.274443 -99.000000 -10.346982 -10.312074   0.000000   0.268000   0.006566   0.014000   0.027710      5
 3.1803E+04  -2.075706   2.253377 -99.000000 -99.000000  -7.577156   0.000000   0.002413   0.001460   0.014000  0.000E+00    lgRho_cntr

save LOGS/profile2.data for model 50
 Loading precomputed flux cube from:/home/njm/MESA/mesa/colors/data/stellar_models/Kurucz2003all//flux_cube.bin
 Loaded flux cube with dimensions:          76 x          11 x           9 x        1173
 Performing interpolation at target parameters...
 Interpolation complete
save photos/x050 for model 50
         51   6.299635   4884.750  -8.796746  -8.796746   4.999997   4.999997   0.718000   0.000707   0.268000  -7.947793    596      0
 3.5311E+00   6.299635   1.262379 -99.000000 -10.194613 -10.351941   0.000000   0.268000   0.006566   0.014000   0.027923      4
 3.5200E+04  -2.028768   2.234821 -99.000000 -99.000000  -7.566149   0.000000   0.002413   0.001460   0.014000  0.000E+00    lgRho_cntr

 Loading precomputed flux cube from:/home/njm/MESA/mesa/colors/data/stellar_models/Kurucz2003all//flux_cube.bin
 Loaded flux cube with dimensions:          76 x          11 x           9 x        1173
 Performing interpolation at target parameters...
 Interpolation complete
         52   6.313218   4903.690  -8.630973  -8.630973   4.999997   4.999997   0.718000   0.000707   0.268000  -7.876363    600      0
 3.6028E+00   6.313218   1.249447 -99.000000 -10.028840 -10.387102   0.000000   0.268000   0.006566   0.014000   0.028152      4
 3.9207E+04  -1.977374   2.215680 -99.000000 -99.000000  -7.554777   0.000000   0.002413   0.001460   0.014000  0.000E+00    varcontrol

 Loading precomputed flux cube from:/home/njm/MESA/mesa/colors/data/stellar_models/Kurucz2003all//flux_cube.bin
 Loaded flux cube with dimensions:          76 x          11 x           9 x        1173
 Performing interpolation at target parameters...
 Interpolation complete
         53   6.327432   4921.686  -8.459550  -8.459550   4.999997   4.999997   0.718000   0.000707   0.268000  -7.802071    596      0
 3.6541E+00   6.327432   1.236344 -99.000000  -9.857416 -10.423779   0.000000   0.268000   0.006566   0.014000   0.028389      4
 4.3717E+04  -1.923791   2.195837 -99.000000 -99.000000  -7.543208   0.000000   0.002413   0.001460   0.014000  0.000E+00    lgRho_cntr

 Loading precomputed flux cube from:/home/njm/MESA/mesa/colors/data/stellar_models/Kurucz2003all//flux_cube.bin
 Loaded flux cube with dimensions:          76 x          11 x           9 x        1173
 Performing interpolation at target parameters...
 Interpolation complete
         54   6.340026   4937.933  -8.308997  -8.308997   4.999996   4.999996   0.718000   0.000707   0.268000  -7.736021    603      0
 3.6308E+00   6.340026   1.225120 -99.000000  -9.706864 -10.461548   0.000000   0.268000   0.006566   0.014000   0.028603      4
 4.7991E+04  -1.876217   2.179115 -99.000000 -99.000000  -7.533548   0.000000   0.002413   0.001460   0.014000  0.000E+00    lgRho_cntr

 Loading precomputed flux cube from:/home/njm/MESA/mesa/colors/data/stellar_models/Kurucz2003all//flux_cube.bin
 Loaded flux cube with dimensions:          76 x          11 x           9 x        1173
 Performing interpolation at target parameters...
 Interpolation complete
         55   6.354051   4957.029  -8.143296  -8.143296   4.999996   4.999996   0.718000   0.000707   0.268000  -7.663488    603      0
 3.7051E+00   6.354051   1.213078 -99.000000  -9.541162 -10.493527   0.000000   0.268000   0.006566   0.014000   0.028834      4
 5.3062E+04  -1.823680   2.161736 -99.000000 -99.000000  -7.523612   0.000000   0.002413   0.001460   0.014000  0.000E+00    varcontrol

 Loading precomputed flux cube from:/home/njm/MESA/mesa/colors/data/stellar_models/Kurucz2003all//flux_cube.bin
 Loaded flux cube with dimensions:          76 x          11 x           9 x        1173
 Performing interpolation at target parameters...
 Interpolation complete
         56   6.368820   4975.398  -7.970665  -7.970665   4.999996   4.999996   0.718000   0.000707   0.268000  -7.587768    603      0
 3.7572E+00   6.368820   1.200960 -99.000000  -9.368531 -10.527081   0.000000   0.268000   0.006566   0.014000   0.029073      4
 5.8780E+04  -1.768644   2.143924 -99.000000 -99.000000  -7.513636   0.000000   0.002413   0.001460   0.014000  0.000E+00    lgRho_cntr

 Loading precomputed flux cube from:/home/njm/MESA/mesa/colors/data/stellar_models/Kurucz2003all//flux_cube.bin
 Loaded flux cube with dimensions:          76 x          11 x           9 x        1173
 Performing interpolation at target parameters...
 Interpolation complete
         57   6.381801   4992.690  -7.819975  -7.819975   4.999996   4.999996   0.718000   0.000707   0.268000  -7.520997    608      0
 3.7284E+00   6.381801   1.190812 -99.000000  -9.217842 -10.561281   0.000000   0.268000   0.006566   0.014000   0.029286      4
 6.4130E+04  -1.720175   2.129656 -23.480340 -99.000000  -7.505796   0.000000   0.002413   0.001460   0.014000  0.000E+00    lgRho_cntr

 Loading precomputed flux cube from:/home/njm/MESA/mesa/colors/data/stellar_models/Kurucz2003all//flux_cube.bin
 Loaded flux cube with dimensions:          76 x          11 x           9 x        1173
 Performing interpolation at target parameters...
 Interpolation complete
         58   6.396381   5010.620  -7.652303  -7.652303   4.999996   4.999996   0.718000   0.000707   0.268000  -7.446893    601      0
 3.8053E+00   6.396381   1.180025 -99.000000  -9.050169 -10.589048   0.000000   0.268000   0.006566   0.014000   0.029519      4
 7.0517E+04  -1.666124   2.114310 -23.480340 -99.000000  -7.497552   0.000000   0.002413   0.001460   0.014000  0.000E+00    varcontrol

 Loading precomputed flux cube from:/home/njm/MESA/mesa/colors/data/stellar_models/Kurucz2003all//flux_cube.bin
 Loaded flux cube with dimensions:          76 x          11 x           9 x        1173
 Performing interpolation at target parameters...
 Interpolation complete
         59   6.411830   5032.210  -7.476007  -7.476007   4.999996   4.999996   0.718000   0.000707   0.268000  -7.368932    612      0
 3.8577E+00   6.411830   1.169295 -99.000000  -8.873873 -10.618804   0.000000   0.268000   0.006566   0.014000   0.029762      4
 7.7723E+04  -1.609093   2.100319 -22.878280 -99.000000  -7.490375   0.000000   0.002413   0.001460   0.014000  0.000E+00    lgRho_cntr

 Loading precomputed flux cube from:/home/njm/MESA/mesa/colors/data/stellar_models/Kurucz2003all//flux_cube.bin
 Loaded flux cube with dimensions:          76 x          11 x           9 x        1173
 Performing interpolation at target parameters...
 Interpolation complete

__________________________________________________________________________________________________________________________________________________

       step    lg_Tmax     Teff     lg_LH      lg_Lnuc_tot     Mass       H_rich     H_cntr     N_cntr     Y_surf   eta_cntr   zones  retry
  lg_dt_yrs    lg_Tcntr    lg_R     lg_L3a     lg_Lneu     lg_Mdot    He_core    He_cntr    O_cntr     Z_surf   gam_cntr   iters  
    age_yrs    lg_Dcntr    lg_L     lg_LZ      lg_Lphoto   lg_Dsurf   CO_core    C_cntr     Ne_cntr    Z_cntr   v_div_cs       dt_limit
__________________________________________________________________________________________________________________________________________________

         60   6.425235   5049.509  -7.323634  -7.323634   4.999995   4.999995   0.718000   0.000707   0.268000  -7.300690    608      0
 3.8219E+00   6.425235   1.160702 -99.000000  -8.721499 -10.646683   0.000000   0.268000   0.006566   0.014000   0.029980      4
 8.4358E+04  -1.559350   2.089094 -99.000000 -99.000000  -7.484824   0.000000   0.002413   0.001460   0.014000  0.000E+00    lgRho_cntr

 Loading precomputed flux cube from:/home/njm/MESA/mesa/colors/data/stellar_models/Kurucz2003all//flux_cube.bin
 Loaded flux cube with dimensions:          76 x          11 x           9 x        1173
 Performing interpolation at target parameters...
 Interpolation complete
         61   6.440479   5070.717  -7.151624  -7.151624   4.999995   4.999995   0.718000   0.000707   0.268000  -7.223913    614      0
 3.9010E+00   6.440479   1.151740 -99.000000  -8.549489 -10.669039   0.000000   0.268000   0.006566   0.014000   0.030222      4
 9.2320E+04  -1.503141   2.078452 -22.577250 -99.000000  -7.479992   0.000000   0.002413   0.001460   0.014000  0.000E+00  max increase

 Loading precomputed flux cube from:/home/njm/MESA/mesa/colors/data/stellar_models/Kurucz2003all//flux_cube.bin
 Loaded flux cube with dimensions:          76 x          11 x           9 x        1173
 Performing interpolation at target parameters...
 Interpolation complete
         62   6.456781   5092.752  -6.969002  -6.969002   4.999995   4.999995   0.718000   0.000707   0.268000  -7.142307    609      0
 3.9543E+00   6.456781   1.143259 -99.000000  -8.366866 -10.690915   0.000000   0.268000   0.006566   0.014000   0.030478      4
 1.0132E+05  -1.443248   2.069022 -99.000000 -99.000000  -7.476151   0.000000   0.002413   0.001460   0.014000  0.000E+00    lgRho_cntr

 Loading precomputed flux cube from:/home/njm/MESA/mesa/colors/data/stellar_models/Kurucz2003all//flux_cube.bin
 Loaded flux cube with dimensions:          76 x          11 x           9 x        1173
 Performing interpolation at target parameters...
 Interpolation complete
         63   6.470760   5112.745  -6.813117  -6.813117   4.999995   4.999995   0.718000   0.000707   0.268000  -7.071856    614      0
 3.9087E+00   6.470760   1.137092 -99.000000  -8.210982 -10.710752   0.000000   0.268000   0.006566   0.014000   0.030704      4
 1.0943E+05  -1.391684   2.063493 -22.577250 -99.000000  -7.474593   0.000000   0.002413   0.001460   0.014000  0.000E+00    lgRho_cntr

 Loading precomputed flux cube from:/home/njm/MESA/mesa/colors/data/stellar_models/Kurucz2003all//flux_cube.bin
 Loaded flux cube with dimensions:          76 x          11 x           9 x        1173
 Performing interpolation at target parameters...
 Interpolation complete
         64   6.483873   5132.187  -6.667759  -6.667759   4.999995   4.999995   0.718000   0.000707   0.268000  -7.005955    614      0
 3.8972E+00   6.483873   1.132345 -99.000000  -8.065623 -10.723384   0.000000   0.268000   0.006566   0.014000   0.030916      4
 1.1732E+05  -1.343396   2.060594 -99.000000 -99.000000  -7.474680   0.000000   0.002413   0.001460   0.014000  0.000E+00    lgRho_cntr

 Loading precomputed flux cube from:/home/njm/MESA/mesa/colors/data/stellar_models/Kurucz2003all//flux_cube.bin
 Loaded flux cube with dimensions:          76 x          11 x           9 x        1173
 Performing interpolation at target parameters...
 Interpolation complete
         65   6.499117   5155.849  -6.500289  -6.500289   4.999995   4.999995   0.718000   0.000707   0.268000  -6.930694    614      0
 3.9763E+00   6.499117   1.128086 -99.000000  -7.898153 -10.731276   0.000000   0.268000   0.006566   0.014000   0.031150      4
 1.2679E+05  -1.287846   2.060066 -99.000000 -99.000000  -7.476758   0.000000   0.002413   0.001460   0.014000  0.000E+00  max increase

 Loading precomputed flux cube from:/home/njm/MESA/mesa/colors/data/stellar_models/Kurucz2003all//flux_cube.bin
 Loaded flux cube with dimensions:          76 x          11 x           9 x        1173
 Performing interpolation at target parameters...
 Interpolation complete
         66   6.516689   5184.200  -6.309066  -6.309066   4.999994   4.999994   0.718000   0.000707   0.268000  -6.845458    616      0
 4.0514E+00   6.516689   1.124975 -99.000000  -7.706930 -10.735559   0.000000   0.268000   0.006566   0.014000   0.031405      5
 1.3804E+05  -1.224472   2.063371 -99.000000 -99.000000  -7.481886   0.000000   0.002413   0.001460   0.014000  0.000E+00    lgRho_cntr

 Loading precomputed flux cube from:/home/njm/MESA/mesa/colors/data/stellar_models/Kurucz2003all//flux_cube.bin
 Loaded flux cube with dimensions:          76 x          11 x           9 x        1173
 Performing interpolation at target parameters...
 Interpolation complete
         67   6.531737   5211.524  -6.146202  -6.146202   4.999994   4.999994   0.718000   0.000707   0.268000  -6.772320    619      0
 3.9955E+00   6.531737   1.124233 -99.000000  -7.544065 -10.733704   0.000000   0.268000   0.006566   0.014000   0.031628      4
 1.4794E+05  -1.170139   2.071018 -99.000000 -99.000000  -7.489795   0.000000   0.002413   0.001460   0.014000  0.000E+00    lgRho_cntr

 Loading precomputed flux cube from:/home/njm/MESA/mesa/colors/data/stellar_models/Kurucz2003all//flux_cube.bin
 Loaded flux cube with dimensions:          76 x          11 x           9 x        1173
 Performing interpolation at target parameters...
 Interpolation complete
         68   6.545878   5238.388  -5.994266  -5.994266   4.999994   4.999994   0.718000   0.000707   0.268000  -6.704183    621      0
 3.9747E+00   6.545878   1.125165 -99.000000  -7.392128 -10.724002   0.000000   0.268000   0.006566   0.014000   0.031832      4
 1.5737E+05  -1.119339   2.081814 -99.000000 -99.000000  -7.499865   0.000000   0.002413   0.001460   0.014000  0.000E+00    lgRho_cntr

 Loading precomputed flux cube from:/home/njm/MESA/mesa/colors/data/stellar_models/Kurucz2003all//flux_cube.bin
 Loaded flux cube with dimensions:          76 x          11 x           9 x        1173
 Performing interpolation at target parameters...
 Interpolation complete
         69   6.559745   5267.216  -5.846507  -5.846507   4.999994   4.999994   0.718000   0.000707   0.268000  -6.638261    622      0
 3.9691E+00   6.559745   1.127312 -99.000000  -7.244368 -10.708646   0.000000   0.268000   0.006566   0.014000   0.032024      4
 1.6669E+05  -1.069910   2.095642 -99.000000 -99.000000  -7.512424   0.000000   0.002413   0.001460   0.014000  0.000E+00    lgRho_cntr

 Loading precomputed flux cube from:/home/njm/MESA/mesa/colors/data/stellar_models/Kurucz2003all//flux_cube.bin
 Loaded flux cube with dimensions:          76 x          11 x           9 x        1173
 Performing interpolation at target parameters...
 Interpolation complete

__________________________________________________________________________________________________________________________________________________

       step    lg_Tmax     Teff     lg_LH      lg_Lnuc_tot     Mass       H_rich     H_cntr     N_cntr     Y_surf   eta_cntr   zones  retry
  lg_dt_yrs    lg_Tcntr    lg_R     lg_L3a     lg_Lneu     lg_Mdot    He_core    He_cntr    O_cntr     Z_surf   gam_cntr   iters  
    age_yrs    lg_Dcntr    lg_L     lg_LZ      lg_Lphoto   lg_Dsurf   CO_core    C_cntr     Ne_cntr    Z_cntr   v_div_cs       dt_limit
__________________________________________________________________________________________________________________________________________________

         70   6.576250   5303.655  -5.672775  -5.672775   4.999994   4.999994   0.718000   0.000707   0.268000  -6.561845    621      0
 4.0447E+00   6.576250   1.130268 -99.000000  -7.070636 -10.688179   0.000000   0.268000   0.006566   0.014000   0.032231      5
 1.7777E+05  -1.011967   2.113530 -21.373130 -99.000000  -7.529202   0.000000   0.002413   0.001460   0.014000  0.000E+00    varcontrol

 Loading precomputed flux cube from:/home/njm/MESA/mesa/colors/data/stellar_models/Kurucz2003all//flux_cube.bin
 Loaded flux cube with dimensions:          76 x          11 x           9 x        1173
 Performing interpolation at target parameters...
 Interpolation complete
         71   6.594355   5346.924  -5.484603  -5.484603   4.999993   4.999993   0.718000   0.000707   0.268000  -6.479494    620      0
 4.0857E+00   6.594355   1.133126 -99.000000  -6.882462 -10.661553   0.000000   0.268000   0.006566   0.014000   0.032445      5
 1.8995E+05  -0.949047   2.133361 -99.000000 -99.000000  -7.549209   0.000000   0.002413   0.001460   0.014000  0.000E+00    lgRho_cntr

 Loading precomputed flux cube from:/home/njm/MESA/mesa/colors/data/stellar_models/Kurucz2003all//flux_cube.bin
 Loaded flux cube with dimensions:          76 x          11 x           9 x        1173
 Performing interpolation at target parameters...
 Interpolation complete
         72   6.610331   5388.233  -5.320154  -5.320154   4.999993   4.999993   0.718000   0.000707   0.268000  -6.406713    619      0
 4.0345E+00   6.610331   1.135184 -99.000000  -6.718013 -10.632386   0.000000   0.268000   0.006566   0.014000   0.032636      5
 2.0078E+05  -0.893476   2.150847 -99.000000 -99.000000  -7.568388   0.000000   0.002413   0.001460   0.014000  0.000E+00    lgRho_cntr

 Loading precomputed flux cube from:/home/njm/MESA/mesa/colors/data/stellar_models/Kurucz2003all//flux_cube.bin
 Loaded flux cube with dimensions:          76 x          11 x           9 x        1173
 Performing interpolation at target parameters...
 Interpolation complete
         73   6.625380   5430.002  -5.166864  -5.166864   4.999993   4.999993   0.718000   0.000707   0.268000  -6.338278    623      0
 4.0109E+00   6.625380   1.135944 -99.000000  -6.564721 -10.607056   0.000000   0.268000   0.006566   0.014000   0.032815      5
 2.1103E+05  -0.841184   2.165782 -99.000000 -99.000000  -7.587077   0.000000   0.002413   0.001460   0.014000  0.000E+00    lgRho_cntr

 Loading precomputed flux cube from:/home/njm/MESA/mesa/colors/data/stellar_models/Kurucz2003all//flux_cube.bin
 Loaded flux cube with dimensions:          76 x          11 x           9 x        1173
 Performing interpolation at target parameters...
 Interpolation complete
         74   6.639994   5473.438  -5.019567  -5.019567   4.999993   4.999993   0.718000   0.000707   0.268000  -6.271940    621      0
 4.0004E+00   6.639994   1.135562 -99.000000  -6.417424 -10.586256   0.000000   0.268000   0.006566   0.014000   0.032989      5
 2.2104E+05  -0.790455   2.178858 -99.000000 -99.000000  -7.606005   0.000000   0.002413   0.001460   0.014000  0.000E+00    lgRho_cntr

 Loading precomputed flux cube from:/home/njm/MESA/mesa/colors/data/stellar_models/Kurucz2003all//flux_cube.bin
 Loaded flux cube with dimensions:          76 x          11 x           9 x        1173
 Performing interpolation at target parameters...
 Interpolation complete
         75   6.654414   5519.909  -4.875768  -4.875768   4.999992   4.999992   0.718000   0.000707   0.268000  -6.206610    625      0
 3.9966E+00   6.654414   1.134316 -99.000000  -6.273623 -10.568924   0.000000   0.268000   0.006566   0.014000   0.033160      5
 2.3096E+05  -0.740454   2.191054 -99.000000 -99.000000  -7.626225   0.000000   0.002413   0.001460   0.014000  0.000E+00    lgRho_cntr

 Loading precomputed flux cube from:/home/njm/MESA/mesa/colors/data/stellar_models/Kurucz2003all//flux_cube.bin
 Loaded flux cube with dimensions:          76 x          11 x           9 x        1173
 Performing interpolation at target parameters...
 Interpolation complete
         76   6.668768   5571.055  -4.734139  -4.734139   4.999992   4.999992   0.718000   0.000707   0.268000  -6.141737    632      0
 3.9960E+00   6.668768   1.132345 -99.000000  -6.131993 -10.553504   0.000000   0.268000   0.006566   0.014000   0.033330      5
 2.4087E+05  -0.690752   2.203134 -20.470040 -99.000000  -7.648856   0.000000   0.002413   0.001460   0.014000  0.000E+00    lgRho_cntr

 Loading precomputed flux cube from:/home/njm/MESA/mesa/colors/data/stellar_models/Kurucz2003all//flux_cube.bin
 Loaded flux cube with dimensions:          76 x          11 x           9 x        1173
 Performing interpolation at target parameters...
 Interpolation complete
         77   6.684196   5632.369  -4.583747  -4.583747   4.999992   4.999992   0.718000   0.000707   0.268000  -6.072576    633      0
 4.0271E+00   6.684196   1.129439 -99.000000  -5.981600 -10.538848   0.000000   0.268000   0.006566   0.014000   0.033507      5
 2.5152E+05  -0.637577   2.216337 -20.470040 -99.000000  -7.676713   0.000000   0.002413   0.001460   0.014000  0.000E+00    varcontrol

 Loading precomputed flux cube from:/home/njm/MESA/mesa/colors/data/stellar_models/Kurucz2003all//flux_cube.bin
 Loaded flux cube with dimensions:          76 x          11 x           9 x        1173
 Performing interpolation at target parameters...
 Interpolation complete
         78   6.700260   5709.914  -4.429077  -4.429077   4.999991   4.999991   0.718000   0.000707   0.268000  -6.001112    641      0
 4.0436E+00   6.700260   1.124892 -99.000000  -5.826928 -10.523459   0.000000   0.268000   0.006566   0.014000   0.033685      6
 2.6257E+05  -0.582448   2.230997 -19.566950 -99.000000  -7.712665   0.000000   0.002413   0.001460   0.014000  0.000E+00    lgRho_cntr

 Loading precomputed flux cube from:/home/njm/MESA/mesa/colors/data/stellar_models/Kurucz2003all//flux_cube.bin
 Loaded flux cube with dimensions:          76 x          11 x           9 x        1173
 Performing interpolation at target parameters...
 Interpolation complete
         79   6.715603   5808.243  -4.282998  -4.282998   4.999991   4.999991   0.718000   0.000707   0.268000  -5.933150    649      0
 4.0222E+00   6.715603   1.117715 -99.000000  -5.680847 -10.507478   0.000000   0.268000   0.006566   0.014000   0.033854      6
 2.7310E+05  -0.529922   2.246302 -20.169010 -99.000000  -7.758565   0.000000   0.002413   0.001460   0.014000  0.000E+00    lgRho_cntr

 Loading precomputed flux cube from:/home/njm/MESA/mesa/colors/data/stellar_models/Kurucz2003all//flux_cube.bin
 Loaded flux cube with dimensions:          76 x          11 x           9 x        1173
 Performing interpolation at target parameters...
 Interpolation complete

__________________________________________________________________________________________________________________________________________________

       step    lg_Tmax     Teff     lg_LH      lg_Lnuc_tot     Mass       H_rich     H_cntr     N_cntr     Y_surf   eta_cntr   zones  retry
  lg_dt_yrs    lg_Tcntr    lg_R     lg_L3a     lg_Lneu     lg_Mdot    He_core    He_cntr    O_cntr     Z_surf   gam_cntr   iters  
    age_yrs    lg_Dcntr    lg_L     lg_LZ      lg_Lphoto   lg_Dsurf   CO_core    C_cntr     Ne_cntr    Z_cntr   v_div_cs       dt_limit
__________________________________________________________________________________________________________________________________________________

         80   6.730688   5926.284  -4.141042  -4.141042   4.999991   4.999991   0.718000   0.000707   0.268000  -5.866940    667      0
 4.0116E+00   6.730688   1.108329 -99.000000  -5.538889 -10.492831   0.000000   0.268000   0.006566   0.014000   0.034013      7
 2.8337E+05  -0.478544   2.262482 -99.000000 -99.000000  -7.814847   0.000000   0.002413   0.001460   0.014000  0.000E+00    lgRho_cntr

 Loading precomputed flux cube from:/home/njm/MESA/mesa/colors/data/stellar_models/Kurucz2003all//flux_cube.bin
 Loaded flux cube with dimensions:          76 x          11 x           9 x        1173
 Performing interpolation at target parameters...
 Interpolation complete
         81   6.745737   6064.782  -4.001097  -4.001097   4.999990   4.999990   0.718000   0.000707   0.268000  -5.801687    685      0
 4.0060E+00   6.745737   1.096891 -99.000000  -5.398942 -10.478853   0.000000   0.268000   0.006566   0.014000   0.034164      8
 2.9351E+05  -0.427637   2.279736 -99.000000 -99.000000  -7.882660   0.000000   0.002413   0.001460   0.014000  0.000E+00    lgRho_cntr

 Loading precomputed flux cube from:/home/njm/MESA/mesa/colors/data/stellar_models/Kurucz2003all//flux_cube.bin
 Loaded flux cube with dimensions:          76 x          11 x           9 x        1173
 Performing interpolation at target parameters...
 Interpolation complete
         82   6.760862   6215.926  -3.862087  -3.862087   4.999990   4.999990   0.718000   0.000707   0.268000  -5.737014    687      0
 4.0025E+00   6.760862   1.084706 -99.000000  -5.259929 -10.465145   0.000000   0.268000   0.006566   0.014000   0.034306      6
 3.0357E+05  -0.376869   2.298129 -99.000000 -99.000000  -7.958190   0.000000   0.002413   0.001460   0.014000  0.000E+00    lgRho_cntr

 Loading precomputed flux cube from:/home/njm/MESA/mesa/colors/data/stellar_models/Kurucz2003all//flux_cube.bin
 Loaded flux cube with dimensions:          76 x          11 x           9 x        1173
 Performing interpolation at target parameters...
 Interpolation complete
         83   6.775921   6373.315  -3.725260  -3.725260   4.999990   4.999990   0.718000   0.000707   0.268000  -5.673545    686      0
 3.9941E+00   6.775921   1.072637 -99.000000  -5.123100 -10.450526   0.000000   0.268000   0.006566   0.014000   0.034437      9
 3.1343E+05  -0.326722   2.317428 -19.265920 -99.000000  -8.037133   0.000000   0.002413   0.001460   0.014000  0.000E+00        lgTeff

 Loading precomputed flux cube from:/home/njm/MESA/mesa/colors/data/stellar_models/Kurucz2003all//flux_cube.bin
 Loaded flux cube with dimensions:          76 x          11 x           9 x        1173
 Performing interpolation at target parameters...
 Interpolation complete
 hydro_solver_step returned ierr          -1
 s% model_number          84
 nz         682
 s% num_retries           0

 retry:  logRho < hydro_mtx_min_allowed_logRho          60      84
         84   6.783171   6453.259  -3.659402  -3.659402   4.999990   4.999990   0.718000   0.000707   0.268000  -5.642147    682      1
 3.6790E+00   6.783171   1.067017 -99.000000  -5.057241 -10.434586   0.000000   0.268000   0.006566   0.014000   0.034510      5
 3.1821E+05  -0.302215   2.327844 -99.000000 -99.000000  -8.077161   0.000000   0.002413   0.001460   0.014000  0.000E+00         retry

 Loading precomputed flux cube from:/home/njm/MESA/mesa/colors/data/stellar_models/Kurucz2003all//flux_cube.bin
 Loaded flux cube with dimensions:          76 x          11 x           9 x        1173
 Performing interpolation at target parameters...
 Interpolation complete
         85   6.790500   6534.948  -3.593267  -3.593267   4.999989   4.999989   0.718000   0.000707   0.268000  -5.610811    693      1
 3.6790E+00   6.790500   1.061361 -99.000000  -4.991104 -10.425234   0.000000   0.268000   0.006566   0.014000   0.034579      5
 3.2298E+05  -0.277616   2.338385 -99.000000 -99.000000  -8.117289   0.000000   0.002413   0.001460   0.014000  0.000E+00          hold

 Loading precomputed flux cube from:/home/njm/MESA/mesa/colors/data/stellar_models/Kurucz2003all//flux_cube.bin
 Loaded flux cube with dimensions:          76 x          11 x           9 x        1173
 Performing interpolation at target parameters...
 Interpolation complete
         86   6.799435   6635.744  -3.513356  -3.513356   4.999989   4.999989   0.718000   0.000707   0.268000  -5.573431    704      1
 3.7582E+00   6.799435   1.054473 -99.000000  -4.911191 -10.415743   0.000000   0.268000   0.006566   0.014000   0.034654      6
 3.2871E+05  -0.247984   2.351199 -99.000000 -99.000000  -8.165917   0.000000   0.002413   0.001460   0.014000  0.000E+00  max increase

 Loading precomputed flux cube from:/home/njm/MESA/mesa/colors/data/stellar_models/Kurucz2003all//flux_cube.bin
 Loaded flux cube with dimensions:          76 x          11 x           9 x        1173
 Performing interpolation at target parameters...
 Interpolation complete
         87   6.810359   6760.803  -3.416662  -3.416662   4.999989   4.999989   0.718000   0.000707   0.268000  -5.528848    703      1
 3.8374E+00   6.810359   1.046078 -99.000000  -4.814495 -10.404216   0.000000   0.268000   0.006566   0.014000   0.034733      6
 3.3559E+05  -0.212241   2.366842 -18.964890 -99.000000  -8.225861   0.000000   0.002413   0.001460   0.014000  0.000E+00  max increase

 Loading precomputed flux cube from:/home/njm/MESA/mesa/colors/data/stellar_models/Kurucz2003all//flux_cube.bin
 Loaded flux cube with dimensions:          76 x          11 x           9 x        1173
 Performing interpolation at target parameters...
 Interpolation complete
         88   6.823761   6917.074  -3.299454  -3.299454   4.999989   4.999989   0.718000   0.000707   0.268000  -5.475671    703      1
 3.9165E+00   6.823761   1.035799 -99.000000  -4.697285 -10.390133   0.000000   0.268000   0.006566   0.014000   0.034813      7
 3.4384E+05  -0.169050   2.385982 -99.000000 -99.000000  -8.302335   0.000000   0.002413   0.001460   0.014000  0.000E+00  max increase

 Loading precomputed flux cube from:/home/njm/MESA/mesa/colors/data/stellar_models/Kurucz2003all//flux_cube.bin
 Loaded flux cube with dimensions:          76 x          11 x           9 x        1173
 Performing interpolation at target parameters...
 Interpolation complete
         89   6.840271   7113.951  -3.157076  -3.157076   4.999988   4.999988   0.718000   0.000707   0.268000  -5.412233    708      1
 3.9957E+00   6.840271   1.023170 -99.000000  -4.554903 -10.372908   0.000000   0.268000   0.006566   0.014000   0.034887      6
 3.5374E+05  -0.116743   2.409477 -18.362830 -99.000000  -8.405114   0.000000   0.002413   0.001460   0.014000  0.000E+00  max increase

 Loading precomputed flux cube from:/home/njm/MESA/mesa/colors/data/stellar_models/Kurucz2003all//flux_cube.bin
 Loaded flux cube with dimensions:          76 x          11 x           9 x        1173
 Performing interpolation at target parameters...
 Interpolation complete

__________________________________________________________________________________________________________________________________________________

       step    lg_Tmax     Teff     lg_LH      lg_Lnuc_tot     Mass       H_rich     H_cntr     N_cntr     Y_surf   eta_cntr   zones  retry
  lg_dt_yrs    lg_Tcntr    lg_R     lg_L3a     lg_Lneu     lg_Mdot    He_core    He_cntr    O_cntr     Z_surf   gam_cntr   iters  
    age_yrs    lg_Dcntr    lg_L     lg_LZ      lg_Lphoto   lg_Dsurf   CO_core    C_cntr     Ne_cntr    Z_cntr   v_div_cs       dt_limit
__________________________________________________________________________________________________________________________________________________

         90   6.857540   7326.727  -3.010016  -3.010016   4.999988   4.999988   0.718000   0.000707   0.268000  -5.347292    708      1
 4.0051E+00   6.857540   1.010102 -99.000000  -4.407839 -10.351774   0.000000   0.268000   0.006566   0.014000   0.034949      5
 3.6386E+05  -0.062645   2.434537 -99.000000 -99.000000  -8.526186   0.000000   0.002413   0.001460   0.014000  0.000E+00        lgTeff

 Loading precomputed flux cube from:/home/njm/MESA/mesa/colors/data/stellar_models/Kurucz2003all//flux_cube.bin
 Loaded flux cube with dimensions:          76 x          11 x           9 x        1173
 Performing interpolation at target parameters...
 Interpolation complete
         91   6.873197   7526.969  -2.878007  -2.878007   4.999987   4.999987   0.718000   0.000707   0.268000  -5.289035    702      1
 3.9545E+00   6.873197   0.998422 -99.000000  -4.275828 -10.328894   0.000000   0.268000   0.006566   0.014000   0.034997      5
 3.7287E+05  -0.013867   2.458019 -99.000000 -99.000000  -8.649030   0.000000   0.002413   0.001460   0.014000  0.000E+00        lgTeff

 Loading precomputed flux cube from:/home/njm/MESA/mesa/colors/data/stellar_models/Kurucz2003all//flux_cube.bin
 Loaded flux cube with dimensions:          76 x          11 x           9 x        1173
 Performing interpolation at target parameters...
 Interpolation complete
         92   6.888053   7722.886  -2.753996  -2.753996   4.999987   4.999987   0.718000   0.000707   0.268000  -5.234561    700      1
 3.9232E+00   6.888053   0.987418 -99.000000  -4.151814 -10.306980   0.000000   0.268000   0.006566   0.014000   0.035034      5
 3.8124E+05   0.032066   2.480647 -99.000000 -99.000000  -8.774575   0.000000   0.002413   0.001460   0.014000  0.000E+00        lgTeff

 Loading precomputed flux cube from:/home/njm/MESA/mesa/colors/data/stellar_models/Kurucz2003all//flux_cube.bin
 Loaded flux cube with dimensions:          76 x          11 x           9 x        1173
 Performing interpolation at target parameters...
 Interpolation complete
         93   6.902479   7918.556  -2.634741  -2.634741   4.999986   4.999986   0.718000   0.000707   0.268000  -5.182510    710      1
 3.9020E+00   6.902479   0.976744 -99.000000  -4.032559 -10.285654   0.000000   0.268000   0.006566   0.014000   0.035059      5
 3.8922E+05   0.076302   2.502765 -99.000000 -99.000000  -8.902921   0.000000   0.002413   0.001460   0.014000  0.000E+00        lgTeff

 Loading precomputed flux cube from:/home/njm/MESA/mesa/colors/data/stellar_models/Kurucz2003all//flux_cube.bin
 Loaded flux cube with dimensions:          76 x          11 x           9 x        1173
 Performing interpolation at target parameters...
 Interpolation complete
         94   6.916667   8116.124  -2.518579  -2.518579   4.999986   4.999986   0.718000   0.000707   0.268000  -5.132167    715      1
 3.8863E+00   6.916667   0.966220 -99.000000  -3.916397 -10.264739   0.000000   0.268000   0.006566   0.014000   0.035075      5
 3.9692E+05   0.119438   2.524529 -99.000000 -99.000000  -9.033751   0.000000   0.002413   0.001460   0.014000  0.000E+00        lgTeff

 Loading precomputed flux cube from:/home/njm/MESA/mesa/colors/data/stellar_models/Kurucz2003all//flux_cube.bin
 Loaded flux cube with dimensions:          76 x          11 x           9 x        1173
 Performing interpolation at target parameters...
 Interpolation complete
         95   6.930714   8316.825  -2.404637  -2.404637   4.999986   4.999986   0.718000   0.000707   0.268000  -5.083149    720      1
 3.8739E+00   6.930714   0.955736 -99.000000  -3.802459 -10.244177   0.000000   0.268000   0.006566   0.014000   0.035081      5
 4.0440E+05   0.161788   2.545996 -18.061800 -99.000000  -9.164346   0.000000   0.002413   0.001460   0.014000  0.000E+00        lgTeff

 Loading precomputed flux cube from:/home/njm/MESA/mesa/colors/data/stellar_models/Kurucz2003all//flux_cube.bin
 Loaded flux cube with dimensions:          76 x          11 x           9 x        1173
 Performing interpolation at target parameters...
 Interpolation complete
         96   6.944670   8521.328  -2.292446  -2.292446   4.999985   4.999985   0.718000   0.000707   0.268000  -5.035240    720      1
 3.8632E+00   6.944670   0.945225 -99.000000  -3.690274 -10.223983   0.000000   0.268000   0.006566   0.014000   0.035077      4
 4.1170E+05   0.203520   2.567172 -99.000000 -99.000000  -9.290551   0.000000   0.002413   0.001460   0.014000  0.000E+00        lgTeff

 Loading precomputed flux cube from:/home/njm/MESA/mesa/colors/data/stellar_models/Kurucz2003all//flux_cube.bin
 Loaded flux cube with dimensions:          76 x          11 x           9 x        1173
 Performing interpolation at target parameters...
 Interpolation complete
         97   6.958563   8730.027  -2.181742  -2.181742   4.999985   4.999985   0.718000   0.000707   0.268000  -4.988312    729      1
 3.8536E+00   6.958563   0.934641 -99.000000  -3.579579 -10.204203   0.000000   0.268000   0.006566   0.014000   0.035064      4
 4.1884E+05   0.244731   2.588038 -99.000000 -99.000000  -9.406428   0.000000   0.002413   0.001460   0.014000  0.000E+00        lgTeff

 Loading precomputed flux cube from:/home/njm/MESA/mesa/colors/data/stellar_models/Kurucz2003all//flux_cube.bin
 Loaded flux cube with dimensions:          76 x          11 x           9 x        1173
 Performing interpolation at target parameters...
 Interpolation complete
         98   6.972405   8943.150  -2.072359  -2.072359   4.999984   4.999984   0.718000   0.000707   0.268000  -4.942288    729      1
 3.8448E+00   6.972405   0.923952 -99.000000  -3.470208 -10.184904   0.000000   0.268000   0.006566   0.014000   0.035043      4
 4.2583E+05   0.285472   2.608560 -17.760770 -99.000000  -9.505842   0.000000   0.002413   0.001460   0.014000  0.000E+00        lgTeff

 Loading precomputed flux cube from:/home/njm/MESA/mesa/colors/data/stellar_models/Kurucz2003all//flux_cube.bin
 Loaded flux cube with dimensions:          76 x          11 x           9 x        1173
 Performing interpolation at target parameters...
 Interpolation complete
         99   6.986204   9160.808  -1.964166  -1.964166   4.999984   4.999984   0.718000   0.000707   0.268000  -4.897120    729      1
 3.8366E+00   6.986204   0.913136 -99.000000  -3.362029 -10.166156   0.000000   0.268000   0.006566   0.014000   0.035014      4
 4.3270E+05   0.325777   2.628702 -99.000000 -99.000000  -9.584839   0.000000   0.002413   0.001460   0.014000  0.000E+00        lgTeff

 Loading precomputed flux cube from:/home/njm/MESA/mesa/colors/data/stellar_models/Kurucz2003all//flux_cube.bin
 Loaded flux cube with dimensions:          76 x          11 x           9 x        1173
 Performing interpolation at target parameters...
 Interpolation complete

__________________________________________________________________________________________________________________________________________________

       step    lg_Tmax     Teff     lg_LH      lg_Lnuc_tot     Mass       H_rich     H_cntr     N_cntr     Y_surf   eta_cntr   zones  retry
  lg_dt_yrs    lg_Tcntr    lg_R     lg_L3a     lg_Lneu     lg_Mdot    He_core    He_cntr    O_cntr     Z_surf   gam_cntr   iters  
    age_yrs    lg_Dcntr    lg_L     lg_LZ      lg_Lphoto   lg_Dsurf   CO_core    C_cntr     Ne_cntr    Z_cntr   v_div_cs       dt_limit
__________________________________________________________________________________________________________________________________________________

        100   6.999966   9383.041  -1.857027  -1.857027   4.999983   4.999983   0.718000   0.000707   0.268000  -4.852780    733      1
 3.8289E+00   6.999966   0.902180 -59.112369  -3.254900 -10.148028   0.000000   0.268000   0.006566   0.014000   0.034976      4
 4.3944E+05   0.365668   2.648427 -16.857680 -99.000000  -9.643207   0.000000   0.002413   0.001460   0.014000  0.000E+00        lgTeff

save LOGS/profile3.data for model 100
 Loading precomputed flux cube from:/home/njm/MESA/mesa/colors/data/stellar_models/Kurucz2003all//flux_cube.bin
 Loaded flux cube with dimensions:          76 x          11 x           9 x        1173
 Performing interpolation at target parameters...
 Interpolation complete
save photos/x100 for model 100
        101   7.013698   9609.866  -1.750761  -1.750761   4.999983   4.999983   0.718000   0.000707   0.268000  -4.809248    738      1
 3.8218E+00   7.013698   0.891071 -55.951747  -3.148630 -10.130580   0.000000   0.268000   0.006566   0.014000   0.034931      4
 4.4608E+05   0.405163   2.667705 -99.000000 -99.000000  -9.683647   0.000000   0.002413   0.001460   0.014000  0.000E+00        lgTeff

 Loading precomputed flux cube from:/home/njm/MESA/mesa/colors/data/stellar_models/Kurucz2003all//flux_cube.bin
 Loaded flux cube with dimensions:          76 x          11 x           9 x        1173
 Performing interpolation at target parameters...
 Interpolation complete
        102   7.027407   9841.328  -1.645111  -1.645111   4.999982   4.999982   0.718000   0.000707   0.268000  -4.766494    738      1
 3.8152E+00   7.027407   0.879800 -55.013082  -3.042939 -10.113865   0.000000   0.268000   0.006566   0.014000   0.034877      3
 4.5261E+05   0.444284   2.686508 -99.000000 -99.000000  -9.708722   0.000000   0.002413   0.001460   0.014000  0.000E+00        lgTeff

 Loading precomputed flux cube from:/home/njm/MESA/mesa/colors/data/stellar_models/Kurucz2003all//flux_cube.bin
 Loaded flux cube with dimensions:          76 x          11 x           9 x        1173
 Performing interpolation at target parameters...
 Interpolation complete
        103   7.041095  1.008E+04  -1.539708  -1.539708   4.999982   4.999982   0.718000   0.000707   0.268000  -4.724480    738      1
 3.8093E+00   7.041095   0.868356 -54.158991  -2.937421 -10.097925   0.000000   0.268000   0.006566   0.014000   0.034816      3
 4.5906E+05   0.483054   2.704816 -99.000000 -99.000000  -9.720479   0.000000   0.002413   0.001460   0.014000  0.000E+00        lgTeff

 Loading precomputed flux cube from:/home/njm/MESA/mesa/colors/data/stellar_models/Kurucz2003all//flux_cube.bin
 Loaded flux cube with dimensions:          76 x          11 x           9 x        1173
 Performing interpolation at target parameters...
 Interpolation complete
        104   7.054767  1.032E+04  -1.434023  -1.434023   4.999981   4.999981   0.718000   0.000707   0.268000  -4.683162    738      1
 3.8040E+00   7.054767   0.856732 -53.326370  -2.831475 -10.111237   0.000000   0.268000   0.006566   0.014000   0.034747      3
 4.6542E+05   0.521497   2.722613 -99.000000 -99.000000  -9.721255   0.000000   0.002413   0.001460   0.014000  0.000E+00        lgTeff

 Loading precomputed flux cube from:/home/njm/MESA/mesa/colors/data/stellar_models/Kurucz2003all//flux_cube.bin
 Loaded flux cube with dimensions:          76 x          11 x           9 x        1173
 Performing interpolation at target parameters...
 Interpolation complete
        105   7.068425  1.056E+04  -1.327297  -1.327297   4.999981   4.999981   0.718000   0.000707   0.268000  -4.642492    738      1
 3.7993E+00   7.068425   0.844920 -52.505104  -2.724224 -10.196613   0.000000   0.268000   0.006566   0.014000   0.034671      3
 4.7172E+05   0.559636   2.739884 -99.000000 -99.000000  -9.713753   0.000000   0.002413   0.001460   0.014000  0.000E+00        lgTeff

 Loading precomputed flux cube from:/home/njm/MESA/mesa/colors/data/stellar_models/Kurucz2003all//flux_cube.bin
 Loaded flux cube with dimensions:          76 x          11 x           9 x        1173
 Performing interpolation at target parameters...
 Interpolation complete
        106   7.082069  1.081E+04  -1.218440  -1.218440   4.999981   4.999981   0.718000   0.000707   0.268000  -4.602429    738      1
 3.7953E+00   7.082069   0.832915 -51.693345  -2.614390 -10.309273   0.000000   0.268000   0.006566   0.014000   0.034590      3
 4.7796E+05   0.597492   2.756620 -99.000000 -99.000000  -9.700111   0.000000   0.002413   0.001460   0.014000  0.000E+00        lgTeff

 Loading precomputed flux cube from:/home/njm/MESA/mesa/colors/data/stellar_models/Kurucz2003all//flux_cube.bin
 Loaded flux cube with dimensions:          76 x          11 x           9 x        1173
 Performing interpolation at target parameters...
 Interpolation complete
        107   7.095702  1.107E+04  -1.105929  -1.105929   4.999980   4.999980   0.718000   0.000707   0.268000  -4.562936    741      1
 3.7919E+00   7.095702   0.820712 -50.890610  -2.500167 -10.468606   0.000000   0.268000   0.006566   0.014000   0.034502      3
 4.8416E+05   0.635085   2.772813 -99.000000 -99.000000  -9.681762   0.000000   0.002413   0.001460   0.014000  0.000E+00        lgTeff

 Loading precomputed flux cube from:/home/njm/MESA/mesa/colors/data/stellar_models/Kurucz2003all//flux_cube.bin
 Loaded flux cube with dimensions:          76 x          11 x           9 x        1173
 Performing interpolation at target parameters...
 Interpolation complete
        108   7.109328  1.133E+04  -0.987706  -0.987706   4.999980   4.999980   0.718000   0.000707   0.268000  -4.523981    741      1
 3.7891E+00   7.109328   0.808305 -50.096641  -2.379115 -10.628576   0.000000   0.268000   0.006566   0.014000   0.034409      3
 4.9031E+05   0.672433   2.788453 -99.000000 -99.000000  -9.659778   0.000000   0.002413   0.001460   0.014000  0.000E+00        lgTeff

 Loading precomputed flux cube from:/home/njm/MESA/mesa/colors/data/stellar_models/Kurucz2003all//flux_cube.bin
 Loaded flux cube with dimensions:          76 x          11 x           9 x        1173
 Performing interpolation at target parameters...
 Interpolation complete
        109   7.122947  1.160E+04  -0.861161  -0.861161   4.999980   4.999980   0.718000   0.000707   0.268000  -4.485537    741      1
 3.7869E+00   7.122947   0.795692 -49.311229  -2.248172 -10.583189   0.000000   0.268000   0.006566   0.014000   0.034310      3
 4.9643E+05   0.709549   2.803535 -99.000000 -99.000000  -9.634916   0.000000   0.002413   0.001460   0.014000  0.000E+00        lgTeff

 Loading precomputed flux cube from:/home/njm/MESA/mesa/colors/data/stellar_models/Kurucz2003all//flux_cube.bin
 Loaded flux cube with dimensions:          76 x          11 x           9 x        1173
 Performing interpolation at target parameters...
 Interpolation complete

__________________________________________________________________________________________________________________________________________________

       step    lg_Tmax     Teff     lg_LH      lg_Lnuc_tot     Mass       H_rich     H_cntr     N_cntr     Y_surf   eta_cntr   zones  retry
  lg_dt_yrs    lg_Tcntr    lg_R     lg_L3a     lg_Lneu     lg_Mdot    He_core    He_cntr    O_cntr     Z_surf   gam_cntr   iters  
    age_yrs    lg_Dcntr    lg_L     lg_LZ      lg_Lphoto   lg_Dsurf   CO_core    C_cntr     Ne_cntr    Z_cntr   v_div_cs       dt_limit
__________________________________________________________________________________________________________________________________________________

        110   7.136561  1.187E+04  -0.723270  -0.723270   4.999980   4.999980   0.718000   0.000708   0.268000  -4.447574    742      1
 3.7854E+00   7.136561   0.782868 -48.534196  -2.103895 -10.539076   0.000000   0.268000   0.006566   0.014000   0.034206      3
 5.0253E+05   0.746448   2.818050 -15.954590 -99.000000  -9.607643   0.000000   0.002413   0.001460   0.014000  0.000E+00        lgTeff

 Loading precomputed flux cube from:/home/njm/MESA/mesa/colors/data/stellar_models/Kurucz2003all//flux_cube.bin
 Loaded flux cube with dimensions:          76 x          11 x           9 x        1173
 Performing interpolation at target parameters...
 Interpolation complete
        111   7.150171  1.215E+04  -0.570994  -0.570994   4.999980   4.999980   0.718000   0.000708   0.268000  -4.410067    743      1
 3.7845E+00   7.150171   0.769831 -47.765399  -1.943042 -10.496254   0.000000   0.268000   0.006566   0.014000   0.034098      3
 5.0862E+05   0.783143   2.831990 -99.000000 -99.000000  -9.578392   0.000000   0.002412   0.001460   0.014000  0.000E+00        lgTeff

 Loading precomputed flux cube from:/home/njm/MESA/mesa/colors/data/stellar_models/Kurucz2003all//flux_cube.bin
 Loaded flux cube with dimensions:          76 x          11 x           9 x        1173
 Performing interpolation at target parameters...
 Interpolation complete
        112   7.163778  1.243E+04  -0.401918  -0.401918   4.999979   4.999979   0.718000   0.000708   0.268000  -4.373000    743      1
 3.7843E+00   7.163778   0.756577 -47.004698  -1.763394 -10.454743   0.000000   0.268000   0.006566   0.014000   0.033985      3
 5.1471E+05   0.819643   2.845344 -15.653560 -99.000000  -9.547821   0.000000   0.002412   0.001460   0.014000  0.000E+00        lgTeff

 Loading precomputed flux cube from:/home/njm/MESA/mesa/colors/data/stellar_models/Kurucz2003all//flux_cube.bin
 Loaded flux cube with dimensions:          76 x          11 x           9 x        1173
 Performing interpolation at target parameters...
 Interpolation complete
        113   7.179488  1.276E+04  -0.180575  -0.180575   4.999979   4.999979   0.717999   0.000709   0.268000  -4.330015    749      1
 3.8537E+00   7.179488   0.740591 -46.124621  -1.527927 -10.414567   0.000000   0.268000   0.006566   0.014000   0.033857      5
 5.2185E+05   0.861866   2.859703 -15.954590 -99.000000  -9.511078   0.000000   0.002411   0.001460   0.014000  0.000E+00    varcontrol

 Loading precomputed flux cube from:/home/njm/MESA/mesa/colors/data/stellar_models/Kurucz2003all//flux_cube.bin
 Loaded flux cube with dimensions:          76 x          11 x           9 x        1173
 Performing interpolation at target parameters...
 Interpolation complete
        114   7.196776  1.313E+04   0.085189   0.085189   4.999979   4.999979   0.717999   0.000712   0.268000  -4.285036    762      1
 3.8899E+00   7.196776   0.722907 -45.180024  -1.246301 -10.370441   0.000000   0.268000   0.006566   0.014000   0.033691      5
 5.2961E+05   0.907324   2.874200 -15.176439 -99.000000  -9.470745   0.000000   0.002409   0.001460   0.014001  0.000E+00        lgTeff

 Loading precomputed flux cube from:/home/njm/MESA/mesa/colors/data/stellar_models/Kurucz2003all//flux_cube.bin
 Loaded flux cube with dimensions:          76 x          11 x           9 x        1173
 Performing interpolation at target parameters...
 Interpolation complete
        115   7.212211  1.347E+04   0.339577   0.339577   4.999979   4.999979   0.717998   0.000717   0.268000  -4.245870    770      1
 3.8410E+00   7.212211   0.707099 -44.351435  -0.978421 -10.325062   0.000000   0.268000   0.006566   0.014000   0.033533      3
 5.3654E+05   0.947480   2.886827 -99.000000 -99.000000  -9.434571   0.000000   0.002404   0.001460   0.014001  0.000E+00        lgTeff

 Loading precomputed flux cube from:/home/njm/MESA/mesa/colors/data/stellar_models/Kurucz2003all//flux_cube.bin
 Loaded flux cube with dimensions:          76 x          11 x           9 x        1173
 Performing interpolation at target parameters...
 Interpolation complete
        116   7.226824  1.380E+04   0.590653   0.590653   4.999978   4.999978   0.717997   0.000727   0.268000  -4.210065    776      1
 3.8183E+00   7.226824   0.692000 -43.578881  -0.715404 -10.285323   0.000000   0.268000   0.006566   0.014000   0.033369      3
 5.4312E+05   0.984947   2.898053 -99.000000 -99.000000  -9.400366   0.000000   0.002396   0.001460   0.014003  0.000E+00        lgTeff

 Loading precomputed flux cube from:/home/njm/MESA/mesa/colors/data/stellar_models/Kurucz2003all//flux_cube.bin
 Loaded flux cube with dimensions:          76 x          11 x           9 x        1173
 Performing interpolation at target parameters...
 Interpolation complete
        117   7.241146  1.412E+04   0.840810   0.840810   4.999978   4.999978   0.717994   0.000745   0.268000  -4.177146    783      1
 3.8092E+00   7.241146   0.677121 -42.834737  -0.454084 -10.249431   0.000000   0.268000   0.006566   0.014000   0.033186      3
 5.4957E+05   1.020729   2.908161 -14.750470 -99.000000  -9.367537   0.000000   0.002380   0.001460   0.014005  0.000E+00        lgTeff

 Loading precomputed flux cube from:/home/njm/MESA/mesa/colors/data/stellar_models/Kurucz2003all//flux_cube.bin
 Loaded flux cube with dimensions:          76 x          11 x           9 x        1173
 Performing interpolation at target parameters...
 Interpolation complete
        118   7.257732  1.448E+04   1.127004   1.127004   4.999977   4.999977   0.717989   0.000787   0.268000  -4.144487    790      1
 3.8683E+00   7.257732   0.659866 -41.994657  -0.154880 -10.216429   0.000000   0.268000   0.006566   0.014000   0.032916      5
 5.5695E+05   1.059808   2.918000 -99.000000 -99.000000  -9.331179   0.000000   0.002344   0.001460   0.014011  0.000E+00    varcontrol

 Loading precomputed flux cube from:/home/njm/MESA/mesa/colors/data/stellar_models/Kurucz2003all//flux_cube.bin
 Loaded flux cube with dimensions:          76 x          11 x           9 x        1173
 Performing interpolation at target parameters...
 Interpolation complete
        119   7.276181  1.487E+04   1.429705   1.429705   4.999977   4.999977   0.717975   0.000885   0.268000  -4.119096    796      1
 3.9029E+00   7.276181   0.641184 -41.096448   0.162991 -10.182822   0.000000   0.268000   0.006566   0.014000   0.032500      4
 5.6495E+05   1.098558   2.926796 -14.449440 -99.000000  -9.293464   0.000000   0.002260   0.001460   0.014025  0.000E+00        lgTeff

 Loading precomputed flux cube from:/home/njm/MESA/mesa/colors/data/stellar_models/Kurucz2003all//flux_cube.bin
 Loaded flux cube with dimensions:          76 x          11 x           9 x        1173
 Performing interpolation at target parameters...
 Interpolation complete

__________________________________________________________________________________________________________________________________________________

       step    lg_Tmax     Teff     lg_LH      lg_Lnuc_tot     Mass       H_rich     H_cntr     N_cntr     Y_surf   eta_cntr   zones  retry
  lg_dt_yrs    lg_Tcntr    lg_R     lg_L3a     lg_Lneu     lg_Mdot    He_core    He_cntr    O_cntr     Z_surf   gam_cntr   iters  
    age_yrs    lg_Dcntr    lg_L     lg_LZ      lg_Lphoto   lg_Dsurf   CO_core    C_cntr     Ne_cntr    Z_cntr   v_div_cs       dt_limit
__________________________________________________________________________________________________________________________________________________

        120   7.294029  1.523E+04   1.697079   1.697079   4.999976   4.999976   0.717950   0.001063   0.268000  -4.109877    807      1
 3.8675E+00   7.294029   0.624250 -40.272206   0.445201 -10.151034   0.000000   0.267999   0.006566   0.014000   0.031942      4
 5.7232E+05   1.129425   2.933447 -99.000000 -99.000000  -9.260340   0.000000   0.002108   0.001460   0.014051  0.000E+00        lgTeff

 Loading precomputed flux cube from:/home/njm/MESA/mesa/colors/data/stellar_models/Kurucz2003all//flux_cube.bin
 Loaded flux cube with dimensions:          76 x          11 x           9 x        1173
 Performing interpolation at target parameters...
 Interpolation complete
        121   7.312427  1.555E+04   1.942873   1.942873   4.999976   4.999976   0.717905   0.001381   0.268000  -4.119222    815      1
 3.8594E+00   7.312427   0.607918 -39.456461   0.705522 -10.125497   0.000000   0.267999   0.006566   0.014000   0.031182      4
 5.7955E+05   1.153068   2.937590 -99.000000 -99.000000  -9.229572   0.000000   0.001835   0.001460   0.014096  0.000E+00        lgTeff

 Loading precomputed flux cube from:/home/njm/MESA/mesa/colors/data/stellar_models/Kurucz2003all//flux_cube.bin
 Loaded flux cube with dimensions:          76 x          11 x           9 x        1173
 Performing interpolation at target parameters...
 Interpolation complete
        122   7.330923  1.588E+04   2.186479   2.186479   4.999975   4.999975   0.717881   0.001548   0.268000  -4.136929    826      1
 3.9168E+00   7.330923   0.589772 -38.594633   0.963348 -10.106496   0.000000   0.267999   0.006566   0.014000   0.030341      5
 5.8781E+05   1.172828   2.937898 -13.546350 -99.000000  -9.197112   0.000000   0.001692   0.001460   0.014120  0.000E+00    varcontrol

 Loading precomputed flux cube from:/home/njm/MESA/mesa/colors/data/stellar_models/Kurucz2003all//flux_cube.bin
 Loaded flux cube with dimensions:          76 x          11 x           9 x        1173
 Performing interpolation at target parameters...
 Interpolation complete
        123   7.348182  1.619E+04   2.442973   2.442973   4.999974   4.999974   0.717897   0.001434   0.268000  -4.169235    830      1
 3.9959E+00   7.348182   0.569394 -37.798858   1.231996 -10.096023   0.000000   0.267999   0.006566   0.014000   0.029409      5
 5.9771E+05   1.184029   2.929954 -12.944290 -99.000000  -9.163448   0.000000   0.001790   0.001460   0.014104  0.000E+00  max increase

 Loading precomputed flux cube from:/home/njm/MESA/mesa/colors/data/stellar_models/Kurucz2003all//flux_cube.bin
 Loaded flux cube with dimensions:          76 x          11 x           9 x        1173
 Performing interpolation at target parameters...
 Interpolation complete
        124   7.360709  1.637E+04   2.653142   2.653142   4.999973   4.999973   0.717900   0.001408   0.268000  -4.215809    843      1
 4.0698E+00   7.360709   0.548314 -37.241749   1.447057 -10.104804   0.000000   0.268000   0.006566   0.014000   0.028531      5
 6.0946E+05   1.182121   2.907466 -99.000000 -99.000000  -9.132879   0.000000   0.001812   0.001460   0.014100  0.000E+00    varcontrol

 Loading precomputed flux cube from:/home/njm/MESA/mesa/colors/data/stellar_models/Kurucz2003all//flux_cube.bin
 Loaded flux cube with dimensions:          76 x          11 x           9 x        1173
 Performing interpolation at target parameters...
 Interpolation complete
        125   7.367803  1.639E+04   2.752471   2.752471   4.999972   4.999972   0.717888   0.001495   0.268000  -4.262642    845      1
 4.1482E+00   7.367803   0.527920 -36.941442   1.549398 -10.149238   0.000000   0.268000   0.006566   0.014000   0.027858      5
 6.2352E+05   1.172254   2.869236 -12.944290 -99.000000  -9.107988   0.000000   0.001738   0.001460   0.014112  0.000E+00    varcontrol

 Loading precomputed flux cube from:/home/njm/MESA/mesa/colors/data/stellar_models/Kurucz2003all//flux_cube.bin
 Loaded flux cube with dimensions:          76 x          11 x           9 x        1173
 Performing interpolation at target parameters...
 Interpolation complete
        126   7.371288  1.629E+04   2.770362   2.770362   4.999971   4.999971   0.717864   0.001656   0.268000  -4.298828    844      1
 4.2274E+00   7.371288   0.510005 -36.802749   1.570445 -10.233042   0.000000   0.268000   0.006566   0.014000   0.027415      4
 6.4041E+05   1.161736   2.822579 -99.000000 -99.000000  -9.089861   0.000000   0.001600   0.001460   0.014135  0.000E+00  max increase

 Loading precomputed flux cube from:/home/njm/MESA/mesa/colors/data/stellar_models/Kurucz2003all//flux_cube.bin
 Loaded flux cube with dimensions:          76 x          11 x           9 x        1173
 Performing interpolation at target parameters...
 Interpolation complete
        127   7.373467  1.616E+04   2.745228   2.745228   4.999971   4.999971   0.717830   0.001891   0.268000  -4.318372    846      1
 4.3066E+00   7.373467   0.495977 -36.714483   1.548587 -10.339050   0.000000   0.268001   0.006566   0.014000   0.027171      5
 6.6066E+05   1.156505   2.780223 -99.000000 -99.000000  -9.077400   0.000000   0.001398   0.001460   0.014169  0.000E+00  max increase

 Loading precomputed flux cube from:/home/njm/MESA/mesa/colors/data/stellar_models/Kurucz2003all//flux_cube.bin
 Loaded flux cube with dimensions:          76 x          11 x           9 x        1173
 Performing interpolation at target parameters...
 Interpolation complete
        128   7.376294  1.610E+04   2.705548   2.705548   4.999970   4.999970   0.717785   0.002197   0.268000  -4.319410    849      1
 4.3858E+00   7.376294   0.485814 -36.584324   1.512242 -10.436482   0.000000   0.268003   0.006566   0.014000   0.027076      5
 6.8497E+05   1.160242   2.753362 -99.000000 -99.000000  -9.067258   0.000000   0.001137   0.001460   0.014213  0.000E+00  max increase

 Loading precomputed flux cube from:/home/njm/MESA/mesa/colors/data/stellar_models/Kurucz2003all//flux_cube.bin
 Loaded flux cube with dimensions:          76 x          11 x           9 x        1173
 Performing interpolation at target parameters...
 Interpolation complete
        129   7.381323  1.618E+04   2.668585   2.668585   4.999969   4.999969   0.717731   0.002549   0.268000  -4.302811    851      1
 4.4650E+00   7.381323   0.477637 -36.341528   1.478965 -10.497593   0.000000   0.268006   0.006565   0.014000   0.027071      5
 7.1414E+05   1.174890   2.745352 -12.944290 -99.000000  -9.055029   0.000000   0.000835   0.001460   0.014263  0.000E+00  max increase

 Loading precomputed flux cube from:/home/njm/MESA/mesa/colors/data/stellar_models/Kurucz2003all//flux_cube.bin
 Loaded flux cube with dimensions:          76 x          11 x           9 x        1173
 Performing interpolation at target parameters...
 Interpolation complete

__________________________________________________________________________________________________________________________________________________

       step    lg_Tmax     Teff     lg_LH      lg_Lnuc_tot     Mass       H_rich     H_cntr     N_cntr     Y_surf   eta_cntr   zones  retry
  lg_dt_yrs    lg_Tcntr    lg_R     lg_L3a     lg_Lneu     lg_Mdot    He_core    He_cntr    O_cntr     Z_surf   gam_cntr   iters  
    age_yrs    lg_Dcntr    lg_L     lg_LZ      lg_Lphoto   lg_Dsurf   CO_core    C_cntr     Ne_cntr    Z_cntr   v_div_cs       dt_limit
__________________________________________________________________________________________________________________________________________________

        130   7.390420  1.643E+04   2.632743   2.632743   4.999968   4.999968   0.717670   0.002935   0.268000  -4.266630    852      1
 4.5441E+00   7.390420   0.467967 -35.899373   1.449187 -10.513063   0.000000   0.268012   0.006565   0.014000   0.027116      5
 7.4915E+05   1.204140   2.753277 -99.000000 -99.000000  -9.035524   0.000000   0.000505   0.001460   0.014318  0.000E+00  max increase

 Loading precomputed flux cube from:/home/njm/MESA/mesa/colors/data/stellar_models/Kurucz2003all//flux_cube.bin
 Loaded flux cube with dimensions:          76 x          11 x           9 x        1173
 Performing interpolation at target parameters...
 Interpolation complete
        131   7.406812  1.694E+04   2.582556   2.582556   4.999966   4.999966   0.717601   0.003292   0.268000  -4.200493    850      1
 4.6233E+00   7.406812   0.451908 -35.100876   1.415279 -10.488256   0.000000   0.268031   0.006563   0.014000   0.027207      5
 7.9116E+05   1.257432   2.774071 -12.944290 -99.000000  -9.001456   0.000000   0.000200   0.001460   0.014368  0.000E+00  max increase

 Loading precomputed flux cube from:/home/njm/MESA/mesa/colors/data/stellar_models/Kurucz2003all//flux_cube.bin
 Loaded flux cube with dimensions:          76 x          11 x           9 x        1173
 Performing interpolation at target parameters...
 Interpolation complete
        132   7.427455  1.756E+04   2.575094   2.575094   4.999965   4.999965   0.717521   0.003464   0.268000  -4.125014    848      1
 4.6751E+00   7.427455   0.429852 -34.078750   1.439548 -10.428147   0.000000   0.268088   0.006557   0.014000   0.027248      5
 8.3848E+05   1.321189   2.792588 -13.245320 -99.000000  -8.958311   0.000000   0.000057   0.001460   0.014391  0.000E+00        lgTeff

 Loading precomputed flux cube from:/home/njm/MESA/mesa/colors/data/stellar_models/Kurucz2003all//flux_cube.bin
 Loaded flux cube with dimensions:          76 x          11 x           9 x        1173
 Performing interpolation at target parameters...
 Interpolation complete
        133   7.438482  1.784E+04   2.659849   2.659849   4.999963   4.999963   0.717443   0.003498   0.268000  -4.099211    846      1
 4.5832E+00   7.438482   0.415112 -33.518404   1.534124 -10.370471   0.000000   0.268163   0.006548   0.014000   0.027139      5
 8.7678E+05   1.348985   2.790307 -13.245320 -99.000000  -8.933595   0.000000   0.000034   0.001460   0.014394  0.000E+00        lgTeff

 Loading precomputed flux cube from:/home/njm/MESA/mesa/colors/data/stellar_models/Kurucz2003all//flux_cube.bin
 Loaded flux cube with dimensions:          76 x          11 x           9 x        1173
 Performing interpolation at target parameters...
 Interpolation complete
        134   7.442857  1.786E+04   2.731264   2.731264   4.999961   4.999961   0.717359   0.003508   0.268000  -4.101814    846      1
 4.6274E+00   7.442857   0.405251 -33.297243   1.604674 -10.368236   0.000000   0.268248   0.006538   0.014000   0.026981      5
 9.1918E+05   1.354484   2.772920 -99.000000 -99.000000  -8.921027   0.000000   0.000034   0.001460   0.014393  0.000E+00    varcontrol

 Loading precomputed flux cube from:/home/njm/MESA/mesa/colors/data/stellar_models/Kurucz2003all//flux_cube.bin
 Loaded flux cube with dimensions:          76 x          11 x           9 x        1173
 Performing interpolation at target parameters...
 Interpolation complete
        135   7.443019  1.776E+04   2.754838   2.754838   4.999959   4.999959   0.717275   0.003512   0.268000  -4.113001    846      1
 4.7066E+00   7.443019   0.400642 -33.295583   1.626753 -10.406036   0.000000   0.268334   0.006528   0.014000   0.026878      5
 9.7007E+05   1.349919   2.754220 -99.000000 -99.000000  -8.917768   0.000000   0.000038   0.001460   0.014391  0.000E+00  max increase

 Loading precomputed flux cube from:/home/njm/MESA/mesa/colors/data/stellar_models/Kurucz2003all//flux_cube.bin
 Loaded flux cube with dimensions:          76 x          11 x           9 x        1173
 Performing interpolation at target parameters...
 Interpolation complete
        136   7.442951  1.772E+04   2.747293   2.747293   4.999957   4.999957   0.717167   0.003525   0.268000  -4.116225    846      1
 4.7858E+00   7.442951   0.399037 -33.300600   1.619519 -10.449898   0.000000   0.268443   0.006515   0.014000   0.026854      5
 1.0311E+06   1.348451   2.746457 -99.000000 -99.000000  -8.916951   0.000000   0.000036   0.001460   0.014390  0.000E+00  max increase

 Loading precomputed flux cube from:/home/njm/MESA/mesa/colors/data/stellar_models/Kurucz2003all//flux_cube.bin
 Loaded flux cube with dimensions:          76 x          11 x           9 x        1173
 Performing interpolation at target parameters...
 Interpolation complete
        137   7.443341  1.772E+04   2.743002   2.743002   4.999954   4.999954   0.717030   0.003541   0.268000  -4.115164    847      1
 4.8649E+00   7.443341   0.398373 -33.279198   1.615599 -10.468274   0.000000   0.268582   0.006499   0.014000   0.026854      5
 1.1044E+06   1.349533   2.745299 -99.000000 -99.000000  -8.916098   0.000000   0.000034   0.001460   0.014388  0.000E+00  max increase

 Loading precomputed flux cube from:/home/njm/MESA/mesa/colors/data/stellar_models/Kurucz2003all//flux_cube.bin
 Loaded flux cube with dimensions:          76 x          11 x           9 x        1173
 Performing interpolation at target parameters...
 Interpolation complete
        138   7.443675  1.773E+04   2.743773   2.743773   4.999951   4.999951   0.716862   0.003560   0.268000  -4.114491    847      1
 4.9441E+00   7.443675   0.398016 -33.260821   1.616356 -10.470786   0.000000   0.268753   0.006479   0.014000   0.026853      5
 1.1923E+06   1.350369   2.745240 -12.643260 -99.000000  -8.915498   0.000000   0.000033   0.001460   0.014386  0.000E+00  max increase

 Loading precomputed flux cube from:/home/njm/MESA/mesa/colors/data/stellar_models/Kurucz2003all//flux_cube.bin
 Loaded flux cube with dimensions:          76 x          11 x           9 x        1173
 Performing interpolation at target parameters...
 Interpolation complete
        139   7.443803  1.773E+04   2.744886   2.744886   4.999948   4.999948   0.716659   0.003581   0.268000  -4.114693    848      1
 5.0233E+00   7.443803   0.397918 -33.253348   1.617328 -10.470741   0.000000   0.268958   0.006456   0.014000   0.026851      5
 1.2978E+06   1.350527   2.745152 -99.000000 -99.000000  -8.915352   0.000000   0.000033   0.001460   0.014383  0.000E+00  max increase

 Loading precomputed flux cube from:/home/njm/MESA/mesa/colors/data/stellar_models/Kurucz2003all//flux_cube.bin
 Loaded flux cube with dimensions:          76 x          11 x           9 x        1173
 Performing interpolation at target parameters...
 Interpolation complete

__________________________________________________________________________________________________________________________________________________

       step    lg_Tmax     Teff     lg_LH      lg_Lnuc_tot     Mass       H_rich     H_cntr     N_cntr     Y_surf   eta_cntr   zones  retry
  lg_dt_yrs    lg_Tcntr    lg_R     lg_L3a     lg_Lneu     lg_Mdot    He_core    He_cntr    O_cntr     Z_surf   gam_cntr   iters  
    age_yrs    lg_Dcntr    lg_L     lg_LZ      lg_Lphoto   lg_Dsurf   CO_core    C_cntr     Ne_cntr    Z_cntr   v_div_cs       dt_limit
__________________________________________________________________________________________________________________________________________________

        140   7.443810  1.773E+04   2.745471   2.745471   4.999944   4.999944   0.716416   0.003605   0.268000  -4.115284    848      1
 5.1025E+00   7.443810   0.398026 -33.252187   1.617730 -10.470908   0.000000   0.269205   0.006428   0.014000   0.026850      5
 1.4245E+06   1.350344   2.745213 -12.643260 -99.000000  -8.915523   0.000000   0.000033   0.001460   0.014379  0.000E+00  max increase

 Loading precomputed flux cube from:/home/njm/MESA/mesa/colors/data/stellar_models/Kurucz2003all//flux_cube.bin
 Loaded flux cube with dimensions:          76 x          11 x           9 x        1173
 Performing interpolation at target parameters...
 Interpolation complete
        141   7.443753  1.772E+04   2.745888   2.745888   4.999938   4.999938   0.716124   0.003634   0.268000  -4.116117    848      1
 5.1817E+00   7.443753   0.398274 -33.254288   1.617922 -10.470813   0.000000   0.269500   0.006395   0.014000   0.026850      5
 1.5764E+06   1.349971   2.745435 -12.643260 -99.000000  -8.915893   0.000000   0.000033   0.001460   0.014375  0.000E+00  max increase

 Loading precomputed flux cube from:/home/njm/MESA/mesa/colors/data/stellar_models/Kurucz2003all//flux_cube.bin
 Loaded flux cube with dimensions:          76 x          11 x           9 x        1173
 Performing interpolation at target parameters...
 Interpolation complete
        142   7.443649  1.772E+04   2.746303   2.746303   4.999932   4.999932   0.715776   0.003668   0.268000  -4.117192    848      1
 5.2609E+00   7.443649   0.398628 -33.258620   1.618064 -10.470394   0.000000   0.269854   0.006356   0.014000   0.026850      5
 1.7587E+06   1.349439   2.745766 -99.000000 -99.000000  -8.916421   0.000000   0.000033   0.001460   0.014370  0.000E+00  max increase

 Loading precomputed flux cube from:/home/njm/MESA/mesa/colors/data/stellar_models/Kurucz2003all//flux_cube.bin
 Loaded flux cube with dimensions:          76 x          11 x           9 x        1173
 Performing interpolation at target parameters...
 Interpolation complete
        143   7.443507  1.771E+04   2.746760   2.746760   4.999925   4.999925   0.715358   0.003707   0.268000  -4.118528    848      1
 5.3400E+00   7.443507   0.399081 -33.264806   1.618199 -10.469762   0.000000   0.270277   0.006310   0.014000   0.026850      5
 1.9775E+06   1.348753   2.746187 -99.000000 -99.000000  -8.917097   0.000000   0.000033   0.001460   0.014365  0.000E+00  max increase

 Loading precomputed flux cube from:/home/njm/MESA/mesa/colors/data/stellar_models/Kurucz2003all//flux_cube.bin
 Loaded flux cube with dimensions:          76 x          11 x           9 x        1173
 Performing interpolation at target parameters...
 Interpolation complete
        144   7.443328  1.771E+04   2.747289   2.747289   4.999916   4.999916   0.714859   0.003754   0.268000  -4.120149    848      1
 5.4192E+00   7.443328   0.399638 -33.272650   1.618351 -10.468961   0.000000   0.270783   0.006257   0.014000   0.026851      5
 2.2401E+06   1.347909   2.746704 -99.000000 -99.000000  -8.917926   0.000000   0.000034   0.001460   0.014358  0.000E+00  max increase

 Loading precomputed flux cube from:/home/njm/MESA/mesa/colors/data/stellar_models/Kurucz2003all//flux_cube.bin
 Loaded flux cube with dimensions:          76 x          11 x           9 x        1173
 Performing interpolation at target parameters...
 Interpolation complete
        145   7.443114  1.770E+04   2.747914   2.747914   4.999905   4.999905   0.714262   0.003808   0.268000  -4.122087    850      1
 5.4984E+00   7.443114   0.400306 -33.282030   1.618540 -10.467978   0.000000   0.271388   0.006195   0.014000   0.026851      5
 2.5551E+06   1.346901   2.747332 -99.000000 -99.000000  -8.918920   0.000000   0.000034   0.001460   0.014350  0.000E+00  max increase

 Loading precomputed flux cube from:/home/njm/MESA/mesa/colors/data/stellar_models/Kurucz2003all//flux_cube.bin
 Loaded flux cube with dimensions:          76 x          11 x           9 x        1173
 Performing interpolation at target parameters...
 Interpolation complete
        146   7.442865  1.769E+04   2.748663   2.748663   4.999892   4.999892   0.713547   0.003871   0.268000  -4.124385    850      1
 5.5776E+00   7.442865   0.401098 -33.292848   1.618791 -10.466779   0.000000   0.272112   0.006122   0.014000   0.026852      5
 2.9332E+06   1.345715   2.748093 -99.000000 -99.000000  -8.920094   0.000000   0.000034   0.001460   0.014341  0.000E+00  max increase

 Loading precomputed flux cube from:/home/njm/MESA/mesa/colors/data/stellar_models/Kurucz2003all//flux_cube.bin
 Loaded flux cube with dimensions:          76 x          11 x           9 x        1173
 Performing interpolation at target parameters...
 Interpolation complete
        147   7.442583  1.768E+04   2.749567   2.749567   4.999877   4.999877   0.712691   0.003943   0.268000  -4.127088    850      1
 5.6568E+00   7.442583   0.402030 -33.304991   1.619132 -10.465316   0.000000   0.272979   0.006038   0.014000   0.026853      5
 3.3869E+06   1.344338   2.749015 -12.944290 -99.000000  -8.921469   0.000000   0.000035   0.001460   0.014330  0.000E+00  max increase

 Loading precomputed flux cube from:/home/njm/MESA/mesa/colors/data/stellar_models/Kurucz2003all//flux_cube.bin
 Loaded flux cube with dimensions:          76 x          11 x           9 x        1173
 Performing interpolation at target parameters...
 Interpolation complete
        148   7.442268  1.767E+04   2.750664   2.750664   4.999858   4.999858   0.711665   0.004027   0.268000  -4.130256    851      1
 5.7359E+00   7.442268   0.403121 -33.318296   1.619595 -10.463528   0.000000   0.274017   0.005942   0.014000   0.026854      5
 3.9313E+06   1.342755   2.750134 -99.000000 -99.000000  -8.923068   0.000000   0.000036   0.001460   0.014318  0.000E+00  max increase

 Loading precomputed flux cube from:/home/njm/MESA/mesa/colors/data/stellar_models/Kurucz2003all//flux_cube.bin
 Loaded flux cube with dimensions:          76 x          11 x           9 x        1173
 Performing interpolation at target parameters...
 Interpolation complete
        149   7.441923  1.766E+04   2.751999   2.751999   4.999835   4.999835   0.710436   0.004123   0.268000  -4.133951    855      1
 5.8151E+00   7.441923   0.404393 -33.332522   1.620226 -10.461337   0.000000   0.275260   0.005831   0.014000   0.026855      5
 4.5847E+06   1.340951   2.751494 -99.000000 -99.000000  -8.924918   0.000000   0.000036   0.001460   0.014304  0.000E+00  max increase

 Loading precomputed flux cube from:/home/njm/MESA/mesa/colors/data/stellar_models/Kurucz2003all//flux_cube.bin
 Loaded flux cube with dimensions:          76 x          11 x           9 x        1173
 Performing interpolation at target parameters...
 Interpolation complete

__________________________________________________________________________________________________________________________________________________

       step    lg_Tmax     Teff     lg_LH      lg_Lnuc_tot     Mass       H_rich     H_cntr     N_cntr     Y_surf   eta_cntr   zones  retry
  lg_dt_yrs    lg_Tcntr    lg_R     lg_L3a     lg_Lneu     lg_Mdot    He_core    He_cntr    O_cntr     Z_surf   gam_cntr   iters  
    age_yrs    lg_Dcntr    lg_L     lg_LZ      lg_Lphoto   lg_Dsurf   CO_core    C_cntr     Ne_cntr    Z_cntr   v_div_cs       dt_limit
__________________________________________________________________________________________________________________________________________________

        150   7.441552  1.765E+04   2.753625   2.753625   4.999808   4.999808   0.708962   0.004233   0.268000  -4.138252    854      1
 5.8943E+00   7.441552   0.405870 -33.347324   1.621077 -10.458646   0.000000   0.276750   0.005704   0.014000   0.026857      5
 5.3686E+06   1.338908   2.753146 -12.944290 -99.000000  -8.927047   0.000000   0.000037   0.001460   0.014288  0.000E+00  max increase

save LOGS/profile4.data for model 150
 Loading precomputed flux cube from:/home/njm/MESA/mesa/colors/data/stellar_models/Kurucz2003all//flux_cube.bin
 Loaded flux cube with dimensions:          76 x          11 x           9 x        1173
 Performing interpolation at target parameters...
 Interpolation complete
save photos/x150 for model 150
        151   7.441161  1.763E+04   2.755609   2.755609   4.999775   4.999775   0.707193   0.004357   0.268000  -4.143245    854      1
 5.9735E+00   7.441161   0.407582 -33.362218   1.622217 -10.455338   0.000000   0.278537   0.005561   0.014000   0.026859      5
 6.3094E+06   1.336612   2.755159 -99.000000 -99.000000  -8.929492   0.000000   0.000038   0.001460   0.014270  0.000E+00  max increase

 Loading precomputed flux cube from:/home/njm/MESA/mesa/colors/data/stellar_models/Kurucz2003all//flux_cube.bin
 Loaded flux cube with dimensions:          76 x          11 x           9 x        1173
 Performing interpolation at target parameters...
 Interpolation complete
        152   7.440759  1.762E+04   2.758035   2.758035   4.999735   4.999735   0.705066   0.004497   0.268000  -4.149035    856      1
 6.0527E+00   7.440759   0.409564 -33.376554   1.623731 -10.451264   0.000000   0.280685   0.005399   0.014000   0.026861      5
 7.4383E+06   1.334046   2.757613 -12.643260 -99.000000  -8.932289   0.000000   0.000039   0.001460   0.014250  0.000E+00  max increase

 Loading precomputed flux cube from:/home/njm/MESA/mesa/colors/data/stellar_models/Kurucz2003all//flux_cube.bin
 Loaded flux cube with dimensions:          76 x          11 x           9 x        1173
 Performing interpolation at target parameters...
 Interpolation complete
        153   7.440359  1.760E+04   2.761003   2.761003   4.999687   4.999687   0.702506   0.004655   0.268000  -4.155746    855      1
 6.1318E+00   7.440359   0.411859 -33.389484   1.625724 -10.446240   0.000000   0.283267   0.005218   0.014000   0.026863      5
 8.7931E+06   1.331196   2.760610 -12.467169 -99.000000  -8.935487   0.000000   0.000041   0.001460   0.014227  0.000E+00  max increase

 Loading precomputed flux cube from:/home/njm/MESA/mesa/colors/data/stellar_models/Kurucz2003all//flux_cube.bin
 Loaded flux cube with dimensions:          76 x          11 x           9 x        1173
 Performing interpolation at target parameters...
 Interpolation complete
        154   7.439977  1.758E+04   2.764645   2.764645   4.999628   4.999628   0.699419   0.004830   0.268000  -4.163523    857      1
 6.2110E+00   7.439977   0.414519 -33.399907   1.628334 -10.440037   0.000000   0.286380   0.005016   0.014000   0.026866      5
 1.0419E+07   1.328048   2.764281 -99.000000 -99.000000  -8.939143   0.000000   0.000042   0.001460   0.014201  0.000E+00  max increase

 Loading precomputed flux cube from:/home/njm/MESA/mesa/colors/data/stellar_models/Kurucz2003all//flux_cube.bin
 Loaded flux cube with dimensions:          76 x          11 x           9 x        1173
 Performing interpolation at target parameters...
 Interpolation complete
        155   7.439634  1.757E+04   2.769148   2.769148   4.999556   4.999556   0.695689   0.005023   0.268000  -4.172526    862      1
 6.2902E+00   7.439634   0.417615 -33.406381   1.631751 -10.432358   0.000000   0.290138   0.004792   0.014000   0.026870      5
 1.2370E+07   1.324596   2.768812 -12.342230 -99.000000  -8.943329   0.000000   0.000044   0.001460   0.014173  0.000E+00  max increase

 Loading precomputed flux cube from:/home/njm/MESA/mesa/colors/data/stellar_models/Kurucz2003all//flux_cube.bin
 Loaded flux cube with dimensions:          76 x          11 x           9 x        1173
 Performing interpolation at target parameters...
 Interpolation complete
        156   7.439356  1.755E+04   2.774687   2.774687   4.999467   4.999467   0.691170   0.005237   0.268000  -4.183009    861      1
 6.3694E+00   7.439356   0.421223 -33.407267   1.636155 -10.422782   0.000000   0.294688   0.004546   0.014000   0.026876      5
 1.4710E+07   1.320808   2.774377 -12.944290 -99.000000  -8.948132   0.000000   0.000046   0.001460   0.014142  0.000E+00  max increase

 Loading precomputed flux cube from:/home/njm/MESA/mesa/colors/data/stellar_models/Kurucz2003all//flux_cube.bin
 Loaded flux cube with dimensions:          76 x          11 x           9 x        1173
 Performing interpolation at target parameters...
 Interpolation complete
        157   7.439178  1.754E+04   2.781515   2.781515   4.999358   4.999358   0.685676   0.005469   0.268000  -4.195268    859      1
 6.4486E+00   7.439178   0.425451 -33.400442   1.641802 -10.410915   0.000000   0.300216   0.004278   0.014000   0.026882      5
 1.7520E+07   1.316656   2.781229 -99.000000 -99.000000  -8.953670   0.000000   0.000048   0.001460   0.014108  0.000E+00  max increase

 Loading precomputed flux cube from:/home/njm/MESA/mesa/colors/data/stellar_models/Kurucz2003all//flux_cube.bin
 Loaded flux cube with dimensions:          76 x          11 x           9 x        1173
 Performing interpolation at target parameters...
 Interpolation complete
        158   7.439141  1.752E+04   2.789960   2.789960   4.999223   4.999223   0.678969   0.005721   0.268000  -4.209684    864      1
 6.5278E+00   7.439141   0.430440 -33.383236   1.649018 -10.396188   0.000000   0.306959   0.003987   0.014000   0.026891      5
 2.0891E+07   1.312103   2.789695 -12.245320 -99.000000  -8.960103   0.000000   0.000050   0.001460   0.014071  0.000E+00  max increase

 Loading precomputed flux cube from:/home/njm/MESA/mesa/colors/data/stellar_models/Kurucz2003all//flux_cube.bin
 Loaded flux cube with dimensions:          76 x          11 x           9 x        1173
 Performing interpolation at target parameters...
 Interpolation complete
        159   7.439300  1.751E+04   2.800451   2.800451   4.999053   4.999053   0.670740   0.005992   0.268000  -4.226764    871      1
 6.6069E+00   7.439300   0.436385 -33.352261   1.658225 -10.377866   0.000000   0.315228   0.003674   0.014000   0.026903      5
 2.4936E+07   1.307098   2.800206 -99.000000 -99.000000  -8.967650   0.000000   0.000052   0.001460   0.014032  0.000E+00  max increase

 Loading precomputed flux cube from:/home/njm/MESA/mesa/colors/data/stellar_models/Kurucz2003all//flux_cube.bin
 Loaded flux cube with dimensions:          76 x          11 x           9 x        1173
 Performing interpolation at target parameters...
 Interpolation complete

__________________________________________________________________________________________________________________________________________________

       step    lg_Tmax     Teff     lg_LH      lg_Lnuc_tot     Mass       H_rich     H_cntr     N_cntr     Y_surf   eta_cntr   zones  retry
  lg_dt_yrs    lg_Tcntr    lg_R     lg_L3a     lg_Lneu     lg_Mdot    He_core    He_cntr    O_cntr     Z_surf   gam_cntr   iters  
    age_yrs    lg_Dcntr    lg_L     lg_LZ      lg_Lphoto   lg_Dsurf   CO_core    C_cntr     Ne_cntr    Z_cntr   v_div_cs       dt_limit
__________________________________________________________________________________________________________________________________________________

        160   7.439729  1.749E+04   2.813599   2.813599   4.998839   4.998839   0.660576   0.006281   0.268000  -4.247154    864      1
 6.6861E+00   7.439729   0.443563 -33.303019   1.670019 -10.354986   0.000000   0.325435   0.003340   0.014000   0.026920      5
 2.9790E+07   1.301585   2.813372 -99.000000 -99.000000  -8.976628   0.000000   0.000055   0.001460   0.013990  0.000E+00  max increase

 Loading precomputed flux cube from:/home/njm/MESA/mesa/colors/data/stellar_models/Kurucz2003all//flux_cube.bin
 Loaded flux cube with dimensions:          76 x          11 x           9 x        1173
 Performing interpolation at target parameters...
 Interpolation complete
        161   7.440512  1.748E+04   2.829961   2.829961   4.998569   4.998569   0.648161   0.006582   0.268000  -4.271255    865      1
 6.7568E+00   7.440512   0.452217 -33.230971   1.684949 -10.326184   0.000000   0.337893   0.002993   0.014000   0.026944      5
 3.5502E+07   1.295610   2.829749 -99.000000 -99.000000  -8.987304   0.000000   0.000058   0.001460   0.013946  0.000E+00      XHe_cntr

 Loading precomputed flux cube from:/home/njm/MESA/mesa/colors/data/stellar_models/Kurucz2003all//flux_cube.bin
 Loaded flux cube with dimensions:          76 x          11 x           9 x        1173
 Performing interpolation at target parameters...
 Interpolation complete
        162   7.441419  1.748E+04   2.845429   2.845429   4.998305   4.998305   0.636486   0.006828   0.268000  -4.293444    874      1
 6.7131E+00   7.441419   0.460304 -33.155709   1.699204 -10.290208   0.000000   0.349604   0.002709   0.014000   0.026970      5
 4.0667E+07   1.290475   2.845226 -12.643260 -99.000000  -8.997223   0.000000   0.000060   0.001460   0.013910  0.000E+00      XHe_cntr

 Loading precomputed flux cube from:/home/njm/MESA/mesa/colors/data/stellar_models/Kurucz2003all//flux_cube.bin
 Loaded flux cube with dimensions:          76 x          11 x           9 x        1173
 Performing interpolation at target parameters...
 Interpolation complete
        163   7.442425  1.747E+04   2.860487   2.860487   4.998037   4.998037   0.625171   0.007037   0.268000  -4.314619    882      1
 6.6830E+00   7.442425   0.468138 -33.077311   1.713179 -10.256158   0.000000   0.360949   0.002466   0.014000   0.026998      5
 4.5487E+07   1.285853   2.860291 -99.000000 -99.000000  -9.006802   0.000000   0.000062   0.001460   0.013879  0.000E+00      XHe_cntr

 Loading precomputed flux cube from:/home/njm/MESA/mesa/colors/data/stellar_models/Kurucz2003all//flux_cube.bin
 Loaded flux cube with dimensions:          76 x          11 x           9 x        1173
 Performing interpolation at target parameters...
 Interpolation complete
        164   7.443514  1.747E+04   2.875363   2.875363   4.997764   4.997764   0.614040   0.007220   0.268000  -4.335212    881      1
 6.6597E+00   7.443514   0.475875 -32.995908   1.727053 -10.222995   0.000000   0.372108   0.002255   0.014000   0.027028      5
 5.0054E+07   1.281580   2.875172 -99.000000 -99.000000  -9.016251   0.000000   0.000064   0.001460   0.013853  0.000E+00      XHe_cntr

 Loading precomputed flux cube from:/home/njm/MESA/mesa/colors/data/stellar_models/Kurucz2003all//flux_cube.bin
 Loaded flux cube with dimensions:          76 x          11 x           9 x        1173
 Performing interpolation at target parameters...
 Interpolation complete
        165   7.444678  1.746E+04   2.890175   2.890175   4.997483   4.997483   0.602997   0.007383   0.268000  -4.355453    884      1
 6.6399E+00   7.444678   0.483604 -32.911657   1.740921 -10.190235   0.000000   0.383174   0.002067   0.014000   0.027061      5
 5.4418E+07   1.277566   2.889987 -99.000000 -99.000000  -9.025694   0.000000   0.000066   0.001460   0.013829  0.000E+00      XHe_cntr

 Loading precomputed flux cube from:/home/njm/MESA/mesa/colors/data/stellar_models/Kurucz2003all//flux_cube.bin
 Loaded flux cube with dimensions:          76 x          11 x           9 x        1173
 Performing interpolation at target parameters...
 Interpolation complete
        166   7.445907  1.745E+04   2.904976   2.904976   4.997191   4.997191   0.591995   0.007528   0.268000  -4.375464    877      1
 6.6219E+00   7.445907   0.491372 -32.824763   1.754821 -10.157632   0.000000   0.394197   0.001899   0.014000   0.027097      5
 5.8605E+07   1.273759   2.904791 -99.000000 -99.000000  -9.035202   0.000000   0.000067   0.001460   0.013808  0.000E+00      XHe_cntr

 Loading precomputed flux cube from:/home/njm/MESA/mesa/colors/data/stellar_models/Kurucz2003all//flux_cube.bin
 Loaded flux cube with dimensions:          76 x          11 x           9 x        1173
 Performing interpolation at target parameters...
 Interpolation complete
        167   7.447193  1.744E+04   2.919776   2.919776   4.996889   4.996889   0.581011   0.007658   0.268000  -4.395291    887      1
 6.6048E+00   7.447193   0.499208 -32.735477   1.768756 -10.125079   0.000000   0.405201   0.001748   0.014000   0.027136      5
 6.2631E+07   1.270133   2.919592 -99.000000 -99.000000  -9.044818   0.000000   0.000069   0.001460   0.013788  0.000E+00      XHe_cntr

 Loading precomputed flux cube from:/home/njm/MESA/mesa/colors/data/stellar_models/Kurucz2003all//flux_cube.bin
 Loaded flux cube with dimensions:          76 x          11 x           9 x        1173
 Performing interpolation at target parameters...
 Interpolation complete
        168   7.448531  1.743E+04   2.934590   2.934590   4.996576   4.996576   0.570033   0.007775   0.268000  -4.414982    883      1
 6.5882E+00   7.448531   0.507132 -32.643977   1.782735 -10.092565   0.000000   0.416196   0.001612   0.014000   0.027179      5
 6.6505E+07   1.266662   2.934407 -12.944290 -99.000000  -9.054578   0.000000   0.000070   0.001460   0.013771  0.000E+00      XHe_cntr

 Loading precomputed flux cube from:/home/njm/MESA/mesa/colors/data/stellar_models/Kurucz2003all//flux_cube.bin
 Loaded flux cube with dimensions:          76 x          11 x           9 x        1173
 Performing interpolation at target parameters...
 Interpolation complete
        169   7.449915  1.742E+04   2.949429   2.949429   4.996252   4.996252   0.559056   0.007882   0.268000  -4.434564    878      1
 6.5716E+00   7.449915   0.515162 -32.550408   1.796769 -10.060064   0.000000   0.427188   0.001489   0.014000   0.027225      5
 7.0235E+07   1.263330   2.949247 -12.467169 -99.000000  -9.064510   0.000000   0.000071   0.001460   0.013756  0.000E+00      XHe_cntr

 Loading precomputed flux cube from:/home/njm/MESA/mesa/colors/data/stellar_models/Kurucz2003all//flux_cube.bin
 Loaded flux cube with dimensions:          76 x          11 x           9 x        1173
 Performing interpolation at target parameters...
 Interpolation complete

__________________________________________________________________________________________________________________________________________________

       step    lg_Tmax     Teff     lg_LH      lg_Lnuc_tot     Mass       H_rich     H_cntr     N_cntr     Y_surf   eta_cntr   zones  retry
  lg_dt_yrs    lg_Tcntr    lg_R     lg_L3a     lg_Lneu     lg_Mdot    He_core    He_cntr    O_cntr     Z_surf   gam_cntr   iters  
    age_yrs    lg_Dcntr    lg_L     lg_LZ      lg_Lphoto   lg_Dsurf   CO_core    C_cntr     Ne_cntr    Z_cntr   v_div_cs       dt_limit
__________________________________________________________________________________________________________________________________________________

        170   7.451342  1.741E+04   2.964295   2.964295   4.995915   4.995915   0.548101   0.007978   0.268000  -4.454051    879      1
 6.5552E+00   7.451342   0.523299 -32.455004   1.810859 -10.027557   0.000000   0.438158   0.001377   0.014000   0.027275      5
 7.3826E+07   1.260117   2.964114 -99.000000 -99.000000  -9.074615   0.000000   0.000072   0.001460   0.013741  0.000E+00      XHe_cntr

 Loading precomputed flux cube from:/home/njm/MESA/mesa/colors/data/stellar_models/Kurucz2003all//flux_cube.bin
 Loaded flux cube with dimensions:          76 x          11 x           9 x        1173
 Performing interpolation at target parameters...
 Interpolation complete
        171   7.452811  1.739E+04   2.979206   2.979206   4.995565   4.995565   0.537116   0.008066   0.268000  -4.473499    885      1
 6.5390E+00   7.452811   0.531588 -32.357583   1.825014  -9.995039   0.000000   0.449156   0.001276   0.014000   0.027328      5
 7.7285E+07   1.257013   2.979024 -99.000000 -99.000000  -9.084966   0.000000   0.000074   0.001460   0.013729  0.000E+00      XHe_cntr

 Loading precomputed flux cube from:/home/njm/MESA/mesa/colors/data/stellar_models/Kurucz2003all//flux_cube.bin
 Loaded flux cube with dimensions:          76 x          11 x           9 x        1173
 Performing interpolation at target parameters...
 Interpolation complete
        172   7.454318  1.737E+04   2.994163   2.994163   4.995201   4.995201   0.526108   0.008146   0.268000  -4.492915    883      1
 6.5227E+00   7.454318   0.540035 -32.258248   1.839240  -9.962492   0.000000   0.460175   0.001183   0.014000   0.027386      5
 8.0617E+07   1.254010   2.993980 -99.000000 -99.000000  -9.095577   0.000000   0.000075   0.001460   0.013717  0.000E+00      XHe_cntr

 Loading precomputed flux cube from:/home/njm/MESA/mesa/colors/data/stellar_models/Kurucz2003all//flux_cube.bin
 Loaded flux cube with dimensions:          76 x          11 x           9 x        1173
 Performing interpolation at target parameters...
 Interpolation complete
        173   7.455861  1.735E+04   3.009153   3.009153   4.994825   4.994825   0.515088   0.008219   0.268000  -4.512292    888      1
 6.5059E+00   7.455861   0.548647 -32.157139   1.853525  -9.929916   0.000000   0.471206   0.001098   0.014000   0.027448      5
 8.3822E+07   1.251103   3.008970 -12.342230 -99.000000  -9.106459   0.000000   0.000076   0.001460   0.013706  0.000E+00      XHe_cntr

 Loading precomputed flux cube from:/home/njm/MESA/mesa/colors/data/stellar_models/Kurucz2003all//flux_cube.bin
 Loaded flux cube with dimensions:          76 x          11 x           9 x        1173
 Performing interpolation at target parameters...
 Interpolation complete
        174   7.457437  1.732E+04   3.024175   3.024175   4.994434   4.994434   0.504061   0.008285   0.268000  -4.531632    889      1
 6.4889E+00   7.457437   0.557430 -32.054323   1.867866  -9.897342   0.000000   0.482243   0.001020   0.014000   0.027513      5
 8.6904E+07   1.248286   3.023990 -99.000000 -99.000000  -9.117627   0.000000   0.000077   0.001460   0.013696  0.000E+00      XHe_cntr

 Loading precomputed flux cube from:/home/njm/MESA/mesa/colors/data/stellar_models/Kurucz2003all//flux_cube.bin
 Loaded flux cube with dimensions:          76 x          11 x           9 x        1173
 Performing interpolation at target parameters...
 Interpolation complete
        175   7.459049  1.729E+04   3.039316   3.039316   4.994030   4.994030   0.493027   0.008346   0.268000  -4.550833    891      1
 6.4718E+00   7.459049   0.566425 -31.949554   1.882350  -9.864782   0.000000   0.493286   0.000949   0.014000   0.027585      5
 8.9868E+07   1.245609   3.039129 -99.000000 -99.000000  -9.129130   0.000000   0.000078   0.001460   0.013687  0.000E+00      XHe_cntr

 Loading precomputed flux cube from:/home/njm/MESA/mesa/colors/data/stellar_models/Kurucz2003all//flux_cube.bin
 Loaded flux cube with dimensions:          76 x          11 x           9 x        1173
 Performing interpolation at target parameters...
 Interpolation complete
        176   7.460693  1.726E+04   3.054530   3.054530   4.993611   4.993611   0.481983   0.008402   0.268000  -4.569907    893      1
 6.4546E+00   7.460693   0.575629 -31.842966   1.896933  -9.832041   0.000000   0.504338   0.000885   0.014000   0.027661      5
 9.2716E+07   1.243061   3.054342 -99.000000 -99.000000  -9.140974   0.000000   0.000079   0.001460   0.013679  0.000E+00      XHe_cntr

 Loading precomputed flux cube from:/home/njm/MESA/mesa/colors/data/stellar_models/Kurucz2003all//flux_cube.bin
 Loaded flux cube with dimensions:          76 x          11 x           9 x        1173
 Performing interpolation at target parameters...
 Interpolation complete
        177   7.462363  1.723E+04   3.069751   3.069751   4.993176   4.993176   0.470966   0.008453   0.268000  -4.588897    888      1
 6.4372E+00   7.462363   0.585008 -31.734967   1.911550  -9.799226   0.000000   0.515363   0.000826   0.014000   0.027742      5
 9.5453E+07   1.240604   3.069562 -99.000000 -99.000000  -9.153120   0.000000   0.000080   0.001460   0.013671  0.000E+00      XHe_cntr

 Loading precomputed flux cube from:/home/njm/MESA/mesa/colors/data/stellar_models/Kurucz2003all//flux_cube.bin
 Loaded flux cube with dimensions:          76 x          11 x           9 x        1173
 Performing interpolation at target parameters...
 Interpolation complete
        178   7.464064  1.719E+04   3.084994   3.084994   4.992726   4.992726   0.459920   0.008499   0.268000  -4.607853    889      1
 6.4201E+00   7.464064   0.594611 -31.625202   1.926211  -9.766486   0.000000   0.526416   0.000771   0.014000   0.027828      5
 9.8084E+07   1.238240   3.084803 -99.000000 -99.000000  -9.165649   0.000000   0.000081   0.001460   0.013664  0.000E+00      XHe_cntr

 Loading precomputed flux cube from:/home/njm/MESA/mesa/colors/data/stellar_models/Kurucz2003all//flux_cube.bin
 Loaded flux cube with dimensions:          76 x          11 x           9 x        1173
 Performing interpolation at target parameters...
 Interpolation complete
        179   7.465794  1.714E+04   3.100262   3.100262   4.992259   4.992259   0.448848   0.008542   0.268000  -4.626776    896      1
 6.4029E+00   7.465794   0.604449 -31.513674   1.940922  -9.733812   0.000000   0.537494   0.000721   0.014000   0.027921      5
 1.0061E+08   1.235967   3.100068 -99.000000 -99.000000  -9.178580   0.000000   0.000081   0.001460   0.013658  0.000E+00      XHe_cntr

 Loading precomputed flux cube from:/home/njm/MESA/mesa/colors/data/stellar_models/Kurucz2003all//flux_cube.bin
 Loaded flux cube with dimensions:          76 x          11 x           9 x        1173
 Performing interpolation at target parameters...
 Interpolation complete

__________________________________________________________________________________________________________________________________________________

       step    lg_Tmax     Teff     lg_LH      lg_Lnuc_tot     Mass       H_rich     H_cntr     N_cntr     Y_surf   eta_cntr   zones  retry
  lg_dt_yrs    lg_Tcntr    lg_R     lg_L3a     lg_Lneu     lg_Mdot    He_core    He_cntr    O_cntr     Z_surf   gam_cntr   iters  
    age_yrs    lg_Dcntr    lg_L     lg_LZ      lg_Lphoto   lg_Dsurf   CO_core    C_cntr     Ne_cntr    Z_cntr   v_div_cs       dt_limit
__________________________________________________________________________________________________________________________________________________

        180   7.467551  1.710E+04   3.115541   3.115541   4.991776   4.991776   0.437766   0.008581   0.268000  -4.645651    896      1
 6.3852E+00   7.467551   0.614524 -31.400497   1.955669  -9.701201   0.000000   0.548582   0.000676   0.014000   0.028019      5
 1.0304E+08   1.233785   3.115345 -99.000000 -99.000000  -9.191922   0.000000   0.000082   0.001460   0.013652  0.000E+00      XHe_cntr

 Loading precomputed flux cube from:/home/njm/MESA/mesa/colors/data/stellar_models/Kurucz2003all//flux_cube.bin
 Loaded flux cube with dimensions:          76 x          11 x           9 x        1173
 Performing interpolation at target parameters...
 Interpolation complete
        181   7.469336  1.704E+04   3.130829   3.130829   4.991276   4.991276   0.426681   0.008616   0.268000  -4.664468    892      1
 6.3673E+00   7.469336   0.624846 -31.285706   1.970449  -9.668687   0.000000   0.559672   0.000634   0.014000   0.028122      5
 1.0537E+08   1.231695   3.130630 -99.000000 -99.000000  -9.205692   0.000000   0.000083   0.001460   0.013647  0.000E+00      XHe_cntr

 Loading precomputed flux cube from:/home/njm/MESA/mesa/colors/data/stellar_models/Kurucz2003all//flux_cube.bin
 Loaded flux cube with dimensions:          76 x          11 x           9 x        1173
 Performing interpolation at target parameters...
 Interpolation complete
        182   7.471146  1.699E+04   3.146128   3.146128   4.990760   4.990760   0.415605   0.008649   0.268000  -4.683222    903      1
 6.3494E+00   7.471146   0.635418 -31.169357   1.985265  -9.636281   0.000000   0.570754   0.000595   0.014000   0.028232      5
 1.0761E+08   1.229695   3.145926 -12.643260 -99.000000  -9.219897   0.000000   0.000084   0.001460   0.013642  0.000E+00      XHe_cntr

 Loading precomputed flux cube from:/home/njm/MESA/mesa/colors/data/stellar_models/Kurucz2003all//flux_cube.bin
 Loaded flux cube with dimensions:          76 x          11 x           9 x        1173
 Performing interpolation at target parameters...
 Interpolation complete
        183   7.472983  1.692E+04   3.161440   3.161440   4.990226   4.990226   0.404549   0.008679   0.268000  -4.701918    897      1
 6.3315E+00   7.472983   0.646249 -31.051498   2.000119  -9.603982   0.000000   0.581814   0.000560   0.014000   0.028347      5
 1.0975E+08   1.227778   3.161235 -12.643260 -99.000000  -9.234554   0.000000   0.000085   0.001460   0.013637  0.000E+00      XHe_cntr

 Loading precomputed flux cube from:/home/njm/MESA/mesa/colors/data/stellar_models/Kurucz2003all//flux_cube.bin
 Loaded flux cube with dimensions:          76 x          11 x           9 x        1173
 Performing interpolation at target parameters...
 Interpolation complete
        184   7.474850  1.686E+04   3.176779   3.176779   4.989673   4.989673   0.393463   0.008706   0.268000  -4.720587    904      1
 6.3139E+00   7.474850   0.657389 -30.931733   2.015021  -9.571786   0.000000   0.592904   0.000528   0.014000   0.028469      5
 1.1181E+08   1.225956   3.176570 -99.000000 -99.000000  -9.249745   0.000000   0.000086   0.001460   0.013633  0.000E+00      XHe_cntr

 Loading precomputed flux cube from:/home/njm/MESA/mesa/colors/data/stellar_models/Kurucz2003all//flux_cube.bin
 Loaded flux cube with dimensions:          76 x          11 x           9 x        1173
 Performing interpolation at target parameters...
 Interpolation complete
        185   7.476746  1.678E+04   3.192116   3.192116   4.989103   4.989103   0.382357   0.008731   0.268000  -4.739184    905      1
 6.2961E+00   7.476746   0.668832 -30.810182   2.029944  -9.539689   0.000000   0.604014   0.000498   0.014000   0.028598      5
 1.1379E+08   1.224241   3.191904 -12.342230 -99.000000  -9.265468   0.000000   0.000086   0.001460   0.013629  0.000E+00      XHe_cntr

 Loading precomputed flux cube from:/home/njm/MESA/mesa/colors/data/stellar_models/Kurucz2003all//flux_cube.bin
 Loaded flux cube with dimensions:          76 x          11 x           9 x        1173
 Performing interpolation at target parameters...
 Interpolation complete
        186   7.478670  1.670E+04   3.207439   3.207439   4.988514   4.988514   0.371245   0.008754   0.268000  -4.757681    908      1
 6.2779E+00   7.478670   0.680586 -30.686933   2.044875  -9.507754   0.000000   0.615130   0.000471   0.014000   0.028735      5
 1.1568E+08   1.222642   3.207224 -99.000000 -99.000000  -9.281743   0.000000   0.000087   0.001460   0.013626  0.000E+00      XHe_cntr

 Loading precomputed flux cube from:/home/njm/MESA/mesa/colors/data/stellar_models/Kurucz2003all//flux_cube.bin
 Loaded flux cube with dimensions:          76 x          11 x           9 x        1173
 Performing interpolation at target parameters...
 Interpolation complete
        187   7.480619  1.662E+04   3.222743   3.222743   4.987906   4.987906   0.360168   0.008775   0.268000  -4.776060    909      1
 6.2595E+00   7.480619   0.692637 -30.562252   2.059810  -9.476020   0.000000   0.626210   0.000446   0.014000   0.028879      5
 1.1750E+08   1.221147   3.222524 -12.342230 -99.000000  -9.298548   0.000000   0.000088   0.001460   0.013622  0.000E+00      XHe_cntr

 Loading precomputed flux cube from:/home/njm/MESA/mesa/colors/data/stellar_models/Kurucz2003all//flux_cube.bin
 Loaded flux cube with dimensions:          76 x          11 x           9 x        1173
 Performing interpolation at target parameters...
 Interpolation complete
        188   7.482598  1.653E+04   3.238059   3.238059   4.987280   4.987280   0.349079   0.008794   0.268000  -4.794348    918      1
 6.2415E+00   7.482598   0.705045 -30.435667   2.074778  -9.444490   0.000000   0.637302   0.000423   0.014000   0.029032      5
 1.1925E+08   1.219772   3.237837 -99.000000 -99.000000  -9.315981   0.000000   0.000089   0.001460   0.013619  0.000E+00      XHe_cntr

 Loading precomputed flux cube from:/home/njm/MESA/mesa/colors/data/stellar_models/Kurucz2003all//flux_cube.bin
 Loaded flux cube with dimensions:          76 x          11 x           9 x        1173
 Performing interpolation at target parameters...
 Interpolation complete
        189   7.484621  1.643E+04   3.253545   3.253545   4.986633   4.986633   0.337957   0.008812   0.268000  -4.812405    922      1
 6.2236E+00   7.484621   0.717938 -30.306449   2.089933  -9.413117   0.000000   0.648426   0.000402   0.014000   0.029194      5
 1.2092E+08   1.218600   3.253318 -99.000000 -99.000000  -9.334227   0.000000   0.000089   0.001460   0.013617  0.000E+00      XHe_cntr

 Loading precomputed flux cube from:/home/njm/MESA/mesa/colors/data/stellar_models/Kurucz2003all//flux_cube.bin
 Loaded flux cube with dimensions:          76 x          11 x           9 x        1173
 Performing interpolation at target parameters...
 Interpolation complete

__________________________________________________________________________________________________________________________________________________

       step    lg_Tmax     Teff     lg_LH      lg_Lnuc_tot     Mass       H_rich     H_cntr     N_cntr     Y_surf   eta_cntr   zones  retry
  lg_dt_yrs    lg_Tcntr    lg_R     lg_L3a     lg_Lneu     lg_Mdot    He_core    He_cntr    O_cntr     Z_surf   gam_cntr   iters  
    age_yrs    lg_Dcntr    lg_L     lg_LZ      lg_Lphoto   lg_Dsurf   CO_core    C_cntr     Ne_cntr    Z_cntr   v_div_cs       dt_limit
__________________________________________________________________________________________________________________________________________________

        190   7.486679  1.633E+04   3.269052   3.269052   4.985967   4.985967   0.326811   0.008828   0.268000  -4.830380    934      1
 6.2052E+00   7.486679   0.731256 -30.175075   2.105129  -9.381585   0.000000   0.659575   0.000382   0.014000   0.029366      5
 1.2252E+08   1.217556   3.268821 -99.000000 -99.000000  -9.353223   0.000000   0.000090   0.001460   0.013614  0.000E+00      XHe_cntr

 Loading precomputed flux cube from:/home/njm/MESA/mesa/colors/data/stellar_models/Kurucz2003all//flux_cube.bin
 Loaded flux cube with dimensions:          76 x          11 x           9 x        1173
 Performing interpolation at target parameters...
 Interpolation complete
        191   7.488770  1.621E+04   3.284562   3.284562   4.985281   4.985281   0.315677   0.008843   0.268000  -4.848247    939      1
 6.1865E+00   7.488770   0.744992 -30.041787   2.120347  -9.350226   0.000000   0.670712   0.000364   0.014000   0.029547      5
 1.2406E+08   1.216636   3.284326 -12.643260 -99.000000  -9.372968   0.000000   0.000091   0.001460   0.013612  0.000E+00      XHe_cntr

 Loading precomputed flux cube from:/home/njm/MESA/mesa/colors/data/stellar_models/Kurucz2003all//flux_cube.bin
 Loaded flux cube with dimensions:          76 x          11 x           9 x        1173
 Performing interpolation at target parameters...
 Interpolation complete
        192   7.490897  1.610E+04   3.300075   3.300075   4.984576   4.984576   0.304559   0.008856   0.268000  -4.866007    961      1
 6.1677E+00   7.490897   0.759158 -29.906552   2.135587  -9.319081   0.000000   0.681831   0.000348   0.014000   0.029737      5
 1.2553E+08   1.215838   3.299834 -99.000000 -99.000000  -9.393491   0.000000   0.000092   0.001460   0.013610  0.000E+00      XHe_cntr

 Loading precomputed flux cube from:/home/njm/MESA/mesa/colors/data/stellar_models/Kurucz2003all//flux_cube.bin
 Loaded flux cube with dimensions:          76 x          11 x           9 x        1173
 Performing interpolation at target parameters...
 Interpolation complete
        193   7.493065  1.597E+04   3.315602   3.315602   4.983849   4.983849   0.293408   0.008869   0.268000  -4.883678    965      1
 6.1492E+00   7.493065   0.773845 -29.768835   2.150857  -9.288156   0.000000   0.692984   0.000333   0.014000   0.029938      5
 1.2694E+08   1.215187   3.315355 -99.000000 -99.000000  -9.414951   0.000000   0.000093   0.001460   0.013607  0.000E+00      XHe_cntr

 Loading precomputed flux cube from:/home/njm/MESA/mesa/colors/data/stellar_models/Kurucz2003all//flux_cube.bin
 Loaded flux cube with dimensions:          76 x          11 x           9 x        1173
 Performing interpolation at target parameters...
 Interpolation complete
        194   7.495277  1.583E+04   3.331115   3.331115   4.983103   4.983103   0.282230   0.008880   0.268000  -4.901193    957      1
 6.1304E+00   7.495277   0.789052 -29.628645   2.166129  -9.257475   0.000000   0.704164   0.000319   0.014000   0.030151      5
 1.2829E+08   1.214709   3.330862 -99.000000 -99.000000  -9.437364   0.000000   0.000093   0.001460   0.013606  0.000E+00      XHe_cntr

 Loading precomputed flux cube from:/home/njm/MESA/mesa/colors/data/stellar_models/Kurucz2003all//flux_cube.bin
 Loaded flux cube with dimensions:          76 x          11 x           9 x        1173
 Performing interpolation at target parameters...
 Interpolation complete
        195   7.497522  1.569E+04   3.346586   3.346586   4.982337   4.982337   0.271115   0.008890   0.268000  -4.918505    962      1
 6.1111E+00   7.497522   0.804725 -29.486680   2.181378  -9.227104   0.000000   0.715281   0.000306   0.014000   0.030373      5
 1.2958E+08   1.214380   3.346329 -12.041200 -99.000000  -9.460645   0.000000   0.000094   0.001460   0.013604  0.000E+00      XHe_cntr

 Loading precomputed flux cube from:/home/njm/MESA/mesa/colors/data/stellar_models/Kurucz2003all//flux_cube.bin
 Loaded flux cube with dimensions:          76 x          11 x           9 x        1173
 Performing interpolation at target parameters...
 Interpolation complete
        196   7.499817  1.553E+04   3.362047   3.362047   4.981552   4.981552   0.259962   0.008900   0.268000  -4.935669    964      1
 6.0924E+00   7.499817   0.820994 -29.341842   2.196630  -9.197081   0.000000   0.726436   0.000294   0.014000   0.030609      5
 1.3082E+08   1.214238   3.361784 -99.000000 -99.000000  -9.485019   0.000000   0.000095   0.001460   0.013602  0.000E+00      XHe_cntr

 Loading precomputed flux cube from:/home/njm/MESA/mesa/colors/data/stellar_models/Kurucz2003all//flux_cube.bin
 Loaded flux cube with dimensions:          76 x          11 x           9 x        1173
 Performing interpolation at target parameters...
 Interpolation complete
        197   7.502166  1.537E+04   3.377513   3.377513   4.980746   4.980746   0.248776   0.008908   0.268000  -4.952670    966      1
 6.0737E+00   7.502166   0.837908 -29.193927   2.211902  -9.167404   0.000000   0.737624   0.000283   0.014000   0.030859      5
 1.3200E+08   1.214293   3.377244 -99.000000 -99.000000  -9.510567   0.000000   0.000096   0.001460   0.013601  0.000E+00      XHe_cntr

 Loading precomputed flux cube from:/home/njm/MESA/mesa/colors/data/stellar_models/Kurucz2003all//flux_cube.bin
 Loaded flux cube with dimensions:          76 x          11 x           9 x        1173
 Performing interpolation at target parameters...
 Interpolation complete
        198   7.504568  1.520E+04   3.392964   3.392964   4.979921   4.979921   0.237594   0.008916   0.268000  -4.969467    968      1
 6.0543E+00   7.504568   0.855472 -29.043104   2.227173  -9.138057   0.000000   0.748807   0.000273   0.014000   0.031122      5
 1.3314E+08   1.214550   3.392688 -12.041200 -99.000000  -9.537304   0.000000   0.000097   0.001460   0.013599  0.000E+00      XHe_cntr

 Loading precomputed flux cube from:/home/njm/MESA/mesa/colors/data/stellar_models/Kurucz2003all//flux_cube.bin
 Loaded flux cube with dimensions:          76 x          11 x           9 x        1173
 Performing interpolation at target parameters...
 Interpolation complete
        199   7.507023  1.501E+04   3.408396   3.408396   4.979078   4.979078   0.226450   0.008923   0.268000  -4.986044    957      1
 6.0348E+00   7.507023   0.873701 -28.889471   2.242439  -9.109093   0.000000   0.759952   0.000264   0.014000   0.031398      5
 1.3422E+08   1.215004   3.408114 -99.000000 -99.000000  -9.565264   0.000000   0.000098   0.001460   0.013598  0.000E+00      XHe_cntr

 Loading precomputed flux cube from:/home/njm/MESA/mesa/colors/data/stellar_models/Kurucz2003all//flux_cube.bin
 Loaded flux cube with dimensions:          76 x          11 x           9 x        1173
 Performing interpolation at target parameters...
 Interpolation complete

__________________________________________________________________________________________________________________________________________________

       step    lg_Tmax     Teff     lg_LH      lg_Lnuc_tot     Mass       H_rich     H_cntr     N_cntr     Y_surf   eta_cntr   zones  retry
  lg_dt_yrs    lg_Tcntr    lg_R     lg_L3a     lg_Lneu     lg_Mdot    He_core    He_cntr    O_cntr     Z_surf   gam_cntr   iters  
    age_yrs    lg_Dcntr    lg_L     lg_LZ      lg_Lphoto   lg_Dsurf   CO_core    C_cntr     Ne_cntr    Z_cntr   v_div_cs       dt_limit
__________________________________________________________________________________________________________________________________________________

        200   7.509549  1.482E+04   3.423841   3.423841   4.978217   4.978217   0.215266   0.008930   0.268000  -5.002424    962      1
 6.0158E+00   7.509549   0.892734 -28.731894   2.257730  -9.080530   0.000000   0.771137   0.000255   0.014000   0.031691      5
 1.3526E+08   1.215699   3.423551 -99.000000 -99.000000  -9.594698   0.000000   0.000098   0.001460   0.013597  0.000E+00      XHe_cntr

save LOGS/profile5.data for model 200
 Loading precomputed flux cube from:/home/njm/MESA/mesa/colors/data/stellar_models/Kurucz2003all//flux_cube.bin
 Loaded flux cube with dimensions:          76 x          11 x           9 x        1173
 Performing interpolation at target parameters...
 Interpolation complete
save photos/x200 for model 200
        201   7.512153  1.461E+04   3.439306   3.439306   4.977337   4.977337   0.204036   0.008936   0.268000  -5.018577    961      1
 5.9966E+00   7.512153   0.912646 -28.569897   2.273052  -9.052366   0.000000   0.782369   0.000247   0.014000   0.032001      5
 1.3625E+08   1.216666   3.439008 -99.000000 -99.000000  -9.625795   0.000000   0.000099   0.001460   0.013596  0.000E+00      XHe_cntr

 Loading precomputed flux cube from:/home/njm/MESA/mesa/colors/data/stellar_models/Kurucz2003all//flux_cube.bin
 Loaded flux cube with dimensions:          76 x          11 x           9 x        1173
 Performing interpolation at target parameters...
 Interpolation complete
        202   7.514825  1.440E+04   3.454835   3.454835   4.976442   4.976442   0.192896   0.008941   0.268000  -5.034270    967      1
 5.9766E+00   7.514825   0.933448 -28.404327   2.288452  -9.024622   0.000000   0.793509   0.000240   0.014000   0.032326      5
 1.3720E+08   1.217937   3.454532 -99.000000 -99.000000  -9.658671   0.000000   0.000100   0.001460   0.013595  0.000E+00      XHe_cntr

 Loading precomputed flux cube from:/home/njm/MESA/mesa/colors/data/stellar_models/Kurucz2003all//flux_cube.bin
 Loaded flux cube with dimensions:          76 x          11 x           9 x        1173
 Performing interpolation at target parameters...
 Interpolation complete
        203   7.517593  1.416E+04   3.470412   3.470412   4.975530   4.975530   0.181704   0.008946   0.268000  -5.049560    973      1
 5.9573E+00   7.517593   0.955319 -28.233269   2.303909  -8.997187   0.000000   0.804703   0.000233   0.014000   0.032673      5
 1.3810E+08   1.219587   3.470100 -11.643260 -99.000000  -9.693785   0.000000   0.000101   0.001460   0.013594  0.000E+00      XHe_cntr

 Loading precomputed flux cube from:/home/njm/MESA/mesa/colors/data/stellar_models/Kurucz2003all//flux_cube.bin
 Loaded flux cube with dimensions:          76 x          11 x           9 x        1173
 Performing interpolation at target parameters...
 Interpolation complete
        204   7.520476  1.392E+04   3.486003   3.486003   4.974601   4.974601   0.170422   0.008951   0.268000  -5.064495    977      1
 5.9382E+00   7.520476   0.978355 -28.055782   2.319389  -8.970210   0.000000   0.815986   0.000226   0.014000   0.033044      5
 1.3897E+08   1.221636   3.485681 -99.000000 -99.000000  -9.731463   0.000000   0.000102   0.001460   0.013593  0.000E+00      XHe_cntr

 Loading precomputed flux cube from:/home/njm/MESA/mesa/colors/data/stellar_models/Kurucz2003all//flux_cube.bin
 Loaded flux cube with dimensions:          76 x          11 x           9 x        1173
 Performing interpolation at target parameters...
 Interpolation complete
        205   7.523444  1.366E+04   3.501534   3.501534   4.973659   4.973659   0.159268   0.008955   0.268000  -5.078971    979      1
 5.9176E+00   7.523444   1.002376 -27.873903   2.334822  -8.943824   0.000000   0.827140   0.000220   0.014000   0.033430      5
 1.3980E+08   1.224004   3.501207 -12.041200 -99.000000  -9.771366   0.000000   0.000103   0.001460   0.013592  0.000E+00      XHe_cntr

 Loading precomputed flux cube from:/home/njm/MESA/mesa/colors/data/stellar_models/Kurucz2003all//flux_cube.bin
 Loaded flux cube with dimensions:          76 x          11 x           9 x        1173
 Performing interpolation at target parameters...
 Interpolation complete
        206   7.526543  1.339E+04   3.517062   3.517062   4.972705   4.972705   0.148081   0.008958   0.268000  -5.092999    979      1
 5.8978E+00   7.526543   1.027680 -27.684738   2.350260  -8.918099   0.000000   0.838328   0.000215   0.014000   0.033839      5
 1.4059E+08   1.226818   3.516727 -99.000000 -99.000000  -9.813881   0.000000   0.000104   0.001460   0.013591  0.000E+00      XHe_cntr

 Loading precomputed flux cube from:/home/njm/MESA/mesa/colors/data/stellar_models/Kurucz2003all//flux_cube.bin
 Loaded flux cube with dimensions:          76 x          11 x           9 x        1173
 Performing interpolation at target parameters...
 Interpolation complete
        207   7.529798  1.310E+04   3.532629   3.532629   4.971738   4.971738   0.136858   0.008962   0.268000  -5.106524    980      1
 5.8787E+00   7.529798   1.054436 -27.486998   2.365745  -8.893075   0.000000   0.849552   0.000209   0.014000   0.034275      5
 1.4135E+08   1.230139   3.532286 -11.740170 -99.000000  -9.859112   0.000000   0.000105   0.001460   0.013590  0.000E+00      XHe_cntr

 Loading precomputed flux cube from:/home/njm/MESA/mesa/colors/data/stellar_models/Kurucz2003all//flux_cube.bin
 Loaded flux cube with dimensions:          76 x          11 x           9 x        1173
 Performing interpolation at target parameters...
 Interpolation complete
        208   7.533226  1.279E+04   3.548214   3.548214   4.970761   4.970761   0.125625   0.008965   0.268000  -5.119448    985      1
 5.8587E+00   7.533226   1.082749 -27.279689   2.381258  -8.868730   0.000000   0.860786   0.000204   0.014000   0.034736      5
 1.4207E+08   1.234030   3.547864 -99.000000 -99.000000  -9.907319   0.000000   0.000107   0.001460   0.013589  0.000E+00      XHe_cntr

 Loading precomputed flux cube from:/home/njm/MESA/mesa/colors/data/stellar_models/Kurucz2003all//flux_cube.bin
 Loaded flux cube with dimensions:          76 x          11 x           9 x        1173
 Performing interpolation at target parameters...
 Interpolation complete
        209   7.536868  1.247E+04   3.563830   3.563830   4.969776   4.969776   0.114355   0.008967   0.268000  -5.131660    991      1
 5.8386E+00   7.536868   1.112807 -27.060587   2.396808  -8.845168   0.000000   0.872057   0.000200   0.014000   0.035227      5
 1.4276E+08   1.238610   3.563472 -99.000000 -99.000000  -9.959105   0.000000   0.000108   0.001460   0.013588  0.000E+00      XHe_cntr

 Loading precomputed flux cube from:/home/njm/MESA/mesa/colors/data/stellar_models/Kurucz2003all//flux_cube.bin
 Loaded flux cube with dimensions:          76 x          11 x           9 x        1173
 Performing interpolation at target parameters...
 Interpolation complete

__________________________________________________________________________________________________________________________________________________

       step    lg_Tmax     Teff     lg_LH      lg_Lnuc_tot     Mass       H_rich     H_cntr     N_cntr     Y_surf   eta_cntr   zones  retry
  lg_dt_yrs    lg_Tcntr    lg_R     lg_L3a     lg_Lneu     lg_Mdot    He_core    He_cntr    O_cntr     Z_surf   gam_cntr   iters  
    age_yrs    lg_Dcntr    lg_L     lg_LZ      lg_Lphoto   lg_Dsurf   CO_core    C_cntr     Ne_cntr    Z_cntr   v_div_cs       dt_limit
__________________________________________________________________________________________________________________________________________________

        210   7.540779  1.212E+04   3.579491   3.579491   4.968786   4.968786   0.103003   0.008970   0.268000  -5.142988    994      1
 5.8180E+00   7.540779   1.144869 -26.826459   2.412410  -8.822464   0.000000   0.883410   0.000195   0.014000   0.035753      5
 1.4341E+08   1.244057   3.579125 -99.000000 -99.000000 -10.014792   0.000000   0.000109   0.001460   0.013588  0.000E+00      XHe_cntr

 Loading precomputed flux cube from:/home/njm/MESA/mesa/colors/data/stellar_models/Kurucz2003all//flux_cube.bin
 Loaded flux cube with dimensions:          76 x          11 x           9 x        1173
 Performing interpolation at target parameters...
 Interpolation complete
        211   7.544881  1.177E+04   3.594965   3.594965   4.967812   2.837268   0.091992   0.008972   0.268000  -5.152922    986      1
 5.7893E+00   7.544881   1.178363 -26.582374   2.427835  -8.800722   2.130544   0.894422   0.000191   0.014000   0.036295      5
 1.4403E+08   1.250306   3.594597 -99.000000 -99.000000 -10.072311   0.000000   0.000111   0.001460   0.013587  0.000E+00        lgTeff

 Loading precomputed flux cube from:/home/njm/MESA/mesa/colors/data/stellar_models/Kurucz2003all//flux_cube.bin
 Loaded flux cube with dimensions:          76 x          11 x           9 x        1173
 Performing interpolation at target parameters...
 Interpolation complete
        212   7.549146  1.141E+04   3.609790   3.609790   4.966883   2.792488   0.081443   0.008973   0.268000  -5.161098   1004      1
 5.7481E+00   7.549146   1.212470 -26.329947   2.442619  -8.780196   2.174395   0.904971   0.000187   0.014000   0.036847      5
 1.4459E+08   1.257424   3.609420 -99.000000 -99.000000 -10.129578   0.000000   0.000112   0.001460   0.013586  0.000E+00        lgTeff

 Loading precomputed flux cube from:/home/njm/MESA/mesa/colors/data/stellar_models/Kurucz2003all//flux_cube.bin
 Loaded flux cube with dimensions:          76 x          11 x           9 x        1173
 Performing interpolation at target parameters...
 Interpolation complete
        213   7.553532  1.107E+04   3.623701   3.623701   4.966016   2.784360   0.071540   0.008975   0.268000  -5.167339   1010      1
 5.6996E+00   7.553532   1.246390 -26.071934   2.456495  -8.761610   2.181656   0.914875   0.000184   0.014000   0.037397      5
 1.4509E+08   1.265342   3.623333 -99.000000 -99.000000 -10.185609   0.000000   0.000114   0.001460   0.013585  0.000E+00        lgTeff

 Loading precomputed flux cube from:/home/njm/MESA/mesa/colors/data/stellar_models/Kurucz2003all//flux_cube.bin
 Loaded flux cube with dimensions:          76 x          11 x           9 x        1173
 Performing interpolation at target parameters...
 Interpolation complete
        214   7.557986  1.073E+04   3.636626   3.636626   4.965217   2.776311   0.062454   0.008976   0.268000  -5.171641   1014      1
 5.6480E+00   7.557986   1.279506 -25.811544   2.469393  -8.745186   2.188906   0.923962   0.000180   0.014000   0.037927      5
 1.4554E+08   1.273907   3.636269 -99.000000 -99.000000 -10.238676   0.000000   0.000115   0.001460   0.013585  0.000E+00        lgTeff

 Loading precomputed flux cube from:/home/njm/MESA/mesa/colors/data/stellar_models/Kurucz2003all//flux_cube.bin
 Loaded flux cube with dimensions:          76 x          11 x           9 x        1173
 Performing interpolation at target parameters...
 Interpolation complete
        215   7.562587  1.041E+04   3.648657   3.648657   4.964327   2.768171   0.054038   0.008976   0.268000  -5.173912   1012      1
 5.5973E+00   7.562587   1.311805 -25.544238   2.481402  -8.648222   2.196156   0.932378   0.000177   0.014000   0.038445      5
 1.4593E+08   1.283330   3.648315 -99.000000 -99.000000 -10.286717   0.000000   0.000117   0.001460   0.013584  0.000E+00        lgTeff

 Loading precomputed flux cube from:/home/njm/MESA/mesa/colors/data/stellar_models/Kurucz2003all//flux_cube.bin
 Loaded flux cube with dimensions:          76 x          11 x           9 x        1173
 Performing interpolation at target parameters...
 Interpolation complete
        216   7.567412  1.011E+04   3.659930   3.659930   4.963287   2.767131   0.046216   0.008977   0.268000  -5.174065   1022      1
 5.5492E+00   7.567412   1.343237 -25.265652   2.492659  -8.532067   2.196156   0.940201   0.000175   0.014000   0.038950      5
 1.4629E+08   1.293792   3.659615 -99.000000 -99.000000 -10.328097   0.000000   0.000119   0.001460   0.013583  0.000E+00        lgTeff

 Loading precomputed flux cube from:/home/njm/MESA/mesa/colors/data/stellar_models/Kurucz2003all//flux_cube.bin
 Loaded flux cube with dimensions:          76 x          11 x           9 x        1173
 Performing interpolation at target parameters...
 Interpolation complete
        217   7.572491   9821.998   3.670440   3.670440   4.962090   2.765934   0.039020   0.008977   0.268000  -5.171944   1023      1
 5.4984E+00   7.572491   1.373335 -24.974326   2.503155  -8.420247   2.196156   0.947397   0.000172   0.014000   0.039436      5
 1.4660E+08   1.305387   3.670164 -11.439140 -99.000000 -10.361128   0.000000   0.000120   0.001460   0.013583  0.000E+00    lg_XH_cntr

 Loading precomputed flux cube from:/home/njm/MESA/mesa/colors/data/stellar_models/Kurucz2003all//flux_cube.bin
 Loaded flux cube with dimensions:          76 x          11 x           9 x        1173
 Performing interpolation at target parameters...
 Interpolation complete
        218   7.577767   9566.911   3.680014   3.680014   4.960889   2.764733   0.032582   0.008977   0.268000  -5.167490   1028      1
 5.4360E+00   7.577767   1.401009 -24.673824   2.512720  -8.356407   2.196156   0.953836   0.000170   0.014000   0.039890      5
 1.4687E+08   1.317993   3.679799 -99.000000 -99.000000 -10.384157   0.000000   0.000122   0.001460   0.013582  0.000E+00    lg_XH_cntr

 Loading precomputed flux cube from:/home/njm/MESA/mesa/colors/data/stellar_models/Kurucz2003all//flux_cube.bin
 Loaded flux cube with dimensions:          76 x          11 x           9 x        1173
 Performing interpolation at target parameters...
 Interpolation complete
        219   7.583133   9349.533   3.688516   3.688516   4.959790   2.763634   0.027011   0.008976   0.268000  -5.160863   1030      1
 5.3611E+00   7.583133   1.425266 -24.370392   2.521215  -8.320210   2.196156   0.959408   0.000167   0.014000   0.040297      5
 1.4710E+08   1.331329   3.688386 -99.000000 -99.000000 -10.397122   0.000000   0.000124   0.001460   0.013582  0.000E+00    lg_XH_cntr

 Loading precomputed flux cube from:/home/njm/MESA/mesa/colors/data/stellar_models/Kurucz2003all//flux_cube.bin
 Loaded flux cube with dimensions:          76 x          11 x           9 x        1173
 Performing interpolation at target parameters...
 Interpolation complete

__________________________________________________________________________________________________________________________________________________

       step    lg_Tmax     Teff     lg_LH      lg_Lnuc_tot     Mass       H_rich     H_cntr     N_cntr     Y_surf   eta_cntr   zones  retry
  lg_dt_yrs    lg_Tcntr    lg_R     lg_L3a     lg_Lneu     lg_Mdot    He_core    He_cntr    O_cntr     Z_surf   gam_cntr   iters  
    age_yrs    lg_Dcntr    lg_L     lg_LZ      lg_Lphoto   lg_Dsurf   CO_core    C_cntr     Ne_cntr    Z_cntr   v_div_cs       dt_limit
__________________________________________________________________________________________________________________________________________________

        220   7.588526   9172.352   3.695948   3.695948   4.958813   2.762657   0.022289   0.008976   0.268000  -5.152324   1034      1
 5.2782E+00   7.588526   1.445659 -24.067636   2.528643  -8.288289   2.196156   0.964130   0.000166   0.014000   0.040653      5
 1.4729E+08   1.345186   3.695935 -12.041200 -99.000000 -10.401522   0.000000   0.000126   0.001460   0.013581  0.000E+00    lg_XH_cntr

 Loading precomputed flux cube from:/home/njm/MESA/mesa/colors/data/stellar_models/Kurucz2003all//flux_cube.bin
 Loaded flux cube with dimensions:          76 x          11 x           9 x        1173
 Performing interpolation at target parameters...
 Interpolation complete
        221   7.593897   9033.915   3.702395   3.702395   4.957963   2.761807   0.018351   0.008975   0.268000  -5.142187   1028      1
 5.1905E+00   7.593897   1.462168 -23.768310   2.535086  -8.261009   2.196156   0.968069   0.000164   0.014000   0.040958      5
 1.4745E+08   1.359377   3.702533 -99.000000 -99.000000 -10.399903   0.000000   0.000128   0.001460   0.013580  0.000E+00    lg_XH_cntr

 Loading precomputed flux cube from:/home/njm/MESA/mesa/colors/data/stellar_models/Kurucz2003all//flux_cube.bin
 Loaded flux cube with dimensions:          76 x          11 x           9 x        1173
 Performing interpolation at target parameters...
 Interpolation complete
        222   7.599230   8931.120   3.707974   3.707974   4.957236   2.761079   0.015091   0.008973   0.268000  -5.130737   1040      1
 5.1000E+00   7.599230   1.474996 -23.473209   2.540664  -8.238268   2.196156   0.971329   0.000163   0.014000   0.041217      5
 1.4757E+08   1.373798   3.708310 -12.041200 -99.000000 -10.395425   0.000000   0.000130   0.001460   0.013580  0.000E+00    lg_XH_cntr

 Loading precomputed flux cube from:/home/njm/MESA/mesa/colors/data/stellar_models/Kurucz2003all//flux_cube.bin
 Loaded flux cube with dimensions:          76 x          11 x           9 x        1173
 Performing interpolation at target parameters...
 Interpolation complete
        223   7.604507   8859.313   3.712801   3.712801   4.956621   2.760465   0.012410   0.008972   0.268000  -5.118242   1041      1
 5.0083E+00   7.604507   1.484545 -23.183280   2.545490  -8.219719   2.196156   0.974010   0.000161   0.014000   0.041434      5
 1.4768E+08   1.388343   3.713385 -99.000000 -99.000000 -10.390806   0.000000   0.000132   0.001460   0.013579  0.000E+00    lg_XH_cntr

 Loading precomputed flux cube from:/home/njm/MESA/mesa/colors/data/stellar_models/Kurucz2003all//flux_cube.bin
 Loaded flux cube with dimensions:          76 x          11 x           9 x        1173
 Performing interpolation at target parameters...
 Interpolation complete
        224   7.609716   8814.038   3.716986   3.716986   4.956106   2.759950   0.010215   0.008971   0.268000  -5.104943   1037      1
 4.9162E+00   7.609716   1.491243 -22.899098   2.549675  -8.204865   2.196156   0.976206   0.000160   0.014000   0.041615      5
 1.4776E+08   1.402930   3.717880 -11.740170 -99.000000 -10.387912   0.000000   0.000134   0.001460   0.013579  0.000E+00    lg_XH_cntr

 Loading precomputed flux cube from:/home/njm/MESA/mesa/colors/data/stellar_models/Kurucz2003all//flux_cube.bin
 Loaded flux cube with dimensions:          76 x          11 x           9 x        1173
 Performing interpolation at target parameters...
 Interpolation complete
        225   7.614873   8791.037   3.720629   3.720629   4.955678   2.759522   0.008414   0.008969   0.268000  -5.090970   1037      1
 4.8248E+00   7.614873   1.495528 -22.619731   2.553319  -8.193184   2.196156   0.978008   0.000159   0.014000   0.041765      5
 1.4782E+08   1.417562   3.721909 -12.041200 -99.000000 -10.387589   0.000000   0.000136   0.001460   0.013579  0.000E+00    lg_XH_cntr

 Loading precomputed flux cube from:/home/njm/MESA/mesa/colors/data/stellar_models/Kurucz2003all//flux_cube.bin
 Loaded flux cube with dimensions:          76 x          11 x           9 x        1173
 Performing interpolation at target parameters...
 Interpolation complete
        226   7.619979   8786.597   3.723808   3.723808   4.955324   2.759167   0.006937   0.008968   0.268000  -5.076469   1042      1
 4.7341E+00   7.619979   1.497795 -22.345055   2.556500  -8.184154   2.196156   0.979485   0.000159   0.014000   0.041891      5
 1.4788E+08   1.432207   3.725566 -12.041200 -99.000000 -10.389924   0.000000   0.000138   0.001460   0.013578  0.000E+00    lg_XH_cntr

 Loading precomputed flux cube from:/home/njm/MESA/mesa/colors/data/stellar_models/Kurucz2003all//flux_cube.bin
 Loaded flux cube with dimensions:          76 x          11 x           9 x        1173
 Performing interpolation at target parameters...
 Interpolation complete
        227   7.625034   8797.183   3.726581   3.726581   4.955031   2.758874   0.005726   0.008966   0.268000  -5.061549   1039      1
 4.6441E+00   7.625034   1.498427 -22.074907   2.559275  -8.177317   2.196156   0.980696   0.000158   0.014000   0.041995      5
 1.4792E+08   1.446845   3.728922 -99.000000 -99.000000 -10.394475   0.000000   0.000140   0.001460   0.013578  0.000E+00    lg_XH_cntr

 Loading precomputed flux cube from:/home/njm/MESA/mesa/colors/data/stellar_models/Kurucz2003all//flux_cube.bin
 Loaded flux cube with dimensions:          76 x          11 x           9 x        1173
 Performing interpolation at target parameters...
 Interpolation complete
        228   7.630042   8819.911   3.728991   3.728991   4.954789   2.758633   0.004733   0.008964   0.268000  -5.046305   1038      1
 4.5552E+00   7.630042   1.497745 -21.809167   2.561687  -8.172258   2.196156   0.981690   0.000157   0.014000   0.042082      5
 1.4796E+08   1.461458   3.732040 -99.000000 -99.000000 -10.400618   0.000000   0.000142   0.001460   0.013577  0.000E+00    lg_XH_cntr

 Loading precomputed flux cube from:/home/njm/MESA/mesa/colors/data/stellar_models/Kurucz2003all//flux_cube.bin
 Loaded flux cube with dimensions:          76 x          11 x           9 x        1173
 Performing interpolation at target parameters...
 Interpolation complete
        229   7.635001   8852.221   3.731072   3.731072   4.954590   2.758434   0.003917   0.008962   0.268000  -5.030811   1043      1
 4.4673E+00   7.635001   1.496037 -21.547721   2.563770  -8.168619   2.196156   0.982506   0.000157   0.014000   0.042154      5
 1.4799E+08   1.476030   3.734977 -99.000000 -99.000000 -10.407668   0.000000   0.000144   0.001460   0.013577  0.000E+00    lg_XH_cntr

 Loading precomputed flux cube from:/home/njm/MESA/mesa/colors/data/stellar_models/Kurucz2003all//flux_cube.bin
 Loaded flux cube with dimensions:          76 x          11 x           9 x        1173
 Performing interpolation at target parameters...
 Interpolation complete

__________________________________________________________________________________________________________________________________________________

       step    lg_Tmax     Teff     lg_LH      lg_Lnuc_tot     Mass       H_rich     H_cntr     N_cntr     Y_surf   eta_cntr   zones  retry
  lg_dt_yrs    lg_Tcntr    lg_R     lg_L3a     lg_Lneu     lg_Mdot    He_core    He_cntr    O_cntr     Z_surf   gam_cntr   iters  
    age_yrs    lg_Dcntr    lg_L     lg_LZ      lg_Lphoto   lg_Dsurf   CO_core    C_cntr     Ne_cntr    Z_cntr   v_div_cs       dt_limit
__________________________________________________________________________________________________________________________________________________

        230   7.639933   8892.207   3.732833   3.732833   4.954426   2.758270   0.003244   0.008960   0.268000  -5.015055   1043      1
 4.3807E+00   7.639933   1.493528 -21.289402   2.565534  -8.166086   2.196156   0.983180   0.000156   0.014000   0.042216      5
 1.4801E+08   1.490614   3.737787 -99.000000 -99.000000 -10.415042   0.000000   0.000146   0.001460   0.013577  0.000E+00    lg_XH_cntr

 Loading precomputed flux cube from:/home/njm/MESA/mesa/colors/data/stellar_models/Kurucz2003all//flux_cube.bin
 Loaded flux cube with dimensions:          76 x          11 x           9 x        1173
 Performing interpolation at target parameters...
 Interpolation complete
        231   7.644843   8938.046   3.734281   3.734281   4.954291   2.758135   0.002688   0.008959   0.268000  -4.999070   1042      1
 4.2950E+00   7.644843   1.490420 -21.033968   2.566985  -8.164395   2.196156   0.983736   0.000156   0.014000   0.042268      5
 1.4803E+08   1.505213   3.740504 -99.000000 -99.000000 -10.422210   0.000000   0.000148   0.001460   0.013576  0.000E+00    lg_XH_cntr

 Loading precomputed flux cube from:/home/njm/MESA/mesa/colors/data/stellar_models/Kurucz2003all//flux_cube.bin
 Loaded flux cube with dimensions:          76 x          11 x           9 x        1173
 Performing interpolation at target parameters...
 Interpolation complete
        232   7.649727   8988.019   3.735408   3.735408   4.954180   2.758024   0.002229   0.008957   0.268000  -4.982898   1043      1
 4.2097E+00   7.649727   1.486906 -20.781479   2.568116  -8.163331   2.196156   0.984196   0.000156   0.014000   0.042314      5
 1.4805E+08   1.519814   3.743161 -12.041200 -99.000000 -10.428784   0.000000   0.000150   0.001460   0.013576  0.000E+00    lg_XH_cntr

 Loading precomputed flux cube from:/home/njm/MESA/mesa/colors/data/stellar_models/Kurucz2003all//flux_cube.bin
 Loaded flux cube with dimensions:          76 x          11 x           9 x        1173
 Performing interpolation at target parameters...
 Interpolation complete
        233   7.654588   9040.775   3.736190   3.736190   4.954088   2.757932   0.001849   0.008955   0.268000  -4.966560   1044      1
 4.1250E+00   7.654588   1.483135 -20.531821   2.568902  -8.162689   2.196156   0.984576   0.000155   0.014000   0.042353      5
 1.4806E+08   1.534417   3.745787 -99.000000 -99.000000 -10.434541   0.000000   0.000152   0.001460   0.013575  0.000E+00    lg_XH_cntr

 Loading precomputed flux cube from:/home/njm/MESA/mesa/colors/data/stellar_models/Kurucz2003all//flux_cube.bin
 Loaded flux cube with dimensions:          76 x          11 x           9 x        1173
 Performing interpolation at target parameters...
 Interpolation complete
        234   7.659427   9095.031   3.736590   3.736590   4.954013   2.757856   0.001535   0.008952   0.268000  -4.950069   1044      1
 4.0409E+00   7.659427   1.479247 -20.284889   2.569307  -8.162303   2.196156   0.984890   0.000155   0.014000   0.042388      5
 1.4807E+08   1.549024   3.748404 -99.000000 -99.000000 -10.439372   0.000000   0.000154   0.001460   0.013575  0.000E+00    lg_XH_cntr

 Loading precomputed flux cube from:/home/njm/MESA/mesa/colors/data/stellar_models/Kurucz2003all//flux_cube.bin
 Loaded flux cube with dimensions:          76 x          11 x           9 x        1173
 Performing interpolation at target parameters...
 Interpolation complete
        235   7.664247   9149.562   3.736550   3.736550   4.953950   2.757794   0.001274   0.008950   0.268000  -4.933417   1043      1
 3.9572E+00   7.664247   1.475370 -20.040440   2.569273  -8.162029   2.196156   0.985151   0.000155   0.014000   0.042421      5
 1.4808E+08   1.563651   3.751034 -11.740170 -99.000000 -10.443270   0.000000   0.000156   0.001460   0.013575  0.000E+00    lg_XH_cntr

 Loading precomputed flux cube from:/home/njm/MESA/mesa/colors/data/stellar_models/Kurucz2003all//flux_cube.bin
 Loaded flux cube with dimensions:          76 x          11 x           9 x        1173
 Performing interpolation at target parameters...
 Interpolation complete
        236   7.669121   9203.363   3.735815   3.735815   4.953899   2.757742   0.001054   0.008948   0.268000  -4.916312   1044      1
 3.8737E+00   7.669121   1.471634 -19.794764   2.568544  -8.161728   2.196156   0.985371   0.000155   0.014000   0.042452      5
 1.4809E+08   1.578538   3.753748 -99.000000 -99.000000 -10.446346   0.000000   0.000158   0.001460   0.013574  0.000E+00    lg_XH_cntr

 Loading precomputed flux cube from:/home/njm/MESA/mesa/colors/data/stellar_models/Kurucz2003all//flux_cube.bin
 Loaded flux cube with dimensions:          76 x          11 x           9 x        1173
 Performing interpolation at target parameters...
 Interpolation complete
        237   7.673881   9255.491   3.734878   3.734878   4.953856   2.757700   0.000876   0.008946   0.268000  -4.899450   1046      1
 3.7885E+00   7.673881   1.468075 -19.556381   2.567613  -8.161194   2.196156   0.985550   0.000155   0.014000   0.042480      5
 1.4810E+08   1.593129   3.756441 -12.041200 -99.000000 -10.448631   0.000000   0.000160   0.001460   0.013574  0.000E+00    lg_XH_cntr

 Loading precomputed flux cube from:/home/njm/MESA/mesa/colors/data/stellar_models/Kurucz2003all//flux_cube.bin
 Loaded flux cube with dimensions:          76 x          11 x           9 x        1173
 Performing interpolation at target parameters...
 Interpolation complete
        238   7.678503   9304.966   3.733440   3.733440   4.953821   2.757665   0.000732   0.008944   0.268000  -4.882903   1047      1
 3.7044E+00   7.678503   1.464770 -19.326244   2.566183  -8.160541   2.196156   0.985695   0.000154   0.014000   0.042507      5
 1.4810E+08   1.607362   3.759092 -99.000000 -99.000000 -10.450254   0.000000   0.000161   0.001460   0.013574  0.000E+00    lg_XH_cntr

 Loading precomputed flux cube from:/home/njm/MESA/mesa/colors/data/stellar_models/Kurucz2003all//flux_cube.bin
 Loaded flux cube with dimensions:          76 x          11 x           9 x        1173
 Performing interpolation at target parameters...
 Interpolation complete
        239   7.683017   9351.527   3.731450   3.731450   4.953792   2.757636   0.000613   0.008942   0.268000  -4.866574   1047      1
 3.6254E+00   7.683017   1.461746 -19.102851   2.564201  -8.159732   2.196156   0.985813   0.000154   0.014000   0.042533      5
 1.4810E+08   1.621325   3.761717 -99.000000 -99.000000 -10.451374   0.000000   0.000163   0.001460   0.013573  0.000E+00    lg_XH_cntr

 Loading precomputed flux cube from:/home/njm/MESA/mesa/colors/data/stellar_models/Kurucz2003all//flux_cube.bin
 Loaded flux cube with dimensions:          76 x          11 x           9 x        1173
 Performing interpolation at target parameters...
 Interpolation complete

__________________________________________________________________________________________________________________________________________________

       step    lg_Tmax     Teff     lg_LH      lg_Lnuc_tot     Mass       H_rich     H_cntr     N_cntr     Y_surf   eta_cntr   zones  retry
  lg_dt_yrs    lg_Tcntr    lg_R     lg_L3a     lg_Lneu     lg_Mdot    He_core    He_cntr    O_cntr     Z_surf   gam_cntr   iters  
    age_yrs    lg_Dcntr    lg_L     lg_LZ      lg_Lphoto   lg_Dsurf   CO_core    C_cntr     Ne_cntr    Z_cntr   v_div_cs       dt_limit
__________________________________________________________________________________________________________________________________________________

        240   7.687516   9394.731   3.728336   3.728336   4.953767   2.757611   0.000513   0.008940   0.268000  -4.850058   1058      1
 3.5499E+00   7.687516   1.459074 -18.881432   2.561097  -8.158723   2.196156   0.985914   0.000154   0.014000   0.042561      5
 1.4811E+08   1.635338   3.764378 -12.041200 -99.000000 -10.452178   0.000000   0.000165   0.001460   0.013573  0.000E+00    lg_XH_cntr

 Loading precomputed flux cube from:/home/njm/MESA/mesa/colors/data/stellar_models/Kurucz2003all//flux_cube.bin
 Loaded flux cube with dimensions:          76 x          11 x           9 x        1173
 Performing interpolation at target parameters...
 Interpolation complete
        241   7.691987   9434.085   3.724309   3.724309   4.953747   2.757590   0.000429   0.008938   0.268000  -4.833411   1058      1
 3.4746E+00   7.691987   1.456790 -18.662561   2.557081  -8.157369   2.196156   0.985998   0.000154   0.014000   0.042589      5
 1.4811E+08   1.649360   3.767073 -99.000000 -99.000000 -10.452796   0.000000   0.000167   0.001460   0.013573  0.000E+00    lg_XH_cntr

 Loading precomputed flux cube from:/home/njm/MESA/mesa/colors/data/stellar_models/Kurucz2003all//flux_cube.bin
 Loaded flux cube with dimensions:          76 x          11 x           9 x        1173
 Performing interpolation at target parameters...
 Interpolation complete
        242   7.696406   9469.280   3.719165   3.719165   4.953729   2.757573   0.000358   0.008936   0.268000  -4.816719   1057      1
 3.3980E+00   7.696406   1.454908 -18.447434   2.551949  -8.155644   2.196156   0.986069   0.000154   0.014000   0.042619      5
 1.4811E+08   1.663316   3.769778 -11.564079 -99.000000 -10.453328   0.000000   0.000169   0.001460   0.013573  0.000E+00    lg_XH_cntr

 Loading precomputed flux cube from:/home/njm/MESA/mesa/colors/data/stellar_models/Kurucz2003all//flux_cube.bin
 Loaded flux cube with dimensions:          76 x          11 x           9 x        1173
 Performing interpolation at target parameters...
 Interpolation complete
        243   7.700749   9500.148   3.712840   3.712840   4.953714   2.757558   0.000300   0.008934   0.268000  -4.800073   1061      1
 3.3212E+00   7.700749   1.453427 -18.237109   2.545638  -8.153570   2.196156   0.986128   0.000154   0.014000   0.042651      5
 1.4812E+08   1.677133   3.772470 -11.564079 -99.000000 -10.453851   0.000000   0.000170   0.001460   0.013572  0.000E+00    lg_XH_cntr

 Loading precomputed flux cube from:/home/njm/MESA/mesa/colors/data/stellar_models/Kurucz2003all//flux_cube.bin
 Loaded flux cube with dimensions:          76 x          11 x           9 x        1173
 Performing interpolation at target parameters...
 Interpolation complete
        244   7.705057   9526.620   3.704292   3.704292   4.953702   2.757546   0.000250   0.008933   0.268000  -4.783244   1063      1
 3.2448E+00   7.705057   1.452350 -18.029501   2.537105  -8.151177   2.196156   0.986178   0.000154   0.014000   0.042686      5
 1.4812E+08   1.690973   3.775148 -99.000000 -99.000000 -10.454439   0.000000   0.000172   0.001460   0.013572  0.000E+00    lg_XH_cntr

 Loading precomputed flux cube from:/home/njm/MESA/mesa/colors/data/stellar_models/Kurucz2003all//flux_cube.bin
 Loaded flux cube with dimensions:          76 x          11 x           9 x        1173
 Performing interpolation at target parameters...
 Interpolation complete
        245   7.709197   9548.957   3.695624   3.695624   4.953692   2.757535   0.000210   0.008931   0.268000  -4.766886   1067      1
 3.1666E+00   7.709197   1.451616 -17.831016   2.528454  -8.148464   2.196156   0.986219   0.000154   0.014000   0.042722      5
 1.4812E+08   1.704350   3.777749 -99.000000 -99.000000 -10.455091   0.000000   0.000173   0.001460   0.013572  0.000E+00    lg_XH_cntr

 Loading precomputed flux cube from:/home/njm/MESA/mesa/colors/data/stellar_models/Kurucz2003all//flux_cube.bin
 Loaded flux cube with dimensions:          76 x          11 x           9 x        1173
 Performing interpolation at target parameters...
 Interpolation complete
        246   7.713252   9567.398   3.683666   3.683666   4.953683   2.757527   0.000175   0.008929   0.268000  -4.750546   1074      1
 3.0908E+00   7.713252   1.451200 -17.637479   2.516514  -8.145568   2.196156   0.986253   0.000154   0.014000   0.042760      5
 1.4812E+08   1.717589   3.780268 -99.000000 -99.000000 -10.455835   0.000000   0.000175   0.001460   0.013571  0.000E+00    lg_XH_cntr

 Loading precomputed flux cube from:/home/njm/MESA/mesa/colors/data/stellar_models/Kurucz2003all//flux_cube.bin
 Loaded flux cube with dimensions:          76 x          11 x           9 x        1173
 Performing interpolation at target parameters...
 Interpolation complete
        247   7.717122   9582.385   3.671999   3.671999   4.953675   2.757519   0.000148   0.008928   0.268000  -4.734773   1073      1
 3.0159E+00   7.717122   1.451041 -17.453684   2.504867  -8.142516   2.196156   0.986281   0.000154   0.014000   0.042799      3
 1.4812E+08   1.730297   3.782670 -12.041200 -99.000000 -10.456653   0.000000   0.000176   0.001460   0.013571  0.000E+00    lg_XH_cntr

 Loading precomputed flux cube from:/home/njm/MESA/mesa/colors/data/stellar_models/Kurucz2003all//flux_cube.bin
 Loaded flux cube with dimensions:          76 x          11 x           9 x        1173
 Performing interpolation at target parameters...
 Interpolation complete
        248   7.720827   9594.415   3.658102   3.658102   4.953669   2.757513   0.000125   0.008926   0.268000  -4.719436   1073      1
 2.9432E+00   7.720827   1.451091 -17.278474   2.490990  -8.139406   2.196156   0.986304   0.000154   0.014000   0.042840      3
 1.4812E+08   1.742565   3.784950 -99.000000 -99.000000 -10.457534   0.000000   0.000177   0.001460   0.013571  0.000E+00    lg_XH_cntr

 Loading precomputed flux cube from:/home/njm/MESA/mesa/colors/data/stellar_models/Kurucz2003all//flux_cube.bin
 Loaded flux cube with dimensions:          76 x          11 x           9 x        1173
 Performing interpolation at target parameters...
 Interpolation complete
        249   7.724393   9603.983   3.642362   3.642362   4.953663   2.757507   0.000105   0.008925   0.268000  -4.704444   1076      1
 2.8758E+00   7.724393   1.451310 -17.110479   2.475271  -8.136287   2.196156   0.986324   0.000154   0.014000   0.042882      3
 1.4812E+08   1.754473   3.787119 -99.000000 -99.000000 -10.458472   0.000000   0.000179   0.001460   0.013571  0.000E+00    lg_XH_cntr

 Loading precomputed flux cube from:/home/njm/MESA/mesa/colors/data/stellar_models/Kurucz2003all//flux_cube.bin
 Loaded flux cube with dimensions:          76 x          11 x           9 x        1173
 Performing interpolation at target parameters...
 Interpolation complete

__________________________________________________________________________________________________________________________________________________

       step    lg_Tmax     Teff     lg_LH      lg_Lnuc_tot     Mass       H_rich     H_cntr     N_cntr     Y_surf   eta_cntr   zones  retry
  lg_dt_yrs    lg_Tcntr    lg_R     lg_L3a     lg_Lneu     lg_Mdot    He_core    He_cntr    O_cntr     Z_surf   gam_cntr   iters  
    age_yrs    lg_Dcntr    lg_L     lg_LZ      lg_Lphoto   lg_Dsurf   CO_core    C_cntr     Ne_cntr    Z_cntr   v_div_cs       dt_limit
__________________________________________________________________________________________________________________________________________________

        250   7.727812   9611.415   3.624342   3.624342   4.953659   2.757503   0.000089   0.008923   0.268000  -4.689836   1077      1
 2.8086E+00   7.727812   1.451662 -16.950027   2.457273  -8.133176   2.196156   0.986341   0.000154   0.014000   0.042925      3
 1.4812E+08   1.765990   3.789166 -11.439140 -99.000000 -10.459449   0.000000   0.000180   0.001460   0.013571  0.000E+00    lg_XH_cntr

save LOGS/profile6.data for model 250
 Loading precomputed flux cube from:/home/njm/MESA/mesa/colors/data/stellar_models/Kurucz2003all//flux_cube.bin
 Loaded flux cube with dimensions:          76 x          11 x           9 x        1173
 Performing interpolation at target parameters...
 Interpolation complete
save photos/x250 for model 250
        251   7.731063   9617.037   3.605084   3.605084   4.953655   2.757498   0.000075   0.008922   0.268000  -4.675741   1079      1
 2.7424E+00   7.731063   1.452112 -16.798069   2.438037  -8.130117   2.196156   0.986354   0.000154   0.014000   0.042968      3
 1.4812E+08   1.777028   3.791083 -99.000000 -99.000000 -10.460443   0.000000   0.000181   0.001460   0.013570  0.000E+00    lg_XH_cntr

 Loading precomputed flux cube from:/home/njm/MESA/mesa/colors/data/stellar_models/Kurucz2003all//flux_cube.bin
 Loaded flux cube with dimensions:          76 x          11 x           9 x        1173
 Performing interpolation at target parameters...
 Interpolation complete
        252   7.734146   9621.173   3.584063   3.584063   4.953651   2.757495   0.000064   0.008921   0.268000  -4.662163   1081      1
 2.6786E+00   7.734146   1.452635 -16.654392   2.417038  -8.127151   2.196156   0.986366   0.000154   0.014000   0.043013      3
 1.4812E+08   1.787588   3.792876 -99.000000 -99.000000 -10.461444   0.000000   0.000182   0.001460   0.013570  0.000E+00    lg_XH_cntr

 Loading precomputed flux cube from:/home/njm/MESA/mesa/colors/data/stellar_models/Kurucz2003all//flux_cube.bin
 Loaded flux cube with dimensions:          76 x          11 x           9 x        1173
 Performing interpolation at target parameters...
 Interpolation complete
        253   7.737074   9624.096   3.561192   3.561192   4.953648   2.757492   0.000055   0.008920   0.268000  -4.649072   1079      1
 2.6181E+00   7.737074   1.453207 -16.518365   2.394189  -8.124293   2.196156   0.986375   0.000154   0.014000   0.043058      3
 1.4813E+08   1.797701   3.794548 -99.000000 -99.000000 -10.462437   0.000000   0.000183   0.001460   0.013570  0.000E+00    lg_XH_cntr

 Loading precomputed flux cube from:/home/njm/MESA/mesa/colors/data/stellar_models/Kurucz2003all//flux_cube.bin
 Loaded flux cube with dimensions:          76 x          11 x           9 x        1173
 Performing interpolation at target parameters...
 Interpolation complete
        254   7.739844   9626.040   3.536919   3.536919   4.953645   2.757489   0.000047   0.008919   0.268000  -4.636507   1083      1
 2.5594E+00   7.739844   1.453810 -16.390071   2.369937  -8.121556   2.196156   0.986383   0.000154   0.014000   0.043103      3
 1.4813E+08   1.807346   3.796104 -12.041200 -99.000000 -10.463413   0.000000   0.000183   0.001460   0.013570  0.000E+00    lg_XH_cntr

 Loading precomputed flux cube from:/home/njm/MESA/mesa/colors/data/stellar_models/Kurucz2003all//flux_cube.bin
 Loaded flux cube with dimensions:          76 x          11 x           9 x        1173
 Performing interpolation at target parameters...
 Interpolation complete
        255   7.742471   9627.213   3.509709   3.509709   4.953643   2.757487   0.000040   0.008919   0.268000  -4.624397   1084      1
 2.5030E+00   7.742471   1.454429 -16.268737   2.342748  -8.118950   2.196156   0.986390   0.000154   0.014000   0.043148      3
 1.4813E+08   1.816575   3.797553 -12.041200 -99.000000 -10.464364   0.000000   0.000184   0.001460   0.013570  0.000E+00    lg_XH_cntr

 Loading precomputed flux cube from:/home/njm/MESA/mesa/colors/data/stellar_models/Kurucz2003all//flux_cube.bin
 Loaded flux cube with dimensions:          76 x          11 x           9 x        1173
 Performing interpolation at target parameters...
 Interpolation complete
        256   7.744933   9627.748   3.483332   3.483332   4.953641   2.757484   0.000034   0.008918   0.268000  -4.612901   1080      1
 2.4469E+00   7.744933   1.455050 -16.155289   2.316392  -8.116475   2.196156   0.986396   0.000154   0.014000   0.043193      3
 1.4813E+08   1.825290   3.798893 -99.000000 -99.000000 -10.465281   0.000000   0.000185   0.001460   0.013570  0.000E+00    lg_XH_cntr

 Loading precomputed flux cube from:/home/njm/MESA/mesa/colors/data/stellar_models/Kurucz2003all//flux_cube.bin
 Loaded flux cube with dimensions:          76 x          11 x           9 x        1173
 Performing interpolation at target parameters...
 Interpolation complete
        257   7.747254   9627.786   3.455217   3.455217   4.953639   2.757483   0.000029   0.008917   0.268000  -4.601917   1081      1
 2.3953E+00   7.747254   1.455669 -16.048624   2.288297  -8.114146   2.196156   0.986401   0.000154   0.014000   0.043237      3
 1.4813E+08   1.833567   3.800138 -99.000000 -99.000000 -10.466165   0.000000   0.000185   0.001460   0.013570  0.000E+00    lg_XH_cntr

 Loading precomputed flux cube from:/home/njm/MESA/mesa/colors/data/stellar_models/Kurucz2003all//flux_cube.bin
 Loaded flux cube with dimensions:          76 x          11 x           9 x        1173
 Performing interpolation at target parameters...
 Interpolation complete
        258   7.749461   9627.430   3.424437   3.424437   4.953637   2.757481   0.000025   0.008917   0.268000  -4.591316   1084      1
 2.3490E+00   7.749461   1.456286 -15.947381   2.257535  -8.111946   2.196156   0.986405   0.000154   0.014000   0.043281      3
 1.4813E+08   1.841506   3.801307 -11.740170 -99.000000 -10.467022   0.000000   0.000186   0.001460   0.013570  0.000E+00    lg_XH_cntr

 Loading precomputed flux cube from:/home/njm/MESA/mesa/colors/data/stellar_models/Kurucz2003all//flux_cube.bin
 Loaded flux cube with dimensions:          76 x          11 x           9 x        1173
 Performing interpolation at target parameters...
 Interpolation complete
        259   7.751532   9626.776   3.394930   3.394930   4.953635   2.757479   0.000022   0.008916   0.268000  -4.581247   1084      1
 2.3006E+00   7.751532   1.456890 -15.852565   2.228045  -8.109851   2.196156   0.986409   0.000154   0.014000   0.043324      3
 1.4813E+08   1.849009   3.802398 -12.342230 -99.000000 -10.467844   0.000000   0.000186   0.001460   0.013570  0.000E+00    lg_XH_cntr

 Loading precomputed flux cube from:/home/njm/MESA/mesa/colors/data/stellar_models/Kurucz2003all//flux_cube.bin
 Loaded flux cube with dimensions:          76 x          11 x           9 x        1173
 Performing interpolation at target parameters...
 Interpolation complete

__________________________________________________________________________________________________________________________________________________

       step    lg_Tmax     Teff     lg_LH      lg_Lnuc_tot     Mass       H_rich     H_cntr     N_cntr     Y_surf   eta_cntr   zones  retry
  lg_dt_yrs    lg_Tcntr    lg_R     lg_L3a     lg_Lneu     lg_Mdot    He_core    He_cntr    O_cntr     Z_surf   gam_cntr   iters  
    age_yrs    lg_Dcntr    lg_L     lg_LZ      lg_Lphoto   lg_Dsurf   CO_core    C_cntr     Ne_cntr    Z_cntr   v_div_cs       dt_limit
__________________________________________________________________________________________________________________________________________________

        260   7.753492   9625.869   3.362826   3.362826   4.953634   2.757478   0.000019   0.008916   0.268000  -4.571590   1083      1
 2.2570E+00   7.753492   1.457480 -15.763006   2.195957  -8.107872   2.196156   0.986412   0.000154   0.014000   0.043367      3
 1.4813E+08   1.856164   3.803413 -99.000000 -99.000000 -10.468629   0.000000   0.000187   0.001460   0.013569  0.000E+00    lg_XH_cntr

 Loading precomputed flux cube from:/home/njm/MESA/mesa/colors/data/stellar_models/Kurucz2003all//flux_cube.bin
 Loaded flux cube with dimensions:          76 x          11 x           9 x        1173
 Performing interpolation at target parameters...
 Interpolation complete
        261   7.755355   9624.787   3.328325   3.328325   4.953633   2.757477   0.000016   0.008915   0.268000  -4.562285   1083      1
 2.2163E+00   7.755355   1.458057 -15.678059   2.161469  -8.106008   2.196156   0.986414   0.000154   0.014000   0.043409      3
 1.4813E+08   1.863018   3.804372 -12.041200 -99.000000 -10.469387   0.000000   0.000187   0.001460   0.013569  0.000E+00    lg_XH_cntr

 Loading precomputed flux cube from:/home/njm/MESA/mesa/colors/data/stellar_models/Kurucz2003all//flux_cube.bin
 Loaded flux cube with dimensions:          76 x          11 x           9 x        1173
 Performing interpolation at target parameters...
 Interpolation complete
        262   7.757101   9623.555   3.292102   3.292102   4.953632   2.757475   0.000014   0.008915   0.268000  -4.553432   1085      1
 2.1716E+00   7.757101   1.458611 -15.598517   2.125257  -8.104230   2.196156   0.986417   0.000154   0.014000   0.043451      3
 1.4813E+08   1.869500   3.805257 -12.166139 -99.000000 -10.470103   0.000000   0.000187   0.001460   0.013569  0.000E+00    lg_XH_cntr

 Loading precomputed flux cube from:/home/njm/MESA/mesa/colors/data/stellar_models/Kurucz2003all//flux_cube.bin
 Loaded flux cube with dimensions:          76 x          11 x           9 x        1173
 Performing interpolation at target parameters...
 Interpolation complete
        263   7.758729   9622.238   3.254841   3.254841   4.953631   2.757474   0.000012   0.008914   0.268000  -4.545058   1080      1
 2.1261E+00   7.758729   1.459138 -15.524434   2.088003  -8.102570   2.196156   0.986419   0.000154   0.014000   0.043492      3
 1.4813E+08   1.875596   3.806074 -12.342230 -99.000000 -10.470775   0.000000   0.000188   0.001460   0.013569  0.000E+00    lg_XH_cntr

 Loading precomputed flux cube from:/home/njm/MESA/mesa/colors/data/stellar_models/Kurucz2003all//flux_cube.bin
 Loaded flux cube with dimensions:          76 x          11 x           9 x        1173
 Performing interpolation at target parameters...
 Interpolation complete
        264   7.760245   9620.869   3.216790   3.216790   4.953630   2.757473   0.000010   0.008914   0.268000  -4.537150   1082      1
 2.0819E+00   7.760245   1.459639 -15.455527   2.049956  -8.101026   2.196156   0.986420   0.000154   0.014000   0.043531      3
 1.4813E+08   1.881320   3.806828 -12.643260 -99.000000 -10.471407   0.000000   0.000188   0.001460   0.013569  0.000E+00    lg_XH_cntr

 Loading precomputed flux cube from:/home/njm/MESA/mesa/colors/data/stellar_models/Kurucz2003all//flux_cube.bin
 Loaded flux cube with dimensions:          76 x          11 x           9 x        1173
 Performing interpolation at target parameters...
 Interpolation complete
        265   7.761660   9619.481   3.177597   3.177597   4.953629   2.757473   0.000009   0.008914   0.268000  -4.529667   1077      1
 2.0397E+00   7.761660   1.460113 -15.391286   2.010764  -8.099589   2.196156   0.986422   0.000154   0.014000   0.043569      3
 1.4813E+08   1.886707   3.807526 -12.166139 -99.000000 -10.472000   0.000000   0.000188   0.001460   0.013569  0.000E+00    lg_XH_cntr

 Loading precomputed flux cube from:/home/njm/MESA/mesa/colors/data/stellar_models/Kurucz2003all//flux_cube.bin
 Loaded flux cube with dimensions:          76 x          11 x           9 x        1173
 Performing interpolation at target parameters...
 Interpolation complete
        266   7.762979   9618.081   3.137929   3.137929   4.953628   2.757472   0.000008   0.008913   0.268000  -4.522597   1081      1
 1.9986E+00   7.762979   1.460563 -15.331475   1.971094  -8.098248   2.196156   0.986423   0.000154   0.014000   0.043606      3
 1.4813E+08   1.891768   3.808173 -11.689017 -99.000000 -10.472557   0.000000   0.000188   0.001460   0.013569  0.000E+00    lg_XH_cntr

 Loading precomputed flux cube from:/home/njm/MESA/mesa/colors/data/stellar_models/Kurucz2003all//flux_cube.bin
 Loaded flux cube with dimensions:          76 x          11 x           9 x        1173
 Performing interpolation at target parameters...
 Interpolation complete
        267   7.764210   9616.684   3.095851   3.095851   4.953627   2.757471   0.000007   0.008913   0.268000  -4.515903   1074      1
 1.9589E+00   7.764210   1.460990 -15.275671   1.929008  -8.096998   2.196156   0.986424   0.000154   0.014000   0.043642      3
 1.4813E+08   1.896533   3.808774 -11.798162 -99.000000 -10.473081   0.000000   0.000189   0.001460   0.013569  0.000E+00    lg_XH_cntr

 Loading precomputed flux cube from:/home/njm/MESA/mesa/colors/data/stellar_models/Kurucz2003all//flux_cube.bin
 Loaded flux cube with dimensions:          76 x          11 x           9 x        1173
 Performing interpolation at target parameters...
 Interpolation complete
        268   7.765350   9615.312   3.055422   3.055422   4.953627   2.757470   0.000006   0.008913   0.268000  -4.509621   1073      1
 1.9176E+00   7.765350   1.461391 -15.224032   1.888568  -8.095829   2.196156   0.986425   0.000154   0.014000   0.043677      3
 1.4813E+08   1.900982   3.809329 -11.689017 -99.000000 -10.473571   0.000000   0.000189   0.001460   0.013569  0.000E+00    lg_XH_cntr

 Loading precomputed flux cube from:/home/njm/MESA/mesa/colors/data/stellar_models/Kurucz2003all//flux_cube.bin
 Loaded flux cube with dimensions:          76 x          11 x           9 x        1173
 Performing interpolation at target parameters...
 Interpolation complete
        269   7.766410   9613.974   3.012801   3.012801   4.953626   2.757470   0.000005   0.008913   0.268000  -4.503696   1074      1
 1.8789E+00   7.766410   1.461770 -15.176021   1.845929  -8.094744   2.196156   0.986426   0.000154   0.014000   0.043710      3
 1.4813E+08   1.905156   3.809845 -11.944290 -99.000000 -10.474031   0.000000   0.000189   0.001460   0.013569  0.000E+00    lg_XH_cntr

 Loading precomputed flux cube from:/home/njm/MESA/mesa/colors/data/stellar_models/Kurucz2003all//flux_cube.bin
 Loaded flux cube with dimensions:          76 x          11 x           9 x        1173
 Performing interpolation at target parameters...
 Interpolation complete

__________________________________________________________________________________________________________________________________________________

       step    lg_Tmax     Teff     lg_LH      lg_Lnuc_tot     Mass       H_rich     H_cntr     N_cntr     Y_surf   eta_cntr   zones  retry
  lg_dt_yrs    lg_Tcntr    lg_R     lg_L3a     lg_Lneu     lg_Mdot    He_core    He_cntr    O_cntr     Z_surf   gam_cntr   iters  
    age_yrs    lg_Dcntr    lg_L     lg_LZ      lg_Lphoto   lg_Dsurf   CO_core    C_cntr     Ne_cntr    Z_cntr   v_div_cs       dt_limit
__________________________________________________________________________________________________________________________________________________

        270   7.767398   9612.659   2.971702   2.971702   4.953625   2.757469   0.000004   0.008913   0.268000  -4.498110   1072      1
 1.8417E+00   7.767398   1.462128 -15.131329   1.804809  -8.093729   2.196156   0.986427   0.000154   0.014000   0.043742      3
 1.4813E+08   1.909072   3.810323 -11.740170 -99.000000 -10.474462   0.000000   0.000189   0.001460   0.013569  0.000E+00    lg_XH_cntr

 Loading precomputed flux cube from:/home/njm/MESA/mesa/colors/data/stellar_models/Kurucz2003all//flux_cube.bin
 Loaded flux cube with dimensions:          76 x          11 x           9 x        1173
 Performing interpolation at target parameters...
 Interpolation complete
        271   7.768318   9611.381   2.928642   2.928642   4.953625   2.757469   0.000004   0.008913   0.268000  -4.492838   1069      1
 1.8053E+00   7.768318   1.462465 -15.089709   1.761719  -8.092784   2.196156   0.986427   0.000154   0.014000   0.043773      3
 1.4813E+08   1.912750   3.810768 -11.798162 -99.000000 -10.474866   0.000000   0.000189   0.001460   0.013569  0.000E+00    lg_XH_cntr

 Loading precomputed flux cube from:/home/njm/MESA/mesa/colors/data/stellar_models/Kurucz2003all//flux_cube.bin
 Loaded flux cube with dimensions:          76 x          11 x           9 x        1173
 Performing interpolation at target parameters...
 Interpolation complete
        272   7.769173   9610.146   2.887269   2.887269   4.953624   2.757468   0.000003   0.008912   0.268000  -4.487870   1067      1
 1.7695E+00   7.769173   1.462784 -15.050996   1.720313  -8.091901   2.196156   0.986428   0.000154   0.014000   0.043803      3
 1.4813E+08   1.916199   3.811181 -11.830346 -99.000000 -10.475245   0.000000   0.000189   0.001460   0.013569  0.000E+00    lg_XH_cntr

 Loading precomputed flux cube from:/home/njm/MESA/mesa/colors/data/stellar_models/Kurucz2003all//flux_cube.bin
 Loaded flux cube with dimensions:          76 x          11 x           9 x        1173
 Performing interpolation at target parameters...
 Interpolation complete
        273   7.769969   9608.957   2.844236   2.844236   4.953624   2.757468   0.000003   0.008912   0.268000  -4.483187   1072      1
 1.7342E+00   7.769969   1.463084 -15.014993   1.677238  -8.091076   2.196156   0.986428   0.000154   0.014000   0.043831      3
 1.4813E+08   1.919433   3.811566 -11.768199 -99.000000 -10.475600   0.000000   0.000189   0.001460   0.013569  0.000E+00    lg_XH_cntr

 Loading precomputed flux cube from:/home/njm/MESA/mesa/colors/data/stellar_models/Kurucz2003all//flux_cube.bin
 Loaded flux cube with dimensions:          76 x          11 x           9 x        1173
 Performing interpolation at target parameters...
 Interpolation complete
        274   7.770711   9607.815   2.803130   2.803130   4.953624   2.757467   0.000002   0.008912   0.268000  -4.478781   1066      1
 1.6992E+00   7.770711   1.463366 -14.981473   1.636085  -8.090305   2.196156   0.986429   0.000154   0.014000   0.043859      3
 1.4813E+08   1.922465   3.811923 -11.643260 -99.000000 -10.475933   0.000000   0.000190   0.001460   0.013569  0.000E+00    lg_XH_cntr

 Loading precomputed flux cube from:/home/njm/MESA/mesa/colors/data/stellar_models/Kurucz2003all//flux_cube.bin
 Loaded flux cube with dimensions:          76 x          11 x           9 x        1173
 Performing interpolation at target parameters...
 Interpolation complete
        275   7.771398   9606.722   2.762038   2.762038   4.953623   2.757467   0.000002   0.008912   0.268000  -4.474640   1061      1
 1.6643E+00   7.771398   1.463630 -14.950365   1.594938  -8.089586   2.196156   0.986429   0.000154   0.014000   0.043885      3
 1.4813E+08   1.925301   3.812256 -11.582562 -99.000000 -10.476244   0.000000   0.000190   0.001460   0.013569  0.000E+00    lg_XH_cntr

 Loading precomputed flux cube from:/home/njm/MESA/mesa/colors/data/stellar_models/Kurucz2003all//flux_cube.bin
 Loaded flux cube with dimensions:          76 x          11 x           9 x        1173
 Performing interpolation at target parameters...
 Interpolation complete
        276   7.772040   9605.673   2.721122   2.721122   4.953623   2.757467   0.000002   0.008912   0.268000  -4.470726   1059      1
 1.6324E+00   7.772040   1.463881 -14.921331   1.553958  -8.088916   2.196156   0.986429   0.000154   0.014000   0.043910      3
 1.4813E+08   1.927969   3.812566 -11.622071 -99.000000 -10.476537   0.000000   0.000190   0.001460   0.013569  0.000E+00    lg_XH_cntr

 Loading precomputed flux cube from:/home/njm/MESA/mesa/colors/data/stellar_models/Kurucz2003all//flux_cube.bin
 Loaded flux cube with dimensions:          76 x          11 x           9 x        1173
 Performing interpolation at target parameters...
 Interpolation complete
        277   7.772635   9604.674   2.679987   2.679987   4.953622   2.757466   0.000002   0.008912   0.268000  -4.467050   1059      1
 1.5980E+00   7.772635   1.464115 -14.894411   1.512749  -8.088287   2.196156   0.986429   0.000154   0.014000   0.043934      3
 1.4813E+08   1.930462   3.812855 -11.654255 -99.000000 -10.476810   0.000000   0.000190   0.001460   0.013569  0.000E+00    lg_XH_cntr

 Loading precomputed flux cube from:/home/njm/MESA/mesa/colors/data/stellar_models/Kurucz2003all//flux_cube.bin
 Loaded flux cube with dimensions:          76 x          11 x           9 x        1173
 Performing interpolation at target parameters...
 Interpolation complete
        278   7.773185   9603.733   2.639251   2.639251   4.953622   2.757466   0.000001   0.008912   0.268000  -4.463624   1055      1
 1.5605E+00   7.773185   1.464333 -14.869565   1.471926  -8.087701   2.196156   0.986430   0.000154   0.014000   0.043956      3
 1.4813E+08   1.932778   3.813121 -11.564079 -99.000000 -10.477064   0.000000   0.000190   0.001460   0.013569  0.000E+00    lg_XH_cntr

 Loading precomputed flux cube from:/home/njm/MESA/mesa/colors/data/stellar_models/Kurucz2003all//flux_cube.bin
 Loaded flux cube with dimensions:          76 x          11 x           9 x        1173
 Performing interpolation at target parameters...
 Interpolation complete
        279   7.773684   9602.857   2.602465   2.602465   4.953622   2.757466   0.000001   0.008912   0.268000  -4.460469   1052      1
 1.5191E+00   7.773684   1.464534 -14.846942   1.435054  -8.087159   2.196156   0.986430   0.000154   0.014000   0.043977      3
 1.4813E+08   1.934903   3.813363 -11.632536 -99.000000 -10.477296   0.000000   0.000190   0.001460   0.013569  0.000E+00    lg_XH_cntr

 Loading precomputed flux cube from:/home/njm/MESA/mesa/colors/data/stellar_models/Kurucz2003all//flux_cube.bin
 Loaded flux cube with dimensions:          76 x          11 x           9 x        1173
 Performing interpolation at target parameters...
 Interpolation complete

__________________________________________________________________________________________________________________________________________________

       step    lg_Tmax     Teff     lg_LH      lg_Lnuc_tot     Mass       H_rich     H_cntr     N_cntr     Y_surf   eta_cntr   zones  retry
  lg_dt_yrs    lg_Tcntr    lg_R     lg_L3a     lg_Lneu     lg_Mdot    He_core    He_cntr    O_cntr     Z_surf   gam_cntr   iters  
    age_yrs    lg_Dcntr    lg_L     lg_LZ      lg_Lphoto   lg_Dsurf   CO_core    C_cntr     Ne_cntr    Z_cntr   v_div_cs       dt_limit
__________________________________________________________________________________________________________________________________________________

        280   7.774146   9602.032   2.565204   2.565204   4.953622   2.757466   0.000001   0.008912   0.268000  -4.457521   1051      1
 1.4838E+00   7.774146   1.464721 -14.826064   1.397693  -8.086663   2.196156   0.986430   0.000154   0.014000   0.043997      2
 1.4813E+08   1.936878   3.813588 -11.564079 -99.000000 -10.477512   0.000000   0.000190   0.001460   0.013569  0.000E+00    lg_XH_cntr

 Loading precomputed flux cube from:/home/njm/MESA/mesa/colors/data/stellar_models/Kurucz2003all//flux_cube.bin
 Loaded flux cube with dimensions:          76 x          11 x           9 x        1173
 Performing interpolation at target parameters...
 Interpolation complete

stop because have dropped below central lower limit for h1
    0.9148490563E-06    0.1000000000E-05

        281   7.774569   9601.255   2.529274   2.529274   4.953621   2.757465   0.000001   0.008912   0.268000  -4.454774   1051      1
 1.4479E+00   7.774569   1.464895 -14.806868   1.361654  -8.086203   2.196156   0.986430   0.000154   0.014000   0.044016      3
 1.4813E+08   1.938710   3.813796 -11.555124 -99.000000 -10.477713   0.000000   0.000190   0.001460   0.013569  0.000E+00    lg_XH_cntr

save LOGS/profile7.data for model 281
 Loading precomputed flux cube from:/home/njm/MESA/mesa/colors/data/stellar_models/Kurucz2003all//flux_cube.bin
 Loaded flux cube with dimensions:          76 x          11 x           9 x        1173
 Performing interpolation at target parameters...
 Interpolation complete
                                         solver retries           1

                                    varcontrol dt limit          43
                                  max increase dt limit         203
                                        lgTeff dt limit          40
                                    lgRho_cntr dt limit          30
                                    lg_XH_cntr dt limit          65
                                      XHe_cntr dt limit          50

 model saved to M5_Z0.0140_exponential_fov0.10_f00.01.mod
save photos/x281 for model 281
termination code: xa_central_lower_limit
pause_before_terminate: hit RETURN to continue
finished custom colors
__________________________________________________________________________________________________________________________________________________

       step    lg_Tmax     Teff     lg_LH      lg_Lnuc_tot     Mass       H_rich     H_cntr     N_cntr     Y_surf   eta_cntr   zones  retry
  lg_dt_yrs    lg_Tcntr    lg_R     lg_L3a     lg_Lneu     lg_Mdot    He_core    He_cntr    O_cntr     Z_surf   gam_cntr   iters  
    age_yrs    lg_Dcntr    lg_L     lg_LZ      lg_Lphoto   lg_Dsurf   CO_core    C_cntr     Ne_cntr    Z_cntr   v_div_cs       dt_limit
__________________________________________________________________________________________________________________________________________________

        281   7.774569   9601.255   2.529274   2.529274   4.953621   2.757465   0.000001   0.008912   0.268000  -4.454774   1051      1
 1.4479E+00   7.774569   1.464895 -14.806868   1.361654  -8.086203   2.196156   0.986430   0.000154   0.014000   0.044016      3
 1.4813E+08   1.938710   3.813796 -11.555124 -99.000000 -10.477713   0.000000   0.000190   0.001460   0.013569  0.000E+00  max increase

