                                       1                                        2                                        3                                        4                                        5                                        6                                        7                                        8                                        9                                       10                                       11                                       12                                       13                                       14                                       15                                       16                                       17                                       18                                       19                                       20                                       21                                       22                                       23                                       24                                       25                                       26                                       27                                       28                                       29                                       30                                       31                                       32                                       33                                       34                                       35                                       36                                       37                                       38                                       39                                       40                                       41                                       42                                       43                                       44                                       45                                       46                                       47                                       48                                       49 
                            model_number                                num_zones                             initial_mass                                initial_z                                 star_age                                time_step                                     Teff                            photosphere_L                            photosphere_r                               center_eta                                center_h1                               center_he3                               center_he4                               center_c12                               center_n14                               center_o16                              center_ne20                                star_mass                                star_mdot                             star_mass_h1                            star_mass_he3                            star_mass_he4                            star_mass_c12                            star_mass_n14                            star_mass_o16                           star_mass_ne20                             he_core_mass                             co_core_mass                             fe_core_mass                   neutron_rich_core_mass                             dynamic_time                             kh_timescale                            nuc_timescale                           power_nuc_burn                             power_h_burn                            power_he_burn                                power_neu                                burn_min1                                burn_min2                             time_seconds                           version_number                                 compiler                                    build                         MESA_SDK_version                             math_backend                                     date                                     msun                                     rsun                                     lsun 
                                     200                                      933                  1.0000000000000000E+001                  1.4000000000000000E-002                  2.1665386585629962E+007                  2.6389562858089030E+005                  2.2112176411458255E+004                  1.1774589350367427E+004                  7.3937211035668726E+000                 -5.6559486246885466E+000                  2.4297940567512660E-001                  4.5904847062386085E-009                  7.4343254671286463E-001                  1.1073507287407771E-004                  8.9624652362883996E-003                  2.0127033516997576E-004                  1.4595170967125258E-003                  9.8592139579351112E+000                 -1.4308173759588479E-008                  5.3564190517977535E+000                  1.8056218684436525E-004                  4.3656992872227613E+000                  1.0910497877113174E-002                  4.4819054299623705E-002                  3.8657071561257000E-002                  1.4389691331753067E-002                  0.0000000000000000E+000                  0.0000000000000000E+000                  0.0000000000000000E+000                  0.0000000000000000E+000                  6.4081181078346737E+004                  2.6293999896435558E+004                  8.3732975007127989E+006                  1.1788046933338803E+004                  1.1788046933338797E+004                  9.6241264402744025E-028                  8.0284689625727799E+002                  5.0000000000000000E+001                  1.0000000000000000E+003                  6.8370760371467612E+014                               "5d9f195f"                               "gfortran"                                 "13.3.0"                    "x86_64-linux-24.7.1"                                 "CRMATH"                               "20250718"                  1.9884098706980504E+033                  6.9570000000000000E+010                  3.8280000000000003E+033 

                                       1                                        2                                        3                                        4                                        5                                        6                                        7                                        8                                        9                                       10                                       11                                       12                                       13                                       14                                       15                                       16 
                                    zone                                     mass                                     logR                                     logT                                   logRho                                     logP                        x_mass_fraction_H                       y_mass_fraction_He                   z_mass_fraction_metals                                       pp                                      cno                                tri_alpha                              mixing_type                                log_D_mix                               log_D_conv                                log_D_ovr 
                                       1                  9.8592139579351112E+000                  8.6886306464845831E-001                  4.3448362000381309E+000                 -9.2444818751193090E+000                  3.3499829595601094E+000                  7.1799999901911038E-001                  2.6800000098088972E-001                  1.3999999999999901E-002                  8.7865547931480855E-029                  0.0000000000000000E+000                  0.0000000000000000E+000                                        0                 -9.8999999999999986E+001                 -9.9000000000000000E+001                 -9.9000000000000000E+001 
                                       2                  9.8592139579301818E+000                  8.6885869420123452E-001                  4.3453332767013331E+000                 -9.2410261970633023E+000                  3.3534070836300960E+000                  7.1799999901911038E-001                  2.6800000098088972E-001                  1.3999999999999901E-002                  8.8567498784594350E-029                  0.0000000000000000E+000                  0.0000000000000000E+000                                        0                 -9.8999999999999986E+001                 -9.9000000000000000E+001                 -9.9000000000000000E+001 
                                       3                  9.8592139579231279E+000                  8.6885249023474065E-001                  4.3459172309115432E+000                 -9.2370046611790997E+000                  3.3574039986117139E+000                  7.1799999901911038E-001                  2.6800000098088972E-001                  1.3999999999999901E-002                  8.9391455737430379E-029                  0.0000000000000000E+000                  0.0000000000000000E+000                                        0                 -9.8999999999999986E+001                 -9.9000000000000000E+001                 -9.9000000000000000E+001 
                                       4                  9.8592139579160758E+000                  8.6884634318915199E-001                  4.3468901301451135E+000                 -9.2303970593894782E+000                  3.3640003821030535E+000                  7.1799999901911038E-001                  2.6800000098088972E-001                  1.3999999999999901E-002                  9.0761939295393164E-029                  0.0000000000000000E+000                  0.0000000000000000E+000                                        0                 -9.8999999999999986E+001                 -9.9000000000000000E+001                 -9.9000000000000000E+001 
                                       5                  9.8592139578995628E+000                  8.6883216881572412E-001                  4.3479080601853655E+000                 -9.2235932510703904E+000                  3.3708280189934667E+000                  7.1799999901911038E-001                  2.6800000098088972E-001                  1.3999999999999901E-002                  9.2195078022766682E-029                  0.0000000000000000E+000                  0.0000000000000000E+000                                        0                 -9.8999999999999986E+001                 -9.9000000000000000E+001                 -9.9000000000000000E+001 
                                       6                  9.8592139578913063E+000                  8.6882519128440894E-001                  4.3485845476225320E+000                 -9.2191365524732660E+000                  3.3753211514143593E+000                  7.1799999901911038E-001                  2.6800000098088972E-001                  1.3999999999999901E-002                  9.3146071075358860E-029                  0.0000000000000000E+000                  0.0000000000000000E+000                                        0                 -9.8999999999999986E+001                 -9.9000000000000000E+001                 -9.9000000000000000E+001 
                                       7                  9.8592139578830498E+000                  8.6881828465868682E-001                  4.3495012323179303E+000                 -9.2131767587366760E+000                  3.3813553083403631E+000                  7.1799999901911038E-001                  2.6800000098088972E-001                  1.3999999999999901E-002                  9.4433150194642179E-029                  0.0000000000000000E+000                  0.0000000000000000E+000                                        0                 -9.8999999999999986E+001                 -9.9000000000000000E+001                 -9.9000000000000000E+001 
                                       8                  9.8592139578688620E+000                  8.6880657639568792E-001                  4.3512304175974528E+000                 -9.2021715344594508E+000                  3.3925747889551485E+000                  7.1799999901911038E-001                  2.6800000098088972E-001                  1.3999999999999901E-002                  9.6856766920451221E-029                  0.0000000000000000E+000                  0.0000000000000000E+000                                        0                 -9.8999999999999986E+001                 -9.9000000000000000E+001                 -9.9000000000000000E+001 
                                       9                  9.8592139578404847E+000                  8.6878374307623873E-001                  4.3529442777382945E+000                 -9.1915271520014628E+000                  3.4035139834526587E+000                  7.1799999901911027E-001                  2.6800000098088972E-001                  1.4000000000000012E-002                  9.9260077859223196E-029                  0.0000000000000000E+000                  0.0000000000000000E+000                                        0                 -9.8999999999999986E+001                 -9.9000000000000000E+001                 -9.9000000000000000E+001 
                                      10                  9.8592139578262952E+000                  8.6877260152563196E-001                  4.3542109804981486E+000                 -9.1838392906848743E+000                  3.4114740931142045E+000                  7.1799999901911038E-001                  2.6800000098088972E-001                  1.3999999999999901E-002                  1.0103286377640496E-028                  0.0000000000000000E+000                  0.0000000000000000E+000                                        0                 -9.8999999999999986E+001                 -9.9000000000000000E+001                 -9.9000000000000000E+001 
                                      11                  9.8592139578088318E+000                  8.6875912830789592E-001                  4.3562923521402270E+000                 -9.1715140073427204E+000                  3.4243386272179173E+000                  7.1799999901911038E-001                  2.6800000098088972E-001                  1.3999999999999901E-002                  1.0394132659170744E-028                  0.0000000000000000E+000                  0.0000000000000000E+000                                        0                 -9.8999999999999986E+001                 -9.9000000000000000E+001                 -9.9000000000000000E+001 
                                      12                  9.8592139577739069E+000                  8.6873293227397286E-001                  4.3590320756760912E+000                 -9.1557879085697582E+000                  3.4409231337206285E+000                  7.1799999901911038E-001                  2.6800000098088972E-001                  1.3999999999999901E-002                  1.0777418678572059E-028                  0.0000000000000000E+000                  0.0000000000000000E+000                                        0                 -9.8999999999999986E+001                 -9.9000000000000000E+001                 -9.9000000000000000E+001 
                                      13                  9.8592139577389819E+000                  8.6870766335616234E-001                  4.3610599307779028E+000                 -9.1444835133028146E+000                  3.4529614558904438E+000                  7.1799999901911038E-001                  2.6800000098088972E-001                  1.3999999999999901E-002                  1.1061638009703582E-028                  0.0000000000000000E+000                  0.0000000000000000E+000                                        0                 -9.8999999999999986E+001                 -9.9000000000000000E+001                 -9.9000000000000000E+001 
                                      14                  9.8592139577215203E+000                  8.6869535192268499E-001                  4.3627358466973210E+000                 -9.1353710832764339E+000                  3.4627457026302708E+000                  7.1799999901911038E-001                  2.6800000098088972E-001                  1.3999999999999901E-002                  1.1296193175257494E-028                  0.0000000000000000E+000                  0.0000000000000000E+000                                        0                 -9.8999999999999986E+001                 -9.9000000000000000E+001                 -9.9000000000000000E+001 
                                      15                  9.8592139576953244E+000                  8.6867726631743902E-001                  4.3654698208817893E+000                 -9.1208977242764071E+000                  3.4784253869512933E+000                  7.1799999901911038E-001                  2.6800000098088972E-001                  1.3999999999999901E-002                  1.1679005245000479E-028                  0.0000000000000000E+000                  0.0000000000000000E+000                                        0                 -9.8999999999999986E+001                 -9.9000000000000000E+001                 -9.9000000000000000E+001 
                                      16                  9.8592139576494837E+000                  8.6864664874237807E-001                  4.3685615015595562E+000                 -9.1050115455447092E+000                  3.4958110538471923E+000                  7.1799999901911038E-001                  2.6800000098088972E-001                  1.3999999999999901E-002                  1.2114136446061604E-028                  0.0000000000000000E+000                  0.0000000000000000E+000                                        0                 -9.8999999999999986E+001                 -9.9000000000000000E+001                 -9.9000000000000000E+001 
                                      17                  9.8592139576123756E+000                  8.6862274884612989E-001                  4.3719608230567708E+000                 -9.0881720707944904E+000                  3.5144690944508508E+000                  7.1799999901911038E-001                  2.6800000098088966E-001                  1.4000000000000012E-002                  1.2593092658456355E-028                  0.0000000000000000E+000                  0.0000000000000000E+000                                        0                 -9.8999999999999986E+001                 -9.9000000000000000E+001                 -9.9000000000000000E+001 
                                      18                  9.8592139575567117E+000                  8.6858825549501062E-001                  4.3759457858549355E+000                 -9.0690955653747594E+000                  3.5358562087863099E+000                  7.1799999901911038E-001                  2.6800000098088972E-001                  1.3999999999999901E-002                  1.3158592564830261E-028                  0.0000000000000000E+000                  0.0000000000000000E+000                                        0                 -9.8999999999999986E+001                 -9.9000000000000000E+001                 -9.9000000000000000E+001 
                                      19                  9.8592139575010478E+000                  8.6855523678119628E-001                  4.3791894484510623E+000                 -9.0540458293676149E+000                  3.5529129886377389E+000                  7.1799999901911038E-001                  2.6800000098088972E-001                  1.3999999999999901E-002                  1.3622587521478382E-028                  0.0000000000000000E+000                  0.0000000000000000E+000                                        0                 -9.8999999999999986E+001                 -9.9000000000000000E+001                 -9.9000000000000000E+001 
                                      20                  9.8592139574639397E+000                  8.6853397005764466E-001                  4.3817407153826071E+000                 -9.0425236562855389E+000                  3.5660944696968282E+000                  7.1799999901911038E-001                  2.6800000098088972E-001                  1.3999999999999901E-002                  1.3988853270990960E-028                  0.0000000000000000E+000                  0.0000000000000000E+000                                        0                 -9.8999999999999986E+001                 -9.9000000000000000E+001                 -9.9000000000000000E+001 
                                      21                  9.8592139574268316E+000                  8.6851325713505378E-001                  4.3842508525882700E+000                 -9.0314198164293504E+000                  3.5788900356565785E+000                  7.1799999901911038E-001                  2.6800000098088972E-001                  1.3999999999999901E-002                  1.4351136056326301E-028                  0.0000000000000000E+000                  0.0000000000000000E+000                                        0                 -9.8999999999999986E+001                 -9.9000000000000000E+001                 -9.9000000000000000E+001 
                                      22                  9.8592139573897217E+000                  8.6849306422545525E-001                  4.3866964699662008E+000                 -9.0208087708789648E+000                  3.5912014835895762E+000                  7.1799999901911038E-001                  2.6800000098088972E-001                  1.3999999999999901E-002                  1.4706104368700946E-028                  0.0000000000000000E+000                  0.0000000000000000E+000                                        0                 -9.8999999999999986E+001                 -9.9000000000000000E+001                 -9.9000000000000000E+001 
                                      23                  9.8592139573533419E+000                  8.6847374245333664E-001                  4.3902663410162610E+000                 -9.0057231070812698E+000                  3.6088680398731725E+000                  7.1799999901911038E-001                  2.6800000098088972E-001                  1.3999999999999901E-002                  1.5225927735635865E-028                  0.0000000000000000E+000                  0.0000000000000000E+000                                        0                 -9.8999999999999986E+001                 -9.9000000000000000E+001                 -9.9000000000000000E+001 
                                      24                  9.8592139572805806E+000                  8.6843641088230983E-001                  4.3937351595539482E+000                 -8.9913121592857479E+000                  3.6258496712968431E+000                  7.1799999901911038E-001                  2.6800000098088972E-001                  1.3999999999999901E-002                  1.5739653077009852E-028                  0.0000000000000000E+000                  0.0000000000000000E+000                                        0                 -9.8999999999999986E+001                 -9.9000000000000000E+001                 -9.9000000000000000E+001 
                                      25                  9.8592139572441990E+000                  8.6841835085462937E-001                  4.3960090915138155E+000                 -8.9820850072660150E+000                  3.6368145359565855E+000                  7.1799999901911038E-001                  2.6800000098088972E-001                  1.3999999999999901E-002                  1.6077650946009489E-028                  0.0000000000000000E+000                  0.0000000000000000E+000                                        0                 -9.8999999999999986E+001                 -9.9000000000000000E+001                 -9.9000000000000000E+001 
                                      26                  9.8592139572078175E+000                  8.6840066830549734E-001                  4.3982482031477481E+000                 -8.9731311694942981E+000                  3.6475110891293712E+000                  7.1799999901911038E-001                  2.6800000098088972E-001                  1.3999999999999901E-002                  1.6412574702454139E-028                  0.0000000000000000E+000                  0.0000000000000000E+000                                        0                 -9.8999999999999986E+001                 -9.9000000000000000E+001                 -9.9000000000000000E+001 
                                      27                  9.8592139571714359E+000                  8.6838334449017895E-001                  4.4015515652009789E+000                 -8.9601980390101872E+000                  3.6630800410757369E+000                  7.1799999901911038E-001                  2.6800000098088972E-001                  1.3999999999999901E-002                  1.6908701577269775E-028                  0.0000000000000000E+000                  0.0000000000000000E+000                                        0                 -9.8999999999999986E+001                 -9.9000000000000000E+001                 -9.9000000000000000E+001 
                                      28                  9.8592139570986745E+000                  8.6834970752149643E-001                  4.4058302741341837E+000                 -8.9437519424428054E+000                  3.6830127789152027E+000                  7.1799999901911038E-001                  2.6800000098088972E-001                  1.3999999999999901E-002                  1.7561309220206636E-028                  0.0000000000000000E+000                  0.0000000000000000E+000                                        0                 -9.8999999999999986E+001                 -9.9000000000000000E+001                 -9.9000000000000000E+001 
                                      29                  9.8592139570259114E+000                  8.6831731313186677E-001                  4.4089497236555015E+000                 -8.9319665790700480E+000                  3.6973882466628112E+000                  7.1799999901911038E-001                  2.6800000098088972E-001                  1.3999999999999901E-002                  1.8044408171817666E-028                  0.0000000000000000E+000                  0.0000000000000000E+000                                        0                 -9.8999999999999986E+001                 -9.9000000000000000E+001                 -9.9000000000000000E+001 
                                      30                  9.8592139569895316E+000                  8.6830154694448303E-001                  4.4109969213736848E+000                 -8.9243706492092727E+000                  3.7067155029068548E+000                  7.1799999901911038E-001                  2.6800000098088972E-001                  1.3999999999999901E-002                  1.8362796692721895E-028                  0.0000000000000000E+000                  0.0000000000000000E+000                                        0                 -9.8999999999999986E+001                 -9.9000000000000000E+001                 -9.9000000000000000E+001 
                                      31                  9.8592139569531501E+000                  8.6828605244166968E-001                  4.4140202592758886E+000                 -8.9133427873775464E+000                  3.7203431297484300E+000                  7.1799999901911038E-001                  2.6800000098088972E-001                  1.3999999999999901E-002                  1.8835062245326665E-028                  0.0000000000000000E+000                  0.0000000000000000E+000                                        0                 -9.8999999999999986E+001                 -9.9000000000000000E+001                 -9.9000000000000000E+001 
                                      32                  9.8592139568803887E+000                  8.6825583565034903E-001                  4.4179433319936701E+000                 -8.8992262042539583E+000                  3.7378773807219541E+000                  7.1799999901911038E-001                  2.6800000098088972E-001                  1.3999999999999901E-002                  1.9457369491169728E-028                  0.0000000000000000E+000                  0.0000000000000000E+000                                        0                 -9.8999999999999986E+001                 -9.9000000000000000E+001                 -9.9000000000000000E+001 
                                      33                  9.8592139568076274E+000                  8.6822657924449553E-001                  4.4216835951911051E+000                 -8.8860123564809026E+000                  3.7544047152408861E+000                  7.1799999901911038E-001                  2.6800000098088972E-001                  1.3999999999999901E-002                  2.0058499103510545E-028                  0.0000000000000000E+000                  0.0000000000000000E+000                                        0                 -9.8999999999999986E+001                 -9.9000000000000000E+001                 -9.9000000000000000E+001 
                                      34                  9.8592139567377739E+000                  8.6819932945719658E-001                  4.4252536479448077E+000                 -8.8736175509724422E+000                  3.7700107697533984E+000                  7.1799999901911038E-001                  2.6800000098088972E-001                  1.3999999999999901E-002                  2.0639238817240781E-028                  0.0000000000000000E+000                  0.0000000000000000E+000                                        0                 -9.8999999999999986E+001                 -9.9000000000000000E+001                 -9.9000000000000000E+001 
                                      35                  9.8592139566679240E+000                  8.6817284147243412E-001                  4.4287346850001503E+000                 -8.8617228504547043E+000                  3.7850790431093420E+000                  7.1799999901911038E-001                  2.6800000098088972E-001                  1.3999999999999901E-002                  2.1212350888834304E-028                  0.0000000000000000E+000                  0.0000000000000000E+000                                        0                 -9.8999999999999986E+001                 -9.9000000000000000E+001                 -9.9000000000000000E+001 
                                      36                  9.8592139565980723E+000                  8.6814706445799072E-001                  4.4321310793092108E+000                 -8.8502913342778164E+000                  3.7996453922072377E+000                  7.1799999901911038E-001                  2.6800000098088972E-001                  1.3999999999999901E-002                  2.1778137389449810E-028                  0.0000000000000000E+000                  0.0000000000000000E+000                                        0                 -9.8999999999999986E+001                 -9.9000000000000000E+001                 -9.9000000000000000E+001 
                                      37                  9.8592139565282206E+000                  8.6812195268180603E-001                  4.4370954085407543E+000                 -8.8339836975516359E+000                  3.8206226518993414E+000                  7.1799999901911038E-001                  2.6800000098088972E-001                  1.3999999999999901E-002                  2.2611479042154774E-028                  0.0000000000000000E+000                  0.0000000000000000E+000                                        0                 -9.8999999999999986E+001                 -9.9000000000000000E+001                 -9.9000000000000000E+001 
                                      38                  9.8592139563885191E+000                  8.6807356776101252E-001                  4.4418546747084768E+000                 -8.8184682635778042E+000                  3.8406419020969569E+000                  7.1799999901911038E-001                  2.6800000098088972E-001                  1.3999999999999901E-002                  2.3433922390240514E-028                  0.0000000000000000E+000                  0.0000000000000000E+000                                        0                 -9.8999999999999986E+001                 -9.9000000000000000E+001                 -9.9000000000000000E+001 
                                      39                  9.8592139563186656E+000                  8.6805021855013276E-001                  4.4449530889917144E+000                 -8.8085962297722169E+000                  3.8534958327556983E+000                  7.1799999901911038E-001                  2.6800000098088972E-001                  1.3999999999999901E-002                  2.3972724645494410E-028                  0.0000000000000000E+000                  0.0000000000000000E+000                                        0                 -9.8999999999999986E+001                 -9.9000000000000000E+001                 -9.9000000000000000E+001 
                                      40                  9.8592139562488157E+000                  8.6802739046730104E-001                  4.4494949849608334E+000                 -8.7944368125660866E+000                  3.8720942093188335E+000                  7.1799999901911038E-001                  2.6800000098088972E-001                  1.3999999999999901E-002                  2.4767225652665893E-028                  0.0000000000000000E+000                  0.0000000000000000E+000                                        0                 -9.8999999999999986E+001                 -9.9000000000000000E+001                 -9.9000000000000000E+001 
                                      41                  9.8592139561091123E+000                  8.6798318860555768E-001                  4.4538714290680144E+000                 -8.7808962044881422E+000                  3.8899358376156217E+000                  7.1799999901911038E-001                  2.6800000098088972E-001                  1.3999999999999901E-002                  2.5551623544667286E-028                  0.0000000000000000E+000                  0.0000000000000000E+000                                        0                 -9.8999999999999986E+001                 -9.9000000000000000E+001                 -9.9000000000000000E+001 
                                      42                  9.8592139560392607E+000                  8.6796176125853308E-001                  4.4567284583567641E+000                 -8.7722426307973063E+000                  3.9014378796308997E+000                  7.1799999901911038E-001                  2.6800000098088972E-001                  1.3999999999999901E-002                  2.6065881580291909E-028                  0.0000000000000000E+000                  0.0000000000000000E+000                                        0                 -9.8999999999999986E+001                 -9.9000000000000000E+001                 -9.9000000000000000E+001 
                                      43                  9.8592139559694090E+000                  8.6794075355973133E-001                  4.4609275881562178E+000                 -8.7597811854836447E+000                  3.9181423573389664E+000                  7.1799999901911038E-001                  2.6800000098088972E-001                  1.3999999999999901E-002                  2.6824668548689586E-028                  0.0000000000000000E+000                  0.0000000000000000E+000                                        0                 -9.8999999999999986E+001                 -9.9000000000000000E+001                 -9.9000000000000000E+001 
                                      44                  9.8592139558297074E+000                  8.6789991787930232E-001                  4.4663370114248551E+000                 -8.7439785298338979E+000                  3.9394680446689692E+000                  7.1799999901911038E-001                  2.6800000098088972E-001                  1.3999999999999901E-002                  2.7818753491264580E-028                  0.0000000000000000E+000                  0.0000000000000000E+000                                        0                 -9.8999999999999986E+001                 -9.9000000000000000E+001                 -9.9000000000000000E+001 
                                      45                  9.8592139556900040E+000                  8.6786053046461165E-001                  4.4715641683351190E+000                 -8.7290613408311977E+000                  3.9598025884384147E+000                  7.1799999901911038E-001                  2.6800000098088972E-001                  1.3999999999999901E-002                  2.8790915563136913E-028                  0.0000000000000000E+000                  0.0000000000000000E+000                                        0                 -9.8999999999999986E+001                 -9.9000000000000000E+001                 -9.9000000000000000E+001 
                                      46                  9.8592139555503007E+000                  8.6782246277940822E-001                  4.4766226100641830E+000                 -8.7149470765170722E+000                  3.9792341234439554E+000                  7.1799999901911038E-001                  2.6800000098088972E-001                  1.3999999999999901E-002                  2.9742011508812285E-028                  0.0000000000000000E+000                  0.0000000000000000E+000                                        0                 -9.8999999999999986E+001                 -9.9000000000000000E+001                 -9.9000000000000000E+001 
                                      47                  9.8592139554105991E+000                  8.6778560284173722E-001                  4.4815239746385940E+000                 -8.7015633585942105E+000                  3.9978395270022991E+000                  7.1799999901911038E-001                  2.6800000098088972E-001                  1.3999999999999901E-002                  3.0672885297586120E-028                  0.0000000000000000E+000                  0.0000000000000000E+000                                        0                 -9.8999999999999986E+001                 -9.9000000000000000E+001                 -9.9000000000000000E+001 
                                      48                  9.8592139552708957E+000                  8.6774985253322179E-001                  4.4850949127803110E+000                 -8.6919487636814647E+000                  4.0112928583196137E+000                  7.1799999901911038E-001                  2.6800000098088972E-001                  1.3999999999999901E-002                  3.1359537160557535E-028                  0.0000000000000000E+000                  0.0000000000000000E+000                                        0                 -9.8999999999999986E+001                 -9.9000000000000000E+001                 -9.9000000000000000E+001 
                                      49                  9.8592139552010440E+000                  8.6773236554327982E-001                  4.4874374103446062E+000                 -8.6857485433487742E+000                  4.0200370524861393E+000                  7.1799999901911038E-001                  2.6800000098088972E-001                  1.3999999999999901E-002                  3.1810473753913599E-028                  0.0000000000000000E+000                  0.0000000000000000E+000                                        0                 -9.8999999999999986E+001                 -9.9000000000000000E+001                 -9.9000000000000000E+001 
                                      50                  9.8592139551311924E+000                  8.6771512436541753E-001                  4.4908958736527662E+000                 -8.6767447921845200E+000                  4.0328338455633483E+000                  7.1799999901911038E-001                  2.6800000098088972E-001                  1.3999999999999901E-002                  3.2476879018921882E-028                  0.0000000000000000E+000                  0.0000000000000000E+000                                        0                 -9.8999999999999986E+001                 -9.9000000000000000E+001                 -9.9000000000000000E+001 
                                      51                  9.8592139549914908E+000                  8.6768134358264692E-001                  4.4953844543909112E+000                 -8.6652082454344672E+000                  4.0493350481784374E+000                  7.1799999901911038E-001                  2.6800000098088972E-001                  1.3999999999999901E-002                  3.3351191330279137E-028                  0.0000000000000000E+000                  0.0000000000000000E+000                                        1                  9.3489975553809810E+000                  9.3489975553809810E+000                 -9.9000000000000000E+001 
                                      52                  9.8592139548517874E+000                  8.6764844075764957E-001                  4.4997521265296765E+000                 -8.6541954869769295E+000                  4.0652368943187005E+000                  7.1799999901911038E-001                  2.6800000098088972E-001                  1.3999999999999901E-002                  3.4207757977808741E-028                  0.0000000000000000E+000                  0.0000000000000000E+000                                        1                  1.0054998389466910E+001                  1.0054998389466910E+001                 -9.9000000000000000E+001 
                                      53                  9.8592139547120841E+000                  8.6761635458524933E-001                  4.5040060311341543E+000                 -8.6436692023131840E+000                  4.0805814515276841E+000                  7.1799999901911038E-001                  2.6800000098088972E-001                  1.3999999999999901E-002                  3.5047042881046976E-028                  0.0000000000000000E+000                  0.0000000000000000E+000                                        1                  1.0348751761735294E+001                  1.0348751761735294E+001                 -9.9000000000000000E+001 
                                      54                  9.8592139545723807E+000                  8.6758502989794894E-001                  4.5081525970226730E+000                 -8.6335965586971817E+000                  4.0954065079967075E+000                  7.1799999901911038E-001                  2.6800000098088972E-001                  1.3999999999999901E-002                  3.5869431423947457E-028                  0.0000000000000000E+000                  0.0000000000000000E+000                                        1                  1.0548474373020955E+001                  1.0548474373020955E+001                 -9.9000000000000000E+001 
                                      55                  9.8592139544326791E+000                  8.6755441681929091E-001                  4.5121975351038888E+000                 -8.6239478689839633E+000                  4.1097461340359605E+000                  7.1799999901911038E-001                  2.6800000098088972E-001                  1.3999999999999901E-002                  3.6675296769246681E-028                  0.0000000000000000E+000                  0.0000000000000000E+000                                        1                  1.0704781450725495E+001                  1.0704781450725495E+001                 -9.9000000000000000E+001 
                                      56                  9.8592139542929758E+000                  8.6752447010650180E-001                  4.5181064728074327E+000                 -8.6102588823817623E+000                  4.1304106650071217E+000                  7.1799999901911038E-001                  2.6800000098088972E-001                  1.3999999999999901E-002                  3.7849772788815635E-028                  0.0000000000000000E+000                  0.0000000000000000E+000                                        1                  1.0835848728126795E+001                  1.0835848728126795E+001                 -9.9000000000000000E+001 
                                      57                  9.8592139540135708E+000                  8.6746641744125175E-001                  4.5256422836274988E+000                 -8.5931875206244293E+000                  4.1565310488321723E+000                  7.1799999901911038E-001                  2.6800000098088972E-001                  1.3999999999999901E-002                  3.9367285330964661E-028                  0.0000000000000000E+000                  0.0000000000000000E+000                                        1                  1.1050612885321440E+001                  1.1050612885321440E+001                 -9.9000000000000000E+001 
                                      58                  9.8592139537341641E+000                  8.6741058049785680E-001                  4.5310580556684457E+000                 -8.5811868403717142E+000                  4.1751488032739914E+000                  7.1799999901911038E-001                  2.6800000098088972E-001                  1.3999999999999901E-002                  4.0470329571852100E-028                  0.0000000000000000E+000                  0.0000000000000000E+000                                        1                  1.1225085015731585E+001                  1.1225085015731585E+001                 -9.9000000000000000E+001 
                                      59                  9.8592139535944607E+000                  8.6738341513778860E-001                  4.5345834715896816E+000                 -8.5735829096142524E+000                  4.1871344771967198E+000                  7.1799999901911038E-001                  2.6800000098088972E-001                  1.3999999999999901E-002                  4.1185187906126785E-028                  0.0000000000000000E+000                  0.0000000000000000E+000                                        1                  1.1301836791465615E+001                  1.1301836791465615E+001                 -9.9000000000000000E+001 
                                      60                  9.8592139534547591E+000                  8.6735671630155886E-001                  4.5397489852734694E+000                 -8.5627267509723985E+000                  4.2045188990660760E+000                  7.1799999901911038E-001                  2.6800000098088972E-001                  1.3999999999999901E-002                  4.2227732194269080E-028                  0.0000000000000000E+000                  0.0000000000000000E+000                                        1                  1.1372640030018266E+001                  1.1372640030018266E+001                 -9.9000000000000000E+001 
                                      61                  9.8592139531753524E+000                  8.6730462270343367E-001                  4.5463672643411170E+000                 -8.5490727190092208E+000                  4.2266762765879839E+000                  7.1799999901911038E-001                  2.6800000098088972E-001                  1.3999999999999901E-002                  4.3576514492316585E-028                  0.0000000000000000E+000                  0.0000000000000000E+000                                        1                  1.1498888324853544E+001                  1.1498888324853544E+001                 -9.9000000000000000E+001 
                                      62                  9.8592139528959475E+000                  8.6725412353662634E-001                  4.5527239625871472E+000                 -8.5363199143191189E+000                  4.2477674386181485E+000                  7.1799999901911038E-001                  2.6800000098088972E-001                  1.3999999999999901E-002                  4.4875154586017498E-028                  0.0000000000000000E+000                  0.0000000000000000E+000                                        1                  1.1607188439153054E+001                  1.1607188439153054E+001                 -9.9000000000000000E+001 
                                      63                  9.8592139526165408E+000                  8.6720506882365112E-001                  4.5588372466314260E+000                 -8.5243718851990007E+000                  4.2678904724333195E+000                  7.1799999901911038E-001                  2.6800000098088972E-001                  1.3999999999999901E-002                  4.6126937011485125E-028                  0.0000000000000000E+000                  0.0000000000000000E+000                                        1                  1.1698771307838358E+001                  1.1698771307838358E+001                 -9.9000000000000000E+001 
                                      64                  9.8592139523371358E+000                  8.6715732931978784E-001                  4.5647223038105134E+000                 -8.5131415527810059E+000                  4.2871305229217089E+000                  7.1799999901911038E-001                  2.6800000098088972E-001                  1.3999999999999901E-002                  4.7335345301745094E-028                  0.0000000000000000E+000                  0.0000000000000000E+000                                        1                  1.1774932028733877E+001                  1.1774932028733877E+001                 -9.9000000000000000E+001 
                                      65                  9.8592139520577291E+000                  8.6711079332714036E-001                  4.5703915607851364E+000                 -8.5025405272462091E+000                  4.3055619737939184E+000                  7.1799999901911038E-001                  2.6800000098088972E-001                  1.3999999999999901E-002                  4.8505071470492064E-028                  0.0000000000000000E+000                  0.0000000000000000E+000                                        1                  1.1836786939418921E+001                  1.1836786939418921E+001                 -9.9000000000000000E+001 
                                      66                  9.8592139517783242E+000                  8.6706536508802223E-001                  4.5758554273768430E+000                 -8.4924859558259129E+000                  4.3232501875996823E+000                  7.1799999901911038E-001                  2.6800000098088972E-001                  1.3999999999999901E-002                  4.9641199951393679E-028                  0.0000000000000000E+000                  0.0000000000000000E+000                                        1                  1.1885135391435497E+001                  1.1885135391435497E+001                 -9.9000000000000000E+001 
                                      67                  9.8592139514989174E+000                  8.6702096272556628E-001                  4.5811227761777262E+000                 -8.4829042430405277E+000                  4.3402529076065726E+000                  7.1799999901911038E-001                  2.6800000098088972E-001                  1.3999999999999901E-002                  5.0748652416297725E-028                  0.0000000000000000E+000                  0.0000000000000000E+000                                        1                  1.1921002533585323E+001                  1.1921002533585323E+001                 -9.9000000000000000E+001 
                                      68                  9.8592139512195125E+000                  8.6697751609126306E-001                  4.5887161051333196E+000                 -8.4693897306064549E+000                  4.3645799616636278E+000                  7.1799999901911038E-001                  2.6800000098088972E-001                  1.3999999999999901E-002                  5.2352784488494948E-028                  0.0000000000000000E+000                  0.0000000000000000E+000                                        1                  1.1944484784939966E+001                  1.1944484784939966E+001                 -9.9000000000000000E+001 
                                      69                  9.8592139506607008E+000                  8.6689324799372802E-001                  4.5981476135586670E+000                 -8.4522815143947252E+000                  4.3950541664782010E+000                  7.1799999901911038E-001                  2.6800000098088972E-001                  1.3999999999999901E-002                  5.4456406441786384E-028                  0.0000000000000000E+000                  0.0000000000000000E+000                                        1                  1.1963169976417337E+001                  1.1963169976417337E+001                 -9.9000000000000000E+001 
                                      70                  9.8592139501018892E+000                  8.6681218867214782E-001                  4.6047384068973880E+000                 -8.4399605606943293E+000                  4.4165994734653085E+000                  7.1799999901911038E-001                  2.6800000098088972E-001                  1.3999999999999901E-002                  5.6023553047753190E-028                  0.0000000000000000E+000                  0.0000000000000000E+000                                        1                  1.1955121532418715E+001                  1.1955121532418715E+001                 -9.9000000000000000E+001 
                                      71                  9.8592139498224842E+000                  8.6677277628618510E-001                  4.6089632225511643E+000                 -8.4320580353846974E+000                  4.4303961461157897E+000                  7.1799999901911038E-001                  2.6800000098088972E-001                  1.3999999999999901E-002                  5.7052363213801161E-028                  0.0000000000000000E+000                  0.0000000000000000E+000                                        1                  1.1942426705515809E+001                  1.1942426705515809E+001                 -9.9000000000000000E+001 
                                      72                  9.8592139495430775E+000                  8.6673406412755394E-001                  4.6150565820049660E+000                 -8.4206006153834583E+000                  4.4503095565051272E+000                  7.1799999901911038E-001                  2.6800000098088972E-001                  1.3999999999999901E-002                  5.8577622296745133E-028                  0.0000000000000000E+000                  0.0000000000000000E+000                                        1                  1.1924700001555850E+001                  1.1924700001555850E+001                 -9.9000000000000000E+001 
                                      73                  9.8592139489842658E+000                  8.6665862595032184E-001                  4.6226340329573805E+000                 -8.4056488081813772E+000                  4.4755324547454682E+000                  7.1799999901911038E-001                  2.6800000098088972E-001                  1.3999999999999901E-002                  6.0629564526861016E-028                  0.0000000000000000E+000                  0.0000000000000000E+000                                        1                  1.1880194192838989E+001                  1.1880194192838989E+001                 -9.9000000000000000E+001 
                                      74                  9.8592139484254542E+000                  8.6658570338796970E-001                  4.6297084288254089E+000                 -8.3911859524913925E+000                  4.4993861051691351E+000                  7.1799999901911038E-001                  2.6800000098088972E-001                  1.3999999999999901E-002                  6.2682771768367158E-028                  0.0000000000000000E+000                  0.0000000000000000E+000                                        1                  1.1825188461089077E+001                  1.1825188461089077E+001                 -9.9000000000000000E+001 
                                      75                  9.8592139478666425E+000                  8.6651513433284932E-001                  4.6363339153123864E+000                 -8.3771768878500747E+000                  4.5220118509808724E+000                  7.1799999901911038E-001                  2.6800000098088972E-001                  1.3999999999999901E-002                  6.4737828969633744E-028                  0.0000000000000000E+000                  0.0000000000000000E+000                                        1                  1.1757490710510709E+001                  1.1757490710510709E+001                 -9.9000000000000000E+001 
                                      76                  9.8592139473078326E+000                  8.6644677251001379E-001                  4.6425560589904995E+000                 -8.3635894639645780E+000                  4.5435302022313060E+000                  7.1799999901911038E-001                  2.6800000098088972E-001                  1.3999999999999901E-002                  6.6795378640612278E-028                  0.0000000000000000E+000                  0.0000000000000000E+000                                        1                  1.1672799729636312E+001                  1.1672799729636312E+001                 -9.9000000000000000E+001 
                                      77                  9.8592139467490210E+000                  8.6638048553752800E-001                  4.6484128954935864E+000                 -8.3503930511416247E+000                  4.5640447403539453E+000                  7.1799999901911038E-001                  2.6800000098088972E-001                  1.3999999999999901E-002                  6.8856299395333814E-028                  0.0000000000000000E+000                  0.0000000000000000E+000                                        1                  1.1562368315744571E+001                  1.1562368315744571E+001                 -9.9000000000000000E+001 
                                      78                  9.8592139461902093E+000                  8.6631615344172863E-001                  4.6539369724598538E+000                 -8.3375603022719122E+000                  4.5836451485794374E+000                  7.1799999901911038E-001                  2.6800000098088972E-001                  1.3999999999999901E-002                  7.0921394384933274E-028                  0.0000000000000000E+000                  0.0000000000000000E+000                                        1                  1.1409445588417377E+001                  1.1409445588417377E+001                 -9.9000000000000000E+001 
                                      79                  9.8592139456313976E+000                  8.6625366708857321E-001                  4.6591573284418359E+000                 -8.3250679588874661E+000                  4.6024095930979856E+000                  7.1799999901911038E-001                  2.6800000098088972E-001                  1.3999999999999901E-002                  7.2991188840401260E-028                  0.0000000000000000E+000                  0.0000000000000000E+000                                        1                  1.1169878206134497E+001                  1.1169878206134497E+001                 -9.9000000000000000E+001 
                                      80                  9.8592139450725860E+000                  8.6619292668460746E-001                  4.6653271282343507E+000                 -8.3099854124023267E+000                  4.6247917082914061E+000                  7.1799999901911038E-001                  2.6800000098088972E-001                  1.3999999999999901E-002                  7.5570796504711617E-028                  0.0000000000000000E+000                  0.0000000000000000E+000                                        1                  1.0596147739174802E+001                  1.0596147739174802E+001                 -9.9000000000000000E+001 
                                      81                  9.8592139442343694E+000                  8.6610488069794811E-001                  4.6721862304278465E+000                 -8.2924081062972981E+000                  4.6502312737748488E+000                  7.1799999901911038E-001                  2.6800000098088972E-001                  1.3999999999999901E-002                  7.8692349495234756E-028                  0.0000000000000000E+000                  0.0000000000000000E+000                                        0                 -9.8999999999999986E+001                 -9.9000000000000000E+001                 -9.9000000000000000E+001 
                                      82                  9.8592139433961528E+000                  8.6602027663219838E-001                  4.6775082629029434E+000                 -8.2781987436676818E+000                  4.6703640601306242E+000                  7.1799999901911038E-001                  2.6800000098088972E-001                  1.3999999999999901E-002                  8.1309795339728519E-028                  0.0000000000000000E+000                  0.0000000000000000E+000                                        0                 -9.8999999999999986E+001                 -9.9000000000000000E+001                 -9.9000000000000000E+001 
                                      83                  9.8592139428373411E+000                  8.6596566320358692E-001                  4.6815701681971724E+000                 -8.2671994807626561E+000                  4.6858318397508789E+000                  7.1799999901911038E-001                  2.6800000098088972E-001                  1.3999999999999901E-002                  8.3395556456986213E-028                  0.0000000000000000E+000                  0.0000000000000000E+000                                        0                 -9.8999999999999986E+001                 -9.9000000000000000E+001                 -9.9000000000000000E+001 
                                      84                  9.8592139422785294E+000                  8.6591239574207113E-001                  4.6873869787439393E+000                 -8.2513261954746326E+000                  4.7080578230534051E+000                  7.1799999901911038E-001                  2.6800000098088972E-001                  1.3999999999999901E-002                  8.6500245357726820E-028                  0.0000000000000000E+000                  0.0000000000000000E+000                                        0                 -9.8999999999999986E+001                 -9.9000000000000000E+001                 -9.9000000000000000E+001 
                                      85                  9.8592139411609061E+000                  8.6580962896043312E-001                  4.6945408682121901E+000                 -8.2308647698964634E+000                  4.7360523254461659E+000                  7.1799999901911038E-001                  2.6800000098088972E-001                  1.3999999999999901E-002                  9.0673476996418286E-028                  0.0000000000000000E+000                  0.0000000000000000E+000                                        0                 -9.8999999999999986E+001                 -9.9000000000000000E+001                 -9.9000000000000000E+001 
                                      86                  9.8592139400432846E+000                  8.6571152362222981E-001                  4.6995217916002696E+000                 -8.2160522470073509E+000                  4.7559417270960296E+000                  7.1799999901911038E-001                  2.6800000098088966E-001                  1.4000000000000012E-002                  9.3819670673101438E-028                  0.0000000000000000E+000                  0.0000000000000000E+000                                        0                 -9.8999999999999986E+001                 -9.9000000000000000E+001                 -9.9000000000000000E+001 
                                      87                  9.8592139394844729E+000                  8.6566409195039251E-001                  4.7043079324699857E+000                 -8.2019281209814139E+000                  4.7749681332278922E+000                  7.1799999901911038E-001                  2.6800000098088972E-001                  1.3999999999999901E-002                  9.6921272597663628E-028                  0.0000000000000000E+000                  0.0000000000000000E+000                                        0                 -9.8999999999999986E+001                 -9.9000000000000000E+001                 -9.9000000000000000E+001 
                                      88                  9.8592139383668496E+000                  8.6557221993312750E-001                  4.7102761857757844E+000                 -8.1837060010238947E+000                  4.7991255135666417E+000                  7.1799999901911038E-001                  2.6800000098088972E-001                  1.3999999999999901E-002                  1.0107474267281096E-027                  0.0000000000000000E+000                  0.0000000000000000E+000                                        0                 -9.8999999999999986E+001                 -9.9000000000000000E+001                 -9.9000000000000000E+001 
                                      89                  9.8592139372492262E+000                  8.6548406813636192E-001                  4.7158739318101137E+000                 -8.1662668177244093E+000                  4.8220277709854207E+000                  7.1799999901911038E-001                  2.6800000098088972E-001                  1.3999999999999901E-002                  1.0521634502291572E-027                  0.0000000000000000E+000                  0.0000000000000000E+000                                        0                 -9.8999999999999986E+001                 -9.9000000000000000E+001                 -9.9000000000000000E+001 
                                      90                  9.8592139361316047E+000                  8.6539933538418690E-001                  4.7211451274877509E+000                 -8.1495541998042871E+000                  4.8437991164026553E+000                  7.1799999901911038E-001                  2.6800000098088972E-001                  1.3999999999999901E-002                  1.0934456005463444E-027                  0.0000000000000000E+000                  0.0000000000000000E+000                                        0                 -9.8999999999999986E+001                 -9.9000000000000000E+001                 -9.9000000000000000E+001 
                                      91                  9.8592139350139814E+000                  8.6531775454550119E-001                  4.7255071821222838E+000                 -8.1354560475113757E+000                  4.8620063524970272E+000                  7.1799999901911038E-001                  2.6800000098088972E-001                  1.3999999999999901E-002                  1.1295266834586878E-027                  0.0000000000000000E+000                  0.0000000000000000E+000                                        0                 -9.8999999999999986E+001                 -9.9000000000000000E+001                 -9.9000000000000000E+001 
                                      92                  9.8592139341757630E+000                  8.6525849442353653E-001                  4.7290959635081249E+000                 -8.1237868631847476E+000                  4.8770352234616405E+000                  7.1799999901911038E-001                  2.6800000098088972E-001                  1.3999999999999901E-002                  1.1602902816423017E-027                  0.0000000000000000E+000                  0.0000000000000000E+000                                        0                 -9.8999999999999986E+001                 -9.9000000000000000E+001                 -9.9000000000000000E+001 
                                      93                  9.8592139333375464E+000                  8.6520078206599482E-001                  4.7331213324189374E+000                 -8.1106239912023668E+000                  4.8939446578054069E+000                  7.1799999901911038E-001                  2.6800000098088972E-001                  1.3999999999999901E-002                  1.1959985214190739E-027                  0.0000000000000000E+000                  0.0000000000000000E+000                                        0                 -9.8999999999999986E+001                 -9.9000000000000000E+001                 -9.9000000000000000E+001 
                                      94                  9.8592139322199230E+000                  8.6512609536495189E-001                  4.7375037209688591E+000                 -8.0960777797012717E+000                  4.9125089032527862E+000                  7.1799999901911038E-001                  2.6800000098088972E-001                  1.3999999999999901E-002                  1.2367391455614337E-027                  0.0000000000000000E+000                  0.0000000000000000E+000                                        0                 -9.8999999999999986E+001                 -9.9000000000000000E+001                 -9.9000000000000000E+001 
                                      95                  9.8592139311022997E+000                  8.6505383211483322E-001                  4.7437615050849953E+000                 -8.0753781552477335E+000                  4.9389642664106095E+000                  7.1799999901911038E-001                  2.6800000098088972E-001                  1.3999999999999901E-002                  1.2971181958296877E-027                  0.0000000000000000E+000                  0.0000000000000000E+000                                        0                 -9.8999999999999986E+001                 -9.9000000000000000E+001                 -9.9000000000000000E+001 
                                      96                  9.8592139288670548E+000                  8.6491593248697740E-001                  4.7495249199968912E+000                 -8.0554844896362461E+000                  4.9639309940895044E+000                  7.1799999901911038E-001                  2.6800000098088972E-001                  1.3999999999999901E-002                  1.3579225718899557E-027                  0.0000000000000000E+000                  0.0000000000000000E+000                                        0                 -9.8999999999999986E+001                 -9.9000000000000000E+001                 -9.9000000000000000E+001 
                                      97                  9.8592139277494315E+000                  8.6485002342078021E-001                  4.7532070672684661E+000                 -8.0428581848163549E+000                  4.9798216162935161E+000                  7.1799999901911038E-001                  2.6800000098088972E-001                  1.3999999999999901E-002                  1.3979848655537040E-027                  0.0000000000000000E+000                  0.0000000000000000E+000                                        0                 -9.8999999999999986E+001                 -9.9000000000000000E+001                 -9.9000000000000000E+001 
                                      98                  9.8592139266318100E+000                  8.6478597420871517E-001                  4.7585089555801581E+000                 -8.0247766091794830E+000                  5.0026309547902645E+000                  7.1799999901911038E-001                  2.6800000098088972E-001                  1.3999999999999901E-002                  1.4574233817092580E-027                  0.0000000000000000E+000                  0.0000000000000000E+000                                        0                 -9.8999999999999986E+001                 -9.9000000000000000E+001                 -9.9000000000000000E+001 
                                      99                  9.8592139243965633E+000                  8.6466302019604202E-001                  4.7633866392427917E+000                 -8.0075852659731321E+000                  5.0240219760740814E+000                  7.1799999901911038E-001                  2.6800000098088972E-001                  1.3999999999999901E-002                  1.5162775782202871E-027                  0.0000000000000000E+000                  0.0000000000000000E+000                                        0                 -9.8999999999999986E+001                 -9.9000000000000000E+001                 -9.9000000000000000E+001 
                                     100                  9.8592139233270668E+000                  8.6460643860597464E-001                  4.7662866473483430E+000                 -7.9974349068303088E+000                  5.0366892370830545E+000                  7.1799999901911038E-001                  2.6800000098088972E-001                  1.3999999999999901E-002                  1.5521370076320584E-027                  0.0000000000000000E+000                  0.0000000000000000E+000                                        0                 -9.8999999999999986E+001                 -9.9000000000000000E+001                 -9.9000000000000000E+001 
                                     101                  9.8592139223625068E+000                  8.6455656922323232E-001                  4.7698335389172692E+000                 -7.9850641121456061E+000                  5.0521509659529293E+000                  7.1799999901911038E-001                  2.6800000098088972E-001                  1.3999999999999901E-002                  1.5969895003760423E-027                  0.0000000000000000E+000                  0.0000000000000000E+000                                        0                 -9.8999999999999986E+001                 -9.9000000000000000E+001                 -9.9000000000000000E+001 
                                     102                  9.8592139207636968E+000                  8.6447619332494663E-001                  4.7737537972263109E+000                 -7.9712169379827724E+000                  5.0693688214069637E+000                  7.1799999901911038E-001                  2.6800000098088972E-001                  1.3999999999999901E-002                  1.6487340700351658E-027                  0.0000000000000000E+000                  0.0000000000000000E+000                                        0                 -9.8999999999999986E+001                 -9.9000000000000000E+001                 -9.9000000000000000E+001 
                                     103                  9.8592139194007054E+000                  8.6440978909885979E-001                  4.7777511844852194E+000                 -7.9571275002620760E+000                  5.0869048192998800E+000                  7.1799999901911038E-001                  2.6800000098088972E-001                  1.3999999999999901E-002                  1.7031051978373562E-027                  0.0000000000000000E+000                  0.0000000000000000E+000                                        0                 -9.8999999999999986E+001                 -9.9000000000000000E+001                 -9.9000000000000000E+001 
                                     104                  9.8592139176259384E+000                  8.6432604011377412E-001                  4.7823418706095264E+000                 -7.9408554400683649E+000                  5.1071125561525346E+000                  7.1799999901911038E-001                  2.6800000098088972E-001                  1.3999999999999901E-002                  1.7681341342971229E-027                  0.0000000000000000E+000                  0.0000000000000000E+000                                        0                 -9.8999999999999986E+001                 -9.9000000000000000E+001                 -9.9000000000000000E+001 
                                     105                  9.8592139156271266E+000                  8.6423513258700702E-001                  4.7863973656986136E+000                 -7.9263497137763412E+000                  5.1250624143672585E+000                  7.1799999901911038E-001                  2.6800000098088972E-001                  1.3999999999999901E-002                  1.8281947329777846E-027                  0.0000000000000000E+000                  0.0000000000000000E+000                                        0                 -9.8999999999999986E+001                 -9.9000000000000000E+001                 -9.9000000000000000E+001 
                                     106                  9.8592139141264568E+000                  8.6416908713818563E-001                  4.7891778467574548E+000                 -7.9163854346763509E+000                  5.1373841838003145E+000                  7.1799999901911038E-001                  2.6800000098088972E-001                  1.3999999999999901E-002                  1.8706295498465895E-027                  0.0000000000000000E+000                  0.0000000000000000E+000                                        0                 -9.8999999999999986E+001                 -9.9000000000000000E+001                 -9.9000000000000000E+001 
                                     107                  9.8592139131412981E+000                  8.6412669728606439E-001                  4.7920402150346924E+000                 -7.9062026547546465E+000                  5.1500146644095661E+000                  7.1799999901911038E-001                  2.6800000098088972E-001                  1.3999999999999901E-002                  1.9150127252392317E-027                  0.0000000000000000E+000                  0.0000000000000000E+000                                        0                 -9.8999999999999986E+001                 -9.9000000000000000E+001                 -9.9000000000000000E+001 
                                     108                  9.8592139115051065E+000                  8.6405789947803358E-001                  4.7968819635103772E+000                 -7.8890202198779695E+000                  5.1713506060633252E+000                  7.1799999901911038E-001                  2.6800000098088972E-001                  1.3999999999999901E-002                  1.9923056838583471E-027                  0.0000000000000000E+000                  0.0000000000000000E+000                                        0                 -9.8999999999999986E+001                 -9.9000000000000000E+001                 -9.9000000000000000E+001 
                                     109                  9.8592139085392265E+000                  8.6393795112501648E-001                  4.8019603853955060E+000                 -7.8706888342382273E+000                  5.1939608319877228E+000                  7.1799999901911038E-001                  2.6800000098088972E-001                  1.3999999999999901E-002                  2.0782098604072374E-027                  0.0000000000000000E+000                  0.0000000000000000E+000                                        0                 -9.8999999999999986E+001                 -9.9000000000000000E+001                 -9.9000000000000000E+001 
                                     110                  9.8592139063806794E+000                  8.6385420277097580E-001                  4.8060226348039023E+000                 -7.8560888841913528E+000                  5.2120026447485888E+000                  7.1799999901911038E-001                  2.6800000098088966E-001                  1.4000000000000012E-002                  2.1492701549818764E-027                  0.0000000000000000E+000                  0.0000000000000000E+000                                        0                 -9.8999999999999986E+001                 -9.9000000000000000E+001                 -9.9000000000000000E+001 
                                     111                  9.8592139042577482E+000                  8.6377451418354501E-001                  4.8101898373945131E+000                 -7.8411352227663738E+000                  5.2304955713345915E+000                  7.1799999901911038E-001                  2.6800000098088972E-001                  1.3999999999999901E-002                  2.2245716365077202E-027                  0.0000000000000000E+000                  0.0000000000000000E+000                                        0                 -9.8999999999999986E+001                 -9.9000000000000000E+001                 -9.9000000000000000E+001 
                                     112                  9.8592139018069620E+000                  8.6368558079544278E-001                  4.8136795846533502E+000                 -7.8285194982074033E+000                  5.2460530611575180E+000                  7.1799999901911038E-001                  2.6800000098088972E-001                  1.3999999999999901E-002                  2.2901482652657033E-027                  0.0000000000000000E+000                  0.0000000000000000E+000                                        0                 -9.8999999999999986E+001                 -9.9000000000000000E+001                 -9.9000000000000000E+001 
                                     113                  9.8592139002595616E+000                  8.6363100980715923E-001                  4.8171754107085016E+000                 -7.8160196201759611E+000                  5.2615370660011482E+000                  7.1799999901911038E-001                  2.6800000098088972E-001                  1.3999999999999901E-002                  2.3570292114068438E-027                  0.0000000000000000E+000                  0.0000000000000000E+000                                        0                 -9.8999999999999986E+001                 -9.9000000000000000E+001                 -9.9000000000000000E+001 
                                     114                  9.8592138976849526E+000                  8.6354274557178146E-001                  4.8214402618173873E+000                 -7.8006891726965888E+000                  5.2804896477203807E+000                  7.1799999901911038E-001                  2.6800000098088972E-001                  1.3999999999999901E-002                  2.4417279006686483E-027                  0.0000000000000000E+000                  0.0000000000000000E+000                                        0                 -9.8999999999999986E+001                 -9.9000000000000000E+001                 -9.9000000000000000E+001 
                                     115                  9.8592138950142552E+000                  8.6345430886600738E-001                  4.8244358562530030E+000                 -7.7898389266836485E+000                  5.2938646496132398E+000                  7.1799999901911038E-001                  2.6800000098088972E-001                  1.3999999999999901E-002                  2.5035071918571716E-027                  0.0000000000000000E+000                  0.0000000000000000E+000                                        0                 -9.8999999999999986E+001                 -9.9000000000000000E+001                 -9.9000000000000000E+001 
                                     116                  9.8592138938462082E+000                  8.6341656840632708E-001                  4.8270689738803521E+000                 -7.7804307227070932E+000                  5.3055260856011683E+000                  7.1799999901911038E-001                  2.6800000098088966E-001                  1.4000000000000012E-002                  2.5583397307532118E-027                  0.0000000000000000E+000                  0.0000000000000000E+000                                        0                 -9.8999999999999986E+001                 -9.9000000000000000E+001                 -9.9000000000000000E+001 
                                     117                  9.8592138915706720E+000                  8.6334459253661544E-001                  4.8319757997176174E+000                 -7.7629805761337334E+000                  5.3271983689556626E+000                  7.1799999901911038E-001                  2.6800000098088972E-001                  1.3999999999999901E-002                  2.6632415778692200E-027                  0.0000000000000000E+000                  0.0000000000000000E+000                                        0                 -9.8999999999999986E+001                 -9.9000000000000000E+001                 -9.9000000000000000E+001 
                                     118                  9.8592138871999975E+000                  8.6321169744380322E-001                  4.8363675432365785E+000                 -7.7470473955451276E+000                  5.3468338078789337E+000                  7.1799999901911038E-001                  2.6800000098088972E-001                  1.3999999999999901E-002                  2.7627767385915560E-027                  0.0000000000000000E+000                  0.0000000000000000E+000                                        0                 -9.8999999999999986E+001                 -9.9000000000000000E+001                 -9.9000000000000000E+001 
                                     119                  9.8592138852636531E+000                  8.6315490446087650E-001                  4.8400659222062323E+000                 -7.7338839137365216E+000                  5.3631812254589333E+000                  7.1799999901911038E-001                  2.6800000098088972E-001                  1.3999999999999901E-002                  2.8478098837358530E-027                  0.0000000000000000E+000                  0.0000000000000000E+000                                        0                 -9.8999999999999986E+001                 -9.9000000000000000E+001                 -9.9000000000000000E+001 
                                     120                  9.8592138817300192E+000                  8.6305430261488481E-001                  4.8454386372775877E+000                 -7.7147466185880162E+000                  5.3869434601914081E+000                  7.1799999901911038E-001                  2.6800000098088972E-001                  1.3999999999999901E-002                  2.9761227252674529E-027                  0.0000000000000000E+000                  0.0000000000000000E+000                                        0                 -9.8999999999999986E+001                 -9.9000000000000000E+001                 -9.9000000000000000E+001 
                                     121                  9.8592138769440094E+000                  8.6292381556733788E-001                  4.8499657170986632E+000                 -7.6984359073761297E+000                  5.4071080615448324E+000                  7.1799999901911038E-001                  2.6800000098088972E-001                  1.3999999999999901E-002                  3.0900375967402294E-027                  0.0000000000000000E+000                  0.0000000000000000E+000                                        0                 -9.8999999999999986E+001                 -9.9000000000000000E+001                 -9.9000000000000000E+001 
                                     122                  9.8592138743129318E+000                  8.6285467768049906E-001                  4.8536078489916861E+000                 -7.6854921813826502E+000                  5.4231987830269199E+000                  7.1799999901911038E-001                  2.6800000098088972E-001                  1.3999999999999901E-002                  3.1835324284498945E-027                  0.0000000000000000E+000                  0.0000000000000000E+000                                        0                 -9.8999999999999986E+001                 -9.9000000000000000E+001                 -9.9000000000000000E+001 
                                     123                  9.8592138707772605E+000                  8.6276444794418927E-001                  4.8575012719370481E+000                 -7.6716230880703895E+000                  5.4404259411203757E+000                  7.1799999901911038E-001                  2.6800000098088972E-001                  1.3999999999999901E-002                  3.2868532741734572E-027                  0.0000000000000000E+000                  0.0000000000000000E+000                                        0                 -9.8999999999999986E+001                 -9.9000000000000000E+001                 -9.9000000000000000E+001 
                                     124                  9.8592138674581147E+000                  8.6268235726695752E-001                  4.8608284930631740E+000                 -7.6597814628073495E+000                  5.4551414921398003E+000                  7.1799999901911038E-001                  2.6800000098088972E-001                  1.3999999999999901E-002                  3.3777198733869248E-027                  0.0000000000000000E+000                  0.0000000000000000E+000                                        0                 -9.8999999999999986E+001                 -9.9000000000000000E+001                 -9.9000000000000000E+001 
                                     125                  9.8592138647071845E+000                  8.6261611618230138E-001                  4.8650212810060731E+000                 -7.6450351033304482E+000                  5.4735545495358489E+000                  7.1799999901911038E-001                  2.6800000098088972E-001                  1.3999999999999901E-002                  3.4943960105024584E-027                  0.0000000000000000E+000                  0.0000000000000000E+000                                        0                 -9.8999999999999986E+001                 -9.9000000000000000E+001                 -9.9000000000000000E+001 
                                     126                  9.8592138595721526E+000                  8.6249651824135920E-001                  4.8692294929736919E+000                 -7.6300649667158504E+000                  5.4921655546246733E+000                  7.1799999901911038E-001                  2.6800000098088972E-001                  1.3999999999999901E-002                  3.6169662748303158E-027                  0.0000000000000000E+000                  0.0000000000000000E+000                                        0                 -9.8999999999999986E+001                 -9.9000000000000000E+001                 -9.9000000000000000E+001 
                                     127                  9.8592138563984886E+000                  8.6242505908139266E-001                  4.8732083004928528E+000                 -7.6161107968400561E+000                  5.5096128045761636E+000                  7.1799999901911038E-001                  2.6800000098088972E-001                  1.3999999999999901E-002                  3.7350869474321313E-027                  0.0000000000000000E+000                  0.0000000000000000E+000                                        0                 -9.8999999999999986E+001                 -9.9000000000000000E+001                 -9.9000000000000000E+001 
                                     128                  9.8592138514582572E+000                  8.6231727396396451E-001                  4.8773723632649846E+000                 -7.6014276908989995E+000                  5.5279343054563581E+000                  7.1799999901911038E-001                  2.6800000098088972E-001                  1.3999999999999901E-002                  3.8635457042685686E-027                  0.0000000000000000E+000                  0.0000000000000000E+000                                        0                 -9.8999999999999986E+001                 -9.9000000000000000E+001                 -9.9000000000000000E+001 
                                     129                  9.8592138475285687E+000                  8.6223433229597757E-001                  4.8819494768924061E+000                 -7.5854837997023319E+000                  5.5479269997394569E+000                  7.1799999901911038E-001                  2.6800000098088972E-001                  1.3999999999999901E-002                  4.0080433692389192E-027                  0.0000000000000000E+000                  0.0000000000000000E+000                                        0                 -9.8999999999999986E+001                 -9.9000000000000000E+001                 -9.9000000000000000E+001 
                                     130                  9.8592138413503463E+000                  8.6210854194823117E-001                  4.8860507466860863E+000                 -7.5710502822937809E+000                  5.5659548024134136E+000                  7.1799999901911038E-001                  2.6800000098088972E-001                  1.3999999999999901E-002                  4.1435081940234538E-027                  0.0000000000000000E+000                  0.0000000000000000E+000                                        0                 -9.8999999999999986E+001                 -9.9000000000000000E+001                 -9.9000000000000000E+001 
                                     131                  9.8592138380174230E+000                  8.6204285746941256E-001                  4.8892748468474103E+000                 -7.5598503039588900E+000                  5.5800167371871918E+000                  7.1799999901911038E-001                  2.6800000098088972E-001                  1.3999999999999901E-002                  4.2517720220050562E-027                  0.0000000000000000E+000                  0.0000000000000000E+000                                        0                 -9.8999999999999986E+001                 -9.9000000000000000E+001                 -9.9000000000000000E+001 
                                     132                  9.8592138336571828E+000                  8.6195907131318439E-001                  4.8936817725438280E+000                 -7.5446241887004470E+000                  5.5991760699393494E+000                  7.1799999901911038E-001                  2.6800000098088972E-001                  1.3999999999999901E-002                  4.4035056202755898E-027                  0.0000000000000000E+000                  0.0000000000000000E+000                                        0                 -9.8999999999999986E+001                 -9.9000000000000000E+001                 -9.9000000000000000E+001 
                                     133                  9.8592138271348411E+000                  8.6183797063817513E-001                  4.8981985045629539E+000                 -7.5289414012101830E+000                  5.6188733710372443E+000                  7.1799999901911038E-001                  2.6800000098088972E-001                  1.3999999999999901E-002                  4.5654535863020357E-027                  0.0000000000000000E+000                  0.0000000000000000E+000                                        0                 -9.8999999999999986E+001                 -9.9000000000000000E+001                 -9.9000000000000000E+001 
                                     134                  9.8592138219701493E+000                  8.6174541028718754E-001                  4.9014112126797178E+000                 -7.5178159646189675E+000                  5.6328624009954060E+000                  7.1799999901911038E-001                  2.6800000098088972E-001                  1.3999999999999901E-002                  4.6839390379674261E-027                  0.0000000000000000E+000                  0.0000000000000000E+000                                        0                 -9.8999999999999986E+001                 -9.9000000000000000E+001                 -9.9000000000000000E+001 
                                     135                  9.8592138185141991E+000                  8.6168500814403481E-001                  4.9054714240900701E+000                 -7.5039763213847435E+000                  5.6503744352563565E+000                  7.1799999901911038E-001                  2.6800000098088972E-001                  1.3999999999999901E-002                  4.8356318715510342E-027                  0.0000000000000000E+000                  0.0000000000000000E+000                                        0                 -9.8999999999999986E+001                 -9.9000000000000000E+001                 -9.9000000000000000E+001 
                                     136                  9.8592138107858656E+000                  8.6155408457821236E-001                  4.9110077822874452E+000                 -7.4850183026591184E+000                  5.6743212269120171E+000                  7.1799999901911038E-001                  2.6800000098088972E-001                  1.3999999999999901E-002                  5.0514322901303252E-027                  0.0000000000000000E+000                  0.0000000000000000E+000                                        0                 -9.8999999999999986E+001                 -9.9000000000000000E+001                 -9.9000000000000000E+001 
                                     137                  9.8592138024909612E+000                  8.6141944159693706E-001                  4.9151295742207326E+000                 -7.4708381547160450E+000                  5.6922013366910376E+000                  7.1799999901911038E-001                  2.6800000098088972E-001                  1.3999999999999901E-002                  5.2191188767239561E-027                  0.0000000000000000E+000                  0.0000000000000000E+000                                        0                 -9.8999999999999986E+001                 -9.9000000000000000E+001                 -9.9000000000000000E+001 
                                     138                  9.8592137982479997E+000                  8.6135273582964134E-001                  4.9194424766971130E+000                 -7.4563076197783502E+000                  5.7106765315465413E+000                  7.1799999901911038E-001                  2.6800000098088972E-001                  1.3999999999999901E-002                  5.3967255598466519E-027                  0.0000000000000000E+000                  0.0000000000000000E+000                                        0                 -9.8999999999999986E+001                 -9.9000000000000000E+001                 -9.9000000000000000E+001 
                                     139                  9.8592137889902887E+000                  8.6121187877759642E-001                  4.9248431237900254E+000                 -7.4379929829538307E+000                  5.7339040782584139E+000                  7.1799999901911038E-001                  2.6800000098088972E-001                  1.3999999999999901E-002                  5.6292212950335622E-027                  0.0000000000000000E+000                  0.0000000000000000E+000                                        0                 -9.8999999999999986E+001                 -9.9000000000000000E+001                 -9.9000000000000000E+001 
                                     140                  9.8592137804620670E+000                  8.6108736511320183E-001                  4.9298623400827637E+000                 -7.4210883612120817E+000                  5.7554031004097492E+000                  7.1799999901911038E-001                  2.6800000098088972E-001                  1.3999999999999901E-002                  5.8526978029186768E-027                  0.0000000000000000E+000                  0.0000000000000000E+000                                        0                 -9.8999999999999986E+001                 -9.9000000000000000E+001                 -9.9000000000000000E+001 
                                     141                  9.8592137716781849E+000                  8.6096390911995713E-001                  4.9340333727158159E+000                 -7.4070465578720359E+000                  5.7732652307912637E+000                  7.1799999901911038E-001                  2.6800000098088972E-001                  1.3999999999999901E-002                  6.0450594025269020E-027                  0.0000000000000000E+000                  0.0000000000000000E+000                                        0                 -9.8999999999999986E+001                 -9.9000000000000000E+001                 -9.9000000000000000E+001 
                                     142                  9.8592137654293506E+000                  8.6087881573187786E-001                  4.9390585634446849E+000                 -7.3904370408222926E+000                  5.7945496124953415E+000                  7.1799999901911038E-001                  2.6800000098088972E-001                  1.3999999999999901E-002                  6.2807759751968064E-027                  0.0000000000000000E+000                  0.0000000000000000E+000                                        0                 -9.8999999999999986E+001                 -9.9000000000000000E+001                 -9.9000000000000000E+001 
                                     143                  9.8592137529536572E+000                  8.6071516228136269E-001                  4.9439757706742080E+000                 -7.3739890866810480E+000                  5.8155276868808086E+000                  7.1799999901911038E-001                  2.6800000098088966E-001                  1.4000000000000012E-002                  6.5232571673767373E-027                  0.0000000000000000E+000                  0.0000000000000000E+000                                        0                 -9.8999999999999986E+001                 -9.9000000000000000E+001                 -9.9000000000000000E+001 
                                     144                  9.8592137460833662E+000                  8.6062831357986913E-001                  4.9484565237957048E+000                 -7.3592959480146893E+000                  5.8344175013794759E+000                  7.1799999901911038E-001                  2.6800000098088972E-001                  1.3999999999999901E-002                  6.7477749216854684E-027                  0.0000000000000000E+000                  0.0000000000000000E+000                                        0                 -9.8999999999999986E+001                 -9.9000000000000000E+001                 -9.9000000000000000E+001 
                                     145                  9.8592137347301669E+000                  8.6048946168570051E-001                  4.9530105919297016E+000                 -7.3442877858603426E+000                  5.8536744246710963E+000                  7.1799999901911038E-001                  2.6800000098088972E-001                  1.3999999999999901E-002                  6.9850869100693699E-027                  0.0000000000000000E+000                  0.0000000000000000E+000                                        0                 -9.8999999999999986E+001                 -9.9000000000000000E+001                 -9.9000000000000000E+001 
                                     146                  9.8592137266963924E+000                  8.6039446773148032E-001                  4.9564017312525159E+000                 -7.3332027838890506E+000                  5.8679443971461787E+000                  7.1799999901911038E-001                  2.6800000098088972E-001                  1.3999999999999901E-002                  7.1657081058808358E-027                  0.0000000000000000E+000                  0.0000000000000000E+000                                        0                 -9.8999999999999986E+001                 -9.9000000000000000E+001                 -9.9000000000000000E+001 
                                     147                  9.8592137198120628E+000                  8.6031506883159237E-001                  4.9605657310655102E+000                 -7.3197596441587285E+000                  5.8853372277693694E+000                  7.1799999901911038E-001                  2.6800000098088972E-001                  1.3999999999999901E-002                  7.3910319283198706E-027                  0.0000000000000000E+000                  0.0000000000000000E+000                                        0                 -9.8999999999999986E+001                 -9.9000000000000000E+001                 -9.9000000000000000E+001 
                                     148                  9.8592137078519126E+000                  8.6018123494561249E-001                  4.9649255440712707E+000                 -7.3056226087151650E+000                  5.9035959474921409E+000                  7.1799999901911038E-001                  2.6800000098088972E-001                  1.3999999999999901E-002                  7.6356345151125562E-027                  0.0000000000000000E+000                  0.0000000000000000E+000                                        0                 -9.8999999999999986E+001                 -9.9000000000000000E+001                 -9.9000000000000000E+001 
                                     149                  9.8592136992257977E+000                  8.6008772692592461E-001                  4.9689537397773318E+000                 -7.2927205995412967E+000                  5.9203428965110731E+000                  7.1799999901911038E-001                  2.6800000098088972E-001                  1.3999999999999901E-002                  7.8659275055015168E-027                  0.0000000000000000E+000                  0.0000000000000000E+000                                        0                 -9.8999999999999986E+001                 -9.9000000000000000E+001                 -9.9000000000000000E+001 
                                     150                  9.8592136882107742E+000                  8.5997173410467187E-001                  4.9737289337372372E+000                 -7.2775113504197071E+000                  5.9401298474534601E+000                  7.1799999901911038E-001                  2.6800000098088972E-001                  1.3999999999999901E-002                  8.1463401584984622E-027                  0.0000000000000000E+000                  0.0000000000000000E+000                                        0                 -9.8999999999999986E+001                 -9.9000000000000000E+001                 -9.9000000000000000E+001 
                                     151                  9.8592136750476218E+000                  8.5983777529127992E-001                  4.9778937693316561E+000                 -7.2642416795361635E+000                  5.9573913607673532E+000                  7.1799999901911038E-001                  2.6800000098088972E-001                  1.3999999999999901E-002                  8.3991470333893499E-027                  0.0000000000000000E+000                  0.0000000000000000E+000                                        0                 -9.8999999999999986E+001                 -9.9000000000000000E+001                 -9.9000000000000000E+001 
                                     152                  9.8592136662269674E+000                  8.5975064398025602E-001                  4.9816905581644573E+000                 -7.2523017891891319E+000                  5.9730062232564958E+000                  7.1799999901911038E-001                  2.6800000098088972E-001                  1.3999999999999901E-002                  8.6333189923213794E-027                  0.0000000000000000E+000                  0.0000000000000000E+000                                        0                 -9.8999999999999986E+001                 -9.9000000000000000E+001                 -9.9000000000000000E+001 
                                     153                  9.8592136544106168E+000                  8.5963700744906646E-001                  4.9865514166459031E+000                 -7.2371147956175896E+000                  5.9929208096666038E+000                  7.1799999901911038E-001                  2.6800000098088966E-001                  1.4000000000000012E-002                  8.9406333942025166E-027                  0.0000000000000000E+000                  0.0000000000000000E+000                                        0                 -9.8999999999999986E+001                 -9.9000000000000000E+001                 -9.9000000000000000E+001 
                                     154                  9.8592136388361720E+000                  8.5949224770025767E-001                  4.9919855326963303E+000                 -7.2202074527365312E+000                  6.0151295466049888E+000                  7.1799999901911038E-001                  2.6800000098088972E-001                  1.3999999999999901E-002                  9.2956466215846466E-027                  0.0000000000000000E+000                  0.0000000000000000E+000                                        0                 -9.8999999999999986E+001                 -9.9000000000000000E+001                 -9.9000000000000000E+001 
                                     155                  9.8592136223885714E+000                  8.5934506105598096E-001                  4.9964453697259978E+000                 -7.2063488790667414E+000                  6.0333431644924707E+000                  7.1799999901911038E-001                  2.6800000098088972E-001                  1.3999999999999901E-002                  9.5971326054392297E-027                  0.0000000000000000E+000                  0.0000000000000000E+000                                        0                 -9.8999999999999986E+001                 -9.9000000000000000E+001                 -9.9000000000000000E+001 
                                     156                  9.8592136113617617E+000                  8.5924940303919950E-001                  4.9998069785813142E+000                 -7.1959994550957802E+000                  6.0469971410675889E+000                  7.1799999901911038E-001                  2.6800000098088972E-001                  1.3999999999999901E-002                  9.8286400603351429E-027                  0.0000000000000000E+000                  0.0000000000000000E+000                                        0                 -9.8999999999999986E+001                 -9.9000000000000000E+001                 -9.9000000000000000E+001 
                                     157                  9.8592136010419775E+000                  8.5916193138205454E-001                  5.0037050022262699E+000                 -7.1841047043795676E+000                  6.0627478410755664E+000                  7.1799999901911038E-001                  2.6800000098088972E-001                  1.3999999999999901E-002                  1.0101621803877460E-026                  0.0000000000000000E+000                  0.0000000000000000E+000                                        0                 -9.8999999999999986E+001                 -9.9000000000000000E+001                 -9.9000000000000000E+001 
                                     158                  9.8592135859094263E+000                  8.5903703992249125E-001                  5.0079865164876312E+000                 -7.1710347653637063E+000                  6.0800520437443675E+000                  7.1799999901911038E-001                  2.6800000098088972E-001                  1.3999999999999901E-002                  1.0410325343977410E-026                  0.0000000000000000E+000                  0.0000000000000000E+000                                        0                 -9.8999999999999986E+001                 -9.9000000000000000E+001                 -9.9000000000000000E+001 
                                     159                  9.8592135720276737E+000                  8.5892577732580944E-001                  5.0119899584373613E+000                 -7.1588850687732455E+000                  6.0961772020777598E+000                  7.1799999901911027E-001                  2.6800000098088972E-001                  1.4000000000000012E-002                  1.0705749370617257E-026                  0.0000000000000000E+000                  0.0000000000000000E+000                                        0                 -9.8999999999999986E+001                 -9.9000000000000000E+001                 -9.9000000000000000E+001 
                                     160                  9.8592135578402029E+000                  8.5881511671707056E-001                  5.0149430026290363E+000                 -7.1499090366733098E+000                  6.1080824923068890E+000                  7.1799999901911027E-001                  2.6800000098088972E-001                  1.4000000000000012E-002                  1.0929376881337767E-026                  0.0000000000000000E+000                  0.0000000000000000E+000                                        0                 -9.8999999999999986E+001                 -9.9000000000000000E+001                 -9.9000000000000000E+001 
                                     161                  9.8592135506466914E+000                  8.5876012447700500E-001                  5.0178683930381380E+000                 -7.1411380461872493E+000                  6.1197826628603247E+000                  7.1799999901911027E-001                  2.6800000098088972E-001                  1.4000000000000012E-002                  1.1152408303757856E-026                  0.0000000000000000E+000                  0.0000000000000000E+000                                        0                 -9.8999999999999986E+001                 -9.9000000000000000E+001                 -9.9000000000000000E+001 
                                     162                  9.8592135362596700E+000                  8.5865227832199165E-001                  5.0207077384676726E+000                 -7.1325626025610545E+000                  6.1311870500415351E+000                  7.1799999901911038E-001                  2.6800000098088966E-001                  1.4000000000000012E-002                  1.1374867456230164E-026                  0.0000000000000000E+000                  0.0000000000000000E+000                                        0                 -9.8999999999999986E+001                 -9.9000000000000000E+001                 -9.9000000000000000E+001 
                                     163                  9.8592135290661602E+000                  8.5859938018818893E-001                  5.0226002065842783E+000                 -7.1268922148193719E+000                  6.1387532095848387E+000                  7.1799999901911038E-001                  2.6800000098088972E-001                  1.3999999999999901E-002                  1.1524397402903349E-026                  0.0000000000000000E+000                  0.0000000000000000E+000                                        0                 -9.8999999999999986E+001                 -9.9000000000000000E+001                 -9.9000000000000000E+001 
                                     164                  9.8592135216334409E+000                  8.5854541209488255E-001                  5.0254369618918231E+000                 -7.1184556608812262E+000                  6.1500457550467313E+000                  7.1799999901911038E-001                  2.6800000098088966E-001                  1.4000000000000012E-002                  1.1750518206732707E-026                  0.0000000000000000E+000                  0.0000000000000000E+000                                        0                 -9.8999999999999986E+001                 -9.9000000000000000E+001                 -9.9000000000000000E+001 
                                     165                  9.8592135067680040E+000                  8.5843949395659336E-001                  5.0289848648323314E+000                 -7.1078804648477290E+000                  6.1641875767403018E+000                  7.1799999901911038E-001                  2.6800000098088972E-001                  1.3999999999999901E-002                  1.2040237515366256E-026                  0.0000000000000000E+000                  0.0000000000000000E+000                                        0                 -9.8999999999999986E+001                 -9.9000000000000000E+001                 -9.9000000000000000E+001 
                                     166                  9.8592134929069264E+000                  8.5834304046147902E-001                  5.0323629756030863E+000                 -7.0978615756531056E+000                  6.1776137492757996E+000                  7.1799999901911027E-001                  2.6800000098088972E-001                  1.4000000000000012E-002                  1.2321303761362438E-026                  0.0000000000000000E+000                  0.0000000000000000E+000                                        0                 -9.8999999999999986E+001                 -9.9000000000000000E+001                 -9.9000000000000000E+001 
                                     167                  9.8592134786408305E+000                  8.5824596765977168E-001                  5.0360284307801475E+000                 -7.0870527707160278E+000                  6.1921337371706882E+000                  7.1799999901911038E-001                  2.6800000098088972E-001                  1.3999999999999901E-002                  1.2631893059542280E-026                  0.0000000000000000E+000                  0.0000000000000000E+000                                        0                 -9.8999999999999986E+001                 -9.9000000000000000E+001                 -9.9000000000000000E+001 
                                     168                  9.8592134615215148E+000                  8.5813226092935968E-001                  5.0399240351985872E+000                 -7.0756007821035007E+000                  6.2075379409766045E+000                  7.1799999901911038E-001                  2.6800000098088972E-001                  1.3999999999999901E-002                  1.2969511452570798E-026                  0.0000000000000000E+000                  0.0000000000000000E+000                                        0                 -9.8999999999999986E+001                 -9.9000000000000000E+001                 -9.9000000000000000E+001 
                                     169                  9.8592134442129211E+000                  8.5802020155241965E-001                  5.0437625704636391E+000                 -7.0643754210851322E+000                  6.2226709138531016E+000                  7.1799999901911038E-001                  2.6800000098088972E-001                  1.3999999999999901E-002                  1.3309205899580717E-026                  0.0000000000000000E+000                  0.0000000000000000E+000                                        0                 -9.8999999999999986E+001                 -9.9000000000000000E+001                 -9.9000000000000000E+001 
                                     170                  9.8592134265257734E+000                  8.5790852693101438E-001                  5.0475014093610602E+000                 -7.0534953143504397E+000                  6.2373692792015829E+000                  7.1799999901911038E-001                  2.6800000098088972E-001                  1.3999999999999901E-002                  1.3646942389117988E-026                  0.0000000000000000E+000                  0.0000000000000000E+000                                        0                 -9.8999999999999986E+001                 -9.9000000000000000E+001                 -9.9000000000000000E+001 
                                     171                  9.8592134090708203E+000                  8.5780096364076808E-001                  5.0502100729646813E+000                 -7.0456152034096897E+000                  6.2480160711189576E+000                  7.1799999901911038E-001                  2.6800000098088972E-001                  1.3999999999999901E-002                  1.3896893975950492E-026                  0.0000000000000000E+000                  0.0000000000000000E+000                                        0                 -9.8999999999999986E+001                 -9.9000000000000000E+001                 -9.9000000000000000E+001 
                                     172                  9.8592134003433447E+000                  8.5774811977386090E-001                  5.0529045945888811E+000                 -7.0378806319985268E+000                  6.2585265200858284E+000                  7.1799999901911038E-001                  2.6800000098088972E-001                  1.3999999999999901E-002                  1.4146681264400142E-026                  0.0000000000000000E+000                  0.0000000000000000E+000                                        0                 -9.8999999999999986E+001                 -9.9000000000000000E+001                 -9.9000000000000000E+001 
                                     173                  9.8592133825992700E+000                  8.5764252014827747E-001                  5.0555589233115805E+000                 -7.0302237587275824E+000                  6.2689093311505060E+000                  7.1799999901911038E-001                  2.6800000098088972E-001                  1.3999999999999901E-002                  1.4398382019618157E-026                  0.0000000000000000E+000                  0.0000000000000000E+000                                        0                 -9.8999999999999986E+001                 -9.9000000000000000E+001                 -9.9000000000000000E+001 
                                     174                  9.8592133735826710E+000                  8.5758976893777983E-001                  5.0581997810388364E+000                 -7.0227047486052703E+000                  6.2791628984301493E+000                  7.1799999901911038E-001                  2.6800000098088972E-001                  1.3999999999999901E-002                  1.4649909142829359E-026                  0.0000000000000000E+000                  0.0000000000000000E+000                                        0                 -9.8999999999999986E+001                 -9.9000000000000000E+001                 -9.9000000000000000E+001 
                                     175                  9.8592133555494712E+000                  8.5748602131438079E-001                  5.0616307187628022E+000                 -7.0129405060117040E+000                  6.2924808074507315E+000                  7.1799999901911038E-001                  2.6800000098088972E-001                  1.3999999999999901E-002                  1.4983114460687980E-026                  0.0000000000000000E+000                  0.0000000000000000E+000                                        0                 -9.8999999999999986E+001                 -9.9000000000000000E+001                 -9.9000000000000000E+001 
                                     176                  9.8592133375162749E+000                  8.5738450828094215E-001                  5.0658324353836930E+000                 -7.0011090438652825E+000                  6.3086930575635183E+000                  7.1799999901911038E-001                  2.6800000098088972E-001                  1.3999999999999901E-002                  1.5397036730748407E-026                  0.0000000000000000E+000                  0.0000000000000000E+000                                        0                 -9.8999999999999986E+001                 -9.9000000000000000E+001                 -9.9000000000000000E+001 
                                     177                  9.8592133101681423E+000                  8.5723456657677277E-001                  5.0695133602869662E+000                 -6.9907079867593547E+000                  6.3229237969328569E+000                  7.1799999901911038E-001                  2.6800000098088972E-001                  1.3999999999999901E-002                  1.5770352330994628E-026                  0.0000000000000000E+000                  0.0000000000000000E+000                                        0                 -9.8999999999999986E+001                 -9.9000000000000000E+001                 -9.9000000000000000E+001 
                                     178                  9.8592132963181598E+000                  8.5716037081073893E-001                  5.0719393330527094E+000                 -6.9839309436554906E+000                  6.3322426486770915E+000                  7.1799999901911038E-001                  2.6800000098088966E-001                  1.4000000000000012E-002                  1.6018451862706969E-026                  0.0000000000000000E+000                  0.0000000000000000E+000                                        0                 -9.8999999999999986E+001                 -9.9000000000000000E+001                 -9.9000000000000000E+001 
                                     179                  9.8592132824681773E+000                  8.5708728669445833E-001                  5.0743215521583913E+000                 -6.9773042038444801E+000                  6.3413718138673456E+000                  7.1799999901911038E-001                  2.6800000098088966E-001                  1.4000000000000012E-002                  1.6264823345357999E-026                  0.0000000000000000E+000                  0.0000000000000000E+000                                        0                 -9.8999999999999986E+001                 -9.9000000000000000E+001                 -9.9000000000000000E+001 
                                     180                  9.8592132686181966E+000                  8.5701527319650694E-001                  5.0778269931644235E+000                 -6.9676582726593859E+000                  6.3547242487573028E+000                  7.1799999901911027E-001                  2.6800000098088972E-001                  1.4000000000000012E-002                  1.6630232611706814E-026                  0.0000000000000000E+000                  0.0000000000000000E+000                                        0                 -9.8999999999999986E+001                 -9.9000000000000000E+001                 -9.9000000000000000E+001 
                                     181                  9.8592132409182334E+000                  8.5687430620565352E-001                  5.0812224166798945E+000                 -6.9582669311015213E+000                  6.3676949581032494E+000                  7.1799999901911027E-001                  2.6800000098088972E-001                  1.4000000000000012E-002                  1.6993884396405298E-026                  0.0000000000000000E+000                  0.0000000000000000E+000                                        0                 -9.8999999999999986E+001                 -9.9000000000000000E+001                 -9.9000000000000000E+001 
                                     182                  9.8592132270682526E+000                  8.5680528046201732E-001                  5.0834456357027351E+000                 -6.9521836475023404E+000                  6.3761370769169003E+000                  7.1799999901911027E-001                  2.6800000098088972E-001                  1.4000000000000012E-002                  1.7233675052789264E-026                  0.0000000000000000E+000                  0.0000000000000000E+000                                        0                 -9.8999999999999986E+001                 -9.9000000000000000E+001                 -9.9000000000000000E+001 
                                     183                  9.8592132132182702E+000                  8.5673718259703591E-001                  5.0867941211488290E+000                 -6.9431196173107903E+000                  6.3887765825140477E+000                  7.1799999901911038E-001                  2.6800000098088972E-001                  1.3999999999999901E-002                  1.7597252715963001E-026                  0.0000000000000000E+000                  0.0000000000000000E+000                                        0                 -9.8999999999999986E+001                 -9.9000000000000000E+001                 -9.9000000000000000E+001 
                                     184                  9.8592131846029005E+000                  8.5659929391826672E-001                  5.0900784771313816E+000                 -6.9341897860603652E+000                  6.4012046686805562E+000                  7.1799999901911038E-001                  2.6800000098088972E-001                  1.3999999999999901E-002                  1.7962948703196699E-026                  0.0000000000000000E+000                  0.0000000000000000E+000                                        0                 -9.8999999999999986E+001                 -9.9000000000000000E+001                 -9.9000000000000000E+001 
                                     185                  9.8592131702952148E+000                  8.5653170476394469E-001                  5.0922311125879833E+000                 -6.9284002102905875E+000                  6.4093017647116675E+000                  7.1799999901911038E-001                  2.6800000098088972E-001                  1.3999999999999901E-002                  1.8204096098959509E-026                  0.0000000000000000E+000                  0.0000000000000000E+000                                        0                 -9.8999999999999986E+001                 -9.9000000000000000E+001                 -9.9000000000000000E+001 
                                     186                  9.8592131559875309E+000                  8.5646497971389368E-001                  5.0954068932668566E+000                 -6.9199488841075905E+000                  6.4211783978444856E+000                  7.1799999901911038E-001                  2.6800000098088972E-001                  1.3999999999999901E-002                  1.8561935640915776E-026                  0.0000000000000000E+000                  0.0000000000000000E+000                                        0                 -9.8999999999999986E+001                 -9.9000000000000000E+001                 -9.9000000000000000E+001 
                                     187                  9.8592131273721595E+000                  8.5633401204250548E-001                  5.1005055284384477E+000                 -6.9064999944648582E+000                  6.4401550220683568E+000                  7.1799999901911038E-001                  2.6800000098088972E-001                  1.3999999999999901E-002                  1.9145939902255369E-026                  0.0000000000000000E+000                  0.0000000000000000E+000                                        0                 -9.8999999999999986E+001                 -9.9000000000000000E+001                 -9.9000000000000000E+001 
                                     188                  9.8592130850068713E+000                  8.5614581849357685E-001                  5.1049458602447420E+000                 -6.8948004587240526E+000                  6.4566726069602804E+000                  7.1799999901911038E-001                  2.6800000098088972E-001                  1.3999999999999901E-002                  1.9668907283515994E-026                  0.0000000000000000E+000                  0.0000000000000000E+000                                        1                  1.3125076078900525E+001                  1.3125076078900525E+001                 -9.9000000000000000E+001 
                                     189                  9.8592130631250523E+000                  8.5605110697000519E-001                  5.1079050680221219E+000                 -6.8871297605979134E+000                  6.4675841312327744E+000                  7.1799999901911038E-001                  2.6800000098088972E-001                  1.3999999999999901E-002                  2.0019516621021343E-026                  0.0000000000000000E+000                  0.0000000000000000E+000                                        1                  1.3552323559200694E+001                  1.3552323559200694E+001                 -9.9000000000000000E+001 
                                     190                  9.8592130412432351E+000                  8.5595799321025112E-001                  5.1108068675090035E+000                 -6.8796695073992691E+000                  6.4782372335575298E+000                  7.1799999901911038E-001                  2.6800000098088972E-001                  1.3999999999999901E-002                  2.0366502069753233E-026                  0.0000000000000000E+000                  0.0000000000000000E+000                                        1                  1.3783395736433667E+001                  1.3783395736433667E+001                 -9.9000000000000000E+001 
                                     191                  9.8592130193614160E+000                  8.5586640687948645E-001                  5.1150705892488331E+000                 -6.8688854582748888E+000                  6.4937552401646181E+000                  7.1799999901911038E-001                  2.6800000098088972E-001                  1.3999999999999901E-002                  2.0878740695890269E-026                  0.0000000000000000E+000                  0.0000000000000000E+000                                        1                  1.3947459537301409E+001                  1.3947459537301409E+001                 -9.9000000000000000E+001 
                                     192                  9.8592129755977780E+000                  8.5568755964185450E-001                  5.1205604585335545E+000                 -6.8551136907206107E+000                  6.5136513479027309E+000                  7.1799999901911038E-001                  2.6800000098088972E-001                  1.3999999999999901E-002                  2.1551673407358988E-026                  0.0000000000000000E+000                  0.0000000000000000E+000                                        1                  1.4182203019516574E+001                  1.4182203019516574E+001                 -9.9000000000000000E+001 
                                     193                  9.8592129318341417E+000                  8.5551408381932803E-001                  5.1259055704908221E+000                 -6.8419229809486044E+000                  6.5328591327933170E+000                  7.1799999901911038E-001                  2.6800000098088972E-001                  1.3999999999999901E-002                  2.2216544015645675E-026                  0.0000000000000000E+000                  0.0000000000000000E+000                                        1                  1.4351883788241434E+001                  1.4351883788241434E+001                 -9.9000000000000000E+001 
                                     194                  9.8592128873491376E+000                  8.5534282001772510E-001                  5.1298390806656435E+000                 -6.8322962908090394E+000                  6.5469349929943403E+000                  7.1799999901911038E-001                  2.6800000098088972E-001                  1.3999999999999901E-002                  2.2714685945882422E-026                  0.0000000000000000E+000                  0.0000000000000000E+000                                        1                  1.4486381902285743E+001                  1.4486381902285743E+001                 -9.9000000000000000E+001 
                                     195                  9.8592128647459507E+000                  8.5525763178675118E-001                  5.1330710184703694E+000                 -6.8245332702862216E+000                  6.5583899414262099E+000                  7.1799999901911038E-001                  2.6800000098088972E-001                  1.3999999999999901E-002                  2.3124515619041265E-026                  0.0000000000000000E+000                  0.0000000000000000E+000                                        1                  1.4544141499678789E+001                  1.4544141499678789E+001                 -9.9000000000000000E+001 
                                     196                  9.8592128311690370E+000                  8.5513323703194410E-001                  5.1368440263223691E+000                 -6.8155390528813378E+000                  6.5717124441573818E+000                  7.1799999901911038E-001                  2.6800000098088972E-001                  1.3999999999999901E-002                  2.3608600295440190E-026                  0.0000000000000000E+000                  0.0000000000000000E+000                                        1                  1.4619633479984584E+001                  1.4619633479984584E+001                 -9.9000000000000000E+001 
                                     197                  9.8592127975921251E+000                  8.5501128827809059E-001                  5.1405290180810050E+000                 -6.8068514611048228E+000                  6.5846527097592045E+000                  7.1799999901911038E-001                  2.6800000098088972E-001                  1.3999999999999901E-002                  2.4085802827178390E-026                  0.0000000000000000E+000                  0.0000000000000000E+000                                        1                  1.4685484763827761E+001                  1.4685484763827761E+001                 -9.9000000000000000E+001 
                                     198                  9.8592127640152096E+000                  8.5489165495991137E-001                  5.1441307368741809E+000                 -6.7984531834627848E+000                  6.5972321910085459E+000                  7.1799999901911038E-001                  2.6800000098088972E-001                  1.3999999999999901E-002                  2.4556282534999723E-026                  0.0000000000000000E+000                  0.0000000000000000E+000                                        1                  1.4743323460842205E+001                  1.4743323460842205E+001                 -9.9000000000000000E+001 
                                     199                  9.8592127304382959E+000                  8.5477421673486531E-001                  5.1476536842188549E+000                 -6.7903286602470487E+000                  6.6094705829907552E+000                  7.1799999901911038E-001                  2.6800000098088972E-001                  1.3999999999999901E-002                  2.5020171753134903E-026                  0.0000000000000000E+000                  0.0000000000000000E+000                                        1                  1.4794399175297471E+001                  1.4794399175297471E+001                 -9.9000000000000000E+001 
                                     200                  9.8592126968613840E+000                  8.5465886234010979E-001                  5.1511021220676536E+000                 -6.7824638505236532E+000                  6.6213860100931594E+000                  7.1799999901911038E-001                  2.6800000098088972E-001                  1.3999999999999901E-002                  2.5477579516662150E-026                  0.0000000000000000E+000                  0.0000000000000000E+000                                        1                  1.4839634130492650E+001                  1.4839634130492650E+001                 -9.9000000000000000E+001 
                                     201                  9.8592126632844685E+000                  8.5454548861206092E-001                  5.1562694981683626E+000                 -6.7709277376343939E+000                  6.6390575518831865E+000                  7.1799999901911038E-001                  2.6800000098088972E-001                  1.3999999999999901E-002                  2.6163680137880718E-026                  0.0000000000000000E+000                  0.0000000000000000E+000                                        1                  1.4879429892607485E+001                  1.4879429892607485E+001                 -9.9000000000000000E+001 
                                     202                  9.8592125939195441E+000                  8.5431714544871018E-001                  5.1629687014546395E+000                 -6.7561600026864230E+000                  6.6618358398064679E+000                  7.1799999901911038E-001                  2.6800000098088972E-001                  1.3999999999999901E-002                  2.7069016833807410E-026                  0.0000000000000000E+000                  0.0000000000000000E+000                                        1                  1.4948446763295198E+001                  1.4948446763295198E+001                 -9.9000000000000000E+001 
                                     203                  9.8592125245546196E+000                  8.5409609348677151E-001                  5.1678109945981516E+000                 -6.7456279130469277E+000                  6.6782009498891250E+000                  7.1799999901911038E-001                  2.6800000098088972E-001                  1.3999999999999901E-002                  2.7733766363706020E-026                  0.0000000000000000E+000                  0.0000000000000000E+000                                        1                  1.5004388248873832E+001                  1.5004388248873832E+001                 -9.9000000000000000E+001 
                                     204                  9.8592124898721565E+000                  8.5398809295362943E-001                  5.1709731273853414E+000                 -6.7388872791290169E+000                  6.6887885675159922E+000                  7.1799999901911038E-001                  2.6800000098088972E-001                  1.3999999999999901E-002                  2.8167756224470412E-026                  0.0000000000000000E+000                  0.0000000000000000E+000                                        1                  1.5028041670466944E+001                  1.5028041670466944E+001                 -9.9000000000000000E+001 
                                     205                  9.8592124551896916E+000                  8.5388167696341710E-001                  5.1748215938218154E+000                 -6.7308013776247417E+000                  6.7015903556426286E+000                  7.1799999901911038E-001                  2.6800000098088972E-001                  1.3999999999999901E-002                  2.8697330703338433E-026                  0.0000000000000000E+000                  0.0000000000000000E+000                                        1                  1.5048960663758484E+001                  1.5048960663758484E+001                 -9.9000000000000000E+001 
                                     206                  9.8592124037953131E+000                  8.5372675297254097E-001                  5.1792981584114131E+000                 -6.7214868635409193E+000                  6.7164199259110662E+000                  7.1799999901911038E-001                  2.6800000098088972E-001                  1.3999999999999901E-002                  2.9319726261822453E-026                  0.0000000000000000E+000                  0.0000000000000000E+000                                        1                  1.5075988719328267E+001                  1.5075988719328267E+001                 -9.9000000000000000E+001 
                                     207                  9.8592123524009363E+000                  8.5357495560337671E-001                  5.1837280524326728E+000                 -6.7123907086338903E+000                  6.7310117146275434E+000                  7.1799999901911038E-001                  2.6800000098088972E-001                  1.3999999999999901E-002                  2.9940559369658419E-026                  0.0000000000000000E+000                  0.0000000000000000E+000                                        1                  1.5098642961014123E+001                  1.5098642961014123E+001                 -9.9000000000000000E+001 
                                     208                  9.8592122993164608E+000                  8.5342125405141711E-001                  5.1881089533492899E+000                 -6.7034971968590975E+000                  6.7453737564436427E+000                  7.1799999901911038E-001                  2.6800000098088972E-001                  1.3999999999999901E-002                  3.0560272227857973E-026                  0.0000000000000000E+000                  0.0000000000000000E+000                                        1                  1.5117477861421053E+001                  1.5117477861421053E+001                 -9.9000000000000000E+001 
                                     209                  9.8592122462319853E+000                  8.5327050957393347E-001                  5.1923732911810099E+000                 -6.6949295759796144E+000                  6.7592950215843146E+000                  7.1799999901911038E-001                  2.6800000098088972E-001                  1.3999999999999901E-002                  3.1169406576912132E-026                  0.0000000000000000E+000                  0.0000000000000000E+000                                        1                  1.5131837572181594E+001                  1.5131837572181594E+001                 -9.9000000000000000E+001 
                                     210                  9.8592121931475099E+000                  8.5312255723478614E-001                  5.1965251286417269E+000                 -6.6866617179553760E+000                  6.7728019777854671E+000                  7.1799999901911038E-001                  2.6800000098088972E-001                  1.3999999999999901E-002                  3.1768740104855433E-026                  0.0000000000000000E+000                  0.0000000000000000E+000                                        1                  1.5141791949330095E+001                  1.5141791949330095E+001                 -9.9000000000000000E+001 
                                     211                  9.8592121400630344E+000                  8.5297724778070971E-001                  5.2005682128638036E+000                 -6.6786697306277514E+000                  6.7859187762649080E+000                  7.1799999901911038E-001                  2.6800000098088972E-001                  1.3999999999999901E-002                  3.2359029749348435E-026                  0.0000000000000000E+000                  0.0000000000000000E+000                                        1                  1.5147505878085425E+001                  1.5147505878085425E+001                 -9.9000000000000000E+001 
                                     212                  9.8592120869785589E+000                  8.5283444585911317E-001                  5.2045060560441643E+000                 -6.6709318173447913E+000                  6.7986675142865494E+000                  7.1799999901911038E-001                  2.6800000098088972E-001                  1.3999999999999901E-002                  3.2941004307214737E-026                  0.0000000000000000E+000                  0.0000000000000000E+000                                        1                  1.5149375229295147E+001                  1.5149375229295147E+001                 -9.9000000000000000E+001 
                                     213                  9.8592120338940834E+000                  8.5269402844601083E-001                  5.2083420476177302E+000                 -6.6634282658398867E+000                  6.8110684615491301E+000                  7.1799999901911038E-001                  2.6800000098088972E-001                  1.3999999999999901E-002                  3.3515348821927726E-026                  0.0000000000000000E+000                  0.0000000000000000E+000                                        1                  1.5147848120106373E+001                  1.5147848120106373E+001                 -9.9000000000000000E+001 
                                     214                  9.8592119808096079E+000                  8.5255588341745603E-001                  5.2120795299497535E+000                 -6.6561413859068033E+000                  6.8231402562280783E+000                  7.1799999901911038E-001                  2.6800000098088972E-001                  1.3999999999999901E-002                  3.4082693654050608E-026                  0.0000000000000000E+000                  0.0000000000000000E+000                                        1                  1.5143237350683709E+001                  1.5143237350683709E+001                 -9.9000000000000000E+001 
                                     215                  9.8592119277251324E+000                  8.5241990826282510E-001                  5.2157813587751383E+000                 -6.6489419942200998E+000                  6.8350905564374340E+000                  7.1799999901911038E-001                  2.6800000098088972E-001                  1.3999999999999901E-002                  3.4652660004450233E-026                  0.0000000000000000E+000                  0.0000000000000000E+000                                        1                  1.5135725984448630E+001                  1.5135725984448630E+001                 -9.9000000000000000E+001 
                                     216                  9.8592118728972036E+000                  8.5228164530614126E-001                  5.2194452349925440E+000                 -6.6418219843049568E+000                  6.8469210324482503E+000                  7.1799999901911038E-001                  2.6800000098088972E-001                  1.3999999999999901E-002                  3.5225717897429007E-026                  0.0000000000000000E+000                  0.0000000000000000E+000                                        1                  1.5125038913825138E+001                  1.5125038913825138E+001                 -9.9000000000000000E+001 
                                     217                  9.8592118180692747E+000                  8.5214550164030622E-001                  5.2238429622835767E+000                 -6.6333193309518839E+000                  6.8610984354499864E+000                  7.1799999901911038E-001                  2.6800000098088972E-001                  1.3999999999999901E-002                  3.5922490662482097E-026                  0.0000000000000000E+000                  0.0000000000000000E+000                                        1                  1.5111136719069794E+001                  1.5111136719069794E+001                 -9.9000000000000000E+001 
                                     218                  9.8592117376614485E+000                  8.5194948656227532E-001                  5.2288834233727872E+000                 -6.6235117949316207E+000                  6.8774052520600035E+000                  7.1799999901911038E-001                  2.6800000098088972E-001                  1.3999999999999901E-002                  3.6743334174257665E-026                  0.0000000000000000E+000                  0.0000000000000000E+000                                        1                  1.5084125387860764E+001                  1.5084125387860764E+001                 -9.9000000000000000E+001 
                                     219                  9.8592116572536224E+000                  8.5175759149536423E-001                  5.2337404423821328E+000                 -6.6140357585820206E+000                  6.8931491810331043E+000                  7.1799999901911038E-001                  2.6800000098088972E-001                  1.3999999999999901E-002                  3.7554248798252363E-026                  0.0000000000000000E+000                  0.0000000000000000E+000                                        1                  1.5046788919507163E+001                  1.5046788919507163E+001                 -9.9000000000000000E+001 
                                     220                  9.8592115768457962E+000                  8.5156959159558154E-001                  5.2372578078581906E+000                 -6.6070970294784157E+000                  6.9046131135951718E+000                  7.1799999901911038E-001                  2.6800000098088972E-001                  1.3999999999999901E-002                  3.8159363300442076E-026                  0.0000000000000000E+000                  0.0000000000000000E+000                                        1                  1.4994239030299561E+001                  1.4994239030299561E+001                 -9.9000000000000000E+001 
                                     221                  9.8592115366418831E+000                  8.5147699184528425E-001                  5.2395578455314809E+000                 -6.6025811671209231E+000                  6.9120973228997640E+000                  7.1799999901911038E-001                  2.6800000098088972E-001                  1.3999999999999901E-002                  3.8558413063714969E-026                  0.0000000000000000E+000                  0.0000000000000000E+000                                        1                  1.4959167343394865E+001                  1.4959167343394865E+001                 -9.9000000000000000E+001 
                                     222                  9.8592114964379718E+000                  8.5138529161985144E-001                  5.2429422825720424E+000                 -6.5959619962005656E+000                  6.9230963965066410E+000                  7.1799999901911038E-001                  2.6800000098088972E-001                  1.3999999999999901E-002                  3.9150879483064546E-026                  0.0000000000000000E+000                  0.0000000000000000E+000                                        1                  1.4914320484108242E+001                  1.4914320484108242E+001                 -9.9000000000000000E+001 
                                     223                  9.8592114160301456E+000                  8.5120449514760166E-001                  5.2473035552292835E+000                 -6.5873119477949960E+000                  6.9373648317153203E+000                  7.1799999901911038E-001                  2.6800000098088972E-001                  1.3999999999999901E-002                  3.9938871504137002E-026                  0.0000000000000000E+000                  0.0000000000000000E+000                                        1                  1.4779881434141798E+001                  1.4779881434141798E+001                 -9.9000000000000000E+001 
                                     224                  9.8592113356223194E+000                  8.5102704462804002E-001                  5.2515843039249193E+000                 -6.5787569690042238E+000                  6.9514248897528645E+000                  7.1799999901911038E-001                  2.6800000098088972E-001                  1.3999999999999901E-002                  4.0733805161291673E-026                  0.0000000000000000E+000                  0.0000000000000000E+000                                        1                  1.4500611895334279E+001                  1.4500611895334279E+001                 -9.9000000000000000E+001 
                                     225                  9.8592112525771221E+000                  8.5084712665051498E-001                  5.2557830647833459E+000                 -6.5702831935540997E+000                  6.9652828678077725E+000                  7.1799999901911038E-001                  2.6800000098088972E-001                  1.3999999999999901E-002                  4.1536793890647664E-026                  0.0000000000000000E+000                  0.0000000000000000E+000                                        0                 -9.8999999999999986E+001                 -9.9000000000000000E+001                 -9.9000000000000000E+001 
                                     226                  9.8592111695319229E+000                  8.5067046769780874E-001                  5.2598381667798364E+000                 -6.5620155134771680E+000                  6.9787338222442754E+000                  7.1799999901911038E-001                  2.6800000098088972E-001                  1.3999999999999901E-002                  4.2335510686675015E-026                  0.0000000000000000E+000                  0.0000000000000000E+000                                        0                 -9.8999999999999986E+001                 -9.9000000000000000E+001                 -9.9000000000000000E+001 
                                     227                  9.8592110864867237E+000                  8.5049693022566075E-001                  5.2637571799525640E+000                 -6.5539391330676002E+000                  6.9918012181278293E+000                  7.1799999901911038E-001                  2.6800000098088972E-001                  1.3999999999999901E-002                  4.3130577854590723E-026                  0.0000000000000000E+000                  0.0000000000000000E+000                                        0                 -9.8999999999999986E+001                 -9.9000000000000000E+001                 -9.9000000000000000E+001 
                                     228                  9.8592110034415246E+000                  8.5032638757543166E-001                  5.2684628576580517E+000                 -6.5441889861642650E+000                  7.0075372833988672E+000                  7.1799999901911038E-001                  2.6800000098088972E-001                  1.3999999999999901E-002                  4.4110341089288540E-026                  0.0000000000000000E+000                  0.0000000000000000E+000                                        0                 -9.8999999999999986E+001                 -9.9000000000000000E+001                 -9.9000000000000000E+001 
                                     229                  9.8592108800539897E+000                  8.5007826425255306E-001                  5.2724936744816402E+000                 -6.5355763611208513E+000                  7.0212074972073539E+000                  7.1799999901911038E-001                  2.6800000098088972E-001                  1.3999999999999901E-002                  4.4994299779424362E-026                  0.0000000000000000E+000                  0.0000000000000000E+000                                        0                 -9.8999999999999986E+001                 -9.9000000000000000E+001                 -9.9000000000000000E+001 
                                     230                  9.8592108183602232E+000                  8.4995648316030792E-001                  5.2751145251803511E+000                 -6.5299785895287599E+000                  7.0300974900817339E+000                  7.1799999901911038E-001                  2.6800000098088972E-001                  1.3999999999999901E-002                  4.5578306986821565E-026                  0.0000000000000000E+000                  0.0000000000000000E+000                                        0                 -9.8999999999999986E+001                 -9.9000000000000000E+001                 -9.9000000000000000E+001 
                                     231                  9.8592107566664549E+000                  8.4983616110319438E-001                  5.2789502959335488E+000                 -6.5217837063405648E+000                  7.0431145161309292E+000                  7.1799999901911038E-001                  2.6800000098088972E-001                  1.3999999999999901E-002                  4.6446969291021042E-026                  0.0000000000000000E+000                  0.0000000000000000E+000                                        0                 -9.8999999999999986E+001                 -9.9000000000000000E+001                 -9.9000000000000000E+001 
                                     232                  9.8592106332789218E+000                  8.4959972409044604E-001                  5.2838464153358222E+000                 -6.5110615467534272E+000                  7.0599208782525684E+000                  7.1799999901911038E-001                  2.6800000098088972E-001                  1.3999999999999901E-002                  4.7608581248951598E-026                  0.0000000000000000E+000                  0.0000000000000000E+000                                        0                 -9.8999999999999986E+001                 -9.9000000000000000E+001                 -9.9000000000000000E+001 
                                     233                  9.8592105098913869E+000                  8.4936868017937384E-001                  5.2886097600047419E+000                 -6.5004630227217737E+000                  7.0763954293588132E+000                  7.1799999901911038E-001                  2.6800000098088972E-001                  1.3999999999999901E-002                  4.8785354571518386E-026                  0.0000000000000000E+000                  0.0000000000000000E+000                                        0                 -9.8999999999999986E+001                 -9.9000000000000000E+001                 -9.9000000000000000E+001 
                                     234                  9.8592103824622619E+000                  8.4913544726578349E-001                  5.2932424271220935E+000                 -6.4899706261785255E+000                  7.0925529161423828E+000                  7.1799999901911038E-001                  2.6800000098088972E-001                  1.3999999999999901E-002                  4.9979001560808480E-026                  0.0000000000000000E+000                  0.0000000000000000E+000                                        0                 -9.8999999999999986E+001                 -9.9000000000000000E+001                 -9.9000000000000000E+001 
                                     235                  9.8592102550331351E+000                  8.4890741865814656E-001                  5.2976804217910596E+000                 -6.4797374701354711E+000                  7.1081629493401852E+000                  7.1799999901911038E-001                  2.6800000098088972E-001                  1.3999999999999901E-002                  5.1171290626499616E-026                  0.0000000000000000E+000                  0.0000000000000000E+000                                        0                 -9.8999999999999986E+001                 -9.9000000000000000E+001                 -9.9000000000000000E+001 
                                     236                  9.8592101276040101E+000                  8.4868435294414812E-001                  5.3019347780982136E+000                 -6.4697397424655545E+000                  7.1232617746610458E+000                  7.1799999901911038E-001                  2.6800000098088972E-001                  1.3999999999999901E-002                  5.4432223125379094E-026                  0.0000000000000000E+000                  0.0000000000000000E+000                                        0                 -9.8999999999999986E+001                 -9.9000000000000000E+001                 -9.9000000000000000E+001 
                                     237                  9.8592100001748832E+000                  8.4846603110647012E-001                  5.3060145813422768E+000                 -6.4599535490277145E+000                  7.1378821395469361E+000                  7.1799999901911027E-001                  2.6800000098088972E-001                  1.4000000000000012E-002                  6.6278140598996093E-026                  0.0000000000000000E+000                  0.0000000000000000E+000                                        0                 -9.8999999999999986E+001                 -9.9000000000000000E+001                 -9.9000000000000000E+001 
                                     238                  9.8592098727457564E+000                  8.4825225501454227E-001                  5.3099276371803157E+000                 -6.4503560844135146E+000                  7.1520537293332200E+000                  7.1799999901911027E-001                  2.6800000098088972E-001                  1.4000000000000012E-002                  8.0051679217596894E-026                  0.0000000000000000E+000                  0.0000000000000000E+000                                        0                 -9.8999999999999986E+001                 -9.9000000000000000E+001                 -9.9000000000000000E+001 
                                     239                  9.8592097453166314E+000                  8.4804284548127962E-001                  5.3136833124047520E+000                 -6.4409330090882246E+000                  7.1658035374065436E+000                  7.1799999901911038E-001                  2.6800000098088972E-001                  1.3999999999999901E-002                  9.5956142418304331E-026                  0.0000000000000000E+000                  0.0000000000000000E+000                                        0                 -9.8999999999999986E+001                 -9.9000000000000000E+001                 -9.9000000000000000E+001 
                                     240                  9.8592096178875046E+000                  8.4783763700198389E-001                  5.3181481792453127E+000                 -6.4295428380901347E+000                  7.1822813144537774E+000                  7.1799999901911038E-001                  2.6800000098088972E-001                  1.3999999999999901E-002                  1.1900239822664622E-025                  0.0000000000000000E+000                  0.0000000000000000E+000                                        0                 -9.8999999999999986E+001                 -9.9000000000000000E+001                 -9.9000000000000000E+001 
                                     241                  9.8592094296697059E+000                  8.4754187080437193E-001                  5.3219715779801966E+000                 -6.4193449631385295E+000                  7.1966991405689216E+000                  7.1799999901911038E-001                  2.6800000098088972E-001                  1.3999999999999901E-002                  1.4315977403428540E-025                  0.0000000000000000E+000                  0.0000000000000000E+000                                        0                 -9.8999999999999986E+001                 -9.9000000000000000E+001                 -9.9000000000000000E+001 
                                     242                  9.8592093324826457E+000                  8.4739246542509494E-001                  5.3257574706032234E+000                 -6.4092576289730161E+000                  7.2109690843357157E+000                  7.1799999901911038E-001                  2.6800000098088972E-001                  1.3999999999999901E-002                  1.7182200427209295E-025                  0.0000000000000000E+000                  0.0000000000000000E+000                                        0                 -9.8999999999999986E+001                 -9.9000000000000000E+001                 -9.9000000000000000E+001 
                                     243                  9.8592091381085236E+000                  8.4710006934676207E-001                  5.3293518377785469E+000                 -6.3992387468470717E+000                  7.2248216968188865E+000                  7.1799999901911038E-001                  2.6800000098088972E-001                  1.3999999999999901E-002                  2.0444504291807169E-025                  0.0000000000000000E+000                  0.0000000000000000E+000                                        0                 -9.8999999999999986E+001                 -9.9000000000000000E+001                 -9.9000000000000000E+001 
                                     244                  9.8592090409214634E+000                  8.4695699033412775E-001                  5.3328429914849718E+000                 -6.3895268942196894E+000                  7.2382635101476076E+000                  7.1799999901911038E-001                  2.6800000098088972E-001                  1.3999999999999901E-002                  2.4194024032688632E-025                  0.0000000000000000E+000                  0.0000000000000000E+000                                        0                 -9.8999999999999986E+001                 -9.9000000000000000E+001                 -9.9000000000000000E+001 
                                     245                  9.8592088465473413E+000                  8.4667675105650841E-001                  5.3372716190484910E+000                 -6.3767837718076352E+000                  7.2556060948934320E+000                  7.1799999901911038E-001                  2.6800000098088972E-001                  1.3999999999999901E-002                  2.9967331466917602E-025                  0.0000000000000000E+000                  0.0000000000000000E+000                                        0                 -9.8999999999999986E+001                 -9.9000000000000000E+001                 -9.9000000000000000E+001 
                                     246                  9.8592086521732210E+000                  8.4640409494978075E-001                  5.3414890751933113E+000                 -6.3643543324177880E+000                  7.2723237878426614E+000                  7.1799999901911038E-001                  2.6800000098088972E-001                  1.3999999999999901E-002                  3.6744150073738083E-025                  0.0000000000000000E+000                  0.0000000000000000E+000                                        0                 -9.8999999999999986E+001                 -9.9000000000000000E+001                 -9.9000000000000000E+001 
                                     247                  9.8592084577990988E+000                  8.4613863869573747E-001                  5.3455136766123488E+000                 -6.3522263309770368E+000                  7.2884604174692518E+000                  7.1799999901911038E-001                  2.6800000098088972E-001                  1.3999999999999901E-002                  4.4638426635319652E-025                  0.0000000000000000E+000                  0.0000000000000000E+000                                        0                 -9.8999999999999986E+001                 -9.9000000000000000E+001                 -9.9000000000000000E+001 
                                     248                  9.8592082634249767E+000                  8.4588002526967287E-001                  5.3493615649894597E+000                 -6.3403880755304671E+000                  7.3040553374434838E+000                  7.1799999901911038E-001                  2.6800000098088972E-001                  1.3999999999999901E-002                  5.3770591276645656E-025                  0.0000000000000000E+000                  0.0000000000000000E+000                                        0                 -9.8999999999999986E+001                 -9.9000000000000000E+001                 -9.9000000000000000E+001 
                                     249                  9.8592080690508563E+000                  8.4562792176067747E-001                  5.3521287434341129E+000                 -6.3316559074930980E+000                  7.3154207083627210E+000                  7.1799999901911038E-001                  2.6800000098088972E-001                  1.3999999999999901E-002                  6.1484517282000460E-025                  0.0000000000000000E+000                  0.0000000000000000E+000                                        0                 -9.8999999999999986E+001                 -9.9000000000000000E+001                 -9.9000000000000000E+001 
                                     250                  9.8592079718637944E+000                  8.4550421869051506E-001                  5.3539334361634099E+000                 -6.3259449041809539E+000                  7.3228440578688661E+000                  7.1799999901911038E-001                  2.6800000098088972E-001                  1.3999999999999901E-002                  6.7095531168811023E-025                  0.0000000000000000E+000                  0.0000000000000000E+000                                        0                 -9.8999999999999986E+001                 -9.9000000000000000E+001                 -9.9000000000000000E+001 
                                     251                  9.8592078746767342E+000                  8.4538202794454387E-001                  5.3566401697902180E+000                 -6.3173571430699145E+000                  7.3339931967894749E+000                  7.1799999901911038E-001                  2.6800000098088972E-001                  1.3999999999999901E-002                  7.6474116363055393E-025                  0.0000000000000000E+000                  0.0000000000000000E+000                                        0                 -9.8999999999999986E+001                 -9.9000000000000000E+001                 -9.9000000000000000E+001 
                                     252                  9.8592076739545469E+000                  8.4513429010707997E-001                  5.3609811891325245E+000                 -6.3033281425693719E+000                  7.3520504945026133E+000                  7.1799999901911038E-001                  2.6800000098088972E-001                  1.3999999999999901E-002                  9.4337088446511809E-025                  0.0000000000000000E+000                  0.0000000000000000E+000                                        0                 -9.8999999999999986E+001                 -9.9000000000000000E+001                 -9.9000000000000000E+001 
                                     253                  9.8592073767940178E+000                  8.4477844220977427E-001                  5.3658742872582277E+000                 -6.2870395791583391E+000                  7.3727324138965669E+000                  7.1799999901911038E-001                  2.6800000098088972E-001                  1.3999999999999901E-002                  1.1956431361869456E-024                  0.0000000000000000E+000                  0.0000000000000000E+000                                        0                 -9.8999999999999986E+001                 -9.9000000000000000E+001                 -9.9000000000000000E+001 
                                     254                  9.8592070796334887E+000                  8.4443486449531413E-001                  5.3705046929847606E+000                 -6.2712921121835015E+000                  7.3925351957302876E+000                  7.1799999901911038E-001                  2.6800000098088972E-001                  1.3999999999999901E-002                  1.4962998166971250E-024                  0.0000000000000000E+000                  0.0000000000000000E+000                                        0                 -9.8999999999999986E+001                 -9.9000000000000000E+001                 -9.9000000000000000E+001 
                                     255                  9.8592067824729615E+000                  8.4410274752453562E-001                  5.3748986599876725E+000                 -6.2560554688706302E+000                  7.4115310292041947E+000                  7.1799999901911027E-001                  2.6800000098088972E-001                  1.4000000000000012E-002                  1.8512998884800531E-024                  0.0000000000000000E+000                  0.0000000000000000E+000                                        0                 -9.8999999999999986E+001                 -9.9000000000000000E+001                 -9.9000000000000000E+001 
                                     256                  9.8592064853124342E+000                  8.4378135579712210E-001                  5.3790788130458802E+000                 -6.2413014885112768E+000                  7.4297835308505604E+000                  7.1799999901911038E-001                  2.6800000098088972E-001                  1.3999999999999901E-002                  2.2669623885431758E-024                  0.0000000000000000E+000                  0.0000000000000000E+000                                        0                 -9.8999999999999986E+001                 -9.9000000000000000E+001                 -9.9000000000000000E+001 
                                     257                  9.8592061881519051E+000                  8.4347001946036948E-001                  5.3830648049934195E+000                 -6.2270040663248691E+000                  7.4473490535252473E+000                  7.1799999901911038E-001                  2.6800000098088972E-001                  1.3999999999999901E-002                  2.7499707152307227E-024                  0.0000000000000000E+000                  0.0000000000000000E+000                                        0                 -9.8999999999999986E+001                 -9.9000000000000000E+001                 -9.9000000000000000E+001 
                                     258                  9.8592058909913778E+000                  8.4316812702068411E-001                  5.3868738279746911E+000                 -6.2131390438195648E+000                  7.4642777543314915E+000                  7.1799999901911038E-001                  2.6800000098088972E-001                  1.3999999999999901E-002                  3.3073785014594054E-024                  0.0000000000000000E+000                  0.0000000000000000E+000                                        0                 -9.8999999999999986E+001                 -9.9000000000000000E+001                 -9.9000000000000000E+001 
                                     259                  9.8592055938308487E+000                  8.4287511895872358E-001                  5.3905801863869698E+000                 -6.1994711895100663E+000                  7.4808757835221140E+000                  7.1799999901911038E-001                  2.6800000098088972E-001                  1.3999999999999901E-002                  3.9578842052175882E-024                  0.0000000000000000E+000                  0.0000000000000000E+000                                        0                 -9.8999999999999986E+001                 -9.9000000000000000E+001                 -9.9000000000000000E+001 
                                     260                  9.8592052869811475E+000                  8.4258133607781627E-001                  5.3941880911111975E+000                 -6.1859918053231358E+000                  7.4971576466694865E+000                  7.1799999901911038E-001                  2.6800000098088972E-001                  1.3999999999999901E-002                  4.7137157654254088E-024                  0.0000000000000000E+000                  0.0000000000000000E+000                                        0                 -9.8999999999999986E+001                 -9.9000000000000000E+001                 -9.9000000000000000E+001 
                                     261                  9.8592049801314463E+000                  8.4229596113197769E-001                  5.3976508013905287E+000                 -6.1729057247991230E+000                  7.5128916534916614E+000                  7.1799999901911038E-001                  2.6800000098088972E-001                  1.3999999999999901E-002                  5.5742943101226393E-024                  0.0000000000000000E+000                  0.0000000000000000E+000                                        0                 -9.8999999999999986E+001                 -9.9000000000000000E+001                 -9.9000000000000000E+001 
                                     262                  9.8592046732817451E+000                  8.4201851799100458E-001                  5.4017682929488195E+000                 -6.1572676593068163E+000                  7.5316597122244806E+000                  7.1799999901911027E-001                  2.6800000098088972E-001                  1.4000000000000012E-002                  6.8022218000043332E-024                  0.0000000000000000E+000                  0.0000000000000000E+000                                        0                 -9.8999999999999986E+001                 -9.9000000000000000E+001                 -9.9000000000000000E+001 
                                     263                  9.8592042203528809E+000                  8.4162255895875704E-001                  5.4064173248114269E+000                 -6.1392622573100883E+000                  7.5531014949747615E+000                  7.1799999901911038E-001                  2.6800000098088972E-001                  1.3999999999999901E-002                  8.5181065341361211E-024                  0.0000000000000000E+000                  0.0000000000000000E+000                                        0                 -9.8999999999999986E+001                 -9.9000000000000000E+001                 -9.9000000000000000E+001 
                                     264                  9.8592037674240167E+000                  8.4124165968053422E-001                  5.4108297762885949E+000                 -6.1219671866527507E+000                  7.5736044231869899E+000                  7.1799999901911038E-001                  2.6800000098088966E-001                  1.4000000000000012E-002                  1.0543804129019011E-023                  0.0000000000000000E+000                  0.0000000000000000E+000                                        0                 -9.8999999999999986E+001                 -9.9000000000000000E+001                 -9.9000000000000000E+001 
                                     265                  9.8592033144951507E+000                  8.4087468432492851E-001                  5.4150291420613481E+000                 -6.1053328563366271E+000                  7.5932477019569475E+000                  7.1799999901911038E-001                  2.6800000098088966E-001                  1.4000000000000012E-002                  1.2915341896458794E-023                  0.0000000000000000E+000                  0.0000000000000000E+000                                        0                 -9.8999999999999986E+001                 -9.9000000000000000E+001                 -9.9000000000000000E+001 
                                     266                  9.8592028615662866E+000                  8.4052061839422287E-001                  5.4190355235557961E+000                 -6.0893140704773261E+000                  7.6121008946383135E+000                  7.1799999901911038E-001                  2.6800000098088966E-001                  1.4000000000000012E-002                  1.5670817633098047E-023                  0.0000000000000000E+000                  0.0000000000000000E+000                                        0                 -9.8999999999999986E+001                 -9.9000000000000000E+001                 -9.9000000000000000E+001 
                                     267                  9.8592024086374224E+000                  8.4017855267045238E-001                  5.4229283023232462E+000                 -6.0736262926227704E+000                  7.6305142269529798E+000                  7.1799999901911038E-001                  2.6800000098088972E-001                  1.3999999999999901E-002                  1.8906518003358450E-023                  0.0000000000000000E+000                  0.0000000000000000E+000                                        0                 -9.8999999999999986E+001                 -9.9000000000000000E+001                 -9.9000000000000000E+001 
                                     268                  9.8592019409663809E+000                  8.3983707872629443E-001                  5.4267127017071211E+000                 -6.0582505327225773E+000                  7.6485109828382241E+000                  7.1799999901911038E-001                  2.6800000098088972E-001                  1.3999999999999901E-002                  2.2687728783072929E-023                  0.0000000000000000E+000                  0.0000000000000000E+000                                        0                 -9.8999999999999986E+001                 -9.9000000000000000E+001                 -9.9000000000000000E+001 
                                     269                  9.8592014732953412E+000                  8.3950671711874503E-001                  5.4303405584715696E+000                 -6.0434089013809453E+000                  7.6658431724428331E+000                  7.1799999901911038E-001                  2.6800000098088972E-001                  1.3999999999999901E-002                  2.7015724204060684E-023                  0.0000000000000000E+000                  0.0000000000000000E+000                                        0                 -9.8999999999999986E+001                 -9.9000000000000000E+001                 -9.9000000000000000E+001 
                                     270                  9.8592010056243016E+000                  8.3918673665880583E-001                  5.4338245648755166E+000                 -6.0290672430649330E+000                  7.6825583753039366E+000                  7.1799999901911038E-001                  2.6800000098088966E-001                  1.4000000000000012E-002                  3.1941718018068780E-023                  0.0000000000000000E+000                  0.0000000000000000E+000                                        0                 -9.8999999999999986E+001                 -9.9000000000000000E+001                 -9.9000000000000000E+001 
                                     271                  9.8592005379532601E+000                  8.3887647567342660E-001                  5.4379943897615650E+000                 -6.0119059413300544E+000                  7.7025707855510985E+000                  7.1799999901911038E-001                  2.6800000098088972E-001                  1.3999999999999901E-002                  3.9012375835257424E-023                  0.0000000000000000E+000                  0.0000000000000000E+000                                        0                 -9.8999999999999986E+001                 -9.9000000000000000E+001                 -9.9000000000000000E+001 
                                     272                  9.8591998407136376E+000                  8.3843067424930218E-001                  5.4427227746798348E+000                 -5.9921827107051238E+000                  7.7254655692169942E+000                  7.1799999901911038E-001                  2.6800000098088972E-001                  1.3999999999999901E-002                  4.8939870866294636E-023                  0.0000000000000000E+000                  0.0000000000000000E+000                                        0                 -9.8999999999999986E+001                 -9.9000000000000000E+001                 -9.9000000000000000E+001 
                                     273                  9.8591991434740169E+000                  8.3800337918177392E-001                  5.4472117112903522E+000                 -5.9733432579986987E+000                  7.7472972426781075E+000                  7.1799999901911038E-001                  2.6800000098088972E-001                  1.3999999999999901E-002                  6.0670533291631822E-023                  0.0000000000000000E+000                  0.0000000000000000E+000                                        0                 -9.8999999999999986E+001                 -9.9000000000000000E+001                 -9.9000000000000000E+001 
                                     274                  9.8591984462343945E+000                  8.3759303819999942E-001                  5.4514851993134181E+000                 -5.9553154071354300E+000                  7.7681606288375011E+000                  7.1799999901911038E-001                  2.6800000098088972E-001                  1.3999999999999901E-002                  7.4414792506177600E-023                  0.0000000000000000E+000                  0.0000000000000000E+000                                        0                 -9.8999999999999986E+001                 -9.9000000000000000E+001                 -9.9000000000000000E+001 
                                     275                  9.8591977489947702E+000                  8.3719828587813416E-001                  5.4556297956920217E+000                 -5.9377642619184430E+000                  7.7884554243044430E+000                  7.1799999901911038E-001                  2.6800000098088972E-001                  1.3999999999999901E-002                  9.0678278876881117E-023                  0.0000000000000000E+000                  0.0000000000000000E+000                                        0                 -9.8999999999999986E+001                 -9.9000000000000000E+001                 -9.9000000000000000E+001 
                                     276                  9.8591970291040276E+000                  8.3680578651411075E-001                  5.4596525288006363E+000                 -5.9206582165231136E+000                  7.8082167205962474E+000                  7.1799999901911038E-001                  2.6800000098088972E-001                  1.3999999999999901E-002                  1.0981924395684601E-022                  0.0000000000000000E+000                  0.0000000000000000E+000                                        0                 -9.8999999999999986E+001                 -9.9000000000000000E+001                 -9.9000000000000000E+001 
                                     277                  9.8591963092132850E+000                  8.3642744047692030E-001                  5.4635037534664992E+000                 -5.9042321984427391E+000                  7.8271823933969742E+000                  7.1799999901911038E-001                  2.6800000098088972E-001                  1.3999999999999901E-002                  1.3187372475518985E-022                  0.0000000000000000E+000                  0.0000000000000000E+000                                        0                 -9.8999999999999986E+001                 -9.9000000000000000E+001                 -9.9000000000000000E+001 
                                     278                  9.8591955893225425E+000                  8.3606220028763067E-001                  5.4671981363277142E+000                 -5.8884362352521382E+000                  7.8454143379978420E+000                  7.1799999901911038E-001                  2.6800000098088972E-001                  1.3999999999999901E-002                  1.5712968430001749E-022                  0.0000000000000000E+000                  0.0000000000000000E+000                                        0                 -9.8999999999999986E+001                 -9.9000000000000000E+001                 -9.9000000000000000E+001 
                                     279                  9.8591948694317981E+000                  8.3570913089708088E-001                  5.4707484814798457E+000                 -5.8732254114995817E+000                  7.8629674863104695E+000                  7.1799999901911038E-001                  2.6800000098088972E-001                  1.3999999999999901E-002                  1.8588935690970050E-022                  0.0000000000000000E+000                  0.0000000000000000E+000                                        0                 -9.8999999999999986E+001                 -9.9000000000000000E+001                 -9.9000000000000000E+001 
                                     280                  9.8591941495410556E+000                  8.3536739432410023E-001                  5.4741660307071403E+000                 -5.8585592312581847E+000                  7.8798908146989222E+000                  7.1799999901911038E-001                  2.6800000098088972E-001                  1.3999999999999901E-002                  2.1846920612623142E-022                  0.0000000000000000E+000                  0.0000000000000000E+000                                        0                 -9.8999999999999986E+001                 -9.9000000000000000E+001                 -9.9000000000000000E+001 
                                     281                  9.8591934296503112E+000                  8.3503623679997985E-001                  5.4782341760641309E+000                 -5.8411722164067550E+000                  7.8999944946860436E+000                  7.1799999901911027E-001                  2.6800000098088972E-001                  1.4000000000000012E-002                  2.6461186369139866E-022                  0.0000000000000000E+000                  0.0000000000000000E+000                                        0                 -9.8999999999999986E+001                 -9.9000000000000000E+001                 -9.9000000000000000E+001 
                                     282                  9.8591923700878592E+000                  8.3456665788181139E-001                  5.4816933411940720E+000                 -5.8261576446488368E+000                  7.9172690200437694E+000                  7.1799999901911038E-001                  2.6800000098088972E-001                  1.3999999999999901E-002                  3.1148226015270588E-022                  0.0000000000000000E+000                  0.0000000000000000E+000                                        0                 -9.8999999999999986E+001                 -9.9000000000000000E+001                 -9.9000000000000000E+001 
                                     283                  9.8591918403066341E+000                  8.3433930023052150E-001                  5.4839403248486276E+000                 -5.8164813060140066E+000                  7.9284381439210279E+000                  7.1799999901911038E-001                  2.6800000098088972E-001                  1.3999999999999901E-002                  3.4616201998617330E-022                  0.0000000000000000E+000                  0.0000000000000000E+000                                        0                 -9.8999999999999986E+001                 -9.9000000000000000E+001                 -9.9000000000000000E+001 
                                     284                  9.8591913105254090E+000                  8.3411660633381501E-001                  5.4872970937712635E+000                 -5.8021359641888477E+000                  7.9450486683126655E+000                  7.1799999901911038E-001                  2.6800000098088972E-001                  1.3999999999999901E-002                  4.0507726594276011E-022                  0.0000000000000000E+000                  0.0000000000000000E+000                                        0                 -9.8999999999999986E+001                 -9.9000000000000000E+001                 -9.9000000000000000E+001 
                                     285                  9.8591902166119496E+000                  8.3367069125394888E-001                  5.4905391387066222E+000                 -5.7880405556627501E+000                  7.9612786399995503E+000                  7.1799999901911038E-001                  2.6800000098088972E-001                  1.3999999999999901E-002                  4.7159246179352745E-022                  0.0000000000000000E+000                  0.0000000000000000E+000                                        0                 -9.8999999999999986E+001                 -9.9000000000000000E+001                 -9.9000000000000000E+001 
                                     286                  9.8591896696552190E+000                  8.3345435950727409E-001                  5.4926486837806960E+000                 -5.7789381756561964E+000                  7.9717918390782980E+000                  7.1799999901911038E-001                  2.6800000098088972E-001                  1.3999999999999901E-002                  5.2046235329683544E-022                  0.0000000000000000E+000                  0.0000000000000000E+000                                        0                 -9.8999999999999986E+001                 -9.9000000000000000E+001                 -9.9000000000000000E+001 
                                     287                  9.8591891226984902E+000                  8.3324220092048706E-001                  5.4957387302612055E+000                 -5.7656967604096865E+000                  7.9871287446022592E+000                  7.1799999901911038E-001                  2.6800000098088972E-001                  1.3999999999999901E-002                  6.0106453177058155E-022                  0.0000000000000000E+000                  0.0000000000000000E+000                                        0                 -9.8999999999999986E+001                 -9.9000000000000000E+001                 -9.9000000000000000E+001 
                                     288                  9.8591880287850309E+000                  8.3282973694811879E-001                  5.4996876381964386E+000                 -5.7486355285180100E+000                  8.0068432488642873E+000                  7.1799999901911038E-001                  2.6800000098088972E-001                  1.3999999999999901E-002                  7.2243010137790340E-022                  0.0000000000000000E+000                  0.0000000000000000E+000                                        0                 -9.8999999999999986E+001                 -9.9000000000000000E+001                 -9.9000000000000000E+001 
                                     289                  9.8591869348715715E+000                  8.3243205120397445E-001                  5.5034754440694851E+000                 -5.7322639125215291E+000                  8.0257692655291635E+000                  7.1799999901911038E-001                  2.6800000098088972E-001                  1.3999999999999901E-002                  8.6145450362685537E-022                  0.0000000000000000E+000                  0.0000000000000000E+000                                        0                 -9.8999999999999986E+001                 -9.9000000000000000E+001                 -9.9000000000000000E+001 
                                     290                  9.8591858409581121E+000                  8.3204804259760046E-001                  5.5071150103519964E+000                 -5.7165289136814943E+000                  8.0439677632403015E+000                  7.1799999901911038E-001                  2.6800000098088972E-001                  1.3999999999999901E-002                  1.0197892758611119E-021                  0.0000000000000000E+000                  0.0000000000000000E+000                                        0                 -9.8999999999999986E+001                 -9.9000000000000000E+001                 -9.9000000000000000E+001 
                                     291                  9.8591847470446545E+000                  8.3167673062902248E-001                  5.5106177354922075E+000                 -5.7013834329446089E+000                  8.0614928926002580E+000                  7.1799999901911038E-001                  2.6800000098088972E-001                  1.3999999999999901E-002                  1.1991612749281229E-021                  0.0000000000000000E+000                  0.0000000000000000E+000                                        0                 -9.8999999999999986E+001                 -9.9000000000000000E+001                 -9.9000000000000000E+001 
                                     292                  9.8591836531311952E+000                  8.3131723825554160E-001                  5.5135483610118561E+000                 -5.6886719188195016E+000                  8.0761928123364441E+000                  7.1799999901911038E-001                  2.6800000098088972E-001                  1.3999999999999901E-002                  1.3730070450180433E-021                  0.0000000000000000E+000                  0.0000000000000000E+000                                        0                 -9.8999999999999986E+001                 -9.9000000000000000E+001                 -9.9000000000000000E+001 
                                     293                  9.8591828488857729E+000                  8.3106001577285504E-001                  5.5159663344493346E+000                 -5.6782187160523669E+000                  8.0882997165559729E+000                  7.1799999901911038E-001                  2.6800000098088972E-001                  1.3999999999999901E-002                  1.5348537094152407E-021                  0.0000000000000000E+000                  0.0000000000000000E+000                                        0                 -9.8999999999999986E+001                 -9.9000000000000000E+001                 -9.9000000000000000E+001 
                                     294                  9.8591820446403506E+000                  8.3080846892507432E-001                  5.5195728363664180E+000                 -5.6627638973422609E+000                  8.1062613358752049E+000                  7.1799999901911038E-001                  2.6800000098088972E-001                  1.3999999999999901E-002                  1.8112402751586651E-021                  0.0000000000000000E+000                  0.0000000000000000E+000                                        0                 -9.8999999999999986E+001                 -9.9000000000000000E+001                 -9.9000000000000000E+001 
                                     295                  9.8591803841181918E+000                  8.3030595156225639E-001                  5.5241987734763782E+000                 -5.6427629952768008E+000                  8.1294490992148170E+000                  7.1799999901911038E-001                  2.6800000098088972E-001                  1.3999999999999901E-002                  2.2394998088023207E-021                  0.0000000000000000E+000                  0.0000000000000000E+000                                        0                 -9.8999999999999986E+001                 -9.9000000000000000E+001                 -9.9000000000000000E+001 
                                     296                  9.8591787235960311E+000                  8.2982441833114307E-001                  5.5286078851510405E+000                 -5.6237095562130577E+000                  8.1515567157415454E+000                  7.1799999901911038E-001                  2.6800000098088972E-001                  1.3999999999999901E-002                  2.7399802708669298E-021                  0.0000000000000000E+000                  0.0000000000000000E+000                                        0                 -9.8999999999999986E+001                 -9.9000000000000000E+001                 -9.9000000000000000E+001 
                                     297                  9.8591770630738704E+000                  8.2936204934730950E-001                  5.5317710742833102E+000                 -5.6099497804798233E+000                  8.1674953815596520E+000                  7.1799999901911038E-001                  2.6800000098088972E-001                  1.3999999999999901E-002                  3.1661587235375928E-021                  0.0000000000000000E+000                  0.0000000000000000E+000                                        0                 -9.8999999999999986E+001                 -9.9000000000000000E+001                 -9.9000000000000000E+001 
                                     298                  9.8591762328127910E+000                  8.2913754261087713E-001                  5.5338314422680215E+000                 -5.6010583976996173E+000                  8.1778262789470748E+000                  7.1799999901911038E-001                  2.6800000098088972E-001                  1.3999999999999901E-002                  3.4776868189850112E-021                  0.0000000000000000E+000                  0.0000000000000000E+000                                        0                 -9.8999999999999986E+001                 -9.9000000000000000E+001                 -9.9000000000000000E+001 
                                     299                  9.8591754025517115E+000                  8.2891724732759731E-001                  5.5368524403180999E+000                 -5.5881162732566105E+000                  8.1929060087788876E+000                  7.1799999901911038E-001                  2.6800000098088972E-001                  1.3999999999999901E-002                  3.9889766276232942E-021                  0.0000000000000000E+000                  0.0000000000000000E+000                                        0                 -9.8999999999999986E+001                 -9.9000000000000000E+001                 -9.9000000000000000E+001 
                                     300                  9.8591737420295509E+000                  8.2848863336262824E-001                  5.5407199395627904E+000                 -5.5714372256481122E+000                  8.2123056066036995E+000                  7.1799999901911038E-001                  2.6800000098088972E-001                  1.3999999999999901E-002                  4.7541281599997180E-021                  0.0000000000000000E+000                  0.0000000000000000E+000                                        0                 -9.8999999999999986E+001                 -9.9000000000000000E+001                 -9.9000000000000000E+001 
                                     301                  9.8591720815073920E+000                  8.2807496652959334E-001                  5.5444356950238536E+000                 -5.5554239667476697E+000                  8.2309449506364789E+000                  7.1799999901911038E-001                  2.6800000098088972E-001                  1.3999999999999901E-002                  5.6247788525072148E-021                  0.0000000000000000E+000                  0.0000000000000000E+000                                        0                 -9.8999999999999986E+001                 -9.9000000000000000E+001                 -9.9000000000000000E+001 
                                     302                  9.8591704209852313E+000                  8.2767515282819393E-001                  5.5488836899113698E+000                 -5.5363817860982882E+000                  8.2531711375710888E+000                  7.1799999901911038E-001                  2.6800000098088972E-001                  1.3999999999999901E-002                  6.8735800842366173E-021                  0.0000000000000000E+000                  0.0000000000000000E+000                                        0                 -9.8999999999999986E+001                 -9.9000000000000000E+001                 -9.9000000000000000E+001 
                                     303                  9.8591679457347503E+000                  8.2710282080800990E-001                  5.5540101050973041E+000                 -5.5143273601086475E+000                  8.2788875854787563E+000                  7.1799999901911038E-001                  2.6800000098088972E-001                  1.3999999999999901E-002                  8.6566497894199333E-021                  0.0000000000000000E+000                  0.0000000000000000E+000                                        0                 -9.8999999999999986E+001                 -9.9000000000000000E+001                 -9.9000000000000000E+001 
                                     304                  9.8591653906048506E+000                  8.2653906427236645E-001                  5.5589472842354093E+000                 -5.4930943859555486E+000                  8.3036655367819812E+000                  7.1799999901911038E-001                  2.6800000098088972E-001                  1.3999999999999901E-002                  1.0802127361346836E-020                  0.0000000000000000E+000                  0.0000000000000000E+000                                        0                 -9.8999999999999986E+001                 -9.9000000000000000E+001                 -9.9000000000000000E+001 
                                     305                  9.8591628354749510E+000                  8.2600015875211241E-001                  5.5624721521239620E+000                 -5.4778282165368228E+000                  8.3214495488527209E+000                  7.1799999901911038E-001                  2.6800000098088972E-001                  1.3999999999999901E-002                  1.2649921923115218E-020                  0.0000000000000000E+000                  0.0000000000000000E+000                                        0                 -9.8999999999999986E+001                 -9.9000000000000000E+001                 -9.9000000000000000E+001 
                                     306                  9.8591615579100012E+000                  8.2573929345099739E-001                  5.5647623931374168E+000                 -5.4679961254289138E+000                  8.3329406594202045E+000                  7.1799999901911038E-001                  2.6800000098088972E-001                  1.3999999999999901E-002                  1.4011298261650456E-020                  0.0000000000000000E+000                  0.0000000000000000E+000                                        0                 -9.8999999999999986E+001                 -9.9000000000000000E+001                 -9.9000000000000000E+001 
                                     307                  9.8591602803450495E+000                  8.2548381236927548E-001                  5.5669986873977093E+000                 -5.4583991621289698E+000                  8.3441615788820513E+000                  7.1799999901911038E-001                  2.6800000098088972E-001                  1.3999999999999901E-002                  1.5479560721812164E-020                  0.0000000000000000E+000                  0.0000000000000000E+000                                        0                 -9.8999999999999986E+001                 -9.9000000000000000E+001                 -9.9000000000000000E+001 
                                     308                  9.8591590027800997E+000                  8.2523347798330193E-001                  5.5691835328606718E+000                 -5.4490263394753891E+000                  8.3551248007769470E+000                  7.1799999901911038E-001                  2.6800000098088972E-001                  1.3999999999999901E-002                  1.7060100684884670E-020                  0.0000000000000000E+000                  0.0000000000000000E+000                                        0                 -9.8999999999999986E+001                 -9.9000000000000000E+001                 -9.9000000000000000E+001 
                                     309                  9.8591577252151499E+000                  8.2498806852111439E-001                  5.5723830575774302E+000                 -5.4354043543719106E+000                  8.3711029833869812E+000                  7.1799999901789979E-001                  2.6800000098210025E-001                  1.4000000000000012E-002                  1.9661024895530333E-020                  0.0000000000000000E+000                  0.0000000000000000E+000                                        0                 -9.8999999999999986E+001                 -9.9000000000000000E+001                 -9.9000000000000000E+001 
                                     310                  9.8591551700852502E+000                  8.2451121767191660E-001                  5.5764703034119920E+000                 -5.4178812318015028E+000                  8.3916198018724550E+000                  7.1799999901439360E-001                  2.6800000098560639E-001                  1.4000000000000012E-002                  2.3565231423261364E-020                  0.0000000000000000E+000                  0.0000000000000000E+000                                        0                 -9.8999999999999986E+001                 -9.9000000000000000E+001                 -9.9000000000000000E+001 
                                     311                  9.8591526149553506E+000                  8.2405174049515417E-001                  5.5803891746561671E+000                 -5.4010914418429250E+000                  8.4112921625708612E+000                  7.1799999901439360E-001                  2.6800000098560639E-001                  1.4000000000000012E-002                  2.8021888242228945E-020                  0.0000000000000000E+000                  0.0000000000000000E+000                                        0                 -9.8999999999999986E+001                 -9.9000000000000000E+001                 -9.9000000000000000E+001 
                                     312                  9.8591500598254491E+000                  8.2360830696154197E-001                  5.5832153029488909E+000                 -5.3889142197447057E+000                  8.4255399989128570E+000                  7.1799999901439360E-001                  2.6800000098560639E-001                  1.4000000000000012E-002                  3.1746983782830870E-020                  0.0000000000000000E+000                  0.0000000000000000E+000                                        0                 -9.8999999999999986E+001                 -9.9000000000000000E+001                 -9.9000000000000000E+001 
                                     313                  9.8591487822605011E+000                  8.2339222888181818E-001                  5.5855132403359233E+000                 -5.3791112174419169E+000                  8.4370503521218279E+000                  7.1799999901439360E-001                  2.6800000098560639E-001                  1.4000000000000012E-002                  3.5124352414164117E-020                  0.0000000000000000E+000                  0.0000000000000000E+000                                        0                 -9.8999999999999986E+001                 -9.9000000000000000E+001                 -9.9000000000000000E+001 
                                     314                  9.8591468767124972E+000                  8.2307655241998334E-001                  5.5896050213880937E+000                 -5.3617709026631761E+000                  8.4574617902845528E+000                  7.1799999901439360E-001                  2.6800000098560639E-001                  1.4000000000000012E-002                  4.2025983933450028E-020                  0.0000000000000000E+000                  0.0000000000000000E+000                                        0                 -9.8999999999999986E+001                 -9.9000000000000000E+001                 -9.9000000000000000E+001 
                                     315                  9.8591429429369679E+000                  8.2244833909115067E-001                  5.5948220164474645E+000                 -5.3394434143742489E+000                  8.4836752835043931E+000                  7.1799999901439360E-001                  2.6800000098560645E-001                  1.4000000000000012E-002                  5.2818169223707008E-020                  0.0000000000000000E+000                  0.0000000000000000E+000                                        0                 -9.8999999999999986E+001                 -9.9000000000000000E+001                 -9.9000000000000000E+001 
                                     316                  9.8591390091614404E+000                  8.2184907133542229E-001                  5.5985353507182269E+000                 -5.3234212750056029E+000                  8.5024477862306984E+000                  7.1799999901439360E-001                  2.6800000098560639E-001                  1.4000000000000012E-002                  6.2140175844173951E-020                  0.0000000000000000E+000                  0.0000000000000000E+000                                        0                 -9.8999999999999986E+001                 -9.9000000000000000E+001                 -9.9000000000000000E+001 
                                     317                  9.8591370422736748E+000                  8.2155940206949152E-001                  5.6009440908158910E+000                 -5.3131166680616113E+000                  8.5145584421800340E+000                  7.1799999901439360E-001                  2.6800000098560639E-001                  1.4000000000000012E-002                  6.9021814524755833E-020                  0.0000000000000000E+000                  0.0000000000000000E+000                                        0                 -9.8999999999999986E+001                 -9.9000000000000000E+001                 -9.9000000000000000E+001 
                                     318                  9.8591350753859111E+000                  8.2127596446084439E-001                  5.6032923249556292E+000                 -5.3030675417484341E+000                  8.5263709050192507E+000                  7.1799999901439360E-001                  2.6800000098560639E-001                  1.4000000000000012E-002                  7.6452597022790420E-020                  0.0000000000000000E+000                  0.0000000000000000E+000                                        0                 -9.8999999999999986E+001                 -9.9000000000000000E+001                 -9.9000000000000000E+001 
                                     319                  9.8591331084981473E+000                  8.2099847292189121E-001                  5.6055828413525131E+000                 -5.2932611511426915E+000                  8.5378996063473895E+000                  7.1799999901439360E-001                  2.6800000098560639E-001                  1.4000000000000012E-002                  8.4459524858924912E-020                  0.0000000000000000E+000                  0.0000000000000000E+000                                        0                 -9.8999999999999986E+001                 -9.9000000000000000E+001                 -9.9000000000000000E+001 
                                     320                  9.8591311416103817E+000                  8.2072666174456965E-001                  5.6089314961300065E+000                 -5.2790237991246602E+000                  8.5546795394919499E+000                  7.1799999901439360E-001                  2.6800000098560639E-001                  1.4000000000000012E-002                  9.7651331660246497E-020                  0.0000000000000000E+000                  0.0000000000000000E+000                                        0                 -9.8999999999999986E+001                 -9.9000000000000000E+001                 -9.9000000000000000E+001 
                                     321                  9.8591272078348524E+000                  8.2019911759416142E-001                  5.6131959379511498E+000                 -5.2607276657325901E+000                  8.5761912894694152E+000                  7.1799999901439360E-001                  2.6800000098560639E-001                  1.4000000000000012E-002                  1.1746833439776549E-019                  0.0000000000000000E+000                  0.0000000000000000E+000                                        0                 -9.8999999999999986E+001                 -9.9000000000000000E+001                 -9.9000000000000000E+001 
                                     322                  9.8591232740593231E+000                  8.1969152485447738E-001                  5.6162571369401135E+000                 -5.2474895290373622E+000                  8.5917246665999212E+000                  7.1799999901439360E-001                  2.6800000098560639E-001                  1.4000000000000012E-002                  1.3412087728179253E-019                  0.0000000000000000E+000                  0.0000000000000000E+000                                        0                 -9.8999999999999986E+001                 -9.9000000000000000E+001                 -9.9000000000000000E+001 
                                     323                  9.8591213071715593E+000                  8.1944470558811999E-001                  5.6182516295807545E+000                 -5.2389207898832941E+000                  8.6018025560362918E+000                  7.1799999901439360E-001                  2.6800000098560639E-001                  1.4000000000000012E-002                  1.4618208206251729E-019                  0.0000000000000000E+000                  0.0000000000000000E+000                                        0                 -9.8999999999999986E+001                 -9.9000000000000000E+001                 -9.9000000000000000E+001 
                                     324                  9.8591193402837938E+000                  8.1920229914542042E-001                  5.6211767532392214E+000                 -5.2264285091421749E+000                  8.6165263086520039E+000                  7.1799999901439360E-001                  2.6800000098560645E-001                  1.4000000000000012E-002                  1.6579966325327891E-019                  0.0000000000000000E+000                  0.0000000000000000E+000                                        0                 -9.8999999999999986E+001                 -9.9000000000000000E+001                 -9.9000000000000000E+001 
                                     325                  9.8591154065082662E+000                  8.1873006902290013E-001                  5.6244862901672397E+000                 -5.2121407373763837E+000                  8.6333161846282369E+000                  7.1799999901439360E-001                  2.6800000098560639E-001                  1.4000000000000012E-002                  1.9120310015108343E-019                  0.0000000000000000E+000                  0.0000000000000000E+000                                        0                 -9.8999999999999986E+001                 -9.9000000000000000E+001                 -9.9000000000000000E+001 
                                     326                  9.8591123931746285E+000                  8.1837904363408986E-001                  5.6272696710005894E+000                 -5.2001532560760220E+000                  8.6474183720617059E+000                  7.1799999901439360E-001                  2.6800000098560639E-001                  1.4000000000000012E-002                  2.1549480879855474E-019                  0.0000000000000000E+000                  0.0000000000000000E+000                                        0                 -9.8999999999999986E+001                 -9.9000000000000000E+001                 -9.9000000000000000E+001 
                                     327                  9.8591093798409926E+000                  8.1803675614757787E-001                  5.6299719081209423E+000                 -5.1885083337645268E+000                  8.6611194562195521E+000                  7.1799999901439360E-001                  2.6800000098560639E-001                  1.4000000000000012E-002                  2.4198366254328571E-019                  0.0000000000000000E+000                  0.0000000000000000E+000                                        0                 -9.8999999999999986E+001                 -9.9000000000000000E+001                 -9.9000000000000000E+001 
                                     328                  9.8591063665073531E+000                  8.1770274531476261E-001                  5.6325976859451483E+000                 -5.1771870420884500E+000                  8.6744417841747019E+000                  7.1799999901439360E-001                  2.6800000098560639E-001                  1.4000000000000012E-002                  2.7079221556094094E-019                  0.0000000000000000E+000                  0.0000000000000000E+000                                        0                 -9.8999999999999986E+001                 -9.9000000000000000E+001                 -9.9000000000000000E+001 
                                     329                  9.8591033531737171E+000                  8.1737658619976250E-001                  5.6351512715357490E+000                 -5.1661719327796520E+000                  8.6874058824475320E+000                  7.1799999901439360E-001                  2.6800000098560639E-001                  1.4000000000000012E-002                  3.0204560342536966E-019                  0.0000000000000000E+000                  0.0000000000000000E+000                                        0                 -9.8999999999999986E+001                 -9.9000000000000000E+001                 -9.9000000000000000E+001 
                                     330                  9.8591003398400794E+000                  8.1705788646417932E-001                  5.6376365648224951E+000                 -5.1554468929316890E+000                  8.7000306497195634E+000                  7.1799999901439360E-001                  2.6800000098560639E-001                  1.4000000000000012E-002                  3.3587147623373317E-019                  0.0000000000000000E+000                  0.0000000000000000E+000                                        0                 -9.8999999999999986E+001                 -9.9000000000000000E+001                 -9.9000000000000000E+001 
                                     331                  9.8590973265064434E+000                  8.1674628311149877E-001                  5.6400571413323499E+000                 -5.1449970167883698E+000                  8.7123335246870592E+000                  7.1799999901439360E-001                  2.6800000098560639E-001                  1.4000000000000012E-002                  3.7239993263003309E-019                  0.0000000000000000E+000                  0.0000000000000000E+000                                        0                 -9.8999999999999986E+001                 -9.9000000000000000E+001                 -9.9000000000000000E+001 
                                     332                  9.8590943131728057E+000                  8.1644143962535298E-001                  5.6424162887202565E+000                 -5.1348084919040735E+000                  8.7243306328084937E+000                  7.1799999901439360E-001                  2.6800000098560639E-001                  1.4000000000000012E-002                  4.1176345453434989E-019                  0.0000000000000000E+000                  0.0000000000000000E+000                                        0                 -9.8999999999999986E+001                 -9.9000000000000000E+001                 -9.9000000000000000E+001 
                                     333                  9.8590912998391680E+000                  8.1614304344646238E-001                  5.6458626678654049E+000                 -5.1200320750261215E+000                  8.7417738165539216E+000                  7.1799999901439360E-001                  2.6800000098560639E-001                  1.4000000000000012E-002                  4.7662364238841176E-019                  0.0000000000000000E+000                  0.0000000000000000E+000                                        0                 -9.8999999999999986E+001                 -9.9000000000000000E+001                 -9.9000000000000000E+001 
                                     334                  9.8590852731718943E+000                  8.1556446522023562E-001                  5.6502462557108908E+000                 -5.1010702659529858E+000                  8.7641080557575890E+000                  7.1799999901439360E-001                  2.6800000098560639E-001                  1.4000000000000012E-002                  5.7405257065108754E-019                  0.0000000000000000E+000                  0.0000000000000000E+000                                        0                 -9.8999999999999986E+001                 -9.9000000000000000E+001                 -9.9000000000000000E+001 
                                     335                  9.8590792465046206E+000                  8.1500843010586510E-001                  5.6544320656876046E+000                 -5.0829505861514930E+000                  8.7854560968903552E+000                  7.1799999901439360E-001                  2.6800000098560639E-001                  1.4000000000000012E-002                  6.8532075921518643E-019                  0.0000000000000000E+000                  0.0000000000000000E+000                                        0                 -9.8999999999999986E+001                 -9.9000000000000000E+001                 -9.9000000000000000E+001 
                                     336                  9.8590732198373487E+000                  8.1447310254594762E-001                  5.6574394612197878E+000                 -5.0698360288308644E+000                  8.8008800341207110E+000                  7.1799999901439360E-001                  2.6800000098560639E-001                  1.4000000000000012E-002                  7.7830358592682650E-019                  0.0000000000000000E+000                  0.0000000000000000E+000                                        0                 -9.8999999999999986E+001                 -9.9000000000000000E+001                 -9.9000000000000000E+001 
                                     337                  9.8590702065037110E+000                  8.1421268583182382E-001                  5.6593997824538169E+000                 -5.0613436197547568E+000                  8.8108902093132908E+000                  7.1799999901439360E-001                  2.6800000098560639E-001                  1.4000000000000012E-002                  8.4538642567222078E-019                  0.0000000000000000E+000                  0.0000000000000000E+000                                        0                 -9.8999999999999986E+001                 -9.9000000000000000E+001                 -9.9000000000000000E+001 
                                     338                  9.8590671931700751E+000                  8.1395685621683611E-001                  5.6618292939951971E+000                 -5.0508503608575914E+000                  8.8232729082159320E+000                  7.1799999901439360E-001                  2.6800000098560639E-001                  1.4000000000000012E-002                  9.3640513272358005E-019                  0.0000000000000000E+000                  0.0000000000000000E+000                                        0                 -9.8999999999999986E+001                 -9.9000000000000000E+001                 -9.9000000000000000E+001 
                                     339                  9.8590625746647458E+000                  8.1357326305955102E-001                  5.6646808588122397E+000                 -5.0384835341803926E+000                  8.8378531449707847E+000                  7.1799999901439360E-001                  2.6800000098560639E-001                  1.4000000000000012E-002                  1.0557309806676980E-018                  0.0000000000000000E+000                  0.0000000000000000E+000                                        0                 -9.8999999999999986E+001                 -9.9000000000000000E+001                 -9.9000000000000000E+001 
                                     340                  9.8590579561594183E+000                  8.1319946234955109E-001                  5.6674472980506838E+000                 -5.0264798436620675E+000                  8.8520076080323751E+000                  7.1799999901439360E-001                  2.6800000098560639E-001                  1.4000000000000012E-002                  1.1857875862295703E-018                  0.0000000000000000E+000                  0.0000000000000000E+000                                        0                 -9.8999999999999986E+001                 -9.9000000000000000E+001                 -9.9000000000000000E+001 
                                     341                  9.8590533376540908E+000                  8.1283492339240526E-001                  5.6701336000905513E+000                 -5.0148185754723915E+000                  8.8657606470633201E+000                  7.1799999901439360E-001                  2.6800000098560639E-001                  1.4000000000000012E-002                  1.3271578454851582E-018                  0.0000000000000000E+000                  0.0000000000000000E+000                                        0                 -9.8999999999999986E+001                 -9.9000000000000000E+001                 -9.9000000000000000E+001 
                                     342                  9.8590487191487632E+000                  8.1247915845811713E-001                  5.6740436005095169E+000                 -4.9979835666898556E+000                  8.8856702046594602E+000                  7.1799999901439360E-001                  2.6800000098560639E-001                  1.4000000000000012E-002                  1.5625679642726276E-018                  0.0000000000000000E+000                  0.0000000000000000E+000                                        0                 -9.8999999999999986E+001                 -9.9000000000000000E+001                 -9.9000000000000000E+001 
                                     343                  9.8590394821381064E+000                  8.1179221357430265E-001                  5.6789865374967956E+000                 -4.9764916598160509E+000                  8.9110268027189612E+000                  7.1799999901439360E-001                  2.6800000098560639E-001                  1.4000000000000012E-002                  1.9206868507080424E-018                  0.0000000000000000E+000                  0.0000000000000000E+000                                        0                 -9.8999999999999986E+001                 -9.9000000000000000E+001                 -9.9000000000000000E+001 
                                     344                  9.8590302451274514E+000                  8.1113539463490658E-001                  5.6825122975913835E+000                 -4.9610387868601116E+000                  8.9292251339353914E+000                  7.1799999901398959E-001                  2.6800000098601040E-001                  1.4000000000000012E-002                  2.2250405574903308E-018                  0.0000000000000000E+000                  0.0000000000000000E+000                                        0                 -9.8999999999999986E+001                 -9.9000000000000000E+001                 -9.9000000000000000E+001 
                                     345                  9.8590256266221239E+000                  8.1081739596008240E-001                  5.6848022930390050E+000                 -4.9510828847699377E+000                  8.9409809701796181E+000                  7.1799999901243738E-001                  2.6800000098756260E-001                  1.4000000000000012E-002                  2.4472300148751591E-018                  0.0000000000000000E+000                  0.0000000000000000E+000                                        0                 -9.8999999999999986E+001                 -9.9000000000000000E+001                 -9.9000000000000000E+001 
                                     346                  9.8590210081167964E+000                  8.1050592783266628E-001                  5.6870376898357575E+000                 -4.9413642697467264E+000                  8.9524594051895043E+000                  7.1799999901243738E-001                  2.6800000098756260E-001                  1.4000000000000012E-002                  2.6851618770644452E-018                  0.0000000000000000E+000                  0.0000000000000000E+000                                        0                 -9.8999999999999986E+001                 -9.9000000000000000E+001                 -9.9000000000000000E+001 
                                     347                  9.8590163896114689E+000                  8.1020070287668866E-001                  5.6892211513203206E+000                 -4.9318720389472297E+000                  8.9636733333680922E+000                  7.1799999901243738E-001                  2.6800000098756260E-001                  1.4000000000000012E-002                  2.9395194415937236E-018                  0.0000000000000000E+000                  0.0000000000000000E+000                                        0                 -9.8999999999999986E+001                 -9.9000000000000000E+001                 -9.9000000000000000E+001 
                                     348                  9.8590117711061414E+000                  8.0990145262461866E-001                  5.6924181173206945E+000                 -4.9180729510236567E+000                  8.9800134537369622E+000                  7.1799999901243738E-001                  2.6800000098756260E-001                  1.4000000000000012E-002                  3.3545425608926592E-018                  0.0000000000000000E+000                  0.0000000000000000E+000                                        0                 -9.8999999999999986E+001                 -9.9000000000000000E+001                 -9.9000000000000000E+001 
                                     349                  9.8590025340954863E+000                  8.0931990348568572E-001                  5.6965014150536977E+000                 -4.9003255618001411E+000                  9.0009952280117815E+000                  7.1799999901243738E-001                  2.6800000098756260E-001                  1.4000000000000012E-002                  3.9705626800390082E-018                  0.0000000000000000E+000                  0.0000000000000000E+000                                        0                 -9.8999999999999986E+001                 -9.9000000000000000E+001                 -9.9000000000000000E+001 
                                     350                  9.8589932970848295E+000                  8.0875943386582205E-001                  5.6999544762085836E+000                 -4.8852833419680692E+000                  9.0187744750085770E+000                  7.1799999901243738E-001                  2.6800000098756260E-001                  1.4000000000000012E-002                  4.5778538189610717E-018                  0.0000000000000000E+000                  0.0000000000000000E+000                                        0                 -9.8999999999999986E+001                 -9.9000000000000000E+001                 -9.9000000000000000E+001 
                                     351                  9.8589862501468755E+000                  8.0834501328198083E-001                  5.7028511362950134E+000                 -4.8727146565337973E+000                  9.0336517128187026E+000                  7.1799999901243738E-001                  2.6800000098756260E-001                  1.4000000000000012E-002                  5.1565864351541202E-018                  0.0000000000000000E+000                  0.0000000000000000E+000                                        0                 -9.8999999999999986E+001                 -9.9000000000000000E+001                 -9.9000000000000000E+001 
                                     352                  9.8589792032089214E+000                  8.0794127504841173E-001                  5.7056630076112897E+000                 -4.8605243112674730E+000                  9.0480888472141530E+000                  7.1799999901243738E-001                  2.6800000098756260E-001                  1.4000000000000012E-002                  5.7869767964873700E-018                  0.0000000000000000E+000                  0.0000000000000000E+000                                        0                 -9.8999999999999986E+001                 -9.9000000000000000E+001                 -9.9000000000000000E+001 
                                     353                  9.8589721562709673E+000                  8.0754762925367796E-001                  5.7083952110939205E+000                 -4.8486905334490826E+000                  9.0621113833818807E+000                  7.1799999901243738E-001                  2.6800000098756260E-001                  1.4000000000000012E-002                  6.4718545297137927E-018                  0.0000000000000000E+000                  0.0000000000000000E+000                                        0                 -9.8999999999999986E+001                 -9.9000000000000000E+001                 -9.9000000000000000E+001 
                                     354                  9.8589651093330133E+000                  8.0716353442870603E-001                  5.7110523815495400E+000                 -4.8371933123224018E+000                  9.0757426673662120E+000                  7.1799999901243738E-001                  2.6800000098756260E-001                  1.4000000000000012E-002                  7.2141089568106568E-018                  0.0000000000000000E+000                  0.0000000000000000E+000                                        0                 -9.8999999999999986E+001                 -9.9000000000000000E+001                 -9.9000000000000000E+001 
                                     355                  9.8589580623950610E+000                  8.0678849239422468E-001                  5.7136387312053367E+000                 -4.8260142232815788E+000                  9.0890041233327885E+000                  7.1799999901243738E-001                  2.6800000098756260E-001                  1.4000000000000012E-002                  8.0166879772804434E-018                  0.0000000000000000E+000                  0.0000000000000000E+000                                        0                 -9.8999999999999986E+001                 -9.9000000000000000E+001                 -9.9000000000000000E+001 
                                     356                  9.8589510154571052E+000                  8.0642204376761206E-001                  5.7174121183409152E+000                 -4.8098543855927653E+000                  9.1082299801900941E+000                  7.1799999901243738E-001                  2.6800000098756260E-001                  1.4000000000000012E-002                  9.3444560489112510E-018                  0.0000000000000000E+000                  0.0000000000000000E+000                                        0                 -9.8999999999999986E+001                 -9.9000000000000000E+001                 -9.9000000000000000E+001 
                                     357                  9.8589369215811971E+000                  8.0571328940843956E-001                  5.7222026828593373E+000                 -4.7892037923650346E+000                  9.1327633355796483E+000                  7.1799999901243738E-001                  2.6800000098756260E-001                  1.4000000000000012E-002                  1.1349314632057237E-017                  0.0000000000000000E+000                  0.0000000000000000E+000                                        0                 -9.8999999999999986E+001                 -9.9000000000000000E+001                 -9.9000000000000000E+001 
                                     358                  9.8589228277052872E+000                  8.0503420000933767E-001                  5.7256328652477695E+000                 -4.7743408314129212E+000                  9.1504024034863054E+000                  7.1799999901243738E-001                  2.6800000098756260E-001                  1.4000000000000012E-002                  1.3041854516943222E-017                  0.0000000000000000E+000                  0.0000000000000000E+000                                        0                 -9.8999999999999986E+001                 -9.9000000000000000E+001                 -9.9000000000000000E+001 
                                     359                  9.8589157807673331E+000                  8.0470493405164389E-001                  5.7278648231080025E+000                 -4.7647548045557651E+000                  9.1618100261282418E+000                  7.1799999901243738E-001                  2.6800000098756260E-001                  1.4000000000000012E-002                  1.4271455774115285E-017                  0.0000000000000000E+000                  0.0000000000000000E+000                                        0                 -9.8999999999999986E+001                 -9.9000000000000000E+001                 -9.9000000000000000E+001 
                                     360                  9.8589087338293790E+000                  8.0438213004710690E-001                  5.7311341958531576E+000                 -4.7508262866089321E+000                  9.1784269650787742E+000                  7.1799999901190348E-001                  2.6800000098809657E-001                  1.4000000000000012E-002                  1.6277037470540784E-017                  0.0000000000000000E+000                  0.0000000000000000E+000                                        0                 -9.8999999999999986E+001                 -9.9000000000000000E+001                 -9.9000000000000000E+001 
                                     361                  9.8588946399534692E+000                  8.0375484450778356E-001                  5.7353134497610521E+000                 -4.7329256363557528E+000                  9.1997577702357507E+000                  7.1799999900964495E-001                  2.6800000099035509E-001                  1.4000000000000012E-002                  1.9253341043886023E-017                  0.0000000000000000E+000                  0.0000000000000000E+000                                        0                 -9.8999999999999986E+001                 -9.9000000000000000E+001                 -9.9000000000000000E+001 
                                     362                  9.8588805460775610E+000                  8.0315032215804927E-001                  5.7388373202822534E+000                 -4.7178175027421618E+000                  9.2177623010684684E+000                  7.1799999900964495E-001                  2.6800000099035509E-001                  1.4000000000000012E-002                  2.2175367872940159E-017                  0.0000000000000000E+000                  0.0000000000000000E+000                                        0                 -9.8999999999999986E+001                 -9.9000000000000000E+001                 -9.9000000000000000E+001 
                                     363                  9.8588698843996756E+000                  8.0270704925828607E-001                  5.7417812544774236E+000                 -4.7052585326665159E+000                  9.2327539290248186E+000                  7.1799999900964495E-001                  2.6800000099035509E-001                  1.4000000000000012E-002                  2.4944404479568114E-017                  0.0000000000000000E+000                  0.0000000000000000E+000                                        0                 -9.8999999999999986E+001                 -9.9000000000000000E+001                 -9.9000000000000000E+001 
                                     364                  9.8588592227217919E+000                  8.0227510764995968E-001                  5.7446409659826498E+000                 -4.6930799532885583E+000                  9.2473020688215435E+000                  7.1799999900964495E-001                  2.6800000099035509E-001                  1.4000000000000012E-002                  2.7957922166057504E-017                  0.0000000000000000E+000                  0.0000000000000000E+000                                        0                 -9.8999999999999986E+001                 -9.9000000000000000E+001                 -9.9000000000000000E+001 
                                     365                  9.8588485610439065E+000                  8.0185387091577320E-001                  5.7474215063836303E+000                 -4.6812597729643679E+000                  9.2614324485403792E+000                  7.1799999900964495E-001                  2.6800000099035509E-001                  1.4000000000000012E-002                  3.1229255842876544E-017                  0.0000000000000000E+000                  0.0000000000000000E+000                                        0                 -9.8999999999999986E+001                 -9.9000000000000000E+001                 -9.9000000000000000E+001 
                                     366                  9.8588378993660228E+000                  8.0144276419261973E-001                  5.7514739969387776E+000                 -4.6642119364177521E+000                  9.2818771403414679E+000                  7.1799999900964495E-001                  2.6800000099035509E-001                  1.4000000000000012E-002                  3.6667131194618253E-017                  0.0000000000000000E+000                  0.0000000000000000E+000                                        0                 -9.8999999999999986E+001                 -9.9000000000000000E+001                 -9.9000000000000000E+001 
                                     367                  9.8588165760102537E+000                  8.0064890443027215E-001                  5.7553333355089915E+000                 -4.6477585138249404E+000                  9.3015425507954426E+000                  7.1799999900964495E-001                  2.6800000099035509E-001                  1.4000000000000012E-002                  4.2729521784050895E-017                  0.0000000000000000E+000                  0.0000000000000000E+000                                        0                 -9.8999999999999986E+001                 -9.9000000000000000E+001                 -9.9000000000000000E+001 
                                     368                  9.8588059143323701E+000                  8.0026517317431667E-001                  5.7578396592226504E+000                 -4.6371862705291900E+000                  9.3142189812138341E+000                  7.1799999900964495E-001                  2.6800000099035509E-001                  1.4000000000000012E-002                  4.7172220942573255E-017                  0.0000000000000000E+000                  0.0000000000000000E+000                                        0                 -9.8999999999999986E+001                 -9.9000000000000000E+001                 -9.9000000000000000E+001 
                                     369                  9.8587952526544846E+000                  7.9988968716208264E-001                  5.7602863078895812E+000                 -4.6268865104129482E+000                  9.3265779297659712E+000                  7.1799999900964495E-001                  2.6800000099035509E-001                  1.4000000000000012E-002                  5.1944303791112652E-017                  0.0000000000000000E+000                  0.0000000000000000E+000                                        0                 -9.8999999999999986E+001                 -9.9000000000000000E+001                 -9.9000000000000000E+001 
                                     370                  9.8587845909766010E+000                  7.9952205907943819E-001                  5.7626762327212404E+000                 -4.6168456727532510E+000                  9.3386350677406540E+000                  7.1799999900964495E-001                  2.6800000099035509E-001                  1.4000000000000012E-002                  5.7060954505404289E-017                  0.0000000000000000E+000                  0.0000000000000000E+000                                        0                 -9.8999999999999986E+001                 -9.9000000000000000E+001                 -9.9000000000000000E+001 
                                     371                  9.8587739292987173E+000                  7.9916192892804805E-001                  5.7661752568090661E+000                 -4.6022819552044361E+000                  9.3561723689624579E+000                  7.1799999900680300E-001                  2.6800000099319693E-001                  1.4000000000000012E-002                  6.5438157164699044E-017                  0.0000000000000000E+000                  0.0000000000000000E+000                                        0                 -9.8999999999999986E+001                 -9.9000000000000000E+001                 -9.9000000000000000E+001 
                                     372                  9.8587526059429482E+000                  7.9846286927607013E-001                  5.7695322231545045E+000                 -4.5881559095502951E+000                  9.3731356428119827E+000                  7.1799999900573119E-001                  2.6800000099426874E-001                  1.4000000000000012E-002                  7.4634988692742743E-017                  0.0000000000000000E+000                  0.0000000000000000E+000                                        0                 -9.8999999999999986E+001                 -9.9000000000000000E+001                 -9.9000000000000000E+001 
                                     373                  9.8587419442650628E+000                  7.9812330933705866E-001                  5.7717203762237101E+000                 -4.5790329322031047E+000                  9.3841210927980150E+000                  7.1799999900573119E-001                  2.6800000099426874E-001                  1.4000000000000012E-002                  8.1287107990151625E-017                  0.0000000000000000E+000                  0.0000000000000000E+000                                        0                 -9.8999999999999986E+001                 -9.9000000000000000E+001                 -9.9000000000000000E+001 
                                     374                  9.8587312825871791E+000                  7.9779003434587792E-001                  5.7743752752807396E+000                 -4.5680195161811632E+000                  9.3974035664678581E+000                  7.1799999900573119E-001                  2.6800000099426874E-001                  1.4000000000000012E-002                  9.0133923845841897E-017                  0.0000000000000000E+000                  0.0000000000000000E+000                                        0                 -9.8999999999999986E+001                 -9.9000000000000000E+001                 -9.9000000000000000E+001 
                                     375                  9.8587155126716581E+000                  7.9730806893088657E-001                  5.7774515145141550E+000                 -4.5552477596982701E+000                  9.4128061573945594E+000                  7.1799999900573119E-001                  2.6800000099426879E-001                  1.4000000000000012E-002                  1.0157696508604714E-016                  0.0000000000000000E+000                  0.0000000000000000E+000                                        0                 -9.8999999999999986E+001                 -9.9000000000000000E+001                 -9.9000000000000000E+001 
                                     376                  9.8586997427561354E+000                  7.9683853023973406E-001                  5.7804869743509935E+000                 -4.5426798605474854E+000                  9.4279774814707977E+000                  7.1799999900573119E-001                  2.6800000099426874E-001                  1.4000000000000012E-002                  1.1425741374027648E-016                  0.0000000000000000E+000                  0.0000000000000000E+000                                        0                 -9.8999999999999986E+001                 -9.9000000000000000E+001                 -9.9000000000000000E+001 
                                     377                  9.8586834722748637E+000                  7.9636637255701781E-001                  5.7834817859935459E+000                 -4.5303066221124189E+000                  9.4429255424618930E+000                  7.1799999900573119E-001                  2.6800000099426879E-001                  1.4000000000000012E-002                  1.2828345123559580E-016                  0.0000000000000000E+000                  0.0000000000000000E+000                                        0                 -9.8999999999999986E+001                 -9.9000000000000000E+001                 -9.9000000000000000E+001 
                                     378                  9.8586672017935939E+000                  7.9590599660260131E-001                  5.7863935026698581E+000                 -4.5183053169381564E+000                  9.4574365428204974E+000                  7.1799999900573119E-001                  2.6800000099426879E-001                  1.4000000000000012E-002                  1.4353083123594783E-016                  0.0000000000000000E+000                  0.0000000000000000E+000                                        0                 -9.8999999999999986E+001                 -9.9000000000000000E+001                 -9.9000000000000000E+001 
                                     379                  9.8586509313123223E+000                  7.9545675935722393E-001                  5.7892268677257031E+000                 -4.5066543678952167E+000                  9.4715355877074980E+000                  7.1799999900551281E-001                  2.6800000099448723E-001                  1.4000000000000012E-002                  1.6006521245555432E-016                  0.0000000000000000E+000                  0.0000000000000000E+000                                        0                 -9.8999999999999986E+001                 -9.9000000000000000E+001                 -9.9000000000000000E+001 
                                     380                  9.8586346608310524E+000                  7.9501807039843364E-001                  5.7919862652173242E+000                 -4.4953340814357352E+000                  9.4852456745017264E+000                  7.1799999900488187E-001                  2.6800000099511817E-001                  1.4000000000000012E-002                  1.7795393834478638E-016                  0.0000000000000000E+000                  0.0000000000000000E+000                                        0                 -9.8999999999999986E+001                 -9.9000000000000000E+001                 -9.9000000000000000E+001 
                                     381                  9.8586183903497826E+000                  7.9458938619084296E-001                  5.7946757511713978E+000                 -4.4843264282392639E+000                  9.4985879225826313E+000                  7.1799999900488187E-001                  2.6800000099511817E-001                  1.4000000000000012E-002                  1.9726606436270148E-016                  0.0000000000000000E+000                  0.0000000000000000E+000                                        0                 -9.8999999999999986E+001                 -9.9000000000000000E+001                 -9.9000000000000000E+001 
                                     382                  9.8586021198685110E+000                  7.9417020514550019E-001                  5.7972990821629038E+000                 -4.4736148556008608E+000                  9.5115817726175838E+000                  7.1799999900488187E-001                  2.6800000099511817E-001                  1.4000000000000012E-002                  2.1807238614755280E-016                  0.0000000000000000E+000                  0.0000000000000000E+000                                        0                 -9.8999999999999986E+001                 -9.9000000000000000E+001                 -9.9000000000000000E+001 
                                     383                  9.8585858493872411E+000                  7.9376006332528526E-001                  5.8011342801695687E+000                 -4.4581148580912382E+000                  9.5304410254974741E+000                  7.1799999900488176E-001                  2.6800000099511817E-001                  1.4000000000000012E-002                  2.5233724719912946E-016                  0.0000000000000000E+000                  0.0000000000000000E+000                                        0                 -9.8999999999999986E+001                 -9.9000000000000000E+001                 -9.9000000000000000E+001 
                                     384                  9.8585533084246997E+000                  7.9296523908888106E-001                  5.8048063880417704E+000                 -4.4431114085942420E+000                  9.5486452809944691E+000                  7.1799999900488176E-001                  2.6800000099511817E-001                  1.4000000000000012E-002                  2.9019555277652028E-016                  0.0000000000000000E+000                  0.0000000000000000E+000                                        0                 -9.8999999999999986E+001                 -9.9000000000000000E+001                 -9.9000000000000000E+001 
                                     385                  9.8585370379434298E+000                  7.9257975315215956E-001                  5.8071973864366955E+000                 -4.4334427034633368E+000                  9.5604120141901028E+000                  7.1799999900488176E-001                  2.6800000099511817E-001                  1.4000000000000012E-002                  3.1772164020295549E-016                  0.0000000000000000E+000                  0.0000000000000000E+000                                        0                 -9.8999999999999986E+001                 -9.9000000000000000E+001                 -9.9000000000000000E+001 
                                     386                  9.8585207674621582E+000                  7.9220175901946199E-001                  5.8095371788082950E+000                 -4.4240042445486880E+000                  9.5719077437771265E+000                  7.1799999900303391E-001                  2.6800000099696608E-001                  1.4000000000000012E-002                  3.4712133569663371E-016                  0.0000000000000000E+000                  0.0000000000000000E+000                                        0                 -9.8999999999999986E+001                 -9.9000000000000000E+001                 -9.9000000000000000E+001 
                                     387                  9.8585044969808884E+000                  7.9183093331181631E-001                  5.8123820236193406E+000                 -4.4125951955753484E+000                  9.5858278061701263E+000                  7.1799999899898848E-001                  2.6800000100101146E-001                  1.4000000000000012E-002                  3.8643056508450766E-016                  0.0000000000000000E+000                  0.0000000000000000E+000                                        0                 -9.8999999999999986E+001                 -9.9000000000000000E+001                 -9.9000000000000000E+001 
                                     388                  9.8584803316417666E+000                  7.9129276684052052E-001                  5.8156823748006925E+000                 -4.3993594524608559E+000                  9.6019790993028789E+000                  7.1799999899898848E-001                  2.6800000100101146E-001                  1.4000000000000012E-002                  4.3754243353622679E-016                  0.0000000000000000E+000                  0.0000000000000000E+000                                        0                 -9.8999999999999986E+001                 -9.9000000000000000E+001                 -9.9000000000000000E+001 
                                     389                  9.8584561663026467E+000                  7.9076883589184233E-001                  5.8188870031450959E+000                 -4.3865520220653611E+000                  9.6176251533537602E+000                  7.1799999899898848E-001                  2.6800000100101146E-001                  1.4000000000000012E-002                  4.9346448808117031E-016                  0.0000000000000000E+000                  0.0000000000000000E+000                                        0                 -9.8999999999999986E+001                 -9.9000000000000000E+001                 -9.9000000000000000E+001 
                                     390                  9.8584320009635249E+000                  7.9025830935560004E-001                  5.8220015718064682E+000                 -4.3741460857688095E+000                  9.6327969957164647E+000                  7.1799999899898848E-001                  2.6800000100101146E-001                  1.4000000000000012E-002                  5.5447796019456619E-016                  0.0000000000000000E+000                  0.0000000000000000E+000                                        0                 -9.8999999999999986E+001                 -9.9000000000000000E+001                 -9.9000000000000000E+001 
                                     391                  9.8584078356244031E+000                  7.8976042898295973E-001                  5.8250789634039100E+000                 -4.3619310710479535E+000                  9.6477519262464035E+000                  7.1799999899898848E-001                  2.6800000100101146E-001                  1.4000000000000012E-002                  6.2197231024389854E-016                  0.0000000000000000E+000                  0.0000000000000000E+000                                        0                 -9.8999999999999986E+001                 -9.9000000000000000E+001                 -9.9000000000000000E+001 
                                     392                  9.8583829055106325E+000                  7.8925931115686399E-001                  5.8281190808600041E+000                 -4.3498985090863336E+000                  9.6624971470516101E+000                  7.1799999899898848E-001                  2.6800000100101146E-001                  1.4000000000000012E-002                  6.9650959656819920E-016                  0.0000000000000000E+000                  0.0000000000000000E+000                                        0                 -9.8999999999999986E+001                 -9.9000000000000000E+001                 -9.9000000000000000E+001 
                                     393                  9.8583579753968600E+000                  7.8877021683764503E-001                  5.8310784962140394E+000                 -4.3382207272108948E+000                  9.6768214329329183E+000                  7.1799999899898848E-001                  2.6800000100101146E-001                  1.4000000000000012E-002                  7.7741928823027117E-016                  0.0000000000000000E+000                  0.0000000000000000E+000                                        0                 -9.8999999999999986E+001                 -9.9000000000000000E+001                 -9.9000000000000000E+001 
                                     394                  9.8583330452830893E+000                  7.8829250604422618E-001                  5.8339615246083874E+000                 -4.3268773125645401E+000                  9.6907484513376971E+000                  7.1799999899898848E-001                  2.6800000100101146E-001                  1.4000000000000012E-002                  8.6503907043122423E-016                  0.0000000000000000E+000                  0.0000000000000000E+000                                        0                 -9.8999999999999986E+001                 -9.9000000000000000E+001                 -9.9000000000000000E+001 
                                     395                  9.8583081151693186E+000                  7.8782559022526855E-001                  5.8367721599230702E+000                 -4.3158495927517073E+000                  9.7042999229470190E+000                  7.1799999899898848E-001                  2.6800000100101146E-001                  1.4000000000000012E-002                  9.5971451017889861E-016                  0.0000000000000000E+000                  0.0000000000000000E+000                                        0                 -9.8999999999999986E+001                 -9.9000000000000000E+001                 -9.9000000000000000E+001 
                                     396                  9.8582831850555479E+000                  7.8736892678383852E-001                  5.8395141038102913E+000                 -4.3051204404993406E+000                  9.7174958297094456E+000                  7.1799999899898848E-001                  2.6800000100101146E-001                  1.4000000000000012E-002                  1.0617990715142163E-015                  0.0000000000000000E+000                  0.0000000000000000E+000                                        0                 -9.8999999999999986E+001                 -9.9000000000000000E+001                 -9.9000000000000000E+001 
                                     397                  9.8582582549417754E+000                  7.8692201432243547E-001                  5.8421907918232137E+000                 -4.2946741054114774E+000                  9.7303545957976674E+000                  7.1799999899596367E-001                  2.6800000100403626E-001                  1.4000000000000012E-002                  1.1716541313153073E-015                  0.0000000000000000E+000                  0.0000000000000000E+000                                        0                 -9.8999999999999986E+001                 -9.9000000000000000E+001                 -9.9000000000000000E+001 
                                     398                  9.8582333248280047E+000                  7.8648438849607782E-001                  5.8448054169284660E+000                 -4.2844960688225751E+000                  9.7428932456102881E+000                  7.1799999899474798E-001                  2.6800000100525195E-001                  1.4000000000000012E-002                  1.2896489968344372E-015                  0.0000000000000000E+000                  0.0000000000000000E+000                                        0                 -9.8999999999999986E+001                 -9.9000000000000000E+001                 -9.9000000000000000E+001 
                                     399                  9.8582083947142340E+000                  7.8605561838098748E-001                  5.8473609506722406E+000                 -4.2745729163346438E+000                  9.7551275422271679E+000                  7.1799999899474798E-001                  2.6800000100525195E-001                  1.4000000000000012E-002                  1.4161609263553916E-015                  0.0000000000000000E+000                  0.0000000000000000E+000                                        0                 -9.8999999999999986E+001                 -9.9000000000000000E+001                 -9.9000000000000000E+001 
                                     400                  9.8581834646004616E+000                  7.8563530328406916E-001                  5.8498601622462081E+000                 -4.2648922268147782E+000                  9.7670721091504280E+000                  7.1799999899474798E-001                  2.6800000100525195E-001                  1.4000000000000012E-002                  1.5515751521337642E-015                  0.0000000000000000E+000                  0.0000000000000000E+000                                        0                 -9.8999999999999986E+001                 -9.9000000000000000E+001                 -9.9000000000000000E+001 
                                     401                  9.8581585344866909E+000                  7.8522306992965007E-001                  5.8529002830163286E+000                 -4.2531860178609273E+000                  9.7815411078144638E+000                  7.1799999899471112E-001                  2.6800000100528887E-001                  1.4000000000000012E-002                  1.7332664709043431E-015                  0.0000000000000000E+000                  0.0000000000000000E+000                                        0                 -9.8999999999999986E+001                 -9.9000000000000000E+001                 -9.9000000000000000E+001 
                                     402                  9.8581214366159990E+000                  7.8462386049487931E-001                  5.8564267419275788E+000                 -4.2396047095776730E+000                  9.7983287504501249E+000                  7.1799999899153555E-001                  2.6800000100846444E-001                  1.4000000000000012E-002                  1.9703426944615286E-015                  0.0000000000000000E+000                  0.0000000000000000E+000                                        0                 -9.8999999999999986E+001                 -9.9000000000000000E+001                 -9.9000000000000000E+001 
                                     403                  9.8580843387453072E+000                  7.8404072312838757E-001                  5.8598479263305077E+000                 -4.2264738239722268E+000                  9.8145769197146056E+000                  7.1799999899153555E-001                  2.6800000100846444E-001                  1.4000000000000012E-002                  2.2304699549071504E-015                  0.0000000000000000E+000                  0.0000000000000000E+000                                        0                 -9.8999999999999986E+001                 -9.9000000000000000E+001                 -9.9000000000000000E+001 
                                     404                  9.8580472408746154E+000                  7.8347269905386030E-001                  5.8631703046968067E+000                 -4.2137644995516714E+000                  9.8303196835787165E+000                  7.1799999899153555E-001                  2.6800000100846444E-001                  1.4000000000000012E-002                  2.5150430598192856E-015                  0.0000000000000000E+000                  0.0000000000000000E+000                                        0                 -9.8999999999999986E+001                 -9.9000000000000000E+001                 -9.9000000000000000E+001 
                                     405                  9.8580101430039235E+000                  7.8291891538556724E-001                  5.8663997500240379E+000                 -4.2014505490067364E+000                  9.8455879724074986E+000                  7.1799999898985034E-001                  2.6800000101014959E-001                  1.4000000000000012E-002                  2.8254933032925657E-015                  0.0000000000000000E+000                  0.0000000000000000E+000                                        0                 -9.8999999999999986E+001                 -9.9000000000000000E+001                 -9.9000000000000000E+001 
                                     406                  9.8579730451332317E+000                  7.8237857504530683E-001                  5.8695416143557573E+000                 -4.1895081414758648E+000                  9.8604099532450675E+000                  7.1799999898750733E-001                  2.6800000101249272E-001                  1.4000000000000012E-002                  3.1632883935088802E-015                  0.0000000000000000E+000                  0.0000000000000000E+000                                        0                 -9.8999999999999986E+001                 -9.9000000000000000E+001                 -9.9000000000000000E+001 
                                     407                  9.8579359472625399E+000                  7.8185094812350753E-001                  5.8726488757213309E+000                 -4.1777366195866552E+000                  9.8750347645536571E+000                  7.1799999898750733E-001                  2.6800000101249272E-001                  1.4000000000000012E-002                  3.5359896407066973E-015                  0.0000000000000000E+000                  0.0000000000000000E+000                                        0                 -9.8999999999999986E+001                 -9.9000000000000000E+001                 -9.9000000000000000E+001 
                                     408                  9.8578976788724937E+000                  7.8131928619357960E-001                  5.8757214262472734E+000                 -4.1661288652232260E+000                  9.8894685317289319E+000                  7.1799999898750733E-001                  2.6800000101249272E-001                  1.4000000000000012E-002                  3.9465719895199894E-015                  0.0000000000000000E+000                  0.0000000000000000E+000                                        0                 -9.8999999999999986E+001                 -9.9000000000000000E+001                 -9.9000000000000000E+001 
                                     409                  9.8578594104824457E+000                  7.8079976341127866E-001                  5.8787153557714138E+000                 -4.1548518771321596E+000                  9.9035038621169740E+000                  7.1799999898563838E-001                  2.6800000101436167E-001                  1.4000000000000012E-002                  4.3912499083349376E-015                  0.0000000000000000E+000                  0.0000000000000000E+000                                        0                 -9.8999999999999986E+001                 -9.9000000000000000E+001                 -9.9000000000000000E+001 
                                     410                  9.8578211420923978E+000                  7.8029175732839329E-001                  5.8816348149999342E+000                 -4.1438873293243281E+000                  9.9171624877452054E+000                  7.1799999898541134E-001                  2.6800000101458871E-001                  1.4000000000000012E-002                  4.8717956706718223E-015                  0.0000000000000000E+000                  0.0000000000000000E+000                                        0                 -9.8999999999999986E+001                 -9.9000000000000000E+001                 -9.9000000000000000E+001 
                                     411                  9.8577828737023516E+000                  7.7979469370787480E-001                  5.8844836226959600E+000                 -4.1332183670832858E+000                  9.9304644043763073E+000                  7.1799999898541134E-001                  2.6800000101458871E-001                  1.4000000000000012E-002                  5.3900212693766142E-015                  0.0000000000000000E+000                  0.0000000000000000E+000                                        0                 -9.8999999999999986E+001                 -9.9000000000000000E+001                 -9.9000000000000000E+001 
                                     412                  9.8577446053123055E+000                  7.7930804161099632E-001                  5.8872652996971233E+000                 -4.1228294526381797E+000                  9.9434280519036911E+000                  7.1799999898541134E-001                  2.6800000101458871E-001                  1.4000000000000012E-002                  5.9477779282826681E-015                  0.0000000000000000E+000                  0.0000000000000000E+000                                        0                 -9.8999999999999986E+001                 -9.9000000000000000E+001                 -9.9000000000000000E+001 
                                     413                  9.8577063369222575E+000                  7.7883130910014930E-001                  5.8913354772563142E+000                 -4.1077861506347846E+000                  9.9622562987231333E+000                  7.1799999898325617E-001                  2.6800000101674387E-001                  1.4000000000000012E-002                  6.8649667629883643E-015                  0.0000000000000000E+000                  0.0000000000000000E+000                                        0                 -9.8999999999999986E+001                 -9.9000000000000000E+001                 -9.9000000000000000E+001 
                                     414                  9.8576298001421616E+000                  7.7790583508410205E-001                  5.8977848486999429E+000                 -4.0840440825151765E+000                  9.9920086655526514E+000                  7.1799999897920253E-001                  2.6800000102079763E-001                  1.3999999999999790E-002                  8.6082789209306631E-015                  0.0000000000000000E+000                  0.0000000000000000E+000                                        0                 -9.8999999999999986E+001                 -9.9000000000000000E+001                 -9.9000000000000000E+001 
                                     415                  9.8575160908148280E+000                  7.7659392705157171E-001                  5.9032351421785672E+000                 -4.0637645481418412E+000                  1.0017349019162101E+001                  7.1799999897920241E-001                  2.6800000102079763E-001                  1.4000000000000012E-002                  1.0420349393308891E-014                  0.0000000000000000E+000                  0.0000000000000000E+000                                        0                 -9.8999999999999986E+001                 -9.9000000000000000E+001                 -9.9000000000000000E+001 
                                     416                  9.8574592361511613E+000                  7.7596368376058766E-001                  5.9058777115749415E+000                 -4.0540223307262959E+000                  1.0029555072165730E+001                  7.1799999897590372E-001                  2.6800000102409627E-001                  1.4000000000000012E-002                  1.1426631689217416E-014                  0.0000000000000000E+000                  0.0000000000000000E+000                                        0                 -9.8999999999999986E+001                 -9.9000000000000000E+001                 -9.9000000000000000E+001 
                                     417                  9.8574308088193270E+000                  7.7565455077874113E-001                  5.9076122534051478E+000                 -4.0476709073761956E+000                  1.0037528366437384E+001                  7.1799999897568478E-001                  2.6800000102431520E-001                  1.4000000000000012E-002                  1.2137204413594352E-014                  0.0000000000000000E+000                  0.0000000000000000E+000                                        0                 -9.8999999999999986E+001                 -9.9000000000000000E+001                 -9.9000000000000000E+001 
                                     418                  9.8574023814874909E+000                  7.7534925868360682E-001                  5.9101745218310633E+000                 -4.0383487022121765E+000                  1.0049252830500434E+001                  7.1799999897568478E-001                  2.6800000102431520E-001                  1.4000000000000012E-002                  1.3265106517644841E-014                  0.0000000000000000E+000                  0.0000000000000000E+000                                        0                 -9.8999999999999986E+001                 -9.9000000000000000E+001                 -9.9000000000000000E+001 
                                     419                  9.8573455268238259E+000                  7.7474977096587416E-001                  5.9134998174682938E+000                 -4.0262264831781485E+000                  1.0064491137100235E+001                  7.1799999897568478E-001                  2.6800000102431520E-001                  1.4000000000000012E-002                  1.4884306771819499E-014                  0.0000000000000000E+000                  0.0000000000000000E+000                                        0                 -9.8999999999999986E+001                 -9.9000000000000000E+001                 -9.9000000000000000E+001 
                                     420                  9.8572886721601574E+000                  7.7416439433377771E-001                  5.9167361395373002E+000                 -4.0144636482515654E+000                  1.0079291006553078E+001                  7.1799999897380173E-001                  2.6800000102619831E-001                  1.4000000000000012E-002                  1.6644663982796290E-014                  0.0000000000000000E+000                  0.0000000000000000E+000                                        0                 -9.8999999999999986E+001                 -9.9000000000000000E+001                 -9.9000000000000000E+001 
                                     421                  9.8572318174964906E+000                  7.7359237771046163E-001                  5.9198883979660168E+000                 -4.0030394626099515E+000                  1.0093677384979884E+001                  7.1799999897168254E-001                  2.6800000102831756E-001                  1.3999999999999901E-002                  1.8553871244117325E-014                  0.0000000000000000E+000                  0.0000000000000000E+000                                        0                 -9.8999999999999986E+001                 -9.9000000000000000E+001                 -9.9000000000000000E+001 
                                     422                  9.8571749628328220E+000                  7.7303303044075877E-001                  5.9230092647154757E+000                 -3.9917640024666374E+000                  1.0107889701112631E+001                  7.1799999897168243E-001                  2.6800000102831756E-001                  1.4000000000000012E-002                  2.0653775053783793E-014                  0.0000000000000000E+000                  0.0000000000000000E+000                                        0                 -9.8999999999999986E+001                 -9.9000000000000000E+001                 -9.9000000000000000E+001 
                                     423                  9.8571163197647724E+000                  7.7246868869186314E-001                  5.9260985101603785E+000                 -3.9806314095969317E+000                  1.0121932884748965E+001                  7.1799999897146438E-001                  2.6800000102853561E-001                  1.4000000000000012E-002                  2.2960214263497311E-014                  0.0000000000000000E+000                  0.0000000000000000E+000                                        0                 -9.8999999999999986E+001                 -9.9000000000000000E+001                 -9.9000000000000000E+001 
                                     424                  9.8570576766967193E+000                  7.7191650396734190E-001                  5.9291118598246797E+000                 -3.9698026077991795E+000                  1.0135604360259789E+001                  7.1799999896526068E-001                  2.6800000103473925E-001                  1.4000000000000012E-002                  2.5451211739751314E-014                  0.0000000000000000E+000                  0.0000000000000000E+000                                        0                 -9.8999999999999986E+001                 -9.9000000000000000E+001                 -9.9000000000000000E+001 
                                     425                  9.8569990336286679E+000                  7.7137588060466311E-001                  5.9320532095165932E+000                 -3.9592614709755352E+000                  1.0148923642795749E+001                  7.1799999896526068E-001                  2.6800000103473925E-001                  1.4000000000000012E-002                  2.8136060499075130E-014                  0.0000000000000000E+000                  0.0000000000000000E+000                                        0                 -9.8999999999999986E+001                 -9.9000000000000000E+001                 -9.9000000000000000E+001 
                                     426                  9.8569403905606165E+000                  7.7084626711529713E-001                  5.9349261608722346E+000                 -3.9489931271238183E+000                  1.0161908744422460E+001                  7.1799999896526068E-001                  2.6800000103473925E-001                  1.4000000000000012E-002                  3.1024267648139692E-014                  0.0000000000000000E+000                  0.0000000000000000E+000                                        0                 -9.8999999999999986E+001                 -9.9000000000000000E+001                 -9.9000000000000000E+001 
                                     427                  9.8568817474925652E+000                  7.7032715185378586E-001                  5.9384211357458616E+000                 -3.9365821525444926E+000                  1.0177633095149410E+001                  7.1799999896256661E-001                  2.6800000103743343E-001                  1.4000000000000012E-002                  3.4925799820619740E-014                  0.0000000000000000E+000                  0.0000000000000000E+000                                        0                 -9.8999999999999986E+001                 -9.9000000000000000E+001                 -9.9000000000000000E+001 
                                     428                  9.8567942864476219E+000                  7.6957142857851824E-001                  5.9424724636840791E+000                 -3.9221936330402194E+000                  1.0195863176165101E+001                  7.1799999896171640E-001                  2.6800000103828364E-001                  1.4000000000000012E-002                  4.0053816996547192E-014                  0.0000000000000000E+000                  0.0000000000000000E+000                                        0                 -9.8999999999999986E+001                 -9.9000000000000000E+001                 -9.9000000000000000E+001 
                                     429                  9.8567068254026768E+000                  7.6883655912635207E-001                  5.9454191568029744E+000                 -3.9117113694208769E+000                  1.0209138579361635E+001                  7.1799999896171640E-001                  2.6800000103828364E-001                  1.4000000000000012E-002                  4.4242803668804886E-014                  0.0000000000000000E+000                  0.0000000000000000E+000                                        0                 -9.8999999999999986E+001                 -9.9000000000000000E+001                 -9.9000000000000000E+001 
                                     430                  9.8566630948802025E+000                  7.6847652750915862E-001                  5.9473512783739331E+000                 -3.9048895420217247E+000                  1.0217796975995620E+001                  7.1799999895795541E-001                  2.6800000104204458E-001                  1.4000000000000012E-002                  4.7214330030025944E-014                  0.0000000000000000E+000                  0.0000000000000000E+000                                        0                 -9.8999999999999986E+001                 -9.9000000000000000E+001                 -9.9000000000000000E+001 
                                     431                  9.8566193643577300E+000                  7.6812123028864732E-001                  5.9502025535108540E+000                 -3.8948937252850180E+000                  1.0230510147326966E+001                  7.1799999895784683E-001                  2.6800000104215310E-001                  1.4000000000000012E-002                  5.1952026615861226E-014                  0.0000000000000000E+000                  0.0000000000000000E+000                                        0                 -9.8999999999999986E+001                 -9.9000000000000000E+001                 -9.9000000000000000E+001 
                                     432                  9.8565319033127849E+000                  7.6742427638453881E-001                  5.9538972260689205E+000                 -3.8819179286389551E+000                  1.0247005504941775E+001                  7.1799999895644107E-001                  2.6800000104355898E-001                  1.4000000000000012E-002                  5.8793581368864291E-014                  0.0000000000000000E+000                  0.0000000000000000E+000                                        0                 -9.8999999999999986E+001                 -9.9000000000000000E+001                 -9.9000000000000000E+001 
                                     433                  9.8564444422678399E+000                  7.6674461404909633E-001                  5.9574876460783983E+000                 -3.8693535441266182E+000                  1.0262995033693798E+001                  7.1799999895121036E-001                  2.6800000104878963E-001                  1.4000000000000012E-002                  6.6279448630797282E-014                  0.0000000000000000E+000                  0.0000000000000000E+000                                        0                 -9.8999999999999986E+001                 -9.9000000000000000E+001                 -9.9000000000000000E+001 
                                     434                  9.8563569812228948E+000                  7.6608126309546831E-001                  5.9609799588107570E+000                 -3.8571752888517454E+000                  1.0278509423222237E+001                  7.1799999895121036E-001                  2.6800000104878963E-001                  1.4000000000000012E-002                  7.4447881632385836E-014                  0.0000000000000000E+000                  0.0000000000000000E+000                                        0                 -9.8999999999999986E+001                 -9.9000000000000000E+001                 -9.9000000000000000E+001 
                                     435                  9.8562695201779498E+000                  7.6543332718525536E-001                  5.9643797190400480E+000                 -3.8453600628545681E+000                  1.0293576641819692E+001                  7.1799999894785671E-001                  2.6800000105214328E-001                  1.4000000000000012E-002                  8.3338083339925919E-014                  0.0000000000000000E+000                  0.0000000000000000E+000                                        0                 -9.8999999999999986E+001                 -9.9000000000000000E+001                 -9.9000000000000000E+001 
                                     436                  9.8561820591330065E+000                  7.6479998450107212E-001                  5.9676919665276085E+000                 -3.8338867077596235E+000                  1.0308222249450447E+001                  7.1799999894763378E-001                  2.6800000105236615E-001                  1.4000000000000012E-002                  9.2990180084378161E-014                  0.0000000000000000E+000                  0.0000000000000000E+000                                        0                 -9.8999999999999986E+001                 -9.9000000000000000E+001                 -9.9000000000000000E+001 
                                     437                  9.8560945980880614E+000                  7.6418047968143543E-001                  5.9709212899117761E+000                 -3.8227357996632065E+000                  1.0322469666970090E+001                  7.1799999894515143E-001                  2.6800000105484861E-001                  1.4000000000000012E-002                  1.0344519377044343E-013                  0.0000000000000000E+000                  0.0000000000000000E+000                                        0                 -9.8999999999999986E+001                 -9.9000000000000000E+001                 -9.9000000000000000E+001 
                                     438                  9.8560071370431146E+000                  7.6357411681571685E-001                  5.9740718810430264E+000                 -3.8118894678421658E+000                  1.0336340408707258E+001                  7.1799999894389266E-001                  2.6800000105610744E-001                  1.3999999999999901E-002                  1.1474501337012432E-013                  0.0000000000000000E+000                  0.0000000000000000E+000                                        0                 -9.8999999999999986E+001                 -9.9000000000000000E+001                 -9.9000000000000000E+001 
                                     439                  9.8559196759981713E+000                  7.6298025333768915E-001                  5.9771956279991478E+000                 -3.8011690946679910E+000                  1.0350062855616931E+001                  7.1799999894109667E-001                  2.6800000105890343E-001                  1.3999999999999901E-002                  1.2713166521232120E-013                  0.0000000000000000E+000                  0.0000000000000000E+000                                        0                 -9.8999999999999986E+001                 -9.9000000000000000E+001                 -9.9000000000000000E+001 
                                     440                  9.8558294723488622E+000                  7.6238023225422413E-001                  5.9802919266390511E+000                 -3.7905697260855740E+000                  1.0363640701405886E+001                  7.1799999893703881E-001                  2.6800000106296124E-001                  1.4000000000000012E-002                  1.4069249557276657E-013                  0.0000000000000000E+000                  0.0000000000000000E+000                                        0                 -9.8999999999999986E+001                 -9.9000000000000000E+001                 -9.9000000000000000E+001 
                                     441                  9.8557392686995531E+000                  7.6179227042958908E-001                  5.9840567869468391E+000                 -3.7777668647012215E+000                  1.0380073345752367E+001                  7.1799999893535960E-001                  2.6800000106464045E-001                  1.4000000000000012E-002                  1.5907205956231743E-013                  0.0000000000000000E+000                  0.0000000000000000E+000                                        0                 -9.8999999999999986E+001                 -9.9000000000000000E+001                 -9.9000000000000000E+001 
                                     442                  9.8556046723629844E+000                  7.6093617703194605E-001                  5.9884170741895240E+000                 -3.7629313406443088E+000                  1.0399112518530886E+001                  7.1799999893343402E-001                  2.6800000106656607E-001                  1.3999999999999901E-002                  1.8331711726426265E-013                  0.0000000000000000E+000                  0.0000000000000000E+000                                        0                 -9.8999999999999986E+001                 -9.9000000000000000E+001                 -9.9000000000000000E+001 
                                     443                  9.8554700760264158E+000                  7.6010399550510677E-001                  5.9926355247887564E+000                 -3.7486265184353385E+000                  1.0417489126808501E+001                  7.1799999892987143E-001                  2.6800000107012861E-001                  1.4000000000000012E-002                  2.1018518673746704E-013                  0.0000000000000000E+000                  0.0000000000000000E+000                                        0                 -9.8999999999999986E+001                 -9.9000000000000000E+001                 -9.9000000000000000E+001 
                                     444                  9.8553354796898489E+000                  7.5929419834678080E-001                  5.9957034134958676E+000                 -3.7381985073813109E+000                  1.0430876430851255E+001                  7.1799999892968247E-001                  2.6800000107031757E-001                  1.4000000000000012E-002                  2.3212825615809464E-013                  0.0000000000000000E+000                  0.0000000000000000E+000                                        0                 -9.8999999999999986E+001                 -9.9000000000000000E+001                 -9.9000000000000000E+001 
                                     445                  9.8552681815215646E+000                  7.5889725476606706E-001                  5.9977146149505938E+000                 -3.7314105503814430E+000                  1.0439608892202513E+001                  7.1799999892276278E-001                  2.6800000107723726E-001                  1.4000000000000012E-002                  2.4768928571807158E-013                  0.0000000000000000E+000                  0.0000000000000000E+000                                        0                 -9.8999999999999986E+001                 -9.9000000000000000E+001                 -9.9000000000000000E+001 
                                     446                  9.8552008833532820E+000                  7.5850540099961805E-001                  6.0006818653938163E+000                 -3.7214620486805732E+000                  1.0452432373675773E+001                  7.1799999892276278E-001                  2.6800000107723726E-001                  1.4000000000000012E-002                  2.7249062836902837E-013                  2.2141134077254250E-039                  0.0000000000000000E+000                                        0                 -9.8999999999999986E+001                 -9.9000000000000000E+001                 -9.9000000000000000E+001 
                                     447                  9.8550662870167134E+000                  7.5773636534471878E-001                  6.0045250030272213E+000                 -3.7085379899806057E+000                  1.0469076849227257E+001                  7.1799999892052802E-001                  2.6800000107947214E-001                  1.3999999999999790E-002                  3.0828728958067351E-013                  3.3942662669581659E-039                  0.0000000000000000E+000                                        0                 -9.8999999999999986E+001                 -9.9000000000000000E+001                 -9.9000000000000000E+001 
                                     448                  9.8549316906801447E+000                  7.5698595015296433E-001                  6.0082573213744483E+000                 -3.6960150158319198E+000                  1.0485215815496801E+001                  7.1799999891557575E-001                  2.6800000108442429E-001                  1.4000000000000012E-002                  3.4742717060620495E-013                  5.1326279497784513E-039                  0.0000000000000000E+000                                        0                 -9.8999999999999986E+001                 -9.9000000000000000E+001                 -9.9000000000000000E+001 
                                     449                  9.8547970943435761E+000                  7.5625311965584319E-001                  6.0118850064929141E+000                 -3.6838682131150753E+000                  1.0500879758674088E+001                  7.1799999891533983E-001                  2.6800000108466016E-001                  1.4000000000000012E-002                  3.9010091566949731E-013                  7.6631818828207423E-039                  0.0000000000000000E+000                                        0                 -9.8999999999999986E+001                 -9.9000000000000000E+001                 -9.9000000000000000E+001 
                                     450                  9.8546624980070092E+000                  7.5553692629904301E-001                  6.0154137720987908E+000                 -3.6720749735952225E+000                  1.0516096474710606E+001                  7.1799999891006816E-001                  2.6800000108993183E-001                  1.4000000000000012E-002                  4.3650350386360742E-013                  1.1305021504745418E-038                  0.0000000000000000E+000                                        0                 -9.8999999999999986E+001                 -9.9000000000000000E+001                 -9.9000000000000000E+001 
                                     451                  9.8545279016704423E+000                  7.5483650072218189E-001                  6.0188489029547210E+000                 -3.6606147143815537E+000                  1.0530891377364949E+001                  7.1799999890671362E-001                  2.6800000109328642E-001                  1.4000000000000012E-002                  4.8683423091927394E-013                  1.6489933353826462E-038                  0.0000000000000000E+000                                        0                 -9.8999999999999986E+001                 -9.9000000000000000E+001                 -9.9000000000000000E+001 
                                     452                  9.8543933053338737E+000                  7.5415104314763404E-001                  6.0221952939169219E+000                 -3.6494686398835063E+000                  1.0545287763355248E+001                  7.1799999890207467E-001                  2.6800000109792532E-001                  1.4000000000000012E-002                  5.4129669419825892E-013                  2.3796951695702290E-038                  0.0000000000000000E+000                                        0                 -9.8999999999999986E+001                 -9.9000000000000000E+001                 -9.9000000000000000E+001 
                                     453                  9.8542587089973050E+000                  7.5347981594418012E-001                  6.0254574850496168E+000                 -3.6386195387224367E+000                  1.0559307041592852E+001                  7.1799999890082367E-001                  2.6800000109917643E-001                  1.3999999999999901E-002                  6.0009877980414589E-013                  3.3996001495393878E-038                  0.0000000000000000E+000                                        0                 -9.8999999999999986E+001                 -9.9000000000000000E+001                 -9.9000000000000000E+001 
                                     454                  9.8541241126607364E+000                  7.5282213717477187E-001                  6.0286396931980448E+000                 -3.6280516079304443E+000                  1.0572968932183469E+001                  7.1799999889705524E-001                  2.6800000110294486E-001                  1.3999999999999901E-002                  6.6345265371774850E-013                  4.8102649804486496E-038                  0.0000000000000000E+000                                        0                 -9.8999999999999986E+001                 -9.9000000000000000E+001                 -9.9000000000000000E+001 
                                     455                  9.8539895163241695E+000                  7.5217737497582671E-001                  6.0325008020419277E+000                 -3.6152973682686014E+000                  1.0589483429333082E+001                  7.1799999889338462E-001                  2.6800000110661537E-001                  1.4000000000000012E-002                  7.4905353589505196E-013                  7.3204061207487763E-038                  0.0000000000000000E+000                                        0                 -9.8999999999999986E+001                 -9.9000000000000000E+001                 -9.9000000000000000E+001 
                                     456                  9.8537891926301935E+000                  7.5124042462441309E-001                  6.0370344118185013E+000                 -3.6002932068243765E+000                  1.0608900555257925E+001                  7.1799999888725607E-001                  2.6800000111274402E-001                  1.3999999999999901E-002                  8.6350206482652866E-013                  1.1968611668881272E-037                  0.0000000000000000E+000                                        0                 -9.8999999999999986E+001                 -9.9000000000000000E+001                 -9.9000000000000000E+001 
                                     457                  9.8535826070765431E+000                  7.5030092911187252E-001                  6.0403739917181714E+000                 -3.5891929018086892E+000                  1.0623247579105200E+001                  7.1799999888592880E-001                  2.6800000111407118E-001                  1.4000000000000012E-002                  9.5871150825723870E-013                  1.7175954168447407E-037                  0.0000000000000000E+000                                        0                 -9.8999999999999986E+001                 -9.9000000000000000E+001                 -9.9000000000000000E+001 
                                     458                  9.8534793142997170E+000                  7.4984081622061483E-001                  6.0425604073838759E+000                 -3.5819760625211940E+000                  1.0632594548689198E+001                  7.1799999888075716E-001                  2.6800000111924283E-001                  1.4000000000000012E-002                  1.0264223906538433E-012                  2.1745624913845591E-037                  0.0000000000000000E+000                                        0                 -9.8999999999999986E+001                 -9.9000000000000000E+001                 -9.9000000000000000E+001 
                                     459                  9.8533760215228909E+000                  7.4938685508063230E-001                  6.0457821409585764E+000                 -3.5714110789152742E+000                  1.0646304479994930E+001                  7.1799999887841714E-001                  2.6800000112158290E-001                  1.4000000000000012E-002                  1.1346359538106896E-012                  3.0758903651986331E-037                  0.0000000000000000E+000                                        0                 -9.8999999999999986E+001                 -9.9000000000000000E+001                 -9.9000000000000000E+001 
                                     460                  9.8531694359692388E+000                  7.4849663074572559E-001                  6.0499465296413133E+000                 -3.5576979897575076E+000                  1.0664077934244299E+001                  7.1799999887184840E-001                  2.6800000112815164E-001                  1.4000000000000012E-002                  1.2913748466316646E-012                  4.8102955411466568E-037                  0.0000000000000000E+000                                        0                 -9.8999999999999986E+001                 -9.9000000000000000E+001                 -9.9000000000000000E+001 
                                     461                  9.8529628504155884E+000                  7.4762882313491319E-001                  6.0539833274500783E+000                 -3.5444275420512179E+000                  1.0681286506819921E+001                  7.1799999886787969E-001                  2.6800000113212030E-001                  1.4000000000000012E-002                  1.4634105651362628E-012                  7.4104103617612407E-037                  0.0000000000000000E+000                                        0                 -9.8999999999999986E+001                 -9.9000000000000000E+001                 -9.9000000000000000E+001 
                                     462                  9.8527562648619362E+000                  7.4678213244248026E-001                  6.0579005176065923E+000                 -3.5315716270181960E+000                  1.0697965899845043E+001                  7.1799999886323074E-001                  2.6800000113676919E-001                  1.4000000000000012E-002                  1.6516585385494727E-012                  1.1256605794241680E-036                  0.0000000000000000E+000                                        0                 -9.8999999999999986E+001                 -9.9000000000000000E+001                 -9.9000000000000000E+001 
                                     463                  9.8525496793082841E+000                  7.4595537317010596E-001                  6.0617053461933699E+000                 -3.5191047360075833E+000                  1.0714148516072401E+001                  7.1799999885630861E-001                  2.6800000114369138E-001                  1.4000000000000012E-002                  1.8570567813649382E-012                  1.6875329358608033E-036                  0.0000000000000000E+000                                        0                 -9.8999999999999986E+001                 -9.9000000000000000E+001                 -9.9000000000000000E+001 
                                     464                  9.8523430937546319E+000                  7.4514746087522965E-001                  6.0654044076345075E+000                 -3.5070036449841639E+000                  1.0729863854235575E+001                  7.1799999885231536E-001                  2.6800000114768463E-001                  1.4000000000000012E-002                  2.0805655846101829E-012                  2.4987691298615600E-036                  0.0000000000000000E+000                                        0                 -9.8999999999999986E+001                 -9.9000000000000000E+001                 -9.9000000000000000E+001 
                                     465                  9.8521365082009797E+000                  7.4435740081150958E-001                  6.0690037210229297E+000                 -3.4952471494297792E+000                  1.0745138846826741E+001                  7.1799999884797627E-001                  2.6800000115202383E-001                  1.3999999999999901E-002                  2.3231673030694469E-012                  3.6571884197856157E-036                  0.0000000000000000E+000                                        0                 -9.8999999999999986E+001                 -9.9000000000000000E+001                 -9.9000000000000000E+001 
                                     466                  9.8519299226473276E+000                  7.4358427813660966E-001                  6.0725087957057831E+000                 -3.4838158366956593E+000                  1.0759998150085883E+001                  7.1799999884061749E-001                  2.6800000115938255E-001                  1.4000000000000012E-002                  2.5858661542539871E-012                  5.2942754408835677E-036                  0.0000000000000000E+000                                        0                 -9.8999999999999986E+001                 -9.9000000000000000E+001                 -9.9000000000000000E+001 
                                     467                  9.8517233370936754E+000                  7.4282724943319978E-001                  6.0759246877012396E+000                 -3.4726918895942078E+000                  1.0774464394098516E+001                  7.1799999883658705E-001                  2.6800000116341299E-001                  1.4000000000000012E-002                  2.8696880194015396E-012                  7.5852499872414167E-036                  0.0000000000000000E+000                                        0                 -9.8999999999999986E+001                 -9.9000000000000000E+001                 -9.9000000000000000E+001 
                                     468                  9.8515167515400233E+000                  7.4208553533601840E-001                  6.0792560485521490E+000                 -3.4618589162705957E+000                  1.0788558399416578E+001                  7.1799999883255572E-001                  2.6800000116744427E-001                  1.4000000000000012E-002                  3.1756802519054685E-012                  1.0761722885153923E-035                  0.0000000000000000E+000                                        0                 -9.8999999999999986E+001                 -9.9000000000000000E+001                 -9.9000000000000000E+001 
                                     469                  9.8513101659863729E+000                  7.4135841409511882E-001                  6.0832801022469143E+000                 -3.4488442000263269E+000                  1.0805518385798882E+001                  7.1799999882481669E-001                  2.6800000117518347E-001                  1.3999999999999790E-002                  3.5875429626479615E-012                  1.6399177730136651E-035                  0.0000000000000000E+000                                        0                 -9.8999999999999986E+001                 -9.9000000000000000E+001                 -9.9000000000000000E+001 
                                     470                  9.8510048844959446E+000                  7.4030921810504191E-001                  6.0879195833560882E+000                 -3.4338062176676045E+000                  1.0825102365134162E+001                  7.1799999881704002E-001                  2.6800000118296002E-001                  1.4000000000000012E-002                  4.1278802779406696E-012                  2.6614242165397805E-035                  0.0000000000000000E+000                                        0                 -9.8999999999999986E+001                 -9.9000000000000000E+001                 -9.9000000000000000E+001 
                                     471                  9.8506996030055181E+000                  7.3928845814913435E-001                  6.0924058893058852E+000                 -3.4192932392935385E+000                  1.0844013834877654E+001                  7.1799999880922860E-001                  2.6800000119077139E-001                  1.4000000000000012E-002                  4.7255415144636231E-012                  4.2438952039028975E-035                  0.0000000000000000E+000                                        0                 -9.8999999999999986E+001                 -9.9000000000000000E+001                 -9.9000000000000000E+001 
                                     472                  9.8503943215150898E+000                  7.3829435146836753E-001                  6.0967492801849392E+000                 -3.4052691146275160E+000                  1.0862298722968708E+001                  7.1799999880138921E-001                  2.6800000119861089E-001                  1.3999999999999901E-002                  5.3842409034046195E-012                  6.6574447066812888E-035                  0.0000000000000000E+000                                        0                 -9.8999999999999986E+001                 -9.9000000000000000E+001                 -9.9000000000000000E+001 
                                     473                  9.8500890400246632E+000                  7.3732528476815351E-001                  6.1010242485397388E+000                 -3.3914956261535250E+000                  1.0880268493903095E+001                  7.1799999879340004E-001                  2.6800000120660000E-001                  1.4000000000000012E-002                  6.1196574071776925E-012                  1.0354792866449435E-034                  0.0000000000000000E+000                                        0                 -9.8999999999999986E+001                 -9.9000000000000000E+001                 -9.9000000000000000E+001 
                                     474                  9.8497742466466125E+000                  7.3635069742192594E-001                  6.1052319952907164E+000                 -3.3779583724819511E+000                  1.0897937818306728E+001                  7.1799999878525100E-001                  2.6800000121474910E-001                  1.3999999999999901E-002                  6.9389391121994057E-012                  1.5972057927016382E-034                  0.0000000000000000E+000                                        0                 -9.8999999999999986E+001                 -9.9000000000000000E+001                 -9.9000000000000000E+001 
                                     475                  9.8494594532685582E+000                  7.3539971627621425E-001                  6.1093149222909719E+000                 -3.3648455102095438E+000                  1.0915062202142799E+001                  7.1799999877707477E-001                  2.6800000122292528E-001                  1.4000000000000012E-002                  7.8357880266249864E-012                  2.4289997584686943E-034                  0.0000000000000000E+000                                        0                 -9.8999999999999986E+001                 -9.9000000000000000E+001                 -9.9000000000000000E+001 
                                     476                  9.8491446598905057E+000                  7.3447100950417143E-001                  6.1132805717259675E+000                 -3.3521306638607764E+000                  1.0931675232115817E+001                  7.1799999876884069E-001                  2.6800000123115936E-001                  1.4000000000000012E-002                  8.8147055481212712E-012                  3.6452658597563028E-034                  0.0000000000000000E+000                                        0                 -9.8999999999999986E+001                 -9.9000000000000000E+001                 -9.9000000000000000E+001 
                                     477                  9.8488298665124532E+000                  7.3356335966643427E-001                  6.1171358205425150E+000                 -3.3397898606954337E+000                  1.0947807463659094E+001                  7.1799999876055787E-001                  2.6800000123944212E-001                  1.4000000000000012E-002                  9.8803011312218256E-012                  5.4027995515760029E-034                  0.0000000000000000E+000                                        0                 -9.8999999999999986E+001                 -9.9000000000000000E+001                 -9.9000000000000000E+001 
                                     478                  9.8485150731344007E+000                  7.3267565071282281E-001                  6.1208869566120141E+000                 -3.3278012467112590E+000                  1.0963486775997975E+001                  7.1799999875222031E-001                  2.6800000124777973E-001                  1.4000000000000012E-002                  1.1037291750783772E-011                  7.9144009922493721E-034                  0.0000000000000000E+000                                        0                 -9.8999999999999986E+001                 -9.9000000000000000E+001                 -9.9000000000000000E+001 
                                     479                  9.8482002797563482E+000                  7.3180685680019486E-001                  6.1245397441231715E+000                 -3.3161448434170637E+000                  1.0978738676633888E+001                  7.1799999874382014E-001                  2.6800000125617984E-001                  1.4000000000000012E-002                  1.2290501381327418E-011                  1.1466235533140425E-033                  0.0000000000000000E+000                                        0                 -9.8999999999999986E+001                 -9.9000000000000000E+001                 -9.9000000000000000E+001 
                                     480                  9.8478854863782939E+000                  7.3095603262810249E-001                  6.1280994802896638E+000                 -3.3048023388195951E+000                  1.0993586563662864E+001                  7.1799999873539444E-001                  2.6800000126460549E-001                  1.4000000000000012E-002                  1.3644860549449786E-011                  1.6439810070404142E-033                  0.0000000000000000E+000                                        0                 -9.8999999999999986E+001                 -9.9000000000000000E+001                 -9.9000000000000000E+001 
                                     481                  9.8475706930002413E+000                  7.3012230504935016E-001                  6.1332962359103247E+000                 -3.2884126155335154E+000                  1.1015107890805075E+001                  7.1799999872274523E-001                  2.6800000127725482E-001                  1.4000000000000012E-002                  1.5881788245417411E-011                  2.7761278665053050E-033                  0.0000000000000000E+000                                        0                 -9.8999999999999986E+001                 -9.9000000000000000E+001                 -9.9000000000000000E+001 
                                     482                  9.8469411062441363E+000                  7.2850294879961741E-001                  6.1399122003810929E+000                 -3.2674106896426389E+000                  1.1042631582990465E+001                  7.1799999870570652E-001                  2.6800000129429341E-001                  1.4000000000000012E-002                  1.9260466322207842E-011                  5.3954348758510757E-033                  0.0000000000000000E+000                                        0                 -9.8999999999999986E+001                 -9.9000000000000000E+001                 -9.9000000000000000E+001 
                                     483                  9.8463115194880313E+000                  7.2694300270035350E-001                  6.1446616640029488E+000                 -3.2522554279754781E+000                  1.1062462268712336E+001                  7.1799999869280373E-001                  2.6800000130719615E-001                  1.4000000000000123E-002                  2.2114173782543540E-011                  8.6781567428947783E-033                  0.0000000000000000E+000                                        0                 -9.8999999999999986E+001                 -9.9000000000000000E+001                 -9.9000000000000000E+001 
                                     484                  9.8459967261099788E+000                  7.2618371776192048E-001                  6.1477536138408393E+000                 -3.2424849087273095E+000                  1.1075284547070162E+001                  7.1799999868417885E-001                  2.6800000131582102E-001                  1.4000000000000123E-002                  2.4184901684946111E-011                  1.1811911402988469E-032                  0.0000000000000000E+000                                        0                 -9.8999999999999986E+001                 -9.9000000000000000E+001                 -9.9000000000000000E+001 
                                     485                  9.8456819327319263E+000                  7.2543745356460732E-001                  6.1507799606931162E+000                 -3.2329341667399483E+000                  1.1087823362650827E+001                  7.1799999867548026E-001                  2.6800000132451968E-001                  1.4000000000000012E-002                  2.6394246428490421E-011                  1.5961369855730407E-032                  0.0000000000000000E+000                                        0                 -9.8999999999999986E+001                 -9.9000000000000000E+001                 -9.9000000000000000E+001 
                                     486                  9.8453671393538738E+000                  7.2470368021081555E-001                  6.1537436081986714E+000                 -3.2235933252538729E+000                  1.1100091395849203E+001                  7.1799999866681607E-001                  2.6800000133318397E-001                  1.4000000000000012E-002                  2.8747979906456866E-011                  2.1420147055024414E-032                  0.0000000000000000E+000                                        0                 -9.8999999999999986E+001                 -9.9000000000000000E+001                 -9.9000000000000000E+001 
                                     487                  9.8450523459758195E+000                  7.2398190088313530E-001                  6.1581812877982189E+000                 -3.2097328171275721E+000                  1.1118345491929919E+001                  7.1799999865369124E-001                  2.6800000134630875E-001                  1.4000000000000012E-002                  3.2651606606717839E-011                  3.3225917081659528E-032                  0.0000000000000000E+000                                        0                 -9.8999999999999986E+001                 -9.9000000000000000E+001                 -9.9000000000000000E+001 
                                     488                  9.8444032074922490E+000                  7.2252940220779960E-001                  6.1639297070440930E+000                 -3.1916778359550881E+000                  1.1142083515393876E+001                  7.1799999863558750E-001                  2.6800000136441254E-001                  1.4000000000000012E-002                  3.8495637915962468E-011                  5.8565092987225626E-032                  0.0000000000000000E+000                                        0                 -9.8999999999999986E+001                 -9.9000000000000000E+001                 -9.9000000000000000E+001 
                                     489                  9.8437540690086802E+000                  7.2112221979907321E-001                  6.1694591629732622E+000                 -3.1743561781023208E+000                  1.1164875588054818E+001                  7.1799999861722175E-001                  2.6800000138277813E-001                  1.4000000000000123E-002                  4.5072497642022727E-011                  1.0078963828536090E-031                  0.0000000000000000E+000                                        0                 -9.8999999999999986E+001                 -9.9000000000000000E+001                 -9.9000000000000000E+001 
                                     490                  9.8431049305251079E+000                  7.1975704780080207E-001                  6.1747871359226556E+000                 -3.1577098366438032E+000                  1.1186796721289626E+001                  7.1799999859863362E-001                  2.6800000140136632E-001                  1.4000000000000012E-002                  5.2438733335286941E-011                  1.6969470534746554E-031                  0.0000000000000000E+000                                        0                 -9.8999999999999986E+001                 -9.9000000000000000E+001                 -9.9000000000000000E+001 
                                     491                  9.8424557920415374E+000                  7.1843094242059369E-001                  6.1799291625484534E+000                 -3.1416875836275024E+000                  1.1207913285362475E+001                  7.1799999857969710E-001                  2.6800000142030295E-001                  1.4000000000000012E-002                  6.0652954068029199E-011                  2.7999944394111560E-031                  0.0000000000000000E+000                                        0                 -9.8999999999999986E+001                 -9.9000000000000000E+001                 -9.9000000000000000E+001 
                                     492                  9.8418066535579669E+000                  7.1714126964085545E-001                  6.1848991065033463E+000                 -3.1262439396855153E+000                  1.1228284291703877E+001                  7.1799999856075869E-001                  2.6800000143924152E-001                  1.3999999999999790E-002                  6.9775864270681666E-011                  4.5348071000630995E-031                  0.0000000000000000E+000                                        0                 -9.8999999999999986E+001                 -9.9000000000000000E+001                 -9.9000000000000000E+001 
                                     493                  9.8411575150743964E+000                  7.1588566218803951E-001                  6.1897093844270969E+000                 -3.1113383334447615E+000                  1.1247962445477061E+001                  7.1799999854148289E-001                  2.6800000145851716E-001                  1.4000000000000012E-002                  7.9870299265245741E-011                  7.2189926003985961E-031                  0.0000000000000000E+000                                        0                 -9.8999999999999986E+001                 -9.9000000000000000E+001                 -9.9000000000000000E+001 
                                     494                  9.8405083765908241E+000                  7.1466198383991342E-001                  6.1943711561855315E+000                 -3.0969344111832102E+000                  1.1266995016147160E+001                  7.1799999852220520E-001                  2.6800000147779485E-001                  1.4000000000000012E-002                  9.1001262975697079E-011                  1.1309692579342289E-030                  0.0000000000000000E+000                                        0                 -9.8999999999999986E+001                 -9.9000000000000000E+001                 -9.9000000000000000E+001 
                                     495                  9.8398592381072536E+000                  7.1346829960020208E-001                  6.1989641074063826E+000                 -3.0827899099381439E+000                  1.1285703701353439E+001                  7.1799999850283258E-001                  2.6800000149716735E-001                  1.4000000000000012E-002                  1.0343514474099997E-010                  1.7573520284898292E-030                  0.0000000000000000E+000                                        0                 -9.8999999999999986E+001                 -9.9000000000000000E+001                 -9.9000000000000000E+001 
                                     496                  9.8391900089442590E+000                  7.1226721222499012E-001                  6.2034900856650639E+000                 -3.0688900795292509E+000                  1.1304104337255351E+001                  7.1799999848280605E-001                  2.6800000151719400E-001                  1.4000000000000012E-002                  1.1729685852393026E-010                  2.7090501518962476E-030                  0.0000000000000000E+000                                        0                 -9.8999999999999986E+001                 -9.9000000000000000E+001                 -9.9000000000000000E+001 
                                     497                  9.8385207797812626E+000                  7.1109438049146989E-001                  6.2078876903637346E+000                 -3.0554275193359919E+000                  1.1321943588691415E+001                  7.1799999846253537E-001                  2.6800000153746451E-001                  1.4000000000000123E-002                  1.3248523242910585E-010                  4.1192046277524468E-030                  0.0000000000000000E+000                                        0                 -9.8999999999999986E+001                 -9.9000000000000000E+001                 -9.9000000000000000E+001 
                                     498                  9.8378515506182680E+000                  7.0994820342477238E-001                  6.2121649382965112E+000                 -3.0423754681287214E+000                  1.1339256006898074E+001                  7.1799999844204443E-001                  2.6800000155795550E-001                  1.4000000000000012E-002                  1.4908110872827014E-010                  6.1834773740212761E-030                  0.0000000000000000E+000                                        0                 -9.8999999999999986E+001                 -9.9000000000000000E+001                 -9.9000000000000000E+001 
                                     499                  9.8371823214552716E+000                  7.0882721672876559E-001                  6.2163290148854928E+000                 -3.0297094327720089E+000                  1.1356073026874222E+001                  7.1799999842130424E-001                  2.6800000157869586E-001                  1.3999999999999901E-002                  1.6716753667744567E-010                  9.1710841737130674E-030                  0.0000000000000000E+000                                        0                 -9.8999999999999986E+001                 -9.9000000000000000E+001                 -9.9000000000000000E+001 
                                     500                  9.8365130922922752E+000                  7.0773007771853580E-001                  6.2203863909647614E+000                 -3.0174069488247826E+000                  1.1372423332390301E+001                  7.1799999840040651E-001                  2.6800000159959353E-001                  1.4000000000000012E-002                  1.8682973409736800E-010                  1.3448949229633280E-029                  0.0000000000000000E+000                                        0                 -9.8999999999999986E+001                 -9.9000000000000000E+001                 -9.9000000000000000E+001 
                                     501                  9.8358438631292806E+000                  7.0665555225304810E-001                  6.2243429190610646E+000                 -3.0054473690974048E+000                  1.1388333168939287E+001                  7.1799999837933048E-001                  2.6800000162066945E-001                  1.4000000000000012E-002                  2.0815504616904173E-010                  1.9512705083640516E-029                  0.0000000000000000E+000                                        0                 -9.8999999999999986E+001                 -9.9000000000000000E+001                 -9.9000000000000000E+001 
                                     502                  9.8351746339662842E+000                  7.0560250336549557E-001                  6.2282039141976817E+000                 -2.9938116778376092E+000                  1.1403826613311052E+001                  7.1799999835806738E-001                  2.6800000164193266E-001                  1.4000000000000012E-002                  2.3123290470251546E-010                  2.8026184360091363E-029                  0.0000000000000000E+000                                        0                 -9.8999999999999986E+001                 -9.9000000000000000E+001                 -9.9000000000000000E+001 
                                     503                  9.8345054048032896E+000                  7.0456988133665610E-001                  6.2320321027602912E+000                 -2.9823116881642968E+000                  1.1419154592219561E+001                  7.1799999833630224E-001                  2.6800000166369775E-001                  1.4000000000000012E-002                  2.5655519601556049E-010                  4.0087127848552841E-029                  0.0000000000000000E+000                                        0                 -9.8999999999999986E+001                 -9.9000000000000000E+001                 -9.9000000000000000E+001 
                                     504                  9.8338155350781964E+000                  7.0352576543359402E-001                  6.2358270947104044E+000                 -2.9709408532667805E+000                  1.1434322629127658E+001                  7.1799999831397954E-001                  2.6800000168602051E-001                  1.4000000000000012E-002                  2.8430642203196163E-010                  5.7101131332997062E-029                  0.0000000000000000E+000                                        0                 -9.8999999999999986E+001                 -9.9000000000000000E+001                 -9.9000000000000000E+001 
                                     505                  9.8331256653531014E+000                  7.0250133912260293E-001                  6.2395349411736989E+000                 -2.9598616645339675E+000                  1.1449114320326858E+001                  7.1799999829144256E-001                  2.6800000170855748E-001                  1.4000000000000012E-002                  3.1422263290799765E-010                  8.0597112414200066E-029                  0.0000000000000000E+000                                        0                 -9.8999999999999986E+001                 -9.9000000000000000E+001                 -9.9000000000000000E+001 
                                     506                  9.8324357956280082E+000                  7.0149568952945873E-001                  6.2431597240754799E+000                 -2.9490589363063853E+000                  1.1463548693518753E+001                  7.1799999826869620E-001                  2.6800000173130384E-001                  1.4000000000000012E-002                  3.4641055625912413E-010                  1.1277836338664292E-028                  0.0000000000000000E+000                                        0                 -9.8999999999999986E+001                 -9.9000000000000000E+001                 -9.9000000000000000E+001 
                                     507                  9.8317459259029167E+000                  7.0050796909238511E-001                  6.2484669080853097E+000                 -2.9334163147167684E+000                  1.1484522784630528E+001                  7.1799999823415539E-001                  2.6800000176584460E-001                  1.4000000000000012E-002                  3.9926272511973353E-010                  1.8407263112623098E-028                  0.0000000000000000E+000                                        0                 -9.8999999999999986E+001                 -9.9000000000000000E+001                 -9.9000000000000000E+001 
                                     508                  9.8303661864527285E+000                  6.9858315915181002E-001                  6.2535722225223562E+000                 -2.9181746370529642E+000                  1.1504877246237568E+001                  7.1799999819923377E-001                  2.6800000180076633E-001                  1.3999999999999901E-002                  4.5770479270184756E-010                  2.9450138177330807E-028                  0.0000000000000000E+000                                        0                 -9.8999999999999986E+001                 -9.9000000000000000E+001                 -9.9000000000000000E+001 
                                     509                  9.8296763167276353E+000                  6.9764470401514300E-001                  6.2568996334129983E+000                 -2.9083465551766188E+000                  1.1518046254705592E+001                  7.1799999817571514E-001                  2.6800000182428502E-001                  1.3999999999999790E-002                  5.0008783602827675E-010                  3.9957484673371440E-028                  0.0000000000000000E+000                                        0                 -9.8999999999999986E+001                 -9.9000000000000000E+001                 -9.9000000000000000E+001 
                                     510                  9.8289864470025403E+000                  6.9672132882035209E-001                  6.2602101299990549E+000                 -2.8985890115185931E+000                  1.1531129420212427E+001                  7.1799999815169135E-001                  2.6800000184830869E-001                  1.4000000000000012E-002                  5.4602578016166888E-010                  5.4087756390074754E-028                  0.0000000000000000E+000                                        0                 -9.8999999999999986E+001                 -9.9000000000000000E+001                 -9.9000000000000000E+001 
                                     511                  9.8282753762249335E+000                  6.9578472407595338E-001                  6.2635027396742755E+000                 -2.8888988541353049E+000                  1.1544128424754010E+001                  7.1799999812701354E-001                  2.6800000187298650E-001                  1.4000000000000012E-002                  5.9577498671717513E-010                  7.3040379764246571E-028                  0.0000000000000000E+000                                        0                 -9.8999999999999986E+001                 -9.9000000000000000E+001                 -9.9000000000000000E+001 
                                     512                  9.8275643054473232E+000                  6.9486288761513237E-001                  6.2667298479189499E+000                 -2.8794167696835724E+000                  1.1556854779138924E+001                  7.1799999810211246E-001                  2.6800000189788753E-001                  1.4000000000000012E-002                  6.4879656998454475E-010                  9.7975072839500211E-028                  0.0000000000000000E+000                                        0                 -9.8999999999999986E+001                 -9.9000000000000000E+001                 -9.9000000000000000E+001 
                                     513                  9.8268532346697164E+000                  6.9395524256881125E-001                  6.2698939599562653E+000                 -2.8701333678483878E+000                  1.1569320227321890E+001                  7.1799999807687021E-001                  2.6800000192312978E-001                  1.4000000000000012E-002                  7.0522439485681018E-010                  1.3057987956192059E-027                  0.0000000000000000E+000                                        0                 -9.8999999999999986E+001                 -9.9000000000000000E+001                 -9.9000000000000000E+001 
                                     514                  9.8261421638921060E+000                  6.9306124750407072E-001                  6.2745406963733013E+000                 -2.8566194034162766E+000                  1.1587517056232711E+001                  7.1799999803865400E-001                  2.6800000196134610E-001                  1.3999999999999901E-002                  7.9665541237911448E-010                  1.9882005701342558E-027                  0.0000000000000000E+000                                        0                 -9.8999999999999986E+001                 -9.9000000000000000E+001                 -9.9000000000000000E+001 
                                     515                  9.8247200223368907E+000                  6.9131215073018049E-001                  6.2805174093656975E+000                 -2.8391380747254269E+000                  1.1611013394929889E+001                  7.1799999798700476E-001                  2.6800000201299518E-001                  1.4000000000000012E-002                  9.3163258465250727E-010                  3.4080348941986606E-027                  0.0000000000000000E+000                                        0                 -9.8999999999999986E+001                 -9.9000000000000000E+001                 -9.9000000000000000E+001 
                                     516                  9.8232978807816735E+000                  6.8961192478287359E-001                  6.2863679268925123E+000                 -2.8220618684136847E+000                  1.1633980549626818E+001                  7.1799999793374514E-001                  2.6800000206625496E-001                  1.3999999999999901E-002                  1.0851925269541582E-009                  5.7622741646027223E-027                  0.0000000000000000E+000                                        0                 -9.8999999999999986E+001                 -9.9000000000000000E+001                 -9.9000000000000000E+001 
                                     517                  9.8218321953039620E+000                  6.8790727292906195E-001                  6.2906708046159121E+000                 -2.8094260305204375E+000                  1.1650942673478243E+001                  7.1799999789254010E-001                  2.6800000210746006E-001                  1.3999999999999790E-002                  1.2138530384098642E-009                  8.4685900044577968E-027                  0.0000000000000000E+000                                        0                 -9.8999999999999986E+001                 -9.9000000000000000E+001                 -9.9000000000000000E+001 
                                     518                  9.8210993525651080E+000                  6.8707209017037729E-001                  6.2934843705358263E+000                 -2.8012265144640107E+000                  1.1661976226377018E+001                  7.1799999786461188E-001                  2.6800000213538805E-001                  1.4000000000000012E-002                  1.3057241704836623E-009                  1.0884472270736460E-026                  0.0000000000000000E+000                                        0                 -9.8999999999999986E+001                 -9.9000000000000000E+001                 -9.9000000000000000E+001 
                                     519                  9.8203665098262523E+000                  6.8624781692441261E-001                  6.2976248496813376E+000                 -2.7892432558879250E+000                  1.1678136950271787E+001                  7.1799999782237744E-001                  2.6800000217762260E-001                  1.4000000000000012E-002                  1.4531066532741626E-009                  1.5729745210646853E-026                  0.0000000000000000E+000                                        0                 -9.8999999999999986E+001                 -9.9000000000000000E+001                 -9.9000000000000000E+001 
                                     520                  9.8189008243485425E+000                  6.8463056170323711E-001                  6.3029679833874326E+000                 -2.7736731534882795E+000                  1.1699089178135798E+001                  7.1799999776514467E-001                  2.6800000223485532E-001                  1.4000000000000012E-002                  1.6678875109362255E-009                  2.5263142720149490E-026                  0.0000000000000000E+000                                        0                 -9.8999999999999986E+001                 -9.9000000000000000E+001                 -9.9000000000000000E+001 
                                     521                  9.8174351388708327E+000                  6.8305294726101862E-001                  6.3108525124433781E+000                 -2.7509871363767671E+000                  1.1729741226963931E+001                  7.1799999767614964E-001                  2.6800000232385046E-001                  1.3999999999999901E-002                  2.0411061322225190E-009                  5.0627398574922161E-026                  0.0000000000000000E+000                                        0                 -9.8999999999999986E+001                 -9.9000000000000000E+001                 -9.9000000000000000E+001 
                                     522                  9.8144143559345913E+000                  6.7991635143414875E-001                  6.3183546669003690E+000                 -2.7288006141857468E+000                  1.1759457852057409E+001                  7.1799999758304089E-001                  2.6800000241695909E-001                  1.4000000000000012E-002                  2.4746880118905046E-009                  9.7872173350050439E-026                  0.0000000000000000E+000                                        0                 -9.8999999999999986E+001                 -9.9000000000000000E+001                 -9.9000000000000000E+001 
                                     523                  9.8129039644664715E+000                  6.7840200594140299E-001                  6.3219848434196209E+000                 -2.7181274188264624E+000                  1.1773779919840013E+001                  7.1799999753531807E-001                  2.6800000246468186E-001                  1.4000000000000012E-002                  2.7151916471654949E-009                  1.3445142140885532E-025                  0.0000000000000000E+000                                        0                 -9.8999999999999986E+001                 -9.9000000000000000E+001                 -9.9000000000000000E+001 
                                     524                  9.8121487687324098E+000                  6.7765742542338270E-001                  6.3243647287939702E+000                 -2.7111679327220397E+000                  1.1783134670955411E+001                  7.1799999750331744E-001                  2.6800000249668254E-001                  1.4000000000000012E-002                  2.8848384303146702E-009                  1.6547826868800146E-025                  0.0000000000000000E+000                                        0                 -9.8999999999999986E+001                 -9.9000000000000000E+001                 -9.9000000000000000E+001 
                                     525                  9.8113935729983499E+000                  6.7692092361690170E-001                  6.3279467608548154E+000                 -2.7007482072809652E+000                  1.1797164158541456E+001                  7.1799999745465670E-001                  2.6800000254534329E-001                  1.4000000000000012E-002                  3.1594459310089603E-009                  2.2600598437284450E-025                  0.0000000000000000E+000                                        0                 -9.8999999999999986E+001                 -9.9000000000000000E+001                 -9.9000000000000000E+001 
                                     526                  9.8098372941507002E+000                  6.7542769910582412E-001                  6.3326311401799114E+000                 -2.6870130073490008E+000                  1.1815611006627231E+001                  7.1799999738723408E-001                  2.6800000261276591E-001                  1.4000000000000012E-002                  3.5582148589824537E-009                  3.3942559894839159E-025                  0.0000000000000000E+000                                        0                 -9.8999999999999986E+001                 -9.9000000000000000E+001                 -9.9000000000000000E+001 
                                     527                  9.8082810153030469E+000                  6.7396612043786308E-001                  6.3394331785506663E+000                 -2.6672488111421386E+000                  1.1842231840703551E+001                  7.1799999728371977E-001                  2.6800000271628011E-001                  1.4000000000000123E-002                  4.2242377582769917E-009                  6.1090790825736426E-025                  0.0000000000000000E+000                                        0                 -9.8999999999999986E+001                 -9.9000000000000000E+001                 -9.9000000000000000E+001 
                                     528                  9.8051684576077456E+000                  6.7113128718387471E-001                  6.3459547177129796E+000                 -2.6478112205002020E+000                  1.1868202840431033E+001                  7.1799999717664875E-001                  2.6800000282335124E-001                  1.4000000000000012E-002                  4.9818642469270622E-009                  1.0715297906096905E-024                  0.0000000000000000E+000                                        0                 -9.8999999999999986E+001                 -9.9000000000000000E+001                 -9.9000000000000000E+001 
                                     529                  9.8035650910096486E+000                  6.6971422667427327E-001                  6.3502557201122647E+000                 -2.6351029932375898E+000                  1.1885229134894873E+001                  7.1799999710204709E-001                  2.6800000289795295E-001                  1.4000000000000012E-002                  5.5510631286126371E-009                  1.5495522646777312E-024                  0.0000000000000000E+000                                        0                 -9.8999999999999986E+001                 -9.9000000000000000E+001                 -9.9000000000000000E+001 
                                     530                  9.8019617244115533E+000                  6.6832462532402703E-001                  6.3565167176769970E+000                 -2.6167503427184498E+000                  1.1909879864214517E+001                  7.1799999698746453E-001                  2.6800000301253535E-001                  1.4000000000000123E-002                  6.4924210022915630E-009                  2.6447326620658264E-024                  0.0000000000000000E+000                                        0                 -9.8999999999999986E+001                 -9.9000000000000000E+001                 -9.9000000000000000E+001 
                                     531                  9.7987549912153611E+000                  6.6562253116450854E-001                  6.3625423759843045E+000                 -2.5986513932151594E+000                  1.1934003950816860E+001                  7.1799999686930238E-001                  2.6800000313069766E-001                  1.4000000000000012E-002                  7.5522069549523876E-009                  4.4186157754393098E-024                  0.0000000000000000E+000                                        0                 -9.8999999999999986E+001                 -9.9000000000000000E+001                 -9.9000000000000000E+001 
                                     532                  9.7971033177530114E+000                  6.6426874072930564E-001                  6.3665245537489730E+000                 -2.5867811669751024E+000                  1.1949863578872291E+001                  7.1799999678692683E-001                  2.6800000321307327E-001                  1.3999999999999901E-002                  8.3416175112684648E-009                  6.1940910296774351E-024                  0.0000000000000000E+000                                        0                 -9.8999999999999986E+001                 -9.9000000000000000E+001                 -9.9000000000000000E+001 
                                     533                  9.7954516442906616E+000                  6.6293918578507915E-001                  6.3704057400605123E+000                 -2.5751836000979687E+000                  1.1965347023648219E+001                  7.1799999670297598E-001                  2.6800000329702417E-001                  1.3999999999999790E-002                  9.1888415381422621E-009                  8.6015086425617272E-024                  0.0000000000000000E+000                                        0                 -9.8999999999999986E+001                 -9.9000000000000000E+001                 -9.9000000000000000E+001 
                                     534                  9.7937999708283137E+000                  6.6163282646909061E-001                  6.3741905887306434E+000                 -2.5638448910834195E+000                  1.1980472750590769E+001                  7.1799999661767766E-001                  2.6800000338232227E-001                  1.4000000000000012E-002                  1.0096326484374270E-008                  1.1838038216479175E-023                  0.0000000000000000E+000                                        0                 -9.8999999999999986E+001                 -9.9000000000000000E+001                 -9.9000000000000000E+001 
                                     535                  9.7921482973659657E+000                  6.6034869430328136E-001                  6.3798274427424033E+000                 -2.5470727585793385E+000                  1.2002894526190204E+001                  7.1799999648432089E-001                  2.6800000351567910E-001                  1.4000000000000012E-002                  1.1608973076950923E-008                  1.9012698929174335E-023                  0.0000000000000000E+000                                        0                 -9.8999999999999986E+001                 -9.9000000000000000E+001                 -9.9000000000000000E+001 
                                     536                  9.7887458608882234E+000                  6.5776943986541692E-001                  6.3870675150476934E+000                 -2.5251789992831233E+000                  1.2032015567003974E+001                  7.1799999629903322E-001                  2.6800000370096672E-001                  1.4000000000000012E-002                  1.3890573261362162E-008                  3.4871318448843369E-023                  0.0000000000000000E+000                                        0                 -9.8999999999999986E+001                 -9.9000000000000000E+001                 -9.9000000000000000E+001 
                                     537                  9.7853434244104829E+000                  6.5527361903141246E-001                  6.3940746274369511E+000                 -2.5038643536262346E+000                  1.2060314515749713E+001                  7.1799999610532228E-001                  2.6800000389467760E-001                  1.4000000000000123E-002                  1.6517521434237508E-008                  6.2552805523561487E-023                  0.0000000000000000E+000                                        0                 -9.8999999999999986E+001                 -9.9000000000000000E+001                 -9.9000000000000000E+001 
                                     538                  9.7818393834861688E+000                  6.5278386587839243E-001                  6.3991729957667207E+000                 -2.4881067044966092E+000                  1.2081133235444099E+001                  7.1799999595211417E-001                  2.6800000404788582E-001                  1.4000000000000012E-002                  1.8738337143873847E-008                  9.5576193085765319E-023                  0.0000000000000000E+000                                        0                 -9.8999999999999986E+001                 -9.9000000000000000E+001                 -9.9000000000000000E+001 
                                     539                  9.7800873630240144E+000                  6.5156787212948175E-001                  6.4024884139518852E+000                 -2.4779120093389406E+000                  1.2094623442003057E+001                  7.1799999584730978E-001                  2.6800000415269015E-001                  1.4000000000000012E-002                  2.0333727087611848E-008                  1.2579345756380751E-022                  0.0000000000000000E+000                                        0                 -9.8999999999999986E+001                 -9.9000000000000000E+001                 -9.9000000000000000E+001 
                                     540                  9.7783353425618582E+000                  6.5037014671752635E-001                  6.4074365532777824E+000                 -2.4627663419511276E+000                  1.2114693298791517E+001                  7.1799999568561901E-001                  2.6800000431438104E-001                  1.4000000000000012E-002                  2.2960401556509898E-008                  1.8928949441932849E-022                  0.0000000000000000E+000                                        0                 -9.8999999999999986E+001                 -9.9000000000000000E+001                 -9.9000000000000000E+001 
                                     541                  9.7747271386968482E+000                  6.4795816357542035E-001                  6.4138143574137318E+000                 -2.4429020520529421E+000                  1.2140876126743379E+001                  7.1799999546025794E-001                  2.6800000453974193E-001                  1.4000000000000123E-002                  2.6859751898261874E-008                  3.2010596660390534E-022                  0.0000000000000000E+000                                        0                 -9.8999999999999986E+001                 -9.9000000000000000E+001                 -9.9000000000000000E+001 
                                     542                  9.7711189348318381E+000                  6.4561586808522264E-001                  6.4200088419898895E+000                 -2.4234564304167745E+000                  1.2166446117073386E+001                  7.1799999522338864E-001                  2.6800000477661123E-001                  1.4000000000000123E-002                  3.1273365558601055E-008                  5.3218880638387420E-022                  0.0000000000000000E+000                                        0                 -9.8999999999999986E+001                 -9.9000000000000000E+001                 -9.9000000000000000E+001 
                                     543                  9.7674039604898031E+000                  6.4327223457069671E-001                  6.4260275606232051E+000                 -2.4043928750109305E+000                  1.2191446336408585E+001                  7.1799999497442335E-001                  2.6800000502557647E-001                  1.4000000000000234E-002                  3.6250406484265876E-008                  8.7059075534965975E-022                  0.0000000000000000E+000                                        0                 -9.8999999999999986E+001                 -9.9000000000000000E+001                 -9.9000000000000000E+001 
                                     544                  9.7636889861477680E+000                  6.4099314979747313E-001                  6.4318849672504905E+000                 -2.3856952859953835E+000                  1.2215909667096181E+001                  7.1799999471345988E-001                  2.6800000528654011E-001                  1.4000000000000012E-002                  4.1846690622572318E-008                  1.4031473324386725E-021                  0.0000000000000000E+000                                        0                 -9.8999999999999986E+001                 -9.9000000000000000E+001                 -9.9000000000000000E+001 
                                     545                  9.7598645796365329E+000                  6.3871010570773146E-001                  6.4375879591681793E+000                 -2.3673342239192547E+000                  1.2239871805558055E+001                  7.1799999443893825E-001                  2.6800000556106174E-001                  1.4000000000000012E-002                  4.8119195991973369E-008                  2.2297630455977145E-021                  0.0000000000000000E+000                                        0                 -9.8999999999999986E+001                 -9.9000000000000000E+001                 -9.9000000000000000E+001 
                                     546                  9.7560401731252959E+000                  6.3648724459391370E-001                  6.4431495688048610E+000                 -2.3492980037267746E+000                  1.2263359801709438E+001                  7.1799999415123450E-001                  2.6800000584876549E-001                  1.4000000000000012E-002                  5.5132722855514962E-008                  3.4976509698047837E-021                  0.0000000000000000E+000                                        0                 -9.8999999999999986E+001                 -9.9000000000000000E+001                 -9.9000000000000000E+001 
                                     547                  9.7521036076723533E+000                  6.3425825889101717E-001                  6.4485758489104921E+000                 -2.3315623052008254E+000                  1.2286403600780748E+001                  7.1799999384864233E-001                  2.6800000615135733E-001                  1.4000000000000346E-002                  6.2953282567070001E-008                  5.4191973040893876E-021                  0.0000000000000000E+000                                        0                 -9.8999999999999986E+001                 -9.9000000000000000E+001                 -9.9000000000000000E+001 
                                     548                  9.7481670422194089E+000                  6.3208568710668478E-001                  6.4538783876531971E+000                 -2.3141183890872767E+000                  1.2309025731247093E+001                  7.1799999353255606E-001                  2.6800000646744393E-001                  1.4000000000000012E-002                  7.1656024744977055E-008                  8.3016862286861576E-021                  0.0000000000000000E+000                                        0                 -9.8999999999999986E+001                 -9.9000000000000000E+001                 -9.9000000000000000E+001 
                                     549                  9.7441155154561869E+000                  6.2990516211118996E-001                  6.4577723681205876E+000                 -2.3011318965852228E+000                  1.2325800843834415E+001                  7.1799999328279751E-001                  2.6800000671720231E-001                  1.4000000000000234E-002                  7.8816417449518241E-008                  1.1348263800786929E-020                  0.0000000000000000E+000                                        0                 -9.8999999999999986E+001                 -9.9000000000000000E+001                 -9.9000000000000000E+001 
                                     550                  9.7420897520745751E+000                  6.2883506391310151E-001                  6.4603184744171722E+000                 -2.2926743600903041E+000                  1.2336738478834560E+001                  7.1799999311202301E-001                  2.6800000688797682E-001                  1.4000000000000234E-002                  8.3864716321329405E-008                  1.3914360835797336E-020                  0.0000000000000000E+000                                        0                 -9.8999999999999986E+001                 -9.9000000000000000E+001                 -9.9000000000000000E+001 
                                     551                  9.7400639886929632E+000                  6.2777786412615944E-001                  6.4641379005682582E+000                 -2.2800372528443269E+000                  1.2353100240700742E+001                  7.1799999284870897E-001                  2.6800000715129080E-001                  1.4000000000000234E-002                  9.2024257650180700E-008                  1.8876628105445443E-020                  0.0000000000000000E+000                                        0                 -9.8999999999999986E+001                 -9.9000000000000000E+001                 -9.9000000000000000E+001 
                                     552                  9.7358946170696719E+000                  6.2564093526523368E-001                  6.4691087164243610E+000                 -2.2633747638455834E+000                  1.2374593173558273E+001                  7.1799999248200475E-001                  2.6800000751799508E-001                  1.4000000000000234E-002                  1.0386407529775600E-007                  2.8054362781823058E-020                  0.0000000000000000E+000                                        0                 -9.8999999999999986E+001                 -9.9000000000000000E+001                 -9.9000000000000000E+001 
                                     553                  9.7317252454463805E+000                  6.2355421984608939E-001                  6.4739836816374003E+000                 -2.2469525725665633E+000                  1.2395746658434110E+001                  7.1799999209691934E-001                  2.6800000790308037E-001                  1.4000000000000234E-002                  1.1693694064187045E-007                  4.1329019166793126E-020                  0.0000000000000000E+000                                        0                 -9.8999999999999986E+001                 -9.9000000000000000E+001                 -9.9000000000000000E+001 
                                     554                  9.7274350560385123E+000                  6.2145661666745478E-001                  6.4787659950184642E+000                 -2.2307546459613845E+000                  1.2416579457343332E+001                  7.1799999169251727E-001                  2.6800000830748250E-001                  1.4000000000000234E-002                  1.3134371276253630E-007                  6.0372608491398767E-020                  0.0000000000000000E+000                                        0                 -9.8999999999999986E+001                 -9.9000000000000000E+001                 -9.9000000000000000E+001 
                                     555                  9.7231448666306459E+000                  6.1940664937364653E-001                  6.4834631868648023E+000                 -2.2147761245792790E+000                  1.2437105421062851E+001                  7.1799999126897984E-001                  2.6800000873101998E-001                  1.4000000000000234E-002                  1.4719903305508788E-007                  8.7503662111456672E-020                  0.0000000000000000E+000                                        0                 -9.8999999999999986E+001                 -9.9000000000000000E+001                 -9.9000000000000000E+001 
                                     556                  9.7187307876166180E+000                  6.1734459536268971E-001                  6.4880777713409596E+000                 -2.1990027015543805E+000                  1.2457340868991148E+001                  7.1799999082382282E-001                  2.6800000917617678E-001                  1.4000000000000457E-002                  1.6461844933406737E-007                  1.2587414727799766E-019                  0.0000000000000000E+000                                        0                 -9.8999999999999986E+001                 -9.9000000000000000E+001                 -9.9000000000000000E+001 
                                     557                  9.7143167086025883E+000                  6.1532787850095672E-001                  6.4926163598602882E+000                 -2.1834302827458649E+000                  1.2477297789067826E+001                  7.1799999035907724E-001                  2.6800000964092219E-001                  1.4000000000000568E-002                  1.8373334089216343E-007                  1.7980704101370437E-019                  0.0000000000000000E+000                                        0                 -9.8999999999999986E+001                 -9.9000000000000000E+001                 -9.9000000000000000E+001 
                                     558                  9.7097755661463587E+000                  6.1329801253507832E-001                  6.4970809179394058E+000                 -2.1680460217514090E+000                  1.2496990472941953E+001                  7.1799998986669222E-001                  2.6800001013330732E-001                  1.4000000000000457E-002                  2.0467584659302235E-007                  2.5511509812770544E-019                  0.0000000000000000E+000                                        0                 -9.8999999999999986E+001                 -9.9000000000000000E+001                 -9.9000000000000000E+001 
                                     559                  9.7052344236901291E+000                  6.1131142396297888E-001                  6.5036891125912080E+000                 -2.1454661222317601E+000                  1.2525963560953722E+001                  7.1799998908560869E-001                  2.6800001091439069E-001                  1.4000000000000679E-002                  2.3990953992249062E-007                  4.2711866838721616E-019                  0.0000000000000000E+000                                        0                 -9.8999999999999986E+001                 -9.9000000000000000E+001                 -9.9000000000000000E+001 
                                     560                  9.6958914569808492E+000                  6.0735084826426167E-001                  6.5100762236729359E+000                 -2.1229653916542088E+000                  1.2554592295912466E+001                  7.1799998825182998E-001                  2.6800001174816918E-001                  1.4000000000000901E-002                  2.7999804296225903E-007                  7.0237896717562404E-019                  0.0000000000000000E+000                                        0                 -9.8999999999999986E+001                 -9.9000000000000000E+001                 -9.9000000000000000E+001 
                                     561                  9.6910862500038419E+000                  6.0537662043420704E-001                  6.5142841169305257E+000                 -2.1082684327887673E+000                  1.2573337215768614E+001                  7.1799998765910611E-001                  2.6800001234089293E-001                  1.4000000000000901E-002                  3.0981994348539409E-007                  9.7327329404235338E-019                  0.0000000000000000E+000                                        0                 -9.8999999999999986E+001                 -9.9000000000000000E+001                 -9.9000000000000000E+001 
                                     562                  9.6862810430268347E+000                  6.0344214374034677E-001                  6.5184363294190364E+000                 -2.0937285106467511E+000                  1.2591869336984638E+001                  7.1799998703868972E-001                  2.6800001296130910E-001                  1.4000000000001123E-002                  3.4230948451893816E-007                  1.3416920972042891E-018                  0.0000000000000000E+000                                        0                 -9.8999999999999986E+001                 -9.9000000000000000E+001                 -9.9000000000000000E+001 
                                     563                  9.6813386233981191E+000                  6.0149194868333733E-001                  6.5225336691315707E+000                 -2.0793359455428848E+000                  1.2610198600256558E+001                  7.1799998638697438E-001                  2.6800001361302428E-001                  1.4000000000001345E-002                  3.7766199382671404E-007                  1.8402515959266604E-018                  0.0000000000000000E+000                                        0                 -9.8999999999999986E+001                 -9.9000000000000000E+001                 -9.9000000000000000E+001 
                                     564                  9.6763962037694018E+000                  5.9957998848773131E-001                  6.5265803201259125E+000                 -2.0650885685327638E+000                  1.2628332165101190E+001                  7.1799998570690682E-001                  2.6800001429309162E-001                  1.4000000000001567E-002                  4.1609981144735640E-007                  2.5121857894593548E-018                  0.0000000000000000E+000                                        0                 -9.8999999999999986E+001                 -9.9000000000000000E+001                 -9.9000000000000000E+001 
                                     565                  9.6713129754837048E+000                  5.9765161159330016E-001                  6.5305768370117701E+000                 -2.0509774943437620E+000                  1.2646278928451878E+001                  7.1799998498686601E-001                  2.6800001501313225E-001                  1.4000000000001789E-002                  4.5784468375997821E-007                  3.4136386301132738E-018                  0.0000000000000000E+000                                        0                 -9.8999999999999986E+001                 -9.9000000000000000E+001                 -9.9000000000000000E+001 
                                     566                  9.6662297471980079E+000                  5.9576009214466819E-001                  6.5365157193958368E+000                 -2.0301885307451331E+000                  1.2672782687114744E+001                  7.1799998384537078E-001                  2.6800001615462715E-001                  1.4000000000002011E-002                  5.2731372344018580E-007                  5.3732403426353614E-018                  0.0000000000000000E+000                                        0                 -9.8999999999999986E+001                 -9.9000000000000000E+001                 -9.9000000000000000E+001 
                                     567                  9.6557742662357064E+000                  5.9197804147870192E-001                  6.5422934630017062E+000                 -2.0094259699911885E+000                  1.2699066084346239E+001                  7.1799998262775411E-001                  2.6800001737224322E-001                  1.4000000000002677E-002                  6.0548132832422261E-007                  8.3496763009687722E-018                  0.0000000000000000E+000                                        0                 -9.8999999999999986E+001                 -9.9000000000000000E+001                 -9.9000000000000000E+001 
                                     568                  9.6503982044000853E+000                  5.9008742566661387E-001                  6.5461128154278665E+000                 -1.9958174577015588E+000                  1.2716333812763793E+001                  7.1799998176271407E-001                  2.6800001823728287E-001                  1.4000000000003121E-002                  6.6307666917529804E-007                  1.1160298010159818E-017                  0.0000000000000000E+000                                        0                 -9.8999999999999986E+001                 -9.9000000000000000E+001                 -9.9000000000000000E+001 
                                     569                  9.6450221425644660E+000                  5.8823126721846530E-001                  6.5498930465367398E+000                 -1.9823248686123918E+000                  1.2733447111508633E+001                  7.1799998085769334E-001                  2.6800001914230331E-001                  1.4000000000003343E-002                  7.2537862766746297E-007                  1.4862270024037782E-017                  0.0000000000000000E+000                                        0                 -9.8999999999999986E+001                 -9.9000000000000000E+001                 -9.9000000000000000E+001 
                                     570                  9.6394938452113657E+000                  5.8635694063178534E-001                  6.5536342124897198E+000                 -1.9689412112064146E+000                  1.2750412523448830E+001                  7.1799997990747000E-001                  2.6800002009252599E-001                  1.4000000000004009E-002                  7.9270920869048241E-007                  1.9720483127284479E-017                  0.0000000000000000E+000                                        0                 -9.8999999999999986E+001                 -9.9000000000000000E+001                 -9.9000000000000000E+001 
                                     571                  9.6339655478582635E+000                  5.8451602204292696E-001                  6.5592053252488682E+000                 -1.9491809662101096E+000                  1.2775520291472088E+001                  7.1799997839188623E-001                  2.6800002160810882E-001                  1.4000000000004897E-002                  9.0407194715212991E-007                  2.9996344869685435E-017                  0.0000000000000000E+000                                        0                 -9.8999999999999986E+001                 -9.9000000000000000E+001                 -9.9000000000000000E+001 
                                     572                  9.6225964402999224E+000                  5.8082885653799332E-001                  6.5664753784244088E+000                 -1.9230283442690030E+000                  1.2808626725454191E+001                  7.1799997620562683E-001                  2.6800002379436672E-001                  1.4000000000006452E-002                  1.0735129895738184E-006                  5.1769836271231094E-017                  0.0000000000000000E+000                                        0                 -9.8999999999999986E+001                 -9.9000000000000000E+001                 -9.9000000000000000E+001 
                                     573                  9.6109065603958719E+000                  5.7716746064486091E-001                  6.5718193453277003E+000                 -1.9035563722117075E+000                  1.2833194159423245E+001                  7.1799997443406061E-001                  2.6800002556593128E-001                  1.4000000000008117E-002                  1.2181675447912749E-006                  7.7229317034449927E-017                  0.0000000000000000E+000                                        0                 -9.8999999999999986E+001                 -9.9000000000000000E+001                 -9.9000000000000000E+001 
                                     574                  9.6048969952577572E+000                  5.7533320500515517E-001                  6.5753609923213432E+000                 -1.8907615125020536E+000                  1.2849374858802966E+001                  7.1799997317615583E-001                  2.6800002682383500E-001                  1.4000000000009116E-002                  1.3240175815236973E-006                  1.0056289991009826E-016                  0.0000000000000000E+000                                        0                 -9.8999999999999986E+001                 -9.9000000000000000E+001                 -9.9000000000000000E+001 
                                     575                  9.5988874301196407E+000                  5.7352968165969076E-001                  6.5788747710421740E+000                 -1.8780555996162551E+000                  1.2865439837315531E+001                  7.1799997186065534E-001                  2.6800002813933427E-001                  1.4000000000010449E-002                  1.4379339816846950E-006                  1.3059447595768067E-016                  0.0000000000000000E+000                                        0                 -9.8999999999999986E+001                 -9.9000000000000000E+001                 -9.9000000000000000E+001 
                                     576                  9.5927088926122863E+000                  5.7170621038811553E-001                  6.5823606429333408E+000                 -1.8654336535494593E+000                  1.2881393665799040E+001                  7.1799997048001529E-001                  2.6800002951997276E-001                  1.4000000000012003E-002                  1.5604474729534899E-006                  1.6914319366868687E-016                  0.0000000000000000E+000                                        0                 -9.8999999999999986E+001                 -9.9000000000000000E+001                 -9.9000000000000000E+001 
                                     577                  9.5865303551049337E+000                  5.6991270561394536E-001                  6.5875646293865904E+000                 -1.8467581797300225E+000                  1.2905056388752891E+001                  7.1799996827904511E-001                  2.6800003172094022E-001                  1.4000000000014667E-002                  1.7618524773380205E-006                  2.4847074592810031E-016                  0.0000000000000000E+000                                        0                 -9.8999999999999986E+001                 -9.9000000000000000E+001                 -9.9000000000000000E+001 
                                     578                  9.5738264204638188E+000                  5.6631388911550862E-001                  6.5926687216620401E+000                 -1.8280585844682928E+000                  1.2928622010500083E+001                  7.1799996593740778E-001                  2.6800003406257400E-001                  1.4000000000018220E-002                  1.9857152871160964E-006                  3.6215278771134404E-016                  0.0000000000000000E+000                                        0                 -9.8999999999999986E+001                 -9.9000000000000000E+001                 -9.9000000000000000E+001 
                                     579                  9.5672964528213118E+000                  5.6450859728194180E-001                  6.5960575968176665E+000                 -1.8157544837966166E+000                  1.2944165654379523E+001                  7.1799996427505630E-001                  2.6800003572492276E-001                  1.4000000000020885E-002                  2.1489058731280611E-006                  4.6461565971474261E-016                  0.0000000000000000E+000                                        0                 -9.8999999999999986E+001                 -9.9000000000000000E+001                 -9.9000000000000000E+001 
                                     580                  9.5607664851788030E+000                  5.6273188785272510E-001                  6.6011228808484494E+000                 -1.7975346285012472E+000                  1.2967240702989290E+001                  7.1799996162545032E-001                  2.6800003837452396E-001                  1.4000000000025770E-002                  2.4165625641515118E-006                  6.7324903331431835E-016                  0.0000000000000000E+000                                        0                 -9.8999999999999986E+001                 -9.9000000000000000E+001                 -9.9000000000000000E+001 
                                     581                  9.5473411765628580E+000                  5.5916393981936285E-001                  6.6061020265876689E+000                 -1.7792839748649878E+000                  1.2990241816807270E+001                  7.1799995880710921E-001                  2.6800004119285925E-001                  1.4000000000031543E-002                  2.7134220042500745E-006                  9.6897504831232136E-016                  0.0000000000000000E+000                                        0                 -9.8999999999999986E+001                 -9.9000000000000000E+001                 -9.9000000000000000E+001 
                                     582                  9.5404410329235443E+000                  5.5737272079755285E-001                  6.6094117370528371E+000                 -1.7672664648078880E+000                  1.3005425732522674E+001                  7.1799995680711037E-001                  2.6800004319285348E-001                  1.4000000000036206E-002                  2.9293895639567481E-006                  1.2331402106480637E-015                  0.0000000000000000E+000                                        0                 -9.8999999999999986E+001                 -9.9000000000000000E+001                 -9.9000000000000000E+001 
                                     583                  9.5335408892842288E+000                  5.5560886172341128E-001                  6.6143640655610358E+000                 -1.7494585247501899E+000                  1.3027984610847586E+001                  7.1799995362018354E-001                  2.6800004637977182E-001                  1.4000000000044643E-002                  3.2829149364846438E-006                  1.7662503346507817E-015                  0.0000000000000000E+000                                        0                 -9.8999999999999986E+001                 -9.9000000000000000E+001                 -9.9000000000000000E+001 
                                     584                  9.5193557842262564E+000                  5.5206411578931447E-001                  6.6208841986829103E+000                 -1.7258154182046934E+000                  1.3057871273646834E+001                  7.1799994902875830E-001                  2.6800005097118312E-001                  1.4000000000058632E-002                  3.8142100933197172E-006                  2.8305879862624308E-015                  0.0000000000000000E+000                                        0                 -9.8999999999999986E+001                 -9.9000000000000000E+001                 -9.9000000000000000E+001 
                                     585                  9.5047757831999817E+000                  5.4852831425192805E-001                  6.6273452328924209E+000                 -1.7024175768864080E+000                  1.3087460515777520E+001                  7.1799994399490086E-001                  2.6800005600502208E-001                  1.4000000000077062E-002                  4.4228722436291166E-006                  4.5071768063769313E-015                  0.0000000000000000E+000                                        0                 -9.8999999999999986E+001                 -9.9000000000000000E+001                 -9.9000000000000000E+001 
                                     586                  9.4897905632134343E+000                  5.4499979794773568E-001                  6.6321375700408129E+000                 -1.6849359627226810E+000                  1.3109527519268314E+001                  7.1799993992126177E-001                  2.6800006007864391E-001                  1.4000000000094381E-002                  4.9360683684859763E-006                  6.3577177541233143E-015                  0.0000000000000000E+000                                        0                 -9.8999999999999986E+001                 -9.9000000000000000E+001                 -9.9000000000000000E+001 
                                     587                  9.4820900573001783E+000                  5.4322590134098503E-001                  6.6353280391848894E+000                 -1.6734092725845902E+000                  1.3124115057366618E+001                  7.1799993703156573E-001                  2.6800006296832596E-001                  1.4000000000108370E-002                  5.3081426134812142E-006                  7.9868342199811191E-015                  0.0000000000000000E+000                                        0                 -9.8999999999999986E+001                 -9.9000000000000000E+001                 -9.9000000000000000E+001 
                                     588                  9.4743895513869205E+000                  5.4147732175393037E-001                  6.6401086488991279E+000                 -1.6563061383806441E+000                  1.3145816686293182E+001                  7.1799993242868154E-001                  2.6800006757118550E-001                  1.4000000000133017E-002                  5.9151414489694367E-006                  1.1226597598973877E-014                  0.0000000000000000E+000                                        0                 -9.8999999999999986E+001                 -9.9000000000000000E+001                 -9.9000000000000000E+001 
                                     589                  9.4585619248822166E+000                  5.3795870842272753E-001                  6.6464178899917563E+000                 -1.6335666798882624E+000                  1.3174615726614306E+001                  7.1799992580057614E-001                  2.6800007419924921E-001                  1.4000000000174651E-002                  6.8235036317746516E-006                  1.7572280282531809E-014                  0.0000000000000000E+000                                        0                 -9.8999999999999986E+001                 -9.9000000000000000E+001                 -9.9000000000000000E+001 
                                     590                  9.4422966093984950E+000                  5.3444285713654116E-001                  6.6526829269327115E+000                 -1.6110221306023842E+000                  1.3203181712917925E+001                  7.1799991853778167E-001                  2.6800008146198917E-001                  1.4000000000229162E-002                  7.8591115977263980E-006                  2.7363532042812581E-014                  0.0000000000000000E+000                                        0                 -9.8999999999999986E+001                 -9.9000000000000000E+001                 -9.9000000000000000E+001 
                                     591                  9.4255822752716742E+000                  5.3092840199691060E-001                  6.6573379588344652E+000                 -1.5941531647158254E+000                  1.3224518368621196E+001                  7.1799991266306096E-001                  2.6800008733665898E-001                  1.4000000000280011E-002                  8.7288160206475739E-006                  3.7989975586425852E-014                  0.0000000000000000E+000                                        0                 -9.8999999999999986E+001                 -9.9000000000000000E+001                 -9.9000000000000000E+001 
                                     592                  9.4169948044539193E+000                  5.2915952270497413E-001                  6.6604395368008680E+000                 -1.5830168251045071E+000                  1.3238638730079916E+001                  7.1799990849707040E-001                  2.6800009150260834E-001                  1.4000000000321311E-002                  9.3575066850043785E-006                  4.7233997387263800E-014                  0.0000000000000000E+000                                        0                 -9.8999999999999986E+001                 -9.9000000000000000E+001                 -9.9000000000000000E+001 
                                     593                  9.4084073336361644E+000                  5.2741437184605933E-001                  6.6650904827174342E+000                 -1.5664734389531272E+000                  1.3259667599690276E+001                  7.1799990186334117E-001                  2.6800009813626441E-001                  1.4000000000394364E-002                  1.0380161114299486E-005                  6.5396337923077259E-014                  0.0000000000000000E+000                                        0                 -9.8999999999999986E+001                 -9.9000000000000000E+001                 -9.9000000000000000E+001 
                                     594                  9.3907599347446169E+000                  5.2389886488367965E-001                  6.6712372625082903E+000                 -1.5444481832577215E+000                  1.3287612146655984E+001                  7.1799989231480843E-001                  2.6800010768467458E-001                  1.4000000000516932E-002                  1.1904895138535498E-005                  1.0040727543970908E-013                  0.0000000000000000E+000                                        0                 -9.8999999999999986E+001                 -9.9000000000000000E+001                 -9.9000000000000000E+001 
                                     595                  9.3726279707789040E+000                  5.2038101852813334E-001                  6.6758091871431642E+000                 -1.5279520697627804E+000                  1.3308504936067250E+001                  7.1799988459349795E-001                  2.6800011540587093E-001                  1.4000000000631063E-002                  1.3182129252787098E-005                  1.3799791135905424E-013                  0.0000000000000000E+000                                        0                 -9.8999999999999986E+001                 -9.9000000000000000E+001                 -9.9000000000000000E+001 
                                     596                  9.3633135239522112E+000                  5.1860913346859960E-001                  6.6788570887951293E+000                 -1.5170538608804016E+000                  1.3322341005744589E+001                  7.1799987911907692E-001                  2.6800012088019981E-001                  1.4000000000723212E-002                  1.4103706182665420E-005                  1.7045166905365983E-013                  0.0000000000000000E+000                                        0                 -9.8999999999999986E+001                 -9.9000000000000000E+001                 -9.9000000000000000E+001 
                                     597                  9.3539990771255184E+000                  5.1686001627072575E-001                  6.6818975902930484E+000                 -1.5061925554793612E+000                  1.3336134103042436E+001                  7.1799987340061955E-001                  2.6800012659855399E-001                  1.4000000000826462E-002                  1.5085234235607643E-005                  2.1033184176567793E-013                  0.0000000000000000E+000                                        0                 -9.8999999999999986E+001                 -9.9000000000000000E+001                 -9.9000000000000000E+001 
                                     598                  9.3444298555088405E+000                  5.1508598284034168E-001                  6.6849301323214751E+000                 -1.4953655879317149E+000                  1.3349885958329866E+001                  7.1799986740563937E-001                  2.6800013259341310E-001                  1.4000000000947477E-002                  1.6130270449771268E-005                  2.5928269730521492E-013                  0.0000000000000000E+000                                        0                 -9.8999999999999986E+001                 -9.9000000000000000E+001                 -9.9000000000000000E+001 
                                     599                  9.3348606338921627E+000                  5.1333442985266042E-001                  6.6879559155977963E+000                 -1.4845737416489790E+000                  1.3363597252483105E+001                  7.1799986114371483E-001                  2.6800013885520280E-001                  1.4000000001082369E-002                  1.7242844731772557E-005                  3.1932981588978464E-013                  0.0000000000000000E+000                                        0                 -9.8999999999999986E+001                 -9.9000000000000000E+001                 -9.9000000000000000E+001 
                                     600                  9.3250302013157143E+000                  5.1155770659387234E-001                  6.6909744015739383E+000                 -1.4738145508623419E+000                  1.3377269648922439E+001                  7.1799985457931426E-001                  2.6800014541944567E-001                  1.4000000001240132E-002                  1.8426953272929889E-005                  3.9290985555013084E-013                  0.0000000000000000E+000                                        0                 -9.8999999999999986E+001                 -9.9000000000000000E+001                 -9.9000000000000000E+001 
                                     601                  9.3151997687392658E+000                  5.0980318981986628E-001                  6.6955051625166746E+000                 -1.4578144780928550E+000                  1.3397652370153706E+001                  7.1799984412994022E-001                  2.6800015586853987E-001                  1.4000000001519908E-002                  2.0347610451171549E-005                  5.3574918887220615E-013                  0.0000000000000000E+000                                        0                 -9.8999999999999986E+001                 -9.9000000000000000E+001                 -9.9000000000000000E+001 
                                     602                  9.2950033608490603E+000                  5.0626492795042133E-001                  6.7015051396258007E+000                 -1.4364875674982451E+000                  1.3424775839068927E+001                  7.1799982909562965E-001                  2.6800017090238137E-001                  1.4000000001988977E-002                  2.3201515488766626E-005                  8.0685278524863090E-013                  0.0000000000000000E+000                                        0                 -9.8999999999999986E+001                 -9.9000000000000000E+001                 -9.9000000000000000E+001 
                                     603                  9.2742580477088392E+000                  5.0271895657214716E-001                  6.7074836099090707E+000                 -1.4152815824223310E+000                  1.3451761742217943E+001                  7.1799981263718327E-001                  2.6800018736021514E-001                  1.4000000002601598E-002                  2.6429637156499616E-005                  1.2112003992172484E-012                  0.0000000000000000E+000                                        0                 -9.8999999999999986E+001                 -9.9000000000000000E+001                 -9.9000000000000000E+001 
                                     604                  9.2529502350904469E+000                  4.9916428876969815E-001                  6.7119411822120680E+000                 -1.3993786336232328E+000                  1.3471969598742080E+001                  7.1799979933477320E-001                  2.6800020066205521E-001                  1.4000000003171587E-002                  2.9123900490857132E-005                  1.6382427074683484E-012                  0.0000000000000000E+000                                        0                 -9.8999999999999986E+001                 -9.9000000000000000E+001                 -9.9000000000000000E+001 
                                     605                  9.2420081721009826E+000                  4.9737168021959832E-001                  6.7149164238906636E+000                 -1.3888616048312290E+000                  1.3485366293174234E+001                  7.1799978990677238E-001                  2.6800021008959529E-001                  1.4000000003632329E-002                  3.1062462537176036E-005                  2.0026338566993642E-012                  0.0000000000000000E+000                                        0                 -9.8999999999999986E+001                 -9.9000000000000000E+001                 -9.9000000000000000E+001 
                                     606                  9.2310661091115183E+000                  4.9560028895061681E-001                  6.7178879562843044E+000                 -1.3783727709531883E+000                  1.3498732431960306E+001                  7.1799978006134424E-001                  2.6800021993450907E-001                  1.4000000004146695E-002                  3.3122909234696037E-005                  2.4463744475148093E-012                  0.0000000000000000E+000                                        0                 -9.8999999999999986E+001                 -9.9000000000000000E+001                 -9.9000000000000000E+001 
                                     607                  9.2198288748759900E+000                  4.9380249637158530E-001                  6.7208552358565887E+000                 -1.3679099270482991E+000                  1.3512069436140029E+001                  7.1799976974268109E-001                  2.6800023025257053E-001                  1.4000000004748436E-002                  3.5312350083544263E-005                  2.9862885922853891E-012                  0.0000000000000000E+000                                        0                 -9.8999999999999986E+001                 -9.9000000000000000E+001                 -9.9000000000000000E+001 
                                     608                  9.2085916406404600E+000                  4.9202569576390592E-001                  6.7253131640280852E+000                 -1.3523394160810525E+000                  1.3531967382705602E+001                  7.1799975332222543E-001                  2.6800024667196182E-001                  1.4000000005812696E-002                  3.8856105725041503E-005                  4.0250170802632344E-012                  0.0000000000000000E+000                                        0                 -9.8999999999999986E+001                 -9.9000000000000000E+001                 -9.9000000000000000E+001 
                                     609                  9.1855125918623290E+000                  4.8843925939753641E-001                  6.7312272963974626E+000                 -1.3315672784824082E+000                  1.3558474669452362E+001                  7.1799972970651271E-001                  2.6800027028589218E-001                  1.4000000007595048E-002                  4.4108653521530842E-005                  5.9738500614340280E-012                  0.0000000000000000E+000                                        0                 -9.8999999999999986E+001                 -9.9000000000000000E+001                 -9.9000000000000000E+001 
                                     610                  9.1618145324274121E+000                  4.8484040958036834E-001                  6.7371295763576313E+000                 -1.3108918718123608E+000                  1.3584878124677765E+001                  7.1799970386620826E-001                  2.6800029612387039E-001                  1.4000000009921409E-002                  5.0032514124267029E-005                  8.8439870166525348E-012                  0.0000000000000000E+000                                        0                 -9.8999999999999986E+001                 -9.9000000000000000E+001                 -9.9000000000000000E+001 
                                     611                  9.1374828554789094E+000                  4.8122827461833645E-001                  6.7415367036821499E+000                 -1.2953733688835647E+000                  1.3604669683839690E+001                  7.1799968298973238E-001                  2.6800031699818383E-001                  1.4000000012083791E-002                  5.4965126896904137E-005                  1.1844311744043164E-011                  0.0000000000000000E+000                                        0                 -9.8999999999999986E+001                 -9.9000000000000000E+001                 -9.9000000000000000E+001 
                                     612                  9.1249928155847613E+000                  4.7940522527998197E-001                  6.7444800347529048E+000                 -1.2851041379088270E+000                  1.3617798596422528E+001                  7.1799966819833438E-001                  2.6800033178783611E-001                  1.4000000013829506E-002                  5.8507507826684242E-005                  1.4385528426161810E-011                  0.0000000000000000E+000                                        0                 -9.8999999999999986E+001                 -9.9000000000000000E+001                 -9.9000000000000000E+001 
                                     613                  9.1125027756906096E+000                  4.7760233973420513E-001                  6.7474214016986620E+000                 -1.2748574863935245E+000                  1.3630904192722246E+001                  7.1799965275605648E-001                  2.6800034722816557E-001                  1.4000000015777947E-002                  6.2267331298099826E-005                  1.7462211618246645E-011                  0.0000000000000000E+000                                        0                 -9.8999999999999986E+001                 -9.9000000000000000E+001                 -9.9000000000000000E+001 
                                     614                  9.0996810545515778E+000                  4.7577190647342688E-001                  6.7503602077357359E+000                 -1.2646312857443625E+000                  1.3643987768267952E+001                  7.1799963657562060E-001                  2.6800036340632444E-001                  1.4000000018054903E-002                  6.6257053064229198E-005                  2.1184493009340227E-011                  0.0000000000000000E+000                                        0                 -9.8999999999999986E+001                 -9.9000000000000000E+001                 -9.9000000000000000E+001 
                                     615                  9.0868593334125425E+000                  4.7396144577393184E-001                  6.7532972626775249E+000                 -1.2544266551534309E+000                  1.3657049210955083E+001                  7.1799961968410353E-001                  2.6800038029530088E-001                  1.4000000020595538E-002                  7.0490544824794083E-005                  2.5686338613453443E-011                  0.0000000000000000E+000                                        0                 -9.8999999999999986E+001                 -9.9000000000000000E+001                 -9.9000000000000000E+001 
                                     616                  9.0736983711395265E+000                  4.7212322051359584E-001                  6.7562319722138726E+000                 -1.2442414868058742E+000                  1.3670089801446363E+001                  7.1799960198617685E-001                  2.6800039799025849E-001                  1.4000000023564718E-002                  7.4981725062629693E-005                  3.1127171783344217E-011                  0.0000000000000000E+000                                        0                 -9.8999999999999986E+001                 -9.9000000000000000E+001                 -9.9000000000000000E+001 
                                     617                  9.0605374088665087E+000                  4.7030478200593484E-001                  6.7606431792294579E+000                 -1.2290740482980387E+000                  1.3689557843577317E+001                  7.1799957383471846E-001                  2.6800042613646885E-001                  1.4000000028812742E-002                  8.2234863852483780E-005                  4.1504595146683920E-011                  0.0000000000000000E+000                                        0                 -9.8999999999999986E+001                 -9.9000000000000000E+001                 -9.9000000000000000E+001 
                                     618                  9.0335217278547297E+000                  4.6663120898822708E-001                  6.7665020694380758E+000                 -1.2088200769600790E+000                  1.3715518322410734E+001                  7.1799953337032951E-001                  2.6800046659208254E-001                  1.4000000037587945E-002                  9.2957033961579125E-005                  6.0755705477125068E-011                  0.0000000000000000E+000                                        0                 -9.8999999999999986E+001                 -9.9000000000000000E+001                 -9.9000000000000000E+001 
                                     619                  9.0057968535578343E+000                  4.6294028581717289E-001                  6.7723550299728918E+000                 -1.1886396181960164E+000                  1.3741403393027012E+001                  7.1799948912391753E-001                  2.6800051082705983E-001                  1.4000000049022576E-002                  1.0501194485967752E-004                  8.8755197336444171E-011                  0.0000000000000000E+000                                        0                 -9.8999999999999986E+001                 -9.9000000000000000E+001                 -9.9000000000000000E+001 
                                     620                  8.9773471899673645E+000                  4.5923124228760948E-001                  6.7767298362387525E+000                 -1.1734789530620147E+000                  1.3760824205489490E+001                  7.1799945339776050E-001                  2.6800054654260058E-001                  1.4000000059638973E-002                  1.1502496263623352E-004                  1.1772701722315686E-010                  0.0000000000000000E+000                                        0                 -9.8999999999999986E+001                 -9.9000000000000000E+001                 -9.9000000000000000E+001 
                                     621                  8.9627520882548382E+000                  4.5735791499512596E-001                  6.7796527207966220E+000                 -1.1634411474959971E+000                  1.3773713701461938E+001                  7.1799942809632644E-001                  2.6800057183547454E-001                  1.4000000068199014E-002                  1.2220154531336722E-004                  1.4208400364676175E-010                  0.0000000000000000E+000                                        0                 -9.8999999999999986E+001                 -9.9000000000000000E+001                 -9.9000000000000000E+001 
                                     622                  8.9481569865423136E+000                  4.5550366931582514E-001                  6.7825750051747882E+000                 -1.1534210469499713E+000                  1.3786585979323311E+001                  7.1799940169093801E-001                  2.6800059823131595E-001                  1.4000000077746044E-002                  1.2980758652970194E-004                  1.7140287498156978E-010                  0.0000000000000000E+000                                        0                 -9.8999999999999986E+001                 -9.9000000000000000E+001                 -9.9000000000000000E+001 
                                     623                  8.9331836597677903E+000                  4.5362060905727902E-001                  6.7854961931609719E+000                 -1.1434167120298897E+000                  1.3799442282900758E+001                  7.1799937403291159E-001                  2.6800062587819590E-001                  1.4000000088892461E-002                  1.3786739098976673E-004                  2.0667371882724669E-010                  0.0000000000000000E+000                                        0                 -9.8999999999999986E+001                 -9.9000000000000000E+001                 -9.9000000000000000E+001 
                                     624                  8.9182103329932652E+000                  4.5175645947090082E-001                  6.7884170505984986E+000                 -1.1334295278793836E+000                  1.3812282192233614E+001                  7.1799934516982367E-001                  2.6800065472885304E-001                  1.4000000101323296E-002                  1.4640776559868859E-004                  2.4909463886320161E-010                  0.0000000000000000E+000                                        0                 -9.8999999999999986E+001                 -9.9000000000000000E+001                 -9.9000000000000000E+001 
                                     625                  8.9028507442072549E+000                  4.4986328450313579E-001                  6.7913371003804324E+000                 -1.1234575811261156E+000                  1.3825106949990632E+001                  7.1799931493928648E-001                  2.6800068494487927E-001                  1.4000000115834244E-002                  1.5545587775584452E-004                  3.0008638449322492E-010                  0.0000000000000000E+000                                        0                 -9.8999999999999986E+001                 -9.9000000000000000E+001                 -9.9000000000000000E+001 
                                     626                  8.8874911554212463E+000                  4.4798884994770038E-001                  6.7957280931139268E+000                 -1.1086019061053565E+000                  1.3844260569564721E+001                  7.1799926687524873E-001                  2.6800073298329313E-001                  1.4000000141458191E-002                  1.7004137666112585E-004                  3.9666682095021844E-010                  0.0000000000000000E+000                                        0                 -9.8999999999999986E+001                 -9.9000000000000000E+001                 -9.9000000000000000E+001 
                                     627                  8.8559832160234002E+000                  4.4419970670967013E-001                  6.8015671527138810E+000                 -1.0887518358819634E+000                  1.3869821240901974E+001                  7.1799919783067034E-001                  2.6800080198508425E-001                  1.4000000184245409E-002                  1.9155924236868261E-004                  5.7424890353400118E-010                  0.0000000000000000E+000                                        0                 -9.8999999999999986E+001                 -9.9000000000000000E+001                 -9.9000000000000000E+001 
                                     628                  8.8236701117550549E+000                  4.4038861107108784E-001                  6.8074069333363676E+000                 -1.0689620438777585E+000                  1.3895326430889400E+001                  7.1799912238588492E-001                  2.6800087737420303E-001                  1.4000000239912103E-002                  2.1569382576598793E-004                  8.3002076553732948E-010                  0.0000000000000000E+000                                        0                 -9.8999999999999986E+001                 -9.9000000000000000E+001                 -9.9000000000000000E+001 
                                     629                  8.7905352721926189E+000                  4.3655477541330479E-001                  6.8117774630133656E+000                 -1.0540868498629026E+000                  1.3914475949642409E+001                  7.1799906150442638E-001                  2.6800093820404297E-001                  1.4000000291530590E-002                  2.3570482082689855E-004                  1.0926286813426896E-009                  0.0000000000000000E+000                                        0                 -9.8999999999999986E+001                 -9.9000000000000000E+001                 -9.9000000000000000E+001 
                                     630                  8.7735486147231310E+000                  4.3461724802505097E-001                  6.8146988964343223E+000                 -1.0442355487837718E+000                  1.3927189590091935E+001                  7.1799901840688252E-001                  2.6800098126001287E-001                  1.4000000333104667E-002                  2.5002483340570220E-004                  1.3121434499665520E-009                  0.0000000000000000E+000                                        0                 -9.8999999999999986E+001                 -9.9000000000000000E+001                 -9.9000000000000000E+001 
                                     631                  8.7565619572536431E+000                  4.3269777456970104E-001                  6.8190933167048380E+000                 -1.0295576530005861E+000                  1.3946180910169963E+001                  7.1799894990545132E-001                  2.6800104968807464E-001                  1.4000000406473978E-002                  2.7308555720822840E-004                  1.7263815105125650E-009                  0.0000000000000000E+000                                        0                 -9.8999999999999986E+001                 -9.9000000000000000E+001                 -9.9000000000000000E+001 
                                     632                  8.7217332574644857E+000                  4.2881604276575608E-001                  6.8249418868671663E+000                 -1.0099392082573351E+000                  1.3971536019370042E+001                  7.1799885153745424E-001                  2.6800114793365698E-001                  1.4000000528888723E-002                  3.0707234080206195E-004                  2.4845653035225375E-009                  0.0000000000000000E+000                                        0                 -9.8999999999999986E+001                 -9.9000000000000000E+001                 -9.9000000000000000E+001 
                                     633                  8.6860320982995969E+000                  4.2490911887806115E-001                  6.8307953422884387E+000                 -9.9037469519145604E-001                  1.3996846283040766E+001                  7.1799874409429798E-001                  2.6800125521769202E-001                  1.4000000688009995E-002                  3.4514357470179073E-004                  3.5710171846828723E-009                  0.0000000000000000E+000                                        0                 -9.8999999999999986E+001                 -9.9000000000000000E+001                 -9.9000000000000000E+001 
                                     634                  8.6494412403561114E+000                  4.2097615123164539E-001                  6.8366545349821868E+000                 -9.7086251633269172E-001                  1.4022114152271262E+001                  7.1799862674859072E-001                  2.6800137235660376E-001                  1.4000000894805575E-002                  3.8777744166438964E-004                  5.1260657488587324E-009                  0.0000000000000000E+000                                        0                 -9.8999999999999986E+001                 -9.9000000000000000E+001                 -9.9000000000000000E+001 
                                     635                  8.6119432811381191E+000                  4.1701626848024165E-001                  6.8425202549406414E+000                 -9.5140106883402475E-001                  1.4047342012452422E+001                  7.1799849859730736E-001                  2.6800150023917968E-001                  1.4000001163512965E-002                  4.3550694529958899E-004                  7.3493364531014697E-009                  0.0000000000000000E+000                                        0                 -9.8999999999999986E+001                 -9.9000000000000000E+001                 -9.9000000000000000E+001 
                                     636                  8.5735206655236293E+000                  4.1302857892446743E-001                  6.8483932358209989E+000                 -9.3198874616688487E-001                  1.4072532188508633E+001                  7.1799835865458406E-001                  2.6800163983280184E-001                  1.4000001512614046E-002                  4.8892609919143435E-004                  1.0524541615247683E-008                  0.0000000000000000E+000                                        0                 -9.8999999999999986E+001                 -9.9000000000000000E+001                 -9.9000000000000000E+001 
                                     637                  8.5341556914667187E+000                  4.0901216917950511E-001                  6.8527938356217923E+000                 -9.1738876206901354E-001                  1.4091458852924111E+001                  7.1799824532229228E-001                  2.6800175283692035E-001                  1.4000001840787313E-002                  5.3314865648201339E-004                  1.3762723315621511E-008                  0.0000000000000000E+000                                        0                 -9.8999999999999986E+001                 -9.9000000000000000E+001                 -9.9000000000000000E+001 
                                     638                  8.5139931026457187E+000                  4.0698095295202136E-001                  6.8557363607787147E+000                 -9.0771781928637474E-001                  1.4104027867706682E+001                  7.1799816550249407E-001                  2.6800183239893222E-001                  1.4000002098573772E-002                  5.6474733675261071E-004                  1.6455701567157462E-008                  0.0000000000000000E+000                                        0                 -9.8999999999999986E+001                 -9.9000000000000000E+001                 -9.9000000000000000E+001 
                                     639                  8.4938305138247205E+000                  4.0496651565566244E-001                  6.8601638141638199E+000                 -8.9330595904114674E-001                  1.4122807817140165E+001                  7.1799803899013137E-001                  2.6800195845480468E-001                  1.4000002555063951E-002                  6.1555634963574436E-004                  2.1510936881514678E-008                  0.0000000000000000E+000                                        0                 -9.8999999999999986E+001                 -9.9000000000000000E+001                 -9.9000000000000000E+001 
                                     640                  8.4525271542772842E+000                  4.0088983389805699E-001                  6.8660626402906173E+000                 -8.7403155886192618E-001                  1.4147898335421997E+001                  7.1799785680445738E-001                  2.6800213987569937E-001                  1.4000003319843302E-002                  6.9032753766300019E-004                  3.0703854115690766E-008                  0.0000000000000000E+000                                        0                 -9.8999999999999986E+001                 -9.9000000000000000E+001                 -9.9000000000000000E+001 
                                     641                  8.4102275096539909E+000                  3.9678154493004925E-001                  6.8719715165048676E+000                 -8.5480019378490568E-001                  1.4172959998128155E+001                  7.1799765788155145E-001                  2.6800233780550586E-001                  1.4000004312942682E-002                  7.7392697058915687E-004                  4.3781270905754122E-008                  0.0000000000000000E+000                                        0                 -9.8999999999999986E+001                 -9.9000000000000000E+001                 -9.9000000000000000E+001 
                                     642                  8.3669133573928871E+000                  3.9264063016148754E-001                  6.8778912159278134E+000                 -8.3561053167107013E-001                  1.4197994923756905E+001                  7.1799744068167282E-001                  2.6800255371586978E-001                  1.4000005602457399E-002                  8.6737682633944576E-004                  6.2368343057940223E-008                  0.0000000000000000E+000                                        0                 -9.8999999999999986E+001                 -9.9000000000000000E+001                 -9.9000000000000000E+001 
                                     643                  8.3225663599983566E+000                  3.8846603803637753E-001                  6.8823300729974859E+000                 -8.2117190056736300E-001                  1.4216814176117619E+001                  7.1799726476177739E-001                  2.6800272842374456E-001                  1.4000006814478105E-002                  9.4467441323690688E-004                  8.1252965127624544E-008                  0.0000000000000000E+000                                        0                 -9.8999999999999986E+001                 -9.9000000000000000E+001                 -9.9000000000000000E+001 
                                     644                  8.2998672146653831E+000                  3.8635370551471887E-001                  6.8852987595926542E+000                 -8.1160704408030859E-001                  1.4229313626455200E+001                  7.1799714087780053E-001                  2.6800285135603397E-001                  1.4000007766165501E-002                  9.9985913365743524E-004                  9.6912492605723305E-008                  0.0000000000000000E+000                                        0                 -9.8999999999999986E+001                 -9.9000000000000000E+001                 -9.9000000000000000E+001 
                                     645                  8.2771680693324097E+000                  3.8425712835221615E-001                  6.8882708298528756E+000                 -8.0205280570774862E-001                  1.4241806973469719E+001                  7.1799701141804295E-001                  2.6800297973129927E-001                  1.4000008850657775E-002                  1.0581926725387034E-003                  1.1556597454651608E-007                  0.0000000000000000E+000                                        0                 -9.8999999999999986E+001                 -9.9000000000000000E+001                 -9.9000000000000000E+001 
                                     646                  8.2539340006291670E+000                  3.8212696768950172E-001                  6.8912459648091078E+000                 -7.9250728999503750E-001                  1.4254295640822631E+001                  7.1799687613489416E-001                  2.6800311377869501E-001                  1.4000010086410830E-002                  1.1198511570760577E-003                  1.3777945878877646E-007                  0.0000000000000000E+000                                        0                 -9.8999999999999986E+001                 -9.9000000000000000E+001                 -9.9000000000000000E+001 
                                     647                  8.2306999319259244E+000                  3.8001233916883537E-001                  6.8957235258767016E+000                 -7.7828124041995383E-001                  1.4272958456357751E+001                  7.1799666173151466E-001                  2.6800332599426968E-001                  1.4000012274215656E-002                  1.2188961639906307E-003                  1.7933408377359563E-007                  0.0000000000000000E+000                                        0                 -9.8999999999999986E+001                 -9.9000000000000000E+001                 -9.9000000000000000E+001 
                                     648                  8.1831432963281774E+000                  3.7573003696582485E-001                  6.9016949378242574E+000                 -7.5924635409890606E-001                  1.4297907223392105E+001                  7.1799635284035834E-001                  2.6800363121938153E-001                  1.4000015940260124E-002                  1.3645408796756108E-003                  2.5459625304924245E-007                  0.0000000000000000E+000                                        0                 -9.8999999999999986E+001                 -9.9000000000000000E+001                 -9.9000000000000000E+001 
                                     649                  8.1344794223353283E+000                  3.7140945726762958E-001                  6.9076815949405317E+000                 -7.4024736897387478E-001                  1.4322839695089893E+001                  7.1799601542191516E-001                  2.6800396387676040E-001                  1.4000020701324445E-002                  1.5272172218483621E-003                  3.6117695288862699E-007                  0.0000000000000000E+000                                        0                 -9.8999999999999986E+001                 -9.9000000000000000E+001                 -9.9000000000000000E+001 
                                     650                  8.0846894894244397E+000                  3.6704933514075727E-001                  6.9121746024851713E+000                 -7.2594673580762514E-001                  1.4341591357076052E+001                  7.1799574195012694E-001                  2.6800423287196512E-001                  1.4000025177907993E-002                  1.6617220755465989E-003                  4.6917079451163281E-007                  0.0000000000000000E+000                                        0                 -9.8999999999999986E+001                 -9.9000000000000000E+001                 -9.9000000000000000E+001 
                                     651                  8.0592220517931406E+000                  3.6484181127643789E-001                  6.9151802644296936E+000                 -7.1647308024558309E-001                  1.4354047421094744E+001                  7.1799554931255360E-001                  2.6800442199472518E-001                  1.4000028692721211E-002                  1.7576938408615285E-003                  5.5852590938093115E-007                  0.0000000000000000E+000                                        0                 -9.8999999999999986E+001                 -9.9000000000000000E+001                 -9.9000000000000000E+001 
                                     652                  8.0337546141618414E+000                  3.6264884200303943E-001                  6.9197046655947467E+000                 -7.0235403450608835E-001                  1.4372663189467971E+001                  7.1799524390776459E-001                  2.6800472117756174E-001                  1.4000034914673609E-002                  1.9117945589339623E-003                  7.2539564032478794E-007                  0.0000000000000000E+000                                        0                 -9.8999999999999986E+001                 -9.9000000000000000E+001                 -9.9000000000000000E+001 
                                     653                  7.9816558827211361E+000                  3.5820563269524647E-001                  6.9257431424427720E+000                 -6.8345669200018100E-001                  1.4397559379597253E+001                  7.1799480351528844E-001                  2.6800515113960027E-001                  1.4000045345111234E-002                  2.1383780868902986E-003                  1.0270801354379246E-006                  0.0000000000000000E+000                                        0                 -9.8999999999999986E+001                 -9.9000000000000000E+001                 -9.9000000000000000E+001 
                                     654                  7.9283743726843365E+000                  3.5371876163444926E-001                  6.9318010722096632E+000                 -6.6459131296926688E-001                  1.4422447760095572E+001                  7.1799432193337775E-001                  2.6800561917290960E-001                  1.4000058893712586E-002                  2.3914158296700783E-003                  1.4534401836685696E-006                  0.0000000000000000E+000                                        0                 -9.8999999999999986E+001                 -9.9000000000000000E+001                 -9.9000000000000000E+001 
                                     655                  7.8738911763898711E+000                  3.4918673706688819E-001                  6.9363512189341616E+000                 -6.5038699805190026E-001                  1.4441174260416409E+001                  7.1799393113312526E-001                  2.6800599722858109E-001                  1.4000071638293643E-002                  2.6006656217049929E-003                  1.8848651437427035E-006                  0.0000000000000000E+000                                        0                 -9.8999999999999986E+001                 -9.9000000000000000E+001                 -9.9000000000000000E+001 
                                     656                  7.8460393073625099E+000                  3.4689093399749132E-001                  6.9409437740252269E+000                 -6.3630010877038845E-001                  1.4459838294341381E+001                  7.1799351006242529E-001                  2.6800640252786900E-001                  1.4000087409705708E-002                  2.8283342521292221E-003                  2.4468296412447335E-006                  0.0000000000000000E+000                                        0                 -9.8999999999999986E+001                 -9.9000000000000000E+001                 -9.9000000000000000E+001 
                                     657                  7.7897159124894397E+000                  3.4228819558622336E-001                  6.9455020923177679E+000                 -6.2218032670143808E-001                  1.4478494060528575E+001                  7.1799306571002597E-001                  2.6800682823689492E-001                  1.4000106053079109E-002                  3.0744994776659520E-003                  3.1685962555693392E-006                  0.0000000000000000E+000                                        0                 -9.8999999999999986E+001                 -9.9000000000000000E+001                 -9.9000000000000000E+001 
                                     658                  7.7612443866437308E+000                  3.3998146790649386E-001                  6.9485639094911722E+000                 -6.1279378805169571E-001                  1.4490932417002313E+001                  7.1799274999745921E-001                  2.6800712912899605E-001                  1.4000120873544741E-002                  3.2507581913175329E-003                  3.7668320518709438E-006                  0.0000000000000000E+000                                        0                 -9.8999999999999986E+001                 -9.9000000000000000E+001                 -9.9000000000000000E+001 
                                     659                  7.7321438734149206E+000                  3.3763682560031544E-001                  6.9516315687099990E+000                 -6.0341352610677956E-001                  1.4503371558778154E+001                  7.1799241951154480E-001                  2.6800744272182886E-001                  1.4000137766626342E-002                  3.4370726154698615E-003                  4.4775918948915104E-006                  0.0000000000000000E+000                                        0                 -9.8999999999999986E+001                 -9.9000000000000000E+001                 -9.9000000000000000E+001 
                                     660                  7.7030433601861104E+000                  3.3530491868496598E-001                  6.9547055424665087E+000                 -5.9404130999409999E-001                  1.4515810350332124E+001                  7.1799207348537941E-001                  2.6800776949023419E-001                  1.4000157024386395E-002                  3.6340283223478729E-003                  5.3220517551741380E-006                  0.0000000000000000E+000                                        0                 -9.8999999999999986E+001                 -9.9000000000000000E+001                 -9.9000000000000000E+001 
                                     661                  7.6733045949309133E+000                  3.3293455751274270E-001                  6.9577857062743727E+000                 -5.8467517939509550E-001                  1.4528250506804067E+001                  7.1799171111694449E-001                  2.6800810990660240E-001                  1.4000178976453115E-002                  3.8422556531200686E-003                  6.3252603788927518E-006                  0.0000000000000000E+000                                        0                 -9.8999999999999986E+001                 -9.9000000000000000E+001                 -9.9000000000000000E+001 
                                     662                  7.6435658296757154E+000                  3.3057657291955528E-001                  6.9624242435953763E+000                 -5.7071746001374657E-001                  1.4546845026310104E+001                  7.1799113529026870E-001                  2.6800864686965309E-001                  1.4000217840078211E-002                  4.1767215790112474E-003                  8.1953872913258969E-006                  0.0000000000000000E+000                                        0                 -9.8999999999999986E+001                 -9.9000000000000000E+001                 -9.9000000000000000E+001 
                                     663                  7.5827934210464321E+000                  3.2579398827559175E-001                  6.9686249450657618E+000                 -5.5202663318048417E-001                  1.4571732572029783E+001                  7.1799030143625808E-001                  2.6800941552428192E-001                  1.4000283039459993E-002                  4.6693246648704294E-003                  1.1571946930458541E-005                  0.0000000000000000E+000                                        0                 -9.8999999999999986E+001                 -9.9000000000000000E+001                 -9.9000000000000000E+001 
                                     664                  7.5207079433790316E+000                  3.2095576206632731E-001                  6.9732891330168165E+000                 -5.3794776477904971E-001                  1.4590471629755154E+001                  7.1798962177345627E-001                  2.6801003381432686E-001                  1.4000344412216870E-002                  5.0775211618689824E-003                  1.4986570227382235E-005                  0.0000000000000000E+000                                        0                 -9.8999999999999986E+001                 -9.9000000000000000E+001                 -9.9000000000000000E+001 
                                     665                  7.4889996750664389E+000                  3.1850251080498915E-001                  6.9764115332317758E+000                 -5.2862229476245726E-001                  1.4602921895942350E+001                  7.1798914102690437E-001                  2.6801046636414744E-001                  1.4000392608948253E-002                  5.3691227499845151E-003                  1.7806114639061934E-005                  0.0000000000000000E+000                                        0                 -9.8999999999999986E+001                 -9.9000000000000000E+001                 -9.9000000000000000E+001 
                                     666                  7.4572914067538454E+000                  3.1606043240399395E-001                  6.9811149641723924E+000                 -5.1472640999280983E-001                  1.4621532547016763E+001                  7.1798837166546126E-001                  2.6801114944666155E-001                  1.4000478887877144E-002                  5.8380735719420779E-003                  2.3060824056175754E-005                  0.0000000000000000E+000                                        0                 -9.8999999999999986E+001                 -9.9000000000000000E+001                 -9.9000000000000000E+001 
                                     667                  7.3925260383264826E+000                  3.1110462052987997E-001                  6.9858271131220739E+000                 -5.0068610814984438E-001                  1.4640290295671168E+001                  7.1798755028512462E-001                  2.6801186806009941E-001                  1.4000581654775912E-002                  6.3506509866900502E-003                  2.9862661761712336E-005                  0.0000000000000000E+000                                        0                 -9.8999999999999986E+001                 -9.9000000000000000E+001                 -9.9000000000000000E+001 
                                     668                  7.3594601738156502E+000                  3.0859081470461824E-001                  6.9889823389408354E+000                 -4.9138688170321204E-001                  1.4652753501277532E+001                  7.1798696547099194E-001                  2.6801237142039697E-001                  1.4000663108611144E-002                  6.7172989903920358E-003                  3.5479179621006576E-005                  0.0000000000000000E+000                                        0                 -9.8999999999999986E+001                 -9.9000000000000000E+001                 -9.9000000000000000E+001 
                                     669                  7.3263943093048169E+000                  3.0608725126884784E-001                  6.9921465491125376E+000                 -4.8209514479169990E-001                  1.4665219959930491E+001                  7.1798635051156701E-001                  2.6801289350010188E-001                  1.4000755988331059E-002                  7.1058745884516519E-003                  4.2152445357675386E-005                  0.0000000000000000E+000                                        0                 -9.8999999999999986E+001                 -9.9000000000000000E+001                 -9.9000000000000000E+001 
                                     670                  7.2926366343143174E+000                  3.0354139752522474E-001                  6.9953198257908404E+000                 -4.7280893040906247E-001                  1.4677691634512197E+001                  7.1798570346481172E-001                  2.6801343464283789E-001                  1.4000861892350391E-002                  7.5178791609679749E-003                  5.0081474597195511E-005                  0.0000000000000000E+000                                        0                 -9.8999999999999986E+001                 -9.9000000000000000E+001                 -9.9000000000000000E+001 
                                     671                  7.2588789593238161E+000                  3.0100527493123569E-001                  7.0001016131133316E+000                 -4.5897334651911792E-001                  1.4696335433760764E+001                  7.1798466863940436E-001                  2.6801428196556121E-001                  1.4001049395034437E-002                  8.1821913143159189E-003                  6.4850806541873738E-005                  2.7966862995974213E-057                                        0                 -9.8999999999999986E+001                 -9.9000000000000000E+001                 -9.9000000000000000E+001 
                                     672                  7.1899630171662556E+000                  2.9585543865865449E-001                  7.0065069612474122E+000                 -4.4044005298657235E-001                  1.4721309489454161E+001                  7.1798315416591718E-001                  2.6801548167446204E-001                  1.4001364159620833E-002                  9.1676759820291179E-003                  9.1558100031038513E-005                  6.9395059101738006E-057                                        0                 -9.8999999999999986E+001                 -9.9000000000000000E+001                 -9.9000000000000000E+001 
                                     673                  7.1196298294256328E+000                  2.9063563012855226E-001                  7.0113354713571638E+000                 -4.2647524014947819E-001                  1.4740129828899587E+001                  7.1798190466447209E-001                  2.6801643469730285E-001                  1.4001660638225055E-002                  9.9912456616259339E-003                  1.1860431604254206E-004                  1.3877006327726396E-056                                        0                 -9.8999999999999986E+001                 -9.9000000000000000E+001                 -9.9000000000000000E+001 
                                     674                  7.0837464606841136E+000                  2.8798563648561765E-001                  7.0145703497496408E+000                 -4.1722774119393913E-001                  1.4752635868372593E+001                  7.1798101218008792E-001                  2.6801709435267862E-001                  1.4001893467233462E-002                  1.0583343475337788E-002                  1.4094530996246088E-004                  2.2035688111384127E-056                                        0                 -9.8999999999999986E+001                 -9.9000000000000000E+001                 -9.9000000000000000E+001 
                                     675                  7.0478630919425935E+000                  2.8534362084963921E-001                  7.0178166349137427E+000                 -4.0798754276906735E-001                  1.4765148159798906E+001                  7.1798006723103569E-001                  2.6801777380258968E-001                  1.4002158966374578E-002                  1.1213785215392649E-002                  1.6750294844877387E-004                  3.5003779783070609E-056                                        0                 -9.8999999999999986E+001                 -9.9000000000000000E+001                 -9.9000000000000000E+001 
                                     676                  7.0112549872637189E+000                  2.8265596586351072E-001                  7.0210744729039130E+000                 -3.9875252587845894E-001                  1.4777668887118200E+001                  7.1797906543179757E-001                  2.6801847286836561E-001                  1.4002461699836877E-002                  1.1885610790207994E-002                  1.9907408415553471E-004                  5.5624909134289954E-056                                        0                 -9.8999999999999986E+001                 -9.9000000000000000E+001                 -9.9000000000000000E+001 
                                     677                  6.9746468825848451E+000                  2.7997562187968494E-001                  7.0243442813666990E+000                 -3.8952459416162338E-001                  1.4790196732416218E+001                  7.1797800184397598E-001                  2.6801919126289125E-001                  1.4002806893132824E-002                  1.2602072118480015E-002                  2.3660658284090015E-004                  8.8431109791028561E-056                                        0                 -9.8999999999999986E+001                 -9.9000000000000000E+001                 -9.9000000000000000E+001 
                                     678                  6.9373062896943756E+000                  2.7724867115406970E-001                  7.0276262105273286E+000                 -3.8030156669925985E-001                  1.4802733943968992E+001                  7.1797687086386297E-001                  2.6801992866800750E-001                  1.4003200468129529E-002                  1.3366803511424582E-002                  2.8122635421178917E-004                  1.4064711634574140E-055                                        0                 -9.8999999999999986E+001                 -9.9000000000000000E+001                 -9.9000000000000000E+001 
                                     679                  6.8999656968039069E+000                  2.7452831823710927E-001                  7.0309206497772978E+000                 -3.7108532229987234E-001                  1.4815279196151698E+001                  7.1797566612978925E-001                  2.6802068467313145E-001                  1.4003649197079304E-002                  1.4183679619847863E-002                  3.3427143576195525E-004                  2.2379999595955327E-055                                        0                 -9.8999999999999986E+001                 -9.9000000000000000E+001                 -9.9000000000000000E+001 
                                     680                  6.8618850921177588E+000                  2.7176033207452932E-001                  7.0334033406378200E+000                 -3.6414370343719582E-001                  1.4824729769106671E+001                  7.1797470798232355E-001                  2.6802126496745271E-001                  1.4004027050223744E-002                  1.4834877107484592E-002                  3.8062018203840060E-004                  3.1736483173787120E-055                                        0                 -9.8999999999999986E+001                 -9.9000000000000000E+001                 -9.9000000000000000E+001 
                                     681                  6.8428447897746851E+000                  2.7037860637572758E-001                  7.0350520724632730E+000                 -3.5956188586178472E-001                  1.4830979219728732E+001                  7.1797404667215525E-001                  2.6802165465156963E-001                  1.4004298676275173E-002                  1.5284247423222718E-002                  4.1479831384454255E-004                  4.0003074757189898E-055                                        0                 -9.8999999999999986E+001                 -9.9000000000000000E+001                 -9.9000000000000000E+001 
                                     682                  6.8238044874316133E+000                  2.6899827580912028E-001                  7.0375478726919134E+000                 -3.5266854338305176E-001                  1.4840399191758717E+001                  7.1797300530821451E-001                  2.6802225084794190E-001                  1.4004743843843537E-002                  1.5991357827477827E-002                  4.7228865885857725E-004                  5.6749958875341373E-055                                        0                 -9.8999999999999986E+001                 -9.9000000000000000E+001                 -9.9000000000000000E+001 
                                     683                  6.7849766025432050E+000                  2.6618740241508104E-001                  7.0408811916638232E+000                 -3.4346730498015815E-001                  1.4852975236352169E+001                  7.1797153120556578E-001                  2.6802306026150030E-001                  1.4005408532933972E-002                  1.6991786352123787E-002                  5.6138363753856181E-004                  9.0440616039044768E-055                                        0                 -9.8999999999999986E+001                 -9.9000000000000000E+001                 -9.9000000000000000E+001 
                                     684                  6.7461487176547958E+000                  2.6338154781077566E-001                  7.0442280351872295E+000                 -3.3427197290118443E-001                  1.4865561356238921E+001                  7.1796994721962004E-001                  2.6802388680526162E-001                  1.4006165975118279E-002                  1.8063588049785095E-002                  6.6726556020928597E-004                  1.4421293349995194E-054                                        0                 -9.8999999999999986E+001                 -9.9000000000000000E+001                 -9.9000000000000000E+001 
                                     685                  6.7065665660020981E+000                  2.6052581459140495E-001                  7.0475885722333569E+000                 -3.2508015958651632E-001                  1.4878160018741111E+001                  7.1796824057073527E-001                  2.6802473041258762E-001                  1.4007029016677164E-002                  1.9212570738514890E-002                  7.9307427998684572E-004                  2.3008952256264347E-054                                        0                 -9.8999999999999986E+001                 -9.9000000000000000E+001                 -9.9000000000000000E+001 
                                     686                  6.6669844143494013E+000                  2.5767422629966474E-001                  7.0509550770646889E+000                 -3.1591520915938659E-001                  1.4890740171027295E+001                  7.1796640075084206E-001                  2.6802558917405067E-001                  1.4008010075107213E-002                  2.0441739103401385E-002                  9.4213446746348238E-004                  3.6691643247311743E-054                                        0                 -9.8999999999999986E+001                 -9.9000000000000000E+001                 -9.9000000000000000E+001 
                                     687                  6.6268323626173453E+000                  2.5478527083657843E-001                  7.0543438200697359E+000                 -3.0673198921851413E-001                  1.4903363416702636E+001                  7.1796440286055196E-001                  2.6802646757873011E-001                  1.4009129560717870E-002                  2.1763464324783197E-002                  1.1195362885464068E-003                  5.8612628674387776E-054                                        0                 -9.8999999999999986E+001                 -9.9000000000000000E+001                 -9.9000000000000000E+001 
                                     688                  6.5862982199040161E+000                  2.5187204585248546E-001                  7.0577470145232448E+000                 -2.9755234331198799E-001                  1.4916000055101431E+001                  7.1796223075869403E-001                  2.6802736453710924E-001                  1.4010404704196677E-002                  2.3181705014585944E-002                  1.3301212740249196E-003                  9.3689942862569300E-054                                        0                 -9.8999999999999986E+001                 -9.9000000000000000E+001                 -9.9000000000000000E+001 
                                     689                  6.5453804242474369E+000                  2.4893397383576357E-001                  7.0611649093241686E+000                 -2.8837590512052985E-001                  1.4928650730513352E+001                  7.1795986316562699E-001                  2.6802828130630613E-001                  1.4011855528066830E-002                  2.4703656551572785E-002                  1.5799803082808843E-003                  1.4985849190798588E-053                                        0                 -9.8999999999999986E+001                 -9.9000000000000000E+001                 -9.9000000000000000E+001 
                                     690                  6.5040774613033525E+000                  2.4597045815838553E-001                  7.0645977610619726E+000                 -2.7920229294415605E-001                  1.4941316109640249E+001                  7.1795727295354261E-001                  2.6802921994841555E-001                  1.4013507098041833E-002                  2.6336828904001620E-002                  1.8762598128853095E-003                  2.3986424104141745E-053                                        0                 -9.8999999999999986E+001                 -9.9000000000000000E+001                 -9.9000000000000000E+001 
                                     691                  6.4623878664176955E+000                  2.4298088223281764E-001                  7.0680458342649963E+000                 -2.7003111109821476E-001                  1.4953996882648246E+001                  7.1795443288498240E-001                  2.6803018282724583E-001                  1.4015384287771715E-002                  2.8089194889402355E-002                  2.2273484188538501E-003                  3.8419779852829111E-053                                        0                 -9.8999999999999986E+001                 -9.9000000000000000E+001                 -9.9000000000000000E+001 
                                     692                  6.4203102267637151E+000                  2.3996460860646998E-001                  7.0715094016656375E+000                 -2.6086194625486586E-001                  1.4966693764285823E+001                  7.1795130803382823E-001                  2.6803117336060456E-001                  1.4017518605567214E-002                  2.9969089832006742E-002                  2.6430287990089202E-003                  6.1582768929689884E-053                                        0                 -9.8999999999999986E+001                 -9.9000000000000000E+001                 -9.9000000000000000E+001 
                                     693                  6.3778431835348215E+000                  2.3692097802400000E-001                  7.0749887444807582E+000                 -2.5169436899974740E-001                  1.4979407495058656E+001                  7.1794786217279916E-001                  2.6803219536418660E-001                  1.4019942463014301E-002                  3.1985438874728010E-002                  3.1347043211055596E-003                  9.8784453510547059E-053                                        0                 -9.8999999999999986E+001                 -9.9000000000000000E+001                 -9.9000000000000000E+001 
                                     694                  6.3349854342836140E+000                  2.3384930842424498E-001                  7.0793654972636819E+000                 -2.4026120622607600E-001                  1.4995306815492437E+001                  7.1794301990324805E-001                  2.6803352601934910E-001                  1.4023454077402908E-002                  3.4712086325393139E-002                  3.8769364063979085E-003                  1.7861265190536457E-052                                        0                 -9.8999999999999986E+001                 -9.9000000000000000E+001                 -9.9000000000000000E+001 
                                     695                  6.2699143209055084E+000                  2.2918383978493242E-001                  7.0837620678843125E+000                 -2.2876821529480409E-001                  1.5011285881766300E+001                  7.1793754907447349E-001                  2.6803492158067938E-001                  1.4027529344847078E-002                  3.7690741879024707E-002                  4.7890165152680029E-003                  3.2321379392929791E-052                                        0                 -9.8999999999999986E+001                 -9.9000000000000000E+001                 -9.9000000000000000E+001 
                                     696                  6.2260743671350145E+000                  2.2603891708738783E-001                  7.0872989715458035E+000                 -2.1960260141867372E-001                  1.5024064759374802E+001                  7.1793261569683031E-001                  2.6803609459726940E-001                  1.4031289705900285E-002                  4.0265587198917457E-002                  5.6646326147997157E-003                  5.1992474640766835E-052                                        0                 -9.8999999999999986E+001                 -9.9000000000000000E+001                 -9.9000000000000000E+001 
                                     697                  6.1818396396287607E+000                  2.2286337287970134E-001                  7.0917448726050480E+000                 -2.0818083938611384E-001                  1.5040033839961881E+001                  7.1792564381126966E-001                  2.6803764375537792E-001                  1.4036712433352472E-002                  4.3744653809137869E-002                  6.9756874384845373E-003                  9.4295473915578727E-052                                        0                 -9.8999999999999986E+001                 -9.9000000000000000E+001                 -9.9000000000000000E+001 
                                     698                  6.1147947937736777E+000                  2.1804412479959936E-001                  7.0962131292072890E+000                 -1.9669393660088916E-001                  1.5056090632661522E+001                  7.1791774946035414E-001                  2.6803929062372839E-001                  1.4042959915917530E-002                  4.7549270757646936E-002                  8.5726125793423227E-003                  1.7120210830850949E-051                                        0                 -9.8999999999999986E+001                 -9.9000000000000000E+001                 -9.9000000000000000E+001 
                                     699                  6.0695689470936092E+000                  2.1478848064438238E-001                  7.1007182910718720E+000                 -1.8525817423500013E-001                  1.5072141999944403E+001                  7.1790865278397176E-001                  2.6804106281436080E-001                  1.4050284401667446E-002                  5.1706463265344227E-002                  1.0508506857273444E-002                  3.1153908825369833E-051                                        0                 -9.8999999999999986E+001                 -9.9000000000000000E+001                 -9.9000000000000000E+001 
                                     700                  6.0009337507039424E+000                  2.0983787066019413E-001                  7.1052477934671749E+000                 -1.7375253656112855E-001                  1.5088287854943783E+001                  7.1789837338751650E-001                  2.6804295910947951E-001                  1.4058667503003996E-002                  5.6262572212671343E-002                  1.2843523155033284E-002                  5.6763689515600189E-051                                        0                 -9.8999999999999986E+001                 -9.9000000000000000E+001                 -9.9000000000000000E+001 
                                     701                  5.9547113692134213E+000                  2.0649662958468626E-001                  7.1098071718946159E+000                 -1.6231782330827504E-001                  1.5104401452320131E+001                  7.1788658242237613E-001                  2.6804501004337056E-001                  1.4068407534253313E-002                  6.1244355561476553E-002                  1.5631776293959836E-002                  1.0355585212754747E-050                                        0                 -9.8999999999999986E+001                 -9.9000000000000000E+001                 -9.9000000000000000E+001 
                                     702                  5.8846781479249683E+000                  2.0142043302569729E-001                  7.1143930723934536E+000                 -1.5080864676255956E-001                  1.5120616405741153E+001                  7.1787332779276747E-001                  2.6804721270422821E-001                  1.4079459503004266E-002                  6.6718716831888028E-002                  1.8944542532768522E-002                  1.8920398820928869E-050                                        0                 -9.8999999999999986E+001                 -9.9000000000000000E+001                 -9.9000000000000000E+001 
                                     703                  5.8374554179995046E+000                  1.9798760656248607E-001                  7.1190176315720235E+000                 -1.3935047338598494E-001                  1.5136828216663064E+001                  7.1785820726831795E-001                  2.6804960826319157E-001                  1.4092184468490476E-002                  7.2731156900905355E-002                  2.2829633570684484E-002                  3.4649568871670114E-050                                        0                 -9.8999999999999986E+001                 -9.9000000000000000E+001                 -9.9000000000000000E+001 
                                     704                  5.7658191886579049E+000                  1.9276184265044949E-001                  7.1236711466353864E+000                 -1.2781224151363446E-001                  1.5153149520222232E+001                  7.1784135997370835E-001                  2.6805218592638047E-001                  1.4106454099911181E-002                  7.9356442078068717E-002                  2.7343538902158043E-002                  6.3565720009098787E-050                                        0                 -9.8999999999999986E+001                 -9.9000000000000000E+001                 -9.9000000000000000E+001 
                                     705                  5.7175933858273567E+000                  1.8923077232815419E-001                  7.1274173774219918E+000                 -1.1860625921479953E-001                  1.5166210680712881E+001                  7.1782641457947283E-001                  2.6805440627506594E-001                  1.4119179145461236E-002                  8.5130989960391729E-002                  3.1406604065388782E-002                  1.0340564209062124E-049                                        0                 -9.8999999999999986E+001                 -9.9000000000000000E+001                 -9.9000000000000000E+001 
                                     706                  5.6689659665702941E+000                  1.8565839722130431E-001                  7.1311852609275448E+000                 -1.0939236858022698E-001                  1.5179304654427769E+001                  7.1781016783317442E-001                  2.6805677465590455E-001                  1.4133057510921088E-002                  9.1373775156429346E-002                  3.5866329194968537E-002                  1.6842436002066991E-049                                        0                 -9.8999999999999986E+001                 -9.9000000000000000E+001                 -9.9000000000000000E+001 
                                     707                  5.6199368446862765E+000                  1.8204349369460462E-001                  7.1359253594690468E+000                 -9.7904207081118189E-002                  1.5195680020626211E+001                  7.1778794203935381E-001                  2.6805997005050203E-001                  1.4152087910144218E-002                  9.9888254787681069E-002                  4.1928826692285696E-002                  3.1037279737377078E-049                                        0                 -9.8999999999999986E+001                 -9.9000000000000000E+001                 -9.9000000000000000E+001 
                                     708                  5.5456902198237579E+000                  1.7654186730984001E-001                  7.1406995099396280E+000                 -8.6325569447428835E-002                  1.5212180853781302E+001                  7.1776386924000668E-001                  2.6806342179001574E-001                  1.4172708969977577E-002                  1.0930270820584187E-001                  4.8449661811284066E-002                  5.7324913458023891E-049                                        0                 -9.8999999999999986E+001                 -9.9000000000000000E+001                 -9.9000000000000000E+001 
                                     709                  5.4956571113315293E+000                  1.7281494629307073E-001                  7.1445475535552880E+000                 -7.7077391161304104E-002                  1.5225401451155820E+001                  7.1774318611379229E-001                  2.6806641210796922E-001                  1.4190401778238493E-002                  1.1753371374408765E-001                  5.3817235134227107E-002                  9.3811698545035655E-049                                        0                 -9.8999999999999986E+001                 -9.9000000000000000E+001                 -9.9000000000000000E+001 
                                     710                  5.4452228170970560E+000                  1.6904077325600506E-001                  7.1484198531447785E+000                 -6.7817472402820461E-002                  1.5238661836299590E+001                  7.1772143511377984E-001                  2.6806961486975756E-001                  1.4208950016462607E-002                  1.2644785414728885E-001                  5.9146740762045041E-002                  1.5374736385237772E-048                                        0                 -9.8999999999999986E+001                 -9.9000000000000000E+001                 -9.9000000000000000E+001 
                                     711                  5.3943877416996431E+000                  1.6521785751030024E-001                  7.1513422399938120E+000                 -6.0835754768369041E-002                  1.5248663346671544E+001                  7.1770454586491761E-001                  2.6807216945439938E-001                  1.4223284680683013E-002                  1.3363162153526054E-001                  6.3005220141888696E-002                  2.2299984874521846E-048                                        0                 -9.8999999999999986E+001                 -9.9000000000000000E+001                 -9.9000000000000000E+001 
                                     712                  5.3687700751510024E+000                  1.6328395883080096E-001                  7.1532972427944141E+000                 -5.6196178789080391E-002                  1.5255325031313381E+001                  7.1769303769339299E-001                  2.6807395354070629E-001                  1.4233008765900723E-002                  1.3865815477031906E-001                  6.5434552889492792E-002                  2.8581370079711363E-048                                        0                 -9.8999999999999986E+001                 -9.9000000000000000E+001                 -9.9000000000000000E+001 
                                     713                  5.3431524086023616E+000                  1.6134484347973407E-001                  7.1562398590779059E+000                 -4.9259371050228554E-002                  1.5265308444319974E+001                  7.1767549342857972E-001                  2.6807675791934360E-001                  1.4247748652076675E-002                  1.4657218878036987E-001                  6.8773243821982133E-002                  4.1487580429210406E-048                                        0                 -9.8999999999999986E+001                 -9.9000000000000000E+001                 -9.9000000000000000E+001 
                                     714                  5.2915174640747598E+000                  1.5741968370666895E-001                  7.1606857502483212E+000                 -3.8810267006520405E-002                  1.5280363208137430E+001                  7.1764884071098722E-001                  2.6808127707075902E-001                  1.4269882218253760E-002                  1.5939663244314772E-001                  7.2894631290327652E-002                  7.2726389116680984E-048                                        0                 -9.8999999999999986E+001                 -9.9000000000000000E+001                 -9.9000000000000000E+001 
                                     715                  5.2263757523311387E+000                  1.5243450140444897E-001                  7.1646657751565366E+000                 -2.9457481982131519E-002                  1.5293840120379276E+001                  7.1762520135875163E-001                  2.6808562266319930E-001                  1.4289175978049018E-002                  1.7183791406176724E-001                  7.5356899139722600E-002                  1.2001442767358768E-047                                        0                 -9.8999999999999986E+001                 -9.9000000000000000E+001                 -9.9000000000000000E+001 
                                     716                  5.1870519651582461E+000                  1.4940648819711771E-001                  7.1681690725067249E+000                 -2.1308415446331375E-002                  1.5305625113164725E+001                  7.1760479264562715E-001                  2.6808972635219797E-001                  1.4305481002174880E-002                  1.8355410889087448E-001                  7.6301506817789758E-002                  1.8621477099708027E-047                                        0                 -9.8999999999999986E+001                 -9.9000000000000000E+001                 -9.9000000000000000E+001 
                                     717                  5.1342233558298673E+000                  1.4531486668295510E-001                  7.1722014776305230E+000                 -1.1956967251408107E-002                  1.5319164517132048E+001                  7.1758214954982891E-001                  2.6809478987192042E-001                  1.4323060578250724E-002                  1.9801808286572195E-001                  7.5842495848065725E-002                  3.0827115591336223E-047                                        0                 -9.8999999999999986E+001                 -9.9000000000000000E+001                 -9.9000000000000000E+001 
                                     718                  5.0809990343547273E+000                  1.4116390802028125E-001                  7.1757593784045355E+000                 -3.7311139163306497E-003                  1.5331088160330847E+001                  7.1756305905549156E-001                  2.6809955322938722E-001                  1.4337387715121164E-002                  2.1169843643285222E-001                  7.3850647864550090E-002                  4.8027662785848613E-047                                        0                 -9.8999999999999986E+001                 -9.9000000000000000E+001                 -9.9000000000000000E+001 
                                     719                  5.0406867755741063E+000                  1.3799996877247972E-001                  7.1788244097732656E+000                  3.3130916775362005E-003                  1.5341321469286502E+001                  7.1754772017725199E-001                  2.6810399392765966E-001                  1.4348285895088297E-002                  2.2421879452948662E-001                  7.1408922660639210E-002                  7.0287644787087461E-047                                        0                 -9.8999999999999986E+001                 -9.9000000000000000E+001                 -9.9000000000000000E+001 
                                     720                  5.0003745167934852E+000                  1.3481794977231826E-001                  7.1819046827722861E+000                  1.0364904080773667E-002                  1.5351580766038683E+001                  7.1753301746104758E-001                  2.6810866075576989E-001                  1.4358321783182526E-002                  2.3750698248297786E-001                  6.7765112679301395E-002                  1.0295570076530174E-046                                        0                 -9.8999999999999986E+001                 -9.9000000000000000E+001                 -9.9000000000000000E+001 
                                     721                  4.9596701610721334E+000                  1.3158591886081361E-001                  7.1850007025524967E+000                  1.7426112043694288E-002                  1.5361868487610215E+001                  7.1751927870326349E-001                  2.6811369171408661E-001                  1.4367029582649904E-002                  2.5162684990915291E-001                  6.3573789144102305E-002                  1.5094878549291423E-046                                        0                 -9.8999999999999986E+001                 -9.9000000000000000E+001                 -9.9000000000000000E+001 
                                     722                  4.9189658053507799E+000                  1.2833399689364056E-001                  7.1896749895756988E+000                  2.7978008752328060E-002                  1.5377300258743752E+001                  7.1750040488525590E-001                  2.6812191577457867E-001                  1.4377679340165428E-002                  2.7443042385274491E-001                  5.6674345625047584E-002                  2.6839270379875363E-046                                        0                 -9.8999999999999986E+001                 -9.9000000000000000E+001                 -9.9000000000000000E+001 
                                     723                  4.8365834420121727E+000                  1.2168738426393715E-001                  7.1949281657575384E+000                  3.9877541671334484E-002                  1.5394684241388791E+001                  7.1748142130460657E-001                  2.6813203266397245E-001                  1.4386546031420977E-002                  3.0247678096033986E-001                  4.8652103320796281E-002                  5.1132963575659640E-046                                        0                 -9.8999999999999986E+001                 -9.9000000000000000E+001                 -9.9000000000000000E+001 
                                     724                  4.7812107984573053E+000                  1.1716956327810260E-001                  7.1991654707375838E+000                  4.9387074871314392E-002                  1.5408625110971917E+001                  7.1746751441888679E-001                  2.6814103491755731E-001                  1.4391450663555849E-002                  3.2700875651399713E-001                  4.3300514147846102E-002                  8.5805020604096722E-046                                        0                 -9.8999999999999986E+001                 -9.9000000000000000E+001                 -9.9000000000000000E+001 
                                     725                  4.7254538895940676E+000                  1.1257664804912783E-001                  7.2034376130655726E+000                  5.8929096509376035E-002                  1.5422639467027254E+001                  7.1745430923474018E-001                  2.6815094211554630E-001                  1.4394748649713573E-002                  3.5361470361761260E-001                  3.9753931907192321E-002                  1.4432930661731991E-045                                        0                 -9.8999999999999986E+001                 -9.9000000000000000E+001                 -9.9000000000000000E+001 
                                     726                  4.6693151083879973E+000                  1.0790569089639628E-001                  7.2072058498833087E+000                  6.7324820235618268E-002                  1.5434982650131623E+001                  7.1744296502227134E-001                  2.6816042637606019E-001                  1.4396608601668470E-002                  3.7875407373320141E-001                  3.8589754408442201E-002                  2.2798829838787879E-045                                        0                 -9.8999999999999986E+001                 -9.9000000000000000E+001                 -9.9000000000000000E+001 
                                     727                  4.6269737977775733E+000                  1.0435053564469042E-001                  7.2104558103929994E+000                  7.4524771961731767E-002                  1.5445590657448575E+001                  7.1743314642662581E-001                  2.6816922754020728E-001                  1.4397626033166855E-002                  4.0173706058053132E-001                  3.9276085921491261E-002                  3.3777320385770207E-045                                        0                 -9.8999999999999986E+001                 -9.9000000000000000E+001                 -9.9000000000000000E+001 
                                     728                  4.5844435101675129E+000                  1.0075034597747369E-001                  7.2142736582344558E+000                  8.2935325115934933E-002                  1.5458008843476161E+001                  7.1742128854510345E-001                  2.6818038629451108E-001                  1.4398325160385417E-002                  4.3035394599462107E-001                  4.2232178316475022E-002                  5.3522560130678633E-045                                        0                 -9.8999999999999986E+001                 -9.9000000000000000E+001                 -9.9000000000000000E+001 
                                     729                  4.5273613797114178E+000                  9.5870257140267007E-002                  7.2175764055168230E+000                  9.0227522228646162E-002                  1.5468767858026897E+001                  7.1741072121637550E-001                  2.6819063278313249E-001                  1.4398646000492010E-002                  4.5665790360756930E-001                  4.6652801839229478E-002                  7.9624043738637783E-045                                        0                 -9.8999999999999986E+001                 -9.9000000000000000E+001                 -9.9000000000000000E+001 
                                     730                  4.4986343136304834E+000                  9.3392960732875757E-002                  7.2208964374591886E+000                  9.7476065893158409E-002                  1.5479507129815676E+001                  7.1739867279502989E-001                  2.6820254560248369E-001                  1.4398781602486421E-002                  4.8449848032729304E-001                  5.2874254866484512E-002                  1.1853845167999354E-044                                        0                 -9.8999999999999986E+001                 -9.9000000000000000E+001                 -9.9000000000000000E+001 
                                     731                  4.4409958260716778E+000                  8.8376764195764707E-002                  7.2253602603221436E+000                  1.0724296526921734E-001                  1.5493948954961011E+001                  7.1732176354732913E-001                  2.6828019342098836E-001                  1.4398043031682572E-002                  5.2437697537540851E-001                  6.4192874100461678E-002                  2.0223819873700771E-044                                        0                 -9.8999999999999986E+001                 -9.9000000000000000E+001                 -9.9000000000000000E+001 
                                     732                  4.3829903831487931E+000                  8.3265190375693091E-002                  7.2287402942273298E+000                  1.1487620024888237E-001                  1.5504888999930509E+001                  7.1655076615755331E-001                  2.6906017625140727E-001                  1.4389057591039478E-002                  5.5599260854357857E-001                  7.6510813047001525E-002                  3.0548262085077197E-044                                        0                 -9.8999999999999986E+001                 -9.9000000000000000E+001                 -9.9000000000000000E+001 
                                     733                  4.3538059965680098E+000                  8.0669934314885339E-002                  7.2321325796053397E+000                  1.2357919484393790E-001                  1.5515799073963727E+001                  7.1238113526980051E-001                  2.7328286598902657E-001                  1.4335998741172862E-002                  5.8644894522569635E-001                  9.8136276702769532E-002                  4.8182258431168269E-044                                        0                 -9.8999999999999986E+001                 -9.9000000000000000E+001                 -9.9000000000000000E+001 
                                     734                  4.2953468582706646E+000                  7.5435058165627802E-002                  7.2366771417887685E+000                  1.3832788978142890E-001                  1.5530485355304052E+001                  6.9775189963323681E-001                  2.8805453551450788E-001                  1.4193564852255314E-002                  6.2155112470768814E-001                  1.5103974460475483E-001                  9.8833517045231203E-044                                        0                 -9.8999999999999986E+001                 -9.9000000000000000E+001                 -9.9000000000000000E+001 
                                     735                  4.2364398727652333E+000                  7.0147498504006131E-002                  7.2400944978969042E+000                  1.5092573150722519E-001                  1.5541621757363773E+001                  6.8267300525083086E-001                  3.0324734652975432E-001                  1.4079648219414764E-002                  6.4544307327361605E-001                  2.0421959142380824E-001                  1.7677127789256752E-043                                        0                 -9.8999999999999986E+001                 -9.9000000000000000E+001                 -9.9000000000000000E+001 
                                     736                  4.2068097524352766E+000                  6.7491934380481317E-002                  7.2435128727253817E+000                  1.6350916370936244E-001                  1.5552733330840583E+001                  6.6771173422249830E-001                  3.1829516707598815E-001                  1.3993098701513551E-002                  6.7014540332547157E-001                  2.6286004645908256E-001                  3.1304692125352964E-043                                        0                 -9.8999999999999986E+001                 -9.9000000000000000E+001                 -9.9000000000000000E+001 
                                     737                  4.1473751265084999E+000                  6.2173021765484095E-002                  7.2480665056202671E+000                  1.8053503041943683E-001                  1.5567677156874261E+001                  6.4771777214201576E-001                  3.3837706285705327E-001                  1.3905165000930975E-002                  7.0435307757805110E-001                  3.5299541132071249E-001                  6.6330086587570240E-043                                        0                 -9.8999999999999986E+001                 -9.9000000000000000E+001                 -9.9000000000000000E+001 
                                     738                  4.0875941060284910E+000                  5.6835930645248590E-002                  7.2523331661287260E+000                  1.9688918836210248E-001                  1.5581779445320283E+001                  6.2843742313165318E-001                  3.5771841542142335E-001                  1.3844161446923464E-002                  7.3702341613359468E-001                  4.5235789216539896E-001                  1.3337109258160184E-042                                        0                 -9.8999999999999986E+001                 -9.9000000000000000E+001                 -9.9000000000000000E+001 
                                     739                  4.0350080840207037E+000                  5.2155460541289833E-002                  7.2563129272801090E+000                  2.1255748812982136E-001                  1.5594993519663014E+001                  6.0976255326812678E-001                  3.7643919884424748E-001                  1.3798247887625736E-002                  7.6745515434377476E-001                  5.6201976425599043E-001                  2.5533684082057647E-042                                        0                 -9.8999999999999986E+001                 -9.9000000000000000E+001                 -9.9000000000000000E+001 
                                     740                  3.9821691493864431E+000                  4.7469983767891293E-002                  7.2600051160973571E+000                  2.2717456121169533E-001                  1.5607322605103640E+001                  5.9269525570024095E-001                  3.9354016060388902E-001                  1.3764583695869970E-002                  7.9654216409830203E-001                  6.8062921382043629E-001                  4.6197629462724530E-042                                        0                 -9.8999999999999986E+001                 -9.9000000000000000E+001                 -9.9000000000000000E+001 
                                     741                  3.9366998811066352E+000                  4.3452444104820409E-002                  7.2628455663839135E+000                  2.3852836493122065E-001                  1.5616850717214321E+001                  5.7954126901169956E-001                  4.0671609023308319E-001                  1.3742640755217250E-002                  8.1898111770735638E-001                  7.8505370891347859E-001                  7.2603360206436877E-042                                        0                 -9.8999999999999986E+001                 -9.9000000000000000E+001                 -9.9000000000000000E+001 
                                     742                  3.9062230074819091E+000                  4.0767593554496127E-002                  7.2645504984359892E+000                  2.4524998814191265E-001                  1.5622582668230709E+001                  5.7199753230953421E-001                  4.1427091374087022E-001                  1.3731553949595576E-002                  8.3296385799301442E-001                  8.5366350280569248E-001                  9.4774602796115543E-042                                        0                 -9.8999999999999986E+001                 -9.9000000000000000E+001                 -9.9000000000000000E+001 
                                     743                  3.8909845706695467E+000                  3.9427266026328810E-002                  7.2656848348810765E+000                  2.4974068731531537E-001                  1.5626394247791840E+001                  5.6694674598624528E-001                  4.1932855386320983E-001                  1.3724700150544944E-002                  8.4222894153275285E-001                  9.0202761456135061E-001                  1.1311607038039343E-041                                        0                 -9.8999999999999986E+001                 -9.9000000000000000E+001                 -9.9000000000000000E+001 
                                     744                  3.8757461338571839E+000                  3.8088394083078944E-002                  7.2668204961618708E+000                  2.5441770465223584E-001                  1.5630214451022448E+001                  5.6143592971200862E-001                  4.2484651802202289E-001                  1.3717552265968491E-002                  8.5077144522537840E-001                  9.5291472586115655E-001                  1.3550773339213336E-041                                        0                 -9.8999999999999986E+001                 -9.9000000000000000E+001                 -9.9000000000000000E+001 
                                     745                  3.8604271643955999E+000                  3.6744468131234519E-002                  7.2679575191138133E+000                  2.5889144308689455E-001                  1.5634043234172308E+001                  5.5651375121767621E-001                  4.2977465231167744E-001                  1.3711596470646348E-002                  8.6023643915602477E-001                  1.0061503771873825E+000                  1.6143644705094143E-041                                        0                 -9.8999999999999986E+001                 -9.9000000000000000E+001                 -9.9000000000000000E+001 
                                     746                  3.8451081949340140E+000                  3.5401915490677699E-002                  7.2690930268366856E+000                  2.6345302626597161E-001                  1.5637870390600950E+001                  5.5137846537314328E-001                  4.3491584089079988E-001                  1.3705693736056901E-002                  8.6929962547466155E-001                  1.0619079754483698E+000                  1.9255865651571189E-041                                        0                 -9.8999999999999986E+001                 -9.9000000000000000E+001                 -9.9000000000000000E+001 
                                     747                  3.8297892254724299E+000                  3.4061020044465179E-002                  7.2702268685022124E+000                  2.6815069381099649E-001                  1.5641695816676146E+001                  5.4590584570581668E-001                  4.4039442614531249E-001                  1.3699728148870882E-002                  8.7770866512962653E-001                  1.1202391583853881E+000                  2.3019081366560705E-041                                        0                 -9.8999999999999986E+001                 -9.9000000000000000E+001                 -9.9000000000000000E+001 
                                     748                  3.8144702560108446E+000                  3.2722216660468449E-002                  7.2713619297371803E+000                  2.7278359908798211E-001                  1.5645529206180830E+001                  5.4064884661652202E-001                  4.4565680868797886E-001                  1.3694344695499128E-002                  8.8642331703685506E-001                  1.1813743088530924E+000                  2.7457138888130262E-041                                        0                 -9.8999999999999986E+001                 -9.9000000000000000E+001                 -9.9000000000000000E+001 
                                     749                  3.7990723156973027E+000                  3.1378397280105989E-002                  7.2724983630077853E+000                  2.7731133713995521E-001                  1.5649370515720497E+001                  5.3571053699997517E-001                  4.5059990827663865E-001                  1.3689554723386177E-002                  8.9564633578310815E-001                  1.2455640960311505E+000                  3.2652744089322868E-041                                        0                 -9.8999999999999986E+001                 -9.9000000000000000E+001                 -9.9000000000000000E+001 
                                     750                  3.7836743753837596E+000                  3.0036119778212505E-002                  7.2741995464768907E+000                  2.8435442729059729E-001                  1.5655116710757589E+001                  5.2765691471036968E-001                  4.5866086820452973E-001                  1.3682217085100534E-002                  9.0805266852715494E-001                  1.3472240044763577E+000                  4.2521987200005345E-041                                        0                 -9.8999999999999986E+001                 -9.9000000000000000E+001                 -9.9000000000000000E+001 
                                     751                  3.7528784947566756E+000                  2.7357843286169675E-002                  7.2759008676254018E+000                  2.9134505811355443E-001                  1.5660891155655520E+001                  5.1987829241818762E-001                  4.6644604437217174E-001                  1.3675663209640643E-002                  9.2074364823729449E-001                  1.4563550679047423E+000                  5.5198133547542619E-041                                        0                 -9.8999999999999986E+001                 -9.9000000000000000E+001                 -9.9000000000000000E+001 
                                     752                  3.7374032288682724E+000                  2.6014933972159548E-002                  7.2770364543641763E+000                  2.9613712259638780E-001                  1.5664742691743646E+001                  5.1438707404317985E-001                  4.7194158871739694E-001                  1.3671337239423265E-002                  9.2842910819210711E-001                  1.5332968677196483E+000                  6.5821873191970755E-041                                        0                 -9.8999999999999986E+001                 -9.9000000000000000E+001                 -9.9000000000000000E+001 
                                     753                  3.7219279629798683E+000                  2.4674393898835745E-002                  7.2781703755136569E+000                  3.0080562183584530E-001                  1.5668591656107916E+001                  5.0924042571693107E-001                  4.7709210167645461E-001                  1.3667472606614384E-002                  9.3652464238497735E-001                  1.6139544012582543E+000                  7.8221165092121589E-041                                        0                 -9.8999999999999986E+001                 -9.9000000000000000E+001                 -9.9000000000000000E+001 
                                     754                  3.7064526970914624E+000                  2.3335858318360138E-002                  7.2793027077900652E+000                  3.0551288441591778E-001                  1.5672437936234310E+001                  5.0401975134588073E-001                  4.8231644612115671E-001                  1.3663802532962510E-002                  9.4441132998922861E-001                  1.6981446756132932E+000                  9.2957008452603412E-041                                        0                 -9.8999999999999986E+001                 -9.9000000000000000E+001                 -9.9000000000000000E+001 
                                     755                  3.6909774312030557E+000                  2.1999462650379498E-002                  7.2804361008726026E+000                  3.1027261177967302E-001                  1.5676290761309261E+001                  4.9870827066786488E-001                  4.8763150013294987E-001                  1.3660229199185192E-002                  9.5183503778976164E-001                  1.7862898348449285E+000                  1.1051809531809901E-040                                        0                 -9.8999999999999986E+001                 -9.9000000000000000E+001                 -9.9000000000000000E+001 
                                     756                  3.6754265717225283E+000                  2.0658838219055946E-002                  7.2815702638682147E+000                  3.1503803671885117E-001                  1.5680150064789945E+001                  4.9342031253956425E-001                  4.9292283764604661E-001                  1.3656849814389194E-002                  9.5912843237968792E-001                  1.8786043729424511E+000                  1.3132998837190412E-040                                        0                 -9.8999999999999986E+001                 -9.9000000000000000E+001                 -9.9000000000000000E+001 
                                     757                  3.6598757122420018E+000                  1.9320517728274436E-002                  7.2832671339876773E+000                  3.2218251617375093E-001                  1.5685921646507801E+001                  4.8550399949495987E-001                  5.0084386316612106E-001                  1.3652137338919124E-002                  9.6961363355925867E-001                  2.0246194941043334E+000                  1.6987898417278371E-040                                        0                 -9.8999999999999986E+001                 -9.9000000000000000E+001                 -9.9000000000000000E+001 
                                     758                  3.6287739932809484E+000                  1.6650876014983152E-002                  7.2849625417401205E+000                  3.2927467263636978E-001                  1.5691718190207704E+001                  4.7783855823470628E-001                  5.0851353183644243E-001                  1.3647909928851343E-002                  9.8006902087501213E-001                  2.1811134012902147E+000                  2.1911107714871880E-040                                        0                 -9.8999999999999986E+001                 -9.9000000000000000E+001                 -9.9000000000000000E+001 
                                     759                  3.6131493622726993E+000                  1.5313042654778519E-002                  7.2860934727601299E+000                  3.3415476015744594E-001                  1.5695582710652324E+001                  4.7237609479523612E-001                  5.1397884067600819E-001                  1.3645064528755690E-002                  9.8582124489326306E-001                  2.2908872548448849E+000                  2.6022466096206110E-040                                        0                 -9.8999999999999986E+001                 -9.9000000000000000E+001                 -9.9000000000000000E+001 
                                     760                  3.5975247312644503E+000                  1.3977888470027653E-002                  7.2872221933491304E+000                  3.3895450233855323E-001                  1.5699443635773372E+001                  4.6713478101335593E-001                  5.1922279601451227E-001                  1.3642422972131807E-002                  9.9165529705919764E-001                  2.4058424191511567E+000                  3.0833307601924009E-040                                        0                 -9.8999999999999986E+001                 -9.9000000000000000E+001                 -9.9000000000000000E+001 
                                     761                  3.5819001002561985E+000                  1.2645185176564966E-002                  7.2883487667696620E+000                  3.4378009717808422E-001                  1.5703300841566934E+001                  4.6185091374099241E-001                  5.2450914006082383E-001                  1.3639946198183761E-002                  9.9718995084918272E-001                  2.5255351025774191E+000                  3.6523352161994684E-040                                        0                 -9.8999999999999986E+001                 -9.9000000000000000E+001                 -9.9000000000000000E+001 
                                     762                  3.5662754692479459E+000                  1.1315030428399684E-002                  7.2894757480387309E+000                  3.4864772413686074E-001                  1.5707163022697213E+001                  4.5650106193228407E-001                  5.2986136866543521E-001                  1.3637569402280780E-002                  1.0020935409791847E+000                  2.6504489309066490E+000                  4.3271783730196627E-040                                        0                 -9.8999999999999986E+001                 -9.9000000000000000E+001                 -9.9000000000000000E+001 
                                     763                  3.5505789823962641E+000                  9.9814388494557146E-003                  7.2906031245581495E+000                  3.5351628921887734E-001                  1.5711030091237939E+001                  4.5118681736528243E-001                  5.3517787238061976E-001                  1.3635310254097810E-002                  1.0067503891133749E+000                  2.7810726978360445E+000                  5.1237742629216573E-040                                        0                 -9.8999999999999986E+001                 -9.9000000000000000E+001                 -9.9000000000000000E+001 
                                     764                  3.5348824955445823E+000                  8.6505216155335924E-003                  7.2922898520720807E+000                  3.6080651839243472E-001                  1.5716811670783322E+001                  4.4326029988547211E-001                  5.4310754122080795E-001                  1.3632158893719937E-002                  1.0131095542770585E+000                  2.9873255304817121E+000                  6.5918637159880478E-040                                        0                 -9.8999999999999986E+001                 -9.9000000000000000E+001                 -9.9000000000000000E+001 
                                     765                  3.5034895218412179E+000                  5.9967515268027046E-003                  7.2939748855472857E+000                  3.6809040085280631E-001                  1.5722614487770441E+001                  4.3547051914297830E-001                  5.5090022154840812E-001                  1.3629259308613584E-002                  1.0188840232350656E+000                  3.2076751967244541E+000                  8.4650158287136236E-040                                        0                 -9.8999999999999986E+001                 -9.9000000000000000E+001                 -9.9000000000000000E+001 
                                     766                  3.4877231918438873E+000                  4.6679627140713215E-003                  7.2950986292351283E+000                  3.7310789101891245E-001                  1.5726481320715900E+001                  4.2992089618066126E-001                  5.5645176925058160E-001                  1.3627334568757199E-002                  1.0211011980750198E+000                  3.3613319376259128E+000                  1.0023317426572629E-039                                        0                 -9.8999999999999986E+001                 -9.9000000000000000E+001                 -9.9000000000000000E+001 
                                     767                  3.4719568618465559E+000                  3.3423395078596269E-003                  7.2967797968427917E+000                  3.8048534652952903E-001                  1.5732261696829241E+001                  4.2197101087349076E-001                  5.6440423145851881E-001                  1.3624757667990428E-002                  1.0245735636339133E+000                  3.6047704877656894E+000                  1.2864472958197493E-039                                        0                 -9.8999999999999986E+001                 -9.9000000000000000E+001                 -9.9000000000000000E+001 
                                     768                  3.4404242018518931E+000                  6.9980687052061596E-004                  7.2984587167010577E+000                  3.8813881983566850E-001                  1.5738061260944725E+001                  4.1349796527418425E-001                  5.7287983530387465E-001                  1.3622199421941095E-002                  1.0252551045249616E+000                  3.8613938255170703E+000                  1.6559626156101035E-039                                        0                 -9.8999999999999986E+001                 -9.9000000000000000E+001                 -9.9000000000000000E+001 
                                     769                  3.4245901420091358E+000                 -6.2194369970357656E-004                  7.2995781237096118E+000                  3.9319730700010030E-001                  1.5741924913968091E+001                  4.0798786997412650E-001                  5.7839149927825662E-001                  1.3620630747616880E-002                  1.0254654797735527E+000                  4.0420200035331355E+000                  1.9567832496637743E-039                                        0                 -9.8999999999999986E+001                 -9.9000000000000000E+001                 -9.9000000000000000E+001 
                                     770                  3.4087560821663776E+000                 -1.9403560762802361E-003                  7.3012527778674423E+000                  4.0069563245192436E-001                  1.5747699613688805E+001                  3.9995468507927934E-001                  5.8642682459459827E-001                  1.3618490326122390E-002                  1.0254543818735065E+000                  4.3272764252278169E+000                  2.5065538979161051E-039                                        0                 -9.8999999999999986E+001                 -9.9000000000000000E+001                 -9.9000000000000000E+001 
                                     771                  3.3770879624808634E+000                 -4.5675790645632779E-003                  7.3029253748011236E+000                  4.0815997789866199E-001                  1.5753491234289053E+001                  3.9210787950693948E-001                  5.9427559896171478E-001                  1.3616521531345738E-002                  1.0248299403371011E+000                  4.6312768729581908E+000                  3.2039963709507006E-039                                        0                 -9.8999999999999986E+001                 -9.9000000000000000E+001                 -9.9000000000000000E+001 
                                     772                  3.3611883907266740E+000                 -5.8819337395671217E-003                  7.3040406483415934E+000                  4.1314861239200218E-001                  1.5757348580853703E+001                  3.8686470432640457E-001                  5.9952001220859141E-001                  1.3615283465004069E-002                  1.0236533795279037E+000                  4.8442651768811062E+000                  3.7726180864513466E-039                                        0                 -9.8999999999999986E+001                 -9.9000000000000000E+001                 -9.9000000000000000E+001 
                                     773                  3.3452888189724841E+000                 -7.1931135357603277E-003                  7.3054327138801103E+000                  4.1939179352359296E-001                  1.5762161331424581E+001                  3.8030872710823949E-001                  6.0607743573851847E-001                  1.3613837153242048E-002                  1.0215357415360675E+000                  5.1220999535339118E+000                  4.6243856822560625E-039                                        0                 -9.8999999999999986E+001                 -9.9000000000000000E+001                 -9.9000000000000000E+001 
                                     774                  3.3214078687957334E+000                 -9.1564520065484829E-003                  7.3070998892528998E+000                  4.2678250763693493E-001                  1.5767932364399380E+001                  3.7271487674380499E-001                  6.1367287289442918E-001                  1.3612250361765832E-002                  1.0186955247044969E+000                  5.4755096270852777E+000                  5.8873526623803818E-039                                        0                 -9.8999999999999986E+001                 -9.9000000000000000E+001                 -9.9000000000000000E+001 
                                     775                  3.2975269186189839E+000                 -1.1112971922356805E-002                  7.3087644704082306E+000                  4.3437270430318581E-001                  1.5773696739512182E+001                  3.6471561623521825E-001                  6.2167368363481268E-001                  1.3610700129969011E-002                  1.0129465421081032E+000                  5.8462993556308440E+000                  7.5096009489761910E-039                                        0                 -9.8999999999999986E+001                 -9.9000000000000000E+001                 -9.9000000000000000E+001 
                                     776                  3.2735827833512983E+000                 -1.3066894284512765E-002                  7.3104262200221646E+000                  4.4200614919932979E-001                  1.5779453994880104E+001                  3.5666879923469258E-001                  6.2972195237167738E-001                  1.3609248393630091E-002                  1.0056180350273742E+000                  6.2379567912332590E+000                  9.5731157195619817E-039                                        0                 -9.8999999999999986E+001                 -9.9000000000000000E+001                 -9.9000000000000000E+001 
                                     777                  3.2496386480836139E+000                 -1.5012808272290802E-002                  7.3123622433885460E+000                  4.5110983347179440E-001                  1.5786160067337949E+001                  3.4690542785102019E-001                  6.3948696392390358E-001                  1.3607608225076229E-002                  9.9370255908180094E-001                  6.7192510570005730E+000                  1.2726425559781994E-038                                        0                 -9.8999999999999986E+001                 -9.9000000000000000E+001                 -9.9000000000000000E+001 
                                     778                  3.2175916445777104E+000                 -1.7603469126913861E-002                  7.3145683215411124E+000                  4.6159169812489420E-001                  1.5793816776688201E+001                  3.3569613293309908E-001                  6.5069798221060426E-001                  1.3605884856296657E-002                  9.7742616217358547E-001                  7.3073590727887154E+000                  1.7597540494455295E-038                                        0                 -9.8999999999999986E+001                 -9.9000000000000000E+001                 -9.9000000000000000E+001 
                                     779                  3.1855446410718078E+000                 -2.0177871132167867E-002                  7.3162173570641826E+000                  4.6945244739276265E-001                  1.5799556401062103E+001                  3.2738552211707600E-001                  6.5900977905694125E-001                  1.3604698825982808E-002                  9.6394333273853117E-001                  7.7798648050441672E+000                  2.2397663622320483E-038                                        0                 -9.8999999999999986E+001                 -9.9000000000000000E+001                 -9.9000000000000000E+001 
                                     780                  3.1694629526743960E+000                 -2.1463614652415055E-002                  7.3173159468594609E+000                  4.7455930118488693E-001                  1.5803375915898398E+001                  3.2215780150693751E-001                  6.6423822297390145E-001                  1.3603975519161038E-002                  9.5560993681458128E-001                  8.1143858575608583E+000                  2.6239123497086810E-038                                        0                 -9.8999999999999986E+001                 -9.9000000000000000E+001                 -9.9000000000000000E+001 
                                     781                  3.1533812642769843E+000                 -2.2745647531668266E-002                  7.3184119379670953E+000                  4.7965532065685296E-001                  1.5807187553176632E+001                  3.1697254879598791E-001                  6.6942417150921141E-001                  1.3603279694800685E-002                  9.4680823078360399E-001                  8.4624064071790261E+000                  3.0715098270463233E-038                                        0                 -9.8999999999999986E+001                 -9.9000000000000000E+001                 -9.9000000000000000E+001 
                                     782                  3.1372995758795721E+000                 -2.4023979646277824E-002                  7.3195054819111025E+000                  4.8456996921143197E-001                  1.5810991170185231E+001                  3.1218790294241988E-001                  6.7420944194666010E-001                  1.3602655110920070E-002                  9.3935547676725695E-001                  8.8298551628719917E+000                  3.5841514140069581E-038                                        0                 -9.8999999999999986E+001                 -9.9000000000000000E+001                 -9.9000000000000000E+001 
                                     783                  3.1212178874821603E+000                 -2.5299123765536734E-002                  7.3205986103691822E+000                  4.8948348715102868E-001                  1.5814793164635418E+001                  3.0742901058871608E-001                  6.7896893710572404E-001                  1.3602052305559886E-002                  9.3147048414267875E-001                  9.2138337605558451E+000                  4.1806212177362115E-038                                        0                 -9.8999999999999986E+001                 -9.9000000000000000E+001                 -9.9000000000000000E+001 
                                     784                  3.1050806937467188E+000                 -2.6575472526666054E-002                  7.3216913096952050E+000                  4.9443294118219200E-001                  1.5818593414020020E+001                  3.0261871106598626E-001                  6.8377983049764368E-001                  1.3601458436370062E-002                  9.2281453095877819E-001                  9.6157009711273354E+000                  4.8768376824491831E-038                                        0                 -9.8999999999999986E+001                 -9.9000000000000000E+001                 -9.9000000000000000E+001 
                                     785                  3.0889435000112768E+000                 -2.7848518261393108E-002                  7.3233257118080628E+000                  5.0204626235898064E-001                  1.5824268769979343E+001                  2.9501617923498641E-001                  6.9138328620326206E-001                  1.3600534561751587E-002                  9.0663775298350935E-001                  1.0250064511623542E+001                  6.1544265867402343E-038                                        0                 -9.8999999999999986E+001                 -9.9000000000000000E+001                 -9.9000000000000000E+001 
                                     786                  3.0566691125403942E+000                 -3.0383463123148411E-002                  7.3249564378188623E+000                  5.0967081432556127E-001                  1.5829949001291741E+001                  2.8745808880940216E-001                  6.9894231939779339E-001                  1.3599591792804455E-002                  8.8929877679154279E-001                  1.0957139921936733E+001                  7.7581944153974960E-038                                        2                  2.3874971757243375E+000                 -9.9000000000000000E+001                  2.3874971757243375E+000 
                                     787                  3.0404792228992150E+000                 -3.1649468163117478E-002                  7.3260427514796884E+000                  5.1478612879847563E-001                  1.5833726883974043E+001                  2.8236290522633489E-001                  7.0403817179506334E-001                  1.3598922978601768E-002                  8.7621340428116279E-001                  1.1474437420376788E+001                  9.0532188385664623E-038                                        2                  2.6098750609318611E+000                 -9.9000000000000000E+001                  2.6098750609318611E+000 
                                     788                  3.0242893332580367E+000                 -3.2911622218915394E-002                  7.3271265721486145E+000                  5.1983779403596930E-001                  1.5837495700869514E+001                  2.7740715638890318E-001                  7.0899461893224081E-001                  1.3598224678855964E-002                  8.6254677855510686E-001                  1.2042905293029589E+001                  1.0549735058797897E-037                                        2                  2.8309636641393143E+000                 -9.9000000000000000E+001                  2.8309636641393143E+000 
                                     789                  3.0080994436168589E+000                 -3.4170088665256775E-002                  7.3282080249732457E+000                  5.2477188316699730E-001                  1.5841255317361201E+001                  2.7269821582718035E-001                  7.1370428525118912E-001                  1.3597498921630535E-002                  8.4839861030185426E-001                  1.2672239289464663E+001                  1.2268294214405252E-037                                        2                  3.0508134703329679E+000                 -9.9000000000000000E+001                  3.0508134703329679E+000 
                                     790                  2.9919095539756806E+000                 -3.5425187443287723E-002                  7.3298292264068765E+000                  5.3196086035330103E-001                  1.5846880108837654E+001                  2.6607163973338199E-001                  7.2033199548922167E-001                  1.3596364777396341E-002                  8.2502273877383892E-001                  1.3733315859610020E+001                  1.5333946675239561E-037                                        2                  3.2695089511012743E+000                 -9.9000000000000000E+001                  3.2695089511012743E+000 
                                     791                  2.9594302689080201E+000                 -3.7934146147571991E-002                  7.3319869488311520E+000                  5.4082089134625244E-001                  1.5854365712805892E+001                  2.5872634698800984E-001                  7.2767886065352527E-001                  1.3594792358464947E-002                  7.8899868251255334E-001                  1.5438056533164625E+001                  2.0427035529467995E-037                                        2                  3.7051081399133250E+000                 -9.9000000000000000E+001                  3.7051081399133250E+000 
                                     792                  2.9269509838403613E+000                 -4.0435348086754995E-002                  7.3336036588555640E+000                  5.4692044515933624E-001                  1.5859968117152462E+001                  2.5431085669696180E-001                  7.3209560462144241E-001                  1.3593538681595740E-002                  7.5147454951875858E-001                  1.6980386594275604E+001                  2.5137021742332847E-037                                        2                  4.1376385194402516E+000                 -9.9000000000000000E+001                  4.1376385194402516E+000 
                                     793                  2.9106646708706978E+000                 -4.1688202621849059E-002                  7.3346818561575038E+000                  5.5078152849991169E-001                  1.5863692378588011E+001                  2.5175896971554212E-001                  7.3464835090887526E-001                  1.3592679375582617E-002                  7.1704476225819347E-001                  1.8130093000536117E+001                  2.8788426080112856E-037                                        2                  4.3537825725992896E+000                 -9.9000000000000000E+001                  4.3537825725992896E+000 
                                     794                  2.8943783579010360E+000                 -4.2940760159472527E-002                  7.3362970536557679E+000                  5.5623178346969793E-001                  1.5869252203307061E+001                  2.4856239843460520E-001                  7.3784617896566396E-001                  1.3591422599730896E-002                  6.4998732292531514E-001                  2.0013315570975934E+001                  3.5121808165852005E-037                                        2                  4.5695522488541060E+000                 -9.9000000000000000E+001                  4.5695522488541060E+000 
                                     795                  2.8618057319617072E+000                 -4.5446935521571287E-002                  7.3384535431847953E+000                  5.6268323956239918E-001                  1.5876651769147822E+001                  2.4587258336765080E-001                  7.4053735625790373E-001                  1.3590060374445434E-002                  5.4170004932838267E-001                  2.2719023414034389E+001                  4.5317348600220427E-037                                        2                  5.0002761609523114E+000                 -9.9000000000000000E+001                  5.0002761609523114E+000 
                                     796                  2.8291462213825147E+000                 -4.7966090228135999E-002                  7.3406135248856250E+000                  5.6849081794876044E-001                  1.5884022171965283E+001                  2.4437193933676826E-001                  7.4203892443030439E-001                  1.3589136232927346E-002                  4.3936034127587631E-001                  2.5528891142518852E+001                  5.8015360517503877E-037                                        2                  5.4316168690439479E+000                 -9.9000000000000000E+001                  5.4316168690439479E+000 
                                     797                  2.7964867108033231E+000                 -5.0495505116521275E-002                  7.3422373677127180E+000                  5.7254329453684882E-001                  1.5889537129009305E+001                  2.4379895350061812E-001                  7.4261231933844118E-001                  1.3588727160940728E-002                  3.8421833798209221E-001                  2.7670383750434592E+001                  6.9579338735954695E-037                                        2                  5.8627773482589589E+000                 -9.9000000000000000E+001                  5.8627773482589589E+000 
                                     798                  2.7801168935637737E+000                 -5.1768155098273268E-002                  7.3433217299518505E+000                  5.7516998361433402E-001                  1.5893202453311691E+001                  2.4353334411563254E-001                  7.4287813014783766E-001                  1.3588525736529800E-002                  3.5437177601832176E-001                  2.9144213092479749E+001                  7.8483309430283716E-037                                        2                  6.0788937641981198E+000                 -9.9000000000000000E+001                  6.0788937641981198E+000 
                                     799                  2.7637470763242233E+000                 -5.3044316177985627E-002                  7.3444068866387529E+000                  5.7774197190231813E-001                  1.5896858331320097E+001                  2.4335141968967663E-001                  7.4306020016845487E-001                  1.3588380141868472E-002                  3.3181819375704924E-001                  3.0652635984282433E+001                  8.8473234165081006E-037                                        2                  6.2950389946927539E+000                 -9.9000000000000000E+001                  6.2950389946927539E+000 
                                     800                  2.7473772590846739E+000                 -5.4324191169189337E-002                  7.3454929095938253E+000                  5.8027209649573219E-001                  1.5900504863076117E+001                  2.4322822540350025E-001                  7.4318349795006722E-001                  1.3588276646432584E-002                  3.1557846847156240E-001                  3.2203977962333546E+001                  9.9691263215757734E-037                                        2                  6.5112295654881498E+000                 -9.9000000000000000E+001                  6.5112295654881498E+000 
                                     801                  2.7310074418451236E+000                 -5.5607948297196973E-002                  7.3471247314390773E+000                  5.8401305105426515E-001                  1.5905957482704379E+001                  2.4310411253719902E-001                  7.4330771979529309E-001                  1.3588167667507922E-002                  2.9850585580945121E-001                  3.4638202313120843E+001                  1.1919435506456939E-036                                        2                  6.7274798163358023E+000                 -9.9000000000000000E+001                  6.7274798163358023E+000 
                                     802                  2.6981947627227583E+000                 -5.8193416874085253E-002                  7.3493074723869016E+000                  5.8892574601805037E-001                  1.5913211905930636E+001                  2.4303150703491577E-001                  7.4338039427771041E-001                  1.3588098687373762E-002                  2.9099099228832503E-001                  3.8101293213767015E+001                  1.5120640212665262E-036                                        2                  7.1611769347520458E+000                 -9.9000000000000000E+001                  7.1611769347520458E+000 
                                     803                  2.6653820836003943E+000                 -6.0796023946221252E-002                  7.3509498862032041E+000                  5.9257355652038479E-001                  1.5918640792757339E+001                  2.4300821454586896E-001                  7.4340371048169474E-001                  1.3588074972436304E-002                  2.9177054228136767E-001                  4.0897161045718192E+001                  1.8074113858004504E-036                                        2                  7.5952582605538037E+000                 -9.9000000000000000E+001                  7.5952582605538037E+000 
                                     804                  2.6489429280768513E+000                 -6.2106631889471894E-002                  7.3520467343110560E+000                  5.9498746233116295E-001                  1.5922248544904331E+001                  2.4299813439659546E-001                  7.4341380122869982E-001                  1.3588064374704723E-002                  2.9354954965023622E-001                  4.2868142425356133E+001                  2.0356536090561326E-036                                        2                  7.8129029650870576E+000                 -9.9000000000000000E+001                  7.8129029650870576E+000 
                                     805                  2.6325037725533083E+000                 -6.3421849507548436E-002                  7.3536927212911740E+000                  5.9857844154018391E-001                  1.5927636029850392E+001                  2.4298837445342714E-001                  7.4342357175382823E-001                  1.3588053792744637E-002                  2.9763946315969136E-001                  4.5993306351538209E+001                  2.4325766512607729E-036                                        2                  8.0306760348409192E+000                 -9.9000000000000000E+001                  8.0306760348409192E+000 
                                     806                  2.5996254615062218E+000                 -6.6066522157683286E-002                  7.3558955704976574E+000                  6.0333768517909125E-001                  1.5934806476334037E+001                  2.4298300855815289E-001                  7.4342894381755764E-001                  1.3588047624289445E-002                  3.0563389074050579E-001                  5.0513854293637031E+001                  3.0858133529821987E-036                                        2                  8.4666519985214297E+000                 -9.9000000000000000E+001                  8.4666519985214297E+000 
                                     807                  2.5666892808355506E+000                 -6.8735511243741637E-002                  7.3581055313841084E+000                  6.0805720878261948E-001                  1.5941949949989878E+001                  2.4298082776484276E-001                  7.4343112726124772E-001                  1.3588044973909530E-002                  3.1503847284904185E-001                  5.5476280638030239E+001                  3.9151753620207973E-036                                        2                  8.9040346589256210E+000                 -9.9000000000000000E+001                  8.9040346589256210E+000 
                                     808                  2.5337531001648790E+000                 -7.1424969766974281E-002                  7.3597689844727920E+000                  6.1157734838395139E-001                  1.5947296764536945E+001                  2.4298017050319692E-001                  7.4343178536562571E-001                  1.3588044131177313E-002                  3.2273277637244213E-001                  5.9519313447447288E+001                  4.6818022909321571E-036                                        2                  9.3421404212499262E+000                 -9.9000000000000000E+001                  9.3421404212499262E+000 
                                     809                  2.5172601394790179E+000                 -7.2779663081591270E-002                  7.3608797830868253E+000                  6.1390935925084544E-001                  1.5950849598897808E+001                  2.4297989372573284E-001                  7.4343206250741201E-001                  1.3588043766855185E-002                  3.2805256187485898E-001                  6.2376349068048647E+001                  5.2746686938912367E-036                                        2                  9.5618203647403508E+000                 -9.9000000000000000E+001                  9.5618203647403508E+000 
                                     810                  2.5007671787931565E+000                 -7.4139795533110953E-002                  7.3625471026584721E+000                  6.1738220008140432E-001                  1.5956156251735857E+001                  2.4297963232379000E-001                  7.4343232426248596E-001                  1.3588043413724105E-002                  3.3628727313817358E-001                  6.6915569267707625E+001                  6.3067735622390302E-036                                        2                  9.7817133161959138E+000                 -9.9000000000000000E+001                  9.7817133161959138E+000 
                                     811                  2.4677812574214384E+000                 -7.6876823448463014E-002                  7.3647790765428258E+000                  6.2198949257544489E-001                  1.5963219834479355E+001                  2.4297949492199256E-001                  7.4343246185964629E-001                  1.3588043218361157E-002                  3.4778315280904704E-001                  7.3497272752373107E+001                  8.0078656210116345E-036                                        2                  1.0222184672834146E+001                 -9.9000000000000000E+001                  1.0222184672834146E+001 
                                     812                  2.4347541090121219E+000                 -7.9640359361627999E-002                  7.3670188475119609E+000                  6.2656104574852367E-001                  1.5970257814414872E+001                  2.4297944123165408E-001                  7.4343251563028023E-001                  1.3588043138065720E-002                  3.5980292208430642E-001                  8.0732233914870150E+001                  1.0171280511262736E-035                                        2                  1.0664190059197603E+001                 -9.9000000000000000E+001                  1.0664190059197603E+001 
                                     813                  2.4017269606028067E+000                 -8.2427892559268093E-002                  7.3687053617908038E+000                  6.2997216895044306E-001                  1.5975526693122148E+001                  2.4297942561282312E-001                  7.4343253127366904E-001                  1.3588043113507808E-002                  3.6917414064008919E-001                  8.6632525377289454E+001                  1.2174528784934607E-035                                        2                  1.1107267954363266E+001                 -9.9000000000000000E+001                  1.1107267954363266E+001 
                                     814                  2.3851972317752095E+000                 -8.3832310956092476E-002                  7.3698314610543276E+000                  6.3223191064346373E-001                  1.5979027313918042E+001                  2.4297941914405927E-001                  7.4343253775286089E-001                  1.3588043103079817E-002                  3.7558265758173615E-001                  9.0802838617630201E+001                  1.3725254985250483E-035                                        2                  1.1329452693470689E+001                 -9.9000000000000000E+001                  1.1329452693470689E+001 
                                     815                  2.3686675029476123E+000                 -8.5243091791629644E-002                  7.3715222066739257E+000                  6.3559816228667743E-001                  1.5984257203889809E+001                  2.4297941312960983E-001                  7.4343254377725032E-001                  1.3588043093139879E-002                  3.8543820086933395E-001                  9.7432117377965881E+001                  1.6428781856597473E-035                                        2                  1.1551940077077910E+001                 -9.9000000000000000E+001                  1.1551940077077910E+001 
                                     816                  2.3356080452924135E+000                 -8.8084253532517628E-002                  7.3737862398441232E+000                  6.4006455610512558E-001                  1.5991219372993701E+001                  2.4297941006203500E-001                  7.4343254685015248E-001                  1.3588043087812585E-002                  3.9909782521449683E-001                  1.0705055810442720E+002                  2.0894064677511531E-035                                        2                  1.1997872787383880E+001                 -9.9000000000000000E+001                  1.1997872787383880E+001 
                                     817                  2.3025256210898744E+000                 -9.0954359451030822E-002                  7.3754918517404189E+000                  6.4339808696466039E-001                  1.5996433187651025E+001                  2.4297940918795941E-001                  7.4343254772582323E-001                  1.3588043086217416E-002                  4.0975062680889945E-001                  1.1490029786976579E+002                  2.5037242392285373E-035                                        2                  1.2445468038938616E+001                 -9.9000000000000000E+001                  1.2445468038938616E+001 
                                     818                  2.2859844089886057E+000                 -9.2399842790123685E-002                  7.3766302157011472E+000                  6.4560531229101470E-001                  1.5999895596917776E+001                  2.4297940882965532E-001                  7.4343254808479775E-001                  1.3588043085546953E-002                  4.1703729424696079E-001                  1.2044711180377021E+002                  2.8247036197784836E-035                                        2                  1.2669801482964159E+001                 -9.9000000000000000E+001                  1.2669801482964159E+001 
                                     819                  2.2694431968873365E+000                 -9.3852466093823569E-002                  7.3777708909169490E+000                  6.4780420366787639E-001                  1.6003352298406583E+001                  2.4297940860962064E-001                  7.4343254830525429E-001                  1.3588043085125068E-002                  4.2448609588713071E-001                  1.2626574925031535E+002                  3.1873683709410570E-035                                        2                  1.2894509715470944E+001                 -9.9000000000000000E+001                  1.2894509715470944E+001 
                                     820                  2.2528953964638574E+000                 -9.5312949746599984E-002                  7.3789139309653491E+000                  6.4999481304352735E-001                  1.6006803402715594E+001                  2.4297940847472288E-001                  7.4343254844041762E-001                  1.3588043084859502E-002                  4.3210200260819692E-001                  1.3236997711867753E+002                  3.5972421169386735E-035                                        2                  1.3119694976350624E+001                 -9.9000000000000000E+001                  1.3119694976350624E+001 
                                     821                  2.2363475960403774E+000                 -9.6780857142710730E-002                  7.3806306457551347E+000                  6.5325855251375720E-001                  1.6011960599396104E+001                  2.4297940835087514E-001                  7.4343254856451468E-001                  1.3588043084610146E-002                  4.4383165704044558E-001                  1.4207895865578465E+002                  4.3133935332401223E-035                                        2                  1.3345280540593210E+001                 -9.9000000000000000E+001                  1.3345280540593210E+001 
                                     822                  2.2032519951934217E+000                 -9.9739544727078869E-002                  7.3829253711366993E+000                  6.5759497388595523E-001                  1.6018826815954963E+001                  2.4297940831088918E-001                  7.4343254860458530E-001                  1.3588043084525547E-002                  4.6010267260304544E-001                  1.5614993743869653E+002                  5.4976330361294750E-035                                        1                  1.3985291013198369E+001                  1.3985291013198369E+001                 -9.9000000000000000E+001 
                                     823                  2.1701534789094974E+000                 -1.0272991083332396E-001                  7.3852108996677055E+000                  6.6192307621864299E-001                  1.6025670179408898E+001                  2.4297940827815082E-001                  7.4343254863739650E-001                  1.3588043084452717E-002                  4.7705788329667637E-001                  1.7152988145362482E+002                  7.0011200257730212E-035                                        1                  1.4095382053562330E+001                  1.4095382053562330E+001                 -9.9000000000000000E+001 
                                     824                  2.1370549626255739E+000                 -1.0575275603408164E-001                  7.3869192925628759E+000                  6.6517176058918670E-001                  1.6030795614760290E+001                  2.4297940825590908E-001                  7.4343254865969055E-001                  1.3588043084400425E-002                  4.9025453423916998E-001                  1.8399706310368671E+002                  8.3891497289964641E-035                                        1                  1.4160752849960728E+001                  1.4160752849960728E+001                 -9.9000000000000000E+001 
                                     825                  2.1205096261462462E+000                 -1.0727631685393615E-001                  7.3880551079826402E+000                  6.6732907851868606E-001                  1.6034199902238040E+001                  2.4297940824156591E-001                  7.4343254867406783E-001                  1.3588043084366230E-002                  4.9927640319893823E-001                  1.9277411470502511E+002                  9.4616053553038015E-035                                        1                  1.4186085835842389E+001                  1.4186085835842389E+001                 -9.9000000000000000E+001 
                                     826                  2.1039642896669184E+000                 -1.0880841271847053E-001                  7.3897545005371770E+000                  6.7055298134816022E-001                  1.6039288477265014E+001                  2.4297940822061104E-001                  7.4343254869507436E-001                  1.3588043084314605E-002                  5.1315881212162073E-001                  2.0667948726077233E+002                  1.1328726843879818E-034                                        1                  1.4208345763049897E+001                  1.4208345763049897E+001                 -9.9000000000000000E+001 
                                     827                  2.0708736167082624E+000                 -1.1189884768853965E-001                  7.3920128263464129E+000                  6.7485430479958564E-001                  1.6046064148241339E+001                  2.4297940819373987E-001                  7.4343254872201514E-001                  1.3588043084244994E-002                  5.3237970682324054E-001                  2.2670549745947937E+002                  1.4397259968575367E-034                                        1                  1.4246330992771277E+001                  1.4246330992771277E+001                 -9.9000000000000000E+001 
                                     828                  2.0378020714179028E+000                 -1.1502341216348363E-001                  7.3937011441278981E+000                  6.7808226249348313E-001                  1.6051139557335294E+001                  2.4297940817411048E-001                  7.4343254874169784E-001                  1.3588043084191703E-002                  5.4735307744300299E-001                  2.4292050770761705E+002                  1.7228258024503506E-034                                        1                  1.4278244355550687E+001                  1.4278244355550687E+001                 -9.9000000000000000E+001 
                                     829                  2.0212662987727232E+000                 -1.1659953059077237E-001                  7.3948240085605823E+000                  6.8022605877803022E-001                  1.6054511835112955E+001                  2.4297940816115060E-001                  7.4343254875469389E-001                  1.3588043084155510E-002                  5.5759892708307701E-001                  2.5432977981200111E+002                  1.9415515310500179E-034                                        1                  1.4292569005109305E+001                  1.4292569005109305E+001                 -9.9000000000000000E+001 
                                     830                  2.0047305261275441E+000                 -1.1818510843607935E-001                  7.3959444356980661E+000                  6.8236673359114697E-001                  1.6057877923840614E+001                  2.4297940814829971E-001                  7.4343254876758158E-001                  1.3588043084118651E-002                  5.6806418227778710E-001                  2.6624072076064061E+002                  2.1877797147965454E-034                                        1                  1.4306030319500444E+001                  1.4306030319500444E+001                 -9.9000000000000000E+001 
                                     831                  1.9882102373925803E+000                 -1.1977881713325077E-001                  7.3970624663946136E+000                  6.8450423687770467E-001                  1.6061237930788526E+001                  2.4297940813553820E-001                  7.4343254878038068E-001                  1.3588043084081125E-002                  5.7875453143258759E-001                  2.7867413953835154E+002                  2.4649739133096767E-034                                        1                  1.4318734295572217E+001                  1.4318734295572217E+001                 -9.9000000000000000E+001 
                                     832                  1.9716899486576167E+000                 -1.2138231067735658E-001                  7.3981786647964078E+000                  6.8663952668453732E-001                  1.6064593549877710E+001                  2.4297940812284360E-001                  7.4343254879311316E-001                  1.3588043084043266E-002                  5.8968102822370094E-001                  2.9165790220777319E+002                  2.7771962176478755E-034                                        1                  1.4330791999847147E+001                  1.4330791999847147E+001                 -9.9000000000000000E+001 
                                     833                  1.9551696599226538E+000                 -1.2299576741021281E-001                  7.3992930696103345E+000                  6.8877254481188566E-001                  1.6067944892514724E+001                  2.4297940811020208E-001                  7.4343254880579357E-001                  1.3588043084004298E-002                  6.0085005540325553E-001                  3.0521533105758255E+002                  3.1289138010022869E-034                                        1                  1.4342283622199030E+001                  1.4342283622199030E+001                 -9.9000000000000000E+001 
                                     834                  1.9386493711876911E+000                 -1.2461937049169006E-001                  7.4009595189082606E+000                  6.9195663780812966E-001                  1.6072951672295765E+001                  2.4297940809131796E-001                  7.4343254882473742E-001                  1.3588043083944568E-002                  6.1804243060116215E-001                  3.2664982666506387E+002                  3.7408846636546701E-034                                        1                  1.4353279301263132E+001                  1.4353279301263132E+001                 -9.9000000000000000E+001 
                                     835                  1.9056521902806602E+000                 -1.2789349041595399E-001                  7.4031751285666854E+000                  6.9620325826007401E-001                  1.6079621392501977E+001                  2.4297940806625437E-001                  7.4343254884988430E-001                  1.3588043083861301E-002                  6.4188550114702425E-001                  3.5746827099397308E+002                  4.7474722852288721E-034                                        1                  1.4373959179265270E+001                  1.4373959179265270E+001                 -9.9000000000000000E+001 
                                     836                  1.8726550093736292E+000                 -1.3121040486532329E-001                  7.4053823977562399E+000                  7.0043760016620038E-001                  1.6086270424472087E+001                  2.4297940804125190E-001                  7.4343254887497434E-001                  1.3588043083773815E-002                  6.6680183376438118E-001                  3.9101602738962924E+002                  6.0252575038346944E-034                                        1                  1.4393201616485630E+001                  1.4393201616485630E+001                 -9.9000000000000000E+001 
                                     837                  1.8397142779974625E+000                 -1.3456596336693885E-001                  7.4075816518385489E+000                  7.0466018266658781E-001                  1.6092899640918962E+001                  2.4297940801625945E-001                  7.4343254890005861E-001                  1.3588043083681889E-002                  6.9285174110134928E-001                  4.2752341623689728E+002                  7.6485849558321661E-034                                        1                  1.4411242299486863E+001                  1.4411242299486863E+001                 -9.9000000000000000E+001 
                                     838                  1.8067735466212973E+000                 -1.3796751945033503E-001                  7.4092266114786982E+000                  7.0782824787644028E-001                  1.6097867597899253E+001                  2.4297940799748879E-001                  7.4343254891890165E-001                  1.3588043083609502E-002                  7.1319117261294107E-001                  4.5701413817929307E+002                  9.1501851797029954E-034                                        1                  1.4428304768407168E+001                  1.4428304768407168E+001                 -9.9000000000000000E+001 
                                     839                  1.7903382637120575E+000                 -1.3968240694816125E-001                  7.4103196140369496E+000                  7.0992948140527257E-001                  1.6101165428376966E+001                  2.4297940798497308E-001                  7.4343254893146682E-001                  1.3588043083560097E-002                  7.2711490688457459E-001                  4.7770332783654914E+002                  1.0311513470924728E-033                                        1                  1.4436503210745276E+001                  1.4436503210745276E+001                 -9.9000000000000000E+001 
                                     840                  1.7739029808028177E+000                 -1.4140942638347670E-001                  7.4119560706118781E+000                  7.1306989526866238E-001                  1.6106098367523508E+001                  2.4297940796616396E-001                  7.4343254895035249E-001                  1.3588043083483603E-002                  7.4859659636940601E-001                  5.1040765308830049E+002                  1.2339081013749757E-033                                        1                  1.4444520039899070E+001                  1.4444520039899070E+001                 -9.9000000000000000E+001 
                                     841                  1.7410324149843384E+000                 -1.4490088235187315E-001                  7.4141314452293843E+000                  7.1725745269813135E-001                  1.6112668510352037E+001                  2.4297940794100137E-001                  7.4343254897562250E-001                  1.3588043083376133E-002                  7.7842606192903485E-001                  5.5733213994374535E+002                  1.5685524058025772E-033                                        1                  1.4460046147623718E+001                  1.4460046147623718E+001                 -9.9000000000000000E+001 
                                     842                  1.7082464362812504E+000                 -1.4843464648177332E-001                  7.4157582893873215E+000                  7.2039861025510921E-001                  1.6117591288667210E+001                  2.4297940792204836E-001                  7.4343254899466038E-001                  1.3588043083291312E-002                  8.0173265779636804E-001                  5.9518890790208400E+002                  1.8789025449719063E-033                                        1                  1.4474925843563017E+001                  1.4474925843563017E+001                 -9.9000000000000000E+001 
                                     843                  1.6918534469297055E+000                 -1.5022136092742266E-001                  7.4168410381550300E+000                  7.2248547308006017E-001                  1.6120864555194416E+001                  2.4297940790937356E-001                  7.4343254900739320E-001                  1.3588043083233248E-002                  8.1772454514158111E-001                  6.2177054241405222E+002                  2.1198568144823191E-033                                        1                  1.4482166977984152E+001                  1.4482166977984152E+001                 -9.9000000000000000E+001 
                                     844                  1.6754604575781609E+000                 -1.5202167712848472E-001                  7.4179210474357662E+000                  7.2456795467323665E-001                  1.6124130607870161E+001                  2.4297940789667624E-001                  7.4343254902015043E-001                  1.3588043083173296E-002                  8.3407909398114954E-001                  6.4944956937948848E+002                  2.3920362017613496E-033                                        1                  1.4489294329685254E+001                  1.4489294329685254E+001                 -9.9000000000000000E+001 
                                     845                  1.6591173486254693E+000                 -1.5383033432791662E-001                  7.4189983611194785E+000                  7.2664610411304720E-001                  1.6127389545137252E+001                  2.4297940788395408E-001                  7.4343254903293399E-001                  1.3588043083111900E-002                  8.5080614319042724E-001                  6.7826832682047234E+002                  2.6995790249395988E-033                                        1                  1.4496285988546223E+001                  1.4496285988546223E+001                 -9.9000000000000000E+001 
                                     846                  1.6427742396727776E+000                 -1.5565307618363877E-001                  7.4200746685090708E+000                  7.2872319059182300E-001                  1.6130646485527436E+001                  2.4297940787118544E-001                  7.4343254904576583E-001                  1.3588043083048729E-002                  8.6794245624305322E-001                  7.0831771854254657E+002                  3.0477558184086035E-033                                        1                  1.4503176856176390E+001                  1.4503176856176390E+001                 -9.9000000000000000E+001 
                                     847                  1.6264311307200863E+000                 -1.5749019746970350E-001                  7.4211500116401048E+000                  7.3079929317345349E-001                  1.6133901553681913E+001                  2.4297940785836789E-001                  7.4343254905864831E-001                  1.3588043082983781E-002                  8.8550056735126226E-001                  7.3964940751538302E+002                  3.4421425153509315E-033                                        1                  1.4509968062204958E+001                  1.4509968062204958E+001                 -9.9000000000000000E+001 
                                     848                  1.6100880217673947E+000                 -1.5934200168396784E-001                  7.4222225331268774E+000                  7.3287083845217571E-001                  1.6137149137362730E+001                  2.4297940784552238E-001                  7.4343254907156064E-001                  1.3588043082916945E-002                  9.0346128253097269E-001                  7.7225828998017789E+002                  3.8882730243899953E-033                                        1                  1.4516671266580270E+001                  1.4516671266580270E+001                 -9.9000000000000000E+001 
                                     849                  1.5938027816872906E+000                 -1.6120216440202773E-001                  7.4232922773233447E+000                  7.3493787189555182E-001                  1.6140389332304032E+001                  2.4297940783264693E-001                  7.4343254908450462E-001                  1.3588043082848444E-002                  9.2183553577153554E-001                  8.0619284940427599E+002                  4.3931000890837561E-033                                        1                  1.4523263685907573E+001                  1.4523263685907573E+001                 -9.9000000000000000E+001 
                                     850                  1.5775175416071863E+000                 -1.6307753521939611E-001                  7.4243611916865158E+000                  7.3700416938043611E-001                  1.6143628047696289E+001                  2.4297940781971700E-001                  7.4343254909750500E-001                  1.3588043082777945E-002                  9.4066867005461174E-001                  8.4156775203916527E+002                  4.9656241728285929E-033                                        1                  1.4529779684491830E+001                  1.4529779684491830E+001                 -9.9000000000000000E+001 
                                     851                  1.5612323015270821E+000                 -1.6496844245085274E-001                  7.4254293196135945E+000                  7.3906981318054721E-001                  1.6146865412984244E+001                  2.4297940780673044E-001                  7.4343254911056433E-001                  1.3588043082705226E-002                  9.5997501124653595E-001                  8.7844343253264947E+002                  5.6152993089046783E-033                                        1                  1.4536219201295019E+001                  1.4536219201295019E+001                 -9.9000000000000000E+001 
                                     852                  1.5449470614469778E+000                 -1.6687522452680548E-001                  7.4270250806893410E+000                  7.4215048814915285E-001                  1.6151697559327111E+001                  2.4297940778721619E-001                  7.4343254913019041E-001                  1.3588043082593426E-002                  9.8974237609094917E-001                  9.3650457851468479E+002                  6.7544081116493177E-033                                        1                  1.4542594268041240E+001                  1.4542594268041240E+001                 -9.9000000000000000E+001 
                                     853                  1.5125091556257901E+000                 -1.7072202593383001E-001                  7.4291484815393956E+000                  7.4626216154407210E-001                  1.6158139554047928E+001                  2.4297940776098984E-001                  7.4343254915657442E-001                  1.3588043082435775E-002                  1.0312017645342826E+000                  1.0196845690864201E+003                  8.6538726938315433E-033                                        1                  1.4555100610930122E+001                  1.4555100610930122E+001                 -9.9000000000000000E+001 
                                     854                  1.4800712498046036E+000                 -1.7463609922952375E-001                  7.4312646595018084E+000                  7.5036334650748426E-001                  1.6164563777635177E+001                  2.4297940773456844E-001                  7.4343254918316271E-001                  1.3588043082268797E-002                  1.0747182752551281E+000                  1.1098141810214631E+003                  1.1104206617833854E-032                                        1                  1.4567375374663222E+001                  1.4567375374663222E+001                 -9.9000000000000000E+001 
                                     855                  1.4477836769528729E+000                 -1.7860189005706978E-001                  7.4333739785191382E+000                  7.5445454347922247E-001                  1.6170971138972572E+001                  2.4297940770794069E-001                  7.4343254920996660E-001                  1.3588043082092716E-002                  1.1204159054289304E+000                  1.2074518798980791E+003                  1.4271117375702882E-032                                        1                  1.4579396106048200E+001                  1.4579396106048200E+001                 -9.9000000000000000E+001 
                                     856                  1.4154961041011431E+000                 -1.8264062065800210E-001                  7.4349530051042727E+000                  7.5752637789334443E-001                  1.6175776620833108E+001                  2.4297940768779455E-001                  7.4343254923025270E-001                  1.3588043081952716E-002                  1.1562494571574744E+000                  1.2860574807238936E+003                  1.7248210599365357E-032                                        1                  1.4591240474701005E+001                  1.4591240474701005E+001                 -9.9000000000000000E+001 
                                     857                  1.3994368591403641E+000                 -1.8467760102002823E-001                  7.4360010548186999E+000                  7.5956162945662187E-001                  1.6178963179649791E+001                  2.4297940767433890E-001                  7.4343254924380420E-001                  1.3588043081856904E-002                  1.1808164635210368E+000                  1.3409777837817869E+003                  1.9574209967883771E-032                                        1                  1.4597074732932310E+001                  1.4597074732932310E+001                 -9.9000000000000000E+001 
                                     858                  1.3833776141795842E+000                 -1.8673392470712152E-001                  7.4375717850579770E+000                  7.6260660748150455E-001                  1.6183734578692178E+001                  2.4297940765404499E-001                  7.4343254926424596E-001                  1.3588043081709023E-002                  1.2188544212963586E+000                  1.4276185834212747E+003                  2.3687132518996864E-032                                        1                  1.4602879414932353E+001                  1.4602879414932353E+001                 -9.9000000000000000E+001 
                                     859                  1.3512591242580327E+000                 -1.9090654172088903E-001                  7.4396604496258956E+000                  7.6666787346360998E-001                  1.6190091225975308E+001                  2.4297940762676307E-001                  7.4343254929173619E-001                  1.3588043081500745E-002                  1.2718713901631173E+000                  1.5514549133837054E+003                  3.0592024458319072E-032                                        1                  1.4614396109686460E+001                  1.4614396109686460E+001                 -9.9000000000000000E+001 
                                     860                  1.3193295358226269E+000                 -1.9513702211924597E-001                  7.4417425923232035E+000                  7.7071966347768650E-001                  1.6196431868484861E+001                  2.4297940759924846E-001                  7.4343254931947123E-001                  1.3588043081280254E-002                  1.3276228878097192E+000                  1.6854234198165736E+003                  3.9574887311753760E-032                                        1                  1.4625733266488972E+001                  1.4625733266488972E+001                 -9.9000000000000000E+001 
                                     861                  1.2873999473872220E+000                 -1.9945378431061400E-001                  7.4438179795596735E+000                  7.7476172109131858E-001                  1.6202755965105698E+001                  2.4297940757149919E-001                  7.4343254934745329E-001                  1.3588043081047552E-002                  1.3862612061451993E+000                  1.8302838694031291E+003                  5.1276129594101962E-032                                        1                  1.4636980852020878E+001                  1.4636980852020878E+001                 -9.9000000000000000E+001 
                                     862                  1.2556802340899653E+000                 -2.0383196777677537E-001                  7.4458870058363349E+000                  7.7879454606172982E-001                  1.6209064465392526E+001                  2.4297940754350653E-001                  7.4343254937569225E-001                  1.3588043080801193E-002                  1.4479643331174876E+000                  1.9868929511828262E+003                  6.6540864297024145E-032                                        1                  1.4648081895150352E+001                  1.4648081895150352E+001                 -9.9000000000000000E+001 
                                     863                  1.2239605207927078E+000                 -2.0830432226006246E-001                  7.4479494204868804E+000                  7.8281787281105175E-001                  1.6215356797911760E+001                  2.4297940751526909E-001                  7.4343254940418946E-001                  1.3588043080541512E-002                  1.5129034382439728E+000                  2.1561226620177617E+003                  8.6475203316028635E-032                                        1                  1.4659125727775725E+001                  1.4659125727775725E+001                 -9.9000000000000000E+001 
                                     864                  1.1924729086648378E+000                 -2.1284204517750818E-001                  7.4500056303661317E+000                  7.8683220226253014E-001                  1.6221633929935074E+001                  2.4297940748677865E-001                  7.4343254943295445E-001                  1.3588043080266843E-002                  1.5812791424316703E+000                  2.3389590644880027E+003                  1.1253968481961966E-031                                        1                  1.4670046450300710E+001                  1.4670046450300710E+001                 -9.9000000000000000E+001 
                                     865                  1.1609852965369678E+000                 -2.1748282084277029E-001                  7.4520553667806642E+000                  7.9083725934282245E-001                  1.6227895257979071E+001                  2.4297940745803467E-001                  7.4343254946198845E-001                  1.3588043079976853E-002                  1.6532836578265859E+000                  2.5364017349181572E+003                  1.4664587798770834E-031                                        1                  1.4680938732725263E+001                  1.4680938732725263E+001                 -9.9000000000000000E+001 
                                     866                  1.1297533739748169E+000                 -2.2219336331691675E-001                  7.4540990502016431E+000                  7.9483354681487484E-001                  1.6234141769430291E+001                  2.4297940742902910E-001                  7.4343254949130033E-001                  1.3588043079670542E-002                  1.7291430054478434E+000                  2.7495845914373022E+003                  1.9131804896848651E-031                                        1                  1.4691727600691360E+001                  1.4691727600691360E+001                 -9.9000000000000000E+001 
                                     867                  1.0985214514126691E+000                 -2.2701700434921390E-001                  7.4561363927621276E+000                  7.9882077968406762E-001                  1.6240372826759359E+001                  2.4297940739976195E-001                  7.4343254952089044E-001                  1.3588043079347578E-002                  1.8090728121421669E+000                  2.9796520478226785E+003                  2.4985812167635826E-031                                        1                  1.4702514401789850E+001                  1.4702514401789850E+001                 -9.9000000000000000E+001 
                                     868                  1.0675702941517153E+000                 -2.3191533675940629E-001                  7.4581678299466025E+000                  8.0279946345242770E-001                  1.6246589440109531E+001                  2.4297940737022553E-001                  7.4343254955076798E-001                  1.3588043079006518E-002                  1.8933275858388943E+000                  3.2279068858106507E+003                  3.2662470784705773E-031                                        1                  1.4713214672326856E+001                  1.4713214672326856E+001                 -9.9000000000000000E+001 
                                     869                  1.0366191368907627E+000                 -2.3693818756228843E-001                  7.4596901582283488E+000                  8.0578977182780942E-001                  1.6251256555375480E+001                  2.4297940734783471E-001                  7.4343254957342908E-001                  1.3588043078736178E-002                  1.9596566294246518E+000                  3.4272491284155080E+003                  3.9968670939686697E-031                                        1                  1.4723933567606148E+001                  1.4723933567606148E+001                 -9.9000000000000000E+001 
                                     870                  1.0212972938519718E+000                 -2.3947300582105327E-001                  7.4606987594047611E+000                  8.0776748359920625E-001                  1.6254345834013236E+001                  2.4297940733290152E-001                  7.4343254958854632E-001                  1.3588043078552214E-002                  2.0051452762217314E+000                  3.5659123005117817E+003                  4.5708958988008349E-031                                        1                  1.4729251825133147E+001                  1.4729251825133147E+001                 -9.9000000000000000E+001 
                                     871                  1.0059754508131820E+000                 -2.4204117392355853E-001                  7.4622124757325849E+000                  8.1073059623012766E-001                  1.6258978108594466E+001                  2.4297940731034084E-001                  7.4343254961139160E-001                  1.3588043078267553E-002                  2.0758208689282900E+000                  3.7843930678748052E+003                  5.5943276388479582E-031                                        1                  1.4734584369105765E+001                  1.4734584369105765E+001                 -9.9000000000000000E+001 
                                     872                  9.7533176473559391E-001                 -2.4728182862122897E-001                  7.4642258448502492E+000                  8.1468345600666603E-001                  1.6265150724934880E+001                  2.4297940727998535E-001                  7.4343254964214689E-001                  1.3588043077867762E-002                  2.1746186478217830E+000                  4.0956208319541047E+003                  7.3279096072194689E-031                                        1                  1.4745286357649320E+001                  1.4745286357649320E+001                 -9.9000000000000000E+001 
                                     873                  9.4502405006518320E-001                 -2.5260898940426801E-001                  7.4662335925268657E+000                  8.1862818733187548E-001                  1.6271309611136406E+001                  2.4297940724934775E-001                  7.4343254967320582E-001                  1.3588043077446432E-002                  2.2788621744241384E+000                  4.4310500168913004E+003                  9.6030092986392342E-031                                        1                  1.4755925192246517E+001                  1.4755925192246517E+001                 -9.9000000000000000E+001 
                                     874                  9.1471633539477260E-001                 -2.5808873002239313E-001                  7.4682353646459525E+000                  8.2256447106250841E-001                  1.6277454012181124E+001                  2.4297940721843078E-001                  7.4343254970456663E-001                  1.3588043077002565E-002                  2.3888538706268667E+000                  4.7923853647126480E+003                  1.2587841451783098E-030                                        1                  1.4766634537652852E+001                  1.4766634537652852E+001                 -9.9000000000000000E+001 
                                     875                  8.8477507676958922E-001                 -2.6366211935252237E-001                  7.4702316521636032E+000                  8.2649282701837434E-001                  1.6283585025555642E+001                  2.4297940718722708E-001                  7.4343254973623774E-001                  1.3588043076535161E-002                  2.5049560606511325E+000                  5.1815929888068240E+003                  1.6503767395423658E-030                                        1                  1.4777296376484344E+001                  1.4777296376484344E+001                 -9.9000000000000000E+001 
                                     876                  8.5483381814440573E-001                 -2.6940545844026287E-001                  7.4722220752184700E+000                  8.3041292303420899E-001                  1.6289701850540933E+001                  2.4297940715574015E-001                  7.4343254976821660E-001                  1.3588043076043221E-002                  2.6275064709233651E+000                  5.6006149349182751E+003                  2.1638481070404877E-030                                        1                  1.4788052953254263E+001                  1.4788052953254263E+001                 -9.9000000000000000E+001 
                                     877                  8.2529170597866985E-001                 -2.7525063462149629E-001                  7.4742071475114669E+000                  8.3432528584390753E-001                  1.6295805621514887E+001                  2.4297940712396310E-001                  7.4343254980051143E-001                  1.3588043075525524E-002                  2.7569123478605273E+000                  6.0517030818642788E+003                  2.8370018889860643E-030                                        1                  1.4798772579080818E+001                  1.4798772579080818E+001                 -9.9000000000000000E+001 
                                     878                  7.9574959381293497E-001                 -2.8128600762314632E-001                  7.4761864610571536E+000                  8.3822956922928782E-001                  1.6301895487870549E+001                  2.4297940709190050E-001                  7.4343254983311846E-001                  1.3588043074981071E-002                  2.8935503673029745E+000                  6.5370669367333257E+003                  3.7188533631322339E-030                                        1                  1.4809612264597771E+001                  1.4809612264597771E+001                 -9.9000000000000000E+001 
                                     879                  7.6664178434534136E-001                 -2.8743267486806728E-001                  7.4781605549637904E+000                  8.4212630831225899E-001                  1.6307972625711809E+001                  2.4297940705954565E-001                  7.4343254986604546E-001                  1.3588043074408862E-002                  3.0378781141256885E+000                  7.0592840093072873E+003                  4.8737080587931962E-030                                        1                  1.4820424881548513E+001                  1.4820424881548513E+001                 -9.9000000000000000E+001 
                                     880                  7.3753397487774774E-001                 -2.9379332681361525E-001                  7.4801289903237649E+000                  8.4601514132717370E-001                  1.6314036129552850E+001                  2.4297940702690488E-001                  7.4343254989928753E-001                  1.3588043073807565E-002                  3.1903151435489319E+000                  7.6208647243725591E+003                  6.3847272036133871E-030                                        1                  1.4831384679188163E+001                  1.4831384679188163E+001                 -9.9000000000000000E+001 
                                     881                  7.0889839910235486E-001                 -3.0027628551009983E-001                  7.4820923348071933E+000                  8.4989661343996192E-001                  1.6320087222816330E+001                  2.4297940699397186E-001                  7.4343254993285224E-001                  1.3588043073175848E-002                  3.3513754704500283E+000                  8.2247576098276550E+003                  8.3608343959030458E-030                                        1                  1.4842326914222031E+001                  1.4842326914222031E+001                 -9.9000000000000000E+001 
                                     882                  6.8026282332696175E-001                 -3.0700142295861771E-001                  7.4835659198184814E+000                  8.5281825523641730E-001                  1.6324636964422325E+001                  2.4297940696898382E-001                  7.4343254995833907E-001                  1.3588043072677136E-002                  3.4785749371244608E+000                  8.7088680159040468E+003                  1.0238097358368521E-029                                        1                  1.4853442220209065E+001                  1.4853442220209065E+001                 -9.9000000000000000E+001 
                                     883                  6.6620169021159115E-001                 -3.1039850740579528E-001                  7.4845390605372257E+000                  8.5474428959615101E-001                  1.6327638789050905E+001                  2.4297940695237955E-001                  7.4343254997528119E-001                  1.3588043072339295E-002                  3.5656275263727020E+000                  9.0437524740072768E+003                  1.1703770844152742E-029                                        1                  1.4858970493739340E+001                  1.4858970493739340E+001                 -9.9000000000000000E+001 
                                     884                  6.5214055709622043E-001                 -3.1386164906390612E-001                  7.4860028495641506E+000                  8.5763655468697386E-001                  1.6332150143440789E+001                  2.4297940692724929E-001                  7.4343255000093345E-001                  1.3588043071817268E-002                  3.7013339748605998E+000                  9.5713617594959742E+003                  1.4313233258704368E-029                                        1                  1.4864552503962653E+001                  1.4864552503962653E+001                 -9.9000000000000000E+001 
                                     885                  6.2401829086547578E-001                 -3.2099795636924211E-001                  7.4879501891776306E+000                  8.6149552096149440E-001                  1.6338162623097286E+001                  2.4297940689346190E-001                  7.4343255003545017E-001                  1.3588043071087963E-002                  3.8913363232498686E+000                  1.0320702441630800E+004                  1.8709503837681521E-029                                        1                  1.4875877615476837E+001                  1.4875877615476837E+001                 -9.9000000000000000E+001 
                                     886                  5.9645400308864449E-001                 -3.2828487638501280E-001                  7.4898926896078057E+000                  8.6534747708804460E-001                  1.6344163307645722E+001                  2.4297940685938979E-001                  7.4343255007028675E-001                  1.3588043070323463E-002                  4.0921724406928481E+000                  1.1125654468496858E+004                  2.4439497885413514E-029                                        1                  1.4887200446383561E+001                  1.4887200446383561E+001                 -9.9000000000000000E+001 
                                     887                  5.6888971531181332E-001                 -3.3588855714940069E-001                  7.4918297964489788E+000                  8.6919200337481528E-001                  1.6350151086162381E+001                  2.4297940682504535E-001                  7.4343255010543208E-001                  1.3588043069522548E-002                  4.3044168482707139E+000                  1.1989867820980475E+004                  3.1898428049086032E-029                                        1                  1.4898771703426849E+001                  1.4898771703426849E+001                 -9.9000000000000000E+001 
                                     888                  5.4193221745750819E-001                 -3.4366130447805060E-001                  7.4937621878211118E+000                  8.7302968708945627E-001                  1.6356127368296271E+001                  2.4297940679042473E-001                  7.4343255014089082E-001                  1.3588043068684441E-002                  4.5287977080650901E+000                  1.2917744630526711E+004                  4.1601394808764025E-029                                        1                  1.4910354842336695E+001                  1.4910354842336695E+001                 -9.9000000000000000E+001 
                                     889                  5.1497471960320407E-001                 -3.5180085211836221E-001                  7.4956892603991765E+000                  8.7686008394905346E-001                  1.6362090955821337E+001                  2.4297940675554372E-001                  7.4343255017664878E-001                  1.3588043067807476E-002                  4.7659507266069872E+000                  1.3913406231207246E+004                  5.4206521664609376E-029                                        1                  1.4922231095086035E+001                  1.4922231095086035E+001                 -9.9000000000000000E+001 
                                     890                  4.8867764886459353E-001                 -3.6013192383831505E-001                  7.4976117403648317E+000                  8.8068380061229545E-001                  1.6368043340314060E+001                  2.4297940672039992E-001                  7.4343255021270926E-001                  1.3588043066890876E-002                  5.0166939036314071E+000                  1.4981881340338665E+004                  7.0570285181423269E-029                                        1                  1.4934130710491043E+001                  1.4934130710491043E+001                 -9.9000000000000000E+001 
                                     891                  4.6238057812598399E-001                 -3.6889199304675452E-001                  7.4995289681479296E+000                  8.8450036419048972E-001                  1.6373983222946862E+001                  2.4297940668501286E-001                  7.4343255024905408E-001                  1.3588043065933086E-002                  5.2817290763440647E+000                  1.6127814408723585E+004                  9.1783214906684985E-029                                        1                  1.4946376879795411E+001                  1.4946376879795411E+001                 -9.9000000000000000E+001 
                                     892                  4.3680326015492943E-001                 -3.7787133178230009E-001                  7.5014417257691584E+000                  8.8831040436885034E-001                  1.6379912190854359E+001                  2.4297940664938211E-001                  7.4343255028568467E-001                  1.3588043064933220E-002                  5.5619755541095310E+000                  1.7356949835381787E+004                  1.1926258103909730E-028                                        1                  1.4958659719609063E+001                  1.4958659719609063E+001                 -9.9000000000000000E+001 
                                     893                  4.1122594218387487E-001                 -3.8735826017774078E-001                  7.5028806162933783E+000                  8.9118478302658521E-001                  1.6384380207313800E+001                  2.4297940662235473E-001                  7.4343255031349798E-001                  1.3588043064147293E-002                  5.7839004011182373E+000                  1.8342205316374289E+004                  1.4520530715972017E-028                                        1                  1.4971350808266109E+001                  1.4971350808266109E+001                 -9.9000000000000000E+001 
                                     894                  3.9883022152385272E-001                 -3.9215730500729473E-001                  7.5038256909980703E+000                  8.9306934023317919E-001                  1.6387312086478186E+001                  2.4297940660451831E-001                  7.4343255033186240E-001                  1.3588043063619271E-002                  5.9349960800846153E+000                  1.9018891538707063E+004                  1.6522202262630900E-028                                        1                  1.4977663970594270E+001                  1.4977663970594270E+001                 -9.9000000000000000E+001 
                                     895                  3.8643450086383069E-001                 -3.9709904888044095E-001                  7.5052523196476129E+000                  8.9590943507159815E-001                  1.6391734039940303E+001                  2.4297940657746800E-001                  7.4343255035972755E-001                  1.3588043062804478E-002                  6.1714200164391402E+000                  2.0086904786138963E+004                  2.0074350442756480E-028                                        1                  1.4984096610662670E+001                  1.4984096610662670E+001                 -9.9000000000000000E+001 
                                     896                  3.6164305954377890E-001                 -4.0744894988345698E-001                  7.5071503824235473E+000                  8.9969914948477514E-001                  1.6397627852471064E+001                  2.4297940654121411E-001                  7.4343255039711287E-001                  1.3588043061673050E-002                  6.5025322500210407E+000                  2.1600283381028508E+004                  2.6003239167413413E-028                                        1                  1.4997341577975547E+001                  1.4997341577975547E+001                 -9.9000000000000000E+001 
                                     897                  3.3771187571549183E-001                 -4.1809777150491212E-001                  7.5090442203838839E+000                  9.0348263352194724E-001                  1.6403511310740921E+001                  2.4297940650477851E-001                  7.4343255043472523E-001                  1.3588043060496213E-002                  6.8526742213574421E+000                  2.3222006565254524E+004                  3.3649432698016549E-028                                        1                  1.5010655963857037E+001                  1.5010655963857037E+001                 -9.9000000000000000E+001 
                                     898                  3.1378069188720481E-001                 -4.2948882133183747E-001                  7.5109329377743874E+000                  9.0725929112641568E-001                  1.6409382689568570E+001                  2.4297940646820021E-001                  7.4343255047252654E-001                  1.3588043059273192E-002                  7.2227727825901029E+000                  2.4958619103320467E+004                  4.3494344897996547E-028                                        1                  1.5024569431655026E+001                  1.5024569431655026E+001                 -9.9000000000000000E+001 
                                     899                  2.9079436889865307E-001                 -4.4123766452004698E-001                  7.5128175539084543E+000                  9.1102985062024600E-001                  1.6415243983500616E+001                  2.4297940643148799E-001                  7.4343255051050783E-001                  1.3588043058004207E-002                  7.6141399483633414E+000                  2.6818702738408363E+004                  5.6161945317485923E-028                                        1                  1.5038582700402779E+001                  1.5038582700402779E+001                 -9.9000000000000000E+001 
                                     900                  2.6780804591010243E-001                 -4.5390939570383371E-001                  7.5146970580876085E+000                  9.1479365287045633E-001                  1.6421093256985586E+001                  2.4297940639469193E-001                  7.4343255054861956E-001                  1.3588043056688481E-002                  8.0277828234325987E+000                  2.8809540127245607E+004                  7.2433933072673802E-028                                        1                  1.5053334661244387E+001                  1.5053334661244387E+001                 -9.9000000000000000E+001 
                                     901                  2.4586413864962461E-001                 -4.6701866121809432E-001                  7.5165725847142744E+000                  9.1855147319098784E-001                  1.6426932701275497E+001                  2.4297940635782589E-001                  7.4343255058684743E-001                  1.3588043055326682E-002                  8.4651834255087497E+000                  3.0940960519974535E+004                  9.3323316769540397E-028                                        1                  1.5068223179466134E+001                  1.5068223179466134E+001                 -9.9000000000000000E+001 
                                     902                  2.2392023138914677E-001                 -4.8130379556344899E-001                  7.5179887804839556E+000                  9.2139722356443166E-001                  1.6431349879284163E+001                  2.4297940632992326E-001                  7.4343255061581526E-001                  1.3588043054261423E-002                  8.8128230337424380E+000                  3.2653024418390705E+004                  1.1296713973838353E-027                                        1                  1.5084038668610130E+001                  1.5084038668610130E+001                 -9.9000000000000000E+001 
                                     903                  2.1352670396878909E-001                 -4.8854666206873282E-001                  7.5189099078475765E+000                  9.2324476771176645E-001                  1.6434220131053699E+001                  2.4297940631174711E-001                  7.4343255063469660E-001                  1.3588043053556320E-002                  9.0471726578919238E+000                  3.3815963145806512E+004                  1.2788936146798978E-027                                        1                  1.5091902642354269E+001                  1.5091902642354269E+001                 -9.9000000000000000E+001 
                                     904                  2.0313317654843147E-001                 -4.9613784665625293E-001                  7.5203090565531188E+000                  9.2604647468647383E-001                  1.6438576157275559E+001                  2.4297940628410650E-001                  7.4343255066342651E-001                  1.3588043052466969E-002                  9.4160608102013477E+000                  3.5660342054245593E+004                  1.5436912180342935E-027                                        1                  1.5100042904956892E+001                  1.5100042904956892E+001                 -9.9000000000000000E+001 
                                     905                  1.8234612170771289E-001                 -5.1251779990726920E-001                  7.5221703864957989E+000                  9.2978491909497307E-001                  1.6444381790797170E+001                  2.4297940624735409E-001                  7.4343255070167458E-001                  1.3588043050971388E-002                  9.9324939579444695E+000                  3.8269009099405877E+004                  1.9819741003492914E-027                                        1                  1.5117260798634414E+001                  1.5117260798634414E+001                 -9.9000000000000000E+001 
                                     906                  1.6285311620939061E-001                 -5.2961207787164877E-001                  7.5235643234446181E+000                  9.3259146761411116E-001                  1.6448736183817797E+001                  2.4297940621988909E-001                  7.4343255073029268E-001                  1.3588043049818199E-002                  1.0339399754002281E+001                  4.0345261653988862E+004                  2.3891134528212944E-027                                        1                  1.5134741716583900E+001                  1.5134741716583900E+001                 -9.9000000000000000E+001 
                                     907                  1.5310661346023879E-001                 -5.3891872191729118E-001                  7.5245090412106235E+000                  9.3449040683369211E-001                  1.6451684746243576E+001                  2.4297940620129546E-001                  7.4343255074967896E-001                  1.3588043049025611E-002                  1.0625274966393642E+001                  4.1814654299745009E+004                  2.7110831309769693E-027                                        1                  1.5144063060790057E+001                  1.5144063060790057E+001                 -9.9000000000000000E+001 
                                     908                  1.4336011071108806E-001                 -5.4882011628241545E-001                  7.5258379766284289E+000                  9.3715839389054056E-001                  1.6455829941479344E+001                  2.4297940617518796E-001                  7.4343255077691739E-001                  1.3588043047894627E-002                  1.1041794360959553E+001                  4.3970739338446132E+004                  3.2379095907951071E-027                                        1                  1.5153841807316883E+001                  1.5153841807316883E+001                 -9.9000000000000000E+001 
                                     909                  1.2617135127197393E-001                 -5.6799844623760121E-001                  7.5275969992389991E+000                  9.4069783701288523E-001                  1.6461324375923152E+001                  2.4297940614084687E-001                  7.4343255081278936E-001                  1.3588043046363740E-002                  1.1620445116815679E+001                  4.6994291531988376E+004                  4.0941687394764765E-027                                        1                  1.5172396342177505E+001                  1.5172396342177505E+001                 -9.9000000000000000E+001 
                                     910                  1.0898259183285981E-001                 -5.8991741234114936E-001                  7.5294314336611832E+000                  9.4439157494539727E-001                  1.6467057367035100E+001                  2.4297940610535124E-001                  7.4343255084991433E-001                  1.3588043044734377E-002                  1.2258659174025928E+001                  5.0365425429140378E+004                  5.2263611521973380E-027                                        1                  1.5193014750610416E+001                  1.5193014750610416E+001                 -9.9000000000000000E+001 
                                     911                  9.1793832393744598E-002                 -6.1551830488183445E-001                  7.5313600322624170E+000                  9.4827773128879489E-001                  1.6473087947091713E+001                  2.4297940606701265E-001                  7.4343255089006699E-001                  1.3588043042920384E-002                  1.2970193763795312E+001                  5.4166279215262432E+004                  6.7516956269601775E-027                                        1                  1.5198938511068564E+001                  1.5198938511068564E+001                 -9.9000000000000000E+001 
                                     912                  7.4605072954629384E-002                 -6.4633146907102867E-001                  7.5332431175877037E+000                  9.5207785015283430E-001                  1.6478982040692213E+001                  2.4297940602754348E-001                  7.4343255093146432E-001                  1.3588043040992259E-002                  1.3707603923470042E+001                  5.8149750671261427E+004                  8.6645179612573945E-027                                        1                  1.5194640566022796E+001                  1.5194640566022796E+001                 -9.9000000000000000E+001 
                                     913                  6.0237455312726000E-002                 -6.7801018413340908E-001                  7.5350718828080137E+000                  9.5576814331597393E-001                  1.6484706686036006E+001                  2.4297940598720918E-001                  7.4343255097382499E-001                  1.3588043038965880E-002                  1.4466387086970830E+001                  6.2293372452940508E+004                  1.1033006856021126E-026                                        1                  1.5189409595966927E+001                  1.5189409595966927E+001                 -9.9000000000000000E+001 
                                     914                  4.5869837670823699E-002                 -7.1822522679912360E-001                  7.5369393993230966E+000                  9.5954137989373711E-001                  1.6490557611134133E+001                  2.4297940594349723E-001                  7.4343255101979977E-001                  1.3588043036703024E-002                  1.5287403602806680E+001                  6.6824828625382521E+004                  1.4112812176893677E-026                                        1                  1.5181768571745851E+001                  1.5181768571745851E+001                 -9.9000000000000000E+001 
                                     915                  3.3250252153843633E-002                 -7.6554487319450959E-001                  7.5385200719085734E+000                  9.6274048969576498E-001                  1.6495515268492603E+001                  2.4297940590405620E-001                  7.4343255106134132E-001                  1.3588043034602482E-002                  1.6020906476057526E+001                  7.0913135903965944E+004                  1.7374503927177871E-026                                        1                  1.5171566340547084E+001                  1.5171566340547084E+001                 -9.9000000000000000E+001 
                                     916                  2.5212854902831171E-002                 -8.0612065568119851E-001                  7.5398618580359393E+000                  9.6545328313772039E-001                  1.6499721604150842E+001                  2.4297940586882008E-001                  7.4343255109849149E-001                  1.3588043032688457E-002                  1.6672500957088349E+001                  7.4575240192334182E+004                  2.0720835716218777E-026                                        1                  1.5161930277869951E+001                  1.5161930277869951E+001                 -9.9000000000000000E+001 
                                     917                  1.7175457651818708E-002                 -8.6226982552114972E-001                  7.5414371278734817E+000                  9.6863906618522899E-001                  1.6504661226499923E+001                  2.4297940582467092E-001                  7.4343255114509132E-001                  1.3588043030237751E-002                  1.7473195930885986E+001                  7.9112435561289720E+004                  2.5470449632350237E-026                                        1                  1.5147561401382895E+001                  1.5147561401382895E+001                 -9.9000000000000000E+001 
                                     918                  8.5163372648060631E-003                 -9.6458138380326308E-001                  7.5429173023882585E+000                  9.7164290218430860E-001                  1.6509312330852651E+001                  2.4297940577851640E-001                  7.4343255119388107E-001                  1.3588043027602525E-002                  1.8262765578990184E+001                  8.3624440430787319E+004                  3.0910073096658521E-026                                        1                  1.5119211437992240E+001                  1.5119211437992240E+001                 -9.9000000000000000E+001 
                                     919                  4.6817146614030443E-003                 -1.0516096579591676E+000                  7.5437995007060712E+000                  9.7343115055286866E-001                  1.6512082838271713E+001                  2.4297940574862886E-001                  7.4343255122550134E-001                  1.3588043025869800E-002                  1.8750942227005968E+001                  8.6432524806758360E+004                  3.4683030152344446E-026                                        1                  1.5093317787797663E+001                  1.5093317787797663E+001                 -9.9000000000000000E+001 
                                     920                  2.3908578741837203E-003                 -1.1491987586282417E+000                  7.5444169359489388E+000                  9.7468297447249763E-001                  1.6514022201226915E+001                  2.4297940572581861E-001                  7.4343255124964880E-001                  1.3588043024532537E-002                  1.9100717543176000E+001                  8.8452827657353075E+004                  3.7591299929017235E-026                                        1                  1.5063101987416031E+001                  1.5063101987416031E+001                 -9.9000000000000000E+001 
                                     921                  1.2454294805740586E-003                 -1.2438001248703388E+000                  7.5447999260779168E+000                  9.7545934021967751E-001                  1.6515225099878336E+001                  2.4297940571049137E-001                  7.4343255126588059E-001                  1.3588043023628038E-002                  1.9321091743915513E+001                  8.9729225764773990E+004                  3.9515169486625456E-026                                        1                  1.5033006806260653E+001                  1.5033006806260653E+001                 -9.9000000000000000E+001 
                                     922                  6.7271528376922746E-004                 -1.3330796101087647E+000                  7.5450348000139567E+000                  9.7593540544184954E-001                  1.6515962764475905E+001                  2.4297940570037924E-001                  7.4343255127659214E-001                  1.3588043023028629E-002                  1.9457547725385584E+001                  9.0520920026787731E+004                  4.0742857214571823E-026                                        1                  1.5004132498209030E+001                  1.5004132498209030E+001                 -9.9000000000000000E+001 
                                     923                  3.8635818536681202E-004                 -1.4134307038547016E+000                  7.5451759852781981E+000                  9.7622155298755287E-001                  1.6516406170553566E+001                  2.4297940569389626E-001                  7.4343255128346042E-001                  1.3588043022643381E-002                  1.9540055235779693E+001                  9.1000111118832181E+004                  4.1498908867392021E-026                                        1                  1.4977884038312260E+001                  1.4977884038312260E+001                 -9.9000000000000000E+001 
                                     924                  2.4317963616560421E-004                 -1.4804932915383353E+000                  7.5452583239850046E+000                  9.7638842527614889E-001                  1.6516664758393560E+001                  2.4297940568990919E-001                  7.4343255128768482E-001                  1.3588043022406016E-002                  1.9588341215645546E+001                  9.1280721903893427E+004                  4.1946224583887679E-026                                        1                  1.4955844362361370E+001                  1.4955844362361370E+001                 -9.9000000000000000E+001 
                                     925                  1.7159036156500033E-004                 -1.5309950373176853E+000                  7.5453199666529267E+000                  9.7651334154518399E-001                  1.6516858339704193E+001                  2.4297940568680343E-001                  7.4343255129097552E-001                  1.3588043022221052E-002                  1.9624571208926501E+001                  9.1491354357692195E+004                  4.2284223594447659E-026                                        1                  1.4939188700894650E+001                  1.4939188700894650E+001                 -9.9000000000000000E+001 
                                     926                  1.0000108696439647E-004                 -1.6091854357099624E+000                  7.5453826220532241E+000                  9.7664031955771768E-001                  1.6517055110628664E+001                  2.4297940568344786E-001                  7.4343255129453112E-001                  1.3588043022020990E-002                  1.9661468342054857E+001                  9.1705938857001020E+004                  4.2630538931105906E-026                                        1                  1.4913334529309736E+001                  1.4913334529309736E+001                 -9.9000000000000000E+001 
                                     927                  5.0000543474370679E-005                 -1.7095527713194594E+000                  7.5454313052418600E+000                  9.7673898576483764E-001                  1.6517208005957375E+001                  2.4297940568062917E-001                  7.4343255129751817E-001                  1.3588043021852680E-002                  1.9690187367834817E+001                  9.1873013185909775E+004                  4.2901562515069390E-026                                        1                  1.4880060897914969E+001                  1.4880060897914969E+001                 -9.9000000000000000E+001 
                                     928                  2.5000271729357786E-005                 -1.8099112195135876E+000                  7.5454619693282661E+000                  9.7680113189875040E-001                  1.6517304309756302E+001                  2.4297940567871057E-001                  7.4343255129955133E-001                  1.3588043021738105E-002                  1.9708298934343745E+001                  9.1978401683706266E+004                  4.3073146266342257E-026                                        1                  1.4846722783350188E+001                  1.4846722783350188E+001                 -9.9000000000000000E+001 
                                     929                  1.2500135856296240E-005                 -1.9102640676895561E+000                  7.5454812847450370E+000                  9.7684027766727222E-001                  1.6517364971702396E+001                  2.4297940567740467E-001                  7.4343255130093522E-001                  1.3588043021660168E-002                  1.9719716304410916E+001                  9.2044847200438729E+004                  4.3181575720962817E-026                                        1                  1.4813344028756593E+001                  1.4813344028756593E+001                 -9.9000000000000000E+001 
                                     930                  6.2500679197654661E-006                 -2.0106133831857798E+000                  7.5454934520005246E+000                  9.7686493642874639E-001                  1.6517403184089265E+001                  2.4297940567651602E-001                  7.4343255130187691E-001                  1.3588043021607099E-002                  1.9726911871311071E+001                  9.2086727060997044E+004                  4.3250016637092074E-026                                        1                  1.4779939615824402E+001                  1.4779939615824402E+001                 -9.9000000000000000E+001 
                                     931                  3.1250339515000783E-006                 -2.1109604625527711E+000                  7.5455011166139547E+000                  9.7688046986642296E-001                  1.6517427255489718E+001                  2.4297940567591139E-001                  7.4343255130251784E-001                  1.3588043021570795E-002                  1.9731445999718407E+001                  9.2113118374545593E+004                  4.3293185217522564E-026                                        1                  1.4746518943742878E+001                  1.4746518943742878E+001                 -9.9000000000000000E+001 
                                     932                  1.5625169673673846E-006                 -2.2113061115262806E+000                  7.5455059449058535E+000                  9.7689025507343996E-001                  1.6517442419160279E+001                  2.4297940567549992E-001                  7.4343255130295383E-001                  1.3588043021546259E-002                  1.9734302789173963E+001                  9.2129747290343556E+004                  4.3320400961829592E-026                                        1                  1.4713087866105695E+001                  1.4713087866105695E+001                 -9.9000000000000000E+001 
                                     933                  7.8125847431393293E-007                 -2.3116508160084681E+000                  7.5455100003494211E+000                  9.7689847394931073E-001                  1.6517455155596895E+001                  2.4297940567512658E-001                  7.4343255130334929E-001                  1.3588043021524165E-002                  1.9736702612084589E+001                  9.2143716745013910E+004                  4.3343273440622001E-026                                        1                  1.4679649938179670E+001                  1.4679649938179670E+001                 -9.9000000000000000E+001 
