 reading user weak rate file /home/njm/MESA/mesa/data/rates_data/rate_tables/S13_r_be7_wk_li7.h5
 version_number 6494df2
 read inlist_project
 Extras startup routine
 DEBUG: colors_handle =            1
 DEBUG: colors instrument = /colors/data/filters/GAIA/GAIA
 DEBUG: colors vega_sed = /colors/data/stellar_models/vega_flam.csv
 DEBUG: colors stellar_atm = /colors/data/stellar_models/Kurucz2003all/
 DEBUG: colors metallicity =    2.0000000000000000E-002
 DEBUG: colors distance =    3.0857000000000000E+017
 DEBUG: colors make_csv =  F
 DEBUG: colors use_colors =  T


 The terminal output contains the following information

      'step' is the number of steps since the start of the run,
      'lg_dt' is log10 timestep in years,
      'age_yr' is the simulated years since the start run,
      'lg_Tcntr' is log10 center temperature (K),
      'lg_Dcntr' is log10 center density (g/cm^3),
      'lg_Tmax' is log10 max temperature (K),
      'Teff' is the surface temperature (K),
      'lg_R' is log10 surface radius (Rsun),
      'lg_L' is log10 surface luminosity (Lsun),
      'lg_LH' is log10 total PP and CNO hydrogen burning power (Lsun),
      'lg_L3a' is log10 total triple-alpha helium burning power (Lsun),
      'lg_gsurf' is log10 surface gravity,
      'lg_Lnuc' is log10 nuclear power (Lsun),
      'lg_Lneu' is log10 total neutrino power (Lsun),
      'lg_Lphoto' is log10 total photodisintegration (Lsun),
      'Mass' is the total stellar baryonic mass (Msun),
      'lg_Mdot' is log10 magnitude of rate of change of mass (Msun/year),
      'lg_Dsurf' is log10 surface density (g/cm^3),
      'H_env' is the amount of mass where H is dominant,
      'He_core' is the largest mass where He is dominant.
      'CO_core' is the largest mass where CO is dominant.
      'H_cntr' is the center H1 mass fraction,
      'He_cntr' is the center He4 mass fraction,
      'C_cntr' is the center C12 mass fraction,
      'N_cntr' is the center N14 mass fraction,
      'O_cntr' is the center O16 mass fraction,
      'Ne_cntr' is the center Ne20 mass fraction,
      'gam_cntr' is the center plasma interaction parameter,
      'eta_cntr' is the center electron degeneracy parameter,
      'zones' is the number of zones in the current model,
      'iters' is the number of solver iterations for the current step,
      'retry' is the number of step retries required during the run,
      'dt_limit' is an indication of what limited the timestep.

 All this and more are saved in the LOGS directory during the run.
 create pre-main-sequence model
                                          species  mass           8    5.0000000000000000D+00

                                        relax_num_steps         100

          1   5.480115   4490.747 -21.399608 -21.399608   5.000000   5.000000   0.755800   0.000071   0.242800 -10.999519   1339      0
-5.0000E+00   5.480115   2.098707 -99.000000 -22.797476 -99.000000   0.000000   0.242800   0.000657   0.001400   0.024736      4
 1.0000E-05  -4.593050   3.761382 -99.000000 -99.000000  -8.054323   0.000000   0.000241   0.000146   0.001400  0.000E+00    initial dt

          2   5.478505   4537.473 -21.399773 -21.399773   5.000000   5.000000   0.755800   0.000071   0.242800 -10.995527    719      0
-5.0000E+00   5.478505   2.098838 -99.000000 -22.797641 -99.000000   0.000000   0.242800   0.000657   0.001400   0.024815      3
 2.0000E-05  -4.593732   3.779627 -99.000000 -99.000000  -8.082888   0.000000   0.000241   0.000146   0.001400  0.000E+00        max_dt

          3   5.478246   4552.610 -21.399766 -21.399766   5.000000   5.000000   0.755800   0.000071   0.242800 -10.993849    458      0
-5.0000E+00   5.478246   2.098880 -99.000000 -22.797634 -99.000000   0.000000   0.242800   0.000657   0.001400   0.024836      3
 3.0000E-05  -4.593392   3.785496 -99.000000 -99.000000  -8.092974   0.000000   0.000241   0.000146   0.001400  0.000E+00        max_dt

          4   5.478085   4557.908 -21.399772 -21.399772   5.000000   5.000000   0.755800   0.000071   0.242800 -10.992806    459      0
-5.0000E+00   5.478085   2.098889 -99.000000 -22.797640 -99.000000   0.000000   0.242800   0.000657   0.001400   0.024849      3
 4.0000E-05  -4.593181   3.787533 -99.000000 -99.000000  -8.096567   0.000000   0.000241   0.000146   0.001400  0.000E+00        max_dt

          5   5.477970   4558.582 -21.399774 -21.399774   5.000000   5.000000   0.755800   0.000071   0.242800 -10.992072    476      0
-5.0000E+00   5.477970   2.098879 -99.000000 -22.797642 -99.000000   0.000000   0.242800   0.000657   0.001400   0.024858      3
 5.0000E-05  -4.593034   3.787770 -37.327719 -99.000000  -8.097013   0.000000   0.000241   0.000146   0.001400  0.000E+00        max_dt

          6   5.477959   4556.744 -21.399842 -21.399842   5.000000   5.000000   0.755800   0.000071   0.242800 -10.991499    455      0
-5.0000E+00   5.477930   2.098859 -99.000000 -22.797710 -99.000000   0.000000   0.242800   0.000657   0.001400   0.024864      3
 6.0000E-05  -4.592846   3.787030 -99.000000 -99.000000  -8.095740   0.000000   0.000241   0.000146   0.001400  0.000E+00        max_dt

          7   5.478006   4553.492 -21.400116 -21.400116   5.000000   5.000000   0.755800   0.000071   0.242800 -10.991039    476      0
-5.0000E+00   5.477904   2.098833 -99.000000 -22.797984 -99.000000   0.000000   0.242800   0.000657   0.001400   0.024869      3
 7.0000E-05  -4.592684   3.785738 -99.000000 -99.000000  -8.093509   0.000000   0.000241   0.000146   0.001400  0.000E+00        max_dt

          8   5.478006   4549.435 -21.400115 -21.400115   5.000000   5.000000   0.755800   0.000071   0.242800 -10.990668    460      0
-5.0000E+00   5.477844   2.098805 -99.000000 -22.797983 -99.000000   0.000000   0.242800   0.000657   0.001400   0.024874      3
 8.0000E-05  -4.592613   3.784134 -99.000000 -99.000000  -8.090751   0.000000   0.000241   0.000146   0.001400  0.000E+00        max_dt

          9   5.478006   4544.936 -21.400114 -21.400114   5.000000   5.000000   0.755800   0.000071   0.242800 -10.990316    476      0
-5.0000E+00   5.477785   2.098776 -99.000000 -22.797982 -99.000000   0.000000   0.242800   0.000657   0.001400   0.024878      3
 9.0000E-05  -4.592549   3.782357 -99.000000 -99.000000  -8.087719   0.000000   0.000241   0.000146   0.001400  0.000E+00        max_dt


__________________________________________________________________________________________________________________________________________________

       step    lg_Tmax     Teff     lg_LH      lg_Lnuc_tot     Mass       H_rich     H_cntr     N_cntr     Y_surf   eta_cntr   zones  retry
  lg_dt_yrs    lg_Tcntr    lg_R     lg_L3a     lg_Lneu     lg_Mdot    He_core    He_cntr    O_cntr     Z_surf   gam_cntr   iters  
    age_yrs    lg_Dcntr    lg_L     lg_LZ      lg_Lphoto   lg_Dsurf   CO_core    C_cntr     Ne_cntr    Z_cntr   v_div_cs       dt_limit
__________________________________________________________________________________________________________________________________________________

         10   5.478006   4540.174 -21.400112 -21.400112   5.000000   5.000000   0.755800   0.000071   0.242800 -10.990026    458      0
-5.0000E+00   5.477736   2.098747 -99.000000 -22.797980 -99.000000   0.000000   0.242800   0.000657   0.001400   0.024882      3
 1.0000E-04  -4.592496   3.780477 -99.000000 -99.000000  -8.084542   0.000000   0.000241   0.000146   0.001400  0.000E+00        max_dt

         11   5.478006   4535.336 -21.400111 -21.400111   5.000000   5.000000   0.755800   0.000071   0.242800 -10.989791    476      0
-5.0000E+00   5.477697   2.098718 -99.000000 -22.797979 -99.000000   0.000000   0.242800   0.000657   0.001400   0.024885      3
 1.1000E-04  -4.592453   3.778567 -99.000000 -99.000000  -8.081347   0.000000   0.000241   0.000146   0.001400  0.000E+00        max_dt

         12   5.478007   4530.544 -21.400109 -21.400109   5.000000   5.000000   0.755800   0.000071   0.242800 -10.989600    460      0
-5.0000E+00   5.477665   2.098689 -99.000000 -22.797977 -99.000000   0.000000   0.242800   0.000657   0.001400   0.024888      3
 1.2000E-04  -4.592418   3.776674 -99.000000 -99.000000  -8.078214   0.000000   0.000241   0.000146   0.001400  0.000E+00        max_dt

         13   5.478110   4525.851 -21.400563 -21.400563   5.000000   5.000000   0.755800   0.000071   0.242800 -10.989416    475      0
-5.0000E+00   5.477741   2.098661 -99.000000 -22.798431 -99.000000   0.000000   0.242800   0.000657   0.001400   0.024887      3
 1.3000E-04  -4.592223   3.774817 -99.000000 -99.000000  -8.075177   0.000000   0.000241   0.000146   0.001400  0.000E+00        max_dt

         14   5.478110   4521.296 -21.400562 -21.400562   5.000000   5.000000   0.755800   0.000071   0.242800 -10.989285    459      0
-5.0000E+00   5.477719   2.098635 -99.000000 -22.798430 -99.000000   0.000000   0.242800   0.000657   0.001400   0.024889      3
 1.4000E-04  -4.592199   3.773015 -99.000000 -99.000000  -8.072261   0.000000   0.000241   0.000146   0.001400  0.000E+00        max_dt

         15   5.478110   4516.900 -21.400561 -21.400561   5.000000   5.000000   0.755800   0.000071   0.242800 -10.989174    475      0
-5.0000E+00   5.477701   2.098610 -99.000000 -22.798429 -99.000000   0.000000   0.242800   0.000657   0.001400   0.024890      3
 1.5000E-04  -4.592179   3.771275 -99.000000 -99.000000  -8.069475   0.000000   0.000241   0.000146   0.001400  0.000E+00        max_dt

         16   5.478110   4512.672 -21.400560 -21.400560   5.000000   5.000000   0.755800   0.000071   0.242800 -10.989079    459      0
-5.0000E+00   5.477685   2.098586 -99.000000 -22.798428 -99.000000   0.000000   0.242800   0.000657   0.001400   0.024891      3
 1.6000E-04  -4.592161   3.769601 -99.000000 -99.000000  -8.066823   0.000000   0.000241   0.000146   0.001400  0.000E+00        max_dt

         17   5.478110   4508.598 -21.400559 -21.400559   5.000000   5.000000   0.755800   0.000071   0.242800 -10.988998    473      0
-5.0000E+00   5.477672   2.098563 -99.000000 -22.798427 -99.000000   0.000000   0.242800   0.000657   0.001400   0.024892      3
 1.7000E-04  -4.592146   3.767986 -99.000000 -99.000000  -8.064292   0.000000   0.000241   0.000146   0.001400  0.000E+00        max_dt

         18   5.478110   4504.684 -21.400558 -21.400558   5.000000   5.000000   0.755800   0.000071   0.242800 -10.988928    457      0
-5.0000E+00   5.477660   2.098541 -99.000000 -22.798426 -99.000000   0.000000   0.242800   0.000657   0.001400   0.024893      3
 1.8000E-04  -4.592133   3.766434 -99.000000 -99.000000  -8.061885   0.000000   0.000241   0.000146   0.001400  0.000E+00        max_dt

         19   5.478111   4500.933 -21.400557 -21.400557   5.000000   5.000000   0.755800   0.000071   0.242800 -10.988867    473      0
-5.0000E+00   5.477650   2.098520 -99.000000 -22.798426 -99.000000   0.000000   0.242800   0.000657   0.001400   0.024894      3
 1.9000E-04  -4.592122   3.764945 -37.026689 -99.000000  -8.059600   0.000000   0.000241   0.000146   0.001400  0.000E+00        max_dt


__________________________________________________________________________________________________________________________________________________

       step    lg_Tmax     Teff     lg_LH      lg_Lnuc_tot     Mass       H_rich     H_cntr     N_cntr     Y_surf   eta_cntr   zones  retry
  lg_dt_yrs    lg_Tcntr    lg_R     lg_L3a     lg_Lneu     lg_Mdot    He_core    He_cntr    O_cntr     Z_surf   gam_cntr   iters  
    age_yrs    lg_Dcntr    lg_L     lg_LZ      lg_Lphoto   lg_Dsurf   CO_core    C_cntr     Ne_cntr    Z_cntr   v_div_cs       dt_limit
__________________________________________________________________________________________________________________________________________________

         20   5.478111   4497.346 -21.400557 -21.400557   5.000000   5.000000   0.755800   0.000071   0.242800 -10.988813    457      0
-5.0000E+00   5.477641   2.098501 -99.000000 -22.798425 -99.000000   0.000000   0.242800   0.000657   0.001400   0.024895      3
 2.0000E-04  -4.592112   3.763520 -99.000000 -99.000000  -8.057435   0.000000   0.000241   0.000146   0.001400  0.000E+00        max_dt

         21   5.478111   4493.914 -21.400556 -21.400556   5.000000   5.000000   0.755800   0.000071   0.242800 -10.988766    474      0
-5.0000E+00   5.477633   2.098482 -99.000000 -22.798424 -99.000000   0.000000   0.242800   0.000657   0.001400   0.024896      3
 2.1000E-04  -4.592103   3.762156 -99.000000 -99.000000  -8.055382   0.000000   0.000241   0.000146   0.001400  0.000E+00        max_dt

         22   5.478111   4490.626 -21.400555 -21.400555   5.000000   5.000000   0.755800   0.000071   0.242800 -10.988724    457      0
-5.0000E+00   5.477626   2.098464 -99.000000 -22.798424 -99.000000   0.000000   0.242800   0.000657   0.001400   0.024896      3
 2.2000E-04  -4.592095   3.760849 -99.000000 -99.000000  -8.053434   0.000000   0.000241   0.000146   0.001400  0.000E+00        max_dt

         23   5.478111   4487.474 -21.400555 -21.400555   5.000000   5.000000   0.755800   0.000071   0.242800 -10.988687    473      0
-5.0000E+00   5.477620   2.098446 -99.000000 -22.798423 -99.000000   0.000000   0.242800   0.000657   0.001400   0.024897      3
 2.3000E-04  -4.592088   3.759594 -99.000000 -99.000000  -8.051581   0.000000   0.000241   0.000146   0.001400  0.000E+00        max_dt

         24   5.478111   4484.458 -21.400554 -21.400554   5.000000   5.000000   0.755800   0.000071   0.242800 -10.988653    459      0
-5.0000E+00   5.477615   2.098430 -99.000000 -22.798423 -99.000000   0.000000   0.242800   0.000657   0.001400   0.024897      3
 2.4000E-04  -4.592082   3.758393 -99.000000 -99.000000  -8.049824   0.000000   0.000241   0.000146   0.001400  0.000E+00        max_dt

         25   5.478111   4481.570 -21.400554 -21.400554   5.000000   5.000000   0.755800   0.000071   0.242800 -10.988623    475      0
-5.0000E+00   5.477610   2.098414 -99.000000 -22.798422 -99.000000   0.000000   0.242800   0.000657   0.001400   0.024897      3
 2.5000E-04  -4.592076   3.757243 -99.000000 -99.000000  -8.048155   0.000000   0.000241   0.000146   0.001400  0.000E+00        max_dt

         26   5.478111   4478.809 -21.400553 -21.400553   5.000000   5.000000   0.755800   0.000071   0.242800 -10.988596    459      0
-5.0000E+00   5.477605   2.098399 -99.000000 -22.798422 -99.000000   0.000000   0.242800   0.000657   0.001400   0.024898      3
 2.6000E-04  -4.592071   3.756142 -37.327719 -99.000000  -8.046572   0.000000   0.000241   0.000146   0.001400  0.000E+00        max_dt

         27   5.478112   4476.160 -21.400553 -21.400553   5.000000   5.000000   0.755800   0.000071   0.242800 -10.988572    475      0
-5.0000E+00   5.477601   2.098385 -99.000000 -22.798421 -99.000000   0.000000   0.242800   0.000657   0.001400   0.024898      3
 2.7000E-04  -4.592067   3.755085 -99.000000 -99.000000  -8.045065   0.000000   0.000241   0.000146   0.001400  0.000E+00        max_dt

         28   5.478112   4473.619 -21.400553 -21.400553   5.000000   5.000000   0.755800   0.000071   0.242800 -10.988550    461      0
-5.0000E+00   5.477598   2.098371 -99.000000 -22.798421 -99.000000   0.000000   0.242800   0.000657   0.001400   0.024898      3
 2.8000E-04  -4.592062   3.754071 -99.000000 -99.000000  -8.043630   0.000000   0.000241   0.000146   0.001400  0.000E+00        max_dt

         29   5.478112   4471.177 -21.400552 -21.400552   5.000000   5.000000   0.755800   0.000071   0.242800 -10.988529    479      0
-5.0000E+00   5.477594   2.098357 -99.000000 -22.798420 -99.000000   0.000000   0.242800   0.000657   0.001400   0.024899      3
 2.9000E-04  -4.592059   3.753095 -99.000000 -99.000000  -8.042262   0.000000   0.000241   0.000146   0.001400  0.000E+00        max_dt


__________________________________________________________________________________________________________________________________________________

       step    lg_Tmax     Teff     lg_LH      lg_Lnuc_tot     Mass       H_rich     H_cntr     N_cntr     Y_surf   eta_cntr   zones  retry
  lg_dt_yrs    lg_Tcntr    lg_R     lg_L3a     lg_Lneu     lg_Mdot    He_core    He_cntr    O_cntr     Z_surf   gam_cntr   iters  
    age_yrs    lg_Dcntr    lg_L     lg_LZ      lg_Lphoto   lg_Dsurf   CO_core    C_cntr     Ne_cntr    Z_cntr   v_div_cs       dt_limit
__________________________________________________________________________________________________________________________________________________

         30   5.478112   4468.827 -21.400552 -21.400552   5.000000   5.000000   0.755800   0.000071   0.242800 -10.988511    463      0
-5.0000E+00   5.477591   2.098344 -99.000000 -22.798420 -99.000000   0.000000   0.242800   0.000657   0.001400   0.024899      3
 3.0000E-04  -4.592055   3.752157 -99.000000 -99.000000  -8.040955   0.000000   0.000241   0.000146   0.001400  0.000E+00        max_dt

         31   5.478112   4466.560 -21.400552 -21.400552   5.000000   5.000000   0.755800   0.000071   0.242800 -10.988494    479      0
-5.0000E+00   5.477589   2.098332 -99.000000 -22.798420 -99.000000   0.000000   0.242800   0.000657   0.001400   0.024899      3
 3.1000E-04  -4.592052   3.751250 -99.000000 -99.000000  -8.039702   0.000000   0.000241   0.000146   0.001400  0.000E+00        max_dt

         32   5.478112   4464.365 -21.400551 -21.400551   5.000000   5.000000   0.755800   0.000071   0.242800 -10.988479    462      0
-5.0000E+00   5.477586   2.098320 -99.000000 -22.798420 -99.000000   0.000000   0.242800   0.000657   0.001400   0.024899      3
 3.2000E-04  -4.592049   3.750372 -99.000000 -99.000000  -8.038497   0.000000   0.000241   0.000146   0.001400  0.000E+00        max_dt

         33   5.478112   4462.223 -21.400551 -21.400551   5.000000   5.000000   0.755800   0.000071   0.242800 -10.988464    477      0
-5.0000E+00   5.477584   2.098308 -99.000000 -22.798419 -99.000000   0.000000   0.242800   0.000657   0.001400   0.024899      3
 3.3000E-04  -4.592046   3.749515 -99.000000 -99.000000  -8.037329   0.000000   0.000241   0.000146   0.001400  0.000E+00        max_dt

         34   5.478112   4460.145 -21.400551 -21.400551   5.000000   5.000000   0.755800   0.000071   0.242800 -10.988451    461      0
-5.0000E+00   5.477582   2.098297 -99.000000 -22.798419 -99.000000   0.000000   0.242800   0.000657   0.001400   0.024900      3
 3.4000E-04  -4.592044   3.748684 -99.000000 -99.000000  -8.036204   0.000000   0.000241   0.000146   0.001400  0.000E+00        max_dt

         35   5.478112   4458.134 -21.400551 -21.400551   5.000000   5.000000   0.755800   0.000071   0.242800 -10.988439    477      0
-5.0000E+00   5.477580   2.098286 -99.000000 -22.798419 -99.000000   0.000000   0.242800   0.000657   0.001400   0.024900      3
 3.5000E-04  -4.592041   3.747878 -99.000000 -99.000000  -8.035122   0.000000   0.000241   0.000146   0.001400  0.000E+00        max_dt

         36   5.478112   4456.192 -21.400550 -21.400550   5.000000   5.000000   0.755800   0.000071   0.242800 -10.988428    461      0
-5.0000E+00   5.477578   2.098276 -99.000000 -22.798418 -99.000000   0.000000   0.242800   0.000657   0.001400   0.024900      3
 3.6000E-04  -4.592039   3.747100 -99.000000 -99.000000  -8.034082   0.000000   0.000241   0.000146   0.001400  0.000E+00        max_dt

         37   5.478112   4454.312 -21.400550 -21.400550   5.000000   5.000000   0.755800   0.000071   0.242800 -10.988418    477      0
-5.0000E+00   5.477576   2.098265 -99.000000 -22.798418 -99.000000   0.000000   0.242800   0.000657   0.001400   0.024900      3
 3.7000E-04  -4.592037   3.746347 -99.000000 -99.000000  -8.033082   0.000000   0.000241   0.000146   0.001400  0.000E+00        max_dt

         38   5.478113   4452.492 -21.400550 -21.400550   5.000000   5.000000   0.755800   0.000071   0.242800 -10.988408    461      0
-5.0000E+00   5.477575   2.098255 -99.000000 -22.798418 -99.000000   0.000000   0.242800   0.000657   0.001400   0.024900      3
 3.8000E-04  -4.592035   3.745617 -99.000000 -99.000000  -8.032120   0.000000   0.000241   0.000146   0.001400  0.000E+00        max_dt

         39   5.478113   4450.728 -21.400550 -21.400550   5.000000   5.000000   0.755800   0.000071   0.242800 -10.988399    477      0
-5.0000E+00   5.477573   2.098246 -99.000000 -22.798418 -99.000000   0.000000   0.242800   0.000657   0.001400   0.024900      3
 3.9000E-04  -4.592034   3.744909 -99.000000 -99.000000  -8.031193   0.000000   0.000241   0.000146   0.001400  0.000E+00        max_dt


__________________________________________________________________________________________________________________________________________________

       step    lg_Tmax     Teff     lg_LH      lg_Lnuc_tot     Mass       H_rich     H_cntr     N_cntr     Y_surf   eta_cntr   zones  retry
  lg_dt_yrs    lg_Tcntr    lg_R     lg_L3a     lg_Lneu     lg_Mdot    He_core    He_cntr    O_cntr     Z_surf   gam_cntr   iters  
    age_yrs    lg_Dcntr    lg_L     lg_LZ      lg_Lphoto   lg_Dsurf   CO_core    C_cntr     Ne_cntr    Z_cntr   v_div_cs       dt_limit
__________________________________________________________________________________________________________________________________________________

         40   5.478113   4449.018 -21.400549 -21.400549   5.000000   5.000000   0.755800   0.000071   0.242800 -10.988391    461      0
-5.0000E+00   5.477572   2.098236 -99.000000 -22.798418 -99.000000   0.000000   0.242800   0.000657   0.001400   0.024900      3
 4.0000E-04  -4.592032   3.744223 -37.026689 -99.000000  -8.030298   0.000000   0.000241   0.000146   0.001400  0.000E+00        max_dt

         41   5.478113   4447.356 -21.400549 -21.400549   5.000000   5.000000   0.755800   0.000071   0.242800 -10.988383    477      0
-5.0000E+00   5.477571   2.098227 -99.000000 -22.798417 -99.000000   0.000000   0.242800   0.000657   0.001400   0.024900      3
 4.1000E-04  -4.592030   3.743556 -99.000000 -99.000000  -8.029433   0.000000   0.000241   0.000146   0.001400  0.000E+00        max_dt

         42   5.478113   4445.743 -21.400549 -21.400549   5.000000   5.000000   0.755800   0.000071   0.242800 -10.988376    461      0
-5.0000E+00   5.477570   2.098218 -99.000000 -22.798417 -99.000000   0.000000   0.242800   0.000657   0.001400   0.024901      3
 4.2000E-04  -4.592029   3.742908 -99.000000 -99.000000  -8.028598   0.000000   0.000241   0.000146   0.001400  0.000E+00        max_dt

         43   5.478113   4444.168 -21.400549 -21.400549   5.000000   5.000000   0.755800   0.000071   0.242800 -10.988369    476      0
-5.0000E+00   5.477569   2.098210 -99.000000 -22.798417 -99.000000   0.000000   0.242800   0.000657   0.001400   0.024901      3
 4.3000E-04  -4.592028   3.742275 -99.000000 -99.000000  -8.027786   0.000000   0.000241   0.000146   0.001400  0.000E+00        max_dt

         44   5.478113   4442.634 -21.400549 -21.400549   5.000000   5.000000   0.755800   0.000071   0.242800 -10.988362    460      0
-5.0000E+00   5.477568   2.098201 -99.000000 -22.798417 -99.000000   0.000000   0.242800   0.000657   0.001400   0.024901      3
 4.4000E-04  -4.592026   3.741659 -99.000000 -99.000000  -8.026999   0.000000   0.000241   0.000146   0.001400  0.000E+00        max_dt

         45   5.478113   4441.139 -21.400549 -21.400549   5.000000   5.000000   0.755800   0.000071   0.242800 -10.988356    476      0
-5.0000E+00   5.477567   2.098193 -99.000000 -22.798417 -99.000000   0.000000   0.242800   0.000657   0.001400   0.024901      3
 4.5000E-04  -4.592025   3.741057 -99.000000 -99.000000  -8.026236   0.000000   0.000241   0.000146   0.001400  0.000E+00        max_dt

         46   5.478113   4439.684 -21.400548 -21.400548   5.000000   5.000000   0.755800   0.000071   0.242800 -10.988351    460      0
-5.0000E+00   5.477566   2.098185 -99.000000 -22.798417 -99.000000   0.000000   0.242800   0.000657   0.001400   0.024901      3
 4.6000E-04  -4.592024   3.740472 -99.000000 -99.000000  -8.025497   0.000000   0.000241   0.000146   0.001400  0.000E+00        max_dt

         47   5.478113   4438.266 -21.400548 -21.400548   5.000000   5.000000   0.755800   0.000071   0.242800 -10.988345    476      0
-5.0000E+00   5.477565   2.098177 -99.000000 -22.798416 -99.000000   0.000000   0.242800   0.000657   0.001400   0.024901      3
 4.7000E-04  -4.592023   3.739902 -99.000000 -99.000000  -8.024780   0.000000   0.000241   0.000146   0.001400  0.000E+00        max_dt

         48   5.478113   4436.861 -21.400548 -21.400548   5.000000   5.000000   0.755800   0.000071   0.242800 -10.988340    459      0
-5.0000E+00   5.477564   2.098170 -99.000000 -22.798416 -99.000000   0.000000   0.242800   0.000657   0.001400   0.024901      3
 4.8000E-04  -4.592022   3.739336 -99.000000 -99.000000  -8.024072   0.000000   0.000241   0.000146   0.001400  0.000E+00        max_dt

         49   5.478113   4435.482 -21.400548 -21.400548   5.000000   5.000000   0.755800   0.000071   0.242800 -10.988336    475      0
-5.0000E+00   5.477563   2.098162 -99.000000 -22.798416 -99.000000   0.000000   0.242800   0.000657   0.001400   0.024901      3
 4.9000E-04  -4.592021   3.738782 -99.000000 -99.000000  -8.023381   0.000000   0.000241   0.000146   0.001400  0.000E+00        max_dt


__________________________________________________________________________________________________________________________________________________

       step    lg_Tmax     Teff     lg_LH      lg_Lnuc_tot     Mass       H_rich     H_cntr     N_cntr     Y_surf   eta_cntr   zones  retry
  lg_dt_yrs    lg_Tcntr    lg_R     lg_L3a     lg_Lneu     lg_Mdot    He_core    He_cntr    O_cntr     Z_surf   gam_cntr   iters  
    age_yrs    lg_Dcntr    lg_L     lg_LZ      lg_Lphoto   lg_Dsurf   CO_core    C_cntr     Ne_cntr    Z_cntr   v_div_cs       dt_limit
__________________________________________________________________________________________________________________________________________________

         50   5.478113   4434.146 -21.400548 -21.400548   5.000000   5.000000   0.755800   0.000071   0.242800 -10.988331    459      0
-5.0000E+00   5.477563   2.098155 -99.000000 -22.798416 -99.000000   0.000000   0.242800   0.000657   0.001400   0.024901      3
 5.0000E-04  -4.592020   3.738243 -99.000000 -99.000000  -8.022713   0.000000   0.000241   0.000146   0.001400  0.000E+00        max_dt

         51   5.478113   4432.849 -21.400548 -21.400548   5.000000   5.000000   0.755800   0.000071   0.242800 -10.988327    475      0
-5.0000E+00   5.477562   2.098148 -99.000000 -22.798416 -99.000000   0.000000   0.242800   0.000657   0.001400   0.024901      3
 5.1000E-04  -4.592019   3.737721 -99.000000 -99.000000  -8.022068   0.000000   0.000241   0.000146   0.001400  0.000E+00        max_dt

         52   5.478113   4431.590 -21.400548 -21.400548   5.000000   5.000000   0.755800   0.000071   0.242800 -10.988323    459      0
-5.0000E+00   5.477561   2.098141 -99.000000 -22.798416 -99.000000   0.000000   0.242800   0.000657   0.001400   0.024901      3
 5.2000E-04  -4.592018   3.737214 -99.000000 -99.000000  -8.021444   0.000000   0.000241   0.000146   0.001400  0.000E+00        max_dt

         53   5.478113   4430.363 -21.400547 -21.400547   5.000000   5.000000   0.755800   0.000071   0.242800 -10.988319    475      0
-5.0000E+00   5.477561   2.098134 -99.000000 -22.798416 -99.000000   0.000000   0.242800   0.000657   0.001400   0.024901      3
 5.3000E-04  -4.592018   3.736719 -99.000000 -99.000000  -8.020839   0.000000   0.000241   0.000146   0.001400  0.000E+00        max_dt

         54   5.478114   4429.172 -21.400547 -21.400547   5.000000   5.000000   0.755800   0.000071   0.242800 -10.988316    461      0
-5.0000E+00   5.477560   2.098127 -99.000000 -22.798415 -99.000000   0.000000   0.242800   0.000657   0.001400   0.024901      3
 5.4000E-04  -4.592017   3.736238 -99.000000 -99.000000  -8.020253   0.000000   0.000241   0.000146   0.001400  0.000E+00        max_dt

         55   5.478114   4428.004 -21.400547 -21.400547   5.000000   5.000000   0.755800   0.000071   0.242800 -10.988312    478      0
-5.0000E+00   5.477560   2.098121 -99.000000 -22.798415 -99.000000   0.000000   0.242800   0.000657   0.001400   0.024901      3
 5.5000E-04  -4.592016   3.735767 -99.000000 -99.000000  -8.019680   0.000000   0.000241   0.000146   0.001400  0.000E+00        max_dt

         56   5.478114   4426.859 -21.400547 -21.400547   5.000000   5.000000   0.755800   0.000071   0.242800 -10.988309    462      0
-5.0000E+00   5.477559   2.098114 -99.000000 -22.798415 -99.000000   0.000000   0.242800   0.000657   0.001400   0.024901      3
 5.6000E-04  -4.592016   3.735305 -99.000000 -99.000000  -8.019121   0.000000   0.000241   0.000146   0.001400  0.000E+00        max_dt

         57   5.478114   4425.735 -21.400547 -21.400547   5.000000   5.000000   0.755800   0.000071   0.242800 -10.988306    478      0
-5.0000E+00   5.477559   2.098108 -99.000000 -22.798415 -99.000000   0.000000   0.242800   0.000657   0.001400   0.024901      3
 5.7000E-04  -4.592015   3.734852 -99.000000 -99.000000  -8.018574   0.000000   0.000241   0.000146   0.001400  0.000E+00        max_dt

         58   5.478114   4424.634 -21.400547 -21.400547   5.000000   5.000000   0.755800   0.000071   0.242800 -10.988303    462      0
-5.0000E+00   5.477558   2.098102 -99.000000 -22.798415 -99.000000   0.000000   0.242800   0.000657   0.001400   0.024902      3
 5.8000E-04  -4.592014   3.734407 -99.000000 -99.000000  -8.018040   0.000000   0.000241   0.000146   0.001400  0.000E+00        max_dt

         59   5.478114   4423.553 -21.400547 -21.400547   5.000000   5.000000   0.755800   0.000071   0.242800 -10.988300    478      0
-5.0000E+00   5.477558   2.098096 -99.000000 -22.798415 -99.000000   0.000000   0.242800   0.000657   0.001400   0.024902      3
 5.9000E-04  -4.592014   3.733970 -99.000000 -99.000000  -8.017518   0.000000   0.000241   0.000146   0.001400  0.000E+00        max_dt


__________________________________________________________________________________________________________________________________________________

       step    lg_Tmax     Teff     lg_LH      lg_Lnuc_tot     Mass       H_rich     H_cntr     N_cntr     Y_surf   eta_cntr   zones  retry
  lg_dt_yrs    lg_Tcntr    lg_R     lg_L3a     lg_Lneu     lg_Mdot    He_core    He_cntr    O_cntr     Z_surf   gam_cntr   iters  
    age_yrs    lg_Dcntr    lg_L     lg_LZ      lg_Lphoto   lg_Dsurf   CO_core    C_cntr     Ne_cntr    Z_cntr   v_div_cs       dt_limit
__________________________________________________________________________________________________________________________________________________

         60   5.478114   4422.495 -21.400547 -21.400547   5.000000   5.000000   0.755800   0.000071   0.242800 -10.988297    462      0
-5.0000E+00   5.477558   2.098090 -99.000000 -22.798415 -99.000000   0.000000   0.242800   0.000657   0.001400   0.024902      3
 6.0000E-04  -4.592013   3.733543 -99.000000 -99.000000  -8.017008   0.000000   0.000241   0.000146   0.001400  0.000E+00        max_dt

         61   5.478114   4421.456 -21.400546 -21.400546   5.000000   5.000000   0.755800   0.000071   0.242800 -10.988295    478      0
-5.0000E+00   5.477557   2.098084 -99.000000 -22.798415 -99.000000   0.000000   0.242800   0.000657   0.001400   0.024902      3
 6.1000E-04  -4.592013   3.733123 -99.000000 -99.000000  -8.016509   0.000000   0.000241   0.000146   0.001400  0.000E+00        max_dt

         62   5.478114   4420.439 -21.400546 -21.400546   5.000000   5.000000   0.755800   0.000071   0.242800 -10.988293    462      0
-5.0000E+00   5.477557   2.098078 -99.000000 -22.798414 -99.000000   0.000000   0.242800   0.000657   0.001400   0.024902      3
 6.2000E-04  -4.592012   3.732712 -99.000000 -99.000000  -8.016022   0.000000   0.000241   0.000146   0.001400  0.000E+00        max_dt

         63   5.478114   4419.439 -21.400546 -21.400546   5.000000   5.000000   0.755800   0.000071   0.242800 -10.988290    478      0
-5.0000E+00   5.477556   2.098073 -99.000000 -22.798414 -99.000000   0.000000   0.242800   0.000657   0.001400   0.024902      3
 6.3000E-04  -4.592012   3.732308 -99.000000 -99.000000  -8.015545   0.000000   0.000241   0.000146   0.001400  0.000E+00        max_dt

         64   5.478114   4418.460 -21.400546 -21.400546   5.000000   5.000000   0.755800   0.000071   0.242800 -10.988288    462      0
-5.0000E+00   5.477556   2.098067 -99.000000 -22.798414 -99.000000   0.000000   0.242800   0.000657   0.001400   0.024902      3
 6.4000E-04  -4.592011   3.731912 -99.000000 -99.000000  -8.015079   0.000000   0.000241   0.000146   0.001400  0.000E+00        max_dt

         65   5.478114   4417.498 -21.400546 -21.400546   5.000000   5.000000   0.755800   0.000071   0.242800 -10.988286    478      0
-5.0000E+00   5.477556   2.098062 -99.000000 -22.798414 -99.000000   0.000000   0.242800   0.000657   0.001400   0.024902      3
 6.5000E-04  -4.592011   3.731523 -99.000000 -99.000000  -8.014623   0.000000   0.000241   0.000146   0.001400  0.000E+00        max_dt

         66   5.478114   4416.554 -21.400546 -21.400546   5.000000   5.000000   0.755800   0.000071   0.242800 -10.988284    462      0
-5.0000E+00   5.477555   2.098057 -99.000000 -22.798414 -99.000000   0.000000   0.242800   0.000657   0.001400   0.024902      3
 6.6000E-04  -4.592010   3.731141 -99.000000 -99.000000  -8.014177   0.000000   0.000241   0.000146   0.001400  0.000E+00        max_dt

         67   5.478114   4415.626 -21.400546 -21.400546   5.000000   5.000000   0.755800   0.000071   0.242800 -10.988282    478      0
-5.0000E+00   5.477555   2.098051 -99.000000 -22.798414 -99.000000   0.000000   0.242800   0.000657   0.001400   0.024902      3
 6.7000E-04  -4.592010   3.730765 -37.026689 -99.000000  -8.013739   0.000000   0.000241   0.000146   0.001400  0.000E+00        max_dt

         68   5.478114   4414.716 -21.400546 -21.400546   5.000000   5.000000   0.755800   0.000071   0.242800 -10.988280    462      0
-5.0000E+00   5.477555   2.098046 -99.000000 -22.798414 -99.000000   0.000000   0.242800   0.000657   0.001400   0.024902      3
 6.8000E-04  -4.592010   3.730397 -99.000000 -99.000000  -8.013311   0.000000   0.000241   0.000146   0.001400  0.000E+00        max_dt

         69   5.478114   4413.820 -21.400545 -21.400545   5.000000   5.000000   0.755800   0.000071   0.242800 -10.988278    478      0
-5.0000E+00   5.477555   2.098041 -99.000000 -22.798414 -99.000000   0.000000   0.242800   0.000657   0.001400   0.024902      3
 6.9000E-04  -4.592009   3.730034 -99.000000 -99.000000  -8.012890   0.000000   0.000241   0.000146   0.001400  0.000E+00        max_dt


__________________________________________________________________________________________________________________________________________________

       step    lg_Tmax     Teff     lg_LH      lg_Lnuc_tot     Mass       H_rich     H_cntr     N_cntr     Y_surf   eta_cntr   zones  retry
  lg_dt_yrs    lg_Tcntr    lg_R     lg_L3a     lg_Lneu     lg_Mdot    He_core    He_cntr    O_cntr     Z_surf   gam_cntr   iters  
    age_yrs    lg_Dcntr    lg_L     lg_LZ      lg_Lphoto   lg_Dsurf   CO_core    C_cntr     Ne_cntr    Z_cntr   v_div_cs       dt_limit
__________________________________________________________________________________________________________________________________________________

         70   5.478114   4412.936 -21.400545 -21.400545   5.000000   5.000000   0.755800   0.000071   0.242800 -10.988277    461      0
-5.0000E+00   5.477554   2.098036 -99.000000 -22.798413 -99.000000   0.000000   0.242800   0.000657   0.001400   0.024902      2
 7.0000E-04  -4.592009   3.729676 -99.000000 -99.000000  -8.012477   0.000000   0.000241   0.000146   0.001400  0.000E+00        max_dt

         71   5.478114   4412.062 -21.400545 -21.400545   5.000000   5.000000   0.755800   0.000071   0.242800 -10.988275    477      0
-5.0000E+00   5.477554   2.098031 -99.000000 -22.798413 -99.000000   0.000000   0.242800   0.000657   0.001400   0.024902      3
 7.1000E-04  -4.592008   3.729322 -99.000000 -99.000000  -8.012069   0.000000   0.000241   0.000146   0.001400  0.000E+00        max_dt

         72   5.478114   4411.204 -21.400545 -21.400545   5.000000   5.000000   0.755800   0.000071   0.242800 -10.988273    461      0
-5.0000E+00   5.477554   2.098026 -99.000000 -22.798413 -99.000000   0.000000   0.242800   0.000657   0.001400   0.024902      2
 7.2000E-04  -4.592008   3.728975 -99.000000 -99.000000  -8.011670   0.000000   0.000241   0.000146   0.001400  0.000E+00        max_dt

         73   5.478114   4410.360 -21.400545 -21.400545   5.000000   5.000000   0.755800   0.000071   0.242800 -10.988272    477      0
-5.0000E+00   5.477554   2.098021 -99.000000 -22.798413 -99.000000   0.000000   0.242800   0.000657   0.001400   0.024902      2
 7.3000E-04  -4.592008   3.728633 -99.000000 -99.000000  -8.011278   0.000000   0.000241   0.000146   0.001400  0.000E+00        max_dt

         74   5.478114   4409.532 -21.400545 -21.400545   5.000000   5.000000   0.755800   0.000071   0.242800 -10.988270    461      0
-5.0000E+00   5.477554   2.098017 -99.000000 -22.798413 -99.000000   0.000000   0.242800   0.000657   0.001400   0.024902      2
 7.4000E-04  -4.592007   3.728297 -99.000000 -99.000000  -8.010895   0.000000   0.000241   0.000146   0.001400  0.000E+00        max_dt

         75   5.478114   4408.716 -21.400545 -21.400545   5.000000   5.000000   0.755800   0.000071   0.242800 -10.988269    477      0
-5.0000E+00   5.477553   2.098012 -99.000000 -22.798413 -99.000000   0.000000   0.242800   0.000657   0.001400   0.024902      2
 7.5000E-04  -4.592007   3.727966 -99.000000 -99.000000  -8.010518   0.000000   0.000241   0.000146   0.001400  0.000E+00        max_dt

         76   5.478114   4407.891 -21.400545 -21.400545   5.000000   5.000000   0.755800   0.000071   0.242800 -10.988268    460      0
-5.0000E+00   5.477553   2.098007 -99.000000 -22.798413 -99.000000   0.000000   0.242800   0.000657   0.001400   0.024902      2
 7.6000E-04  -4.592007   3.727632 -99.000000 -99.000000  -8.010138   0.000000   0.000241   0.000146   0.001400  0.000E+00        max_dt

         77   5.478114   4407.072 -21.400544 -21.400544   5.000000   5.000000   0.755800   0.000071   0.242800 -10.988266    476      0
-5.0000E+00   5.477553   2.098003 -99.000000 -22.798413 -99.000000   0.000000   0.242800   0.000657   0.001400   0.024902      2
 7.7000E-04  -4.592006   3.727300 -99.000000 -99.000000  -8.009762   0.000000   0.000241   0.000146   0.001400  0.000E+00        max_dt

         78   5.478115   4406.273 -21.400544 -21.400544   5.000000   5.000000   0.755800   0.000071   0.242800 -10.988265    460      0
-5.0000E+00   5.477553   2.097998 -99.000000 -22.798413 -99.000000   0.000000   0.242800   0.000657   0.001400   0.024902      2
 7.8000E-04  -4.592006   3.726976 -99.000000 -99.000000  -8.009396   0.000000   0.000241   0.000146   0.001400  0.000E+00        max_dt

         79   5.478115   4405.492 -21.400544 -21.400544   5.000000   5.000000   0.755800   0.000071   0.242800 -10.988264    476      0
-5.0000E+00   5.477553   2.097994 -99.000000 -22.798412 -99.000000   0.000000   0.242800   0.000657   0.001400   0.024902      2
 7.9000E-04  -4.592006   3.726659 -99.000000 -99.000000  -8.009039   0.000000   0.000241   0.000146   0.001400  0.000E+00        max_dt


__________________________________________________________________________________________________________________________________________________

       step    lg_Tmax     Teff     lg_LH      lg_Lnuc_tot     Mass       H_rich     H_cntr     N_cntr     Y_surf   eta_cntr   zones  retry
  lg_dt_yrs    lg_Tcntr    lg_R     lg_L3a     lg_Lneu     lg_Mdot    He_core    He_cntr    O_cntr     Z_surf   gam_cntr   iters  
    age_yrs    lg_Dcntr    lg_L     lg_LZ      lg_Lphoto   lg_Dsurf   CO_core    C_cntr     Ne_cntr    Z_cntr   v_div_cs       dt_limit
__________________________________________________________________________________________________________________________________________________

         80   5.478115   4404.729 -21.400544 -21.400544   5.000000   5.000000   0.755800   0.000071   0.242800 -10.988263    460      0
-5.0000E+00   5.477553   2.097989 -99.000000 -22.798412 -99.000000   0.000000   0.242800   0.000657   0.001400   0.024902      2
 8.0000E-04  -4.592006   3.726349 -99.000000 -99.000000  -8.008691   0.000000   0.000241   0.000146   0.001400  0.000E+00        max_dt

         81   5.478115   4403.980 -21.400544 -21.400544   5.000000   5.000000   0.755800   0.000071   0.242800 -10.988262    476      0
-5.0000E+00   5.477552   2.097985 -99.000000 -22.798412 -99.000000   0.000000   0.242800   0.000657   0.001400   0.024902      2
 8.1000E-04  -4.592005   3.726045 -99.000000 -99.000000  -8.008350   0.000000   0.000241   0.000146   0.001400  0.000E+00        max_dt

         82   5.478115   4403.245 -21.400544 -21.400544   5.000000   5.000000   0.755800   0.000071   0.242800 -10.988261    460      0
-5.0000E+00   5.477552   2.097981 -99.000000 -22.798412 -99.000000   0.000000   0.242800   0.000657   0.001400   0.024902      2
 8.2000E-04  -4.592005   3.725747 -99.000000 -99.000000  -8.008016   0.000000   0.000241   0.000146   0.001400  0.000E+00        max_dt

         83   5.478115   4402.522 -21.400544 -21.400544   5.000000   5.000000   0.755800   0.000071   0.242800 -10.988260    476      0
-5.0000E+00   5.477552   2.097977 -99.000000 -22.798412 -99.000000   0.000000   0.242800   0.000657   0.001400   0.024902      2
 8.3000E-04  -4.592005   3.725453 -99.000000 -99.000000  -8.007689   0.000000   0.000241   0.000146   0.001400  0.000E+00        max_dt

         84   5.478115   4401.812 -21.400544 -21.400544   5.000000   5.000000   0.755800   0.000071   0.242800 -10.988259    460      0
-5.0000E+00   5.477552   2.097973 -99.000000 -22.798412 -99.000000   0.000000   0.242800   0.000657   0.001400   0.024902      2
 8.4000E-04  -4.592005   3.725165 -99.000000 -99.000000  -8.007368   0.000000   0.000241   0.000146   0.001400  0.000E+00        max_dt

         85   5.478115   4401.112 -21.400543 -21.400543   5.000000   5.000000   0.755800   0.000071   0.242800 -10.988258    476      0
-5.0000E+00   5.477552   2.097969 -99.000000 -22.798412 -99.000000   0.000000   0.242800   0.000657   0.001400   0.024902      2
 8.5000E-04  -4.592004   3.724881 -99.000000 -99.000000  -8.007052   0.000000   0.000241   0.000146   0.001400  0.000E+00        max_dt

         86   5.478115   4400.424 -21.400543 -21.400543   5.000000   5.000000   0.755800   0.000071   0.242800 -10.988257    460      0
-5.0000E+00   5.477552   2.097965 -99.000000 -22.798412 -99.000000   0.000000   0.242800   0.000657   0.001400   0.024902      2
 8.6000E-04  -4.592004   3.724601 -99.000000 -99.000000  -8.006742   0.000000   0.000241   0.000146   0.001400  0.000E+00        max_dt

         87   5.478115   4399.745 -21.400543 -21.400543   5.000000   5.000000   0.755800   0.000071   0.242800 -10.988256    476      0
-5.0000E+00   5.477552   2.097961 -99.000000 -22.798411 -99.000000   0.000000   0.242800   0.000657   0.001400   0.024902      2
 8.7000E-04  -4.592004   3.724325 -37.327719 -99.000000  -8.006437   0.000000   0.000241   0.000146   0.001400  0.000E+00        max_dt

         88   5.478115   4399.077 -21.400543 -21.400543   5.000000   5.000000   0.755800   0.000071   0.242800 -10.988255    460      0
-5.0000E+00   5.477551   2.097957 -99.000000 -22.798411 -99.000000   0.000000   0.242800   0.000657   0.001400   0.024902      2
 8.8000E-04  -4.592004   3.724053 -99.000000 -99.000000  -8.006137   0.000000   0.000241   0.000146   0.001400  0.000E+00        max_dt

         89   5.478115   4398.418 -21.400543 -21.400543   5.000000   5.000000   0.755800   0.000071   0.242800 -10.988254    476      0
-5.0000E+00   5.477551   2.097953 -99.000000 -22.798411 -99.000000   0.000000   0.242800   0.000657   0.001400   0.024902      3
 8.9000E-04  -4.592004   3.723785 -99.000000 -99.000000  -8.005842   0.000000   0.000241   0.000146   0.001400  0.000E+00        max_dt


__________________________________________________________________________________________________________________________________________________

       step    lg_Tmax     Teff     lg_LH      lg_Lnuc_tot     Mass       H_rich     H_cntr     N_cntr     Y_surf   eta_cntr   zones  retry
  lg_dt_yrs    lg_Tcntr    lg_R     lg_L3a     lg_Lneu     lg_Mdot    He_core    He_cntr    O_cntr     Z_surf   gam_cntr   iters  
    age_yrs    lg_Dcntr    lg_L     lg_LZ      lg_Lphoto   lg_Dsurf   CO_core    C_cntr     Ne_cntr    Z_cntr   v_div_cs       dt_limit
__________________________________________________________________________________________________________________________________________________

         90   5.478115   4397.764 -21.400543 -21.400543   5.000000   5.000000   0.755800   0.000071   0.242800 -10.988253    459      0
-5.0000E+00   5.477551   2.097949 -99.000000 -22.798411 -99.000000   0.000000   0.242800   0.000657   0.001400   0.024902      3
 9.0000E-04  -4.592003   3.723519 -99.000000 -99.000000  -8.005550   0.000000   0.000241   0.000146   0.001400  0.000E+00        max_dt

         91   5.478115   4397.114 -21.400543 -21.400543   5.000000   5.000000   0.755800   0.000071   0.242800 -10.988252    475      0
-5.0000E+00   5.477551   2.097945 -99.000000 -22.798411 -99.000000   0.000000   0.242800   0.000657   0.001400   0.024902      3
 9.1000E-04  -4.592003   3.723255 -99.000000 -99.000000  -8.005261   0.000000   0.000241   0.000146   0.001400  0.000E+00        max_dt

         92   5.478115   4396.475 -21.400543 -21.400543   5.000000   5.000000   0.755800   0.000071   0.242800 -10.988252    459      0
-5.0000E+00   5.477551   2.097941 -99.000000 -22.798411 -99.000000   0.000000   0.242800   0.000657   0.001400   0.024902      2
 9.2000E-04  -4.592003   3.722995 -99.000000 -99.000000  -8.004976   0.000000   0.000241   0.000146   0.001400  0.000E+00        max_dt

         93   5.478115   4395.843 -21.400543 -21.400543   5.000000   5.000000   0.755800   0.000071   0.242800 -10.988251    475      0
-5.0000E+00   5.477551   2.097938 -99.000000 -22.798411 -99.000000   0.000000   0.242800   0.000657   0.001400   0.024902      2
 9.3000E-04  -4.592003   3.722738 -99.000000 -99.000000  -8.004695   0.000000   0.000241   0.000146   0.001400  0.000E+00        max_dt

         94   5.478115   4395.222 -21.400542 -21.400542   5.000000   5.000000   0.755800   0.000071   0.242800 -10.988250    459      0
-5.0000E+00   5.477551   2.097934 -99.000000 -22.798411 -99.000000   0.000000   0.242800   0.000657   0.001400   0.024902      2
 9.4000E-04  -4.592003   3.722485 -99.000000 -99.000000  -8.004420   0.000000   0.000241   0.000146   0.001400  0.000E+00        max_dt

         95   5.478115   4394.610 -21.400542 -21.400542   5.000000   5.000000   0.755800   0.000071   0.242800 -10.988250    476      0
-5.0000E+00   5.477551   2.097931 -99.000000 -22.798410 -99.000000   0.000000   0.242800   0.000657   0.001400   0.024902      3
 9.5000E-04  -4.592002   3.722236 -37.026689 -99.000000  -8.004150   0.000000   0.000241   0.000146   0.001400  0.000E+00        max_dt

         96   5.478115   4394.012 -21.400542 -21.400542   5.000000   5.000000   0.755800   0.000071   0.242800 -10.988249    460      0
-5.0000E+00   5.477551   2.097927 -99.000000 -22.798410 -99.000000   0.000000   0.242800   0.000657   0.001400   0.024902      2
 9.6000E-04  -4.592002   3.721993 -99.000000 -99.000000  -8.003885   0.000000   0.000241   0.000146   0.001400  0.000E+00        max_dt

         97   5.478115   4393.424 -21.400542 -21.400542   5.000000   5.000000   0.755800   0.000071   0.242800 -10.988248    476      0
-5.0000E+00   5.477551   2.097924 -99.000000 -22.798410 -99.000000   0.000000   0.242800   0.000657   0.001400   0.024902      2
 9.7000E-04  -4.592002   3.721753 -99.000000 -99.000000  -8.003626   0.000000   0.000241   0.000146   0.001400  0.000E+00        max_dt

         98   5.478115   4392.849 -21.400542 -21.400542   5.000000   5.000000   0.755800   0.000071   0.242800 -10.988248    460      0
-5.0000E+00   5.477551   2.097920 -99.000000 -22.798410 -99.000000   0.000000   0.242800   0.000657   0.001400   0.024902      2
 9.8000E-04  -4.592002   3.721519 -99.000000 -99.000000  -8.003373   0.000000   0.000241   0.000146   0.001400  0.000E+00        max_dt

         99   5.478115   4392.280 -21.400542 -21.400542   5.000000   5.000000   0.755800   0.000071   0.242800 -10.988247    477      0
-5.0000E+00   5.477550   2.097917 -99.000000 -22.798410 -99.000000   0.000000   0.242800   0.000657   0.001400   0.024902      3
 9.9000E-04  -4.592002   3.721287 -99.000000 -99.000000  -8.003123   0.000000   0.000241   0.000146   0.001400  0.000E+00        max_dt


__________________________________________________________________________________________________________________________________________________

       step    lg_Tmax     Teff     lg_LH      lg_Lnuc_tot     Mass       H_rich     H_cntr     N_cntr     Y_surf   eta_cntr   zones  retry
  lg_dt_yrs    lg_Tcntr    lg_R     lg_L3a     lg_Lneu     lg_Mdot    He_core    He_cntr    O_cntr     Z_surf   gam_cntr   iters  
    age_yrs    lg_Dcntr    lg_L     lg_LZ      lg_Lphoto   lg_Dsurf   CO_core    C_cntr     Ne_cntr    Z_cntr   v_div_cs       dt_limit
__________________________________________________________________________________________________________________________________________________

        100   5.478115   4391.719 -21.400542 -21.400542   5.000000   5.000000   0.755800   0.000071   0.242800 -10.988246    461      0
-5.0000E+00   5.477550   2.097913 -99.000000 -22.798410 -99.000000   0.000000   0.242800   0.000657   0.001400   0.024902      2
 1.0000E-03  -4.592002   3.721058 -99.000000 -99.000000  -8.002877   0.000000   0.000241   0.000146   0.001400  0.000E+00        max_dt


 finished doing relax num steps


                                relax_to_radiative_core

          1   5.478115   4391.161 -21.400542 -21.400542   5.000000   5.000000   0.755800   0.000071   0.242800 -10.988246    477      0
-5.0000E+00   5.477550   2.097910 -99.000000 -22.798410 -99.000000   0.000000   0.242800   0.000657   0.001400   0.024902      2
 1.0000E-05  -4.592002   3.720831 -99.000000 -99.000000  -8.002633   0.000000   0.000241   0.000146   0.001400  0.000E+00        max_dt

           waiting for fully convective core to develop           1    3.8788047703196896D-02
          2   5.478115   4390.071 -21.400541 -21.400541   5.000000   5.000000   0.755800   0.000071   0.242800 -10.988245    461      0
-4.6990E+00   5.477550   2.097903 -99.000000 -22.798409 -99.000000   0.000000   0.242800   0.000657   0.001400   0.024902      3
 3.0000E-05  -4.592001   3.720386 -99.000000 -99.000000  -8.002156   0.000000   0.000241   0.000146   0.001400  0.000E+00  max increase

           waiting for fully convective core to develop           2    3.8788042304774069D-02
          3   5.478115   4387.974 -21.400541 -21.400541   5.000000   5.000000   0.755800   0.000071   0.242800 -10.988243    477      0
-4.3979E+00   5.477550   2.097891 -99.000000 -22.798409 -99.000000   0.000000   0.242800   0.000657   0.001400   0.024902      3
 7.0000E-05  -4.592001   3.719531 -37.026689 -99.000000  -8.001245   0.000000   0.000241   0.000146   0.001400  0.000E+00  max increase

           waiting for fully convective core to develop           3    3.8788031753547773D-02
          4   5.478116   4384.099 -21.400540 -21.400540   5.000000   5.000000   0.755800   0.000071   0.242800 -10.988239    461      0
-4.0969E+00   5.477550   2.097867 -99.000000 -22.798408 -99.000000   0.000000   0.242800   0.000657   0.001400   0.024902      3
 1.5000E-04  -4.592000   3.717949 -99.000000 -99.000000  -7.999575   0.000000   0.000241   0.000146   0.001400  0.000E+00  max increase

           waiting for fully convective core to develop           4    3.8788011568513858D-02
          5   5.478116   4377.363 -21.400538 -21.400538   5.000000   5.000000   0.755800   0.000071   0.242800 -10.988235    478      0
-3.7959E+00   5.477549   2.097825 -99.000000 -22.798406 -99.000000   0.000000   0.242800   0.000657   0.001400   0.024902      3
 3.1000E-04  -4.591998   3.715194 -99.000000 -99.000000  -7.996716   0.000000   0.000241   0.000146   0.001400  0.000E+00  max increase

           waiting for fully convective core to develop           5    3.8787974411585747D-02
          6   5.478117   4366.624 -21.400534 -21.400534   5.000000   5.000000   0.755800   0.000071   0.242800 -10.988229    461      0
-3.4949E+00   5.477549   2.097755 -99.000000 -22.798402 -99.000000   0.000000   0.242800   0.000657   0.001400   0.024902      3
 6.3000E-04  -4.591996   3.710788 -99.000000 -99.000000  -7.992273   0.000000   0.000241   0.000146   0.001400  0.000E+00  max increase

           waiting for fully convective core to develop           6    3.8787910131602876D-02
          7   5.478117   4351.677 -21.400526 -21.400526   5.000000   5.000000   0.755800   0.000071   0.242800 -10.988224    476      0
-3.1938E+00   5.477549   2.097652 -99.000000 -22.798394 -99.000000   0.000000   0.242800   0.000657   0.001400   0.024902      3
 1.2700E-03  -4.591994   3.704625 -99.000000 -99.000000  -7.986308   0.000000   0.000241   0.000146   0.001400  0.000E+00  max increase

           waiting for fully convective core to develop           7    3.8787807496168225D-02
          8   5.478119   4333.478 -21.400509 -21.400509   5.000000   5.000000   0.755800   0.000071   0.242800 -10.988220    463      0
-2.8928E+00   5.477550   2.097515 -99.000000 -22.798377 -99.000000   0.000000   0.242800   0.000657   0.001400   0.024902      3
 2.5500E-03  -4.591991   3.697069 -99.000000 -99.000000  -7.979366   0.000000   0.000241   0.000146   0.001400  0.000E+00  max increase

           waiting for fully convective core to develop           8    3.8787652981863950D-02
          9   5.478122   4314.863 -21.400474 -21.400474   5.000000   5.000000   0.755800   0.000071   0.242800 -10.988217    479      0
-2.5918E+00   5.477552   2.097348 -99.000000 -22.798342 -99.000000   0.000000   0.242800   0.000657   0.001400   0.024902      3
 5.1100E-03  -4.591986   3.689258 -99.000000 -99.000000  -7.972583   0.000000   0.000241   0.000146   0.001400  0.000E+00  max increase

           waiting for fully convective core to develop           9    3.3906047700441769D-02

__________________________________________________________________________________________________________________________________________________

       step    lg_Tmax     Teff     lg_LH      lg_Lnuc_tot     Mass       H_rich     H_cntr     N_cntr     Y_surf   eta_cntr   zones  retry
  lg_dt_yrs    lg_Tcntr    lg_R     lg_L3a     lg_Lneu     lg_Mdot    He_core    He_cntr    O_cntr     Z_surf   gam_cntr   iters  
    age_yrs    lg_Dcntr    lg_L     lg_LZ      lg_Lphoto   lg_Dsurf   CO_core    C_cntr     Ne_cntr    Z_cntr   v_div_cs       dt_limit
__________________________________________________________________________________________________________________________________________________

         10   5.478116   4297.883 -21.400402 -21.400402   5.000000   5.000000   0.755800   0.000071   0.242800 -10.988214    466      0
-2.2907E+00   5.477557   2.097161 -99.000000 -22.798270 -99.000000   0.000000   0.242800   0.000657   0.001400   0.024902      3
 1.0230E-02  -4.591977   3.682035 -99.000000 -99.000000  -7.966632   0.000000   0.000241   0.000146   0.001400  0.000E+00  max increase

           waiting for fully convective core to develop          10    3.3897656227189175D-02
         11   5.478114   4284.427 -21.400254 -21.400254   5.000000   5.000000   0.755800   0.000071   0.242800 -10.988211    479      0
-1.9897E+00   5.477566   2.096962 -99.000000 -22.798122 -99.000000   0.000000   0.242800   0.000657   0.001400   0.024902      3
 2.0470E-02  -4.591962   3.676188 -99.000000 -99.000000  -7.962026   0.000000   0.000241   0.000146   0.001400  0.000E+00  max increase

           waiting for fully convective core to develop          11    2.9192735006410717D-02
         12   5.478124   4275.356 -21.399953 -21.399953   5.000000   5.000000   0.755800   0.000071   0.242800 -10.988204    462      0
-1.6887E+00   5.477584   2.096754 -99.000000 -22.797821 -99.000000   0.000000   0.242800   0.000657   0.001400   0.024902      3
 4.0950E-02  -4.591933   3.672091 -99.000000 -99.000000  -7.958914   0.000000   0.000241   0.000146   0.001400  0.000E+00  max increase

           waiting for fully convective core to develop          12    2.4688577283215499D-02
         13   5.478156   4269.983 -21.399339 -21.399339   5.000000   5.000000   0.755800   0.000071   0.242800 -10.988192    477      0
-1.3876E+00   5.477620   2.096540 -99.000000 -22.797207 -99.000000   0.000000   0.242800   0.000657   0.001400   0.024901      3
 8.1910E-02  -4.591873   3.669479 -99.000000 -99.000000  -7.956994   0.000000   0.000241   0.000146   0.001400  0.000E+00  max increase

           waiting for fully convective core to develop          13    1.5164357380702471D-04
         14   5.478227   4267.340 -21.398093 -21.398093   5.000000   5.000000   0.755800   0.000071   0.242800 -10.988166    461      0
-1.0866E+00   5.477694   2.096319 -99.000000 -22.795961 -99.000000   0.000000   0.242800   0.000657   0.001400   0.024899      3
 1.6383E-01  -4.591751   3.667960 -99.000000 -99.000000  -7.955923   0.000000   0.000241   0.000146   0.001400  0.000E+00  max increase

           waiting for fully convective core to develop          14    2.0230865011156436D-04
         15   5.478373   4266.311 -21.395562 -21.395562   5.000000   5.000000   0.755800   0.000071   0.242800 -10.988112    476      0
-7.8558E-01   5.477848   2.096069 -99.000000 -22.793430 -99.000000   0.000000   0.242800   0.000657   0.001400   0.024895      3
 3.2767E-01  -4.591497   3.667041 -99.000000 -99.000000  -7.955319   0.000000   0.000241   0.000146   0.001400  0.000E+00  max increase

           waiting for fully convective core to develop          15    2.4502410704133417D-04
         16   5.478682   4266.186 -21.390554 -21.390554   5.000000   5.000000   0.755800   0.000071   0.242800 -10.988002    460      0
-4.8455E-01   5.478171   2.095735 -99.000000 -22.788422 -99.000000   0.000000   0.242800   0.000657   0.001400   0.024886      3
 6.5535E-01  -4.590965   3.666322 -99.000000 -99.000000  -7.954896   0.000000   0.000241   0.000146   0.001400  0.000E+00  max increase

           waiting for fully convective core to develop          16    2.0392067384798863D-02
         17   5.479339   4266.594 -21.381207 -21.381207   5.000000   5.000000   0.755800   0.000071   0.242800 -10.987770    476      0
-1.8352E-01   5.478861   2.095199 -99.000000 -22.779075 -99.000000   0.000000   0.242800   0.000657   0.001400   0.024869      3
 1.3107E+00  -4.589828   3.665416 -36.850598 -99.000000  -7.954404   0.000000   0.000241   0.000146   0.001400  0.000E+00  max increase

           waiting for fully convective core to develop          17    3.3537291809516171D-03
         18   5.480263   4267.603 -21.362693 -21.362693   5.000000   5.000000   0.755800   0.000071   0.242800 -10.987298    460      0
 1.1751E-01   5.480263   2.094218 -99.000000 -22.760561 -99.000000   0.000000   0.242800   0.000657   0.001400   0.024832      3
 2.6214E+00  -4.587521   3.663866 -99.000000 -99.000000  -7.953587   0.000000   0.000241   0.000146   0.001400  0.000E+00  max increase

           waiting for fully convective core to develop          18    2.2903609359316963D-04
         19   5.483051   4269.652 -21.326194 -21.326194   5.000000   5.000000   0.755800   0.000071   0.242800 -10.986350    476      0
 4.1854E-01   5.483051   2.092318 -99.000000 -22.724062 -99.000000   0.000000   0.242800   0.000657   0.001400   0.024761      3
 5.2429E+00  -4.582928   3.660900 -99.000000 -99.000000  -7.952032   0.000000   0.000241   0.000146   0.001400  0.000E+00  max increase

           waiting for fully convective core to develop          19    1.3108849185964293D-04

__________________________________________________________________________________________________________________________________________________

       step    lg_Tmax     Teff     lg_LH      lg_Lnuc_tot     Mass       H_rich     H_cntr     N_cntr     Y_surf   eta_cntr   zones  retry
  lg_dt_yrs    lg_Tcntr    lg_R     lg_L3a     lg_Lneu     lg_Mdot    He_core    He_cntr    O_cntr     Z_surf   gam_cntr   iters  
    age_yrs    lg_Dcntr    lg_L     lg_LZ      lg_Lphoto   lg_Dsurf   CO_core    C_cntr     Ne_cntr    Z_cntr   v_div_cs       dt_limit
__________________________________________________________________________________________________________________________________________________

         20   5.486578   4273.674 -21.254969 -21.254969   5.000000   5.000000   0.755800   0.000071   0.242800 -10.972961    460      0
 7.1957E-01   5.486578   2.088610 -99.000000 -22.652837 -99.000000   0.000000   0.242800   0.000657   0.001400   0.024771      3
 1.0486E+01  -4.571823   3.655120 -99.000000 -99.000000  -7.949008   0.000000   0.000241   0.000146   0.001400  0.000E+00  max increase

           waiting for fully convective core to develop          20    5.9899807834289270D-06
         21   5.493603   4281.326 -21.118821 -21.118821   5.000000   5.000000   0.755800   0.000071   0.242800 -10.948863    476      0
 1.0206E+00   5.493603   2.081502 -99.000000 -22.516689 -99.000000   0.000000   0.242800   0.000657   0.001400   0.024769      3
 2.0972E+01  -4.550819   3.644010 -99.000000 -99.000000  -7.943207   0.000000   0.000241   0.000146   0.001400  0.000E+00  max increase

             relative mass of radiative core still tiny          21    7.8168565342817686D-08
         22   5.505596   4293.645 -20.887665 -20.887665   5.000000   5.000000   0.755800   0.000071   0.242800 -10.907710    467      0
 1.2846E+00   5.505596   2.069364 -99.000000 -22.285533 -99.000000   0.000000   0.242800   0.000657   0.001400   0.024767      3
 4.0227E+01  -4.514958   3.624726 -99.000000 -99.000000  -7.933108   0.000000   0.000241   0.000146   0.001400  0.000E+00    varcontrol

             relative mass of radiative core still tiny          22    7.8168565120773081D-08
         23   5.521160   4312.726 -20.590146 -20.590146   5.000000   5.000000   0.755800   0.000071   0.242800 -10.854276    482      0
 1.4377E+00   5.521160   2.053586 -99.000000 -21.988014 -99.000000   0.000000   0.242800   0.000657   0.001400   0.024764      3
 6.7623E+01  -4.468406   3.600873 -99.000000 -99.000000  -7.921079   0.000000   0.000241   0.000146   0.001400  0.000E+00    varcontrol

             relative mass of radiative core still tiny          23    7.8168564454639267D-08
         24   5.538638   4331.020 -20.259479 -20.259479   5.000000   5.000000   0.755800   0.000071   0.242800 -10.794227    463      0
 1.5342E+00   5.538638   2.035866 -99.000000 -21.657347 -99.000000   0.000000   0.242800   0.000657   0.001400   0.024762      3
 1.0183E+02  -4.416109   3.572787 -99.000000 -99.000000  -7.906712   0.000000   0.000241   0.000146   0.001400  0.000E+00    varcontrol

             relative mass of radiative core still tiny          24    7.8168564454639267D-08
         25   5.557081   4351.921 -19.914586 -19.914586   5.000000   5.000000   0.755800   0.000071   0.242800 -10.730831    477      0
 1.6055E+00   5.557081   2.017149 -99.000000 -21.312454 -99.000000   0.000000   0.242800   0.000657   0.001400   0.024759      3
 1.4215E+02  -4.360914   3.543716 -99.000000 -99.000000  -7.892302   0.000000   0.000241   0.000146   0.001400  0.000E+00    varcontrol

             relative mass of radiative core still tiny          25    7.8168564676683872D-08
         26   5.575957   4372.067 -19.565827 -19.565827   5.000000   5.000000   0.755800   0.000071   0.242800 -10.665905    468      0
 1.6652E+00   5.575957   1.997984 -99.000000 -20.963695 -99.000000   0.000000   0.242800   0.000657   0.001400   0.024757      3
 1.8840E+02  -4.304402   3.513409 -99.000000 -99.000000  -7.877375   0.000000   0.000241   0.000146   0.001400  0.000E+00    varcontrol

             relative mass of radiative core still tiny          26    7.8168564676683872D-08
         27   5.595014   4393.863 -19.218058 -19.218058   5.000000   5.000000   0.755800   0.000071   0.242800 -10.600328    488      0
 1.7188E+00   5.595014   1.978619 -99.000000 -20.615926 -99.000000   0.000000   0.242800   0.000657   0.001400   0.024755      3
 2.4075E+02  -4.247337   3.483318 -99.000000 -99.000000  -7.863167   0.000000   0.000241   0.000146   0.001400  0.000E+00    varcontrol

             relative mass of radiative core still tiny          27    7.8168565342817686D-08
         28   5.614103   4414.122 -18.874021 -18.874021   5.000000   5.000000   0.755800   0.000071   0.242800 -10.534613    486      0
 1.7698E+00   5.614103   1.959219 -99.000000 -20.271889 -99.000000   0.000000   0.242800   0.000657   0.001400   0.024753      3
 2.9960E+02  -4.190164   3.452508 -99.000000 -99.000000  -7.848677   0.000000   0.000241   0.000146   0.001400  0.000E+00    varcontrol

             relative mass of radiative core still tiny          28    7.8168564898728476D-08
         29   5.633302   4434.955 -18.532295 -18.532295   5.000000   5.000000   0.755800   0.000071   0.242800 -10.468496    494      0
 1.8226E+00   5.633302   1.939698 -99.000000 -19.930163 -99.000000   0.000000   0.242800   0.000657   0.001400   0.024752      3
 3.6608E+02  -4.132652   3.421647 -34.317420 -99.000000  -7.834672   0.000000   0.000241   0.000146   0.001400  0.000E+00    varcontrol

             relative mass of radiative core still tiny          29    7.8168565342817686D-08

__________________________________________________________________________________________________________________________________________________

       step    lg_Tmax     Teff     lg_LH      lg_Lnuc_tot     Mass       H_rich     H_cntr     N_cntr     Y_surf   eta_cntr   zones  retry
  lg_dt_yrs    lg_Tcntr    lg_R     lg_L3a     lg_Lneu     lg_Mdot    He_core    He_cntr    O_cntr     Z_surf   gam_cntr   iters  
    age_yrs    lg_Dcntr    lg_L     lg_LZ      lg_Lphoto   lg_Dsurf   CO_core    C_cntr     Ne_cntr    Z_cntr   v_div_cs       dt_limit
__________________________________________________________________________________________________________________________________________________

         30   5.652529   4454.911 -18.194303 -18.194303   5.000000   5.000000   0.755800   0.000071   0.242800 -10.402257    493      0
 1.8741E+00   5.652529   1.920145 -99.000000 -19.592171 -99.000000   0.000000   0.242800   0.000657   0.001400   0.024750      3
 4.4091E+02  -4.075043   3.390340 -99.000000 -99.000000  -7.820655   0.000000   0.000241   0.000146   0.001400  0.000E+00    varcontrol

             relative mass of radiative core still tiny          30    7.8168564898728476D-08
         31   5.671774   4475.772 -17.860203 -17.860203   5.000000   5.000000   0.755800   0.000071   0.242800 -10.335938    497      0
 1.9250E+00   5.671774   1.900568 -99.000000 -19.258071 -99.000000   0.000000   0.242800   0.000657   0.001400   0.024749      3
 5.2505E+02  -4.017373   3.359301 -99.000000 -99.000000  -7.807477   0.000000   0.000241   0.000146   0.001400  0.000E+00    varcontrol

             relative mass of radiative core still tiny          31    7.8168564898728476D-08
         32   5.691007   4493.827 -17.530446 -17.530446   5.000000   5.000000   0.755800   0.000071   0.242800 -10.269639    503      0
 1.9763E+00   5.691007   1.881005 -99.000000 -18.928314 -99.000000   0.000000   0.242800   0.000657   0.001400   0.024748      3
 6.1975E+02  -3.959731   3.327169 -99.000000 -99.000000  -7.793342   0.000000   0.000241   0.000146   0.001400  0.000E+00    varcontrol

             relative mass of radiative core still tiny          32    7.8168564898728476D-08
         33   5.710257   4515.148 -17.204472 -17.204472   5.000000   5.000000   0.755800   0.000071   0.242800 -10.203265    486      0
 2.0271E+00   5.710257   1.861416 -99.000000 -18.602340 -99.000000   0.000000   0.242800   0.000657   0.001400   0.024747      3
 7.2619E+02  -3.902030   3.296213 -99.000000 -99.000000  -7.781230   0.000000   0.000241   0.000146   0.001400  0.000E+00    varcontrol

             relative mass of radiative core still tiny          33    7.8168565120773081D-08
         34   5.729436   4534.304 -16.883693 -16.883693   5.000000   5.000000   0.755800   0.000071   0.242800 -10.137117    490      0
 2.0765E+00   5.729436   1.841901 -99.000000 -18.281561 -99.000000   0.000000   0.242800   0.000657   0.001400   0.024746      3
 8.4546E+02  -3.844533   3.264539 -99.000000 -99.000000  -7.768413   0.000000   0.000241   0.000146   0.001400  0.000E+00    varcontrol

             relative mass of radiative core still tiny          34    7.8168565564862291D-08
         35   5.748537   4553.290 -16.568140 -16.568140   5.000000   5.000000   0.755800   0.000071   0.242800 -10.071229    497      0
 2.1256E+00   5.748537   1.822466 -99.000000 -17.966008 -99.000000   0.000000   0.242800   0.000657   0.001400   0.024745      3
 9.7900E+02  -3.787266   3.232927 -32.511240 -99.000000  -7.755878   0.000000   0.000241   0.000146   0.001400  0.000E+00    varcontrol

             relative mass of radiative core still tiny          35    7.8168565564862291D-08
         36   5.767550   4571.042 -16.257860 -16.257860   5.000000   5.000000   0.755800   0.000071   0.242800 -10.005634    494      0
 2.1747E+00   5.767550   1.803122 -99.000000 -17.655728 -99.000000   0.000000   0.242800   0.000657   0.001400   0.024745      3
 1.1285E+03  -3.730259   3.200998 -32.210210 -99.000000  -7.742975   0.000000   0.000241   0.000146   0.001400  0.000E+00    varcontrol

             relative mass of radiative core still tiny          36    7.8168565120773081D-08
         37   5.786517   4590.972 -15.952075 -15.952075   5.000000   5.000000   0.755800   0.000071   0.242800  -9.940189    498      0
 2.2237E+00   5.786517   1.783823 -99.000000 -17.349943 -99.000000   0.000000   0.242800   0.000657   0.001400   0.024744      3
 1.2959E+03  -3.673385   3.169957 -99.000000 -99.000000  -7.731626   0.000000   0.000241   0.000146   0.001400  0.000E+00    varcontrol

             relative mass of radiative core still tiny          37    7.8168565564862291D-08
         38   5.805475   4610.096 -15.650121 -15.650121   5.000000   5.000000   0.755800   0.000071   0.242800  -9.874768    524      0
 2.2739E+00   5.805475   1.764535 -99.000000 -17.047989 -99.000000   0.000000   0.242800   0.000657   0.001400   0.024744      3
 1.4838E+03  -3.616536   3.138604 -99.000000 -99.000000  -7.720011   0.000000   0.000241   0.000146   0.001400  0.000E+00    varcontrol

             relative mass of radiative core still tiny          38    7.8168565342817686D-08
         39   5.824482   4628.022 -15.351021 -15.351021   5.000000   5.000000   0.755800   0.000071   0.242800  -9.809167    501      0
 2.3261E+00   5.824482   1.745201 -99.000000 -16.748889 -99.000000   0.000000   0.242800   0.000657   0.001400   0.024744      3
 1.6957E+03  -3.559534   3.106677 -99.000000 -99.000000  -7.707748   0.000000   0.000241   0.000146   0.001400  0.000E+00    varcontrol

             relative mass of radiative core still tiny          39    7.8168565120773081D-08

__________________________________________________________________________________________________________________________________________________

       step    lg_Tmax     Teff     lg_LH      lg_Lnuc_tot     Mass       H_rich     H_cntr     N_cntr     Y_surf   eta_cntr   zones  retry
  lg_dt_yrs    lg_Tcntr    lg_R     lg_L3a     lg_Lneu     lg_Mdot    He_core    He_cntr    O_cntr     Z_surf   gam_cntr   iters  
    age_yrs    lg_Dcntr    lg_L     lg_LZ      lg_Lphoto   lg_Dsurf   CO_core    C_cntr     Ne_cntr    Z_cntr   v_div_cs       dt_limit
__________________________________________________________________________________________________________________________________________________

         40   5.843509   4647.443 -15.055194 -15.055194   5.000000   5.000000   0.755800   0.000071   0.242800  -9.743486    526      0
 2.3771E+00   5.843509   1.725847 -99.000000 -16.453062 -99.000000   0.000000   0.242800   0.000657   0.001400   0.024743      3
 1.9340E+03  -3.502467   3.075243 -99.000000 -99.000000  -7.696528   0.000000   0.000241   0.000146   0.001400  0.000E+00    varcontrol

             relative mass of radiative core still tiny          40    7.8168565120773081D-08
         41   5.862543   4666.169 -14.762824 -14.762824   5.000000   5.000000   0.755800   0.000071   0.242800  -9.677774    513      0
 2.4281E+00   5.862543   1.706490 -99.000000 -16.160692 -99.000000   0.000000   0.242800   0.000657   0.001400   0.024743      3
 2.2019E+03  -3.445377   3.043515 -30.404030 -99.000000  -7.684969   0.000000   0.000241   0.000146   0.001400  0.000E+00    varcontrol

             relative mass of radiative core still tiny          41    7.8168564898728476D-08
         42   5.881560   4683.109 -14.474201 -14.474201   5.000000   5.000000   0.755800   0.000071   0.242800  -9.612109    525      0
 2.4792E+00   5.881560   1.687154 -99.000000 -15.872069 -99.000000   0.000000   0.242800   0.000657   0.001400   0.024743      3
 2.5033E+03  -3.388333   3.011139 -99.000000 -99.000000  -7.672334   0.000000   0.000241   0.000146   0.001400  0.000E+00    varcontrol

             relative mass of radiative core still tiny          42    7.8168564676683872D-08
         43   5.900582   4702.521 -14.188948 -14.188948   5.000000   5.000000   0.755800   0.000071   0.242800  -9.546421    513      0
 2.5298E+00   5.900582   1.667815 -99.000000 -15.586816 -99.000000   0.000000   0.242800   0.000657   0.001400   0.024743      3
 2.8421E+03  -3.331271   2.979647 -99.000000 -99.000000  -7.661359   0.000000   0.000241   0.000146   0.001400  0.000E+00    varcontrol

             relative mass of radiative core still tiny          43    7.8168564898728476D-08
         44   5.919586   4720.151 -13.907351 -13.907351   5.000000   5.000000   0.755800   0.000071   0.242800  -9.480788    531      0
 2.5806E+00   5.919586   1.648499 -99.000000 -15.305219 -99.000000   0.000000   0.242800   0.000657   0.001400   0.024743      3
 3.2228E+03  -3.274260   2.947515 -99.000000 -99.000000  -7.649254   0.000000   0.000241   0.000146   0.001400  0.000E+00    varcontrol

             relative mass of radiative core still tiny          44    7.8168564676683872D-08
         45   5.938390   4739.636 -13.628953 -13.628953   5.000000   5.000000   0.755800   0.000071   0.242800  -9.413781    537      0
 2.6315E+00   5.938390   1.629173 -99.000000 -15.026821 -99.000000   0.000000   0.242800   0.000657   0.001400   0.024760      3
 3.6509E+03  -3.216952   2.916019 -99.000000 -99.000000  -7.638373   0.000000   0.000241   0.000146   0.001400  0.000E+00    varcontrol

             relative mass of radiative core still tiny          45    7.8168564232594662D-08
         46   5.956673   4757.738 -13.354001 -13.354001   5.000000   5.000000   0.755800   0.000071   0.242800  -9.342905    541      0
 2.6836E+00   5.956673   1.609822 -99.000000 -14.751869 -99.000000   0.000000   0.242800   0.000657   0.001400   0.024824      3
 4.1334E+03  -3.158745   2.883941 -99.000000 -99.000000  -7.626516   0.000000   0.000241   0.000146   0.001400  0.000E+00    varcontrol

                 finished relax to begin radiative core          46    6.9136728814913713D-03

 finished doing relax_to_radiative_core

 read my_history_columns.list
 read my_profile_columns.list
                                 set_initial_dt (years)    1.0000000000000000D+00
                             set_initial_number_retries           0
 net name basic.net
 kap_option gs98
 kap_CO_option gs98_co
 kap_lowT_option lowT_fa05_gs98
                                        OMP_NUM_THREADS          16


__________________________________________________________________________________________________________________________________________________

       step    lg_Tmax     Teff     lg_LH      lg_Lnuc_tot     Mass       H_rich     H_cntr     N_cntr     Y_surf   eta_cntr   zones  retry
  lg_dt_yrs    lg_Tcntr    lg_R     lg_L3a     lg_Lneu     lg_Mdot    He_core    He_cntr    O_cntr     Z_surf   gam_cntr   iters  
    age_yrs    lg_Dcntr    lg_L     lg_LZ      lg_Lphoto   lg_Dsurf   CO_core    C_cntr     Ne_cntr    Z_cntr   v_div_cs       dt_limit
__________________________________________________________________________________________________________________________________________________

          1   5.956711   4757.764 -13.353437 -13.353437   5.000000   5.000000   0.755800   0.000071   0.242800  -9.342758    541      0
 0.0000E+00   5.956711   1.609782 -99.000000 -14.751305  -9.219632   0.000000   0.242800   0.000657   0.001400   0.024824      2
 1.0000E+00  -3.158624   2.883870 -99.000000 -99.000000  -7.626507   0.000000   0.000241   0.000146   0.001400  0.000E+00    varcontrol

save LOGS/profile1.data for model 1
 Loading precomputed flux cube from:/home/njm/MESA/mesa/colors/data/stellar_models/Kurucz2003all//flux_cube.bin
 Loaded flux cube with dimensions:          76 x          11 x           9 x        1173
 Performing interpolation at target parameters...
 Interpolation complete
          2   5.956757   4758.699 -13.352757 -13.352757   5.000000   5.000000   0.755800   0.000071   0.242800  -9.342582    543      0
 7.9181E-02   5.956757   1.609734 -99.000000 -14.750625  -9.219761   0.000000   0.242800   0.000657   0.001400   0.024824      3
 2.2000E+00  -3.158479   2.884115 -29.199910 -99.000000  -7.627079   0.000000   0.000241   0.000146   0.001400  0.000E+00  max increase

 Loading precomputed flux cube from:/home/njm/MESA/mesa/colors/data/stellar_models/Kurucz2003all//flux_cube.bin
 Loaded flux cube with dimensions:          76 x          11 x           9 x        1173
 Performing interpolation at target parameters...
 Interpolation complete
          3   5.956811   4758.752 -13.351941 -13.351941   5.000000   5.000000   0.755800   0.000071   0.242800  -9.342371    541      0
 1.5836E-01   5.956811   1.609676 -99.000000 -14.749809  -9.219471   0.000000   0.242800   0.000657   0.001400   0.024824      2
 3.6400E+00  -3.158306   2.884018 -99.000000 -99.000000  -7.627043   0.000000   0.000241   0.000146   0.001400  0.000E+00  max increase

 Loading precomputed flux cube from:/home/njm/MESA/mesa/colors/data/stellar_models/Kurucz2003all//flux_cube.bin
 Loaded flux cube with dimensions:          76 x          11 x           9 x        1173
 Performing interpolation at target parameters...
 Interpolation complete
          4   5.956877   4758.816 -13.350963 -13.350963   5.000000   5.000000   0.755800   0.000071   0.242800  -9.342117    544      0
 2.3754E-01   5.956877   1.609607 -99.000000 -14.748831  -9.219650   0.000000   0.242800   0.000657   0.001400   0.024824      2
 5.3680E+00  -3.158097   2.883903 -99.000000 -99.000000  -7.627000   0.000000   0.000241   0.000146   0.001400  0.000E+00  max increase

 Loading precomputed flux cube from:/home/njm/MESA/mesa/colors/data/stellar_models/Kurucz2003all//flux_cube.bin
 Loaded flux cube with dimensions:          76 x          11 x           9 x        1173
 Performing interpolation at target parameters...
 Interpolation complete
          5   5.956955   4758.893 -13.349790 -13.349790   5.000000   5.000000   0.755800   0.000071   0.242800  -9.341813    541      0
 3.1672E-01   5.956955   1.609524 -99.000000 -14.747658  -9.219863   0.000000   0.242800   0.000657   0.001400   0.024825      2
 7.4416E+00  -3.157847   2.883765 -99.000000 -99.000000  -7.626949   0.000000   0.000241   0.000146   0.001400  0.000E+00  max increase

 Loading precomputed flux cube from:/home/njm/MESA/mesa/colors/data/stellar_models/Kurucz2003all//flux_cube.bin
 Loaded flux cube with dimensions:          76 x          11 x           9 x        1173
 Performing interpolation at target parameters...
 Interpolation complete
          6   5.957050   4758.985 -13.348384 -13.348384   5.000000   5.000000   0.755800   0.000071   0.242800  -9.341448    544      0
 3.9591E-01   5.957050   1.609424 -99.000000 -14.746252  -9.220119   0.000000   0.242800   0.000657   0.001400   0.024825      2
 9.9299E+00  -3.157548   2.883600 -99.000000 -99.000000  -7.626887   0.000000   0.000241   0.000146   0.001400  0.000E+00  max increase

 Loading precomputed flux cube from:/home/njm/MESA/mesa/colors/data/stellar_models/Kurucz2003all//flux_cube.bin
 Loaded flux cube with dimensions:          76 x          11 x           9 x        1173
 Performing interpolation at target parameters...
 Interpolation complete
          7   5.957162   4759.096 -13.346697 -13.346697   5.000000   5.000000   0.755800   0.000071   0.242800  -9.341011    541      0
 4.7509E-01   5.957162   1.609305 -99.000000 -14.744565  -9.220426   0.000000   0.242800   0.000657   0.001400   0.024825      2
 1.2916E+01  -3.157188   2.883401 -99.000000 -99.000000  -7.626813   0.000000   0.000241   0.000146   0.001400  0.000E+00  max increase

 Loading precomputed flux cube from:/home/njm/MESA/mesa/colors/data/stellar_models/Kurucz2003all//flux_cube.bin
 Loaded flux cube with dimensions:          76 x          11 x           9 x        1173
 Performing interpolation at target parameters...
 Interpolation complete
          8   5.957298   4759.228 -13.344675 -13.344675   5.000000   5.000000   0.755800   0.000071   0.242800  -9.340486    544      0
 5.5427E-01   5.957298   1.609162 -99.000000 -14.742543  -9.220794   0.000000   0.242800   0.000657   0.001400   0.024826      2
 1.6499E+01  -3.156757   2.883163 -99.000000 -99.000000  -7.626724   0.000000   0.000241   0.000146   0.001400  0.000E+00  max increase

 Loading precomputed flux cube from:/home/njm/MESA/mesa/colors/data/stellar_models/Kurucz2003all//flux_cube.bin
 Loaded flux cube with dimensions:          76 x          11 x           9 x        1173
 Performing interpolation at target parameters...
 Interpolation complete
          9   5.957460   4759.387 -13.342251 -13.342251   5.000000   5.000000   0.755800   0.000071   0.242800  -9.339856    541      0
 6.3345E-01   5.957460   1.608990 -99.000000 -14.740119  -9.221235   0.000000   0.242800   0.000657   0.001400   0.024826      2
 2.0799E+01  -3.156241   2.882878 -99.000000 -99.000000  -7.626618   0.000000   0.000241   0.000146   0.001400  0.000E+00  max increase

 Loading precomputed flux cube from:/home/njm/MESA/mesa/colors/data/stellar_models/Kurucz2003all//flux_cube.bin
 Loaded flux cube with dimensions:          76 x          11 x           9 x        1173
 Performing interpolation at target parameters...
 Interpolation complete

__________________________________________________________________________________________________________________________________________________

       step    lg_Tmax     Teff     lg_LH      lg_Lnuc_tot     Mass       H_rich     H_cntr     N_cntr     Y_surf   eta_cntr   zones  retry
  lg_dt_yrs    lg_Tcntr    lg_R     lg_L3a     lg_Lneu     lg_Mdot    He_core    He_cntr    O_cntr     Z_surf   gam_cntr   iters  
    age_yrs    lg_Dcntr    lg_L     lg_LZ      lg_Lphoto   lg_Dsurf   CO_core    C_cntr     Ne_cntr    Z_cntr   v_div_cs       dt_limit
__________________________________________________________________________________________________________________________________________________

         10   5.957654   4759.578 -13.339347 -13.339347   5.000000   5.000000   0.755800   0.000071   0.242800  -9.339101    544      0
 7.1263E-01   5.957654   1.608784 -99.000000 -14.737215  -9.221764   0.000000   0.242800   0.000657   0.001400   0.024827      2
 2.5959E+01  -3.155621   2.882536 -99.000000 -99.000000  -7.626490   0.000000   0.000241   0.000146   0.001400  0.000E+00  max increase

 Loading precomputed flux cube from:/home/njm/MESA/mesa/colors/data/stellar_models/Kurucz2003all//flux_cube.bin
 Loaded flux cube with dimensions:          76 x          11 x           9 x        1173
 Performing interpolation at target parameters...
 Interpolation complete
         11   5.957887   4759.806 -13.335867 -13.335867   5.000000   5.000000   0.755800   0.000071   0.242800  -9.338196    541      0
 7.9181E-01   5.957887   1.608538 -99.000000 -14.733735  -9.222398   0.000000   0.242800   0.000657   0.001400   0.024828      2
 3.2150E+01  -3.154879   2.882126 -99.000000 -99.000000  -7.626337   0.000000   0.000241   0.000146   0.001400  0.000E+00  max increase

 Loading precomputed flux cube from:/home/njm/MESA/mesa/colors/data/stellar_models/Kurucz2003all//flux_cube.bin
 Loaded flux cube with dimensions:          76 x          11 x           9 x        1173
 Performing interpolation at target parameters...
 Interpolation complete
         12   5.958166   4760.079 -13.331700 -13.331700   5.000000   5.000000   0.755800   0.000071   0.242800  -9.337112    544      0
 8.7099E-01   5.958166   1.608242 -99.000000 -14.729568  -9.223158   0.000000   0.242800   0.000657   0.001400   0.024829      2
 3.9581E+01  -3.153990   2.881635 -99.000000 -99.000000  -7.626154   0.000000   0.000241   0.000146   0.001400  0.000E+00  max increase

 Loading precomputed flux cube from:/home/njm/MESA/mesa/colors/data/stellar_models/Kurucz2003all//flux_cube.bin
 Loaded flux cube with dimensions:          76 x          11 x           9 x        1173
 Performing interpolation at target parameters...
 Interpolation complete
         13   5.958500   4760.406 -13.326711 -13.326711   5.000000   5.000000   0.755800   0.000071   0.242800  -9.335812    544      0
 9.5017E-01   5.958500   1.607889 -99.000000 -14.724579  -9.224069   0.000000   0.242800   0.000657   0.001400   0.024830      6
 4.8497E+01  -3.152925   2.881047 -99.000000 -99.000000  -7.625935   0.000000   0.000241   0.000146   0.001400  0.000E+00  max increase

 Loading precomputed flux cube from:/home/njm/MESA/mesa/colors/data/stellar_models/Kurucz2003all//flux_cube.bin
 Loaded flux cube with dimensions:          76 x          11 x           9 x        1173
 Performing interpolation at target parameters...
 Interpolation complete
         14   5.958899   4760.797 -13.320742 -13.320742   5.000000   5.000000   0.755800   0.000071   0.242800  -9.334255    541      0
 1.0294E+00   5.958899   1.607466 -99.000000 -14.718610  -9.225159   0.000000   0.242800   0.000657   0.001400   0.024832      2
 5.9196E+01  -3.151649   2.880344 -99.000000 -99.000000  -7.625672   0.000000   0.000241   0.000146   0.001400  0.000E+00  max increase

 Loading precomputed flux cube from:/home/njm/MESA/mesa/colors/data/stellar_models/Kurucz2003all//flux_cube.bin
 Loaded flux cube with dimensions:          76 x          11 x           9 x        1173
 Performing interpolation at target parameters...
 Interpolation complete
         15   5.959377   4761.266 -13.313604 -13.313604   5.000000   5.000000   0.755800   0.000071   0.242800  -9.332390    544      0
 1.1085E+00   5.959377   1.606959 -99.000000 -14.711472  -9.226463   0.000000   0.242800   0.000657   0.001400   0.024833      2
 7.2035E+01  -3.150123   2.879502 -99.000000 -99.000000  -7.625358   0.000000   0.000241   0.000146   0.001400  0.000E+00  max increase

 Loading precomputed flux cube from:/home/njm/MESA/mesa/colors/data/stellar_models/Kurucz2003all//flux_cube.bin
 Loaded flux cube with dimensions:          76 x          11 x           9 x        1173
 Performing interpolation at target parameters...
 Interpolation complete
         16   5.959947   4761.825 -13.305074 -13.305074   5.000000   5.000000   0.755800   0.000071   0.242800  -9.330157    541      0
 1.1877E+00   5.959947   1.606354 -99.000000 -14.702942  -9.228024   0.000000   0.242800   0.000657   0.001400   0.024836      2
 8.7442E+01  -3.148297   2.878495 -99.000000 -99.000000  -7.624981   0.000000   0.000241   0.000146   0.001400  0.000E+00  max increase

 Loading precomputed flux cube from:/home/njm/MESA/mesa/colors/data/stellar_models/Kurucz2003all//flux_cube.bin
 Loaded flux cube with dimensions:          76 x          11 x           9 x        1173
 Performing interpolation at target parameters...
 Interpolation complete
         17   5.960629   4762.493 -13.294887 -13.294887   5.000000   5.000000   0.755800   0.000071   0.242800  -9.327486    544      0
 1.2669E+00   5.960629   1.605630 -99.000000 -14.692755  -9.229891   0.000000   0.242800   0.000657   0.001400   0.024838      3
 1.0593E+02  -3.146115   2.877292 -28.898880 -99.000000  -7.624532   0.000000   0.000241   0.000146   0.001400  0.000E+00  max increase

 Loading precomputed flux cube from:/home/njm/MESA/mesa/colors/data/stellar_models/Kurucz2003all//flux_cube.bin
 Loaded flux cube with dimensions:          76 x          11 x           9 x        1173
 Performing interpolation at target parameters...
 Interpolation complete
         18   5.961442   4763.289 -13.282735 -13.282735   5.000000   5.000000   0.755800   0.000071   0.242800  -9.324291    541      0
 1.3461E+00   5.961442   1.604767 -99.000000 -14.680603  -9.232121   0.000000   0.242800   0.000657   0.001400   0.024842      3
 1.2812E+02  -3.143508   2.875855 -99.000000 -99.000000  -7.623994   0.000000   0.000241   0.000146   0.001400  0.000E+00  max increase

 Loading precomputed flux cube from:/home/njm/MESA/mesa/colors/data/stellar_models/Kurucz2003all//flux_cube.bin
 Loaded flux cube with dimensions:          76 x          11 x           9 x        1173
 Performing interpolation at target parameters...
 Interpolation complete
         19   5.962410   4764.238 -13.268252 -13.268252   5.000000   5.000000   0.755800   0.000071   0.242800  -9.320473    544      0
 1.4253E+00   5.962410   1.603737 -99.000000 -14.666120  -9.234785   0.000000   0.242800   0.000657   0.001400   0.024845      3
 1.5474E+02  -3.140397   2.874141 -99.000000 -99.000000  -7.623352   0.000000   0.000241   0.000146   0.001400  0.000E+00  max increase

 Loading precomputed flux cube from:/home/njm/MESA/mesa/colors/data/stellar_models/Kurucz2003all//flux_cube.bin
 Loaded flux cube with dimensions:          76 x          11 x           9 x        1173
 Performing interpolation at target parameters...
 Interpolation complete

__________________________________________________________________________________________________________________________________________________

       step    lg_Tmax     Teff     lg_LH      lg_Lnuc_tot     Mass       H_rich     H_cntr     N_cntr     Y_surf   eta_cntr   zones  retry
  lg_dt_yrs    lg_Tcntr    lg_R     lg_L3a     lg_Lneu     lg_Mdot    He_core    He_cntr    O_cntr     Z_surf   gam_cntr   iters  
    age_yrs    lg_Dcntr    lg_L     lg_LZ      lg_Lphoto   lg_Dsurf   CO_core    C_cntr     Ne_cntr    Z_cntr   v_div_cs       dt_limit
__________________________________________________________________________________________________________________________________________________

         20   5.963563   4765.367 -13.251017 -13.251017   5.000000   5.000000   0.755800   0.000071   0.242800  -9.315913    541      0
 1.5044E+00   5.963563   1.602510 -99.000000 -14.648885  -9.237961   0.000000   0.242800   0.000657   0.001400   0.024850      3
 1.8669E+02  -3.136688   2.872099 -99.000000 -99.000000  -7.622586   0.000000   0.000241   0.000146   0.001400  0.000E+00  max increase

 Loading precomputed flux cube from:/home/njm/MESA/mesa/colors/data/stellar_models/Kurucz2003all//flux_cube.bin
 Loaded flux cube with dimensions:          76 x          11 x           9 x        1173
 Performing interpolation at target parameters...
 Interpolation complete
         21   5.964932   4766.706 -13.230539 -13.230539   5.000000   5.000000   0.755800   0.000071   0.242800  -9.310473    544      0
 1.5836E+00   5.964932   1.601051 -99.000000 -14.628407  -9.241746   0.000000   0.242800   0.000657   0.001400   0.024856      3
 2.2503E+02  -3.132271   2.869669 -99.000000 -99.000000  -7.621673   0.000000   0.000241   0.000146   0.001400  0.000E+00  max increase

 Loading precomputed flux cube from:/home/njm/MESA/mesa/colors/data/stellar_models/Kurucz2003all//flux_cube.bin
 Loaded flux cube with dimensions:          76 x          11 x           9 x        1173
 Performing interpolation at target parameters...
 Interpolation complete
         22   5.966555   4768.293 -13.206253 -13.206253   5.000000   5.000000   0.755800   0.000071   0.242800  -9.303988    541      0
 1.6628E+00   5.966555   1.599318 -99.000000 -14.604121  -9.246250   0.000000   0.242800   0.000657   0.001400   0.024863      3
 2.7103E+02  -3.127020   2.866781 -99.000000 -99.000000  -7.620586   0.000000   0.000241   0.000146   0.001400  0.000E+00  max increase

 Loading precomputed flux cube from:/home/njm/MESA/mesa/colors/data/stellar_models/Kurucz2003all//flux_cube.bin
 Loaded flux cube with dimensions:          76 x          11 x           9 x        1173
 Performing interpolation at target parameters...
 Interpolation complete
         23   5.968475   4770.166 -13.177513 -13.177513   5.000000   5.000000   0.755800   0.000071   0.242800  -9.296269    544      0
 1.7420E+00   5.968475   1.597264 -99.000000 -14.575381  -9.251601   0.000000   0.242800   0.000657   0.001400   0.024872      3
 3.2624E+02  -3.120787   2.863355 -99.000000 -99.000000  -7.619292   0.000000   0.000241   0.000146   0.001400  0.000E+00  max increase

 Loading precomputed flux cube from:/home/njm/MESA/mesa/colors/data/stellar_models/Kurucz2003all//flux_cube.bin
 Loaded flux cube with dimensions:          76 x          11 x           9 x        1173
 Performing interpolation at target parameters...
 Interpolation complete
         24   5.970741   4772.370 -13.143591 -13.143591   5.000000   5.000000   0.755800   0.000071   0.242800  -9.287092    541      0
 1.8212E+00   5.970741   1.594835 -99.000000 -14.541459  -9.257947   0.000000   0.242800   0.000657   0.001400   0.024884      3
 3.9248E+02  -3.113403   2.859300 -99.000000 -99.000000  -7.617754   0.000000   0.000241   0.000146   0.001400  0.000E+00  max increase

 Loading precomputed flux cube from:/home/njm/MESA/mesa/colors/data/stellar_models/Kurucz2003all//flux_cube.bin
 Loaded flux cube with dimensions:          76 x          11 x           9 x        1173
 Performing interpolation at target parameters...
 Interpolation complete
         25   5.973405   4774.947 -13.103674 -13.103674   5.000000   5.000000   0.755800   0.000071   0.242800  -9.276201    543      0
 1.9003E+00   5.973405   1.591971 -99.000000 -14.501542  -9.265456   0.000000   0.242800   0.000657   0.001400   0.024898      3
 4.7198E+02  -3.104676   2.854509 -99.000000 -99.000000  -7.615924   0.000000   0.000241   0.000146   0.001400  0.000E+00  max increase

 Loading precomputed flux cube from:/home/njm/MESA/mesa/colors/data/stellar_models/Kurucz2003all//flux_cube.bin
 Loaded flux cube with dimensions:          76 x          11 x           9 x        1173
 Performing interpolation at target parameters...
 Interpolation complete
         26   5.976529   4778.162 -13.056857 -13.056857   5.000000   5.000000   0.755800   0.000071   0.242800  -9.263298    541      0
 1.9795E+00   5.976529   1.588602 -99.000000 -14.454725  -9.274325   0.000000   0.242800   0.000657   0.001400   0.024915      3
 5.6738E+02  -3.094387   2.848942 -28.597850 -99.000000  -7.613896   0.000000   0.000241   0.000146   0.001400  0.000E+00  max increase

 Loading precomputed flux cube from:/home/njm/MESA/mesa/colors/data/stellar_models/Kurucz2003all//flux_cube.bin
 Loaded flux cube with dimensions:          76 x          11 x           9 x        1173
 Performing interpolation at target parameters...
 Interpolation complete
         27   5.980175   4781.695 -13.002177 -13.002177   5.000000   5.000000   0.755800   0.000071   0.242800  -9.248050    546      0
 2.0587E+00   5.980175   1.584657 -99.000000 -14.400045  -9.284663   0.000000   0.242800   0.000657   0.001400   0.024937      3
 6.8185E+02  -3.082295   2.842334 -99.000000 -99.000000  -7.611363   0.000000   0.000241   0.000146   0.001400  0.000E+00  max increase

 Loading precomputed flux cube from:/home/njm/MESA/mesa/colors/data/stellar_models/Kurucz2003all//flux_cube.bin
 Loaded flux cube with dimensions:          76 x          11 x           9 x        1173
 Performing interpolation at target parameters...
 Interpolation complete
         28   5.984411   4785.761 -12.938611 -12.938611   5.000000   5.000000   0.755800   0.000071   0.242800  -9.230079    542      0
 2.1379E+00   5.984411   1.580053 -99.000000 -14.336479  -9.296890   0.000000   0.242800   0.000657   0.001400   0.024965      4
 8.1922E+02  -3.068136   2.834605 -99.000000 -99.000000  -7.608366   0.000000   0.000241   0.000146   0.001400  0.000E+00  max increase

 Loading precomputed flux cube from:/home/njm/MESA/mesa/colors/data/stellar_models/Kurucz2003all//flux_cube.bin
 Loaded flux cube with dimensions:          76 x          11 x           9 x        1173
 Performing interpolation at target parameters...
 Interpolation complete
         29   5.989317   4791.823 -12.865007 -12.865007   4.999999   4.999999   0.755800   0.000071   0.242800  -9.208965    552      0
 2.2171E+00   5.989317   1.574701 -99.000000 -14.262875  -9.311182   0.000000   0.242800   0.000657   0.001400   0.025000      3
 9.8407E+02  -3.051607   2.826100 -99.000000 -99.000000  -7.605790   0.000000   0.000241   0.000146   0.001400  0.000E+00  max increase

 Loading precomputed flux cube from:/home/njm/MESA/mesa/colors/data/stellar_models/Kurucz2003all//flux_cube.bin
 Loaded flux cube with dimensions:          76 x          11 x           9 x        1173
 Performing interpolation at target parameters...
 Interpolation complete

__________________________________________________________________________________________________________________________________________________

       step    lg_Tmax     Teff     lg_LH      lg_Lnuc_tot     Mass       H_rich     H_cntr     N_cntr     Y_surf   eta_cntr   zones  retry
  lg_dt_yrs    lg_Tcntr    lg_R     lg_L3a     lg_Lneu     lg_Mdot    He_core    He_cntr    O_cntr     Z_surf   gam_cntr   iters  
    age_yrs    lg_Dcntr    lg_L     lg_LZ      lg_Lphoto   lg_Dsurf   CO_core    C_cntr     Ne_cntr    Z_cntr   v_div_cs       dt_limit
__________________________________________________________________________________________________________________________________________________

         30   5.994958   4797.507 -12.780370 -12.780370   4.999999   4.999999   0.755800   0.000071   0.242800  -9.184254    549      0
 2.2963E+00   5.994958   1.568519 -99.000000 -14.178238  -9.327149   0.000000   0.242800   0.000657   0.001400   0.025043      4
 1.1819E+03  -3.032412   2.815794 -99.000000 -99.000000  -7.601911   0.000000   0.000241   0.000146   0.001400  0.000E+00  max increase

 Loading precomputed flux cube from:/home/njm/MESA/mesa/colors/data/stellar_models/Kurucz2003all//flux_cube.bin
 Loaded flux cube with dimensions:          76 x          11 x           9 x        1173
 Performing interpolation at target parameters...
 Interpolation complete
         31   6.001407   4804.035 -12.683671 -12.683671   4.999999   4.999999   0.755800   0.000071   0.242800  -9.155452    551      0
 2.3754E+00   6.001407   1.561419 -99.000000 -14.081539  -9.346242   0.000000   0.242800   0.000657   0.001400   0.025098      4
 1.4193E+03  -3.010229   2.803955 -99.000000 -99.000000  -7.597453   0.000000   0.000241   0.000146   0.001400  0.000E+00  max increase

 Loading precomputed flux cube from:/home/njm/MESA/mesa/colors/data/stellar_models/Kurucz2003all//flux_cube.bin
 Loaded flux cube with dimensions:          76 x          11 x           9 x        1173
 Performing interpolation at target parameters...
 Interpolation complete
         32   6.008730   4811.337 -12.573985 -12.573985   4.999999   4.999999   0.755800   0.000071   0.242800  -9.122042    549      0
 2.4546E+00   6.008730   1.553317 -99.000000 -13.971853  -9.368175   0.000000   0.242800   0.000657   0.001400   0.025166      4
 1.7041E+03  -2.984734   2.790391 -99.000000 -99.000000  -7.592261   0.000000   0.000241   0.000146   0.001400  0.000E+00  max increase

 Loading precomputed flux cube from:/home/njm/MESA/mesa/colors/data/stellar_models/Kurucz2003all//flux_cube.bin
 Loaded flux cube with dimensions:          76 x          11 x           9 x        1173
 Performing interpolation at target parameters...
 Interpolation complete
         33   6.016993   4820.102 -12.450450 -12.450450   4.999999   4.999999   0.755800   0.000071   0.242800  -9.083487    549      0
 2.5338E+00   6.016993   1.544136 -99.000000 -13.848318  -9.393275   0.000000   0.242800   0.000657   0.001400   0.025250      4
 2.0459E+03  -2.955594   2.775191 -99.000000 -99.000000  -7.586703   0.000000   0.000241   0.000146   0.001400  0.000E+00  max increase

 Loading precomputed flux cube from:/home/njm/MESA/mesa/colors/data/stellar_models/Kurucz2003all//flux_cube.bin
 Loaded flux cube with dimensions:          76 x          11 x           9 x        1173
 Performing interpolation at target parameters...
 Interpolation complete
         34   6.026243   4829.192 -12.312530 -12.312530   4.999999   4.999999   0.755800   0.000071   0.242800  -9.039249    547      0
 2.6130E+00   6.026243   1.533819 -99.000000 -13.710398  -9.421489   0.000000   0.242800   0.000657   0.001400   0.025354      4
 2.4561E+03  -2.922507   2.757830 -99.000000 -99.000000  -7.579927   0.000000   0.000241   0.000146   0.001400  0.000E+00  max increase

 Loading precomputed flux cube from:/home/njm/MESA/mesa/colors/data/stellar_models/Kurucz2003all//flux_cube.bin
 Loaded flux cube with dimensions:          76 x          11 x           9 x        1173
 Performing interpolation at target parameters...
 Interpolation complete
         35   6.036541   4840.950 -12.159599 -12.159599   4.999999   4.999999   0.755800   0.000071   0.242800  -8.988801    555      0
 2.6922E+00   6.036541   1.522304 -99.000000 -13.557467  -9.453573   0.000000   0.242800   0.000657   0.001400   0.025480      4
 2.9483E+03  -2.885149   2.739024 -27.995790 -99.000000  -7.573459   0.000000   0.000241   0.000146   0.001400  0.000E+00  max increase

 Loading precomputed flux cube from:/home/njm/MESA/mesa/colors/data/stellar_models/Kurucz2003all//flux_cube.bin
 Loaded flux cube with dimensions:          76 x          11 x           9 x        1173
 Performing interpolation at target parameters...
 Interpolation complete
         36   6.047903   4852.258 -11.991707 -11.991707   4.999998   4.999998   0.755800   0.000071   0.242800  -8.931657    548      0
 2.7713E+00   6.047903   1.509584 -99.000000 -13.389575  -9.488610   0.000000   0.242800   0.000657   0.001400   0.025632      4
 3.5390E+03  -2.843288   2.717638 -99.000000 -99.000000  -7.565141   0.000000   0.000241   0.000146   0.001400  0.000E+00  max increase

 Loading precomputed flux cube from:/home/njm/MESA/mesa/colors/data/stellar_models/Kurucz2003all//flux_cube.bin
 Loaded flux cube with dimensions:          76 x          11 x           9 x        1173
 Performing interpolation at target parameters...
 Interpolation complete
         37   6.060379   4866.587 -11.808598 -11.808598   4.999998   4.999998   0.755800   0.000071   0.242800  -8.867378    555      0
 2.8505E+00   6.060379   1.495640 -99.000000 -13.206466  -9.528140   0.000000   0.242800   0.000657   0.001400   0.025814      4
 4.2478E+03  -2.796656   2.694871 -99.000000 -99.000000  -7.557335   0.000000   0.000241   0.000146   0.001400  0.000E+00  max increase

 Loading precomputed flux cube from:/home/njm/MESA/mesa/colors/data/stellar_models/Kurucz2003all//flux_cube.bin
 Loaded flux cube with dimensions:          76 x          11 x           9 x        1173
 Performing interpolation at target parameters...
 Interpolation complete
         38   6.073971   4880.773 -11.610739 -11.610739   4.999998   4.999998   0.755800   0.000071   0.242800  -8.795608    556      0
 2.9297E+00   6.073971   1.480519 -99.000000 -13.008606  -9.570561   0.000000   0.242800   0.000657   0.001400   0.026029      4
 5.0984E+03  -2.745097   2.669685 -99.000000 -99.000000  -7.547912   0.000000   0.000241   0.000146   0.001400  0.000E+00  max increase

 Loading precomputed flux cube from:/home/njm/MESA/mesa/colors/data/stellar_models/Kurucz2003all//flux_cube.bin
 Loaded flux cube with dimensions:          76 x          11 x           9 x        1173
 Performing interpolation at target parameters...
 Interpolation complete
         39   6.087571   4895.893 -11.414465 -11.414465   4.999998   4.999998   0.755800   0.000071   0.242800  -8.721961    560      0
 2.9719E+00   6.087571   1.465503 -99.000000 -12.812333  -9.617233   0.000000   0.242800   0.000657   0.001400   0.026261      4
 6.0357E+03  -2.692711   2.645028 -27.092700 -99.000000  -7.539244   0.000000   0.000241   0.000146   0.001400  0.000E+00    lgRho_cntr

 Loading precomputed flux cube from:/home/njm/MESA/mesa/colors/data/stellar_models/Kurucz2003all//flux_cube.bin
 Loaded flux cube with dimensions:          76 x          11 x           9 x        1173
 Performing interpolation at target parameters...
 Interpolation complete

__________________________________________________________________________________________________________________________________________________

       step    lg_Tmax     Teff     lg_LH      lg_Lnuc_tot     Mass       H_rich     H_cntr     N_cntr     Y_surf   eta_cntr   zones  retry
  lg_dt_yrs    lg_Tcntr    lg_R     lg_L3a     lg_Lneu     lg_Mdot    He_core    He_cntr    O_cntr     Z_surf   gam_cntr   iters  
    age_yrs    lg_Dcntr    lg_L     lg_LZ      lg_Lphoto   lg_Dsurf   CO_core    C_cntr     Ne_cntr    Z_cntr   v_div_cs       dt_limit
__________________________________________________________________________________________________________________________________________________

         40   6.099487   4907.879 -11.243728 -11.243728   4.999998   4.999998   0.755800   0.000071   0.242800  -8.655611    562      0
 2.9530E+00   6.099487   1.452470 -99.000000 -12.641596  -9.663104   0.000000   0.242800   0.000657   0.001400   0.026483      4
 6.9331E+03  -2.646019   2.623209 -99.000000 -99.000000  -7.530909   0.000000   0.000241   0.000146   0.001400  0.000E+00    lgRho_cntr

 Loading precomputed flux cube from:/home/njm/MESA/mesa/colors/data/stellar_models/Kurucz2003all//flux_cube.bin
 Loaded flux cube with dimensions:          76 x          11 x           9 x        1173
 Performing interpolation at target parameters...
 Interpolation complete
         41   6.112377   4922.503 -11.061142 -11.061142   4.999997   4.999997   0.755800   0.000071   0.242800  -8.583263    558      0
 3.0226E+00   6.112377   1.438604 -99.000000 -12.459009  -9.703482   0.000000   0.242800   0.000657   0.001400   0.026730      4
 7.9865E+03  -2.595262   2.600646 -99.000000 -99.000000  -7.523322   0.000000   0.000241   0.000146   0.001400  0.000E+00    varcontrol

 Loading precomputed flux cube from:/home/njm/MESA/mesa/colors/data/stellar_models/Kurucz2003all//flux_cube.bin
 Loaded flux cube with dimensions:          76 x          11 x           9 x        1173
 Performing interpolation at target parameters...
 Interpolation complete
         42   6.125689   4935.905 -10.874748 -10.874748   4.999997   4.999997   0.755800   0.000071   0.242800  -8.507823    563      0
 3.0736E+00   6.125689   1.424580 -99.000000 -12.272616  -9.745561   0.000000   0.242800   0.000657   0.001400   0.026993      4
 9.1711E+03  -2.542528   2.577321 -99.000000 -99.000000  -7.514657   0.000000   0.000241   0.000146   0.001400  0.000E+00    lgRho_cntr

 Loading precomputed flux cube from:/home/njm/MESA/mesa/colors/data/stellar_models/Kurucz2003all//flux_cube.bin
 Loaded flux cube with dimensions:          76 x          11 x           9 x        1173
 Performing interpolation at target parameters...
 Interpolation complete
         43   6.137469   4949.657 -10.711365 -10.711365   4.999997   4.999997   0.755800   0.000071   0.242800  -8.440180    569      0
 3.0534E+00   6.137469   1.412441 -99.000000 -12.109233  -9.788802   0.000000   0.242800   0.000657   0.001400   0.027237      4
 1.0302E+04  -2.495479   2.557876 -99.000000 -99.000000  -7.508640   0.000000   0.000241   0.000146   0.001400  0.000E+00    lgRho_cntr

 Loading precomputed flux cube from:/home/njm/MESA/mesa/colors/data/stellar_models/Kurucz2003all//flux_cube.bin
 Loaded flux cube with dimensions:          76 x          11 x           9 x        1173
 Performing interpolation at target parameters...
 Interpolation complete
         44   6.150456   4962.830 -10.533531 -10.533531   4.999997   4.999997   0.755800   0.000071   0.242800  -8.365792    566      0
 3.1278E+00   6.150456   1.399443 -99.000000 -11.931398  -9.825225   0.000000   0.242800   0.000657   0.001400   0.027507      4
 1.1644E+04  -2.443691   2.536497 -99.000000 -99.000000  -7.501094   0.000000   0.000241   0.000146   0.001400  0.000E+00    varcontrol

 Loading precomputed flux cube from:/home/njm/MESA/mesa/colors/data/stellar_models/Kurucz2003all//flux_cube.bin
 Loaded flux cube with dimensions:          76 x          11 x           9 x        1173
 Performing interpolation at target parameters...
 Interpolation complete
         45   6.164048   4976.745 -10.349715 -10.349715   4.999997   4.999997   0.755800   0.000071   0.242800  -8.288027    569      0
 3.1806E+00   6.164048   1.386302 -99.000000 -11.747583  -9.864979   0.000000   0.242800   0.000657   0.001400   0.027791      4
 1.3160E+04  -2.389528   2.515078 -99.000000 -99.000000  -7.493862   0.000000   0.000241   0.000146   0.001400  0.000E+00    lgRho_cntr

 Loading precomputed flux cube from:/home/njm/MESA/mesa/colors/data/stellar_models/Kurucz2003all//flux_cube.bin
 Loaded flux cube with dimensions:          76 x          11 x           9 x        1173
 Performing interpolation at target parameters...
 Interpolation complete
         46   6.175991   4988.268 -10.189672 -10.189672   4.999996   4.999996   0.755800   0.000071   0.242800  -8.219146    567      0
 3.1549E+00   6.175991   1.375174 -99.000000 -11.587540  -9.904907   0.000000   0.242800   0.000657   0.001400   0.028048      4
 1.4588E+04  -2.341697   2.496840 -99.000000 -99.000000  -7.487540   0.000000   0.000241   0.000146   0.001400  0.000E+00    lgRho_cntr

 Loading precomputed flux cube from:/home/njm/MESA/mesa/colors/data/stellar_models/Kurucz2003all//flux_cube.bin
 Loaded flux cube with dimensions:          76 x          11 x           9 x        1173
 Performing interpolation at target parameters...
 Interpolation complete
         47   6.189360   5002.861 -10.012862 -10.012862   4.999996   4.999996   0.755800   0.000071   0.242800  -8.143017    574      0
 3.2316E+00   6.189360   1.363252 -99.000000 -11.410730  -9.938853   0.000000   0.242800   0.000657   0.001400   0.028329      4
 1.6293E+04  -2.288579   2.478071 -99.000000 -99.000000  -7.482329   0.000000   0.000241   0.000146   0.001400  0.000E+00    varcontrol

 Loading precomputed flux cube from:/home/njm/MESA/mesa/colors/data/stellar_models/Kurucz2003all//flux_cube.bin
 Loaded flux cube with dimensions:          76 x          11 x           9 x        1173
 Performing interpolation at target parameters...
 Interpolation complete
         48   6.203488   5016.464  -9.828396  -9.828396   4.999996   4.999996   0.755800   0.000071   0.242800  -8.063354    570      0
 3.2849E+00   6.203488   1.351318 -99.000000 -11.226264  -9.974182   0.000000   0.242800   0.000657   0.001400   0.028622      4
 1.8220E+04  -2.232787   2.458921 -99.000000 -99.000000  -7.476393   0.000000   0.000241   0.000146   0.001400  0.000E+00    lgRho_cntr

 Loading precomputed flux cube from:/home/njm/MESA/mesa/colors/data/stellar_models/Kurucz2003all//flux_cube.bin
 Loaded flux cube with dimensions:          76 x          11 x           9 x        1173
 Performing interpolation at target parameters...
 Interpolation complete
         49   6.215850   5029.200  -9.668530  -9.668530   4.999996   4.999996   0.755800   0.000071   0.242800  -7.993678    579      0
 3.2531E+00   6.215850   1.341475 -99.000000 -11.066398 -10.010035   0.000000   0.242800   0.000657   0.001400   0.028881      4
 2.0011E+04  -2.183982   2.443639 -99.000000 -99.000000  -7.472551   0.000000   0.000241   0.000146   0.001400  0.000E+00    lgRho_cntr

 Loading precomputed flux cube from:/home/njm/MESA/mesa/colors/data/stellar_models/Kurucz2003all//flux_cube.bin
 Loaded flux cube with dimensions:          76 x          11 x           9 x        1173
 Performing interpolation at target parameters...
 Interpolation complete

__________________________________________________________________________________________________________________________________________________

       step    lg_Tmax     Teff     lg_LH      lg_Lnuc_tot     Mass       H_rich     H_cntr     N_cntr     Y_surf   eta_cntr   zones  retry
  lg_dt_yrs    lg_Tcntr    lg_R     lg_L3a     lg_Lneu     lg_Mdot    He_core    He_cntr    O_cntr     Z_surf   gam_cntr   iters  
    age_yrs    lg_Dcntr    lg_L     lg_LZ      lg_Lphoto   lg_Dsurf   CO_core    C_cntr     Ne_cntr    Z_cntr   v_div_cs       dt_limit
__________________________________________________________________________________________________________________________________________________

         50   6.229889   5043.239  -9.489427  -9.489427   4.999996   4.999996   0.755800   0.000071   0.242800  -7.916216    576      0
 3.3323E+00   6.229889   1.331047 -99.000000 -10.887294 -10.038915   0.000000   0.242800   0.000657   0.001400   0.029161      4
 2.2160E+04  -2.129280   2.427625 -99.000000 -99.000000  -7.468858   0.000000   0.000241   0.000146   0.001400  0.000E+00  max increase

save LOGS/profile2.data for model 50
 Loading precomputed flux cube from:/home/njm/MESA/mesa/colors/data/stellar_models/Kurucz2003all//flux_cube.bin
 Loaded flux cube with dimensions:          76 x          11 x           9 x        1173
 Performing interpolation at target parameters...
 Interpolation complete
save photos/x050 for model 50
         51   6.244945   5057.639  -9.299885  -9.299885   4.999995   4.999995   0.755800   0.000071   0.242800  -7.834745    581      0
 3.3874E+00   6.244945   1.320811 -99.000000 -10.697752 -10.069272   0.000000   0.242800   0.000657   0.001400   0.029449      4
 2.4600E+04  -2.071312   2.412107 -99.000000 -99.000000  -7.465663   0.000000   0.000241   0.000146   0.001400  0.000E+00    lgRho_cntr

 Loading precomputed flux cube from:/home/njm/MESA/mesa/colors/data/stellar_models/Kurucz2003all//flux_cube.bin
 Loaded flux cube with dimensions:          76 x          11 x           9 x        1173
 Performing interpolation at target parameters...
 Interpolation complete
         52   6.257999   5070.590  -9.137027  -9.137027   4.999995   4.999995   0.755800   0.000071   0.242800  -7.764515    577      0
 3.3478E+00   6.257999   1.312803 -99.000000 -10.534894 -10.098799   0.000000   0.242800   0.000657   0.001400   0.029697      4
 2.6828E+04  -2.021228   2.400534 -99.000000 -99.000000  -7.464351   0.000000   0.000241   0.000146   0.001400  0.000E+00    lgRho_cntr

 Loading precomputed flux cube from:/home/njm/MESA/mesa/colors/data/stellar_models/Kurucz2003all//flux_cube.bin
 Loaded flux cube with dimensions:          76 x          11 x           9 x        1173
 Performing interpolation at target parameters...
 Interpolation complete
         53   6.270337   5082.424  -8.984537  -8.984537   4.999995   4.999995   0.755800   0.000071   0.242800  -7.699042    580      0
 3.3415E+00   6.270337   1.306059 -99.000000 -10.382404 -10.121133   0.000000   0.242800   0.000657   0.001400   0.029924      4
 2.9023E+04  -1.974283   2.391095 -99.000000 -99.000000  -7.463902   0.000000   0.000241   0.000146   0.001400  0.000E+00    lgRho_cntr

 Loading precomputed flux cube from:/home/njm/MESA/mesa/colors/data/stellar_models/Kurucz2003all//flux_cube.bin
 Loaded flux cube with dimensions:          76 x          11 x           9 x        1173
 Performing interpolation at target parameters...
 Interpolation complete
         54   6.284587   5095.759  -8.810544  -8.810544   4.999995   4.999995   0.755800   0.000071   0.242800  -7.625594    579      0
 3.4207E+00   6.284587   1.299313 -99.000000 -10.208411 -10.139527   0.000000   0.242800   0.000657   0.001400   0.030167      4
 3.1658E+04  -1.921008   2.382154 -99.000000 -99.000000  -7.464516   0.000000   0.000241   0.000146   0.001400  0.000E+00  max increase

 Loading precomputed flux cube from:/home/njm/MESA/mesa/colors/data/stellar_models/Kurucz2003all//flux_cube.bin
 Loaded flux cube with dimensions:          76 x          11 x           9 x        1173
 Performing interpolation at target parameters...
 Interpolation complete
         55   6.300920   5112.228  -8.613572  -8.613572   4.999995   4.999995   0.755800   0.000071   0.242800  -7.544045    587      0
 3.4968E+00   6.300920   1.293008 -99.000000 -10.011439 -10.157251   0.000000   0.242800   0.000657   0.001400   0.030421      4
 3.4797E+04  -1.861090   2.375151 -99.000000 -99.000000  -7.467944   0.000000   0.000241   0.000146   0.001400  0.000E+00    lgRho_cntr

 Loading precomputed flux cube from:/home/njm/MESA/mesa/colors/data/stellar_models/Kurucz2003all//flux_cube.bin
 Loaded flux cube with dimensions:          76 x          11 x           9 x        1173
 Performing interpolation at target parameters...
 Interpolation complete
         56   6.315090   5125.892  -8.443912  -8.443912   4.999995   4.999995   0.755800   0.000071   0.242800  -7.473981    583      0
 3.4512E+00   6.315090   1.289018 -99.000000  -9.841779 -10.171989   0.000000   0.242800   0.000657   0.001400   0.030636      4
 3.7623E+04  -1.809404   2.371808 -99.000000 -99.000000  -7.472431   0.000000   0.000241   0.000146   0.001400  0.000E+00    lgRho_cntr

 Loading precomputed flux cube from:/home/njm/MESA/mesa/colors/data/stellar_models/Kurucz2003all//flux_cube.bin
 Loaded flux cube with dimensions:          76 x          11 x           9 x        1173
 Performing interpolation at target parameters...
 Interpolation complete
         57   6.328517   5139.118  -8.284400  -8.284400   4.999994   4.999994   0.755800   0.000071   0.242800  -7.408784    583      0
 3.4394E+00   6.328517   1.286652 -99.000000  -9.682267 -10.179846   0.000000   0.242800   0.000657   0.001400   0.030829      4
 4.0374E+04  -1.760946   2.371551 -99.000000 -99.000000  -7.478757   0.000000   0.000241   0.000146   0.001400  0.000E+00    lgRho_cntr

 Loading precomputed flux cube from:/home/njm/MESA/mesa/colors/data/stellar_models/Kurucz2003all//flux_cube.bin
 Loaded flux cube with dimensions:          76 x          11 x           9 x        1173
 Performing interpolation at target parameters...
 Interpolation complete
         58   6.344337   5155.607  -8.098544  -8.098544   4.999994   4.999994   0.755800   0.000071   0.242800  -7.334791    585      0
 3.5186E+00   6.344337   1.285629 -99.000000  -9.496410 -10.182175   0.000000   0.242800   0.000657   0.001400   0.031028      4
 4.3674E+04  -1.705078   2.375071 -99.000000 -99.000000  -7.489213   0.000000   0.000241   0.000146   0.001400  0.000E+00  max increase

 Loading precomputed flux cube from:/home/njm/MESA/mesa/colors/data/stellar_models/Kurucz2003all//flux_cube.bin
 Loaded flux cube with dimensions:          76 x          11 x           9 x        1173
 Performing interpolation at target parameters...
 Interpolation complete
         59   6.363063   5175.698  -7.881373  -7.881373   4.999994   4.999994   0.755800   0.000071   0.242800  -7.250995    585      0
 3.5978E+00   6.363063   1.286949 -99.000000  -9.279238 -10.178280   0.000000   0.242800   0.000657   0.001400   0.031227      5
 4.7635E+04  -1.640594   2.384466 -99.000000 -99.000000  -7.505392   0.000000   0.000241   0.000146   0.001400  0.000E+00    lgRho_cntr

 Loading precomputed flux cube from:/home/njm/MESA/mesa/colors/data/stellar_models/Kurucz2003all//flux_cube.bin
 Loaded flux cube with dimensions:          76 x          11 x           9 x        1173
 Performing interpolation at target parameters...
 Interpolation complete

__________________________________________________________________________________________________________________________________________________

       step    lg_Tmax     Teff     lg_LH      lg_Lnuc_tot     Mass       H_rich     H_cntr     N_cntr     Y_surf   eta_cntr   zones  retry
  lg_dt_yrs    lg_Tcntr    lg_R     lg_L3a     lg_Lneu     lg_Mdot    He_core    He_cntr    O_cntr     Z_surf   gam_cntr   iters  
    age_yrs    lg_Dcntr    lg_L     lg_LZ      lg_Lphoto   lg_Dsurf   CO_core    C_cntr     Ne_cntr    Z_cntr   v_div_cs       dt_limit
__________________________________________________________________________________________________________________________________________________

         60   6.379214   5194.678  -7.695730  -7.695730   4.999994   4.999994   0.755800   0.000071   0.242800  -7.180168    586      0
 3.5383E+00   6.379214   1.290817 -99.000000  -9.093595 -10.164491   0.000000   0.242800   0.000657   0.001400   0.031384      5
 5.1089E+04  -1.585604   2.398562 -99.000000 -99.000000  -7.524208   0.000000   0.000241   0.000146   0.001400  0.000E+00    lgRho_cntr

 Loading precomputed flux cube from:/home/njm/MESA/mesa/colors/data/stellar_models/Kurucz2003all//flux_cube.bin
 Loaded flux cube with dimensions:          76 x          11 x           9 x        1173
 Performing interpolation at target parameters...
 Interpolation complete
         61   6.394535   5214.039  -7.521379  -7.521379   4.999993   4.999993   0.755800   0.000071   0.242800  -7.114973    588      0
 3.5152E+00   6.394535   1.296668 -99.000000  -8.919244 -10.142221   0.000000   0.242800   0.000657   0.001400   0.031513      4
 5.4364E+04  -1.534307   2.416727 -23.179310 -99.000000  -7.545994   0.000000   0.000241   0.000146   0.001400  0.000E+00    lgRho_cntr

 Loading precomputed flux cube from:/home/njm/MESA/mesa/colors/data/stellar_models/Kurucz2003all//flux_cube.bin
 Loaded flux cube with dimensions:          76 x          11 x           9 x        1173
 Performing interpolation at target parameters...
 Interpolation complete
         62   6.409688   5235.371  -7.350671  -7.350671   4.999993   4.999993   0.755800   0.000071   0.242800  -7.052537    588      0
 3.5079E+00   6.409688   1.303822 -99.000000  -8.748536 -10.112793   0.000000   0.242800   0.000657   0.001400   0.031619      4
 5.7584E+04  -1.484457   2.438128 -99.000000 -99.000000  -7.571010   0.000000   0.000241   0.000146   0.001400  0.000E+00    lgRho_cntr

 Loading precomputed flux cube from:/home/njm/MESA/mesa/colors/data/stellar_models/Kurucz2003all//flux_cube.bin
 Loaded flux cube with dimensions:          76 x          11 x           9 x        1173
 Performing interpolation at target parameters...
 Interpolation complete
         63   6.426819   5262.785  -7.159971  -7.159971   4.999993   4.999993   0.755800   0.000071   0.242800  -6.984644    588      0
 3.5572E+00   6.426819   1.311519 -99.000000  -8.557836 -10.077908   0.000000   0.242800   0.000657   0.001400   0.031711      5
 6.1192E+04  -1.429271   2.462595 -22.878280 -99.000000  -7.601246   0.000000   0.000241   0.000146   0.001400  0.000E+00    varcontrol

 Loading precomputed flux cube from:/home/njm/MESA/mesa/colors/data/stellar_models/Kurucz2003all//flux_cube.bin
 Loaded flux cube with dimensions:          76 x          11 x           9 x        1173
 Performing interpolation at target parameters...
 Interpolation complete
         64   6.445091   5296.646  -6.958917  -6.958917   4.999992   4.999992   0.755800   0.000071   0.242800  -6.914066    588      0
 3.5845E+00   6.445091   1.317611 -99.000000  -8.356781 -10.038426   0.000000   0.242800   0.000657   0.001400   0.031790      5
 6.5033E+04  -1.371207   2.485920 -22.100128 -99.000000  -7.634101   0.000000   0.000241   0.000146   0.001400  0.000E+00    lgRho_cntr

 Loading precomputed flux cube from:/home/njm/MESA/mesa/colors/data/stellar_models/Kurucz2003all//flux_cube.bin
 Loaded flux cube with dimensions:          76 x          11 x           9 x        1173
 Performing interpolation at target parameters...
 Interpolation complete
         65   6.461855   5332.707  -6.776191  -6.776191   4.999992   4.999992   0.755800   0.000071   0.242800  -6.849578    591      0
 3.5507E+00   6.461855   1.320782 -99.000000  -8.174055 -10.001833   0.000000   0.242800   0.000657   0.001400   0.031860      5
 6.8587E+04  -1.318051   2.504048 -99.000000 -99.000000  -7.664691   0.000000   0.000241   0.000146   0.001400  0.000E+00    lgRho_cntr

 Loading precomputed flux cube from:/home/njm/MESA/mesa/colors/data/stellar_models/Kurucz2003all//flux_cube.bin
 Loaded flux cube with dimensions:          76 x          11 x           9 x        1173
 Performing interpolation at target parameters...
 Interpolation complete
         66   6.477875   5372.309  -6.603233  -6.603233   4.999992   4.999992   0.755800   0.000071   0.242800  -6.788020    591      0
 3.5363E+00   6.477875   1.321180 -99.000000  -8.001096  -9.974703   0.000000   0.242800   0.000657   0.001400   0.031927      5
 7.2025E+04  -1.267282   2.517697 -99.000000 -99.000000  -7.694143   0.000000   0.000241   0.000146   0.001400  0.000E+00    lgRho_cntr

 Loading precomputed flux cube from:/home/njm/MESA/mesa/colors/data/stellar_models/Kurucz2003all//flux_cube.bin
 Loaded flux cube with dimensions:          76 x          11 x           9 x        1173
 Performing interpolation at target parameters...
 Interpolation complete
         67   6.493490   5416.453  -6.436272  -6.436272   4.999991   4.999991   0.755800   0.000071   0.242800  -6.727939    599      0
 3.5316E+00   6.493490   1.319426 -99.000000  -7.834135  -9.955944   0.000000   0.242800   0.000657   0.001400   0.031992      5
 7.5426E+04  -1.217763   2.528405 -99.000000 -99.000000  -7.723943   0.000000   0.000241   0.000146   0.001400  0.000E+00    lgRho_cntr

 Loading precomputed flux cube from:/home/njm/MESA/mesa/colors/data/stellar_models/Kurucz2003all//flux_cube.bin
 Loaded flux cube with dimensions:          76 x          11 x           9 x        1173
 Performing interpolation at target parameters...
 Interpolation complete
         68   6.509698   5471.889  -6.264816  -6.264816   4.999991   4.999991   0.755800   0.000071   0.242800  -6.665622    613      0
 3.5547E+00   6.509698   1.315214 -99.000000  -7.662678  -9.942958   0.000000   0.242800   0.000657   0.001400   0.032060      5
 7.9013E+04  -1.166383   2.537671 -21.674160 -99.000000  -7.758440   0.000000   0.000241   0.000146   0.001400  0.000E+00    varcontrol

 Loading precomputed flux cube from:/home/njm/MESA/mesa/colors/data/stellar_models/Kurucz2003all//flux_cube.bin
 Loaded flux cube with dimensions:          76 x          11 x           9 x        1173
 Performing interpolation at target parameters...
 Interpolation complete
         69   6.526180   5541.823  -6.092364  -6.092364   4.999991   4.999991   0.755800   0.000071   0.242800  -6.602150    616      0
 3.5696E+00   6.526180   1.308454 -99.000000  -7.490226  -9.933978   0.000000   0.242800   0.000657   0.001400   0.032130      6
 8.2724E+04  -1.114091   2.546213 -21.498068 -99.000000  -7.799475   0.000000   0.000241   0.000146   0.001400  0.000E+00    lgRho_cntr

 Loading precomputed flux cube from:/home/njm/MESA/mesa/colors/data/stellar_models/Kurucz2003all//flux_cube.bin
 Loaded flux cube with dimensions:          76 x          11 x           9 x        1173
 Performing interpolation at target parameters...
 Interpolation complete

__________________________________________________________________________________________________________________________________________________

       step    lg_Tmax     Teff     lg_LH      lg_Lnuc_tot     Mass       H_rich     H_cntr     N_cntr     Y_surf   eta_cntr   zones  retry
  lg_dt_yrs    lg_Tcntr    lg_R     lg_L3a     lg_Lneu     lg_Mdot    He_core    He_cntr    O_cntr     Z_surf   gam_cntr   iters  
    age_yrs    lg_Dcntr    lg_L     lg_LZ      lg_Lphoto   lg_Dsurf   CO_core    C_cntr     Ne_cntr    Z_cntr   v_div_cs       dt_limit
__________________________________________________________________________________________________________________________________________________

         70   6.541947   5629.793  -5.929069  -5.929069   4.999990   4.999990   0.755800   0.000071   0.242800  -6.541111    633      0
 3.5580E+00   6.541947   1.298815 -99.000000  -7.326930  -9.928111   0.000000   0.242800   0.000657   0.001400   0.032201      6
 8.6338E+04  -1.063928   2.554293 -99.000000 -99.000000  -7.848416   0.000000   0.000241   0.000146   0.001400  0.000E+00    lgRho_cntr

 Loading precomputed flux cube from:/home/njm/MESA/mesa/colors/data/stellar_models/Kurucz2003all//flux_cube.bin
 Loaded flux cube with dimensions:          76 x          11 x           9 x        1173
 Performing interpolation at target parameters...
 Interpolation complete
         71   6.557242   5733.453  -5.772267  -5.772267   4.999990   4.999990   0.755800   0.000071   0.242800  -6.481732    651      0
 3.5517E+00   6.557242   1.286946 -99.000000  -7.170128  -9.925280   0.000000   0.242800   0.000657   0.001400   0.032271      6
 8.9900E+04  -1.015196   2.562251 -21.072100 -99.000000  -7.903614   0.000000   0.000241   0.000146   0.001400  0.000E+00    varcontrol

 Loading precomputed flux cube from:/home/njm/MESA/mesa/colors/data/stellar_models/Kurucz2003all//flux_cube.bin
 Loaded flux cube with dimensions:          76 x          11 x           9 x        1173
 Performing interpolation at target parameters...
 Interpolation complete
         72   6.572092   5853.505  -5.621517  -5.621517   4.999989   4.999989   0.755800   0.000071   0.242800  -6.423994    657      0
 3.5451E+00   6.572092   1.272975 -99.000000  -7.019376  -9.924484   0.000000   0.242800   0.000657   0.001400   0.032341      7
 9.3409E+04  -0.967842   2.570307 -99.000000 -99.000000  -7.965341   0.000000   0.000241   0.000146   0.001400  0.000E+00    varcontrol

 Loading precomputed flux cube from:/home/njm/MESA/mesa/colors/data/stellar_models/Kurucz2003all//flux_cube.bin
 Loaded flux cube with dimensions:          76 x          11 x           9 x        1173
 Performing interpolation at target parameters...
 Interpolation complete
         73   6.586886   5982.876  -5.472856  -5.472856   4.999989   4.999989   0.755800   0.000071   0.242800  -6.366575    663      0
 3.5487E+00   6.586886   1.258181 -99.000000  -6.870715  -9.925315   0.000000   0.242800   0.000657   0.001400   0.032409      7
 9.6946E+04  -0.920712   2.578695 -20.771070 -99.000000  -8.030689   0.000000   0.000241   0.000146   0.001400  0.000E+00    varcontrol

 Loading precomputed flux cube from:/home/njm/MESA/mesa/colors/data/stellar_models/Kurucz2003all//flux_cube.bin
 Loaded flux cube with dimensions:          76 x          11 x           9 x        1173
 Performing interpolation at target parameters...
 Interpolation complete
         74   6.602097   6121.801  -5.321637  -5.321637   4.999988   4.999988   0.755800   0.000071   0.242800  -6.307846    662      0
 3.5654E+00   6.602097   1.242749 -99.000000  -6.719495  -9.926389   0.000000   0.242800   0.000657   0.001400   0.032476      9
 1.0062E+05  -0.872387   2.587709 -20.771070 -99.000000  -8.100503   0.000000   0.000241   0.000146   0.001400  0.000E+00    varcontrol

 Loading precomputed flux cube from:/home/njm/MESA/mesa/colors/data/stellar_models/Kurucz2003all//flux_cube.bin
 Loaded flux cube with dimensions:          76 x          11 x           9 x        1173
 Performing interpolation at target parameters...
 Interpolation complete
 hydro_solver_step returned ierr          -1
 s% model_number          75
 nz         665
 s% num_retries           0

 retry: eos evaluated at too low a density      75
         75   6.610047   6198.549  -5.242731  -5.242731   4.999988   4.999988   0.755800   0.000071   0.242800  -6.276217    665      1
 3.2909E+00   6.610047   1.234872 -99.000000  -6.640588  -9.927152   0.000000   0.242800   0.000657   0.001400   0.032521      5
 1.0258E+05  -0.846725   2.593597 -99.000000 -99.000000  -8.139598   0.000000   0.000241   0.000146   0.001400  0.000E+00         retry

 Loading precomputed flux cube from:/home/njm/MESA/mesa/colors/data/stellar_models/Kurucz2003all//flux_cube.bin
 Loaded flux cube with dimensions:          76 x          11 x           9 x        1173
 Performing interpolation at target parameters...
 Interpolation complete
         76   6.617974   6275.471  -5.164541  -5.164541   4.999988   4.999988   0.755800   0.000071   0.242800  -6.244883    675      1
 3.2909E+00   6.617974   1.227010 -99.000000  -6.562397  -9.925804   0.000000   0.242800   0.000657   0.001400   0.032564      6
 1.0453E+05  -0.821225   2.599300 -99.000000 -99.000000  -8.178570   0.000000   0.000241   0.000146   0.001400  0.000E+00          hold

 Loading precomputed flux cube from:/home/njm/MESA/mesa/colors/data/stellar_models/Kurucz2003all//flux_cube.bin
 Loaded flux cube with dimensions:          76 x          11 x           9 x        1173
 Performing interpolation at target parameters...
 Interpolation complete
         77   6.627479   6368.458  -5.071558  -5.071558   4.999988   4.999988   0.755800   0.000071   0.242800  -6.207865    682      1
 3.3701E+00   6.627479   1.217558 -99.000000  -6.469414  -9.924694   0.000000   0.242800   0.000657   0.001400   0.032610      6
 1.0687E+05  -0.790889   2.605946 -99.000000 -99.000000  -8.225464   0.000000   0.000241   0.000146   0.001400  0.000E+00  max increase

 Loading precomputed flux cube from:/home/njm/MESA/mesa/colors/data/stellar_models/Kurucz2003all//flux_cube.bin
 Loaded flux cube with dimensions:          76 x          11 x           9 x        1173
 Performing interpolation at target parameters...
 Interpolation complete
         78   6.638870   6481.318  -4.961185  -4.961185   4.999987   4.999987   0.755800   0.000071   0.242800  -6.164225    678      1
 3.4493E+00   6.638870   1.206257 -99.000000  -6.359040  -9.923643   0.000000   0.242800   0.000657   0.001400   0.032656      7
 1.0969E+05  -0.754849   2.613861 -19.992918 -99.000000  -8.281937   0.000000   0.000241   0.000146   0.001400  0.000E+00  max increase

 Loading precomputed flux cube from:/home/njm/MESA/mesa/colors/data/stellar_models/Kurucz2003all//flux_cube.bin
 Loaded flux cube with dimensions:          76 x          11 x           9 x        1173
 Performing interpolation at target parameters...
 Interpolation complete
                            solver rejected trial model
                                        s% model_number          79
                                  s% solver_call_number         226
                                                     nz         682
                                         s% num_retries           1
                                                     dt    1.0655210743448126D+11
                                          log dt/secyer    3.5284580767173632D+00

 retry: max residual jumped -- give up in solver      79
         79   6.645635   6550.872  -4.895787  -4.895787   4.999987   4.999987   0.755800   0.000071   0.242800  -6.137870    682      2
 3.2274E+00   6.645635   1.199680 -99.000000  -6.293642  -9.922427   0.000000   0.242800   0.000657   0.001400   0.032689      5
 1.1138E+05  -0.733256   2.619250 -99.000000 -99.000000  -8.316885   0.000000   0.000241   0.000146   0.001400  0.000E+00         retry

 Loading precomputed flux cube from:/home/njm/MESA/mesa/colors/data/stellar_models/Kurucz2003all//flux_cube.bin
 Loaded flux cube with dimensions:          76 x          11 x           9 x        1173
 Performing interpolation at target parameters...
 Interpolation complete

__________________________________________________________________________________________________________________________________________________

       step    lg_Tmax     Teff     lg_LH      lg_Lnuc_tot     Mass       H_rich     H_cntr     N_cntr     Y_surf   eta_cntr   zones  retry
  lg_dt_yrs    lg_Tcntr    lg_R     lg_L3a     lg_Lneu     lg_Mdot    He_core    He_cntr    O_cntr     Z_surf   gam_cntr   iters  
    age_yrs    lg_Dcntr    lg_L     lg_LZ      lg_Lphoto   lg_Dsurf   CO_core    C_cntr     Ne_cntr    Z_cntr   v_div_cs       dt_limit
__________________________________________________________________________________________________________________________________________________

         80   6.652390   6620.717  -4.830818  -4.830818   4.999987   4.999987   0.755800   0.000071   0.242800  -6.111722    685      2
 3.2274E+00   6.652390   1.193134 -99.000000  -6.228672  -9.920664   0.000000   0.242800   0.000657   0.001400   0.032720      5
 1.1307E+05  -0.711766   2.624582 -99.000000 -99.000000  -8.351842   0.000000   0.000241   0.000146   0.001400  0.000E+00          hold

 Loading precomputed flux cube from:/home/njm/MESA/mesa/colors/data/stellar_models/Kurucz2003all//flux_cube.bin
 Loaded flux cube with dimensions:          76 x          11 x           9 x        1173
 Performing interpolation at target parameters...
 Interpolation complete
         81   6.660502   6705.132  -4.753344  -4.753344   4.999987   4.999987   0.755800   0.000071   0.242800  -6.080758    694      2
 3.3066E+00   6.660502   1.185269 -99.000000  -6.151197  -9.918952   0.000000   0.242800   0.000657   0.001400   0.032752      5
 1.1509E+05  -0.686150   2.630862 -99.000000 -99.000000  -8.393996   0.000000   0.000241   0.000146   0.001400  0.000E+00  max increase

 Loading precomputed flux cube from:/home/njm/MESA/mesa/colors/data/stellar_models/Kurucz2003all//flux_cube.bin
 Loaded flux cube with dimensions:          76 x          11 x           9 x        1173
 Performing interpolation at target parameters...
 Interpolation complete
         82   6.670240   6807.402  -4.661086  -4.661086   4.999986   4.999986   0.755800   0.000071   0.242800  -6.044164    690      2
 3.3858E+00   6.670240   1.175859 -99.000000  -6.058939  -9.917064   0.000000   0.242800   0.000657   0.001400   0.032784      6
 1.1752E+05  -0.655649   2.638337 -99.000000 -99.000000  -8.445310   0.000000   0.000241   0.000146   0.001400  0.000E+00  max increase

 Loading precomputed flux cube from:/home/njm/MESA/mesa/colors/data/stellar_models/Kurucz2003all//flux_cube.bin
 Loaded flux cube with dimensions:          76 x          11 x           9 x        1173
 Performing interpolation at target parameters...
 Interpolation complete
         83   6.681925   6931.961  -4.551401  -4.551401   4.999986   4.999986   0.755800   0.000071   0.242800  -6.001009    691      2
 3.4650E+00   6.681925   1.164575 -99.000000  -5.949252  -9.914859   0.000000   0.242800   0.000657   0.001400   0.032815      5
 1.2044E+05  -0.619379   2.647269 -20.470040 -99.000000  -8.509016   0.000000   0.000241   0.000146   0.001400  0.000E+00  max increase

 Loading precomputed flux cube from:/home/njm/MESA/mesa/colors/data/stellar_models/Kurucz2003all//flux_cube.bin
 Loaded flux cube with dimensions:          76 x          11 x           9 x        1173
 Performing interpolation at target parameters...
 Interpolation complete
         84   6.695939   7083.776  -4.421245  -4.421245   4.999986   4.999986   0.755800   0.000071   0.242800  -5.950240    696      2
 3.5442E+00   6.695939   1.151104 -99.000000  -5.819095  -9.912256   0.000000   0.242800   0.000657   0.001400   0.032841      5
 1.2394E+05  -0.576308   2.657961 -19.566950 -99.000000  -8.589937   0.000000   0.000241   0.000146   0.001400  0.000E+00  max increase

 Loading precomputed flux cube from:/home/njm/MESA/mesa/colors/data/stellar_models/Kurucz2003all//flux_cube.bin
 Loaded flux cube with dimensions:          76 x          11 x           9 x        1173
 Performing interpolation at target parameters...
 Interpolation complete
         85   6.712732   7269.675  -4.267154  -4.267154   4.999985   4.999985   0.755800   0.000071   0.242800  -5.890676    694      2
 3.6233E+00   6.712732   1.135006 -99.000000  -5.665002  -9.909110   0.000000   0.242800   0.000657   0.001400   0.032858      5
 1.2814E+05  -0.525248   2.670766 -19.867980 -99.000000  -8.695682   0.000000   0.000241   0.000146   0.001400  0.000E+00  max increase

 Loading precomputed flux cube from:/home/njm/MESA/mesa/colors/data/stellar_models/Kurucz2003all//flux_cube.bin
 Loaded flux cube with dimensions:          76 x          11 x           9 x        1173
 Performing interpolation at target parameters...
 Interpolation complete
         86   6.729866   7465.209  -4.111631  -4.111631   4.999985   4.999985   0.755800   0.000071   0.242800  -5.830522    685      2
 3.6342E+00   6.729866   1.118759 -99.000000  -5.509477  -9.905314   0.000000   0.242800   0.000657   0.001400   0.032869      5
 1.3245E+05  -0.473421   2.684380 -19.867980 -99.000000  -8.814623   0.000000   0.000241   0.000146   0.001400  0.000E+00        lgTeff

 Loading precomputed flux cube from:/home/njm/MESA/mesa/colors/data/stellar_models/Kurucz2003all//flux_cube.bin
 Loaded flux cube with dimensions:          76 x          11 x           9 x        1173
 Performing interpolation at target parameters...
 Interpolation complete
         87   6.745724   7652.354  -3.969020  -3.969020   4.999984   4.999984   0.755800   0.000071   0.242800  -5.775056    694      2
 3.6033E+00   6.745724   1.103870 -99.000000  -5.366864  -9.900551   0.000000   0.242800   0.000657   0.001400   0.032876      5
 1.3646E+05  -0.425543   2.697613 -19.265920 -99.000000  -8.933351   0.000000   0.000241   0.000146   0.001400  0.000E+00        lgTeff

 Loading precomputed flux cube from:/home/njm/MESA/mesa/colors/data/stellar_models/Kurucz2003all//flux_cube.bin
 Loaded flux cube with dimensions:          76 x          11 x           9 x        1173
 Performing interpolation at target parameters...
 Interpolation complete
         88   6.760958   7836.996  -3.833299  -3.833299   4.999984   4.999984   0.755800   0.000071   0.242800  -5.722179    695      2
 3.5877E+00   6.760958   1.089648 -99.000000  -5.231141  -9.895163   0.000000   0.242800   0.000657   0.001400   0.032879      5
 1.4033E+05  -0.379727   2.710588 -99.000000 -99.000000  -9.053502   0.000000   0.000241   0.000146   0.001400  0.000E+00        lgTeff

 Loading precomputed flux cube from:/home/njm/MESA/mesa/colors/data/stellar_models/Kurucz2003all//flux_cube.bin
 Loaded flux cube with dimensions:          76 x          11 x           9 x        1173
 Performing interpolation at target parameters...
 Interpolation complete
         89   6.775868   8022.287  -3.701694  -3.701694   4.999983   4.999983   0.755800   0.000071   0.242800  -5.670910    700      2
 3.5799E+00   6.775868   1.075752 -99.000000  -5.099533  -9.889565   0.000000   0.242800   0.000657   0.001400   0.032877      5
 1.4413E+05  -0.335095   2.723391 -18.964890 -99.000000  -9.174900   0.000000   0.000241   0.000146   0.001400  0.000E+00        lgTeff

 Loading precomputed flux cube from:/home/njm/MESA/mesa/colors/data/stellar_models/Kurucz2003all//flux_cube.bin
 Loaded flux cube with dimensions:          76 x          11 x           9 x        1173
 Performing interpolation at target parameters...
 Interpolation complete

__________________________________________________________________________________________________________________________________________________

       step    lg_Tmax     Teff     lg_LH      lg_Lnuc_tot     Mass       H_rich     H_cntr     N_cntr     Y_surf   eta_cntr   zones  retry
  lg_dt_yrs    lg_Tcntr    lg_R     lg_L3a     lg_Lneu     lg_Mdot    He_core    He_cntr    O_cntr     Z_surf   gam_cntr   iters  
    age_yrs    lg_Dcntr    lg_L     lg_LZ      lg_Lphoto   lg_Dsurf   CO_core    C_cntr     Ne_cntr    Z_cntr   v_div_cs       dt_limit
__________________________________________________________________________________________________________________________________________________

         90   6.790610   8209.973  -3.572770  -3.572770   4.999983   4.999983   0.755800   0.000071   0.242800  -5.620726    702      2
 3.5765E+00   6.790610   1.061998 -99.000000  -4.970607  -9.883925   0.000000   0.242800   0.000657   0.001400   0.032869      4
 1.4790E+05  -0.291186   2.736057 -99.000000 -99.000000  -9.295689   0.000000   0.000241   0.000146   0.001400  0.000E+00        lgTeff

 Loading precomputed flux cube from:/home/njm/MESA/mesa/colors/data/stellar_models/Kurucz2003all//flux_cube.bin
 Loaded flux cube with dimensions:          76 x          11 x           9 x        1173
 Performing interpolation at target parameters...
 Interpolation complete
         91   6.805258   8400.894  -3.445831  -3.445831   4.999982   4.999982   0.755800   0.000071   0.242800  -5.571366    704      2
 3.5753E+00   6.805258   1.048292 -99.000000  -4.843665  -9.878352   0.000000   0.242800   0.000657   0.001400   0.032855      4
 1.5166E+05  -0.247776   2.748579 -99.000000 -99.000000  -9.412171   0.000000   0.000241   0.000146   0.001400  0.000E+00        lgTeff

 Loading precomputed flux cube from:/home/njm/MESA/mesa/colors/data/stellar_models/Kurucz2003all//flux_cube.bin
 Loaded flux cube with dimensions:          76 x          11 x           9 x        1173
 Performing interpolation at target parameters...
 Interpolation complete
         92   6.822072   8624.209  -3.301757  -3.301757   4.999982   4.999982   0.755800   0.000071   0.242800  -5.515850    706      2
 3.6361E+00   6.822072   1.032366 -99.000000  -4.699588  -9.872933   0.000000   0.242800   0.000657   0.001400   0.032827      4
 1.5599E+05  -0.198445   2.762304 -99.000000 -99.000000  -9.534106   0.000000   0.000241   0.000146   0.001400  0.000E+00    varcontrol

 Loading precomputed flux cube from:/home/njm/MESA/mesa/colors/data/stellar_models/Kurucz2003all//flux_cube.bin
 Loaded flux cube with dimensions:          76 x          11 x           9 x        1173
 Performing interpolation at target parameters...
 Interpolation complete
         93   6.840058   8869.435  -3.149340  -3.149340   4.999981   4.999981   0.755800   0.000071   0.242800  -5.457328    712      2
 3.6676E+00   6.840058   1.015178 -99.000000  -4.547168  -9.867750   0.000000   0.242800   0.000657   0.001400   0.032788      4
 1.6064E+05  -0.146048   2.776633 -18.663860 -99.000000  -9.642587   0.000000   0.000241   0.000146   0.001400  0.000E+00        lgTeff

 Loading precomputed flux cube from:/home/njm/MESA/mesa/colors/data/stellar_models/Kurucz2003all//flux_cube.bin
 Loaded flux cube with dimensions:          76 x          11 x           9 x        1173
 Performing interpolation at target parameters...
 Interpolation complete
         94   6.856183   9096.850  -3.013852  -3.013852   4.999980   4.999980   0.755800   0.000071   0.242800  -5.404868    712      2
 3.6242E+00   6.856183   0.999763 -99.000000  -4.411677  -9.862810   0.000000   0.242800   0.000657   0.001400   0.032753      4
 1.6485E+05  -0.099076   2.789783 -99.000000 -99.000000  -9.716130   0.000000   0.000241   0.000146   0.001400  0.000E+00        lgTeff

 Loading precomputed flux cube from:/home/njm/MESA/mesa/colors/data/stellar_models/Kurucz2003all//flux_cube.bin
 Loaded flux cube with dimensions:          76 x          11 x           9 x        1173
 Performing interpolation at target parameters...
 Interpolation complete
         95   6.871438   9317.589  -2.886772  -2.886772   4.999980   4.999980   0.755800   0.000071   0.242800  -5.355479    716      2
 3.6034E+00   6.871438   0.985091 -99.000000  -4.284595  -9.857975   0.000000   0.242800   0.000657   0.001400   0.032717      4
 1.6886E+05  -0.054744   2.802091 -99.000000 -99.000000  -9.764840   0.000000   0.000241   0.000146   0.001400  0.000E+00        lgTeff

 Loading precomputed flux cube from:/home/njm/MESA/mesa/colors/data/stellar_models/Kurucz2003all//flux_cube.bin
 Loaded flux cube with dimensions:          76 x          11 x           9 x        1173
 Performing interpolation at target parameters...
 Interpolation complete
         96   6.886255   9536.895  -2.764388  -2.764388   4.999979   4.999979   0.755800   0.000071   0.242800  -5.307814    718      2
 3.5939E+00   6.886255   0.970730 -99.000000  -4.162210  -9.853654   0.000000   0.242800   0.000657   0.001400   0.032678      4
 1.7279E+05  -0.011819   2.813782 -18.663860 -99.000000  -9.795569   0.000000   0.000241   0.000146   0.001400  0.000E+00        lgTeff

 Loading precomputed flux cube from:/home/njm/MESA/mesa/colors/data/stellar_models/Kurucz2003all//flux_cube.bin
 Loaded flux cube with dimensions:          76 x          11 x           9 x        1173
 Performing interpolation at target parameters...
 Interpolation complete
         97   6.900852   9757.574  -2.644818  -2.644818   4.999979   4.999979   0.755800   0.000071   0.242800  -5.261172    724      2
 3.5908E+00   6.900852   0.956461 -99.000000  -4.042642  -9.849905   0.000000   0.242800   0.000657   0.001400   0.032637      4
 1.7668E+05   0.030334   2.824984 -99.000000 -99.000000  -9.812342   0.000000   0.000241   0.000146   0.001400  0.000E+00        lgTeff

 Loading precomputed flux cube from:/home/njm/MESA/mesa/colors/data/stellar_models/Kurucz2003all//flux_cube.bin
 Loaded flux cube with dimensions:          76 x          11 x           9 x        1173
 Performing interpolation at target parameters...
 Interpolation complete
         98   6.917678  1.002E+04  -2.508441  -2.508441   4.999978   4.999978   0.755800   0.000071   0.242800  -5.208329    725      2
 3.6555E+00   6.917678   0.939736 -99.000000  -3.906271  -9.846740   0.000000   0.242800   0.000657   0.001400   0.032580      4
 1.8121E+05   0.078522   2.836916 -99.000000 -99.000000  -9.816890   0.000000   0.000241   0.000146   0.001400  0.000E+00    varcontrol

 Loading precomputed flux cube from:/home/njm/MESA/mesa/colors/data/stellar_models/Kurucz2003all//flux_cube.bin
 Loaded flux cube with dimensions:          76 x          11 x           9 x        1173
 Performing interpolation at target parameters...
 Interpolation complete
         99   6.935723  1.030E+04  -2.363696  -2.363696   4.999977   4.999977   0.755800   0.000071   0.242800  -5.152276    726      2
 3.6907E+00   6.935723   0.921590 -99.000000  -3.761542  -9.851259   0.000000   0.242800   0.000657   0.001400   0.032512      5
 1.8611E+05   0.129933   2.849085 -99.000000 -99.000000  -9.807578   0.000000   0.000241   0.000146   0.001400  0.000E+00        lgTeff

 Loading precomputed flux cube from:/home/njm/MESA/mesa/colors/data/stellar_models/Kurucz2003all//flux_cube.bin
 Loaded flux cube with dimensions:          76 x          11 x           9 x        1173
 Performing interpolation at target parameters...
 Interpolation complete

__________________________________________________________________________________________________________________________________________________

       step    lg_Tmax     Teff     lg_LH      lg_Lnuc_tot     Mass       H_rich     H_cntr     N_cntr     Y_surf   eta_cntr   zones  retry
  lg_dt_yrs    lg_Tcntr    lg_R     lg_L3a     lg_Lneu     lg_Mdot    He_core    He_cntr    O_cntr     Z_surf   gam_cntr   iters  
    age_yrs    lg_Dcntr    lg_L     lg_LZ      lg_Lphoto   lg_Dsurf   CO_core    C_cntr     Ne_cntr    Z_cntr   v_div_cs       dt_limit
__________________________________________________________________________________________________________________________________________________

        100   6.951816  1.056E+04  -2.235602  -2.235602   4.999977   4.999977   0.755800   0.000071   0.242800  -5.102081    727      2
 3.6474E+00   6.951816   0.905387 -99.000000  -3.633475  -9.988462   0.000000   0.242800   0.000657   0.001400   0.032454      5
 1.9055E+05   0.175871   2.860094 -18.061800 -99.000000  -9.790374   0.000000   0.000241   0.000146   0.001400  0.000E+00        lgTeff

save LOGS/profile3.data for model 100
 Loading precomputed flux cube from:/home/njm/MESA/mesa/colors/data/stellar_models/Kurucz2003all//flux_cube.bin
 Loaded flux cube with dimensions:          76 x          11 x           9 x        1173
 Performing interpolation at target parameters...
 Interpolation complete
save photos/x100 for model 100
        101   6.967025  1.081E+04  -2.115467  -2.115467   4.999977   4.999977   0.755800   0.000071   0.242800  -5.054687    727      2
 3.6285E+00   6.967025   0.889972 -99.000000  -3.513387 -10.168995   0.000000   0.242800   0.000657   0.001400   0.032398      5
 1.9481E+05   0.219266   2.870214 -99.000000 -99.000000  -9.768439   0.000000   0.000241   0.000146   0.001400  0.000E+00        lgTeff

 Loading precomputed flux cube from:/home/njm/MESA/mesa/colors/data/stellar_models/Kurucz2003all//flux_cube.bin
 Loaded flux cube with dimensions:          76 x          11 x           9 x        1173
 Performing interpolation at target parameters...
 Interpolation complete
        102   6.981811  1.106E+04  -1.999547  -1.999547   4.999976   4.999976   0.755800   0.000071   0.242800  -5.008740    727      2
 3.6218E+00   6.981811   0.874865 -99.000000  -3.397545 -10.467265   0.000000   0.242800   0.000657   0.001400   0.032343      5
 1.9899E+05   0.261398   2.879674 -99.000000 -99.000000  -9.743174   0.000000   0.000241   0.000146   0.001400  0.000E+00        lgTeff

 Loading precomputed flux cube from:/home/njm/MESA/mesa/colors/data/stellar_models/Kurucz2003all//flux_cube.bin
 Loaded flux cube with dimensions:          76 x          11 x           9 x        1173
 Performing interpolation at target parameters...
 Interpolation complete
        103   6.998529  1.135E+04  -1.869686  -1.869686   4.999976   4.999976   0.755800   0.000071   0.242800  -4.957451    729      2
 3.6806E+00   6.998529   0.857525 -99.000000  -3.267830 -11.034667   0.000000   0.242800   0.000657   0.001400   0.032273      5
 2.0378E+05   0.308748   2.889375 -17.760770 -99.000000  -9.711168   0.000000   0.000241   0.000146   0.001400  0.000E+00    varcontrol

 Loading precomputed flux cube from:/home/njm/MESA/mesa/colors/data/stellar_models/Kurucz2003all//flux_cube.bin
 Loaded flux cube with dimensions:          76 x          11 x           9 x        1173
 Performing interpolation at target parameters...
 Interpolation complete
        104   7.016300  1.166E+04  -1.732815  -1.732815   4.999976   4.999976   0.755800   0.000071   0.242800  -4.903329    730      2
 3.7143E+00   7.016300   0.838911 -56.063243  -3.131228 -11.001358   0.000000   0.242800   0.000657   0.001400   0.032195      5
 2.0896E+05   0.358907   2.899048 -17.158710 -99.000000  -9.674143   0.000000   0.000241   0.000146   0.001400  0.000E+00        lgTeff

 Loading precomputed flux cube from:/home/njm/MESA/mesa/colors/data/stellar_models/Kurucz2003all//flux_cube.bin
 Loaded flux cube with dimensions:          76 x          11 x           9 x        1173
 Performing interpolation at target parameters...
 Interpolation complete
        105   7.032309  1.195E+04  -1.610160  -1.610160   4.999976   4.999976   0.755800   0.000071   0.242800  -4.854286    730      2
 3.6773E+00   7.032309   0.822130 -54.961342  -3.008979 -10.967434   0.000000   0.242800   0.000657   0.001400   0.032128      5
 2.1372E+05   0.404216   2.907843 -99.000000 -99.000000  -9.638500   0.000000   0.000241   0.000146   0.001400  0.000E+00        lgTeff

 Loading precomputed flux cube from:/home/njm/MESA/mesa/colors/data/stellar_models/Kurucz2003all//flux_cube.bin
 Loaded flux cube with dimensions:          76 x          11 x           9 x        1173
 Performing interpolation at target parameters...
 Interpolation complete
        106   7.047530  1.223E+04  -1.494007  -1.494007   4.999976   4.999976   0.755800   0.000071   0.242800  -4.807593    732      2
 3.6631E+00   7.047530   0.806086 -54.021510  -2.893440 -10.936666   0.000000   0.242800   0.000657   0.001400   0.032065      4
 2.1833E+05   0.447322   2.915895 -99.000000 -99.000000  -9.603012   0.000000   0.000241   0.000146   0.001400  0.000E+00        lgTeff

 Loading precomputed flux cube from:/home/njm/MESA/mesa/colors/data/stellar_models/Kurucz2003all//flux_cube.bin
 Loaded flux cube with dimensions:          76 x          11 x           9 x        1173
 Performing interpolation at target parameters...
 Interpolation complete
        107   7.062382  1.250E+04  -1.380890  -1.380890   4.999976   4.999976   0.755800   0.000071   0.242800  -4.762029    731      2
 3.6601E+00   7.062382   0.790327 -53.120075  -2.781250 -10.908134   0.000000   0.242800   0.000657   0.001400   0.032004      5
 2.2290E+05   0.489383   2.923376 -99.000000 -99.000000  -9.567669   0.000000   0.000241   0.000146   0.001400  0.000E+00        lgTeff

 Loading precomputed flux cube from:/home/njm/MESA/mesa/colors/data/stellar_models/Kurucz2003all//flux_cube.bin
 Loaded flux cube with dimensions:          76 x          11 x           9 x        1173
 Performing interpolation at target parameters...
 Interpolation complete
        108   7.078976  1.282E+04  -1.254513  -1.254513   4.999976   4.999976   0.755800   0.000071   0.242800  -4.711552    732      2
 3.7161E+00   7.078976   0.772503 -52.125755  -2.656493 -10.881168   0.000000   0.242800   0.000657   0.001400   0.031931      5
 2.2810E+05   0.536189   2.930838 -99.000000 -99.000000  -9.528226   0.000000   0.000241   0.000146   0.001400  0.000E+00    varcontrol

 Loading precomputed flux cube from:/home/njm/MESA/mesa/colors/data/stellar_models/Kurucz2003all//flux_cube.bin
 Loaded flux cube with dimensions:          76 x          11 x           9 x        1173
 Performing interpolation at target parameters...
 Interpolation complete
        109   7.096512  1.316E+04  -1.120036  -1.120036   4.999976   4.999976   0.755800   0.000071   0.242800  -4.658384    732      2
 3.7496E+00   7.096512   0.753526 -51.088068  -2.524755 -10.853146   0.000000   0.242800   0.000657   0.001400   0.031852      5
 2.3372E+05   0.585578   2.938174 -99.000000 -99.000000  -9.486708   0.000000   0.000241   0.000146   0.001400  0.000E+00        lgTeff

 Loading precomputed flux cube from:/home/njm/MESA/mesa/colors/data/stellar_models/Kurucz2003all//flux_cube.bin
 Loaded flux cube with dimensions:          76 x          11 x           9 x        1173
 Performing interpolation at target parameters...
 Interpolation complete

__________________________________________________________________________________________________________________________________________________

       step    lg_Tmax     Teff     lg_LH      lg_Lnuc_tot     Mass       H_rich     H_cntr     N_cntr     Y_surf   eta_cntr   zones  retry
  lg_dt_yrs    lg_Tcntr    lg_R     lg_L3a     lg_Lneu     lg_Mdot    He_core    He_cntr    O_cntr     Z_surf   gam_cntr   iters  
    age_yrs    lg_Dcntr    lg_L     lg_LZ      lg_Lphoto   lg_Dsurf   CO_core    C_cntr     Ne_cntr    Z_cntr   v_div_cs       dt_limit
__________________________________________________________________________________________________________________________________________________

        110   7.112495  1.347E+04  -0.995312  -0.995312   4.999976   4.999976   0.755800   0.000071   0.242800  -4.609556    734      2
 3.7196E+00   7.112495   0.736235 -50.153378  -2.403910 -10.824817   0.000000   0.242800   0.000657   0.001400   0.031784      3
 2.3896E+05   0.630750   2.944937 -16.857680 -99.000000  -9.448768   0.000000   0.000241   0.000146   0.001400  0.000E+00        lgTeff

 Loading precomputed flux cube from:/home/njm/MESA/mesa/colors/data/stellar_models/Kurucz2003all//flux_cube.bin
 Loaded flux cube with dimensions:          76 x          11 x           9 x        1173
 Performing interpolation at target parameters...
 Interpolation complete
        111   7.127791  1.378E+04  -0.872630  -0.872630   4.999976   4.999976   0.755800   0.000071   0.242800  -4.562695    736      2
 3.7100E+00   7.127791   0.719627 -49.268855  -2.286715 -10.798811   0.000000   0.242800   0.000657   0.001400   0.031721      3
 2.4409E+05   0.674037   2.951133 -99.000000 -99.000000  -9.412497   0.000000   0.000241   0.000146   0.001400  0.000E+00        lgTeff

 Loading precomputed flux cube from:/home/njm/MESA/mesa/colors/data/stellar_models/Kurucz2003all//flux_cube.bin
 Loaded flux cube with dimensions:          76 x          11 x           9 x        1173
 Performing interpolation at target parameters...
 Interpolation complete
        112   7.144539  1.412E+04  -0.732445  -0.732445   4.999976   4.999976   0.755800   0.000071   0.242800  -4.511717    736      2
 3.7590E+00   7.144539   0.701273 -48.311911  -2.155243 -10.774576   0.000000   0.242800   0.000657   0.001400   0.031648      3
 2.4983E+05   0.721289   2.957119 -99.000000 -99.000000  -9.373407   0.000000   0.000241   0.000146   0.001400  0.000E+00    varcontrol

 Loading precomputed flux cube from:/home/njm/MESA/mesa/colors/data/stellar_models/Kurucz2003all//flux_cube.bin
 Loaded flux cube with dimensions:          76 x          11 x           9 x        1173
 Performing interpolation at target parameters...
 Interpolation complete
        113   7.162068  1.449E+04  -0.575438  -0.575438   4.999976   4.999976   0.755800   0.000071   0.242800  -4.458480    736      2
 3.7898E+00   7.162068   0.681966 -47.322844  -2.011180 -10.749926   0.000000   0.242800   0.000657   0.001400   0.031571      5
 2.5599E+05   0.770690   2.962910 -99.000000 -99.000000  -9.333678   0.000000   0.000241   0.000146   0.001400  0.000E+00        lgTeff

 Loading precomputed flux cube from:/home/njm/MESA/mesa/colors/data/stellar_models/Kurucz2003all//flux_cube.bin
 Loaded flux cube with dimensions:          76 x          11 x           9 x        1173
 Performing interpolation at target parameters...
 Interpolation complete
        114   7.177864  1.483E+04  -0.418003  -0.418003   4.999976   4.999976   0.755800   0.000071   0.242800  -4.408778    742      2
 3.7637E+00   7.177864   0.664294 -46.431111  -1.869402 -10.725251   0.000000   0.242800   0.000657   0.001400   0.031519      3
 2.6180E+05   0.815954   2.968290 -16.255620 -99.000000  -9.298165   0.000000   0.000241   0.000146   0.001400  0.000E+00        lgTeff

 Loading precomputed flux cube from:/home/njm/MESA/mesa/colors/data/stellar_models/Kurucz2003all//flux_cube.bin
 Loaded flux cube with dimensions:          76 x          11 x           9 x        1173
 Performing interpolation at target parameters...
 Interpolation complete
        115   7.193301  1.517E+04  -0.251268  -0.251268   4.999975   4.999975   0.755800   0.000071   0.242800  -4.361487    745      2
 3.7569E+00   7.193301   0.647285 -45.577948  -1.720532 -10.702465   0.000000   0.242800   0.000657   0.001400   0.031456      3
 2.6751E+05   0.859633   2.973217 -15.954590 -99.000000  -9.264580   0.000000   0.000241   0.000146   0.001400  0.000E+00        lgTeff

 Loading precomputed flux cube from:/home/njm/MESA/mesa/colors/data/stellar_models/Kurucz2003all//flux_cube.bin
 Loaded flux cube with dimensions:          76 x          11 x           9 x        1173
 Performing interpolation at target parameters...
 Interpolation complete
        116   7.210075  1.554E+04  -0.050081  -0.050081   4.999975   4.999975   0.755799   0.000071   0.242800  -4.310521    747      2
 3.8042E+00   7.210075   0.628662 -44.663311  -1.539784 -10.681161   0.000000   0.242800   0.000657   0.001400   0.031382      5
 2.7388E+05   0.906910   2.977853 -99.000000 -99.000000  -9.228560   0.000000   0.000241   0.000146   0.001400  0.000E+00    varcontrol

 Loading precomputed flux cube from:/home/njm/MESA/mesa/colors/data/stellar_models/Kurucz2003all//flux_cube.bin
 Loaded flux cube with dimensions:          76 x          11 x           9 x        1173
 Performing interpolation at target parameters...
 Interpolation complete
        117   7.227621  1.593E+04   0.182216   0.182216   4.999975   4.999975   0.755799   0.000072   0.242800  -4.257680    750      2
 3.8350E+00   7.227621   0.609174 -43.721633  -1.325670 -10.659711   0.000000   0.242800   0.000657   0.001400   0.031301      4
 2.8072E+05   0.956161   2.982270 -99.000000 -99.000000  -9.191626   0.000000   0.000240   0.000146   0.001400  0.000E+00        lgTeff

 Loading precomputed flux cube from:/home/njm/MESA/mesa/colors/data/stellar_models/Kurucz2003all//flux_cube.bin
 Loaded flux cube with dimensions:          76 x          11 x           9 x        1173
 Performing interpolation at target parameters...
 Interpolation complete
        118   7.243756  1.631E+04   0.414221   0.414221   4.999975   4.999975   0.755799   0.000075   0.242800  -4.208618    763      2
 3.8134E+00   7.243756   0.591218 -42.863061  -1.102874 -10.638341   0.000000   0.242800   0.000657   0.001400   0.031231      3
 2.8723E+05   1.001649   2.986416 -99.000000 -99.000000  -9.158146   0.000000   0.000238   0.000146   0.001401  0.000E+00        lgTeff

 Loading precomputed flux cube from:/home/njm/MESA/mesa/colors/data/stellar_models/Kurucz2003all//flux_cube.bin
 Loaded flux cube with dimensions:          76 x          11 x           9 x        1173
 Performing interpolation at target parameters...
 Interpolation complete
        119   7.259450  1.667E+04   0.647514   0.647514   4.999975   4.999975   0.755799   0.000079   0.242800  -4.161968    769      2
 3.8098E+00   7.259450   0.573893 -42.042702  -0.867417 -10.618463   0.000000   0.242800   0.000657   0.001400   0.031152      3
 2.9368E+05   1.045432   2.990160 -15.051500 -99.000000  -9.126365   0.000000   0.000235   0.000146   0.001401  0.000E+00        lgTeff

 Loading precomputed flux cube from:/home/njm/MESA/mesa/colors/data/stellar_models/Kurucz2003all//flux_cube.bin
 Loaded flux cube with dimensions:          76 x          11 x           9 x        1173
 Performing interpolation at target parameters...
 Interpolation complete

__________________________________________________________________________________________________________________________________________________

       step    lg_Tmax     Teff     lg_LH      lg_Lnuc_tot     Mass       H_rich     H_cntr     N_cntr     Y_surf   eta_cntr   zones  retry
  lg_dt_yrs    lg_Tcntr    lg_R     lg_L3a     lg_Lneu     lg_Mdot    He_core    He_cntr    O_cntr     Z_surf   gam_cntr   iters  
    age_yrs    lg_Dcntr    lg_L     lg_LZ      lg_Lphoto   lg_Dsurf   CO_core    C_cntr     Ne_cntr    Z_cntr   v_div_cs       dt_limit
__________________________________________________________________________________________________________________________________________________

        120   7.276496  1.707E+04   0.900340   0.900340   4.999975   4.999975   0.755798   0.000088   0.242800  -4.113055    779      2
 3.8562E+00   7.276496   0.555081 -41.166000  -0.596441 -10.599920   0.000000   0.242800   0.000657   0.001400   0.031048      4
 3.0086E+05   1.092225   2.993479 -99.000000 -99.000000  -9.092466   0.000000   0.000227   0.000146   0.001402  0.000E+00    varcontrol

 Loading precomputed flux cube from:/home/njm/MESA/mesa/colors/data/stellar_models/Kurucz2003all//flux_cube.bin
 Loaded flux cube with dimensions:          76 x          11 x           9 x        1173
 Performing interpolation at target parameters...
 Interpolation complete
        121   7.294361  1.749E+04   1.153447   1.153447   4.999974   4.999974   0.755795   0.000108   0.242800  -4.064212    781      2
 3.8876E+00   7.294361   0.535491 -40.264826  -0.306421 -10.581633   0.000000   0.242799   0.000657   0.001400   0.030915      3
 3.0858E+05   1.140221   2.996390 -14.750470 -99.000000  -9.057637   0.000000   0.000209   0.000146   0.001405  0.000E+00        lgTeff

 Loading precomputed flux cube from:/home/njm/MESA/mesa/colors/data/stellar_models/Kurucz2003all//flux_cube.bin
 Loaded flux cube with dimensions:          76 x          11 x           9 x        1173
 Performing interpolation at target parameters...
 Interpolation complete
        122   7.311077  1.788E+04   1.373418   1.373418   4.999974   4.999974   0.755791   0.000143   0.242800  -4.020759    786      2
 3.8717E+00   7.311077   0.517334 -39.435071  -0.040044 -10.563940   0.000000   0.242799   0.000657   0.001400   0.030768      3
 3.1602E+05   1.184124   2.998932 -14.148410 -99.000000  -9.025586   0.000000   0.000180   0.000146   0.001410  0.000E+00        lgTeff

 Loading precomputed flux cube from:/home/njm/MESA/mesa/colors/data/stellar_models/Kurucz2003all//flux_cube.bin
 Loaded flux cube with dimensions:          76 x          11 x           9 x        1173
 Performing interpolation at target parameters...
 Interpolation complete
        123   7.328374  1.830E+04   1.581358   1.581358   4.999974   4.999974   0.755782   0.000200   0.242800  -3.976428    795      2
 3.9111E+00   7.328374   0.498133 -38.578207   0.220436 -10.547928   0.000000   0.242799   0.000657   0.001400   0.030602      5
 3.2417E+05   1.228930   3.000623 -99.000000 -99.000000  -8.992146   0.000000   0.000131   0.000146   0.001418  0.000E+00    varcontrol

 Loading precomputed flux cube from:/home/njm/MESA/mesa/colors/data/stellar_models/Kurucz2003all//flux_cube.bin
 Loaded flux cube with dimensions:          76 x          11 x           9 x        1173
 Performing interpolation at target parameters...
 Interpolation complete
        124   7.345588  1.873E+04   1.759820   1.759820   4.999974   4.999974   0.755771   0.000269   0.242800  -3.930274    803      2
 3.9419E+00   7.345588   0.478392 -37.729754   0.446321 -10.533466   0.000000   0.242801   0.000657   0.001400   0.030448      4
 3.3292E+05   1.273966   3.001444 -99.000000 -99.000000  -8.958297   0.000000   0.000072   0.000146   0.001428  0.000E+00        lgTeff

 Loading precomputed flux cube from:/home/njm/MESA/mesa/colors/data/stellar_models/Kurucz2003all//flux_cube.bin
 Loaded flux cube with dimensions:          76 x          11 x           9 x        1173
 Performing interpolation at target parameters...
 Interpolation complete
        125   7.360880  1.913E+04   1.886938   1.886938   4.999974   4.999974   0.755761   0.000319   0.242800  -3.883836    813      2
 3.9331E+00   7.360880   0.459980 -36.975224   0.608486 -10.520870   0.000000   0.242804   0.000656   0.001400   0.030364      5
 3.4149E+05   1.316214   3.001686 -13.847380 -99.000000  -8.927187   0.000000   0.000029   0.000146   0.001435  0.000E+00        lgTeff

 Loading precomputed flux cube from:/home/njm/MESA/mesa/colors/data/stellar_models/Kurucz2003all//flux_cube.bin
 Loaded flux cube with dimensions:          76 x          11 x           9 x        1173
 Performing interpolation at target parameters...
 Interpolation complete
        126   7.376307  1.955E+04   1.979842   1.979842   4.999973   4.999973   0.755752   0.000343   0.242800  -3.832356    812      2
 3.9753E+00   7.376307   0.440612 -36.218502   0.732085 -10.510420   0.000000   0.242810   0.000656   0.001400   0.030330      4
 3.5094E+05   1.361036   3.000896 -99.000000 -99.000000  -8.895010   0.000000   0.000009   0.000146   0.001439  0.000E+00    varcontrol

 Loading precomputed flux cube from:/home/njm/MESA/mesa/colors/data/stellar_models/Kurucz2003all//flux_cube.bin
 Loaded flux cube with dimensions:          76 x          11 x           9 x        1173
 Performing interpolation at target parameters...
 Interpolation complete
        127   7.393567  2.002E+04   2.053640   2.053640   4.999973   4.999973   0.755738   0.000349   0.242800  -3.777535    813      2
 4.0412E+00   7.393567   0.419278 -35.398586   0.840648 -10.502015   0.000000   0.242822   0.000655   0.001400   0.030275      5
 3.6193E+05   1.410427   2.998999 -99.000000 -99.000000  -8.860045   0.000000   0.000004   0.000146   0.001439  0.000E+00    varcontrol

 Loading precomputed flux cube from:/home/njm/MESA/mesa/colors/data/stellar_models/Kurucz2003all//flux_cube.bin
 Loaded flux cube with dimensions:          76 x          11 x           9 x        1173
 Performing interpolation at target parameters...
 Interpolation complete
        128   7.411683  2.048E+04   2.122322   2.122322   4.999973   4.999973   0.755714   0.000352   0.242800  -3.732089    821      2
 4.0584E+00   7.411683   0.398559 -34.567176   0.949538 -10.495302   0.000000   0.242847   0.000653   0.001400   0.030103      5
 3.7337E+05   1.457322   2.996862 -13.069229 -99.000000  -8.826336   0.000000   0.000003   0.000146   0.001439  0.000E+00        lgTeff

 Loading precomputed flux cube from:/home/njm/MESA/mesa/colors/data/stellar_models/Kurucz2003all//flux_cube.bin
 Loaded flux cube with dimensions:          76 x          11 x           9 x        1173
 Performing interpolation at target parameters...
 Interpolation complete
        129   7.431834  2.093E+04   2.214573   2.214573   4.999972   4.999972   0.755659   0.000357   0.242800  -3.706863    830      2
 4.0804E+00   7.431834   0.378355 -33.665853   1.084698 -10.489510   0.000000   0.242902   0.000647   0.001400   0.029664      5
 3.8541E+05   1.498594   2.994129 -13.546350 -99.000000  -8.793819   0.000000   0.000003   0.000146   0.001438  0.000E+00    varcontrol

 Loading precomputed flux cube from:/home/njm/MESA/mesa/colors/data/stellar_models/Kurucz2003all//flux_cube.bin
 Loaded flux cube with dimensions:          76 x          11 x           9 x        1173
 Performing interpolation at target parameters...
 Interpolation complete

__________________________________________________________________________________________________________________________________________________

       step    lg_Tmax     Teff     lg_LH      lg_Lnuc_tot     Mass       H_rich     H_cntr     N_cntr     Y_surf   eta_cntr   zones  retry
  lg_dt_yrs    lg_Tcntr    lg_R     lg_L3a     lg_Lneu     lg_Mdot    He_core    He_cntr    O_cntr     Z_surf   gam_cntr   iters  
    age_yrs    lg_Dcntr    lg_L     lg_LZ      lg_Lphoto   lg_Dsurf   CO_core    C_cntr     Ne_cntr    Z_cntr   v_div_cs       dt_limit
__________________________________________________________________________________________________________________________________________________

        130   7.454671  2.137E+04   2.366399   2.366399   4.999972   4.999972   0.755510   0.000373   0.242800  -3.709580    837      2
 4.1348E+00   7.454671   0.357585 -32.549084   1.270718 -10.485472   0.000000   0.243054   0.000628   0.001400   0.028875      5
 3.9905E+05   1.531916   2.989089 -99.000000 -99.000000  -8.761117   0.000000   0.000004   0.000146   0.001436  0.000E+00    varcontrol

 Loading precomputed flux cube from:/home/njm/MESA/mesa/colors/data/stellar_models/Kurucz2003all//flux_cube.bin
 Loaded flux cube with dimensions:          76 x          11 x           9 x        1173
 Performing interpolation at target parameters...
 Interpolation complete
        131   7.473982  2.174E+04   2.568774   2.568774   4.999971   4.999971   0.755455   0.000378   0.242800  -3.727985    848      2
 4.1829E+00   7.473982   0.337594 -31.479617   1.484093 -10.486848   0.000000   0.243109   0.000622   0.001400   0.028074      5
 4.1428E+05   1.553148   2.978576 -99.000000 -99.000000  -8.731033   0.000000   0.000004   0.000146   0.001435  0.000E+00    varcontrol

 Loading precomputed flux cube from:/home/njm/MESA/mesa/colors/data/stellar_models/Kurucz2003all//flux_cube.bin
 Loaded flux cube with dimensions:          76 x          11 x           9 x        1173
 Performing interpolation at target parameters...
 Interpolation complete
        132   7.487202  2.194E+04   2.742533   2.742533   4.999971   4.999971   0.755432   0.000380   0.242800  -3.759569    851      2
 4.2412E+00   7.487202   0.319304 -30.726073   1.658437 -10.502199   0.000000   0.243133   0.000619   0.001400   0.027366      5
 4.3171E+05   1.559505   2.957965 -99.000000 -99.000000  -8.705783   0.000000   0.000004   0.000146   0.001435  0.000E+00    varcontrol

 Loading precomputed flux cube from:/home/njm/MESA/mesa/colors/data/stellar_models/Kurucz2003all//flux_cube.bin
 Loaded flux cube with dimensions:          76 x          11 x           9 x        1173
 Performing interpolation at target parameters...
 Interpolation complete
        133   7.494127  2.193E+04   2.840181   2.840181   4.999970   4.999970   0.755383   0.000385   0.242800  -3.796380    864      2
 4.3203E+00   7.494127   0.303415 -30.338892   1.758434 -10.543477   0.000000   0.243183   0.000614   0.001400   0.026822      5
 4.5262E+05   1.554112   2.925449 -12.342230 -99.000000  -8.686646   0.000000   0.000004   0.000146   0.001434  0.000E+00  max increase

 Loading precomputed flux cube from:/home/njm/MESA/mesa/colors/data/stellar_models/Kurucz2003all//flux_cube.bin
 Loaded flux cube with dimensions:          76 x          11 x           9 x        1173
 Performing interpolation at target parameters...
 Interpolation complete
        134   7.496353  2.176E+04   2.870265   2.870265   4.999969   4.999969   0.755324   0.000391   0.242800  -3.828413    868      2
 4.3995E+00   7.496353   0.291415 -30.226662   1.794304 -10.615534   0.000000   0.243243   0.000607   0.001400   0.026473      5
 4.7771E+05   1.543683   2.887816 -12.643260 -99.000000  -8.674704   0.000000   0.000004   0.000146   0.001433  0.000E+00  max increase

 Loading precomputed flux cube from:/home/njm/MESA/mesa/colors/data/stellar_models/Kurucz2003all//flux_cube.bin
 Loaded flux cube with dimensions:          76 x          11 x           9 x        1173
 Performing interpolation at target parameters...
 Interpolation complete
        135   7.496054  2.154E+04   2.865814   2.865814   4.999969   4.999969   0.755226   0.000400   0.242800  -3.851274    865      2
 4.4787E+00   7.496054   0.284127 -30.258359   1.793779 -10.702350   0.000000   0.243342   0.000597   0.001400   0.026284      5
 5.0782E+05   1.533401   2.855569 -12.944290 -99.000000  -8.669346   0.000000   0.000004   0.000146   0.001432  0.000E+00  max increase

 Loading precomputed flux cube from:/home/njm/MESA/mesa/colors/data/stellar_models/Kurucz2003all//flux_cube.bin
 Loaded flux cube with dimensions:          76 x          11 x           9 x        1173
 Performing interpolation at target parameters...
 Interpolation complete
        136   7.494760  2.136E+04   2.852372   2.852372   4.999968   4.999968   0.755060   0.000414   0.242800  -3.865518    872      2
 4.5579E+00   7.494760   0.281126 -30.343399   1.779588 -10.778344   0.000000   0.243510   0.000580   0.001400   0.026202      5
 5.4395E+05   1.525346   2.835201 -99.000000 -99.000000  -8.668622   0.000000   0.000004   0.000146   0.001430  0.000E+00  max increase

 Loading precomputed flux cube from:/home/njm/MESA/mesa/colors/data/stellar_models/Kurucz2003all//flux_cube.bin
 Loaded flux cube with dimensions:          76 x          11 x           9 x        1173
 Performing interpolation at target parameters...
 Interpolation complete
        137   7.493433  2.126E+04   2.840138   2.840138   4.999968   4.999968   0.754883   0.000428   0.242800  -3.873153    867      2
 4.6371E+00   7.493433   0.280843 -30.426066   1.768413 -10.827199   0.000000   0.243689   0.000564   0.001400   0.026179      5
 5.8731E+05   1.520095   2.826330 -12.643260 -99.000000  -8.670013   0.000000   0.000004   0.000146   0.001428  0.000E+00  max increase

 Loading precomputed flux cube from:/home/njm/MESA/mesa/colors/data/stellar_models/Kurucz2003all//flux_cube.bin
 Loaded flux cube with dimensions:          76 x          11 x           9 x        1173
 Performing interpolation at target parameters...
 Interpolation complete
        138   7.492233  2.120E+04   2.834326   2.834326   4.999967   4.999967   0.754635   0.000447   0.242800  -3.878047    869      2
 4.7162E+00   7.492233   0.281812 -30.499028   1.760439 -10.849024   0.000000   0.243940   0.000542   0.001400   0.026177      5
 6.3934E+05   1.516235   2.823849 -99.000000 -99.000000  -8.672138   0.000000   0.000005   0.000146   0.001425  0.000E+00  max increase

 Loading precomputed flux cube from:/home/njm/MESA/mesa/colors/data/stellar_models/Kurucz2003all//flux_cube.bin
 Loaded flux cube with dimensions:          76 x          11 x           9 x        1173
 Performing interpolation at target parameters...
 Interpolation complete
        139   7.491148  2.117E+04   2.831745   2.831745   4.999966   4.999966   0.754339   0.000468   0.242800  -3.882087    868      2
 4.7954E+00   7.491148   0.283140 -30.564378   1.756126 -10.855690   0.000000   0.244238   0.000518   0.001400   0.026179      5
 7.0177E+05   1.512928   2.823696 -99.000000 -99.000000  -8.674368   0.000000   0.000005   0.000146   0.001422  0.000E+00  max increase

 Loading precomputed flux cube from:/home/njm/MESA/mesa/colors/data/stellar_models/Kurucz2003all//flux_cube.bin
 Loaded flux cube with dimensions:          76 x          11 x           9 x        1173
 Performing interpolation at target parameters...
 Interpolation complete

__________________________________________________________________________________________________________________________________________________

       step    lg_Tmax     Teff     lg_LH      lg_Lnuc_tot     Mass       H_rich     H_cntr     N_cntr     Y_surf   eta_cntr   zones  retry
  lg_dt_yrs    lg_Tcntr    lg_R     lg_L3a     lg_Lneu     lg_Mdot    He_core    He_cntr    O_cntr     Z_surf   gam_cntr   iters  
    age_yrs    lg_Dcntr    lg_L     lg_LZ      lg_Lphoto   lg_Dsurf   CO_core    C_cntr     Ne_cntr    Z_cntr   v_div_cs       dt_limit
__________________________________________________________________________________________________________________________________________________

        140   7.490097  2.114E+04   2.830608   2.830608   4.999965   4.999965   0.753981   0.000490   0.242800  -3.886118    867      2
 4.8746E+00   7.490097   0.284533 -30.627364   1.752740 -10.856781   0.000000   0.244600   0.000492   0.001400   0.026182      5
 7.7669E+05   1.509691   2.823990 -99.000000 -99.000000  -8.676610   0.000000   0.000005   0.000146   0.001419  0.000E+00  max increase

 Loading precomputed flux cube from:/home/njm/MESA/mesa/colors/data/stellar_models/Kurucz2003all//flux_cube.bin
 Loaded flux cube with dimensions:          76 x          11 x           9 x        1173
 Performing interpolation at target parameters...
 Interpolation complete
        141   7.489041  2.111E+04   2.829895   2.829895   4.999964   4.999964   0.753553   0.000515   0.242800  -3.890319    867      2
 4.9538E+00   7.489041   0.285950 -30.690264   1.749976 -10.856796   0.000000   0.245032   0.000464   0.001400   0.026185      5
 8.6660E+05   1.506392   2.824281 -99.000000 -99.000000  -8.678894   0.000000   0.000005   0.000146   0.001415  0.000E+00  max increase

 Loading precomputed flux cube from:/home/njm/MESA/mesa/colors/data/stellar_models/Kurucz2003all//flux_cube.bin
 Loaded flux cube with dimensions:          76 x          11 x           9 x        1173
 Performing interpolation at target parameters...
 Interpolation complete
        142   7.487981  2.108E+04   2.829333   2.829333   4.999962   4.999962   0.753039   0.000540   0.242800  -3.894664    867      2
 5.0330E+00   7.487981   0.287398 -30.753034   1.747334 -10.856833   0.000000   0.245550   0.000434   0.001400   0.026189      5
 9.7449E+05   1.503046   2.824563 -99.000000 -99.000000  -8.681232   0.000000   0.000006   0.000146   0.001412  0.000E+00  max increase

 Loading precomputed flux cube from:/home/njm/MESA/mesa/colors/data/stellar_models/Kurucz2003all//flux_cube.bin
 Loaded flux cube with dimensions:          76 x          11 x           9 x        1173
 Performing interpolation at target parameters...
 Interpolation complete
        143   7.486928  2.104E+04   2.828901   2.828901   4.999960   4.999960   0.752423   0.000567   0.242800  -3.899122    867      2
 5.1122E+00   7.486928   0.288880 -30.814910   1.744817 -10.856909   0.000000   0.246170   0.000403   0.001400   0.026192      5
 1.1040E+06   1.499685   2.824874 -99.000000 -99.000000  -8.683621   0.000000   0.000006   0.000146   0.001408  0.000E+00  max increase

 Loading precomputed flux cube from:/home/njm/MESA/mesa/colors/data/stellar_models/Kurucz2003all//flux_cube.bin
 Loaded flux cube with dimensions:          76 x          11 x           9 x        1173
 Performing interpolation at target parameters...
 Interpolation complete
        144   7.485894  2.101E+04   2.828611   2.828611   4.999958   4.999958   0.751684   0.000596   0.242800  -3.903673    865      2
 5.1913E+00   7.485894   0.290392 -30.874973   1.742461 -10.856931   0.000000   0.246912   0.000370   0.001400   0.026197      5
 1.2593E+06   1.496346   2.825236 -99.000000 -99.000000  -8.686050   0.000000   0.000006   0.000146   0.001403  0.000E+00  max increase

 Loading precomputed flux cube from:/home/njm/MESA/mesa/colors/data/stellar_models/Kurucz2003all//flux_cube.bin
 Loaded flux cube with dimensions:          76 x          11 x           9 x        1173
 Performing interpolation at target parameters...
 Interpolation complete
        145   7.484895  2.098E+04   2.828476   2.828476   4.999956   4.999956   0.750799   0.000625   0.242800  -3.908304    864      2
 5.2705E+00   7.484895   0.291928 -30.932269   1.740298 -10.856843   0.000000   0.247802   0.000337   0.001400   0.026203      5
 1.4457E+06   1.493059   2.825666 -99.000000 -99.000000  -8.688506   0.000000   0.000006   0.000146   0.001399  0.000E+00  max increase

 Loading precomputed flux cube from:/home/njm/MESA/mesa/colors/data/stellar_models/Kurucz2003all//flux_cube.bin
 Loaded flux cube with dimensions:          76 x          11 x           9 x        1173
 Performing interpolation at target parameters...
 Interpolation complete
        146   7.483943  2.095E+04   2.828507   2.828507   4.999953   4.999953   0.749737   0.000654   0.242800  -3.913007    864      2
 5.3497E+00   7.483943   0.293488 -30.985812   1.738362 -10.856601   0.000000   0.248868   0.000302   0.001400   0.026210      5
 1.6695E+06   1.489858   2.826181 -99.000000 -99.000000  -8.690983   0.000000   0.000007   0.000146   0.001395  0.000E+00  max increase

 Loading precomputed flux cube from:/home/njm/MESA/mesa/colors/data/stellar_models/Kurucz2003all//flux_cube.bin
 Loaded flux cube with dimensions:          76 x          11 x           9 x        1173
 Performing interpolation at target parameters...
 Interpolation complete
        147   7.483055  2.092E+04   2.828720   2.828720   4.999949   4.999949   0.748462   0.000684   0.242800  -3.917780    864      2
 5.4289E+00   7.483055   0.295071 -31.034573   1.736683 -10.856158   0.000000   0.250147   0.000268   0.001400   0.026219      5
 1.9379E+06   1.486775   2.826804 -99.000000 -99.000000  -8.693476   0.000000   0.000007   0.000146   0.001390  0.000E+00  max increase

 Loading precomputed flux cube from:/home/njm/MESA/mesa/colors/data/stellar_models/Kurucz2003all//flux_cube.bin
 Loaded flux cube with dimensions:          76 x          11 x           9 x        1173
 Performing interpolation at target parameters...
 Interpolation complete
        148   7.482244  2.089E+04   2.829133   2.829133   4.999944   4.999944   0.746932   0.000714   0.242800  -3.922629    864      2
 5.5081E+00   7.482244   0.296680 -31.077471   1.735295 -10.855461   0.000000   0.251682   0.000233   0.001400   0.026229      5
 2.2601E+06   1.483840   2.827561 -12.944290 -99.000000  -8.695983   0.000000   0.000007   0.000146   0.001386  0.000E+00  max increase

 Loading precomputed flux cube from:/home/njm/MESA/mesa/colors/data/stellar_models/Kurucz2003all//flux_cube.bin
 Loaded flux cube with dimensions:          76 x          11 x           9 x        1173
 Performing interpolation at target parameters...
 Interpolation complete
        149   7.481528  2.086E+04   2.829773   2.829773   4.999939   4.999939   0.745093   0.000743   0.242800  -3.927566    864      2
 5.5872E+00   7.481528   0.298322 -31.113357   1.734234 -10.854446   0.000000   0.253525   0.000200   0.001400   0.026242      5
 2.6466E+06   1.481086   2.828486 -99.000000 -99.000000  -8.698510   0.000000   0.000007   0.000146   0.001382  0.000E+00  max increase

 Loading precomputed flux cube from:/home/njm/MESA/mesa/colors/data/stellar_models/Kurucz2003all//flux_cube.bin
 Loaded flux cube with dimensions:          76 x          11 x           9 x        1173
 Performing interpolation at target parameters...
 Interpolation complete

__________________________________________________________________________________________________________________________________________________

       step    lg_Tmax     Teff     lg_LH      lg_Lnuc_tot     Mass       H_rich     H_cntr     N_cntr     Y_surf   eta_cntr   zones  retry
  lg_dt_yrs    lg_Tcntr    lg_R     lg_L3a     lg_Lneu     lg_Mdot    He_core    He_cntr    O_cntr     Z_surf   gam_cntr   iters  
    age_yrs    lg_Dcntr    lg_L     lg_LZ      lg_Lphoto   lg_Dsurf   CO_core    C_cntr     Ne_cntr    Z_cntr   v_div_cs       dt_limit
__________________________________________________________________________________________________________________________________________________

        150   7.480917  2.083E+04   2.830673   2.830673   4.999932   4.999932   0.742858   0.000771   0.242800  -3.932652    864      2
 5.6664E+00   7.480917   0.300019 -31.141206   1.733274 -10.853032   0.000000   0.255764   0.000168   0.001400   0.026257      5
 3.1105E+06   1.478526   2.829613 -99.000000 -99.000000  -8.701083   0.000000   0.000008   0.000146   0.001378  0.000E+00  max increase

save LOGS/profile4.data for model 150
 Loading precomputed flux cube from:/home/njm/MESA/mesa/colors/data/stellar_models/Kurucz2003all//flux_cube.bin
 Loaded flux cube with dimensions:          76 x          11 x           9 x        1173
 Performing interpolation at target parameters...
 Interpolation complete
save photos/x150 for model 150
        151   7.480434  2.081E+04   2.831867   2.831867   4.999925   4.999925   0.740170   0.000797   0.242800  -3.937890    863      2
 5.7456E+00   7.480434   0.301779 -31.159430   1.732977 -10.851146   0.000000   0.258456   0.000138   0.001400   0.026276      5
 3.6672E+06   1.476210   2.830999 -99.000000 -99.000000  -8.703704   0.000000   0.000008   0.000146   0.001374  0.000E+00  max increase

 Loading precomputed flux cube from:/home/njm/MESA/mesa/colors/data/stellar_models/Kurucz2003all//flux_cube.bin
 Loaded flux cube with dimensions:          76 x          11 x           9 x        1173
 Performing interpolation at target parameters...
 Interpolation complete
        152   7.480099  2.078E+04   2.833399   2.833399   4.999915   4.999915   0.736933   0.000820   0.242800  -3.943367    863      2
 5.8248E+00   7.480099   0.303624 -31.166669   1.733132 -10.848654   0.000000   0.261697   0.000111   0.001400   0.026299      5
 4.3352E+06   1.474149   2.832684 -12.944290 -99.000000  -8.706400   0.000000   0.000008   0.000146   0.001371  0.000E+00  max increase

 Loading precomputed flux cube from:/home/njm/MESA/mesa/colors/data/stellar_models/Kurucz2003all//flux_cube.bin
 Loaded flux cube with dimensions:          76 x          11 x           9 x        1173
 Performing interpolation at target parameters...
 Interpolation complete
        153   7.479926  2.076E+04   2.835341   2.835341   4.999904   4.999904   0.732987   0.000841   0.242800  -3.949190    863      2
 5.9040E+00   7.479926   0.305603 -31.161432   1.733533 -10.845464   0.000000   0.265645   0.000087   0.001400   0.026328      5
 5.1369E+06   1.472363   2.834742 -99.000000 -99.000000  -8.709235   0.000000   0.000008   0.000146   0.001368  0.000E+00  max increase

 Loading precomputed flux cube from:/home/njm/MESA/mesa/colors/data/stellar_models/Kurucz2003all//flux_cube.bin
 Loaded flux cube with dimensions:          76 x          11 x           9 x        1173
 Performing interpolation at target parameters...
 Interpolation complete
        154   7.479934  2.074E+04   2.837760   2.837760   4.999890   4.999890   0.728228   0.000858   0.242800  -3.955474    863      2
 5.9831E+00   7.479934   0.307755 -31.142297   1.734736 -10.841423   0.000000   0.270407   0.000067   0.001400   0.026363      5
 6.0988E+06   1.470859   2.837253 -99.000000 -99.000000  -8.712258   0.000000   0.000009   0.000146   0.001365  0.000E+00  max increase

 Loading precomputed flux cube from:/home/njm/MESA/mesa/colors/data/stellar_models/Kurucz2003all//flux_cube.bin
 Loaded flux cube with dimensions:          76 x          11 x           9 x        1173
 Performing interpolation at target parameters...
 Interpolation complete
        155   7.480141  2.072E+04   2.840755   2.840755   4.999873   4.999873   0.722444   0.000872   0.242800  -3.962412    865      2
 6.0623E+00   7.480141   0.310155 -31.107610   1.736423 -10.836352   0.000000   0.276193   0.000051   0.001400   0.026407      5
 7.2531E+06   1.469635   2.840315 -99.000000 -99.000000  -8.715568   0.000000   0.000009   0.000146   0.001363  0.000E+00  max increase

 Loading precomputed flux cube from:/home/njm/MESA/mesa/colors/data/stellar_models/Kurucz2003all//flux_cube.bin
 Loaded flux cube with dimensions:          76 x          11 x           9 x        1173
 Performing interpolation at target parameters...
 Interpolation complete
        156   7.480565  2.070E+04   2.844437   2.844437   4.999852   4.999852   0.715404   0.000882   0.242800  -3.970263    864      2
 6.1415E+00   7.480565   0.312894 -31.055764   1.738773 -10.830049   0.000000   0.283234   0.000039   0.001400   0.026462      5
 8.6383E+06   1.468666   2.844043 -99.000000 -99.000000  -8.719291   0.000000   0.000009   0.000146   0.001362  0.000E+00  max increase

 Loading precomputed flux cube from:/home/njm/MESA/mesa/colors/data/stellar_models/Kurucz2003all//flux_cube.bin
 Loaded flux cube with dimensions:          76 x          11 x           9 x        1173
 Performing interpolation at target parameters...
 Interpolation complete
        157   7.481227  2.067E+04   2.848961   2.848961   4.999827   4.999827   0.706770   0.000889   0.242800  -3.979344    865      2
 6.2207E+00   7.481227   0.316103 -30.984583   1.741739 -10.822275   0.000000   0.291870   0.000031   0.001400   0.026531      5
 1.0301E+07   1.467938   2.848595 -99.000000 -99.000000  -8.723609   0.000000   0.000009   0.000146   0.001361  0.000E+00  max increase

 Loading precomputed flux cube from:/home/njm/MESA/mesa/colors/data/stellar_models/Kurucz2003all//flux_cube.bin
 Loaded flux cube with dimensions:          76 x          11 x           9 x        1173
 Performing interpolation at target parameters...
 Interpolation complete
        158   7.482151  2.065E+04   2.854511   2.854511   4.999797   4.999797   0.696151   0.000894   0.242800  -3.990073    867      2
 6.2999E+00   7.482151   0.319944 -30.891754   1.745531 -10.812711   0.000000   0.302489   0.000025   0.001400   0.026619      5
 1.2295E+07   1.467415   2.854161 -99.000000 -99.000000  -8.728745   0.000000   0.000009   0.000146   0.001360  0.000E+00  max increase

 Loading precomputed flux cube from:/home/njm/MESA/mesa/colors/data/stellar_models/Kurucz2003all//flux_cube.bin
 Loaded flux cube with dimensions:          76 x          11 x           9 x        1173
 Performing interpolation at target parameters...
 Interpolation complete
        159   7.483374  2.062E+04   2.861329   2.861329   4.999759   4.999759   0.683052   0.000897   0.242800  -4.002948    870      2
 6.3791E+00   7.483374   0.324628 -30.774288   1.750269 -10.800973   0.000000   0.315588   0.000022   0.001400   0.026733      5
 1.4689E+07   1.467072   2.860986 -99.000000 -99.000000  -8.734995   0.000000   0.000009   0.000146   0.001359  0.000E+00      XHe_cntr

 Loading precomputed flux cube from:/home/njm/MESA/mesa/colors/data/stellar_models/Kurucz2003all//flux_cube.bin
 Loaded flux cube with dimensions:          76 x          11 x           9 x        1173
 Performing interpolation at target parameters...
 Interpolation complete

__________________________________________________________________________________________________________________________________________________

       step    lg_Tmax     Teff     lg_LH      lg_Lnuc_tot     Mass       H_rich     H_cntr     N_cntr     Y_surf   eta_cntr   zones  retry
  lg_dt_yrs    lg_Tcntr    lg_R     lg_L3a     lg_Lneu     lg_Mdot    He_core    He_cntr    O_cntr     Z_surf   gam_cntr   iters  
    age_yrs    lg_Dcntr    lg_L     lg_LZ      lg_Lphoto   lg_Dsurf   CO_core    C_cntr     Ne_cntr    Z_cntr   v_div_cs       dt_limit
__________________________________________________________________________________________________________________________________________________

        160   7.484515  2.059E+04   2.867452   2.867452   4.999724   4.999724   0.671223   0.000898   0.242800  -4.014383    867      2
 6.3234E+00   7.484515   0.328856 -30.667771   1.754479 -10.786565   0.000000   0.327418   0.000021   0.001400   0.026840      5
 1.6795E+07   1.466923   2.867109 -99.000000 -99.000000  -8.740638   0.000000   0.000009   0.000146   0.001359  0.000E+00      XHe_cntr

 Loading precomputed flux cube from:/home/njm/MESA/mesa/colors/data/stellar_models/Kurucz2003all//flux_cube.bin
 Loaded flux cube with dimensions:          76 x          11 x           9 x        1173
 Performing interpolation at target parameters...
 Interpolation complete
        161   7.485617  2.056E+04   2.873213   2.873213   4.999692   4.999692   0.659992   0.000899   0.242800  -4.025144    871      2
 6.2898E+00   7.485617   0.332879 -30.566990   1.758398 -10.773654   0.000000   0.338649   0.000020   0.001400   0.026946      5
 1.8744E+07   1.466870   2.872867 -12.643260 -99.000000  -8.746018   0.000000   0.000009   0.000146   0.001359  0.000E+00      XHe_cntr

 Loading precomputed flux cube from:/home/njm/MESA/mesa/colors/data/stellar_models/Kurucz2003all//flux_cube.bin
 Loaded flux cube with dimensions:          76 x          11 x           9 x        1173
 Performing interpolation at target parameters...
 Interpolation complete
        162   7.486701  2.054E+04   2.878782   2.878782   4.999660   4.999660   0.649055   0.000899   0.242800  -4.035514    871      2
 6.2674E+00   7.486701   0.336814 -30.469415   1.762159 -10.761538   0.000000   0.349586   0.000020   0.001400   0.027054      5
 2.0594E+07   1.466902   2.878432 -12.944290 -99.000000  -8.751291   0.000000   0.000009   0.000146   0.001359  0.000E+00      XHe_cntr

 Loading precomputed flux cube from:/home/njm/MESA/mesa/colors/data/stellar_models/Kurucz2003all//flux_cube.bin
 Loaded flux cube with dimensions:          76 x          11 x           9 x        1173
 Performing interpolation at target parameters...
 Interpolation complete
        163   7.487779  2.051E+04   2.884225   2.884225   4.999628   4.999628   0.638263   0.000899   0.242800  -4.045683    871      2
 6.2506E+00   7.487779   0.340714 -30.373843   1.765811 -10.749851   0.000000   0.360378   0.000019   0.001400   0.027163      5
 2.2375E+07   1.466992   2.883869 -99.000000 -99.000000  -8.756531   0.000000   0.000009   0.000146   0.001359  0.000E+00      XHe_cntr

 Loading precomputed flux cube from:/home/njm/MESA/mesa/colors/data/stellar_models/Kurucz2003all//flux_cube.bin
 Loaded flux cube with dimensions:          76 x          11 x           9 x        1173
 Performing interpolation at target parameters...
 Interpolation complete
        164   7.488855  2.048E+04   2.889585   2.889585   4.999596   4.999596   0.627543   0.000899   0.242800  -4.055697    876      2
 6.2368E+00   7.488855   0.344609 -30.279605   1.769395 -10.738463   0.000000   0.371098   0.000019   0.001400   0.027277      5
 2.4100E+07   1.467144   2.889224 -12.944290 -99.000000  -8.761777   0.000000   0.000009   0.000146   0.001359  0.000E+00      XHe_cntr

 Loading precomputed flux cube from:/home/njm/MESA/mesa/colors/data/stellar_models/Kurucz2003all//flux_cube.bin
 Loaded flux cube with dimensions:          76 x          11 x           9 x        1173
 Performing interpolation at target parameters...
 Interpolation complete
        165   7.489940  2.045E+04   2.894869   2.894869   4.999565   4.999565   0.616755   0.000899   0.242800  -4.065667    875      2
 6.2244E+00   7.489940   0.348525 -30.185661   1.772746 -10.727278   0.000000   0.381886   0.000019   0.001400   0.027395      5
 2.5777E+07   1.467366   2.894499 -99.000000 -99.000000  -8.767072   0.000000   0.000009   0.000146   0.001359  0.000E+00      XHe_cntr

 Loading precomputed flux cube from:/home/njm/MESA/mesa/colors/data/stellar_models/Kurucz2003all//flux_cube.bin
 Loaded flux cube with dimensions:          76 x          11 x           9 x        1173
 Performing interpolation at target parameters...
 Interpolation complete
        166   7.491016  2.042E+04   2.900091   2.900091   4.999534   4.999534   0.606150   0.000899   0.242800  -4.075447    873      2
 6.2118E+00   7.491016   0.352430 -30.093667   1.776442 -10.716301   0.000000   0.392491   0.000019   0.001400   0.027516      5
 2.7405E+07   1.467627   2.899717 -99.000000 -99.000000  -8.772357   0.000000   0.000009   0.000146   0.001359  0.000E+00      XHe_cntr

 Loading precomputed flux cube from:/home/njm/MESA/mesa/colors/data/stellar_models/Kurucz2003all//flux_cube.bin
 Loaded flux cube with dimensions:          76 x          11 x           9 x        1173
 Performing interpolation at target parameters...
 Interpolation complete
        167   7.492103  2.039E+04   2.905248   2.905248   4.999502   4.999502   0.595451   0.000899   0.242800  -4.085207    873      2
 6.2003E+00   7.492103   0.356364 -30.001653   1.779722 -10.705457   0.000000   0.403190   0.000019   0.001400   0.027642      5
 2.8991E+07   1.467958   2.904865 -12.467169 -99.000000  -8.777704   0.000000   0.000009   0.000146   0.001359  0.000E+00      XHe_cntr

 Loading precomputed flux cube from:/home/njm/MESA/mesa/colors/data/stellar_models/Kurucz2003all//flux_cube.bin
 Loaded flux cube with dimensions:          76 x          11 x           9 x        1173
 Performing interpolation at target parameters...
 Interpolation complete
        168   7.493194  2.035E+04   2.910361   2.910361   4.999471   4.999471   0.584784   0.000899   0.242800  -4.094855    873      2
 6.1895E+00   7.493194   0.360317 -29.910361   1.783189 -10.694803   0.000000   0.413857   0.000019   0.001400   0.027772      5
 3.0538E+07   1.468351   2.909972 -99.000000 -99.000000  -8.783089   0.000000   0.000009   0.000146   0.001359  0.000E+00      XHe_cntr

 Loading precomputed flux cube from:/home/njm/MESA/mesa/colors/data/stellar_models/Kurucz2003all//flux_cube.bin
 Loaded flux cube with dimensions:          76 x          11 x           9 x        1173
 Performing interpolation at target parameters...
 Interpolation complete
        169   7.494286  2.032E+04   2.915407   2.915407   4.999440   4.999440   0.574169   0.000899   0.242800  -4.104424    868      2
 6.1778E+00   7.494286   0.364278 -29.819935   1.786622 -10.684263   0.000000   0.424472   0.000019   0.001400   0.027907      5
 3.2044E+07   1.468787   2.915012 -12.944290 -99.000000  -8.788500   0.000000   0.000009   0.000146   0.001359  0.000E+00      XHe_cntr

 Loading precomputed flux cube from:/home/njm/MESA/mesa/colors/data/stellar_models/Kurucz2003all//flux_cube.bin
 Loaded flux cube with dimensions:          76 x          11 x           9 x        1173
 Performing interpolation at target parameters...
 Interpolation complete

__________________________________________________________________________________________________________________________________________________

       step    lg_Tmax     Teff     lg_LH      lg_Lnuc_tot     Mass       H_rich     H_cntr     N_cntr     Y_surf   eta_cntr   zones  retry
  lg_dt_yrs    lg_Tcntr    lg_R     lg_L3a     lg_Lneu     lg_Mdot    He_core    He_cntr    O_cntr     Z_surf   gam_cntr   iters  
    age_yrs    lg_Dcntr    lg_L     lg_LZ      lg_Lphoto   lg_Dsurf   CO_core    C_cntr     Ne_cntr    Z_cntr   v_div_cs       dt_limit
__________________________________________________________________________________________________________________________________________________

        170   7.495384  2.029E+04   2.920405   2.920405   4.999409   4.999409   0.563542   0.000899   0.242800  -4.113923    870      2
 6.1672E+00   7.495384   0.368264 -29.729829   1.789987 -10.673892   0.000000   0.435099   0.000019   0.001400   0.028046      5
 3.3514E+07   1.469286   2.920003 -99.000000 -99.000000  -8.793961   0.000000   0.000009   0.000146   0.001359  0.000E+00      XHe_cntr

 Loading precomputed flux cube from:/home/njm/MESA/mesa/colors/data/stellar_models/Kurucz2003all//flux_cube.bin
 Loaded flux cube with dimensions:          76 x          11 x           9 x        1173
 Performing interpolation at target parameters...
 Interpolation complete
        171   7.496491  2.025E+04   2.925358   2.925358   4.999378   4.999378   0.552899   0.000899   0.242800  -4.123355    870      2
 6.1568E+00   7.496491   0.372277 -29.639945   1.793339 -10.663655   0.000000   0.445742   0.000019   0.001400   0.028190      5
 3.4949E+07   1.469850   2.924948 -12.245320 -99.000000  -8.799474   0.000000   0.000010   0.000146   0.001359  0.000E+00      XHe_cntr

 Loading precomputed flux cube from:/home/njm/MESA/mesa/colors/data/stellar_models/Kurucz2003all//flux_cube.bin
 Loaded flux cube with dimensions:          76 x          11 x           9 x        1173
 Performing interpolation at target parameters...
 Interpolation complete
        172   7.497604  2.021E+04   2.930259   2.930259   4.999347   4.999347   0.542247   0.000899   0.242800  -4.132715    868      2
 6.1460E+00   7.497604   0.376314 -29.550292   1.796675 -10.653547   0.000000   0.456394   0.000018   0.001400   0.028340      5
 3.6349E+07   1.470478   2.929842 -12.467169 -99.000000  -8.805037   0.000000   0.000010   0.000146   0.001359  0.000E+00      XHe_cntr

 Loading precomputed flux cube from:/home/njm/MESA/mesa/colors/data/stellar_models/Kurucz2003all//flux_cube.bin
 Loaded flux cube with dimensions:          76 x          11 x           9 x        1173
 Performing interpolation at target parameters...
 Interpolation complete
        173   7.498726  2.017E+04   2.935108   2.935108   4.999316   4.999316   0.531589   0.000899   0.242800  -4.142002    869      2
 6.1351E+00   7.498726   0.380374 -29.460844   1.799995 -10.643578   0.000000   0.467053   0.000018   0.001400   0.028496      5
 3.7714E+07   1.471172   2.934683 -99.000000 -99.000000  -8.810649   0.000000   0.000010   0.000146   0.001359  0.000E+00      XHe_cntr

 Loading precomputed flux cube from:/home/njm/MESA/mesa/colors/data/stellar_models/Kurucz2003all//flux_cube.bin
 Loaded flux cube with dimensions:          76 x          11 x           9 x        1173
 Performing interpolation at target parameters...
 Interpolation complete
        174   7.499855  2.014E+04   2.939901   2.939901   4.999285   4.999285   0.520926   0.000899   0.242800  -4.151214    869      2
 6.1241E+00   7.499855   0.384456 -29.371569   1.803298 -10.633754   0.000000   0.477715   0.000018   0.001400   0.028656      5
 3.9044E+07   1.471933   2.939468 -99.000000 -99.000000  -8.816307   0.000000   0.000010   0.000146   0.001359  0.000E+00      XHe_cntr

 Loading precomputed flux cube from:/home/njm/MESA/mesa/colors/data/stellar_models/Kurucz2003all//flux_cube.bin
 Loaded flux cube with dimensions:          76 x          11 x           9 x        1173
 Performing interpolation at target parameters...
 Interpolation complete
        175   7.500981  2.010E+04   2.944645   2.944645   4.999254   4.999254   0.510417   0.000900   0.242800  -4.160277    870      2
 6.1129E+00   7.500981   0.388538 -29.283449   1.806759 -10.624080   0.000000   0.488224   0.000018   0.001400   0.028820      5
 4.0341E+07   1.472729   2.944208 -12.944290 -99.000000  -8.821974   0.000000   0.000010   0.000146   0.001359  0.000E+00      XHe_cntr

 Loading precomputed flux cube from:/home/njm/MESA/mesa/colors/data/stellar_models/Kurucz2003all//flux_cube.bin
 Loaded flux cube with dimensions:          76 x          11 x           9 x        1173
 Performing interpolation at target parameters...
 Interpolation complete
        176   7.502119  2.006E+04   2.949353   2.949353   4.999223   4.999223   0.499867   0.000900   0.242800  -4.169295    871      2
 6.1034E+00   7.502119   0.392657 -29.195101   1.810061 -10.614517   0.000000   0.498774   0.000018   0.001400   0.028990      5
 4.1610E+07   1.473596   2.948907 -12.944290 -99.000000  -8.827709   0.000000   0.000010   0.000146   0.001359  0.000E+00      XHe_cntr

 Loading precomputed flux cube from:/home/njm/MESA/mesa/colors/data/stellar_models/Kurucz2003all//flux_cube.bin
 Loaded flux cube with dimensions:          76 x          11 x           9 x        1173
 Performing interpolation at target parameters...
 Interpolation complete
        177   7.503272  2.001E+04   2.954036   2.954036   4.999192   4.999192   0.489256   0.000900   0.242800  -4.178247    872      2
 6.0946E+00   7.503272   0.396820 -29.106274   1.813372 -10.605074   0.000000   0.509385   0.000018   0.001400   0.029167      5
 4.2853E+07   1.474554   2.953581 -12.245320 -99.000000  -8.833524   0.000000   0.000010   0.000146   0.001359  0.000E+00      XHe_cntr

 Loading precomputed flux cube from:/home/njm/MESA/mesa/colors/data/stellar_models/Kurucz2003all//flux_cube.bin
 Loaded flux cube with dimensions:          76 x          11 x           9 x        1173
 Performing interpolation at target parameters...
 Interpolation complete
        178   7.504438  1.997E+04   2.958675   2.958675   4.999161   4.999161   0.478612   0.000900   0.242800  -4.187140    878      2
 6.0845E+00   7.504438   0.401018 -29.017171   1.816678 -10.595718   0.000000   0.520029   0.000018   0.001400   0.029351      5
 4.4068E+07   1.475588   2.958212 -12.099192 -99.000000  -8.839403   0.000000   0.000010   0.000146   0.001359  0.000E+00      XHe_cntr

 Loading precomputed flux cube from:/home/njm/MESA/mesa/colors/data/stellar_models/Kurucz2003all//flux_cube.bin
 Loaded flux cube with dimensions:          76 x          11 x           9 x        1173
 Performing interpolation at target parameters...
 Interpolation complete
        179   7.505615  1.993E+04   2.963266   2.963266   4.999131   4.999131   0.467949   0.000900   0.242800  -4.195940    875      2
 6.0738E+00   7.505615   0.405243 -28.927853   1.819975 -10.586488   0.000000   0.530692   0.000018   0.001400   0.029543      5
 4.5253E+07   1.476708   2.962793 -99.000000 -99.000000  -8.845340   0.000000   0.000010   0.000146   0.001359  0.000E+00      XHe_cntr

 Loading precomputed flux cube from:/home/njm/MESA/mesa/colors/data/stellar_models/Kurucz2003all//flux_cube.bin
 Loaded flux cube with dimensions:          76 x          11 x           9 x        1173
 Performing interpolation at target parameters...
 Interpolation complete

__________________________________________________________________________________________________________________________________________________

       step    lg_Tmax     Teff     lg_LH      lg_Lnuc_tot     Mass       H_rich     H_cntr     N_cntr     Y_surf   eta_cntr   zones  retry
  lg_dt_yrs    lg_Tcntr    lg_R     lg_L3a     lg_Lneu     lg_Mdot    He_core    He_cntr    O_cntr     Z_surf   gam_cntr   iters  
    age_yrs    lg_Dcntr    lg_L     lg_LZ      lg_Lphoto   lg_Dsurf   CO_core    C_cntr     Ne_cntr    Z_cntr   v_div_cs       dt_limit
__________________________________________________________________________________________________________________________________________________

        180   7.506805  1.988E+04   2.967799   2.967799   4.999100   4.999100   0.457276   0.000900   0.242800  -4.204664    874      2
 6.0627E+00   7.506805   0.409493 -28.838345   1.823255 -10.577394   0.000000   0.541366   0.000018   0.001400   0.029741      5
 4.6409E+07   1.477904   2.967317 -12.041200 -99.000000  -8.851329   0.000000   0.000010   0.000146   0.001359  0.000E+00      XHe_cntr

 Loading precomputed flux cube from:/home/njm/MESA/mesa/colors/data/stellar_models/Kurucz2003all//flux_cube.bin
 Loaded flux cube with dimensions:          76 x          11 x           9 x        1173
 Performing interpolation at target parameters...
 Interpolation complete
        181   7.508003  1.983E+04   2.972279   2.972279   4.999070   4.999070   0.446638   0.000900   0.242800  -4.213264    873      2
 6.0515E+00   7.508003   0.413760 -28.748899   1.826556 -10.568457   0.000000   0.552003   0.000018   0.001400   0.029946      5
 4.7534E+07   1.479180   2.971789 -12.099192 -99.000000  -8.857359   0.000000   0.000010   0.000146   0.001359  0.000E+00      XHe_cntr

 Loading precomputed flux cube from:/home/njm/MESA/mesa/colors/data/stellar_models/Kurucz2003all//flux_cube.bin
 Loaded flux cube with dimensions:          76 x          11 x           9 x        1173
 Performing interpolation at target parameters...
 Interpolation complete
        182   7.509210  1.979E+04   2.976705   2.976705   4.999039   4.999039   0.436028   0.000900   0.242800  -4.221771    872      2
 6.0405E+00   7.509210   0.418046 -28.659412   1.829843 -10.559657   0.000000   0.562613   0.000018   0.001400   0.030157      5
 4.8632E+07   1.480525   2.976206 -99.000000 -99.000000  -8.863433   0.000000   0.000010   0.000146   0.001359  0.000E+00      XHe_cntr

 Loading precomputed flux cube from:/home/njm/MESA/mesa/colors/data/stellar_models/Kurucz2003all//flux_cube.bin
 Loaded flux cube with dimensions:          76 x          11 x           9 x        1173
 Performing interpolation at target parameters...
 Interpolation complete
        183   7.510434  1.974E+04   2.981087   2.981087   4.999009   4.999009   0.425387   0.000900   0.242800  -4.230180    874      2
 6.0301E+00   7.510434   0.422366 -28.569384   1.833096 -10.551004   0.000000   0.573254   0.000018   0.001400   0.030377      5
 4.9704E+07   1.481969   2.980578 -99.000000 -99.000000  -8.869573   0.000000   0.000010   0.000146   0.001359  0.000E+00      XHe_cntr

 Loading precomputed flux cube from:/home/njm/MESA/mesa/colors/data/stellar_models/Kurucz2003all//flux_cube.bin
 Loaded flux cube with dimensions:          76 x          11 x           9 x        1173
 Performing interpolation at target parameters...
 Interpolation complete
        184   7.511670  1.969E+04   2.985422   2.985422   4.998979   4.998979   0.414763   0.000900   0.242800  -4.238483    871      2
 6.0195E+00   7.511670   0.426710 -28.479093   1.836366 -10.542479   0.000000   0.583879   0.000018   0.001400   0.030604      5
 5.0750E+07   1.483498   2.984903 -99.000000 -99.000000  -8.875766   0.000000   0.000010   0.000146   0.001359  0.000E+00      XHe_cntr

 Loading precomputed flux cube from:/home/njm/MESA/mesa/colors/data/stellar_models/Kurucz2003all//flux_cube.bin
 Loaded flux cube with dimensions:          76 x          11 x           9 x        1173
 Performing interpolation at target parameters...
 Interpolation complete
        185   7.512920  1.964E+04   2.989706   2.989706   4.998950   4.998950   0.404156   0.000900   0.242800  -4.246687    869      2
 6.0088E+00   7.512920   0.431078 -28.388502   1.839625 -10.534085   0.000000   0.594485   0.000018   0.001400   0.030839      5
 5.1770E+07   1.485108   2.989178 -12.944290 -99.000000  -8.882010   0.000000   0.000010   0.000146   0.001359  0.000E+00      XHe_cntr

 Loading precomputed flux cube from:/home/njm/MESA/mesa/colors/data/stellar_models/Kurucz2003all//flux_cube.bin
 Loaded flux cube with dimensions:          76 x          11 x           9 x        1173
 Performing interpolation at target parameters...
 Interpolation complete
        186   7.514189  1.959E+04   2.993945   2.993945   4.998920   4.998920   0.393513   0.000900   0.242800  -4.254807    869      2
 5.9985E+00   7.514189   0.435481 -28.297141   1.842849 -10.525827   0.000000   0.605129   0.000017   0.001400   0.031084      5
 5.2767E+07   1.486820   2.993405 -12.467169 -99.000000  -8.888324   0.000000   0.000010   0.000146   0.001359  0.000E+00      XHe_cntr

 Loading precomputed flux cube from:/home/njm/MESA/mesa/colors/data/stellar_models/Kurucz2003all//flux_cube.bin
 Loaded flux cube with dimensions:          76 x          11 x           9 x        1173
 Performing interpolation at target parameters...
 Interpolation complete
        187   7.515477  1.953E+04   2.998131   2.998131   4.998890   4.998890   0.382836   0.000900   0.242800  -4.262839    875      2
 5.9879E+00   7.515477   0.439916 -28.204974   1.846058 -10.517706   0.000000   0.615805   0.000017   0.001400   0.031338      5
 5.3740E+07   1.488636   2.997581 -12.467169 -99.000000  -8.894705   0.000000   0.000010   0.000146   0.001359  0.000E+00      XHe_cntr

 Loading precomputed flux cube from:/home/njm/MESA/mesa/colors/data/stellar_models/Kurucz2003all//flux_cube.bin
 Loaded flux cube with dimensions:          76 x          11 x           9 x        1173
 Performing interpolation at target parameters...
 Interpolation complete
        188   7.516768  1.948E+04   3.002272   3.002272   4.998861   4.998861   0.372330   0.000900   0.242800  -4.270662    874      2
 5.9767E+00   7.516768   0.444351 -28.113386   1.849351 -10.509730   0.000000   0.626311   0.000017   0.001400   0.031597      5
 5.4687E+07   1.490516   3.001716 -12.643260 -99.000000  -8.901100   0.000000   0.000010   0.000146   0.001359  0.000E+00      XHe_cntr

 Loading precomputed flux cube from:/home/njm/MESA/mesa/colors/data/stellar_models/Kurucz2003all//flux_cube.bin
 Loaded flux cube with dimensions:          76 x          11 x           9 x        1173
 Performing interpolation at target parameters...
 Interpolation complete
        189   7.518093  1.942E+04   3.006371   3.006371   4.998832   4.998832   0.361672   0.000900   0.242800  -4.278452    874      2
 5.9670E+00   7.518093   0.448841 -28.019966   1.852504 -10.501855   0.000000   0.636970   0.000017   0.001400   0.031870      5
 5.5614E+07   1.492536   3.005800 -12.643260 -99.000000  -8.907599   0.000000   0.000010   0.000146   0.001359  0.000E+00      XHe_cntr

 Loading precomputed flux cube from:/home/njm/MESA/mesa/colors/data/stellar_models/Kurucz2003all//flux_cube.bin
 Loaded flux cube with dimensions:          76 x          11 x           9 x        1173
 Performing interpolation at target parameters...
 Interpolation complete

__________________________________________________________________________________________________________________________________________________

       step    lg_Tmax     Teff     lg_LH      lg_Lnuc_tot     Mass       H_rich     H_cntr     N_cntr     Y_surf   eta_cntr   zones  retry
  lg_dt_yrs    lg_Tcntr    lg_R     lg_L3a     lg_Lneu     lg_Mdot    He_core    He_cntr    O_cntr     Z_surf   gam_cntr   iters  
    age_yrs    lg_Dcntr    lg_L     lg_LZ      lg_Lphoto   lg_Dsurf   CO_core    C_cntr     Ne_cntr    Z_cntr   v_div_cs       dt_limit
__________________________________________________________________________________________________________________________________________________

        190   7.519434  1.937E+04   3.010426   3.010426   4.998803   4.998803   0.351056   0.000900   0.242800  -4.286127    874      2
 5.9572E+00   7.519434   0.453358 -27.926024   1.855729 -10.494135   0.000000   0.647586   0.000017   0.001400   0.032152      5
 5.6520E+07   1.494645   3.009846 -99.000000 -99.000000  -8.914155   0.000000   0.000010   0.000146   0.001359  0.000E+00      XHe_cntr

 Loading precomputed flux cube from:/home/njm/MESA/mesa/colors/data/stellar_models/Kurucz2003all//flux_cube.bin
 Loaded flux cube with dimensions:          76 x          11 x           9 x        1173
 Performing interpolation at target parameters...
 Interpolation complete
        191   7.520800  1.931E+04   3.014433   3.014433   4.998774   4.998774   0.340410   0.000900   0.242800  -4.293666    875      2
 5.9462E+00   7.520800   0.457906 -27.830975   1.858902 -10.486526   0.000000   0.658231   0.000017   0.001400   0.032445      5
 5.7404E+07   1.496885   3.013840 -12.342230 -99.000000  -8.920778   0.000000   0.000010   0.000146   0.001359  0.000E+00      XHe_cntr

 Loading precomputed flux cube from:/home/njm/MESA/mesa/colors/data/stellar_models/Kurucz2003all//flux_cube.bin
 Loaded flux cube with dimensions:          76 x          11 x           9 x        1173
 Performing interpolation at target parameters...
 Interpolation complete
        192   7.522193  1.925E+04   3.018396   3.018396   4.998745   4.998745   0.329722   0.000900   0.242800  -4.301062    875      2
 5.9357E+00   7.522193   0.462490 -27.734642   1.862063 -10.479059   0.000000   0.668919   0.000017   0.001400   0.032752      5
 5.8266E+07   1.499269   3.017791 -12.643260 -99.000000  -8.927477   0.000000   0.000010   0.000146   0.001359  0.000E+00      XHe_cntr

 Loading precomputed flux cube from:/home/njm/MESA/mesa/colors/data/stellar_models/Kurucz2003all//flux_cube.bin
 Loaded flux cube with dimensions:          76 x          11 x           9 x        1173
 Performing interpolation at target parameters...
 Interpolation complete
        193   7.523593  1.920E+04   3.022312   3.022312   4.998717   4.998717   0.319213   0.000900   0.242800  -4.308227    874      2
 5.9243E+00   7.523593   0.467073 -27.638554   1.865283 -10.471721   0.000000   0.679428   0.000017   0.001400   0.033064      5
 5.9106E+07   1.501732   3.021701 -12.342230 -99.000000  -8.934188   0.000000   0.000010   0.000146   0.001359  0.000E+00      XHe_cntr

 Loading precomputed flux cube from:/home/njm/MESA/mesa/colors/data/stellar_models/Kurucz2003all//flux_cube.bin
 Loaded flux cube with dimensions:          76 x          11 x           9 x        1173
 Performing interpolation at target parameters...
 Interpolation complete
        194   7.525038  1.914E+04   3.026189   3.026189   4.998689   4.998689   0.308539   0.000900   0.242800  -4.315310    871      2
 5.9145E+00   7.525038   0.471713 -27.539962   1.868395 -10.464483   0.000000   0.690103   0.000017   0.001400   0.033395      5
 5.9928E+07   1.504381   3.025561 -99.000000 -99.000000  -8.941010   0.000000   0.000010   0.000146   0.001358  0.000E+00      XHe_cntr

 Loading precomputed flux cube from:/home/njm/MESA/mesa/colors/data/stellar_models/Kurucz2003all//flux_cube.bin
 Loaded flux cube with dimensions:          76 x          11 x           9 x        1173
 Performing interpolation at target parameters...
 Interpolation complete
        195   7.526516  1.908E+04   3.030015   3.030015   4.998661   4.998661   0.297830   0.000900   0.242800  -4.322301    872      2
 5.9045E+00   7.526516   0.476388 -27.439761   1.871524 -10.457396   0.000000   0.700812   0.000017   0.001400   0.033739      5
 6.0730E+07   1.507161   3.029374 -99.000000 -99.000000  -8.947910   0.000000   0.000010   0.000146   0.001358  0.000E+00      XHe_cntr

 Loading precomputed flux cube from:/home/njm/MESA/mesa/colors/data/stellar_models/Kurucz2003all//flux_cube.bin
 Loaded flux cube with dimensions:          76 x          11 x           9 x        1173
 Performing interpolation at target parameters...
 Interpolation complete
        196   7.528011  1.901E+04   3.033787   3.033787   4.998633   4.998633   0.287240   0.000900   0.242800  -4.329058    876      2
 5.8925E+00   7.528011   0.481066 -27.339091   1.874661 -10.450447   0.000000   0.711402   0.000017   0.001400   0.034092      5
 6.1511E+07   1.510057   3.033138 -99.000000 -99.000000  -8.954832   0.000000   0.000011   0.000146   0.001358  0.000E+00      XHe_cntr

 Loading precomputed flux cube from:/home/njm/MESA/mesa/colors/data/stellar_models/Kurucz2003all//flux_cube.bin
 Loaded flux cube with dimensions:          76 x          11 x           9 x        1173
 Performing interpolation at target parameters...
 Interpolation complete
        197   7.529552  1.895E+04   3.037510   3.037510   4.998606   4.998606   0.276548   0.000900   0.242800  -4.335698    877      2
 5.8818E+00   7.529552   0.485783 -27.235983   1.877731 -10.443623   0.000000   0.722094   0.000017   0.001400   0.034464      5
 6.2273E+07   1.513136   3.036845 -12.342230 -99.000000  -8.961840   0.000000   0.000011   0.000146   0.001358  0.000E+00      XHe_cntr

 Loading precomputed flux cube from:/home/njm/MESA/mesa/colors/data/stellar_models/Kurucz2003all//flux_cube.bin
 Loaded flux cube with dimensions:          76 x          11 x           9 x        1173
 Performing interpolation at target parameters...
 Interpolation complete
        198   7.531108  1.889E+04   3.041190   3.041190   4.998578   4.998578   0.266026   0.000900   0.242800  -4.342080    874      2
 5.8710E+00   7.531108   0.490503 -27.132547   1.880852 -10.436959   0.000000   0.732615   0.000016   0.001400   0.034844      5
 6.3016E+07   1.516323   3.040519 -99.000000 -99.000000  -8.968869   0.000000   0.000011   0.000146   0.001358  0.000E+00      XHe_cntr

 Loading precomputed flux cube from:/home/njm/MESA/mesa/colors/data/stellar_models/Kurucz2003all//flux_cube.bin
 Loaded flux cube with dimensions:          76 x          11 x           9 x        1173
 Performing interpolation at target parameters...
 Interpolation complete
        199   7.532719  1.882E+04   3.044832   3.044832   4.998552   4.998552   0.255385   0.000900   0.242800  -4.348312    871      2
 5.8609E+00   7.532719   0.495268 -27.026135   1.883903 -10.430378   0.000000   0.743257   0.000016   0.001400   0.035244      5
 6.3742E+07   1.519728   3.044146 -99.000000 -99.000000  -8.975993   0.000000   0.000011   0.000146   0.001358  0.000E+00      XHe_cntr

 Loading precomputed flux cube from:/home/njm/MESA/mesa/colors/data/stellar_models/Kurucz2003all//flux_cube.bin
 Loaded flux cube with dimensions:          76 x          11 x           9 x        1173
 Performing interpolation at target parameters...
 Interpolation complete

__________________________________________________________________________________________________________________________________________________

       step    lg_Tmax     Teff     lg_LH      lg_Lnuc_tot     Mass       H_rich     H_cntr     N_cntr     Y_surf   eta_cntr   zones  retry
  lg_dt_yrs    lg_Tcntr    lg_R     lg_L3a     lg_Lneu     lg_Mdot    He_core    He_cntr    O_cntr     Z_surf   gam_cntr   iters  
    age_yrs    lg_Dcntr    lg_L     lg_LZ      lg_Lphoto   lg_Dsurf   CO_core    C_cntr     Ne_cntr    Z_cntr   v_div_cs       dt_limit
__________________________________________________________________________________________________________________________________________________

        200   7.534369  1.876E+04   3.048435   3.048435   4.998525   4.998525   0.244721   0.000900   0.242800  -4.354362    871      2
 5.8512E+00   7.534369   0.500068 -26.917295   1.886964 -10.423940   0.000000   0.753920   0.000016   0.001400   0.035663      5
 6.4452E+07   1.523309   3.047737 -99.000000 -99.000000  -8.983194   0.000000   0.000011   0.000146   0.001358  0.000E+00      XHe_cntr

save LOGS/profile5.data for model 200
 Loading precomputed flux cube from:/home/njm/MESA/mesa/colors/data/stellar_models/Kurucz2003all//flux_cube.bin
 Loaded flux cube with dimensions:          76 x          11 x           9 x        1173
 Performing interpolation at target parameters...
 Interpolation complete
save photos/x200 for model 200
        201   7.536079  1.869E+04   3.051984   3.051984   4.998498   4.998498   0.234015   0.000900   0.242800  -4.360216    870      2
 5.8399E+00   7.536079   0.504889 -26.805771   1.889988 -10.417607   0.000000   0.764626   0.000016   0.001400   0.036100      5
 6.5143E+07   1.527113   3.051273 -12.166139 -99.000000  -8.990453   0.000000   0.000011   0.000146   0.001358  0.000E+00      XHe_cntr

 Loading precomputed flux cube from:/home/njm/MESA/mesa/colors/data/stellar_models/Kurucz2003all//flux_cube.bin
 Loaded flux cube with dimensions:          76 x          11 x           9 x        1173
 Performing interpolation at target parameters...
 Interpolation complete
        202   7.537813  1.863E+04   3.055485   3.055485   4.998472   4.998472   0.223503   0.000900   0.242800  -4.365793    872      2
 5.8283E+00   7.537813   0.509698 -26.693473   1.893030 -10.411422   0.000000   0.775139   0.000016   0.001400   0.036547      5
 6.5817E+07   1.531037   3.054768 -12.166139 -99.000000  -8.997711   0.000000   0.000011   0.000146   0.001358  0.000E+00      XHe_cntr

 Loading precomputed flux cube from:/home/njm/MESA/mesa/colors/data/stellar_models/Kurucz2003all//flux_cube.bin
 Loaded flux cube with dimensions:          76 x          11 x           9 x        1173
 Performing interpolation at target parameters...
 Interpolation complete
        203   7.539628  1.856E+04   3.058946   3.058946   4.998446   4.998446   0.212795   0.000900   0.242800  -4.371207    875      2
 5.8184E+00   7.539628   0.514553 -26.576459   1.896004 -10.405333   0.000000   0.785847   0.000016   0.001400   0.037023      5
 6.6475E+07   1.535256   3.058212 -99.000000 -99.000000  -9.005069   0.000000   0.000011   0.000146   0.001358  0.000E+00      XHe_cntr

 Loading precomputed flux cube from:/home/njm/MESA/mesa/colors/data/stellar_models/Kurucz2003all//flux_cube.bin
 Loaded flux cube with dimensions:          76 x          11 x           9 x        1173
 Performing interpolation at target parameters...
 Interpolation complete
        204   7.541503  1.849E+04   3.062364   3.062364   4.998421   4.998421   0.202134   0.000900   0.242800  -4.376328    876      2
 5.8080E+00   7.541503   0.519418 -26.456566   1.898993 -10.399394   0.000000   0.796508   0.000016   0.001400   0.037517      5
 6.7118E+07   1.539709   3.061623 -12.643260 -99.000000  -9.012461   0.000000   0.000011   0.000146   0.001358  0.000E+00      XHe_cntr

 Loading precomputed flux cube from:/home/njm/MESA/mesa/colors/data/stellar_models/Kurucz2003all//flux_cube.bin
 Loaded flux cube with dimensions:          76 x          11 x           9 x        1173
 Performing interpolation at target parameters...
 Interpolation complete
        205   7.543453  1.843E+04   3.065740   3.065740   4.998395   4.998395   0.191433   0.000900   0.242800  -4.381101    876      2
 5.7962E+00   7.543453   0.524289 -26.332619   1.901950 -10.393544   0.000000   0.807209   0.000016   0.001400   0.038036      5
 6.7743E+07   1.544475   3.064989 -12.643260 -99.000000  -9.019885   0.000000   0.000011   0.000146   0.001358  0.000E+00      XHe_cntr

 Loading precomputed flux cube from:/home/njm/MESA/mesa/colors/data/stellar_models/Kurucz2003all//flux_cube.bin
 Loaded flux cube with dimensions:          76 x          11 x           9 x        1173
 Performing interpolation at target parameters...
 Interpolation complete
        206   7.545448  1.836E+04   3.069076   3.069076   4.998371   4.998371   0.180925   0.000900   0.242800  -4.385502    879      2
 5.7849E+00   7.545448   0.529139 -26.206659   1.904921 -10.387810   0.000000   0.817717   0.000016   0.001400   0.038569      5
 6.8353E+07   1.549435   3.068323 -99.000000 -99.000000  -9.027287   0.000000   0.000011   0.000146   0.001358  0.000E+00      XHe_cntr

 Loading precomputed flux cube from:/home/njm/MESA/mesa/colors/data/stellar_models/Kurucz2003all//flux_cube.bin
 Loaded flux cube with dimensions:          76 x          11 x           9 x        1173
 Performing interpolation at target parameters...
 Interpolation complete
        207   7.547567  1.829E+04   3.072375   3.072375   4.998346   4.998346   0.170201   0.000900   0.242800  -4.389625    878      2
 5.7750E+00   7.547567   0.534013 -26.073760   1.907839 -10.382141   0.000000   0.828440   0.000016   0.001400   0.039137      5
 6.8948E+07   1.554815   3.071611 -12.643260 -99.000000  -9.034749   0.000000   0.000011   0.000146   0.001358  0.000E+00      XHe_cntr

 Loading precomputed flux cube from:/home/njm/MESA/mesa/colors/data/stellar_models/Kurucz2003all//flux_cube.bin
 Loaded flux cube with dimensions:          76 x          11 x           9 x        1173
 Performing interpolation at target parameters...
 Interpolation complete
        208   7.549777  1.822E+04   3.075635   3.075635   4.998321   4.998321   0.159525   0.000900   0.242800  -4.393357    883      2
 5.7645E+00   7.549777   0.538871 -25.936125   1.910765 -10.376600   0.000000   0.839116   0.000015   0.001400   0.039730      5
 6.9530E+07   1.560521   3.074869 -99.000000 -99.000000  -9.042200   0.000000   0.000011   0.000146   0.001358  0.000E+00      XHe_cntr

 Loading precomputed flux cube from:/home/njm/MESA/mesa/colors/data/stellar_models/Kurucz2003all//flux_cube.bin
 Loaded flux cube with dimensions:          76 x          11 x           9 x        1173
 Performing interpolation at target parameters...
 Interpolation complete
        209   7.552107  1.816E+04   3.078849   3.078849   4.998297   4.998297   0.148805   0.000900   0.242800  -4.396630    884      2
 5.7524E+00   7.552107   0.543696 -25.791953   1.913658 -10.371123   0.000000   0.849837   0.000015   0.001400   0.040354      5
 7.0095E+07   1.566661   3.078082 -12.166139 -99.000000  -9.049612   0.000000   0.000011   0.000146   0.001358  0.000E+00      XHe_cntr

 Loading precomputed flux cube from:/home/njm/MESA/mesa/colors/data/stellar_models/Kurucz2003all//flux_cube.bin
 Loaded flux cube with dimensions:          76 x          11 x           9 x        1173
 Performing interpolation at target parameters...
 Interpolation complete

__________________________________________________________________________________________________________________________________________________

       step    lg_Tmax     Teff     lg_LH      lg_Lnuc_tot     Mass       H_rich     H_cntr     N_cntr     Y_surf   eta_cntr   zones  retry
  lg_dt_yrs    lg_Tcntr    lg_R     lg_L3a     lg_Lneu     lg_Mdot    He_core    He_cntr    O_cntr     Z_surf   gam_cntr   iters  
    age_yrs    lg_Dcntr    lg_L     lg_LZ      lg_Lphoto   lg_Dsurf   CO_core    C_cntr     Ne_cntr    Z_cntr   v_div_cs       dt_limit
__________________________________________________________________________________________________________________________________________________

        210   7.554552  1.809E+04   3.082028   3.082028   4.998274   4.998274   0.138158   0.000900   0.242800  -4.399378    884      2
 5.7408E+00   7.554552   0.548469 -25.641764   1.916548 -10.365741   0.000000   0.860484   0.000015   0.001400   0.041004      5
 7.0646E+07   1.573211   3.081267 -99.000000 -99.000000  -9.056951   0.000000   0.000011   0.000146   0.001358  0.000E+00      XHe_cntr

 Loading precomputed flux cube from:/home/njm/MESA/mesa/colors/data/stellar_models/Kurucz2003all//flux_cube.bin
 Loaded flux cube with dimensions:          76 x          11 x           9 x        1173
 Performing interpolation at target parameters...
 Interpolation complete
        211   7.557158  1.802E+04   3.085172   3.085172   4.998250   4.998250   0.127445   0.000900   0.242800  -4.401561    886      2
 5.7293E+00   7.557158   0.553184 -25.482707   1.919418 -10.360403   0.000000   0.871197   0.000015   0.001400   0.041691      5
 7.1182E+07   1.580313   3.084419 -12.643260 -99.000000  -9.064201   0.000000   0.000012   0.000146   0.001358  0.000E+00      XHe_cntr

 Loading precomputed flux cube from:/home/njm/MESA/mesa/colors/data/stellar_models/Kurucz2003all//flux_cube.bin
 Loaded flux cube with dimensions:          76 x          11 x           9 x        1173
 Performing interpolation at target parameters...
 Interpolation complete
        212   7.559920  1.796E+04   3.088286   3.088286   4.998227   4.998227   0.116798   0.000900   0.242800  -4.403076    886      2
 5.7179E+00   7.559920   0.557806 -25.315067   1.922288 -10.355113   0.000000   0.881844   0.000015   0.001400   0.042408      5
 7.1704E+07   1.587953   3.087552 -12.643260 -99.000000  -9.071304   0.000000   0.000012   0.000146   0.001358  0.000E+00      XHe_cntr

 Loading precomputed flux cube from:/home/njm/MESA/mesa/colors/data/stellar_models/Kurucz2003all//flux_cube.bin
 Loaded flux cube with dimensions:          76 x          11 x           9 x        1173
 Performing interpolation at target parameters...
 Interpolation complete
        213   7.562869  1.790E+04   3.091376   3.091376   4.998204   4.998204   0.106078   0.000900   0.242800  -4.403830    889      2
 5.7065E+00   7.562869   0.562313 -25.134513   1.925149 -10.349821   0.000000   0.892564   0.000015   0.001400   0.043170      5
 7.2213E+07   1.596274   3.090669 -99.000000 -99.000000  -9.078216   0.000000   0.000012   0.000146   0.001358  0.000E+00      XHe_cntr

 Loading precomputed flux cube from:/home/njm/MESA/mesa/colors/data/stellar_models/Kurucz2003all//flux_cube.bin
 Loaded flux cube with dimensions:          76 x          11 x           9 x        1173
 Performing interpolation at target parameters...
 Interpolation complete
        214   7.566091  1.784E+04   3.094449   3.094449   4.998182   4.421754   0.095459   0.000900   0.242800  -4.403592    889      2
 5.6950E+00   7.566091   0.566646 -24.942234   1.928022 -10.344508   0.576428   0.903183   0.000015   0.001400   0.043962      5
 7.2708E+07   1.605437   3.093786 -12.342230 -99.000000  -9.084830   0.000000   0.000012   0.000146   0.001358  0.000E+00      XHe_cntr

 Loading precomputed flux cube from:/home/njm/MESA/mesa/colors/data/stellar_models/Kurucz2003all//flux_cube.bin
 Loaded flux cube with dimensions:          76 x          11 x           9 x        1173
 Performing interpolation at target parameters...
 Interpolation complete
        215   7.569628  1.779E+04   3.097519   3.097519   4.998160   4.421731   0.084827   0.000900   0.242800  -4.402176    892      2
 5.6838E+00   7.569628   0.570755 -24.732864   1.930910 -10.339100   0.576428   0.913815   0.000014   0.001400   0.044799      5
 7.3191E+07   1.615630   3.096917 -99.000000 -99.000000  -9.091059   0.000000   0.000012   0.000146   0.001358  0.000E+00      XHe_cntr

 Loading precomputed flux cube from:/home/njm/MESA/mesa/colors/data/stellar_models/Kurucz2003all//flux_cube.bin
 Loaded flux cube with dimensions:          76 x          11 x           9 x        1173
 Performing interpolation at target parameters...
 Interpolation complete
        216   7.573533  1.774E+04   3.100600   3.100600   4.998138   4.421710   0.074268   0.000900   0.242800  -4.399353    893      2
 5.6734E+00   7.573533   0.574563 -24.503631   1.933836 -10.333537   0.576428   0.924375   0.000014   0.001400   0.045677      5
 7.3663E+07   1.627002   3.100088 -99.000000 -99.000000  -9.096762   0.000000   0.000012   0.000146   0.001358  0.000E+00      XHe_cntr

 Loading precomputed flux cube from:/home/njm/MESA/mesa/colors/data/stellar_models/Kurucz2003all//flux_cube.bin
 Loaded flux cube with dimensions:          76 x          11 x           9 x        1173
 Performing interpolation at target parameters...
 Interpolation complete
        217   7.577904  1.771E+04   3.103641   3.103641   4.998117   4.421688   0.063792   0.000900   0.242800  -4.394654    898      2
 5.6537E+00   7.577904   0.577866 -24.249243   1.936742 -10.327717   0.576428   0.934850   0.000014   0.001400   0.046597      5
 7.4113E+07   1.639898   3.103265 -99.000000 -99.000000  -9.101594   0.000000   0.000012   0.000146   0.001358  0.000E+00    lg_XH_cntr

 Loading precomputed flux cube from:/home/njm/MESA/mesa/colors/data/stellar_models/Kurucz2003all//flux_cube.bin
 Loaded flux cube with dimensions:          76 x          11 x           9 x        1173
 Performing interpolation at target parameters...
 Interpolation complete
        218   7.582613  1.769E+04   3.106514   3.106514   4.998097   4.421669   0.053964   0.000900   0.242800  -4.387931    899      2
 5.6129E+00   7.582613   0.580385 -23.977590   1.939514 -10.321611   0.576428   0.944678   0.000014   0.001400   0.047511      5
 7.4523E+07   1.653957   3.106336 -99.000000 -99.000000  -9.105104   0.000000   0.000012   0.000146   0.001358  0.000E+00    lg_XH_cntr

 Loading precomputed flux cube from:/home/njm/MESA/mesa/colors/data/stellar_models/Kurucz2003all//flux_cube.bin
 Loaded flux cube with dimensions:          76 x          11 x           9 x        1173
 Performing interpolation at target parameters...
 Interpolation complete
        219   7.587477  1.769E+04   3.109111   3.109111   4.998080   4.421652   0.045251   0.000900   0.242800  -4.379487    899      2
 5.5523E+00   7.587477   0.581966 -23.699662   1.942042 -10.315349   0.576428   0.953392   0.000014   0.001400   0.048364      5
 7.4880E+07   1.668568   3.109199 -99.000000 -99.000000  -9.107054   0.000000   0.000013   0.000146   0.001358  0.000E+00    lg_XH_cntr

 Loading precomputed flux cube from:/home/njm/MESA/mesa/colors/data/stellar_models/Kurucz2003all//flux_cube.bin
 Loaded flux cube with dimensions:          76 x          11 x           9 x        1173
 Performing interpolation at target parameters...
 Interpolation complete

__________________________________________________________________________________________________________________________________________________

       step    lg_Tmax     Teff     lg_LH      lg_Lnuc_tot     Mass       H_rich     H_cntr     N_cntr     Y_surf   eta_cntr   zones  retry
  lg_dt_yrs    lg_Tcntr    lg_R     lg_L3a     lg_Lneu     lg_Mdot    He_core    He_cntr    O_cntr     Z_surf   gam_cntr   iters  
    age_yrs    lg_Dcntr    lg_L     lg_LZ      lg_Lphoto   lg_Dsurf   CO_core    C_cntr     Ne_cntr    Z_cntr   v_div_cs       dt_limit
__________________________________________________________________________________________________________________________________________________

        220   7.592410  1.770E+04   3.111410   3.111410   4.998065   4.421637   0.037727   0.000900   0.242800  -4.369398    902      2
 5.4808E+00   7.592410   0.582609 -23.420240   1.944301 -10.309099   0.576428   0.960915   0.000013   0.001400   0.049138      5
 7.5183E+07   1.683528   3.111850 -99.000000 -99.000000  -9.107447   0.000000   0.000013   0.000146   0.001358  0.000E+00    lg_XH_cntr

 Loading precomputed flux cube from:/home/njm/MESA/mesa/colors/data/stellar_models/Kurucz2003all//flux_cube.bin
 Loaded flux cube with dimensions:          76 x          11 x           9 x        1173
 Performing interpolation at target parameters...
 Interpolation complete
        221   7.597442  1.773E+04   3.113398   3.113398   4.998053   4.421624   0.031238   0.000900   0.242800  -4.357677    909      2
 5.4030E+00   7.597442   0.582336 -23.137602   1.946274 -10.302874   0.576428   0.967404   0.000013   0.001400   0.049837      5
 7.5436E+07   1.698931   3.114323 -99.000000 -99.000000  -9.106309   0.000000   0.000013   0.000146   0.001358  0.000E+00    lg_XH_cntr

 Loading precomputed flux cube from:/home/njm/MESA/mesa/colors/data/stellar_models/Kurucz2003all//flux_cube.bin
 Loaded flux cube with dimensions:          76 x          11 x           9 x        1173
 Performing interpolation at target parameters...
 Interpolation complete
        222   7.602460  1.778E+04   3.115093   3.115093   4.998042   4.421614   0.025803   0.000900   0.242800  -4.344756    916      2
 5.3192E+00   7.602460   0.581272 -22.858046   1.947978 -10.296600   0.576428   0.972839   0.000013   0.001400   0.050449      5
 7.5644E+07   1.714402   3.116620 -99.000000 -99.000000  -9.103859   0.000000   0.000013   0.000146   0.001358  0.000E+00    lg_XH_cntr

 Loading precomputed flux cube from:/home/njm/MESA/mesa/colors/data/stellar_models/Kurucz2003all//flux_cube.bin
 Loaded flux cube with dimensions:          76 x          11 x           9 x        1173
 Performing interpolation at target parameters...
 Interpolation complete
        223   7.607424  1.783E+04   3.116500   3.116500   4.998033   4.421605   0.021299   0.000900   0.242800  -4.330781    916      2
 5.2315E+00   7.607424   0.579560 -22.583613   1.949412 -10.290339   0.576428   0.977344   0.000013   0.001400   0.050978      5
 7.5814E+07   1.729863   3.118780 -99.000000 -99.000000  -9.100331   0.000000   0.000013   0.000146   0.001358  0.000E+00    lg_XH_cntr

 Loading precomputed flux cube from:/home/njm/MESA/mesa/colors/data/stellar_models/Kurucz2003all//flux_cube.bin
 Loaded flux cube with dimensions:          76 x          11 x           9 x        1173
 Performing interpolation at target parameters...
 Interpolation complete
        224   7.612322  1.790E+04   3.117636   3.117636   4.998026   4.421598   0.017578   0.000900   0.242800  -4.315886    916      2
 5.1430E+00   7.612322   0.577330 -22.314728   1.950593 -10.284070   0.576428   0.981065   0.000013   0.001400   0.051437      5
 7.5953E+07   1.745297   3.120845 -99.000000 -99.000000  -9.095941   0.000000   0.000014   0.000146   0.001357  0.000E+00    lg_XH_cntr

 Loading precomputed flux cube from:/home/njm/MESA/mesa/colors/data/stellar_models/Kurucz2003all//flux_cube.bin
 Loaded flux cube with dimensions:          76 x          11 x           9 x        1173
 Performing interpolation at target parameters...
 Interpolation complete
        225   7.617069  1.797E+04   3.118546   3.118546   4.998020   4.421592   0.014558   0.000900   0.242800  -4.300520    921      2
 5.0542E+00   7.617069   0.574746 -22.055887   1.951564 -10.277759   0.576428   0.984085   0.000013   0.001400   0.051827      5
 7.6067E+07   1.760411   3.122815 -12.643260 -99.000000  -9.090974   0.000000   0.000014   0.000146   0.001357  0.000E+00    lg_XH_cntr

 Loading precomputed flux cube from:/home/njm/MESA/mesa/colors/data/stellar_models/Kurucz2003all//flux_cube.bin
 Loaded flux cube with dimensions:          76 x          11 x           9 x        1173
 Performing interpolation at target parameters...
 Interpolation complete
        226   7.621768  1.805E+04   3.119158   3.119158   4.998015   4.421587   0.012043   0.000900   0.242800  -4.284202    919      2
 4.9675E+00   7.621768   0.571870 -21.801086   1.952253 -10.271495   0.576428   0.986599   0.000012   0.001400   0.052173      5
 7.6160E+07   1.775653   3.124781 -99.000000 -99.000000  -9.085512   0.000000   0.000014   0.000146   0.001357  0.000E+00    lg_XH_cntr

 Loading precomputed flux cube from:/home/njm/MESA/mesa/colors/data/stellar_models/Kurucz2003all//flux_cube.bin
 Loaded flux cube with dimensions:          76 x          11 x           9 x        1173
 Performing interpolation at target parameters...
 Interpolation complete
        227   7.626318  1.814E+04   3.119599   3.119599   4.998011   4.421583   0.009998   0.000899   0.242800  -4.267494    925      2
 4.8815E+00   7.626318   0.568833 -21.555824   1.952786 -10.265086   0.576428   0.988645   0.000012   0.001400   0.052475      5
 7.6236E+07   1.790638   3.126707 -12.342230 -99.000000  -9.079792   0.000000   0.000014   0.000146   0.001357  0.000E+00    lg_XH_cntr

 Loading precomputed flux cube from:/home/njm/MESA/mesa/colors/data/stellar_models/Kurucz2003all//flux_cube.bin
 Loaded flux cube with dimensions:          76 x          11 x           9 x        1173
 Performing interpolation at target parameters...
 Interpolation complete
        228   7.630848  1.823E+04   3.119638   3.119638   4.998008   4.421579   0.008275   0.000899   0.242800  -4.249669    925      2
 4.7968E+00   7.630848   0.565651 -21.312758   1.952934 -10.258688   0.576428   0.990368   0.000012   0.001400   0.052755      5
 7.6298E+07   1.805938   3.128718 -99.000000 -99.000000  -9.073809   0.000000   0.000014   0.000146   0.001357  0.000E+00    lg_XH_cntr

 Loading precomputed flux cube from:/home/njm/MESA/mesa/colors/data/stellar_models/Kurucz2003all//flux_cube.bin
 Loaded flux cube with dimensions:          76 x          11 x           9 x        1173
 Performing interpolation at target parameters...
 Interpolation complete
        229   7.635250  1.831E+04   3.119521   3.119521   4.998005   4.421576   0.006861   0.000899   0.242800  -4.231221    927      2
 4.7119E+00   7.635250   0.562431 -21.077538   1.952943 -10.252002   0.576428   0.991782   0.000012   0.001400   0.053014      5
 7.6350E+07   1.821183   3.130744 -99.000000 -99.000000  -9.067771   0.000000   0.000015   0.000146   0.001357  0.000E+00    lg_XH_cntr

 Loading precomputed flux cube from:/home/njm/MESA/mesa/colors/data/stellar_models/Kurucz2003all//flux_cube.bin
 Loaded flux cube with dimensions:          76 x          11 x           9 x        1173
 Performing interpolation at target parameters...
 Interpolation complete

__________________________________________________________________________________________________________________________________________________

       step    lg_Tmax     Teff     lg_LH      lg_Lnuc_tot     Mass       H_rich     H_cntr     N_cntr     Y_surf   eta_cntr   zones  retry
  lg_dt_yrs    lg_Tcntr    lg_R     lg_L3a     lg_Lneu     lg_Mdot    He_core    He_cntr    O_cntr     Z_surf   gam_cntr   iters  
    age_yrs    lg_Dcntr    lg_L     lg_LZ      lg_Lphoto   lg_Dsurf   CO_core    C_cntr     Ne_cntr    Z_cntr   v_div_cs       dt_limit
__________________________________________________________________________________________________________________________________________________

        230   7.639525  1.840E+04   3.119068   3.119068   4.998002   4.421574   0.005693   0.000899   0.242800  -4.211958    928      2
 4.6264E+00   7.639525   0.559248 -20.849815   1.952633 -10.245261   0.576428   0.992950   0.000012   0.001400   0.053261      5
 7.6392E+07   1.836480   3.132821 -12.342230 -99.000000  -9.061795   0.000000   0.000015   0.000146   0.001357  0.000E+00    lg_XH_cntr

 Loading precomputed flux cube from:/home/njm/MESA/mesa/colors/data/stellar_models/Kurucz2003all//flux_cube.bin
 Loaded flux cube with dimensions:          76 x          11 x           9 x        1173
 Performing interpolation at target parameters...
 Interpolation complete
        231   7.643632  1.849E+04   3.118417   3.118417   4.998000   4.421572   0.004735   0.000899   0.242800  -4.192022    932      2
 4.5425E+00   7.643632   0.556166 -20.631665   1.952140 -10.238412   0.576428   0.993908   0.000012   0.001400   0.053501      5
 7.6427E+07   1.851724   3.134923 -12.166139 -99.000000  -9.055999   0.000000   0.000015   0.000146   0.001357  0.000E+00    lg_XH_cntr

 Loading precomputed flux cube from:/home/njm/MESA/mesa/colors/data/stellar_models/Kurucz2003all//flux_cube.bin
 Loaded flux cube with dimensions:          76 x          11 x           9 x        1173
 Performing interpolation at target parameters...
 Interpolation complete
        232   7.647595  1.858E+04   3.117367   3.117367   4.997999   4.421570   0.003939   0.000899   0.242800  -4.171011    933      2
 4.4601E+00   7.647595   0.553222 -20.421346   1.951265 -10.231554   0.576428   0.994704   0.000012   0.001400   0.053748      5
 7.6456E+07   1.867146   3.137092 -99.000000 -99.000000  -9.050434   0.000000   0.000015   0.000146   0.001357  0.000E+00    lg_XH_cntr

 Loading precomputed flux cube from:/home/njm/MESA/mesa/colors/data/stellar_models/Kurucz2003all//flux_cube.bin
 Loaded flux cube with dimensions:          76 x          11 x           9 x        1173
 Performing interpolation at target parameters...
 Interpolation complete
        233   7.651343  1.866E+04   3.116257   3.116257   4.997997   4.421569   0.003288   0.000899   0.242800  -4.149318    938      2
 4.3788E+00   7.651343   0.550465 -20.222525   1.950344 -10.224606   0.576428   0.995355   0.000012   0.001400   0.054000      5
 7.6480E+07   1.882471   3.139252 -99.000000 -99.000000  -9.045204   0.000000   0.000015   0.000146   0.001357  0.000E+00    lg_XH_cntr

 Loading precomputed flux cube from:/home/njm/MESA/mesa/colors/data/stellar_models/Kurucz2003all//flux_cube.bin
 Loaded flux cube with dimensions:          76 x          11 x           9 x        1173
 Performing interpolation at target parameters...
 Interpolation complete
        234   7.654865  1.874E+04   3.114941   3.114941   4.997996   4.421567   0.002752   0.000899   0.242800  -4.126748    939      2
 4.2992E+00   7.654865   0.547928 -20.035400   1.949231 -10.217780   0.576428   0.995891   0.000012   0.001400   0.054267      5
 7.6500E+07   1.897784   3.141387 -99.000000 -99.000000  -9.040365   0.000000   0.000015   0.000146   0.001357  0.000E+00    lg_XH_cntr

 Loading precomputed flux cube from:/home/njm/MESA/mesa/colors/data/stellar_models/Kurucz2003all//flux_cube.bin
 Loaded flux cube with dimensions:          76 x          11 x           9 x        1173
 Performing interpolation at target parameters...
 Interpolation complete
        235   7.658139  1.881E+04   3.113543   3.113543   4.997995   4.421566   0.002310   0.000899   0.242800  -4.103258    943      2
 4.2230E+00   7.658139   0.545621 -19.860230   1.948047 -10.211134   0.576428   0.996333   0.000012   0.001400   0.054553      5
 7.6516E+07   1.913076   3.143474 -99.000000 -99.000000  -9.035940   0.000000   0.000016   0.000146   0.001357  0.000E+00    lg_XH_cntr

 Loading precomputed flux cube from:/home/njm/MESA/mesa/colors/data/stellar_models/Kurucz2003all//flux_cube.bin
 Loaded flux cube with dimensions:          76 x          11 x           9 x        1173
 Performing interpolation at target parameters...
 Interpolation complete
        236   7.661211  1.888E+04   3.111742   3.111742   4.997994   4.421566   0.001936   0.000898   0.242800  -4.078183    943      2
 4.1493E+00   7.661211   0.543544 -19.695315   1.946473 -10.204729   0.576428   0.996707   0.000011   0.001400   0.054871      5
 7.6530E+07   1.928718   3.145534 -99.000000 -99.000000  -9.031923   0.000000   0.000016   0.000146   0.001357  0.000E+00    lg_XH_cntr

 Loading precomputed flux cube from:/home/njm/MESA/mesa/colors/data/stellar_models/Kurucz2003all//flux_cube.bin
 Loaded flux cube with dimensions:          76 x          11 x           9 x        1173
 Performing interpolation at target parameters...
 Interpolation complete
        237   7.664034  1.894E+04   3.109893   3.109893   4.997993   4.421565   0.001622   0.000898   0.242800  -4.051486    944      2
 4.0757E+00   7.664034   0.541710 -19.542242   1.944863 -10.198514   0.576428   0.997021   0.000011   0.001400   0.055228      5
 7.6542E+07   1.944654   3.147523 -99.000000 -99.000000  -9.028341   0.000000   0.000016   0.000146   0.001357  0.000E+00    lg_XH_cntr

 Loading precomputed flux cube from:/home/njm/MESA/mesa/colors/data/stellar_models/Kurucz2003all//flux_cube.bin
 Loaded flux cube with dimensions:          76 x          11 x           9 x        1173
 Performing interpolation at target parameters...
 Interpolation complete
        238   7.666534  1.899E+04   3.108600   3.108600   4.997993   4.421564   0.001365   0.000898   0.242800  -4.023873    947      2
 4.0010E+00   7.666534   0.540131 -19.404774   1.943810 -10.192603   0.576428   0.997278   0.000011   0.001400   0.055616      5
 7.6552E+07   1.960472   3.149349 -99.000000 -99.000000  -9.025236   0.000000   0.000016   0.000146   0.001357  0.000E+00    lg_XH_cntr

 Loading precomputed flux cube from:/home/njm/MESA/mesa/colors/data/stellar_models/Kurucz2003all//flux_cube.bin
 Loaded flux cube with dimensions:          76 x          11 x           9 x        1173
 Performing interpolation at target parameters...
 Interpolation complete
        239   7.668703  1.904E+04   3.107577   3.107577   4.997992   4.415187   0.001151   0.000898   0.242800  -3.995096    950      2
 3.9291E+00   7.668703   0.538792 -19.283084   1.943025 -10.187236   0.582805   0.997492   0.000011   0.001400   0.056043      5
 7.6561E+07   1.976268   3.150984 -99.000000 -99.000000  -9.022586   0.000000   0.000016   0.000146   0.001357  0.000E+00    lg_XH_cntr

 Loading precomputed flux cube from:/home/njm/MESA/mesa/colors/data/stellar_models/Kurucz2003all//flux_cube.bin
 Loaded flux cube with dimensions:          76 x          11 x           9 x        1173
 Performing interpolation at target parameters...
 Interpolation complete

__________________________________________________________________________________________________________________________________________________

       step    lg_Tmax     Teff     lg_LH      lg_Lnuc_tot     Mass       H_rich     H_cntr     N_cntr     Y_surf   eta_cntr   zones  retry
  lg_dt_yrs    lg_Tcntr    lg_R     lg_L3a     lg_Lneu     lg_Mdot    He_core    He_cntr    O_cntr     Z_surf   gam_cntr   iters  
    age_yrs    lg_Dcntr    lg_L     lg_LZ      lg_Lphoto   lg_Dsurf   CO_core    C_cntr     Ne_cntr    Z_cntr   v_div_cs       dt_limit
__________________________________________________________________________________________________________________________________________________

        240   7.670523  1.908E+04   3.107162   3.107162   4.997992   4.415186   0.000973   0.000898   0.242800  -3.965113    950      2
 3.8607E+00   7.670523   0.537675 -19.177715   1.942840 -10.182467   0.582805   0.997670   0.000011   0.001400   0.056512      5
 7.6568E+07   1.992040   3.152401 -99.000000 -99.000000  -9.020366   0.000000   0.000016   0.000146   0.001357  0.000E+00    lg_XH_cntr

 Loading precomputed flux cube from:/home/njm/MESA/mesa/colors/data/stellar_models/Kurucz2003all//flux_cube.bin
 Loaded flux cube with dimensions:          76 x          11 x           9 x        1173
 Performing interpolation at target parameters...
 Interpolation complete
        241   7.671983  1.911E+04   3.107600   3.107600   4.997991   4.415186   0.000825   0.000898   0.242800  -3.934202    953      2
 3.7942E+00   7.671983   0.536764 -19.089335   1.943494 -10.178360   0.582805   0.997818   0.000011   0.001400   0.057022      5
 7.6574E+07   2.007650   3.153572 -12.643260 -99.000000  -9.018554   0.000000   0.000016   0.000146   0.001357  0.000E+00    lg_XH_cntr

 Loading precomputed flux cube from:/home/njm/MESA/mesa/colors/data/stellar_models/Kurucz2003all//flux_cube.bin
 Loaded flux cube with dimensions:          76 x          11 x           9 x        1173
 Performing interpolation at target parameters...
 Interpolation complete
        242   7.673067  1.914E+04   3.109062   3.109062   4.997991   4.415186   0.000702   0.000898   0.242800  -3.902483    957      2
 3.7307E+00   7.673067   0.536039 -19.018484   1.945150 -10.174970   0.582805   0.997941   0.000011   0.001400   0.057572      5
 7.6580E+07   2.023027   3.154487 -99.000000 -99.000000  -9.017119   0.000000   0.000016   0.000146   0.001357  0.000E+00    lg_XH_cntr

 Loading precomputed flux cube from:/home/njm/MESA/mesa/colors/data/stellar_models/Kurucz2003all//flux_cube.bin
 Loaded flux cube with dimensions:          76 x          11 x           9 x        1173
 Performing interpolation at target parameters...
 Interpolation complete
        243   7.673791  1.916E+04   3.111593   3.111593   4.997991   4.415185   0.000600   0.000898   0.242800  -3.870155    957      2
 3.6710E+00   7.673791   0.535479 -18.964656   1.947851 -10.172316   0.582805   0.998043   0.000011   0.001400   0.058160      4
 7.6584E+07   2.038107   3.155148 -99.000000 -99.000000  -9.016022   0.000000   0.000016   0.000146   0.001357  0.000E+00    lg_XH_cntr

 Loading precomputed flux cube from:/home/njm/MESA/mesa/colors/data/stellar_models/Kurucz2003all//flux_cube.bin
 Loaded flux cube with dimensions:          76 x          11 x           9 x        1173
 Performing interpolation at target parameters...
 Interpolation complete
        244   7.674154  1.917E+04   3.115017   3.115017   4.997990   4.415185   0.000513   0.000898   0.242800  -3.837115    959      2
 3.6153E+00   7.674154   0.535063 -18.927579   1.951418 -10.170379   0.582805   0.998130   0.000011   0.001400   0.058789      4
 7.6589E+07   2.052940   3.155569 -99.000000 -99.000000  -9.015224   0.000000   0.000016   0.000146   0.001357  0.000E+00    lg_XH_cntr

 Loading precomputed flux cube from:/home/njm/MESA/mesa/colors/data/stellar_models/Kurucz2003all//flux_cube.bin
 Loaded flux cube with dimensions:          76 x          11 x           9 x        1173
 Performing interpolation at target parameters...
 Interpolation complete
        245   7.674171  1.918E+04   3.119428   3.119428   4.997990   4.415185   0.000440   0.000898   0.242800  -3.803666    963      2
 3.5619E+00   7.674171   0.534774 -18.906758   1.955942 -10.169114   0.582805   0.998203   0.000011   0.001400   0.059453      3
 7.6592E+07   2.067414   3.155765 -99.000000 -99.000000  -9.014693   0.000000   0.000016   0.000146   0.001357  0.000E+00    lg_XH_cntr

 Loading precomputed flux cube from:/home/njm/MESA/mesa/colors/data/stellar_models/Kurucz2003all//flux_cube.bin
 Loaded flux cube with dimensions:          76 x          11 x           9 x        1173
 Performing interpolation at target parameters...
 Interpolation complete
        246   7.673858  1.919E+04   3.124524   3.124524   4.997990   4.415184   0.000378   0.000898   0.242800  -3.769930    966      2
 3.5108E+00   7.673858   0.534593 -18.901471   1.961125 -10.168473   0.582805   0.998266   0.000011   0.001400   0.060152      3
 7.6595E+07   2.081503   3.155760 -99.000000 -99.000000  -9.014392   0.000000   0.000017   0.000146   0.001357  0.000E+00    lg_XH_cntr

 Loading precomputed flux cube from:/home/njm/MESA/mesa/colors/data/stellar_models/Kurucz2003all//flux_cube.bin
 Loaded flux cube with dimensions:          76 x          11 x           9 x        1173
 Performing interpolation at target parameters...
 Interpolation complete
        247   7.673248  1.919E+04   3.130242   3.130242   4.997990   4.415184   0.000325   0.000898   0.242800  -3.736314    969      2
 3.4616E+00   7.673248   0.534506 -18.910366   1.966902 -10.168389   0.582805   0.998318   0.000011   0.001400   0.060876      3
 7.6598E+07   2.095083   3.155579 -11.798162 -99.000000  -9.014290   0.000000   0.000017   0.000146   0.001357  0.000E+00    lg_XH_cntr

 Loading precomputed flux cube from:/home/njm/MESA/mesa/colors/data/stellar_models/Kurucz2003all//flux_cube.bin
 Loaded flux cube with dimensions:          76 x          11 x           9 x        1173
 Performing interpolation at target parameters...
 Interpolation complete
        248   7.672364  1.918E+04   3.136192   3.136192   4.997989   4.415184   0.000281   0.000898   0.242800  -3.702935    973      2
 3.4154E+00   7.672364   0.534496 -18.932117   1.972889 -10.168790   0.582805   0.998362   0.000011   0.001400   0.061620      3
 7.6601E+07   2.108139   3.155253 -12.342230 -99.000000  -9.014352   0.000000   0.000017   0.000146   0.001357  0.000E+00    lg_XH_cntr

 Loading precomputed flux cube from:/home/njm/MESA/mesa/colors/data/stellar_models/Kurucz2003all//flux_cube.bin
 Loaded flux cube with dimensions:          76 x          11 x           9 x        1173
 Performing interpolation at target parameters...
 Interpolation complete
        249   7.671250  1.918E+04   3.142240   3.142240   4.997989   4.415184   0.000244   0.000898   0.242800  -3.669933    973      2
 3.3728E+00   7.671250   0.534551 -18.965310   1.978956 -10.169592   0.582805   0.998400   0.000011   0.001400   0.062382      3
 7.6603E+07   2.120676   3.154811 -12.643260 -99.000000  -9.014551   0.000000   0.000017   0.000146   0.001357  0.000E+00    lg_XH_cntr

 Loading precomputed flux cube from:/home/njm/MESA/mesa/colors/data/stellar_models/Kurucz2003all//flux_cube.bin
 Loaded flux cube with dimensions:          76 x          11 x           9 x        1173
 Performing interpolation at target parameters...
 Interpolation complete

__________________________________________________________________________________________________________________________________________________

       step    lg_Tmax     Teff     lg_LH      lg_Lnuc_tot     Mass       H_rich     H_cntr     N_cntr     Y_surf   eta_cntr   zones  retry
  lg_dt_yrs    lg_Tcntr    lg_R     lg_L3a     lg_Lneu     lg_Mdot    He_core    He_cntr    O_cntr     Z_surf   gam_cntr   iters  
    age_yrs    lg_Dcntr    lg_L     lg_LZ      lg_Lphoto   lg_Dsurf   CO_core    C_cntr     Ne_cntr    Z_cntr   v_div_cs       dt_limit
__________________________________________________________________________________________________________________________________________________

        250   7.669925  1.917E+04   3.148093   3.148093   4.997989   4.415184   0.000211   0.000898   0.242800  -3.637325    974      2
 3.3337E+00   7.669925   0.534660 -19.008638   1.984815 -10.170718   0.582805   0.998432   0.000011   0.001400   0.063158      3
 7.6605E+07   2.132719   3.154277 -99.000000 -99.000000  -9.014862   0.000000   0.000017   0.000146   0.001357  0.000E+00    lg_XH_cntr

save LOGS/profile6.data for model 250
 Loading precomputed flux cube from:/home/njm/MESA/mesa/colors/data/stellar_models/Kurucz2003all//flux_cube.bin
 Loaded flux cube with dimensions:          76 x          11 x           9 x        1173
 Performing interpolation at target parameters...
 Interpolation complete
save photos/x250 for model 250
        251   7.668417  1.916E+04   3.153610   3.153610   4.997989   4.415184   0.000184   0.000898   0.242800  -3.605183    978      2
 3.2976E+00   7.668417   0.534814 -19.060687   1.990328 -10.172098   0.582805   0.998460   0.000011   0.001400   0.063947      4
 7.6607E+07   2.144277   3.153678 -99.000000 -99.000000  -9.015265   0.000000   0.000017   0.000146   0.001357  0.000E+00    lg_XH_cntr

 Loading precomputed flux cube from:/home/njm/MESA/mesa/colors/data/stellar_models/Kurucz2003all//flux_cube.bin
 Loaded flux cube with dimensions:          76 x          11 x           9 x        1173
 Performing interpolation at target parameters...
 Interpolation complete
        252   7.666747  1.915E+04   3.158690   3.158690   4.997989   4.415184   0.000159   0.000898   0.242800  -3.573585    980      2
 3.2625E+00   7.666747   0.535004 -19.120177   1.995397 -10.173666   0.582805   0.998484   0.000011   0.001400   0.064745      4
 7.6609E+07   2.155350   3.153034 -12.342230 -99.000000  -9.015740   0.000000   0.000017   0.000146   0.001357  0.000E+00    lg_XH_cntr

 Loading precomputed flux cube from:/home/njm/MESA/mesa/colors/data/stellar_models/Kurucz2003all//flux_cube.bin
 Loaded flux cube with dimensions:          76 x          11 x           9 x        1173
 Performing interpolation at target parameters...
 Interpolation complete
        253   7.664897  1.913E+04   3.163237   3.163237   4.997989   4.415183   0.000138   0.000897   0.242800  -3.542786    982      2
 3.2275E+00   7.664897   0.535224 -19.184577   1.999929 -10.175363   0.582805   0.998505   0.000011   0.001400   0.065548      3
 7.6611E+07   2.165801   3.152368 -11.798162 -99.000000  -9.016270   0.000000   0.000017   0.000146   0.001357  0.000E+00    lg_XH_cntr

 Loading precomputed flux cube from:/home/njm/MESA/mesa/colors/data/stellar_models/Kurucz2003all//flux_cube.bin
 Loaded flux cube with dimensions:          76 x          11 x           9 x        1173
 Performing interpolation at target parameters...
 Interpolation complete
        254   7.662982  1.912E+04   3.167212   3.167212   4.997989   4.415183   0.000120   0.000897   0.242800  -3.512797    982      2
 3.1911E+00   7.662982   0.535464 -19.253313   2.003887 -10.177131   0.582805   0.998523   0.000011   0.001400   0.066348      4
 7.6613E+07   2.175802   3.151700 -99.000000 -99.000000  -9.016834   0.000000   0.000017   0.000146   0.001357  0.000E+00    lg_XH_cntr

 Loading precomputed flux cube from:/home/njm/MESA/mesa/colors/data/stellar_models/Kurucz2003all//flux_cube.bin
 Loaded flux cube with dimensions:          76 x          11 x           9 x        1173
 Performing interpolation at target parameters...
 Interpolation complete
        255   7.660990  1.911E+04   3.170633   3.170633   4.997989   4.415183   0.000105   0.000897   0.242800  -3.483830    988      2
 3.1555E+00   7.660990   0.535719 -19.322997   2.007291 -10.178913   0.582805   0.998539   0.000011   0.001400   0.067140      3
 7.6614E+07   2.185242   3.151045 -99.000000 -99.000000  -9.017420   0.000000   0.000017   0.000146   0.001357  0.000E+00    lg_XH_cntr

 Loading precomputed flux cube from:/home/njm/MESA/mesa/colors/data/stellar_models/Kurucz2003all//flux_cube.bin
 Loaded flux cube with dimensions:          76 x          11 x           9 x        1173
 Performing interpolation at target parameters...
 Interpolation complete
        256   7.658928  1.910E+04   3.173531   3.173531   4.997988   4.415183   0.000091   0.000897   0.242800  -3.455772    987      2
 3.1221E+00   7.658928   0.535984 -19.391476   2.010171 -10.180673   0.582805   0.998552   0.000011   0.001400   0.067927      3
 7.6615E+07   2.194180   3.150410 -99.000000 -99.000000  -9.018020   0.000000   0.000017   0.000146   0.001357  0.000E+00    lg_XH_cntr

 Loading precomputed flux cube from:/home/njm/MESA/mesa/colors/data/stellar_models/Kurucz2003all//flux_cube.bin
 Loaded flux cube with dimensions:          76 x          11 x           9 x        1173
 Performing interpolation at target parameters...
 Interpolation complete
        257   7.656802  1.908E+04   3.175956   3.175956   4.997988   4.415183   0.000079   0.000897   0.242800  -3.428557    985      2
 3.0900E+00   7.656802   0.536257 -19.456364   2.012581 -10.182389   0.582805   0.998564   0.000011   0.001400   0.068707      3
 7.6617E+07   2.202656   3.149801 -99.000000 -99.000000  -9.018625   0.000000   0.000017   0.000146   0.001357  0.000E+00    lg_XH_cntr

 Loading precomputed flux cube from:/home/njm/MESA/mesa/colors/data/stellar_models/Kurucz2003all//flux_cube.bin
 Loaded flux cube with dimensions:          76 x          11 x           9 x        1173
 Performing interpolation at target parameters...
 Interpolation complete
        258   7.654748  1.907E+04   3.177957   3.177957   4.997988   4.415183   0.000069   0.000897   0.242800  -3.402882    980      2
 3.0570E+00   7.654748   0.536532 -19.516176   2.014567 -10.184043   0.582805   0.998574   0.000011   0.001400   0.069456      3
 7.6618E+07   2.210575   3.149225 -11.740170 -99.000000  -9.019227   0.000000   0.000017   0.000146   0.001357  0.000E+00    lg_XH_cntr

 Loading precomputed flux cube from:/home/njm/MESA/mesa/colors/data/stellar_models/Kurucz2003all//flux_cube.bin
 Loaded flux cube with dimensions:          76 x          11 x           9 x        1173
 Performing interpolation at target parameters...
 Interpolation complete
        259   7.652829  1.906E+04   3.179586   3.179586   4.997988   4.415183   0.000061   0.000897   0.242800  -3.379235    980      2
 3.0258E+00   7.652829   0.536808 -19.570892   2.016182 -10.185616   0.582805   0.998582   0.000011   0.001400   0.070154      3
 7.6619E+07   2.217824   3.148684 -99.000000 -99.000000  -9.019822   0.000000   0.000017   0.000146   0.001357  0.000E+00    lg_XH_cntr

 Loading precomputed flux cube from:/home/njm/MESA/mesa/colors/data/stellar_models/Kurucz2003all//flux_cube.bin
 Loaded flux cube with dimensions:          76 x          11 x           9 x        1173
 Performing interpolation at target parameters...
 Interpolation complete

__________________________________________________________________________________________________________________________________________________

       step    lg_Tmax     Teff     lg_LH      lg_Lnuc_tot     Mass       H_rich     H_cntr     N_cntr     Y_surf   eta_cntr   zones  retry
  lg_dt_yrs    lg_Tcntr    lg_R     lg_L3a     lg_Lneu     lg_Mdot    He_core    He_cntr    O_cntr     Z_surf   gam_cntr   iters  
    age_yrs    lg_Dcntr    lg_L     lg_LZ      lg_Lphoto   lg_Dsurf   CO_core    C_cntr     Ne_cntr    Z_cntr   v_div_cs       dt_limit
__________________________________________________________________________________________________________________________________________________

        260   7.651079  1.905E+04   3.180947   3.180947   4.997988   4.415183   0.000055   0.000897   0.242800  -3.356957    979      2
 3.0081E+00   7.651079   0.537091 -19.622538   2.017530 -10.187104   0.582805   0.998589   0.000011   0.001400   0.070813      3
 7.6620E+07   2.224737   3.148164 -99.000000 -99.000000  -9.020424   0.000000   0.000017   0.000146   0.001357  0.000E+00    lg_XH_cntr

 Loading precomputed flux cube from:/home/njm/MESA/mesa/colors/data/stellar_models/Kurucz2003all//flux_cube.bin
 Loaded flux cube with dimensions:          76 x          11 x           9 x        1173
 Performing interpolation at target parameters...
 Interpolation complete
        261   7.649021  1.903E+04   3.182272   3.182272   4.997988   4.415183   0.000048   0.000897   0.242800  -3.331089    975      2
 3.0873E+00   7.649021   0.537458 -19.681046   2.018841 -10.188545   0.582805   0.998595   0.000011   0.001400   0.071588      3
 7.6621E+07   2.232723   3.147545 -11.865109 -99.000000  -9.021191   0.000000   0.000017   0.000146   0.001357  0.000E+00  max increase

 Loading precomputed flux cube from:/home/njm/MESA/mesa/colors/data/stellar_models/Kurucz2003all//flux_cube.bin
 Loaded flux cube with dimensions:          76 x          11 x           9 x        1173
 Performing interpolation at target parameters...
 Interpolation complete
        262   7.646731  1.901E+04   3.183475   3.183475   4.997988   4.415183   0.000041   0.000898   0.242800  -3.301368    974      2
 3.1665E+00   7.646731   0.537936 -19.746493   2.020028 -10.190275   0.582805   0.998602   0.000011   0.001400   0.072482      3
 7.6622E+07   2.242006   3.146822 -11.529316 -99.000000  -9.022173   0.000000   0.000017   0.000146   0.001357  0.000E+00    lg_XH_cntr

 Loading precomputed flux cube from:/home/njm/MESA/mesa/colors/data/stellar_models/Kurucz2003all//flux_cube.bin
 Loaded flux cube with dimensions:          76 x          11 x           9 x        1173
 Performing interpolation at target parameters...
 Interpolation complete
        263   7.644938  1.900E+04   3.184285   3.184285   4.997988   4.415183   0.000036   0.000898   0.242800  -3.276351    973      2
 3.1068E+00   7.644938   0.538384 -19.801001   2.020825 -10.192322   0.582805   0.998607   0.000011   0.001400   0.073232      3
 7.6624E+07   2.250021   3.146216 -99.000000 -99.000000  -9.023073   0.000000   0.000017   0.000146   0.001357  0.000E+00    lg_XH_cntr

 Loading precomputed flux cube from:/home/njm/MESA/mesa/colors/data/stellar_models/Kurucz2003all//flux_cube.bin
 Loaded flux cube with dimensions:          76 x          11 x           9 x        1173
 Performing interpolation at target parameters...
 Interpolation complete
        264   7.643221  1.898E+04   3.184804   3.184804   4.997988   4.415182   0.000032   0.000898   0.242800  -3.253338    973      2
 3.0860E+00   7.643221   0.538838 -19.850333   2.021332 -10.194061   0.582805   0.998611   0.000011   0.001400   0.073934      3
 7.6625E+07   2.257287   3.145666 -11.865109 -99.000000  -9.023971   0.000000   0.000017   0.000146   0.001357  0.000E+00    lg_XH_cntr

 Loading precomputed flux cube from:/home/njm/MESA/mesa/colors/data/stellar_models/Kurucz2003all//flux_cube.bin
 Loaded flux cube with dimensions:          76 x          11 x           9 x        1173
 Performing interpolation at target parameters...
 Interpolation complete
        265   7.641618  1.897E+04   3.185136   3.185136   4.997988   4.415182   0.000029   0.000898   0.242800  -3.231345    973      2
 3.0817E+00   7.641618   0.539314 -19.896238   2.021653 -10.195667   0.582805   0.998614   0.000011   0.001400   0.074608      3
 7.6626E+07   2.264285   3.145156 -99.000000 -99.000000  -9.024898   0.000000   0.000017   0.000146   0.001357  0.000E+00    lg_XH_cntr

 Loading precomputed flux cube from:/home/njm/MESA/mesa/colors/data/stellar_models/Kurucz2003all//flux_cube.bin
 Loaded flux cube with dimensions:          76 x          11 x           9 x        1173
 Performing interpolation at target parameters...
 Interpolation complete
        266   7.639832  1.895E+04   3.185317   3.185317   4.997988   4.415182   0.000026   0.000898   0.242800  -3.206072    974      2
 3.1609E+00   7.639832   0.539924 -19.947303   2.021822 -10.197186   0.582805   0.998618   0.000011   0.001400   0.075384      3
 7.6628E+07   2.272408   3.144601 -99.000000 -99.000000  -9.026060   0.000000   0.000016   0.000146   0.001357  0.000E+00  max increase

 Loading precomputed flux cube from:/home/njm/MESA/mesa/colors/data/stellar_models/Kurucz2003all//flux_cube.bin
 Loaded flux cube with dimensions:          76 x          11 x           9 x        1173
 Performing interpolation at target parameters...
 Interpolation complete
        267   7.637870  1.892E+04   3.185305   3.185305   4.997988   4.415182   0.000022   0.000898   0.242800  -3.177235    974      2
 3.2401E+00   7.637870   0.540710 -20.003150   2.021796 -10.198887   0.582805   0.998621   0.000011   0.001400   0.076273      3
 7.6629E+07   2.281789   3.144034 -11.944290 -99.000000  -9.027523   0.000000   0.000016   0.000146   0.001357  0.000E+00    lg_XH_cntr

 Loading precomputed flux cube from:/home/njm/MESA/mesa/colors/data/stellar_models/Kurucz2003all//flux_cube.bin
 Loaded flux cube with dimensions:          76 x          11 x           9 x        1173
 Performing interpolation at target parameters...
 Interpolation complete
        268   7.636319  1.890E+04   3.185184   3.185184   4.997987   4.415182   0.000020   0.000898   0.242800  -3.152838    974      2
 3.1837E+00   7.636319   0.541442 -20.049235   2.021663 -10.200712   0.582805   0.998624   0.000011   0.001400   0.077024      3
 7.6631E+07   2.289885   3.143623 -12.643260 -99.000000  -9.028857   0.000000   0.000016   0.000146   0.001357  0.000E+00    lg_XH_cntr

 Loading precomputed flux cube from:/home/njm/MESA/mesa/colors/data/stellar_models/Kurucz2003all//flux_cube.bin
 Loaded flux cube with dimensions:          76 x          11 x           9 x        1173
 Performing interpolation at target parameters...
 Interpolation complete
        269   7.634892  1.888E+04   3.184992   3.184992   4.997987   4.415182   0.000017   0.000898   0.242800  -3.130477    974      2
 3.1628E+00   7.634892   0.542176 -20.088890   2.021460 -10.202122   0.582805   0.998626   0.000011   0.001400   0.077719      3
 7.6632E+07   2.297294   3.143315 -99.000000 -99.000000  -9.030172   0.000000   0.000016   0.000146   0.001357  0.000E+00    lg_XH_cntr

 Loading precomputed flux cube from:/home/njm/MESA/mesa/colors/data/stellar_models/Kurucz2003all//flux_cube.bin
 Loaded flux cube with dimensions:          76 x          11 x           9 x        1173
 Performing interpolation at target parameters...
 Interpolation complete

__________________________________________________________________________________________________________________________________________________

       step    lg_Tmax     Teff     lg_LH      lg_Lnuc_tot     Mass       H_rich     H_cntr     N_cntr     Y_surf   eta_cntr   zones  retry
  lg_dt_yrs    lg_Tcntr    lg_R     lg_L3a     lg_Lneu     lg_Mdot    He_core    He_cntr    O_cntr     Z_surf   gam_cntr   iters  
    age_yrs    lg_Dcntr    lg_L     lg_LZ      lg_Lphoto   lg_Dsurf   CO_core    C_cntr     Ne_cntr    Z_cntr   v_div_cs       dt_limit
__________________________________________________________________________________________________________________________________________________

        270   7.633583  1.886E+04   3.184762   3.184762   4.997987   4.415182   0.000016   0.000898   0.242800  -3.109244    973      2
 3.1569E+00   7.633583   0.542936 -20.125024   2.021220 -10.203278   0.582805   0.998628   0.000011   0.001400   0.078380      3
 7.6634E+07   2.304397   3.143097 -99.000000 -99.000000  -9.031506   0.000000   0.000016   0.000146   0.001357  0.000E+00    lg_XH_cntr

 Loading precomputed flux cube from:/home/njm/MESA/mesa/colors/data/stellar_models/Kurucz2003all//flux_cube.bin
 Loaded flux cube with dimensions:          76 x          11 x           9 x        1173
 Performing interpolation at target parameters...
 Interpolation complete
        271   7.632139  1.884E+04   3.184463   3.184463   4.997987   4.415182   0.000014   0.000898   0.242800  -3.084865    975      2
 3.2360E+00   7.632139   0.543894 -20.164562   2.020908 -10.204224   0.582805   0.998630   0.000011   0.001400   0.079140      3
 7.6635E+07   2.312637   3.142963 -11.643260 -99.000000  -9.033154   0.000000   0.000016   0.000146   0.001357  0.000E+00  max increase

 Loading precomputed flux cube from:/home/njm/MESA/mesa/colors/data/stellar_models/Kurucz2003all//flux_cube.bin
 Loaded flux cube with dimensions:          76 x          11 x           9 x        1173
 Performing interpolation at target parameters...
 Interpolation complete
        272   7.630427  1.882E+04   3.184075   3.184075   4.997987   4.415182   0.000012   0.000898   0.242800  -3.056823    977      2
 3.3152E+00   7.630427   0.545104 -20.211563   2.020504 -10.205069   0.582805   0.998631   0.000011   0.001400   0.080028      3
 7.6638E+07   2.322033   3.142988 -99.000000 -99.000000  -9.035191   0.000000   0.000016   0.000146   0.001357  0.000E+00    lg_XH_cntr

 Loading precomputed flux cube from:/home/njm/MESA/mesa/colors/data/stellar_models/Kurucz2003all//flux_cube.bin
 Loaded flux cube with dimensions:          76 x          11 x           9 x        1173
 Performing interpolation at target parameters...
 Interpolation complete
        273   7.629142  1.879E+04   3.183836   3.183836   4.997987   4.415182   0.000010   0.000898   0.242800  -3.033545    978      2
 3.2523E+00   7.629142   0.546195 -20.243888   2.020251 -10.205655   0.582805   0.998633   0.000011   0.001400   0.080760      3
 7.6639E+07   2.330036   3.143154 -12.643260 -99.000000  -9.036991   0.000000   0.000016   0.000146   0.001357  0.000E+00    lg_XH_cntr

 Loading precomputed flux cube from:/home/njm/MESA/mesa/colors/data/stellar_models/Kurucz2003all//flux_cube.bin
 Loaded flux cube with dimensions:          76 x          11 x           9 x        1173
 Performing interpolation at target parameters...
 Interpolation complete
        274   7.627879  1.877E+04   3.183648   3.183648   4.997987   4.415181   0.000009   0.000898   0.242800  -3.012269    985      2
 3.2263E+00   7.627879   0.547256 -20.274171   2.020048 -10.205828   0.582805   0.998634   0.000011   0.001400   0.081443      3
 7.6641E+07   2.337212   3.143431 -12.342230 -99.000000  -9.038714   0.000000   0.000016   0.000146   0.001357  0.000E+00    lg_XH_cntr

 Loading precomputed flux cube from:/home/njm/MESA/mesa/colors/data/stellar_models/Kurucz2003all//flux_cube.bin
 Loaded flux cube with dimensions:          76 x          11 x           9 x        1173
 Performing interpolation at target parameters...
 Interpolation complete
        275   7.626864  1.876E+04   3.183578   3.183578   4.997987   4.415181   0.000008   0.000898   0.242800  -2.992419    982      2
 3.2164E+00   7.626864   0.548322 -20.299044   2.019964 -10.205709   0.582805   0.998635   0.000011   0.001400   0.082069      3
 7.6643E+07   2.344152   3.143812 -99.000000 -99.000000  -9.040419   0.000000   0.000016   0.000146   0.001357  0.000E+00    lg_XH_cntr

 Loading precomputed flux cube from:/home/njm/MESA/mesa/colors/data/stellar_models/Kurucz2003all//flux_cube.bin
 Loaded flux cube with dimensions:          76 x          11 x           9 x        1173
 Performing interpolation at target parameters...
 Interpolation complete
        276   7.625944  1.874E+04   3.183489   3.183489   4.997987   4.415181   0.000007   0.000898   0.242800  -2.973473    987      2
 3.2147E+00   7.625944   0.549406 -20.322375   2.019861 -10.205335   0.582805   0.998636   0.000011   0.001400   0.082667      3
 7.6644E+07   2.350846   3.144297 -99.000000 -99.000000  -9.042131   0.000000   0.000016   0.000146   0.001357  0.000E+00    lg_XH_cntr

 Loading precomputed flux cube from:/home/njm/MESA/mesa/colors/data/stellar_models/Kurucz2003all//flux_cube.bin
 Loaded flux cube with dimensions:          76 x          11 x           9 x        1173
 Performing interpolation at target parameters...
 Interpolation complete
        277   7.624903  1.872E+04   3.183564   3.183564   4.997986   4.415181   0.000006   0.000898   0.242800  -2.951603    987      2
 3.2939E+00   7.624903   0.550734 -20.348341   2.019919 -10.204713   0.582805   0.998637   0.000011   0.001400   0.083361      3
 7.6646E+07   2.358604   3.145008 -99.000000 -99.000000  -9.044198   0.000000   0.000016   0.000146   0.001357  0.000E+00  max increase

 Loading precomputed flux cube from:/home/njm/MESA/mesa/colors/data/stellar_models/Kurucz2003all//flux_cube.bin
 Loaded flux cube with dimensions:          76 x          11 x           9 x        1173
 Performing interpolation at target parameters...
 Interpolation complete
        278   7.623754  1.869E+04   3.183688   3.183688   4.997986   4.415181   0.000005   0.000899   0.242800  -2.926468    991      2
 3.3730E+00   7.623754   0.552352 -20.377364   2.020022 -10.203661   0.582805   0.998638   0.000011   0.001400   0.084160      3
 7.6649E+07   2.367585   3.146029 -99.000000 -99.000000  -9.046680   0.000000   0.000016   0.000146   0.001357  0.000E+00    lg_XH_cntr

 Loading precomputed flux cube from:/home/njm/MESA/mesa/colors/data/stellar_models/Kurucz2003all//flux_cube.bin
 Loaded flux cube with dimensions:          76 x          11 x           9 x        1173
 Performing interpolation at target parameters...
 Interpolation complete
        279   7.622836  1.867E+04   3.183884   3.183884   4.997986   4.415181   0.000005   0.000899   0.242800  -2.905684    992      2
 3.3051E+00   7.622836   0.553748 -20.399943   2.020201 -10.201999   0.582805   0.998638   0.000011   0.001400   0.084823      3
 7.6651E+07   2.375059   3.147011 -12.166139 -99.000000  -9.048796   0.000000   0.000016   0.000146   0.001357  0.000E+00    lg_XH_cntr

 Loading precomputed flux cube from:/home/njm/MESA/mesa/colors/data/stellar_models/Kurucz2003all//flux_cube.bin
 Loaded flux cube with dimensions:          76 x          11 x           9 x        1173
 Performing interpolation at target parameters...
 Interpolation complete

__________________________________________________________________________________________________________________________________________________

       step    lg_Tmax     Teff     lg_LH      lg_Lnuc_tot     Mass       H_rich     H_cntr     N_cntr     Y_surf   eta_cntr   zones  retry
  lg_dt_yrs    lg_Tcntr    lg_R     lg_L3a     lg_Lneu     lg_Mdot    He_core    He_cntr    O_cntr     Z_surf   gam_cntr   iters  
    age_yrs    lg_Dcntr    lg_L     lg_LZ      lg_Lphoto   lg_Dsurf   CO_core    C_cntr     Ne_cntr    Z_cntr   v_div_cs       dt_limit
__________________________________________________________________________________________________________________________________________________

        280   7.622012  1.866E+04   3.184121   3.184121   4.997986   4.415181   0.000004   0.000899   0.242800  -2.886903    996      2
 3.2740E+00   7.622012   0.555052 -20.420144   2.020421 -10.200313   0.582805   0.998639   0.000011   0.001400   0.085427      3
 7.6653E+07   2.381816   3.148002 -99.000000 -99.000000  -9.050753   0.000000   0.000016   0.000146   0.001357  0.000E+00    lg_XH_cntr

 Loading precomputed flux cube from:/home/njm/MESA/mesa/colors/data/stellar_models/Kurucz2003all//flux_cube.bin
 Loaded flux cube with dimensions:          76 x          11 x           9 x        1173
 Performing interpolation at target parameters...
 Interpolation complete
        281   7.621250  1.864E+04   3.184393   3.184393   4.997986   4.415181   0.000004   0.000899   0.242800  -2.869271   1001      2
 3.2588E+00   7.621250   0.556309 -20.438802   2.020676 -10.198555   0.582805   0.998639   0.000011   0.001400   0.085995      3
 7.6654E+07   2.388175   3.149016 -99.000000 -99.000000  -9.052627   0.000000   0.000016   0.000146   0.001357  0.000E+00    lg_XH_cntr

 Loading precomputed flux cube from:/home/njm/MESA/mesa/colors/data/stellar_models/Kurucz2003all//flux_cube.bin
 Loaded flux cube with dimensions:          76 x          11 x           9 x        1173
 Performing interpolation at target parameters...
 Interpolation complete
        282   7.620539  1.862E+04   3.184708   3.184708   4.997986   4.415181   0.000003   0.000899   0.242800  -2.852370    998      2
 3.2524E+00   7.620539   0.557542 -20.455697   2.020975 -10.196715   0.582805   0.998640   0.000011   0.001400   0.086542      3
 7.6656E+07   2.394299   3.150059 -12.342230 -99.000000  -9.054453   0.000000   0.000016   0.000146   0.001357  0.000E+00    lg_XH_cntr

 Loading precomputed flux cube from:/home/njm/MESA/mesa/colors/data/stellar_models/Kurucz2003all//flux_cube.bin
 Loaded flux cube with dimensions:          76 x          11 x           9 x        1173
 Performing interpolation at target parameters...
 Interpolation complete
        283   7.619859  1.861E+04   3.185048   3.185048   4.997986   4.415180   0.000003   0.000899   0.242800  -2.835991    999      2
 3.2506E+00   7.619859   0.558759 -20.471836   2.021300 -10.194791   0.582805   0.998640   0.000011   0.001400   0.087074      3
 7.6658E+07   2.400244   3.151129 -99.000000 -99.000000  -9.056247   0.000000   0.000016   0.000146   0.001357  0.000E+00    lg_XH_cntr

 Loading precomputed flux cube from:/home/njm/MESA/mesa/colors/data/stellar_models/Kurucz2003all//flux_cube.bin
 Loaded flux cube with dimensions:          76 x          11 x           9 x        1173
 Performing interpolation at target parameters...
 Interpolation complete
        284   7.619072  1.859E+04   3.185474   3.185474   4.997986   4.415180   0.000003   0.000899   0.242800  -2.816949   1001      2
 3.3298E+00   7.619072   0.560200 -20.490728   2.021706 -10.192791   0.582805   0.998641   0.000011   0.001400   0.087696      3
 7.6660E+07   2.407157   3.152437 -11.944290 -99.000000  -9.058358   0.000000   0.000016   0.000146   0.001357  0.000E+00  max increase

 Loading precomputed flux cube from:/home/njm/MESA/mesa/colors/data/stellar_models/Kurucz2003all//flux_cube.bin
 Loaded flux cube with dimensions:          76 x          11 x           9 x        1173
 Performing interpolation at target parameters...
 Interpolation complete
        285   7.618163  1.857E+04   3.186012   3.186012   4.997985   4.415180   0.000002   0.000899   0.242800  -2.794897   1003      2
 3.4089E+00   7.618163   0.561891 -20.511600   2.022222 -10.190320   0.582805   0.998641   0.000011   0.001400   0.088422      3
 7.6663E+07   2.415164   3.154019 -12.166139 -99.000000  -9.060827   0.000000   0.000016   0.000146   0.001357  0.000E+00    lg_XH_cntr

 Loading precomputed flux cube from:/home/njm/MESA/mesa/colors/data/stellar_models/Kurucz2003all//flux_cube.bin
 Loaded flux cube with dimensions:          76 x          11 x           9 x        1173
 Performing interpolation at target parameters...
 Interpolation complete
        286   7.617441  1.856E+04   3.186481   3.186481   4.997985   4.415180   0.000002   0.000899   0.242800  -2.776782   1003      2
 3.3373E+00   7.617441   0.563296 -20.528537   2.022673 -10.187305   0.582805   0.998641   0.000011   0.001400   0.089020      3
 7.6665E+07   2.421776   3.155361 -11.740170 -99.000000  -9.062871   0.000000   0.000016   0.000146   0.001357  0.000E+00    lg_XH_cntr

 Loading precomputed flux cube from:/home/njm/MESA/mesa/colors/data/stellar_models/Kurucz2003all//flux_cube.bin
 Loaded flux cube with dimensions:          76 x          11 x           9 x        1173
 Performing interpolation at target parameters...
 Interpolation complete
        287   7.616797  1.854E+04   3.186921   3.186921   4.997985   4.415180   0.000002   0.000899   0.242800  -2.760485   1007      2
 3.3032E+00   7.616797   0.564568 -20.543715   2.023096 -10.184733   0.582805   0.998641   0.000011   0.001400   0.089560      3
 7.6667E+07   2.427730   3.156588 -11.944290 -99.000000  -9.064718   0.000000   0.000016   0.000146   0.001357  0.000E+00    lg_XH_cntr

 Loading precomputed flux cube from:/home/njm/MESA/mesa/colors/data/stellar_models/Kurucz2003all//flux_cube.bin
 Loaded flux cube with dimensions:          76 x          11 x           9 x        1173
 Performing interpolation at target parameters...
 Interpolation complete
        288   7.616200  1.853E+04   3.187333   3.187333   4.997985   4.415180   0.000002   0.000899   0.242800  -2.745218   1007      2
 3.2856E+00   7.616200   0.565761 -20.557661   2.023492 -10.182372   0.582805   0.998642   0.000011   0.001400   0.090069      3
 7.6669E+07   2.433316   3.157748 -11.944290 -99.000000  -9.066450   0.000000   0.000016   0.000146   0.001357  0.000E+00    lg_XH_cntr

 Loading precomputed flux cube from:/home/njm/MESA/mesa/colors/data/stellar_models/Kurucz2003all//flux_cube.bin
 Loaded flux cube with dimensions:          76 x          11 x           9 x        1173
 Performing interpolation at target parameters...
 Interpolation complete
        289   7.615632  1.852E+04   3.187735   3.187735   4.997985   4.415180   0.000001   0.000899   0.242800  -2.730597   1007      2
 3.2772E+00   7.615632   0.566904 -20.570876   2.023879 -10.180138   0.582805   0.998642   0.000011   0.001400   0.090558      3
 7.6671E+07   2.438669   3.158861 -99.000000 -99.000000  -9.068108   0.000000   0.000016   0.000146   0.001357  0.000E+00    lg_XH_cntr

 Loading precomputed flux cube from:/home/njm/MESA/mesa/colors/data/stellar_models/Kurucz2003all//flux_cube.bin
 Loaded flux cube with dimensions:          76 x          11 x           9 x        1173
 Performing interpolation at target parameters...
 Interpolation complete

__________________________________________________________________________________________________________________________________________________

       step    lg_Tmax     Teff     lg_LH      lg_Lnuc_tot     Mass       H_rich     H_cntr     N_cntr     Y_surf   eta_cntr   zones  retry
  lg_dt_yrs    lg_Tcntr    lg_R     lg_L3a     lg_Lneu     lg_Mdot    He_core    He_cntr    O_cntr     Z_surf   gam_cntr   iters  
    age_yrs    lg_Dcntr    lg_L     lg_LZ      lg_Lphoto   lg_Dsurf   CO_core    C_cntr     Ne_cntr    Z_cntr   v_div_cs       dt_limit
__________________________________________________________________________________________________________________________________________________

        290   7.615086  1.851E+04   3.188125   3.188125   4.997985   4.415179   0.000001   0.000899   0.242800  -2.716429   1007      2
 3.2736E+00   7.615086   0.568010 -20.583554   2.024254 -10.177991   0.582805   0.998642   0.000011   0.001400   0.091034      3
 7.6672E+07   2.443859   3.159938 -99.000000 -99.000000  -9.069713   0.000000   0.000016   0.000146   0.001357  0.000E+00    lg_XH_cntr

 Loading precomputed flux cube from:/home/njm/MESA/mesa/colors/data/stellar_models/Kurucz2003all//flux_cube.bin
 Loaded flux cube with dimensions:          76 x          11 x           9 x        1173
 Performing interpolation at target parameters...
 Interpolation complete
        291   7.614555  1.849E+04   3.188501   3.188501   4.997985   4.415179   0.000001   0.000899   0.242800  -2.702612   1010      2
 3.2727E+00   7.614555   0.569086 -20.595901   2.024616 -10.175916   0.582805   0.998642   0.000011   0.001400   0.091500      3
 7.6674E+07   2.448922   3.160982 -99.000000 -99.000000  -9.071275   0.000000   0.000016   0.000146   0.001357  0.000E+00    lg_XH_cntr

 Loading precomputed flux cube from:/home/njm/MESA/mesa/colors/data/stellar_models/Kurucz2003all//flux_cube.bin
 Loaded flux cube with dimensions:          76 x          11 x           9 x        1173
 Performing interpolation at target parameters...
 Interpolation complete

stop because have dropped below central lower limit for h1
    0.9362472447E-06    0.1000000000E-05

        292   7.613941  1.848E+04   3.188935   3.188935   4.997985   4.415179   0.000001   0.000899   0.242800  -2.686476   1010      2
 3.3518E+00   7.613941   0.570336 -20.610000   2.025033 -10.173905   0.582805   0.998642   0.000011   0.001400   0.092047      3
 7.6677E+07   2.454843   3.162185 -99.000000 -99.000000  -9.073094   0.000000   0.000016   0.000146   0.001357  0.000E+00  max increase

save LOGS/profile7.data for model 292
 Loading precomputed flux cube from:/home/njm/MESA/mesa/colors/data/stellar_models/Kurucz2003all//flux_cube.bin
 Loaded flux cube with dimensions:          76 x          11 x           9 x        1173
 Performing interpolation at target parameters...
 Interpolation complete
                                         solver retries           2

                                    varcontrol dt limit          49
                                  max increase dt limit         202
                                        lgTeff dt limit          33
                                    lgRho_cntr dt limit          24
                                    lg_XH_cntr dt limit          70
                                      XHe_cntr dt limit          58

 model saved to M5_Z0.0014_step_fov0.04_f00.01.mod
save photos/x292 for model 292
termination code: xa_central_lower_limit
pause_before_terminate: hit RETURN to continue
finished custom colors
__________________________________________________________________________________________________________________________________________________

       step    lg_Tmax     Teff     lg_LH      lg_Lnuc_tot     Mass       H_rich     H_cntr     N_cntr     Y_surf   eta_cntr   zones  retry
  lg_dt_yrs    lg_Tcntr    lg_R     lg_L3a     lg_Lneu     lg_Mdot    He_core    He_cntr    O_cntr     Z_surf   gam_cntr   iters  
    age_yrs    lg_Dcntr    lg_L     lg_LZ      lg_Lphoto   lg_Dsurf   CO_core    C_cntr     Ne_cntr    Z_cntr   v_div_cs       dt_limit
__________________________________________________________________________________________________________________________________________________

        292   7.613941  1.848E+04   3.188935   3.188935   4.997985   4.415179   0.000001   0.000899   0.242800  -2.686476   1010      2
 3.3518E+00   7.613941   0.570336 -20.610000   2.025033 -10.173905   0.582805   0.998642   0.000011   0.001400   0.092047      3
 7.6677E+07   2.454843   3.162185 -99.000000 -99.000000  -9.073094   0.000000   0.000016   0.000146   0.001357  0.000E+00  max increase

