 reading user weak rate file /home/njm/MESA/mesa-2025-summerschool-prerelease/data/rates_data/rate_tables/S13_r_be7_wk_li7.h5
 version_number 5d9f195f
 read inlist_project
 Extras startup routine
 DEBUG: colors_handle =            1
 DEBUG: colors instrument = /colors/data/filters/GAIA/GAIA
 DEBUG: colors vega_sed = /colors/data/stellar_models/vega_flam.csv
 DEBUG: colors stellar_atm = /colors/data/stellar_models/Kurucz2003all/
 DEBUG: colors metallicity =   0.57999999999999996     
 DEBUG: colors distance =    30857000000000000.     
 DEBUG: colors make_csv =  F
 DEBUG: colors use_colors =  T


 The terminal output contains the following information

      'step' is the number of steps since the start of the run,
      'lg_dt' is log10 timestep in years,
      'age_yr' is the simulated years since the start run,
      'lg_Tcntr' is log10 center temperature (K),
      'lg_Dcntr' is log10 center density (g/cm^3),
      'lg_Tmax' is log10 max temperature (K),
      'Teff' is the surface temperature (K),
      'lg_R' is log10 surface radius (Rsun),
      'lg_L' is log10 surface luminosity (Lsun),
      'lg_LH' is log10 total PP and CNO hydrogen burning power (Lsun),
      'lg_L3a' is log10 total triple-alpha helium burning power (Lsun),
      'lg_gsurf' is log10 surface gravity,
      'lg_Lnuc' is log10 nuclear power (Lsun),
      'lg_Lneu' is log10 total neutrino power (Lsun),
      'lg_Lphoto' is log10 total photodisintegration (Lsun),
      'Mass' is the total stellar baryonic mass (Msun),
      'lg_Mdot' is log10 magnitude of rate of change of mass (Msun/year),
      'lg_Dsurf' is log10 surface density (g/cm^3),
      'H_env' is the amount of mass where H is dominant,
      'He_core' is the largest mass where He is dominant.
      'CO_core' is the largest mass where CO is dominant.
      'H_cntr' is the center H1 mass fraction,
      'He_cntr' is the center He4 mass fraction,
      'C_cntr' is the center C12 mass fraction,
      'N_cntr' is the center N14 mass fraction,
      'O_cntr' is the center O16 mass fraction,
      'Ne_cntr' is the center Ne20 mass fraction,
      'gam_cntr' is the center plasma interaction parameter,
      'eta_cntr' is the center electron degeneracy parameter,
      'zones' is the number of zones in the current model,
      'iters' is the number of solver iterations for the current step,
      'retry' is the number of step retries required during the run,
      'dt_limit' is an indication of what limited the timestep.

 All this and more are saved in the LOGS directory during the run.
 create pre-main-sequence model
                                          species  mass           8    1.2000000000000000D+01

                                        relax_num_steps         100

 retry: get_T_tau -- L <= 0       1
          1   5.479819   3814.266 -21.623208 -21.623208  12.000000  12.000000   0.755800   0.000071   0.242800 -12.488170   1105      1
-5.3010E+00   5.479819   2.424844 -99.000000 -23.021076 -99.000000   0.000000   0.242800   0.000657   0.001400   0.015065      8
 5.0000E-06  -5.240018   4.130025 -37.327719 -99.000000  -7.970993   0.000000   0.000241   0.000146   0.001400  0.000E+00         retry

          2   5.478676   3996.686 -21.623393 -21.623393  12.000000  12.000000   0.755800   0.000071   0.242800 -12.486773    615      1
-5.0000E+00   5.478676   2.425085 -99.000000 -23.021261 -99.000000   0.000000   0.242800   0.000657   0.001400   0.015092      3
 1.5000E-05  -5.241125   4.211664 -99.000000 -99.000000  -8.035664   0.000000   0.000241   0.000146   0.001400  0.000E+00  max increase

          3   5.478607   4084.584 -21.623471 -21.623471  12.000000  12.000000   0.755800   0.000071   0.242800 -12.485857    420      1
-5.0000E+00   5.478607   2.425179 -99.000000 -23.021339 -99.000000   0.000000   0.242800   0.000657   0.001400   0.015097      3
 2.5000E-05  -5.240831   4.249643 -99.000000 -99.000000  -8.060943   0.000000   0.000241   0.000146   0.001400  0.000E+00        max_dt

          4   5.478524   4134.012 -21.623495 -21.623495  12.000000  12.000000   0.755800   0.000071   0.242800 -12.485233    435      1
-5.0000E+00   5.478524   2.425233 -99.000000 -23.021363 -99.000000   0.000000   0.242800   0.000657   0.001400   0.015102      3
 3.5000E-05  -5.240684   4.270647 -37.327719 -99.000000  -8.074996   0.000000   0.000241   0.000146   0.001400  0.000E+00        max_dt

          5   5.478455   4164.771 -21.623510 -21.623510  12.000000  12.000000   0.755800   0.000071   0.242800 -12.484730    439      1
-5.0000E+00   5.478455   2.425268 -99.000000 -23.021378 -99.000000   0.000000   0.242800   0.000657   0.001400   0.015106      3
 4.5000E-05  -5.240569   4.283594 -99.000000 -99.000000  -8.083971   0.000000   0.000241   0.000146   0.001400  0.000E+00        max_dt

          6   5.478393   4185.261 -21.623520 -21.623520  12.000000  12.000000   0.755800   0.000071   0.242800 -12.484289    437      1
-5.0000E+00   5.478393   2.425292 -99.000000 -23.021389 -99.000000   0.000000   0.242800   0.000657   0.001400   0.015109      3
 5.5000E-05  -5.240471   4.292167 -99.000000 -99.000000  -8.090111   0.000000   0.000241   0.000146   0.001400  0.000E+00        max_dt

          7   5.478335   4199.530 -21.623528 -21.623528  12.000000  12.000000   0.755800   0.000071   0.242800 -12.483885    437      1
-5.0000E+00   5.478335   2.425308 -99.000000 -23.021396 -99.000000   0.000000   0.242800   0.000657   0.001400   0.015112      3
 6.5000E-05  -5.240383   4.298113 -99.000000 -99.000000  -8.094480   0.000000   0.000241   0.000146   0.001400  0.000E+00        max_dt

          8   5.478279   4209.734 -21.623533 -21.623533  12.000000  12.000000   0.755800   0.000071   0.242800 -12.483507    445      1
-5.0000E+00   5.478279   2.425320 -99.000000 -23.021401 -99.000000   0.000000   0.242800   0.000657   0.001400   0.015115      3
 7.5000E-05  -5.240303   4.302352 -99.000000 -99.000000  -8.097656   0.000000   0.000241   0.000146   0.001400  0.000E+00        max_dt

          9   5.478213   4217.132 -21.623537 -21.623537  12.000000  12.000000   0.755800   0.000071   0.242800 -12.483080    442      1
-5.0000E+00   5.478213   2.425328 -99.000000 -23.021405 -99.000000   0.000000   0.242800   0.000657   0.001400   0.015118      3
 8.5000E-05  -5.240215   4.305418 -99.000000 -99.000000  -8.099987   0.000000   0.000241   0.000146   0.001400  0.000E+00        max_dt


__________________________________________________________________________________________________________________________________________________

       step    lg_Tmax     Teff     lg_LH      lg_Lnuc_tot     Mass       H_rich     H_cntr     N_cntr     Y_surf   eta_cntr   zones  retry
  lg_dt_yrs    lg_Tcntr    lg_R     lg_L3a     lg_Lneu     lg_Mdot    He_core    He_cntr    O_cntr     Z_surf   gam_cntr   iters  
    age_yrs    lg_Dcntr    lg_L     lg_LZ      lg_Lphoto   lg_Dsurf   CO_core    C_cntr     Ne_cntr    Z_cntr   v_div_cs       dt_limit
__________________________________________________________________________________________________________________________________________________

         10   5.478154   4222.510 -21.623540 -21.623540  12.000000  12.000000   0.755800   0.000071   0.242800 -12.482690    442      1
-5.0000E+00   5.478154   2.425333 -99.000000 -23.021408 -99.000000   0.000000   0.242800   0.000657   0.001400   0.015121      3
 9.5000E-05  -5.240135   4.307643 -99.000000 -99.000000  -8.101698   0.000000   0.000241   0.000146   0.001400  0.000E+00        max_dt

         11   5.478102   4226.391 -21.623542 -21.623542  12.000000  12.000000   0.755800   0.000071   0.242800 -12.482350    442      1
-5.0000E+00   5.478102   2.425337 -99.000000 -23.021410 -99.000000   0.000000   0.242800   0.000657   0.001400   0.015124      3
 1.0500E-04  -5.240066   4.309246 -99.000000 -99.000000  -8.102941   0.000000   0.000241   0.000146   0.001400  0.000E+00        max_dt

         12   5.478057   4229.133 -21.623543 -21.623543  12.000000  12.000000   0.755800   0.000071   0.242800 -12.482058    443      1
-5.0000E+00   5.478057   2.425339 -99.000000 -23.021411 -99.000000   0.000000   0.242800   0.000657   0.001400   0.015126      3
 1.1500E-04  -5.240006   4.310377 -99.000000 -99.000000  -8.103824   0.000000   0.000241   0.000146   0.001400  0.000E+00        max_dt

         13   5.478019   4230.999 -21.623544 -21.623544  12.000000  12.000000   0.755800   0.000071   0.242800 -12.481805    443      1
-5.0000E+00   5.478019   2.425339 -99.000000 -23.021412 -99.000000   0.000000   0.242800   0.000657   0.001400   0.015128      3
 1.2500E-04  -5.239954   4.311144 -99.000000 -99.000000  -8.104426   0.000000   0.000241   0.000146   0.001400  0.000E+00        max_dt

         14   5.477986   4232.178 -21.623544 -21.623544  12.000000  12.000000   0.755800   0.000071   0.242800 -12.481588    442      1
-5.0000E+00   5.477986   2.425339 -99.000000 -23.021412 -99.000000   0.000000   0.242800   0.000657   0.001400   0.015130      3
 1.3500E-04  -5.239909   4.311628 -99.000000 -99.000000  -8.104806   0.000000   0.000241   0.000146   0.001400  0.000E+00        max_dt

         15   5.477957   4232.805 -21.623544 -21.623544  12.000000  12.000000   0.755800   0.000071   0.242800 -12.481399    442      1
-5.0000E+00   5.477957   2.425338 -99.000000 -23.021412 -99.000000   0.000000   0.242800   0.000657   0.001400   0.015131      3
 1.4500E-04  -5.239870   4.311883 -99.000000 -99.000000  -8.105008   0.000000   0.000241   0.000146   0.001400  0.000E+00        max_dt

         16   5.477932   4233.009 -21.623544 -21.623544  12.000000  12.000000   0.755800   0.000071   0.242800 -12.481234    440      1
-5.0000E+00   5.477932   2.425337 -99.000000 -23.021412 -99.000000   0.000000   0.242800   0.000657   0.001400   0.015133      3
 1.5500E-04  -5.239836   4.311964 -99.000000 -99.000000  -8.105072   0.000000   0.000241   0.000146   0.001400  0.000E+00        max_dt

         17   5.477909   4232.882 -21.623543 -21.623543  12.000000  12.000000   0.755800   0.000071   0.242800 -12.481089    440      1
-5.0000E+00   5.477909   2.425335 -99.000000 -23.021412 -99.000000   0.000000   0.242800   0.000657   0.001400   0.015134      3
 1.6500E-04  -5.239806   4.311908 -99.000000 -99.000000  -8.105029   0.000000   0.000241   0.000146   0.001400  0.000E+00        max_dt

         18   5.477905   4232.491 -21.623543 -21.623543  12.000000  12.000000   0.755800   0.000071   0.242800 -12.480960    440      1
-5.0000E+00   5.477890   2.425332 -99.000000 -23.021411 -99.000000   0.000000   0.242800   0.000657   0.001400   0.015135      3
 1.7500E-04  -5.239780   4.311742 -99.000000 -99.000000  -8.104899   0.000000   0.000241   0.000146   0.001400  0.000E+00        max_dt

         19   5.477906   4231.889 -21.623542 -21.623542  12.000000  12.000000   0.755800   0.000071   0.242800 -12.480847    440      1
-5.0000E+00   5.477873   2.425330 -99.000000 -23.021410 -99.000000   0.000000   0.242800   0.000657   0.001400   0.015136      3
 1.8500E-04  -5.239757   4.311490 -99.000000 -99.000000  -8.104702   0.000000   0.000241   0.000146   0.001400  0.000E+00        max_dt


__________________________________________________________________________________________________________________________________________________

       step    lg_Tmax     Teff     lg_LH      lg_Lnuc_tot     Mass       H_rich     H_cntr     N_cntr     Y_surf   eta_cntr   zones  retry
  lg_dt_yrs    lg_Tcntr    lg_R     lg_L3a     lg_Lneu     lg_Mdot    He_core    He_cntr    O_cntr     Z_surf   gam_cntr   iters  
    age_yrs    lg_Dcntr    lg_L     lg_LZ      lg_Lphoto   lg_Dsurf   CO_core    C_cntr     Ne_cntr    Z_cntr   v_div_cs       dt_limit
__________________________________________________________________________________________________________________________________________________

         20   5.477906   4231.118 -21.623541 -21.623541  12.000000  12.000000   0.755800   0.000071   0.242800 -12.480745    440      1
-5.0000E+00   5.477857   2.425327 -99.000000 -23.021410 -99.000000   0.000000   0.242800   0.000657   0.001400   0.015136      3
 1.9500E-04  -5.239735   4.311168 -99.000000 -99.000000  -8.104450   0.000000   0.000241   0.000146   0.001400  0.000E+00        max_dt

         21   5.477906   4230.215 -21.623540 -21.623540  12.000000  12.000000   0.755800   0.000071   0.242800 -12.480653    442      1
-5.0000E+00   5.477843   2.425324 -99.000000 -23.021409 -99.000000   0.000000   0.242800   0.000657   0.001400   0.015137      3
 2.0500E-04  -5.239717   4.310791 -37.327719 -99.000000  -8.104155   0.000000   0.000241   0.000146   0.001400  0.000E+00        max_dt

         22   5.477906   4229.207 -21.623540 -21.623540  12.000000  12.000000   0.755800   0.000071   0.242800 -12.480571    442      1
-5.0000E+00   5.477831   2.425321 -99.000000 -23.021408 -99.000000   0.000000   0.242800   0.000657   0.001400   0.015138      3
 2.1500E-04  -5.239700   4.310371 -99.000000 -99.000000  -8.103827   0.000000   0.000241   0.000146   0.001400  0.000E+00        max_dt

         23   5.477906   4228.117 -21.623539 -21.623539  12.000000  12.000000   0.755800   0.000071   0.242800 -12.480497    442      1
-5.0000E+00   5.477820   2.425317 -99.000000 -23.021407 -99.000000   0.000000   0.242800   0.000657   0.001400   0.015138      3
 2.2500E-04  -5.239684   4.309916 -99.000000 -99.000000  -8.103472   0.000000   0.000241   0.000146   0.001400  0.000E+00        max_dt

         24   5.477906   4226.963 -21.623537 -21.623537  12.000000  12.000000   0.755800   0.000071   0.242800 -12.480429    442      1
-5.0000E+00   5.477809   2.425314 -99.000000 -23.021406 -99.000000   0.000000   0.242800   0.000657   0.001400   0.015139      3
 2.3500E-04  -5.239670   4.309436 -99.000000 -99.000000  -8.103099   0.000000   0.000241   0.000146   0.001400  0.000E+00        max_dt

         25   5.477906   4225.760 -21.623536 -21.623536  12.000000  12.000000   0.755800   0.000071   0.242800 -12.480367    442      1
-5.0000E+00   5.477800   2.425311 -99.000000 -23.021405 -99.000000   0.000000   0.242800   0.000657   0.001400   0.015139      3
 2.4500E-04  -5.239657   4.308935 -99.000000 -99.000000  -8.102709   0.000000   0.000241   0.000146   0.001400  0.000E+00        max_dt

         26   5.477906   4224.518 -21.623535 -21.623535  12.000000  12.000000   0.755800   0.000071   0.242800 -12.480310    441      1
-5.0000E+00   5.477791   2.425308 -99.000000 -23.021403 -99.000000   0.000000   0.242800   0.000657   0.001400   0.015140      3
 2.5500E-04  -5.239645   4.308418 -99.000000 -99.000000  -8.102309   0.000000   0.000241   0.000146   0.001400  0.000E+00        max_dt

         27   5.477906   4223.246 -21.623534 -21.623534  12.000000  12.000000   0.755800   0.000071   0.242800 -12.480258    440      1
-5.0000E+00   5.477784   2.425304 -99.000000 -23.021402 -99.000000   0.000000   0.242800   0.000657   0.001400   0.015140      3
 2.6500E-04  -5.239635   4.307888 -99.000000 -99.000000  -8.101899   0.000000   0.000241   0.000146   0.001400  0.000E+00        max_dt

         28   5.477906   4221.951 -21.623533 -21.623533  12.000000  12.000000   0.755800   0.000071   0.242800 -12.480211    440      1
-5.0000E+00   5.477776   2.425301 -99.000000 -23.021401 -99.000000   0.000000   0.242800   0.000657   0.001400   0.015140      3
 2.7500E-04  -5.239625   4.307349 -99.000000 -99.000000  -8.101484   0.000000   0.000241   0.000146   0.001400  0.000E+00        max_dt

         29   5.477906   4220.644 -21.623532 -21.623532  12.000000  12.000000   0.755800   0.000071   0.242800 -12.480167    440      1
-5.0000E+00   5.477770   2.425298 -99.000000 -23.021400 -99.000000   0.000000   0.242800   0.000657   0.001400   0.015141      3
 2.8500E-04  -5.239616   4.306805 -99.000000 -99.000000  -8.101065   0.000000   0.000241   0.000146   0.001400  0.000E+00        max_dt


__________________________________________________________________________________________________________________________________________________

       step    lg_Tmax     Teff     lg_LH      lg_Lnuc_tot     Mass       H_rich     H_cntr     N_cntr     Y_surf   eta_cntr   zones  retry
  lg_dt_yrs    lg_Tcntr    lg_R     lg_L3a     lg_Lneu     lg_Mdot    He_core    He_cntr    O_cntr     Z_surf   gam_cntr   iters  
    age_yrs    lg_Dcntr    lg_L     lg_LZ      lg_Lphoto   lg_Dsurf   CO_core    C_cntr     Ne_cntr    Z_cntr   v_div_cs       dt_limit
__________________________________________________________________________________________________________________________________________________

         30   5.477906   4219.333 -21.623531 -21.623531  12.000000  12.000000   0.755800   0.000071   0.242800 -12.480126    440      1
-5.0000E+00   5.477764   2.425295 -99.000000 -23.021399 -99.000000   0.000000   0.242800   0.000657   0.001400   0.015141      3
 2.9500E-04  -5.239607   4.306258 -99.000000 -99.000000  -8.100645   0.000000   0.000241   0.000146   0.001400  0.000E+00        max_dt

         31   5.477907   4218.023 -21.623530 -21.623530  12.000000  12.000000   0.755800   0.000071   0.242800 -12.480088    441      1
-5.0000E+00   5.477758   2.425292 -99.000000 -23.021398 -99.000000   0.000000   0.242800   0.000657   0.001400   0.015141      3
 3.0500E-04  -5.239599   4.305713 -99.000000 -99.000000  -8.100227   0.000000   0.000241   0.000146   0.001400  0.000E+00        max_dt

         32   5.477907   4216.720 -21.623529 -21.623529  12.000000  12.000000   0.755800   0.000071   0.242800 -12.480053    441      1
-5.0000E+00   5.477753   2.425289 -99.000000 -23.021397 -99.000000   0.000000   0.242800   0.000657   0.001400   0.015142      3
 3.1500E-04  -5.239592   4.305170 -99.000000 -99.000000  -8.099812   0.000000   0.000241   0.000146   0.001400  0.000E+00        max_dt

         33   5.477907   4215.427 -21.623527 -21.623527  12.000000  12.000000   0.755800   0.000071   0.242800 -12.480020    441      1
-5.0000E+00   5.477748   2.425285 -99.000000 -23.021396 -99.000000   0.000000   0.242800   0.000657   0.001400   0.015142      3
 3.2500E-04  -5.239585   4.304631 -99.000000 -99.000000  -8.099402   0.000000   0.000241   0.000146   0.001400  0.000E+00        max_dt

         34   5.477907   4214.149 -21.623526 -21.623526  12.000000  12.000000   0.755800   0.000071   0.242800 -12.479990    441      1
-5.0000E+00   5.477743   2.425283 -99.000000 -23.021394 -99.000000   0.000000   0.242800   0.000657   0.001400   0.015142      3
 3.3500E-04  -5.239579   4.304098 -99.000000 -99.000000  -8.098996   0.000000   0.000241   0.000146   0.001400  0.000E+00        max_dt

         35   5.477907   4212.886 -21.623525 -21.623525  12.000000  12.000000   0.755800   0.000071   0.242800 -12.479961    441      1
-5.0000E+00   5.477739   2.425280 -99.000000 -23.021393 -99.000000   0.000000   0.242800   0.000657   0.001400   0.015142      3
 3.4500E-04  -5.239573   4.303572 -99.000000 -99.000000  -8.098596   0.000000   0.000241   0.000146   0.001400  0.000E+00        max_dt

         36   5.477907   4211.640 -21.623524 -21.623524  12.000000  12.000000   0.755800   0.000071   0.242800 -12.479935    441      1
-5.0000E+00   5.477735   2.425277 -99.000000 -23.021392 -99.000000   0.000000   0.242800   0.000657   0.001400   0.015143      3
 3.5500E-04  -5.239567   4.303052 -99.000000 -99.000000  -8.098203   0.000000   0.000241   0.000146   0.001400  0.000E+00        max_dt

         37   5.477907   4210.412 -21.623523 -21.623523  12.000000  12.000000   0.755800   0.000071   0.242800 -12.479910    441      1
-5.0000E+00   5.477731   2.425274 -99.000000 -23.021391 -99.000000   0.000000   0.242800   0.000657   0.001400   0.015143      3
 3.6500E-04  -5.239562   4.302540 -99.000000 -99.000000  -8.097815   0.000000   0.000241   0.000146   0.001400  0.000E+00        max_dt

         38   5.477907   4209.201 -21.623522 -21.623522  12.000000  12.000000   0.755800   0.000071   0.242800 -12.479886    440      1
-5.0000E+00   5.477728   2.425271 -99.000000 -23.021390 -99.000000   0.000000   0.242800   0.000657   0.001400   0.015143      3
 3.7500E-04  -5.239557   4.302035 -99.000000 -99.000000  -8.097434   0.000000   0.000241   0.000146   0.001400  0.000E+00        max_dt

         39   5.477907   4208.005 -21.623521 -21.623521  12.000000  12.000000   0.755800   0.000071   0.242800 -12.479864    438      1
-5.0000E+00   5.477724   2.425268 -99.000000 -23.021389 -99.000000   0.000000   0.242800   0.000657   0.001400   0.015143      3
 3.8500E-04  -5.239552   4.301536 -99.000000 -99.000000  -8.097058   0.000000   0.000241   0.000146   0.001400  0.000E+00        max_dt


__________________________________________________________________________________________________________________________________________________

       step    lg_Tmax     Teff     lg_LH      lg_Lnuc_tot     Mass       H_rich     H_cntr     N_cntr     Y_surf   eta_cntr   zones  retry
  lg_dt_yrs    lg_Tcntr    lg_R     lg_L3a     lg_Lneu     lg_Mdot    He_core    He_cntr    O_cntr     Z_surf   gam_cntr   iters  
    age_yrs    lg_Dcntr    lg_L     lg_LZ      lg_Lphoto   lg_Dsurf   CO_core    C_cntr     Ne_cntr    Z_cntr   v_div_cs       dt_limit
__________________________________________________________________________________________________________________________________________________

         40   5.477907   4206.809 -21.623520 -21.623520  12.000000  12.000000   0.755800   0.000071   0.242800 -12.479843    436      1
-5.0000E+00   5.477721   2.425266 -99.000000 -23.021388 -99.000000   0.000000   0.242800   0.000657   0.001400   0.015143      3
 3.9500E-04  -5.239548   4.301036 -99.000000 -99.000000  -8.096683   0.000000   0.000241   0.000146   0.001400  0.000E+00        max_dt

         41   5.477907   4205.598 -21.623519 -21.623519  12.000000  12.000000   0.755800   0.000071   0.242800 -12.479824    436      1
-5.0000E+00   5.477719   2.425263 -99.000000 -23.021387 -99.000000   0.000000   0.242800   0.000657   0.001400   0.015143      3
 4.0500E-04  -5.239544   4.300531 -99.000000 -99.000000  -8.096304   0.000000   0.000241   0.000146   0.001400  0.000E+00        max_dt

         42   5.477907   4204.396 -21.623518 -21.623518  12.000000  12.000000   0.755800   0.000071   0.242800 -12.479806    436      1
-5.0000E+00   5.477716   2.425261 -99.000000 -23.021386 -99.000000   0.000000   0.242800   0.000657   0.001400   0.015144      3
 4.1500E-04  -5.239540   4.300029 -99.000000 -99.000000  -8.095928   0.000000   0.000241   0.000146   0.001400  0.000E+00        max_dt

         43   5.477907   4203.215 -21.623516 -21.623516  12.000000  12.000000   0.755800   0.000071   0.242800 -12.479788    436      1
-5.0000E+00   5.477713   2.425258 -99.000000 -23.021385 -99.000000   0.000000   0.242800   0.000657   0.001400   0.015144      3
 4.2500E-04  -5.239536   4.299536 -99.000000 -99.000000  -8.095559   0.000000   0.000241   0.000146   0.001400  0.000E+00        max_dt

         44   5.477907   4202.061 -21.623515 -21.623515  12.000000  12.000000   0.755800   0.000071   0.242800 -12.479772    436      1
-5.0000E+00   5.477711   2.425255 -99.000000 -23.021384 -99.000000   0.000000   0.242800   0.000657   0.001400   0.015144      3
 4.3500E-04  -5.239533   4.299054 -99.000000 -99.000000  -8.095200   0.000000   0.000241   0.000146   0.001400  0.000E+00        max_dt

         45   5.477908   4200.935 -21.623514 -21.623514  12.000000  12.000000   0.755800   0.000071   0.242800 -12.479756    436      1
-5.0000E+00   5.477709   2.425253 -99.000000 -23.021383 -99.000000   0.000000   0.242800   0.000657   0.001400   0.015144      3
 4.4500E-04  -5.239529   4.298584 -99.000000 -99.000000  -8.094850   0.000000   0.000241   0.000146   0.001400  0.000E+00        max_dt

         46   5.477908   4199.836 -21.623513 -21.623513  12.000000  12.000000   0.755800   0.000071   0.242800 -12.479741    436      1
-5.0000E+00   5.477706   2.425251 -99.000000 -23.021382 -99.000000   0.000000   0.242800   0.000657   0.001400   0.015144      3
 4.5500E-04  -5.239526   4.298124 -37.327719 -99.000000  -8.094508   0.000000   0.000241   0.000146   0.001400  0.000E+00        max_dt

         47   5.477981   4198.765 -21.623809 -21.623809  12.000000  12.000000   0.755800   0.000071   0.242800 -12.479663    435      1
-5.0000E+00   5.477778   2.425248 -99.000000 -23.021677 -99.000000   0.000000   0.242800   0.000657   0.001400   0.015143      3
 4.6500E-04  -5.239385   4.297675 -99.000000 -99.000000  -8.094175   0.000000   0.000241   0.000146   0.001400  0.000E+00        max_dt

         48   5.477981   4197.715 -21.623808 -21.623808  12.000000  12.000000   0.755800   0.000071   0.242800 -12.479650    435      1
-5.0000E+00   5.477776   2.425245 -99.000000 -23.021676 -99.000000   0.000000   0.242800   0.000657   0.001400   0.015143      3
 4.7500E-04  -5.239382   4.297236 -99.000000 -99.000000  -8.093850   0.000000   0.000241   0.000146   0.001400  0.000E+00        max_dt

         49   5.477981   4196.689 -21.623807 -21.623807  12.000000  12.000000   0.755800   0.000071   0.242800 -12.479637    435      1
-5.0000E+00   5.477774   2.425243 -99.000000 -23.021676 -99.000000   0.000000   0.242800   0.000657   0.001400   0.015143      3
 4.8500E-04  -5.239380   4.296807 -99.000000 -99.000000  -8.093533   0.000000   0.000241   0.000146   0.001400  0.000E+00        max_dt


__________________________________________________________________________________________________________________________________________________

       step    lg_Tmax     Teff     lg_LH      lg_Lnuc_tot     Mass       H_rich     H_cntr     N_cntr     Y_surf   eta_cntr   zones  retry
  lg_dt_yrs    lg_Tcntr    lg_R     lg_L3a     lg_Lneu     lg_Mdot    He_core    He_cntr    O_cntr     Z_surf   gam_cntr   iters  
    age_yrs    lg_Dcntr    lg_L     lg_LZ      lg_Lphoto   lg_Dsurf   CO_core    C_cntr     Ne_cntr    Z_cntr   v_div_cs       dt_limit
__________________________________________________________________________________________________________________________________________________

         50   5.477981   4195.686 -21.623807 -21.623807  12.000000  12.000000   0.755800   0.000071   0.242800 -12.479625    435      1
-5.0000E+00   5.477772   2.425241 -99.000000 -23.021675 -99.000000   0.000000   0.242800   0.000657   0.001400   0.015143      3
 4.9500E-04  -5.239377   4.296388 -99.000000 -99.000000  -8.093223   0.000000   0.000241   0.000146   0.001400  0.000E+00        max_dt

         51   5.477981   4194.704 -21.623806 -21.623806  12.000000  12.000000   0.755800   0.000071   0.242800 -12.479614    435      1
-5.0000E+00   5.477770   2.425239 -99.000000 -23.021674 -99.000000   0.000000   0.242800   0.000657   0.001400   0.015144      3
 5.0500E-04  -5.239375   4.295977 -99.000000 -99.000000  -8.092920   0.000000   0.000241   0.000146   0.001400  0.000E+00        max_dt

         52   5.477981   4193.743 -21.623805 -21.623805  12.000000  12.000000   0.755800   0.000071   0.242800 -12.479603    435      1
-5.0000E+00   5.477769   2.425237 -99.000000 -23.021673 -99.000000   0.000000   0.242800   0.000657   0.001400   0.015144      3
 5.1500E-04  -5.239372   4.295575 -99.000000 -99.000000  -8.092625   0.000000   0.000241   0.000146   0.001400  0.000E+00        max_dt

         53   5.477981   4192.802 -21.623804 -21.623804  12.000000  12.000000   0.755800   0.000071   0.242800 -12.479593    436      1
-5.0000E+00   5.477767   2.425235 -99.000000 -23.021673 -99.000000   0.000000   0.242800   0.000657   0.001400   0.015144      3
 5.2500E-04  -5.239370   4.295181 -99.000000 -99.000000  -8.092335   0.000000   0.000241   0.000146   0.001400  0.000E+00        max_dt

         54   5.477981   4191.881 -21.623804 -21.623804  12.000000  12.000000   0.755800   0.000071   0.242800 -12.479583    436      1
-5.0000E+00   5.477766   2.425233 -99.000000 -23.021672 -99.000000   0.000000   0.242800   0.000657   0.001400   0.015144      3
 5.3500E-04  -5.239368   4.294796 -99.000000 -99.000000  -8.092052   0.000000   0.000241   0.000146   0.001400  0.000E+00        max_dt

         55   5.477982   4190.978 -21.623803 -21.623803  12.000000  12.000000   0.755800   0.000071   0.242800 -12.479573    436      1
-5.0000E+00   5.477765   2.425231 -99.000000 -23.021671 -99.000000   0.000000   0.242800   0.000657   0.001400   0.015144      3
 5.4500E-04  -5.239366   4.294418 -99.000000 -99.000000  -8.091775   0.000000   0.000241   0.000146   0.001400  0.000E+00        max_dt

         56   5.477982   4190.093 -21.623802 -21.623802  12.000000  12.000000   0.755800   0.000071   0.242800 -12.479564    436      1
-5.0000E+00   5.477763   2.425229 -99.000000 -23.021670 -99.000000   0.000000   0.242800   0.000657   0.001400   0.015144      3
 5.5500E-04  -5.239364   4.294047 -37.327719 -99.000000  -8.091504   0.000000   0.000241   0.000146   0.001400  0.000E+00        max_dt

         57   5.477982   4189.226 -21.623801 -21.623801  12.000000  12.000000   0.755800   0.000071   0.242800 -12.479556    436      1
-5.0000E+00   5.477762   2.425228 -99.000000 -23.021670 -99.000000   0.000000   0.242800   0.000657   0.001400   0.015144      3
 5.6500E-04  -5.239362   4.293684 -99.000000 -99.000000  -8.091239   0.000000   0.000241   0.000146   0.001400  0.000E+00        max_dt

         58   5.477982   4188.375 -21.623801 -21.623801  12.000000  12.000000   0.755800   0.000071   0.242800 -12.479547    436      1
-5.0000E+00   5.477761   2.425226 -99.000000 -23.021669 -99.000000   0.000000   0.242800   0.000657   0.001400   0.015144      3
 5.7500E-04  -5.239360   4.293328 -99.000000 -99.000000  -8.090979   0.000000   0.000241   0.000146   0.001400  0.000E+00        max_dt

         59   5.477982   4187.541 -21.623800 -21.623800  12.000000  12.000000   0.755800   0.000071   0.242800 -12.479539    436      1
-5.0000E+00   5.477760   2.425224 -99.000000 -23.021668 -99.000000   0.000000   0.242800   0.000657   0.001400   0.015144      3
 5.8500E-04  -5.239358   4.292978 -99.000000 -99.000000  -8.090724   0.000000   0.000241   0.000146   0.001400  0.000E+00        max_dt


__________________________________________________________________________________________________________________________________________________

       step    lg_Tmax     Teff     lg_LH      lg_Lnuc_tot     Mass       H_rich     H_cntr     N_cntr     Y_surf   eta_cntr   zones  retry
  lg_dt_yrs    lg_Tcntr    lg_R     lg_L3a     lg_Lneu     lg_Mdot    He_core    He_cntr    O_cntr     Z_surf   gam_cntr   iters  
    age_yrs    lg_Dcntr    lg_L     lg_LZ      lg_Lphoto   lg_Dsurf   CO_core    C_cntr     Ne_cntr    Z_cntr   v_div_cs       dt_limit
__________________________________________________________________________________________________________________________________________________

         60   5.477982   4186.722 -21.623799 -21.623799  12.000000  12.000000   0.755800   0.000071   0.242800 -12.479532    436      1
-5.0000E+00   5.477759   2.425223 -99.000000 -23.021667 -99.000000   0.000000   0.242800   0.000657   0.001400   0.015144      3
 5.9500E-04  -5.239357   4.292635 -99.000000 -99.000000  -8.090474   0.000000   0.000241   0.000146   0.001400  0.000E+00        max_dt

         61   5.477982   4185.919 -21.623799 -21.623799  12.000000  12.000000   0.755800   0.000071   0.242800 -12.479525    436      1
-5.0000E+00   5.477758   2.425221 -99.000000 -23.021667 -99.000000   0.000000   0.242800   0.000657   0.001400   0.015144      3
 6.0500E-04  -5.239355   4.292299 -99.000000 -99.000000  -8.090229   0.000000   0.000241   0.000146   0.001400  0.000E+00        max_dt

         62   5.477982   4185.131 -21.623798 -21.623798  12.000000  12.000000   0.755800   0.000071   0.242800 -12.479518    436      1
-5.0000E+00   5.477757   2.425219 -99.000000 -23.021666 -99.000000   0.000000   0.242800   0.000657   0.001400   0.015144      3
 6.1500E-04  -5.239353   4.291969 -99.000000 -99.000000  -8.089990   0.000000   0.000241   0.000146   0.001400  0.000E+00        max_dt

         63   5.477982   4184.357 -21.623797 -21.623797  12.000000  12.000000   0.755800   0.000071   0.242800 -12.479511    436      1
-5.0000E+00   5.477756   2.425218 -99.000000 -23.021665 -99.000000   0.000000   0.242800   0.000657   0.001400   0.015144      3
 6.2500E-04  -5.239352   4.291645 -99.000000 -99.000000  -8.089754   0.000000   0.000241   0.000146   0.001400  0.000E+00        max_dt

         64   5.477982   4183.598 -21.623796 -21.623796  12.000000  12.000000   0.755800   0.000071   0.242800 -12.479505    436      1
-5.0000E+00   5.477755   2.425216 -99.000000 -23.021665 -99.000000   0.000000   0.242800   0.000657   0.001400   0.015144      3
 6.3500E-04  -5.239351   4.291326 -99.000000 -99.000000  -8.089524   0.000000   0.000241   0.000146   0.001400  0.000E+00        max_dt

         65   5.477982   4182.852 -21.623796 -21.623796  12.000000  12.000000   0.755800   0.000071   0.242800 -12.479498    436      1
-5.0000E+00   5.477754   2.425215 -99.000000 -23.021664 -99.000000   0.000000   0.242800   0.000657   0.001400   0.015144      3
 6.4500E-04  -5.239349   4.291014 -99.000000 -99.000000  -8.089297   0.000000   0.000241   0.000146   0.001400  0.000E+00        max_dt

         66   5.477982   4182.120 -21.623795 -21.623795  12.000000  12.000000   0.755800   0.000071   0.242800 -12.479492    436      1
-5.0000E+00   5.477753   2.425214 -99.000000 -23.021663 -99.000000   0.000000   0.242800   0.000657   0.001400   0.015144      3
 6.5500E-04  -5.239348   4.290707 -99.000000 -99.000000  -8.089075   0.000000   0.000241   0.000146   0.001400  0.000E+00        max_dt

         67   5.477982   4181.398 -21.623794 -21.623794  12.000000  12.000000   0.755800   0.000071   0.242800 -12.479487    434      1
-5.0000E+00   5.477752   2.425212 -99.000000 -23.021663 -99.000000   0.000000   0.242800   0.000657   0.001400   0.015144      3
 6.6500E-04  -5.239347   4.290404 -99.000000 -99.000000  -8.088857   0.000000   0.000241   0.000146   0.001400  0.000E+00        max_dt

         68   5.477982   4180.682 -21.623794 -21.623794  12.000000  12.000000   0.755800   0.000071   0.242800 -12.479481    434      1
-5.0000E+00   5.477751   2.425211 -99.000000 -23.021662 -99.000000   0.000000   0.242800   0.000657   0.001400   0.015145      3
 6.7500E-04  -5.239345   4.290104 -37.327719 -99.000000  -8.088640   0.000000   0.000241   0.000146   0.001400  0.000E+00        max_dt

         69   5.477982   4179.972 -21.623793 -21.623793  12.000000  12.000000   0.755800   0.000071   0.242800 -12.479476    435      1
-5.0000E+00   5.477751   2.425209 -99.000000 -23.021661 -99.000000   0.000000   0.242800   0.000657   0.001400   0.015145      3
 6.8500E-04  -5.239344   4.289806 -99.000000 -99.000000  -8.088425   0.000000   0.000241   0.000146   0.001400  0.000E+00        max_dt


__________________________________________________________________________________________________________________________________________________

       step    lg_Tmax     Teff     lg_LH      lg_Lnuc_tot     Mass       H_rich     H_cntr     N_cntr     Y_surf   eta_cntr   zones  retry
  lg_dt_yrs    lg_Tcntr    lg_R     lg_L3a     lg_Lneu     lg_Mdot    He_core    He_cntr    O_cntr     Z_surf   gam_cntr   iters  
    age_yrs    lg_Dcntr    lg_L     lg_LZ      lg_Lphoto   lg_Dsurf   CO_core    C_cntr     Ne_cntr    Z_cntr   v_div_cs       dt_limit
__________________________________________________________________________________________________________________________________________________

         70   5.477983   4179.273 -21.623793 -21.623793  12.000000  12.000000   0.755800   0.000071   0.242800 -12.479471    435      1
-5.0000E+00   5.477750   2.425208 -99.000000 -23.021661 -99.000000   0.000000   0.242800   0.000657   0.001400   0.015145      3
 6.9500E-04  -5.239343   4.289513 -99.000000 -99.000000  -8.088214   0.000000   0.000241   0.000146   0.001400  0.000E+00        max_dt

         71   5.477983   4178.587 -21.623792 -21.623792  12.000000  12.000000   0.755800   0.000071   0.242800 -12.479466    435      1
-5.0000E+00   5.477749   2.425207 -99.000000 -23.021660 -99.000000   0.000000   0.242800   0.000657   0.001400   0.015145      3
 7.0500E-04  -5.239342   4.289225 -99.000000 -99.000000  -8.088007   0.000000   0.000241   0.000146   0.001400  0.000E+00        max_dt

         72   5.477983   4177.915 -21.623791 -21.623791  12.000000  12.000000   0.755800   0.000071   0.242800 -12.479461    435      1
-5.0000E+00   5.477749   2.425206 -99.000000 -23.021659 -99.000000   0.000000   0.242800   0.000657   0.001400   0.015145      3
 7.1500E-04  -5.239341   4.288943 -99.000000 -99.000000  -8.087805   0.000000   0.000241   0.000146   0.001400  0.000E+00        max_dt

         73   5.477983   4177.257 -21.623791 -21.623791  12.000000  12.000000   0.755800   0.000071   0.242800 -12.479457    435      1
-5.0000E+00   5.477748   2.425204 -99.000000 -23.021659 -99.000000   0.000000   0.242800   0.000657   0.001400   0.015145      3
 7.2500E-04  -5.239340   4.288667 -99.000000 -99.000000  -8.087606   0.000000   0.000241   0.000146   0.001400  0.000E+00        max_dt

         74   5.477983   4176.612 -21.623790 -21.623790  12.000000  12.000000   0.755800   0.000071   0.242800 -12.479452    435      1
-5.0000E+00   5.477748   2.425203 -99.000000 -23.021658 -99.000000   0.000000   0.242800   0.000657   0.001400   0.015145      3
 7.3500E-04  -5.239339   4.288397 -99.000000 -99.000000  -8.087412   0.000000   0.000241   0.000146   0.001400  0.000E+00        max_dt

         75   5.477983   4175.981 -21.623789 -21.623789  12.000000  12.000000   0.755800   0.000071   0.242800 -12.479448    435      1
-5.0000E+00   5.477747   2.425202 -99.000000 -23.021657 -99.000000   0.000000   0.242800   0.000657   0.001400   0.015145      3
 7.4500E-04  -5.239338   4.288132 -99.000000 -99.000000  -8.087222   0.000000   0.000241   0.000146   0.001400  0.000E+00        max_dt

         76   5.477983   4175.362 -21.623789 -21.623789  12.000000  12.000000   0.755800   0.000071   0.242800 -12.479444    435      1
-5.0000E+00   5.477746   2.425201 -99.000000 -23.021657 -99.000000   0.000000   0.242800   0.000657   0.001400   0.015145      3
 7.5500E-04  -5.239337   4.287872 -99.000000 -99.000000  -8.087036   0.000000   0.000241   0.000146   0.001400  0.000E+00        max_dt

         77   5.477983   4174.755 -21.623788 -21.623788  12.000000  12.000000   0.755800   0.000071   0.242800 -12.479440    435      1
-5.0000E+00   5.477746   2.425200 -99.000000 -23.021656 -99.000000   0.000000   0.242800   0.000657   0.001400   0.015145      3
 7.6500E-04  -5.239336   4.287617 -99.000000 -99.000000  -8.086854   0.000000   0.000241   0.000146   0.001400  0.000E+00        max_dt

         78   5.477983   4174.158 -21.623787 -21.623787  12.000000  12.000000   0.755800   0.000071   0.242800 -12.479436    435      1
-5.0000E+00   5.477745   2.425199 -99.000000 -23.021656 -99.000000   0.000000   0.242800   0.000657   0.001400   0.015145      3
 7.7500E-04  -5.239335   4.287367 -99.000000 -99.000000  -8.086675   0.000000   0.000241   0.000146   0.001400  0.000E+00        max_dt

         79   5.477983   4173.572 -21.623787 -21.623787  12.000000  12.000000   0.755800   0.000071   0.242800 -12.479433    434      1
-5.0000E+00   5.477745   2.425198 -99.000000 -23.021655 -99.000000   0.000000   0.242800   0.000657   0.001400   0.015145      3
 7.8500E-04  -5.239334   4.287121 -99.000000 -99.000000  -8.086499   0.000000   0.000241   0.000146   0.001400  0.000E+00        max_dt


__________________________________________________________________________________________________________________________________________________

       step    lg_Tmax     Teff     lg_LH      lg_Lnuc_tot     Mass       H_rich     H_cntr     N_cntr     Y_surf   eta_cntr   zones  retry
  lg_dt_yrs    lg_Tcntr    lg_R     lg_L3a     lg_Lneu     lg_Mdot    He_core    He_cntr    O_cntr     Z_surf   gam_cntr   iters  
    age_yrs    lg_Dcntr    lg_L     lg_LZ      lg_Lphoto   lg_Dsurf   CO_core    C_cntr     Ne_cntr    Z_cntr   v_div_cs       dt_limit
__________________________________________________________________________________________________________________________________________________

         80   5.477983   4172.995 -21.623786 -21.623786  12.000000  12.000000   0.755800   0.000071   0.242800 -12.479429    435      1
-5.0000E+00   5.477744   2.425197 -99.000000 -23.021654 -99.000000   0.000000   0.242800   0.000657   0.001400   0.015145      3
 7.9500E-04  -5.239333   4.286879 -99.000000 -99.000000  -8.086326   0.000000   0.000241   0.000146   0.001400  0.000E+00        max_dt

         81   5.477983   4172.427 -21.623786 -21.623786  12.000000  12.000000   0.755800   0.000071   0.242800 -12.479425    439      1
-5.0000E+00   5.477744   2.425196 -99.000000 -23.021654 -99.000000   0.000000   0.242800   0.000657   0.001400   0.015145      3
 8.0500E-04  -5.239333   4.286640 -99.000000 -99.000000  -8.086156   0.000000   0.000241   0.000146   0.001400  0.000E+00        max_dt

         82   5.477983   4171.869 -21.623785 -21.623785  12.000000  12.000000   0.755800   0.000071   0.242800 -12.479422    438      1
-5.0000E+00   5.477743   2.425195 -99.000000 -23.021653 -99.000000   0.000000   0.242800   0.000657   0.001400   0.015145      3
 8.1500E-04  -5.239332   4.286406 -99.000000 -99.000000  -8.085989   0.000000   0.000241   0.000146   0.001400  0.000E+00        max_dt

         83   5.477983   4171.318 -21.623784 -21.623784  12.000000  12.000000   0.755800   0.000071   0.242800 -12.479419    438      1
-5.0000E+00   5.477743   2.425194 -99.000000 -23.021653 -99.000000   0.000000   0.242800   0.000657   0.001400   0.015145      3
 8.2500E-04  -5.239331   4.286175 -99.000000 -99.000000  -8.085824   0.000000   0.000241   0.000146   0.001400  0.000E+00        max_dt

         84   5.477983   4170.775 -21.623784 -21.623784  12.000000  12.000000   0.755800   0.000071   0.242800 -12.479416    438      1
-5.0000E+00   5.477743   2.425193 -99.000000 -23.021652 -99.000000   0.000000   0.242800   0.000657   0.001400   0.015145      3
 8.3500E-04  -5.239330   4.285947 -99.000000 -99.000000  -8.085662   0.000000   0.000241   0.000146   0.001400  0.000E+00        max_dt

         85   5.477983   4170.240 -21.623783 -21.623783  12.000000  12.000000   0.755800   0.000071   0.242800 -12.479413    438      1
-5.0000E+00   5.477742   2.425192 -99.000000 -23.021651 -99.000000   0.000000   0.242800   0.000657   0.001400   0.015145      3
 8.4500E-04  -5.239330   4.285722 -99.000000 -99.000000  -8.085502   0.000000   0.000241   0.000146   0.001400  0.000E+00        max_dt

         86   5.477983   4169.713 -21.623783 -21.623783  12.000000  12.000000   0.755800   0.000071   0.242800 -12.479410    438      1
-5.0000E+00   5.477742   2.425191 -99.000000 -23.021651 -99.000000   0.000000   0.242800   0.000657   0.001400   0.015145      3
 8.5500E-04  -5.239329   4.285501 -99.000000 -99.000000  -8.085345   0.000000   0.000241   0.000146   0.001400  0.000E+00        max_dt

         87   5.477983   4169.194 -21.623782 -21.623782  12.000000  12.000000   0.755800   0.000071   0.242800 -12.479407    438      1
-5.0000E+00   5.477741   2.425190 -99.000000 -23.021650 -99.000000   0.000000   0.242800   0.000657   0.001400   0.015145      3
 8.6500E-04  -5.239328   4.285283 -99.000000 -99.000000  -8.085190   0.000000   0.000241   0.000146   0.001400  0.000E+00        max_dt

         88   5.477984   4168.683 -21.623781 -21.623781  12.000000  12.000000   0.755800   0.000071   0.242800 -12.479404    438      1
-5.0000E+00   5.477741   2.425189 -99.000000 -23.021650 -99.000000   0.000000   0.242800   0.000657   0.001400   0.015145      3
 8.7500E-04  -5.239327   4.285068 -99.000000 -99.000000  -8.085038   0.000000   0.000241   0.000146   0.001400  0.000E+00        max_dt

         89   5.477984   4168.180 -21.623781 -21.623781  12.000000  12.000000   0.755800   0.000071   0.242800 -12.479401    438      1
-5.0000E+00   5.477741   2.425189 -99.000000 -23.021649 -99.000000   0.000000   0.242800   0.000657   0.001400   0.015145      3
 8.8500E-04  -5.239327   4.284857 -99.000000 -99.000000  -8.084888   0.000000   0.000241   0.000146   0.001400  0.000E+00        max_dt


__________________________________________________________________________________________________________________________________________________

       step    lg_Tmax     Teff     lg_LH      lg_Lnuc_tot     Mass       H_rich     H_cntr     N_cntr     Y_surf   eta_cntr   zones  retry
  lg_dt_yrs    lg_Tcntr    lg_R     lg_L3a     lg_Lneu     lg_Mdot    He_core    He_cntr    O_cntr     Z_surf   gam_cntr   iters  
    age_yrs    lg_Dcntr    lg_L     lg_LZ      lg_Lphoto   lg_Dsurf   CO_core    C_cntr     Ne_cntr    Z_cntr   v_div_cs       dt_limit
__________________________________________________________________________________________________________________________________________________

         90   5.477984   4167.685 -21.623780 -21.623780  12.000000  12.000000   0.755800   0.000071   0.242800 -12.479399    438      1
-5.0000E+00   5.477740   2.425188 -99.000000 -23.021648 -99.000000   0.000000   0.242800   0.000657   0.001400   0.015145      3
 8.9500E-04  -5.239326   4.284649 -99.000000 -99.000000  -8.084741   0.000000   0.000241   0.000146   0.001400  0.000E+00        max_dt

         91   5.477984   4167.198 -21.623780 -21.623780  12.000000  12.000000   0.755800   0.000071   0.242800 -12.479396    438      1
-5.0000E+00   5.477740   2.425187 -99.000000 -23.021648 -99.000000   0.000000   0.242800   0.000657   0.001400   0.015145      3
 9.0500E-04  -5.239326   4.284444 -99.000000 -99.000000  -8.084596   0.000000   0.000241   0.000146   0.001400  0.000E+00        max_dt

         92   5.477984   4166.718 -21.623779 -21.623779  12.000000  12.000000   0.755800   0.000071   0.242800 -12.479394    438      1
-5.0000E+00   5.477740   2.425186 -99.000000 -23.021647 -99.000000   0.000000   0.242800   0.000657   0.001400   0.015145      3
 9.1500E-04  -5.239325   4.284243 -99.000000 -99.000000  -8.084453   0.000000   0.000241   0.000146   0.001400  0.000E+00        max_dt

         93   5.477984   4166.246 -21.623779 -21.623779  12.000000  12.000000   0.755800   0.000071   0.242800 -12.479391    438      1
-5.0000E+00   5.477739   2.425186 -99.000000 -23.021647 -99.000000   0.000000   0.242800   0.000657   0.001400   0.015145      3
 9.2500E-04  -5.239324   4.284044 -99.000000 -99.000000  -8.084313   0.000000   0.000241   0.000146   0.001400  0.000E+00        max_dt

         94   5.477984   4165.781 -21.623778 -21.623778  12.000000  12.000000   0.755800   0.000071   0.242800 -12.479389    438      1
-5.0000E+00   5.477739   2.425185 -99.000000 -23.021646 -99.000000   0.000000   0.242800   0.000657   0.001400   0.015145      3
 9.3500E-04  -5.239324   4.283849 -99.000000 -99.000000  -8.084175   0.000000   0.000241   0.000146   0.001400  0.000E+00        max_dt

         95   5.477984   4165.323 -21.623777 -21.623777  12.000000  12.000000   0.755800   0.000071   0.242800 -12.479387    438      1
-5.0000E+00   5.477739   2.425184 -99.000000 -23.021646 -99.000000   0.000000   0.242800   0.000657   0.001400   0.015145      3
 9.4500E-04  -5.239323   4.283657 -99.000000 -99.000000  -8.084039   0.000000   0.000241   0.000146   0.001400  0.000E+00        max_dt

         96   5.477984   4164.873 -21.623777 -21.623777  12.000000  12.000000   0.755800   0.000071   0.242800 -12.479385    438      1
-5.0000E+00   5.477739   2.425184 -99.000000 -23.021645 -99.000000   0.000000   0.242800   0.000657   0.001400   0.015145      3
 9.5500E-04  -5.239323   4.283468 -99.000000 -99.000000  -8.083905   0.000000   0.000241   0.000146   0.001400  0.000E+00        max_dt

         97   5.477984   4164.429 -21.623776 -21.623776  12.000000  12.000000   0.755800   0.000071   0.242800 -12.479382    438      1
-5.0000E+00   5.477738   2.425183 -99.000000 -23.021644 -99.000000   0.000000   0.242800   0.000657   0.001400   0.015145      3
 9.6500E-04  -5.239322   4.283281 -99.000000 -99.000000  -8.083774   0.000000   0.000241   0.000146   0.001400  0.000E+00        max_dt

         98   5.477984   4163.992 -21.623776 -21.623776  12.000000  12.000000   0.755800   0.000071   0.242800 -12.479380    438      1
-5.0000E+00   5.477738   2.425182 -99.000000 -23.021644 -99.000000   0.000000   0.242800   0.000657   0.001400   0.015145      3
 9.7500E-04  -5.239322   4.283098 -37.327719 -99.000000  -8.083644   0.000000   0.000241   0.000146   0.001400  0.000E+00        max_dt

         99   5.477984   4163.562 -21.623775 -21.623775  12.000000  12.000000   0.755800   0.000071   0.242800 -12.479378    438      1
-5.0000E+00   5.477738   2.425182 -99.000000 -23.021643 -99.000000   0.000000   0.242800   0.000657   0.001400   0.015145      3
 9.8500E-04  -5.239321   4.282917 -99.000000 -99.000000  -8.083517   0.000000   0.000241   0.000146   0.001400  0.000E+00        max_dt


__________________________________________________________________________________________________________________________________________________

       step    lg_Tmax     Teff     lg_LH      lg_Lnuc_tot     Mass       H_rich     H_cntr     N_cntr     Y_surf   eta_cntr   zones  retry
  lg_dt_yrs    lg_Tcntr    lg_R     lg_L3a     lg_Lneu     lg_Mdot    He_core    He_cntr    O_cntr     Z_surf   gam_cntr   iters  
    age_yrs    lg_Dcntr    lg_L     lg_LZ      lg_Lphoto   lg_Dsurf   CO_core    C_cntr     Ne_cntr    Z_cntr   v_div_cs       dt_limit
__________________________________________________________________________________________________________________________________________________

        100   5.477984   4163.138 -21.623775 -21.623775  12.000000  12.000000   0.755800   0.000071   0.242800 -12.479376    438      1
-5.0000E+00   5.477738   2.425181 -99.000000 -23.021643 -99.000000   0.000000   0.242800   0.000657   0.001400   0.015145      3
 9.9500E-04  -5.239321   4.282739 -99.000000 -99.000000  -8.083391   0.000000   0.000241   0.000146   0.001400  0.000E+00        max_dt


 finished doing relax num steps


                                relax_to_radiative_core

          1   5.477984   4162.720 -21.623774 -21.623774  12.000000  12.000000   0.755800   0.000071   0.242800 -12.479374    438      0
-5.0000E+00   5.477737   2.425180 -99.000000 -23.021642 -99.000000   0.000000   0.242800   0.000657   0.001400   0.015145      3
 1.0000E-05  -5.239320   4.282563 -99.000000 -99.000000  -8.083268   0.000000   0.000241   0.000146   0.001400  0.000E+00        max_dt

           waiting for fully convective core to develop           1    1.7151251571217937D-03
          2   5.477984   4161.909 -21.623773 -21.623773  12.000000  12.000000   0.755800   0.000071   0.242800 -12.479371    438      0
-4.6990E+00   5.477737   2.425179 -99.000000 -23.021641 -99.000000   0.000000   0.242800   0.000657   0.001400   0.015145      3
 3.0000E-05  -5.239319   4.282222 -99.000000 -99.000000  -8.083028   0.000000   0.000241   0.000146   0.001400  0.000E+00  max increase

           waiting for fully convective core to develop           2    1.7151250246342229D-03
          3   5.477984   4160.376 -21.623771 -21.623771  12.000000  12.000000   0.755800   0.000071   0.242800 -12.479364    438      0
-4.3979E+00   5.477736   2.425177 -99.000000 -23.021639 -99.000000   0.000000   0.242800   0.000657   0.001400   0.015145      3
 7.0000E-05  -5.239318   4.281579 -99.000000 -99.000000  -8.082575   0.000000   0.000241   0.000146   0.001400  0.000E+00  max increase

           waiting for fully convective core to develop           3    1.7151248205392537D-03
          4   5.477985   4157.619 -21.623766 -21.623766  12.000000  12.000000   0.755800   0.000071   0.242800 -12.479353    438      0
-4.0969E+00   5.477735   2.425174 -99.000000 -23.021635 -99.000000   0.000000   0.242800   0.000657   0.001400   0.015145      3
 1.5000E-04  -5.239315   4.280421 -99.000000 -99.000000  -8.081764   0.000000   0.000241   0.000146   0.001400  0.000E+00  max increase

           waiting for fully convective core to develop           4    1.7151246359102495D-03
          5   5.477986   4153.069 -21.623758 -21.623758  12.000000  12.000000   0.755800   0.000071   0.242800 -12.479337    439      0
-3.7959E+00   5.477733   2.425170 -99.000000 -23.021626 -99.000000   0.000000   0.242800   0.000657   0.001400   0.015146      3
 3.1000E-04  -5.239310   4.278510 -99.000000 -99.000000  -8.080431   0.000000   0.000241   0.000146   0.001400  0.000E+00  max increase

           waiting for fully convective core to develop           5    1.7151249978591423D-03
          6   5.477987   4146.514 -21.623742 -21.623742  12.000000  12.000000   0.755800   0.000071   0.242800 -12.479317    439      0
-3.4949E+00   5.477732   2.425169 -99.000000 -23.021610 -99.000000   0.000000   0.242800   0.000657   0.001400   0.015146      3
 6.3000E-04  -5.239304   4.275764 -99.000000 -99.000000  -8.078525   0.000000   0.000241   0.000146   0.001400  0.000E+00  max increase

           waiting for fully convective core to develop           6    1.7151276160829764D-03
          7   5.477989   4138.993 -21.623711 -21.623711  12.000000  12.000000   0.755800   0.000071   0.242800 -12.479297    438      0
-3.1938E+00   5.477731   2.425183 -99.000000 -23.021580 -99.000000   0.000000   0.242800   0.000657   0.001400   0.015146      3
 1.2700E-03  -5.239295   4.272639 -99.000000 -99.000000  -8.076370   0.000000   0.000241   0.000146   0.001400  0.000E+00  max increase

           waiting for fully convective core to develop           7    1.7151360088133612D-03
          8   5.477993   4133.572 -21.623651 -21.623651  12.000000  12.000000   0.755800   0.000071   0.242800 -12.479279    439      0
-2.8928E+00   5.477734   2.425238 -99.000000 -23.021519 -99.000000   0.000000   0.242800   0.000657   0.001400   0.015146      3
 2.5500E-03  -5.239284   4.270471 -99.000000 -99.000000  -8.074875   0.000000   0.000241   0.000146   0.001400  0.000E+00  max increase

           waiting for fully convective core to develop           8    1.7151537835556258D-03
          9   5.478000   4134.527 -21.623534 -21.623534  12.000000  12.000000   0.755800   0.000071   0.242800 -12.479264    440      0
-2.5918E+00   5.477740   2.425377 -99.000000 -23.021402 -99.000000   0.000000   0.242800   0.000657   0.001400   0.015146      3
 5.1100E-03  -5.239268   4.271151 -99.000000 -99.000000  -8.075306   0.000000   0.000241   0.000146   0.001400  0.000E+00  max increase

           waiting for fully convective core to develop           9    1.7151762251877457D-03

__________________________________________________________________________________________________________________________________________________

       step    lg_Tmax     Teff     lg_LH      lg_Lnuc_tot     Mass       H_rich     H_cntr     N_cntr     Y_surf   eta_cntr   zones  retry
  lg_dt_yrs    lg_Tcntr    lg_R     lg_L3a     lg_Lneu     lg_Mdot    He_core    He_cntr    O_cntr     Z_surf   gam_cntr   iters  
    age_yrs    lg_Dcntr    lg_L     lg_LZ      lg_Lphoto   lg_Dsurf   CO_core    C_cntr     Ne_cntr    Z_cntr   v_div_cs       dt_limit
__________________________________________________________________________________________________________________________________________________

         10   5.478012   4144.416 -21.623306 -21.623306  12.000000  12.000000   0.755800   0.000071   0.242800 -12.479245    440      0
-2.2907E+00   5.477754   2.425660 -99.000000 -23.021174 -99.000000   0.000000   0.242800   0.000657   0.001400   0.015146      3
 1.0230E-02  -5.239240   4.275867 -99.000000 -99.000000  -8.078473   0.000000   0.000241   0.000146   0.001400  0.000E+00  max increase

           waiting for fully convective core to develop          10    1.7151587483341620D-03
         11   5.478036   4162.461 -21.622871 -21.622871  12.000000  12.000000   0.755800   0.000071   0.242800 -12.479214    440      0
-1.9897E+00   5.477780   2.426149 -99.000000 -23.020739 -99.000000   0.000000   0.242800   0.000657   0.001400   0.015145      3
 2.0470E-02  -5.239187   4.284393 -99.000000 -99.000000  -8.084290   0.000000   0.000241   0.000146   0.001400  0.000E+00  max increase

           waiting for fully convective core to develop          11    1.7148770548063874D-03
         12   5.478080   4184.374 -21.622053 -21.622053  12.000000  12.000000   0.755800   0.000071   0.242800 -12.479155    440      0
-1.6887E+00   5.477829   2.426884 -99.000000 -23.019921 -99.000000   0.000000   0.242800   0.000657   0.001400   0.015145      3
 4.0950E-02  -5.239087   4.294983 -99.000000 -99.000000  -8.091657   0.000000   0.000241   0.000146   0.001400  0.000E+00  max increase

           waiting for fully convective core to develop          12    3.1414916528640739D-04
         13   5.478166   4204.522 -21.620528 -21.620528  12.000000  12.000000   0.755800   0.000071   0.242800 -12.479042    443      0
-1.3876E+00   5.477924   2.427822 -99.000000 -23.018396 -99.000000   0.000000   0.242800   0.000657   0.001400   0.015144      3
 8.1910E-02  -5.238895   4.305204 -99.000000 -99.000000  -8.098898   0.000000   0.000241   0.000146   0.001400  0.000E+00  max increase

           waiting for fully convective core to develop          13    8.5683783065755960D-04
         14   5.478331   4218.466 -21.617771 -21.617771  12.000000  12.000000   0.755800   0.000071   0.242800 -12.478821    443      0
-1.0866E+00   5.478108   2.428809 -99.000000 -23.015639 -99.000000   0.000000   0.242800   0.000657   0.001400   0.015142      3
 1.6383E-01  -5.238523   4.312931 -99.000000 -99.000000  -8.104406   0.000000   0.000241   0.000146   0.001400  0.000E+00  max increase

           waiting for fully convective core to develop          14    8.5883523486052031D-04
         15   5.478612   4226.678 -21.612870 -21.612870  12.000000  12.000000   0.755800   0.000071   0.242800 -12.478392    443      0
-7.8558E-01   5.478462   2.429615 -99.000000 -23.010738 -99.000000   0.000000   0.242800   0.000657   0.001400   0.015138      3
 3.2767E-01  -5.237807   4.317920 -99.000000 -99.000000  -8.107955   0.000000   0.000241   0.000146   0.001400  0.000E+00  max increase

           waiting for fully convective core to develop          15    2.4660386656472072D-04
         16   5.479122   4230.387 -21.604045 -21.604045  12.000000  12.000000   0.755800   0.000071   0.242800 -12.477588    443      0
-4.8455E-01   5.479122   2.429992 -99.000000 -23.001913 -99.000000   0.000000   0.242800   0.000657   0.001400   0.015130      3
 6.5535E-01  -5.236467   4.320198 -99.000000 -99.000000  -8.109585   0.000000   0.000241   0.000146   0.001400  0.000E+00  max increase

           waiting for fully convective core to develop          16    1.9350486149838079D-04
         17   5.480344   4232.431 -21.587282 -21.587282  12.000000  12.000000   0.755800   0.000071   0.242800 -12.476160    443      0
-1.8352E-01   5.480344   2.429662 -99.000000 -22.985150 -99.000000   0.000000   0.242800   0.000657   0.001400   0.015116      3
 1.3107E+00  -5.234014   4.320377 -99.000000 -99.000000  -8.109868   0.000000   0.000241   0.000146   0.001400  0.000E+00  max increase

           waiting for fully convective core to develop          17    1.5797707392171452D-04
         18   5.482455   4234.526 -21.554243 -21.554243  12.000000  12.000000   0.755800   0.000071   0.242800 -12.472378    443      0
 1.1751E-01   5.482455   2.428247 -99.000000 -22.952111 -99.000000   0.000000   0.242800   0.000657   0.001400   0.015098      3
 2.6214E+00  -5.229206   4.318407 -99.000000 -99.000000  -8.108919   0.000000   0.000241   0.000146   0.001400  0.000E+00  max increase

           waiting for fully convective core to develop          18    1.2641327954978591D-04
         19   5.485768   4238.060 -21.489278 -21.489278  12.000000  12.000000   0.755800   0.000071   0.242800 -12.460356    446      0
 4.1854E-01   5.485768   2.425082 -99.000000 -22.887146 -99.000000   0.000000   0.242800   0.000657   0.001400   0.015101      3
 5.2429E+00  -5.219015   4.313527 -99.000000 -99.000000  -8.106422   0.000000   0.000241   0.000146   0.001400  0.000E+00  max increase

             relative mass of radiative core still tiny          19    7.8141452142244106D-08

__________________________________________________________________________________________________________________________________________________

       step    lg_Tmax     Teff     lg_LH      lg_Lnuc_tot     Mass       H_rich     H_cntr     N_cntr     Y_surf   eta_cntr   zones  retry
  lg_dt_yrs    lg_Tcntr    lg_R     lg_L3a     lg_Lneu     lg_Mdot    He_core    He_cntr    O_cntr     Z_surf   gam_cntr   iters  
    age_yrs    lg_Dcntr    lg_L     lg_LZ      lg_Lphoto   lg_Dsurf   CO_core    C_cntr     Ne_cntr    Z_cntr   v_div_cs       dt_limit
__________________________________________________________________________________________________________________________________________________

         20   5.492211   4245.418 -21.364245 -21.364245  12.000000  12.000000   0.755800   0.000071   0.242800 -12.437910    443      0
 7.1957E-01   5.492211   2.418848 -99.000000 -22.762113 -99.000000   0.000000   0.242800   0.000657   0.001400   0.015102      3
 1.0486E+01  -5.199602   4.304071 -99.000000 -99.000000  -8.101639   0.000000   0.000241   0.000146   0.001400  0.000E+00  max increase

             relative mass of radiative core still tiny          20    7.8141452364288710D-08
         21   5.503780   4256.820 -21.140975 -21.140975  12.000000  12.000000   0.755800   0.000071   0.242800 -12.397720    444      0
 1.0032E+00   5.503780   2.407634 -99.000000 -22.538843 -99.000000   0.000000   0.242800   0.000657   0.001400   0.015103      3
 2.0560E+01  -5.164794   4.286304 -99.000000 -99.000000  -8.092450   0.000000   0.000241   0.000146   0.001400  0.000E+00    varcontrol

             relative mass of radiative core still tiny          21    7.8141451698154896D-08
         22   5.519259   4274.318 -20.844735 -20.844735  12.000000  12.000000   0.755800   0.000071   0.242800 -12.343983    444      0
 1.1684E+00   5.519259   2.392587 -99.000000 -22.242603 -99.000000   0.000000   0.242800   0.000657   0.001400   0.015105      3
 3.5297E+01  -5.118239   4.263336 -99.000000 -99.000000  -8.080906   0.000000   0.000241   0.000146   0.001400  0.000E+00    varcontrol

             relative mass of radiative core still tiny          22    7.8141452142244106D-08
         23   5.536968   4293.727 -20.509355 -20.509355  12.000000  12.000000   0.755800   0.000071   0.242800 -12.282524    427      0
 1.2716E+00   5.536968   2.375337 -99.000000 -21.907223 -99.000000   0.000000   0.242800   0.000657   0.001400   0.015106      3
 5.3986E+01  -5.064984   4.236705 -99.000000 -99.000000  -8.067562   0.000000   0.000241   0.000146   0.001400  0.000E+00    varcontrol

             relative mass of radiative core still tiny          23    7.8141451476110291D-08
         24   5.555702   4314.551 -20.158736 -20.158736  12.000000  12.000000   0.755800   0.000071   0.242800 -12.217539    435      0
 1.3432E+00   5.555702   2.357046 -99.000000 -21.556604 -99.000000   0.000000   0.242800   0.000657   0.001400   0.015108      3
 7.6026E+01  -5.008660   4.208527 -99.000000 -99.000000  -8.053664   0.000000   0.000241   0.000146   0.001400  0.000E+00    varcontrol

             relative mass of radiative core still tiny          24    7.8141451032021081D-08
         25   5.574756   4334.016 -19.806515 -19.806515  12.000000  12.000000   0.755800   0.000071   0.242800 -12.151470    433      0
 1.3993E+00   5.574756   2.338412 -99.000000 -21.204383 -99.000000   0.000000   0.242800   0.000657   0.001400   0.015109      3
 1.0111E+02  -4.951386   4.179079 -99.000000 -99.000000  -8.039061   0.000000   0.000241   0.000146   0.001400  0.000E+00    varcontrol

             relative mass of radiative core still tiny          25    7.8141450809976476D-08
         26   5.593934   4355.067 -19.456397 -19.456397  12.000000  12.000000   0.755800   0.000071   0.242800 -12.084997    432      0
 1.4508E+00   5.593934   2.319608 -99.000000 -20.854266 -99.000000   0.000000   0.242800   0.000657   0.001400   0.015110      3
 1.2934E+02  -4.893749   4.149889 -99.000000 -99.000000  -8.025093   0.000000   0.000241   0.000146   0.001400  0.000E+00    varcontrol

             relative mass of radiative core still tiny          26    7.8141451476110291D-08
         27   5.613159   4376.182 -19.109818 -19.109818  12.000000  12.000000   0.755800   0.000071   0.242800 -12.018386    439      0
 1.5006E+00   5.613159   2.300723 -99.000000 -20.507686 -99.000000   0.000000   0.242800   0.000657   0.001400   0.015111      3
 1.6101E+02  -4.835983   4.120521 -99.000000 -99.000000  -8.011354   0.000000   0.000241   0.000146   0.001400  0.000E+00    varcontrol

             relative mass of radiative core still tiny          27    7.8141451254065686D-08
         28   5.632444   4396.359 -18.766489 -18.766489  12.000000  12.000000   0.755800   0.000071   0.242800 -11.951580    441      0
 1.5514E+00   5.632444   2.281747 -99.000000 -20.164357 -99.000000   0.000000   0.242800   0.000657   0.001400   0.015112      3
 1.9661E+02  -4.778042   4.090561 -99.000000 -99.000000  -7.997443   0.000000   0.000241   0.000146   0.001400  0.000E+00    varcontrol

             relative mass of radiative core still tiny          28    7.8141451032021081D-08
         29   5.651746   4416.881 -18.427145 -18.427145  12.000000  12.000000   0.755800   0.000071   0.242800 -11.884730    440      0
 1.6013E+00   5.651746   2.262721 -99.000000 -19.825013 -99.000000   0.000000   0.242800   0.000657   0.001400   0.015113      3
 2.3654E+02  -4.720056   4.060599 -99.000000 -99.000000  -7.983971   0.000000   0.000241   0.000146   0.001400  0.000E+00    varcontrol

             relative mass of radiative core still tiny          29    7.8141451254065686D-08

__________________________________________________________________________________________________________________________________________________

       step    lg_Tmax     Teff     lg_LH      lg_Lnuc_tot     Mass       H_rich     H_cntr     N_cntr     Y_surf   eta_cntr   zones  retry
  lg_dt_yrs    lg_Tcntr    lg_R     lg_L3a     lg_Lneu     lg_Mdot    He_core    He_cntr    O_cntr     Z_surf   gam_cntr   iters  
    age_yrs    lg_Dcntr    lg_L     lg_LZ      lg_Lphoto   lg_Dsurf   CO_core    C_cntr     Ne_cntr    Z_cntr   v_div_cs       dt_limit
__________________________________________________________________________________________________________________________________________________

         30   5.671029   4437.292 -18.092386 -18.092386  12.000000  12.000000   0.755800   0.000071   0.242800 -11.817964    463      0
 1.6503E+00   5.671029   2.243685 -99.000000 -19.490254 -99.000000   0.000000   0.242800   0.000657   0.001400   0.015114      3
 2.8124E+02  -4.662136   4.030535 -99.000000 -99.000000  -7.970828   0.000000   0.000241   0.000146   0.001400  0.000E+00    varcontrol

             relative mass of radiative core still tiny          30    7.8141452364288710D-08
         31   5.690361   4456.200 -17.760941 -17.760941  12.000000  12.000000   0.755800   0.000071   0.242800 -11.751035    447      0
 1.7017E+00   5.690361   2.224576 -99.000000 -19.158809 -99.000000   0.000000   0.242800   0.000657   0.001400   0.015115      3
 3.3156E+02  -4.604071   3.999705 -33.414330 -99.000000  -7.957267   0.000000   0.000241   0.000146   0.001400  0.000E+00    varcontrol

             relative mass of radiative core still tiny          31    7.8141451476110291D-08
         32   5.709406   4476.798 -17.433430 -17.433430  12.000000  12.000000   0.755800   0.000071   0.242800 -11.681892    466      0
 1.7520E+00   5.709406   2.205415 -99.000000 -18.831298 -99.000000   0.000000   0.242800   0.000657   0.001400   0.015132      3
 3.8805E+02  -4.545473   3.969395 -99.000000 -99.000000  -7.944923   0.000000   0.000241   0.000146   0.001400  0.000E+00    varcontrol

             relative mass of radiative core still tiny          32    7.8141452142244106D-08
         33   5.727936   4496.942 -17.111397 -17.111397  12.000000  12.000000   0.755800   0.000071   0.242800 -11.608545    464      0
 1.8021E+00   5.727936   2.186252 -99.000000 -18.509265 -99.000000   0.000000   0.242800   0.000657   0.001400   0.015179      3
 4.5145E+02  -4.485823   3.938868 -99.000000 -99.000000  -7.932793   0.000000   0.000241   0.000146   0.001400  0.000E+00    varcontrol

                 finished relax to begin radiative core          33    1.2422775817446208D-02

 finished doing relax_to_radiative_core

 read my_history_columns.list
 read my_profile_columns.list
                                 set_initial_dt (years)    1.0000000000000000D+00
                             set_initial_number_retries           0
 net name basic.net
 kap_option gs98
 kap_CO_option gs98_co
 kap_lowT_option lowT_fa05_gs98
                                        OMP_NUM_THREADS          16


__________________________________________________________________________________________________________________________________________________

       step    lg_Tmax     Teff     lg_LH      lg_Lnuc_tot     Mass       H_rich     H_cntr     N_cntr     Y_surf   eta_cntr   zones  retry
  lg_dt_yrs    lg_Tcntr    lg_R     lg_L3a     lg_Lneu     lg_Mdot    He_core    He_cntr    O_cntr     Z_surf   gam_cntr   iters  
    age_yrs    lg_Dcntr    lg_L     lg_LZ      lg_Lphoto   lg_Dsurf   CO_core    C_cntr     Ne_cntr    Z_cntr   v_div_cs       dt_limit
__________________________________________________________________________________________________________________________________________________

          1   5.728228   4497.205 -17.106356 -17.106356  12.000000  12.000000   0.755800   0.000071   0.242800 -11.607390    464      0
 0.0000E+00   5.728228   2.185950 -99.000000 -18.504225  -7.312433   0.000000   0.242800   0.000657   0.001400   0.015180      2
 1.0000E+00  -4.484884   3.938365 -99.000000 -99.000000  -7.932613   0.000000   0.000241   0.000146   0.001400  0.000E+00    varcontrol

save LOGS/profile1.data for model 1
          2   5.728578   4498.677 -17.100318 -17.100318  12.000000  12.000000   0.755800   0.000071   0.242800 -11.606006    470      0
 7.9181E-02   5.728578   2.185585 -99.000000 -18.498186  -7.313364   0.000000   0.242800   0.000657   0.001400   0.015181      3
 2.2000E+00  -4.483758   3.938204 -99.000000 -99.000000  -7.932993   0.000000   0.000241   0.000146   0.001400  0.000E+00  max increase

          3   5.728996   4499.059 -17.093092 -17.093092  12.000000  12.000000   0.755800   0.000071   0.242800 -11.604346    469      0
 1.5836E-01   5.728996   2.185152 -99.000000 -18.490960  -7.313888   0.000000   0.242800   0.000657   0.001400   0.015182      3
 3.6400E+00  -4.482410   3.937485 -99.000000 -99.000000  -7.932683   0.000000   0.000241   0.000146   0.001400  0.000E+00  max increase

          4   5.729497   4499.573 -17.084453 -17.084453  12.000000  12.000000   0.755800   0.000071   0.242800 -11.602358    469      0
 2.3754E-01   5.729497   2.184634 -99.000000 -18.482321  -7.315222   0.000000   0.242800   0.000657   0.001400   0.015183      3
 5.3680E+00  -4.480796   3.936646 -99.000000 -99.000000  -7.932345   0.000000   0.000241   0.000146   0.001400  0.000E+00  max increase

          5   5.730094   4500.186 -17.074129 -17.074129  12.000000  12.000000   0.755800   0.000071   0.242800 -11.599978    469      0
 3.1672E-01   5.730094   2.184014 -99.000000 -18.471997  -7.316787   0.000000   0.242800   0.000657   0.001400   0.015185      3
 7.4416E+00  -4.478865   3.935644 -99.000000 -99.000000  -7.931941   0.000000   0.000241   0.000146   0.001400  0.000E+00  max increase

          6   5.730808   4500.918 -17.061804 -17.061804  12.000000  12.000000   0.755800   0.000071   0.242800 -11.597128    469      0
 3.9591E-01   5.730808   2.183274 -99.000000 -18.459672  -7.318660   0.000000   0.242800   0.000657   0.001400   0.015187      3
 9.9299E+00  -4.476557   3.934446 -99.000000 -99.000000  -7.931457   0.000000   0.000241   0.000146   0.001400  0.000E+00  max increase

          7   5.731660   4501.791 -17.047103 -17.047103  11.999999  11.999999   0.755800   0.000071   0.242800 -11.593718    469      0
 4.7509E-01   5.731660   2.182391 -99.000000 -18.444971  -7.320897   0.000000   0.242800   0.000657   0.001400   0.015189      3
 1.2916E+01  -4.473799   3.933016 -99.000000 -99.000000  -7.930880   0.000000   0.000241   0.000146   0.001400  0.000E+00  max increase

          8   5.732674   4502.829 -17.029589 -17.029589  11.999999  11.999999   0.755800   0.000071   0.242800 -11.589641    470      0
 5.5427E-01   5.732674   2.181337 -99.000000 -18.427457  -7.323568   0.000000   0.242800   0.000657   0.001400   0.015192      4
 1.6499E+01  -4.470507   3.931309 -99.000000 -99.000000  -7.930192   0.000000   0.000241   0.000146   0.001400  0.000E+00  max increase

          9   5.733880   4504.054 -17.008755 -17.008755  11.999999  11.999999   0.755800   0.000071   0.242800 -11.584769    471      0
 6.3345E-01   5.733880   2.180082 -99.000000 -18.406623  -7.326755   0.000000   0.242800   0.000657   0.001400   0.015195      3
 2.0799E+01  -4.466581   3.929273 -99.000000 -99.000000  -7.929368   0.000000   0.000241   0.000146   0.001400  0.000E+00  max increase


__________________________________________________________________________________________________________________________________________________

       step    lg_Tmax     Teff     lg_LH      lg_Lnuc_tot     Mass       H_rich     H_cntr     N_cntr     Y_surf   eta_cntr   zones  retry
  lg_dt_yrs    lg_Tcntr    lg_R     lg_L3a     lg_Lneu     lg_Mdot    He_core    He_cntr    O_cntr     Z_surf   gam_cntr   iters  
    age_yrs    lg_Dcntr    lg_L     lg_LZ      lg_Lphoto   lg_Dsurf   CO_core    C_cntr     Ne_cntr    Z_cntr   v_div_cs       dt_limit
__________________________________________________________________________________________________________________________________________________

         10   5.735314   4505.513 -16.984010 -16.984010  11.999999  11.999999   0.755800   0.000071   0.242800 -11.578952    471      0
 7.1263E-01   5.735314   2.178590 -99.000000 -18.381878  -7.330556   0.000000   0.242800   0.000657   0.001400   0.015200      3
 2.5959E+01  -4.461905   3.926851 -99.000000 -99.000000  -7.928390   0.000000   0.000241   0.000146   0.001400  0.000E+00  max increase

         11   5.737012   4507.220 -16.954678 -16.954678  11.999998  11.999998   0.755800   0.000071   0.242800 -11.572013    470      0
 7.9181E-01   5.737012   2.176819 -99.000000 -18.352546  -7.335076   0.000000   0.242800   0.000657   0.001400   0.015205      3
 3.2150E+01  -4.456343   3.923966 -99.000000 -99.000000  -7.927217   0.000000   0.000241   0.000146   0.001400  0.000E+00  max increase

         12   5.739022   4509.252 -16.919986 -16.919986  11.999998  11.999998   0.755800   0.000071   0.242800 -11.563745    470      0
 8.7099E-01   5.739022   2.174719 -99.000000 -18.317854  -7.340455   0.000000   0.242800   0.000657   0.001400   0.015212      3
 3.9581E+01  -4.449738   3.920550 -99.000000 -99.000000  -7.925836   0.000000   0.000241   0.000146   0.001400  0.000E+00  max increase

         13   5.741392   4511.852 -16.879060 -16.879060  11.999998  11.999998   0.755800   0.000071   0.242800 -11.553908    476      0
 9.5017E-01   5.741392   2.172237 -99.000000 -18.276928  -7.346826   0.000000   0.242800   0.000657   0.001400   0.015220      3
 4.8497E+01  -4.441910   3.916587 -99.000000 -99.000000  -7.924322   0.000000   0.000241   0.000146   0.001400  0.000E+00  max increase

         14   5.744180   4514.657 -16.830938 -16.830938  11.999997  11.999997   0.755800   0.000071   0.242800 -11.542220    476      0
 1.0294E+00   5.744180   2.169311 -99.000000 -18.228806  -7.354256   0.000000   0.242800   0.000657   0.001400   0.015231      3
 5.9196E+01  -4.432651   3.911815 -99.000000 -99.000000  -7.922396   0.000000   0.000241   0.000146   0.001400  0.000E+00  max increase

         15   5.747448   4517.910 -16.774560 -16.774560  11.999997  11.999997   0.755800   0.000071   0.242800 -11.528359    475      0
 1.1085E+00   5.747448   2.165874 -99.000000 -18.172428  -7.363150   0.000000   0.242800   0.000657   0.001400   0.015244      3
 7.2035E+01  -4.421731   3.906191 -32.511240 -99.000000  -7.920116   0.000000   0.000241   0.000146   0.001400  0.000E+00  max increase

         16   5.751262   4522.034 -16.708765 -16.708765  11.999996  11.999996   0.755800   0.000071   0.242800 -11.511954    476      0
 1.1877E+00   5.751262   2.161847 -99.000000 -18.106634  -7.373623   0.000000   0.242800   0.000657   0.001400   0.015260      3
 8.7442E+01  -4.408884   3.899724 -99.000000 -99.000000  -7.917642   0.000000   0.000241   0.000146   0.001400  0.000E+00  max increase

         17   5.755698   4527.223 -16.632315 -16.632315  11.999995  11.999995   0.755800   0.000071   0.242800 -11.492581    476      0
 1.2669E+00   5.755698   2.157150 -99.000000 -18.030183  -7.385728   0.000000   0.242800   0.000657   0.001400   0.015281      4
 1.0593E+02  -4.393816   3.892322 -99.000000 -99.000000  -7.914996   0.000000   0.000241   0.000146   0.001400  0.000E+00  max increase

         18   5.760826   4532.369 -16.544019 -16.544019  11.999994  11.999994   0.755800   0.000071   0.242800 -11.469770    476      0
 1.3461E+00   5.760826   2.151704 -99.000000 -17.941887  -7.399657   0.000000   0.242800   0.000657   0.001400   0.015307      4
 1.2812E+02  -4.376218   3.883403 -99.000000 -99.000000  -7.911441   0.000000   0.000241   0.000146   0.001400  0.000E+00  max increase

         19   5.766726   4539.156 -16.442568 -16.442568  11.999993  11.999993   0.755800   0.000071   0.242800 -11.442993    482      0
 1.4253E+00   5.766726   2.145415 -99.000000 -17.840436  -7.416261   0.000000   0.242800   0.000657   0.001400   0.015340      4
 1.5474E+02  -4.355738   3.873425 -99.000000 -99.000000  -7.907871   0.000000   0.000241   0.000146   0.001400  0.000E+00  max increase


__________________________________________________________________________________________________________________________________________________

       step    lg_Tmax     Teff     lg_LH      lg_Lnuc_tot     Mass       H_rich     H_cntr     N_cntr     Y_surf   eta_cntr   zones  retry
  lg_dt_yrs    lg_Tcntr    lg_R     lg_L3a     lg_Lneu     lg_Mdot    He_core    He_cntr    O_cntr     Z_surf   gam_cntr   iters  
    age_yrs    lg_Dcntr    lg_L     lg_LZ      lg_Lphoto   lg_Dsurf   CO_core    C_cntr     Ne_cntr    Z_cntr   v_div_cs       dt_limit
__________________________________________________________________________________________________________________________________________________

         20   5.773468   4545.945 -16.326859 -16.326859  11.999992  11.999992   0.755800   0.000071   0.242800 -11.411685    481      0
 1.5044E+00   5.773468   2.138210 -99.000000 -17.724728  -7.435002   0.000000   0.242800   0.000657   0.001400   0.015381      4
 1.8669E+02  -4.332027   3.861610 -99.000000 -99.000000  -7.903225   0.000000   0.000241   0.000146   0.001400  0.000E+00  max increase

         21   5.781131   4554.328 -16.195741 -16.195741  11.999991  11.999991   0.755800   0.000071   0.242800 -11.375235    485      0
 1.5836E+00   5.781131   2.130003 -99.000000 -17.593609  -7.456990   0.000000   0.242800   0.000657   0.001400   0.015432      4
 2.2503E+02  -4.304703   3.848397 -99.000000 -99.000000  -7.898376   0.000000   0.000241   0.000146   0.001400  0.000E+00  max increase

         22   5.789783   4563.880 -16.048249 -16.048249  11.999989  11.999989   0.755800   0.000071   0.242800 -11.333003    480      0
 1.6628E+00   5.789783   2.120730 -99.000000 -17.446117  -7.481705   0.000000   0.242800   0.000657   0.001400   0.015496      4
 2.7103E+02  -4.273383   3.833490 -99.000000 -99.000000  -7.893010   0.000000   0.000241   0.000146   0.001400  0.000E+00  max increase

         23   5.799480   4573.661 -15.883753 -15.883753  11.999988  11.999988   0.755800   0.000071   0.242800 -11.284344    479      0
 1.7420E+00   5.799480   2.110353 -99.000000 -17.281621  -7.509600   0.000000   0.242800   0.000657   0.001400   0.015574      4
 3.2624E+02  -4.237704   3.816455 -99.000000 -99.000000  -7.886506   0.000000   0.000241   0.000146   0.001400  0.000E+00  max increase

         24   5.810293   4585.816 -15.701494 -15.701494  11.999986  11.999986   0.755800   0.000071   0.242800 -11.228590    486      0
 1.8212E+00   5.810293   2.098832 -99.000000 -17.099363  -7.541294   0.000000   0.242800   0.000657   0.001400   0.015670      4
 3.9248E+02  -4.197271   3.798025 -99.000000 -99.000000  -7.880188   0.000000   0.000241   0.000146   0.001400  0.000E+00  max increase

         25   5.822268   4598.795 -15.501154 -15.501154  11.999984  11.999984   0.755800   0.000071   0.242800 -11.165103    486      0
 1.9003E+00   5.822268   2.086183 -99.000000 -16.899022  -7.575828   0.000000   0.242800   0.000657   0.001400   0.015786      4
 4.7198E+02  -4.151736   3.777636 -99.000000 -99.000000  -7.873116   0.000000   0.000241   0.000146   0.001400  0.000E+00  max increase

         26   5.835453   4612.681 -15.282549 -15.282549  11.999981  11.999981   0.755800   0.000071   0.242800 -11.093292    489      0
 1.9795E+00   5.835453   2.072455 -99.000000 -16.680417  -7.613953   0.000000   0.242800   0.000657   0.001400   0.015925      4
 5.6738E+02  -4.100771   3.755418 -99.000000 -99.000000  -7.865412   0.000000   0.000241   0.000146   0.001400  0.000E+00  max increase

         27   5.849083   4627.076 -15.058753 -15.058753  11.999979  11.999979   0.755800   0.000071   0.242800 -11.017070    477      0
 2.0319E+00   5.849083   2.058557 -99.000000 -16.456621  -7.655452   0.000000   0.242800   0.000657   0.001400   0.016080      4
 6.7499E+02  -4.047221   3.733035 -99.000000 -99.000000  -7.857935   0.000000   0.000241   0.000146   0.001400  0.000E+00    lgRho_cntr

         28   5.861049   4639.716 -14.863896 -14.863896  11.999977  11.999977   0.755800   0.000071   0.242800 -10.948280    479      0
 2.0093E+00   5.861049   2.046656 -99.000000 -16.261764  -7.697315   0.000000   0.242800   0.000657   0.001400   0.016228      4
 7.7714E+02  -3.999397   3.713972 -99.000000 -99.000000  -7.851817   0.000000   0.000241   0.000146   0.001400  0.000E+00    lgRho_cntr

         29   5.874215   4653.060 -14.651800 -14.651800  11.999975  11.999975   0.755800   0.000071   0.242800 -10.871641    480      0
 2.0832E+00   5.874215   2.033998 -99.000000 -16.049668  -7.733024   0.000000   0.242800   0.000657   0.001400   0.016398      4
 8.9827E+02  -3.946363   3.693643 -99.000000 -99.000000  -7.845308   0.000000   0.000241   0.000146   0.001400  0.000E+00    varcontrol


__________________________________________________________________________________________________________________________________________________

       step    lg_Tmax     Teff     lg_LH      lg_Lnuc_tot     Mass       H_rich     H_cntr     N_cntr     Y_surf   eta_cntr   zones  retry
  lg_dt_yrs    lg_Tcntr    lg_R     lg_L3a     lg_Lneu     lg_Mdot    He_core    He_cntr    O_cntr     Z_surf   gam_cntr   iters  
    age_yrs    lg_Dcntr    lg_L     lg_LZ      lg_Lphoto   lg_Dsurf   CO_core    C_cntr     Ne_cntr    Z_cntr   v_div_cs       dt_limit
__________________________________________________________________________________________________________________________________________________

         30   5.887953   4667.077 -14.432978 -14.432978  11.999972  11.999972   0.755800   0.000071   0.242800 -10.790773    485      0
 2.1341E+00   5.887953   2.021351 -99.000000 -15.830846  -7.771075   0.000000   0.242800   0.000657   0.001400   0.016582      4
 1.0345E+03  -3.890635   3.673576 -99.000000 -99.000000  -7.839341   0.000000   0.000241   0.000146   0.001400  0.000E+00    lgRho_cntr

         31   5.899930   4678.867 -14.243955 -14.243955  11.999970  11.999970   0.755800   0.000071   0.242800 -10.719212    485      0
 2.1032E+00   5.899930   2.010856 -99.000000 -15.641823  -7.808763   0.000000   0.242800   0.000657   0.001400   0.016749      4
 1.1613E+03  -3.841589   3.656969 -99.000000 -99.000000  -7.834544   0.000000   0.000241   0.000146   0.001400  0.000E+00    lgRho_cntr

         32   5.913433   4691.825 -14.033540 -14.033540  11.999968  11.999968   0.755800   0.000071   0.242800 -10.638852    486      0
 2.1816E+00   5.913433   1.999734 -99.000000 -15.431408  -7.839977   0.000000   0.242800   0.000657   0.001400   0.016939      4
 1.3132E+03  -3.786435   3.639530 -99.000000 -99.000000  -7.829826   0.000000   0.000241   0.000146   0.001400  0.000E+00    varcontrol

         33   5.927770   4705.147 -13.813025 -13.813025  11.999966  11.999966   0.755800   0.000071   0.242800 -10.553975    485      0
 2.2338E+00   5.927770   1.988830 -99.000000 -15.210893  -7.872841   0.000000   0.242800   0.000657   0.001400   0.017139      4
 1.4845E+03  -3.728065   3.622647 -99.000000 -99.000000  -7.825675   0.000000   0.000241   0.000146   0.001400  0.000E+00    lgRho_cntr

         34   5.940161   4715.779 -13.624368 -13.624368  11.999964  11.999964   0.755800   0.000071   0.242800 -10.480450    488      0
 2.1933E+00   5.940161   1.980231 -99.000000 -15.022236  -7.904770   0.000000   0.242800   0.000657   0.001400   0.017316      4
 1.6406E+03  -3.677546   3.609371 -99.000000 -99.000000  -7.822515   0.000000   0.000241   0.000146   0.001400  0.000E+00    lgRho_cntr

         35   5.951843   4726.580 -13.448353 -13.448353  11.999962  11.999962   0.755800   0.000071   0.242800 -10.411690    490      0
 2.1855E+00   5.951843   1.972894 -99.000000 -14.846221  -7.929899   0.000000   0.242800   0.000657   0.001400   0.017481      4
 1.7939E+03  -3.630160   3.598669 -99.000000 -99.000000  -7.821076   0.000000   0.000241   0.000146   0.001400  0.000E+00    lgRho_cntr

         36   5.965345   4737.251 -13.247585 -13.247585  11.999960  11.999960   0.755800   0.000071   0.242800 -10.334016    492      0
 2.2647E+00   5.965345   1.965448 -99.000000 -14.645453  -7.950495   0.000000   0.242800   0.000657   0.001400   0.017663      4
 1.9779E+03  -3.576171   3.587696 -99.000000 -99.000000  -7.819426   0.000000   0.000241   0.000146   0.001400  0.000E+00  max increase

         37   5.980771   4749.449 -13.021562 -13.021562  11.999958  11.999958   0.755800   0.000071   0.242800 -10.247823    498      0
 2.3382E+00   5.980771   1.958369 -99.000000 -14.419430  -7.971548   0.000000   0.242800   0.000657   0.001400   0.017857      4
 2.1957E+03  -3.515598   3.578004 -99.000000 -99.000000  -7.819364   0.000000   0.000241   0.000146   0.001400  0.000E+00    lgRho_cntr

         38   5.994173   4760.134 -12.827290 -12.827290  11.999956  11.999956   0.755800   0.000071   0.242800 -10.174049    497      0
 2.2906E+00   5.994173   1.953549 -99.000000 -14.225158  -7.990565   0.000000   0.242800   0.000657   0.001400   0.018022      4
 2.3910E+03  -3.463453   3.572269 -99.000000 -99.000000  -7.821080   0.000000   0.000241   0.000146   0.001400  0.000E+00    lgRho_cntr

         39   6.006886   4769.397 -12.644964 -12.644964  11.999954  11.999954   0.755800   0.000071   0.242800 -10.105646    504      0
 2.2771E+00   6.006886   1.950254 -99.000000 -14.042832  -8.002346   0.000000   0.242800   0.000657   0.001400   0.018170      4
 2.5803E+03  -3.414674   3.569055 -99.000000 -99.000000  -7.823708   0.000000   0.000241   0.000146   0.001400  0.000E+00    lgRho_cntr


__________________________________________________________________________________________________________________________________________________

       step    lg_Tmax     Teff     lg_LH      lg_Lnuc_tot     Mass       H_rich     H_cntr     N_cntr     Y_surf   eta_cntr   zones  retry
  lg_dt_yrs    lg_Tcntr    lg_R     lg_L3a     lg_Lneu     lg_Mdot    He_core    He_cntr    O_cntr     Z_surf   gam_cntr   iters  
    age_yrs    lg_Dcntr    lg_L     lg_LZ      lg_Lphoto   lg_Dsurf   CO_core    C_cntr     Ne_cntr    Z_cntr   v_div_cs       dt_limit
__________________________________________________________________________________________________________________________________________________

         40   6.021925   4779.382 -12.432157 -12.432157  11.999952  11.999952   0.755800   0.000071   0.242800 -10.027997    501      0
 2.3563E+00   6.021925   1.948074 -99.000000 -13.830025  -8.009447   0.000000   0.242800   0.000657   0.001400   0.018326      4
 2.8074E+03  -3.358390   3.568329 -99.000000 -99.000000  -7.828314   0.000000   0.000241   0.000146   0.001400  0.000E+00  max increase

         41   6.039815   4790.595 -12.182807 -12.182807  11.999949  11.999949   0.755800   0.000071   0.242800  -9.940223    501      0
 2.4355E+00   6.039815   1.948037 -99.000000 -13.580675  -8.012254   0.000000   0.242800   0.000657   0.001400   0.018485      4
 3.0800E+03  -3.293433   3.572325 -99.000000 -99.000000  -7.836601   0.000000   0.000241   0.000146   0.001400  0.000E+00    lgRho_cntr

         42   6.055266   4799.711 -11.969833 -11.969833  11.999947  11.999947   0.755800   0.000071   0.242800  -9.866685    500      0
 2.3744E+00   6.055266   1.950612 -99.000000 -13.367701  -8.006890   0.000000   0.242800   0.000657   0.001400   0.018610      4
 3.3168E+03  -3.238315   3.580778 -99.000000 -99.000000  -7.846715   0.000000   0.000241   0.000146   0.001400  0.000E+00    lgRho_cntr

         43   6.069977   4808.122 -11.769432 -11.769432  11.999944  11.999944   0.755800   0.000071   0.242800  -9.799466    501      0
 2.3507E+00   6.069977   1.955587 -99.000000 -13.167300  -7.993320   0.000000   0.242800   0.000657   0.001400   0.018712      4
 3.5411E+03  -3.187053   3.593770 -99.000000 -99.000000  -7.859428   0.000000   0.000241   0.000146   0.001400  0.000E+00    lgRho_cntr

         44   6.084653   4816.426 -11.571960 -11.571960  11.999942  11.999942   0.755800   0.000071   0.242800  -9.735544    501      0
 2.3434E+00   6.084653   1.963170 -99.000000 -12.969828  -7.971612   0.000000   0.242800   0.000657   0.001400   0.018795      4
 3.7615E+03  -3.137275   3.611934 -99.000000 -99.000000  -7.875478   0.000000   0.000241   0.000146   0.001400  0.000E+00    lgRho_cntr

         45   6.102624   4827.197 -11.334002 -11.334002  11.999939  11.999939   0.755800   0.000071   0.242800  -9.662854    500      0
 2.4181E+00   6.102624   1.975610 -99.000000 -12.731870  -7.940735   0.000000   0.242800   0.000657   0.001400   0.018862      4
 4.0234E+03  -3.078745   3.640694 -27.092700 -99.000000  -7.899780   0.000000   0.000241   0.000146   0.001400  0.000E+00    varcontrol

         46   6.123141   4841.651 -11.067138 -11.067138  11.999935  11.999935   0.755800   0.000071   0.242800  -9.586356    506      0
 2.4579E+00   6.123141   1.993076 -99.000000 -12.465006  -7.891486   0.000000   0.242800   0.000657   0.001400   0.018897      5
 4.3104E+03  -3.014741   3.680820 -99.000000 -99.000000  -7.933649   0.000000   0.000241   0.000146   0.001400  0.000E+00    lgRho_cntr

         47   6.141940   4859.287 -10.826333 -10.826333  11.999932  11.999932   0.755800   0.000071   0.242800  -9.520324    509      0
 2.4040E+00   6.141940   2.010913 -99.000000 -12.224201  -7.822679   0.000000   0.242800   0.000657   0.001400   0.018904      5
 4.5639E+03  -2.957859   3.722811 -99.000000 -99.000000  -7.970829   0.000000   0.000241   0.000146   0.001400  0.000E+00    lgRho_cntr

         48   6.160193   4884.618 -10.595913 -10.595913  11.999927  11.999927   0.755800   0.000071   0.242800  -9.459739    520      0
 2.3767E+00   6.160193   2.026564 -99.000000 -11.993781  -7.751044   0.000000   0.242800   0.000657   0.001400   0.018889      5
 4.8019E+03  -2.904162   3.763145 -99.000000 -99.000000  -8.011684   0.000000   0.000241   0.000146   0.001400  0.000E+00    lgRho_cntr

         49   6.178258   4927.313 -10.370977 -10.370977  11.999923  11.999923   0.755800   0.000071   0.242800  -9.402512    523      0
 2.3618E+00   6.178258   2.036375 -99.000000 -11.768845  -7.683477   0.000000   0.242800   0.000657   0.001400   0.018857      5
 5.0320E+03  -2.852205   3.797884 -99.000000 -99.000000  -8.059373   0.000000   0.000241   0.000146   0.001400  0.000E+00    lgRho_cntr


__________________________________________________________________________________________________________________________________________________

       step    lg_Tmax     Teff     lg_LH      lg_Lnuc_tot     Mass       H_rich     H_cntr     N_cntr     Y_surf   eta_cntr   zones  retry
  lg_dt_yrs    lg_Tcntr    lg_R     lg_L3a     lg_Lneu     lg_Mdot    He_core    He_cntr    O_cntr     Z_surf   gam_cntr   iters  
    age_yrs    lg_Dcntr    lg_L     lg_LZ      lg_Lphoto   lg_Dsurf   CO_core    C_cntr     Ne_cntr    Z_cntr   v_div_cs       dt_limit
__________________________________________________________________________________________________________________________________________________

         50   6.196168   4990.234 -10.150858 -10.150858  11.999917  11.999917   0.755800   0.000071   0.242800  -9.347633    533      0
 2.3536E+00   6.196168   2.038091 -99.000000 -11.548726  -7.628358   0.000000   0.242800   0.000657   0.001400   0.018813      6
 5.2577E+03  -2.801499   3.823359 -99.000000 -99.000000  -8.113115   0.000000   0.000241   0.000146   0.001400  0.000E+00    lgRho_cntr

save LOGS/profile2.data for model 50
save photos/x050 for model 50
         51   6.213939   5072.841  -9.935171  -9.935171  11.999912  11.999912   0.755800   0.000071   0.242800  -9.294476    551      0
 2.3499E+00   6.213939   2.033407 -99.000000 -11.333039  -7.592529   0.000000   0.242800   0.000657   0.001400   0.018761      6
 5.4815E+03  -2.751750   3.842513 -99.000000 -99.000000  -8.173609   0.000000   0.000241   0.000146   0.001400  0.000E+00    lgRho_cntr

         52   6.231236   5182.314  -9.727688  -9.727688  11.999906  11.999906   0.755800   0.000071   0.242800  -9.243595    580      0
 2.3406E+00   6.231236   2.022645 -99.000000 -11.125556  -7.570595   0.000000   0.242800   0.000657   0.001400   0.018706      7
 5.7006E+03  -2.703699   3.858079 -99.000000 -99.000000  -8.245497   0.000000   0.000241   0.000146   0.001400  0.000E+00    varcontrol

         53   6.247726   5302.451  -9.532013  -9.532013  11.999900  11.999900   0.755800   0.000071   0.242800  -9.195606    555      0
 2.3240E+00   6.247726   2.009203 -99.000000 -10.929881  -7.558600   0.000000   0.242800   0.000657   0.001400   0.018651      7
 5.9115E+03  -2.658115   3.871006 -99.000000 -99.000000  -8.320035   0.000000   0.000241   0.000146   0.001400  0.000E+00    varcontrol

         54   6.263863   5427.129  -9.342491  -9.342491  11.999894  11.999894   0.755800   0.000071   0.242800  -9.149066    570      0
 2.3200E+00   6.263863   1.994572 -99.000000 -10.740359  -7.552414   0.000000   0.242800   0.000657   0.001400   0.018594      7
 6.1204E+03  -2.613691   3.882118 -99.000000 -99.000000  -8.395128   0.000000   0.000241   0.000146   0.001400  0.000E+00    varcontrol

         55   6.279829   5555.808  -9.156767  -9.156767  11.999888  11.999888   0.755800   0.000071   0.242800  -9.103292    567      0
 2.3219E+00   6.279829   1.979070 -99.000000 -10.554635  -7.549672   0.000000   0.242800   0.000657   0.001400   0.018536     10
 6.3302E+03  -2.569855   3.891821 -99.000000 -99.000000  -8.470218   0.000000   0.000241   0.000146   0.001400  0.000E+00        lgTeff

 hydro_solver_step returned ierr          -1
 s% model_number          56
 nz         561
 s% num_retries           0

 retry:  logT > hydro_mtx_max_allowed_logT         132      56
         56   6.287613   5622.848  -9.066517  -9.066517  11.999885  11.999885   0.755800   0.000071   0.242800  -9.080257    561      1
 2.0175E+00   6.287613   1.971350 -99.000000 -10.464385  -7.549564   0.000000   0.242800   0.000657   0.001400   0.018512      6
 6.4343E+03  -2.548171   3.897219 -99.000000 -99.000000  -8.508981   0.000000   0.000241   0.000146   0.001400  0.000E+00         retry

         57   6.295337   5689.136  -8.977349  -8.977349  11.999882  11.999882   0.755800   0.000071   0.242800  -9.057460    575      1
 2.0175E+00   6.295337   1.963559 -99.000000 -10.375217  -7.548746   0.000000   0.242800   0.000657   0.001400   0.018488      6
 6.5384E+03  -2.526680   3.901998 -99.000000 -99.000000  -8.546592   0.000000   0.000241   0.000146   0.001400  0.000E+00          hold

         58   6.304526   5768.518  -8.871822  -8.871822  11.999879  11.999879   0.755800   0.000071   0.242800  -9.030550    583      1
 2.0967E+00   6.304526   1.954001 -99.000000 -10.269690  -7.548823   0.000000   0.242800   0.000657   0.001400   0.018458      7
 6.6634E+03  -2.501205   3.906952 -99.000000 -99.000000  -8.590775   0.000000   0.000241   0.000146   0.001400  0.000E+00  max increase

                            solver rejected trial model
                                        s% model_number          59
                                  s% solver_call_number         194
                                                     nz         583
                                         s% num_retries           1
                                                     dt    4.7308870625139618D+09
                                          log dt/secyer    2.1758386134485561D+00

 retry: max residual jumped -- give up in solver      59
         59   6.309977   5816.948  -8.809356  -8.809356  11.999876  11.999876   0.755800   0.000071   0.242800  -9.014334    583      2
 1.8748E+00   6.309977   1.948312 -99.000000 -10.207223  -7.550145   0.000000   0.242800   0.000657   0.001400   0.018442      6
 6.7383E+03  -2.485982   3.910099 -99.000000 -99.000000  -8.617664   0.000000   0.000241   0.000146   0.001400  0.000E+00         retry


__________________________________________________________________________________________________________________________________________________

       step    lg_Tmax     Teff     lg_LH      lg_Lnuc_tot     Mass       H_rich     H_cntr     N_cntr     Y_surf   eta_cntr   zones  retry
  lg_dt_yrs    lg_Tcntr    lg_R     lg_L3a     lg_Lneu     lg_Mdot    He_core    He_cntr    O_cntr     Z_surf   gam_cntr   iters  
    age_yrs    lg_Dcntr    lg_L     lg_LZ      lg_Lphoto   lg_Dsurf   CO_core    C_cntr     Ne_cntr    Z_cntr   v_div_cs       dt_limit
__________________________________________________________________________________________________________________________________________________

         60   6.315392   5865.290  -8.747476  -8.747476  11.999874  11.999874   0.755800   0.000071   0.242800  -8.998226    588      2
 1.8748E+00   6.315392   1.942571 -99.000000 -10.145344  -7.550664   0.000000   0.242800   0.000657   0.001400   0.018426      6
 6.8133E+03  -2.470862   3.912993 -99.000000 -99.000000  -8.644230   0.000000   0.000241   0.000146   0.001400  0.000E+00          hold

         61   6.321842   5923.076  -8.674008  -8.674008  11.999872  11.999872   0.755800   0.000071   0.242800  -8.979109    590      2
 1.9540E+00   6.321842   1.935606 -99.000000 -10.071876  -7.551569   0.000000   0.242800   0.000657   0.001400   0.018407      6
 6.9032E+03  -2.452881   3.916094 -99.000000 -99.000000  -8.675632   0.000000   0.000241   0.000146   0.001400  0.000E+00  max increase

         62   6.329509   5992.653  -8.587025  -8.587025  11.999869  11.999869   0.755800   0.000071   0.242800  -8.956461    594      2
 2.0332E+00   6.329509   1.927112 -99.000000  -9.984893  -7.553219   0.000000   0.242800   0.000657   0.001400   0.018384      6
 7.0112E+03  -2.431541   3.919395 -99.000000 -99.000000  -8.713066   0.000000   0.000241   0.000146   0.001400  0.000E+00  max increase

                            solver rejected trial model
                                        s% model_number          63
                                  s% solver_call_number         199
                                                     nz         593
                                         s% num_retries           2
                                                     dt    4.0874864220120625D+09
                                          log dt/secyer    2.1123523559274497D+00

 retry: avg corr too large -- give up in solver      63
         63   6.334059   6034.769  -8.535476  -8.535476  11.999867  11.999867   0.755800   0.000071   0.242800  -8.942817    593      3
 1.8113E+00   6.334059   1.922105 -99.000000  -9.933344  -7.555880   0.000000   0.242800   0.000657   0.001400   0.018371      5
 7.0759E+03  -2.418787   3.921546 -99.000000 -99.000000  -8.735842   0.000000   0.000241   0.000146   0.001400  0.000E+00         retry

         64   6.338579   6076.731  -8.484384  -8.484384  11.999865  11.999865   0.755800   0.000071   0.242800  -8.929246    597      3
 1.8113E+00   6.338579   1.917081 -99.000000  -9.882252  -7.557172   0.000000   0.242800   0.000657   0.001400   0.018359      5
 7.1407E+03  -2.406110   3.923536 -99.000000 -99.000000  -8.758454   0.000000   0.000241   0.000146   0.001400  0.000E+00          hold

         65   6.343964   6126.946  -8.423681  -8.423681  11.999863  11.999863   0.755800   0.000071   0.242800  -8.913107    598      3
 1.8905E+00   6.343964   1.911004 -99.000000  -9.821549  -7.558696   0.000000   0.242800   0.000657   0.001400   0.018344      6
 7.2184E+03  -2.391020   3.925677 -99.000000 -99.000000  -8.785396   0.000000   0.000241   0.000146   0.001400  0.000E+00  max increase

         66   6.350367   6187.165  -8.351734  -8.351734  11.999861  11.999861   0.755800   0.000071   0.242800  -8.893942    604      3
 1.9697E+00   6.350367   1.903652 -99.000000  -9.749602  -7.560898   0.000000   0.242800   0.000657   0.001400   0.018326      6
 7.3117E+03  -2.373089   3.927965 -99.000000 -99.000000  -8.817607   0.000000   0.000241   0.000146   0.001400  0.000E+00  max increase

         67   6.357962   6259.037  -8.266719  -8.266719  11.999857  11.999857   0.755800   0.000071   0.242800  -8.871227    601      3
 2.0489E+00   6.357962   1.894820 -99.000000  -9.664586  -7.563970   0.000000   0.242800   0.000657   0.001400   0.018304      6
 7.4236E+03  -2.351826   3.930364 -99.000000 -99.000000  -8.856019   0.000000   0.000241   0.000146   0.001400  0.000E+00  max increase

         68   6.366944   6345.164  -8.166631  -8.166631  11.999854  11.999854   0.755800   0.000071   0.242800  -8.844357    606      3
 2.1280E+00   6.366944   1.884169 -99.000000  -9.564499  -7.568133   0.000000   0.242800   0.000657   0.001400   0.018279      6
 7.5579E+03  -2.326679   3.932803 -99.000000 -99.000000  -8.902276   0.000000   0.000241   0.000146   0.001400  0.000E+00  max increase

         69   6.377526   6447.807  -8.049336  -8.049336  11.999850  11.999850   0.755800   0.000071   0.242800  -8.812644    604      3
 2.2072E+00   6.377526   1.871417 -99.000000  -9.447204  -7.573766   0.000000   0.242800   0.000657   0.001400   0.018250      6
 7.7190E+03  -2.297026   3.935176 -99.000000 -99.000000  -8.957959   0.000000   0.000241   0.000146   0.001400  0.000E+00  max increase


__________________________________________________________________________________________________________________________________________________

       step    lg_Tmax     Teff     lg_LH      lg_Lnuc_tot     Mass       H_rich     H_cntr     N_cntr     Y_surf   eta_cntr   zones  retry
  lg_dt_yrs    lg_Tcntr    lg_R     lg_L3a     lg_Lneu     lg_Mdot    He_core    He_cntr    O_cntr     Z_surf   gam_cntr   iters  
    age_yrs    lg_Dcntr    lg_L     lg_LZ      lg_Lphoto   lg_Dsurf   CO_core    C_cntr     Ne_cntr    Z_cntr   v_div_cs       dt_limit
__________________________________________________________________________________________________________________________________________________

         70   6.389935   6569.973  -7.912632  -7.912632  11.999844  11.999844   0.755800   0.000071   0.242800  -8.775302    604      3
 2.2864E+00   6.389935   1.856192 -99.000000  -9.310500  -7.581248   0.000000   0.242800   0.000657   0.001400   0.018216      6
 7.9124E+03  -2.262188   3.937332 -99.000000 -99.000000  -9.024903   0.000000   0.000241   0.000146   0.001400  0.000E+00  max increase

         71   6.404224   6712.812  -7.756284  -7.756284  11.999839  11.999839   0.755800   0.000071   0.242800  -8.731953    601      3
 2.3601E+00   6.404224   1.838392 -99.000000  -9.154152  -7.591096   0.000000   0.242800   0.000657   0.001400   0.018180      7
 8.1415E+03  -2.221918   3.939095 -99.000000 -99.000000  -9.104052   0.000000   0.000241   0.000146   0.001400  0.000E+00    varcontrol

         72   6.419780   6871.420  -7.587283  -7.587283  11.999832  11.999832   0.755800   0.000071   0.242800  -8.684086    598      3
 2.4117E+00   6.419780   1.818754 -99.000000  -8.985151  -7.603633   0.000000   0.242800   0.000657   0.001400   0.018145      7
 8.3996E+03  -2.177785   3.940387 -99.000000 -99.000000  -9.194454   0.000000   0.000241   0.000146   0.001400  0.000E+00    varcontrol

         73   6.435262   7032.380  -7.420226  -7.420226  11.999826  11.999826   0.755800   0.000071   0.242800  -8.635450    596      3
 2.4254E+00   6.435262   1.799120 -99.000000  -8.818093  -7.618345   0.000000   0.242800   0.000657   0.001400   0.018116      6
 8.6659E+03  -2.133429   3.941342 -23.179310 -99.000000  -9.290986   0.000000   0.000241   0.000146   0.001400  0.000E+00        lgTeff

         74   6.450007   7188.737  -7.262148  -7.262148  11.999820  11.999820   0.755800   0.000071   0.242800  -8.588084    606      3
 2.4199E+00   6.450007   1.780367 -99.000000  -8.660016  -7.633509   0.000000   0.242800   0.000657   0.001400   0.018094      5
 8.9289E+03  -2.090729   3.942038 -23.179310 -99.000000  -9.390945   0.000000   0.000241   0.000146   0.001400  0.000E+00        lgTeff

         75   6.465460   7354.633  -7.097703  -7.097703  11.999813  11.999813   0.755800   0.000071   0.242800  -8.537583    611      3
 2.4560E+00   6.465460   1.760629 -99.000000  -8.495570  -7.648284   0.000000   0.242800   0.000657   0.001400   0.018077      5
 9.2146E+03  -2.045607   3.942195 -99.000000 -99.000000  -9.503575   0.000000   0.000241   0.000146   0.001400  0.000E+00    varcontrol

         76   6.482427   7539.328  -6.918673  -6.918673  11.999806  11.999806   0.755800   0.000071   0.242800  -8.481252    620      3
 2.5138E+00   6.482427   1.738861 -99.000000  -8.316540  -7.664613   0.000000   0.242800   0.000657   0.001400   0.018064      5
 9.5411E+03  -1.995677   3.941746 -99.000000 -99.000000  -9.633762   0.000000   0.000241   0.000146   0.001400  0.000E+00    varcontrol

         77   6.499057   7723.863  -6.744670  -6.744670  11.999799  11.999799   0.755800   0.000071   0.242800  -8.424857    623      3
 2.5228E+00   6.499057   1.717660 -99.000000  -8.142537  -7.683461   0.000000   0.242800   0.000657   0.001400   0.018057      5
 9.8744E+03  -1.946227   3.941353 -99.000000 -99.000000  -9.764232   0.000000   0.000241   0.000146   0.001400  0.000E+00        lgTeff

         78   6.514501   7898.694  -6.584365  -6.584365  11.999793  11.999793   0.755800   0.000071   0.242800  -8.371387    631      3
 2.5072E+00   6.514501   1.698155 -99.000000  -7.982232  -7.701758   0.000000   0.242800   0.000657   0.001400   0.018058      4
 1.0196E+04  -1.899826   3.941225 -22.276220 -99.000000  -9.883301   0.000000   0.000241   0.000146   0.001400  0.000E+00        lgTeff

         79   6.530711   8084.711  -6.417664  -6.417664  11.999786  11.999786   0.755800   0.000071   0.242800  -8.314602    633      3
 2.5440E+00   6.530711   1.677798 -99.000000  -7.815531  -7.718276   0.000000   0.242800   0.000657   0.001400   0.018063      4
 1.0546E+04  -1.850834   3.940947 -99.000000 -99.000000  -9.998668   0.000000   0.000241   0.000146   0.001400  0.000E+00    varcontrol


__________________________________________________________________________________________________________________________________________________

       step    lg_Tmax     Teff     lg_LH      lg_Lnuc_tot     Mass       H_rich     H_cntr     N_cntr     Y_surf   eta_cntr   zones  retry
  lg_dt_yrs    lg_Tcntr    lg_R     lg_L3a     lg_Lneu     lg_Mdot    He_core    He_cntr    O_cntr     Z_surf   gam_cntr   iters  
    age_yrs    lg_Dcntr    lg_L     lg_LZ      lg_Lphoto   lg_Dsurf   CO_core    C_cntr     Ne_cntr    Z_cntr   v_div_cs       dt_limit
__________________________________________________________________________________________________________________________________________________

         80   6.547372   8279.269  -6.247985  -6.247985  11.999779  11.999779   0.755800   0.000071   0.242800  -8.255567    638      3
 2.5718E+00   6.547372   1.657115 -99.000000  -7.645852  -7.735711   0.000000   0.242800   0.000657   0.001400   0.018073      4
 1.0919E+04  -1.800189   3.940892 -21.975190 -99.000000 -10.101548   0.000000   0.000241   0.000146   0.001400  0.000E+00        lgTeff

         81   6.563036   8466.234  -6.089861  -6.089861  11.999773  11.999773   0.755800   0.000071   0.242800  -8.199273    642      3
 2.5602E+00   6.563036   1.638011 -99.000000  -7.487728  -7.753116   0.000000   0.242800   0.000657   0.001400   0.018086      4
 1.1282E+04  -1.752229   3.941478 -99.000000 -99.000000 -10.181148   0.000000   0.000241   0.000146   0.001400  0.000E+00        lgTeff

         82   6.579800   8669.535  -5.922360  -5.922360  11.999766  11.999766   0.755800   0.000071   0.242800  -8.138766    642      3
 2.6039E+00   6.579800   1.617852 -99.000000  -7.320226  -7.768335   0.000000   0.242800   0.000657   0.001400   0.018102      4
 1.1684E+04  -1.700789   3.942380 -99.000000 -99.000000 -10.245549   0.000000   0.000241   0.000146   0.001400  0.000E+00    varcontrol

         83   6.597186   8884.870  -5.750467  -5.750467  11.999759  11.999759   0.755800   0.000071   0.242800  -8.075745    656      3
 2.6340E+00   6.597186   1.597354 -99.000000  -7.148334  -7.784011   0.000000   0.242800   0.000657   0.001400   0.018120      4
 1.2114E+04  -1.647321   3.944006 -99.000000 -99.000000 -10.290318   0.000000   0.000241   0.000146   0.001400  0.000E+00        lgTeff

         84   6.613360   9090.439  -5.592085  -5.592085  11.999752  11.999752   0.755800   0.000071   0.242800  -8.016650    654      3
 2.6160E+00   6.613360   1.578757 -99.000000  -6.989951  -7.798993   0.000000   0.242800   0.000657   0.001400   0.018140      4
 1.2527E+04  -1.597379   3.946548 -99.000000 -99.000000 -10.313973   0.000000   0.000241   0.000146   0.001400  0.000E+00    lgRho_cntr

         85   6.630797   9316.307  -5.423237  -5.423237  11.999745  11.999745   0.755800   0.000071   0.242800  -7.953202    654      3
 2.6606E+00   6.630797   1.559080 -99.000000  -6.821103  -7.811146   0.000000   0.242800   0.000657   0.001400   0.018160      4
 1.2985E+04  -1.543648   3.949829 -21.072100 -99.000000 -10.323615   0.000000   0.000241   0.000146   0.001400  0.000E+00    varcontrol

         86   6.648911   9556.697  -5.249861  -5.249861  11.999738  11.999738   0.755800   0.000071   0.242800  -7.887554    659      3
 2.6890E+00   6.648911   1.539102 -99.000000  -6.647727  -7.823205   0.000000   0.242800   0.000657   0.001400   0.018179      4
 1.3474E+04  -1.487946   3.954129 -99.000000 -99.000000 -10.321282   0.000000   0.000241   0.000146   0.001400  0.000E+00    lgRho_cntr

         87   6.665509   9783.495  -5.092544  -5.092544  11.999731  11.999731   0.755800   0.000071   0.242800  -7.827250    663      3
 2.6624E+00   6.665509   1.521269 -99.000000  -6.490410  -7.834141   0.000000   0.242800   0.000657   0.001400   0.018197      3
 1.3933E+04  -1.436839   3.959208 -99.000000 -99.000000 -10.310982   0.000000   0.000241   0.000146   0.001400  0.000E+00    lgRho_cntr

         88   6.681469  1.001E+04  -4.942761  -4.942761  11.999725  11.999725   0.755800   0.000071   0.242800  -7.769440    663      3
 2.6549E+00   6.681469   1.504458 -99.000000  -6.340626  -7.842228   0.000000   0.242800   0.000657   0.001400   0.018214      3
 1.4385E+04  -1.387772   3.964807 -99.000000 -99.000000 -10.294849   0.000000   0.000241   0.000146   0.001400  0.000E+00    lgRho_cntr

         89   6.699190  1.026E+04  -4.778376  -4.778376  11.999718  11.999718   0.755800   0.000071   0.242800  -7.706136    663      3
 2.7091E+00   6.699190   1.486019 -99.000000  -6.176241  -7.851626   0.000000   0.242800   0.000657   0.001400   0.018227      3
 1.4897E+04  -1.333675   3.971335 -99.000000 -99.000000 -10.270913   0.000000   0.000241   0.000146   0.001400  0.000E+00    varcontrol


__________________________________________________________________________________________________________________________________________________

       step    lg_Tmax     Teff     lg_LH      lg_Lnuc_tot     Mass       H_rich     H_cntr     N_cntr     Y_surf   eta_cntr   zones  retry
  lg_dt_yrs    lg_Tcntr    lg_R     lg_L3a     lg_Lneu     lg_Mdot    He_core    He_cntr    O_cntr     Z_surf   gam_cntr   iters  
    age_yrs    lg_Dcntr    lg_L     lg_LZ      lg_Lphoto   lg_Dsurf   CO_core    C_cntr     Ne_cntr    Z_cntr   v_div_cs       dt_limit
__________________________________________________________________________________________________________________________________________________

         90   6.717868  1.053E+04  -4.607118  -4.607118  11.999712  11.999712   0.755800   0.000071   0.242800  -7.640153    663      3
 2.7414E+00   6.717868   1.466862 -99.000000  -6.004983  -7.978816   0.000000   0.242800   0.000657   0.001400   0.018236      3
 1.5448E+04  -1.276976   3.978807 -20.169010 -99.000000 -10.240533   0.000000   0.000241   0.000146   0.001400  0.000E+00        lgTeff

         91   6.734855  1.079E+04  -4.452859  -4.452859  11.999708  11.999708   0.755800   0.000071   0.242800  -7.580210    663      3
 2.7098E+00   6.734855   1.449760 -99.000000  -5.850723  -8.167472   0.000000   0.242800   0.000657   0.001400   0.018244      3
 1.5961E+04  -1.225439   3.986493 -19.691888 -99.000000 -10.209606   0.000000   0.000241   0.000146   0.001400  0.000E+00        lgTeff

         92   6.751077  1.104E+04  -4.306951  -4.306951  11.999707  11.999707   0.755800   0.000071   0.242800  -7.523293    664      3
 2.6980E+00   6.751077   1.433606 -99.000000  -5.704815  -8.460613   0.000000   0.242800   0.000657   0.001400   0.018250      3
 1.6460E+04  -1.176364   3.994257 -20.169010 -99.000000 -10.178062   0.000000   0.000241   0.000146   0.001400  0.000E+00        lgTeff

         93   6.766932  1.130E+04  -4.165680  -4.165680  11.999706  11.999706   0.755800   0.000071   0.242800  -7.468084    664      3
 2.6958E+00   6.766932   1.417925 -99.000000  -5.563543  -9.081306   0.000000   0.242800   0.000657   0.001400   0.018253      3
 1.6956E+04  -1.128580   4.002098 -99.000000 -99.000000 -10.146183   0.000000   0.000241   0.000146   0.001400  0.000E+00        lgTeff

         94   6.784790  1.158E+04  -4.008378  -4.008378  11.999706  11.999706   0.755800   0.000071   0.242800  -7.406995    667      3
 2.7547E+00   6.784790   1.400222 -99.000000  -5.406241  -9.053492   0.000000   0.242800   0.000657   0.001400   0.018250      3
 1.7525E+04  -1.075235   4.010659 -99.000000 -99.000000 -10.109510   0.000000   0.000241   0.000146   0.001400  0.000E+00    varcontrol

         95   6.803701  1.190E+04  -3.843684  -3.843684  11.999705  11.999705   0.755800   0.000071   0.242800  -7.343153    668      3
 2.7884E+00   6.803701   1.381475 -99.000000  -5.241546  -9.022810   0.000000   0.242800   0.000657   0.001400   0.018241      3
 1.8139E+04  -1.019110   4.019696 -99.000000 -99.000000 -10.069687   0.000000   0.000241   0.000146   0.001400  0.000E+00        lgTeff

         96   6.820771  1.219E+04  -3.696395  -3.696395  11.999704  11.999704   0.755800   0.000071   0.242800  -7.285580    668      3
 2.7533E+00   6.820771   1.364674 -99.000000  -5.094257  -8.990391   0.000000   0.242800   0.000657   0.001400   0.018233      3
 1.8706E+04  -0.968473   4.028298 -19.566950 -99.000000 -10.032943   0.000000   0.000241   0.000146   0.001400  0.000E+00        lgTeff

         97   6.837001  1.248E+04  -3.557609  -3.557609  11.999704  11.999704   0.755800   0.000071   0.242800  -7.231097    668      3
 2.7398E+00   6.837001   1.348697 -99.000000  -4.955471  -8.960092   0.000000   0.242800   0.000657   0.001400   0.018224      3
 1.9255E+04  -0.920437   4.036496 -99.000000 -99.000000  -9.997822   0.000000   0.000241   0.000146   0.001400  0.000E+00        lgTeff

         98   6.852826  1.276E+04  -3.423494  -3.423494  11.999703  11.999703   0.755800   0.000071   0.242800  -7.178298    669      3
 2.7369E+00   6.852826   1.333070 -99.000000  -4.821357  -8.931233   0.000000   0.242800   0.000657   0.001400   0.018213      3
 1.9801E+04  -0.873740   4.044365 -18.487768 -99.000000  -9.963998   0.000000   0.000241   0.000146   0.001400  0.000E+00        lgTeff

         99   6.870583  1.309E+04  -3.274606  -3.274606  11.999702  11.999702   0.755800   0.000071   0.242800  -7.119942    669      3
 2.7952E+00   6.870583   1.315314 -99.000000  -4.672471  -8.903376   0.000000   0.242800   0.000657   0.001400   0.018195      5
 2.0425E+04  -0.821728   4.052499 -99.000000 -99.000000  -9.926538   0.000000   0.000241   0.000146   0.001400  0.000E+00    varcontrol


__________________________________________________________________________________________________________________________________________________

       step    lg_Tmax     Teff     lg_LH      lg_Lnuc_tot     Mass       H_rich     H_cntr     N_cntr     Y_surf   eta_cntr   zones  retry
  lg_dt_yrs    lg_Tcntr    lg_R     lg_L3a     lg_Lneu     lg_Mdot    He_core    He_cntr    O_cntr     Z_surf   gam_cntr   iters  
    age_yrs    lg_Dcntr    lg_L     lg_LZ      lg_Lphoto   lg_Dsurf   CO_core    C_cntr     Ne_cntr    Z_cntr   v_div_cs       dt_limit
__________________________________________________________________________________________________________________________________________________

        100   6.889351  1.344E+04  -3.118926  -3.118926  11.999702  11.999702   0.755800   0.000071   0.242800  -7.058895    673      3
 2.8292E+00   6.889351   1.296388 -99.000000  -4.516794  -8.873725   0.000000   0.242800   0.000657   0.001400   0.018173      5
 2.1099E+04  -0.767026   4.060660 -99.000000 -99.000000  -9.887137   0.000000   0.000241   0.000146   0.001400  0.000E+00        lgTeff

save LOGS/profile3.data for model 100
save photos/x100 for model 100
        101   6.906319  1.376E+04  -2.979398  -2.979398  11.999701  11.999701   0.755800   0.000071   0.242800  -7.003609    674      3
 2.7960E+00   6.906319   1.279290 -99.000000  -4.377273  -8.843381   0.000000   0.242800   0.000657   0.001400   0.018153      5
 2.1725E+04  -0.717530   4.068196 -99.000000 -99.000000  -9.851708   0.000000   0.000241   0.000146   0.001400  0.000E+00        lgTeff

        102   6.922475  1.408E+04  -2.847680  -2.847680  11.999700  11.999700   0.755800   0.000071   0.242800  -6.951082    675      3
 2.7845E+00   6.922475   1.262926 -99.000000  -4.245568  -8.815563   0.000000   0.242800   0.000657   0.001400   0.018134      5
 2.2333E+04  -0.670449   4.075160 -18.362830 -99.000000  -9.818503   0.000000   0.000241   0.000146   0.001400  0.000E+00        lgTeff

        103   6.940261  1.444E+04  -2.704149  -2.704149  11.999699  11.999699   0.755800   0.000071   0.242800  -6.893914    676      3
 2.8361E+00   6.940261   1.244658 -99.000000  -4.102061  -8.789556   0.000000   0.242800   0.000657   0.001400   0.018109      5
 2.3019E+04  -0.618902   4.082012 -99.000000 -99.000000  -9.782800   0.000000   0.000241   0.000146   0.001400  0.000E+00    varcontrol

        104   6.958892  1.482E+04  -2.555309  -2.555309  11.999697  11.999697   0.755800   0.000071   0.242800  -6.834444    676      3
 2.8678E+00   6.958892   1.225340 -99.000000  -3.953266  -8.762807   0.000000   0.242800   0.000657   0.001400   0.018080      5
 2.3757E+04  -0.565086   4.088655 -18.362830 -99.000000  -9.746166   0.000000   0.000241   0.000146   0.001400  0.000E+00        lgTeff

        105   6.975797  1.517E+04  -2.421321  -2.421321  11.999696  11.999696   0.755800   0.000071   0.242800  -6.780261    676      3
 2.8376E+00   6.975797   1.207804 -99.000000  -3.819352  -8.736012   0.000000   0.242800   0.000657   0.001400   0.018055      5
 2.4445E+04  -0.516157   4.094753 -99.000000 -99.000000  -9.713283   0.000000   0.000241   0.000146   0.001400  0.000E+00        lgTeff

        106   6.991933  1.552E+04  -2.294399  -2.294399  11.999695  11.999695   0.755800   0.000071   0.242800  -6.728525    676      3
 2.8285E+00   6.991933   1.190976 -99.000000  -3.692548  -8.711525   0.000000   0.242800   0.000657   0.001400   0.018032      5
 2.5119E+04  -0.469445   4.100305 -99.000000 -99.000000  -9.681996   0.000000   0.000241   0.000146   0.001400  0.000E+00        lgTeff

        107   7.009564  1.591E+04  -2.156909  -2.156909  11.999693  11.999693   0.755800   0.000071   0.242800  -6.672448    680      3
 2.8785E+00   7.009564   1.172353 -57.749108  -3.555275  -8.688766   0.000000   0.242800   0.000657   0.001400   0.018004      5
 2.5874E+04  -0.418598   4.105572 -99.000000 -99.000000  -9.647897   0.000000   0.000241   0.000146   0.001400  0.000E+00    varcontrol

        108   7.027975  1.632E+04  -2.014453  -2.014453  11.999691  11.999691   0.755800   0.000071   0.242800  -6.614131    681      3
 2.9102E+00   7.027975   1.152754 -56.407633  -3.413211  -8.665753   0.000000   0.242800   0.000657   0.001400   0.017973      5
 2.6688E+04  -0.365606   4.110574 -99.000000 -99.000000  -9.612544   0.000000   0.000241   0.000146   0.001400  0.000E+00        lgTeff

        109   7.044817  1.670E+04  -1.884736  -1.884736  11.999690  11.999690   0.755800   0.000071   0.242800  -6.560484    684      3
 2.8848E+00   7.044817   1.134834 -55.351507  -3.284094  -8.642876   0.000000   0.242800   0.000657   0.001400   0.017946      3
 2.7455E+04  -0.316997   4.115215 -17.158710 -99.000000  -9.580462   0.000000   0.000241   0.000146   0.001400  0.000E+00        lgTeff


__________________________________________________________________________________________________________________________________________________

       step    lg_Tmax     Teff     lg_LH      lg_Lnuc_tot     Mass       H_rich     H_cntr     N_cntr     Y_surf   eta_cntr   zones  retry
  lg_dt_yrs    lg_Tcntr    lg_R     lg_L3a     lg_Lneu     lg_Mdot    He_core    He_cntr    O_cntr     Z_surf   gam_cntr   iters  
    age_yrs    lg_Dcntr    lg_L     lg_LZ      lg_Lphoto   lg_Dsurf   CO_core    C_cntr     Ne_cntr    Z_cntr   v_div_cs       dt_limit
__________________________________________________________________________________________________________________________________________________

        110   7.060968  1.708E+04  -1.760687  -1.760687  11.999688  11.999688   0.755800   0.000071   0.242800  -6.508944    685      3
 2.8790E+00   7.060968   1.117585 -54.367124  -3.160972  -8.621790   0.000000   0.242800   0.000657   0.001400   0.017921      5
 2.8212E+04  -0.270342   4.119423 -99.000000 -99.000000  -9.549759   0.000000   0.000241   0.000146   0.001400  0.000E+00        lgTeff

        111   7.078509  1.749E+04  -1.626014  -1.626014  11.999686  11.999686   0.755800   0.000071   0.242800  -6.453288    686      3
 2.9277E+00   7.078509   1.098664 -53.312628  -3.027921  -8.602136   0.000000   0.242800   0.000657   0.001400   0.017893      5
 2.9058E+04  -0.219807   4.123287 -16.857680 -99.000000  -9.516351   0.000000   0.000241   0.000146   0.001400  0.000E+00    varcontrol

        112   7.096777  1.793E+04  -1.484866  -1.484866  11.999683  11.999683   0.755800   0.000071   0.242800  -6.395442    689      3
 2.9595E+00   7.096777   1.078852 -52.228781  -2.889531  -8.582439   0.000000   0.242800   0.000657   0.001400   0.017862      5
 2.9969E+04  -0.167227   4.126907 -17.158710 -99.000000  -9.481624   0.000000   0.000241   0.000146   0.001400  0.000E+00        lgTeff

        113   7.113617  1.835E+04  -1.352497  -1.352497  11.999681  11.999681   0.755800   0.000071   0.242800  -6.341754    690      3
 2.9386E+00   7.113617   1.060623 -51.241799  -2.761186  -8.562873   0.000000   0.242800   0.000657   0.001400   0.017836      5
 3.0837E+04  -0.118596   4.130343 -99.000000 -99.000000  -9.449841   0.000000   0.000241   0.000146   0.001400  0.000E+00        lgTeff

        114   7.131464  1.880E+04  -1.207996  -1.207996  11.999678  11.999678   0.755800   0.000071   0.242800  -6.284998    690      3
 2.9780E+00   7.131464   1.041167 -50.208896  -2.623242  -8.544606   0.000000   0.242800   0.000657   0.001400   0.017808      5
 3.1788E+04  -0.067118   4.133410 -99.000000 -99.000000  -9.416288   0.000000   0.000241   0.000146   0.001400  0.000E+00    varcontrol

        115   7.149822  1.927E+04  -1.051502  -1.051502  11.999675  11.999675   0.755800   0.000071   0.242800  -6.226593    692      3
 3.0055E+00   7.149822   1.021083 -49.160147  -2.476907  -8.526599   0.000000   0.242800   0.000657   0.001400   0.017779      3
 3.2801E+04  -0.014153   4.136246 -99.000000 -99.000000  -9.382038   0.000000   0.000241   0.000146   0.001400  0.000E+00        lgTeff

        116   7.166751  1.971E+04  -0.896006  -0.896006  11.999672  11.999672   0.755800   0.000071   0.242800  -6.172304    693      3
 2.9855E+00   7.166751   1.002615 -48.204922  -2.334622  -8.508828   0.000000   0.242800   0.000657   0.001400   0.017755      5
 3.3768E+04   0.034877   4.138991 -16.255620 -99.000000  -9.350841   0.000000   0.000241   0.000146   0.001400  0.000E+00        lgTeff

        117   7.184607  2.019E+04  -0.715589  -0.715589  11.999669  11.999669   0.755800   0.000071   0.242800  -6.115097    694      3
 3.0237E+00   7.184607   0.983023 -47.210010  -2.172316  -8.492145   0.000000   0.242800   0.000657   0.001400   0.017730      5
 3.4824E+04   0.086572   4.141375 -99.000000 -99.000000  -9.318193   0.000000   0.000241   0.000146   0.001400  0.000E+00    varcontrol

        118   7.202796  2.069E+04  -0.507627  -0.507627  11.999665  11.999665   0.755800   0.000071   0.242800  -6.056046    697      3
 3.0510E+00   7.202796   0.962867 -46.203838  -1.986119  -8.475758   0.000000   0.242800   0.000657   0.001400   0.017709      3
 3.5948E+04   0.139569   4.143555 -99.000000 -99.000000  -9.285073   0.000000   0.000241   0.000146   0.001400  0.000E+00        lgTeff

        119   7.219696  2.117E+04  -0.291293  -0.291293  11.999661  11.999661   0.755800   0.000071   0.242800  -6.000991    702      3
 3.0334E+00   7.219696   0.944266 -45.281280  -1.789903  -8.459575   0.000000   0.242800   0.000657   0.001400   0.017690      5
 3.7028E+04   0.188897   4.145726 -99.000000 -99.000000  -9.254938   0.000000   0.000241   0.000146   0.001400  0.000E+00        lgTeff


__________________________________________________________________________________________________________________________________________________

       step    lg_Tmax     Teff     lg_LH      lg_Lnuc_tot     Mass       H_rich     H_cntr     N_cntr     Y_surf   eta_cntr   zones  retry
  lg_dt_yrs    lg_Tcntr    lg_R     lg_L3a     lg_Lneu     lg_Mdot    He_core    He_cntr    O_cntr     Z_surf   gam_cntr   iters  
    age_yrs    lg_Dcntr    lg_L     lg_LZ      lg_Lphoto   lg_Dsurf   CO_core    C_cntr     Ne_cntr    Z_cntr   v_div_cs       dt_limit
__________________________________________________________________________________________________________________________________________________

        120   7.237560  2.167E+04  -0.039082  -0.039082  11.999657  11.999657   0.755800   0.000071   0.242800  -5.943334    718      3
 3.0711E+00   7.237560   0.924607 -44.323494  -1.554652  -8.444244   0.000000   0.242800   0.000657   0.001400   0.017667      5
 3.8206E+04   0.240805   4.147556 -99.000000 -99.000000  -9.223681   0.000000   0.000241   0.000146   0.001400  0.000E+00    varcontrol

        121   7.255858  2.220E+04   0.241938   0.241938  11.999653  11.999653   0.755800   0.000071   0.242800  -5.884258    721      3
 3.0975E+00   7.255858   0.904471 -43.355938  -1.282683  -8.429191   0.000000   0.242800   0.000657   0.001400   0.017644      4
 3.9458E+04   0.293986   4.149224 -99.000000 -99.000000  -9.192294   0.000000   0.000241   0.000146   0.001400  0.000E+00    lgRho_cntr

        122   7.272792  2.270E+04   0.517952   0.517952  11.999648  11.999648   0.755800   0.000071   0.242800  -5.829089    728      3
 3.0802E+00   7.272792   0.885915 -42.471725  -1.005791  -8.414287   0.000000   0.242800   0.000657   0.001400   0.017625      3
 4.0661E+04   0.343421   4.150950 -99.000000 -99.000000  -9.163933   0.000000   0.000241   0.000146   0.001400  0.000E+00    lgRho_cntr

        123   7.290593  2.324E+04   0.818477   0.818477  11.999643  11.999643   0.755800   0.000072   0.242800  -5.771142    734      3
 3.1178E+00   7.290593   0.866348 -41.554246  -0.694414  -8.400082   0.000000   0.242800   0.000657   0.001400   0.017606      5
 4.1972E+04   0.395369   4.152357 -99.000000 -99.000000  -9.134703   0.000000   0.000240   0.000146   0.001400  0.000E+00    varcontrol

        124   7.308799  2.380E+04   1.130717   1.130717  11.999639  11.999639   0.755800   0.000073   0.242800  -5.711914    741      3
 3.1442E+00   7.308799   0.846345 -40.628518  -0.360680  -8.549820   0.000000   0.242800   0.000657   0.001400   0.017585      4
 4.3366E+04   0.448469   4.153627 -14.750470 -99.000000  -9.105546   0.000000   0.000239   0.000146   0.001400  0.000E+00    lgRho_cntr

        125   7.325523  2.433E+04   1.418743   1.418743  11.999638  11.999638   0.755800   0.000076   0.242800  -5.656155    751      3
 3.1269E+00   7.325523   0.827939 -39.785125  -0.043391  -9.719008   0.000000   0.242800   0.000657   0.001400   0.017570      4
 4.4705E+04   0.497545   4.155006 -14.148410 -99.000000  -9.079343   0.000000   0.000237   0.000146   0.001401  0.000E+00    lgRho_cntr

        126   7.342882  2.489E+04   1.713130   1.713130  11.999638  11.999638   0.755799   0.000082   0.242800  -5.596738    756      3
 3.1650E+00   7.342882   0.808550 -38.918508   0.291623  -9.661049   0.000000   0.242799   0.000657   0.001400   0.017558      5
 4.6167E+04   0.548706   4.156058 -99.000000 -99.000000  -9.052292   0.000000   0.000231   0.000146   0.001402  0.000E+00    varcontrol

        127   7.360616  2.548E+04   1.998950   1.998950  11.999638  11.999638   0.755798   0.000096   0.242800  -5.536328    762      3
 3.1932E+00   7.360616   0.788694 -38.049735   0.628572  -9.603570   0.000000   0.242798   0.000657   0.001400   0.017542      3
 4.7728E+04   0.600671   4.156935 -99.000000 -99.000000  -9.025030   0.000000   0.000220   0.000146   0.001404  0.000E+00    lgRho_cntr

        128   7.377295  2.604E+04   2.246490   2.246490  11.999637  11.999637   0.755795   0.000120   0.242800  -5.482066    775      3
 3.1795E+00   7.377295   0.770333 -37.250312   0.929213  -9.547651   0.000000   0.242798   0.000657   0.001400   0.017514      3
 4.9240E+04   0.648677   4.157880 -13.546350 -99.000000  -9.000220   0.000000   0.000199   0.000146   0.001407  0.000E+00    lgRho_cntr

        129   7.395151  2.663E+04   2.482736   2.482736  11.999637  11.999637   0.755790   0.000165   0.242800  -5.428922    782      3
 3.2192E+00   7.395151   0.751017 -36.408072   1.221672  -9.497483   0.000000   0.242797   0.000657   0.001400   0.017463      4
 5.0896E+04   0.698409   4.158369 -13.245320 -99.000000  -8.974616   0.000000   0.000161   0.000146   0.001413  0.000E+00    varcontrol


__________________________________________________________________________________________________________________________________________________

       step    lg_Tmax     Teff     lg_LH      lg_Lnuc_tot     Mass       H_rich     H_cntr     N_cntr     Y_surf   eta_cntr   zones  retry
  lg_dt_yrs    lg_Tcntr    lg_R     lg_L3a     lg_Lneu     lg_Mdot    He_core    He_cntr    O_cntr     Z_surf   gam_cntr   iters  
    age_yrs    lg_Dcntr    lg_L     lg_LZ      lg_Lphoto   lg_Dsurf   CO_core    C_cntr     Ne_cntr    Z_cntr   v_div_cs       dt_limit
__________________________________________________________________________________________________________________________________________________

        130   7.415010  2.729E+04   2.707662   2.707662  11.999636  11.999636   0.755779   0.000236   0.242800  -5.373430    794      3
 3.2848E+00   7.415010   0.729566 -35.462319   1.501369  -9.448509   0.000000   0.242797   0.000657   0.001400   0.017389      5
 5.2823E+04   0.752419   4.158154 -99.000000 -99.000000  -8.946893   0.000000   0.000100   0.000146   0.001424  0.000E+00    varcontrol

        131   7.433853  2.795E+04   2.878194   2.878194  11.999635  11.999635   0.755769   0.000302   0.242800  -5.318337    796      3
 3.2952E+00   7.433853   0.708840 -34.522827   1.713561  -9.399095   0.000000   0.242798   0.000656   0.001400   0.017334      5
 5.4796E+04   0.804730   4.157772 -12.467169 -99.000000  -8.921067   0.000000   0.000044   0.000146   0.001433  0.000E+00    lgRho_cntr

        132   7.450571  2.856E+04   2.987341   2.987341  11.999635  11.999635   0.755760   0.000336   0.242800  -5.264713    801      3
 3.2793E+00   7.450571   0.689956 -33.627037   1.852418  -9.354286   0.000000   0.242802   0.000656   0.001400   0.017311      4
 5.6698E+04   0.853202   4.157342 -99.000000 -99.000000  -8.898574   0.000000   0.000015   0.000146   0.001438  0.000E+00    lgRho_cntr

        133   7.467607  2.919E+04   3.064064   3.064064  11.999634  11.999634   0.755751   0.000348   0.242800  -5.208234    801      3
 3.3163E+00   7.467607   0.670373 -32.650165   1.953352  -9.315725   0.000000   0.242810   0.000655   0.001400   0.017299      5
 5.8769E+04   0.903396   4.156267 -12.643260 -99.000000  -8.876139   0.000000   0.000005   0.000146   0.001439  0.000E+00    varcontrol

        134   7.485342  2.983E+04   3.130645   3.130645  11.999632  11.999632   0.755734   0.000351   0.242800  -5.154826    808      3
 3.3446E+00   7.485342   0.650590 -31.602814   2.035594  -9.279747   0.000000   0.242827   0.000652   0.001400   0.017256      5
 6.0980E+04   0.953320   4.154774 -12.643260 -99.000000  -8.854111   0.000000   0.000004   0.000146   0.001439  0.000E+00    lgRho_cntr

        135   7.504199  3.049E+04   3.218014   3.218014  11.999631  11.999631   0.755695   0.000357   0.242800  -5.112618    816      3
 3.3702E+00   7.504199   0.630874 -30.495217   2.126637  -9.246684   0.000000   0.242867   0.000646   0.001400   0.017127      5
 6.3326E+04   1.000092   4.152791 -99.000000 -99.000000  -8.832580   0.000000   0.000004   0.000146   0.001438  0.000E+00    varcontrol

        136   7.525825  3.117E+04   3.368702   3.368702  11.999629  11.999629   0.755586   0.000372   0.242800  -5.088373    837      3
 3.4307E+00   7.525825   0.609944 -29.241578   2.267711  -9.217222   0.000000   0.242978   0.000628   0.001400   0.016845      5
 6.6021E+04   1.043288   4.149314 -99.000000 -99.000000  -8.810221   0.000000   0.000005   0.000146   0.001436  0.000E+00    varcontrol

        137   7.545410  3.180E+04   3.581214   3.581214  11.999627  11.999627   0.755605   0.000369   0.242800  -5.074896    844      3
 3.4780E+00   7.545410   0.589313 -28.097604   2.462850  -9.192177   0.000000   0.242959   0.000631   0.001400   0.016546      5
 6.9027E+04   1.078713   4.143103 -12.342230 -99.000000  -8.788552   0.000000   0.000005   0.000146   0.001436  0.000E+00    varcontrol

        138   7.560619  3.230E+04   3.786318   3.786318  11.999625  11.999625   0.755623   0.000367   0.242800  -5.074006    853      3
 3.5281E+00   7.560619   0.570022 -27.231748   2.658895  -9.177725   0.000000   0.242941   0.000633   0.001400   0.016266      5
 7.2401E+04   1.102080   4.131563 -99.000000 -99.000000  -8.767643   0.000000   0.000005   0.000146   0.001436  0.000E+00    varcontrol

        139   7.570285  3.257E+04   3.940175   3.940175  11.999623  11.999623   0.755603   0.000370   0.242800  -5.087232    862      3
 3.5962E+00   7.570285   0.552723 -26.698876   2.825612  -9.182529   0.000000   0.242961   0.000629   0.001400   0.016017      5
 7.6348E+04   1.110964   4.111382 -99.000000 -99.000000  -8.746736   0.000000   0.000005   0.000146   0.001436  0.000E+00    varcontrol


__________________________________________________________________________________________________________________________________________________

       step    lg_Tmax     Teff     lg_LH      lg_Lnuc_tot     Mass       H_rich     H_cntr     N_cntr     Y_surf   eta_cntr   zones  retry
  lg_dt_yrs    lg_Tcntr    lg_R     lg_L3a     lg_Lneu     lg_Mdot    He_core    He_cntr    O_cntr     Z_surf   gam_cntr   iters  
    age_yrs    lg_Dcntr    lg_L     lg_LZ      lg_Lphoto   lg_Dsurf   CO_core    C_cntr     Ne_cntr    Z_cntr   v_div_cs       dt_limit
__________________________________________________________________________________________________________________________________________________

        140   7.574281  3.255E+04   4.024838   4.024838  11.999620  11.999620   0.755567   0.000374   0.242800  -5.108994    882      3
 3.6754E+00   7.574281   0.538579 -26.489392   2.935123  -9.216276   0.000000   0.242998   0.000623   0.001400   0.015829      5
 8.1084E+04   1.107582   4.082263 -11.439140 -99.000000  -8.726679   0.000000   0.000006   0.000146   0.001435  0.000E+00  max increase

        141   7.575692  3.239E+04   4.033764   4.033764  11.999617  11.999617   0.755494   0.000385   0.242800  -5.125013    877      3
 3.7546E+00   7.575692   0.528007 -26.419942   2.924637  -9.280761   0.000000   0.243072   0.000611   0.001400   0.015720      5
 8.6767E+04   1.102791   4.052606 -11.740170 -99.000000  -8.709982   0.000000   0.000006   0.000146   0.001434  0.000E+00  max increase

        142   7.575428  3.219E+04   4.031917   4.031917  11.999614  11.999614   0.755407   0.000397   0.242800  -5.137399    891      3
 3.8338E+00   7.575428   0.521792 -26.440851   2.912539  -9.352021   0.000000   0.243161   0.000598   0.001400   0.015661      5
 9.3587E+04   1.097045   4.029101 -99.000000 -99.000000  -8.698959   0.000000   0.000006   0.000146   0.001432  0.000E+00  max increase

        143   7.574606  3.203E+04   4.023399   4.023399  11.999611  11.999611   0.755296   0.000411   0.242800  -5.145475    897      3
 3.9130E+00   7.574606   0.519138 -26.490036   2.891619  -9.411797   0.000000   0.243274   0.000582   0.001400   0.015635      5
 1.0177E+05   1.092330   4.015201 -11.740170 -99.000000  -8.693520   0.000000   0.000006   0.000146   0.001430  0.000E+00  max increase

        144   7.573578  3.193E+04   4.017914   4.017914  11.999607  11.999607   0.755164   0.000426   0.242800  -5.151089    891      3
 3.9921E+00   7.573578   0.518772 -26.549231   2.881278  -9.448773   0.000000   0.243409   0.000564   0.001400   0.015626      5
 1.1159E+05   1.088375   4.008984 -99.000000 -99.000000  -8.691919   0.000000   0.000006   0.000146   0.001428  0.000E+00  max increase

        145   7.572553  3.187E+04   4.014678   4.014678  11.999603  11.999603   0.755000   0.000444   0.242800  -5.155352    886      3
 4.0713E+00   7.572553   0.519484 -26.607406   2.873762  -9.466605   0.000000   0.243575   0.000544   0.001400   0.015623      5
 1.2338E+05   1.085018   4.007061 -99.000000 -99.000000  -8.692239   0.000000   0.000006   0.000146   0.001425  0.000E+00  max increase

        146   7.571510  3.182E+04   4.013352   4.013352  11.999598  11.999598   0.754807   0.000463   0.242800  -5.159317    884      3
 4.1505E+00   7.571510   0.520620 -26.666334   2.870731  -9.473400   0.000000   0.243771   0.000522   0.001400   0.015623      5
 1.3752E+05   1.081771   4.006806 -99.000000 -99.000000  -8.693307   0.000000   0.000006   0.000146   0.001422  0.000E+00  max increase

        147   7.570455  3.178E+04   4.012625   4.012625  11.999593  11.999593   0.754576   0.000484   0.242800  -5.163292    881      3
 4.2297E+00   7.570455   0.521896 -26.725829   2.868728  -9.475916   0.000000   0.244004   0.000498   0.001400   0.015624      5
 1.5449E+05   1.078511   4.007056 -11.439140 -99.000000  -8.694614   0.000000   0.000006   0.000146   0.001419  0.000E+00  max increase

        148   7.569380  3.174E+04   4.012195   4.012195  11.999586  11.999586   0.754300   0.000506   0.242800  -5.167417    881      3
 4.3089E+00   7.569380   0.523233 -26.786387   2.867053  -9.477155   0.000000   0.244284   0.000472   0.001400   0.015625      5
 1.7485E+05   1.075166   4.007424 -11.740170 -99.000000  -8.696009   0.000000   0.000007   0.000146   0.001416  0.000E+00  max increase

        149   7.568287  3.169E+04   4.011915   4.011915  11.999578  11.999578   0.753969   0.000530   0.242800  -5.171708    877      3
 4.3881E+00   7.568287   0.524617 -26.847848   2.865728  -9.478148   0.000000   0.244619   0.000444   0.001400   0.015625      5
 1.9929E+05   1.071735   4.007834 -99.000000 -99.000000  -8.697461   0.000000   0.000007   0.000146   0.001413  0.000E+00  max increase


__________________________________________________________________________________________________________________________________________________

       step    lg_Tmax     Teff     lg_LH      lg_Lnuc_tot     Mass       H_rich     H_cntr     N_cntr     Y_surf   eta_cntr   zones  retry
  lg_dt_yrs    lg_Tcntr    lg_R     lg_L3a     lg_Lneu     lg_Mdot    He_core    He_cntr    O_cntr     Z_surf   gam_cntr   iters  
    age_yrs    lg_Dcntr    lg_L     lg_LZ      lg_Lphoto   lg_Dsurf   CO_core    C_cntr     Ne_cntr    Z_cntr   v_div_cs       dt_limit
__________________________________________________________________________________________________________________________________________________

        150   7.567189  3.165E+04   4.011750   4.011750  11.999568  11.999568   0.753573   0.000555   0.242800  -5.176137    878      3
 4.4672E+00   7.567189   0.526037 -26.909398   2.864634  -9.479095   0.000000   0.245018   0.000415   0.001400   0.015626      5
 2.2862E+05   1.068254   4.008294 -99.000000 -99.000000  -8.698962   0.000000   0.000007   0.000146   0.001409  0.000E+00  max increase

save LOGS/profile4.data for model 150
save photos/x150 for model 150
        151   7.566100  3.161E+04   4.011718   4.011718  11.999556  11.999556   0.753100   0.000582   0.242800  -5.180677    876      3
 4.5464E+00   7.566100   0.527485 -26.970175   2.863749  -9.479959   0.000000   0.245495   0.000384   0.001400   0.015627      5
 2.6381E+05   1.064758   4.008816 -11.740170 -99.000000  -8.700508   0.000000   0.000008   0.000146   0.001405  0.000E+00  max increase

        152   7.565034  3.156E+04   4.011837   4.011837  11.999542  11.999542   0.752533   0.000609   0.242800  -5.185306    870      3
 4.6256E+00   7.565034   0.528957 -27.029331   2.863075  -9.480688   0.000000   0.246066   0.000352   0.001400   0.015628      5
 3.0603E+05   1.061281   4.009419 -99.000000 -99.000000  -8.702096   0.000000   0.000008   0.000146   0.001401  0.000E+00  max increase

        153   7.564004  3.152E+04   4.012134   4.012134  11.999526  11.999526   0.751854   0.000638   0.242800  -5.190010    869      3
 4.7048E+00   7.564004   0.530451 -27.086041   2.862625  -9.481219   0.000000   0.246750   0.000319   0.001400   0.015629      5
 3.5671E+05   1.057854   4.010133 -99.000000 -99.000000  -8.703731   0.000000   0.000008   0.000146   0.001397  0.000E+00  max increase

        154   7.563016  3.148E+04   4.012635   4.012635  11.999506  11.999506   0.751033   0.000667   0.242800  -5.194816    869      3
 4.7840E+00   7.563016   0.531976 -27.139826   2.862395  -9.481466   0.000000   0.247575   0.000286   0.001400   0.015631      5
 4.1751E+05   1.054480   4.010975 -11.439140 -99.000000  -8.705424   0.000000   0.000009   0.000146   0.001392  0.000E+00  max increase

        155   7.562102  3.145E+04   4.013334   4.013334  11.999481  11.999481   0.750056   0.000696   0.242800  -5.199644    869      3
 4.8631E+00   7.562102   0.533510 -27.188743   2.862472  -9.481381   0.000000   0.248556   0.000252   0.001400   0.015633      5
 4.9048E+05   1.051248   4.011989 -11.439140 -99.000000  -8.707160   0.000000   0.000009   0.000146   0.001388  0.000E+00  max increase

        156   7.561274  3.141E+04   4.014287   4.014287  11.999453  11.999453   0.748888   0.000724   0.242800  -5.204515    869      3
 4.9423E+00   7.561274   0.535057 -27.231938   2.862840  -9.480804   0.000000   0.249728   0.000219   0.001400   0.015635      5
 5.7805E+05   1.048175   4.013200 -11.740170 -99.000000  -8.708946   0.000000   0.000009   0.000146   0.001384  0.000E+00  max increase

        157   7.560545  3.138E+04   4.015530   4.015530  11.999418  11.999418   0.747491   0.000751   0.242800  -5.209457    870      3
 5.0215E+00   7.560545   0.536626 -27.268530   2.863536  -9.479660   0.000000   0.251129   0.000187   0.001400   0.015637      5
 6.8312E+05   1.045278   4.014654 -11.439140 -99.000000  -8.710800   0.000000   0.000010   0.000146   0.001380  0.000E+00  max increase

        158   7.559928  3.136E+04   4.017109   4.017109  11.999376  11.999376   0.745815   0.000777   0.242800  -5.214507    871      3
 5.1007E+00   7.559928   0.538231 -27.297526   2.864604  -9.477830   0.000000   0.252808   0.000157   0.001400   0.015640      5
 8.0921E+05   1.042573   4.016403 -11.740170 -99.000000  -8.712744   0.000000   0.000010   0.000146   0.001376  0.000E+00  max increase

        159   7.559438  3.133E+04   4.019084   4.019084  11.999325  11.999325   0.743804   0.000801   0.242800  -5.219716    875      3
 5.1799E+00   7.559438   0.539890 -27.317849   2.866102  -9.475172   0.000000   0.254824   0.000130   0.001400   0.015644      5
 9.6052E+05   1.040076   4.018514 -99.000000 -99.000000  -8.714807   0.000000   0.000010   0.000146   0.001373  0.000E+00  max increase


__________________________________________________________________________________________________________________________________________________

       step    lg_Tmax     Teff     lg_LH      lg_Lnuc_tot     Mass       H_rich     H_cntr     N_cntr     Y_surf   eta_cntr   zones  retry
  lg_dt_yrs    lg_Tcntr    lg_R     lg_L3a     lg_Lneu     lg_Mdot    He_core    He_cntr    O_cntr     Z_surf   gam_cntr   iters  
    age_yrs    lg_Dcntr    lg_L     lg_LZ      lg_Lphoto   lg_Dsurf   CO_core    C_cntr     Ne_cntr    Z_cntr   v_div_cs       dt_limit
__________________________________________________________________________________________________________________________________________________

        160   7.559090  3.132E+04   4.021527   4.021527  11.999264  11.999264   0.741384   0.000823   0.242800  -5.225159    874      3
 5.2590E+00   7.559090   0.541630 -27.328360   2.868101  -9.471518   0.000000   0.257246   0.000104   0.001400   0.015649      5
 1.1421E+06   1.037793   4.021066 -99.000000 -99.000000  -8.717030   0.000000   0.000011   0.000146   0.001369  0.000E+00  max increase

        161   7.558899  3.131E+04   4.024532   4.024532  11.999189  11.999189   0.738471   0.000842   0.242800  -5.230940    871      3
 5.3382E+00   7.558899   0.543486 -27.327884   2.870686  -9.466671   0.000000   0.260163   0.000082   0.001400   0.015655      5
 1.3600E+06   1.035726   4.024155 -99.000000 -99.000000  -8.719464   0.000000   0.000011   0.000146   0.001367  0.000E+00  max increase

        162   7.558880  3.130E+04   4.028213   4.028213  11.999099  11.999099   0.734954   0.000858   0.242800  -5.237202    866      3
 5.4174E+00   7.558880   0.545506 -27.315203   2.873967  -9.460398   0.000000   0.263682   0.000064   0.001400   0.015662      5
 1.6214E+06   1.033862   4.027900 -99.000000 -99.000000  -8.722182   0.000000   0.000011   0.000146   0.001364  0.000E+00  max increase

        163   7.559048  3.130E+04   4.032716   4.032716  11.998988  11.998988   0.730700   0.000871   0.242800  -5.244136    868      3
 5.4966E+00   7.559048   0.547757 -27.289071   2.878079  -9.452416   0.000000   0.267938   0.000049   0.001400   0.015671      5
 1.9352E+06   1.032176   4.032450 -99.000000 -99.000000  -8.725278   0.000000   0.000011   0.000146   0.001362  0.000E+00  max increase

        164   7.559417  3.131E+04   4.038223   4.038223  11.998852  11.998852   0.725541   0.000881   0.242800  -5.251992    880      3
 5.5758E+00   7.559417   0.550326 -27.248156   2.883190  -9.442389   0.000000   0.273098   0.000038   0.001400   0.015682      5
 2.3117E+06   1.030625   4.037990 -99.000000 -99.000000  -8.728876   0.000000   0.000011   0.000146   0.001361  0.000E+00  max increase

        165   7.560005  3.132E+04   4.044965   4.044965  11.998684  11.998684   0.719262   0.000888   0.242800  -5.261097    874      3
 5.6550E+00   7.560005   0.553330 -27.190945   2.889518  -9.429902   0.000000   0.279378   0.000029   0.001400   0.015695      5
 2.7635E+06   1.029150   4.044754 -99.000000 -99.000000  -8.733140   0.000000   0.000011   0.000146   0.001360  0.000E+00  max increase

        166   7.560834  3.134E+04   4.053242   4.053242  11.998475  11.998475   0.711590   0.000893   0.242800  -5.271873    881      3
 5.7341E+00   7.560834   0.556920 -27.115552   2.897344  -9.414437   0.000000   0.287051   0.000024   0.001400   0.015713      5
 3.3057E+06   1.027674   4.053046 -11.263049 -99.000000  -8.738285   0.000000   0.000012   0.000146   0.001359  0.000E+00  max increase

        167   7.561936  3.137E+04   4.063444   4.063444  11.998214  11.998214   0.702168   0.000896   0.242800  -5.284852    878      3
 5.8133E+00   7.561936   0.561299 -27.019438   2.907037  -9.395333   0.000000   0.296474   0.000020   0.001400   0.015735      5
 3.9563E+06   1.026110   4.063255 -10.785927 -99.000000  -8.744594   0.000000   0.000012   0.000146   0.001359  0.000E+00  max increase

        168   7.563367  3.140E+04   4.076214   4.076214  11.997882  11.997882   0.690519   0.000898   0.242800  -5.300616    879      3
 5.8925E+00   7.563367   0.566773 -26.898552   2.919218  -9.371745   0.000000   0.308123   0.000018   0.001400   0.015764      5
 4.7370E+06   1.024421   4.076029 -99.000000 -99.000000  -8.752512   0.000000   0.000012   0.000146   0.001358  0.000E+00  max increase

        169   7.565075  3.144E+04   4.091174   4.091174  11.997482  11.997482   0.677067   0.000899   0.242800  -5.318782    884      3
 5.9439E+00   7.565075   0.573194 -26.758298   2.933540  -9.342227   0.000000   0.321574   0.000017   0.001400   0.015800      5
 5.6158E+06   1.022596   4.090992 -11.041200 -99.000000  -8.761840   0.000000   0.000012   0.000146   0.001358  0.000E+00      XHe_cntr


__________________________________________________________________________________________________________________________________________________

       step    lg_Tmax     Teff     lg_LH      lg_Lnuc_tot     Mass       H_rich     H_cntr     N_cntr     Y_surf   eta_cntr   zones  retry
  lg_dt_yrs    lg_Tcntr    lg_R     lg_L3a     lg_Lneu     lg_Mdot    He_core    He_cntr    O_cntr     Z_surf   gam_cntr   iters  
    age_yrs    lg_Dcntr    lg_L     lg_LZ      lg_Lphoto   lg_Dsurf   CO_core    C_cntr     Ne_cntr    Z_cntr   v_div_cs       dt_limit
__________________________________________________________________________________________________________________________________________________

        170   7.566625  3.147E+04   4.104608   4.104608  11.997107  11.997107   0.665029   0.000899   0.242800  -5.335014    886      3
 5.8823E+00   7.566625   0.579044 -26.633623   2.946426  -9.307671   0.000000   0.333612   0.000016   0.001400   0.015834      5
 6.3784E+06   1.021031   4.104425 -11.439140 -99.000000  -8.770337   0.000000   0.000012   0.000146   0.001358  0.000E+00      XHe_cntr

        171   7.568109  3.150E+04   4.117354   4.117354  11.996736  11.996736   0.653623   0.000899   0.242800  -5.350371    890      3
 5.8454E+00   7.568109   0.584684 -26.516425   2.958675  -9.276786   0.000000   0.345019   0.000015   0.001400   0.015869      5
 7.0788E+06   1.019601   4.117170 -11.439140 -99.000000  -8.778523   0.000000   0.000012   0.000146   0.001358  0.000E+00      XHe_cntr

        172   7.569563  3.152E+04   4.129768   4.129768  11.996363  11.996363   0.642525   0.000900   0.242800  -5.365292    900      3
 5.8202E+00   7.569563   0.590268 -26.403271   2.970625  -9.247634   0.000000   0.356117   0.000015   0.001400   0.015904      5
 7.7398E+06   1.018254   4.129582 -11.263049 -99.000000  -8.786619   0.000000   0.000012   0.000146   0.001358  0.000E+00      XHe_cntr

        173   7.571008  3.154E+04   4.142019   4.142019  11.995981  11.995981   0.631583   0.000900   0.242800  -5.379986    892      3
 5.8009E+00   7.571008   0.595871 -26.292505   2.982437  -9.219390   0.000000   0.367059   0.000015   0.001400   0.015941      5
 8.3720E+06   1.016969   4.141831 -11.740170 -99.000000  -8.794732   0.000000   0.000012   0.000146   0.001358  0.000E+00      XHe_cntr

        174   7.572452  3.155E+04   4.154193   4.154193  11.995590  11.995590   0.620721   0.000900   0.242800  -5.394558    900      3
 5.7846E+00   7.572452   0.601534 -26.183260   2.994194  -9.191667   0.000000   0.377921   0.000015   0.001400   0.015979      5
 8.9810E+06   1.015735   4.154004 -11.041200 -99.000000  -8.802917   0.000000   0.000012   0.000146   0.001358  0.000E+00      XHe_cntr

        175   7.573901  3.157E+04   4.166333   4.166333  11.995186  11.995186   0.609898   0.000900   0.242800  -5.409060    908      3
 5.7699E+00   7.573901   0.607279 -26.075068   3.005936  -9.164267   0.000000   0.388744   0.000015   0.001400   0.016019      5
 9.5697E+06   1.014548   4.166141 -99.000000 -99.000000  -8.811208   0.000000   0.000012   0.000146   0.001358  0.000E+00      XHe_cntr

        176   7.575357  3.157E+04   4.178461   4.178461  11.994770  11.994770   0.599094   0.000900   0.242800  -5.423518    902      3
 5.7560E+00   7.575357   0.613120 -25.967655   3.017684  -9.137103   0.000000   0.399548   0.000014   0.001400   0.016061      5
 1.0140E+07   1.013404   4.178268 -99.000000 -99.000000  -8.819622   0.000000   0.000012   0.000146   0.001358  0.000E+00      XHe_cntr

        177   7.576822  3.158E+04   4.190586   4.190586  11.994341  11.994341   0.588300   0.000900   0.242800  -5.437941    907      3
 5.7425E+00   7.576822   0.619066 -25.860864   3.029445  -9.110125   0.000000   0.410342   0.000014   0.001400   0.016105      5
 1.0693E+07   1.012307   4.190390 -99.000000 -99.000000  -8.828168   0.000000   0.000012   0.000146   0.001358  0.000E+00      XHe_cntr

        178   7.578301  3.158E+04   4.202713   4.202713  11.993899  11.993899   0.577456   0.000900   0.242800  -5.452359    906      3
 5.7292E+00   7.578301   0.625148 -25.754246   3.041223  -9.083325   0.000000   0.421186   0.000014   0.001400   0.016152      5
 1.1229E+07   1.011265   4.202514 -99.000000 -99.000000  -8.836881   0.000000   0.000012   0.000146   0.001358  0.000E+00      XHe_cntr

        179   7.579791  3.157E+04   4.214831   4.214831  11.993443  11.993443   0.566592   0.000900   0.242800  -5.466745    909      3
 5.7154E+00   7.579791   0.631357 -25.647963   3.053006  -9.056734   0.000000   0.432050   0.000014   0.001400   0.016202      5
 1.1748E+07   1.010281   4.214629 -11.439140 -99.000000  -8.845747   0.000000   0.000012   0.000146   0.001358  0.000E+00      XHe_cntr


__________________________________________________________________________________________________________________________________________________

       step    lg_Tmax     Teff     lg_LH      lg_Lnuc_tot     Mass       H_rich     H_cntr     N_cntr     Y_surf   eta_cntr   zones  retry
  lg_dt_yrs    lg_Tcntr    lg_R     lg_L3a     lg_Lneu     lg_Mdot    He_core    He_cntr    O_cntr     Z_surf   gam_cntr   iters  
    age_yrs    lg_Dcntr    lg_L     lg_LZ      lg_Lphoto   lg_Dsurf   CO_core    C_cntr     Ne_cntr    Z_cntr   v_div_cs       dt_limit
__________________________________________________________________________________________________________________________________________________

        180   7.581289  3.156E+04   4.226921   4.226921  11.992975  11.992975   0.555734   0.000900   0.242800  -5.481073    906      3
 5.7011E+00   7.581289   0.637683 -25.542167   3.064778  -9.030375   0.000000   0.442908   0.000014   0.001400   0.016254      5
 1.2250E+07   1.009353   4.226716 -99.000000 -99.000000  -8.854753   0.000000   0.000012   0.000146   0.001358  0.000E+00      XHe_cntr

        181   7.582796  3.155E+04   4.238984   4.238984  11.992493  11.992493   0.544886   0.000900   0.242800  -5.495341    915      3
 5.6867E+00   7.582796   0.644128 -25.436829   3.076539  -9.004282   0.000000   0.453756   0.000014   0.001400   0.016308      5
 1.2737E+07   1.008483   4.238777 -99.000000 -99.000000  -8.863903   0.000000   0.000012   0.000146   0.001358  0.000E+00      XHe_cntr

        182   7.584313  3.153E+04   4.251025   4.251025  11.991999  11.991999   0.534047   0.000900   0.242800  -5.509552    910      3
 5.6726E+00   7.584313   0.650699 -25.331871   3.088291  -8.978459   0.000000   0.464595   0.000014   0.001400   0.016366      5
 1.3207E+07   1.007671   4.250814 -11.439140 -99.000000  -8.873202   0.000000   0.000013   0.000146   0.001358  0.000E+00      XHe_cntr

        183   7.585840  3.150E+04   4.263047   4.263047  11.991491  11.991491   0.523215   0.000900   0.242800  -5.523709    920      3
 5.6585E+00   7.585840   0.657398 -25.227209   3.100039  -8.952903   0.000000   0.475427   0.000014   0.001400   0.016425      5
 1.3663E+07   1.006919   4.262834 -99.000000 -99.000000  -8.882657   0.000000   0.000013   0.000146   0.001358  0.000E+00      XHe_cntr

        184   7.587378  3.147E+04   4.275054   4.275054  11.990970  11.990970   0.512387   0.000900   0.242800  -5.537814    911      3
 5.6446E+00   7.587378   0.664236 -25.122767   3.111786  -8.927611   0.000000   0.486255   0.000014   0.001400   0.016488      5
 1.4104E+07   1.006226   4.274838 -11.138110 -99.000000  -8.892278   0.000000   0.000013   0.000146   0.001358  0.000E+00      XHe_cntr

        185   7.588929  3.144E+04   4.287049   4.287049  11.990435  11.990435   0.501562   0.000900   0.242800  -5.551869    918      3
 5.6308E+00   7.588929   0.671216 -25.018472   3.123532  -8.902587   0.000000   0.497080   0.000014   0.001400   0.016553      5
 1.4531E+07   1.005594   4.286830 -99.000000 -99.000000  -8.902071   0.000000   0.000013   0.000146   0.001358  0.000E+00      XHe_cntr

        186   7.590499  3.139E+04   4.299163   4.299163  11.989887  11.989887   0.490736   0.000900   0.242800  -5.565747    908      3
 5.6170E+00   7.590499   0.678409 -24.913800   3.135410  -8.877832   0.000000   0.507906   0.000013   0.001400   0.016622      5
 1.4945E+07   1.005092   4.298941 -99.000000 -99.000000  -8.912139   0.000000   0.000013   0.000146   0.001358  0.000E+00      XHe_cntr

        187   7.592083  3.135E+04   4.311297   4.311297  11.989324  11.989324   0.479916   0.000900   0.242800  -5.579539    918      3
 5.6032E+00   7.592083   0.685770 -24.809083   3.147319  -8.853067   0.000000   0.518727   0.000013   0.001400   0.016694      5
 1.5346E+07   1.004670   4.311072 -99.000000 -99.000000  -8.922417   0.000000   0.000013   0.000146   0.001358  0.000E+00      XHe_cntr

        188   7.593682  3.129E+04   4.323422   4.323422  11.988748  11.988748   0.469096   0.000900   0.242800  -5.593271    909      3
 5.5895E+00   7.593682   0.693301 -24.704324   3.159230  -8.828524   0.000000   0.529546   0.000013   0.001400   0.016770      5
 1.5735E+07   1.004319   4.323194 -11.138110 -99.000000  -8.932899   0.000000   0.000013   0.000146   0.001358  0.000E+00      XHe_cntr

        189   7.595296  3.124E+04   4.335539   4.335539  11.988157  11.988157   0.458273   0.000900   0.242800  -5.606946    908      3
 5.5758E+00   7.595296   0.701006 -24.599443   3.171144  -8.804291   0.000000   0.540369   0.000013   0.001400   0.016848      5
 1.6111E+07   1.004040   4.335307 -11.138110 -99.000000  -8.943592   0.000000   0.000013   0.000146   0.001358  0.000E+00      XHe_cntr


__________________________________________________________________________________________________________________________________________________

       step    lg_Tmax     Teff     lg_LH      lg_Lnuc_tot     Mass       H_rich     H_cntr     N_cntr     Y_surf   eta_cntr   zones  retry
  lg_dt_yrs    lg_Tcntr    lg_R     lg_L3a     lg_Lneu     lg_Mdot    He_core    He_cntr    O_cntr     Z_surf   gam_cntr   iters  
    age_yrs    lg_Dcntr    lg_L     lg_LZ      lg_Lphoto   lg_Dsurf   CO_core    C_cntr     Ne_cntr    Z_cntr   v_div_cs       dt_limit
__________________________________________________________________________________________________________________________________________________

        190   7.596919  3.117E+04   4.347640   4.347640  11.987552  11.987552   0.447517   0.000900   0.242800  -5.620526    915      3
 5.5621E+00   7.596919   0.708857 -24.494859   3.183055  -8.780382   0.000000   0.551126   0.000013   0.001400   0.016930      5
 1.6476E+07   1.003820   4.347406 -99.000000 -99.000000  -8.954468   0.000000   0.000013   0.000146   0.001358  0.000E+00      XHe_cntr

        191   7.598554  3.110E+04   4.359741   4.359741  11.986932  11.986932   0.436830   0.000900   0.242800  -5.634023    902      3
 5.5490E+00   7.598554   0.716858 -24.390497   3.194976  -8.756768   0.000000   0.561812   0.000013   0.001400   0.017014      5
 1.6830E+07   1.003656   4.359506 -99.000000 -99.000000  -8.965539   0.000000   0.000013   0.000146   0.001358  0.000E+00      XHe_cntr

        192   7.600211  3.102E+04   4.371885   4.371885  11.986296  11.986296   0.426100   0.000900   0.242800  -5.647515    910      3
 5.5371E+00   7.600211   0.725083 -24.285446   3.206947  -8.733420   0.000000   0.572543   0.000013   0.001400   0.017101      5
 1.7174E+07   1.003566   4.371646 -10.660989 -99.000000  -8.976889   0.000000   0.000013   0.000146   0.001358  0.000E+00      XHe_cntr

        193   7.601895  3.094E+04   4.384073   4.384073  11.985643  11.985643   0.415318   0.000900   0.242800  -5.661001    909      3
 5.5252E+00   7.601895   0.733554 -24.179585   3.218972  -8.710345   0.000000   0.583324   0.000013   0.001400   0.017194      5
 1.7510E+07   1.003558   4.383831 -99.000000 -99.000000  -8.988543   0.000000   0.000013   0.000146   0.001358  0.000E+00      XHe_cntr

        194   7.603601  3.085E+04   4.396279   4.396279  11.984975  11.984975   0.404510   0.000900   0.242800  -5.674448    906      3
 5.5124E+00   7.603601   0.742262 -24.073084   3.231022  -8.687572   0.000000   0.594133   0.000013   0.001400   0.017290      5
 1.7835E+07   1.003635   4.396033 -99.000000 -99.000000  -9.000487   0.000000   0.000013   0.000146   0.001358  0.000E+00      XHe_cntr

        195   7.605328  3.075E+04   4.408487   4.408487  11.984293  11.984293   0.393687   0.000900   0.242800  -5.687834    912      3
 5.4990E+00   7.605328   0.751206 -23.966008   3.243083  -8.665180   0.000000   0.604955   0.000013   0.001400   0.017391      5
 1.8151E+07   1.003802   4.408237 -11.138110 -99.000000  -9.012721   0.000000   0.000013   0.000146   0.001358  0.000E+00      XHe_cntr

        196   7.607078  3.064E+04   4.420684   4.420684  11.983597  11.983597   0.382858   0.000900   0.242800  -5.701141    908      3
 5.4853E+00   7.607078   0.760392 -23.858375   3.255141  -8.643222   0.000000   0.615784   0.000013   0.001400   0.017496      5
 1.8456E+07   1.004063   4.420430 -10.962019 -99.000000  -9.025248   0.000000   0.000013   0.000146   0.001357  0.000E+00      XHe_cntr

        197   7.608854  3.052E+04   4.432869   4.432869  11.982890  11.982890   0.371981   0.000900   0.242800  -5.714379    906      3
 5.4715E+00   7.608854   0.769857 -23.749822   3.267193  -8.621760   0.000000   0.626662   0.000013   0.001400   0.017607      5
 1.8752E+07   1.004437   4.432610 -99.000000 -99.000000  -9.038107   0.000000   0.000013   0.000146   0.001357  0.000E+00      XHe_cntr

        198   7.610655  3.039E+04   4.445028   4.445028  11.982172  11.982172   0.361076   0.000900   0.242800  -5.727524    918      3
 5.4572E+00   7.610655   0.779595 -23.640452   3.279228  -8.600877   0.000000   0.637567   0.000013   0.001400   0.017723      5
 1.9039E+07   1.004926   4.444764 -99.000000 -99.000000  -9.051291   0.000000   0.000014   0.000146   0.001357  0.000E+00      XHe_cntr

        199   7.612480  3.025E+04   4.457142   4.457142  11.981445  11.981445   0.350176   0.000900   0.242800  -5.740545    908      3
 5.4422E+00   7.612480   0.789602 -23.530459   3.291224  -8.580620   0.000000   0.648466   0.000012   0.001400   0.017844      5
 1.9316E+07   1.005529   4.456873 -11.138110 -99.000000  -9.064791   0.000000   0.000014   0.000146   0.001357  0.000E+00      XHe_cntr


__________________________________________________________________________________________________________________________________________________

       step    lg_Tmax     Teff     lg_LH      lg_Lnuc_tot     Mass       H_rich     H_cntr     N_cntr     Y_surf   eta_cntr   zones  retry
  lg_dt_yrs    lg_Tcntr    lg_R     lg_L3a     lg_Lneu     lg_Mdot    He_core    He_cntr    O_cntr     Z_surf   gam_cntr   iters  
    age_yrs    lg_Dcntr    lg_L     lg_LZ      lg_Lphoto   lg_Dsurf   CO_core    C_cntr     Ne_cntr    Z_cntr   v_div_cs       dt_limit
__________________________________________________________________________________________________________________________________________________

        200   7.614337  3.010E+04   4.469379   4.469379  11.980710  11.980710   0.339287   0.000900   0.242800  -5.753254    910      3
 5.4272E+00   7.614337   0.800006 -23.419216   3.303350  -8.561054   0.000000   0.659356   0.000012   0.001400   0.017972      5
 1.9583E+07   1.006343   4.469104 -99.000000 -99.000000  -9.078786   0.000000   0.000014   0.000146   0.001357  0.000E+00      XHe_cntr

save LOGS/profile5.data for model 200
save photos/x200 for model 200
        201   7.616219  2.994E+04   4.481589   4.481589  11.979968  11.979968   0.328427   0.000900   0.242800  -5.765815    912      3
 5.4124E+00   7.616219   0.810708 -23.307286   3.315457  -8.541917   0.000000   0.670215   0.000012   0.001400   0.018104      5
 1.9842E+07   1.007276   4.481311 -11.439140 -99.000000  -9.093137   0.000000   0.000014   0.000146   0.001357  0.000E+00      XHe_cntr

        202   7.618128  2.977E+04   4.493773   4.493773  11.979219  11.979219   0.317579   0.000900   0.242800  -5.778243    921      3
 5.3979E+00   7.618128   0.821727 -23.194449   3.327543  -8.523504   0.000000   0.681063   0.000012   0.001400   0.018243      5
 2.0092E+07   1.008335   4.493489 -99.000000 -99.000000  -9.107863   0.000000   0.000014   0.000146   0.001357  0.000E+00      XHe_cntr

        203   7.620070  2.959E+04   4.505937   4.505937  11.978464  11.978464   0.306732   0.000900   0.242800  -5.790544    909      3
 5.3837E+00   7.620070   0.833093 -23.080497   3.339615  -8.505884   0.000000   0.691910   0.000012   0.001400   0.018388      5
 2.0334E+07   1.009526   4.505648 -99.000000 -99.000000  -9.123000   0.000000   0.000014   0.000146   0.001357  0.000E+00      XHe_cntr

        204   7.622045  2.940E+04   4.518082   4.518082  11.977705  11.977705   0.295884   0.000900   0.242800  -5.802710    928      3
 5.3696E+00   7.622045   0.844822 -22.965294   3.351674  -8.489118   0.000000   0.702759   0.000012   0.001400   0.018539      5
 2.0568E+07   1.010858   4.517788 -11.138110 -99.000000  -9.138576   0.000000   0.000014   0.000146   0.001357  0.000E+00      XHe_cntr

        205   7.624058  2.920E+04   4.530202   4.530202  11.976942  11.976942   0.285034   0.000900   0.242800  -5.814727    927      3
 5.3554E+00   7.624058   0.856937 -22.848723   3.363714  -8.473261   0.000000   0.713609   0.000012   0.001400   0.018697      5
 2.0794E+07   1.012341   4.529903 -99.000000 -99.000000  -9.154631   0.000000   0.000014   0.000146   0.001357  0.000E+00      XHe_cntr

        206   7.626109  2.898E+04   4.542296   4.542296  11.976179  11.976179   0.274183   0.000900   0.242800  -5.826583    932      3
 5.3413E+00   7.626109   0.869459 -22.730657   3.375732  -8.458416   0.000000   0.724460   0.000012   0.001400   0.018862      5
 2.1014E+07   1.013984   4.541991 -99.000000 -99.000000  -9.171206   0.000000   0.000014   0.000146   0.001357  0.000E+00      XHe_cntr

        207   7.628203  2.875E+04   4.554364   4.554364  11.975416  11.975416   0.263331   0.000900   0.242800  -5.838266    932      3
 5.3271E+00   7.628203   0.882412 -22.610913   3.387729  -8.444666   0.000000   0.735312   0.000012   0.001400   0.019035      5
 2.1226E+07   1.015799   4.554053 -99.000000 -99.000000  -9.188357   0.000000   0.000014   0.000146   0.001357  0.000E+00      XHe_cntr

        208   7.630343  2.851E+04   4.566406   4.566406  11.974656  11.974656   0.252479   0.000900   0.242800  -5.849764    934      3
 5.3129E+00   7.630343   0.895824 -22.489322   3.399705  -8.432105   0.000000   0.746164   0.000012   0.001400   0.019216      5
 2.1432E+07   1.017796   4.566089 -11.138110 -99.000000  -9.206151   0.000000   0.000014   0.000146   0.001357  0.000E+00      XHe_cntr

        209   7.632533  2.825E+04   4.578424   4.578424  11.973901  11.973901   0.241626   0.000900   0.242800  -5.861066    935      3
 5.2987E+00   7.632533   0.909721 -22.365682   3.411661  -8.420839   0.000000   0.757017   0.000012   0.001400   0.019405      5
 2.1631E+07   1.019986   4.578101 -11.138110 -99.000000  -9.224664   0.000000   0.000014   0.000146   0.001357  0.000E+00      XHe_cntr


__________________________________________________________________________________________________________________________________________________

       step    lg_Tmax     Teff     lg_LH      lg_Lnuc_tot     Mass       H_rich     H_cntr     N_cntr     Y_surf   eta_cntr   zones  retry
  lg_dt_yrs    lg_Tcntr    lg_R     lg_L3a     lg_Lneu     lg_Mdot    He_core    He_cntr    O_cntr     Z_surf   gam_cntr   iters  
    age_yrs    lg_Dcntr    lg_L     lg_LZ      lg_Lphoto   lg_Dsurf   CO_core    C_cntr     Ne_cntr    Z_cntr   v_div_cs       dt_limit
__________________________________________________________________________________________________________________________________________________

        210   7.634777  2.798E+04   4.590418   4.590418  11.973154  11.973154   0.230773   0.000900   0.242800  -5.872155    944      3
 5.2845E+00   7.634777   0.924134 -22.239768   3.423597  -8.410978   0.000000   0.767870   0.000012   0.001400   0.019603      5
 2.1823E+07   1.022386   4.590089 -99.000000 -99.000000  -9.243988   0.000000   0.000014   0.000146   0.001357  0.000E+00      XHe_cntr

        211   7.637083  2.769E+04   4.602392   4.602392  11.972417  11.972417   0.219920   0.000900   0.242800  -5.883013    944      3
 5.2703E+00   7.637083   0.939110 -22.111307   3.435518  -8.402652   0.000000   0.778723   0.000012   0.001400   0.019811      5
 2.2009E+07   1.025010   4.602056 -99.000000 -99.000000  -9.264218   0.000000   0.000015   0.000146   0.001357  0.000E+00      XHe_cntr

        212   7.639454  2.738E+04   4.614346   4.614346  11.971692  11.971692   0.209066   0.000900   0.242800  -5.893623    955      3
 5.2560E+00   7.639454   0.954675 -21.979998   3.447423  -8.396024   0.000000   0.789577   0.000011   0.001400   0.020029      5
 2.2190E+07   1.027878   4.614005 -11.138110 -99.000000  -9.285408   0.000000   0.000015   0.000146   0.001357  0.000E+00      XHe_cntr

        213   7.641901  2.706E+04   4.626306   4.626306  11.970983  11.970983   0.198210   0.000900   0.242800  -5.903926    965      3
 5.2418E+00   7.641901   0.970915 -21.845409   3.459337  -8.391232   0.000000   0.800433   0.000011   0.001400   0.020257      5
 2.2364E+07   1.031029   4.625958 -99.000000 -99.000000  -9.307685   0.000000   0.000015   0.000146   0.001357  0.000E+00      XHe_cntr

        214   7.644420  2.672E+04   4.638384   4.638384  11.970293  11.970293   0.187453   0.000900   0.242800  -5.913731    974      3
 5.2275E+00   7.644420   0.987957 -21.707754   3.471373  -8.388492   0.000000   0.811190   0.000011   0.001400   0.020494      5
 2.2533E+07   1.034505   4.638031 -99.000000 -99.000000  -9.331250   0.000000   0.000015   0.000146   0.001357  0.000E+00      XHe_cntr

        215   7.647053  2.636E+04   4.650490   4.650490  11.969623  11.969623   0.176578   0.000900   0.242800  -5.923232    989      3
 5.2143E+00   7.647053   1.005876 -21.564786   3.483439  -8.387830   0.000000   0.822065   0.000011   0.001400   0.020747      5
 2.2697E+07   1.038364   4.650128 -99.000000 -99.000000  -9.356184   0.000000   0.000015   0.000146   0.001357  0.000E+00      XHe_cntr

        216   7.649792  2.597E+04   4.662605   4.662605  11.968976  11.968976   0.165697   0.000899   0.242800  -5.932355    990      3
 5.2006E+00   7.649792   1.024672 -21.417059   3.495518  -8.389889   0.000000   0.832946   0.000011   0.001400   0.021013      5
 2.2856E+07   1.042587   4.662237 -99.000000 -99.000000  -9.382519   0.000000   0.000015   0.000146   0.001357  0.000E+00      XHe_cntr

        217   7.652653  2.557E+04   4.674693   4.674693  11.968358  11.968358   0.154788   0.000899   0.242800  -5.941040    985      3
 5.1857E+00   7.652653   1.044374 -21.263773   3.507573  -8.394883   0.000000   0.843855   0.000011   0.001400   0.021293      5
 2.3009E+07   1.047234   4.674318 -10.837080 -99.000000  -9.410333   0.000000   0.000015   0.000146   0.001357  0.000E+00      XHe_cntr

        218   7.655658  2.514E+04   4.686767   4.686767  11.967773  11.967773   0.143841   0.000899   0.242800  -5.949228    980      3
 5.1708E+00   7.655658   1.065086 -21.103904   3.519616  -8.403205   0.000000   0.854802   0.000011   0.001400   0.021589      5
 2.3157E+07   1.052368   4.686385 -99.000000 -99.000000  -9.439814   0.000000   0.000015   0.000146   0.001357  0.000E+00      XHe_cntr

        219   7.658844  2.469E+04   4.698809   4.698809  11.967223  11.967223   0.132785   0.000899   0.242800  -5.956834    987      3
 5.1553E+00   7.658844   1.086916 -20.935537   3.531629  -8.415287   0.000000   0.865858   0.000011   0.001400   0.021905      5
 2.3300E+07   1.058111   4.698418 -99.000000 -99.000000  -9.471159   0.000000   0.000015   0.000146   0.001357  0.000E+00      XHe_cntr


__________________________________________________________________________________________________________________________________________________

       step    lg_Tmax     Teff     lg_LH      lg_Lnuc_tot     Mass       H_rich     H_cntr     N_cntr     Y_surf   eta_cntr   zones  retry
  lg_dt_yrs    lg_Tcntr    lg_R     lg_L3a     lg_Lneu     lg_Mdot    He_core    He_cntr    O_cntr     Z_surf   gam_cntr   iters  
    age_yrs    lg_Dcntr    lg_L     lg_LZ      lg_Lphoto   lg_Dsurf   CO_core    C_cntr     Ne_cntr    Z_cntr   v_div_cs       dt_limit
__________________________________________________________________________________________________________________________________________________

        220   7.662185  2.421E+04   4.710784   4.710784  11.966714  11.966714   0.121855   0.000899   0.242800  -5.963730    988      3
 5.1384E+00   7.662185   1.109747 -20.760359   3.543579  -8.431749   0.000000   0.876788   0.000011   0.001400   0.022234      5
 2.3438E+07   1.064388   4.710390 -99.000000 -99.000000  -9.504269   0.000000   0.000016   0.000146   0.001357  0.000E+00      XHe_cntr

        221   7.665721  2.372E+04   4.722711   4.722711  11.966247  11.966247   0.111002   0.000899   0.242800  -5.969834    996      3
 5.1221E+00   7.665721   1.133690 -20.576352   3.555484  -8.452643   0.000000   0.887641   0.000011   0.001400   0.022578      5
 2.3570E+07   1.071317   4.722316 -99.000000 -99.000000  -9.539380   0.000000   0.000016   0.000146   0.001357  0.000E+00      XHe_cntr

        222   7.669512  2.320E+04   4.734645   4.734645  11.965821  11.965821   0.100172   0.000899   0.242800  -5.975027   1000      3
 5.1076E+00   7.669512   1.158983 -20.380657   3.567398  -8.478531   0.000000   0.898471   0.000010   0.001400   0.022940      5
 2.3698E+07   1.079059   4.734250 -10.837080 -99.000000  -9.576966   0.000000   0.000016   0.000146   0.001357  0.000E+00      XHe_cntr

        223   7.673614  2.263E+04   4.746497   4.746497  11.956914   5.649919   0.089350   0.000899   0.242800  -5.978732    998      3
 5.0937E+00   7.673614   1.186166 -20.170460   3.579231  -7.143938   6.306995   0.909293   0.000010   0.001400   0.023325      5
 2.3822E+07   1.087958   4.746090 -10.536050 -99.000000  -9.618324   0.000000   0.000016   0.000146   0.001357  0.000E+00      XHe_cntr

        224   7.678117  2.204E+04   4.758406   4.758406  11.947011   5.572693   0.078534   0.000899   0.242800  -5.981039   1006      3
 5.0799E+00   7.678117   1.215126 -19.941690   3.591124  -7.084184   6.374317   0.920110   0.000010   0.001400   0.023732      5
 2.3943E+07   1.098113   4.758004 -99.000000 -99.000000  -9.663443   0.000000   0.000016   0.000146   0.001357  0.000E+00      XHe_cntr

        225   7.683099  2.143E+04   4.770206   4.770206  11.937240   5.548333   0.067798   0.000899   0.242800  -5.981543   1002      3
 5.0596E+00   7.683099   1.245604 -19.690968   3.602911  -7.069679   6.388907   0.930846   0.000010   0.001400   0.024159      5
 2.4057E+07   1.109787   4.769816 -11.138110 -99.000000  -9.711994   0.000000   0.000017   0.000146   0.001357  0.000E+00        lgTeff

        226   7.688553  2.082E+04   4.781462   4.781462  11.927977   5.511876   0.057427   0.000899   0.242800  -5.979706   1027      3
 5.0230E+00   7.688553   1.276432 -19.419102   3.614156  -7.056244   6.416102   0.941216   0.000010   0.001400   0.024597      5
 2.4163E+07   1.123087   4.781093 -99.000000 -99.000000  -9.761925   0.000000   0.000017   0.000146   0.001357  0.000E+00    lg_XH_cntr

        227   7.694112  2.024E+04   4.791693   4.791693  11.919630   5.503528   0.048287   0.000899   0.242800  -5.975686   1015      3
 4.9659E+00   7.694112   1.305732 -19.144884   3.624378  -7.044345   6.416102   0.950356   0.000010   0.001400   0.025003      5
 2.4255E+07   1.137025   4.791365 -99.000000 -99.000000  -9.810005   0.000000   0.000017   0.000146   0.001357  0.000E+00    lg_XH_cntr

        228   7.699821  1.973E+04   4.800682   4.800682  11.912355   5.496253   0.040226   0.000898   0.242800  -5.969336   1023      3
 4.8960E+00   7.699821   1.332475 -18.865988   3.633361  -7.034165   6.416102   0.958418   0.000009   0.001400   0.025379      5
 2.4334E+07   1.151785   4.800410 -99.000000 -99.000000  -9.854358   0.000000   0.000017   0.000146   0.001356  0.000E+00    lg_XH_cntr

        229   7.705609  1.929E+04   4.808438   4.808438  11.906142   5.490040   0.033287   0.000898   0.242800  -5.960850   1024      3
 4.8190E+00   7.705609   1.356158 -18.585932   3.641112  -7.025710   6.416102   0.965356   0.000009   0.001400   0.025716      5
 2.4400E+07   1.167148   4.808243 -99.000000 -99.000000  -9.893991   0.000000   0.000018   0.000146   0.001356  0.000E+00    lg_XH_cntr


__________________________________________________________________________________________________________________________________________________

       step    lg_Tmax     Teff     lg_LH      lg_Lnuc_tot     Mass       H_rich     H_cntr     N_cntr     Y_surf   eta_cntr   zones  retry
  lg_dt_yrs    lg_Tcntr    lg_R     lg_L3a     lg_Lneu     lg_Mdot    He_core    He_cntr    O_cntr     Z_surf   gam_cntr   iters  
    age_yrs    lg_Dcntr    lg_L     lg_LZ      lg_Lphoto   lg_Dsurf   CO_core    C_cntr     Ne_cntr    Z_cntr   v_div_cs       dt_limit
__________________________________________________________________________________________________________________________________________________

        230   7.711399  1.892E+04   4.814989   4.814989  11.900947   5.484845   0.027444   0.000898   0.242800  -5.950546   1031      3
 4.7342E+00   7.711399   1.376320 -18.308372   3.647660  -7.018669   6.416102   0.971199   0.000009   0.001400   0.026011      5
 2.4454E+07   1.182860   4.814902 -11.138110 -99.000000  -9.928021   0.000000   0.000018   0.000146   0.001356  0.000E+00    lg_XH_cntr

        231   7.717088  1.862E+04   4.820456   4.820456  11.896655   5.480553   0.022639   0.000898   0.242800  -5.938911   1023      3
 4.6454E+00   7.717088   1.392962 -18.038143   3.653124  -7.012704   6.416102   0.976004   0.000009   0.001400   0.026262      5
 2.4498E+07   1.198570   4.820506 -99.000000 -99.000000  -9.956327   0.000000   0.000018   0.000146   0.001356  0.000E+00    lg_XH_cntr

        232   7.722727  1.839E+04   4.824987   4.824987  11.893121   5.477019   0.018661   0.000898   0.242800  -5.926073   1021      3
 4.5558E+00   7.722727   1.406331 -17.772590   3.657654  -7.007514   6.416102   0.979982   0.000009   0.001400   0.026475      5
 2.4534E+07   1.214383   4.825218 -10.837080 -99.000000  -9.979208   0.000000   0.000018   0.000146   0.001356  0.000E+00    lg_XH_cntr

        233   7.728328  1.821E+04   4.828731   4.828731  11.890214   5.474112   0.015371   0.000898   0.242800  -5.912211   1023      3
 4.4663E+00   7.728328   1.416769 -17.510974   3.661396  -7.002821   6.416102   0.983273   0.000009   0.001400   0.026655      5
 2.4563E+07   1.230299   4.829191 -99.000000 -99.000000  -9.997163   0.000000   0.000019   0.000146   0.001356  0.000E+00    lg_XH_cntr

        234   7.733965  1.808E+04   4.831781   4.831781  11.887829   5.471727   0.012624   0.000897   0.242800  -5.897291   1026      3
 4.3759E+00   7.733965   1.424536 -17.249870   3.664446  -6.998419   6.416102   0.986020   0.000009   0.001400   0.026809      5
 2.4587E+07   1.246498   4.832550 -10.536050 -99.000000 -10.010589   0.000000   0.000019   0.000146   0.001356  0.000E+00    lg_XH_cntr

        235   7.739477  1.799E+04   4.834262   4.834262  11.885881   5.469780   0.010401   0.000897   0.242800  -5.881940   1028      3
 4.2837E+00   7.739477   1.430052 -16.996528   3.666926  -6.994135   6.416102   0.988243   0.000009   0.001400   0.026936      5
 2.4606E+07   1.262476   4.835388 -99.000000 -99.000000 -10.020182   0.000000   0.000019   0.000146   0.001356  0.000E+00    lg_XH_cntr

        236   7.744876  1.794E+04   4.836243   4.836243  11.884289   5.468187   0.008596   0.000897   0.242800  -5.866287   1029      3
 4.1921E+00   7.744876   1.433713 -16.750304   3.668908  -6.989962   6.416102   0.990048   0.000008   0.001400   0.027040      5
 2.4622E+07   1.278236   4.837807 -10.837080 -99.000000 -10.026606   0.000000   0.000019   0.000146   0.001356  0.000E+00    lg_XH_cntr

        237   7.750195  1.792E+04   4.837803   4.837803  11.882977   5.466875   0.007119   0.000897   0.242800  -5.850358   1026      3
 4.1038E+00   7.750195   1.435868 -16.509498   3.670468  -6.985849   6.416102   0.991525   0.000008   0.001400   0.027127      5
 2.4635E+07   1.293855   4.839898 -10.837080 -99.000000 -10.030454   0.000000   0.000020   0.000146   0.001356  0.000E+00    lg_XH_cntr

        238   7.755451  1.792E+04   4.838994   4.838994  11.881890   5.465789   0.005906   0.000897   0.242800  -5.834201   1022      3
 4.0177E+00   7.755451   1.436795 -16.273253   3.671659  -6.981758   6.416102   0.992738   0.000008   0.001400   0.027199      5
 2.4645E+07   1.309366   4.841732 -10.536050 -99.000000 -10.032203   0.000000   0.000020   0.000146   0.001356  0.000E+00    lg_XH_cntr

        239   7.760658  1.794E+04   4.839849   4.839849  11.880988   5.464886   0.004907   0.000896   0.242800  -5.817849   1022      3
 3.9332E+00   7.760658   1.436736 -16.040892   3.672514  -6.977657   6.416102   0.993738   0.000008   0.001400   0.027259      5
 2.4654E+07   1.324795   4.843365 -10.536050 -99.000000 -10.032265   0.000000   0.000020   0.000146   0.001356  0.000E+00    lg_XH_cntr


__________________________________________________________________________________________________________________________________________________

       step    lg_Tmax     Teff     lg_LH      lg_Lnuc_tot     Mass       H_rich     H_cntr     N_cntr     Y_surf   eta_cntr   zones  retry
  lg_dt_yrs    lg_Tcntr    lg_R     lg_L3a     lg_Lneu     lg_Mdot    He_core    He_cntr    O_cntr     Z_surf   gam_cntr   iters  
    age_yrs    lg_Dcntr    lg_L     lg_LZ      lg_Lphoto   lg_Dsurf   CO_core    C_cntr     Ne_cntr    Z_cntr   v_div_cs       dt_limit
__________________________________________________________________________________________________________________________________________________

        240   7.765821  1.797E+04   4.840389   4.840389  11.880235   5.464133   0.004081   0.000896   0.242800  -5.801342   1024      3
 3.8501E+00   7.765821   1.435885 -15.812042   3.673055  -6.973535   6.416102   0.994563   0.000008   0.001400   0.027310      5
 2.4661E+07   1.340151   4.844842 -99.000000 -99.000000 -10.030976   0.000000   0.000020   0.000146   0.001356  0.000E+00    lg_XH_cntr

        241   7.770942  1.802E+04   4.840624   4.840624  11.879606   5.463504   0.003399   0.000896   0.242800  -5.784721   1023      3
 3.7682E+00   7.770942   1.434431 -15.586541   3.673291  -6.969384   6.416102   0.995246   0.000008   0.001400   0.027353      5
 2.4667E+07   1.355434   4.846196 -99.000000 -99.000000 -10.028657   0.000000   0.000021   0.000146   0.001356  0.000E+00    lg_XH_cntr

        242   7.776022  1.807E+04   4.840556   4.840556  11.879078   5.462977   0.002834   0.000896   0.242800  -5.768028   1023      3
 3.6874E+00   7.776022   1.432520 -15.364350   3.673223  -6.965220   6.416102   0.995811   0.000008   0.001400   0.027389      5
 2.4671E+07   1.370635   4.847459 -99.000000 -99.000000 -10.025560   0.000000   0.000021   0.000146   0.001356  0.000E+00    lg_XH_cntr

        243   7.781053  1.813E+04   4.840189   4.840189  11.878635   5.462533   0.002366   0.000895   0.242800  -5.751322   1034      3
 3.6078E+00   7.781053   1.430292 -15.145737   3.672857  -6.961044   6.416102   0.996278   0.000008   0.001400   0.027419      5
 2.4676E+07   1.385724   4.848656 -99.000000 -99.000000 -10.021923   0.000000   0.000021   0.000146   0.001356  0.000E+00    lg_XH_cntr

        244   7.786071  1.819E+04   4.839429   4.839429  11.878261   5.462159   0.001976   0.000895   0.242800  -5.734494   1036      3
 3.5295E+00   7.786071   1.427829 -14.928988   3.672098  -6.956862   6.416102   0.996668   0.000008   0.001400   0.027446      5
 2.4679E+07   1.400817   4.849811 -10.359959 -99.000000 -10.017892   0.000000   0.000021   0.000146   0.001356  0.000E+00    lg_XH_cntr

        245   7.791112  1.826E+04   4.838199   4.838199  11.877945   5.461844   0.001648   0.000895   0.242800  -5.717443   1042      3
 3.4519E+00   7.791112   1.425221 -14.712605   3.670869  -6.952665   6.416102   0.996996   0.000008   0.001400   0.027469      5
 2.4682E+07   1.416014   4.850954 -99.000000 -99.000000 -10.013620   0.000000   0.000021   0.000146   0.001356  0.000E+00    lg_XH_cntr

        246   7.796219  1.833E+04   4.836318   4.836318  11.877680   5.461578   0.001370   0.000895   0.242800  -5.700014   1043      3
 3.3732E+00   7.796219   1.422542 -14.494631   3.668989  -6.948424   6.416102   0.997275   0.000008   0.001400   0.027490      5
 2.4684E+07   1.431456   4.852107 -10.536050 -99.000000 -10.009238   0.000000   0.000022   0.000146   0.001355  0.000E+00    lg_XH_cntr

        247   7.801194  1.839E+04   4.834337   4.834337  11.877457   5.461355   0.001144   0.000894   0.242800  -5.682932   1048      3
 3.2920E+00   7.801194   1.419888 -14.283506   3.667010  -6.944120   6.416102   0.997500   0.000008   0.001400   0.027508      5
 2.4686E+07   1.446524   4.853230 -99.000000 -99.000000 -10.004901   0.000000   0.000022   0.000146   0.001355  0.000E+00    lg_XH_cntr

        248   7.806109  1.846E+04   4.831591   4.831591  11.877269   5.461168   0.000957   0.000894   0.242800  -5.665946   1048      3
 3.2124E+00   7.806109   1.417327 -14.076037   3.664265  -6.939907   6.416102   0.997688   0.000008   0.001400   0.027524      5
 2.4688E+07   1.461443   4.854346 -99.000000 -99.000000 -10.000727   0.000000   0.000022   0.000146   0.001355  0.000E+00    lg_XH_cntr

        249   7.811035  1.852E+04   4.827913   4.827913  11.877111   5.461009   0.000798   0.000894   0.242800  -5.648801   1054      3
 3.1359E+00   7.811035   1.414892 -13.869025   3.660589  -6.935763   6.416102   0.997847   0.000008   0.001400   0.027539      5
 2.4689E+07   1.476437   4.855484 -99.000000 -99.000000  -9.996773   0.000000   0.000022   0.000146   0.001355  0.000E+00    lg_XH_cntr


__________________________________________________________________________________________________________________________________________________

       step    lg_Tmax     Teff     lg_LH      lg_Lnuc_tot     Mass       H_rich     H_cntr     N_cntr     Y_surf   eta_cntr   zones  retry
  lg_dt_yrs    lg_Tcntr    lg_R     lg_L3a     lg_Lneu     lg_Mdot    He_core    He_cntr    O_cntr     Z_surf   gam_cntr   iters  
    age_yrs    lg_Dcntr    lg_L     lg_LZ      lg_Lphoto   lg_Dsurf   CO_core    C_cntr     Ne_cntr    Z_cntr   v_div_cs       dt_limit
__________________________________________________________________________________________________________________________________________________

        250   7.815866  1.859E+04   4.823823   4.823823  11.876977   5.460875   0.000668   0.000894   0.242800  -5.631895   1055      3
 3.0580E+00   7.815866   1.412625 -13.666855   3.656502  -6.931632   6.416102   0.997977   0.000007   0.001400   0.027552      5
 2.4690E+07   1.491172   4.856621 -10.837080 -99.000000  -9.993108   0.000000   0.000023   0.000146   0.001355  0.000E+00    lg_XH_cntr

save LOGS/profile6.data for model 250
save photos/x250 for model 250
        251   7.820606  1.864E+04   4.818838   4.818838  11.876864   5.460762   0.000560   0.000893   0.242800  -5.615215   1051      3
 2.9809E+00   7.820606   1.410544 -13.469150   3.651519  -6.927596   6.416102   0.998085   0.000007   0.001400   0.027565      5
 2.4691E+07   1.505661   4.857754 -10.359959 -99.000000  -9.989762   0.000000   0.000023   0.000146   0.001355  0.000E+00    lg_XH_cntr

        252   7.825329  1.869E+04   4.812296   4.812296  11.876768   5.460666   0.000468   0.000893   0.242800  -5.598488   1062      3
 2.9064E+00   7.825329   1.408656 -13.272584   3.644980  -6.923672   6.416102   0.998177   0.000007   0.001400   0.027578      5
 2.4692E+07   1.520139   4.858900 -99.000000 -99.000000  -9.986745   0.000000   0.000023   0.000146   0.001355  0.000E+00    lg_XH_cntr

        253   7.829974  1.874E+04   4.804767   4.804767  11.876687   5.460585   0.000392   0.000893   0.242800  -5.581943   1064      3
 2.8307E+00   7.829974   1.406974 -13.079486   3.637454  -6.919817   6.416102   0.998253   0.000007   0.001400   0.027590      5
 2.4693E+07   1.534413   4.860045 -10.235020 -99.000000  -9.984076   0.000000   0.000023   0.000146   0.001355  0.000E+00    lg_XH_cntr

        254   7.834489  1.879E+04   4.796216   4.796216  11.876618   5.460516   0.000329   0.000893   0.242800  -5.565777   1064      3
 2.7543E+00   7.834489   1.405497 -12.891734   3.628907  -6.916077   6.416102   0.998316   0.000007   0.001400   0.027602      4
 2.4693E+07   1.548321   4.861168 -99.000000 -99.000000  -9.981752   0.000000   0.000024   0.000146   0.001355  0.000E+00    lg_XH_cntr

        255   7.838859  1.883E+04   4.786630   4.786630  11.876559   5.460457   0.000277   0.000893   0.242800  -5.550058   1063      3
 2.6802E+00   7.838859   1.404210 -12.709731   3.619324  -6.912501   6.416102   0.998368   0.000007   0.001400   0.027614      3
 2.4694E+07   1.561810   4.862262 -10.660989 -99.000000  -9.979744   0.000000   0.000024   0.000146   0.001355  0.000E+00    lg_XH_cntr

        256   7.843069  1.886E+04   4.776156   4.776156  11.876509   5.460407   0.000234   0.000892   0.242800  -5.534847   1064      3
 2.6091E+00   7.843069   1.403091 -12.533781   3.608855  -6.909098   6.416102   0.998411   0.000007   0.001400   0.027625      3
 2.4694E+07   1.574832   4.863321 -10.536050 -99.000000  -9.978016   0.000000   0.000024   0.000146   0.001355  0.000E+00    lg_XH_cntr

        257   7.847204  1.890E+04   4.762630   4.762630  11.876466   5.460364   0.000197   0.000892   0.242800  -5.519829   1070      3
 2.5416E+00   7.847204   1.402116 -12.360072   3.595334  -6.905873   6.416102   0.998448   0.000007   0.001400   0.027636      3
 2.4694E+07   1.587654   4.864360 -10.660989 -99.000000  -9.976526   0.000000   0.000024   0.000146   0.001355  0.000E+00    lg_XH_cntr

        258   7.851168  1.892E+04   4.749064   4.749064  11.876429   5.460327   0.000166   0.000892   0.242800  -5.505369   1065      3
 2.4731E+00   7.851168   1.401278 -12.192342   3.581774  -6.902776   6.416102   0.998479   0.000007   0.001400   0.027647      3
 2.4695E+07   1.599972   4.865354 -10.536050 -99.000000  -9.975262   0.000000   0.000024   0.000146   0.001355  0.000E+00    lg_XH_cntr

        259   7.854966  1.895E+04   4.733758   4.733758  11.876396   5.460295   0.000141   0.000892   0.242800  -5.491458   1076      3
 2.4061E+00   7.854966   1.400560 -12.030234   3.566473  -6.899863   6.416102   0.998504   0.000007   0.001400   0.027658      3
 2.4695E+07   1.611797   4.866303 -10.183867 -99.000000  -9.974192   0.000000   0.000025   0.000146   0.001355  0.000E+00    lg_XH_cntr


__________________________________________________________________________________________________________________________________________________

       step    lg_Tmax     Teff     lg_LH      lg_Lnuc_tot     Mass       H_rich     H_cntr     N_cntr     Y_surf   eta_cntr   zones  retry
  lg_dt_yrs    lg_Tcntr    lg_R     lg_L3a     lg_Lneu     lg_Mdot    He_core    He_cntr    O_cntr     Z_surf   gam_cntr   iters  
    age_yrs    lg_Dcntr    lg_L     lg_LZ      lg_Lphoto   lg_Dsurf   CO_core    C_cntr     Ne_cntr    Z_cntr   v_div_cs       dt_limit
__________________________________________________________________________________________________________________________________________________

        260   7.858617  1.897E+04   4.717111   4.717111  11.876368   5.460267   0.000120   0.000891   0.242800  -5.478030   1077      3
 2.3440E+00   7.858617   1.399941 -11.872765   3.549833  -6.897126   6.416102   0.998525   0.000007   0.001400   0.027669      3
 2.4695E+07   1.623188   4.867214 -10.058929 -99.000000  -9.973284   0.000000   0.000025   0.000146   0.001355  0.000E+00    lg_XH_cntr

        261   7.862121  1.900E+04   4.698707   4.698707  11.876344   5.460242   0.000102   0.000891   0.242800  -5.465093   1075      3
 2.2834E+00   7.862121   1.399406 -11.719851   3.531437  -6.894538   6.416102   0.998543   0.000007   0.001400   0.027679      3
 2.4695E+07   1.634142   4.868079  -9.907661 -99.000000  -9.972510   0.000000   0.000025   0.000146   0.001355  0.000E+00    lg_XH_cntr

        262   7.865480  1.901E+04   4.678586   4.678586  11.876322   5.460221   0.000087   0.000891   0.242800  -5.452645   1077      3
 2.2248E+00   7.865480   1.398944 -11.571399   3.511324  -6.892108   6.416102   0.998558   0.000007   0.001400   0.027690      3
 2.4696E+07   1.644661   4.868900  -9.882837 -99.000000  -9.971854   0.000000   0.000025   0.000146   0.001355  0.000E+00    lg_XH_cntr

        263   7.868684  1.903E+04   4.657105   4.657105  11.876304   5.460202   0.000074   0.000891   0.242800  -5.440726   1080      3
 2.1673E+00   7.868684   1.398547 -11.427828   3.489853  -6.889826   6.416102   0.998571   0.000007   0.001400   0.027700      3
 2.4696E+07   1.654715   4.869676  -9.776382 -99.000000  -9.971299   0.000000   0.000025   0.000146   0.001355  0.000E+00    lg_XH_cntr

        264   7.871732  1.905E+04   4.634626   4.634626  11.876287   5.460185   0.000064   0.000891   0.242800  -5.429349   1080      3
 2.1120E+00   7.871732   1.398205 -11.289326   3.467384  -6.887688   6.416102   0.998581   0.000007   0.001400   0.027710      3
 2.4696E+07   1.664296   4.870409  -9.690952 -99.000000  -9.970830   0.000000   0.000025   0.000146   0.001355  0.000E+00    lg_XH_cntr

        265   7.874638  1.906E+04   4.610651   4.610651  11.876272   5.460170   0.000055   0.000891   0.242800  -5.418468   1079      3
 2.0599E+00   7.874638   1.397908 -11.155426   3.443421  -6.885688   6.416102   0.998591   0.000007   0.001400   0.027720      3
 2.4696E+07   1.673445   4.871103  -9.632960 -99.000000  -9.970432   0.000000   0.000026   0.000146   0.001355  0.000E+00    lg_XH_cntr

        266   7.877412  1.907E+04   4.584965   4.584965  11.876258   5.460157   0.000047   0.000890   0.242800  -5.408048   1079      3
 2.0103E+00   7.877412   1.397650 -11.025845   3.417747  -6.883811   6.416102   0.998598   0.000007   0.001400   0.027729      3
 2.4696E+07   1.682192   4.871758  -9.558326 -99.000000  -9.970093   0.000000   0.000026   0.000146   0.001355  0.000E+00    lg_XH_cntr

        267   7.880057  1.909E+04   4.556727   4.556727  11.876246   5.460145   0.000040   0.000890   0.242800  -5.398075   1075      3
 1.9616E+00   7.880057   1.397425 -10.900550   3.389522  -6.882048   6.416102   0.998605   0.000007   0.001400   0.027739      3
 2.4696E+07   1.690551   4.872377  -9.466012 -99.000000  -9.969804   0.000000   0.000026   0.000146   0.001355  0.000E+00    lg_XH_cntr

        268   7.882548  1.910E+04   4.530086   4.530086  11.876236   5.460134   0.000035   0.000890   0.242800  -5.388661   1074      3
 1.9121E+00   7.882548   1.397230 -10.781091   3.362897  -6.880393   6.416102   0.998610   0.000007   0.001400   0.027748      3
 2.4696E+07   1.698431   4.872956  -9.397747 -99.000000  -9.969561   0.000000   0.000026   0.000146   0.001355  0.000E+00    lg_XH_cntr

        269   7.884921  1.911E+04   4.500626   4.500626  11.876226   5.460124   0.000030   0.000890   0.242800  -5.379665   1077      3
 1.8684E+00   7.884921   1.397059 -10.665895   3.333453  -6.878854   6.416102   0.998615   0.000007   0.001400   0.027756      3
 2.4696E+07   1.705950   4.873503  -9.331930 -99.000000  -9.969353   0.000000   0.000026   0.000146   0.001355  0.000E+00    lg_XH_cntr


__________________________________________________________________________________________________________________________________________________

       step    lg_Tmax     Teff     lg_LH      lg_Lnuc_tot     Mass       H_rich     H_cntr     N_cntr     Y_surf   eta_cntr   zones  retry
  lg_dt_yrs    lg_Tcntr    lg_R     lg_L3a     lg_Lneu     lg_Mdot    He_core    He_cntr    O_cntr     Z_surf   gam_cntr   iters  
    age_yrs    lg_Dcntr    lg_L     lg_LZ      lg_Lphoto   lg_Dsurf   CO_core    C_cntr     Ne_cntr    Z_cntr   v_div_cs       dt_limit
__________________________________________________________________________________________________________________________________________________

        270   7.887186  1.912E+04   4.471208   4.471208  11.876217   5.460115   0.000026   0.000890   0.242800  -5.371059   1081      3
 1.8280E+00   7.887186   1.396908 -10.554749   3.304053  -6.877407   6.416102   0.998619   0.000007   0.001400   0.027765      3
 2.4696E+07   1.713134   4.874021  -9.257296 -99.000000  -9.969175   0.000000   0.000026   0.000146   0.001355  0.000E+00    lg_XH_cntr

        271   7.889339  1.912E+04   4.440733   4.440733  11.876209   5.460107   0.000023   0.000890   0.242800  -5.362855   1083      3
 1.7877E+00   7.889339   1.396775 -10.447968   3.273598  -6.876042   6.416102   0.998623   0.000007   0.001400   0.027773      3
 2.4696E+07   1.719975   4.874512  -9.176689 -99.000000  -9.969022   0.000000   0.000026   0.000146   0.001355  0.000E+00    lg_XH_cntr

        272   7.891399  1.913E+04   4.408774   4.408774  11.876201   5.460100   0.000020   0.000890   0.242800  -5.354986   1078      3
 1.7513E+00   7.891399   1.396658 -10.344826   3.241660  -6.874755   6.416102   0.998626   0.000007   0.001400   0.027782      3
 2.4696E+07   1.726528   4.874976  -9.140287 -99.000000  -9.968892   0.000000   0.000026   0.000146   0.001355  0.000E+00    lg_XH_cntr

        273   7.893362  1.914E+04   4.376327   4.376327  11.876194   5.460093   0.000017   0.000890   0.242800  -5.347473   1076      3
 1.7147E+00   7.893362   1.396554 -10.245724   3.209238  -6.873542   6.416102   0.998628   0.000007   0.001400   0.027789      3
 2.4697E+07   1.732779   4.875416  -9.081205 -99.000000  -9.968781   0.000000   0.000026   0.000146   0.001355  0.000E+00    lg_XH_cntr

        274   7.895232  1.914E+04   4.342846   4.342846  11.876188   5.460086   0.000015   0.000890   0.242800  -5.340296   1079      3
 1.6796E+00   7.895232   1.396461 -10.150552   3.175782  -6.872396   6.416102   0.998631   0.000007   0.001400   0.027797      3
 2.4697E+07   1.738742   4.875833  -9.039466 -99.000000  -9.968687   0.000000   0.000026   0.000146   0.001355  0.000E+00    lg_XH_cntr

        275   7.897018  1.915E+04   4.308128   4.308128  11.876182   5.460080   0.000013   0.000890   0.242800  -5.333429   1069      3
 1.6464E+00   7.897018   1.396379 -10.059039   3.141094  -6.871314   6.416102   0.998632   0.000007   0.001400   0.027805      3
 2.4697E+07   1.744443   4.876228  -8.985821 -99.000000  -9.968606   0.000000   0.000027   0.000146   0.001355  0.000E+00    lg_XH_cntr

        276   7.898717  1.916E+04   4.273584   4.273584  11.876176   5.460075   0.000011   0.000889   0.242800  -5.326881   1070      3
 1.6132E+00   7.898717   1.396307  -9.971422   3.106582  -6.870290   6.416102   0.998634   0.000007   0.001400   0.027812      3
 2.4697E+07   1.749873   4.876603  -8.938081 -99.000000  -9.968539   0.000000   0.000027   0.000146   0.001355  0.000E+00    lg_XH_cntr

        277   7.900341  1.916E+04   4.237294   4.237294  11.876171   5.460070   0.000010   0.000889   0.242800  -5.320610   1068      3
 1.5825E+00   7.900341   1.396242  -9.887212   3.070326  -6.869323   6.416102   0.998636   0.000007   0.001400   0.027819      3
 2.4697E+07   1.755068   4.876959  -8.895072 -99.000000  -9.968482   0.000000   0.000027   0.000146   0.001355  0.000E+00    lg_XH_cntr

        278   7.901890  1.917E+04   4.201285   4.201285  11.876166   5.460065   0.000009   0.000889   0.242800  -5.314615   1063      3
 1.5525E+00   7.901890   1.396185  -9.806460   3.034356  -6.868406   6.416102   0.998637   0.000007   0.001400   0.027826      3
 2.4697E+07   1.760031   4.877297  -8.849190 -99.000000  -9.968435   0.000000   0.000027   0.000146   0.001355  0.000E+00    lg_XH_cntr

        279   7.903370  1.917E+04   4.162726   4.162726  11.876162   5.460060   0.000007   0.000889   0.242800  -5.308874   1063      3
 1.5235E+00   7.903370   1.396134  -9.728958   2.995840  -6.867538   6.416102   0.998638   0.000007   0.001400   0.027832      3
 2.4697E+07   1.764777   4.877618  -8.808204 -99.000000  -9.968396   0.000000   0.000027   0.000146   0.001355  0.000E+00    lg_XH_cntr


__________________________________________________________________________________________________________________________________________________

       step    lg_Tmax     Teff     lg_LH      lg_Lnuc_tot     Mass       H_rich     H_cntr     N_cntr     Y_surf   eta_cntr   zones  retry
  lg_dt_yrs    lg_Tcntr    lg_R     lg_L3a     lg_Lneu     lg_Mdot    He_core    He_cntr    O_cntr     Z_surf   gam_cntr   iters  
    age_yrs    lg_Dcntr    lg_L     lg_LZ      lg_Lphoto   lg_Dsurf   CO_core    C_cntr     Ne_cntr    Z_cntr   v_div_cs       dt_limit
__________________________________________________________________________________________________________________________________________________

        280   7.904778  1.918E+04   4.125273   4.125273  11.876158   5.460056   0.000007   0.000889   0.242800  -5.303404   1061      3
 1.4937E+00   7.904778   1.396089  -9.654955   2.958434  -6.866713   6.416102   0.998639   0.000007   0.001400   0.027839      3
 2.4697E+07   1.769296   4.877923  -8.768894 -99.000000  -9.968364   0.000000   0.000027   0.000146   0.001355  0.000E+00    lg_XH_cntr

        281   7.906117  1.918E+04   4.088229   4.088229  11.876154   5.460052   0.000006   0.000889   0.242800  -5.298191   1063      3
 1.4650E+00   7.906117   1.396049  -9.584305   2.921440  -6.865934   6.416102   0.998640   0.000007   0.001400   0.027845      3
 2.4697E+07   1.773599   4.878212  -8.732849 -99.000000  -9.968339   0.000000   0.000027   0.000146   0.001355  0.000E+00    lg_XH_cntr

        282   7.907409  1.918E+04   4.050194   4.050194  11.876150   5.460048   0.000005   0.000889   0.242800  -5.293157   1063      3
 1.4425E+00   7.907409   1.396013  -9.515990   2.883463  -6.865196   6.416102   0.998640   0.000007   0.001400   0.027851      3
 2.4697E+07   1.777751   4.878490  -8.696808 -99.000000  -9.968319   0.000000   0.000027   0.000146   0.001355  0.000E+00    lg_XH_cntr

        283   7.908653  1.919E+04   4.010383   4.010383  11.876146   5.460045   0.000004   0.000889   0.242800  -5.288298   1063      3
 1.4203E+00   7.908653   1.395981  -9.449979   2.843715  -6.864489   6.416102   0.998641   0.000007   0.001400   0.027857      3
 2.4697E+07   1.781756   4.878756  -8.663166 -99.000000  -9.968305   0.000000   0.000027   0.000146   0.001355  0.000E+00    lg_XH_cntr

        284   7.909841  1.919E+04   3.971487   3.971487  11.876143   5.460041   0.000004   0.000889   0.242800  -5.283651   1068      3
 1.3951E+00   7.909841   1.395953  -9.386791   2.804889  -6.863811   6.416102   0.998642   0.000007   0.001400   0.027862      3
 2.4697E+07   1.785583   4.879010  -8.630254 -99.000000  -9.968295   0.000000   0.000027   0.000146   0.001355  0.000E+00    lg_XH_cntr

        285   7.910979  1.919E+04   3.932315   3.932315  11.876140   5.460038   0.000003   0.000889   0.242800  -5.279194   1064      3
 1.3714E+00   7.910979   1.395929  -9.326140   2.765794  -6.863167   6.416102   0.998642   0.000007   0.001400   0.027868      3
 2.4697E+07   1.789251   4.879253  -8.598407 -99.000000  -9.968289   0.000000   0.000027   0.000146   0.001355  0.000E+00    lg_XH_cntr

        286   7.912076  1.920E+04   3.891482   3.891482  11.876137   5.460035   0.000003   0.000889   0.242800  -5.274890   1061      3
 1.3510E+00   7.912076   1.395907  -9.267563   2.725049  -6.862553   6.416102   0.998642   0.000007   0.001400   0.027873      3
 2.4697E+07   1.792790   4.879486  -8.569468 -99.000000  -9.968286   0.000000   0.000027   0.000146   0.001355  0.000E+00    lg_XH_cntr

        287   7.913126  1.920E+04   3.850732   3.850732  11.876134   5.460032   0.000003   0.000889   0.242800  -5.270765   1059      3
 1.3281E+00   7.913126   1.395888  -9.211395   2.684395  -6.861964   6.416102   0.998643   0.000007   0.001400   0.027878      3
 2.4697E+07   1.796181   4.879708  -8.540415 -99.000000  -9.968286   0.000000   0.000027   0.000146   0.001355  0.000E+00    lg_XH_cntr

        288   7.914129  1.920E+04   3.808962   3.808962  11.876131   5.460029   0.000002   0.000889   0.242800  -5.266818   1059      3
 1.3045E+00   7.914129   1.395872  -9.157666   2.642732  -6.861403   6.416102   0.998643   0.000007   0.001400   0.027883      3
 2.4697E+07   1.799422   4.879920  -8.513312 -99.000000  -9.968289   0.000000   0.000027   0.000146   0.001355  0.000E+00    lg_XH_cntr

        289   7.915086  1.921E+04   3.769612   3.769612  11.876128   5.460027   0.000002   0.000889   0.242800  -5.263046   1056      3
 1.2812E+00   7.915086   1.395857  -9.106316   2.603497  -6.860868   6.416102   0.998643   0.000007   0.001400   0.027888      3
 2.4697E+07   1.802518   4.880122  -8.487074 -99.000000  -9.968295   0.000000   0.000027   0.000146   0.001355  0.000E+00    lg_XH_cntr


__________________________________________________________________________________________________________________________________________________

       step    lg_Tmax     Teff     lg_LH      lg_Lnuc_tot     Mass       H_rich     H_cntr     N_cntr     Y_surf   eta_cntr   zones  retry
  lg_dt_yrs    lg_Tcntr    lg_R     lg_L3a     lg_Lneu     lg_Mdot    He_core    He_cntr    O_cntr     Z_surf   gam_cntr   iters  
    age_yrs    lg_Dcntr    lg_L     lg_LZ      lg_Lphoto   lg_Dsurf   CO_core    C_cntr     Ne_cntr    Z_cntr   v_div_cs       dt_limit
__________________________________________________________________________________________________________________________________________________

        290   7.916009  1.921E+04   3.726838   3.726838  11.876126   5.460024   0.000002   0.000889   0.242800  -5.259404   1057      3
 1.2626E+00   7.916009   1.395845  -9.056737   2.560857  -6.860360   6.416102   0.998644   0.000007   0.001400   0.027893      2
 2.4697E+07   1.805506   4.880317  -8.461988 -99.000000  -9.968302   0.000000   0.000027   0.000146   0.001355  0.000E+00    lg_XH_cntr

        291   7.916895  1.921E+04   3.685856   3.685856  11.876123   5.460022   0.000002   0.000889   0.242800  -5.255904   1054      3
 1.2421E+00   7.916895   1.395835  -9.009113   2.520020  -6.859871   6.416102   0.998644   0.000007   0.001400   0.027897      3
 2.4697E+07   1.808375   4.880503  -8.438055 -99.000000  -9.968312   0.000000   0.000027   0.000146   0.001355  0.000E+00    lg_XH_cntr

        292   7.917741  1.921E+04   3.645865   3.645865  11.876121   5.460019   0.000001   0.000889   0.242800  -5.252559   1054      3
 1.2197E+00   7.917741   1.395826  -8.963618   2.480185  -6.859404   6.416102   0.998644   0.000007   0.001400   0.027902      3
 2.4697E+07   1.811116   4.880681  -8.415168 -99.000000  -9.968323   0.000000   0.000027   0.000146   0.001355  0.000E+00    lg_XH_cntr

        293   7.918562  1.921E+04   3.605744   3.605744  11.876119   5.460017   0.000001   0.000889   0.242800  -5.249310   1051      3
 1.2046E+00   7.918562   1.395819  -8.919426   2.440239  -6.858959   6.416102   0.998644   0.000007   0.001400   0.027906      3
 2.4697E+07   1.813777   4.880853  -8.392742 -99.000000  -9.968336   0.000000   0.000027   0.000146   0.001355  0.000E+00    lg_XH_cntr

        294   7.919359  1.922E+04   3.564626   3.564626  11.876117   5.460015   0.000001   0.000889   0.242800  -5.246152   1053      3
 1.1900E+00   7.919359   1.395813  -8.876509   2.399317  -6.858529   6.416102   0.998644   0.000007   0.001400   0.027910      3
 2.4697E+07   1.816361   4.881020  -8.371093 -99.000000  -9.968350   0.000000   0.000027   0.000146   0.001355  0.000E+00    lg_XH_cntr


stop because have dropped below central lower limit for h1
    0.9341708727E-06    0.1000000000E-05

        295   7.920128  1.922E+04   3.523367   3.523367  11.876115   5.460013   0.000001   0.000889   0.242800  -5.243101   1049      3
 1.1730E+00   7.920128   1.395808  -8.835054   2.358276  -6.858112   6.416102   0.998645   0.000007   0.001400   0.027914      3
 2.4697E+07   1.818858   4.881181  -8.350251 -99.000000  -9.968366   0.000000   0.000027   0.000146   0.001355  0.000E+00    lg_XH_cntr

save LOGS/profile7.data for model 295
                                         solver retries           4

                                    varcontrol dt limit          45
                                  max increase dt limit         189
                                        lgTeff dt limit          33
                                    lgRho_cntr dt limit          33
                                    lg_XH_cntr dt limit          70
                                      XHe_cntr dt limit          56

 model saved to M12_Z0.0014_exponential_fov0.10_f00.005.mod
save photos/x295 for model 295
termination code: xa_central_lower_limit
finished custom colors
__________________________________________________________________________________________________________________________________________________

       step    lg_Tmax     Teff     lg_LH      lg_Lnuc_tot     Mass       H_rich     H_cntr     N_cntr     Y_surf   eta_cntr   zones  retry
  lg_dt_yrs    lg_Tcntr    lg_R     lg_L3a     lg_Lneu     lg_Mdot    He_core    He_cntr    O_cntr     Z_surf   gam_cntr   iters  
    age_yrs    lg_Dcntr    lg_L     lg_LZ      lg_Lphoto   lg_Dsurf   CO_core    C_cntr     Ne_cntr    Z_cntr   v_div_cs       dt_limit
__________________________________________________________________________________________________________________________________________________

        295   7.920128  1.922E+04   3.523367   3.523367  11.876115   5.460013   0.000001   0.000889   0.242800  -5.243101   1049      3
 1.1730E+00   7.920128   1.395808  -8.835054   2.358276  -6.858112   6.416102   0.998645   0.000007   0.001400   0.027914      3
 2.4697E+07   1.818858   4.881181  -8.350251 -99.000000  -9.968366   0.000000   0.000027   0.000146   0.001355  0.000E+00  max increase

