 reading user weak rate file /home/njm/MESA/mesa-2025-summerschool-prerelease/data/rates_data/rate_tables/S13_r_be7_wk_li7.h5
 version_number 5d9f195f
 read inlist_project
 Extras startup routine
 DEBUG: colors_handle =            1
 DEBUG: colors instrument = /colors/data/filters/GAIA/GAIA
 DEBUG: colors vega_sed = /colors/data/stellar_models/vega_flam.csv
 DEBUG: colors stellar_atm = /colors/data/stellar_models/Kurucz2003all/
 DEBUG: colors metallicity =   0.57999999999999996     
 DEBUG: colors distance =    30857000000000000.     
 DEBUG: colors make_csv =  F
 DEBUG: colors use_colors =  T


 The terminal output contains the following information

      'step' is the number of steps since the start of the run,
      'lg_dt' is log10 timestep in years,
      'age_yr' is the simulated years since the start run,
      'lg_Tcntr' is log10 center temperature (K),
      'lg_Dcntr' is log10 center density (g/cm^3),
      'lg_Tmax' is log10 max temperature (K),
      'Teff' is the surface temperature (K),
      'lg_R' is log10 surface radius (Rsun),
      'lg_L' is log10 surface luminosity (Lsun),
      'lg_LH' is log10 total PP and CNO hydrogen burning power (Lsun),
      'lg_L3a' is log10 total triple-alpha helium burning power (Lsun),
      'lg_gsurf' is log10 surface gravity,
      'lg_Lnuc' is log10 nuclear power (Lsun),
      'lg_Lneu' is log10 total neutrino power (Lsun),
      'lg_Lphoto' is log10 total photodisintegration (Lsun),
      'Mass' is the total stellar baryonic mass (Msun),
      'lg_Mdot' is log10 magnitude of rate of change of mass (Msun/year),
      'lg_Dsurf' is log10 surface density (g/cm^3),
      'H_env' is the amount of mass where H is dominant,
      'He_core' is the largest mass where He is dominant.
      'CO_core' is the largest mass where CO is dominant.
      'H_cntr' is the center H1 mass fraction,
      'He_cntr' is the center He4 mass fraction,
      'C_cntr' is the center C12 mass fraction,
      'N_cntr' is the center N14 mass fraction,
      'O_cntr' is the center O16 mass fraction,
      'Ne_cntr' is the center Ne20 mass fraction,
      'gam_cntr' is the center plasma interaction parameter,
      'eta_cntr' is the center electron degeneracy parameter,
      'zones' is the number of zones in the current model,
      'iters' is the number of solver iterations for the current step,
      'retry' is the number of step retries required during the run,
      'dt_limit' is an indication of what limited the timestep.

 All this and more are saved in the LOGS directory during the run.
 create pre-main-sequence model
                                          species  mass           8    2.0000000000000000D+00

                                        relax_num_steps         100

 retry:  logRho > hydro_mtx_max_allowed_logRho          26       1
          1   5.479706   5651.220 -21.136458 -21.136458   2.000000   2.000000   0.718000   0.000707   0.268000  -9.349508   1560      1
-5.3010E+00   5.479706   1.755818 -99.000000 -22.534327 -99.000000   0.000000   0.268000   0.006566   0.014000   0.045007     19
 5.0000E-06  -3.866581   3.474899 -99.000000 -99.000000  -8.797620   0.000000   0.002413   0.001460   0.014000  0.000E+00         retry

          2   5.477936   5537.241 -21.136618 -21.136618   2.000000   2.000000   0.718000   0.000707   0.268000  -9.343409    829      1
-5.0000E+00   5.477721   1.754868 -99.000000 -22.534486 -99.000000   0.000000   0.268000   0.006566   0.014000   0.045202      3
 1.5000E-05  -3.866907   3.437602 -99.000000 -99.000000  -8.710793   0.000000   0.002413   0.001460   0.014000  0.000E+00  max increase

          3   5.477489   5439.979 -21.136899 -21.136899   2.000000   2.000000   0.718000   0.000707   0.268000  -9.341424    523      1
-5.0000E+00   5.477452   1.754178 -99.000000 -22.534767 -99.000000   0.000000   0.268000   0.006566   0.014000   0.045246      3
 2.5000E-05  -3.866448   3.405438 -99.000000 -99.000000  -8.641548   0.000000   0.002413   0.001460   0.014000  0.000E+00        max_dt

          4   5.477508   5366.477 -21.136974 -21.136974   2.000000   2.000000   0.718000   0.000707   0.268000  -9.340372    524      1
-5.0000E+00   5.477336   1.753667 -99.000000 -22.534842 -99.000000   0.000000   0.268000   0.006566   0.014000   0.045268      3
 3.5000E-05  -3.866166   3.380786 -99.000000 -99.000000  -8.590491   0.000000   0.002413   0.001460   0.014000  0.000E+00        max_dt

          5   5.477508   5308.894 -21.136974 -21.136974   2.000000   2.000000   0.718000   0.000707   0.268000  -9.339736    528      1
-5.0000E+00   5.477236   1.753271 -99.000000 -22.534842 -99.000000   0.000000   0.268000   0.006566   0.014000   0.045283      3
 4.5000E-05  -3.866040   3.361253 -99.000000 -99.000000  -8.551806   0.000000   0.002413   0.001460   0.014000  0.000E+00        max_dt

          6   5.477509   5261.932 -21.136973 -21.136973   2.000000   2.000000   0.718000   0.000707   0.268000  -9.339309    527      1
-5.0000E+00   5.477168   1.752952 -99.000000 -22.534841 -99.000000   0.000000   0.268000   0.006566   0.014000   0.045293      3
 5.5000E-05  -3.865956   3.345178 -99.000000 -99.000000  -8.521364   0.000000   0.002413   0.001460   0.014000  0.000E+00        max_dt

          7   5.477509   5222.414 -21.136973 -21.136973   2.000000   2.000000   0.718000   0.000707   0.268000  -9.339004    530      1
-5.0000E+00   5.477119   1.752686 -99.000000 -22.534841 -99.000000   0.000000   0.268000   0.006566   0.014000   0.045300      3
 6.5000E-05  -3.865897   3.331552 -99.000000 -99.000000  -8.496677   0.000000   0.002413   0.001460   0.014000  0.000E+00        max_dt

          8   5.477615   5188.180 -21.137467 -21.137467   2.000000   2.000000   0.718000   0.000707   0.268000  -9.338769    528      1
-5.0000E+00   5.477188   1.752459 -99.000000 -22.535335 -99.000000   0.000000   0.268000   0.006566   0.014000   0.045300      3
 7.5000E-05  -3.865691   3.319671 -99.000000 -99.000000  -8.476086   0.000000   0.002413   0.001460   0.014000  0.000E+00        max_dt

          9   5.477616   5157.906 -21.137469 -21.137469   2.000000   2.000000   0.718000   0.000707   0.268000  -9.338578    529      1
-5.0000E+00   5.477156   1.752262 -99.000000 -22.535337 -99.000000   0.000000   0.268000   0.006566   0.014000   0.045305      3
 8.5000E-05  -3.865657   3.309111 -99.000000 -99.000000  -8.458574   0.000000   0.002413   0.001460   0.014000  0.000E+00        max_dt


__________________________________________________________________________________________________________________________________________________

       step    lg_Tmax     Teff     lg_LH      lg_Lnuc_tot     Mass       H_rich     H_cntr     N_cntr     Y_surf   eta_cntr   zones  retry
  lg_dt_yrs    lg_Tcntr    lg_R     lg_L3a     lg_Lneu     lg_Mdot    He_core    He_cntr    O_cntr     Z_surf   gam_cntr   iters  
    age_yrs    lg_Dcntr    lg_L     lg_LZ      lg_Lphoto   lg_Dsurf   CO_core    C_cntr     Ne_cntr    Z_cntr   v_div_cs       dt_limit
__________________________________________________________________________________________________________________________________________________

         10   5.477616   5130.360 -21.137470 -21.137470   2.000000   2.000000   0.718000   0.000707   0.268000  -9.338431    525      1
-5.0000E+00   5.477130   1.752087 -99.000000 -22.535338 -99.000000   0.000000   0.268000   0.006566   0.014000   0.045308      3
 9.5000E-05  -3.865631   3.299459 -99.000000 -99.000000  -8.443266   0.000000   0.002413   0.001460   0.014000  0.000E+00        max_dt

         11   5.477616   5105.505 -21.137471 -21.137471   2.000000   2.000000   0.718000   0.000707   0.268000  -9.338318    523      1
-5.0000E+00   5.477111   1.751932 -99.000000 -22.535339 -99.000000   0.000000   0.268000   0.006566   0.014000   0.045311      3
 1.0500E-04  -3.865610   3.290712 -99.000000 -99.000000  -8.430008   0.000000   0.002413   0.001460   0.014000  0.000E+00        max_dt

         12   5.477616   5082.977 -21.137472 -21.137472   2.000000   2.000000   0.718000   0.000707   0.268000  -9.338231    527      1
-5.0000E+00   5.477096   1.751793 -99.000000 -22.535340 -99.000000   0.000000   0.268000   0.006566   0.014000   0.045313      3
 1.1500E-04  -3.865595   3.282753 -99.000000 -99.000000  -8.418481   0.000000   0.002413   0.001460   0.014000  0.000E+00        max_dt

         13   5.477616   5062.025 -21.137474 -21.137474   2.000000   2.000000   0.718000   0.000707   0.268000  -9.338162    523      1
-5.0000E+00   5.477085   1.751667 -99.000000 -22.535342 -99.000000   0.000000   0.268000   0.006566   0.014000   0.045315      3
 1.2500E-04  -3.865582   3.275326 -99.000000 -99.000000  -8.408208   0.000000   0.002413   0.001460   0.014000  0.000E+00        max_dt

         14   5.477616   5042.661 -21.137475 -21.137475   2.000000   2.000000   0.718000   0.000707   0.268000  -9.338107    527      1
-5.0000E+00   5.477075   1.751553 -99.000000 -22.535343 -99.000000   0.000000   0.268000   0.006566   0.014000   0.045316      3
 1.3500E-04  -3.865572   3.268439 -99.000000 -99.000000  -8.399119   0.000000   0.002413   0.001460   0.014000  0.000E+00        max_dt

         15   5.477616   5024.496 -21.137476 -21.137476   2.000000   2.000000   0.718000   0.000707   0.268000  -9.338062    526      1
-5.0000E+00   5.477068   1.751449 -99.000000 -22.535344 -99.000000   0.000000   0.268000   0.006566   0.014000   0.045317      3
 1.4500E-04  -3.865564   3.261961 -99.000000 -99.000000  -8.390967   0.000000   0.002413   0.001460   0.014000  0.000E+00        max_dt

         16   5.477617   5007.257 -21.137477 -21.137477   2.000000   2.000000   0.718000   0.000707   0.268000  -9.338025    522      1
-5.0000E+00   5.477061   1.751352 -99.000000 -22.535345 -99.000000   0.000000   0.268000   0.006566   0.014000   0.045318      3
 1.5500E-04  -3.865558   3.255797 -99.000000 -99.000000  -8.383583   0.000000   0.002413   0.001460   0.014000  0.000E+00        max_dt

         17   5.477617   4990.918 -21.137478 -21.137478   2.000000   2.000000   0.718000   0.000707   0.268000  -9.337994    526      1
-5.0000E+00   5.477056   1.751262 -99.000000 -22.535346 -99.000000   0.000000   0.268000   0.006566   0.014000   0.045319      3
 1.6500E-04  -3.865552   3.249940 -99.000000 -99.000000  -8.376906   0.000000   0.002413   0.001460   0.014000  0.000E+00        max_dt

         18   5.477617   4975.560 -21.137479 -21.137479   2.000000   2.000000   0.718000   0.000707   0.268000  -9.337968    527      1
-5.0000E+00   5.477052   1.751179 -99.000000 -22.535347 -99.000000   0.000000   0.268000   0.006566   0.014000   0.045319      3
 1.7500E-04  -3.865547   3.244420 -99.000000 -99.000000  -8.370909   0.000000   0.002413   0.001460   0.014000  0.000E+00        max_dt

         19   5.477617   4960.950 -21.137480 -21.137480   2.000000   2.000000   0.718000   0.000707   0.268000  -9.337946    524      1
-5.0000E+00   5.477048   1.751102 -99.000000 -22.535348 -99.000000   0.000000   0.268000   0.006566   0.014000   0.045320      3
 1.8500E-04  -3.865543   3.239157 -37.026689 -99.000000  -8.365448   0.000000   0.002413   0.001460   0.014000  0.000E+00        max_dt


__________________________________________________________________________________________________________________________________________________

       step    lg_Tmax     Teff     lg_LH      lg_Lnuc_tot     Mass       H_rich     H_cntr     N_cntr     Y_surf   eta_cntr   zones  retry
  lg_dt_yrs    lg_Tcntr    lg_R     lg_L3a     lg_Lneu     lg_Mdot    He_core    He_cntr    O_cntr     Z_surf   gam_cntr   iters  
    age_yrs    lg_Dcntr    lg_L     lg_LZ      lg_Lphoto   lg_Dsurf   CO_core    C_cntr     Ne_cntr    Z_cntr   v_div_cs       dt_limit
__________________________________________________________________________________________________________________________________________________

         20   5.477617   4946.952 -21.137481 -21.137481   2.000000   2.000000   0.718000   0.000707   0.268000  -9.337927    525      1
-5.0000E+00   5.477045   1.751030 -99.000000 -22.535349 -99.000000   0.000000   0.268000   0.006566   0.014000   0.045320      3
 1.9500E-04  -3.865540   3.234104 -99.000000 -99.000000  -8.360432   0.000000   0.002413   0.001460   0.014000  0.000E+00        max_dt

         21   5.477617   4933.691 -21.137482 -21.137482   2.000000   2.000000   0.718000   0.000707   0.268000  -9.337910    528      1
-5.0000E+00   5.477042   1.750962 -99.000000 -22.535350 -99.000000   0.000000   0.268000   0.006566   0.014000   0.045321      3
 2.0500E-04  -3.865537   3.229305 -99.000000 -99.000000  -8.355870   0.000000   0.002413   0.001460   0.014000  0.000E+00        max_dt

         22   5.477617   4920.843 -21.137483 -21.137483   2.000000   2.000000   0.718000   0.000707   0.268000  -9.337896    523      1
-5.0000E+00   5.477040   1.750898 -99.000000 -22.535351 -99.000000   0.000000   0.268000   0.006566   0.014000   0.045321      3
 2.1500E-04  -3.865534   3.224647 -99.000000 -99.000000  -8.351619   0.000000   0.002413   0.001460   0.014000  0.000E+00        max_dt

         23   5.477617   4908.382 -21.137484 -21.137484   2.000000   2.000000   0.718000   0.000707   0.268000  -9.337884    523      1
-5.0000E+00   5.477038   1.750836 -99.000000 -22.535352 -99.000000   0.000000   0.268000   0.006566   0.014000   0.045321      3
 2.2500E-04  -3.865532   3.220120 -99.000000 -99.000000  -8.347652   0.000000   0.002413   0.001460   0.014000  0.000E+00        max_dt

         24   5.477617   4896.543 -21.137485 -21.137485   2.000000   2.000000   0.718000   0.000707   0.268000  -9.337873    523      1
-5.0000E+00   5.477036   1.750779 -99.000000 -22.535353 -99.000000   0.000000   0.268000   0.006566   0.014000   0.045322      3
 2.3500E-04  -3.865530   3.215810 -99.000000 -99.000000  -8.344019   0.000000   0.002413   0.001460   0.014000  0.000E+00        max_dt

         25   5.477617   4885.190 -21.137486 -21.137486   2.000000   2.000000   0.718000   0.000707   0.268000  -9.337864    523      1
-5.0000E+00   5.477035   1.750724 -99.000000 -22.535354 -99.000000   0.000000   0.268000   0.006566   0.014000   0.045322      3
 2.4500E-04  -3.865528   3.211668 -99.000000 -99.000000  -8.340655   0.000000   0.002413   0.001460   0.014000  0.000E+00        max_dt

         26   5.477618   4874.131 -21.137487 -21.137487   2.000000   2.000000   0.718000   0.000707   0.268000  -9.337855    523      1
-5.0000E+00   5.477033   1.750672 -99.000000 -22.535355 -99.000000   0.000000   0.268000   0.006566   0.014000   0.045322      3
 2.5500E-04  -3.865526   3.207626 -99.000000 -99.000000  -8.337488   0.000000   0.002413   0.001460   0.014000  0.000E+00        max_dt

         27   5.477618   4863.472 -21.137487 -21.137487   2.000000   2.000000   0.718000   0.000707   0.268000  -9.337848    526      1
-5.0000E+00   5.477032   1.750622 -99.000000 -22.535356 -99.000000   0.000000   0.268000   0.006566   0.014000   0.045322      3
 2.6500E-04  -3.865525   3.203723 -99.000000 -99.000000  -8.334535   0.000000   0.002413   0.001460   0.014000  0.000E+00        max_dt

         28   5.477618   4853.204 -21.137488 -21.137488   2.000000   2.000000   0.718000   0.000707   0.268000  -9.337841    524      1
-5.0000E+00   5.477031   1.750574 -99.000000 -22.535356 -99.000000   0.000000   0.268000   0.006566   0.014000   0.045322      3
 2.7500E-04  -3.865524   3.199956 -99.000000 -99.000000  -8.331777   0.000000   0.002413   0.001460   0.014000  0.000E+00        max_dt

         29   5.477618   4843.374 -21.137489 -21.137489   2.000000   2.000000   0.718000   0.000707   0.268000  -9.337835    526      1
-5.0000E+00   5.477030   1.750528 -99.000000 -22.535357 -99.000000   0.000000   0.268000   0.006566   0.014000   0.045322      3
 2.8500E-04  -3.865522   3.196342 -99.000000 -99.000000  -8.329215   0.000000   0.002413   0.001460   0.014000  0.000E+00        max_dt


__________________________________________________________________________________________________________________________________________________

       step    lg_Tmax     Teff     lg_LH      lg_Lnuc_tot     Mass       H_rich     H_cntr     N_cntr     Y_surf   eta_cntr   zones  retry
  lg_dt_yrs    lg_Tcntr    lg_R     lg_L3a     lg_Lneu     lg_Mdot    He_core    He_cntr    O_cntr     Z_surf   gam_cntr   iters  
    age_yrs    lg_Dcntr    lg_L     lg_LZ      lg_Lphoto   lg_Dsurf   CO_core    C_cntr     Ne_cntr    Z_cntr   v_div_cs       dt_limit
__________________________________________________________________________________________________________________________________________________

         30   5.477618   4833.800 -21.137490 -21.137490   2.000000   2.000000   0.718000   0.000707   0.268000  -9.337829    524      1
-5.0000E+00   5.477029   1.750484 -99.000000 -22.535358 -99.000000   0.000000   0.268000   0.006566   0.014000   0.045323      3
 2.9500E-04  -3.865521   3.192817 -99.000000 -99.000000  -8.326790   0.000000   0.002413   0.001460   0.014000  0.000E+00        max_dt

         31   5.477618   4824.479 -21.137490 -21.137490   2.000000   2.000000   0.718000   0.000707   0.268000  -9.337825    523      1
-5.0000E+00   5.477028   1.750442 -99.000000 -22.535358 -99.000000   0.000000   0.268000   0.006566   0.014000   0.045323      3
 3.0500E-04  -3.865520   3.189379 -99.000000 -99.000000  -8.324492   0.000000   0.002413   0.001460   0.014000  0.000E+00        max_dt

         32   5.477618   4815.425 -21.137491 -21.137491   2.000000   2.000000   0.718000   0.000707   0.268000  -9.337820    527      1
-5.0000E+00   5.477028   1.750401 -99.000000 -22.535359 -99.000000   0.000000   0.268000   0.006566   0.014000   0.045323      3
 3.1500E-04  -3.865520   3.186034 -99.000000 -99.000000  -8.322319   0.000000   0.002413   0.001460   0.014000  0.000E+00        max_dt

         33   5.477618   4806.617 -21.137492 -21.137492   2.000000   2.000000   0.718000   0.000707   0.268000  -9.337816    526      1
-5.0000E+00   5.477027   1.750361 -99.000000 -22.535360 -99.000000   0.000000   0.268000   0.006566   0.014000   0.045323      3
 3.2500E-04  -3.865519   3.182775 -99.000000 -99.000000  -8.320257   0.000000   0.002413   0.001460   0.014000  0.000E+00        max_dt

         34   5.477618   4798.025 -21.137492 -21.137492   2.000000   2.000000   0.718000   0.000707   0.268000  -9.337812    525      1
-5.0000E+00   5.477026   1.750323 -99.000000 -22.535360 -99.000000   0.000000   0.268000   0.006566   0.014000   0.045323      3
 3.3500E-04  -3.865518   3.179590 -99.000000 -99.000000  -8.318293   0.000000   0.002413   0.001460   0.014000  0.000E+00        max_dt

         35   5.477618   4789.557 -21.137493 -21.137493   2.000000   2.000000   0.718000   0.000707   0.268000  -9.337809    524      1
-5.0000E+00   5.477026   1.750286 -99.000000 -22.535361 -99.000000   0.000000   0.268000   0.006566   0.014000   0.045323      3
 3.4500E-04  -3.865517   3.176447 -99.000000 -99.000000  -8.316402   0.000000   0.002413   0.001460   0.014000  0.000E+00        max_dt

         36   5.477618   4781.347 -21.137493 -21.137493   2.000000   2.000000   0.718000   0.000707   0.268000  -9.337806    525      1
-5.0000E+00   5.477025   1.750250 -99.000000 -22.535362 -99.000000   0.000000   0.268000   0.006566   0.014000   0.045323      3
 3.5500E-04  -3.865517   3.173394 -99.000000 -99.000000  -8.314608   0.000000   0.002413   0.001460   0.014000  0.000E+00        max_dt

         37   5.477618   4773.229 -21.137494 -21.137494   2.000000   2.000000   0.718000   0.000707   0.268000  -9.337803    522      1
-5.0000E+00   5.477025   1.750215 -99.000000 -22.535362 -99.000000   0.000000   0.268000   0.006566   0.014000   0.045323      3
 3.6500E-04  -3.865516   3.170372 -99.000000 -99.000000  -8.312872   0.000000   0.002413   0.001460   0.014000  0.000E+00        max_dt

         38   5.477618   4765.361 -21.137494 -21.137494   2.000000   2.000000   0.718000   0.000707   0.268000  -9.337800    526      1
-5.0000E+00   5.477024   1.750181 -99.000000 -22.535363 -99.000000   0.000000   0.268000   0.006566   0.014000   0.045323      3
 3.7500E-04  -3.865516   3.167438 -99.000000 -99.000000  -8.311221   0.000000   0.002413   0.001460   0.014000  0.000E+00        max_dt

         39   5.477618   4757.705 -21.137495 -21.137495   2.000000   2.000000   0.718000   0.000707   0.268000  -9.337798    523      1
-5.0000E+00   5.477024   1.750148 -99.000000 -22.535363 -99.000000   0.000000   0.268000   0.006566   0.014000   0.045323      3
 3.8500E-04  -3.865515   3.164579 -99.000000 -99.000000  -8.309645   0.000000   0.002413   0.001460   0.014000  0.000E+00        max_dt


__________________________________________________________________________________________________________________________________________________

       step    lg_Tmax     Teff     lg_LH      lg_Lnuc_tot     Mass       H_rich     H_cntr     N_cntr     Y_surf   eta_cntr   zones  retry
  lg_dt_yrs    lg_Tcntr    lg_R     lg_L3a     lg_Lneu     lg_Mdot    He_core    He_cntr    O_cntr     Z_surf   gam_cntr   iters  
    age_yrs    lg_Dcntr    lg_L     lg_LZ      lg_Lphoto   lg_Dsurf   CO_core    C_cntr     Ne_cntr    Z_cntr   v_div_cs       dt_limit
__________________________________________________________________________________________________________________________________________________

         40   5.477618   4750.267 -21.137495 -21.137495   2.000000   2.000000   0.718000   0.000707   0.268000  -9.337796    522      1
-5.0000E+00   5.477024   1.750115 -99.000000 -22.535364 -99.000000   0.000000   0.268000   0.006566   0.014000   0.045323      3
 3.9500E-04  -3.865515   3.161797 -99.000000 -99.000000  -8.308140   0.000000   0.002413   0.001460   0.014000  0.000E+00        max_dt

         41   5.477618   4743.025 -21.137496 -21.137496   2.000000   2.000000   0.718000   0.000707   0.268000  -9.337794    524      1
-5.0000E+00   5.477023   1.750084 -99.000000 -22.535364 -99.000000   0.000000   0.268000   0.006566   0.014000   0.045323      3
 4.0500E-04  -3.865514   3.159083 -99.000000 -99.000000  -8.306697   0.000000   0.002413   0.001460   0.014000  0.000E+00        max_dt

         42   5.477618   4735.915 -21.137496 -21.137496   2.000000   2.000000   0.718000   0.000707   0.268000  -9.337792    521      1
-5.0000E+00   5.477023   1.750053 -99.000000 -22.535365 -99.000000   0.000000   0.268000   0.006566   0.014000   0.045323      3
 4.1500E-04  -3.865514   3.156416 -37.026689 -99.000000  -8.305303   0.000000   0.002413   0.001460   0.014000  0.000E+00        max_dt

         43   5.477618   4728.880 -21.137497 -21.137497   2.000000   2.000000   0.718000   0.000707   0.268000  -9.337790    518      1
-5.0000E+00   5.477023   1.750023 -99.000000 -22.535365 -99.000000   0.000000   0.268000   0.006566   0.014000   0.045323      3
 4.2500E-04  -3.865514   3.153774 -99.000000 -99.000000  -8.303943   0.000000   0.002413   0.001460   0.014000  0.000E+00        max_dt

         44   5.477618   4722.079 -21.137497 -21.137497   2.000000   2.000000   0.718000   0.000707   0.268000  -9.337788    522      1
-5.0000E+00   5.477023   1.749994 -99.000000 -22.535365 -99.000000   0.000000   0.268000   0.006566   0.014000   0.045324      3
 4.3500E-04  -3.865513   3.151215 -99.000000 -99.000000  -8.302646   0.000000   0.002413   0.001460   0.014000  0.000E+00        max_dt

         45   5.477618   4715.468 -21.137498 -21.137498   2.000000   2.000000   0.718000   0.000707   0.268000  -9.337787    521      1
-5.0000E+00   5.477022   1.749966 -99.000000 -22.535366 -99.000000   0.000000   0.268000   0.006566   0.014000   0.045324      3
 4.4500E-04  -3.865513   3.148724 -99.000000 -99.000000  -8.301401   0.000000   0.002413   0.001460   0.014000  0.000E+00        max_dt

         46   5.477618   4708.990 -21.137498 -21.137498   2.000000   2.000000   0.718000   0.000707   0.268000  -9.337785    523      1
-5.0000E+00   5.477022   1.749938 -99.000000 -22.535366 -99.000000   0.000000   0.268000   0.006566   0.014000   0.045324      3
 4.5500E-04  -3.865513   3.146280 -99.000000 -99.000000  -8.300197   0.000000   0.002413   0.001460   0.014000  0.000E+00        max_dt

         47   5.477618   4702.615 -21.137498 -21.137498   2.000000   2.000000   0.718000   0.000707   0.268000  -9.337784    524      1
-5.0000E+00   5.477022   1.749910 -99.000000 -22.535367 -99.000000   0.000000   0.268000   0.006566   0.014000   0.045324      3
 4.6500E-04  -3.865512   3.143872 -99.000000 -99.000000  -8.299026   0.000000   0.002413   0.001460   0.014000  0.000E+00        max_dt

         48   5.477618   4696.372 -21.137499 -21.137499   2.000000   2.000000   0.718000   0.000707   0.268000  -9.337783    523      1
-5.0000E+00   5.477022   1.749884 -99.000000 -22.535367 -99.000000   0.000000   0.268000   0.006566   0.014000   0.045324      3
 4.7500E-04  -3.865512   3.141511 -99.000000 -99.000000  -8.297894   0.000000   0.002413   0.001460   0.014000  0.000E+00        max_dt

         49   5.477618   4690.333 -21.137499 -21.137499   2.000000   2.000000   0.718000   0.000707   0.268000  -9.337782    525      1
-5.0000E+00   5.477022   1.749857 -99.000000 -22.535367 -99.000000   0.000000   0.268000   0.006566   0.014000   0.045324      3
 4.8500E-04  -3.865512   3.139223 -99.000000 -99.000000  -8.296812   0.000000   0.002413   0.001460   0.014000  0.000E+00        max_dt


__________________________________________________________________________________________________________________________________________________

       step    lg_Tmax     Teff     lg_LH      lg_Lnuc_tot     Mass       H_rich     H_cntr     N_cntr     Y_surf   eta_cntr   zones  retry
  lg_dt_yrs    lg_Tcntr    lg_R     lg_L3a     lg_Lneu     lg_Mdot    He_core    He_cntr    O_cntr     Z_surf   gam_cntr   iters  
    age_yrs    lg_Dcntr    lg_L     lg_LZ      lg_Lphoto   lg_Dsurf   CO_core    C_cntr     Ne_cntr    Z_cntr   v_div_cs       dt_limit
__________________________________________________________________________________________________________________________________________________

         50   5.477619   4684.394 -21.137500 -21.137500   2.000000   2.000000   0.718000   0.000707   0.268000  -9.337780    524      1
-5.0000E+00   5.477021   1.749832 -99.000000 -22.535368 -99.000000   0.000000   0.268000   0.006566   0.014000   0.045324      3
 4.9500E-04  -3.865512   3.136971 -99.000000 -99.000000  -8.295760   0.000000   0.002413   0.001460   0.014000  0.000E+00        max_dt

         51   5.477619   4678.553 -21.137500 -21.137500   2.000000   2.000000   0.718000   0.000707   0.268000  -9.337779    523      1
-5.0000E+00   5.477021   1.749807 -99.000000 -22.535368 -99.000000   0.000000   0.268000   0.006566   0.014000   0.045324      3
 5.0500E-04  -3.865511   3.134753 -99.000000 -99.000000  -8.294736   0.000000   0.002413   0.001460   0.014000  0.000E+00        max_dt

         52   5.477619   4672.797 -21.137500 -21.137500   2.000000   2.000000   0.718000   0.000707   0.268000  -9.337778    524      1
-5.0000E+00   5.477021   1.749782 -99.000000 -22.535368 -99.000000   0.000000   0.268000   0.006566   0.014000   0.045324      3
 5.1500E-04  -3.865511   3.132565 -99.000000 -99.000000  -8.293739   0.000000   0.002413   0.001460   0.014000  0.000E+00        max_dt

         53   5.477619   4667.101 -21.137501 -21.137501   2.000000   2.000000   0.718000   0.000707   0.268000  -9.337777    525      1
-5.0000E+00   5.477021   1.749758 -99.000000 -22.535369 -99.000000   0.000000   0.268000   0.006566   0.014000   0.045324      3
 5.2500E-04  -3.865511   3.130398 -99.000000 -99.000000  -8.292763   0.000000   0.002413   0.001460   0.014000  0.000E+00        max_dt

         54   5.477619   4661.512 -21.137501 -21.137501   2.000000   2.000000   0.718000   0.000707   0.268000  -9.337777    524      1
-5.0000E+00   5.477021   1.749734 -99.000000 -22.535369 -99.000000   0.000000   0.268000   0.006566   0.014000   0.045324      3
 5.3500E-04  -3.865511   3.128268 -99.000000 -99.000000  -8.291815   0.000000   0.002413   0.001460   0.014000  0.000E+00        max_dt

         55   5.477619   4655.941 -21.137501 -21.137501   2.000000   2.000000   0.718000   0.000707   0.268000  -9.337776    521      1
-5.0000E+00   5.477021   1.749710 -99.000000 -22.535369 -99.000000   0.000000   0.268000   0.006566   0.014000   0.045324      3
 5.4500E-04  -3.865511   3.126144 -99.000000 -99.000000  -8.290881   0.000000   0.002413   0.001460   0.014000  0.000E+00        max_dt

         56   5.477619   4650.585 -21.137502 -21.137502   2.000000   2.000000   0.718000   0.000707   0.268000  -9.337775    528      1
-5.0000E+00   5.477021   1.749687 -99.000000 -22.535370 -99.000000   0.000000   0.268000   0.006566   0.014000   0.045324      3
 5.5500E-04  -3.865510   3.124098 -99.000000 -99.000000  -8.289991   0.000000   0.002413   0.001460   0.014000  0.000E+00        max_dt

         57   5.477619   4645.381 -21.137502 -21.137502   2.000000   2.000000   0.718000   0.000707   0.268000  -9.337774    527      1
-5.0000E+00   5.477020   1.749665 -99.000000 -22.535370 -99.000000   0.000000   0.268000   0.006566   0.014000   0.045324      3
 5.6500E-04  -3.865510   3.122108 -99.000000 -99.000000  -8.289135   0.000000   0.002413   0.001460   0.014000  0.000E+00        max_dt

         58   5.477619   4640.236 -21.137502 -21.137502   2.000000   2.000000   0.718000   0.000707   0.268000  -9.337773    524      1
-5.0000E+00   5.477020   1.749643 -99.000000 -22.535370 -99.000000   0.000000   0.268000   0.006566   0.014000   0.045324      3
 5.7500E-04  -3.865510   3.120139 -99.000000 -99.000000  -8.288296   0.000000   0.002413   0.001460   0.014000  0.000E+00        max_dt

         59   5.477619   4635.069 -21.137502 -21.137502   2.000000   2.000000   0.718000   0.000707   0.268000  -9.337773    524      1
-5.0000E+00   5.477020   1.749621 -99.000000 -22.535371 -99.000000   0.000000   0.268000   0.006566   0.014000   0.045324      3
 5.8500E-04  -3.865510   3.118160 -99.000000 -99.000000  -8.287462   0.000000   0.002413   0.001460   0.014000  0.000E+00        max_dt


__________________________________________________________________________________________________________________________________________________

       step    lg_Tmax     Teff     lg_LH      lg_Lnuc_tot     Mass       H_rich     H_cntr     N_cntr     Y_surf   eta_cntr   zones  retry
  lg_dt_yrs    lg_Tcntr    lg_R     lg_L3a     lg_Lneu     lg_Mdot    He_core    He_cntr    O_cntr     Z_surf   gam_cntr   iters  
    age_yrs    lg_Dcntr    lg_L     lg_LZ      lg_Lphoto   lg_Dsurf   CO_core    C_cntr     Ne_cntr    Z_cntr   v_div_cs       dt_limit
__________________________________________________________________________________________________________________________________________________

         60   5.477619   4629.996 -21.137503 -21.137503   2.000000   2.000000   0.718000   0.000707   0.268000  -9.337772    523      1
-5.0000E+00   5.477020   1.749599 -99.000000 -22.535371 -99.000000   0.000000   0.268000   0.006566   0.014000   0.045324      3
 5.9500E-04  -3.865510   3.116214 -99.000000 -99.000000  -8.286650   0.000000   0.002413   0.001460   0.014000  0.000E+00        max_dt

         61   5.477619   4625.037 -21.137503 -21.137503   2.000000   2.000000   0.718000   0.000707   0.268000  -9.337772    522      1
-5.0000E+00   5.477020   1.749578 -99.000000 -22.535371 -99.000000   0.000000   0.268000   0.006566   0.014000   0.045324      3
 6.0500E-04  -3.865510   3.114310 -37.026689 -99.000000  -8.285863   0.000000   0.002413   0.001460   0.014000  0.000E+00        max_dt

         62   5.477619   4620.182 -21.137503 -21.137503   2.000000   2.000000   0.718000   0.000707   0.268000  -9.337771    524      1
-5.0000E+00   5.477020   1.749557 -99.000000 -22.535371 -99.000000   0.000000   0.268000   0.006566   0.014000   0.045324      3
 6.1500E-04  -3.865510   3.112444 -99.000000 -99.000000  -8.285099   0.000000   0.002413   0.001460   0.014000  0.000E+00        max_dt

         63   5.477619   4615.391 -21.137504 -21.137504   2.000000   2.000000   0.718000   0.000707   0.268000  -9.337770    524      1
-5.0000E+00   5.477020   1.749536 -99.000000 -22.535372 -99.000000   0.000000   0.268000   0.006566   0.014000   0.045324      3
 6.2500E-04  -3.865509   3.110601 -99.000000 -99.000000  -8.284352   0.000000   0.002413   0.001460   0.014000  0.000E+00        max_dt

         64   5.477619   4610.671 -21.137504 -21.137504   2.000000   2.000000   0.718000   0.000707   0.268000  -9.337770    523      1
-5.0000E+00   5.477020   1.749516 -99.000000 -22.535372 -99.000000   0.000000   0.268000   0.006566   0.014000   0.045324      3
 6.3500E-04  -3.865509   3.108783 -99.000000 -99.000000  -8.283621   0.000000   0.002413   0.001460   0.014000  0.000E+00        max_dt

         65   5.477619   4606.030 -21.137504 -21.137504   2.000000   2.000000   0.718000   0.000707   0.268000  -9.337769    525      1
-5.0000E+00   5.477020   1.749496 -99.000000 -22.535372 -99.000000   0.000000   0.268000   0.006566   0.014000   0.045324      3
 6.4500E-04  -3.865509   3.106993 -99.000000 -99.000000  -8.282908   0.000000   0.002413   0.001460   0.014000  0.000E+00        max_dt

         66   5.477619   4601.468 -21.137504 -21.137504   2.000000   2.000000   0.718000   0.000707   0.268000  -9.337769    524      1
-5.0000E+00   5.477020   1.749477 -99.000000 -22.535372 -99.000000   0.000000   0.268000   0.006566   0.014000   0.045324      3
 6.5500E-04  -3.865509   3.105233 -99.000000 -99.000000  -8.282212   0.000000   0.002413   0.001460   0.014000  0.000E+00        max_dt

         67   5.477619   4596.981 -21.137505 -21.137505   2.000000   2.000000   0.718000   0.000707   0.268000  -9.337769    523      1
-5.0000E+00   5.477020   1.749457 -99.000000 -22.535373 -99.000000   0.000000   0.268000   0.006566   0.014000   0.045324      3
 6.6500E-04  -3.865509   3.103499 -99.000000 -99.000000  -8.281533   0.000000   0.002413   0.001460   0.014000  0.000E+00        max_dt

         68   5.477619   4592.505 -21.137505 -21.137505   2.000000   2.000000   0.718000   0.000707   0.268000  -9.337768    524      1
-5.0000E+00   5.477020   1.749438 -99.000000 -22.535373 -99.000000   0.000000   0.268000   0.006566   0.014000   0.045324      3
 6.7500E-04  -3.865509   3.101769 -99.000000 -99.000000  -8.280860   0.000000   0.002413   0.001460   0.014000  0.000E+00        max_dt

         69   5.477619   4588.118 -21.137505 -21.137505   2.000000   2.000000   0.718000   0.000707   0.268000  -9.337768    523      1
-5.0000E+00   5.477020   1.749419 -99.000000 -22.535373 -99.000000   0.000000   0.268000   0.006566   0.014000   0.045324      3
 6.8500E-04  -3.865509   3.100071 -99.000000 -99.000000  -8.280205   0.000000   0.002413   0.001460   0.014000  0.000E+00        max_dt


__________________________________________________________________________________________________________________________________________________

       step    lg_Tmax     Teff     lg_LH      lg_Lnuc_tot     Mass       H_rich     H_cntr     N_cntr     Y_surf   eta_cntr   zones  retry
  lg_dt_yrs    lg_Tcntr    lg_R     lg_L3a     lg_Lneu     lg_Mdot    He_core    He_cntr    O_cntr     Z_surf   gam_cntr   iters  
    age_yrs    lg_Dcntr    lg_L     lg_LZ      lg_Lphoto   lg_Dsurf   CO_core    C_cntr     Ne_cntr    Z_cntr   v_div_cs       dt_limit
__________________________________________________________________________________________________________________________________________________

         70   5.477619   4583.776 -21.137505 -21.137505   2.000000   2.000000   0.718000   0.000707   0.268000  -9.337767    521      1
-5.0000E+00   5.477020   1.749401 -99.000000 -22.535373 -99.000000   0.000000   0.268000   0.006566   0.014000   0.045324      3
 6.9500E-04  -3.865509   3.098389 -99.000000 -99.000000  -8.279561   0.000000   0.002413   0.001460   0.014000  0.000E+00        max_dt

         71   5.477619   4579.590 -21.137506 -21.137506   2.000000   2.000000   0.718000   0.000707   0.268000  -9.337767    525      1
-5.0000E+00   5.477019   1.749383 -99.000000 -22.535374 -99.000000   0.000000   0.268000   0.006566   0.014000   0.045324      3
 7.0500E-04  -3.865509   3.096765 -37.026689 -99.000000  -8.278944   0.000000   0.002413   0.001460   0.014000  0.000E+00        max_dt

         72   5.477619   4575.518 -21.137506 -21.137506   2.000000   2.000000   0.718000   0.000707   0.268000  -9.337767    524      1
-5.0000E+00   5.477019   1.749365 -99.000000 -22.535374 -99.000000   0.000000   0.268000   0.006566   0.014000   0.045324      3
 7.1500E-04  -3.865508   3.095184 -99.000000 -99.000000  -8.278346   0.000000   0.002413   0.001460   0.014000  0.000E+00        max_dt

         73   5.477619   4571.500 -21.137506 -21.137506   2.000000   2.000000   0.718000   0.000707   0.268000  -9.337766    523      1
-5.0000E+00   5.477019   1.749347 -99.000000 -22.535374 -99.000000   0.000000   0.268000   0.006566   0.014000   0.045324      3
 7.2500E-04  -3.865508   3.093623 -99.000000 -99.000000  -8.277761   0.000000   0.002413   0.001460   0.014000  0.000E+00        max_dt

         74   5.477619   4567.518 -21.137506 -21.137506   2.000000   2.000000   0.718000   0.000707   0.268000  -9.337766    525      1
-5.0000E+00   5.477019   1.749329 -99.000000 -22.535374 -99.000000   0.000000   0.268000   0.006566   0.014000   0.045324      3
 7.3500E-04  -3.865508   3.092074 -99.000000 -99.000000  -8.277183   0.000000   0.002413   0.001460   0.014000  0.000E+00        max_dt

         75   5.477619   4563.571 -21.137506 -21.137506   2.000000   2.000000   0.718000   0.000707   0.268000  -9.337766    525      1
-5.0000E+00   5.477019   1.749312 -99.000000 -22.535375 -99.000000   0.000000   0.268000   0.006566   0.014000   0.045324      3
 7.4500E-04  -3.865508   3.090537 -99.000000 -99.000000  -8.276613   0.000000   0.002413   0.001460   0.014000  0.000E+00        max_dt

         76   5.477619   4559.659 -21.137507 -21.137507   2.000000   2.000000   0.718000   0.000707   0.268000  -9.337765    524      1
-5.0000E+00   5.477019   1.749295 -99.000000 -22.535375 -99.000000   0.000000   0.268000   0.006566   0.014000   0.045324      3
 7.5500E-04  -3.865508   3.089013 -99.000000 -99.000000  -8.276052   0.000000   0.002413   0.001460   0.014000  0.000E+00        max_dt

         77   5.477619   4555.774 -21.137507 -21.137507   2.000000   2.000000   0.718000   0.000707   0.268000  -9.337765    525      1
-5.0000E+00   5.477019   1.749278 -99.000000 -22.535375 -99.000000   0.000000   0.268000   0.006566   0.014000   0.045324      3
 7.6500E-04  -3.865508   3.087498 -99.000000 -99.000000  -8.275497   0.000000   0.002413   0.001460   0.014000  0.000E+00        max_dt

         78   5.477619   4551.904 -21.137507 -21.137507   2.000000   2.000000   0.718000   0.000707   0.268000  -9.337765    523      1
-5.0000E+00   5.477019   1.749261 -99.000000 -22.535375 -99.000000   0.000000   0.268000   0.006566   0.014000   0.045324      3
 7.7500E-04  -3.865508   3.085988 -99.000000 -99.000000  -8.274947   0.000000   0.002413   0.001460   0.014000  0.000E+00        max_dt

         79   5.477619   4548.090 -21.137507 -21.137507   2.000000   2.000000   0.718000   0.000707   0.268000  -9.337764    522      1
-5.0000E+00   5.477019   1.749244 -99.000000 -22.535375 -99.000000   0.000000   0.268000   0.006566   0.014000   0.045324      3
 7.8500E-04  -3.865508   3.084499 -99.000000 -99.000000  -8.274408   0.000000   0.002413   0.001460   0.014000  0.000E+00        max_dt


__________________________________________________________________________________________________________________________________________________

       step    lg_Tmax     Teff     lg_LH      lg_Lnuc_tot     Mass       H_rich     H_cntr     N_cntr     Y_surf   eta_cntr   zones  retry
  lg_dt_yrs    lg_Tcntr    lg_R     lg_L3a     lg_Lneu     lg_Mdot    He_core    He_cntr    O_cntr     Z_surf   gam_cntr   iters  
    age_yrs    lg_Dcntr    lg_L     lg_LZ      lg_Lphoto   lg_Dsurf   CO_core    C_cntr     Ne_cntr    Z_cntr   v_div_cs       dt_limit
__________________________________________________________________________________________________________________________________________________

         80   5.477619   4544.342 -21.137508 -21.137508   2.000000   2.000000   0.718000   0.000707   0.268000  -9.337764    525      1
-5.0000E+00   5.477019   1.749228 -99.000000 -22.535376 -99.000000   0.000000   0.268000   0.006566   0.014000   0.045324      3
 7.9500E-04  -3.865508   3.083034 -99.000000 -99.000000  -8.273880   0.000000   0.002413   0.001460   0.014000  0.000E+00        max_dt

         81   5.477619   4540.650 -21.137508 -21.137508   2.000000   2.000000   0.718000   0.000707   0.268000  -9.337764    524      1
-5.0000E+00   5.477019   1.749212 -99.000000 -22.535376 -99.000000   0.000000   0.268000   0.006566   0.014000   0.045324      3
 8.0500E-04  -3.865508   3.081590 -99.000000 -99.000000  -8.273362   0.000000   0.002413   0.001460   0.014000  0.000E+00        max_dt

         82   5.477619   4536.984 -21.137508 -21.137508   2.000000   2.000000   0.718000   0.000707   0.268000  -9.337764    522      1
-5.0000E+00   5.477019   1.749196 -99.000000 -22.535376 -99.000000   0.000000   0.268000   0.006566   0.014000   0.045324      3
 8.1500E-04  -3.865508   3.080154 -99.000000 -99.000000  -8.272850   0.000000   0.002413   0.001460   0.014000  0.000E+00        max_dt

         83   5.477619   4533.297 -21.137508 -21.137508   2.000000   2.000000   0.718000   0.000707   0.268000  -9.337763    521      1
-5.0000E+00   5.477019   1.749180 -99.000000 -22.535376 -99.000000   0.000000   0.268000   0.006566   0.014000   0.045324      3
 8.2500E-04  -3.865508   3.078710 -99.000000 -99.000000  -8.272337   0.000000   0.002413   0.001460   0.014000  0.000E+00        max_dt

         84   5.477619   4529.677 -21.137508 -21.137508   2.000000   2.000000   0.718000   0.000707   0.268000  -9.337763    520      1
-5.0000E+00   5.477019   1.749164 -99.000000 -22.535376 -99.000000   0.000000   0.268000   0.006566   0.014000   0.045324      3
 8.3500E-04  -3.865508   3.077291 -99.000000 -99.000000  -8.271835   0.000000   0.002413   0.001460   0.014000  0.000E+00        max_dt

         85   5.477619   4526.137 -21.137509 -21.137509   2.000000   2.000000   0.718000   0.000707   0.268000  -9.337763    520      1
-5.0000E+00   5.477019   1.749149 -99.000000 -22.535377 -99.000000   0.000000   0.268000   0.006566   0.014000   0.045324      3
 8.4500E-04  -3.865508   3.075902 -99.000000 -99.000000  -8.271345   0.000000   0.002413   0.001460   0.014000  0.000E+00        max_dt

         86   5.477619   4522.662 -21.137509 -21.137509   2.000000   2.000000   0.718000   0.000707   0.268000  -9.337763    522      1
-5.0000E+00   5.477019   1.749133 -99.000000 -22.535377 -99.000000   0.000000   0.268000   0.006566   0.014000   0.045324      3
 8.5500E-04  -3.865508   3.074537 -99.000000 -99.000000  -8.270866   0.000000   0.002413   0.001460   0.014000  0.000E+00        max_dt

         87   5.477619   4519.243 -21.137509 -21.137509   2.000000   2.000000   0.718000   0.000707   0.268000  -9.337763    521      1
-5.0000E+00   5.477019   1.749118 -99.000000 -22.535377 -99.000000   0.000000   0.268000   0.006566   0.014000   0.045324      3
 8.6500E-04  -3.865507   3.073193 -99.000000 -99.000000  -8.270396   0.000000   0.002413   0.001460   0.014000  0.000E+00        max_dt

         88   5.477619   4515.874 -21.137509 -21.137509   2.000000   2.000000   0.718000   0.000707   0.268000  -9.337762    520      1
-5.0000E+00   5.477019   1.749103 -99.000000 -22.535377 -99.000000   0.000000   0.268000   0.006566   0.014000   0.045324      3
 8.7500E-04  -3.865507   3.071868 -99.000000 -99.000000  -8.269935   0.000000   0.002413   0.001460   0.014000  0.000E+00        max_dt

         89   5.477619   4512.552 -21.137509 -21.137509   2.000000   2.000000   0.718000   0.000707   0.268000  -9.337762    522      1
-5.0000E+00   5.477019   1.749088 -99.000000 -22.535377 -99.000000   0.000000   0.268000   0.006566   0.014000   0.045324      3
 8.8500E-04  -3.865507   3.070560 -99.000000 -99.000000  -8.269480   0.000000   0.002413   0.001460   0.014000  0.000E+00        max_dt


__________________________________________________________________________________________________________________________________________________

       step    lg_Tmax     Teff     lg_LH      lg_Lnuc_tot     Mass       H_rich     H_cntr     N_cntr     Y_surf   eta_cntr   zones  retry
  lg_dt_yrs    lg_Tcntr    lg_R     lg_L3a     lg_Lneu     lg_Mdot    He_core    He_cntr    O_cntr     Z_surf   gam_cntr   iters  
    age_yrs    lg_Dcntr    lg_L     lg_LZ      lg_Lphoto   lg_Dsurf   CO_core    C_cntr     Ne_cntr    Z_cntr   v_div_cs       dt_limit
__________________________________________________________________________________________________________________________________________________

         90   5.477619   4509.272 -21.137509 -21.137509   2.000000   2.000000   0.718000   0.000707   0.268000  -9.337762    522      1
-5.0000E+00   5.477019   1.749074 -99.000000 -22.535378 -99.000000   0.000000   0.268000   0.006566   0.014000   0.045324      3
 8.9500E-04  -3.865507   3.069267 -99.000000 -99.000000  -8.269033   0.000000   0.002413   0.001460   0.014000  0.000E+00        max_dt

         91   5.477619   4506.028 -21.137510 -21.137510   2.000000   2.000000   0.718000   0.000707   0.268000  -9.337762    521      1
-5.0000E+00   5.477019   1.749059 -99.000000 -22.535378 -99.000000   0.000000   0.268000   0.006566   0.014000   0.045324      3
 9.0500E-04  -3.865507   3.067988 -99.000000 -99.000000  -8.268591   0.000000   0.002413   0.001460   0.014000  0.000E+00        max_dt

         92   5.477619   4502.821 -21.137510 -21.137510   2.000000   2.000000   0.718000   0.000707   0.268000  -9.337762    523      1
-5.0000E+00   5.477019   1.749045 -99.000000 -22.535378 -99.000000   0.000000   0.268000   0.006566   0.014000   0.045324      3
 9.1500E-04  -3.865507   3.066722 -99.000000 -99.000000  -8.268156   0.000000   0.002413   0.001460   0.014000  0.000E+00        max_dt

         93   5.477619   4499.653 -21.137510 -21.137510   2.000000   2.000000   0.718000   0.000707   0.268000  -9.337761    522      1
-5.0000E+00   5.477019   1.749031 -99.000000 -22.535378 -99.000000   0.000000   0.268000   0.006566   0.014000   0.045324      3
 9.2500E-04  -3.865507   3.065471 -99.000000 -99.000000  -8.267726   0.000000   0.002413   0.001460   0.014000  0.000E+00        max_dt

         94   5.477619   4496.466 -21.137510 -21.137510   2.000000   2.000000   0.718000   0.000707   0.268000  -9.337761    519      1
-5.0000E+00   5.477019   1.749016 -99.000000 -22.535378 -99.000000   0.000000   0.268000   0.006566   0.014000   0.045324      3
 9.3500E-04  -3.865507   3.064212 -99.000000 -99.000000  -8.267295   0.000000   0.002413   0.001460   0.014000  0.000E+00        max_dt

         95   5.477619   4493.300 -21.137510 -21.137510   2.000000   2.000000   0.718000   0.000707   0.268000  -9.337761    521      1
-5.0000E+00   5.477019   1.749002 -99.000000 -22.535378 -99.000000   0.000000   0.268000   0.006566   0.014000   0.045324      3
 9.4500E-04  -3.865507   3.062960 -99.000000 -99.000000  -8.266867   0.000000   0.002413   0.001460   0.014000  0.000E+00        max_dt

         96   5.477619   4490.184 -21.137510 -21.137510   2.000000   2.000000   0.718000   0.000707   0.268000  -9.337761    520      1
-5.0000E+00   5.477019   1.748988 -99.000000 -22.535379 -99.000000   0.000000   0.268000   0.006566   0.014000   0.045324      3
 9.5500E-04  -3.865507   3.061727 -99.000000 -99.000000  -8.266447   0.000000   0.002413   0.001460   0.014000  0.000E+00        max_dt

         97   5.477619   4487.123 -21.137511 -21.137511   2.000000   2.000000   0.718000   0.000707   0.268000  -9.337761    519      1
-5.0000E+00   5.477019   1.748975 -99.000000 -22.535379 -99.000000   0.000000   0.268000   0.006566   0.014000   0.045324      3
 9.6500E-04  -3.865507   3.060515 -99.000000 -99.000000  -8.266034   0.000000   0.002413   0.001460   0.014000  0.000E+00        max_dt

         98   5.477619   4484.133 -21.137511 -21.137511   2.000000   2.000000   0.718000   0.000707   0.268000  -9.337761    523      1
-5.0000E+00   5.477019   1.748961 -99.000000 -22.535379 -99.000000   0.000000   0.268000   0.006566   0.014000   0.045324      3
 9.7500E-04  -3.865507   3.059330 -99.000000 -99.000000  -8.265632   0.000000   0.002413   0.001460   0.014000  0.000E+00        max_dt

         99   5.477619   4481.192 -21.137511 -21.137511   2.000000   2.000000   0.718000   0.000707   0.268000  -9.337761    522      1
-5.0000E+00   5.477019   1.748948 -99.000000 -22.535379 -99.000000   0.000000   0.268000   0.006566   0.014000   0.045324      3
 9.8500E-04  -3.865507   3.058163 -99.000000 -99.000000  -8.265236   0.000000   0.002413   0.001460   0.014000  0.000E+00        max_dt


__________________________________________________________________________________________________________________________________________________

       step    lg_Tmax     Teff     lg_LH      lg_Lnuc_tot     Mass       H_rich     H_cntr     N_cntr     Y_surf   eta_cntr   zones  retry
  lg_dt_yrs    lg_Tcntr    lg_R     lg_L3a     lg_Lneu     lg_Mdot    He_core    He_cntr    O_cntr     Z_surf   gam_cntr   iters  
    age_yrs    lg_Dcntr    lg_L     lg_LZ      lg_Lphoto   lg_Dsurf   CO_core    C_cntr     Ne_cntr    Z_cntr   v_div_cs       dt_limit
__________________________________________________________________________________________________________________________________________________

        100   5.477619   4478.283 -21.137511 -21.137511   2.000000   2.000000   0.718000   0.000707   0.268000  -9.337760    521      1
-5.0000E+00   5.477019   1.748934 -99.000000 -22.535379 -99.000000   0.000000   0.268000   0.006566   0.014000   0.045324      3
 9.9500E-04  -3.865507   3.057008 -99.000000 -99.000000  -8.264845   0.000000   0.002413   0.001460   0.014000  0.000E+00        max_dt


 finished doing relax num steps


                                relax_to_radiative_core

          1   5.477619   4475.404 -21.137511 -21.137511   2.000000   2.000000   0.718000   0.000707   0.268000  -9.337760    523      0
-5.0000E+00   5.477019   1.748921 -99.000000 -22.535379 -99.000000   0.000000   0.268000   0.006566   0.014000   0.045324      3
 1.0000E-05  -3.865507   3.055865 -99.000000 -99.000000  -8.264458   0.000000   0.002413   0.001460   0.014000  0.000E+00        max_dt

           waiting for fully convective core to develop           1    1.5077905021213064D-01
          2   5.477619   4469.738 -21.137512 -21.137512   2.000000   2.000000   0.718000   0.000707   0.268000  -9.337760    521      0
-4.6990E+00   5.477019   1.748895 -99.000000 -22.535380 -99.000000   0.000000   0.268000   0.006566   0.014000   0.045324      3
 3.0000E-05  -3.865507   3.053612 -99.000000 -99.000000  -8.263698   0.000000   0.002413   0.001460   0.014000  0.000E+00  max increase

           waiting for fully convective core to develop           2    1.5077905009933129D-01
          3   5.477619   4458.968 -21.137512 -21.137512   2.000000   2.000000   0.718000   0.000707   0.268000  -9.337760    524      0
-4.3979E+00   5.477019   1.748844 -99.000000 -22.535380 -99.000000   0.000000   0.268000   0.006566   0.014000   0.045324      3
 7.0000E-05  -3.865507   3.049320 -99.000000 -99.000000  -8.262251   0.000000   0.002413   0.001460   0.014000  0.000E+00  max increase

           waiting for fully convective core to develop           3    1.5077904987567861D-01
          4   5.477619   4438.552 -21.137513 -21.137513   2.000000   2.000000   0.718000   0.000707   0.268000  -9.337759    524      0
-4.0969E+00   5.477019   1.748748 -99.000000 -22.535381 -99.000000   0.000000   0.268000   0.006566   0.014000   0.045324      3
 1.5000E-04  -3.865506   3.041154 -36.725659 -99.000000  -8.259504   0.000000   0.002413   0.001460   0.014000  0.000E+00  max increase

           waiting for fully convective core to develop           4    1.5077904943617182D-01
          5   5.477620   4402.919 -21.137515 -21.137515   2.000000   2.000000   0.718000   0.000707   0.268000  -9.337758    524      0
-3.7959E+00   5.477019   1.748572 -99.000000 -22.535383 -99.000000   0.000000   0.268000   0.006566   0.014000   0.045324      3
 3.1000E-04  -3.865506   3.026800 -99.000000 -99.000000  -8.254640   0.000000   0.002413   0.001460   0.014000  0.000E+00  max increase

           waiting for fully convective core to develop           5    1.5077904858538413D-01
          6   5.477620   4345.689 -21.137517 -21.137517   2.000000   2.000000   0.718000   0.000707   0.268000  -9.337757    518      0
-3.4949E+00   5.477019   1.748272 -99.000000 -22.535385 -99.000000   0.000000   0.268000   0.006566   0.014000   0.045324      3
 6.3000E-04  -3.865506   3.003473 -99.000000 -99.000000  -8.246454   0.000000   0.002413   0.001460   0.014000  0.000E+00  max increase

           waiting for fully convective core to develop           6    1.5077904697892300D-01
          7   5.477620   4265.680 -21.137520 -21.137520   2.000000   2.000000   0.718000   0.000707   0.268000  -9.337756    525      0
-3.1938E+00   5.477019   1.747807 -99.000000 -22.535388 -99.000000   0.000000   0.268000   0.006566   0.014000   0.045324      3
 1.2700E-03  -3.865505   2.970261 -99.000000 -99.000000  -8.233701   0.000000   0.002413   0.001460   0.014000  0.000E+00  max increase

           waiting for fully convective core to develop           7    1.5077904403896883D-01
          8   5.477621   4170.235 -21.137522 -21.137522   2.000000   2.000000   0.718000   0.000707   0.268000  -9.337755    526      0
-2.8928E+00   5.477019   1.747161 -99.000000 -22.535390 -99.000000   0.000000   0.268000   0.006566   0.014000   0.045324      3
 2.5500E-03  -3.865504   2.929659 -99.000000 -99.000000  -8.215633   0.000000   0.002413   0.001460   0.014000  0.000E+00  max increase

           waiting for fully convective core to develop           8    1.4433453794099405D-01
          9   5.477619   4073.985 -21.137519 -21.137519   2.000000   2.000000   0.718000   0.000707   0.268000  -9.337754    519      0
-2.5918E+00   5.477020   1.746356 -99.000000 -22.535388 -99.000000   0.000000   0.268000   0.006566   0.014000   0.045324      3
 5.1100E-03  -3.865503   2.887483 -99.000000 -99.000000  -8.191789   0.000000   0.002413   0.001460   0.014000  0.000E+00  max increase

           waiting for fully convective core to develop           9    1.4433310224870063D-01

__________________________________________________________________________________________________________________________________________________

       step    lg_Tmax     Teff     lg_LH      lg_Lnuc_tot     Mass       H_rich     H_cntr     N_cntr     Y_surf   eta_cntr   zones  retry
  lg_dt_yrs    lg_Tcntr    lg_R     lg_L3a     lg_Lneu     lg_Mdot    He_core    He_cntr    O_cntr     Z_surf   gam_cntr   iters  
    age_yrs    lg_Dcntr    lg_L     lg_LZ      lg_Lphoto   lg_Dsurf   CO_core    C_cntr     Ne_cntr    Z_cntr   v_div_cs       dt_limit
__________________________________________________________________________________________________________________________________________________

         10   5.477611   3991.235 -21.137510 -21.137510   2.000000   2.000000   0.718000   0.000707   0.268000  -9.337754    525      0
-2.2907E+00   5.477021   1.745441 -99.000000 -22.535378 -99.000000   0.000000   0.268000   0.006566   0.014000   0.045324      3
 1.0230E-02  -3.865501   2.850005 -99.000000 -99.000000  -8.162970   0.000000   0.002413   0.001460   0.014000  0.000E+00  max increase

           waiting for fully convective core to develop          10    1.4433302547239293D-01
         11   5.477607   3929.115 -21.137486 -21.137486   2.000000   2.000000   0.718000   0.000707   0.268000  -9.337754    520      0
-1.9897E+00   5.477022   1.744501 -99.000000 -22.535354 -99.000000   0.000000   0.268000   0.006566   0.014000   0.045324      3
 2.0470E-02  -3.865499   2.820875 -99.000000 -99.000000  -8.133917   0.000000   0.002413   0.001460   0.014000  0.000E+00  max increase

           waiting for fully convective core to develop          11    1.3791848446827062D-01
         12   5.477607   3888.145 -21.137433 -21.137433   2.000000   2.000000   0.718000   0.000707   0.268000  -9.337754    517      0
-1.6887E+00   5.477025   1.743629 -99.000000 -22.535301 -99.000000   0.000000   0.268000   0.006566   0.014000   0.045324      3
 4.0950E-02  -3.865494   2.800922 -99.000000 -99.000000  -8.111101   0.000000   0.002413   0.001460   0.014000  0.000E+00  max increase

           waiting for fully convective core to develop          12    1.3153903177437262D-01
         13   5.477613   3864.413 -21.137305 -21.137305   2.000000   2.000000   0.718000   0.000707   0.268000  -9.337753    520      0
-1.3876E+00   5.477032   1.742894 -99.000000 -22.535174 -99.000000   0.000000   0.268000   0.006566   0.014000   0.045324      3
 8.1910E-02  -3.865484   2.788816 -99.000000 -99.000000  -8.096560   0.000000   0.002413   0.001460   0.014000  0.000E+00  max increase

           waiting for fully convective core to develop          13    1.2502070251484482D-01
         14   5.477629   3852.887 -21.136997 -21.136997   2.000000   2.000000   0.718000   0.000707   0.268000  -9.337752    519      0
-1.0866E+00   5.477048   1.742329 -99.000000 -22.534865 -99.000000   0.000000   0.268000   0.006566   0.014000   0.045323      3
 1.6383E-01  -3.865458   2.782497 -99.000000 -99.000000  -8.089003   0.000000   0.002413   0.001460   0.014000  0.000E+00  max increase

           waiting for fully convective core to develop          14    1.1265347978440103D-01
         15   5.477667   3848.331 -21.136281 -21.136281   2.000000   2.000000   0.718000   0.000707   0.268000  -9.337749    521      0
-7.8558E-01   5.477087   1.741927 -99.000000 -22.534149 -99.000000   0.000000   0.268000   0.006566   0.014000   0.045321      3
 3.2767E-01  -3.865400   2.779637 -99.000000 -99.000000  -8.085755   0.000000   0.002413   0.001460   0.014000  0.000E+00  max increase

           waiting for fully convective core to develop          15    9.6343138516470722D-02
         16   5.477758   3846.955 -21.134625 -21.134625   2.000000   2.000000   0.718000   0.000707   0.268000  -9.337742    521      0
-4.8455E-01   5.477178   1.741633 -99.000000 -22.532493 -99.000000   0.000000   0.268000   0.006566   0.014000   0.045316      3
 6.5535E-01  -3.865260   2.778428 -99.000000 -99.000000  -8.084558   0.000000   0.002413   0.001460   0.014000  0.000E+00  max increase

           waiting for fully convective core to develop          16    7.7223483489801292D-02
         17   5.477970   3846.763 -21.130963 -21.130963   2.000000   2.000000   0.718000   0.000707   0.268000  -9.337726    521      0
-1.8352E-01   5.477390   1.741359 -99.000000 -22.528831 -99.000000   0.000000   0.268000   0.006566   0.014000   0.045305      3
 1.3107E+00  -3.864935   2.777794 -99.000000 -99.000000  -8.084104   0.000000   0.002413   0.001460   0.014000  0.000E+00  max increase

           waiting for fully convective core to develop          17    5.9697103525037487D-02
         18   5.478433   3847.061 -21.123573 -21.123573   2.000000   2.000000   0.718000   0.000707   0.268000  -9.337691    521      0
 1.1751E-01   5.477854   1.740974 -99.000000 -22.521441 -99.000000   0.000000   0.268000   0.006566   0.014000   0.045282      3
 2.6214E+00  -3.864225   2.777158 -99.000000 -99.000000  -8.083812   0.000000   0.002413   0.001460   0.014000  0.000E+00  max increase

           waiting for fully convective core to develop          18    4.3640135005615338D-02
         19   5.479396   3847.802 -21.109540 -21.109540   2.000000   2.000000   0.718000   0.000707   0.268000  -9.337620    521      0
 4.1854E-01   5.478818   1.740272 -99.000000 -22.507408 -99.000000   0.000000   0.268000   0.006566   0.014000   0.045232      3
 5.2429E+00  -3.862748   2.776089 -99.000000 -99.000000  -8.083398   0.000000   0.002413   0.001460   0.014000  0.000E+00  max increase

           waiting for fully convective core to develop          19    2.9041202096299002D-02

__________________________________________________________________________________________________________________________________________________

       step    lg_Tmax     Teff     lg_LH      lg_Lnuc_tot     Mass       H_rich     H_cntr     N_cntr     Y_surf   eta_cntr   zones  retry
  lg_dt_yrs    lg_Tcntr    lg_R     lg_L3a     lg_Lneu     lg_Mdot    He_core    He_cntr    O_cntr     Z_surf   gam_cntr   iters  
    age_yrs    lg_Dcntr    lg_L     lg_LZ      lg_Lphoto   lg_Dsurf   CO_core    C_cntr     Ne_cntr    Z_cntr   v_div_cs       dt_limit
__________________________________________________________________________________________________________________________________________________

         20   5.481454   3849.286 -21.086559 -21.086559   2.000000   2.000000   0.718000   0.000707   0.268000  -9.337466    521      0
 7.1957E-01   5.480879   1.738916 -99.000000 -22.484427 -99.000000   0.000000   0.268000   0.006566   0.014000   0.045127      3
 1.0486E+01  -3.859592   2.774046 -99.000000 -99.000000  -8.082631   0.000000   0.002413   0.001460   0.014000  0.000E+00  max increase

           waiting for fully convective core to develop          20    1.1464302507680539D-02
         21   5.484842   3852.215 -21.037444 -21.037444   2.000000   2.000000   0.718000   0.000707   0.268000  -9.337167    521      0
 1.0206E+00   5.484842   1.736228 -99.000000 -22.435312 -99.000000   0.000000   0.268000   0.006566   0.014000   0.044926      3
 2.0972E+01  -3.853523   2.769991 -99.000000 -99.000000  -8.081099   0.000000   0.002413   0.001460   0.014000  0.000E+00  max increase

           waiting for fully convective core to develop          21    2.4272115813189654D-04
         22   5.488698   3857.913 -20.942039 -20.942039   2.000000   2.000000   0.718000   0.000707   0.268000  -9.314373    521      0
 1.3216E+00   5.488698   1.731009 -99.000000 -22.339907 -99.000000   0.000000   0.268000   0.006566   0.014000   0.045068      3
 4.1943E+01  -3.837841   2.762122 -99.000000 -99.000000  -8.078117   0.000000   0.002413   0.001460   0.014000  0.000E+00  max increase

           waiting for fully convective core to develop          22    1.3485870879187028D-05
         23   5.497990   3868.588 -20.762435 -20.762435   2.000000   2.000000   0.718000   0.000707   0.268000  -9.282998    517      0
 1.6227E+00   5.497990   1.721153 -99.000000 -22.160304 -99.000000   0.000000   0.268000   0.006566   0.014000   0.045057      3
 8.3886E+01  -3.810284   2.747210 -99.000000 -99.000000  -8.072377   0.000000   0.002413   0.001460   0.014000  0.000E+00  max increase

             relative mass of radiative core still tiny          23    7.8132197101066225D-08
         24   5.511746   3884.529 -20.498304 -20.498304   2.000000   2.000000   0.718000   0.000707   0.268000  -9.236482    527      0
 1.8296E+00   5.511746   1.706567 -99.000000 -21.896172 -99.000000   0.000000   0.268000   0.006566   0.014000   0.045042      3
 1.5144E+02  -3.769459   2.725181 -99.000000 -99.000000  -8.063821   0.000000   0.002413   0.001460   0.014000  0.000E+00    varcontrol

             relative mass of radiative core still tiny          24    7.8132196656977015D-08
         25   5.528247   3904.000 -20.184327 -20.184327   2.000000   2.000000   0.718000   0.000707   0.268000  -9.180568    522      0
 1.9524E+00   5.528247   1.689075 -99.000000 -21.582196 -99.000000   0.000000   0.268000   0.006566   0.014000   0.045025      3
 2.4105E+02  -3.720437   2.698883 -99.000000 -99.000000  -8.053495   0.000000   0.002413   0.001460   0.014000  0.000E+00    varcontrol

             relative mass of radiative core still tiny          25    7.8132197323110830D-08
         26   5.546117   3925.217 -19.847935 -19.847935   2.000000   2.000000   0.718000   0.000707   0.268000  -9.119880    527      0
 2.0342E+00   5.546117   1.670141 -99.000000 -21.245803 -99.000000   0.000000   0.268000   0.006566   0.014000   0.045009      3
 3.4924E+02  -3.667289   2.670431 -99.000000 -99.000000  -8.042011   0.000000   0.002413   0.001460   0.014000  0.000E+00    varcontrol

             relative mass of radiative core still tiny          26    7.8132196656977015D-08
         27   5.564577   3945.907 -19.504443 -19.504443   2.000000   2.000000   0.718000   0.000707   0.268000  -9.057048    519      0
 2.0976E+00   5.564577   1.650597 -99.000000 -20.902312 -99.000000   0.000000   0.268000   0.006566   0.014000   0.044995      3
 4.7444E+02  -3.612328   2.640474 -99.000000 -99.000000  -8.029072   0.000000   0.002413   0.001460   0.014000  0.000E+00    varcontrol

             relative mass of radiative core still tiny          27    7.8132196656977015D-08
         28   5.583296   3969.226 -19.160256 -19.160256   2.000000   2.000000   0.718000   0.000707   0.268000  -8.993196    523      0
 2.1525E+00   5.583296   1.630786 -99.000000 -20.558124 -99.000000   0.000000   0.268000   0.006566   0.014000   0.044982      3
 6.1652E+02  -3.556535   2.611090 -99.000000 -99.000000  -8.016592   0.000000   0.002413   0.001460   0.014000  0.000E+00    varcontrol

             relative mass of radiative core still tiny          28    7.8132196879021620D-08
         29   5.602148   3990.882 -18.817825 -18.817825   2.000000   2.000000   0.718000   0.000707   0.268000  -8.928770    533      0
 2.2055E+00   5.602148   1.610856 -99.000000 -20.215693 -99.000000   0.000000   0.268000   0.006566   0.014000   0.044971      3
 7.7705E+02  -3.500295   2.580681 -99.000000 -99.000000  -8.002566   0.000000   0.002413   0.001460   0.014000  0.000E+00    varcontrol

             relative mass of radiative core still tiny          29    7.8132197323110830D-08

__________________________________________________________________________________________________________________________________________________

       step    lg_Tmax     Teff     lg_LH      lg_Lnuc_tot     Mass       H_rich     H_cntr     N_cntr     Y_surf   eta_cntr   zones  retry
  lg_dt_yrs    lg_Tcntr    lg_R     lg_L3a     lg_Lneu     lg_Mdot    He_core    He_cntr    O_cntr     Z_surf   gam_cntr   iters  
    age_yrs    lg_Dcntr    lg_L     lg_LZ      lg_Lphoto   lg_Dsurf   CO_core    C_cntr     Ne_cntr    Z_cntr   v_div_cs       dt_limit
__________________________________________________________________________________________________________________________________________________

         30   5.621079   4014.123 -18.478158 -18.478158   2.000000   2.000000   0.718000   0.000707   0.268000  -8.863972    537      0
 2.2568E+00   5.621079   1.590858 -99.000000 -19.876026 -99.000000   0.000000   0.268000   0.006566   0.014000   0.044962      3
 9.5768E+02  -3.443777   2.550773 -99.000000 -99.000000  -7.988548   0.000000   0.002413   0.001460   0.014000  0.000E+00    varcontrol

             relative mass of radiative core still tiny          30    7.8132197323110830D-08
         31   5.640025   4036.850 -18.142398 -18.142398   2.000000   2.000000   0.718000   0.000707   0.268000  -8.799042    538      0
 2.3068E+00   5.640025   1.570868 -99.000000 -19.540266 -99.000000   0.000000   0.268000   0.006566   0.014000   0.044954      3
 1.1603E+03  -3.387179   2.520599 -99.000000 -99.000000  -7.973763   0.000000   0.002413   0.001460   0.014000  0.000E+00    varcontrol

             relative mass of radiative core still tiny          31    7.8132197545155435D-08
         32   5.658965   4059.402 -17.810853 -17.810853   2.000000   2.000000   0.718000   0.000707   0.268000  -8.734067    542      0
 2.3563E+00   5.658965   1.550907 -99.000000 -19.208722 -99.000000   0.000000   0.268000   0.006566   0.014000   0.044946      3
 1.3875E+03  -3.330569   2.490355 -99.000000 -99.000000  -7.958473   0.000000   0.002413   0.001460   0.014000  0.000E+00    varcontrol

             relative mass of radiative core still tiny          32    7.8132197101066225D-08
         33   5.677872   4081.822 -17.483939 -17.483939   2.000000   2.000000   0.718000   0.000707   0.268000  -8.669154    539      0
 2.4050E+00   5.677872   1.531006 -99.000000 -18.881807 -99.000000   0.000000   0.268000   0.006566   0.014000   0.044940      3
 1.6416E+03  -3.274036   2.460121 -99.000000 -99.000000  -7.942809   0.000000   0.002413   0.001460   0.014000  0.000E+00    varcontrol

             relative mass of radiative core still tiny          33    7.8132197101066225D-08
         34   5.696751   4104.102 -17.161484 -17.161484   2.000000   2.000000   0.718000   0.000707   0.268000  -8.604295    551      0
 2.4538E+00   5.696751   1.511160 -99.000000 -18.559352 -99.000000   0.000000   0.268000   0.006566   0.014000   0.044934      3
 1.9259E+03  -3.217568   2.429886 -99.000000 -99.000000  -7.926833   0.000000   0.002413   0.001460   0.014000  0.000E+00    varcontrol

             relative mass of radiative core still tiny          34    7.8132197323110830D-08
         35   5.715615   4124.658 -16.843194 -16.843194   2.000000   2.000000   0.718000   0.000707   0.268000  -8.539446    549      0
 2.5036E+00   5.715615   1.491358 -99.000000 -18.241062 -99.000000   0.000000   0.268000   0.006566   0.014000   0.044929      3
 2.2447E+03  -3.161127   2.398961 -99.000000 -99.000000  -7.910117   0.000000   0.002413   0.001460   0.014000  0.000E+00    varcontrol

             relative mass of radiative core still tiny          35    7.8132196879021620D-08
         36   5.734540   4149.535 -16.527714 -16.527714   2.000000   2.000000   0.718000   0.000707   0.268000  -8.474341    550      0
 2.5534E+00   5.734540   1.471510 -99.000000 -17.925582 -99.000000   0.000000   0.268000   0.006566   0.014000   0.044924      3
 2.6024E+03  -3.104484   2.369711 -99.000000 -99.000000  -7.894437   0.000000   0.002413   0.001460   0.014000  0.000E+00    varcontrol

             relative mass of radiative core still tiny          36    7.8132197323110830D-08
         37   5.753441   4170.039 -16.216416 -16.216416   2.000000   2.000000   0.718000   0.000707   0.268000  -8.409267    553      0
 2.6031E+00   5.753441   1.451716 -99.000000 -17.614284 -99.000000   0.000000   0.268000   0.006566   0.014000   0.044921      3
 3.0033E+03  -3.047890   2.338686 -99.000000 -99.000000  -7.877379   0.000000   0.002413   0.001460   0.014000  0.000E+00    varcontrol

             relative mass of radiative core still tiny          37    7.8132197767200040D-08
         38   5.772369   4194.170 -15.908396 -15.908396   2.000000   2.000000   0.718000   0.000707   0.268000  -8.344046    555      0
 2.6525E+00   5.772369   1.431913 -99.000000 -17.306264 -99.000000   0.000000   0.268000   0.006566   0.014000   0.044918      3
 3.4526E+03  -2.991193   2.309104 -99.000000 -99.000000  -7.861221   0.000000   0.002413   0.001460   0.014000  0.000E+00    varcontrol

             relative mass of radiative core still tiny          38    7.8132197989244645D-08
         39   5.791248   4214.337 -15.604857 -15.604857   2.000000   2.000000   0.718000   0.000707   0.268000  -8.278948    554      0
 2.7016E+00   5.791248   1.412189 -99.000000 -17.002725 -99.000000   0.000000   0.268000   0.006566   0.014000   0.044915      3
 3.9556E+03  -2.934624   2.277989 -99.000000 -99.000000  -7.844014   0.000000   0.002413   0.001460   0.014000  0.000E+00    varcontrol

             relative mass of radiative core still tiny          39    7.8132197323110830D-08

__________________________________________________________________________________________________________________________________________________

       step    lg_Tmax     Teff     lg_LH      lg_Lnuc_tot     Mass       H_rich     H_cntr     N_cntr     Y_surf   eta_cntr   zones  retry
  lg_dt_yrs    lg_Tcntr    lg_R     lg_L3a     lg_Lneu     lg_Mdot    He_core    He_cntr    O_cntr     Z_surf   gam_cntr   iters  
    age_yrs    lg_Dcntr    lg_L     lg_LZ      lg_Lphoto   lg_Dsurf   CO_core    C_cntr     Ne_cntr    Z_cntr   v_div_cs       dt_limit
__________________________________________________________________________________________________________________________________________________

         40   5.810137   4237.701 -15.304779 -15.304779   2.000000   2.000000   0.718000   0.000707   0.268000  -8.213775    560      0
 2.7508E+00   5.810137   1.392474 -99.000000 -16.702647 -99.000000   0.000000   0.268000   0.006566   0.014000   0.044914      3
 4.5190E+03  -2.878007   2.248163 -99.000000 -99.000000  -7.827655   0.000000   0.002413   0.001460   0.014000  0.000E+00    varcontrol

             relative mass of radiative core still tiny          40    7.8132196656977015D-08
         41   5.828998   4258.739 -15.008737 -15.008737   2.000000   2.000000   0.718000   0.000707   0.268000  -8.148674    560      0
 2.7999E+00   5.828998   1.372815 -99.000000 -16.406605 -99.000000   0.000000   0.268000   0.006566   0.014000   0.044912      3
 5.1497E+03  -2.821465   2.217449 -99.000000 -99.000000  -7.810724   0.000000   0.002413   0.001460   0.014000  0.000E+00    varcontrol

             relative mass of radiative core still tiny          41    7.8132197101066225D-08
         42   5.847858   4281.288 -14.716255 -14.716255   2.000000   2.000000   0.718000   0.000707   0.268000  -8.083560    574      0
 2.8489E+00   5.847858   1.353181 -99.000000 -16.114123 -99.000000   0.000000   0.268000   0.006566   0.014000   0.044911      3
 5.8559E+03  -2.764918   2.187353 -99.000000 -99.000000  -7.794170   0.000000   0.002413   0.001460   0.014000  0.000E+00    varcontrol

             relative mass of radiative core still tiny          42    7.8132197323110830D-08
         43   5.866684   4302.324 -14.427773 -14.427773   2.000000   2.000000   0.718000   0.000707   0.268000  -8.018547    569      0
 2.8977E+00   5.866684   1.333607 -99.000000 -15.825641 -99.000000   0.000000   0.268000   0.006566   0.014000   0.044910      3
 6.6460E+03  -2.708467   2.156720 -99.000000 -99.000000  -7.777247   0.000000   0.002413   0.001460   0.014000  0.000E+00    varcontrol

             relative mass of radiative core still tiny          43    7.8132197323110830D-08
         44   5.885484   4324.136 -14.143078 -14.143078   2.000000   2.000000   0.718000   0.000707   0.268000  -7.953598    575      0
 2.9463E+00   5.885484   1.314081 -99.000000 -15.540945 -99.000000   0.000000   0.268000   0.006566   0.014000   0.044910      3
 7.5297E+03  -2.652081   2.126453 -99.000000 -99.000000  -7.760502   0.000000   0.002413   0.001460   0.014000  0.000E+00    varcontrol

             relative mass of radiative core still tiny          44    7.8132197323110830D-08
         45   5.904258   4345.278 -13.862107 -13.862107   2.000000   2.000000   0.718000   0.000707   0.268000  -7.888710    573      0
 2.9951E+00   5.904258   1.294603 -99.000000 -15.259974 -99.000000   0.000000   0.268000   0.006566   0.014000   0.044910      3
 8.5185E+03  -2.595762   2.095970 -99.000000 -99.000000  -7.743565   0.000000   0.002413   0.001460   0.014000  0.000E+00    varcontrol

             relative mass of radiative core still tiny          45    7.8132197101066225D-08
         46   5.923020   4366.550 -13.584598 -13.584598   2.000000   2.000000   0.718000   0.000707   0.268000  -7.823833    580      0
 3.0441E+00   5.923020   1.275158 -99.000000 -14.982465 -99.000000   0.000000   0.268000   0.006566   0.014000   0.044910      3
 9.6254E+03  -2.539467   2.065564 -99.000000 -99.000000  -7.726597   0.000000   0.002413   0.001460   0.014000  0.000E+00    varcontrol

             relative mass of radiative core still tiny          46    7.8132197101066225D-08
         47   5.941754   4387.315 -13.310708 -13.310708   2.000000   2.000000   0.718000   0.000707   0.268000  -7.759015    578      0
 3.0929E+00   5.941754   1.255761 -99.000000 -14.708575 -99.000000   0.000000   0.268000   0.006566   0.014000   0.044911      3
 1.0864E+04  -2.483240   2.035011 -99.000000 -99.000000  -7.709456   0.000000   0.002413   0.001460   0.014000  0.000E+00    varcontrol

             relative mass of radiative core still tiny          47    7.8132196879021620D-08
         48   5.960465   4407.953 -13.040350 -13.040350   2.000000   2.000000   0.718000   0.000707   0.268000  -7.694253    587      0
 3.1417E+00   5.960465   1.236407 -99.000000 -14.438217 -99.000000   0.000000   0.268000   0.006566   0.014000   0.044912      3
 1.2250E+04  -2.427075   2.004457 -99.000000 -99.000000  -7.692213   0.000000   0.002413   0.001460   0.014000  0.000E+00    varcontrol

             relative mass of radiative core still tiny          48    7.8132196212887806D-08
         49   5.979181   4429.613 -12.773047 -12.773047   2.000000   2.000000   0.718000   0.000707   0.268000  -7.629452    585      0
 3.1908E+00   5.979181   1.217067 -99.000000 -14.170914 -99.000000   0.000000   0.268000   0.006566   0.014000   0.044913      3
 1.3801E+04  -2.370884   1.974291 -99.000000 -99.000000  -7.675049   0.000000   0.002413   0.001460   0.014000  0.000E+00    varcontrol

             relative mass of radiative core still tiny          49    7.8132196656977015D-08

__________________________________________________________________________________________________________________________________________________

       step    lg_Tmax     Teff     lg_LH      lg_Lnuc_tot     Mass       H_rich     H_cntr     N_cntr     Y_surf   eta_cntr   zones  retry
  lg_dt_yrs    lg_Tcntr    lg_R     lg_L3a     lg_Lneu     lg_Mdot    He_core    He_cntr    O_cntr     Z_surf   gam_cntr   iters  
    age_yrs    lg_Dcntr    lg_L     lg_LZ      lg_Lphoto   lg_Dsurf   CO_core    C_cntr     Ne_cntr    Z_cntr   v_div_cs       dt_limit
__________________________________________________________________________________________________________________________________________________

         50   5.997867   4449.259 -12.509283 -12.509283   2.000000   2.000000   0.718000   0.000707   0.268000  -7.564750    587      0
 3.2397E+00   5.997867   1.197779 -99.000000 -13.907151 -99.000000   0.000000   0.268000   0.006566   0.014000   0.044915      3
 1.5538E+04  -2.314783   1.943403 -99.000000 -99.000000  -7.657389   0.000000   0.002413   0.001460   0.014000  0.000E+00    varcontrol

             relative mass of radiative core still tiny          50    7.8132197101066225D-08
         51   6.016540   4469.789 -12.248774 -12.248774   2.000000   2.000000   0.718000   0.000707   0.268000  -7.500103    591      0
 3.2886E+00   6.016540   1.178526 -99.000000 -13.646642 -99.000000   0.000000   0.268000   0.006566   0.014000   0.044916      3
 1.7482E+04  -2.258725   1.912893 -99.000000 -99.000000  -7.639770   0.000000   0.002413   0.001460   0.014000  0.000E+00    varcontrol

             relative mass of radiative core still tiny          51    7.8132198211289250D-08
         52   6.035205   4489.918 -11.991414 -11.991414   2.000000   2.000000   0.718000   0.000707   0.268000  -7.435502    594      0
 3.3377E+00   6.035205   1.159302 -99.000000 -13.389281 -99.000000   0.000000   0.268000   0.006566   0.014000   0.044917      3
 1.9658E+04  -2.202700   1.882252 -99.000000 -99.000000  -7.621938   0.000000   0.002413   0.001460   0.014000  0.000E+00    varcontrol

             relative mass of radiative core still tiny          52    7.8132197989244645D-08
         53   6.053857   4510.337 -11.737180 -11.737180   2.000000   2.000000   0.718000   0.000707   0.268000  -7.370957    598      0
 3.3866E+00   6.053857   1.140110 -99.000000 -13.135047 -99.000000   0.000000   0.268000   0.006566   0.014000   0.044918      3
 2.2093E+04  -2.146715   1.851750 -99.000000 -99.000000  -7.604024   0.000000   0.002413   0.001460   0.014000  0.000E+00    varcontrol

             relative mass of radiative core still tiny          53    7.8132197989244645D-08
         54   6.072469   4529.361 -11.486427 -11.486427   2.000000   2.000000   0.718000   0.000707   0.268000  -7.306572    596      0
 3.4351E+00   6.072469   1.120981 -99.000000 -12.884293 -99.000000   0.000000   0.268000   0.006566   0.014000   0.044919      3
 2.4817E+04  -2.090862   1.820803 -99.000000 -99.000000  -7.585816   0.000000   0.002413   0.001460   0.014000  0.000E+00    varcontrol

             relative mass of radiative core still tiny          54    7.8132197545155435D-08
         55   6.091068   4549.864 -11.238694 -11.238694   2.000000   2.000000   0.718000   0.000707   0.268000  -7.242241    603      0
 3.4838E+00   6.091068   1.101882 -99.000000 -12.636560 -99.000000   0.000000   0.268000   0.006566   0.014000   0.044919      3
 2.7863E+04  -2.035050   1.790451 -99.000000 -99.000000  -7.567737   0.000000   0.002413   0.001460   0.014000  0.000E+00    varcontrol

             relative mass of radiative core still tiny          55    7.8132197545155435D-08
         56   6.109624   4567.923 -10.994339 -10.994339   2.000000   2.000000   0.718000   0.000707   0.268000  -7.178069    601      0
 3.5326E+00   6.109624   1.082845 -99.000000 -12.392205 -99.000000   0.000000   0.268000   0.006566   0.014000   0.044920      3
 3.1272E+04  -1.979371   1.759259 -99.000000 -99.000000  -7.549263   0.000000   0.002413   0.001460   0.014000  0.000E+00    varcontrol

             relative mass of radiative core still tiny          56    7.8132197101066225D-08
         57   6.128191   4588.489 -10.752598 -10.752598   2.000000   2.000000   0.718000   0.000707   0.268000  -7.113866    607      0
 3.5817E+00   6.128191   1.063812 -99.000000 -12.150465 -99.000000   0.000000   0.268000   0.006566   0.014000   0.044920      3
 3.5089E+04  -1.923662   1.728996 -99.000000 -99.000000  -7.531046   0.000000   0.002413   0.001460   0.014000  0.000E+00    varcontrol

             relative mass of radiative core still tiny          57    7.8132196879021620D-08
         58   6.146743   4607.397 -10.513771 -10.513771   2.000000   2.000000   0.718000   0.000707   0.268000  -7.049722    613      0
 3.6308E+00   6.146743   1.044811 -99.000000 -11.911637 -99.000000   0.000000   0.268000   0.006566   0.014000   0.044920      3
 3.9362E+04  -1.868000   1.698138 -99.000000 -99.000000  -7.512555   0.000000   0.002413   0.001460   0.014000  0.000E+00    varcontrol

             relative mass of radiative core still tiny          58    7.8132196656977015D-08
         59   6.165233   4624.470 -10.278412 -10.278412   2.000000   2.000000   0.718000   0.000707   0.268000  -6.985801    611      0
 3.6792E+00   6.165233   1.025889 -99.000000 -11.676278 -99.000000   0.000000   0.268000   0.006566   0.014000   0.044920      3
 4.4140E+04  -1.812527   1.666720 -99.000000 -99.000000  -7.493856   0.000000   0.002413   0.001460   0.014000  0.000E+00    varcontrol

             relative mass of radiative core still tiny          59    7.8132196656977015D-08

__________________________________________________________________________________________________________________________________________________

       step    lg_Tmax     Teff     lg_LH      lg_Lnuc_tot     Mass       H_rich     H_cntr     N_cntr     Y_surf   eta_cntr   zones  retry
  lg_dt_yrs    lg_Tcntr    lg_R     lg_L3a     lg_Lneu     lg_Mdot    He_core    He_cntr    O_cntr     Z_surf   gam_cntr   iters  
    age_yrs    lg_Dcntr    lg_L     lg_LZ      lg_Lphoto   lg_Dsurf   CO_core    C_cntr     Ne_cntr    Z_cntr   v_div_cs       dt_limit
__________________________________________________________________________________________________________________________________________________

         60   6.183719   4644.509 -10.045729 -10.045729   2.000000   2.000000   0.718000   0.000707   0.268000  -6.921903    614      0
 3.7279E+00   6.183719   1.006985 -99.000000 -11.443594 -99.000000   0.000000   0.268000   0.006566   0.014000   0.044920      3
 4.9485E+04  -1.757070   1.636424 -99.000000 -99.000000  -7.475500   0.000000   0.002413   0.001460   0.014000  0.000E+00    varcontrol

             relative mass of radiative core still tiny          60    7.8132195990843201D-08
         61   6.202175   4661.920  -9.816012  -9.816012   2.000000   2.000000   0.718000   0.000707   0.268000  -6.858121    615      0
 3.7769E+00   6.202175   0.988128 -99.000000 -11.213877 -99.000000   0.000000   0.268000   0.006566   0.014000   0.044920      3
 5.5468E+04  -1.701707   1.605209 -99.000000 -99.000000  -7.456837   0.000000   0.002413   0.001460   0.014000  0.000E+00    varcontrol

             relative mass of radiative core still tiny          61    7.8132196212887806D-08
         62   6.220618   4680.936  -9.589006  -9.589006   2.000000   2.000000   0.718000   0.000707   0.268000  -6.794397    622      0
 3.8257E+00   6.220618   0.969297 -99.000000 -10.986872 -99.000000   0.000000   0.268000   0.006566   0.014000   0.044920      3
 6.2161E+04  -1.646389   1.574619 -99.000000 -99.000000  -7.438376   0.000000   0.002413   0.001460   0.014000  0.000E+00    varcontrol

             relative mass of radiative core still tiny          62    7.8132195990843201D-08
         63   6.239022   4697.360  -9.364985  -9.364985   2.000000   2.000000   0.718000   0.000707   0.268000  -6.730820    616      0
 3.8746E+00   6.239022   0.950521 -99.000000 -10.762850 -99.000000   0.000000   0.268000   0.006566   0.014000   0.044919      3
 6.9653E+04  -1.591193   1.543151 -99.000000 -99.000000  -7.419664   0.000000   0.002413   0.001460   0.014000  0.000E+00    varcontrol

             relative mass of radiative core still tiny          63    7.8132196434932411D-08
         64   6.257424   4715.545  -9.143435  -9.143435   2.000000   2.000000   0.718000   0.000707   0.268000  -6.667258    623      0
 3.9238E+00   6.257424   0.931758 -99.000000 -10.541300 -99.000000   0.000000   0.268000   0.006566   0.014000   0.044918      3
 7.8045E+04  -1.536004   1.512338 -99.000000 -99.000000  -7.401182   0.000000   0.002413   0.001460   0.014000  0.000E+00    varcontrol

             relative mass of radiative core still tiny          64    7.8132196434932411D-08
         65   6.275775   4731.001  -8.924921  -8.924921   2.000000   2.000000   0.718000   0.000707   0.268000  -6.603884    622      0
 3.9727E+00   6.275775   0.913061 -99.000000 -10.322785 -99.000000   0.000000   0.268000   0.006566   0.014000   0.044918      3
 8.7435E+04  -1.480972   1.480628 -99.000000 -99.000000  -7.382476   0.000000   0.002413   0.001460   0.014000  0.000E+00    varcontrol

             relative mass of radiative core still tiny          65    7.8132196656977015D-08
         66   6.294107   4749.082  -8.709020  -8.709020   2.000000   2.000000   0.718000   0.000707   0.268000  -6.540587    628      0
 4.0213E+00   6.294107   0.894395 -99.000000 -10.106883 -99.000000   0.000000   0.268000   0.006566   0.014000   0.044917      3
 9.7937E+04  -1.426003   1.449922 -99.000000 -99.000000  -7.364146   0.000000   0.002413   0.001460   0.014000  0.000E+00    varcontrol

             relative mass of radiative core still tiny          66    7.8132196434932411D-08
         67   6.312402   4765.307  -8.495861  -8.495861   2.000000   2.000000   0.718000   0.000707   0.268000  -6.477416    629      0
 4.0701E+00   6.312402   0.875776 -99.000000  -9.893724 -99.000000   0.000000   0.268000   0.006566   0.014000   0.044916      3
 1.0969E+05  -1.371141   1.418610 -99.000000 -99.000000  -7.345695   0.000000   0.002413   0.001460   0.014000  0.000E+00    varcontrol

             relative mass of radiative core still tiny          67    7.8132196434932411D-08
         68   6.330671   4781.507  -8.285303  -8.285303   2.000000   2.000000   0.718000   0.000707   0.268000  -6.414339    631      0
 4.1190E+00   6.330671   0.857195 -99.000000  -9.683165 -99.000000   0.000000   0.268000   0.006566   0.014000   0.044915      3
 1.2284E+05  -1.316360   1.387344 -99.000000 -99.000000  -7.327333   0.000000   0.002413   0.001460   0.014000  0.000E+00    varcontrol

             relative mass of radiative core still tiny          68    7.8132196212887806D-08
         69   6.348911   4796.812  -8.077331  -8.077331   2.000000   2.000000   0.718000   0.000707   0.268000  -6.351362    639      0
 4.1681E+00   6.348911   0.838654 -99.000000  -9.475193 -99.000000   0.000000   0.268000   0.006566   0.014000   0.044914      3
 1.3757E+05  -1.261667   1.355813 -23.781370 -99.000000  -7.308962   0.000000   0.002413   0.001460   0.014000  0.000E+00    varcontrol

             relative mass of radiative core still tiny          69    7.8132196434932411D-08

__________________________________________________________________________________________________________________________________________________

       step    lg_Tmax     Teff     lg_LH      lg_Lnuc_tot     Mass       H_rich     H_cntr     N_cntr     Y_surf   eta_cntr   zones  retry
  lg_dt_yrs    lg_Tcntr    lg_R     lg_L3a     lg_Lneu     lg_Mdot    He_core    He_cntr    O_cntr     Z_surf   gam_cntr   iters  
    age_yrs    lg_Dcntr    lg_L     lg_LZ      lg_Lphoto   lg_Dsurf   CO_core    C_cntr     Ne_cntr    Z_cntr   v_div_cs       dt_limit
__________________________________________________________________________________________________________________________________________________

         70   6.367113   4811.202  -7.871990  -7.871990   2.000000   2.000000   0.718000   0.000707   0.268000  -6.288509    642      0
 4.2173E+00   6.367113   0.820160 -99.000000  -9.269851 -99.000000   0.000000   0.268000   0.006566   0.014000   0.044913      3
 1.5406E+05  -1.207083   1.324029 -23.480340 -99.000000  -7.290586   0.000000   0.002413   0.001460   0.014000  0.000E+00    varcontrol

             relative mass of radiative core still tiny          70    7.8132196656977015D-08
         71   6.385301   4827.043  -7.668975  -7.668975   2.000000   2.000000   0.718000   0.000707   0.268000  -6.225697    640      0
 4.2664E+00   6.385301   0.801689 -99.000000  -9.066835 -99.000000   0.000000   0.268000   0.006566   0.014000   0.044913      3
 1.7253E+05  -1.152539   1.292796 -99.000000 -99.000000  -7.272475   0.000000   0.002413   0.001460   0.014000  0.000E+00    varcontrol

             relative mass of radiative core still tiny          71    7.8132196434932411D-08
         72   6.403459   4841.369  -7.468419  -7.468419   2.000000   2.000000   0.718000   0.000707   0.268000  -6.162976    642      0
 4.3157E+00   6.403459   0.783255 -99.000000  -8.866279 -99.000000   0.000000   0.268000   0.006566   0.014000   0.044912      3
 1.9322E+05  -1.098078   1.261077 -99.000000 -99.000000  -7.254274   0.000000   0.002413   0.001460   0.014000  0.000E+00    varcontrol

             relative mass of radiative core still tiny          72    7.8132196434932411D-08
         73   6.421576   4854.829  -7.270427  -7.270427   2.000000   2.000000   0.718000   0.000707   0.268000  -6.100392    643      0
 4.3648E+00   6.421576   0.764872 -99.000000  -8.668286 -99.000000   0.000000   0.268000   0.006566   0.014000   0.044912      3
 2.1638E+05  -1.043741   1.229134 -99.000000 -99.000000  -7.236073   0.000000   0.002413   0.001460   0.014000  0.000E+00    varcontrol

             relative mass of radiative core still tiny          73    7.8132196212887806D-08
         74   6.439677   4869.582  -7.074661  -7.074661   2.000000   2.000000   0.718000   0.000707   0.268000  -6.037853    653      0
 4.4140E+00   6.439677   0.746512 -99.000000  -8.472519 -99.000000   0.000000   0.268000   0.006566   0.014000   0.044912      3
 2.4232E+05  -0.989446   1.197685 -99.000000 -99.000000  -7.218125   0.000000   0.002413   0.001460   0.014000  0.000E+00    varcontrol

             relative mass of radiative core still tiny          74    7.8132196212887806D-08
         75   6.457675   4882.467  -6.881299  -6.881299   2.000000   2.000000   0.718000   0.000707   0.268000  -5.975015    654      0
 4.4634E+00   6.457675   0.728195 -99.000000  -8.279155 -99.000000   0.000000   0.268000   0.006566   0.014000   0.044921      3
 2.7139E+05  -0.935177   1.165641 -99.000000 -99.000000  -7.200026   0.000000   0.002413   0.001460   0.014000  0.000E+00    varcontrol

             relative mass of radiative core still tiny          75    7.8132196212887806D-08
         76   6.474945   4894.873  -6.690534  -6.690534   2.000000   2.000000   0.718000   0.000707   0.268000  -5.908044    659      0
 4.5126E+00   6.474945   0.709932 -99.000000  -8.088389 -99.000000   0.000000   0.268000   0.006566   0.014000   0.045030      3
 3.0394E+05  -0.880207   1.133524 -21.975190 -99.000000  -7.181967   0.000000   0.002413   0.001460   0.014000  0.000E+00    varcontrol

                 finished relax to begin radiative core          76    2.0812779324331670D-03

 finished doing relax_to_radiative_core

 read my_history_columns.list
 read my_profile_columns.list
                                 set_initial_dt (years)    1.0000000000000000D+00
                             set_initial_number_retries           0
 net name basic.net
 kap_option gs98
 kap_CO_option gs98_co
 kap_lowT_option lowT_fa05_gs98
                                        OMP_NUM_THREADS          16


__________________________________________________________________________________________________________________________________________________

       step    lg_Tmax     Teff     lg_LH      lg_Lnuc_tot     Mass       H_rich     H_cntr     N_cntr     Y_surf   eta_cntr   zones  retry
  lg_dt_yrs    lg_Tcntr    lg_R     lg_L3a     lg_Lneu     lg_Mdot    He_core    He_cntr    O_cntr     Z_surf   gam_cntr   iters  
    age_yrs    lg_Dcntr    lg_L     lg_LZ      lg_Lphoto   lg_Dsurf   CO_core    C_cntr     Ne_cntr    Z_cntr   v_div_cs       dt_limit
__________________________________________________________________________________________________________________________________________________

          1   6.474945   4894.870  -6.690528  -6.690528   2.000000   2.000000   0.718000   0.000707   0.268000  -5.908042    659      0
 0.0000E+00   6.474945   0.709932 -99.000000  -8.088383 -12.336803   0.000000   0.268000   0.006566   0.014000   0.045030      2
 1.0000E+00  -0.880205   1.133522 -22.276220 -99.000000  -7.181974   0.000000   0.002413   0.001460   0.014000  0.000E+00    varcontrol

save LOGS/profile1.data for model 1
          2   6.474946   4894.676  -6.690521  -6.690521   2.000000   2.000000   0.718000   0.000707   0.268000  -5.908040    653      0
 7.9181E-02   6.474946   0.709931 -99.000000  -8.088376 -12.336806   0.000000   0.268000   0.006566   0.014000   0.045030      2
 2.2000E+00  -0.880203   1.133452 -99.000000 -99.000000  -7.181946   0.000000   0.002413   0.001460   0.014000  0.000E+00  max increase

          3   6.474947   4894.676  -6.690512  -6.690512   2.000000   2.000000   0.718000   0.000707   0.268000  -5.908037    653      0
 1.5836E-01   6.474947   0.709930 -99.000000  -8.088368 -12.336901   0.000000   0.268000   0.006566   0.014000   0.045030      2
 3.6400E+00  -0.880201   1.133450 -99.000000 -99.000000  -7.181945   0.000000   0.002413   0.001460   0.014000  0.000E+00  max increase

          4   6.474948   4894.677  -6.690502  -6.690502   2.000000   2.000000   0.718000   0.000707   0.268000  -5.908033    653      0
 2.3754E-01   6.474948   0.709929 -99.000000  -8.088357 -12.336904   0.000000   0.268000   0.006566   0.014000   0.045030      2
 5.3680E+00  -0.880198   1.133448 -99.000000 -99.000000  -7.181944   0.000000   0.002413   0.001460   0.014000  0.000E+00  max increase

          5   6.474949   4894.678  -6.690490  -6.690490   2.000000   2.000000   0.718000   0.000707   0.268000  -5.908029    654      0
 3.1672E-01   6.474949   0.709928 -99.000000  -8.088345 -12.336907   0.000000   0.268000   0.006566   0.014000   0.045030      2
 7.4416E+00  -0.880194   1.133446 -22.577250 -99.000000  -7.181943   0.000000   0.002413   0.001460   0.014000  0.000E+00  max increase

          6   6.474950   4894.679  -6.690476  -6.690476   2.000000   2.000000   0.718000   0.000707   0.268000  -5.908024    654      0
 3.9591E-01   6.474950   0.709927 -99.000000  -8.088331 -12.336911   0.000000   0.268000   0.006566   0.014000   0.045030      2
 9.9299E+00  -0.880190   1.133444 -99.000000 -99.000000  -7.181942   0.000000   0.002413   0.001460   0.014000  0.000E+00  max increase

          7   6.474952   4894.680  -6.690458  -6.690458   2.000000   2.000000   0.718000   0.000707   0.268000  -5.908018    654      0
 4.7509E-01   6.474952   0.709925 -99.000000  -8.088314 -12.336915   0.000000   0.268000   0.006566   0.014000   0.045030      2
 1.2916E+01  -0.880185   1.133441 -99.000000 -99.000000  -7.181940   0.000000   0.002413   0.001460   0.014000  0.000E+00  max increase

          8   6.474953   4894.681  -6.690437  -6.690437   2.000000   2.000000   0.718000   0.000707   0.268000  -5.908010    654      0
 5.5427E-01   6.474953   0.709923 -99.000000  -8.088293 -12.336921   0.000000   0.268000   0.006566   0.014000   0.045030      2
 1.6499E+01  -0.880179   1.133437 -99.000000 -99.000000  -7.181938   0.000000   0.002413   0.001460   0.014000  0.000E+00  max increase

          9   6.474956   4894.683  -6.690412  -6.690412   2.000000   2.000000   0.718000   0.000707   0.268000  -5.908001    654      0
 6.3345E-01   6.474956   0.709921 -99.000000  -8.088268 -12.336927   0.000000   0.268000   0.006566   0.014000   0.045030      2
 2.0799E+01  -0.880172   1.133433 -22.577250 -99.000000  -7.181936   0.000000   0.002413   0.001460   0.014000  0.000E+00  max increase


__________________________________________________________________________________________________________________________________________________

       step    lg_Tmax     Teff     lg_LH      lg_Lnuc_tot     Mass       H_rich     H_cntr     N_cntr     Y_surf   eta_cntr   zones  retry
  lg_dt_yrs    lg_Tcntr    lg_R     lg_L3a     lg_Lneu     lg_Mdot    He_core    He_cntr    O_cntr     Z_surf   gam_cntr   iters  
    age_yrs    lg_Dcntr    lg_L     lg_LZ      lg_Lphoto   lg_Dsurf   CO_core    C_cntr     Ne_cntr    Z_cntr   v_div_cs       dt_limit
__________________________________________________________________________________________________________________________________________________

         10   6.474958   4894.685  -6.690382  -6.690382   2.000000   2.000000   0.718000   0.000707   0.268000  -5.907991    654      0
 7.1263E-01   6.474958   0.709918 -99.000000  -8.088237 -12.336935   0.000000   0.268000   0.006566   0.014000   0.045030      2
 2.5959E+01  -0.880163   1.133428 -99.000000 -99.000000  -7.181933   0.000000   0.002413   0.001460   0.014000  0.000E+00  max increase

         11   6.474962   4894.687  -6.690346  -6.690346   2.000000   2.000000   0.718000   0.000707   0.268000  -5.907978    654      0
 7.9181E-01   6.474962   0.709914 -99.000000  -8.088201 -12.336944   0.000000   0.268000   0.006566   0.014000   0.045030      2
 3.2150E+01  -0.880152   1.133422 -22.577250 -99.000000  -7.181929   0.000000   0.002413   0.001460   0.014000  0.000E+00  max increase

         12   6.474966   4894.689  -6.690303  -6.690303   2.000000   2.000000   0.718000   0.000707   0.268000  -5.907963    654      0
 8.7099E-01   6.474966   0.709910 -99.000000  -8.088158 -12.336956   0.000000   0.268000   0.006566   0.014000   0.045030      2
 3.9581E+01  -0.880140   1.133415 -99.000000 -99.000000  -7.181925   0.000000   0.002413   0.001460   0.014000  0.000E+00  max increase

         13   6.474970   4894.693  -6.690251  -6.690251   2.000000   2.000000   0.718000   0.000707   0.268000  -5.907944    654      0
 9.5017E-01   6.474970   0.709905 -99.000000  -8.088106 -12.336969   0.000000   0.268000   0.006566   0.014000   0.045030      2
 4.8497E+01  -0.880125   1.133406 -99.000000 -99.000000  -7.181920   0.000000   0.002413   0.001460   0.014000  0.000E+00  max increase

         14   6.474976   4894.696  -6.690189  -6.690189   2.000000   2.000000   0.718000   0.000707   0.268000  -5.907922    654      0
 1.0294E+00   6.474976   0.709899 -99.000000  -8.088044 -12.336985   0.000000   0.268000   0.006566   0.014000   0.045030      2
 5.9196E+01  -0.880107   1.133395 -99.000000 -99.000000  -7.181914   0.000000   0.002413   0.001460   0.014000  0.000E+00  max increase

         15   6.474983   4894.701  -6.690114  -6.690114   2.000000   2.000000   0.718000   0.000707   0.268000  -5.907896    654      0
 1.1085E+00   6.474983   0.709892 -99.000000  -8.087969 -12.337005   0.000000   0.268000   0.006566   0.014000   0.045030      2
 7.2035E+01  -0.880085   1.133382 -22.577250 -99.000000  -7.181907   0.000000   0.002413   0.001460   0.014000  0.000E+00  max increase

         16   6.474991   4894.707  -6.690024  -6.690024   2.000000   2.000000   0.718000   0.000707   0.268000  -5.907864    654      0
 1.1877E+00   6.474991   0.709883 -99.000000  -8.087879 -12.337028   0.000000   0.268000   0.006566   0.014000   0.045030      2
 8.7442E+01  -0.880059   1.133367 -99.000000 -99.000000  -7.181899   0.000000   0.002413   0.001460   0.014000  0.000E+00  max increase

         17   6.475001   4894.713  -6.689916  -6.689916   2.000000   2.000000   0.718000   0.000707   0.268000  -5.907826    654      0
 1.2669E+00   6.475001   0.709873 -99.000000  -8.087771 -12.337056   0.000000   0.268000   0.006566   0.014000   0.045031      2
 1.0593E+02  -0.880028   1.133349 -99.000000 -99.000000  -7.181888   0.000000   0.002413   0.001460   0.014000  0.000E+00  max increase

         18   6.475013   4894.721  -6.689787  -6.689787   2.000000   2.000000   0.718000   0.000707   0.268000  -5.907781    654      0
 1.3461E+00   6.475013   0.709860 -99.000000  -8.087642 -12.337089   0.000000   0.268000   0.006566   0.014000   0.045031      2
 1.2812E+02  -0.879990   1.133326 -99.000000 -99.000000  -7.181876   0.000000   0.002413   0.001460   0.014000  0.000E+00  max increase

         19   6.475027   4894.731  -6.689632  -6.689632   2.000000   2.000000   0.718000   0.000707   0.268000  -5.907726    654      0
 1.4253E+00   6.475027   0.709846 -99.000000  -8.087487 -12.337129   0.000000   0.268000   0.006566   0.014000   0.045031      2
 1.5474E+02  -0.879946   1.133300 -99.000000 -99.000000  -7.181861   0.000000   0.002413   0.001460   0.014000  0.000E+00  max increase


__________________________________________________________________________________________________________________________________________________

       step    lg_Tmax     Teff     lg_LH      lg_Lnuc_tot     Mass       H_rich     H_cntr     N_cntr     Y_surf   eta_cntr   zones  retry
  lg_dt_yrs    lg_Tcntr    lg_R     lg_L3a     lg_Lneu     lg_Mdot    He_core    He_cntr    O_cntr     Z_surf   gam_cntr   iters  
    age_yrs    lg_Dcntr    lg_L     lg_LZ      lg_Lphoto   lg_Dsurf   CO_core    C_cntr     Ne_cntr    Z_cntr   v_div_cs       dt_limit
__________________________________________________________________________________________________________________________________________________

         20   6.475044   4894.742  -6.689446  -6.689446   2.000000   2.000000   0.718000   0.000707   0.268000  -5.907660    654      0
 1.5044E+00   6.475044   0.709828 -99.000000  -8.087301 -12.337178   0.000000   0.268000   0.006566   0.014000   0.045031      2
 1.8669E+02  -0.879892   1.133268 -99.000000 -99.000000  -7.181843   0.000000   0.002413   0.001460   0.014000  0.000E+00  max increase

         21   6.475064   4894.756  -6.689222  -6.689222   2.000000   2.000000   0.718000   0.000707   0.268000  -5.907581    654      0
 1.5836E+00   6.475064   0.709806 -99.000000  -8.087078 -12.337236   0.000000   0.268000   0.006566   0.014000   0.045031      2
 2.2503E+02  -0.879827   1.133230 -99.000000 -99.000000  -7.181822   0.000000   0.002413   0.001460   0.014000  0.000E+00  max increase

         22   6.475088   4894.772  -6.688955  -6.688955   2.000000   2.000000   0.718000   0.000707   0.268000  -5.907487    654      0
 1.6628E+00   6.475088   0.709780 -99.000000  -8.086810 -12.337305   0.000000   0.268000   0.006566   0.014000   0.045031      2
 2.7103E+02  -0.879749   1.133184 -21.975190 -99.000000  -7.181796   0.000000   0.002413   0.001460   0.014000  0.000E+00  max increase

         23   6.475118   4894.792  -6.688633  -6.688633   2.000000   2.000000   0.718000   0.000707   0.268000  -5.907373    651      0
 1.7420E+00   6.475118   0.709749 -99.000000  -8.086488 -12.337388   0.000000   0.268000   0.006566   0.014000   0.045031      2
 3.2624E+02  -0.879656   1.133130 -99.000000 -99.000000  -7.181766   0.000000   0.002413   0.001460   0.014000  0.000E+00  max increase

         24   6.475153   4894.816  -6.688248  -6.688248   2.000000   2.000000   0.718000   0.000707   0.268000  -5.907237    650      0
 1.8212E+00   6.475153   0.709712 -99.000000  -8.086103 -12.337488   0.000000   0.268000   0.006566   0.014000   0.045031      2
 3.9248E+02  -0.879544   1.133064 -99.000000 -99.000000  -7.181729   0.000000   0.002413   0.001460   0.014000  0.000E+00  max increase

         25   6.475195   4894.844  -6.687785  -6.687785   2.000000   2.000000   0.718000   0.000707   0.268000  -5.907074    650      0
 1.9003E+00   6.475195   0.709668 -99.000000  -8.085640 -12.337608   0.000000   0.268000   0.006566   0.014000   0.045032      2
 4.7198E+02  -0.879410   1.132985 -22.276220 -99.000000  -7.181685   0.000000   0.002413   0.001460   0.014000  0.000E+00  max increase

         26   6.475245   4894.878  -6.687230  -6.687230   2.000000   2.000000   0.718000   0.000707   0.268000  -5.906877    650      0
 1.9795E+00   6.475245   0.709614 -99.000000  -8.085085 -12.337752   0.000000   0.268000   0.006566   0.014000   0.045032      2
 5.6738E+02  -0.879250   1.132890 -99.000000 -99.000000  -7.181632   0.000000   0.002413   0.001460   0.014000  0.000E+00  max increase

         27   6.475306   4894.919  -6.686565  -6.686565   2.000000   2.000000   0.718000   0.000707   0.268000  -5.906642    651      0
 2.0587E+00   6.475306   0.709550 -99.000000  -8.084420 -12.337925   0.000000   0.268000   0.006566   0.014000   0.045032      2
 6.8185E+02  -0.879057   1.132777 -99.000000 -99.000000  -7.181568   0.000000   0.002413   0.001460   0.014000  0.000E+00  max increase

         28   6.475378   4894.968  -6.685766  -6.685766   2.000000   2.000000   0.718000   0.000707   0.268000  -5.906360    650      0
 2.1379E+00   6.475378   0.709474 -99.000000  -8.083621 -12.338132   0.000000   0.268000   0.006566   0.014000   0.045033      2
 8.1922E+02  -0.878825   1.132640 -22.276220 -99.000000  -7.181492   0.000000   0.002413   0.001460   0.014000  0.000E+00  max increase

         29   6.475465   4895.027  -6.684809  -6.684809   2.000000   2.000000   0.718000   0.000707   0.268000  -5.906021    650      0
 2.2171E+00   6.475465   0.709381 -99.000000  -8.082664 -12.338380   0.000000   0.268000   0.006566   0.014000   0.045034      2
 9.8407E+02  -0.878548   1.132477 -99.000000 -99.000000  -7.181400   0.000000   0.002413   0.001460   0.014000  0.000E+00  max increase


__________________________________________________________________________________________________________________________________________________

       step    lg_Tmax     Teff     lg_LH      lg_Lnuc_tot     Mass       H_rich     H_cntr     N_cntr     Y_surf   eta_cntr   zones  retry
  lg_dt_yrs    lg_Tcntr    lg_R     lg_L3a     lg_Lneu     lg_Mdot    He_core    He_cntr    O_cntr     Z_surf   gam_cntr   iters  
    age_yrs    lg_Dcntr    lg_L     lg_LZ      lg_Lphoto   lg_Dsurf   CO_core    C_cntr     Ne_cntr    Z_cntr   v_div_cs       dt_limit
__________________________________________________________________________________________________________________________________________________

         30   6.475570   4895.098  -6.683661  -6.683661   2.000000   2.000000   0.718000   0.000707   0.268000  -5.905615    650      0
 2.2963E+00   6.475570   0.709271 -99.000000  -8.081516 -12.338678   0.000000   0.268000   0.006566   0.014000   0.045034      2
 1.1819E+03  -0.878215   1.132281 -22.577250 -99.000000  -7.181290   0.000000   0.002413   0.001460   0.014000  0.000E+00  max increase

         31   6.475695   4895.419  -6.682284  -6.682284   2.000000   2.000000   0.718000   0.000707   0.268000  -5.905128    651      0
 2.3754E+00   6.475695   0.709138 -99.000000  -8.080140 -12.339035   0.000000   0.268000   0.006566   0.014000   0.045035      2
 1.4193E+03  -0.877816   1.132130 -99.000000 -99.000000  -7.181192   0.000000   0.002413   0.001460   0.014000  0.000E+00  max increase

         32   6.475845   4895.522  -6.680634  -6.680634   2.000000   2.000000   0.718000   0.000707   0.268000  -5.904544    651      0
 2.4546E+00   6.475845   0.708980 -99.000000  -8.078489 -12.339350   0.000000   0.268000   0.006566   0.014000   0.045036      2
 1.7041E+03  -0.877337   1.131849 -99.000000 -99.000000  -7.181035   0.000000   0.002413   0.001460   0.014000  0.000E+00  max increase

         33   6.476025   4895.646  -6.678657  -6.678657   2.000000   2.000000   0.718000   0.000707   0.268000  -5.903843    651      0
 2.5338E+00   6.476025   0.708789 -99.000000  -8.076512 -12.339862   0.000000   0.268000   0.006566   0.014000   0.045037      2
 2.0459E+03  -0.876764   1.131512 -21.975190 -99.000000  -7.180846   0.000000   0.002413   0.001460   0.014000  0.000E+00  max increase

         34   6.476240   4895.793  -6.676287  -6.676287   2.000000   2.000000   0.718000   0.000707   0.268000  -5.903003    651      0
 2.6130E+00   6.476240   0.708561 -99.000000  -8.074143 -12.340477   0.000000   0.268000   0.006566   0.014000   0.045039      2
 2.4561E+03  -0.876076   1.131108 -99.000000 -99.000000  -7.180619   0.000000   0.002413   0.001460   0.014000  0.000E+00  max increase

         35   6.476498   4895.970  -6.673450  -6.673450   2.000000   2.000000   0.718000   0.000707   0.268000  -5.901996    651      0
 2.6922E+00   6.476498   0.708288 -99.000000  -8.071305 -12.341213   0.000000   0.268000   0.006566   0.014000   0.045040      2
 2.9483E+03  -0.875252   1.130624 -22.276220 -99.000000  -7.180348   0.000000   0.002413   0.001460   0.014000  0.000E+00  max increase

         36   6.476807   4896.182  -6.670052  -6.670052   2.000000   2.000000   0.718000   0.000707   0.268000  -5.900788    651      0
 2.7713E+00   6.476807   0.707961 -99.000000  -8.067907 -12.342095   0.000000   0.268000   0.006566   0.014000   0.045042      2
 3.5390E+03  -0.874265   1.130045 -22.276220 -99.000000  -7.180024   0.000000   0.002413   0.001460   0.014000  0.000E+00  max increase

         37   6.477176   4896.436  -6.665985  -6.665985   2.000000   2.000000   0.718000   0.000707   0.268000  -5.899341    651      0
 2.8505E+00   6.477176   0.707569 -99.000000  -8.063840 -12.343152   0.000000   0.268000   0.006566   0.014000   0.045045      2
 4.2478E+03  -0.873083   1.129352 -99.000000 -99.000000  -7.179635   0.000000   0.002413   0.001460   0.014000  0.000E+00  max increase

         38   6.477617   4896.740  -6.661120  -6.661120   2.000000   2.000000   0.718000   0.000707   0.268000  -5.897608    651      0
 2.9297E+00   6.477617   0.707100 -99.000000  -8.058975 -12.344416   0.000000   0.268000   0.006566   0.014000   0.045048      2
 5.0984E+03  -0.871669   1.128522 -99.000000 -99.000000  -7.179170   0.000000   0.002413   0.001460   0.014000  0.000E+00  max increase

         39   6.478145   4897.103  -6.655306  -6.655306   2.000000   2.000000   0.718000   0.000707   0.268000  -5.895531    651      0
 3.0089E+00   6.478145   0.706539 -99.000000  -8.053161 -12.345929   0.000000   0.268000   0.006566   0.014000   0.045052      2
 6.1190E+03  -0.869976   1.127529 -21.975190 -99.000000  -7.178614   0.000000   0.002413   0.001460   0.014000  0.000E+00  max increase


__________________________________________________________________________________________________________________________________________________

       step    lg_Tmax     Teff     lg_LH      lg_Lnuc_tot     Mass       H_rich     H_cntr     N_cntr     Y_surf   eta_cntr   zones  retry
  lg_dt_yrs    lg_Tcntr    lg_R     lg_L3a     lg_Lneu     lg_Mdot    He_core    He_cntr    O_cntr     Z_surf   gam_cntr   iters  
    age_yrs    lg_Dcntr    lg_L     lg_LZ      lg_Lphoto   lg_Dsurf   CO_core    C_cntr     Ne_cntr    Z_cntr   v_div_cs       dt_limit
__________________________________________________________________________________________________________________________________________________

         40   6.478774   4897.536  -6.648360  -6.648360   2.000000   2.000000   0.718000   0.000707   0.268000  -5.893045    651      0
 3.0881E+00   6.478774   0.705870 -99.000000  -8.046215 -12.347739   0.000000   0.268000   0.006566   0.014000   0.045057      2
 7.3439E+03  -0.867953   1.126344 -99.000000 -99.000000  -7.177950   0.000000   0.002413   0.001460   0.014000  0.000E+00  max increase

         41   6.479526   4898.053  -6.640071  -6.640071   2.000000   2.000000   0.718000   0.000707   0.268000  -5.890070    651      0
 3.1672E+00   6.479526   0.705070 -99.000000  -8.037926 -12.349901   0.000000   0.268000   0.006566   0.014000   0.045062      2
 8.8136E+03  -0.865535   1.124927 -99.000000 -99.000000  -7.177157   0.000000   0.002413   0.001460   0.014000  0.000E+00  max increase

         42   6.480420   4898.669  -6.630189  -6.630189   2.000000   2.000000   0.718000   0.000707   0.268000  -5.886510    651      0
 3.2464E+00   6.480420   0.704116 -99.000000  -8.028044 -12.352483   0.000000   0.268000   0.006566   0.014000   0.045069      2
 1.0577E+04  -0.862648   1.123238 -22.577250 -99.000000  -7.176211   0.000000   0.002413   0.001460   0.014000  0.000E+00  max increase

         43   6.481484   4899.400  -6.618422  -6.618422   2.000000   2.000000   0.718000   0.000707   0.268000  -5.882255    651      0
 3.3256E+00   6.481484   0.702979 -99.000000  -8.016277 -12.355563   0.000000   0.268000   0.006566   0.014000   0.045078      2
 1.2694E+04  -0.859205   1.121224 -99.000000 -99.000000  -7.175083   0.000000   0.002413   0.001460   0.014000  0.000E+00  max increase

         44   6.482748   4900.266  -6.604432  -6.604432   2.000000   2.000000   0.718000   0.000707   0.268000  -5.877169    651      0
 3.4048E+00   6.482748   0.701627 -99.000000  -8.002287 -12.359235   0.000000   0.268000   0.006566   0.014000   0.045089      3
 1.5234E+04  -0.855103   1.118825 -99.000000 -99.000000  -7.173741   0.000000   0.002413   0.001460   0.014000  0.000E+00  max increase

         45   6.484244   4901.286  -6.587830  -6.587830   2.000000   2.000000   0.718000   0.000707   0.268000  -5.871096    651      0
 3.4840E+00   6.484244   0.700020 -99.000000  -7.985684 -12.363606   0.000000   0.268000   0.006566   0.014000   0.045102      3
 1.8281E+04  -0.850223   1.115973 -99.000000 -99.000000  -7.172146   0.000000   0.002413   0.001460   0.014000  0.000E+00  max increase

         46   6.486014   4903.144  -6.568155  -6.568155   2.000000   2.000000   0.718000   0.000707   0.268000  -5.863850    653      0
 3.5632E+00   6.486014   0.698114 -99.000000  -7.966009 -12.368803   0.000000   0.268000   0.006566   0.014000   0.045119      3
 2.1939E+04  -0.844423   1.112819 -22.276220 -99.000000  -7.170347   0.000000   0.002413   0.001460   0.014000  0.000E+00  max increase

         47   6.488100   4904.522  -6.544909  -6.544909   2.000000   2.000000   0.718000   0.000707   0.268000  -5.855211    655      0
 3.6423E+00   6.488100   0.695858 -99.000000  -7.942764 -12.374658   0.000000   0.268000   0.006566   0.014000   0.045141      3
 2.6327E+04  -0.837545   1.108797 -99.000000 -99.000000  -7.168101   0.000000   0.002413   0.001460   0.014000  0.000E+00  max increase

         48   6.490549   4906.205  -6.517523  -6.517523   2.000000   2.000000   0.718000   0.000707   0.268000  -5.844925    654      0
 3.7215E+00   6.490549   0.693197 -99.000000  -7.915377 -12.381978   0.000000   0.268000   0.006566   0.014000   0.045168      3
 3.1594E+04  -0.829407   1.104071 -99.000000 -99.000000  -7.165461   0.000000   0.002413   0.001460   0.014000  0.000E+00  max increase

         49   6.493416   4908.559  -6.485354  -6.485354   2.000000   2.000000   0.718000   0.000707   0.268000  -5.832695    655      0
 3.8007E+00   6.493416   0.690066 -99.000000  -7.883207 -12.390588   0.000000   0.268000   0.006566   0.014000   0.045203      4
 3.7913E+04  -0.819799   1.098641 -99.000000 -99.000000  -7.162408   0.000000   0.002413   0.001460   0.014000  0.000E+00  max increase


__________________________________________________________________________________________________________________________________________________

       step    lg_Tmax     Teff     lg_LH      lg_Lnuc_tot     Mass       H_rich     H_cntr     N_cntr     Y_surf   eta_cntr   zones  retry
  lg_dt_yrs    lg_Tcntr    lg_R     lg_L3a     lg_Lneu     lg_Mdot    He_core    He_cntr    O_cntr     Z_surf   gam_cntr   iters  
    age_yrs    lg_Dcntr    lg_L     lg_LZ      lg_Lphoto   lg_Dsurf   CO_core    C_cntr     Ne_cntr    Z_cntr   v_div_cs       dt_limit
__________________________________________________________________________________________________________________________________________________

         50   6.496757   4910.969  -6.447719  -6.447719   2.000000   2.000000   0.718000   0.000707   0.268000  -5.818180    655      0
 3.8799E+00   6.496757   0.686394 -99.000000  -7.845572 -12.400543   0.000000   0.268000   0.006566   0.014000   0.045248      4
 4.5497E+04  -0.808489   1.092149 -22.276220 -99.000000  -7.158780   0.000000   0.002413   0.001460   0.014000  0.000E+00  max increase

save LOGS/profile2.data for model 50
save photos/x050 for model 50
         51   6.500630   4913.747  -6.403882  -6.403882   2.000000   2.000000   0.718000   0.000707   0.268000  -5.800993    654      0
 3.9591E+00   6.500630   0.682105 -99.000000  -7.801734 -12.412384   0.000000   0.268000   0.006566   0.014000   0.045305      4
 5.4598E+04  -0.795220   1.084556 -99.000000 -99.000000  -7.154539   0.000000   0.002413   0.001460   0.014000  0.000E+00  max increase

         52   6.505097   4916.782  -6.353081  -6.353081   2.000000   2.000000   0.718000   0.000707   0.268000  -5.780693    656      0
 4.0382E+00   6.505097   0.677121 -99.000000  -7.750934 -12.426229   0.000000   0.268000   0.006566   0.014000   0.045378      3
 6.5518E+04  -0.779712   1.075659 -99.000000 -99.000000  -7.149584   0.000000   0.002413   0.001460   0.014000  0.000E+00  max increase

         53   6.510217   4920.381  -6.294537  -6.294537   2.000000   2.000000   0.718000   0.000707   0.268000  -5.756791    657      0
 4.1174E+00   6.510217   0.671357 -99.000000  -7.692389 -12.442416   0.000000   0.268000   0.006566   0.014000   0.045472      4
 7.8623E+04  -0.761659   1.065402 -21.674160 -99.000000  -7.143871   0.000000   0.002413   0.001460   0.014000  0.000E+00  max increase

         54   6.516050   4924.508  -6.227489  -6.227489   2.000000   2.000000   0.718000   0.000707   0.268000  -5.728747    656      0
 4.1966E+00   6.516050   0.664729 -99.000000  -7.625340 -12.461094   0.000000   0.268000   0.006566   0.014000   0.045592      3
 9.4348E+04  -0.740741   1.053603 -21.975190 -99.000000  -7.137304   0.000000   0.002413   0.001460   0.014000  0.000E+00  max increase

         55   6.522653   4929.844  -6.151190  -6.151190   2.000000   2.000000   0.718000   0.000707   0.268000  -5.695970    661      0
 4.2758E+00   6.522653   0.657153 -99.000000  -7.549041 -12.482577   0.000000   0.268000   0.006566   0.014000   0.045743      4
 1.1322E+05  -0.716614   1.040333 -21.373130 -99.000000  -7.129896   0.000000   0.002413   0.001460   0.014000  0.000E+00  max increase

         56   6.530063   4934.869  -6.065082  -6.065082   2.000000   2.000000   0.718000   0.000707   0.268000  -5.657832    659      0
 4.3550E+00   6.530063   0.648563 -99.000000  -7.462931 -12.506839   0.000000   0.268000   0.006566   0.014000   0.045934      4
 1.3586E+05  -0.688950   1.024922 -99.000000 -99.000000  -7.121348   0.000000   0.002413   0.001460   0.014000  0.000E+00  max increase

         57   6.538317   4940.482  -5.968676  -5.968676   2.000000   2.000000   0.718000   0.000707   0.268000  -5.613670    659      0
 4.4341E+00   6.538317   0.638897 -99.000000  -7.366525 -12.534843   0.000000   0.268000   0.006566   0.014000   0.046174      4
 1.6304E+05  -0.657409   1.007564 -21.373130 -99.000000  -7.111732   0.000000   0.002413   0.001460   0.014000  0.000E+00  max increase

         58   6.547445   4947.362  -5.861587  -5.861587   2.000000   2.000000   0.718000   0.000707   0.268000  -5.562806    664      0
 4.5133E+00   6.547445   0.628105 -99.000000  -7.259434 -12.566377   0.000000   0.268000   0.006566   0.014000   0.046472      4
 1.9565E+05  -0.621650   0.988399 -21.197038 -99.000000  -7.101098   0.000000   0.002413   0.001460   0.014000  0.000E+00  max increase

         59   6.557452   4954.033  -5.743733  -5.743733   2.000000   2.000000   0.718000   0.000707   0.268000  -5.504558    663      0
 4.5925E+00   6.557452   0.616175 -99.000000  -7.141578 -12.601293   0.000000   0.268000   0.006566   0.014000   0.046839      4
 2.3478E+05  -0.581369   0.966880 -20.975190 -99.000000  -7.089210   0.000000   0.002413   0.001460   0.014000  0.000E+00  max increase


__________________________________________________________________________________________________________________________________________________

       step    lg_Tmax     Teff     lg_LH      lg_Lnuc_tot     Mass       H_rich     H_cntr     N_cntr     Y_surf   eta_cntr   zones  retry
  lg_dt_yrs    lg_Tcntr    lg_R     lg_L3a     lg_Lneu     lg_Mdot    He_core    He_cntr    O_cntr     Z_surf   gam_cntr   iters  
    age_yrs    lg_Dcntr    lg_L     lg_LZ      lg_Lphoto   lg_Dsurf   CO_core    C_cntr     Ne_cntr    Z_cntr   v_div_cs       dt_limit
__________________________________________________________________________________________________________________________________________________

         60   6.568370   4963.156  -5.614931  -5.614931   2.000000   2.000000   0.718000   0.000707   0.268000  -5.438262    665      0
 4.6717E+00   6.568370   0.603092 -99.000000  -7.012775 -12.640341   0.000000   0.268000   0.006566   0.014000   0.047286      4
 2.8173E+05  -0.536235   0.943909 -99.000000 -99.000000  -7.076466   0.000000   0.002413   0.001460   0.014000  0.000E+00  max increase

         61   6.580182   4971.450  -5.475507  -5.475507   2.000000   2.000000   0.718000   0.000707   0.268000  -5.363289    664      0
 4.7509E+00   6.580182   0.588907 -99.000000  -6.873348 -12.682316   0.000000   0.268000   0.006566   0.014000   0.047827      4
 3.3808E+05  -0.485999   0.918441 -21.072100 -99.000000  -7.062414   0.000000   0.002413   0.001460   0.014000  0.000E+00  max increase

         62   6.591965   4980.828  -5.336506  -5.336506   2.000000   2.000000   0.718000   0.000707   0.268000  -5.285141    667      0
 4.7945E+00   6.591965   0.574788 -99.000000  -6.734345 -12.728584   0.000000   0.268000   0.006566   0.014000   0.048426      4
 4.0039E+05  -0.434433   0.893475 -99.000000 -99.000000  -7.048620   0.000000   0.002413   0.001460   0.014000  0.000E+00    lgRho_cntr

         63   6.602336   4988.592  -5.214205  -5.214205   2.000000   2.000000   0.718000   0.000707   0.268000  -5.213341    667      0
 4.7798E+00   6.602336   0.562428 -99.000000  -6.612041 -12.774120   0.000000   0.268000   0.006566   0.014000   0.049008      4
 4.6061E+05  -0.387742   0.871462 -20.594978 -99.000000  -7.036484   0.000000   0.002413   0.001460   0.014000  0.000E+00    lgRho_cntr

         64   6.613465   4998.354  -5.083858  -5.083858   2.000000   2.000000   0.718000   0.000707   0.268000  -5.134379    670      0
 4.8477E+00   6.613465   0.549370 -99.000000  -6.481690 -12.814194   0.000000   0.268000   0.006566   0.014000   0.049672      4
 5.3103E+05  -0.336813   0.848741 -99.000000 -99.000000  -7.023931   0.000000   0.002413   0.001460   0.014000  0.000E+00    varcontrol

         65   6.624876   5007.778  -4.951197  -4.951197   2.000000   2.000000   0.718000   0.000707   0.268000  -5.051358    669      0
 4.8964E+00   6.624876   0.536264 -99.000000  -6.349026 -12.855811   0.000000   0.268000   0.006566   0.014000   0.050397      4
 6.0981E+05  -0.283708   0.825801 -99.000000 -99.000000  -7.011284   0.000000   0.002413   0.001460   0.014000  0.000E+00    lgRho_cntr

         66   6.634938   5016.672  -4.834864  -4.834864   2.000000   2.000000   0.718000   0.000707   0.268000  -4.976136    672      0
 4.8757E+00   6.634938   0.524985 -99.000000  -6.232689 -12.897763   0.000000   0.268000   0.006566   0.014000   0.051079      4
 6.8491E+05  -0.236013   0.806327 -99.000000 -99.000000  -7.000543   0.000000   0.002413   0.001460   0.014000  0.000E+00    lgRho_cntr

         67   6.646027   5028.346  -4.708222  -4.708222   2.000000   2.000000   0.718000   0.000707   0.268000  -4.892608    676      0
 4.9481E+00   6.646027   0.512993 -99.000000  -6.106042 -12.933505   0.000000   0.268000   0.006566   0.014000   0.051852      4
 7.7364E+05  -0.183184   0.786379 -19.992918 -99.000000  -6.989516   0.000000   0.002413   0.001460   0.014000  0.000E+00    varcontrol

         68   6.657612   5040.206  -4.577507  -4.577507   2.000000   2.000000   0.718000   0.000707   0.268000  -4.804540    674      0
 4.9977E+00   6.657612   0.501008 -99.000000  -5.975322 -12.970483   0.000000   0.268000   0.006566   0.014000   0.052685      5
 8.7312E+05  -0.127650   0.766503 -99.000000 -99.000000  -6.978549   0.000000   0.002413   0.001460   0.014000  0.000E+00    lgRho_cntr

         69   6.667781   5052.102  -4.463816  -4.463816   2.000000   2.000000   0.718000   0.000707   0.268000  -4.726196    677      0
 4.9679E+00   6.667781   0.490986 -99.000000  -5.861626 -13.007359   0.000000   0.268000   0.006566   0.014000   0.053446      4
 9.6600E+05  -0.078463   0.750553 -19.867980 -99.000000  -6.969740   0.000000   0.002413   0.001460   0.014000  0.000E+00    lgRho_cntr


__________________________________________________________________________________________________________________________________________________

       step    lg_Tmax     Teff     lg_LH      lg_Lnuc_tot     Mass       H_rich     H_cntr     N_cntr     Y_surf   eta_cntr   zones  retry
  lg_dt_yrs    lg_Tcntr    lg_R     lg_L3a     lg_Lneu     lg_Mdot    He_core    He_cntr    O_cntr     Z_surf   gam_cntr   iters  
    age_yrs    lg_Dcntr    lg_L     lg_LZ      lg_Lphoto   lg_Dsurf   CO_core    C_cntr     Ne_cntr    Z_cntr   v_div_cs       dt_limit
__________________________________________________________________________________________________________________________________________________

         70   6.679282   5066.034  -4.337274  -4.337274   2.000000   2.000000   0.718000   0.000707   0.268000  -4.638206    677      0
 5.0445E+00   6.679282   0.480340 -99.000000  -5.735077 -13.037290   0.000000   0.268000   0.006566   0.014000   0.054308      4
 1.0768E+06  -0.023109   0.734046 -99.000000 -99.000000  -6.960636   0.000000   0.002413   0.001460   0.014000  0.000E+00    varcontrol

         71   6.691566   5084.329  -4.204308  -4.204308   2.000000   2.000000   0.718000   0.000707   0.268000  -4.545045    682      0
 5.0949E+00   6.691566   0.469811 -99.000000  -5.602103 -13.068496   0.000000   0.268000   0.006566   0.014000   0.055229      4
 1.2012E+06   0.035647   0.719249 -99.000000 -99.000000  -6.952479   0.000000   0.002413   0.001460   0.014000  0.000E+00    lgRho_cntr

         72   6.702251   5100.617  -4.089945  -4.089945   2.000000   2.000000   0.718000   0.000707   0.268000  -4.463911    681      0
 5.0537E+00   6.702251   0.461395 -99.000000  -5.487732 -13.097296   0.000000   0.268000   0.006566   0.014000   0.056044      4
 1.3144E+06   0.086788   0.707974 -99.000000 -99.000000  -6.946302   0.000000   0.002413   0.001460   0.014000  0.000E+00    lgRho_cntr

         73   6.712365   5117.162  -3.983090  -3.983090   2.000000   2.000000   0.718000   0.000707   0.268000  -4.387823    683      0
 5.0440E+00   6.712365   0.454132 -99.000000  -5.380869 -13.119570   0.000000   0.268000   0.006566   0.014000   0.056813      4
 1.4250E+06   0.134879   0.699075 -99.000000 -99.000000  -6.941472   0.000000   0.002413   0.001460   0.014000  0.000E+00    lgRho_cntr

         74   6.724211   5138.168  -3.860245  -3.860245   2.000000   2.000000   0.718000   0.000707   0.268000  -4.301068    683      0
 5.1232E+00   6.724211   0.446553 -99.000000  -5.258014 -13.137670   0.000000   0.268000   0.006566   0.014000   0.057681      4
 1.5579E+06   0.190169   0.691034 -99.000000 -99.000000  -6.937195   0.000000   0.002413   0.001460   0.014000  0.000E+00  max increase

         75   6.737829   5165.444  -3.721741  -3.721741   2.000000   2.000000   0.718000   0.000707   0.268000  -4.204375    688      0
 5.1929E+00   6.737829   0.439066 -99.000000  -5.119496 -13.154876   0.000000   0.268000   0.006566   0.014000   0.058635      4
 1.7138E+06   0.252400   0.685256 -19.265920 -99.000000  -6.934330   0.000000   0.002413   0.001460   0.014000  0.000E+00    lgRho_cntr

         76   6.749672   5190.593  -3.602762  -3.602762   2.000000   2.000000   0.718000   0.000707   0.268000  -4.121424    687      0
 5.1408E+00   6.749672   0.433664 -99.000000  -5.000505 -13.168951   0.000000   0.268000   0.006566   0.014000   0.059454      4
 1.8520E+06   0.306011   0.682889 -19.265920 -99.000000  -6.933456   0.000000   0.002413   0.001460   0.014000  0.000E+00    lgRho_cntr

         77   6.760932   5216.233  -3.491210  -3.491210   2.000000   2.000000   0.718000   0.000707   0.268000  -4.044413    687      0
 5.1225E+00   6.760932   0.429538 -99.000000  -4.888940 -13.176672   0.000000   0.268000   0.006566   0.014000   0.060206      4
 1.9846E+06   0.356166   0.683198 -99.000000 -99.000000  -6.934212   0.000000   0.002413   0.001460   0.014000  0.000E+00    lgRho_cntr

         78   6.772096   5243.969  -3.382176  -3.382176   2.000000   2.000000   0.718000   0.000707   0.268000  -3.970249    690      0
 5.1191E+00   6.772096   0.426427 -99.000000  -4.779891 -13.179714   0.000000   0.268000   0.006566   0.014000   0.060916      4
 2.1162E+06   0.404936   0.686189 -99.000000 -99.000000  -6.936679   0.000000   0.002413   0.001460   0.014000  0.000E+00    lgRho_cntr

         79   6.785633   5278.725  -3.252524  -3.252524   2.000000   2.000000   0.718000   0.000707   0.268000  -3.884509    690      0
 5.1983E+00   6.785633   0.423979 -99.000000  -4.650221 -13.178282   0.000000   0.268000   0.006566   0.014000   0.061702      4
 2.2741E+06   0.462244   0.692767 -99.000000 -99.000000  -6.941620   0.000000   0.002413   0.001460   0.014000  0.000E+00  max increase


__________________________________________________________________________________________________________________________________________________

       step    lg_Tmax     Teff     lg_LH      lg_Lnuc_tot     Mass       H_rich     H_cntr     N_cntr     Y_surf   eta_cntr   zones  retry
  lg_dt_yrs    lg_Tcntr    lg_R     lg_L3a     lg_Lneu     lg_Mdot    He_core    He_cntr    O_cntr     Z_surf   gam_cntr   iters  
    age_yrs    lg_Dcntr    lg_L     lg_LZ      lg_Lphoto   lg_Dsurf   CO_core    C_cntr     Ne_cntr    Z_cntr   v_div_cs       dt_limit
__________________________________________________________________________________________________________________________________________________

         80   6.802199   5323.763  -3.097258  -3.097258   2.000000   2.000000   0.718000   0.000707   0.268000  -3.785427    691      0
 5.2775E+00   6.802199   0.422913 -99.000000  -4.494930 -13.171453   0.000000   0.268000   0.006566   0.014000   0.062555      4
 2.4635E+06   0.529829   0.705395 -99.000000 -99.000000  -6.950807   0.000000   0.002413   0.001460   0.014000  0.000E+00    lgRho_cntr

         81   6.816615   5365.393  -2.963980  -2.963980   2.000000   2.000000   0.718000   0.000707   0.268000  -3.701964    691      0
 5.2102E+00   6.816615   0.423920 -99.000000  -4.361628 -13.155299   0.000000   0.268000   0.006566   0.014000   0.063248      4
 2.6258E+06   0.587429   0.720939 -99.000000 -99.000000  -6.962053   0.000000   0.002413   0.001460   0.014000  0.000E+00    lgRho_cntr

         82   6.830387   5407.127  -2.838586  -2.838586   2.000000   2.000000   0.718000   0.000707   0.268000  -3.625589    691      0
 5.1789E+00   6.830387   0.426651 -99.000000  -4.236209 -13.133471   0.000000   0.268000   0.006566   0.014000   0.063845      4
 2.7768E+06   0.640989   0.739861 -99.000000 -99.000000  -6.975928   0.000000   0.002413   0.001460   0.014000  0.000E+00    lgRho_cntr

         83   6.844153   5451.179  -2.715221  -2.715221   2.000000   2.000000   0.718000   0.000707   0.268000  -3.552897    694      0
 5.1639E+00   6.844153   0.431134 -99.000000  -4.112818 -13.105638   0.000000   0.268000   0.006566   0.014000   0.064369      5
 2.9226E+06   0.692933   0.762922 -99.000000 -99.000000  -6.993272   0.000000   0.002413   0.001460   0.014000  0.000E+00    lgRho_cntr

         84   6.858232   5497.426  -2.591022  -2.591022   2.000000   2.000000   0.718000   0.000707   0.268000  -3.482366    693      0
 5.1561E+00   6.858232   0.437580 -99.000000  -3.988590 -13.070748   0.000000   0.268000   0.006566   0.014000   0.064826      4
 3.0659E+06   0.744399   0.790492 -99.000000 -99.000000  -7.014628   0.000000   0.002413   0.001460   0.014000  0.000E+00    lgRho_cntr

         85   6.872818   5547.349  -2.464386  -2.464386   2.000000   2.000000   0.718000   0.000707   0.268000  -3.413311    693      0
 5.1508E+00   6.872818   0.446168 -99.000000  -3.861922 -13.028127   0.000000   0.268000   0.006566   0.014000   0.065216      4
 3.2074E+06   0.795970   0.823371 -99.000000 -99.000000  -7.041080   0.000000   0.002413   0.001460   0.014000  0.000E+00    lgRho_cntr

         86   6.888026   5601.343  -2.334430  -2.334430   2.000000   2.000000   0.718000   0.000707   0.268000  -3.345457    693      0
 5.1456E+00   6.888026   0.456832 -99.000000  -3.731933 -12.976543   0.000000   0.268000   0.006566   0.014000   0.065535      4
 3.3472E+06   0.847939   0.861527 -99.000000 -99.000000  -7.073235   0.000000   0.002413   0.001460   0.014000  0.000E+00    lgRho_cntr

         87   6.903909   5659.359  -2.200866  -2.200866   2.000000   2.000000   0.717999   0.000707   0.268000  -3.278744    693      0
 5.1393E+00   6.903909   0.469015 -99.000000  -3.598333 -12.916096   0.000000   0.268001   0.006566   0.014000   0.065778      5
 3.4850E+06   0.900411   0.903792 -17.584678 -99.000000  -7.110952   0.000000   0.002413   0.001460   0.014000  0.000E+00    lgRho_cntr

         88   6.920440   5720.772  -2.064035  -2.064035   2.000000   2.000000   0.717999   0.000707   0.268000  -3.213215    693      0
 5.1315E+00   6.920440   0.481540 -99.000000  -3.461464 -12.848830   0.000000   0.268001   0.006566   0.014000   0.065946      5
 3.6204E+06   0.953328   0.947593 -99.000000 -99.000000  -7.152789   0.000000   0.002413   0.001460   0.014000  0.000E+00    lgRho_cntr

         89   6.937527   5785.070  -1.924761  -1.924761   2.000000   2.000000   0.717999   0.000707   0.268000  -3.148929    693      0
 5.1220E+00   6.937527   0.493112 -99.000000  -3.322153 -12.779202   0.000000   0.268001   0.006566   0.014000   0.066044      5
 3.7528E+06   1.006525   0.990152 -99.000000 -99.000000  -7.196888   0.000000   0.002413   0.001460   0.014000  0.000E+00    lgRho_cntr


__________________________________________________________________________________________________________________________________________________

       step    lg_Tmax     Teff     lg_LH      lg_Lnuc_tot     Mass       H_rich     H_cntr     N_cntr     Y_surf   eta_cntr   zones  retry
  lg_dt_yrs    lg_Tcntr    lg_R     lg_L3a     lg_Lneu     lg_Mdot    He_core    He_cntr    O_cntr     Z_surf   gam_cntr   iters  
    age_yrs    lg_Dcntr    lg_L     lg_LZ      lg_Lphoto   lg_Dsurf   CO_core    C_cntr     Ne_cntr    Z_cntr   v_div_cs       dt_limit
__________________________________________________________________________________________________________________________________________________

         90   6.955053   5852.557  -1.783963  -1.783963   2.000000   2.000000   0.717999   0.000707   0.268000  -3.085906    692      0
 5.1115E+00   6.955053   0.503005 -99.000000  -3.181321 -12.712050   0.000000   0.268001   0.006566   0.014000   0.066080      5
 3.8821E+06   1.059817   1.030087 -99.000000 -99.000000  -7.242389   0.000000   0.002413   0.001460   0.014000  0.000E+00    lgRho_cntr

         91   6.972922   5924.682  -1.642319  -1.642319   2.000000   2.000000   0.717998   0.000707   0.268000  -3.024123    692      0
 5.1005E+00   6.972922   0.511085 -99.000000  -3.039649 -12.649848   0.000000   0.268002   0.006566   0.014000   0.066062      5
 4.0081E+06   1.113072   1.067525 -99.000000 -99.000000  -7.289717   0.000000   0.002413   0.001460   0.014000  0.000E+00    lgRho_cntr

         92   6.991074   6004.348  -1.500179  -1.500179   1.999999   1.999999   0.717998   0.000707   0.268000  -2.963556    694      0
 5.0895E+00   6.991074   0.517283 -99.000000  -2.897492 -12.592535   0.000000   0.268002   0.006566   0.014000   0.065995      5
 4.1310E+06   1.166209   1.103123 -99.000000 -99.000000  -7.340180   0.000000   0.002413   0.001460   0.014000  0.000E+00    lgRho_cntr

         93   7.009473   6095.825  -1.357588  -1.357588   1.999999   1.999999   0.717997   0.000707   0.268000  -2.904211    693      0
 5.0788E+00   7.009473   0.521260 -55.053082  -2.754904 -12.539284   0.000000   0.268003   0.006566   0.014000   0.065882      5
 4.2509E+06   1.219172   1.137343 -16.857680 -99.000000  -7.395578   0.000000   0.002413   0.001460   0.014000  0.000E+00    lgRho_cntr

         94   7.027817   6205.208  -1.216354  -1.216354   1.999999   1.999999   0.717996   0.000707   0.268000  -2.846898    700      0
 5.0624E+00   7.027817   0.522160 -53.660122  -2.613704 -12.489754   0.000000   0.268004   0.006566   0.014000   0.065729      6
 4.3663E+06   1.271164   1.170038 -99.000000 -99.000000  -7.457984   0.000000   0.002413   0.001460   0.014000  0.000E+00    varcontrol

         95   7.045539   6337.987  -1.079869  -1.079869   1.999999   1.999999   0.717995   0.000708   0.268000  -2.793086    708      0
 5.0341E+00   7.045539   0.519039 -52.558110  -2.477302 -12.444862   0.000000   0.268005   0.006566   0.014000   0.065546      7
 4.4745E+06   1.320706   1.200576 -16.857680 -99.000000  -7.528480   0.000000   0.002413   0.001460   0.014000  0.000E+00    varcontrol

         96   7.062229   6503.605  -0.949914  -0.949914   1.999999   1.999999   0.717993   0.000708   0.268000  -2.743705    723      0
 4.9968E+00   7.062229   0.510604 -51.550200  -2.347521 -12.406251   0.000000   0.268007   0.006566   0.014000   0.065346     10
 4.5737E+06   1.366793   1.228519 -99.000000 -99.000000  -7.607908   0.000000   0.002412   0.001460   0.014000  0.000E+00    varcontrol

         97   7.078011   6687.670  -0.823938  -0.823938   1.999999   1.999999   0.717991   0.000709   0.268000  -2.698285    745      0
 4.9624E+00   7.078011   0.499172 -50.610851  -2.221891 -12.375596   0.000000   0.268009   0.006566   0.014000   0.065130     10
 4.6655E+06   1.409813   1.254137 -99.000000 -99.000000  -7.688458   0.000000   0.002412   0.001460   0.014000  0.000E+00    varcontrol

         98   7.093003   6875.303  -0.699080  -0.699080   1.999999   1.999999   0.717989   0.000710   0.268000  -2.656500    751      0
 4.9310E+00   7.093003   0.486900 -49.730385  -2.097695 -12.350591   0.000000   0.268011   0.006566   0.014000   0.064895      7
 4.7508E+06   1.450088   1.277661 -16.079529 -99.000000  -7.767659   0.000000   0.002410   0.001460   0.014000  0.000E+00        lgTeff

         99   7.107178   7057.984  -0.573595  -0.573595   1.999999   1.999999   0.717986   0.000713   0.268000  -2.618563    747      0
 4.8980E+00   7.107178   0.474840 -48.909390  -1.973361 -12.329119   0.000000   0.268013   0.006566   0.014000   0.064641      6
 4.8298E+06   1.487488   1.299096 -99.000000 -99.000000  -7.846626   0.000000   0.002408   0.001460   0.014001  0.000E+00        lgTeff


__________________________________________________________________________________________________________________________________________________

       step    lg_Tmax     Teff     lg_LH      lg_Lnuc_tot     Mass       H_rich     H_cntr     N_cntr     Y_surf   eta_cntr   zones  retry
  lg_dt_yrs    lg_Tcntr    lg_R     lg_L3a     lg_Lneu     lg_Mdot    He_core    He_cntr    O_cntr     Z_surf   gam_cntr   iters  
    age_yrs    lg_Dcntr    lg_L     lg_LZ      lg_Lphoto   lg_Dsurf   CO_core    C_cntr     Ne_cntr    Z_cntr   v_div_cs       dt_limit
__________________________________________________________________________________________________________________________________________________

        100   7.120516   7236.827  -0.443257  -0.443257   1.999999   1.999999   0.717983   0.000718   0.268000  -2.583571    758      0
 4.8722E+00   7.120516   0.462951 -48.137616  -1.844791 -12.310288   0.000000   0.268015   0.006566   0.014000   0.064387      7
 4.9043E+06   1.522370   1.318788 -99.000000 -99.000000  -7.930569   0.000000   0.002404   0.001460   0.014002  0.000E+00        lgTeff

save LOGS/profile3.data for model 100
save photos/x100 for model 100
        101   7.133960   7414.498  -0.303614  -0.303614   1.999999   1.999999   0.717979   0.000727   0.268000  -2.552731    762      0
 4.8555E+00   7.133960   0.451045 -47.381930  -1.707374 -12.293667   0.000000   0.268018   0.006566   0.014000   0.064040      6
 4.9760E+06   1.555645   1.337111 -99.000000 -99.000000  -8.021841   0.000000   0.002396   0.001460   0.014003  0.000E+00        lgTeff

        102   7.147538   7592.490  -0.151940  -0.151940   1.999999   1.999999   0.717974   0.000745   0.268000  -2.526517    772      0
 4.8450E+00   7.147538   0.438981 -46.639981  -1.557444 -12.278908   0.000000   0.268021   0.006566   0.014000   0.063589      5
 5.0460E+06   1.587157   1.354193 -15.352530 -99.000000  -8.118135   0.000000   0.002381   0.001460   0.014005  0.000E+00        lgTeff

        103   7.161366   7771.114   0.011870   0.011870   1.999999   1.999999   0.717967   0.000777   0.268000  -2.506096    780      0
 4.8387E+00   7.161366   0.426682 -45.903770  -1.392723 -12.265957   0.000000   0.268023   0.006566   0.014000   0.063004      5
 5.1150E+06   1.616595   1.369992 -99.000000 -99.000000  -8.216556   0.000000   0.002353   0.001460   0.014010  0.000E+00        lgTeff

        104   7.175893   7949.968   0.185188   0.185188   1.999999   1.999999   0.717955   0.000838   0.268000  -2.494461    790      0
 4.8360E+00   7.175893   0.414090 -45.159627  -1.212617 -12.254935   0.000000   0.268026   0.006566   0.014000   0.062199      5
 5.1835E+06   1.643371   1.384336 -15.176439 -99.000000  -8.316294   0.000000   0.002301   0.001460   0.014019  0.000E+00        lgTeff

        105   7.193503   8149.676   0.387144   0.387144   1.999999   1.999999   0.717931   0.000980   0.268000  -2.497695    798      0
 4.8905E+00   7.193503   0.399308 -44.296067  -0.992239 -12.246122   0.000000   0.268030   0.006566   0.014000   0.060894      5
 5.2612E+06   1.668513   1.397870 -15.051500 -99.000000  -8.429120   0.000000   0.002179   0.001460   0.014039  0.000E+00    varcontrol

        106   7.213829   8354.631   0.602676   0.602676   1.999999   1.999999   0.717879   0.001296   0.268000  -2.525322    801      0
 4.9236E+00   7.213829   0.383009 -43.335516  -0.745734 -12.240239   0.000000   0.268037   0.006566   0.014000   0.058969      5
 5.3451E+06   1.687445   1.408420 -99.000000 -99.000000  -8.544589   0.000000   0.001908   0.001460   0.014084  0.000E+00        lgTeff

        107   7.230461   8530.731   0.791337   0.791337   1.999999   1.999999   0.717855   0.001449   0.268000  -2.555267    814      0
 4.8990E+00   7.230461   0.367588 -42.505838  -0.526400 -12.239655   0.000000   0.268039   0.006566   0.014000   0.057299      5
 5.4243E+06   1.699824   1.413815 -99.000000 -99.000000  -8.640521   0.000000   0.001777   0.001460   0.014106  0.000E+00        lgTeff

        108   7.245513   8692.542   0.969614   0.969614   1.999999   1.999999   0.717840   0.001540   0.268000  -2.593856    817      0
 4.9524E+00   7.245513   0.350261 -41.764207  -0.321154 -12.245295   0.000000   0.268041   0.006566   0.014000   0.055619      4
 5.5140E+06   1.706155   1.411802 -14.449440 -99.000000  -8.721480   0.000000   0.001699   0.001460   0.014119  0.000E+00    varcontrol

        109   7.258022   8819.448   1.118039   1.118039   1.999999   1.999999   0.717818   0.001680   0.268000  -2.641777    834      0
 5.0316E+00   7.258022   0.330411 -41.164951  -0.153665 -12.262532   0.000000   0.268044   0.006566   0.014000   0.053983      5
 5.6215E+06   1.704692   1.397281 -14.148410 -99.000000  -8.772490   0.000000   0.001580   0.001460   0.014139  0.000E+00  max increase


__________________________________________________________________________________________________________________________________________________

       step    lg_Tmax     Teff     lg_LH      lg_Lnuc_tot     Mass       H_rich     H_cntr     N_cntr     Y_surf   eta_cntr   zones  retry
  lg_dt_yrs    lg_Tcntr    lg_R     lg_L3a     lg_Lneu     lg_Mdot    He_core    He_cntr    O_cntr     Z_surf   gam_cntr   iters  
    age_yrs    lg_Dcntr    lg_L     lg_LZ      lg_Lphoto   lg_Dsurf   CO_core    C_cntr     Ne_cntr    Z_cntr   v_div_cs       dt_limit
__________________________________________________________________________________________________________________________________________________

        110   7.266640   8880.387   1.211528   1.211528   1.999999   1.999999   0.717793   0.001829   0.268000  -2.692504    840      0
 5.1108E+00   7.266640   0.309232 -40.767657  -0.050202 -12.298769   0.000000   0.268047   0.006566   0.014000   0.052580      5
 5.7506E+06   1.696159   1.366885 -13.972319 -99.000000  -8.777412   0.000000   0.001451   0.001460   0.014160  0.000E+00  max increase

        111   7.271920   8876.272   1.236379   1.236379   1.999999   1.999999   0.717754   0.002058   0.268000  -2.733043    849      0
 5.1900E+00   7.271920   0.288727 -40.532075  -0.021951 -12.357553   0.000000   0.268054   0.006566   0.014000   0.051582      4
 5.9054E+06   1.686907   1.325071 -14.449440 -99.000000  -8.726161   0.000000   0.001255   0.001460   0.014193  0.000E+00  max increase

        112   7.275735   8845.367   1.213267   1.213267   1.999999   1.999999   0.717699   0.002362   0.268000  -2.753619    854      0
 5.2691E+00   7.275735   0.271105 -40.356522  -0.046773 -12.431184   0.000000   0.268065   0.006566   0.014000   0.051021      5
 6.0913E+06   1.683923   1.283768 -14.449440 -99.000000  -8.677189   0.000000   0.000995   0.001460   0.014236  0.000E+00  max increase

        113   7.280466   8854.807   1.162025   1.162025   1.999999   1.999999   0.717625   0.002746   0.268000  -2.746399    855      0
 5.3483E+00   7.280466   0.257307 -40.117274  -0.106911 -12.501710   0.000000   0.268084   0.006566   0.014000   0.050875      5
 6.3143E+06   1.694136   1.258025 -99.000000 -99.000000  -8.660317   0.000000   0.000666   0.001460   0.014291  0.000E+00  max increase

        114   7.288582   8970.355   1.104048   1.104048   1.999998   1.999998   0.717539   0.003136   0.268000  -2.707696    858      0
 5.4275E+00   7.288582   0.245893 -39.691002  -0.186737 -12.548027   0.000000   0.268115   0.006565   0.014000   0.051054      5
 6.5819E+06   1.722820   1.257717 -99.000000 -99.000000  -8.713805   0.000000   0.000332   0.001460   0.014347  0.000E+00  max increase

        115   7.301375   9215.120   1.069682   1.069682   1.999998   1.999998   0.717442   0.003403   0.268000  -2.639496    860      0
 5.5067E+00   7.301375   0.233338 -39.019345  -0.256278 -12.558007   0.000000   0.268173   0.006564   0.014000   0.051449      5
 6.9030E+06   1.771046   1.279373 -99.000000 -99.000000  -8.833807   0.000000   0.000104   0.001460   0.014384  0.000E+00  max increase

        116   7.314638   9470.755   1.118713   1.118713   1.999998   1.999998   0.717315   0.003492   0.268000  -2.578927    863      0
 5.5595E+00   7.314638   0.219144 -38.336111  -0.216840 -12.539292   0.000000   0.268289   0.006560   0.014000   0.051684      5
 7.2657E+06   1.816645   1.298519 -99.000000 -99.000000  -8.924715   0.000000   0.000030   0.001460   0.014396  0.000E+00        lgTeff

        117   7.322878   9599.574   1.194489   1.194489   1.999998   1.999998   0.717171   0.003507   0.268000  -2.561533    870      0
 5.5106E+00   7.322878   0.208083 -37.928332  -0.123247 -12.525340   0.000000   0.268432   0.006555   0.014000   0.051487      5
 7.5897E+06   1.836288   1.299868 -99.000000 -99.000000  -8.961333   0.000000   0.000021   0.001460   0.014397  0.000E+00        lgTeff

        118   7.327912   9641.575   1.243611   1.243611   1.999998   1.999998   0.716979   0.003515   0.268000  -2.567251    872      0
 5.5898E+00   7.327912   0.198554 -37.691029  -0.057720 -12.532788   0.000000   0.268625   0.006547   0.014000   0.051097      5
 7.9785E+06   1.841343   1.288395 -99.000000 -99.000000  -8.962874   0.000000   0.000021   0.001460   0.014396  0.000E+00  max increase

        119   7.330165   9632.609   1.260152   1.260152   1.999998   1.999998   0.716782   0.003522   0.268000  -2.578419    873      0
 5.6689E+00   7.330165   0.192178 -37.590418  -0.032887 -12.556262   0.000000   0.268823   0.006539   0.014000   0.050784      5
 8.4451E+06   1.839977   1.274026 -14.449440 -99.000000  -8.949725   0.000000   0.000021   0.001460   0.014395  0.000E+00  max increase


__________________________________________________________________________________________________________________________________________________

       step    lg_Tmax     Teff     lg_LH      lg_Lnuc_tot     Mass       H_rich     H_cntr     N_cntr     Y_surf   eta_cntr   zones  retry
  lg_dt_yrs    lg_Tcntr    lg_R     lg_L3a     lg_Lneu     lg_Mdot    He_core    He_cntr    O_cntr     Z_surf   gam_cntr   iters  
    age_yrs    lg_Dcntr    lg_L     lg_LZ      lg_Lphoto   lg_Dsurf   CO_core    C_cntr     Ne_cntr    Z_cntr   v_div_cs       dt_limit
__________________________________________________________________________________________________________________________________________________

        120   7.330954   9614.958   1.261130   1.261130   1.999998   1.999998   0.716574   0.003529   0.268000  -2.585612    870      0
 5.7481E+00   7.330954   0.188911 -37.556793  -0.029040 -12.581003   0.000000   0.269031   0.006530   0.014000   0.050626      5
 9.0050E+06   1.838141   1.264306 -99.000000 -99.000000  -8.937895   0.000000   0.000021   0.001460   0.014394  0.000E+00  max increase

        121   7.331350   9606.336   1.259027   1.259027   1.999998   1.999998   0.716297   0.003539   0.268000  -2.589159    866      0
 5.8273E+00   7.331350   0.187550 -37.539081  -0.030430 -12.596863   0.000000   0.269310   0.006519   0.014000   0.050555      5
 9.6770E+06   1.837290   1.260024 -99.000000 -99.000000  -8.932417   0.000000   0.000021   0.001460   0.014393  0.000E+00  max increase

        122   7.331691   9604.511   1.257894   1.257894   1.999997   1.999997   0.715974   0.003551   0.268000  -2.591404    863      0
 5.9065E+00   7.331691   0.186964 -37.522835  -0.031054 -12.603784   0.000000   0.269635   0.006506   0.014000   0.050509      5
 1.0483E+07   1.836921   1.258522 -99.000000 -99.000000  -8.930795   0.000000   0.000021   0.001460   0.014391  0.000E+00  max increase

        123   7.332012   9605.168   1.257476   1.257476   1.999997   1.999997   0.715542   0.003566   0.268000  -2.592896    863      0
 5.9857E+00   7.332012   0.186637 -37.506587  -0.031214 -12.606303   0.000000   0.270070   0.006488   0.014000   0.050482      5
 1.1451E+07   1.836868   1.257987 -99.000000 -99.000000  -8.930553   0.000000   0.000021   0.001460   0.014389  0.000E+00  max increase

        124   7.332277   9605.145   1.257434   1.257434   1.999997   1.999997   0.715090   0.003582   0.268000  -2.594650    863      0
 6.0648E+00   7.332277   0.186442 -37.493047  -0.030626 -12.607300   0.000000   0.270523   0.006469   0.014000   0.050454      5
 1.2612E+07   1.836627   1.257594 -14.449440 -99.000000  -8.930245   0.000000   0.000021   0.001460   0.014386  0.000E+00  max increase

        125   7.332493   9604.705   1.257398   1.257398   1.999997   1.999997   0.714476   0.003604   0.268000  -2.596071    864      0
 6.1440E+00   7.332493   0.186380 -37.480842  -0.030284 -12.607993   0.000000   0.271141   0.006444   0.014000   0.050440      5
 1.4005E+07   1.836497   1.257390 -13.972319 -99.000000  -8.929976   0.000000   0.000022   0.001460   0.014383  0.000E+00  max increase

        126   7.332651   9603.243   1.257451   1.257451   1.999996   1.999996   0.713841   0.003626   0.268000  -2.597733    864      0
 6.2232E+00   7.332651   0.186444 -37.471469  -0.029512 -12.608319   0.000000   0.271779   0.006419   0.014000   0.050427      5
 1.5677E+07   1.836184   1.257253 -99.000000 -99.000000  -8.929494   0.000000   0.000022   0.001460   0.014380  0.000E+00  max increase

        127   7.332778   9601.199   1.257558   1.257558   1.999996   1.999996   0.712972   0.003657   0.268000  -2.599222    864      0
 6.3024E+00   7.332778   0.186643 -37.462382  -0.028881 -12.608452   0.000000   0.272652   0.006384   0.014000   0.050426      5
 1.7683E+07   1.835958   1.257282 -13.972319 -99.000000  -8.928989   0.000000   0.000022   0.001460   0.014376  0.000E+00  max increase

        128   7.332871   9598.244   1.257770   1.257770   1.999995   1.999995   0.711924   0.003693   0.268000  -2.600841    864      0
 6.3816E+00   7.332871   0.186978 -37.454198  -0.028070 -12.608246   0.000000   0.273706   0.006341   0.014000   0.050433      5
 2.0091E+07   1.835672   1.257417 -99.000000 -99.000000  -8.928327   0.000000   0.000022   0.001460   0.014370  0.000E+00  max increase

        129   7.332938   9594.349   1.258056   1.258056   1.999994   1.999994   0.710661   0.003737   0.268000  -2.602635    864      0
 6.4608E+00   7.332938   0.187451 -37.446343  -0.027040 -12.607783   0.000000   0.274975   0.006291   0.014000   0.050446      5
 2.2980E+07   1.835329   1.257658 -13.847380 -99.000000  -8.927499   0.000000   0.000022   0.001460   0.014364  0.000E+00  max increase


__________________________________________________________________________________________________________________________________________________

       step    lg_Tmax     Teff     lg_LH      lg_Lnuc_tot     Mass       H_rich     H_cntr     N_cntr     Y_surf   eta_cntr   zones  retry
  lg_dt_yrs    lg_Tcntr    lg_R     lg_L3a     lg_Lneu     lg_Mdot    He_core    He_cntr    O_cntr     Z_surf   gam_cntr   iters  
    age_yrs    lg_Dcntr    lg_L     lg_LZ      lg_Lphoto   lg_Dsurf   CO_core    C_cntr     Ne_cntr    Z_cntr   v_div_cs       dt_limit
__________________________________________________________________________________________________________________________________________________

        130   7.332992   9589.838   1.258393   1.258393   1.999993   1.999993   0.709374   0.003778   0.268000  -2.604780    864      0
 6.5399E+00   7.332992   0.188029 -37.439277  -0.025512 -12.607061   0.000000   0.276268   0.006244   0.014000   0.050455      5
 2.6447E+07   1.834825   1.257997 -14.449440 -99.000000  -8.926579   0.000000   0.000023   0.001460   0.014358  0.000E+00  max increase

        131   7.333037   9584.021   1.258897   1.258897   1.999992   1.999992   0.707594   0.003837   0.268000  -2.607062    864      0
 6.6191E+00   7.333037   0.188795 -37.430487  -0.023871 -12.606119   0.000000   0.278057   0.006176   0.014000   0.050481      5
 3.0607E+07   1.834374   1.258474 -99.000000 -99.000000  -8.925413   0.000000   0.000023   0.001460   0.014349  0.000E+00  max increase

        132   7.333075   9576.964   1.259535   1.259535   1.999991   1.999991   0.705448   0.003907   0.268000  -2.609685    864      0
 6.6983E+00   7.333075   0.189749 -37.420673  -0.021882 -12.604834   0.000000   0.280213   0.006096   0.014000   0.050515      5
 3.5599E+07   1.833861   1.259104 -99.000000 -99.000000  -8.924022   0.000000   0.000023   0.001460   0.014339  0.000E+00  max increase

        133   7.333115   9568.516   1.260336   1.260336   1.999990   1.999990   0.702862   0.003989   0.268000  -2.612730    864      0
 6.7775E+00   7.333115   0.190916 -37.409120  -0.019448 -12.603183   0.000000   0.282811   0.006002   0.014000   0.050559      5
 4.1590E+07   1.833285   1.259904 -14.449440 -99.000000  -8.922371   0.000000   0.000024   0.001460   0.014328  0.000E+00  max increase

        134   7.333166   9558.471   1.261334   1.261334   1.999988   1.999988   0.699742   0.004084   0.268000  -2.616283    864      0
 6.8567E+00   7.333166   0.192329 -37.395133  -0.016486 -12.601125   0.000000   0.285944   0.005892   0.014000   0.050615      5
 4.8779E+07   1.832646   1.260906 -99.000000 -99.000000  -8.920416   0.000000   0.000024   0.001460   0.014314  0.000E+00  max increase

        135   7.333238   9546.611   1.262577   1.262577   1.999986   1.999986   0.695978   0.004195   0.268000  -2.620424    864      0
 6.9358E+00   7.333238   0.194032 -37.377873  -0.012897 -12.598589   0.000000   0.289725   0.005764   0.014000   0.050684      5
 5.7406E+07   1.831954   1.262155 -99.000000 -99.000000  -8.918115   0.000000   0.000025   0.001460   0.014298  0.000E+00  max increase

        136   7.333344   9532.633   1.264114   1.264114   1.999983   1.999983   0.691430   0.004324   0.268000  -2.625281    864      0
 7.0150E+00   7.333344   0.196077 -37.356320  -0.008573 -12.595476   0.000000   0.294291   0.005616   0.014000   0.050770      5
 6.7758E+07   1.831210   1.263700 -99.000000 -99.000000  -8.915403   0.000000   0.000026   0.001460   0.014279  0.000E+00  max increase

        137   7.333501   9516.191   1.266013   1.266013   1.999980   1.999980   0.685930   0.004472   0.268000  -2.630984    864      0
 7.0942E+00   7.333501   0.198531 -37.329206  -0.003380 -12.591676   0.000000   0.299812   0.005445   0.014000   0.050877      5
 8.0180E+07   1.830428   1.265608 -99.000000 -99.000000  -8.912203   0.000000   0.000027   0.001460   0.014257  0.000E+00  max increase

        138   7.333730   9496.855   1.268359   1.268359   1.999976   1.999976   0.679269   0.004642   0.268000  -2.637691    864      0
 7.1734E+00   7.333730   0.201475 -37.294955   0.002838 -12.587044   0.000000   0.306498   0.005249   0.014000   0.051010      5
 9.5087E+07   1.829630   1.267963 -99.000000 -99.000000  -8.908418   0.000000   0.000028   0.001460   0.014233  0.000E+00  max increase

        139   7.334061   9474.085   1.271256   1.271256   1.999971   1.999971   0.671188   0.004835   0.268000  -2.645592    864      0
 7.2526E+00   7.334061   0.205013 -37.251616   0.010263 -12.581398   0.000000   0.314607   0.005027   0.014000   0.051176      5
 1.1298E+08   1.828845   1.270869 -14.449440 -99.000000  -8.903920   0.000000   0.000029   0.001460   0.014205  0.000E+00  max increase


__________________________________________________________________________________________________________________________________________________

       step    lg_Tmax     Teff     lg_LH      lg_Lnuc_tot     Mass       H_rich     H_cntr     N_cntr     Y_surf   eta_cntr   zones  retry
  lg_dt_yrs    lg_Tcntr    lg_R     lg_L3a     lg_Lneu     lg_Mdot    He_core    He_cntr    O_cntr     Z_surf   gam_cntr   iters  
    age_yrs    lg_Dcntr    lg_L     lg_LZ      lg_Lphoto   lg_Dsurf   CO_core    C_cntr     Ne_cntr    Z_cntr   v_div_cs       dt_limit
__________________________________________________________________________________________________________________________________________________

        140   7.334530   9447.124   1.274823   1.274823   1.999966   1.999966   0.661364   0.005054   0.268000  -2.654959    865      0
 7.3317E+00   7.334530   0.209277 -37.196801   0.019098 -12.574509   0.000000   0.324463   0.004775   0.014000   0.051382      5
 1.3444E+08   1.828102   1.274446 -99.000000 -99.000000  -8.898501   0.000000   0.000030   0.001460   0.014173  0.000E+00  max increase

        141   7.335191   9414.893   1.279269   1.279269   1.999959   1.999959   0.649204   0.005303   0.268000  -2.665928    867      0
 7.4109E+00   7.335191   0.214472 -37.126383   0.029498 -12.566108   0.000000   0.336659   0.004489   0.014000   0.051651      5
 1.6020E+08   1.827586   1.278898 -14.148410 -99.000000  -8.891891   0.000000   0.000032   0.001460   0.014137  0.000E+00  max increase

        142   7.336097   9375.877   1.284725   1.284725   1.999950   1.999950   0.634334   0.005579   0.268000  -2.679140    871      0
 7.4901E+00   7.336097   0.220809 -37.037907   0.041982 -12.555743   0.000000   0.351569   0.004170   0.014000   0.051991      5
 1.9111E+08   1.827213   1.284359 -14.148410 -99.000000  -8.883564   0.000000   0.000034   0.001460   0.014097  0.000E+00      XHe_cntr

        143   7.336931   9343.145   1.289330   1.289330   1.999943   1.999943   0.621708   0.005797   0.268000  -2.689925    876      0
 7.4054E+00   7.336931   0.226149 -36.961369   0.051962 -12.543061   0.000000   0.364227   0.003920   0.014000   0.052294      5
 2.1655E+08   1.827202   1.288965 -99.000000 -99.000000  -8.876289   0.000000   0.000035   0.001460   0.014065  0.000E+00      XHe_cntr

        144   7.337730   9313.183   1.293508   1.293508   1.999936   1.999936   0.610236   0.005981   0.268000  -2.699686    879      0
 7.3577E+00   7.337730   0.231029 -36.891217   0.060911 -12.532367   0.000000   0.375725   0.003707   0.014000   0.052576      5
 2.3933E+08   1.827293   1.293144 -99.000000 -99.000000  -8.869354   0.000000   0.000036   0.001460   0.014039  0.000E+00      XHe_cntr

        145   7.338528   9284.659   1.297488   1.297488   1.999930   1.999930   0.599358   0.006146   0.268000  -2.708828    879      0
 7.3289E+00   7.338528   0.235683 -36.823925   0.069189 -12.522637   0.000000   0.386627   0.003518   0.014000   0.052853      5
 2.6065E+08   1.827506   1.297124 -99.000000 -99.000000  -8.862539   0.000000   0.000037   0.001460   0.014015  0.000E+00      XHe_cntr

        146   7.339350   9256.604   1.301387   1.301387   1.999923   1.999923   0.588597   0.006299   0.268000  -2.717532    882      0
 7.3115E+00   7.339350   0.240260 -36.756679   0.076917 -12.513364   0.000000   0.397410   0.003342   0.014000   0.053138      5
 2.8114E+08   1.827926   1.301021 -99.000000 -99.000000  -8.855620   0.000000   0.000039   0.001460   0.013993  0.000E+00      XHe_cntr

        147   7.340179   9228.700   1.305197   1.305197   1.999917   1.999917   0.578028   0.006440   0.268000  -2.726060    879      0
 7.2983E+00   7.340179   0.244787 -36.690536   0.084468 -12.504266   0.000000   0.407999   0.003179   0.014000   0.053426      5
 3.0102E+08   1.828398   1.304830 -99.000000 -99.000000  -8.848483   0.000000   0.000040   0.001460   0.013972  0.000E+00      XHe_cntr

        148   7.341024   9200.941   1.308955   1.308955   1.999911   1.999911   0.567600   0.006572   0.268000  -2.734392    885      0
 7.2872E+00   7.341024   0.249283 -36.624842   0.091740 -12.495331   0.000000   0.418447   0.003027   0.014000   0.053718      5
 3.2039E+08   1.828955   1.308588 -13.972319 -99.000000  -8.841164   0.000000   0.000040   0.001460   0.013953  0.000E+00      XHe_cntr

        149   7.341903   9172.936   1.312704   1.312704   1.999905   1.999905   0.557068   0.006698   0.268000  -2.742502    888      0
 7.2790E+00   7.341903   0.253803 -36.558009   0.098650 -12.486491   0.000000   0.428998   0.002881   0.014000   0.054026      5
 3.3940E+08   1.829703   1.312334 -99.000000 -99.000000  -8.833548   0.000000   0.000041   0.001460   0.013935  0.000E+00      XHe_cntr


__________________________________________________________________________________________________________________________________________________

       step    lg_Tmax     Teff     lg_LH      lg_Lnuc_tot     Mass       H_rich     H_cntr     N_cntr     Y_surf   eta_cntr   zones  retry
  lg_dt_yrs    lg_Tcntr    lg_R     lg_L3a     lg_Lneu     lg_Mdot    He_core    He_cntr    O_cntr     Z_surf   gam_cntr   iters  
    age_yrs    lg_Dcntr    lg_L     lg_LZ      lg_Lphoto   lg_Dsurf   CO_core    C_cntr     Ne_cntr    Z_cntr   v_div_cs       dt_limit
__________________________________________________________________________________________________________________________________________________

        150   7.342792   9144.588   1.316390   1.316390   1.999899   1.999899   0.546618   0.006817   0.268000  -2.750601    884      0
 7.2705E+00   7.342792   0.258333 -36.491739   0.105490 -12.477645   0.000000   0.439465   0.002745   0.014000   0.054339      5
 3.5804E+08   1.830467   1.316016 -99.000000 -99.000000  -8.825549   0.000000   0.000042   0.001460   0.013917  0.000E+00      XHe_cntr

save LOGS/profile4.data for model 150
save photos/x150 for model 150
        151   7.343711   9115.890   1.320048   1.320048   1.999892   1.999892   0.536073   0.006930   0.268000  -2.758519    885      0
 7.2618E+00   7.343711   0.262890 -36.424445   0.111957 -12.468879   0.000000   0.450026   0.002614   0.014000   0.054666      5
 3.7631E+08   1.831399   1.319669 -99.000000 -99.000000  -8.817188   0.000000   0.000043   0.001460   0.013901  0.000E+00      XHe_cntr

        152   7.344638   9086.802   1.323641   1.323641   1.999886   1.999886   0.525620   0.007037   0.268000  -2.766425    881      0
 7.2531E+00   7.344638   0.267460 -36.357798   0.118368 -12.460128   0.000000   0.460495   0.002491   0.014000   0.054999      5
 3.9422E+08   1.832342   1.323258 -99.000000 -99.000000  -8.808413   0.000000   0.000044   0.001460   0.013885  0.000E+00      XHe_cntr

        153   7.345595   9057.258   1.327195   1.327195   1.999880   1.999880   0.515073   0.007139   0.268000  -2.774198    881      0
 7.2444E+00   7.345595   0.272063 -36.290162   0.124403 -12.451453   0.000000   0.471056   0.002374   0.014000   0.055348      5
 4.1178E+08   1.833433   1.326806 -99.000000 -99.000000  -8.799212   0.000000   0.000045   0.001460   0.013871  0.000E+00      XHe_cntr

        154   7.346558   9027.330   1.330697   1.330697   1.999874   1.999874   0.504622   0.007235   0.268000  -2.781907    883      0
 7.2356E+00   7.346558   0.276686 -36.223173   0.130409 -12.442807   0.000000   0.481522   0.002263   0.014000   0.055702      5
 4.2898E+08   1.834553   1.330303 -99.000000 -99.000000  -8.789602   0.000000   0.000045   0.001460   0.013857  0.000E+00      XHe_cntr

        155   7.347532   8997.152   1.334171   1.334171   1.999868   1.999868   0.494265   0.007325   0.268000  -2.789446    881      0
 7.2269E+00   7.347532   0.281330 -36.156437   0.136231 -12.434212   0.000000   0.491891   0.002159   0.014000   0.056065      5
 4.4584E+08   1.835757   1.333774 -99.000000 -99.000000  -8.783845   0.000000   0.000046   0.001460   0.013844  0.000E+00      XHe_cntr

        156   7.348537   8966.458   1.337617   1.337617   1.999861   1.999861   0.483768   0.007411   0.268000  -2.796842    882      0
 7.2202E+00   7.348537   0.286018 -36.088439   0.141708 -12.425635   0.000000   0.502401   0.002059   0.014000   0.056447      5
 4.6245E+08   1.837129   1.337214 -13.750470 -99.000000  -8.773297   0.000000   0.000047   0.001460   0.013831  0.000E+00      XHe_cntr

        157   7.349519   8935.995   1.341023   1.341023   1.999855   1.999855   0.473724   0.007490   0.268000  -2.804210    885      0
 7.2126E+00   7.349519   0.290678 -36.023222   0.147348 -12.417061   0.000000   0.512456   0.001968   0.014000   0.056817      5
 4.7876E+08   1.838366   1.340622 -99.000000 -99.000000  -8.762623   0.000000   0.000048   0.001460   0.013819  0.000E+00      XHe_cntr

        158   7.350573   8904.079   1.344395   1.344395   1.999849   1.999849   0.463092   0.007569   0.268000  -2.811513    885      0
 7.2085E+00   7.350573   0.295466 -35.953753   0.152315 -12.408555   0.000000   0.523100   0.001877   0.014000   0.057230      5
 4.9493E+08   1.839931   1.343981 -13.972319 -99.000000  -8.751059   0.000000   0.000048   0.001460   0.013808  0.000E+00      XHe_cntr

        159   7.351629   8871.481   1.347717   1.347717   1.999842   1.999842   0.452506   0.007644   0.268000  -2.818785    885      0
 7.2021E+00   7.351629   0.300309 -35.884898   0.157473 -12.400009   0.000000   0.533697   0.001790   0.014000   0.057653      5
 5.1085E+08   1.841521   1.347296 -99.000000 -99.000000  -8.738951   0.000000   0.000049   0.001460   0.013797  0.000E+00      XHe_cntr


__________________________________________________________________________________________________________________________________________________

       step    lg_Tmax     Teff     lg_LH      lg_Lnuc_tot     Mass       H_rich     H_cntr     N_cntr     Y_surf   eta_cntr   zones  retry
  lg_dt_yrs    lg_Tcntr    lg_R     lg_L3a     lg_Lneu     lg_Mdot    He_core    He_cntr    O_cntr     Z_surf   gam_cntr   iters  
    age_yrs    lg_Dcntr    lg_L     lg_LZ      lg_Lphoto   lg_Dsurf   CO_core    C_cntr     Ne_cntr    Z_cntr   v_div_cs       dt_limit
__________________________________________________________________________________________________________________________________________________

        160   7.352706   8838.515   1.350967   1.350967   1.999836   1.999836   0.441890   0.007716   0.268000  -2.825845    887      0
 7.1907E+00   7.352706   0.305164 -35.815455   0.162239 -12.391474   0.000000   0.544323   0.001707   0.014000   0.058093      5
 5.2636E+08   1.843265   1.350539 -14.449440 -99.000000  -8.726422   0.000000   0.000050   0.001460   0.013787  0.000E+00      XHe_cntr

        161   7.353782   8805.156   1.354134   1.354134   1.999830   1.999830   0.431415   0.007783   0.268000  -2.832864    892      0
 7.1806E+00   7.353782   0.310028 -35.746884   0.166978 -12.383029   0.000000   0.554808   0.001630   0.014000   0.058541      5
 5.4152E+08   1.845007   1.353698 -99.000000 -99.000000  -8.713464   0.000000   0.000050   0.001460   0.013777  0.000E+00      XHe_cntr

        162   7.354885   8771.171   1.357237   1.357237   1.999824   1.999824   0.420855   0.007847   0.268000  -2.839740    893      0
 7.1714E+00   7.354885   0.314934 -35.677342   0.171354 -12.374687   0.000000   0.565378   0.001556   0.014000   0.059009      5
 5.5636E+08   1.846899   1.356792 -13.847380 -99.000000  -8.699992   0.000000   0.000051   0.001460   0.013767  0.000E+00      XHe_cntr

        163   7.355990   8736.694   1.360270   1.360270   1.999817   1.999817   0.410411   0.007907   0.268000  -2.846577    891      0
 7.1625E+00   7.355990   0.319867 -35.608423   0.175733 -12.366400   0.000000   0.575831   0.001486   0.014000   0.059485      5
 5.7090E+08   1.848803   1.359816 -99.000000 -99.000000  -8.686075   0.000000   0.000051   0.001460   0.013759  0.000E+00      XHe_cntr

        164   7.357124   8701.497   1.363245   1.363245   1.999811   1.999811   0.399866   0.007965   0.268000  -2.853266    891      0
 7.1539E+00   7.357124   0.324856 -35.538397   0.179769 -12.358183   0.000000   0.586384   0.001419   0.014000   0.059984      5
 5.8515E+08   1.850867   1.362781 -99.000000 -99.000000  -8.671622   0.000000   0.000052   0.001460   0.013750  0.000E+00      XHe_cntr

        165   7.358260   8665.826   1.366144   1.366144   1.999805   1.999805   0.389434   0.008019   0.268000  -2.859917    891      0
 7.1454E+00   7.358260   0.329869 -35.468917   0.183812 -12.350000   0.000000   0.596824   0.001357   0.014000   0.060493      5
 5.9913E+08   1.852943   1.365672 -14.449440 -99.000000  -8.656750   0.000000   0.000053   0.001460   0.013742  0.000E+00      XHe_cntr

        166   7.359424   8629.528   1.368978   1.368978   1.999799   1.999799   0.378895   0.008072   0.268000  -2.866381    892      0
 7.1370E+00   7.359424   0.334927 -35.398293   0.187516 -12.341895   0.000000   0.607370   0.001296   0.014000   0.061028      5
 6.1284E+08   1.855198   1.368496 -99.000000 -99.000000  -8.641393   0.000000   0.000053   0.001460   0.013735  0.000E+00      XHe_cntr

        167   7.360591   8592.781   1.371732   1.371732   1.999792   1.999792   0.368469   0.008120   0.268000  -2.872803    892      0
 7.1287E+00   7.360591   0.340007 -35.328149   0.191230 -12.333844   0.000000   0.617803   0.001240   0.014000   0.061573      5
 6.2629E+08   1.857465   1.371243 -99.000000 -99.000000  -8.625638   0.000000   0.000054   0.001460   0.013727  0.000E+00      XHe_cntr

        168   7.361789   8555.316   1.374417   1.374417   1.999786   1.999786   0.357934   0.008167   0.268000  -2.879061    892      0
 7.1204E+00   7.361789   0.345140 -35.256728   0.194619 -12.325879   0.000000   0.628346   0.001185   0.014000   0.062147      5
 6.3948E+08   1.859911   1.373917 -99.000000 -99.000000  -8.609361   0.000000   0.000054   0.001460   0.013720  0.000E+00      XHe_cntr

        169   7.363016   8516.985   1.377019   1.377019   1.999780   1.999780   0.347285   0.008212   0.268000  -2.885214    890      0
 7.1121E+00   7.363016   0.350334 -35.184184   0.197850 -12.317968   0.000000   0.639002   0.001133   0.014000   0.062749      5
 6.5243E+08   1.862506   1.376506 -99.000000 -99.000000  -8.592479   0.000000   0.000055   0.001460   0.013714  0.000E+00      XHe_cntr


__________________________________________________________________________________________________________________________________________________

       step    lg_Tmax     Teff     lg_LH      lg_Lnuc_tot     Mass       H_rich     H_cntr     N_cntr     Y_surf   eta_cntr   zones  retry
  lg_dt_yrs    lg_Tcntr    lg_R     lg_L3a     lg_Lneu     lg_Mdot    He_core    He_cntr    O_cntr     Z_surf   gam_cntr   iters  
    age_yrs    lg_Dcntr    lg_L     lg_LZ      lg_Lphoto   lg_Dsurf   CO_core    C_cntr     Ne_cntr    Z_cntr   v_div_cs       dt_limit
__________________________________________________________________________________________________________________________________________________

        170   7.364242   8478.335   1.379542   1.379542   1.999774   1.999774   0.336810   0.008254   0.268000  -2.891207    886      0
 7.1016E+00   7.364242   0.355542 -35.112315   0.201097 -12.310121   0.000000   0.649483   0.001084   0.014000   0.063361      5
 6.6506E+08   1.865143   1.379020 -99.000000 -99.000000  -8.580750   0.000000   0.000055   0.001460   0.013708  0.000E+00      XHe_cntr

        171   7.365498   8439.009   1.381983   1.381983   1.999768   1.999768   0.326247   0.008295   0.268000  -2.897054    888      0
 7.0922E+00   7.365498   0.360794 -35.039183   0.204032 -12.302362   0.000000   0.660051   0.001038   0.014000   0.064004      5
 6.7743E+08   1.867945   1.381447 -99.000000 -99.000000  -8.562634   0.000000   0.000056   0.001460   0.013702  0.000E+00      XHe_cntr

        172   7.366774   8399.018   1.384344   1.384344   1.999761   1.999761   0.315700   0.008333   0.268000  -2.902777    887      0
 7.0834E+00   7.366774   0.366094 -34.965554   0.206911 -12.294685   0.000000   0.670604   0.000994   0.014000   0.064669      5
 6.8955E+08   1.870852   1.383796 -99.000000 -99.000000  -8.544056   0.000000   0.000056   0.001460   0.013696  0.000E+00      XHe_cntr

        173   7.368069   8358.429   1.386617   1.386617   1.999755   1.999755   0.305191   0.008369   0.268000  -2.908408    886      0
 7.0738E+00   7.368069   0.371432 -34.891450   0.209647 -12.287072   0.000000   0.681118   0.000952   0.014000   0.065355      5
 7.0140E+08   1.873846   1.386055 -99.000000 -99.000000  -8.525047   0.000000   0.000057   0.001460   0.013691  0.000E+00      XHe_cntr

        174   7.369373   8317.450   1.388821   1.388821   1.999749   1.999749   0.294823   0.008402   0.268000  -2.913893    890      0
 7.0649E+00   7.369373   0.376798 -34.817452   0.212338 -12.279549   0.000000   0.691491   0.000913   0.014000   0.066057      5
 7.1301E+08   1.876899   1.388250 -99.000000 -99.000000  -8.505749   0.000000   0.000057   0.001460   0.013686  0.000E+00      XHe_cntr

        175   7.370719   8275.636   1.390946   1.390946   1.999743   1.999743   0.284313   0.008434   0.268000  -2.919199    889      0
 7.0577E+00   7.370719   0.382231 -34.741556   0.214761 -12.272089   0.000000   0.702006   0.000875   0.014000   0.066798      5
 7.2443E+08   1.880169   1.390361 -99.000000 -99.000000  -8.485934   0.000000   0.000058   0.001460   0.013681  0.000E+00      XHe_cntr

        176   7.372078   8233.445   1.392997   1.392997   1.999737   1.999737   0.273919   0.008465   0.268000  -2.924365    887      0
 7.0501E+00   7.372078   0.387692 -34.665492   0.217207 -12.264686   0.000000   0.712405   0.000840   0.014000   0.067557      5
 7.3565E+08   1.883511   1.392404 -99.000000 -99.000000  -8.465874   0.000000   0.000058   0.001460   0.013677  0.000E+00      XHe_cntr

        177   7.373482   8190.423   1.394961   1.394961   1.999731   1.999731   0.263396   0.008494   0.268000  -2.929354    892      0
 7.0423E+00   7.373482   0.393217 -34.587414   0.219400 -12.257353   0.000000   0.722932   0.000806   0.014000   0.068359      5
 7.4668E+08   1.887069   1.394353 -14.449440 -99.000000  -8.445339   0.000000   0.000059   0.001460   0.013672  0.000E+00      XHe_cntr

        178   7.374934   8146.506   1.396831   1.396831   1.999725   1.999725   0.252741   0.008521   0.268000  -2.934165    889      0
 7.0344E+00   7.374934   0.398813 -34.507184   0.221468 -12.250091   0.000000   0.733591   0.000774   0.014000   0.069205      5
 7.5750E+08   1.890854   1.396206 -99.000000 -99.000000  -8.424324   0.000000   0.000059   0.001460   0.013668  0.000E+00      XHe_cntr

        179   7.376415   8102.213   1.398602   1.398602   1.999719   1.999719   0.242150   0.008548   0.268000  -2.938804    883      0
 7.0239E+00   7.376415   0.404427 -34.426027   0.223472 -12.242900   0.000000   0.744186   0.000743   0.014000   0.070080      5
 7.6806E+08   1.894767   1.397963 -99.000000 -99.000000  -8.403124   0.000000   0.000060   0.001460   0.013664  0.000E+00      XHe_cntr


__________________________________________________________________________________________________________________________________________________

       step    lg_Tmax     Teff     lg_LH      lg_Lnuc_tot     Mass       H_rich     H_cntr     N_cntr     Y_surf   eta_cntr   zones  retry
  lg_dt_yrs    lg_Tcntr    lg_R     lg_L3a     lg_Lneu     lg_Mdot    He_core    He_cntr    O_cntr     Z_surf   gam_cntr   iters  
    age_yrs    lg_Dcntr    lg_L     lg_LZ      lg_Lphoto   lg_Dsurf   CO_core    C_cntr     Ne_cntr    Z_cntr   v_div_cs       dt_limit
__________________________________________________________________________________________________________________________________________________

        180   7.377926   8057.575   1.400285   1.400285   1.999713   1.999713   0.231623   0.008572   0.268000  -2.943216    889      0
 7.0133E+00   7.377926   0.410061 -34.343761   0.225361 -12.235823   0.000000   0.754717   0.000714   0.014000   0.070986      5
 7.7838E+08   1.898834   1.399632 -14.148410 -99.000000  -8.381786   0.000000   0.000060   0.001460   0.013661  0.000E+00      XHe_cntr

        181   7.379458   8012.696   1.401891   1.401891   1.999707   1.999707   0.221263   0.008595   0.268000  -2.947478    890      0
 7.0040E+00   7.379458   0.415710 -34.261009   0.227206 -12.228849   0.000000   0.765080   0.000688   0.014000   0.071911      5
 7.8847E+08   1.902972   1.401228 -14.449440 -99.000000  -8.360396   0.000000   0.000061   0.001460   0.013657  0.000E+00      XHe_cntr

        182   7.381058   7966.894   1.403419   1.403419   1.999701   1.999701   0.210753   0.008617   0.268000  -2.951492    891      0
 6.9969E+00   7.381058   0.421444 -34.175095   0.228855 -12.221961   0.000000   0.775593   0.000662   0.014000   0.072891      5
 7.9840E+08   1.907406   1.402737 -99.000000 -99.000000  -8.338616   0.000000   0.000061   0.001460   0.013654  0.000E+00      XHe_cntr

        183   7.382683   7920.673   1.404878   1.404878   1.999695   1.999695   0.200373   0.008638   0.268000  -2.955341    890      0
 6.9894E+00   7.382683   0.427221 -34.087957   0.230514 -12.215118   0.000000   0.785976   0.000638   0.014000   0.073899      5
 8.0816E+08   1.911936   1.404185 -99.000000 -99.000000  -8.316735   0.000000   0.000062   0.001460   0.013651  0.000E+00      XHe_cntr

        184   7.384396   7873.779   1.406261   1.406261   1.999689   1.999689   0.189851   0.008657   0.268000  -2.958836    893      0
 6.9817E+00   7.384396   0.433063 -33.997156   0.231999 -12.208323   0.000000   0.796501   0.000614   0.014000   0.074968      5
 8.1774E+08   1.916837   1.405553 -99.000000 -99.000000  -8.294614   0.000000   0.000062   0.001460   0.013648  0.000E+00      XHe_cntr

        185   7.386197   7826.342   1.407552   1.407552   1.999683   1.999683   0.179182   0.008676   0.268000  -2.962035    892      0
 6.9740E+00   7.386197   0.438950 -33.902248   0.233382 -12.201580   0.000000   0.807173   0.000592   0.014000   0.076102      5
 8.2716E+08   1.922087   1.406829 -13.671289 -99.000000  -8.272296   0.000000   0.000063   0.001460   0.013645  0.000E+00      XHe_cntr

        186   7.388062   7779.010   1.408768   1.408768   1.999677   1.999677   0.168583   0.008694   0.268000  -2.964854    892      0
 6.9633E+00   7.388062   0.444822 -33.804569   0.234718 -12.194924   0.000000   0.817775   0.000571   0.014000   0.077282      5
 8.3635E+08   1.927607   1.408036 -99.000000 -99.000000  -8.250104   0.000000   0.000064   0.001460   0.013642  0.000E+00      XHe_cntr

        187   7.390000   7731.825   1.409909   1.409909   1.999671   1.999671   0.158054   0.008710   0.268000  -2.967360    893      0
 6.9526E+00   7.390000   0.450673 -33.703686   0.235972 -12.188374   0.000000   0.828307   0.000551   0.014000   0.078507      5
 8.4532E+08   1.933385   1.409168 -99.000000 -99.000000  -8.228039   0.000000   0.000064   0.001460   0.013640  0.000E+00      XHe_cntr

        188   7.392030   7684.749   1.410998   1.410998   1.999666   1.999666   0.147560   0.008726   0.268000  -2.969455    892      0
 6.9433E+00   7.392030   0.456519 -33.598702   0.237168 -12.181942   0.000000   0.838803   0.000533   0.014000   0.079784      5
 8.5409E+08   1.939499   1.410250 -13.972319 -99.000000  -8.206094   0.000000   0.000065   0.001460   0.013637  0.000E+00      XHe_cntr

        189   7.394168   7637.814   1.412044   1.412044   1.999660   1.999660   0.137084   0.008741   0.268000  -2.971142    891      0
 6.9347E+00   7.394168   0.462360 -33.488735   0.238316 -12.175584   0.000000   0.849281   0.000515   0.014000   0.081120      5
 8.6270E+08   1.945983   1.411290 -99.000000 -99.000000  -8.184286   0.000000   0.000065   0.001460   0.013635  0.000E+00      XHe_cntr


__________________________________________________________________________________________________________________________________________________

       step    lg_Tmax     Teff     lg_LH      lg_Lnuc_tot     Mass       H_rich     H_cntr     N_cntr     Y_surf   eta_cntr   zones  retry
  lg_dt_yrs    lg_Tcntr    lg_R     lg_L3a     lg_Lneu     lg_Mdot    He_core    He_cntr    O_cntr     Z_surf   gam_cntr   iters  
    age_yrs    lg_Dcntr    lg_L     lg_LZ      lg_Lphoto   lg_Dsurf   CO_core    C_cntr     Ne_cntr    Z_cntr   v_div_cs       dt_limit
__________________________________________________________________________________________________________________________________________________

        190   7.396465   7590.927   1.413054   1.413054   1.999654   1.999654   0.126459   0.008755   0.268000  -2.972315    887      0
 6.9265E+00   7.396465   0.468211 -33.371115   0.239403 -12.169284   0.000000   0.859908   0.000498   0.014000   0.082542      5
 8.7114E+08   1.953021   1.412294 -13.972319 -99.000000  -8.162575   0.000000   0.000066   0.001460   0.013633  0.000E+00      XHe_cntr

        191   7.398913   7544.750   1.414055   1.414055   1.999648   1.999648   0.115875   0.008768   0.268000  -2.972943    887      0
 6.9169E+00   7.398913   0.474012 -33.246486   0.240499 -12.163026   0.000000   0.870495   0.000482   0.014000   0.084027      5
 8.7940E+08   1.960545   1.413298 -14.148410 -99.000000  -8.141313   0.000000   0.000067   0.001460   0.013630  0.000E+00      XHe_cntr

        192   7.401537   7499.696   1.415074   1.415074   1.999643   1.999643   0.105347   0.008781   0.268000  -2.972953    886      0
 6.9065E+00   7.401537   0.479729 -33.113631   0.241609 -12.156809   0.000000   0.881025   0.000467   0.014000   0.085577      5
 8.8746E+08   1.968613   1.414326 -14.449440 -99.000000  -8.120755   0.000000   0.000067   0.001460   0.013628  0.000E+00      XHe_cntr

        193   7.404381   7456.139   1.416158   1.416158   1.999637   1.808107   0.094844   0.008792   0.268000  -2.972175    886      0
 6.8973E+00   7.404381   0.485340 -32.970166   0.242779 -12.150630   0.191530   0.891530   0.000452   0.014000   0.087202      5
 8.9536E+08   1.977381   1.415430 -99.000000 -99.000000  -8.101159   0.000000   0.000068   0.001460   0.013626  0.000E+00      XHe_cntr

        194   7.407553   7414.777   1.417360   1.417360   1.999632   1.808102   0.084181   0.008804   0.268000  -2.970351    891      0
 6.8887E+00   7.407553   0.490791 -32.810603   0.244045 -12.144438   0.191530   0.902194   0.000438   0.014000   0.088939      5
 9.0310E+08   1.987194   1.416669 -14.449440 -99.000000  -8.082923   0.000000   0.000069   0.001460   0.013625  0.000E+00      XHe_cntr

        195   7.411068   7376.954   1.418765   1.418765   1.999626   1.808096   0.073557   0.008814   0.268000  -2.967335    892      0
 6.8785E+00   7.411068   0.495966 -32.633347   0.245510 -12.138198   0.191530   0.912820   0.000425   0.014000   0.090763      5
 9.1066E+08   1.998058   1.418134 -99.000000 -99.000000  -8.066733   0.000000   0.000070   0.001460   0.013623  0.000E+00      XHe_cntr

        196   7.414958   7345.081   1.420445   1.420445   1.999621   1.808091   0.063241   0.008824   0.268000  -2.962924    896      0
 6.8568E+00   7.414958   0.500615 -32.438179   0.247225 -12.131882   0.191530   0.923138   0.000412   0.014000   0.092625      5
 9.1785E+08   2.010002   1.419910 -14.148410 -99.000000  -8.053698   0.000000   0.000071   0.001460   0.013621  0.000E+00    lg_XH_cntr

        197   7.419195   7322.105   1.422455   1.422455   1.999616   1.808086   0.053500   0.008833   0.268000  -2.956949    903      0
 6.8155E+00   7.419195   0.504415 -32.225120   0.249226 -12.125589   0.191530   0.932881   0.000401   0.014000   0.094472      5
 9.2439E+08   2.022938   1.422067 -99.000000 -99.000000  -8.045092   0.000000   0.000072   0.001460   0.013619  0.000E+00    lg_XH_cntr

        198   7.423621   7309.748   1.424803   1.424803   1.999612   1.808082   0.044823   0.008840   0.268000  -2.949588    898      0
 6.7558E+00   7.423621   0.507160 -32.001644   0.251523 -12.119493   0.191530   0.941559   0.000391   0.014000   0.096192      5
 9.3009E+08   2.036347   1.424624 -13.972319 -99.000000  -8.041572   0.000000   0.000073   0.001460   0.013618  0.000E+00    lg_XH_cntr

        199   7.428156   7308.337   1.427474   1.427474   1.999608   1.808078   0.037311   0.008846   0.268000  -2.941015    904      0
 6.6835E+00   7.428156   0.508806 -31.770948   0.254090 -12.113740   0.191530   0.949072   0.000382   0.014000   0.097740      5
 9.3491E+08   2.049978   1.427580 -99.000000 -99.000000  -8.043206   0.000000   0.000075   0.001460   0.013617  0.000E+00    lg_XH_cntr


__________________________________________________________________________________________________________________________________________________

       step    lg_Tmax     Teff     lg_LH      lg_Lnuc_tot     Mass       H_rich     H_cntr     N_cntr     Y_surf   eta_cntr   zones  retry
  lg_dt_yrs    lg_Tcntr    lg_R     lg_L3a     lg_Lneu     lg_Mdot    He_core    He_cntr    O_cntr     Z_surf   gam_cntr   iters  
    age_yrs    lg_Dcntr    lg_L     lg_LZ      lg_Lphoto   lg_Dsurf   CO_core    C_cntr     Ne_cntr    Z_cntr   v_div_cs       dt_limit
__________________________________________________________________________________________________________________________________________________

        200   7.432765   7317.412   1.430449   1.430449   1.999605   1.808075   0.030905   0.008851   0.268000  -2.931326    903      0
 6.6044E+00   7.432765   0.509405 -31.533897   0.256903 -12.108371   0.191530   0.955479   0.000375   0.014000   0.099106      5
 9.3893E+08   2.063753   1.430934 -99.000000 -99.000000  -8.049787   0.000000   0.000076   0.001460   0.013616  0.000E+00    lg_XH_cntr

save LOGS/profile5.data for model 200
save photos/x200 for model 200
        201   7.437418   7336.094   1.433685   1.433685   1.999602   1.808072   0.025507   0.008855   0.268000  -2.920655    903      0
 6.5202E+00   7.437418   0.509055 -31.291153   0.259917 -12.103341   0.191530   0.960879   0.000369   0.014000   0.100289      5
 9.4225E+08   2.077604   1.434664 -14.148410 -99.000000  -8.060980   0.000000   0.000077   0.001460   0.013615  0.000E+00    lg_XH_cntr

        202   7.442096   7363.310   1.437129   1.437129   1.999600   1.808070   0.020995   0.008858   0.268000  -2.909081    901      0
 6.4324E+00   7.442096   0.507879 -31.043074   0.263075 -12.098598   0.191530   0.965391   0.000364   0.014000   0.101304      5
 9.4495E+08   2.091511   1.438745 -99.000000 -99.000000  -8.076396   0.000000   0.000079   0.001460   0.013614  0.000E+00    lg_XH_cntr

        203   7.446780   7397.909   1.440718   1.440718   1.999598   1.808068   0.017248   0.008860   0.268000  -2.896665    901      0
 6.3419E+00   7.446780   0.506006 -30.790021   0.266314 -12.094075   0.191530   0.969139   0.000360   0.014000   0.102167      5
 9.4715E+08   2.105467   1.443142 -99.000000 -99.000000  -8.095618   0.000000   0.000080   0.001460   0.013613  0.000E+00    lg_XH_cntr

        204   7.451453   7438.736   1.444385   1.444385   1.999597   1.808067   0.014151   0.008861   0.268000  -2.883415    900      0
 6.2495E+00   7.451453   0.503567 -30.532522   0.269562 -12.089708   0.191530   0.972237   0.000356   0.014000   0.102901      5
 9.4893E+08   2.119489   1.447825 -13.750470 -99.000000  -8.118202   0.000000   0.000081   0.001460   0.013612  0.000E+00    lg_XH_cntr

        205   7.456097   7484.650   1.448057   1.448057   1.999596   1.808066   0.011602   0.008863   0.268000  -2.869375    900      0
 6.1558E+00   7.456097   0.500688 -30.271457   0.272746 -12.085430   0.191530   0.974787   0.000353   0.014000   0.103527      5
 9.5036E+08   2.133572   1.452757 -99.000000 -99.000000  -8.143667   0.000000   0.000083   0.001460   0.013612  0.000E+00    lg_XH_cntr

        206   7.460695   7534.562   1.451658   1.451658   1.999595   1.808065   0.009510   0.008863   0.268000  -2.854544    912      0
 6.0613E+00   7.460695   0.497490 -30.007949   0.275789 -12.081185   0.191530   0.976879   0.000351   0.014000   0.104066      5
 9.5151E+08   2.147726   1.457906 -13.972319 -99.000000  -8.171496   0.000000   0.000084   0.001460   0.013611  0.000E+00    lg_XH_cntr

        207   7.465227   7587.438   1.455113   1.455113   1.999594   1.808064   0.007798   0.008864   0.268000  -2.838891    905      0
 5.9665E+00   7.465227   0.494083 -29.743414   0.278613 -12.076913   0.191530   0.978591   0.000348   0.014000   0.104541      5
 9.5244E+08   2.161967   1.463240 -14.449440 -99.000000  -8.201142   0.000000   0.000085   0.001460   0.013611  0.000E+00    lg_XH_cntr

        208   7.469632   7641.828   1.458374   1.458374   1.999593   1.808064   0.006412   0.008864   0.268000  -2.822609    908      0
 5.8719E+00   7.469632   0.490588 -29.482076   0.281179 -12.072569   0.191530   0.979978   0.000347   0.014000   0.104964      5
 9.5318E+08   2.176144   1.468658 -14.449440 -99.000000  -8.231784   0.000000   0.000086   0.001460   0.013610  0.000E+00    lg_XH_cntr

        209   7.473893   7696.796   1.461369   1.461369   1.999593   1.808063   0.005289   0.008863   0.268000  -2.805636    922      0
 5.7789E+00   7.473893   0.487097 -29.225567   0.283417 -12.068182   0.191530   0.981101   0.000345   0.014000   0.105356      5
 9.5378E+08   2.190283   1.474128 -99.000000 -99.000000  -8.262938   0.000000   0.000088   0.001460   0.013610  0.000E+00    lg_XH_cntr


__________________________________________________________________________________________________________________________________________________

       step    lg_Tmax     Teff     lg_LH      lg_Lnuc_tot     Mass       H_rich     H_cntr     N_cntr     Y_surf   eta_cntr   zones  retry
  lg_dt_yrs    lg_Tcntr    lg_R     lg_L3a     lg_Lneu     lg_Mdot    He_core    He_cntr    O_cntr     Z_surf   gam_cntr   iters  
    age_yrs    lg_Dcntr    lg_L     lg_LZ      lg_Lphoto   lg_Dsurf   CO_core    C_cntr     Ne_cntr    Z_cntr   v_div_cs       dt_limit
__________________________________________________________________________________________________________________________________________________

        210   7.478109   7753.068   1.463868   1.463868   1.999592   1.808063   0.004349   0.008863   0.268000  -2.787187    919      0
 5.6888E+00   7.478109   0.483633 -28.968266   0.285059 -12.063722   0.191530   0.982041   0.000344   0.014000   0.105753      5
 9.5427E+08   2.204901   1.479854 -99.000000 -99.000000  -8.295138   0.000000   0.000089   0.001460   0.013609  0.000E+00    lg_XH_cntr

        211   7.482192   7809.146   1.466111   1.466111   1.999592   1.808062   0.003582   0.008863   0.268000  -2.767708    929      0
 5.5981E+00   7.482192   0.480265 -28.716291   0.286373 -12.058896   0.191530   0.982809   0.000343   0.014000   0.106155      5
 9.5467E+08   2.219679   1.485638 -13.972319 -99.000000  -8.327522   0.000000   0.000090   0.001460   0.013609  0.000E+00    lg_XH_cntr

        212   7.486079   7863.842   1.467922   1.467922   1.999592   1.808062   0.002959   0.008862   0.268000  -2.747230    930      0
 5.5066E+00   7.486079   0.477078 -28.473798   0.287189 -12.053910   0.191530   0.983432   0.000342   0.014000   0.106574      5
 9.5499E+08   2.234520   1.491388 -99.000000 -99.000000  -8.359453   0.000000   0.000091   0.001460   0.013609  0.000E+00    lg_XH_cntr

        213   7.489754   7916.551   1.469307   1.469307   1.999592   1.808062   0.002453   0.008861   0.268000  -2.725685    929      0
 5.4179E+00   7.489754   0.474109 -28.242257   0.287522 -12.048818   0.191530   0.983938   0.000341   0.014000   0.107024      5
 9.5525E+08   2.249441   1.497057 -99.000000 -99.000000  -8.390598   0.000000   0.000093   0.001460   0.013609  0.000E+00    lg_XH_cntr

        214   7.493241   7967.361   1.469966   1.469966   1.999591   1.808062   0.002033   0.008861   0.268000  -2.702368    945      0
 5.3322E+00   7.493241   0.471382 -28.020167   0.287044 -12.043653   0.191530   0.984359   0.000341   0.014000   0.107535      5
 9.5546E+08   2.264790   1.502716 -99.000000 -99.000000  -8.421048   0.000000   0.000094   0.001460   0.013608  0.000E+00    lg_XH_cntr

        215   7.496512   8015.720   1.470122   1.470122   1.999591   1.808061   0.001686   0.008860   0.268000  -2.677292    945      0
 5.2476E+00   7.496512   0.468914 -27.809488   0.285998 -12.038299   0.191530   0.984706   0.000340   0.014000   0.108116      5
 9.5564E+08   2.280522   1.508291 -13.671289 -99.000000  -8.450422   0.000000   0.000095   0.001460   0.013608  0.000E+00    lg_XH_cntr

        216   7.499507   8060.877   1.469847   1.469847   1.999591   1.808061   0.001401   0.008859   0.268000  -2.650490    946      0
 5.1627E+00   7.499507   0.466720 -27.613980   0.284479 -12.032841   0.191530   0.984992   0.000340   0.014000   0.108776      5
 9.5579E+08   2.296536   1.513664 -99.000000 -99.000000  -8.478176   0.000000   0.000096   0.001460   0.013608  0.000E+00    lg_XH_cntr

        217   7.502184   8102.299   1.469330   1.469330   1.999591   1.808061   0.001168   0.008858   0.268000  -2.622104    953      0
 5.0795E+00   7.502184   0.464799 -27.436273   0.282709 -12.027426   0.191530   0.985225   0.000339   0.014000   0.109520      5
 9.5591E+08   2.312713   1.518725 -99.000000 -99.000000  -8.503879   0.000000   0.000097   0.001460   0.013608  0.000E+00    lg_XH_cntr

        218   7.504509   8139.666   1.468785   1.468785   1.999591   1.808061   0.000977   0.008858   0.268000  -2.592219    951      0
 4.9990E+00   7.504509   0.463133 -27.278563   0.280938 -12.022203   0.191530   0.985415   0.000339   0.014000   0.110354      5
 9.5601E+08   2.328966   1.523387 -99.000000 -99.000000  -8.527234   0.000000   0.000097   0.001460   0.013607  0.000E+00    lg_XH_cntr

        219   7.506453   8172.856   1.468504   1.468504   1.999591   1.808061   0.000822   0.008857   0.268000  -2.560972    956      0
 4.9223E+00   7.506453   0.461698 -27.142335   0.279504 -12.017306   0.191530   0.985570   0.000339   0.014000   0.111280      4
 9.5609E+08   2.345196   1.527584 -99.000000 -99.000000  -8.548077   0.000000   0.000098   0.001460   0.013607  0.000E+00    lg_XH_cntr


__________________________________________________________________________________________________________________________________________________

       step    lg_Tmax     Teff     lg_LH      lg_Lnuc_tot     Mass       H_rich     H_cntr     N_cntr     Y_surf   eta_cntr   zones  retry
  lg_dt_yrs    lg_Tcntr    lg_R     lg_L3a     lg_Lneu     lg_Mdot    He_core    He_cntr    O_cntr     Z_surf   gam_cntr   iters  
    age_yrs    lg_Dcntr    lg_L     lg_LZ      lg_Lphoto   lg_Dsurf   CO_core    C_cntr     Ne_cntr    Z_cntr   v_div_cs       dt_limit
__________________________________________________________________________________________________________________________________________________

        220   7.508007   8202.016   1.468283   1.468283   1.999591   1.808061   0.000692   0.008856   0.268000  -2.527742    954      0
 4.8502E+00   7.508007   0.460466 -27.028311   0.278203 -12.012842   0.191530   0.985700   0.000338   0.014000   0.112328      4
 9.5616E+08   2.361653   1.531309 -99.000000 -99.000000  -8.566450   0.000000   0.000099   0.001460   0.013607  0.000E+00    lg_XH_cntr

        221   7.509139   8227.122   1.468730   1.468730   1.999591   1.808061   0.000584   0.008856   0.268000  -2.492691    961      0
 4.7806E+00   7.509139   0.459418 -26.938129   0.277708 -12.008845   0.191530   0.985809   0.000338   0.014000   0.113499      3
 9.5622E+08   2.378221   1.534522 -13.750470 -99.000000  -8.582288   0.000000   0.000099   0.001460   0.013607  0.000E+00    lg_XH_cntr

        222   7.509823   8248.151   1.470306   1.470306   1.999591   1.808061   0.000495   0.008855   0.268000  -2.456202    961      0
 4.7125E+00   7.509823   0.458532 -26.873530   0.278544 -12.005386   0.191530   0.985898   0.000338   0.014000   0.114788      4
 9.5627E+08   2.394698   1.537184 -13.972319 -99.000000  -8.595536   0.000000   0.000100   0.001460   0.013607  0.000E+00    lg_XH_cntr

        223   7.510048   8265.285   1.473292   1.473292   1.999591   1.808061   0.000421   0.008855   0.268000  -2.418572    963      0
 4.6476E+00   7.510048   0.457782 -26.835373   0.281032 -12.002535   0.191530   0.985972   0.000338   0.014000   0.116188      4
 9.5632E+08   2.410939   1.539289 -14.449440 -99.000000  -8.606277   0.000000   0.000100   0.001460   0.013607  0.000E+00    lg_XH_cntr

        224   7.509817   8278.806   1.477829   1.477829   1.999590   1.808061   0.000360   0.008855   0.268000  -2.380080    962      0
 4.5872E+00   7.509817   0.457144 -26.823524   0.285332 -12.000322   0.191530   0.986033   0.000338   0.014000   0.117694      4
 9.5635E+08   2.426834   1.540853 -99.000000 -99.000000  -8.614671   0.000000   0.000101   0.001460   0.013607  0.000E+00    lg_XH_cntr

        225   7.509094   8289.040   1.483871   1.483871   1.999590   1.808061   0.000309   0.008855   0.268000  -2.341002    965      0
 4.5317E+00   7.509094   0.456598 -26.836626   0.291392 -11.998744   0.191530   0.986084   0.000338   0.014000   0.119305      3
 9.5639E+08   2.442208   1.541907 -13.750470 -99.000000  -8.620914   0.000000   0.000101   0.001460   0.013607  0.000E+00    lg_XH_cntr

        226   7.507971   8296.345   1.490989   1.490989   1.999590   1.808061   0.000265   0.008855   0.268000  -2.301038    965      0
 4.4815E+00   7.507971   0.456127 -26.876510   0.298740 -11.997779   0.191530   0.986128   0.000338   0.014000   0.121023      3
 9.5642E+08   2.457328   1.542494 -14.148410 -99.000000  -8.625228   0.000000   0.000101   0.001460   0.013607  0.000E+00    lg_XH_cntr

        227   7.506447   8301.008   1.499148   1.499148   1.999590   1.808061   0.000229   0.008854   0.268000  -2.260892    966      0
 4.4330E+00   7.506447   0.455719 -26.939952   0.307321 -11.997382   0.191530   0.986164   0.000338   0.014000   0.122825      3
 9.5645E+08   2.471893   1.542655 -99.000000 -99.000000  -8.627799   0.000000   0.000101   0.001460   0.013607  0.000E+00    lg_XH_cntr

        228   7.504542   8303.381   1.507706   1.507706   1.999590   1.808061   0.000198   0.008854   0.268000  -2.220653    975      0
 4.3878E+00   7.504542   0.455366 -27.025707   0.316422 -11.997506   0.191530   0.986196   0.000338   0.014000   0.124707      4
 9.5647E+08   2.485898   1.542445 -99.000000 -99.000000  -8.628858   0.000000   0.000101   0.001460   0.013607  0.000E+00    lg_XH_cntr

        229   7.502311   8303.805   1.516373   1.516373   1.999590   1.808061   0.000171   0.008854   0.268000  -2.180689    979      0
 4.3456E+00   7.502311   0.455059 -27.130533   0.325710 -11.998086   0.191530   0.986222   0.000338   0.014000   0.126651      3
 9.5649E+08   2.499271   1.541921 -13.847380 -99.000000  -8.628633   0.000000   0.000101   0.001460   0.013607  0.000E+00    lg_XH_cntr


__________________________________________________________________________________________________________________________________________________

       step    lg_Tmax     Teff     lg_LH      lg_Lnuc_tot     Mass       H_rich     H_cntr     N_cntr     Y_surf   eta_cntr   zones  retry
  lg_dt_yrs    lg_Tcntr    lg_R     lg_L3a     lg_Lneu     lg_Mdot    He_core    He_cntr    O_cntr     Z_surf   gam_cntr   iters  
    age_yrs    lg_Dcntr    lg_L     lg_LZ      lg_Lphoto   lg_Dsurf   CO_core    C_cntr     Ne_cntr    Z_cntr   v_div_cs       dt_limit
__________________________________________________________________________________________________________________________________________________

        230   7.499783   8302.610   1.524649   1.524649   1.999590   1.808061   0.000148   0.008854   0.268000  -2.141097    983      0
 4.3060E+00   7.499783   0.454794 -27.252096   0.334632 -11.999051   0.191530   0.986245   0.000337   0.014000   0.128649      3
 9.5651E+08   2.512016   1.541140 -14.148410 -99.000000  -8.627344   0.000000   0.000101   0.001460   0.013607  0.000E+00    lg_XH_cntr

        231   7.496991   8300.103   1.532251   1.532251   1.999590   1.808061   0.000128   0.008854   0.268000  -2.101969    984      0
 4.2687E+00   7.496991   0.454565 -27.386909   0.342869 -12.000328   0.191530   0.986265   0.000337   0.014000   0.130696      3
 9.5653E+08   2.524141   1.540157 -99.000000 -99.000000  -8.625200   0.000000   0.000102   0.001460   0.013607  0.000E+00    lg_XH_cntr

        232   7.494010   8296.618   1.538933   1.538933   1.999590   1.808060   0.000111   0.008854   0.268000  -2.063924    984      0
 4.2281E+00   7.494010   0.454371 -27.527399   0.350144 -12.001846   0.191530   0.986282   0.000337   0.014000   0.132755      4
 9.5655E+08   2.535506   1.539041 -13.449440 -99.000000  -8.622430   0.000000   0.000102   0.001460   0.013607  0.000E+00    lg_XH_cntr

        233   7.490880   8292.426   1.544602   1.544602   1.999590   1.808060   0.000096   0.008854   0.268000  -2.027037    983      0
 4.1891E+00   7.490880   0.454210 -27.665494   0.356350 -12.003515   0.191530   0.986297   0.000337   0.014000   0.134816      4
 9.5656E+08   2.546141   1.537840 -13.546350 -99.000000  -8.619220   0.000000   0.000102   0.001460   0.013607  0.000E+00    lg_XH_cntr

        234   7.487696   8287.755   1.549271   1.549271   1.999590   1.808060   0.000083   0.008853   0.268000  -1.991730    983      0
 4.1513E+00   7.487696   0.454077 -27.793086   0.361494 -12.005272   0.191530   0.986310   0.000337   0.014000   0.136845      3
 9.5658E+08   2.556013   1.536595 -13.847380 -99.000000  -8.615724   0.000000   0.000102   0.001460   0.013606  0.000E+00    lg_XH_cntr

        235   7.484804   8282.835   1.552991   1.552991   1.999590   1.808060   0.000073   0.008853   0.268000  -1.960013    984      0
 4.1109E+00   7.484804   0.453971 -27.906039   0.365625 -12.007063   0.191530   0.986320   0.000337   0.014000   0.138697      3
 9.5659E+08   2.564814   1.535351 -99.000000 -99.000000  -8.612098   0.000000   0.000102   0.001460   0.013606  0.000E+00    lg_XH_cntr

        236   7.482196   8277.665   1.555956   1.555956   1.999590   1.808060   0.000065   0.008853   0.268000  -1.931257    984      0
 4.0828E+00   7.482196   0.453886 -28.007305   0.368953 -12.008832   0.191530   0.986328   0.000337   0.014000   0.140393      3
 9.5660E+08   2.572800   1.534098 -99.000000 -99.000000  -8.608333   0.000000   0.000102   0.001460   0.013606  0.000E+00    lg_XH_cntr

        237   7.479261   8270.721   1.558715   1.558715   1.999590   1.808060   0.000057   0.008854   0.268000  -1.898437    982      0
 4.1620E+00   7.479261   0.453811 -28.121368   0.372109 -12.010594   0.191530   0.986336   0.000337   0.014000   0.142344      3
 9.5662E+08   2.581958   1.532489 -14.148410 -99.000000  -8.603341   0.000000   0.000102   0.001460   0.013607  0.000E+00  max increase

        238   7.476083   8261.436   1.560981   1.560981   1.999590   1.808060   0.000050   0.008854   0.268000  -1.861339    972      0
 4.2412E+00   7.476083   0.453765 -28.247941   0.374799 -12.012829   0.191530   0.986343   0.000337   0.014000   0.144557      3
 9.5664E+08   2.592495   1.530447 -99.000000 -99.000000  -8.596758   0.000000   0.000101   0.001460   0.013607  0.000E+00    lg_XH_cntr

        239   7.473389   8252.485   1.562193   1.562193   1.999590   1.808060   0.000045   0.008855   0.268000  -1.830071    975      0
 4.1917E+00   7.473389   0.453766 -28.350952   0.376345 -12.015625   0.191530   0.986349   0.000337   0.014000   0.146449      3
 9.5665E+08   2.601334   1.528565 -13.671289 -99.000000  -8.590488   0.000000   0.000101   0.001460   0.013607  0.000E+00    lg_XH_cntr


__________________________________________________________________________________________________________________________________________________

       step    lg_Tmax     Teff     lg_LH      lg_Lnuc_tot     Mass       H_rich     H_cntr     N_cntr     Y_surf   eta_cntr   zones  retry
  lg_dt_yrs    lg_Tcntr    lg_R     lg_L3a     lg_Lneu     lg_Mdot    He_core    He_cntr    O_cntr     Z_surf   gam_cntr   iters  
    age_yrs    lg_Dcntr    lg_L     lg_LZ      lg_Lphoto   lg_Dsurf   CO_core    C_cntr     Ne_cntr    Z_cntr   v_div_cs       dt_limit
__________________________________________________________________________________________________________________________________________________

        240   7.470956   8243.147   1.562802   1.562802   1.999590   1.808060   0.000040   0.008855   0.268000  -1.801074    975      0
 4.1833E+00   7.470956   0.453813 -28.443285   0.377250 -12.018164   0.191530   0.986353   0.000337   0.014000   0.148211      3
 9.5667E+08   2.609612   1.526691 -99.000000 -99.000000  -8.584024   0.000000   0.000101   0.001460   0.013607  0.000E+00    lg_XH_cntr

        241   7.468393   8231.297   1.562836   1.562836   1.999590   1.808060   0.000036   0.008856   0.268000  -1.768275    973      0
 4.2624E+00   7.468393   0.453943 -28.544293   0.377597 -12.020655   0.191530   0.986358   0.000337   0.014000   0.150196      3
 9.5668E+08   2.619238   1.524453 -99.000000 -99.000000  -8.575940   0.000000   0.000100   0.001460   0.013607  0.000E+00  max increase

        242   7.465537   8216.405   1.562136   1.562136   1.999590   1.808060   0.000031   0.008856   0.268000  -1.731756    973      0
 4.3416E+00   7.465537   0.454221 -28.648607   0.377223 -12.023568   0.191530   0.986362   0.000337   0.014000   0.152434      3
 9.5671E+08   2.629927   1.521862 -13.847380 -99.000000  -8.565974   0.000000   0.000100   0.001460   0.013607  0.000E+00    lg_XH_cntr

        243   7.463196   8202.443   1.561126   1.561126   1.999590   1.808060   0.000028   0.008857   0.268000  -1.700505    977      0
 4.3021E+00   7.463196   0.454585 -28.732499   0.376482 -12.026832   0.191530   0.986365   0.000337   0.014000   0.154355      3
 9.5673E+08   2.639208   1.519636 -99.000000 -99.000000  -8.556805   0.000000   0.000099   0.001460   0.013607  0.000E+00    lg_XH_cntr

        244   7.461111   8188.482   1.559932   1.559932   1.999590   1.808060   0.000025   0.008857   0.268000  -1.671461    977      0
 4.2965E+00   7.461111   0.455057 -28.805682   0.375532 -12.029534   0.191530   0.986368   0.000337   0.014000   0.156143      3
 9.5675E+08   2.647950   1.517621 -13.449440 -99.000000  -8.547822   0.000000   0.000099   0.001460   0.013607  0.000E+00    lg_XH_cntr

        245   7.458882   8171.751   1.558415   1.558415   1.999590   1.808060   0.000022   0.008857   0.268000  -1.638901    978      0
 4.3757E+00   7.458882   0.455790 -28.881930   0.374288 -12.031857   0.191530   0.986371   0.000337   0.014000   0.158150      3
 9.5677E+08   2.657893   1.515534 -99.000000 -99.000000  -8.537339   0.000000   0.000099   0.001460   0.013607  0.000E+00  max increase

        246   7.456529   8152.109   1.556699   1.556699   1.999590   1.808060   0.000019   0.008858   0.268000  -1.602666    978      0
 4.4549E+00   7.456529   0.456903 -28.959931   0.372882 -12.034061   0.191530   0.986374   0.000337   0.014000   0.160387      3
 9.5680E+08   2.669121   1.513579 -13.671289 -99.000000  -8.525462   0.000000   0.000098   0.001460   0.013607  0.000E+00    lg_XH_cntr

        247   7.454624   8135.034   1.555366   1.555366   1.999590   1.808060   0.000017   0.008858   0.268000  -1.572032    978      0
 4.4090E+00   7.454624   0.458082 -29.021136   0.371820 -12.035768   0.191530   0.986376   0.000337   0.014000   0.162283      3
 9.5682E+08   2.678716   1.512295 -99.000000 -99.000000  -8.515497   0.000000   0.000098   0.001460   0.013607  0.000E+00    lg_XH_cntr

        248   7.452937   8119.156   1.554303   1.554303   1.999590   1.808060   0.000015   0.008859   0.268000  -1.543916    978      0
 4.3966E+00   7.452937   0.459380 -29.073893   0.371013 -12.036512   0.191530   0.986378   0.000337   0.014000   0.164030      3
 9.5685E+08   2.687596   1.511497 -13.847380 -99.000000  -8.506573   0.000000   0.000098   0.001460   0.013607  0.000E+00    lg_XH_cntr

        249   7.451103   8101.295   1.553339   1.553339   1.999590   1.805403   0.000013   0.008859   0.268000  -1.512302    976      0
 4.4758E+00   7.451103   0.461115 -29.129820   0.370348 -12.036502   0.194187   0.986379   0.000337   0.014000   0.166001      3
 9.5688E+08   2.697652   1.511141 -99.000000 -99.000000  -8.497002   0.000000   0.000097   0.001460   0.013607  0.000E+00  max increase


__________________________________________________________________________________________________________________________________________________

       step    lg_Tmax     Teff     lg_LH      lg_Lnuc_tot     Mass       H_rich     H_cntr     N_cntr     Y_surf   eta_cntr   zones  retry
  lg_dt_yrs    lg_Tcntr    lg_R     lg_L3a     lg_Lneu     lg_Mdot    He_core    He_cntr    O_cntr     Z_surf   gam_cntr   iters  
    age_yrs    lg_Dcntr    lg_L     lg_LZ      lg_Lphoto   lg_Dsurf   CO_core    C_cntr     Ne_cntr    Z_cntr   v_div_cs       dt_limit
__________________________________________________________________________________________________________________________________________________

        250   7.448904   8081.688   1.552550   1.552550   1.999590   1.805403   0.000012   0.008859   0.268000  -1.476687    977      0
 4.5550E+00   7.448904   0.463379 -29.190472   0.369903 -12.035529   0.194187   0.986381   0.000337   0.014000   0.168272      3
 9.5691E+08   2.708749   1.511461 -14.148410 -99.000000  -8.487105   0.000000   0.000097   0.001460   0.013607  0.000E+00    lg_XH_cntr

save LOGS/profile6.data for model 250
save photos/x250 for model 250
        251   7.447290   8065.908   1.552175   1.552175   1.999590   1.805403   0.000010   0.008860   0.268000  -1.447693    980      0
 4.4976E+00   7.447290   0.465458 -29.236287   0.369818 -12.033199   0.194187   0.986382   0.000337   0.014000   0.170106      3
 9.5695E+08   2.718027   1.512223 -13.546350 -99.000000  -8.479575   0.000000   0.000097   0.001460   0.013607  0.000E+00    lg_XH_cntr

        252   7.445892   8052.011   1.552008   1.552008   1.999590   1.805403   0.000009   0.008860   0.268000  -1.421605    978      0
 4.4778E+00   7.445892   0.467488 -29.277268   0.369915 -12.030428   0.194187   0.986384   0.000337   0.014000   0.171760      3
 9.5698E+08   2.726436   1.513287 -99.000000 -99.000000  -8.473280   0.000000   0.000097   0.001460   0.013607  0.000E+00    lg_XH_cntr

        253   7.444566   8039.312   1.551965   1.551965   1.999590   1.805403   0.000008   0.008860   0.268000  -1.396993    986      0
 4.4731E+00   7.444566   0.469503 -29.315920   0.370119 -12.027291   0.194187   0.986384   0.000337   0.014000   0.173334      3
 9.5701E+08   2.734343   1.514575 -13.847380 -99.000000  -8.467798   0.000000   0.000096   0.001460   0.013607  0.000E+00    lg_XH_cntr

        254   7.443013   8025.368   1.552006   1.552006   1.999590   1.805403   0.000007   0.008860   0.268000  -1.368937    988      0
 4.5523E+00   7.443013   0.471881 -29.359035   0.370436 -12.023863   0.194187   0.986385   0.000337   0.014000   0.175152      3
 9.5704E+08   2.743273   1.516315 -99.000000 -99.000000  -8.462057   0.000000   0.000096   0.001460   0.013607  0.000E+00  max increase

        255   7.441279   8010.173   1.552103   1.552103   1.999590   1.805403   0.000006   0.008861   0.268000  -1.337419    990      0
 4.6314E+00   7.441279   0.474621 -29.407282   0.370832 -12.019522   0.194187   0.986386   0.000337   0.014000   0.177211      3
 9.5708E+08   2.753295   1.518504 -99.000000 -99.000000  -8.456055   0.000000   0.000096   0.001460   0.013607  0.000E+00    lg_XH_cntr

        256   7.439866   7997.908   1.552231   1.552231   1.999590   1.805403   0.000005   0.008861   0.268000  -1.311398    996      0
 4.5720E+00   7.439866   0.476904 -29.445831   0.371199 -12.014270   0.194187   0.986387   0.000337   0.014000   0.178922      3
 9.5712E+08   2.761576   1.520407 -14.148410 -99.000000  -8.451330   0.000000   0.000096   0.001460   0.013608  0.000E+00    lg_XH_cntr

        257   7.438589   7986.994   1.552336   1.552336   1.999590   1.805403   0.000005   0.008861   0.268000  -1.287903    997      0
 4.5493E+00   7.438589   0.478960 -29.480395   0.371511 -12.009788   0.194187   0.986388   0.000337   0.014000   0.180480      3
 9.5716E+08   2.769034   1.522147 -13.303312 -99.000000  -8.447170   0.000000   0.000096   0.001460   0.013608  0.000E+00    lg_XH_cntr

        258   7.437388   7976.828   1.552412   1.552412   1.999590   1.805403   0.000004   0.008861   0.268000  -1.265841    997      0
 4.5424E+00   7.437388   0.480871 -29.512534   0.371774 -12.005717   0.194187   0.986388   0.000337   0.014000   0.181953      3
 9.5719E+08   2.776020   1.523756 -99.000000 -99.000000  -8.443290   0.000000   0.000096   0.001460   0.013608  0.000E+00    lg_XH_cntr

        259   7.436022   7965.311   1.552450   1.552450   1.999590   1.805403   0.000004   0.008861   0.268000  -1.240776    998      0
 4.6215E+00   7.436022   0.483004 -29.548555   0.372014 -12.001943   0.194187   0.986389   0.000337   0.014000   0.183639      3
 9.5723E+08   2.783935   1.525513 -13.303312 -99.000000  -8.438846   0.000000   0.000095   0.001460   0.013608  0.000E+00  max increase


__________________________________________________________________________________________________________________________________________________

       step    lg_Tmax     Teff     lg_LH      lg_Lnuc_tot     Mass       H_rich     H_cntr     N_cntr     Y_surf   eta_cntr   zones  retry
  lg_dt_yrs    lg_Tcntr    lg_R     lg_L3a     lg_Lneu     lg_Mdot    He_core    He_cntr    O_cntr     Z_surf   gam_cntr   iters  
    age_yrs    lg_Dcntr    lg_L     lg_LZ      lg_Lphoto   lg_Dsurf   CO_core    C_cntr     Ne_cntr    Z_cntr   v_div_cs       dt_limit
__________________________________________________________________________________________________________________________________________________

        260   7.434479   7952.316   1.552432   1.552432   1.999590   1.805402   0.000003   0.008861   0.268000  -1.212529    999      0
 4.7007E+00   7.434479   0.485352 -29.588284   0.372212 -11.997783   0.194187   0.986389   0.000337   0.014000   0.185555      3
 9.5728E+08   2.792828   1.527373 -99.000000 -99.000000  -8.433738   0.000000   0.000095   0.001460   0.013608  0.000E+00    lg_XH_cntr

        261   7.433212   7941.613   1.552396   1.552396   1.999590   1.805402   0.000003   0.008862   0.268000  -1.189308    999      0
 4.6381E+00   7.433212   0.487242 -29.620292   0.372345 -11.993304   0.194187   0.986390   0.000337   0.014000   0.187142      3
 9.5733E+08   2.800123   1.528813 -13.546350 -99.000000  -8.429462   0.000000   0.000095   0.001460   0.013608  0.000E+00    lg_XH_cntr

        262   7.432082   7931.939   1.552344   1.552344   1.999589   1.805402   0.000003   0.008862   0.268000  -1.168421    999      0
 4.6131E+00   7.432082   0.488909 -29.648181   0.372439 -11.989777   0.194187   0.986390   0.000337   0.014000   0.188577      3
 9.5737E+08   2.806684   1.530028 -99.000000 -99.000000  -8.425531   0.000000   0.000095   0.001460   0.013608  0.000E+00    lg_XH_cntr

        263   7.431030   7922.839   1.552259   1.552259   1.999589   1.805402   0.000002   0.008862   0.268000  -1.148878   1002      0
 4.6043E+00   7.431030   0.490440 -29.673716   0.372485 -11.986740   0.194187   0.986390   0.000337   0.014000   0.189926      3
 9.5741E+08   2.812818   1.531097 -13.449440 -99.000000  -8.421777   0.000000   0.000095   0.001460   0.013608  0.000E+00    lg_XH_cntr

        264   7.429840   7912.413   1.552158   1.552158   1.999589   1.805402   0.000002   0.008862   0.268000  -1.126658    999      0
 4.6835E+00   7.429840   0.492148 -29.702005   0.372529 -11.984014   0.194187   0.986390   0.000337   0.014000   0.191469      3
 9.5746E+08   2.819788   1.532226 -99.000000 -99.000000  -8.417403   0.000000   0.000095   0.001460   0.013608  0.000E+00  max increase

        265   7.428511   7900.563   1.552024   1.552024   1.999589   1.805402   0.000002   0.008862   0.268000  -1.101599   1008      0
 4.7626E+00   7.428511   0.494038 -29.732877   0.372551 -11.981059   0.194187   0.986391   0.000337   0.014000   0.193218      3
 9.5751E+08   2.827647   1.533402 -99.000000 -99.000000  -8.412353   0.000000   0.000095   0.001460   0.013608  0.000E+00    lg_XH_cntr

        266   7.427436   7890.854   1.551904   1.551904   1.999589   1.805402   0.000001   0.008862   0.268000  -1.081128   1003      0
 4.6968E+00   7.427436   0.495560 -29.757190   0.372554 -11.977887   0.194187   0.986391   0.000337   0.014000   0.194654      3
 9.5756E+08   2.834069   1.534309 -14.148410 -99.000000  -8.408174   0.000000   0.000095   0.001460   0.013608  0.000E+00    lg_XH_cntr

        267   7.426482   7882.111   1.551799   1.551799   1.999589   1.805402   0.000001   0.008862   0.268000  -1.062793   1016      0
 4.6691E+00   7.426482   0.496905 -29.778383   0.372557 -11.975387   0.194187   0.986391   0.000337   0.014000   0.195946      3
 9.5761E+08   2.839820   1.535074 -13.847380 -99.000000  -8.404375   0.000000   0.000095   0.001460   0.013608  0.000E+00    lg_XH_cntr

        268   7.425600   7873.926   1.551686   1.551686   1.999589   1.805402   0.000001   0.008862   0.268000  -1.045691   1005      0
 4.6578E+00   7.425600   0.498147 -29.797512   0.372541 -11.973226   0.194187   0.986391   0.000337   0.014000   0.197154      3
 9.5766E+08   2.845188   1.535752 -99.000000 -99.000000  -8.400790   0.000000   0.000095   0.001460   0.013608  0.000E+00    lg_XH_cntr

        269   7.424765   7866.099   1.551588   1.551588   1.999589   1.805402   0.000001   0.008862   0.268000  -1.029391   1022      0
 4.6554E+00   7.424765   0.499318 -29.815338   0.372535 -11.971271   0.194187   0.986391   0.000337   0.014000   0.198311      3
 9.5770E+08   2.850303   1.536368 -13.847380 -99.000000  -8.397339   0.000000   0.000095   0.001460   0.013608  0.000E+00    lg_XH_cntr


stop because have dropped below central lower limit for h1
    0.9237542027E-06    0.1000000000E-05


__________________________________________________________________________________________________________________________________________________

       step    lg_Tmax     Teff     lg_LH      lg_Lnuc_tot     Mass       H_rich     H_cntr     N_cntr     Y_surf   eta_cntr   zones  retry
  lg_dt_yrs    lg_Tcntr    lg_R     lg_L3a     lg_Lneu     lg_Mdot    He_core    He_cntr    O_cntr     Z_surf   gam_cntr   iters  
    age_yrs    lg_Dcntr    lg_L     lg_LZ      lg_Lphoto   lg_Dsurf   CO_core    C_cntr     Ne_cntr    Z_cntr   v_div_cs       dt_limit
__________________________________________________________________________________________________________________________________________________

        270   7.423827   7857.125   1.551453   1.551453   1.999589   1.805402   0.000001   0.008862   0.268000  -1.010778   1006      0
 4.7346E+00   7.423827   0.500643 -29.834847   0.372500 -11.969458   0.194187   0.986391   0.000337   0.014000   0.199634      3
 9.5776E+08   2.856154   1.537034 -13.847380 -99.000000  -8.393355   0.000000   0.000095   0.001460   0.013608  0.000E+00  max increase

save LOGS/profile7.data for model 270
                                         solver retries           1

                                    varcontrol dt limit          62
                                  max increase dt limit         223
                                        lgTeff dt limit          11
                                    lgRho_cntr dt limit          27
                                    lg_XH_cntr dt limit          67
                                      XHe_cntr dt limit          54

 model saved to M2_Z0.0140_step_fov0.10_f00.001.mod
save photos/x270 for model 270
termination code: xa_central_lower_limit
finished custom colors
__________________________________________________________________________________________________________________________________________________

       step    lg_Tmax     Teff     lg_LH      lg_Lnuc_tot     Mass       H_rich     H_cntr     N_cntr     Y_surf   eta_cntr   zones  retry
  lg_dt_yrs    lg_Tcntr    lg_R     lg_L3a     lg_Lneu     lg_Mdot    He_core    He_cntr    O_cntr     Z_surf   gam_cntr   iters  
    age_yrs    lg_Dcntr    lg_L     lg_LZ      lg_Lphoto   lg_Dsurf   CO_core    C_cntr     Ne_cntr    Z_cntr   v_div_cs       dt_limit
__________________________________________________________________________________________________________________________________________________

        270   7.423827   7857.125   1.551453   1.551453   1.999589   1.805402   0.000001   0.008862   0.268000  -1.010778   1006      0
 4.7346E+00   7.423827   0.500643 -29.834847   0.372500 -11.969458   0.194187   0.986391   0.000337   0.014000   0.199634      3
 9.5776E+08   2.856154   1.537034 -13.847380 -99.000000  -8.393355   0.000000   0.000095   0.001460   0.013608  0.000E+00  max increase

