 reading user weak rate file /home/njm/MESA/mesa-2025-summerschool-prerelease/data/rates_data/rate_tables/S13_r_be7_wk_li7.h5
 version_number 5d9f195f
 read inlist_project
 Extras startup routine
 DEBUG: colors_handle =            1
 DEBUG: colors instrument = /colors/data/filters/GAIA/GAIA
 DEBUG: colors vega_sed = /colors/data/stellar_models/vega_flam.csv
 DEBUG: colors stellar_atm = /colors/data/stellar_models/Kurucz2003all/
 DEBUG: colors metallicity =   0.57999999999999996     
 DEBUG: colors distance =    30857000000000000.     
 DEBUG: colors make_csv =  F
 DEBUG: colors use_colors =  T


 The terminal output contains the following information

      'step' is the number of steps since the start of the run,
      'lg_dt' is log10 timestep in years,
      'age_yr' is the simulated years since the start run,
      'lg_Tcntr' is log10 center temperature (K),
      'lg_Dcntr' is log10 center density (g/cm^3),
      'lg_Tmax' is log10 max temperature (K),
      'Teff' is the surface temperature (K),
      'lg_R' is log10 surface radius (Rsun),
      'lg_L' is log10 surface luminosity (Lsun),
      'lg_LH' is log10 total PP and CNO hydrogen burning power (Lsun),
      'lg_L3a' is log10 total triple-alpha helium burning power (Lsun),
      'lg_gsurf' is log10 surface gravity,
      'lg_Lnuc' is log10 nuclear power (Lsun),
      'lg_Lneu' is log10 total neutrino power (Lsun),
      'lg_Lphoto' is log10 total photodisintegration (Lsun),
      'Mass' is the total stellar baryonic mass (Msun),
      'lg_Mdot' is log10 magnitude of rate of change of mass (Msun/year),
      'lg_Dsurf' is log10 surface density (g/cm^3),
      'H_env' is the amount of mass where H is dominant,
      'He_core' is the largest mass where He is dominant.
      'CO_core' is the largest mass where CO is dominant.
      'H_cntr' is the center H1 mass fraction,
      'He_cntr' is the center He4 mass fraction,
      'C_cntr' is the center C12 mass fraction,
      'N_cntr' is the center N14 mass fraction,
      'O_cntr' is the center O16 mass fraction,
      'Ne_cntr' is the center Ne20 mass fraction,
      'gam_cntr' is the center plasma interaction parameter,
      'eta_cntr' is the center electron degeneracy parameter,
      'zones' is the number of zones in the current model,
      'iters' is the number of solver iterations for the current step,
      'retry' is the number of step retries required during the run,
      'dt_limit' is an indication of what limited the timestep.

 All this and more are saved in the LOGS directory during the run.
 create pre-main-sequence model
                                          species  mass           8    5.0000000000000000D+00

                                        relax_num_steps         100

          1   5.480115   4490.747 -21.399608 -21.399608   5.000000   5.000000   0.755800   0.000071   0.242800 -10.999519   1339      0
-5.0000E+00   5.480115   2.098707 -99.000000 -22.797476 -99.000000   0.000000   0.242800   0.000657   0.001400   0.024736      4
 1.0000E-05  -4.593050   3.761382 -99.000000 -99.000000  -8.054323   0.000000   0.000241   0.000146   0.001400  0.000E+00    initial dt

          2   5.478505   4537.473 -21.399773 -21.399773   5.000000   5.000000   0.755800   0.000071   0.242800 -10.995527    719      0
-5.0000E+00   5.478505   2.098838 -99.000000 -22.797641 -99.000000   0.000000   0.242800   0.000657   0.001400   0.024815      3
 2.0000E-05  -4.593732   3.779627 -36.850598 -99.000000  -8.082888   0.000000   0.000241   0.000146   0.001400  0.000E+00        max_dt

          3   5.478246   4552.610 -21.399766 -21.399766   5.000000   5.000000   0.755800   0.000071   0.242800 -10.993849    458      0
-5.0000E+00   5.478246   2.098880 -99.000000 -22.797634 -99.000000   0.000000   0.242800   0.000657   0.001400   0.024836      3
 3.0000E-05  -4.593392   3.785496 -99.000000 -99.000000  -8.092974   0.000000   0.000241   0.000146   0.001400  0.000E+00        max_dt

          4   5.478085   4557.908 -21.399772 -21.399772   5.000000   5.000000   0.755800   0.000071   0.242800 -10.992806    459      0
-5.0000E+00   5.478085   2.098889 -99.000000 -22.797640 -99.000000   0.000000   0.242800   0.000657   0.001400   0.024849      3
 4.0000E-05  -4.593181   3.787533 -99.000000 -99.000000  -8.096567   0.000000   0.000241   0.000146   0.001400  0.000E+00        max_dt

          5   5.477970   4558.582 -21.399774 -21.399774   5.000000   5.000000   0.755800   0.000071   0.242800 -10.992072    476      0
-5.0000E+00   5.477970   2.098879 -99.000000 -22.797642 -99.000000   0.000000   0.242800   0.000657   0.001400   0.024858      3
 5.0000E-05  -4.593034   3.787770 -99.000000 -99.000000  -8.097013   0.000000   0.000241   0.000146   0.001400  0.000E+00        max_dt

          6   5.477959   4556.744 -21.399842 -21.399842   5.000000   5.000000   0.755800   0.000071   0.242800 -10.991499    455      0
-5.0000E+00   5.477930   2.098859 -99.000000 -22.797710 -99.000000   0.000000   0.242800   0.000657   0.001400   0.024864      3
 6.0000E-05  -4.592846   3.787030 -99.000000 -99.000000  -8.095740   0.000000   0.000241   0.000146   0.001400  0.000E+00        max_dt

          7   5.478006   4553.492 -21.400116 -21.400116   5.000000   5.000000   0.755800   0.000071   0.242800 -10.991039    476      0
-5.0000E+00   5.477904   2.098833 -99.000000 -22.797984 -99.000000   0.000000   0.242800   0.000657   0.001400   0.024869      3
 7.0000E-05  -4.592684   3.785738 -99.000000 -99.000000  -8.093509   0.000000   0.000241   0.000146   0.001400  0.000E+00        max_dt

          8   5.478006   4549.435 -21.400115 -21.400115   5.000000   5.000000   0.755800   0.000071   0.242800 -10.990668    460      0
-5.0000E+00   5.477844   2.098805 -99.000000 -22.797983 -99.000000   0.000000   0.242800   0.000657   0.001400   0.024874      3
 8.0000E-05  -4.592613   3.784134 -37.026689 -99.000000  -8.090751   0.000000   0.000241   0.000146   0.001400  0.000E+00        max_dt

          9   5.478006   4544.936 -21.400114 -21.400114   5.000000   5.000000   0.755800   0.000071   0.242800 -10.990316    476      0
-5.0000E+00   5.477785   2.098776 -99.000000 -22.797982 -99.000000   0.000000   0.242800   0.000657   0.001400   0.024878      3
 9.0000E-05  -4.592549   3.782357 -99.000000 -99.000000  -8.087719   0.000000   0.000241   0.000146   0.001400  0.000E+00        max_dt


__________________________________________________________________________________________________________________________________________________

       step    lg_Tmax     Teff     lg_LH      lg_Lnuc_tot     Mass       H_rich     H_cntr     N_cntr     Y_surf   eta_cntr   zones  retry
  lg_dt_yrs    lg_Tcntr    lg_R     lg_L3a     lg_Lneu     lg_Mdot    He_core    He_cntr    O_cntr     Z_surf   gam_cntr   iters  
    age_yrs    lg_Dcntr    lg_L     lg_LZ      lg_Lphoto   lg_Dsurf   CO_core    C_cntr     Ne_cntr    Z_cntr   v_div_cs       dt_limit
__________________________________________________________________________________________________________________________________________________

         10   5.478006   4540.174 -21.400112 -21.400112   5.000000   5.000000   0.755800   0.000071   0.242800 -10.990026    458      0
-5.0000E+00   5.477736   2.098747 -99.000000 -22.797980 -99.000000   0.000000   0.242800   0.000657   0.001400   0.024882      3
 1.0000E-04  -4.592496   3.780477 -99.000000 -99.000000  -8.084542   0.000000   0.000241   0.000146   0.001400  0.000E+00        max_dt

         11   5.478006   4535.336 -21.400111 -21.400111   5.000000   5.000000   0.755800   0.000071   0.242800 -10.989791    476      0
-5.0000E+00   5.477697   2.098718 -99.000000 -22.797979 -99.000000   0.000000   0.242800   0.000657   0.001400   0.024885      3
 1.1000E-04  -4.592453   3.778567 -37.327719 -99.000000  -8.081347   0.000000   0.000241   0.000146   0.001400  0.000E+00        max_dt

         12   5.478007   4530.544 -21.400109 -21.400109   5.000000   5.000000   0.755800   0.000071   0.242800 -10.989600    460      0
-5.0000E+00   5.477665   2.098689 -99.000000 -22.797977 -99.000000   0.000000   0.242800   0.000657   0.001400   0.024888      3
 1.2000E-04  -4.592418   3.776674 -99.000000 -99.000000  -8.078214   0.000000   0.000241   0.000146   0.001400  0.000E+00        max_dt

         13   5.478110   4525.851 -21.400563 -21.400563   5.000000   5.000000   0.755800   0.000071   0.242800 -10.989416    475      0
-5.0000E+00   5.477741   2.098661 -99.000000 -22.798431 -99.000000   0.000000   0.242800   0.000657   0.001400   0.024887      3
 1.3000E-04  -4.592223   3.774817 -37.327719 -99.000000  -8.075177   0.000000   0.000241   0.000146   0.001400  0.000E+00        max_dt

         14   5.478110   4521.296 -21.400562 -21.400562   5.000000   5.000000   0.755800   0.000071   0.242800 -10.989285    459      0
-5.0000E+00   5.477719   2.098635 -99.000000 -22.798430 -99.000000   0.000000   0.242800   0.000657   0.001400   0.024889      3
 1.4000E-04  -4.592199   3.773015 -99.000000 -99.000000  -8.072261   0.000000   0.000241   0.000146   0.001400  0.000E+00        max_dt

         15   5.478110   4516.900 -21.400561 -21.400561   5.000000   5.000000   0.755800   0.000071   0.242800 -10.989174    475      0
-5.0000E+00   5.477701   2.098610 -99.000000 -22.798429 -99.000000   0.000000   0.242800   0.000657   0.001400   0.024890      3
 1.5000E-04  -4.592179   3.771275 -37.327719 -99.000000  -8.069475   0.000000   0.000241   0.000146   0.001400  0.000E+00        max_dt

         16   5.478110   4512.672 -21.400560 -21.400560   5.000000   5.000000   0.755800   0.000071   0.242800 -10.989079    459      0
-5.0000E+00   5.477685   2.098586 -99.000000 -22.798428 -99.000000   0.000000   0.242800   0.000657   0.001400   0.024891      3
 1.6000E-04  -4.592161   3.769601 -99.000000 -99.000000  -8.066823   0.000000   0.000241   0.000146   0.001400  0.000E+00        max_dt

         17   5.478110   4508.598 -21.400559 -21.400559   5.000000   5.000000   0.755800   0.000071   0.242800 -10.988998    473      0
-5.0000E+00   5.477672   2.098563 -99.000000 -22.798427 -99.000000   0.000000   0.242800   0.000657   0.001400   0.024892      3
 1.7000E-04  -4.592146   3.767986 -99.000000 -99.000000  -8.064292   0.000000   0.000241   0.000146   0.001400  0.000E+00        max_dt

         18   5.478110   4504.684 -21.400558 -21.400558   5.000000   5.000000   0.755800   0.000071   0.242800 -10.988928    457      0
-5.0000E+00   5.477660   2.098541 -99.000000 -22.798426 -99.000000   0.000000   0.242800   0.000657   0.001400   0.024893      3
 1.8000E-04  -4.592133   3.766434 -99.000000 -99.000000  -8.061885   0.000000   0.000241   0.000146   0.001400  0.000E+00        max_dt

         19   5.478111   4500.933 -21.400557 -21.400557   5.000000   5.000000   0.755800   0.000071   0.242800 -10.988867    473      0
-5.0000E+00   5.477650   2.098520 -99.000000 -22.798426 -99.000000   0.000000   0.242800   0.000657   0.001400   0.024894      3
 1.9000E-04  -4.592122   3.764945 -99.000000 -99.000000  -8.059600   0.000000   0.000241   0.000146   0.001400  0.000E+00        max_dt


__________________________________________________________________________________________________________________________________________________

       step    lg_Tmax     Teff     lg_LH      lg_Lnuc_tot     Mass       H_rich     H_cntr     N_cntr     Y_surf   eta_cntr   zones  retry
  lg_dt_yrs    lg_Tcntr    lg_R     lg_L3a     lg_Lneu     lg_Mdot    He_core    He_cntr    O_cntr     Z_surf   gam_cntr   iters  
    age_yrs    lg_Dcntr    lg_L     lg_LZ      lg_Lphoto   lg_Dsurf   CO_core    C_cntr     Ne_cntr    Z_cntr   v_div_cs       dt_limit
__________________________________________________________________________________________________________________________________________________

         20   5.478111   4497.346 -21.400557 -21.400557   5.000000   5.000000   0.755800   0.000071   0.242800 -10.988813    457      0
-5.0000E+00   5.477641   2.098501 -99.000000 -22.798425 -99.000000   0.000000   0.242800   0.000657   0.001400   0.024895      3
 2.0000E-04  -4.592112   3.763520 -99.000000 -99.000000  -8.057435   0.000000   0.000241   0.000146   0.001400  0.000E+00        max_dt

         21   5.478111   4493.914 -21.400556 -21.400556   5.000000   5.000000   0.755800   0.000071   0.242800 -10.988766    474      0
-5.0000E+00   5.477633   2.098482 -99.000000 -22.798424 -99.000000   0.000000   0.242800   0.000657   0.001400   0.024896      3
 2.1000E-04  -4.592103   3.762156 -99.000000 -99.000000  -8.055382   0.000000   0.000241   0.000146   0.001400  0.000E+00        max_dt

         22   5.478111   4490.626 -21.400555 -21.400555   5.000000   5.000000   0.755800   0.000071   0.242800 -10.988724    457      0
-5.0000E+00   5.477626   2.098464 -99.000000 -22.798424 -99.000000   0.000000   0.242800   0.000657   0.001400   0.024896      3
 2.2000E-04  -4.592095   3.760849 -99.000000 -99.000000  -8.053434   0.000000   0.000241   0.000146   0.001400  0.000E+00        max_dt

         23   5.478111   4487.474 -21.400555 -21.400555   5.000000   5.000000   0.755800   0.000071   0.242800 -10.988687    473      0
-5.0000E+00   5.477620   2.098446 -99.000000 -22.798423 -99.000000   0.000000   0.242800   0.000657   0.001400   0.024897      3
 2.3000E-04  -4.592088   3.759594 -99.000000 -99.000000  -8.051581   0.000000   0.000241   0.000146   0.001400  0.000E+00        max_dt

         24   5.478111   4484.458 -21.400554 -21.400554   5.000000   5.000000   0.755800   0.000071   0.242800 -10.988653    459      0
-5.0000E+00   5.477615   2.098430 -99.000000 -22.798423 -99.000000   0.000000   0.242800   0.000657   0.001400   0.024897      3
 2.4000E-04  -4.592082   3.758393 -99.000000 -99.000000  -8.049824   0.000000   0.000241   0.000146   0.001400  0.000E+00        max_dt

         25   5.478111   4481.570 -21.400554 -21.400554   5.000000   5.000000   0.755800   0.000071   0.242800 -10.988623    475      0
-5.0000E+00   5.477610   2.098414 -99.000000 -22.798422 -99.000000   0.000000   0.242800   0.000657   0.001400   0.024897      3
 2.5000E-04  -4.592076   3.757243 -99.000000 -99.000000  -8.048155   0.000000   0.000241   0.000146   0.001400  0.000E+00        max_dt

         26   5.478111   4478.809 -21.400553 -21.400553   5.000000   5.000000   0.755800   0.000071   0.242800 -10.988596    459      0
-5.0000E+00   5.477605   2.098399 -99.000000 -22.798422 -99.000000   0.000000   0.242800   0.000657   0.001400   0.024898      3
 2.6000E-04  -4.592071   3.756142 -99.000000 -99.000000  -8.046572   0.000000   0.000241   0.000146   0.001400  0.000E+00        max_dt

         27   5.478112   4476.160 -21.400553 -21.400553   5.000000   5.000000   0.755800   0.000071   0.242800 -10.988572    475      0
-5.0000E+00   5.477601   2.098385 -99.000000 -22.798421 -99.000000   0.000000   0.242800   0.000657   0.001400   0.024898      3
 2.7000E-04  -4.592067   3.755085 -99.000000 -99.000000  -8.045065   0.000000   0.000241   0.000146   0.001400  0.000E+00        max_dt

         28   5.478112   4473.619 -21.400553 -21.400553   5.000000   5.000000   0.755800   0.000071   0.242800 -10.988550    461      0
-5.0000E+00   5.477598   2.098371 -99.000000 -22.798421 -99.000000   0.000000   0.242800   0.000657   0.001400   0.024898      3
 2.8000E-04  -4.592062   3.754071 -99.000000 -99.000000  -8.043630   0.000000   0.000241   0.000146   0.001400  0.000E+00        max_dt

         29   5.478112   4471.177 -21.400552 -21.400552   5.000000   5.000000   0.755800   0.000071   0.242800 -10.988529    479      0
-5.0000E+00   5.477594   2.098357 -99.000000 -22.798420 -99.000000   0.000000   0.242800   0.000657   0.001400   0.024899      3
 2.9000E-04  -4.592059   3.753095 -99.000000 -99.000000  -8.042262   0.000000   0.000241   0.000146   0.001400  0.000E+00        max_dt


__________________________________________________________________________________________________________________________________________________

       step    lg_Tmax     Teff     lg_LH      lg_Lnuc_tot     Mass       H_rich     H_cntr     N_cntr     Y_surf   eta_cntr   zones  retry
  lg_dt_yrs    lg_Tcntr    lg_R     lg_L3a     lg_Lneu     lg_Mdot    He_core    He_cntr    O_cntr     Z_surf   gam_cntr   iters  
    age_yrs    lg_Dcntr    lg_L     lg_LZ      lg_Lphoto   lg_Dsurf   CO_core    C_cntr     Ne_cntr    Z_cntr   v_div_cs       dt_limit
__________________________________________________________________________________________________________________________________________________

         30   5.478112   4468.827 -21.400552 -21.400552   5.000000   5.000000   0.755800   0.000071   0.242800 -10.988511    463      0
-5.0000E+00   5.477591   2.098344 -99.000000 -22.798420 -99.000000   0.000000   0.242800   0.000657   0.001400   0.024899      3
 3.0000E-04  -4.592055   3.752157 -99.000000 -99.000000  -8.040955   0.000000   0.000241   0.000146   0.001400  0.000E+00        max_dt

         31   5.478112   4466.560 -21.400552 -21.400552   5.000000   5.000000   0.755800   0.000071   0.242800 -10.988494    479      0
-5.0000E+00   5.477589   2.098332 -99.000000 -22.798420 -99.000000   0.000000   0.242800   0.000657   0.001400   0.024899      3
 3.1000E-04  -4.592052   3.751250 -99.000000 -99.000000  -8.039702   0.000000   0.000241   0.000146   0.001400  0.000E+00        max_dt

         32   5.478112   4464.365 -21.400551 -21.400551   5.000000   5.000000   0.755800   0.000071   0.242800 -10.988479    462      0
-5.0000E+00   5.477586   2.098320 -99.000000 -22.798420 -99.000000   0.000000   0.242800   0.000657   0.001400   0.024899      3
 3.2000E-04  -4.592049   3.750372 -99.000000 -99.000000  -8.038497   0.000000   0.000241   0.000146   0.001400  0.000E+00        max_dt

         33   5.478112   4462.223 -21.400551 -21.400551   5.000000   5.000000   0.755800   0.000071   0.242800 -10.988464    477      0
-5.0000E+00   5.477584   2.098308 -99.000000 -22.798419 -99.000000   0.000000   0.242800   0.000657   0.001400   0.024899      3
 3.3000E-04  -4.592046   3.749515 -99.000000 -99.000000  -8.037329   0.000000   0.000241   0.000146   0.001400  0.000E+00        max_dt

         34   5.478112   4460.145 -21.400551 -21.400551   5.000000   5.000000   0.755800   0.000071   0.242800 -10.988451    461      0
-5.0000E+00   5.477582   2.098297 -99.000000 -22.798419 -99.000000   0.000000   0.242800   0.000657   0.001400   0.024900      3
 3.4000E-04  -4.592044   3.748684 -99.000000 -99.000000  -8.036204   0.000000   0.000241   0.000146   0.001400  0.000E+00        max_dt

         35   5.478112   4458.134 -21.400551 -21.400551   5.000000   5.000000   0.755800   0.000071   0.242800 -10.988439    477      0
-5.0000E+00   5.477580   2.098286 -99.000000 -22.798419 -99.000000   0.000000   0.242800   0.000657   0.001400   0.024900      3
 3.5000E-04  -4.592041   3.747878 -99.000000 -99.000000  -8.035122   0.000000   0.000241   0.000146   0.001400  0.000E+00        max_dt

         36   5.478112   4456.192 -21.400550 -21.400550   5.000000   5.000000   0.755800   0.000071   0.242800 -10.988428    461      0
-5.0000E+00   5.477578   2.098276 -99.000000 -22.798418 -99.000000   0.000000   0.242800   0.000657   0.001400   0.024900      3
 3.6000E-04  -4.592039   3.747100 -99.000000 -99.000000  -8.034082   0.000000   0.000241   0.000146   0.001400  0.000E+00        max_dt

         37   5.478112   4454.312 -21.400550 -21.400550   5.000000   5.000000   0.755800   0.000071   0.242800 -10.988418    477      0
-5.0000E+00   5.477576   2.098265 -99.000000 -22.798418 -99.000000   0.000000   0.242800   0.000657   0.001400   0.024900      3
 3.7000E-04  -4.592037   3.746347 -99.000000 -99.000000  -8.033082   0.000000   0.000241   0.000146   0.001400  0.000E+00        max_dt

         38   5.478113   4452.492 -21.400550 -21.400550   5.000000   5.000000   0.755800   0.000071   0.242800 -10.988408    461      0
-5.0000E+00   5.477575   2.098255 -99.000000 -22.798418 -99.000000   0.000000   0.242800   0.000657   0.001400   0.024900      3
 3.8000E-04  -4.592035   3.745617 -99.000000 -99.000000  -8.032120   0.000000   0.000241   0.000146   0.001400  0.000E+00        max_dt

         39   5.478113   4450.728 -21.400550 -21.400550   5.000000   5.000000   0.755800   0.000071   0.242800 -10.988399    477      0
-5.0000E+00   5.477573   2.098246 -99.000000 -22.798418 -99.000000   0.000000   0.242800   0.000657   0.001400   0.024900      3
 3.9000E-04  -4.592034   3.744909 -99.000000 -99.000000  -8.031193   0.000000   0.000241   0.000146   0.001400  0.000E+00        max_dt


__________________________________________________________________________________________________________________________________________________

       step    lg_Tmax     Teff     lg_LH      lg_Lnuc_tot     Mass       H_rich     H_cntr     N_cntr     Y_surf   eta_cntr   zones  retry
  lg_dt_yrs    lg_Tcntr    lg_R     lg_L3a     lg_Lneu     lg_Mdot    He_core    He_cntr    O_cntr     Z_surf   gam_cntr   iters  
    age_yrs    lg_Dcntr    lg_L     lg_LZ      lg_Lphoto   lg_Dsurf   CO_core    C_cntr     Ne_cntr    Z_cntr   v_div_cs       dt_limit
__________________________________________________________________________________________________________________________________________________

         40   5.478113   4449.018 -21.400549 -21.400549   5.000000   5.000000   0.755800   0.000071   0.242800 -10.988391    461      0
-5.0000E+00   5.477572   2.098236 -99.000000 -22.798418 -99.000000   0.000000   0.242800   0.000657   0.001400   0.024900      3
 4.0000E-04  -4.592032   3.744223 -37.026689 -99.000000  -8.030298   0.000000   0.000241   0.000146   0.001400  0.000E+00        max_dt

         41   5.478113   4447.356 -21.400549 -21.400549   5.000000   5.000000   0.755800   0.000071   0.242800 -10.988383    477      0
-5.0000E+00   5.477571   2.098227 -99.000000 -22.798417 -99.000000   0.000000   0.242800   0.000657   0.001400   0.024900      3
 4.1000E-04  -4.592030   3.743556 -99.000000 -99.000000  -8.029433   0.000000   0.000241   0.000146   0.001400  0.000E+00        max_dt

         42   5.478113   4445.743 -21.400549 -21.400549   5.000000   5.000000   0.755800   0.000071   0.242800 -10.988376    461      0
-5.0000E+00   5.477570   2.098218 -99.000000 -22.798417 -99.000000   0.000000   0.242800   0.000657   0.001400   0.024901      3
 4.2000E-04  -4.592029   3.742908 -99.000000 -99.000000  -8.028598   0.000000   0.000241   0.000146   0.001400  0.000E+00        max_dt

         43   5.478113   4444.168 -21.400549 -21.400549   5.000000   5.000000   0.755800   0.000071   0.242800 -10.988369    476      0
-5.0000E+00   5.477569   2.098210 -99.000000 -22.798417 -99.000000   0.000000   0.242800   0.000657   0.001400   0.024901      3
 4.3000E-04  -4.592028   3.742275 -99.000000 -99.000000  -8.027786   0.000000   0.000241   0.000146   0.001400  0.000E+00        max_dt

         44   5.478113   4442.634 -21.400549 -21.400549   5.000000   5.000000   0.755800   0.000071   0.242800 -10.988362    460      0
-5.0000E+00   5.477568   2.098201 -99.000000 -22.798417 -99.000000   0.000000   0.242800   0.000657   0.001400   0.024901      3
 4.4000E-04  -4.592026   3.741659 -99.000000 -99.000000  -8.026999   0.000000   0.000241   0.000146   0.001400  0.000E+00        max_dt

         45   5.478113   4441.139 -21.400549 -21.400549   5.000000   5.000000   0.755800   0.000071   0.242800 -10.988356    476      0
-5.0000E+00   5.477567   2.098193 -99.000000 -22.798417 -99.000000   0.000000   0.242800   0.000657   0.001400   0.024901      3
 4.5000E-04  -4.592025   3.741057 -99.000000 -99.000000  -8.026236   0.000000   0.000241   0.000146   0.001400  0.000E+00        max_dt

         46   5.478113   4439.684 -21.400548 -21.400548   5.000000   5.000000   0.755800   0.000071   0.242800 -10.988351    460      0
-5.0000E+00   5.477566   2.098185 -99.000000 -22.798417 -99.000000   0.000000   0.242800   0.000657   0.001400   0.024901      3
 4.6000E-04  -4.592024   3.740472 -99.000000 -99.000000  -8.025497   0.000000   0.000241   0.000146   0.001400  0.000E+00        max_dt

         47   5.478113   4438.266 -21.400548 -21.400548   5.000000   5.000000   0.755800   0.000071   0.242800 -10.988345    476      0
-5.0000E+00   5.477565   2.098177 -99.000000 -22.798416 -99.000000   0.000000   0.242800   0.000657   0.001400   0.024901      3
 4.7000E-04  -4.592023   3.739902 -99.000000 -99.000000  -8.024780   0.000000   0.000241   0.000146   0.001400  0.000E+00        max_dt

         48   5.478113   4436.861 -21.400548 -21.400548   5.000000   5.000000   0.755800   0.000071   0.242800 -10.988340    459      0
-5.0000E+00   5.477564   2.098170 -99.000000 -22.798416 -99.000000   0.000000   0.242800   0.000657   0.001400   0.024901      3
 4.8000E-04  -4.592022   3.739336 -99.000000 -99.000000  -8.024072   0.000000   0.000241   0.000146   0.001400  0.000E+00        max_dt

         49   5.478113   4435.482 -21.400548 -21.400548   5.000000   5.000000   0.755800   0.000071   0.242800 -10.988336    475      0
-5.0000E+00   5.477563   2.098162 -99.000000 -22.798416 -99.000000   0.000000   0.242800   0.000657   0.001400   0.024901      3
 4.9000E-04  -4.592021   3.738782 -37.026689 -99.000000  -8.023381   0.000000   0.000241   0.000146   0.001400  0.000E+00        max_dt


__________________________________________________________________________________________________________________________________________________

       step    lg_Tmax     Teff     lg_LH      lg_Lnuc_tot     Mass       H_rich     H_cntr     N_cntr     Y_surf   eta_cntr   zones  retry
  lg_dt_yrs    lg_Tcntr    lg_R     lg_L3a     lg_Lneu     lg_Mdot    He_core    He_cntr    O_cntr     Z_surf   gam_cntr   iters  
    age_yrs    lg_Dcntr    lg_L     lg_LZ      lg_Lphoto   lg_Dsurf   CO_core    C_cntr     Ne_cntr    Z_cntr   v_div_cs       dt_limit
__________________________________________________________________________________________________________________________________________________

         50   5.478113   4434.146 -21.400548 -21.400548   5.000000   5.000000   0.755800   0.000071   0.242800 -10.988331    459      0
-5.0000E+00   5.477563   2.098155 -99.000000 -22.798416 -99.000000   0.000000   0.242800   0.000657   0.001400   0.024901      3
 5.0000E-04  -4.592020   3.738243 -99.000000 -99.000000  -8.022713   0.000000   0.000241   0.000146   0.001400  0.000E+00        max_dt

         51   5.478113   4432.849 -21.400548 -21.400548   5.000000   5.000000   0.755800   0.000071   0.242800 -10.988327    475      0
-5.0000E+00   5.477562   2.098148 -99.000000 -22.798416 -99.000000   0.000000   0.242800   0.000657   0.001400   0.024901      3
 5.1000E-04  -4.592019   3.737721 -99.000000 -99.000000  -8.022068   0.000000   0.000241   0.000146   0.001400  0.000E+00        max_dt

         52   5.478113   4431.590 -21.400548 -21.400548   5.000000   5.000000   0.755800   0.000071   0.242800 -10.988323    459      0
-5.0000E+00   5.477561   2.098141 -99.000000 -22.798416 -99.000000   0.000000   0.242800   0.000657   0.001400   0.024901      3
 5.2000E-04  -4.592018   3.737214 -99.000000 -99.000000  -8.021444   0.000000   0.000241   0.000146   0.001400  0.000E+00        max_dt

         53   5.478113   4430.363 -21.400547 -21.400547   5.000000   5.000000   0.755800   0.000071   0.242800 -10.988319    475      0
-5.0000E+00   5.477561   2.098134 -99.000000 -22.798416 -99.000000   0.000000   0.242800   0.000657   0.001400   0.024901      3
 5.3000E-04  -4.592018   3.736719 -99.000000 -99.000000  -8.020839   0.000000   0.000241   0.000146   0.001400  0.000E+00        max_dt

         54   5.478114   4429.172 -21.400547 -21.400547   5.000000   5.000000   0.755800   0.000071   0.242800 -10.988316    461      0
-5.0000E+00   5.477560   2.098127 -99.000000 -22.798415 -99.000000   0.000000   0.242800   0.000657   0.001400   0.024901      3
 5.4000E-04  -4.592017   3.736238 -99.000000 -99.000000  -8.020253   0.000000   0.000241   0.000146   0.001400  0.000E+00        max_dt

         55   5.478114   4428.004 -21.400547 -21.400547   5.000000   5.000000   0.755800   0.000071   0.242800 -10.988312    478      0
-5.0000E+00   5.477560   2.098121 -99.000000 -22.798415 -99.000000   0.000000   0.242800   0.000657   0.001400   0.024901      3
 5.5000E-04  -4.592016   3.735767 -99.000000 -99.000000  -8.019680   0.000000   0.000241   0.000146   0.001400  0.000E+00        max_dt

         56   5.478114   4426.859 -21.400547 -21.400547   5.000000   5.000000   0.755800   0.000071   0.242800 -10.988309    462      0
-5.0000E+00   5.477559   2.098114 -99.000000 -22.798415 -99.000000   0.000000   0.242800   0.000657   0.001400   0.024901      3
 5.6000E-04  -4.592016   3.735305 -99.000000 -99.000000  -8.019121   0.000000   0.000241   0.000146   0.001400  0.000E+00        max_dt

         57   5.478114   4425.735 -21.400547 -21.400547   5.000000   5.000000   0.755800   0.000071   0.242800 -10.988306    478      0
-5.0000E+00   5.477559   2.098108 -99.000000 -22.798415 -99.000000   0.000000   0.242800   0.000657   0.001400   0.024901      3
 5.7000E-04  -4.592015   3.734852 -99.000000 -99.000000  -8.018574   0.000000   0.000241   0.000146   0.001400  0.000E+00        max_dt

         58   5.478114   4424.634 -21.400547 -21.400547   5.000000   5.000000   0.755800   0.000071   0.242800 -10.988303    462      0
-5.0000E+00   5.477558   2.098102 -99.000000 -22.798415 -99.000000   0.000000   0.242800   0.000657   0.001400   0.024902      3
 5.8000E-04  -4.592014   3.734407 -99.000000 -99.000000  -8.018040   0.000000   0.000241   0.000146   0.001400  0.000E+00        max_dt

         59   5.478114   4423.553 -21.400547 -21.400547   5.000000   5.000000   0.755800   0.000071   0.242800 -10.988300    478      0
-5.0000E+00   5.477558   2.098096 -99.000000 -22.798415 -99.000000   0.000000   0.242800   0.000657   0.001400   0.024902      3
 5.9000E-04  -4.592014   3.733970 -99.000000 -99.000000  -8.017518   0.000000   0.000241   0.000146   0.001400  0.000E+00        max_dt


__________________________________________________________________________________________________________________________________________________

       step    lg_Tmax     Teff     lg_LH      lg_Lnuc_tot     Mass       H_rich     H_cntr     N_cntr     Y_surf   eta_cntr   zones  retry
  lg_dt_yrs    lg_Tcntr    lg_R     lg_L3a     lg_Lneu     lg_Mdot    He_core    He_cntr    O_cntr     Z_surf   gam_cntr   iters  
    age_yrs    lg_Dcntr    lg_L     lg_LZ      lg_Lphoto   lg_Dsurf   CO_core    C_cntr     Ne_cntr    Z_cntr   v_div_cs       dt_limit
__________________________________________________________________________________________________________________________________________________

         60   5.478114   4422.495 -21.400547 -21.400547   5.000000   5.000000   0.755800   0.000071   0.242800 -10.988297    462      0
-5.0000E+00   5.477558   2.098090 -99.000000 -22.798415 -99.000000   0.000000   0.242800   0.000657   0.001400   0.024902      3
 6.0000E-04  -4.592013   3.733543 -99.000000 -99.000000  -8.017008   0.000000   0.000241   0.000146   0.001400  0.000E+00        max_dt

         61   5.478114   4421.456 -21.400546 -21.400546   5.000000   5.000000   0.755800   0.000071   0.242800 -10.988295    478      0
-5.0000E+00   5.477557   2.098084 -99.000000 -22.798415 -99.000000   0.000000   0.242800   0.000657   0.001400   0.024902      3
 6.1000E-04  -4.592013   3.733123 -99.000000 -99.000000  -8.016509   0.000000   0.000241   0.000146   0.001400  0.000E+00        max_dt

         62   5.478114   4420.439 -21.400546 -21.400546   5.000000   5.000000   0.755800   0.000071   0.242800 -10.988293    462      0
-5.0000E+00   5.477557   2.098078 -99.000000 -22.798414 -99.000000   0.000000   0.242800   0.000657   0.001400   0.024902      3
 6.2000E-04  -4.592012   3.732712 -99.000000 -99.000000  -8.016022   0.000000   0.000241   0.000146   0.001400  0.000E+00        max_dt

         63   5.478114   4419.439 -21.400546 -21.400546   5.000000   5.000000   0.755800   0.000071   0.242800 -10.988290    478      0
-5.0000E+00   5.477556   2.098073 -99.000000 -22.798414 -99.000000   0.000000   0.242800   0.000657   0.001400   0.024902      3
 6.3000E-04  -4.592012   3.732308 -99.000000 -99.000000  -8.015545   0.000000   0.000241   0.000146   0.001400  0.000E+00        max_dt

         64   5.478114   4418.460 -21.400546 -21.400546   5.000000   5.000000   0.755800   0.000071   0.242800 -10.988288    462      0
-5.0000E+00   5.477556   2.098067 -99.000000 -22.798414 -99.000000   0.000000   0.242800   0.000657   0.001400   0.024902      3
 6.4000E-04  -4.592011   3.731912 -99.000000 -99.000000  -8.015079   0.000000   0.000241   0.000146   0.001400  0.000E+00        max_dt

         65   5.478114   4417.498 -21.400546 -21.400546   5.000000   5.000000   0.755800   0.000071   0.242800 -10.988286    478      0
-5.0000E+00   5.477556   2.098062 -99.000000 -22.798414 -99.000000   0.000000   0.242800   0.000657   0.001400   0.024902      3
 6.5000E-04  -4.592011   3.731523 -99.000000 -99.000000  -8.014623   0.000000   0.000241   0.000146   0.001400  0.000E+00        max_dt

         66   5.478114   4416.554 -21.400546 -21.400546   5.000000   5.000000   0.755800   0.000071   0.242800 -10.988284    462      0
-5.0000E+00   5.477555   2.098057 -99.000000 -22.798414 -99.000000   0.000000   0.242800   0.000657   0.001400   0.024902      3
 6.6000E-04  -4.592010   3.731141 -99.000000 -99.000000  -8.014177   0.000000   0.000241   0.000146   0.001400  0.000E+00        max_dt

         67   5.478114   4415.626 -21.400546 -21.400546   5.000000   5.000000   0.755800   0.000071   0.242800 -10.988282    478      0
-5.0000E+00   5.477555   2.098051 -99.000000 -22.798414 -99.000000   0.000000   0.242800   0.000657   0.001400   0.024902      3
 6.7000E-04  -4.592010   3.730765 -99.000000 -99.000000  -8.013739   0.000000   0.000241   0.000146   0.001400  0.000E+00        max_dt

         68   5.478114   4414.716 -21.400546 -21.400546   5.000000   5.000000   0.755800   0.000071   0.242800 -10.988280    462      0
-5.0000E+00   5.477555   2.098046 -99.000000 -22.798414 -99.000000   0.000000   0.242800   0.000657   0.001400   0.024902      3
 6.8000E-04  -4.592010   3.730397 -99.000000 -99.000000  -8.013311   0.000000   0.000241   0.000146   0.001400  0.000E+00        max_dt

         69   5.478114   4413.820 -21.400545 -21.400545   5.000000   5.000000   0.755800   0.000071   0.242800 -10.988278    478      0
-5.0000E+00   5.477555   2.098041 -99.000000 -22.798414 -99.000000   0.000000   0.242800   0.000657   0.001400   0.024902      3
 6.9000E-04  -4.592009   3.730034 -99.000000 -99.000000  -8.012890   0.000000   0.000241   0.000146   0.001400  0.000E+00        max_dt


__________________________________________________________________________________________________________________________________________________

       step    lg_Tmax     Teff     lg_LH      lg_Lnuc_tot     Mass       H_rich     H_cntr     N_cntr     Y_surf   eta_cntr   zones  retry
  lg_dt_yrs    lg_Tcntr    lg_R     lg_L3a     lg_Lneu     lg_Mdot    He_core    He_cntr    O_cntr     Z_surf   gam_cntr   iters  
    age_yrs    lg_Dcntr    lg_L     lg_LZ      lg_Lphoto   lg_Dsurf   CO_core    C_cntr     Ne_cntr    Z_cntr   v_div_cs       dt_limit
__________________________________________________________________________________________________________________________________________________

         70   5.478114   4412.936 -21.400545 -21.400545   5.000000   5.000000   0.755800   0.000071   0.242800 -10.988277    461      0
-5.0000E+00   5.477554   2.098036 -99.000000 -22.798413 -99.000000   0.000000   0.242800   0.000657   0.001400   0.024902      2
 7.0000E-04  -4.592009   3.729676 -99.000000 -99.000000  -8.012477   0.000000   0.000241   0.000146   0.001400  0.000E+00        max_dt

         71   5.478114   4412.062 -21.400545 -21.400545   5.000000   5.000000   0.755800   0.000071   0.242800 -10.988275    477      0
-5.0000E+00   5.477554   2.098031 -99.000000 -22.798413 -99.000000   0.000000   0.242800   0.000657   0.001400   0.024902      3
 7.1000E-04  -4.592008   3.729322 -37.026689 -99.000000  -8.012069   0.000000   0.000241   0.000146   0.001400  0.000E+00        max_dt

         72   5.478114   4411.204 -21.400545 -21.400545   5.000000   5.000000   0.755800   0.000071   0.242800 -10.988273    461      0
-5.0000E+00   5.477554   2.098026 -99.000000 -22.798413 -99.000000   0.000000   0.242800   0.000657   0.001400   0.024902      2
 7.2000E-04  -4.592008   3.728975 -99.000000 -99.000000  -8.011670   0.000000   0.000241   0.000146   0.001400  0.000E+00        max_dt

         73   5.478114   4410.360 -21.400545 -21.400545   5.000000   5.000000   0.755800   0.000071   0.242800 -10.988272    477      0
-5.0000E+00   5.477554   2.098021 -99.000000 -22.798413 -99.000000   0.000000   0.242800   0.000657   0.001400   0.024902      2
 7.3000E-04  -4.592008   3.728633 -99.000000 -99.000000  -8.011278   0.000000   0.000241   0.000146   0.001400  0.000E+00        max_dt

         74   5.478114   4409.532 -21.400545 -21.400545   5.000000   5.000000   0.755800   0.000071   0.242800 -10.988270    461      0
-5.0000E+00   5.477554   2.098017 -99.000000 -22.798413 -99.000000   0.000000   0.242800   0.000657   0.001400   0.024902      2
 7.4000E-04  -4.592007   3.728297 -37.026689 -99.000000  -8.010895   0.000000   0.000241   0.000146   0.001400  0.000E+00        max_dt

         75   5.478114   4408.716 -21.400545 -21.400545   5.000000   5.000000   0.755800   0.000071   0.242800 -10.988269    477      0
-5.0000E+00   5.477553   2.098012 -99.000000 -22.798413 -99.000000   0.000000   0.242800   0.000657   0.001400   0.024902      2
 7.5000E-04  -4.592007   3.727966 -99.000000 -99.000000  -8.010518   0.000000   0.000241   0.000146   0.001400  0.000E+00        max_dt

         76   5.478114   4407.891 -21.400545 -21.400545   5.000000   5.000000   0.755800   0.000071   0.242800 -10.988268    460      0
-5.0000E+00   5.477553   2.098007 -99.000000 -22.798413 -99.000000   0.000000   0.242800   0.000657   0.001400   0.024902      2
 7.6000E-04  -4.592007   3.727632 -99.000000 -99.000000  -8.010138   0.000000   0.000241   0.000146   0.001400  0.000E+00        max_dt

         77   5.478114   4407.072 -21.400544 -21.400544   5.000000   5.000000   0.755800   0.000071   0.242800 -10.988266    476      0
-5.0000E+00   5.477553   2.098003 -99.000000 -22.798413 -99.000000   0.000000   0.242800   0.000657   0.001400   0.024902      2
 7.7000E-04  -4.592006   3.727300 -99.000000 -99.000000  -8.009762   0.000000   0.000241   0.000146   0.001400  0.000E+00        max_dt

         78   5.478115   4406.273 -21.400544 -21.400544   5.000000   5.000000   0.755800   0.000071   0.242800 -10.988265    460      0
-5.0000E+00   5.477553   2.097998 -99.000000 -22.798413 -99.000000   0.000000   0.242800   0.000657   0.001400   0.024902      2
 7.8000E-04  -4.592006   3.726976 -99.000000 -99.000000  -8.009396   0.000000   0.000241   0.000146   0.001400  0.000E+00        max_dt

         79   5.478115   4405.492 -21.400544 -21.400544   5.000000   5.000000   0.755800   0.000071   0.242800 -10.988264    476      0
-5.0000E+00   5.477553   2.097994 -99.000000 -22.798412 -99.000000   0.000000   0.242800   0.000657   0.001400   0.024902      2
 7.9000E-04  -4.592006   3.726659 -99.000000 -99.000000  -8.009039   0.000000   0.000241   0.000146   0.001400  0.000E+00        max_dt


__________________________________________________________________________________________________________________________________________________

       step    lg_Tmax     Teff     lg_LH      lg_Lnuc_tot     Mass       H_rich     H_cntr     N_cntr     Y_surf   eta_cntr   zones  retry
  lg_dt_yrs    lg_Tcntr    lg_R     lg_L3a     lg_Lneu     lg_Mdot    He_core    He_cntr    O_cntr     Z_surf   gam_cntr   iters  
    age_yrs    lg_Dcntr    lg_L     lg_LZ      lg_Lphoto   lg_Dsurf   CO_core    C_cntr     Ne_cntr    Z_cntr   v_div_cs       dt_limit
__________________________________________________________________________________________________________________________________________________

         80   5.478115   4404.729 -21.400544 -21.400544   5.000000   5.000000   0.755800   0.000071   0.242800 -10.988263    460      0
-5.0000E+00   5.477553   2.097989 -99.000000 -22.798412 -99.000000   0.000000   0.242800   0.000657   0.001400   0.024902      2
 8.0000E-04  -4.592006   3.726349 -99.000000 -99.000000  -8.008691   0.000000   0.000241   0.000146   0.001400  0.000E+00        max_dt

         81   5.478115   4403.980 -21.400544 -21.400544   5.000000   5.000000   0.755800   0.000071   0.242800 -10.988262    476      0
-5.0000E+00   5.477552   2.097985 -99.000000 -22.798412 -99.000000   0.000000   0.242800   0.000657   0.001400   0.024902      2
 8.1000E-04  -4.592005   3.726045 -99.000000 -99.000000  -8.008350   0.000000   0.000241   0.000146   0.001400  0.000E+00        max_dt

         82   5.478115   4403.245 -21.400544 -21.400544   5.000000   5.000000   0.755800   0.000071   0.242800 -10.988261    460      0
-5.0000E+00   5.477552   2.097981 -99.000000 -22.798412 -99.000000   0.000000   0.242800   0.000657   0.001400   0.024902      2
 8.2000E-04  -4.592005   3.725747 -99.000000 -99.000000  -8.008016   0.000000   0.000241   0.000146   0.001400  0.000E+00        max_dt

         83   5.478115   4402.522 -21.400544 -21.400544   5.000000   5.000000   0.755800   0.000071   0.242800 -10.988260    476      0
-5.0000E+00   5.477552   2.097977 -99.000000 -22.798412 -99.000000   0.000000   0.242800   0.000657   0.001400   0.024902      2
 8.3000E-04  -4.592005   3.725453 -99.000000 -99.000000  -8.007689   0.000000   0.000241   0.000146   0.001400  0.000E+00        max_dt

         84   5.478115   4401.812 -21.400544 -21.400544   5.000000   5.000000   0.755800   0.000071   0.242800 -10.988259    460      0
-5.0000E+00   5.477552   2.097973 -99.000000 -22.798412 -99.000000   0.000000   0.242800   0.000657   0.001400   0.024902      2
 8.4000E-04  -4.592005   3.725165 -99.000000 -99.000000  -8.007368   0.000000   0.000241   0.000146   0.001400  0.000E+00        max_dt

         85   5.478115   4401.112 -21.400543 -21.400543   5.000000   5.000000   0.755800   0.000071   0.242800 -10.988258    476      0
-5.0000E+00   5.477552   2.097969 -99.000000 -22.798412 -99.000000   0.000000   0.242800   0.000657   0.001400   0.024902      2
 8.5000E-04  -4.592004   3.724881 -99.000000 -99.000000  -8.007052   0.000000   0.000241   0.000146   0.001400  0.000E+00        max_dt

         86   5.478115   4400.424 -21.400543 -21.400543   5.000000   5.000000   0.755800   0.000071   0.242800 -10.988257    460      0
-5.0000E+00   5.477552   2.097965 -99.000000 -22.798412 -99.000000   0.000000   0.242800   0.000657   0.001400   0.024902      2
 8.6000E-04  -4.592004   3.724601 -99.000000 -99.000000  -8.006742   0.000000   0.000241   0.000146   0.001400  0.000E+00        max_dt

         87   5.478115   4399.745 -21.400543 -21.400543   5.000000   5.000000   0.755800   0.000071   0.242800 -10.988256    476      0
-5.0000E+00   5.477552   2.097961 -99.000000 -22.798411 -99.000000   0.000000   0.242800   0.000657   0.001400   0.024902      2
 8.7000E-04  -4.592004   3.724325 -99.000000 -99.000000  -8.006437   0.000000   0.000241   0.000146   0.001400  0.000E+00        max_dt

         88   5.478115   4399.077 -21.400543 -21.400543   5.000000   5.000000   0.755800   0.000071   0.242800 -10.988255    460      0
-5.0000E+00   5.477551   2.097957 -99.000000 -22.798411 -99.000000   0.000000   0.242800   0.000657   0.001400   0.024902      2
 8.8000E-04  -4.592004   3.724053 -99.000000 -99.000000  -8.006137   0.000000   0.000241   0.000146   0.001400  0.000E+00        max_dt

         89   5.478115   4398.418 -21.400543 -21.400543   5.000000   5.000000   0.755800   0.000071   0.242800 -10.988254    476      0
-5.0000E+00   5.477551   2.097953 -99.000000 -22.798411 -99.000000   0.000000   0.242800   0.000657   0.001400   0.024902      3
 8.9000E-04  -4.592004   3.723785 -99.000000 -99.000000  -8.005842   0.000000   0.000241   0.000146   0.001400  0.000E+00        max_dt


__________________________________________________________________________________________________________________________________________________

       step    lg_Tmax     Teff     lg_LH      lg_Lnuc_tot     Mass       H_rich     H_cntr     N_cntr     Y_surf   eta_cntr   zones  retry
  lg_dt_yrs    lg_Tcntr    lg_R     lg_L3a     lg_Lneu     lg_Mdot    He_core    He_cntr    O_cntr     Z_surf   gam_cntr   iters  
    age_yrs    lg_Dcntr    lg_L     lg_LZ      lg_Lphoto   lg_Dsurf   CO_core    C_cntr     Ne_cntr    Z_cntr   v_div_cs       dt_limit
__________________________________________________________________________________________________________________________________________________

         90   5.478115   4397.764 -21.400543 -21.400543   5.000000   5.000000   0.755800   0.000071   0.242800 -10.988253    459      0
-5.0000E+00   5.477551   2.097949 -99.000000 -22.798411 -99.000000   0.000000   0.242800   0.000657   0.001400   0.024902      3
 9.0000E-04  -4.592003   3.723519 -99.000000 -99.000000  -8.005550   0.000000   0.000241   0.000146   0.001400  0.000E+00        max_dt

         91   5.478115   4397.114 -21.400543 -21.400543   5.000000   5.000000   0.755800   0.000071   0.242800 -10.988252    475      0
-5.0000E+00   5.477551   2.097945 -99.000000 -22.798411 -99.000000   0.000000   0.242800   0.000657   0.001400   0.024902      3
 9.1000E-04  -4.592003   3.723255 -99.000000 -99.000000  -8.005261   0.000000   0.000241   0.000146   0.001400  0.000E+00        max_dt

         92   5.478115   4396.475 -21.400543 -21.400543   5.000000   5.000000   0.755800   0.000071   0.242800 -10.988252    459      0
-5.0000E+00   5.477551   2.097941 -99.000000 -22.798411 -99.000000   0.000000   0.242800   0.000657   0.001400   0.024902      2
 9.2000E-04  -4.592003   3.722995 -99.000000 -99.000000  -8.004976   0.000000   0.000241   0.000146   0.001400  0.000E+00        max_dt

         93   5.478115   4395.843 -21.400543 -21.400543   5.000000   5.000000   0.755800   0.000071   0.242800 -10.988251    475      0
-5.0000E+00   5.477551   2.097938 -99.000000 -22.798411 -99.000000   0.000000   0.242800   0.000657   0.001400   0.024902      2
 9.3000E-04  -4.592003   3.722738 -99.000000 -99.000000  -8.004695   0.000000   0.000241   0.000146   0.001400  0.000E+00        max_dt

         94   5.478115   4395.222 -21.400542 -21.400542   5.000000   5.000000   0.755800   0.000071   0.242800 -10.988250    459      0
-5.0000E+00   5.477551   2.097934 -99.000000 -22.798411 -99.000000   0.000000   0.242800   0.000657   0.001400   0.024902      2
 9.4000E-04  -4.592003   3.722485 -99.000000 -99.000000  -8.004420   0.000000   0.000241   0.000146   0.001400  0.000E+00        max_dt

         95   5.478115   4394.610 -21.400542 -21.400542   5.000000   5.000000   0.755800   0.000071   0.242800 -10.988250    476      0
-5.0000E+00   5.477551   2.097931 -99.000000 -22.798410 -99.000000   0.000000   0.242800   0.000657   0.001400   0.024902      3
 9.5000E-04  -4.592002   3.722236 -99.000000 -99.000000  -8.004150   0.000000   0.000241   0.000146   0.001400  0.000E+00        max_dt

         96   5.478115   4394.012 -21.400542 -21.400542   5.000000   5.000000   0.755800   0.000071   0.242800 -10.988249    460      0
-5.0000E+00   5.477551   2.097927 -99.000000 -22.798410 -99.000000   0.000000   0.242800   0.000657   0.001400   0.024902      2
 9.6000E-04  -4.592002   3.721993 -99.000000 -99.000000  -8.003885   0.000000   0.000241   0.000146   0.001400  0.000E+00        max_dt

         97   5.478115   4393.424 -21.400542 -21.400542   5.000000   5.000000   0.755800   0.000071   0.242800 -10.988248    476      0
-5.0000E+00   5.477551   2.097924 -99.000000 -22.798410 -99.000000   0.000000   0.242800   0.000657   0.001400   0.024902      2
 9.7000E-04  -4.592002   3.721753 -99.000000 -99.000000  -8.003626   0.000000   0.000241   0.000146   0.001400  0.000E+00        max_dt

         98   5.478115   4392.849 -21.400542 -21.400542   5.000000   5.000000   0.755800   0.000071   0.242800 -10.988248    460      0
-5.0000E+00   5.477551   2.097920 -99.000000 -22.798410 -99.000000   0.000000   0.242800   0.000657   0.001400   0.024902      2
 9.8000E-04  -4.592002   3.721519 -99.000000 -99.000000  -8.003373   0.000000   0.000241   0.000146   0.001400  0.000E+00        max_dt

         99   5.478115   4392.280 -21.400542 -21.400542   5.000000   5.000000   0.755800   0.000071   0.242800 -10.988247    477      0
-5.0000E+00   5.477550   2.097917 -99.000000 -22.798410 -99.000000   0.000000   0.242800   0.000657   0.001400   0.024902      3
 9.9000E-04  -4.592002   3.721287 -99.000000 -99.000000  -8.003123   0.000000   0.000241   0.000146   0.001400  0.000E+00        max_dt


__________________________________________________________________________________________________________________________________________________

       step    lg_Tmax     Teff     lg_LH      lg_Lnuc_tot     Mass       H_rich     H_cntr     N_cntr     Y_surf   eta_cntr   zones  retry
  lg_dt_yrs    lg_Tcntr    lg_R     lg_L3a     lg_Lneu     lg_Mdot    He_core    He_cntr    O_cntr     Z_surf   gam_cntr   iters  
    age_yrs    lg_Dcntr    lg_L     lg_LZ      lg_Lphoto   lg_Dsurf   CO_core    C_cntr     Ne_cntr    Z_cntr   v_div_cs       dt_limit
__________________________________________________________________________________________________________________________________________________

        100   5.478115   4391.719 -21.400542 -21.400542   5.000000   5.000000   0.755800   0.000071   0.242800 -10.988246    461      0
-5.0000E+00   5.477550   2.097913 -99.000000 -22.798410 -99.000000   0.000000   0.242800   0.000657   0.001400   0.024902      2
 1.0000E-03  -4.592002   3.721058 -99.000000 -99.000000  -8.002877   0.000000   0.000241   0.000146   0.001400  0.000E+00        max_dt


 finished doing relax num steps


                                relax_to_radiative_core

          1   5.478115   4391.161 -21.400542 -21.400542   5.000000   5.000000   0.755800   0.000071   0.242800 -10.988246    477      0
-5.0000E+00   5.477550   2.097910 -99.000000 -22.798410 -99.000000   0.000000   0.242800   0.000657   0.001400   0.024902      2
 1.0000E-05  -4.592002   3.720831 -99.000000 -99.000000  -8.002633   0.000000   0.000241   0.000146   0.001400  0.000E+00        max_dt

           waiting for fully convective core to develop           1    3.8788047703679350D-02
          2   5.478115   4390.071 -21.400541 -21.400541   5.000000   5.000000   0.755800   0.000071   0.242800 -10.988245    461      0
-4.6990E+00   5.477550   2.097903 -99.000000 -22.798409 -99.000000   0.000000   0.242800   0.000657   0.001400   0.024902      3
 3.0000E-05  -4.592001   3.720386 -99.000000 -99.000000  -8.002156   0.000000   0.000241   0.000146   0.001400  0.000E+00  max increase

           waiting for fully convective core to develop           2    3.8788042305231425D-02
          3   5.478115   4387.974 -21.400541 -21.400541   5.000000   5.000000   0.755800   0.000071   0.242800 -10.988243    477      0
-4.3979E+00   5.477550   2.097891 -99.000000 -22.798409 -99.000000   0.000000   0.242800   0.000657   0.001400   0.024902      3
 7.0000E-05  -4.592001   3.719531 -99.000000 -99.000000  -8.001245   0.000000   0.000241   0.000146   0.001400  0.000E+00  max increase

           waiting for fully convective core to develop           3    3.8788031753892838D-02
          4   5.478116   4384.099 -21.400540 -21.400540   5.000000   5.000000   0.755800   0.000071   0.242800 -10.988239    461      0
-4.0969E+00   5.477550   2.097867 -99.000000 -22.798408 -99.000000   0.000000   0.242800   0.000657   0.001400   0.024902      3
 1.5000E-04  -4.592000   3.717949 -99.000000 -99.000000  -7.999575   0.000000   0.000241   0.000146   0.001400  0.000E+00  max increase

           waiting for fully convective core to develop           4    3.8788011568809740D-02
          5   5.478116   4377.363 -21.400538 -21.400538   5.000000   5.000000   0.755800   0.000071   0.242800 -10.988235    478      0
-3.7959E+00   5.477549   2.097825 -99.000000 -22.798406 -99.000000   0.000000   0.242800   0.000657   0.001400   0.024902      3
 3.1000E-04  -4.591998   3.715194 -99.000000 -99.000000  -7.996716   0.000000   0.000241   0.000146   0.001400  0.000E+00  max increase

           waiting for fully convective core to develop           5    3.8787974411774631D-02
          6   5.478117   4366.624 -21.400534 -21.400534   5.000000   5.000000   0.755800   0.000071   0.242800 -10.988229    461      0
-3.4949E+00   5.477549   2.097755 -99.000000 -22.798402 -99.000000   0.000000   0.242800   0.000657   0.001400   0.024902      3
 6.3000E-04  -4.591996   3.710788 -99.000000 -99.000000  -7.992273   0.000000   0.000241   0.000146   0.001400  0.000E+00  max increase

           waiting for fully convective core to develop           6    3.8787910131708951D-02
          7   5.478117   4351.677 -21.400526 -21.400526   5.000000   5.000000   0.755800   0.000071   0.242800 -10.988224    476      0
-3.1938E+00   5.477549   2.097652 -99.000000 -22.798394 -99.000000   0.000000   0.242800   0.000657   0.001400   0.024902      3
 1.2700E-03  -4.591994   3.704625 -99.000000 -99.000000  -7.986308   0.000000   0.000241   0.000146   0.001400  0.000E+00  max increase

           waiting for fully convective core to develop           7    3.8787807496165450D-02
          8   5.478119   4333.478 -21.400509 -21.400509   5.000000   5.000000   0.755800   0.000071   0.242800 -10.988220    463      0
-2.8928E+00   5.477550   2.097515 -99.000000 -22.798377 -99.000000   0.000000   0.242800   0.000657   0.001400   0.024902      3
 2.5500E-03  -4.591991   3.697069 -99.000000 -99.000000  -7.979366   0.000000   0.000241   0.000146   0.001400  0.000E+00  max increase

           waiting for fully convective core to develop           8    3.8787652981809098D-02
          9   5.478122   4314.863 -21.400474 -21.400474   5.000000   5.000000   0.755800   0.000071   0.242800 -10.988217    479      0
-2.5918E+00   5.477552   2.097348 -99.000000 -22.798342 -99.000000   0.000000   0.242800   0.000657   0.001400   0.024902      3
 5.1100E-03  -4.591986   3.689258 -99.000000 -99.000000  -7.972583   0.000000   0.000241   0.000146   0.001400  0.000E+00  max increase

           waiting for fully convective core to develop           9    3.3906047694913878D-02

__________________________________________________________________________________________________________________________________________________

       step    lg_Tmax     Teff     lg_LH      lg_Lnuc_tot     Mass       H_rich     H_cntr     N_cntr     Y_surf   eta_cntr   zones  retry
  lg_dt_yrs    lg_Tcntr    lg_R     lg_L3a     lg_Lneu     lg_Mdot    He_core    He_cntr    O_cntr     Z_surf   gam_cntr   iters  
    age_yrs    lg_Dcntr    lg_L     lg_LZ      lg_Lphoto   lg_Dsurf   CO_core    C_cntr     Ne_cntr    Z_cntr   v_div_cs       dt_limit
__________________________________________________________________________________________________________________________________________________

         10   5.478116   4297.883 -21.400402 -21.400402   5.000000   5.000000   0.755800   0.000071   0.242800 -10.988214    466      0
-2.2907E+00   5.477557   2.097161 -99.000000 -22.798270 -99.000000   0.000000   0.242800   0.000657   0.001400   0.024902      3
 1.0230E-02  -4.591977   3.682035 -99.000000 -99.000000  -7.966632   0.000000   0.000241   0.000146   0.001400  0.000E+00  max increase

           waiting for fully convective core to develop          10    3.3897656227165278D-02
         11   5.478114   4284.427 -21.400254 -21.400254   5.000000   5.000000   0.755800   0.000071   0.242800 -10.988211    479      0
-1.9897E+00   5.477566   2.096962 -99.000000 -22.798122 -99.000000   0.000000   0.242800   0.000657   0.001400   0.024902      3
 2.0470E-02  -4.591962   3.676188 -99.000000 -99.000000  -7.962026   0.000000   0.000241   0.000146   0.001400  0.000E+00  max increase

           waiting for fully convective core to develop          11    2.9192735005139740D-02
         12   5.478124   4275.356 -21.399953 -21.399953   5.000000   5.000000   0.755800   0.000071   0.242800 -10.988204    462      0
-1.6887E+00   5.477584   2.096754 -99.000000 -22.797821 -99.000000   0.000000   0.242800   0.000657   0.001400   0.024902      3
 4.0950E-02  -4.591933   3.672091 -99.000000 -99.000000  -7.958914   0.000000   0.000241   0.000146   0.001400  0.000E+00  max increase

           waiting for fully convective core to develop          12    2.4688577280846051D-02
         13   5.478156   4269.983 -21.399339 -21.399339   5.000000   5.000000   0.755800   0.000071   0.242800 -10.988192    477      0
-1.3876E+00   5.477620   2.096540 -99.000000 -22.797207 -99.000000   0.000000   0.242800   0.000657   0.001400   0.024901      3
 8.1910E-02  -4.591873   3.669479 -99.000000 -99.000000  -7.956994   0.000000   0.000241   0.000146   0.001400  0.000E+00  max increase

           waiting for fully convective core to develop          13    1.5164357379926510D-04
         14   5.478227   4267.340 -21.398093 -21.398093   5.000000   5.000000   0.755800   0.000071   0.242800 -10.988166    461      0
-1.0866E+00   5.477694   2.096319 -99.000000 -22.795961 -99.000000   0.000000   0.242800   0.000657   0.001400   0.024899      3
 1.6383E-01  -4.591751   3.667960 -99.000000 -99.000000  -7.955923   0.000000   0.000241   0.000146   0.001400  0.000E+00  max increase

           waiting for fully convective core to develop          14    2.0230865008921271D-04
         15   5.478373   4266.311 -21.395562 -21.395562   5.000000   5.000000   0.755800   0.000071   0.242800 -10.988112    476      0
-7.8558E-01   5.477848   2.096069 -99.000000 -22.793430 -99.000000   0.000000   0.242800   0.000657   0.001400   0.024895      3
 3.2767E-01  -4.591497   3.667041 -99.000000 -99.000000  -7.955319   0.000000   0.000241   0.000146   0.001400  0.000E+00  max increase

           waiting for fully convective core to develop          15    2.4502410704035275D-04
         16   5.478682   4266.186 -21.390554 -21.390554   5.000000   5.000000   0.755800   0.000071   0.242800 -10.988002    460      0
-4.8455E-01   5.478171   2.095735 -99.000000 -22.788422 -99.000000   0.000000   0.242800   0.000657   0.001400   0.024886      3
 6.5535E-01  -4.590965   3.666322 -99.000000 -99.000000  -7.954896   0.000000   0.000241   0.000146   0.001400  0.000E+00  max increase

           waiting for fully convective core to develop          16    2.0392067384801205D-02
         17   5.479339   4266.594 -21.381207 -21.381207   5.000000   5.000000   0.755800   0.000071   0.242800 -10.987770    476      0
-1.8352E-01   5.478861   2.095199 -99.000000 -22.779075 -99.000000   0.000000   0.242800   0.000657   0.001400   0.024869      3
 1.3107E+00  -4.589828   3.665416 -99.000000 -99.000000  -7.954404   0.000000   0.000241   0.000146   0.001400  0.000E+00  max increase

           waiting for fully convective core to develop          17    3.3537291811108097D-03
         18   5.480263   4267.603 -21.362693 -21.362693   5.000000   5.000000   0.755800   0.000071   0.242800 -10.987298    460      0
 1.1751E-01   5.480263   2.094218 -99.000000 -22.760561 -99.000000   0.000000   0.242800   0.000657   0.001400   0.024832      3
 2.6214E+00  -4.587521   3.663866 -99.000000 -99.000000  -7.953587   0.000000   0.000241   0.000146   0.001400  0.000E+00  max increase

           waiting for fully convective core to develop          18    2.2903609359352402D-04
         19   5.483051   4269.652 -21.326194 -21.326194   5.000000   5.000000   0.755800   0.000071   0.242800 -10.986350    476      0
 4.1854E-01   5.483051   2.092318 -99.000000 -22.724062 -99.000000   0.000000   0.242800   0.000657   0.001400   0.024761      3
 5.2429E+00  -4.582928   3.660900 -99.000000 -99.000000  -7.952032   0.000000   0.000241   0.000146   0.001400  0.000E+00  max increase

           waiting for fully convective core to develop          19    1.3108849186031454D-04

__________________________________________________________________________________________________________________________________________________

       step    lg_Tmax     Teff     lg_LH      lg_Lnuc_tot     Mass       H_rich     H_cntr     N_cntr     Y_surf   eta_cntr   zones  retry
  lg_dt_yrs    lg_Tcntr    lg_R     lg_L3a     lg_Lneu     lg_Mdot    He_core    He_cntr    O_cntr     Z_surf   gam_cntr   iters  
    age_yrs    lg_Dcntr    lg_L     lg_LZ      lg_Lphoto   lg_Dsurf   CO_core    C_cntr     Ne_cntr    Z_cntr   v_div_cs       dt_limit
__________________________________________________________________________________________________________________________________________________

         20   5.486578   4273.674 -21.254969 -21.254969   5.000000   5.000000   0.755800   0.000071   0.242800 -10.972961    460      0
 7.1957E-01   5.486578   2.088610 -99.000000 -22.652837 -99.000000   0.000000   0.242800   0.000657   0.001400   0.024771      3
 1.0486E+01  -4.571823   3.655120 -99.000000 -99.000000  -7.949008   0.000000   0.000241   0.000146   0.001400  0.000E+00  max increase

           waiting for fully convective core to develop          20    5.9899807741614159D-06
         21   5.493603   4281.326 -21.118821 -21.118821   5.000000   5.000000   0.755800   0.000071   0.242800 -10.948863    476      0
 1.0206E+00   5.493603   2.081502 -99.000000 -22.516689 -99.000000   0.000000   0.242800   0.000657   0.001400   0.024769      3
 2.0972E+01  -4.550819   3.644010 -99.000000 -99.000000  -7.943207   0.000000   0.000241   0.000146   0.001400  0.000E+00  max increase

             relative mass of radiative core still tiny          21    7.8168565342817686D-08
         22   5.505596   4293.645 -20.887665 -20.887665   5.000000   5.000000   0.755800   0.000071   0.242800 -10.907710    467      0
 1.2846E+00   5.505596   2.069364 -99.000000 -22.285533 -99.000000   0.000000   0.242800   0.000657   0.001400   0.024767      3
 4.0227E+01  -4.514958   3.624726 -99.000000 -99.000000  -7.933108   0.000000   0.000241   0.000146   0.001400  0.000E+00    varcontrol

             relative mass of radiative core still tiny          22    7.8168565120773081D-08
         23   5.521160   4312.726 -20.590146 -20.590146   5.000000   5.000000   0.755800   0.000071   0.242800 -10.854276    482      0
 1.4377E+00   5.521160   2.053586 -99.000000 -21.988014 -99.000000   0.000000   0.242800   0.000657   0.001400   0.024764      3
 6.7623E+01  -4.468406   3.600873 -99.000000 -99.000000  -7.921079   0.000000   0.000241   0.000146   0.001400  0.000E+00    varcontrol

             relative mass of radiative core still tiny          23    7.8168564454639267D-08
         24   5.538638   4331.020 -20.259479 -20.259479   5.000000   5.000000   0.755800   0.000071   0.242800 -10.794227    463      0
 1.5342E+00   5.538638   2.035866 -99.000000 -21.657347 -99.000000   0.000000   0.242800   0.000657   0.001400   0.024762      3
 1.0183E+02  -4.416109   3.572787 -99.000000 -99.000000  -7.906712   0.000000   0.000241   0.000146   0.001400  0.000E+00    varcontrol

             relative mass of radiative core still tiny          24    7.8168564454639267D-08
         25   5.557081   4351.921 -19.914586 -19.914586   5.000000   5.000000   0.755800   0.000071   0.242800 -10.730831    477      0
 1.6055E+00   5.557081   2.017149 -99.000000 -21.312454 -99.000000   0.000000   0.242800   0.000657   0.001400   0.024759      3
 1.4215E+02  -4.360914   3.543716 -99.000000 -99.000000  -7.892302   0.000000   0.000241   0.000146   0.001400  0.000E+00    varcontrol

             relative mass of radiative core still tiny          25    7.8168564676683872D-08
         26   5.575957   4372.067 -19.565827 -19.565827   5.000000   5.000000   0.755800   0.000071   0.242800 -10.665905    468      0
 1.6652E+00   5.575957   1.997984 -99.000000 -20.963695 -99.000000   0.000000   0.242800   0.000657   0.001400   0.024757      3
 1.8840E+02  -4.304402   3.513408 -99.000000 -99.000000  -7.877375   0.000000   0.000241   0.000146   0.001400  0.000E+00    varcontrol

             relative mass of radiative core still tiny          26    7.8168564676683872D-08
         27   5.595014   4393.863 -19.218057 -19.218057   5.000000   5.000000   0.755800   0.000071   0.242800 -10.600328    488      0
 1.7188E+00   5.595014   1.978619 -99.000000 -20.615926 -99.000000   0.000000   0.242800   0.000657   0.001400   0.024755      3
 2.4075E+02  -4.247337   3.483318 -99.000000 -99.000000  -7.863167   0.000000   0.000241   0.000146   0.001400  0.000E+00    varcontrol

             relative mass of radiative core still tiny          27    7.8168565342817686D-08
         28   5.614103   4414.122 -18.874021 -18.874021   5.000000   5.000000   0.755800   0.000071   0.242800 -10.534613    486      0
 1.7698E+00   5.614103   1.959219 -99.000000 -20.271889 -99.000000   0.000000   0.242800   0.000657   0.001400   0.024753      3
 2.9960E+02  -4.190164   3.452508 -99.000000 -99.000000  -7.848677   0.000000   0.000241   0.000146   0.001400  0.000E+00    varcontrol

             relative mass of radiative core still tiny          28    7.8168564898728476D-08
         29   5.633302   4434.955 -18.532295 -18.532295   5.000000   5.000000   0.755800   0.000071   0.242800 -10.468496    494      0
 1.8226E+00   5.633302   1.939698 -99.000000 -19.930163 -99.000000   0.000000   0.242800   0.000657   0.001400   0.024752      3
 3.6608E+02  -4.132652   3.421647 -34.317420 -99.000000  -7.834672   0.000000   0.000241   0.000146   0.001400  0.000E+00    varcontrol

             relative mass of radiative core still tiny          29    7.8168565342817686D-08

__________________________________________________________________________________________________________________________________________________

       step    lg_Tmax     Teff     lg_LH      lg_Lnuc_tot     Mass       H_rich     H_cntr     N_cntr     Y_surf   eta_cntr   zones  retry
  lg_dt_yrs    lg_Tcntr    lg_R     lg_L3a     lg_Lneu     lg_Mdot    He_core    He_cntr    O_cntr     Z_surf   gam_cntr   iters  
    age_yrs    lg_Dcntr    lg_L     lg_LZ      lg_Lphoto   lg_Dsurf   CO_core    C_cntr     Ne_cntr    Z_cntr   v_div_cs       dt_limit
__________________________________________________________________________________________________________________________________________________

         30   5.652529   4454.911 -18.194303 -18.194303   5.000000   5.000000   0.755800   0.000071   0.242800 -10.402257    493      0
 1.8741E+00   5.652529   1.920145 -99.000000 -19.592171 -99.000000   0.000000   0.242800   0.000657   0.001400   0.024750      3
 4.4091E+02  -4.075043   3.390340 -99.000000 -99.000000  -7.820655   0.000000   0.000241   0.000146   0.001400  0.000E+00    varcontrol

             relative mass of radiative core still tiny          30    7.8168564898728476D-08
         31   5.671774   4475.772 -17.860203 -17.860203   5.000000   5.000000   0.755800   0.000071   0.242800 -10.335938    497      0
 1.9250E+00   5.671774   1.900568 -99.000000 -19.258071 -99.000000   0.000000   0.242800   0.000657   0.001400   0.024749      3
 5.2505E+02  -4.017373   3.359301 -99.000000 -99.000000  -7.807477   0.000000   0.000241   0.000146   0.001400  0.000E+00    varcontrol

             relative mass of radiative core still tiny          31    7.8168564898728476D-08
         32   5.691007   4493.827 -17.530446 -17.530446   5.000000   5.000000   0.755800   0.000071   0.242800 -10.269639    503      0
 1.9763E+00   5.691007   1.881005 -99.000000 -18.928314 -99.000000   0.000000   0.242800   0.000657   0.001400   0.024748      3
 6.1975E+02  -3.959731   3.327169 -99.000000 -99.000000  -7.793342   0.000000   0.000241   0.000146   0.001400  0.000E+00    varcontrol

             relative mass of radiative core still tiny          32    7.8168564898728476D-08
         33   5.710257   4515.148 -17.204472 -17.204472   5.000000   5.000000   0.755800   0.000071   0.242800 -10.203265    486      0
 2.0271E+00   5.710257   1.861416 -99.000000 -18.602340 -99.000000   0.000000   0.242800   0.000657   0.001400   0.024747      3
 7.2619E+02  -3.902030   3.296213 -99.000000 -99.000000  -7.781230   0.000000   0.000241   0.000146   0.001400  0.000E+00    varcontrol

             relative mass of radiative core still tiny          33    7.8168565120773081D-08
         34   5.729436   4534.304 -16.883693 -16.883693   5.000000   5.000000   0.755800   0.000071   0.242800 -10.137117    490      0
 2.0765E+00   5.729436   1.841901 -99.000000 -18.281561 -99.000000   0.000000   0.242800   0.000657   0.001400   0.024746      3
 8.4546E+02  -3.844533   3.264539 -99.000000 -99.000000  -7.768413   0.000000   0.000241   0.000146   0.001400  0.000E+00    varcontrol

             relative mass of radiative core still tiny          34    7.8168565564862291D-08
         35   5.748537   4553.290 -16.568140 -16.568140   5.000000   5.000000   0.755800   0.000071   0.242800 -10.071229    497      0
 2.1256E+00   5.748537   1.822466 -99.000000 -17.966008 -99.000000   0.000000   0.242800   0.000657   0.001400   0.024745      3
 9.7900E+02  -3.787266   3.232927 -99.000000 -99.000000  -7.755878   0.000000   0.000241   0.000146   0.001400  0.000E+00    varcontrol

             relative mass of radiative core still tiny          35    7.8168565564862291D-08
         36   5.767550   4571.042 -16.257860 -16.257860   5.000000   5.000000   0.755800   0.000071   0.242800 -10.005634    494      0
 2.1747E+00   5.767550   1.803122 -99.000000 -17.655728 -99.000000   0.000000   0.242800   0.000657   0.001400   0.024745      3
 1.1285E+03  -3.730258   3.200998 -99.000000 -99.000000  -7.742975   0.000000   0.000241   0.000146   0.001400  0.000E+00    varcontrol

             relative mass of radiative core still tiny          36    7.8168565120773081D-08
         37   5.786517   4590.972 -15.952075 -15.952075   5.000000   5.000000   0.755800   0.000071   0.242800  -9.940189    498      0
 2.2237E+00   5.786517   1.783823 -99.000000 -17.349943 -99.000000   0.000000   0.242800   0.000657   0.001400   0.024744      3
 1.2959E+03  -3.673385   3.169957 -31.608150 -99.000000  -7.731626   0.000000   0.000241   0.000146   0.001400  0.000E+00    varcontrol

             relative mass of radiative core still tiny          37    7.8168565564862291D-08
         38   5.805475   4610.096 -15.650121 -15.650121   5.000000   5.000000   0.755800   0.000071   0.242800  -9.874768    524      0
 2.2739E+00   5.805475   1.764535 -99.000000 -17.047989 -99.000000   0.000000   0.242800   0.000657   0.001400   0.024744      3
 1.4838E+03  -3.616535   3.138604 -99.000000 -99.000000  -7.720011   0.000000   0.000241   0.000146   0.001400  0.000E+00    varcontrol

             relative mass of radiative core still tiny          38    7.8168565342817686D-08
         39   5.824482   4628.022 -15.351021 -15.351021   5.000000   5.000000   0.755800   0.000071   0.242800  -9.809167    501      0
 2.3261E+00   5.824482   1.745201 -99.000000 -16.748889 -99.000000   0.000000   0.242800   0.000657   0.001400   0.024744      3
 1.6957E+03  -3.559534   3.106677 -99.000000 -99.000000  -7.707748   0.000000   0.000241   0.000146   0.001400  0.000E+00    varcontrol

             relative mass of radiative core still tiny          39    7.8168565120773081D-08

__________________________________________________________________________________________________________________________________________________

       step    lg_Tmax     Teff     lg_LH      lg_Lnuc_tot     Mass       H_rich     H_cntr     N_cntr     Y_surf   eta_cntr   zones  retry
  lg_dt_yrs    lg_Tcntr    lg_R     lg_L3a     lg_Lneu     lg_Mdot    He_core    He_cntr    O_cntr     Z_surf   gam_cntr   iters  
    age_yrs    lg_Dcntr    lg_L     lg_LZ      lg_Lphoto   lg_Dsurf   CO_core    C_cntr     Ne_cntr    Z_cntr   v_div_cs       dt_limit
__________________________________________________________________________________________________________________________________________________

         40   5.843509   4647.443 -15.055193 -15.055193   5.000000   5.000000   0.755800   0.000071   0.242800  -9.743486    526      0
 2.3771E+00   5.843509   1.725847 -99.000000 -16.453061 -99.000000   0.000000   0.242800   0.000657   0.001400   0.024743      3
 1.9340E+03  -3.502466   3.075243 -99.000000 -99.000000  -7.696528   0.000000   0.000241   0.000146   0.001400  0.000E+00    varcontrol

             relative mass of radiative core still tiny          40    7.8168565120773081D-08
         41   5.862543   4666.169 -14.762824 -14.762824   5.000000   5.000000   0.755800   0.000071   0.242800  -9.677774    513      0
 2.4281E+00   5.862543   1.706490 -99.000000 -16.160692 -99.000000   0.000000   0.242800   0.000657   0.001400   0.024743      3
 2.2019E+03  -3.445377   3.043515 -99.000000 -99.000000  -7.684969   0.000000   0.000241   0.000146   0.001400  0.000E+00    varcontrol

             relative mass of radiative core still tiny          41    7.8168564898728476D-08
         42   5.881560   4683.109 -14.474200 -14.474200   5.000000   5.000000   0.755800   0.000071   0.242800  -9.612109    525      0
 2.4792E+00   5.881560   1.687154 -99.000000 -15.872068 -99.000000   0.000000   0.242800   0.000657   0.001400   0.024743      3
 2.5033E+03  -3.388333   3.011139 -99.000000 -99.000000  -7.672334   0.000000   0.000241   0.000146   0.001400  0.000E+00    varcontrol

             relative mass of radiative core still tiny          42    7.8168564676683872D-08
         43   5.900582   4702.521 -14.188948 -14.188948   5.000000   5.000000   0.755800   0.000071   0.242800  -9.546421    513      0
 2.5298E+00   5.900582   1.667815 -99.000000 -15.586816 -99.000000   0.000000   0.242800   0.000657   0.001400   0.024743      3
 2.8421E+03  -3.331271   2.979647 -29.801970 -99.000000  -7.661359   0.000000   0.000241   0.000146   0.001400  0.000E+00    varcontrol

             relative mass of radiative core still tiny          43    7.8168564898728476D-08
         44   5.919586   4720.151 -13.907351 -13.907351   5.000000   5.000000   0.755800   0.000071   0.242800  -9.480788    531      0
 2.5806E+00   5.919586   1.648499 -99.000000 -15.305219 -99.000000   0.000000   0.242800   0.000657   0.001400   0.024743      3
 3.2228E+03  -3.274260   2.947515 -99.000000 -99.000000  -7.649254   0.000000   0.000241   0.000146   0.001400  0.000E+00    varcontrol

             relative mass of radiative core still tiny          44    7.8168564676683872D-08
         45   5.938390   4739.636 -13.628952 -13.628952   5.000000   5.000000   0.755800   0.000071   0.242800  -9.413781    537      0
 2.6315E+00   5.938390   1.629173 -99.000000 -15.026820 -99.000000   0.000000   0.242800   0.000657   0.001400   0.024760      3
 3.6509E+03  -3.216952   2.916019 -99.000000 -99.000000  -7.638373   0.000000   0.000241   0.000146   0.001400  0.000E+00    varcontrol

             relative mass of radiative core still tiny          45    7.8168564232594662D-08
         46   5.956673   4757.738 -13.354001 -13.354001   5.000000   5.000000   0.755800   0.000071   0.242800  -9.342905    541      0
 2.6836E+00   5.956673   1.609822 -99.000000 -14.751869 -99.000000   0.000000   0.242800   0.000657   0.001400   0.024824      3
 4.1334E+03  -3.158745   2.883941 -99.000000 -99.000000  -7.626516   0.000000   0.000241   0.000146   0.001400  0.000E+00    varcontrol

                 finished relax to begin radiative core          46    6.9136872835242379D-03

 finished doing relax_to_radiative_core

 read my_history_columns.list
 read my_profile_columns.list
                                 set_initial_dt (years)    1.0000000000000000D+00
                             set_initial_number_retries           0
 net name basic.net
 kap_option gs98
 kap_CO_option gs98_co
 kap_lowT_option lowT_fa05_gs98
                                        OMP_NUM_THREADS          16


__________________________________________________________________________________________________________________________________________________

       step    lg_Tmax     Teff     lg_LH      lg_Lnuc_tot     Mass       H_rich     H_cntr     N_cntr     Y_surf   eta_cntr   zones  retry
  lg_dt_yrs    lg_Tcntr    lg_R     lg_L3a     lg_Lneu     lg_Mdot    He_core    He_cntr    O_cntr     Z_surf   gam_cntr   iters  
    age_yrs    lg_Dcntr    lg_L     lg_LZ      lg_Lphoto   lg_Dsurf   CO_core    C_cntr     Ne_cntr    Z_cntr   v_div_cs       dt_limit
__________________________________________________________________________________________________________________________________________________

          1   5.956711   4757.764 -13.353436 -13.353436   5.000000   5.000000   0.755800   0.000071   0.242800  -9.342758    541      0
 0.0000E+00   5.956711   1.609782 -99.000000 -14.751304  -9.219632   0.000000   0.242800   0.000657   0.001400   0.024824      2
 1.0000E+00  -3.158624   2.883870 -99.000000 -99.000000  -7.626507   0.000000   0.000241   0.000146   0.001400  0.000E+00    varcontrol

save LOGS/profile1.data for model 1
          2   5.956757   4758.699 -13.352757 -13.352757   5.000000   5.000000   0.755800   0.000071   0.242800  -9.342582    543      0
 7.9181E-02   5.956757   1.609734 -99.000000 -14.750625  -9.219761   0.000000   0.242800   0.000657   0.001400   0.024824      3
 2.2000E+00  -3.158479   2.884115 -99.000000 -99.000000  -7.627079   0.000000   0.000241   0.000146   0.001400  0.000E+00  max increase

          3   5.956811   4758.752 -13.351941 -13.351941   5.000000   5.000000   0.755800   0.000071   0.242800  -9.342371    541      0
 1.5836E-01   5.956811   1.609676 -99.000000 -14.749809  -9.219471   0.000000   0.242800   0.000657   0.001400   0.024824      2
 3.6400E+00  -3.158305   2.884018 -99.000000 -99.000000  -7.627043   0.000000   0.000241   0.000146   0.001400  0.000E+00  max increase

          4   5.956877   4758.816 -13.350963 -13.350963   5.000000   5.000000   0.755800   0.000071   0.242800  -9.342117    544      0
 2.3754E-01   5.956877   1.609607 -99.000000 -14.748831  -9.219650   0.000000   0.242800   0.000657   0.001400   0.024824      2
 5.3680E+00  -3.158097   2.883903 -99.000000 -99.000000  -7.627000   0.000000   0.000241   0.000146   0.001400  0.000E+00  max increase

          5   5.956955   4758.893 -13.349790 -13.349790   5.000000   5.000000   0.755800   0.000071   0.242800  -9.341813    541      0
 3.1672E-01   5.956955   1.609524 -99.000000 -14.747658  -9.219863   0.000000   0.242800   0.000657   0.001400   0.024825      2
 7.4416E+00  -3.157847   2.883765 -99.000000 -99.000000  -7.626949   0.000000   0.000241   0.000146   0.001400  0.000E+00  max increase

          6   5.957050   4758.985 -13.348383 -13.348383   5.000000   5.000000   0.755800   0.000071   0.242800  -9.341448    544      0
 3.9591E-01   5.957050   1.609424 -99.000000 -14.746251  -9.220119   0.000000   0.242800   0.000657   0.001400   0.024825      2
 9.9299E+00  -3.157548   2.883600 -99.000000 -99.000000  -7.626887   0.000000   0.000241   0.000146   0.001400  0.000E+00  max increase

          7   5.957162   4759.096 -13.346697 -13.346697   5.000000   5.000000   0.755800   0.000071   0.242800  -9.341011    541      0
 4.7509E-01   5.957162   1.609305 -99.000000 -14.744565  -9.220426   0.000000   0.242800   0.000657   0.001400   0.024825      2
 1.2916E+01  -3.157188   2.883401 -99.000000 -99.000000  -7.626813   0.000000   0.000241   0.000146   0.001400  0.000E+00  max increase

          8   5.957298   4759.228 -13.344674 -13.344674   5.000000   5.000000   0.755800   0.000071   0.242800  -9.340486    544      0
 5.5427E-01   5.957298   1.609162 -99.000000 -14.742542  -9.220794   0.000000   0.242800   0.000657   0.001400   0.024826      2
 1.6499E+01  -3.156757   2.883163 -99.000000 -99.000000  -7.626724   0.000000   0.000241   0.000146   0.001400  0.000E+00  max increase

          9   5.957460   4759.387 -13.342251 -13.342251   5.000000   5.000000   0.755800   0.000071   0.242800  -9.339856    541      0
 6.3345E-01   5.957460   1.608990 -99.000000 -14.740119  -9.221235   0.000000   0.242800   0.000657   0.001400   0.024826      2
 2.0799E+01  -3.156241   2.882878 -99.000000 -99.000000  -7.626618   0.000000   0.000241   0.000146   0.001400  0.000E+00  max increase


__________________________________________________________________________________________________________________________________________________

       step    lg_Tmax     Teff     lg_LH      lg_Lnuc_tot     Mass       H_rich     H_cntr     N_cntr     Y_surf   eta_cntr   zones  retry
  lg_dt_yrs    lg_Tcntr    lg_R     lg_L3a     lg_Lneu     lg_Mdot    He_core    He_cntr    O_cntr     Z_surf   gam_cntr   iters  
    age_yrs    lg_Dcntr    lg_L     lg_LZ      lg_Lphoto   lg_Dsurf   CO_core    C_cntr     Ne_cntr    Z_cntr   v_div_cs       dt_limit
__________________________________________________________________________________________________________________________________________________

         10   5.957654   4759.578 -13.339346 -13.339346   5.000000   5.000000   0.755800   0.000071   0.242800  -9.339101    544      0
 7.1263E-01   5.957654   1.608784 -99.000000 -14.737214  -9.221764   0.000000   0.242800   0.000657   0.001400   0.024827      2
 2.5959E+01  -3.155621   2.882536 -99.000000 -99.000000  -7.626490   0.000000   0.000241   0.000146   0.001400  0.000E+00  max increase

         11   5.957887   4759.806 -13.335867 -13.335867   5.000000   5.000000   0.755800   0.000071   0.242800  -9.338196    541      0
 7.9181E-01   5.957887   1.608538 -99.000000 -14.733735  -9.222399   0.000000   0.242800   0.000657   0.001400   0.024828      2
 3.2150E+01  -3.154879   2.882126 -99.000000 -99.000000  -7.626337   0.000000   0.000241   0.000146   0.001400  0.000E+00  max increase

         12   5.958166   4760.079 -13.331700 -13.331700   5.000000   5.000000   0.755800   0.000071   0.242800  -9.337112    544      0
 8.7099E-01   5.958166   1.608242 -99.000000 -14.729568  -9.223158   0.000000   0.242800   0.000657   0.001400   0.024829      2
 3.9581E+01  -3.153990   2.881635 -99.000000 -99.000000  -7.626154   0.000000   0.000241   0.000146   0.001400  0.000E+00  max increase

         13   5.958500   4760.406 -13.326711 -13.326711   5.000000   5.000000   0.755800   0.000071   0.242800  -9.335812    541      0
 9.5017E-01   5.958500   1.607889 -99.000000 -14.724579  -9.224069   0.000000   0.242800   0.000657   0.001400   0.024830      6
 4.8497E+01  -3.152925   2.881047 -99.000000 -99.000000  -7.625935   0.000000   0.000241   0.000146   0.001400  0.000E+00  max increase

         14   5.958899   4760.797 -13.320742 -13.320742   5.000000   5.000000   0.755800   0.000071   0.242800  -9.334255    544      0
 1.0294E+00   5.958899   1.607466 -99.000000 -14.718610  -9.225159   0.000000   0.242800   0.000657   0.001400   0.024832      2
 5.9196E+01  -3.151649   2.880344 -99.000000 -99.000000  -7.625672   0.000000   0.000241   0.000146   0.001400  0.000E+00  max increase

         15   5.959377   4761.266 -13.313604 -13.313604   5.000000   5.000000   0.755800   0.000071   0.242800  -9.332390    541      0
 1.1085E+00   5.959377   1.606959 -99.000000 -14.711472  -9.226463   0.000000   0.242800   0.000657   0.001400   0.024833      2
 7.2035E+01  -3.150123   2.879502 -28.898880 -99.000000  -7.625358   0.000000   0.000241   0.000146   0.001400  0.000E+00  max increase

         16   5.959947   4761.825 -13.305074 -13.305074   5.000000   5.000000   0.755800   0.000071   0.242800  -9.330157    544      0
 1.1877E+00   5.959947   1.606354 -99.000000 -14.702942  -9.228024   0.000000   0.242800   0.000657   0.001400   0.024836      2
 8.7442E+01  -3.148297   2.878495 -99.000000 -99.000000  -7.624981   0.000000   0.000241   0.000146   0.001400  0.000E+00  max increase

         17   5.960629   4762.493 -13.294887 -13.294887   5.000000   5.000000   0.755800   0.000071   0.242800  -9.327486    541      0
 1.2669E+00   5.960629   1.605630 -99.000000 -14.692755  -9.229891   0.000000   0.242800   0.000657   0.001400   0.024838      3
 1.0593E+02  -3.146115   2.877292 -99.000000 -99.000000  -7.624532   0.000000   0.000241   0.000146   0.001400  0.000E+00  max increase

         18   5.961442   4763.289 -13.282734 -13.282734   5.000000   5.000000   0.755800   0.000071   0.242800  -9.324291    544      0
 1.3461E+00   5.961442   1.604767 -99.000000 -14.680603  -9.232121   0.000000   0.242800   0.000657   0.001400   0.024842      3
 1.2812E+02  -3.143508   2.875855 -99.000000 -99.000000  -7.623994   0.000000   0.000241   0.000146   0.001400  0.000E+00  max increase

         19   5.962410   4764.238 -13.268252 -13.268252   5.000000   5.000000   0.755800   0.000071   0.242800  -9.320473    541      0
 1.4253E+00   5.962410   1.603737 -99.000000 -14.666120  -9.234785   0.000000   0.242800   0.000657   0.001400   0.024845      3
 1.5474E+02  -3.140397   2.874141 -99.000000 -99.000000  -7.623352   0.000000   0.000241   0.000146   0.001400  0.000E+00  max increase


__________________________________________________________________________________________________________________________________________________

       step    lg_Tmax     Teff     lg_LH      lg_Lnuc_tot     Mass       H_rich     H_cntr     N_cntr     Y_surf   eta_cntr   zones  retry
  lg_dt_yrs    lg_Tcntr    lg_R     lg_L3a     lg_Lneu     lg_Mdot    He_core    He_cntr    O_cntr     Z_surf   gam_cntr   iters  
    age_yrs    lg_Dcntr    lg_L     lg_LZ      lg_Lphoto   lg_Dsurf   CO_core    C_cntr     Ne_cntr    Z_cntr   v_div_cs       dt_limit
__________________________________________________________________________________________________________________________________________________

         20   5.963563   4765.367 -13.251017 -13.251017   5.000000   5.000000   0.755800   0.000071   0.242800  -9.315913    544      0
 1.5044E+00   5.963563   1.602510 -99.000000 -14.648885  -9.237961   0.000000   0.242800   0.000657   0.001400   0.024850      3
 1.8669E+02  -3.136688   2.872099 -99.000000 -99.000000  -7.622586   0.000000   0.000241   0.000146   0.001400  0.000E+00  max increase

         21   5.964932   4766.706 -13.230539 -13.230539   5.000000   5.000000   0.755800   0.000071   0.242800  -9.310473    541      0
 1.5836E+00   5.964932   1.601051 -99.000000 -14.628407  -9.241746   0.000000   0.242800   0.000657   0.001400   0.024856      3
 2.2503E+02  -3.132271   2.869669 -99.000000 -99.000000  -7.621673   0.000000   0.000241   0.000146   0.001400  0.000E+00  max increase

         22   5.966555   4768.293 -13.206253 -13.206253   5.000000   5.000000   0.755800   0.000071   0.242800  -9.303988    544      0
 1.6628E+00   5.966555   1.599318 -99.000000 -14.604121  -9.246250   0.000000   0.242800   0.000657   0.001400   0.024863      3
 2.7103E+02  -3.127020   2.866781 -99.000000 -99.000000  -7.620586   0.000000   0.000241   0.000146   0.001400  0.000E+00  max increase

         23   5.968475   4770.166 -13.177513 -13.177513   5.000000   5.000000   0.755800   0.000071   0.242800  -9.296269    541      0
 1.7420E+00   5.968475   1.597264 -99.000000 -14.575381  -9.251601   0.000000   0.242800   0.000657   0.001400   0.024872      3
 3.2624E+02  -3.120787   2.863355 -99.000000 -99.000000  -7.619292   0.000000   0.000241   0.000146   0.001400  0.000E+00  max increase

         24   5.970741   4772.370 -13.143591 -13.143591   5.000000   5.000000   0.755800   0.000071   0.242800  -9.287092    544      0
 1.8212E+00   5.970741   1.594835 -99.000000 -14.541459  -9.257947   0.000000   0.242800   0.000657   0.001400   0.024884      3
 3.9248E+02  -3.113403   2.859300 -99.000000 -99.000000  -7.617754   0.000000   0.000241   0.000146   0.001400  0.000E+00  max increase

         25   5.973405   4774.947 -13.103674 -13.103674   5.000000   5.000000   0.755800   0.000071   0.242800  -9.276201    540      0
 1.9003E+00   5.973405   1.591971 -99.000000 -14.501542  -9.265456   0.000000   0.242800   0.000657   0.001400   0.024898      3
 4.7198E+02  -3.104676   2.854509 -99.000000 -99.000000  -7.615924   0.000000   0.000241   0.000146   0.001400  0.000E+00  max increase

         26   5.976529   4778.162 -13.056857 -13.056857   5.000000   5.000000   0.755800   0.000071   0.242800  -9.263298    544      0
 1.9795E+00   5.976529   1.588602 -99.000000 -14.454725  -9.274325   0.000000   0.242800   0.000657   0.001400   0.024915      3
 5.6738E+02  -3.094387   2.848942 -28.597850 -99.000000  -7.613896   0.000000   0.000241   0.000146   0.001400  0.000E+00  max increase

         27   5.980175   4781.695 -13.002177 -13.002177   5.000000   5.000000   0.755800   0.000071   0.242800  -9.248050    543      0
 2.0587E+00   5.980175   1.584657 -99.000000 -14.400045  -9.284663   0.000000   0.242800   0.000657   0.001400   0.024937      3
 6.8185E+02  -3.082295   2.842334 -99.000000 -99.000000  -7.611363   0.000000   0.000241   0.000146   0.001400  0.000E+00  max increase

         28   5.984411   4785.761 -12.938611 -12.938611   5.000000   5.000000   0.755800   0.000071   0.242800  -9.230079    545      0
 2.1379E+00   5.984411   1.580053 -99.000000 -14.336479  -9.296890   0.000000   0.242800   0.000657   0.001400   0.024965      4
 8.1922E+02  -3.068135   2.834605 -28.597850 -99.000000  -7.608366   0.000000   0.000241   0.000146   0.001400  0.000E+00  max increase

         29   5.989317   4791.823 -12.865007 -12.865007   4.999999   4.999999   0.755800   0.000071   0.242800  -9.208965    549      0
 2.2171E+00   5.989317   1.574701 -99.000000 -14.262875  -9.311182   0.000000   0.242800   0.000657   0.001400   0.025000      3
 9.8407E+02  -3.051607   2.826100 -99.000000 -99.000000  -7.605790   0.000000   0.000241   0.000146   0.001400  0.000E+00  max increase


__________________________________________________________________________________________________________________________________________________

       step    lg_Tmax     Teff     lg_LH      lg_Lnuc_tot     Mass       H_rich     H_cntr     N_cntr     Y_surf   eta_cntr   zones  retry
  lg_dt_yrs    lg_Tcntr    lg_R     lg_L3a     lg_Lneu     lg_Mdot    He_core    He_cntr    O_cntr     Z_surf   gam_cntr   iters  
    age_yrs    lg_Dcntr    lg_L     lg_LZ      lg_Lphoto   lg_Dsurf   CO_core    C_cntr     Ne_cntr    Z_cntr   v_div_cs       dt_limit
__________________________________________________________________________________________________________________________________________________

         30   5.994958   4797.507 -12.780370 -12.780370   4.999999   4.999999   0.755800   0.000071   0.242800  -9.184253    552      0
 2.2963E+00   5.994958   1.568519 -99.000000 -14.178238  -9.327149   0.000000   0.242800   0.000657   0.001400   0.025043      4
 1.1819E+03  -3.032412   2.815794 -99.000000 -99.000000  -7.601911   0.000000   0.000241   0.000146   0.001400  0.000E+00  max increase

         31   6.001407   4804.035 -12.683671 -12.683671   4.999999   4.999999   0.755800   0.000071   0.242800  -9.155452    548      0
 2.3754E+00   6.001407   1.561418 -99.000000 -14.081539  -9.346242   0.000000   0.242800   0.000657   0.001400   0.025098      4
 1.4193E+03  -3.010229   2.803955 -99.000000 -99.000000  -7.597453   0.000000   0.000241   0.000146   0.001400  0.000E+00  max increase

         32   6.008730   4811.337 -12.573984 -12.573984   4.999999   4.999999   0.755800   0.000071   0.242800  -9.122042    552      0
 2.4546E+00   6.008730   1.553317 -99.000000 -13.971852  -9.368175   0.000000   0.242800   0.000657   0.001400   0.025166      4
 1.7041E+03  -2.984734   2.790391 -99.000000 -99.000000  -7.592261   0.000000   0.000241   0.000146   0.001400  0.000E+00  max increase

         33   6.016993   4820.102 -12.450449 -12.450449   4.999999   4.999999   0.755800   0.000071   0.242800  -9.083486    546      0
 2.5338E+00   6.016993   1.544136 -99.000000 -13.848317  -9.393275   0.000000   0.242800   0.000657   0.001400   0.025250      4
 2.0459E+03  -2.955594   2.775191 -99.000000 -99.000000  -7.586703   0.000000   0.000241   0.000146   0.001400  0.000E+00  max increase

         34   6.026243   4829.192 -12.312529 -12.312529   4.999999   4.999999   0.755800   0.000071   0.242800  -9.039249    550      0
 2.6130E+00   6.026243   1.533819 -99.000000 -13.710397  -9.421489   0.000000   0.242800   0.000657   0.001400   0.025354      4
 2.4561E+03  -2.922506   2.757830 -99.000000 -99.000000  -7.579927   0.000000   0.000241   0.000146   0.001400  0.000E+00  max increase

         35   6.036541   4840.950 -12.159599 -12.159599   4.999999   4.999999   0.755800   0.000071   0.242800  -8.988801    552      0
 2.6922E+00   6.036541   1.522304 -99.000000 -13.557467  -9.453573   0.000000   0.242800   0.000657   0.001400   0.025480      4
 2.9483E+03  -2.885149   2.739024 -99.000000 -99.000000  -7.573459   0.000000   0.000241   0.000146   0.001400  0.000E+00  max increase

         36   6.047903   4852.258 -11.991707 -11.991707   4.999998   4.999998   0.755800   0.000071   0.242800  -8.931657    551      0
 2.7713E+00   6.047903   1.509584 -99.000000 -13.389575  -9.488610   0.000000   0.242800   0.000657   0.001400   0.025632      4
 3.5390E+03  -2.843288   2.717638 -99.000000 -99.000000  -7.565141   0.000000   0.000241   0.000146   0.001400  0.000E+00  max increase

         37   6.060379   4866.587 -11.808598 -11.808598   4.999998   4.999998   0.755800   0.000071   0.242800  -8.867378    552      0
 2.8505E+00   6.060379   1.495640 -99.000000 -13.206465  -9.528140   0.000000   0.242800   0.000657   0.001400   0.025814      4
 4.2478E+03  -2.796656   2.694871 -99.000000 -99.000000  -7.557335   0.000000   0.000241   0.000146   0.001400  0.000E+00  max increase

         38   6.073971   4880.773 -11.610738 -11.610738   4.999998   4.999998   0.755800   0.000071   0.242800  -8.795608    559      0
 2.9297E+00   6.073971   1.480519 -99.000000 -13.008606  -9.570561   0.000000   0.242800   0.000657   0.001400   0.026029      4
 5.0984E+03  -2.745097   2.669685 -99.000000 -99.000000  -7.547912   0.000000   0.000241   0.000146   0.001400  0.000E+00  max increase

         39   6.087562   4895.884 -11.414598 -11.414598   4.999998   4.999998   0.755800   0.000071   0.242800  -8.722010    560      0
 2.9716E+00   6.087562   1.465513 -99.000000 -12.812466  -9.617233   0.000000   0.242800   0.000657   0.001400   0.026261      4
 6.0350E+03  -2.692746   2.645045 -99.000000 -99.000000  -7.539251   0.000000   0.000241   0.000146   0.001400  0.000E+00    lgRho_cntr


__________________________________________________________________________________________________________________________________________________

       step    lg_Tmax     Teff     lg_LH      lg_Lnuc_tot     Mass       H_rich     H_cntr     N_cntr     Y_surf   eta_cntr   zones  retry
  lg_dt_yrs    lg_Tcntr    lg_R     lg_L3a     lg_Lneu     lg_Mdot    He_core    He_cntr    O_cntr     Z_surf   gam_cntr   iters  
    age_yrs    lg_Dcntr    lg_L     lg_LZ      lg_Lphoto   lg_Dsurf   CO_core    C_cntr     Ne_cntr    Z_cntr   v_div_cs       dt_limit
__________________________________________________________________________________________________________________________________________________

         40   6.099474   4907.866 -11.243910 -11.243910   4.999998   4.999998   0.755800   0.000071   0.242800  -8.655679    562      0
 2.9528E+00   6.099474   1.452484 -99.000000 -12.641778  -9.663072   0.000000   0.242800   0.000657   0.001400   0.026482      4
 6.9320E+03  -2.646068   2.623232 -99.000000 -99.000000  -7.530918   0.000000   0.000241   0.000146   0.001400  0.000E+00    lgRho_cntr

         41   6.112362   4922.489 -11.061346 -11.061346   4.999997   4.999997   0.755800   0.000071   0.242800  -8.583342    558      0
 3.0225E+00   6.112362   1.438620 -99.000000 -12.459214  -9.703439   0.000000   0.242800   0.000657   0.001400   0.026729      5
 7.9853E+03  -2.595319   2.600672 -99.000000 -99.000000  -7.523331   0.000000   0.000241   0.000146   0.001400  0.000E+00    varcontrol

         42   6.125674   4935.890 -10.874961 -10.874961   4.999997   4.999997   0.755800   0.000071   0.242800  -8.507908    563      0
 3.0735E+00   6.125674   1.424596 -99.000000 -12.272829  -9.745513   0.000000   0.242800   0.000657   0.001400   0.026993      4
 9.1697E+03  -2.542588   2.577348 -99.000000 -99.000000  -7.514667   0.000000   0.000241   0.000146   0.001400  0.000E+00    lgRho_cntr

         43   6.137454   4949.641 -10.711580 -10.711580   4.999997   4.999997   0.755800   0.000071   0.242800  -8.440268    569      0
 3.0534E+00   6.137454   1.412457 -99.000000 -12.109448  -9.788752   0.000000   0.242800   0.000657   0.001400   0.027237      4
 1.0300E+04  -2.495541   2.557902 -99.000000 -99.000000  -7.508649   0.000000   0.000241   0.000146   0.001400  0.000E+00    lgRho_cntr

         44   6.150440   4962.814 -10.533746 -10.533746   4.999997   4.999997   0.755800   0.000071   0.242800  -8.365882    566      0
 3.1278E+00   6.150440   1.399459 -99.000000 -11.931614  -9.825176   0.000000   0.242800   0.000657   0.001400   0.027506      4
 1.1643E+04  -2.443754   2.536523 -99.000000 -99.000000  -7.501103   0.000000   0.000241   0.000146   0.001400  0.000E+00    varcontrol

         45   6.164032   4976.729 -10.349931 -10.349931   4.999997   4.999997   0.755800   0.000071   0.242800  -8.288118    569      0
 3.1805E+00   6.164032   1.386317 -99.000000 -11.747799  -9.864931   0.000000   0.242800   0.000657   0.001400   0.027790      4
 1.3158E+04  -2.389592   2.515103 -99.000000 -99.000000  -7.493870   0.000000   0.000241   0.000146   0.001400  0.000E+00    lgRho_cntr

         46   6.175975   4988.253 -10.189888 -10.189888   4.999996   4.999996   0.755800   0.000071   0.242800  -8.219238    567      0
 3.1548E+00   6.175975   1.375189 -99.000000 -11.587755  -9.904861   0.000000   0.242800   0.000657   0.001400   0.028047      4
 1.4586E+04  -2.341761   2.496865 -99.000000 -99.000000  -7.487548   0.000000   0.000241   0.000146   0.001400  0.000E+00    lgRho_cntr

         47   6.189344   5002.845 -10.013078 -10.013078   4.999996   4.999996   0.755800   0.000071   0.242800  -8.143109    574      0
 3.2316E+00   6.189344   1.363266 -99.000000 -11.410945  -9.938808   0.000000   0.242800   0.000657   0.001400   0.028329      4
 1.6291E+04  -2.288644   2.478094 -99.000000 -99.000000  -7.482336   0.000000   0.000241   0.000146   0.001400  0.000E+00    varcontrol

         48   6.203472   5016.449  -9.828613  -9.828613   4.999996   4.999996   0.755800   0.000071   0.242800  -8.063447    570      0
 3.2848E+00   6.203472   1.351332 -99.000000 -11.226480  -9.974139   0.000000   0.242800   0.000657   0.001400   0.028622      4
 1.8217E+04  -2.232852   2.458943 -99.000000 -99.000000  -7.476399   0.000000   0.000241   0.000146   0.001400  0.000E+00    lgRho_cntr

         49   6.215833   5029.184  -9.668748  -9.668748   4.999996   4.999996   0.755800   0.000071   0.242800  -7.993772    579      0
 3.2531E+00   6.215833   1.341488 -99.000000 -11.066615 -10.009994   0.000000   0.242800   0.000657   0.001400   0.028881      4
 2.0008E+04  -2.184048   2.443659 -99.000000 -99.000000  -7.472556   0.000000   0.000241   0.000146   0.001400  0.000E+00    lgRho_cntr


__________________________________________________________________________________________________________________________________________________

       step    lg_Tmax     Teff     lg_LH      lg_Lnuc_tot     Mass       H_rich     H_cntr     N_cntr     Y_surf   eta_cntr   zones  retry
  lg_dt_yrs    lg_Tcntr    lg_R     lg_L3a     lg_Lneu     lg_Mdot    He_core    He_cntr    O_cntr     Z_surf   gam_cntr   iters  
    age_yrs    lg_Dcntr    lg_L     lg_LZ      lg_Lphoto   lg_Dsurf   CO_core    C_cntr     Ne_cntr    Z_cntr   v_div_cs       dt_limit
__________________________________________________________________________________________________________________________________________________

         50   6.229872   5043.223  -9.489646  -9.489646   4.999996   4.999996   0.755800   0.000071   0.242800  -7.916311    576      0
 3.3322E+00   6.229872   1.331059 -99.000000 -10.887513 -10.038877   0.000000   0.242800   0.000657   0.001400   0.029161      4
 2.2157E+04  -2.129347   2.427644 -99.000000 -99.000000  -7.468862   0.000000   0.000241   0.000146   0.001400  0.000E+00  max increase

save LOGS/profile2.data for model 50
save photos/x050 for model 50
         51   6.244927   5057.623  -9.300106  -9.300106   4.999995   4.999995   0.755800   0.000071   0.242800  -7.834840    581      0
 3.3874E+00   6.244927   1.320823 -99.000000 -10.697973 -10.069236   0.000000   0.242800   0.000657   0.001400   0.029449      4
 2.4597E+04  -2.071380   2.412125 -99.000000 -99.000000  -7.465666   0.000000   0.000241   0.000146   0.001400  0.000E+00    lgRho_cntr

         52   6.257981   5070.572  -9.137250  -9.137250   4.999995   4.999995   0.755800   0.000071   0.242800  -7.764610    577      0
 3.3478E+00   6.257981   1.312814 -99.000000 -10.535117 -10.098766   0.000000   0.242800   0.000657   0.001400   0.029697      4
 2.6825E+04  -2.021296   2.400549 -99.000000 -99.000000  -7.464353   0.000000   0.000241   0.000146   0.001400  0.000E+00    lgRho_cntr

         53   6.270319   5082.406  -8.984762  -8.984762   4.999995   4.999995   0.755800   0.000071   0.242800  -7.699137    580      0
 3.3415E+00   6.270319   1.306068 -99.000000 -10.382629 -10.121104   0.000000   0.242800   0.000657   0.001400   0.029924      4
 2.9020E+04  -1.974352   2.391108 -99.000000 -99.000000  -7.463902   0.000000   0.000241   0.000146   0.001400  0.000E+00    lgRho_cntr

         54   6.284569   5095.741  -8.810772  -8.810772   4.999995   4.999995   0.755800   0.000071   0.242800  -7.625689    579      0
 3.4207E+00   6.284569   1.299321 -99.000000 -10.208639 -10.139502   0.000000   0.242800   0.000657   0.001400   0.030167      4
 3.1654E+04  -1.921077   2.382165 -99.000000 -99.000000  -7.464514   0.000000   0.000241   0.000146   0.001400  0.000E+00  max increase

         55   6.300900   5112.210  -8.613805  -8.613805   4.999995   4.999995   0.755800   0.000071   0.242800  -7.544142    587      0
 3.4968E+00   6.300900   1.293015 -99.000000 -10.011672 -10.157230   0.000000   0.242800   0.000657   0.001400   0.030421      4
 3.4793E+04  -1.861161   2.375157 -99.000000 -99.000000  -7.467940   0.000000   0.000241   0.000146   0.001400  0.000E+00    lgRho_cntr

         56   6.315070   5125.873  -8.444150  -8.444150   4.999995   4.999995   0.755800   0.000071   0.242800  -7.474078    583      0
 3.4512E+00   6.315070   1.289023 -99.000000  -9.842016 -10.171975   0.000000   0.242800   0.000657   0.001400   0.030636      4
 3.7619E+04  -1.809476   2.371810 -99.000000 -99.000000  -7.472423   0.000000   0.000241   0.000146   0.001400  0.000E+00    lgRho_cntr

         57   6.328497   5139.098  -8.284642  -8.284642   4.999994   4.999994   0.755800   0.000071   0.242800  -7.408881    583      0
 3.4394E+00   6.328497   1.286654 -99.000000  -9.682508 -10.179838   0.000000   0.242800   0.000657   0.001400   0.030829      4
 4.0369E+04  -1.761019   2.371550 -99.000000 -99.000000  -7.478746   0.000000   0.000241   0.000146   0.001400  0.000E+00    lgRho_cntr

         58   6.344316   5155.585  -8.098791  -8.098791   4.999994   4.999994   0.755800   0.000071   0.242800  -7.334888    585      0
 3.5185E+00   6.344316   1.285629 -99.000000  -9.496657 -10.182175   0.000000   0.242800   0.000657   0.001400   0.031028      4
 4.3670E+04  -1.705152   2.375064 -99.000000 -99.000000  -7.489198   0.000000   0.000241   0.000146   0.001400  0.000E+00  max increase

         59   6.363041   5175.673  -7.881629  -7.881629   4.999994   4.999994   0.755800   0.000071   0.242800  -7.251094    585      0
 3.5977E+00   6.363041   1.286945 -99.000000  -9.279495 -10.178290   0.000000   0.242800   0.000657   0.001400   0.031227      5
 4.7630E+04  -1.640670   2.384451 -99.000000 -99.000000  -7.505370   0.000000   0.000241   0.000146   0.001400  0.000E+00    lgRho_cntr


__________________________________________________________________________________________________________________________________________________

       step    lg_Tmax     Teff     lg_LH      lg_Lnuc_tot     Mass       H_rich     H_cntr     N_cntr     Y_surf   eta_cntr   zones  retry
  lg_dt_yrs    lg_Tcntr    lg_R     lg_L3a     lg_Lneu     lg_Mdot    He_core    He_cntr    O_cntr     Z_surf   gam_cntr   iters  
    age_yrs    lg_Dcntr    lg_L     lg_LZ      lg_Lphoto   lg_Dsurf   CO_core    C_cntr     Ne_cntr    Z_cntr   v_div_cs       dt_limit
__________________________________________________________________________________________________________________________________________________

         60   6.379191   5194.651  -7.695993  -7.695993   4.999994   4.999994   0.755800   0.000071   0.242800  -7.180267    586      0
 3.5383E+00   6.379191   1.290810 -99.000000  -9.093859 -10.164515   0.000000   0.242800   0.000657   0.001400   0.031384      4
 5.1084E+04  -1.585682   2.398539 -99.000000 -99.000000  -7.524179   0.000000   0.000241   0.000146   0.001400  0.000E+00    lgRho_cntr

         61   6.394511   5214.007  -7.521649  -7.521649   4.999993   4.999993   0.755800   0.000071   0.242800  -7.115072    588      0
 3.5152E+00   6.394511   1.296658 -99.000000  -8.919514 -10.142257   0.000000   0.242800   0.000657   0.001400   0.031513      4
 5.4358E+04  -1.534385   2.416697 -99.000000 -99.000000  -7.545958   0.000000   0.000241   0.000146   0.001400  0.000E+00    lgRho_cntr

         62   6.409664   5235.335  -7.350945  -7.350945   4.999993   4.999993   0.755800   0.000071   0.242800  -7.052635    588      0
 3.5079E+00   6.409664   1.303811 -99.000000  -8.748810 -10.112842   0.000000   0.242800   0.000657   0.001400   0.031619      5
 5.7579E+04  -1.484537   2.438093 -99.000000 -99.000000  -7.570969   0.000000   0.000241   0.000146   0.001400  0.000E+00    lgRho_cntr

         63   6.426795   5262.743  -7.160242  -7.160242   4.999993   4.999993   0.755800   0.000071   0.242800  -6.984740    588      0
 3.5572E+00   6.426795   1.311509 -99.000000  -8.558107 -10.077965   0.000000   0.242800   0.000657   0.001400   0.031711      5
 6.1186E+04  -1.429349   2.462561 -22.577250 -99.000000  -7.601202   0.000000   0.000241   0.000146   0.001400  0.000E+00    varcontrol

         64   6.445067   5296.599  -6.959177  -6.959177   4.999992   4.999992   0.755800   0.000071   0.242800  -6.914158    588      0
 3.5845E+00   6.445067   1.317605 -99.000000  -8.357041 -10.038482   0.000000   0.242800   0.000657   0.001400   0.031790      5
 6.5028E+04  -1.371283   2.485892 -99.000000 -99.000000  -7.634058   0.000000   0.000241   0.000146   0.001400  0.000E+00    lgRho_cntr

         65   6.461832   5332.654  -6.776444  -6.776444   4.999992   4.999992   0.755800   0.000071   0.242800  -6.849668    591      0
 3.5507E+00   6.461832   1.320779 -99.000000  -8.174308 -10.001877   0.000000   0.242800   0.000657   0.001400   0.031860      5
 6.8582E+04  -1.318124   2.504026 -99.000000 -99.000000  -7.664649   0.000000   0.000241   0.000146   0.001400  0.000E+00    lgRho_cntr

         66   6.477852   5372.248  -6.603481  -6.603481   4.999992   4.999992   0.755800   0.000071   0.242800  -6.788108    591      0
 3.5363E+00   6.477852   1.321181 -99.000000  -8.001344  -9.974735   0.000000   0.242800   0.000657   0.001400   0.031927      5
 7.2020E+04  -1.267355   2.517680 -99.000000 -99.000000  -7.694101   0.000000   0.000241   0.000146   0.001400  0.000E+00    lgRho_cntr

         67   6.493467   5416.383  -6.436515  -6.436515   4.999991   4.999991   0.755800   0.000071   0.242800  -6.728027    599      0
 3.5316E+00   6.493467   1.319430 -99.000000  -7.834378  -9.955966   0.000000   0.242800   0.000657   0.001400   0.031992      5
 7.5421E+04  -1.217836   2.528391 -99.000000 -99.000000  -7.723898   0.000000   0.000241   0.000146   0.001400  0.000E+00    lgRho_cntr

         68   6.509676   5471.806  -6.265051  -6.265051   4.999991   4.999991   0.755800   0.000071   0.242800  -6.665708    613      0
 3.5547E+00   6.509676   1.315221 -99.000000  -7.662913  -9.942974   0.000000   0.242800   0.000657   0.001400   0.032060      5
 7.9008E+04  -1.166454   2.537659 -99.000000 -99.000000  -7.758390   0.000000   0.000241   0.000146   0.001400  0.000E+00    varcontrol

         69   6.526159   5541.716  -6.092591  -6.092591   4.999991   4.999991   0.755800   0.000071   0.242800  -6.602234    616      0
 3.5696E+00   6.526159   1.308466 -99.000000  -7.490453  -9.933988   0.000000   0.242800   0.000657   0.001400   0.032130      6
 8.2719E+04  -1.114160   2.546202 -99.000000 -99.000000  -7.799413   0.000000   0.000241   0.000146   0.001400  0.000E+00    lgRho_cntr


__________________________________________________________________________________________________________________________________________________

       step    lg_Tmax     Teff     lg_LH      lg_Lnuc_tot     Mass       H_rich     H_cntr     N_cntr     Y_surf   eta_cntr   zones  retry
  lg_dt_yrs    lg_Tcntr    lg_R     lg_L3a     lg_Lneu     lg_Mdot    He_core    He_cntr    O_cntr     Z_surf   gam_cntr   iters  
    age_yrs    lg_Dcntr    lg_L     lg_LZ      lg_Lphoto   lg_Dsurf   CO_core    C_cntr     Ne_cntr    Z_cntr   v_div_cs       dt_limit
__________________________________________________________________________________________________________________________________________________

         70   6.541926   5629.662  -5.929290  -5.929290   4.999990   4.999990   0.755800   0.000071   0.242800  -6.541195    633      0
 3.5580E+00   6.541926   1.298830 -99.000000  -7.327151  -9.928117   0.000000   0.242800   0.000657   0.001400   0.032201      6
 8.6333E+04  -1.063997   2.554282 -21.373130 -99.000000  -7.848345   0.000000   0.000241   0.000146   0.001400  0.000E+00    lgRho_cntr

         71   6.557221   5733.297  -5.772483  -5.772483   4.999990   4.999990   0.755800   0.000071   0.242800  -6.481814    651      0
 3.5517E+00   6.557221   1.286964 -99.000000  -7.170343  -9.925283   0.000000   0.242800   0.000657   0.001400   0.032271      6
 8.9895E+04  -1.015263   2.562240 -99.000000 -99.000000  -7.903533   0.000000   0.000241   0.000146   0.001400  0.000E+00    varcontrol

         72   6.572071   5853.325  -5.621730  -5.621730   4.999989   4.999989   0.755800   0.000071   0.242800  -6.424076    657      0
 3.5451E+00   6.572071   1.272996 -99.000000  -7.019590  -9.924484   0.000000   0.242800   0.000657   0.001400   0.032341      7
 9.3404E+04  -0.967909   2.570296 -99.000000 -99.000000  -7.965249   0.000000   0.000241   0.000146   0.001400  0.000E+00    varcontrol

         73   6.586864   5982.679  -5.473079  -5.473079   4.999989   4.999989   0.755800   0.000071   0.242800  -6.366661    665      0
 3.5487E+00   6.586864   1.258203 -99.000000  -6.870937  -9.925313   0.000000   0.242800   0.000657   0.001400   0.032409      7
 9.6941E+04  -0.920783   2.578683 -20.771070 -99.000000  -8.030589   0.000000   0.000241   0.000146   0.001400  0.000E+00    varcontrol

         74   6.602073   6121.576  -5.321877  -5.321877   4.999988   4.999988   0.755800   0.000071   0.242800  -6.307939    663      0
 3.5653E+00   6.602073   1.242774 -99.000000  -6.719735  -9.926387   0.000000   0.242800   0.000657   0.001400   0.032476      9
 1.0062E+05  -0.872464   2.587695 -21.072100 -99.000000  -8.100390   0.000000   0.000241   0.000146   0.001400  0.000E+00    varcontrol

 hydro_solver_step returned ierr          -1
 s% model_number          75
 nz         666
 s% num_retries           0

 retry: eos evaluated at too low a density      75
         75   6.610022   6198.311  -5.242979  -5.242979   4.999988   4.999988   0.755800   0.000071   0.242800  -6.276313    666      1
 3.2909E+00   6.610022   1.234897 -99.000000  -6.640836  -9.927151   0.000000   0.242800   0.000657   0.001400   0.032521      5
 1.0257E+05  -0.846804   2.593582 -20.594978 -99.000000  -8.139479   0.000000   0.000241   0.000146   0.001400  0.000E+00         retry

         76   6.617948   6275.220  -5.164796  -5.164796   4.999988   4.999988   0.755800   0.000071   0.242800  -6.244983    676      1
 3.2909E+00   6.617948   1.227037 -99.000000  -6.562653  -9.925804   0.000000   0.242800   0.000657   0.001400   0.032564      6
 1.0452E+05  -0.821308   2.599283 -99.000000 -99.000000  -8.178445   0.000000   0.000241   0.000146   0.001400  0.000E+00          hold

         77   6.627452   6368.193  -5.071822  -5.071822   4.999988   4.999988   0.755800   0.000071   0.242800  -6.207968    684      1
 3.3700E+00   6.627452   1.217585 -99.000000  -6.469678  -9.924694   0.000000   0.242800   0.000657   0.001400   0.032610      6
 1.0687E+05  -0.790975   2.605928 -20.169010 -99.000000  -8.225331   0.000000   0.000241   0.000146   0.001400  0.000E+00  max increase

         78   6.638842   6481.034  -4.961460  -4.961460   4.999987   4.999987   0.755800   0.000071   0.242800  -6.164333    678      1
 3.4492E+00   6.638842   1.206285 -99.000000  -6.359315  -9.923644   0.000000   0.242800   0.000657   0.001400   0.032656      7
 1.0968E+05  -0.754939   2.613842 -20.470040 -99.000000  -8.281795   0.000000   0.000241   0.000146   0.001400  0.000E+00  max increase

                            solver rejected trial model
                                        s% model_number          79
                                  s% solver_call_number         226
                                                     nz         682
                                         s% num_retries           1
                                                     dt    1.0653829563002475D+11
                                          log dt/secyer    3.5284017776970158D+00

 retry: max residual jumped -- give up in solver      79
         79   6.645605   6550.575  -4.896069  -4.896069   4.999987   4.999987   0.755800   0.000071   0.242800  -6.137980    682      2
 3.2274E+00   6.645605   1.199709 -99.000000  -6.293924  -9.922430   0.000000   0.242800   0.000657   0.001400   0.032689      5
 1.1137E+05  -0.733348   2.619229 -99.000000 -99.000000  -8.316737   0.000000   0.000241   0.000146   0.001400  0.000E+00         retry


__________________________________________________________________________________________________________________________________________________

       step    lg_Tmax     Teff     lg_LH      lg_Lnuc_tot     Mass       H_rich     H_cntr     N_cntr     Y_surf   eta_cntr   zones  retry
  lg_dt_yrs    lg_Tcntr    lg_R     lg_L3a     lg_Lneu     lg_Mdot    He_core    He_cntr    O_cntr     Z_surf   gam_cntr   iters  
    age_yrs    lg_Dcntr    lg_L     lg_LZ      lg_Lphoto   lg_Dsurf   CO_core    C_cntr     Ne_cntr    Z_cntr   v_div_cs       dt_limit
__________________________________________________________________________________________________________________________________________________

         80   6.652360   6620.409  -4.831106  -4.831106   4.999987   4.999987   0.755800   0.000071   0.242800  -6.111835    687      2
 3.2274E+00   6.652360   1.193163 -99.000000  -6.228960  -9.920668   0.000000   0.242800   0.000657   0.001400   0.032720      5
 1.1306E+05  -0.711861   2.624560 -20.470040 -99.000000  -8.351690   0.000000   0.000241   0.000146   0.001400  0.000E+00          hold

         81   6.660471   6704.808  -4.753639  -4.753639   4.999987   4.999987   0.755800   0.000071   0.242800  -6.080874    693      2
 3.3066E+00   6.660471   1.185300 -99.000000  -6.151493  -9.918957   0.000000   0.242800   0.000657   0.001400   0.032752      5
 1.1508E+05  -0.686247   2.630839 -19.867980 -99.000000  -8.393835   0.000000   0.000241   0.000146   0.001400  0.000E+00  max increase

         82   6.670208   6807.061  -4.661390  -4.661390   4.999986   4.999986   0.755800   0.000071   0.242800  -6.044283    689      2
 3.3857E+00   6.670208   1.175890 -99.000000  -6.059243  -9.917070   0.000000   0.242800   0.000657   0.001400   0.032784      6
 1.1751E+05  -0.655750   2.638312 -99.000000 -99.000000  -8.445138   0.000000   0.000241   0.000146   0.001400  0.000E+00  max increase

         83   6.681892   6931.598  -4.551716  -4.551716   4.999986   4.999986   0.755800   0.000071   0.242800  -6.001132    690      2
 3.4649E+00   6.681892   1.164608 -99.000000  -5.949567  -9.914866   0.000000   0.242800   0.000657   0.001400   0.032815      5
 1.2043E+05  -0.619483   2.647243 -20.169010 -99.000000  -8.508827   0.000000   0.000241   0.000146   0.001400  0.000E+00  max increase

         84   6.695903   7083.387  -4.421573  -4.421573   4.999986   4.999986   0.755800   0.000071   0.242800  -5.950368    695      2
 3.5441E+00   6.695903   1.151138 -99.000000  -5.819423  -9.912264   0.000000   0.242800   0.000657   0.001400   0.032841      5
 1.2393E+05  -0.576417   2.657933 -19.867980 -99.000000  -8.589723   0.000000   0.000241   0.000146   0.001400  0.000E+00  max increase

         85   6.712694   7269.251  -4.267497  -4.267497   4.999985   4.999985   0.755800   0.000071   0.242800  -5.890810    693      2
 3.6233E+00   6.712694   1.135042 -99.000000  -5.665345  -9.909120   0.000000   0.242800   0.000657   0.001400   0.032858      5
 1.2813E+05  -0.525362   2.670736 -20.169010 -99.000000  -8.695432   0.000000   0.000241   0.000146   0.001400  0.000E+00  max increase

         86   6.729824   7464.725  -4.112009  -4.112009   4.999985   4.999985   0.755800   0.000071   0.242800  -5.830669    684      2
 3.6341E+00   6.729824   1.118799 -99.000000  -5.509855  -9.905325   0.000000   0.242800   0.000657   0.001400   0.032869      5
 1.3244E+05  -0.473547   2.684346 -19.867980 -99.000000  -8.814322   0.000000   0.000241   0.000146   0.001400  0.000E+00        lgTeff

         87   6.745680   7651.834  -3.969411  -3.969411   4.999984   4.999984   0.755800   0.000071   0.242800  -5.775207    693      2
 3.6032E+00   6.745680   1.103911 -99.000000  -5.367255  -9.900563   0.000000   0.242800   0.000657   0.001400   0.032876      5
 1.3645E+05  -0.425675   2.697578 -99.000000 -99.000000  -8.933017   0.000000   0.000241   0.000146   0.001400  0.000E+00        lgTeff

         88   6.760913   7836.451  -3.833694  -3.833694   4.999984   4.999984   0.755800   0.000071   0.242800  -5.722332    694      2
 3.5877E+00   6.760913   1.089690 -99.000000  -5.231536  -9.895176   0.000000   0.242800   0.000657   0.001400   0.032879      5
 1.4032E+05  -0.379860   2.710551 -99.000000 -99.000000  -9.053146   0.000000   0.000241   0.000146   0.001400  0.000E+00        lgTeff

         89   6.775823   8021.725  -3.702089  -3.702089   4.999983   4.999983   0.755800   0.000071   0.242800  -5.671062    699      2
 3.5799E+00   6.775823   1.075795 -99.000000  -5.099928  -9.889579   0.000000   0.242800   0.000657   0.001400   0.032877      5
 1.4412E+05  -0.335228   2.723354 -18.964890 -99.000000  -9.174534   0.000000   0.000241   0.000146   0.001400  0.000E+00        lgTeff


__________________________________________________________________________________________________________________________________________________

       step    lg_Tmax     Teff     lg_LH      lg_Lnuc_tot     Mass       H_rich     H_cntr     N_cntr     Y_surf   eta_cntr   zones  retry
  lg_dt_yrs    lg_Tcntr    lg_R     lg_L3a     lg_Lneu     lg_Mdot    He_core    He_cntr    O_cntr     Z_surf   gam_cntr   iters  
    age_yrs    lg_Dcntr    lg_L     lg_LZ      lg_Lphoto   lg_Dsurf   CO_core    C_cntr     Ne_cntr    Z_cntr   v_div_cs       dt_limit
__________________________________________________________________________________________________________________________________________________

         90   6.790565   8209.394  -3.573163  -3.573163   4.999983   4.999983   0.755800   0.000071   0.242800  -5.620878    701      2
 3.5765E+00   6.790565   1.062040 -99.000000  -4.970999  -9.883940   0.000000   0.242800   0.000657   0.001400   0.032869      4
 1.4789E+05  -0.291320   2.736019 -19.265920 -99.000000  -9.295324   0.000000   0.000241   0.000146   0.001400  0.000E+00        lgTeff

         91   6.805213   8400.301  -3.446220  -3.446220   4.999982   4.999982   0.755800   0.000071   0.242800  -5.571516    703      2
 3.5753E+00   6.805213   1.048334 -99.000000  -4.844054  -9.878368   0.000000   0.242800   0.000657   0.001400   0.032855      4
 1.5165E+05  -0.247909   2.748542 -18.663860 -99.000000  -9.411825   0.000000   0.000241   0.000146   0.001400  0.000E+00        lgTeff

         92   6.822026   8623.595  -3.302145  -3.302145   4.999982   4.999982   0.755800   0.000071   0.242800  -5.515999    705      2
 3.6360E+00   6.822026   1.032410 -99.000000  -4.699976  -9.872948   0.000000   0.242800   0.000657   0.001400   0.032827      4
 1.5598E+05  -0.198578   2.762266 -99.000000 -99.000000  -9.533797   0.000000   0.000241   0.000146   0.001400  0.000E+00    varcontrol

         93   6.840012   8868.795  -3.149730  -3.149730   4.999981   4.999981   0.755800   0.000071   0.242800  -5.457478    711      2
 3.6676E+00   6.840012   1.015222 -99.000000  -4.547557  -9.867765   0.000000   0.242800   0.000657   0.001400   0.032788      4
 1.6063E+05  -0.146183   2.776596 -18.487768 -99.000000  -9.642343   0.000000   0.000241   0.000146   0.001400  0.000E+00        lgTeff

         94   6.856137   9096.190  -3.014240  -3.014240   4.999980   4.999980   0.755800   0.000071   0.242800  -5.405017    711      2
 3.6242E+00   6.856137   0.999807 -99.000000  -4.412064  -9.862823   0.000000   0.242800   0.000657   0.001400   0.032753      4
 1.6484E+05  -0.099211   2.789747 -99.000000 -99.000000  -9.715954   0.000000   0.000241   0.000146   0.001400  0.000E+00        lgTeff

         95   6.871392   9316.912  -2.887157  -2.887157   4.999980   4.999980   0.755800   0.000071   0.242800  -5.355627    715      2
 3.6034E+00   6.871392   0.985136 -99.000000  -4.284979  -9.857987   0.000000   0.242800   0.000657   0.001400   0.032717      4
 1.6885E+05  -0.054878   2.802055 -99.000000 -99.000000  -9.764721   0.000000   0.000241   0.000146   0.001400  0.000E+00        lgTeff

         96   6.886208   9536.204  -2.764769  -2.764769   4.999979   4.999979   0.755800   0.000071   0.242800  -5.307962    717      2
 3.5939E+00   6.886208   0.970776 -99.000000  -4.162591  -9.853665   0.000000   0.242800   0.000657   0.001400   0.032679      4
 1.7277E+05  -0.011952   2.813747 -18.061800 -99.000000  -9.795497   0.000000   0.000241   0.000146   0.001400  0.000E+00        lgTeff

         97   6.900806   9756.869  -2.645196  -2.645196   4.999979   4.999979   0.755800   0.000071   0.242800  -5.261318    723      2
 3.5907E+00   6.900806   0.956507 -99.000000  -4.043019  -9.849914   0.000000   0.242800   0.000657   0.001400   0.032637      4
 1.7667E+05   0.030201   2.824950 -99.000000 -99.000000  -9.812309   0.000000   0.000241   0.000146   0.001400  0.000E+00        lgTeff

         98   6.917632  1.002E+04  -2.508811  -2.508811   4.999978   4.999978   0.755800   0.000071   0.242800  -5.208473    724      2
 3.6555E+00   6.917632   0.939781 -99.000000  -3.906641  -9.846748   0.000000   0.242800   0.000657   0.001400   0.032580      4
 1.8120E+05   0.078391   2.836883 -17.885708 -99.000000  -9.816896   0.000000   0.000241   0.000146   0.001400  0.000E+00    varcontrol

         99   6.935678  1.030E+04  -2.364057  -2.364057   4.999977   4.999977   0.755800   0.000071   0.242800  -5.152417    725      2
 3.6907E+00   6.935678   0.921635 -99.000000  -3.761902  -9.850965   0.000000   0.242800   0.000657   0.001400   0.032512      5
 1.8610E+05   0.129804   2.849054 -99.000000 -99.000000  -9.807615   0.000000   0.000241   0.000146   0.001400  0.000E+00        lgTeff


__________________________________________________________________________________________________________________________________________________

       step    lg_Tmax     Teff     lg_LH      lg_Lnuc_tot     Mass       H_rich     H_cntr     N_cntr     Y_surf   eta_cntr   zones  retry
  lg_dt_yrs    lg_Tcntr    lg_R     lg_L3a     lg_Lneu     lg_Mdot    He_core    He_cntr    O_cntr     Z_surf   gam_cntr   iters  
    age_yrs    lg_Dcntr    lg_L     lg_LZ      lg_Lphoto   lg_Dsurf   CO_core    C_cntr     Ne_cntr    Z_cntr   v_div_cs       dt_limit
__________________________________________________________________________________________________________________________________________________

        100   6.951771  1.056E+04  -2.235956  -2.235956   4.999977   4.999977   0.755800   0.000071   0.242800  -5.102220    726      2
 3.6474E+00   6.951771   0.905433 -99.000000  -3.633829  -9.988054   0.000000   0.242800   0.000657   0.001400   0.032454      5
 1.9054E+05   0.175743   2.860064 -99.000000 -99.000000  -9.790431   0.000000   0.000241   0.000146   0.001400  0.000E+00        lgTeff

save LOGS/profile3.data for model 100
save photos/x100 for model 100
        101   6.966980  1.081E+04  -2.115817  -2.115817   4.999977   4.999977   0.755800   0.000071   0.242800  -5.054825    726      2
 3.6285E+00   6.966980   0.890017 -99.000000  -3.513737 -10.168369   0.000000   0.242800   0.000657   0.001400   0.032398      5
 1.9479E+05   0.219139   2.870186 -99.000000 -99.000000  -9.768510   0.000000   0.000241   0.000146   0.001400  0.000E+00        lgTeff

        102   6.981766  1.106E+04  -1.999895  -1.999895   4.999976   4.999976   0.755800   0.000071   0.242800  -5.008877    726      2
 3.6218E+00   6.981766   0.874911 -99.000000  -3.397892 -10.466005   0.000000   0.242800   0.000657   0.001400   0.032343      4
 1.9898E+05   0.261271   2.879647 -99.000000 -99.000000  -9.743255   0.000000   0.000241   0.000146   0.001400  0.000E+00        lgTeff

        103   6.998485  1.135E+04  -1.870026  -1.870026   4.999976   4.999976   0.755800   0.000071   0.242800  -4.957586    728      2
 3.6806E+00   6.998485   0.857571 -99.000000  -3.268170 -11.034760   0.000000   0.242800   0.000657   0.001400   0.032273      5
 2.0377E+05   0.308623   2.889349 -17.760770 -99.000000  -9.711256   0.000000   0.000241   0.000146   0.001400  0.000E+00    varcontrol

        104   7.016257  1.166E+04  -1.733145  -1.733145   4.999976   4.999976   0.755800   0.000071   0.242800  -4.903461    729      2
 3.7143E+00   7.016257   0.838956 -56.065917  -3.131558 -11.001446   0.000000   0.242800   0.000657   0.001400   0.032195      5
 2.0895E+05   0.358785   2.899024 -99.000000 -99.000000  -9.674236   0.000000   0.000241   0.000146   0.001400  0.000E+00        lgTeff

        105   7.032267  1.195E+04  -1.610486  -1.610486   4.999976   4.999976   0.755800   0.000071   0.242800  -4.854417    729      2
 3.6773E+00   7.032267   0.822175 -54.964095  -3.009304 -10.967517   0.000000   0.242800   0.000657   0.001400   0.032128      5
 2.1371E+05   0.404095   2.907820 -99.000000 -99.000000  -9.638597   0.000000   0.000241   0.000146   0.001400  0.000E+00        lgTeff

        106   7.047488  1.222E+04  -1.494331  -1.494331   4.999976   4.999976   0.755800   0.000071   0.242800  -4.807723    730      2
 3.6631E+00   7.047488   0.806131 -54.024101  -2.893762 -10.936747   0.000000   0.242800   0.000657   0.001400   0.032065      3
 2.1831E+05   0.447201   2.915873 -17.158710 -99.000000  -9.603113   0.000000   0.000241   0.000146   0.001400  0.000E+00        lgTeff

        107   7.062340  1.250E+04  -1.381213  -1.381213   4.999976   4.999976   0.755800   0.000071   0.242800  -4.762160    730      2
 3.6600E+00   7.062340   0.790372 -53.122646  -2.781570 -10.908212   0.000000   0.242800   0.000657   0.001400   0.032004      3
 2.2288E+05   0.489263   2.923356 -99.000000 -99.000000  -9.567771   0.000000   0.000241   0.000146   0.001400  0.000E+00        lgTeff

        108   7.078933  1.282E+04  -1.254835  -1.254835   4.999976   4.999976   0.755800   0.000071   0.242800  -4.711681    731      2
 3.7161E+00   7.078933   0.772548 -52.128269  -2.656810 -10.881243   0.000000   0.242800   0.000657   0.001400   0.031931      4
 2.2808E+05   0.536070   2.930819 -99.000000 -99.000000  -9.528326   0.000000   0.000241   0.000146   0.001400  0.000E+00    varcontrol

        109   7.096470  1.315E+04  -1.120359  -1.120359   4.999976   4.999976   0.755800   0.000071   0.242800  -4.658512    731      2
 3.7496E+00   7.096470   0.753571 -51.090520  -2.525069 -10.853218   0.000000   0.242800   0.000657   0.001400   0.031852      5
 2.3370E+05   0.585460   2.938156 -16.556650 -99.000000  -9.486807   0.000000   0.000241   0.000146   0.001400  0.000E+00        lgTeff


__________________________________________________________________________________________________________________________________________________

       step    lg_Tmax     Teff     lg_LH      lg_Lnuc_tot     Mass       H_rich     H_cntr     N_cntr     Y_surf   eta_cntr   zones  retry
  lg_dt_yrs    lg_Tcntr    lg_R     lg_L3a     lg_Lneu     lg_Mdot    He_core    He_cntr    O_cntr     Z_surf   gam_cntr   iters  
    age_yrs    lg_Dcntr    lg_L     lg_LZ      lg_Lphoto   lg_Dsurf   CO_core    C_cntr     Ne_cntr    Z_cntr   v_div_cs       dt_limit
__________________________________________________________________________________________________________________________________________________

        110   7.112454  1.347E+04  -0.995640  -0.995640   4.999976   4.999976   0.755800   0.000071   0.242800  -4.609683    733      2
 3.7196E+00   7.112454   0.736280 -50.155793  -2.404226 -10.824886   0.000000   0.242800   0.000657   0.001400   0.031784      5
 2.3895E+05   0.630633   2.944920 -99.000000 -99.000000  -9.448867   0.000000   0.000241   0.000146   0.001400  0.000E+00        lgTeff

        111   7.127750  1.378E+04  -0.872969  -0.872969   4.999976   4.999976   0.755800   0.000071   0.242800  -4.562822    735      2
 3.7100E+00   7.127750   0.719672 -49.271243  -2.287036 -10.798877   0.000000   0.242800   0.000657   0.001400   0.031721      4
 2.4407E+05   0.673920   2.951117 -16.556650 -99.000000  -9.412595   0.000000   0.000241   0.000146   0.001400  0.000E+00        lgTeff

        112   7.144498  1.412E+04  -0.732801  -0.732801   4.999976   4.999976   0.755800   0.000071   0.242800  -4.511843    735      2
 3.7589E+00   7.144498   0.701318 -48.314258  -2.155573 -10.774639   0.000000   0.242800   0.000657   0.001400   0.031648      3
 2.4981E+05   0.721172   2.957104 -99.000000 -99.000000  -9.373502   0.000000   0.000241   0.000146   0.001400  0.000E+00    varcontrol

        113   7.162027  1.449E+04  -0.575821  -0.575821   4.999976   4.999976   0.755800   0.000071   0.242800  -4.458605    735      2
 3.7898E+00   7.162027   0.682011 -47.325143  -2.011528 -10.749988   0.000000   0.242800   0.000657   0.001400   0.031571      5
 2.5598E+05   0.770574   2.962896 -99.000000 -99.000000  -9.333770   0.000000   0.000241   0.000146   0.001400  0.000E+00        lgTeff

        114   7.177823  1.483E+04  -0.418423  -0.418423   4.999976   4.999976   0.755800   0.000071   0.242800  -4.408903    741      2
 3.7637E+00   7.177823   0.664339 -46.433378  -1.869778 -10.725309   0.000000   0.242800   0.000657   0.001400   0.031519      4
 2.6178E+05   0.815838   2.968277 -15.556650 -99.000000  -9.298255   0.000000   0.000241   0.000146   0.001400  0.000E+00        lgTeff

        115   7.193261  1.517E+04  -0.251733  -0.251733   4.999975   4.999975   0.755800   0.000071   0.242800  -4.361613    744      2
 3.7569E+00   7.193261   0.647330 -45.580191  -1.720947 -10.702522   0.000000   0.242800   0.000657   0.001400   0.031456      3
 2.6749E+05   0.859517   2.973204 -99.000000 -99.000000  -9.264668   0.000000   0.000241   0.000146   0.001400  0.000E+00        lgTeff

        116   7.210034  1.554E+04  -0.050596  -0.050596   4.999975   4.999975   0.755799   0.000071   0.242800  -4.310646    746      2
 3.8042E+00   7.210034   0.628707 -44.665517  -1.540251 -10.681216   0.000000   0.242800   0.000657   0.001400   0.031382      3
 2.7386E+05   0.906795   2.977842 -99.000000 -99.000000  -9.228647   0.000000   0.000241   0.000146   0.001400  0.000E+00    varcontrol

        117   7.227581  1.593E+04   0.181654   0.181654   4.999975   4.999975   0.755799   0.000072   0.242800  -4.257803    749      2
 3.8349E+00   7.227581   0.609219 -43.723795  -1.326197 -10.659763   0.000000   0.242800   0.000657   0.001400   0.031301      4
 2.8070E+05   0.956046   2.982260 -99.000000 -99.000000  -9.191710   0.000000   0.000240   0.000146   0.001400  0.000E+00        lgTeff

        118   7.243715  1.630E+04   0.413626   0.413626   4.999975   4.999975   0.755799   0.000075   0.242800  -4.208740    762      2
 3.8134E+00   7.243715   0.591263 -42.865195  -1.103459 -10.638391   0.000000   0.242800   0.000657   0.001400   0.031231      3
 2.8721E+05   1.001535   2.986406 -99.000000 -99.000000  -9.158229   0.000000   0.000238   0.000146   0.001401  0.000E+00        lgTeff

        119   7.259409  1.667E+04   0.646904   0.646904   4.999975   4.999975   0.755799   0.000079   0.242800  -4.162088    768      2
 3.8098E+00   7.259409   0.573938 -42.044816  -0.868050 -10.618512   0.000000   0.242800   0.000657   0.001400   0.031152      3
 2.9366E+05   1.045319   2.990151 -99.000000 -99.000000  -9.126447   0.000000   0.000235   0.000146   0.001401  0.000E+00        lgTeff


__________________________________________________________________________________________________________________________________________________

       step    lg_Tmax     Teff     lg_LH      lg_Lnuc_tot     Mass       H_rich     H_cntr     N_cntr     Y_surf   eta_cntr   zones  retry
  lg_dt_yrs    lg_Tcntr    lg_R     lg_L3a     lg_Lneu     lg_Mdot    He_core    He_cntr    O_cntr     Z_surf   gam_cntr   iters  
    age_yrs    lg_Dcntr    lg_L     lg_LZ      lg_Lphoto   lg_Dsurf   CO_core    C_cntr     Ne_cntr    Z_cntr   v_div_cs       dt_limit
__________________________________________________________________________________________________________________________________________________

        120   7.276455  1.707E+04   0.899742   0.899742   4.999975   4.999975   0.755798   0.000088   0.242800  -4.113171    778      2
 3.8561E+00   7.276455   0.555126 -41.168080  -0.597102 -10.599967   0.000000   0.242800   0.000657   0.001400   0.031049      3
 3.0084E+05   1.092114   2.993471 -15.051500 -99.000000  -9.092546   0.000000   0.000227   0.000146   0.001402  0.000E+00    varcontrol

        121   7.294321  1.748E+04   1.152891   1.152891   4.999974   4.999974   0.755795   0.000108   0.242800  -4.064321    779      2
 3.8876E+00   7.294321   0.535536 -40.266855  -0.307079 -10.581676   0.000000   0.242799   0.000657   0.001400   0.030916      5
 3.0856E+05   1.140113   2.996383 -99.000000 -99.000000  -9.057715   0.000000   0.000209   0.000146   0.001405  0.000E+00        lgTeff

        122   7.311036  1.788E+04   1.372903   1.372903   4.999974   4.999974   0.755791   0.000142   0.242800  -4.020863    786      2
 3.8717E+00   7.311036   0.517378 -39.437087  -0.040681 -10.563980   0.000000   0.242799   0.000657   0.001400   0.030768      3
 3.1600E+05   1.184018   2.998926 -13.750470 -99.000000  -9.025663   0.000000   0.000180   0.000146   0.001410  0.000E+00        lgTeff

        123   7.328336  1.830E+04   1.580919   1.580919   4.999974   4.999974   0.755782   0.000200   0.242800  -3.976528    794      2
 3.9110E+00   7.328336   0.498177 -38.580119   0.219883 -10.547965   0.000000   0.242799   0.000657   0.001400   0.030602      5
 3.2415E+05   1.228829   3.000619 -99.000000 -99.000000  -8.992222   0.000000   0.000131   0.000146   0.001418  0.000E+00    varcontrol

        124   7.345552  1.873E+04   1.759482   1.759482   4.999974   4.999974   0.755771   0.000269   0.242800  -3.930376    802      2
 3.9419E+00   7.345552   0.478434 -37.731521   0.445892 -10.533498   0.000000   0.242801   0.000657   0.001400   0.030448      5
 3.3290E+05   1.273870   3.001443 -99.000000 -99.000000  -8.958369   0.000000   0.000072   0.000146   0.001428  0.000E+00        lgTeff

        125   7.360847  1.913E+04   1.886694   1.886694   4.999974   4.999974   0.755761   0.000318   0.242800  -3.883946    812      2
 3.9331E+00   7.360847   0.460021 -36.976892   0.608172 -10.520896   0.000000   0.242804   0.000656   0.001400   0.030364      4
 3.4147E+05   1.316118   3.001686 -99.000000 -99.000000  -8.927256   0.000000   0.000029   0.000146   0.001435  0.000E+00        lgTeff

        126   7.376274  1.955E+04   1.979678   1.979678   4.999973   4.999973   0.755752   0.000343   0.242800  -3.832467    812      2
 3.9752E+00   7.376274   0.440653 -36.220106   0.731857 -10.510441   0.000000   0.242810   0.000656   0.001400   0.030330      5
 3.5092E+05   1.360940   3.000898 -13.847380 -99.000000  -8.895078   0.000000   0.000009   0.000146   0.001439  0.000E+00    varcontrol

        127   7.393535  2.002E+04   2.053517   2.053517   4.999973   4.999973   0.755738   0.000349   0.242800  -3.777632    813      2
 4.0412E+00   7.393535   0.419317 -35.400107   0.840456 -10.502033   0.000000   0.242822   0.000655   0.001400   0.030275      5
 3.6191E+05   1.410336   2.999001 -99.000000 -99.000000  -8.860109   0.000000   0.000004   0.000146   0.001439  0.000E+00    varcontrol

        128   7.411650  2.048E+04   2.122185   2.122185   4.999973   4.999973   0.755714   0.000352   0.242800  -3.732159    820      2
 4.0584E+00   7.411650   0.398595 -34.568695   0.949326 -10.495317   0.000000   0.242847   0.000653   0.001400   0.030103      5
 3.7335E+05   1.457241   2.996866 -13.245320 -99.000000  -8.826395   0.000000   0.000003   0.000146   0.001439  0.000E+00        lgTeff

        129   7.431796  2.093E+04   2.214376   2.214376   4.999972   4.999972   0.755659   0.000357   0.242800  -3.706877    830      2
 4.0804E+00   7.431796   0.378389 -33.667534   1.084432 -10.489522   0.000000   0.242902   0.000647   0.001400   0.029665      5
 3.8539E+05   1.498530   2.994134 -13.245320 -99.000000  -8.793873   0.000000   0.000003   0.000146   0.001438  0.000E+00    varcontrol


__________________________________________________________________________________________________________________________________________________

       step    lg_Tmax     Teff     lg_LH      lg_Lnuc_tot     Mass       H_rich     H_cntr     N_cntr     Y_surf   eta_cntr   zones  retry
  lg_dt_yrs    lg_Tcntr    lg_R     lg_L3a     lg_Lneu     lg_Mdot    He_core    He_cntr    O_cntr     Z_surf   gam_cntr   iters  
    age_yrs    lg_Dcntr    lg_L     lg_LZ      lg_Lphoto   lg_Dsurf   CO_core    C_cntr     Ne_cntr    Z_cntr   v_div_cs       dt_limit
__________________________________________________________________________________________________________________________________________________

        130   7.454655  2.137E+04   2.366140   2.366140   4.999972   4.999972   0.755510   0.000372   0.242800  -3.709675    837      2
 4.1348E+00   7.454655   0.357615 -32.550431   1.270423 -10.485478   0.000000   0.243054   0.000628   0.001400   0.028875      5
 3.9902E+05   1.531850   2.989097 -99.000000 -99.000000  -8.761164   0.000000   0.000004   0.000146   0.001436  0.000E+00    varcontrol

        131   7.474016  2.174E+04   2.567661   2.567661   4.999971   4.999971   0.755500   0.000373   0.242800  -3.728068    848      2
 4.1830E+00   7.474016   0.337610 -31.479171   1.483556 -10.486843   0.000000   0.243064   0.000627   0.001400   0.028071      5
 4.1426E+05   1.553151   2.978624 -99.000000 -99.000000  -8.731048   0.000000   0.000004   0.000146   0.001436  0.000E+00    varcontrol

        132   7.487317  2.194E+04   2.739510   2.739510   4.999971   4.999971   0.755503   0.000373   0.242800  -3.758843    851      2
 4.2411E+00   7.487317   0.319262 -30.719240   1.659647 -10.502088   0.000000   0.243061   0.000628   0.001400   0.027367      5
 4.3169E+05   1.559973   2.958222 -12.944290 -99.000000  -8.705666   0.000000   0.000004   0.000146   0.001436  0.000E+00    varcontrol

        133   7.494378  2.194E+04   2.837747   2.837747   4.999970   4.999970   0.755468   0.000377   0.242800  -3.794974    860      2
 4.3203E+00   7.494378   0.303275 -30.323539   1.764384 -10.542817   0.000000   0.243096   0.000623   0.001400   0.026825      5
 4.5260E+05   1.555077   2.925988 -99.000000 -99.000000  -8.686316   0.000000   0.000004   0.000146   0.001435  0.000E+00  max increase

        134   7.496697  2.177E+04   2.869499   2.869499   4.999969   4.999969   0.755418   0.000382   0.242800  -3.826956    872      2
 4.3995E+00   7.496697   0.291167 -30.205843   1.804008 -10.614124   0.000000   0.243148   0.000617   0.001400   0.026474      5
 4.7769E+05   1.544806   2.888425 -99.000000 -99.000000  -8.674180   0.000000   0.000004   0.000146   0.001435  0.000E+00  max increase

        135   7.496441  2.155E+04   2.865680   2.865680   4.999969   4.999969   0.755334   0.000390   0.242800  -3.849893    881      2
 4.4787E+00   7.496441   0.283769 -30.235118   1.803203 -10.700710   0.000000   0.243233   0.000608   0.001400   0.026283      5
 5.0779E+05   1.534553   2.856021 -12.166139 -99.000000  -8.668667   0.000000   0.000004   0.000146   0.001433  0.000E+00  max increase

        136   7.495302  2.138E+04   2.850948   2.850948   4.999968   4.999968   0.755213   0.000401   0.242800  -3.863537    879      2
 4.5579E+00   7.495302   0.280580 -30.310719   1.787992 -10.777032   0.000000   0.243355   0.000595   0.001400   0.026200      5
 5.4392E+05   1.526982   2.835691 -12.643260 -99.000000  -8.667623   0.000000   0.000004   0.000146   0.001432  0.000E+00  max increase

        137   7.494098  2.128E+04   2.839296   2.839296   4.999968   4.999968   0.755064   0.000414   0.242800  -3.870815    873      2
 4.6370E+00   7.494098   0.280125 -30.386037   1.775772 -10.825694   0.000000   0.243506   0.000580   0.001400   0.026176      5
 5.8728E+05   1.522063   2.826722 -99.000000 -99.000000  -8.668745   0.000000   0.000004   0.000146   0.001430  0.000E+00  max increase

        138   7.493047  2.123E+04   2.833381   2.833381   4.999967   4.999967   0.754874   0.000430   0.242800  -3.875115    869      2
 4.7162E+00   7.493047   0.280907 -30.450129   1.767949 -10.847670   0.000000   0.243698   0.000562   0.001400   0.026174      5
 6.3931E+05   1.518670   2.824228 -99.000000 -99.000000  -8.670562   0.000000   0.000004   0.000146   0.001428  0.000E+00  max increase

        139   7.492102  2.120E+04   2.831052   2.831052   4.999966   4.999966   0.754649   0.000447   0.242800  -3.878601    869      2
 4.7954E+00   7.492102   0.282054 -30.507213   1.764173 -10.854266   0.000000   0.243926   0.000543   0.001400   0.026176      5
 7.0174E+05   1.515795   2.824061 -12.944290 -99.000000  -8.672494   0.000000   0.000005   0.000146   0.001425  0.000E+00  max increase


__________________________________________________________________________________________________________________________________________________

       step    lg_Tmax     Teff     lg_LH      lg_Lnuc_tot     Mass       H_rich     H_cntr     N_cntr     Y_surf   eta_cntr   zones  retry
  lg_dt_yrs    lg_Tcntr    lg_R     lg_L3a     lg_Lneu     lg_Mdot    He_core    He_cntr    O_cntr     Z_surf   gam_cntr   iters  
    age_yrs    lg_Dcntr    lg_L     lg_LZ      lg_Lphoto   lg_Dsurf   CO_core    C_cntr     Ne_cntr    Z_cntr   v_div_cs       dt_limit
__________________________________________________________________________________________________________________________________________________

        140   7.491175  2.117E+04   2.830155   2.830155   4.999965   4.999965   0.754375   0.000466   0.242800  -3.882144    869      2
 4.8746E+00   7.491175   0.283280 -30.563000   1.761195 -10.855294   0.000000   0.244202   0.000521   0.001400   0.026178      5
 7.7666E+05   1.512935   2.824334 -12.467169 -99.000000  -8.674463   0.000000   0.000005   0.000146   0.001422  0.000E+00  max increase

        141   7.490230  2.115E+04   2.829616   2.829616   4.999964   4.999964   0.754050   0.000486   0.242800  -3.885897    868      2
 4.9538E+00   7.490230   0.284542 -30.619700   1.758762 -10.855273   0.000000   0.244530   0.000497   0.001400   0.026179      5
 8.6656E+05   1.509970   2.824610 -99.000000 -99.000000  -8.676493   0.000000   0.000005   0.000146   0.001419  0.000E+00  max increase

        142   7.489263  2.112E+04   2.829197   2.829197   4.999962   4.999962   0.753663   0.000508   0.242800  -3.889839    868      2
 5.0330E+00   7.489263   0.285850 -30.677397   1.756324 -10.855266   0.000000   0.244921   0.000471   0.001400   0.026181      5
 9.7444E+05   1.506907   2.824880 -99.000000 -99.000000  -8.678601   0.000000   0.000005   0.000146   0.001416  0.000E+00  max increase

        143   7.488284  2.109E+04   2.828883   2.828883   4.999960   4.999960   0.753200   0.000532   0.242800  -3.893945    868      2
 5.1121E+00   7.488284   0.287209 -30.735518   1.753951 -10.855295   0.000000   0.245387   0.000444   0.001400   0.026183      5
 1.1039E+06   1.503773   2.825184 -12.342230 -99.000000  -8.680785   0.000000   0.000005   0.000146   0.001413  0.000E+00  max increase

        144   7.487305  2.106E+04   2.828687   2.828687   4.999958   4.999958   0.752648   0.000557   0.242800  -3.898190    868      2
 5.1913E+00   7.487305   0.288612 -30.793225   1.751693 -10.855269   0.000000   0.245943   0.000415   0.001400   0.026185      5
 1.2593E+06   1.500600   2.825544 -12.944290 -99.000000  -8.683033   0.000000   0.000006   0.000146   0.001409  0.000E+00  max increase

        145   7.486340  2.103E+04   2.828622   2.828622   4.999956   4.999956   0.751992   0.000583   0.242800  -3.902553    868      2
 5.2705E+00   7.486340   0.290055 -30.849563   1.749602 -10.855127   0.000000   0.246603   0.000385   0.001400   0.026188      5
 1.4457E+06   1.497425   2.825978 -99.000000 -99.000000  -8.685331   0.000000   0.000006   0.000146   0.001405  0.000E+00  max increase

        146   7.485391  2.100E+04   2.828728   2.828728   4.999952   4.999952   0.751202   0.000610   0.242800  -3.907070    865      2
 5.3497E+00   7.485391   0.291546 -30.904291   1.747586 -10.854825   0.000000   0.247396   0.000354   0.001400   0.026192      5
 1.6694E+06   1.494241   2.826494 -99.000000 -99.000000  -8.687693   0.000000   0.000006   0.000146   0.001401  0.000E+00  max increase

        147   7.484438  2.097E+04   2.829052   2.829052   4.999949   4.999949   0.750218   0.000640   0.242800  -3.911865    865      2
 5.4289E+00   7.484438   0.293133 -30.958457   1.745273 -10.854345   0.000000   0.248385   0.000319   0.001400   0.026197      5
 1.9378E+06   1.490977   2.827109 -99.000000 -99.000000  -8.690193   0.000000   0.000007   0.000146   0.001397  0.000E+00  max increase

        148   7.483545  2.094E+04   2.829490   2.829490   4.999944   4.999944   0.749049   0.000669   0.242800  -3.916733    865      2
 5.5080E+00   7.483545   0.294756 -31.008098   1.743704 -10.853668   0.000000   0.249558   0.000285   0.001400   0.026202      5
 2.2600E+06   1.487820   2.827891 -99.000000 -99.000000  -8.692716   0.000000   0.000007   0.000146   0.001393  0.000E+00  max increase

        149   7.482731  2.091E+04   2.830154   2.830154   4.999939   4.999939   0.747655   0.000699   0.242800  -3.921689    865      2
 5.5872E+00   7.482731   0.296410 -31.051975   1.742428 -10.852600   0.000000   0.250957   0.000251   0.001400   0.026209      5
 2.6465E+06   1.484800   2.828844 -99.000000 -99.000000  -8.695255   0.000000   0.000007   0.000146   0.001388  0.000E+00  max increase


__________________________________________________________________________________________________________________________________________________

       step    lg_Tmax     Teff     lg_LH      lg_Lnuc_tot     Mass       H_rich     H_cntr     N_cntr     Y_surf   eta_cntr   zones  retry
  lg_dt_yrs    lg_Tcntr    lg_R     lg_L3a     lg_Lneu     lg_Mdot    He_core    He_cntr    O_cntr     Z_surf   gam_cntr   iters  
    age_yrs    lg_Dcntr    lg_L     lg_LZ      lg_Lphoto   lg_Dsurf   CO_core    C_cntr     Ne_cntr    Z_cntr   v_div_cs       dt_limit
__________________________________________________________________________________________________________________________________________________

        150   7.482008  2.088E+04   2.831078   2.831078   4.999932   4.999932   0.745987   0.000727   0.242800  -3.926764    865      2
 5.6664E+00   7.482008   0.298108 -31.089191   1.741515 -10.851121   0.000000   0.252628   0.000218   0.001400   0.026218      5
 3.1104E+06   1.481934   2.830006 -99.000000 -99.000000  -8.697820   0.000000   0.000007   0.000146   0.001384  0.000E+00  max increase

save LOGS/profile4.data for model 150
save photos/x150 for model 150
        151   7.481391  2.086E+04   2.832302   2.832302   4.999924   4.999924   0.743992   0.000755   0.242800  -3.931996    866      2
 5.7456E+00   7.481391   0.299863 -31.118661   1.741015 -10.849150   0.000000   0.254628   0.000186   0.001400   0.026228      5
 3.6671E+06   1.479243   2.831425 -99.000000 -99.000000  -8.700425   0.000000   0.000008   0.000146   0.001380  0.000E+00  max increase

        152   7.480897  2.083E+04   2.833874   2.833874   4.999915   4.999915   0.741604   0.000781   0.242800  -3.937431    866      2
 5.8248E+00   7.480897   0.301695 -31.139169   1.740986 -10.846574   0.000000   0.257019   0.000156   0.001400   0.026240      5
 4.3350E+06   1.476747   2.833155 -99.000000 -99.000000  -8.703088   0.000000   0.000008   0.000146   0.001376  0.000E+00  max increase

        153   7.480544  2.081E+04   2.835856   2.835856   4.999903   4.999903   0.738755   0.000805   0.242800  -3.943126    866      2
 5.9039E+00   7.480544   0.303624 -31.149340   1.741519 -10.843266   0.000000   0.259872   0.000129   0.001400   0.026254      5
 5.1366E+06   1.474470   2.835267 -99.000000 -99.000000  -8.705829   0.000000   0.000008   0.000146   0.001373  0.000E+00  max increase

        154   7.480349  2.079E+04   2.838333   2.838333   4.999889   4.999889   0.735343   0.000826   0.242800  -3.949189    866      2
 5.9831E+00   7.480349   0.305694 -31.148015   1.742635 -10.839065   0.000000   0.263287   0.000104   0.001400   0.026271      5
 6.0985E+06   1.472412   2.837844 -12.342230 -99.000000  -8.708698   0.000000   0.000008   0.000146   0.001370  0.000E+00  max increase

        155   7.480297  2.078E+04   2.841411   2.841411   4.999872   4.999872   0.731049   0.000846   0.242800  -3.955989    871      2
 6.0623E+00   7.480297   0.308040 -31.134705   1.743891 -10.833785   0.000000   0.267584   0.000081   0.001400   0.026294      5
 7.2528E+06   1.470477   2.840976 -99.000000 -99.000000  -8.711905   0.000000   0.000008   0.000146   0.001367  0.000E+00  max increase

        156   7.480451  2.076E+04   2.845171   2.845171   4.999852   4.999852   0.725919   0.000862   0.242800  -3.963453    871      2
 6.1415E+00   7.480451   0.310635 -31.106223   1.746316 -10.827279   0.000000   0.272716   0.000063   0.001400   0.026322      5
 8.6379E+06   1.468778   2.844802 -99.000000 -99.000000  -8.715367   0.000000   0.000009   0.000146   0.001365  0.000E+00  max increase

        157   7.480831  2.075E+04   2.849797   2.849797   4.999827   4.999827   0.719822   0.000874   0.242800  -3.971777    873      2
 6.2207E+00   7.480831   0.313554 -31.061127   1.749722 -10.819187   0.000000   0.278815   0.000049   0.001400   0.026355      5
 1.0300E+07   1.467297   2.849478 -12.643260 -99.000000  -8.719176   0.000000   0.000009   0.000146   0.001363  0.000E+00  max increase

        158   7.481446  2.073E+04   2.855491   2.855491   4.999796   4.999796   0.712133   0.000884   0.242800  -3.981566    872      2
 6.2999E+00   7.481446   0.317038 -30.996660   1.753573 -10.809159   0.000000   0.286506   0.000038   0.001400   0.026400      5
 1.2295E+07   1.465948   2.855190 -99.000000 -99.000000  -8.723689   0.000000   0.000009   0.000146   0.001361  0.000E+00  max increase

        159   7.482329  2.072E+04   2.862473   2.862473   4.999757   4.999757   0.702938   0.000890   0.242800  -3.992976    875      2
 6.3790E+00   7.482329   0.321138 -30.911876   1.759004 -10.796870   0.000000   0.295701   0.000030   0.001400   0.026454      5
 1.4688E+07   1.464697   2.862196 -99.000000 -99.000000  -8.728929   0.000000   0.000009   0.000146   0.001360  0.000E+00  max increase


__________________________________________________________________________________________________________________________________________________

       step    lg_Tmax     Teff     lg_LH      lg_Lnuc_tot     Mass       H_rich     H_cntr     N_cntr     Y_surf   eta_cntr   zones  retry
  lg_dt_yrs    lg_Tcntr    lg_R     lg_L3a     lg_Lneu     lg_Mdot    He_core    He_cntr    O_cntr     Z_surf   gam_cntr   iters  
    age_yrs    lg_Dcntr    lg_L     lg_LZ      lg_Lphoto   lg_Dsurf   CO_core    C_cntr     Ne_cntr    Z_cntr   v_div_cs       dt_limit
__________________________________________________________________________________________________________________________________________________

        160   7.483531  2.070E+04   2.871122   2.871122   4.999710   4.999710   0.691401   0.000894   0.242800  -4.006707    876      2
 6.4582E+00   7.483531   0.326187 -30.801374   1.765400 -10.781700   0.000000   0.307239   0.000025   0.001400   0.026526      5
 1.7560E+07   1.463537   2.870851 -99.000000 -99.000000  -8.735367   0.000000   0.000009   0.000146   0.001360  0.000E+00  max increase

        161   7.485090  2.068E+04   2.881838   2.881838   4.999651   4.999651   0.677268   0.000897   0.242800  -4.023319    879      2
 6.5374E+00   7.485090   0.332414 -30.663021   1.773650 -10.762954   0.000000   0.321373   0.000022   0.001400   0.026619      5
 2.1007E+07   1.462366   2.881573 -99.000000 -99.000000  -8.743285   0.000000   0.000009   0.000146   0.001359  0.000E+00      XHe_cntr

        162   7.486497  2.066E+04   2.891148   2.891148   4.999597   4.999597   0.664711   0.000898   0.242800  -4.037768    883      2
 6.4645E+00   7.486497   0.337935 -30.540617   1.780480 -10.739713   0.000000   0.333929   0.000021   0.001400   0.026708      5
 2.3921E+07   1.461518   2.890877 -11.990047 -99.000000  -8.750339   0.000000   0.000009   0.000146   0.001359  0.000E+00      XHe_cntr

        163   7.487800  2.064E+04   2.899766   2.899766   4.999547   4.999547   0.653413   0.000899   0.242800  -4.050949    893      2
 6.4205E+00   7.487800   0.343037 -30.429936   1.787250 -10.719611   0.000000   0.345228   0.000020   0.001400   0.026789      5
 2.6554E+07   1.460751   2.899500 -99.000000 -99.000000  -8.756843   0.000000   0.000009   0.000146   0.001359  0.000E+00      XHe_cntr

        164   7.489084  2.062E+04   2.908062   2.908062   4.999498   4.999498   0.642264   0.000899   0.242800  -4.063728    886      2
 6.3935E+00   7.489084   0.348066 -30.321880   1.793355 -10.700971   0.000000   0.356377   0.000019   0.001400   0.026874      5
 2.9029E+07   1.460113   2.907787 -12.467169 -99.000000  -8.763293   0.000000   0.000009   0.000146   0.001359  0.000E+00      XHe_cntr

        165   7.490364  2.059E+04   2.916195   2.916195   4.999449   4.999449   0.631185   0.000899   0.242800  -4.076315    890      2
 6.3752E+00   7.490364   0.353094 -30.215437   1.799338 -10.683125   0.000000   0.367456   0.000019   0.001400   0.026964      5
 3.1401E+07   1.459551   2.915914 -12.643260 -99.000000  -8.769771   0.000000   0.000009   0.000146   0.001359  0.000E+00      XHe_cntr

        166   7.491634  2.057E+04   2.924163   2.924163   4.999400   4.999400   0.620241   0.000899   0.242800  -4.088692    889      2
 6.3568E+00   7.491634   0.358107 -30.111038   1.805232 -10.665675   0.000000   0.378400   0.000019   0.001400   0.027056      5
 3.3676E+07   1.459048   2.923877 -12.643260 -99.000000  -8.776255   0.000000   0.000009   0.000146   0.001359  0.000E+00      XHe_cntr

        167   7.492871  2.055E+04   2.932012   2.932012   4.999350   4.999350   0.609783   0.000899   0.242800  -4.100730    889      2
 6.3405E+00   7.492871   0.363042 -30.010971   1.811402 -10.648623   0.000000   0.388858   0.000019   0.001400   0.027145      5
 3.5866E+07   1.458530   2.931729 -99.000000 -99.000000  -8.782629   0.000000   0.000009   0.000146   0.001359  0.000E+00      XHe_cntr

        168   7.494124  2.052E+04   2.939855   2.939855   4.999301   4.999301   0.599209   0.000899   0.242800  -4.112783    891      2
 6.3299E+00   7.494124   0.368064 -29.910505   1.817329 -10.631804   0.000000   0.399432   0.000019   0.001400   0.027240      5
 3.8004E+07   1.458079   2.939566 -12.467169 -99.000000  -8.789144   0.000000   0.000009   0.000146   0.001359  0.000E+00      XHe_cntr

        169   7.495415  2.049E+04   2.947716   2.947716   4.999250   4.999250   0.588233   0.000899   0.242800  -4.125041    889      2
 6.3217E+00   7.495415   0.373251 -29.807566   1.823013 -10.615068   0.000000   0.410408   0.000019   0.001400   0.027345      5
 4.0101E+07   1.457726   2.947415 -99.000000 -99.000000  -8.795924   0.000000   0.000009   0.000146   0.001359  0.000E+00      XHe_cntr


__________________________________________________________________________________________________________________________________________________

       step    lg_Tmax     Teff     lg_LH      lg_Lnuc_tot     Mass       H_rich     H_cntr     N_cntr     Y_surf   eta_cntr   zones  retry
  lg_dt_yrs    lg_Tcntr    lg_R     lg_L3a     lg_Lneu     lg_Mdot    He_core    He_cntr    O_cntr     Z_surf   gam_cntr   iters  
    age_yrs    lg_Dcntr    lg_L     lg_LZ      lg_Lphoto   lg_Dsurf   CO_core    C_cntr     Ne_cntr    Z_cntr   v_div_cs       dt_limit
__________________________________________________________________________________________________________________________________________________

        170   7.496696  2.046E+04   2.955489   2.955489   4.999198   4.999198   0.577443   0.000899   0.242800  -4.137120    888      2
 6.3076E+00   7.496696   0.378442 -29.706576   1.828955 -10.598392   0.000000   0.421199   0.000019   0.001400   0.027451      5
 4.2131E+07   1.457404   2.955186 -99.000000 -99.000000  -8.802723   0.000000   0.000010   0.000146   0.001359  0.000E+00      XHe_cntr

        171   7.497975  2.043E+04   2.963166   2.963166   4.999147   4.999147   0.566710   0.000899   0.242800  -4.149070    887      2
 6.2927E+00   7.497975   0.383656 -29.606581   1.834782 -10.581911   0.000000   0.431931   0.000019   0.001400   0.027561      5
 4.4093E+07   1.457140   2.962857 -12.467169 -99.000000  -8.809579   0.000000   0.000010   0.000146   0.001359  0.000E+00      XHe_cntr

        172   7.499260  2.039E+04   2.970788   2.970788   4.999095   4.999095   0.555990   0.000899   0.242800  -4.160959    883      2
 6.2805E+00   7.499260   0.388923 -29.507082   1.840600 -10.565689   0.000000   0.442651   0.000018   0.001400   0.027676      5
 4.6001E+07   1.456927   2.970474 -99.000000 -99.000000  -8.816529   0.000000   0.000010   0.000146   0.001359  0.000E+00      XHe_cntr

        173   7.500557  2.036E+04   2.978364   2.978364   4.999043   4.999043   0.545211   0.000899   0.242800  -4.172809    883      2
 6.2683E+00   7.500557   0.394260 -29.407500   1.846373 -10.549630   0.000000   0.453430   0.000018   0.001400   0.027796      5
 4.7856E+07   1.456785   2.978043 -12.643260 -99.000000  -8.823603   0.000000   0.000010   0.000146   0.001359  0.000E+00      XHe_cntr

        174   7.501831  2.032E+04   2.985880   2.985880   4.998990   4.998990   0.534807   0.000900   0.242800  -4.184429    883      2
 6.2557E+00   7.501831   0.399568 -29.310808   1.852407 -10.533728   0.000000   0.463834   0.000018   0.001400   0.027915      5
 4.9657E+07   1.456624   2.985561 -12.944290 -99.000000  -8.830636   0.000000   0.000010   0.000146   0.001359  0.000E+00      XHe_cntr

        175   7.503145  2.028E+04   2.993405   2.993405   4.998937   4.998937   0.524037   0.000900   0.242800  -4.196195    882      2
 6.2464E+00   7.503145   0.405037 -29.211632   1.858146 -10.517935   0.000000   0.474604   0.000018   0.001400   0.028044      5
 5.1421E+07   1.456582   2.993073 -12.467169 -99.000000  -8.837933   0.000000   0.000010   0.000146   0.001359  0.000E+00      XHe_cntr

        176   7.504475  2.024E+04   3.000913   3.000913   4.998882   4.998882   0.513184   0.000900   0.242800  -4.207972    879      2
 6.2364E+00   7.504475   0.410603 -29.111952   1.863987 -10.502244   0.000000   0.485457   0.000018   0.001400   0.028180      5
 5.3144E+07   1.456607   3.000575 -99.000000 -99.000000  -8.845392   0.000000   0.000010   0.000146   0.001359  0.000E+00      XHe_cntr

        177   7.505779  2.020E+04   3.008336   3.008336   4.998828   4.998828   0.502751   0.000900   0.242800  -4.219464    882      2
 6.2219E+00   7.505779   0.416122 -29.015390   1.870046 -10.486630   0.000000   0.495890   0.000018   0.001400   0.028313      5
 5.4811E+07   1.456615   3.007999 -99.000000 -99.000000  -8.852787   0.000000   0.000010   0.000146   0.001359  0.000E+00      XHe_cntr

        178   7.507123  2.015E+04   3.015786   3.015786   4.998773   4.998773   0.491963   0.000900   0.242800  -4.230996    879      2
 6.2120E+00   7.507123   0.421811 -28.916211   1.875868 -10.471181   0.000000   0.506678   0.000018   0.001400   0.028459      5
 5.6441E+07   1.456792   3.015437 -99.000000 -99.000000  -8.860459   0.000000   0.000010   0.000146   0.001359  0.000E+00      XHe_cntr

        179   7.508486  2.010E+04   3.023226   3.023226   4.998717   4.998717   0.481096   0.000900   0.242800  -4.242477    874      2
 6.2017E+00   7.508486   0.427604 -28.816375   1.881794 -10.455793   0.000000   0.517545   0.000018   0.001400   0.028613      5
 5.8032E+07   1.457063   3.022868 -99.000000 -99.000000  -8.868303   0.000000   0.000010   0.000146   0.001359  0.000E+00      XHe_cntr


__________________________________________________________________________________________________________________________________________________

       step    lg_Tmax     Teff     lg_LH      lg_Lnuc_tot     Mass       H_rich     H_cntr     N_cntr     Y_surf   eta_cntr   zones  retry
  lg_dt_yrs    lg_Tcntr    lg_R     lg_L3a     lg_Lneu     lg_Mdot    He_core    He_cntr    O_cntr     Z_surf   gam_cntr   iters  
    age_yrs    lg_Dcntr    lg_L     lg_LZ      lg_Lphoto   lg_Dsurf   CO_core    C_cntr     Ne_cntr    Z_cntr   v_div_cs       dt_limit
__________________________________________________________________________________________________________________________________________________

        180   7.509813  2.005E+04   3.030573   3.030573   4.998662   4.998662   0.470760   0.000900   0.242800  -4.253606    875      2
 6.1870E+00   7.509813   0.433323 -28.720287   1.887949 -10.440474   0.000000   0.527882   0.000018   0.001400   0.028762      5
 5.9570E+07   1.457300   3.030221 -99.000000 -99.000000  -8.876040   0.000000   0.000010   0.000146   0.001359  0.000E+00      XHe_cntr

        181   7.511195  2.000E+04   3.037930   3.037930   4.998605   4.998605   0.459935   0.000900   0.242800  -4.264925    875      2
 6.1780E+00   7.511195   0.439246 -28.620562   1.893806 -10.425311   0.000000   0.538706   0.000018   0.001400   0.028927      5
 6.1077E+07   1.457703   3.037560 -99.000000 -99.000000  -8.884119   0.000000   0.000010   0.000146   0.001359  0.000E+00      XHe_cntr

        182   7.512598  1.995E+04   3.045265   3.045265   4.998548   4.998548   0.449024   0.000900   0.242800  -4.276241    873      2
 6.1681E+00   7.512598   0.445281 -28.519986   1.899774 -10.410290   0.000000   0.549617   0.000018   0.001400   0.029100      5
 6.2549E+07   1.458189   3.044887 -99.000000 -99.000000  -8.892386   0.000000   0.000010   0.000146   0.001359  0.000E+00      XHe_cntr

        183   7.513974  1.989E+04   3.052500   3.052500   4.998491   4.998491   0.438540   0.000900   0.242800  -4.287221    871      2
 6.1525E+00   7.513974   0.451265 -28.422330   1.905886 -10.395360   0.000000   0.560102   0.000017   0.001400   0.029271      5
 6.3970E+07   1.458675   3.052123 -99.000000 -99.000000  -8.900588   0.000000   0.000010   0.000146   0.001359  0.000E+00      XHe_cntr

        184   7.515389  1.984E+04   3.059712   3.059712   4.998433   4.998433   0.427765   0.000900   0.242800  -4.298278    874      2
 6.1418E+00   7.515389   0.457402 -28.322317   1.911813 -10.380627   0.000000   0.570876   0.000017   0.001400   0.029455      5
 6.5356E+07   1.459299   3.059321 -99.000000 -99.000000  -8.909054   0.000000   0.000010   0.000146   0.001359  0.000E+00      XHe_cntr

        185   7.516830  1.978E+04   3.066894   3.066894   4.998375   4.998375   0.416889   0.000900   0.242800  -4.309327    864      2
 6.1312E+00   7.516830   0.463656 -28.221179   1.917780 -10.366071   0.000000   0.581753   0.000017   0.001400   0.029648      5
 6.6709E+07   1.460020   3.066493 -12.643260 -99.000000  -8.917721   0.000000   0.000010   0.000146   0.001359  0.000E+00      XHe_cntr

        186   7.518280  1.971E+04   3.073989   3.073989   4.998316   4.998316   0.406050   0.000900   0.242800  -4.320220    862      2
 6.1167E+00   7.518280   0.469963 -28.120025   1.923730 -10.351641   0.000000   0.592592   0.000017   0.001400   0.029849      5
 6.8017E+07   1.460836   3.073580 -99.000000 -99.000000  -8.926499   0.000000   0.000010   0.000146   0.001359  0.000E+00      XHe_cntr

        187   7.519717  1.965E+04   3.081003   3.081003   4.998258   4.998258   0.395501   0.000900   0.242800  -4.330878    860      2
 6.1024E+00   7.519717   0.476264 -28.020595   1.929755 -10.337451   0.000000   0.603141   0.000017   0.001400   0.030050      5
 6.9283E+07   1.461671   3.080591 -99.000000 -99.000000  -8.935287   0.000000   0.000010   0.000146   0.001359  0.000E+00      XHe_cntr

        188   7.521166  1.958E+04   3.087988   3.087988   4.998200   4.998200   0.385015   0.000900   0.242800  -4.341426    862      2
 6.0914E+00   7.521166   0.482638 -27.921062   1.935770 -10.323444   0.000000   0.613626   0.000017   0.001400   0.030257      5
 7.0518E+07   1.462575   3.087570 -12.166139 -99.000000  -8.944208   0.000000   0.000010   0.000146   0.001359  0.000E+00      XHe_cntr

        189   7.522666  1.951E+04   3.094987   3.094987   4.998140   4.998140   0.374226   0.000900   0.242800  -4.352043    861      2
 6.0832E+00   7.522666   0.489205 -27.818530   1.941739 -10.309557   0.000000   0.624415   0.000017   0.001400   0.030480      5
 7.1729E+07   1.463647   3.094555 -12.643260 -99.000000  -8.953455   0.000000   0.000010   0.000146   0.001359  0.000E+00      XHe_cntr


__________________________________________________________________________________________________________________________________________________

       step    lg_Tmax     Teff     lg_LH      lg_Lnuc_tot     Mass       H_rich     H_cntr     N_cntr     Y_surf   eta_cntr   zones  retry
  lg_dt_yrs    lg_Tcntr    lg_R     lg_L3a     lg_Lneu     lg_Mdot    He_core    He_cntr    O_cntr     Z_surf   gam_cntr   iters  
    age_yrs    lg_Dcntr    lg_L     lg_LZ      lg_Lphoto   lg_Dsurf   CO_core    C_cntr     Ne_cntr    Z_cntr   v_div_cs       dt_limit
__________________________________________________________________________________________________________________________________________________

        190   7.524185  1.944E+04   3.101940   3.101940   4.998080   4.998080   0.363452   0.000900   0.242800  -4.362569    858      2
 6.0719E+00   7.524185   0.495865 -27.715399   1.947752 -10.295760   0.000000   0.635190   0.000017   0.001400   0.030712      5
 7.2909E+07   1.464808   3.101500 -99.000000 -99.000000  -8.962870   0.000000   0.000010   0.000146   0.001359  0.000E+00      XHe_cntr

        191   7.525730  1.937E+04   3.108821   3.108821   4.998021   4.998021   0.352606   0.000900   0.242800  -4.373003    856      2
 6.0584E+00   7.525730   0.502620 -27.611047   1.953700 -10.282108   0.000000   0.646036   0.000017   0.001400   0.030955      5
 7.4053E+07   1.466099   3.108368 -99.000000 -99.000000  -8.972470   0.000000   0.000010   0.000146   0.001358  0.000E+00      XHe_cntr

        192   7.527285  1.929E+04   3.115666   3.115666   4.997961   4.997961   0.341877   0.000900   0.242800  -4.383100    855      2
 6.0449E+00   7.527285   0.509444 -27.506662   1.959705 -10.268700   0.000000   0.656765   0.000017   0.001400   0.031207      5
 7.5162E+07   1.467541   3.115207 -99.000000 -99.000000  -8.982200   0.000000   0.000011   0.000146   0.001358  0.000E+00      XHe_cntr

        193   7.528853  1.922E+04   3.122472   3.122472   4.997901   4.997901   0.331249   0.000900   0.242800  -4.392948    859      2
 6.0318E+00   7.528853   0.516341 -27.402082   1.965722 -10.255402   0.000000   0.667393   0.000017   0.001400   0.031466      5
 7.6237E+07   1.469104   3.122006 -12.643260 -99.000000  -8.992071   0.000000   0.000011   0.000146   0.001358  0.000E+00      XHe_cntr

        194   7.530466  1.913E+04   3.129244   3.129244   4.997841   4.997841   0.320443   0.000900   0.242800  -4.402772    861      2
 6.0208E+00   7.530466   0.523390 -27.295038   1.971690 -10.242240   0.000000   0.678198   0.000017   0.001400   0.031742      5
 7.7287E+07   1.470833   3.128763 -99.000000 -99.000000  -9.002219   0.000000   0.000011   0.000146   0.001358  0.000E+00      XHe_cntr

        195   7.532112  1.905E+04   3.135964   3.135964   4.997781   4.997781   0.309594   0.000900   0.242800  -4.412463    859      2
 6.0085E+00   7.532112   0.530554 -27.186468   1.977655 -10.229263   0.000000   0.689047   0.000016   0.001400   0.032030      5
 7.8306E+07   1.472711   3.135471 -12.643260 -99.000000  -9.012585   0.000000   0.000011   0.000146   0.001358  0.000E+00      XHe_cntr

        196   7.533742  1.897E+04   3.142608   3.142608   4.997721   4.997721   0.299121   0.000900   0.242800  -4.421841    859      2
 5.9943E+00   7.533742   0.537709 -27.079736   1.983663 -10.216469   0.000000   0.699520   0.000016   0.001400   0.032318      5
 7.9293E+07   1.474606   3.142114 -99.000000 -99.000000  -9.022965   0.000000   0.000011   0.000146   0.001358  0.000E+00      XHe_cntr

        197   7.535444  1.888E+04   3.149230   3.149230   4.997661   4.997661   0.288321   0.000900   0.242800  -4.431215    860      2
 5.9840E+00   7.535444   0.545068 -26.968866   1.989585 -10.203833   0.000000   0.710321   0.000016   0.001400   0.032629      5
 8.0257E+07   1.476748   3.148717 -99.000000 -99.000000  -9.033715   0.000000   0.000011   0.000146   0.001358  0.000E+00      XHe_cntr

        198   7.537191  1.879E+04   3.155814   3.155814   4.997600   4.997600   0.277433   0.000900   0.242800  -4.440483    859      2
 5.9732E+00   7.537191   0.552574 -26.855632   1.995521 -10.191404   0.000000   0.721209   0.000016   0.001400   0.032956      5
 8.1197E+07   1.479066   3.155288 -11.944290 -99.000000  -9.044740   0.000000   0.000011   0.000146   0.001358  0.000E+00      XHe_cntr

        199   7.538910  1.870E+04   3.162317   3.162317   4.997540   4.997540   0.267063   0.000900   0.242800  -4.449330    859      2
 5.9583E+00   7.538910   0.560035 -26.745211   2.001497 -10.179134   0.000000   0.731579   0.000016   0.001400   0.033278      5
 8.2106E+07   1.481375   3.161793 -99.000000 -99.000000  -9.055724   0.000000   0.000011   0.000146   0.001358  0.000E+00      XHe_cntr


__________________________________________________________________________________________________________________________________________________

       step    lg_Tmax     Teff     lg_LH      lg_Lnuc_tot     Mass       H_rich     H_cntr     N_cntr     Y_surf   eta_cntr   zones  retry
  lg_dt_yrs    lg_Tcntr    lg_R     lg_L3a     lg_Lneu     lg_Mdot    He_core    He_cntr    O_cntr     Z_surf   gam_cntr   iters  
    age_yrs    lg_Dcntr    lg_L     lg_LZ      lg_Lphoto   lg_Dsurf   CO_core    C_cntr     Ne_cntr    Z_cntr   v_div_cs       dt_limit
__________________________________________________________________________________________________________________________________________________

        200   7.540730  1.860E+04   3.168806   3.168806   4.997480   4.997480   0.256204   0.000900   0.242800  -4.458243    862      2
 5.9489E+00   7.540730   0.567757 -26.628656   2.007379 -10.167001   0.000000   0.742438   0.000016   0.001400   0.033632      5
 8.2995E+07   1.484009   3.168258 -99.000000 -99.000000  -9.067182   0.000000   0.000011   0.000146   0.001358  0.000E+00      XHe_cntr

save LOGS/profile5.data for model 200
save photos/x200 for model 200
        201   7.542610  1.850E+04   3.175264   3.175264   4.997419   4.997419   0.245257   0.000900   0.242800  -4.466997    864      2
 5.9383E+00   7.542610   0.575644 -26.509011   2.013288 -10.155109   0.000000   0.753385   0.000016   0.001400   0.034005      5
 8.3862E+07   1.486865   3.174702 -12.342230 -99.000000  -9.078947   0.000000   0.000011   0.000146   0.001358  0.000E+00      XHe_cntr

        202   7.544463  1.840E+04   3.181621   3.181621   4.997359   4.997359   0.234837   0.000900   0.242800  -4.475310    864      2
 5.9222E+00   7.544463   0.583474 -26.392035   2.019195 -10.143356   0.000000   0.763805   0.000016   0.001400   0.034373      5
 8.4698E+07   1.489717   3.181060 -99.000000 -99.000000  -9.090654   0.000000   0.000011   0.000146   0.001358  0.000E+00      XHe_cntr

        203   7.546431  1.830E+04   3.187959   3.187959   4.997299   4.997299   0.223973   0.000900   0.242800  -4.483577    870      2
 5.9119E+00   7.546431   0.591557 -26.268302   2.025029 -10.131785   0.000000   0.774669   0.000016   0.001400   0.034776      5
 8.5515E+07   1.492952   3.187374 -12.643260 -99.000000  -9.102825   0.000000   0.000011   0.000146   0.001358  0.000E+00      XHe_cntr

        204   7.548472  1.819E+04   3.194259   3.194259   4.997238   4.997238   0.213023   0.000900   0.242800  -4.491645    870      2
 5.9010E+00   7.548472   0.599808 -26.140706   2.030872 -10.120461   0.000000   0.785619   0.000016   0.001400   0.035201      5
 8.6311E+07   1.496450   3.193660 -99.000000 -99.000000  -9.115309   0.000000   0.000011   0.000146   0.001358  0.000E+00      XHe_cntr

        205   7.550491  1.808E+04   3.200463   3.200463   4.997179   4.997179   0.202616   0.000900   0.242800  -4.499236    869      2
 5.8849E+00   7.550491   0.608001 -26.015477   2.036702 -10.109293   0.000000   0.796026   0.000015   0.001400   0.035621      5
 8.7078E+07   1.499960   3.199866 -99.000000 -99.000000  -9.127732   0.000000   0.000011   0.000146   0.001358  0.000E+00      XHe_cntr

        206   7.552631  1.797E+04   3.206675   3.206675   4.997119   4.997119   0.191850   0.000900   0.242800  -4.506572    870      2
 5.8748E+00   7.552631   0.616451 -25.882838   2.042512 -10.098296   0.000000   0.806792   0.000015   0.001400   0.036079      5
 8.7828E+07   1.503924   3.206056 -12.643260 -99.000000  -9.140616   0.000000   0.000011   0.000146   0.001358  0.000E+00      XHe_cntr

        207   7.554877  1.786E+04   3.212881   3.212881   4.997059   4.997059   0.180986   0.000900   0.242800  -4.513559    871      2
 5.8649E+00   7.554877   0.625100 -25.744958   2.048349 -10.087474   0.000000   0.817656   0.000015   0.001400   0.036563      5
 8.8560E+07   1.508272   3.212249 -99.000000 -99.000000  -9.153854   0.000000   0.000011   0.000146   0.001358  0.000E+00      XHe_cntr

        208   7.557222  1.774E+04   3.219005   3.219005   4.997000   4.997000   0.170063   0.000900   0.242800  -4.520196    869      2
 5.8504E+00   7.557222   0.633860 -25.601817   2.054124 -10.076750   0.000000   0.828579   0.000015   0.001400   0.037075      5
 8.9269E+07   1.512981   3.218358 -99.000000 -99.000000  -9.167317   0.000000   0.000012   0.000146   0.001358  0.000E+00      XHe_cntr

        209   7.559600  1.762E+04   3.225053   3.225053   4.996941   4.996941   0.159485   0.000900   0.242800  -4.526327    873      2
 5.8354E+00   7.559600   0.642630 -25.457542   2.059876 -10.066295   0.000000   0.839157   0.000015   0.001400   0.037592      5
 8.9954E+07   1.517867   3.224404 -99.000000 -99.000000  -9.180824   0.000000   0.000012   0.000146   0.001358  0.000E+00      XHe_cntr


__________________________________________________________________________________________________________________________________________________

       step    lg_Tmax     Teff     lg_LH      lg_Lnuc_tot     Mass       H_rich     H_cntr     N_cntr     Y_surf   eta_cntr   zones  retry
  lg_dt_yrs    lg_Tcntr    lg_R     lg_L3a     lg_Lneu     lg_Mdot    He_core    He_cntr    O_cntr     Z_surf   gam_cntr   iters  
    age_yrs    lg_Dcntr    lg_L     lg_LZ      lg_Lphoto   lg_Dsurf   CO_core    C_cntr     Ne_cntr    Z_cntr   v_div_cs       dt_limit
__________________________________________________________________________________________________________________________________________________

        210   7.562167  1.750E+04   3.231061   3.231061   4.996882   4.996882   0.148546   0.000900   0.242800  -4.532085    875      2
 5.8235E+00   7.562167   0.651605 -25.302834   2.065578 -10.056001   0.000000   0.850096   0.000015   0.001400   0.038156      5
 9.0620E+07   1.523372   3.230392 -99.000000 -99.000000  -9.194713   0.000000   0.000012   0.000146   0.001358  0.000E+00      XHe_cntr

        211   7.564852  1.738E+04   3.237020   3.237020   4.996824   4.996824   0.137697   0.000900   0.242800  -4.537288    876      2
 5.8106E+00   7.564852   0.660671 -25.142132   2.071271 -10.045960   0.000000   0.860945   0.000015   0.001400   0.038744      5
 9.1266E+07   1.529300   3.236346 -12.342230 -99.000000  -9.208783   0.000000   0.000012   0.000146   0.001358  0.000E+00      XHe_cntr

        212   7.567660  1.726E+04   3.242906   3.242906   4.996767   4.996767   0.126983   0.000900   0.242800  -4.541858    875      2
 5.7953E+00   7.567660   0.669761 -24.975161   2.076916 -10.036053   0.000000   0.871659   0.000015   0.001400   0.039354      5
 9.1890E+07   1.535677   3.242228 -12.342230 -99.000000  -9.222931   0.000000   0.000012   0.000146   0.001358  0.000E+00      XHe_cntr

        213   7.570686  1.713E+04   3.248751   3.248751   4.996710   4.996710   0.116121   0.000900   0.242800  -4.545792    876      2
 5.7828E+00   7.570686   0.678954 -24.796409   2.082533 -10.026337   0.000000   0.882521   0.000014   0.001400   0.040004      5
 9.2497E+07   1.542756   3.248067 -99.000000 -99.000000  -9.237290   0.000000   0.000012   0.000146   0.001358  0.000E+00      XHe_cntr

        214   7.573912  1.701E+04   3.254558   3.254558   4.996653   4.996653   0.105341   0.000900   0.242800  -4.548878    872      2
 5.7694E+00   7.573912   0.688178 -24.607209   2.088139 -10.016781   0.000000   0.893301   0.000014   0.001400   0.040685      5
 9.3085E+07   1.550512   3.253879 -12.041200 -99.000000  -9.251732   0.000000   0.000012   0.000146   0.001358  0.000E+00      XHe_cntr

        215   7.577375  1.689E+04   3.260342   3.260342   4.996597   4.039484   0.094657   0.000900   0.242800  -4.550933    879      2
 5.7556E+00   7.577375   0.697385 -24.405552   2.093743 -10.007311   0.957113   0.903985   0.000014   0.001400   0.041396      5
 9.3655E+07   1.559077   3.259674 -12.643260 -99.000000  -9.266176   0.000000   0.000012   0.000146   0.001358  0.000E+00      XHe_cntr

        216   7.581132  1.677E+04   3.266143   3.266143   4.996541   4.027041   0.084069   0.000900   0.242800  -4.551729    879      2
 5.7437E+00   7.581132   0.706575 -24.188397   2.099386  -9.997873   0.969500   0.914574   0.000014   0.001400   0.042141      5
 9.4209E+07   1.568634   3.265496 -12.166139 -99.000000  -9.280610   0.000000   0.000012   0.000146   0.001358  0.000E+00      XHe_cntr

        217   7.585464  1.665E+04   3.271972   3.271972   4.996486   4.026985   0.073038   0.000900   0.242800  -4.550927    886      2
 5.7333E+00   7.585464   0.715725 -23.939929   2.105063  -9.988360   0.969500   0.925604   0.000014   0.001400   0.042963      5
 9.4750E+07   1.579973   3.271356 -99.000000 -99.000000  -9.294993   0.000000   0.000013   0.000146   0.001358  0.000E+00      XHe_cntr

        218   7.590081  1.654E+04   3.277659   3.277659   4.996432   4.026932   0.062654   0.000900   0.242800  -4.548355    888      2
 5.7080E+00   7.590081   0.724336 -23.677146   2.110632  -9.978731   0.969500   0.935989   0.000014   0.001400   0.043780      5
 9.5260E+07   1.592291   3.277103 -12.342230 -99.000000  -9.308490   0.000000   0.000013   0.000146   0.001358  0.000E+00    lg_XH_cntr

        219   7.595078  1.644E+04   3.282953   3.282953   4.996383   4.026880   0.052774   0.000900   0.242800  -4.543553    886      2
 5.6615E+00   7.595078   0.731885 -23.392637   2.115825  -9.969093   0.969503   0.945868   0.000013   0.001400   0.044605      5
 9.5719E+07   1.605982   3.282489 -12.342230 -99.000000  -9.320247   0.000000   0.000013   0.000146   0.001358  0.000E+00    lg_XH_cntr


__________________________________________________________________________________________________________________________________________________

       step    lg_Tmax     Teff     lg_LH      lg_Lnuc_tot     Mass       H_rich     H_cntr     N_cntr     Y_surf   eta_cntr   zones  retry
  lg_dt_yrs    lg_Tcntr    lg_R     lg_L3a     lg_Lneu     lg_Mdot    He_core    He_cntr    O_cntr     Z_surf   gam_cntr   iters  
    age_yrs    lg_Dcntr    lg_L     lg_LZ      lg_Lphoto   lg_Dsurf   CO_core    C_cntr     Ne_cntr    Z_cntr   v_div_cs       dt_limit
__________________________________________________________________________________________________________________________________________________

        220   7.600347  1.638E+04   3.287714   3.287714   4.996339   4.026836   0.043930   0.000900   0.242800  -4.536522    889      2
 5.5987E+00   7.600347   0.737986 -23.098352   2.120509  -9.959781   0.969503   0.954712   0.000013   0.001400   0.045381      5
 9.6116E+07   1.620657   3.287392 -12.041200 -99.000000  -9.329611   0.000000   0.000013   0.000146   0.001358  0.000E+00    lg_XH_cntr

        221   7.605561  1.633E+04   3.291857   3.291857   4.996302   4.026799   0.036518   0.000900   0.242800  -4.527882    892      2
 5.5205E+00   7.605561   0.742512 -22.809778   2.124598  -9.950894   0.969503   0.962125   0.000013   0.001400   0.046061      5
 9.6447E+07   1.635377   3.291718 -99.000000 -99.000000  -9.336374   0.000000   0.000013   0.000146   0.001358  0.000E+00    lg_XH_cntr

        222   7.610823  1.631E+04   3.295424   3.295424   4.996271   4.026768   0.030207   0.000900   0.242800  -4.517597    897      2
 5.4382E+00   7.610823   0.745527 -22.520986   2.128126  -9.942594   0.969503   0.968435   0.000013   0.001400   0.046664      5
 9.6722E+07   1.650440   3.295541 -99.000000 -99.000000  -9.340618   0.000000   0.000014   0.000146   0.001357  0.000E+00    lg_XH_cntr

        223   7.616121  1.631E+04   3.298479   3.298479   4.996245   4.026741   0.024888   0.000900   0.242800  -4.505866    893      2
 5.3532E+00   7.616121   0.747160 -22.232685   2.131152  -9.934730   0.969503   0.973755   0.000013   0.001400   0.047191      5
 9.6947E+07   1.665778   3.298935 -99.000000 -99.000000  -9.342550   0.000000   0.000014   0.000146   0.001357  0.000E+00    lg_XH_cntr

        224   7.621409  1.633E+04   3.301063   3.301063   4.996223   4.026720   0.020464   0.000900   0.242800  -4.492952    900      2
 5.2638E+00   7.621409   0.747566 -21.947162   2.133717  -9.927193   0.969503   0.978179   0.000012   0.001400   0.047644      5
 9.7131E+07   1.681245   3.301962 -99.000000 -99.000000  -9.342424   0.000000   0.000014   0.000146   0.001357  0.000E+00    lg_XH_cntr

        225   7.626508  1.637E+04   3.303246   3.303246   4.996205   4.026702   0.016918   0.000900   0.242800  -4.479562    897      2
 5.1722E+00   7.626508   0.747047 -21.674081   2.135887  -9.919907   0.969503   0.981725   0.000012   0.001400   0.048017      5
 9.7279E+07   1.696264   3.304636 -99.000000 -99.000000  -9.340773   0.000000   0.000014   0.000146   0.001357  0.000E+00    lg_XH_cntr

        226   7.631681  1.642E+04   3.305011   3.305011   4.996190   4.026687   0.013922   0.000900   0.242800  -4.465051    907      2
 5.0830E+00   7.631681   0.745642 -21.398965   2.137644  -9.913005   0.969503   0.984721   0.000012   0.001400   0.048341      5
 9.7401E+07   1.711653   3.307123 -99.000000 -99.000000  -9.337618   0.000000   0.000014   0.000146   0.001357  0.000E+00    lg_XH_cntr

        227   7.636703  1.648E+04   3.306504   3.306504   4.996178   4.026675   0.011510   0.000899   0.242800  -4.450295    912      2
 4.9937E+00   7.636703   0.743626 -21.133903   2.139133  -9.906089   0.969503   0.987133   0.000012   0.001400   0.048609      5
 9.7499E+07   1.726670   3.309381 -99.000000 -99.000000  -9.333462   0.000000   0.000015   0.000146   0.001357  0.000E+00    lg_XH_cntr

        228   7.641780  1.655E+04   3.307594   3.307594   4.996168   4.026665   0.009482   0.000899   0.242800  -4.434632    912      2
 4.9044E+00   7.641780   0.741034 -20.867768   2.140221  -9.899415   0.969503   0.989161   0.000012   0.001400   0.048842      5
 9.7579E+07   1.742001   3.311561 -99.000000 -99.000000  -9.328328   0.000000   0.000015   0.000146   0.001357  0.000E+00    lg_XH_cntr

        229   7.646738  1.662E+04   3.308466   3.308466   4.996160   4.026656   0.007841   0.000899   0.242800  -4.418798    918      2
 4.8157E+00   7.646738   0.738073 -20.609601   2.141094  -9.892625   0.969503   0.990802   0.000012   0.001400   0.049037      5
 9.7645E+07   1.757061   3.313611 -12.643260 -99.000000  -9.322593   0.000000   0.000015   0.000146   0.001357  0.000E+00    lg_XH_cntr


__________________________________________________________________________________________________________________________________________________

       step    lg_Tmax     Teff     lg_LH      lg_Lnuc_tot     Mass       H_rich     H_cntr     N_cntr     Y_surf   eta_cntr   zones  retry
  lg_dt_yrs    lg_Tcntr    lg_R     lg_L3a     lg_Lneu     lg_Mdot    He_core    He_cntr    O_cntr     Z_surf   gam_cntr   iters  
    age_yrs    lg_Dcntr    lg_L     lg_LZ      lg_Lphoto   lg_Dsurf   CO_core    C_cntr     Ne_cntr    Z_cntr   v_div_cs       dt_limit
__________________________________________________________________________________________________________________________________________________

        230   7.651516  1.670E+04   3.309095   3.309095   4.996153   4.026649   0.006525   0.000899   0.242800  -4.403060    920      2
 4.7270E+00   7.651516   0.734918 -20.362466   2.141727  -9.885960   0.969503   0.992118   0.000012   0.001400   0.049199      5
 9.7698E+07   1.771669   3.315544 -99.000000 -99.000000  -9.316565   0.000000   0.000015   0.000146   0.001357  0.000E+00    lg_XH_cntr

        231   7.656441  1.679E+04   3.309156   3.309156   4.996147   4.026644   0.005389   0.000899   0.242800  -4.386159    923      2
 4.6441E+00   7.656441   0.731479 -20.109225   2.141793  -9.879484   0.969503   0.993254   0.000011   0.001400   0.049350      5
 9.7742E+07   1.786926   3.317591 -99.000000 -99.000000  -9.310023   0.000000   0.000015   0.000146   0.001357  0.000E+00    lg_XH_cntr

        232   7.661264  1.688E+04   3.309122   3.309122   4.996142   4.026639   0.004468   0.000899   0.242800  -4.369204    926      2
 4.5591E+00   7.661264   0.727916 -19.862811   2.141769  -9.872571   0.969503   0.994175   0.000011   0.001400   0.049479      5
 9.7778E+07   1.801959   3.319591 -12.166139 -99.000000  -9.303291   0.000000   0.000016   0.000146   0.001357  0.000E+00    lg_XH_cntr

        233   7.665846  1.696E+04   3.308953   3.308953   4.996138   4.026635   0.003737   0.000899   0.242800  -4.352738    934      2
 4.4724E+00   7.665846   0.724403 -19.630169   2.141611  -9.865710   0.969503   0.994906   0.000011   0.001400   0.049589      5
 9.7808E+07   1.816333   3.321488 -12.342230 -99.000000  -9.296687   0.000000   0.000016   0.000146   0.001357  0.000E+00    lg_XH_cntr

        234   7.670583  1.705E+04   3.307791   3.307791   4.996134   4.026631   0.003098   0.000898   0.242800  -4.334929    935      2
 4.3934E+00   7.670583   0.720847 -19.390786   2.140463  -9.859131   0.969503   0.995545   0.000011   0.001400   0.049700      5
 9.7833E+07   1.831484   3.323601 -12.643260 -99.000000  -9.289964   0.000000   0.000016   0.000146   0.001357  0.000E+00    lg_XH_cntr

        235   7.675146  1.714E+04   3.306886   3.306886   4.996132   4.026628   0.002587   0.000898   0.242800  -4.317475    937      2
 4.3126E+00   7.675146   0.717359 -19.161554   2.139577  -9.851993   0.969503   0.996056   0.000011   0.001400   0.049799      5
 9.7853E+07   1.846163   3.325668 -11.865109 -99.000000  -9.283383   0.000000   0.000016   0.000146   0.001357  0.000E+00    lg_XH_cntr

        236   7.679749  1.723E+04   3.304835   3.304835   4.996129   4.026626   0.002150   0.000898   0.242800  -4.299083    937      2
 4.2312E+00   7.679749   0.713970 -18.931361   2.137546  -9.845004   0.969503   0.996494   0.000011   0.001400   0.049900      5
 9.7870E+07   1.861277   3.327888 -99.000000 -99.000000  -9.276944   0.000000   0.000016   0.000146   0.001357  0.000E+00    lg_XH_cntr

        237   7.684343  1.732E+04   3.302299   3.302299   4.996127   4.026624   0.001784   0.000898   0.242800  -4.280075    944      2
 4.1513E+00   7.684343   0.710700 -18.702756   2.135036  -9.837691   0.969503   0.996860   0.000011   0.001400   0.050004      5
 9.7885E+07   1.876611   3.330235 -12.041200 -99.000000  -9.270689   0.000000   0.000017   0.000146   0.001357  0.000E+00    lg_XH_cntr

        238   7.688841  1.741E+04   3.299232   3.299232   4.996125   4.026622   0.001483   0.000898   0.242800  -4.260811    945      2
 4.0674E+00   7.688841   0.707619 -18.479916   2.131999  -9.830128   0.969503   0.997161   0.000011   0.001400   0.050108      5
 9.7896E+07   1.891883   3.332636 -99.000000 -99.000000  -9.264756   0.000000   0.000017   0.000146   0.001357  0.000E+00    lg_XH_cntr

        239   7.693270  1.749E+04   3.295190   3.295190   4.996124   4.026621   0.001232   0.000898   0.242800  -4.241041    948      2
 3.9846E+00   7.693270   0.704749 -18.261401   2.127992  -9.822531   0.969503   0.997412   0.000011   0.001400   0.050218      5
 9.7906E+07   1.907247   3.335104 -99.000000 -99.000000  -9.259176   0.000000   0.000017   0.000146   0.001357  0.000E+00    lg_XH_cntr


__________________________________________________________________________________________________________________________________________________

       step    lg_Tmax     Teff     lg_LH      lg_Lnuc_tot     Mass       H_rich     H_cntr     N_cntr     Y_surf   eta_cntr   zones  retry
  lg_dt_yrs    lg_Tcntr    lg_R     lg_L3a     lg_Lneu     lg_Mdot    He_core    He_cntr    O_cntr     Z_surf   gam_cntr   iters  
    age_yrs    lg_Dcntr    lg_L     lg_LZ      lg_Lphoto   lg_Dsurf   CO_core    C_cntr     Ne_cntr    Z_cntr   v_div_cs       dt_limit
__________________________________________________________________________________________________________________________________________________

        240   7.697498  1.757E+04   3.291212   3.291212   4.996123   4.026619   0.001030   0.000897   0.242800  -4.221605    953      2
 3.9021E+00   7.697498   0.702119 -18.053717   2.124054  -9.814880   0.969503   0.997613   0.000011   0.001400   0.050328      5
 9.7914E+07   1.922140   3.337535 -12.166139 -99.000000  -9.254025   0.000000   0.000017   0.000146   0.001357  0.000E+00    lg_XH_cntr

        241   7.701562  1.764E+04   3.286431   3.286431   4.996122   4.026618   0.000864   0.000897   0.242800  -4.202195    958      2
 3.8233E+00   7.701562   0.699719 -17.854782   2.119316  -9.807450   0.969503   0.997779   0.000011   0.001400   0.050442      5
 9.7921E+07   1.936758   3.339925 -99.000000 -99.000000  -9.249287   0.000000   0.000017   0.000146   0.001357  0.000E+00    lg_XH_cntr

        242   7.705584  1.771E+04   3.279761   3.279761   4.996121   4.026618   0.000722   0.000897   0.242800  -4.181951    966      2
 3.7497E+00   7.705584   0.697527 -17.658339   2.112696  -9.800245   0.969503   0.997922   0.000011   0.001400   0.050569      5
 9.7926E+07   1.951664   3.342344 -99.000000 -99.000000  -9.244902   0.000000   0.000017   0.000146   0.001357  0.000E+00    lg_XH_cntr

        243   7.709464  1.777E+04   3.272860   3.272860   4.996120   4.026617   0.000604   0.000897   0.242800  -4.161601    965      2
 3.6736E+00   7.709464   0.695560 -17.469407   2.105853  -9.793079   0.969503   0.998039   0.000011   0.001400   0.050703      5
 9.7931E+07   1.966386   3.344716 -12.342230 -99.000000  -9.240921   0.000000   0.000018   0.000146   0.001357  0.000E+00    lg_XH_cntr

        244   7.713146  1.783E+04   3.265582   3.265582   4.996119   4.026616   0.000509   0.000897   0.242800  -4.141484    967      2
 3.5970E+00   7.713146   0.693818 -17.290511   2.098638  -9.786149   0.969503   0.998135   0.000011   0.001400   0.050842      3
 9.7935E+07   1.980700   3.346993 -12.643260 -99.000000  -9.237354   0.000000   0.000018   0.000146   0.001356  0.000E+00    lg_XH_cntr

        245   7.716687  1.789E+04   3.256792   3.256792   4.996119   4.026616   0.000427   0.000897   0.242800  -4.121154    971      2
 3.5252E+00   7.716687   0.692270 -17.118703   2.089917  -9.779576   0.969503   0.998216   0.000011   0.001400   0.050991      3
 9.7938E+07   1.994885   3.349193 -99.000000 -99.000000  -9.234142   0.000000   0.000018   0.000146   0.001356  0.000E+00    lg_XH_cntr

        246   7.720036  1.793E+04   3.248243   3.248243   4.996118   4.026615   0.000361   0.000896   0.242800  -4.101103    970      2
 3.4543E+00   7.720036   0.690904 -16.956524   2.081443  -9.773297   0.969503   0.998283   0.000011   0.001400   0.051145      3
 9.7941E+07   2.008650   3.351270 -12.166139 -99.000000  -9.231277   0.000000   0.000018   0.000146   0.001356  0.000E+00    lg_XH_cntr

        247   7.723219  1.798E+04   3.238181   3.238181   4.996118   4.026615   0.000304   0.000896   0.242800  -4.081037    974      2
 3.3856E+00   7.723219   0.689700 -16.802408   2.071462  -9.767423   0.969503   0.998339   0.000011   0.001400   0.051308      3
 9.7943E+07   2.022166   3.353230 -99.000000 -99.000000  -9.228721   0.000000   0.000018   0.000146   0.001356  0.000E+00    lg_XH_cntr

        248   7.726217  1.802E+04   3.228265   3.228265   4.996118   4.026614   0.000258   0.000896   0.242800  -4.061227    977      2
 3.3189E+00   7.726217   0.688642 -16.657297   2.061634  -9.761922   0.969503   0.998386   0.000011   0.001400   0.051477      3
 9.7946E+07   2.035286   3.355055 -99.000000 -99.000000  -9.226451   0.000000   0.000018   0.000146   0.001356  0.000E+00    lg_XH_cntr

        249   7.729042  1.806E+04   3.216951   3.216951   4.996117   4.026614   0.000218   0.000896   0.242800  -4.041513    977      2
 3.2531E+00   7.729042   0.687715 -16.520469   2.050413  -9.756833   0.969503   0.998426   0.000010   0.001400   0.051653      3
 9.7947E+07   2.048099   3.356751 -99.000000 -99.000000  -9.224440   0.000000   0.000019   0.000146   0.001356  0.000E+00    lg_XH_cntr


__________________________________________________________________________________________________________________________________________________

       step    lg_Tmax     Teff     lg_LH      lg_Lnuc_tot     Mass       H_rich     H_cntr     N_cntr     Y_surf   eta_cntr   zones  retry
  lg_dt_yrs    lg_Tcntr    lg_R     lg_L3a     lg_Lneu     lg_Mdot    He_core    He_cntr    O_cntr     Z_surf   gam_cntr   iters  
    age_yrs    lg_Dcntr    lg_L     lg_LZ      lg_Lphoto   lg_Dsurf   CO_core    C_cntr     Ne_cntr    Z_cntr   v_div_cs       dt_limit
__________________________________________________________________________________________________________________________________________________

        250   7.731670  1.809E+04   3.206168   3.206168   4.996117   4.026614   0.000185   0.000896   0.242800  -4.022218    981      2
 3.1879E+00   7.731670   0.686907 -16.393071   2.039730  -9.752137   0.969503   0.998459   0.000010   0.001400   0.051834      3
 9.7949E+07   2.060428   3.358302 -99.000000 -99.000000  -9.222670   0.000000   0.000019   0.000146   0.001356  0.000E+00    lg_XH_cntr

save LOGS/profile6.data for model 250
save photos/x250 for model 250
        251   7.734096  1.812E+04   3.195648   3.195648   4.996117   4.026614   0.000157   0.000896   0.242800  -4.003462    976      2
 3.1236E+00   7.734096   0.686204 -16.275310   2.029312  -9.747861   0.969503   0.998487   0.000010   0.001400   0.052017      3
 9.7950E+07   2.072214   3.359706 -99.000000 -99.000000  -9.221118   0.000000   0.000019   0.000146   0.001356  0.000E+00    lg_XH_cntr

        252   7.736330  1.815E+04   3.185783   3.185783   4.996116   4.026613   0.000134   0.000896   0.242800  -3.985243    979      2
 3.0637E+00   7.736330   0.685589 -16.166608   2.019550  -9.744005   0.969503   0.998510   0.000010   0.001400   0.052202      3
 9.7951E+07   2.083476   3.360977 -12.166139 -99.000000  -9.219751   0.000000   0.000019   0.000146   0.001356  0.000E+00    lg_XH_cntr

        253   7.738397  1.817E+04   3.175733   3.175733   4.996116   4.026613   0.000114   0.000895   0.242800  -3.967448    974      2
 3.0068E+00   7.738397   0.685049 -16.065780   2.009604  -9.740528   0.969503   0.998530   0.000010   0.001400   0.052390      3
 9.7952E+07   2.094298   3.362126 -12.342230 -99.000000  -9.218543   0.000000   0.000019   0.000146   0.001356  0.000E+00    lg_XH_cntr

        254   7.740284  1.819E+04   3.166589   3.166589   4.996116   4.026613   0.000097   0.000895   0.242800  -3.950219    977      2
 2.9503E+00   7.740284   0.684576 -15.973365   2.000565  -9.737394   0.969503   0.998546   0.000010   0.001400   0.052580      3
 9.7953E+07   2.104602   3.363155 -99.000000 -99.000000  -9.217481   0.000000   0.000019   0.000146   0.001356  0.000E+00    lg_XH_cntr

        255   7.741997  1.821E+04   3.158313   3.158313   4.996116   4.026613   0.000083   0.000895   0.242800  -3.933635    976      2
 2.8940E+00   7.741997   0.684163 -15.889138   1.992390  -9.734591   0.969503   0.998560   0.000010   0.001400   0.052768      3
 9.7954E+07   2.114361   3.364070 -99.000000 -99.000000  -9.216549   0.000000   0.000019   0.000146   0.001356  0.000E+00    lg_XH_cntr

        256   7.743545  1.822E+04   3.151521   3.151521   4.996116   4.026613   0.000072   0.000895   0.242800  -3.917750    978      2
 2.8403E+00   7.743545   0.683801 -15.812610   1.985696  -9.732104   0.969503   0.998572   0.000010   0.001400   0.052955      3
 9.7955E+07   2.123567   3.364881 -11.944290 -99.000000  -9.215731   0.000000   0.000019   0.000146   0.001356  0.000E+00    lg_XH_cntr

        257   7.744944  1.824E+04   3.145498   3.145498   4.996116   4.026613   0.000061   0.000895   0.242800  -3.902464    976      2
 2.7899E+00   7.744944   0.683482 -15.743045   1.979764  -9.729900   0.969503   0.998582   0.000010   0.001400   0.053140      3
 9.7955E+07   2.132287   3.365601 -12.041200 -99.000000  -9.215010   0.000000   0.000019   0.000146   0.001356  0.000E+00    lg_XH_cntr

        258   7.746204  1.825E+04   3.140683   3.140683   4.996116   4.026612   0.000053   0.000895   0.242800  -3.887817    978      2
 2.7409E+00   7.746204   0.683201 -15.679965   1.975035  -9.727946   0.969503   0.998591   0.000010   0.001400   0.053323      3
 9.7956E+07   2.140520   3.366238 -12.166139 -99.000000  -9.214373   0.000000   0.000019   0.000146   0.001356  0.000E+00    lg_XH_cntr

        259   7.747328  1.826E+04   3.137227   3.137227   4.996116   4.026612   0.000045   0.000895   0.242800  -3.873857    976      2
 2.6917E+00   7.747328   0.682953 -15.623277   1.971656  -9.726218   0.969503   0.998598   0.000010   0.001400   0.053503      3
 9.7956E+07   2.148248   3.366796 -12.643260 -99.000000  -9.213813   0.000000   0.000019   0.000146   0.001356  0.000E+00    lg_XH_cntr


__________________________________________________________________________________________________________________________________________________

       step    lg_Tmax     Teff     lg_LH      lg_Lnuc_tot     Mass       H_rich     H_cntr     N_cntr     Y_surf   eta_cntr   zones  retry
  lg_dt_yrs    lg_Tcntr    lg_R     lg_L3a     lg_Lneu     lg_Mdot    He_core    He_cntr    O_cntr     Z_surf   gam_cntr   iters  
    age_yrs    lg_Dcntr    lg_L     lg_LZ      lg_Lphoto   lg_Dsurf   CO_core    C_cntr     Ne_cntr    Z_cntr   v_div_cs       dt_limit
__________________________________________________________________________________________________________________________________________________

        260   7.748327  1.827E+04   3.135296   3.135296   4.996115   4.026612   0.000039   0.000895   0.242800  -3.860589    976      2
 2.6452E+00   7.748327   0.682734 -15.572343   1.969792  -9.724701   0.969503   0.998605   0.000010   0.001400   0.053678      3
 9.7957E+07   2.155487   3.367286 -12.643260 -99.000000  -9.213319   0.000000   0.000020   0.000146   0.001356  0.000E+00    lg_XH_cntr

        261   7.749221  1.828E+04   3.134117   3.134117   4.996115   4.026612   0.000034   0.000895   0.242800  -3.847876    980      2
 2.6029E+00   7.749221   0.682539 -15.526418   1.968673  -9.723370   0.969503   0.998610   0.000010   0.001400   0.053850      3
 9.7957E+07   2.162327   3.367718 -99.000000 -99.000000  -9.212880   0.000000   0.000020   0.000146   0.001356  0.000E+00    lg_XH_cntr

        262   7.750016  1.829E+04   3.134142   3.134142   4.996115   4.026612   0.000029   0.000895   0.242800  -3.835746    975      2
 2.5610E+00   7.750016   0.682364 -15.485120   1.968751  -9.722195   0.969503   0.998615   0.000010   0.001400   0.054019      3
 9.7958E+07   2.168765   3.368097 -12.342230 -99.000000  -9.212490   0.000000   0.000020   0.000146   0.001356  0.000E+00    lg_XH_cntr

        263   7.750715  1.829E+04   3.134789   3.134789   4.996115   4.026612   0.000025   0.000895   0.242800  -3.824205    975      2
 2.5189E+00   7.750715   0.682209 -15.448343   1.969441  -9.721163   0.969503   0.998619   0.000010   0.001400   0.054183      3
 9.7958E+07   2.174801   3.368428 -99.000000 -99.000000  -9.212144   0.000000   0.000020   0.000146   0.001356  0.000E+00    lg_XH_cntr

        264   7.751328  1.830E+04   3.136448   3.136448   4.996115   4.026612   0.000022   0.000895   0.242800  -3.813286    973      2
 2.4764E+00   7.751328   0.682071 -15.415607   1.971137  -9.720261   0.969503   0.998622   0.000010   0.001400   0.054341      3
 9.7958E+07   2.180440   3.368715 -11.865109 -99.000000  -9.211839   0.000000   0.000020   0.000146   0.001356  0.000E+00    lg_XH_cntr

        265   7.751851  1.831E+04   3.138763   3.138763   4.996115   4.026612   0.000019   0.000895   0.242800  -3.802987    973      2
 2.4346E+00   7.751851   0.681948 -15.386642   1.973481  -9.719475   0.969503   0.998625   0.000010   0.001400   0.054495      3
 9.7958E+07   2.185673   3.368964 -11.865109 -99.000000  -9.211568   0.000000   0.000020   0.000146   0.001356  0.000E+00    lg_XH_cntr

        266   7.752313  1.831E+04   3.141584   3.141584   4.996115   4.026612   0.000016   0.000894   0.242800  -3.793209    972      2
 2.3959E+00   7.752313   0.681838 -15.361110   1.976325  -9.718792   0.969503   0.998628   0.000010   0.001400   0.054643      3
 9.7959E+07   2.190589   3.369181 -12.643260 -99.000000  -9.211327   0.000000   0.000020   0.000146   0.001356  0.000E+00    lg_XH_cntr

        267   7.752713  1.831E+04   3.144907   3.144907   4.996115   4.026612   0.000014   0.000894   0.242800  -3.783974    969      2
 2.3564E+00   7.752713   0.681740 -15.338515   1.979666  -9.718197   0.969503   0.998630   0.000010   0.001400   0.054786      3
 9.7959E+07   2.195177   3.369368 -99.000000 -99.000000  -9.211114   0.000000   0.000020   0.000146   0.001356  0.000E+00    lg_XH_cntr

        268   7.753052  1.832E+04   3.148506   3.148506   4.996115   4.026612   0.000012   0.000894   0.242800  -3.775261    968      2
 2.3176E+00   7.753052   0.681651 -15.318846   1.983277  -9.717681   0.969503   0.998632   0.000010   0.001400   0.054923      3
 9.7959E+07   2.199447   3.369529 -12.643260 -99.000000  -9.210924   0.000000   0.000020   0.000146   0.001356  0.000E+00    lg_XH_cntr

        269   7.753341  1.832E+04   3.152360   3.152360   4.996115   4.026612   0.000011   0.000894   0.242800  -3.767059    966      2
 2.2789E+00   7.753341   0.681572 -15.301649   1.987140  -9.717233   0.969503   0.998633   0.000010   0.001400   0.055054      3
 9.7959E+07   2.203419   3.369668 -99.000000 -99.000000  -9.210755   0.000000   0.000020   0.000146   0.001356  0.000E+00    lg_XH_cntr


__________________________________________________________________________________________________________________________________________________

       step    lg_Tmax     Teff     lg_LH      lg_Lnuc_tot     Mass       H_rich     H_cntr     N_cntr     Y_surf   eta_cntr   zones  retry
  lg_dt_yrs    lg_Tcntr    lg_R     lg_L3a     lg_Lneu     lg_Mdot    He_core    He_cntr    O_cntr     Z_surf   gam_cntr   iters  
    age_yrs    lg_Dcntr    lg_L     lg_LZ      lg_Lphoto   lg_Dsurf   CO_core    C_cntr     Ne_cntr    Z_cntr   v_div_cs       dt_limit
__________________________________________________________________________________________________________________________________________________

        270   7.753578  1.832E+04   3.156298   3.156298   4.996115   4.026612   0.000009   0.000894   0.242800  -3.759365    974      2
 2.2397E+00   7.753578   0.681501 -15.286923   1.991083  -9.716847   0.969503   0.998635   0.000010   0.001400   0.055180      3
 9.7960E+07   2.207095   3.369789 -99.000000 -99.000000  -9.210604   0.000000   0.000020   0.000146   0.001356  0.000E+00    lg_XH_cntr

        271   7.753786  1.833E+04   3.160474   3.160474   4.996115   4.026612   0.000008   0.000894   0.242800  -3.752131    965      2
 2.2021E+00   7.753786   0.681437 -15.273719   1.995263  -9.716509   0.969503   0.998636   0.000010   0.001400   0.055299      3
 9.7960E+07   2.210527   3.369891 -99.000000 -99.000000  -9.210470   0.000000   0.000020   0.000146   0.001356  0.000E+00    lg_XH_cntr

        272   7.753954  1.833E+04   3.164603   3.164603   4.996115   4.026612   0.000007   0.000894   0.242800  -3.745325    966      2
 2.1661E+00   7.753954   0.681380 -15.262428   1.999392  -9.716223   0.969503   0.998637   0.000010   0.001400   0.055413      3
 9.7960E+07   2.213715   3.369979 -12.041200 -99.000000  -9.210350   0.000000   0.000020   0.000146   0.001356  0.000E+00    lg_XH_cntr

        273   7.754091  1.833E+04   3.168744   3.168744   4.996115   4.026612   0.000006   0.000894   0.242800  -3.738907    963      2
 2.1314E+00   7.754091   0.681328 -15.252640   2.003532  -9.715973   0.969503   0.998638   0.000010   0.001400   0.055522      3
 9.7960E+07   2.216688   3.370054 -12.342230 -99.000000  -9.210243   0.000000   0.000020   0.000146   0.001356  0.000E+00    lg_XH_cntr

        274   7.754198  1.833E+04   3.172775   3.172775   4.996115   4.026612   0.000005   0.000894   0.242800  -3.732880    966      2
 2.0959E+00   7.754198   0.681280 -15.244335   2.007560  -9.715759   0.969503   0.998639   0.000010   0.001400   0.055626      3
 9.7960E+07   2.219446   3.370119 -11.865109 -99.000000  -9.210147   0.000000   0.000020   0.000146   0.001356  0.000E+00    lg_XH_cntr

        275   7.754282  1.833E+04   3.176739   3.176739   4.996115   4.026612   0.000005   0.000894   0.242800  -3.727230    966      2
 2.0600E+00   7.754282   0.681238 -15.237152   2.011520  -9.715573   0.969503   0.998639   0.000010   0.001400   0.055725      3
 9.7960E+07   2.222008   3.370174 -99.000000 -99.000000  -9.210060   0.000000   0.000020   0.000146   0.001356  0.000E+00    lg_XH_cntr

        276   7.754362  1.834E+04   3.180590   3.180590   4.996115   4.026612   0.000004   0.000894   0.242800  -3.721909    963      2
 2.0260E+00   7.754362   0.681199 -15.230444   2.015367  -9.715414   0.969503   0.998640   0.000010   0.001400   0.055818      3
 9.7960E+07   2.224421   3.370222 -12.041200 -99.000000  -9.209982   0.000000   0.000020   0.000146   0.001356  0.000E+00    lg_XH_cntr

        277   7.754410  1.834E+04   3.184280   3.184280   4.996115   4.026612   0.000003   0.000894   0.242800  -3.716919    962      2
 1.9919E+00   7.754410   0.681163 -15.225089   2.019051  -9.715276   0.969503   0.998641   0.000010   0.001400   0.055907      3
 9.7960E+07   2.226643   3.370262 -99.000000 -99.000000  -9.209912   0.000000   0.000020   0.000146   0.001356  0.000E+00    lg_XH_cntr

        278   7.754459  1.834E+04   3.187817   3.187817   4.996115   4.026612   0.000003   0.000894   0.242800  -3.712230    960      2
 1.9579E+00   7.754459   0.681131 -15.220207   2.022583  -9.715158   0.969503   0.998641   0.000010   0.001400   0.055991      3
 9.7961E+07   2.228736   3.370296 -11.944290 -99.000000  -9.209849   0.000000   0.000020   0.000146   0.001356  0.000E+00    lg_XH_cntr

        279   7.754478  1.834E+04   3.191172   3.191172   4.996115   4.026612   0.000003   0.000894   0.242800  -3.707844    960      2
 1.9239E+00   7.754478   0.681102 -15.216252   2.025933  -9.715056   0.969503   0.998641   0.000010   0.001400   0.056071      3
 9.7961E+07   2.230654   3.370325 -12.041200 -99.000000  -9.209792   0.000000   0.000021   0.000146   0.001356  0.000E+00    lg_XH_cntr


__________________________________________________________________________________________________________________________________________________

       step    lg_Tmax     Teff     lg_LH      lg_Lnuc_tot     Mass       H_rich     H_cntr     N_cntr     Y_surf   eta_cntr   zones  retry
  lg_dt_yrs    lg_Tcntr    lg_R     lg_L3a     lg_Lneu     lg_Mdot    He_core    He_cntr    O_cntr     Z_surf   gam_cntr   iters  
    age_yrs    lg_Dcntr    lg_L     lg_LZ      lg_Lphoto   lg_Dsurf   CO_core    C_cntr     Ne_cntr    Z_cntr   v_div_cs       dt_limit
__________________________________________________________________________________________________________________________________________________

        280   7.754486  1.834E+04   3.194353   3.194353   4.996115   4.026612   0.000002   0.000894   0.242800  -3.703728    960      2
 1.8907E+00   7.754486   0.681075 -15.212817   2.029109  -9.714969   0.969503   0.998642   0.000010   0.001400   0.056147      3
 9.7961E+07   2.232439   3.370349 -99.000000 -99.000000  -9.209740   0.000000   0.000021   0.000146   0.001356  0.000E+00    lg_XH_cntr

        281   7.754504  1.834E+04   3.197377   3.197377   4.996115   4.026612   0.000002   0.000894   0.242800  -3.699851    958      2
 1.8588E+00   7.754504   0.681050 -15.209696   2.032127  -9.714894   0.969503   0.998642   0.000010   0.001400   0.056218      3
 9.7961E+07   2.234136   3.370370 -11.944290 -99.000000  -9.209693   0.000000   0.000021   0.000146   0.001356  0.000E+00    lg_XH_cntr

        282   7.754496  1.834E+04   3.200218   3.200218   4.996115   4.026612   0.000002   0.000894   0.242800  -3.696226    959      2
 1.8260E+00   7.754496   0.681028 -15.207063   2.034962  -9.714829   0.969503   0.998642   0.000010   0.001400   0.056286      3
 9.7961E+07   2.235685   3.370388 -99.000000 -99.000000  -9.209651   0.000000   0.000021   0.000146   0.001356  0.000E+00    lg_XH_cntr

        283   7.754494  1.834E+04   3.202907   3.202907   4.996115   4.026612   0.000001   0.000894   0.242800  -3.692804    957      2
 1.7958E+00   7.754494   0.681007 -15.204829   2.037646  -9.714774   0.969503   0.998643   0.000010   0.001400   0.056350      2
 9.7961E+07   2.237155   3.370402 -11.865109 -99.000000  -9.209612   0.000000   0.000021   0.000146   0.001356  0.000E+00    lg_XH_cntr

        284   7.754531  1.834E+04   3.205449   3.205449   4.996115   4.026611   0.000001   0.000894   0.242800  -3.689565    955      2
 1.7648E+00   7.754531   0.680988 -15.203522   2.040183  -9.714726   0.969503   0.998643   0.000010   0.001400   0.056408      2
 9.7961E+07   2.238607   3.370415 -99.000000 -99.000000  -9.209576   0.000000   0.000021   0.000146   0.001356  0.000E+00    lg_XH_cntr

        285   7.754510  1.834E+04   3.207808   3.207808   4.996115   4.026611   0.000001   0.000894   0.242800  -3.686577    955      2
 1.7309E+00   7.754510   0.680971 -15.201665   2.042537  -9.714685   0.969503   0.998643   0.000010   0.001400   0.056465      2
 9.7961E+07   2.239861   3.370425 -99.000000 -99.000000  -9.209544   0.000000   0.000021   0.000146   0.001356  0.000E+00    lg_XH_cntr

        286   7.754486  1.834E+04   3.210047   3.210047   4.996115   4.026611   0.000001   0.000894   0.242800  -3.683747    955      2
 1.7051E+00   7.754486   0.680954 -15.199973   2.044771  -9.714650   0.969503   0.998643   0.000010   0.001400   0.056519      2
 9.7961E+07   2.241043   3.370434 -12.166139 -99.000000  -9.209514   0.000000   0.000021   0.000146   0.001356  0.000E+00    lg_XH_cntr


stop because have dropped below central lower limit for h1
    0.8964535710E-06    0.1000000000E-05

        287   7.754460  1.834E+04   3.212225   3.212225   4.996115   4.026611   0.000001   0.000894   0.242800  -3.680999    955      2
 1.6907E+00   7.754460   0.680939 -15.198385   2.046944  -9.714620   0.969503   0.998643   0.000010   0.001400   0.056572      2
 9.7961E+07   2.242188   3.370441 -99.000000 -99.000000  -9.209485   0.000000   0.000021   0.000146   0.001356  0.000E+00    lg_XH_cntr

save LOGS/profile7.data for model 287
                                         solver retries           2

                                    varcontrol dt limit          49
                                  max increase dt limit         198
                                        lgTeff dt limit          33
                                    lgRho_cntr dt limit          24
                                    lg_XH_cntr dt limit          70
                                      XHe_cntr dt limit          57

 model saved to M5_Z0.0014_exponential_fov0.03_f00.001.mod
save photos/x287 for model 287
termination code: xa_central_lower_limit
finished custom colors
__________________________________________________________________________________________________________________________________________________

       step    lg_Tmax     Teff     lg_LH      lg_Lnuc_tot     Mass       H_rich     H_cntr     N_cntr     Y_surf   eta_cntr   zones  retry
  lg_dt_yrs    lg_Tcntr    lg_R     lg_L3a     lg_Lneu     lg_Mdot    He_core    He_cntr    O_cntr     Z_surf   gam_cntr   iters  
    age_yrs    lg_Dcntr    lg_L     lg_LZ      lg_Lphoto   lg_Dsurf   CO_core    C_cntr     Ne_cntr    Z_cntr   v_div_cs       dt_limit
__________________________________________________________________________________________________________________________________________________

        287   7.754460  1.834E+04   3.212225   3.212225   4.996115   4.026611   0.000001   0.000894   0.242800  -3.680999    955      2
 1.6907E+00   7.754460   0.680939 -15.198385   2.046944  -9.714620   0.969503   0.998643   0.000010   0.001400   0.056572      2
 9.7961E+07   2.242188   3.370441 -99.000000 -99.000000  -9.209485   0.000000   0.000021   0.000146   0.001356  0.000E+00  max increase

