                                       1                                        2                                        3                                        4                                        5                                        6                                        7                                        8                                        9                                       10                                       11                                       12                                       13                                       14                                       15                                       16                                       17                                       18                                       19                                       20                                       21                                       22                                       23                                       24                                       25                                       26                                       27                                       28                                       29                                       30                                       31                                       32                                       33                                       34                                       35                                       36                                       37                                       38                                       39                                       40                                       41                                       42                                       43                                       44                                       45                                       46                                       47                                       48                                       49 
                            model_number                                num_zones                             initial_mass                                initial_z                                 star_age                                time_step                                     Teff                            photosphere_L                            photosphere_r                               center_eta                                center_h1                               center_he3                               center_he4                               center_c12                               center_n14                               center_o16                              center_ne20                                star_mass                                star_mdot                             star_mass_h1                            star_mass_he3                            star_mass_he4                            star_mass_c12                            star_mass_n14                            star_mass_o16                           star_mass_ne20                             he_core_mass                             co_core_mass                             fe_core_mass                   neutron_rich_core_mass                             dynamic_time                             kh_timescale                            nuc_timescale                           power_nuc_burn                             power_h_burn                            power_he_burn                                power_neu                                burn_min1                                burn_min2                             time_seconds                           version_number                                 compiler                                    build                         MESA_SDK_version                             math_backend                                     date                                     msun                                     rsun                                     lsun 
                                     281                                     1006                  2.0000000000000000E+000                  1.4000000000000000E-003                  6.2008406616557276E+008                  1.3333436929527423E+005                  1.1283881443152113E+004                  5.6185381991767258E+001                  1.9613170369016930E+000                 -7.2290746971560549E-001                  9.5401280127714775E-007                  1.2811356512922526E-019                  9.9864045227697562E-001                  9.4684339850113763E-006                  9.0146595659848527E-004                  1.6302081920508311E-005                  1.4595170967122843E-004                  1.9999625755335158E+000                 -1.0220514879341493E-013                  1.2930039767052706E+000                  4.0514428658369349E-004                  7.0374025339670476E-001                  2.3059804925645828E-004                  6.3656927573065307E-004                  1.0833354878475284E-003                  2.9189795717762319E-004                  1.7692768769136116E-001                  0.0000000000000000E+000                  0.0000000000000000E+000                  0.0000000000000000E+000                  1.9438727117679151E+004                  8.5477833763077413E+005                  3.5595781404966986E+008                  5.6295886902699529E+001                  5.6295886902699522E+001                  1.2245100582257142E-028                  3.8457555958006875E+000                  5.0000000000000000E+001                  1.0000000000000000E+003                  1.9568364926426680E+016                                "6494df2"                               "gfortran"                                 "13.3.0"                    "x86_64-linux-24.7.1"                                 "CRMATH"                               "20250702"                  1.9884098706980504E+033                  6.9570000000000000E+010                  3.8280000000000003E+033 

                                       1                                        2                                        3                                        4                                        5                                        6                                        7                                        8                                        9                                       10                                       11                                       12                                       13                                       14                                       15                                       16 
                                    zone                                     mass                                     logR                                     logT                                   logRho                                     logP                        x_mass_fraction_H                       y_mass_fraction_He                   z_mass_fraction_metals                                       pp                                      cno                                tri_alpha                              mixing_type                                log_D_mix                               log_D_conv                                log_D_ovr 
                                       1                  1.9999625755335158E+000                  2.9254780083154436E-001                  4.0541682604632650E+000                 -9.2980623428650766E+000                  2.8777007651885396E+000                  7.5579999999986514E-001                  2.4280000000013482E-001                  1.4000000000000679E-003                  8.6060139061938478E-029                  0.0000000000000000E+000                  0.0000000000000000E+000                                        0                 -9.8999999999999986E+001                 -9.9000000000000000E+001                 -9.9000000000000000E+001 
                                       2                  1.9999625755331407E+000                  2.9252765029314615E-001                  4.0570010688565645E+000                 -9.2798506916978187E+000                  2.8989664869971414E+000                  7.5579999999986514E-001                  2.4280000000013485E-001                  1.4000000000000679E-003                  8.9745793237205797E-029                  0.0000000000000000E+000                  0.0000000000000000E+000                                        0                 -9.8999999999999986E+001                 -9.9000000000000000E+001                 -9.9000000000000000E+001 
                                       3                  1.9999625755328907E+000                  2.9251476680994792E-001                  4.0592497437355375E+000                 -9.2660104833655179E+000                  2.9152616650673417E+000                  7.5579999999986514E-001                  2.4280000000013482E-001                  1.4000000000000679E-003                  9.2651962560975906E-029                  0.0000000000000000E+000                  0.0000000000000000E+000                                        0                 -9.8999999999999986E+001                 -9.9000000000000000E+001                 -9.9000000000000000E+001 
                                       4                  1.9999625755326409E+000                  2.9250228633442044E-001                  4.0609229746456554E+000                 -9.2560158489869622E+000                  2.9270952936161887E+000                  7.5579999999986514E-001                  2.4280000000013482E-001                  1.4000000000000679E-003                  9.4808982867304615E-029                  0.0000000000000000E+000                  0.0000000000000000E+000                                        0                 -9.8999999999999986E+001                 -9.9000000000000000E+001                 -9.9000000000000000E+001 
                                       5                  1.9999625755325157E+000                  2.9249618767512581E-001                  4.0625860703607826E+000                 -9.2463324466398831E+000                  2.9386156532124126E+000                  7.5579999999986514E-001                  2.4280000000013482E-001                  1.4000000000000679E-003                  9.6946718870352986E-029                  0.0000000000000000E+000                  0.0000000000000000E+000                                        0                 -9.8999999999999986E+001                 -9.9000000000000000E+001                 -9.9000000000000000E+001 
                                       6                  1.9999625755322656E+000                  2.9248425856613069E-001                  4.0653286762456178E+000                 -9.2308248345784669E+000                  2.9571641115114140E+000                  7.5579999999986514E-001                  2.4280000000013480E-001                  1.4000000000000679E-003                  1.0047108525062300E-028                  0.0000000000000000E+000                  0.0000000000000000E+000                                        0                 -9.8999999999999986E+001                 -9.9000000000000000E+001                 -9.9000000000000000E+001 
                                       7                  1.9999625755318906E+000                  2.9246699082819955E-001                  4.0685642779695890E+000                 -9.2131561788729783E+000                  2.9784279476260043E+000                  7.5579999999986514E-001                  2.4280000000013482E-001                  1.4000000000000679E-003                  1.0464299817784152E-028                  0.0000000000000000E+000                  0.0000000000000000E+000                                        0                 -9.8999999999999986E+001                 -9.9000000000000000E+001                 -9.9000000000000000E+001 
                                       8                  1.9999625755315156E+000                  2.9245040956677337E-001                  4.0713094721825112E+000                 -9.1986228157193271E+000                  2.9960114287115234E+000                  7.5579999999986514E-001                  2.4280000000013482E-001                  1.4000000000000679E-003                  1.0820414403666204E-028                  0.0000000000000000E+000                  0.0000000000000000E+000                                        0                 -9.8999999999999986E+001                 -9.9000000000000000E+001                 -9.9000000000000000E+001 
                                       9                  1.9999625755312422E+000                  2.9243871582705067E-001                  4.0735888352781950E+000                 -9.1868567643972661E+000                  3.0103083145720286E+000                  7.5579999999986514E-001                  2.4280000000013482E-001                  1.4000000000000679E-003                  1.1117579355182100E-028                  0.0000000000000000E+000                  0.0000000000000000E+000                                        0                 -9.8999999999999986E+001                 -9.9000000000000000E+001                 -9.9000000000000000E+001 
                                      10                  1.9999625755309689E+000                  2.9242733373783308E-001                  4.0752726445448895E+000                 -9.1782993544077112E+000                  3.0207314271774037E+000                  7.5579999999986514E-001                  2.4280000000013482E-001                  1.4000000000000679E-003                  1.1338820064813361E-028                  0.0000000000000000E+000                  0.0000000000000000E+000                                        0                 -9.8999999999999986E+001                 -9.9000000000000000E+001                 -9.9000000000000000E+001 
                                      11                  1.9999625755308321E+000                  2.9242175340601756E-001                  4.0763853757161863E+000                 -9.1727187127503580E+000                  3.0275440850107107E+000                  7.5579999999986514E-001                  2.4280000000013482E-001                  1.4000000000000679E-003                  1.1485466697607288E-028                  0.0000000000000000E+000                  0.0000000000000000E+000                                        0                 -9.8999999999999986E+001                 -9.9000000000000000E+001                 -9.9000000000000000E+001 
                                      12                  1.9999625755306956E+000                  2.9241624411115952E-001                  4.0780395738222106E+000                 -9.1645253052487519E+000                  3.0375672932761497E+000                  7.5579999999986514E-001                  2.4280000000013482E-001                  1.4000000000000679E-003                  1.1704214276485185E-028                  0.0000000000000000E+000                  0.0000000000000000E+000                                        0                 -9.8999999999999986E+001                 -9.9000000000000000E+001                 -9.9000000000000000E+001 
                                      13                  1.9999625755304222E+000                  2.9240543084013526E-001                  4.0807499736744663E+000                 -9.1513059391398617E+000                  3.0537766912384225E+000                  7.5579999999986514E-001                  2.4280000000013482E-001                  1.4000000000000679E-003                  1.2065962541179796E-028                  0.0000000000000000E+000                  0.0000000000000000E+000                                        0                 -9.8999999999999986E+001                 -9.9000000000000000E+001                 -9.9000000000000000E+001 
                                      14                  1.9999625755300119E+000                  2.9238969576563079E-001                  4.0839205021681240E+000                 -9.1360996886761754E+000                  3.0724643226445321E+000                  7.5579999999986514E-001                  2.4280000000013485E-001                  1.4000000000000679E-003                  1.2495931149854915E-028                  0.0000000000000000E+000                  0.0000000000000000E+000                                        0                 -9.8999999999999986E+001                 -9.9000000000000000E+001                 -9.9000000000000000E+001 
                                      15                  1.9999625755296020E+000                  2.9237450047717811E-001                  4.0864949047130041E+000                 -9.1239289257393068E+000                  3.0874477182766089E+000                  7.5579999999986514E-001                  2.4280000000013482E-001                  1.4000000000000679E-003                  1.2851082517418987E-028                  0.0000000000000000E+000                  0.0000000000000000E+000                                        0                 -9.8999999999999986E+001                 -9.9000000000000000E+001                 -9.9000000000000000E+001 
                                      16                  1.9999625755293287E+000                  2.9236464938242174E-001                  4.0895237312623358E+000                 -9.1099033606465856E+000                  3.1047725696041635E+000                  7.5579999999986514E-001                  2.4280000000013482E-001                  1.4000000000000679E-003                  1.3272894984608108E-028                  0.0000000000000000E+000                  0.0000000000000000E+000                                        0                 -9.8999999999999986E+001                 -9.9000000000000000E+001                 -9.9000000000000000E+001 
                                      17                  1.9999625755287815E+000                  2.9234557140544487E-001                  4.0924516768176371E+000                 -9.0964057434494574E+000                  3.1214356022194205E+000                  7.5579999999986514E-001                  2.4280000000013482E-001                  1.4000000000000679E-003                  1.3691897772433710E-028                  0.0000000000000000E+000                  0.0000000000000000E+000                                        0                 -9.8999999999999986E+001                 -9.9000000000000000E+001                 -9.9000000000000000E+001 
                                      18                  1.9999625755285084E+000                  2.9233632341874027E-001                  4.0943666196739024E+000                 -9.0877050613584966E+000                  3.1322002899981012E+000                  7.5579999999986514E-001                  2.4280000000013482E-001                  1.4000000000000679E-003                  1.3968976063732491E-028                  0.0000000000000000E+000                  0.0000000000000000E+000                                        0                 -9.8999999999999986E+001                 -9.9000000000000000E+001                 -9.9000000000000000E+001 
                                      19                  1.9999625755282351E+000                  2.9232725828983108E-001                  4.0971843488088417E+000                 -9.0750690673983652E+000                  3.1478642728778037E+000                  7.5579999999986514E-001                  2.4280000000013482E-001                  1.4000000000000679E-003                  1.4381392014936532E-028                  0.0000000000000000E+000                  0.0000000000000000E+000                                        0                 -9.8999999999999986E+001                 -9.9000000000000000E+001                 -9.9000000000000000E+001 
                                      20                  1.9999625755276880E+000                  2.9230964631721718E-001                  4.0999085117582243E+000                 -9.0628557091203348E+000                  3.1629853155320147E+000                  7.5579999999986514E-001                  2.4280000000013482E-001                  1.4000000000000679E-003                  1.4791582272615908E-028                  0.0000000000000000E+000                  0.0000000000000000E+000                                        0                 -9.8999999999999986E+001                 -9.9000000000000000E+001                 -9.9000000000000000E+001 
                                      21                  1.9999625755274149E+000                  2.9230108375166064E-001                  4.1016908650157706E+000                 -9.0549569465627613E+000                  3.1727819882680532E+000                  7.5579999999986514E-001                  2.4280000000013482E-001                  1.4000000000000679E-003                  1.5063074544905396E-028                  0.0000000000000000E+000                  0.0000000000000000E+000                                        0                 -9.8999999999999986E+001                 -9.9000000000000000E+001                 -9.9000000000000000E+001 
                                      22                  1.9999625755271415E+000                  2.9229267501786177E-001                  4.1043148507950491E+000                 -9.0434506664629648E+000                  3.1870757935453708E+000                  7.5579999999986514E-001                  2.4280000000013482E-001                  1.4000000000000679E-003                  1.5467504223788896E-028                  0.0000000000000000E+000                  0.0000000000000000E+000                                        0                 -9.8999999999999986E+001                 -9.9000000000000000E+001                 -9.9000000000000000E+001 
                                      23                  1.9999625755265944E+000                  2.9227629586254672E-001                  4.1076967226893135E+000                 -9.0286658139851017E+000                  3.2054333016389966E+000                  7.5579999999986525E-001                  2.4280000000013482E-001                  1.3999999999999568E-003                  1.6003152229441100E-028                  0.0000000000000000E+000                  0.0000000000000000E+000                                        0                 -9.8999999999999986E+001                 -9.9000000000000000E+001                 -9.9000000000000000E+001 
                                      24                  1.9999625755260477E+000                  2.9226046316314153E-001                  4.1109647487667607E+000                 -9.0144863025712709E+000                  3.2230487277513831E+000                  7.5579999999986514E-001                  2.4280000000013482E-001                  1.4000000000000679E-003                  1.6534287223004445E-028                  0.0000000000000000E+000                  0.0000000000000000E+000                                        0                 -9.8999999999999986E+001                 -9.9000000000000000E+001                 -9.9000000000000000E+001 
                                      25                  1.9999625755255008E+000                  2.9224513739705221E-001                  4.1133370720523379E+000                 -9.0042089672943995E+000                  3.2358084811202223E+000                  7.5579999999986514E-001                  2.4280000000013482E-001                  1.4000000000000679E-003                  1.6930240553024627E-028                  0.0000000000000000E+000                  0.0000000000000000E+000                                        0                 -9.8999999999999986E+001                 -9.9000000000000000E+001                 -9.9000000000000000E+001 
                                      26                  1.9999625755252275E+000                  2.9223765313342098E-001                  4.1148912588915945E+000                 -8.9975292976824104E+000                  3.2441119270832588E+000                  7.5579999999986514E-001                  2.4280000000013482E-001                  1.4000000000000679E-003                  1.7192657270493779E-028                  0.0000000000000000E+000                  0.0000000000000000E+000                                        0                 -9.8999999999999986E+001                 -9.9000000000000000E+001                 -9.9000000000000000E+001 
                                      27                  1.9999625755249542E+000                  2.9223028272270796E-001                  4.1171824420769205E+000                 -8.9877538927993665E+000                  3.2562776227716426E+000                  7.5579999999986514E-001                  2.4280000000013482E-001                  1.4000000000000679E-003                  1.7584042183618330E-028                  0.0000000000000000E+000                  0.0000000000000000E+000                                        0                 -9.8999999999999986E+001                 -9.9000000000000000E+001                 -9.9000000000000000E+001 
                                      28                  1.9999625755244073E+000                  2.9221586890728374E-001                  4.1201423911796029E+000                 -8.9751196847466765E+000                  3.2719879719733962E+000                  7.5579999999986514E-001                  2.4280000000013482E-001                  1.4000000000000679E-003                  1.8103115655579106E-028                  0.0000000000000000E+000                  0.0000000000000000E+000                                        0                 -9.8999999999999986E+001                 -9.9000000000000000E+001                 -9.9000000000000000E+001 
                                      29                  1.9999625755238604E+000                  2.9220186699437734E-001                  4.1230098713851611E+000                 -8.9629273686080015E+000                  3.2871517151033673E+000                  7.5579999999986514E-001                  2.4280000000013482E-001                  1.4000000000000679E-003                  1.8618557686386851E-028                  0.0000000000000000E+000                  0.0000000000000000E+000                                        0                 -9.8999999999999986E+001                 -9.9000000000000000E+001                 -9.9000000000000000E+001 
                                      30                  1.9999625755233135E+000                  2.9218825140384952E-001                  4.1257895257927597E+000                 -8.9511464762836415E+000                  3.3018056248824239E+000                  7.5579999999986514E-001                  2.4280000000013482E-001                  1.4000000000000679E-003                  1.9130543634411010E-028                  0.0000000000000000E+000                  0.0000000000000000E+000                                        0                 -9.8999999999999986E+001                 -9.9000000000000000E+001                 -9.9000000000000000E+001 
                                      31                  1.9999625755227666E+000                  2.9217499896246996E-001                  4.1288694731354401E+000                 -8.9381582059611340E+000                  3.3179709478137367E+000                  7.5579999999986514E-001                  2.4280000000013485E-001                  1.4000000000000679E-003                  1.9711333774911828E-028                  0.0000000000000000E+000                  0.0000000000000000E+000                                        0                 -9.8999999999999986E+001                 -9.9000000000000000E+001                 -9.9000000000000000E+001 
                                      32                  1.9999625755220634E+000                  2.9215846043734772E-001                  4.1322059247929754E+000                 -8.9240931268996224E+000                  3.3354681060580722E+000                  7.5579999999986514E-001                  2.4280000000013480E-001                  1.4000000000000679E-003                  2.0360177696799996E-028                  0.0000000000000000E+000                  0.0000000000000000E+000                                        0                 -9.8999999999999986E+001                 -9.9000000000000000E+001                 -9.9000000000000000E+001 
                                      33                  1.9999625755213601E+000                  2.9214244714892884E-001                  4.1354211069351585E+000                 -8.9105721517968064E+000                  3.3522899764235605E+000                  7.5579999999986514E-001                  2.4280000000013480E-001                  1.4000000000000679E-003                  2.1004047954276764E-028                  0.0000000000000000E+000                  0.0000000000000000E+000                                        0                 -9.8999999999999986E+001                 -9.9000000000000000E+001                 -9.9000000000000000E+001 
                                      34                  1.9999625755206571E+000                  2.9212692303372201E-001                  4.1385231508966340E+000                 -8.8975555673729669E+000                  3.3684867692374012E+000                  7.5579999999986514E-001                  2.4280000000013480E-001                  1.4000000000000679E-003                  2.1643128461026061E-028                  0.0000000000000000E+000                  0.0000000000000000E+000                                        0                 -9.8999999999999986E+001                 -9.9000000000000000E+001                 -9.9000000000000000E+001 
                                      35                  1.9999625755199537E+000                  2.9211185570859571E-001                  4.1415196845339750E+000                 -8.8850082935773536E+000                  3.3841032945017604E+000                  7.5579999999986514E-001                  2.4280000000013480E-001                  1.4000000000000679E-003                  2.2277566704517423E-028                  0.0000000000000000E+000                  0.0000000000000000E+000                                        0                 -9.8999999999999986E+001                 -9.9000000000000000E+001                 -9.9000000000000000E+001 
                                      36                  1.9999625755192505E+000                  2.9209721596580518E-001                  4.1444178214584682E+000                 -8.8728990001968331E+000                  3.3991797096343728E+000                  7.5579999999986514E-001                  2.4280000000013482E-001                  1.4000000000000679E-003                  2.2907488569597990E-028                  0.0000000000000000E+000                  0.0000000000000000E+000                                        0                 -9.8999999999999986E+001                 -9.9000000000000000E+001                 -9.9000000000000000E+001 
                                      37                  1.9999625755185475E+000                  2.9208297735987160E-001                  4.1486202908038923E+000                 -8.8555283694127205E+000                  3.4208590049823986E+000                  7.5579999999986514E-001                  2.4280000000013482E-001                  1.4000000000000679E-003                  2.3842332498608260E-028                  0.0000000000000000E+000                  0.0000000000000000E+000                                        0                 -9.8999999999999986E+001                 -9.9000000000000000E+001                 -9.9000000000000000E+001 
                                      38                  1.9999625755171411E+000                  2.9205561275132319E-001                  4.1525869420016486E+000                 -8.8389331103565372E+000                  3.4415124459924642E+000                  7.5579999999986514E-001                  2.4280000000013482E-001                  1.4000000000000679E-003                  2.4771061293333750E-028                  0.0000000000000000E+000                  0.0000000000000000E+000                                        0                 -9.8999999999999986E+001                 -9.9000000000000000E+001                 -9.9000000000000000E+001 
                                      39                  1.9999625755164381E+000                  2.9204244156815523E-001                  4.1551526100406733E+000                 -8.8283204688278438E+000                  3.4547567477792347E+000                  7.5579999999986514E-001                  2.4280000000013482E-001                  1.4000000000000679E-003                  2.5383859467445270E-028                  0.0000000000000000E+000                  0.0000000000000000E+000                                        0                 -9.8999999999999986E+001                 -9.9000000000000000E+001                 -9.9000000000000000E+001 
                                      40                  1.9999625755157346E+000                  2.9202958718662098E-001                  4.1576479399129758E+000                 -8.8180294106806301E+000                  3.4676105732768558E+000                  7.5579999999986514E-001                  2.4280000000013482E-001                  1.4000000000000679E-003                  2.5992562965666429E-028                  0.0000000000000000E+000                  0.0000000000000000E+000                                        0                 -9.8999999999999986E+001                 -9.9000000000000000E+001                 -9.9000000000000000E+001 
                                      41                  1.9999625755150316E+000                  2.9201703272072188E-001                  4.1600770055160279E+000                 -8.8080422229533415E+000                  3.4800962974795189E+000                  7.5579999999986514E-001                  2.4280000000013482E-001                  1.4000000000000679E-003                  2.6597246430303194E-028                  0.0000000000000000E+000                  0.0000000000000000E+000                                        0                 -9.8999999999999986E+001                 -9.9000000000000000E+001                 -9.9000000000000000E+001 
                                      42                  1.9999625755143284E+000                  2.9200476261540220E-001                  4.1636216772942936E+000                 -8.7936181114719343E+000                  3.4981785967368948E+000                  7.5579999999986514E-001                  2.4280000000013482E-001                  1.4000000000000679E-003                  2.7495482937515174E-028                  0.0000000000000000E+000                  0.0000000000000000E+000                                        0                 -9.8999999999999986E+001                 -9.9000000000000000E+001                 -9.9000000000000000E+001 
                                      43                  1.9999625755129222E+000                  2.9198102111336416E-001                  4.1681225726820683E+000                 -8.7752740114334156E+000                  3.5211785444909496E+000                  7.5579999999986514E-001                  2.4280000000013480E-001                  1.4000000000000679E-003                  2.8681785427275581E-028                  0.0000000000000000E+000                  0.0000000000000000E+000                                        0                 -9.8999999999999986E+001                 -9.9000000000000000E+001                 -9.9000000000000000E+001 
                                      44                  1.9999625755115160E+000                  2.9195825788534085E-001                  4.1714644696080327E+000                 -8.7616551576077502E+000                  3.5382650383220859E+000                  7.5579999999986514E-001                  2.4280000000013482E-001                  1.4000000000000679E-003                  2.9595493659723014E-028                  0.0000000000000000E+000                  0.0000000000000000E+000                                        0                 -9.8999999999999986E+001                 -9.9000000000000000E+001                 -9.9000000000000000E+001 
                                      45                  1.9999625755107349E+000                  2.9194600057954578E-001                  4.1737889646917967E+000                 -8.7522699627149958E+000                  3.5500720992679944E+000                  7.5579999999986514E-001                  2.4280000000013482E-001                  1.4000000000000679E-003                  3.0242045955468536E-028                  0.0000000000000000E+000                  0.0000000000000000E+000                                        0                 -9.8999999999999986E+001                 -9.9000000000000000E+001                 -9.9000000000000000E+001 
                                      46                  1.9999625755099535E+000                  2.9193400431024807E-001                  4.1771852466227211E+000                 -8.7386929906955135E+000                  3.5672036609839650E+000                  7.5579999999986514E-001                  2.4280000000013482E-001                  1.4000000000000679E-003                  3.1202450744085120E-028                  0.0000000000000000E+000                  0.0000000000000000E+000                                        0                 -9.8999999999999986E+001                 -9.9000000000000000E+001                 -9.9000000000000000E+001 
                                      47                  1.9999625755083912E+000                  2.9191074739503592E-001                  4.1815058020022100E+000                 -8.7213901446475735E+000                  3.5890472268526894E+000                  7.5579999999986514E-001                  2.4280000000013482E-001                  1.4000000000000679E-003                  3.2470747433724801E-028                  0.0000000000000000E+000                  0.0000000000000000E+000                                        0                 -9.8999999999999986E+001                 -9.9000000000000000E+001                 -9.9000000000000000E+001 
                                      48                  1.9999625755068287E+000                  2.9188839532873251E-001                  4.1856321318152183E+000                 -8.7049516052538873E+000                  3.6098487278848754E+000                  7.5579999999986514E-001                  2.4280000000013482E-001                  1.4000000000000679E-003                  3.3723414094232488E-028                  0.0000000000000000E+000                  0.0000000000000000E+000                                        0                 -9.8999999999999986E+001                 -9.9000000000000000E+001                 -9.9000000000000000E+001 
                                      49                  1.9999625755052663E+000                  2.9186687023985353E-001                  4.1895811743378237E+000                 -8.6892971052120593E+000                  3.6297031167763842E+000                  7.5579999999986514E-001                  2.4280000000013485E-001                  1.4000000000000679E-003                  3.4961231681064143E-028                  0.0000000000000000E+000                  0.0000000000000000E+000                                        0                 -9.8999999999999986E+001                 -9.9000000000000000E+001                 -9.9000000000000000E+001 
                                      50                  1.9999625755037036E+000                  2.9184610419010493E-001                  4.1933681209254567E+000                 -8.6743577260370568E+000                  3.6486929306895930E+000                  7.5579999999986514E-001                  2.4280000000013482E-001                  1.4000000000000679E-003                  3.6184849677076624E-028                  0.0000000000000000E+000                  0.0000000000000000E+000                                        0                 -9.8999999999999986E+001                 -9.9000000000000000E+001                 -9.9000000000000000E+001 
                                      51                  1.9999625755021413E+000                  2.9182603749925012E-001                  4.1970065862211383E+000                 -8.6600739025732665E+000                  3.6668903657490985E+000                  7.5579999999986514E-001                  2.4280000000013482E-001                  1.4000000000000679E-003                  3.7394802764784975E-028                  0.0000000000000000E+000                  0.0000000000000000E+000                                        0                 -9.8999999999999986E+001                 -9.9000000000000000E+001                 -9.9000000000000000E+001 
                                      52                  1.9999625755005788E+000                  2.9180661741244829E-001                  4.2005087745159946E+000                 -8.6463937398129698E+000                  3.6843589355710287E+000                  7.5579999999986514E-001                  2.4280000000013482E-001                  1.4000000000000679E-003                  3.8591534088573278E-028                  0.0000000000000000E+000                  0.0000000000000000E+000                                        0                 -9.8999999999999986E+001                 -9.9000000000000000E+001                 -9.9000000000000000E+001 
                                      53                  1.9999625754990162E+000                  2.9178779703345320E-001                  4.2038855984221035E+000                 -8.6332708189423251E+000                  3.7011548100669258E+000                  7.5579999999986514E-001                  2.4280000000013485E-001                  1.4000000000000679E-003                  3.9775493871067160E-028                  0.0000000000000000E+000                  0.0000000000000000E+000                                        0                 -9.8999999999999986E+001                 -9.9000000000000000E+001                 -9.9000000000000000E+001 
                                      54                  1.9999625754974537E+000                  2.9176953449816045E-001                  4.2071467102377662E+000                 -8.6206619953375210E+000                  3.7173279057415853E+000                  7.5579999999986514E-001                  2.4280000000013485E-001                  1.4000000000000679E-003                  4.0947275070309838E-028                  0.0000000000000000E+000                  0.0000000000000000E+000                                        0                 -9.8999999999999986E+001                 -9.9000000000000000E+001                 -9.9000000000000000E+001 
                                      55                  1.9999625754958912E+000                  2.9175179234795473E-001                  4.2103005872748085E+000                 -8.6085286473480416E+000                  3.7329227808549090E+000                  7.5579999999986514E-001                  2.4280000000013482E-001                  1.4000000000000679E-003                  4.2107449951321937E-028                  0.0000000000000000E+000                  0.0000000000000000E+000                                        0                 -9.8999999999999986E+001                 -9.9000000000000000E+001                 -9.9000000000000000E+001 
                                      56                  1.9999625754943289E+000                  2.9173453693330009E-001                  4.2133547089753929E+000                 -8.5968363403667656E+000                  3.7479793759237281E+000                  7.5579999999986514E-001                  2.4280000000013482E-001                  1.4000000000000679E-003                  4.3256544338940026E-028                  0.0000000000000000E+000                  0.0000000000000000E+000                                        1                  7.5762014428032716E+000                  7.5762014428032716E+000                 -9.9000000000000000E+001 
                                      57                  1.9999625754927663E+000                  2.9171773790449529E-001                  4.2163157140889229E+000                 -8.5855542469930572E+000                  3.7625336305626393E+000                  7.5579999999986514E-001                  2.4280000000013482E-001                  1.4000000000000679E-003                  4.4395042491987301E-028                  0.0000000000000000E+000                  0.0000000000000000E+000                                        1                  8.8999249540229375E+000                  8.8999249540229375E+000                 -9.9000000000000000E+001 
                                      58                  1.9999625754912036E+000                  2.9170136778554573E-001                  4.2206190346499071E+000                 -8.5693724863588621E+000                  3.7834925222982765E+000                  7.5579999999986514E-001                  2.4280000000013482E-001                  1.4000000000000679E-003                  4.6080486325085702E-028                  0.0000000000000000E+000                  0.0000000000000000E+000                                        1                  9.1705883710302558E+000                  9.1705883710302558E+000                 -9.9000000000000000E+001 
                                      59                  1.9999625754880788E+000                  2.9166981977722467E-001                  4.2260475827627735E+000                 -8.5489481971199410E+000                  3.8099589617361995E+000                  7.5579999999986514E-001                  2.4280000000013482E-001                  1.4000000000000679E-003                  4.8299473497673016E-028                  0.0000000000000000E+000                  0.0000000000000000E+000                                        1                  9.4180931897084665E+000                  9.4180931897084665E+000                 -9.9000000000000000E+001 
                                      60                  1.9999625754849537E+000                  2.9163971467285316E-001                  4.2299130003732177E+000                 -8.5344087402580477E+000                  3.8288064448636474E+000                  7.5579999999986514E-001                  2.4280000000013482E-001                  1.4000000000000679E-003                  4.9943919122830955E-028                  0.0000000000000000E+000                  0.0000000000000000E+000                                        1                  9.5363338959231925E+000                  9.5363338959231925E+000                 -9.9000000000000000E+001 
                                      61                  1.9999625754833912E+000                  2.9162515546716244E-001                  4.2336697011541151E+000                 -8.5205405823117246E+000                  3.8468722664053252E+000                  7.5579999999986514E-001                  2.4280000000013482E-001                  1.4000000000000679E-003                  5.1564584003332795E-028                  0.0000000000000000E+000                  0.0000000000000000E+000                                        1                  9.5626180002494650E+000                  9.5626180002494650E+000                 -9.9000000000000000E+001 
                                      62                  1.9999625754802661E+000                  2.9159694802742692E-001                  4.2372564478388330E+000                 -8.5071915494655670E+000                  3.8642209187966174E+000                  7.5579999999986514E-001                  2.4280000000013482E-001                  1.4000000000000679E-003                  5.3174238188547215E-028                  0.0000000000000000E+000                  0.0000000000000000E+000                                        1                  9.5686986092262902E+000                  9.5686986092262902E+000                 -9.9000000000000000E+001 
                                      63                  1.9999625754787038E+000                  2.9158326924410205E-001                  4.2395888755217488E+000                 -8.4985988904533087E+000                  3.8754146497429796E+000                  7.5579999999986514E-001                  2.4280000000013482E-001                  1.4000000000000679E-003                  5.4236843762952072E-028                  0.0000000000000000E+000                  0.0000000000000000E+000                                        1                  9.5513459650155283E+000                  9.5513459650155283E+000                 -9.9000000000000000E+001 
                                      64                  1.9999625754771413E+000                  2.9156985718533934E-001                  4.2424364585125396E+000                 -8.4881720034921919E+000                  3.8890145581028572E+000                  7.5579999999986514E-001                  2.4280000000013482E-001                  1.4000000000000679E-003                  5.5554836712124785E-028                  0.0000000000000000E+000                  0.0000000000000000E+000                                        1                  9.5123565017777132E+000                  9.5123565017777132E+000                 -9.9000000000000000E+001 
                                      65                  1.9999625754747976E+000                  2.9155021411362736E-001                  4.2457439455401431E+000                 -8.4760697908802918E+000                  3.9047942977028178E+000                  7.5579999999986514E-001                  2.4280000000013482E-001                  1.4000000000000679E-003                  5.7124810195150854E-028                  0.0000000000000000E+000                  0.0000000000000000E+000                                        1                  9.4079162185790555E+000                  9.4079162185790555E+000                 -9.9000000000000000E+001 
                                      66                  1.9999625754724539E+000                  2.9153110830985818E-001                  4.2505400481063331E+000                 -8.4587449618831645E+000                  3.9274422198179568E+000                  7.5579999999986514E-001                  2.4280000000013482E-001                  1.4000000000000679E-003                  5.9449826579366648E-028                  0.0000000000000000E+000                  0.0000000000000000E+000                                        1                  9.1967180055921993E+000                  9.1967180055921993E+000                 -9.9000000000000000E+001 
                                      67                  1.9999625754677663E+000                  2.9149438395088167E-001                  4.2555716920418067E+000                 -8.4404356497324571E+000                  3.9513023771122953E+000                  7.5579999999986514E-001                  2.4280000000013485E-001                  1.4000000000000679E-003                  6.2009892060132228E-028                  0.0000000000000000E+000                  0.0000000000000000E+000                                        0                 -9.8999999999999986E+001                 -9.9000000000000000E+001                 -9.9000000000000000E+001 
                                      68                  1.9999625754646415E+000                  2.9147090687760135E-001                  4.2594432336311838E+000                 -8.4264982418789458E+000                  3.9694932916267103E+000                  7.5579999999986514E-001                  2.4280000000013485E-001                  1.4000000000000679E-003                  6.4032316537333694E-028                  0.0000000000000000E+000                  0.0000000000000000E+000                                        0                 -9.8999999999999986E+001                 -9.9000000000000000E+001                 -9.9000000000000000E+001 
                                      69                  1.9999625754615165E+000                  2.9144816764143439E-001                  4.2631773457090416E+000                 -8.4131179655716810E+000                  3.9869563770937995E+000                  7.5579999999986514E-001                  2.4280000000013485E-001                  1.4000000000000679E-003                  6.6035930258785230E-028                  0.0000000000000000E+000                  0.0000000000000000E+000                                        0                 -9.8999999999999986E+001                 -9.9000000000000000E+001                 -9.9000000000000000E+001 
                                      70                  1.9999625754583916E+000                  2.9142611488992365E-001                  4.2667845217668043E+000                 -8.4002518756794053E+000                  4.0037476727139376E+000                  7.5579999999986514E-001                  2.4280000000013485E-001                  1.4000000000000679E-003                  6.8021652887352448E-028                  0.0000000000000000E+000                  0.0000000000000000E+000                                        0                 -9.8999999999999986E+001                 -9.9000000000000000E+001                 -9.9000000000000000E+001 
                                      71                  1.9999625754552666E+000                  2.9140470266032747E-001                  4.2702740442101623E+000                 -8.3878623535214789E+000                  4.0199169839264144E+000                  7.5579999999986514E-001                  2.4280000000013482E-001                  1.4000000000000679E-003                  6.9990238846757804E-028                  0.0000000000000000E+000                  0.0000000000000000E+000                                        0                 -9.8999999999999986E+001                 -9.9000000000000000E+001                 -9.9000000000000000E+001 
                                      72                  1.9999625754521413E+000                  2.9138388961129946E-001                  4.2753340496261609E+000                 -8.3701352351963134E+000                  4.0430996596290214E+000                  7.5579999999986514E-001                  2.4280000000013482E-001                  1.4000000000000679E-003                  7.2906410850027962E-028                  0.0000000000000000E+000                  0.0000000000000000E+000                                        0                 -9.8999999999999986E+001                 -9.9000000000000000E+001                 -9.9000000000000000E+001 
                                      73                  1.9999625754458918E+000                  2.9134392001538884E-001                  4.2801162964929649E+000                 -8.3532329147783990E+000                  4.0651152020548418E+000                  7.5579999999986514E-001                  2.4280000000013485E-001                  1.4000000000000679E-003                  7.5799987325550625E-028                  0.0000000000000000E+000                  0.0000000000000000E+000                                        0                 -9.8999999999999986E+001                 -9.9000000000000000E+001                 -9.9000000000000000E+001 
                                      74                  1.9999625754427668E+000                  2.9132469413501383E-001                  4.2832092686312526E+000                 -8.3424425241380131E+000                  4.0791981400394217E+000                  7.5579999999986514E-001                  2.4280000000013482E-001                  1.4000000000000679E-003                  7.7707016203935091E-028                  0.0000000000000000E+000                  0.0000000000000000E+000                                        0                 -9.8999999999999986E+001                 -9.9000000000000000E+001                 -9.9000000000000000E+001 
                                      75                  1.9999625754396415E+000                  2.9130593759107332E-001                  4.2877141376713830E+000                 -8.3269111331028274E+000                  4.0995050614250177E+000                  7.5579999999986514E-001                  2.4280000000013485E-001                  1.4000000000000679E-003                  8.0536483182068196E-028                  0.0000000000000000E+000                  0.0000000000000000E+000                                        0                 -9.8999999999999986E+001                 -9.9000000000000000E+001                 -9.9000000000000000E+001 
                                      76                  1.9999625754333921E+000                  2.9126973548299695E-001                  4.2934201652941431E+000                 -8.3072307321673389E+000                  4.1251916907994408E+000                  7.5579999999986514E-001                  2.4280000000013482E-001                  1.4000000000000679E-003                  8.4270273395936455E-028                  0.0000000000000000E+000                  0.0000000000000000E+000                                        0                 -9.8999999999999986E+001                 -9.9000000000000000E+001                 -9.9000000000000000E+001 
                                      77                  1.9999625754271422E+000                  2.9123512882405306E-001                  4.2988470472574090E+000                 -8.2886476566786254E+000                  4.1494510535696518E+000                  7.5579999999986514E-001                  2.4280000000013482E-001                  1.4000000000000679E-003                  8.7954643477951316E-028                  0.0000000000000000E+000                  0.0000000000000000E+000                                        0                 -9.8999999999999986E+001                 -9.9000000000000000E+001                 -9.9000000000000000E+001 
                                      78                  1.9999625754208925E+000                  2.9120196395745446E-001                  4.3040205011838317E+000                 -8.2710460686613718E+000                  4.1724335347669568E+000                  7.5579999999986514E-001                  2.4280000000013480E-001                  1.4000000000000679E-003                  9.1592858309285881E-028                  0.0000000000000000E+000                  0.0000000000000000E+000                                        0                 -9.8999999999999986E+001                 -9.9000000000000000E+001                 -9.9000000000000000E+001 
                                      79                  1.9999625754146426E+000                  2.9117010920780495E-001                  4.3089626846096039E+000                 -8.2543276432780939E+000                  4.1942669328538944E+000                  7.5579999999986514E-001                  2.4280000000013482E-001                  1.4000000000000679E-003                  9.5187791343343394E-028                  0.0000000000000000E+000                  0.0000000000000000E+000                                        0                 -9.8999999999999986E+001                 -9.9000000000000000E+001                 -9.9000000000000000E+001 
                                      80                  1.9999625754083927E+000                  2.9113945080395692E-001                  4.3136933221259151E+000                 -8.2384088027292375E+000                  4.2150607682375112E+000                  7.5579999999986514E-001                  2.4280000000013482E-001                  1.4000000000000679E-003                  9.8741851591988872E-028                  0.0000000000000000E+000                  0.0000000000000000E+000                                        0                 -9.8999999999999986E+001                 -9.9000000000000000E+001                 -9.9000000000000000E+001 
                                      81                  1.9999625754021431E+000                  2.9110988967408313E-001                  4.3193565384117312E+000                 -8.2195512928642938E+000                  4.2397332469976723E+000                  7.5579999999986514E-001                  2.4280000000013482E-001                  1.4000000000000679E-003                  1.0312410638470050E-027                  0.0000000000000000E+000                  0.0000000000000000E+000                                        0                 -9.8999999999999986E+001                 -9.9000000000000000E+001                 -9.9000000000000000E+001 
                                      82                  1.9999625753927683E+000                  2.9106742157502258E-001                  4.3247067734799920E+000                 -8.2016638023072996E+000                  4.2630879912660120E+000                  7.5579999999986514E-001                  2.4280000000013485E-001                  1.4000000000000679E-003                  1.0746055172511037E-027                  0.0000000000000000E+000                  0.0000000000000000E+000                                        0                 -9.8999999999999986E+001                 -9.9000000000000000E+001                 -9.9000000000000000E+001 
                                      83                  1.9999625753865184E+000                  2.9104024538694867E-001                  4.3288247640941240E+000                 -8.1880378381664194E+000                  4.2809120359779644E+000                  7.5579999999986514E-001                  2.4280000000013485E-001                  1.4000000000000679E-003                  1.1088584195180962E-027                  0.0000000000000000E+000                  0.0000000000000000E+000                                        0                 -9.8999999999999986E+001                 -9.9000000000000000E+001                 -9.9000000000000000E+001 
                                      84                  1.9999625753802688E+000                  2.9101390374440439E-001                  4.3327975367567486E+000                 -8.1749536379405843E+000                  4.2980373789677717E+000                  7.5579999999986514E-001                  2.4280000000013482E-001                  1.4000000000000679E-003                  1.1427766033965750E-027                  0.0000000000000000E+000                  0.0000000000000000E+000                                        0                 -9.8999999999999986E+001                 -9.9000000000000000E+001                 -9.9000000000000000E+001 
                                      85                  1.9999625753740189E+000                  2.9098833929102519E-001                  4.3366357289959074E+000                 -8.1623711426542087E+000                  4.3145167734511878E+000                  7.5579999999986514E-001                  2.4280000000013485E-001                  1.4000000000000679E-003                  1.1763724693678254E-027                  0.0000000000000000E+000                  0.0000000000000000E+000                                        0                 -9.8999999999999986E+001                 -9.9000000000000000E+001                 -9.9000000000000000E+001 
                                      86                  1.9999625753677694E+000                  2.9096350054764714E-001                  4.3403488065270937E+000                 -8.1502545855943023E+000                  4.3303972140238303E+000                  7.5579999999986514E-001                  2.4280000000013485E-001                  1.4000000000000679E-003                  1.2096574434812694E-027                  0.0000000000000000E+000                  0.0000000000000000E+000                                        0                 -9.8999999999999986E+001                 -9.9000000000000000E+001                 -9.9000000000000000E+001 
                                      87                  1.9999625753615196E+000                  2.9093934112448139E-001                  4.3439452344026099E+000                 -8.1385718169596100E+000                  4.3457207455360614E+000                  7.5579999999986514E-001                  2.4280000000013485E-001                  1.4000000000000679E-003                  1.2426423237172775E-027                  0.0000000000000000E+000                  0.0000000000000000E+000                                        0                 -9.8999999999999986E+001                 -9.9000000000000000E+001                 -9.9000000000000000E+001 
                                      88                  1.9999625753552697E+000                  2.9091581906659453E-001                  4.3491654700604059E+000                 -8.1218308434810798E+000                  4.3677422851920396E+000                  7.5579999999986514E-001                  2.4280000000013482E-001                  1.4000000000000679E-003                  1.2914825083591918E-027                  0.0000000000000000E+000                  0.0000000000000000E+000                                        0                 -9.8999999999999986E+001                 -9.9000000000000000E+001                 -9.9000000000000000E+001 
                                      89                  1.9999625753427699E+000                  2.9087054312069516E-001                  4.3549261993669885E+000                 -8.1032778032783721E+000                  4.3921075830181548E+000                  7.5579999999986514E-001                  2.4280000000013482E-001                  1.4000000000000679E-003                  1.3478549798439506E-027                  0.0000000000000000E+000                  0.0000000000000000E+000                                        0                 -9.8999999999999986E+001                 -9.9000000000000000E+001                 -9.9000000000000000E+001 
                                      90                  1.9999625753333952E+000                  2.9083799750524147E-001                  4.3596593501654040E+000                 -8.0881944720184737E+000                  4.4119623243224870E+000                  7.5579999999986514E-001                  2.4280000000013482E-001                  1.4000000000000679E-003                  1.3954935192864720E-027                  0.0000000000000000E+000                  0.0000000000000000E+000                                        0                 -9.8999999999999986E+001                 -9.9000000000000000E+001                 -9.9000000000000000E+001 
                                      91                  1.9999625753240204E+000                  2.9080655586903664E-001                  4.3649623829977369E+000                 -8.0714589957690883E+000                  4.4340404108334521E+000                  7.5579999999986514E-001                  2.4280000000013482E-001                  1.4000000000000679E-003                  1.4503232114857925E-027                  0.0000000000000000E+000                  0.0000000000000000E+000                                        0                 -9.8999999999999986E+001                 -9.9000000000000000E+001                 -9.9000000000000000E+001 
                                      92                  1.9999625753115207E+000                  2.9076620841999118E-001                  4.3714470729568147E+000                 -8.0511460482676167E+000                  4.4608806138515167E+000                  7.5579999999986514E-001                  2.4280000000013482E-001                  1.4000000000000679E-003                  1.5197760693830663E-027                  0.0000000000000000E+000                  0.0000000000000000E+000                                        0                 -9.8999999999999986E+001                 -9.9000000000000000E+001                 -9.9000000000000000E+001 
                                      93                  1.9999625752958958E+000                  2.9071806400825995E-001                  4.3765568660609855E+000                 -8.0351069551543972E+000                  4.4820552428475793E+000                  7.5579999999986525E-001                  2.4280000000013482E-001                  1.3999999999999568E-003                  1.5769582364365107E-027                  0.0000000000000000E+000                  0.0000000000000000E+000                                        0                 -9.8999999999999986E+001                 -9.9000000000000000E+001                 -9.9000000000000000E+001 
                                      94                  1.9999625752880836E+000                  2.9069485888810054E-001                  4.3798631076290899E+000                 -8.0248642155430119E+000                  4.4956218764929758E+000                  7.5579999999986525E-001                  2.4280000000013482E-001                  1.3999999999999568E-003                  1.6145961102389970E-027                  0.0000000000000000E+000                  0.0000000000000000E+000                                        0                 -9.8999999999999986E+001                 -9.9000000000000000E+001                 -9.9000000000000000E+001 
                                      95                  1.9999625752802712E+000                  2.9067219106100128E-001                  4.3838814542715365E+000                 -8.0125176931850426E+000                  4.5120084471883226E+000                  7.5579999999986514E-001                  2.4280000000013482E-001                  1.4000000000000679E-003                  1.6611605522440134E-027                  0.0000000000000000E+000                  0.0000000000000000E+000                                        0                 -9.8999999999999986E+001                 -9.9000000000000000E+001                 -9.9000000000000000E+001 
                                      96                  1.9999625752685528E+000                  2.9063913598104801E-001                  4.3885221578145703E+000                 -7.9982944554419886E+000                  4.5308951626974148E+000                  7.5579999999986514E-001                  2.4280000000013482E-001                  1.4000000000000679E-003                  1.7164700629978229E-027                  0.0000000000000000E+000                  0.0000000000000000E+000                                        0                 -9.8999999999999986E+001                 -9.9000000000000000E+001                 -9.9000000000000000E+001 
                                      97                  1.9999625752568340E+000                  2.9060713873854566E-001                  4.3937320189060287E+000                 -7.9824802414057414E+000                  4.5519452795986508E+000                  7.5579999999986514E-001                  2.4280000000013485E-001                  1.4000000000000679E-003                  1.7801312138372694E-027                  0.0000000000000000E+000                  0.0000000000000000E+000                                        0                 -9.8999999999999986E+001                 -9.9000000000000000E+001                 -9.9000000000000000E+001 
                                      98                  1.9999625752412091E+000                  2.9056599092224317E-001                  4.3994127769262716E+000                 -7.9653082886681039E+000                  4.5748243691892192E+000                  7.5579999999986525E-001                  2.4280000000013482E-001                  1.3999999999999568E-003                  1.8519348460677706E-027                  0.0000000000000000E+000                  0.0000000000000000E+000                                        0                 -9.8999999999999986E+001                 -9.9000000000000000E+001                 -9.9000000000000000E+001 
                                      99                  1.9999625752255845E+000                  2.9052642731272288E-001                  4.4048411020540952E+000                 -7.9490202437509687E+000                  4.5965659699962513E+000                  7.5579999999986525E-001                  2.4280000000013480E-001                  1.3999999999999568E-003                  1.9227172660227435E-027                  0.0000000000000000E+000                  0.0000000000000000E+000                                        0                 -9.8999999999999986E+001                 -9.9000000000000000E+001                 -9.9000000000000000E+001 
                                     100                  1.9999625752099597E+000                  2.9048830981494339E-001                  4.4100392577568481E+000                 -7.9335308944940044E+000                  4.6172779394027446E+000                  7.5579999999986525E-001                  2.4280000000013480E-001                  1.3999999999999568E-003                  1.9925370269786351E-027                  0.0000000000000000E+000                  0.0000000000000000E+000                                        0                 -9.8999999999999986E+001                 -9.9000000000000000E+001                 -9.9000000000000000E+001 
                                     101                  1.9999625751943351E+000                  2.9045151832311772E-001                  4.4150268228546894E+000                 -7.9187668927372368E+000                  4.6370534835498871E+000                  7.5579999999986525E-001                  2.4280000000013480E-001                  1.3999999999999568E-003                  2.0614460737117463E-027                  0.0000000000000000E+000                  0.0000000000000000E+000                                        0                 -9.8999999999999986E+001                 -9.9000000000000000E+001                 -9.9000000000000000E+001 
                                     102                  1.9999625751787102E+000                  2.9041594766179663E-001                  4.4210111074141771E+000                 -7.9012589607016555E+000                  4.6605777062673122E+000                  7.5579999999986514E-001                  2.4280000000013480E-001                  1.4000000000000679E-003                  2.1462574435105828E-027                  0.0000000000000000E+000                  0.0000000000000000E+000                                        0                 -9.8999999999999986E+001                 -9.9000000000000000E+001                 -9.9000000000000000E+001 
                                     103                  1.9999625751552732E+000                  2.9036468448498859E-001                  4.4278092326448952E+000                 -7.8814364662346668E+000                  4.6872337904173387E+000                  7.5579999999986514E-001                  2.4280000000013480E-001                  1.4000000000000679E-003                  2.2465004565860091E-027                  0.0000000000000000E+000                  0.0000000000000000E+000                                        0                 -9.8999999999999986E+001                 -9.9000000000000000E+001                 -9.9000000000000000E+001 
                                     104                  1.9999625751318362E+000                  2.9031569155577674E-001                  4.4331909754884942E+000                 -7.8658090080102250E+000                  4.7082710948145916E+000                  7.5579999999986514E-001                  2.4280000000013482E-001                  1.4000000000000679E-003                  2.3288190305234396E-027                  0.0000000000000000E+000                  0.0000000000000000E+000                                        0                 -9.8999999999999986E+001                 -9.9000000000000000E+001                 -9.9000000000000000E+001 
                                     105                  1.9999625751162116E+000                  2.9028417523922778E-001                  4.4373504065758782E+000                 -7.8538626694545943E+000                  4.7244012997875604E+000                  7.5579999999986525E-001                  2.4280000000013480E-001                  1.3999999999999568E-003                  2.3937757117364436E-027                  0.0000000000000000E+000                  0.0000000000000000E+000                                        0                 -9.8999999999999986E+001                 -9.9000000000000000E+001                 -9.9000000000000000E+001 
                                     106                  1.9999625751005867E+000                  2.9025350745553152E-001                  4.4423802018880849E+000                 -7.8395647182104709E+000                  4.7437617845198643E+000                  7.5579999999986514E-001                  2.4280000000013480E-001                  1.4000000000000679E-003                  2.4739053481814893E-027                  0.0000000000000000E+000                  0.0000000000000000E+000                                        0                 -9.8999999999999986E+001                 -9.9000000000000000E+001                 -9.9000000000000000E+001 
                                     107                  1.9999625750771495E+000                  2.9020898403875128E-001                  4.4481534973120418E+000                 -7.8232197029152983E+000                  4.7659185222752001E+000                  7.5579999999986514E-001                  2.4280000000013480E-001                  1.4000000000000679E-003                  2.5687985072788153E-027                  0.0000000000000000E+000                  0.0000000000000000E+000                                        0                 -9.8999999999999986E+001                 -9.9000000000000000E+001                 -9.9000000000000000E+001 
                                     108                  1.9999625750537127E+000                  2.9016609220708434E-001                  4.4536841631472877E+000                 -7.8077011180159461E+000                  4.7870076625295308E+000                  7.5579999999986514E-001                  2.4280000000013482E-001                  1.4000000000000679E-003                  2.6622602405555276E-027                  0.0000000000000000E+000                  0.0000000000000000E+000                                        0                 -9.8999999999999986E+001                 -9.9000000000000000E+001                 -9.9000000000000000E+001 
                                     109                  1.9999625750302756E+000                  2.9012469391319495E-001                  4.4589950578442723E+000                 -7.7929337234967457E+000                  4.8071274702759048E+000                  7.5579999999986514E-001                  2.4280000000013482E-001                  1.4000000000000679E-003                  2.7543537817778050E-027                  0.0000000000000000E+000                  0.0000000000000000E+000                                        0                 -9.8999999999999986E+001                 -9.9000000000000000E+001                 -9.9000000000000000E+001 
                                     110                  1.9999625750068384E+000                  2.9008466837460062E-001                  4.4632582220235539E+000                 -7.7811433708633349E+000                  4.8232158603636046E+000                  7.5579999999986525E-001                  2.4280000000013480E-001                  1.3999999999999568E-003                  2.8301636685776452E-027                  0.0000000000000000E+000                  0.0000000000000000E+000                                        0                 -9.8999999999999986E+001                 -9.9000000000000000E+001                 -9.9000000000000000E+001 
                                     111                  1.9999625749912138E+000                  2.9005869343332102E-001                  4.4674098521420129E+000                 -7.7698159069062118E+000                  4.8387331329054941E+000                  7.5579999999986514E-001                  2.4280000000013482E-001                  1.4000000000000679E-003                  2.9049619824161892E-027                  0.0000000000000000E+000                  0.0000000000000000E+000                                        0                 -9.8999999999999986E+001                 -9.9000000000000000E+001                 -9.9000000000000000E+001 
                                     112                  1.9999625749677767E+000                  2.9002072573388477E-001                  4.4730195507002932E+000                 -7.7546409203475912E+000                  4.8595731506007853E+000                  7.5579999999986525E-001                  2.4280000000013480E-001                  1.3999999999999568E-003                  3.0082740340856251E-027                  0.0000000000000000E+000                  0.0000000000000000E+000                                        0                 -9.8999999999999986E+001                 -9.9000000000000000E+001                 -9.9000000000000000E+001 
                                     113                  1.9999625749365273E+000                  2.8997182579306402E-001                  4.4776290975416568E+000                 -7.7421891934159062E+000                  4.8766806573459940E+000                  7.5579999999986525E-001                  2.4280000000013480E-001                  1.3999999999999568E-003                  3.0957847190600441E-027                  0.0000000000000000E+000                  0.0000000000000000E+000                                        0                 -9.8999999999999986E+001                 -9.9000000000000000E+001                 -9.9000000000000000E+001 
                                     114                  1.9999625749209025E+000                  2.8994806091393538E-001                  4.4821246067294060E+000                 -7.7302739686628668E+000                  4.8931432713704615E+000                  7.5579999999986514E-001                  2.4280000000013485E-001                  1.4000000000000679E-003                  3.1819075628985172E-027                  0.0000000000000000E+000                  0.0000000000000000E+000                                        0                 -9.8999999999999986E+001                 -9.9000000000000000E+001                 -9.9000000000000000E+001 
                                     115                  1.9999625748896535E+000                  2.8990180626292056E-001                  4.4878847466057001E+000                 -7.7150723592220247E+000                  4.9141742424428090E+000                  7.5579999999986525E-001                  2.4280000000013480E-001                  1.3999999999999568E-003                  3.2952716209178350E-027                  0.0000000000000000E+000                  0.0000000000000000E+000                                        0                 -9.8999999999999986E+001                 -9.9000000000000000E+001                 -9.9000000000000000E+001 
                                     116                  1.9999625748584040E+000                  2.8985712862566598E-001                  4.4934223135312719E+000                 -7.7006148061019735E+000                  4.9342417121085864E+000                  7.5579999999986525E-001                  2.4280000000013480E-001                  1.3999999999999568E-003                  3.4068322861527659E-027                  0.0000000000000000E+000                  0.0000000000000000E+000                                        0                 -9.8999999999999986E+001                 -9.9000000000000000E+001                 -9.9000000000000000E+001 
                                     117                  1.9999625748271548E+000                  2.8981390068934210E-001                  4.4987559668211992E+000                 -7.6868354926688536E+000                  4.9534302045843273E+000                  7.5579999999986525E-001                  2.4280000000013480E-001                  1.3999999999999568E-003                  3.5166730130295875E-027                  0.0000000000000000E+000                  0.0000000000000000E+000                                        0                 -9.8999999999999986E+001                 -9.9000000000000000E+001                 -9.9000000000000000E+001 
                                     118                  1.9999625747959053E+000                  2.8977201044756201E-001                  4.5039021772771815E+000                 -7.6736770741970659E+000                  4.9718135853493335E+000                  7.5579999999986525E-001                  2.4280000000013480E-001                  1.3999999999999568E-003                  3.6248686154072538E-027                  0.0000000000000000E+000                  0.0000000000000000E+000                                        0                 -9.8999999999999986E+001                 -9.9000000000000000E+001                 -9.9000000000000000E+001 
                                     119                  1.9999625747646561E+000                  2.8973135878972806E-001                  4.5088754606454149E+000                 -7.6610893398734943E+000                  4.9894567813649742E+000                  7.5579999999986525E-001                  2.4280000000013480E-001                  1.3999999999999568E-003                  3.7314859695473652E-027                  0.0000000000000000E+000                  0.0000000000000000E+000                                        0                 -9.8999999999999986E+001                 -9.9000000000000000E+001                 -9.9000000000000000E+001 
                                     120                  1.9999625747334067E+000                  2.8969185754721638E-001                  4.5136885455506714E+000                 -7.6490278519029751E+000                  5.0064171676640203E+000                  7.5579999999986525E-001                  2.4280000000013480E-001                  1.3999999999999568E-003                  3.8365870689674855E-027                  0.0000000000000000E+000                  0.0000000000000000E+000                                        0                 -9.8999999999999986E+001                 -9.9000000000000000E+001                 -9.9000000000000000E+001 
                                     121                  1.9999625747021572E+000                  2.8965342792058996E-001                  4.5183526131347120E+000                 -7.6374529679360821E+000                  5.0227456950653018E+000                  7.5579999999986525E-001                  2.4280000000013480E-001                  1.3999999999999568E-003                  3.9402307185649766E-027                  0.0000000000000000E+000                  0.0000000000000000E+000                                        0                 -9.8999999999999986E+001                 -9.9000000000000000E+001                 -9.9000000000000000E+001 
                                     122                  1.9999625746709082E+000                  2.8961599919254161E-001                  4.5240012530050695E+000                 -7.6236306197739614E+000                  5.0423357748382083E+000                  7.5579999999986514E-001                  2.4280000000013477E-001                  1.4000000000000679E-003                  4.0676733722377371E-027                  0.0000000000000000E+000                  0.0000000000000000E+000                                        0                 -9.8999999999999986E+001                 -9.9000000000000000E+001                 -9.9000000000000000E+001 
                                     123                  1.9999625746240339E+000                  2.8956159758617905E-001                  4.5304993586002453E+000                 -7.6078690478246873E+000                  5.0647448594386484E+000                  7.5579999999986514E-001                  2.4280000000013480E-001                  1.4000000000000679E-003                  4.2180337211333365E-027                  0.0000000000000000E+000                  0.0000000000000000E+000                                        0                 -9.8999999999999986E+001                 -9.9000000000000000E+001                 -9.9000000000000000E+001 
                                     124                  1.9999625745771601E+000                  2.8950911557404740E-001                  4.5367346672434605E+000                 -7.5929447417248257E+000                  5.0860642304728669E+000                  7.5579999999986514E-001                  2.4280000000013482E-001                  1.4000000000000679E-003                  4.3655269057105882E-027                  0.0000000000000000E+000                  0.0000000000000000E+000                                        0                 -9.8999999999999986E+001                 -9.9000000000000000E+001                 -9.9000000000000000E+001 
                                     125                  1.9999625745302860E+000                  2.8945838836305926E-001                  4.5417373081504353E+000                 -7.5810798587615373E+000                  5.1030720373390723E+000                  7.5579999999986525E-001                  2.4280000000013480E-001                  1.3999999999999568E-003                  4.4864560914385885E-027                  0.0000000000000000E+000                  0.0000000000000000E+000                                        0                 -9.8999999999999986E+001                 -9.9000000000000000E+001                 -9.9000000000000000E+001 
                                     126                  1.9999625744990366E+000                  2.8942547211627911E-001                  4.5475733157248603E+000                 -7.5675270386552569E+000                  5.1226452323184608E+000                  7.5579999999986514E-001                  2.4280000000013480E-001                  1.4000000000000679E-003                  4.6286933379232274E-027                  0.0000000000000000E+000                  0.0000000000000000E+000                                        0                 -9.8999999999999986E+001                 -9.9000000000000000E+001                 -9.9000000000000000E+001 
                                     127                  1.9999625744365379E+000                  2.8936164097585576E-001                  4.5531667663865081E+000                 -7.5545731694450478E+000                  5.1413849757751473E+000                  7.5579999999986525E-001                  2.4280000000013480E-001                  1.3999999999999568E-003                  4.7688578890043449E-027                  0.0000000000000000E+000                  0.0000000000000000E+000                                        0                 -9.8999999999999986E+001                 -9.9000000000000000E+001                 -9.9000000000000000E+001 
                                     128                  1.9999625744052885E+000                  2.8933065315975554E-001                  4.5586150192337307E+000                 -7.5422652749505747E+000                  5.1593544632227939E+000                  7.5579999999986514E-001                  2.4280000000013485E-001                  1.4000000000000679E-003                  4.9059633828017538E-027                  0.0000000000000000E+000                  0.0000000000000000E+000                                        0                 -9.8999999999999986E+001                 -9.9000000000000000E+001                 -9.9000000000000000E+001 
                                     129                  1.9999625743427896E+000                  2.8927039027117302E-001                  4.5647285837606395E+000                 -7.5285673422906862E+000                  5.1794311820228307E+000                  7.5579999999986514E-001                  2.4280000000013482E-001                  1.4000000000000679E-003                  5.0631934993033332E-027                  0.0000000000000000E+000                  0.0000000000000000E+000                                        0                 -9.8999999999999986E+001                 -9.9000000000000000E+001                 -9.9000000000000000E+001 
                                     130                  1.9999625742959157E+000                  2.8922658066129281E-001                  4.5698081692818162E+000                 -7.5173887320310229E+000                  5.1959372012994569E+000                  7.5579999999986514E-001                  2.4280000000013482E-001                  1.4000000000000679E-003                  5.1952330133000705E-027                  0.0000000000000000E+000                  0.0000000000000000E+000                                        0                 -9.8999999999999986E+001                 -9.9000000000000000E+001                 -9.9000000000000000E+001 
                                     131                  1.9999625742490414E+000                  2.8918387154811381E-001                  4.5755573446664091E+000                 -7.5049488146645276E+000                  5.2144404769328148E+000                  7.5579999999986525E-001                  2.4280000000013480E-001                  1.3999999999999568E-003                  5.3462232071085596E-027                  0.0000000000000000E+000                  0.0000000000000000E+000                                        0                 -9.8999999999999986E+001                 -9.9000000000000000E+001                 -9.9000000000000000E+001 
                                     132                  1.9999625741865426E+000                  2.8912851532259809E-001                  4.5818863296574444E+000                 -7.4914329568359257E+000                  5.2346747124960800E+000                  7.5579999999986525E-001                  2.4280000000013480E-001                  1.3999999999999568E-003                  5.5152512636529293E-027                  0.0000000000000000E+000                  0.0000000000000000E+000                                        1                  1.1682684597917609E+001                  1.1682684597917609E+001                 -9.9000000000000000E+001 
                                     133                  1.9999625741240437E+000                  2.8907483511745036E-001                  4.5879806038291724E+000                 -7.4786080746035308E+000                  5.2540173839071018E+000                  7.5579999999986525E-001                  2.4280000000013480E-001                  1.3999999999999568E-003                  5.6805770742691514E-027                  0.0000000000000000E+000                  0.0000000000000000E+000                                        1                  1.2066217008491966E+001                  1.2066217008491966E+001                 -9.9000000000000000E+001 
                                     134                  1.9999625740615452E+000                  2.8902269788058649E-001                  4.5945786054117592E+000                 -7.4649365196918600E+000                  5.2748050996040954E+000                  7.5579999999986525E-001                  2.4280000000013480E-001                  1.3999999999999568E-003                  5.8622788205877989E-027                  0.0000000000000000E+000                  0.0000000000000000E+000                                        1                  1.2295981378076361E+001                  1.2295981378076361E+001                 -9.9000000000000000E+001 
                                     135                  1.9999625739834215E+000                  2.8895952081656273E-001                  4.6029670263174483E+000                 -7.4478114780738451E+000                  5.3010741917582056E+000                  7.5579999999986525E-001                  2.4280000000013480E-001                  1.3999999999999568E-003                  6.0981014734979562E-027                  0.0000000000000000E+000                  0.0000000000000000E+000                                        1                  1.2498768318460593E+001                  1.2498768318460593E+001                 -9.9000000000000000E+001 
                                     136                  1.9999625738740485E+000                  2.8887444917684046E-001                  4.6115023003523730E+000                 -7.4304324883442874E+000                  5.3278667370477502E+000                  7.5579999999986525E-001                  2.4280000000013480E-001                  1.3999999999999568E-003                  6.3471225161992837E-027                  0.0000000000000000E+000                  0.0000000000000000E+000                                        1                  1.2703604619864596E+001                  1.2703604619864596E+001                 -9.9000000000000000E+001 
                                     137                  1.9999625737803004E+000                  2.8880435341222116E-001                  4.6177208088212671E+000                 -7.4178084717550217E+000                  5.3474196058549701E+000                  7.5579999999986525E-001                  2.4280000000013480E-001                  1.3999999999999568E-003                  6.5343635871913046E-027                  0.0000000000000000E+000                  0.0000000000000000E+000                                        1                  1.2835121066193377E+001                  1.2835121066193377E+001                 -9.9000000000000000E+001 
                                     138                  1.9999625737178015E+000                  2.8875894359407500E-001                  4.6236996551477478E+000                 -7.4058127915345180E+000                  5.3661376190824690E+000                  7.5579999999986525E-001                  2.4280000000013480E-001                  1.3999999999999568E-003                  6.7174011949576054E-027                  0.0000000000000000E+000                  0.0000000000000000E+000                                        1                  1.2904717343814939E+001                  1.2904717343814939E+001                 -9.9000000000000000E+001 
                                     139                  1.9999625736240536E+000                  2.8869265895723822E-001                  4.6293791090997400E+000                 -7.3942836688992948E+000                  5.3840928481855554E+000                  7.5579999999986525E-001                  2.4280000000013480E-001                  1.3999999999999568E-003                  6.8981504331758434E-027                  0.0000000000000000E+000                  0.0000000000000000E+000                                        1                  1.2988361567573634E+001                  1.2988361567573634E+001                 -9.9000000000000000E+001 
                                     140                  1.9999625735615547E+000                  2.8864961060811678E-001                  4.6337583956877406E+000                 -7.3854122384296783E+000                  5.3979464039112841E+000                  7.5579999999986525E-001                  2.4280000000013480E-001                  1.3999999999999568E-003                  7.0405379586020587E-027                  0.0000000000000000E+000                  0.0000000000000000E+000                                        1                  1.3032505180148696E+001                  1.3032505180148696E+001                 -9.9000000000000000E+001 
                                     141                  1.9999625734990558E+000                  2.8860742027748987E-001                  4.6390347522840258E+000                 -7.3747164354268220E+000                  5.4146705048835369E+000                  7.5579999999986525E-001                  2.4280000000013480E-001                  1.3999999999999568E-003                  7.2161206254162291E-027                  0.0000000000000000E+000                  0.0000000000000000E+000                                        1                  1.3066506209546271E+001                  1.3066506209546271E+001                 -9.9000000000000000E+001 
                                     142                  1.9999625734053077E+000                  2.8854565216637085E-001                  4.6446722086902312E+000                 -7.3630883423281190E+000                  5.4327561072161483E+000                  7.5579999999986525E-001                  2.4280000000013480E-001                  1.3999999999999568E-003                  7.4119798607133620E-027                  0.0000000000000000E+000                  0.0000000000000000E+000                                        1                  1.3101869713348677E+001                  1.3101869713348677E+001                 -9.9000000000000000E+001 
                                     143                  1.9999625733232778E+000                  2.8849301216477974E-001                  4.6505227441888506E+000                 -7.3509219537485064E+000                  5.4516377874694015E+000                  7.5579999999986525E-001                  2.4280000000013480E-001                  1.3999999999999568E-003                  7.6225997304211452E-027                  0.0000000000000000E+000                  0.0000000000000000E+000                                        1                  1.3118162151339986E+001                  1.3118162151339986E+001                 -9.9000000000000000E+001 
                                     144                  1.9999625732139050E+000                  2.8842473592192425E-001                  4.6575888820133393E+000                 -7.3358824297843972E+000                  5.4747812564540546E+000                  7.5579999999986525E-001                  2.4280000000013480E-001                  1.3999999999999568E-003                  7.8912494684784924E-027                  0.0000000000000000E+000                  0.0000000000000000E+000                                        1                  1.3119301674620152E+001                  1.3119301674620152E+001                 -9.9000000000000000E+001 
                                     145                  1.9999625730771886E+000                  2.8834225258144114E-001                  4.6643482788961368E+000                 -7.3209326572158595E+000                  5.4974499861420041E+000                  7.5579999999986525E-001                  2.4280000000013480E-001                  1.3999999999999568E-003                  8.1676800124688823E-027                  0.0000000000000000E+000                  0.0000000000000000E+000                                        1                  1.3094554112137264E+001                  1.3094554112137264E+001                 -9.9000000000000000E+001 
                                     146                  1.9999625729600032E+000                  2.8827390928529728E-001                  4.6701957410216455E+000                 -7.3076404754416080E+000                  5.5173864002905004E+000                  7.5579999999986525E-001                  2.4280000000013480E-001                  1.3999999999999568E-003                  8.4215835301112940E-027                  0.0000000000000000E+000                  0.0000000000000000E+000                                        1                  1.3051865127518559E+001                  1.3051865127518559E+001                 -9.9000000000000000E+001 
                                     147                  1.9999625728428179E+000                  2.8820759520891465E-001                  4.6765994023682600E+000                 -7.2927002589357803E+000                  5.5395579515812843E+000                  7.5579999999986525E-001                  2.4280000000013480E-001                  1.3999999999999568E-003                  8.7164019382806806E-027                  0.0000000000000000E+000                  0.0000000000000000E+000                                        1                  1.2988127528240010E+001                  1.2988127528240010E+001                 -9.9000000000000000E+001 
                                     148                  1.9999625726865708E+000                  2.8812212162304712E-001                  4.6816880426212943E+000                 -7.2802360810508047E+000                  5.5577148839621575E+000                  7.5579999999986525E-001                  2.4280000000013480E-001                  1.3999999999999568E-003                  8.9702428134339430E-027                  0.0000000000000000E+000                  0.0000000000000000E+000                                        1                  1.2868766359099336E+001                  1.2868766359099336E+001                 -9.9000000000000000E+001 
                                     149                  1.9999625726084471E+000                  2.8808057571220352E-001                  4.6857599180439635E+000                 -7.2701914564206227E+000                  5.5722920006916388E+000                  7.5579999999986525E-001                  2.4280000000013480E-001                  1.3999999999999568E-003                  9.1801776811714330E-027                  0.0000000000000000E+000                  0.0000000000000000E+000                                        1                  1.2787714988583193E+001                  1.2787714988583193E+001                 -9.9000000000000000E+001 
                                     150                  1.9999625724912617E+000                  2.8801966010048763E-001                  4.6919202638082655E+000                 -7.2546347007073821E+000                  5.5946553802045633E+000                  7.5579999999986525E-001                  2.4280000000013480E-001                  1.3999999999999568E-003                  9.5150571246297296E-027                  0.0000000000000000E+000                  0.0000000000000000E+000                                        1                  1.2616189860281541E+001                  1.2616189860281541E+001                 -9.9000000000000000E+001 
                                     151                  1.9999625722959529E+000                  2.8792165267452985E-001                  4.6982876520530219E+000                 -7.2377118186339233E+000                  5.6185310601089249E+000                  7.5579999999986525E-001                  2.4280000000013480E-001                  1.3999999999999568E-003                  9.8932327027659739E-027                  0.0000000000000000E+000                  0.0000000000000000E+000                                        1                  1.1864546362009415E+001                  1.1864546362009415E+001                 -9.9000000000000000E+001 
                                     152                  1.9999625721397061E+000                  2.8784619797663247E-001                  4.7035806456159310E+000                 -7.2232505406505467E+000                  5.6387188555859211E+000                  7.5579999999986525E-001                  2.4280000000013474E-001                  1.4000000000000679E-003                  1.0228287633179252E-026                  0.0000000000000000E+000                  0.0000000000000000E+000                                        0                 -9.8999999999999986E+001                 -9.9000000000000000E+001                 -9.9000000000000000E+001 
                                     153                  1.9999625719834591E+000                  2.8777317698599619E-001                  4.7097795811245753E+000                 -7.2059005200134534E+000                  5.6627172262427541E+000                  7.5579999999986514E-001                  2.4280000000013477E-001                  1.4000000000000679E-003                  1.0645281349610179E-026                  0.0000000000000000E+000                  0.0000000000000000E+000                                        0                 -9.8999999999999986E+001                 -9.9000000000000000E+001                 -9.9000000000000000E+001 
                                     154                  1.9999625717490885E+000                  2.8766787017878420E-001                  4.7154600641611806E+000                 -7.1891573978827505E+000                  5.6854801415913734E+000                  7.5579999999986525E-001                  2.4280000000013480E-001                  1.3999999999999568E-003                  1.1063801886022617E-026                  0.0000000000000000E+000                  0.0000000000000000E+000                                        0                 -9.8999999999999986E+001                 -9.9000000000000000E+001                 -9.9000000000000000E+001 
                                     155                  1.9999625715928415E+000                  2.8760028033930057E-001                  4.7218776358680188E+000                 -7.1700684881634364E+000                  5.7113242531541975E+000                  7.5579999999986514E-001                  2.4280000000013474E-001                  1.4000000000000679E-003                  1.1561071839042332E-026                  0.0000000000000000E+000                  0.0000000000000000E+000                                        0                 -9.8999999999999986E+001                 -9.9000000000000000E+001                 -9.9000000000000000E+001 
                                     156                  1.9999625712803475E+000                  2.8747082556932224E-001                  4.7276827111433617E+000                 -7.1516780366977555E+000                  5.7357447221809128E+000                  7.5579999999986525E-001                  2.4280000000013480E-001                  1.3999999999999568E-003                  1.2061276559516931E-026                  0.0000000000000000E+000                  0.0000000000000000E+000                                        0                 -9.8999999999999986E+001                 -9.9000000000000000E+001                 -9.9000000000000000E+001 
                                     157                  1.9999625711241005E+000                  2.8740874082017792E-001                  4.7313614427451851E+000                 -7.1399225641752873E+000                  5.7513027950421902E+000                  7.5579999999986525E-001                  2.4280000000013480E-001                  1.3999999999999568E-003                  1.2392297211498064E-026                  0.0000000000000000E+000                  0.0000000000000000E+000                                        0                 -9.8999999999999986E+001                 -9.9000000000000000E+001                 -9.9000000000000000E+001 
                                     158                  1.9999625709678532E+000                  2.8734828845961524E-001                  4.7357469276341853E+000                 -7.1257293849409082E+000                  5.7700081335569928E+000                  7.5579999999986514E-001                  2.4280000000013471E-001                  1.4000000000001789E-003                  1.2804091390909047E-026                  0.0000000000000000E+000                  0.0000000000000000E+000                                        0                 -9.8999999999999986E+001                 -9.9000000000000000E+001                 -9.9000000000000000E+001 
                                     159                  1.9999625707334827E+000                  2.8726048053131337E-001                  4.7398620087171306E+000                 -7.1119863099645828E+000                  5.7879551917833840E+000                  7.5579999999986525E-001                  2.4280000000013480E-001                  1.3999999999999568E-003                  1.3215863518631660E-026                  0.0000000000000000E+000                  0.0000000000000000E+000                                        0                 -9.8999999999999986E+001                 -9.9000000000000000E+001                 -9.9000000000000000E+001 
                                     160                  1.9999625705772359E+000                  2.8720373701724083E-001                  4.7438033018659480E+000                 -7.0987562065895764E+000                  5.8051987665482221E+000                  7.5579999999986514E-001                  2.4280000000013471E-001                  1.4000000000001789E-003                  1.3624772844902218E-026                  0.0000000000000000E+000                  0.0000000000000000E+000                                        0                 -9.8999999999999986E+001                 -9.9000000000000000E+001                 -9.9000000000000000E+001 
                                     161                  1.9999625703428652E+000                  2.8712113580948789E-001                  4.7475264182478716E+000                 -7.0859281485148928E+000                  5.8217961387643609E+000                  7.5579999999986525E-001                  2.4280000000013480E-001                  1.3999999999999568E-003                  1.4033335015761038E-026                  0.0000000000000000E+000                  0.0000000000000000E+000                                        0                 -9.8999999999999986E+001                 -9.9000000000000000E+001                 -9.9000000000000000E+001 
                                     162                  1.9999625701866184E+000                  2.8706764597916695E-001                  4.7503940282331243E+000                 -7.0759814290388228E+000                  5.8346381834867680E+000                  7.5579999999986514E-001                  2.4280000000013480E-001                  1.4000000000000679E-003                  1.4358544319435146E-026                  0.0000000000000000E+000                  0.0000000000000000E+000                                        0                 -9.8999999999999986E+001                 -9.9000000000000000E+001                 -9.9000000000000000E+001 
                                     163                  1.9999625700303714E+000                  2.8701534820777819E-001                  4.7545379217516208E+000                 -7.0615697264758621E+000                  5.8532249105095966E+000                  7.5579999999986514E-001                  2.4280000000013477E-001                  1.4000000000000679E-003                  1.4843155254546778E-026                  0.0000000000000000E+000                  0.0000000000000000E+000                                        0                 -9.8999999999999986E+001                 -9.9000000000000000E+001                 -9.9000000000000000E+001 
                                     164                  1.9999625697178773E+000                  2.8691411295573999E-001                  4.7597107603842890E+000                 -7.0431246109949690E+000                  5.8768524792473738E+000                  7.5579999999986514E-001                  2.4280000000013477E-001                  1.4000000000000679E-003                  1.5487335682725910E-026                  0.0000000000000000E+000                  0.0000000000000000E+000                                        0                 -9.8999999999999986E+001                 -9.9000000000000000E+001                 -9.9000000000000000E+001 
                                     165                  1.9999625694053831E+000                  2.8681702079979210E-001                  4.7645693694830999E+000                 -7.0255446512121456E+000                  5.8992801959954777E+000                  7.5579999999986525E-001                  2.4280000000013477E-001                  1.3999999999999568E-003                  1.6127308456058834E-026                  0.0000000000000000E+000                  0.0000000000000000E+000                                        0                 -9.8999999999999986E+001                 -9.9000000000000000E+001                 -9.9000000000000000E+001 
                                     166                  1.9999625690928888E+000                  2.8672371905261301E-001                  4.7691512251545465E+000                 -7.0087562865434885E+000                  5.9206242511335851E+000                  7.5579999999986525E-001                  2.4280000000013477E-001                  1.3999999999999568E-003                  1.6763138847880053E-026                  0.0000000000000000E+000                  0.0000000000000000E+000                                        0                 -9.8999999999999986E+001                 -9.9000000000000000E+001                 -9.9000000000000000E+001 
                                     167                  1.9999625687803946E+000                  2.8663389842281134E-001                  4.7734872636230534E+000                 -6.9926941762616028E+000                  5.9409847252724219E+000                  7.5579999999986525E-001                  2.4280000000013477E-001                  1.3999999999999568E-003                  1.7394918972111195E-026                  0.0000000000000000E+000                  0.0000000000000000E+000                                        0                 -9.8999999999999986E+001                 -9.9000000000000000E+001                 -9.9000000000000000E+001 
                                     168                  1.9999625684679003E+000                  2.8654728630953258E-001                  4.7776033609223338E+000                 -6.9773002827699750E+000                  5.9604484372285231E+000                  7.5579999999986514E-001                  2.4280000000013477E-001                  1.4000000000000679E-003                  1.8022753434989339E-026                  0.0000000000000000E+000                  0.0000000000000000E+000                                        0                 -9.8999999999999986E+001                 -9.9000000000000000E+001                 -9.9000000000000000E+001 
                                     169                  1.9999625681554061E+000                  2.8646364128210772E-001                  4.7815215184207567E+000                 -6.9625230665729649E+000                  5.9790911890568266E+000                  7.5579999999986525E-001                  2.4280000000013480E-001                  1.3999999999999568E-003                  1.8646747170307690E-026                  0.0000000000000000E+000                  0.0000000000000000E+000                                        0                 -9.8999999999999986E+001                 -9.9000000000000000E+001                 -9.9000000000000000E+001 
                                     170                  1.9999625678429120E+000                  2.8638274850994094E-001                  4.7847952245267749E+000                 -6.9500534190843553E+000                  5.9947833908674486E+000                  7.5579999999986514E-001                  2.4280000000013474E-001                  1.4000000000000679E-003                  1.9190079746925497E-026                  0.0000000000000000E+000                  0.0000000000000000E+000                                        0                 -9.8999999999999986E+001                 -9.9000000000000000E+001                 -9.9000000000000000E+001 
                                     171                  1.9999625676085415E+000                  2.8632376764354645E-001                  4.7875074467382799E+000                 -6.9397004261576170E+000                  6.0078037835178328E+000                  7.5579999999986514E-001                  2.4280000000013480E-001                  1.4000000000000679E-003                  1.9653195710513862E-026                  0.0000000000000000E+000                  0.0000000000000000E+000                                        0                 -9.8999999999999986E+001                 -9.9000000000000000E+001                 -9.9000000000000000E+001 
                                     172                  1.9999625673741710E+000                  2.8626615297758140E-001                  4.7905697459680052E+000                 -6.9279890308682592E+000                  6.0225244100562865E+000                  7.5579999999986514E-001                  2.4280000000013480E-001                  1.4000000000000679E-003                  2.0190565215184282E-026                  0.0000000000000000E+000                  0.0000000000000000E+000                                        0                 -9.8999999999999986E+001                 -9.9000000000000000E+001                 -9.9000000000000000E+001 
                                     173                  1.9999625670616767E+000                  2.8619134308614558E-001                  4.7939300935840645E+000                 -6.9150403575757160E+000                  6.0387697927625688E+000                  7.5579999999986514E-001                  2.4280000000013480E-001                  1.4000000000000679E-003                  2.0801829204316208E-026                  0.0000000000000000E+000                  0.0000000000000000E+000                                        0                 -9.8999999999999986E+001                 -9.9000000000000000E+001                 -9.9000000000000000E+001 
                                     174                  1.9999625667491827E+000                  2.8611869376838039E-001                  4.7987677581172798E+000                 -6.8964889611273712E+000                  6.0620675167342553E+000                  7.5579999999986525E-001                  2.4280000000013477E-001                  1.3999999999999568E-003                  2.1709974160827665E-026                  0.0000000000000000E+000                  0.0000000000000000E+000                                        0                 -9.8999999999999986E+001                 -9.9000000000000000E+001                 -9.9000000000000000E+001 
                                     175                  1.9999625661241942E+000                  2.8597936907745097E-001                  4.8032811011161964E+000                 -6.8787603072311025E+000                  6.0842064910299012E+000                  7.5579999999986525E-001                  2.4280000000013477E-001                  1.3999999999999568E-003                  2.2614874878814290E-026                  0.0000000000000000E+000                  0.0000000000000000E+000                                        0                 -9.8999999999999986E+001                 -9.9000000000000000E+001                 -9.9000000000000000E+001 
                                     176                  1.9999625658117002E+000                  2.8591244555000378E-001                  4.8076286626136353E+000                 -6.8619380677681399E+000                  6.1052840979005216E+000                  7.5579999999986514E-001                  2.4280000000013477E-001                  1.4000000000000679E-003                  2.3508366734835465E-026                  0.0000000000000000E+000                  0.0000000000000000E+000                                        0                 -9.8999999999999986E+001                 -9.9000000000000000E+001                 -9.9000000000000000E+001 
                                     177                  1.9999625651867119E+000                  2.8578359679453080E-001                  4.8117198918172353E+000                 -6.8458050889151743E+000                  6.1254092458809026E+000                  7.5579999999986514E-001                  2.4280000000013477E-001                  1.4000000000000679E-003                  2.4398398903980312E-026                  0.0000000000000000E+000                  0.0000000000000000E+000                                        0                 -9.8999999999999986E+001                 -9.9000000000000000E+001                 -9.9000000000000000E+001 
                                     178                  1.9999625648742174E+000                  2.8572148076156045E-001                  4.8143623177613390E+000                 -6.8354615633429239E+000                  6.1383331754159229E+000                  7.5579999999986514E-001                  2.4280000000013477E-001                  1.4000000000000679E-003                  2.4986687664224317E-026                  0.0000000000000000E+000                  0.0000000000000000E+000                                        0                 -9.8999999999999986E+001                 -9.9000000000000000E+001                 -9.9000000000000000E+001 
                                     179                  1.9999625645617232E+000                  2.8566080092809837E-001                  4.8175681242159802E+000                 -6.8229520468722802E+000                  6.1539739237963200E+000                  7.5579999999986525E-001                  2.4280000000013477E-001                  1.3999999999999568E-003                  2.5717153893461420E-026                  0.0000000000000000E+000                  0.0000000000000000E+000                                        0                 -9.8999999999999986E+001                 -9.9000000000000000E+001                 -9.9000000000000000E+001 
                                     180                  1.9999625640929821E+000                  2.8557231996108989E-001                  4.8212599099300650E+000                 -6.8084862507084667E+000                  6.1720427548402084E+000                  7.5579999999986514E-001                  2.4280000000013477E-001                  1.4000000000000679E-003                  2.6588523345926208E-026                  0.0000000000000000E+000                  0.0000000000000000E+000                                        0                 -9.8999999999999986E+001                 -9.9000000000000000E+001                 -9.9000000000000000E+001 
                                     181                  1.9999625636242411E+000                  2.8548668615704009E-001                  4.8253954542677775E+000                 -6.7923358093355155E+000                  6.1922302957403010E+000                  7.5579999999986514E-001                  2.4280000000013477E-001                  1.4000000000000679E-003                  2.7596304608475704E-026                  0.0000000000000000E+000                  0.0000000000000000E+000                                        0                 -9.8999999999999986E+001                 -9.9000000000000000E+001                 -9.9000000000000000E+001 
                                     182                  1.9999625629992528E+000                  2.8537660142092325E-001                  4.8287722088675062E+000                 -6.7790240899671277E+000                  6.2088335876487477E+000                  7.5579999999986514E-001                  2.4280000000013477E-001                  1.4000000000000679E-003                  2.8455610355566456E-026                  0.0000000000000000E+000                  0.0000000000000000E+000                                        0                 -9.8999999999999986E+001                 -9.9000000000000000E+001                 -9.9000000000000000E+001 
                                     183                  1.9999625626867585E+000                  2.8532319042915733E-001                  4.8309667317925635E+000                 -6.7704334408732176E+000                  6.2195651892112558E+000                  7.5579999999986514E-001                  2.4280000000013477E-001                  1.4000000000000679E-003                  2.9024315694253738E-026                  0.0000000000000000E+000                  0.0000000000000000E+000                                        0                 -9.8999999999999986E+001                 -9.9000000000000000E+001                 -9.9000000000000000E+001 
                                     184                  1.9999625623742643E+000                  2.8527080642577507E-001                  4.8347089897988669E+000                 -6.7559221322813237E+000                  6.2377315676361116E+000                  7.5579999999986514E-001                  2.4280000000013480E-001                  1.4000000000000679E-003                  3.0010910861561137E-026                  0.0000000000000000E+000                  0.0000000000000000E+000                                        0                 -9.8999999999999986E+001                 -9.9000000000000000E+001                 -9.9000000000000000E+001 
                                     185                  1.9999625615934675E+000                  2.8514414274774819E-001                  4.8402677597239929E+000                 -6.7342496357989230E+000                  6.2648285966676944E+000                  7.5579999999986525E-001                  2.4280000000013477E-001                  1.3999999999999568E-003                  3.1547186820180218E-026                  0.0000000000000000E+000                  0.0000000000000000E+000                                        0                 -9.8999999999999986E+001                 -9.9000000000000000E+001                 -9.9000000000000000E+001 
                                     186                  1.9999625606581235E+000                  2.8499965879394717E-001                  4.8454856079104154E+000                 -6.7138386648145021E+000                  6.2903285952847172E+000                  7.5579999999986525E-001                  2.4280000000013477E-001                  1.3999999999999568E-003                  3.3065893061995651E-026                  0.0000000000000000E+000                  0.0000000000000000E+000                                        0                 -9.8999999999999986E+001                 -9.9000000000000000E+001                 -9.9000000000000000E+001 
                                     187                  1.9999625598799682E+000                  2.8488487185359768E-001                  4.8495441374749069E+000                 -6.6980059683414526E+000                  6.3101207312447070E+000                  7.5579999999986525E-001                  2.4280000000013474E-001                  1.4000000000000679E-003                  3.4294130980897735E-026                  0.0000000000000000E+000                  0.0000000000000000E+000                                        0                 -9.8999999999999986E+001                 -9.9000000000000000E+001                 -9.9000000000000000E+001 
                                     188                  1.9999625592585411E+000                  2.8479642370718133E-001                  4.8538730082352615E+000                 -6.6812805567503046E+000                  6.3310742536913693E+000                  7.5579999999986514E-001                  2.4280000000013471E-001                  1.4000000000001789E-003                  3.5641221921757021E-026                  0.0000000000000000E+000                  0.0000000000000000E+000                                        0                 -9.8999999999999986E+001                 -9.9000000000000000E+001                 -9.9000000000000000E+001 
                                     189                  1.9999625583283445E+000                  2.8466893502174767E-001                  4.8579817253181377E+000                 -6.6653080457532612E+000                  6.3510565735514426E+000                  7.5579999999986514E-001                  2.4280000000013480E-001                  1.4000000000000679E-003                  3.6977050649687546E-026                  0.0000000000000000E+000                  0.0000000000000000E+000                                        0                 -9.8999999999999986E+001                 -9.9000000000000000E+001                 -9.9000000000000000E+001 
                                     190                  1.9999625577092623E+000                  2.8458709109532121E-001                  4.8627278175882100E+000                 -6.6471530618281855E+000                  6.3738525449654020E+000                  7.5579999999986514E-001                  2.4280000000013477E-001                  1.4000000000000679E-003                  3.8556319023680692E-026                  0.0000000000000000E+000                  0.0000000000000000E+000                                        0                 -9.8999999999999986E+001                 -9.9000000000000000E+001                 -9.9000000000000000E+001 
                                     191                  1.9999625564730403E+000                  2.8443022183369143E-001                  4.8671965515921745E+000                 -6.6298482086848516E+000                  6.3955205286885262E+000                  7.5579999999986525E-001                  2.4280000000013471E-001                  1.4000000000000679E-003                  4.0124395659944177E-026                  0.0000000000000000E+000                  0.0000000000000000E+000                                        0                 -9.8999999999999986E+001                 -9.9000000000000000E+001                 -9.9000000000000000E+001 
                                     192                  1.9999625558558369E+000                  2.8435490131933799E-001                  4.8715118710493606E+000                 -6.6134582132513948E+000                  6.4161337358697343E+000                  7.5579999999986525E-001                  2.4280000000013471E-001                  1.4000000000000679E-003                  4.1668350369925173E-026                  0.0000000000000000E+000                  0.0000000000000000E+000                                        0                 -9.8999999999999986E+001                 -9.9000000000000000E+001                 -9.9000000000000000E+001 
                                     193                  1.9999625546231874E+000                  2.8420993574387149E-001                  4.8756002385104598E+000                 -6.5977674804098214E+000                  6.4358205737987975E+000                  7.5579999999986536E-001                  2.4280000000013471E-001                  1.3999999999999568E-003                  4.3202079624085588E-026                  0.0000000000000000E+000                  0.0000000000000000E+000                                        0                 -9.8999999999999986E+001                 -9.9000000000000000E+001                 -9.9000000000000000E+001 
                                     194                  1.9999625540076995E+000                  2.8414006808601711E-001                  4.8792346019358970E+000                 -6.5840421073024684E+000                  6.4531050870108322E+000                  7.5579999999986525E-001                  2.4280000000013474E-001                  1.4000000000000679E-003                  4.4589930802730706E-026                  0.0000000000000000E+000                  0.0000000000000000E+000                                        0                 -9.8999999999999986E+001                 -9.9000000000000000E+001                 -9.9000000000000000E+001 
                                     195                  1.9999625529311376E+000                  2.8402158593085042E-001                  4.8833458686128655E+000                 -6.5684734033325753E+000                  6.4726987160192202E+000                  7.5579999999986525E-001                  2.4280000000013469E-001                  1.4000000000000679E-003                  4.6218230475464777E-026                  0.0000000000000000E+000                  0.0000000000000000E+000                                        0                 -9.8999999999999986E+001                 -9.9000000000000000E+001                 -9.9000000000000000E+001 
                                     196                  1.9999625520085553E+000                  2.8392355228408200E-001                  4.8870012992174514E+000                 -6.5547123627914194E+000                  6.4900409053649151E+000                  7.5579999999986514E-001                  2.4280000000013480E-001                  1.4000000000000679E-003                  4.7706919646147065E-026                  0.0000000000000000E+000                  0.0000000000000000E+000                                        0                 -9.8999999999999986E+001                 -9.9000000000000000E+001                 -9.9000000000000000E+001 
                                     197                  1.9999625510865431E+000                  2.8382857160659281E-001                  4.8914034970077402E+000                 -6.5382853113976216E+000                  6.5107850530802125E+000                  7.5579999999986514E-001                  2.4280000000013477E-001                  1.4000000000000679E-003                  4.9546953348470047E-026                  0.0000000000000000E+000                  0.0000000000000000E+000                                        0                 -9.8999999999999986E+001                 -9.9000000000000000E+001                 -9.9000000000000000E+001 
                                     198                  1.9999625497051612E+000                  2.8369144130987051E-001                  4.8964274024364451E+000                 -6.5195555979890516E+000                  6.5344421208225878E+000                  7.5579999999986525E-001                  2.4280000000013477E-001                  1.3999999999999568E-003                  5.1731680728381541E-026                  0.0000000000000000E+000                  0.0000000000000000E+000                                        0                 -9.8999999999999986E+001                 -9.9000000000000000E+001                 -9.9000000000000000E+001 
                                     199                  1.9999625483253418E+000                  2.8356012614548054E-001                  4.9012140752988502E+000                 -6.5018165346519545E+000                  6.5568790686587946E+000                  7.5579999999986525E-001                  2.4280000000013477E-001                  1.3999999999999568E-003                  5.3889635423940860E-026                  0.0000000000000000E+000                  0.0000000000000000E+000                                        0                 -9.8999999999999986E+001                 -9.9000000000000000E+001                 -9.9000000000000000E+001 
                                     200                  1.9999625469470146E+000                  2.8343409096707151E-001                  4.9050284411428038E+000                 -6.4877065717022946E+000                  6.5747334764692091E+000                  7.5579999999986514E-001                  2.4280000000013477E-001                  1.4000000000000679E-003                  5.5670225374056955E-026                  0.0000000000000000E+000                  0.0000000000000000E+000                                        0                 -9.8999999999999986E+001                 -9.9000000000000000E+001                 -9.9000000000000000E+001 
                                     201                  1.9999625460290722E+000                  2.8335277870468661E-001                  4.9079890892776685E+000                 -6.4768439306203271E+000                  6.5885051188046075E+000                  7.5579999999986525E-001                  2.4280000000013480E-001                  1.3999999999999568E-003                  5.7081015278560815E-026                  0.0000000000000000E+000                  0.0000000000000000E+000                                        0                 -9.8999999999999986E+001                 -9.9000000000000000E+001                 -9.9000000000000000E+001 
                                     202                  1.9999625451115817E+000                  2.8327347007562237E-001                  4.9115842789460871E+000                 -6.4637537772426823E+000                  6.6051306722488281E+000                  7.5579999999986514E-001                  2.4280000000013471E-001                  1.4000000000001789E-003                  5.8828700664645100E-026                  0.0000000000000000E+000                  0.0000000000000000E+000                                        0                 -9.8999999999999986E+001                 -9.9000000000000000E+001                 -9.9000000000000000E+001 
                                     203                  1.9999625437359958E+000                  2.8315801615592023E-001                  4.9157311087931124E+000                 -6.4486791635116241E+000                  6.6242838876880050E+000                  7.5579999999986536E-001                  2.4280000000013471E-001                  1.3999999999999568E-003                  6.0907748582239327E-026                  0.0000000000000000E+000                  0.0000000000000000E+000                                        0                 -9.8999999999999986E+001                 -9.9000000000000000E+001                 -9.9000000000000000E+001 
                                     204                  1.9999625423616598E+000                  2.8304651494037214E-001                  4.9203821972787809E+000                 -6.4319238414441502E+000                  6.6456181631064775E+000                  7.5579999999986536E-001                  2.4280000000013474E-001                  1.3999999999998458E-003                  6.3304952770905454E-026                  0.0000000000000000E+000                  0.0000000000000000E+000                                        0                 -9.8999999999999986E+001                 -9.9000000000000000E+001                 -9.9000000000000000E+001 
                                     205                  1.9999625405300008E+000                  2.8290340893281612E-001                  4.9241888803356870E+000                 -6.4181678556607356E+000                  6.6631206523800195E+000                  7.5579999999986525E-001                  2.4280000000013474E-001                  1.4000000000000679E-003                  6.5343422729381193E-026                  0.0000000000000000E+000                  0.0000000000000000E+000                                        0                 -9.8999999999999986E+001                 -9.9000000000000000E+001                 -9.9000000000000000E+001 
                                     206                  1.9999625396149270E+000                  2.8283409314829366E-001                  4.9272799374599536E+000                 -6.4071512273867501E+000                  6.6771838133934089E+000                  7.5579999999986525E-001                  2.4280000000013477E-001                  1.3999999999999568E-003                  6.7023201951574738E-026                  0.0000000000000000E+000                  0.0000000000000000E+000                                        0                 -9.8999999999999986E+001                 -9.9000000000000000E+001                 -9.9000000000000000E+001 
                                     207                  1.9999625382428505E+000                  2.8273270350077495E-001                  4.9308687362601402E+000                 -6.3943837839505511E+000                  6.6934890330479178E+000                  7.5579999999986525E-001                  2.4280000000013474E-001                  1.4000000000000679E-003                  6.9024051009104539E-026                  0.0000000000000000E+000                  0.0000000000000000E+000                                        0                 -9.8999999999999986E+001                 -9.9000000000000000E+001                 -9.9000000000000000E+001 
                                     208                  1.9999625368713096E+000                  2.8263422156107831E-001                  4.9337660008610777E+000                 -6.3840980752715391E+000                  6.7066314371988165E+000                  7.5579999999986525E-001                  2.4280000000013471E-001                  1.4000000000000679E-003                  7.0679349511286931E-026                  0.0000000000000000E+000                  0.0000000000000000E+000                                        0                 -9.8999999999999986E+001                 -9.9000000000000000E+001                 -9.9000000000000000E+001 
                                     209                  1.9999625359572903E+000                  2.8257009156993357E-001                  4.9360342761714913E+000                 -6.3760974614015193E+000                  6.7168700216287736E+000                  7.5579999999986525E-001                  2.4280000000013477E-001                  1.3999999999999568E-003                  7.1994311196107551E-026                  0.0000000000000000E+000                  0.0000000000000000E+000                                        0                 -9.8999999999999986E+001                 -9.9000000000000000E+001                 -9.9000000000000000E+001 
                                     210                  1.9999625350432713E+000                  2.8250710452383204E-001                  4.9393625583028662E+000                 -6.3644636228296312E+000                  6.7317906036924882E+000                  7.5579999999986525E-001                  2.4280000000013477E-001                  1.3999999999999568E-003                  7.3950209092320709E-026                  0.0000000000000000E+000                  0.0000000000000000E+000                                        0                 -9.8999999999999986E+001                 -9.9000000000000000E+001                 -9.9000000000000000E+001 
                                     211                  1.9999625332165367E+000                  2.8238446906030695E-001                  4.9425701134419597E+000                 -6.3531935439876630E+000                  6.7462266173604641E+000                  7.5579999999986525E-001                  2.4280000000013471E-001                  1.4000000000000679E-003                  7.5895623849392687E-026                  0.0000000000000000E+000                  0.0000000000000000E+000                                        0                 -9.8999999999999986E+001                 -9.9000000000000000E+001                 -9.9000000000000000E+001 
                                     212                  1.9999625323034771E+000                  2.8232470458001069E-001                  4.9446654560384751E+000                 -6.3458963428800050E+000                  6.7555937663666077E+000                  7.5579999999986525E-001                  2.4280000000013474E-001                  1.4000000000000679E-003                  7.7182471379591311E-026                  0.0000000000000000E+000                  0.0000000000000000E+000                                        0                 -9.8999999999999986E+001                 -9.9000000000000000E+001                 -9.9000000000000000E+001 
                                     213                  1.9999625313904179E+000                  2.8226591182898514E-001                  4.9477464531990245E+000                 -6.3352555730743347E+000                  6.7692806310573612E+000                  7.5579999999986525E-001                  2.4280000000013477E-001                  1.3999999999999568E-003                  7.9098170706286730E-026                  0.0000000000000000E+000                  0.0000000000000000E+000                                        0                 -9.8999999999999986E+001                 -9.9000000000000000E+001                 -9.9000000000000000E+001 
                                     214                  1.9999625295648875E+000                  2.8215114051526596E-001                  4.9526978656784468E+000                 -6.3182464801907727E+000                  6.7911875270515170E+000                  7.5579999999986525E-001                  2.4280000000013480E-001                  1.3999999999999568E-003                  8.2259654851869787E-026                  0.0000000000000000E+000                  0.0000000000000000E+000                                        0                 -9.8999999999999986E+001                 -9.9000000000000000E+001                 -9.9000000000000000E+001 
                                     215                  1.9999625268282661E+000                  2.8198553665115850E-001                  4.9574109751596724E+000                 -6.3020294098825484E+000                  6.8120659496765841E+000                  7.5579999999986525E-001                  2.4280000000013477E-001                  1.3999999999999568E-003                  8.5391566813313365E-026                  0.0000000000000000E+000                  0.0000000000000000E+000                                        0                 -9.8999999999999986E+001                 -9.9000000000000000E+001                 -9.9000000000000000E+001 
                                     216                  1.9999625250043864E+000                  2.8187911181584452E-001                  4.9619619264351034E+000                 -6.2866036579705256E+000                  6.8319989717552270E+000                  7.5579999999986514E-001                  2.4280000000013477E-001                  1.4000000000000679E-003                  8.8481284012797104E-026                  0.0000000000000000E+000                  0.0000000000000000E+000                                        0                 -9.8999999999999986E+001                 -9.9000000000000000E+001                 -9.9000000000000000E+001 
                                     217                  1.9999625222693216E+000                  2.8172494903070189E-001                  4.9671770851247290E+000                 -6.2689752308305904E+000                  6.8547937776255443E+000                  7.5579999999986525E-001                  2.4280000000013474E-001                  1.4000000000000679E-003                  9.2149351565732921E-026                  0.0000000000000000E+000                  0.0000000000000000E+000                                        0                 -9.8999999999999986E+001                 -9.9000000000000000E+001                 -9.9000000000000000E+001 
                                     218                  1.9999625195356616E+000                  2.8157684006143102E-001                  4.9713369719453144E+000                 -6.2549574611006822E+000                  6.8729336670568664E+000                  7.5579999999986536E-001                  2.4280000000013474E-001                  1.3999999999998458E-003                  9.5174395174296577E-026                  0.0000000000000000E+000                  0.0000000000000000E+000                                        0                 -9.8999999999999986E+001                 -9.9000000000000000E+001                 -9.9000000000000000E+001 
                                     219                  1.9999625177137650E+000                  2.8148118487693952E-001                  4.9753712104502519E+000                 -6.2415380393283755E+000                  6.8903553375261239E+000                  7.5579999999986525E-001                  2.4280000000013477E-001                  1.3999999999999568E-003                  9.8163343418766927E-026                  0.0000000000000000E+000                  0.0000000000000000E+000                                        0                 -9.8999999999999986E+001                 -9.9000000000000000E+001                 -9.9000000000000000E+001 
                                     220                  1.9999625149816693E+000                  2.8134199311394714E-001                  4.9807893072008005E+000                 -6.2236231189273248E+000                  6.9136481855813168E+000                  7.5579999999986514E-001                  2.4280000000013477E-001                  1.4000000000000679E-003                  1.0230045707207036E-025                  0.0000000000000000E+000                  0.0000000000000000E+000                                        0                 -9.8999999999999986E+001                 -9.9000000000000000E+001                 -9.9000000000000000E+001 
                                     221                  1.9999625113406971E+000                  2.8116379787759327E-001                  4.9866696607522591E+000                 -6.2042568025327265E+000                  6.9388532073268161E+000                  7.5579999999986525E-001                  2.4280000000013480E-001                  1.3999999999999568E-003                  1.0696916118568950E-025                  0.0000000000000000E+000                  0.0000000000000000E+000                                        0                 -9.8999999999999986E+001                 -9.9000000000000000E+001                 -9.9000000000000000E+001 
                                     222                  1.9999625077012217E+000                  2.8099323898237777E-001                  4.9922631229696943E+000                 -6.1859734396712662E+000                  6.9626939658370306E+000                  7.5579999999986525E-001                  2.4280000000013482E-001                  1.3999999999999568E-003                  1.1157223480492216E-025                  0.0000000000000000E+000                  0.0000000000000000E+000                                        0                 -9.8999999999999986E+001                 -9.9000000000000000E+001                 -9.9000000000000000E+001 
                                     223                  1.9999625040658260E+000                  2.8082970612607611E-001                  4.9975945002109379E+000                 -6.1686693276438413E+000                  6.9852982066642788E+000                  7.5579999999986525E-001                  2.4280000000013480E-001                  1.3999999999999568E-003                  1.1611115335006273E-025                  0.0000000000000000E+000                  0.0000000000000000E+000                                        0                 -9.8999999999999986E+001                 -9.9000000000000000E+001                 -9.9000000000000000E+001 
                                     224                  1.9999625004358468E+000                  2.8067262127836262E-001                  5.0033206865961990E+000                 -6.1502634478912031E+000                  7.0094013080768880E+000                  7.5579999999986514E-001                  2.4280000000013488E-001                  1.3999999999999568E-003                  1.2114198492522735E-025                  0.0000000000000000E+000                  0.0000000000000000E+000                                        0                 -9.8999999999999986E+001                 -9.9000000000000000E+001                 -9.9000000000000000E+001 
                                     225                  1.9999624959023885E+000                  2.8048435526430904E-001                  5.0093538110579106E+000                 -6.1309585096992629E+000                  7.0347110094815939E+000                  7.5579999999986514E-001                  2.4280000000013482E-001                  1.4000000000000679E-003                  1.2665302160704674E-025                  0.0000000000000000E+000                  0.0000000000000000E+000                                        0                 -9.8999999999999986E+001                 -9.9000000000000000E+001                 -9.9000000000000000E+001 
                                     226                  1.9999624913775567E+000                  2.8030438856675244E-001                  5.0145121577554690E+000                 -6.1145284153689401E+000                  7.0562770705557840E+000                  7.5579999999986514E-001                  2.4280000000013480E-001                  1.4000000000000679E-003                  1.3154049992886518E-025                  0.0000000000000000E+000                  0.0000000000000000E+000                                        0                 -9.8999999999999986E+001                 -9.9000000000000000E+001                 -9.9000000000000000E+001 
                                     227                  1.9999624877697548E+000                  2.8016607023230333E-001                  5.0189128291399188E+000                 -6.1006286623242376E+000                  7.0745613708512396E+000                  7.5579999999986525E-001                  2.4280000000013485E-001                  1.3999999999998458E-003                  1.3582232252570134E-025                  0.0000000000000000E+000                  0.0000000000000000E+000                                        0                 -9.8999999999999986E+001                 -9.9000000000000000E+001                 -9.9000000000000000E+001 
                                     228                  1.9999624841681738E+000                  2.8003221395635847E-001                  5.0236801784829446E+000                 -6.0856846202369592E+000                  7.0942581707193515E+000                  7.5579999999986525E-001                  2.4280000000013485E-001                  1.3999999999998458E-003                  1.4058151305846112E-025                  0.0000000000000000E+000                  0.0000000000000000E+000                                        0                 -9.8999999999999986E+001                 -9.9000000000000000E+001                 -9.9000000000000000E+001 
                                     229                  1.9999624796661977E+000                  2.7987038798395675E-001                  5.0277447901127541E+000                 -6.0729233234278608E+000                  7.1110710518354949E+000                  7.5579999999986514E-001                  2.4280000000013494E-001                  1.3999999999999568E-003                  1.4477741037079712E-025                  0.0000000000000000E+000                  0.0000000000000000E+000                                        0                 -9.8999999999999986E+001                 -9.9000000000000000E+001                 -9.9000000000000000E+001 
                                     230                  1.9999624769650712E+000                  2.7977602254665829E-001                  5.0312068060632367E+000                 -6.0621696435324166E+000                  7.1252786034005862E+000                  7.5579999999986502E-001                  2.4280000000013491E-001                  1.4000000000000679E-003                  1.4841032965244030E-025                  0.0000000000000000E+000                  0.0000000000000000E+000                                        0                 -9.8999999999999986E+001                 -9.9000000000000000E+001                 -9.9000000000000000E+001 
                                     231                  1.9999624733635692E+000                  2.7965318707166320E-001                  5.0350383870523503E+000                 -6.0502875233468769E+000                  7.1409837460045438E+000                  7.5579999999986502E-001                  2.4280000000013488E-001                  1.4000000000000679E-003                  1.5253062374732416E-025                  0.0000000000000000E+000                  0.0000000000000000E+000                                        0                 -9.8999999999999986E+001                 -9.9000000000000000E+001                 -9.9000000000000000E+001 
                                     232                  1.9999624697620675E+000                  2.7953356663762718E-001                  5.0387507448768059E+000                 -6.0388192920357184E+000                  7.1561571378427233E+000                  7.5579999999986502E-001                  2.4280000000013491E-001                  1.4000000000000679E-003                  1.5661589526341426E-025                  0.0000000000000000E+000                  0.0000000000000000E+000                                        0                 -9.8999999999999986E+001                 -9.9000000000000000E+001                 -9.9000000000000000E+001 
                                     233                  1.9999624661605657E+000                  2.7941696853830356E-001                  5.0423510390121180E+000                 -6.0277371492180576E+000                  7.1708335835335344E+000                  7.5579999999986514E-001                  2.4280000000013491E-001                  1.3999999999999568E-003                  1.6066760374772938E-025                  0.0000000000000000E+000                  0.0000000000000000E+000                                        0                 -9.8999999999999986E+001                 -9.9000000000000000E+001                 -9.9000000000000000E+001 
                                     234                  1.9999624625591412E+000                  2.7930322008662933E-001                  5.0458458325112776E+000                 -6.0170158888080838E+000                  7.1850447166536959E+000                  7.5579999999986514E-001                  2.4280000000013491E-001                  1.3999999999999568E-003                  1.6468714535418132E-025                  0.0000000000000000E+000                  0.0000000000000000E+000                                        0                 -9.8999999999999986E+001                 -9.9000000000000000E+001                 -9.9000000000000000E+001 
                                     235                  1.9999624589577167E+000                  2.7919215912026257E-001                  5.0492411575137837E+000                 -6.0066325740708120E+000                  7.1988193872091770E+000                  7.5579999999986502E-001                  2.4280000000013494E-001                  1.4000000000000679E-003                  1.6867586292136713E-025                  0.0000000000000000E+000                  0.0000000000000000E+000                                        0                 -9.8999999999999986E+001                 -9.9000000000000000E+001                 -9.9000000000000000E+001 
                                     236                  1.9999624553562922E+000                  2.7908363969015276E-001                  5.0525425047508454E+000                 -5.9965664795553772E+000                  7.2121837073564947E+000                  7.5579999999986502E-001                  2.4280000000013494E-001                  1.4000000000000679E-003                  1.7263496811868854E-025                  0.0000000000000000E+000                  0.0000000000000000E+000                                        0                 -9.8999999999999986E+001                 -9.9000000000000000E+001                 -9.9000000000000000E+001 
                                     237                  1.9999624517548682E+000                  2.7897752796945996E-001                  5.0573518876187720E+000                 -5.9820509785149012E+000                  7.2315078247315148E+000                  7.5579999999986502E-001                  2.4280000000013496E-001                  1.4000000000000679E-003                  1.7850833708727654E-025                  0.0000000000000000E+000                  0.0000000000000000E+000                                        0                 -9.8999999999999986E+001                 -9.9000000000000000E+001                 -9.9000000000000000E+001 
                                     238                  1.9999624445520197E+000                  2.7877205949556794E-001                  5.0634466230085504E+000                 -5.9636017485805546E+000                  7.2560493353789584E+000                  7.5579999999986502E-001                  2.4280000000013499E-001                  1.3999999999999568E-003                  1.8626281799960406E-025                  0.0000000000000000E+000                  0.0000000000000000E+000                                        0                 -9.8999999999999986E+001                 -9.9000000000000000E+001                 -9.9000000000000000E+001 
                                     239                  1.9999624373493108E+000                  2.7857486647734325E-001                  5.0680845729551125E+000                 -5.9495501171179335E+000                  7.2747366788689352E+000                  7.5579999999986502E-001                  2.4280000000013496E-001                  1.4000000000000679E-003                  1.9239425677693138E-025                  0.0000000000000000E+000                  0.0000000000000000E+000                                        0                 -9.8999999999999986E+001                 -9.9000000000000000E+001                 -9.9000000000000000E+001 
                                     240                  1.9999624330446057E+000                  2.7846064321518421E-001                  5.0714517658456399E+000                 -5.9394303481744002E+000                  7.2882240955248108E+000                  7.5579999999986502E-001                  2.4280000000013502E-001                  1.3999999999999568E-003                  1.9693473187576549E-025                  0.0000000000000000E+000                  0.0000000000000000E+000                                        0                 -9.8999999999999986E+001                 -9.9000000000000000E+001                 -9.9000000000000000E+001 
                                     241                  1.9999624287399009E+000                  2.7834896366784140E-001                  5.0755404557880217E+000                 -5.9272141870735942E+000                  7.3045313227235118E+000                  7.5579999999986491E-001                  2.4280000000013502E-001                  1.4000000000000679E-003                  2.0255886067841228E-025                  0.0000000000000000E+000                  0.0000000000000000E+000                                        0                 -9.8999999999999986E+001                 -9.9000000000000000E+001                 -9.9000000000000000E+001 
                                     242                  1.9999624222828438E+000                  2.7818593619691723E-001                  5.0802553239773180E+000                 -5.9131105768157006E+000                  7.3233520771465130E+000                  7.5579999999986502E-001                  2.4280000000013499E-001                  1.3999999999999568E-003                  2.0925209734435213E-025                  0.0000000000000000E+000                  0.0000000000000000E+000                                        0                 -9.8999999999999986E+001                 -9.9000000000000000E+001                 -9.9000000000000000E+001 
                                     243                  1.9999624158259053E+000                  2.7802794578349882E-001                  5.0855395529081884E+000                 -5.8973962086336345E+000                  7.3443555607707518E+000                  7.5579999999986502E-001                  2.4280000000013496E-001                  1.4000000000000679E-003                  2.1697072797628414E-025                  0.0000000000000000E+000                  0.0000000000000000E+000                                        0                 -9.8999999999999986E+001                 -9.9000000000000000E+001                 -9.9000000000000000E+001 
                                     244                  1.9999624072166540E+000                  2.7782452411698993E-001                  5.0898583463691294E+000                 -5.8844565031684573E+000                  7.3616155388153564E+000                  7.5579999999986514E-001                  2.4280000000013494E-001                  1.3999999999999568E-003                  2.2353989632714012E-025                  0.0000000000000000E+000                  0.0000000000000000E+000                                        0                 -9.8999999999999986E+001                 -9.9000000000000000E+001                 -9.9000000000000000E+001 
                                     245                  1.9999624029120280E+000                  2.7772569591165824E-001                  5.0940599038406704E+000                 -5.8720491454269830E+000                  7.3782305317706181E+000                  7.5579999999986514E-001                  2.4280000000013491E-001                  1.3999999999999568E-003                  2.3002562020918174E-025                  0.0000000000000000E+000                  0.0000000000000000E+000                                        0                 -9.8999999999999986E+001                 -9.9000000000000000E+001                 -9.9000000000000000E+001 
                                     246                  1.9999623943027767E+000                  2.7753341322146152E-001                  5.0994128881477252E+000                 -5.8561627502758942E+000                  7.3994755889069115E+000                  7.5579999999986502E-001                  2.4280000000013482E-001                  1.4000000000001789E-003                  2.3860556671791900E-025                  0.0000000000000000E+000                  0.0000000000000000E+000                                        0                 -9.8999999999999986E+001                 -9.9000000000000000E+001                 -9.9000000000000000E+001 
                                     247                  1.9999623856936555E+000                  2.7734779778898011E-001                  5.1045300412173624E+000                 -5.8409980818390723E+000                  7.4197633666765670E+000                  7.5579999999986502E-001                  2.4280000000013496E-001                  1.4000000000000679E-003                  2.4709428210749552E-025                  0.0000000000000000E+000                  0.0000000000000000E+000                                        0                 -9.8999999999999986E+001                 -9.9000000000000000E+001                 -9.9000000000000000E+001 
                                     248                  1.9999623770845341E+000                  2.7716832564685268E-001                  5.1088210007550803E+000                 -5.8282596487801479E+000                  7.4367971565677236E+000                  7.5579999999986502E-001                  2.4280000000013499E-001                  1.3999999999999568E-003                  2.5445795129731955E-025                  0.0000000000000000E+000                  0.0000000000000000E+000                                        0                 -9.8999999999999986E+001                 -9.9000000000000000E+001                 -9.9000000000000000E+001 
                                     249                  1.9999623706276932E+000                  2.7703747213634089E-001                  5.1141521756023600E+000                 -5.8126137257140700E+000                  7.4577843448320902E+000                  7.5579999999986514E-001                  2.4280000000013491E-001                  1.3999999999999568E-003                  2.6380349502324007E-025                  0.0000000000000000E+000                  0.0000000000000000E+000                                        0                 -9.8999999999999986E+001                 -9.9000000000000000E+001                 -9.9000000000000000E+001 
                                     250                  1.9999623577140109E+000                  2.7678469088310970E-001                  5.1203016511073116E+000                 -5.7943688894395802E+000                  7.4821851608718735E+000                  7.5579999999986514E-001                  2.4280000000013488E-001                  1.3999999999999568E-003                  2.7513604374267010E-025                  0.0000000000000000E+000                  0.0000000000000000E+000                                        0                 -9.8999999999999986E+001                 -9.9000000000000000E+001                 -9.9000000000000000E+001 
                                     251                  1.9999623469527368E+000                  2.7658239069987428E-001                  5.1261551826977358E+000                 -5.7770864556216921E+000                  7.5053294538860458E+000                  7.5579999999986514E-001                  2.4280000000013488E-001                  1.3999999999999568E-003                  2.8631973939296200E-025                  0.0000000000000000E+000                  0.0000000000000000E+000                                        0                 -9.8999999999999986E+001                 -9.9000000000000000E+001                 -9.9000000000000000E+001 
                                     252                  1.9999623340392079E+000                  2.7634874973650753E-001                  5.1327006421393921E+000                 -5.7577350474395121E+000                  7.5312349121042033E+000                  7.5579999999986514E-001                  2.4280000000013488E-001                  1.3999999999999568E-003                  2.9938299468879976E-025                  0.0000000000000000E+000                  0.0000000000000000E+000                                        0                 -9.8999999999999986E+001                 -9.9000000000000000E+001                 -9.9000000000000000E+001 
                                     253                  1.9999623189734239E+000                  2.7608760183443770E-001                  5.1388627381253826E+000                 -5.7393981766577484E+000                  7.5557388459066379E+000                  7.5579999999986525E-001                  2.4280000000013485E-001                  1.3999999999998458E-003                  3.1231126513117977E-025                  0.0000000000000000E+000                  0.0000000000000000E+000                                        0                 -9.8999999999999986E+001                 -9.9000000000000000E+001                 -9.9000000000000000E+001 
                                     254                  1.9999623060600329E+000                  2.7587266423433893E-001                  5.1447313766315350E+000                 -5.7219714211068915E+000                  7.5790398789169142E+000                  7.5579999999986514E-001                  2.4280000000013488E-001                  1.3999999999999568E-003                  3.2511525171155647E-025                  0.0000000000000000E+000                  0.0000000000000000E+000                                        0                 -9.8999999999999986E+001                 -9.9000000000000000E+001                 -9.9000000000000000E+001 
                                     255                  1.9999622909183454E+000                  2.7563016758343362E-001                  5.1503043536058390E+000                 -5.7052960983479135E+000                  7.6012902213457014E+000                  7.5579999999986514E-001                  2.4280000000013485E-001                  1.4000000000000679E-003                  3.3785865204093341E-025                  0.0000000000000000E+000                  0.0000000000000000E+000                                        0                 -9.8999999999999986E+001                 -9.9000000000000000E+001                 -9.9000000000000000E+001 
                                     256                  1.9999622778908577E+000                  2.7542908141195571E-001                  5.1552203143578339E+000                 -5.6905653505470530E+000                  7.6209381478985172E+000                  7.5579999999986514E-001                  2.4280000000013482E-001                  1.4000000000000679E-003                  3.4953117575886471E-025                  0.0000000000000000E+000                  0.0000000000000000E+000                                        0                 -9.8999999999999986E+001                 -9.9000000000000000E+001                 -9.9000000000000000E+001 
                                     257                  1.9999622648635007E+000                  2.7523443755605931E-001                  5.1606958503431786E+000                 -5.6741512391147868E+000                  7.6428289467115684E+000                  7.5579999999986525E-001                  2.4280000000013477E-001                  1.3999999999999568E-003                  3.6301356553951217E-025                  0.0000000000000000E+000                  0.0000000000000000E+000                                        0                 -9.8999999999999986E+001                 -9.9000000000000000E+001                 -9.9000000000000000E+001 
                                     258                  1.9999622474936916E+000                  2.7498415378229429E-001                  5.1651362414021733E+000                 -5.6606228977328401E+000                  7.6607929677787938E+000                  7.5579999999986514E-001                  2.4280000000013485E-001                  1.4000000000000679E-003                  3.7451596096489050E-025                  0.0000000000000000E+000                  0.0000000000000000E+000                                        0                 -9.8999999999999986E+001                 -9.9000000000000000E+001                 -9.9000000000000000E+001 
                                     259                  1.9999622388087870E+000                  2.7486269413544295E-001                  5.1680099851456616E+000                 -5.6519057323967985E+000                  7.6723818028112118E+000                  7.5579999999986514E-001                  2.4280000000013485E-001                  1.4000000000000679E-003                  3.8212018821295090E-025                  0.0000000000000000E+000                  0.0000000000000000E+000                                        0                 -9.8999999999999986E+001                 -9.9000000000000000E+001                 -9.9000000000000000E+001 
                                     260                  1.9999622301238824E+000                  2.7474354915339938E-001                  5.1708060228289456E+000                 -5.6433992949431877E+000                  7.6836816061896229E+000                  7.5579999999986514E-001                  2.4280000000013491E-001                  1.3999999999999568E-003                  3.8968951877238764E-025                  0.0000000000000000E+000                  0.0000000000000000E+000                                        0                 -9.8999999999999986E+001                 -9.9000000000000000E+001                 -9.9000000000000000E+001 
                                     261                  1.9999622214390493E+000                  2.7462662079461175E-001                  5.1748825573005846E+000                 -5.6310388397675135E+000                  7.7001157630584087E+000                  7.5579999999986514E-001                  2.4280000000013496E-001                  1.3999999999998458E-003                  4.0095651339692394E-025                  0.0000000000000000E+000                  0.0000000000000000E+000                                        0                 -9.8999999999999986E+001                 -9.9000000000000000E+001                 -9.9000000000000000E+001 
                                     262                  1.9999622040693830E+000                  2.7439905546206178E-001                  5.1813328353152031E+000                 -5.6113485360995350E+000                  7.7262484115351242E+000                  7.5579999999986514E-001                  2.4280000000013496E-001                  1.3999999999998458E-003                  4.1958207651875614E-025                  0.0000000000000000E+000                  0.0000000000000000E+000                                        0                 -9.8999999999999986E+001                 -9.9000000000000000E+001                 -9.9000000000000000E+001 
                                     263                  1.9999621780148837E+000                  2.7407221288827682E-001                  5.1867539182953033E+000                 -5.5944092735740503E+000                  7.7485919908257310E+000                  7.5579999999986514E-001                  2.4280000000013494E-001                  1.3999999999999568E-003                  4.3629674364326114E-025                  0.0000000000000000E+000                  0.0000000000000000E+000                                        0                 -9.8999999999999986E+001                 -9.9000000000000000E+001                 -9.9000000000000000E+001 
                                     264                  1.9999621649300043E+000                  2.7391408302978792E-001                  5.1902461866045799E+000                 -5.5835485515994678E+000                  7.7629355082261489E+000                  7.5579999999986502E-001                  2.4280000000013494E-001                  1.4000000000000679E-003                  4.4736240662716040E-025                  0.0000000000000000E+000                  0.0000000000000000E+000                                        0                 -9.8999999999999986E+001                 -9.9000000000000000E+001                 -9.9000000000000000E+001 
                                     265                  1.9999621518451252E+000                  2.7375969204315093E-001                  5.1942001994022124E+000                 -5.5712322185740657E+000                  7.7791946220717456E+000                  7.5579999999986502E-001                  2.4280000000013488E-001                  1.4000000000000679E-003                  4.6025139596369809E-025                  0.0000000000000000E+000                  0.0000000000000000E+000                                        0                 -9.8999999999999986E+001                 -9.9000000000000000E+001                 -9.9000000000000000E+001 
                                     266                  1.9999621342447089E+000                  2.7355757936607489E-001                  5.1985406370249585E+000                 -5.5575929486120579E+000                  7.7971589355354327E+000                  7.5579999999986502E-001                  2.4280000000013488E-001                  1.4000000000000679E-003                  4.7495894297871812E-025                  0.0000000000000000E+000                  0.0000000000000000E+000                                        0                 -9.8999999999999986E+001                 -9.9000000000000000E+001                 -9.9000000000000000E+001 
                                     267                  1.9999621166442931E+000                  2.7336144592142669E-001                  5.2037306202065601E+000                 -5.5412680036852136E+000                  7.8186550547277154E+000                  7.5579999999986514E-001                  2.4280000000013488E-001                  1.3999999999999568E-003                  4.9318222371980514E-025                  0.0000000000000000E+000                  0.0000000000000000E+000                                        0                 -9.8999999999999986E+001                 -9.9000000000000000E+001                 -9.9000000000000000E+001 
                                     268                  1.9999620902438231E+000                  2.7307763093480208E-001                  5.2086200559748885E+000                 -5.5255978535568131E+000                  7.8391894964612021E+000                  7.5579999999986502E-001                  2.4280000000013488E-001                  1.4000000000000679E-003                  5.1133246809525234E-025                  0.0000000000000000E+000                  0.0000000000000000E+000                                        0                 -9.8999999999999986E+001                 -9.9000000000000000E+001                 -9.9000000000000000E+001 
                                     269                  1.9999620726435094E+000                  2.7289483190902847E-001                  5.2123757617474409E+000                 -5.5135520263725901E+000                  7.8549715099424136E+000                  7.5579999999986514E-001                  2.4280000000013488E-001                  1.3999999999999568E-003                  5.2573797538690492E-025                  0.0000000000000000E+000                  0.0000000000000000E+000                                        0                 -9.8999999999999986E+001                 -9.9000000000000000E+001                 -9.9000000000000000E+001 
                                     270                  1.9999620550431962E+000                  2.7271681171092987E-001                  5.2177854936701999E+000                 -5.4962516035010776E+000                  7.8776548804260749E+000                  7.5579999999986514E-001                  2.4280000000013491E-001                  1.3999999999999568E-003                  5.4714092284307132E-025                  0.0000000000000000E+000                  0.0000000000000000E+000                                        0                 -9.8999999999999986E+001                 -9.9000000000000000E+001                 -9.9000000000000000E+001 
                                     271                  1.9999620198425696E+000                  2.7237405975884615E-001                  5.2228340851461734E+000                 -5.4796397495281228E+000                  7.8992785206314950E+000                  7.5579999999986514E-001                  2.4280000000013485E-001                  1.4000000000000679E-003                  5.6851228959941033E-025                  0.0000000000000000E+000                  0.0000000000000000E+000                                        0                 -9.8999999999999986E+001                 -9.9000000000000000E+001                 -9.9000000000000000E+001 
                                     272                  1.9999620022423512E+000                  2.7220882637143029E-001                  5.2260786389288416E+000                 -5.4690010750423097E+000                  7.9131390953901031E+000                  7.5579999999986502E-001                  2.4280000000013491E-001                  1.4000000000000679E-003                  5.8263593402561935E-025                  0.0000000000000000E+000                  0.0000000000000000E+000                                        0                 -9.8999999999999986E+001                 -9.9000000000000000E+001                 -9.9000000000000000E+001 
                                     273                  1.9999619846421324E+000                  2.7204740943205030E-001                  5.2307748104827532E+000                 -5.4536412822112368E+000                  7.9331633207973198E+000                  7.5579999999986502E-001                  2.4280000000013494E-001                  1.4000000000000679E-003                  6.0364903252725400E-025                  0.0000000000000000E+000                  0.0000000000000000E+000                                        0                 -9.8999999999999986E+001                 -9.9000000000000000E+001                 -9.9000000000000000E+001 
                                     274                  1.9999619494416954E+000                  2.7173528370742095E-001                  5.2366538546516637E+000                 -5.4340620678509124E+000                  7.9585731290352637E+000                  7.5579999999986502E-001                  2.4280000000013491E-001                  1.4000000000000679E-003                  6.3153789308067675E-025                  0.0000000000000000E+000                  0.0000000000000000E+000                                        0                 -9.8999999999999986E+001                 -9.9000000000000000E+001                 -9.9000000000000000E+001 
                                     275                  1.9999619142414329E+000                  2.7143628804929382E-001                  5.2421849221257864E+000                 -5.4154742514572796E+000                  7.9826424092651260E+000                  7.5579999999986514E-001                  2.4280000000013494E-001                  1.3999999999999568E-003                  6.5920706680538274E-025                  0.0000000000000000E+000                  0.0000000000000000E+000                                        0                 -9.8999999999999986E+001                 -9.9000000000000000E+001                 -9.9000000000000000E+001 
                                     276                  1.9999618790411706E+000                  2.7114923898303628E-001                  5.2468001604146091E+000                 -5.3997859604265761E+000                  8.0029002559414657E+000                  7.5579999999986502E-001                  2.4280000000013488E-001                  1.4000000000000679E-003                  6.8350223873936900E-025                  0.0000000000000000E+000                  0.0000000000000000E+000                                        0                 -9.8999999999999986E+001                 -9.9000000000000000E+001                 -9.9000000000000000E+001 
                                     277                  1.9999618520536262E+000                  2.7093660392412788E-001                  5.2515915376325157E+000                 -5.3835313400895179E+000                  8.0238998214244894E+000                  7.5579999999986514E-001                  2.4280000000013488E-001                  1.3999999999999568E-003                  7.0962024467369333E-025                  0.0000000000000000E+000                  0.0000000000000000E+000                                        0                 -9.8999999999999986E+001                 -9.9000000000000000E+001                 -9.9000000000000000E+001 
                                     278                  1.9999618115723099E+000                  2.7062881562702817E-001                  5.2561120479826462E+000                 -5.3679148941394521E+000                  8.0439861863390512E+000                  7.5579999999986502E-001                  2.4280000000013491E-001                  1.4000000000000679E-003                  7.3565331091739919E-025                  0.0000000000000000E+000                  0.0000000000000000E+000                                        0                 -9.8999999999999986E+001                 -9.9000000000000000E+001                 -9.9000000000000000E+001 
                                     279                  1.9999617845848805E+000                  2.7043052521441163E-001                  5.2613164350835371E+000                 -5.3500860656670515E+000                  8.0669651287818525E+000                  7.5579999999986514E-001                  2.4280000000013488E-001                  1.3999999999999568E-003                  7.6654525773451652E-025                  0.0000000000000000E+000                  0.0000000000000000E+000                                        0                 -9.8999999999999986E+001                 -9.9000000000000000E+001                 -9.9000000000000000E+001 
                                     280                  1.9999617306100217E+000                  2.7004913256676361E-001                  5.2661741083160001E+000                 -5.3329831610064380E+000                  8.0888639551113322E+000                  7.5579999999986514E-001                  2.4280000000013491E-001                  1.3999999999999568E-003                  7.9739904882663915E-025                  0.0000000000000000E+000                  0.0000000000000000E+000                                        0                 -9.8999999999999986E+001                 -9.9000000000000000E+001                 -9.9000000000000000E+001 
                                     281                  1.9999617036226893E+000                  2.6986544254381362E-001                  5.2700740260884382E+000                 -5.3193660160313927E+000                  8.1063344562991126E+000                  7.5579999999986514E-001                  2.4280000000013488E-001                  1.3999999999999568E-003                  8.2285103443954576E-025                  0.0000000000000000E+000                  0.0000000000000000E+000                                        0                 -9.8999999999999986E+001                 -9.9000000000000000E+001                 -9.9000000000000000E+001 
                                     282                  1.9999616631416912E+000                  2.6959799639152782E-001                  5.2737907881929518E+000                 -5.3061985330276755E+000                  8.1231698882428915E+000                  7.5579999999986514E-001                  2.4280000000013485E-001                  1.4000000000000679E-003                  8.4823569820607342E-025                  0.0000000000000000E+000                  0.0000000000000000E+000                                        0                 -9.8999999999999986E+001                 -9.9000000000000000E+001                 -9.9000000000000000E+001 
                                     283                  1.9999616361543595E+000                  2.6942476018246886E-001                  5.2780995581729799E+000                 -5.2910462655280703E+000                  8.1425773202579084E+000                  7.5579999999986514E-001                  2.4280000000013491E-001                  1.3999999999999568E-003                  8.7841829303413050E-025                  0.0000000000000000E+000                  0.0000000000000000E+000                                        0                 -9.8999999999999986E+001                 -9.9000000000000000E+001                 -9.9000000000000000E+001 
                                     284                  1.9999615821796954E+000                  2.6908957952088569E-001                  5.2841829835442633E+000                 -5.2693895846481107E+000                  8.1702358408384939E+000                  7.5579999999986514E-001                  2.4280000000013482E-001                  1.4000000000000679E-003                  9.2343337305353049E-025                  0.0000000000000000E+000                  0.0000000000000000E+000                                        0                 -9.8999999999999986E+001                 -9.9000000000000000E+001                 -9.9000000000000000E+001 
                                     285                  1.9999615147116070E+000                  2.6868997272021972E-001                  5.2892276072920366E+000                 -5.2510869719404534E+000                  8.1935076639351028E+000                  7.5579999999986525E-001                  2.4280000000013477E-001                  1.3999999999999568E-003                  9.6327269773275420E-025                  0.0000000000000000E+000                  0.0000000000000000E+000                                        0                 -9.8999999999999986E+001                 -9.9000000000000000E+001                 -9.9000000000000000E+001 
                                     286                  1.9999614742307543E+000                  2.6845960237874333E-001                  5.2932921588542792E+000                 -5.2364080353258391E+000                  8.2121923675425457E+000                  7.5579999999986525E-001                  2.4280000000013474E-001                  1.4000000000000679E-003                  9.9646430960778927E-025                  0.0000000000000000E+000                  0.0000000000000000E+000                                        0                 -9.8999999999999986E+001                 -9.9000000000000000E+001                 -9.9000000000000000E+001 
                                     287                  1.9999614239478385E+000                  2.6818247486005015E-001                  5.2974282574063940E+000                 -5.2213400866143811E+000                  8.2313338326586347E+000                  7.5579999999986525E-001                  2.4280000000013474E-001                  1.4000000000000679E-003                  1.0317268450862842E-024                  0.0000000000000000E+000                  0.0000000000000000E+000                                        0                 -9.8999999999999986E+001                 -9.9000000000000000E+001                 -9.9000000000000000E+001 
                                     288                  1.9999613773566443E+000                  2.6793399939394813E-001                  5.3012395443899294E+000                 -5.2074045512241653E+000                  8.2490221062608047E+000                  7.5579999999986525E-001                  2.4280000000013474E-001                  1.4000000000000679E-003                  1.0750876568035450E-024                  0.0000000000000000E+000                  0.0000000000000000E+000                                        0                 -9.8999999999999986E+001                 -9.9000000000000000E+001                 -9.9000000000000000E+001 
                                     289                  1.9999613307654498E+000                  2.6769296320658692E-001                  5.3058075188732534E+000                 -5.1907141603316962E+000                  8.2702109843649687E+000                  7.5579999999986525E-001                  2.4280000000013477E-001                  1.3999999999999568E-003                  1.3581538550101927E-024                  0.0000000000000000E+000                  0.0000000000000000E+000                                        0                 -9.8999999999999986E+001                 -9.9000000000000000E+001                 -9.9000000000000000E+001 
                                     290                  1.9999612608786581E+000                  2.6734433095140098E-001                  5.3118397793478387E+000                 -5.1685367421574222E+000                  8.2983264129254515E+000                  7.5579999999986514E-001                  2.4280000000013471E-001                  1.4000000000001789E-003                  1.8478912394897735E-024                  0.0000000000000000E+000                  0.0000000000000000E+000                                        0                 -9.8999999999999986E+001                 -9.9000000000000000E+001                 -9.9000000000000000E+001 
                                     291                  1.9999611676966025E+000                  2.6690142187814969E-001                  5.3166615134735284E+000                 -5.1504550086728145E+000                  8.3211469959697766E+000                  7.5579999999986536E-001                  2.4280000000013466E-001                  1.3999999999999568E-003                  2.3634138225778038E-024                  0.0000000000000000E+000                  0.0000000000000000E+000                                        0                 -9.8999999999999986E+001                 -9.9000000000000000E+001                 -9.9000000000000000E+001 
                                     292                  1.9999611211055746E+000                  2.6668851646676661E-001                  5.3205330378654176E+000                 -5.1360871025266581E+000                  8.3393237650701764E+000                  7.5579999999986536E-001                  2.4280000000013471E-001                  1.3999999999999568E-003                  2.8770471317725112E-024                  0.0000000000000000E+000                  0.0000000000000000E+000                                        0                 -9.8999999999999986E+001                 -9.9000000000000000E+001                 -9.9000000000000000E+001 
                                     293                  1.9999610512190331E+000                  2.6637899294889184E-001                  5.3245907100447241E+000                 -5.1208692534011071E+000                  8.3585304029427245E+000                  7.5579999999986514E-001                  2.4280000000013471E-001                  1.4000000000001789E-003                  3.5349707020494320E-024                  0.0000000000000000E+000                  0.0000000000000000E+000                                        0                 -9.8999999999999986E+001                 -9.9000000000000000E+001                 -9.9000000000000000E+001 
                                     294                  1.9999609929804578E+000                  2.6612945786538184E-001                  5.3281348501478165E+000                 -5.1075626834537271E+000                  8.3753209820420160E+000                  7.5579999999986514E-001                  2.4280000000013471E-001                  1.4000000000001789E-003                  4.2298451826264048E-024                  0.0000000000000000E+000                  0.0000000000000000E+000                                        0                 -9.8999999999999986E+001                 -9.9000000000000000E+001                 -9.9000000000000000E+001 
                                     295                  1.9999609347418821E+000                  2.6588704091960697E-001                  5.3312064769395580E+000                 -5.0959733875970610E+000                  8.3899287956401949E+000                  7.5579999999986525E-001                  2.4280000000013469E-001                  1.4000000000000679E-003                  4.9406251712667422E-024                  0.0000000000000000E+000                  0.0000000000000000E+000                                        0                 -9.8999999999999986E+001                 -9.9000000000000000E+001                 -9.9000000000000000E+001 
                                     296                  1.9999608881510218E+000                  2.6569793245248136E-001                  5.3351750782882039E+000                 -5.0811012071120079E+000                  8.4087036128654535E+000                  7.5579999999986536E-001                  2.4280000000013471E-001                  1.3999999999999568E-003                  6.0344090964595534E-024                  0.0000000000000000E+000                  0.0000000000000000E+000                                        0                 -9.8999999999999986E+001                 -9.9000000000000000E+001                 -9.9000000000000000E+001 
                                     297                  1.9999607949693010E+000                  2.6533174652850178E-001                  5.3401826139658519E+000                 -5.0621092115668240E+000                  8.4326155078337717E+000                  7.5579999999986525E-001                  2.4280000000013469E-001                  1.4000000000000679E-003                  7.7647595955022901E-024                  0.0000000000000000E+000                  0.0000000000000000E+000                                        0                 -9.8999999999999986E+001                 -9.9000000000000000E+001                 -9.9000000000000000E+001 
                                     298                  1.9999607017879193E+000                  2.6498036054153656E-001                  5.3442843571648364E+000                 -5.0464376878401982E+000                  8.4523150253209511E+000                  7.5579999999986525E-001                  2.4280000000013460E-001                  1.4000000000001789E-003                  9.5425082447869871E-024                  0.0000000000000000E+000                  0.0000000000000000E+000                                        0                 -9.8999999999999986E+001                 -9.9000000000000000E+001                 -9.9000000000000000E+001 
                                     299                  1.9999606340589122E+000                  2.6473349759740156E-001                  5.3492616856737243E+000                 -5.0276150365576830E+000                  8.4760304394324404E+000                  7.5579999999986525E-001                  2.4280000000013469E-001                  1.4000000000000679E-003                  1.2240294616697836E-023                  0.0000000000000000E+000                  0.0000000000000000E+000                                        0                 -9.8999999999999986E+001                 -9.9000000000000000E+001                 -9.9000000000000000E+001 
                                     300                  1.9999604986008981E+000                  2.6425953469973162E-001                  5.3554594022412827E+000                 -5.0038442404276413E+000                  8.5058874742416517E+000                  7.5579999999986525E-001                  2.4280000000013477E-001                  1.3999999999999568E-003                  1.6682990180862530E-023                  0.0000000000000000E+000                  0.0000000000000000E+000                                        0                 -9.8999999999999986E+001                 -9.9000000000000000E+001                 -9.9000000000000000E+001 
                                     301                  1.9999603631433880E+000                  2.6380938379851743E-001                  5.3598217323169068E+000                 -4.9869206614959785E+000                  8.5270915589986327E+000                  7.5579999999986514E-001                  2.4280000000013480E-001                  1.4000000000000679E-003                  2.0739411896480289E-023                  0.0000000000000000E+000                  0.0000000000000000E+000                                        0                 -9.8999999999999986E+001                 -9.9000000000000000E+001                 -9.9000000000000000E+001 
                                     302                  1.9999602954146329E+000                  2.6359241096066927E-001                  5.3626365345360076E+000                 -4.9760759637281247E+000                  8.5407002122352065E+000                  7.5579999999986514E-001                  2.4280000000013477E-001                  1.4000000000000679E-003                  2.3854427692059797E-023                  0.0000000000000000E+000                  0.0000000000000000E+000                                        0                 -9.8999999999999986E+001                 -9.9000000000000000E+001                 -9.9000000000000000E+001 
                                     303                  1.9999602276858777E+000                  2.6338047530092196E-001                  5.3660801738376565E+000                 -4.9628417062555190E+000                  8.5573169557340840E+000                  7.5579999999986514E-001                  2.4280000000013488E-001                  1.3999999999999568E-003                  2.8296527898824552E-023                  0.0000000000000000E+000                  0.0000000000000000E+000                                        0                 -9.8999999999999986E+001                 -9.9000000000000000E+001                 -9.9000000000000000E+001 
                                     304                  1.9999601244888607E+000                  2.6306667570093167E-001                  5.3708038561574236E+000                 -4.9446497293558922E+000                  8.5801485437869331E+000                  7.5579999999986514E-001                  2.4280000000013485E-001                  1.4000000000000679E-003                  3.5746394167860860E-023                  0.0000000000000000E+000                  0.0000000000000000E+000                                        0                 -9.8999999999999986E+001                 -9.9000000000000000E+001                 -9.9000000000000000E+001 
                                     305                  1.9999599826158134E+000                  2.6265192615202082E-001                  5.3753286315797215E+000                 -4.9270410253693173E+000                  8.6021983826957999E+000                  7.5579999999986514E-001                  2.4280000000013480E-001                  1.4000000000000679E-003                  4.4704095341021307E-023                  0.0000000000000000E+000                  0.0000000000000000E+000                                        0                 -9.8999999999999986E+001                 -9.9000000000000000E+001                 -9.9000000000000000E+001 
                                     306                  1.9999598762110282E+000                  2.6235248613609102E-001                  5.3796648275661676E+000                 -4.9102588545192507E+000                  8.6232391714188807E+000                  7.5579999999986525E-001                  2.4280000000013480E-001                  1.3999999999999568E-003                  5.5341850494684844E-023                  0.0000000000000000E+000                  0.0000000000000000E+000                                        0                 -9.8999999999999986E+001                 -9.9000000000000000E+001                 -9.9000000000000000E+001 
                                     307                  1.9999597343379809E+000                  2.6196745747827921E-001                  5.3831995506046475E+000                 -4.8964096717857402E+000                  8.6405568540027691E+000                  7.5579999999986525E-001                  2.4280000000013474E-001                  1.4000000000000679E-003                  6.5856779285109987E-023                  0.0000000000000000E+000                  0.0000000000000000E+000                                        0                 -9.8999999999999986E+001                 -9.9000000000000000E+001                 -9.9000000000000000E+001 
                                     308                  1.9999596634014574E+000                  2.6178061665206315E-001                  5.3854944963098923E+000                 -4.8874709399848086E+000                  8.6517488559416407E+000                  7.5579999999986536E-001                  2.4280000000013471E-001                  1.3999999999999568E-003                  7.3706169154312986E-023                  0.0000000000000000E+000                  0.0000000000000000E+000                                        0                 -9.8999999999999986E+001                 -9.9000000000000000E+001                 -9.9000000000000000E+001 
                                     309                  1.9999595924649340E+000                  2.6159734798859602E-001                  5.3882918452683626E+000                 -4.8765993962472649E+000                  8.6653676815449376E+000                  7.5579999999986536E-001                  2.4280000000013466E-001                  1.3999999999999568E-003                  8.4525975798252977E-023                  0.0000000000000000E+000                  0.0000000000000000E+000                                        0                 -9.8999999999999986E+001                 -9.9000000000000000E+001                 -9.9000000000000000E+001 
                                     310                  1.9999594860601486E+000                  2.6132882245638700E-001                  5.3926079611409357E+000                 -4.8598496252622736E+000                  8.6863573226920714E+000                  7.5579999999986547E-001                  2.4280000000013460E-001                  1.3999999999999568E-003                  1.0436069995992753E-022                  0.0000000000000000E+000                  0.0000000000000000E+000                                        0                 -9.8999999999999986E+001                 -9.9000000000000000E+001                 -9.9000000000000000E+001 
                                     311                  1.9999593087188396E+000                  2.6089716948604802E-001                  5.3961876282063317E+000                 -4.8457243201338427E+000                  8.7039948810005097E+000                  7.5579999999986536E-001                  2.4280000000013460E-001                  1.4000000000000679E-003                  1.2430902285934464E-022                  0.0000000000000000E+000                  0.0000000000000000E+000                                        0                 -9.8999999999999986E+001                 -9.9000000000000000E+001                 -9.9000000000000000E+001 
                                     312                  1.9999592377823161E+000                  2.6072968743948122E-001                  5.3984349017583506E+000                 -4.8369429886956530E+000                  8.7149831228657071E+000                  7.5579999999986536E-001                  2.4280000000013466E-001                  1.3999999999999568E-003                  1.3868082023013822E-022                  0.0000000000000000E+000                  0.0000000000000000E+000                                        0                 -9.8999999999999986E+001                 -9.9000000000000000E+001                 -9.9000000000000000E+001 
                                     313                  1.9999591491116615E+000                  2.6052426102254689E-001                  5.4008674083869863E+000                 -4.8274176965446083E+000                  8.7268970318464341E+000                  7.5579999999986525E-001                  2.4280000000013471E-001                  1.4000000000000679E-003                  1.5609486451886261E-022                  0.0000000000000000E+000                  0.0000000000000000E+000                                        0                 -9.8999999999999986E+001                 -9.9000000000000000E+001                 -9.9000000000000000E+001 
                                     314                  1.9999590604410071E+000                  2.6032300864546387E-001                  5.4046618470230436E+000                 -4.8126693217274772E+000                  8.7453739497747041E+000                  7.5579999999986525E-001                  2.4280000000013474E-001                  1.4000000000000679E-003                  1.8760805598709067E-022                  0.0000000000000000E+000                  0.0000000000000000E+000                                        0                 -9.8999999999999986E+001                 -9.9000000000000000E+001                 -9.9000000000000000E+001 
                                     315                  1.9999588647999693E+000                  2.5989285890412656E-001                  5.4091690632336631E+000                 -4.7949409997850481E+000                  8.7675277621285463E+000                  7.5579999999986514E-001                  2.4280000000013485E-001                  1.4000000000000679E-003                  2.3338397783638358E-022                  0.0000000000000000E+000                  0.0000000000000000E+000                                        0                 -9.8999999999999986E+001                 -9.9000000000000000E+001                 -9.9000000000000000E+001 
                                     316                  1.9999587046271934E+000                  2.5955387908499317E-001                  5.4130574382958807E+000                 -4.7796793466849374E+000                  8.7866084985930577E+000                  7.5579999999986514E-001                  2.4280000000013488E-001                  1.3999999999999568E-003                  2.8158988136892583E-022                  0.0000000000000000E+000                  0.0000000000000000E+000                                        0                 -9.8999999999999986E+001                 -9.9000000000000000E+001                 -9.9000000000000000E+001 
                                     317                  1.9999585444544172E+000                  2.5922584972954643E-001                  5.4167918926183471E+000                 -4.7650158978831492E+000                  8.8049402376443968E+000                  7.5579999999986514E-001                  2.4280000000013491E-001                  1.3999999999999568E-003                  3.3709156107321720E-022                  0.0000000000000000E+000                  0.0000000000000000E+000                                        0                 -9.8999999999999986E+001                 -9.9000000000000000E+001                 -9.9000000000000000E+001 
                                     318                  1.9999583842816411E+000                  2.5890800275496145E-001                  5.4197877857139902E+000                 -4.7532091683646378E+000                  8.8196893110727004E+000                  7.5579999999986525E-001                  2.4280000000013482E-001                  1.3999999999999568E-003                  3.8934425993430999E-022                  0.0000000000000000E+000                  0.0000000000000000E+000                                        0                 -9.8999999999999986E+001                 -9.9000000000000000E+001                 -9.9000000000000000E+001 
                                     319                  1.9999582774997906E+000                  2.5870141394332291E-001                  5.4221237495947321E+000                 -4.7440337524926024E+000                  8.8311597372561739E+000                  7.5579999999986525E-001                  2.4280000000013474E-001                  1.4000000000000679E-003                  4.3553060070125996E-022                  0.0000000000000000E+000                  0.0000000000000000E+000                                        0                 -9.8999999999999986E+001                 -9.9000000000000000E+001                 -9.9000000000000000E+001 
                                     320                  1.9999581707179399E+000                  2.5849885794888100E-001                  5.4250478757417335E+000                 -4.7325876522133319E+000                  8.8454797075742366E+000                  7.5579999999986536E-001                  2.4280000000013471E-001                  1.3999999999999568E-003                  5.0097778478515284E-022                  0.0000000000000000E+000                  0.0000000000000000E+000                                        0                 -9.8999999999999986E+001                 -9.9000000000000000E+001                 -9.9000000000000000E+001 
                                     321                  1.9999580033537037E+000                  2.5818909273196999E-001                  5.4284907213568854E+000                 -4.7190558716970150E+000                  8.8623944968147654E+000                  7.5579999999986525E-001                  2.4280000000013460E-001                  1.4000000000001789E-003                  5.9062491700429382E-022                  0.0000000000000000E+000                  0.0000000000000000E+000                                        0                 -9.8999999999999986E+001                 -9.9000000000000000E+001                 -9.9000000000000000E+001 
                                     322                  1.9999578359894679E+000                  2.5788819641888600E-001                  5.4323637873417407E+000                 -4.7038758309317839E+000                  8.8813815656525570E+000                  7.5579999999986536E-001                  2.4280000000013471E-001                  1.3999999999999568E-003                  7.1040528292911706E-022                  0.0000000000000000E+000                  0.0000000000000000E+000                                        0                 -9.8999999999999986E+001                 -9.9000000000000000E+001                 -9.9000000000000000E+001 
                                     323                  1.9999576128379966E+000                  2.5749986036095307E-001                  5.4365947852683609E+000                 -4.6872323352038707E+000                  8.9021833743606660E+000                  7.5579999999986525E-001                  2.4280000000013477E-001                  1.3999999999999568E-003                  8.6884719194717762E-022                  0.0000000000000000E+000                  0.0000000000000000E+000                                        0                 -9.8999999999999986E+001                 -9.9000000000000000E+001                 -9.9000000000000000E+001 
                                     324                  1.9999573896865255E+000                  2.5712513868348369E-001                  5.4405962153533043E+000                 -4.6714823147095927E+000                  8.9218664683706965E+000                  7.5579999999986514E-001                  2.4280000000013477E-001                  1.4000000000000679E-003                  1.0505737063439657E-021                  0.0000000000000000E+000                  0.0000000000000000E+000                                        0                 -9.8999999999999986E+001                 -9.9000000000000000E+001                 -9.9000000000000000E+001 
                                     325                  1.9999571719164859E+000                  2.5677158970125485E-001                  5.4443903442872896E+000                 -4.6565481338420112E+000                  8.9405304612352428E+000                  7.5579999999986514E-001                  2.4280000000013482E-001                  1.4000000000000679E-003                  1.2573035092096424E-021                  0.0000000000000000E+000                  0.0000000000000000E+000                                        0                 -9.8999999999999986E+001                 -9.9000000000000000E+001                 -9.9000000000000000E+001 
                                     326                  1.9999569541464468E+000                  2.5642916950570183E-001                  5.4475730400918660E+000                 -4.6439846070596165E+000                  8.9562224569387272E+000                  7.5579999999986514E-001                  2.4280000000013480E-001                  1.4000000000000679E-003                  1.4614053532518046E-021                  0.0000000000000000E+000                  0.0000000000000000E+000                                        0                 -9.8999999999999986E+001                 -9.9000000000000000E+001                 -9.9000000000000000E+001 
                                     327                  1.9999567921642751E+000                  2.5618122726413767E-001                  5.4502113730626034E+000                 -4.6335968596640091E+000                  8.9692043293716086E+000                  7.5579999999986514E-001                  2.4280000000013480E-001                  1.4000000000000679E-003                  1.6550028651663410E-021                  0.0000000000000000E+000                  0.0000000000000000E+000                                        0                 -9.8999999999999986E+001                 -9.9000000000000000E+001                 -9.9000000000000000E+001 
                                     328                  1.9999566301821037E+000                  2.5593873469748152E-001                  5.4532055407012781E+000                 -4.6218349206832769E+000                  8.9839110226494352E+000                  7.5579999999986514E-001                  2.4280000000013477E-001                  1.4000000000000679E-003                  1.9053534872942006E-021                  0.0000000000000000E+000                  0.0000000000000000E+000                                        0                 -9.8999999999999986E+001                 -9.9000000000000000E+001                 -9.9000000000000000E+001 
                                     329                  1.9999564141102735E+000                  2.5562330376794173E-001                  5.4565107888775835E+000                 -4.6088164347198157E+000                  9.0001799369834892E+000                  7.5579999999986525E-001                  2.4280000000013480E-001                  1.3999999999999568E-003                  2.2253895613892596E-021                  0.0000000000000000E+000                  0.0000000000000000E+000                                        0                 -9.8999999999999986E+001                 -9.9000000000000000E+001                 -9.9000000000000000E+001 
                                     330                  1.9999561980384430E+000                  2.5531652937707761E-001                  5.4612933153022079E+000                 -4.5901441623826145E+000                  9.0235589343151261E+000                  7.5579999999986536E-001                  2.4280000000013471E-001                  1.3999999999999568E-003                  2.7832715363066774E-021                  0.0000000000000000E+000                  0.0000000000000000E+000                                        0                 -9.8999999999999986E+001                 -9.9000000000000000E+001                 -9.9000000000000000E+001 
                                     331                  1.9999557658947822E+000                  2.5472697876523914E-001                  5.4663530413301089E+000                 -4.5700945839306426E+000                  9.0485836844143925E+000                  7.5579999999986536E-001                  2.4280000000013471E-001                  1.3999999999999568E-003                  3.5261950638033278E-021                  0.0000000000000000E+000                  0.0000000000000000E+000                                        0                 -9.8999999999999986E+001                 -9.9000000000000000E+001                 -9.9000000000000000E+001 
                                     332                  1.9999554683882845E+000                  2.5433810590982098E-001                  5.4702133353738915E+000                 -4.5548738578947940E+000                  9.0676020849383292E+000                  7.5579999999986525E-001                  2.4280000000013480E-001                  1.3999999999999568E-003                  4.2208413497775840E-021                  0.0000000000000000E+000                  0.0000000000000000E+000                                        0                 -9.8999999999999986E+001                 -9.9000000000000000E+001                 -9.9000000000000000E+001 
                                     333                  1.9999551846491654E+000                  2.5397907524900221E-001                  5.4738387000214894E+000                 -4.5405856711688415E+000                  9.0854573722154708E+000                  7.5579999999986514E-001                  2.4280000000013477E-001                  1.4000000000000679E-003                  4.9952440206088412E-021                  0.0000000000000000E+000                  0.0000000000000000E+000                                        0                 -9.8999999999999986E+001                 -9.9000000000000000E+001                 -9.9000000000000000E+001 
                                     334                  1.9999549009100464E+000                  2.5363081468813242E-001                  5.4768330480397367E+000                 -4.5287496441548170E+000                  9.1002393507163184E+000                  7.5579999999986514E-001                  2.4280000000013477E-001                  1.4000000000000679E-003                  5.7396760776434513E-021                  0.0000000000000000E+000                  0.0000000000000000E+000                                        0                 -9.8999999999999986E+001                 -9.9000000000000000E+001                 -9.9000000000000000E+001 
                                     335                  1.9999546984312411E+000                  2.5338848056695013E-001                  5.4792621108399562E+000                 -4.5191750764422665E+000                  9.1122043913617397E+000                  7.5579999999986525E-001                  2.4280000000013471E-001                  1.4000000000000679E-003                  6.4226816791611933E-021                  0.0000000000000000E+000                  0.0000000000000000E+000                                        0                 -9.8999999999999986E+001                 -9.9000000000000000E+001                 -9.9000000000000000E+001 
                                     336                  1.9999544959524358E+000                  2.5315103740428047E-001                  5.4820439011104547E+000                 -4.5082342480456594E+000                  9.1258834496846610E+000                  7.5579999999986536E-001                  2.4280000000013474E-001                  1.3999999999998458E-003                  7.3032866449432329E-021                  0.0000000000000000E+000                  0.0000000000000000E+000                                        0                 -9.8999999999999986E+001                 -9.9000000000000000E+001                 -9.9000000000000000E+001 
                                     337                  1.9999542226272000E+000                  2.5283789286196012E-001                  5.4851376927475366E+000                 -4.4960344624536726E+000                  9.1411283295594554E+000                  7.5579999999986525E-001                  2.4280000000013480E-001                  1.3999999999999568E-003                  8.4235267150519382E-021                  0.0000000000000000E+000                  0.0000000000000000E+000                                        0                 -9.8999999999999986E+001                 -9.9000000000000000E+001                 -9.9000000000000000E+001 
                                     338                  1.9999539493019642E+000                  2.5253277160532850E-001                  5.4889625243511517E+000                 -4.4810197060858226E+000                  9.1599092497413146E+000                  7.5579999999986502E-001                  2.4280000000013488E-001                  1.4000000000000679E-003                  1.0043294310413001E-020                  0.0000000000000000E+000                  0.0000000000000000E+000                                        0                 -9.8999999999999986E+001                 -9.9000000000000000E+001                 -9.9000000000000000E+001 
                                     339                  1.9999535242233821E+000                  2.5207315659656082E-001                  5.4941421219634785E+000                 -4.4606666326408773E+000                  9.1853628409985042E+000                  7.5579999999986502E-001                  2.4280000000013502E-001                  1.3999999999999568E-003                  1.2736056005919106E-020                  0.0000000000000000E+000                  0.0000000000000000E+000                                        0                 -9.8999999999999986E+001                 -9.9000000000000000E+001                 -9.9000000000000000E+001 
                                     340                  1.9999529574519395E+000                  2.5148627634849896E-001                  5.5002592652791122E+000                 -4.4365948431111999E+000                  9.2154588490897389E+000                  7.5579999999986514E-001                  2.4280000000013477E-001                  1.4000000000000679E-003                  1.6844597002282029E-020                  0.0000000000000000E+000                  0.0000000000000000E+000                                        0                 -9.8999999999999986E+001                 -9.9000000000000000E+001                 -9.9000000000000000E+001 
                                     341                  1.9999522806884791E+000                  2.5082041213042561E-001                  5.5049418593467410E+000                 -4.4179545968475580E+000                  9.2387078827614069E+000                  7.5579999999986536E-001                  2.4280000000013457E-001                  1.4000000000000679E-003                  2.0859489550484768E-020                  0.0000000000000000E+000                  0.0000000000000000E+000                                        0                 -9.8999999999999986E+001                 -9.9000000000000000E+001                 -9.9000000000000000E+001 
                                     342                  1.9999519423067489E+000                  2.5050037926818830E-001                  5.5079610307587998E+000                 -4.4060498260389434E+000                  9.2535864301672905E+000                  7.5579999999986547E-001                  2.4280000000013463E-001                  1.3999999999998458E-003                  2.3927890625859308E-020                  0.0000000000000000E+000                  0.0000000000000000E+000                                        0                 -9.8999999999999986E+001                 -9.9000000000000000E+001                 -9.9000000000000000E+001 
                                     343                  1.9999516039250185E+000                  2.5018831938014086E-001                  5.5125436833097439E+000                 -4.3881521297129851E+000                  9.2760011146821206E+000                  7.5579999999986525E-001                  2.4280000000013480E-001                  1.3999999999999568E-003                  2.9442681802025023E-020                  0.0000000000000000E+000                  0.0000000000000000E+000                                        0                 -9.8999999999999986E+001                 -9.9000000000000000E+001                 -9.9000000000000000E+001 
                                     344                  1.9999508810159159E+000                  2.4954644851547172E-001                  5.5174141947557516E+000                 -4.3688453730790666E+000                  9.3001047582068850E+000                  7.5579999999986502E-001                  2.4280000000013496E-001                  1.4000000000000679E-003                  3.6703253448385942E-020                  0.0000000000000000E+000                  0.0000000000000000E+000                                        0                 -9.8999999999999986E+001                 -9.9000000000000000E+001                 -9.9000000000000000E+001 
                                     345                  1.9999504069533993E+000                  2.4914237353155838E-001                  5.5211209704893074E+000                 -4.3542453936666465E+000                  9.3183574228517951E+000                  7.5579999999986491E-001                  2.4280000000013516E-001                  1.3999999999999568E-003                  4.3377654403986975E-020                  0.0000000000000000E+000                  0.0000000000000000E+000                                        0                 -9.8999999999999986E+001                 -9.9000000000000000E+001                 -9.9000000000000000E+001 
                                     346                  1.9999499328908827E+000                  2.4875058132385258E-001                  5.5262462328700064E+000                 -4.3342383397999065E+000                  9.3434183694980355E+000                  7.5579999999986514E-001                  2.4280000000013488E-001                  1.3999999999999568E-003                  5.4592371866476541E-020                  0.0000000000000000E+000                  0.0000000000000000E+000                                        0                 -9.8999999999999986E+001                 -9.9000000000000000E+001                 -9.9000000000000000E+001 
                                     347                  1.9999490434543441E+000                  2.4804593295025276E-001                  5.5321040618680017E+000                 -4.3111124150604070E+000                  9.3723174514188177E+000                  7.5579999999986525E-001                  2.4280000000013477E-001                  1.3999999999999568E-003                  7.0979332230670892E-020                  0.0000000000000000E+000                  0.0000000000000000E+000                                        0                 -9.8999999999999986E+001                 -9.9000000000000000E+001                 -9.9000000000000000E+001 
                                     348                  1.9999482705392351E+000                  2.4746276288616148E-001                  5.5359897740869970E+000                 -4.2957033103638835E+000                  9.3915556038998442E+000                  7.5579999999986536E-001                  2.4280000000013466E-001                  1.3999999999999568E-003                  8.4447496447456266E-020                  0.0000000000000000E+000                  0.0000000000000000E+000                                        0                 -9.8999999999999986E+001                 -9.9000000000000000E+001                 -9.9000000000000000E+001 
                                     349                  1.9999478801490502E+000                  2.4717762436221050E-001                  5.5398743326241808E+000                 -4.2805296199899345E+000                  9.4105611089732939E+000                  7.5579999999986536E-001                  2.4280000000013463E-001                  1.4000000000000679E-003                  1.0036941808607436E-019                  0.0000000000000000E+000                  0.0000000000000000E+000                                        0                 -9.8999999999999986E+001                 -9.9000000000000000E+001                 -9.9000000000000000E+001 
                                     350                  1.9999470727228124E+000                  2.4660644772432971E-001                  5.5444843276222837E+000                 -4.2623402181299070E+000                  9.4332957083128246E+000                  7.5579999999986514E-001                  2.4280000000013480E-001                  1.4000000000000679E-003                  1.2318748046613263E-019                  0.0000000000000000E+000                  0.0000000000000000E+000                                        0                 -9.8999999999999986E+001                 -9.9000000000000000E+001                 -9.9000000000000000E+001 
                                     351                  1.9999463846070762E+000                  2.4613795887785614E-001                  5.5490075165625781E+000                 -4.2445782703235606E+000                  9.4555190898707657E+000                  7.5579999999986525E-001                  2.4280000000013477E-001                  1.3999999999999568E-003                  1.5049358593408391E-019                  0.0000000000000000E+000                  0.0000000000000000E+000                                        0                 -9.8999999999999986E+001                 -9.9000000000000000E+001                 -9.9000000000000000E+001 
                                     352                  1.9999455397853985E+000                  2.4558387610272253E-001                  5.5538219380618568E+000                 -4.2256294322275796E+000                  9.4792165773163468E+000                  7.5579999999986536E-001                  2.4280000000013466E-001                  1.3999999999999568E-003                  1.8613867033174228E-019                  0.0000000000000000E+000                  0.0000000000000000E+000                                        0                 -9.8999999999999986E+001                 -9.9000000000000000E+001                 -9.9000000000000000E+001 
                                     353                  1.9999446699891337E+000                  2.4503568533581840E-001                  5.5585143382150113E+000                 -4.2071598919062971E+000                  9.5023149899302464E+000                  7.5579999999986536E-001                  2.4280000000013463E-001                  1.4000000000000679E-003                  2.2884676045446310E-019                  0.0000000000000000E+000                  0.0000000000000000E+000                                        0                 -9.8999999999999986E+001                 -9.9000000000000000E+001                 -9.9000000000000000E+001 
                                     354                  1.9999437848954620E+000                  2.4449907245924163E-001                  5.5634982210830692E+000                 -4.1875926775761343E+000                  9.5267999562090395E+000                  7.5579999999986547E-001                  2.4280000000013457E-001                  1.3999999999999568E-003                  2.8476271401526587E-019                  0.0000000000000000E+000                  0.0000000000000000E+000                                        0                 -9.8999999999999986E+001                 -9.9000000000000000E+001                 -9.9000000000000000E+001 
                                     355                  1.9999427146638389E+000                  2.4387631147896358E-001                  5.5675991905860247E+000                 -4.1713532675214475E+000                  9.5470844235490357E+000                  7.5579999999986547E-001                  2.4280000000013452E-001                  1.4000000000000679E-003                  3.4081337242820041E-019                  0.0000000000000000E+000                  0.0000000000000000E+000                                        0                 -9.8999999999999986E+001                 -9.9000000000000000E+001                 -9.9000000000000000E+001 
                                     356                  1.9999420891565729E+000                  2.4352450921005298E-001                  5.5712982546685561E+000                 -4.1568615488857041E+000                  9.5652273672907882E+000                  7.5579999999986547E-001                  2.4280000000013457E-001                  1.3999999999999568E-003                  4.0047198827146229E-019                  0.0000000000000000E+000                  0.0000000000000000E+000                                        0                 -9.8999999999999986E+001                 -9.9000000000000000E+001                 -9.9000000000000000E+001 
                                     357                  1.9999411345009299E+000                  2.4300363820198859E-001                  5.5763850854414461E+000                 -4.1369329626239306E+000                  9.5901775438588466E+000                  7.5579999999986525E-001                  2.4280000000013477E-001                  1.3999999999999568E-003                  4.9962234782321871E-019                  0.0000000000000000E+000                  0.0000000000000000E+000                                        0                 -9.8999999999999986E+001                 -9.9000000000000000E+001                 -9.9000000000000000E+001 
                                     358                  1.9999398163673625E+000                  2.4231382719320624E-001                  5.5820520520799697E+000                 -4.1146347781869288E+000                  9.6180694131091844E+000                  7.5579999999986514E-001                  2.4280000000013485E-001                  1.4000000000000679E-003                  6.3885237272001949E-019                  0.0000000000000000E+000                  0.0000000000000000E+000                                        0                 -9.8999999999999986E+001                 -9.9000000000000000E+001                 -9.9000000000000000E+001 
                                     359                  1.9999384513806984E+000                  2.4163202506207587E-001                  5.5861905737279951E+000                 -4.0982193253328889E+000                  9.6385685732986524E+000                  7.5579999999986514E-001                  2.4280000000013488E-001                  1.3999999999999568E-003                  7.6428450402579467E-019                  0.0000000000000000E+000                  0.0000000000000000E+000                                        0                 -9.8999999999999986E+001                 -9.9000000000000000E+001                 -9.9000000000000000E+001 
                                     360                  1.9999377446387461E+000                  2.4129090280824991E-001                  5.5889307833642814E+000                 -4.0874323221826989E+000                  9.6520608591694810E+000                  7.5579999999986514E-001                  2.4280000000013482E-001                  1.4000000000000679E-003                  8.6022100544196293E-019                  0.0000000000000000E+000                  0.0000000000000000E+000                                        0                 -9.8999999999999986E+001                 -9.9000000000000000E+001                 -9.9000000000000000E+001 
                                     361                  1.9999370378967938E+000                  2.4095737270934497E-001                  5.5916431710517545E+000                 -4.0767553874833711E+000                  9.6654157979015665E+000                  7.5579999999986514E-001                  2.4280000000013488E-001                  1.3999999999999568E-003                  9.6684180550860143E-019                  0.0000000000000000E+000                  0.0000000000000000E+000                                        0                 -9.8999999999999986E+001                 -9.9000000000000000E+001                 -9.9000000000000000E+001 
                                     362                  1.9999363060504431E+000                  2.4061960036472690E-001                  5.5943269125807920E+000                 -4.0661855795008170E+000                  9.6786354271076380E+000                  7.5579999999986536E-001                  2.4280000000013469E-001                  1.3999999999999568E-003                  1.0851377553563006E-018                  0.0000000000000000E+000                  0.0000000000000000E+000                                        0                 -9.8999999999999986E+001                 -9.9000000000000000E+001                 -9.9000000000000000E+001 
                                     363                  1.9999355742040925E+000                  2.4028918779385797E-001                  5.5976820558141096E+000                 -4.0530227823688199E+000                  9.6951118955227553E+000                  7.5579999999986525E-001                  2.4280000000013471E-001                  1.4000000000000679E-003                  1.2530961160512894E-018                  0.0000000000000000E+000                  0.0000000000000000E+000                                        0                 -9.8999999999999986E+001                 -9.9000000000000000E+001                 -9.9000000000000000E+001 
                                     364                  1.9999344240028580E+000                  2.3978394393764824E-001                  5.6016199493552303E+000                 -4.0374978626412572E+000                  9.7145253580965694E+000                  7.5579999999986525E-001                  2.4280000000013471E-001                  1.4000000000000679E-003                  1.4833596431372729E-018                  0.0000000000000000E+000                  0.0000000000000000E+000                                        0                 -9.8999999999999986E+001                 -9.9000000000000000E+001                 -9.9000000000000000E+001 
                                     365                  1.9999332738016240E+000                  2.3929476497756685E-001                  5.6061358435103443E+000                 -4.0197571919163426E+000                  9.7367266200811358E+000                  7.5579999999986502E-001                  2.4280000000013488E-001                  1.4000000000000679E-003                  1.7987660547436670E-018                  0.0000000000000000E+000                  0.0000000000000000E+000                                        0                 -9.8999999999999986E+001                 -9.9000000000000000E+001                 -9.9000000000000000E+001 
                                     366                  1.9999316764850874E+000                  2.3864003842825479E-001                  5.6099018450589488E+000                 -4.0047845457676825E+000                  9.7554171778100560E+000                  7.5579999999986502E-001                  2.4280000000013499E-001                  1.3999999999999568E-003                  2.1124934558972064E-018                  0.0000000000000000E+000                  0.0000000000000000E+000                                        0                 -9.8999999999999986E+001                 -9.9000000000000000E+001                 -9.9000000000000000E+001 
                                     367                  1.9999308639034803E+000                  2.3831716672595624E-001                  5.6136909774978898E+000                 -3.9899327722809304E+000                  9.7740128298746232E+000                  7.5579999999986480E-001                  2.4280000000013513E-001                  1.4000000000000679E-003                  2.4812152432717686E-018                  0.0000000000000000E+000                  0.0000000000000000E+000                                        0                 -9.8999999999999986E+001                 -9.9000000000000000E+001                 -9.9000000000000000E+001 
                                     368                  1.9999291810901314E+000                  2.3766882538173664E-001                  5.6186380659717363E+000                 -3.9703835475648206E+000                  9.7984484952655801E+000                  7.5579999999986514E-001                  2.4280000000013474E-001                  1.4000000000000679E-003                  3.0605079108519546E-018                  0.0000000000000000E+000                  0.0000000000000000E+000                                        0                 -9.8999999999999986E+001                 -9.9000000000000000E+001                 -9.9000000000000000E+001 
                                     369                  1.9999274386018693E+000                  2.3702416956573749E-001                  5.6235081619798555E+000                 -3.9511239661617146E+000                  9.8225188473168235E+000                  7.5579999999986514E-001                  2.4280000000013491E-001                  1.3999999999999568E-003                  3.7604691476448532E-018                  0.0000000000000000E+000                  0.0000000000000000E+000                                        0                 -9.8999999999999986E+001                 -9.9000000000000000E+001                 -9.9000000000000000E+001 
                                     370                  1.9999256343435772E+000                  2.3638277355607126E-001                  5.6283064563414573E+000                 -3.9321353854779026E+000                  9.8462476534317567E+000                  7.5579999999986536E-001                  2.4280000000013463E-001                  1.4000000000000679E-003                  4.6038064906247418E-018                  0.0000000000000000E+000                  0.0000000000000000E+000                                        0                 -9.8999999999999986E+001                 -9.9000000000000000E+001                 -9.9000000000000000E+001 
                                     371                  1.9999237661473876E+000                  2.3574424351070508E-001                  5.6330377224773320E+000                 -3.9134007550568404E+000                  9.8696566779528574E+000                  7.5579999999986514E-001                  2.4280000000013491E-001                  1.3999999999999568E-003                  5.6171583727985016E-018                  0.0000000000000000E+000                  0.0000000000000000E+000                                        0                 -9.8999999999999986E+001                 -9.9000000000000000E+001                 -9.9000000000000000E+001 
                                     372                  1.9999218317701841E+000                  2.3510821405016649E-001                  5.6377062624171979E+000                 -3.8949043393203606E+000                  9.8927658995940835E+000                  7.5579999999986514E-001                  2.4280000000013482E-001                  1.4000000000000679E-003                  6.8317131028455406E-018                  0.0000000000000000E+000                  0.0000000000000000E+000                                        0                 -9.8999999999999986E+001                 -9.9000000000000000E+001                 -9.9000000000000000E+001 
                                     373                  1.9999198288910218E+000                  2.3447434543520798E-001                  5.6423159329114636E+000                 -3.8766315539850993E+000                  9.9155937000922201E+000                  7.5579999999986502E-001                  2.4280000000013502E-001                  1.3999999999999568E-003                  8.2839235860147657E-018                  0.0000000000000000E+000                  0.0000000000000000E+000                                        0                 -9.8999999999999986E+001                 -9.9000000000000000E+001                 -9.9000000000000000E+001 
                                     374                  1.9999177551084617E+000                  2.3384232113752634E-001                  5.6468701976917419E+000                 -3.8585688931362001E+000                  9.9381569905955782E+000                  7.5579999999986536E-001                  2.4280000000013469E-001                  1.3999999999999568E-003                  1.0016329442039949E-017                  0.0000000000000000E+000                  0.0000000000000000E+000                                        0                 -9.8999999999999986E+001                 -9.9000000000000000E+001                 -9.9000000000000000E+001 
                                     375                  1.9999156079450915E+000                  2.3321184778756340E-001                  5.6513721945914250E+000                 -3.8407037737293037E+000                  9.9604714347612333E+000                  7.5579999999986502E-001                  2.4280000000013485E-001                  1.4000000000000679E-003                  1.2078508526428038E-017                  0.0000000000000000E+000                  0.0000000000000000E+000                                        0                 -9.8999999999999986E+001                 -9.9000000000000000E+001                 -9.9000000000000000E+001 
                                     376                  1.9999133848230939E+000                  2.3258264688993699E-001                  5.6558247949591234E+000                 -3.8230244769974653E+000                  9.9825515679951025E+000                  7.5579999999986491E-001                  2.4280000000013499E-001                  1.4000000000000679E-003                  1.4528171611125721E-017                  0.0000000000000000E+000                  0.0000000000000000E+000                                        0                 -9.8999999999999986E+001                 -9.9000000000000000E+001                 -9.9000000000000000E+001 
                                     377                  1.9999110830826354E+000                  2.3195445955582106E-001                  5.6602306709438910E+000                 -3.8055201807012753E+000                  1.0004410835174102E+001                  7.5579999999986514E-001                  2.4280000000013485E-001                  1.4000000000000679E-003                  1.7432428939409079E-017                  0.0000000000000000E+000                  0.0000000000000000E+000                                        0                 -9.8999999999999986E+001                 -9.9000000000000000E+001                 -9.9000000000000000E+001 
                                     378                  1.9999086999717932E+000                  2.3132704270651222E-001                  5.6645923497911950E+000                 -3.7881808775911803E+000                  1.0026061727273985E+001                  7.5579999999986502E-001                  2.4280000000013502E-001                  1.3999999999999568E-003                  2.0869257511678573E-017                  0.0000000000000000E+000                  0.0000000000000000E+000                                        0                 -9.8999999999999986E+001                 -9.9000000000000000E+001                 -9.9000000000000000E+001 
                                     379                  1.9999062326434032E+000                  2.3070016759691322E-001                  5.6689122185659375E+000                 -3.7709972923322117E+000                  1.0047515868255259E+001                  7.5579999999986525E-001                  2.4280000000013477E-001                  1.3999999999999568E-003                  2.4929169985289976E-017                  0.0000000000000000E+000                  0.0000000000000000E+000                                        0                 -9.8999999999999986E+001                 -9.9000000000000000E+001                 -9.9000000000000000E+001 
                                     380                  1.9999036781518074E+000                  2.3007361851207062E-001                  5.6731925273191894E+000                 -3.7539608063516501E+000                  1.0068784092276703E+001                  7.5579999999986491E-001                  2.4280000000013502E-001                  1.4000000000000679E-003                  2.9717127321141787E-017                  0.0000000000000000E+000                  0.0000000000000000E+000                                        0                 -9.8999999999999986E+001                 -9.9000000000000000E+001                 -9.9000000000000000E+001 
                                     381                  1.9999010334494889E+000                  2.2944719161647628E-001                  5.6774353956635633E+000                 -3.7370633949105052E+000                  1.0089876512499414E+001                  7.5579999999986502E-001                  2.4280000000013482E-001                  1.4000000000001789E-003                  3.5354732863387570E-017                  0.0000000000000000E+000                  0.0000000000000000E+000                                        0                 -9.8999999999999986E+001                 -9.9000000000000000E+001                 -9.9000000000000000E+001 
                                     382                  1.9998982953835953E+000                  2.2882069393113938E-001                  5.6816428472245075E+000                 -3.7202976008228621E+000                  1.0110802582557630E+001                  7.5579999999986469E-001                  2.4280000000013510E-001                  1.4000000000001789E-003                  4.1982780385487314E-017                  0.0000000000000000E+000                  0.0000000000000000E+000                                        0                 -9.8999999999999986E+001                 -9.9000000000000000E+001                 -9.9000000000000000E+001 
                                     383                  1.9998954606923454E+000                  2.2819394237944854E-001                  5.6858168630970729E+000                 -3.7036565345531005E+000                  1.0131571151622966E+001                  7.5579999999986502E-001                  2.4280000000013482E-001                  1.4000000000001789E-003                  4.9764231664451622E-017                  0.0000000000000000E+000                  0.0000000000000000E+000                                        0                 -9.8999999999999986E+001                 -9.9000000000000000E+001                 -9.9000000000000000E+001 
                                     384                  1.9998925260013156E+000                  2.2756676285829919E-001                  5.6899594041498096E+000                 -3.6871338473294286E+000                  1.0152190513861706E+001                  7.5579999999986525E-001                  2.4280000000013471E-001                  1.4000000000000679E-003                  5.8887645672885507E-017                  0.0000000000000000E+000                  0.0000000000000000E+000                                        0                 -9.8999999999999986E+001                 -9.9000000000000000E+001                 -9.9000000000000000E+001 
                                     385                  1.9998894878196012E+000                  2.2693898936866053E-001                  5.6940724014267134E+000                 -3.6707237085351920E+000                  1.0172668420608423E+001                  7.5579999999986514E-001                  2.4280000000013482E-001                  1.4000000000000679E-003                  6.9571093483576788E-017                  0.0000000000000000E+000                  0.0000000000000000E+000                                        0                 -9.8999999999999986E+001                 -9.9000000000000000E+001                 -9.9000000000000000E+001 
                                     386                  1.9998863425458520E+000                  2.2631046519834114E-001                  5.6981577661474851E+000                 -3.6544207072170476E+000                  1.0193012187890522E+001                  7.5579999999986525E-001                  2.4280000000013480E-001                  1.3999999999999568E-003                  8.2066722350736417E-017                  0.0000000000000000E+000                  0.0000000000000000E+000                                        0                 -9.8999999999999986E+001                 -9.9000000000000000E+001                 -9.9000000000000000E+001 
                                     387                  1.9998830864345194E+000                  2.2568103625952093E-001                  5.7022173812497439E+000                 -3.6382198114413740E+000                  1.0213228727731204E+001                  7.5579999999986491E-001                  2.4280000000013496E-001                  1.4000000000000679E-003                  9.6665986171627590E-017                  0.0000000000000000E+000                  0.0000000000000000E+000                                        0                 -9.8999999999999986E+001                 -9.9000000000000000E+001                 -9.9000000000000000E+001 
                                     388                  1.9998797156209354E+000                  2.2505055648077715E-001                  5.7062530403577041E+000                 -3.6221163344348932E+000                  1.0233324518368514E+001                  7.5579999999986502E-001                  2.4280000000013494E-001                  1.4000000000000679E-003                  1.1370548418223696E-016                  0.0000000000000000E+000                  0.0000000000000000E+000                                        0                 -9.8999999999999986E+001                 -9.9000000000000000E+001                 -9.9000000000000000E+001 
                                     389                  1.9998762261072720E+000                  2.2441888527848189E-001                  5.7102663757381542E+000                 -3.6061057960897691E+000                  1.0253305666894279E+001                  7.5579999999986480E-001                  2.4280000000013513E-001                  1.4000000000000679E-003                  1.3357350779301233E-016                  0.0000000000000000E+000                  0.0000000000000000E+000                                        0                 -9.8999999999999986E+001                 -9.9000000000000000E+001                 -9.9000000000000000E+001 
                                     390                  1.9998726137580203E+000                  2.2378588722963560E-001                  5.7142588321167862E+000                 -3.5901838684642184E+000                  1.0273177936397458E+001                  7.5579999999986514E-001                  2.4280000000013488E-001                  1.3999999999999568E-003                  1.5671751267165294E-016                  0.0000000000000000E+000                  0.0000000000000000E+000                                        0                 -9.8999999999999986E+001                 -9.9000000000000000E+001                 -9.9000000000000000E+001 
                                     391                  1.9998688742953146E+000                  2.2315143183248268E-001                  5.7182316831815383E+000                 -3.5743463682092620E+000                  1.0292946770660686E+001                  7.5579999999986480E-001                  2.4280000000013524E-001                  1.3999999999999568E-003                  1.8365273072589596E-016                  0.0000000000000000E+000                  0.0000000000000000E+000                                        0                 -9.8999999999999986E+001                 -9.9000000000000000E+001                 -9.9000000000000000E+001 
                                     392                  1.9998650032941012E+000                  2.2251539328630057E-001                  5.7221860484131879E+000                 -3.5585892514918998E+000                  1.0312617316667406E+001                  7.5579999999986491E-001                  2.4280000000013510E-001                  1.3999999999999568E-003                  2.1497198077489157E-016                  0.0000000000000000E+000                  0.0000000000000000E+000                                        0                 -9.8999999999999986E+001                 -9.9000000000000000E+001                 -9.9000000000000000E+001 
                                     393                  1.9998609961771481E+000                  2.2187765028597820E-001                  5.7261229091090406E+000                 -3.5429086098237415E+000                  1.0332194445147872E+001                  7.5579999999986480E-001                  2.4280000000013516E-001                  1.4000000000000679E-003                  2.5135683484691788E-016                  0.0000000000000000E+000                  0.0000000000000000E+000                                        0                 -9.8999999999999986E+001                 -9.9000000000000000E+001                 -9.9000000000000000E+001 
                                     394                  1.9998568482098849E+000                  2.2123808582922894E-001                  5.7300431441522424E+000                 -3.5273006885003007E+000                  1.0351682769366468E+001                  7.5579999999986458E-001                  2.4280000000013544E-001                  1.3999999999999568E-003                  2.9359048907806532E-016                  0.0000000000000000E+000                  0.0000000000000000E+000                                        0                 -9.8999999999999986E+001                 -9.9000000000000000E+001                 -9.9000000000000000E+001 
                                     395                  1.9998525544950743E+000                  2.2059658700222148E-001                  5.7339475992059441E+000                 -3.5117619415376935E+000                  1.0371086662333918E+001                  7.5579999999986436E-001                  2.4280000000013557E-001                  1.4000000000000679E-003                  3.4257286634072102E-016                  0.0000000000000000E+000                  0.0000000000000000E+000                                        0                 -9.8999999999999986E+001                 -9.9000000000000000E+001                 -9.9000000000000000E+001 
                                     396                  1.9998481099673056E+000                  2.1995304468799953E-001                  5.7378371261986718E+000                 -3.4962890855890612E+000                  1.0390410244087532E+001                  7.5579999999986447E-001                  2.4280000000013541E-001                  1.4000000000000679E-003                  3.9933791469831339E-016                  0.0000000000000000E+000                  0.0000000000000000E+000                                        0                 -9.8999999999999986E+001                 -9.9000000000000000E+001                 -9.9000000000000000E+001 
                                     397                  1.9998435094009559E+000                  2.1930735511686131E-001                  5.7417125983046553E+000                 -3.4808790409438659E+000                  1.0409657455396390E+001                  7.5579999999986447E-001                  2.4280000000013560E-001                  1.3999999999999568E-003                  4.6507346109602111E-016                  0.0000000000000000E+000                  0.0000000000000000E+000                                        0                 -9.8999999999999986E+001                 -9.9000000000000000E+001                 -9.9000000000000000E+001 
                                     398                  1.9998387473638330E+000                  2.1865941383729773E-001                  5.7455749067817825E+000                 -3.4655289185322116E+000                  1.0428832067156408E+001                  7.5579999999986425E-001                  2.4280000000013577E-001                  1.3999999999999568E-003                  5.4114381917166120E-016                  0.0000000000000000E+000                  0.0000000000000000E+000                                        0                 -9.8999999999999986E+001                 -9.9000000000000000E+001                 -9.9000000000000000E+001 
                                     399                  1.9998338182511191E+000                  2.1800912118383092E-001                  5.7494249483540649E+000                 -3.4502360501098277E+000                  1.0447937637370634E+001                  7.5579999999986436E-001                  2.4280000000013569E-001                  1.3999999999999568E-003                  6.2911548125023733E-016                  0.0000000000000000E+000                  0.0000000000000000E+000                                        0                 -9.8999999999999986E+001                 -9.9000000000000000E+001                 -9.9000000000000000E+001 
                                     400                  1.9998287162659050E+000                  2.1735638006193425E-001                  5.7532636239925727E+000                 -3.4349979463368330E+000                  1.0466977551416960E+001                  7.5579999999986414E-001                  2.4280000000013588E-001                  1.3999999999999568E-003                  7.3078676843708726E-016                  0.0000000000000000E+000                  0.0000000000000000E+000                                        0                 -9.8999999999999986E+001                 -9.9000000000000000E+001                 -9.9000000000000000E+001 
                                     401                  1.9998234354127080E+000                  2.1670109569956697E-001                  5.7570918010505752E+000                 -3.4198122466266510E+000                  1.0485955032648910E+001                  7.5579999999986414E-001                  2.4280000000013582E-001                  1.4000000000000679E-003                  8.4822095517312167E-016                  0.0000000000000000E+000                  0.0000000000000000E+000                                        0                 -9.8999999999999986E+001                 -9.9000000000000000E+001                 -9.9000000000000000E+001 
                                     402                  1.9998179694907769E+000                  2.1604317547313626E-001                  5.7609102705776873E+000                 -3.4046766648608240E+000                  1.0504873152211390E+001                  7.5579999999986380E-001                  2.4280000000013624E-001                  1.3999999999999568E-003                  9.8378345985682150E-016                  0.0000000000000000E+000                  0.0000000000000000E+000                                        0                 -9.8999999999999986E+001                 -9.9000000000000000E+001                 -9.9000000000000000E+001 
                                     403                  1.9998123120871720E+000                  2.1538252881572803E-001                  5.7647197404860151E+000                 -3.3895889731879350E+000                  1.0523734838128194E+001                  7.5579999999986380E-001                  2.4280000000013616E-001                  1.4000000000000679E-003                  1.1401845437746364E-015                  0.0000000000000000E+000                  0.0000000000000000E+000                                        0                 -9.8999999999999986E+001                 -9.9000000000000000E+001                 -9.9000000000000000E+001 
                                     404                  1.9998064565696203E+000                  2.1471906715137590E-001                  5.7685208420861258E+000                 -3.3745470003690268E+000                  1.0542542883719767E+001                  7.5579999999986369E-001                  2.4280000000013630E-001                  1.4000000000000679E-003                  1.3205281213262812E-015                  0.0000000000000000E+000                  0.0000000000000000E+000                                        0                 -9.8999999999999986E+001                 -9.9000000000000000E+001                 -9.9000000000000000E+001 
                                     405                  1.9998003960791333E+000                  2.1405270383353497E-001                  5.7723141363062265E+000                 -3.3595486303404543E+000                  1.0561299955410403E+001                  7.5579999999986336E-001                  2.4280000000013652E-001                  1.4000000000000679E-003                  1.5283672653876588E-015                  0.0000000000000000E+000                  0.0000000000000000E+000                                        0                 -9.8999999999999986E+001                 -9.9000000000000000E+001                 -9.9000000000000000E+001 
                                     406                  1.9997941235223866E+000                  2.1338335408714090E-001                  5.7761001144118191E+000                 -3.3445918215859143E+000                  1.0580008574335086E+001                  7.5579999999986291E-001                  2.4280000000013699E-001                  1.4000000000000679E-003                  1.7677669477761235E-015                  0.0000000000000000E+000                  0.0000000000000000E+000                                        0                 -9.8999999999999986E+001                 -9.9000000000000000E+001                 -9.9000000000000000E+001 
                                     407                  1.9997876315817162E+000                  2.1271093677764902E-001                  5.7798792217248280E+000                 -3.3296745714444755E+000                  1.0598671176130852E+001                  7.5579999999986280E-001                  2.4280000000013721E-001                  1.3999999999999568E-003                  2.0433766922917824E-015                  0.0000000000000000E+000                  0.0000000000000000E+000                                        0                 -9.8999999999999986E+001                 -9.9000000000000000E+001                 -9.9000000000000000E+001 
                                     408                  1.9997809126539838E+000                  2.1203536882973545E-001                  5.7836518798511394E+000                 -3.3147949363261375E+000                  1.0617290113828027E+001                  7.5579999999986280E-001                  2.4280000000013721E-001                  1.3999999999999568E-003                  2.3605135845663611E-015                  0.0000000000000000E+000                  0.0000000000000000E+000                                        0                 -9.8999999999999986E+001                 -9.9000000000000000E+001                 -9.9000000000000000E+001 
                                     409                  1.9997739588945720E+000                  2.1135657069932010E-001                  5.7874184918373075E+000                 -3.2999510816138491E+000                  1.0635867613824074E+001                  7.5579999999986247E-001                  2.4280000000013752E-001                  1.4000000000000679E-003                  2.7252559736178798E-015                  0.0000000000000000E+000                  0.0000000000000000E+000                                        0                 -9.8999999999999986E+001                 -9.9000000000000000E+001                 -9.9000000000000000E+001 
                                     410                  1.9997667621914350E+000                  2.1067446439533749E-001                  5.7911794478181688E+000                 -3.2851412557504847E+000                  1.0654405807223002E+001                  7.5579999999986192E-001                  2.4280000000013788E-001                  1.4000000000001789E-003                  3.1445506491183348E-015                  0.0000000000000000E+000                  0.0000000000000000E+000                                        0                 -9.8999999999999986E+001                 -9.9000000000000000E+001                 -9.9000000000000000E+001 
                                     411                  1.9997593141561325E+000                  2.0998897337927711E-001                  5.7949351239983544E+000                 -3.2703637839543838E+000                  1.0672906734951523E+001                  7.5579999999986147E-001                  2.4280000000013849E-001                  1.4000000000000679E-003                  3.6263343148235025E-015                  0.0000000000000000E+000                  0.0000000000000000E+000                                        0                 -9.8999999999999986E+001                 -9.9000000000000000E+001                 -9.9000000000000000E+001 
                                     412                  1.9997516061145741E+000                  2.0930002247355053E-001                  5.7986858815320419E+000                 -3.2556170622047902E+000                  1.0691372352547427E+001                  7.5579999999986125E-001                  2.4280000000013882E-001                  1.3999999999999568E-003                  4.1796716724142536E-015                  0.0000000000000000E+000                  0.0000000000000000E+000                                        0                 -9.8999999999999986E+001                 -9.9000000000000000E+001                 -9.9000000000000000E+001 
                                     413                  1.9997436290974548E+000                  2.0860753777831720E-001                  5.8024320663180564E+000                 -3.2408995524900504E+000                  1.0709804534644734E+001                  7.5579999999986069E-001                  2.4280000000013924E-001                  1.4000000000000679E-003                  4.8149124490188309E-015                  0.0000000000000000E+000                  0.0000000000000000E+000                                        0                 -9.8999999999999986E+001                 -9.9000000000000000E+001                 -9.9000000000000000E+001 
                                     414                  1.9997353738303831E+000                  2.0791144659489200E-001                  5.8061740166365610E+000                 -3.2262098101016132E+000                  1.0728205055888862E+001                  7.5579999999986014E-001                  2.4280000000013985E-001                  1.4000000000000679E-003                  5.5438706717606742E-015                  0.0000000000000000E+000                  0.0000000000000000E+000                                        0                 -9.8999999999999986E+001                 -9.9000000000000000E+001                 -9.9000000000000000E+001 
                                     415                  1.9997268307453950E+000                  2.0721167908701149E-001                  5.8099120944736535E+000                 -3.2115464635120832E+000                  1.0746575642991690E+001                  7.5579999999985925E-001                  2.4280000000014063E-001                  1.4000000000000679E-003                  6.3800339521826311E-015                  0.0000000000000000E+000                  0.0000000000000000E+000                                        0                 -9.8999999999999986E+001                 -9.9000000000000000E+001                 -9.9000000000000000E+001 
                                     416                  1.9997179899060407E+000                  2.0650816285870155E-001                  5.8136466939739462E+000                 -3.1969082222362455E+000                  1.0764917975489732E+001                  7.5579999999985847E-001                  2.4280000000014135E-001                  1.4000000000001789E-003                  7.3388005387261695E-015                  0.0000000000000000E+000                  0.0000000000000000E+000                                        0                 -9.8999999999999986E+001                 -9.9000000000000000E+001                 -9.9000000000000000E+001 
                                     417                  1.9997088410601711E+000                  2.0580082816130429E-001                  5.8173782333539954E+000                 -3.1822939106210311E+000                  1.0783233643885538E+001                  7.5579999999985792E-001                  2.4280000000014210E-001                  1.3999999999999568E-003                  8.4377466730139489E-015                  0.0000000000000000E+000                  0.0000000000000000E+000                                        0                 -9.8999999999999986E+001                 -9.9000000000000000E+001                 -9.9000000000000000E+001 
                                     418                  1.9996993736077371E+000                  2.0508960596478359E-001                  5.8211071603229225E+000                 -3.1677024464009511E+000                  1.0801524176420688E+001                  7.5579999999985692E-001                  2.4280000000014318E-001                  1.3999999999998458E-003                  9.6969352476716173E-015                  0.0000000000000000E+000                  0.0000000000000000E+000                                        0                 -9.8999999999999986E+001                 -9.9000000000000000E+001                 -9.9000000000000000E+001 
                                     419                  1.9996895765892013E+000                  2.0437442782488358E-001                  5.8248339528683877E+000                 -3.1531328383675867E+000                  1.0819791042198679E+001                  7.5579999999985592E-001                  2.4280000000014398E-001                  1.4000000000000679E-003                  1.1139267765004405E-014                  0.0000000000000000E+000                  0.0000000000000000E+000                                        0                 -9.8999999999999986E+001                 -9.9000000000000000E+001                 -9.9000000000000000E+001 
                                     420                  1.9996794386735679E+000                  2.0365522574993550E-001                  5.8285591141777111E+000                 -3.1385841781300887E+000                  1.0838035654133783E+001                  7.5579999999985459E-001                  2.4280000000014548E-001                  1.3999999999999568E-003                  1.2790885078636541E-014                  0.0000000000000000E+000                  0.0000000000000000E+000                                        0                 -9.8999999999999986E+001                 -9.9000000000000000E+001                 -9.9000000000000000E+001 
                                     421                  1.9996689481460366E+000                  2.0293193207867594E-001                  5.8322831400021142E+000                 -3.1240556033939835E+000                  1.0856259371742190E+001                  7.5579999999985326E-001                  2.4280000000014670E-001                  1.4000000000000679E-003                  1.4681614379368056E-014                  0.0000000000000000E+000                  0.0000000000000000E+000                                        0                 -9.8999999999999986E+001                 -9.9000000000000000E+001                 -9.9000000000000000E+001 
                                     422                  1.9996580928952454E+000                  2.0220447941525937E-001                  5.8360064789803481E+000                 -3.1095462758907608E+000                  1.0874463482308862E+001                  7.5579999999985159E-001                  2.4280000000014829E-001                  1.4000000000000679E-003                  1.6845467948677461E-014                  0.0000000000000000E+000                  0.0000000000000000E+000                                        0                 -9.8999999999999986E+001                 -9.9000000000000000E+001                 -9.9000000000000000E+001 
                                     423                  1.9996468604267088E+000                  2.0147280233782061E-001                  5.8397295352950378E+000                 -3.0950553369529383E+000                  1.0892649247697843E+001                  7.5579999999985037E-001                  2.4280000000014959E-001                  1.4000000000000679E-003                  1.9321222513967260E-014                  0.0000000000000000E+000                  0.0000000000000000E+000                                        0                 -9.8999999999999986E+001                 -9.9000000000000000E+001                 -9.9000000000000000E+001 
                                     424                  1.9996352377703146E+000                  2.0073683224979849E-001                  5.8434526692850470E+000                 -3.0805819084802355E+000                  1.0910817904073376E+001                  7.5579999999984848E-001                  2.4280000000015159E-001                  1.3999999999999568E-003                  2.2153074944591957E-014                  0.0000000000000000E+000                  0.0000000000000000E+000                                        0                 -9.8999999999999986E+001                 -9.9000000000000000E+001                 -9.9000000000000000E+001 
                                     425                  1.9996232115442985E+000                  1.9999650260158142E-001                  5.8471761906206838E+000                 -3.0661251259504914E+000                  1.0928970622243831E+001                  7.5579999999984615E-001                  2.4280000000015386E-001                  1.3999999999999568E-003                  2.5391378826920766E-014                  0.0000000000000000E+000                  0.0000000000000000E+000                                        0                 -9.8999999999999986E+001                 -9.9000000000000000E+001                 -9.9000000000000000E+001 
                                     426                  1.9996107679150348E+000                  1.9925174716270369E-001                  5.8509009021378082E+000                 -3.0516820770683051E+000                  1.0947111109277662E+001                  7.5579999999984404E-001                  2.4280000000015589E-001                  1.4000000000000679E-003                  2.9094056452708960E-014                  0.0000000000000000E+000                  0.0000000000000000E+000                                        0                 -9.8999999999999986E+001                 -9.9000000000000000E+001                 -9.9000000000000000E+001 
                                     427                  1.9995978889078818E+000                  1.9850228921501847E-001                  5.8546288830650468E+000                 -3.0372448114714161E+000                  1.0965249376866590E+001                  7.5579999999984138E-001                  2.4280000000015867E-001                  1.3999999999999568E-003                  3.3328903478659041E-014                  0.0000000000000000E+000                  0.0000000000000000E+000                                        0                 -9.8999999999999986E+001                 -9.9000000000000000E+001                 -9.9000000000000000E+001 
                                     428                  1.9995845498814009E+000                  1.9774753061169983E-001                  5.8583615399593638E+000                 -3.0228078515019252E+000                  1.0983392295451939E+001                  7.5579999999983838E-001                  2.4280000000016161E-001                  1.4000000000000679E-003                  3.8173218938371470E-014                  0.0000000000000000E+000                  0.0000000000000000E+000                                        0                 -9.8999999999999986E+001                 -9.9000000000000000E+001                 -9.9000000000000000E+001 
                                     429                  1.9995707347752254E+000                  1.9698742578099845E-001                  5.8621002824355006E+000                 -3.0083660517447348E+000                  1.1001546409408240E+001                  7.5579999999983494E-001                  2.4280000000016488E-001                  1.4000000000001789E-003                  4.3715887920784643E-014                  0.0000000000000000E+000                  0.0000000000000000E+000                                        0                 -9.8999999999999986E+001                 -9.9000000000000000E+001                 -9.9000000000000000E+001 
                                     430                  1.9995564169506397E+000                  1.9622139946051409E-001                  5.8658465728975928E+000                 -2.9939140096626771E+000                  1.1019718572430657E+001                  7.5579999999983105E-001                  2.4280000000016899E-001                  1.3999999999999568E-003                  5.0059328781175801E-014                  0.0000000000000000E+000                  0.0000000000000000E+000                                        0                 -9.8999999999999986E+001                 -9.9000000000000000E+001                 -9.9000000000000000E+001 
                                     431                  1.9995415773782226E+000                  1.9544935359695922E-001                  5.8695994716629585E+000                 -2.9794557072579031E+000                  1.1037903869430124E+001                  7.5579999999982672E-001                  2.4280000000017321E-001                  1.4000000000000679E-003                  5.7316603081707046E-014                  0.0000000000000000E+000                  0.0000000000000000E+000                                        0                 -9.8999999999999986E+001                 -9.9000000000000000E+001                 -9.9000000000000000E+001 
                                     432                  1.9995262065600907E+000                  1.9467170224225752E-001                  5.8733593668705666E+000                 -2.9649903995258082E+000                  1.1056103434052442E+001                  7.5579999999982228E-001                  2.4280000000017768E-001                  1.4000000000000679E-003                  6.5619142643423750E-014                  0.0000000000000000E+000                  0.0000000000000000E+000                                        0                 -9.8999999999999986E+001                 -9.9000000000000000E+001                 -9.9000000000000000E+001 
                                     433                  1.9995102746526470E+000                  1.9388785279085835E-001                  5.8771272468248119E+000                 -2.9505148246002189E+000                  1.1074321511213467E+001                  7.5579999999981662E-001                  2.4280000000018337E-001                  1.4000000000000679E-003                  7.5119005594354370E-014                  0.0000000000000000E+000                  0.0000000000000000E+000                                        0                 -9.8999999999999986E+001                 -9.9000000000000000E+001                 -9.9000000000000000E+001 
                                     434                  1.9994937650814584E+000                  1.9309792797884698E-001                  5.8809026626902332E+000                 -2.9360315286138143E+000                  1.1092555112690071E+001                  7.5579999999981051E-001                  2.4280000000018945E-001                  1.4000000000000679E-003                  8.5986449291833788E-014                  0.0000000000000000E+000                  0.0000000000000000E+000                                        0                 -9.8999999999999986E+001                 -9.9000000000000000E+001                 -9.9000000000000000E+001 
                                     435                  1.9994766590933113E+000                  1.9230196355226561E-001                  5.8846855317267224E+000                 -2.9215417935005314E+000                  1.1110802879060632E+001                  7.5579999999980374E-001                  2.4280000000019616E-001                  1.4000000000000679E-003                  9.8416618839195837E-014                  0.0000000000000000E+000                  0.0000000000000000E+000                                        0                 -9.8999999999999986E+001                 -9.9000000000000000E+001                 -9.9000000000000000E+001 
                                     436                  1.9994589363074931E+000                  1.9149994444933613E-001                  5.8884758958950352E+000                 -2.9070465710820335E+000                  1.1129063905896450E+001                  7.5579999999979608E-001                  2.4280000000020391E-001                  1.4000000000000679E-003                  1.1263263105262260E-013                  0.0000000000000000E+000                  0.0000000000000000E+000                                        0                 -9.8999999999999986E+001                 -9.9000000000000000E+001                 -9.9000000000000000E+001 
                                     437                  1.9994405759896787E+000                  1.9069186728944573E-001                  5.8922738367950771E+000                 -2.8925468156209635E+000                  1.1147337326811007E+001                  7.5579999999978698E-001                  2.4280000000021304E-001                  1.3999999999999568E-003                  1.2888932751416108E-013                  0.0000000000000000E+000                  0.0000000000000000E+000                                        0                 -9.8999999999999986E+001                 -9.9000000000000000E+001                 -9.9000000000000000E+001 
                                     438                  1.9994215564625437E+000                  1.8987771446572921E-001                  5.8960795258774015E+000                 -2.8780432772494549E+000                  1.1165622569786487E+001                  7.5579999999977721E-001                  2.4280000000022281E-001                  1.3999999999999568E-003                  1.4747806597601573E-013                  0.0000000000000000E+000                  0.0000000000000000E+000                                        0                 -9.8999999999999986E+001                 -9.9000000000000000E+001                 -9.9000000000000000E+001 
                                     439                  1.9994018551054222E+000                  1.8905745654885020E-001                  5.8998919960757741E+000                 -2.8635410719870231E+000                  1.1183913565584668E+001                  7.5579999999976633E-001                  2.4280000000023375E-001                  1.3999999999999568E-003                  1.6872481911903743E-013                  0.0000000000000000E+000                  0.0000000000000000E+000                                        0                 -9.8999999999999986E+001                 -9.9000000000000000E+001                 -9.9000000000000000E+001 
                                     440                  1.9993814611809262E+000                  1.8823156674835406E-001                  5.9037115813634049E+000                 -2.8490407058749865E+000                  1.1202210150282406E+001                  7.5579999999975367E-001                  2.4280000000024629E-001                  1.4000000000000679E-003                  1.9300766723917707E-013                  0.0000000000000000E+000                  0.0000000000000000E+000                                        0                 -9.8999999999999986E+001                 -9.9000000000000000E+001                 -9.9000000000000000E+001 
                                     441                  1.9993603386154188E+000                  1.8739950700470556E-001                  5.9075396223811101E+000                 -2.8345385120341695E+000                  1.1220517330414784E+001                  7.5579999999973935E-001                  2.4280000000026059E-001                  1.4000000000000679E-003                  2.2076633104095492E-013                  0.0000000000000000E+000                  0.0000000000000000E+000                                        0                 -9.8999999999999986E+001                 -9.9000000000000000E+001                 -9.9000000000000000E+001 
                                     442                  1.9993384629762885E+000                  1.8656126030470874E-001                  5.9113762443389053E+000                 -2.8200352751715991E+000                  1.1238834451596549E+001                  7.5579999999972314E-001                  2.4280000000027693E-001                  1.3999999999999568E-003                  2.5249567397894243E-013                  0.0000000000000000E+000                  0.0000000000000000E+000                                        0                 -9.8999999999999986E+001                 -9.9000000000000000E+001                 -9.9000000000000000E+001 
                                     443                  1.9993158088879996E+000                  1.8571680143212604E-001                  5.9152205212532580E+000                 -2.8055353779633689E+000                  1.1257156213498545E+001                  7.5579999999970504E-001                  2.4280000000029497E-001                  1.3999999999999568E-003                  2.8875029766149682E-013                  0.0000000000000000E+000                  0.0000000000000000E+000                                        0                 -9.8999999999999986E+001                 -9.9000000000000000E+001                 -9.9000000000000000E+001 
                                     444                  1.9992923623743128E+000                  1.8486654022603682E-001                  5.9190725916054578E+000                 -2.7910391324332635E+000                  1.1275482444185233E+001                  7.5579999999968439E-001                  2.4280000000031557E-001                  1.4000000000000679E-003                  3.3017119204871498E-013                  0.0000000000000000E+000                  0.0000000000000000E+000                                        0                 -9.8999999999999986E+001                 -9.9000000000000000E+001                 -9.9000000000000000E+001 
                                     445                  1.9992680844777078E+000                  1.8400999736920012E-001                  5.9229325158012802E+000                 -2.7765466057420705E+000                  1.1293813134851026E+001                  7.5579999999966108E-001                  2.4280000000033894E-001                  1.3999999999999568E-003                  3.7748903547892447E-013                  0.0000000000000000E+000                  0.0000000000000000E+000                                        0                 -9.8999999999999986E+001                 -9.9000000000000000E+001                 -9.9000000000000000E+001 
                                     446                  1.9992429593166676E+000                  1.8314754951740636E-001                  5.9268003547586581E+000                 -2.7620579333412243E+000                  1.1312148209325642E+001                  7.5579999999963543E-001                  2.4280000000036459E-001                  1.3999999999999568E-003                  4.3153701361175067E-013                  0.0000000000000000E+000                  0.0000000000000000E+000                                        0                 -9.8999999999999986E+001                 -9.9000000000000000E+001                 -9.9000000000000000E+001 
                                     447                  1.9992169461828189E+000                  1.8227873939670330E-001                  5.9306761132779595E+000                 -2.7475730884892258E+000                  1.1330487694993927E+001                  7.5579999999960568E-001                  2.4280000000039426E-001                  1.4000000000000679E-003                  4.9326460687868402E-013                  0.0000000000000000E+000                  0.0000000000000000E+000                                        0                 -9.8999999999999986E+001                 -9.9000000000000000E+001                 -9.9000000000000000E+001 
                                     448                  1.9991900273022027E+000                  1.8140391721422708E-001                  5.9345598350286322E+000                 -2.7330922940409192E+000                  1.1348831411367209E+001                  7.5579999999957281E-001                  2.4280000000042712E-001                  1.4000000000000679E-003                  5.6375431909428835E-013                  0.0000000000000000E+000                  0.0000000000000000E+000                                        0                 -9.8999999999999986E+001                 -9.9000000000000000E+001                 -9.9000000000000000E+001 
                                     449                  1.9991621605386456E+000                  1.8052266009634951E-001                  5.9384516116908426E+000                 -2.7186155905353324E+000                  1.1367179408072316E+001                  7.5579999999953562E-001                  2.4280000000046431E-001                  1.4000000000000679E-003                  6.4424102860460671E-013                  0.0000000000000000E+000                  0.0000000000000000E+000                                        0                 -9.8999999999999986E+001                 -9.9000000000000000E+001                 -9.9000000000000000E+001 
                                     450                  1.9991333257437176E+000                  1.7963528095982570E-001                  5.9423516350919146E+000                 -2.7041431315650200E+000                  1.1385531724965979E+001                  7.5579999999949343E-001                  2.4280000000050656E-001                  1.4000000000000679E-003                  7.3613417392724903E-013                  0.0000000000000000E+000                  0.0000000000000000E+000                                        0                 -9.8999999999999986E+001                 -9.9000000000000000E+001                 -9.9000000000000000E+001 
                                     451                  1.9991034786393553E+000                  1.7874137050615993E-001                  5.9462601313220409E+000                 -2.6896749503475181E+000                  1.1403888556298567E+001                  7.5579999999944592E-001                  2.4280000000055402E-001                  1.4000000000000679E-003                  8.4104201299464246E-013                  0.0000000000000000E+000                  0.0000000000000000E+000                                        0                 -9.8999999999999986E+001                 -9.9000000000000000E+001                 -9.9000000000000000E+001 
                                     452                  1.9990725967042855E+000                  1.7784121150047097E-001                  5.9501773941713516E+000                 -2.6752112832674140E+000                  1.1422249963736370E+001                  7.5579999999939251E-001                  2.4280000000060753E-001                  1.3999999999999568E-003                  9.6080008825418107E-013                  0.0000000000000000E+000                  0.0000000000000000E+000                                        0                 -9.8999999999999986E+001                 -9.9000000000000000E+001                 -9.9000000000000000E+001 
                                     453                  1.9990406337638222E+000                  1.7693441841094845E-001                  5.9541037254838134E+000                 -2.6607523008552656E+000                  1.1440616082499146E+001                  7.5579999999933256E-001                  2.4280000000066740E-001                  1.4000000000000679E-003                  1.0975028246065849E-012                  0.0000000000000000E+000                  0.0000000000000000E+000                                        0                 -9.8999999999999986E+001                 -9.9000000000000000E+001                 -9.9000000000000000E+001 
                                     454                  1.9990075650439256E+000                  1.7602125225759727E-001                  5.9580387881275625E+000                 -2.6463005977990544E+000                  1.1458983988257966E+001                  7.5579999999926417E-001                  2.4280000000073571E-001                  1.4000000000000679E-003                  1.2535125451654747E-012                  0.0000000000000000E+000                  0.0000000000000000E+000                                        0                 -9.8999999999999986E+001                 -9.9000000000000000E+001                 -9.9000000000000000E+001 
                                     455                  1.9989733533529845E+000                  1.7510164071067638E-001                  5.9619834825758282E+000                 -2.6318538913712586E+000                  1.1477356863316135E+001                  7.5579999999918757E-001                  2.4280000000081248E-001                  1.3999999999999568E-003                  1.4315739198312874E-012                  0.0000000000000000E+000                  0.0000000000000000E+000                                        0                 -9.8999999999999986E+001                 -9.9000000000000000E+001                 -9.9000000000000000E+001 
                                     456                  1.9989379496141799E+000                  1.7417523480992966E-001                  5.9659379765635707E+000                 -2.6174121165505757E+000                  1.1495734939636307E+001                  7.5579999999910152E-001                  2.4280000000089846E-001                  1.4000000000000679E-003                  1.6347909414735740E-012                  0.0000000000000000E+000                  0.0000000000000000E+000                                        0                 -9.8999999999999986E+001                 -9.9000000000000000E+001                 -9.9000000000000000E+001 
                                     457                  1.9989013245827969E+000                  1.7324224371150745E-001                  5.9699018159578214E+000                 -2.6029772540155180E+000                  1.1514115782859637E+001                  7.5579999999900382E-001                  2.4280000000099619E-001                  1.3999999999999568E-003                  1.8666654437383623E-012                  0.0000000000000000E+000                  0.0000000000000000E+000                                        0                 -9.8999999999999986E+001                 -9.9000000000000000E+001                 -9.9000000000000000E+001 
                                     458                  1.9988634375075147E+000                  1.7230259686790309E-001                  5.9738751332664419E+000                 -2.5885487533617968E+000                  1.1532500070912359E+001                  7.5579999999889458E-001                  2.4280000000110546E-001                  1.3999999999999568E-003                  2.1312186090416115E-012                  0.0000000000000000E+000                  0.0000000000000000E+000                                        0                 -9.8999999999999986E+001                 -9.9000000000000000E+001                 -9.9000000000000000E+001 
                                     459                  1.9988242448057723E+000                  1.7135618679368983E-001                  5.9778584914213653E+000                 -2.5741242011620904E+000                  1.1550890771250289E+001                  7.5579999999877068E-001                  2.4280000000122928E-001                  1.4000000000000679E-003                  2.4330704404947821E-012                  0.0000000000000000E+000                  0.0000000000000000E+000                                        0                 -9.8999999999999986E+001                 -9.9000000000000000E+001                 -9.9000000000000000E+001 
                                     460                  1.9987836927221345E+000                  1.7040270457009390E-001                  5.9818518169958068E+000                 -2.5597031334011726E+000                  1.1569288265944373E+001                  7.5579999999863157E-001                  2.4280000000136823E-001                  1.4000000000001789E-003                  2.7774457461394164E-012                  0.0000000000000000E+000                  0.0000000000000000E+000                                        0                 -9.8999999999999986E+001                 -9.9000000000000000E+001                 -9.9000000000000000E+001 
                                     461                  1.9987417452299536E+000                  1.6944229786675902E-001                  5.9858545300488126E+000                 -2.5452868390996755E+000                  1.1587690679316692E+001                  7.5579999999847525E-001                  2.4280000000152480E-001                  1.3999999999999568E-003                  3.1702431786880783E-012                  0.0000000000000000E+000                  0.0000000000000000E+000                                        0                 -9.8999999999999986E+001                 -9.9000000000000000E+001                 -9.9000000000000000E+001 
                                     462                  1.9986983561349780E+000                  1.6847489989279699E-001                  5.9898672889632829E+000                 -2.5308720479259801E+000                  1.1606101927740974E+001                  7.5579999999829872E-001                  2.4280000000170110E-001                  1.4000000000001789E-003                  3.6183070853058090E-012                  0.0000000000000000E+000                  0.0000000000000000E+000                                        0                 -9.8999999999999986E+001                 -9.9000000000000000E+001                 -9.9000000000000000E+001 
                                     463                  1.9986534595178556E+000                  1.6750005220551092E-001                  5.9938905147985952E+000                 -2.5164561285396658E+000                  1.1624525050936070E+001                  7.5579999999810021E-001                  2.4280000000189977E-001                  1.4000000000000679E-003                  4.1294349245375678E-012                  0.0000000000000000E+000                  0.0000000000000000E+000                                        0                 -9.8999999999999986E+001                 -9.9000000000000000E+001                 -9.9000000000000000E+001 
                                     464                  1.9986070083470031E+000                  1.6651776251451225E-001                  5.9979242109240101E+000                 -2.5020379701018314E+000                  1.1642961152442371E+001                  7.5579999999787617E-001                  2.4280000000212393E-001                  1.3999999999998458E-003                  4.7124708524075711E-012                  0.0000000000000000E+000                  0.0000000000000000E+000                                        0                 -9.8999999999999986E+001                 -9.9000000000000000E+001                 -9.9000000000000000E+001 
                                     465                  1.9985589415310605E+000                  1.6552777773995084E-001                  6.0019685113341543E+000                 -2.4876158536319917E+000                  1.1661412073236058E+001                  7.5579999999762426E-001                  2.4280000000237570E-001                  1.4000000000000679E-003                  5.3775202883632717E-012                  4.8377866707482140E-039                  0.0000000000000000E+000                                        0                 -9.8999999999999986E+001                 -9.9000000000000000E+001                 -9.9000000000000000E+001 
                                     466                  1.9985092041512789E+000                  1.6453001898105793E-001                  6.0060248360165316E+000                 -2.4731836175289885E+000                  1.1679885379289226E+001                  7.5579999999734038E-001                  2.4280000000265975E-001                  1.3999999999998458E-003                  6.1363659981502135E-012                  7.6043340248643777E-039                  0.0000000000000000E+000                                        0                 -9.8999999999999986E+001                 -9.9000000000000000E+001                 -9.9000000000000000E+001 
                                     467                  1.9984576982915632E+000                  1.6352361282773306E-001                  6.0100935265529154E+000                 -2.4587387485531886E+000                  1.1698383912893865E+001                  7.5579999999701974E-001                  2.4280000000298019E-001                  1.4000000000000679E-003                  7.0023137216520434E-012                  1.1952702980048735E-038                  0.0000000000000000E+000                                        0                 -9.8999999999999986E+001                 -9.9000000000000000E+001                 -9.9000000000000000E+001 
                                     468                  1.9984043874982327E+000                  1.6250895760086406E-001                  6.0141753273690215E+000                 -2.4442778345504559E+000                  1.1716911820458298E+001                  7.5579999999665937E-001                  2.4280000000334059E-001                  1.4000000000000679E-003                  7.9906729964633881E-012                  1.8788610467354532E-038                  0.0000000000000000E+000                                        0                 -9.8999999999999986E+001                 -9.9000000000000000E+001                 -9.9000000000000000E+001 
                                     469                  1.9983491593330920E+000                  1.6148504973191871E-001                  6.0182760985864387E+000                 -2.4297794991813735E+000                  1.1735496311052657E+001                  7.5579999999625136E-001                  2.4280000000374868E-001                  1.3999999999999568E-003                  9.1204936479869774E-012                  2.9554555721327272E-038                  0.0000000000000000E+000                                        0                 -9.8999999999999986E+001                 -9.9000000000000000E+001                 -9.9000000000000000E+001 
                                     470                  1.9982918278551338E+000                  1.6044970751526738E-001                  6.0223912277621281E+000                 -2.4152584883605486E+000                  1.1754118030270885E+001                  7.5579999999579250E-001                  2.4280000000420751E-001                  1.3999999999999568E-003                  1.0410754279262653E-011                  4.6497599647526026E-038                  0.0000000000000000E+000                                        0                 -9.8999999999999986E+001                 -9.9000000000000000E+001                 -9.9000000000000000E+001 
                                     471                  1.9982325519232433E+000                  1.5940699343988723E-001                  6.0265126235402953E+000                 -2.4007432669086795E+000                  1.1772740447835016E+001                  7.5579999999527581E-001                  2.4280000000472424E-001                  1.3999999999999568E-003                  1.1881229460501753E-011                  7.3101035642170064E-038                  0.0000000000000000E+000                                        0                 -9.8999999999999986E+001                 -9.9000000000000000E+001                 -9.9000000000000000E+001 
                                     472                  1.9981712669409371E+000                  1.5835681034864443E-001                  6.0306403224089022E+000                 -2.3862330335397215E+000                  1.1791364394919272E+001                  7.5579999999469516E-001                  2.4280000000530491E-001                  1.3999999999999568E-003                  1.3556790633760020E-011                  1.1484313167410604E-037                  0.0000000000000000E+000                                        0                 -9.8999999999999986E+001                 -9.9000000000000000E+001                 -9.9000000000000000E+001 
                                     473                  1.9981079060293871E+000                  1.5729905792460450E-001                  6.0347744225766737E+000                 -2.3717268677727201E+000                  1.1809990884161893E+001                  7.5579999999404190E-001                  2.4280000000595814E-001                  1.3999999999999568E-003                  1.5465730809898244E-011                  1.8029324364054977E-037                  0.0000000000000000E+000                                        0                 -9.8999999999999986E+001                 -9.9000000000000000E+001                 -9.9000000000000000E+001 
                                     474                  1.9980423988952902E+000                  1.5623361589681370E-001                  6.0389149869050565E+000                 -2.3572240514027976E+000                  1.1828620691304238E+001                  7.5579999999330694E-001                  2.4280000000669288E-001                  1.4000000000001789E-003                  1.7640188138120055E-011                  2.8284560463708071E-037                  0.0000000000000000E+000                                        0                 -9.8999999999999986E+001                 -9.9000000000000000E+001                 -9.9000000000000000E+001 
                                     475                  1.9979746756619237E+000                  1.5516040751930124E-001                  6.0430619938326879E+000                 -2.3427242444672336E+000                  1.1847254130321282E+001                  7.5579999999248104E-001                  2.4280000000751903E-001                  1.3999999999999568E-003                  2.0116623718581524E-011                  4.4341818828596502E-037                  0.0000000000000000E+000                                        0                 -9.8999999999999986E+001                 -9.9000000000000000E+001                 -9.9000000000000000E+001 
                                     476                  1.9979046648172927E+000                  1.5407936383709103E-001                  6.0472155838558601E+000                 -2.3282266226792099E+000                  1.1865892161717662E+001                  7.5579999999155245E-001                  2.4280000000844756E-001                  1.3999999999999568E-003                  2.2936552161169406E-011                  6.9466868529500675E-037                  0.0000000000000000E+000                                        0                 -9.8999999999999986E+001                 -9.9000000000000000E+001                 -9.9000000000000000E+001 
                                     477                  1.9978322870605931E+000                  1.5299033213970217E-001                  6.0513759107413474E+000                 -2.3137303576846033E+000                  1.1884535763675677E+001                  7.5579999999050873E-001                  2.4280000000949126E-001                  1.4000000000000679E-003                  2.6147159152223107E-011                  1.0875486150166731E-036                  0.0000000000000000E+000                                        0                 -9.8999999999999986E+001                 -9.9000000000000000E+001                 -9.9000000000000000E+001 
                                     478                  1.9977574656170598E+000                  1.5189323673631108E-001                  6.0555430392064657E+000                 -2.2992350040264729E+000                  1.1903185443254829E+001                  7.5579999998933634E-001                  2.4280000001066362E-001                  1.4000000000000679E-003                  2.9801977538374948E-011                  1.7014870342717577E-036                  0.0000000000000000E+000                                        0                 -9.8999999999999986E+001                 -9.9000000000000000E+001                 -9.9000000000000000E+001 
                                     479                  1.9976801196855436E+000                  1.5078797801905730E-001                  6.0597170866874634E+000                 -2.2847399847132079E+000                  1.1921841892000282E+001                  7.5579999998801917E-001                  2.4280000001198068E-001                  1.4000000000001789E-003                  3.3961852746642219E-011                  2.6602487049540645E-036                  0.0000000000000000E+000                                        0                 -9.8999999999999986E+001                 -9.9000000000000000E+001                 -9.9000000000000000E+001 
                                     480                  1.9976001658708842E+000                  1.4967445602466956E-001                  6.0638982193354911E+000                 -2.2702446080637135E+000                  1.1940505965112303E+001                  7.5579999998654024E-001                  2.4280000001345969E-001                  1.4000000000000679E-003                  3.8695948588844248E-011                  4.1565811701897053E-036                  0.0000000000000000E+000                                        0                 -9.8999999999999986E+001                 -9.9000000000000000E+001                 -9.9000000000000000E+001 
                                     481                  1.9975175164990726E+000                  1.4855254886783853E-001                  6.0680865650173939E+000                 -2.2557483506380649E+000                  1.1959178311652639E+001                  7.5579999998487957E-001                  2.4280000001512034E-001                  1.4000000000000679E-003                  4.4082781563582037E-011                  6.4904618625643051E-036                  0.0000000000000000E+000                                        0                 -9.8999999999999986E+001                 -9.9000000000000000E+001                 -9.9000000000000000E+001 
                                     482                  1.9974320842979127E+000                  1.4742217762252707E-001                  6.0722822195526280E+000                 -2.2412508448136403E+000                  1.1977859393254972E+001                  7.5579999998301484E-001                  2.4280000001698498E-001                  1.4000000000001789E-003                  5.0211465762936932E-011                  1.0128463099421789E-035                  0.0000000000000000E+000                                        0                 -9.8999999999999986E+001                 -9.9000000000000000E+001                 -9.9000000000000000E+001 
                                     483                  1.9973437776030443E+000                  1.4628324095575773E-001                  6.0764853222025321E+000                 -2.2267515991359126E+000                  1.1996549838918988E+001                  7.5579999998092262E-001                  2.4280000001907745E-001                  1.3999999999999568E-003                  5.7183247737452981E-011                  1.5795935564613935E-035                  0.0000000000000000E+000                                        0                 -9.8999999999999986E+001                 -9.9000000000000000E+001                 -9.9000000000000000E+001 
                                     484                  1.9972525018247433E+000                  1.4513563699777440E-001                  6.0806960534749859E+000                 -2.2122500066375670E+000                  1.2015250434502009E+001                  7.5579999997857439E-001                  2.4280000002142557E-001                  1.4000000000000679E-003                  6.5113170863270583E-011                  2.4619997619726895E-035                  0.0000000000000000E+000                                        0                 -9.8999999999999986E+001                 -9.9000000000000000E+001                 -9.9000000000000000E+001 
                                     485                  1.9971581576246200E+000                  1.4397924231165574E-001                  6.0849145525648307E+000                 -2.1977456129252375E+000                  1.2033961772166846E+001                  7.5579999997593994E-001                  2.4280000002406002E-001                  1.4000000000000679E-003                  7.4131791902361585E-011                  3.8350988093370150E-035                  0.0000000000000000E+000                                        0                 -9.8999999999999986E+001                 -9.9000000000000000E+001                 -9.9000000000000000E+001 
                                     486                  1.9970606459697711E+000                  1.4281397520155067E-001                  6.0891409235955773E+000                 -2.1832381050838192E+000                  1.2052684267745921E+001                  7.5579999997298530E-001                  2.4280000002701477E-001                  1.3999999999999568E-003                  8.4387241030459630E-011                  5.9705500718492392E-035                  0.0000000000000000E+000                                        0                 -9.8999999999999986E+001                 -9.9000000000000000E+001                 -9.9000000000000000E+001 
                                     487                  1.9969598629498984E+000                  1.4163973196127955E-001                  6.0933753079515114E+000                 -2.1687270471597531E+000                  1.2071418497337483E+001                  7.5579999996967184E-001                  2.4280000003032817E-001                  1.3999999999999568E-003                  9.6047752088624081E-011                  9.2897997375130506E-035                  0.0000000000000000E+000                                        0                 -9.8999999999999986E+001                 -9.9000000000000000E+001                 -9.9000000000000000E+001 
                                     488                  1.9968557013592241E+000                  1.4045640821751179E-001                  6.0976178776404986E+000                 -2.1542119047098507E+000                  1.2090165166156787E+001                  7.5579999996595748E-001                  2.4280000003404253E-001                  1.3999999999999568E-003                  1.0930439356882080E-010                  1.4446374505726021E-034                  0.0000000000000000E+000                                        0                 -9.8999999999999986E+001                 -9.9000000000000000E+001                 -9.9000000000000000E+001 
                                     489                  1.9967480489686076E+000                  1.3926388108503693E-001                  6.1018687667841309E+000                 -2.1396922655212425E+000                  1.2108924819391174E+001                  7.5579999996179448E-001                  2.4280000003820551E-001                  1.4000000000000679E-003                  1.2437393868267859E-010                  2.2453104445530769E-034                  0.0000000000000000E+000                                        0                 -9.8999999999999986E+001                 -9.9000000000000000E+001                 -9.9000000000000000E+001 
                                     490                  1.9966367932571747E+000                  1.3806206291669168E-001                  6.1061280700825797E+000                 -2.1251678238652834E+000                  1.2127697856226639E+001                  7.5579999995712865E-001                  2.4280000004287122E-001                  1.4000000000000679E-003                  1.4150225569916239E-010                  3.4878808686924743E-034                  0.0000000000000000E+000                                        0                 -9.8999999999999986E+001                 -9.9000000000000000E+001                 -9.9000000000000000E+001 
                                     491                  1.9965218165278407E+000                  1.3685084722148066E-001                  6.1103958893575028E+000                 -2.1106381485571863E+000                  1.2146484807745766E+001                  7.5579999995190217E-001                  2.4280000004809785E-001                  1.3999999999999568E-003                  1.6096838287671425E-010                  5.4152397158415115E-034                  0.0000000000000000E+000                                        0                 -9.8999999999999986E+001                 -9.9000000000000000E+001                 -9.9000000000000000E+001 
                                     492                  1.9964029973766872E+000                  1.3563012684554537E-001                  6.1146723211372205E+000                 -2.0961027016401879E+000                  1.2165286305772534E+001                  7.5579999994604774E-001                  2.4280000005395205E-001                  1.4000000000001789E-003                  1.8308894538531571E-010                  8.4032533911149385E-034                  0.0000000000000000E+000                                        0                 -9.8999999999999986E+001                 -9.9000000000000000E+001                 -9.9000000000000000E+001 
                                     493                  1.9962802091254697E+000                  1.3439977961359320E-001                  6.1189574057294269E+000                 -2.0815610149358248E+000                  1.2184102855552547E+001                  7.5579999993949276E-001                  2.4280000006050720E-001                  1.4000000000000679E-003                  2.0822288014701335E-010                  1.3033212707696772E-033                  0.0000000000000000E+000                                        0                 -9.8999999999999986E+001                 -9.9000000000000000E+001                 -9.9000000000000000E+001 
                                     494                  1.9961533240328999E+000                  1.3315971190596271E-001                  6.1232511346304408E+000                 -2.0670126867512804E+000                  1.2202934846574033E+001                  7.5579999993215397E-001                  2.4280000006784597E-001                  1.4000000000000679E-003                  2.3677698319261966E-010                  2.0203573570476078E-033                  0.0000000000000000E+000                                        0                 -9.8999999999999986E+001                 -9.9000000000000000E+001                 -9.9000000000000000E+001 
                                     495                  1.9960222089016895E+000                  1.3190981495398657E-001                  6.1275535011610609E+000                 -2.0524572136529011E+000                  1.2221782771283809E+001                  7.5579999992394020E-001                  2.4280000007605970E-001                  1.4000000000000679E-003                  2.6921253031132973E-010                  3.1302299870306439E-033                  0.0000000000000000E+000                                        0                 -9.8999999999999986E+001                 -9.9000000000000000E+001                 -9.9000000000000000E+001 
                                     496                  1.9958867263704083E+000                  1.3064997957218721E-001                  6.1318645010428563E+000                 -2.0378940027982098E+000                  1.2240647213457198E+001                  7.5579999991474955E-001                  2.4280000008525054E-001                  1.3999999999998458E-003                  3.0605252937171423E-010                  4.8472394408961735E-033                  0.0000000000000000E+000                                        0                 -9.8999999999999986E+001                 -9.9000000000000000E+001                 -9.9000000000000000E+001 
                                     497                  1.9957467332954772E+000                  1.2938008280616037E-001                  6.1361840861776864E+000                 -2.0233225312391778E+000                  1.2259528642831967E+001                  7.5579999990446811E-001                  2.4280000009553185E-001                  1.4000000000000679E-003                  3.4788946097762822E-010                  7.5020490530282287E-033                  0.0000000000000000E+000                                        0                 -9.8999999999999986E+001                 -9.9000000000000000E+001                 -9.9000000000000000E+001 
                                     498                  1.9956020850656859E+000                  1.2810002842540891E-001                  6.1405121709336870E+000                 -2.0087423428173570E+000                  1.2278427424602549E+001                  7.5579999989296931E-001                  2.4280000010703082E-001                  1.3999999999998458E-003                  3.9539432837585260E-010                  1.1604541941861362E-032                  0.0000000000000000E+000                                        0                 -9.8999999999999986E+001                 -9.9000000000000000E+001                 -9.9000000000000000E+001 
                                     499                  1.9954526310826872E+000                  1.2680970629990826E-001                  6.1448486777403799E+000                 -1.9941528959871617E+000                  1.2297344017090293E+001                  7.5579999988011282E-001                  2.4280000011988723E-001                  1.3999999999999568E-003                  4.4932740288723090E-010                  1.7940507086087829E-032                  0.0000000000000000E+000                                        0                 -9.8999999999999986E+001                 -9.9000000000000000E+001                 -9.9000000000000000E+001 
                                     500                  1.9952982160776156E+000                  1.2550900607845242E-001                  6.1491935381998903E+000                 -1.9795535714531265E+000                  1.2316278965261372E+001                  7.5579999986574187E-001                  2.4280000013425804E-001                  1.4000000000000679E-003                  5.1055002633495615E-010                  2.7720208309074384E-032                  0.0000000000000000E+000                                        0                 -9.8999999999999986E+001                 -9.9000000000000000E+001                 -9.9000000000000000E+001 
                                     501                  1.9951386783722593E+000                  1.2419780420725136E-001                  6.1535466497742100E+000                 -1.9649438227813398E+000                  1.2335232706956115E+001                  7.5579999984968216E-001                  2.4280000015031791E-001                  1.3999999999999568E-003                  5.8003722690722562E-010                  4.2806368370180501E-032                  0.0000000000000000E+000                                        0                 -9.8999999999999986E+001                 -9.9000000000000000E+001                 -9.9000000000000000E+001 
                                     502                  1.9949738544987623E+000                  1.2287600323564211E-001                  6.1579078882748322E+000                 -1.9503231804189001E+000                  1.2354205581626374E+001                  7.5579999983174062E-001                  2.4280000016825931E-001                  1.4000000000000679E-003                  6.5889251890705716E-010                  6.6063955372766092E-032                  0.0000000000000000E+000                                        0                 -9.8999999999999986E+001                 -9.9000000000000000E+001                 -9.9000000000000000E+001 
                                     503                  1.9948035743508759E+000                  1.2154349233598381E-001                  6.1622771583096592E+000                 -1.9356911155804206E+000                  1.2373198016994705E+001                  7.5579999981170221E-001                  2.4280000018829781E-001                  1.3999999999999568E-003                  7.4836549081883554E-010                  1.0189679353532109E-031                  0.0000000000000000E+000                                        0                 -9.8999999999999986E+001                 -9.9000000000000000E+001                 -9.9000000000000000E+001 
                                     504                  1.9946276625909223E+000                  1.2020016052476190E-001                  6.1666543911762419E+000                 -1.9210470556848460E+000                  1.2392210511558737E+001                  7.5579999978932810E-001                  2.4280000021067200E-001                  1.3999999999998458E-003                  8.4987102855983970E-010                  1.5706985539966809E-031                  0.0000000000000000E+000                                        0                 -9.8999999999999986E+001                 -9.9000000000000000E+001                 -9.9000000000000000E+001 
                                     505                  1.9944459370005119E+000                  1.1884588559493514E-001                  6.1710395050681734E+000                 -1.9063905041991842E+000                  1.2411243474938779E+001                  7.5579999976435286E-001                  2.4280000023564710E-001                  1.4000000000000679E-003                  9.6501004798432316E-010                  2.4196782328928614E-031                  0.0000000000000000E+000                                        0                 -9.8999999999999986E+001                 -9.9000000000000000E+001                 -9.9000000000000000E+001 
                                     506                  1.9942582127779567E+000                  1.1748056740253410E-001                  6.1754324066475164E+000                 -1.8917210351233460E+000                  1.2430297234963595E+001                  7.5579999973648293E-001                  2.4280000026351709E-001                  1.3999999999999568E-003                  1.0955935433849635E-009                  3.7252072017047817E-031                  0.0000000000000000E+000                                        0                 -9.8999999999999986E+001                 -9.9000000000000000E+001                 -9.9000000000000000E+001 
                                     507                  1.9940642979784424E+000                  1.1610409436250595E-001                  6.1798330384739160E+000                 -1.8770381230764037E+000                  1.2449372254848727E+001                  7.5579999970539125E-001                  2.4280000029460877E-001                  1.3999999999999568E-003                  1.2436713602535558E-009                  5.7315021283736384E-031                  0.0000000000000000E+000                                        0                 -9.8999999999999986E+001                 -9.9000000000000000E+001                 -9.9000000000000000E+001 
                                     508                  1.9938639934715816E+000                  1.1471634553543707E-001                  6.1842413288530604E+000                 -1.8623413011202319E+000                  1.2468468925262332E+001                  7.5579999967071532E-001                  2.4280000032928459E-001                  1.4000000000000679E-003                  1.4115617658929962E-009                  8.8126856828147843E-031                  0.0000000000000000E+000                                        0                 -9.8999999999999986E+001                 -9.9000000000000000E+001                 -9.9000000000000000E+001 
                                     509                  1.9936570967315288E+000                  1.1331721813882260E-001                  6.1886571930785692E+000                 -1.8476301562849415E+000                  1.2487587570045177E+001                  7.5579999963205391E-001                  2.4280000036794611E-001                  1.3999999999999568E-003                  1.6018860015493944E-009                  1.3541475146031393E-030                  0.0000000000000000E+000                                        0                 -9.8999999999999986E+001                 -9.9000000000000000E+001                 -9.9000000000000000E+001 
                                     510                  1.9934433977535464E+000                  1.1190659987079005E-001                  6.1930805598540566E+000                 -1.8329042310687618E+000                  1.2506728570997810E+001                  7.5579999958896071E-001                  2.4280000041103927E-001                  1.4000000000000679E-003                  1.8176085426863702E-009                  2.0794009536458370E-030                  0.0000000000000000E+000                                        0                 -9.8999999999999986E+001                 -9.9000000000000000E+001                 -9.9000000000000000E+001 
                                     511                  1.9932226801700699E+000                  1.1048437818095644E-001                  6.1975113686423677E+000                 -1.8181630286350763E+000                  1.2525892360015115E+001                  7.5579999954094135E-001                  2.4280000045905858E-001                  1.4000000000000679E-003                  2.0620815843184023E-009                  3.1909666067528940E-030                  0.0000000000000000E+000                                        0                 -9.8999999999999986E+001                 -9.9000000000000000E+001                 -9.9000000000000000E+001 
                                     512                  1.9929947197381916E+000                  1.0905043198371765E-001                  6.2019495410868570E+000                 -1.8034060980443831E+000                  1.2545079305272008E+001                  7.5579999948744803E-001                  2.4280000051255196E-001                  1.4000000000000679E-003                  2.3390935226788099E-009                  4.8934431089565234E-030                  0.0000000000000000E+000                                        0                 -9.8999999999999986E+001                 -9.9000000000000000E+001                 -9.9000000000000000E+001 
                                     513                  1.9927592881128959E+000                  1.0760465665820232E-001                  6.2063949774877134E+000                 -1.7886330256691370E+000                  1.2564289716186268E+001                  7.5579999942787313E-001                  2.4280000057212683E-001                  1.4000000000000679E-003                  2.6529244448627230E-009                  7.4991284915452420E-030                  0.0000000000000000E+000                                        0                 -9.8999999999999986E+001                 -9.9000000000000000E+001                 -9.9000000000000000E+001 
                                     514                  1.9925161487439556E+000                  1.0614693894800552E-001                  6.2108475830484187E+000                 -1.7738432991926307E+000                  1.2583524005325742E+001                  7.5579999936154352E-001                  2.4280000063845650E-001                  1.3999999999999568E-003                  3.0084111240976778E-009                  1.1484367116931367E-029                  0.0000000000000000E+000                                        0                 -9.8999999999999986E+001                 -9.9000000000000000E+001                 -9.9000000000000000E+001 
                                     515                  1.9922650566173461E+000                  1.0467715760062511E-001                  6.2153072250493455E+000                 -1.7590364264249363E+000                  1.2602782526680045E+001                  7.5579999928771269E-001                  2.4280000071228738E-001                  1.3999999999999568E-003                  3.4110148788372781E-009                  1.7575108409948046E-029                  0.0000000000000000E+000                                        0                 -9.8999999999999986E+001                 -9.9000000000000000E+001                 -9.9000000000000000E+001 
                                     516                  1.9920057620792870E+000                  1.0319520709509575E-001                  6.2197737365378964E+000                 -1.7442119344147122E+000                  1.2622065580308663E+001                  7.5579999920555463E-001                  2.4280000079444541E-001                  1.3999999999999568E-003                  3.8669003172940252E-009                  2.6876768432545181E-029                  0.0000000000000000E+000                                        0                 -9.8999999999999986E+001                 -9.9000000000000000E+001                 -9.9000000000000000E+001 
                                     517                  1.9917380066487071E+000                  1.0170097393371144E-001                  6.2242469408747789E+000                 -1.7293692916564574E+000                  1.2641373514674207E+001                  7.5579999911415352E-001                  2.4280000088584652E-001                  1.3999999999999568E-003                  4.3830263708536529E-009                  4.1071199603528005E-029                  0.0000000000000000E+000                                        0                 -9.8999999999999986E+001                 -9.9000000000000000E+001                 -9.9000000000000000E+001 
                                     518                  1.9914615241198006E+000                  1.0019434468438027E-001                  6.2287266527527674E+000                 -1.7145079132950487E+000                  1.2660706722538372E+001                  7.5579999901249528E-001                  2.4280000098750468E-001                  1.4000000000000679E-003                  4.9672468799379056E-009                  6.2715092798033173E-029                  0.0000000000000000E+000                                        0                 -9.8999999999999986E+001                 -9.9000000000000000E+001                 -9.9000000000000000E+001 
                                     519                  1.9911760389226640E+000                  9.8675198568523304E-002                  6.2332126562519532E+000                 -1.6996272370085317E+000                  1.2680065543169967E+001                  7.5579999889945715E-001                  2.4280000110054295E-001                  1.3999999999998458E-003                  5.6284201559448295E-009                  9.5691436064896333E-029                  0.0000000000000000E+000                                        0                 -9.8999999999999986E+001                 -9.9000000000000000E+001                 -9.9000000000000000E+001 
                                     520                  1.9908812701269272E+000                  9.7143430109109918E-002                  6.2377047082967332E+000                 -1.6847267224827127E+000                  1.2699450266375855E+001                  7.5579999877379633E-001                  2.4280000122620360E-001                  1.4000000000000679E-003                  6.3765342004865884E-009                  1.4589199447585787E-028                  0.0000000000000000E+000                                        0                 -9.8999999999999986E+001                 -9.9000000000000000E+001                 -9.9000000000000000E+001 
                                     521                  1.9905769270352474E+000                  9.5598926514431401E-002                  6.2422025709123838E+000                 -1.6698057474953620E+000                  1.2718861268642847E+001                  7.5579999863413672E-001                  2.4280000136586316E-001                  1.4000000000000679E-003                  7.2228529714832262E-009                  2.2224843470236150E-028                  0.0000000000000000E+000                                        0                 -9.8999999999999986E+001                 -9.9000000000000000E+001                 -9.9000000000000000E+001 
                                     522                  1.9902627089848017E+000                  9.4041568767224012E-002                  6.2467059813013117E+000                 -1.6548637105935351E+000                  1.2738298880643981E+001                  7.5579999847895651E-001                  2.4280000152104339E-001                  1.4000000000000679E-003                  8.1800701326153662E-009                  3.3828713744901867E-028                  0.0000000000000000E+000                                        0                 -9.8999999999999986E+001                 -9.9000000000000000E+001                 -9.9000000000000000E+001 
                                     523                  1.9899383090900700E+000                  9.2471251511183558E-002                  6.2512149005033848E+000                 -1.6398992328966322E+000                  1.2757764433827232E+001                  7.5579999830656042E-001                  2.4280000169343952E-001                  1.4000000000000679E-003                  9.2625480017220062E-009                  5.1448373900736144E-028                  0.0000000000000000E+000                                        0                 -9.8999999999999986E+001                 -9.9000000000000000E+001                 -9.9000000000000000E+001 
                                     524                  1.9896033739241532E+000                  9.0887694351071330E-002                  6.2557290147427134E+000                 -1.6249117105945365E+000                  1.2777258209501976E+001                  7.5579999811508436E-001                  2.4280000188491560E-001                  1.4000000000000679E-003                  1.0486413911998824E-008                  7.8178297233640012E-028                  0.0000000000000000E+000                                        0                 -9.8999999999999986E+001                 -9.9000000000000000E+001                 -9.9000000000000000E+001 
                                     525                  1.9892576117875762E+000                  8.9290957634487786E-002                  6.2602477515438020E+000                 -1.6099012917392794E+000                  1.2796779478310361E+001                  7.5579999790247476E-001                  2.4280000209752517E-001                  1.4000000000000679E-003                  1.1869749688217303E-008                  1.1868834037630308E-027                  0.0000000000000000E+000                                        0                 -9.8999999999999986E+001                 -9.9000000000000000E+001                 -9.9000000000000000E+001 
                                     526                  1.9889006863632115E+000                  8.7680931029637213E-002                  6.2647707288110466E+000                 -1.5948672589817861E+000                  1.2816328565067126E+001                  7.5579999766645312E-001                  2.4280000233354687E-001                  1.4000000000000679E-003                  1.3432959125264447E-008                  1.8002145139664858E-027                  0.0000000000000000E+000                                        0                 -9.8999999999999986E+001                 -9.9000000000000000E+001                 -9.9000000000000000E+001 
                                     527                  1.9885322514506625E+000                  8.6057505193317965E-002                  6.2692975165019043E+000                 -1.5798088487074715E+000                  1.2835905791928328E+001                  7.5579999740449944E-001                  2.4280000259550047E-001                  1.4000000000000679E-003                  1.5198985846608522E-008                  2.7278493037357815E-027                  0.0000000000000000E+000                                        0                 -9.8999999999999986E+001                 -9.9000000000000000E+001                 -9.9000000000000000E+001 
                                     528                  1.9881519506965932E+000                  8.4420572007524800E-002                  6.2738276402328408E+000                 -1.5647252548196968E+000                  1.2855511478277563E+001                  7.5579999711382884E-001                  2.4280000288617112E-001                  1.4000000000000679E-003                  1.7193617158402551E-008                  4.1293398782514208E-027                  0.0000000000000000E+000                                        0                 -9.8999999999999986E+001                 -9.9000000000000000E+001                 -9.9000000000000000E+001 
                                     529                  1.9877594173175575E+000                  8.2770024809551743E-002                  6.2783605847569453E+000                 -1.5496156324813601E+000                  1.2875145940549176E+001                  7.5579999679136300E-001                  2.4280000320863693E-001                  1.4000000000000679E-003                  1.9445822329991255E-008                  6.2443618712632635E-027                  0.0000000000000000E+000                                        0                 -9.8999999999999986E+001                 -9.9000000000000000E+001                 -9.9000000000000000E+001 
                                     530                  1.9873542738176739E+000                  8.1105758626092719E-002                  6.2828957973210029E+000                 -1.5344791018704360E+000                  1.2894809491922695E+001                  7.5579999643370077E-001                  2.4280000356629919E-001                  1.4000000000000679E-003                  2.1988128926596445E-008                  9.4324533013639722E-027                  0.0000000000000000E+000                                        0                 -9.8999999999999986E+001                 -9.9000000000000000E+001                 -9.9000000000000000E+001 
                                     531                  1.9869361317015588E+000                  7.9427670412149987E-002                  6.2874326909215350E+000                 -1.5193147520020847E+000                  1.2914502441885682E+001                  7.5579999603708370E-001                  2.4280000396291629E-001                  1.4000000000000679E-003                  2.4857041171537812E-008                  1.4232182694980661E-026                  0.0000000000000000E+000                                        0                 -9.8999999999999986E+001                 -9.9000000000000000E+001                 -9.9000000000000000E+001 
                                     532                  1.9865045911828361E+000                  7.7735659294770054E-002                  6.2919706474779042E+000                 -1.5041216445524230E+000                  1.2934225095666120E+001                  7.5579999559736022E-001                  2.4280000440263985E-001                  1.3999999999999568E-003                  2.8093504702399386E-008                  2.1449091253457256E-026                  0.0000000000000000E+000                                        0                 -9.8999999999999986E+001                 -9.9000000000000000E+001                 -9.9000000000000000E+001 
                                     533                  1.9860592408886011E+000                  7.6029626821796550E-002                  6.2965090209479557E+000                 -1.4888988176937654E+000                  1.2953977753576577E+001                  7.5579999510994333E-001                  2.4280000489005660E-001                  1.4000000000000679E-003                  3.1743422505439631E-008                  3.2286164862005417E-026                  0.0000000000000000E+000                                        0                 -9.8999999999999986E+001                 -9.9000000000000000E+001                 -9.9000000000000000E+001 
                                     534                  1.9855996575583388E+000                  7.4309477208620786E-002                  6.3010471405504340E+000                 -1.4736452900697827E+000                  1.2973760710352387E+001                  7.5579999456976799E-001                  2.4280000543023203E-001                  1.3999999999999568E-003                  3.5858227357913618E-008                  4.8537041547845573E-026                  0.0000000000000000E+000                                        0                 -9.8999999999999986E+001                 -9.9000000000000000E+001                 -9.9000000000000000E+001 
                                     535                  1.9851254057354226E+000                  7.2575117574777151E-002                  6.3055843334530683E+000                 -1.4583600847218643E+000                  1.2993574254470614E+001                  7.5579999397123876E-001                  2.4280000602876115E-001                  1.4000000000000679E-003                  4.0495529598290300E-008                  7.2871679494668599E-026                  0.0000000000000000E+000                                        0                 -9.8999999999999986E+001                 -9.9000000000000000E+001                 -9.9000000000000000E+001 
                                     536                  1.9846360374535892E+000                  7.0826458098277298E-002                  6.3101199860413812E+000                 -1.4430422925696469E+000                  1.3013418667395152E+001                  7.5579999330817749E-001                  2.4280000669182242E-001                  1.4000000000000679E-003                  4.5719872356947189E-008                  1.0925833924817992E-025                  0.0000000000000000E+000                                        0                 -9.8999999999999986E+001                 -9.9000000000000000E+001                 -9.9000000000000000E+001 
                                     537                  1.9841310919194857E+000                  6.9063411923884960E-002                  6.3146535860125823E+000                 -1.4276911162543817E+000                  1.3033294222770554E+001                  7.5579999257376140E-001                  2.4280000742623861E-001                  1.3999999999999568E-003                  5.1603581536243614E-008                  1.6358602013469468E-025                  0.0000000000000000E+000                                        0                 -9.8999999999999986E+001                 -9.9000000000000000E+001                 -9.9000000000000000E+001 
                                     538                  1.9836100951920637E+000                  6.7285894892048337E-002                  6.3191847195094901E+000                 -1.4123058680378069E+000                  1.3053201185565635E+001                  7.5579999176045587E-001                  2.4280000823954398E-001                  1.4000000000001789E-003                  5.8227694031352043E-008                  2.4458091354160153E-025                  0.0000000000000000E+000                                        0                 -9.8999999999999986E+001                 -9.9000000000000000E+001                 -9.9000000000000000E+001 
                                     539                  1.9830725598607462E+000                  6.5493825272978201E-002                  6.3237130631430167E+000                 -1.3968859624714220E+000                  1.3073139811222838E+001                  7.5579999085994354E-001                  2.4280000914005645E-001                  1.4000000000000679E-003                  6.5682992229812788E-008                  3.6515392170143474E-025                  0.0000000000000000E+000                                        0                 -9.8999999999999986E+001                 -9.9000000000000000E+001                 -9.9000000000000000E+001 
                                     540                  1.9825179847187320E+000                  6.3687123513760907E-002                  6.3282383764363406E+000                 -1.3814309094084687E+000                  1.3093110344909059E+001                  7.5579998986304031E-001                  2.4280001013695973E-001                  1.3999999999999568E-003                  7.4071160592272012E-008                  5.4437926695217291E-025                  0.0000000000000000E+000                                        0                 -9.8999999999999986E+001                 -9.9000000000000000E+001                 -9.9000000000000000E+001 
                                     541                  1.9819458544303392E+000                  6.1865711994402973E-002                  6.3327604946931251E+000                 -1.3659403073622876E+000                  1.3113113020836114E+001                  7.5579998875960730E-001                  2.4280001124039252E-001                  1.4000000000001789E-003                  8.3506078685393040E-008                  8.1039581044388713E-025                  0.0000000000000000E+000                                        0                 -9.8999999999999986E+001                 -9.9000000000000000E+001                 -9.9000000000000000E+001 
                                     542                  1.9813556391950311E+000                  6.0029514800927677E-002                  6.3372793222806640E+000                 -1.3504138372775860E+000                  1.3133148061592729E+001                  7.5579998753845234E-001                  2.4280001246154767E-001                  1.3999999999999568E-003                  9.4115266701123176E-008                  1.2046557668271520E-024                  0.0000000000000000E+000                                        0                 -9.8999999999999986E+001                 -9.9000000000000000E+001                 -9.9000000000000000E+001 
                                     543                  1.9807467944089776E+000                  5.8178457516554725E-002                  6.3417948263152164E+000                 -1.3348512567602679E+000                  1.3153215677436727E+001                  7.5579998618721955E-001                  2.4280001381278044E-001                  1.4000000000000679E-003                  1.0604150136300453E-007                  1.7881385892948748E-024                  0.0000000000000000E+000                                        0                 -9.8999999999999986E+001                 -9.9000000000000000E+001                 -9.9000000000000000E+001 
                                     544                  1.9801187603272143E+000                  5.6312467038038175E-002                  6.3463070307378846E+000                 -1.3192523947759238E+000                  1.3173316065515543E+001                  7.5579998469227216E-001                  2.4280001530772771E-001                  1.4000000000000679E-003                  1.1944462221260588E-007                  2.6504276975049434E-024                  0.0000000000000000E+000                                        0                 -9.8999999999999986E+001                 -9.9000000000000000E+001                 -9.9000000000000000E+001 
                                     545                  1.9794709617267825E+000                  5.4431471415023462E-002                  6.3508160107616005E+000                 -1.3036171467054096E+000                  1.3193449409116138E+001                  7.5579998303855966E-001                  2.4280001696144021E-001                  1.4000000000000679E-003                  1.3450355061597703E-007                  3.9229530639107703E-024                  0.0000000000000000E+000                                        0                 -9.8999999999999986E+001                 -9.9000000000000000E+001                 -9.9000000000000000E+001 
                                     546                  1.9788028075656889E+000                  5.2535399694848987E-002                  6.3553218783398657E+000                 -1.2879454601425275E+000                  1.3213615877001571E+001                  7.5579998120947156E-001                  2.4280001879052840E-001                  1.4000000000000679E-003                  1.5141852406223504E-007                  5.7982850367886850E-024                  0.0000000000000000E+000                                        0                 -9.8999999999999986E+001                 -9.9000000000000000E+001                 -9.9000000000000000E+001 
                                     547                  1.9781136906397729E+000                  5.0624181820286274E-002                  6.3598247469029667E+000                 -1.2722372994531159E+000                  1.3233815622781572E+001                  7.5579997918667852E-001                  2.4280002081332164E-001                  1.3999999999998458E-003                  1.7041352315456244E-007                  8.5581955374217645E-024                  0.0000000000000000E+000                                        0                 -9.8999999999999986E+001                 -9.9000000000000000E+001                 -9.9000000000000000E+001 
                                     548                  1.9774029872385621E+000                  4.8697748680514588E-002                  6.3643247057470482E+000                 -1.2564926202531190E+000                  1.3254048784238233E+001                  7.5579997694995538E-001                  2.4280002305004456E-001                  1.4000000000000679E-003                  1.9173895948736714E-007                  1.2614413626040192E-023                  0.0000000000000000E+000                                        0                 -9.8999999999999986E+001                 -9.9000000000000000E+001                 -9.9000000000000000E+001 
                                     549                  1.9766700568035378E+000                  4.6756032288008148E-002                  6.3688218199192947E+000                 -1.2407113700722097E+000                  1.3274315482522569E+001                  7.5579997447698843E-001                  2.4280002552301153E-001                  1.4000000000000679E-003                  2.1567471054880825E-007                  1.8567751186424073E-023                  0.0000000000000000E+000                                        0                 -9.8999999999999986E+001                 -9.9000000000000000E+001                 -9.9000000000000000E+001 
                                     550                  1.9759142415917634E+000                  4.4798965975035271E-002                  6.3733161335063597E+000                 -1.2248934926287227E+000                  1.3294615821292362E+001                  7.5579997174316016E-001                  2.4280002825683980E-001                  1.4000000000000679E-003                  2.4253350312112793E-007                  2.7293758416011149E-023                  0.0000000000000000E+000                                        0                 -9.8999999999999986E+001                 -9.9000000000000000E+001                 -9.9000000000000000E+001 
                                     551                  1.9751348663392134E+000                  4.2826484575823415E-002                  6.3778076727388120E+000                 -1.2090389318553945E+000                  1.3314949885884349E+001                  7.5579996872131505E-001                  2.4280003127868488E-001                  1.4000000000000679E-003                  2.7266467596422670E-007                  4.0066643309652899E-023                  0.0000000000000000E+000                                        0                 -9.8999999999999986E+001                 -9.9000000000000000E+001                 -9.9000000000000000E+001 
                                     552                  1.9743312379243372E+000                  4.0838524594911059E-002                  6.3822964489215739E+000                 -1.1931476356989208E+000                  1.3335317742514205E+001                  7.5579996538150096E-001                  2.4280003461849906E-001                  1.3999999999999568E-003                  3.0645836345627028E-007                  5.8738306013067579E-023                  0.0000000000000000E+000                                        0                 -9.8999999999999986E+001                 -9.9000000000000000E+001                 -9.9000000000000000E+001 
                                     553                  1.9735026450327122E+000                  3.8835024362782175E-002                  6.3867824611905641E+000                 -1.1772195596983066E+000                  1.3355719437463357E+001                  7.5579996169068309E-001                  2.4280003830931693E-001                  1.3999999999999568E-003                  3.4435014634644249E-007                  8.5996652550871928E-023                  0.0000000000000000E+000                                        0                 -9.8999999999999986E+001                 -9.9000000000000000E+001                 -9.9000000000000000E+001 
                                     554                  1.9726483578264136E+000                  3.6815924186264296E-002                  6.3912656990933012E+000                 -1.1612546705084363E+000                  1.3376154996207930E+001                  7.5579995761243146E-001                  2.4280004238756858E-001                  1.3999999999999568E-003                  3.8682622058981543E-007                  1.2573779379547685E-022                  0.0000000000000000E+000                                        0                 -9.8999999999999986E+001                 -9.9000000000000000E+001                 -9.9000000000000000E+001 
                                     555                  1.9717676276200859E+000                  3.4781166495546176E-002                  6.3957461450101816E+000                 -1.1452529493230870E+000                  1.3396624422540112E+001                  7.5579995310657555E-001                  2.4280004689342452E-001                  1.3999999999999568E-003                  4.3442914093654094E-007                  1.8360162284729837E-022                  0.0000000000000000E+000                                        0                 -9.8999999999999986E+001                 -9.9000000000000000E+001                 -9.9000000000000000E+001 
                                     556                  1.9708596865599588E+000                  3.2730695976275183E-002                  6.4002237764358645E+000                 -1.1292143950286384E+000                  1.3417127697751869E+001                  7.5579994812882234E-001                  2.4280005187117748E-001                  1.4000000000001789E-003                  4.8776420229296166E-007                  2.6774146280923723E-022                  0.0000000000000000E+000                                        0                 -9.8999999999999986E+001                 -9.9000000000000000E+001                 -9.9000000000000000E+001 
                                     557                  1.9699237473052755E+000                  3.0664459684606661E-002                  6.4046985722704113E+000                 -1.1131390313377343E+000                  1.3437664779902093E+001                  7.5579994263034100E-001                  2.4280005736965887E-001                  1.4000000000000679E-003                  5.4750656281697887E-007                  3.8992874173026609E-022                  0.0000000000000000E+000                                        0                 -9.8999999999999986E+001                 -9.9000000000000000E+001                 -9.9000000000000000E+001 
                                     558                  1.9689590027116159E+000                  2.8582407123022197E-002                  6.4091705324939436E+000                 -1.0970269274697322E+000                  1.3458235603166505E+001                  7.5579993655729782E-001                  2.4280006344270205E-001                  1.4000000000000679E-003                  6.1440930074369944E-007                  5.6713710808567040E-022                  0.0000000000000000E+000                                        0                 -9.8999999999999986E+001                 -9.9000000000000000E+001                 -9.9000000000000000E+001 
                                     559                  1.9679646255176235E+000                  2.6484490211286991E-002                  6.4136396941652603E+000                 -1.0808782151578378E+000                  1.3478840077245858E+001                  7.5579992985035105E-001                  2.4280007014964888E-001                  1.4000000000000679E-003                  6.8931242616554484E-007                  8.2381160247297686E-022                  0.0000000000000000E+000                                        0                 -9.8999999999999986E+001                 -9.9000000000000000E+001                 -9.9000000000000000E+001 
                                     560                  1.9669397680383225E+000                  2.4370663169989495E-002                  6.4181061304710498E+000                 -1.0646930881939718E+000                  1.3499478086855891E+001                  7.5579992244409155E-001                  2.4280007755590849E-001                  1.3999999999999568E-003                  7.7315280756379538E-007                  1.1951149134936662E-021                  0.0000000000000000E+000                                        0                 -9.8999999999999986E+001                 -9.9000000000000000E+001                 -9.9000000000000000E+001 
                                     561                  1.9658835618621937E+000                  2.2240882390126337E-002                  6.4225699465758659E+000                 -1.0484717985286569E+000                  1.3520149491368239E+001                  7.5579991426642912E-001                  2.4280008573357081E-001                  1.4000000000000679E-003                  8.6697518861845053E-007                  1.7315664831467043E-021                  0.0000000000000000E+000                                        0                 -9.8999999999999986E+001                 -9.9000000000000000E+001                 -9.9000000000000000E+001 
                                     562                  1.9647951175486285E+000                  2.0095106298023840E-002                  6.4270312758452111E+000                 -1.0322146524862721E+000                  1.3540854124673212E+001                  7.5579990523791474E-001                  2.4280009476208536E-001                  1.3999999999998458E-003                  9.7194444319065201E-007                  2.5056651311161805E-021                  0.0000000000000000E+000                                        0                 -9.8999999999999986E+001                 -9.9000000000000000E+001                 -9.9000000000000000E+001 
                                     563                  1.9636735243207553E+000                  1.7933295206036693E-002                  6.4314902764186161E+000                 -1.0159220072318464E+000                  1.3561591795198568E+001                  7.5579989527099689E-001                  2.4280010472900318E-001                  1.3999999999999568E-003                  1.0893592057955075E-006                  3.6213334727350547E-021                  0.0000000000000000E+000                                        0                 -9.8999999999999986E+001                 -9.9000000000000000E+001                 -9.9000000000000000E+001 
                                     564                  1.9625178497636604E+000                  1.5755411168761599E-002                  6.4359471281059042E+000                 -9.9959426753829206E-001                  1.3582362285991980E+001                  7.5579988426920264E-001                  2.4280011573079738E-001                  1.3999999999999568E-003                  1.2206670298927735E-006                  5.2273728240414355E-021                  0.0000000000000000E+000                                        0                 -9.8999999999999986E+001                 -9.9000000000000000E+001                 -9.9000000000000000E+001 
                                     565                  1.9613271395270937E+000                  1.3561417841057603E-002                  6.4404020296156528E+000                 -9.8323188272813478E-001                  1.3603165354937165E+001                  7.5579987212623656E-001                  2.4280012787376329E-001                  1.4000000000001789E-003                  1.3674812441846388E-006                  7.5366127084663192E-021                  0.0000000000000000E+000                                        0                 -9.8999999999999986E+001                 -9.9000000000000000E+001                 -9.9000000000000000E+001 
                                     566                  1.9601004170257610E+000                  1.1351280324339364E-002                  6.4448551961337914E+000                 -9.6683534372839453E-001                  1.3624000735213947E+001                  7.5579985872499023E-001                  2.4280014127500971E-001                  1.4000000000000679E-003                  1.5315996965740082E-006                  1.0853138972908283E-020                  0.0000000000000000E+000                                        0                 -9.8999999999999986E+001                 -9.9000000000000000E+001                 -9.9000000000000000E+001 
                                     567                  1.9588366831295390E+000                  9.1249649882496568E-003                  6.4493068572289092E+000                 -9.5040518029776011E-001                  1.3644868135919639E+001                  7.5579984393645505E-001                  2.4280015606354488E-001                  1.4000000000000679E-003                  1.7150255956974093E-006                  1.5610972475973409E-020                  0.0000000000000000E+000                                        0                 -9.8999999999999986E+001                 -9.9000000000000000E+001                 -9.9000000000000000E+001 
                                     568                  1.9575349158576651E+000                  6.8824392941548096E-003                  6.4537572565189407E+000                 -9.3394195999460694E-001                  1.3665767242727096E+001                  7.5579982761853004E-001                  2.4280017238146981E-001                  1.4000000000001789E-003                  1.9199907234180177E-006                  2.2428966164891828E-020                  0.0000000000000000E+000                                        0                 -9.8999999999999986E+001                 -9.9000000000000000E+001                 -9.9000000000000000E+001 
                                     569                  1.9561940700761304E+000                  4.6236716098260180E-003                  6.4582066610244233E+000                 -9.1744629693839785E-001                  1.3686697718654338E+001                  7.5579980961471394E-001                  2.4280019038528611E-001                  1.3999999999999568E-003                  2.1489815549797044E-006                  3.2188675098908778E-020                  0.0000000000000000E+000                                        0                 -9.8999999999999986E+001                 -9.9000000000000000E+001                 -9.9000000000000000E+001 
                                     570                  1.9548130771894991E+000                  2.3486309486135106E-003                  6.4626553726590741E+000                 -9.0091886255823839E-001                  1.3707659205028223E+001                  7.5579978975267015E-001                  2.4280021024732990E-001                  1.3999999999999568E-003                  2.4047685598599331E-006                  4.6144744119316574E-020                  0.0000000000000000E+000                                        0                 -9.8999999999999986E+001                 -9.9000000000000000E+001                 -9.9000000000000000E+001 
                                     571                  1.9533908448245980E+000                  5.7286616575637979E-005                  6.4671037293826856E+000                 -8.8436038571519004E-001                  1.3728651322563209E+001                  7.5579976784265557E-001                  2.4280023215734425E-001                  1.4000000000001789E-003                  2.6904386706680659E-006                  6.6081264855482727E-020                  0.0000000000000000E+000                                        0                 -9.8999999999999986E+001                 -9.9000000000000000E+001                 -9.9000000000000000E+001 
                                     572                  1.9519262565177138E+000                 -2.2503921590893818E-003                  6.4715521023544849E+000                 -8.6777164863403244E-001                  1.3749673672479853E+001                  7.5579974367579505E-001                  2.4280025632420502E-001                  1.3999999999999568E-003                  3.0094313618263955E-006                  9.4533101011296492E-020                  0.0000000000000000E+000                                        0                 -9.8999999999999986E+001                 -9.9000000000000000E+001                 -9.9000000000000000E+001 
                                     573                  1.9504181714028805E+000                 -4.5744366026615607E-003                  6.4760008932042679E+000                 -8.5115348284014936E-001                  1.3770725837717887E+001                  7.5579971702218740E-001                  2.4280028297781248E-001                  1.4000000000000679E-003                  3.3655788552183694E-006                  1.3509899677159795E-019                  0.0000000000000000E+000                                        0                 -9.8999999999999986E+001                 -9.9000000000000000E+001                 -9.9000000000000000E+001 
                                     574                  1.9488654238954082E+000                 -6.9148787717971481E-003                  6.4804505314152907E+000                 -8.3450676514229150E-001                  1.3791807384259963E+001                  7.5579968762883276E-001                  2.4280031237116723E-001                  1.4000000000000679E-003                  3.7631509269233979E-006                  1.9288428554153409E-019                  0.0000000000000000E+000                                        0                 -9.8999999999999986E+001                 -9.9000000000000000E+001                 -9.9000000000000000E+001 
                                     575                  1.9472668233723114E+000                 -9.2717519447999153E-003                  6.4849014717886453E+000                 -8.1783241367109727E-001                  1.3812917862511730E+001                  7.5579965521735204E-001                  2.4280034478264798E-001                  1.3999999999999568E-003                  4.2069048421816885E-006                  2.7512652139284926E-019                  0.0000000000000000E+000                                        0                 -9.8999999999999986E+001                 -9.9000000000000000E+001                 -9.9000000000000000E+001 
                                     576                  1.9456211538538695E+000                 -1.1645091006063231E-002                  6.4893541919639182E+000                 -8.0113138397719974E-001                  1.3834056808701916E+001                  7.5579961948149410E-001                  2.4280038051850583E-001                  1.4000000000000679E-003                  4.7021410055075369E-006                  3.9207919617221175E-019                  0.0000000000000000E+000                                        0                 -9.8999999999999986E+001                 -9.9000000000000000E+001                 -9.9000000000000000E+001 
                                     577                  1.9439271736866068E+000                 -1.4034932828988347E-002                  6.4938091899843142E+000                 -7.8440466502973882E-001                  1.3855223746322240E+001                  7.5579958008439696E-001                  2.4280041991560322E-001                  1.3999999999998458E-003                  5.2547649819072129E-006                  5.5825946515824450E-019                  0.0000000000000000E+000                                        0                 -9.8999999999999986E+001                 -9.9000000000000000E+001                 -9.9000000000000000E+001 
                                     578                  1.9421836152236998E+000                 -1.6441316660853061E-002                  6.4982669818975802E+000                 -7.6765327523029503E-001                  1.3876418187637144E+001                  7.5579953665558641E-001                  2.4280046334441385E-001                  1.3999999999997348E-003                  5.8713566173794927E-006                  7.9420911697172949E-019                  0.0000000000000000E+000                                        0                 -9.8999999999999986E+001                 -9.9000000000000000E+001                 -9.9000000000000000E+001 
                                     579                  1.9403891845006380E+000                 -1.8864284511352070E-002                  6.5027280978720690E+000                 -7.5087825688623933E-001                  1.3897639635236452E+001                  7.5579948878768455E-001                  2.4280051121231555E-001                  1.3999999999998458E-003                  6.5592469340434774E-006                  1.1289788906512251E-018                  0.0000000000000000E+000                                        0                 -9.8999999999999986E+001                 -9.9000000000000000E+001                 -9.9000000000000000E+001 
                                     580                  1.9385425609107307E+000                 -2.1303881528469161E-002                  6.5071930571620404E+000                 -7.3408064915799220E-001                  1.3918887583585908E+001                  7.5579943603279698E-001                  2.4280056396720318E-001                  1.3999999999998458E-003                  7.3266016261645481E-006                  1.6036297612213449E-018                  0.0000000000000000E+000                                        0                 -9.8999999999999986E+001                 -9.9000000000000000E+001                 -9.9000000000000000E+001 
                                     581                  1.9366423968818627E+000                 -2.3760156235681115E-002                  6.5116623306235919E+000                 -7.1726144825473659E-001                  1.3940161520604978E+001                  7.5579937789854545E-001                  2.4280062210145467E-001                  1.3999999999998458E-003                  8.1825114361495381E-006                  2.2761624208098010E-018                  0.0000000000000000E+000                                        0                 -9.8999999999999986E+001                 -9.9000000000000000E+001                 -9.9000000000000000E+001 
                                     582                  1.9346873175424517E+000                 -2.6233160564361108E-002                  6.5161363284839391E+000                 -7.0042159334487863E-001                  1.3961460929274267E+001                  7.5579931384372001E-001                  2.4280068615628014E-001                  1.3999999999998458E-003                  9.1370935156229635E-006                  3.2284555817642961E-018                  0.0000000000000000E+000                                        0                 -9.8999999999999986E+001                 -9.9000000000000000E+001                 -9.9000000000000000E+001 
                                     583                  1.9326759203783210E+000                 -2.8722949813201219E-002                  6.5206154060593260E+000                 -6.8356197084327963E-001                  1.3982785289193480E+001                  7.5579924327349945E-001                  2.4280075672650048E-001                  1.4000000000000679E-003                  1.0201605321728790E-005                  4.5760274794627049E-018                  0.0000000000000000E+000                                        0                 -9.8999999999999986E+001                 -9.9000000000000000E+001                 -9.9000000000000000E+001 
                                     584                  1.9306067748875082E+000                 -3.1229582627069631E-002                  6.5250998696547491E+000                 -6.6668341891588134E-001                  1.4004134078113035E+001                  7.5579916553421866E-001                  2.4280083446578124E-001                  1.4000000000000679E-003                  1.1388570998572023E-005                  6.4817598495798138E-018                  0.0000000000000000E+000                                        0                 -9.8999999999999986E+001                 -9.9000000000000000E+001                 -9.9000000000000000E+001 
                                     585                  1.9284784222204219E+000                 -3.3753121012518643E-002                  6.5295899823940911E+000                 -6.4978673185653990E-001                  1.4025506773534469E+001                  7.5579907990762418E-001                  2.4280092009237583E-001                  1.3999999999999568E-003                  1.2711921592724007E-005                  9.1751813634415668E-018                  0.0000000000000000E+000                                        0                 -9.8999999999999986E+001                 -9.9000000000000000E+001                 -9.9000000000000000E+001 
                                     586                  1.9262893747970828E+000                 -3.6293630398420151E-002                  6.5340859700017484E+000                 -6.3287266433272049E-001                  1.4046902854364877E+001                  7.5579898560458270E-001                  2.4280101439541724E-001                  1.4000000000000679E-003                  1.4187150631751880E-005                  1.2979546632850936E-017                  0.0000000000000000E+000                                        0                 -9.8999999999999986E+001                 -9.9000000000000000E+001                 -9.9000000000000000E+001 
                                     587                  1.9240381159078417E+000                 -3.8851179732196060E-002                  6.5385880264540974E+000                 -6.1594193546764942E-001                  1.4068321802594392E+001                  7.5579888175818211E-001                  2.4280111824181808E-001                  1.3999999999998458E-003                  1.5831486750164099E-005                  1.8349839984422761E-017                  0.0000000000000000E+000                                        0                 -9.8999999999999986E+001                 -9.9000000000000000E+001                 -9.9000000000000000E+001 
                                     588                  1.9217230992929106E+000                 -4.1425841615557256E-002                  6.5430963195121121E+000                 -5.9899523270587085E-001                  1.4089763105070245E+001                  7.5579876741616936E-001                  2.4280123258383066E-001                  1.3999999999999568E-003                  1.7664085255818754E-005                  2.5926080760528211E-017                  0.0000000000000000E+000                                        0                 -9.8999999999999986E+001                 -9.9000000000000000E+001                 -9.9000000000000000E+001 
                                     589                  1.9193427486850592E+000                 -4.4017692494892298E-002                  6.5476109961435363E+000                 -5.8203321541421882E-001                  1.4111226255412671E+001                  7.5579864153266652E-001                  2.4280135846733339E-001                  1.4000000000000679E-003                  1.9706240751829128E-005                  3.6608048766819425E-017                  0.0000000000000000E+000                                        0                 -9.8999999999999986E+001                 -9.9000000000000000E+001                 -9.9000000000000000E+001 
                                     590                  1.9168954573138994E+000                 -4.6626812904008517E-002                  6.5521321881531538E+000                 -5.6505651860636907E-001                  1.4132710756045274E+001                  7.5579850295908835E-001                  2.4280149704091172E-001                  1.3999999999999568E-003                  2.1981623263763511E-005                  5.1659980602833312E-017                  0.0000000000000000E+000                                        0                 -9.8999999999999986E+001                 -9.9000000000000000E+001                 -9.9000000000000000E+001 
                                     591                  1.9143795873702396E+000                 -4.9253287759332978E-002                  6.5566600259257539E+000                 -5.4806576481964731E-001                  1.4154216120324952E+001                  7.5579835043419663E-001                  2.4280164956580344E-001                  1.3999999999999568E-003                  2.4516543106442489E-005                  7.2857218360242030E-017                  0.0000000000000000E+000                                        0                 -9.8999999999999986E+001                 -9.9000000000000000E+001                 -9.9000000000000000E+001 
                                     592                  1.9117934694267991E+000                 -5.1897206759507007E-002                  6.5611946585518810E+000                 -5.3106158234384526E-001                  1.4175741874804123E+001                  7.5579818257321230E-001                  2.4280181742678755E-001                  1.4000000000001789E-003                  2.7340248882828432E-005                  1.0269158410183144E-016                  0.0000000000000000E+000                                        0                 -9.8999999999999986E+001                 -9.9000000000000000E+001                 -9.9000000000000000E+001 
                                     593                  1.9091354018046280E+000                 -5.4558664940446380E-002                  6.5657362618645854E+000                 -5.1404461088260700E-001                  1.4197287561713503E+001                  7.5579799785589097E-001                  2.4280200214410880E-001                  1.4000000000002899E-003                  3.0485257133706780E-005                  1.4465883773315970E-016                  0.0000000000000000E+000                                        0                 -9.8999999999999986E+001                 -9.9000000000000000E+001                 -9.9000000000000000E+001 
                                     594                  1.9064036498678305E+000                 -5.7237763327580751E-002                  6.5702850353613265E+000                 -4.9701549574397708E-001                  1.4218852741583992E+001                  7.5579779461347540E-001                  2.4280220538652422E-001                  1.4000000000004009E-003                  3.3987715621854389E-005                  2.0366081519093226E-016                  0.0000000000000000E+000                                        0                 -9.8999999999999986E+001                 -9.9000000000000000E+001                 -9.9000000000000000E+001 
                                     595                  1.9035964452725926E+000                 -5.9934609585316136E-002                  6.5748411987160056E+000                 -4.7997488171831260E-001                  1.4240436995851605E+001                  7.5579757101441014E-001                  2.4280242898558946E-001                  1.4000000000004009E-003                  3.7887806601062362E-005                  2.8656781357191572E-016                  0.0000000000000000E+000                                        0                 -9.8999999999999986E+001                 -9.9000000000000000E+001                 -9.9000000000000000E+001 
                                     596                  1.9007119851723782E+000                 -6.2649318656235922E-002                  6.5794049884496308E+000                 -4.6292340697671835E-001                  1.4262039929557842E+001                  7.5579732504870523E-001                  2.4280267495129421E-001                  1.4000000000005119E-003                  4.2230194639985404E-005                  4.0300479049117188E-016                  0.0000000000000000E+000                                        0                 -9.8999999999999986E+001                 -9.9000000000000000E+001                 -9.9000000000000000E+001 
                                     597                  1.8977484313392368E+000                 -6.5382013423956525E-002                  6.5839766547767944E+000                 -4.4586169700420664E-001                  1.4283661174180487E+001                  7.5579705451080570E-001                  2.4280294548919343E-001                  1.4000000000008450E-003                  4.7064523906025024E-005                  5.6645005580338971E-016                  0.0000000000000000E+000                                        0                 -9.8999999999999986E+001                 -9.9000000000000000E+001                 -9.9000000000000000E+001 
                                     598                  1.8947039092189812E+000                 -6.8132825376689729E-002                  6.5885564585653817E+000                 -4.2879035877139010E-001                  1.4305300390253480E+001                  7.5579675698083504E-001                  2.4280324301916387E-001                  1.4000000000010671E-003                  5.2445970274440535E-005                  7.9577012572840161E-016                  0.0000000000000000E+000                                        0                 -9.8999999999999986E+001                 -9.9000000000000000E+001                 -9.9000000000000000E+001 
                                     599                  1.8915765069859445E+000                 -7.0901895209484186E-002                  6.5931446684006696E+000                 -4.1170997547238408E-001                  1.4326957269683755E+001                  7.5579642980405404E-001                  2.4280357019594442E-001                  1.4000000000015111E-003                  5.8435854191602310E-005                  1.1173631589057471E-015                  0.0000000000000000E+000                                        0                 -9.8999999999999986E+001                 -9.9000000000000000E+001                 -9.9000000000000000E+001 
                                     600                  1.8883642745587816E+000                 -7.3689373404017988E-002                  6.5977415578221015E+000                 -3.9462110144416512E-001                  1.4348631538050039E+001                  7.5579607006836114E-001                  2.4280392993163696E-001                  1.4000000000018442E-003                  6.5102320997267518E-005                  1.5681512902103381E-015                  0.0000000000000000E+000                                        0                 -9.8999999999999986E+001                 -9.9000000000000000E+001                 -9.9000000000000000E+001 
                                     601                  1.8850652225359010E+000                 -7.6495420820857363E-002                  6.6023474026211852E+000                 -3.7752425733523698E-001                  1.4370322956677004E+001                  7.5579567457964947E-001                  2.4280432542034799E-001                  1.4000000000025103E-003                  7.2521095941939783E-005                  2.1997566832186029E-015                  0.0000000000000000E+000                                        0                 -9.8999999999999986E+001                 -9.9000000000000000E+001                 -9.9000000000000000E+001 
                                     602                  1.8816773211499671E+000                 -7.9320209216836537E-002                  6.6069624769884037E+000                 -3.6041992458768057E-001                  1.4392031324136788E+001                  7.5579523983482211E-001                  2.4280476016517441E-001                  1.4000000000035095E-003                  8.0776320699346636E-005                  3.0843274353413727E-015                  0.0000000000000000E+000                                        0                 -9.8999999999999986E+001                 -9.9000000000000000E+001                 -9.9000000000000000E+001 
                                     603                  1.8781984992557184E+000                 -8.2163921674740015E-002                  6.6115870503871381E+000                 -3.4330854115731191E-001                  1.4413756477329818E+001                  7.5579476199222861E-001                  2.4280523800776668E-001                  1.4000000000047308E-003                  8.9961481399613601E-005                  4.3226625497899542E-015                  0.0000000000000000E+000                                        0                 -9.8999999999999986E+001                 -9.9000000000000000E+001                 -9.9000000000000000E+001 
                                     604                  1.8746266433098731E+000                 -8.5026752990797566E-002                  6.6162213886333943E+000                 -3.2619050183468112E-001                  1.4435498292331548E+001                  7.5579423683926816E-001                  2.4280576316072575E-001                  1.4000000000060631E-003                  1.0018044253758113E-004                  6.0555408818483686E-015                  0.0000000000000000E+000                                        0                 -9.8999999999999986E+001                 -9.9000000000000000E+001                 -9.9000000000000000E+001 
                                     605                  1.8709595963391070E+000                 -8.7908910054753736E-002                  6.6208657572365723E+000                 -3.0906616119944896E-001                  1.4457256684838754E+001                  7.5579365975686996E-001                  2.4280634024312170E-001                  1.4000000000082835E-003                  1.1154859856034582E-004                  8.4795139555423755E-015                  0.0000000000000000E+000                                        0                 -9.8999999999999986E+001                 -9.9000000000000000E+001                 -9.9000000000000000E+001 
                                     606                  1.8671951569683594E+000                 -9.0810612186108572E-002                  6.6255204245062549E+000                 -2.9193583682960833E-001                  1.4479031610079511E+001                  7.5579302568057416E-001                  2.4280697431941467E-001                  1.4000000000111701E-003                  1.2419415446419089E-004                  1.1868916276099276E-014                  0.0000000000000000E+000                                        0                 -9.8999999999999986E+001                 -9.9000000000000000E+001                 -9.9000000000000000E+001 
                                     607                  1.8633310785067616E+000                 -9.3732091438856871E-002                  6.6301856643671560E+000                 -2.7479981263997494E-001                  1.4500823062298524E+001                  7.5579232905786886E-001                  2.4280767094211617E-001                  1.4000000000149448E-003                  1.3825955003888673E-004                  1.6606535021407767E-014                  0.0000000000000000E+000                                        0                 -9.8999999999999986E+001                 -9.9000000000000000E+001                 -9.9000000000000000E+001 
                                     608                  1.8593650680867528E+000                 -9.6673592886886178E-002                  6.6348617589233383E+000                 -2.5765834230559681E-001                  1.4522631073977308E+001                  7.5579156380144985E-001                  2.4280843619853004E-001                  1.4000000000200519E-003                  1.5390304422409579E-004                  2.3226338956906323E-014                  0.0000000000000000E+000                                        0                 -9.8999999999999986E+001                 -9.9000000000000000E+001                 -9.9000000000000000E+001 
                                     609                  1.8552947858304580E+000                 -9.9635374916952221E-002                  6.6395490007958058E+000                 -2.4051165259277557E-001                  1.4544455714871093E+001                  7.5579072323801144E-001                  2.4280927676196173E-001                  1.4000000000268242E-003                  1.7130047800392200E-004                  3.2472998888933297E-014                  0.0000000000000000E+000                                        0                 -9.8999999999999986E+001                 -9.9000000000000000E+001                 -9.9000000000000000E+001 
                                     610                  1.8511178440601979E+000                 -1.0261770952179490E-001                  6.6442476952229583E+000                 -2.2335994670071960E-001                  1.4566297090780115E+001                  7.5578980005215624E-001                  2.4281019994780767E-001                  1.4000000000360391E-003                  1.9064723630180831E-004                  4.5384789428611664E-014                  0.0000000000000000E+000                                        0                 -9.8999999999999986E+001                 -9.9000000000000000E+001                 -9.9000000000000000E+001 
                                     611                  1.8468318065869929E+000                 -1.0562088257567463E-001                  6.6489581619115432E+000                 -2.0620340773451859E-001                  1.4588155341965258E+001                  7.5578878622496226E-001                  2.4281121377498938E-001                  1.4000000000483626E-003                  2.1216043165545484E-004                  6.3409047643499165E-014                  0.0000000000000000E+000                                        0                 -9.8999999999999986E+001                 -9.9000000000000000E+001                 -9.9000000000000000E+001 
                                     612                  1.8424341881050652E+000                 -1.0864519408212372E-001                  6.6536807358218306E+000                 -1.8904220123980808E-001                  1.4610030641395735E+001                  7.5578767296670335E-001                  2.4281232703323205E-001                  1.4000000000645718E-003                  2.3608133295535089E-004                  8.8562956768681176E-014                  0.0000000000000000E+000                                        0                 -9.8999999999999986E+001                 -9.9000000000000000E+001                 -9.9000000000000000E+001 
                                     613                  1.8379224536199428E+000                 -1.1169095844624950E-001                  6.6584157606496461E+000                 -1.7187647018961258E-001                  1.4631923193089074E+001                  7.5578645064315308E-001                  2.4281354935676072E-001                  1.4000000000862212E-003                  2.6267804696951033E-004                  1.2365739333425974E-013                  0.0000000000000000E+000                                        0                 -9.8999999999999986E+001                 -9.9000000000000000E+001                 -9.9000000000000000E+001 
                                     614                  1.8332940178965025E+000                 -1.1475850473137482E-001                  6.6631635787954648E+000                 -1.5470632643818619E-001                  1.4653833230427425E+001                  7.5578510869487570E-001                  2.4281489130500919E-001                  1.4000000001150870E-003                  2.9224848050073127E-004                  1.7260849649442679E-013                  0.0000000000000000E+000                                        0                 -9.8999999999999986E+001                 -9.9000000000000000E+001                 -9.9000000000000000E+001 
                                     615                  1.8285462449932495E+000                 -1.1784817683108542E-001                  6.6679245276817385E+000                 -1.3753184896666223E-001                  1.4675761014209479E+001                  7.5578363554890793E-001                  2.4281636445093846E-001                  1.4000000001536117E-003                  3.2512364161478335E-004                  2.4087134179685288E-013                  0.0000000000000000E+000                                        0                 -9.8999999999999986E+001                 -9.9000000000000000E+001                 -9.9000000000000000E+001 
                                     616                  1.8236764479304592E+000                 -1.2096033357715029E-001                  6.6726989394119514E+000                 -1.2035308563483907E-001                  1.4697706830546085E+001                  7.5578201852215687E-001                  2.4281798147763828E-001                  1.4000000002047930E-003                  3.6167131554242269E-004                  3.3604351473839512E-013                  0.0000000000000000E+000                                        0                 -9.8999999999999986E+001                 -9.9000000000000000E+001                 -9.9000000000000000E+001 
                                     617                  1.8186818884236351E+000                 -1.2409534885963037E-001                  6.6774871405117864E+000                 -1.0317005477176565E-001                  1.4719670988924522E+001                  7.5578024371575836E-001                  2.4281975628396793E-001                  1.4000000002737378E-003                  4.0230014891510482E-004                  4.6870505655970816E-013                  0.0000000000000000E+000                                        0                 -9.8999999999999986E+001                 -9.9000000000000000E+001                 -9.9000000000000000E+001 
                                     618                  1.8135597766248197E+000                 -1.2725361179836703E-001                  6.6822894517215730E+000                 -8.5982746731280785E-002                  1.4741653820403256E+001                  7.5577829589956247E-001                  2.4282170410007289E-001                  1.4000000003646651E-003                  4.4746418747897734E-004                  6.5358722886858050E-013                  0.0000000000000000E+000                                        0                 -9.8999999999999986E+001                 -9.9000000000000000E+001                 -9.9000000000000000E+001 
                                     619                  1.8083072709503827E+000                 -1.3043552691887328E-001                  6.6871061877828364E+000                 -6.8791125635660727E-002                  1.4763655675677233E+001                  7.5577615838583900E-001                  2.4282384161367490E-001                  1.4000000004861235E-003                  4.9766791705399484E-004                  9.1119871482855892E-013                  0.0000000000000000E+000                                        0                 -9.8999999999999986E+001                 -9.9000000000000000E+001                 -9.9000000000000000E+001 
                                     620                  1.8029214780476432E+000                 -1.3364151430806534E-001                  6.6919376572103566E+000                 -5.1595131258798513E-002                  1.4785676922978222E+001                  7.5577381289116385E-001                  2.4282618710818840E-001                  1.4000000006477720E-003                  5.5347186316657808E-004                  1.2700880540647829E-012                  0.0000000000000000E+000                                        0                 -9.8999999999999986E+001                 -9.9000000000000000E+001                 -9.9000000000000000E+001 
                                     621                  1.7973994528906345E+000                 -1.3687200976455419E-001                  6.6967841621098456E+000                 -3.4394680719922258E-002                  1.4807717946085720E+001                  7.5577123938534152E-001                  2.4282876061379577E-001                  1.4000000008627111E-003                  6.1549881193943444E-004                  1.7699910634993554E-012                  0.0000000000000000E+000                                        0                 -9.8999999999999986E+001                 -9.9000000000000000E+001                 -9.9000000000000000E+001 
                                     622                  1.7917381989026593E+000                 -1.4012746500873793E-001                  6.7016459980900676E+000                 -1.7189670110352207E-002                  1.4829779142552157E+001                  7.5576841592617128E-001                  2.4283158407268007E-001                  1.4000000011487046E-003                  6.8444072143017181E-004                  2.4662090743580203E-012                  0.0000000000000000E+000                                        0                 -9.8999999999999986E+001                 -9.9000000000000000E+001                 -9.9000000000000000E+001 
                                     623                  1.7859346681641954E+000                 -1.4340834792079163E-001                  6.7065234559014621E+000                  2.0022099956007788E-005                  1.4851860921946997E+001                  7.5576531847875117E-001                  2.4283468151971968E-001                  1.4000000015291780E-003                  7.6106641390819810E-004                  3.4356992164147929E-012                  0.0000000000000000E+000                                        0                 -9.8999999999999986E+001                 -9.9000000000000000E+001                 -9.9000000000000000E+001 
                                     624                  1.7799857617522656E+000                 -1.4671514279913778E-001                  6.7114168260262268E+000                  1.7234528507350487E-002                  1.4873963703973777E+001                  7.5576192071796133E-001                  2.4283807928000373E-001                  1.4000000020348846E-003                  8.4623015613812685E-004                  4.7855467144576946E-012                  0.0000000000000000E+000                                        0                 -9.8999999999999986E+001                 -9.9000000000000000E+001                 -9.9000000000000000E+001 
                                     625                  1.7738883302643429E+000                 -1.5004835064230321E-001                  6.7163264023627329E+000                  3.4453987279347224E-002                  1.4896087916596892E+001                  7.5575819381256415E-001                  2.4284180618472873E-001                  1.4000000027071247E-003                  9.4088120629809370E-004                  6.6647506971794743E-012                  0.0000000000000000E+000                                        0                 -9.8999999999999986E+001                 -9.9000000000000000E+001                 -9.9000000000000000E+001 
                                     626                  1.7676391744300379E+000                 -1.5340848951002803E-001                  6.7212524834372873E+000                  5.1678539355542570E-002                  1.4918233994385110E+001                  7.5575410618913930E-001                  2.4284589380725988E-001                  1.4000000036008542E-003                  1.0460744186001581E-003                  9.2806189851425045E-012                  0.0000000000000000E+000                                        0                 -9.8999999999999986E+001                 -9.9000000000000000E+001                 -9.9000000000000000E+001 
                                     627                  1.7612350458139749E+000                 -1.5679609494748012E-001                  6.7261953733498201E+000                  6.8908326057829553E-002                  1.4940402377019318E+001                  7.5574962327385653E-001                  2.4285037672135545E-001                  1.4000000047880157E-003                  1.1629820414750687E-003                  1.2921575198814686E-011                  0.0000000000000000E+000                                        0                 -9.8999999999999986E+001                 -9.9000000000000000E+001                 -9.9000000000000000E+001 
                                     628                  1.7546726476425298E+000                 -1.6021172045790391E-001                  6.7311553826405985E+000                  8.6143486749566206E-002                  1.4962593507801026E+001                  7.5574470720995413E-001                  2.4285529278368090E-001                  1.4000000063649765E-003                  1.2929068479711264E-003                  1.7988887516696739E-011                  0.0000000000000000E+000                                        0                 -9.8999999999999986E+001                 -9.9000000000000000E+001                 -9.9000000000000000E+001 
                                     629                  1.7479486358307206E+000                 -1.6365593799075651E-001                  6.7361328290741520E+000                  1.0338415952234356E-001                  1.4984807832138898E+001                  7.5573930760565100E-001                  2.4286069238587468E-001                  1.4000000084742892E-003                  1.4372967301887604E-003                  2.5040811370209725E-011                  0.0000000000000000E+000                                        0                 -9.8999999999999986E+001                 -9.9000000000000000E+001                 -9.9000000000000000E+001 
                                     630                  1.7410596201718016E+000                 -1.6712933844970462E-001                  6.7398696769605415E+000                  1.1636829604943927E-001                  1.5001525856626017E+001                  7.5573493626627364E-001                  2.4286506372326166E-001                  1.4000000104646970E-003                  1.5560623482713874E-003                  3.2078216338600883E-011                  0.0000000000000000E+000                                        0                 -9.8999999999999986E+001                 -9.9000000000000000E+001                 -9.9000000000000000E+001 
                                     631                  1.7375308929054905E+000                 -1.6888761386529219E-001                  6.7423717330400130E+000                  1.2499308086280006E-001                  1.5012650978314008E+001                  7.5573184266526383E-001                  2.4286815732267483E-001                  1.4000000120613088E-003                  1.6406142709212721E-003                  3.7844498288582016E-011                  0.0000000000000000E+000                                        0                 -9.8999999999999986E+001                 -9.9000000000000000E+001                 -9.9000000000000000E+001 
                                     632                  1.7340021656391793E+000                 -1.7063229714149075E-001                  6.7461415004073588E+000                  1.3788195905775738E-001                  1.5029307431364005E+001                  7.5572692554377507E-001                  2.4287307444129619E-001                  1.4000000149287928E-003                  1.7760900317623800E-003                  4.8509373974763950E-011                  0.0000000000000000E+000                                        0                 -9.8999999999999986E+001                 -9.9000000000000000E+001                 -9.9000000000000000E+001 
                                     633                  1.7267727938071700E+000                 -1.7416591423057218E-001                  6.7511732255284329E+000                  1.5513989481263471E-001                  1.5051593984491841E+001                  7.5571982122713344E-001                  2.4288017875304133E-001                  1.4000000198252094E-003                  1.9742692879855146E-003                  6.7509558831629692E-011                  0.0000000000000000E+000                                        0                 -9.8999999999999986E+001                 -9.9000000000000000E+001                 -9.9000000000000000E+001 
                                     634                  1.7193679844469361E+000                 -1.7773060732593074E-001                  6.7549516808045604E+000                  1.6813833055866928E-001                  1.5068368407817433E+001                  7.5571404918674567E-001                  2.4288595078874078E-001                  1.4000000245135702E-003                  2.1372931772771471E-003                  8.6470503712381139E-011                  0.0000000000000000E+000                                        0                 -9.8999999999999986E+001                 -9.9000000000000000E+001                 -9.9000000000000000E+001 
                                     635                  1.7155760808888121E+000                 -1.7953540911246585E-001                  6.7587713746693900E+000                  1.8108903341389324E-001                  1.5085136979539167E+001                  7.5570782030100214E-001                  2.4289217966858453E-001                  1.4000000304132953E-003                  2.3143938973479126E-003                  1.1093296613825381E-010                  0.0000000000000000E+000                                        0                 -9.8999999999999986E+001                 -9.9000000000000000E+001                 -9.9000000000000000E+001 
                                     636                  1.7079009757541783E+000                 -1.8314803967232479E-001                  6.7638507307647080E+000                  1.9836190635074402E-001                  1.5107486584665599E+001                  7.5569887756261178E-001                  2.4290112239702086E-001                  1.4000000403673329E-003                  2.5725026616917400E-003                  1.5436444070470326E-010                  0.0000000000000000E+000                                        0                 -9.8999999999999986E+001                 -9.9000000000000000E+001                 -9.9000000000000000E+001 
                                     637                  1.7000414574429223E+000                 -1.8679347304999036E-001                  6.7676505120372994E+000                  2.1132192127601418E-001                  1.5124244265854161E+001                  7.5569166529191667E-001                  2.4290833465833617E-001                  1.4000000497471632E-003                  2.7839757988873002E-003                  1.9751518037108937E-010                  0.0000000000000000E+000                                        0                 -9.8999999999999986E+001                 -9.9000000000000000E+001                 -9.9000000000000000E+001 
                                     638                  1.6960651407081766E+000                 -1.8861773557464578E-001                  6.7702051858520162E+000                  2.1996279857831483E-001                  1.5135438629989965E+001                  7.5568653924970652E-001                  2.4291346069299116E-001                  1.4000000573023419E-003                  2.9350891065801532E-003                  2.3299209358774732E-010                  0.0000000000000000E+000                                        0                 -9.8999999999999986E+001                 -9.9000000000000000E+001                 -9.9000000000000000E+001 
                                     639                  1.6919938747624119E+000                 -1.9047217614389347E-001                  6.7727646774047594E+000                  2.2860579358526853E-001                  1.5146639960426947E+001                  7.5568117321608419E-001                  2.4291882671791459E-001                  1.4000000660012724E-003                  3.0943926438459571E-003                  2.7483742659531088E-010                  0.0000000000000000E+000                                        0                 -9.8999999999999986E+001                 -9.9000000000000000E+001                 -9.9000000000000000E+001 
                                     640                  1.6879226088166472E+000                 -1.9231342931316966E-001                  6.7766210830035050E+000                  2.4151987555507515E-001                  1.5163409046153218E+001                  7.5567264789634381E-001                  2.4292735202204968E-001                  1.4000000816065672E-003                  3.3496057511634533E-003                  3.5221385034913288E-010                  0.0000000000000000E+000                                        0                 -9.8999999999999986E+001                 -9.9000000000000000E+001                 -9.9000000000000000E+001 
                                     641                  1.6795864789639972E+000                 -1.9604406784388617E-001                  6.7817707656065087E+000                  2.5881519271934117E-001                  1.5185851908744434E+001                  7.5566033370567398E-001                  2.4293966618609528E-001                  1.4000001082307145E-003                  3.7230427514921981E-003                  4.9008690043789179E-010                  0.0000000000000000E+000                                        0                 -9.8999999999999986E+001                 -9.9000000000000000E+001                 -9.9000000000000000E+001 
                                     642                  1.6710530227291180E+000                 -1.9981017996264749E-001                  6.7856395337880322E+000                  2.7184453365774841E-001                  1.5202748208221294E+001                  7.5565033145671034E-001                  2.4294966840958954E-001                  1.4000001337001189E-003                  4.0303332129519292E-003                  6.2770901937782977E-010                  0.0000000000000000E+000                                        0                 -9.8999999999999986E+001                 -9.9000000000000000E+001                 -9.9000000000000000E+001 
                                     643                  1.6666857540824820E+000                 -2.0171769686591509E-001                  6.7895496944464524E+000                  2.8482035209461959E-001                  1.5219632927253294E+001                  7.5563953869391876E-001                  2.4296046114034234E-001                  1.4000001657389349E-003                  4.3640504280299088E-003                  8.0519263440128816E-010                  0.0000000000000000E+000                                        0                 -9.8999999999999986E+001                 -9.9000000000000000E+001                 -9.9000000000000000E+001 
                                     644                  1.6578487871381098E+000                 -2.0553862707955875E-001                  6.7934273152216109E+000                  2.9780807806006770E-001                  1.5236496540017747E+001                  7.5562814846169490E-001                  2.4297185133420973E-001                  1.4000002040953641E-003                  4.7228634589996472E-003                  1.0303399711055214E-009                  0.0000000000000000E+000                                        0                 -9.8999999999999986E+001                 -9.9000000000000000E+001                 -9.9000000000000000E+001 
                                     645                  1.6533790888403730E+000                 -2.0745185646945227E-001                  6.7973465298424669E+000                  3.1074049346815269E-001                  1.5253346944166099E+001                  7.5561582171205710E-001                  2.4298417803519357E-001                  1.4000002527493338E-003                  5.1124297600750037E-003                  1.3204274699369916E-009                  0.0000000000000000E+000                                        0                 -9.8999999999999986E+001                 -9.9000000000000000E+001                 -9.9000000000000000E+001 
                                     646                  1.6442310340476625E+000                 -2.1132944372013099E-001                  6.8012638143754502E+000                  3.2378661219869803E-001                  1.5270308614711752E+001                  7.5560271575904481E-001                  2.4299728392951866E-001                  1.4000003114365001E-003                  5.5346414566587549E-003                  1.6913438189546233E-009                  0.0000000000000000E+000                                        0                 -9.8999999999999986E+001                 -9.9000000000000000E+001                 -9.9000000000000000E+001 
                                     647                  1.6395507693125473E+000                 -2.1329384293829362E-001                  6.8038868181756067E+000                  3.3244986120308895E-001                  1.5281593864603758E+001                  7.5559343745547003E-001                  2.4300656218601227E-001                  1.4000003585177279E-003                  5.8352289637281134E-003                  1.9952022752819108E-009                  0.0000000000000000E+000                                        0                 -9.8999999999999986E+001                 -9.9000000000000000E+001                 -9.9000000000000000E+001 
                                     648                  1.6348705045774321E+000                 -2.1524566796579422E-001                  6.8065155531023516E+000                  3.4111431016860777E-001                  1.5292886033759583E+001                  7.5558372784913264E-001                  2.4301627173816362E-001                  1.4000004127037169E-003                  6.1522229839627565E-003                  2.3536942623450962E-009                  0.0000000000000000E+000                                        0                 -9.8999999999999986E+001                 -9.9000000000000000E+001                 -9.9000000000000000E+001 
                                     649                  1.6300820870123902E+000                 -2.1722994392514228E-001                  6.8091497007770174E+000                  3.4978116423536487E-001                  1.5304185995651553E+001                  7.5557356799211839E-001                  2.4302643153282447E-001                  1.4000004750571726E-003                  6.4865306231510385E-003                  2.7766066345294422E-009                  0.0000000000000000E+000                                        0                 -9.8999999999999986E+001                 -9.9000000000000000E+001                 -9.9000000000000000E+001 
                                     650                  1.6252936694473483E+000                 -2.1920177368862098E-001                  6.8131185152090747E+000                  3.6272825341825360E-001                  1.5321100550153227E+001                  7.5555743939970632E-001                  2.4304256001347449E-001                  1.4000005868192167E-003                  7.0223015114965577E-003                  3.5585831972093645E-009                  0.0000000000000000E+000                                        0                 -9.8999999999999986E+001                 -9.9000000000000000E+001                 -9.9000000000000000E+001 
                                     651                  1.6154966863357696E+000                 -2.2319906607584419E-001                  6.8184210083697945E+000                  3.8007256983194287E-001                  1.5343745082313305E+001                  7.5553416151908304E-001                  2.4306583770355125E-001                  1.4000007773656842E-003                  7.8072933231092979E-003                  4.9526976689818985E-009                  0.0000000000000000E+000                                        0                 -9.8999999999999986E+001                 -9.9000000000000000E+001                 -9.9000000000000000E+001 
                                     652                  1.6054757049813166E+000                 -2.2723825272836731E-001                  6.8224067322175763E+000                  3.9314236043776007E-001                  1.5360798512110867E+001                  7.5551527229218962E-001                  2.4308472674827378E-001                  1.4000009595366292E-003                  8.4543413063134804E-003                  6.3451858474434052E-009                  0.0000000000000000E+000                                        0                 -9.8999999999999986E+001                 -9.9000000000000000E+001                 -9.9000000000000000E+001 
                                     653                  1.6003512878406583E+000                 -2.2928515902597646E-001                  6.8264339003200050E+000                  4.0615078474651878E-001                  1.5377832369510502E+001                  7.5549491790701395E-001                  2.4310508090450797E-001                  1.4000011884780506E-003                  9.1578059257716189E-003                  8.1406195739139042E-009                  0.0000000000000000E+000                                        0                 -9.8999999999999986E+001                 -9.9000000000000000E+001                 -9.9000000000000000E+001 
                                     654                  1.5899865993043789E+000                 -2.3338924913116516E-001                  6.8304318143258911E+000                  4.1918125341754836E-001                  1.5394858419141416E+001                  7.5547347019075395E-001                  2.4312652834681331E-001                  1.4000014624326873E-003                  9.9163940812306613E-003                  1.0421020646758362E-008                  0.0000000000000000E+000                                        0                 -9.8999999999999986E+001                 -9.9000000000000000E+001                 -9.9000000000000000E+001 
                                     655                  1.5847463279087577E+000                 -2.3544625951187287E-001                  6.8331191941344924E+000                  4.2786381423223913E-001                  1.5406226859938773E+001                  7.5545824940520778E-001                  2.4314174891189913E-001                  1.4000016828931150E-003                  1.0459482641616795E-002                  1.2295838432777956E-008                  0.0000000000000000E+000                                        0                 -9.8999999999999986E+001                 -9.9000000000000000E+001                 -9.9000000000000000E+001 
                                     656                  1.5793882758745121E+000                 -2.3753762293068678E-001                  6.8358126786689546E+000                  4.3654878323314988E-001                  1.5417603724723598E+001                  7.5544234175742120E-001                  2.4315765630606143E-001                  1.4000019365173477E-003                  1.1033415552722694E-002                  1.4508321529026093E-008                  0.0000000000000000E+000                                        0                 -9.8999999999999986E+001                 -9.9000000000000000E+001                 -9.9000000000000000E+001 
                                     657                  1.5740302238402668E+000                 -2.3961732526312501E-001                  6.8398711759341415E+000                  4.4952043730555874E-001                  1.5434631570991893E+001                  7.5541713772383590E-001                  2.4318285988527880E-001                  1.4000023908853354E-003                  1.1955952828328288E-002                  1.8600281473984174E-008                  0.0000000000000000E+000                                        0                 -9.8999999999999986E+001                 -9.9000000000000000E+001                 -9.9000000000000000E+001 
                                     658                  1.5630747124736786E+000                 -2.4383516366199093E-001                  6.8452968347548229E+000                  4.6690036828415021E-001                  1.5457433383372706E+001                  7.5538087026303125E-001                  2.4321912657165071E-001                  1.4000031653180756E-003                  1.3315621315620670E-002                  2.5902278219437661E-008                  0.0000000000000000E+000                                        0                 -9.8999999999999986E+001                 -9.9000000000000000E+001                 -9.9000000000000000E+001 
                                     659                  1.5518759585719502E+000                 -2.4810068125135715E-001                  6.8493778771967779E+000                  4.7999890182861898E-001                  1.5474609577920670E+001                  7.5535155332743553E-001                  2.4324844276702923E-001                  1.4000039055352964E-003                  1.4444982006290940E-002                  3.3203659921262168E-008                  0.0000000000000000E+000                                        0                 -9.8999999999999986E+001                 -9.9000000000000000E+001                 -9.9000000000000000E+001 
                                     660                  1.5461530502108061E+000                 -2.5026327093804507E-001                  6.8521110103067526E+000                  4.8869393790523891E-001                  1.5486035500340931E+001                  7.5533096244073294E-001                  2.4326903306583764E-001                  1.4000044934294742E-003                  1.5255161579132830E-002                  3.9188738507207998E-008                  0.0000000000000000E+000                                        0                 -9.8999999999999986E+001                 -9.9000000000000000E+001                 -9.9000000000000000E+001 
                                     661                  1.5404301418496624E+000                 -2.5241481544267647E-001                  6.8548512657163378E+000                  4.9738985613340569E-001                  1.5497469298830953E+001                  7.5530950343925674E-001                  2.4329049139101364E-001                  1.4000051697296012E-003                  1.6116108322256996E-002                  4.6255574847897216E-008                  0.0000000000000000E+000                                        0                 -9.8999999999999986E+001                 -9.9000000000000000E+001                 -9.9000000000000000E+001 
                                     662                  1.5345818016242583E+000                 -2.5460247086907123E-001                  6.8575984712460452E+000                  5.0608799120727355E-001                  1.5508912123967445E+001                  7.5528715644511801E-001                  2.4331283760723765E-001                  1.4000059476443338E-003                  1.7032235724853715E-002                  5.4599781758195476E-008                  0.0000000000000000E+000                                        0                 -9.8999999999999986E+001                 -9.9000000000000000E+001                 -9.9000000000000000E+001 
                                     663                  1.5287334613988539E+000                 -2.5677931621133870E-001                  6.8603530115030296E+000                  5.1478694374635325E-001                  1.5520362963906026E+001                  7.5526390337349047E-001                  2.4333608978400659E-001                  1.4000068425029655E-003                  1.8008579656232766E-002                  6.4453741171573594E-008                  0.0000000000000000E+000                                        0                 -9.8999999999999986E+001                 -9.9000000000000000E+001                 -9.9000000000000000E+001 
                                     664                  1.5227578008676925E+000                 -2.5899275336562277E-001                  6.8631147178690961E+000                  5.2348807802122965E-001                  1.5531823004558287E+001                  7.5523973123610255E-001                  2.4336026089212054E-001                  1.4000078717768538E-003                  1.9050881566156280E-002                  7.6090837788968806E-008                  0.0000000000000000E+000                                        0                 -9.8999999999999986E+001                 -9.9000000000000000E+001                 -9.9000000000000000E+001 
                                     665                  1.5167821403365311E+000                 -2.6119563202337065E-001                  6.8658839581664779E+000                  5.3218998456773314E-001                  1.5543291209737493E+001                  7.5521463059383265E-001                  2.4338536035043234E-001                  1.4000090557350076E-003                  2.0165714857036492E-002                  8.9835808121469107E-008                  0.0000000000000000E+000                                        0                 -9.8999999999999986E+001                 -9.9000000000000000E+001                 -9.9000000000000000E+001 
                                     666                  1.5106772854877004E+000                 -2.6343560213909301E-001                  6.8686605678599433E+000                  5.4089405667701074E-001                  1.5554768801774152E+001                  7.5518859886512191E-001                  2.4341139071739440E-001                  1.4000104174837213E-003                  2.1360593932752987E-002                  1.0607087186753572E-007                  0.0000000000000000E+000                                        0                 -9.8999999999999986E+001                 -9.9000000000000000E+001                 -9.9000000000000000E+001 
                                     667                  1.5045724306388699E+000                 -2.6566528280533996E-001                  6.8714448984999779E+000                  5.4959884322811992E-001                  1.5566254720491127E+001                  7.5516173348380511E-001                  2.4343825457139981E-001                  1.4000119447951098E-003                  2.2644082996679273E-002                  1.2525011968146640E-007                  0.0000000000000000E+000                                        0                 -9.8999999999999986E+001                 -9.9000000000000000E+001                 -9.9000000000000000E+001 
                                     668                  1.4983365244370965E+000                 -2.6793257464970838E-001                  6.8742367901629562E+000                  5.5830583749761431E-001                  1.5577750225786598E+001                  7.5513382227847159E-001                  2.4346616394111487E-001                  1.4000137804135449E-003                  2.4025867023988956E-002                  1.4790776213783647E-007                  0.0000000000000000E+000                                        0                 -9.8999999999999986E+001                 -9.9000000000000000E+001                 -9.9000000000000000E+001 
                                     669                  1.4921006182353223E+000                 -2.7018986457525990E-001                  6.8770365785113832E+000                  5.6701355486284066E-001                  1.5589254233827502E+001                  7.5510504386812605E-001                  2.4349494029618401E-001                  1.4000158356899384E-003                  2.5517351542355404E-002                  1.7467904637702112E-007                  0.0000000000000000E+000                                        0                 -9.8999999999999986E+001                 -9.9000000000000000E+001                 -9.9000000000000000E+001 
                                     670                  1.4857318233182075E+000                 -2.7248530625750134E-001                  6.8798441087985669E+000                  5.7572343956792293E-001                  1.5600768043235236E+001                  7.5507544429849316E-001                  2.4352453749757699E-001                  1.4000182039298759E-003                  2.7130454009878867E-002                  2.0631171179656766E-007                  0.0000000000000000E+000                                        0                 -9.8999999999999986E+001                 -9.9000000000000000E+001                 -9.9000000000000000E+001 
                                     671                  1.4793630284010930E+000                 -2.7477105347941166E-001                  6.8826597012645623E+000                  5.8443410628869152E-001                  1.5612290546884640E+001                  7.5504486777947821E-001                  2.4355511123933135E-001                  1.4000209811904085E-003                  2.8879296966783801E-002                  2.4369348161337447E-007                  0.0000000000000000E+000                                        0                 -9.8999999999999986E+001                 -9.9000000000000000E+001                 -9.9000000000000000E+001 
                                     672                  1.4728595299235905E+000                 -2.7709551559496010E-001                  6.8854832068329381E+000                  5.9314695600369427E-001                  1.5623823083376299E+001                  7.5501360287648922E-001                  2.4358637299027830E-001                  1.4000241332324803E-003                  3.0778696600054403E-002                  2.8787151361457098E-007                  0.0000000000000000E+000                                        0                 -9.8999999999999986E+001                 -9.9000000000000000E+001                 -9.9000000000000000E+001 
                                     673                  1.4663560314460882E+000                 -2.7941061155603425E-001                  6.8883149307466640E+000                  6.0186056156640433E-001                  1.5635364522629855E+001                  7.5498160033864448E-001                  2.4361837190298621E-001                  1.4000277583693377E-003                  3.2844919096984372E-002                  3.4008819403546753E-007                  0.0000000000000000E+000                                        0                 -9.8999999999999986E+001                 -9.9000000000000000E+001                 -9.9000000000000000E+001 
                                     674                  1.4597160400716749E+000                 -2.8176500991860753E-001                  6.8911547302051943E+000                  6.1057643377546889E-001                  1.5646916244590141E+001                  7.5494891487167493E-001                  2.4365105320110306E-001                  1.4000319272220452E-003                  3.5095068731276512E-002                  4.0180864583735155E-007                  0.0000000000000000E+000                                        0                 -9.8999999999999986E+001                 -9.9000000000000000E+001                 -9.9000000000000000E+001 
                                     675                  1.4530760486972616E+000                 -2.8411039297595042E-001                  6.8940028957338200E+000                  6.1929310474136035E-001                  1.5658477096587776E+001                  7.5491560065146845E-001                  2.4368436262698143E-001                  1.4000367215500908E-003                  3.7546772271958351E-002                  4.7477190352944433E-007                  0.0000000000000000E+000                                        0                 -9.8999999999999986E+001                 -9.9000000000000000E+001                 -9.9000000000000000E+001 
                                     676                  1.4462978037629193E+000                 -2.8649569136396869E-001                  6.8968592913560256E+000                  6.2801212291857200E-001                  1.5670048501301563E+001                  7.5488170682830380E-001                  2.4371825093700045E-001                  1.4000422346958086E-003                  4.0217820696470986E-002                  5.6102919171192465E-007                  0.0000000000000000E+000                                        0                 -9.8999999999999986E+001                 -9.9000000000000000E+001                 -9.9000000000000000E+001 
                                     677                  1.4395195588285765E+000                 -2.8887234922695315E-001                  6.8997241932224886E+000                  6.3673199993509499E-001                  1.5681629283816266E+001                  7.5484732763442353E-001                  2.4375262386683041E-001                  1.4000484987460871E-003                  4.3125744807742020E-002                  6.6301591029999054E-007                  0.0000000000000000E+000                                        0                 -9.8999999999999986E+001                 -9.9000000000000000E+001                 -9.9000000000000000E+001 
                                     678                  1.4326013317070920E+000                 -2.9128956258580491E-001                  6.9025974732830155E+000                  6.4545437332719890E-001                  1.5693220911038365E+001                  7.5481234708515477E-001                  2.4378759706015801E-001                  1.4000558546871655E-003                  4.6286870746094187E-002                  7.8360046093673954E-007                  0.0000000000000000E+000                                        0                 -9.8999999999999986E+001                 -9.9000000000000000E+001                 -9.9000000000000000E+001 
                                     679                  1.4256831045856071E+000                 -2.9369853555117087E-001                  6.9054793980435951E+000                  6.5417774028524167E-001                  1.5704822186137818E+001                  7.5477686660521193E-001                  2.4382306918927191E-001                  1.4000642055161938E-003                  4.9718022230965310E-002                  9.2619429397302366E-007                  0.0000000000000000E+000                                        0                 -9.8999999999999986E+001                 -9.9000000000000000E+001                 -9.9000000000000000E+001 
                                     680                  1.4186232022358776E+000                 -2.9614873264180741E-001                  6.9083698594359157E+000                  6.6290373889710585E-001                  1.5716434621780976E+001                  7.5474084843711065E-001                  2.4385907774733959E-001                  1.4000738155497405E-003                  5.3433364066311828E-002                  1.0948174460704717E-006                  0.0000000000000000E+000                                        0                 -9.8999999999999986E+001                 -9.9000000000000000E+001                 -9.9000000000000000E+001 
                                     681                  1.4115632998861480E+000                 -2.9859111652628539E-001                  6.9112691265712058E+000                  6.7163092969016436E-001                  1.5728056999562156E+001                  7.5470412037434376E-001                  2.4389579465595645E-001                  1.4000849696997886E-003                  5.7447655634367538E-002                  1.2942367943286057E-006                  0.0000000000000000E+000                                        0                 -9.8999999999999986E+001                 -9.9000000000000000E+001                 -9.9000000000000000E+001 
                                     682                  1.4043600686027926E+000                 -3.0107542349860617E-001                  6.9141771179572276E+000                  6.8036094679984505E-001                  1.5739690879542714E+001                  7.5466672118427380E-001                  2.4393318110355419E-001                  1.4000977121719771E-003                  6.1775746597232478E-002                  1.5300889760420920E-006                  0.0000000000000000E+000                                        0                 -9.8999999999999986E+001                 -9.9000000000000000E+001                 -9.9000000000000000E+001 
                                     683                  1.3971568373194372E+000                 -3.0355237302771360E-001                  6.9170941059925326E+000                  6.8909233354859123E-001                  1.5751335022034313E+001                  7.5462845555101821E-001                  2.4397143208623367E-001                  1.4001123627480627E-003                  6.6433516620091795E-002                  1.8090492008533200E-006                  0.0000000000000000E+000                                        0                 -9.8999999999999986E+001                 -9.9000000000000000E+001                 -9.9000000000000000E+001 
                                     684                  1.3898086667219152E+000                 -3.0607197702064126E-001                  6.9200200365537938E+000                  6.9782681152212589E-001                  1.5762991036251524E+001                  7.5458915605069588E-001                  2.4401071474372030E-001                  1.4001292055838555E-003                  7.1439559793968321E-002                  2.1390023067166901E-006                  0.0000000000000000E+000                                        0                 -9.8999999999999986E+001                 -9.9000000000000000E+001                 -9.9000000000000000E+001 
                                     685                  1.3824604961243927E+000                 -3.0858471003151777E-001                  6.9229551849837900E+000                  7.0656289823332041E-001                  1.5774657661530350E+001                  7.5454863325187771E-001                  2.4405121817938891E-001                  1.4001485687333837E-003                  7.6816060274250642E-002                  2.5292923217186143E-006                  0.0000000000000000E+000                                        0                 -9.8999999999999986E+001                 -9.9000000000000000E+001                 -9.9000000000000000E+001 
                                     686                  1.3749658233893582E+000                 -3.1114086300443966E-001                  6.9258995253744180E+000                  7.1530235036510093E-001                  1.5786336558075694E+001                  7.5450668034884238E-001                  2.4409314882405062E-001                  1.4001708271069724E-003                  8.2590461590990469E-002                  2.9909539738950492E-006                  0.0000000000000000E+000                                        0                 -9.8999999999999986E+001                 -9.9000000000000000E+001                 -9.9000000000000000E+001 
                                     687                  1.3674711506543233E+000                 -3.1369066436178666E-001                  6.9288533358227387E+000                  7.2404366940626586E-001                  1.5798026444581431E+001                  7.5446308491033742E-001                  2.4413671867647718E-001                  1.4001964131853395E-003                  8.8795878867967401E-002                  3.5370556575596808E-006                  0.0000000000000000E+000                                        0                 -9.8999999999999986E+001                 -9.9000000000000000E+001                 -9.9000000000000000E+001 
                                     688                  1.3598284649840748E+000                 -3.1628468779132296E-001                  6.9318166196162396E+000                  7.3278863801761174E-001                  1.5809729034236838E+001                  7.5441763242940574E-001                  2.4418214174938874E-001                  1.4002258212055807E-003                  9.5472398894598368E-002                  4.1830286938643533E-006                  0.0000000000000000E+000                                        0                 -9.8999999999999986E+001                 -9.9000000000000000E+001                 -9.9000000000000000E+001 
                                     689                  1.3521857793138266E+000                 -3.1887291457453165E-001                  6.9347896575033312E+000                  7.4153573281140517E-001                  1.5821443025464349E+001                  7.5437011666760490E-001                  2.4422962371164836E-001                  1.4002596207467466E-003                  1.0266664420601386E-001                  4.9471325095633232E-006                  0.0000000000000000E+000                                        0                 -9.8999999999999986E+001                 -9.9000000000000000E+001                 -9.9000000000000000E+001 
                                     690                  1.3443936266880039E+000                 -3.2150620498234922E-001                  6.9377724830925187E+000                  7.5028675597605710E-001                  1.5833170186619034E+001                  7.5432033887939254E-001                  2.4427936265823763E-001                  1.4002984623697756E-003                  1.1043269121747475E-001                  5.8509205644855005E-006                  0.0000000000000000E+000                                        0                 -9.8999999999999986E+001                 -9.9000000000000000E+001                 -9.9000000000000000E+001 
                                     691                  1.3366014740621808E+000                 -3.2413429250605952E-001                  6.9407653797994779E+000                  7.5904014294714617E-001                  1.5844909196289430E+001                  7.5426815129270330E-001                  2.4433150578536927E-001                  1.4003429219273666E-003                  1.1883094244251531E-001                  6.9198948191280701E-006                  0.0000000000000000E+000                                        0                 -9.8999999999999986E+001                 -9.9000000000000000E+001                 -9.9000000000000000E+001 
                                     692                  1.3286584622965745E+000                 -3.2680832799654280E-001                  6.9437684128334665E+000                  7.6779773817068542E-001                  1.5856661880413064E+001                  7.5421330349186089E-001                  2.4438630225288016E-001                  1.4003942552589521E-003                  1.2792886230813463E-001                  8.1840440847777085E-006                  0.0000000000000000E+000                                        0                 -9.8999999999999986E+001                 -9.9000000000000000E+001                 -9.9000000000000000E+001 
                                     693                  1.3207154505309682E+000                 -3.2947779679655698E-001                  6.9467747146787522E+000                  7.7653743930933239E-001                  1.5868399247094333E+001                  7.5415577986162430E-001                  2.4444376703569495E-001                  1.4004531026807765E-003                  1.3777543473015852E-001                  9.6749986694667311E-006                  0.0000000000000000E+000                                        0                 -9.8999999999999986E+001                 -9.9000000000000000E+001                 -9.9000000000000000E+001 
                                     694                  1.3126584607299514E+000                 -3.3218133247229292E-001                  6.9497987255809024E+000                  7.8530177215187158E-001                  1.5880178191800310E+001                  7.5409521703090754E-001                  2.4450426225330191E-001                  1.4005207157905541E-003                  1.4849726829839990E-001                  1.1441585691464792E-005                  0.0000000000000000E+000                                        0                 -9.8999999999999986E+001                 -9.9000000000000000E+001                 -9.9000000000000000E+001 
                                     695                  1.3045250587148274E+000                 -3.3490660733905664E-001                  6.9528335049460379E+000                  7.9406982251636937E-001                  1.5891970822832112E+001                  7.5403156379635272E-001                  2.4456783785989983E-001                  1.4005983437475056E-003                  1.6015753652405257E-001                  1.3529693802700857E-005                  0.0000000000000000E+000                                        0                 -9.8999999999999986E+001                 -9.9000000000000000E+001                 -9.9000000000000000E+001 
                                     696                  1.2963149360912720E+000                 -3.3765404999613297E-001                  6.9558792631020996E+000                  8.0284171636260648E-001                  1.5903777430763716E+001                  7.5396467128315070E-001                  2.4463464125593479E-001                  1.4006874609144848E-003                  1.7284804426505157E-001                  1.5997150802057483E-005                  0.0000000000000000E+000                                        0                 -9.8999999999999986E+001                 -9.9000000000000000E+001                 -9.9000000000000000E+001 
                                     697                  1.2880277943240350E+000                 -3.4042410251244443E-001                  6.9589362176514724E+000                  8.1161758460400146E-001                  1.5915598318175164E+001                  7.5389438986022639E-001                  2.4470482038035976E-001                  1.4007897594138230E-003                  1.8666663092260249E-001                  1.8911859614475941E-005                  0.0000000000000000E+000                                        0                 -9.8999999999999986E+001                 -9.9000000000000000E+001                 -9.9000000000000000E+001 
                                     698                  1.2796633451307557E+000                 -3.4321722100018809E-001                  6.9620045934244477E+000                  8.2039756443031930E-001                  1.5927433800198509E+001                  7.5382056686778898E-001                  2.4477852598850369E-001                  1.4009071437073306E-003                  2.0171710756912153E-001                  2.2353425458507906E-005                  0.0000000000000000E+000                                        0                 -9.8999999999999986E+001                 -9.9000000000000000E+001                 -9.9000000000000000E+001 
                                     699                  1.2712213108872168E+000                 -3.4603387621216547E-001                  6.9650846227290453E+000                  8.2918180021947097E-001                  1.5939284205093228E+001                  7.5374304479677445E-001                  2.4485591342418755E-001                  1.4010417790379925E-003                  2.1810903328112605E-001                  2.6414980344383531E-005                  0.0000000000000000E+000                                        0                 -9.8999999999999986E+001                 -9.9000000000000000E+001                 -9.9000000000000000E+001 
                                     700                  1.2627014250450916E+000                 -3.4887455416687857E-001                  6.9681765456095475E+000                  8.3797044434247003E-001                  1.5951149874852536E+001                  7.5366165987256162E-001                  2.4493714396357952E-001                  1.4011961638589199E-003                  2.3595722375714120E-001                  3.1205203249139961E-005                  0.0000000000000000E+000                                        0                 -9.8999999999999986E+001                 -9.9000000000000000E+001                 -9.9000000000000000E+001 
                                     701                  1.2541034325625811E+000                 -3.5173975680402542E-001                  6.9705031712050163E+000                  8.4458362685380517E-001                  1.5960077796748479E+001                  7.5359812038048535E-001                  2.4500055397143577E-001                  1.4013256480789327E-003                  2.5037876459028868E-001                  3.5353402946274700E-005                  0.0000000000000000E+000                                        0                 -9.8999999999999986E+001                 -9.9000000000000000E+001                 -9.9000000000000000E+001 
                                     702                  1.2497652614556685E+000                 -3.5318493912022236E-001                  6.9720583054734897E+000                  8.4898140809939882E-001                  1.5966022433954377E+001                  7.5355436155506883E-001                  2.4504421794109643E-001                  1.4014205038347383E-003                  2.6050501222603428E-001                  3.8414228593469906E-005                  0.0000000000000000E+000                                        0                 -9.8999999999999986E+001                 -9.9000000000000000E+001                 -9.9000000000000000E+001 
                                     703                  1.2454270903487556E+000                 -3.5462991332004090E-001                  6.9743970830819277E+000                  8.5556135091582741E-001                  1.5974928200256798E+001                  7.5348660864871886E-001                  2.4511181565151002E-001                  1.4015756997711737E-003                  2.7650218676536448E-001                  4.3497789771269623E-005                  0.0000000000000000E+000                                        0                 -9.8999999999999986E+001                 -9.9000000000000000E+001                 -9.9000000000000000E+001 
                                     704                  1.2366721677242865E+000                 -3.5754573825096914E-001                  6.9775262049272868E+000                  8.6436422537293189E-001                  1.5986841860750484E+001                  7.5339257454186326E-001                  2.4520561785642833E-001                  1.4018076017083825E-003                  2.9944468044508044E-001                  5.1316232917892413E-005                  0.0000000000000000E+000                                        0                 -9.8999999999999986E+001                 -9.9000000000000000E+001                 -9.9000000000000000E+001 
                                     705                  1.2278384468941583E+000                 -3.6048769626755994E-001                  6.9806682635266890E+000                  8.7317221149025925E-001                  1.5998772304773958E+001                  7.5329394051240561E-001                  2.4530398666978617E-001                  1.4020728178082420E-003                  3.2433027818622434E-001                  6.0500582231218465E-005                  0.0000000000000000E+000                                        0                 -9.8999999999999986E+001                 -9.9000000000000000E+001                 -9.9000000000000000E+001 
                                     706                  1.2189257234335549E+000                 -3.6345636024604150E-001                  6.9838235418496613E+000                  8.8198551196784714E-001                  1.6010719953281225E+001                  7.5319049802146154E-001                  2.4540712613318058E-001                  1.4023758453578505E-003                  3.5127622428960453E-001                  7.1273222627047555E-005                  0.0000000000000000E+000                                        0                 -9.8999999999999986E+001                 -9.9000000000000000E+001                 -9.9000000000000000E+001 
                                     707                  1.2099338067888199E+000                 -3.6645232280914319E-001                  6.9861988380225473E+000                  8.8861849292364026E-001                  1.6019711632255969E+001                  7.5310980041172459E-001                  2.4548757036875146E-001                  1.4026292195239431E-003                  3.7292046625475422E-001                  8.0552972004224136E-005                  0.0000000000000000E+000                                        0                 -9.8999999999999986E+001                 -9.9000000000000000E+001                 -9.9000000000000000E+001 
                                     708                  1.2053981637914426E+000                 -3.6796399359395288E-001                  6.9877866889678630E+000                  8.9302932934925927E-001                  1.6025698789876202E+001                  7.5305425501627810E-001                  2.4554293078593642E-001                  1.4028141977855402E-003                  3.8803645995916758E-001                  8.7366926656426969E-005                  0.0000000000000000E+000                                        0                 -9.8999999999999986E+001                 -9.9000000000000000E+001                 -9.9000000000000000E+001 
                                     709                  1.2008625207940655E+000                 -3.6947609893155653E-001                  6.9893780103952983E+000                  8.9744148870428564E-001                  1.6031690380481063E+001                  7.5299741546788956E-001                  2.4559957391667153E-001                  1.4030106154389044E-003                  4.0372711609874057E-001                  9.4732766382560102E-005                  0.0000000000000000E+000                                        0                 -9.8999999999999986E+001                 -9.9000000000000000E+001                 -9.9000000000000000E+001 
                                     710                  1.1962871124989971E+000                 -3.7100196988869688E-001                  6.9909728450611670E+000                  9.0185526249954151E-001                  1.6037686705220420E+001                  7.5293917937700783E-001                  2.4565759930537157E-001                  1.4032213176206065E-003                  4.1999536198713494E-001                  1.0268487569931195E-004                  0.0000000000000000E+000                                        0                 -9.8999999999999986E+001                 -9.9000000000000000E+001                 -9.9000000000000000E+001 
                                     711                  1.1917117042039289E+000                 -3.7252841964060135E-001                  6.9933716645689747E+000                  9.0845894399404525E-001                  1.6046670038544136E+001                  7.5284906274793151E-001                  2.4574737250952577E-001                  1.4035647425427733E-003                  4.4548512146540009E-001                  1.1579900412251894E-004                  0.0000000000000000E+000                                        0                 -9.8999999999999986E+001                 -9.9000000000000000E+001                 -9.9000000000000000E+001 
                                     712                  1.1824812112442720E+000                 -3.7561004468959658E-001                  6.9965828407212891E+000                  9.1729578513251231E-001                  1.6058691084763147E+001                  7.5272406656878854E-001                  2.4587185869489320E-001                  1.4040747363182060E-003                  4.8158957236856892E-001                  1.3575887439282768E-004                  0.0000000000000000E+000                                        0                 -9.8999999999999986E+001                 -9.9000000000000000E+001                 -9.9000000000000000E+001 
                                     713                  1.1731709121798874E+000                 -3.7872155492375975E-001                  6.9998088020459575E+000                  9.2613915288594928E-001                  1.6070731730899976E+001                  7.5259303616834861E-001                  2.4600231067284983E-001                  1.4046531588015609E-003                  5.2009835830394524E-001                  1.5883697694956206E-004                  8.4593195674031988E-055                                        0                 -9.8999999999999986E+001                 -9.9000000000000000E+001                 -9.9000000000000000E+001 
                                     714                  1.1637806938987414E+000                 -3.8186365616517592E-001                  7.0030498941506947E+000                  9.3498933593982425E-001                  1.6082792521095588E+001                  7.5245568371581728E-001                  2.4613900855272858E-001                  1.4053077314541973E-003                  5.6098808494681829E-001                  1.8548871815459581E-004                  2.3486345726557034E-054                                        0                 -9.8999999999999986E+001                 -9.9000000000000000E+001                 -9.9000000000000000E+001 
                                     715                  1.1543104605147052E+000                 -3.8503708016852539E-001                  7.0063064725059530E+000                  9.4384664273027541E-001                  1.6094874023801783E+001                  7.5231170492373789E-001                  2.4628224851465957E-001                  1.4060465616025919E-003                  6.0418872571413018E-001                  2.1608079731851628E-004                  3.7500717291010024E-054                                        0                 -9.8999999999999986E+001                 -9.9000000000000000E+001                 -9.9000000000000000E+001 
                                     716                  1.1447601339896070E+000                 -3.8824258585666388E-001                  7.0095789010180072E+000                  9.5271140446475144E-001                  1.6106976833040274E+001                  7.5216077804853076E-001                  2.4643234397216521E-001                  1.4068779793040553E-003                  6.4957782588589508E-001                  2.5099729877256738E-004                  5.9941916507856861E-054                                        0                 -9.8999999999999986E+001                 -9.9000000000000000E+001                 -9.9000000000000000E+001 
                                     717                  1.1351296547753027E+000                 -3.9148096061578175E-001                  7.0128675522661892E+000                  9.6158397652735061E-001                  1.6119101569737452E+001                  7.5200256291263046E-001                  2.4658962673809440E-001                  1.4078103492751737E-003                  6.9697649022204922E-001                  2.9058274038630750E-004                  9.5919266850282003E-054                                        0                 -9.8999999999999986E+001                 -9.9000000000000000E+001                 -9.9000000000000000E+001 
                                     718                  1.1254189824768550E+000                 -3.9475302166711457E-001                  7.0161728082773465E+000                  9.7046473939730149E-001                  1.6131248883140501E+001                  7.5183669998365632E-001                  2.4675444827223852E-001                  1.4088517441050996E-003                  7.4614805955858954E-001                  3.3510468544447974E-004                  1.5366784241920027E-053                                        0                 -9.8999999999999986E+001                 -9.9000000000000000E+001                 -9.9000000000000000E+001 
                                     719                  1.1156280965375853E+000                 -3.9805961752512659E-001                  7.0194950613607539E+000                  9.7935409955833674E-001                  1.6143419452322142E+001                  7.5166280955268305E-001                  2.4692718093147425E-001                  1.4100095158426917E-003                  7.9680040243775352E-001                  3.8470422333331764E-004                  2.4647915798559600E-053                                        0                 -9.8999999999999986E+001                 -9.9000000000000000E+001                 -9.9000000000000000E+001 
                                     720                  1.1057569969455086E+000                 -4.0140162954986314E-001                  7.0228347150071464E+000                  9.8825249038884588E-001                  1.6155613987781830E+001                  7.5148049105713766E-001                  2.4710821913613482E-001                  1.4112898067275559E-003                  8.4859268422755696E-001                  4.3933251218761509E-004                  3.9583669800609286E-053                                        0                 -9.8999999999999986E+001                 -9.9000000000000000E+001                 -9.9000000000000000E+001 
                                     721                  1.0958057049628911E+000                 -4.0477997360113543E-001                  7.0261921848543718E+000                  9.9716037301680038E-001                  1.6167833233150827E+001                  7.5128932259424575E-001                  2.4729798056195290E-001                  1.4126968438012977E-003                  9.0114724408896407E-001                  4.9867384806847421E-004                  6.3651662808933739E-053                                        0                 -9.8999999999999986E+001                 -9.9000000000000000E+001                 -9.9000000000000000E+001 
                                     722                  1.0857742638800689E+000                 -4.0819560180342457E-001                  7.0295678997210143E+000                  1.0060782371521977E+000                  1.6180077967009812E+001                  7.5108886065938418E-001                  2.4749690714023809E-001                  1.4142322003777297E-003                  9.5406681441431451E-001                  5.6205579019781603E-004                  1.0248989063084673E-052                                        0                 -9.8999999999999986E+001                 -9.9000000000000000E+001                 -9.9000000000000000E+001 
                                     723                  1.0756627397945111E+000                 -4.1164950443110165E-001                  7.0329623027080190E+000                  1.0150066018830057E+000                  1.6192349004829136E+001                  7.5087864011891992E-001                  2.4770546603582580E-001                  1.4158938452543124E-003                  1.0069567848639309E+000                  6.2835263670897471E-004                  1.6525333620839636E-052                                        0                 -9.8999999999999986E+001                 -9.9000000000000000E+001                 -9.9000000000000000E+001 
                                     724                  1.0654712224162615E+000                 -4.1514271192478402E-001                  7.0363758523668185E+000                  1.0239460164721643E+000                  1.6204647201042135E+001                  7.5065817439225679E-001                  2.4792415039694907E-001                  1.4176752107941670E-003                  1.0594515650182874E+000                  6.9589028369682743E-004                  2.6683233660213477E-052                                        0                 -9.8999999999999986E+001                 -9.9000000000000000E+001                 -9.9000000000000000E+001 
                                     725                  1.0551998259013331E+000                 -4.1867629705020709E-001                  7.0398090239315110E+000                  1.0328970611893142E+000                  1.6216973451264291E+001                  7.5042695576918306E-001                  2.4815348004835877E-001                  1.4195641824581440E-003                  1.1112434452792326E+000                  7.6236997693746034E-004                  4.3148685223617163E-052                                        0                 -9.8999999999999986E+001                 -9.9000000000000000E+001                 -9.9000000000000000E+001 
                                     726                  1.0448486897127853E+000                 -4.2225137721259137E-001                  7.0432623106119578E+000                  1.0418603482505435E+000                  1.6229328694672464E+001                  7.5018445572903580E-001                  2.4839400203973799E-001                  1.4215422312262582E-003                  1.1621118089626807E+000                  8.2483335893141516E-004                  6.9881184682384799E-052                                        0                 -9.8999999999999986E+001                 -9.9000000000000000E+001                 -9.9000000000000000E+001 
                                     727                  1.0344179795110386E+000                 -4.2586911693963309E-001                  7.0467362249441425E+000                  1.0508365229575858E+000                  1.6241713916558119E+001                  7.4993012506500756E-001                  2.4864629108142436E-001                  1.4235838535681111E-003                  1.2119502205716226E+000                  8.7969876657117811E-004                  1.1335486230173235E-051                                        0                 -9.8999999999999986E+001                 -9.9000000000000000E+001                 -9.9000000000000000E+001 
                                     728                  1.0239078880751513E+000                 -4.2953073054682367E-001                  7.0502313001946257E+000                  1.0598262651330430E+000                  1.6254130151070836E+001                  7.4966339355418921E-001                  2.4891095014137501E-001                  1.4256563044358073E-003                  1.2607889082821786E+000                  9.2290968979646807E-004                  1.8417550672130447E-051                                        0                 -9.8999999999999986E+001                 -9.9000000000000000E+001                 -9.9000000000000000E+001 
                                     729                  1.0133186362564390E+000                 -4.3323748499959980E-001                  7.0537480909297532E+000                  1.0688302919029002E+000                  1.6266578484169710E+001                  7.4938366887638053E-001                  2.4918861090473490E-001                  1.4277202188845983E-003                  1.3088105008043560E+000                  9.5022219949835330E-004                  2.9975130362188558E-051                                        0                 -9.8999999999999986E+001                 -9.9000000000000000E+001                 -9.9000000000000000E+001 
                                     730                  1.0026504739658322E+000                 -4.3699070297928111E-001                  7.0572871705836580E+000                  1.0778493641223459E+000                  1.6279060056800667E+001                  7.4909033448798734E-001                  2.4947993450071315E-001                  1.4297310112995065E-003                  1.3563575231005336E+000                  9.5765982586904484E-004                  4.8871352710948410E-051                                        0                 -9.8999999999999986E+001                 -9.9000000000000000E+001                 -9.9000000000000000E+001 
                                     731                  9.9190368119726902E-001                 -4.4079176613978832E-001                  7.0608491290758311E+000                  1.0868842934640954E+000                  1.6291576068316896E+001                  7.4878274622914509E-001                  2.4978561243255751E-001                  1.4316413382974291E-003                  1.4039312208107326E+000                  9.4212615128510646E-004                  7.9825032845796395E-051                                        0                 -9.8999999999999986E+001                 -9.9000000000000000E+001                 -9.9000000000000000E+001 
                                     732                  9.8107856908763491E-001                 -4.4464211856797820E-001                  7.0644345732756957E+000                  1.0959359473827677E+000                  1.6304127780161785E+001                  7.4846022759628306E-001                  2.5010636780762896E-001                  1.4334045960879838E-003                  1.4521822854967092E+000                  9.0212010548299838E-004                  1.3063018880852206E-050                                        0                 -9.8999999999999986E+001                 -9.9000000000000000E+001                 -9.9000000000000000E+001 
                                     733                  9.7017548101421935E-001                 -4.4854327048700848E-001                  7.0680441280859245E+000                  1.1050052541621247E+000                  1.6316716519837211E+001                  7.4812206385457869E-001                  2.5044295692688023E-001                  1.4349792185410770E-003                  1.5018947354670777E+000                  8.3843468401086953E-004                  2.1418884152437170E-050                                        0                 -9.8999999999999986E+001                 -9.9000000000000000E+001                 -9.9000000000000000E+001 
                                     734                  9.5919479373231997E-001                 -4.5249680222589989E-001                  7.0716784375507258E+000                  1.1140932084845476E+000                  1.6329343685182327E+001                  7.4776749546991961E-001                  2.5079617127371828E-001                  1.4363332563620546E-003                  1.5539647857353676E+000                  7.5465699748321390E-004                  3.5190794778423183E-050                                        0                 -9.8999999999999986E+001                 -9.9000000000000000E+001                 -9.9000000000000000E+001 
                                     735                  9.4813691855500104E-001                 -4.5650436847729692E-001                  7.0753381660037453E+000                  1.1232008772480426E+000                  1.6342010748990958E+001                  7.4739571162818186E-001                  2.5116683992969274E-001                  1.4374484421253442E-003                  1.6093767075581127E+000                  6.5725514197646968E-004                  5.7939059536474231E-050                                        0                 -9.8999999999999986E+001                 -9.9000000000000000E+001                 -9.9000000000000000E+001 
                                     736                  9.3700230257690864E-001                 -4.6056770287071402E-001                  7.0790239992735957E+000                  1.1323294052944595E+000                  1.6354719263999137E+001                  7.4700584477328036E-001                  2.5155583243117668E-001                  1.4383227955430122E-003                  1.6691774284325187E+000                  5.5507330817247409E-004                  9.5599629134767099E-050                                        0                 -9.8999999999999986E+001                 -9.9000000000000000E+001                 -9.9000000000000000E+001 
                                     737                  9.2579142994490216E-001                 -4.6468862289480706E-001                  7.0827366459683843E+000                  1.1414800207474092E+000                  1.6367470868277994E+001                  7.4659696699969491E-001                  2.5196406207769889E-001                  1.4389709226061420E-003                  1.7344510726280444E+000                  4.5818963846449456E-004                  1.5809450048918005E-049                                        0                 -9.8999999999999986E+001                 -9.9000000000000000E+001                 -9.9000000000000000E+001 
                                     738                  9.1450482317778858E-001                 -4.6886903520952833E-001                  7.0864768388641002E+000                  1.1506540398156664E+000                  1.6380267291073949E+001                  7.4616808870995299E-001                  2.5239248969875677E-001                  1.4394215912902908E-003                  1.8062939468440937E+000                  3.7631268555191072E-004                  2.6205221326044252E-049                                        0                 -9.8999999999999986E+001                 -9.9000000000000000E+001                 -9.9000000000000000E+001 
                                     739                  9.0314304453554972E-001                 -4.7311094139631932E-001                  7.0902453364244096E+000                  1.1598528711887757E+000                  1.6393110359143542E+001                  7.4571815924636164E-001                  2.5284212787615523E-001                  1.4397128774831236E-003                  1.8857898442490619E+000                  3.1713105482782176E-004                  4.3541695145720626E-049                                        0                 -9.8999999999999986E+001                 -9.9000000000000000E+001                 -9.9000000000000000E+001 
                                     740                  8.9170669744164732E-001                 -4.7741644419829465E-001                  7.0940429244813501E+000                  1.1690780204518119E+000                  1.6406002003635823E+001                  7.4524606844064512E-001                  2.5331404560811732E-001                  1.4398859512375628E-003                  1.9739852679432612E+000                  2.8516086911788737E-004                  7.2528162810191501E-049                                        0                 -9.8999999999999986E+001                 -9.9000000000000000E+001                 -9.9000000000000000E+001 
                                     741                  8.8019642796135467E-001                 -4.8178775430513088E-001                  7.0978704181084451E+000                  1.1783310951412016E+000                  1.6418944267582408E+001                  7.4475064752050857E-001                  2.5380937340811749E-001                  1.4399790713739424E-003                  2.0718644186306774E+000                  2.8153634124863084E-004                  1.2112412079634560E-048                                        0                 -9.8999999999999986E+001                 -9.9000000000000000E+001                 -9.9000000000000000E+001 
                                     742                  8.6861292633898624E-001                 -4.8622719773825968E-001                  7.1017286639568349E+000                  1.1876138108024581E+000                  1.6431939314063708E+001                  7.4423066788151748E-001                  2.5432930883364152E-001                  1.4400232848410521E-003                  2.1803247599239861E+000                  3.0484340826135567E-004                  2.0282321056382982E-048                                        0                 -9.8999999999999986E+001                 -9.9000000000000000E+001                 -9.9000000000000000E+001 
                                     743                  8.5695692859731243E-001                 -4.9073722389561925E-001                  7.1056185501198064E+000                  1.1969279912994781E+000                  1.6444989435126875E+001                  7.4368483690500964E-001                  2.5487512244630933E-001                  1.4400406486809736E-003                  2.3001556744441625E+000                  3.5265594954353782E-004                  3.4057299253644109E-048                                        0                 -9.8999999999999986E+001                 -9.9000000000000000E+001                 -9.9000000000000000E+001 
                                     744                  8.4522921820326991E-001                 -4.9532041439543856E-001                  7.1095410250213131E+000                  1.2062755619047707E+000                  1.6458097061550813E+001                  7.4311179097120894E-001                  2.5544816420916733E-001                  1.4400448196236759E-003                  2.4320245598644852E+000                  4.2315706609724905E-004                  5.7352685663658318E-048                                        0                 -9.8999999999999986E+001                 -9.9000000000000000E+001                 -9.9000000000000000E+001 
                                     745                  8.3343062780146238E-001                 -4.9997949289589538E-001                  7.1134971106135447E+000                  1.2156585498173482E+000                  1.6471264773576923E+001                  7.4251008658260775E-001                  2.5604987032563908E-001                  1.4400430917531626E-003                  2.5764753631162125E+000                  5.1629611491832569E-004                  9.6871813246983192E-048                                        0                 -9.8999999999999986E+001                 -9.9000000000000000E+001                 -9.9000000000000000E+001 
                                     746                  8.2156204101956498E-001                 -5.0471733593046109E-001                  7.1174879077955229E+000                  1.2250790939250984E+000                  1.6484495312729724E+001                  7.4187819071340944E-001                  2.5668177052708119E-001                  1.4400387595093767E-003                  2.7339446075933602E+000                  6.3428834338974329E-004                  1.6413236130204789E-047                                        0                 -9.8999999999999986E+001                 -9.9000000000000000E+001                 -9.9000000000000000E+001 
                                     747                  8.0962439435020483E-001                 -5.0953698478360321E-001                  7.1215146019336757E+000                  1.2345394556834726E+000                  1.6497791594858555E+001                  7.4121447116010097E-001                  2.5734549582403787E-001                  1.4400330158611530E-003                  2.9047981963638798E+000                  7.8164558916972069E-004                  2.7899810629256906E-047                                        0                 -9.8999999999999986E+001                 -9.9000000000000000E+001                 -9.9000000000000000E+001 
                                     748                  7.9761867911359063E-001                 -5.1444165852797952E-001                  7.1255784690027566E+000                  1.2440420306527660E+000                  1.6511156724550020E+001                  7.4051718711979031E-001                  2.5804278675481995E-001                  1.4400261253897373E-003                  3.0893877124083096E+000                  9.6509345931318448E-004                  4.7586095957613255E-047                                        0                 -9.8999999999999986E+001                 -9.9000000000000000E+001                 -9.9000000000000000E+001 
                                     749                  7.8554594350558615E-001                 -5.1943476836800540E-001                  7.1296808823965696E+000                  1.2535893608876230E+000                  1.6524594011083305E+001                  7.3978447980078454E-001                  2.5877550220175483E-001                  1.4400179974606298E-003                  3.2881195628699431E+000                  1.1936567305788346E-003                  8.1451096469523527E-047                                        0                 -9.8999999999999986E+001                 -9.9000000000000000E+001                 -9.9000000000000000E+001 
                                     750                  7.7340729473679526E-001                 -5.2451993345466186E-001                  7.1338233204614996E+000                  1.2631841484615320E+000                  1.6538106986127620E+001                  7.3901436269312804E-001                  2.5954562890014443E-001                  1.4400084067275332E-003                  3.5015260038027556E+000                  1.4790322247044186E-003                  1.3993397481635563E-046                                        0                 -9.8999999999999986E+001                 -9.9000000000000000E+001                 -9.9000000000000000E+001 
                                     751                  7.6120390126714110E-001                 -5.2970099835978057E-001                  7.1380073748155404E+000                  1.2728292704358708E+000                  1.6551699423411954E+001                  7.3820471111907648E-001                  2.6035529182410627E-001                  1.4399970568172993E-003                  3.7303259684708889E+000                  1.8362644040686436E-003                  2.4134347865463074E-046                                        0                 -9.8999999999999986E+001                 -9.9000000000000000E+001                 -9.9000000000000000E+001 
                                     752                  7.4893699514127687E-001                 -5.3498205242463737E-001                  7.1422347595323616E+000                  1.2825277955789744E+000                  1.6565375360633379E+001                  7.3735325072663516E-001                  2.6120676568369494E-001                  1.4399835896699020E-003                  3.9754667145013762E+000                  2.2847270667653388E-003                  4.1794270462463955E-046                                        0                 -9.8999999999999986E+001                 -9.9000000000000000E+001                 -9.9000000000000000E+001 
                                     753                  7.3660787443163345E-001                 -5.4036745122888719E-001                  7.1465073212935604E+000                  1.2922830031476695E+000                  1.6579139123911755E+001                  7.3645754462375301E-001                  2.6210248779618650E-001                  1.4399675800604861E-003                  4.2381436643240784E+000                  2.8494510516786919E-003                  7.2686836317702841E-046                                        0                 -9.8999999999999986E+001                 -9.9000000000000000E+001                 -9.9000000000000000E+001 
                                     754                  7.2421790579585155E-001                 -5.4586184046389141E-001                  7.1508270506193217E+000                  1.3020984040714285E+000                  1.6592995355150151E+001                  7.3551497889041828E-001                  2.6304507258273652E-001                  1.4399485268452583E-003                  4.5198028008733200E+000                  3.5628792743483107E-003                  1.2698383714098922E-045                                        0                 -9.8999999999999986E+001                 -9.9000000000000000E+001                 -9.9000000000000000E+001 
                                     755                  7.1176852715584171E-001                 -5.5147018253927782E-001                  7.1551960890009649E+000                  1.3119777702791497E+000                  1.6606949042719709E+001                  7.3452274622173308E-001                  2.6403732793506046E-001                  1.4399258432065132E-003                  4.8221346734005754E+000                  4.4671610686590211E-003                  2.2289374382236251E-045                                        0                 -9.8999999999999986E+001                 -9.9000000000000000E+001                 -9.9000000000000000E+001 
                                     756                  6.9926125050655896E-001                 -5.5719778623257621E-001                  7.1596167242158355E+000                  1.3219251805618013E+000                  1.6621005555950497E+001                  7.3347782740830547E-001                  2.6508227374520088E-001                  1.4398988464936480E-003                  5.1470695935502020E+000                  5.6171177061467552E-003                  3.9320049386311131E-045                                        0                 -9.8999999999999986E+001                 -9.9000000000000000E+001                 -9.9000000000000000E+001 
                                     757                  6.8669766486288886E-001                 -5.6305033963182138E-001                  7.1640913889417899E+000                  1.3319450683571090E+000                  1.6635170683970752E+001                  7.3237697033693905E-001                  2.6618316291647443E-001                  1.4398667465864712E-003                  5.4967820782047951E+000                  7.0840307316626756E-003                  6.9729063463732688E-045                                        0                 -9.8999999999999986E+001                 -9.9000000000000000E+001                 -9.9000000000000000E+001 
                                     758                  6.7407943935341130E-001                 -5.6903394686999731E-001                  7.1686226724756432E+000                  1.3420422623196675E+000                  1.6649450679536251E+001                  7.3121666617326331E-001                  2.6734350519600586E-001                  1.4398286307308883E-003                  5.8737087391581584E+000                  8.9604290779695273E-003                  1.2434304904300883E-044                                        0                 -9.8999999999999986E+001                 -9.9000000000000000E+001                 -9.9000000000000000E+001 
                                     759                  6.6140832647151804E-001                 -5.7515516937568267E-001                  7.1732133356888044E+000                  1.3522220305839758E+000                  1.6663852308629792E+001                  7.2999312230682278E-001                  2.6856709425254849E-001                  1.4397834406287835E-003                  6.2805795383190883E+000                  1.1366103054563988E-002                  2.2303321956011233E-044                                        0                 -9.8999999999999986E+001                 -9.9000000000000000E+001                 -9.9000000000000000E+001 
                                     760                  6.4868616549482638E-001                 -5.8142107234703888E-001                  7.1778663277192152E+000                  1.3624901313622411E+000                  1.6678382906759413E+001                  7.2870223154907787E-001                  2.6985803851568602E-001                  1.4397299352361115E-003                  6.7204609660613333E+000                  1.4455722708573367E-002                  4.0253104847963140E-044                                        0                 -9.8999999999999986E+001                 -9.9000000000000000E+001                 -9.9000000000000000E+001 
                                     761                  6.3591488608492208E-001                 -5.8783927725784879E-001                  7.1825848046551037E+000                  1.3728528709650183E+000                  1.6693050443061647E+001                  7.2733953695316367E-001                  2.7122079641657110E-001                  1.4396666302651795E-003                  7.1968099297348438E+000                  1.8428784771799062E-002                  7.3124394799468242E-044                                        0                 -9.8999999999999986E+001                 -9.9000000000000000E+001                 -9.9000000000000000E+001 
                                     762                  6.2309651208049144E-001                 -5.9441802135347932E-001                  7.1873721505107691E+000                  1.3833171705618170E+000                  1.6707863593533038E+001                  7.2590019147480489E-001                  2.7266021681863800E-001                  1.4395917065570529E-003                  7.7135382526524099E+000                  2.3543271563230241E-002                  1.3375819735853758E-043                                        0                 -9.8999999999999986E+001                 -9.9000000000000000E+001                 -9.9000000000000000E+001 
                                     763                  6.1023316549806095E-001                 -6.0116622527556496E-001                  7.1922320008502902E+000                  1.3938906432779428E+000                  1.6722831824980208E+001                  7.2437891150761469E-001                  2.7418158560854056E-001                  1.4395028838447566E-003                  8.2750889676190145E+000                  3.0135399087333679E-002                  2.4646086298091612E-043                                        0                 -9.8999999999999986E+001                 -9.9000000000000000E+001                 -9.9000000000000000E+001 
                                     764                  5.9732707075605795E-001                 -6.0809357017495835E-001                  7.1971682694832406E+000                  1.4045816835792702E+000                  1.6737965491607735E+001                  7.2276992308477228E-001                  2.7579067964816545E-001                  1.4393972670623256E-003                  8.8865265926453318E+000                  3.8648924987041873E-002                  4.5764897862829364E-043                                        0                 -9.8999999999999986E+001                 -9.9000000000000000E+001                 -9.9000000000000000E+001 
                                     765                  5.8438055913947551E-001                 -6.1521058594281508E-001                  7.2021851791218330E+000                  1.4153995709564060E+000                  1.6753275946572767E+001                  7.2106689923060929E-001                  2.7749382958650959E-001                  1.4392711828811189E-003                  9.5536444247070982E+000                  4.9678167753978576E-002                  8.5679391003649207E-043                                        0                 -9.8999999999999986E+001                 -9.9000000000000000E+001                 -9.9000000000000000E+001 
                                     766                  5.7139607352414767E-001                 -6.2252875252947826E-001                  7.2072873093270982E+000                  1.4263545780125888E+000                  1.6768775671346631E+001                  7.1926288654746862E-001                  2.7929799342775791E-001                  1.4391200247734215E-003                  1.0283093546250457E+001                  6.4028885417446210E-002                  1.6180767450447293E-042                                        0                 -9.8999999999999986E+001                 -9.9000000000000000E+001                 -9.9000000000000000E+001 
                                     767                  5.5837617338156609E-001                 -6.3006061696325433E-001                  7.2124796684283821E+000                  1.4374580806181159E+000                  1.6784478426400014E+001                  7.1735021867512971E-001                  2.8121084321952461E-001                  1.4389381053456773E-003                  1.1082539157759063E+001                  8.2801419251090413E-002                  3.0841880192198204E-042                                        0                 -9.8999999999999986E+001                 -9.9000000000000000E+001                 -9.9000000000000000E+001 
                                     768                  5.4532354008733619E-001                 -6.3781992936886944E-001                  7.2177677658756885E+000                  1.4487226994664912E+000                  1.6800399427600851E+001                  7.1532041359052922E-001                  2.8324086792628905E-001                  1.4387184831816668E-003                  1.1960848314337813E+001                  1.0750355813646936E-001                  5.9369807022380458E-042                                        0                 -9.8999999999999986E+001                 -9.9000000000000000E+001                 -9.9000000000000000E+001 
                                     769                  5.3224098255824615E-001                 -6.4582180157480917E-001                  7.2231576801990167E+000                  1.4601624849028700E+000                  1.6816555553762367E+001                  7.1316405067868738E-001                  2.8539749660917324E-001                  1.4384527121393820E-003                  1.2928314860024454E+001                  1.4020875318942078E-001                  1.1549545390978648E-041                                        0                 -9.8999999999999986E+001                 -9.9000000000000000E+001                 -9.9000000000000000E+001 
                                     770                  5.1913144324696026E-001                 -6.5408289260465535E-001                  7.2286561374761593E+000                  1.4717931388059102E+000                  1.6832965592104305E+001                  7.1087062213195396E-001                  2.8769124739085733E-001                  1.4381304771886594E-003                  1.3996930274867813E+001                  1.8378744321195720E-001                  2.2722755205932788E-041                                        0                 -9.8999999999999986E+001                 -9.9000000000000000E+001                 -9.9000000000000000E+001 
                                     771                  5.0599800452610533E-001                 -6.6262162663229274E-001                  7.2342706034329574E+000                  1.4836322816080030E+000                  1.6849650530145354E+001                  7.0842835154531114E-001                  2.9013390934134864E-001                  1.4377391133402195E-003                  1.5180709702538062E+001                  2.4225266359990236E-001                  4.5249295535405404E-041                                        0                 -9.8999999999999986E+001                 -9.9000000000000000E+001                 -9.9000000000000000E+001 
                                     772                  4.9284389549672825E-001                 -6.7145845037934127E-001                  7.2400093919126265E+000                  1.4956997761690520E+000                  1.6866633904834853E+001                  7.0582397012782205E-001                  2.9273876685726247E-001                  1.4372630149155352E-003                  1.6496083531147296E+001                  3.2127920457865938E-001                  9.1288494847695770E-041                                        0                 -9.8999999999999986E+001                 -9.9000000000000000E+001                 -9.9000000000000000E+001 
                                     773                  4.7967249926034528E-001                 -6.8061613871293258E-001                  7.2458817930335213E+000                  1.5080181241162189E+000                  1.6883942222743432E+001                  7.0304243707402669E-001                  2.9552088000225252E-001                  1.4366829237207890E-003                  1.7962365717599980E+001                  4.2898902088770990E-001                  1.8677524624678697E-040                                        0                 -9.8999999999999986E+001                 -9.9000000000000000E+001                 -9.9000000000000000E+001 
                                     774                  4.6648736069862934E-001                 -6.9012015950182504E-001                  7.2504013794714499E+000                  1.5175131171688347E+000                  1.6897254887047737E+001                  7.0083722601655218E-001                  2.9772660252476696E-001                  1.4361714586808016E-003                  1.9182752537194133E+001                  5.3602860069302249E-001                  3.2352871816486997E-040                                        0                 -9.8999999999999986E+001                 -9.9000000000000000E+001                 -9.9000000000000000E+001 
                                     775                  4.5988977775409473E-001                 -6.9501075574513926E-001                  7.2534478194964844E+000                  1.5238848612441616E+000                  1.6906180952205741E+001                  6.9929571162464210E-001                  2.9926851005764127E-001                  1.4357783177165739E-003                  2.0050952195375739E+001                  6.2304520892612458E-001                  4.6819389324376957E-040                                        0                 -9.8999999999999986E+001                 -9.9000000000000000E+001                 -9.9000000000000000E+001 
                                     776                  4.5329219480955990E-001                 -6.9999736168840299E-001                  7.2580687503828392E+000                  1.5335075791792614E+000                  1.6919650383701288E+001                  6.9687667571359213E-001                  3.0168821417056235E-001                  1.4351101158455171E-003                  2.1442075096649361E+001                  7.8301899241471506E-001                  8.1921628799089898E-040                                        0                 -9.8999999999999986E+001                 -9.9000000000000000E+001                 -9.9000000000000000E+001 
                                     777                  4.4009089565571291E-001                 -7.1028352500443015E-001                  7.2644084487942653E+000                  1.5467482167887396E+000                  1.6938130623144801E+001                  6.9344979786890948E-001                  3.0511615020704097E-001                  1.4340519240495508E-003                  2.3514290251674044E+001                  1.0724392443256470E+000                  1.7611581036678011E-039                                        0                 -9.8999999999999986E+001                 -9.9000000000000000E+001                 -9.9000000000000000E+001 
                                     778                  4.2688754598843126E-001                 -7.2101344036442694E-001                  7.2709310274763501E+000                  1.5603680088124718E+000                  1.6957083584816839E+001                  6.8975908977282863E-001                  3.0880815415623636E-001                  1.4327560709350706E-003                  2.5855681534722613E+001                  1.4844580612430809E+000                  3.8607742826399577E-039                                        0                 -9.8999999999999986E+001                 -9.9000000000000000E+001                 -9.9000000000000000E+001 
                                     779                  4.1368642761859342E-001                 -7.3222876280357141E-001                  7.2759829876815321E+000                  1.5709601478781843E+000                  1.6971774165908393E+001                  6.8680992579375177E-001                  3.1175846694254122E-001                  1.4316072637070576E-003                  2.7830666550203496E+001                  1.9115784415931798E+000                  7.0778679412915936E-039                                        0                 -9.8999999999999986E+001                 -9.9000000000000000E+001                 -9.9000000000000000E+001 
                                     780                  4.0708923011667619E-001                 -7.3803071077086402E-001                  7.2793977311763740E+000                  1.5780987610455193E+000                  1.6981654063440924E+001                  6.8473325216113845E-001                  3.1383602310821601E-001                  1.4307247306455384E-003                  2.9245395140958784E+001                  2.2698956824366907E+000                  1.0653708608571384E-038                                        0                 -9.8999999999999986E+001                 -9.9000000000000000E+001                 -9.9000000000000000E+001 
                                     781                  4.0049203261475891E-001                 -7.4397434608606361E-001                  7.2845925086504595E+000                  1.5889281684165504E+000                  1.6996610941952156E+001                  6.8145198726129119E-001                  3.1711879046011443E-001                  1.4292222785943220E-003                  3.1527045924734043E+001                  2.9513236970980548E+000                  1.9821776386382737E-038                                        0                 -9.8999999999999986E+001                 -9.9000000000000000E+001                 -9.9000000000000000E+001 
                                     782                  3.8730907542071114E-001                 -7.5631094818877020E-001                  7.2917746172713178E+000                  1.6039989917396109E+000                  1.7017328444192302E+001                  6.7674989133200725E-001                  3.2182326983902965E-001                  1.4268388289631062E-003                  3.4968731729069063E+001                  4.2523840989184771E+000                  4.6652749861020703E-038                                        0                 -9.8999999999999986E+001                 -9.9000000000000000E+001                 -9.9000000000000000E+001 
                                     783                  3.7414250599803767E-001                 -7.6929941460101614E-001                  7.2992228360914062E+000                  1.6196948483658549E+000                  1.7038784722571759E+001                  6.7160738208179294E-001                  3.2696869373959142E-001                  1.4239241786155876E-003                  3.8901373072679917E+001                  6.2294688717137490E+000                  1.1303253150518911E-037                                        0                 -9.8999999999999986E+001                 -9.9000000000000000E+001                 -9.9000000000000000E+001 
                                     784                  3.6099752411484015E-001                 -7.8301415012094988E-001                  7.3050452540996238E+000                  1.6320908297880792E+000                  1.7055617650150175E+001                  6.6739543468958151E-001                  3.3118325789876313E-001                  1.4213074116553592E-003                  4.2251533080746228E+001                  8.4147548740215861E+000                  2.2540276648668911E-037                                        0                 -9.8999999999999986E+001                 -9.9000000000000000E+001                 -9.9000000000000000E+001 
                                     785                  3.5443855951678443E-001                 -7.9016374629255559E-001                  7.3080122988784835E+000                  1.6384060491573651E+000                  1.7064178002084965E+001                  6.6518300925150642E-001                  3.3339712490295531E-001                  1.4198658455382152E-003                  4.4049712287804354E+001                  9.8122818905089044E+000                  3.2017665651757289E-037                                        0                 -9.8999999999999986E+001                 -9.9000000000000000E+001                 -9.9000000000000000E+001 
                                     786                  3.5115907721775674E-001                 -7.9382120529220745E-001                  7.3095114523878033E+000                  1.6415958448142982E+000                  1.7068499345567250E+001                  6.6404777098170809E-001                  3.3453311961347654E-001                  1.4191094048153774E-003                  4.4981616969414453E+001                  1.0605330701173964E+001                  3.8222990758515121E-037                                        0                 -9.8999999999999986E+001                 -9.9000000000000000E+001                 -9.9000000000000000E+001 
                                     787                  3.4951933606824254E-001                 -7.9567145280623863E-001                  7.3102650238215290E+000                  1.6431988853292170E+000                  1.7070670607041095E+001                  6.6347277110911529E-001                  3.3510850671753978E-001                  1.4187221733449329E-003                  4.5455962267329888E+001                  1.1028058419725504E+001                  4.1780689081723798E-037                                        0                 -9.8999999999999986E+001                 -9.9000000000000000E+001                 -9.9000000000000000E+001 
                                     788                  3.4869946549348541E-001                 -7.9660206833677993E-001                  7.3106428193170618E+000                  1.6440024505471791E+000                  1.7071758923550981E+001                  6.6318342576199119E-001                  3.3539804792390510E-001                  1.4185263141037741E-003                  4.5695257645463435E+001                  1.1246330137963493E+001                  4.3686505943804024E-037                                        0                 -9.8999999999999986E+001                 -9.9000000000000000E+001                 -9.9000000000000000E+001 
                                     789                  3.4828953020610665E-001                 -7.9706876345795130E-001                  7.3108319709146095E+000                  1.6444047442717975E+000                  1.7072303758113232E+001                  6.6303829592827201E-001                  3.3554327624148483E-001                  1.4184278302431519E-003                  4.5815439324422357E+001                  1.1357238823699847E+001                  4.4672962355696937E-037                                        0                 -9.8999999999999986E+001                 -9.9000000000000000E+001                 -9.9000000000000000E+001 
                                     790                  3.4808456256241738E-001                 -7.9730245968416025E-001                  7.3109266103526016E+000                  1.6446060185359315E+000                  1.7072576345083760E+001                  6.6296561833052792E-001                  3.3561600321750878E-001                  1.4183784519632425E-003                  4.5875664140155543E+001                  1.1413142029304533E+001                  4.5174814071116989E-037                                        0                 -9.8999999999999986E+001                 -9.9000000000000000E+001                 -9.9000000000000000E+001 
                                     791                  3.4798207874057263E-001                 -7.9741939519368910E-001                  7.3109897234074026E+000                  1.6447402356746039E+000                  1.7072758116887091E+001                  6.6291712682785131E-001                  3.3566452768761634E-001                  1.4183454845323462E-003                  4.5915860824410835E+001                  1.1450575987966943E+001                  4.5512602829323706E-037                                        0                 -9.8999999999999986E+001                 -9.9000000000000000E+001                 -9.9000000000000000E+001 
                                     792                  3.4787959491872794E-001                 -7.9753638905888968E-001                  7.3110837591398719E+000                  1.6577710942363550E+000                  1.7073030390938349E+001                  6.2591063858623008E-001                  3.7271414601747072E-001                  1.3752153962991454E-003                  4.3692160652253754E+001                  1.7848468956198566E+001                  6.6839448548933130E-037                                        0                 -9.8999999999999986E+001                 -9.9000000000000000E+001                 -9.9000000000000000E+001 
                                     793                  3.4767513977868153E-001                 -7.9776316165309447E-001                  7.3112077749812405E+000                  1.6580392381830102E+000                  1.7073393399099022E+001                  6.2582222956380451E-001                  3.7280256920132743E-001                  1.3752012348680065E-003                  4.3767253363570738E+001                  1.7950035205258299E+001                  6.7816833979644717E-037                                        0                 -9.8999999999999986E+001                 -9.9000000000000000E+001                 -9.9000000000000000E+001 
                                     794                  3.4747068463863467E-001                 -7.9799014974036930E-001                  7.3113939088737352E+000                  1.6584416446720365E+000                  1.7073938160378571E+001                  6.2568936645856921E-001                  3.7293545362241720E-001                  1.3751799190135916E-003                  4.3880131762288713E+001                  1.8103544487857793E+001                  6.9310553891115617E-037                                        0                 -9.8999999999999986E+001                 -9.9000000000000000E+001                 -9.9000000000000000E+001 
                                     795                  3.4706177435854280E-001                 -7.9844477434828265E-001                  7.3117666449250871E+000                  1.6592474186166113E+000                  1.7075028911068959E+001                  6.2542269079562907E-001                  3.7320217219455992E-001                  1.3751370098109561E-003                  4.4106807117280439E+001                  1.8414854317692228E+001                  7.2400988418408391E-037                                        0                 -9.8999999999999986E+001                 -9.9000000000000000E+001                 -9.9000000000000000E+001 
                                     796                  3.4624395379835871E-001                 -7.9935663052214689E-001                  7.3125139995956561E+000                  1.6608629278449893E+000                  1.7077215360252119E+001                  6.2488524240805476E-001                  3.7373970760013986E-001                  1.3750499918053771E-003                  4.4563827873332812E+001                  1.9055056163930093E+001                  7.9017268089360754E-037                                        0                 -9.8999999999999986E+001                 -9.9000000000000000E+001                 -9.9000000000000000E+001 
                                     797                  3.4460831267799164E-001                 -8.0119087743509632E-001                  7.3140163157649001E+000                  1.6641101461651515E+000                  1.7081608336114101E+001                  6.2379325121118867E-001                  3.7483187783590649E-001                  1.3748709529048941E-003                  4.5492621972198123E+001                  2.0409208001510088E+001                  9.4195819570842099E-037                                        0                 -9.8999999999999986E+001                 -9.9000000000000000E+001                 -9.9000000000000000E+001 
                                     798                  3.4133703043725888E-001                 -8.0490238384380208E-001                  7.3160424649415381E+000                  1.6685011439746338E+000                  1.7087540825610848E+001                  6.2229622415880903E-001                  3.7632915531893635E-001                  1.3746205222546770E-003                  4.6767744957571104E+001                  2.2387818431147188E+001                  1.1937279919256651E-036                                        0                 -9.8999999999999986E+001                 -9.9000000000000000E+001                 -9.9000000000000000E+001 
                                     799                  3.3806574819652624E-001                 -8.0867273343918500E-001                  7.3175798789083739E+000                  1.6718412370769828E+000                  1.7092048770676946E+001                  6.2114431697443084E-001                  3.7748125856375581E-001                  1.3744244618133505E-003                  4.7752574237801589E+001                  2.4014948824960936E+001                  1.4286325557327329E-036                                        0                 -9.8999999999999986E+001                 -9.9000000000000000E+001                 -9.9000000000000000E+001 
                                     800                  3.3643010707615983E-001                 -8.1058055574301091E-001                  7.3183526751312122E+000                  1.6735200723891925E+000                  1.7094313876636793E+001                  6.2055951108423824E-001                  3.7806616504151497E-001                  1.3743238742467412E-003                  4.8252813034325257E+001                  2.4876382252975450E+001                  1.5635701997830392E-036                                        0                 -9.8999999999999986E+001                 -9.9000000000000000E+001                 -9.9000000000000000E+001 
                                     801                  3.3561228651597674E-001                 -8.1154024959478732E-001                  7.3188691728734394E+000                  1.6746417161221512E+000                  1.7095827055155258E+001                  6.2016644209263883E-001                  3.7845930202028794E-001                  1.3742558870732946E-003                  4.8589021637622814E+001                  2.5469026706433826E+001                  1.6607611013509177E-036                                        0                 -9.8999999999999986E+001                 -9.9000000000000000E+001                 -9.9000000000000000E+001 
                                     802                  3.3479446595579437E-001                 -8.1250384784003016E-001                  7.3196406112411232E+000                  1.6888367632637926E+000                  1.7098097045104712E+001                  5.8486054392296916E-001                  4.1377456666562229E-001                  1.3648894114085541E-003                  4.6341422258175839E+001                  2.7675006372013890E+001                  2.5057957227812568E-036                                        0                 -9.8999999999999986E+001                 -9.9000000000000000E+001                 -9.9000000000000000E+001 
                                     803                  3.3316368093922727E-001                 -8.1438186615120822E-001                  7.3206639459195291E+000                  1.6910789968032700E+000                  1.7101139796694142E+001                  5.8416635793266969E-001                  4.1446878525598130E-001                  1.3648568113490134E-003                  4.6975709868672951E+001                  2.8973266838190511E+001                  2.8204674439190113E-036                                        0                 -9.8999999999999986E+001                 -9.9000000000000000E+001                 -9.9000000000000000E+001 
                                     804                  3.3153289592266016E-001                 -8.1627470581383010E-001                  7.3222064096477038E+000                  1.6944559684222398E+000                  1.7105721056904208E+001                  5.8310551084154694E-001                  4.1552968308019322E-001                  1.3648060782598392E-003                  4.7940995748347191E+001                  3.1043403881125400E+001                  3.3706844036578124E-036                                        0                 -9.8999999999999986E+001                 -9.9000000000000000E+001                 -9.9000000000000000E+001 
                                     805                  3.2827132588952534E-001                 -8.2010598186023820E-001                  7.3253236044924446E+000                  1.7012812164582904E+000                  1.7114970694942290E+001                  5.8090659689933710E-001                  4.1772871790636040E-001                  1.3646851943025506E-003                  4.9925415224442311E+001                  3.5678407116644671E+001                  4.8306912095650225E-036                                        0                 -9.8999999999999986E+001                 -9.9000000000000000E+001                 -9.9000000000000000E+001 
                                     806                  3.2174818582325798E-001                 -8.2795895277275056E-001                  7.3295657055834154E+000                  1.7135135733151809E+000                  1.7127619481590081E+001                  5.7003229148574153E-001                  4.2860408515953563E-001                  1.3636233547228427E-003                  5.1925719385760743E+001                  4.3105185922172723E+001                  8.4375610142936507E-036                                        0                 -9.8999999999999986E+001                 -9.9000000000000000E+001                 -9.9000000000000000E+001 
                                     807                  3.1524765524885412E-001                 -8.3599656547199075E-001                  7.3338717688704245E+000                  1.7315946848559454E+000                  1.7140555110863431E+001                  5.4420349559307091E-001                  4.5443450506430533E-001                  1.3619993426237098E-003                  5.2256721846925771E+001                  5.1686614308899713E+001                  1.6793140893707530E-035                                        0                 -9.8999999999999986E+001                 -9.9000000000000000E+001                 -9.9000000000000000E+001 
                                     808                  3.0874712467445004E-001                 -8.4414981319775972E-001                  7.3371508418202698E+000                  1.7428488009251017E+000                  1.7150518140398987E+001                  5.3174485475750666E-001                  4.6689361211322788E-001                  1.3615331292654576E-003                  5.3134114497262068E+001                  5.9328898641008585E+001                  2.6571285230672751E-035                                        0                 -9.8999999999999986E+001                 -9.9000000000000000E+001                 -9.9000000000000000E+001 
                                     809                  3.0550984271408949E-001                 -8.4827813246321238E-001                  7.3387991381364932E+000                  1.7485421996681871E+000                  1.7155537556961711E+001                  5.2546322742712626E-001                  4.7317531755386821E-001                  1.3614550190055308E-003                  5.3530857848018499E+001                  6.3521546568909820E+001                  3.3436090206331267E-035                                        0                 -9.8999999999999986E+001                 -9.9000000000000000E+001                 -9.9000000000000000E+001 
                                     810                  3.0389120173390827E-001                 -8.5035962845873569E-001                  7.3396260386140320E+000                  1.7523796957322246E+000                  1.7158060299177944E+001                  5.1979708998734964E-001                  4.7884152288620352E-001                  1.3613871264468447E-003                  5.3395067389652432E+001                  6.5571487055666367E+001                  3.8283212094300041E-035                                        0                 -9.8999999999999986E+001                 -9.9000000000000000E+001                 -9.9000000000000000E+001 
                                     811                  3.0308188124381724E-001                 -8.5140241957043994E-001                  7.3400397996696194E+000                  1.7551310026156286E+000                  1.7159324926800394E+001                  5.1483915741727859E-001                  4.8379951618623285E-001                  1.3613263964885602E-003                  5.3043184722467622E+001                  6.6484130726853493E+001                  4.1663998615898031E-035                                        0                 -9.8999999999999986E+001                 -9.9000000000000000E+001                 -9.9000000000000000E+001 
                                     812                  3.0267722099877120E-001                 -8.5192332906553414E-001                  7.3402465970275586E+000                  1.7572255404448656E+000                  1.7159958048661810E+001                  5.1052845428655258E-001                  4.8811027438613419E-001                  1.3612713273132293E-003                  5.2622436659622203E+001                  6.6825467871283109E+001                  4.4099515347437082E-035                                        0                 -9.8999999999999986E+001                 -9.9000000000000000E+001                 -9.9000000000000000E+001 
                                     813                  3.0247489087624835E-001                 -8.5218323077323488E-001                  7.3403842892542288E+000                  1.7601380311697237E+000                  1.7160380345238117E+001                  5.0380088732063155E-001                  4.9483793214900468E-001                  1.3611805303637148E-003                  5.1828053857505950E+001                  6.6799730314701179E+001                  4.7214283163354185E-035                                        0                 -9.8999999999999986E+001                 -9.9000000000000000E+001                 -9.9000000000000000E+001 
                                     814                  3.0227256075372555E-001                 -8.5244185811526529E-001                  7.3405895972995410E+000                  1.7706332950321317E+000                  1.7161013142915458E+001                  4.7843637855957716E-001                  5.2020279674740655E-001                  1.3608246930163492E-003                  4.8553995601065324E+001                  6.5688466254157390E+001                  5.8784053787654621E-035                                        0                 -9.8999999999999986E+001                 -9.9000000000000000E+001                 -9.9000000000000000E+001 
                                     815                  3.0186882264663462E-001                 -8.5294694230624424E-001                  7.3408614636471121E+000                  1.7712535218039895E+000                  1.7161857593642974E+001                  4.7828128272199699E-001                  5.2035787796832089E-001                  1.3608393096821159E-003                  4.8705577517855296E+001                  6.6481598253155028E+001                  6.0613198339282073E-035                                        0                 -9.8999999999999986E+001                 -9.9000000000000000E+001                 -9.9000000000000000E+001 
                                     816                  3.0146508453954307E-001                 -8.5345307030858975E-001                  7.3412697469268879E+000                  1.7721845905764628E+000                  1.7163125399139112E+001                  4.7804818085461959E-001                  5.2059097030056500E-001                  1.3608488448153544E-003                  4.8933620364787579E+001                  6.7689409137929744E+001                  6.3466876933802850E-035                                        0                 -9.8999999999999986E+001                 -9.9000000000000000E+001                 -9.9000000000000000E+001 
                                     817                  3.0065760832536004E-001                 -8.5446847912298196E-001                  7.3420883834609967E+000                  1.7740507926177864E+000                  1.7165666806992594E+001                  4.7758023835387897E-001                  5.2105889707607189E-001                  1.3608645700491362E-003                  4.9392398998592306E+001                  7.0173171115387888E+001                  6.9596986904698467E-035                                        0                 -9.8999999999999986E+001                 -9.9000000000000000E+001                 -9.9000000000000000E+001 
                                     818                  2.9904265589699447E-001                 -8.5651205365636618E-001                  7.3437339923179650E+000                  1.7778064556064239E+000                  1.7170773195149433E+001                  4.7662114344637485E-001                  5.2201796937373701E-001                  1.3608871798881372E-003                  5.0318506257540761E+001                  7.5438627567522232E+001                  8.3765971399854211E-035                                        0                 -9.8999999999999986E+001                 -9.9000000000000000E+001                 -9.9000000000000000E+001 
                                     819                  2.9581275104026261E-001                 -8.6065136365906980E-001                  7.3459534787548311E+000                  1.7829017664890969E+000                  1.7177673813044791E+001                  4.7528358648621671E-001                  5.2335556999068089E-001                  1.3608435231023952E-003                  5.1576756207020765E+001                  8.3147572993477112E+001                  1.0755512426620522E-034                                        0                 -9.8999999999999986E+001                 -9.9000000000000000E+001                 -9.9000000000000000E+001 
                                     820                  2.9258284618353109E-001                 -8.6486209161889571E-001                  7.3481973569361125E+000                  1.7880620206370843E+000                  1.7184656476518292E+001                  4.7392296021048452E-001                  5.2471616237587959E-001                  1.3608774136358859E-003                  5.2864303998673769E+001                  9.1748531146298248E+001                  1.3843771534132093E-034                                        0                 -9.8999999999999986E+001                 -9.9000000000000000E+001                 -9.9000000000000000E+001 
                                     821                  2.8935294132679945E-001                 -8.6914698297581738E-001                  7.3498936570066729E+000                  1.7960247650185774E+000                  1.7189964427220204E+001                  4.6295726009962479E-001                  5.3568194322924534E-001                  1.3607966711298713E-003                  5.2292905787679523E+001                  9.7693289666403516E+001                  1.8056576998856469E-034                                        0                 -9.8999999999999986E+001                 -9.9000000000000000E+001                 -9.9000000000000000E+001 
                                     822                  2.8774167745024992E-001                 -8.7129289589930503E-001                  7.3510254619156408E+000                  1.8003006835155124E+000                  1.7193511790672623E+001                  4.5824780342010885E-001                  5.4039142179440247E-001                  1.3607747854886831E-003                  5.2288756096821075E+001                  1.0216352851267030E+002                  2.1129786705338620E-034                                        0                 -9.8999999999999986E+001                 -9.9000000000000000E+001                 -9.9000000000000000E+001 
                                     823                  2.8613041357370039E-001                 -8.7344959748899542E-001                  7.3527281311332899E+000                  1.8067864488934529E+000                  1.7198854217445042E+001                  4.5109038933338691E-001                  5.4754886265245095E-001                  1.3607480141621942E-003                  5.2238175393885427E+001                  1.0924105448158674E+002                  2.6767325309288733E-034                                        0                 -9.8999999999999986E+001                 -9.9000000000000000E+001                 -9.9000000000000000E+001 
                                     824                  2.8290788582060045E-001                 -8.7779545858636732E-001                  7.3550099276230458E+000                  1.8156049417889804E+000                  1.7206061030578692E+001                  4.4139143530612546E-001                  5.5724784092228086E-001                  1.3607237715936860E-003                  5.2094945757786405E+001                  1.1943978725194891E+002                  3.6751608968588413E-034                                        0                 -9.8999999999999986E+001                 -9.9000000000000000E+001                 -9.9000000000000000E+001 
                                     825                  2.7970198240391309E-001                 -8.8216140781302088E-001                  7.3573018147217688E+000                  1.8241251181399576E+000                  1.7213337010446018E+001                  4.3264292858922737E-001                  5.6599641780279542E-001                  1.3606536079772136E-003                  5.2055810609057396E+001                  1.3074438534328127E+002                  5.0123802224427093E-034                                        0                 -9.8999999999999986E+001                 -9.9000000000000000E+001                 -9.9000000000000000E+001 
                                     826                  2.7649607898722572E-001                 -8.8657433191827884E-001                  7.3590348588254439E+000                  1.8299701270293500E+000                  1.7218872984459274E+001                  4.2758012117905458E-001                  5.7105922840293077E-001                  1.3606504180145862E-003                  5.2265985980133230E+001                  1.4025855067487126E+002                  6.2647276440803729E-034                                        0                 -9.8999999999999986E+001                 -9.9000000000000000E+001                 -9.9000000000000000E+001 
                                     827                  2.7489312727888204E-001                 -8.8880186762351898E-001                  7.3601934753863265E+000                  1.8347606225102535E+000                  1.7222578670524914E+001                  4.2214308821106650E-001                  5.7649628171968048E-001                  1.3606300692530215E-003                  5.2022235829866965E+001                  1.4657939580762510E+002                  7.3788709700811466E-034                                        0                 -9.8999999999999986E+001                 -9.9000000000000000E+001                 -9.9000000000000000E+001 
                                     828                  2.7329017557053814E-001                 -8.9103920485729182E-001                  7.3613554320855616E+000                  1.8397363715206818E+000                  1.7226307400094296E+001                  4.1635132121041424E-001                  5.8228806737554706E-001                  1.3606114140387593E-003                  5.1696007508938962E+001                  1.5311132577303337E+002                  8.7144329641865131E-034                                        0                 -9.8999999999999986E+001                 -9.9000000000000000E+001                 -9.9000000000000000E+001 
                                     829                  2.7168722386219424E-001                 -8.9328557452657431E-001                  7.3625194332277690E+000                  1.8466670618953740E+000                  1.7230059299887635E+001                  4.0610791928836365E-001                  5.9253150838592406E-001                  1.3605723257122948E-003                  5.0523589632957389E+001                  1.5891176236531604E+002                  1.0621840825331975E-033                                        0                 -9.8999999999999986E+001                 -9.9000000000000000E+001                 -9.9000000000000000E+001 
                                     830                  2.7008427215385028E-001                 -8.9553094574473080E-001                  7.3642569898972772E+000                  1.8601358186710379E+000                  1.7235687623637414E+001                  3.8398278225955584E-001                  6.1465673268569820E-001                  1.3604850547459524E-003                  4.7416119031523678E+001                  1.6606074213122278E+002                  1.4949846044436216E-033                                        0                 -9.8999999999999986E+001                 -9.9000000000000000E+001                 -9.9000000000000000E+001 
                                     831                  2.6689697019979730E-001                 -8.9996010581780350E-001                  7.3659983343716648E+000                  1.8648556411548187E+000                  1.7241394889919444E+001                  3.8209886164853324E-001                  6.1654064124493424E-001                  1.3604971065325211E-003                  4.8057708347531026E+001                  1.7889230533140250E+002                  1.8267092727606590E-033                                        0                 -9.8999999999999986E+001                 -9.9000000000000000E+001                 -9.9000000000000000E+001 
                                     832                  2.6530331922277089E-001                 -9.0220187321570133E-001                  7.3671634773406049E+000                  1.8680211133778082E+000                  1.7245213819182528E+001                  3.8082805541596570E-001                  6.1781141926415384E-001                  1.3605253198805123E-003                  4.8485557871097299E+001                  1.8800432512010582E+002                  2.0888086977982445E-033                                        0                 -9.8999999999999986E+001                 -9.9000000000000000E+001                 -9.9000000000000000E+001 
                                     833                  2.6370966824574427E-001                 -9.0446223626975430E-001                  7.3686237224627380E+000                  1.8720019427277275E+000                  1.7250004601880882E+001                  3.7922230088062020E-001                  6.1941726976579881E-001                  1.3604293535809386E-003                  4.9020238436149029E+001                  2.0002649794303281E+002                  2.4710843814609388E-033                                        0                 -9.8999999999999986E+001                 -9.9000000000000000E+001                 -9.9000000000000000E+001 
                                     834                  2.6132436534568859E-001                 -9.0788093321183683E-001                  7.3703860188952790E+000                  1.8768388113209973E+000                  1.7255807459176033E+001                  3.7726974146175085E-001                  6.2136981358707466E-001                  1.3604449511744887E-003                  4.9665677754534521E+001                  2.1561499882482403E+002                  3.0269932816283216E-033                                        0                 -9.8999999999999986E+001                 -9.9000000000000000E+001                 -9.9000000000000000E+001 
                                     835                  2.5893906244563292E-001                 -9.1134307407172588E-001                  7.3721589814847333E+000                  1.8817391683347939E+000                  1.7261664498124130E+001                  3.7528416741839832E-001                  6.2335537250124262E-001                  1.3604600803590605E-003                  5.0313588236196757E+001                  2.3250266177605772E+002                  3.7129834060495281E-033                                        0                 -9.8999999999999986E+001                 -9.9000000000000000E+001                 -9.9000000000000000E+001 
                                     836                  2.5655375954557746E-001                 -9.1484976390692885E-001                  7.3734971393001301E+000                  1.8854700208663304E+000                  1.7266106704408248E+001                  3.7377035057513619E-001                  6.2486918201808905E-001                  1.3604674067747569E-003                  5.0802361834719619E+001                  2.4610818790965237E+002                  4.3325285786344293E-033                                        0                 -9.8999999999999986E+001                 -9.9000000000000000E+001                 -9.9000000000000000E+001 
                                     837                  2.5536110809554929E-001                 -9.1662011736199411E-001                  7.3743912956759301E+000                  1.8879689234639851E+000                  1.7269077411532709E+001                  3.7275523871422694E-001                  6.2588427753797782E-001                  1.3604837477951826E-003                  5.1128654493713135E+001                  2.5563475004600400E+002                  4.8031645754069606E-033                                        0                 -9.8999999999999986E+001                 -9.9000000000000000E+001                 -9.9000000000000000E+001 
                                     838                  2.5416845664552135E-001                 -9.1840204253355240E-001                  7.3754327103443948E+000                  1.8951869518732853E+000                  1.7272549586620460E+001                  3.6202091623198251E-001                  6.3661868655280418E-001                  1.3603972152133048E-003                  4.9479890121578400E+001                  2.6294618016560759E+002                  5.7823272061452792E-033                                        0                 -9.8999999999999986E+001                 -9.9000000000000000E+001                 -9.9000000000000000E+001 
                                     839                  2.5258515279946359E-001                 -9.2076215746657197E-001                  7.3766208295257556E+000                  1.9008976228178158E+000                  1.7276537809946227E+001                  3.5551725324683120E-001                  6.4312238740369998E-001                  1.3603593494688759E-003                  4.8788632593824758E+001                  2.7407545934603149E+002                  6.8686459236005269E-033                                        0                 -9.8999999999999986E+001                 -9.9000000000000000E+001                 -9.9000000000000000E+001 
                                     840                  2.5100184895340577E-001                 -9.2312978875453811E-001                  7.3784045781287633E+000                  1.9079137563651749E+000                  1.7282544166784430E+001                  3.4928145939193023E-001                  6.4935820303379166E-001                  1.3603375742781143E-003                  4.8472760303252478E+001                  2.9337409325650617E+002                  8.6824899862064326E-033                                        0                 -9.8999999999999986E+001                 -9.9000000000000000E+001                 -9.9000000000000000E+001 
                                     841                  2.4783524126129106E-001                 -9.2790538857476013E-001                  7.3801977100899068E+000                  1.9143374793868269E+000                  1.7288655566223742E+001                  3.4459035032468577E-001                  6.5404934610151488E-001                  1.3603035737993485E-003                  4.8479065957315555E+001                  3.1499924953620524E+002                  1.0874645240495540E-032                                        0                 -9.8999999999999986E+001                 -9.9000000000000000E+001                 -9.9000000000000000E+001 
                                     842                  2.4625193741523321E-001                 -9.3031734922544163E-001                  7.3813919546408293E+000                  1.9224599574922809E+000                  1.7292746426964698E+001                  3.3323992108690437E-001                  6.6539979429659912E-001                  1.3602846164965099E-003                  4.6649077141884121E+001                  3.2517661332484874E+002                  1.3350487337588232E-032                                        0                 -9.8999999999999986E+001                 -9.9000000000000000E+001                 -9.9000000000000000E+001 
                                     843                  2.4466863356917543E-001                 -9.3272434984900288E-001                  7.3831651962920919E+000                  1.9407179595480619E+000                  1.7298877263568425E+001                  3.0379351771435109E-001                  6.9484629558402033E-001                  1.3601867016286295E-003                  4.1123739325151227E+001                  3.3148021496099238E+002                  1.9655596179425505E-032                                        0                 -9.8999999999999986E+001                 -9.9000000000000000E+001                 -9.9000000000000000E+001 
                                     844                  2.4152493836997704E-001                 -9.3742042392115277E-001                  7.3855142454172826E+000                  1.9473882881039588E+000                  1.7307144694004467E+001                  3.0213557849944622E-001                  6.9650422669131873E-001                  1.3601948092349936E-003                  4.1929611625018502E+001                  3.6667333341854379E+002                  2.5640557392770735E-032                                        0                 -9.8999999999999986E+001                 -9.9000000000000000E+001                 -9.9000000000000000E+001 
                                     845                  2.3838124317077866E-001                 -9.4219874724919028E-001                  7.3872843195669491E+000                  1.9525177418569826E+000                  1.7313433667543553E+001                  3.0080561888954505E-001                  6.9783423580250314E-001                  1.3601453079518100E-003                  4.2530024299821825E+001                  3.9554836834233544E+002                  3.1356252422136165E-032                                        0                 -9.8999999999999986E+001                 -9.9000000000000000E+001                 -9.9000000000000000E+001 
                                     846                  2.3680939557118033E-001                 -9.4461938150849378E-001                  7.3884654532307090E+000                  1.9559696377818576E+000                  1.7317641433934106E+001                  2.9988603843124834E-001                  6.9875381048026031E-001                  1.3601510884913015E-003                  4.2926818754364824E+001                  4.1606778344186358E+002                  3.5874964794649035E-032                                        0                 -9.8999999999999986E+001                 -9.9000000000000000E+001                 -9.9000000000000000E+001 
                                     847                  2.3523754797158178E-001                 -9.4706152600962978E-001                  7.3896463504752328E+000                  1.9624096964404671E+000                  1.7321875008578687E+001                  2.9286774431610935E-001                  7.0577214067847782E-001                  1.3601150054127764E-003                  4.1913220328541968E+001                  4.3170137184148172E+002                  4.2721585839857025E-032                                        0                 -9.8999999999999986E+001                 -9.9000000000000000E+001                 -9.9000000000000000E+001 
                                     848                  2.3366570037198350E-001                 -9.4950870231395068E-001                  7.3908251868738644E+000                  1.9683949692594693E+000                  1.7326134304299689E+001                  2.8689044846122591E-001                  7.1174946030958763E-001                  1.3600912291864553E-003                  4.1122085245011270E+001                  4.4877089987999568E+002                  5.0524297697070659E-032                                        0                 -9.8999999999999986E+001                 -9.9000000000000000E+001                 -9.9000000000000000E+001 
                                     849                  2.3209385277238495E-001                 -9.5196359810578557E-001                  7.3925791066169522E+000                  1.9784032893615284E+000                  1.7332511993123525E+001                  2.7593247287046191E-001                  7.2270747738042374E-001                  1.3600497491144115E-003                  3.9433047955576527E+001                  4.7270227307970868E+002                  6.5731350083773220E-032                                        0                 -9.8999999999999986E+001                 -9.9000000000000000E+001                 -9.9000000000000000E+001 
                                     850                  2.2897542475835828E-001                 -9.5684493756868050E-001                  7.3949009434410051E+000                  1.9907595804423128E+000                  1.7341113773366907E+001                  2.6372728566756992E-001                  7.3491270489179816E-001                  1.3600094406318597E-003                  3.7681684660600553E+001                  5.0842676857823562E+002                  9.1810235770831836E-032                                        0                 -9.8999999999999986E+001                 -9.9000000000000000E+001                 -9.9000000000000000E+001 
                                     851                  2.2585699674433160E-001                 -9.6175250020450942E-001                  7.3966338894430690E+000                  1.9995916994408629E+000                  1.7347656447605885E+001                  2.5574078070956613E-001                  7.4289920995147252E-001                  1.3600093389614099E-003                  3.6603949160501607E+001                  5.3792706910642278E+002                  1.1705066964037591E-031                                        0                 -9.8999999999999986E+001                 -9.9000000000000000E+001                 -9.9000000000000000E+001 
                                     852                  2.2429778273731835E-001                 -9.6421899592852367E-001                  7.3977848658289389E+000                  2.0054056048574687E+000                  1.7352032317996237E+001                  2.5063974137138173E-001                  7.4800030512930504E-001                  1.3599534993131712E-003                  3.5919138365898483E+001                  5.5848446872223860E+002                  1.3739710361048766E-031                                        0                 -9.8999999999999986E+001                 -9.9000000000000000E+001                 -9.9000000000000000E+001 
                                     853                  2.2273856873030512E-001                 -9.6669459070926778E-001                  7.3995045157006807E+000                  2.0137223155255604E+000                  1.7358617167438478E+001                  2.4388395727237103E-001                  7.5475614570772487E-001                  1.3598970199041327E-003                  3.5077665713837945E+001                  5.9177373884942028E+002                  1.7368497905912361E-031                                        0                 -9.8999999999999986E+001                 -9.9000000000000000E+001                 -9.9000000000000000E+001 
                                     854                  2.1962014071627842E-001                 -9.7167845112738582E-001                  7.4012091314459587E+000                  2.0212675829030746E+000                  1.7365291948049194E+001                  2.3887114892785469E-001                  7.5976895851865056E-001                  1.3598925534947792E-003                  3.4629328486351845E+001                  6.2965116566607617E+002                  2.1699598918260633E-031                                        0                 -9.8999999999999986E+001                 -9.9000000000000000E+001                 -9.9000000000000000E+001 
                                     855                  2.1807481214445643E-001                 -9.7416922184660659E-001                  7.4023331428786818E+000                  2.0269350150053040E+000                  1.7369729003359904E+001                  2.3432163742162979E-001                  7.6431850471347174E-001                  1.3598578648984505E-003                  3.4022627139407355E+001                  6.5333512853233026E+002                  2.5340891409990031E-031                                        0                 -9.8999999999999986E+001                 -9.9000000000000000E+001                 -9.9000000000000000E+001 
                                     856                  2.1652948357263466E-001                 -9.7667045560246768E-001                  7.4040089208240527E+000                  2.0364517442564680E+000                  1.7376405420230586E+001                  2.2567213932642446E-001                  7.7296803025081984E-001                  1.3598304227556701E-003                  3.2645601899697333E+001                  6.8585525911393370E+002                  3.2335996375115335E-031                                        0                 -9.8999999999999986E+001                 -9.9000000000000000E+001                 -9.9000000000000000E+001 
                                     857                  2.1343882642899201E-001                 -9.8169315358060749E-001                  7.4062159582268263E+000                  2.0490615665508787E+000                  1.7385430994086196E+001                  2.1470987782862974E-001                  7.8393033579124527E-001                  1.3597863801250165E-003                  3.0905017012081043E+001                  7.3101538005319571E+002                  4.4534916427556306E-031                                        0                 -9.8999999999999986E+001                 -9.9000000000000000E+001                 -9.9000000000000000E+001 
                                     858                  2.1034816928534919E-001                 -9.8674486583154331E-001                  7.4083896744310458E+000                  2.0619042762142592E+000                  1.7394556797778769E+001                  2.0370944387308668E-001                  7.9493081287095091E-001                  1.3597432559624423E-003                  2.9107100648098370E+001                  7.7631079153094367E+002                  6.1242245372032256E-031                                        0                 -9.8999999999999986E+001                 -9.9000000000000000E+001                 -9.9000000000000000E+001 
                                     859                  2.0725751214170657E-001                 -9.9182402666010849E-001                  7.4105135750666831E+000                  2.0749426232383481E+000                  1.7403737212074773E+001                  1.9269135173508534E-001                  8.0594894682527429E-001                  1.3597014396403706E-003                  2.7257068507666506E+001                  8.2065557008569465E+002                  8.3936277294636277E-031                                        0                 -9.8999999999999986E+001                 -9.9000000000000000E+001                 -9.9000000000000000E+001 
                                     860                  2.0419729286568797E-001                 -9.9687826420634340E-001                  7.4125819404621920E+000                  2.0881716622927686E+000                  1.7412968420773179E+001                  1.8167273264378450E-001                  8.1696760623864795E-001                  1.3596611175675788E-003                  2.5364740616087001E+001                  8.6316308259859466E+002                  1.1458648067546149E-030                                        0                 -9.8999999999999986E+001                 -9.9000000000000000E+001                 -9.9000000000000000E+001 
                                     861                  2.0113707358966917E-001                 -1.0019554558141703E+000                  7.4145996479397729E+000                  2.1016292792992410E+000                  1.7422295170725146E+001                  1.7066113028191510E-001                  8.2797924745106155E-001                  1.3596222670233526E-003                  2.3442183208698097E+001                  9.0322587514100417E+002                  1.5591903844012127E-030                                        0                 -9.8999999999999986E+001                 -9.9000000000000000E+001                 -9.9000000000000000E+001 
                                     862                  1.9807685431365038E-001                 -1.0070537988446695E+000                  7.4165613760157720E+000                  2.1153079285765033E+000                  1.7431716047562514E+001                  1.5968053146027567E-001                  8.3895988351902762E-001                  1.3595850206966631E-003                  2.1502218858827810E+001                  9.3980282989473994E+002                  2.1133515185956970E-030                                        0                 -9.8999999999999986E+001                 -9.9000000000000000E+001                 -9.9000000000000000E+001 
                                     863                  1.9501663503763159E-001                 -1.0121714925263503E+000                  7.4184514329697180E+000                  2.1291478162644548E+000                  1.7441178205177717E+001                  1.4877314686962292E-001                  8.4986730345587225E-001                  1.3595496745048008E-003                  1.9559697213546649E+001                  9.7136931576578274E+002                  2.8475088937505095E-030                                        0                 -9.8999999999999986E+001                 -9.9000000000000000E+001                 -9.9000000000000000E+001 
                                     864                  1.9198970040062827E-001                 -1.0172505171049784E+000                  7.4202659259260058E+000                  2.1431299336311360E+000                  1.7450676616099212E+001                  1.3797055187154836E-001                  8.6066993184036011E-001                  1.3595162880915002E-003                  1.7631363877751170E+001                  9.9677365879413117E+002                  3.8115434073290211E-030                                        0                 -9.8999999999999986E+001                 -9.9000000000000000E+001                 -9.9000000000000000E+001 
                                     865                  1.8896276576362500E-001                 -1.0223445011295793E+000                  7.4228798773362090E+000                  2.1642996492569884E+000                  1.7464975652483275E+001                  1.2199488982708637E-001                  8.7664564090132269E-001                  1.3594692715909185E-003                  1.4796886268357412E+001                  1.0220131243682866E+003                  5.8476999976602361E-030                                        0                 -9.8999999999999986E+001                 -9.9000000000000000E+001                 -9.9000000000000000E+001 
                                     866                  1.8290889648961614E-001                 -1.0325735308696617E+000                  7.4260416596140653E+000                  2.1930847727977656E+000                  1.7484364225359592E+001                  1.0137043860138109E-001                  8.9727014739534550E-001                  1.3594140032734403E-003                  1.1236001325772747E+001                  1.0232882249863856E+003                  1.0035837721826728E-029                                        0                 -9.8999999999999986E+001                 -9.9000000000000000E+001                 -9.9000000000000000E+001 
                                     867                  1.7692768769136150E-001                 -1.0427213312817953E+000                  7.4288539701160552E+000                  2.2221277927899470E+000                  1.7503934105253794E+001                  8.1758671324625221E-002                  9.1688196229450469E-001                  1.3593663808700862E-003                  8.0396327941151551E+000                  9.8202148245591650E+002                  1.6609595355126872E-029                                        0                 -9.8999999999999986E+001                 -9.9000000000000000E+001                 -9.9000000000000000E+001 
                                     868                  1.7094647889310546E-001                 -1.0529030860747852E+000                  7.4306989065050049E+000                  2.2424671598140318E+000                  1.7518837952113770E+001                  7.0381990483880205E-002                  9.2825867441134524E-001                  1.3593351047745950E-003                  6.3635964259310951E+000                  9.5041049538057416E+002                  2.3184866776142328E-029                                        0                 -9.8999999999999986E+001                 -9.9000000000000000E+001                 -9.9000000000000000E+001 
                                     869                  1.6799547137279663E-001                 -1.0579564995283004E+000                  7.4318309098569317E+000                  2.2556676998009313E+000                  1.7528692199818551E+001                  6.3473771036881274E-002                  9.3516691271006269E-001                  1.3593162530560754E-003                  5.4010996631837340E+000                  9.2255361991046868E+002                  2.8561855406948083E-029                                        0                 -9.8999999999999986E+001                 -9.9000000000000000E+001                 -9.9000000000000000E+001 
                                     870                  1.6504446385248789E-001                 -1.0630331728620768E+000                  7.4326143952946992E+000                  2.2651983431287666E+000                  1.7536150545375399E+001                  5.9100189794974042E-002                  9.3954050662312905E-001                  1.3593035818969534E-003                  4.8268376389949177E+000                  9.0471685287202195E+002                  3.3028938373105401E-029                                        0                 -9.8999999999999986E+001                 -9.9000000000000000E+001                 -9.9000000000000000E+001 
                                     871                  1.6356896009233360E-001                 -1.0655827881438711E+000                  7.4331140749765865E+000                  2.2721114777752982E+000                  1.7541123755631588E+001                  5.5391412015154511E-002                  9.4324929270411950E-001                  1.3592952807259806E-003                  4.3354616232994072E+000                  8.7819275765888449E+002                  3.6491397310781726E-029                                        0                 -9.8999999999999986E+001                 -9.9000000000000000E+001                 -9.9000000000000000E+001 
                                     872                  1.6209345633217925E-001                 -1.0681367645874158E+000                  7.4335912070480701E+000                  2.2795598714860250E+000                  1.7546111872712938E+001                  5.0956796888044505E-002                  9.4768391563151011E-001                  1.3592874804453370E-003                  3.7590502866076161E+000                  8.3706035614660516E+002                  4.0414829888287690E-029                                        0                 -9.8999999999999986E+001                 -9.9000000000000000E+001                 -9.9000000000000000E+001 
                                     873                  1.6061795257202582E-001                 -1.0706920082397482E+000                  7.4340464214634956E+000                  2.2868044089049806E+000                  1.7551114416191702E+001                  4.6908876046866117E-002                  9.5173184436946723E-001                  1.3592795836666616E-003                  3.2613119741897503E+000                  7.9736750214159861E+002                  4.4558057420835603E-029                                        0                 -9.8999999999999986E+001                 -9.9000000000000000E+001                 -9.9000000000000000E+001 
                                     874                  1.5914244881187237E-001                 -1.0732497532887966E+000                  7.4346909367122604E+000                  2.2974833427247447E+000                  1.7558545207873827E+001                  4.1108925520968898E-002                  9.5753180676369321E-001                  1.3592677153378974E-003                  2.5933027609356203E+000                  7.3418528659024457E+002                  5.1281520419083681E-029                                        0                 -9.8999999999999986E+001                 -9.9000000000000000E+001                 -9.9000000000000000E+001 
                                     875                  1.5623455196310654E-001                 -1.0782988169291807E+000                  7.4352743596733619E+000                  2.3080497633562227E+000                  1.7566020503554373E+001                  3.5678146716718546E-002                  9.6296259774440862E-001                  1.3592555388728389E-003                  2.0214895279989760E+000                  6.6780607688398561E+002                  5.8530836405678558E-029                                        0                 -9.8999999999999986E+001                 -9.9000000000000000E+001                 -9.9000000000000000E+001 
                                     876                  1.5478060353872286E-001                 -1.0808281058735736E+000                  7.4356452261241683E+000                  2.3149200915640726E+000                  1.7571002096728375E+001                  3.2358740301727203E-002                  9.6628201288986360E-001                  1.3592468084091536E-003                  1.7002985919663041E+000                  6.2425342238897872E+002                  6.3688300576550122E-029                                        0                 -9.8999999999999986E+001                 -9.9000000000000000E+001                 -9.9000000000000000E+001 
                                     877                  1.5332665511433916E-001                 -1.0833616139588103E+000                  7.4359989829554562E+000                  2.3225175170909864E+000                  1.7575995720235987E+001                  2.8046099567912732E-002                  9.7059467849741121E-001                  1.3592219346760803E-003                  1.3101622025949349E+000                  5.5826130942601208E+002                  6.9621885681877384E-029                                        0                 -9.8999999999999986E+001                 -9.9000000000000000E+001                 -9.9000000000000000E+001 
                                     878                  1.5187270668995570E-001                 -1.0858951402800208E+000                  7.4363377529566854E+000                  2.3274851032503858E+000                  1.7581000818413823E+001                  2.7587012788228518E-002                  9.7105374413716317E-001                  1.3592430746083295E-003                  1.2858493934524118E+000                  5.6277679961024478E+002                  7.4163359636574978E-029                                        0                 -9.8999999999999986E+001                 -9.9000000000000000E+001                 -9.9000000000000000E+001 
                                     879                  1.5041875826557222E-001                 -1.0884442096814808E+000                  7.4366609810058497E+000                  2.3324758837309081E+000                  1.7586017542571419E+001                  2.7133258861622125E-002                  9.7150752354201098E-001                  1.3592175963669240E-003                  1.2617322062683378E+000                  5.6695534741191886E+002                  7.8876845856304695E-029                                        0                 -9.8999999999999986E+001                 -9.9000000000000000E+001                 -9.9000000000000000E+001 
                                     880                  1.4896480984118898E-001                 -1.0910090579975680E+000                  7.4369677432574139E+000                  2.3374912335088909E+000                  1.7591046045161011E+001                  2.6684377840850312E-002                  9.7195639187485328E-001                  1.3592302842964088E-003                  1.2377727314356632E+000                  5.7082651778810396E+002                  8.3749288184602157E-029                                        0                 -9.8999999999999986E+001                 -9.9000000000000000E+001                 -9.9000000000000000E+001 
                                     881                  1.4751086141680550E-001                 -1.0935899202827595E+000                  7.4372545235577165E+000                  2.3446952579085734E+000                  1.7596046063035264E+001                  2.3075908685922266E-002                  9.7556488158223065E-001                  1.3592097318471108E-003                  9.4784255585807442E-001                  5.0761778844354598E+002                  9.0522419199090432E-029                                        0                 -9.8999999999999986E+001                 -9.9000000000000000E+001                 -9.9000000000000000E+001 
                                     882                  1.4608036428112192E-001                 -1.0961319658528363E+000                  7.4375235938102309E+000                  2.3512243893823070E+000                  1.7601016300350672E+001                  2.0433275023143609E-002                  9.7820752744668837E-001                  1.3591975301679993E-003                  7.5885178318452884E-001                  4.6119008789847555E+002                  9.7052975971652144E-029                                        0                 -9.8999999999999986E+001                 -9.9000000000000000E+001                 -9.9000000000000000E+001 
                                     883                  1.4464986714543854E-001                 -1.0986804975389859E+000                  7.4377786159761108E+000                  2.3578883584556962E+000                  1.7605997360535259E+001                  1.7644415676015823E-002                  9.8099640318076509E-001                  1.3591811432190903E-003                  5.7816161988031389E-001                  4.0854755174172624E+002                  1.0400575855917168E-028                                        0                 -9.8999999999999986E+001                 -9.9000000000000000E+001                 -9.9000000000000000E+001 
                                     884                  1.4321937000975493E-001                 -1.1012348473067730E+000                  7.4379606860000482E+000                  2.3615983459614505E+000                  1.7609746401216945E+001                  1.7420132444420613E-002                  9.8122069198866746E-001                  1.3591755669118966E-003                  5.6931699089573418E-001                  4.0973885230568351E+002                  1.0815451616111836E-028                                        0                 -9.8999999999999986E+001                 -9.9000000000000000E+001                 -9.9000000000000000E+001 
                                     885                  1.4250412144191305E-001                 -1.1025180667985417E+000                  7.4380788936252520E+000                  2.3640731287846548E+000                  1.7612244815534602E+001                  1.7271497040228234E-002                  9.8136932100712093E-001                  1.3591819526508342E-003                  5.6344084821335816E-001                  4.1047827713476755E+002                  1.1097402869429949E-028                                        0                 -9.8999999999999986E+001                 -9.9000000000000000E+001                 -9.9000000000000000E+001 
                                     886                  1.4178887287407091E-001                 -1.1038053732472182E+000                  7.4382512565297327E+000                  2.3692719131003876E+000                  1.7615991064112034E+001                  1.4944908170413919E-002                  9.8369593132679600E-001                  1.3591605027900577E-003                  4.2914458689338325E-001                  3.6198884160867959E+002                  1.1683581303002986E-028                                        0                 -9.8999999999999986E+001                 -9.9000000000000000E+001                 -9.9000000000000000E+001 
                                     887                  1.4035837573838755E-001                 -1.1063835163643485E+000                  7.4384695763002480E+000                  2.3753127334529878E+000                  1.7621003670372499E+001                  1.3152781897544999E-002                  9.8548807457635679E-001                  1.3591435260982276E-003                  3.3863462026643582E-001                  3.2590984801033835E+002                  1.2395767976724908E-028                                        0                 -9.8999999999999986E+001                 -9.9000000000000000E+001                 -9.9000000000000000E+001 
                                     888                  1.3892787860270417E-001                 -1.1089718236332933E+000                  7.4387815464915397E+000                  2.3838227141214250E+000                  1.7628516326579199E+001                  1.1260895148676011E-002                  9.8737998370723667E-001                  1.3591211440873163E-003                  2.5457853480672393E-001                  2.8817107364253133E+002                  1.3455547484557149E-028                                        0                 -9.8999999999999986E+001                 -9.9000000000000000E+001                 -9.9000000000000000E+001 
                                     889                  1.3606688433133679E-001                 -1.1141864421310919E+000                  7.4390640919667090E+000                  2.3922778469273669E+000                  1.7636058539433243E+001                  9.5321221403641306E-003                  9.8910878191478080E-001                  1.3590959448550599E-003                  1.8699458351483481E-001                  2.5162498365748496E+002                  1.4547383921851649E-028                                        0                 -9.8999999999999986E+001                 -9.9000000000000000E+001                 -9.9000000000000000E+001 
                                     890                  1.3466189203272427E-001                 -1.1167665279485588E+000                  7.4392422886710650E+000                  2.3977486404228272E+000                  1.7641021562931783E+001                  8.5370244387940400E-003                  9.9010389692306044E-001                  1.3590786381455500E-003                  1.5238740356515654E-001                  2.2989579462019506E+002                  1.5287475912535811E-028                                        0                 -9.8999999999999986E+001                 -9.9000000000000000E+001                 -9.9000000000000000E+001 
                                     891                  1.3325689973411178E-001                 -1.1193602534620664E+000                  7.4394132421464549E+000                  2.4031582238828171E+000                  1.7645994332335793E+001                  7.6518961640083703E-003                  9.9098904289812006E-001                  1.3590609378715257E-003                  1.2433808796985292E-001                  2.1012555258906630E+002                  1.6042440054713900E-028                                        0                 -9.8999999999999986E+001                 -9.9000000000000000E+001                 -9.9000000000000000E+001 
                                     892                  1.3185190743549927E-001                 -1.1219683102267337E+000                  7.4395775543834333E+000                  2.4085227568239600E+000                  1.7650976858666098E+001                  6.8528431673245084E-003                  9.9178811386692722E-001                  1.3590429657482916E-003                  1.0125471707912331E-001                  1.9183002580600126E+002                  1.6814435493713912E-028                                        0                 -9.8999999999999986E+001                 -9.9000000000000000E+001                 -9.9000000000000000E+001 
                                     893                  1.3044691513688678E-001                 -1.1245913146987689E+000                  7.4398149015348167E+000                  2.4164486862580419E+000                  1.7658443967656059E+001                  5.8264030461528584E-003                  9.9281458084113161E-001                  1.3590161127154943E-003                  7.4836143720539886E-002                  1.6775791628823291E+002                  1.8004978036944283E-028                                        0                 -9.8999999999999986E+001                 -9.9000000000000000E+001                 -9.9000000000000000E+001 
                                     894                  1.2763693053966002E-001                 -1.1298850218012439E+000                  7.4400364124863962E+000                  2.4243566550193236E+000                  1.7665983879048262E+001                  4.9473086108946353E-003                  9.9369370217755604E-001                  1.3589892115493107E-003                  5.5145740116252652E-002                  1.4642789169677579E+002                  1.9235999135537990E-028                                        0                 -9.8999999999999986E+001                 -9.9000000000000000E+001                 -9.9000000000000000E+001 
                                     895                  1.2623193824104750E-001                 -1.1325567242709629E+000                  7.4401794909052885E+000                  2.4295746505387150E+000                  1.7671005879767822E+001                  4.4358130646793507E-003                  9.9420521547057672E-001                  1.3589714647439521E-003                  4.4968045683804379E-002                  1.3368476189544202E+002                  2.0083376441401120E-028                                        0                 -9.8999999999999986E+001                 -9.9000000000000000E+001                 -9.9000000000000000E+001 
                                     896                  1.2482694594243500E-001                 -1.1352458509379628E+000                  7.4403170585022727E+000                  2.4347159912788192E+000                  1.7675988544781394E+001                  3.9835912444607597E-003                  9.9465745460164723E-001                  1.3589541538919780E-003                  3.6774657897391677E-002                  1.2219954826018130E+002                  2.0943859556451020E-028                                        0                 -9.8999999999999986E+001                 -9.9000000000000000E+001                 -9.9000000000000000E+001 
                                     897                  1.2344969207122337E-001                 -1.1378993817026817E+000                  7.4404496713634254E+000                  2.4397819482204923E+000                  1.7680931007453935E+001                  3.5867948702908515E-003                  9.9505426758583504E-001                  1.3589375438740614E-003                  3.0221520129864034E-002                  1.1195127265786529E+002                  2.1817714557887296E-028                                        0                 -9.8999999999999986E+001                 -9.9000000000000000E+001                 -9.9000000000000000E+001 
                                     898                  1.2207243820001173E-001                 -1.1405708224448896E+000                  7.4406437410099029E+000                  2.4473279669879240E+000                  1.7688338481508779E+001                  3.0618111732610537E-003                  9.9557927563375093E-001                  1.3589131929879761E-003                  2.2469348011550587E-002                  9.8053059405024669E+001                  2.3174459278277558E-028                                        0                 -9.8999999999999986E+001                 -9.9000000000000000E+001                 -9.9000000000000000E+001 
                                     899                  1.1931793045758715E-001                 -1.1459698585280538E+000                  7.4408297296969295E+000                  2.4546368492528812E+000                  1.7695818634132284E+001                  2.9758094299873060E-003                  9.9566527783999570E-001                  1.3589127300169812E-003                  2.1621601022642125E-002                  9.7679584256517984E+001                  2.4534071278763989E-028                                        0                 -9.8999999999999986E+001                 -9.9000000000000000E+001                 -9.9000000000000000E+001 
                                     900                  1.1794067658637553E-001                 -1.1487000298249241E+000                  7.4409507327401672E+000                  2.4595076171937826E+000                  1.7700801386701272E+001                  2.9183090154491264E-003                  9.9572277858589442E-001                  1.3589123986564866E-003                  2.1051977841117665E-002                  9.7370175891795995E+001                  2.5476043869809436E-028                                        0                 -9.8999999999999986E+001                 -9.9000000000000000E+001                 -9.9000000000000000E+001 
                                     901                  1.1656342271516389E-001                 -1.1514513508496000E+000                  7.4410685455734189E+000                  2.4646315092828743E+000                  1.7705794659110968E+001                  2.5270688026881182E-003                  9.9611404108373480E-001                  1.3588901135770382E-003                  1.6002804699864513E-002                  8.5761078357712819E+001                  2.6503136773627304E-028                                        0                 -9.8999999999999986E+001                 -9.9000000000000000E+001                 -9.9000000000000000E+001 
                                     902                  1.1518616884395250E-001                 -1.1542227646887617E+000                  7.4411837089370385E+000                  2.4696969972489549E+000                  1.7710798579033099E+001                  2.2343725984003619E-003                  9.9640675504665477E-001                  1.3588723549449178E-003                  1.2677808241728771E-002                  7.7106700027549209E+001                  2.7547944328132986E-028                                        0                 -9.8999999999999986E+001                 -9.9000000000000000E+001                 -9.9000000000000000E+001 
                                     903                  1.1380891497274108E-001                 -1.1570151899040007E+000                  7.4412953810529370E+000                  2.4747167485511552E+000                  1.7715758667950688E+001                  1.9486024363242762E-003                  9.9669255243888222E-001                  1.3588451247934508E-003                  9.7699061061509093E-003                  6.8363064142447314E+001                  2.8615930495561515E-028                                        0                 -9.8999999999999986E+001                 -9.9000000000000000E+001                 -9.9000000000000000E+001 
                                     904                  1.1246184067583578E-001                 -1.1597672394791099E+000                  7.4414584240164956E+000                  2.4818946572398026E+000                  1.7723110929483905E+001                  1.8912027254342841E-003                  9.9674994248467463E-001                  1.3588547898910619E-003                  9.3700794510427655E-003                  6.7930496966021153E+001                  3.0196952160848925E-028                                        0                 -9.8999999999999986E+001                 -9.9000000000000000E+001                 -9.9000000000000000E+001 
                                     905                  1.0976769208202541E-001                 -1.1653387560370718E+000                  7.4416157064219748E+000                  2.4891498898146383E+000                  1.7730537475054710E+001                  1.8343544754937809E-003                  9.9680679074817213E-001                  1.3588547763341285E-003                  8.9767284884648517E-003                  6.7457077535100666E+001                  3.1857121058461249E-028                                        0                 -9.8999999999999986E+001                 -9.9000000000000000E+001                 -9.9000000000000000E+001 
                                     906                  1.0842061778512010E-001                 -1.1681590596434350E+000                  7.4417184099011138E+000                  2.4941850629859212E+000                  1.7735485476516761E+001                  1.5187033752933478E-003                  9.9712247075892491E-001                  1.3588258657817320E-003                  6.2349917995043825E-003                  5.6764994711912408E+001                  3.3065131031116339E-028                                        0                 -9.8999999999999986E+001                 -9.9000000000000000E+001                 -9.9000000000000000E+001 
                                     907                  1.0707354348821414E-001                 -1.1710019186637990E+000                  7.4418196006364230E+000                  2.4990272379732872E+000                  1.7740444748257875E+001                  1.4872953786605790E-003                  9.9715387916740006E-001                  1.3588254539393940E-003                  6.0524406926363919E-003                  5.6463328896138208E+001                  3.4252947486871940E-028                                        0                 -9.8999999999999986E+001                 -9.9000000000000000E+001                 -9.9000000000000000E+001 
                                     908                  1.0572646919130839E-001                 -1.1738692528812504E+000                  7.4419689354206557E+000                  2.5064424888190113E+000                  1.7747879731328293E+001                  1.2252740176938565E-003                  9.9741592369797227E-001                  1.3588022843338265E-003                  4.1864356063475499E-003                  4.7636292567167779E+001                  3.6154994260745211E-028                                        0                 -9.8999999999999986E+001                 -9.9000000000000000E+001                 -9.9000000000000000E+001 
                                     909                  1.0303232059749758E-001                 -1.1796780365585953E+000                  7.4421367891955663E+000                  2.5148652849468838E+000                  1.7756509163067797E+001                  1.1802908272381101E-003                  9.9746090766550233E-001                  1.3588015072595327E-003                  3.9668912807673869E-003                  4.7133809811898402E+001                  3.8409226821209945E-028                                        0                 -9.8999999999999986E+001                 -9.9000000000000000E+001                 -9.9000000000000000E+001 
                                     910                  1.0107891803282872E-001                 -1.1839553902045263E+000                  7.4422405638929083E+000                  2.5201982015735012E+000                  1.7761971718247992E+001                  1.1518084106454055E-003                  9.9748939910351075E-001                  1.3587924858438072E-003                  3.8281055282241468E-003                  4.6779001918006863E+001                  3.9897834019778736E-028                                        0                 -9.8999999999999986E+001                 -9.9000000000000000E+001                 -9.9000000000000000E+001 
                                     911                  1.0010221675049430E-001                 -1.1861155219683743E+000                  7.4423089997656877E+000                  2.5237525219355943E+000                  1.7765612362194091E+001                  1.1329395183043503E-003                  9.9750825134081067E-001                  1.3588091408849312E-003                  3.7365254560208267E-003                  4.6533072405227323E+001                  4.0918725965186124E-028                                        0                 -9.8999999999999986E+001                 -9.9000000000000000E+001                 -9.9000000000000000E+001 
                                     912                  9.9125515468159633E-002                 -1.1882903670810128E+000                  7.4424104670177771E+000                  2.5292001895884964E+000                  1.7771071938148967E+001                  9.4204341016274973E-004                  9.9769919423006470E-001                  1.3587623597725029E-003                  2.6195778382176755E-003                  3.9363581906977139E+001                  4.2537996559150308E-028                                        0                 -9.8999999999999986E+001                 -9.9000000000000000E+001                 -9.9000000000000000E+001 
                                     913                  9.7172112903490995E-002                 -1.1926842775980839E+000                  7.4425436783235241E+000                  2.5363457846854627E+000                  1.7778394049861731E+001                  9.1034404634429786E-004                  9.9773085946800755E-001                  1.3587964856481838E-003                  2.4899177749932279E-003                  3.8903080365896479E+001                  4.4732732663354713E-028                                        0                 -9.8999999999999986E+001                 -9.9000000000000000E+001                 -9.9000000000000000E+001 
                                     914                  9.5218710338822371E-002                 -1.1971406404559561E+000                  7.4426745390904827E+000                  2.5435194480702976E+000                  1.7785744368999545E+001                  8.7906448184266921E-004                  9.9776215724995831E-001                  1.3587782681989680E-003                  2.3633152201637344E-003                  3.8416996288766398E+001                  4.7035440255442916E-028                                        0                 -9.8999999999999986E+001                 -9.9000000000000000E+001                 -9.9000000000000000E+001 
                                     915                  9.3265307774153511E-002                 -1.2016620414358243E+000                  7.4428027533221002E+000                  2.5508107524514565E+000                  1.7793123830999015E+001                  7.2561728878770470E-004                  9.9791562316969284E-001                  1.3587595415194276E-003                  1.6400106703358295E-003                  3.2440314185054341E+001                  4.9488598492810904E-028                                        0                 -9.8999999999999986E+001                 -9.9000000000000000E+001                 -9.9000000000000000E+001 
                                     916                  9.1311905209484442E-002                 -1.2062502763768768E+000                  7.4429292358885411E+000                  2.5580395768927846E+000                  1.7800533356222893E+001                  6.9971511807299892E-004                  9.9794152615418785E-001                  1.3587587277391622E-003                  1.5524574429575931E-003                  3.1990968468653705E+001                  5.2025432481176511E-028                                        0                 -9.8999999999999986E+001                 -9.9000000000000000E+001                 -9.9000000000000000E+001 
                                     917                  8.9358502644815596E-002                 -1.2109092153289691E+000                  7.4430226217201900E+000                  2.5634962450117511E+000                  1.7806125742859361E+001                  6.8023813405662626E-004                  9.9796101218269195E-001                  1.3587496832514478E-003                  1.4871002158811349E-003                  3.1628285188904005E+001                  5.4013904791046569E-028                                        0                 -9.8999999999999986E+001                 -9.9000000000000000E+001                 -9.9000000000000000E+001 
                                     918                  8.8381801362480708E-002                 -1.2132660983869579E+000                  7.4430843356329506E+000                  2.5671338040030127E+000                  1.7809853965084521E+001                  6.6736634368857756E-004                  9.9797386759323625E-001                  1.3587660630751675E-003                  1.4442397842691149E-003                  3.1380114653966668E+001                  5.5378428730838608E-028                                        0                 -9.8999999999999986E+001                 -9.9000000000000000E+001                 -9.9000000000000000E+001 
                                     919                  8.7405100080146070E-002                 -1.2156418407211378E+000                  7.4431736939823896E+000                  2.5725165991346204E+000                  1.7815304294660184E+001                  5.5826451985303935E-004                  9.9808301057967208E-001                  1.3587249004748392E-003                  1.0243408646951645E-003                  2.6689407669971533E+001                  5.7463602204207628E-028                                        0                 -9.8999999999999986E+001                 -9.9000000000000000E+001                 -9.9000000000000000E+001 
                                     920                  8.5526666516920910E-002                 -1.2202649625463056E+000                  7.4432899905440530E+000                  2.5795550823758542E+000                  1.7822521075739715E+001                  5.3744687647894977E-004                  9.9810379588044007E-001                  1.3587572430809880E-003                  9.6595102674667383E-004                  2.6255715165766521E+001                  6.0285147920105154E-028                                        0                 -9.8999999999999986E+001                 -9.9000000000000000E+001                 -9.9000000000000000E+001 
                                     921                  8.3648232953695750E-002                 -1.2249625768825307E+000                  7.4434048152982424E+000                  2.5866242801074493E+000                  1.7829769714552160E+001                  5.1696356557110043E-004                  9.9812429667086677E-001                  1.3587397635621556E-003                  9.0939134033171600E-004                  2.5806310357493235E+001                  6.3245237975481541E-028                                        0                 -9.8999999999999986E+001                 -9.9000000000000000E+001                 -9.9000000000000000E+001 
                                     922                  8.1769799390470813E-002                 -1.2297380583984143E+000                  7.4434896806781019E+000                  2.5920102788517201E+000                  1.7835242360294426E+001                  4.3438918988306221E-004                  9.9820688848784034E-001                  1.3587223222766287E-003                  6.5073832288849837E-004                  2.2044293694299576E+001                  6.5591397897410966E-028                                        0                 -9.8999999999999986E+001                 -9.9000000000000000E+001                 -9.9000000000000000E+001 
                                     923                  8.0830582608858004E-002                 -1.2321557762501623E+000                  7.4435460263255537E+000                  2.5955678118667014E+000                  1.7838891583154631E+001                  4.2580333981750008E-004                  9.9821546772729131E-001                  1.3587289328912400E-003                  6.3075263178341415E-004                  2.1844030555240565E+001                  6.7182392219584593E-028                                        0                 -9.8999999999999986E+001                 -9.9000000000000000E+001                 -9.9000000000000000E+001 
                                     924                  7.9891365827245209E-002                 -1.2345943304055162E+000                  7.4436301692338729E+000                  2.6009048049448893E+000                  1.7844366860847991E+001                  4.1309077004782489E-004                  9.9822818449532447E-001                  1.3587247346277254E-003                  6.0147931342109911E-004                  2.1538627423713045E+001                  6.9639377334389870E-028                                        0                 -9.8999999999999986E+001                 -9.9000000000000000E+001                 -9.9000000000000000E+001 
                                     925                  7.8012932264020493E-002                 -1.2395360704609455E+000                  7.4437412460556764E+000                  2.6080703256154258E+000                  1.7851718141706833E+001                  3.9614072743569091E-004                  9.9824513547103511E-001                  1.3587238015292380E-003                  5.6293926497984019E-004                  2.1108684612220028E+001                  7.3065339425527454E-028                                        0                 -9.8999999999999986E+001                 -9.9000000000000000E+001                 -9.9000000000000000E+001 
                                     926                  7.6134498700795555E-002                 -1.2445672873693641E+000                  7.4438510335697305E+000                  2.6153060319474388E+000                  1.7859106246194376E+001                  3.3098942730920149E-004                  9.9831031607154730E-001                  1.3586945011434537E-003                  4.0007980519511221E-004                  1.8028105547248106E+001                  7.6687014794918975E-028                                        0                 -9.8999999999999986E+001                 -9.9000000000000000E+001                 -9.9000000000000000E+001 
                                     927                  7.4256065137571062E-002                 -1.2496920107154259E+000                  7.4439601893026666E+000                  2.6225411620430434E+000                  1.7866532590544537E+001                  3.1679780879292820E-004                  9.9832447424256954E-001                  1.3587279486375614E-003                  3.7306091548951079E-004                  1.7636994668133614E+001                  8.0471948326309258E-028                                        0                 -9.8999999999999986E+001                 -9.9000000000000000E+001                 -9.9000000000000000E+001 
                                     928                  7.2377631574346360E-002                 -1.2549154513001395E+000                  7.4440834187742224E+000                  2.6307995293733315E+000                  1.7875010938195231E+001                  3.0094190179095543E-004                  9.9834034846066677E-001                  1.3587096375422547E-003                  3.4352885053886135E-004                  1.7176374881719397E+001                  8.5009648646776145E-028                                        0                 -9.8999999999999986E+001                 -9.9000000000000000E+001                 -9.9000000000000000E+001 
                                     929                  6.9984866924218084E-002                 -1.2617204599904692E+000                  7.4442199872332502E+000                  2.6401279404344025E+000                  1.7884589077164271E+001                  2.8327210648627183E-004                  9.9835801957398185E-001                  1.3587083195318872E-003                  3.1140062529991382E-004                  1.6627710075663057E+001                  9.0419119057503413E-028                                        0                 -9.8999999999999986E+001                 -9.9000000000000000E+001                 -9.9000000000000000E+001 
                                     930                  6.7592102274089821E-002                 -1.2687057357133851E+000                  7.4443547397190670E+000                  2.6495477778246377E+000                  1.7894238473632011E+001                  2.3322585446599526E-004                  9.9840807669868648E-001                  1.3586974468475788E-003                  2.1602591453647187E-004                  1.4082867661243812E+001                  9.6208026593827073E-028                                        0                 -9.8999999999999986E+001                 -9.9000000000000000E+001                 -9.9000000000000000E+001 
                                     931                  6.5199337623961767E-002                 -1.2758837834739627E+000                  7.4444551830868360E+000                  2.6566670981057885E+000                  1.7901552272919222E+001                  2.2229074614262754E-004                  9.9841901280324019E-001                  1.3586964506171473E-003                  1.9968707156691812E-004                  1.3711331887302123E+001                  1.0080597175216738E-027                                        0                 -9.8999999999999986E+001                 -9.9000000000000000E+001                 -9.9000000000000000E+001 
                                     932                  6.4002955298898087E-002                 -1.2795494716427438E+000                  7.4445218896301206E+000                  2.6614180057301993E+000                  1.7906434033108422E+001                  2.1507984221141963E-004                  9.9842622439372009E-001                  1.3586957640684405E-003                  1.8912444080426222E-004                  1.3456231603687570E+001                  1.0399313327250732E-027                                        0                 -9.8999999999999986E+001                 -9.9000000000000000E+001                 -9.9000000000000000E+001 
                                     933                  6.2806572973834171E-002                 -1.2832689498349541E+000                  7.4446189042631481E+000                  2.6683665952540236E+000                  1.7913575497571049E+001                  2.0466811518413849E-004                  9.9843663715755182E-001                  1.3586947272640204E-003                  1.7418900314848746E-004                  1.3073309961972004E+001                  1.0883169714249730E-027                                        0                 -9.8999999999999986E+001                 -9.9000000000000000E+001                 -9.9000000000000000E+001 
                                     934                  6.0507996510767353E-002                 -1.2905740319634285E+000                  7.4447452900818964E+000                  2.6776207785802160E+000                  1.7923071475503896E+001                  1.6902452610751989E-004                  9.9847228999415527E-001                  1.3586854797371650E-003                  1.2152248520599704E-004                  1.1098731566097833E+001                  1.1559983868212521E-027                                        0                 -9.8999999999999986E+001                 -9.9000000000000000E+001                 -9.9000000000000000E+001 
                                     935                  5.8209420047700321E-002                 -1.2981009302897926E+000                  7.4448398163350227E+000                  2.6846260547404208E+000                  1.7930274966061774E+001                  1.6053704992201697E-004                  9.9848077848375050E-001                  1.3586844663274755E-003                  1.1151426694980027E-004                  1.0763162154979360E+001                  1.2098187796695879E-027                                        0                 -9.8999999999999986E+001                 -9.9000000000000000E+001                 -9.9000000000000000E+001 
                                     936                  5.7060131816167127E-002                 -1.3019529208776861E+000                  7.4449027121844757E+000                  2.6893030675997092E+000                  1.7935085518239724E+001                  1.5494455696572673E-004                  9.9848637167654108E-001                  1.3586837664931739E-003                  1.0507228499689044E-004                  1.0533570614890388E+001                  1.2471211904247560E-027                                        0                 -9.8999999999999986E+001                 -9.9000000000000000E+001                 -9.9000000000000000E+001 
                                     937                  5.5910843584633718E-002                 -1.3058672493330852E+000                  7.4449968415595817E+000                  2.6963297358949760E+000                  1.7942314616997475E+001                  1.4666586330174799E-004                  9.9849465145629024E-001                  1.3586826804080632E-003                  9.5772031191527216E-005                  1.0181034230624677E+001                  1.3053017647255533E-027                                        0                 -9.8999999999999986E+001                 -9.9000000000000000E+001                 -9.9000000000000000E+001 
                                     938                  5.3612267121566685E-002                 -1.3138938106697797E+000                  7.4451188367889447E+000                  2.7056118226372470E+000                  1.7951855215091033E+001                  1.2144017712798030E-004                  9.9851988493353594E-001                  1.3586748893360534E-003                  6.7166362558375846E-005                  8.6653883328910535E+000                  1.3860574957714246E-027                                        0                 -9.8999999999999986E+001                 -9.9000000000000000E+001                 -9.9000000000000000E+001 
                                     939                  5.1417642531426437E-002                 -1.3218202775409922E+000                  7.4452381400013445E+000                  2.7147497505392391E+000                  1.7961263053822037E+001                  1.1277414462031106E-004                  9.9852855234045246E-001                  1.3586735149272444E-003                  5.9227080287883235E-005                  8.2676870078258382E+000                  1.4702809131030581E-027                                        0                 -9.8999999999999986E+001                 -9.9000000000000000E+001                 -9.9000000000000000E+001 
                                     940                  4.9223017941286203E-002                 -1.3300263750359371E+000                  7.4453574861201144E+000                  2.7239777704905035E+000                  1.7970767222867970E+001                  1.0429980510882680E-004                  9.9853702812784229E-001                  1.3586720670488717E-003                  5.1812702894086947E-005                  7.8579807460641282E+000                  1.5603734299887661E-027                                        0                 -9.8999999999999986E+001                 -9.9000000000000000E+001                 -9.9000000000000000E+001 
                                     941                  4.7028393351145968E-002                 -1.3385373610532576E+000                  7.4454469649415875E+000                  2.7309925267456250E+000                  1.7977992428879041E+001                  9.8061500129140598E-005                  9.9854326757362577E-001                  1.3586709262450869E-003                  4.6589603274616037E-005                  7.5425940905546058E+000                  1.6323322171032602E-027                                        0                 -9.8999999999999986E+001                 -9.9000000000000000E+001                 -9.9000000000000000E+001 
                                     942                  4.5931081056075518E-002                 -1.3429157586100313E+000                  7.4455065860666831E+000                  2.7356865896469644E+000                  1.7982822950131244E+001                  8.4602888667329083E-005                  9.9855673204535156E-001                  1.3586650659811461E-003                  3.5078458015593387E-005                  6.5984656442402487E+000                  1.6823412914958441E-027                                        0                 -9.8999999999999986E+001                 -9.9000000000000000E+001                 -9.9000000000000000E+001 
                                     943                  4.4833768761005290E-002                 -1.3473814279620187E+000                  7.4455776455711797E+000                  2.7412821369324414E+000                  1.7988591306677719E+001                  8.0504622457676074E-005                  9.9856083117391159E-001                  1.3586642036307328E-003                  3.2198260291263694E-005                  6.3834134377204466E+000                  1.7439174614859887E-027                                        0                 -9.8999999999999986E+001                 -9.9000000000000000E+001                 -9.9000000000000000E+001 
                                     944                  4.3322781452235171E-002                 -1.3536816131647789E+000                  7.4456602918378376E+000                  2.7478241003082600E+000                  1.7995337192153332E+001                  7.5834559447231494E-005                  9.9856550227195773E-001                  1.3586631685950090E-003                  2.9029984619916439E-005                  6.1303230853356050E+000                  1.8187078677747310E-027                                        0                 -9.8999999999999986E+001                 -9.9000000000000000E+001                 -9.9000000000000000E+001 
                                     945                  4.1811794143465045E-002                 -1.3601677908825125E+000                  7.4457432496942229E+000                  2.7544201248972491E+000                  1.8002141609125466E+001                  7.2094113009275377E-005                  9.9856924518796908E-001                  1.3586606990216854E-003                  2.6661825629390489E-005                  5.9424512950737922E+000                  1.8973085734582820E-027                                        0                 -9.8999999999999986E+001                 -9.9000000000000000E+001                 -9.9000000000000000E+001 
                                     946                  4.0300806834694253E-002                 -1.3668535142265468E+000                  7.4458264722631231E+000                  2.7610756103838856E+000                  1.8009007760671629E+001                  6.6000295411496499E-005                  9.9857533731289561E-001                  1.3586623916929108E-003                  2.2710428752152062E-005                  5.5479959519659081E+000                  1.9799968218314065E-027                                        0                 -9.8999999999999986E+001                 -9.9000000000000000E+001                 -9.9000000000000000E+001 
                                     947                  3.8789819525923461E-002                 -1.3737538380047531E+000                  7.4459100531767239E+000                  2.7677937789053373E+000                  1.8015939142839024E+001                  5.7568312454300641E-005                  9.9858377836382439E-001                  1.3586533237213150E-003                  1.7563577624333951E-005                  4.9361278927282584E+000                  2.0670662259657864E-027                                        0                 -9.8999999999999986E+001                 -9.9000000000000000E+001                 -9.9000000000000000E+001 
                                     948                  3.7278832217152669E-002                 -1.3808855963655737E+000                  7.4459732137179699E+000                  2.7728897952519893E+000                  1.8021200024153043E+001                  5.3395907458254210E-005                  9.9858794792052807E-001                  1.3586561720136947E-003                  1.5298697184779107E-005                  4.6476802749344230E+000                  2.1356087132262847E-027                                        0                 -9.8999999999999986E+001                 -9.9000000000000000E+001                 -9.9000000000000000E+001 
                                     949                  3.6523338562767384E-002                 -1.3845439709211067E+000                  7.4460155047737224E+000                  2.7762963416052311E+000                  1.8024718226702429E+001                  5.1328818028623125E-005                  9.9859001269952763E-001                  1.3586584824437642E-003                  1.4254945208122095E-005                  4.5128740433646186E+000                  2.1827159720996922E-027                                        0                 -9.8999999999999986E+001                 -9.9000000000000000E+001                 -9.9000000000000000E+001 
                                     950                  3.5767844908382106E-002                 -1.3882674940230073E+000                  7.4460792309851564E+000                  2.7814205819660045E+000                  1.8030012674469781E+001                  4.9374347264161720E-005                  9.9859197157727841E-001                  1.3586540754574328E-003                  1.3355722428646888E-005                  4.4071253206560339E+000                  2.2555815894551163E-027                                        0                 -9.8999999999999986E+001                 -9.9000000000000000E+001                 -9.9000000000000000E+001 
                                     951                  3.4256857599611314E-002                 -1.3959214763283845E+000                  7.4461649565296142E+000                  2.7883406036011333E+000                  1.8037164301016521E+001                  4.6100329100228347E-005                  9.9859524762386409E-001                  1.3586520470356689E-003                  1.1841189304086674E-005                  4.1997254249851235E+000                  2.3578094211846936E-027                                        0                 -9.8999999999999986E+001                 -9.9000000000000000E+001                 -9.9000000000000000E+001 
                                     952                  3.2745870290840522E-002                 -1.4038715193985429E+000                  7.4462472454955035E+000                  2.7950000951438505E+000                  1.8044049099114535E+001                  4.2734320161457466E-005                  9.9859861437939779E-001                  1.3586513004407719E-003                  1.0341625439748140E-005                  3.9703104115752845E+000                  2.4605461171828610E-027                                        0                 -9.8999999999999986E+001                 -9.9000000000000000E+001                 -9.9000000000000000E+001 
                                     953                  3.1382201748788544E-002                 -1.4113234284889447E+000                  7.4463063125458744E+000                  2.7997986104322554E+000                  1.8049009531243527E+001                  3.7632663048680964E-005                  9.9860372229694472E-001                  1.3586450400066008E-003                  8.1142235620851114E-006                  3.5462587900601115E+000                  2.5373169698510632E-027                                        0                 -9.8999999999999986E+001                 -9.9000000000000000E+001                 -9.9000000000000000E+001 
                                     954                  3.0700367477761996E-002                 -1.4151552020054348E+000                  7.4463459254675612E+000                  2.8030080320353332E+000                  1.8052329063034513E+001                  3.5479750950811202E-005                  9.9860587103761522E-001                  1.3586492114339155E-003                  7.2690274184305446E-006                  3.3752273451464738E+000                  2.5900324273443109E-027                                        0                 -9.8999999999999986E+001                 -9.9000000000000000E+001                 -9.9000000000000000E+001 
                                     955                  3.0018533206735670E-002                 -1.4190617885514580E+000                  7.4464057347680024E+000                  2.8078385705730144E+000                  1.8057328023986098E+001                  3.4022715886400623E-005                  9.9860733123088785E-001                  1.3586460532257760E-003                  6.7634248930896727E-006                  3.2831017945863983E+000                  2.6715126055568480E-027                                        0                 -9.8999999999999986E+001                 -9.9000000000000000E+001                 -9.9000000000000000E+001 
                                     956                  2.8654864664682582E-002                 -1.4271135639057297E+000                  7.4464865412263297E+000                  2.8143690095526059E+000                  1.8064088121496212E+001                  3.1552272126171578E-005                  9.9860980280266132E-001                  1.3586449252125377E-003                  5.9102336514495796E-006                  3.1040130512691304E+000                  2.7857850517294932E-027                                        0                 -9.8999999999999986E+001                 -9.9000000000000000E+001                 -9.9000000000000000E+001 
                                     957                  2.7291196122629494E-002                 -1.4355086793186440E+000                  7.4465684833275274E+000                  2.8209813085260498E+000                  1.8070935960605020E+001                  2.9144016824149899E-005                  9.9861221224112950E-001                  1.3586437420463060E-003                  5.1244254587338493E-006                  2.9236859153116894E+000                  2.9065623540433214E-027                                        0                 -9.8999999999999986E+001                 -9.9000000000000000E+001                 -9.9000000000000000E+001 
                                     958                  2.5927527580577956E-002                 -1.4442819461842575E+000                  7.4466308606922826E+000                  2.8260172675522859E+000                  1.8076152901436110E+001                  2.6889095713873767E-005                  9.9861446868149617E-001                  1.3586422227899186E-003                  4.4160466003533688E-006                  2.7379649459947037E+000                  3.0020759401399403E-027                                        0                 -9.8999999999999986E+001                 -9.9000000000000000E+001                 -9.9000000000000000E+001 
                                     959                  2.5245693309551408E-002                 -1.4488225631572975E+000                  7.4466727849340062E+000                  2.8293907791548945E+000                  1.8079648796097445E+001                  2.5477614173982864E-005                  9.9861588115193389E-001                  1.3586412338921772E-003                  3.9973603412118193E-006                  2.6202833598022388E+000                  3.0678746224689812E-027                                        0                 -9.8999999999999986E+001                 -9.9000000000000000E+001                 -9.9000000000000000E+001 
                                     960                  2.4563859038524864E-002                 -1.4534733625460918E+000                  7.4467150734342367E+000                  2.8327884112175576E+000                  1.8083170574097906E+001                  2.4135100137328746E-005                  9.9861722463875657E-001                  1.3586402611061033E-003                  3.6170504596769966E-006                  2.5073182268373739E+000                  3.1356390148571951E-027                                        0                 -9.8999999999999986E+001                 -9.9000000000000000E+001                 -9.9000000000000000E+001 
                                     961                  2.3882024767498317E-002                 -1.4582404805766123E+000                  7.4467577511848946E+000                  2.8362111377659618E+000                  1.8086719277780290E+001                  2.2858462019095271E-005                  9.9861850223193904E-001                  1.3586393060418533E-003                  3.2717345857559197E-006                  2.3989031066597040E+000                  3.2054607162684130E-027                                        0                 -9.8999999999999986E+001                 -9.9000000000000000E+001                 -9.9000000000000000E+001 
                                     962                  2.3200190496471994E-002                 -1.4631305833203709E+000                  7.4468144318186029E+000                  2.8407414064510874E+000                  1.8091417787684016E+001                  2.1295985080941269E-005                  9.9862006593098229E-001                  1.3586380839367695E-003                  2.8713234720669596E-006                  2.2651597415641809E+000                  3.3003696032836032E-027                                        0                 -9.8999999999999986E+001                 -9.9000000000000000E+001                 -9.9000000000000000E+001 
                                     963                  2.2088353172547259E-002                 -1.4713877845980468E+000                  7.4468859009565458E+000                  2.8464388097378626E+000                  1.8097329086503102E+001                  1.9522030350310834E-005                  9.9862184129783405E-001                  1.3586366718156828E-003                  2.4466837213157107E-006                  2.1118835317481337E+000                  3.4238425883610571E-027                                        0                 -9.8999999999999986E+001                 -9.9000000000000000E+001                 -9.9000000000000000E+001 
                                     964                  2.0976515848622521E-002                 -1.4800270044544366E+000                  7.4469574861910655E+000                  2.8521200693353368E+000                  1.8103226373742515E+001                  1.8024312861382586E-005                  9.9862334017342980E-001                  1.3586355137088502E-003                  2.1148089272784675E-006                  1.9830483030768249E+000                  3.5517419686252400E-027                                        0                 -9.8999999999999986E+001                 -9.9000000000000000E+001                 -9.9000000000000000E+001 
                                     965                  1.9901508216377154E-002                 -1.4887819422330333E+000                  7.4470292099265558E+000                  2.8577845178104573E+000                  1.8109108825383903E+001                  1.6570248976922448E-005                  9.9862479550762984E-001                  1.3586342433932197E-003                  1.8122658619460620E-006                  1.8540482285934448E+000                  3.6842185992441043E-027                                        0                 -9.8999999999999986E+001                 -9.9000000000000000E+001                 -9.9000000000000000E+001 
                                     966                  1.8826500584131791E-002                 -1.4979759579341736E+000                  7.4471024049609591E+000                  2.8635348169384498E+000                  1.8115083159990505E+001                  1.5142713874396655E-005                  9.9862622441524884E-001                  1.3586328708767859E-003                  1.5348812100884992E-006                  1.7235910858129697E+000                  3.8239814720635824E-027                                        0                 -9.8999999999999986E+001                 -9.9000000000000000E+001                 -9.9000000000000000E+001 
                                     967                  1.7751492951886425E-002                 -1.5076601700575816E+000                  7.4471772223741572E+000                  2.8693781565416927E+000                  1.8121157057261467E+001                  1.3761320130649961E-005                  9.9862760727517286E-001                  1.3586314046964976E-003                  1.2858557062822171E-006                  1.5938988769444904E+000                  3.9716970584828579E-027                                        0                 -9.8999999999999986E+001                 -9.9000000000000000E+001                 -9.9000000000000000E+001 
                                     968                  1.6676485319641058E-002                 -1.5178952299518957E+000                  7.4472360079084874E+000                  2.8739469843645176E+000                  1.8125908181174331E+001                  1.2721169343830417E-005                  9.9862864863964163E-001                  1.3586301910145648E-003                  1.1111665484765670E-006                  1.4936698735625531E+000                  4.0913354465681888E-027                                        0                 -9.8999999999999986E+001                 -9.9000000000000000E+001                 -9.9000000000000000E+001 
                                     969                  1.6101919287842079E-002                 -1.5236158845210068E+000                  7.4472775184419300E+000                  2.8771551962006097E+000                  1.8129245572733218E+001                  1.2043370282459869E-005                  9.9862932725478659E-001                  1.3586293749309197E-003                  1.0037603931401175E-006                  1.4277177842090634E+000                  4.1776270403468101E-027                                        0                 -9.8999999999999986E+001                 -9.9000000000000000E+001                 -9.9000000000000000E+001 
                                     970                  1.5527353256043102E-002                 -1.5295271918745768E+000                  7.4473406742571742E+000                  2.8820065682730629E+000                  1.8134294150823720E+001                  1.1092864264336018E-005                  9.9863027896435008E-001                  1.3586281713855453E-003                  8.6174346342943009E-007                  1.3342800177057039E+000                  4.3118132743815136E-027                                        0                 -9.8999999999999986E+001                 -9.9000000000000000E+001                 -9.9000000000000000E+001 
                                     971                  1.4378221192445145E-002                 -1.5419811175653391E+000                  7.4474057869710846E+000                  2.8869838238178929E+000                  1.8139475909802915E+001                  1.0197990714629094E-005                  9.9863117504091736E-001                  1.3586269683679708E-003                  7.3724530745656181E-007                  1.2450823966256863E+000                  4.4541731521129414E-027                                        0                 -9.8999999999999986E+001                 -9.9000000000000000E+001                 -9.9000000000000000E+001 
                                     972                  1.3803655160645944E-002                 -1.5485567873047787E+000                  7.4474499083482435E+000                  2.8903333763622787E+000                  1.8142964450774009E+001                  9.6336876950341114E-006                  9.9863174014442491E-001                  1.3586261678800726E-003                  6.6333178913833401E-007                  1.1880740221766171E+000                  4.5528016925359774E-027                                        0                 -9.8999999999999986E+001                 -9.9000000000000000E+001                 -9.9000000000000000E+001 
                                     973                  1.3229089128846967E-002                 -1.5553912220427142E+000                  7.4475172298644070E+000                  2.8954078185496064E+000                  1.8148251572646181E+001                  8.8351354116292355E-006                  9.9863253989886358E-001                  1.3586249657248084E-003                  5.6490047915980687E-007                  1.1063465385028957E+000                  4.7067031018704756E-027                                        0                 -9.8999999999999986E+001                 -9.9000000000000000E+001                 -9.9000000000000000E+001 
                                     974                  1.2079957065249008E-002                 -1.5699316869088991E+000                  7.4475993340350239E+000                  2.9015488330786763E+000                  1.8154653284372703E+001                  7.9788180624296840E-006                  9.9863339759835990E-001                  1.3586235835776339E-003                  4.6769264658844749E-007                  1.0177698178669925E+000                  4.9003607637205205E-027                                        0                 -9.8999999999999986E+001                 -9.9000000000000000E+001                 -9.9000000000000000E+001 
                                     975                  1.1202870270390051E-002                 -1.5819258566476779E+000                  7.4476726193649814E+000                  2.9069762781303168E+000                  1.8160314274922392E+001                  7.2562985604039536E-006                  9.9863412141100971E-001                  1.3586222904299339E-003                  3.9200831097169755E-007                  9.4089795356314976E-001                  5.0786368037288174E-027                                        0                 -9.8999999999999986E+001                 -9.9000000000000000E+001                 -9.9000000000000000E+001 
                                     976                  1.0325783475531092E-002                 -1.5948343974639843E+000                  7.4477483730299765E+000                  2.9125335348204882E+000                  1.8166113766298857E+001                  6.5642074236278777E-006                  9.9863481486409911E-001                  1.3586209284772721E-003                  3.2520164658861708E-007                  8.6559071038132751E-001                  5.2684107063071475E-027                                        0                 -9.8999999999999986E+001                 -9.9000000000000000E+001                 -9.9000000000000000E+001 
                                     977                  9.4486966806721345E-003                 -1.6088184759628252E+000                  7.4478269135153594E+000                  2.9182368165710044E+000                  1.8172068983212259E+001                  5.9063692297351915E-006                  9.9863547414123854E-001                  1.3586194895317538E-003                  2.6700029763561364E-007                  7.9243516862378816E-001                  5.4711345197822519E-027                                        0                 -9.8999999999999986E+001                 -9.9000000000000000E+001                 -9.9000000000000000E+001 
                                     978                  8.5716098858131771E-003                 -1.6240862577232011E+000                  7.4478898497036452E+000                  2.9227646642396823E+000                  1.8176799272198718E+001                  5.4178635353581787E-006                  9.9863596382468955E-001                  1.3586183117750839E-003                  2.2717376531074623E-007                  7.3696811283974017E-001                  5.6380605549481711E-027                                        0                 -9.8999999999999986E+001                 -9.9000000000000000E+001                 -9.9000000000000000E+001 
                                     979                  8.0977365333369297E-003                 -1.6329622456153499E+000                  7.4479350345917110E+000                  2.9259895990920128E+000                  1.8180169764059254E+001                  5.0974431871716950E-006                  9.9863628506656399E-001                  1.3586174902487924E-003                  2.0269806628674869E-007                  7.0022577578987499E-001                  5.7603235922750200E-027                                        0                 -9.8999999999999986E+001                 -9.9000000000000000E+001                 -9.9000000000000000E+001 
                                     980                  7.6238631808606839E-003                 -1.6423459272869676E+000                  7.4480044989575402E+000                  2.9309044907134068E+000                  1.8185308715974269E+001                  4.6496232870467594E-006                  9.9863673411740661E-001                  1.3586162593063333E-003                  1.7069854175438278E-007                  6.4836048823388415E-001                  5.9522474424788940E-027                                        0                 -9.8999999999999986E+001                 -9.9000000000000000E+001                 -9.9000000000000000E+001 
                                     981                  6.6761164759084153E-003                 -1.6629106012243862E+000                  7.4480897161783171E+000                  2.9368678085227105E+000                  1.8191547490089253E+001                  4.1772149481551468E-006                  9.9863720793461297E-001                  1.3586148504388662E-003                  1.3981097086887947E-007                  5.9320543663386138E-001                  6.1944875036152577E-027                                        0                 -9.8999999999999986E+001                 -9.9000000000000000E+001                 -9.9000000000000000E+001 
                                     982                  5.9715559389841603E-003                 -1.6800943260147980E+000                  7.4481657287627563E+000                  2.9421220714235194E+000                  1.8197047792370611E+001                  3.7758232834388103E-006                  9.9863761068183321E-001                  1.3586134948833095E-003                  1.1572054483548234E-007                  5.4491698101072183E-001                  6.4168664773136580E-027                                        0                 -9.8999999999999986E+001                 -9.9000000000000000E+001                 -9.9000000000000000E+001 
                                     983                  5.2669954020599053E-003                 -1.6993451752053617E+000                  7.4482456527514334E+000                  2.9475812227527385E+000                  1.8202765947400007E+001                  3.3864248578852631E-006                  9.9863800155613269E-001                  1.3586120190094420E-003                  9.4343673031451649E-008                  4.9699907481362904E-001                  6.6572070348529301E-027                                        0                 -9.8999999999999986E+001                 -9.9000000000000000E+001                 -9.9000000000000000E+001 
                                     984                  4.5624348651356504E-003                 -1.7212549115523423E+000                  7.4483302569144785E+000                  2.9532865018992434E+000                  1.8208745647291650E+001                  3.0080271072433674E-006                  9.9863838157759444E-001                  1.3586103952982764E-003                  7.5492556730697952E-008                  4.4930987429899827E-001                  6.9189855570071237E-027                                        0                 -9.8999999999999986E+001                 -9.9000000000000000E+001                 -9.9000000000000000E+001 
                                     985                  3.8578743282113950E-003                 -1.7467138173888015E+000                  7.4484161952500978E+000                  2.9590037634455166E+000                  1.8214741813468788E+001                  2.6493552871983350E-006                  9.9863874202426839E-001                  1.3586086204444570E-003                  5.9394949282996127E-008                  4.0281045894371731E-001                  7.1927274981417641E-027                                        0                 -9.8999999999999986E+001                 -9.9000000000000000E+001                 -9.9000000000000000E+001 
                                     986                  3.2223154107944617E-003                 -1.7738931769784154E+000                  7.4485036225839263E+000                  2.9647378997121816E+000                  1.8220759731996143E+001                  2.3467761279618267E-006                  9.9863904627157019E-001                  1.3586069523018329E-003                  4.7267658734511900E-008                  3.6322380660958786E-001                  7.4793569676136596E-027                                        0                 -9.8999999999999986E+001                 -9.9000000000000000E+001                 -9.9000000000000000E+001 
                                     987                  2.5867564933777492E-003                 -1.8068895880138920E+000                  7.4485836835129540E+000                  2.9699157838187724E+000                  1.8226197429900520E+001                  2.1187102078387371E-006                  9.9863927573022060E-001                  1.3586055595715685E-003                  3.9023242471049086E-008                  3.3326052116295951E-001                  7.7491015432247729E-027                                        0                 -9.8999999999999986E+001                 -9.9000000000000000E+001                 -9.9000000000000000E+001 
                                     988                  2.1525005865095561E-003                 -1.8343601468711930E+000                  7.4486359374963609E+000                  2.9732581526593482E+000                  1.8229709314903300E+001                  1.9763163473200507E-006                  9.9863941909213805E-001                  1.3586045915146006E-003                  3.4236094045099535E-008                  3.1412887455418603E-001                  7.9289583170072736E-027                                        0                 -9.8999999999999986E+001                 -9.9000000000000000E+001                 -9.9000000000000000E+001 
                                     989                  1.9353726330752375E-003                 -1.8502055658427803E+000                  7.4486721865827770E+000                  2.9755598705091613E+000                  1.8232128600039232E+001                  1.8816710063459731E-006                  9.9863951443287358E-001                  1.3586038961200808E-003                  3.1212800087258547E-008                  3.0125060019993244E-001                  8.0555137091311783E-027                                        0                 -9.8999999999999986E+001                 -9.9000000000000000E+001                 -9.9000000000000000E+001 
                                     990                  1.7182446796409187E-003                 -1.8679009349495161E+000                  7.4487247189120041E+000                  2.9788711337910549E+000                  1.8235610197411422E+001                  1.7550728771405517E-006                  9.9863964200602129E-001                  1.3586029211015704E-003                  2.7377665879852084E-008                  2.8391718369984081E-001                  8.2415380352854665E-027                                        0                 -9.8999999999999986E+001                 -9.9000000000000000E+001                 -9.9000000000000000E+001 
                                     991                  1.3332480240107927E-003                 -1.9055103357226992E+000                  7.4487984579040081E+000                  2.9834703528455111E+000                  1.8240448373774047E+001                  1.5809808130005471E-006                  9.9863981762048770E-001                  1.3586013986992551E-003                  2.2470267504955735E-008                  2.5948757841671583E-001                  8.5079174566112745E-027                                        0                 -9.8999999999999986E+001                 -9.9000000000000000E+001                 -9.9000000000000000E+001 
                                     992                  9.4825136838066679E-004                 -1.9558147000410810E+000                  7.4488904424151610E+000                  2.9891290825989212E+000                  1.8246404940301197E+001                  1.3777533260730401E-006                  9.9864002290426901E-001                  1.3585993424048981E-003                  1.7305817284337185E-008                  2.3021971934741170E-001                  8.8489418649499967E-027                                        0                 -9.8999999999999986E+001                 -9.9000000000000000E+001                 -9.9000000000000000E+001 
                                     993                  4.8412660331282177E-004                 -2.0545530414767326E+000                  7.4489862179655288E+000                  2.9949248248787219E+000                  1.8252510281101451E+001                  1.2107135697155884E-006                  9.9864019187551789E-001                  1.3585974109123766E-003                  1.3557509197837110E-008                  2.0606481137158797E-001                  9.2142456894582927E-027                                        0                 -9.8999999999999986E+001                 -9.9000000000000000E+001                 -9.9000000000000000E+001 
                                     994                  2.5206422077878835E-004                 -2.1499140873672955E+000                  7.4490463031403857E+000                  2.9985129586361685E+000                  1.8256292396977607E+001                  1.1152538886421714E-006                  9.9864028858939580E-001                  1.3585961567155191E-003                  1.1606888726628685E-008                  1.9200082859345327E-001                  9.4488834519421991E-027                                        0                 -9.8999999999999986E+001                 -9.9000000000000000E+001                 -9.9000000000000000E+001 
                                     995                  1.3603302951165688E-004                 -2.2397430897016042E+000                  7.4490834181144079E+000                  3.0007111895718164E+000                  1.8258610351078875E+001                  1.0596591444052399E-006                  9.9864034497611709E-001                  1.3585953647384796E-003                  1.0535947550575091E-008                  1.8371563077448450E-001                  9.5959485911068235E-027                                        0                 -9.8999999999999986E+001                 -9.9000000000000000E+001                 -9.9000000000000000E+001 
                                     996                  7.8017433878091124E-005                 -2.3205538296200059E+000                  7.4491058331404858E+000                  3.0020321115133579E+000                  1.8260003539465316E+001                  1.0272808245800319E-006                  9.9864037783933612E-001                  1.3585948798392478E-003                  9.9344975614438291E-009                  1.7885662762370064E-001                  9.6855589453972718E-027                                        0                 -9.8999999999999986E+001                 -9.9000000000000000E+001                 -9.9000000000000000E+001 
                                     997                  4.9009636061419278E-005                 -2.3880494007401611E+000                  7.4491189467138836E+000                  3.0028025821116175E+000                  1.8260816274743391E+001                  1.0087461368148891E-006                  9.9864039666005755E-001                  1.3585945938056065E-003                  9.5976171167369853E-009                  1.7606361403181667E-001                  9.7382620643010631E-027                                        0                 -9.8999999999999986E+001                 -9.9000000000000000E+001                 -9.9000000000000000E+001 
                                     998                  3.4505737153083355E-005                 -2.4389553230920074E+000                  7.4491287855420971E+000                  3.0033795463025035E+000                  1.8261424943065904E+001                  9.9503387005404583E-007                  9.9864041058809316E-001                  1.3585943780367593E-003                  9.3518724479858911E-009                  1.7399178466056028E-001                  9.7779398820986695E-027                                        0                 -9.8999999999999986E+001                 -9.9000000000000000E+001                 -9.9000000000000000E+001 
                                     999                  2.0001838244695394E-005                 -2.5180237939221710E+000                  7.4491387678196954E+000                  3.0039639211824865E+000                  1.8262041477453039E+001                  9.8129131963900101E-007                  9.9864042455056234E-001                  1.3585941581180094E-003                  9.1085664022248427E-009                  1.7191063158282063E-001                  9.8183135899270474E-027                                        0                 -9.8999999999999986E+001                 -9.9000000000000000E+001                 -9.9000000000000000E+001 
                                    1000                  1.0000919114524390E-005                 -2.6184767630191050E+000                  7.4491464763856889E+000                  3.0044145064103032E+000                  1.8262516892493736E+001                  9.7079456555652136E-007                  9.9864043521784351E-001                  1.3585939875909725E-003                  8.9247400619097361E-009                  1.7031777499528095E-001                  9.8495724654156105E-027                                        0                 -9.8999999999999986E+001                 -9.9000000000000000E+001                 -9.9000000000000000E+001 
                                    1001                  5.0004595492168459E-006                 -2.7188891241849444E+000                  7.4491513361435802E+000                  3.0046982706460867E+000                  1.8262816308468434E+001                  9.6422819003679299E-007                  9.9864044189204426E-001                  1.3585938797656683E-003                  8.8106334954648740E-009                  1.6931989925279625E-001                  9.8693158776692467E-027                                        0                 -9.8999999999999986E+001                 -9.9000000000000000E+001                 -9.9000000000000000E+001 
                                    1002                  2.5002297666740951E-006                 -2.8192759066811748E+000                  7.4491543990549323E+000                  3.0048769964857196E+000                  1.8263004898228143E+001                  9.6010988037394766E-007                  9.9864044607843905E-001                  1.3585938116805751E-003                  8.7394172026222721E-009                  1.6869347890614647E-001                  9.8817739519161676E-027                                        0                 -9.8999999999999986E+001                 -9.9000000000000000E+001                 -9.9000000000000000E+001 
                                    1003                  1.2501148754027197E-006                 -2.9196465566222631E+000                  7.4491563291454481E+000                  3.0049895729970202E+000                  1.8263123690181565E+001                  9.5752273220364242E-007                  9.9864044870854163E-001                  1.3585937687261573E-003                  8.6948164592684410E-009                  1.6829973158577347E-001                  9.8896301921220108E-027                                        0                 -9.8999999999999986E+001                 -9.9000000000000000E+001                 -9.9000000000000000E+001 
                                    1004                  6.2505742982254237E-007                 -3.0200069959671239E+000                  7.4491575452544083E+000                  3.0050604862478183E+000                  1.8263198519531901E+001                  9.5589579486152676E-007                  9.9864045036256399E-001                  1.3585937416411564E-003                  8.6668235988618466E-009                  1.6805203258788409E-001                  9.8945825441689677E-027                                        0                 -9.8999999999999986E+001                 -9.9000000000000000E+001                 -9.9000000000000000E+001 
                                    1005                  3.1252870703245378E-007                 -3.1203609037697411E+000                  7.4491583114442506E+000                  3.0051051565276992E+000                  1.8263245657039956E+001                  9.5487202583398527E-007                  9.9864045140340540E-001                  1.3585937245688129E-003                  8.6492303377116265E-009                  1.6789612962454942E-001                  9.8977036076244398E-027                                        0                 -9.8999999999999986E+001                 -9.9000000000000000E+001                 -9.9000000000000000E+001 
                                    1006                  1.5626434664285808E-007                 -3.2207104959603661E+000                  7.4491589550481709E+000                  3.0051426754191124E+000                  1.8263285248391529E+001                  9.5401280127714775E-007                  9.9864045227697562E-001                  1.3585937102230661E-003                  8.6344775995609059E-009                  1.6776526280544329E-001                  9.9003258680426997E-027                                        0                 -9.8999999999999986E+001                 -9.9000000000000000E+001                 -9.9000000000000000E+001 
