 reading user weak rate file /home/njm/MESA/mesa-2025-summerschool-prerelease/data/rates_data/rate_tables/S13_r_be7_wk_li7.h5
 version_number 5d9f195f
 read inlist_project
 Extras startup routine
 DEBUG: colors_handle =            1
 DEBUG: colors instrument = /colors/data/filters/GAIA/GAIA
 DEBUG: colors vega_sed = /colors/data/stellar_models/vega_flam.csv
 DEBUG: colors stellar_atm = /colors/data/stellar_models/Kurucz2003all/
 DEBUG: colors metallicity =   0.57999999999999996     
 DEBUG: colors distance =    30857000000000000.     
 DEBUG: colors make_csv =  F
 DEBUG: colors use_colors =  T


 The terminal output contains the following information

      'step' is the number of steps since the start of the run,
      'lg_dt' is log10 timestep in years,
      'age_yr' is the simulated years since the start run,
      'lg_Tcntr' is log10 center temperature (K),
      'lg_Dcntr' is log10 center density (g/cm^3),
      'lg_Tmax' is log10 max temperature (K),
      'Teff' is the surface temperature (K),
      'lg_R' is log10 surface radius (Rsun),
      'lg_L' is log10 surface luminosity (Lsun),
      'lg_LH' is log10 total PP and CNO hydrogen burning power (Lsun),
      'lg_L3a' is log10 total triple-alpha helium burning power (Lsun),
      'lg_gsurf' is log10 surface gravity,
      'lg_Lnuc' is log10 nuclear power (Lsun),
      'lg_Lneu' is log10 total neutrino power (Lsun),
      'lg_Lphoto' is log10 total photodisintegration (Lsun),
      'Mass' is the total stellar baryonic mass (Msun),
      'lg_Mdot' is log10 magnitude of rate of change of mass (Msun/year),
      'lg_Dsurf' is log10 surface density (g/cm^3),
      'H_env' is the amount of mass where H is dominant,
      'He_core' is the largest mass where He is dominant.
      'CO_core' is the largest mass where CO is dominant.
      'H_cntr' is the center H1 mass fraction,
      'He_cntr' is the center He4 mass fraction,
      'C_cntr' is the center C12 mass fraction,
      'N_cntr' is the center N14 mass fraction,
      'O_cntr' is the center O16 mass fraction,
      'Ne_cntr' is the center Ne20 mass fraction,
      'gam_cntr' is the center plasma interaction parameter,
      'eta_cntr' is the center electron degeneracy parameter,
      'zones' is the number of zones in the current model,
      'iters' is the number of solver iterations for the current step,
      'retry' is the number of step retries required during the run,
      'dt_limit' is an indication of what limited the timestep.

 All this and more are saved in the LOGS directory during the run.
 create pre-main-sequence model
                                          species  mass           8    1.0000000000000000D+01

                                        relax_num_steps         100

 retry: get_T_tau -- L <= 0       1
          1   5.479619   3928.727 -21.595346 -21.595346  10.000000  10.000000   0.755800   0.000071   0.242800 -12.204779   1143      1
-5.3010E+00   5.479619   2.359908 -99.000000 -22.993214 -99.000000   0.000000   0.242800   0.000657   0.001400   0.016561      7
 5.0000E-06  -5.117241   4.051517 -99.000000 -99.000000  -7.984340   0.000000   0.000241   0.000146   0.001400  0.000E+00         retry

          2   5.478376   4124.389 -21.595499 -21.595499  10.000000  10.000000   0.755800   0.000071   0.242800 -12.202868    633      1
-5.0000E+00   5.478376   2.360115 -99.000000 -22.993368 -99.000000   0.000000   0.242800   0.000657   0.001400   0.016595      3
 1.5000E-05  -5.118275   4.136362 -99.000000 -99.000000  -8.043482   0.000000   0.000241   0.000146   0.001400  0.000E+00  max increase

          3   5.478279   4201.341 -21.595570 -21.595570  10.000000  10.000000   0.755800   0.000071   0.242800 -12.201791    422      1
-5.0000E+00   5.478279   2.360200 -99.000000 -22.993438 -99.000000   0.000000   0.242800   0.000657   0.001400   0.016603      3
 2.5000E-05  -5.117954   4.168646 -99.000000 -99.000000  -8.065877   0.000000   0.000241   0.000146   0.001400  0.000E+00        max_dt

          4   5.478177   4239.808 -21.595587 -21.595587  10.000000  10.000000   0.755800   0.000071   0.242800 -12.201061    441      1
-5.0000E+00   5.478177   2.360249 -99.000000 -22.993455 -99.000000   0.000000   0.242800   0.000657   0.001400   0.016609      3
 3.5000E-05  -5.117790   4.184577 -99.000000 -99.000000  -8.077888   0.000000   0.000241   0.000146   0.001400  0.000E+00        max_dt

          5   5.478094   4262.288 -21.595598 -21.595598  10.000000  10.000000   0.755800   0.000071   0.242800 -12.200485    438      1
-5.0000E+00   5.478094   2.360279 -99.000000 -22.993466 -99.000000   0.000000   0.242800   0.000657   0.001400   0.016614      3
 4.5000E-05  -5.117663   4.193823 -37.327719 -99.000000  -8.085285   0.000000   0.000241   0.000146   0.001400  0.000E+00        max_dt

          6   5.478022   4276.291 -21.595605 -21.595605  10.000000  10.000000   0.755800   0.000071   0.242800 -12.199993    446      1
-5.0000E+00   5.478022   2.360297 -99.000000 -22.993473 -99.000000   0.000000   0.242800   0.000657   0.001400   0.016618      3
 5.5000E-05  -5.117558   4.199558 -99.000000 -99.000000  -8.090070   0.000000   0.000241   0.000146   0.001400  0.000E+00        max_dt

          7   5.477956   4285.346 -21.595610 -21.595610  10.000000  10.000000   0.755800   0.000071   0.242800 -12.199554    444      1
-5.0000E+00   5.477956   2.360309 -99.000000 -22.993478 -99.000000   0.000000   0.242800   0.000657   0.001400   0.016622      3
 6.5000E-05  -5.117466   4.203254 -99.000000 -99.000000  -8.093244   0.000000   0.000241   0.000146   0.001400  0.000E+00        max_dt

          8   5.477895   4291.244 -21.595613 -21.595613  10.000000  10.000000   0.755800   0.000071   0.242800 -12.199155    445      1
-5.0000E+00   5.477895   2.360315 -99.000000 -22.993481 -99.000000   0.000000   0.242800   0.000657   0.001400   0.016625      3
 7.5000E-05  -5.117384   4.205656 -99.000000 -99.000000  -8.095348   0.000000   0.000241   0.000146   0.001400  0.000E+00        max_dt

          9   5.477827   4295.016 -21.595615 -21.595615  10.000000  10.000000   0.755800   0.000071   0.242800 -12.198722    450      1
-5.0000E+00   5.477827   2.360318 -99.000000 -22.993483 -99.000000   0.000000   0.242800   0.000657   0.001400   0.016629      3
 8.5000E-05  -5.117298   4.207189 -99.000000 -99.000000  -8.096708   0.000000   0.000241   0.000146   0.001400  0.000E+00        max_dt


__________________________________________________________________________________________________________________________________________________

       step    lg_Tmax     Teff     lg_LH      lg_Lnuc_tot     Mass       H_rich     H_cntr     N_cntr     Y_surf   eta_cntr   zones  retry
  lg_dt_yrs    lg_Tcntr    lg_R     lg_L3a     lg_Lneu     lg_Mdot    He_core    He_cntr    O_cntr     Z_surf   gam_cntr   iters  
    age_yrs    lg_Dcntr    lg_L     lg_LZ      lg_Lphoto   lg_Dsurf   CO_core    C_cntr     Ne_cntr    Z_cntr   v_div_cs       dt_limit
__________________________________________________________________________________________________________________________________________________

         10   5.477767   4297.297 -21.595616 -21.595616  10.000000  10.000000   0.755800   0.000071   0.242800 -12.198337    448      1
-5.0000E+00   5.477767   2.360319 -99.000000 -22.993484 -99.000000   0.000000   0.242800   0.000657   0.001400   0.016632      3
 9.5000E-05  -5.117222   4.208112 -99.000000 -99.000000  -8.097535   0.000000   0.000241   0.000146   0.001400  0.000E+00        max_dt

         11   5.477715   4298.483 -21.595617 -21.595617  10.000000  10.000000   0.755800   0.000071   0.242800 -12.198008    447      1
-5.0000E+00   5.477715   2.360317 -99.000000 -22.993485 -99.000000   0.000000   0.242800   0.000657   0.001400   0.016635      3
 1.0500E-04  -5.117156   4.208589 -99.000000 -99.000000  -8.097965   0.000000   0.000241   0.000146   0.001400  0.000E+00        max_dt

         12   5.477671   4298.859 -21.595617 -21.595617  10.000000  10.000000   0.755800   0.000071   0.242800 -12.197728    447      1
-5.0000E+00   5.477671   2.360315 -99.000000 -22.993485 -99.000000   0.000000   0.242800   0.000657   0.001400   0.016637      3
 1.1500E-04  -5.117101   4.208736 -99.000000 -99.000000  -8.098099   0.000000   0.000241   0.000146   0.001400  0.000E+00        max_dt

         13   5.477634   4298.636 -21.595616 -21.595616  10.000000  10.000000   0.755800   0.000071   0.242800 -12.197490    444      1
-5.0000E+00   5.477634   2.360311 -99.000000 -22.993485 -99.000000   0.000000   0.242800   0.000657   0.001400   0.016639      3
 1.2500E-04  -5.117053   4.208639 -99.000000 -99.000000  -8.098013   0.000000   0.000241   0.000146   0.001400  0.000E+00        max_dt

         14   5.477629   4297.961 -21.595616 -21.595616  10.000000  10.000000   0.755800   0.000071   0.242800 -12.197286    444      1
-5.0000E+00   5.477602   2.360307 -99.000000 -22.993484 -99.000000   0.000000   0.242800   0.000657   0.001400   0.016641      3
 1.3500E-04  -5.117013   4.208357 -99.000000 -99.000000  -8.097762   0.000000   0.000241   0.000146   0.001400  0.000E+00        max_dt

         15   5.477630   4296.948 -21.595615 -21.595615  10.000000  10.000000   0.755800   0.000071   0.242800 -12.197110    444      1
-5.0000E+00   5.477574   2.360302 -99.000000 -22.993483 -99.000000   0.000000   0.242800   0.000657   0.001400   0.016643      3
 1.4500E-04  -5.116978   4.207938 -37.327719 -99.000000  -8.097389   0.000000   0.000241   0.000146   0.001400  0.000E+00        max_dt

         16   5.477630   4295.682 -21.595614 -21.595614  10.000000  10.000000   0.755800   0.000071   0.242800 -12.196957    442      1
-5.0000E+00   5.477550   2.360297 -99.000000 -22.993482 -99.000000   0.000000   0.242800   0.000657   0.001400   0.016644      3
 1.5500E-04  -5.116947   4.207416 -99.000000 -99.000000  -8.096924   0.000000   0.000241   0.000146   0.001400  0.000E+00        max_dt

         17   5.477630   4294.224 -21.595613 -21.595613  10.000000  10.000000   0.755800   0.000071   0.242800 -12.196824    442      1
-5.0000E+00   5.477529   2.360292 -99.000000 -22.993481 -99.000000   0.000000   0.242800   0.000657   0.001400   0.016645      3
 1.6500E-04  -5.116921   4.206816 -99.000000 -99.000000  -8.096391   0.000000   0.000241   0.000146   0.001400  0.000E+00        max_dt

         18   5.477630   4292.627 -21.595612 -21.595612  10.000000  10.000000   0.755800   0.000071   0.242800 -12.196707    442      1
-5.0000E+00   5.477511   2.360286 -99.000000 -22.993480 -99.000000   0.000000   0.242800   0.000657   0.001400   0.016646      3
 1.7500E-04  -5.116897   4.206158 -99.000000 -99.000000  -8.095810   0.000000   0.000241   0.000146   0.001400  0.000E+00        max_dt

         19   5.477630   4290.928 -21.595611 -21.595611  10.000000  10.000000   0.755800   0.000071   0.242800 -12.196603    444      1
-5.0000E+00   5.477495   2.360280 -99.000000 -22.993479 -99.000000   0.000000   0.242800   0.000657   0.001400   0.016647      3
 1.8500E-04  -5.116877   4.205459 -37.327719 -99.000000  -8.095194   0.000000   0.000241   0.000146   0.001400  0.000E+00        max_dt


__________________________________________________________________________________________________________________________________________________

       step    lg_Tmax     Teff     lg_LH      lg_Lnuc_tot     Mass       H_rich     H_cntr     N_cntr     Y_surf   eta_cntr   zones  retry
  lg_dt_yrs    lg_Tcntr    lg_R     lg_L3a     lg_Lneu     lg_Mdot    He_core    He_cntr    O_cntr     Z_surf   gam_cntr   iters  
    age_yrs    lg_Dcntr    lg_L     lg_LZ      lg_Lphoto   lg_Dsurf   CO_core    C_cntr     Ne_cntr    Z_cntr   v_div_cs       dt_limit
__________________________________________________________________________________________________________________________________________________

         20   5.477630   4289.156 -21.595610 -21.595610  10.000000  10.000000   0.755800   0.000071   0.242800 -12.196510    444      1
-5.0000E+00   5.477480   2.360275 -99.000000 -22.993478 -99.000000   0.000000   0.242800   0.000657   0.001400   0.016648      3
 1.9500E-04  -5.116858   4.204730 -99.000000 -99.000000  -8.094555   0.000000   0.000241   0.000146   0.001400  0.000E+00        max_dt

         21   5.477630   4287.334 -21.595609 -21.595609  10.000000  10.000000   0.755800   0.000071   0.242800 -12.196428    444      1
-5.0000E+00   5.477467   2.360269 -99.000000 -22.993477 -99.000000   0.000000   0.242800   0.000657   0.001400   0.016648      3
 2.0500E-04  -5.116842   4.203981 -99.000000 -99.000000  -8.093901   0.000000   0.000241   0.000146   0.001400  0.000E+00        max_dt

         22   5.477630   4285.483 -21.595607 -21.595607  10.000000  10.000000   0.755800   0.000071   0.242800 -12.196353    444      1
-5.0000E+00   5.477456   2.360263 -99.000000 -22.993476 -99.000000   0.000000   0.242800   0.000657   0.001400   0.016649      3
 2.1500E-04  -5.116827   4.203220 -99.000000 -99.000000  -8.093240   0.000000   0.000241   0.000146   0.001400  0.000E+00        max_dt

         23   5.477630   4283.621 -21.595606 -21.595606  10.000000  10.000000   0.755800   0.000071   0.242800 -12.196286    444      1
-5.0000E+00   5.477445   2.360258 -99.000000 -22.993474 -99.000000   0.000000   0.242800   0.000657   0.001400   0.016650      3
 2.2500E-04  -5.116813   4.202453 -99.000000 -99.000000  -8.092578   0.000000   0.000241   0.000146   0.001400  0.000E+00        max_dt

         24   5.477630   4281.759 -21.595605 -21.595605  10.000000  10.000000   0.755800   0.000071   0.242800 -12.196225    444      1
-5.0000E+00   5.477436   2.360252 -99.000000 -22.993473 -99.000000   0.000000   0.242800   0.000657   0.001400   0.016650      3
 2.3500E-04  -5.116801   4.201687 -99.000000 -99.000000  -8.091918   0.000000   0.000241   0.000146   0.001400  0.000E+00        max_dt

         25   5.477631   4279.906 -21.595604 -21.595604  10.000000  10.000000   0.755800   0.000071   0.242800 -12.196170    444      1
-5.0000E+00   5.477427   2.360247 -99.000000 -22.993472 -99.000000   0.000000   0.242800   0.000657   0.001400   0.016651      3
 2.4500E-04  -5.116790   4.200924 -99.000000 -99.000000  -8.091265   0.000000   0.000241   0.000146   0.001400  0.000E+00        max_dt

         26   5.477631   4278.068 -21.595602 -21.595602  10.000000  10.000000   0.755800   0.000071   0.242800 -12.196119    444      1
-5.0000E+00   5.477419   2.360241 -99.000000 -22.993471 -99.000000   0.000000   0.242800   0.000657   0.001400   0.016651      3
 2.5500E-04  -5.116780   4.200167 -99.000000 -99.000000  -8.090620   0.000000   0.000241   0.000146   0.001400  0.000E+00        max_dt

         27   5.477631   4276.250 -21.595601 -21.595601  10.000000  10.000000   0.755800   0.000071   0.242800 -12.196073    443      1
-5.0000E+00   5.477412   2.360236 -99.000000 -22.993469 -99.000000   0.000000   0.242800   0.000657   0.001400   0.016651      3
 2.6500E-04  -5.116770   4.199419 -99.000000 -99.000000  -8.089985   0.000000   0.000241   0.000146   0.001400  0.000E+00        max_dt

         28   5.477631   4274.456 -21.595600 -21.595600  10.000000  10.000000   0.755800   0.000071   0.242800 -12.196030    445      1
-5.0000E+00   5.477405   2.360231 -99.000000 -22.993468 -99.000000   0.000000   0.242800   0.000657   0.001400   0.016652      3
 2.7500E-04  -5.116762   4.198679 -99.000000 -99.000000  -8.089360   0.000000   0.000241   0.000146   0.001400  0.000E+00        max_dt

         29   5.477631   4272.688 -21.595599 -21.595599  10.000000  10.000000   0.755800   0.000071   0.242800 -12.195991    445      1
-5.0000E+00   5.477399   2.360226 -99.000000 -22.993467 -99.000000   0.000000   0.242800   0.000657   0.001400   0.016652      3
 2.8500E-04  -5.116754   4.197951 -99.000000 -99.000000  -8.088747   0.000000   0.000241   0.000146   0.001400  0.000E+00        max_dt


__________________________________________________________________________________________________________________________________________________

       step    lg_Tmax     Teff     lg_LH      lg_Lnuc_tot     Mass       H_rich     H_cntr     N_cntr     Y_surf   eta_cntr   zones  retry
  lg_dt_yrs    lg_Tcntr    lg_R     lg_L3a     lg_Lneu     lg_Mdot    He_core    He_cntr    O_cntr     Z_surf   gam_cntr   iters  
    age_yrs    lg_Dcntr    lg_L     lg_LZ      lg_Lphoto   lg_Dsurf   CO_core    C_cntr     Ne_cntr    Z_cntr   v_div_cs       dt_limit
__________________________________________________________________________________________________________________________________________________

         30   5.477631   4270.942 -21.595598 -21.595598  10.000000  10.000000   0.755800   0.000071   0.242800 -12.195955    444      1
-5.0000E+00   5.477394   2.360221 -99.000000 -22.993466 -99.000000   0.000000   0.242800   0.000657   0.001400   0.016652      3
 2.9500E-04  -5.116747   4.197231 -99.000000 -99.000000  -8.088145   0.000000   0.000241   0.000146   0.001400  0.000E+00        max_dt

         31   5.477631   4269.209 -21.595597 -21.595597  10.000000  10.000000   0.755800   0.000071   0.242800 -12.195922    444      1
-5.0000E+00   5.477389   2.360217 -99.000000 -22.993465 -99.000000   0.000000   0.242800   0.000657   0.001400   0.016653      3
 3.0500E-04  -5.116740   4.196516 -99.000000 -99.000000  -8.087548   0.000000   0.000241   0.000146   0.001400  0.000E+00        max_dt

         32   5.477631   4267.504 -21.595595 -21.595595  10.000000  10.000000   0.755800   0.000071   0.242800 -12.195891    444      1
-5.0000E+00   5.477384   2.360212 -99.000000 -22.993464 -99.000000   0.000000   0.242800   0.000657   0.001400   0.016653      3
 3.1500E-04  -5.116734   4.195813 -99.000000 -99.000000  -8.086964   0.000000   0.000241   0.000146   0.001400  0.000E+00        max_dt

         33   5.477631   4265.836 -21.595594 -21.595594  10.000000  10.000000   0.755800   0.000071   0.242800 -12.195862    444      1
-5.0000E+00   5.477379   2.360207 -99.000000 -22.993462 -99.000000   0.000000   0.242800   0.000657   0.001400   0.016653      3
 3.2500E-04  -5.116728   4.195125 -99.000000 -99.000000  -8.086395   0.000000   0.000241   0.000146   0.001400  0.000E+00        max_dt

         34   5.477631   4264.205 -21.595593 -21.595593  10.000000  10.000000   0.755800   0.000071   0.242800 -12.195836    444      1
-5.0000E+00   5.477375   2.360203 -99.000000 -22.993461 -99.000000   0.000000   0.242800   0.000657   0.001400   0.016654      3
 3.3500E-04  -5.116722   4.194452 -37.026689 -99.000000  -8.085841   0.000000   0.000241   0.000146   0.001400  0.000E+00        max_dt

         35   5.477631   4262.613 -21.595592 -21.595592  10.000000  10.000000   0.755800   0.000071   0.242800 -12.195811    444      1
-5.0000E+00   5.477372   2.360199 -99.000000 -22.993460 -99.000000   0.000000   0.242800   0.000657   0.001400   0.016654      3
 3.4500E-04  -5.116717   4.193795 -99.000000 -99.000000  -8.085301   0.000000   0.000241   0.000146   0.001400  0.000E+00        max_dt

         36   5.477631   4261.054 -21.595591 -21.595591  10.000000  10.000000   0.755800   0.000071   0.242800 -12.195788    443      1
-5.0000E+00   5.477368   2.360194 -99.000000 -22.993459 -99.000000   0.000000   0.242800   0.000657   0.001400   0.016654      3
 3.5500E-04  -5.116713   4.193151 -99.000000 -99.000000  -8.084774   0.000000   0.000241   0.000146   0.001400  0.000E+00        max_dt

         37   5.477632   4259.527 -21.595590 -21.595590  10.000000  10.000000   0.755800   0.000071   0.242800 -12.195766    443      1
-5.0000E+00   5.477365   2.360190 -99.000000 -22.993458 -99.000000   0.000000   0.242800   0.000657   0.001400   0.016654      3
 3.6500E-04  -5.116708   4.192520 -99.000000 -99.000000  -8.084260   0.000000   0.000241   0.000146   0.001400  0.000E+00        max_dt

         38   5.477632   4258.033 -21.595589 -21.595589  10.000000  10.000000   0.755800   0.000071   0.242800 -12.195745    443      1
-5.0000E+00   5.477361   2.360186 -99.000000 -22.993457 -99.000000   0.000000   0.242800   0.000657   0.001400   0.016654      3
 3.7500E-04  -5.116704   4.191903 -99.000000 -99.000000  -8.083759   0.000000   0.000241   0.000146   0.001400  0.000E+00        max_dt

         39   5.477632   4256.575 -21.595588 -21.595588  10.000000  10.000000   0.755800   0.000071   0.242800 -12.195726    444      1
-5.0000E+00   5.477359   2.360183 -99.000000 -22.993456 -99.000000   0.000000   0.242800   0.000657   0.001400   0.016654      3
 3.8500E-04  -5.116700   4.191300 -99.000000 -99.000000  -8.083271   0.000000   0.000241   0.000146   0.001400  0.000E+00        max_dt


__________________________________________________________________________________________________________________________________________________

       step    lg_Tmax     Teff     lg_LH      lg_Lnuc_tot     Mass       H_rich     H_cntr     N_cntr     Y_surf   eta_cntr   zones  retry
  lg_dt_yrs    lg_Tcntr    lg_R     lg_L3a     lg_Lneu     lg_Mdot    He_core    He_cntr    O_cntr     Z_surf   gam_cntr   iters  
    age_yrs    lg_Dcntr    lg_L     lg_LZ      lg_Lphoto   lg_Dsurf   CO_core    C_cntr     Ne_cntr    Z_cntr   v_div_cs       dt_limit
__________________________________________________________________________________________________________________________________________________

         40   5.477632   4255.152 -21.595587 -21.595587  10.000000  10.000000   0.755800   0.000071   0.242800 -12.195708    444      1
-5.0000E+00   5.477356   2.360179 -99.000000 -22.993455 -99.000000   0.000000   0.242800   0.000657   0.001400   0.016655      3
 3.9500E-04  -5.116696   4.190711 -99.000000 -99.000000  -8.082796   0.000000   0.000241   0.000146   0.001400  0.000E+00        max_dt

         41   5.477632   4253.764 -21.595586 -21.595586  10.000000  10.000000   0.755800   0.000071   0.242800 -12.195692    444      1
-5.0000E+00   5.477353   2.360175 -99.000000 -22.993454 -99.000000   0.000000   0.242800   0.000657   0.001400   0.016655      3
 4.0500E-04  -5.116693   4.190138 -99.000000 -99.000000  -8.082334   0.000000   0.000241   0.000146   0.001400  0.000E+00        max_dt

         42   5.477632   4252.411 -21.595585 -21.595585  10.000000  10.000000   0.755800   0.000071   0.242800 -12.195676    444      1
-5.0000E+00   5.477351   2.360172 -99.000000 -22.993453 -99.000000   0.000000   0.242800   0.000657   0.001400   0.016655      3
 4.1500E-04  -5.116690   4.189578 -99.000000 -99.000000  -8.081885   0.000000   0.000241   0.000146   0.001400  0.000E+00        max_dt

         43   5.477632   4251.091 -21.595584 -21.595584  10.000000  10.000000   0.755800   0.000071   0.242800 -12.195661    444      1
-5.0000E+00   5.477349   2.360168 -99.000000 -22.993452 -99.000000   0.000000   0.242800   0.000657   0.001400   0.016655      3
 4.2500E-04  -5.116687   4.189032 -99.000000 -99.000000  -8.081449   0.000000   0.000241   0.000146   0.001400  0.000E+00        max_dt

         44   5.477632   4249.803 -21.595583 -21.595583  10.000000  10.000000   0.755800   0.000071   0.242800 -12.195647    444      1
-5.0000E+00   5.477346   2.360165 -99.000000 -22.993451 -99.000000   0.000000   0.242800   0.000657   0.001400   0.016655      3
 4.3500E-04  -5.116684   4.188498 -99.000000 -99.000000  -8.081023   0.000000   0.000241   0.000146   0.001400  0.000E+00        max_dt

         45   5.477632   4248.544 -21.595582 -21.595582  10.000000  10.000000   0.755800   0.000071   0.242800 -12.195633    444      1
-5.0000E+00   5.477344   2.360161 -99.000000 -22.993450 -99.000000   0.000000   0.242800   0.000657   0.001400   0.016655      3
 4.4500E-04  -5.116681   4.187977 -99.000000 -99.000000  -8.080609   0.000000   0.000241   0.000146   0.001400  0.000E+00        max_dt

         46   5.477707   4247.317 -21.595904 -21.595904  10.000000  10.000000   0.755800   0.000071   0.242800 -12.195568    443      1
-5.0000E+00   5.477418   2.360157 -99.000000 -22.993772 -99.000000   0.000000   0.242800   0.000657   0.001400   0.016654      3
 4.5500E-04  -5.116542   4.187467 -99.000000 -99.000000  -8.080205   0.000000   0.000241   0.000146   0.001400  0.000E+00        max_dt

         47   5.477707   4246.114 -21.595903 -21.595903  10.000000  10.000000   0.755800   0.000071   0.242800 -12.195556    443      1
-5.0000E+00   5.477416   2.360154 -99.000000 -22.993771 -99.000000   0.000000   0.242800   0.000657   0.001400   0.016654      3
 4.6500E-04  -5.116540   4.186968 -99.000000 -99.000000  -8.079811   0.000000   0.000241   0.000146   0.001400  0.000E+00        max_dt

         48   5.477708   4244.937 -21.595902 -21.595902  10.000000  10.000000   0.755800   0.000071   0.242800 -12.195544    443      1
-5.0000E+00   5.477414   2.360151 -99.000000 -22.993771 -99.000000   0.000000   0.242800   0.000657   0.001400   0.016654      3
 4.7500E-04  -5.116537   4.186481 -99.000000 -99.000000  -8.079426   0.000000   0.000241   0.000146   0.001400  0.000E+00        max_dt

         49   5.477708   4243.786 -21.595902 -21.595902  10.000000  10.000000   0.755800   0.000071   0.242800 -12.195533    443      1
-5.0000E+00   5.477413   2.360148 -99.000000 -22.993770 -99.000000   0.000000   0.242800   0.000657   0.001400   0.016654      3
 4.8500E-04  -5.116535   4.186004 -99.000000 -99.000000  -8.079051   0.000000   0.000241   0.000146   0.001400  0.000E+00        max_dt


__________________________________________________________________________________________________________________________________________________

       step    lg_Tmax     Teff     lg_LH      lg_Lnuc_tot     Mass       H_rich     H_cntr     N_cntr     Y_surf   eta_cntr   zones  retry
  lg_dt_yrs    lg_Tcntr    lg_R     lg_L3a     lg_Lneu     lg_Mdot    He_core    He_cntr    O_cntr     Z_surf   gam_cntr   iters  
    age_yrs    lg_Dcntr    lg_L     lg_LZ      lg_Lphoto   lg_Dsurf   CO_core    C_cntr     Ne_cntr    Z_cntr   v_div_cs       dt_limit
__________________________________________________________________________________________________________________________________________________

         50   5.477708   4242.658 -21.595901 -21.595901  10.000000  10.000000   0.755800   0.000071   0.242800 -12.195523    442      1
-5.0000E+00   5.477411   2.360145 -99.000000 -22.993769 -99.000000   0.000000   0.242800   0.000657   0.001400   0.016655      3
 4.9500E-04  -5.116533   4.185536 -99.000000 -99.000000  -8.078683   0.000000   0.000241   0.000146   0.001400  0.000E+00        max_dt

         51   5.477708   4241.549 -21.595901 -21.595901  10.000000  10.000000   0.755800   0.000071   0.242800 -12.195513    442      1
-5.0000E+00   5.477410   2.360142 -99.000000 -22.993769 -99.000000   0.000000   0.242800   0.000657   0.001400   0.016655      3
 5.0500E-04  -5.116531   4.185076 -99.000000 -99.000000  -8.078323   0.000000   0.000241   0.000146   0.001400  0.000E+00        max_dt

         52   5.477708   4240.460 -21.595900 -21.595900  10.000000  10.000000   0.755800   0.000071   0.242800 -12.195504    442      1
-5.0000E+00   5.477408   2.360139 -99.000000 -22.993768 -99.000000   0.000000   0.242800   0.000657   0.001400   0.016655      3
 5.1500E-04  -5.116529   4.184624 -99.000000 -99.000000  -8.077970   0.000000   0.000241   0.000146   0.001400  0.000E+00        max_dt

         53   5.477708   4239.392 -21.595899 -21.595899  10.000000  10.000000   0.755800   0.000071   0.242800 -12.195495    442      1
-5.0000E+00   5.477407   2.360137 -99.000000 -22.993768 -99.000000   0.000000   0.242800   0.000657   0.001400   0.016655      3
 5.2500E-04  -5.116527   4.184182 -99.000000 -99.000000  -8.077625   0.000000   0.000241   0.000146   0.001400  0.000E+00        max_dt

         54   5.477708   4238.346 -21.595899 -21.595899  10.000000  10.000000   0.755800   0.000071   0.242800 -12.195487    442      1
-5.0000E+00   5.477406   2.360134 -99.000000 -22.993767 -99.000000   0.000000   0.242800   0.000657   0.001400   0.016655      3
 5.3500E-04  -5.116525   4.183748 -99.000000 -99.000000  -8.077287   0.000000   0.000241   0.000146   0.001400  0.000E+00        max_dt

         55   5.477708   4237.323 -21.595898 -21.595898  10.000000  10.000000   0.755800   0.000071   0.242800 -12.195479    442      1
-5.0000E+00   5.477405   2.360132 -99.000000 -22.993766 -99.000000   0.000000   0.242800   0.000657   0.001400   0.016655      3
 5.4500E-04  -5.116524   4.183323 -99.000000 -99.000000  -8.076957   0.000000   0.000241   0.000146   0.001400  0.000E+00        max_dt

         56   5.477708   4236.321 -21.595898 -21.595898  10.000000  10.000000   0.755800   0.000071   0.242800 -12.195471    442      1
-5.0000E+00   5.477403   2.360129 -99.000000 -22.993766 -99.000000   0.000000   0.242800   0.000657   0.001400   0.016655      3
 5.5500E-04  -5.116522   4.182907 -99.000000 -99.000000  -8.076635   0.000000   0.000241   0.000146   0.001400  0.000E+00        max_dt

         57   5.477708   4235.340 -21.595897 -21.595897  10.000000  10.000000   0.755800   0.000071   0.242800 -12.195464    442      1
-5.0000E+00   5.477402   2.360126 -99.000000 -22.993765 -99.000000   0.000000   0.242800   0.000657   0.001400   0.016655      3
 5.6500E-04  -5.116520   4.182500 -99.000000 -99.000000  -8.076320   0.000000   0.000241   0.000146   0.001400  0.000E+00        max_dt

         58   5.477708   4234.379 -21.595897 -21.595897  10.000000  10.000000   0.755800   0.000071   0.242800 -12.195457    442      1
-5.0000E+00   5.477401   2.360124 -99.000000 -22.993765 -99.000000   0.000000   0.242800   0.000657   0.001400   0.016655      3
 5.7500E-04  -5.116519   4.182101 -99.000000 -99.000000  -8.076012   0.000000   0.000241   0.000146   0.001400  0.000E+00        max_dt

         59   5.477708   4233.438 -21.595896 -21.595896  10.000000  10.000000   0.755800   0.000071   0.242800 -12.195451    442      1
-5.0000E+00   5.477400   2.360122 -99.000000 -22.993764 -99.000000   0.000000   0.242800   0.000657   0.001400   0.016655      3
 5.8500E-04  -5.116518   4.181710 -99.000000 -99.000000  -8.075711   0.000000   0.000241   0.000146   0.001400  0.000E+00        max_dt


__________________________________________________________________________________________________________________________________________________

       step    lg_Tmax     Teff     lg_LH      lg_Lnuc_tot     Mass       H_rich     H_cntr     N_cntr     Y_surf   eta_cntr   zones  retry
  lg_dt_yrs    lg_Tcntr    lg_R     lg_L3a     lg_Lneu     lg_Mdot    He_core    He_cntr    O_cntr     Z_surf   gam_cntr   iters  
    age_yrs    lg_Dcntr    lg_L     lg_LZ      lg_Lphoto   lg_Dsurf   CO_core    C_cntr     Ne_cntr    Z_cntr   v_div_cs       dt_limit
__________________________________________________________________________________________________________________________________________________

         60   5.477708   4232.517 -21.595895 -21.595895  10.000000  10.000000   0.755800   0.000071   0.242800 -12.195444    442      1
-5.0000E+00   5.477399   2.360119 -99.000000 -22.993764 -99.000000   0.000000   0.242800   0.000657   0.001400   0.016655      3
 5.9500E-04  -5.116516   4.181327 -99.000000 -99.000000  -8.075416   0.000000   0.000241   0.000146   0.001400  0.000E+00        max_dt

         61   5.477708   4231.614 -21.595895 -21.595895  10.000000  10.000000   0.755800   0.000071   0.242800 -12.195438    442      1
-5.0000E+00   5.477399   2.360117 -99.000000 -22.993763 -99.000000   0.000000   0.242800   0.000657   0.001400   0.016655      3
 6.0500E-04  -5.116515   4.180952 -99.000000 -99.000000  -8.075128   0.000000   0.000241   0.000146   0.001400  0.000E+00        max_dt

         62   5.477709   4230.728 -21.595894 -21.595894  10.000000  10.000000   0.755800   0.000071   0.242800 -12.195432    442      1
-5.0000E+00   5.477398   2.360115 -99.000000 -22.993763 -99.000000   0.000000   0.242800   0.000657   0.001400   0.016655      3
 6.1500E-04  -5.116514   4.180584 -37.327719 -99.000000  -8.074846   0.000000   0.000241   0.000146   0.001400  0.000E+00        max_dt

         63   5.477709   4229.860 -21.595894 -21.595894  10.000000  10.000000   0.755800   0.000071   0.242800 -12.195427    442      1
-5.0000E+00   5.477397   2.360113 -99.000000 -22.993762 -99.000000   0.000000   0.242800   0.000657   0.001400   0.016655      3
 6.2500E-04  -5.116512   4.180223 -99.000000 -99.000000  -8.074570   0.000000   0.000241   0.000146   0.001400  0.000E+00        max_dt

         64   5.477709   4229.008 -21.595893 -21.595893  10.000000  10.000000   0.755800   0.000071   0.242800 -12.195421    441      1
-5.0000E+00   5.477396   2.360111 -99.000000 -22.993762 -99.000000   0.000000   0.242800   0.000657   0.001400   0.016655      3
 6.3500E-04  -5.116511   4.179869 -99.000000 -99.000000  -8.074299   0.000000   0.000241   0.000146   0.001400  0.000E+00        max_dt

         65   5.477709   4228.172 -21.595893 -21.595893  10.000000  10.000000   0.755800   0.000071   0.242800 -12.195416    441      1
-5.0000E+00   5.477395   2.360109 -99.000000 -22.993761 -99.000000   0.000000   0.242800   0.000657   0.001400   0.016655      3
 6.4500E-04  -5.116510   4.179521 -99.000000 -99.000000  -8.074034   0.000000   0.000241   0.000146   0.001400  0.000E+00        max_dt

         66   5.477709   4227.350 -21.595892 -21.595892  10.000000  10.000000   0.755800   0.000071   0.242800 -12.195411    441      1
-5.0000E+00   5.477395   2.360107 -99.000000 -22.993761 -99.000000   0.000000   0.242800   0.000657   0.001400   0.016656      3
 6.5500E-04  -5.116509   4.179180 -99.000000 -99.000000  -8.073773   0.000000   0.000241   0.000146   0.001400  0.000E+00        max_dt

         67   5.477709   4226.543 -21.595892 -21.595892  10.000000  10.000000   0.755800   0.000071   0.242800 -12.195406    442      1
-5.0000E+00   5.477394   2.360105 -99.000000 -22.993760 -99.000000   0.000000   0.242800   0.000657   0.001400   0.016656      3
 6.6500E-04  -5.116508   4.178844 -99.000000 -99.000000  -8.073518   0.000000   0.000241   0.000146   0.001400  0.000E+00        max_dt

         68   5.477709   4225.751 -21.595891 -21.595891  10.000000  10.000000   0.755800   0.000071   0.242800 -12.195402    442      1
-5.0000E+00   5.477393   2.360103 -99.000000 -22.993760 -99.000000   0.000000   0.242800   0.000657   0.001400   0.016656      3
 6.7500E-04  -5.116507   4.178515 -99.000000 -99.000000  -8.073268   0.000000   0.000241   0.000146   0.001400  0.000E+00        max_dt

         69   5.477709   4224.973 -21.595891 -21.595891  10.000000  10.000000   0.755800   0.000071   0.242800 -12.195397    442      1
-5.0000E+00   5.477393   2.360101 -99.000000 -22.993759 -99.000000   0.000000   0.242800   0.000657   0.001400   0.016656      3
 6.8500E-04  -5.116506   4.178191 -99.000000 -99.000000  -8.073022   0.000000   0.000241   0.000146   0.001400  0.000E+00        max_dt


__________________________________________________________________________________________________________________________________________________

       step    lg_Tmax     Teff     lg_LH      lg_Lnuc_tot     Mass       H_rich     H_cntr     N_cntr     Y_surf   eta_cntr   zones  retry
  lg_dt_yrs    lg_Tcntr    lg_R     lg_L3a     lg_Lneu     lg_Mdot    He_core    He_cntr    O_cntr     Z_surf   gam_cntr   iters  
    age_yrs    lg_Dcntr    lg_L     lg_LZ      lg_Lphoto   lg_Dsurf   CO_core    C_cntr     Ne_cntr    Z_cntr   v_div_cs       dt_limit
__________________________________________________________________________________________________________________________________________________

         70   5.477709   4224.208 -21.595890 -21.595890  10.000000  10.000000   0.755800   0.000071   0.242800 -12.195393    442      1
-5.0000E+00   5.477392   2.360099 -99.000000 -22.993759 -99.000000   0.000000   0.242800   0.000657   0.001400   0.016656      3
 6.9500E-04  -5.116505   4.177873 -99.000000 -99.000000  -8.072781   0.000000   0.000241   0.000146   0.001400  0.000E+00        max_dt

         71   5.477709   4223.458 -21.595890 -21.595890  10.000000  10.000000   0.755800   0.000071   0.242800 -12.195389    442      1
-5.0000E+00   5.477392   2.360097 -99.000000 -22.993758 -99.000000   0.000000   0.242800   0.000657   0.001400   0.016656      3
 7.0500E-04  -5.116504   4.177560 -99.000000 -99.000000  -8.072545   0.000000   0.000241   0.000146   0.001400  0.000E+00        max_dt

         72   5.477709   4222.720 -21.595889 -21.595889  10.000000  10.000000   0.755800   0.000071   0.242800 -12.195385    442      1
-5.0000E+00   5.477391   2.360095 -99.000000 -22.993758 -99.000000   0.000000   0.242800   0.000657   0.001400   0.016656      3
 7.1500E-04  -5.116503   4.177254 -99.000000 -99.000000  -8.072313   0.000000   0.000241   0.000146   0.001400  0.000E+00        max_dt

         73   5.477709   4221.996 -21.595889 -21.595889  10.000000  10.000000   0.755800   0.000071   0.242800 -12.195381    442      1
-5.0000E+00   5.477390   2.360094 -99.000000 -22.993757 -99.000000   0.000000   0.242800   0.000657   0.001400   0.016656      3
 7.2500E-04  -5.116502   4.176952 -99.000000 -99.000000  -8.072086   0.000000   0.000241   0.000146   0.001400  0.000E+00        max_dt

         74   5.477709   4221.284 -21.595888 -21.595888  10.000000  10.000000   0.755800   0.000071   0.242800 -12.195378    442      1
-5.0000E+00   5.477390   2.360092 -99.000000 -22.993757 -99.000000   0.000000   0.242800   0.000657   0.001400   0.016656      3
 7.3500E-04  -5.116502   4.176656 -99.000000 -99.000000  -8.071863   0.000000   0.000241   0.000146   0.001400  0.000E+00        max_dt

         75   5.477709   4220.585 -21.595888 -21.595888  10.000000  10.000000   0.755800   0.000071   0.242800 -12.195374    442      1
-5.0000E+00   5.477389   2.360090 -99.000000 -22.993756 -99.000000   0.000000   0.242800   0.000657   0.001400   0.016656      3
 7.4500E-04  -5.116501   4.176365 -99.000000 -99.000000  -8.071644   0.000000   0.000241   0.000146   0.001400  0.000E+00        max_dt

         76   5.477709   4219.898 -21.595887 -21.595887  10.000000  10.000000   0.755800   0.000071   0.242800 -12.195371    442      1
-5.0000E+00   5.477389   2.360089 -99.000000 -22.993756 -99.000000   0.000000   0.242800   0.000657   0.001400   0.016656      3
 7.5500E-04  -5.116500   4.176079 -99.000000 -99.000000  -8.071428   0.000000   0.000241   0.000146   0.001400  0.000E+00        max_dt

         77   5.477709   4219.220 -21.595887 -21.595887  10.000000  10.000000   0.755800   0.000071   0.242800 -12.195368    441      1
-5.0000E+00   5.477389   2.360087 -99.000000 -22.993755 -99.000000   0.000000   0.242800   0.000657   0.001400   0.016656      3
 7.6500E-04  -5.116499   4.175796 -99.000000 -99.000000  -8.071217   0.000000   0.000241   0.000146   0.001400  0.000E+00        max_dt

         78   5.477709   4218.551 -21.595887 -21.595887  10.000000  10.000000   0.755800   0.000071   0.242800 -12.195364    441      1
-5.0000E+00   5.477388   2.360085 -99.000000 -22.993755 -99.000000   0.000000   0.242800   0.000657   0.001400   0.016656      3
 7.7500E-04  -5.116499   4.175518 -99.000000 -99.000000  -8.071008   0.000000   0.000241   0.000146   0.001400  0.000E+00        max_dt

         79   5.477709   4217.892 -21.595886 -21.595886  10.000000  10.000000   0.755800   0.000071   0.242800 -12.195361    441      1
-5.0000E+00   5.477388   2.360084 -99.000000 -22.993754 -99.000000   0.000000   0.242800   0.000657   0.001400   0.016656      3
 7.8500E-04  -5.116498   4.175243 -37.327719 -99.000000  -8.070802   0.000000   0.000241   0.000146   0.001400  0.000E+00        max_dt


__________________________________________________________________________________________________________________________________________________

       step    lg_Tmax     Teff     lg_LH      lg_Lnuc_tot     Mass       H_rich     H_cntr     N_cntr     Y_surf   eta_cntr   zones  retry
  lg_dt_yrs    lg_Tcntr    lg_R     lg_L3a     lg_Lneu     lg_Mdot    He_core    He_cntr    O_cntr     Z_surf   gam_cntr   iters  
    age_yrs    lg_Dcntr    lg_L     lg_LZ      lg_Lphoto   lg_Dsurf   CO_core    C_cntr     Ne_cntr    Z_cntr   v_div_cs       dt_limit
__________________________________________________________________________________________________________________________________________________

         80   5.477710   4217.244 -21.595886 -21.595886  10.000000  10.000000   0.755800   0.000071   0.242800 -12.195358    443      1
-5.0000E+00   5.477387   2.360082 -99.000000 -22.993754 -99.000000   0.000000   0.242800   0.000657   0.001400   0.016656      3
 7.9500E-04  -5.116497   4.174973 -99.000000 -99.000000  -8.070600   0.000000   0.000241   0.000146   0.001400  0.000E+00        max_dt

         81   5.477710   4216.609 -21.595885 -21.595885  10.000000  10.000000   0.755800   0.000071   0.242800 -12.195355    443      1
-5.0000E+00   5.477387   2.360081 -99.000000 -22.993753 -99.000000   0.000000   0.242800   0.000657   0.001400   0.016656      3
 8.0500E-04  -5.116497   4.174709 -37.327719 -99.000000  -8.070402   0.000000   0.000241   0.000146   0.001400  0.000E+00        max_dt

         82   5.477710   4215.987 -21.595885 -21.595885  10.000000  10.000000   0.755800   0.000071   0.242800 -12.195353    443      1
-5.0000E+00   5.477386   2.360079 -99.000000 -22.993753 -99.000000   0.000000   0.242800   0.000657   0.001400   0.016656      3
 8.1500E-04  -5.116496   4.174450 -99.000000 -99.000000  -8.070209   0.000000   0.000241   0.000146   0.001400  0.000E+00        max_dt

         83   5.477710   4215.378 -21.595884 -21.595884  10.000000  10.000000   0.755800   0.000071   0.242800 -12.195350    443      1
-5.0000E+00   5.477386   2.360078 -99.000000 -22.993752 -99.000000   0.000000   0.242800   0.000657   0.001400   0.016656      3
 8.2500E-04  -5.116495   4.174196 -99.000000 -99.000000  -8.070019   0.000000   0.000241   0.000146   0.001400  0.000E+00        max_dt

         84   5.477710   4214.780 -21.595884 -21.595884  10.000000  10.000000   0.755800   0.000071   0.242800 -12.195347    443      1
-5.0000E+00   5.477386   2.360077 -99.000000 -22.993752 -99.000000   0.000000   0.242800   0.000657   0.001400   0.016656      3
 8.3500E-04  -5.116495   4.173946 -99.000000 -99.000000  -8.069834   0.000000   0.000241   0.000146   0.001400  0.000E+00        max_dt

         85   5.477710   4214.193 -21.595883 -21.595883  10.000000  10.000000   0.755800   0.000071   0.242800 -12.195345    443      1
-5.0000E+00   5.477385   2.360075 -99.000000 -22.993752 -99.000000   0.000000   0.242800   0.000657   0.001400   0.016656      3
 8.4500E-04  -5.116494   4.173702 -99.000000 -99.000000  -8.069651   0.000000   0.000241   0.000146   0.001400  0.000E+00        max_dt

         86   5.477710   4213.615 -21.595883 -21.595883  10.000000  10.000000   0.755800   0.000071   0.242800 -12.195343    443      1
-5.0000E+00   5.477385   2.360074 -99.000000 -22.993751 -99.000000   0.000000   0.242800   0.000657   0.001400   0.016656      3
 8.5500E-04  -5.116494   4.173461 -99.000000 -99.000000  -8.069472   0.000000   0.000241   0.000146   0.001400  0.000E+00        max_dt

         87   5.477710   4213.047 -21.595882 -21.595882  10.000000  10.000000   0.755800   0.000071   0.242800 -12.195340    443      1
-5.0000E+00   5.477385   2.360073 -99.000000 -22.993751 -99.000000   0.000000   0.242800   0.000657   0.001400   0.016656      3
 8.6500E-04  -5.116493   4.173224 -99.000000 -99.000000  -8.069296   0.000000   0.000241   0.000146   0.001400  0.000E+00        max_dt

         88   5.477710   4212.487 -21.595882 -21.595882  10.000000  10.000000   0.755800   0.000071   0.242800 -12.195338    443      1
-5.0000E+00   5.477384   2.360071 -99.000000 -22.993750 -99.000000   0.000000   0.242800   0.000657   0.001400   0.016656      3
 8.7500E-04  -5.116492   4.172991 -99.000000 -99.000000  -8.069123   0.000000   0.000241   0.000146   0.001400  0.000E+00        max_dt

         89   5.477710   4211.935 -21.595882 -21.595882  10.000000  10.000000   0.755800   0.000071   0.242800 -12.195336    443      1
-5.0000E+00   5.477384   2.360070 -99.000000 -22.993750 -99.000000   0.000000   0.242800   0.000657   0.001400   0.016656      3
 8.8500E-04  -5.116492   4.172761 -99.000000 -99.000000  -8.068952   0.000000   0.000241   0.000146   0.001400  0.000E+00        max_dt


__________________________________________________________________________________________________________________________________________________

       step    lg_Tmax     Teff     lg_LH      lg_Lnuc_tot     Mass       H_rich     H_cntr     N_cntr     Y_surf   eta_cntr   zones  retry
  lg_dt_yrs    lg_Tcntr    lg_R     lg_L3a     lg_Lneu     lg_Mdot    He_core    He_cntr    O_cntr     Z_surf   gam_cntr   iters  
    age_yrs    lg_Dcntr    lg_L     lg_LZ      lg_Lphoto   lg_Dsurf   CO_core    C_cntr     Ne_cntr    Z_cntr   v_div_cs       dt_limit
__________________________________________________________________________________________________________________________________________________

         90   5.477710   4211.392 -21.595881 -21.595881  10.000000  10.000000   0.755800   0.000071   0.242800 -12.195334    443      1
-5.0000E+00   5.477384   2.360069 -99.000000 -22.993749 -99.000000   0.000000   0.242800   0.000657   0.001400   0.016656      3
 8.9500E-04  -5.116491   4.172534 -99.000000 -99.000000  -8.068784   0.000000   0.000241   0.000146   0.001400  0.000E+00        max_dt

         91   5.477710   4210.856 -21.595881 -21.595881  10.000000  10.000000   0.755800   0.000071   0.242800 -12.195331    443      1
-5.0000E+00   5.477384   2.360068 -99.000000 -22.993749 -99.000000   0.000000   0.242800   0.000657   0.001400   0.016656      3
 9.0500E-04  -5.116491   4.172311 -99.000000 -99.000000  -8.068619   0.000000   0.000241   0.000146   0.001400  0.000E+00        max_dt

         92   5.477710   4210.328 -21.595880 -21.595880  10.000000  10.000000   0.755800   0.000071   0.242800 -12.195329    443      1
-5.0000E+00   5.477383   2.360066 -99.000000 -22.993748 -99.000000   0.000000   0.242800   0.000657   0.001400   0.016656      3
 9.1500E-04  -5.116490   4.172090 -99.000000 -99.000000  -8.068456   0.000000   0.000241   0.000146   0.001400  0.000E+00        max_dt

         93   5.477710   4209.806 -21.595880 -21.595880  10.000000  10.000000   0.755800   0.000071   0.242800 -12.195327    442      1
-5.0000E+00   5.477383   2.360065 -99.000000 -22.993748 -99.000000   0.000000   0.242800   0.000657   0.001400   0.016656      3
 9.2500E-04  -5.116490   4.171873 -99.000000 -99.000000  -8.068295   0.000000   0.000241   0.000146   0.001400  0.000E+00        max_dt

         94   5.477710   4209.291 -21.595879 -21.595879  10.000000  10.000000   0.755800   0.000071   0.242800 -12.195326    442      1
-5.0000E+00   5.477383   2.360064 -99.000000 -22.993748 -99.000000   0.000000   0.242800   0.000657   0.001400   0.016656      3
 9.3500E-04  -5.116489   4.171658 -99.000000 -99.000000  -8.068136   0.000000   0.000241   0.000146   0.001400  0.000E+00        max_dt

         95   5.477710   4208.781 -21.595879 -21.595879  10.000000  10.000000   0.755800   0.000071   0.242800 -12.195324    442      1
-5.0000E+00   5.477383   2.360063 -99.000000 -22.993747 -99.000000   0.000000   0.242800   0.000657   0.001400   0.016656      3
 9.4500E-04  -5.116489   4.171445 -99.000000 -99.000000  -8.067980   0.000000   0.000241   0.000146   0.001400  0.000E+00        max_dt

         96   5.477710   4208.278 -21.595879 -21.595879  10.000000  10.000000   0.755800   0.000071   0.242800 -12.195322    442      1
-5.0000E+00   5.477382   2.360062 -99.000000 -22.993747 -99.000000   0.000000   0.242800   0.000657   0.001400   0.016656      3
 9.5500E-04  -5.116489   4.171235 -99.000000 -99.000000  -8.067825   0.000000   0.000241   0.000146   0.001400  0.000E+00        max_dt

         97   5.477710   4207.783 -21.595878 -21.595878  10.000000  10.000000   0.755800   0.000071   0.242800 -12.195320    442      1
-5.0000E+00   5.477382   2.360061 -99.000000 -22.993746 -99.000000   0.000000   0.242800   0.000657   0.001400   0.016656      3
 9.6500E-04  -5.116488   4.171029 -99.000000 -99.000000  -8.067672   0.000000   0.000241   0.000146   0.001400  0.000E+00        max_dt

         98   5.477710   4207.294 -21.595878 -21.595878  10.000000  10.000000   0.755800   0.000071   0.242800 -12.195318    442      1
-5.0000E+00   5.477382   2.360060 -99.000000 -22.993746 -99.000000   0.000000   0.242800   0.000657   0.001400   0.016656      3
 9.7500E-04  -5.116488   4.170825 -99.000000 -99.000000  -8.067522   0.000000   0.000241   0.000146   0.001400  0.000E+00        max_dt

         99   5.477710   4206.812 -21.595877 -21.595877  10.000000  10.000000   0.755800   0.000071   0.242800 -12.195317    442      1
-5.0000E+00   5.477382   2.360059 -99.000000 -22.993745 -99.000000   0.000000   0.242800   0.000657   0.001400   0.016656      3
 9.8500E-04  -5.116487   4.170624 -99.000000 -99.000000  -8.067375   0.000000   0.000241   0.000146   0.001400  0.000E+00        max_dt


__________________________________________________________________________________________________________________________________________________

       step    lg_Tmax     Teff     lg_LH      lg_Lnuc_tot     Mass       H_rich     H_cntr     N_cntr     Y_surf   eta_cntr   zones  retry
  lg_dt_yrs    lg_Tcntr    lg_R     lg_L3a     lg_Lneu     lg_Mdot    He_core    He_cntr    O_cntr     Z_surf   gam_cntr   iters  
    age_yrs    lg_Dcntr    lg_L     lg_LZ      lg_Lphoto   lg_Dsurf   CO_core    C_cntr     Ne_cntr    Z_cntr   v_div_cs       dt_limit
__________________________________________________________________________________________________________________________________________________

        100   5.477710   4206.338 -21.595877 -21.595877  10.000000  10.000000   0.755800   0.000071   0.242800 -12.195315    442      1
-5.0000E+00   5.477382   2.360058 -99.000000 -22.993745 -99.000000   0.000000   0.242800   0.000657   0.001400   0.016656      3
 9.9500E-04  -5.116487   4.170426 -99.000000 -99.000000  -8.067229   0.000000   0.000241   0.000146   0.001400  0.000E+00        max_dt


 finished doing relax num steps


                                relax_to_radiative_core

          1   5.477711   4205.870 -21.595876 -21.595876  10.000000  10.000000   0.755800   0.000071   0.242800 -12.195314    442      0
-5.0000E+00   5.477381   2.360057 -99.000000 -22.993745 -99.000000   0.000000   0.242800   0.000657   0.001400   0.016656      3
 1.0000E-05  -5.116487   4.170231 -99.000000 -99.000000  -8.067086   0.000000   0.000241   0.000146   0.001400  0.000E+00        max_dt

           waiting for fully convective core to develop           1    1.8295551342791615D-02
          2   5.477711   4204.962 -21.595876 -21.595876  10.000000  10.000000   0.755800   0.000071   0.242800 -12.195311    442      0
-4.6990E+00   5.477381   2.360055 -99.000000 -22.993744 -99.000000   0.000000   0.242800   0.000657   0.001400   0.016656      3
 3.0000E-05  -5.116486   4.169852 -37.026689 -99.000000  -8.066808   0.000000   0.000241   0.000146   0.001400  0.000E+00  max increase

           waiting for fully convective core to develop           2    1.8295542843919287D-02
          3   5.477711   4203.245 -21.595874 -21.595874  10.000000  10.000000   0.755800   0.000071   0.242800 -12.195305    442      0
-4.3979E+00   5.477380   2.360051 -99.000000 -22.993742 -99.000000   0.000000   0.242800   0.000657   0.001400   0.016656      3
 7.0000E-05  -5.116484   4.169135 -99.000000 -99.000000  -8.066283   0.000000   0.000241   0.000146   0.001400  0.000E+00  max increase

           waiting for fully convective core to develop           3    1.8295526036267815D-02
          4   5.477711   4200.146 -21.595871 -21.595871  10.000000  10.000000   0.755800   0.000071   0.242800 -12.195296    442      0
-4.0969E+00   5.477379   2.360045 -99.000000 -22.993739 -99.000000   0.000000   0.242800   0.000657   0.001400   0.016656      3
 1.5000E-04  -5.116482   4.167841 -99.000000 -99.000000  -8.065339   0.000000   0.000241   0.000146   0.001400  0.000E+00  max increase

           waiting for fully convective core to develop           4    1.8295493140190536D-02
          5   5.477712   4194.615 -21.595864 -21.595864  10.000000  10.000000   0.755800   0.000071   0.242800 -12.195283    442      0
-3.7959E+00   5.477378   2.360035 -99.000000 -22.993732 -99.000000   0.000000   0.242800   0.000657   0.001400   0.016657      3
 3.1000E-04  -5.116478   4.165532 -99.000000 -99.000000  -8.063665   0.000000   0.000241   0.000146   0.001400  0.000E+00  max increase

           waiting for fully convective core to develop           5    1.8295429931741845D-02
          6   5.477713   4186.932 -21.595852 -21.595852  10.000000  10.000000   0.755800   0.000071   0.242800 -12.195267    442      0
-3.4949E+00   5.477377   2.360025 -99.000000 -22.993720 -99.000000   0.000000   0.242800   0.000657   0.001400   0.016657      3
 6.3000E-04  -5.116473   4.162327 -99.000000 -99.000000  -8.061364   0.000000   0.000241   0.000146   0.001400  0.000E+00  max increase

           waiting for fully convective core to develop           6    1.8295311955940145D-02
          7   5.477715   4177.759 -21.595827 -21.595827  10.000000  10.000000   0.755800   0.000071   0.242800 -12.195251    443      0
-3.1938E+00   5.477377   2.360023 -99.000000 -22.993695 -99.000000   0.000000   0.242800   0.000657   0.001400   0.016657      3
 1.2700E-03  -5.116466   4.158513 -99.000000 -99.000000  -8.058655   0.000000   0.000241   0.000146   0.001400  0.000E+00  max increase

           waiting for fully convective core to develop           7    1.8295099477681799D-02
          8   5.477718   4170.039 -21.595777 -21.595777  10.000000  10.000000   0.755800   0.000071   0.242800 -12.195238    442      0
-2.8928E+00   5.477379   2.360052 -99.000000 -22.993646 -99.000000   0.000000   0.242800   0.000657   0.001400   0.016657      3
 2.5500E-03  -5.116458   4.155358 -99.000000 -99.000000  -8.056432   0.000000   0.000241   0.000146   0.001400  0.000E+00  max increase

           waiting for fully convective core to develop           8    1.8294725483931813D-02
          9   5.477724   4167.605 -21.595680 -21.595680  10.000000  10.000000   0.755800   0.000071   0.242800 -12.195227    442      0
-2.5918E+00   5.477384   2.360149 -99.000000 -22.993548 -99.000000   0.000000   0.242800   0.000657   0.001400   0.016657      3
 5.1100E-03  -5.116445   4.154537 -99.000000 -99.000000  -8.055835   0.000000   0.000241   0.000146   0.001400  0.000E+00  max increase

           waiting for fully convective core to develop           9    1.7248159590427061D-03

__________________________________________________________________________________________________________________________________________________

       step    lg_Tmax     Teff     lg_LH      lg_Lnuc_tot     Mass       H_rich     H_cntr     N_cntr     Y_surf   eta_cntr   zones  retry
  lg_dt_yrs    lg_Tcntr    lg_R     lg_L3a     lg_Lneu     lg_Mdot    He_core    He_cntr    O_cntr     Z_surf   gam_cntr   iters  
    age_yrs    lg_Dcntr    lg_L     lg_LZ      lg_Lphoto   lg_Dsurf   CO_core    C_cntr     Ne_cntr    Z_cntr   v_div_cs       dt_limit
__________________________________________________________________________________________________________________________________________________

         10   5.477735   4172.886 -21.595489 -21.595489  10.000000  10.000000   0.755800   0.000071   0.242800 -12.195213    444      0
-2.2907E+00   5.477396   2.360361 -99.000000 -22.993357 -99.000000   0.000000   0.242800   0.000657   0.001400   0.016657      3
 1.0230E-02  -5.116422   4.157161 -99.000000 -99.000000  -8.057613   0.000000   0.000241   0.000146   0.001400  0.000E+00  max increase

           waiting for fully convective core to develop          10    1.7248361926748316D-03
         11   5.477755   4185.334 -21.595122 -21.595122  10.000000  10.000000   0.755800   0.000071   0.242800 -12.195192    444      0
-1.9897E+00   5.477418   2.360734 -99.000000 -22.992990 -99.000000   0.000000   0.242800   0.000657   0.001400   0.016656      3
 2.0470E-02  -5.116379   4.163081 -99.000000 -99.000000  -8.061697   0.000000   0.000241   0.000146   0.001400  0.000E+00  max increase

           waiting for fully convective core to develop          11    1.7247335937439091D-03
         12   5.477793   4201.275 -21.594426 -21.594426  10.000000  10.000000   0.755800   0.000071   0.242800 -12.195151    444      0
-1.6887E+00   5.477460   2.361288 -99.000000 -22.992294 -99.000000   0.000000   0.242800   0.000657   0.001400   0.016656      3
 4.0950E-02  -5.116298   4.170794 -37.327719 -99.000000  -8.067099   0.000000   0.000241   0.000146   0.001400  0.000E+00  max increase

           waiting for fully convective core to develop          12    3.3944866732305392D-04
         13   5.477867   4215.994 -21.593112 -21.593112  10.000000  10.000000   0.755800   0.000071   0.242800 -12.195072    444      0
-1.3876E+00   5.477542   2.361980 -99.000000 -22.990980 -99.000000   0.000000   0.242800   0.000657   0.001400   0.016655      3
 8.1910E-02  -5.116141   4.178253 -99.000000 -99.000000  -8.072388   0.000000   0.000241   0.000146   0.001400  0.000E+00  max increase

           waiting for fully convective core to develop          13    8.5767703177176127D-04
         14   5.478012   4226.729 -21.590711 -21.590711  10.000000  10.000000   0.755800   0.000071   0.242800 -12.194918    446      0
-1.0866E+00   5.477701   2.362678 -99.000000 -22.988579 -99.000000   0.000000   0.242800   0.000657   0.001400   0.016652      3
 1.6383E-01  -5.115835   4.184067 -99.000000 -99.000000  -8.076533   0.000000   0.000241   0.000146   0.001400  0.000E+00  max increase

           waiting for fully convective core to develop          14    8.5941571497460793D-04
         15   5.478267   4232.388 -21.586408 -21.586408  10.000000  10.000000   0.755800   0.000071   0.242800 -12.194615    446      0
-7.8558E-01   5.478012   2.363204 -99.000000 -22.984277 -99.000000   0.000000   0.242800   0.000657   0.001400   0.016648      3
 3.2767E-01  -5.115236   4.187444 -99.000000 -99.000000  -8.078924   0.000000   0.000241   0.000146   0.001400  0.000E+00  max increase

           waiting for fully convective core to develop          15    4.2220030804659096D-04
         16   5.478668   4235.103 -21.578568 -21.578568  10.000000  10.000000   0.755800   0.000071   0.242800 -12.194034    446      0
-4.8455E-01   5.478602   2.363366 -99.000000 -22.976436 -99.000000   0.000000   0.242800   0.000657   0.001400   0.016640      3
 6.5535E-01  -5.114099   4.188882 -99.000000 -99.000000  -8.079973   0.000000   0.000241   0.000146   0.001400  0.000E+00  max increase

           waiting for fully convective core to develop          16    2.0010721848264367D-04
         17   5.479708   4236.694 -21.563553 -21.563553  10.000000  10.000000   0.755800   0.000071   0.242800 -12.192968    446      0
-1.8352E-01   5.479708   2.362941 -99.000000 -22.961421 -99.000000   0.000000   0.242800   0.000657   0.001400   0.016625      3
 1.3107E+00  -5.111978   4.188684 -99.000000 -99.000000  -8.079991   0.000000   0.000241   0.000146   0.001400  0.000E+00  max increase

           waiting for fully convective core to develop          17    1.6181038369018983D-04
         18   5.481800   4238.501 -21.533881 -21.533881  10.000000  10.000000   0.755800   0.000071   0.242800 -12.190935    446      0
 1.1751E-01   5.481800   2.361592 -99.000000 -22.931749 -99.000000   0.000000   0.242800   0.000657   0.001400   0.016596      3
 2.6214E+00  -5.107957   4.186727 -99.000000 -99.000000  -8.079016   0.000000   0.000241   0.000146   0.001400  0.000E+00  max increase

           waiting for fully convective core to develop          18    1.3790340183418380D-04
         19   5.484806   4241.651 -21.475465 -21.475465  10.000000  10.000000   0.755800   0.000071   0.242800 -12.180411    446      0
 4.1854E-01   5.484806   2.358697 -99.000000 -22.873333 -99.000000   0.000000   0.242800   0.000657   0.001400   0.016597      3
 5.2429E+00  -5.098878   4.182227 -99.000000 -99.000000  -8.076690   0.000000   0.000241   0.000146   0.001400  0.000E+00  max increase

           waiting for fully convective core to develop          19    2.4715345975486124D-05

__________________________________________________________________________________________________________________________________________________

       step    lg_Tmax     Teff     lg_LH      lg_Lnuc_tot     Mass       H_rich     H_cntr     N_cntr     Y_surf   eta_cntr   zones  retry
  lg_dt_yrs    lg_Tcntr    lg_R     lg_L3a     lg_Lneu     lg_Mdot    He_core    He_cntr    O_cntr     Z_surf   gam_cntr   iters  
    age_yrs    lg_Dcntr    lg_L     lg_LZ      lg_Lphoto   lg_Dsurf   CO_core    C_cntr     Ne_cntr    Z_cntr   v_div_cs       dt_limit
__________________________________________________________________________________________________________________________________________________

         20   5.490612   4247.501 -21.362735 -21.362735  10.000000  10.000000   0.755800   0.000071   0.242800 -12.160254    445      0
 7.1957E-01   5.490612   2.353026 -99.000000 -22.760603 -99.000000   0.000000   0.242800   0.000657   0.001400   0.016597      3
 1.0486E+01  -5.081414   4.173280 -99.000000 -99.000000  -8.072035   0.000000   0.000241   0.000146   0.001400  0.000E+00  max increase

             relative mass of radiative core still tiny          20    7.8125748204094236D-08
         21   5.501518   4260.226 -21.152041 -21.152041  10.000000  10.000000   0.755800   0.000071   0.242800 -12.122467    449      0
 1.0206E+00   5.501518   2.342342 -99.000000 -22.549909 -99.000000   0.000000   0.242800   0.000657   0.001400   0.016598      3
 2.0972E+01  -5.048645   4.157108 -99.000000 -99.000000  -8.063837   0.000000   0.000241   0.000146   0.001400  0.000E+00  max increase

             relative mass of radiative core still tiny          21    7.8125747760005027D-08
         22   5.516506   4275.098 -20.864720 -20.864720  10.000000  10.000000   0.755800   0.000071   0.242800 -12.070537    444      0
 1.1974E+00   5.516506   2.327650 -99.000000 -22.262588 -99.000000   0.000000   0.242800   0.000657   0.001400   0.016599      3
 3.6726E+01  -5.003610   4.133777 -99.000000 -99.000000  -8.051752   0.000000   0.000241   0.000146   0.001400  0.000E+00    varcontrol

             relative mass of radiative core still tiny          22    7.8125747760005027D-08
         23   5.533880   4295.209 -20.535058 -20.535058  10.000000  10.000000   0.755800   0.000071   0.242800 -12.010363    449      0
 1.3053E+00   5.533880   2.310571 -99.000000 -21.932926 -99.000000   0.000000   0.242800   0.000657   0.001400   0.016600      3
 5.6923E+01  -4.951416   4.107772 -99.000000 -99.000000  -8.038753   0.000000   0.000241   0.000146   0.001400  0.000E+00    varcontrol

             relative mass of radiative core still tiny          23    7.8125747537960422D-08
         24   5.552474   4315.690 -20.186329 -20.186329  10.000000  10.000000   0.755800   0.000071   0.242800 -11.945978    450      0
 1.3820E+00   5.552474   2.292264 -99.000000 -21.584197 -99.000000   0.000000   0.242800   0.000657   0.001400   0.016601      3
 8.1025E+01  -4.895563   4.079423 -99.000000 -99.000000  -8.024622   0.000000   0.000241   0.000146   0.001400  0.000E+00    varcontrol

             relative mass of radiative core still tiny          24    7.8125747982049631D-08
         25   5.571682   4337.057 -19.830482 -19.830482  10.000000  10.000000   0.755800   0.000071   0.242800 -11.879480    441      0
 1.4450E+00   5.571682   2.273315 -99.000000 -21.228350 -99.000000   0.000000   0.242800   0.000657   0.001400   0.016602      3
 1.0889E+02  -4.837871   4.050105 -99.000000 -99.000000  -8.010277   0.000000   0.000241   0.000146   0.001400  0.000E+00    varcontrol

             relative mass of radiative core still tiny          25    7.8125747315915817D-08
         26   5.591030   4357.975 -19.476553 -19.476553  10.000000  10.000000   0.755800   0.000071   0.242800 -11.812516    446      0
 1.4976E+00   5.591030   2.254199 -99.000000 -20.874422 -99.000000   0.000000   0.242800   0.000657   0.001400   0.016602      3
 1.4034E+02  -4.779768   4.020231 -99.000000 -99.000000  -7.995833   0.000000   0.000241   0.000146   0.001400  0.000E+00    varcontrol

             relative mass of radiative core still tiny          26    7.8125747982049631D-08
         27   5.610305   4378.467 -19.128362 -19.128362  10.000000  10.000000   0.755800   0.000071   0.242800 -11.745812    445      0
 1.5455E+00   5.610305   2.235124 -99.000000 -20.526230 -99.000000   0.000000   0.242800   0.000657   0.001400   0.016603      3
 1.7546E+02  -4.721885   3.990230 -99.000000 -99.000000  -7.981560   0.000000   0.000241   0.000146   0.001400  0.000E+00    varcontrol

             relative mass of radiative core still tiny          27    7.8125747982049631D-08
         28   5.629546   4399.870 -18.785149 -18.785149  10.000000  10.000000   0.755800   0.000071   0.242800 -11.679242    450      0
 1.5939E+00   5.629546   2.216051 -99.000000 -20.183017 -99.000000   0.000000   0.242800   0.000657   0.001400   0.016604      3
 2.1471E+02  -4.664113   3.960555 -99.000000 -99.000000  -7.968005   0.000000   0.000241   0.000146   0.001400  0.000E+00    varcontrol

             relative mass of radiative core still tiny          28    7.8125747982049631D-08
         29   5.648722   4418.039 -18.447328 -18.447328  10.000000  10.000000   0.755800   0.000071   0.242800 -11.612896    449      0
 1.6427E+00   5.648722   2.197026 -99.000000 -19.845196 -99.000000   0.000000   0.242800   0.000657   0.001400   0.016604      3
 2.5864E+02  -4.606534   3.929664 -99.000000 -99.000000  -7.953446   0.000000   0.000241   0.000146   0.001400  0.000E+00    varcontrol

             relative mass of radiative core still tiny          29    7.8125748426138841D-08

__________________________________________________________________________________________________________________________________________________

       step    lg_Tmax     Teff     lg_LH      lg_Lnuc_tot     Mass       H_rich     H_cntr     N_cntr     Y_surf   eta_cntr   zones  retry
  lg_dt_yrs    lg_Tcntr    lg_R     lg_L3a     lg_Lneu     lg_Mdot    He_core    He_cntr    O_cntr     Z_surf   gam_cntr   iters  
    age_yrs    lg_Dcntr    lg_L     lg_LZ      lg_Lphoto   lg_Dsurf   CO_core    C_cntr     Ne_cntr    Z_cntr   v_div_cs       dt_limit
__________________________________________________________________________________________________________________________________________________

         30   5.667913   4439.842 -18.113458 -18.113458  10.000000  10.000000   0.755800   0.000071   0.242800 -11.546513    449      0
 1.6920E+00   5.667913   2.177950 -99.000000 -19.511326 -99.000000   0.000000   0.242800   0.000657   0.001400   0.016605      3
 3.0784E+02  -4.548919   3.900063 -33.715360 -99.000000  -7.940844   0.000000   0.000241   0.000146   0.001400  0.000E+00    varcontrol

             relative mass of radiative core still tiny          30    7.8125747982049631D-08
         31   5.687140   4460.069 -17.783093 -17.783093  10.000000  10.000000   0.755800   0.000071   0.242800 -11.480009    470      0
 1.7425E+00   5.687140   2.158820 -99.000000 -19.180961 -99.000000   0.000000   0.242800   0.000657   0.001400   0.016605      3
 3.6311E+02  -4.491195   3.869699 -99.000000 -99.000000  -7.927889   0.000000   0.000241   0.000146   0.001400  0.000E+00    varcontrol

             relative mass of radiative core still tiny          31    7.8125748648183446D-08
         32   5.706498   4479.891 -17.454619 -17.454619  10.000000  10.000000   0.755800   0.000071   0.242800 -11.413061    461      0
 1.7958E+00   5.706498   2.139540 -99.000000 -18.852487 -99.000000   0.000000   0.242800   0.000657   0.001400   0.016606      3
 4.2560E+02  -4.433083   3.838844 -33.113300 -99.000000  -7.914996   0.000000   0.000241   0.000146   0.001400  0.000E+00    varcontrol

             relative mass of radiative core still tiny          32    7.8125747760005027D-08
         33   5.725882   4500.074 -17.129784 -17.129784  10.000000  10.000000   0.755800   0.000071   0.242800 -11.346026    477      0
 1.8468E+00   5.725882   2.120213 -99.000000 -18.527652 -99.000000   0.000000   0.242800   0.000657   0.001400   0.016606      3
 4.9587E+02  -4.374893   3.807999 -99.000000 -99.000000  -7.902667   0.000000   0.000241   0.000146   0.001400  0.000E+00    varcontrol

             relative mass of radiative core still tiny          33    7.8125748204094236D-08
         34   5.744994   4519.224 -16.809856 -16.809856  10.000000  10.000000   0.755800   0.000071   0.242800 -11.277660    479      0
 1.8964E+00   5.744994   2.100919 -99.000000 -18.207725 -99.000000   0.000000   0.242800   0.000657   0.001400   0.016619      3
 5.7464E+02  -4.316533   3.776788 -99.000000 -99.000000  -7.890188   0.000000   0.000241   0.000146   0.001400  0.000E+00    varcontrol

             relative mass of radiative core still tiny          34    7.8125747760005027D-08
         35   5.763586   4539.031 -16.494258 -16.494258  10.000000  10.000000   0.755800   0.000071   0.242800 -11.204869    484      0
 1.9481E+00   5.763586   2.081573 -99.000000 -17.892126 -99.000000   0.000000   0.242800   0.000657   0.001400   0.016667      3
 6.6337E+02  -4.257032   3.745693 -99.000000 -99.000000  -7.878361   0.000000   0.000241   0.000146   0.001400  0.000E+00    varcontrol

                 finished relax to begin radiative core          35    8.5331425644577831D-03

 finished doing relax_to_radiative_core

 read my_history_columns.list
 read my_profile_columns.list
                                 set_initial_dt (years)    1.0000000000000000D+00
                             set_initial_number_retries           0
 net name basic.net
 kap_option gs98
 kap_CO_option gs98_co
 kap_lowT_option lowT_fa05_gs98
                                        OMP_NUM_THREADS          16


__________________________________________________________________________________________________________________________________________________

       step    lg_Tmax     Teff     lg_LH      lg_Lnuc_tot     Mass       H_rich     H_cntr     N_cntr     Y_surf   eta_cntr   zones  retry
  lg_dt_yrs    lg_Tcntr    lg_R     lg_L3a     lg_Lneu     lg_Mdot    He_core    He_cntr    O_cntr     Z_surf   gam_cntr   iters  
    age_yrs    lg_Dcntr    lg_L     lg_LZ      lg_Lphoto   lg_Dsurf   CO_core    C_cntr     Ne_cntr    Z_cntr   v_div_cs       dt_limit
__________________________________________________________________________________________________________________________________________________

          1   5.763795   4539.216 -16.490728 -16.490728  10.000000  10.000000   0.755800   0.000071   0.242800 -11.204049    484      0
 0.0000E+00   5.763795   2.081356 -99.000000 -17.888596  -7.660939   0.000000   0.242800   0.000657   0.001400   0.016668      2
 1.0000E+00  -4.256362   3.745328 -99.000000 -99.000000  -7.878242   0.000000   0.000241   0.000146   0.001400  0.000E+00    varcontrol

save LOGS/profile1.data for model 1
          2   5.764046   4539.746 -16.486497 -16.486497  10.000000  10.000000   0.755800   0.000071   0.242800 -11.203067    482      0
 7.9181E-02   5.764046   2.081094 -99.000000 -17.884366  -7.661614   0.000000   0.242800   0.000657   0.001400   0.016668      3
 2.2000E+00  -4.255559   3.745008 -99.000000 -99.000000  -7.878240   0.000000   0.000241   0.000146   0.001400  0.000E+00  max increase

          3   5.764346   4540.039 -16.481431 -16.481431  10.000000  10.000000   0.755800   0.000071   0.242800 -11.201889    482      0
 1.5836E-01   5.764346   2.080781 -99.000000 -17.879300  -7.662266   0.000000   0.242800   0.000657   0.001400   0.016669      2
 3.6400E+00  -4.254597   3.744494 -99.000000 -99.000000  -7.878036   0.000000   0.000241   0.000146   0.001400  0.000E+00  max increase

          4   5.764705   4540.392 -16.475368 -16.475368  10.000000  10.000000   0.755800   0.000071   0.242800 -11.200477    483      0
 2.3754E-01   5.764705   2.080407 -99.000000 -17.873236  -7.663221   0.000000   0.242800   0.000657   0.001400   0.016670      2
 5.3680E+00  -4.253445   3.743880 -99.000000 -99.000000  -7.877792   0.000000   0.000241   0.000146   0.001400  0.000E+00  max increase

          5   5.765135   4540.812 -16.468114 -16.468114  10.000000  10.000000   0.755800   0.000071   0.242800 -11.198786    483      0
 3.1672E-01   5.765135   2.079959 -99.000000 -17.865982  -7.664364   0.000000   0.242800   0.000657   0.001400   0.016671      3
 7.4416E+00  -4.252065   3.743145 -99.000000 -99.000000  -7.877500   0.000000   0.000241   0.000146   0.001400  0.000E+00  max increase

          6   5.765649   4541.315 -16.459442 -16.459442  10.000000  10.000000   0.755800   0.000071   0.242800 -11.196760    483      0
 3.9591E-01   5.765649   2.079423 -99.000000 -17.857310  -7.665732   0.000000   0.242800   0.000657   0.001400   0.016673     10
 9.9299E+00  -4.250414   3.742265 -99.000000 -99.000000  -7.877150   0.000000   0.000241   0.000146   0.001400  0.000E+00  max increase

          7   5.766264   4542.351 -16.449077 -16.449077  10.000000  10.000000   0.755800   0.000071   0.242800 -11.194333    485      0
 4.7509E-01   5.766264   2.078781 -99.000000 -17.846945  -7.667369   0.000000   0.242800   0.000657   0.001400   0.016674      3
 1.2916E+01  -4.248439   3.741378 -99.000000 -99.000000  -7.876990   0.000000   0.000241   0.000146   0.001400  0.000E+00  max increase

          8   5.766997   4543.078 -16.436705 -16.436705  10.000000  10.000000   0.755800   0.000071   0.242800 -11.191429    485      0
 5.5427E-01   5.766997   2.078015 -99.000000 -17.834573  -7.669105   0.000000   0.242800   0.000657   0.001400   0.016676      3
 1.6499E+01  -4.246078   3.740124 -99.000000 -99.000000  -7.876497   0.000000   0.000241   0.000146   0.001400  0.000E+00  max increase

          9   5.767871   4543.944 -16.421951 -16.421951  10.000000  10.000000   0.755800   0.000071   0.242800 -11.187954    485      0
 6.3345E-01   5.767871   2.077101 -99.000000 -17.819820  -7.671439   0.000000   0.242800   0.000657   0.001400   0.016679      3
 2.0799E+01  -4.243257   3.738628 -99.000000 -99.000000  -7.875908   0.000000   0.000241   0.000146   0.001400  0.000E+00  max increase


__________________________________________________________________________________________________________________________________________________

       step    lg_Tmax     Teff     lg_LH      lg_Lnuc_tot     Mass       H_rich     H_cntr     N_cntr     Y_surf   eta_cntr   zones  retry
  lg_dt_yrs    lg_Tcntr    lg_R     lg_L3a     lg_Lneu     lg_Mdot    He_core    He_cntr    O_cntr     Z_surf   gam_cntr   iters  
    age_yrs    lg_Dcntr    lg_L     lg_LZ      lg_Lphoto   lg_Dsurf   CO_core    C_cntr     Ne_cntr    Z_cntr   v_div_cs       dt_limit
__________________________________________________________________________________________________________________________________________________

         10   5.768913   4545.249 -16.404374 -16.404374   9.999999   9.999999   0.755800   0.000071   0.242800 -11.183800    486      0
 7.1263E-01   5.768913   2.076011 -99.000000 -17.802242  -7.674225   0.000000   0.242800   0.000657   0.001400   0.016682      3
 2.5959E+01  -4.239891   3.736946 -99.000000 -99.000000  -7.875369   0.000000   0.000241   0.000146   0.001400  0.000E+00  max increase

         11   5.770151   4546.498 -16.383468 -16.383468   9.999999   9.999999   0.755800   0.000071   0.242800 -11.178837    487      0
 7.9181E-01   5.770151   2.074713 -99.000000 -17.781337  -7.677409   0.000000   0.242800   0.000657   0.001400   0.016686     10
 3.2150E+01  -4.235878   3.734829 -99.000000 -99.000000  -7.874546   0.000000   0.000241   0.000146   0.001400  0.000E+00  max increase

         12   5.771621   4547.956 -16.358648 -16.358648   9.999999   9.999999   0.755800   0.000071   0.242800 -11.172913    487      0
 8.7099E-01   5.771621   2.073171 -99.000000 -17.756516  -7.681355   0.000000   0.242800   0.000657   0.001400   0.016690      3
 3.9581E+01  -4.231099   3.732300 -99.000000 -99.000000  -7.873553   0.000000   0.000241   0.000146   0.001400  0.000E+00  max increase

         13   5.773363   4549.675 -16.329235 -16.329235   9.999999   9.999999   0.755800   0.000071   0.242800 -11.165849    487      0
 9.5017E-01   5.773363   2.071340 -99.000000 -17.727103  -7.686061   0.000000   0.242800   0.000657   0.001400   0.016696     10
 4.8497E+01  -4.225418   3.729295 -99.000000 -99.000000  -7.872370   0.000000   0.000241   0.000146   0.001400  0.000E+00  max increase

         14   5.775422   4551.679 -16.294468 -16.294468   9.999999   9.999999   0.755800   0.000071   0.242800 -11.157435    485      0
 1.0294E+00   5.775422   2.069172 -99.000000 -17.692337  -7.691652   0.000000   0.242800   0.000657   0.001400   0.016704      3
 5.9196E+01  -4.218676   3.725724 -99.000000 -99.000000  -7.870952   0.000000   0.000241   0.000146   0.001400  0.000E+00  max increase

         15   5.777851   4554.718 -16.253457 -16.253457   9.999998   9.999998   0.755800   0.000071   0.242800 -11.147427    490      0
 1.1085E+00   5.777851   2.066607 -99.000000 -17.651326  -7.698291   0.000000   0.242800   0.000657   0.001400   0.016713      3
 7.2035E+01  -4.210686   3.721754 -99.000000 -99.000000  -7.869686   0.000000   0.000241   0.000146   0.001400  0.000E+00  max increase

         16   5.780704   4557.594 -16.205263 -16.205263   9.999998   9.999998   0.755800   0.000071   0.242800 -11.135541    490      0
 1.1877E+00   5.780704   2.063586 -99.000000 -17.603131  -7.705799   0.000000   0.242800   0.000657   0.001400   0.016724      3
 8.7442E+01  -4.201244   3.716809 -99.000000 -99.000000  -7.867774   0.000000   0.000241   0.000146   0.001400  0.000E+00  max increase

         17   5.784045   4560.948 -16.148839 -16.148839   9.999998   9.999998   0.755800   0.000071   0.242800 -11.121453    489      0
 1.2669E+00   5.784045   2.060039 -99.000000 -17.546707  -7.715005   0.000000   0.242800   0.000657   0.001400   0.016738      3
 1.0593E+02  -4.190114   3.710993 -99.000000 -99.000000  -7.865521   0.000000   0.000241   0.000146   0.001400  0.000E+00  max increase

         18   5.787940   4565.057 -16.083049 -16.083049   9.999997   9.999997   0.755800   0.000071   0.242800 -11.104788    493      0
 1.3461E+00   5.787940   2.055888 -99.000000 -17.480917  -7.725830   0.000000   0.242800   0.000657   0.001400   0.016756      4
 1.2812E+02  -4.177034   3.704255 -99.000000 -99.000000  -7.863008   0.000000   0.000241   0.000146   0.001400  0.000E+00  max increase

         19   5.792461   4569.852 -16.006707 -16.006707   9.999997   9.999997   0.755800   0.000071   0.242800 -11.085126    495      0
 1.4253E+00   5.792461   2.051051 -99.000000 -17.404576  -7.738405   0.000000   0.242800   0.000657   0.001400   0.016779      4
 1.5474E+02  -4.161713   3.696405 -99.000000 -99.000000  -7.860098   0.000000   0.000241   0.000146   0.001400  0.000E+00  max increase


__________________________________________________________________________________________________________________________________________________

       step    lg_Tmax     Teff     lg_LH      lg_Lnuc_tot     Mass       H_rich     H_cntr     N_cntr     Y_surf   eta_cntr   zones  retry
  lg_dt_yrs    lg_Tcntr    lg_R     lg_L3a     lg_Lneu     lg_Mdot    He_core    He_cntr    O_cntr     Z_surf   gam_cntr   iters  
    age_yrs    lg_Dcntr    lg_L     lg_LZ      lg_Lphoto   lg_Dsurf   CO_core    C_cntr     Ne_cntr    Z_cntr   v_div_cs       dt_limit
__________________________________________________________________________________________________________________________________________________

         20   5.797680   4575.146 -15.918628 -15.918628   9.999996   9.999996   0.755800   0.000071   0.242800 -11.061997    491      0
 1.5044E+00   5.797680   2.045446 -99.000000 -17.316496  -7.753056   0.000000   0.242800   0.000657   0.001400   0.016807      4
 1.8669E+02  -4.143840   3.687205 -99.000000 -99.000000  -7.856581   0.000000   0.000241   0.000146   0.001400  0.000E+00  max increase

         21   5.803676   4582.109 -15.817541 -15.817541   9.999996   9.999996   0.755800   0.000071   0.242800 -11.034880    499      0
 1.5836E+00   5.803676   2.038978 -99.000000 -17.215409  -7.770173   0.000000   0.242800   0.000657   0.001400   0.016843      4
 2.2503E+02  -4.123068   3.676911 -99.000000 -99.000000  -7.853083   0.000000   0.000241   0.000146   0.001400  0.000E+00  max increase

         22   5.810515   4588.906 -15.702419 -15.702419   9.999995   9.999995   0.755800   0.000071   0.242800 -11.003217    487      0
 1.6628E+00   5.810515   2.031573 -99.000000 -17.100287  -7.789490   0.000000   0.242800   0.000657   0.001400   0.016888      4
 2.7103E+02  -4.099059   3.664677 -99.000000 -99.000000  -7.848367   0.000000   0.000241   0.000146   0.001400  0.000E+00  max increase

         23   5.818269   4597.199 -15.572191 -15.572191   9.999994   9.999994   0.755800   0.000071   0.242800 -10.966412    496      0
 1.7420E+00   5.818269   2.023148 -99.000000 -16.970059  -7.812211   0.000000   0.242800   0.000657   0.001400   0.016945      4
 3.2624E+02  -4.071442   3.650964 -99.000000 -99.000000  -7.843392   0.000000   0.000241   0.000146   0.001400  0.000E+00  max increase

         24   5.827010   4607.178 -15.425912 -15.425912   9.999993   9.999993   0.755800   0.000071   0.242800 -10.923843    489      0
 1.8212E+00   5.827010   2.013632 -99.000000 -16.823780  -7.837784   0.000000   0.242800   0.000657   0.001400   0.017015      4
 3.9248E+02  -4.039843   3.635697 -31.307120 -99.000000  -7.838213   0.000000   0.000241   0.000146   0.001400  0.000E+00  max increase

         25   5.836794   4617.985 -15.262952 -15.262952   9.999992   9.999992   0.755800   0.000071   0.242800 -10.874894    500      0
 1.9003E+00   5.836794   2.002978 -99.000000 -16.660820  -7.866369   0.000000   0.242800   0.000657   0.001400   0.017101      4
 4.7198E+02  -4.003908   3.618459 -99.000000 -99.000000  -7.832235   0.000000   0.000241   0.000146   0.001400  0.000E+00  max increase

         26   5.847658   4628.804 -15.083054 -15.083054   9.999991   9.999991   0.755800   0.000071   0.242800 -10.818960    488      0
 1.9795E+00   5.847658   1.991173 -99.000000 -16.480922  -7.898569   0.000000   0.242800   0.000657   0.001400   0.017206      4
 5.6738E+02  -3.963320   3.598916 -99.000000 -99.000000  -7.824907   0.000000   0.000241   0.000146   0.001400  0.000E+00  max increase

         27   5.859668   4642.463 -14.885682 -14.885682   9.999990   9.999990   0.755800   0.000071   0.242800 -10.755441    497      0
 2.0587E+00   5.859668   1.978200 -99.000000 -16.283550  -7.934844   0.000000   0.242800   0.000657   0.001400   0.017333      4
 6.8185E+02  -3.917719   3.578088 -99.000000 -99.000000  -7.818090   0.000000   0.000241   0.000146   0.001400  0.000E+00  max increase

         28   5.872851   4656.536 -14.670901 -14.670901   9.999988   9.999988   0.755800   0.000071   0.242800 -10.683793    506      0
 2.1379E+00   5.872851   1.964110 -99.000000 -16.068770  -7.973833   0.000000   0.242800   0.000657   0.001400   0.017485      4
 8.1922E+02  -3.866828   3.555166 -99.000000 -99.000000  -7.810246   0.000000   0.000241   0.000146   0.001400  0.000E+00  max increase

         29   5.886390   4670.175 -14.452340 -14.452340   9.999987   9.999987   0.755800   0.000071   0.242800 -10.608114    498      0
 2.1892E+00   5.886390   1.949866 -99.000000 -15.850209  -8.016586   0.000000   0.242800   0.000657   0.001400   0.017654      4
 9.7382E+02  -3.813651   3.531759 -99.000000 -99.000000  -7.801969   0.000000   0.000241   0.000146   0.001400  0.000E+00    lgRho_cntr


__________________________________________________________________________________________________________________________________________________

       step    lg_Tmax     Teff     lg_LH      lg_Lnuc_tot     Mass       H_rich     H_cntr     N_cntr     Y_surf   eta_cntr   zones  retry
  lg_dt_yrs    lg_Tcntr    lg_R     lg_L3a     lg_Lneu     lg_Mdot    He_core    He_cntr    O_cntr     Z_surf   gam_cntr   iters  
    age_yrs    lg_Dcntr    lg_L     lg_LZ      lg_Lphoto   lg_Dsurf   CO_core    C_cntr     Ne_cntr    Z_cntr   v_div_cs       dt_limit
__________________________________________________________________________________________________________________________________________________

         30   5.898283   4684.031 -14.261890 -14.261890   9.999985   9.999985   0.755800   0.000071   0.242800 -10.539787    505      0
 2.1678E+00   5.898283   1.937589 -99.000000 -15.659758  -8.060120   0.000000   0.242800   0.000657   0.001400   0.017815      4
 1.1210E+03  -3.766137   3.512352 -99.000000 -99.000000  -7.796322   0.000000   0.000241   0.000146   0.001400  0.000E+00    lgRho_cntr

         31   5.911326   4696.785 -14.055311 -14.055311   9.999984   9.999984   0.755800   0.000071   0.242800 -10.463884    505      0
 2.2420E+00   5.911326   1.924495 -99.000000 -15.453179  -8.096608   0.000000   0.242800   0.000657   0.001400   0.018000      4
 1.2956E+03  -3.713606   3.490886 -99.000000 -99.000000  -7.788930   0.000000   0.000241   0.000146   0.001400  0.000E+00    varcontrol

         32   5.924924   4711.627 -13.842504 -13.842504   9.999982   9.999982   0.755800   0.000071   0.242800 -10.383956    506      0
 2.2936E+00   5.924924   1.911318 -99.000000 -15.240372  -8.136561   0.000000   0.242800   0.000657   0.001400   0.018198      4
 1.4922E+03  -3.658495   3.470013 -99.000000 -99.000000  -7.782922   0.000000   0.000241   0.000146   0.001400  0.000E+00    lgRho_cntr

         33   5.936790   4723.605 -13.658547 -13.658547   9.999981   9.999981   0.755800   0.000071   0.242800 -10.313121    506      0
 2.2648E+00   5.936790   1.900268 -99.000000 -15.056416  -8.175782   0.000000   0.242800   0.000657   0.001400   0.018380      4
 1.6761E+03  -3.609932   3.452324 -99.000000 -99.000000  -7.777572   0.000000   0.000241   0.000146   0.001400  0.000E+00    lgRho_cntr

         34   5.950076   4736.069 -13.455156 -13.455156   9.999980   9.999980   0.755800   0.000071   0.242800 -10.233990    502      0
 2.3424E+00   5.950076   1.888503 -99.000000 -14.853024  -8.208921   0.000000   0.242800   0.000657   0.001400   0.018585      4
 1.8961E+03  -3.555635   3.433372 -99.000000 -99.000000  -7.771678   0.000000   0.000241   0.000146   0.001400  0.000E+00    varcontrol

         35   5.964144   4750.957 -13.242629 -13.242629   9.999978   9.999978   0.755800   0.000071   0.242800 -10.150609    509      0
 2.3950E+00   5.964144   1.876800 -99.000000 -14.640497  -8.244365   0.000000   0.242800   0.000657   0.001400   0.018802      4
 2.1444E+03  -3.498321   3.415419 -99.000000 -99.000000  -7.767593   0.000000   0.000241   0.000146   0.001400  0.000E+00    lgRho_cntr

         36   5.976339   4762.287 -13.060226 -13.060226   9.999977   9.999977   0.755800   0.000071   0.242800 -10.078034    511      0
 2.3580E+00   5.976339   1.867350 -99.000000 -14.458095  -8.278409   0.000000   0.242800   0.000657   0.001400   0.018994      4
 2.3725E+03  -3.448507   3.400656 -99.000000 -99.000000  -7.763809   0.000000   0.000241   0.000146   0.001400  0.000E+00    lgRho_cntr

         37   5.990236   4774.317 -12.855182 -12.855182   9.999976   9.999976   0.755800   0.000071   0.242800  -9.996693    497      0
 2.4372E+00   5.990236   1.857480 -99.000000 -14.253050  -8.306258   0.000000   0.242800   0.000657   0.001400   0.019206      4
 2.6461E+03  -3.392333   3.385299 -28.597850 -99.000000  -7.760002   0.000000   0.000241   0.000146   0.001400  0.000E+00  max increase

         38   6.005254   4788.294 -12.636628 -12.636628   9.999974   9.999974   0.755800   0.000071   0.242800  -9.910400    498      0
 2.4928E+00   6.005254   1.847944 -99.000000 -14.034496  -8.335261   0.000000   0.242800   0.000657   0.001400   0.019428      4
 2.9572E+03  -3.332327   3.371305 -99.000000 -99.000000  -7.758030   0.000000   0.000241   0.000146   0.001400  0.000E+00    lgRho_cntr

         39   6.018155   4798.786 -12.450690 -12.450690   9.999973   9.999973   0.755800   0.000071   0.242800  -9.836660    517      0
 2.4465E+00   6.018155   1.840793 -99.000000 -13.848558  -8.362145   0.000000   0.242800   0.000657   0.001400   0.019618      4
 3.2367E+03  -3.280949   3.360805 -99.000000 -99.000000  -7.756571   0.000000   0.000241   0.000146   0.001400  0.000E+00    lgRho_cntr


__________________________________________________________________________________________________________________________________________________

       step    lg_Tmax     Teff     lg_LH      lg_Lnuc_tot     Mass       H_rich     H_cntr     N_cntr     Y_surf   eta_cntr   zones  retry
  lg_dt_yrs    lg_Tcntr    lg_R     lg_L3a     lg_Lneu     lg_Mdot    He_core    He_cntr    O_cntr     Z_surf   gam_cntr   iters  
    age_yrs    lg_Dcntr    lg_L     lg_LZ      lg_Lphoto   lg_Dsurf   CO_core    C_cntr     Ne_cntr    Z_cntr   v_div_cs       dt_limit
__________________________________________________________________________________________________________________________________________________

         40   6.030306   4808.909 -12.277290 -12.277290   9.999972   9.999972   0.755800   0.000071   0.242800  -9.768223    503      0
 2.4353E+00   6.030306   1.835020 -99.000000 -13.675158  -8.382311   0.000000   0.242800   0.000657   0.001400   0.019792      4
 3.5092E+03  -3.232998   3.352919 -99.000000 -99.000000  -7.756603   0.000000   0.000241   0.000146   0.001400  0.000E+00    lgRho_cntr

         41   6.044480   4820.469 -12.077632 -12.077632   9.999971   9.999971   0.755800   0.000071   0.242800  -9.690916    520      0
 2.5145E+00   6.044480   1.829541 -99.000000 -13.475500  -8.397796   0.000000   0.242800   0.000657   0.001400   0.019980      4
 3.8361E+03  -3.178161   3.346132 -99.000000 -99.000000  -7.758076   0.000000   0.000241   0.000146   0.001400  0.000E+00  max increase

         42   6.061003   4832.508 -11.848240 -11.848240   9.999969   9.999969   0.755800   0.000071   0.242800  -9.604213    508      0
 2.5927E+00   6.061003   1.824984 -99.000000 -13.246108  -8.411550   0.000000   0.242800   0.000657   0.001400   0.020178      4
 4.2276E+03  -3.115719   3.341351 -99.000000 -99.000000  -7.761104   0.000000   0.000241   0.000146   0.001400  0.000E+00    lgRho_cntr

         43   6.075277   4843.038 -11.652197 -11.652197   9.999968   9.999968   0.755800   0.000071   0.242800  -9.530878    530      0
 2.5390E+00   6.075277   1.822829 -99.000000 -13.050065  -8.421823   0.000000   0.242800   0.000657   0.001400   0.020340      4
 4.5735E+03  -3.062456   3.340822 -99.000000 -99.000000  -7.766126   0.000000   0.000241   0.000146   0.001400  0.000E+00    lgRho_cntr

         44   6.088824   4852.303 -11.468260 -11.468260   9.999967   9.999967   0.755800   0.000071   0.242800  -9.463405    513      0
 2.5214E+00   6.088824   1.822499 -99.000000 -12.866128  -8.424343   0.000000   0.242800   0.000657   0.001400   0.020481      4
 4.9058E+03  -3.012830   3.343483 -99.000000 -99.000000  -7.772584   0.000000   0.000241   0.000146   0.001400  0.000E+00    lgRho_cntr

         45   6.105072   4862.880 -11.251030 -11.251030   9.999965   9.999965   0.755800   0.000071   0.242800  -9.386818    528      0
 2.6006E+00   6.105072   1.824377 -99.000000 -12.648898  -8.421027   0.000000   0.242800   0.000657   0.001400   0.020621      4
 5.3045E+03  -2.955192   3.351022 -99.000000 -99.000000  -7.782906   0.000000   0.000241   0.000146   0.001400  0.000E+00  max increase

         46   6.124763   4875.466 -10.992558 -10.992558   9.999963   9.999963   0.755800   0.000071   0.242800  -9.300339    513      0
 2.6798E+00   6.124763   1.830086 -99.000000 -12.390426  -8.409275   0.000000   0.242800   0.000657   0.001400   0.020749      4
 5.7829E+03  -2.888094   3.366929 -26.791670 -99.000000  -7.799758   0.000000   0.000241   0.000146   0.001400  0.000E+00    lgRho_cntr

         47   6.141827   4886.401 -10.771662 -10.771662   9.999962   9.999962   0.755800   0.000071   0.242800  -9.228771    535      0
 2.6127E+00   6.141827   1.838702 -99.000000 -12.169530  -8.383017   0.000000   0.242800   0.000657   0.001400   0.020837      4
 6.1928E+03  -2.831412   3.388054 -99.000000 -99.000000  -7.819234   0.000000   0.000241   0.000146   0.001400  0.000E+00    lgRho_cntr

         48   6.158168   4897.603 -10.563065 -10.563065   9.999960   9.999960   0.755800   0.000071   0.242800  -9.164026    517      0
 2.5839E+00   6.158168   1.850136 -99.000000 -11.960933  -8.347279   0.000000   0.242800   0.000657   0.001400   0.020894      5
 6.5764E+03  -2.778777   3.414900 -99.000000 -99.000000  -7.842698   0.000000   0.000241   0.000146   0.001400  0.000E+00    lgRho_cntr

         49   6.174547   4910.424 -10.356874 -10.356874   9.999958   9.999958   0.755800   0.000071   0.242800  -9.103023    532      0
 2.5719E+00   6.174547   1.864003 -99.000000 -11.754742  -8.301454   0.000000   0.242800   0.000657   0.001400   0.020925      5
 6.9495E+03  -2.727709   3.447175 -99.000000 -99.000000  -7.870735   0.000000   0.000241   0.000146   0.001400  0.000E+00    lgRho_cntr


__________________________________________________________________________________________________________________________________________________

       step    lg_Tmax     Teff     lg_LH      lg_Lnuc_tot     Mass       H_rich     H_cntr     N_cntr     Y_surf   eta_cntr   zones  retry
  lg_dt_yrs    lg_Tcntr    lg_R     lg_L3a     lg_Lneu     lg_Mdot    He_core    He_cntr    O_cntr     Z_surf   gam_cntr   iters  
    age_yrs    lg_Dcntr    lg_L     lg_LZ      lg_Lphoto   lg_Dsurf   CO_core    C_cntr     Ne_cntr    Z_cntr   v_div_cs       dt_limit
__________________________________________________________________________________________________________________________________________________

         50   6.191274   4927.193 -10.149196 -10.149196   9.999956   9.999956   0.755800   0.000071   0.242800  -9.044466    528      0
 2.5670E+00   6.191274   1.878854 -99.000000 -11.547064  -8.246262   0.000000   0.242800   0.000657   0.001400   0.020931      5
 7.3185E+03  -2.677182   3.482801 -99.000000 -99.000000  -7.903338   0.000000   0.000241   0.000146   0.001400  0.000E+00    lgRho_cntr

save LOGS/profile2.data for model 50
save photos/x050 for model 50
         51   6.208386   4950.186  -9.939590  -9.939590   9.999954   9.999954   0.755800   0.000071   0.242800  -8.987812    544      0
 2.5648E+00   6.208386   1.892176 -99.000000 -11.337458  -8.185722   0.000000   0.242800   0.000657   0.001400   0.020914      5
 7.6857E+03  -2.626902   3.517532 -99.000000 -99.000000  -7.939071   0.000000   0.000241   0.000146   0.001400  0.000E+00    lgRho_cntr

         52   6.225776   4982.662  -9.729383  -9.729383   9.999951   9.999951   0.755800   0.000071   0.242800  -8.932802    538      0
 2.5636E+00   6.225776   1.901556 -99.000000 -11.127251  -8.127671   0.000000   0.242800   0.000657   0.001400   0.020879      5
 8.0518E+03  -2.576921   3.547651 -99.000000 -99.000000  -7.977343   0.000000   0.000241   0.000146   0.001400  0.000E+00    lgRho_cntr

         53   6.244137   5036.399  -9.510370  -9.510370   9.999948   9.999948   0.755800   0.000071   0.242800  -8.876899    561      0
 2.5833E+00   6.244137   1.904569 -99.000000 -10.908238  -8.079151   0.000000   0.242800   0.000657   0.001400   0.020827      6
 8.4349E+03  -2.525093   3.572313 -99.000000 -99.000000  -8.024100   0.000000   0.000241   0.000146   0.001400  0.000E+00    varcontrol

         54   6.262926   5113.300  -9.289092  -9.289092   9.999944   9.999944   0.755800   0.000071   0.242800  -8.821108    550      0
 2.5946E+00   6.262926   1.900637 -99.000000 -10.686960  -8.043332   0.000000   0.242800   0.000657   0.001400   0.020764      6
 8.8281E+03  -2.472672   3.590773 -99.000000 -99.000000  -8.079339   0.000000   0.000241   0.000146   0.001400  0.000E+00    lgRho_cntr

         55   6.280746   5212.060  -9.081541  -9.081541   9.999941   9.999941   0.755800   0.000071   0.242800  -8.768747    577      0
 2.5763E+00   6.280746   1.891101 -99.000000 -10.479408  -8.021706   0.000000   0.242800   0.000657   0.001400   0.020700      6
 9.2050E+03  -2.423193   3.604933 -99.000000 -99.000000  -8.142920   0.000000   0.000241   0.000146   0.001400  0.000E+00    varcontrol

         56   6.297571   5330.720  -8.887438  -8.887438   9.999937   9.999937   0.755800   0.000071   0.242800  -8.719493    584      0
 2.5579E+00   6.297571   1.877303 -99.000000 -10.285305  -8.010581   0.000000   0.242800   0.000657   0.001400   0.020639      8
 9.5663E+03  -2.376556   3.616444 -99.000000 -99.000000  -8.214716   0.000000   0.000241   0.000146   0.001400  0.000E+00    varcontrol

         57   6.313605   5454.342  -8.703978  -8.703978   9.999934   9.999934   0.755800   0.000071   0.242800  -8.672498    588      0
 2.5447E+00   6.313605   1.862211 -99.000000 -10.101846  -8.006604   0.000000   0.242800   0.000657   0.001400   0.020582      7
 9.9168E+03  -2.332087   3.626085 -99.000000 -99.000000  -8.287444   0.000000   0.000241   0.000146   0.001400  0.000E+00    varcontrol

                            solver rejected trial model
                                        s% model_number          58
                                  s% solver_call_number         194
                                                     nz         570
                                         s% num_retries           0
                                                     dt    1.1042851818873394D+10
                                          log dt/secyer    2.5439772774366767D+00

 retry: max residual jumped -- give up in solver      58
         58   6.321459   5520.030  -8.614319  -8.614319   9.999932   9.999932   0.755800   0.000071   0.242800  -8.648653    570      1
 2.2429E+00   6.321459   1.854530 -99.000000 -10.012187  -8.006236   0.000000   0.242800   0.000657   0.001400   0.020560      5
 1.0092E+04  -2.309947   3.631519 -99.000000 -99.000000  -8.325851   0.000000   0.000241   0.000146   0.001400  0.000E+00         retry

         59   6.329245   5585.236  -8.525769  -8.525769   9.999930   9.999930   0.755800   0.000071   0.242800  -8.625024    589      1
 2.2429E+00   6.329245   1.846706 -99.000000  -9.923637  -8.005337   0.000000   0.242800   0.000657   0.001400   0.020537      5
 1.0267E+04  -2.288002   3.636272 -99.000000 -99.000000  -8.363086   0.000000   0.000241   0.000146   0.001400  0.000E+00          hold


__________________________________________________________________________________________________________________________________________________

       step    lg_Tmax     Teff     lg_LH      lg_Lnuc_tot     Mass       H_rich     H_cntr     N_cntr     Y_surf   eta_cntr   zones  retry
  lg_dt_yrs    lg_Tcntr    lg_R     lg_L3a     lg_Lneu     lg_Mdot    He_core    He_cntr    O_cntr     Z_surf   gam_cntr   iters  
    age_yrs    lg_Dcntr    lg_L     lg_LZ      lg_Lphoto   lg_Dsurf   CO_core    C_cntr     Ne_cntr    Z_cntr   v_div_cs       dt_limit
__________________________________________________________________________________________________________________________________________________

         60   6.338497   5663.523  -8.421034  -8.421034   9.999928   9.999928   0.755800   0.000071   0.242800  -8.597095    598      1
 2.3221E+00   6.338497   1.837044 -99.000000  -9.818902  -8.005477   0.000000   0.242800   0.000657   0.001400   0.020510      6
 1.0477E+04  -2.261989   3.641128 -99.000000 -99.000000  -8.406564   0.000000   0.000241   0.000146   0.001400  0.000E+00  max increase

         61   6.349453   5757.779  -8.297710  -8.297710   9.999926   9.999926   0.755800   0.000071   0.242800  -8.564152    599      1
 2.4013E+00   6.349453   1.825166 -99.000000  -9.695577  -8.007018   0.000000   0.242800   0.000657   0.001400   0.020476      7
 1.0729E+04  -2.231243   3.646045 -99.000000 -99.000000  -8.457562   0.000000   0.000241   0.000146   0.001400  0.000E+00  max increase

                            solver rejected trial model
                                        s% model_number          62
                                  s% solver_call_number         199
                                                     nz         602
                                         s% num_retries           1
                                                     dt    9.5410239715066109D+09
                                          log dt/secyer    2.4804910199155699D+00

 retry: max residual jumped -- give up in solver      62
         62   6.355925   5815.309  -8.224997  -8.224997   9.999924   9.999924   0.755800   0.000071   0.242800  -8.544254    602      2
 2.1795E+00   6.355925   1.818168 -99.000000  -9.622865  -8.010334   0.000000   0.242800   0.000657   0.001400   0.020460      5
 1.0880E+04  -2.212888   3.649321 -99.000000 -99.000000  -8.488646   0.000000   0.000241   0.000146   0.001400  0.000E+00         retry

         63   6.362337   5872.626  -8.153191  -8.153191   9.999923   9.999923   0.755800   0.000071   0.242800  -8.524497    605      2
 2.1795E+00   6.362337   1.811113 -99.000000  -9.551059  -8.011775   0.000000   0.242800   0.000657   0.001400   0.020444      6
 1.1031E+04  -2.194686   3.652249 -99.000000 -99.000000  -8.519249   0.000000   0.000241   0.000146   0.001400  0.000E+00          hold

         64   6.369953   5941.216  -8.068245  -8.068245   9.999921   9.999921   0.755800   0.000071   0.242800  -8.501076    607      2
 2.2586E+00   6.369953   1.802530 -99.000000  -9.466112  -8.013734   0.000000   0.242800   0.000657   0.001400   0.020424      6
 1.1212E+04  -2.173087   3.655255 -23.781370 -99.000000  -8.555372   0.000000   0.000241   0.000146   0.001400  0.000E+00  max increase

                            solver rejected trial model
                                        s% model_number          65
                                  s% solver_call_number         203
                                                     nz         604
                                         s% num_retries           2
                                                     dt    6.8695372594847593D+09
                                          log dt/secyer    2.3378235163468384D+00

 retry: max residual jumped -- give up in solver      65
         65   6.374470   5982.673  -8.017931  -8.017931   9.999920   9.999920   0.755800   0.000071   0.242800  -8.486962    604      3
 2.0368E+00   6.374470   1.797483 -99.000000  -9.415799  -8.016869   0.000000   0.242800   0.000657   0.001400   0.020414      5
 1.1321E+04  -2.160179   3.657240 -99.000000 -99.000000  -8.577265   0.000000   0.000241   0.000146   0.001400  0.000E+00         retry

         66   6.378955   6024.107  -7.968087  -7.968087   9.999919   9.999919   0.755800   0.000071   0.242800  -8.472918    614      3
 2.0368E+00   6.378955   1.792392 -99.000000  -9.365954  -8.018418   0.000000   0.242800   0.000657   0.001400   0.020404      5
 1.1430E+04  -2.147350   3.659049 -99.000000 -99.000000  -8.599002   0.000000   0.000241   0.000146   0.001400  0.000E+00          hold

         67   6.384295   6073.533  -7.908899  -7.908899   9.999918   9.999918   0.755800   0.000071   0.242800  -8.456211    617      3
 2.1160E+00   6.384295   1.786247 -99.000000  -9.306767  -8.020243   0.000000   0.242800   0.000657   0.001400   0.020392      5
 1.1561E+04  -2.132080   3.660953 -23.781370 -99.000000  -8.624756   0.000000   0.000241   0.000146   0.001400  0.000E+00  max increase

         68   6.390642   6132.362  -7.838797  -7.838797   9.999916   9.999916   0.755800   0.000071   0.242800  -8.436362    613      3
 2.1952E+00   6.390642   1.778868 -99.000000  -9.236664  -8.022822   0.000000   0.242800   0.000657   0.001400   0.020378      6
 1.1717E+04  -2.113936   3.662940 -23.781370 -99.000000  -8.655264   0.000000   0.000241   0.000146   0.001400  0.000E+00  max increase

         69   6.398164   6202.934  -7.756025  -7.756025   9.999914   9.999914   0.755800   0.000071   0.242800  -8.412818    612      3
 2.2743E+00   6.398164   1.769940 -99.000000  -9.153893  -8.026323   0.000000   0.242800   0.000657   0.001400   0.020362      6
 1.1905E+04  -2.092423   3.664963 -99.000000 -99.000000  -8.691740   0.000000   0.000241   0.000146   0.001400  0.000E+00  max increase


__________________________________________________________________________________________________________________________________________________

       step    lg_Tmax     Teff     lg_LH      lg_Lnuc_tot     Mass       H_rich     H_cntr     N_cntr     Y_surf   eta_cntr   zones  retry
  lg_dt_yrs    lg_Tcntr    lg_R     lg_L3a     lg_Lneu     lg_Mdot    He_core    He_cntr    O_cntr     Z_surf   gam_cntr   iters  
    age_yrs    lg_Dcntr    lg_L     lg_LZ      lg_Lphoto   lg_Dsurf   CO_core    C_cntr     Ne_cntr    Z_cntr   v_div_cs       dt_limit
__________________________________________________________________________________________________________________________________________________

         70   6.407050   6286.658  -7.658670  -7.658670   9.999912   9.999912   0.755800   0.000071   0.242800  -8.384936    614      3
 2.3535E+00   6.407050   1.759286 -99.000000  -9.056537  -8.031073   0.000000   0.242800   0.000657   0.001400   0.020343     10
 1.2131E+04  -2.066978   3.666945 -23.480340 -99.000000  -8.734988   0.000000   0.000241   0.000146   0.001400  0.000E+00  max increase

         71   6.417507   6386.315  -7.544689  -7.544689   9.999910   9.999910   0.755800   0.000071   0.242800  -8.351976    615      3
 2.4327E+00   6.417507   1.746542 -99.000000  -8.942557  -8.037326   0.000000   0.242800   0.000657   0.001400   0.020322      7
 1.2402E+04  -2.036972   3.668780 -23.480340 -99.000000  -8.786561   0.000000   0.000241   0.000146   0.001400  0.000E+00  max increase

         72   6.429753   6504.378  -7.411980  -7.411980   9.999907   9.999907   0.755800   0.000071   0.242800  -8.313089    618      3
 2.5119E+00   6.429753   1.731409 -99.000000  -8.809847  -8.045528   0.000000   0.242800   0.000657   0.001400   0.020299      6
 1.2727E+04  -2.001706   3.670334 -23.179310 -99.000000  -8.847658   0.000000   0.000241   0.000146   0.001400  0.000E+00  max increase

         73   6.443826   6641.886  -7.260466  -7.260466   9.999903   9.999903   0.755800   0.000071   0.242800  -8.267895    619      3
 2.5852E+00   6.443826   1.713815 -99.000000  -8.658333  -8.056112   0.000000   0.242800   0.000657   0.001400   0.020276      6
 1.3112E+04  -1.960959   3.671489 -99.000000 -99.000000  -8.919239   0.000000   0.000241   0.000146   0.001400  0.000E+00    varcontrol

         74   6.459069   6793.309  -7.097513  -7.097513   9.999900   9.999900   0.755800   0.000071   0.242800  -8.218135    616      3
 2.6347E+00   6.459069   1.694635 -99.000000  -8.495380  -8.069297   0.000000   0.242800   0.000657   0.001400   0.020256      6
 1.3543E+04  -1.916474   3.672288 -99.000000 -99.000000  -8.999392   0.000000   0.000241   0.000146   0.001400  0.000E+00    varcontrol

         75   6.475246   6956.768  -6.925901  -6.925901   9.999896   9.999896   0.755800   0.000071   0.242800  -8.164334    616      3
 2.6767E+00   6.475246   1.674222 -99.000000  -8.323768  -8.084291   0.000000   0.242800   0.000657   0.001400   0.020243      7
 1.4018E+04  -1.868831   3.672767 -99.000000 -99.000000  -9.089451   0.000000   0.000241   0.000146   0.001400  0.000E+00    varcontrol

         76   6.491238   7121.449  -6.757542  -6.757542   9.999892   9.999892   0.755800   0.000071   0.242800  -8.109978    619      3
 2.6881E+00   6.491238   1.654130 -99.000000  -8.155409  -8.100750   0.000000   0.242800   0.000657   0.001400   0.020237      6
 1.4506E+04  -1.821224   3.673227 -99.000000 -99.000000  -9.186058   0.000000   0.000241   0.000146   0.001400  0.000E+00        lgTeff

         77   6.506381   7280.183  -6.599328  -6.599328   9.999888   9.999888   0.755800   0.000071   0.242800  -8.057408    619      3
 2.6800E+00   6.506381   1.635275 -99.000000  -7.997194  -8.116967   0.000000   0.242800   0.000657   0.001400   0.020239      5
 1.4984E+04  -1.775666   3.673814 -99.000000 -99.000000  -9.285461   0.000000   0.000241   0.000146   0.001400  0.000E+00        lgTeff

         78   6.522203   7448.242  -6.435466  -6.435466   9.999884   9.999884   0.755800   0.000071   0.242800  -8.001731    626      3
 2.7141E+00   6.522203   1.615686 -99.000000  -7.833333  -8.131974   0.000000   0.242800   0.000657   0.001400   0.020246      5
 1.5502E+04  -1.727739   3.674281 -99.000000 -99.000000  -9.396483   0.000000   0.000241   0.000146   0.001400  0.000E+00    varcontrol

         79   6.539578   7635.285  -6.257362  -6.257362   9.999880   9.999880   0.755800   0.000071   0.242800  -7.939992    632      3
 2.7704E+00   6.539578   1.594382 -99.000000  -7.655228  -8.147759   0.000000   0.242800   0.000657   0.001400   0.020258      5
 1.6091E+04  -1.674849   3.674759 -21.975190 -99.000000  -9.523976   0.000000   0.000241   0.000146   0.001400  0.000E+00    varcontrol


__________________________________________________________________________________________________________________________________________________

       step    lg_Tmax     Teff     lg_LH      lg_Lnuc_tot     Mass       H_rich     H_cntr     N_cntr     Y_surf   eta_cntr   zones  retry
  lg_dt_yrs    lg_Tcntr    lg_R     lg_L3a     lg_Lneu     lg_Mdot    He_core    He_cntr    O_cntr     Z_surf   gam_cntr   iters  
    age_yrs    lg_Dcntr    lg_L     lg_LZ      lg_Lphoto   lg_Dsurf   CO_core    C_cntr     Ne_cntr    Z_cntr   v_div_cs       dt_limit
__________________________________________________________________________________________________________________________________________________

         80   6.556681   7823.721  -6.083741  -6.083741   9.999876   9.999876   0.755800   0.000071   0.242800  -7.878330    647      3
 2.7792E+00   6.556681   1.573777 -99.000000  -7.481607  -8.164967   0.000000   0.242800   0.000657   0.001400   0.020276      5
 1.6693E+04  -1.622400   3.675902 -99.000000 -99.000000  -9.652637   0.000000   0.000241   0.000146   0.001400  0.000E+00        lgTeff

         81   6.572613   8003.610  -5.923440  -5.923440   9.999872   9.999872   0.755800   0.000071   0.242800  -7.820060    647      3
 2.7627E+00   6.572613   1.554961 -99.000000  -7.321307  -8.180691   0.000000   0.242800   0.000657   0.001400   0.020298      4
 1.7272E+04  -1.573180   3.677758 -99.000000 -99.000000  -9.770947   0.000000   0.000241   0.000146   0.001400  0.000E+00        lgTeff

         82   6.589467   8197.481  -5.755633  -5.755633   9.999868   9.999868   0.755800   0.000071   0.242800  -7.758204    649      3
 2.8001E+00   6.589467   1.535354 -99.000000  -7.153499  -8.193952   0.000000   0.242800   0.000657   0.001400   0.020323      4
 1.7903E+04  -1.521020   3.680123 -21.072100 -99.000000  -9.886962   0.000000   0.000241   0.000146   0.001400  0.000E+00    varcontrol

         83   6.606826   8402.078  -5.584647  -5.584647   9.999864   9.999864   0.755800   0.000071   0.242800  -7.694317    649      3
 2.8256E+00   6.606826   1.515549 -99.000000  -6.982513  -8.207191   0.000000   0.242800   0.000657   0.001400   0.020350      4
 1.8572E+04  -1.467218   3.683339 -99.000000 -99.000000  -9.991263   0.000000   0.000241   0.000146   0.001400  0.000E+00    lgRho_cntr

         84   6.623002   8598.362  -5.426867  -5.426867   9.999860   9.999860   0.755800   0.000071   0.242800  -7.634423    654      3
 2.8067E+00   6.623002   1.497526 -99.000000  -6.824732  -8.219445   0.000000   0.242800   0.000657   0.001400   0.020377      4
 1.9213E+04  -1.416927   3.687408 -20.771070 -99.000000 -10.072099   0.000000   0.000241   0.000146   0.001400  0.000E+00    lgRho_cntr

         85   6.638668   8793.276  -5.275558  -5.275558   9.999857   9.999857   0.755800   0.000071   0.242800  -7.576393    655      3
 2.8028E+00   6.638668   1.480410 -99.000000  -6.673423  -8.229055   0.000000   0.242800   0.000657   0.001400   0.020404      4
 1.9848E+04  -1.368210   3.692117 -99.000000 -99.000000 -10.132164   0.000000   0.000241   0.000146   0.001400  0.000E+00    lgRho_cntr

         86   6.655978   9013.236  -5.110337  -5.110337   9.999852   9.999852   0.755800   0.000071   0.242800  -7.512943    661      3
 2.8551E+00   6.655978   1.461782 -99.000000  -6.508202  -8.237042   0.000000   0.242800   0.000657   0.001400   0.020429      4
 2.0564E+04  -1.314669   3.697780 -99.000000 -99.000000 -10.176280   0.000000   0.000241   0.000146   0.001400  0.000E+00    varcontrol

         87   6.674187   9251.022  -4.938617  -4.938617   9.999848   9.999848   0.755800   0.000071   0.242800  -7.446794    661      3
 2.8864E+00   6.674187   1.442550 -99.000000  -6.336481  -8.245007   0.000000   0.242800   0.000657   0.001400   0.020452      4
 2.1334E+04  -1.258607   3.704552 -99.000000 -99.000000 -10.201361   0.000000   0.000241   0.000146   0.001400  0.000E+00        lgTeff

         88   6.690869   9476.042  -4.782855  -4.782855   9.999844   9.999844   0.755800   0.000071   0.242800  -7.386218    665      3
 2.8575E+00   6.690869   1.425322 -99.000000  -6.180719  -8.251982   0.000000   0.242800   0.000657   0.001400   0.020472      4
 2.2054E+04  -1.207256   3.711845 -99.000000 -99.000000 -10.210247   0.000000   0.000241   0.000146   0.001400  0.000E+00        lgTeff

         89   6.706857   9697.430  -4.635058  -4.635058   9.999840   9.999840   0.755800   0.000071   0.242800  -7.328482    667      3
 2.8467E+00   6.706857   1.409073 -99.000000  -6.032922  -8.256573   0.000000   0.242800   0.000657   0.001400   0.020490      3
 2.2757E+04  -1.158181   3.719466 -20.169010 -99.000000 -10.209004   0.000000   0.000241   0.000146   0.001400  0.000E+00        lgTeff


__________________________________________________________________________________________________________________________________________________

       step    lg_Tmax     Teff     lg_LH      lg_Lnuc_tot     Mass       H_rich     H_cntr     N_cntr     Y_surf   eta_cntr   zones  retry
  lg_dt_yrs    lg_Tcntr    lg_R     lg_L3a     lg_Lneu     lg_Mdot    He_core    He_cntr    O_cntr     Z_surf   gam_cntr   iters  
    age_yrs    lg_Dcntr    lg_L     lg_LZ      lg_Lphoto   lg_Dsurf   CO_core    C_cntr     Ne_cntr    Z_cntr   v_div_cs       dt_limit
__________________________________________________________________________________________________________________________________________________

         90   6.722510   9919.609  -4.491763  -4.491763   9.999836   9.999836   0.755800   0.000071   0.242800  -7.272388    667      3
 2.8445E+00   6.722510   1.393360 -99.000000  -5.889626  -8.259901   0.000000   0.242800   0.000657   0.001400   0.020504      3
 2.3456E+04  -1.110320   3.727391 -20.169010 -99.000000 -10.199994   0.000000   0.000241   0.000146   0.001400  0.000E+00        lgTeff

         91   6.740205  1.018E+04  -4.331694  -4.331694   9.999832   9.999832   0.755800   0.000071   0.242800  -7.210147    668      3
 2.9039E+00   6.740205   1.375672 -99.000000  -5.729556  -8.262369   0.000000   0.242800   0.000657   0.001400   0.020512      3
 2.4258E+04  -1.056724   3.736338 -99.000000 -99.000000 -10.181785   0.000000   0.000241   0.000146   0.001400  0.000E+00    varcontrol

         92   6.758987  1.046E+04  -4.163792  -4.163792   9.999828   9.999828   0.755800   0.000071   0.242800  -7.145037    673      3
 2.9371E+00   6.758987   1.357023 -99.000000  -5.561653  -8.344724   0.000000   0.242800   0.000657   0.001400   0.020514      5
 2.5123E+04  -1.000248   3.746102 -99.000000 -99.000000 -10.155342   0.000000   0.000241   0.000146   0.001400  0.000E+00        lgTeff

         93   6.775917  1.072E+04  -4.013892  -4.013892   9.999825   9.999825   0.755800   0.000071   0.242800  -7.086480    673      3
 2.9001E+00   6.775917   1.340422 -99.000000  -5.411753  -8.512893   0.000000   0.242800   0.000657   0.001400   0.020515      5
 2.5917E+04  -0.949398   3.755594 -99.000000 -99.000000 -10.127041   0.000000   0.000241   0.000146   0.001400  0.000E+00        lgTeff

         94   6.791998  1.097E+04  -3.872838  -3.872838   9.999824   9.999824   0.755800   0.000071   0.242800  -7.031227    673      3
 2.8846E+00   6.791998   1.324729 -99.000000  -5.270699  -8.756937   0.000000   0.242800   0.000657   0.001400   0.020513      5
 2.6684E+04  -0.901256   3.764824 -99.000000 -99.000000 -10.097322   0.000000   0.000241   0.000146   0.001400  0.000E+00        lgTeff

         95   6.807666  1.122E+04  -3.736687  -3.736687   9.999824   9.999824   0.755800   0.000071   0.242800  -6.977836    673      3
 2.8797E+00   6.807666   1.309459 -99.000000  -5.134547  -9.315637   0.000000   0.242800   0.000657   0.001400   0.020509      4
 2.7442E+04  -0.854544   3.773860 -19.089828 -99.000000 -10.066617   0.000000   0.000241   0.000146   0.001400  0.000E+00        lgTeff

         96   6.825384  1.151E+04  -3.584444  -3.584444   9.999823   9.999823   0.755800   0.000071   0.242800  -6.918561    676      3
 2.9394E+00   6.825384   1.292043 -99.000000  -4.982303  -9.454902   0.000000   0.242800   0.000657   0.001400   0.020496      5
 2.8312E+04  -0.802197   3.783523 -99.000000 -99.000000 -10.030556   0.000000   0.000241   0.000146   0.001400  0.000E+00    varcontrol

         97   6.844185  1.183E+04  -3.424680  -3.424680   9.999823   9.999823   0.755800   0.000071   0.242800  -6.856481    676      3
 2.9730E+00   6.844185   1.273464 -99.000000  -4.822540  -9.421645   0.000000   0.242800   0.000657   0.001400   0.020477      5
 2.9251E+04  -0.747002   3.793488 -18.788798 -99.000000  -9.990909   0.000000   0.000241   0.000146   0.001400  0.000E+00        lgTeff

         98   6.861076  1.212E+04  -3.282418  -3.282418   9.999823   9.999823   0.755800   0.000071   0.242800  -6.800695    676      3
 2.9352E+00   6.861076   1.256826 -99.000000  -4.680278  -9.387017   0.000000   0.242800   0.000657   0.001400   0.020460      4
 3.0113E+04  -0.697410   3.802745 -99.000000 -99.000000  -9.954160   0.000000   0.000241   0.000146   0.001400  0.000E+00        lgTeff

         99   6.877100  1.241E+04  -3.148639  -3.148639   9.999822   9.999822   0.755800   0.000071   0.242800  -6.747981    677      3
 2.9202E+00   6.877100   1.240987 -99.000000  -4.546501  -9.355181   0.000000   0.242800   0.000657   0.001400   0.020443      4
 3.0945E+04  -0.650453   3.811406 -18.487768 -99.000000  -9.918774   0.000000   0.000241   0.000146   0.001400  0.000E+00        lgTeff


__________________________________________________________________________________________________________________________________________________

       step    lg_Tmax     Teff     lg_LH      lg_Lnuc_tot     Mass       H_rich     H_cntr     N_cntr     Y_surf   eta_cntr   zones  retry
  lg_dt_yrs    lg_Tcntr    lg_R     lg_L3a     lg_Lneu     lg_Mdot    He_core    He_cntr    O_cntr     Z_surf   gam_cntr   iters  
    age_yrs    lg_Dcntr    lg_L     lg_LZ      lg_Lphoto   lg_Dsurf   CO_core    C_cntr     Ne_cntr    Z_cntr   v_div_cs       dt_limit
__________________________________________________________________________________________________________________________________________________

        100   6.892705  1.269E+04  -3.019475  -3.019475   9.999822   9.999822   0.755800   0.000071   0.242800  -6.696915    677      3
 2.9164E+00   6.892705   1.225472 -99.000000  -4.417340  -9.325250   0.000000   0.242800   0.000657   0.001400   0.020424      3
 3.1770E+04  -0.604839   3.819592 -18.964890 -99.000000  -9.884466   0.000000   0.000241   0.000146   0.001400  0.000E+00        lgTeff

save LOGS/profile3.data for model 100
save photos/x100 for model 100
        101   6.910232  1.301E+04  -2.875928  -2.875928   9.999822   9.999822   0.755800   0.000071   0.242800  -6.640392    678      3
 2.9746E+00   6.910232   1.207793 -99.000000  -4.273801  -9.296667   0.000000   0.242800   0.000657   0.001400   0.020397      5
 3.2713E+04  -0.553967   3.827943 -18.663860 -99.000000  -9.846375   0.000000   0.000241   0.000146   0.001400  0.000E+00    varcontrol

        102   6.928776  1.336E+04  -2.725639  -2.725639   9.999821   9.999821   0.755800   0.000071   0.242800  -6.581151    678      3
 3.0086E+00   6.928776   1.188906 -99.000000  -4.123529  -9.266520   0.000000   0.242800   0.000657   0.001400   0.020365      5
 3.3733E+04  -0.500388   3.836230 -99.000000 -99.000000  -9.806279   0.000000   0.000241   0.000146   0.001400  0.000E+00        lgTeff

        103   6.945540  1.369E+04  -2.590897  -2.590897   9.999820   9.999820   0.755800   0.000071   0.242800  -6.527439    678      3
 2.9752E+00   6.945540   1.171826 -99.000000  -3.988813  -9.235883   0.000000   0.242800   0.000657   0.001400   0.020337      5
 3.4678E+04  -0.451880   3.843827 -99.000000 -99.000000  -9.770138   0.000000   0.000241   0.000146   0.001400  0.000E+00        lgTeff

        104   6.961507  1.401E+04  -2.463613  -2.463613   9.999820   9.999820   0.755800   0.000071   0.242800  -6.476341    678      3
 2.9636E+00   6.961507   1.155465 -99.000000  -3.861574  -9.207924   0.000000   0.242800   0.000657   0.001400   0.020310      3
 3.5597E+04  -0.405705   3.850795 -99.000000 -99.000000  -9.736168   0.000000   0.000241   0.000146   0.001400  0.000E+00        lgTeff

        105   6.979076  1.436E+04  -2.324912  -2.324912   9.999819   9.999819   0.755800   0.000071   0.242800  -6.420707    679      3
 3.0148E+00   6.979076   1.137215 -99.000000  -3.722957  -9.181908   0.000000   0.242800   0.000657   0.001400   0.020277      3
 3.6632E+04  -0.355151   3.857594 -17.760770 -99.000000  -9.699682   0.000000   0.000241   0.000146   0.001400  0.000E+00    varcontrol

        106   6.997486  1.474E+04  -2.180916  -2.180916   9.999818   9.999818   0.755800   0.000071   0.242800  -6.362754    684      3
 3.0463E+00   6.997486   1.117921 -99.000000  -3.579115  -9.155300   0.000000   0.242800   0.000657   0.001400   0.020239      5
 3.7744E+04  -0.302326   3.864162 -17.760770 -99.000000  -9.662402   0.000000   0.000241   0.000146   0.001400  0.000E+00        lgTeff

        107   7.014216  1.509E+04  -2.050923  -2.050923   9.999818   9.999818   0.755800   0.000071   0.242800  -6.309804    684      3
 3.0167E+00   7.014216   1.100382 -57.113500  -3.449364  -9.128706   0.000000   0.242800   0.000657   0.001400   0.020207      3
 3.8783E+04  -0.254195   3.870196 -17.459740 -99.000000  -9.629022   0.000000   0.000241   0.000146   0.001400  0.000E+00        lgTeff

        108   7.030201  1.543E+04  -1.927449  -1.927449   9.999817   9.999817   0.755800   0.000071   0.242800  -6.259139    686      3
 3.0079E+00   7.030201   1.083541 -56.036514  -3.326266  -9.104373   0.000000   0.242800   0.000657   0.001400   0.020177      3
 3.9802E+04  -0.208176   3.875686 -99.000000 -99.000000  -9.597303   0.000000   0.000241   0.000146   0.001400  0.000E+00        lgTeff

        109   7.047658  1.582E+04  -1.793400  -1.793400   9.999816   9.999816   0.755800   0.000071   0.242800  -6.204196    687      3
 3.0575E+00   7.047658   1.064935 -54.950727  -3.192892  -9.081761   0.000000   0.242800   0.000657   0.001400   0.020142      4
 4.0943E+04  -0.158085   3.880884 -99.000000 -99.000000  -9.562844   0.000000   0.000241   0.000146   0.001400  0.000E+00    varcontrol


__________________________________________________________________________________________________________________________________________________

       step    lg_Tmax     Teff     lg_LH      lg_Lnuc_tot     Mass       H_rich     H_cntr     N_cntr     Y_surf   eta_cntr   zones  retry
  lg_dt_yrs    lg_Tcntr    lg_R     lg_L3a     lg_Lneu     lg_Mdot    He_core    He_cntr    O_cntr     Z_surf   gam_cntr   iters  
    age_yrs    lg_Dcntr    lg_L     lg_LZ      lg_Lphoto   lg_Dsurf   CO_core    C_cntr     Ne_cntr    Z_cntr   v_div_cs       dt_limit
__________________________________________________________________________________________________________________________________________________

        110   7.065890  1.622E+04  -1.653832  -1.653832   9.999815   9.999815   0.755800   0.000071   0.242800  -6.146992    687      3
 3.0891E+00   7.065890   1.045372 -53.844271  -3.054501  -9.058930   0.000000   0.242800   0.000657   0.001400   0.020104      3
 4.2171E+04  -0.105846   3.885834 -17.459740 -99.000000  -9.527213   0.000000   0.000241   0.000146   0.001400  0.000E+00        lgTeff

        111   7.082598  1.660E+04  -1.525581  -1.525581   9.999814   9.999814   0.755800   0.000071   0.242800  -6.094231    689      3
 3.0643E+00   7.082598   1.027462 -52.843568  -2.928008  -9.036199   0.000000   0.242800   0.000657   0.001400   0.020072      3
 4.3331E+04  -0.057825   3.890455 -16.857680 -99.000000  -9.494904   0.000000   0.000241   0.000146   0.001400  0.000E+00        lgTeff

        112   7.098635  1.698E+04  -1.401479  -1.401479   9.999813   9.999813   0.755800   0.000071   0.242800  -6.043454    689      3
 3.0588E+00   7.098635   1.010220 -51.894266  -2.806535  -9.015168   0.000000   0.242800   0.000657   0.001400   0.020041      3
 4.4476E+04  -0.011674   3.894661 -99.000000 -99.000000  -9.464035   0.000000   0.000241   0.000146   0.001400  0.000E+00        lgTeff

        113   7.116036  1.739E+04  -1.264562  -1.264562   9.999811   9.999811   0.755800   0.000071   0.242800  -5.988623    691      3
 3.1069E+00   7.116036   0.991342 -50.876664  -2.674032  -8.995525   0.000000   0.242800   0.000657   0.001400   0.020007      3
 4.5755E+04   0.038291   3.898535 -99.000000 -99.000000  -9.430549   0.000000   0.000241   0.000146   0.001400  0.000E+00    varcontrol

        114   7.134155  1.783E+04  -1.117198  -1.117198   9.999810   9.999810   0.755800   0.000071   0.242800  -5.931587    694      3
 3.1385E+00   7.134155   0.971597 -49.830626  -2.533772  -8.975827   0.000000   0.242800   0.000657   0.001400   0.019971      3
 4.7130E+04   0.090293   3.902187 -16.857680 -99.000000  -9.395770   0.000000   0.000241   0.000146   0.001400  0.000E+00        lgTeff

        115   7.150882  1.824E+04  -0.973671  -0.973671   9.999808   9.999808   0.755800   0.000071   0.242800  -5.878519    694      3
 3.1180E+00   7.150882   0.953404 -48.876561  -2.399909  -8.956215   0.000000   0.242800   0.000657   0.001400   0.019940      3
 4.8443E+04   0.138482   3.905675 -99.000000 -99.000000  -9.363857   0.000000   0.000241   0.000146   0.001400  0.000E+00        lgTeff

        116   7.168603  1.869E+04  -0.809868  -0.809868   9.999807   9.999807   0.755800   0.000071   0.242800  -5.822411    695      3
 3.1571E+00   7.168603   0.934011 -47.878495  -2.250336  -8.937839   0.000000   0.242800   0.000657   0.001400   0.019907      3
 4.9878E+04   0.189488   3.908807 -99.000000 -99.000000  -9.330207   0.000000   0.000241   0.000146   0.001400  0.000E+00    varcontrol

        117   7.186832  1.915E+04  -0.623469  -0.623469   9.999805   9.999805   0.755800   0.000071   0.242800  -5.764646    696      3
 3.1843E+00   7.186832   0.914005 -46.865133  -2.082913  -8.919706   0.000000   0.242800   0.000657   0.001400   0.019874      3
 5.1407E+04   0.241977   3.911724 -16.079529 -99.000000  -9.295904   0.000000   0.000241   0.000146   0.001400  0.000E+00        lgTeff

        118   7.203479  1.960E+04  -0.430517  -0.430517   9.999803   9.999803   0.755800   0.000071   0.242800  -5.710520    701      3
 3.1648E+00   7.203479   0.895586 -45.942965  -1.910110  -8.901775   0.000000   0.242800   0.000657   0.001400   0.019852      3
 5.2868E+04   0.290511   3.914555 -99.000000 -99.000000  -9.264630   0.000000   0.000241   0.000146   0.001400  0.000E+00        lgTeff

        119   7.221230  2.007E+04  -0.202857  -0.202857   9.999801   9.999801   0.755800   0.000071   0.242800  -5.653877    704      3
 3.2025E+00   7.221230   0.876067 -44.979191  -1.703262  -8.884908   0.000000   0.242800   0.000657   0.001400   0.019822      3
 5.4462E+04   0.341799   3.917037 -15.954590 -99.000000  -9.231926   0.000000   0.000241   0.000146   0.001400  0.000E+00    varcontrol


__________________________________________________________________________________________________________________________________________________

       step    lg_Tmax     Teff     lg_LH      lg_Lnuc_tot     Mass       H_rich     H_cntr     N_cntr     Y_surf   eta_cntr   zones  retry
  lg_dt_yrs    lg_Tcntr    lg_R     lg_L3a     lg_Lneu     lg_Mdot    He_core    He_cntr    O_cntr     Z_surf   gam_cntr   iters  
    age_yrs    lg_Dcntr    lg_L     lg_LZ      lg_Lphoto   lg_Dsurf   CO_core    C_cntr     Ne_cntr    Z_cntr   v_div_cs       dt_limit
__________________________________________________________________________________________________________________________________________________

        120   7.239414  2.057E+04   0.056487   0.056487   9.999799   9.999799   0.755800   0.000071   0.242800  -5.595676    718      3
 3.2296E+00   7.239414   0.855996 -44.005016  -1.460414  -8.868316   0.000000   0.242800   0.000657   0.001400   0.019793      3
 5.6159E+04   0.394417   3.919326 -99.000000 -99.000000  -9.198726   0.000000   0.000241   0.000146   0.001400  0.000E+00        lgTeff

        121   7.256321  2.104E+04   0.317166   0.317166   9.999796   9.999796   0.755800   0.000071   0.242800  -5.541313    728      3
 3.2123E+00   7.256321   0.837453 -43.111749  -1.207214  -8.851905   0.000000   0.242800   0.000657   0.001400   0.019767      3
 5.7790E+04   0.443450   3.921610 -99.000000 -99.000000  -9.168435   0.000000   0.000241   0.000146   0.001400  0.000E+00        lgTeff

        122   7.274124  2.154E+04   0.606805   0.606805   9.999794   9.999794   0.755800   0.000072   0.242800  -5.484174    733      3
 3.2500E+00   7.274124   0.817862 -42.183728  -0.915428  -8.836327   0.000000   0.242800   0.000657   0.001400   0.019740      3
 5.9568E+04   0.495038   3.923558 -14.750470 -99.000000  -9.137007   0.000000   0.000240   0.000146   0.001400  0.000E+00    varcontrol

        123   7.292380  2.207E+04   0.913094   0.913094   9.999791   9.999791   0.755800   0.000073   0.242800  -5.425660    738      3
 3.2769E+00   7.292380   0.797772 -41.245181  -0.595682  -8.821018   0.000000   0.242800   0.000657   0.001400   0.019711      4
 6.1460E+04   0.547907   3.925342 -14.750470 -99.000000  -9.105414   0.000000   0.000239   0.000146   0.001400  0.000E+00    lgRho_cntr

        124   7.309345  2.257E+04   1.199920   1.199920   9.999788   9.999788   0.755800   0.000076   0.242800  -5.371178    745      3
 3.2607E+00   7.309345   0.779208 -40.384602  -0.285937  -8.805850   0.000000   0.242800   0.000657   0.001400   0.019685      3
 6.3282E+04   0.597064   3.927171 -99.000000 -99.000000  -9.076807   0.000000   0.000237   0.000146   0.001401  0.000E+00    lgRho_cntr

        125   7.327042  2.310E+04   1.495882   1.495882   9.999785   9.999785   0.755799   0.000082   0.242800  -5.313741    753      3
 3.2979E+00   7.327042   0.759667 -39.495060   0.045606  -8.791388   0.000000   0.242799   0.000657   0.001400   0.019657      3
 6.5268E+04   0.648275   3.928653 -14.449440 -99.000000  -9.047397   0.000000   0.000232   0.000146   0.001402  0.000E+00    varcontrol

        126   7.344943  2.366E+04   1.784402   1.784402   9.999781   9.999781   0.755798   0.000095   0.242800  -5.254481    758      3
 3.3252E+00   7.344943   0.739673 -38.605937   0.382271  -8.777261   0.000000   0.242798   0.000657   0.001400   0.019628      3
 6.7382E+04   0.700111   3.929927 -13.671289 -99.000000  -9.017980   0.000000   0.000220   0.000146   0.001403  0.000E+00    lgRho_cntr

        127   7.361609  2.419E+04   2.034156   2.034156   9.999781   9.999781   0.755796   0.000119   0.242800  -5.199993    767      3
 3.3119E+00   7.361609   0.721142 -37.794919   0.684522 -10.121085   0.000000   0.242798   0.000657   0.001400   0.019596      3
 6.9433E+04   0.747949   3.931202 -13.546350 -99.000000  -8.991262   0.000000   0.000200   0.000146   0.001407  0.000E+00    lgRho_cntr

        128   7.379280  2.474E+04   2.270852   2.270852   9.999781   9.999781   0.755790   0.000163   0.242800  -5.146112    783      3
 3.3504E+00   7.379280   0.701677 -36.953230   0.978641 -10.062606   0.000000   0.242797   0.000657   0.001400   0.019541      3
 7.1674E+04   0.797271   3.931961 -99.000000 -99.000000  -8.963722   0.000000   0.000162   0.000146   0.001413  0.000E+00    varcontrol

        129   7.399025  2.537E+04   2.494996   2.494996   9.999781   9.999781   0.755780   0.000234   0.242800  -5.091129    792      3
 3.4141E+00   7.399025   0.680141 -36.023135   1.260214 -10.005408   0.000000   0.242797   0.000657   0.001400   0.019454      4
 7.4268E+04   0.850684   3.931955 -13.245320 -99.000000  -8.933743   0.000000   0.000101   0.000146   0.001423  0.000E+00    varcontrol


__________________________________________________________________________________________________________________________________________________

       step    lg_Tmax     Teff     lg_LH      lg_Lnuc_tot     Mass       H_rich     H_cntr     N_cntr     Y_surf   eta_cntr   zones  retry
  lg_dt_yrs    lg_Tcntr    lg_R     lg_L3a     lg_Lneu     lg_Mdot    He_core    He_cntr    O_cntr     Z_surf   gam_cntr   iters  
    age_yrs    lg_Dcntr    lg_L     lg_LZ      lg_Lphoto   lg_Dsurf   CO_core    C_cntr     Ne_cntr    Z_cntr   v_div_cs       dt_limit
__________________________________________________________________________________________________________________________________________________

        130   7.417893  2.598E+04   2.665783   2.665783   9.999780   9.999780   0.755769   0.000300   0.242800  -5.037342    790      3
 3.4244E+00   7.417893   0.659318 -35.115539   1.475622  -9.947595   0.000000   0.242799   0.000656   0.001400   0.019383      5
 7.6925E+04   0.902449   3.931690 -12.643260 -99.000000  -8.905194   0.000000   0.000045   0.000146   0.001433  0.000E+00        lgTeff

        131   7.434633  2.655E+04   2.775820   2.775820   9.999780   9.999780   0.755760   0.000336   0.242800  -4.984316    792      3
 3.4100E+00   7.434633   0.640270 -34.270996   1.617779  -9.895000   0.000000   0.242802   0.000656   0.001400   0.019354      4
 7.9496E+04   0.950676   3.931291 -99.000000 -99.000000  -8.879545   0.000000   0.000015   0.000146   0.001438  0.000E+00    lgRho_cntr

        132   7.451577  2.714E+04   2.852651   2.852651   9.999780   9.999780   0.755751   0.000348   0.242800  -4.928232    798      3
 3.4467E+00   7.451577   0.620541 -33.359566   1.721461  -9.849469   0.000000   0.242810   0.000655   0.001400   0.019339      5
 8.2293E+04   1.000541   3.930192 -99.000000 -99.000000  -8.853550   0.000000   0.000005   0.000146   0.001439  0.000E+00    varcontrol

        133   7.470640  2.779E+04   2.924431   2.924431   9.999779   9.999779   0.755732   0.000352   0.242800  -4.872112    803      3
 3.5078E+00   7.470640   0.599065 -32.285974   1.814652  -9.806644   0.000000   0.242829   0.000652   0.001400   0.019279      5
 8.5512E+04   1.053622   3.928215 -12.944290 -99.000000  -8.826055   0.000000   0.000004   0.000146   0.001439  0.000E+00    varcontrol

        134   7.490384  2.842E+04   3.015249   3.015249   9.999779   9.999779   0.755689   0.000357   0.242800  -4.831228    814      3
 3.5194E+00   7.490384   0.578507 -31.148918   1.914886  -9.764881   0.000000   0.242873   0.000645   0.001400   0.019107      5
 8.8819E+04   1.101143   3.926010 -99.000000 -99.000000  -8.800688   0.000000   0.000004   0.000146   0.001438  0.000E+00    lgRho_cntr

        135   7.511466  2.902E+04   3.158847   3.158847   9.999778   9.999778   0.755582   0.000371   0.242800  -4.813569    838      3
 3.5391E+00   7.511466   0.558693 -29.931323   2.054853  -9.728065   0.000000   0.242982   0.000629   0.001400   0.018763      5
 9.2279E+04   1.140651   3.922819 -12.342230 -99.000000  -8.777042   0.000000   0.000005   0.000146   0.001436  0.000E+00    varcontrol

        136   7.531077  2.959E+04   3.371123   3.371123   9.999777   9.999777   0.755535   0.000377   0.242800  -4.807543    849      3
 3.5977E+00   7.531077   0.538569 -28.774061   2.253980  -9.697934   0.000000   0.243030   0.000621   0.001400   0.018384      5
 9.6239E+04   1.172894   3.916256 -12.342230 -99.000000  -8.753335   0.000000   0.000005   0.000146   0.001435  0.000E+00    varcontrol

        137   7.546184  3.002E+04   3.579081   3.579081   9.999776   9.999776   0.755530   0.000378   0.242800  -4.815110    861      3
 3.6538E+00   7.546184   0.519569 -27.903856   2.450641  -9.679617   0.000000   0.243035   0.000621   0.001400   0.018024      5
 1.0075E+05   1.192443   3.903352 -99.000000 -99.000000  -8.730544   0.000000   0.000005   0.000146   0.001435  0.000E+00    varcontrol

        138   7.555632  3.023E+04   3.722156   3.722156   9.999775   9.999775   0.755500   0.000382   0.242800  -4.833655    864      3
 3.7264E+00   7.555632   0.502400 -27.376136   2.589017  -9.684561   0.000000   0.243066   0.000616   0.001400   0.017721      5
 1.0607E+05   1.198698   3.880981 -11.740170 -99.000000  -8.708863   0.000000   0.000005   0.000146   0.001434  0.000E+00    varcontrol

        139   7.559919  3.019E+04   3.791647   3.791647   9.999774   9.999774   0.755445   0.000389   0.242800  -4.856507    875      3
 3.8056E+00   7.559919   0.488243 -27.147005   2.658887  -9.722803   0.000000   0.243122   0.000608   0.001400   0.017502      5
 1.1246E+05   1.195292   3.850457 -99.000000 -99.000000  -8.689716   0.000000   0.000005   0.000146   0.001433  0.000E+00  max increase


__________________________________________________________________________________________________________________________________________________

       step    lg_Tmax     Teff     lg_LH      lg_Lnuc_tot     Mass       H_rich     H_cntr     N_cntr     Y_surf   eta_cntr   zones  retry
  lg_dt_yrs    lg_Tcntr    lg_R     lg_L3a     lg_Lneu     lg_Mdot    He_core    He_cntr    O_cntr     Z_surf   gam_cntr   iters  
    age_yrs    lg_Dcntr    lg_L     lg_LZ      lg_Lphoto   lg_Dsurf   CO_core    C_cntr     Ne_cntr    Z_cntr   v_div_cs       dt_limit
__________________________________________________________________________________________________________________________________________________

        140   7.560778  2.999E+04   3.810251   3.810251   9.999773   9.999773   0.755371   0.000398   0.242800  -4.877396    889      3
 3.8848E+00   7.560778   0.478257 -27.110171   2.679693  -9.791759   0.000000   0.243197   0.000597   0.001400   0.017364      5
 1.2013E+05   1.187562   3.818901 -11.439140 -99.000000  -8.675330   0.000000   0.000005   0.000146   0.001432  0.000E+00  max increase

        141   7.560000  2.976E+04   3.804529   3.804529   9.999772   9.999772   0.755263   0.000411   0.242800  -4.892691    893      3
 3.9640E+00   7.560000   0.472708 -27.162057   2.672456  -9.871516   0.000000   0.243307   0.000583   0.001400   0.017293      5
 1.2934E+05   1.179788   3.794473 -11.740170 -99.000000  -8.666877   0.000000   0.000005   0.000146   0.001430  0.000E+00  max increase

        142   7.558744  2.959E+04   3.793664   3.793664   9.999770   9.999770   0.755120   0.000426   0.242800  -4.902592    897      3
 4.0431E+00   7.558744   0.470704 -27.237678   2.658641  -9.937452   0.000000   0.243452   0.000564   0.001400   0.017262      5
 1.4038E+05   1.173637   3.780497 -99.000000 -99.000000  -8.663495   0.000000   0.000006   0.000146   0.001428  0.000E+00  max increase

        143   7.557460  2.948E+04   3.786124   3.786124   9.999769   9.999769   0.754941   0.000445   0.242800  -4.909021    897      3
 4.1223E+00   7.557460   0.470820 -27.312840   2.649103  -9.977496   0.000000   0.243634   0.000543   0.001400   0.017253      5
 1.5363E+05   1.168955   3.774697 -12.041200 -99.000000  -8.663227   0.000000   0.000006   0.000146   0.001425  0.000E+00  max increase

        144   7.556247  2.942E+04   3.782297   3.782297   9.999767   9.999767   0.754722   0.000465   0.242800  -4.913879    892      3
 4.2015E+00   7.556247   0.471873 -27.383021   2.643956  -9.995970   0.000000   0.243856   0.000520   0.001400   0.017251      5
 1.6954E+05   1.165071   3.773123 -99.000000 -99.000000  -8.664359   0.000000   0.000006   0.000146   0.001422  0.000E+00  max increase

        145   7.555079  2.937E+04   3.780536   3.780536   9.999765   9.999765   0.754457   0.000487   0.242800  -4.918284    887      3
 4.2807E+00   7.555079   0.473232 -27.450269   2.641211 -10.002949   0.000000   0.244124   0.000494   0.001400   0.017252      5
 1.8862E+05   1.161463   3.773066 -12.041200 -99.000000  -8.665956   0.000000   0.000006   0.000146   0.001419  0.000E+00  max increase

        146   7.553923  2.933E+04   3.779606   3.779606   9.999763   9.999763   0.754139   0.000511   0.242800  -4.922677    886      3
 4.3599E+00   7.553923   0.474674 -27.516603   2.639388 -10.005750   0.000000   0.244446   0.000466   0.001400   0.017253      5
 2.1153E+05   1.157892   3.773380 -99.000000 -99.000000  -8.667675   0.000000   0.000006   0.000146   0.001415  0.000E+00  max increase

        147   7.552769  2.929E+04   3.778996   3.778996   9.999760   9.999760   0.753758   0.000537   0.242800  -4.927170    883      3
 4.4391E+00   7.552769   0.476147 -27.582663   2.637911 -10.007547   0.000000   0.244830   0.000437   0.001400   0.017255      5
 2.3901E+05   1.154297   3.773755 -99.000000 -99.000000  -8.669437   0.000000   0.000007   0.000146   0.001412  0.000E+00  max increase

        148   7.551622  2.924E+04   3.778561   3.778561   9.999757   9.999757   0.753301   0.000564   0.242800  -4.931766    882      3
 4.5182E+00   7.551622   0.477643 -27.648120   2.636624 -10.009217   0.000000   0.245292   0.000405   0.001400   0.017257      5
 2.7199E+05   1.150686   3.774157 -99.000000 -99.000000  -8.671231   0.000000   0.000007   0.000146   0.001408  0.000E+00  max increase

        149   7.550500  2.920E+04   3.778263   3.778263   9.999753   9.999753   0.752755   0.000592   0.242800  -4.936412    879      3
 4.5974E+00   7.550500   0.479153 -27.711841   2.635526 -10.010858   0.000000   0.245842   0.000373   0.001400   0.017258      5
 3.1156E+05   1.147112   3.774606 -99.000000 -99.000000  -8.673047   0.000000   0.000007   0.000146   0.001404  0.000E+00  max increase


__________________________________________________________________________________________________________________________________________________

       step    lg_Tmax     Teff     lg_LH      lg_Lnuc_tot     Mass       H_rich     H_cntr     N_cntr     Y_surf   eta_cntr   zones  retry
  lg_dt_yrs    lg_Tcntr    lg_R     lg_L3a     lg_Lneu     lg_Mdot    He_core    He_cntr    O_cntr     Z_surf   gam_cntr   iters  
    age_yrs    lg_Dcntr    lg_L     lg_LZ      lg_Lphoto   lg_Dsurf   CO_core    C_cntr     Ne_cntr    Z_cntr   v_div_cs       dt_limit
__________________________________________________________________________________________________________________________________________________

        150   7.549415  2.916E+04   3.778135   3.778135   9.999749   9.999749   0.752102   0.000620   0.242800  -4.941096    879      3
 4.6766E+00   7.549415   0.480672 -27.772995   2.634620 -10.012387   0.000000   0.246498   0.000340   0.001400   0.017261      5
 3.5905E+05   1.143605   3.775118 -11.086957 -99.000000  -8.674880   0.000000   0.000008   0.000146   0.001399  0.000E+00  max increase

save LOGS/profile4.data for model 150
save photos/x150 for model 150
        151   7.548379  2.912E+04   3.778186   3.778186   9.999743   9.999743   0.751322   0.000650   0.242800  -4.945800    874      3
 4.7558E+00   7.548379   0.482198 -27.830760   2.633924 -10.013742   0.000000   0.247283   0.000306   0.001400   0.017263      5
 4.1604E+05   1.140196   3.775711 -99.000000 -99.000000  -8.676729   0.000000   0.000008   0.000146   0.001395  0.000E+00  max increase

        152   7.547407  2.908E+04   3.778430   3.778430   9.999737   9.999737   0.750389   0.000679   0.242800  -4.950522    870      3
 4.8350E+00   7.547407   0.483732 -27.884252   2.633455 -10.014863   0.000000   0.248220   0.000272   0.001400   0.017267      5
 4.8442E+05   1.136912   3.776409 -99.000000 -99.000000  -8.678594   0.000000   0.000008   0.000146   0.001391  0.000E+00  max increase

        153   7.546510  2.904E+04   3.778879   3.778879   9.999729   9.999729   0.749272   0.000708   0.242800  -4.955260    869      3
 4.9141E+00   7.546510   0.485275 -27.932530   2.633229 -10.015672   0.000000   0.249342   0.000238   0.001400   0.017271      5
 5.6648E+05   1.133782   3.777238 -99.000000 -99.000000  -8.680479   0.000000   0.000009   0.000146   0.001386  0.000E+00  max increase

        154   7.545699  2.900E+04   3.779561   3.779561   9.999719   9.999719   0.747929   0.000737   0.242800  -4.960041    865      3
 4.9933E+00   7.545699   0.486836 -27.974851   2.633261 -10.016088   0.000000   0.250689   0.000205   0.001400   0.017275      5
 6.6496E+05   1.130819   3.778227 -99.000000 -99.000000  -8.682398   0.000000   0.000009   0.000146   0.001382  0.000E+00  max increase

        155   7.544989  2.897E+04   3.780498   3.780498   9.999708   9.999708   0.746314   0.000764   0.242800  -4.964881    864      3
 5.0725E+00   7.544989   0.488426 -28.010125   2.633585 -10.016038   0.000000   0.252308   0.000173   0.001400   0.017281      5
 7.8313E+05   1.128051   3.779417 -12.041200 -99.000000  -8.684362   0.000000   0.000009   0.000146   0.001378  0.000E+00  max increase

        156   7.544396  2.894E+04   3.781729   3.781729   9.999694   9.999694   0.744368   0.000790   0.242800  -4.969808    863      3
 5.1517E+00   7.544396   0.490056 -28.037183   2.634236 -10.015411   0.000000   0.254257   0.000143   0.001400   0.017288      5
 9.2493E+05   1.125503   3.780853 -99.000000 -99.000000  -8.686389   0.000000   0.000010   0.000146   0.001374  0.000E+00  max increase

        157   7.543930  2.891E+04   3.783302   3.783302   9.999678   9.999678   0.742009   0.000814   0.242800  -4.974896    860      3
 5.2309E+00   7.543930   0.491757 -28.055051   2.635245 -10.014084   0.000000   0.256620   0.000116   0.001400   0.017297      5
 1.0951E+06   1.123182   3.782586 -11.439140 -99.000000  -8.688516   0.000000   0.000010   0.000146   0.001371  0.000E+00  max increase

        158   7.543619  2.889E+04   3.785271   3.785271   9.999658   9.999658   0.739183   0.000835   0.242800  -4.980151    862      3
 5.3100E+00   7.543619   0.493534 -28.061902   2.636714 -10.011949   0.000000   0.259449   0.000091   0.001400   0.017308      5
 1.2993E+06   1.121141   3.784691 -99.000000 -99.000000  -8.690756   0.000000   0.000010   0.000146   0.001368  0.000E+00  max increase

        159   7.543475  2.887E+04   3.787718   3.787718   9.999634   9.999634   0.735789   0.000853   0.242800  -4.985687    862      3
 5.3892E+00   7.543475   0.495430 -28.056702   2.638688 -10.008786   0.000000   0.262846   0.000071   0.001400   0.017321      5
 1.5443E+06   1.119374   3.787243 -12.041200 -99.000000  -8.693160   0.000000   0.000010   0.000146   0.001365  0.000E+00  max increase


__________________________________________________________________________________________________________________________________________________

       step    lg_Tmax     Teff     lg_LH      lg_Lnuc_tot     Mass       H_rich     H_cntr     N_cntr     Y_surf   eta_cntr   zones  retry
  lg_dt_yrs    lg_Tcntr    lg_R     lg_L3a     lg_Lneu     lg_Mdot    He_core    He_cntr    O_cntr     Z_surf   gam_cntr   iters  
    age_yrs    lg_Dcntr    lg_L     lg_LZ      lg_Lphoto   lg_Dsurf   CO_core    C_cntr     Ne_cntr    Z_cntr   v_div_cs       dt_limit
__________________________________________________________________________________________________________________________________________________

        160   7.543506  2.885E+04   3.790736   3.790736   9.999605   9.999605   0.731683   0.000867   0.242800  -4.991681    864      3
 5.4684E+00   7.543506   0.497508 -28.038548   2.641234 -10.004434   0.000000   0.266953   0.000054   0.001400   0.017337      5
 1.8384E+06   1.117851   3.790335 -99.000000 -99.000000  -8.695811   0.000000   0.000011   0.000146   0.001363  0.000E+00  max increase

        161   7.543721  2.884E+04   3.794440   3.794440   9.999569   9.999569   0.726680   0.000878   0.242800  -4.998348    867      3
 5.5476E+00   7.543721   0.499854 -28.006247   2.644447  -9.998720   0.000000   0.271959   0.000041   0.001400   0.017357      5
 2.1912E+06   1.116545   3.794090 -99.000000 -99.000000  -8.698817   0.000000   0.000011   0.000146   0.001361  0.000E+00  max increase

        162   7.544138  2.882E+04   3.798971   3.798971   9.999526   9.999526   0.720616   0.000887   0.242800  -5.005903    865      3
 5.6268E+00   7.544138   0.502547 -27.958412   2.648484  -9.991423   0.000000   0.278024   0.000031   0.001400   0.017381      5
 2.6146E+06   1.115430   3.798658 -99.000000 -99.000000  -8.702283   0.000000   0.000011   0.000146   0.001360  0.000E+00  max increase

        163   7.544770  2.881E+04   3.804519   3.804519   9.999473   9.999473   0.713253   0.000892   0.242800  -5.014661    865      3
 5.7060E+00   7.544770   0.505713 -27.893711   2.653503  -9.982225   0.000000   0.285388   0.000025   0.001400   0.017412      5
 3.1227E+06   1.114453   3.804231 -11.439140 -99.000000  -8.706370   0.000000   0.000011   0.000146   0.001359  0.000E+00  max increase

        164   7.545637  2.880E+04   3.811321   3.811321   9.999408   9.999408   0.704233   0.000896   0.242800  -5.025058    867      3
 5.7851E+00   7.545637   0.509525 -27.810194   2.659699  -9.970764   0.000000   0.294408   0.000020   0.001400   0.017451      5
 3.7325E+06   1.113550   3.811044 -99.000000 -99.000000  -8.711299   0.000000   0.000011   0.000146   0.001359  0.000E+00  max increase

        165   7.546772  2.878E+04   3.819706   3.819706   9.999327   9.999327   0.693121   0.000898   0.242800  -5.037565    864      3
 5.8643E+00   7.546772   0.514207 -27.705004   2.667379  -9.956631   0.000000   0.305521   0.000018   0.001400   0.017501      5
 4.4641E+06   1.112687   3.819435 -12.041200 -99.000000  -8.717360   0.000000   0.000011   0.000146   0.001359  0.000E+00  max increase

        166   7.548225  2.876E+04   3.830080   3.830080   9.999226   9.999226   0.679402   0.000899   0.242800  -5.052793    865      3
 5.9435E+00   7.548225   0.520032 -27.574603   2.676931  -9.939205   0.000000   0.319240   0.000017   0.001400   0.017566      5
 5.3421E+06   1.111817   3.829810 -11.740170 -99.000000  -8.724905   0.000000   0.000011   0.000146   0.001358  0.000E+00      XHe_cntr

        167   7.549535  2.874E+04   3.839229   3.839229   9.999135   9.999135   0.667216   0.000900   0.242800  -5.066185    871      3
 5.8779E+00   7.549535   0.525252 -27.459744   2.685366  -9.917728   0.000000   0.331426   0.000016   0.001400   0.017627      5
 6.0971E+06   1.111156   3.838956 -99.000000 -99.000000  -8.731666   0.000000   0.000011   0.000146   0.001358  0.000E+00      XHe_cntr

        168   7.550778  2.871E+04   3.847779   3.847779   9.999048   9.999048   0.655761   0.000900   0.242800  -5.078687    868      3
 5.8385E+00   7.550778   0.530208 -27.352779   2.693270  -9.898972   0.000000   0.342881   0.000016   0.001400   0.017687      5
 6.7866E+06   1.110611   3.847502 -99.000000 -99.000000  -8.738086   0.000000   0.000011   0.000146   0.001358  0.000E+00      XHe_cntr

        169   7.551988  2.869E+04   3.856009   3.856009   9.998963   9.998963   0.644682   0.000900   0.242800  -5.090706    869      3
 5.8122E+00   7.551988   0.535053 -27.250285   2.700898  -9.881609   0.000000   0.353960   0.000015   0.001400   0.017748      5
 7.4355E+06   1.110147   3.855729 -99.000000 -99.000000  -8.744361   0.000000   0.000011   0.000146   0.001358  0.000E+00      XHe_cntr


__________________________________________________________________________________________________________________________________________________

       step    lg_Tmax     Teff     lg_LH      lg_Lnuc_tot     Mass       H_rich     H_cntr     N_cntr     Y_surf   eta_cntr   zones  retry
  lg_dt_yrs    lg_Tcntr    lg_R     lg_L3a     lg_Lneu     lg_Mdot    He_core    He_cntr    O_cntr     Z_surf   gam_cntr   iters  
    age_yrs    lg_Dcntr    lg_L     lg_LZ      lg_Lphoto   lg_Dsurf   CO_core    C_cntr     Ne_cntr    Z_cntr   v_div_cs       dt_limit
__________________________________________________________________________________________________________________________________________________

        170   7.553185  2.866E+04   3.864057   3.864057   9.998878   9.998878   0.633802   0.000900   0.242800  -5.102450    865      3
 5.7929E+00   7.553185   0.539865 -27.150516   2.708374  -9.865048   0.000000   0.364840   0.000015   0.001400   0.017810      5
 8.0562E+06   1.109749   3.863772 -11.564079 -99.000000  -8.750591   0.000000   0.000011   0.000146   0.001358  0.000E+00      XHe_cntr

        171   7.554379  2.864E+04   3.871995   3.871995   9.998793   9.998793   0.623000   0.000900   0.242800  -5.114029    866      3
 5.7774E+00   7.554379   0.544691 -27.052334   2.715761  -9.849011   0.000000   0.375642   0.000015   0.001400   0.017875      5
 8.6552E+06   1.109416   3.871706 -12.041200 -99.000000  -8.756839   0.000000   0.000011   0.000146   0.001358  0.000E+00      XHe_cntr

        172   7.555573  2.861E+04   3.879844   3.879844   9.998708   9.998708   0.612251   0.000900   0.242800  -5.125509    868      3
 5.7638E+00   7.555573   0.549543 -26.955444   2.723081  -9.833361   0.000000   0.386391   0.000015   0.001400   0.017941      5
 9.2357E+06   1.109131   3.879550 -11.439140 -99.000000  -8.763119   0.000000   0.000011   0.000146   0.001358  0.000E+00      XHe_cntr

        173   7.556767  2.857E+04   3.887636   3.887636   9.998622   9.998622   0.601578   0.000900   0.242800  -5.136854    866      3
 5.7510E+00   7.556767   0.554427 -26.859803   2.730373  -9.818056   0.000000   0.397064   0.000015   0.001400   0.018010      5
 9.7993E+06   1.108904   3.887339 -99.000000 -99.000000  -8.769441   0.000000   0.000012   0.000146   0.001358  0.000E+00      XHe_cntr

        174   7.557969  2.854E+04   3.895378   3.895378   9.998536   9.998536   0.590890   0.000900   0.242800  -5.148153    867      3
 5.7392E+00   7.557969   0.559364 -26.764736   2.737625  -9.802998   0.000000   0.407752   0.000015   0.001400   0.018082      5
 1.0348E+07   1.108731   3.895076 -12.041200 -99.000000  -8.775831   0.000000   0.000012   0.000146   0.001358  0.000E+00      XHe_cntr

        175   7.559173  2.850E+04   3.903083   3.903083   9.998449   9.998449   0.580278   0.000900   0.242800  -5.159344    867      3
 5.7279E+00   7.559173   0.564342 -26.670724   2.744871  -9.788226   0.000000   0.418364   0.000015   0.001400   0.018155      5
 1.0882E+07   1.108607   3.902778 -12.041200 -99.000000  -8.782274   0.000000   0.000012   0.000146   0.001358  0.000E+00      XHe_cntr

        176   7.560384  2.846E+04   3.910760   3.910760   9.998361   9.998361   0.569677   0.000900   0.242800  -5.170472    868      3
 5.7170E+00   7.560384   0.569377 -26.577248   2.752101  -9.773656   0.000000   0.428965   0.000015   0.001400   0.018232      5
 1.1404E+07   1.108538   3.910450 -99.000000 -99.000000  -8.788792   0.000000   0.000012   0.000146   0.001358  0.000E+00      XHe_cntr

        177   7.561611  2.842E+04   3.918414   3.918414   9.998272   9.998272   0.558980   0.000900   0.242800  -5.181601    868      3
 5.7070E+00   7.561611   0.574498 -26.483539   2.759314  -9.759307   0.000000   0.439662   0.000015   0.001400   0.018312      5
 1.1913E+07   1.108538   3.918099 -99.000000 -99.000000  -8.795421   0.000000   0.000012   0.000146   0.001358  0.000E+00      XHe_cntr

        178   7.562848  2.837E+04   3.926034   3.926034   9.998183   9.998183   0.548254   0.000900   0.242800  -5.192671    861      3
 5.6958E+00   7.562848   0.579689 -26.390004   2.766508  -9.745226   0.000000   0.450388   0.000015   0.001400   0.018396      5
 1.2409E+07   1.108608   3.925712 -99.000000 -99.000000  -8.802140   0.000000   0.000012   0.000146   0.001358  0.000E+00      XHe_cntr

        179   7.564082  2.833E+04   3.933600   3.933600   9.998094   9.998094   0.537680   0.000900   0.242800  -5.203589    860      3
 5.6837E+00   7.564082   0.584901 -26.297837   2.773687  -9.731412   0.000000   0.460962   0.000015   0.001400   0.018481      5
 1.2892E+07   1.108716   3.933277 -11.439140 -99.000000  -8.808891   0.000000   0.000012   0.000146   0.001358  0.000E+00      XHe_cntr


__________________________________________________________________________________________________________________________________________________

       step    lg_Tmax     Teff     lg_LH      lg_Lnuc_tot     Mass       H_rich     H_cntr     N_cntr     Y_surf   eta_cntr   zones  retry
  lg_dt_yrs    lg_Tcntr    lg_R     lg_L3a     lg_Lneu     lg_Mdot    He_core    He_cntr    O_cntr     Z_surf   gam_cntr   iters  
    age_yrs    lg_Dcntr    lg_L     lg_LZ      lg_Lphoto   lg_Dsurf   CO_core    C_cntr     Ne_cntr    Z_cntr   v_div_cs       dt_limit
__________________________________________________________________________________________________________________________________________________

        180   7.565331  2.828E+04   3.941136   3.941136   9.998003   9.998003   0.527033   0.000900   0.242800  -5.214488    871      3
 5.6731E+00   7.565331   0.590196 -26.205432   2.780834  -9.717812   0.000000   0.471609   0.000015   0.001400   0.018571      5
 1.3363E+07   1.108898   3.940806 -99.000000 -99.000000  -8.815749   0.000000   0.000012   0.000146   0.001358  0.000E+00      XHe_cntr

        181   7.566588  2.822E+04   3.948655   3.948655   9.997912   9.997912   0.516420   0.000900   0.242800  -5.225306    869      3
 5.6628E+00   7.566588   0.595556 -26.113406   2.787988  -9.704510   0.000000   0.482222   0.000015   0.001400   0.018663      5
 1.3823E+07   1.109137   3.948321 -99.000000 -99.000000  -8.822696   0.000000   0.000012   0.000146   0.001358  0.000E+00      XHe_cntr

        182   7.567857  2.817E+04   3.956145   3.956145   9.997821   9.997821   0.505789   0.000900   0.242800  -5.236066    866      3
 5.6521E+00   7.567857   0.600990 -26.021390   2.795122  -9.691408   0.000000   0.492853   0.000015   0.001400   0.018759      5
 1.4272E+07   1.109447   3.955806 -11.439140 -99.000000  -8.829744   0.000000   0.000012   0.000146   0.001358  0.000E+00      XHe_cntr

        183   7.569142  2.811E+04   3.963626   3.963626   9.997729   9.997729   0.495101   0.000900   0.242800  -5.246750    866      3
 5.6417E+00   7.569142   0.606519 -25.929016   2.802257  -9.678577   0.000000   0.503541   0.000014   0.001400   0.018859      5
 1.4710E+07   1.109852   3.963280 -11.740170 -99.000000  -8.836918   0.000000   0.000012   0.000146   0.001358  0.000E+00      XHe_cntr

        184   7.570443  2.805E+04   3.971095   3.971095   9.997637   9.997637   0.484376   0.000900   0.242800  -5.257306    871      3
 5.6305E+00   7.570443   0.612140 -25.836355   2.809393  -9.665997   0.000000   0.514266   0.000014   0.001400   0.018965      5
 1.5137E+07   1.110368   3.970743 -99.000000 -99.000000  -8.844218   0.000000   0.000012   0.000146   0.001358  0.000E+00      XHe_cntr

        185   7.571744  2.799E+04   3.978517   3.978517   9.997545   9.997545   0.473783   0.000900   0.242800  -5.267707    873      3
 5.6184E+00   7.571744   0.617800 -25.744580   2.816509  -9.653671   0.000000   0.524859   0.000014   0.001400   0.019072      5
 1.5553E+07   1.110937   3.978161 -11.740170 -99.000000  -8.851577   0.000000   0.000012   0.000146   0.001358  0.000E+00      XHe_cntr

        186   7.573061  2.792E+04   3.985909   3.985909   9.997452   9.997452   0.463153   0.000900   0.242800  -5.278038    872      3
 5.6076E+00   7.573061   0.623546 -25.652489   2.823600  -9.641592   0.000000   0.535489   0.000014   0.001400   0.019184      5
 1.5958E+07   1.111593   3.985547 -99.000000 -99.000000  -8.859056   0.000000   0.000012   0.000146   0.001358  0.000E+00      XHe_cntr

        187   7.574399  2.785E+04   3.993274   3.993274   9.997360   9.997360   0.452433   0.000900   0.242800  -5.288344    871      3
 5.5974E+00   7.574399   0.629397 -25.559663   2.830671  -9.629831   0.000000   0.546209   0.000014   0.001400   0.019302      5
 1.6353E+07   1.112341   3.992904 -99.000000 -99.000000  -8.866678   0.000000   0.000012   0.000146   0.001358  0.000E+00      XHe_cntr

        188   7.575745  2.778E+04   4.000597   4.000597   9.997267   9.997267   0.441773   0.000900   0.242800  -5.298515    872      3
 5.5858E+00   7.575745   0.635313 -25.467074   2.837720  -9.618414   0.000000   0.556869   0.000014   0.001400   0.019423      5
 1.6739E+07   1.113167   4.000222 -11.439140 -99.000000  -8.874396   0.000000   0.000012   0.000146   0.001358  0.000E+00      XHe_cntr

        189   7.577101  2.770E+04   4.007875   4.007875   9.997174   9.997174   0.431170   0.000900   0.242800  -5.308572    866      3
 5.5742E+00   7.577101   0.641292 -25.374669   2.844737  -9.607294   0.000000   0.567472   0.000014   0.001400   0.019548      5
 1.7114E+07   1.114062   4.007494 -11.740170 -99.000000  -8.882208   0.000000   0.000012   0.000146   0.001358  0.000E+00      XHe_cntr


__________________________________________________________________________________________________________________________________________________

       step    lg_Tmax     Teff     lg_LH      lg_Lnuc_tot     Mass       H_rich     H_cntr     N_cntr     Y_surf   eta_cntr   zones  retry
  lg_dt_yrs    lg_Tcntr    lg_R     lg_L3a     lg_Lneu     lg_Mdot    He_core    He_cntr    O_cntr     Z_surf   gam_cntr   iters  
    age_yrs    lg_Dcntr    lg_L     lg_LZ      lg_Lphoto   lg_Dsurf   CO_core    C_cntr     Ne_cntr    Z_cntr   v_div_cs       dt_limit
__________________________________________________________________________________________________________________________________________________

        190   7.578475  2.763E+04   4.015127   4.015127   9.997081   9.997081   0.420530   0.000900   0.242800  -5.318558    871      3
 5.5638E+00   7.578475   0.647370 -25.281696   2.851737  -9.596494   0.000000   0.578113   0.000014   0.001400   0.019679      5
 1.7480E+07   1.115052   4.014739 -11.740170 -99.000000  -8.890160   0.000000   0.000012   0.000146   0.001358  0.000E+00      XHe_cntr

        191   7.579877  2.754E+04   4.022349   4.022349   9.996989   9.996989   0.409771   0.000900   0.242800  -5.328500    873      3
 5.5533E+00   7.579877   0.653569 -25.187563   2.858712  -9.586031   0.000000   0.588871   0.000014   0.001400   0.019816      5
 1.7838E+07   1.116163   4.021952 -99.000000 -99.000000  -8.898282   0.000000   0.000012   0.000146   0.001358  0.000E+00      XHe_cntr

        192   7.581281  2.746E+04   4.029522   4.029522   9.996896   9.996896   0.399175   0.000900   0.242800  -5.338257    873      3
 5.5412E+00   7.581281   0.659812 -25.094155   2.865661  -9.575979   0.000000   0.599467   0.000014   0.001400   0.019956      5
 1.8185E+07   1.117331   4.029121 -99.000000 -99.000000  -8.906479   0.000000   0.000012   0.000146   0.001358  0.000E+00      XHe_cntr

        193   7.582709  2.737E+04   4.036652   4.036652   9.996804   9.996804   0.388505   0.000900   0.242800  -5.347950    875      3
 5.5300E+00   7.582709   0.666161 -24.999791   2.872568  -9.566207   0.000000   0.610137   0.000014   0.001400   0.020102      5
 1.8524E+07   1.118613   4.036241 -11.138110 -99.000000  -8.914827   0.000000   0.000012   0.000146   0.001358  0.000E+00      XHe_cntr

        194   7.584163  2.728E+04   4.043754   4.043754   9.996713   9.996713   0.377778   0.000900   0.242800  -5.357551    874      3
 5.5195E+00   7.584163   0.672625 -24.904462   2.879457  -9.556877   0.000000   0.620864   0.000014   0.001400   0.020255      5
 1.8855E+07   1.120016   4.043335 -11.263049 -99.000000  -8.923343   0.000000   0.000013   0.000146   0.001358  0.000E+00      XHe_cntr

        195   7.585620  2.719E+04   4.050806   4.050806   9.996622   9.996622   0.367210   0.000900   0.242800  -5.366964    874      3
 5.5075E+00   7.585620   0.679141 -24.809653   2.886316  -9.547943   0.000000   0.631432   0.000014   0.001400   0.020412      5
 1.9177E+07   1.121483   4.050383 -11.041200 -99.000000  -8.931946   0.000000   0.000013   0.000146   0.001358  0.000E+00      XHe_cntr

        196   7.587110  2.709E+04   4.057825   4.057825   9.996531   9.996531   0.356540   0.000900   0.242800  -5.376318    867      3
 5.4969E+00   7.587110   0.685782 -24.713439   2.893141  -9.539323   0.000000   0.642102   0.000014   0.001400   0.020576      5
 1.9491E+07   1.123082   4.057391 -99.000000 -99.000000  -8.940731   0.000000   0.000013   0.000146   0.001358  0.000E+00      XHe_cntr

        197   7.588630  2.699E+04   4.064836   4.064836   9.996441   9.996441   0.345812   0.000900   0.242800  -5.385514    868      3
 5.4865E+00   7.588630   0.692562 -24.615926   2.899968  -9.531178   0.000000   0.652830   0.000014   0.001400   0.020748      5
 1.9797E+07   1.124841   4.064393 -99.000000 -99.000000  -8.949718   0.000000   0.000013   0.000146   0.001358  0.000E+00      XHe_cntr

        198   7.590158  2.688E+04   4.071831   4.071831   9.996351   9.996351   0.335251   0.000900   0.242800  -5.394419    863      3
 5.4744E+00   7.590158   0.699421 -24.518664   2.906796  -9.523431   0.000000   0.663391   0.000013   0.001400   0.020924      5
 2.0095E+07   1.126712   4.071384 -99.000000 -99.000000  -8.958831   0.000000   0.000013   0.000146   0.001358  0.000E+00      XHe_cntr

        199   7.591725  2.677E+04   4.078796   4.078796   9.996263   9.996263   0.324570   0.000900   0.242800  -5.403249    861      3
 5.4639E+00   7.591725   0.706425 -24.419552   2.913594  -9.515966   0.000000   0.674073   0.000013   0.001400   0.021110      5
 2.0386E+07   1.128742   4.078337 -99.000000 -99.000000  -8.968155   0.000000   0.000013   0.000146   0.001358  0.000E+00      XHe_cntr


__________________________________________________________________________________________________________________________________________________

       step    lg_Tmax     Teff     lg_LH      lg_Lnuc_tot     Mass       H_rich     H_cntr     N_cntr     Y_surf   eta_cntr   zones  retry
  lg_dt_yrs    lg_Tcntr    lg_R     lg_L3a     lg_Lneu     lg_Mdot    He_core    He_cntr    O_cntr     Z_surf   gam_cntr   iters  
    age_yrs    lg_Dcntr    lg_L     lg_LZ      lg_Lphoto   lg_Dsurf   CO_core    C_cntr     Ne_cntr    Z_cntr   v_div_cs       dt_limit
__________________________________________________________________________________________________________________________________________________

        200   7.593328  2.666E+04   4.085735   4.085735   9.996175   9.996175   0.313830   0.000900   0.242800  -5.411951    860      3
 5.4534E+00   7.593328   0.713568 -24.318904   2.920375  -9.509031   0.000000   0.684812   0.000013   0.001400   0.021304      5
 2.0670E+07   1.130928   4.085266 -99.000000 -99.000000  -8.977684   0.000000   0.000013   0.000146   0.001358  0.000E+00      XHe_cntr

save LOGS/profile5.data for model 200
save photos/x200 for model 200
        201   7.594943  2.654E+04   4.092624   4.092624   9.996088   9.996088   0.303244   0.000900   0.242800  -5.420427    861      3
 5.4411E+00   7.594943   0.720782 -24.218269   2.927119  -9.502582   0.000000   0.695398   0.000013   0.001400   0.021503      5
 2.0947E+07   1.133209   4.092150 -10.895072 -99.000000  -8.987332   0.000000   0.000013   0.000146   0.001358  0.000E+00      XHe_cntr

        202   7.596600  2.642E+04   4.099476   4.099476   9.996002   9.996002   0.292570   0.000900   0.242800  -5.428797    864      3
 5.4303E+00   7.596600   0.728138 -24.115684   2.933829  -9.496532   0.000000   0.706072   0.000013   0.001400   0.021712      5
 2.1216E+07   1.135657   4.098990 -99.000000 -99.000000  -8.997188   0.000000   0.000013   0.000146   0.001358  0.000E+00      XHe_cntr

        203   7.598289  2.630E+04   4.106303   4.106303   9.995917   9.995917   0.281932   0.000900   0.242800  -5.436981    869      3
 5.4197E+00   7.598289   0.735623 -24.011913   2.940524  -9.491054   0.000000   0.716711   0.000013   0.001400   0.021929      5
 2.1479E+07   1.138251   4.105809 -11.439140 -99.000000  -9.007239   0.000000   0.000013   0.000146   0.001358  0.000E+00      XHe_cntr

        204   7.600015  2.617E+04   4.113097   4.113097   9.995833   9.995833   0.271292   0.000900   0.242800  -5.444983    870      3
 5.4086E+00   7.600015   0.743238 -23.906551   2.947192  -9.486043   0.000000   0.727351   0.000013   0.001400   0.022155      5
 2.1735E+07   1.141012   4.112593 -99.000000 -99.000000  -9.017489   0.000000   0.000013   0.000146   0.001358  0.000E+00      XHe_cntr

        205   7.601791  2.604E+04   4.119855   4.119855   9.995751   9.995751   0.260577   0.000900   0.242800  -5.452843    874      3
 5.3979E+00   7.601791   0.751008 -23.798841   2.953829  -9.481572   0.000000   0.738066   0.000013   0.001400   0.022392      5
 2.1985E+07   1.143966   4.119340 -99.000000 -99.000000  -9.027971   0.000000   0.000013   0.000146   0.001358  0.000E+00      XHe_cntr

        206   7.603616  2.590E+04   4.126571   4.126571   9.995670   9.995670   0.249830   0.000900   0.242800  -5.460496    875      3
 5.3863E+00   7.603616   0.758922 -23.688937   2.960431  -9.477713   0.000000   0.748812   0.000013   0.001400   0.022640      5
 2.2228E+07   1.147126   4.126045 -99.000000 -99.000000  -9.038675   0.000000   0.000013   0.000146   0.001358  0.000E+00      XHe_cntr

        207   7.605466  2.577E+04   4.133237   4.133237   9.995591   9.995591   0.239252   0.000900   0.242800  -5.467873    880      3
 5.3739E+00   7.605466   0.766923 -23.578382   2.966993  -9.474468   0.000000   0.759391   0.000013   0.001400   0.022895      5
 2.2465E+07   1.150417   4.132704 -11.740170 -99.000000  -9.049523   0.000000   0.000013   0.000146   0.001358  0.000E+00      XHe_cntr

        208   7.607375  2.562E+04   4.139872   4.139872   9.995513   9.995513   0.228619   0.000900   0.242800  -5.475046    881      3
 5.3631E+00   7.607375   0.775084 -23.465016   2.973527  -9.471716   0.000000   0.770024   0.000013   0.001400   0.023161      5
 2.2696E+07   1.153937   4.139328 -99.000000 -99.000000  -9.060615   0.000000   0.000013   0.000146   0.001357  0.000E+00      XHe_cntr

        209   7.609352  2.547E+04   4.146487   4.146487   9.995436   9.995436   0.217925   0.000900   0.242800  -5.482002    879      3
 5.3530E+00   7.609352   0.783425 -23.348455   2.980047  -9.469621   0.000000   0.780717   0.000013   0.001400   0.023442      5
 2.2921E+07   1.157707   4.145931 -11.138110 -99.000000  -9.071981   0.000000   0.000013   0.000146   0.001357  0.000E+00      XHe_cntr


__________________________________________________________________________________________________________________________________________________

       step    lg_Tmax     Teff     lg_LH      lg_Lnuc_tot     Mass       H_rich     H_cntr     N_cntr     Y_surf   eta_cntr   zones  retry
  lg_dt_yrs    lg_Tcntr    lg_R     lg_L3a     lg_Lneu     lg_Mdot    He_core    He_cntr    O_cntr     Z_surf   gam_cntr   iters  
    age_yrs    lg_Dcntr    lg_L     lg_LZ      lg_Lphoto   lg_Dsurf   CO_core    C_cntr     Ne_cntr    Z_cntr   v_div_cs       dt_limit
__________________________________________________________________________________________________________________________________________________

        210   7.611394  2.532E+04   4.153063   4.153063   9.995362   9.995362   0.207220   0.000900   0.242800  -5.488692    881      3
 5.3416E+00   7.611394   0.791919 -23.228872   2.986534  -9.468192   0.000000   0.791423   0.000013   0.001400   0.023735      5
 2.3141E+07   1.161729   4.152496 -11.439140 -99.000000  -9.083589   0.000000   0.000014   0.000146   0.001357  0.000E+00      XHe_cntr

        211   7.613506  2.516E+04   4.159610   4.159610   9.995289   9.995289   0.196517   0.000900   0.242800  -5.495031    884      3
 5.3298E+00   7.613506   0.800577 -23.106004   2.992997  -9.467442   0.000000   0.802126   0.000012   0.001400   0.024042      5
 2.3354E+07   1.166044   4.159033 -11.740170 -99.000000  -9.095452   0.000000   0.000014   0.000146   0.001357  0.000E+00      XHe_cntr

        212   7.615683  2.500E+04   4.166151   4.166151   9.995218   9.995218   0.185899   0.000900   0.242800  -5.500908    891      3
 5.3180E+00   7.615683   0.809403 -22.980231   2.999462  -9.467378   0.000000   0.812744   0.000012   0.001400   0.024361      5
 2.3562E+07   1.170660   4.165565 -11.439140 -99.000000  -9.107581   0.000000   0.000014   0.000146   0.001357  0.000E+00      XHe_cntr

        213   7.617953  2.484E+04   4.172667   4.172667   9.995149   9.995149   0.175248   0.000900   0.242800  -5.506442    894      3
 5.3070E+00   7.617953   0.818409 -22.850008   3.005906  -9.467940   0.000000   0.823394   0.000012   0.001400   0.024697      5
 2.3765E+07   1.175612   4.172071 -99.000000 -99.000000  -9.119996   0.000000   0.000014   0.000146   0.001357  0.000E+00      XHe_cntr

        214   7.620309  2.467E+04   4.179165   4.179165   9.995082   9.995082   0.164667   0.000900   0.242800  -5.511583    890      3
 5.2964E+00   7.620309   0.827578 -22.715856   3.012337  -9.469256   0.000000   0.833975   0.000012   0.001400   0.025045      5
 2.3963E+07   1.180875   4.178562 -99.000000 -99.000000  -9.132680   0.000000   0.000014   0.000146   0.001357  0.000E+00      XHe_cntr

        215   7.622810  2.450E+04   4.185647   4.185647   9.995016   9.995016   0.153915   0.000900   0.242800  -5.516308    891      3
 5.2861E+00   7.622810   0.836974 -22.574437   3.018754  -9.471254   0.000000   0.844728   0.000012   0.001400   0.025417      5
 2.4156E+07   1.186638   4.185031 -11.439140 -99.000000  -9.145730   0.000000   0.000014   0.000146   0.001357  0.000E+00      XHe_cntr

        216   7.625430  2.432E+04   4.192100   4.192100   9.994953   9.994953   0.143209   0.000900   0.242800  -5.520522    893      3
 5.2747E+00   7.625430   0.846529 -22.427353   3.025150  -9.474153   0.000000   0.855434   0.000012   0.001400   0.025805      5
 2.4344E+07   1.192824   4.191479 -11.439140 -99.000000  -9.159062   0.000000   0.000014   0.000146   0.001357  0.000E+00      XHe_cntr

        217   7.628195  2.414E+04   4.198511   4.198511   9.994892   9.994892   0.132515   0.000900   0.242800  -5.524159    896      3
 5.2622E+00   7.628195   0.856226 -22.273316   3.031506  -9.477794   0.000000   0.866128   0.000012   0.001400   0.026213      5
 2.4527E+07   1.199512   4.197884 -11.263049 -99.000000  -9.172658   0.000000   0.000014   0.000146   0.001357  0.000E+00      XHe_cntr

        218   7.631144  2.395E+04   4.204894   4.204894   9.994834   9.994834   0.121777   0.000900   0.242800  -5.527139    896      3
 5.2506E+00   7.631144   0.866087 -22.110301   3.037839  -9.482211   0.000000   0.876866   0.000012   0.001400   0.026643      5
 2.4705E+07   1.206820   4.204262 -11.740170 -99.000000  -9.186557   0.000000   0.000014   0.000146   0.001357  0.000E+00      XHe_cntr

        219   7.634280  2.377E+04   4.211245   4.211245   9.994777   9.994777   0.111108   0.000900   0.242800  -5.529353    903      3
 5.2385E+00   7.634280   0.876062 -21.938321   3.044146  -9.487429   0.000000   0.887535   0.000012   0.001400   0.027093      5
 2.4879E+07   1.214757   4.210615 -99.000000 -99.000000  -9.200698   0.000000   0.000014   0.000146   0.001357  0.000E+00      XHe_cntr


__________________________________________________________________________________________________________________________________________________

       step    lg_Tmax     Teff     lg_LH      lg_Lnuc_tot     Mass       H_rich     H_cntr     N_cntr     Y_surf   eta_cntr   zones  retry
  lg_dt_yrs    lg_Tcntr    lg_R     lg_L3a     lg_Lneu     lg_Mdot    He_core    He_cntr    O_cntr     Z_surf   gam_cntr   iters  
    age_yrs    lg_Dcntr    lg_L     lg_LZ      lg_Lphoto   lg_Dsurf   CO_core    C_cntr     Ne_cntr    Z_cntr   v_div_cs       dt_limit
__________________________________________________________________________________________________________________________________________________

        220   7.637668  2.358E+04   4.217574   4.217574   9.994723   9.994723   0.100416   0.000900   0.242800  -5.530654    902      3
 5.2268E+00   7.637668   0.886152 -21.754042   3.050433  -9.493318   0.000000   0.898227   0.000012   0.001400   0.027568      5
 2.5047E+07   1.223520   4.216948 -11.439140 -99.000000  -9.215087   0.000000   0.000015   0.000146   0.001357  0.000E+00      XHe_cntr

        221   7.641357  2.339E+04   4.223928   4.223928   9.994671   7.405356   0.089733   0.000900   0.242800  -5.530700    901      3
 5.2154E+00   7.641357   0.896381 -21.555062   3.056751  -9.499877   2.589315   0.908910   0.000011   0.001400   0.028069      5
 2.5211E+07   1.233320   4.223312 -11.138110 -99.000000  -9.229762   0.000000   0.000015   0.000146   0.001357  0.000E+00      XHe_cntr

        222   7.645435  2.320E+04   4.230278   4.230278   9.994621   7.405306   0.079017   0.000900   0.242800  -5.529339    903      3
 5.2038E+00   7.645435   0.906652 -21.337011   3.063068  -9.507000   2.589315   0.919626   0.000011   0.001400   0.028601      5
 2.5371E+07   1.244375   4.229683 -11.439140 -99.000000  -9.244587   0.000000   0.000015   0.000146   0.001357  0.000E+00      XHe_cntr

        223   7.649994  2.301E+04   4.236499   4.236499   9.993546   7.383628   0.068308   0.000899   0.242800  -5.526153    909      3
 5.1887E+00   7.649994   0.916791 -21.095544   3.069259  -8.157284   2.609918   0.930335   0.000011   0.001400   0.029163      5
 2.5526E+07   1.256991   4.235937 -99.000000 -99.000000  -9.259341   0.000000   0.000015   0.000146   0.001357  0.000E+00    lg_XH_cntr

        224   7.654922  2.284E+04   4.242424   4.242424   9.992407   7.403106   0.058156   0.000899   0.242800  -5.520975    915      3
 5.1562E+00   7.654922   0.926247 -20.837152   3.075161  -8.099663   2.589301   0.940487   0.000011   0.001400   0.029726      5
 2.5669E+07   1.270845   4.241923 -99.000000 -99.000000  -9.273176   0.000000   0.000015   0.000146   0.001357  0.000E+00    lg_XH_cntr

        225   7.660092  2.270E+04   4.247797   4.247797   9.991378   7.402076   0.048945   0.000899   0.242800  -5.513803    917      3
 5.1025E+00   7.660092   0.934445 -20.568798   3.080515  -8.089826   2.589301   0.949698   0.000011   0.001400   0.030265      5
 2.5796E+07   1.285582   4.247387 -99.000000 -99.000000  -9.285223   0.000000   0.000016   0.000146   0.001357  0.000E+00    lg_XH_cntr

        226   7.665418  2.259E+04   4.252515   4.252515   9.990476   7.401174   0.040840   0.000899   0.242800  -5.504754    918      3
 5.0358E+00   7.665418   0.941111 -20.295170   3.085219  -8.080614   2.589301   0.957803   0.000011   0.001400   0.030763      5
 2.5904E+07   1.300940   4.252238 -99.000000 -99.000000  -9.295042   0.000000   0.000016   0.000146   0.001357  0.000E+00    lg_XH_cntr

        227   7.670823  2.251E+04   4.256559   4.256559   9.989704   7.400403   0.033875   0.000899   0.242800  -5.494062    927      3
 4.9595E+00   7.670823   0.946152 -20.019953   3.089253  -8.072111   2.589301   0.964768   0.000010   0.001400   0.031210      5
 2.5995E+07   1.316680   4.256464 -11.138110 -99.000000  -9.302468   0.000000   0.000016   0.000146   0.001357  0.000E+00    lg_XH_cntr

        228   7.676208  2.247E+04   4.259965   4.259965   9.989055   7.399753   0.028048   0.000899   0.242800  -5.482099    929      3
 4.8768E+00   7.676208   0.949653 -19.748565   3.092652  -8.064293   2.589301   0.970595   0.000010   0.001400   0.031598      5
 2.6071E+07   1.332480   4.260105 -99.000000 -99.000000  -9.307606   0.000000   0.000016   0.000146   0.001357  0.000E+00    lg_XH_cntr

        229   7.681563  2.245E+04   4.262797   4.262797   9.988513   7.399211   0.023197   0.000899   0.242800  -5.469062    929      3
 4.7912E+00   7.681563   0.951772 -19.481106   3.095480  -8.057106   2.589301   0.975446   0.000010   0.001400   0.031931      5
 2.6132E+07   1.348300   4.263242 -99.000000 -99.000000  -9.310682   0.000000   0.000016   0.000146   0.001357  0.000E+00    lg_XH_cntr


__________________________________________________________________________________________________________________________________________________

       step    lg_Tmax     Teff     lg_LH      lg_Lnuc_tot     Mass       H_rich     H_cntr     N_cntr     Y_surf   eta_cntr   zones  retry
  lg_dt_yrs    lg_Tcntr    lg_R     lg_L3a     lg_Lneu     lg_Mdot    He_core    He_cntr    O_cntr     Z_surf   gam_cntr   iters  
    age_yrs    lg_Dcntr    lg_L     lg_LZ      lg_Lphoto   lg_Dsurf   CO_core    C_cntr     Ne_cntr    Z_cntr   v_div_cs       dt_limit
__________________________________________________________________________________________________________________________________________________

        230   7.686958  2.246E+04   4.265115   4.265115   9.988062   7.398753   0.019120   0.000899   0.242800  -5.454943    937      3
 4.7047E+00   7.686958   0.952644 -19.213980   3.097796  -8.050437   2.589308   0.979523   0.000010   0.001400   0.032220      5
 2.6183E+07   1.364330   4.265971 -99.000000 -99.000000  -9.311891   0.000000   0.000017   0.000146   0.001357  0.000E+00    lg_XH_cntr

        231   7.692264  2.250E+04   4.267000   4.267000   9.987689   7.398380   0.015788   0.000898   0.242800  -5.440248    942      3
 4.6158E+00   7.692264   0.952503 -18.953438   3.099679  -8.044118   2.589308   0.982856   0.000010   0.001400   0.032463      5
 2.6224E+07   1.380166   4.268338 -99.000000 -99.000000  -9.311587   0.000000   0.000017   0.000146   0.001357  0.000E+00    lg_XH_cntr

        232   7.697466  2.255E+04   4.268491   4.268491   9.987381   7.398072   0.013070   0.000898   0.242800  -5.425167    942      3
 4.5266E+00   7.697466   0.951554 -18.700041   3.101171  -8.038154   2.589308   0.985574   0.000010   0.001400   0.032665      5
 2.6258E+07   1.395753   4.270417 -10.837080 -99.000000  -9.310081   0.000000   0.000017   0.000146   0.001356  0.000E+00    lg_XH_cntr

        233   7.702621  2.262E+04   4.269632   4.269632   9.987125   7.397817   0.010828   0.000898   0.242800  -5.409629    948      3
 4.4400E+00   7.702621   0.949947 -18.450877   3.102313  -8.032480   2.589308   0.987815   0.000010   0.001400   0.032836      5
 2.6285E+07   1.411266   4.272286 -11.439140 -99.000000  -9.307603   0.000000   0.000017   0.000146   0.001356  0.000E+00    lg_XH_cntr

        234   7.707781  2.270E+04   4.270430   4.270430   9.986912   7.397604   0.008961   0.000898   0.242800  -5.393548    948      3
 4.3546E+00   7.707781   0.947778 -18.203276   3.103113  -8.026974   2.589308   0.989682   0.000009   0.001400   0.032982      5
 2.6308E+07   1.426864   4.274010 -99.000000 -99.000000  -9.304301   0.000000   0.000018   0.000146   0.001356  0.000E+00    lg_XH_cntr

        235   7.712852  2.278E+04   4.270967   4.270967   9.986736   7.397427   0.007436   0.000898   0.242800  -5.377317    948      3
 4.2688E+00   7.712852   0.945217 -17.961689   3.103654  -8.021531   2.589308   0.991208   0.000009   0.001400   0.033104      5
 2.6327E+07   1.442247   4.275598 -99.000000 -99.000000  -9.300437   0.000000   0.000018   0.000146   0.001356  0.000E+00    lg_XH_cntr

        236   7.717887  2.288E+04   4.271176   4.271176   9.986589   7.397280   0.006175   0.000898   0.242800  -5.360794    950      3
 4.1839E+00   7.717887   0.942353 -17.723488   3.103866  -8.016216   2.589308   0.992469   0.000009   0.001400   0.033209      5
 2.6342E+07   1.457590   4.277111 -99.000000 -99.000000  -9.296146   0.000000   0.000018   0.000146   0.001356  0.000E+00    lg_XH_cntr

        237   7.722892  2.298E+04   4.271086   4.271086   9.986466   7.397157   0.005130   0.000897   0.242800  -5.344006    954      3
 4.1008E+00   7.722892   0.939271 -17.488315   3.103781  -8.010925   2.589308   0.993514   0.000009   0.001400   0.033299      5
 2.6355E+07   1.472910   4.278582 -11.439140 -99.000000  -9.291560   0.000000   0.000018   0.000146   0.001356  0.000E+00    lg_XH_cntr

        238   7.727873  2.308E+04   4.270661   4.270661   9.986363   7.397054   0.004263   0.000897   0.242800  -5.326946    957      3
 4.0179E+00   7.727873   0.936046 -17.255797   3.103362  -8.005626   2.589308   0.994381   0.000009   0.001400   0.033377      5
 2.6365E+07   1.488236   4.280040 -99.000000 -99.000000  -9.286789   0.000000   0.000018   0.000146   0.001356  0.000E+00    lg_XH_cntr

        239   7.732821  2.319E+04   4.269892   4.269892   9.986277   7.396968   0.003545   0.000897   0.242800  -5.309666    967      3
 3.9354E+00   7.732821   0.932747 -17.026300   3.102600  -8.000281   2.589308   0.995099   0.000009   0.001400   0.033446      5
 2.6374E+07   1.503543   4.281506 -10.962019 -99.000000  -9.281939   0.000000   0.000019   0.000146   0.001356  0.000E+00    lg_XH_cntr


__________________________________________________________________________________________________________________________________________________

       step    lg_Tmax     Teff     lg_LH      lg_Lnuc_tot     Mass       H_rich     H_cntr     N_cntr     Y_surf   eta_cntr   zones  retry
  lg_dt_yrs    lg_Tcntr    lg_R     lg_L3a     lg_Lneu     lg_Mdot    He_core    He_cntr    O_cntr     Z_surf   gam_cntr   iters  
    age_yrs    lg_Dcntr    lg_L     lg_LZ      lg_Lphoto   lg_Dsurf   CO_core    C_cntr     Ne_cntr    Z_cntr   v_div_cs       dt_limit
__________________________________________________________________________________________________________________________________________________

        240   7.737763  2.330E+04   4.268670   4.268670   9.986210   7.396902   0.002945   0.000897   0.242800  -5.292065    966      3
 3.8533E+00   7.737763   0.929429 -16.798504   3.101387  -8.031118   2.589308   0.995699   0.000009   0.001400   0.033508      5
 2.6381E+07   1.518931   4.283009 -99.000000 -99.000000  -9.277090   0.000000   0.000019   0.000146   0.001356  0.000E+00    lg_XH_cntr

        241   7.742609  2.341E+04   4.267192   4.267192   9.986186   7.396878   0.002455   0.000897   0.242800  -5.274530    969      3
 3.7711E+00   7.742609   0.926170 -16.576560   3.099918  -8.390094   2.589308   0.996189   0.000009   0.001400   0.033564      5
 2.6387E+07   1.534097   4.284526 -11.138110 -99.000000  -9.272352   0.000000   0.000019   0.000146   0.001356  0.000E+00    lg_XH_cntr

        242   7.747498  2.352E+04   4.264837   4.264837   9.986184   7.396876   0.002039   0.000896   0.242800  -5.256434    971      3
 3.6903E+00   7.747498   0.922980 -16.353848   3.097574  -9.369750   2.589308   0.996605   0.000009   0.001400   0.033617      5
 2.6392E+07   1.549541   4.286134 -99.000000 -99.000000  -9.267744   0.000000   0.000019   0.000146   0.001356  0.000E+00    lg_XH_cntr

        243   7.752228  2.362E+04   4.262535   4.262535   9.986182   7.396874   0.001704   0.000896   0.242800  -5.238687    973      3
 3.6089E+00   7.752228   0.919933 -16.139714   3.095283  -9.354253   2.589308   0.996940   0.000009   0.001400   0.033665      5
 2.6396E+07   1.564559   4.287735 -10.740170 -99.000000  -9.263366   0.000000   0.000020   0.000146   0.001356  0.000E+00    lg_XH_cntr

        244   7.756936  2.372E+04   4.259111   4.259111   9.986181   7.396872   0.001421   0.000896   0.242800  -5.220635    977      3
 3.5292E+00   7.756936   0.917037 -15.927771   3.091873  -9.339292   2.589308   0.997223   0.000009   0.001400   0.033713      5
 2.6399E+07   1.579652   4.289398 -11.439140 -99.000000  -9.259230   0.000000   0.000020   0.000146   0.001356  0.000E+00    lg_XH_cntr

        245   7.761557  2.382E+04   4.255336   4.255336   9.986179   7.396871   0.001188   0.000896   0.242800  -5.202604    977      3
 3.4516E+00   7.761557   0.914311 -15.720853   3.088114  -9.324633   2.589308   0.997456   0.000009   0.001400   0.033760      5
 2.6402E+07   1.594584   4.291089 -99.000000 -99.000000  -9.255361   0.000000   0.000020   0.000146   0.001356  0.000E+00    lg_XH_cntr

        246   7.766102  2.391E+04   4.250640   4.250640   9.986178   7.396870   0.000994   0.000896   0.242800  -5.184522    977      3
 3.3737E+00   7.766102   0.911775 -15.518440   3.083435  -9.310445   2.589308   0.997650   0.000009   0.001400   0.033806      5
 2.6404E+07   1.609406   4.292807 -11.439140 -99.000000  -9.251780   0.000000   0.000020   0.000146   0.001356  0.000E+00    lg_XH_cntr

        247   7.770579  2.400E+04   4.244985   4.244985   9.986177   7.396869   0.000831   0.000895   0.242800  -5.166341    981      3
 3.2977E+00   7.770579   0.909427 -15.320007   3.077799  -9.296773   2.589308   0.997813   0.000009   0.001400   0.033854      5
 2.6406E+07   1.624155   4.294553 -99.000000 -99.000000  -9.248485   0.000000   0.000020   0.000146   0.001356  0.000E+00    lg_XH_cntr

        248   7.774955  2.409E+04   4.238482   4.238482   9.986176   7.396868   0.000696   0.000895   0.242800  -5.148218    986      3
 3.2214E+00   7.774955   0.907277 -15.126970   3.071319  -9.283612   2.589308   0.997948   0.000009   0.001400   0.033902      5
 2.6408E+07   1.638714   4.296299 -11.138110 -99.000000  -9.245487   0.000000   0.000021   0.000146   0.001356  0.000E+00    lg_XH_cntr

        249   7.779212  2.416E+04   4.231063   4.231063   9.986176   7.396867   0.000584   0.000895   0.242800  -5.130248    988      3
 3.1460E+00   7.779212   0.905323 -14.940095   3.063924  -9.271074   2.589308   0.998060   0.000008   0.001400   0.033951      4
 2.6409E+07   1.653015   4.298026 -99.000000 -99.000000  -9.242777   0.000000   0.000021   0.000146   0.001356  0.000E+00    lg_XH_cntr


__________________________________________________________________________________________________________________________________________________

       step    lg_Tmax     Teff     lg_LH      lg_Lnuc_tot     Mass       H_rich     H_cntr     N_cntr     Y_surf   eta_cntr   zones  retry
  lg_dt_yrs    lg_Tcntr    lg_R     lg_L3a     lg_Lneu     lg_Mdot    He_core    He_cntr    O_cntr     Z_surf   gam_cntr   iters  
    age_yrs    lg_Dcntr    lg_L     lg_LZ      lg_Lphoto   lg_Dsurf   CO_core    C_cntr     Ne_cntr    Z_cntr   v_div_cs       dt_limit
__________________________________________________________________________________________________________________________________________________

        250   7.783334  2.424E+04   4.222738   4.222738   9.986175   7.396867   0.000491   0.000895   0.242800  -5.112511    991      3
 3.0722E+00   7.783334   0.903555 -14.759908   3.055625  -9.259216   2.589308   0.998153   0.000008   0.001400   0.034001      4
 2.6410E+07   1.667004   4.299717 -99.000000 -99.000000  -9.240340   0.000000   0.000021   0.000146   0.001356  0.000E+00    lg_XH_cntr

save LOGS/profile6.data for model 250
save photos/x250 for model 250
        251   7.787315  2.430E+04   4.213476   4.213476   9.986174   7.396866   0.000414   0.000895   0.242800  -5.095057    994      3
 3.0005E+00   7.787315   0.901961 -14.586559   3.046393  -9.248057   2.589308   0.998231   0.000008   0.001400   0.034052      3
 2.6411E+07   1.680650   4.301359 -99.000000 -99.000000  -9.238155   0.000000   0.000021   0.000146   0.001356  0.000E+00    lg_XH_cntr

        252   7.791167  2.437E+04   4.202896   4.202896   9.986174   7.396866   0.000349   0.000894   0.242800  -5.077838    999      3
 2.9308E+00   7.791167   0.900524 -14.419489   3.035845  -9.237606   2.589308   0.998296   0.000008   0.001400   0.034104      3
 2.6412E+07   1.693992   4.302948 -11.740170 -99.000000  -9.236197   0.000000   0.000021   0.000146   0.001356  0.000E+00    lg_XH_cntr

        253   7.794867  2.442E+04   4.191523   4.191523   9.986173   7.396865   0.000295   0.000894   0.242800  -5.060991    997      3
 2.8623E+00   7.794867   0.899235 -14.259547   3.024507  -9.227819   2.589308   0.998350   0.000008   0.001400   0.034156      3
 2.6413E+07   1.706938   4.304469 -11.263049 -99.000000  -9.234450   0.000000   0.000022   0.000146   0.001356  0.000E+00    lg_XH_cntr

        254   7.798408  2.448E+04   4.179209   4.179209   9.986173   7.396865   0.000250   0.000894   0.242800  -5.044568   1002      3
 2.7954E+00   7.798408   0.898079 -14.106950   3.012232  -9.218717   2.589308   0.998395   0.000008   0.001400   0.034210      3
 2.6414E+07   1.719456   4.305915 -99.000000 -99.000000  -9.232894   0.000000   0.000022   0.000146   0.001356  0.000E+00    lg_XH_cntr

        255   7.801792  2.453E+04   4.166058   4.166058   9.986173   7.396864   0.000212   0.000894   0.242800  -5.028592   1003      3
 2.7310E+00   7.801792   0.897043 -13.961554   2.999122  -9.210283   2.589308   0.998433   0.000008   0.001400   0.034264      3
 2.6414E+07   1.731537   4.307284 -99.000000 -99.000000  -9.231506   0.000000   0.000022   0.000146   0.001356  0.000E+00    lg_XH_cntr

        256   7.805022  2.457E+04   4.151918   4.151918   9.986172   7.396864   0.000180   0.000894   0.242800  -5.013069   1002      3
 2.6687E+00   7.805022   0.896113 -13.823119   2.985027  -9.202479   2.589308   0.998464   0.000008   0.001400   0.034318      3
 2.6415E+07   1.743187   4.308575 -99.000000 -99.000000  -9.230268   0.000000   0.000022   0.000146   0.001355  0.000E+00    lg_XH_cntr

        257   7.808095  2.461E+04   4.137030   4.137030   9.986172   7.396864   0.000153   0.000893   0.242800  -4.998037   1003      3
 2.6081E+00   7.808095   0.895279 -13.691688   2.970187  -9.195265   2.589308   0.998491   0.000008   0.001400   0.034372      3
 2.6415E+07   1.754382   4.309786 -11.439140 -99.000000  -9.229161   0.000000   0.000022   0.000146   0.001355  0.000E+00    lg_XH_cntr

        258   7.811008  2.465E+04   4.121638   4.121638   9.986172   7.396864   0.000131   0.000893   0.242800  -4.983542   1001      3
 2.5490E+00   7.811008   0.894530 -13.567331   2.954846  -9.188613   2.589308   0.998514   0.000008   0.001400   0.034426      3
 2.6415E+07   1.765100   4.310917 -11.263049 -99.000000  -9.228174   0.000000   0.000022   0.000146   0.001355  0.000E+00    lg_XH_cntr

        259   7.813761  2.468E+04   4.106083   4.106083   9.986172   7.396863   0.000112   0.000893   0.242800  -4.969613   1003      3
 2.4921E+00   7.813761   0.893857 -13.449975   2.939345  -9.182496   2.589308   0.998533   0.000008   0.001400   0.034480      3
 2.6416E+07   1.775328   4.311969 -99.000000 -99.000000  -9.227291   0.000000   0.000023   0.000146   0.001355  0.000E+00    lg_XH_cntr


__________________________________________________________________________________________________________________________________________________

       step    lg_Tmax     Teff     lg_LH      lg_Lnuc_tot     Mass       H_rich     H_cntr     N_cntr     Y_surf   eta_cntr   zones  retry
  lg_dt_yrs    lg_Tcntr    lg_R     lg_L3a     lg_Lneu     lg_Mdot    He_core    He_cntr    O_cntr     Z_surf   gam_cntr   iters  
    age_yrs    lg_Dcntr    lg_L     lg_LZ      lg_Lphoto   lg_Dsurf   CO_core    C_cntr     Ne_cntr    Z_cntr   v_div_cs       dt_limit
__________________________________________________________________________________________________________________________________________________

        260   7.816362  2.471E+04   4.090382   4.090382   9.986172   7.396863   0.000096   0.000893   0.242800  -4.956238   1002      3
 2.4380E+00   7.816362   0.893251 -13.339213   2.923700  -9.176880   2.589308   0.998549   0.000008   0.001400   0.034533      3
 2.6416E+07   1.785084   4.312947 -11.138110 -99.000000  -9.226498   0.000000   0.000023   0.000146   0.001355  0.000E+00    lg_XH_cntr

        261   7.818820  2.474E+04   4.074571   4.074571   9.986171   7.396863   0.000082   0.000893   0.242800  -4.943387   1003      3
 2.3867E+00   7.818820   0.892703 -13.234599   2.907949  -9.171719   2.589308   0.998562   0.000008   0.001400   0.034585      3
 2.6416E+07   1.794396   4.313857 -10.785927 -99.000000  -9.225785   0.000000   0.000023   0.000146   0.001355  0.000E+00    lg_XH_cntr

        262   7.821143  2.477E+04   4.058642   4.058642   9.986171   7.396863   0.000071   0.000893   0.242800  -4.931047   1003      3
 2.3373E+00   7.821143   0.892206 -13.135795   2.892080  -9.166968   2.589308   0.998574   0.000008   0.001400   0.034637      3
 2.6416E+07   1.803279   4.314702 -11.263049 -99.000000  -9.225140   0.000000   0.000023   0.000146   0.001355  0.000E+00    lg_XH_cntr

        263   7.823330  2.479E+04   4.043165   4.043165   9.986171   7.396863   0.000061   0.000893   0.242800  -4.919246   1007      3
 2.2892E+00   7.823330   0.891756 -13.042759   2.876666  -9.162591   2.589308   0.998584   0.000008   0.001400   0.034688      3
 2.6417E+07   1.811722   4.315485 -11.041200 -99.000000  -9.224558   0.000000   0.000023   0.000146   0.001355  0.000E+00    lg_XH_cntr

        264   7.825391  2.481E+04   4.028061   4.028061   9.986171   7.396863   0.000053   0.000893   0.242800  -4.907956   1003      3
 2.2431E+00   7.825391   0.891346 -12.955132   2.861627  -9.158570   2.589308   0.998592   0.000008   0.001400   0.034738      3
 2.6417E+07   1.819750   4.316209 -11.041200 -99.000000  -9.224031   0.000000   0.000023   0.000146   0.001355  0.000E+00    lg_XH_cntr

        265   7.827331  2.483E+04   4.013529   4.013529   9.986171   7.396863   0.000045   0.000892   0.242800  -4.897157   1002      3
 2.1993E+00   7.827331   0.890973 -12.872565   2.847159  -9.154871   2.589308   0.998599   0.000008   0.001400   0.034787      3
 2.6417E+07   1.827382   4.316881 -11.263049 -99.000000  -9.223552   0.000000   0.000023   0.000146   0.001355  0.000E+00    lg_XH_cntr

        266   7.829158  2.485E+04   3.999439   3.999439   9.986171   7.396863   0.000039   0.000892   0.242800  -4.886833   1002      3
 2.1569E+00   7.829158   0.890632 -12.794769   2.833133  -9.151464   2.589308   0.998606   0.000008   0.001400   0.034835      3
 2.6417E+07   1.834636   4.317503 -10.895072 -99.000000  -9.223115   0.000000   0.000023   0.000146   0.001355  0.000E+00    lg_XH_cntr

        267   7.830873  2.487E+04   3.986390   3.986390   9.986171   7.396862   0.000034   0.000892   0.242800  -4.876991   1006      3
 2.1155E+00   7.830873   0.890321 -12.721674   2.820149  -9.148324   2.589308   0.998611   0.000008   0.001400   0.034882      3
 2.6417E+07   1.841510   4.318078 -10.837080 -99.000000  -9.222718   0.000000   0.000023   0.000146   0.001355  0.000E+00    lg_XH_cntr

        268   7.832486  2.489E+04   3.974471   3.974471   9.986171   7.396862   0.000029   0.000892   0.242800  -4.867608   1002      3
 2.0759E+00   7.832486   0.890036 -12.652886   2.808291  -9.145429   2.589308   0.998615   0.000008   0.001400   0.034927      3
 2.6417E+07   1.848029   4.318610 -10.895072 -99.000000  -9.222355   0.000000   0.000023   0.000146   0.001355  0.000E+00    lg_XH_cntr

        269   7.834005  2.490E+04   3.963381   3.963381   9.986171   7.396862   0.000026   0.000892   0.242800  -4.858636   1002      3
 2.0392E+00   7.834005   0.889774 -12.588001   2.797261  -9.142768   2.589308   0.998619   0.000008   0.001400   0.034971      3
 2.6417E+07   1.854228   4.319103 -10.895072 -99.000000  -9.222022   0.000000   0.000024   0.000146   0.001355  0.000E+00    lg_XH_cntr


__________________________________________________________________________________________________________________________________________________

       step    lg_Tmax     Teff     lg_LH      lg_Lnuc_tot     Mass       H_rich     H_cntr     N_cntr     Y_surf   eta_cntr   zones  retry
  lg_dt_yrs    lg_Tcntr    lg_R     lg_L3a     lg_Lneu     lg_Mdot    He_core    He_cntr    O_cntr     Z_surf   gam_cntr   iters  
    age_yrs    lg_Dcntr    lg_L     lg_LZ      lg_Lphoto   lg_Dsurf   CO_core    C_cntr     Ne_cntr    Z_cntr   v_div_cs       dt_limit
__________________________________________________________________________________________________________________________________________________

        270   7.835437  2.491E+04   3.953132   3.953132   9.986170   7.396862   0.000022   0.000892   0.242800  -4.850053    998      3
 2.0037E+00   7.835437   0.889533 -12.526715   2.787071  -9.140304   2.589308   0.998623   0.000008   0.001400   0.035015      3
 2.6418E+07   1.860126   4.319561 -10.660989 -99.000000  -9.221715   0.000000   0.000024   0.000146   0.001355  0.000E+00    lg_XH_cntr

        271   7.836782  2.493E+04   3.944030   3.944030   9.986170   7.396862   0.000019   0.000892   0.242800  -4.841878    997      3
 1.9679E+00   7.836782   0.889311 -12.469105   2.778024  -9.138022   2.589308   0.998625   0.000008   0.001400   0.035057      3
 2.6418E+07   1.865713   4.319985 -10.509721 -99.000000  -9.221434   0.000000   0.000024   0.000146   0.001355  0.000E+00    lg_XH_cntr

        272   7.838043  2.494E+04   3.936085   3.936085   9.986170   7.396862   0.000017   0.000892   0.242800  -4.834097    995      3
 1.9330E+00   7.838043   0.889106 -12.414959   2.770130  -9.135916   2.589308   0.998628   0.000008   0.001400   0.035097      3
 2.6418E+07   1.871004   4.320376 -10.698777 -99.000000  -9.221175   0.000000   0.000024   0.000146   0.001355  0.000E+00    lg_XH_cntr

        273   7.839218  2.495E+04   3.929069   3.929069   9.986170   7.396862   0.000015   0.000892   0.242800  -4.826705    998      3
 1.8999E+00   7.839218   0.888917 -12.363867   2.763162  -9.133972   2.589308   0.998630   0.000008   0.001400   0.035137      3
 2.6418E+07   1.875994   4.320740 -10.461416 -99.000000  -9.220936   0.000000   0.000024   0.000146   0.001355  0.000E+00    lg_XH_cntr

        274   7.840333  2.496E+04   3.922978   3.922978   9.986170   7.396862   0.000013   0.000892   0.242800  -4.819636    995      3
 1.8673E+00   7.840333   0.888743 -12.315838   2.757115  -9.132173   2.589308   0.998632   0.000008   0.001400   0.035175      3
 2.6418E+07   1.880753   4.321076 -10.626226 -99.000000  -9.220716   0.000000   0.000024   0.000146   0.001355  0.000E+00    lg_XH_cntr

        275   7.841374  2.497E+04   3.917993   3.917993   9.986170   7.396862   0.000011   0.000892   0.242800  -4.812931    997      3
 1.8339E+00   7.841374   0.888582 -12.270880   2.752169  -9.130507   2.589308   0.998634   0.000008   0.001400   0.035212      3
 2.6418E+07   1.885242   4.321387 -10.439140 -99.000000  -9.220513   0.000000   0.000024   0.000146   0.001355  0.000E+00    lg_XH_cntr

        276   7.842350  2.498E+04   3.914113   3.914113   9.986170   7.396862   0.000010   0.000892   0.242800  -4.806571    994      3
 1.8015E+00   7.842350   0.888433 -12.228695   2.748324  -9.128969   2.589308   0.998635   0.000008   0.001400   0.035248      3
 2.6418E+07   1.889481   4.321674 -10.359959 -99.000000  -9.220327   0.000000   0.000024   0.000146   0.001355  0.000E+00    lg_XH_cntr

        277   7.843265  2.498E+04   3.911101   3.911101   9.986170   7.396862   0.000008   0.000892   0.242800  -4.800520    991      3
 1.7711E+00   7.843265   0.888296 -12.189008   2.745342  -9.127553   2.589308   0.998636   0.000008   0.001400   0.035282      3
 2.6418E+07   1.893496   4.321940 -10.564079 -99.000000  -9.220154   0.000000   0.000024   0.000146   0.001355  0.000E+00    lg_XH_cntr

        278   7.844124  2.499E+04   3.908798   3.908798   9.986170   7.396862   0.000007   0.000892   0.242800  -4.794762    993      3
 1.7415E+00   7.844124   0.888168 -12.151706   2.743066  -9.126240   2.589308   0.998637   0.000008   0.001400   0.035316      3
 2.6418E+07   1.897297   4.322186 -10.461416 -99.000000  -9.219993   0.000000   0.000024   0.000146   0.001355  0.000E+00    lg_XH_cntr

        279   7.844929  2.500E+04   3.907267   3.907267   9.986170   7.396862   0.000006   0.000892   0.242800  -4.789303    989      3
 1.7109E+00   7.844929   0.888050 -12.116705   2.741557  -9.125022   2.589308   0.998638   0.000008   0.001400   0.035348      3
 2.6418E+07   1.900885   4.322414 -10.428416 -99.000000  -9.219845   0.000000   0.000024   0.000146   0.001355  0.000E+00    lg_XH_cntr


__________________________________________________________________________________________________________________________________________________

       step    lg_Tmax     Teff     lg_LH      lg_Lnuc_tot     Mass       H_rich     H_cntr     N_cntr     Y_surf   eta_cntr   zones  retry
  lg_dt_yrs    lg_Tcntr    lg_R     lg_L3a     lg_Lneu     lg_Mdot    He_core    He_cntr    O_cntr     Z_surf   gam_cntr   iters  
    age_yrs    lg_Dcntr    lg_L     lg_LZ      lg_Lphoto   lg_Dsurf   CO_core    C_cntr     Ne_cntr    Z_cntr   v_div_cs       dt_limit
__________________________________________________________________________________________________________________________________________________

        280   7.845678  2.500E+04   3.906653   3.906653   9.986170   7.396862   0.000006   0.000891   0.242800  -4.784147    989      3
 1.6795E+00   7.845678   0.887941 -12.084027   2.740962  -9.123896   2.589308   0.998639   0.000008   0.001400   0.035378      3
 2.6418E+07   1.904258   4.322624 -10.417951 -99.000000  -9.219708   0.000000   0.000024   0.000146   0.001355  0.000E+00    lg_XH_cntr

        281   7.846381  2.501E+04   3.906617   3.906617   9.986170   7.396862   0.000005   0.000891   0.242800  -4.779249    989      3
 1.6513E+00   7.846381   0.887840 -12.053303   2.740941  -9.122858   2.589308   0.998640   0.000008   0.001400   0.035408      3
 2.6418E+07   1.907450   4.322819 -10.439140 -99.000000  -9.219581   0.000000   0.000024   0.000146   0.001355  0.000E+00    lg_XH_cntr

        282   7.847046  2.502E+04   3.907075   3.907075   9.986170   7.396862   0.000004   0.000891   0.242800  -4.774574    985      3
 1.6249E+00   7.847046   0.887745 -12.024180   2.741410  -9.121894   2.589308   0.998641   0.000008   0.001400   0.035436      3
 2.6418E+07   1.910487   4.323001 -10.378442 -99.000000  -9.219462   0.000000   0.000024   0.000146   0.001355  0.000E+00    lg_XH_cntr

        283   7.847667  2.502E+04   3.908050   3.908050   9.986170   7.396862   0.000004   0.000891   0.242800  -4.770146    984      3
 1.5965E+00   7.847667   0.887657 -11.996938   2.742395  -9.120996   2.589308   0.998641   0.000008   0.001400   0.035463      3
 2.6418E+07   1.913350   4.323169 -10.325196 -99.000000  -9.219352   0.000000   0.000024   0.000146   0.001355  0.000E+00    lg_XH_cntr

        284   7.848247  2.502E+04   3.909469   3.909469   9.986170   7.396862   0.000003   0.000891   0.242800  -4.765955    982      3
 1.5681E+00   7.848247   0.887575 -11.971426   2.743820  -9.120163   2.589308   0.998642   0.000008   0.001400   0.035489      3
 2.6418E+07   1.916048   4.323325 -10.522686 -99.000000  -9.219249   0.000000   0.000024   0.000146   0.001355  0.000E+00    lg_XH_cntr

        285   7.848792  2.503E+04   3.911257   3.911257   9.986170   7.396862   0.000003   0.000891   0.242800  -4.761975    981      3
 1.5415E+00   7.848792   0.887499 -11.947438   2.745612  -9.119392   2.589308   0.998642   0.000008   0.001400   0.035515      3
 2.6418E+07   1.918600   4.323470 -10.285325 -99.000000  -9.219154   0.000000   0.000024   0.000146   0.001355  0.000E+00    lg_XH_cntr

        286   7.849304  2.503E+04   3.913329   3.913329   9.986170   7.396862   0.000002   0.000891   0.242800  -4.758190    979      3
 1.5159E+00   7.849304   0.887428 -11.924826   2.747686  -9.118674   2.589308   0.998642   0.000008   0.001400   0.035539      3
 2.6418E+07   1.921020   4.323605 -10.255870 -99.000000  -9.219065   0.000000   0.000024   0.000146   0.001355  0.000E+00    lg_XH_cntr

        287   7.849786  2.504E+04   3.915608   3.915608   9.986170   7.396861   0.000002   0.000891   0.242800  -4.754592    977      3
 1.4902E+00   7.849786   0.887362 -11.903536   2.749966  -9.118006   2.589308   0.998643   0.000008   0.001400   0.035562      2
 2.6419E+07   1.923310   4.323730 -10.235020 -99.000000  -9.218981   0.000000   0.000024   0.000146   0.001355  0.000E+00    lg_XH_cntr

        288   7.850237  2.504E+04   3.918093   3.918093   9.986170   7.396861   0.000002   0.000891   0.242800  -4.751187    975      3
 1.4631E+00   7.850237   0.887300 -11.883568   2.752450  -9.117382   2.589308   0.998643   0.000008   0.001400   0.035584      3
 2.6419E+07   1.925471   4.323847 -10.277772 -99.000000  -9.218904   0.000000   0.000024   0.000146   0.001355  0.000E+00    lg_XH_cntr

        289   7.850658  2.504E+04   3.920720   3.920720   9.986170   7.396861   0.000002   0.000891   0.242800  -4.747968    975      3
 1.4359E+00   7.850658   0.887242 -11.864887   2.755075  -9.116804   2.589308   0.998643   0.000008   0.001400   0.035605      2
 2.6419E+07   1.927506   4.323955 -10.293012 -99.000000  -9.218831   0.000000   0.000024   0.000146   0.001355  0.000E+00    lg_XH_cntr


__________________________________________________________________________________________________________________________________________________

       step    lg_Tmax     Teff     lg_LH      lg_Lnuc_tot     Mass       H_rich     H_cntr     N_cntr     Y_surf   eta_cntr   zones  retry
  lg_dt_yrs    lg_Tcntr    lg_R     lg_L3a     lg_Lneu     lg_Mdot    He_core    He_cntr    O_cntr     Z_surf   gam_cntr   iters  
    age_yrs    lg_Dcntr    lg_L     lg_LZ      lg_Lphoto   lg_Dsurf   CO_core    C_cntr     Ne_cntr    Z_cntr   v_div_cs       dt_limit
__________________________________________________________________________________________________________________________________________________

        290   7.851060  2.505E+04   3.923451   3.923451   9.986170   7.396861   0.000001   0.000891   0.242800  -4.744905    972      3
 1.4102E+00   7.851060   0.887188 -11.847021   2.757804  -9.116266   2.589308   0.998643   0.000008   0.001400   0.035625      3
 2.6419E+07   1.929444   4.324056 -10.342230 -99.000000  -9.218764   0.000000   0.000024   0.000146   0.001355  0.000E+00    lg_XH_cntr

        291   7.851430  2.505E+04   3.926232   3.926232   9.986170   7.396861   0.000001   0.000891   0.242800  -4.742016    972      3
 1.3838E+00   7.851430   0.887137 -11.830540   2.760581  -9.115765   2.589308   0.998644   0.000008   0.001400   0.035644      3
 2.6419E+07   1.931259   4.324149 -10.248808 -99.000000  -9.218700   0.000000   0.000024   0.000146   0.001355  0.000E+00    lg_XH_cntr

        292   7.851777  2.505E+04   3.929019   3.929019   9.986170   7.396861   0.000001   0.000891   0.242800  -4.739287    974      3
 1.3566E+00   7.851777   0.887090 -11.815068   2.763364  -9.115299   2.589308   0.998644   0.000008   0.001400   0.035663      4
 2.6419E+07   1.932969   4.324237 -10.263049 -99.000000  -9.218641   0.000000   0.000024   0.000146   0.001355  0.000E+00    lg_XH_cntr


stop because have dropped below central lower limit for h1
    0.9767750235E-06    0.1000000000E-05

        293   7.852102  2.505E+04   3.931870   3.931870   9.986170   7.396861   0.000001   0.000891   0.242800  -4.736707    970      3
 1.3303E+00   7.852102   0.887046 -11.800557   2.766210  -9.114861   2.589308   0.998644   0.000008   0.001400   0.035680      3
 2.6419E+07   1.934580   4.324317 -10.235020 -99.000000  -9.218586   0.000000   0.000024   0.000146   0.001355  0.000E+00    lg_XH_cntr

save LOGS/profile7.data for model 293
                                         solver retries           4

                                    varcontrol dt limit          46
                                  max increase dt limit         191
                                        lgTeff dt limit          32
                                    lgRho_cntr dt limit          29
                                    lg_XH_cntr dt limit          71
                                      XHe_cntr dt limit          57

 model saved to M10_Z0.0014_exponential_fov0.03_f00.005.mod
save photos/x293 for model 293
termination code: xa_central_lower_limit
finished custom colors
__________________________________________________________________________________________________________________________________________________

       step    lg_Tmax     Teff     lg_LH      lg_Lnuc_tot     Mass       H_rich     H_cntr     N_cntr     Y_surf   eta_cntr   zones  retry
  lg_dt_yrs    lg_Tcntr    lg_R     lg_L3a     lg_Lneu     lg_Mdot    He_core    He_cntr    O_cntr     Z_surf   gam_cntr   iters  
    age_yrs    lg_Dcntr    lg_L     lg_LZ      lg_Lphoto   lg_Dsurf   CO_core    C_cntr     Ne_cntr    Z_cntr   v_div_cs       dt_limit
__________________________________________________________________________________________________________________________________________________

        293   7.852102  2.505E+04   3.931870   3.931870   9.986170   7.396861   0.000001   0.000891   0.242800  -4.736707    970      3
 1.3303E+00   7.852102   0.887046 -11.800557   2.766210  -9.114861   2.589308   0.998644   0.000008   0.001400   0.035680      3
 2.6419E+07   1.934580   4.324317 -10.235020 -99.000000  -9.218586   0.000000   0.000024   0.000146   0.001355  0.000E+00  max increase

