                                       1                                        2                                        3                                        4                                        5                                        6                                        7                                        8                                        9                                       10                                       11                                       12                                       13                                       14                                       15                                       16                                       17                                       18                                       19                                       20                                       21                                       22                                       23                                       24                                       25                                       26                                       27                                       28                                       29                                       30                                       31                                       32                                       33                                       34                                       35                                       36                                       37                                       38                                       39                                       40                                       41                                       42                                       43                                       44                                       45                                       46                                       47                                       48                                       49 
                            model_number                                num_zones                             initial_mass                                initial_z                                 star_age                                time_step                                     Teff                            photosphere_L                            photosphere_r                               center_eta                                center_h1                               center_he3                               center_he4                               center_c12                               center_n14                               center_o16                              center_ne20                                star_mass                                star_mdot                             star_mass_h1                            star_mass_he3                            star_mass_he4                            star_mass_c12                            star_mass_n14                            star_mass_o16                           star_mass_ne20                             he_core_mass                             co_core_mass                             fe_core_mass                   neutron_rich_core_mass                             dynamic_time                             kh_timescale                            nuc_timescale                           power_nuc_burn                             power_h_burn                            power_he_burn                                power_neu                                burn_min1                                burn_min2                             time_seconds                           version_number                                 compiler                                    build                         MESA_SDK_version                             math_backend                                     date                                     msun                                     rsun                                     lsun 
                                     100                                      674                  1.0000000000000000E+001                  1.4000000000000000E-003                  3.2032137326075303E+004                  8.2935916331009787E+002                  1.2781009149059146E+004                  6.6380013503929667E+003                  1.6616575975800540E+001                 -6.6809804105363835E+000                  7.5579999990185909E-001                  2.5838904703731542E-005                  2.4277416119343689E-001                  2.4128183525343861E-004                  7.0723991867198665E-005                  6.5663693516044739E-004                  1.4595170967124791E-004                  9.9998217353779495E+000                 -4.8266510340635999E-010                  7.5578652675078253E+000                  2.5838355036529207E-004                  2.4276983338902340E+000                  2.4127753405347382E-003                  7.0722731106819794E-004                  6.5662522964694018E-003                  1.4594910786861165E-003                  0.0000000000000000E+000                  0.0000000000000000E+000                  0.0000000000000000E+000                  0.0000000000000000E+000                  2.1437455398186872E+005                  2.1349443062354909E+004                  1.5064506931421405E+007                  1.0494322313224728E-003                  1.0494322313224730E-003                  0.0000000000000000E+000                  4.1984346919651003E-005                  5.0000000000000000E+001                  1.0000000000000000E+003                  1.0108573768813540E+012                               "5d9f195f"                               "gfortran"                                 "13.3.0"                    "x86_64-linux-24.7.1"                                 "CRMATH"                               "20250718"                  1.9884098706980504E+033                  6.9570000000000000E+010                  3.8280000000000003E+033 

                                       1                                        2                                        3                                        4                                        5                                        6                                        7                                        8                                        9                                       10                                       11                                       12                                       13                                       14                                       15                                       16 
                                    zone                                     mass                                     logR                                     logT                                   logRho                                     logP                        x_mass_fraction_H                       y_mass_fraction_He                   z_mass_fraction_metals                                       pp                                      cno                                tri_alpha                              mixing_type                                log_D_mix                               log_D_conv                                log_D_ovr 
                                       1                  9.9998217353779495E+000                  1.2205415376180702E+000                  4.1066276616847111E+000                 -9.8737439794483244E+000                  2.4610071041415886E+000                  7.5580000000000003E-001                  2.4279999999999993E-001                  1.4000000000000679E-003                  2.2861836948763041E-029                  0.0000000000000000E+000                  0.0000000000000000E+000                                        0                 -9.8999999999999986E+001                 -9.9000000000000000E+001                 -9.9000000000000000E+001 
                                       2                  9.9998217353729490E+000                  1.2205398745942444E+000                  4.1067763748033146E+000                 -9.8727108697011481E+000                  2.4620568575220445E+000                  7.5580000000000003E-001                  2.4279999999999990E-001                  1.4000000000000679E-003                  2.2916286571543957E-029                  0.0000000000000000E+000                  0.0000000000000000E+000                                        0                 -9.8999999999999986E+001                 -9.9000000000000000E+001                 -9.9000000000000000E+001 
                                       3                  9.9998217353660497E+000                  1.2205375852847393E+000                  4.1070693485129857E+000                 -9.8706828766036612E+000                  2.4641198088816050E+000                  7.5580000000000003E-001                  2.4279999999999990E-001                  1.4000000000000679E-003                  2.3023548538955403E-029                  0.0000000000000000E+000                  0.0000000000000000E+000                                        0                 -9.8999999999999986E+001                 -9.9000000000000000E+001                 -9.9000000000000000E+001 
                                       4                  9.9998217353494834E+000                  1.2205321130476727E+000                  4.1076369635990115E+000                 -9.8667795234404228E+000                  2.4680986134447225E+000                  7.5580000000000003E-001                  2.4279999999999993E-001                  1.4000000000000679E-003                  2.3231414761506278E-029                  0.0000000000000000E+000                  0.0000000000000000E+000                                        0                 -9.8999999999999986E+001                 -9.9000000000000000E+001                 -9.9000000000000000E+001 
                                       5                  9.9998217353204772E+000                  1.2205226176841892E+000                  4.1084764386620538E+000                 -9.8610660512179500E+000                  2.4739415212244209E+000                  7.5580000000000003E-001                  2.4279999999999990E-001                  1.4000000000000679E-003                  2.3539064367406770E-029                  0.0000000000000000E+000                  0.0000000000000000E+000                                        0                 -9.8999999999999986E+001                 -9.9000000000000000E+001                 -9.9000000000000000E+001 
                                       6                  9.9998217352818006E+000                  1.2205101217178829E+000                  4.1100584644125666E+000                 -9.8504978185876819E+000                  2.4848121540391475E+000                  7.5580000000000003E-001                  2.4279999999999990E-001                  1.4000000000000679E-003                  2.4118903049586747E-029                  0.0000000000000000E+000                  0.0000000000000000E+000                                        0                 -9.8999999999999986E+001                 -9.9000000000000000E+001                 -9.9000000000000000E+001 
                                       7                  9.9998217351921195E+000                  1.2204818389016221E+000                  4.1128741779899292E+000                 -9.8322423729544521E+000                  2.5037696962036264E+000                  7.5580000000000003E-001                  2.4279999999999990E-001                  1.4000000000000679E-003                  2.5154356571861320E-029                  0.0000000000000000E+000                  0.0000000000000000E+000                                        0                 -9.8999999999999986E+001                 -9.9000000000000000E+001                 -9.9000000000000000E+001 
                                       8                  9.9998217350501832E+000                  1.2204389083605500E+000                  4.1160326352502254E+000                 -9.8124725255886744E+000                  2.5245378553305051E+000                  7.5580000000000003E-001                  2.4279999999999990E-001                  1.4000000000000679E-003                  2.6325904334062424E-029                  0.0000000000000000E+000                  0.0000000000000000E+000                                        0                 -9.8999999999999986E+001                 -9.9000000000000000E+001                 -9.9000000000000000E+001 
                                       9                  9.9998217349266092E+000                  1.2204031846560874E+000                  4.1189122034654346E+000                 -9.7950812574737665E+000                  2.5430221744749399E+000                  7.5580000000000014E-001                  2.4279999999999990E-001                  1.3999999999999568E-003                  2.7401528002704941E-029                  0.0000000000000000E+000                  0.0000000000000000E+000                                        0                 -9.8999999999999986E+001                 -9.9000000000000000E+001                 -9.9000000000000000E+001 
                                      10                  9.9998217348030334E+000                  1.2203688549330247E+000                  4.1230214027020677E+000                 -9.7712660484645717E+000                  2.5686784129214799E+000                  7.5580000000000003E-001                  2.4279999999999990E-001                  1.4000000000000679E-003                  2.8946115508585763E-029                  0.0000000000000000E+000                  0.0000000000000000E+000                                        0                 -9.8999999999999986E+001                 -9.9000000000000000E+001                 -9.9000000000000000E+001 
                                      11                  9.9998217345657672E+000                  1.2203064381419781E+000                  4.1269199182367036E+000                 -9.7492923854858464E+000                  2.5925936573973618E+000                  7.5580000000000003E-001                  2.4279999999999990E-001                  1.4000000000000679E-003                  3.0448383329270854E-029                  0.0000000000000000E+000                  0.0000000000000000E+000                                        0                 -9.8999999999999986E+001                 -9.9000000000000000E+001                 -9.9000000000000000E+001 
                                      12                  9.9998217344471350E+000                  1.2202767600536277E+000                  4.1294607582278982E+000                 -9.7354414575240593E+000                  2.6078395991384764E+000                  7.5580000000000003E-001                  2.4279999999999990E-001                  1.4000000000000679E-003                  3.1435136440143576E-029                  0.0000000000000000E+000                  0.0000000000000000E+000                                        0                 -9.8999999999999986E+001                 -9.9000000000000000E+001                 -9.9000000000000000E+001 
                                      13                  9.9998217343285010E+000                  1.2202480077503275E+000                  4.1336561375891749E+000                 -9.7133301261515577E+000                  2.6324607814201366E+000                  7.5580000000000003E-001                  2.4279999999999990E-001                  1.4000000000000679E-003                  3.3077065986805860E-029                  0.0000000000000000E+000                  0.0000000000000000E+000                                        0                 -9.8999999999999986E+001                 -9.9000000000000000E+001                 -9.9000000000000000E+001 
                                      14                  9.9998217340460425E+000                  1.2201829269678406E+000                  4.1378835909772622E+000                 -9.6913995407589653E+000                  2.6570512310825132E+000                  7.5580000000000003E-001                  2.4279999999999990E-001                  1.4000000000000679E-003                  3.4790275572525718E-029                  0.0000000000000000E+000                  0.0000000000000000E+000                                        0                 -9.8999999999999986E+001                 -9.9000000000000000E+001                 -9.9000000000000000E+001 
                                      15                  9.9998217339048132E+000                  1.2201519787082293E+000                  4.1406280168139746E+000                 -9.6775864192054666E+000                  2.6727082743560233E+000                  7.5580000000000003E-001                  2.4279999999999990E-001                  1.4000000000000679E-003                  3.5914612553920837E-029                  0.0000000000000000E+000                  0.0000000000000000E+000                                        0                 -9.8999999999999986E+001                 -9.9000000000000000E+001                 -9.9000000000000000E+001 
                                      16                  9.9998217337635857E+000                  1.2201219929861971E+000                  4.1446373265597680E+000                 -9.6579490173944880E+000                  2.6951898463628972E+000                  7.5580000000000003E-001                  2.4279999999999990E-001                  1.4000000000000679E-003                  3.7575854928989832E-029                  0.0000000000000000E+000                  0.0000000000000000E+000                                        0                 -9.8999999999999986E+001                 -9.9000000000000000E+001                 -9.9000000000000000E+001 
                                      17                  9.9998217334811255E+000                  1.2200646555741099E+000                  4.1497374755481724E+000                 -9.6334398286836240E+000                  2.7234765506296257E+000                  7.5580000000000003E-001                  2.4279999999999990E-001                  1.4000000000000679E-003                  3.9757440853200924E-029                  0.0000000000000000E+000                  0.0000000000000000E+000                                        0                 -9.8999999999999986E+001                 -9.9000000000000000E+001                 -9.9000000000000000E+001 
                                      18                  9.9998217331986670E+000                  1.2200104434750652E+000                  4.1545085144159470E+000                 -9.6110968635514400E+000                  2.7495300936980493E+000                  7.5580000000000003E-001                  2.4279999999999990E-001                  1.4000000000000679E-003                  4.1856385864388443E-029                  0.0000000000000000E+000                  0.0000000000000000E+000                                        0                 -9.8999999999999986E+001                 -9.9000000000000000E+001                 -9.9000000000000000E+001 
                                      19                  9.9998217329275079E+000                  1.2199609919161445E+000                  4.1589845605337086E+000                 -9.5906227387520016E+000                  2.7736314616664726E+000                  7.5580000000000003E-001                  2.4279999999999990E-001                  1.4000000000000679E-003                  4.3876923577259825E-029                  0.0000000000000000E+000                  0.0000000000000000E+000                                        0                 -9.8999999999999986E+001                 -9.9000000000000000E+001                 -9.9000000000000000E+001 
                                      20                  9.9998217326563452E+000                  1.2199138018240585E+000                  4.1632782985063770E+000                 -9.5713799734025429E+000                  2.7964750149097832E+000                  7.5580000000000003E-001                  2.4279999999999990E-001                  1.4000000000000679E-003                  4.5864772251641260E-029                  0.0000000000000000E+000                  0.0000000000000000E+000                                        0                 -9.8999999999999986E+001                 -9.9000000000000000E+001                 -9.9000000000000000E+001 
                                      21                  9.9998217323851861E+000                  1.2198686425883054E+000                  4.1674029587471715E+000                 -9.5532275822365680E+000                  2.8181856263719278E+000                  7.5580000000000003E-001                  2.4279999999999990E-001                  1.4000000000000679E-003                  4.7822461680364462E-029                  0.0000000000000000E+000                  0.0000000000000000E+000                                        0                 -9.8999999999999986E+001                 -9.9000000000000000E+001                 -9.9000000000000000E+001 
                                      22                  9.9998217321140253E+000                  1.2198253187509063E+000                  4.1713704067861581E+000                 -9.5360444156602906E+000                  2.8388704492088017E+000                  7.5580000000000003E-001                  2.4279999999999990E-001                  1.4000000000000679E-003                  4.9752554001386471E-029                  0.0000000000000000E+000                  0.0000000000000000E+000                                        0                 -9.8999999999999986E+001                 -9.9000000000000000E+001                 -9.9000000000000000E+001 
                                      23                  9.9998217318428662E+000                  1.2197836633595012E+000                  4.1751913259652156E+000                 -9.5197280047813067E+000                  2.8586221183072120E+000                  7.5580000000000003E-001                  2.4279999999999990E-001                  1.4000000000000679E-003                  5.1657343288585065E-029                  0.0000000000000000E+000                  0.0000000000000000E+000                                        0                 -9.8999999999999986E+001                 -9.9000000000000000E+001                 -9.9000000000000000E+001 
                                      24                  9.9998217315717035E+000                  1.2197435325899340E+000                  4.1788753841019126E+000                 -9.5041910977237656E+000                  2.8775212599591473E+000                  7.5580000000000003E-001                  2.4279999999999990E-001                  1.4000000000000679E-003                  5.3538875073254829E-029                  0.0000000000000000E+000                  0.0000000000000000E+000                                        0                 -9.8999999999999986E+001                 -9.9000000000000000E+001                 -9.9000000000000000E+001 
                                      25                  9.9998217313005444E+000                  1.2197048015753480E+000                  4.1824314391357911E+000                 -9.4893590334079949E+000                  2.8956384816800980E+000                  7.5580000000000003E-001                  2.4279999999999990E-001                  1.4000000000000679E-003                  5.5398954201119149E-029                  0.0000000000000000E+000                  0.0000000000000000E+000                                        0                 -9.8999999999999986E+001                 -9.9000000000000000E+001                 -9.9000000000000000E+001 
                                      26                  9.9998217310293835E+000                  1.2196673611247624E+000                  4.1875750569896946E+000                 -9.4683606799572413E+000                  2.9214801529484240E+000                  7.5580000000000003E-001                  2.4279999999999990E-001                  1.4000000000000679E-003                  5.8143382850978565E-029                  0.0000000000000000E+000                  0.0000000000000000E+000                                        0                 -9.8999999999999986E+001                 -9.9000000000000000E+001                 -9.9000000000000000E+001 
                                      27                  9.9998217304870636E+000                  1.2195959878002345E+000                  4.1924115182624293E+000                 -9.4484879173775891E+000                  2.9458857468668969E+000                  7.5580000000000003E-001                  2.4279999999999990E-001                  1.4000000000000679E-003                  6.0865812378455107E-029                  0.0000000000000000E+000                  0.0000000000000000E+000                                        0                 -9.8999999999999986E+001                 -9.9000000000000000E+001                 -9.9000000000000000E+001 
                                      28                  9.9998217302159027E+000                  1.2195618848943950E+000                  4.1955313927320166E+000                 -9.4359048705344204E+000                  2.9614308337341231E+000                  7.5580000000000003E-001                  2.4279999999999990E-001                  1.4000000000000679E-003                  6.2655140019771257E-029                  0.0000000000000000E+000                  0.0000000000000000E+000                                        0                 -9.8999999999999986E+001                 -9.9000000000000000E+001                 -9.9000000000000000E+001 
                                      29                  9.9998217299447436E+000                  1.2195287481987747E+000                  4.1985583988859103E+000                 -9.4237739484535830E+000                  2.9764431790567283E+000                  7.5580000000000003E-001                  2.4279999999999990E-001                  1.4000000000000679E-003                  6.4429959275049781E-029                  0.0000000000000000E+000                  0.0000000000000000E+000                                        0                 -9.8999999999999986E+001                 -9.9000000000000000E+001                 -9.9000000000000000E+001 
                                      30                  9.9998217296735810E+000                  1.2194965170096637E+000                  4.2014980084704217E+000                 -9.4120608815904365E+000                  2.9909581187922099E+000                  7.5580000000000003E-001                  2.4279999999999990E-001                  1.4000000000000679E-003                  6.6191336273696474E-029                  0.0000000000000000E+000                  0.0000000000000000E+000                                        0                 -9.8999999999999986E+001                 -9.9000000000000000E+001                 -9.9000000000000000E+001 
                                      31                  9.9998217294024219E+000                  1.2194651365949423E+000                  4.2057765701538123E+000                 -9.3952566715958135E+000                  3.0118654762920563E+000                  7.5580000000000003E-001                  2.4279999999999990E-001                  1.4000000000000679E-003                  6.8802732553002473E-029                  0.0000000000000000E+000                  0.0000000000000000E+000                                        0                 -9.8999999999999986E+001                 -9.9000000000000000E+001                 -9.9000000000000000E+001 
                                      32                  9.9998217288601019E+000                  1.2194047386544566E+000                  4.2111874996730938E+000                 -9.3740032640313213E+000                  3.0382770937927663E+000                  7.5580000000000003E-001                  2.4279999999999990E-001                  1.4000000000000679E-003                  7.2253604703736291E-029                  0.0000000000000000E+000                  0.0000000000000000E+000                                        0                 -9.8999999999999986E+001                 -9.9000000000000000E+001                 -9.9000000000000000E+001 
                                      33                  9.9998217283177819E+000                  1.2193472018650042E+000                  4.2163272821503739E+000                 -9.3539879086532434E+000                  3.0631869824870757E+000                  7.5580000000000003E-001                  2.4279999999999990E-001                  1.4000000000000679E-003                  7.5661558586867653E-029                  0.0000000000000000E+000                  0.0000000000000000E+000                                        0                 -9.8999999999999986E+001                 -9.9000000000000000E+001                 -9.9000000000000000E+001 
                                      34                  9.9998217277754620E+000                  1.2192922352459636E+000                  4.2212224814103916E+000                 -9.3350684747379393E+000                  3.0867568957652676E+000                  7.5580000000000003E-001                  2.4279999999999990E-001                  1.4000000000000679E-003                  7.9030569716958951E-029                  0.0000000000000000E+000                  0.0000000000000000E+000                                        0                 -9.8999999999999986E+001                 -9.9000000000000000E+001                 -9.9000000000000000E+001 
                                      35                  9.9998217272331420E+000                  1.2192395922005461E+000                  4.2258959125432574E+000                 -9.3171273440256677E+000                  3.1091237784853156E+000                  7.5580000000000003E-001                  2.4279999999999990E-001                  1.4000000000000679E-003                  8.2363847630284011E-029                  0.0000000000000000E+000                  0.0000000000000000E+000                                        0                 -9.8999999999999986E+001                 -9.9000000000000000E+001                 -9.9000000000000000E+001 
                                      36                  9.9998217266908220E+000                  1.2191890615795649E+000                  4.2303672943633330E+000                 -9.3000688287285271E+000                  3.1304045947135783E+000                  7.5580000000000003E-001                  2.4279999999999990E-001                  1.4000000000000679E-003                  8.5663440593594710E-029                  0.0000000000000000E+000                  0.0000000000000000E+000                                        0                 -9.8999999999999986E+001                 -9.9000000000000000E+001                 -9.9000000000000000E+001 
                                      37                  9.9998217261485021E+000                  1.2191404606229455E+000                  4.2346537594526250E+000                 -9.2838108789169436E+000                  3.1507000354571408E+000                  7.5580000000000003E-001                  2.4279999999999990E-001                  1.4000000000000679E-003                  8.8931132790266605E-029                  0.0000000000000000E+000                  0.0000000000000000E+000                                        0                 -9.8999999999999986E+001                 -9.9000000000000000E+001                 -9.9000000000000000E+001 
                                      38                  9.9998217256061821E+000                  1.2190936299913206E+000                  4.2387702789237363E+000                 -9.2682821457015514E+000                  3.1700974043277332E+000                  7.5580000000000003E-001                  2.4279999999999990E-001                  1.4000000000000679E-003                  9.2168582590436401E-029                  0.0000000000000000E+000                  0.0000000000000000E+000                                        0                 -9.8999999999999986E+001                 -9.9000000000000000E+001                 -9.9000000000000000E+001 
                                      39                  9.9998217250638639E+000                  1.2190484298983228E+000                  4.2427300126380461E+000                 -9.2534202248972992E+000                  3.1886728905982729E+000                  7.5580000000000003E-001                  2.4279999999999990E-001                  1.4000000000000679E-003                  9.5377332426336228E-029                  0.0000000000000000E+000                  0.0000000000000000E+000                                        0                 -9.8999999999999986E+001                 -9.9000000000000000E+001                 -9.9000000000000000E+001 
                                      40                  9.9998217245215422E+000                  1.2190047370107657E+000                  4.2484387245972570E+000                 -9.2323312246438558E+000                  3.2151367076573365E+000                  7.5580000000000003E-001                  2.4279999999999990E-001                  1.4000000000000679E-003                  1.0012318754247305E-028                  0.0000000000000000E+000                  0.0000000000000000E+000                                        0                 -9.8999999999999986E+001                 -9.9000000000000000E+001                 -9.9000000000000000E+001 
                                      41                  9.9998217234369022E+000                  1.2189214567266828E+000                  4.2537801318927153E+000                 -9.2123256526262089E+000                  3.2400987483582995E+000                  7.5580000000000003E-001                  2.4279999999999990E-001                  1.4000000000000679E-003                  1.0484330932997765E-028                  0.0000000000000000E+000                  0.0000000000000000E+000                                        0                 -9.8999999999999986E+001                 -9.9000000000000000E+001                 -9.9000000000000000E+001 
                                      42                  9.9998217228945823E+000                  1.2188816743038573E+000                  4.2572169249065883E+000                 -9.1996469151787092E+000                  3.2559827710773761E+000                  7.5580000000000003E-001                  2.4279999999999990E-001                  1.4000000000000679E-003                  1.0794928473499631E-028                  0.0000000000000000E+000                  0.0000000000000000E+000                                        0                 -9.8999999999999986E+001                 -9.9000000000000000E+001                 -9.9000000000000000E+001 
                                      43                  9.9998217223522623E+000                  1.2188430260268139E+000                  4.2621976877057604E+000                 -9.1815175460754173E+000                  3.2787778528249989E+000                  7.5580000000000003E-001                  2.4279999999999990E-001                  1.4000000000000679E-003                  1.1255106027636749E-028                  0.0000000000000000E+000                  0.0000000000000000E+000                                        0                 -9.8999999999999986E+001                 -9.9000000000000000E+001                 -9.9000000000000000E+001 
                                      44                  9.9998217212676224E+000                  1.2187688608594862E+000                  4.2668976257448579E+000                 -9.1641998217262390E+000                  3.3004503431455503E+000                  7.5580000000000003E-001                  2.4279999999999990E-001                  1.4000000000000679E-003                  1.1712989554522936E-028                  0.0000000000000000E+000                  0.0000000000000000E+000                                        0                 -9.8999999999999986E+001                 -9.9000000000000000E+001                 -9.9000000000000000E+001 
                                      45                  9.9998217207253024E+000                  1.2187332143522978E+000                  4.2699349023451596E+000                 -9.1531540640926767E+000                  3.3143247142891390E+000                  7.5580000000000003E-001                  2.4279999999999990E-001                  1.4000000000000679E-003                  1.2014724023251167E-028                  0.0000000000000000E+000                  0.0000000000000000E+000                                        0                 -9.8999999999999986E+001                 -9.9000000000000000E+001                 -9.9000000000000000E+001 
                                      46                  9.9998217201829824E+000                  1.2186984545871191E+000                  4.2743551425458035E+000                 -9.1372687867814353E+000                  3.3343452712668245E+000                  7.5580000000000003E-001                  2.4279999999999990E-001                  1.4000000000000679E-003                  1.2462337099730536E-028                  0.0000000000000000E+000                  0.0000000000000000E+000                                        0                 -9.8999999999999986E+001                 -9.9000000000000000E+001                 -9.9000000000000000E+001 
                                      47                  9.9998217190983425E+000                  1.2186314083732039E+000                  4.2799456314715592E+000                 -9.1171275395540103E+000                  3.3596950806043311E+000                  7.5580000000000003E-001                  2.4279999999999990E-001                  1.4000000000000679E-003                  1.3053930085772093E-028                  0.0000000000000000E+000                  0.0000000000000000E+000                                        0                 -9.8999999999999986E+001                 -9.9000000000000000E+001                 -9.9000000000000000E+001 
                                      48                  9.9998217180137008E+000                  1.2185673715710705E+000                  4.2852567102717503E+000                 -9.0981169466012535E+000                  3.3836602179361117E+000                  7.5580000000000003E-001                  2.4279999999999990E-001                  1.4000000000000679E-003                  1.3638053733596696E-028                  0.0000000000000000E+000                  0.0000000000000000E+000                                        0                 -9.8999999999999986E+001                 -9.9000000000000000E+001                 -9.9000000000000000E+001 
                                      49                  9.9998217169290609E+000                  1.2185060508744949E+000                  4.2903162021376406E+000                 -9.0801198356279489E+000                  3.4063842900611681E+000                  7.5580000000000003E-001                  2.4279999999999990E-001                  1.4000000000000679E-003                  1.4215103066763118E-028                  0.0000000000000000E+000                  0.0000000000000000E+000                                        0                 -9.8999999999999986E+001                 -9.9000000000000000E+001                 -9.9000000000000000E+001 
                                      50                  9.9998217158444191E+000                  1.2184471949435050E+000                  4.2951477423088775E+000                 -9.0630358744289818E+000                  3.4279896557483562E+000                  7.5580000000000003E-001                  2.4279999999999990E-001                  1.4000000000000679E-003                  1.4785447139918849E-028                  0.0000000000000000E+000                  0.0000000000000000E+000                                        0                 -9.8999999999999986E+001                 -9.9000000000000000E+001                 -9.9000000000000000E+001 
                                      51                  9.9998217147597774E+000                  1.2183905867274150E+000                  4.2997716004257551E+000                 -9.0467787817357141E+000                  3.4485814216284982E+000                  7.5580000000000003E-001                  2.4279999999999990E-001                  1.4000000000000679E-003                  1.5349422126271975E-028                  0.0000000000000000E+000                  0.0000000000000000E+000                                        0                 -9.8999999999999986E+001                 -9.9000000000000000E+001                 -9.9000000000000000E+001 
                                      52                  9.9998217136751375E+000                  1.2183360374360921E+000                  4.3042053230235071E+000                 -9.0312737523737638E+000                  3.4682505407352924E+000                  7.5580000000000003E-001                  2.4279999999999990E-001                  1.4000000000000679E-003                  1.5907338392420457E-028                  0.0000000000000000E+000                  0.0000000000000000E+000                                        0                 -9.8999999999999986E+001                 -9.9000000000000000E+001                 -9.9000000000000000E+001 
                                      53                  9.9998217125904958E+000                  1.2182833817966627E+000                  4.3084642934562396E+000                 -9.0164552577238837E+000                  3.4870762451632435E+000                  7.5580000000000003E-001                  2.4279999999999990E-001                  1.4000000000000679E-003                  1.6459493334941357E-028                  0.0000000000000000E+000                  0.0000000000000000E+000                                        0                 -9.8999999999999986E+001                 -9.9000000000000000E+001                 -9.9000000000000000E+001 
                                      54                  9.9998217115058559E+000                  1.2182324743000230E+000                  4.3125621551924063E+000                 -9.0022659943069474E+000                  3.5051279775103845E+000                  7.5580000000000003E-001                  2.4279999999999990E-001                  1.4000000000000679E-003                  1.7006156130870517E-028                  0.0000000000000000E+000                  0.0000000000000000E+000                                        0                 -9.8999999999999986E+001                 -9.9000000000000000E+001                 -9.9000000000000000E+001 
                                      55                  9.9998217104212141E+000                  1.2181831861211971E+000                  4.3165110721388400E+000                 -8.9886556906895319E+000                  3.5224669401520488E+000                  7.5580000000000003E-001                  2.4279999999999990E-001                  1.4000000000000679E-003                  1.7547566246130380E-028                  0.0000000000000000E+000                  0.0000000000000000E+000                                        0                 -9.8999999999999986E+001                 -9.9000000000000000E+001                 -9.9000000000000000E+001 
                                      56                  9.9998217093365742E+000                  1.2181354026081963E+000                  4.3203219259861694E+000                 -8.9755799855529261E+000                  3.5391473496489958E+000                  7.5580000000000003E-001                  2.4279999999999990E-001                  1.4000000000000679E-003                  1.8083938045078342E-028                  0.0000000000000000E+000                  0.0000000000000000E+000                                        0                 -9.8999999999999986E+001                 -9.9000000000000000E+001                 -9.9000000000000000E+001 
                                      57                  9.9998217082519325E+000                  1.2180890212333602E+000                  4.3240044836513007E+000                 -8.9629994680339173E+000                  3.5552174611728016E+000                  7.5580000000000003E-001                  2.4279999999999990E-001                  1.4000000000000679E-003                  1.8615466881722100E-028                  0.0000000000000000E+000                  0.0000000000000000E+000                                        0                 -9.8999999999999986E+001                 -9.9000000000000000E+001                 -9.9000000000000000E+001 
                                      58                  9.9998217071672926E+000                  1.2180439499131450E+000                  4.3275675412689019E+000                 -8.9508788439195630E+000                  3.5707204117620401E+000                  7.5580000000000003E-001                  2.4279999999999990E-001                  1.4000000000000679E-003                  1.9142336781993097E-028                  0.0000000000000000E+000                  0.0000000000000000E+000                                        0                 -9.8999999999999986E+001                 -9.9000000000000000E+001                 -9.9000000000000000E+001 
                                      59                  9.9998217060826526E+000                  1.2180001056244367E+000                  4.3327342305015231E+000                 -8.9335421846593874E+000                  3.5929929003943739E+000                  7.5580000000000003E-001                  2.4279999999999990E-001                  1.4000000000000679E-003                  1.9921965683703952E-028                  0.0000000000000000E+000                  0.0000000000000000E+000                                        0                 -9.8999999999999986E+001                 -9.9000000000000000E+001                 -9.9000000000000000E+001 
                                      60                  9.9998217039133710E+000                  1.2179158112545128E+000                  4.3392320082652134E+000                 -8.9116955408421159E+000                  3.6210380633606509E+000                  7.5580000000000003E-001                  2.4279999999999990E-001                  1.4000000000000679E-003                  2.0949785150950621E-028                  0.0000000000000000E+000                  0.0000000000000000E+000                                        0                 -9.8999999999999986E+001                 -9.9000000000000000E+001                 -9.9000000000000000E+001 
                                      61                  9.9998217017440894E+000                  1.2178356067659464E+000                  4.3438472785342173E+000                 -8.8961763058600933E+000                  3.6409583109351029E+000                  7.5580000000000003E-001                  2.4279999999999990E-001                  1.4000000000000679E-003                  2.1711975833974453E-028                  0.0000000000000000E+000                  0.0000000000000000E+000                                        0                 -9.8999999999999986E+001                 -9.9000000000000000E+001                 -9.9000000000000000E+001 
                                      62                  9.9998217006594476E+000                  1.2177968963516124E+000                  4.3468377493083050E+000                 -8.8862507808164608E+000                  3.6537528105497774E+000                  7.5580000000000003E-001                  2.4279999999999990E-001                  1.4000000000000679E-003                  2.2213920919041469E-028                  0.0000000000000000E+000                  0.0000000000000000E+000                                        0                 -9.8999999999999986E+001                 -9.9000000000000000E+001                 -9.9000000000000000E+001 
                                      63                  9.9998216995748059E+000                  1.2177590506004905E+000                  4.3512013461581560E+000                 -8.8719422604298401E+000                  3.6722707447674128E+000                  7.5580000000000003E-001                  2.4279999999999990E-001                  1.4000000000000679E-003                  2.2958010634607541E-028                  0.0000000000000000E+000                  0.0000000000000000E+000                                        0                 -9.8999999999999986E+001                 -9.9000000000000000E+001                 -9.9000000000000000E+001 
                                      64                  9.9998216974055243E+000                  1.2176857841302102E+000                  4.3581232324674426E+000                 -8.8494116722032121E+000                  3.7014996057664655E+000                  7.5580000000000003E-001                  2.4279999999999990E-001                  1.4000000000000679E-003                  2.4180521477403943E-028                  0.0000000000000000E+000                  0.0000000000000000E+000                                        0                 -9.8999999999999986E+001                 -9.9000000000000000E+001                 -9.9000000000000000E+001 
                                      65                  9.9998216941516027E+000                  1.2175813764499781E+000                  4.3646046489149617E+000                 -8.8282646391834607E+000                  3.7289102748689693E+000                  7.5580000000000003E-001                  2.4279999999999990E-001                  1.4000000000000679E-003                  2.5387122959509293E-028                  0.0000000000000000E+000                  0.0000000000000000E+000                                        0                 -9.8999999999999986E+001                 -9.9000000000000000E+001                 -9.9000000000000000E+001 
                                      66                  9.9998216919823211E+000                  1.2175150402979333E+000                  4.3695650348497335E+000                 -8.8123319737193828E+000                  3.7496699490397090E+000                  7.5580000000000003E-001                  2.4279999999999990E-001                  1.4000000000000679E-003                  2.6335814868088535E-028                  0.0000000000000000E+000                  0.0000000000000000E+000                                        0                 -9.8999999999999986E+001                 -9.9000000000000000E+001                 -9.9000000000000000E+001 
                                      67                  9.9998216898130394E+000                  1.2174510648879122E+000                  4.3743268832057991E+000                 -8.7971575503803638E+000                  3.7694938130072289E+000                  7.5580000000000003E-001                  2.4279999999999990E-001                  1.4000000000000679E-003                  2.7272300535712896E-028                  0.0000000000000000E+000                  0.0000000000000000E+000                                        0                 -9.8999999999999986E+001                 -9.9000000000000000E+001                 -9.9000000000000000E+001 
                                      68                  9.9998216876437578E+000                  1.2173892593591484E+000                  4.3811774384889262E+000                 -8.7757510977356770E+000                  3.7976452652505435E+000                  7.5580000000000003E-001                  2.4279999999999988E-001                  1.4000000000000679E-003                  2.8650293607683979E-028                  0.0000000000000000E+000                  0.0000000000000000E+000                                        0                 -9.8999999999999986E+001                 -9.9000000000000000E+001                 -9.9000000000000000E+001 
                                      69                  9.9998216833051945E+000                  1.2172715204040196E+000                  4.3875757246023230E+000                 -8.7555578157343383E+000                  3.8241102931052975E+000                  7.5580000000000003E-001                  2.4279999999999990E-001                  1.4000000000000679E-003                  3.0013951776835574E-028                  0.0000000000000000E+000                  0.0000000000000000E+000                                        0                 -9.8999999999999986E+001                 -9.9000000000000000E+001                 -9.9000000000000000E+001 
                                      70                  9.9998216811359129E+000                  1.2172152917276375E+000                  4.3916866353754145E+000                 -8.7428228413061060E+000                  3.8409066633914892E+000                  7.5580000000000003E-001                  2.4279999999999990E-001                  1.4000000000000679E-003                  3.0907130280762421E-028                  0.0000000000000000E+000                  0.0000000000000000E+000                                        0                 -9.8999999999999986E+001                 -9.9000000000000000E+001                 -9.9000000000000000E+001 
                                      71                  9.9998216789666312E+000                  1.2171606670148889E+000                  4.3976368228756622E+000                 -8.7246938872681223E+000                  3.8649544282211408E+000                  7.5580000000000003E-001                  2.4279999999999990E-001                  1.4000000000000679E-003                  3.2224664305427532E-028                  0.0000000000000000E+000                  0.0000000000000000E+000                                        0                 -9.8999999999999986E+001                 -9.9000000000000000E+001                 -9.9000000000000000E+001 
                                      72                  9.9998216746280679E+000                  1.2170558264387656E+000                  4.4050998312059191E+000                 -8.7019673684370495E+000                  3.8951054267278908E+000                  7.5580000000000003E-001                  2.4279999999999990E-001                  1.4000000000000679E-003                  3.3955951338739518E-028                  0.0000000000000000E+000                  0.0000000000000000E+000                                        0                 -9.8999999999999986E+001                 -9.9000000000000000E+001                 -9.9000000000000000E+001 
                                      73                  9.9998216702895046E+000                  1.2169562607986362E+000                  4.4103867426323742E+000                 -8.6858970896246035E+000                  3.9164389466078529E+000                  7.5580000000000003E-001                  2.4279999999999990E-001                  1.4000000000000679E-003                  3.5236023525300163E-028                  0.0000000000000000E+000                  0.0000000000000000E+000                                        0                 -9.8999999999999986E+001                 -9.9000000000000000E+001                 -9.9000000000000000E+001 
                                      74                  9.9998216681202230E+000                  1.2169082619777301E+000                  4.4155062581742968E+000                 -8.6706990548354259E+000                  3.9367821851844176E+000                  7.5580000000000003E-001                  2.4279999999999990E-001                  1.4000000000000679E-003                  3.6490986949836538E-028                  0.0000000000000000E+000                  0.0000000000000000E+000                                        0                 -9.8999999999999986E+001                 -9.9000000000000000E+001                 -9.9000000000000000E+001 
                                      75                  9.9998216637816597E+000                  1.2168155205804634E+000                  4.4219871720031065E+000                 -8.6514707112519194E+000                  3.9625253949151764E+000                  7.5580000000000003E-001                  2.4279999999999990E-001                  1.4000000000000679E-003                  3.8142998895263506E-028                  0.0000000000000000E+000                  0.0000000000000000E+000                                        0                 -9.8999999999999986E+001                 -9.9000000000000000E+001                 -9.9000000000000000E+001 
                                      76                  9.9998216594430982E+000                  1.2167267400828949E+000                  4.4281492440001697E+000                 -8.6333676937392561E+000                  3.9868470002626255E+000                  7.5580000000000003E-001                  2.4279999999999990E-001                  1.4000000000000679E-003                  3.9766622020781317E-028                  0.0000000000000000E+000                  0.0000000000000000E+000                                        0                 -9.8999999999999986E+001                 -9.9000000000000000E+001                 -9.9000000000000000E+001 
                                      77                  9.9998216551045331E+000                  1.2166415330310463E+000                  4.4325644000300324E+000                 -8.6204272130640245E+000                  4.0042474708540938E+000                  7.5580000000000003E-001                  2.4279999999999990E-001                  1.4000000000000679E-003                  4.0969418468734924E-028                  0.0000000000000000E+000                  0.0000000000000000E+000                                        0                 -9.8999999999999986E+001                 -9.9000000000000000E+001                 -9.9000000000000000E+001 
                                      78                  9.9998216529352515E+000                  1.2166001621343252E+000                  4.4354370860224286E+000                 -8.6121147453376601E+000                  4.0154763777480644E+000                  7.5580000000000003E-001                  2.4279999999999990E-001                  1.4000000000000679E-003                  4.1761171074385151E-028                  0.0000000000000000E+000                  0.0000000000000000E+000                                        0                 -9.8999999999999986E+001                 -9.9000000000000000E+001                 -9.9000000000000000E+001 
                                      79                  9.9998216507659698E+000                  1.2165595640613203E+000                  4.4389469285978578E+000                 -8.6020451409492491E+000                  4.0291211806253582E+000                  7.5580000000000014E-001                  2.4279999999999990E-001                  1.3999999999999568E-003                  4.2740811599016905E-028                  0.0000000000000000E+000                  0.0000000000000000E+000                                        0                 -9.8999999999999986E+001                 -9.9000000000000000E+001                 -9.9000000000000000E+001 
                                      80                  9.9998216475120483E+000                  1.2165000420972605E+000                  4.4430300747992852E+000                 -8.5903748932158965E+000                  4.0449569839625941E+000                  7.5580000000000014E-001                  2.4279999999999990E-001                  1.3999999999999568E-003                  4.3904960345079595E-028                  0.0000000000000000E+000                  0.0000000000000000E+000                                        0                 -9.8999999999999986E+001                 -9.9000000000000000E+001                 -9.9000000000000000E+001 
                                      81                  9.9998216442581267E+000                  1.2164420747749234E+000                  4.4476472266683906E+000                 -8.5773225043524697E+000                  4.0627399056453468E+000                  7.5580000000000003E-001                  2.4279999999999988E-001                  1.4000000000000679E-003                  4.5244587441241522E-028                  0.0000000000000000E+000                  0.0000000000000000E+000                                        0                 -9.8999999999999986E+001                 -9.9000000000000000E+001                 -9.9000000000000000E+001 
                                      82                  9.9998216399195616E+000                  1.2163670388759078E+000                  4.4527275758247544E+000                 -8.5630591426924791E+000                  4.0822229204158171E+000                  7.5580000000000003E-001                  2.4279999999999990E-001                  1.4000000000000679E-003                  4.6755286287931676E-028                  0.0000000000000000E+000                  0.0000000000000000E+000                                        0                 -9.8999999999999986E+001                 -9.9000000000000000E+001                 -9.9000000000000000E+001 
                                      83                  9.9998216355810001E+000                  1.2162943902748786E+000                  4.4576252031077885E+000                 -8.5494536425642611E+000                  4.1008815165831747E+000                  7.5580000000000003E-001                  2.4279999999999990E-001                  1.4000000000000679E-003                  4.8243290834993630E-028                  0.0000000000000000E+000                  0.0000000000000000E+000                                        0                 -9.8999999999999986E+001                 -9.9000000000000000E+001                 -9.9000000000000000E+001 
                                      84                  9.9998216312424368E+000                  1.2162239475101368E+000                  4.4623552415001093E+000                 -8.5364533085407803E+000                  4.1187827710928282E+000                  7.5580000000000003E-001                  2.4279999999999990E-001                  1.4000000000000679E-003                  4.9709333706981718E-028                  0.0000000000000000E+000                  0.0000000000000000E+000                                        0                 -9.8999999999999986E+001                 -9.9000000000000000E+001                 -9.9000000000000000E+001 
                                      85                  9.9998216269038718E+000                  1.2161555493656280E+000                  4.4692000897791022E+000                 -8.5180495900791868E+000                  4.1443384795342340E+000                  7.5580000000000003E-001                  2.4279999999999990E-001                  1.4000000000000679E-003                  5.1861209985569660E-028                  0.0000000000000000E+000                  0.0000000000000000E+000                                        0                 -9.8999999999999986E+001                 -9.9000000000000000E+001                 -9.9000000000000000E+001 
                                      86                  9.9998216182267470E+000                  1.2160243384396461E+000                  4.4767310919574035E+000                 -8.4978728528849032E+000                  4.1724016803929747E+000                  7.5580000000000003E-001                  2.4279999999999990E-001                  1.4000000000000679E-003                  5.4327595783873990E-028                  0.0000000000000000E+000                  0.0000000000000000E+000                                        0                 -9.8999999999999986E+001                 -9.9000000000000000E+001                 -9.9000000000000000E+001 
                                      87                  9.9998216117189020E+000                  1.2159303244742310E+000                  4.4829025204329271E+000                 -8.4816807582129545E+000                  4.1951111103514434E+000                  7.5580000000000003E-001                  2.4279999999999990E-001                  1.4000000000000679E-003                  5.6391479028715109E-028                  0.0000000000000000E+000                  0.0000000000000000E+000                                        0                 -9.8999999999999986E+001                 -9.9000000000000000E+001                 -9.9000000000000000E+001 
                                      88                  9.9998216052110571E+000                  1.2158396933755813E+000                  4.4898030606100789E+000                 -8.4639323546600291E+000                  4.2202069632736281E+000                  7.5580000000000003E-001                  2.4279999999999990E-001                  1.4000000000000679E-003                  5.8743916772900860E-028                  0.0000000000000000E+000                  0.0000000000000000E+000                                        0                 -9.8999999999999986E+001                 -9.9000000000000000E+001                 -9.9000000000000000E+001 
                                      89                  9.9998215965339305E+000                  1.2157236079633560E+000                  4.4954397501223715E+000                 -8.4495222517272808E+000                  4.2406419541978027E+000                  7.5580000000000003E-001                  2.4279999999999990E-001                  1.4000000000000679E-003                  6.0725883067249906E-028                  0.0000000000000000E+000                  0.0000000000000000E+000                                        0                 -9.8999999999999986E+001                 -9.9000000000000000E+001                 -9.9000000000000000E+001 
                                      90                  9.9998215921953673E+000                  1.2156674261232883E+000                  4.5009183916703304E+000                 -8.4359197409928601E+000                  4.2601683446399523E+000                  7.5580000000000003E-001                  2.4279999999999990E-001                  1.4000000000000679E-003                  6.2658089942167598E-028                  0.0000000000000000E+000                  0.0000000000000000E+000                                        0                 -9.8999999999999986E+001                 -9.9000000000000000E+001                 -9.9000000000000000E+001 
                                      91                  9.9998215835182407E+000                  1.2155584651056186E+000                  4.5079130168719441E+000                 -8.4187692135285577E+000                  4.2849328048884132E+000                  7.5580000000000003E-001                  2.4279999999999990E-001                  1.4000000000000679E-003                  6.5182154089516172E-028                  0.0000000000000000E+000                  0.0000000000000000E+000                                        0                 -9.8999999999999986E+001                 -9.9000000000000000E+001                 -9.9000000000000000E+001 
                                      92                  9.9998215748411141E+000                  1.2154536457960852E+000                  4.5146178926714029E+000                 -8.4026970059224873E+000                  4.3083830228464270E+000                  7.5580000000000003E-001                  2.4279999999999990E-001                  1.4000000000000679E-003                  6.7639735306616752E-028                  0.0000000000000000E+000                  0.0000000000000000E+000                                        0                 -9.8999999999999986E+001                 -9.9000000000000000E+001                 -9.9000000000000000E+001 
                                      93                  9.9998215661639875E+000                  1.2153525628383597E+000                  4.5210603163803995E+000                 -8.3875977201036136E+000                  4.3306518265016569E+000                  7.5580000000000003E-001                  2.4279999999999990E-001                  1.4000000000000679E-003                  7.0032902442990458E-028                  0.0000000000000000E+000                  0.0000000000000000E+000                                        0                 -9.8999999999999986E+001                 -9.9000000000000000E+001                 -9.9000000000000000E+001 
                                      94                  9.9998215574868627E+000                  1.2152548668289906E+000                  4.5264910344365745E+000                 -8.3750953547637934E+000                  4.3492586513287934E+000                  7.5580000000000003E-001                  2.4279999999999990E-001                  1.4000000000000679E-003                  7.2078423976600189E-028                  0.0000000000000000E+000                  0.0000000000000000E+000                                        0                 -9.8999999999999986E+001                 -9.9000000000000000E+001                 -9.9000000000000000E+001 
                                      95                  9.9998215509790160E+000                  1.2151836325354450E+000                  4.5310143030356196E+000                 -8.3648848467733110E+000                  4.3646063676176183E+000                  7.5580000000000014E-001                  2.4279999999999990E-001                  1.3999999999999568E-003                  7.3793217148011836E-028                  0.0000000000000000E+000                  0.0000000000000000E+000                                        0                 -9.8999999999999986E+001                 -9.9000000000000000E+001                 -9.9000000000000000E+001 
                                      96                  9.9998215444711729E+000                  1.2151140196100727E+000                  4.5361457016014191E+000                 -8.3535169246555654E+000                  4.3818631874004925E+000                  7.5580000000000003E-001                  2.4279999999999988E-001                  1.4000000000000679E-003                  7.5750430368000300E-028                  0.0000000000000000E+000                  0.0000000000000000E+000                                        0                 -9.8999999999999986E+001                 -9.9000000000000000E+001                 -9.9000000000000000E+001 
                                      97                  9.9998215357940463E+000                  1.2150235503955895E+000                  4.5418126136063570E+000                 -8.3411575081793039E+000                  4.4007959494832338E+000                  7.5580000000000003E-001                  2.4279999999999988E-001                  1.4000000000000679E-003                  7.7937296038650541E-028                  0.0000000000000000E+000                  0.0000000000000000E+000                                        1                  1.1674645289119537E+001                  1.1674645289119537E+001                 -9.9000000000000000E+001 
                                      98                  9.9998215271169180E+000                  1.2149355653051375E+000                  4.5472912952923830E+000                 -8.3294359164239129E+000                  4.4189521184254072E+000                  7.5580000000000003E-001                  2.4279999999999988E-001                  1.4000000000000679E-003                  8.0069609053814607E-028                  0.0000000000000000E+000                  0.0000000000000000E+000                                        1                  1.2170629026515508E+001                  1.2170629026515508E+001                 -9.9000000000000000E+001 
                                      99                  9.9998215184397932E+000                  1.2148498717794545E+000                  4.5525949899601343E+000                 -8.3183030425493456E+000                  4.4363930973556061E+000                  7.5580000000000003E-001                  2.4279999999999988E-001                  1.4000000000000679E-003                  8.2148820930375222E-028                  0.0000000000000000E+000                  0.0000000000000000E+000                                        1                  1.2434520745968110E+001                  1.2434520745968110E+001                 -9.9000000000000000E+001 
                                     100                  9.9998215097626666E+000                  1.2147662981932501E+000                  4.5602825741457433E+000                 -8.3026819540751156E+000                  4.4613263443610531E+000                  7.5580000000000003E-001                  2.4279999999999988E-001                  1.4000000000000679E-003                  8.5157616083118183E-028                  0.0000000000000000E+000                  0.0000000000000000E+000                                        1                  1.2625168545187584E+001                  1.2625168545187584E+001                 -9.9000000000000000E+001 
                                     101                  9.9998214924084152E+000                  1.2146049198111430E+000                  4.5675648083702818E+000                 -8.2880137592289884E+000                  4.4849396730159068E+000                  7.5580000000000003E-001                  2.4279999999999988E-001                  1.4000000000000679E-003                  8.8083125112973844E-028                  0.0000000000000000E+000                  0.0000000000000000E+000                                        1                  1.2909180942692180E+001                  1.2909180942692180E+001                 -9.9000000000000000E+001 
                                     102                  9.9998214837312869E+000                  1.2145268458233545E+000                  4.5722675365303438E+000                 -8.2788180792953714E+000                  4.5000081396563552E+000                  7.5580000000000003E-001                  2.4279999999999988E-001                  1.4000000000000679E-003                  8.9968202927083405E-028                  0.0000000000000000E+000                  0.0000000000000000E+000                                        1                  1.3023922719180799E+001                  1.3023922719180799E+001                 -9.9000000000000000E+001 
                                     103                  9.9998214750541621E+000                  1.2144503667684883E+000                  4.5791019558958910E+000                 -8.2657981807495222E+000                  4.5216885981303419E+000                  7.5580000000000003E-001                  2.4279999999999988E-001                  1.4000000000000679E-003                  9.2706434441351076E-028                  0.0000000000000000E+000                  0.0000000000000000E+000                                        1                  1.3126254464874670E+001                  1.3126254464874670E+001                 -9.9000000000000000E+001 
                                     104                  9.9998214576999089E+000                  1.2143018107853176E+000                  4.5877250951755117E+000                 -8.2494982938899319E+000                  4.5490448360704638E+000                  7.5580000000000003E-001                  2.4279999999999988E-001                  1.4000000000000679E-003                  9.6252264075833988E-028                  0.0000000000000000E+000                  0.0000000000000000E+000                                        1                  1.3300606477080498E+001                  1.3300606477080498E+001                 -9.9000000000000000E+001 
                                     105                  9.9998214403456576E+000                  1.2141585827817538E+000                  4.5948548884996550E+000                 -8.2360896235383461E+000                  4.5716739388427117E+000                  7.5580000000000003E-001                  2.4279999999999988E-001                  1.4000000000000679E-003                  9.9270593679461380E-028                  0.0000000000000000E+000                  0.0000000000000000E+000                                        1                  1.3442691367446118E+001                  1.3442691367446118E+001                 -9.9000000000000000E+001 
                                     106                  9.9998214273299677E+000                  1.2140543386184262E+000                  4.6006956572402862E+000                 -8.2251630492862393E+000                  4.5901913594131791E+000                  7.5580000000000003E-001                  2.4279999999999988E-001                  1.4000000000000679E-003                  1.0180005567872809E-027                  0.0000000000000000E+000                  0.0000000000000000E+000                                        1                  1.3530298002272408E+001                  1.3530298002272408E+001                 -9.9000000000000000E+001 
                                     107                  9.9998214143142778E+000                  1.2139526121119180E+000                  4.6099573735634696E+000                 -8.2080125954077925E+000                  4.6194268631608857E+000                  7.5580000000000003E-001                  2.4279999999999988E-001                  1.4000000000000679E-003                  1.0590093166567035E-027                  0.0000000000000000E+000                  0.0000000000000000E+000                                        1                  1.3600384864696286E+001                  1.3600384864696286E+001                 -9.9000000000000000E+001 
                                     108                  9.9998213839443366E+000                  1.2137241807851322E+000                  4.6191910942233090E+000                 -8.1897335318746620E+000                  4.6495253781550225E+000                  7.5580000000000003E-001                  2.4279999999999988E-001                  1.4000000000000679E-003                  1.1045370058736865E-027                  0.0000000000000000E+000                  0.0000000000000000E+000                                        1                  1.3714318165017607E+001                  1.3714318165017607E+001                 -9.9000000000000000E+001 
                                     109                  9.9998213665900852E+000                  1.2135988755584863E+000                  4.6247234382306708E+000                 -8.1786114328750941E+000                  4.6676674419137658E+000                  7.5580000000000003E-001                  2.4279999999999988E-001                  1.4000000000000679E-003                  1.1331913547312486E-027                  0.0000000000000000E+000                  0.0000000000000000E+000                                        1                  1.3752392838004740E+001                  1.3752392838004740E+001                 -9.9000000000000000E+001 
                                     110                  9.9998213535743954E+000                  1.2135072041673365E+000                  4.6300136622591115E+000                 -8.1678432439675763E+000                  4.6850963555903418E+000                  7.5580000000000003E-001                  2.4279999999999988E-001                  1.4000000000000679E-003                  1.1616420028428681E-027                  0.0000000000000000E+000                  0.0000000000000000E+000                                        1                  1.3766325222941338E+001                  1.3766325222941338E+001                 -9.9000000000000000E+001 
                                     111                  9.9998213362201440E+000                  1.2133878820764614E+000                  4.6357365762706246E+000                 -8.1558306533541653E+000                  4.7042151186060259E+000                  7.5580000000000003E-001                  2.4279999999999988E-001                  1.4000000000000679E-003                  1.1942242224560340E-027                  0.0000000000000000E+000                  0.0000000000000000E+000                                        1                  1.3770504814487103E+001                  1.3770504814487103E+001                 -9.9000000000000000E+001 
                                     112                  9.9998213188658926E+000                  1.2132717207694335E+000                  4.6438406687460434E+000                 -8.1385659036174278E+000                  4.7314303910244568E+000                  7.5580000000000003E-001                  2.4279999999999988E-001                  1.4000000000000679E-003                  1.2426592450330515E-027                  0.0000000000000000E+000                  0.0000000000000000E+000                                        1                  1.3761019979839672E+001                  1.3761019979839672E+001                 -9.9000000000000000E+001 
                                     113                  9.9998212841573881E+000                  1.2130481905514061E+000                  4.6517905168298608E+000                 -8.1202709474732142E+000                  4.7591630937479756E+000                  7.5580000000000003E-001                  2.4279999999999988E-001                  1.4000000000000679E-003                  1.2961299845267768E-027                  0.0000000000000000E+000                  0.0000000000000000E+000                                        1                  1.3714374929180003E+001                  1.3714374929180003E+001                 -9.9000000000000000E+001 
                                     114                  9.9998212624645735E+000                  1.2129140815930468E+000                  4.6575233980461519E+000                 -8.1067608814569709E+000                  4.7793768322905175E+000                  7.5580000000000003E-001                  2.4279999999999988E-001                  1.4000000000000679E-003                  1.3370873702532359E-027                  0.0000000000000000E+000                  0.0000000000000000E+000                                        1                  1.3669195913682849E+001                  1.3669195913682849E+001                 -9.9000000000000000E+001 
                                     115                  9.9998212407717570E+000                  1.2127839615891440E+000                  4.6639879432609073E+000                 -8.0910966505699840E+000                  4.8024803304073806E+000                  7.5580000000000003E-001                  2.4279999999999988E-001                  1.4000000000000679E-003                  1.3861983853457292E-027                  0.0000000000000000E+000                  0.0000000000000000E+000                                        1                  1.3608764044296940E+001                  1.3608764044296940E+001                 -9.9000000000000000E+001 
                                     116                  9.9998212104018158E+000                  1.2126080611632526E+000                  4.6692206380062338E+000                 -8.0776663086957079E+000                  4.8217649408655081E+000                  7.5580000000000003E-001                  2.4279999999999988E-001                  1.4000000000000679E-003                  1.4297395334509485E-027                  0.0000000000000000E+000                  0.0000000000000000E+000                                        1                  1.3496444055150073E+001                  1.3496444055150073E+001                 -9.9000000000000000E+001 
                                     117                  9.9998211952168461E+000                  1.2125227121610955E+000                  4.6725700789569071E+000                 -8.0689779069112006E+000                  4.8341710771237985E+000                  7.5580000000000003E-001                  2.4279999999999988E-001                  1.4000000000000679E-003                  1.4586332558073029E-027                  0.0000000000000000E+000                  0.0000000000000000E+000                                        1                  1.3423266296175866E+001                  1.3423266296175866E+001                 -9.9000000000000000E+001 
                                     118                  9.9998211800318764E+000                  1.2124390048038263E+000                  4.6778564645040088E+000                 -8.0551488448249469E+000                  4.8538280800323630E+000                  7.5580000000000003E-001                  2.4279999999999988E-001                  1.4000000000000679E-003                  1.5058317016050546E-027                  0.0000000000000000E+000                  0.0000000000000000E+000                                        1                  1.3331451034431554E+001                  1.3331451034431554E+001                 -9.9000000000000000E+001 
                                     119                  9.9998211453233719E+000                  1.2122534978006985E+000                  4.6846504650535685E+000                 -8.0364466978543092E+000                  4.8798194716539731E+000                  7.5580000000000003E-001                  2.4279999999999988E-001                  1.4000000000000679E-003                  1.5721005621540593E-027                  0.0000000000000000E+000                  0.0000000000000000E+000                                        1                  1.2996912944488141E+001                  1.2996912944488141E+001                 -9.9000000000000000E+001 
                                     120                  9.9998211106148673E+000                  1.2120755865993980E+000                  4.6909493197735266E+000                 -8.0185050864891743E+000                  4.9043818942716113E+000                  7.5580000000000014E-001                  2.4279999999999988E-001                  1.3999999999999568E-003                  1.6384139582208271E-027                  0.0000000000000000E+000                  0.0000000000000000E+000                                        0                 -9.8999999999999986E+001                 -9.9000000000000000E+001                 -9.9000000000000000E+001 
                                     121                  9.9998210759063628E+000                  1.2119046697317555E+000                  4.6968187039718217E+000                 -8.0012781830473383E+000                  4.9276648467015010E+000                  7.5580000000000003E-001                  2.4279999999999985E-001                  1.4000000000000679E-003                  1.7047166895065117E-027                  0.0000000000000000E+000                  0.0000000000000000E+000                                        0                 -9.8999999999999986E+001                 -9.9000000000000000E+001                 -9.9000000000000000E+001 
                                     122                  9.9998210411978583E+000                  1.2117402094275742E+000                  4.7023125236345455E+000                 -7.9847220451375893E+000                  4.9497954937166346E+000                  7.5580000000000003E-001                  2.4279999999999988E-001                  1.4000000000000679E-003                  1.7709650385489672E-027                  0.0000000000000000E+000                  0.0000000000000000E+000                                        0                 -9.8999999999999986E+001                 -9.9000000000000000E+001                 -9.9000000000000000E+001 
                                     123                  9.9998210064893520E+000                  1.2115817239869728E+000                  4.7074754573065274E+000                 -7.9687946761327773E+000                  4.9708829087589512E+000                  7.5580000000000003E-001                  2.4279999999999990E-001                  1.4000000000000679E-003                  1.8371260732930675E-027                  0.0000000000000000E+000                  0.0000000000000000E+000                                        0                 -9.8999999999999986E+001                 -9.9000000000000000E+001                 -9.9000000000000000E+001 
                                     124                  9.9998209717808493E+000                  1.2114287811483428E+000                  4.7135530922195130E+000                 -7.9497774682973850E+000                  4.9959133639814581E+000                  7.5580000000000003E-001                  2.4279999999999990E-001                  1.4000000000000679E-003                  1.9193674393319543E-027                  0.0000000000000000E+000                  0.0000000000000000E+000                                        0                 -9.8999999999999986E+001                 -9.9000000000000000E+001                 -9.9000000000000000E+001 
                                     125                  9.9998209197180916E+000                  1.2112089129626740E+000                  4.7197251656028119E+000                 -7.9297231768708274E+000                  5.0219277549113999E+000                  7.5580000000000003E-001                  2.4279999999999996E-001                  1.4000000000000679E-003                  2.0100854600128841E-027                  0.0000000000000000E+000                  0.0000000000000000E+000                                        0                 -9.8999999999999986E+001                 -9.9000000000000000E+001                 -9.9000000000000000E+001 
                                     126                  9.9998208763324605E+000                  1.2110337188677207E+000                  4.7244653861841748E+000                 -7.9140259238074098E+000                  5.0421428249835021E+000                  7.5580000000000003E-001                  2.4279999999999993E-001                  1.4000000000000679E-003                  2.0840755526326059E-027                  0.0000000000000000E+000                  0.0000000000000000E+000                                        0                 -9.8999999999999986E+001                 -9.9000000000000000E+001                 -9.9000000000000000E+001 
                                     127                  9.9998208416239560E+000                  1.2108983938828832E+000                  4.7284796286937754E+000                 -7.9005901016432878E+000                  5.0593754288603154E+000                  7.5580000000000003E-001                  2.4279999999999996E-001                  1.4000000000000679E-003                  2.1495658155828559E-027                  0.0000000000000000E+000                  0.0000000000000000E+000                                        0                 -9.8999999999999986E+001                 -9.9000000000000000E+001                 -9.9000000000000000E+001 
                                     128                  9.9998208069154515E+000                  1.2107670704767659E+000                  4.7332680585370612E+000                 -7.8844493975551986E+000                  5.0800213629797382E+000                  7.5579999999999992E-001                  2.4279999999999988E-001                  1.4000000000001789E-003                  2.2309674908341698E-027                  0.0000000000000000E+000                  0.0000000000000000E+000                                        0                 -9.8999999999999986E+001                 -9.9000000000000000E+001                 -9.9000000000000000E+001 
                                     129                  9.9998207548526956E+000                  1.2105770612563662E+000                  4.7395521911267879E+000                 -7.8628958387407222E+000                  5.1074163464847411E+000                  7.5580000000000003E-001                  2.4279999999999988E-001                  1.4000000000000679E-003                  2.3444946417346546E-027                  0.0000000000000000E+000                  0.0000000000000000E+000                                        0                 -9.8999999999999986E+001                 -9.9000000000000000E+001                 -9.9000000000000000E+001 
                                     130                  9.9998206854356866E+000                  1.2103356224881781E+000                  4.7449548072610552E+000                 -7.8437805694160909E+000                  5.1314464783897575E+000                  7.5580000000000014E-001                  2.4279999999999988E-001                  1.3999999999999568E-003                  2.4500036556586331E-027                  0.0000000000000000E+000                  0.0000000000000000E+000                                        0                 -9.8999999999999986E+001                 -9.9000000000000000E+001                 -9.9000000000000000E+001 
                                     131                  9.9998206420500555E+000                  1.2101910283002819E+000                  4.7493114671708083E+000                 -7.8283763198549865E+000                  5.1508153259136042E+000                  7.5580000000000003E-001                  2.4279999999999988E-001                  1.4000000000000679E-003                  2.5384745026362746E-027                  0.0000000000000000E+000                  0.0000000000000000E+000                                        0                 -9.8999999999999986E+001                 -9.9000000000000000E+001                 -9.9000000000000000E+001 
                                     132                  9.9998205899872996E+000                  1.2100233811449239E+000                  4.7530746254398526E+000                 -7.8148468785424159E+000                  5.1677294205130941E+000                  7.5580000000000003E-001                  2.4279999999999990E-001                  1.4000000000000679E-003                  2.6188093049410185E-027                  0.0000000000000000E+000                  0.0000000000000000E+000                                        0                 -9.8999999999999986E+001                 -9.9000000000000000E+001                 -9.9000000000000000E+001 
                                     133                  9.9998205552787951E+000                  1.2099149411138825E+000                  4.7574314373221060E+000                 -7.7993040781573466E+000                  5.1872124385784284E+000                  7.5579999999999992E-001                  2.4279999999999988E-001                  1.4000000000001789E-003                  2.7142420725438903E-027                  0.0000000000000000E+000                  0.0000000000000000E+000                                        0                 -9.8999999999999986E+001                 -9.9000000000000000E+001                 -9.9000000000000000E+001 
                                     134                  9.9998204858617861E+000                  1.2097054557483780E+000                  4.7622155917773021E+000                 -7.7818437943253311E+000                  5.2089310136373541E+000                  7.5579999999999992E-001                  2.4279999999999988E-001                  1.4000000000001789E-003                  2.8256023285172850E-027                  0.0000000000000000E+000                  0.0000000000000000E+000                                        0                 -9.8999999999999986E+001                 -9.9000000000000000E+001                 -9.9000000000000000E+001 
                                     135                  9.9998204337990284E+000                  1.2095543449219008E+000                  4.7661352280523257E+000                 -7.7675168115858924E+000                  5.2267440512607690E+000                  7.5580000000000003E-001                  2.4279999999999993E-001                  1.4000000000000679E-003                  2.9203832072168307E-027                  0.0000000000000000E+000                  0.0000000000000000E+000                                        0                 -9.8999999999999986E+001                 -9.9000000000000000E+001                 -9.9000000000000000E+001 
                                     136                  9.9998203817362725E+000                  1.2094079874828054E+000                  4.7698924312565048E+000                 -7.7537135308209564E+000                  5.2438777962538206E+000                  7.5579999999999992E-001                  2.4279999999999988E-001                  1.4000000000001789E-003                  3.0147055831479584E-027                  0.0000000000000000E+000                  0.0000000000000000E+000                                        0                 -9.8999999999999986E+001                 -9.9000000000000000E+001                 -9.9000000000000000E+001 
                                     137                  9.9998203296735166E+000                  1.2092660673730258E+000                  4.7735007105883307E+000                 -7.7403984055601374E+000                  5.2603823153926408E+000                  7.5579999999999992E-001                  2.4279999999999993E-001                  1.4000000000001789E-003                  3.1085780525639170E-027                  0.0000000000000000E+000                  0.0000000000000000E+000                                        0                 -9.8999999999999986E+001                 -9.9000000000000000E+001                 -9.9000000000000000E+001 
                                     138                  9.9998202776107608E+000                  1.2091282993753707E+000                  4.7792698301470127E+000                 -7.7193179855175114E+000                  5.2866004363043890E+000                  7.5580000000000003E-001                  2.4279999999999993E-001                  1.4000000000000679E-003                  3.2632099444029817E-027                  0.0000000000000000E+000                  0.0000000000000000E+000                                        0                 -9.8999999999999986E+001                 -9.9000000000000000E+001                 -9.9000000000000000E+001 
                                     139                  9.9998201561309941E+000                  1.2088216010913038E+000                  4.7845976819286902E+000                 -7.6991540351480561E+000                  5.3113934742159108E+000                  7.5580000000000003E-001                  2.4279999999999993E-001                  1.4000000000000679E-003                  3.4183122195877331E-027                  0.0000000000000000E+000                  0.0000000000000000E+000                                        0                 -9.8999999999999986E+001                 -9.9000000000000000E+001                 -9.9000000000000000E+001 
                                     140                  9.9998201040682364E+000                  1.2086959346764747E+000                  4.7887028206408386E+000                 -7.6838841252002315E+000                  5.3302780973510853E+000                  7.5579999999999992E-001                  2.4279999999999988E-001                  1.4000000000001789E-003                  3.5406563059655373E-027                  0.0000000000000000E+000                  0.0000000000000000E+000                                        0                 -9.8999999999999986E+001                 -9.9000000000000000E+001                 -9.9000000000000000E+001 
                                     141                  9.9998200172969760E+000                  1.2084934975339752E+000                  4.7929645767414017E+000                 -7.6678094948685560E+000                  5.3500703099668749E+000                  7.5580000000000003E-001                  2.4279999999999990E-001                  1.4000000000000679E-003                  3.6741822028759766E-027                  0.0000000000000000E+000                  0.0000000000000000E+000                                        0                 -9.8999999999999986E+001                 -9.9000000000000000E+001                 -9.9000000000000000E+001 
                                     142                  9.9998199522185303E+000                  1.2083470101460096E+000                  4.7971762663661295E+000                 -7.6520178512094468E+000                  5.3695542961461440E+000                  7.5580000000000014E-001                  2.4279999999999988E-001                  1.3999999999999568E-003                  3.8102600862011949E-027                  0.0000000000000000E+000                  0.0000000000000000E+000                                        0                 -9.8999999999999986E+001                 -9.9000000000000000E+001                 -9.9000000000000000E+001 
                                     143                  9.9998198611087066E+000                  1.2081490155509895E+000                  4.8021797509075510E+000                 -7.6331645236397243E+000                  5.3927821215821394E+000                  7.5580000000000014E-001                  2.4279999999999985E-001                  1.4000000000000679E-003                  3.9793371472549914E-027                  0.0000000000000000E+000                  0.0000000000000000E+000                                        0                 -9.8999999999999986E+001                 -9.9000000000000000E+001                 -9.9000000000000000E+001 
                                     144                  9.9998197569831930E+000                  1.2079320381987080E+000                  4.8068138278572228E+000                 -7.6155882759684701E+000                  5.4143945439554839E+000                  7.5580000000000014E-001                  2.4279999999999985E-001                  1.4000000000000679E-003                  4.1437127051846409E-027                  0.0000000000000000E+000                  0.0000000000000000E+000                                        0                 -9.8999999999999986E+001                 -9.9000000000000000E+001                 -9.9000000000000000E+001 
                                     145                  9.9998196702119326E+000                  1.2077581607703698E+000                  4.8108458288466149E+000                 -7.6003220560104507E+000                  5.4331798536012803E+000                  7.5580000000000003E-001                  2.4279999999999990E-001                  1.4000000000000679E-003                  4.2919850967334490E-027                  0.0000000000000000E+000                  0.0000000000000000E+000                                        0                 -9.8999999999999986E+001                 -9.9000000000000000E+001                 -9.9000000000000000E+001 
                                     146                  9.9998195834406705E+000                  1.2075900908822230E+000                  4.8166352160694235E+000                 -7.5786413020852024E+000                  5.4599570860304389E+000                  7.5579999999999992E-001                  2.4279999999999996E-001                  1.4000000000000679E-003                  4.5117223534713097E-027                  0.0000000000000000E+000                  0.0000000000000000E+000                                        0                 -9.8999999999999986E+001                 -9.9000000000000000E+001                 -9.9000000000000000E+001 
                                     147                  9.9998194098981479E+000                  1.2072697800250105E+000                  4.8223722949743184E+000                 -7.5566933041220512E+000                  5.4868861776179125E+000                  7.5580000000000003E-001                  2.4279999999999993E-001                  1.4000000000000679E-003                  4.7456302726897495E-027                  0.0000000000000000E+000                  0.0000000000000000E+000                                        0                 -9.8999999999999986E+001                 -9.9000000000000000E+001                 -9.9000000000000000E+001 
                                     148                  9.9998193057726343E+000                  1.2070867467764077E+000                  4.8258031650138911E+000                 -7.5436396447444540E+000                  5.5029330621748542E+000                  7.5580000000000003E-001                  2.4279999999999988E-001                  1.4000000000000679E-003                  4.8904599293866485E-027                  0.0000000000000000E+000                  0.0000000000000000E+000                                        0                 -9.8999999999999986E+001                 -9.9000000000000000E+001                 -9.9000000000000000E+001 
                                     149                  9.9998192363556253E+000                  1.2069682142789715E+000                  4.8284704910794121E+000                 -7.5335385400204453E+000                  5.5153702634766022E+000                  7.5580000000000003E-001                  2.4279999999999988E-001                  1.4000000000000679E-003                  5.0055579323406859E-027                  0.0000000000000000E+000                  0.0000000000000000E+000                                        0                 -9.8999999999999986E+001                 -9.9000000000000000E+001                 -9.9000000000000000E+001 
                                     150                  9.9998191669386163E+000                  1.2068523130659552E+000                  4.8317133003285058E+000                 -7.5213111084780779E+000                  5.5304478529084760E+000                  7.5579999999999992E-001                  2.4279999999999993E-001                  1.4000000000001789E-003                  5.1485150505659079E-027                  0.0000000000000000E+000                  0.0000000000000000E+000                                        0                 -9.8999999999999986E+001                 -9.9000000000000000E+001                 -9.9000000000000000E+001 
                                     151                  9.9998190628131027E+000                  1.2066831212174676E+000                  4.8360791376005743E+000                 -7.5048549875676898E+000                  5.5507448461384765E+000                  7.5579999999999992E-001                  2.4279999999999996E-001                  1.4000000000000679E-003                  5.3473785560291782E-027                  0.0000000000000000E+000                  0.0000000000000000E+000                                        0                 -9.8999999999999986E+001                 -9.9000000000000000E+001                 -9.9000000000000000E+001 
                                     152                  9.9998189239790847E+000                  1.2064656298320608E+000                  4.8414206394894173E+000                 -7.4847373139043238E+000                  5.5755685283735286E+000                  7.5579999999999992E-001                  2.4279999999999988E-001                  1.4000000000001789E-003                  5.6009555696219749E-027                  0.0000000000000000E+000                  0.0000000000000000E+000                                        0                 -9.8999999999999986E+001                 -9.9000000000000000E+001                 -9.9000000000000000E+001 
                                     153                  9.9998187504365639E+000                  1.2062056434513693E+000                  4.8468838982627354E+000                 -7.4641060173231821E+000                  5.6010094573435172E+000                  7.5580000000000003E-001                  2.4279999999999993E-001                  1.4000000000000679E-003                  5.8735020328838017E-027                  0.0000000000000000E+000                  0.0000000000000000E+000                                        0                 -9.8999999999999986E+001                 -9.9000000000000000E+001                 -9.9000000000000000E+001 
                                     154                  9.9998185855711661E+000                  1.2059697114809911E+000                  4.8514075535113870E+000                 -7.4470226874209589E+000                  5.6220790074323785E+000                  7.5580000000000003E-001                  2.4279999999999990E-001                  1.4000000000000679E-003                  6.1091893129890356E-027                  0.0000000000000000E+000                  0.0000000000000000E+000                                        0                 -9.8999999999999986E+001                 -9.9000000000000000E+001                 -9.9000000000000000E+001 
                                     155                  9.9998184554142746E+000                  1.2057903768997402E+000                  4.8566421171312557E+000                 -7.4275231601211349E+000                  5.6462364329087640E+000                  7.5579999999999992E-001                  2.4279999999999993E-001                  1.4000000000001789E-003                  6.3897925581264851E-027                  0.0000000000000000E+000                  0.0000000000000000E+000                                        0                 -9.8999999999999986E+001                 -9.9000000000000000E+001                 -9.9000000000000000E+001 
                                     156                  9.9998182298089962E+000                  1.2054926883772505E+000                  4.8612105638643186E+000                 -7.4102453536347284E+000                  5.6675433872694114E+000                  7.5580000000000003E-001                  2.4279999999999990E-001                  1.4000000000000679E-003                  6.6491765940644058E-027                  0.0000000000000000E+000                  0.0000000000000000E+000                                        0                 -9.8999999999999986E+001                 -9.9000000000000000E+001                 -9.9000000000000000E+001 
                                     157                  9.9998181256834826E+000                  1.2053604562073681E+000                  4.8658681765959875E+000                 -7.3930395313142512E+000                  5.6889221968112755E+000                  7.5580000000000003E-001                  2.4279999999999993E-001                  1.4000000000000679E-003                  6.9179440208514838E-027                  0.0000000000000000E+000                  0.0000000000000000E+000                                        0                 -9.8999999999999986E+001                 -9.9000000000000000E+001                 -9.9000000000000000E+001 
                                     158                  9.9998178827239510E+000                  1.2050634593389487E+000                  4.8704834081237687E+000                 -7.3757084945207332E+000                  5.7103490197519138E+000                  7.5580000000000014E-001                  2.4279999999999990E-001                  1.3999999999999568E-003                  7.1996523460059469E-027                  0.0000000000000000E+000                  0.0000000000000000E+000                                        0                 -9.8999999999999986E+001                 -9.9000000000000000E+001                 -9.9000000000000000E+001 
                                     159                  9.9998177612441861E+000                  1.2049205532444163E+000                  4.8734662107427429E+000                 -7.3646404567286110E+000                  5.7240857169069148E+000                  7.5580000000000003E-001                  2.4279999999999985E-001                  1.4000000000000679E-003                  7.3855322738124781E-027                  0.0000000000000000E+000                  0.0000000000000000E+000                                        0                 -9.8999999999999986E+001                 -9.9000000000000000E+001                 -9.9000000000000000E+001 
                                     160                  9.9998176397644212E+000                  1.2047811071863641E+000                  4.8773961838172895E+000                 -7.3501801011592525E+000                  5.7420821377485094E+000                  7.5580000000000014E-001                  2.4279999999999985E-001                  1.4000000000000679E-003                  7.6356343159376357E-027                  0.0000000000000000E+000                  0.0000000000000000E+000                                        0                 -9.8999999999999986E+001                 -9.9000000000000000E+001                 -9.9000000000000000E+001 
                                     161                  9.9998174315133941E+000                  1.2045495887879043E+000                  4.8821395449068872E+000                 -7.3326833580848136E+000                  5.7638430364578888E+000                  7.5580000000000003E-001                  2.4279999999999990E-001                  1.4000000000000679E-003                  7.9496044223350156E-027                  0.0000000000000000E+000                  0.0000000000000000E+000                                        0                 -9.8999999999999986E+001                 -9.9000000000000000E+001                 -9.9000000000000000E+001 
                                     162                  9.9998172232623670E+000                  1.2043268631887536E+000                  4.8859246302341974E+000                 -7.3187158849136642E+000                  5.7812145142546267E+000                  7.5579999999999992E-001                  2.4279999999999999E-001                  1.4000000000000679E-003                  8.2094859101568841E-027                  0.0000000000000000E+000                  0.0000000000000000E+000                                        0                 -9.8999999999999986E+001                 -9.9000000000000000E+001                 -9.9000000000000000E+001 
                                     163                  9.9998170844283489E+000                  1.2041828966820531E+000                  4.8895977228226375E+000                 -7.3053188269081053E+000                  5.7979395284206534E+000                  7.5579999999999992E-001                  2.4279999999999996E-001                  1.4000000000000679E-003                  8.4667339630550501E-027                  0.0000000000000000E+000                  0.0000000000000000E+000                                        0                 -9.8999999999999986E+001                 -9.9000000000000000E+001                 -9.9000000000000000E+001 
                                     164                  9.9998168761773236E+000                  1.2039732509303789E+000                  4.8945340534886732E+000                 -7.2873777227750516E+000                  5.8203647416079045E+000                  7.5580000000000003E-001                  2.4279999999999996E-001                  1.4000000000000679E-003                  8.8239078466893584E-027                  0.0000000000000000E+000                  0.0000000000000000E+000                                        0                 -9.8999999999999986E+001                 -9.9000000000000000E+001                 -9.9000000000000000E+001 
                                     165                  9.9998165985092875E+000                  1.2037045920929199E+000                  4.8985618463124947E+000                 -7.2726386340311624E+000                  5.8387502179356234E+000                  7.5580000000000003E-001                  2.4279999999999999E-001                  1.3999999999999568E-003                  9.1285827247286822E-027                  0.0000000000000000E+000                  0.0000000000000000E+000                                        0                 -9.8999999999999986E+001                 -9.9000000000000000E+001                 -9.9000000000000000E+001 
                                     166                  9.9998164596752694E+000                  1.2035745661171247E+000                  4.9024793568784384E+000                 -7.2585652000065721E+000                  5.8564095825805254E+000                  7.5580000000000003E-001                  2.4279999999999993E-001                  1.4000000000000679E-003                  9.4293117798224155E-027                  0.0000000000000000E+000                  0.0000000000000000E+000                                        0                 -9.8999999999999986E+001                 -9.9000000000000000E+001                 -9.9000000000000000E+001 
                                     167                  9.9998161820072351E+000                  1.2033224736777923E+000                  4.9087055522121377E+000                 -7.2362935354384650E+000                  5.8843970459947119E+000                  7.5580000000000003E-001                  2.4279999999999999E-001                  1.3999999999999568E-003                  9.9256016520158948E-027                  0.0000000000000000E+000                  0.0000000000000000E+000                                        0                 -9.8999999999999986E+001                 -9.9000000000000000E+001                 -9.9000000000000000E+001 
                                     168                  9.9998157655051809E+000                  1.2029624778308929E+000                  4.9151261294959756E+000                 -7.2132519196952023E+000                  5.9133260070158808E+000                  7.5579999999999992E-001                  2.4279999999999999E-001                  1.4000000000000679E-003                  1.0466559784884403E-026                  0.0000000000000000E+000                  0.0000000000000000E+000                                        0                 -9.8999999999999986E+001                 -9.9000000000000000E+001                 -9.9000000000000000E+001 
                                     169                  9.9998154184201375E+000                  1.2026773481955262E+000                  4.9195629885188588E+000                 -7.1973884578149274E+000                  5.9332683922830958E+000                  7.5580000000000003E-001                  2.4279999999999993E-001                  1.4000000000000679E-003                  1.0856036457838543E-026                  0.0000000000000000E+000                  0.0000000000000000E+000                                        0                 -9.8999999999999986E+001                 -9.9000000000000000E+001                 -9.9000000000000000E+001 
                                     170                  9.9998152101691105E+000                  1.2025121498529401E+000                  4.9233247348284168E+000                 -7.1841197721335268E+000                  5.9500220312934520E+000                  7.5580000000000003E-001                  2.4279999999999993E-001                  1.4000000000000679E-003                  1.1192916726331352E-026                  0.0000000000000000E+000                  0.0000000000000000E+000                                        0                 -9.8999999999999986E+001                 -9.9000000000000000E+001                 -9.9000000000000000E+001 
                                     171                  9.9998149325010743E+000                  1.2022982332993200E+000                  4.9274659316709153E+000                 -7.1695378672566603E+000                  5.9684451330202171E+000                  7.5580000000000003E-001                  2.4279999999999993E-001                  1.4000000000000679E-003                  1.1575209382967928E-026                  0.0000000000000000E+000                  0.0000000000000000E+000                                        0                 -9.8999999999999986E+001                 -9.9000000000000000E+001                 -9.9000000000000000E+001 
                                     172                  9.9998146548330382E+000                  1.2020910789303978E+000                  4.9319555341012018E+000                 -7.1538507368898907E+000                  5.9883148711543388E+000                  7.5579999999999992E-001                  2.4279999999999996E-001                  1.4000000000000679E-003                  1.2001071196079037E-026                  0.0000000000000000E+000                  0.0000000000000000E+000                                        0                 -9.8999999999999986E+001                 -9.9000000000000000E+001                 -9.9000000000000000E+001 
                                     173                  9.9998143077479948E+000                  1.2018409275398561E+000                  4.9386307187387821E+000                 -7.1308426739254456E+000                  6.0175875665168563E+000                  7.5579999999999992E-001                  2.4279999999999996E-001                  1.4000000000000679E-003                  1.2654183058437121E-026                  0.0000000000000000E+000                  0.0000000000000000E+000                                        0                 -9.8999999999999986E+001                 -9.9000000000000000E+001                 -9.9000000000000000E+001 
                                     174                  9.9998136829949154E+000                  1.2014128873512802E+000                  4.9453026002236289E+000                 -7.1076499185334594E+000                  6.0470172765566561E+000                  7.5580000000000003E-001                  2.4279999999999990E-001                  1.4000000000000679E-003                  1.3348520031582327E-026                  0.0000000000000000E+000                  0.0000000000000000E+000                                        0                 -9.8999999999999986E+001                 -9.9000000000000000E+001                 -9.9000000000000000E+001 
                                     175                  9.9998132664928630E+000                  1.2011417124756940E+000                  4.9503948924687275E+000                 -7.0902058304306106E+000                  6.0692586071069785E+000                  7.5580000000000003E-001                  2.4279999999999996E-001                  1.4000000000000679E-003                  1.3895750788962499E-026                  0.0000000000000000E+000                  0.0000000000000000E+000                                        0                 -9.8999999999999986E+001                 -9.9000000000000000E+001                 -9.9000000000000000E+001 
                                     176                  9.9998128499908088E+000                  1.2008807346580153E+000                  4.9544623754883155E+000                 -7.0762981603926054E+000                  6.0870024657837858E+000                  7.5579999999999992E-001                  2.4279999999999993E-001                  1.4000000000001789E-003                  1.4348073475519303E-026                  0.0000000000000000E+000                  0.0000000000000000E+000                                        0                 -9.8999999999999986E+001                 -9.9000000000000000E+001                 -9.9000000000000000E+001 
                                     177                  9.9998125723227744E+000                  1.2007119825155688E+000                  4.9588039960419987E+000                 -7.0616802299608690E+000                  6.1057467211563505E+000                  7.5580000000000003E-001                  2.4279999999999993E-001                  1.4000000000000679E-003                  1.4839377901165000E-026                  0.0000000000000000E+000                  0.0000000000000000E+000                                        0                 -9.8999999999999986E+001                 -9.9000000000000000E+001                 -9.9000000000000000E+001 
                                     178                  9.9998120864037112E+000                  1.2004259920983431E+000                  4.9638505708367875E+000                 -7.0446657943792967E+000                  6.1275551792204848E+000                  7.5580000000000003E-001                  2.4279999999999993E-001                  1.4000000000000679E-003                  1.5432456999383251E-026                  0.0000000000000000E+000                  0.0000000000000000E+000                                        0                 -9.8999999999999986E+001                 -9.9000000000000000E+001                 -9.9000000000000000E+001 
                                     179                  9.9998116438702809E+000                  1.2001750782869489E+000                  4.9686948301578955E+000                 -7.0284751187514170E+000                  6.1483675827836910E+000                  7.5579999999999992E-001                  2.4280000000000004E-001                  1.4000000000000679E-003                  1.6018820957798139E-026                  0.0000000000000000E+000                  0.0000000000000000E+000                                        0                 -9.8999999999999986E+001                 -9.9000000000000000E+001                 -9.9000000000000000E+001 
                                     180                  9.9998111579512177E+000                  1.1999091730047464E+000                  4.9729952965202537E+000                 -7.0141318549922405E+000                  6.1668183556687861E+000                  7.5579999999999992E-001                  2.4280000000000002E-001                  1.4000000000000679E-003                  1.6556866038336578E-026                  0.0000000000000000E+000                  0.0000000000000000E+000                                        0                 -9.8999999999999986E+001                 -9.9000000000000000E+001                 -9.9000000000000000E+001 
                                     181                  9.9998107848347946E+000                  1.1997113121841612E+000                  4.9769912452715124E+000                 -7.0009391853864518E+000                  6.1838462101631668E+000                  7.5579999999999992E-001                  2.4279999999999999E-001                  1.4000000000000679E-003                  1.7067693874065048E-026                  0.0000000000000000E+000                  0.0000000000000000E+000                                        0                 -9.8999999999999986E+001                 -9.9000000000000000E+001                 -9.9000000000000000E+001 
                                     182                  9.9998103336242359E+000                  1.1994788525809776E+000                  4.9816155837089271E+000                 -6.9857590045264590E+000                  6.2034767677584464E+000                  7.5579999999999992E-001                  2.4279999999999999E-001                  1.4000000000000679E-003                  1.7675013358900222E-026                  0.0000000000000000E+000                  0.0000000000000000E+000                                        0                 -9.8999999999999986E+001                 -9.9000000000000000E+001                 -9.9000000000000000E+001 
                                     183                  9.9998097956424186E+000                  1.1992107466076332E+000                  4.9859017947846871E+000                 -6.9717067945378099E+000                  6.2216567257035900E+000                  7.5579999999999992E-001                  2.4280000000000002E-001                  1.4000000000000679E-003                  1.8256453215524936E-026                  0.0000000000000000E+000                  0.0000000000000000E+000                                        0                 -9.8999999999999986E+001                 -9.9000000000000000E+001                 -9.9000000000000000E+001 
                                     184                  9.9998093791403644E+000                  1.1990094632172126E+000                  4.9895270464553398E+000                 -6.9599158813674018E+000                  6.2369516856475267E+000                  7.5580000000000003E-001                  2.4280000000000002E-001                  1.3999999999999568E-003                  1.8759061597384435E-026                  0.0000000000000000E+000                  0.0000000000000000E+000                                        0                 -9.8999999999999986E+001                 -9.9000000000000000E+001                 -9.9000000000000000E+001 
                                     185                  9.9998089626383120E+000                  1.1988133019788108E+000                  4.9936295986046595E+000                 -6.9466758855687889E+000                  6.2541710297768596E+000                  7.5579999999999992E-001                  2.4280000000000002E-001                  1.4000000000000679E-003                  1.9339953249363900E-026                  0.0000000000000000E+000                  0.0000000000000000E+000                                        0                 -9.8999999999999986E+001                 -9.9000000000000000E+001                 -9.9000000000000000E+001 
                                     186                  9.9998084073022415E+000                  1.1985592121448010E+000                  4.9982852185401079E+000                 -6.9316988859357798E+000                  6.2736704384233350E+000                  7.5579999999999992E-001                  2.4280000000000002E-001                  1.4000000000000679E-003                  2.0018769535453789E-026                  0.0000000000000000E+000                  0.0000000000000000E+000                                        0                 -9.8999999999999986E+001                 -9.9000000000000000E+001                 -9.9000000000000000E+001 
                                     187                  9.9998078172576648E+000                  1.1982979284638933E+000                  5.0031682848257919E+000                 -6.9160889459353436E+000                  6.2940370501446417E+000                  7.5579999999999992E-001                  2.4280000000000004E-001                  1.4000000000000679E-003                  2.0751647473909238E-026                  0.0000000000000000E+000                  0.0000000000000000E+000                                        0                 -9.8999999999999986E+001                 -9.9000000000000000E+001                 -9.9000000000000000E+001 
                                     188                  9.9998071577960825E+000                  1.1980156860325881E+000                  5.0079826967663905E+000                 -6.9007530557173533E+000                  6.3140701603385470E+000                  7.5579999999999992E-001                  2.4280000000000002E-001                  1.4000000000000679E-003                  2.1497785861681122E-026                  0.0000000000000000E+000                  0.0000000000000000E+000                                        0                 -9.8999999999999986E+001                 -9.9000000000000000E+001                 -9.9000000000000000E+001 
                                     189                  9.9998065330430013E+000                  1.1977570931409511E+000                  5.0129885455857348E+000                 -6.8849408024372343E+000                  6.3347841977334367E+000                  7.5580000000000003E-001                  2.4279999999999999E-001                  1.3999999999999568E-003                  2.2295206964596758E-026                  0.0000000000000000E+000                  0.0000000000000000E+000                                        0                 -9.8999999999999986E+001                 -9.9000000000000000E+001                 -9.9000000000000000E+001 
                                     190                  9.9998057694559037E+000                  1.1974517414009040E+000                  5.0189699786007846E+000                 -6.8661711542187049E+000                  6.3594274758700751E+000                  7.5579999999999992E-001                  2.4280000000000002E-001                  1.4000000000000679E-003                  2.3280260883106540E-026                  0.0000000000000000E+000                  0.0000000000000000E+000                                        0                 -9.8999999999999986E+001                 -9.9000000000000000E+001                 -9.9000000000000000E+001 
                                     191                  9.9998047976254050E+000                  1.1970786800371114E+000                  5.0260710440692238E+000                 -6.8440331392332139E+000                  6.3885578328887922E+000                  7.5580000000000003E-001                  2.4279999999999999E-001                  1.3999999999999568E-003                  2.4498186188718543E-026                  0.0000000000000000E+000                  0.0000000000000000E+000                                        0                 -9.8999999999999986E+001                 -9.9000000000000000E+001                 -9.9000000000000000E+001 
                                     192                  9.9998035944066928E+000                  1.1966385144302778E+000                  5.0314800754161082E+000                 -6.8270539495759799E+000                  6.4108481157025681E+000                  7.5580000000000003E-001                  2.4279999999999993E-001                  1.4000000000000679E-003                  2.5475308548463316E-026                  0.0000000000000000E+000                  0.0000000000000000E+000                                        0                 -9.8999999999999986E+001                 -9.9000000000000000E+001                 -9.9000000000000000E+001 
                                     193                  9.9998030390749797E+000                  1.1964427206521513E+000                  5.0347957914037034E+000                 -6.8167947019290640E+000                  6.4243826235430115E+000                  7.5579999999999992E-001                  2.4279999999999993E-001                  1.4000000000001789E-003                  2.6084504210357143E-026                  0.0000000000000000E+000                  0.0000000000000000E+000                                        0                 -9.8999999999999986E+001                 -9.9000000000000000E+001                 -9.9000000000000000E+001 
                                     194                  9.9998024837473700E+000                  1.1962512433332966E+000                  5.0374873608644704E+000                 -6.8084695333238523E+000                  6.4353669163406613E+000                  7.5579999999999992E-001                  2.4279999999999996E-001                  1.4000000000000679E-003                  2.6589547236706607E-026                  0.0000000000000000E+000                  0.0000000000000000E+000                                        0                 -9.8999999999999986E+001                 -9.9000000000000000E+001                 -9.9000000000000000E+001 
                                     195                  9.9998021135289630E+000                  1.1961258783660487E+000                  5.0409182946607372E+000                 -6.7979833902537310E+000                  6.4492591378577284E+000                  7.5579999999999992E-001                  2.4279999999999999E-001                  1.4000000000000679E-003                  2.7239626182933029E-026                  0.0000000000000000E+000                  0.0000000000000000E+000                                        0                 -9.8999999999999986E+001                 -9.9000000000000000E+001                 -9.9000000000000000E+001 
                                     196                  9.9998012805375502E+000                  1.1958501546344336E+000                  5.0457500485714659E+000                 -6.7831918165652487E+000                  6.4688443290794240E+000                  7.5579999999999992E-001                  2.4279999999999999E-001                  1.4000000000000679E-003                  2.8183733565750089E-026                  0.0000000000000000E+000                  0.0000000000000000E+000                                        0                 -9.8999999999999986E+001                 -9.9000000000000000E+001                 -9.9000000000000000E+001 
                                     197                  9.9998003549915353E+000                  1.1955534675298025E+000                  5.0501482255787069E+000                 -6.7697350919769574E+000                  6.4866655137709088E+000                  7.5579999999999992E-001                  2.4279999999999996E-001                  1.4000000000000679E-003                  2.9071043352702492E-026                  0.0000000000000000E+000                  0.0000000000000000E+000                                        0                 -9.8999999999999986E+001                 -9.9000000000000000E+001                 -9.9000000000000000E+001 
                                     198                  9.9997996145547230E+000                  1.1953229400062988E+000                  5.0541699621989400E+000                 -6.7575187970975197E+000                  6.5028843120374340E+000                  7.5580000000000003E-001                  2.4279999999999999E-001                  1.3999999999999568E-003                  2.9900734753932996E-026                  0.0000000000000000E+000                  0.0000000000000000E+000                                        0                 -9.8999999999999986E+001                 -9.9000000000000000E+001                 -9.9000000000000000E+001 
                                     199                  9.9997987815692309E+000                  1.1950703707064139E+000                  5.0589766650832741E+000                 -6.7430015164264336E+000                  6.5221962045029747E+000                  7.5580000000000003E-001                  2.4279999999999999E-001                  1.3999999999999568E-003                  3.0917552737005199E-026                  0.0000000000000000E+000                  0.0000000000000000E+000                                        0                 -9.8999999999999986E+001                 -9.9000000000000000E+001                 -9.9000000000000000E+001 
                                     200                  9.9997976673253479E+000                  1.1947429727116088E+000                  5.0642612220431653E+000                 -6.7270485909281517E+000                  6.5434213712290257E+000                  7.5580000000000003E-001                  2.4280000000000002E-001                  1.3999999999999568E-003                  3.2074855654289330E-026                  0.0000000000000000E+000                  0.0000000000000000E+000                                        0                 -9.8999999999999986E+001                 -9.9000000000000000E+001                 -9.9000000000000000E+001 
                                     201                  9.9997965458883389E+000                  1.1944246362961222E+000                  5.0693423262670558E+000                 -6.7117675498815013E+000                  6.5637791989609475E+000                  7.5579999999999992E-001                  2.4280000000000002E-001                  1.4000000000000679E-003                  3.3224026207703266E-026                  0.0000000000000000E+000                  0.0000000000000000E+000                                        0                 -9.8999999999999986E+001                 -9.9000000000000000E+001                 -9.9000000000000000E+001 
                                     202                  9.9997954244513299E+000                  1.1941166405029691E+000                  5.0742205133526426E+000                 -6.6971482288797679E+000                  6.5832792678638379E+000                  7.5579999999999992E-001                  2.4280000000000002E-001                  1.4000000000000679E-003                  3.4361959078306987E-026                  0.0000000000000000E+000                  0.0000000000000000E+000                                        0                 -9.8999999999999986E+001                 -9.9000000000000000E+001                 -9.9000000000000000E+001 
                                     203                  9.9997943030223535E+000                  1.1938182177131718E+000                  5.0789114116536060E+000                 -6.6831352540693487E+000                  6.6019914736152190E+000                  7.5579999999999992E-001                  2.4279999999999999E-001                  1.4000000000000679E-003                  3.5489269762299333E-026                  0.0000000000000000E+000                  0.0000000000000000E+000                                        0                 -9.8999999999999986E+001                 -9.9000000000000000E+001                 -9.9000000000000000E+001 
                                     204                  9.9997931815933772E+000                  1.1935286827918092E+000                  5.0834289143263263E+000                 -6.6696798606426384E+000                  6.6199775523168309E+000                  7.5580000000000003E-001                  2.4279999999999990E-001                  1.4000000000000679E-003                  3.6606522739826017E-026                  0.0000000000000000E+000                  0.0000000000000000E+000                                        0                 -9.8999999999999986E+001                 -9.9000000000000000E+001                 -9.9000000000000000E+001 
                                     205                  9.9997920601643990E+000                  1.1932474268220308E+000                  5.0885070249791076E+000                 -6.6546508790371419E+000                  6.6401120187202842E+000                  7.5580000000000003E-001                  2.4279999999999990E-001                  1.4000000000000679E-003                  3.7896080454604855E-026                  0.0000000000000000E+000                  0.0000000000000000E+000                                        0                 -9.8999999999999986E+001                 -9.9000000000000000E+001                 -9.9000000000000000E+001 
                                     206                  9.9997905649257639E+000                  1.1928843672159088E+000                  5.0940515111646256E+000                 -6.6382292808303172E+000                  6.6621063615265230E+000                  7.5580000000000003E-001                  2.4279999999999996E-001                  1.4000000000000679E-003                  3.9357136760252581E-026                  0.0000000000000000E+000                  0.0000000000000000E+000                                        0                 -9.8999999999999986E+001                 -9.9000000000000000E+001                 -9.9000000000000000E+001 
                                     207                  9.9997890696963108E+000                  1.1925339189330446E+000                  5.0993551296747945E+000                 -6.6225658149648723E+000                  6.6831063152482288E+000                  7.5580000000000003E-001                  2.4279999999999999E-001                  1.3999999999999568E-003                  4.0803211736442178E-026                  0.0000000000000000E+000                  0.0000000000000000E+000                                        0                 -9.8999999999999986E+001                 -9.9000000000000000E+001                 -9.9000000000000000E+001 
                                     208                  9.9997875744668594E+000                  1.1921950791386706E+000                  5.1038058451297701E+000                 -6.6094117957469791E+000                  6.7007373848124754E+000                  7.5580000000000003E-001                  2.4279999999999990E-001                  1.4000000000000679E-003                  4.2058586704520182E-026                  0.0000000000000000E+000                  0.0000000000000000E+000                                        0                 -9.8999999999999986E+001                 -9.9000000000000000E+001                 -9.9000000000000000E+001 
                                     209                  9.9997864530447682E+000                  1.1919480316001454E+000                  5.1075023961882007E+000                 -6.5985421005529741E+000                  6.7153327542790882E+000                  7.5580000000000003E-001                  2.4279999999999990E-001                  1.4000000000000679E-003                  4.3125054191068285E-026                  0.0000000000000000E+000                  0.0000000000000000E+000                                        0                 -9.8999999999999986E+001                 -9.9000000000000000E+001                 -9.9000000000000000E+001 
                                     210                  9.9997853316282761E+000                  1.1917066849573323E+000                  5.1128722293137008E+000                 -6.5829177275486543E+000                  6.7363909764840022E+000                  7.5580000000000003E-001                  2.4279999999999988E-001                  1.4000000000000679E-003                  4.4705580407488081E-026                  0.0000000000000000E+000                  0.0000000000000000E+000                                        0                 -9.8999999999999986E+001                 -9.9000000000000000E+001                 -9.9000000000000000E+001 
                                     211                  9.9997830887952901E+000                  1.1912399085129257E+000                  5.1196454145833838E+000                 -6.5630637656844248E+000                  6.7630797227770207E+000                  7.5580000000000003E-001                  2.4279999999999985E-001                  1.4000000000000679E-003                  4.6797828183239064E-026                  0.0000000000000000E+000                  0.0000000000000000E+000                                        0                 -9.8999999999999986E+001                 -9.9000000000000000E+001                 -9.9000000000000000E+001 
                                     212                  9.9997808459623041E+000                  1.1907925804526158E+000                  5.1249975921074373E+000                 -6.5473203552290071E+000                  6.7842168092871633E+000                  7.5580000000000003E-001                  2.4279999999999988E-001                  1.4000000000000679E-003                  4.8526302469221292E-026                  0.0000000000000000E+000                  0.0000000000000000E+000                                        0                 -9.8999999999999986E+001                 -9.9000000000000000E+001                 -9.9000000000000000E+001 
                                     213                  9.9997793507710657E+000                  1.1905042529142653E+000                  5.1291278364761093E+000                 -6.5352523261547306E+000                  6.8004577632297520E+000                  7.5580000000000003E-001                  2.4279999999999982E-001                  1.4000000000001789E-003                  4.9894368713816504E-026                  0.0000000000000000E+000                  0.0000000000000000E+000                                        0                 -9.8999999999999986E+001                 -9.9000000000000000E+001                 -9.9000000000000000E+001 
                                     214                  9.9997778555798291E+000                  1.1902232750825839E+000                  5.1321262858289698E+000                 -6.5264523445115445E+000                  6.8122820758478246E+000                  7.5580000000000003E-001                  2.4279999999999977E-001                  1.4000000000001789E-003                  5.0916221180180467E-026                  0.0000000000000000E+000                  0.0000000000000000E+000                                        0                 -9.8999999999999986E+001                 -9.9000000000000000E+001                 -9.9000000000000000E+001 
                                     215                  9.9997771079842117E+000                  1.1900854048833436E+000                  5.1355574260721406E+000                 -6.5165135173702069E+000                  6.8256988996566763E+000                  7.5580000000000014E-001                  2.4279999999999985E-001                  1.4000000000000679E-003                  5.2095510793231047E-026                  0.0000000000000000E+000                  0.0000000000000000E+000                                        0                 -9.8999999999999986E+001                 -9.9000000000000000E+001                 -9.9000000000000000E+001 
                                     216                  9.9997752389951646E+000                  1.1897479742912311E+000                  5.1407622929858299E+000                 -6.5013597809826864E+000                  6.8461184913957212E+000                  7.5580000000000003E-001                  2.4279999999999985E-001                  1.4000000000000679E-003                  5.3946372736555084E-026                  0.0000000000000000E+000                  0.0000000000000000E+000                                        0                 -9.8999999999999986E+001                 -9.9000000000000000E+001                 -9.9000000000000000E+001 
                                     217                  9.9997729801387560E+000                  1.1893531435660820E+000                  5.1462210220598594E+000                 -6.4854279570895645E+000                  6.8675679192516492E+000                  7.5580000000000003E-001                  2.4279999999999990E-001                  1.4000000000000679E-003                  5.5963241386821898E-026                  0.0000000000000000E+000                  0.0000000000000000E+000                                        0                 -9.8999999999999986E+001                 -9.9000000000000000E+001                 -9.9000000000000000E+001 
                                     218                  9.9997707053084302E+000                  1.1889688100527380E+000                  5.1523240160601782E+000                 -6.4676879150119992E+000                  6.8914863433319979E+000                  7.5580000000000014E-001                  2.4279999999999988E-001                  1.3999999999999568E-003                  5.8297895677391683E-026                  0.0000000000000000E+000                  0.0000000000000000E+000                                        0                 -9.8999999999999986E+001                 -9.9000000000000000E+001                 -9.9000000000000000E+001 
                                     219                  9.9997676722013278E+000                  1.1884753823715972E+000                  5.1576884163499459E+000                 -6.4519116998999326E+000                  6.9126691107821356E+000                  7.5580000000000003E-001                  2.4279999999999990E-001                  1.4000000000000679E-003                  6.0455822882615059E-026                  0.0000000000000000E+000                  0.0000000000000000E+000                                        0                 -9.8999999999999986E+001                 -9.9000000000000000E+001                 -9.9000000000000000E+001 
                                     220                  9.9997657765093884E+000                  1.1881771773899272E+000                  5.1608767314006405E+000                 -6.4425535622622450E+000                  6.9252430568777488E+000                  7.5580000000000003E-001                  2.4279999999999993E-001                  1.4000000000000679E-003                  6.1773429966366210E-026                  0.0000000000000000E+000                  0.0000000000000000E+000                                        0                 -9.8999999999999986E+001                 -9.9000000000000000E+001                 -9.9000000000000000E+001 
                                     221                  9.9997646390942254E+000                  1.1880017818854005E+000                  5.1643838929037935E+000                 -6.4323592042188418E+000                  6.9389879953076212E+000                  7.5579999999999992E-001                  2.4279999999999996E-001                  1.4000000000000679E-003                  6.3241486390138096E-026                  0.0000000000000000E+000                  0.0000000000000000E+000                                        0                 -9.8999999999999986E+001                 -9.9000000000000000E+001                 -9.9000000000000000E+001 
                                     222                  9.9997623644245817E+000                  1.1876585391927825E+000                  5.1692586516643537E+000                 -6.4181089569358019E+000                  6.9581627273471804E+000                  7.5580000000000003E-001                  2.4279999999999996E-001                  1.4000000000000679E-003                  6.5352290489294348E-026                  0.0000000000000000E+000                  0.0000000000000000E+000                                        0                 -9.8999999999999986E+001                 -9.9000000000000000E+001                 -9.9000000000000000E+001 
                                     223                  9.9997597106433318E+000                  1.1872700352470871E+000                  5.1746402450377955E+000                 -6.4023461520847436E+000                  6.9793579654800428E+000                  7.5579999999999992E-001                  2.4280000000000002E-001                  1.4000000000000679E-003                  6.7769328168705333E-026                  0.0000000000000000E+000                  0.0000000000000000E+000                                        0                 -9.8999999999999986E+001                 -9.9000000000000000E+001                 -9.9000000000000000E+001 
                                     224                  9.9997566777504741E+000                  1.1868406457797207E+000                  5.1804505049978946E+000                 -6.3852837728808769E+000                  7.0022797060123283E+000                  7.5579999999999992E-001                  2.4279999999999996E-001                  1.4000000000000679E-003                  7.0486525881700535E-026                  0.0000000000000000E+000                  0.0000000000000000E+000                                        0                 -9.8999999999999986E+001                 -9.9000000000000000E+001                 -9.9000000000000000E+001 
                                     225                  9.9997532657460084E+000                  1.1863747546700152E+000                  5.1858077752828082E+000                 -6.3694357213534651E+000                  7.0235149691485139E+000                  7.5580000000000003E-001                  2.4280000000000002E-001                  1.3999999999999568E-003                  7.3107871325705849E-026                  0.0000000000000000E+000                  0.0000000000000000E+000                                        0                 -9.8999999999999986E+001                 -9.9000000000000000E+001                 -9.9000000000000000E+001 
                                     226                  9.9997504226541967E+000                  1.1859993673065383E+000                  5.1897015598847487E+000                 -6.3578700840002185E+000                  7.0389899413696719E+000                  7.5580000000000003E-001                  2.4280000000000002E-001                  1.3999999999999568E-003                  7.5082232139153827E-026                  0.0000000000000000E+000                  0.0000000000000000E+000                                        0                 -9.8999999999999986E+001                 -9.9000000000000000E+001                 -9.9000000000000000E+001 
                                     227                  9.9997485272596531E+000                  1.1857551636236294E+000                  5.1928816613064885E+000                 -6.3484527682166689E+000                  7.0516038352685619E+000                  7.5579999999999992E-001                  2.4280000000000004E-001                  1.4000000000000679E-003                  7.6729185600081276E-026                  0.0000000000000000E+000                  0.0000000000000000E+000                                        0                 -9.8999999999999986E+001                 -9.9000000000000000E+001                 -9.9000000000000000E+001 
                                     228                  9.9997464423256588E+000                  1.1854918405835124E+000                  5.1962647876579569E+000                 -6.3384108559603023E+000                  7.0650433061467446E+000                  7.5580000000000003E-001                  2.4279999999999999E-001                  1.3999999999999568E-003                  7.8525204382958961E-026                  0.0000000000000000E+000                  0.0000000000000000E+000                                        0                 -9.8999999999999986E+001                 -9.9000000000000000E+001                 -9.9000000000000000E+001 
                                     229                  9.9997441678522065E+000                  1.1852106166223471E+000                  5.2001138836781493E+000                 -6.3269725977119053E+000                  7.0803453263478628E+000                  7.5580000000000003E-001                  2.4279999999999996E-001                  1.4000000000000679E-003                  8.0622250115647998E-026                  0.0000000000000000E+000                  0.0000000000000000E+000                                        0                 -9.8999999999999986E+001                 -9.9000000000000000E+001                 -9.9000000000000000E+001 
                                     230                  9.9997413249753624E+000                  1.1848675111079232E+000                  5.2046448297850976E+000                 -6.3134606625782448E+000                  7.0983991795611017E+000                  7.5579999999999992E-001                  2.4279999999999999E-001                  1.4000000000000679E-003                  8.3171768125590700E-026                  0.0000000000000000E+000                  0.0000000000000000E+000                                        0                 -9.8999999999999986E+001                 -9.9000000000000000E+001                 -9.9000000000000000E+001 
                                     231                  9.9997379135231501E+000                  1.1844673712251808E+000                  5.2092488201149623E+000                 -6.2996348998528546E+000                  7.1168273450434842E+000                  7.5579999999999992E-001                  2.4279999999999999E-001                  1.4000000000000679E-003                  8.5864004319071738E-026                  0.0000000000000000E+000                  0.0000000000000000E+000                                        0                 -9.8999999999999986E+001                 -9.9000000000000000E+001                 -9.9000000000000000E+001 
                                     232                  9.9997346915960588E+000                  1.1841003313185883E+000                  5.2134213699963974E+000                 -6.2870573719099188E+000                  7.1335696962772834E+000                  7.5579999999999992E-001                  2.4280000000000002E-001                  1.4000000000000679E-003                  8.8388830067946787E-026                  0.0000000000000000E+000                  0.0000000000000000E+000                                        0                 -9.8999999999999986E+001                 -9.9000000000000000E+001                 -9.9000000000000000E+001 
                                     233                  9.9997316591940919E+000                  1.1837639266575677E+000                  5.2185355934444440E+000                 -6.2716924894788582E+000                  7.1540461135582047E+000                  7.5579999999999992E-001                  2.4280000000000002E-001                  1.4000000000000679E-003                  9.1574191078390070E-026                  0.0000000000000000E+000                  0.0000000000000000E+000                                        0                 -9.8999999999999986E+001                 -9.9000000000000000E+001                 -9.9000000000000000E+001 
                                     234                  9.9997267319184093E+000                  1.1832347319780629E+000                  5.2243394156127820E+000                 -6.2540170209333619E+000                  7.1774906857879044E+000                  7.5579999999999992E-001                  2.4279999999999999E-001                  1.4000000000000679E-003                  9.5380862934511242E-026                  0.0000000000000000E+000                  0.0000000000000000E+000                                        0                 -9.8999999999999986E+001                 -9.9000000000000000E+001                 -9.9000000000000000E+001 
                                     235                  9.9997221193723735E+000                  1.1827574405589205E+000                  5.2285777314713293E+000                 -6.2409802254107651E+000                  7.1947233518503912E+000                  7.5580000000000003E-001                  2.4279999999999990E-001                  1.4000000000000679E-003                  9.8289599678592983E-026                  0.0000000000000000E+000                  0.0000000000000000E+000                                        0                 -9.8999999999999986E+001                 -9.9000000000000000E+001                 -9.9000000000000000E+001 
                                     236                  9.9997194162193850E+000                  1.1824852951378473E+000                  5.2318350814966692E+000                 -6.2310023710567650E+000                  7.2079314510720245E+000                  7.5580000000000003E-001                  2.4279999999999988E-001                  1.4000000000000679E-003                  1.0057564022607941E-025                  0.0000000000000000E+000                  0.0000000000000000E+000                                        0                 -9.8999999999999986E+001                 -9.9000000000000000E+001                 -9.9000000000000000E+001 
                                     237                  9.9997163269016820E+000                  1.1821807300114284E+000                  5.2354121065924986E+000                 -6.2200058772906708E+000                  7.2224699974159581E+000                  7.5580000000000003E-001                  2.4279999999999990E-001                  1.4000000000000679E-003                  1.0315672285398411E-025                  0.0000000000000000E+000                  0.0000000000000000E+000                                        0                 -9.8999999999999986E+001                 -9.9000000000000000E+001                 -9.9000000000000000E+001 
                                     238                  9.9997128516953051E+000                  1.1818459490827340E+000                  5.2392745937969591E+000                 -6.2080843009651163E+000                  7.2382100299085428E+000                  7.5580000000000003E-001                  2.4279999999999988E-001                  1.4000000000000679E-003                  1.0602985336058600E-025                  0.0000000000000000E+000                  0.0000000000000000E+000                                        0                 -9.8999999999999986E+001                 -9.9000000000000000E+001                 -9.9000000000000000E+001 
                                     239                  9.9997089903548879E+000                  1.1814831694071855E+000                  5.2433884216244078E+000                 -6.1953309671398209E+000                  7.2550229231699896E+000                  7.5580000000000003E-001                  2.4279999999999996E-001                  1.4000000000000679E-003                  1.0919212320881564E-025                  0.0000000000000000E+000                  0.0000000000000000E+000                                        0                 -9.8999999999999986E+001                 -9.9000000000000000E+001                 -9.9000000000000000E+001 
                                     240                  9.9997047428804287E+000                  1.1810946531228275E+000                  5.2488424419676578E+000                 -6.1784408237215196E+000                  7.2772975680636431E+000                  7.5579999999999992E-001                  2.4280000000000002E-001                  1.4000000000000679E-003                  1.1352582753656030E-025                  0.0000000000000000E+000                  0.0000000000000000E+000                                        0                 -9.8999999999999986E+001                 -9.9000000000000000E+001                 -9.9000000000000000E+001 
                                     241                  9.9996977924676766E+000                  1.1804810297154733E+000                  5.2534562693798099E+000                 -6.1638007257220320E+000                  7.2964463451020922E+000                  7.5579999999999992E-001                  2.4279999999999999E-001                  1.4000000000000679E-003                  1.1742118070328122E-025                  0.0000000000000000E+000                  0.0000000000000000E+000                                        0                 -9.8999999999999986E+001                 -9.9000000000000000E+001                 -9.9000000000000000E+001 
                                     242                  9.9996947033953436E+000                  1.1802165473471347E+000                  5.2569031244012407E+000                 -6.1529745409143661E+000                  7.3106555505830491E+000                  7.5579999999999992E-001                  2.4280000000000004E-001                  1.4000000000000679E-003                  1.2038749640518153E-025                  0.0000000000000000E+000                  0.0000000000000000E+000                                        0                 -9.8999999999999986E+001                 -9.9000000000000000E+001                 -9.9000000000000000E+001 
                                     243                  9.9996900701870679E+000                  1.1798287519650270E+000                  5.2608860753854989E+000                 -6.1403526094096783E+000                  7.3271720259320032E+000                  7.5580000000000003E-001                  2.4280000000000002E-001                  1.3999999999999568E-003                  1.2394061851993992E-025                  0.0000000000000000E+000                  0.0000000000000000E+000                                        0                 -9.8999999999999986E+001                 -9.9000000000000000E+001                 -9.9000000000000000E+001 
                                     244                  9.9996854369787904E+000                  1.1794510676685999E+000                  5.2653716301424200E+000                 -6.1261171430627304E+000                  7.3457908932778277E+000                  7.5579999999999992E-001                  2.4280000000000002E-001                  1.4000000000000679E-003                  1.2807399975868998E-025                  0.0000000000000000E+000                  0.0000000000000000E+000                                        0                 -9.8999999999999986E+001                 -9.9000000000000000E+001                 -9.9000000000000000E+001 
                                     245                  9.9996792306202806E+000                  1.1789599884487969E+000                  5.2690576420853841E+000                 -6.1142245531575865E+000                  7.3612601609759718E+000                  7.5580000000000003E-001                  2.4280000000000002E-001                  1.3999999999999568E-003                  1.3163264520451530E-025                  0.0000000000000000E+000                  0.0000000000000000E+000                                        0                 -9.8999999999999986E+001                 -9.9000000000000000E+001                 -9.9000000000000000E+001 
                                     246                  9.9996761130672880E+000                  1.1787193673745653E+000                  5.2726599506696123E+000                 -6.1027206026852898E+000                  7.3762752601519868E+000                  7.5580000000000003E-001                  2.4279999999999993E-001                  1.4000000000000679E-003                  1.3516909540836522E-025                  0.0000000000000000E+000                  0.0000000000000000E+000                                        0                 -9.8999999999999986E+001                 -9.9000000000000000E+001                 -9.9000000000000000E+001 
                                     247                  9.9996698779613045E+000                  1.1782495541716733E+000                  5.2767013230218076E+000                 -6.0896105865681331E+000                  7.3932978858532081E+000                  7.5580000000000003E-001                  2.4280000000000002E-001                  1.3999999999999568E-003                  1.3931529704048372E-025                  0.0000000000000000E+000                  0.0000000000000000E+000                                        0                 -9.8999999999999986E+001                 -9.9000000000000000E+001                 -9.9000000000000000E+001 
                                     248                  9.9996651588968284E+000                  1.1779035741279797E+000                  5.2800688787071532E+000                 -6.0786751921554112E+000                  7.4074922728254950E+000                  7.5579999999999992E-001                  2.4280000000000004E-001                  1.4000000000000679E-003                  1.4287091447105376E-025                  0.0000000000000000E+000                  0.0000000000000000E+000                                        0                 -9.8999999999999986E+001                 -9.9000000000000000E+001                 -9.9000000000000000E+001 
                                     249                  9.9996604398323559E+000                  1.1775653988214045E+000                  5.2838722257667889E+000                 -6.0663111576682880E+000                  7.4235355008385930E+000                  7.5580000000000014E-001                  2.4279999999999990E-001                  1.3999999999999568E-003                  1.4700052533978630E-025                  0.0000000000000000E+000                  0.0000000000000000E+000                                        0                 -9.8999999999999986E+001                 -9.9000000000000000E+001                 -9.9000000000000000E+001 
                                     250                  9.9996541477463907E+000                  1.1771259756802821E+000                  5.2880469982222520E+000                 -6.0526277643202109E+000                  7.4412431254445650E+000                  7.5579999999999992E-001                  2.4280000000000002E-001                  1.4000000000000679E-003                  1.5171016032151752E-025                  0.0000000000000000E+000                  0.0000000000000000E+000                                        0                 -9.8999999999999986E+001                 -9.9000000000000000E+001                 -9.9000000000000000E+001 
                                     251                  9.9996478556604256E+000                  1.1766989054687200E+000                  5.2920603536159447E+000                 -6.0394094956752760E+000                  7.4583220727434796E+000                  7.5579999999999992E-001                  2.4280000000000004E-001                  1.4000000000000679E-003                  1.5640300281365529E-025                  0.0000000000000000E+000                  0.0000000000000000E+000                                        0                 -9.8999999999999986E+001                 -9.9000000000000000E+001                 -9.9000000000000000E+001 
                                     252                  9.9996415640388783E+000                  1.1762834612351556E+000                  5.2954430606809444E+000                 -6.0281872659355873E+000                  7.4727881251613963E+000                  7.5579999999999992E-001                  2.4280000000000002E-001                  1.4000000000000679E-003                  1.6050101286381089E-025                  0.0000000000000000E+000                  0.0000000000000000E+000                                        0                 -9.8999999999999986E+001                 -9.9000000000000000E+001                 -9.9000000000000000E+001 
                                     253                  9.9996368453227191E+000                  1.1759790703871313E+000                  5.2996709414432521E+000                 -6.0142604792365146E+000                  7.4907824341992999E+000                  7.5579999999999992E-001                  2.4279999999999999E-001                  1.4000000000000679E-003                  1.6573633595699338E-025                  0.0000000000000000E+000                  0.0000000000000000E+000                                        0                 -9.8999999999999986E+001                 -9.9000000000000000E+001                 -9.9000000000000000E+001 
                                     254                  9.9996273862145735E+000                  1.1753863134593390E+000                  5.3048219549114863E+000                 -5.9970235761256721E+000                  7.5129409076507994E+000                  7.5579999999999992E-001                  2.4279999999999996E-001                  1.4000000000000679E-003                  2.0281749314121948E-025                  0.0000000000000000E+000                  0.0000000000000000E+000                                        0                 -9.8999999999999986E+001                 -9.9000000000000000E+001                 -9.9000000000000000E+001 
                                     255                  9.9996186593695562E+000                  1.1748586859294778E+000                  5.3090139346345930E+000                 -5.9828940973432232E+000                  7.5310632040488308E+000                  7.5579999999999992E-001                  2.4279999999999999E-001                  1.4000000000000679E-003                  2.5053372022031505E-025                  0.0000000000000000E+000                  0.0000000000000000E+000                                        0                 -9.8999999999999986E+001                 -9.9000000000000000E+001                 -9.9000000000000000E+001 
                                     256                  9.9996118829158167E+000                  1.1744608247919126E+000                  5.3122396533531848E+000                 -5.9719910051418532E+000                  7.5450352853368834E+000                  7.5579999999999992E-001                  2.4279999999999999E-001                  1.4000000000000679E-003                  2.9466633017782949E-025                  0.0000000000000000E+000                  0.0000000000000000E+000                                        0                 -9.8999999999999986E+001                 -9.9000000000000000E+001                 -9.9000000000000000E+001 
                                     257                  9.9996063023068533E+000                  1.1741405041966839E+000                  5.3159946933772302E+000                 -5.9593443897978196E+000                  7.5612607883903697E+000                  7.5579999999999992E-001                  2.4279999999999996E-001                  1.4000000000000679E-003                  3.5572944547256525E-025                  0.0000000000000000E+000                  0.0000000000000000E+000                                        0                 -9.8999999999999986E+001                 -9.9000000000000000E+001                 -9.9000000000000000E+001 
                                     258                  9.9995970687705906E+000                  1.1736242311367111E+000                  5.3209720622875905E+000                 -5.9424481135606708E+000                  7.5828848112667862E+000                  7.5580000000000003E-001                  2.4279999999999993E-001                  1.4000000000000679E-003                  4.5640288394379149E-025                  0.0000000000000000E+000                  0.0000000000000000E+000                                        0                 -9.8999999999999986E+001                 -9.9000000000000000E+001                 -9.9000000000000000E+001 
                                     259                  9.9995857767667271E+000                  1.1730145890682602E+000                  5.3261780456583034E+000                 -5.9246175980690561E+000                  7.6056412811152700E+000                  7.5580000000000003E-001                  2.4279999999999988E-001                  1.4000000000000679E-003                  5.9199801989666917E-025                  0.0000000000000000E+000                  0.0000000000000000E+000                                        0                 -9.8999999999999986E+001                 -9.9000000000000000E+001                 -9.9000000000000000E+001 
                                     260                  9.9995744629652084E+000                  1.1724259088325752E+000                  5.3314877666004667E+000                 -5.9063639302911426E+000                  7.6289118037582790E+000                  7.5580000000000003E-001                  2.4279999999999988E-001                  1.4000000000000679E-003                  7.7126959565551770E-025                  0.0000000000000000E+000                  0.0000000000000000E+000                                        0                 -9.8999999999999986E+001                 -9.9000000000000000E+001                 -9.9000000000000000E+001 
                                     261                  9.9995615339674142E+000                  1.1717781151013336E+000                  5.3360294555925529E+000                 -5.8905513941472538E+000                  7.6489916577816617E+000                  7.5580000000000003E-001                  2.4279999999999996E-001                  1.4000000000000679E-003                  9.6683073940147073E-025                  0.0000000000000000E+000                  0.0000000000000000E+000                                        0                 -9.8999999999999986E+001                 -9.9000000000000000E+001                 -9.9000000000000000E+001 
                                     262                  9.9995526050626591E+000                  1.1713451240593309E+000                  5.3387150426853625E+000                 -5.8811635464952019E+000                  7.6608987224641636E+000                  7.5580000000000003E-001                  2.4279999999999993E-001                  1.4000000000000679E-003                  1.1047979219347559E-024                  0.0000000000000000E+000                  0.0000000000000000E+000                                        0                 -9.8999999999999986E+001                 -9.9000000000000000E+001                 -9.9000000000000000E+001 
                                     263                  9.9995481406102797E+000                  1.1711327853438769E+000                  5.3414398897866953E+000                 -5.8717216540225481E+000                  7.6729074765951975E+000                  7.5579999999999981E-001                  2.4279999999999999E-001                  1.4000000000001789E-003                  1.2643664620969416E-024                  0.0000000000000000E+000                  0.0000000000000000E+000                                        0                 -9.8999999999999986E+001                 -9.9000000000000000E+001                 -9.9000000000000000E+001 
                                     264                  9.9995387473461843E+000                  1.1706946470425839E+000                  5.3450958835631468E+000                 -5.8589381583967644E+000                  7.6891213392256468E+000                  7.5579999999999992E-001                  2.4280000000000002E-001                  1.4000000000000679E-003                  1.5150701927121966E-024                  0.0000000000000000E+000                  0.0000000000000000E+000                                        0                 -9.8999999999999986E+001                 -9.9000000000000000E+001                 -9.9000000000000000E+001 
                                     265                  9.9995288897227503E+000                  1.1702468178924692E+000                  5.3487072067603041E+000                 -5.8462559227941373E+000                  7.7051860416933238E+000                  7.5579999999999992E-001                  2.4280000000000002E-001                  1.4000000000000679E-003                  1.8109232090662458E-024                  0.0000000000000000E+000                  0.0000000000000000E+000                                        0                 -9.8999999999999986E+001                 -9.9000000000000000E+001                 -9.9000000000000000E+001 
                                     266                  9.9995190328861696E+000                  1.1698105818318991E+000                  5.3523477248357763E+000                 -5.8334358249885678E+000                  7.7214124577135639E+000                  7.5579999999999992E-001                  2.4279999999999996E-001                  1.4000000000000679E-003                  2.1669093774479018E-024                  0.0000000000000000E+000                  0.0000000000000000E+000                                        0                 -9.8999999999999986E+001                 -9.9000000000000000E+001                 -9.9000000000000000E+001 
                                     267                  9.9995083054110232E+000                  1.1693481908600447E+000                  5.3551685615899487E+000                 -5.8234086171967867E+000                  7.7340681504731759E+000                  7.5579999999999981E-001                  2.4280000000000004E-001                  1.4000000000001789E-003                  2.4899855534534209E-024                  0.0000000000000000E+000                  0.0000000000000000E+000                                        0                 -9.8999999999999986E+001                 -9.9000000000000000E+001                 -9.9000000000000000E+001 
                                     268                  9.9995025063541672E+000                  1.1691033392384520E+000                  5.3578097466115331E+000                 -5.8140854562105639E+000                  7.7458609564097527E+000                  7.5579999999999992E-001                  2.4280000000000010E-001                  1.3999999999999568E-003                  2.8349221865083180E-024                  0.0000000000000000E+000                  0.0000000000000000E+000                                        0                 -9.8999999999999986E+001                 -9.9000000000000000E+001                 -9.9000000000000000E+001 
                                     269                  9.9994925018110354E+000                  1.1686889499864850E+000                  5.3610494791846524E+000                 -5.8025648530312459E+000                  7.7604012116646182E+000                  7.5579999999999992E-001                  2.4280000000000007E-001                  1.4000000000000679E-003                  3.3235644271562251E-024                  0.0000000000000000E+000                  0.0000000000000000E+000                                        0                 -9.8999999999999986E+001                 -9.9000000000000000E+001                 -9.9000000000000000E+001 
                                     270                  9.9994824972679055E+000                  1.1682842655552779E+000                  5.3657495951536376E+000                 -5.7859470223977514E+000                  7.7814129348167826E+000                  7.5579999999999992E-001                  2.4280000000000010E-001                  1.3999999999999568E-003                  4.1825322447142719E-024                  0.0000000000000000E+000                  0.0000000000000000E+000                                        0                 -9.8999999999999986E+001                 -9.9000000000000000E+001                 -9.9000000000000000E+001 
                                     271                  9.9994624896923856E+000                  1.1675021414050493E+000                  5.3706945240042732E+000                 -5.7681004681392061E+000                  7.8038400853035901E+000                  7.5579999999999981E-001                  2.4280000000000015E-001                  1.4000000000000679E-003                  5.3272432183702522E-024                  0.0000000000000000E+000                  0.0000000000000000E+000                                        0                 -9.8999999999999986E+001                 -9.9000000000000000E+001                 -9.9000000000000000E+001 
                                     272                  9.9994490618473808E+000                  1.1669961145911958E+000                  5.3745252692914294E+000                 -5.7543082864886985E+000                  7.8211862783207167E+000                  7.5579999999999992E-001                  2.4280000000000002E-001                  1.4000000000000679E-003                  6.4213171348965900E-024                  0.0000000000000000E+000                  0.0000000000000000E+000                                        0                 -9.8999999999999986E+001                 -9.9000000000000000E+001                 -9.9000000000000000E+001 
                                     273                  9.9994355445410470E+000                  1.1665009301264146E+000                  5.3791653165147846E+000                 -5.7376340487172373E+000                  7.8421708745670413E+000                  7.5579999999999992E-001                  2.4280000000000002E-001                  1.4000000000000679E-003                  8.0459520561847063E-024                  0.0000000000000000E+000                  0.0000000000000000E+000                                        0                 -9.8999999999999986E+001                 -9.9000000000000000E+001                 -9.9000000000000000E+001 
                                     274                  9.9994151481067970E+000                  1.1657788547780472E+000                  5.3853696549831929E+000                 -5.7152217042474822E+000                  7.8703357426649179E+000                  7.5580000000000003E-001                  2.4279999999999999E-001                  1.3999999999999568E-003                  1.0869313177436326E-023                  0.0000000000000000E+000                  0.0000000000000000E+000                                        0                 -9.8999999999999986E+001                 -9.9000000000000000E+001                 -9.9000000000000000E+001 
                                     275                  9.9993876921138849E+000                  1.1648504690061503E+000                  5.3903849044475045E+000                 -5.6967309171658034E+000                  7.8934350697681204E+000                  7.5579999999999992E-001                  2.4280000000000002E-001                  1.4000000000000679E-003                  1.3860410813767927E-023                  0.0000000000000000E+000                  0.0000000000000000E+000                                        0                 -9.8999999999999986E+001                 -9.9000000000000000E+001                 -9.9000000000000000E+001 
                                     276                  9.9993738727902706E+000                  1.1644005282009739E+000                  5.3952431403944061E+000                 -5.6791163368356541E+000                  7.9155513747075776E+000                  7.5580000000000003E-001                  2.4279999999999982E-001                  1.4000000000001789E-003                  1.7515239226017029E-023                  0.0000000000000000E+000                  0.0000000000000000E+000                                        0                 -9.8999999999999986E+001                 -9.9000000000000000E+001                 -9.9000000000000000E+001 
                                     277                  9.9993462341430419E+000                  1.1635324730578267E+000                  5.4006262372257305E+000                 -5.6592358002445948E+000                  7.9403803893277560E+000                  7.5580000000000003E-001                  2.4279999999999993E-001                  1.4000000000000679E-003                  2.2699741759823378E-023                  0.0000000000000000E+000                  0.0000000000000000E+000                                        0                 -9.8999999999999986E+001                 -9.9000000000000000E+001                 -9.9000000000000000E+001 
                                     278                  9.9993251346656979E+000                  1.1628961486777920E+000                  5.4058176765753005E+000                 -5.6401715976939091E+000                  7.9642325021855793E+000                  7.5579999999999992E-001                  2.4280000000000002E-001                  1.4000000000000679E-003                  2.9116014910218551E-023                  0.0000000000000000E+000                  0.0000000000000000E+000                                        0                 -9.8999999999999986E+001                 -9.9000000000000000E+001                 -9.9000000000000000E+001 
                                     279                  9.9992970043732168E+000                  1.1620801392316948E+000                  5.4099179897057050E+000                 -5.6248618857051040E+000                  7.9832969058614198E+000                  7.5580000000000003E-001                  2.4279999999999990E-001                  1.4000000000000679E-003                  3.5441575848903653E-023                  0.0000000000000000E+000                  0.0000000000000000E+000                                        0                 -9.8999999999999986E+001                 -9.9000000000000000E+001                 -9.9000000000000000E+001 
                                     280                  9.9992841048180026E+000                  1.1617174334350091E+000                  5.4124288175414561E+000                 -5.6155595892439756E+000                  7.9949077191648463E+000                  7.5579999999999992E-001                  2.4280000000000004E-001                  1.4000000000000679E-003                  3.9958624476937291E-023                  0.0000000000000000E+000                  0.0000000000000000E+000                                        0                 -9.8999999999999986E+001                 -9.9000000000000000E+001                 -9.9000000000000000E+001 
                                     281                  9.9992712052627901E+000                  1.1613615316915369E+000                  5.4151390773148860E+000                 -5.6055200209686360E+000                  8.0074401652276830E+000                  7.5579999999999992E-001                  2.4279999999999990E-001                  1.4000000000001789E-003                  4.5472457403925489E-023                  0.0000000000000000E+000                  0.0000000000000000E+000                                        0                 -9.8999999999999986E+001                 -9.9000000000000000E+001                 -9.9000000000000000E+001 
                                     282                  9.9992555664817004E+000                  1.1609387787393901E+000                  5.4190243688205664E+000                 -5.5911660320729872E+000                  8.0253736119774519E+000                  7.5580000000000003E-001                  2.4279999999999993E-001                  1.4000000000000679E-003                  5.4703242424393182E-023                  0.0000000000000000E+000                  0.0000000000000000E+000                                        0                 -9.8999999999999986E+001                 -9.9000000000000000E+001                 -9.9000000000000000E+001 
                                     283                  9.9992290729814908E+000                  1.1602431999456770E+000                  5.4232788306004700E+000                 -5.5752762194357599E+000                  8.0451655915126477E+000                  7.5580000000000003E-001                  2.4279999999999993E-001                  1.4000000000000679E-003                  6.6964172421960608E-023                  0.0000000000000000E+000                  0.0000000000000000E+000                                        0                 -9.8999999999999986E+001                 -9.9000000000000000E+001                 -9.9000000000000000E+001 
                                     284                  9.9992073129932262E+000                  1.1596900420745164E+000                  5.4260571282339001E+000                 -5.5648520112060247E+000                  8.0581339140699306E+000                  7.5579999999999992E-001                  2.4279999999999999E-001                  1.4000000000000679E-003                  7.6403635181590978E-023                  0.0000000000000000E+000                  0.0000000000000000E+000                                        0                 -9.8999999999999986E+001                 -9.9000000000000000E+001                 -9.9000000000000000E+001 
                                     285                  9.9991964089109455E+000                  1.1594186529921093E+000                  5.4284214639599826E+000                 -5.5560505529005946E+000                  8.0691089587529046E+000                  7.5579999999999992E-001                  2.4279999999999999E-001                  1.4000000000000679E-003                  8.5447794245754879E-023                  0.0000000000000000E+000                  0.0000000000000000E+000                                        0                 -9.8999999999999986E+001                 -9.9000000000000000E+001                 -9.9000000000000000E+001 
                                     286                  9.9991789681003507E+000                  1.1589922551020426E+000                  5.4312528072676685E+000                 -5.5454619109487435E+000                  8.0822959831698693E+000                  7.5579999999999992E-001                  2.4280000000000007E-001                  1.4000000000000679E-003                  9.7686549817297270E-023                  0.0000000000000000E+000                  0.0000000000000000E+000                                        0                 -9.8999999999999986E+001                 -9.9000000000000000E+001                 -9.9000000000000000E+001 
                                     287                  9.9991615272897576E+000                  1.1585749131708130E+000                  5.4346841925802032E+000                 -5.5326634471587850E+000                  8.0982486124932969E+000                  7.5580000000000003E-001                  2.4279999999999990E-001                  1.4000000000000679E-003                  1.1484468591436804E-022                  0.0000000000000000E+000                  0.0000000000000000E+000                                        0                 -9.8999999999999986E+001                 -9.9000000000000000E+001                 -9.9000000000000000E+001 
                                     288                  9.9991354979569049E+000                  1.1579680005859403E+000                  5.4398458253736299E+000                 -5.5134317911353570E+000                  8.1222297880201015E+000                  7.5579999999999981E-001                  2.4280000000000004E-001                  1.4000000000001789E-003                  1.4638851200719733E-022                  0.0000000000000000E+000                  0.0000000000000000E+000                                        0                 -9.8999999999999986E+001                 -9.9000000000000000E+001                 -9.9000000000000000E+001 
                                     289                  9.9990934816332793E+000                  1.1570257361136356E+000                  5.4450867757555361E+000                 -5.4936194752443184E+000                  8.1468368204859303E+000                  7.5579999999999992E-001                  2.4280000000000007E-001                  1.4000000000000679E-003                  1.8726031487000303E-022                  0.0000000000000000E+000                  0.0000000000000000E+000                                        0                 -9.8999999999999986E+001                 -9.9000000000000000E+001                 -9.9000000000000000E+001 
                                     290                  9.9990622966270308E+000                  1.1563538279430059E+000                  5.4495807539135708E+000                 -5.4767029265658307E+000                  8.1678754492170995E+000                  7.5579999999999992E-001                  2.4280000000000010E-001                  1.3999999999999568E-003                  2.3109002420746409E-022                  0.0000000000000000E+000                  0.0000000000000000E+000                                        0                 -9.8999999999999986E+001                 -9.9000000000000000E+001                 -9.9000000000000000E+001 
                                     291                  9.9990279278011620E+000                  1.1556381897653958E+000                  5.4543629790993968E+000                 -5.4586722256736468E+000                  8.1902923681718693E+000                  7.5579999999999981E-001                  2.4279999999999999E-001                  1.4000000000001789E-003                  2.8887601056430641E-022                  0.0000000000000000E+000                  0.0000000000000000E+000                                        0                 -9.8999999999999986E+001                 -9.9000000000000000E+001                 -9.9000000000000000E+001 
                                     292                  9.9989893459987567E+000                  1.1548635210789979E+000                  5.4592143131122404E+000                 -5.4403170688947231E+000                  8.2130933814789238E+000                  7.5579999999999992E-001                  2.4280000000000004E-001                  1.4000000000000679E-003                  3.6207562401785343E-022                  0.0000000000000000E+000                  0.0000000000000000E+000                                        0                 -9.8999999999999986E+001                 -9.9000000000000000E+001                 -9.9000000000000000E+001 
                                     293                  9.9989503172270151E+000                  1.1541083279421749E+000                  5.4641389000286864E+000                 -5.4216765886169940E+000                  8.2362492094935202E+000                  7.5579999999999992E-001                  2.4280000000000002E-001                  1.4000000000000679E-003                  4.5505207786767096E-022                  0.0000000000000000E+000                  0.0000000000000000E+000                                        0                 -9.8999999999999986E+001                 -9.9000000000000000E+001                 -9.9000000000000000E+001 
                                     294                  9.9989068205354599E+000                  1.1532976700845488E+000                  5.4693383232303159E+000                 -5.4019573987910485E+000                  8.2607352410136627E+000                  7.5580000000000003E-001                  2.4279999999999996E-001                  1.4000000000000679E-003                  5.7883886298637452E-022                  0.0000000000000000E+000                  0.0000000000000000E+000                                        0                 -9.8999999999999986E+001                 -9.9000000000000000E+001                 -9.9000000000000000E+001 
                                     295                  9.9988588148602613E+000                  1.1524377450996059E+000                  5.4732395118728503E+000                 -5.3870029977252001E+000                  8.2792521514774293E+000                  7.5580000000000003E-001                  2.4279999999999996E-001                  1.4000000000000679E-003                  6.9325173268002771E-022                  0.0000000000000000E+000                  0.0000000000000000E+000                                        0                 -9.8999999999999986E+001                 -9.9000000000000000E+001                 -9.9000000000000000E+001 
                                     296                  9.9988346895808373E+000                  1.1520183673577653E+000                  5.4762239653546025E+000                 -5.3756735482548308E+000                  8.2933199435838976E+000                  7.5580000000000003E-001                  2.4279999999999993E-001                  1.4000000000000679E-003                  7.9537639049815778E-022                  0.0000000000000000E+000                  0.0000000000000000E+000                                        0                 -9.8999999999999986E+001                 -9.9000000000000000E+001                 -9.9000000000000000E+001 
                                     297                  9.9988021412245001E+000                  1.1514652832014396E+000                  5.4804000673096995E+000                 -5.3598426823340155E+000                  8.3129868338770336E+000                  7.5579999999999992E-001                  2.4279999999999999E-001                  1.4000000000000679E-003                  9.6353824295177464E-022                  0.0000000000000000E+000                  0.0000000000000000E+000                                        0                 -9.8999999999999986E+001                 -9.9000000000000000E+001                 -9.9000000000000000E+001 
                                     298                  9.9987527364843043E+000                  1.1506519861936566E+000                  5.4844343991251874E+000                 -5.3443817750861813E+000                  8.3321386503280159E+000                  7.5579999999999992E-001                  2.4279999999999996E-001                  1.4000000000000679E-003                  1.1595559627019185E-021                  0.0000000000000000E+000                  0.0000000000000000E+000                                        0                 -9.8999999999999986E+001                 -9.9000000000000000E+001                 -9.9000000000000000E+001 
                                     299                  9.9987193096271803E+000                  1.1501184846065267E+000                  5.4875896987175770E+000                 -5.3323388713145894E+000                  8.3470749073850357E+000                  7.5579999999999992E-001                  2.4279999999999999E-001                  1.4000000000000679E-003                  1.3396651907547870E-021                  0.0000000000000000E+000                  0.0000000000000000E+000                                        0                 -9.8999999999999986E+001                 -9.9000000000000000E+001                 -9.9000000000000000E+001 
                                     300                  9.9986858827700544E+000                  1.1495976806416275E+000                  5.4922300825778620E+000                 -5.3147777208831775E+000                  8.3689088192051830E+000                  7.5579999999999992E-001                  2.4280000000000002E-001                  1.4000000000000679E-003                  1.6551288573868459E-021                  0.0000000000000000E+000                  0.0000000000000000E+000                                        0                 -9.8999999999999986E+001                 -9.9000000000000000E+001                 -9.9000000000000000E+001 
                                     301                  9.9986178383874407E+000                  1.1485740912319578E+000                  5.4966638770307910E+000                 -5.2976681765675586E+000                  8.3900704776253310E+000                  7.5579999999999981E-001                  2.4280000000000010E-001                  1.4000000000000679E-003                  2.0260610988115353E-021                  0.0000000000000000E+000                  0.0000000000000000E+000                                        0                 -9.8999999999999986E+001                 -9.9000000000000000E+001                 -9.9000000000000000E+001 
                                     302                  9.9985835146507682E+000                  1.1480750882955266E+000                  5.5010376022165959E+000                 -5.2810733660673899E+000                  8.4106934884604385E+000                  7.5579999999999981E-001                  2.4280000000000015E-001                  1.4000000000000679E-003                  2.4703308000874546E-021                  0.0000000000000000E+000                  0.0000000000000000E+000                                        0                 -9.8999999999999986E+001                 -9.9000000000000000E+001                 -9.9000000000000000E+001 
                                     303                  9.9985136395798904E+000                  1.1470923043528711E+000                  5.5066492756523688E+000                 -5.2595579410459106E+000                  8.4373589188282097E+000                  7.5579999999999981E-001                  2.4280000000000015E-001                  1.4000000000000679E-003                  3.1849083975279800E-021                  0.0000000000000000E+000                  0.0000000000000000E+000                                        0                 -9.8999999999999986E+001                 -9.9000000000000000E+001                 -9.9000000000000000E+001 
                                     304                  9.9984425199439642E+000                  1.1461339599209177E+000                  5.5120669930485393E+000                 -5.2387533436580513E+000                  8.4631365533322374E+000                  7.5579999999999992E-001                  2.4279999999999999E-001                  1.4000000000000679E-003                  4.0670599277511110E-021                  0.0000000000000000E+000                  0.0000000000000000E+000                                        0                 -9.8999999999999986E+001                 -9.9000000000000000E+001                 -9.9000000000000000E+001 
                                     305                  9.9983701289567382E+000                  1.1451980081247497E+000                  5.5159915454305715E+000                 -5.2235432969939222E+000                  8.4819381719728302E+000                  7.5580000000000003E-001                  2.4279999999999993E-001                  1.4000000000000679E-003                  4.8540925429379726E-021                  0.0000000000000000E+000                  0.0000000000000000E+000                                        0                 -9.8999999999999986E+001                 -9.9000000000000000E+001                 -9.9000000000000000E+001 
                                     306                  9.9983332865677959E+000                  1.1447358352230632E+000                  5.5185696923819663E+000                 -5.2136214538061836E+000                  8.4942274427537487E+000                  7.5580000000000003E-001                  2.4279999999999993E-001                  1.4000000000000679E-003                  5.4500800063225291E-021                  0.0000000000000000E+000                  0.0000000000000000E+000                                        0                 -9.8999999999999986E+001                 -9.9000000000000000E+001                 -9.9000000000000000E+001 
                                     307                  9.9982964463199160E+000                  1.1442826973426079E+000                  5.5223825975064305E+000                 -5.1990475401596337E+000                  8.5123139064671172E+000                  7.5579999999999981E-001                  2.4279999999999999E-001                  1.4000000000001789E-003                  6.4644737728857817E-021                  0.0000000000000000E+000                  0.0000000000000000E+000                                        0                 -9.8999999999999986E+001                 -9.9000000000000000E+001                 -9.9000000000000000E+001 
                                     308                  9.9982214493080690E+000                  1.1433865047479912E+000                  5.5273074262706157E+000                 -5.1800496643019240E+000                  8.5358350713859430E+000                  7.5580000000000003E-001                  2.4279999999999996E-001                  1.4000000000000679E-003                  8.0572561565415824E-021                  0.0000000000000000E+000                  0.0000000000000000E+000                                        0                 -9.8999999999999986E+001                 -9.9000000000000000E+001                 -9.9000000000000000E+001 
                                     309                  9.9981451126101870E+000                  1.1425079779955596E+000                  5.5308909271184268E+000                 -5.1661103715793644E+000                  8.5530570066441882E+000                  7.5580000000000003E-001                  2.4279999999999996E-001                  1.4000000000000679E-003                  9.4561658715302933E-021                  0.0000000000000000E+000                  0.0000000000000000E+000                                        0                 -9.8999999999999986E+001                 -9.9000000000000000E+001                 -9.9000000000000000E+001 
                                     310                  9.9981062645697030E+000                  1.1420730452177130E+000                  5.5332504804273519E+000                 -5.1569912679347683E+000                  8.5643441967242726E+000                  7.5580000000000014E-001                  2.4279999999999985E-001                  1.4000000000000679E-003                  1.0503873052628582E-020                  0.0000000000000000E+000                  0.0000000000000000E+000                                        0                 -9.8999999999999986E+001                 -9.9000000000000000E+001                 -9.9000000000000000E+001 
                                     311                  9.9980674165292172E+000                  1.1416458796994593E+000                  5.5367479203480894E+000                 -5.1435596085246189E+000                  8.5809989088483345E+000                  7.5580000000000014E-001                  2.4279999999999988E-001                  1.3999999999999568E-003                  1.2268147489641833E-020                  0.0000000000000000E+000                  0.0000000000000000E+000                                        0                 -9.8999999999999986E+001                 -9.9000000000000000E+001                 -9.9000000000000000E+001 
                                     312                  9.9979883333554334E+000                  1.1407990618281936E+000                  5.5412823010301038E+000                 -5.1259978332285376E+000                  8.6027281563828417E+000                  7.5580000000000003E-001                  2.4279999999999985E-001                  1.4000000000000679E-003                  1.5001122340485837E-020                  0.0000000000000000E+000                  0.0000000000000000E+000                                        0                 -9.8999999999999986E+001                 -9.9000000000000000E+001                 -9.9000000000000000E+001 
                                     313                  9.9979078421521841E+000                  1.1399665092975690E+000                  5.5457035028709765E+000                 -5.1088502781636826E+000                  8.6239398494536132E+000                  7.5580000000000003E-001                  2.4279999999999988E-001                  1.4000000000000679E-003                  1.8241858697509903E-020                  0.0000000000000000E+000                  0.0000000000000000E+000                                        0                 -9.8999999999999986E+001                 -9.9000000000000000E+001                 -9.9000000000000000E+001 
                                     314                  9.9978259148801829E+000                  1.1391472490115637E+000                  5.5500184747087928E+000                 -5.0920894998241879E+000                  8.6446675933472097E+000                  7.5580000000000014E-001                  2.4279999999999979E-001                  1.4000000000000679E-003                  2.2068239230483505E-020                  0.0000000000000000E+000                  0.0000000000000000E+000                                        0                 -9.8999999999999986E+001                 -9.9000000000000000E+001                 -9.9000000000000000E+001 
                                     315                  9.9977425293765947E+000                  1.1383404557092851E+000                  5.5542334124436685E+000                 -5.0756908166000576E+000                  8.6649415481468655E+000                  7.5579999999999992E-001                  2.4280000000000002E-001                  1.4000000000000679E-003                  2.6567825023301707E-020                  0.0000000000000000E+000                  0.0000000000000000E+000                                        0                 -9.8999999999999986E+001                 -9.9000000000000000E+001                 -9.9000000000000000E+001 
                                     316                  9.9976576597283096E+000                  1.1375453436843703E+000                  5.5583541393903282E+000                 -5.0596313034204190E+000                  8.6847898235906893E+000                  7.5579999999999992E-001                  2.4280000000000004E-001                  1.4000000000000679E-003                  3.1839140868739101E-020                  0.0000000000000000E+000                  0.0000000000000000E+000                                        0                 -9.8999999999999986E+001                 -9.9000000000000000E+001                 -9.9000000000000000E+001 
                                     317                  9.9975712774798158E+000                  1.1367611743635755E+000                  5.5613728661513884E+000                 -5.0477757558282130E+000                  8.6994144484308507E+000                  7.5580000000000003E-001                  2.4279999999999999E-001                  1.3999999999999568E-003                  3.6350087579414202E-020                  0.0000000000000000E+000                  0.0000000000000000E+000                                        0                 -9.8999999999999986E+001                 -9.9000000000000000E+001                 -9.9000000000000000E+001 
                                     318                  9.9975273179639341E+000                  1.1363712824860057E+000                  5.5633675362629180E+000                 -5.0399820076918447E+000                  8.7090422494643835E+000                  7.5580000000000003E-001                  2.4279999999999993E-001                  1.4000000000000679E-003                  3.9666879197888574E-020                  0.0000000000000000E+000                  0.0000000000000000E+000                                        0                 -9.8999999999999986E+001                 -9.9000000000000000E+001                 -9.9000000000000000E+001 
                                     319                  9.9974833584480525E+000                  1.1359873001423866E+000                  5.5663517011113299E+000                 -5.0283821840348244E+000                  8.7233923767872099E+000                  7.5579999999999981E-001                  2.4280000000000010E-001                  1.4000000000000679E-003                  4.5186927105410668E-020                  0.0000000000000000E+000                  0.0000000000000000E+000                                        0                 -9.8999999999999986E+001                 -9.9000000000000000E+001                 -9.9000000000000000E+001 
                                     320                  9.9973930793830768E+000                  1.1352164366722699E+000                  5.5702193737236785E+000                 -5.0132255362663081E+000                  8.7421047932007809E+000                  7.5580000000000014E-001                  2.4279999999999982E-001                  1.4000000000000679E-003                  5.3495007240059893E-020                  0.0000000000000000E+000                  0.0000000000000000E+000                                        0                 -9.8999999999999986E+001                 -9.9000000000000000E+001                 -9.9000000000000000E+001 
                                     321                  9.9973028003181010E+000                  1.1344680954749111E+000                  5.5740138129797892E+000                 -4.9983363043574549E+000                  8.7604830088393228E+000                  7.5580000000000014E-001                  2.4279999999999988E-001                  1.3999999999999568E-003                  6.3105983816407785E-020                  0.0000000000000000E+000                  0.0000000000000000E+000                                        0                 -9.8999999999999986E+001                 -9.9000000000000000E+001                 -9.9000000000000000E+001 
                                     322                  9.9972092795124077E+000                  1.1337151152235398E+000                  5.5777359336327130E+000                 -4.9836999578492822E+000                  8.7785413463158051E+000                  7.5580000000000014E-001                  2.4279999999999990E-001                  1.3999999999999568E-003                  7.4186244862916375E-020                  0.0000000000000000E+000                  0.0000000000000000E+000                                        0                 -9.8999999999999986E+001                 -9.9000000000000000E+001                 -9.9000000000000000E+001 
                                     323                  9.9971157627171081E+000                  1.1329833770359226E+000                  5.5813924182346026E+000                 -4.9693036886042465E+000                  8.7962998344646621E+000                  7.5579999999999992E-001                  2.4280000000000007E-001                  1.4000000000000679E-003                  8.6934896120667079E-020                  0.0000000000000000E+000                  0.0000000000000000E+000                                        0                 -9.8999999999999986E+001                 -9.9000000000000000E+001                 -9.9000000000000000E+001 
                                     324                  9.9970188906054336E+000                  1.1322463698647101E+000                  5.5849838667781411E+000                 -4.9551348133988009E+000                  8.8137707378563803E+000                  7.5580000000000003E-001                  2.4280000000000002E-001                  1.3999999999999568E-003                  1.0155783536140092E-019                  0.0000000000000000E+000                  0.0000000000000000E+000                                        0                 -9.8999999999999986E+001                 -9.9000000000000000E+001                 -9.9000000000000000E+001 
                                     325                  9.9969220219939565E+000                  1.1315294542235856E+000                  5.5885162354768552E+000                 -4.9411821806271821E+000                  8.8309716598561430E+000                  7.5580000000000003E-001                  2.4279999999999996E-001                  1.4000000000000679E-003                  1.1830123624369316E-019                  0.0000000000000000E+000                  0.0000000000000000E+000                                        0                 -9.8999999999999986E+001                 -9.9000000000000000E+001                 -9.9000000000000000E+001 
                                     326                  9.9968216806472512E+000                  1.1308067314762493E+000                  5.5919897772097418E+000                 -4.9274349161231052E+000                  8.8479127972709932E+000                  7.5579999999999992E-001                  2.4280000000000004E-001                  1.4000000000000679E-003                  1.3741816177902036E-019                  0.0000000000000000E+000                  0.0000000000000000E+000                                        0                 -9.8999999999999986E+001                 -9.9000000000000000E+001                 -9.9000000000000000E+001 
                                     327                  9.9967213423477972E+000                  1.1301030909596264E+000                  5.5954098538921961E+000                 -4.9138832403708355E+000                  8.8646097537622612E+000                  7.5580000000000014E-001                  2.4279999999999982E-001                  1.4000000000000679E-003                  1.5921144052607406E-019                  0.0000000000000000E+000                  0.0000000000000000E+000                                        0                 -9.8999999999999986E+001                 -9.9000000000000000E+001                 -9.9000000000000000E+001 
                                     328                  9.9966174099210612E+000                  1.1293931801093287E+000                  5.5987764478280369E+000                 -4.9005178293182974E+000                  8.8810709876235396E+000                  7.5580000000000014E-001                  2.4279999999999988E-001                  1.3999999999999568E-003                  1.8399059025184005E-019                  0.0000000000000000E+000                  0.0000000000000000E+000                                        0                 -9.8999999999999986E+001                 -9.9000000000000000E+001                 -9.9000000000000000E+001 
                                     329                  9.9965134806743503E+000                  1.1287014644996893E+000                  5.6020944351017574E+000                 -4.8873300555140311E+000                  8.8973104399076650E+000                  7.5580000000000003E-001                  2.4279999999999993E-001                  1.4000000000000679E-003                  2.1212645039559960E-019                  0.0000000000000000E+000                  0.0000000000000000E+000                                        0                 -9.8999999999999986E+001                 -9.9000000000000000E+001                 -9.9000000000000000E+001 
                                     330                  9.9964058318214644E+000                  1.1280030768088554E+000                  5.6053636566021305E+000                 -4.8743116786682643E+000                  8.9133354160331475E+000                  7.5579999999999992E-001                  2.4279999999999988E-001                  1.4000000000001789E-003                  2.4399664369458074E-019                  0.0000000000000000E+000                  0.0000000000000000E+000                                        0                 -9.8999999999999986E+001                 -9.9000000000000000E+001                 -9.9000000000000000E+001 
                                     331                  9.9962981829685784E+000                  1.1273220765105978E+000                  5.6102197242106193E+000                 -4.8551373467316017E+000                  8.9369921485526209E+000                  7.5580000000000003E-001                  2.4279999999999993E-001                  1.4000000000000679E-003                  3.0011325413001220E-019                  0.0000000000000000E+000                  0.0000000000000000E+000                                        0                 -9.8999999999999986E+001                 -9.9000000000000000E+001                 -9.9000000000000000E+001 
                                     332                  9.9960751979411064E+000                  1.1259628293226920E+000                  5.6164972779483824E+000                 -4.8300283113109685E+000                  8.9678753564646172E+000                  7.5579999999999969E-001                  2.4280000000000021E-001                  1.4000000000000679E-003                  3.9211882130898409E-019                  0.0000000000000000E+000                  0.0000000000000000E+000                                        0                 -9.8999999999999986E+001                 -9.9000000000000000E+001                 -9.9000000000000000E+001 
                                     333                  9.9958442460764232E+000                  1.1246216530696689E+000                  5.6210703294623192E+000                 -4.8115191069651804E+000                  8.9905778830584229E+000                  7.5580000000000003E-001                  2.4279999999999993E-001                  1.4000000000000679E-003                  4.7637349123809569E-019                  0.0000000000000000E+000                  0.0000000000000000E+000                                        0                 -9.8999999999999986E+001                 -9.9000000000000000E+001                 -9.9000000000000000E+001 
                                     334                  9.9957246532376729E+000                  1.1239514930389574E+000                  5.6240941428810585E+000                 -4.7993749524457030E+000                  9.0055042807335433E+000                  7.5580000000000003E-001                  2.4279999999999999E-001                  1.3999999999999568E-003                  5.4151842282070662E-019                  0.0000000000000000E+000                  0.0000000000000000E+000                                        0                 -9.8999999999999986E+001                 -9.9000000000000000E+001                 -9.9000000000000000E+001 
                                     335                  9.9956050603989226E+000                  1.1232968242618637E+000                  5.6285967438277300E+000                 -4.7814357197038238E+000                  9.0276004813606789E+000                  7.5580000000000003E-001                  2.4279999999999979E-001                  1.4000000000001789E-003                  6.5488104705511515E-019                  0.0000000000000000E+000                  0.0000000000000000E+000                                        0                 -9.8999999999999986E+001                 -9.9000000000000000E+001                 -9.9000000000000000E+001 
                                     336                  9.9953573531320306E+000                  1.1219868528517420E+000                  5.6344425492605454E+000                 -4.7578696425158373E+000                  9.0565473038117634E+000                  7.5580000000000014E-001                  2.4279999999999979E-001                  1.4000000000000679E-003                  8.3804128051842936E-019                  0.0000000000000000E+000                  0.0000000000000000E+000                                        0                 -9.8999999999999986E+001                 -9.9000000000000000E+001                 -9.9000000000000000E+001 
                                     337                  9.9951008285415046E+000                  1.1206902832436589E+000                  5.6387182977846413E+000                 -4.7404457086246863E+000                  9.0778963419063601E+000                  7.5580000000000025E-001                  2.4279999999999971E-001                  1.4000000000000679E-003                  1.0035580670866468E-018                  0.0000000000000000E+000                  0.0000000000000000E+000                                        0                 -9.8999999999999986E+001                 -9.9000000000000000E+001                 -9.9000000000000000E+001 
                                     338                  9.9949679998560583E+000                  1.1200409693618185E+000                  5.6415515729125021E+000                 -4.7289859899277689E+000                  9.0919653521632675E+000                  7.5580000000000003E-001                  2.4279999999999993E-001                  1.4000000000000679E-003                  1.1303444764603202E-018                  0.0000000000000000E+000                  0.0000000000000000E+000                                        0                 -9.8999999999999986E+001                 -9.9000000000000000E+001                 -9.9000000000000000E+001 
                                     339                  9.9948351711706120E+000                  1.1194057528474002E+000                  5.6443584488572851E+000                 -4.7176258785109173E+000                  9.1059112846273393E+000                  7.5579999999999992E-001                  2.4280000000000007E-001                  1.4000000000000679E-003                  1.2714953351891195E-018                  0.0000000000000000E+000                  0.0000000000000000E+000                                        0                 -9.8999999999999986E+001                 -9.9000000000000000E+001                 -9.9000000000000000E+001 
                                     340                  9.9946976177616147E+000                  1.1187620884849550E+000                  5.6485701403435478E+000                 -4.7007053899954974E+000                  9.1267236557630671E+000                  7.5580000000000003E-001                  2.4279999999999999E-001                  1.3999999999999568E-003                  1.5160116400082468E-018                  0.0000000000000000E+000                  0.0000000000000000E+000                                        0                 -9.8999999999999986E+001                 -9.9000000000000000E+001                 -9.9000000000000000E+001 
                                     341                  9.9944176434634908E+000                  1.1174936984171016E+000                  5.6540313990603268E+000                 -4.6785471261812210E+000                  9.1539167985877921E+000                  7.5580000000000003E-001                  2.4279999999999996E-001                  1.4000000000000679E-003                  1.9040253965124774E-018                  0.0000000000000000E+000                  0.0000000000000000E+000                                        0                 -9.8999999999999986E+001                 -9.9000000000000000E+001                 -9.9000000000000000E+001 
                                     342                  9.9941277240153443E+000                  1.1162346427197734E+000                  5.6580192747186349E+000                 -4.6622168420905279E+000                  9.1739159706070303E+000                  7.5580000000000003E-001                  2.4279999999999993E-001                  1.4000000000000679E-003                  2.2484316266054114E-018                  0.0000000000000000E+000                  0.0000000000000000E+000                                        0                 -9.8999999999999986E+001                 -9.9000000000000000E+001                 -9.9000000000000000E+001 
                                     343                  9.9939802357211462E+000                  1.1156137510704593E+000                  5.6606844025581582E+000                 -4.6513904272042570E+000                  9.1872022821769548E+000                  7.5580000000000003E-001                  2.4279999999999990E-001                  1.4000000000000679E-003                  2.5115920543035541E-018                  0.0000000000000000E+000                  0.0000000000000000E+000                                        0                 -9.8999999999999986E+001                 -9.9000000000000000E+001                 -9.9000000000000000E+001 
                                     344                  9.9938275154836056E+000                  1.1149839484346276E+000                  5.6633283987500143E+000                 -4.6406434312311031E+000                  9.2003904232965095E+000                  7.5580000000000003E-001                  2.4279999999999996E-001                  1.4000000000000679E-003                  2.8026255312050693E-018                  0.0000000000000000E+000                  0.0000000000000000E+000                                        0                 -9.8999999999999986E+001                 -9.9000000000000000E+001                 -9.9000000000000000E+001 
                                     345                  9.9936747952460649E+000                  1.1143668878782218E+000                  5.6672827606224914E+000                 -4.6246975664204450E+000                  9.2199985956175468E+000                  7.5579999999999992E-001                  2.4280000000000013E-001                  1.3999999999999568E-003                  3.2999398807378134E-018                  0.0000000000000000E+000                  0.0000000000000000E+000                                        0                 -9.8999999999999986E+001                 -9.9000000000000000E+001                 -9.9000000000000000E+001 
                                     346                  9.9933585543323620E+000                  1.1131272712174953E+000                  5.6724581698575829E+000                 -4.6036494265364976E+000                  9.2458311417817622E+000                  7.5579999999999969E-001                  2.4280000000000024E-001                  1.4000000000000679E-003                  4.0857101355571664E-018                  0.0000000000000000E+000                  0.0000000000000000E+000                                        0                 -9.8999999999999986E+001                 -9.9000000000000000E+001                 -9.9000000000000000E+001 
                                     347                  9.9930311156586509E+000                  1.1118939944942103E+000                  5.6762719885026298E+000                 -4.5880151848341404E+000                  9.2649853563475162E+000                  7.5579999999999992E-001                  2.4280000000000004E-001                  1.4000000000000679E-003                  4.7814294827751513E-018                  0.0000000000000000E+000                  0.0000000000000000E+000                                        0                 -9.8999999999999986E+001                 -9.9000000000000000E+001                 -9.9000000000000000E+001 
                                     348                  9.9928616044964613E+000                  1.1112741606736294E+000                  5.6788086848138786E+000                 -4.5776937383626599E+000                  9.2776548715146152E+000                  7.5579999999999981E-001                  2.4280000000000013E-001                  1.4000000000000679E-003                  5.3065590855367040E-018                  0.0000000000000000E+000                  0.0000000000000000E+000                                        0                 -9.8999999999999986E+001                 -9.9000000000000000E+001                 -9.9000000000000000E+001 
                                     349                  9.9926920933342736E+000                  1.1106663121599303E+000                  5.6813303846771923E+000                 -4.5674352305349188E+000                  9.2902487743703244E+000                  7.5579999999999992E-001                  2.4280000000000004E-001                  1.4000000000000679E-003                  5.8847529518271760E-018                  0.0000000000000000E+000                  0.0000000000000000E+000                                        0                 -9.8999999999999986E+001                 -9.9000000000000000E+001                 -9.9000000000000000E+001 
                                     350                  9.9925165909565141E+000                  1.1100490648748877E+000                  5.6838360177029257E+000                 -4.5572388618305899E+000                  9.3027664915694892E+000                  7.5579999999999992E-001                  2.4280000000000010E-001                  1.3999999999999568E-003                  6.5206513393908680E-018                  0.0000000000000000E+000                  0.0000000000000000E+000                                        0                 -9.8999999999999986E+001                 -9.9000000000000000E+001                 -9.9000000000000000E+001 
                                     351                  9.9923411029644420E+000                  1.1094436386313888E+000                  5.6875894606317683E+000                 -4.5420831211388846E+000                  9.3214096368069228E+000                  7.5579999999999981E-001                  2.4280000000000013E-001                  1.4000000000000679E-003                  7.5997280191551358E-018                  0.0000000000000000E+000                  0.0000000000000000E+000                                        0                 -9.8999999999999986E+001                 -9.9000000000000000E+001                 -9.9000000000000000E+001 
                                     352                  9.9919777334792208E+000                  1.1082253754482452E+000                  5.6925165084537426E+000                 -4.5220379718779338E+000                  9.3460258063263311E+000                  7.5579999999999981E-001                  2.4280000000000004E-001                  1.4000000000001789E-003                  9.2900075883551216E-018                  0.0000000000000000E+000                  0.0000000000000000E+000                                        0                 -9.8999999999999986E+001                 -9.9000000000000000E+001                 -9.9000000000000000E+001 
                                     353                  9.9916015447048938E+000                  1.1070108614569945E+000                  5.6973924107544365E+000                 -4.5022087898577769E+000                  9.3703829932488922E+000                  7.5580000000000003E-001                  2.4280000000000002E-001                  1.3999999999999568E-003                  1.1325547463630934E-017                  0.0000000000000000E+000                  0.0000000000000000E+000                                        0                 -9.8999999999999986E+001                 -9.9000000000000000E+001                 -9.9000000000000000E+001 
                                     354                  9.9912120966724469E+000                  1.1057995501613194E+000                  5.7022211437644907E+000                 -4.4825853109450629E+000                  9.3944953682050549E+000                  7.5579999999999992E-001                  2.4280000000000004E-001                  1.4000000000000679E-003                  1.3772111913008229E-017                  0.0000000000000000E+000                  0.0000000000000000E+000                                        0                 -9.8999999999999986E+001                 -9.9000000000000000E+001                 -9.9000000000000000E+001 
                                     355                  9.9908089685755783E+000                  1.1045910252622744E+000                  5.7070067678188696E+000                 -4.4631573893099699E+000                  9.4183770919759837E+000                  7.5579999999999992E-001                  2.4280000000000007E-001                  1.4000000000000679E-003                  1.6707566892919479E-017                  0.0000000000000000E+000                  0.0000000000000000E+000                                        0                 -9.8999999999999986E+001                 -9.9000000000000000E+001                 -9.9000000000000000E+001 
                                     356                  9.9903916580785843E+000                  1.1033846950384292E+000                  5.7117532464185432E+000                 -4.4439148220694147E+000                  9.4420422624851614E+000                  7.5579999999999992E-001                  2.4279999999999999E-001                  1.4000000000000679E-003                  2.0224049621004880E-017                  0.0000000000000000E+000                  0.0000000000000000E+000                                        0                 -9.8999999999999986E+001                 -9.9000000000000000E+001                 -9.9000000000000000E+001 
                                     357                  9.9899596799105055E+000                  1.1021800959544381E+000                  5.7164640357664238E+000                 -4.4248488148662233E+000                  9.4655030549555548E+000                  7.5579999999999981E-001                  2.4280000000000013E-001                  1.4000000000000679E-003                  2.4430205003823615E-017                  0.0000000000000000E+000                  0.0000000000000000E+000                                        0                 -9.8999999999999986E+001                 -9.9000000000000000E+001                 -9.9000000000000000E+001 
                                     358                  9.9895125327192478E+000                  1.1009767871493903E+000                  5.7211392936356180E+000                 -4.4059630285480260E+000                  9.4887560531694266E+000                  7.5580000000000014E-001                  2.4279999999999990E-001                  1.3999999999999568E-003                  2.9450651190005578E-017                  0.0000000000000000E+000                  0.0000000000000000E+000                                        0                 -9.8999999999999986E+001                 -9.9000000000000000E+001                 -9.9000000000000000E+001 
                                     359                  9.9890502918321094E+000                  1.0997758631792669E+000                  5.7257823298558090E+000                 -4.3872489024338339E+000                  9.5118130364002802E+000                  7.5579999999999981E-001                  2.4280000000000010E-001                  1.4000000000000679E-003                  3.5434807821799124E-017                  0.0000000000000000E+000                  0.0000000000000000E+000                                        0                 -9.8999999999999986E+001                 -9.9000000000000000E+001                 -9.9000000000000000E+001 
                                     360                  9.9885718497044227E+000                  1.0985753564766241E+000                  5.7303988234444230E+000                 -4.3686869059087901E+000                  9.5346988863078082E+000                  7.5580000000000003E-001                  2.4279999999999990E-001                  1.4000000000000679E-003                  4.2563050492487023E-017                  0.0000000000000000E+000                  0.0000000000000000E+000                                        0                 -9.8999999999999986E+001                 -9.9000000000000000E+001                 -9.9000000000000000E+001 
                                     361                  9.9880766543125628E+000                  1.0973748866768214E+000                  5.7349911895909766E+000                 -4.3502701015819270E+000                  9.5574228101539642E+000                  7.5579999999999992E-001                  2.4279999999999999E-001                  1.4000000000000679E-003                  5.1044188845649961E-017                  0.0000000000000000E+000                  0.0000000000000000E+000                                        0                 -9.8999999999999986E+001                 -9.9000000000000000E+001                 -9.9000000000000000E+001 
                                     362                  9.9875641354277569E+000                  1.0961740896272918E+000                  5.7395614837616504E+000                 -4.3319917091650471E+000                  9.5799934465173546E+000                  7.5579999999999992E-001                  2.4279999999999996E-001                  1.4000000000000679E-003                  6.1123580556492463E-017                  0.0000000000000000E+000                  0.0000000000000000E+000                                        0                 -9.8999999999999986E+001                 -9.9000000000000000E+001                 -9.9000000000000000E+001 
                                     363                  9.9870337040410764E+000                  1.0949726167675198E+000                  5.7441114233116757E+000                 -4.3138450871925178E+000                  9.6024189106478701E+000                  7.5579999999999981E-001                  2.4280000000000015E-001                  1.4000000000000679E-003                  7.3089201959393083E-017                  0.0000000000000000E+000                  0.0000000000000000E+000                                        0                 -9.8999999999999986E+001                 -9.9000000000000000E+001                 -9.9000000000000000E+001 
                                     364                  9.9864847517769810E+000                  1.0937701346134585E+000                  5.7486424188186112E+000                 -4.2958237317492882E+000                  9.6247068351493983E+000                  7.5579999999999969E-001                  2.4280000000000015E-001                  1.4000000000001789E-003                  8.7278675447570319E-017                  0.0000000000000000E+000                  0.0000000000000000E+000                                        0                 -9.8999999999999986E+001                 -9.9000000000000000E+001                 -9.9000000000000000E+001 
                                     365                  9.9859166502898358E+000                  1.0925663242831960E+000                  5.7531556136917592E+000                 -4.2779212886823279E+000                  9.6468644066637133E+000                  7.5580000000000003E-001                  2.4279999999999982E-001                  1.4000000000001789E-003                  1.0408740825919608E-016                  0.0000000000000000E+000                  0.0000000000000000E+000                                        0                 -9.8999999999999986E+001                 -9.9000000000000000E+001                 -9.9000000000000000E+001 
                                     366                  9.9853287506423367E+000                  1.0913608810222284E+000                  5.7576520276639105E+000                 -4.2601316987667319E+000                  9.6688983990351787E+000                  7.5579999999999981E-001                  2.4279999999999999E-001                  1.4000000000001789E-003                  1.2397835050422458E-016                  0.0000000000000000E+000                  0.0000000000000000E+000                                        0                 -9.8999999999999986E+001                 -9.9000000000000000E+001                 -9.9000000000000000E+001 
                                     367                  9.9847203826651914E+000                  1.0901535133536473E+000                  5.7621327436241492E+000                 -4.2424493981948963E+000                  9.6908152034436128E+000                  7.5579999999999992E-001                  2.4279999999999999E-001                  1.4000000000000679E-003                  1.4749378117220361E-016                  0.0000000000000000E+000                  0.0000000000000000E+000                                        0                 -9.8999999999999986E+001                 -9.9000000000000000E+001                 -9.9000000000000000E+001 
                                     368                  9.9840908542970155E+000                  1.0889439416870861E+000                  5.7665989700079203E+000                 -4.2248693647390878E+000                  9.7126208560335190E+000                  7.5579999999999992E-001                  2.4280000000000010E-001                  1.3999999999999568E-003                  1.7526903092727744E-016                  0.0000000000000000E+000                  0.0000000000000000E+000                                        0                 -9.8999999999999986E+001                 -9.9000000000000000E+001                 -9.9000000000000000E+001 
                                     369                  9.9834394508994766E+000                  1.0877318967954590E+000                  5.7710520314461453E+000                 -4.2073870764871781E+000                  9.7343210632242911E+000                  7.5580000000000014E-001                  2.4279999999999979E-001                  1.4000000000000679E-003                  2.0804842915528396E-016                  0.0000000000000000E+000                  0.0000000000000000E+000                                        0                 -9.8999999999999986E+001                 -9.9000000000000000E+001                 -9.9000000000000000E+001 
                                     370                  9.9827654345583010E+000                  1.0865171184183564E+000                  5.7754933580347325E+000                 -4.1899984714496634E+000                  9.7559212246983353E+000                  7.5580000000000003E-001                  2.4279999999999993E-001                  1.4000000000000679E-003                  2.4670403439504033E-016                  0.0000000000000000E+000                  0.0000000000000000E+000                                        0                 -9.8999999999999986E+001                 -9.9000000000000000E+001                 -9.9000000000000000E+001 
                                     371                  9.9820680433741362E+000                  1.0852993539924944E+000                  5.7799244338539060E+000                 -4.1726998595457561E+000                  9.7774264543742522E+000                  7.5579999999999992E-001                  2.4280000000000007E-001                  1.4000000000000679E-003                  2.9225733815305153E-016                  0.0000000000000000E+000                  0.0000000000000000E+000                                        0                 -9.8999999999999986E+001                 -9.9000000000000000E+001                 -9.9000000000000000E+001 
                                     372                  9.9813464907358309E+000                  1.0840783576264517E+000                  5.7843466308714824E+000                 -4.1554876958023677E+000                  9.7988415996554430E+000                  7.5580000000000003E-001                  2.4279999999999996E-001                  1.4000000000000679E-003                  3.4590347088446175E-016                  0.0000000000000000E+000                  0.0000000000000000E+000                                        0                 -9.8999999999999986E+001                 -9.9000000000000000E+001                 -9.9000000000000000E+001 
                                     373                  9.9805999645763031E+000                  1.0828538897148996E+000                  5.7887610724741521E+000                 -4.1383583940715702E+000                  9.8201712590570729E+000                  7.5579999999999981E-001                  2.4280000000000007E-001                  1.4000000000000679E-003                  4.0903865284842185E-016                  0.0000000000000000E+000                  0.0000000000000000E+000                                        0                 -9.8999999999999986E+001                 -9.9000000000000000E+001                 -9.9000000000000000E+001 
                                     374                  9.9798276266075856E+000                  1.0816257170856325E+000                  5.7931686281268915E+000                 -4.1213083051125610E+000                  9.8414197984666654E+000                  7.5579999999999992E-001                  2.4280000000000002E-001                  1.4000000000000679E-003                  4.8329242684813294E-016                  0.0000000000000000E+000                  0.0000000000000000E+000                                        0                 -9.8999999999999986E+001                 -9.9000000000000000E+001                 -9.9000000000000000E+001 
                                     375                  9.9790286115233222E+000                  1.0803936132071366E+000                  5.7975699305228163E+000                 -4.1043337238203614E+000                  9.8625913659408297E+000                  7.5580000000000003E-001                  2.4280000000000002E-001                  1.3999999999999568E-003                  5.7056489756846825E-016                  0.0000000000000000E+000                  0.0000000000000000E+000                                        0                 -9.8999999999999986E+001                 -9.9000000000000000E+001                 -9.9000000000000000E+001 
                                     376                  9.9782020261946673E+000                  1.0791573584184706E+000                  5.8019653943310407E+000                 -4.0874308998763373E+000                  9.8836899048469853E+000                  7.5580000000000003E-001                  2.4279999999999988E-001                  1.4000000000000679E-003                  6.7306955231909880E-016                  0.0000000000000000E+000                  0.0000000000000000E+000                                        0                 -9.8999999999999986E+001                 -9.9000000000000000E+001                 -9.9000000000000000E+001 
                                     377                  9.9773469488601112E+000                  1.0779167401689544E+000                  5.8063553084452844E+000                 -4.0705961394018182E+000                  9.9047191655655364E+000                  7.5580000000000003E-001                  2.4279999999999988E-001                  1.4000000000000679E-003                  7.9338391943386783E-016                  0.0000000000000000E+000                  0.0000000000000000E+000                                        0                 -9.8999999999999986E+001                 -9.9000000000000000E+001                 -9.9000000000000000E+001 
                                     378                  9.9764624283081123E+000                  1.0766715530004329E+000                  5.8107400080517388E+000                 -4.0538260048560000E+000                  9.9256827158775049E+000                  7.5580000000000014E-001                  2.4279999999999982E-001                  1.4000000000000679E-003                  9.3451089846234513E-016                  0.0000000000000000E+000                  0.0000000000000000E+000                                        0                 -9.8999999999999986E+001                 -9.9000000000000000E+001                 -9.9000000000000000E+001 
                                     379                  9.9755474830628152E+000                  1.0754215979908766E+000                  5.8151199659546329E+000                 -4.0371174161043344E+000                  9.9465839501016937E+000                  7.5580000000000003E-001                  2.4279999999999990E-001                  1.4000000000000679E-003                  1.0999504458989884E-015                  0.0000000000000000E+000                  0.0000000000000000E+000                                        0                 -9.8999999999999986E+001                 -9.9000000000000000E+001                 -9.9000000000000000E+001 
                                     380                  9.9746011005826389E+000                  1.0741666819350919E+000                  5.8194957889103396E+000                 -4.0204676354724009E+000                  9.9674260972576949E+000                  7.5579999999999969E-001                  2.4280000000000015E-001                  1.4000000000001789E-003                  1.2937819827738662E-015                  0.0000000000000000E+000                  0.0000000000000000E+000                                        0                 -9.8999999999999986E+001                 -9.9000000000000000E+001                 -9.9000000000000000E+001 
                                     381                  9.9736222364602600E+000                  1.0729066165678154E+000                  5.8238682088532974E+000                 -4.0038742475668725E+000                  9.9882122283138983E+000                  7.5579999999999981E-001                  2.4280000000000007E-001                  1.4000000000000679E-003                  1.5207606257463563E-015                  0.0000000000000000E+000                  0.0000000000000000E+000                                        0                 -9.8999999999999986E+001                 -9.9000000000000000E+001                 -9.9000000000000000E+001 
                                     382                  9.9726098136456827E+000                  1.0716412178673085E+000                  5.8282380654334185E+000                 -3.9873351295980362E+000                  1.0008945262181467E+001                  7.5579999999999992E-001                  2.4280000000000010E-001                  1.3999999999999568E-003                  1.7864293385665607E-015                  0.0000000000000000E+000                  0.0000000000000000E+000                                        0                 -9.8999999999999986E+001                 -9.9000000000000000E+001                 -9.9000000000000000E+001 
                                     383                  9.9715627217213925E+000                  1.0703703054951035E+000                  5.8326062091788593E+000                 -3.9708483291938332E+000                  1.0029627969375941E+001                  7.5580000000000003E-001                  2.4280000000000002E-001                  1.3999999999999568E-003                  2.0972456359322820E-015                  0.0000000000000000E+000                  0.0000000000000000E+000                                        0                 -9.8999999999999986E+001                 -9.9000000000000000E+001                 -9.9000000000000000E+001 
                                     384                  9.9704798163409745E+000                  1.0690937027655589E+000                  5.8369733752422990E+000                 -3.9544119102496724E+000                  1.0050262972887353E+001                  7.5579999999999992E-001                  2.4279999999999999E-001                  1.4000000000000679E-003                  2.4607240772254077E-015                  0.0000000000000000E+000                  0.0000000000000000E+000                                        0                 -9.8999999999999986E+001                 -9.9000000000000000E+001                 -9.9000000000000000E+001 
                                     385                  9.9693599188225726E+000                  1.0678112372090760E+000                  5.8413401470629989E+000                 -3.9380239098295644E+000                  1.0070852747909443E+001                  7.5579999999999981E-001                  2.4280000000000013E-001                  1.4000000000000679E-003                  2.8856021774405619E-015                  0.0000000000000000E+000                  0.0000000000000000E+000                                        0                 -9.8999999999999986E+001                 -9.9000000000000000E+001                 -9.9000000000000000E+001 
                                     386                  9.9682018157894401E+000                  1.0665227412668701E+000                  5.8457069662807450E+000                 -3.9216823516490336E+000                  1.0091399620950563E+001                  7.5580000000000003E-001                  2.4280000000000002E-001                  1.3999999999999568E-003                  3.3820332886145252E-015                  0.0000000000000000E+000                  0.0000000000000000E+000                                        0                 -9.8999999999999986E+001                 -9.9000000000000000E+001                 -9.9000000000000000E+001 
                                     387                  9.9670042589429801E+000                  1.0652280530413232E+000                  5.8500741421820397E+000                 -3.9053852599345515E+000                  1.0111905767969562E+001                  7.5579999999999969E-001                  2.4280000000000021E-001                  1.4000000000000679E-003                  3.9618085240602220E-015                  0.0000000000000000E+000                  0.0000000000000000E+000                                        0                 -9.8999999999999986E+001                 -9.9000000000000000E+001                 -9.9000000000000000E+001 
                                     388                  9.9657659649551746E+000                  1.0639270170673458E+000                  5.8544418711829946E+000                 -3.8891306857971952E+000                  1.0132373212663298E+001                  7.5580000000000003E-001                  2.4280000000000002E-001                  1.3999999999999568E-003                  4.6386130105223885E-015                  0.0000000000000000E+000                  0.0000000000000000E+000                                        0                 -9.8999999999999986E+001                 -9.9000000000000000E+001                 -9.9000000000000000E+001 
                                     389                  9.9644856153955850E+000                  1.0626194849646620E+000                  5.8588102947758500E+000                 -3.8729167776641558E+000                  1.0152803826359721E+001                  7.5579999999999981E-001                  2.4280000000000018E-001                  1.4000000000000679E-003                  5.4283262830588668E-015                  0.0000000000000000E+000                  0.0000000000000000E+000                                        0                 -9.8999999999999986E+001                 -9.9000000000000000E+001                 -9.9000000000000000E+001 
                                     390                  9.9631618566030440E+000                  1.0613053157459089E+000                  5.8631795511191926E+000                 -3.8567418386369856E+000                  1.0173199332521021E+001                  7.5580000000000003E-001                  2.4279999999999999E-001                  1.3999999999999568E-003                  6.3493717650215435E-015                  0.0000000000000000E+000                  0.0000000000000000E+000                                        0                 -9.8999999999999986E+001                 -9.9000000000000000E+001                 -9.9000000000000000E+001 
                                     391                  9.9617932991581188E+000                  1.0599843754940914E+000                  5.8675497821354892E+000                 -3.8406043146792745E+000                  1.0193561325680349E+001                  7.5580000000000014E-001                  2.4279999999999977E-001                  1.4000000000000679E-003                  7.4231172874412448E-015                  0.0000000000000000E+000                  0.0000000000000000E+000                                        0                 -9.8999999999999986E+001                 -9.9000000000000000E+001                 -9.9000000000000000E+001 
                                     392                  9.9603785157952967E+000                  1.0586565355857340E+000                  5.8719211320496250E+000                 -3.8245027624583812E+000                  1.0213891300018709E+001                  7.5579999999999992E-001                  2.4279999999999996E-001                  1.4000000000000679E-003                  8.6743367448810164E-015                  0.0000000000000000E+000                  0.0000000000000000E+000                                        0                 -9.8999999999999986E+001                 -9.9000000000000000E+001                 -9.9000000000000000E+001 
                                     393                  9.9589160391280611E+000                  1.0573216710116236E+000                  5.8762937456259863E+000                 -3.8084358216226666E+000                  1.0234190673518103E+001                  7.5580000000000003E-001                  2.4279999999999988E-001                  1.4000000000000679E-003                  1.0131742771421329E-014                  0.0000000000000000E+000                  0.0000000000000000E+000                                        0                 -9.8999999999999986E+001                 -9.9000000000000000E+001                 -9.9000000000000000E+001 
                                     394                  9.9574043595172643E+000                  1.0559796590883890E+000                  5.8806677865226584E+000                 -3.7924022084664761E+000                  1.0254460814758243E+001                  7.5579999999999981E-001                  2.4280000000000007E-001                  1.4000000000000679E-003                  1.1828607108925747E-014                  0.0000000000000000E+000                  0.0000000000000000E+000                                        0                 -9.8999999999999986E+001                 -9.9000000000000000E+001                 -9.9000000000000000E+001 
                                     395                  9.9558419217328229E+000                  1.0546303772881684E+000                  5.8850434930784985E+000                 -3.7764007471411998E+000                  1.0274703076682034E+001                  7.5579999999999992E-001                  2.4279999999999999E-001                  1.4000000000000679E-003                  1.3803493582510670E-014                  0.0000000000000000E+000                  0.0000000000000000E+000                                        0                 -9.8999999999999986E+001                 -9.9000000000000000E+001                 -9.9000000000000000E+001 
                                     396                  9.9542271209096072E+000                  1.0532737006371189E+000                  5.8894212203668710E+000                 -3.7604303958431182E+000                  1.0294918819200182E+001                  7.5579999999999992E-001                  2.4279999999999999E-001                  1.4000000000000679E-003                  1.6101115024364187E-014                  0.0000000000000000E+000                  0.0000000000000000E+000                                        0                 -9.8999999999999986E+001                 -9.9000000000000000E+001                 -9.9000000000000000E+001 
                                     397                  9.9525582999508995E+000                  1.0519095005273871E+000                  5.8938014465146855E+000                 -3.7444902468516790E+000                  1.0315109415316511E+001                  7.5580000000000003E-001                  2.4279999999999999E-001                  1.3999999999999568E-003                  1.8773325279275926E-014                  0.0000000000000000E+000                  0.0000000000000000E+000                                        0                 -9.8999999999999986E+001                 -9.9000000000000000E+001                 -9.9000000000000000E+001 
                                     398                  9.9508337474514175E+000                  1.0505376440684220E+000                  5.8981847745302645E+000                 -3.7285795286202279E+000                  1.0335276250457026E+001                  7.5580000000000003E-001                  2.4280000000000002E-001                  1.3999999999999568E-003                  2.1880275795425072E-014                  0.0000000000000000E+000                  0.0000000000000000E+000                                        0                 -9.8999999999999986E+001                 -9.9000000000000000E+001                 -9.9000000000000000E+001 
                                     399                  9.9490516959586301E+000                  1.0491579937522080E+000                  5.9025804886442215E+000                 -3.7126673532972641E+000                  1.0355459321411210E+001                  7.5580000000000003E-001                  2.4279999999999999E-001                  1.3999999999999568E-003                  2.5499309859139734E-014                  0.0000000000000000E+000                  0.0000000000000000E+000                                        0                 -9.8999999999999986E+001                 -9.9000000000000000E+001                 -9.9000000000000000E+001 
                                     400                  9.9472032141948148E+000                  1.0477651239608261E+000                  5.9069886545859456E+000                 -3.6967545324370272E+000                  1.0375657894826475E+001                  7.5580000000000003E-001                  2.4280000000000002E-001                  1.3999999999999568E-003                  2.9714411463904014E-014                  0.0000000000000000E+000                  0.0000000000000000E+000                                        0                 -9.8999999999999986E+001                 -9.9000000000000000E+001                 -9.9000000000000000E+001 
                                     401                  9.9452932875612685E+000                  1.0463642799923540E+000                  5.9114016023772171E+000                 -3.6808713174354675E+000                  1.0395834343298848E+001                  7.5580000000000003E-001                  2.4280000000000002E-001                  1.3999999999999568E-003                  3.4613880951768936E-014                  0.0000000000000000E+000                  0.0000000000000000E+000                                        0                 -9.8999999999999986E+001                 -9.9000000000000000E+001                 -9.9000000000000000E+001 
                                     402                  9.9433199633990927E+000                  1.0449553059063843E+000                  5.9158198651929252E+000                 -3.6650167414824950E+000                  1.0415990157217406E+001                  7.5580000000000003E-001                  2.4280000000000002E-001                  1.3999999999999568E-003                  4.0307416459671337E-014                  0.0000000000000000E+000                  0.0000000000000000E+000                                        0                 -9.8999999999999986E+001                 -9.9000000000000000E+001                 -9.9000000000000000E+001 
                                     403                  9.9412812278047813E+000                  1.0435380436033221E+000                  5.9202438082493956E+000                 -3.6491896675052451E+000                  1.0436126799329907E+001                  7.5580000000000003E-001                  2.4280000000000002E-001                  1.3999999999999568E-003                  4.6921983899862943E-014                  0.0000000000000000E+000                  0.0000000000000000E+000                                        0                 -9.8999999999999986E+001                 -9.9000000000000000E+001                 -9.9000000000000000E+001 
                                     404                  9.9391750041632481E+000                  1.0421123336640239E+000                  5.9246736287827044E+000                 -3.6333887897474639E+000                  1.0456245704163299E+001                  7.5580000000000003E-001                  2.4280000000000002E-001                  1.3999999999999568E-003                  5.4604439913667944E-014                  0.0000000000000000E+000                  0.0000000000000000E+000                                        0                 -9.8999999999999986E+001                 -9.9000000000000000E+001                 -9.9000000000000000E+001 
                                     405                  9.9369991511639455E+000                  1.0406780158652680E+000                  5.9291093729990978E+000                 -3.6176126557075183E+000                  1.0476348277334358E+001                  7.5580000000000003E-001                  2.4280000000000002E-001                  1.3999999999999568E-003                  6.3524551193238848E-014                  0.0000000000000000E+000                  0.0000000000000000E+000                                        0                 -9.8999999999999986E+001                 -9.9000000000000000E+001                 -9.9000000000000000E+001 
                                     406                  9.9347514612896468E+000                  1.0392349299915260E+000                  5.9335510395334214E+000                 -3.6018597963121750E+000                  1.0496435888600969E+001                  7.5580000000000003E-001                  2.4280000000000002E-001                  1.3999999999999568E-003                  7.3878600740412586E-014                  0.0000000000000000E+000                  0.0000000000000000E+000                                        0                 -9.8999999999999986E+001                 -9.9000000000000000E+001                 -9.9000000000000000E+001 
                                     407                  9.9324296602129394E+000                  1.0377829168016197E+000                  5.9379986958311903E+000                 -3.5861288693496816E+000                  1.0516509866423894E+001                  7.5580000000000003E-001                  2.4280000000000002E-001                  1.3999999999999568E-003                  8.5893661504091500E-014                  0.0000000000000000E+000                  0.0000000000000000E+000                                        0                 -9.8999999999999986E+001                 -9.9000000000000000E+001                 -9.9000000000000000E+001 
                                     408                  9.9300314051489948E+000                  1.0363218178073195E+000                  5.9424525058124411E+000                 -3.5704186905569517E+000                  1.0536571499062079E+001                  7.5580000000000003E-001                  2.4280000000000002E-001                  1.3999999999999568E-003                  9.9832481681127361E-014                  0.0000000000000000E+000                  0.0000000000000000E+000                                        0                 -9.8999999999999986E+001                 -9.9000000000000000E+001                 -9.9000000000000000E+001 
                                     409                  9.9275542828612178E+000                  1.0348514747357611E+000                  5.9469127286812871E+000                 -3.5547282314015289E+000                  1.0556622034876888E+001                  7.5580000000000003E-001                  2.4280000000000002E-001                  1.3999999999999568E-003                  1.1599911729918625E-013                  0.0000000000000000E+000                  0.0000000000000000E+000                                        0                 -9.8999999999999986E+001                 -9.9000000000000000E+001                 -9.9000000000000000E+001 
                                     410                  9.9249958081540637E+000                  1.0333717292962947E+000                  5.9513797164835536E+000                 -3.5390566201959062E+000                  1.0576662678019828E+001                  7.5580000000000003E-001                  2.4280000000000002E-001                  1.3999999999999568E-003                  1.3474546781877531E-013                  0.0000000000000000E+000                  0.0000000000000000E+000                                        0                 -9.8999999999999986E+001                 -9.9000000000000000E+001                 -9.9000000000000000E+001 
                                     411                  9.9223534230723249E+000                  1.0318824233194566E+000                  5.9558538822133764E+000                 -3.5234031087016748E+000                  1.0596694583849487E+001                  7.5580000000000003E-001                  2.4280000000000002E-001                  1.3999999999999568E-003                  1.5647876272488122E-013                  0.0000000000000000E+000                  0.0000000000000000E+000                                        0                 -9.8999999999999986E+001                 -9.9000000000000000E+001                 -9.9000000000000000E+001 
                                     412                  9.9196244956830899E+000                  1.0303833987084894E+000                  5.9603356184802019E+000                 -3.5077669786783305E+000                  1.0616718856287875E+001                  7.5580000000000003E-001                  2.4280000000000002E-001                  1.3999999999999568E-003                  1.8166997996570381E-013                  0.0000000000000000E+000                  0.0000000000000000E+000                                        0                 -9.8999999999999986E+001                 -9.9000000000000000E+001                 -9.9000000000000000E+001 
                                     413                  9.9168063189962314E+000                  1.0288744977530375E+000                  5.9648252409748119E+000                 -3.4921474790804132E+000                  1.0636736544170166E+001                  7.5580000000000003E-001                  2.4280000000000002E-001                  1.3999999999999568E-003                  2.1086347890584033E-013                  0.0000000000000000E+000                  0.0000000000000000E+000                                        0                 -9.8999999999999986E+001                 -9.9000000000000000E+001                 -9.9000000000000000E+001 
                                     414                  9.9138961102137131E+000                  1.0273555638032483E+000                  5.9693229833741999E+000                 -3.4765438259221098E+000                  1.0656748635789087E+001                  7.5580000000000003E-001                  2.4280000000000002E-001                  1.3999999999999568E-003                  2.4468818584416945E-013                  0.0000000000000000E+000                  0.0000000000000000E+000                                        0                 -9.8999999999999986E+001                 -9.9000000000000000E+001                 -9.9000000000000000E+001 
                                     415                  9.9108910104347743E+000                  1.0258264421361325E+000                  5.9738289964859543E+000                 -3.4609552099467247E+000                  1.0676756051024448E+001                  7.5580000000000003E-001                  2.4280000000000002E-001                  1.3999999999999568E-003                  2.8387043471778269E-013                  0.0000000000000000E+000                  0.0000000000000000E+000                                        0                 -9.8999999999999986E+001                 -9.9000000000000000E+001                 -9.9000000000000000E+001 
                                     416                  9.9077880850308020E+000                  1.0242869810644792E+000                  5.9783433465009104E+000                 -3.4453808035524558E+000                  1.0696759633015953E+001                  7.5580000000000003E-001                  2.4280000000000002E-001                  1.3999999999999568E-003                  3.2924867101300139E-013                  0.0000000000000000E+000                  0.0000000000000000E+000                                        0                 -9.8999999999999986E+001                 -9.9000000000000000E+001                 -9.9000000000000000E+001 
                                     417                  9.9045843240548894E+000                  1.0227370329403356E+000                  5.9828660084616745E+000                 -3.4298197573324583E+000                  1.0716760144322050E+001                  7.5580000000000003E-001                  2.4280000000000002E-001                  1.3999999999999568E-003                  3.8179023527362437E-013                  0.0000000000000000E+000                  0.0000000000000000E+000                                        0                 -9.8999999999999986E+001                 -9.9000000000000000E+001                 -9.9000000000000000E+001 
                                     418                  9.9012766417756914E+000                  1.0211764546639426E+000                  5.9873968580807304E+000                 -3.4142711947258118E+000                  1.0736758262811428E+001                  7.5580000000000003E-001                  2.4280000000000002E-001                  1.3999999999999568E-003                  4.4261049049767664E-013                  0.0000000000000000E+000                  0.0000000000000000E+000                                        0                 -9.8999999999999986E+001                 -9.9000000000000000E+001                 -9.9000000000000000E+001 
                                     419                  9.8978618776176077E+000                  1.0196051088265898E+000                  5.9919356701462547E+000                 -3.3987342175765254E+000                  1.0756754574862851E+001                  7.5580000000000003E-001                  2.4280000000000002E-001                  1.3999999999999568E-003                  5.1299465445625367E-013                  0.0000000000000000E+000                  0.0000000000000000E+000                                        0                 -9.8999999999999986E+001                 -9.9000000000000000E+001                 -9.9000000000000000E+001 
                                     420                  9.8943367971122580E+000                  1.0180228647338798E+000                  5.9964821224161637E+000                 -3.3832079088298577E+000                  1.0776749577564065E+001                  7.5580000000000003E-001                  2.4280000000000002E-001                  1.3999999999999568E-003                  5.9442272127350072E-013                  0.0000000000000000E+000                  0.0000000000000000E+000                                        0                 -9.8999999999999986E+001                 -9.9000000000000000E+001                 -9.9000000000000000E+001 
                                     421                  9.8906980902489341E+000                  1.0164295981777893E+000                  6.0010358005387703E+000                 -3.3676913314937797E+000                  1.0796743685428536E+001                  7.5580000000000003E-001                  2.4280000000000002E-001                  1.3999999999999568E-003                  6.8859784942011992E-013                  5.5155991669936885E-040                  0.0000000000000000E+000                                        0                 -9.8999999999999986E+001                 -9.9000000000000000E+001                 -9.9000000000000000E+001 
                                     422                  9.8869423708906226E+000                  1.0148251917094380E+000                  6.0055962250665447E+000                 -3.3521835565339519E+000                  1.0816737234036113E+001                  7.5580000000000003E-001                  2.4280000000000002E-001                  1.3999999999999568E-003                  7.9747902088563988E-013                  9.1567208209820418E-040                  0.0000000000000000E+000                                        0                 -9.8999999999999986E+001                 -9.9000000000000000E+001                 -9.9000000000000000E+001 
                                     423                  9.8830661761220835E+000                  1.0132095347654786E+000                  6.0101629268277161E+000                 -3.3366837410654417E+000                  1.0836730489577207E+001                  7.5580000000000003E-001                  2.4280000000000002E-001                  1.3999999999999568E-003                  9.2331940283695728E-013                  1.5185676365604344E-039                  0.0000000000000000E+000                                        0                 -9.8999999999999986E+001                 -9.9000000000000000E+001                 -9.9000000000000000E+001 
                                     424                  9.8790659633063225E+000                  1.0115825225492274E+000                  6.0147355034390397E+000                 -3.3211911814700077E+000                  1.0856723661324086E+001                  7.5580000000000003E-001                  2.4280000000000002E-001                  1.3999999999999568E-003                  1.0687106282910093E-012                  2.5156927169747138E-039                  0.0000000000000000E+000                                        0                 -9.8999999999999986E+001                 -9.9000000000000000E+001                 -9.9000000000000000E+001 
                                     425                  9.8749381078266580E+000                  1.0099440550602836E+000                  6.0193136235392126E+000                 -3.3057053084255483E+000                  1.0876716910847913E+001                  7.5580000000000003E-001                  2.4280000000000002E-001                  1.3999999999999568E-003                  1.2366329645986037E-012                  4.1629001610856976E-039                  0.0000000000000000E+000                                        0                 -9.8999999999999986E+001                 -9.9000000000000000E+001                 -9.9000000000000000E+001 
                                     426                  9.8706789008429929E+000                  1.0082940361779571E+000                  6.0238970248018147E+000                 -3.2902256746435379E+000                  1.0896710361233703E+001                  7.5580000000000003E-001                  2.4280000000000002E-001                  1.3999999999999568E-003                  1.4305127601698642E-012                  6.8807875678916460E-039                  0.0000000000000000E+000                                        0                 -9.8999999999999986E+001                 -9.9000000000000000E+001                 -9.9000000000000000E+001 
                                     427                  9.8662845465395392E+000                  1.0066323726227795E+000                  6.0284855120904197E+000                 -3.2747519430247229E+000                  1.0916704106034755E+001                  7.5580000000000003E-001                  2.4280000000000002E-001                  1.3999999999999568E-003                  1.6542883407815647E-012                  1.1359935583900317E-038                  0.0000000000000000E+000                                        0                 -9.8999999999999986E+001                 -9.9000000000000000E+001                 -9.9000000000000000E+001 
                                     428                  9.8617511594581124E+000                  1.0049589730381128E+000                  6.0330789551882651E+000                 -3.2592838772951289E+000                  1.0936698215466873E+001                  7.5580000000000003E-001                  2.4280000000000002E-001                  1.3999999999999568E-003                  1.9124855751355542E-012                  1.8732848917853706E-038                  0.0000000000000000E+000                                        0                 -9.8999999999999986E+001                 -9.9000000000000000E+001                 -9.9000000000000000E+001 
                                     429                  9.8570747624600337E+000                  1.0032737473711437E+000                  6.0376772861482069E+000                 -3.2438213349541933E+000                  1.0956692739995447E+001                  7.5580000000000003E-001                  2.4280000000000002E-001                  1.3999999999999568E-003                  2.2103045217033514E-012                  3.0854565102918702E-038                  0.0000000000000000E+000                                        0                 -9.8999999999999986E+001                 -9.9000000000000000E+001                 -9.9000000000000000E+001 
                                     430                  9.8522512849168624E+000                  1.0015766063696410E+000                  6.0422804968482584E+000                 -3.2283642605480654E+000                  1.0976687713847589E+001                  7.5580000000000003E-001                  2.4280000000000002E-001                  1.3999999999999568E-003                  2.5537188153549511E-012                  5.0760118173350870E-038                  0.0000000000000000E+000                                        0                 -9.8999999999999986E+001                 -9.9000000000000000E+001                 -9.9000000000000000E+001 
                                     431                  9.8472765605039712E+000                  9.9986746096485080E-001                  6.0468886362613956E+000                 -3.2129126809141986E+000                  1.0996683156386549E+001                  7.5580000000000003E-001                  2.4280000000000002E-001                  1.3999999999999568E-003                  2.9495896373438349E-012                  8.3409548753660342E-038                  0.0000000000000000E+000                                        0                 -9.8999999999999986E+001                 -9.9000000000000000E+001                 -9.9000000000000000E+001 
                                     432                  9.8421463262877396E+000                  9.9814622212034598E-001                  6.0515018075159466E+000                 -3.1974667021710310E+000                  1.1016679071519100E+001                  7.5580000000000003E-001                  2.4280000000000002E-001                  1.3999999999999568E-003                  3.4057964038904782E-012                  1.3690000160397912E-037                  0.0000000000000000E+000                                        0                 -9.8999999999999986E+001                 -9.9000000000000000E+001                 -9.9000000000000000E+001 
                                     433                  9.8368562215198061E+000                  9.9641280055882975E-001                  6.0561201660487729E+000                 -3.1820265070355815E+000                  1.1036675447977810E+001                  7.5580000000000003E-001                  2.4280000000000002E-001                  1.3999999999999568E-003                  3.9313867438152089E-012                  2.2443591760664829E-037                  0.0000000000000000E+000                                        0                 -9.8999999999999986E+001                 -9.9000000000000000E+001                 -9.9000000000000000E+001 
                                     434                  9.8314017864134637E+000                  9.9466710646801115E-001                  6.0607439181438769E+000                 -3.1665923550490289E+000                  1.1056672257323115E+001                  7.5580000000000003E-001                  2.4280000000000002E-001                  1.3999999999999568E-003                  4.5367485887114816E-012                  3.6752865731933676E-037                  0.0000000000000000E+000                                        0                 -9.8999999999999986E+001                 -9.9000000000000000E+001                 -9.9000000000000000E+001 
                                     435                  9.8257784623250544E+000                  9.9290904962244797E-001                  6.0653733182954266E+000                 -3.1511645819539393E+000                  1.1076669451509705E+001                  7.5580000000000003E-001                  2.4280000000000002E-001                  1.3999999999999568E-003                  5.2338075243707434E-012                  6.0118837077141741E-037                  0.0000000000000000E+000                                        0                 -9.8999999999999986E+001                 -9.9000000000000000E+001                 -9.9000000000000000E+001 
                                     436                  9.8199815911076840E+000                  9.9113853918298689E-001                  6.0700086654646146E+000                 -3.1357435972617815E+000                  1.1096666960993408E+001                  7.5580000000000003E-001                  2.4280000000000002E-001                  1.3999999999999568E-003                  6.0362530708185410E-012                  9.8234192986721327E-037                  0.0000000000000000E+000                                        0                 -9.8999999999999986E+001                 -9.9000000000000000E+001                 -9.9000000000000000E+001 
                                     437                  9.8140064154056716E+000                  9.8935548374779925E-001                  6.0746502989503401E+000                 -3.1203298838465341E+000                  1.1116664690292493E+001                  7.5580000000000003E-001                  2.4280000000000002E-001                  1.3999999999999568E-003                  6.9597981040337172E-012                  1.6034714174549331E-036                  0.0000000000000000E+000                                        0                 -9.8999999999999986E+001                 -9.9000000000000000E+001                 -9.9000000000000000E+001 
                                     438                  9.8078480799797259E+000                  9.8755979163961660E-001                  6.0792985948542997E+000                 -3.1049239971558680E+000                  1.1136662514692375E+001                  7.5580000000000003E-001                  2.4280000000000002E-001                  1.3999999999999568E-003                  8.0224764154527839E-012                  2.6146958484113491E-036                  0.0000000000000000E+000                                        0                 -9.8999999999999986E+001                 -9.9000000000000000E+001                 -9.9000000000000000E+001 
                                     439                  9.8015016319855484E+000                  9.8575137080116382E-001                  6.0839539627982182E+000                 -3.0895265649282426E+000                  1.1156660276797687E+001                  7.5580000000000003E-001                  2.4280000000000002E-001                  1.3999999999999568E-003                  9.2449839683687571E-012                  4.2595001599348468E-036                  0.0000000000000000E+000                                        0                 -9.8999999999999986E+001                 -9.9000000000000000E+001                 -9.9000000000000000E+001 
                                     440                  9.7949620230809522E+000                  9.8393012914531652E-001                  6.0886168425731189E+000                 -3.0741382885963562E+000                  1.1176657781468396E+001                  7.5580000000000003E-001                  2.4280000000000002E-001                  1.3999999999999568E-003                  1.0651070164074839E-011                  6.9325120302225825E-036                  0.0000000000000000E+000                                        0                 -9.8999999999999986E+001                 -9.9000000000000000E+001                 -9.9000000000000000E+001 
                                     441                  9.7882241115132800E+000                  9.8209597478668109E-001                  6.0932877018342415E+000                 -3.0587599424205321E+000                  1.1196654793986614E+001                  7.5580000000000003E-001                  2.4280000000000002E-001                  1.3999999999999568E-003                  1.2267986792259865E-011                  1.1272883737860621E-035                  0.0000000000000000E+000                                        0                 -9.8999999999999986E+001                 -9.9000000000000000E+001                 -9.9000000000000000E+001 
                                     442                  9.7812826629672696E+000                  9.8024881584474011E-001                  6.0979670343535783E+000                 -3.0433923720223448E+000                  1.1216651039451403E+001                  7.5580000000000003E-001                  2.4280000000000002E-001                  1.3999999999999568E-003                  1.4127003156386727E-011                  1.8315148587637532E-035                  0.0000000000000000E+000                                        0                 -9.8999999999999986E+001                 -9.9000000000000000E+001                 -9.9000000000000000E+001 
                                     443                  9.7741323524641448E+000                  9.7838856046763700E-001                  6.1026553568478228E+000                 -3.0280364900894603E+000                  1.1236646203364151E+001                  7.5580000000000003E-001                  2.4280000000000002E-001                  1.3999999999999568E-003                  1.6263996622456807E-011                  2.9732818113036907E-035                  0.0000000000000000E+000                                        0                 -9.8999999999999986E+001                 -9.9000000000000000E+001                 -9.9000000000000000E+001 
                                     444                  9.7667677648759970E+000                  9.7651511643549427E-001                  6.1073531730229167E+000                 -3.0126932285110346E+000                  1.1256639937665470E+001                  7.5580000000000003E-001                  2.4280000000000002E-001                  1.3999999999999568E-003                  1.8720118001499108E-011                  4.8231444006689970E-035                  0.0000000000000000E+000                                        0                 -9.8999999999999986E+001                 -9.9000000000000000E+001                 -9.9000000000000000E+001 
                                     445                  9.7591833931231395E+000                  9.7462839034869730E-001                  6.1120609133160011E+000                 -2.9973634555159920E+000                  1.1276631873419692E+001                  7.5580000000000003E-001                  2.4280000000000002E-001                  1.3999999999999568E-003                  2.1542535984073546E-011                  7.8182241777072460E-035                  0.0000000000000000E+000                                        0                 -9.8999999999999986E+001                 -9.9000000000000000E+001                 -9.9000000000000000E+001 
                                     446                  9.7513736331881500E+000                  9.7272828642522180E-001                  6.1167789124268834E+000                 -2.9820479334605450E+000                  1.1296621636589782E+001                  7.5580000000000003E-001                  2.4280000000000002E-001                  1.3999999999999568E-003                  2.4785289641686336E-011                  1.2664284417326679E-034                  0.0000000000000000E+000                                        0                 -9.8999999999999986E+001                 -9.9000000000000000E+001                 -9.9000000000000000E+001 
                                     447                  9.7433327785296733E+000                  9.7081470545471360E-001                  6.1215074185582310E+000                 -2.9667473108061153E+000                  1.1316608866299513E+001                  7.5580000000000003E-001                  2.4280000000000002E-001                  1.3999999999999568E-003                  2.8510269419456132E-011                  2.0500068642037736E-034                  0.0000000000000000E+000                                        0                 -9.8999999999999986E+001                 -9.9000000000000000E+001                 -9.9000000000000000E+001 
                                     448                  9.7350550110887735E+000                  9.6888754311742498E-001                  6.1262466058685794E+000                 -2.9514621056996533E+000                  1.1336593244773068E+001                  7.5580000000000003E-001                  2.4280000000000002E-001                  1.3999999999999568E-003                  3.2788338507838096E-011                  3.3161676780743548E-034                  0.0000000000000000E+000                                        0                 -9.8999999999999986E+001                 -9.9000000000000000E+001                 -9.9000000000000000E+001 
                                     449                  9.7265343832146787E+000                  9.6694668649055382E-001                  6.1309965863693607E+000                 -2.9361926890274335E+000                  1.1356574527109224E+001                  7.5580000000000003E-001                  2.4280000000000002E-001                  1.3999999999999568E-003                  3.7700613058130100E-011                  5.3607569609007774E-034                  0.0000000000000000E+000                                        0                 -9.8999999999999986E+001                 -9.9000000000000000E+001                 -9.9000000000000000E+001 
                                     450                  9.7177648044609626E+000                  9.6499201210392427E-001                  6.1357574186061683E+000                 -2.9209392760652655E+000                  1.1376552559071449E+001                  7.5580000000000003E-001                  2.4280000000000002E-001                  1.3999999999999568E-003                  4.3339920638615959E-011                  8.6601235917247709E-034                  0.0000000000000000E+000                                        0                 -9.8999999999999986E+001                 -9.9000000000000000E+001                 -9.9000000000000000E+001 
                                     451                  9.7087400294564201E+000                  9.6302338452152847E-001                  6.1405291174973380E+000                 -2.9057019130965531E+000                  1.1396527301047502E+001                  7.5580000000000003E-001                  2.4280000000000002E-001                  1.3999999999999568E-003                  4.9812466153683219E-011                  1.3980692966020238E-033                  0.0000000000000000E+000                                        0                 -9.8999999999999986E+001                 -9.9000000000000000E+001                 -9.9000000000000000E+001 
                                     452                  9.6994536354856304E+000                  9.6104065298493868E-001                  6.1453116634256526E+000                 -2.8904804647750697E+000                  1.1416498850479924E+001                  7.5580000000000003E-001                  2.4280000000000002E-001                  1.3999999999999568E-003                  5.7239733379156020E-011                  2.2554697605059531E-033                  0.0000000000000000E+000                                        0                 -9.8999999999999986E+001                 -9.9000000000000000E+001                 -9.9000000000000000E+001 
                                     453                  9.6898990073132314E+000                  9.5904365004143843E-001                  6.1501050062255374E+000                 -2.8752746165119634E+000                  1.1436467444169963E+001                  7.5580000000000003E-001                  2.4280000000000002E-001                  1.3999999999999568E-003                  6.5760647570825766E-011                  3.6361778198994834E-033                  0.0000000000000000E+000                                        0                 -9.8999999999999986E+001                 -9.9000000000000000E+001                 -9.9000000000000000E+001 
                                     454                  9.6800693298011602E+000                  9.5703219200161305E-001                  6.1549090743127595E+000                 -2.8600838905283150E+000                  1.1456433452954887E+001                  7.5580000000000003E-001                  2.4280000000000002E-001                  1.3999999999999568E-003                  7.5534046167750386E-011                  5.8579873856900298E-033                  0.0000000000000000E+000                                        0                 -9.8999999999999986E+001                 -9.9000000000000000E+001                 -9.9000000000000000E+001 
                                     455                  9.6699575786384102E+000                  9.5500607901342771E-001                  6.1597238109659438E+000                 -2.8449076917343761E+000                  1.1476397377885721E+001                  7.5580000000000003E-001                  2.4280000000000002E-001                  1.3999999999999568E-003                  8.6741543415381948E-011                  9.4306834310482660E-033                  0.0000000000000000E+000                                        0                 -9.8999999999999986E+001                 -9.9000000000000000E+001                 -9.9000000000000000E+001 
                                     456                  9.6595565109109653E+000                  9.5296509498704174E-001                  6.1645492070686201E+000                 -2.8297453554308722E+000                  1.1496359840690326E+001                  7.5580000000000003E-001                  2.4280000000000002E-001                  1.3999999999999568E-003                  9.9590825235764149E-011                  1.5171465194486795E-032                  0.0000000000000000E+000                                        0                 -9.8999999999999986E+001                 -9.9000000000000000E+001                 -9.9000000000000000E+001 
                                     457                  9.6488586612892764E+000                  9.5090900846466897E-001                  6.1693853028333026E+000                 -2.8145961653663765E+000                  1.1516321568316204E+001                  7.5580000000000003E-001                  2.4280000000000002E-001                  1.3999999999999568E-003                  1.1431938519065287E-010                  2.4389433340210074E-032                  0.0000000000000000E+000                                        0                 -9.8999999999999986E+001                 -9.9000000000000000E+001                 -9.9000000000000000E+001 
                                     458                  9.6378563394475947E+000                  9.4883757360948151E-001                  6.1742321820861088E+000                 -2.7994593656617224E+000                  1.1536283374990218E+001                  7.5580000000000003E-001                  2.4280000000000002E-001                  1.3999999999999568E-003                  1.3119878254097615E-010                  3.9180293788096971E-032                  0.0000000000000000E+000                                        0                 -9.8999999999999986E+001                 -9.9000000000000000E+001                 -9.9000000000000000E+001 
                                     459                  9.6265416306549003E+000                  9.4675053167552814E-001                  6.1790899665769725E+000                 -2.7843341731356044E+000                  1.1556246143959388E+001                  7.5580000000000003E-001                  2.4280000000000002E-001                  1.3999999999999568E-003                  1.5053950515687227E-010                  6.2896850132419863E-032                  0.0000000000000000E+000                                        0                 -9.8999999999999986E+001                 -9.9000000000000000E+001                 -9.9000000000000000E+001 
                                     460                  9.6149063957741063E+000                  9.4464761220918303E-001                  6.1839588116508821E+000                 -2.7692197857888612E+000                  1.1576210814477141E+001                  7.5580000000000003E-001                  2.4280000000000002E-001                  1.3999999999999568E-003                  1.7269652831252964E-010                  1.0089973636513401E-031                  0.0000000000000000E+000                                        0                 -9.8999999999999986E+001                 -9.9000000000000000E+001                 -9.9000000000000000E+001 
                                     461                  9.6029422680924856E+000                  9.4252853355640409E-001                  6.1888389030663440E+000                 -2.7541153880705274E+000                  1.1596178373198963E+001                  7.5580000000000003E-001                  2.4280000000000002E-001                  1.3999999999999568E-003                  1.9807567049651195E-010                  1.6175470204881643E-031                  0.0000000000000000E+000                                        0                 -9.8999999999999986E+001                 -9.9000000000000000E+001                 -9.9000000000000000E+001 
                                     462                  9.5906406496692398E+000                  9.4039300322395836E-001                  6.1937304532837851E+000                 -2.7390201580257303E+000                  1.1616149843130554E+001                  7.5580000000000003E-001                  2.4280000000000002E-001                  1.3999999999999568E-003                  2.2714085303337495E-010                  2.5914111014460110E-031                  0.0000000000000000E+000                                        0                 -9.8999999999999986E+001                 -9.9000000000000000E+001                 -9.9000000000000000E+001 
                                     463                  9.5779927123514668E+000                  9.3824071897688444E-001                  6.1986336970872342E+000                 -2.7239332768604250E+000                  1.1636126269513005E+001                  7.5580000000000003E-001                  2.4280000000000002E-001                  1.3999999999999568E-003                  2.6042238797412613E-010                  4.1489265447012836E-031                  0.0000000000000000E+000                                        0                 -9.8999999999999986E+001                 -9.9000000000000000E+001                 -9.9000000000000000E+001 
                                     464                  9.5649893997580246E+000                  9.3607136995473617E-001                  6.2035488867698394E+000                 -2.7088539319098008E+000                  1.1656108711601709E+001                  7.5580000000000003E-001                  2.4280000000000002E-001                  1.3999999999999568E-003                  2.9852644246085593E-010                  6.6383975833575845E-031                  0.0000000000000000E+000                                        0                 -9.8999999999999986E+001                 -9.9000000000000000E+001                 -9.9000000000000000E+001 
                                     465                  9.5516214228659830E+000                  9.3388463661276899E-001                  6.2084762700533505E+000                 -2.6937812929745517E+000                  1.1676098240947329E+001                  7.5580000000000003E-001                  2.4280000000000002E-001                  1.3999999999999568E-003                  3.4214574229592070E-010                  1.0615161839456228E-030                  0.0000000000000000E+000                                        0                 -9.8999999999999986E+001                 -9.9000000000000000E+001                 -9.9000000000000000E+001 
                                     466                  9.5378792545629043E+000                  9.3168019060303986E-001                  6.2134160595755077E+000                 -2.6787144793567417E+000                  1.1696095939264822E+001                  7.5580000000000003E-001                  2.4280000000000002E-001                  1.3999999999999568E-003                  3.9207165738207270E-010                  1.6964153068464877E-030                  0.0000000000000000E+000                                        0                 -9.8999999999999986E+001                 -9.9000000000000000E+001                 -9.9000000000000000E+001 
                                     467                  9.5237531259419228E+000                  9.2945769510698084E-001                  6.2183684212662653E+000                 -2.6636525537709121E+000                  1.1716102891392854E+001                  7.5580000000000003E-001                  2.4280000000000002E-001                  1.3999999999999568E-003                  4.4920799350369257E-010                  2.7094708471498875E-030                  0.0000000000000000E+000                                        0                 -9.8999999999999986E+001                 -9.9000000000000000E+001                 -9.9000000000000000E+001 
                                     468                  9.5092330281960269E+000                  9.2721680606163359E-001                  6.2233334739910289E+000                 -2.6485945288741077E+000                  1.1736120178608672E+001                  7.5580000000000003E-001                  2.4280000000000002E-001                  1.3999999999999568E-003                  5.1458672828251413E-010                  4.3250013618034581E-030                  0.0000000000000000E+000                                        0                 -9.8999999999999986E+001                 -9.9000000000000000E+001                 -9.9000000000000000E+001 
                                     469                  9.4943087096459067E+000                  9.2495717253442056E-001                  6.2283112905792573E+000                 -2.6335393693671225E+000                  1.1756148877725005E+001                  7.5580000000000003E-001                  2.4280000000000002E-001                  1.3999999999999568E-003                  5.8938591723341564E-010                  6.8998313305467751E-030                  0.0000000000000000E+000                                        0                 -9.8999999999999986E+001                 -9.9000000000000000E+001                 -9.9000000000000000E+001 
                                     470                  9.4789696702034014E+000                  9.2267843669113159E-001                  6.2333018991615443E+000                 -2.6184859926667623E+000                  1.1776190061926073E+001                  7.5580000000000003E-001                  2.4280000000000002E-001                  1.3999999999999568E-003                  6.7495005379946642E-010                  1.1001211212034800E-029                  0.0000000000000000E+000                                        0                 -9.8999999999999986E+001                 -9.9000000000000000E+001                 -9.9000000000000000E+001 
                                     471                  9.4632051557772172E+000                  9.2038023377057454E-001                  6.2383052836966426E+000                 -2.6034332715941395E+000                  1.1796244798751376E+001                  7.5580000000000003E-001                  2.4280000000000004E-001                  1.3999999999999568E-003                  7.7281319058258784E-010                  1.7530329353868765E-029                  0.0000000000000000E+000                                        0                 -9.8999999999999986E+001                 -9.9000000000000000E+001                 -9.9000000000000000E+001 
                                     472                  9.4470041570484664E+000                  9.1806219269314471E-001                  6.2433213835106658E+000                 -2.5883800397004406E+000                  1.1816314144408487E+001                  7.5580000000000003E-001                  2.4280000000000004E-001                  1.3999999999999568E-003                  8.8472516956301382E-010                  2.7917938298022518E-029                  0.0000000000000000E+000                                        0                 -9.8999999999999986E+001                 -9.9000000000000000E+001                 -9.9000000000000000E+001 
                                     473                  9.4303554103283833E+000                  9.1572393690388831E-001                  6.2483500933045484E+000                 -2.5733250948443831E+000                  1.1836399140166691E+001                  7.5580000000000003E-001                  2.4280000000000004E-001                  1.3999999999999568E-003                  1.0126813869025337E-009                  4.4433947092679120E-029                  0.0000000000000000E+000                                        0                 -9.8999999999999986E+001                 -9.9000000000000000E+001                 -9.9000000000000000E+001 
                                     474                  9.4132473941286250E+000                  9.1336508454815857E-001                  6.2533912606260875E+000                 -2.5582671966771096E+000                  1.1856500812001682E+001                  7.5580000000000003E-001                  2.4280000000000004E-001                  1.3999999999999568E-003                  1.1589564977393973E-009                  7.0676932926200412E-029                  0.0000000000000000E+000                                        0                 -9.8999999999999986E+001                 -9.9000000000000000E+001                 -9.9000000000000000E+001 
                                     475                  9.3956683253238840E+000                  9.1098524860134011E-001                  6.2584446454903793E+000                 -2.5432050210487387E+000                  1.1876620169734750E+001                  7.5580000000000003E-001                  2.4280000000000004E-001                  1.3999999999999568E-003                  1.3261417163764761E-009                  1.1234705449730873E-028                  0.0000000000000000E+000                                        0                 -9.8999999999999986E+001                 -9.9000000000000000E+001                 -9.9000000000000000E+001 
                                     476                  9.3776061567645321E+000                  9.0858403744863381E-001                  6.2635098587971960E+000                 -2.5281370935663117E+000                  1.1896758202567790E+001                  7.5580000000000003E-001                  2.4280000000000004E-001                  1.3999999999999568E-003                  1.5171858480671605E-009                  1.7846443393631976E-028                  0.0000000000000000E+000                                        0                 -9.8999999999999986E+001                 -9.9000000000000000E+001                 -9.9000000000000000E+001 
                                     477                  9.3590485802992465E+000                  9.0616105655482659E-001                  6.2685863404758759E+000                 -2.5130617703817824E+000                  1.1916915872918123E+001                  7.5580000000000003E-001                  2.4280000000000007E-001                  1.3999999999998458E-003                  1.7354415771250585E-009                  2.8328699697744703E-028                  0.0000000000000000E+000                                        0                 -9.8999999999999986E+001                 -9.9000000000000000E+001                 -9.9000000000000000E+001 
                                     478                  9.3399830286302716E+000                  9.0371591007169561E-001                  6.2736733639141899E+000                 -2.4979772478847280E+000                  1.1937094112047470E+001                  7.5580000000000003E-001                  2.4280000000000007E-001                  1.3999999999998458E-003                  1.9847176860000296E-009                  4.4932441485643237E-028                  0.0000000000000000E+000                                        0                 -9.8999999999999986E+001                 -9.9000000000000000E+001                 -9.9000000000000000E+001 
                                     479                  9.3203966764613284E+000                  9.0124820230633951E-001                  6.2787700410628622E+000                 -2.4828815728777953E+000                  1.1957293816028066E+001                  7.5580000000000003E-001                  2.4280000000000007E-001                  1.3999999999998458E-003                  2.2693373586178111E-009                  7.1206559550569425E-028                  0.0000000000000000E+000                                        0                 -9.8999999999999986E+001                 -9.9000000000000000E+001                 -9.9000000000000000E+001 
                                     480                  9.3002764428469540E+000                  8.9875753929817659E-001                  6.2838753276305326E+000                 -2.4677726535897975E+000                  1.1977515840757432E+001                  7.5580000000000003E-001                  2.4280000000000010E-001                  1.3999999999998458E-003                  2.5942031212178570E-009                  1.1273787131773442E-027                  0.0000000000000000E+000                                        0                 -9.8999999999999986E+001                 -9.9000000000000000E+001                 -9.9000000000000000E+001 
                                     481                  9.2796089953817624E+000                  8.9624353056851958E-001                  6.2889880283844839E+000                 -2.4526482720073157E+000                  1.1997760995602439E+001                  7.5580000000000003E-001                  2.4280000000000010E-001                  1.3999999999998458E-003                  2.9648690088444170E-009                  1.7830686324148856E-027                  0.0000000000000000E+000                                        0                 -9.8999999999999986E+001                 -9.9000000000000000E+001                 -9.9000000000000000E+001 
                                     482                  9.2583807568638452E+000                  8.9370579109558079E-001                  6.2941068026392735E+000                 -2.4375060982464229E+000                  1.2018030035662420E+001                  7.5580000000000003E-001                  2.4280000000000013E-001                  1.3999999999998458E-003                  3.3876205648257572E-009                  2.8168833487058070E-027                  0.0000000000000000E+000                                        0                 -9.8999999999999986E+001                 -9.9000000000000000E+001                 -9.9000000000000000E+001 
                                     483                  9.2365779143957347E+000                  8.9114394347712023E-001                  6.2992301701275615E+000                 -2.4223437063316542E+000                  1.2038323653162582E+001                  7.5580000000000003E-001                  2.4280000000000013E-001                  1.3999999999998458E-003                  3.8695633118388081E-009                  4.4444939605113987E-027                  0.0000000000000000E+000                                        0                 -9.8999999999999986E+001                 -9.9000000000000000E+001                 -9.9000000000000000E+001 
                                     484                  9.2141864304608454E+000                  8.8855762019820905E-001                  6.3043565375177844E+000                 -2.4071586105205749E+000                  1.2058642471932865E+001                  7.5579999999999981E-001                  2.4280000000000010E-001                  1.4000000000000679E-003                  4.4187218410408593E-009                  7.0028596142188891E-027                  0.0000000000000000E+000                                        0                 -9.8999999999999986E+001                 -9.9000000000000000E+001                 -9.9000000000000000E+001 
                                     485                  9.1911920478901035E+000                  8.8594646493831186E-001                  6.3094843469481425E+000                 -2.3919484395447266E+000                  1.2078987044730663E+001                  7.5579999999999969E-001                  2.4280000000000013E-001                  1.4000000000001789E-003                  5.0441599096371861E-009                  1.1017351008556539E-026                  0.0000000000000000E+000                                        0                 -9.8999999999999986E+001                 -9.9000000000000000E+001                 -9.9000000000000000E+001 
                                     486                  9.1675802965049868E+000                  8.8331013300218142E-001                  6.3146122460815821E+000                 -2.3767111391814142E+000                  1.2099357846958570E+001                  7.5579999999999969E-001                  2.4280000000000015E-001                  1.4000000000001789E-003                  5.7561228106501893E-009                  1.7305510704608395E-026                  0.0000000000000000E+000                                        0                 -9.8999999999999986E+001                 -9.9000000000000000E+001                 -9.9000000000000000E+001 
                                     487                  9.1433365083420686E+000                  8.8064829137335854E-001                  6.3197391231906046E+000                 -2.3614450214068530E+000                  1.2119755268386808E+001                  7.5579999999999969E-001                  2.4280000000000018E-001                  1.4000000000000679E-003                  6.5661924441500885E-009                  2.7137056487158258E-026                  0.0000000000000000E+000                                        0                 -9.8999999999999986E+001                 -9.9000000000000000E+001                 -9.9000000000000000E+001 
                                     488                  9.1184458326150715E+000                  8.7796061821430460E-001                  6.3248640925134367E+000                 -2.3461487475012963E+000                  1.2140179613436603E+001                  7.5579999999999969E-001                  2.4280000000000024E-001                  1.4000000000000679E-003                  7.4874593316096354E-009                  4.2480135760065469E-026                  0.0000000000000000E+000                                        0                 -9.8999999999999986E+001                 -9.9000000000000000E+001                 -9.9000000000000000E+001 
                                     489                  9.0928932340613233E+000                  8.7524680045743597E-001                  6.3299864807291542E+000                 -2.3308213076158033E+000                  1.2160631106332490E+001                  7.5579999999999969E-001                  2.4280000000000027E-001                  1.4000000000000679E-003                  8.5347170826943137E-009                  6.6379681996733585E-026                  0.0000000000000000E+000                                        0                 -9.8999999999999986E+001                 -9.9000000000000000E+001                 -9.9000000000000000E+001 
                                     490                  9.0666634975032352E+000                  8.7250653206560880E-001                  6.3351058121566419E+000                 -2.3154620041597274E+000                  1.2181109890464734E+001                  7.5579999999999958E-001                  2.4280000000000029E-001                  1.4000000000000679E-003                  9.7246818221293749E-009                  1.0353774511200547E-025                  0.0000000000000000E+000                                        0                 -9.8999999999999986E+001                 -9.9000000000000000E+001                 -9.9000000000000000E+001 
                                     491                  9.0397412415280485E+000                  8.6973951318851495E-001                  6.3402217945270882E+000                 -2.3000704352003485E+000                  1.2201616028524892E+001                  7.5579999999999958E-001                  2.4280000000000038E-001                  1.4000000000000679E-003                  1.1076240072479125E-008                  1.6120218293626646E-025                  0.0000000000000000E+000                                        0                 -9.8999999999999986E+001                 -9.9000000000000000E+001                 -9.9000000000000000E+001 
                                     492                  9.0121109231217407E+000                  8.6694544829042897E-001                  6.3453343074063735E+000                 -2.2846464722281872E+000                  1.2222149511182682E+001                  7.5579999999999958E-001                  2.4280000000000043E-001                  1.3999999999999568E-003                  1.2610729477545038E-008                  2.5052553229131841E-025                  0.0000000000000000E+000                                        0                 -9.8999999999999986E+001                 -9.9000000000000000E+001                 -9.9000000000000000E+001 
                                     493                  8.9837568299404253E+000                  8.6412404303087975E-001                  6.3504433911908258E+000                 -2.2691902387198688E+000                  1.2242710265730409E+001                  7.5579999999999947E-001                  2.4280000000000052E-001                  1.4000000000000679E-003                  1.4352256453744254E-008                  3.8863990188175674E-025                  0.0000000000000000E+000                                        0                 -9.8999999999999986E+001                 -9.9000000000000000E+001                 -9.9000000000000000E+001 
                                     494                  8.9546630841564614E+000                  8.6127500235882948E-001                  6.3555492103196540E+000                 -2.2537020633149503E+000                  1.2263298160077856E+001                  7.5579999999999947E-001                  2.4280000000000060E-001                  1.3999999999999568E-003                  1.6328048929844329E-008                  6.0181988035175309E-025                  0.0000000000000000E+000                                        0                 -9.8999999999999986E+001                 -9.9000000000000000E+001                 -9.9000000000000000E+001 
                                     495                  8.9248136468422476E+000                  8.5839802882996730E-001                  6.3606519408216977E+000                 -2.2381823426861738E+000                  1.2283913009821811E+001                  7.5579999999999936E-001                  2.4280000000000065E-001                  1.3999999999999568E-003                  1.8568829550364171E-008                  9.3029152034240956E-025                  0.0000000000000000E+000                                        0                 -9.8999999999999986E+001                 -9.9000000000000000E+001                 -9.9000000000000000E+001 
                                     496                  8.8941923131070073E+000                  8.5549282083467448E-001                  6.3657516751633718E+000                 -2.2226314224966957E+000                  1.2304554587232156E+001                  7.5579999999999925E-001                  2.4280000000000074E-001                  1.4000000000000679E-003                  2.1109223635801481E-008                  1.4355282483599279E-024                  0.0000000000000000E+000                                        0                 -9.8999999999999986E+001                 -9.9000000000000000E+001                 -9.9000000000000000E+001 
                                     497                  8.8627827095376546E+000                  8.5255907183607382E-001                  6.3708484134650822E+000                 -2.2070495807024271E+000                  1.2325222627657132E+001                  7.5579999999999903E-001                  2.4280000000000082E-001                  1.4000000000001789E-003                  2.3988228709244664E-008                  2.2113028193836775E-024                  0.0000000000000000E+000                                        0                 -9.8999999999999986E+001                 -9.9000000000000000E+001                 -9.9000000000000000E+001 
                                     498                  8.8305682947208979E+000                  8.4959647002833405E-001                  6.3759420704111491E+000                 -2.1914370303012949E+000                  1.2345916834513352E+001                  7.5579999999999903E-001                  2.4280000000000096E-001                  1.4000000000000679E-003                  2.7249740988768316E-008                  3.4003946249490542E-024                  0.0000000000000000E+000                                        0                 -9.8999999999999986E+001                 -9.9000000000000000E+001                 -9.9000000000000000E+001 
                                     499                  8.7975323593390318E+000                  8.4660469794606152E-001                  6.3810324816180675E+000                 -2.1757939216877467E+000                  1.2366636884108138E+001                  7.5579999999999892E-001                  2.4280000000000110E-001                  1.3999999999999568E-003                  3.0943141236294329E-008                  5.2197935248476514E-024                  0.0000000000000000E+000                                        0                 -9.8999999999999986E+001                 -9.9000000000000000E+001                 -9.9000000000000000E+001 
                                     500                  8.7636580258804564E+000                  8.4358343203251773E-001                  6.3861194096230873E+000                 -2.1601203447601889E+000                  1.2387382430243541E+001                  7.5579999999999870E-001                  2.4280000000000126E-001                  1.4000000000000679E-003                  3.5123946120475091E-008                  7.9986410141009300E-024                  0.0000000000000000E+000                                        0                 -9.8999999999999986E+001                 -9.9000000000000000E+001                 -9.9000000000000000E+001 
                                     501                  8.7289282480297157E+000                  8.4053234217491379E-001                  6.3912025493299627E+000                 -2.1444163316202043E+000                  1.2408153107673970E+001                  7.5579999999999858E-001                  2.4280000000000140E-001                  1.4000000000000679E-003                  3.9854531569952040E-008                  1.2235222378019420E-023                  0.0000000000000000E+000                                        0                 -9.8999999999999986E+001                 -9.9000000000000000E+001                 -9.9000000000000000E+001 
                                     502                  8.6933258128512740E+000                  8.3745109147508245E-001                  6.3962815327655793E+000                 -2.1286818606746314E+000                  1.2428948533655397E+001                  7.5579999999999836E-001                  2.4280000000000163E-001                  1.4000000000000679E-003                  4.5204934991923418E-008                  1.8682385495608734E-023                  0.0000000000000000E+000                                        0                 -9.8999999999999986E+001                 -9.9000000000000000E+001                 -9.9000000000000000E+001 
                                     503                  8.6568333457847313E+000                  8.3433933622837975E-001                  6.4013559339677899E+000                 -2.1129168606278816E+000                  1.2449768309615049E+001                  7.5579999999999803E-001                  2.4280000000000185E-001                  1.4000000000000679E-003                  5.1253744698835581E-008                  2.8475274958268657E-023                  0.0000000000000000E+000                                        0                 -9.8999999999999986E+001                 -9.9000000000000000E+001                 -9.9000000000000000E+001 
                                     504                  8.6194333120532747E+000                  8.3119672555033386E-001                  6.4064253027827442E+000                 -2.0971212471659446E+000                  1.2470612023155853E+001                  7.5579999999999792E-001                  2.4280000000000210E-001                  1.3999999999999568E-003                  5.8089110051087184E-008                  4.3321991430805068E-023                  0.0000000000000000E+000                                        0                 -9.8999999999999986E+001                 -9.9000000000000000E+001                 -9.9000000000000000E+001 
                                     505                  8.5811080201015120E+000                  8.2802290089835795E-001                  6.4114892498569764E+000                 -2.0812950208489966E+000                  1.2491479247935878E+001                  7.5579999999999770E-001                  2.4280000000000240E-001                  1.3999999999998458E-003                  6.5809925125656250E-008                  6.5787842281861910E-023                  0.0000000000000000E+000                                        0                 -9.8999999999999986E+001                 -9.9000000000000000E+001                 -9.9000000000000000E+001 
                                     506                  8.5418396305709958E+000                  8.2481749528776904E-001                  6.4165475025716443E+000                 -2.0654383322030312E+000                  1.2512369543407734E+001                  7.5579999999999725E-001                  2.4280000000000276E-001                  1.3999999999999568E-003                  7.4527160686096768E-008                  9.9718396107752247E-023                  0.0000000000000000E+000                                        0                 -9.8999999999999986E+001                 -9.9000000000000000E+001                 -9.9000000000000000E+001 
                                     507                  8.5016101612552113E+000                  8.2158013158183985E-001                  6.4215999019399979E+000                 -2.0495514768959930E+000                  1.2533282455964510E+001                  7.5579999999999692E-001                  2.4280000000000310E-001                  1.3999999999999568E-003                  8.4365317927042687E-008                  1.5086783002697644E-022                  0.0000000000000000E+000                                        0                 -9.8999999999999986E+001                 -9.9000000000000000E+001                 -9.9000000000000000E+001 
                                     508                  8.4604014922075486E+000                  8.1831042069989268E-001                  6.4266463935091354E+000                 -2.0336348849229426E+000                  1.2554217518872708E+001                  7.5579999999999647E-001                  2.4280000000000354E-001                  1.3999999999999568E-003                  9.5464050255831435E-008                  2.2783073351195569E-022                  0.0000000000000000E+000                                        0                 -9.8999999999999986E+001                 -9.9000000000000000E+001                 -9.9000000000000000E+001 
                                     509                  8.4181953766564011E+000                  8.1500796023249011E-001                  6.4316870188420907E+000                 -2.0176891109563417E+000                  1.2575174251786134E+001                  7.5579999999999603E-001                  2.4280000000000401E-001                  1.3999999999999568E-003                  1.0797997810464464E-007                  3.4342176654248477E-022                  0.0000000000000000E+000                                        0                 -9.8999999999999986E+001                 -9.9000000000000000E+001                 -9.9000000000000000E+001 
                                     510                  8.3749734494805868E+000                  8.1167233278358297E-001                  6.4367219078940616E+000                 -2.0017148249088672E+000                  1.2596152161616329E+001                  7.5579999999999525E-001                  2.4280000000000457E-001                  1.4000000000001789E-003                  1.2208872063879071E-007                  5.1671535621095098E-022                  0.0000000000000000E+000                                        0                 -9.8999999999999986E+001                 -9.9000000000000000E+001                 -9.9000000000000000E+001 
                                     511                  8.3307172345152267E+000                  8.0830310414772955E-001                  6.4417512718558498E+000                 -1.9857128030784583E+000                  1.2617150743023112E+001                  7.5579999999999481E-001                  2.4280000000000518E-001                  1.4000000000000679E-003                  1.3798716974280891E-007                  7.7605685499761717E-022                  0.0000000000000000E+000                                        0                 -9.8999999999999986E+001                 -9.9000000000000000E+001                 -9.9000000000000000E+001 
                                     512                  8.2854081561878363E+000                  8.0489982174007624E-001                  6.4467753964581673E+000                 -1.9696839202970540E+000                  1.2638169478417717E+001                  7.5579999999999414E-001                  2.4280000000000587E-001                  1.3999999999999568E-003                  1.5589603510528689E-007                  1.1635017448286304E-021                  0.0000000000000000E+000                                        0                 -9.8999999999999986E+001                 -9.9000000000000000E+001                 -9.9000000000000000E+001 
                                     513                  8.2390275506835202E+000                  8.0146201289110242E-001                  6.4517946359614831E+000                 -1.9536291418600704E+000                  1.2659207838841533E+001                  7.5579999999999337E-001                  2.4280000000000668E-001                  1.3999999999999568E-003                  1.7606269391525846E-007                  1.7413516335033472E-021                  0.0000000000000000E+000                                        0                 -9.8999999999999986E+001                 -9.9000000000000000E+001                 -9.9000000000000000E+001 
                                     514                  8.1915566757970399E+000                  7.9798918294599486E-001                  6.4568094028068703E+000                 -1.9375495104728828E+000                  1.2680265284820409E+001                  7.5579999999999237E-001                  2.4280000000000754E-001                  1.4000000000000679E-003                  1.9876436787931459E-007                  2.6017646951958291E-021                  0.0000000000000000E+000                                        0                 -9.8999999999999986E+001                 -9.9000000000000000E+001                 -9.9000000000000000E+001 
                                     515                  8.1429767240521294E+000                  7.9448081354723499E-001                  6.4618201510858277E+000                 -1.9214461267320517E+000                  1.2701341266719774E+001                  7.5579999999999148E-001                  2.4280000000000854E-001                  1.3999999999999568E-003                  2.2431165100544982E-007                  3.8808676597533099E-021                  0.0000000000000000E+000                                        0                 -9.8999999999999986E+001                 -9.9000000000000000E+001                 -9.9000000000000000E+001 
                                     516                  8.0932688367480843E+000                  7.9093636097313169E-001                  6.4668273660810236E+000                 -1.9053201363524985E+000                  1.2722435225589386E+001                  7.5579999999999026E-001                  2.4280000000000965E-001                  1.4000000000000679E-003                  2.5305245582565459E-007                  5.7794537030905244E-021                  0.0000000000000000E+000                                        0                 -9.8999999999999986E+001                 -9.9000000000000000E+001                 -9.9000000000000000E+001 
                                     517                  8.0424141168925285E+000                  7.8735525433307474E-001                  6.4718315621564546E+000                 -1.8891727268684309E+000                  1.2743546593972656E+001                  7.5579999999998904E-001                  2.4280000000001092E-001                  1.4000000000000679E-003                  2.8537644416202041E-007                  8.5933073916620516E-021                  0.0000000000000000E+000                                        0                 -9.8999999999999986E+001                 -9.9000000000000000E+001                 -9.9000000000000000E+001 
                                     518                  7.9903936454407987E+000                  7.8373689385600998E-001                  6.4768332813638949E+000                 -1.8730051254584399E+000                  1.2764674795997109E+001                  7.5579999999998759E-001                  2.4280000000001234E-001                  1.4000000000000679E-003                  3.2171998395224645E-007                  1.2757586401652965E-020                  0.0000000000000000E+000                                        0                 -9.8999999999999986E+001                 -9.9000000000000000E+001                 -9.9000000000000000E+001 
                                     519                  7.9371884999401381E+000                  7.8008064918231057E-001                  6.4818330924061955E+000                 -1.8568185971446747E+000                  1.2785819247820390E+001                  7.5579999999998593E-001                  2.4280000000001398E-001                  1.4000000000000679E-003                  3.6257169464860389E-007                  1.8911710723747501E-020                  0.0000000000000000E+000                                        0                 -9.8999999999999986E+001                 -9.9000000000000000E+001                 -9.9000000000000000E+001 
                                     520                  7.8827797715990275E+000                  7.7638585736738719E-001                  6.4868315899564735E+000                 -1.8406144432326454E+000                  1.2806979358441430E+001                  7.5579999999998415E-001                  2.4280000000001586E-001                  1.3999999999999568E-003                  4.0847865241735330E-007                  2.7994146151841671E-020                  0.0000000000000000E+000                                        0                 -9.8999999999999986E+001                 -9.9000000000000000E+001                 -9.9000000000000000E+001 
                                     521                  7.8271485847132380E+000                  7.7265182085898032E-001                  6.4918293941069418E+000                 -1.8243940004195984E+000                  1.2828154529955384E+001                  7.5579999999998204E-001                  2.4280000000001781E-001                  1.4000000000001789E-003                  4.6005333318949997E-007                  4.1380732430581141E-020                  0.0000000000000000E+000                                        0                 -9.8999999999999986E+001                 -9.9000000000000000E+001                 -9.9000000000000000E+001 
                                     522                  7.7702761193085008E+000                  7.6887780548336393E-001                  6.4968271501156361E+000                 -1.8081586397584766E+000                  1.2849344157975988E+001                  7.5579999999997993E-001                  2.4280000000002017E-001                  1.3999999999998458E-003                  5.1798138457314852E-007                  6.1086396852301852E-020                  0.0000000000000000E+000                                        0                 -9.8999999999999986E+001                 -9.9000000000000000E+001                 -9.9000000000000000E+001 
                                     523                  7.7121436327257467E+000                  7.6506303813780718E-001                  6.5018255280965791E+000                 -1.7919097651348246E+000                  1.2870547632652888E+001                  7.5579999999997727E-001                  2.4280000000002278E-001                  1.3999999999999568E-003                  5.8303032525106995E-007                  9.0059075994584602E-020                  0.0000000000000000E+000                                        0                 -9.8999999999999986E+001                 -9.9000000000000000E+001                 -9.9000000000000000E+001 
                                     524                  7.6527324821847786E+000                  7.6120670431867887E-001                  6.5068252019379820E+000                 -1.7756487879921496E+000                  1.2891764339713552E+001                  7.5579999999997438E-001                  2.4280000000002569E-001                  1.3999999999999568E-003                  6.5605910095638165E-007                  1.3260751564503024E-019                  0.0000000000000000E+000                                        0                 -9.8999999999999986E+001                 -9.9000000000000000E+001                 -9.9000000000000000E+001 
                                     525                  7.5920241492600020E+000                  7.5730794574633220E-001                  6.5118267994171424E+000                 -1.7593770691349702E+000                  1.2912993661536829E+001                  7.5579999999997094E-001                  2.4280000000002896E-001                  1.4000000000000679E-003                  7.3802839093201866E-007                  1.9502300075098738E-019                  0.0000000000000000E+000                                        0                 -9.8999999999999986E+001                 -9.9000000000000000E+001                 -9.9000000000000000E+001 
                                     526                  7.5300002652133218E+000                  7.5336585832291836E-001                  6.5168308734583498E+000                 -1.7430958847034548E+000                  1.2934234978318013E+001                  7.5579999999996728E-001                  2.4280000000003268E-001                  1.4000000000000679E-003                  8.3001206760916845E-007                  2.8648209343387531E-019                  0.0000000000000000E+000                                        0                 -9.8999999999999986E+001                 -9.9000000000000000E+001                 -9.9000000000000000E+001 
                                     527                  7.4666426374586443E+000                  7.4937949024927564E-001                  6.5218379053392965E+000                 -1.7268064287761460E+000                  1.2955487669240060E+001                  7.5579999999996306E-001                  2.4280000000003685E-001                  1.4000000000000679E-003                  9.3321014361273598E-007                  4.2035640170178624E-019                  0.0000000000000000E+000                                        0                 -9.8999999999999986E+001                 -9.9000000000000000E+001                 -9.9000000000000000E+001 
                                     528                  7.4019332770493866E+000                  7.4534783996398735E-001                  6.5268483095735244E+000                 -1.7105098179523239E+000                  1.2976751113559251E+001                  7.5579999999995839E-001                  2.4280000000004151E-001                  1.4000000000000679E-003                  1.0489631638380065E-006                  6.1611081995334509E-019                  0.0000000000000000E+000                                        0                 -9.8999999999999986E+001                 -9.9000000000000000E+001                 -9.9000000000000000E+001 
                                     529                  7.3358544279358329E+000                  7.4126985391543487E-001                  6.5318624381675292E+000                 -1.6942070954370911E+000                  1.2998024691491958E+001                  7.5579999999995318E-001                  2.4280000000004681E-001                  1.4000000000000679E-003                  1.1787681740150605E-006                  9.0205177677742897E-019                  0.0000000000000000E+000                                        0                 -9.8999999999999986E+001                 -9.9000000000000000E+001                 -9.9000000000000000E+001 
                                     530                  7.2683885981245542E+000                  7.3714442415807824E-001                  6.5368805844506594E+000                 -1.6778992348030972E+000                  1.3019307784982987E+001                  7.5579999999994718E-001                  2.4280000000005272E-001                  1.4000000000000679E-003                  1.3242964304131066E-006                  1.3193019516658853E-018                  0.0000000000000000E+000                                        0                 -9.8999999999999986E+001                 -9.9000000000000000E+001                 -9.9000000000000000E+001 
                                     531                  7.1995185923575109E+000                  7.3297038572945450E-001                  6.5419029865309319E+000                 -1.6615871433674705E+000                  1.3040599778388868E+001                  7.5579999999994063E-001                  2.4280000000005936E-001                  1.4000000000000679E-003                  1.4874130301992897E-006                  1.9275426933142055E-018                  0.0000000000000000E+000                                        0                 -9.8999999999999986E+001                 -9.9000000000000000E+001                 -9.9000000000000000E+001 
                                     532                  7.1292275467070949E+000                  7.2874651381174393E-001                  6.5469298303883736E+000                 -1.6452716652848063E+000                  1.3061900059000676E+001                  7.5579999999993319E-001                  2.4280000000006680E-001                  1.4000000000000679E-003                  1.6701986577111331E-006                  2.8133013288703334E-018                  0.0000000000000000E+000                                        0                 -9.8999999999999986E+001                 -9.9000000000000000E+001                 -9.9000000000000000E+001 
                                     533                  7.0574989654003151E+000                  7.2447152067317466E-001                  6.5519612530056310E+000                 -1.6289535848676442E+000                  1.3083208017390616E+001                  7.5579999999992475E-001                  2.4280000000007512E-001                  1.4000000000000679E-003                  1.8749736689358687E-006                  4.1018981103598063E-018                  0.0000000000000000E+000                                        0                 -9.8999999999999986E+001                 -9.9000000000000000E+001                 -9.9000000000000000E+001 
                                     534                  6.9843167599506417E+000                  7.2014405236290358E-001                  6.5569973607807004E+000                 -1.6126336475295833E+000                  1.3104523047608227E+001                  7.5579999999991532E-001                  2.4280000000008459E-001                  1.4000000000000679E-003                  2.1043251632913156E-006                  5.9746555730765510E-018                  0.0000000000000000E+000                                        0                 -9.8999999999999986E+001                 -9.9000000000000000E+001                 -9.9000000000000000E+001 
                                     535                  6.9096652906597411E+000                  7.1576268495094819E-001                  6.5620382679379254E+000                 -1.5963126035430659E+000                  1.3125844547304952E+001                  7.5579999999990488E-001                  2.4280000000009511E-001                  1.4000000000000679E-003                  2.3611377816370733E-006                  8.6936761950320025E-018                  0.0000000000000000E+000                                        0                 -9.8999999999999986E+001                 -9.9000000000000000E+001                 -9.9000000000000000E+001 
                                     536                  6.8335294104296063E+000                  7.1132592001891515E-001                  6.5670841193020104E+000                 -1.5799912339119737E+000                  1.3147171917808956E+001                  7.5579999999989300E-001                  2.4280000000010699E-001                  1.4000000000000679E-003                  2.6486279267613448E-006                  1.2637484074308405E-017                  0.0000000000000000E+000                                        0                 -9.8999999999999986E+001                 -9.9000000000000000E+001                 -9.9000000000000000E+001 
                                     537                  6.7558945116923717E+000                  7.0683217955118216E-001                  6.5721350909311091E+000                 -1.5636703510941086E+000                  1.3168504564078985E+001                  7.5579999999987968E-001                  2.4280000000012028E-001                  1.4000000000000679E-003                  2.9703813672961272E-006                  1.8352243100263077E-017                  0.0000000000000000E+000                                        0                 -9.8999999999999986E+001                 -9.9000000000000000E+001                 -9.9000000000000000E+001 
                                     538                  6.6767465769326213E+000                  7.0227980044668770E-001                  6.5759147990402047E+000                 -1.5513937694333517E+000                  1.3184529444632517E+001                  7.5579999999986869E-001                  2.4280000000013122E-001                  1.4000000000000679E-003                  3.2362546892876080E-006                  2.4245210618171077E-017                  0.0000000000000000E+000                                        0                 -9.8999999999999986E+001                 -9.9000000000000000E+001                 -9.9000000000000000E+001 
                                     539                  6.6366010148346204E+000                  6.9998127409908417E-001                  6.5784444119563350E+000                 -1.5432345535009293E+000                  1.3195199208234945E+001                  7.5579999999986069E-001                  2.4280000000013918E-001                  1.4000000000000679E-003                  3.4265601339089168E-006                  2.9196260321640008E-017                  0.0000000000000000E+000                                        0                 -9.8999999999999986E+001                 -9.9000000000000000E+001                 -9.9000000000000000E+001 
                                     540                  6.5960722314243432E+000                  6.9766742626528488E-001                  6.5809754271039251E+000                 -1.5350759518688202E+000                  1.3205869946731873E+001                  7.5579999999985248E-001                  2.4280000000014751E-001                  1.4000000000000679E-003                  3.6278331480321489E-006                  3.5149938880337109E-017                  0.0000000000000000E+000                                        0                 -9.8999999999999986E+001                 -9.9000000000000000E+001                 -9.9000000000000000E+001 
                                     541                  6.5551586645084186E+000                  6.9533802243745346E-001                  6.5835078780716954E+000                 -1.5269180775995097E+000                  1.3216541587219849E+001                  7.5579999999984371E-001                  2.4280000000015636E-001                  1.3999999999999568E-003                  3.8406935085370893E-006                  4.2307648458140085E-017                  0.0000000000000000E+000                                        0                 -9.8999999999999986E+001                 -9.9000000000000000E+001                 -9.9000000000000000E+001 
                                     542                  6.5138587994119392E+000                  6.9299282158621178E-001                  6.5860418003479406E+000                 -1.5187610456564196E+000                  1.3227214057018534E+001                  7.5579999999983438E-001                  2.4280000000016572E-001                  1.3999999999998458E-003                  4.0657954410089209E-006                  5.0910937656552924E-017                  0.0000000000000000E+000                                        0                 -9.8999999999999986E+001                 -9.9000000000000000E+001                 -9.9000000000000000E+001 
                                     543                  6.4721711709335672E+000                  6.9063157592761615E-001                  6.5885772313273918E+000                 -1.5106049729033320E+000                  1.3237887283680514E+001                  7.5579999999982439E-001                  2.4280000000017560E-001                  1.4000000000000679E-003                  4.3038295146696654E-006                  6.1249447379385470E-017                  0.0000000000000000E+000                                        0                 -9.8999999999999986E+001                 -9.9000000000000000E+001                 -9.9000000000000000E+001 
                                     544                  6.4300943653503273E+000                  6.8825403067950208E-001                  6.5911142103208924E+000                 -1.5024499781024083E+000                  1.3248561195003472E+001                  7.5579999999981384E-001                  2.4280000000018606E-001                  1.4000000000000679E-003                  4.5555246416219007E-006                  7.3670419411207121E-017                  0.0000000000000000E+000                                        0                 -9.8999999999999986E+001                 -9.9000000000000000E+001                 -9.9000000000000000E+001 
                                     545                  6.3876270224822989E+000                  6.8585992380714988E-001                  6.5936527785678374E+000                 -1.4942961819136469E+000                  1.3259235719043895E+001                  7.5579999999980274E-001                  2.4280000000019719E-001                  1.4000000000000679E-003                  4.8216501862228453E-006                  8.8590073391724497E-017                  0.0000000000000000E+000                                        0                 -9.8999999999999986E+001                 -9.9000000000000000E+001                 -9.9000000000000000E+001 
                                     546                  6.3447678378177663E+000                  6.8344898575762492E-001                  6.5961929792512128E+000                 -1.4861437068971504E+000                  1.3269910784130978E+001                  7.5579999999979097E-001                  2.4280000000020888E-001                  1.4000000000001789E-003                  5.1030181907524933E-006                  1.0650721744536614E-016                  0.0000000000000000E+000                                        0                 -9.8999999999999986E+001                 -9.9000000000000000E+001                 -9.9000000000000000E+001 
                                     547                  6.3015155647134504E+000                  6.8102093918286000E-001                  6.5987348575134943E+000                 -1.4779926775240007E+000                  1.3280586318873073E+001                  7.5579999999977865E-001                  2.4280000000022134E-001                  1.4000000000000679E-003                  5.4004857237012859E-006                  1.2801952880953473E-016                  0.0000000000000000E+000                                        0                 -9.8999999999999986E+001                 -9.9000000000000000E+001                 -9.9000000000000000E+001 
                                     548                  6.2578690167231708E+000                  6.7857549865367150E-001                  6.6012784604268235E+000                 -1.4698432201358653E+000                  1.3291262252163595E+001                  7.5579999999976544E-001                  2.4280000000023449E-001                  1.4000000000000679E-003                  5.7149573543552630E-006                  1.5384302529648213E-016                  0.0000000000000000E+000                                        0                 -9.8999999999999986E+001                 -9.9000000000000000E+001                 -9.9000000000000000E+001 
                                     549                  6.2138270699531057E+000                  6.7611237035848737E-001                  6.6038238358642642E+000                 -1.4616954616422213E+000                  1.3301938513197074E+001                  7.5579999999975156E-001                  2.4280000000024840E-001                  1.4000000000000679E-003                  6.0473876822428214E-006                  1.8483533762244705E-016                  0.0000000000000000E+000                                        0                 -9.8999999999999986E+001                 -9.9000000000000000E+001                 -9.9000000000000000E+001 
                                     550                  6.1693886654636634E+000                  6.7363125179432026E-001                  6.6063710303281029E+000                 -1.4535495270301291E+000                  1.3312615031489308E+001                  7.5579999999973690E-001                  2.4280000000026311E-001                  1.3999999999999568E-003                  6.3987839017773895E-006                  2.2202350931050428E-016                  0.0000000000000000E+000                                        0                 -9.8999999999999986E+001                 -9.9000000000000000E+001                 -9.9000000000000000E+001 
                                     551                  6.1245528117427686E+000                  6.7113183145778466E-001                  6.6089200878704819E+000                 -1.4454055381207034E+000                  1.3323291736897360E+001                  7.5579999999972125E-001                  2.4280000000027871E-001                  1.4000000000000679E-003                  6.7702085486779187E-006                  2.6663721689062535E-016                  0.0000000000000000E+000                                        0                 -9.8999999999999986E+001                 -9.9000000000000000E+001                 -9.9000000000000000E+001 
                                     552                  6.0793185872544573E+000                  6.6861378852910214E-001                  6.6114710501392091E+000                 -1.4372636136055497E+000                  1.3333968559638144E+001                  7.5579999999970482E-001                  2.4280000000029520E-001                  1.3999999999999568E-003                  7.1627824631283601E-006                  3.2014846872249214E-016                  0.0000000000000000E+000                                        0                 -9.8999999999999986E+001                 -9.9000000000000000E+001                 -9.9000000000000000E+001 
                                     553                  6.0336851430682765E+000                  6.6607679254130725E-001                  6.6140239564623222E+000                 -1.4291238691254209E+000                  1.3344645430308548E+001                  7.5579999999968739E-001                  2.4280000000031265E-001                  1.3999999999999568E-003                  7.5776879100139988E-006                  3.8431902691782965E-016                  0.0000000000000000E+000                                        0                 -9.8999999999999986E+001                 -9.9000000000000000E+001                 -9.9000000000000000E+001 
                                     554                  5.9876517055441827E+000                  6.6352050303202437E-001                  6.6165788439225706E+000                 -1.4209864173338529E+000                  1.3355322279908870E+001                  7.5579999999966885E-001                  2.4280000000033108E-001                  1.4000000000000679E-003                  8.0161718605730911E-006                  4.6125704335043028E-016                  0.0000000000000000E+000                                        0                 -9.8999999999999986E+001                 -9.9000000000000000E+001                 -9.9000000000000000E+001 
                                     555                  5.9412175790869748E+000                  6.6094456917758471E-001                  6.6191357474202936E+000                 -1.4128513679503591E+000                  1.3365999039863539E+001                  7.5579999999964942E-001                  2.4280000000035060E-001                  1.3999999999999568E-003                  8.4795494430631274E-006                  5.5348468701801616E-016                  0.0000000000000000E+000                                        0                 -9.8999999999999986E+001                 -9.9000000000000000E+001                 -9.9000000000000000E+001 
                                     556                  5.8943821490148025E+000                  6.5834862941087902E-001                  6.6216946997264836E+000                 -1.4047188278069975E+000                  1.3376675642037091E+001                  7.5579999999962866E-001                  2.4280000000037130E-001                  1.4000000000000679E-003                  8.9692075706657981E-006                  6.6401887904590764E-016                  0.0000000000000000E+000                                        0                 -9.8999999999999986E+001                 -9.9000000000000000E+001                 -9.9000000000000000E+001 
                                     557                  5.8471448845199019E+000                  6.5573231102057539E-001                  6.6242557315310719E+000                 -1.3965889008888244E+000                  1.3387352018748981E+001                  7.5579999999960690E-001                  2.4280000000039303E-001                  1.4000000000000679E-003                  9.4866087558077972E-006                  7.9646765744838013E-016                  0.0000000000000000E+000                                        0                 -9.8999999999999986E+001                 -9.9000000000000000E+001                 -9.9000000000000000E+001 
                                     558                  5.7995053417221269E+000                  6.5309522973049972E-001                  6.6268188714890170E+000                 -1.3884616883757230E+000                  1.3398028102787102E+001                  7.5579999999958380E-001                  2.4280000000041621E-001                  1.3999999999999568E-003                  1.0033295120179544E-005                  9.5514517466500492E-016                  0.0000000000000000E+000                                        0                 -9.8999999999999986E+001                 -9.9000000000000000E+001                 -9.9000000000000000E+001 
                                     559                  5.7514631668210399E+000                  6.5043698925808213E-001                  6.6293841462644112E+000                 -1.3803372886830441E+000                  1.3408703827420915E+001                  7.5579999999955949E-001                  2.4280000000044055E-001                  1.3999999999999568E-003                  1.0610892610096045E-005                  1.1452089030682835E-015                  0.0000000000000000E+000                                        0                 -9.8999999999999986E+001                 -9.9000000000000000E+001                 -9.9000000000000000E+001 
                                     560                  5.7030180993417501E+000                  6.4775718085020417E-001                  6.6319515805741549E+000                 -1.3722157974937483E+000                  1.3419379126420917E+001                  7.5579999999953351E-001                  2.4280000000046642E-001                  1.4000000000000679E-003                  1.1221115427660839E-005                  1.3728233043003558E-015                  0.0000000000000000E+000                                        0                 -9.8999999999999986E+001                 -9.9000000000000000E+001                 -9.9000000000000000E+001 
                                     561                  5.6541699754228203E+000                  6.4505538279198582E-001                  6.6345211972302405E+000                 -1.3640973077864884E+000                  1.3430053934080318E+001                  7.5579999999950620E-001                  2.4280000000049379E-001                  1.4000000000000679E-003                  1.1865770688094644E-005                  1.6453550270492134E-015                  0.0000000000000000E+000                                        0                 -9.8999999999999986E+001                 -9.9000000000000000E+001                 -9.9000000000000000E+001 
                                     562                  5.6049187312429050E+000                  6.4233115989225775E-001                  6.6370930171784126E+000                 -1.3559819098674328E+000                  1.3440728185229048E+001                  7.5579999999947745E-001                  2.4280000000052265E-001                  1.3999999999998458E-003                  1.2546763313652647E-005                  1.9716056595829514E-015                  0.0000000000000000E+000                                        0                 -9.8999999999999986E+001                 -9.9000000000000000E+001                 -9.9000000000000000E+001 
                                     563                  5.5552644065854802E+000                  6.3958406294387038E-001                  6.6396670595341023E+000                 -1.3478696914028883E+000                  1.3451401815243925E+001                  7.5579999999944680E-001                  2.4280000000055321E-001                  1.3999999999999568E-003                  1.3266101175729353E-005                  2.3620892076040384E-015                  0.0000000000000000E+000                                        0                 -9.8999999999999986E+001                 -9.9000000000000000E+001                 -9.9000000000000000E+001 
                                     564                  5.5052071485199061E+000                  6.3681362815577680E-001                  6.6422433416161120E+000                 -1.3397607374499891E+000                  1.3462074760057845E+001                  7.5579999999941438E-001                  2.4280000000058546E-001                  1.4000000000001789E-003                  1.4025900497134906E-005                  2.8293628152445904E-015                  0.0000000000000000E+000                                        0                 -9.8999999999999986E+001                 -9.9000000000000000E+001                 -9.9000000000000000E+001 
                                     565                  5.4547472152033150E+000                  6.3401937655505236E-001                  6.6448218789783802E+000                 -1.3316551304854229E+000                  1.3472746956167850E+001                  7.5579999999938030E-001                  2.4280000000061960E-001                  1.4000000000000679E-003                  1.4828391527151047E-005                  3.3884208676959580E-015                  0.0000000000000000E+000                                        0                 -9.8999999999999986E+001                 -9.9000000000000000E+001                 -9.9000000000000000E+001 
                                     566                  5.4038849798105320E+000                  6.3120081335716027E-001                  6.6474026854409640E+000                 -1.3235529504328765E+000                  1.3483418340645217E+001                  7.5579999999934422E-001                  2.4280000000065569E-001                  1.4000000000000679E-003                  1.5675924502656557E-005                  4.0571645237070189E-015                  0.0000000000000000E+000                                        0                 -9.8999999999999986E+001                 -9.9000000000000000E+001                 -9.9000000000000000E+001 
                                     567                  5.3526209345632534E+000                  6.2835742730046040E-001                  6.6499857731211032E+000                 -1.3154542746840396E+000                  1.3494088851151465E+001                  7.5579999999930614E-001                  2.4280000000069385E-001                  1.4000000000000679E-003                  1.6570975909428626E-005                  4.8569609948617961E-015                  0.0000000000000000E+000                                        0                 -9.8999999999999986E+001                 -9.9000000000000000E+001                 -9.9000000000000000E+001 
                                     568                  5.3009556948606686E+000                  6.2548868994260287E-001                  6.6525711524980338E+000                 -1.3073591781602667E+000                  1.3504758425951621E+001                  7.5579999999926573E-001                  2.4280000000073421E-001                  1.4000000000000679E-003                  1.7516155064588140E-005                  5.8133095947809498E-015                  0.0000000000000000E+000                                        0                 -9.8999999999999986E+001                 -9.9000000000000000E+001                 -9.9000000000000000E+001 
                                     569                  5.2488900035992945E+000                  6.2259405492068809E-001                  6.6551588326242852E+000                 -1.2992677335475298E+000                  1.3515427003920713E+001                  7.5579999999922309E-001                  2.4280000000077676E-001                  1.4000000000001789E-003                  1.8514211061813195E-005                  6.9566348411457608E-015                  0.0000000000000000E+000                                        0                 -9.8999999999999986E+001                 -9.9000000000000000E+001                 -9.9000000000000000E+001 
                                     570                  5.1964247356481916E+000                  6.1967295716926585E-001                  6.6577488213475240E+000                 -1.2911800115447460E+000                  1.3526094524548595E+001                  7.5579999999917813E-001                  2.4280000000082189E-001                  1.3999999999999568E-003                  1.9568040076666713E-005                  8.3232306162344672E-015                  0.0000000000000000E+000                                        0                 -9.8999999999999986E+001                 -9.9000000000000000E+001                 -9.9000000000000000E+001 
                                     571                  5.1435609024783098E+000                  6.1672481209278573E-001                  6.6603411253906479E+000                 -1.2830960809517316E+000                  1.3536760927944060E+001                  7.5579999999913061E-001                  2.4280000000086949E-001                  1.3999999999998458E-003                  2.0680693015448537E-005                  9.9563838438162254E-015                  0.0000000000000000E+000                                        0                 -9.8999999999999986E+001                 -9.9000000000000000E+001                 -9.9000000000000000E+001 
                                     572                  5.0902996569531593E+000                  6.1374901469052978E-001                  6.6629357503926894E+000                 -1.2750160087130165E+000                  1.3547426154838364E+001                  7.5579999999908010E-001                  2.4280000000091975E-001                  1.4000000000001789E-003                  2.1855383540643310E-005                  1.1907711574939928E-014                  0.0000000000000000E+000                                        0                 -9.8999999999999986E+001                 -9.9000000000000000E+001                 -9.9000000000000000E+001 
                                     573                  5.0366422982861865E+000                  6.1074493863094603E-001                  6.6655327009491003E+000                 -1.2669398599544428E+000                  1.3558090146594761E+001                  7.5579999999902703E-001                  2.4280000000097302E-001                  1.3999999999999568E-003                  2.3095496498848448E-005                  1.4238751677773142E-014                  0.0000000000000000E+000                                        0                 -9.8999999999999986E+001                 -9.9000000000000000E+001                 -9.9000000000000000E+001 
                                     574                  4.9825902771073185E+000                  6.0771193526826894E-001                  6.6681319806510517E+000                 -1.2588676980153128E+000                  1.3568752845222017E+001                  7.5579999999897085E-001                  2.4280000000102916E-001                  1.3999999999999568E-003                  2.4404596770468927E-005                  1.7022854848025921E-014                  0.0000000000000000E+000                                        0                 -9.8999999999999986E+001                 -9.9000000000000000E+001                 -9.9000000000000000E+001 
                                     575                  4.9281452007289070E+000                  6.0464933260213194E-001                  6.6707335921211115E+000                 -1.2507995844830171E+000                  1.3579414193381181E+001                  7.5579999999891156E-001                  2.4280000000108853E-001                  1.3999999999998458E-003                  2.5786438560222578E-005                  2.0347434560913164E-014                  0.0000000000000000E+000                                        0                 -9.8999999999999986E+001                 -9.9000000000000000E+001                 -9.9000000000000000E+001 
                                     576                  4.8733088386464649E+000                  6.0155643417765370E-001                  6.6733375370452919E+000                 -1.2427355792286987E+000                  1.3590074134387166E+001                  7.5579999999884862E-001                  2.4280000000115121E-001                  1.4000000000001789E-003                  2.7244975148894171E-005                  2.4316641947179527E-014                  0.0000000000000000E+000                                        0                 -9.8999999999999986E+001                 -9.9000000000000000E+001                 -9.9000000000000000E+001 
                                     577                  4.8180831282409455E+000                  5.9843251791915064E-001                  6.6759438162020643E+000                 -1.2346757404401056E+000                  1.3600732612209613E+001                  7.5579999999878233E-001                  2.4280000000121749E-001                  1.4000000000001789E-003                  2.8784369128854975E-005                  2.9054545270888091E-014                  0.0000000000000000E+000                                        0                 -9.8999999999999986E+001                 -9.9000000000000000E+001                 -9.9000000000000000E+001 
                                     578                  4.7624701806907224E+000                  5.9527683489260397E-001                  6.6785524294884189E+000                 -1.2266201246514379E+000                  1.3611389571473362E+001                  7.5579999999871250E-001                  2.4280000000128754E-001                  1.3999999999999568E-003                  3.0409003146134076E-005                  3.4708908354789371E-014                  0.0000000000000000E+000                                        0                 -9.8999999999999986E+001                 -9.9000000000000000E+001                 -9.9000000000000000E+001 
                                     579                  4.7064722871021916E+000                  5.9208860799154495E-001                  6.6811633759426536E+000                 -1.2185687867718316E+000                  1.3622044957456767E+001                  7.5579999999863845E-001                  2.4280000000136154E-001                  1.4000000000000679E-003                  3.2123491172668243E-005                  4.1455679877720516E-014                  0.0000000000000000E+000                                        0                 -9.8999999999999986E+001                 -9.9000000000000000E+001                 -9.9000000000000000E+001 
                                     580                  4.6500919248872101E+000                  5.8886703054169254E-001                  6.6837766537622256E+000                 -1.2105217801151504E+000                  1.3632698716082979E+001                  7.5579999999856029E-001                  2.4280000000143967E-001                  1.4000000000000679E-003                  3.3932690332380472E-005                  4.9504326069493459E-014                  0.0000000000000000E+000                                        0                 -9.8999999999999986E+001                 -9.9000000000000000E+001                 -9.9000000000000000E+001 
                                     581                  4.5933317644358143E+000                  5.8561126482025072E-001                  6.6863922603182990E+000                 -1.2024791564278372E+000                  1.3643350793909566E+001                  7.5579999999847791E-001                  2.4280000000152219E-001                  1.3999999999998458E-003                  3.5841713306967927E-005                  5.9104163434286934E-014                  0.0000000000000000E+000                                        0                 -9.8999999999999986E+001                 -9.9000000000000000E+001                 -9.9000000000000000E+001 
                                     582                  4.5361946760022720E+000                  5.8232044047782805E-001                  6.6890101921685474E+000                 -1.1944409659100441E+000                  1.3654001138122895E+001                  7.5579999999839065E-001                  2.4280000000160934E-001                  1.4000000000000679E-003                  3.7855941350014854E-005                  7.0551877741815673E-014                  0.0000000000000000E+000                                        0                 -9.8999999999999986E+001                 -9.9000000000000000E+001                 -9.9000000000000000E+001 
                                     583                  4.4786837368430268E+000                  5.7899365285698035E-001                  6.6916304450670063E+000                 -1.1864072572322648E+000                  1.3664649696533383E+001                  7.5579999999829872E-001                  2.4280000000170135E-001                  1.3999999999999568E-003                  3.9981037936821343E-005                  8.4200449456339321E-014                  0.0000000000000000E+000                                        0                 -9.8999999999999986E+001                 -9.9000000000000000E+001                 -9.9000000000000000E+001 
                                     584                  4.4208022386342387E+000                  5.7562996120019727E-001                  6.6942530139702621E+000                 -1.1783780775485435E+000                  1.3675296417570046E+001                  7.5579999999820147E-001                  2.4280000000179858E-001                  1.3999999999999568E-003                  4.2222963078956431E-005                  1.0046974665057416E-013                  0.0000000000000000E+000                                        0                 -9.8999999999999986E+001                 -9.9000000000000000E+001                 -9.9000000000000000E+001 
                                     585                  4.3625536951842534E+000                  5.7222838673850929E-001                  6.6968778930400212E+000                 -1.1703534725055791E+000                  1.3685941250274910E+001                  7.5579999999809866E-001                  2.4280000000190116E-001                  1.4000000000001789E-003                  4.4587988332773774E-005                  1.1985909271836077E-013                  0.0000000000000000E+000                                        0                 -9.8999999999999986E+001                 -9.9000000000000000E+001                 -9.9000000000000000E+001 
                                     586                  4.3039418504493074E+000                  5.6878791065072776E-001                  6.6995050756392605E+000                 -1.1623334862567865E+000                  1.3696584144285627E+001                  7.5579999999799041E-001                  2.4280000000200957E-001                  1.4000000000000679E-003                  4.7082712531257359E-005                  1.4296217421017979E-013                  0.0000000000000000E+000                                        0                 -9.8999999999999986E+001                 -9.9000000000000000E+001                 -9.9000000000000000E+001 
                                     587                  4.2449706870058899E+000                  5.6530747189081565E-001                  6.7021345543879942E+000                 -1.1543181615624463E+000                  1.3707225049800025E+001                  7.5579999999787606E-001                  2.4280000000212404E-001                  1.3999999999998458E-003                  4.9714078306596069E-005                  1.7048472136002895E-013                  0.0000000000000000E+000                                        0                 -9.8999999999999986E+001                 -9.9000000000000000E+001                 -9.9000000000000000E+001 
                                     588                  4.1856444349331534E+000                  5.6178596486770571E-001                  6.7047663216991698E+000                 -1.1463075404260965E+000                  1.3717863917548309E+001                  7.5579999999775516E-001                  2.4280000000224486E-001                  1.3999999999999568E-003                  5.2489389695423532E-005                  2.0326547833611318E-013                  0.0000000000000000E+000                                        0                 -9.8999999999999986E+001                 -9.9000000000000000E+001                 -9.9000000000000000E+001 
                                     589                  4.1259675809065710E+000                  5.5822223694742368E-001                  6.7074003704467726E+000                 -1.1383016648652127E+000                  1.3728500698780486E+001                  7.5579999999762748E-001                  2.4280000000237231E-001                  1.4000000000001789E-003                  5.5416330755395870E-005                  2.4230106697774115E-013                  0.0000000000000000E+000                                        0                 -9.8999999999999986E+001                 -9.9000000000000000E+001                 -9.9000000000000000E+001 
                                     590                  4.0659448776587110E+000                  5.5461508576960350E-001                  6.7100366941331844E+000                 -1.1303005771123988E+000                  1.3739135345255598E+001                  7.5579999999749292E-001                  2.4280000000250709E-001                  1.3999999999999568E-003                  5.8502984873356185E-005                  2.8877545497543611E-013                  0.0000000000000000E+000                                        0                 -9.8999999999999986E+001                 -9.9000000000000000E+001                 -9.9000000000000000E+001 
                                     591                  4.0055813538440104E+000                  5.5096325636802013E-001                  6.7126752868461672E+000                 -1.1223043195773639E+000                  1.3749767809231331E+001                  7.5579999999735070E-001                  2.4280000000264923E-001                  1.4000000000000679E-003                  6.1757854906978243E-005                  3.4409487600390852E-013                  0.0000000000000000E+000                                        0                 -9.8999999999999986E+001                 -9.9000000000000000E+001                 -9.9000000000000000E+001 
                                     592                  3.9448823243310751E+000                  5.4726543807993366E-001                  6.7153161432231236E+000                 -1.1143129348168297E+000                  1.3760398043454119E+001                  7.5579999999720071E-001                  2.4280000000279925E-001                  1.4000000000000679E-003                  6.5189884312578489E-005                  4.0992920434612861E-013                  0.0000000000000000E+000                                        0                 -9.8999999999999986E+001                 -9.9000000000000000E+001                 -9.9000000000000000E+001 
                                     593                  3.8838534009483312E+000                  5.4352026122530017E-001                  6.7179592584235381E+000                 -1.1063264655150662E+000                  1.3771026001147806E+001                  7.5579999999704228E-001                  2.4280000000295751E-001                  1.4000000000001789E-003                  6.8808479304617503E-005                  4.8826095922173847E-013                  0.0000000000000000E+000                                        0                 -9.8999999999999986E+001                 -9.9000000000000000E+001                 -9.9000000000000000E+001 
                                     594                  3.8225005037270217E+000                  5.3972629353598489E-001                  6.7206046281097604E+000                 -1.0983449544741102E+000                  1.3781651636002231E+001                  7.5579999999687530E-001                  2.4280000000312466E-001                  1.4000000000000679E-003                  7.2623532099305886E-005                  5.8144333961462009E-013                  0.0000000000000000E+000                                        0                 -9.8999999999999986E+001                 -9.9000000000000000E+001                 -9.9000000000000000E+001 
                                     595                  3.7608298726414713E+000                  5.3588203630994480E-001                  6.7232522484337149E+000                 -1.0903684446079680E+000                  1.3792274902164301E+001                  7.5579999999669889E-001                  2.4280000000330110E-001                  1.4000000000000679E-003                  7.6645445294256948E-005                  6.9226894361755238E-013                  0.0000000000000000E+000                                        0                 -9.8999999999999986E+001                 -9.9000000000000000E+001                 -9.9000000000000000E+001 
                                     596                  3.6988480798746677E+000                  5.3198592026445468E-001                  6.7259021160271732E+000                 -1.0823969789391117E+000                  1.3802895754230804E+001                  7.5579999999651271E-001                  2.4280000000348717E-001                  1.4000000000000679E-003                  8.0885157434454588E-005                  8.2405111243734384E-013                  0.0000000000000000E+000                                        0                 -9.8999999999999986E+001                 -9.9000000000000000E+001                 -9.9000000000000000E+001 
                                     597                  3.6365620426547878E+000                  5.2803630106043919E-001                  6.7285542279954340E+000                 -1.0744306005985622E+000                  1.3813514147241852E+001                  7.5579999999631631E-001                  2.4280000000368362E-001                  1.4000000000000679E-003                  8.5354169820438917E-005                  9.8072019470573894E-013                  0.0000000000000000E+000                                        0                 -9.8999999999999986E+001                 -9.9000000000000000E+001                 -9.9000000000000000E+001 
                                     598                  3.5739790366993196E+000                  5.2403145446618382E-001                  6.7312085819142515E+000                 -1.0664693528291751E+000                  1.3824130036674624E+001                  7.5579999999610914E-001                  2.4280000000389088E-001                  1.3999999999999568E-003                  9.0064574620764352E-005                  1.1669374594549246E-012                  0.0000000000000000E+000                                        0                 -9.8999999999999986E+001                 -9.9000000000000000E+001                 -9.9000000000000000E+001 
                                     599                  3.5111067103093085E+000                  5.1996957112506581E-001                  6.7338651758308972E+000                 -1.0585132789903917E+000                  1.3834743378440185E+001                  7.5579999999589054E-001                  2.4280000000410951E-001                  1.3999999999999568E-003                  9.5029084351366523E-005                  1.3882298617232164E-012                  0.0000000000000000E+000                                        0                 -9.8999999999999986E+001                 -9.9000000000000000E+001                 -9.9000000000000000E+001 
                                     600                  3.4479530991214506E+000                  5.1584875088551185E-001                  6.7365240082724309E+000                 -1.0505624225576125E+000                  1.3845354128893455E+001                  7.5579999999565983E-001                  2.4280000000434016E-001                  1.4000000000000679E-003                  1.0026106278931768E-004                  1.6511494163224082E-012                  0.0000000000000000E+000                                        0                 -9.8999999999999986E+001                 -9.9000000000000000E+001                 -9.9000000000000000E+001 
                                     601                  3.3845266414758615E+000                  5.1166699664276738E-001                  6.7391850782588580E+000                 -1.0426168271243803E+000                  1.3855962244845937E+001                  7.5579999999541647E-001                  2.4280000000458346E-001                  1.4000000000000679E-003                  1.0577455739143716E-004                  1.9634616678618917E-012                  0.0000000000000000E+000                                        0                 -9.8999999999999986E+001                 -9.9000000000000000E+001                 -9.9000000000000000E+001 
                                     602                  3.3208361946639759E+000                  5.0742220765657087E-001                  6.7418483853174545E+000                 -1.0346765364171746E+000                  1.3866567683567455E+001                  7.5579999999515990E-001                  2.4280000000484014E-001                  1.3999999999999568E-003                  1.1158433328308472E-004                  2.3343685321284586E-012                  0.0000000000000000E+000                                        0                 -9.8999999999999986E+001                 -9.9000000000000000E+001                 -9.9000000000000000E+001 
                                     603                  3.2568910520587879E+000                  5.0311217228577210E-001                  6.7445139295005569E+000                 -1.0267415943166307E+000                  1.3877170402785254E+001                  7.5579999999488912E-001                  2.4280000000511082E-001                  1.4000000000000679E-003                  1.1770590888982985E-004                  2.7747716573631361E-012                  0.0000000000000000E+000                                        0                 -9.8999999999999986E+001                 -9.9000000000000000E+001                 -9.9000000000000000E+001 
                                     604                  3.1927009611466839E+000                  4.9873456007456535E-001                  6.7471817114087314E+000                 -1.0188120448845464E+000                  1.3887770360683819E+001                  7.5579999999460368E-001                  2.4280000000539642E-001                  1.3999999999998458E-003                  1.2415559329969318E-004                  3.2975836655190803E-012                  0.0000000000000000E+000                                        0                 -9.8999999999999986E+001                 -9.9000000000000000E+001                 -9.9000000000000000E+001 
                                     605                  3.1282761425261940E+000                  4.9428691311957451E-001                  6.7498517322196294E+000                 -1.0108879323965758E+000                  1.3898367515905480E+001                  7.5579999999430247E-001                  2.4280000000569751E-001                  1.4000000000000679E-003                  1.3095052544244258E-004                  3.9180959371181319E-012                  0.0000000000000000E+000                                        0                 -9.8999999999999986E+001                 -9.9000000000000000E+001                 -9.9000000000000000E+001 
                                     606                  3.0636273099484903E+000                  4.8976663663811237E-001                  6.7525239935947949E+000                 -1.0029693012322458E+000                  1.3908961827555116E+001                  7.5579999999398462E-001                  2.4280000000601523E-001                  1.4000000000001789E-003                  1.3810871498290035E-004                  4.6544129669173083E-012                  0.0000000000000000E+000                                        0                 -9.8999999999999986E+001                 -9.9000000000000000E+001                 -9.9000000000000000E+001 
                                     607                  2.9987656914338348E+000                  4.8517098864558983E-001                  6.7551984969850043E+000                 -9.9505619507487819E-001                  1.3919553255212703E+001                  7.5579999999364988E-001                  2.4280000000635013E-001                  1.3999999999999568E-003                  1.4564908423578735E-004                  5.5279651613986183E-012                  0.0000000000000000E+000                                        0                 -9.8999999999999986E+001                 -9.9000000000000000E+001                 -9.9000000000000000E+001 
                                     608                  2.9337030515466811E+000                  4.8049706864665404E-001                  6.7578752428917106E+000                 -9.8714865606323754E-001                  1.3930141758944430E+001                  7.5579999999329683E-001                  2.4280000000670318E-001                  1.3999999999999568E-003                  1.5359151174750937E-004                  6.5641142021934774E-012                  0.0000000000000000E+000                                        0                 -9.8999999999999986E+001                 -9.9000000000000000E+001                 -9.9000000000000000E+001 
                                     609                  2.8684517150367679E+000                  4.7574180523312015E-001                  6.7605542307437858E+000                 -9.7924672464809326E-001                  1.3940727299306452E+001                  7.5579999999292446E-001                  2.4280000000707558E-001                  1.3999999999999568E-003                  1.6195687865145440E-004                  7.7928674987940182E-012                  0.0000000000000000E+000                                        0                 -9.8999999999999986E+001                 -9.9000000000000000E+001                 -9.9000000000000000E+001 
                                     610                  2.8030245918954666E+000                  4.7090194244573563E-001                  6.7632354589472632E+000                 -9.7135043964667778E-001                  1.3951309837346887E+001                  7.5579999999253178E-001                  2.4280000000746804E-001                  1.4000000000001789E-003                  1.7076711743131519E-004                  9.2497213554182021E-012                  0.0000000000000000E+000                                        0                 -9.8999999999999986E+001                 -9.9000000000000000E+001                 -9.9000000000000000E+001 
                                     611                  2.7374352039324683E+000                  4.6597402474551253E-001                  6.7659189249233771E+000                 -9.6345983828460791E-001                  1.3961889334606909E+001                  7.5579999999211789E-001                  2.4280000000788207E-001                  1.4000000000000679E-003                  1.8004526294304038E-004                  1.0976655776959520E-011                  0.0000000000000000E+000                                        0                 -9.8999999999999986E+001                 -9.9000000000000000E+001                 -9.9000000000000000E+001 
                                     612                  2.6716977130004009E+000                  4.6095438042117148E-001                  6.7686046251344747E+000                 -9.5557495622552113E-001                  1.3972465753120815E+001                  7.5579999999168168E-001                  2.4280000000831833E-001                  1.3999999999999568E-003                  1.8981550577702364E-004                  1.3023307542309429E-011                  0.0000000000000000E+000                                        0                 -9.8999999999999986E+001                 -9.9000000000000000E+001                 -9.9000000000000000E+001 
                                     613                  2.6058269510085643E+000                  4.5583910323337379E-001                  6.7712925550970189E+000                 -9.4769582758822035E-001                  1.3983039055413823E+001                  7.5579999999122160E-001                  2.4280000000877819E-001                  1.4000000000001789E-003                  2.0010324807097701E-004                  1.5448353663618899E-011                  0.0000000000000000E+000                                        0                 -9.8999999999999986E+001                 -9.9000000000000000E+001                 -9.9000000000000000E+001 
                                     614                  2.5398384519043171E+000                  4.5062403206789425E-001                  6.7739827093864191E+000                 -9.3982248495754195E-001                  1.3993609204496794E+001                  7.5579999999073699E-001                  2.4280000000926300E-001                  1.4000000000000679E-003                  2.1093516187360844E-004                  1.8321142269283648E-011                  0.0000000000000000E+000                                        0                 -9.8999999999999986E+001                 -9.9000000000000000E+001                 -9.9000000000000000E+001 
                                     615                  2.4737484857820324E+000                  4.4530472833140028E-001                  6.7766750816389854E+000                 -9.3195495939181605E-001                  1.4004176163861143E+001                  7.5579999999022607E-001                  2.4280000000977389E-001                  1.4000000000000679E-003                  2.2233925017231339E-004                  2.1723614428723617E-011                  0.0000000000000000E+000                                        0                 -9.8999999999999986E+001                 -9.9000000000000000E+001                 -9.9000000000000000E+001 
                                     616                  2.4075740952941054E+000                  4.3987645078064502E-001                  6.7793696645511687E+000                 -9.2409328042702421E-001                  1.4014739897473827E+001                  7.5579999998968761E-001                  2.4280000001031229E-001                  1.4000000000000679E-003                  2.3434491071603209E-004                  2.5752569121912261E-011                  0.0000000000000000E+000                                        0                 -9.8999999999999986E+001                 -9.9000000000000000E+001                 -9.9000000000000000E+001 
                                     617                  2.3413331346019923E+000                  4.3433412742901245E-001                  6.7820664498745531E+000                 -9.1623747607755135E-001                  1.4025300369770935E+001                  7.5579999998912029E-001                  2.4280000001087973E-001                  1.3999999999999568E-003                  2.4698300272459620E-004                  3.0522330814937987E-011                  0.0000000000000000E+000                                        0                 -9.8999999999999986E+001                 -9.9000000000000000E+001                 -9.9000000000000000E+001 
                                     618                  2.2750443111174614E+000                  4.2867232411381839E-001                  6.7847654284054322E+000                 -9.0838757283234572E-001                  1.4035857545649574E+001                  7.5579999998852221E-001                  2.4280000001147775E-001                  1.4000000000000679E-003                  2.6028591661429886E-004                  3.6167891151070477E-011                  0.0000000000000000E+000                                        0                 -9.8999999999999986E+001                 -9.9000000000000000E+001                 -9.9000000000000000E+001 
                                     619                  2.2087272303074301E+000                  4.2288520923604134E-001                  6.7874665899696156E+000                 -9.0054359564762110E-001                  1.4046411390458060E+001                  7.5579999998789227E-001                  2.4280000001210778E-001                  1.3999999999999568E-003                  2.7428764686737364E-004                  4.2848608361180204E-011                  0.0000000000000000E+000                                        0                 -9.8999999999999986E+001                 -9.9000000000000000E+001                 -9.9000000000000000E+001 
                                     620                  2.1424024438801119E+000                  4.1696651409957486E-001                  6.7901699234004234E+000                 -8.9270556793895506E-001                  1.4056961869979162E+001                  7.5579999998722835E-001                  2.4280000001277152E-001                  1.4000000000000679E-003                  2.8902386814281167E-004                  5.0752560651885586E-011                  0.0000000000000000E+000                                        0                 -9.8999999999999986E+001                 -9.9000000000000000E+001                 -9.9000000000000000E+001 
                                     621                  2.0760915017685426E+000                  4.1090948817969319E-001                  6.7928754165091014E+000                 -8.8487351157071059E-001                  1.4067508950407451E+001                  7.5579999998652914E-001                  2.4280000001347096E-001                  1.3999999999998458E-003                  3.0453201478459856E-004                  6.0101670410640463E-011                  0.0000000000000000E+000                                        0                 -9.8999999999999986E+001                 -9.9000000000000000E+001                 -9.9000000000000000E+001 
                                     622                  2.0098170082352649E+000                  4.0470684851389560E-001                  6.7955830560485211E+000                 -8.7704744683594260E-001                  1.4078052598328439E+001                  7.5579999998579228E-001                  2.4280000001420768E-001                  1.4000000000000679E-003                  3.2085136383844048E-004                  7.1157731392755325E-011                  0.0000000000000000E+000                                        0                 -9.8999999999999986E+001                 -9.9000000000000000E+001                 -9.9000000000000000E+001 
                                     623                  1.9436026825393529E+000                  3.9835072226170903E-001                  6.7982928276684857E+000                 -8.6922739242682290E-001                  1.4088592780697573E+001                  7.5579999998501624E-001                  2.4280000001498372E-001                  1.4000000000000679E-003                  3.3802312172190004E-004                  8.4229497697068918E-011                  0.0000000000000000E+000                                        0                 -9.8999999999999986E+001                 -9.9000000000000000E+001                 -9.9000000000000000E+001 
                                     624                  1.8774734247304252E+000                  3.9183258130065834E-001                  6.8010047158693245E+000                 -8.6141336540708957E-001                  1.4099129464815327E+001                  7.5579999998419878E-001                  2.4280000001580124E-001                  1.3999999999999568E-003                  3.5609051471032573E-004                  9.9681019874850513E-011                  0.0000000000000000E+000                                        0                 -9.8999999999999986E+001                 -9.9000000000000000E+001                 -9.9000000000000000E+001 
                                     625                  1.8114553871760688E+000                  3.8514316749557576E-001                  6.8037187043596949E+000                 -8.5360538164761446E-001                  1.4109662618297914E+001                  7.5579999998333780E-001                  2.4280000001666235E-001                  1.3999999999998458E-003                  3.7509888486794973E-004                  1.1794144394700865E-010                  0.0000000000000000E+000                                        0                 -9.8999999999999986E+001                 -9.9000000000000000E+001                 -9.9000000000000000E+001 
                                     626                  1.7455760525162898E+000                  3.7827240699027798E-001                  6.8064347769798692E+000                 -8.4580345690896841E-001                  1.4120192209043122E+001                  7.5579999998243097E-001                  2.4280000001756916E-001                  1.3999999999998458E-003                  3.9509579277300874E-004                  1.3951653643359300E-010                  0.0000000000000000E+000                                        0                 -9.8999999999999986E+001                 -9.9000000000000000E+001                 -9.9000000000000000E+001 
                                     627                  1.6798643188584252E+000                  3.7120931151875808E-001                  6.8091529182398540E+000                 -8.3800760749416470E-001                  1.4130718205189860E+001                  7.5579999998147596E-001                  2.4280000001852409E-001                  1.3999999999999568E-003                  4.1613112410892727E-004                  1.6500222393460182E-010                  0.0000000000000000E+000                                        0                 -9.8999999999999986E+001                 -9.9000000000000000E+001                 -9.9000000000000000E+001 
                                     628                  1.6143505931732103E+000                  3.6394186431554454E-001                  6.8118731132699466E+000                 -8.3021785024013306E-001                  1.4141240575072247E+001                  7.5579999998047032E-001                  2.4280000001952973E-001                  1.3999999999999568E-003                  4.3825719910455126E-004                  1.9510050036794734E-010                  0.0000000000000000E+000                                        0                 -9.8999999999999986E+001                 -9.9000000000000000E+001                 -9.9000000000000000E+001 
                                     629                  1.5490668939527272E+000                  3.5645688765691591E-001                  6.8145953477398500E+000                 -8.2243420247755072E-001                  1.4151759287169783E+001                  7.5579999997941139E-001                  2.4280000002058855E-001                  1.4000000000000679E-003                  4.6152888673369093E-004                  2.3063810758634265E-010                  0.0000000000000000E+000                                        0                 -9.8999999999999986E+001                 -9.9000000000000000E+001                 -9.9000000000000000E+001 
                                     630                  1.4840469644184799E+000                  3.4873988836643910E-001                  6.8173196077930349E+000                 -8.1465668201456487E-001                  1.4162274310051238E+001                  7.5579999997829639E-001                  2.4280000002170354E-001                  1.4000000000000679E-003                  4.8600372405765020E-004                  2.7258847015890408E-010                  0.0000000000000000E+000                                        0                 -9.8999999999999986E+001                 -9.9000000000000000E+001                 -9.9000000000000000E+001 
                                     631                  1.4193263978042512E+000                  3.4077487673460172E-001                  6.8200458799985126E+000                 -8.0688530714939632E-001                  1.4172785612309635E+001                  7.5579999997712277E-001                  2.4280000002287724E-001                  1.3999999999999568E-003                  5.1174204096096610E-004                  3.2209744806587830E-010                  0.0000000000000000E+000                                        0                 -9.8999999999999986E+001                 -9.9000000000000000E+001                 -9.9000000000000000E+001 
                                     632                  1.3549427765110327E+000                  3.3254415316550329E-001                  6.8227741513135651E+000                 -7.9912009670721340E-001                  1.4183293162485761E+001                  7.5579999997588698E-001                  2.4280000002411303E-001                  1.3999999999999568E-003                  5.3880709045487176E-004                  3.8051355403386750E-010                  0.0000000000000000E+000                                        0                 -9.8999999999999986E+001                 -9.9000000000000000E+001                 -9.9000000000000000E+001 
                                     633                  1.2909358272770004E+000                  3.2402805539182555E-001                  6.8255044090447630E+000                 -7.9136107008989443E-001                  1.4193796928977296E+001                  7.5579999997458613E-001                  2.4280000002541380E-001                  1.4000000000000679E-003                  5.6726518477097311E-004                  4.4942341833860047E-010                  0.0000000000000000E+000                                        0                 -9.8999999999999986E+001                 -9.9000000000000000E+001                 -9.9000000000000000E+001 
                                     634                  1.2273475949347978E+000                  3.1520465717575763E-001                  6.8282366408025084E+000                 -7.8360824733815193E-001                  1.4204296879929148E+001                  7.5579999997321723E-001                  2.4280000002678298E-001                  1.3999999999998458E-003                  5.9718583737656758E-004                  5.3069337592350962E-010                  0.0000000000000000E+000                                        0                 -9.8999999999999986E+001                 -9.9000000000000000E+001                 -9.9000000000000000E+001 
                                     635                  1.1642226378633609E+000                  3.0604940687529547E-001                  6.8309708344472071E+000                 -7.7586164920895995E-001                  1.4214792983099684E+001                  7.5579999997177605E-001                  2.4280000002822408E-001                  1.3999999999998458E-003                  6.2864191119150960E-004                  6.2651825272113127E-010                  0.0000000000000000E+000                                        0                 -9.8999999999999986E+001                 -9.9000000000000000E+001                 -9.9000000000000000E+001 
                                     636                  1.1016082489082497E+000                  2.9653469087132972E-001                  6.8337069780254520E+000                 -7.6812129727345391E-001                  1.4225285205696233E+001                  7.5579999997025937E-001                  2.4280000002974064E-001                  1.3999999999999568E-003                  6.6170977313356142E-004                  7.3947854402832215E-010                  0.0000000000000000E+000                                        0                 -9.8999999999999986E+001                 -9.9000000000000000E+001                 -9.9000000000000000E+001 
                                     637                  1.0395547063997677E+000                  2.8662930229332390E-001                  6.8364450596944746E+000                 -7.6038721404353837E-001                  1.4235773514169825E+001                  7.5579999996866332E-001                  2.4280000003133675E-001                  1.3999999999999568E-003                  6.9646945525757775E-004                  8.7260745286709265E-010                  0.0000000000000000E+000                                        0                 -9.8999999999999986E+001                 -9.9000000000000000E+001                 -9.9000000000000000E+001 
                                     638                  9.7811556099312091E-001                  2.7629778926901277E-001                  6.8391850676301784E+000                 -7.5265942313604994E-001                  1.4246257873955637E+001                  7.5579999996698377E-001                  2.4280000003301633E-001                  1.3999999999998458E-003                  7.3300482257416838E-004                  1.0294694227269288E-009                  0.0000000000000000E+000                                        0                 -9.8999999999999986E+001                 -9.9000000000000000E+001                 -9.9000000000000000E+001 
                                     639                  9.1734796546646102E-001                  2.6549964834831297E-001                  6.8419269899115402E+000                 -7.4493794948576797E-001                  1.4256738249140176E+001                  7.5579999996521652E-001                  2.4280000003478355E-001                  1.3999999999999568E-003                  7.7140374770982378E-004                  1.2142521542429564E-009                  0.0000000000000000E+000                                        0                 -9.8999999999999986E+001                 -9.9000000000000000E+001                 -9.9000000000000000E+001 
                                     640                  8.5731305646357014E-001                  2.5418831675272463E-001                  6.8446708143728285E+000                 -7.3722281962286940E-001                  1.4267214602030627E+001                  7.5579999996335712E-001                  2.4280000003664295E-001                  1.3999999999999568E-003                  8.1175829239494841E-004                  1.4318743457385221E-009                  0.0000000000000000E+000                                        0                 -9.8999999999999986E+001                 -9.9000000000000000E+001                 -9.9000000000000000E+001 
                                     641                  7.9807639958888343E-001                  2.4230990005335939E-001                  6.8474165284158559E+000                 -7.2951406204071201E-001                  1.4277686892593117E+001                  7.5579999996140090E-001                  2.4280000003859920E-001                  1.3999999999998458E-003                  8.5416489578776756E-004                  1.6881118474973033E-009                  0.0000000000000000E+000                                        0                 -9.8999999999999986E+001                 -9.9000000000000000E+001                 -9.9000000000000000E+001 
                                     642                  7.3970851254303682E-001                  2.2980154727256200E-001                  6.8501641187630078E+000                 -7.2181170769658654E-001                  1.4288155077697350E+001                  7.5579999995934299E-001                  2.4280000004065705E-001                  1.3999999999999568E-003                  8.9872456932748126E-004                  1.9897452896568549E-009                  0.0000000000000000E+000                                        0                 -9.8999999999999986E+001                 -9.9000000000000000E+001                 -9.9000000000000000E+001 
                                     643                  6.8228548560269753E-001                  2.1658934927041021E-001                  6.8529135711060869E+000                 -7.1411579068788622E-001                  1.4298619110076926E+001                  7.5579999995717839E-001                  2.4280000004282173E-001                  1.3999999999998458E-003                  9.4554309742143059E-004                  2.3447328107117711E-009                  0.0000000000000000E+000                                        0                 -9.8999999999999986E+001                 -9.9000000000000000E+001                 -9.9000000000000000E+001 
                                     644                  6.2588972477637050E-001                  2.0258558203722044E-001                  6.8556648695737845E+000                 -7.0642634914353009E-001                  1.4309078936881933E+001                  7.5579999995490144E-001                  2.4280000004509864E-001                  1.3999999999999568E-003                  9.9473124253762540E-004                  2.7624120322476254E-009                  0.0000000000000000E+000                                        0                 -9.8999999999999986E+001                 -9.9000000000000000E+001                 -9.9000000000000000E+001 
                                     645                  5.7061085170031234E-001                  1.8768503343706366E-001                  6.8584179960132579E+000                 -6.9874342653142674E-001                  1.4319534497624772E+001                  7.5579999995250657E-001                  2.4280000004749322E-001                  1.4000000000001789E-003                  1.0464049533143492E-003                  3.2537361567932369E-009                  0.0000000000000000E+000                                        0                 -9.8999999999999986E+001                 -9.9000000000000000E+001                 -9.9000000000000000E+001 
                                     646                  5.1654680684456744E-001                  1.7176002146306357E-001                  6.8611729290334651E+000                 -6.9106707365551767E-001                  1.4329985721197037E+001                  7.5579999994998814E-001                  2.4280000005001173E-001                  1.4000000000000679E-003                  1.1006855730272482E-003                  3.8315497656233196E-009                  0.0000000000000000E+000                                        0                 -9.8999999999999986E+001                 -9.9000000000000000E+001                 -9.9000000000000000E+001 
                                     647                  4.6380522094142518E-001                  1.5465350139301182E-001                  6.8639296426051821E+000                 -6.8339735165735294E-001                  1.4340432521427234E+001                  7.5579999994733993E-001                  2.4280000005265995E-001                  1.4000000000000679E-003                  1.1577000427492657E-003                  4.5109107946163326E-009                  0.0000000000000000E+000                                        0                 -9.8999999999999986E+001                 -9.9000000000000000E+001                 -9.9000000000000000E+001 
                                     648                  4.1250514710241398E-001                  1.3616930826928403E-001                  6.8666881039344556E+000                 -6.7573433664125260E-001                  1.4350874790269469E+001                  7.5579999994455527E-001                  2.4280000005544464E-001                  1.4000000000000679E-003                  1.2175810896540859E-003                  5.3094659788892203E-009                  0.0000000000000000E+000                                        0                 -9.8999999999999986E+001                 -9.9000000000000000E+001                 -9.9000000000000000E+001 
                                     649                  3.6277928883853300E-001                  1.1605797517062742E-001                  6.8694482701160204E+000                 -6.6807812706813918E-001                  1.4361312386973141E+001                  7.5579999994162728E-001                  2.4280000005837249E-001                  1.4000000000002899E-003                  1.2804673831974711E-003                  6.2478880811708131E-009                  0.0000000000000000E+000                                        0                 -9.8999999999999986E+001                 -9.9000000000000000E+001                 -9.9000000000000000E+001 
                                     650                  3.1477692772233556E-001                  9.3995477345709968E-002                  6.8722100826500192E+000                 -6.6042885606271329E-001                  1.4371745120151274E+001                  7.5579999993854952E-001                  2.4280000006145058E-001                  1.3999999999998458E-003                  1.3465036264848319E-003                  7.3503837526610842E-009                  0.0000000000000000E+000                                        0                 -9.8999999999999986E+001                 -9.9000000000000000E+001                 -9.9000000000000000E+001 
                                     651                  2.6866786788550134E-001                  6.9550192428215779E-002                  6.8749734580302295E+000                 -6.5278671289323553E-001                  1.4382172716658230E+001                  7.5579999993531388E-001                  2.4280000006468613E-001                  1.3999999999999568E-003                  1.4158405181916634E-003                  8.6452812537805927E-009                  0.0000000000000000E+000                                        0                 -9.8999999999999986E+001                 -9.9000000000000000E+001                 -9.9000000000000000E+001 
                                     652                  2.2464791232124631E-001                  4.2129245545837482E-002                  6.8777382706266872E+000                 -6.4515198269762530E-001                  1.4392594764348836E+001                  7.5579999993191305E-001                  2.4280000006808686E-001                  1.4000000000000679E-003                  1.4886344478093091E-003                  1.0165705223001105E-008                  0.0000000000000000E+000                                        0                 -9.8999999999999986E+001                 -9.9000000000000000E+001                 -9.9000000000000000E+001 
                                     653                  1.8294674916741002E-001                  1.0886566205054496E-002                  6.8805043219233015E+000                 -6.3752511812218593E-001                  1.4403010608970986E+001                  7.5579999992833902E-001                  2.4280000007166078E-001                  1.4000000000001789E-003                  1.5650466850760443E-003                  1.1950341467800927E-008                  0.0000000000000000E+000                                        0                 -9.8999999999999986E+001                 -9.9000000000000000E+001                 -9.9000000000000000E+001 
                                     654                  1.4383976061842735E-001                 -2.5445780075385047E-002                  6.8844713848078980E+000                 -6.2666079587548829E-001                  1.4417877436959751E+001                  7.5579999992290670E-001                  2.4280000007709318E-001                  1.4000000000000679E-003                  1.6810246571503660E-003                  1.5059509214801540E-008                  0.0000000000000000E+000                                        0                 -9.8999999999999986E+001                 -9.9000000000000000E+001                 -9.9000000000000000E+001 
                                     655                  7.4866213114128943E-002                 -1.2312633846385879E-001                  6.8888716260105110E+000                 -6.1449255363785504E-001                  1.4434481360245323E+001                  7.5579999991639035E-001                  2.4280000008360930E-001                  1.4000000000002899E-003                  1.8199111105968769E-003                  1.9453713468266420E-008                  0.0000000000000000E+000                                        0                 -9.8999999999999986E+001                 -9.9000000000000000E+001                 -9.9000000000000000E+001 
                                     656                  4.6036943626587438E-002                 -1.9506623405209797E-001                  6.8910450704379818E+000                 -6.0851840613157349E-001                  1.4442647712474677E+001                  7.5579999991298497E-001                  2.4280000008701494E-001                  1.4000000000000679E-003                  1.8923983086821497E-003                  2.2067942395026376E-008                  0.0000000000000000E+000                                        0                 -9.8999999999999986E+001                 -9.9000000000000000E+001                 -9.9000000000000000E+001 
                                     657                  3.3375238119798353E-002                 -2.4238973721678828E-001                  6.8927144325153744E+000                 -6.0395495187359471E-001                  1.4448895804100559E+001                  7.5579999991028335E-001                  2.4280000008971653E-001                  1.4000000000000679E-003                  1.9498540800723849E-003                  2.4307435240045634E-008                  0.0000000000000000E+000                                        0                 -9.8999999999999986E+001                 -9.9000000000000000E+001                 -9.9000000000000000E+001 
                                     658                  1.7245357617015081E-002                 -3.3913688469028397E-001                  6.8944977238017637E+000                 -5.9906988266005834E-001                  1.4455580154962835E+001                  7.5579999990730540E-001                  2.4280000009269451E-001                  1.4000000000000679E-003                  2.0131463507250379E-003                  2.6948689492422937E-008                  0.0000000000000000E+000                                        0                 -9.8999999999999986E+001                 -9.9000000000000000E+001                 -9.9000000000000000E+001 
                                     659                  8.5548951618063737E-003                 -4.4140709800292233E-001                  6.8956307700196922E+000                 -5.9597000275704703E-001                  1.4459823383112191E+001                  7.5579999990536439E-001                  2.4280000009463545E-001                  1.4000000000001789E-003                  2.0543717908881247E-003                  2.8771882201679934E-008                  0.0000000000000000E+000                                        0                 -9.8999999999999986E+001                 -9.9000000000000000E+001                 -9.9000000000000000E+001 
                                     660                  4.7057827239670932E-003                 -5.2836068738123165E-001                  6.8963073665746855E+000                 -5.9412195327927997E-001                  1.4462354287359183E+001                  7.5579999990418745E-001                  2.4280000009581251E-001                  1.4000000000000679E-003                  2.0793640475416032E-003                  2.9917946257208754E-008                  0.0000000000000000E+000                                        0                 -9.8999999999999986E+001                 -9.9000000000000000E+001                 -9.9000000000000000E+001 
                                     661                  2.4028918402296071E-003                 -6.2597597169246655E-001                  6.8967818332871920E+000                 -5.9282649465040105E-001                  1.4464128619649070E+001                  7.5579999990335345E-001                  2.4280000009664635E-001                  1.4000000000001789E-003                  2.0970631909948503E-003                  3.0748380337922868E-008                  0.0000000000000000E+000                                        0                 -9.8999999999999986E+001                 -9.9000000000000000E+001                 -9.9000000000000000E+001 
                                     662                  1.2514463983603090E-003                 -7.2061316906360473E-001                  6.8970763497050838E+000                 -5.9202274245243713E-001                  1.4465229637323686E+001                  7.5579999990283242E-001                  2.4280000009716726E-001                  1.4000000000002899E-003                  2.1081211472835054E-003                  3.1275241185507734E-008                  0.0000000000000000E+000                                        0                 -9.8999999999999986E+001                 -9.9000000000000000E+001                 -9.9000000000000000E+001 
                                     663                  6.7572367742565998E-004                 -8.0994857750339422E-001                  6.8972570587942315E+000                 -5.9152972231813727E-001                  1.4465905058489550E+001                  7.5579999990251123E-001                  2.4280000009748834E-001                  1.4000000000004009E-003                  2.1149333342237726E-003                  3.1602905667344795E-008                  0.0000000000000000E+000                                        0                 -9.8999999999999986E+001                 -9.9000000000000000E+001                 -9.9000000000000000E+001 
                                     664                  3.8786231695833544E-004                 -8.9038566961873289E-001                  6.8973657318628225E+000                 -5.9123328884587345E-001                  1.4466311184442928E+001                  7.5579999990231794E-001                  2.4280000009768182E-001                  1.4000000000002899E-003                  2.1190399883861386E-003                  3.1801579889516200E-008                  0.0000000000000000E+000                                        0                 -9.8999999999999986E+001                 -9.9000000000000000E+001                 -9.9000000000000000E+001 
                                     665                  2.4393163672522828E-004                 -9.5756528074436542E-001                  6.8974291354033435E+000                 -5.9106035883424857E-001                  1.4466548113441064E+001                  7.5579999990220503E-001                  2.4280000009779495E-001                  1.4000000000000679E-003                  2.1214394251549110E-003                  3.1918061130983538E-008                  0.0000000000000000E+000                                        0                 -9.8999999999999986E+001                 -9.9000000000000000E+001                 -9.9000000000000000E+001 
                                     666                  1.7196629660811956E-004                 -1.0081980498940006E+000                  6.8974766205590905E+000                 -5.9093086088277746E-001                  1.4466725543038573E+001                  7.5579999990212021E-001                  2.4280000009787969E-001                  1.4000000000000679E-003                  2.1232380977074779E-003                  3.2005572840907144E-008                  0.0000000000000000E+000                                        0                 -9.8999999999999986E+001                 -9.9000000000000000E+001                 -9.9000000000000000E+001 
                                     667                  1.0000095649101088E-004                 -1.0867064844350340E+000                  6.8975248214966207E+000                 -5.9079940966391364E-001                  1.4466905648386916E+001                  7.5579999990203395E-001                  2.4280000009796590E-001                  1.4000000000001789E-003                  2.1250654014506936E-003                  3.2094646189929050E-008                  0.0000000000000000E+000                                        0                 -9.8999999999999986E+001                 -9.9000000000000000E+001                 -9.9000000000000000E+001 
                                     668                  5.0000478229918776E-005                 -1.1870745899143038E+000                  6.8975621609562836E+000                 -5.9069758022103747E-001                  1.4467045168399778E+001                  7.5579999990196733E-001                  2.4280000009803257E-001                  1.4000000000000679E-003                  2.1264819888797523E-003                  3.2163816201184444E-008                  0.0000000000000000E+000                                        0                 -9.8999999999999986E+001                 -9.9000000000000000E+001                 -9.9000000000000000E+001 
                                     669                  2.5000239098817606E-005                 -1.2874335232828713E+000                  6.8975856811711163E+000                 -5.9063343996480377E-001                  1.4467133050120086E+001                  7.5579999990192503E-001                  2.4280000009807459E-001                  1.4000000000004009E-003                  2.1273747591221272E-003                  3.2207461956082368E-008                  0.0000000000000000E+000                                        0                 -9.8999999999999986E+001                 -9.9000000000000000E+001                 -9.9000000000000000E+001 
                                     670                  1.2500119533822130E-005                 -1.3877866770253042E+000                  6.8976004971157652E+000                 -5.9059303741975411E-001                  1.4467188408013287E+001                  7.5579999990189850E-001                  2.4280000009810113E-001                  1.4000000000004009E-003                  2.1279373183859000E-003                  3.2234985419588122E-008                  0.0000000000000000E+000                                        0                 -9.8999999999999986E+001                 -9.9000000000000000E+001                 -9.9000000000000000E+001 
                                     671                  6.2500597518795055E-006                 -1.4881361846914110E+000                  6.8976098302327680E+000                 -5.9056758671703846E-001                  1.4467223279661685E+001                  7.5579999990188185E-001                  2.4280000009811778E-001                  1.4000000000004009E-003                  2.1282917677154243E-003                  3.2252335377059397E-008                  0.0000000000000000E+000                                        0                 -9.8999999999999986E+001                 -9.9000000000000000E+001                 -9.9000000000000000E+001 
                                     672                  3.1250298603530836E-006                 -1.5884833844336628E+000                  6.8976157095904282E+000                 -5.9055155430032003E-001                  1.4467245246768581E+001                  7.5579999990187119E-001                  2.4280000009812835E-001                  1.4000000000005119E-003                  2.1285150802468540E-003                  3.2263269634360350E-008                  0.0000000000000000E+000                                        0                 -9.8999999999999986E+001                 -9.9000000000000000E+001                 -9.9000000000000000E+001 
                                     673                  1.5625149145898722E-006                 -1.6888291078274362E+000                  6.8976194132972761E+000                 -5.9054145472155439E-001                  1.4467259084913007E+001                  7.5579999990186475E-001                  2.4280000009813493E-001                  1.4000000000002899E-003                  2.1286557675680396E-003                  3.2270159555667819E-008                  0.0000000000000000E+000                                        0                 -9.8999999999999986E+001                 -9.9000000000000000E+001                 -9.9000000000000000E+001 
                                     674                  7.8125743968895164E-007                 -1.7891738565492681E+000                  6.8976225241804219E+000                 -5.9053297176251973E-001                  1.4467270708036461E+001                  7.5579999990185920E-001                  2.4280000009814059E-001                  1.4000000000001789E-003                  2.1287739428390434E-003                  3.2275947779351663E-008                  0.0000000000000000E+000                                        0                 -9.8999999999999986E+001                 -9.9000000000000000E+001                 -9.9000000000000000E+001 
