 reading user weak rate file /home/njm/MESA/mesa-2025-summerschool-prerelease/data/rates_data/rate_tables/S13_r_be7_wk_li7.h5
 version_number 5d9f195f
 read inlist_project
 Extras startup routine
 DEBUG: colors_handle =            1
 DEBUG: colors instrument = /colors/data/filters/GAIA/GAIA
 DEBUG: colors vega_sed = /colors/data/stellar_models/vega_flam.csv
 DEBUG: colors stellar_atm = /colors/data/stellar_models/Kurucz2003all/
 DEBUG: colors metallicity =   0.57999999999999996     
 DEBUG: colors distance =    30857000000000000.     
 DEBUG: colors make_csv =  F
 DEBUG: colors use_colors =  T


 The terminal output contains the following information

      'step' is the number of steps since the start of the run,
      'lg_dt' is log10 timestep in years,
      'age_yr' is the simulated years since the start run,
      'lg_Tcntr' is log10 center temperature (K),
      'lg_Dcntr' is log10 center density (g/cm^3),
      'lg_Tmax' is log10 max temperature (K),
      'Teff' is the surface temperature (K),
      'lg_R' is log10 surface radius (Rsun),
      'lg_L' is log10 surface luminosity (Lsun),
      'lg_LH' is log10 total PP and CNO hydrogen burning power (Lsun),
      'lg_L3a' is log10 total triple-alpha helium burning power (Lsun),
      'lg_gsurf' is log10 surface gravity,
      'lg_Lnuc' is log10 nuclear power (Lsun),
      'lg_Lneu' is log10 total neutrino power (Lsun),
      'lg_Lphoto' is log10 total photodisintegration (Lsun),
      'Mass' is the total stellar baryonic mass (Msun),
      'lg_Mdot' is log10 magnitude of rate of change of mass (Msun/year),
      'lg_Dsurf' is log10 surface density (g/cm^3),
      'H_env' is the amount of mass where H is dominant,
      'He_core' is the largest mass where He is dominant.
      'CO_core' is the largest mass where CO is dominant.
      'H_cntr' is the center H1 mass fraction,
      'He_cntr' is the center He4 mass fraction,
      'C_cntr' is the center C12 mass fraction,
      'N_cntr' is the center N14 mass fraction,
      'O_cntr' is the center O16 mass fraction,
      'Ne_cntr' is the center Ne20 mass fraction,
      'gam_cntr' is the center plasma interaction parameter,
      'eta_cntr' is the center electron degeneracy parameter,
      'zones' is the number of zones in the current model,
      'iters' is the number of solver iterations for the current step,
      'retry' is the number of step retries required during the run,
      'dt_limit' is an indication of what limited the timestep.

 All this and more are saved in the LOGS directory during the run.
 create pre-main-sequence model
                                          species  mass           8    1.0000000000000000D+01

                                        relax_num_steps         100

 hydro_solver_step returned ierr          -1
 s% model_number           1
 nz        1143
 s% num_retries           0

 retry: get_T_tau -- L <= 0       1
          1   5.479619   3928.727 -21.595346 -21.595346  10.000000  10.000000   0.755800   0.000071   0.242800 -12.204779   1143      1
-5.3010E+00   5.479619   2.359908 -99.000000 -22.993214 -99.000000   0.000000   0.242800   0.000657   0.001400   0.016561      7
 5.0000E-06  -5.117241   4.051517 -99.000000 -99.000000  -7.984340   0.000000   0.000241   0.000146   0.001400  0.000E+00         retry

          2   5.478376   4124.389 -21.595499 -21.595499  10.000000  10.000000   0.755800   0.000071   0.242800 -12.202868    633      1
-5.0000E+00   5.478376   2.360115 -99.000000 -22.993368 -99.000000   0.000000   0.242800   0.000657   0.001400   0.016595      3
 1.5000E-05  -5.118275   4.136362 -99.000000 -99.000000  -8.043482   0.000000   0.000241   0.000146   0.001400  0.000E+00  max increase

          3   5.478279   4201.341 -21.595570 -21.595570  10.000000  10.000000   0.755800   0.000071   0.242800 -12.201791    422      1
-5.0000E+00   5.478279   2.360200 -99.000000 -22.993438 -99.000000   0.000000   0.242800   0.000657   0.001400   0.016603      3
 2.5000E-05  -5.117954   4.168646 -99.000000 -99.000000  -8.065877   0.000000   0.000241   0.000146   0.001400  0.000E+00        max_dt

          4   5.478177   4239.808 -21.595587 -21.595587  10.000000  10.000000   0.755800   0.000071   0.242800 -12.201061    441      1
-5.0000E+00   5.478177   2.360249 -99.000000 -22.993455 -99.000000   0.000000   0.242800   0.000657   0.001400   0.016609      3
 3.5000E-05  -5.117790   4.184577 -99.000000 -99.000000  -8.077888   0.000000   0.000241   0.000146   0.001400  0.000E+00        max_dt

          5   5.478094   4262.288 -21.595598 -21.595598  10.000000  10.000000   0.755800   0.000071   0.242800 -12.200485    438      1
-5.0000E+00   5.478094   2.360279 -99.000000 -22.993466 -99.000000   0.000000   0.242800   0.000657   0.001400   0.016614      3
 4.5000E-05  -5.117663   4.193823 -37.327719 -99.000000  -8.085285   0.000000   0.000241   0.000146   0.001400  0.000E+00        max_dt

          6   5.478022   4276.291 -21.595605 -21.595605  10.000000  10.000000   0.755800   0.000071   0.242800 -12.199993    446      1
-5.0000E+00   5.478022   2.360297 -99.000000 -22.993473 -99.000000   0.000000   0.242800   0.000657   0.001400   0.016618      3
 5.5000E-05  -5.117558   4.199558 -99.000000 -99.000000  -8.090070   0.000000   0.000241   0.000146   0.001400  0.000E+00        max_dt

          7   5.477956   4285.346 -21.595610 -21.595610  10.000000  10.000000   0.755800   0.000071   0.242800 -12.199554    444      1
-5.0000E+00   5.477956   2.360309 -99.000000 -22.993478 -99.000000   0.000000   0.242800   0.000657   0.001400   0.016622      3
 6.5000E-05  -5.117466   4.203254 -99.000000 -99.000000  -8.093244   0.000000   0.000241   0.000146   0.001400  0.000E+00        max_dt

          8   5.477895   4291.244 -21.595613 -21.595613  10.000000  10.000000   0.755800   0.000071   0.242800 -12.199155    445      1
-5.0000E+00   5.477895   2.360315 -99.000000 -22.993481 -99.000000   0.000000   0.242800   0.000657   0.001400   0.016625      3
 7.5000E-05  -5.117384   4.205656 -99.000000 -99.000000  -8.095348   0.000000   0.000241   0.000146   0.001400  0.000E+00        max_dt

          9   5.477827   4295.016 -21.595615 -21.595615  10.000000  10.000000   0.755800   0.000071   0.242800 -12.198722    450      1
-5.0000E+00   5.477827   2.360318 -99.000000 -22.993483 -99.000000   0.000000   0.242800   0.000657   0.001400   0.016629      3
 8.5000E-05  -5.117298   4.207189 -99.000000 -99.000000  -8.096708   0.000000   0.000241   0.000146   0.001400  0.000E+00        max_dt


__________________________________________________________________________________________________________________________________________________

       step    lg_Tmax     Teff     lg_LH      lg_Lnuc_tot     Mass       H_rich     H_cntr     N_cntr     Y_surf   eta_cntr   zones  retry
  lg_dt_yrs    lg_Tcntr    lg_R     lg_L3a     lg_Lneu     lg_Mdot    He_core    He_cntr    O_cntr     Z_surf   gam_cntr   iters  
    age_yrs    lg_Dcntr    lg_L     lg_LZ      lg_Lphoto   lg_Dsurf   CO_core    C_cntr     Ne_cntr    Z_cntr   v_div_cs       dt_limit
__________________________________________________________________________________________________________________________________________________

         10   5.477767   4297.297 -21.595616 -21.595616  10.000000  10.000000   0.755800   0.000071   0.242800 -12.198337    448      1
-5.0000E+00   5.477767   2.360319 -99.000000 -22.993484 -99.000000   0.000000   0.242800   0.000657   0.001400   0.016632      3
 9.5000E-05  -5.117222   4.208112 -99.000000 -99.000000  -8.097535   0.000000   0.000241   0.000146   0.001400  0.000E+00        max_dt

         11   5.477715   4298.483 -21.595617 -21.595617  10.000000  10.000000   0.755800   0.000071   0.242800 -12.198008    447      1
-5.0000E+00   5.477715   2.360317 -99.000000 -22.993485 -99.000000   0.000000   0.242800   0.000657   0.001400   0.016635      3
 1.0500E-04  -5.117156   4.208589 -99.000000 -99.000000  -8.097965   0.000000   0.000241   0.000146   0.001400  0.000E+00        max_dt

         12   5.477671   4298.859 -21.595617 -21.595617  10.000000  10.000000   0.755800   0.000071   0.242800 -12.197728    447      1
-5.0000E+00   5.477671   2.360315 -99.000000 -22.993485 -99.000000   0.000000   0.242800   0.000657   0.001400   0.016637      3
 1.1500E-04  -5.117101   4.208736 -99.000000 -99.000000  -8.098099   0.000000   0.000241   0.000146   0.001400  0.000E+00        max_dt

         13   5.477634   4298.636 -21.595616 -21.595616  10.000000  10.000000   0.755800   0.000071   0.242800 -12.197490    444      1
-5.0000E+00   5.477634   2.360311 -99.000000 -22.993485 -99.000000   0.000000   0.242800   0.000657   0.001400   0.016639      3
 1.2500E-04  -5.117053   4.208639 -37.327719 -99.000000  -8.098013   0.000000   0.000241   0.000146   0.001400  0.000E+00        max_dt

         14   5.477629   4297.961 -21.595616 -21.595616  10.000000  10.000000   0.755800   0.000071   0.242800 -12.197286    444      1
-5.0000E+00   5.477602   2.360307 -99.000000 -22.993484 -99.000000   0.000000   0.242800   0.000657   0.001400   0.016641      3
 1.3500E-04  -5.117013   4.208357 -99.000000 -99.000000  -8.097762   0.000000   0.000241   0.000146   0.001400  0.000E+00        max_dt

         15   5.477630   4296.948 -21.595615 -21.595615  10.000000  10.000000   0.755800   0.000071   0.242800 -12.197110    444      1
-5.0000E+00   5.477574   2.360302 -99.000000 -22.993483 -99.000000   0.000000   0.242800   0.000657   0.001400   0.016643      3
 1.4500E-04  -5.116978   4.207938 -99.000000 -99.000000  -8.097389   0.000000   0.000241   0.000146   0.001400  0.000E+00        max_dt

         16   5.477630   4295.682 -21.595614 -21.595614  10.000000  10.000000   0.755800   0.000071   0.242800 -12.196957    442      1
-5.0000E+00   5.477550   2.360297 -99.000000 -22.993482 -99.000000   0.000000   0.242800   0.000657   0.001400   0.016644      3
 1.5500E-04  -5.116947   4.207416 -99.000000 -99.000000  -8.096924   0.000000   0.000241   0.000146   0.001400  0.000E+00        max_dt

         17   5.477630   4294.224 -21.595613 -21.595613  10.000000  10.000000   0.755800   0.000071   0.242800 -12.196824    442      1
-5.0000E+00   5.477529   2.360292 -99.000000 -22.993481 -99.000000   0.000000   0.242800   0.000657   0.001400   0.016645      3
 1.6500E-04  -5.116921   4.206816 -99.000000 -99.000000  -8.096391   0.000000   0.000241   0.000146   0.001400  0.000E+00        max_dt

         18   5.477630   4292.627 -21.595612 -21.595612  10.000000  10.000000   0.755800   0.000071   0.242800 -12.196707    442      1
-5.0000E+00   5.477511   2.360286 -99.000000 -22.993480 -99.000000   0.000000   0.242800   0.000657   0.001400   0.016646      3
 1.7500E-04  -5.116897   4.206158 -99.000000 -99.000000  -8.095810   0.000000   0.000241   0.000146   0.001400  0.000E+00        max_dt

         19   5.477630   4290.928 -21.595611 -21.595611  10.000000  10.000000   0.755800   0.000071   0.242800 -12.196603    444      1
-5.0000E+00   5.477495   2.360280 -99.000000 -22.993479 -99.000000   0.000000   0.242800   0.000657   0.001400   0.016647      3
 1.8500E-04  -5.116877   4.205459 -99.000000 -99.000000  -8.095194   0.000000   0.000241   0.000146   0.001400  0.000E+00        max_dt


__________________________________________________________________________________________________________________________________________________

       step    lg_Tmax     Teff     lg_LH      lg_Lnuc_tot     Mass       H_rich     H_cntr     N_cntr     Y_surf   eta_cntr   zones  retry
  lg_dt_yrs    lg_Tcntr    lg_R     lg_L3a     lg_Lneu     lg_Mdot    He_core    He_cntr    O_cntr     Z_surf   gam_cntr   iters  
    age_yrs    lg_Dcntr    lg_L     lg_LZ      lg_Lphoto   lg_Dsurf   CO_core    C_cntr     Ne_cntr    Z_cntr   v_div_cs       dt_limit
__________________________________________________________________________________________________________________________________________________

         20   5.477630   4289.156 -21.595610 -21.595610  10.000000  10.000000   0.755800   0.000071   0.242800 -12.196510    444      1
-5.0000E+00   5.477480   2.360275 -99.000000 -22.993478 -99.000000   0.000000   0.242800   0.000657   0.001400   0.016648      3
 1.9500E-04  -5.116858   4.204730 -99.000000 -99.000000  -8.094555   0.000000   0.000241   0.000146   0.001400  0.000E+00        max_dt

         21   5.477630   4287.334 -21.595609 -21.595609  10.000000  10.000000   0.755800   0.000071   0.242800 -12.196428    444      1
-5.0000E+00   5.477467   2.360269 -99.000000 -22.993477 -99.000000   0.000000   0.242800   0.000657   0.001400   0.016648      3
 2.0500E-04  -5.116842   4.203981 -99.000000 -99.000000  -8.093901   0.000000   0.000241   0.000146   0.001400  0.000E+00        max_dt

         22   5.477630   4285.483 -21.595607 -21.595607  10.000000  10.000000   0.755800   0.000071   0.242800 -12.196353    444      1
-5.0000E+00   5.477456   2.360263 -99.000000 -22.993476 -99.000000   0.000000   0.242800   0.000657   0.001400   0.016649      3
 2.1500E-04  -5.116827   4.203220 -99.000000 -99.000000  -8.093240   0.000000   0.000241   0.000146   0.001400  0.000E+00        max_dt

         23   5.477630   4283.621 -21.595606 -21.595606  10.000000  10.000000   0.755800   0.000071   0.242800 -12.196286    444      1
-5.0000E+00   5.477445   2.360258 -99.000000 -22.993474 -99.000000   0.000000   0.242800   0.000657   0.001400   0.016650      3
 2.2500E-04  -5.116813   4.202453 -99.000000 -99.000000  -8.092578   0.000000   0.000241   0.000146   0.001400  0.000E+00        max_dt

         24   5.477630   4281.759 -21.595605 -21.595605  10.000000  10.000000   0.755800   0.000071   0.242800 -12.196225    444      1
-5.0000E+00   5.477436   2.360252 -99.000000 -22.993473 -99.000000   0.000000   0.242800   0.000657   0.001400   0.016650      3
 2.3500E-04  -5.116801   4.201687 -37.026689 -99.000000  -8.091918   0.000000   0.000241   0.000146   0.001400  0.000E+00        max_dt

         25   5.477631   4279.906 -21.595604 -21.595604  10.000000  10.000000   0.755800   0.000071   0.242800 -12.196170    444      1
-5.0000E+00   5.477427   2.360247 -99.000000 -22.993472 -99.000000   0.000000   0.242800   0.000657   0.001400   0.016651      3
 2.4500E-04  -5.116790   4.200924 -99.000000 -99.000000  -8.091265   0.000000   0.000241   0.000146   0.001400  0.000E+00        max_dt

         26   5.477631   4278.068 -21.595602 -21.595602  10.000000  10.000000   0.755800   0.000071   0.242800 -12.196119    444      1
-5.0000E+00   5.477419   2.360241 -99.000000 -22.993471 -99.000000   0.000000   0.242800   0.000657   0.001400   0.016651      3
 2.5500E-04  -5.116780   4.200167 -99.000000 -99.000000  -8.090620   0.000000   0.000241   0.000146   0.001400  0.000E+00        max_dt

         27   5.477631   4276.250 -21.595601 -21.595601  10.000000  10.000000   0.755800   0.000071   0.242800 -12.196073    443      1
-5.0000E+00   5.477412   2.360236 -99.000000 -22.993469 -99.000000   0.000000   0.242800   0.000657   0.001400   0.016651      3
 2.6500E-04  -5.116770   4.199419 -99.000000 -99.000000  -8.089985   0.000000   0.000241   0.000146   0.001400  0.000E+00        max_dt

         28   5.477631   4274.456 -21.595600 -21.595600  10.000000  10.000000   0.755800   0.000071   0.242800 -12.196030    445      1
-5.0000E+00   5.477405   2.360231 -99.000000 -22.993468 -99.000000   0.000000   0.242800   0.000657   0.001400   0.016652      3
 2.7500E-04  -5.116762   4.198679 -99.000000 -99.000000  -8.089360   0.000000   0.000241   0.000146   0.001400  0.000E+00        max_dt

         29   5.477631   4272.688 -21.595599 -21.595599  10.000000  10.000000   0.755800   0.000071   0.242800 -12.195991    445      1
-5.0000E+00   5.477399   2.360226 -99.000000 -22.993467 -99.000000   0.000000   0.242800   0.000657   0.001400   0.016652      3
 2.8500E-04  -5.116754   4.197951 -99.000000 -99.000000  -8.088747   0.000000   0.000241   0.000146   0.001400  0.000E+00        max_dt


__________________________________________________________________________________________________________________________________________________

       step    lg_Tmax     Teff     lg_LH      lg_Lnuc_tot     Mass       H_rich     H_cntr     N_cntr     Y_surf   eta_cntr   zones  retry
  lg_dt_yrs    lg_Tcntr    lg_R     lg_L3a     lg_Lneu     lg_Mdot    He_core    He_cntr    O_cntr     Z_surf   gam_cntr   iters  
    age_yrs    lg_Dcntr    lg_L     lg_LZ      lg_Lphoto   lg_Dsurf   CO_core    C_cntr     Ne_cntr    Z_cntr   v_div_cs       dt_limit
__________________________________________________________________________________________________________________________________________________

         30   5.477631   4270.942 -21.595598 -21.595598  10.000000  10.000000   0.755800   0.000071   0.242800 -12.195955    444      1
-5.0000E+00   5.477394   2.360221 -99.000000 -22.993466 -99.000000   0.000000   0.242800   0.000657   0.001400   0.016652      3
 2.9500E-04  -5.116747   4.197231 -99.000000 -99.000000  -8.088145   0.000000   0.000241   0.000146   0.001400  0.000E+00        max_dt

         31   5.477631   4269.209 -21.595597 -21.595597  10.000000  10.000000   0.755800   0.000071   0.242800 -12.195922    444      1
-5.0000E+00   5.477389   2.360217 -99.000000 -22.993465 -99.000000   0.000000   0.242800   0.000657   0.001400   0.016653      3
 3.0500E-04  -5.116740   4.196516 -99.000000 -99.000000  -8.087548   0.000000   0.000241   0.000146   0.001400  0.000E+00        max_dt

         32   5.477631   4267.504 -21.595595 -21.595595  10.000000  10.000000   0.755800   0.000071   0.242800 -12.195891    444      1
-5.0000E+00   5.477384   2.360212 -99.000000 -22.993464 -99.000000   0.000000   0.242800   0.000657   0.001400   0.016653      3
 3.1500E-04  -5.116734   4.195813 -99.000000 -99.000000  -8.086964   0.000000   0.000241   0.000146   0.001400  0.000E+00        max_dt

         33   5.477631   4265.836 -21.595594 -21.595594  10.000000  10.000000   0.755800   0.000071   0.242800 -12.195862    444      1
-5.0000E+00   5.477379   2.360207 -99.000000 -22.993462 -99.000000   0.000000   0.242800   0.000657   0.001400   0.016653      3
 3.2500E-04  -5.116728   4.195125 -99.000000 -99.000000  -8.086395   0.000000   0.000241   0.000146   0.001400  0.000E+00        max_dt

         34   5.477631   4264.205 -21.595593 -21.595593  10.000000  10.000000   0.755800   0.000071   0.242800 -12.195836    444      1
-5.0000E+00   5.477375   2.360203 -99.000000 -22.993461 -99.000000   0.000000   0.242800   0.000657   0.001400   0.016654      3
 3.3500E-04  -5.116722   4.194452 -99.000000 -99.000000  -8.085841   0.000000   0.000241   0.000146   0.001400  0.000E+00        max_dt

         35   5.477631   4262.613 -21.595592 -21.595592  10.000000  10.000000   0.755800   0.000071   0.242800 -12.195811    444      1
-5.0000E+00   5.477372   2.360199 -99.000000 -22.993460 -99.000000   0.000000   0.242800   0.000657   0.001400   0.016654      3
 3.4500E-04  -5.116717   4.193795 -37.026689 -99.000000  -8.085301   0.000000   0.000241   0.000146   0.001400  0.000E+00        max_dt

         36   5.477631   4261.054 -21.595591 -21.595591  10.000000  10.000000   0.755800   0.000071   0.242800 -12.195788    443      1
-5.0000E+00   5.477368   2.360194 -99.000000 -22.993459 -99.000000   0.000000   0.242800   0.000657   0.001400   0.016654      3
 3.5500E-04  -5.116713   4.193151 -99.000000 -99.000000  -8.084774   0.000000   0.000241   0.000146   0.001400  0.000E+00        max_dt

         37   5.477632   4259.527 -21.595590 -21.595590  10.000000  10.000000   0.755800   0.000071   0.242800 -12.195766    443      1
-5.0000E+00   5.477365   2.360190 -99.000000 -22.993458 -99.000000   0.000000   0.242800   0.000657   0.001400   0.016654      3
 3.6500E-04  -5.116708   4.192520 -99.000000 -99.000000  -8.084260   0.000000   0.000241   0.000146   0.001400  0.000E+00        max_dt

         38   5.477632   4258.033 -21.595589 -21.595589  10.000000  10.000000   0.755800   0.000071   0.242800 -12.195745    443      1
-5.0000E+00   5.477361   2.360186 -99.000000 -22.993457 -99.000000   0.000000   0.242800   0.000657   0.001400   0.016654      3
 3.7500E-04  -5.116704   4.191903 -99.000000 -99.000000  -8.083759   0.000000   0.000241   0.000146   0.001400  0.000E+00        max_dt

         39   5.477632   4256.575 -21.595588 -21.595588  10.000000  10.000000   0.755800   0.000071   0.242800 -12.195726    444      1
-5.0000E+00   5.477359   2.360183 -99.000000 -22.993456 -99.000000   0.000000   0.242800   0.000657   0.001400   0.016654      3
 3.8500E-04  -5.116700   4.191300 -99.000000 -99.000000  -8.083271   0.000000   0.000241   0.000146   0.001400  0.000E+00        max_dt


__________________________________________________________________________________________________________________________________________________

       step    lg_Tmax     Teff     lg_LH      lg_Lnuc_tot     Mass       H_rich     H_cntr     N_cntr     Y_surf   eta_cntr   zones  retry
  lg_dt_yrs    lg_Tcntr    lg_R     lg_L3a     lg_Lneu     lg_Mdot    He_core    He_cntr    O_cntr     Z_surf   gam_cntr   iters  
    age_yrs    lg_Dcntr    lg_L     lg_LZ      lg_Lphoto   lg_Dsurf   CO_core    C_cntr     Ne_cntr    Z_cntr   v_div_cs       dt_limit
__________________________________________________________________________________________________________________________________________________

         40   5.477632   4255.152 -21.595587 -21.595587  10.000000  10.000000   0.755800   0.000071   0.242800 -12.195708    444      1
-5.0000E+00   5.477356   2.360179 -99.000000 -22.993455 -99.000000   0.000000   0.242800   0.000657   0.001400   0.016655      3
 3.9500E-04  -5.116696   4.190711 -99.000000 -99.000000  -8.082796   0.000000   0.000241   0.000146   0.001400  0.000E+00        max_dt

         41   5.477632   4253.764 -21.595586 -21.595586  10.000000  10.000000   0.755800   0.000071   0.242800 -12.195692    444      1
-5.0000E+00   5.477353   2.360175 -99.000000 -22.993454 -99.000000   0.000000   0.242800   0.000657   0.001400   0.016655      3
 4.0500E-04  -5.116693   4.190138 -99.000000 -99.000000  -8.082334   0.000000   0.000241   0.000146   0.001400  0.000E+00        max_dt

         42   5.477632   4252.411 -21.595585 -21.595585  10.000000  10.000000   0.755800   0.000071   0.242800 -12.195676    444      1
-5.0000E+00   5.477351   2.360172 -99.000000 -22.993453 -99.000000   0.000000   0.242800   0.000657   0.001400   0.016655      3
 4.1500E-04  -5.116690   4.189578 -99.000000 -99.000000  -8.081885   0.000000   0.000241   0.000146   0.001400  0.000E+00        max_dt

         43   5.477632   4251.091 -21.595584 -21.595584  10.000000  10.000000   0.755800   0.000071   0.242800 -12.195661    444      1
-5.0000E+00   5.477349   2.360168 -99.000000 -22.993452 -99.000000   0.000000   0.242800   0.000657   0.001400   0.016655      3
 4.2500E-04  -5.116687   4.189032 -99.000000 -99.000000  -8.081449   0.000000   0.000241   0.000146   0.001400  0.000E+00        max_dt

         44   5.477632   4249.803 -21.595583 -21.595583  10.000000  10.000000   0.755800   0.000071   0.242800 -12.195647    444      1
-5.0000E+00   5.477346   2.360165 -99.000000 -22.993451 -99.000000   0.000000   0.242800   0.000657   0.001400   0.016655      3
 4.3500E-04  -5.116684   4.188498 -99.000000 -99.000000  -8.081023   0.000000   0.000241   0.000146   0.001400  0.000E+00        max_dt

         45   5.477632   4248.544 -21.595582 -21.595582  10.000000  10.000000   0.755800   0.000071   0.242800 -12.195633    444      1
-5.0000E+00   5.477344   2.360161 -99.000000 -22.993450 -99.000000   0.000000   0.242800   0.000657   0.001400   0.016655      3
 4.4500E-04  -5.116681   4.187977 -99.000000 -99.000000  -8.080609   0.000000   0.000241   0.000146   0.001400  0.000E+00        max_dt

         46   5.477707   4247.317 -21.595904 -21.595904  10.000000  10.000000   0.755800   0.000071   0.242800 -12.195568    443      1
-5.0000E+00   5.477418   2.360157 -99.000000 -22.993772 -99.000000   0.000000   0.242800   0.000657   0.001400   0.016654      3
 4.5500E-04  -5.116542   4.187467 -99.000000 -99.000000  -8.080205   0.000000   0.000241   0.000146   0.001400  0.000E+00        max_dt

         47   5.477707   4246.114 -21.595903 -21.595903  10.000000  10.000000   0.755800   0.000071   0.242800 -12.195556    443      1
-5.0000E+00   5.477416   2.360154 -99.000000 -22.993771 -99.000000   0.000000   0.242800   0.000657   0.001400   0.016654      3
 4.6500E-04  -5.116540   4.186968 -99.000000 -99.000000  -8.079811   0.000000   0.000241   0.000146   0.001400  0.000E+00        max_dt

         48   5.477708   4244.937 -21.595902 -21.595902  10.000000  10.000000   0.755800   0.000071   0.242800 -12.195544    443      1
-5.0000E+00   5.477414   2.360151 -99.000000 -22.993771 -99.000000   0.000000   0.242800   0.000657   0.001400   0.016654      3
 4.7500E-04  -5.116537   4.186481 -37.327719 -99.000000  -8.079426   0.000000   0.000241   0.000146   0.001400  0.000E+00        max_dt

         49   5.477708   4243.786 -21.595902 -21.595902  10.000000  10.000000   0.755800   0.000071   0.242800 -12.195533    443      1
-5.0000E+00   5.477413   2.360148 -99.000000 -22.993770 -99.000000   0.000000   0.242800   0.000657   0.001400   0.016654      3
 4.8500E-04  -5.116535   4.186004 -99.000000 -99.000000  -8.079051   0.000000   0.000241   0.000146   0.001400  0.000E+00        max_dt


__________________________________________________________________________________________________________________________________________________

       step    lg_Tmax     Teff     lg_LH      lg_Lnuc_tot     Mass       H_rich     H_cntr     N_cntr     Y_surf   eta_cntr   zones  retry
  lg_dt_yrs    lg_Tcntr    lg_R     lg_L3a     lg_Lneu     lg_Mdot    He_core    He_cntr    O_cntr     Z_surf   gam_cntr   iters  
    age_yrs    lg_Dcntr    lg_L     lg_LZ      lg_Lphoto   lg_Dsurf   CO_core    C_cntr     Ne_cntr    Z_cntr   v_div_cs       dt_limit
__________________________________________________________________________________________________________________________________________________

         50   5.477708   4242.658 -21.595901 -21.595901  10.000000  10.000000   0.755800   0.000071   0.242800 -12.195523    442      1
-5.0000E+00   5.477411   2.360145 -99.000000 -22.993769 -99.000000   0.000000   0.242800   0.000657   0.001400   0.016655      3
 4.9500E-04  -5.116533   4.185536 -99.000000 -99.000000  -8.078683   0.000000   0.000241   0.000146   0.001400  0.000E+00        max_dt

         51   5.477708   4241.549 -21.595901 -21.595901  10.000000  10.000000   0.755800   0.000071   0.242800 -12.195513    442      1
-5.0000E+00   5.477410   2.360142 -99.000000 -22.993769 -99.000000   0.000000   0.242800   0.000657   0.001400   0.016655      3
 5.0500E-04  -5.116531   4.185076 -37.327719 -99.000000  -8.078323   0.000000   0.000241   0.000146   0.001400  0.000E+00        max_dt

         52   5.477708   4240.460 -21.595900 -21.595900  10.000000  10.000000   0.755800   0.000071   0.242800 -12.195504    442      1
-5.0000E+00   5.477408   2.360139 -99.000000 -22.993768 -99.000000   0.000000   0.242800   0.000657   0.001400   0.016655      3
 5.1500E-04  -5.116529   4.184624 -99.000000 -99.000000  -8.077970   0.000000   0.000241   0.000146   0.001400  0.000E+00        max_dt

         53   5.477708   4239.392 -21.595899 -21.595899  10.000000  10.000000   0.755800   0.000071   0.242800 -12.195495    442      1
-5.0000E+00   5.477407   2.360137 -99.000000 -22.993768 -99.000000   0.000000   0.242800   0.000657   0.001400   0.016655      3
 5.2500E-04  -5.116527   4.184182 -99.000000 -99.000000  -8.077625   0.000000   0.000241   0.000146   0.001400  0.000E+00        max_dt

         54   5.477708   4238.346 -21.595899 -21.595899  10.000000  10.000000   0.755800   0.000071   0.242800 -12.195487    442      1
-5.0000E+00   5.477406   2.360134 -99.000000 -22.993767 -99.000000   0.000000   0.242800   0.000657   0.001400   0.016655      3
 5.3500E-04  -5.116525   4.183748 -99.000000 -99.000000  -8.077287   0.000000   0.000241   0.000146   0.001400  0.000E+00        max_dt

         55   5.477708   4237.323 -21.595898 -21.595898  10.000000  10.000000   0.755800   0.000071   0.242800 -12.195479    442      1
-5.0000E+00   5.477405   2.360132 -99.000000 -22.993766 -99.000000   0.000000   0.242800   0.000657   0.001400   0.016655      3
 5.4500E-04  -5.116524   4.183323 -99.000000 -99.000000  -8.076957   0.000000   0.000241   0.000146   0.001400  0.000E+00        max_dt

         56   5.477708   4236.321 -21.595898 -21.595898  10.000000  10.000000   0.755800   0.000071   0.242800 -12.195471    442      1
-5.0000E+00   5.477403   2.360129 -99.000000 -22.993766 -99.000000   0.000000   0.242800   0.000657   0.001400   0.016655      3
 5.5500E-04  -5.116522   4.182907 -99.000000 -99.000000  -8.076635   0.000000   0.000241   0.000146   0.001400  0.000E+00        max_dt

         57   5.477708   4235.340 -21.595897 -21.595897  10.000000  10.000000   0.755800   0.000071   0.242800 -12.195464    442      1
-5.0000E+00   5.477402   2.360126 -99.000000 -22.993765 -99.000000   0.000000   0.242800   0.000657   0.001400   0.016655      3
 5.6500E-04  -5.116520   4.182500 -99.000000 -99.000000  -8.076320   0.000000   0.000241   0.000146   0.001400  0.000E+00        max_dt

         58   5.477708   4234.379 -21.595897 -21.595897  10.000000  10.000000   0.755800   0.000071   0.242800 -12.195457    442      1
-5.0000E+00   5.477401   2.360124 -99.000000 -22.993765 -99.000000   0.000000   0.242800   0.000657   0.001400   0.016655      3
 5.7500E-04  -5.116519   4.182101 -99.000000 -99.000000  -8.076012   0.000000   0.000241   0.000146   0.001400  0.000E+00        max_dt

         59   5.477708   4233.438 -21.595896 -21.595896  10.000000  10.000000   0.755800   0.000071   0.242800 -12.195451    442      1
-5.0000E+00   5.477400   2.360122 -99.000000 -22.993764 -99.000000   0.000000   0.242800   0.000657   0.001400   0.016655      3
 5.8500E-04  -5.116518   4.181710 -99.000000 -99.000000  -8.075711   0.000000   0.000241   0.000146   0.001400  0.000E+00        max_dt


__________________________________________________________________________________________________________________________________________________

       step    lg_Tmax     Teff     lg_LH      lg_Lnuc_tot     Mass       H_rich     H_cntr     N_cntr     Y_surf   eta_cntr   zones  retry
  lg_dt_yrs    lg_Tcntr    lg_R     lg_L3a     lg_Lneu     lg_Mdot    He_core    He_cntr    O_cntr     Z_surf   gam_cntr   iters  
    age_yrs    lg_Dcntr    lg_L     lg_LZ      lg_Lphoto   lg_Dsurf   CO_core    C_cntr     Ne_cntr    Z_cntr   v_div_cs       dt_limit
__________________________________________________________________________________________________________________________________________________

         60   5.477708   4232.517 -21.595895 -21.595895  10.000000  10.000000   0.755800   0.000071   0.242800 -12.195444    442      1
-5.0000E+00   5.477399   2.360119 -99.000000 -22.993764 -99.000000   0.000000   0.242800   0.000657   0.001400   0.016655      3
 5.9500E-04  -5.116516   4.181327 -99.000000 -99.000000  -8.075416   0.000000   0.000241   0.000146   0.001400  0.000E+00        max_dt

         61   5.477708   4231.614 -21.595895 -21.595895  10.000000  10.000000   0.755800   0.000071   0.242800 -12.195438    442      1
-5.0000E+00   5.477399   2.360117 -99.000000 -22.993763 -99.000000   0.000000   0.242800   0.000657   0.001400   0.016655      3
 6.0500E-04  -5.116515   4.180952 -99.000000 -99.000000  -8.075128   0.000000   0.000241   0.000146   0.001400  0.000E+00        max_dt

         62   5.477709   4230.728 -21.595894 -21.595894  10.000000  10.000000   0.755800   0.000071   0.242800 -12.195432    442      1
-5.0000E+00   5.477398   2.360115 -99.000000 -22.993763 -99.000000   0.000000   0.242800   0.000657   0.001400   0.016655      3
 6.1500E-04  -5.116514   4.180584 -99.000000 -99.000000  -8.074846   0.000000   0.000241   0.000146   0.001400  0.000E+00        max_dt

         63   5.477709   4229.860 -21.595894 -21.595894  10.000000  10.000000   0.755800   0.000071   0.242800 -12.195427    442      1
-5.0000E+00   5.477397   2.360113 -99.000000 -22.993762 -99.000000   0.000000   0.242800   0.000657   0.001400   0.016655      3
 6.2500E-04  -5.116512   4.180223 -99.000000 -99.000000  -8.074570   0.000000   0.000241   0.000146   0.001400  0.000E+00        max_dt

         64   5.477709   4229.008 -21.595893 -21.595893  10.000000  10.000000   0.755800   0.000071   0.242800 -12.195421    441      1
-5.0000E+00   5.477396   2.360111 -99.000000 -22.993762 -99.000000   0.000000   0.242800   0.000657   0.001400   0.016655      3
 6.3500E-04  -5.116511   4.179869 -99.000000 -99.000000  -8.074299   0.000000   0.000241   0.000146   0.001400  0.000E+00        max_dt

         65   5.477709   4228.172 -21.595893 -21.595893  10.000000  10.000000   0.755800   0.000071   0.242800 -12.195416    441      1
-5.0000E+00   5.477395   2.360109 -99.000000 -22.993761 -99.000000   0.000000   0.242800   0.000657   0.001400   0.016655      3
 6.4500E-04  -5.116510   4.179521 -99.000000 -99.000000  -8.074034   0.000000   0.000241   0.000146   0.001400  0.000E+00        max_dt

         66   5.477709   4227.350 -21.595892 -21.595892  10.000000  10.000000   0.755800   0.000071   0.242800 -12.195411    441      1
-5.0000E+00   5.477395   2.360107 -99.000000 -22.993761 -99.000000   0.000000   0.242800   0.000657   0.001400   0.016656      3
 6.5500E-04  -5.116509   4.179180 -99.000000 -99.000000  -8.073773   0.000000   0.000241   0.000146   0.001400  0.000E+00        max_dt

         67   5.477709   4226.543 -21.595892 -21.595892  10.000000  10.000000   0.755800   0.000071   0.242800 -12.195406    442      1
-5.0000E+00   5.477394   2.360105 -99.000000 -22.993760 -99.000000   0.000000   0.242800   0.000657   0.001400   0.016656      3
 6.6500E-04  -5.116508   4.178844 -99.000000 -99.000000  -8.073518   0.000000   0.000241   0.000146   0.001400  0.000E+00        max_dt

         68   5.477709   4225.751 -21.595891 -21.595891  10.000000  10.000000   0.755800   0.000071   0.242800 -12.195402    442      1
-5.0000E+00   5.477393   2.360103 -99.000000 -22.993760 -99.000000   0.000000   0.242800   0.000657   0.001400   0.016656      3
 6.7500E-04  -5.116507   4.178515 -99.000000 -99.000000  -8.073268   0.000000   0.000241   0.000146   0.001400  0.000E+00        max_dt

         69   5.477709   4224.973 -21.595891 -21.595891  10.000000  10.000000   0.755800   0.000071   0.242800 -12.195397    442      1
-5.0000E+00   5.477393   2.360101 -99.000000 -22.993759 -99.000000   0.000000   0.242800   0.000657   0.001400   0.016656      3
 6.8500E-04  -5.116506   4.178191 -99.000000 -99.000000  -8.073022   0.000000   0.000241   0.000146   0.001400  0.000E+00        max_dt


__________________________________________________________________________________________________________________________________________________

       step    lg_Tmax     Teff     lg_LH      lg_Lnuc_tot     Mass       H_rich     H_cntr     N_cntr     Y_surf   eta_cntr   zones  retry
  lg_dt_yrs    lg_Tcntr    lg_R     lg_L3a     lg_Lneu     lg_Mdot    He_core    He_cntr    O_cntr     Z_surf   gam_cntr   iters  
    age_yrs    lg_Dcntr    lg_L     lg_LZ      lg_Lphoto   lg_Dsurf   CO_core    C_cntr     Ne_cntr    Z_cntr   v_div_cs       dt_limit
__________________________________________________________________________________________________________________________________________________

         70   5.477709   4224.208 -21.595890 -21.595890  10.000000  10.000000   0.755800   0.000071   0.242800 -12.195393    442      1
-5.0000E+00   5.477392   2.360099 -99.000000 -22.993759 -99.000000   0.000000   0.242800   0.000657   0.001400   0.016656      3
 6.9500E-04  -5.116505   4.177873 -99.000000 -99.000000  -8.072781   0.000000   0.000241   0.000146   0.001400  0.000E+00        max_dt

         71   5.477709   4223.458 -21.595890 -21.595890  10.000000  10.000000   0.755800   0.000071   0.242800 -12.195389    442      1
-5.0000E+00   5.477392   2.360097 -99.000000 -22.993758 -99.000000   0.000000   0.242800   0.000657   0.001400   0.016656      3
 7.0500E-04  -5.116504   4.177560 -99.000000 -99.000000  -8.072545   0.000000   0.000241   0.000146   0.001400  0.000E+00        max_dt

         72   5.477709   4222.720 -21.595889 -21.595889  10.000000  10.000000   0.755800   0.000071   0.242800 -12.195385    442      1
-5.0000E+00   5.477391   2.360095 -99.000000 -22.993758 -99.000000   0.000000   0.242800   0.000657   0.001400   0.016656      3
 7.1500E-04  -5.116503   4.177254 -99.000000 -99.000000  -8.072313   0.000000   0.000241   0.000146   0.001400  0.000E+00        max_dt

         73   5.477709   4221.996 -21.595889 -21.595889  10.000000  10.000000   0.755800   0.000071   0.242800 -12.195381    442      1
-5.0000E+00   5.477390   2.360094 -99.000000 -22.993757 -99.000000   0.000000   0.242800   0.000657   0.001400   0.016656      3
 7.2500E-04  -5.116502   4.176952 -37.327719 -99.000000  -8.072086   0.000000   0.000241   0.000146   0.001400  0.000E+00        max_dt

         74   5.477709   4221.284 -21.595888 -21.595888  10.000000  10.000000   0.755800   0.000071   0.242800 -12.195378    442      1
-5.0000E+00   5.477390   2.360092 -99.000000 -22.993757 -99.000000   0.000000   0.242800   0.000657   0.001400   0.016656      3
 7.3500E-04  -5.116502   4.176656 -99.000000 -99.000000  -8.071863   0.000000   0.000241   0.000146   0.001400  0.000E+00        max_dt

         75   5.477709   4220.585 -21.595888 -21.595888  10.000000  10.000000   0.755800   0.000071   0.242800 -12.195374    442      1
-5.0000E+00   5.477389   2.360090 -99.000000 -22.993756 -99.000000   0.000000   0.242800   0.000657   0.001400   0.016656      3
 7.4500E-04  -5.116501   4.176365 -99.000000 -99.000000  -8.071644   0.000000   0.000241   0.000146   0.001400  0.000E+00        max_dt

         76   5.477709   4219.898 -21.595887 -21.595887  10.000000  10.000000   0.755800   0.000071   0.242800 -12.195371    442      1
-5.0000E+00   5.477389   2.360089 -99.000000 -22.993756 -99.000000   0.000000   0.242800   0.000657   0.001400   0.016656      3
 7.5500E-04  -5.116500   4.176079 -99.000000 -99.000000  -8.071428   0.000000   0.000241   0.000146   0.001400  0.000E+00        max_dt

         77   5.477709   4219.220 -21.595887 -21.595887  10.000000  10.000000   0.755800   0.000071   0.242800 -12.195368    441      1
-5.0000E+00   5.477389   2.360087 -99.000000 -22.993755 -99.000000   0.000000   0.242800   0.000657   0.001400   0.016656      3
 7.6500E-04  -5.116499   4.175796 -99.000000 -99.000000  -8.071217   0.000000   0.000241   0.000146   0.001400  0.000E+00        max_dt

         78   5.477709   4218.551 -21.595887 -21.595887  10.000000  10.000000   0.755800   0.000071   0.242800 -12.195364    441      1
-5.0000E+00   5.477388   2.360085 -99.000000 -22.993755 -99.000000   0.000000   0.242800   0.000657   0.001400   0.016656      3
 7.7500E-04  -5.116499   4.175518 -99.000000 -99.000000  -8.071008   0.000000   0.000241   0.000146   0.001400  0.000E+00        max_dt

         79   5.477709   4217.892 -21.595886 -21.595886  10.000000  10.000000   0.755800   0.000071   0.242800 -12.195361    441      1
-5.0000E+00   5.477388   2.360084 -99.000000 -22.993754 -99.000000   0.000000   0.242800   0.000657   0.001400   0.016656      3
 7.8500E-04  -5.116498   4.175243 -99.000000 -99.000000  -8.070802   0.000000   0.000241   0.000146   0.001400  0.000E+00        max_dt


__________________________________________________________________________________________________________________________________________________

       step    lg_Tmax     Teff     lg_LH      lg_Lnuc_tot     Mass       H_rich     H_cntr     N_cntr     Y_surf   eta_cntr   zones  retry
  lg_dt_yrs    lg_Tcntr    lg_R     lg_L3a     lg_Lneu     lg_Mdot    He_core    He_cntr    O_cntr     Z_surf   gam_cntr   iters  
    age_yrs    lg_Dcntr    lg_L     lg_LZ      lg_Lphoto   lg_Dsurf   CO_core    C_cntr     Ne_cntr    Z_cntr   v_div_cs       dt_limit
__________________________________________________________________________________________________________________________________________________

         80   5.477710   4217.244 -21.595886 -21.595886  10.000000  10.000000   0.755800   0.000071   0.242800 -12.195358    443      1
-5.0000E+00   5.477387   2.360082 -99.000000 -22.993754 -99.000000   0.000000   0.242800   0.000657   0.001400   0.016656      3
 7.9500E-04  -5.116497   4.174973 -99.000000 -99.000000  -8.070600   0.000000   0.000241   0.000146   0.001400  0.000E+00        max_dt

         81   5.477710   4216.609 -21.595885 -21.595885  10.000000  10.000000   0.755800   0.000071   0.242800 -12.195355    443      1
-5.0000E+00   5.477387   2.360081 -99.000000 -22.993753 -99.000000   0.000000   0.242800   0.000657   0.001400   0.016656      3
 8.0500E-04  -5.116497   4.174709 -99.000000 -99.000000  -8.070402   0.000000   0.000241   0.000146   0.001400  0.000E+00        max_dt

         82   5.477710   4215.987 -21.595885 -21.595885  10.000000  10.000000   0.755800   0.000071   0.242800 -12.195353    443      1
-5.0000E+00   5.477386   2.360079 -99.000000 -22.993753 -99.000000   0.000000   0.242800   0.000657   0.001400   0.016656      3
 8.1500E-04  -5.116496   4.174450 -99.000000 -99.000000  -8.070209   0.000000   0.000241   0.000146   0.001400  0.000E+00        max_dt

         83   5.477710   4215.378 -21.595884 -21.595884  10.000000  10.000000   0.755800   0.000071   0.242800 -12.195350    443      1
-5.0000E+00   5.477386   2.360078 -99.000000 -22.993752 -99.000000   0.000000   0.242800   0.000657   0.001400   0.016656      3
 8.2500E-04  -5.116495   4.174196 -99.000000 -99.000000  -8.070019   0.000000   0.000241   0.000146   0.001400  0.000E+00        max_dt

         84   5.477710   4214.780 -21.595884 -21.595884  10.000000  10.000000   0.755800   0.000071   0.242800 -12.195347    443      1
-5.0000E+00   5.477386   2.360077 -99.000000 -22.993752 -99.000000   0.000000   0.242800   0.000657   0.001400   0.016656      3
 8.3500E-04  -5.116495   4.173946 -99.000000 -99.000000  -8.069834   0.000000   0.000241   0.000146   0.001400  0.000E+00        max_dt

         85   5.477710   4214.193 -21.595883 -21.595883  10.000000  10.000000   0.755800   0.000071   0.242800 -12.195345    443      1
-5.0000E+00   5.477385   2.360075 -99.000000 -22.993752 -99.000000   0.000000   0.242800   0.000657   0.001400   0.016656      3
 8.4500E-04  -5.116494   4.173702 -99.000000 -99.000000  -8.069651   0.000000   0.000241   0.000146   0.001400  0.000E+00        max_dt

         86   5.477710   4213.615 -21.595883 -21.595883  10.000000  10.000000   0.755800   0.000071   0.242800 -12.195343    443      1
-5.0000E+00   5.477385   2.360074 -99.000000 -22.993751 -99.000000   0.000000   0.242800   0.000657   0.001400   0.016656      3
 8.5500E-04  -5.116494   4.173461 -99.000000 -99.000000  -8.069472   0.000000   0.000241   0.000146   0.001400  0.000E+00        max_dt

         87   5.477710   4213.047 -21.595882 -21.595882  10.000000  10.000000   0.755800   0.000071   0.242800 -12.195340    443      1
-5.0000E+00   5.477385   2.360073 -99.000000 -22.993751 -99.000000   0.000000   0.242800   0.000657   0.001400   0.016656      3
 8.6500E-04  -5.116493   4.173224 -99.000000 -99.000000  -8.069296   0.000000   0.000241   0.000146   0.001400  0.000E+00        max_dt

         88   5.477710   4212.487 -21.595882 -21.595882  10.000000  10.000000   0.755800   0.000071   0.242800 -12.195338    443      1
-5.0000E+00   5.477384   2.360071 -99.000000 -22.993750 -99.000000   0.000000   0.242800   0.000657   0.001400   0.016656      3
 8.7500E-04  -5.116492   4.172991 -99.000000 -99.000000  -8.069123   0.000000   0.000241   0.000146   0.001400  0.000E+00        max_dt

         89   5.477710   4211.935 -21.595882 -21.595882  10.000000  10.000000   0.755800   0.000071   0.242800 -12.195336    443      1
-5.0000E+00   5.477384   2.360070 -99.000000 -22.993750 -99.000000   0.000000   0.242800   0.000657   0.001400   0.016656      3
 8.8500E-04  -5.116492   4.172761 -99.000000 -99.000000  -8.068952   0.000000   0.000241   0.000146   0.001400  0.000E+00        max_dt


__________________________________________________________________________________________________________________________________________________

       step    lg_Tmax     Teff     lg_LH      lg_Lnuc_tot     Mass       H_rich     H_cntr     N_cntr     Y_surf   eta_cntr   zones  retry
  lg_dt_yrs    lg_Tcntr    lg_R     lg_L3a     lg_Lneu     lg_Mdot    He_core    He_cntr    O_cntr     Z_surf   gam_cntr   iters  
    age_yrs    lg_Dcntr    lg_L     lg_LZ      lg_Lphoto   lg_Dsurf   CO_core    C_cntr     Ne_cntr    Z_cntr   v_div_cs       dt_limit
__________________________________________________________________________________________________________________________________________________

         90   5.477710   4211.392 -21.595881 -21.595881  10.000000  10.000000   0.755800   0.000071   0.242800 -12.195334    443      1
-5.0000E+00   5.477384   2.360069 -99.000000 -22.993749 -99.000000   0.000000   0.242800   0.000657   0.001400   0.016656      3
 8.9500E-04  -5.116491   4.172534 -99.000000 -99.000000  -8.068784   0.000000   0.000241   0.000146   0.001400  0.000E+00        max_dt

         91   5.477710   4210.856 -21.595881 -21.595881  10.000000  10.000000   0.755800   0.000071   0.242800 -12.195331    443      1
-5.0000E+00   5.477384   2.360068 -99.000000 -22.993749 -99.000000   0.000000   0.242800   0.000657   0.001400   0.016656      3
 9.0500E-04  -5.116491   4.172311 -99.000000 -99.000000  -8.068619   0.000000   0.000241   0.000146   0.001400  0.000E+00        max_dt

         92   5.477710   4210.328 -21.595880 -21.595880  10.000000  10.000000   0.755800   0.000071   0.242800 -12.195329    443      1
-5.0000E+00   5.477383   2.360066 -99.000000 -22.993748 -99.000000   0.000000   0.242800   0.000657   0.001400   0.016656      3
 9.1500E-04  -5.116490   4.172090 -99.000000 -99.000000  -8.068456   0.000000   0.000241   0.000146   0.001400  0.000E+00        max_dt

         93   5.477710   4209.806 -21.595880 -21.595880  10.000000  10.000000   0.755800   0.000071   0.242800 -12.195327    442      1
-5.0000E+00   5.477383   2.360065 -99.000000 -22.993748 -99.000000   0.000000   0.242800   0.000657   0.001400   0.016656      3
 9.2500E-04  -5.116490   4.171873 -99.000000 -99.000000  -8.068295   0.000000   0.000241   0.000146   0.001400  0.000E+00        max_dt

         94   5.477710   4209.291 -21.595879 -21.595879  10.000000  10.000000   0.755800   0.000071   0.242800 -12.195326    442      1
-5.0000E+00   5.477383   2.360064 -99.000000 -22.993748 -99.000000   0.000000   0.242800   0.000657   0.001400   0.016656      3
 9.3500E-04  -5.116489   4.171658 -99.000000 -99.000000  -8.068136   0.000000   0.000241   0.000146   0.001400  0.000E+00        max_dt

         95   5.477710   4208.781 -21.595879 -21.595879  10.000000  10.000000   0.755800   0.000071   0.242800 -12.195324    442      1
-5.0000E+00   5.477383   2.360063 -99.000000 -22.993747 -99.000000   0.000000   0.242800   0.000657   0.001400   0.016656      3
 9.4500E-04  -5.116489   4.171445 -99.000000 -99.000000  -8.067980   0.000000   0.000241   0.000146   0.001400  0.000E+00        max_dt

         96   5.477710   4208.278 -21.595879 -21.595879  10.000000  10.000000   0.755800   0.000071   0.242800 -12.195322    442      1
-5.0000E+00   5.477382   2.360062 -99.000000 -22.993747 -99.000000   0.000000   0.242800   0.000657   0.001400   0.016656      3
 9.5500E-04  -5.116489   4.171235 -99.000000 -99.000000  -8.067825   0.000000   0.000241   0.000146   0.001400  0.000E+00        max_dt

         97   5.477710   4207.783 -21.595878 -21.595878  10.000000  10.000000   0.755800   0.000071   0.242800 -12.195320    442      1
-5.0000E+00   5.477382   2.360061 -99.000000 -22.993746 -99.000000   0.000000   0.242800   0.000657   0.001400   0.016656      3
 9.6500E-04  -5.116488   4.171029 -99.000000 -99.000000  -8.067672   0.000000   0.000241   0.000146   0.001400  0.000E+00        max_dt

         98   5.477710   4207.294 -21.595878 -21.595878  10.000000  10.000000   0.755800   0.000071   0.242800 -12.195318    442      1
-5.0000E+00   5.477382   2.360060 -99.000000 -22.993746 -99.000000   0.000000   0.242800   0.000657   0.001400   0.016656      3
 9.7500E-04  -5.116488   4.170825 -99.000000 -99.000000  -8.067522   0.000000   0.000241   0.000146   0.001400  0.000E+00        max_dt

         99   5.477710   4206.812 -21.595877 -21.595877  10.000000  10.000000   0.755800   0.000071   0.242800 -12.195317    442      1
-5.0000E+00   5.477382   2.360059 -99.000000 -22.993745 -99.000000   0.000000   0.242800   0.000657   0.001400   0.016656      3
 9.8500E-04  -5.116487   4.170624 -99.000000 -99.000000  -8.067375   0.000000   0.000241   0.000146   0.001400  0.000E+00        max_dt


__________________________________________________________________________________________________________________________________________________

       step    lg_Tmax     Teff     lg_LH      lg_Lnuc_tot     Mass       H_rich     H_cntr     N_cntr     Y_surf   eta_cntr   zones  retry
  lg_dt_yrs    lg_Tcntr    lg_R     lg_L3a     lg_Lneu     lg_Mdot    He_core    He_cntr    O_cntr     Z_surf   gam_cntr   iters  
    age_yrs    lg_Dcntr    lg_L     lg_LZ      lg_Lphoto   lg_Dsurf   CO_core    C_cntr     Ne_cntr    Z_cntr   v_div_cs       dt_limit
__________________________________________________________________________________________________________________________________________________

        100   5.477710   4206.338 -21.595877 -21.595877  10.000000  10.000000   0.755800   0.000071   0.242800 -12.195315    442      1
-5.0000E+00   5.477382   2.360058 -99.000000 -22.993745 -99.000000   0.000000   0.242800   0.000657   0.001400   0.016656      3
 9.9500E-04  -5.116487   4.170426 -99.000000 -99.000000  -8.067229   0.000000   0.000241   0.000146   0.001400  0.000E+00        max_dt


 finished doing relax num steps


                                relax_to_radiative_core

          1   5.477711   4205.870 -21.595876 -21.595876  10.000000  10.000000   0.755800   0.000071   0.242800 -12.195314    442      0
-5.0000E+00   5.477381   2.360057 -99.000000 -22.993745 -99.000000   0.000000   0.242800   0.000657   0.001400   0.016656      3
 1.0000E-05  -5.116487   4.170231 -99.000000 -99.000000  -8.067086   0.000000   0.000241   0.000146   0.001400  0.000E+00        max_dt

           waiting for fully convective core to develop           1    1.8295551342872099D-02
          2   5.477711   4204.962 -21.595876 -21.595876  10.000000  10.000000   0.755800   0.000071   0.242800 -12.195311    442      0
-4.6990E+00   5.477381   2.360055 -99.000000 -22.993744 -99.000000   0.000000   0.242800   0.000657   0.001400   0.016656      3
 3.0000E-05  -5.116486   4.169852 -99.000000 -99.000000  -8.066808   0.000000   0.000241   0.000146   0.001400  0.000E+00  max increase

           waiting for fully convective core to develop           2    1.8295542843999320D-02
          3   5.477711   4203.245 -21.595874 -21.595874  10.000000  10.000000   0.755800   0.000071   0.242800 -12.195305    442      0
-4.3979E+00   5.477380   2.360051 -99.000000 -22.993742 -99.000000   0.000000   0.242800   0.000657   0.001400   0.016656      3
 7.0000E-05  -5.116484   4.169135 -99.000000 -99.000000  -8.066283   0.000000   0.000241   0.000146   0.001400  0.000E+00  max increase

           waiting for fully convective core to develop           3    1.8295526036322354D-02
          4   5.477711   4200.146 -21.595871 -21.595871  10.000000  10.000000   0.755800   0.000071   0.242800 -12.195296    442      0
-4.0969E+00   5.477379   2.360045 -99.000000 -22.993739 -99.000000   0.000000   0.242800   0.000657   0.001400   0.016656      3
 1.5000E-04  -5.116482   4.167841 -99.000000 -99.000000  -8.065339   0.000000   0.000241   0.000146   0.001400  0.000E+00  max increase

           waiting for fully convective core to develop           4    1.8295493140272758D-02
          5   5.477712   4194.615 -21.595864 -21.595864  10.000000  10.000000   0.755800   0.000071   0.242800 -12.195283    442      0
-3.7959E+00   5.477378   2.360035 -99.000000 -22.993732 -99.000000   0.000000   0.242800   0.000657   0.001400   0.016657      3
 3.1000E-04  -5.116478   4.165532 -99.000000 -99.000000  -8.063665   0.000000   0.000241   0.000146   0.001400  0.000E+00  max increase

           waiting for fully convective core to develop           5    1.8295429931824137D-02
          6   5.477713   4186.932 -21.595852 -21.595852  10.000000  10.000000   0.755800   0.000071   0.242800 -12.195267    442      0
-3.4949E+00   5.477377   2.360025 -99.000000 -22.993720 -99.000000   0.000000   0.242800   0.000657   0.001400   0.016657      3
 6.3000E-04  -5.116473   4.162327 -99.000000 -99.000000  -8.061364   0.000000   0.000241   0.000146   0.001400  0.000E+00  max increase

           waiting for fully convective core to develop           6    1.8295311956027301D-02
          7   5.477715   4177.759 -21.595827 -21.595827  10.000000  10.000000   0.755800   0.000071   0.242800 -12.195251    443      0
-3.1938E+00   5.477377   2.360023 -99.000000 -22.993695 -99.000000   0.000000   0.242800   0.000657   0.001400   0.016657      3
 1.2700E-03  -5.116466   4.158513 -37.026689 -99.000000  -8.058655   0.000000   0.000241   0.000146   0.001400  0.000E+00  max increase

           waiting for fully convective core to develop           7    1.8295099477795139D-02
          8   5.477718   4170.039 -21.595777 -21.595777  10.000000  10.000000   0.755800   0.000071   0.242800 -12.195238    442      0
-2.8928E+00   5.477379   2.360052 -99.000000 -22.993646 -99.000000   0.000000   0.242800   0.000657   0.001400   0.016657      3
 2.5500E-03  -5.116458   4.155358 -99.000000 -99.000000  -8.056432   0.000000   0.000241   0.000146   0.001400  0.000E+00  max increase

           waiting for fully convective core to develop           8    1.8294725484074528D-02
          9   5.477724   4167.605 -21.595680 -21.595680  10.000000  10.000000   0.755800   0.000071   0.242800 -12.195227    442      0
-2.5918E+00   5.477384   2.360149 -99.000000 -22.993548 -99.000000   0.000000   0.242800   0.000657   0.001400   0.016657      3
 5.1100E-03  -5.116445   4.154537 -99.000000 -99.000000  -8.055835   0.000000   0.000241   0.000146   0.001400  0.000E+00  max increase

           waiting for fully convective core to develop           9    1.7248159590426560D-03

__________________________________________________________________________________________________________________________________________________

       step    lg_Tmax     Teff     lg_LH      lg_Lnuc_tot     Mass       H_rich     H_cntr     N_cntr     Y_surf   eta_cntr   zones  retry
  lg_dt_yrs    lg_Tcntr    lg_R     lg_L3a     lg_Lneu     lg_Mdot    He_core    He_cntr    O_cntr     Z_surf   gam_cntr   iters  
    age_yrs    lg_Dcntr    lg_L     lg_LZ      lg_Lphoto   lg_Dsurf   CO_core    C_cntr     Ne_cntr    Z_cntr   v_div_cs       dt_limit
__________________________________________________________________________________________________________________________________________________

         10   5.477735   4172.886 -21.595489 -21.595489  10.000000  10.000000   0.755800   0.000071   0.242800 -12.195213    444      0
-2.2907E+00   5.477396   2.360361 -99.000000 -22.993357 -99.000000   0.000000   0.242800   0.000657   0.001400   0.016657      3
 1.0230E-02  -5.116422   4.157161 -99.000000 -99.000000  -8.057613   0.000000   0.000241   0.000146   0.001400  0.000E+00  max increase

           waiting for fully convective core to develop          10    1.7248361926746219D-03
         11   5.477755   4185.334 -21.595122 -21.595122  10.000000  10.000000   0.755800   0.000071   0.242800 -12.195192    444      0
-1.9897E+00   5.477418   2.360734 -99.000000 -22.992990 -99.000000   0.000000   0.242800   0.000657   0.001400   0.016656      3
 2.0470E-02  -5.116379   4.163081 -99.000000 -99.000000  -8.061697   0.000000   0.000241   0.000146   0.001400  0.000E+00  max increase

           waiting for fully convective core to develop          11    1.7247335937433661D-03
         12   5.477793   4201.275 -21.594426 -21.594426  10.000000  10.000000   0.755800   0.000071   0.242800 -12.195151    444      0
-1.6887E+00   5.477460   2.361288 -99.000000 -22.992294 -99.000000   0.000000   0.242800   0.000657   0.001400   0.016656      3
 4.0950E-02  -5.116298   4.170794 -99.000000 -99.000000  -8.067099   0.000000   0.000241   0.000146   0.001400  0.000E+00  max increase

           waiting for fully convective core to develop          12    3.3944866601387557D-04
         13   5.477867   4215.994 -21.593112 -21.593112  10.000000  10.000000   0.755800   0.000071   0.242800 -12.195072    444      0
-1.3876E+00   5.477542   2.361980 -99.000000 -22.990980 -99.000000   0.000000   0.242800   0.000657   0.001400   0.016655      3
 8.1910E-02  -5.116141   4.178253 -99.000000 -99.000000  -8.072388   0.000000   0.000241   0.000146   0.001400  0.000E+00  max increase

           waiting for fully convective core to develop          13    8.5767703178765752D-04
         14   5.478012   4226.729 -21.590711 -21.590711  10.000000  10.000000   0.755800   0.000071   0.242800 -12.194918    446      0
-1.0866E+00   5.477701   2.362678 -99.000000 -22.988579 -99.000000   0.000000   0.242800   0.000657   0.001400   0.016652      3
 1.6383E-01  -5.115835   4.184067 -99.000000 -99.000000  -8.076533   0.000000   0.000241   0.000146   0.001400  0.000E+00  max increase

           waiting for fully convective core to develop          14    8.5941571503091001D-04
         15   5.478267   4232.388 -21.586408 -21.586408  10.000000  10.000000   0.755800   0.000071   0.242800 -12.194615    446      0
-7.8558E-01   5.478012   2.363204 -99.000000 -22.984277 -99.000000   0.000000   0.242800   0.000657   0.001400   0.016648      3
 3.2767E-01  -5.115236   4.187444 -99.000000 -99.000000  -8.078924   0.000000   0.000241   0.000146   0.001400  0.000E+00  max increase

           waiting for fully convective core to develop          15    4.2220030803451875D-04
         16   5.478668   4235.103 -21.578568 -21.578568  10.000000  10.000000   0.755800   0.000071   0.242800 -12.194034    446      0
-4.8455E-01   5.478602   2.363366 -99.000000 -22.976436 -99.000000   0.000000   0.242800   0.000657   0.001400   0.016640      3
 6.5535E-01  -5.114099   4.188882 -99.000000 -99.000000  -8.079973   0.000000   0.000241   0.000146   0.001400  0.000E+00  max increase

           waiting for fully convective core to develop          16    2.0010721845113033D-04
         17   5.479708   4236.694 -21.563553 -21.563553  10.000000  10.000000   0.755800   0.000071   0.242800 -12.192968    446      0
-1.8352E-01   5.479708   2.362941 -99.000000 -22.961421 -99.000000   0.000000   0.242800   0.000657   0.001400   0.016625      3
 1.3107E+00  -5.111978   4.188684 -37.327719 -99.000000  -8.079991   0.000000   0.000241   0.000146   0.001400  0.000E+00  max increase

           waiting for fully convective core to develop          17    1.6181038368889334D-04
         18   5.481800   4238.501 -21.533881 -21.533881  10.000000  10.000000   0.755800   0.000071   0.242800 -12.190935    446      0
 1.1751E-01   5.481800   2.361592 -99.000000 -22.931749 -99.000000   0.000000   0.242800   0.000657   0.001400   0.016596      3
 2.6214E+00  -5.107957   4.186727 -99.000000 -99.000000  -8.079016   0.000000   0.000241   0.000146   0.001400  0.000E+00  max increase

           waiting for fully convective core to develop          18    1.3790340183348726D-04
         19   5.484806   4241.651 -21.475465 -21.475465  10.000000  10.000000   0.755800   0.000071   0.242800 -12.180411    446      0
 4.1854E-01   5.484806   2.358697 -99.000000 -22.873333 -99.000000   0.000000   0.242800   0.000657   0.001400   0.016597      3
 5.2429E+00  -5.098878   4.182227 -99.000000 -99.000000  -8.076690   0.000000   0.000241   0.000146   0.001400  0.000E+00  max increase

           waiting for fully convective core to develop          19    2.4715345976154741D-05

__________________________________________________________________________________________________________________________________________________

       step    lg_Tmax     Teff     lg_LH      lg_Lnuc_tot     Mass       H_rich     H_cntr     N_cntr     Y_surf   eta_cntr   zones  retry
  lg_dt_yrs    lg_Tcntr    lg_R     lg_L3a     lg_Lneu     lg_Mdot    He_core    He_cntr    O_cntr     Z_surf   gam_cntr   iters  
    age_yrs    lg_Dcntr    lg_L     lg_LZ      lg_Lphoto   lg_Dsurf   CO_core    C_cntr     Ne_cntr    Z_cntr   v_div_cs       dt_limit
__________________________________________________________________________________________________________________________________________________

         20   5.490612   4247.501 -21.362735 -21.362735  10.000000  10.000000   0.755800   0.000071   0.242800 -12.160254    445      0
 7.1957E-01   5.490612   2.353026 -99.000000 -22.760603 -99.000000   0.000000   0.242800   0.000657   0.001400   0.016597      3
 1.0486E+01  -5.081414   4.173280 -99.000000 -99.000000  -8.072035   0.000000   0.000241   0.000146   0.001400  0.000E+00  max increase

             relative mass of radiative core still tiny          20    7.8125748204094236D-08
         21   5.501518   4260.226 -21.152041 -21.152041  10.000000  10.000000   0.755800   0.000071   0.242800 -12.122467    449      0
 1.0206E+00   5.501518   2.342342 -99.000000 -22.549909 -99.000000   0.000000   0.242800   0.000657   0.001400   0.016598      3
 2.0972E+01  -5.048645   4.157108 -99.000000 -99.000000  -8.063837   0.000000   0.000241   0.000146   0.001400  0.000E+00  max increase

             relative mass of radiative core still tiny          21    7.8125747760005027D-08
         22   5.516506   4275.098 -20.864720 -20.864720  10.000000  10.000000   0.755800   0.000071   0.242800 -12.070537    444      0
 1.1974E+00   5.516506   2.327650 -99.000000 -22.262588 -99.000000   0.000000   0.242800   0.000657   0.001400   0.016599      3
 3.6726E+01  -5.003610   4.133777 -36.725659 -99.000000  -8.051752   0.000000   0.000241   0.000146   0.001400  0.000E+00    varcontrol

             relative mass of radiative core still tiny          22    7.8125747760005027D-08
         23   5.533880   4295.209 -20.535058 -20.535058  10.000000  10.000000   0.755800   0.000071   0.242800 -12.010363    449      0
 1.3053E+00   5.533880   2.310571 -99.000000 -21.932926 -99.000000   0.000000   0.242800   0.000657   0.001400   0.016600      3
 5.6923E+01  -4.951416   4.107772 -99.000000 -99.000000  -8.038753   0.000000   0.000241   0.000146   0.001400  0.000E+00    varcontrol

             relative mass of radiative core still tiny          23    7.8125747537960422D-08
         24   5.552474   4315.690 -20.186329 -20.186329  10.000000  10.000000   0.755800   0.000071   0.242800 -11.945978    450      0
 1.3820E+00   5.552474   2.292264 -99.000000 -21.584197 -99.000000   0.000000   0.242800   0.000657   0.001400   0.016601      3
 8.1025E+01  -4.895563   4.079423 -99.000000 -99.000000  -8.024622   0.000000   0.000241   0.000146   0.001400  0.000E+00    varcontrol

             relative mass of radiative core still tiny          24    7.8125747982049631D-08
         25   5.571682   4337.057 -19.830482 -19.830482  10.000000  10.000000   0.755800   0.000071   0.242800 -11.879480    441      0
 1.4450E+00   5.571682   2.273315 -99.000000 -21.228350 -99.000000   0.000000   0.242800   0.000657   0.001400   0.016602      3
 1.0889E+02  -4.837871   4.050105 -99.000000 -99.000000  -8.010277   0.000000   0.000241   0.000146   0.001400  0.000E+00    varcontrol

             relative mass of radiative core still tiny          25    7.8125747315915817D-08
         26   5.591030   4357.975 -19.476553 -19.476553  10.000000  10.000000   0.755800   0.000071   0.242800 -11.812516    446      0
 1.4976E+00   5.591030   2.254199 -99.000000 -20.874421 -99.000000   0.000000   0.242800   0.000657   0.001400   0.016602      3
 1.4034E+02  -4.779768   4.020231 -99.000000 -99.000000  -7.995833   0.000000   0.000241   0.000146   0.001400  0.000E+00    varcontrol

             relative mass of radiative core still tiny          26    7.8125747982049631D-08
         27   5.610305   4378.467 -19.128362 -19.128362  10.000000  10.000000   0.755800   0.000071   0.242800 -11.745812    445      0
 1.5455E+00   5.610305   2.235124 -99.000000 -20.526230 -99.000000   0.000000   0.242800   0.000657   0.001400   0.016603      3
 1.7546E+02  -4.721885   3.990230 -99.000000 -99.000000  -7.981560   0.000000   0.000241   0.000146   0.001400  0.000E+00    varcontrol

             relative mass of radiative core still tiny          27    7.8125747982049631D-08
         28   5.629546   4399.870 -18.785149 -18.785149  10.000000  10.000000   0.755800   0.000071   0.242800 -11.679242    450      0
 1.5939E+00   5.629546   2.216051 -99.000000 -20.183017 -99.000000   0.000000   0.242800   0.000657   0.001400   0.016604      3
 2.1471E+02  -4.664113   3.960555 -99.000000 -99.000000  -7.968005   0.000000   0.000241   0.000146   0.001400  0.000E+00    varcontrol

             relative mass of radiative core still tiny          28    7.8125747982049631D-08
         29   5.648722   4418.039 -18.447327 -18.447327  10.000000  10.000000   0.755800   0.000071   0.242800 -11.612896    449      0
 1.6427E+00   5.648722   2.197026 -99.000000 -19.845195 -99.000000   0.000000   0.242800   0.000657   0.001400   0.016604      3
 2.5864E+02  -4.606534   3.929664 -34.317420 -99.000000  -7.953446   0.000000   0.000241   0.000146   0.001400  0.000E+00    varcontrol

             relative mass of radiative core still tiny          29    7.8125748426138841D-08

__________________________________________________________________________________________________________________________________________________

       step    lg_Tmax     Teff     lg_LH      lg_Lnuc_tot     Mass       H_rich     H_cntr     N_cntr     Y_surf   eta_cntr   zones  retry
  lg_dt_yrs    lg_Tcntr    lg_R     lg_L3a     lg_Lneu     lg_Mdot    He_core    He_cntr    O_cntr     Z_surf   gam_cntr   iters  
    age_yrs    lg_Dcntr    lg_L     lg_LZ      lg_Lphoto   lg_Dsurf   CO_core    C_cntr     Ne_cntr    Z_cntr   v_div_cs       dt_limit
__________________________________________________________________________________________________________________________________________________

         30   5.667913   4439.842 -18.113457 -18.113457  10.000000  10.000000   0.755800   0.000071   0.242800 -11.546513    449      0
 1.6920E+00   5.667913   2.177950 -99.000000 -19.511325 -99.000000   0.000000   0.242800   0.000657   0.001400   0.016605      3
 3.0784E+02  -4.548919   3.900063 -99.000000 -99.000000  -7.940844   0.000000   0.000241   0.000146   0.001400  0.000E+00    varcontrol

             relative mass of radiative core still tiny          30    7.8125747982049631D-08
         31   5.687140   4460.069 -17.783093 -17.783093  10.000000  10.000000   0.755800   0.000071   0.242800 -11.480009    470      0
 1.7425E+00   5.687140   2.158820 -99.000000 -19.180961 -99.000000   0.000000   0.242800   0.000657   0.001400   0.016605      3
 3.6311E+02  -4.491195   3.869699 -99.000000 -99.000000  -7.927889   0.000000   0.000241   0.000146   0.001400  0.000E+00    varcontrol

             relative mass of radiative core still tiny          31    7.8125748648183446D-08
         32   5.706498   4479.891 -17.454618 -17.454618  10.000000  10.000000   0.755800   0.000071   0.242800 -11.413060    461      0
 1.7958E+00   5.706498   2.139540 -99.000000 -18.852486 -99.000000   0.000000   0.242800   0.000657   0.001400   0.016606      3
 4.2561E+02  -4.433083   3.838844 -33.113300 -99.000000  -7.914996   0.000000   0.000241   0.000146   0.001400  0.000E+00    varcontrol

             relative mass of radiative core still tiny          32    7.8125747760005027D-08
         33   5.725882   4500.074 -17.129783 -17.129783  10.000000  10.000000   0.755800   0.000071   0.242800 -11.346026    477      0
 1.8468E+00   5.725882   2.120213 -99.000000 -18.527651 -99.000000   0.000000   0.242800   0.000657   0.001400   0.016606      3
 4.9587E+02  -4.374893   3.807999 -99.000000 -99.000000  -7.902667   0.000000   0.000241   0.000146   0.001400  0.000E+00    varcontrol

             relative mass of radiative core still tiny          33    7.8125748204094236D-08
         34   5.744994   4519.224 -16.809856 -16.809856  10.000000  10.000000   0.755800   0.000071   0.242800 -11.277660    479      0
 1.8964E+00   5.744994   2.100919 -99.000000 -18.207724 -99.000000   0.000000   0.242800   0.000657   0.001400   0.016619      3
 5.7464E+02  -4.316533   3.776788 -99.000000 -99.000000  -7.890188   0.000000   0.000241   0.000146   0.001400  0.000E+00    varcontrol

             relative mass of radiative core still tiny          34    7.8125747760005027D-08
         35   5.763586   4539.031 -16.494258 -16.494258  10.000000  10.000000   0.755800   0.000071   0.242800 -11.204869    484      0
 1.9481E+00   5.763586   2.081573 -99.000000 -17.892126 -99.000000   0.000000   0.242800   0.000657   0.001400   0.016667      3
 6.6337E+02  -4.257032   3.745693 -99.000000 -99.000000  -7.878361   0.000000   0.000241   0.000146   0.001400  0.000E+00    varcontrol

                 finished relax to begin radiative core          35    8.5331680194768306D-03

 finished doing relax_to_radiative_core

 read my_history_columns.list
 read my_profile_columns.list
                                 set_initial_dt (years)    1.0000000000000000D+00
                             set_initial_number_retries           0
 net name basic.net
 kap_option gs98
 kap_CO_option gs98_co
 kap_lowT_option lowT_fa05_gs98
                                        OMP_NUM_THREADS          16


__________________________________________________________________________________________________________________________________________________

       step    lg_Tmax     Teff     lg_LH      lg_Lnuc_tot     Mass       H_rich     H_cntr     N_cntr     Y_surf   eta_cntr   zones  retry
  lg_dt_yrs    lg_Tcntr    lg_R     lg_L3a     lg_Lneu     lg_Mdot    He_core    He_cntr    O_cntr     Z_surf   gam_cntr   iters  
    age_yrs    lg_Dcntr    lg_L     lg_LZ      lg_Lphoto   lg_Dsurf   CO_core    C_cntr     Ne_cntr    Z_cntr   v_div_cs       dt_limit
__________________________________________________________________________________________________________________________________________________

          1   5.763795   4539.216 -16.490728 -16.490728  10.000000  10.000000   0.755800   0.000071   0.242800 -11.204049    484      0
 0.0000E+00   5.763795   2.081356 -99.000000 -17.888596  -7.660939   0.000000   0.242800   0.000657   0.001400   0.016668      2
 1.0000E+00  -4.256362   3.745328 -99.000000 -99.000000  -7.878242   0.000000   0.000241   0.000146   0.001400  0.000E+00    varcontrol

save LOGS/profile1.data for model 1
          2   5.764046   4539.746 -16.486497 -16.486497  10.000000  10.000000   0.755800   0.000071   0.242800 -11.203067    482      0
 7.9181E-02   5.764046   2.081094 -99.000000 -17.884365  -7.661614   0.000000   0.242800   0.000657   0.001400   0.016668      3
 2.2000E+00  -4.255559   3.745008 -99.000000 -99.000000  -7.878240   0.000000   0.000241   0.000146   0.001400  0.000E+00  max increase

          3   5.764346   4540.039 -16.481431 -16.481431  10.000000  10.000000   0.755800   0.000071   0.242800 -11.201889    482      0
 1.5836E-01   5.764346   2.080781 -99.000000 -17.879299  -7.662267   0.000000   0.242800   0.000657   0.001400   0.016669      2
 3.6400E+00  -4.254597   3.744494 -99.000000 -99.000000  -7.878036   0.000000   0.000241   0.000146   0.001400  0.000E+00  max increase

          4   5.764705   4540.392 -16.475367 -16.475367  10.000000  10.000000   0.755800   0.000071   0.242800 -11.200477    482      0
 2.3754E-01   5.764705   2.080407 -99.000000 -17.873236  -7.663221   0.000000   0.242800   0.000657   0.001400   0.016670      2
 5.3680E+00  -4.253445   3.743880 -99.000000 -99.000000  -7.877792   0.000000   0.000241   0.000146   0.001400  0.000E+00  max increase

          5   5.765135   4540.812 -16.468114 -16.468114  10.000000  10.000000   0.755800   0.000071   0.242800 -11.198786    482      0
 3.1672E-01   5.765135   2.079959 -99.000000 -17.865982  -7.664364   0.000000   0.242800   0.000657   0.001400   0.016671      3
 7.4416E+00  -4.252065   3.743145 -99.000000 -99.000000  -7.877500   0.000000   0.000241   0.000146   0.001400  0.000E+00  max increase

          6   5.765649   4541.316 -16.459441 -16.459441  10.000000  10.000000   0.755800   0.000071   0.242800 -11.196760    482      0
 3.9591E-01   5.765649   2.079423 -99.000000 -17.857309  -7.665732   0.000000   0.242800   0.000657   0.001400   0.016673     10
 9.9299E+00  -4.250414   3.742265 -32.210210 -99.000000  -7.877150   0.000000   0.000241   0.000146   0.001400  0.000E+00  max increase

          7   5.766264   4542.351 -16.449077 -16.449077  10.000000  10.000000   0.755800   0.000071   0.242800 -11.194333    484      0
 4.7509E-01   5.766264   2.078781 -99.000000 -17.846945  -7.667369   0.000000   0.242800   0.000657   0.001400   0.016674      3
 1.2916E+01  -4.248439   3.741378 -31.909180 -99.000000  -7.876990   0.000000   0.000241   0.000146   0.001400  0.000E+00  max increase

          8   5.766997   4543.078 -16.436705 -16.436705  10.000000  10.000000   0.755800   0.000071   0.242800 -11.191429    484      0
 5.5427E-01   5.766997   2.078015 -99.000000 -17.834573  -7.669105   0.000000   0.242800   0.000657   0.001400   0.016676      3
 1.6499E+01  -4.246078   3.740124 -99.000000 -99.000000  -7.876497   0.000000   0.000241   0.000146   0.001400  0.000E+00  max increase

          9   5.767871   4543.944 -16.421951 -16.421951  10.000000  10.000000   0.755800   0.000071   0.242800 -11.187954    484      0
 6.3345E-01   5.767871   2.077101 -99.000000 -17.819819  -7.671439   0.000000   0.242800   0.000657   0.001400   0.016679      3
 2.0799E+01  -4.243257   3.738628 -31.909180 -99.000000  -7.875908   0.000000   0.000241   0.000146   0.001400  0.000E+00  max increase


__________________________________________________________________________________________________________________________________________________

       step    lg_Tmax     Teff     lg_LH      lg_Lnuc_tot     Mass       H_rich     H_cntr     N_cntr     Y_surf   eta_cntr   zones  retry
  lg_dt_yrs    lg_Tcntr    lg_R     lg_L3a     lg_Lneu     lg_Mdot    He_core    He_cntr    O_cntr     Z_surf   gam_cntr   iters  
    age_yrs    lg_Dcntr    lg_L     lg_LZ      lg_Lphoto   lg_Dsurf   CO_core    C_cntr     Ne_cntr    Z_cntr   v_div_cs       dt_limit
__________________________________________________________________________________________________________________________________________________

         10   5.768913   4545.249 -16.404374 -16.404374   9.999999   9.999999   0.755800   0.000071   0.242800 -11.183800    485      0
 7.1263E-01   5.768913   2.076011 -99.000000 -17.802242  -7.674225   0.000000   0.242800   0.000657   0.001400   0.016682      3
 2.5959E+01  -4.239891   3.736946 -99.000000 -99.000000  -7.875369   0.000000   0.000241   0.000146   0.001400  0.000E+00  max increase

         11   5.770151   4546.498 -16.383468 -16.383468   9.999999   9.999999   0.755800   0.000071   0.242800 -11.178837    486      0
 7.9181E-01   5.770151   2.074713 -99.000000 -17.781336  -7.677409   0.000000   0.242800   0.000657   0.001400   0.016686     10
 3.2150E+01  -4.235877   3.734829 -32.210210 -99.000000  -7.874546   0.000000   0.000241   0.000146   0.001400  0.000E+00  max increase

         12   5.771621   4547.956 -16.358647 -16.358647   9.999999   9.999999   0.755800   0.000071   0.242800 -11.172913    486      0
 8.7099E-01   5.771621   2.073171 -99.000000 -17.756515  -7.681355   0.000000   0.242800   0.000657   0.001400   0.016690      3
 3.9581E+01  -4.231099   3.732300 -99.000000 -99.000000  -7.873553   0.000000   0.000241   0.000146   0.001400  0.000E+00  max increase

         13   5.773363   4549.675 -16.329235 -16.329235   9.999999   9.999999   0.755800   0.000071   0.242800 -11.165849    486      0
 9.5017E-01   5.773363   2.071340 -99.000000 -17.727103  -7.686061   0.000000   0.242800   0.000657   0.001400   0.016696     10
 4.8497E+01  -4.225418   3.729295 -99.000000 -99.000000  -7.872370   0.000000   0.000241   0.000146   0.001400  0.000E+00  max increase

         14   5.775422   4551.679 -16.294468 -16.294468   9.999999   9.999999   0.755800   0.000071   0.242800 -11.157435    484      0
 1.0294E+00   5.775422   2.069172 -99.000000 -17.692336  -7.691652   0.000000   0.242800   0.000657   0.001400   0.016704      3
 5.9196E+01  -4.218676   3.725723 -99.000000 -99.000000  -7.870952   0.000000   0.000241   0.000146   0.001400  0.000E+00  max increase

         15   5.777851   4554.719 -16.253457 -16.253457   9.999998   9.999998   0.755800   0.000071   0.242800 -11.147427    490      0
 1.1085E+00   5.777851   2.066607 -99.000000 -17.651325  -7.698291   0.000000   0.242800   0.000657   0.001400   0.016713      3
 7.2035E+01  -4.210686   3.721754 -99.000000 -99.000000  -7.869686   0.000000   0.000241   0.000146   0.001400  0.000E+00  max increase

         16   5.780704   4557.594 -16.205263 -16.205263   9.999998   9.999998   0.755800   0.000071   0.242800 -11.135541    490      0
 1.1877E+00   5.780704   2.063586 -99.000000 -17.603131  -7.705799   0.000000   0.242800   0.000657   0.001400   0.016724      3
 8.7442E+01  -4.201244   3.716809 -99.000000 -99.000000  -7.867774   0.000000   0.000241   0.000146   0.001400  0.000E+00  max increase

         17   5.784045   4560.948 -16.148838 -16.148838   9.999998   9.999998   0.755800   0.000071   0.242800 -11.121453    489      0
 1.2669E+00   5.784045   2.060039 -99.000000 -17.546707  -7.715005   0.000000   0.242800   0.000657   0.001400   0.016738      3
 1.0593E+02  -4.190114   3.710993 -99.000000 -99.000000  -7.865521   0.000000   0.000241   0.000146   0.001400  0.000E+00  max increase

         18   5.787940   4565.057 -16.083049 -16.083049   9.999997   9.999997   0.755800   0.000071   0.242800 -11.104788    493      0
 1.3461E+00   5.787940   2.055888 -99.000000 -17.480917  -7.725830   0.000000   0.242800   0.000657   0.001400   0.016756      4
 1.2812E+02  -4.177034   3.704255 -99.000000 -99.000000  -7.863008   0.000000   0.000241   0.000146   0.001400  0.000E+00  max increase

         19   5.792461   4569.852 -16.006707 -16.006707   9.999997   9.999997   0.755800   0.000071   0.242800 -11.085126    495      0
 1.4253E+00   5.792461   2.051051 -99.000000 -17.404575  -7.738405   0.000000   0.242800   0.000657   0.001400   0.016779      3
 1.5474E+02  -4.161713   3.696405 -31.909180 -99.000000  -7.860098   0.000000   0.000241   0.000146   0.001400  0.000E+00  max increase


__________________________________________________________________________________________________________________________________________________

       step    lg_Tmax     Teff     lg_LH      lg_Lnuc_tot     Mass       H_rich     H_cntr     N_cntr     Y_surf   eta_cntr   zones  retry
  lg_dt_yrs    lg_Tcntr    lg_R     lg_L3a     lg_Lneu     lg_Mdot    He_core    He_cntr    O_cntr     Z_surf   gam_cntr   iters  
    age_yrs    lg_Dcntr    lg_L     lg_LZ      lg_Lphoto   lg_Dsurf   CO_core    C_cntr     Ne_cntr    Z_cntr   v_div_cs       dt_limit
__________________________________________________________________________________________________________________________________________________

         20   5.797680   4575.146 -15.918628 -15.918628   9.999996   9.999996   0.755800   0.000071   0.242800 -11.061997    491      0
 1.5044E+00   5.797680   2.045446 -99.000000 -17.316496  -7.753056   0.000000   0.242800   0.000657   0.001400   0.016807      4
 1.8669E+02  -4.143840   3.687205 -31.608150 -99.000000  -7.856581   0.000000   0.000241   0.000146   0.001400  0.000E+00  max increase

         21   5.803676   4582.109 -15.817541 -15.817541   9.999996   9.999996   0.755800   0.000071   0.242800 -11.034880    499      0
 1.5836E+00   5.803676   2.038978 -99.000000 -17.215409  -7.770173   0.000000   0.242800   0.000657   0.001400   0.016843      4
 2.2503E+02  -4.123068   3.676911 -99.000000 -99.000000  -7.853083   0.000000   0.000241   0.000146   0.001400  0.000E+00  max increase

         22   5.810515   4588.906 -15.702419 -15.702419   9.999995   9.999995   0.755800   0.000071   0.242800 -11.003217    490      0
 1.6628E+00   5.810515   2.031573 -99.000000 -17.100287  -7.789490   0.000000   0.242800   0.000657   0.001400   0.016888      4
 2.7103E+02  -4.099059   3.664677 -99.000000 -99.000000  -7.848367   0.000000   0.000241   0.000146   0.001400  0.000E+00  max increase

         23   5.818269   4597.199 -15.572191 -15.572191   9.999994   9.999994   0.755800   0.000071   0.242800 -10.966412    493      0
 1.7420E+00   5.818269   2.023148 -99.000000 -16.970059  -7.812211   0.000000   0.242800   0.000657   0.001400   0.016945      4
 3.2624E+02  -4.071442   3.650964 -99.000000 -99.000000  -7.843392   0.000000   0.000241   0.000146   0.001400  0.000E+00  max increase

         24   5.827010   4607.178 -15.425911 -15.425911   9.999993   9.999993   0.755800   0.000071   0.242800 -10.923843    492      0
 1.8212E+00   5.827010   2.013632 -99.000000 -16.823779  -7.837784   0.000000   0.242800   0.000657   0.001400   0.017015      4
 3.9248E+02  -4.039843   3.635697 -99.000000 -99.000000  -7.838213   0.000000   0.000241   0.000146   0.001400  0.000E+00  max increase

         25   5.836794   4617.968 -15.262954 -15.262954   9.999992   9.999992   0.755800   0.000071   0.242800 -10.874894    496      0
 1.9003E+00   5.836794   2.002978 -99.000000 -16.660822  -7.866369   0.000000   0.242800   0.000657   0.001400   0.017101      4
 4.7198E+02  -4.003909   3.618453 -99.000000 -99.000000  -7.832225   0.000000   0.000241   0.000146   0.001400  0.000E+00  max increase

         26   5.847659   4628.881 -15.083043 -15.083043   9.999991   9.999991   0.755800   0.000071   0.242800 -10.818959    494      0
 1.9795E+00   5.847659   1.991173 -99.000000 -16.480911  -7.898576   0.000000   0.242800   0.000657   0.001400   0.017206      4
 5.6738E+02  -3.963318   3.598943 -99.000000 -99.000000  -7.824957   0.000000   0.000241   0.000146   0.001400  0.000E+00  max increase

         27   5.859669   4642.496 -14.885666 -14.885666   9.999990   9.999990   0.755800   0.000071   0.242800 -10.755440    498      0
 2.0587E+00   5.859669   1.978199 -99.000000 -16.283534  -7.934808   0.000000   0.242800   0.000657   0.001400   0.017333      4
 6.8185E+02  -3.917717   3.578098 -99.000000 -99.000000  -7.818111   0.000000   0.000241   0.000146   0.001400  0.000E+00  max increase

         28   5.872852   4656.568 -14.670882 -14.670882   9.999988   9.999988   0.755800   0.000071   0.242800 -10.683792    507      0
 2.1379E+00   5.872852   1.964109 -99.000000 -16.068750  -7.973820   0.000000   0.242800   0.000657   0.001400   0.017485      4
 8.1922E+02  -3.866825   3.555175 -99.000000 -99.000000  -7.810266   0.000000   0.000241   0.000146   0.001400  0.000E+00  max increase

         29   5.886394   4670.283 -14.452276 -14.452276   9.999987   9.999987   0.755800   0.000071   0.242800 -10.608103    502      0
 2.1893E+00   5.886394   1.949862 -99.000000 -15.850144  -8.016574   0.000000   0.242800   0.000657   0.001400   0.017654      4
 9.7384E+02  -3.813640   3.531790 -99.000000 -99.000000  -7.802037   0.000000   0.000241   0.000146   0.001400  0.000E+00    lgRho_cntr


__________________________________________________________________________________________________________________________________________________

       step    lg_Tmax     Teff     lg_LH      lg_Lnuc_tot     Mass       H_rich     H_cntr     N_cntr     Y_surf   eta_cntr   zones  retry
  lg_dt_yrs    lg_Tcntr    lg_R     lg_L3a     lg_Lneu     lg_Mdot    He_core    He_cntr    O_cntr     Z_surf   gam_cntr   iters  
    age_yrs    lg_Dcntr    lg_L     lg_LZ      lg_Lphoto   lg_Dsurf   CO_core    C_cntr     Ne_cntr    Z_cntr   v_div_cs       dt_limit
__________________________________________________________________________________________________________________________________________________

         30   5.898288   4684.107 -14.261810 -14.261810   9.999985   9.999985   0.755800   0.000071   0.242800 -10.539772    508      0
 2.1678E+00   5.898288   1.937584 -99.000000 -15.659678  -8.060082   0.000000   0.242800   0.000657   0.001400   0.017815      4
 1.1210E+03  -3.766122   3.512369 -99.000000 -99.000000  -7.796368   0.000000   0.000241   0.000146   0.001400  0.000E+00    lgRho_cntr

         31   5.911337   4696.861 -14.055155 -14.055155   9.999984   9.999984   0.755800   0.000071   0.242800 -10.463843    508      0
 2.2421E+00   5.911337   1.924484 -99.000000 -15.453023  -8.096590   0.000000   0.242800   0.000657   0.001400   0.018000      4
 1.2956E+03  -3.713572   3.490893 -99.000000 -99.000000  -7.788970   0.000000   0.000241   0.000146   0.001400  0.000E+00    varcontrol

         32   5.924942   4711.709 -13.842243 -13.842243   9.999982   9.999982   0.755800   0.000071   0.242800 -10.383876    508      0
 2.2938E+00   5.924942   1.911301 -99.000000 -15.240111  -8.136560   0.000000   0.242800   0.000657   0.001400   0.018198      5
 1.4924E+03  -3.658434   3.470009 -99.000000 -99.000000  -7.782958   0.000000   0.000241   0.000146   0.001400  0.000E+00    lgRho_cntr

         33   5.936810   4723.686 -13.658246 -13.658246   9.999981   9.999981   0.755800   0.000071   0.242800 -10.313026    509      0
 2.2649E+00   5.936810   1.900249 -99.000000 -15.056115  -8.175801   0.000000   0.242800   0.000657   0.001400   0.018381      4
 1.6764E+03  -3.609861   3.452316 -99.000000 -99.000000  -7.777605   0.000000   0.000241   0.000146   0.001400  0.000E+00    lgRho_cntr

         34   5.950103   4736.152 -13.454759 -13.454759   9.999980   9.999980   0.755800   0.000071   0.242800 -10.233857    505      0
 2.3426E+00   5.950103   1.888479 -99.000000 -14.852627  -8.208948   0.000000   0.242800   0.000657   0.001400   0.018585      4
 1.8965E+03  -3.555537   3.433355 -99.000000 -99.000000  -7.771707   0.000000   0.000241   0.000146   0.001400  0.000E+00    varcontrol

         35   5.964179   4751.048 -13.242104 -13.242104   9.999978   9.999978   0.755800   0.000071   0.242800 -10.150427    512      0
 2.3953E+00   5.964179   1.876770 -99.000000 -14.639973  -8.244409   0.000000   0.242800   0.000657   0.001400   0.018802      4
 2.1450E+03  -3.498188   3.415392 -99.000000 -99.000000  -7.767620   0.000000   0.000241   0.000146   0.001400  0.000E+00    lgRho_cntr

         36   5.976378   4762.374 -13.059655 -13.059655   9.999977   9.999977   0.755800   0.000071   0.242800 -10.077831    502      0
 2.3582E+00   5.976378   1.867319 -99.000000 -14.457523  -8.278470   0.000000   0.242800   0.000657   0.001400   0.018994      4
 2.3731E+03  -3.448360   3.400626 -99.000000 -99.000000  -7.763832   0.000000   0.000241   0.000146   0.001400  0.000E+00    lgRho_cntr

         37   5.990280   4774.407 -12.854558 -12.854558   9.999976   9.999976   0.755800   0.000071   0.242800  -9.996469    500      0
 2.4374E+00   5.990280   1.857449 -99.000000 -14.252427  -8.306325   0.000000   0.242800   0.000657   0.001400   0.019207      4
 2.6469E+03  -3.392171   3.385269 -99.000000 -99.000000  -7.760027   0.000000   0.000241   0.000146   0.001400  0.000E+00  max increase

         38   6.005253   4788.344 -12.636648 -12.636648   9.999974   9.999974   0.755800   0.000071   0.242800  -9.910416    501      0
 2.4915E+00   6.005253   1.847942 -99.000000 -14.034516  -8.335329   0.000000   0.242800   0.000657   0.001400   0.019428      4
 2.9570E+03  -3.332336   3.371319 -99.000000 -99.000000  -7.758065   0.000000   0.000241   0.000146   0.001400  0.000E+00    lgRho_cntr

         39   6.018136   4798.821 -12.450964 -12.450964   9.999973   9.999973   0.755800   0.000071   0.242800  -9.836773    520      0
 2.4458E+00   6.018136   1.840800 -99.000000 -13.848832  -8.362127   0.000000   0.242800   0.000657   0.001400   0.019618      4
 3.2362E+03  -3.281027   3.360832 -99.000000 -99.000000  -7.756605   0.000000   0.000241   0.000146   0.001400  0.000E+00    lgRho_cntr


__________________________________________________________________________________________________________________________________________________

       step    lg_Tmax     Teff     lg_LH      lg_Lnuc_tot     Mass       H_rich     H_cntr     N_cntr     Y_surf   eta_cntr   zones  retry
  lg_dt_yrs    lg_Tcntr    lg_R     lg_L3a     lg_Lneu     lg_Mdot    He_core    He_cntr    O_cntr     Z_surf   gam_cntr   iters  
    age_yrs    lg_Dcntr    lg_L     lg_LZ      lg_Lphoto   lg_Dsurf   CO_core    C_cntr     Ne_cntr    Z_cntr   v_div_cs       dt_limit
__________________________________________________________________________________________________________________________________________________

         40   6.030279   4808.940 -12.277675 -12.277675   9.999972   9.999972   0.755800   0.000071   0.242800  -9.768378    521      0
 2.4350E+00   6.030279   1.835028 -99.000000 -13.675543  -8.382270   0.000000   0.242800   0.000657   0.001400   0.019791      4
 3.5084E+03  -3.233107   3.352948 -99.000000 -99.000000  -7.756637   0.000000   0.000241   0.000146   0.001400  0.000E+00    lgRho_cntr

         41   6.044443   4820.490 -12.078145 -12.078145   9.999971   9.999971   0.755800   0.000071   0.242800  -9.691117    523      0
 2.5141E+00   6.044443   1.829549 -99.000000 -13.476013  -8.397750   0.000000   0.242800   0.000657   0.001400   0.019979      4
 3.8351E+03  -3.178304   3.346157 -99.000000 -99.000000  -7.758103   0.000000   0.000241   0.000146   0.001400  0.000E+00  max increase

         42   6.060991   4832.547 -11.848413 -11.848413   9.999969   9.999969   0.755800   0.000071   0.242800  -9.604292    511      0
 2.5933E+00   6.060991   1.824981 -99.000000 -13.246281  -8.411509   0.000000   0.242800   0.000657   0.001400   0.020178      4
 4.2272E+03  -3.115772   3.341361 -99.000000 -99.000000  -7.761130   0.000000   0.000241   0.000146   0.001400  0.000E+00    lgRho_cntr

         43   6.075274   4843.084 -11.652236 -11.652236   9.999968   9.999968   0.755800   0.000071   0.242800  -9.530908    533      0
 2.5393E+00   6.075274   1.822823 -99.000000 -13.050104  -8.421812   0.000000   0.242800   0.000657   0.001400   0.020340      4
 4.5733E+03  -3.062473   3.340827 -27.393730 -99.000000  -7.766152   0.000000   0.000241   0.000146   0.001400  0.000E+00    lgRho_cntr

         44   6.088826   4852.351 -11.468240 -11.468240   9.999967   9.999967   0.755800   0.000071   0.242800  -9.463413    516      0
 2.5216E+00   6.088826   1.822492 -99.000000 -12.866108  -8.424341   0.000000   0.242800   0.000657   0.001400   0.020481      4
 4.9057E+03  -3.012831   3.343487 -99.000000 -99.000000  -7.772612   0.000000   0.000241   0.000146   0.001400  0.000E+00    lgRho_cntr

         45   6.105079   4862.932 -11.250941 -11.250941   9.999965   9.999965   0.755800   0.000071   0.242800  -9.386803    531      0
 2.6008E+00   6.105079   1.824370 -99.000000 -12.648809  -8.421028   0.000000   0.242800   0.000657   0.001400   0.020621      4
 5.3045E+03  -2.955175   3.351027 -99.000000 -99.000000  -7.782936   0.000000   0.000241   0.000146   0.001400  0.000E+00  max increase

         46   6.124776   4875.522 -10.992388 -10.992388   9.999963   9.999963   0.755800   0.000071   0.242800  -9.300298    516      0
 2.6799E+00   6.124776   1.830081 -99.000000 -12.390256  -8.409275   0.000000   0.242800   0.000657   0.001400   0.020749      4
 5.7831E+03  -2.888056   3.366940 -99.000000 -99.000000  -7.799794   0.000000   0.000241   0.000146   0.001400  0.000E+00    lgRho_cntr

         47   6.141843   4886.461 -10.771457 -10.771457   9.999962   9.999962   0.755800   0.000071   0.242800  -9.228720    538      0
 2.6127E+00   6.141843   1.838699 -99.000000 -12.169325  -8.383007   0.000000   0.242800   0.000657   0.001400   0.020836      4
 6.1930E+03  -2.831365   3.388070 -99.000000 -99.000000  -7.819277   0.000000   0.000241   0.000146   0.001400  0.000E+00    lgRho_cntr

         48   6.158186   4897.661 -10.562843 -10.562843   9.999960   9.999960   0.755800   0.000071   0.242800  -9.163971    520      0
 2.5839E+00   6.158186   1.850137 -99.000000 -11.960711  -8.347258   0.000000   0.242800   0.000657   0.001400   0.020894      5
 6.5767E+03  -2.778726   3.414922 -99.000000 -99.000000  -7.842743   0.000000   0.000241   0.000146   0.001400  0.000E+00    lgRho_cntr

         49   6.174566   4910.486 -10.356642 -10.356642   9.999958   9.999958   0.755800   0.000071   0.242800  -9.102966    519      0
 2.5719E+00   6.174566   1.864006 -99.000000 -11.754510  -8.301424   0.000000   0.242800   0.000657   0.001400   0.020925      5
 6.9498E+03  -2.727656   3.447203 -99.000000 -99.000000  -7.870787   0.000000   0.000241   0.000146   0.001400  0.000E+00    lgRho_cntr


__________________________________________________________________________________________________________________________________________________

       step    lg_Tmax     Teff     lg_LH      lg_Lnuc_tot     Mass       H_rich     H_cntr     N_cntr     Y_surf   eta_cntr   zones  retry
  lg_dt_yrs    lg_Tcntr    lg_R     lg_L3a     lg_Lneu     lg_Mdot    He_core    He_cntr    O_cntr     Z_surf   gam_cntr   iters  
    age_yrs    lg_Dcntr    lg_L     lg_LZ      lg_Lphoto   lg_Dsurf   CO_core    C_cntr     Ne_cntr    Z_cntr   v_div_cs       dt_limit
__________________________________________________________________________________________________________________________________________________

         50   6.191293   4927.279 -10.148958 -10.148958   9.999956   9.999956   0.755800   0.000071   0.242800  -9.044408    533      0
 2.5670E+00   6.191293   1.878855 -99.000000 -11.546826  -8.246222   0.000000   0.242800   0.000657   0.001400   0.020931      5
 7.3189E+03  -2.677127   3.482833 -99.000000 -99.000000  -7.903406   0.000000   0.000241   0.000146   0.001400  0.000E+00    lgRho_cntr

save LOGS/profile2.data for model 50
save photos/x050 for model 50
         51   6.208406   4950.264  -9.939350  -9.939350   9.999954   9.999954   0.755800   0.000071   0.242800  -8.987755    532      0
 2.5648E+00   6.208406   1.892176 -99.000000 -11.337218  -8.185679   0.000000   0.242800   0.000657   0.001400   0.020914      5
 7.6860E+03  -2.626847   3.517560 -99.000000 -99.000000  -7.939132   0.000000   0.000241   0.000146   0.001400  0.000E+00    lgRho_cntr

         52   6.225796   4982.764  -9.729143  -9.729143   9.999951   9.999951   0.755800   0.000071   0.242800  -8.932745    543      0
 2.5636E+00   6.225796   1.901550 -99.000000 -11.127011  -8.127634   0.000000   0.242800   0.000657   0.001400   0.020879      5
 8.0521E+03  -2.576866   3.547674 -99.000000 -99.000000  -7.977417   0.000000   0.000241   0.000146   0.001400  0.000E+00    lgRho_cntr

         53   6.244178   5036.569  -9.509880  -9.509880   9.999948   9.999948   0.755800   0.000071   0.242800  -8.876784    549      0
 2.5839E+00   6.244178   1.904557 -99.000000 -10.907748  -8.079124   0.000000   0.242800   0.000657   0.001400   0.020827      6
 8.4357E+03  -2.524981   3.572347 -99.000000 -99.000000  -8.024219   0.000000   0.000241   0.000146   0.001400  0.000E+00    varcontrol

         54   6.263000   5113.466  -9.288229  -9.288229   9.999944   9.999944   0.755800   0.000071   0.242800  -8.820905    555      0
 2.5953E+00   6.263000   1.900632 -99.000000 -10.686097  -8.043295   0.000000   0.242800   0.000657   0.001400   0.020763      6
 8.8295E+03  -2.472472   3.590819 -99.000000 -99.000000  -8.079461   0.000000   0.000241   0.000146   0.001400  0.000E+00    lgRho_cntr

         55   6.280840   5212.595  -9.080456  -9.080456   9.999941   9.999941   0.755800   0.000071   0.242800  -8.768489    565      0
 2.5768E+00   6.280840   1.891038 -99.000000 -10.478324  -8.021648   0.000000   0.242800   0.000657   0.001400   0.020700      6
 9.2069E+03  -2.422940   3.604985 -99.000000 -99.000000  -8.143245   0.000000   0.000241   0.000146   0.001400  0.000E+00    varcontrol

         56   6.297600   5330.927  -8.887106  -8.887106   9.999937   9.999937   0.755800   0.000071   0.242800  -8.719412    572      0
 2.5562E+00   6.297600   1.877281 -99.000000 -10.284974  -8.010564   0.000000   0.242800   0.000657   0.001400   0.020639      7
 9.5669E+03  -2.376477   3.616466 -99.000000 -99.000000  -8.214842   0.000000   0.000241   0.000146   0.001400  0.000E+00    varcontrol

         57   6.313486   5453.510  -8.705331  -8.705331   9.999934   9.999934   0.755800   0.000071   0.242800  -8.672825    576      0
 2.5406E+00   6.313486   1.862328 -99.000000 -10.103198  -8.006594   0.000000   0.242800   0.000657   0.001400   0.020583      7
 9.9141E+03  -2.332408   3.626053 -99.000000 -99.000000  -8.286981   0.000000   0.000241   0.000146   0.001400  0.000E+00    varcontrol

 hydro_solver_step returned ierr          -1
 s% model_number          58
 nz         567
 s% num_retries           0

 retry:  logT > hydro_mtx_max_allowed_logT          86      58
         58   6.321272   5518.557  -8.616427  -8.616427   9.999932   9.999932   0.755800   0.000071   0.242800  -8.649179    567      1
 2.2391E+00   6.321272   1.854727 -99.000000 -10.014295  -8.006181   0.000000   0.242800   0.000657   0.001400   0.020560      5
 1.0088E+04  -2.310455   3.631449 -99.000000 -99.000000  -8.325031   0.000000   0.000241   0.000146   0.001400  0.000E+00         retry

         59   6.328993   5583.171  -8.528613  -8.528613   9.999930   9.999930   0.755800   0.000071   0.242800  -8.625745    588      1
 2.2391E+00   6.328993   1.846978 -99.000000  -9.926480  -8.005266   0.000000   0.242800   0.000657   0.001400   0.020538      5
 1.0261E+04  -2.288694   3.636174 -99.000000 -99.000000  -8.361951   0.000000   0.000241   0.000146   0.001400  0.000E+00          hold


__________________________________________________________________________________________________________________________________________________

       step    lg_Tmax     Teff     lg_LH      lg_Lnuc_tot     Mass       H_rich     H_cntr     N_cntr     Y_surf   eta_cntr   zones  retry
  lg_dt_yrs    lg_Tcntr    lg_R     lg_L3a     lg_Lneu     lg_Mdot    He_core    He_cntr    O_cntr     Z_surf   gam_cntr   iters  
    age_yrs    lg_Dcntr    lg_L     lg_LZ      lg_Lphoto   lg_Dsurf   CO_core    C_cntr     Ne_cntr    Z_cntr   v_div_cs       dt_limit
__________________________________________________________________________________________________________________________________________________

         60   6.338169   5660.813  -8.424730  -8.424730   9.999928   9.999928   0.755800   0.000071   0.242800  -8.598044    594      1
 2.3183E+00   6.338169   1.837399 -99.000000  -9.822598  -8.005381   0.000000   0.242800   0.000657   0.001400   0.020511      6
 1.0469E+04  -2.262894   3.641007 -99.000000 -99.000000  -8.405102   0.000000   0.000241   0.000146   0.001400  0.000E+00  max increase

         61   6.349035   5754.136  -8.302384  -8.302384   9.999926   9.999926   0.755800   0.000071   0.242800  -8.565366    593      1
 2.3975E+00   6.349035   1.825647 -99.000000  -9.700252  -8.006884   0.000000   0.242800   0.000657   0.001400   0.020478      7
 1.0719E+04  -2.232397   3.645908 -99.000000 -99.000000  -8.455638   0.000000   0.000241   0.000146   0.001400  0.000E+00  max increase

                            solver rejected trial model
                                        s% model_number          62
                                  s% solver_call_number         199
                                                     nz         597
                                         s% num_retries           1
                                                     dt    9.4578349111486015D+09
                                          log dt/secyer    2.4766877619425696D+00

 retry: max residual jumped -- give up in solver      62
         62   6.355456   5811.231  -8.230236  -8.230236   9.999924   9.999924   0.755800   0.000071   0.242800  -8.545630    597      2
 2.1757E+00   6.355456   1.818702 -99.000000  -9.628104  -8.010115   0.000000   0.242800   0.000657   0.001400   0.020461      5
 1.0869E+04  -2.214191   3.649169 -99.000000 -99.000000  -8.486503   0.000000   0.000241   0.000146   0.001400  0.000E+00         retry

         63   6.361817   5868.048  -8.158979  -8.158979   9.999923   9.999923   0.755800   0.000071   0.242800  -8.526032    601      2
 2.1757E+00   6.361817   1.811710 -99.000000  -9.556846  -8.011533   0.000000   0.242800   0.000657   0.001400   0.020445      6
 1.1019E+04  -2.196134   3.652088 -99.000000 -99.000000  -8.516860   0.000000   0.000241   0.000146   0.001400  0.000E+00          hold

         64   6.369373   5936.016  -8.074668  -8.074668   9.999921   9.999921   0.755800   0.000071   0.242800  -8.502799    602      2
 2.2548E+00   6.369373   1.803207 -99.000000  -9.472535  -8.013452   0.000000   0.242800   0.000657   0.001400   0.020426      6
 1.1198E+04  -2.174705   3.655087 -99.000000 -99.000000  -8.552681   0.000000   0.000241   0.000146   0.001400  0.000E+00  max increase

         65   6.378322   6017.117  -7.975281  -7.975281   9.999919   9.999919   0.755800   0.000071   0.242800  -8.475306    598      2
 2.3340E+00   6.378322   1.792942 -99.000000  -9.373149  -8.016528   0.000000   0.242800   0.000657   0.001400   0.020403      8
 1.1414E+04  -2.149336   3.658131 -99.000000 -99.000000  -8.594897   0.000000   0.000241   0.000146   0.001400  0.000E+00  max increase

                            solver rejected trial model
                                        s% model_number          66
                                  s% solver_call_number         204
                                                     nz         605
                                         s% num_retries           2
                                                     dt    8.1715693632323895D+09
                                          log dt/secyer    2.4132015044214628D+00

 retry: max residual jumped -- give up in solver      66
         66   6.383616   6066.528  -7.916577  -7.916577   9.999918   9.999918   0.755800   0.000071   0.242800  -8.458720    605      3
 2.1122E+00   6.383616   1.786886 -99.000000  -9.314445  -8.021022   0.000000   0.242800   0.000657   0.001400   0.020391      5
 1.1544E+04  -2.134188   3.660227 -99.000000 -99.000000  -8.620777   0.000000   0.000241   0.000146   0.001400  0.000E+00         retry

         67   6.388864   6115.547  -7.858545  -7.858545   9.999916   9.999916   0.755800   0.000071   0.242800  -8.442229    612      3
 2.1122E+00   6.388864   1.780832 -99.000000  -9.256412  -8.023267   0.000000   0.242800   0.000657   0.001400   0.020380      5
 1.1673E+04  -2.119152   3.662099 -99.000000 -99.000000  -8.646339   0.000000   0.000241   0.000146   0.001400  0.000E+00          hold

         68   6.395099   6173.908  -7.789803  -7.789803   9.999915   9.999915   0.755800   0.000071   0.242800  -8.422634    614      3
 2.1914E+00   6.395099   1.773538 -99.000000  -9.187670  -8.025812   0.000000   0.242800   0.000657   0.001400   0.020367      6
 1.1828E+04  -2.101285   3.664010 -23.179310 -99.000000  -8.676628   0.000000   0.000241   0.000146   0.001400  0.000E+00  max increase

         69   6.402490   6243.593  -7.708630  -7.708630   9.999913   9.999913   0.755800   0.000071   0.242800  -8.399384    613      3
 2.2705E+00   6.402490   1.764751 -99.000000  -9.106497  -8.029344   0.000000   0.242800   0.000657   0.001400   0.020352      6
 1.2015E+04  -2.080097   3.665934 -99.000000 -99.000000  -8.712705   0.000000   0.000241   0.000146   0.001400  0.000E+00  max increase


__________________________________________________________________________________________________________________________________________________

       step    lg_Tmax     Teff     lg_LH      lg_Lnuc_tot     Mass       H_rich     H_cntr     N_cntr     Y_surf   eta_cntr   zones  retry
  lg_dt_yrs    lg_Tcntr    lg_R     lg_L3a     lg_Lneu     lg_Mdot    He_core    He_cntr    O_cntr     Z_surf   gam_cntr   iters  
    age_yrs    lg_Dcntr    lg_L     lg_LZ      lg_Lphoto   lg_Dsurf   CO_core    C_cntr     Ne_cntr    Z_cntr   v_div_cs       dt_limit
__________________________________________________________________________________________________________________________________________________

         70   6.411222   6326.384  -7.613140  -7.613140   9.999911   9.999911   0.755800   0.000071   0.242800  -8.371843    613      3
 2.3497E+00   6.411222   1.754243 -99.000000  -9.011007  -8.034111   0.000000   0.242800   0.000657   0.001400   0.020334      7
 1.2239E+04  -2.055032   3.667802 -99.000000 -99.000000  -8.755582   0.000000   0.000241   0.000146   0.001400  0.000E+00  max increase

         71   6.421498   6424.891  -7.501319  -7.501319   9.999909   9.999909   0.755800   0.000071   0.242800  -8.339278    614      3
 2.4289E+00   6.421498   1.741678 -99.000000  -8.899186  -8.040395   0.000000   0.242800   0.000657   0.001400   0.020314      7
 1.2507E+04  -2.025468   3.669514 -99.000000 -99.000000  -8.806638   0.000000   0.000241   0.000146   0.001400  0.000E+00  max increase

         72   6.433535   6541.594  -7.371085  -7.371085   9.999906   9.999906   0.755800   0.000071   0.242800  -8.300848    616      3
 2.5081E+00   6.433535   1.726758 -99.000000  -8.768952  -8.048613   0.000000   0.242800   0.000657   0.001400   0.020293      6
 1.2829E+04  -1.990714   3.670944 -99.000000 -99.000000  -8.867138   0.000000   0.000241   0.000146   0.001400  0.000E+00  max increase

         73   6.447516   6678.796  -7.220825  -7.220825   9.999902   9.999902   0.755800   0.000071   0.242800  -8.255736    616      3
 2.5859E+00   6.447516   1.709239 -99.000000  -8.618692  -8.059185   0.000000   0.242800   0.000657   0.001400   0.020272      6
 1.3215E+04  -1.950142   3.671965 -99.000000 -99.000000  -8.938800   0.000000   0.000241   0.000146   0.001400  0.000E+00    varcontrol

         74   6.462776   6830.734  -7.057977  -7.057977   9.999899   9.999899   0.755800   0.000071   0.242800  -8.205699    615      3
 2.6388E+00   6.462776   1.690035 -99.000000  -8.455844  -8.072488   0.000000   0.242800   0.000657   0.001400   0.020254      6
 1.3650E+04  -1.905510   3.672633 -22.878280 -99.000000  -9.019757   0.000000   0.000241   0.000146   0.001400  0.000E+00    varcontrol

         75   6.478898   6994.362  -6.887246  -6.887246   9.999895   9.999895   0.755800   0.000071   0.242800  -8.151837    616      3
 2.6788E+00   6.478898   1.669673 -99.000000  -8.285113  -8.087679   0.000000   0.242800   0.000657   0.001400   0.020242      7
 1.4127E+04  -1.857922   3.673032 -99.000000 -99.000000  -9.111073   0.000000   0.000241   0.000146   0.001400  0.000E+00    varcontrol

         76   6.494790   7158.635  -6.720255  -6.720255   9.999891   9.999891   0.755800   0.000071   0.242800  -8.097594    612      3
 2.6889E+00   6.494790   1.649719 -99.000000  -8.118122  -8.104205   0.000000   0.242800   0.000657   0.001400   0.020238      6
 1.4616E+04  -1.810515   3.673453 -22.276220 -99.000000  -9.208882   0.000000   0.000241   0.000146   0.001400  0.000E+00        lgTeff

         77   6.509900   7317.584  -6.562687  -6.562687   9.999887   9.999887   0.755800   0.000071   0.242800  -8.044953    620      3
 2.6825E+00   6.509900   1.630926 -99.000000  -7.960554  -8.120358   0.000000   0.242800   0.000657   0.001400   0.020241      5
 1.5097E+04  -1.764976   3.674018 -99.000000 -99.000000  -9.309785   0.000000   0.000241   0.000146   0.001400  0.000E+00        lgTeff

         78   6.525731   7486.248  -6.399073  -6.399073   9.999884   9.999884   0.755800   0.000071   0.242800  -7.989084    633      3
 2.7176E+00   6.525731   1.611372 -99.000000  -7.796940  -8.135343   0.000000   0.242800   0.000657   0.001400   0.020249      5
 1.5619E+04  -1.716953   3.674495 -99.000000 -99.000000  -9.422305   0.000000   0.000241   0.000146   0.001400  0.000E+00    varcontrol

         79   6.543087   7673.827  -6.221534  -6.221534   9.999879   9.999879   0.755800   0.000071   0.242800  -7.927258    636      3
 2.7730E+00   6.543087   1.590149 -99.000000  -7.619401  -8.151084   0.000000   0.242800   0.000657   0.001400   0.020262      5
 1.6212E+04  -1.664053   3.675039 -99.000000 -99.000000  -9.550526   0.000000   0.000241   0.000146   0.001400  0.000E+00    varcontrol


__________________________________________________________________________________________________________________________________________________

       step    lg_Tmax     Teff     lg_LH      lg_Lnuc_tot     Mass       H_rich     H_cntr     N_cntr     Y_surf   eta_cntr   zones  retry
  lg_dt_yrs    lg_Tcntr    lg_R     lg_L3a     lg_Lneu     lg_Mdot    He_core    He_cntr    O_cntr     Z_surf   gam_cntr   iters  
    age_yrs    lg_Dcntr    lg_L     lg_LZ      lg_Lphoto   lg_Dsurf   CO_core    C_cntr     Ne_cntr    Z_cntr   v_div_cs       dt_limit
__________________________________________________________________________________________________________________________________________________

         80   6.560147   7862.592  -6.048698  -6.048698   9.999875   9.999875   0.755800   0.000071   0.242800  -7.865617    642      3
 2.7811E+00   6.560147   1.569663 -99.000000  -7.446564  -8.168136   0.000000   0.242800   0.000657   0.001400   0.020281      5
 1.6816E+04  -1.611676   3.676283 -21.674160 -99.000000  -9.678794   0.000000   0.000241   0.000146   0.001400  0.000E+00        lgTeff

         81   6.576076   8043.242  -5.888773  -5.888773   9.999871   9.999871   0.755800   0.000071   0.242800  -7.807276    647      3
 2.7654E+00   6.576076   1.550917 -99.000000  -7.286639  -8.183624   0.000000   0.242800   0.000657   0.001400   0.020303      4
 1.7399E+04  -1.562431   3.678252 -99.000000 -99.000000  -9.795879   0.000000   0.000241   0.000146   0.001400  0.000E+00        lgTeff

         82   6.592964   8238.436  -5.720989  -5.720989   9.999867   9.999867   0.755800   0.000071   0.242800  -7.745246    648      3
 2.8036E+00   6.592964   1.531344 -99.000000  -7.118855  -8.196675   0.000000   0.242800   0.000657   0.001400   0.020329      4
 1.8035E+04  -1.510144   3.680761 -99.000000 -99.000000  -9.909487   0.000000   0.000241   0.000146   0.001400  0.000E+00    varcontrol

         83   6.610373   8444.667  -5.549900  -5.549900   9.999863   9.999863   0.755800   0.000071   0.242800  -7.681167    651      3
 2.8293E+00   6.610373   1.511564 -99.000000  -6.947765  -8.209689   0.000000   0.242800   0.000657   0.001400   0.020356      4
 1.8710E+04  -1.456183   3.684151 -99.000000 -99.000000 -10.010468   0.000000   0.000241   0.000146   0.001400  0.000E+00    lgRho_cntr

         84   6.626577   8642.361  -5.392203  -5.392203   9.999859   9.999859   0.755800   0.000071   0.242800  -7.621185    660      3
 2.8097E+00   6.626577   1.493585 -99.000000  -6.790068  -8.221690   0.000000   0.242800   0.000657   0.001400   0.020383      4
 1.9355E+04  -1.405810   3.688394 -21.072100 -99.000000 -10.087415   0.000000   0.000241   0.000146   0.001400  0.000E+00    lgRho_cntr

         85   6.642265   8838.633  -5.241041  -5.241041   9.999856   9.999856   0.755800   0.000071   0.242800  -7.563119    659      3
 2.8055E+00   6.642265   1.476519 -99.000000  -6.638906  -8.231028   0.000000   0.242800   0.000657   0.001400   0.020410      4
 1.9994E+04  -1.357045   3.693271 -20.594978 -99.000000 -10.143244   0.000000   0.000241   0.000146   0.001400  0.000E+00    lgRho_cntr

         86   6.659621   9060.421  -5.075782  -5.075782   9.999851   9.999851   0.755800   0.000071   0.242800  -7.499585    661      3
 2.8582E+00   6.659621   1.457916 -99.000000  -6.473646  -8.238744   0.000000   0.242800   0.000657   0.001400   0.020435      4
 2.0716E+04  -1.303400   3.699120 -20.771070 -99.000000 -10.182920   0.000000   0.000241   0.000146   0.001400  0.000E+00    varcontrol

         87   6.677884   9300.285  -4.903958  -4.903958   9.999847   9.999847   0.755800   0.000071   0.242800  -7.433350    664      3
 2.8895E+00   6.677884   1.438699 -99.000000  -6.301822  -8.246437   0.000000   0.242800   0.000657   0.001400   0.020457      4
 2.1491E+04  -1.247218   3.706077 -20.771070 -99.000000 -10.204343   0.000000   0.000241   0.000146   0.001400  0.000E+00        lgTeff

         88   6.694593   9526.965  -4.748326  -4.748326   9.999843   9.999843   0.755800   0.000071   0.242800  -7.372792    664      3
 2.8600E+00   6.694593   1.421505 -99.000000  -6.146190  -8.253149   0.000000   0.242800   0.000657   0.001400   0.020476      4
 2.2215E+04  -1.195836   3.713523 -20.470040 -99.000000 -10.210713   0.000000   0.000241   0.000146   0.001400  0.000E+00        lgTeff

         89   6.710593   9749.821  -4.600763  -4.600763   9.999839   9.999839   0.755800   0.000071   0.242800  -7.315125    665      3
 2.8487E+00   6.710593   1.405294 -99.000000  -5.998626  -8.257506   0.000000   0.242800   0.000657   0.001400   0.020493      3
 2.2921E+04  -1.146771   3.721268 -99.000000 -99.000000 -10.207483   0.000000   0.000241   0.000146   0.001400  0.000E+00        lgTeff


__________________________________________________________________________________________________________________________________________________

       step    lg_Tmax     Teff     lg_LH      lg_Lnuc_tot     Mass       H_rich     H_cntr     N_cntr     Y_surf   eta_cntr   zones  retry
  lg_dt_yrs    lg_Tcntr    lg_R     lg_L3a     lg_Lneu     lg_Mdot    He_core    He_cntr    O_cntr     Z_surf   gam_cntr   iters  
    age_yrs    lg_Dcntr    lg_L     lg_LZ      lg_Lphoto   lg_Dsurf   CO_core    C_cntr     Ne_cntr    Z_cntr   v_div_cs       dt_limit
__________________________________________________________________________________________________________________________________________________

         90   6.726252   9973.375  -4.457752  -4.457752   9.999835   9.999835   0.755800   0.000071   0.242800  -7.259128    665      3
 2.8462E+00   6.726252   1.389616 -99.000000  -5.855614  -8.260635   0.000000   0.242800   0.000657   0.001400   0.020506      3
 2.3623E+04  -1.098944   3.729295 -19.867980 -99.000000 -10.196803   0.000000   0.000241   0.000146   0.001400  0.000E+00        lgTeff

         91   6.743954  1.023E+04  -4.297982  -4.297982   9.999831   9.999831   0.755800   0.000071   0.242800  -7.196997    668      3
 2.9057E+00   6.743954   1.371956 -99.000000  -5.695844  -8.262937   0.000000   0.242800   0.000657   0.001400   0.020514      3
 2.4428E+04  -1.045384   3.738331 -99.000000 -99.000000 -10.177039   0.000000   0.000241   0.000146   0.001400  0.000E+00    varcontrol

         92   6.762745  1.051E+04  -4.130390  -4.130390   9.999827   9.999827   0.755800   0.000071   0.242800  -7.132008    676      3
 2.9389E+00   6.762745   1.353323 -99.000000  -5.528251  -8.373445   0.000000   0.242800   0.000657   0.001400   0.020515      5
 2.5297E+04  -0.988947   3.748160 -99.000000 -99.000000 -10.149378   0.000000   0.000241   0.000146   0.001400  0.000E+00        lgTeff

         93   6.779677  1.077E+04  -3.980815  -3.980815   9.999825   9.999825   0.755800   0.000071   0.242800  -7.073578    676      3
 2.9016E+00   6.779677   1.336735 -99.000000  -5.378676  -8.556257   0.000000   0.242800   0.000657   0.001400   0.020515      5
 2.6094E+04  -0.938149   3.757689 -99.000000 -99.000000 -10.120293   0.000000   0.000241   0.000146   0.001400  0.000E+00        lgTeff

         94   6.795758  1.103E+04  -3.840088  -3.840088   9.999824   9.999824   0.755800   0.000071   0.242800  -7.018450    676      3
 2.8861E+00   6.795758   1.321050 -99.000000  -5.237948  -8.836954   0.000000   0.242800   0.000657   0.001400   0.020512      5
 2.6863E+04  -0.890063   3.766934 -19.566950 -99.000000 -10.090071   0.000000   0.000241   0.000146   0.001400  0.000E+00        lgTeff

         95   6.811423  1.128E+04  -3.704260  -3.704260   9.999824   9.999824   0.755800   0.000071   0.242800  -6.965180    678      3
 2.8812E+00   6.811423   1.305782 -99.000000  -5.102120  -9.478262   0.000000   0.242800   0.000657   0.001400   0.020507      5
 2.7624E+04  -0.843406   3.775967 -99.000000 -99.000000 -10.059077   0.000000   0.000241   0.000146   0.001400  0.000E+00        lgTeff

         96   6.829136  1.158E+04  -3.552382  -3.552382   9.999823   9.999823   0.755800   0.000071   0.242800  -6.906035    683      3
 2.9409E+00   6.829136   1.288361 -99.000000  -4.950241  -9.447716   0.000000   0.242800   0.000657   0.001400   0.020493      5
 2.8497E+04  -0.791121   3.785606 -19.265920 -99.000000 -10.022767   0.000000   0.000241   0.000146   0.001400  0.000E+00    varcontrol

         97   6.847933  1.189E+04  -3.393001  -3.393001   9.999823   9.999823   0.755800   0.000071   0.242800  -6.844083    683      3
 2.9745E+00   6.847933   1.269771 -99.000000  -4.790860  -9.414515   0.000000   0.242800   0.000657   0.001400   0.020474      5
 2.9440E+04  -0.735989   3.795526 -99.000000 -99.000000  -9.982842   0.000000   0.000241   0.000146   0.001400  0.000E+00        lgTeff

         98   6.864820  1.219E+04  -3.251072  -3.251072   9.999823   9.999823   0.755800   0.000071   0.242800  -6.788404    683      3
 2.9368E+00   6.864820   1.253117 -99.000000  -4.648932  -9.379990   0.000000   0.242800   0.000657   0.001400   0.020456      5
 3.0304E+04  -0.686449   3.804732 -99.000000 -99.000000  -9.945905   0.000000   0.000241   0.000146   0.001400  0.000E+00        lgTeff

         99   6.880841  1.247E+04  -3.117598  -3.117598   9.999822   9.999822   0.755800   0.000071   0.242800  -6.735781    683      3
 2.9219E+00   6.880841   1.237261 -99.000000  -4.515461  -9.348275   0.000000   0.242800   0.000657   0.001400   0.020438      5
 3.1140E+04  -0.639536   3.813334 -18.362830 -99.000000  -9.910504   0.000000   0.000241   0.000146   0.001400  0.000E+00        lgTeff


__________________________________________________________________________________________________________________________________________________

       step    lg_Tmax     Teff     lg_LH      lg_Lnuc_tot     Mass       H_rich     H_cntr     N_cntr     Y_surf   eta_cntr   zones  retry
  lg_dt_yrs    lg_Tcntr    lg_R     lg_L3a     lg_Lneu     lg_Mdot    He_core    He_cntr    O_cntr     Z_surf   gam_cntr   iters  
    age_yrs    lg_Dcntr    lg_L     lg_LZ      lg_Lphoto   lg_Dsurf   CO_core    C_cntr     Ne_cntr    Z_cntr   v_div_cs       dt_limit
__________________________________________________________________________________________________________________________________________________

        100   6.896445  1.276E+04  -2.988720  -2.988720   9.999822   9.999822   0.755800   0.000071   0.242800  -6.684794    683      3
 2.9182E+00   6.896445   1.221723 -99.000000  -4.386586  -9.318480   0.000000   0.242800   0.000657   0.001400   0.020419      4
 3.1968E+04  -0.593958   3.821454 -99.000000 -99.000000  -9.876309   0.000000   0.000241   0.000146   0.001400  0.000E+00        lgTeff

save LOGS/profile3.data for model 100
save photos/x100 for model 100
        101   6.913964  1.308E+04  -2.845527  -2.845527   9.999821   9.999821   0.755800   0.000071   0.242800  -6.628364    684      3
 2.9764E+00   6.913964   1.204025 -99.000000  -4.243403  -9.290048   0.000000   0.242800   0.000657   0.001400   0.020391      5
 3.2915E+04  -0.543138   3.829722 -18.362830 -99.000000  -9.838311   0.000000   0.000241   0.000146   0.001400  0.000E+00    varcontrol

        102   6.932498  1.344E+04  -2.695623  -2.695623   9.999821   9.999821   0.755800   0.000071   0.242800  -6.569220    685      3
 3.0104E+00   6.932498   1.185117 -99.000000  -4.093517  -9.260096   0.000000   0.242800   0.000657   0.001400   0.020359      5
 3.3939E+04  -0.489615   3.837916 -99.000000 -99.000000  -9.798238   0.000000   0.000241   0.000146   0.001400  0.000E+00        lgTeff

        103   6.949258  1.376E+04  -2.561178  -2.561178   9.999820   9.999820   0.755800   0.000071   0.242800  -6.515572    686      3
 2.9772E+00   6.949258   1.168012 -99.000000  -3.959103  -9.229680   0.000000   0.242800   0.000657   0.001400   0.020331      5
 3.4888E+04  -0.441141   3.845427 -99.000000 -99.000000  -9.762163   0.000000   0.000241   0.000146   0.001400  0.000E+00        lgTeff

        104   6.965225  1.408E+04  -2.434144  -2.434144   9.999820   9.999820   0.755800   0.000071   0.242800  -6.464520    686      3
 2.9657E+00   6.965225   1.151625 -99.000000  -3.832119  -9.201921   0.000000   0.242800   0.000657   0.001400   0.020303      3
 3.5812E+04  -0.394986   3.852312 -99.000000 -99.000000  -9.728357   0.000000   0.000241   0.000146   0.001400  0.000E+00        lgTeff

        105   6.982789  1.443E+04  -2.295740  -2.295740   9.999819   9.999819   0.755800   0.000071   0.242800  -6.408939    687      3
 3.0169E+00   6.982789   1.133352 -99.000000  -3.693809  -9.176096   0.000000   0.242800   0.000657   0.001400   0.020270      4
 3.6852E+04  -0.344462   3.859019 -99.000000 -99.000000  -9.692110   0.000000   0.000241   0.000146   0.001400  0.000E+00    varcontrol

        106   7.001191  1.481E+04  -2.152050  -2.152050   9.999818   9.999818   0.755800   0.000071   0.242800  -6.351037    692      3
 3.0485E+00   7.001191   1.114037 -59.011516  -3.550293  -9.149703   0.000000   0.242800   0.000657   0.001400   0.020232      5
 3.7970E+04  -0.291670   3.865492 -17.362830 -99.000000  -9.654984   0.000000   0.000241   0.000146   0.001400  0.000E+00        lgTeff

        107   7.017921  1.517E+04  -2.022264  -2.022264   9.999817   9.999817   0.755800   0.000071   0.242800  -6.298108    693      3
 3.0191E+00   7.017921   1.096473 -56.851024  -3.420777  -9.123333   0.000000   0.242800   0.000657   0.001400   0.020200      4
 3.9015E+04  -0.243550   3.871443 -17.760770 -99.000000  -9.621645   0.000000   0.000241   0.000146   0.001400  0.000E+00        lgTeff

        108   7.033908  1.551E+04  -1.898928  -1.898928   9.999817   9.999817   0.755800   0.000071   0.242800  -6.247446    693      3
 3.0105E+00   7.033908   1.079608 -55.799990  -3.297861  -9.099193   0.000000   0.242800   0.000657   0.001400   0.020170      3
 4.0040E+04  -0.197529   3.876857 -99.000000 -99.000000  -9.589965   0.000000   0.000241   0.000146   0.001400  0.000E+00        lgTeff

        109   7.051361  1.590E+04  -1.765014  -1.765014   9.999816   9.999816   0.755800   0.000071   0.242800  -6.192520    693      3
 3.0600E+00   7.051361   1.060983 -54.724454  -3.164698  -9.076757   0.000000   0.242800   0.000657   0.001400   0.020135      3
 4.1188E+04  -0.147450   3.881975 -99.000000 -99.000000  -9.555586   0.000000   0.000241   0.000146   0.001400  0.000E+00    varcontrol


__________________________________________________________________________________________________________________________________________________

       step    lg_Tmax     Teff     lg_LH      lg_Lnuc_tot     Mass       H_rich     H_cntr     N_cntr     Y_surf   eta_cntr   zones  retry
  lg_dt_yrs    lg_Tcntr    lg_R     lg_L3a     lg_Lneu     lg_Mdot    He_core    He_cntr    O_cntr     Z_surf   gam_cntr   iters  
    age_yrs    lg_Dcntr    lg_L     lg_LZ      lg_Lphoto   lg_Dsurf   CO_core    C_cntr     Ne_cntr    Z_cntr   v_div_cs       dt_limit
__________________________________________________________________________________________________________________________________________________

        110   7.069588  1.631E+04  -1.625499  -1.625499   9.999814   9.999814   0.755800   0.000071   0.242800  -6.135336    693      3
 3.0917E+00   7.069588   1.041406 -53.621784  -3.026490  -9.054113   0.000000   0.242800   0.000657   0.001400   0.020097      4
 4.2423E+04  -0.095228   3.886846 -99.000000 -99.000000  -9.520039   0.000000   0.000241   0.000146   0.001400  0.000E+00        lgTeff

        111   7.086297  1.669E+04  -1.497094  -1.497094   9.999813   9.999813   0.755800   0.000071   0.242800  -6.082570    694      3
 3.0671E+00   7.086297   1.023478 -52.623695  -2.900031  -9.031571   0.000000   0.242800   0.000657   0.001400   0.020064      3
 4.3590E+04  -0.047202   3.891399 -16.857680 -99.000000  -9.487766   0.000000   0.000241   0.000146   0.001400  0.000E+00        lgTeff

        112   7.102337  1.706E+04  -1.372600  -1.372600   9.999812   9.999812   0.755800   0.000071   0.242800  -6.031773    695      3
 3.0617E+00   7.102337   1.006216 -51.676657  -2.778438  -9.010700   0.000000   0.242800   0.000657   0.001400   0.020034      3
 4.4743E+04  -0.001036   3.895542 -99.000000 -99.000000  -9.456907   0.000000   0.000241   0.000146   0.001400  0.000E+00        lgTeff

        113   7.119740  1.748E+04  -1.234913  -1.234913   9.999811   9.999811   0.755800   0.000071   0.242800  -5.976923    695      3
 3.1098E+00   7.119740   0.987323 -50.661665  -2.645597  -8.991199   0.000000   0.242800   0.000657   0.001400   0.020000      4
 4.6031E+04   0.048939   3.899353 -16.857680 -99.000000  -9.423440   0.000000   0.000241   0.000146   0.001400  0.000E+00    varcontrol

        114   7.137858  1.792E+04  -1.086156  -1.086156   9.999809   9.999809   0.755800   0.000071   0.242800  -5.919866    698      3
 3.1414E+00   7.137858   0.967564 -49.618409  -2.504584  -8.971649   0.000000   0.242800   0.000657   0.001400   0.019964      4
 4.7416E+04   0.100950   3.902944 -16.380559 -99.000000  -9.388684   0.000000   0.000241   0.000146   0.001400  0.000E+00        lgTeff

        115   7.154590  1.833E+04  -0.940550  -0.940550   9.999808   9.999808   0.755800   0.000071   0.242800  -5.866764    698      3
 3.1211E+00   7.154590   0.949357 -48.666651  -2.369409  -8.952182   0.000000   0.242800   0.000657   0.001400   0.019934      3
 4.8737E+04   0.149161   3.906379 -99.000000 -99.000000  -9.356800   0.000000   0.000241   0.000146   0.001400  0.000E+00        lgTeff

        116   7.172311  1.878E+04  -0.773589  -0.773589   9.999806   9.999806   0.755800   0.000071   0.242800  -5.810630    702      3
 3.1601E+00   7.172311   0.929954 -47.671254  -2.217581  -8.933930   0.000000   0.242800   0.000657   0.001400   0.019901      3
 5.0183E+04   0.200178   3.909458 -99.000000 -99.000000  -9.323209   0.000000   0.000241   0.000146   0.001400  0.000E+00    varcontrol

        117   7.190537  1.925E+04  -0.582850  -0.582850   9.999804   9.999804   0.755800   0.000071   0.242800  -5.752839    702      3
 3.1874E+00   7.190537   0.909943 -46.660721  -2.046588  -8.915922   0.000000   0.242800   0.000657   0.001400   0.019868      3
 5.1723E+04   0.252675   3.912325 -99.000000 -99.000000  -9.288984   0.000000   0.000241   0.000146   0.001400  0.000E+00        lgTeff

        118   7.207183  1.969E+04  -0.385052  -0.385052   9.999803   9.999803   0.755800   0.000071   0.242800  -5.698660    707      3
 3.1680E+00   7.207183   0.891515 -45.741013  -1.869160  -8.898113   0.000000   0.242800   0.000657   0.001400   0.019846      3
 5.3195E+04   0.301229   3.915112 -99.000000 -99.000000  -9.257773   0.000000   0.000241   0.000146   0.001400  0.000E+00        lgTeff

        119   7.224900  2.017E+04  -0.152016  -0.152016   9.999800   9.999800   0.755800   0.000071   0.242800  -5.641896    713      3
 3.2058E+00   7.224900   0.871986 -44.780038  -1.656333  -8.881349   0.000000   0.242800   0.000657   0.001400   0.019818      3
 5.4801E+04   0.352519   3.917550 -15.954590 -99.000000  -9.225135   0.000000   0.000241   0.000146   0.001400  0.000E+00    varcontrol


__________________________________________________________________________________________________________________________________________________

       step    lg_Tmax     Teff     lg_LH      lg_Lnuc_tot     Mass       H_rich     H_cntr     N_cntr     Y_surf   eta_cntr   zones  retry
  lg_dt_yrs    lg_Tcntr    lg_R     lg_L3a     lg_Lneu     lg_Mdot    He_core    He_cntr    O_cntr     Z_surf   gam_cntr   iters  
    age_yrs    lg_Dcntr    lg_L     lg_LZ      lg_Lphoto   lg_Dsurf   CO_core    C_cntr     Ne_cntr    Z_cntr   v_div_cs       dt_limit
__________________________________________________________________________________________________________________________________________________

        120   7.243136  2.067E+04   0.112344   0.112344   9.999798   9.999798   0.755800   0.000071   0.242800  -5.583740    722      3
 3.2329E+00   7.243136   0.851906 -43.807255  -1.406934  -8.864860   0.000000   0.242800   0.000657   0.001400   0.019787      3
 5.6511E+04   0.405197   3.919800 -99.000000 -99.000000  -9.192014   0.000000   0.000241   0.000146   0.001400  0.000E+00        lgTeff

        121   7.260057  2.114E+04   0.376736   0.376736   9.999796   9.999796   0.755800   0.000071   0.242800  -5.529362    730      3
 3.2158E+00   7.260057   0.833354 -42.916228  -1.148075  -8.848542   0.000000   0.242800   0.000657   0.001400   0.019761      3
 5.8155E+04   0.454257   3.922049 -15.352530 -99.000000  -9.161810   0.000000   0.000241   0.000146   0.001400  0.000E+00        lgTeff

        122   7.277863  2.165E+04   0.668896   0.668896   9.999793   9.999793   0.755800   0.000072   0.242800  -5.472196    735      3
 3.2533E+00   7.277863   0.813761 -41.990725  -0.851524  -8.833046   0.000000   0.242800   0.000657   0.001400   0.019734      3
 5.9947E+04   0.505862   3.923964 -15.051500 -99.000000  -9.130499   0.000000   0.000240   0.000146   0.001400  0.000E+00    varcontrol

        123   7.296116  2.218E+04   0.976169   0.976169   9.999790   9.999790   0.755800   0.000073   0.242800  -5.413704    743      3
 3.2801E+00   7.296116   0.793678 -41.055003  -0.528434  -8.817818   0.000000   0.242800   0.000657   0.001400   0.019705      3
 6.1853E+04   0.558717   3.925716 -99.000000 -99.000000  -9.099057   0.000000   0.000239   0.000146   0.001400  0.000E+00    lgRho_cntr

        124   7.313070  2.268E+04   1.262530   1.262530   9.999787   9.999787   0.755800   0.000077   0.242800  -5.359232    749      3
 3.2640E+00   7.313070   0.775123 -40.197098  -0.216872  -8.802735   0.000000   0.242799   0.000657   0.001400   0.019679      3
 6.3689E+04   0.607821   3.927513 -99.000000 -99.000000  -9.070602   0.000000   0.000236   0.000146   0.001401  0.000E+00    lgRho_cntr

        125   7.330710  2.322E+04   1.556233   1.556233   9.999784   9.999784   0.755799   0.000084   0.242800  -5.301622    754      3
 3.3012E+00   7.330710   0.755594 -39.311863   0.114850  -8.788355   0.000000   0.242799   0.000657   0.001400   0.019651      3
 6.5690E+04   0.658918   3.928958 -14.148410 -99.000000  -9.041348   0.000000   0.000230   0.000146   0.001402  0.000E+00    varcontrol

        126   7.348585  2.377E+04   1.840757   1.840757   9.999781   9.999781   0.755798   0.000099   0.242800  -5.242434    764      3
 3.3288E+00   7.348585   0.735606 -38.427267   0.449645  -8.867306   0.000000   0.242798   0.000657   0.001400   0.019622      3
 6.7822E+04   0.710621   3.930186 -13.847380 -99.000000  -9.012075   0.000000   0.000217   0.000146   0.001404  0.000E+00    lgRho_cntr

        127   7.365285  2.430E+04   2.085946   2.085946   9.999781   9.999781   0.755795   0.000126   0.242800  -5.188408    777      3
 3.3159E+00   7.365285   0.717069 -37.618255   0.748392 -10.108157   0.000000   0.242797   0.000657   0.001400   0.019587      4
 6.9892E+04   0.758335   3.931405 -13.546350 -99.000000  -8.985459   0.000000   0.000194   0.000146   0.001408  0.000E+00    lgRho_cntr

        128   7.383040  2.486E+04   2.316961   2.316961   9.999781   9.999781   0.755788   0.000175   0.242800  -5.135323    782      3
 3.3547E+00   7.383040   0.697595 -36.776218   1.036399 -10.050301   0.000000   0.242797   0.000657   0.001400   0.019526      3
 7.2155E+04   0.807536   3.932086 -99.000000 -99.000000  -8.958001   0.000000   0.000152   0.000146   0.001415  0.000E+00    varcontrol

        129   7.402778  2.549E+04   2.532734   2.532734   9.999781   9.999781   0.755777   0.000248   0.242800  -5.080805    792      3
 3.4184E+00   7.402778   0.676064 -35.845124   1.307584  -9.993807   0.000000   0.242797   0.000656   0.001400   0.019438      5
 7.4776E+04   0.860817   3.931974 -12.944290 -99.000000  -8.928115   0.000000   0.000089   0.000146   0.001425  0.000E+00    varcontrol


__________________________________________________________________________________________________________________________________________________

       step    lg_Tmax     Teff     lg_LH      lg_Lnuc_tot     Mass       H_rich     H_cntr     N_cntr     Y_surf   eta_cntr   zones  retry
  lg_dt_yrs    lg_Tcntr    lg_R     lg_L3a     lg_Lneu     lg_Mdot    He_core    He_cntr    O_cntr     Z_surf   gam_cntr   iters  
    age_yrs    lg_Dcntr    lg_L     lg_LZ      lg_Lphoto   lg_Dsurf   CO_core    C_cntr     Ne_cntr    Z_cntr   v_div_cs       dt_limit
__________________________________________________________________________________________________________________________________________________

        130   7.421481  2.610E+04   2.693101   2.693101   9.999780   9.999780   0.755767   0.000310   0.242800  -5.026456    795      3
 3.4289E+00   7.421481   0.655243 -34.936246   1.510455  -9.936868   0.000000   0.242799   0.000656   0.001400   0.019374      4
 7.7461E+04   0.912577   3.931593 -12.546350 -99.000000  -8.899667   0.000000   0.000036   0.000146   0.001434  0.000E+00        lgTeff

        131   7.438154  2.667E+04   2.794015   2.794015   9.999780   9.999780   0.755759   0.000340   0.242800  -4.972803    794      3
 3.4148E+00   7.438154   0.636189 -34.086652   1.642056  -9.885137   0.000000   0.242803   0.000656   0.001400   0.019350      4
 8.0060E+04   0.960977   3.931097 -12.643260 -99.000000  -8.874116   0.000000   0.000012   0.000146   0.001438  0.000E+00    lgRho_cntr

        132   7.455137  2.726E+04   2.865932   2.865932   9.999780   9.999780   0.755749   0.000349   0.242800  -4.916906    797      3
 3.4515E+00   7.455137   0.616462 -33.162768   1.739486  -9.840330   0.000000   0.242812   0.000655   0.001400   0.019333      4
 8.2888E+04   1.010819   3.929921 -99.000000 -99.000000  -8.848259   0.000000   0.000005   0.000146   0.001439  0.000E+00    varcontrol

        133   7.474422  2.791E+04   2.939439   2.939439   9.999779   9.999779   0.755726   0.000352   0.242800  -4.862619    803      3
 3.5126E+00   7.474422   0.595009 -32.069743   1.832440  -9.798188   0.000000   0.242835   0.000651   0.001400   0.019256      5
 8.6144E+04   1.063444   3.927848 -12.643260 -99.000000  -8.820974   0.000000   0.000004   0.000146   0.001439  0.000E+00    varcontrol

        134   7.494672  2.854E+04   3.039046   3.039046   9.999778   9.999778   0.755674   0.000359   0.242800  -4.826447    820      3
 3.5251E+00   7.494672   0.574480 -30.910150   1.938998  -9.757235   0.000000   0.242888   0.000643   0.001400   0.019044      5
 8.9494E+04   1.109692   3.925481 -12.643260 -99.000000  -8.795829   0.000000   0.000004   0.000146   0.001438  0.000E+00    lgRho_cntr

        135   7.515510  2.914E+04   3.196044   3.196044   9.999778   9.999778   0.755556   0.000375   0.242800  -4.811228    843      3
 3.5459E+00   7.515510   0.554746 -29.690939   2.089948  -9.721409   0.000000   0.243009   0.000624   0.001400   0.018691      5
 9.3009E+04   1.147779   3.921912 -12.166139 -99.000000  -8.772389   0.000000   0.000005   0.000146   0.001435  0.000E+00    varcontrol

        136   7.534350  2.968E+04   3.414778   3.414778   9.999777   9.999777   0.755494   0.000383   0.242800  -4.808071    852      3
 3.6056E+00   7.534350   0.534868 -28.583449   2.294815  -9.693011   0.000000   0.243072   0.000615   0.001400   0.018313      5
 9.7042E+04   1.177620   3.914433 -99.000000 -99.000000  -8.748955   0.000000   0.000005   0.000146   0.001434  0.000E+00    varcontrol

        137   7.548286  3.007E+04   3.616234   3.616234   9.999776   9.999776   0.755452   0.000388   0.242800  -4.819033    852      3
 3.6648E+00   7.548286   0.516277 -27.785320   2.485262  -9.678348   0.000000   0.243115   0.000609   0.001400   0.017958      5
 1.0166E+05   1.193940   3.899780 -99.000000 -99.000000  -8.726463   0.000000   0.000005   0.000146   0.001433  0.000E+00    varcontrol

        138   7.556499  3.022E+04   3.744790   3.744790   9.999775   9.999775   0.755401   0.000394   0.242800  -4.840097    861      3
 3.7437E+00   7.556499   0.499617 -27.330503   2.608609  -9.689650   0.000000   0.243166   0.000602   0.001400   0.017667      5
 1.0720E+05   1.197241   3.875088 -99.000000 -99.000000  -8.705101   0.000000   0.000005   0.000146   0.001433  0.000E+00    varcontrol

        139   7.559829  3.013E+04   3.799979   3.799979   9.999774   9.999774   0.755334   0.000402   0.242800  -4.863424    864      3
 3.8229E+00   7.559829   0.486275 -27.155587   2.662392  -9.736024   0.000000   0.243235   0.000593   0.001400   0.017465      5
 1.1386E+05   1.192189   3.843393 -99.000000 -99.000000  -8.686775   0.000000   0.000005   0.000146   0.001431  0.000E+00  max increase


__________________________________________________________________________________________________________________________________________________

       step    lg_Tmax     Teff     lg_LH      lg_Lnuc_tot     Mass       H_rich     H_cntr     N_cntr     Y_surf   eta_cntr   zones  retry
  lg_dt_yrs    lg_Tcntr    lg_R     lg_L3a     lg_Lneu     lg_Mdot    He_core    He_cntr    O_cntr     Z_surf   gam_cntr   iters  
    age_yrs    lg_Dcntr    lg_L     lg_LZ      lg_Lphoto   lg_Dsurf   CO_core    C_cntr     Ne_cntr    Z_cntr   v_div_cs       dt_limit
__________________________________________________________________________________________________________________________________________________

        140   7.560176  2.991E+04   3.810331   3.810331   9.999772   9.999772   0.755239   0.000412   0.242800  -4.883116    870      3
 3.9020E+00   7.560176   0.477270 -27.146816   2.672770  -9.810079   0.000000   0.243331   0.000581   0.001400   0.017345      5
 1.2184E+05   1.184206   3.812705 -12.041200 -99.000000  -8.673648   0.000000   0.000005   0.000146   0.001430  0.000E+00  max increase

        141   7.559185  2.969E+04   3.802572   3.802572   9.999771   9.999771   0.755110   0.000426   0.242800  -4.897573    870      3
 3.9812E+00   7.559185   0.472621 -27.210128   2.664762  -9.888994   0.000000   0.243462   0.000565   0.001400   0.017283      5
 1.3141E+05   1.176479   3.790397 -99.000000 -99.000000  -8.666459   0.000000   0.000006   0.000146   0.001428  0.000E+00  max increase

        142   7.557644  2.952E+04   3.793708   3.793708   9.999770   9.999770   0.754893   0.000448   0.242800  -4.907639    872      3
 4.0604E+00   7.557644   0.471392 -27.301630   2.653759  -9.950051   0.000000   0.243683   0.000539   0.001400   0.017258      5
 1.4291E+05   1.169843   3.778135 -99.000000 -99.000000  -8.664132   0.000000   0.000006   0.000146   0.001425  0.000E+00  max increase

        143   7.556107  2.942E+04   3.786594   3.786594   9.999768   9.999768   0.754634   0.000472   0.242800  -4.914703    870      3
 4.1396E+00   7.556107   0.472052 -27.391158   2.645863  -9.986235   0.000000   0.243945   0.000512   0.001400   0.017250      5
 1.5670E+05   1.164524   3.773366 -99.000000 -99.000000  -8.664586   0.000000   0.000006   0.000146   0.001421  0.000E+00  max increase

        144   7.554709  2.935E+04   3.782512   3.782512   9.999767   9.999767   0.754325   0.000497   0.242800  -4.920154    865      3
 4.2188E+00   7.554709   0.473446 -27.471768   2.641022 -10.002529   0.000000   0.244257   0.000483   0.001400   0.017250      5
 1.7324E+05   1.160127   3.772303 -99.000000 -99.000000  -8.666159   0.000000   0.000006   0.000146   0.001417  0.000E+00  max increase

        145   7.553406  2.930E+04   3.780515   3.780515   9.999765   9.999765   0.753953   0.000524   0.242800  -4.925068    859      3
 4.2979E+00   7.553406   0.475026 -27.546553   2.638151 -10.008574   0.000000   0.244633   0.000452   0.001400   0.017252      5
 1.9310E+05   1.156121   3.772453 -12.041200 -99.000000  -8.668033   0.000000   0.000007   0.000146   0.001414  0.000E+00  max increase

        146   7.552150  2.926E+04   3.779398   3.779398   9.999763   9.999763   0.753506   0.000552   0.242800  -4.929960    864      3
 4.3771E+00   7.552150   0.476620 -27.618343   2.636176 -10.011163   0.000000   0.245085   0.000419   0.001400   0.017254      5
 2.1693E+05   1.152215   3.772821 -99.000000 -99.000000  -8.669940   0.000000   0.000007   0.000146   0.001409  0.000E+00  max increase

        147   7.550926  2.921E+04   3.778601   3.778601   9.999760   9.999760   0.752968   0.000581   0.242800  -4.934980    862      3
 4.4563E+00   7.550926   0.478195 -27.688062   2.634533 -10.013098   0.000000   0.245627   0.000385   0.001400   0.017256      5
 2.4553E+05   1.148324   3.773157 -99.000000 -99.000000  -8.671826   0.000000   0.000007   0.000146   0.001405  0.000E+00  max increase

        148   7.549734  2.916E+04   3.777989   3.777989   9.999756   9.999756   0.752317   0.000612   0.242800  -4.940050    857      3
 4.5355E+00   7.549734   0.479765 -27.755486   2.633072 -10.015109   0.000000   0.246283   0.000350   0.001400   0.017258      5
 2.7985E+05   1.144488   3.773482 -11.342230 -99.000000  -8.673708   0.000000   0.000008   0.000146   0.001401  0.000E+00  max increase

        149   7.548590  2.912E+04   3.777541   3.777541   9.999753   9.999753   0.751528   0.000643   0.242800  -4.945157    852      3
 4.6147E+00   7.548590   0.481330 -27.819658   2.631808 -10.017156   0.000000   0.247075   0.000314   0.001400   0.017260      5
 3.2102E+05   1.140741   3.773833 -99.000000 -99.000000  -8.675590   0.000000   0.000008   0.000146   0.001396  0.000E+00  max increase


__________________________________________________________________________________________________________________________________________________

       step    lg_Tmax     Teff     lg_LH      lg_Lnuc_tot     Mass       H_rich     H_cntr     N_cntr     Y_surf   eta_cntr   zones  retry
  lg_dt_yrs    lg_Tcntr    lg_R     lg_L3a     lg_Lneu     lg_Mdot    He_core    He_cntr    O_cntr     Z_surf   gam_cntr   iters  
    age_yrs    lg_Dcntr    lg_L     lg_LZ      lg_Lphoto   lg_Dsurf   CO_core    C_cntr     Ne_cntr    Z_cntr   v_div_cs       dt_limit
__________________________________________________________________________________________________________________________________________________

        150   7.547507  2.907E+04   3.777257   3.777257   9.999748   9.999748   0.750574   0.000674   0.242800  -4.950302    848      3
 4.6939E+00   7.547507   0.482885 -27.879530   2.630744 -10.019122   0.000000   0.248034   0.000277   0.001400   0.017264      5
 3.7044E+05   1.137113   3.774225 -99.000000 -99.000000  -8.677465   0.000000   0.000008   0.000146   0.001391  0.000E+00  max increase

save LOGS/profile4.data for model 150
save photos/x150 for model 150
        151   7.546503  2.903E+04   3.777144   3.777144   9.999742   9.999742   0.749418   0.000706   0.242800  -4.955457    847      3
 4.7730E+00   7.546503   0.484429 -27.933979   2.629893 -10.020950   0.000000   0.249195   0.000241   0.001400   0.017268      5
 4.2974E+05   1.133650   3.774681 -99.000000 -99.000000  -8.679334   0.000000   0.000009   0.000146   0.001387  0.000E+00  max increase

        152   7.545595  2.898E+04   3.777218   3.777218   9.999735   9.999735   0.748017   0.000736   0.242800  -4.960610    847      3
 4.8522E+00   7.545595   0.485963 -27.981828   2.629274 -10.022560   0.000000   0.250601   0.000205   0.001400   0.017273      5
 5.0089E+05   1.130392   3.775228 -11.439140 -99.000000  -8.681197   0.000000   0.000009   0.000146   0.001382  0.000E+00  max increase

        153   7.544797  2.894E+04   3.777495   3.777495   9.999727   9.999727   0.746317   0.000766   0.242800  -4.965765    843      3
 4.9314E+00   7.544797   0.487491 -28.021860   2.628904 -10.023867   0.000000   0.252305   0.000171   0.001400   0.017280      5
 5.8628E+05   1.127377   3.775894 -99.000000 -99.000000  -8.683062   0.000000   0.000009   0.000146   0.001378  0.000E+00  max increase

        154   7.544128  2.891E+04   3.777997   3.777997   9.999718   9.999718   0.744253   0.000793   0.242800  -4.970940    842      3
 5.0106E+00   7.544128   0.489021 -28.052826   2.628806 -10.024791   0.000000   0.254373   0.000140   0.001400   0.017288      5
 6.8875E+05   1.124637   3.776713 -11.342230 -99.000000  -8.684940   0.000000   0.000010   0.000146   0.001374  0.000E+00  max increase

        155   7.543603  2.887E+04   3.778753   3.778753   9.999706   9.999706   0.741747   0.000818   0.242800  -4.976169    838      3
 5.0898E+00   7.543603   0.490569 -28.073461   2.629006 -10.025242   0.000000   0.256883   0.000111   0.001400   0.017299      5
 8.1171E+05   1.122202   3.777720 -12.041200 -99.000000  -8.686851   0.000000   0.000010   0.000146   0.001370  0.000E+00  max increase

        156   7.543236  2.884E+04   3.779798   3.779798   9.999692   9.999692   0.738699   0.000839   0.242800  -4.981512    838      3
 5.1689E+00   7.543236   0.492158 -28.082510   2.629537 -10.025129   0.000000   0.259933   0.000086   0.001400   0.017313      5
 9.5926E+05   1.120094   3.778964 -11.740170 -99.000000  -8.688823   0.000000   0.000010   0.000146   0.001367  0.000E+00  max increase

        157   7.543042  2.881E+04   3.781181   3.781181   9.999675   9.999675   0.734991   0.000857   0.242800  -4.987058    838      3
 5.2481E+00   7.543042   0.493823 -28.078771   2.630438 -10.024350   0.000000   0.263644   0.000065   0.001400   0.017331      5
 1.1363E+06   1.118324   3.780497 -12.041200 -99.000000  -8.690902   0.000000   0.000011   0.000146   0.001365  0.000E+00  max increase

        158   7.543029  2.878E+04   3.782963   3.782963   9.999655   9.999655   0.730474   0.000872   0.242800  -4.992920    841      3
 5.3273E+00   7.543029   0.495614 -28.061101   2.631763 -10.022801   0.000000   0.268164   0.000049   0.001400   0.017354      5
 1.3488E+06   1.116898   3.782391 -99.000000 -99.000000  -8.693151   0.000000   0.000011   0.000146   0.001362  0.000E+00  max increase

        159   7.543212  2.875E+04   3.785273   3.785273   9.999631   9.999631   0.724900   0.000883   0.242800  -4.999149    841      3
 5.4065E+00   7.543212   0.497619 -28.027891   2.633580 -10.020353   0.000000   0.273739   0.000036   0.001400   0.017384      5
 1.6038E+06   1.115876   3.784779 -11.439140 -99.000000  -8.695682   0.000000   0.000011   0.000146   0.001361  0.000E+00  max increase


__________________________________________________________________________________________________________________________________________________

       step    lg_Tmax     Teff     lg_LH      lg_Lnuc_tot     Mass       H_rich     H_cntr     N_cntr     Y_surf   eta_cntr   zones  retry
  lg_dt_yrs    lg_Tcntr    lg_R     lg_L3a     lg_Lneu     lg_Mdot    He_core    He_cntr    O_cntr     Z_surf   gam_cntr   iters  
    age_yrs    lg_Dcntr    lg_L     lg_LZ      lg_Lphoto   lg_Dsurf   CO_core    C_cntr     Ne_cntr    Z_cntr   v_div_cs       dt_limit
__________________________________________________________________________________________________________________________________________________

        160   7.543591  2.873E+04   3.788037   3.788037   9.999601   9.999601   0.718090   0.000890   0.242800  -5.006412    839      3
 5.4857E+00   7.543591   0.499876 -27.978865   2.635888 -10.016757   0.000000   0.280550   0.000027   0.001400   0.017421      5
 1.9097E+06   1.115020   3.787590 -99.000000 -99.000000  -8.698537   0.000000   0.000011   0.000146   0.001360  0.000E+00  max increase

        161   7.544177  2.869E+04   3.791331   3.791331   9.999566   9.999566   0.709662   0.000895   0.242800  -5.015130    844      3
 5.5648E+00   7.544177   0.502501 -27.912354   2.638652 -10.012320   0.000000   0.288979   0.000022   0.001400   0.017467      5
 2.2769E+06   1.114265   3.790906 -99.000000 -99.000000  -8.701862   0.000000   0.000011   0.000146   0.001359  0.000E+00  max increase

        162   7.544993  2.866E+04   3.795433   3.795433   9.999522   9.999522   0.699202   0.000898   0.242800  -5.025276    844      3
 5.6440E+00   7.544993   0.505670 -27.825960   2.642172 -10.007013   0.000000   0.299439   0.000018   0.001400   0.017528      5
 2.7175E+06   1.113766   3.795023 -99.000000 -99.000000  -8.705884   0.000000   0.000011   0.000146   0.001359  0.000E+00  max increase

        163   7.546067  2.861E+04   3.800516   3.800516   9.999470   9.999470   0.686186   0.000899   0.242800  -5.037353    841      3
 5.7232E+00   7.546067   0.509562 -27.717058   2.646594 -10.000251   0.000000   0.312456   0.000017   0.001400   0.017609      5
 3.2462E+06   1.113495   3.800109 -12.041200 -99.000000  -8.710825   0.000000   0.000011   0.000146   0.001358  0.000E+00      XHe_cntr

        164   7.547072  2.857E+04   3.805021   3.805021   9.999422   9.999422   0.674253   0.000900   0.242800  -5.048415    841      3
 5.6699E+00   7.547072   0.513083 -27.618105   2.650515  -9.991854   0.000000   0.324388   0.000016   0.001400   0.017685      5
 3.7138E+06   1.113305   3.804608 -11.564079 -99.000000  -8.715296   0.000000   0.000011   0.000146   0.001358  0.000E+00      XHe_cntr

        165   7.548043  2.853E+04   3.809219   3.809219   9.999377   9.999377   0.662831   0.000900   0.242800  -5.058889    843      3
 5.6354E+00   7.548043   0.516428 -27.524495   2.654173  -9.984601   0.000000   0.335811   0.000016   0.001400   0.017761      5
 4.1458E+06   1.113208   3.808798 -11.564079 -99.000000  -8.719542   0.000000   0.000011   0.000146   0.001358  0.000E+00      XHe_cntr

        166   7.548999  2.849E+04   3.813293   3.813293   9.999334   9.999334   0.651688   0.000900   0.242800  -5.068758    844      3
 5.6104E+00   7.548999   0.519692 -27.434047   2.657744  -9.977988   0.000000   0.346953   0.000016   0.001400   0.017839      5
 4.5536E+06   1.113296   3.812865 -99.000000 -99.000000  -8.723688   0.000000   0.000011   0.000146   0.001358  0.000E+00      XHe_cntr

        167   7.549945  2.845E+04   3.817209   3.817209   9.999293   9.999293   0.640727   0.000900   0.242800  -5.078448    844      3
 5.5905E+00   7.549945   0.522891 -27.346159   2.661188  -9.971610   0.000000   0.357915   0.000015   0.001400   0.017919      5
 4.9431E+06   1.113417   3.816772 -99.000000 -99.000000  -8.727752   0.000000   0.000011   0.000146   0.001358  0.000E+00      XHe_cntr

        168   7.550886  2.841E+04   3.820917   3.820917   9.999252   9.999252   0.629826   0.000900   0.242800  -5.088348    844      3
 5.5738E+00   7.550886   0.526035 -27.260110   2.664435  -9.965627   0.000000   0.368816   0.000015   0.001400   0.017999      5
 5.3178E+06   1.113444   3.820467 -99.000000 -99.000000  -8.731742   0.000000   0.000011   0.000146   0.001358  0.000E+00      XHe_cntr

        169   7.551831  2.836E+04   3.824495   3.824495   9.999212   9.999212   0.618903   0.000900   0.242800  -5.098270    845      3
 5.5586E+00   7.551831   0.529155 -27.175003   2.667563  -9.960222   0.000000   0.379739   0.000015   0.001400   0.018082      5
 5.6798E+06   1.113493   3.824033 -99.000000 -99.000000  -8.735702   0.000000   0.000011   0.000146   0.001358  0.000E+00      XHe_cntr


__________________________________________________________________________________________________________________________________________________

       step    lg_Tmax     Teff     lg_LH      lg_Lnuc_tot     Mass       H_rich     H_cntr     N_cntr     Y_surf   eta_cntr   zones  retry
  lg_dt_yrs    lg_Tcntr    lg_R     lg_L3a     lg_Lneu     lg_Mdot    He_core    He_cntr    O_cntr     Z_surf   gam_cntr   iters  
    age_yrs    lg_Dcntr    lg_L     lg_LZ      lg_Lphoto   lg_Dsurf   CO_core    C_cntr     Ne_cntr    Z_cntr   v_div_cs       dt_limit
__________________________________________________________________________________________________________________________________________________

        170   7.552781  2.832E+04   3.827932   3.827932   9.999174   9.999174   0.607953   0.000900   0.242800  -5.108297    842      3
 5.5435E+00   7.552781   0.532247 -27.090773   2.670564  -9.955195   0.000000   0.390688   0.000015   0.001400   0.018167      5
 6.0293E+06   1.113530   3.827456 -99.000000 -99.000000  -8.739626   0.000000   0.000011   0.000146   0.001358  0.000E+00      XHe_cntr

        171   7.553735  2.827E+04   3.831242   3.831242   9.999136   9.999136   0.596983   0.000900   0.242800  -5.118358    842      3
 5.5278E+00   7.553735   0.535313 -27.007333   2.673455  -9.950583   0.000000   0.401659   0.000015   0.001400   0.018255      5
 6.3664E+06   1.113585   3.830753 -99.000000 -99.000000  -8.743518   0.000000   0.000011   0.000146   0.001358  0.000E+00      XHe_cntr

        172   7.554683  2.823E+04   3.834447   3.834447   9.999099   9.999099   0.586163   0.000900   0.242800  -5.128339    841      3
 5.5118E+00   7.554683   0.538339 -26.925663   2.676276  -9.946336   0.000000   0.412479   0.000015   0.001400   0.018344      5
 6.6914E+06   1.113645   3.833949 -99.000000 -99.000000  -8.747361   0.000000   0.000011   0.000146   0.001358  0.000E+00      XHe_cntr

        173   7.555646  2.818E+04   3.837941   3.837941   9.999063   9.999063   0.575278   0.000900   0.242800  -5.136447    841      3
 5.4972E+00   7.555646   0.541439 -26.842935   2.679390  -9.942343   0.000000   0.423364   0.000015   0.001400   0.018448      5
 7.0056E+06   1.114577   3.837452 -12.041200 -99.000000  -8.751310   0.000000   0.000012   0.000146   0.001358  0.000E+00      XHe_cntr

        174   7.556607  2.814E+04   3.841173   3.841173   9.999028   9.999028   0.564487   0.000900   0.242800  -5.145455    848      3
 5.4831E+00   7.556607   0.544466 -26.762016   2.682268  -9.937518   0.000000   0.434155   0.000015   0.001400   0.018549      5
 7.3097E+06   1.115110   3.840664 -99.000000 -99.000000  -8.755164   0.000000   0.000012   0.000146   0.001358  0.000E+00      XHe_cntr

        175   7.557576  2.809E+04   3.844102   3.844102   9.998994   9.998994   0.553613   0.000900   0.242800  -5.155487    848      3
 5.4692E+00   7.557576   0.547434 -26.681812   2.684834  -9.933498   0.000000   0.445029   0.000015   0.001400   0.018647      5
 7.6043E+06   1.115256   3.843566 -99.000000 -99.000000  -8.758940   0.000000   0.000012   0.000146   0.001358  0.000E+00      XHe_cntr

        176   7.558547  2.804E+04   3.846972   3.846972   9.998960   9.998960   0.542827   0.000900   0.242800  -5.165290    846      3
 5.4553E+00   7.558547   0.550386 -26.602535   2.687371  -9.930373   0.000000   0.455815   0.000015   0.001400   0.018748      5
 7.8896E+06   1.115499   3.846428 -99.000000 -99.000000  -8.762700   0.000000   0.000012   0.000146   0.001358  0.000E+00      XHe_cntr

        177   7.559520  2.799E+04   3.849995   3.849995   9.998928   9.998928   0.532122   0.000900   0.242800  -5.173752    845      3
 5.4414E+00   7.559520   0.553364 -26.523387   2.690078  -9.927358   0.000000   0.466520   0.000015   0.001400   0.018860      5
 8.1659E+06   1.116326   3.849458 -99.000000 -99.000000  -8.766502   0.000000   0.000012   0.000146   0.001358  0.000E+00      XHe_cntr

        178   7.560500  2.794E+04   3.853027   3.853027   9.998896   9.998896   0.521453   0.000900   0.242800  -5.181853    849      3
 5.4293E+00   7.560500   0.556341 -26.444501   2.692806  -9.923864   0.000000   0.477189   0.000015   0.001400   0.018976      5
 8.4346E+06   1.117332   3.852485 -11.740170 -99.000000  -8.770309   0.000000   0.000012   0.000146   0.001358  0.000E+00      XHe_cntr

        179   7.561489  2.790E+04   3.856008   3.856008   9.998864   9.998864   0.510799   0.000900   0.242800  -5.189891    847      3
 5.4179E+00   7.561489   0.559310 -26.365895   2.695493  -9.920388   0.000000   0.487843   0.000015   0.001400   0.019096      5
 8.6964E+06   1.118394   3.855456 -12.041200 -99.000000  -8.774109   0.000000   0.000012   0.000146   0.001358  0.000E+00      XHe_cntr


__________________________________________________________________________________________________________________________________________________

       step    lg_Tmax     Teff     lg_LH      lg_Lnuc_tot     Mass       H_rich     H_cntr     N_cntr     Y_surf   eta_cntr   zones  retry
  lg_dt_yrs    lg_Tcntr    lg_R     lg_L3a     lg_Lneu     lg_Mdot    He_core    He_cntr    O_cntr     Z_surf   gam_cntr   iters  
    age_yrs    lg_Dcntr    lg_L     lg_LZ      lg_Lphoto   lg_Dsurf   CO_core    C_cntr     Ne_cntr    Z_cntr   v_div_cs       dt_limit
__________________________________________________________________________________________________________________________________________________

        180   7.562486  2.785E+04   3.858933   3.858933   9.998833   9.998833   0.500150   0.000900   0.242800  -5.197872    849      3
 5.4068E+00   7.562486   0.562273 -26.287462   2.698134  -9.917089   0.000000   0.498492   0.000015   0.001400   0.019220      5
 8.9515E+06   1.119514   3.858372 -99.000000 -99.000000  -8.777905   0.000000   0.000012   0.000146   0.001358  0.000E+00      XHe_cntr

        181   7.563494  2.780E+04   3.861807   3.861807   9.998803   9.998803   0.489502   0.000900   0.242800  -5.205795    847      3
 5.3959E+00   7.563494   0.565231 -26.209107   2.700732  -9.913970   0.000000   0.509140   0.000015   0.001400   0.019348      5
 9.2004E+06   1.120697   3.861235 -99.000000 -99.000000  -8.781699   0.000000   0.000012   0.000146   0.001358  0.000E+00      XHe_cntr

        182   7.564513  2.775E+04   3.864629   3.864629   9.998773   9.998773   0.478851   0.000900   0.242800  -5.213656    847      3
 5.3850E+00   7.564513   0.568183 -26.130757   2.703288  -9.911025   0.000000   0.519791   0.000015   0.001400   0.019480      5
 9.4430E+06   1.121947   3.864047 -99.000000 -99.000000  -8.785491   0.000000   0.000012   0.000146   0.001358  0.000E+00      XHe_cntr

        183   7.565544  2.770E+04   3.867400   3.867400   9.998744   9.998744   0.468196   0.000900   0.242800  -5.221456    847      3
 5.3740E+00   7.565544   0.571131 -26.052347   2.705802  -9.908251   0.000000   0.530446   0.000015   0.001400   0.019616      5
 9.6796E+06   1.123264   3.866808 -11.740170 -99.000000  -8.789280   0.000000   0.000012   0.000146   0.001358  0.000E+00      XHe_cntr

        184   7.566587  2.765E+04   3.870125   3.870125   9.998715   9.998715   0.457536   0.000900   0.242800  -5.229160    848      3
 5.3630E+00   7.566587   0.574074 -25.973802   2.708278  -9.905648   0.000000   0.541106   0.000014   0.001400   0.019758      5
 9.9103E+06   1.124666   3.869523 -12.041200 -99.000000  -8.793068   0.000000   0.000012   0.000146   0.001358  0.000E+00      XHe_cntr

        185   7.567643  2.760E+04   3.872833   3.872833   9.998687   9.998687   0.446870   0.000900   0.242800  -5.236551    847      3
 5.3520E+00   7.567643   0.577017 -25.894967   2.710746  -9.903198   0.000000   0.551772   0.000014   0.001400   0.019905      5
 1.0135E+07   1.126247   3.872224 -11.564079 -99.000000  -8.796863   0.000000   0.000012   0.000146   0.001358  0.000E+00      XHe_cntr

        186   7.568712  2.755E+04   3.875514   3.875514   9.998660   9.998660   0.436198   0.000900   0.242800  -5.243714    847      3
 5.3408E+00   7.568712   0.579959 -25.815819   2.713196  -9.900812   0.000000   0.562444   0.000014   0.001400   0.020059      5
 1.0354E+07   1.127974   3.874897 -11.564079 -99.000000  -8.800659   0.000000   0.000012   0.000146   0.001358  0.000E+00      XHe_cntr

        187   7.569795  2.749E+04   3.878024   3.878024   9.998633   9.998633   0.425574   0.000900   0.242800  -5.251759    848      3
 5.3295E+00   7.569795   0.582859 -25.737101   2.715482  -9.898528   0.000000   0.573068   0.000014   0.001400   0.020210      5
 1.0568E+07   1.129347   3.877385 -99.000000 -99.000000  -8.804407   0.000000   0.000012   0.000146   0.001358  0.000E+00      XHe_cntr

        188   7.570890  2.744E+04   3.880416   3.880416   9.998606   9.998606   0.414988   0.000900   0.242800  -5.260255    850      3
 5.3187E+00   7.570890   0.585736 -25.658535   2.717656  -9.896776   0.000000   0.583654   0.000014   0.001400   0.020362      5
 1.0776E+07   1.130557   3.879760 -99.000000 -99.000000  -8.808129   0.000000   0.000012   0.000146   0.001358  0.000E+00      XHe_cntr

        189   7.571986  2.739E+04   3.883267   3.883267   9.998580   9.998580   0.404411   0.000900   0.242800  -5.264363    852      3
 5.3087E+00   7.571986   0.588726 -25.578132   2.720310  -9.895365   0.000000   0.594231   0.000014   0.001400   0.020549      5
 1.0980E+07   1.133692   3.882658 -99.000000 -99.000000  -8.812007   0.000000   0.000012   0.000146   0.001358  0.000E+00      XHe_cntr


__________________________________________________________________________________________________________________________________________________

       step    lg_Tmax     Teff     lg_LH      lg_Lnuc_tot     Mass       H_rich     H_cntr     N_cntr     Y_surf   eta_cntr   zones  retry
  lg_dt_yrs    lg_Tcntr    lg_R     lg_L3a     lg_Lneu     lg_Mdot    He_core    He_cntr    O_cntr     Z_surf   gam_cntr   iters  
    age_yrs    lg_Dcntr    lg_L     lg_LZ      lg_Lphoto   lg_Dsurf   CO_core    C_cntr     Ne_cntr    Z_cntr   v_div_cs       dt_limit
__________________________________________________________________________________________________________________________________________________

        190   7.573116  2.734E+04   3.885705   3.885705   9.998555   9.998555   0.393840   0.000900   0.242800  -5.272240    851      3
 5.2989E+00   7.573116   0.591612 -25.498381   2.722545  -9.892485   0.000000   0.604802   0.000014   0.001400   0.020715      5
 1.1179E+07   1.135267   3.885037 -99.000000 -99.000000  -8.815752   0.000000   0.000012   0.000146   0.001358  0.000E+00      XHe_cntr

        191   7.574262  2.729E+04   3.888159   3.888159   9.998530   9.998530   0.383216   0.000900   0.242800  -5.278989    854      3
 5.2892E+00   7.574262   0.594525 -25.417588   2.724806  -9.891111   0.000000   0.615426   0.000014   0.001400   0.020896      5
 1.1373E+07   1.137397   3.887493 -99.000000 -99.000000  -8.819538   0.000000   0.000012   0.000146   0.001358  0.000E+00      XHe_cntr

        192   7.575434  2.723E+04   3.890548   3.890548   9.998505   9.998505   0.372547   0.000900   0.242800  -5.286059    853      3
 5.2790E+00   7.575434   0.597428 -25.335951   2.727007  -9.889554   0.000000   0.626095   0.000014   0.001400   0.021080      5
 1.1564E+07   1.139466   3.889866 -99.000000 -99.000000  -8.823315   0.000000   0.000012   0.000146   0.001358  0.000E+00      XHe_cntr

        193   7.576626  2.718E+04   3.892807   3.892807   9.998481   9.998481   0.361911   0.000900   0.242800  -5.293802    854      3
 5.2680E+00   7.576626   0.600298 -25.254106   2.729083  -9.888269   0.000000   0.636731   0.000014   0.001400   0.021265      5
 1.1749E+07   1.141290   3.892105 -12.041200 -99.000000  -8.827055   0.000000   0.000012   0.000146   0.001358  0.000E+00      XHe_cntr

        194   7.577845  2.712E+04   3.895190   3.895190   9.998458   9.998458   0.351125   0.000900   0.242800  -5.299660    854      3
 5.2570E+00   7.577845   0.603209 -25.170021   2.731292  -9.887372   0.000000   0.647518   0.000014   0.001400   0.021473      5
 1.1930E+07   1.144047   3.894497 -12.041200 -99.000000  -8.830855   0.000000   0.000012   0.000146   0.001358  0.000E+00      XHe_cntr

        195   7.579083  2.707E+04   3.897562   3.897562   9.998435   9.998435   0.340390   0.000900   0.242800  -5.305273    855      3
 5.2448E+00   7.579083   0.606103 -25.085356   2.733498  -9.886074   0.000000   0.658252   0.000014   0.001400   0.021689      5
 1.2105E+07   1.146949   3.896860 -11.564079 -99.000000  -8.834639   0.000000   0.000012   0.000146   0.001358  0.000E+00      XHe_cntr

        196   7.580352  2.702E+04   3.899733   3.899733   9.998413   9.998413   0.329664   0.000900   0.242800  -5.312311    854      3
 5.2320E+00   7.580352   0.608938 -25.000244   2.735507  -9.884851   0.000000   0.668978   0.000014   0.001400   0.021900      5
 1.2276E+07   1.149305   3.899000 -99.000000 -99.000000  -8.838350   0.000000   0.000012   0.000146   0.001358  0.000E+00      XHe_cntr

        197   7.581662  2.696E+04   3.901613   3.901613   9.998391   9.998391   0.318927   0.000900   0.242800  -5.321768    854      3
 5.2199E+00   7.581662   0.611702 -24.914608   2.737225  -9.884254   0.000000   0.679715   0.000014   0.001400   0.022101      5
 1.2442E+07   1.150707   3.900834 -12.041200 -99.000000  -8.841975   0.000000   0.000013   0.000146   0.001358  0.000E+00      XHe_cntr

        198   7.582950  2.691E+04   3.903919   3.903919   9.998370   9.998370   0.308303   0.000900   0.242800  -5.325089    854      3
 5.2076E+00   7.582950   0.614556 -24.827629   2.739391  -9.884538   0.000000   0.690339   0.000014   0.001400   0.022352      5
 1.2603E+07   1.154727   3.903212 -99.000000 -99.000000  -8.845721   0.000000   0.000013   0.000146   0.001358  0.000E+00      XHe_cntr

        199   7.584320  2.685E+04   3.905906   3.905906   9.998350   9.998350   0.297508   0.000900   0.242800  -5.332868    854      3
 5.1964E+00   7.584320   0.617316 -24.738664   2.741230  -9.883219   0.000000   0.701134   0.000014   0.001400   0.022582      5
 1.2760E+07   1.157025   3.905125 -99.000000 -99.000000  -8.849351   0.000000   0.000013   0.000146   0.001358  0.000E+00      XHe_cntr


__________________________________________________________________________________________________________________________________________________

       step    lg_Tmax     Teff     lg_LH      lg_Lnuc_tot     Mass       H_rich     H_cntr     N_cntr     Y_surf   eta_cntr   zones  retry
  lg_dt_yrs    lg_Tcntr    lg_R     lg_L3a     lg_Lneu     lg_Mdot    He_core    He_cntr    O_cntr     Z_surf   gam_cntr   iters  
    age_yrs    lg_Dcntr    lg_L     lg_LZ      lg_Lphoto   lg_Dsurf   CO_core    C_cntr     Ne_cntr    Z_cntr   v_div_cs       dt_limit
__________________________________________________________________________________________________________________________________________________

        200   7.585723  2.679E+04   3.907767   3.907767   9.998330   9.998330   0.286687   0.000900   0.242800  -5.340627    859      3
 5.1843E+00   7.585723   0.620050 -24.648342   2.742951  -9.883261   0.000000   0.711955   0.000014   0.001400   0.022821      5
 1.2913E+07   1.159419   3.906973 -99.000000 -99.000000  -8.852952   0.000000   0.000013   0.000146   0.001358  0.000E+00      XHe_cntr

save LOGS/profile5.data for model 200
save photos/x200 for model 200
        201   7.587143  2.674E+04   3.909750   3.909750   9.998310   9.998310   0.275881   0.000900   0.242800  -5.345903    861      3
 5.1704E+00   7.587143   0.622788 -24.556313   2.744805  -9.883481   0.000000   0.722761   0.000013   0.001400   0.023087      5
 1.3061E+07   1.162942   3.908979 -11.740170 -99.000000  -8.856563   0.000000   0.000013   0.000146   0.001358  0.000E+00      XHe_cntr

        202   7.588585  2.669E+04   3.911749   3.911749   9.998291   9.998291   0.265213   0.000900   0.242800  -5.350680    862      3
 5.1569E+00   7.588585   0.625493 -24.463526   2.746683  -9.883195   0.000000   0.733430   0.000013   0.001400   0.023362      5
 1.3205E+07   1.166698   3.910977 -99.000000 -99.000000  -8.860133   0.000000   0.000013   0.000146   0.001358  0.000E+00      XHe_cntr

        203   7.590073  2.664E+04   3.913691   3.913691   9.998273   9.998273   0.254507   0.000900   0.242800  -5.355530    861      3
 5.1449E+00   7.590073   0.628162 -24.368660   2.748508  -9.882871   0.000000   0.744136   0.000013   0.001400   0.023648      5
 1.3344E+07   1.170536   3.912909 -99.000000 -99.000000  -8.863662   0.000000   0.000013   0.000146   0.001358  0.000E+00      XHe_cntr

        204   7.591609  2.658E+04   3.915483   3.915483   9.998255   9.998255   0.243884   0.000900   0.242800  -5.361837    861      3
 5.1334E+00   7.591609   0.630770 -24.272607   2.750186  -9.882701   0.000000   0.754758   0.000013   0.001400   0.023929      5
 1.3480E+07   1.173817   3.914674 -99.000000 -99.000000  -8.867117   0.000000   0.000013   0.000146   0.001358  0.000E+00      XHe_cntr

        205   7.593192  2.653E+04   3.917271   3.917271   9.998238   9.998238   0.233194   0.000900   0.242800  -5.367059    863      3
 5.1223E+00   7.593192   0.633361 -24.173807   2.751866  -9.882968   0.000000   0.765448   0.000013   0.001400   0.024231      5
 1.3613E+07   1.177695   3.916470 -99.000000 -99.000000  -8.870551   0.000000   0.000013   0.000146   0.001358  0.000E+00      XHe_cntr

        206   7.594866  2.648E+04   3.918836   3.918836   9.998221   9.998221   0.222431   0.000900   0.242800  -5.375593    867      3
 5.1113E+00   7.594866   0.635876 -24.071929   2.753323  -9.883107   0.000000   0.776211   0.000013   0.001400   0.024519      5
 1.3742E+07   1.180334   3.917983 -99.000000 -99.000000  -8.873892   0.000000   0.000013   0.000146   0.001358  0.000E+00      XHe_cntr

        207   7.596574  2.643E+04   3.920503   3.920503   9.998205   9.998205   0.211625   0.000900   0.242800  -5.380461    869      3
 5.0988E+00   7.596574   0.638385 -23.967031   2.754894  -9.884040   0.000000   0.787017   0.000013   0.001400   0.024850      5
 1.3868E+07   1.184662   3.919698 -99.000000 -99.000000  -8.877227   0.000000   0.000013   0.000146   0.001358  0.000E+00      XHe_cntr

        208   7.598343  2.638E+04   3.922242   3.922242   9.998189   9.998189   0.200794   0.000900   0.242800  -5.384123    869      3
 5.0855E+00   7.598343   0.640853 -23.858661   2.756543  -9.884284   0.000000   0.797849   0.000013   0.001400   0.025205      5
 1.3989E+07   1.189650   3.921454 -11.740170 -99.000000  -8.880508   0.000000   0.000013   0.000146   0.001358  0.000E+00      XHe_cntr

        209   7.600164  2.633E+04   3.923959   3.923959   9.998173   9.998173   0.190097   0.000900   0.242800  -5.387403    868      3
 5.0718E+00   7.600164   0.643252 -23.748076   2.758176  -9.884304   0.000000   0.808545   0.000013   0.001400   0.025571      5
 1.4107E+07   1.194868   3.923181 -99.000000 -99.000000  -8.883702   0.000000   0.000013   0.000146   0.001358  0.000E+00      XHe_cntr


__________________________________________________________________________________________________________________________________________________

       step    lg_Tmax     Teff     lg_LH      lg_Lnuc_tot     Mass       H_rich     H_cntr     N_cntr     Y_surf   eta_cntr   zones  retry
  lg_dt_yrs    lg_Tcntr    lg_R     lg_L3a     lg_Lneu     lg_Mdot    He_core    He_cntr    O_cntr     Z_surf   gam_cntr   iters  
    age_yrs    lg_Dcntr    lg_L     lg_LZ      lg_Lphoto   lg_Dsurf   CO_core    C_cntr     Ne_cntr    Z_cntr   v_div_cs       dt_limit
__________________________________________________________________________________________________________________________________________________

        210   7.602052  2.629E+04   3.925613   3.925613   9.998158   9.998158   0.179504   0.000900   0.242800  -5.390991    871      3
 5.0592E+00   7.602052   0.645577 -23.634729   2.759750  -9.884267   0.000000   0.819139   0.000013   0.001400   0.025944      5
 1.4222E+07   1.200051   3.924839 -99.000000 -99.000000  -8.886800   0.000000   0.000013   0.000146   0.001357  0.000E+00      XHe_cntr

        211   7.604022  2.624E+04   3.927214   3.927214   9.998144   9.998144   0.168963   0.000900   0.242800  -5.394573    869      3
 5.0488E+00   7.604022   0.647833 -23.517666   2.761277  -9.884300   0.000000   0.829680   0.000013   0.001400   0.026329      5
 1.4334E+07   1.205376   3.926453 -99.000000 -99.000000  -8.889809   0.000000   0.000013   0.000146   0.001357  0.000E+00      XHe_cntr

        212   7.606081  2.620E+04   3.928806   3.928806   9.998130   9.998130   0.158448   0.000900   0.242800  -5.397544    869      3
 5.0394E+00   7.606081   0.650025 -23.396101   2.762799  -9.884322   0.000000   0.840194   0.000013   0.001400   0.026733      5
 1.4443E+07   1.211127   3.928071 -99.000000 -99.000000  -8.892734   0.000000   0.000014   0.000146   0.001357  0.000E+00      XHe_cntr

        213   7.608252  2.616E+04   3.930474   3.930474   9.998116   9.998116   0.147788   0.000900   0.242800  -5.398004    868      3
 5.0306E+00   7.608252   0.652163 -23.267763   2.764405  -9.884187   0.000000   0.850855   0.000012   0.001400   0.027181      5
 1.4551E+07   1.218227   3.929798 -99.000000 -99.000000  -8.895586   0.000000   0.000014   0.000146   0.001357  0.000E+00      XHe_cntr

        214   7.610550  2.613E+04   3.932126   3.932126   9.998102   9.998102   0.137177   0.000900   0.242800  -5.398612    868      3
 5.0204E+00   7.610550   0.654198 -23.133495   2.765999  -9.883554   0.000000   0.861466   0.000012   0.001400   0.027643      5
 1.4656E+07   1.225473   3.931482 -99.000000 -99.000000  -8.898301   0.000000   0.000014   0.000146   0.001357  0.000E+00      XHe_cntr

        215   7.612992  2.609E+04   3.933696   3.933696   9.998088   9.998088   0.126631   0.000900   0.242800  -5.399861    869      3
 5.0096E+00   7.612992   0.656101 -22.992730   2.767516  -9.882820   0.000000   0.872012   0.000012   0.001400   0.028112      5
 1.4758E+07   1.232671   3.933087 -99.000000 -99.000000  -8.900843   0.000000   0.000014   0.000146   0.001357  0.000E+00      XHe_cntr

        216   7.615597  2.607E+04   3.935210   3.935210   9.998075   9.998075   0.116120   0.000900   0.242800  -5.400978    871      3
 5.0001E+00   7.615597   0.657864 -22.844052   2.768981  -9.882039   0.000000   0.882522   0.000012   0.001400   0.028599      5
 1.4858E+07   1.240200   3.934660 -99.000000 -99.000000  -8.903196   0.000000   0.000014   0.000146   0.001357  0.000E+00      XHe_cntr

        217   7.618402  2.604E+04   3.936674   3.936674   9.998062   9.998062   0.105631   0.000900   0.242800  -5.402254    872      3
 4.9913E+00   7.618402   0.659461 -22.685573   2.770404  -9.881023   0.000000   0.893011   0.000012   0.001400   0.029099      5
 1.4956E+07   1.247991   3.936197 -11.439140 -99.000000  -8.905325   0.000000   0.000014   0.000146   0.001357  0.000E+00      XHe_cntr

        218   7.621447  2.602E+04   3.938208   3.938208   9.998050   9.287053   0.094996   0.000900   0.242800  -5.399910    873      3
 4.9829E+00   7.621447   0.660880 -22.513745   2.771904  -9.879719   0.710997   0.903647   0.000012   0.001400   0.029662      5
 1.5052E+07   1.257813   3.937881 -99.000000 -99.000000  -8.907212   0.000000   0.000014   0.000146   0.001357  0.000E+00      XHe_cntr

        219   7.624809  2.601E+04   3.939785   3.939785   9.998037   9.287040   0.084253   0.000900   0.242800  -5.395862    874      3
 4.9731E+00   7.624809   0.662041 -22.325556   2.773457  -9.877469   0.710997   0.914390   0.000012   0.001400   0.030268      5
 1.5146E+07   1.268937   3.939621 -11.263049 -99.000000  -8.908747   0.000000   0.000014   0.000146   0.001357  0.000E+00      XHe_cntr


__________________________________________________________________________________________________________________________________________________

       step    lg_Tmax     Teff     lg_LH      lg_Lnuc_tot     Mass       H_rich     H_cntr     N_cntr     Y_surf   eta_cntr   zones  retry
  lg_dt_yrs    lg_Tcntr    lg_R     lg_L3a     lg_Lneu     lg_Mdot    He_core    He_cntr    O_cntr     Z_surf   gam_cntr   iters  
    age_yrs    lg_Dcntr    lg_L     lg_LZ      lg_Lphoto   lg_Dsurf   CO_core    C_cntr     Ne_cntr    Z_cntr   v_div_cs       dt_limit
__________________________________________________________________________________________________________________________________________________

        220   7.628494  2.602E+04   3.941352   3.941352   9.998025   9.261846   0.073656   0.000900   0.242800  -5.390535    874      3
 4.9611E+00   7.628494   0.662877 -22.121374   2.775010  -9.874382   0.736179   0.924987   0.000012   0.001400   0.030898      5
 1.5237E+07   1.281088   3.941385 -99.000000 -99.000000  -8.909840   0.000000   0.000014   0.000146   0.001357  0.000E+00      XHe_cntr

        221   7.632485  2.603E+04   3.942860   3.942860   9.998013   9.261835   0.063453   0.000900   0.242800  -5.383901    875      3
 4.9395E+00   7.632485   0.663302 -21.902531   2.776515  -9.870396   0.736179   0.935190   0.000012   0.001400   0.031537      5
 1.5324E+07   1.294152   3.943148 -11.740170 -99.000000  -8.910378   0.000000   0.000015   0.000146   0.001357  0.000E+00    lg_XH_cntr

        222   7.636642  2.606E+04   3.944293   3.944293   9.998003   9.258176   0.054059   0.000900   0.242800  -5.374462    874      3
 4.9000E+00   7.636642   0.663276 -21.676158   2.777958  -9.865383   0.739827   0.944584   0.000011   0.001400   0.032173      5
 1.5404E+07   1.308390   3.944926 -99.000000 -99.000000  -8.910304   0.000000   0.000015   0.000146   0.001357  0.000E+00    lg_XH_cntr

        223   7.640855  2.610E+04   3.945610   3.945610   9.997993   9.258166   0.045723   0.000899   0.242800  -5.363237    878      3
 4.8459E+00   7.640855   0.662799 -21.448593   2.779298  -9.859192   0.739827   0.952919   0.000011   0.001400   0.032776      5
 1.5474E+07   1.323083   3.946655 -99.000000 -99.000000  -8.909624   0.000000   0.000015   0.000146   0.001357  0.000E+00    lg_XH_cntr

        224   7.645055  2.615E+04   3.946764   3.946764   9.997984   9.258158   0.038505   0.000899   0.242800  -5.351333    882      3
 4.7829E+00   7.645055   0.661913 -21.224014   2.780487  -9.852049   0.739827   0.960138   0.000011   0.001400   0.033323      5
 1.5535E+07   1.337609   3.948290 -11.439140 -99.000000  -8.908396   0.000000   0.000015   0.000146   0.001357  0.000E+00    lg_XH_cntr

        225   7.649153  2.621E+04   3.947774   3.947774   9.997977   9.258150   0.032358   0.000899   0.242800  -5.337900    884      3
 4.7146E+00   7.649153   0.660712 -21.006176   2.781542  -9.844225   0.739827   0.966285   0.000011   0.001400   0.033824      5
 1.5586E+07   1.352215   3.949869 -11.439140 -99.000000  -8.906749   0.000000   0.000015   0.000146   0.001357  0.000E+00    lg_XH_cntr

        226   7.653124  2.628E+04   3.948664   3.948664   9.997970   9.258144   0.027094   0.000899   0.242800  -5.321560    884      3
 4.6434E+00   7.653124   0.659273 -20.795348   2.782487  -9.835832   0.739827   0.971549   0.000011   0.001400   0.034303      5
 1.5630E+07   1.367533   3.951461 -11.439140 -99.000000  -8.904789   0.000000   0.000016   0.000146   0.001357  0.000E+00    lg_XH_cntr

        227   7.656882  2.635E+04   3.949507   3.949507   9.997965   9.258138   0.022719   0.000899   0.242800  -5.304403    885      3
 4.5694E+00   7.656882   0.657702 -20.596024   2.783393  -9.826828   0.739827   0.975924   0.000011   0.001400   0.034735      5
 1.5668E+07   1.382515   3.953000 -11.439140 -99.000000  -8.902659   0.000000   0.000016   0.000146   0.001357  0.000E+00    lg_XH_cntr

        228   7.660425  2.642E+04   3.950263   3.950263   9.997960   9.229068   0.019106   0.000899   0.242800  -5.287202    885      3
 4.4948E+00   7.660425   0.656073 -20.409629   2.784213  -9.817709   0.768892   0.979537   0.000011   0.001400   0.035118      5
 1.5699E+07   1.396876   3.954467 -99.000000 -99.000000  -8.900462   0.000000   0.000016   0.000146   0.001357  0.000E+00    lg_XH_cntr

        229   7.663692  2.649E+04   3.950949   3.950949   9.997956   9.250833   0.016095   0.000899   0.242800  -5.267774    884      3
 4.4230E+00   7.663692   0.654467 -20.237135   2.784969  -9.808725   0.747123   0.982548   0.000011   0.001400   0.035490      5
 1.5725E+07   1.411530   3.955920 -99.000000 -99.000000  -8.898306   0.000000   0.000016   0.000146   0.001357  0.000E+00    lg_XH_cntr


__________________________________________________________________________________________________________________________________________________

       step    lg_Tmax     Teff     lg_LH      lg_Lnuc_tot     Mass       H_rich     H_cntr     N_cntr     Y_surf   eta_cntr   zones  retry
  lg_dt_yrs    lg_Tcntr    lg_R     lg_L3a     lg_Lneu     lg_Mdot    He_core    He_cntr    O_cntr     Z_surf   gam_cntr   iters  
    age_yrs    lg_Dcntr    lg_L     lg_LZ      lg_Lphoto   lg_Dsurf   CO_core    C_cntr     Ne_cntr    Z_cntr   v_div_cs       dt_limit
__________________________________________________________________________________________________________________________________________________

        230   7.666618  2.656E+04   3.951737   3.951737   9.997952   9.250830   0.013657   0.000899   0.242800  -5.247066    885      3
 4.3534E+00   7.666618   0.652971 -20.081855   2.785827  -9.799874   0.747123   0.984986   0.000010   0.001400   0.035845      5
 1.5748E+07   1.425982   3.957321 -99.000000 -99.000000  -8.896305   0.000000   0.000016   0.000146   0.001357  0.000E+00    lg_XH_cntr

        231   7.669248  2.662E+04   3.952504   3.952504   9.997949   9.250827   0.011614   0.000899   0.242800  -5.224321    889      3
 4.2890E+00   7.669248   0.651603 -19.940854   2.786665  -9.791495   0.747123   0.987029   0.000010   0.001400   0.036203      5
 1.5767E+07   1.440701   3.958718 -11.263049 -99.000000  -8.894482   0.000000   0.000016   0.000146   0.001357  0.000E+00    lg_XH_cntr

        232   7.671620  2.668E+04   3.953401   3.953401   9.997947   9.250824   0.009917   0.000899   0.242800  -5.201316    890      3
 4.2294E+00   7.671620   0.650374 -19.812988   2.787630  -9.783463   0.747123   0.988727   0.000010   0.001400   0.036547      5
 1.5784E+07   1.454995   3.960072 -99.000000 -99.000000  -8.892851   0.000000   0.000016   0.000146   0.001357  0.000E+00    lg_XH_cntr

        233   7.673720  2.673E+04   3.954366   3.954366   9.997944   9.250821   0.008504   0.000899   0.242800  -5.177942    892      3
 4.1729E+00   7.673720   0.649296 -19.698691   2.788659  -9.775932   0.747123   0.990139   0.000010   0.001400   0.036882      5
 1.5799E+07   1.468915   3.961364 -99.000000 -99.000000  -8.891427   0.000000   0.000016   0.000146   0.001357  0.000E+00    lg_XH_cntr

        234   7.675551  2.678E+04   3.955371   3.955371   9.997942   9.250819   0.007305   0.000899   0.242800  -5.153373    892      3
 4.1213E+00   7.675551   0.648376 -19.597155   2.789726  -9.768992   0.747123   0.991339   0.000010   0.001400   0.037227      5
 1.5812E+07   1.482855   3.962608 -99.000000 -99.000000  -8.890215   0.000000   0.000017   0.000146   0.001357  0.000E+00    lg_XH_cntr

        235   7.677080  2.682E+04   3.956504   3.956504   9.997940   9.207051   0.006288   0.000899   0.242800  -5.127036    893      3
 4.0727E+00   7.677080   0.647632 -19.509604   2.790916  -9.762600   0.790889   0.992356   0.000010   0.001400   0.037591      5
 1.5824E+07   1.497024   3.963800 -99.000000 -99.000000  -8.889240   0.000000   0.000017   0.000146   0.001357  0.000E+00    lg_XH_cntr

        236   7.678261  2.685E+04   3.957805   3.957805   9.997938   9.207049   0.005428   0.000898   0.242800  -5.098412    893      3
 4.0260E+00   7.678261   0.647083 -19.437736   2.792269  -9.756815   0.790889   0.993216   0.000010   0.001400   0.037988      5
 1.5835E+07   1.511590   3.964929 -11.138110 -99.000000  -8.888523   0.000000   0.000017   0.000146   0.001357  0.000E+00    lg_XH_cntr

        237   7.679072  2.688E+04   3.959150   3.959150   9.997936   9.207047   0.004665   0.000898   0.242800  -5.066097    894      3
 3.9824E+00   7.679072   0.646733 -19.381769   2.793662  -9.751710   0.790889   0.993979   0.000010   0.001400   0.038442      5
 1.5844E+07   1.527153   3.966026 -11.439140 -99.000000  -8.888071   0.000000   0.000017   0.000146   0.001357  0.000E+00    lg_XH_cntr

        238   7.679443  2.690E+04   3.960728   3.960728   9.997935   9.207046   0.003999   0.000898   0.242800  -5.029904    896      3
 3.9370E+00   7.679443   0.646595 -19.344847   2.795280  -9.747190   0.790889   0.994645   0.000010   0.001400   0.038961      5
 1.5853E+07   1.543685   3.967066 -11.439140 -99.000000  -8.887898   0.000000   0.000017   0.000146   0.001357  0.000E+00    lg_XH_cntr

        239   7.679302  2.692E+04   3.962530   3.962530   9.997933   9.207044   0.003423   0.000898   0.242800  -4.989961    901      3
 3.8869E+00   7.679302   0.646669 -19.330242   2.797113  -9.743364   0.790889   0.995221   0.000010   0.001400   0.039550      5
 1.5861E+07   1.561027   3.968017 -99.000000 -99.000000  -8.888002   0.000000   0.000017   0.000146   0.001357  0.000E+00    lg_XH_cntr


__________________________________________________________________________________________________________________________________________________

       step    lg_Tmax     Teff     lg_LH      lg_Lnuc_tot     Mass       H_rich     H_cntr     N_cntr     Y_surf   eta_cntr   zones  retry
  lg_dt_yrs    lg_Tcntr    lg_R     lg_L3a     lg_Lneu     lg_Mdot    He_core    He_cntr    O_cntr     Z_surf   gam_cntr   iters  
    age_yrs    lg_Dcntr    lg_L     lg_LZ      lg_Lphoto   lg_Dsurf   CO_core    C_cntr     Ne_cntr    Z_cntr   v_div_cs       dt_limit
__________________________________________________________________________________________________________________________________________________

        240   7.678613  2.692E+04   3.964558   3.964558   9.997932   9.207043   0.002939   0.000898   0.242800  -4.946888    903      3
 3.8352E+00   7.678613   0.646936 -19.339858   2.799163  -9.740332   0.790889   0.995704   0.000010   0.001400   0.040205      5
 1.5868E+07   1.578853   3.968862 -99.000000 -99.000000  -8.888359   0.000000   0.000017   0.000146   0.001357  0.000E+00    lg_XH_cntr

        241   7.677352  2.692E+04   3.966676   3.966676   9.997931   9.207042   0.002526   0.000898   0.242800  -4.900802    905      3
 3.7851E+00   7.677352   0.647369 -19.374470   2.801294  -9.738116   0.790889   0.996117   0.000010   0.001400   0.040931      5
 1.5874E+07   1.597086   3.969607 -99.000000 -99.000000  -8.888932   0.000000   0.000017   0.000146   0.001357  0.000E+00    lg_XH_cntr

        242   7.675496  2.691E+04   3.968826   3.968826   9.997930   9.207041   0.002179   0.000898   0.242800  -4.852184    910      3
 3.7375E+00   7.675496   0.647935 -19.433838   2.803450  -9.736621   0.790889   0.996465   0.000010   0.001400   0.041725      5
 1.5879E+07   1.615484   3.970269 -99.000000 -99.000000  -8.889679   0.000000   0.000017   0.000146   0.001357  0.000E+00    lg_XH_cntr

        243   7.673068  2.690E+04   3.970877   3.970877   9.997929   9.207040   0.001880   0.000898   0.242800  -4.801264    909      3
 3.6923E+00   7.673068   0.648599 -19.517113   2.805500  -9.735721   0.790889   0.996763   0.000010   0.001400   0.042590      5
 1.5884E+07   1.633988   3.970870 -99.000000 -99.000000  -8.890553   0.000000   0.000017   0.000146   0.001357  0.000E+00    lg_XH_cntr

        244   7.670054  2.689E+04   3.972746   3.972746   9.997928   9.207039   0.001629   0.000898   0.242800  -4.748645    913      3
 3.6496E+00   7.670054   0.649326 -19.620427   2.807365  -9.735253   0.790889   0.997015   0.000010   0.001400   0.043520      5
 1.5889E+07   1.652316   3.971437 -11.439140 -99.000000  -8.891511   0.000000   0.000017   0.000146   0.001357  0.000E+00    lg_XH_cntr

        245   7.666437  2.687E+04   3.974365   3.974365   9.997927   9.207038   0.001411   0.000898   0.242800  -4.694596    909      3
 3.6096E+00   7.666437   0.650086 -19.736088   2.808977  -9.735054   0.790889   0.997233   0.000010   0.001400   0.044518      5
 1.5893E+07   1.670332   3.971989 -11.138110 -99.000000  -8.892512   0.000000   0.000017   0.000146   0.001357  0.000E+00    lg_XH_cntr

        246   7.662287  2.686E+04   3.975689   3.975689   9.997927   9.207038   0.001232   0.000898   0.242800  -4.640174    905      3
 3.5715E+00   7.662287   0.650852 -19.848696   2.810294  -9.734981   0.790889   0.997411   0.000010   0.001400   0.045568      5
 1.5896E+07   1.687682   3.972545 -11.263049 -99.000000  -8.893520   0.000000   0.000017   0.000146   0.001357  0.000E+00    lg_XH_cntr

        247   7.658121  2.684E+04   3.976737   3.976737   9.997926   9.207037   0.001071   0.000898   0.242800  -4.589337    906      3
 3.5392E+00   7.658121   0.651607 -19.947663   2.811334  -9.734909   0.790889   0.997572   0.000010   0.001400   0.046585      5
 1.5900E+07   1.703445   3.973117 -11.439140 -99.000000  -8.894516   0.000000   0.000017   0.000146   0.001357  0.000E+00    lg_XH_cntr

        248   7.654618  2.683E+04   3.977559   3.977559   9.997925   9.207036   0.000948   0.000898   0.242800  -4.545214    903      3
 3.5087E+00   7.654618   0.652337 -20.032108   2.812150  -9.734759   0.790889   0.997695   0.000010   0.001400   0.047478      5
 1.5903E+07   1.717287   3.973706 -11.439140 -99.000000  -8.895478   0.000000   0.000017   0.000146   0.001357  0.000E+00    lg_XH_cntr

        249   7.651573  2.682E+04   3.978241   3.978241   9.997925   9.207036   0.000850   0.000899   0.242800  -4.506245    903      3
 3.4890E+00   7.651573   0.653046 -20.104903   2.812826  -9.734495   0.790889   0.997794   0.000010   0.001400   0.048276      5
 1.5906E+07   1.729581   3.974316 -99.000000 -99.000000  -8.896414   0.000000   0.000017   0.000146   0.001357  0.000E+00    lg_XH_cntr


__________________________________________________________________________________________________________________________________________________

       step    lg_Tmax     Teff     lg_LH      lg_Lnuc_tot     Mass       H_rich     H_cntr     N_cntr     Y_surf   eta_cntr   zones  retry
  lg_dt_yrs    lg_Tcntr    lg_R     lg_L3a     lg_Lneu     lg_Mdot    He_core    He_cntr    O_cntr     Z_surf   gam_cntr   iters  
    age_yrs    lg_Dcntr    lg_L     lg_LZ      lg_Lphoto   lg_Dsurf   CO_core    C_cntr     Ne_cntr    Z_cntr   v_div_cs       dt_limit
__________________________________________________________________________________________________________________________________________________

        250   7.648304  2.680E+04   3.978948   3.978948   9.997924   9.207035   0.000752   0.000899   0.242800  -4.464258    903      3
 3.5682E+00   7.648304   0.653892 -20.180601   2.813526  -9.734110   0.790889   0.997891   0.000010   0.001400   0.049150      5
 1.5910E+07   1.742836   3.975100 -99.000000 -99.000000  -8.897532   0.000000   0.000017   0.000146   0.001357  0.000E+00  max increase

save LOGS/profile6.data for model 250
save photos/x250 for model 250
        251   7.644905  2.679E+04   3.979713   3.979713   9.997923   9.207034   0.000657   0.000899   0.242800  -4.419653    903      3
 3.6473E+00   7.644905   0.654876 -20.258186   2.814283  -9.733463   0.790889   0.997987   0.000010   0.001400   0.050090      5
 1.5914E+07   1.757023   3.976079 -99.000000 -99.000000  -8.898831   0.000000   0.000017   0.000146   0.001357  0.000E+00    lg_XH_cntr

        252   7.642183  2.677E+04   3.980371   3.980371   9.997923   9.207034   0.000585   0.000899   0.242800  -4.383309    905      3
 3.6037E+00   7.642183   0.655725 -20.319235   2.814935  -9.732487   0.790889   0.998059   0.000010   0.001400   0.050866      5
 1.5918E+07   1.768652   3.976962 -99.000000 -99.000000  -8.899953   0.000000   0.000016   0.000146   0.001357  0.000E+00    lg_XH_cntr

        253   7.639802  2.676E+04   3.980979   3.980979   9.997922   9.207033   0.000524   0.000899   0.242800  -4.350979    907      3
 3.5957E+00   7.639802   0.656511 -20.371779   2.815536  -9.731512   0.790889   0.998119   0.000010   0.001400   0.051563      5
 1.5922E+07   1.779052   3.977805 -99.000000 -99.000000  -8.900993   0.000000   0.000016   0.000146   0.001357  0.000E+00    lg_XH_cntr

        254   7.637297  2.675E+04   3.981649   3.981649   9.997921   9.207032   0.000463   0.000899   0.242800  -4.316284    907      3
 3.6749E+00   7.637297   0.657381 -20.426053   2.816200  -9.730528   0.790889   0.998180   0.000010   0.001400   0.052318      5
 1.5927E+07   1.790286   3.978755 -99.000000 -99.000000  -8.902144   0.000000   0.000016   0.000146   0.001357  0.000E+00  max increase

        255   7.634702  2.674E+04   3.982382   3.982382   9.997920   9.207031   0.000403   0.000899   0.242800  -4.279458    907      3
 3.7541E+00   7.634702   0.658323 -20.481056   2.816925  -9.729381   0.790889   0.998240   0.000010   0.001400   0.053127      5
 1.5933E+07   1.802302   3.979791 -99.000000 -99.000000  -8.903392   0.000000   0.000016   0.000146   0.001357  0.000E+00    lg_XH_cntr

        256   7.632648  2.673E+04   3.982992   3.982992   9.997919   9.207030   0.000357   0.000899   0.242800  -4.249660    907      3
 3.7058E+00   7.632648   0.659094 -20.523573   2.817529  -9.728117   0.790889   0.998286   0.000010   0.001400   0.053787      5
 1.5938E+07   1.812091   3.980634 -11.263049 -99.000000  -8.904411   0.000000   0.000016   0.000146   0.001357  0.000E+00    lg_XH_cntr

        257   7.630874  2.672E+04   3.983537   3.983537   9.997918   9.207029   0.000319   0.000900   0.242800  -4.223313    906      3
 3.6918E+00   7.630874   0.659779 -20.559508   2.818070  -9.727098   0.790889   0.998325   0.000010   0.001400   0.054375      5
 1.5943E+07   1.820806   3.981376 -99.000000 -99.000000  -8.905318   0.000000   0.000016   0.000146   0.001357  0.000E+00    lg_XH_cntr

        258   7.629003  2.671E+04   3.984136   3.984136   9.997917   9.207028   0.000280   0.000900   0.242800  -4.194709    906      3
 3.7710E+00   7.629003   0.660528 -20.596462   2.818662  -9.726216   0.790889   0.998363   0.000010   0.001400   0.055016      5
 1.5949E+07   1.830351   3.982177 -11.439140 -99.000000  -8.906310   0.000000   0.000016   0.000146   0.001357  0.000E+00  max increase

        259   7.627061  2.669E+04   3.984794   3.984794   9.997916   9.207027   0.000241   0.000900   0.242800  -4.163874    906      3
 3.8502E+00   7.627061   0.661342 -20.633667   2.819315  -9.725289   0.790889   0.998402   0.000010   0.001400   0.055711      5
 1.5956E+07   1.840749   3.983036 -99.000000 -99.000000  -8.907389   0.000000   0.000016   0.000146   0.001357  0.000E+00    lg_XH_cntr


__________________________________________________________________________________________________________________________________________________

       step    lg_Tmax     Teff     lg_LH      lg_Lnuc_tot     Mass       H_rich     H_cntr     N_cntr     Y_surf   eta_cntr   zones  retry
  lg_dt_yrs    lg_Tcntr    lg_R     lg_L3a     lg_Lneu     lg_Mdot    He_core    He_cntr    O_cntr     Z_surf   gam_cntr   iters  
    age_yrs    lg_Dcntr    lg_L     lg_LZ      lg_Lphoto   lg_Dsurf   CO_core    C_cntr     Ne_cntr    Z_cntr   v_div_cs       dt_limit
__________________________________________________________________________________________________________________________________________________

        260   7.625560  2.668E+04   3.985336   3.985336   9.997915   9.207026   0.000212   0.000900   0.242800  -4.139218    905      3
 3.7892E+00   7.625560   0.661998 -20.661511   2.819851  -9.724323   0.790889   0.998431   0.000010   0.001400   0.056269      5
 1.5962E+07   1.849139   3.983719 -11.439140 -99.000000  -8.908258   0.000000   0.000016   0.000146   0.001357  0.000E+00    lg_XH_cntr

        261   7.624282  2.668E+04   3.985822   3.985822   9.997913   9.207024   0.000189   0.000900   0.242800  -4.117501    905      3
 3.7656E+00   7.624282   0.662581 -20.684506   2.820333  -9.723576   0.790889   0.998455   0.000010   0.001400   0.056762      5
 1.5968E+07   1.856594   3.984319 -11.740170 -99.000000  -8.909030   0.000000   0.000016   0.000146   0.001357  0.000E+00    lg_XH_cntr

        262   7.623147  2.667E+04   3.986279   3.986279   9.997912   9.207023   0.000168   0.000900   0.242800  -4.097532    905      3
 3.7576E+00   7.623147   0.663122 -20.704307   2.820786  -9.722933   0.790889   0.998475   0.000010   0.001400   0.057216      5
 1.5973E+07   1.863508   3.984871 -11.740170 -99.000000  -8.909747   0.000000   0.000016   0.000146   0.001357  0.000E+00    lg_XH_cntr

        263   7.621929  2.666E+04   3.986803   3.986803   9.997911   9.207022   0.000147   0.000900   0.242800  -4.075239    906      3
 3.8368E+00   7.621929   0.663735 -20.724742   2.821305  -9.722354   0.790889   0.998496   0.000010   0.001400   0.057724      5
 1.5980E+07   1.871299   3.985493 -99.000000 -99.000000  -8.910560   0.000000   0.000016   0.000146   0.001357  0.000E+00  max increase

        264   7.620635  2.665E+04   3.987358   3.987358   9.997909   9.199724   0.000126   0.000900   0.242800  -4.050708    915      3
 3.9160E+00   7.620635   0.664426 -20.744213   2.821856  -9.721712   0.798185   0.998517   0.000010   0.001400   0.058284      5
 1.5988E+07   1.879942   3.986201 -11.439140 -99.000000  -8.911476   0.000000   0.000016   0.000146   0.001357  0.000E+00    lg_XH_cntr

        265   7.619674  2.664E+04   3.987901   3.987901   9.997908   9.170213   0.000111   0.000900   0.242800  -4.030777    914      3
 3.8486E+00   7.619674   0.664994 -20.758942   2.822394  -9.720966   0.827695   0.998533   0.000010   0.001400   0.058737      5
 1.5995E+07   1.887097   3.986775 -11.439140 -99.000000  -8.912229   0.000000   0.000015   0.000146   0.001357  0.000E+00    lg_XH_cntr

        266   7.618826  2.663E+04   3.988372   3.988372   9.997907   9.170212   0.000098   0.000900   0.242800  -4.013187    916      3
 3.8186E+00   7.618826   0.665505 -20.770816   2.822861  -9.720378   0.827695   0.998545   0.000010   0.001400   0.059140      5
 1.6002E+07   1.893411   3.987288 -99.000000 -99.000000  -8.912906   0.000000   0.000015   0.000146   0.001357  0.000E+00    lg_XH_cntr

        267   7.618095  2.662E+04   3.988809   3.988809   9.997906   9.170211   0.000087   0.000900   0.242800  -3.996811    918      3
 3.8046E+00   7.618095   0.665985 -20.780943   2.823294  -9.719861   0.827695   0.998556   0.000010   0.001400   0.059513      5
 1.6008E+07   1.899378   3.987768 -11.263049 -99.000000  -8.913543   0.000000   0.000015   0.000146   0.001357  0.000E+00    lg_XH_cntr

        268   7.617409  2.662E+04   3.989230   3.989230   9.997904   9.170210   0.000078   0.000900   0.242800  -3.981418    920      3
 3.7992E+00   7.617409   0.666446 -20.789469   2.823712  -9.719382   0.827695   0.998566   0.000010   0.001400   0.059865      5
 1.6015E+07   1.904986   3.988229 -99.000000 -99.000000  -8.914155   0.000000   0.000015   0.000146   0.001357  0.000E+00    lg_XH_cntr

        269   7.616802  2.661E+04   3.989644   3.989644   9.997903   9.170209   0.000069   0.000900   0.242800  -3.966519    920      3
 3.7980E+00   7.616802   0.666895 -20.796913   2.824122  -9.718924   0.827695   0.998574   0.000010   0.001400   0.060204      5
 1.6021E+07   1.910499   3.988677 -11.740170 -99.000000  -8.914750   0.000000   0.000015   0.000146   0.001357  0.000E+00    lg_XH_cntr


__________________________________________________________________________________________________________________________________________________

       step    lg_Tmax     Teff     lg_LH      lg_Lnuc_tot     Mass       H_rich     H_cntr     N_cntr     Y_surf   eta_cntr   zones  retry
  lg_dt_yrs    lg_Tcntr    lg_R     lg_L3a     lg_Lneu     lg_Mdot    He_core    He_cntr    O_cntr     Z_surf   gam_cntr   iters  
    age_yrs    lg_Dcntr    lg_L     lg_LZ      lg_Lphoto   lg_Dsurf   CO_core    C_cntr     Ne_cntr    Z_cntr   v_div_cs       dt_limit
__________________________________________________________________________________________________________________________________________________

        270   7.616128  2.660E+04   3.990130   3.990130   9.997902   9.170207   0.000060   0.000900   0.242800  -3.949323    922      3
 3.8771E+00   7.616128   0.667420 -20.804307   2.824604  -9.718480   0.827695   0.998583   0.000010   0.001400   0.060596      5
 1.6029E+07   1.916902   3.989202 -99.000000 -99.000000  -8.915447   0.000000   0.000015   0.000146   0.001357  0.000E+00  max increase

        271   7.615398  2.659E+04   3.990702   3.990702   9.997900   9.170205   0.000052   0.000900   0.242800  -3.929757    928      3
 3.9563E+00   7.615398   0.668034 -20.811082   2.825172  -9.717960   0.827695   0.998592   0.000010   0.001400   0.061042      5
 1.6038E+07   1.924241   3.989815 -11.740170 -99.000000  -8.916261   0.000000   0.000015   0.000146   0.001357  0.000E+00    lg_XH_cntr

        272   7.614850  2.658E+04   3.991182   3.991182   9.997899   9.170204   0.000045   0.000900   0.242800  -3.913692    928      3
 3.8843E+00   7.614850   0.668543 -20.815548   2.825647  -9.717350   0.827695   0.998598   0.000010   0.001400   0.061407      5
 1.6045E+07   1.930344   3.990325 -99.000000 -99.000000  -8.916937   0.000000   0.000015   0.000146   0.001357  0.000E+00    lg_XH_cntr

        273   7.614382  2.658E+04   3.991620   3.991620   9.997897   9.170203   0.000040   0.000900   0.242800  -3.899280    929      3
 3.8494E+00   7.614382   0.669005 -20.818711   2.826082  -9.716843   0.827695   0.998603   0.000010   0.001400   0.061735      5
 1.6052E+07   1.935853   3.990788 -99.000000 -99.000000  -8.917550   0.000000   0.000015   0.000146   0.001357  0.000E+00    lg_XH_cntr

        274   7.613969  2.657E+04   3.992036   3.992036   9.997896   9.170201   0.000035   0.000900   0.242800  -3.885837    929      3
 3.8306E+00   7.613969   0.669441 -20.820896   2.826494  -9.716383   0.827695   0.998608   0.000010   0.001400   0.062040      5
 1.6059E+07   1.941028   3.991224 -11.263049 -99.000000  -8.918129   0.000000   0.000015   0.000146   0.001357  0.000E+00    lg_XH_cntr

        275   7.613594  2.656E+04   3.992439   3.992439   9.997895   9.170200   0.000031   0.000900   0.242800  -3.873026    931      3
 3.8207E+00   7.613594   0.669862 -20.822282   2.826894  -9.715949   0.827695   0.998612   0.000010   0.001400   0.062331      5
 1.6066E+07   1.945987   3.991645 -11.041200 -99.000000  -8.918688   0.000000   0.000015   0.000146   0.001357  0.000E+00    lg_XH_cntr

        276   7.613256  2.656E+04   3.992834   3.992834   9.997893   9.170199   0.000028   0.000900   0.242800  -3.860650    932      3
 3.8154E+00   7.613256   0.670273 -20.822998   2.827287  -9.715532   0.827695   0.998615   0.000010   0.001400   0.062612      5
 1.6072E+07   1.950812   3.992057 -99.000000 -99.000000  -8.919235   0.000000   0.000015   0.000146   0.001357  0.000E+00    lg_XH_cntr

        277   7.612945  2.655E+04   3.993225   3.993225   9.997892   9.170197   0.000025   0.000900   0.242800  -3.848605    932      3
 3.8125E+00   7.612945   0.670678 -20.823096   2.827674  -9.715124   0.827695   0.998618   0.000010   0.001400   0.062885      5
 1.6079E+07   1.955536   3.992462 -11.263049 -99.000000  -8.919773   0.000000   0.000015   0.000146   0.001357  0.000E+00    lg_XH_cntr

        278   7.612657  2.655E+04   3.993612   3.993612   9.997891   9.170196   0.000022   0.000900   0.242800  -3.836852    935      3
 3.8108E+00   7.612657   0.671078 -20.822614   2.828058  -9.714723   0.827695   0.998621   0.000010   0.001400   0.063151      5
 1.6085E+07   1.960168   3.992861 -11.439140 -99.000000  -8.920304   0.000000   0.000015   0.000146   0.001357  0.000E+00    lg_XH_cntr

        279   7.612398  2.654E+04   3.993989   3.993989   9.997890   9.144229   0.000020   0.000900   0.242800  -3.825337    936      3
 3.8096E+00   7.612398   0.671473 -20.821515   2.828433  -9.714327   0.853661   0.998624   0.000010   0.001400   0.063411      5
 1.6092E+07   1.964740   3.993258 -99.000000 -99.000000  -8.920829   0.000000   0.000015   0.000146   0.001357  0.000E+00    lg_XH_cntr


__________________________________________________________________________________________________________________________________________________

       step    lg_Tmax     Teff     lg_LH      lg_Lnuc_tot     Mass       H_rich     H_cntr     N_cntr     Y_surf   eta_cntr   zones  retry
  lg_dt_yrs    lg_Tcntr    lg_R     lg_L3a     lg_Lneu     lg_Mdot    He_core    He_cntr    O_cntr     Z_surf   gam_cntr   iters  
    age_yrs    lg_Dcntr    lg_L     lg_LZ      lg_Lphoto   lg_Dsurf   CO_core    C_cntr     Ne_cntr    Z_cntr   v_div_cs       dt_limit
__________________________________________________________________________________________________________________________________________________

        280   7.612158  2.653E+04   3.994376   3.994376   9.997888   9.144228   0.000017   0.000900   0.242800  -3.814034    938      3
 3.8085E+00   7.612158   0.671865 -20.819989   2.828816  -9.713933   0.853661   0.998626   0.000010   0.001400   0.063666      5
 1.6098E+07   1.969249   3.993650 -11.439140 -99.000000  -8.921350   0.000000   0.000015   0.000146   0.001357  0.000E+00    lg_XH_cntr

        281   7.611937  2.653E+04   3.994760   3.994760   9.997887   9.144227   0.000016   0.000900   0.242800  -3.802931    938      3
 3.8074E+00   7.611937   0.672254 -20.818004   2.829197  -9.713545   0.853661   0.998628   0.000010   0.001400   0.063917      5
 1.6104E+07   1.973701   3.994038 -11.439140 -99.000000  -8.921867   0.000000   0.000015   0.000146   0.001357  0.000E+00    lg_XH_cntr

        282   7.611734  2.652E+04   3.995137   3.995137   9.997886   9.144225   0.000014   0.000900   0.242800  -3.792020    937      3
 3.8061E+00   7.611734   0.672640 -20.815634   2.829571  -9.713164   0.853661   0.998629   0.000010   0.001400   0.064163      5
 1.6111E+07   1.978096   3.994423 -99.000000 -99.000000  -8.922380   0.000000   0.000015   0.000146   0.001357  0.000E+00    lg_XH_cntr

        283   7.611547  2.652E+04   3.995510   3.995510   9.997885   9.144224   0.000012   0.000900   0.242800  -3.781293    937      3
 3.8047E+00   7.611547   0.673023 -20.812846   2.829941  -9.712787   0.853661   0.998631   0.000010   0.001400   0.064405      5
 1.6117E+07   1.982437   3.994805 -99.000000 -99.000000  -8.922889   0.000000   0.000015   0.000146   0.001357  0.000E+00    lg_XH_cntr

        284   7.611378  2.651E+04   3.995882   3.995882   9.997883   9.144223   0.000011   0.000900   0.242800  -3.770742    937      3
 3.8031E+00   7.611378   0.673403 -20.809665   2.830310  -9.712414   0.853661   0.998632   0.000010   0.001400   0.064643      5
 1.6124E+07   1.986727   3.995183 -99.000000 -99.000000  -8.923395   0.000000   0.000015   0.000146   0.001357  0.000E+00    lg_XH_cntr

        285   7.611224  2.650E+04   3.996250   3.996250   9.997882   9.144222   0.000010   0.000900   0.242800  -3.760358    939      3
 3.8014E+00   7.611224   0.673780 -20.806103   2.830676  -9.712045   0.853661   0.998633   0.000010   0.001400   0.064877      5
 1.6130E+07   1.990969   3.995559 -99.000000 -99.000000  -8.923896   0.000000   0.000015   0.000146   0.001357  0.000E+00    lg_XH_cntr

        286   7.611085  2.650E+04   3.996618   3.996618   9.997881   9.144220   0.000009   0.000900   0.242800  -3.750133    939      3
 3.7995E+00   7.611085   0.674155 -20.802205   2.831041  -9.711679   0.853661   0.998634   0.000010   0.001400   0.065107      5
 1.6136E+07   1.995164   3.995931 -11.740170 -99.000000  -8.924395   0.000000   0.000015   0.000146   0.001357  0.000E+00    lg_XH_cntr

        287   7.610960  2.649E+04   3.996983   3.996983   9.997880   9.144219   0.000008   0.000900   0.242800  -3.740061    939      3
 3.7974E+00   7.610960   0.674527 -20.797990   2.831403  -9.711318   0.853661   0.998635   0.000010   0.001400   0.065334      5
 1.6143E+07   1.999313   3.996300 -99.000000 -99.000000  -8.924889   0.000000   0.000015   0.000146   0.001357  0.000E+00    lg_XH_cntr

        288   7.610849  2.649E+04   3.997339   3.997339   9.997879   9.144218   0.000007   0.000900   0.242800  -3.730134    942      3
 3.7951E+00   7.610849   0.674896 -20.793387   2.831756  -9.710962   0.853661   0.998636   0.000010   0.001400   0.065557      5
 1.6149E+07   2.003422   3.996667 -11.740170 -99.000000  -8.925381   0.000000   0.000015   0.000146   0.001357  0.000E+00    lg_XH_cntr

        289   7.610750  2.648E+04   3.997705   3.997705   9.997877   9.144217   0.000006   0.000900   0.242800  -3.720345    944      3
 3.7927E+00   7.610750   0.675263 -20.788547   2.832119  -9.710607   0.853661   0.998637   0.000010   0.001400   0.065777      5
 1.6155E+07   2.007488   3.997030 -11.138110 -99.000000  -8.925869   0.000000   0.000015   0.000146   0.001357  0.000E+00    lg_XH_cntr


__________________________________________________________________________________________________________________________________________________

       step    lg_Tmax     Teff     lg_LH      lg_Lnuc_tot     Mass       H_rich     H_cntr     N_cntr     Y_surf   eta_cntr   zones  retry
  lg_dt_yrs    lg_Tcntr    lg_R     lg_L3a     lg_Lneu     lg_Mdot    He_core    He_cntr    O_cntr     Z_surf   gam_cntr   iters  
    age_yrs    lg_Dcntr    lg_L     lg_LZ      lg_Lphoto   lg_Dsurf   CO_core    C_cntr     Ne_cntr    Z_cntr   v_div_cs       dt_limit
__________________________________________________________________________________________________________________________________________________

        290   7.610662  2.648E+04   3.998064   3.998064   9.997876   9.144216   0.000005   0.000900   0.242800  -3.710689    944      3
 3.7901E+00   7.610662   0.675628 -20.783470   2.832476  -9.710258   0.853661   0.998638   0.000010   0.001400   0.065994      5
 1.6161E+07   2.011514   3.997390 -99.000000 -99.000000  -8.926354   0.000000   0.000015   0.000146   0.001357  0.000E+00    lg_XH_cntr

        291   7.610584  2.647E+04   3.998421   3.998421   9.997875   9.125553   0.000005   0.000900   0.242800  -3.701162    946      3
 3.7875E+00   7.610584   0.675991 -20.778166   2.832829  -9.709916   0.872322   0.998638   0.000010   0.001400   0.066209      5
 1.6167E+07   2.015498   3.997747 -99.000000 -99.000000  -8.926836   0.000000   0.000015   0.000146   0.001357  0.000E+00    lg_XH_cntr

        292   7.610517  2.647E+04   3.998773   3.998773   9.997874   9.125552   0.000004   0.000900   0.242800  -3.691759    946      3
 3.7847E+00   7.610517   0.676351 -20.772603   2.833179  -9.709578   0.872322   0.998639   0.000010   0.001400   0.066420      5
 1.6173E+07   2.019445   3.998101 -99.000000 -99.000000  -8.927315   0.000000   0.000015   0.000146   0.001357  0.000E+00    lg_XH_cntr

        293   7.610450  2.646E+04   3.999123   3.999123   9.997873   9.125551   0.000004   0.000900   0.242800  -3.682659    949      3
 3.7817E+00   7.610450   0.676708 -20.766758   2.833526  -9.709246   0.872322   0.998639   0.000010   0.001400   0.066625      5
 1.6179E+07   2.023262   3.998452 -99.000000 -99.000000  -8.927792   0.000000   0.000015   0.000146   0.001357  0.000E+00    lg_XH_cntr

        294   7.610411  2.645E+04   3.999471   3.999471   9.997871   9.125550   0.000003   0.000900   0.242800  -3.673540    950      3
 3.7788E+00   7.610411   0.677064 -20.760779   2.833871  -9.708918   0.872322   0.998640   0.000010   0.001400   0.066829      5
 1.6185E+07   2.027129   3.998800 -11.041200 -99.000000  -8.928265   0.000000   0.000015   0.000146   0.001357  0.000E+00    lg_XH_cntr

        295   7.610372  2.645E+04   3.999817   3.999817   9.997870   9.125549   0.000003   0.000900   0.242800  -3.664478    950      3
 3.7757E+00   7.610372   0.677418 -20.754596   2.834214  -9.708595   0.872322   0.998640   0.000010   0.001400   0.067033      5
 1.6191E+07   2.030972   3.999146 -99.000000 -99.000000  -8.928736   0.000000   0.000015   0.000146   0.001357  0.000E+00    lg_XH_cntr

        296   7.610340  2.644E+04   4.000160   4.000160   9.997869   9.125547   0.000003   0.000900   0.242800  -3.655516    953      3
 3.7725E+00   7.610340   0.677769 -20.748244   2.834555  -9.708277   0.872322   0.998640   0.000010   0.001400   0.067234      5
 1.6197E+07   2.034781   3.999488 -99.000000 -99.000000  -8.929204   0.000000   0.000015   0.000146   0.001357  0.000E+00    lg_XH_cntr

        297   7.610316  2.644E+04   4.000500   4.000500   9.997868   9.125546   0.000002   0.000900   0.242800  -3.646655    954      3
 3.7691E+00   7.610316   0.678119 -20.741687   2.834892  -9.707964   0.872322   0.998641   0.000010   0.001400   0.067433      5
 1.6203E+07   2.038559   3.999827 -99.000000 -99.000000  -8.929669   0.000000   0.000015   0.000146   0.001357  0.000E+00    lg_XH_cntr

        298   7.610300  2.643E+04   4.000837   4.000837   9.997867   9.125545   0.000002   0.000900   0.242800  -3.637893    956      3
 3.7657E+00   7.610300   0.678466 -20.734971   2.835226  -9.707656   0.872322   0.998641   0.000010   0.001400   0.067630      5
 1.6209E+07   2.042306   4.000164 -10.962019 -99.000000  -8.930132   0.000000   0.000015   0.000146   0.001357  0.000E+00    lg_XH_cntr

        299   7.610292  2.643E+04   4.001172   4.001172   9.997866   9.125544   0.000002   0.000900   0.242800  -3.629224    958      3
 3.7623E+00   7.610292   0.678812 -20.728072   2.835559  -9.707352   0.872322   0.998641   0.000010   0.001400   0.067824      5
 1.6215E+07   2.046024   4.000498 -11.138110 -99.000000  -8.930592   0.000000   0.000015   0.000146   0.001357  0.000E+00    lg_XH_cntr


__________________________________________________________________________________________________________________________________________________

       step    lg_Tmax     Teff     lg_LH      lg_Lnuc_tot     Mass       H_rich     H_cntr     N_cntr     Y_surf   eta_cntr   zones  retry
  lg_dt_yrs    lg_Tcntr    lg_R     lg_L3a     lg_Lneu     lg_Mdot    He_core    He_cntr    O_cntr     Z_surf   gam_cntr   iters  
    age_yrs    lg_Dcntr    lg_L     lg_LZ      lg_Lphoto   lg_Dsurf   CO_core    C_cntr     Ne_cntr    Z_cntr   v_div_cs       dt_limit
__________________________________________________________________________________________________________________________________________________

        300   7.610290  2.642E+04   4.001507   4.001507   9.997865   9.125543   0.000002   0.000900   0.242800  -3.620644    958      3
 3.7587E+00   7.610290   0.679155 -20.721042   2.835891  -9.707053   0.872322   0.998641   0.000010   0.001400   0.068017      5
 1.6221E+07   2.049713   4.000830 -99.000000 -99.000000  -8.931050   0.000000   0.000015   0.000146   0.001357  0.000E+00    lg_XH_cntr

save LOGS/profile7.data for model 300
save photos/x300 for model 300
        301   7.610293  2.642E+04   4.001838   4.001838   9.997863   9.106781   0.000002   0.000900   0.242800  -3.612153    959      3
 3.7551E+00   7.610293   0.679497 -20.713884   2.836219  -9.706759   0.891083   0.998642   0.000010   0.001400   0.068208      5
 1.6226E+07   2.053372   4.001158 -99.000000 -99.000000  -8.931505   0.000000   0.000015   0.000146   0.001357  0.000E+00    lg_XH_cntr

        302   7.610303  2.641E+04   4.002167   4.002167   9.997862   9.106780   0.000001   0.000901   0.242800  -3.603747    961      3
 3.7514E+00   7.610303   0.679837 -20.706599   2.836545  -9.706472   0.891083   0.998642   0.000010   0.001400   0.068396      5
 1.6232E+07   2.057003   4.001483 -99.000000 -99.000000  -8.931958   0.000000   0.000015   0.000146   0.001357  0.000E+00    lg_XH_cntr

        303   7.610319  2.641E+04   4.002493   4.002493   9.997861   9.106779   0.000001   0.000901   0.242800  -3.595423    961      3
 3.7477E+00   7.610319   0.680175 -20.699182   2.836868  -9.706189   0.891083   0.998642   0.000010   0.001400   0.068584      5
 1.6237E+07   2.060608   4.001806 -11.439140 -99.000000  -8.932408   0.000000   0.000015   0.000146   0.001357  0.000E+00    lg_XH_cntr

        304   7.610337  2.640E+04   4.002816   4.002816   9.997860   9.106777   0.000001   0.000901   0.242800  -3.587194    963      3
 3.7439E+00   7.610337   0.680511 -20.691632   2.837189  -9.705912   0.891083   0.998642   0.000010   0.001400   0.068769      5
 1.6243E+07   2.064176   4.002126 -11.263049 -99.000000  -8.932856   0.000000   0.000015   0.000146   0.001357  0.000E+00    lg_XH_cntr


stop because have dropped below central lower limit for h1
    0.9374749890E-06    0.1000000000E-05

        305   7.610365  2.639E+04   4.003137   4.003137   9.997859   9.106776   0.000001   0.000901   0.242800  -3.579038    963      3
 3.7400E+00   7.610365   0.680846 -20.683991   2.837507  -9.705639   0.891083   0.998642   0.000010   0.001400   0.068952      5
 1.6249E+07   2.067727   4.002443 -99.000000 -99.000000  -8.933302   0.000000   0.000015   0.000146   0.001357  0.000E+00    lg_XH_cntr

save LOGS/profile8.data for model 305
                                         solver retries           4

                                    varcontrol dt limit          46
                                  max increase dt limit         193
                                        lgTeff dt limit          32
                                    lgRho_cntr dt limit          29
                                    lg_XH_cntr dt limit          80
                                      XHe_cntr dt limit          58

 model saved to M10_Z0.0014_noovs.mod
save photos/x305 for model 305
termination code: xa_central_lower_limit
finished custom colors
__________________________________________________________________________________________________________________________________________________

       step    lg_Tmax     Teff     lg_LH      lg_Lnuc_tot     Mass       H_rich     H_cntr     N_cntr     Y_surf   eta_cntr   zones  retry
  lg_dt_yrs    lg_Tcntr    lg_R     lg_L3a     lg_Lneu     lg_Mdot    He_core    He_cntr    O_cntr     Z_surf   gam_cntr   iters  
    age_yrs    lg_Dcntr    lg_L     lg_LZ      lg_Lphoto   lg_Dsurf   CO_core    C_cntr     Ne_cntr    Z_cntr   v_div_cs       dt_limit
__________________________________________________________________________________________________________________________________________________

        305   7.610365  2.639E+04   4.003137   4.003137   9.997859   9.106776   0.000001   0.000901   0.242800  -3.579038    963      3
 3.7400E+00   7.610365   0.680846 -20.683991   2.837507  -9.705639   0.891083   0.998642   0.000010   0.001400   0.068952      5
 1.6249E+07   2.067727   4.002443 -99.000000 -99.000000  -8.933302   0.000000   0.000015   0.000146   0.001357  0.000E+00  max increase

