 reading user weak rate file /home/njm/MESA/mesa/data/rates_data/rate_tables/S13_r_be7_wk_li7.h5
 version_number 6494df2
 read inlist_project
 Extras startup routine
 DEBUG: colors_handle =            1
 DEBUG: colors instrument = /colors/data/filters/GAIA/GAIA
 DEBUG: colors vega_sed = /colors/data/stellar_models/vega_flam.csv
 DEBUG: colors stellar_atm = /colors/data/stellar_models/Kurucz2003all/
 DEBUG: colors metallicity =    2.0000000000000000E-002
 DEBUG: colors distance =    3.0857000000000000E+017
 DEBUG: colors make_csv =  F
 DEBUG: colors use_colors =  T


 The terminal output contains the following information

      'step' is the number of steps since the start of the run,
      'lg_dt' is log10 timestep in years,
      'age_yr' is the simulated years since the start run,
      'lg_Tcntr' is log10 center temperature (K),
      'lg_Dcntr' is log10 center density (g/cm^3),
      'lg_Tmax' is log10 max temperature (K),
      'Teff' is the surface temperature (K),
      'lg_R' is log10 surface radius (Rsun),
      'lg_L' is log10 surface luminosity (Lsun),
      'lg_LH' is log10 total PP and CNO hydrogen burning power (Lsun),
      'lg_L3a' is log10 total triple-alpha helium burning power (Lsun),
      'lg_gsurf' is log10 surface gravity,
      'lg_Lnuc' is log10 nuclear power (Lsun),
      'lg_Lneu' is log10 total neutrino power (Lsun),
      'lg_Lphoto' is log10 total photodisintegration (Lsun),
      'Mass' is the total stellar baryonic mass (Msun),
      'lg_Mdot' is log10 magnitude of rate of change of mass (Msun/year),
      'lg_Dsurf' is log10 surface density (g/cm^3),
      'H_env' is the amount of mass where H is dominant,
      'He_core' is the largest mass where He is dominant.
      'CO_core' is the largest mass where CO is dominant.
      'H_cntr' is the center H1 mass fraction,
      'He_cntr' is the center He4 mass fraction,
      'C_cntr' is the center C12 mass fraction,
      'N_cntr' is the center N14 mass fraction,
      'O_cntr' is the center O16 mass fraction,
      'Ne_cntr' is the center Ne20 mass fraction,
      'gam_cntr' is the center plasma interaction parameter,
      'eta_cntr' is the center electron degeneracy parameter,
      'zones' is the number of zones in the current model,
      'iters' is the number of solver iterations for the current step,
      'retry' is the number of step retries required during the run,
      'dt_limit' is an indication of what limited the timestep.

 All this and more are saved in the LOGS directory during the run.
 create pre-main-sequence model
                                          species  mass           8    2.0000000000000000D+00

                                        relax_num_steps         100

 retry:  logRho > hydro_mtx_max_allowed_logRho          26       1
          1   5.479702   5668.334 -21.054921 -21.054921   2.000000   2.000000   0.755800   0.000071   0.242800  -9.239862   1573      1
-5.3010E+00   5.479702   1.740174 -99.000000 -22.452790 -99.000000   0.000000   0.242800   0.000657   0.001400   0.044492     15
 5.0000E-06  -3.829427   3.448864 -99.000000 -99.000000  -8.769672   0.000000   0.000241   0.000146   0.001400  0.000E+00         retry

          2   5.477866   5552.915 -21.055029 -21.055029   2.000000   2.000000   0.755800   0.000071   0.242800  -9.233638    837      1
-5.0000E+00   5.477674   1.739196 -99.000000 -22.452898 -99.000000   0.000000   0.242800   0.000657   0.001400   0.044688      3
 1.5000E-05  -3.829765   3.411170 -99.000000 -99.000000  -8.676529   0.000000   0.000241   0.000146   0.001400  0.000E+00  max increase

          3   5.477522   5458.180 -21.055352 -21.055352   2.000000   2.000000   0.755800   0.000071   0.242800  -9.231630    522      1
-5.0000E+00   5.477444   1.738484 -99.000000 -22.453220 -99.000000   0.000000   0.242800   0.000657   0.001400   0.044730      3
 2.5000E-05  -3.829237   3.379854 -99.000000 -99.000000  -8.603414   0.000000   0.000241   0.000146   0.001400  0.000E+00        max_dt

          4   5.477461   5388.060 -21.055352 -21.055352   2.000000   2.000000   0.755800   0.000071   0.242800  -9.230591    525      1
-5.0000E+00   5.477280   1.737952 -99.000000 -22.453220 -99.000000   0.000000   0.242800   0.000657   0.001400   0.044754      3
 3.5000E-05  -3.829033   3.356327 -99.000000 -99.000000  -8.548847   0.000000   0.000241   0.000146   0.001400  0.000E+00        max_dt

          5   5.477461   5334.152 -21.055352 -21.055352   2.000000   2.000000   0.755800   0.000071   0.242800  -9.229968    528      1
-5.0000E+00   5.477181   1.737531 -99.000000 -22.453220 -99.000000   0.000000   0.242800   0.000657   0.001400   0.044768      3
 4.5000E-05  -3.828910   3.338018 -99.000000 -99.000000  -8.506613   0.000000   0.000241   0.000146   0.001400  0.000E+00        max_dt

          6   5.477546   5290.870 -21.055786 -21.055786   2.000000   2.000000   0.755800   0.000071   0.242800  -9.229549    528      1
-5.0000E+00   5.477200   1.737184 -99.000000 -22.453654 -99.000000   0.000000   0.242800   0.000657   0.001400   0.044774      3
 5.5000E-05  -3.828700   3.323171 -99.000000 -99.000000  -8.472556   0.000000   0.000241   0.000146   0.001400  0.000E+00        max_dt

          7   5.477546   5254.988 -21.055787 -21.055787   2.000000   2.000000   0.755800   0.000071   0.242800  -9.229256    530      1
-5.0000E+00   5.477153   1.736892 -99.000000 -22.453655 -99.000000   0.000000   0.242800   0.000657   0.001400   0.044780      3
 6.5000E-05  -3.828643   3.310764 -99.000000 -99.000000  -8.444222   0.000000   0.000241   0.000146   0.001400  0.000E+00        max_dt

          8   5.477546   5224.523 -21.055788 -21.055788   2.000000   2.000000   0.755800   0.000071   0.242800  -9.229037    530      1
-5.0000E+00   5.477118   1.736638 -99.000000 -22.453656 -99.000000   0.000000   0.242800   0.000657   0.001400   0.044785      3
 7.5000E-05  -3.828601   3.300156 -99.000000 -99.000000  -8.420055   0.000000   0.000241   0.000146   0.001400  0.000E+00        max_dt

          9   5.477546   5197.788 -21.055789 -21.055789   2.000000   2.000000   0.755800   0.000071   0.242800  -9.228855    526      1
-5.0000E+00   5.477087   1.736411 -99.000000 -22.453657 -99.000000   0.000000   0.242800   0.000657   0.001400   0.044790      3
 8.5000E-05  -3.828568   3.290791 -99.000000 -99.000000  -8.398737   0.000000   0.000241   0.000146   0.001400  0.000E+00        max_dt


__________________________________________________________________________________________________________________________________________________

       step    lg_Tmax     Teff     lg_LH      lg_Lnuc_tot     Mass       H_rich     H_cntr     N_cntr     Y_surf   eta_cntr   zones  retry
  lg_dt_yrs    lg_Tcntr    lg_R     lg_L3a     lg_Lneu     lg_Mdot    He_core    He_cntr    O_cntr     Z_surf   gam_cntr   iters  
    age_yrs    lg_Dcntr    lg_L     lg_LZ      lg_Lphoto   lg_Dsurf   CO_core    C_cntr     Ne_cntr    Z_cntr   v_div_cs       dt_limit
__________________________________________________________________________________________________________________________________________________

         10   5.477547   5173.852 -21.055790 -21.055790   2.000000   2.000000   0.755800   0.000071   0.242800  -9.228715    526      1
-5.0000E+00   5.477063   1.736206 -99.000000 -22.453658 -99.000000   0.000000   0.242800   0.000657   0.001400   0.044793      3
 9.5000E-05  -3.828543   3.282362 -99.000000 -99.000000  -8.379548   0.000000   0.000241   0.000146   0.001400  0.000E+00        max_dt

         11   5.477547   5152.599 -21.055791 -21.055791   2.000000   2.000000   0.755800   0.000071   0.242800  -9.228609    525      1
-5.0000E+00   5.477045   1.736020 -99.000000 -22.453659 -99.000000   0.000000   0.242800   0.000657   0.001400   0.044796      3
 1.0500E-04  -3.828524   3.274839 -99.000000 -99.000000  -8.362417   0.000000   0.000241   0.000146   0.001400  0.000E+00        max_dt

         12   5.477547   5133.572 -21.055792 -21.055792   2.000000   2.000000   0.755800   0.000071   0.242800  -9.228526    525      1
-5.0000E+00   5.477031   1.735851 -99.000000 -22.453660 -99.000000   0.000000   0.242800   0.000657   0.001400   0.044798      3
 1.1500E-04  -3.828509   3.268074 -99.000000 -99.000000  -8.346999   0.000000   0.000241   0.000146   0.001400  0.000E+00        max_dt

         13   5.477547   5116.120 -21.055792 -21.055792   2.000000   2.000000   0.755800   0.000071   0.242800  -9.228461    522      1
-5.0000E+00   5.477020   1.735694 -99.000000 -22.453661 -99.000000   0.000000   0.242800   0.000657   0.001400   0.044799      3
 1.2500E-04  -3.828498   3.261844 -99.000000 -99.000000  -8.332787   0.000000   0.000241   0.000146   0.001400  0.000E+00        max_dt

         14   5.477547   5100.100 -21.055793 -21.055793   2.000000   2.000000   0.755800   0.000071   0.242800  -9.228409    522      1
-5.0000E+00   5.477011   1.735548 -99.000000 -22.453661 -99.000000   0.000000   0.242800   0.000657   0.001400   0.044800      3
 1.3500E-04  -3.828488   3.256104 -99.000000 -99.000000  -8.319681   0.000000   0.000241   0.000146   0.001400  0.000E+00        max_dt

         15   5.477548   5085.388 -21.055794 -21.055794   2.000000   2.000000   0.755800   0.000071   0.242800  -9.228367    527      1
-5.0000E+00   5.477004   1.735411 -99.000000 -22.453662 -99.000000   0.000000   0.242800   0.000657   0.001400   0.044801      3
 1.4500E-04  -3.828480   3.250813 -99.000000 -99.000000  -8.307591   0.000000   0.000241   0.000146   0.001400  0.000E+00        max_dt

         16   5.477548   5071.684 -21.055795 -21.055795   2.000000   2.000000   0.755800   0.000071   0.242800  -9.228332    525      1
-5.0000E+00   5.476998   1.735283 -99.000000 -22.453663 -99.000000   0.000000   0.242800   0.000657   0.001400   0.044802      3
 1.5500E-04  -3.828474   3.245869 -99.000000 -99.000000  -8.296283   0.000000   0.000241   0.000146   0.001400  0.000E+00        max_dt

         17   5.477548   5058.791 -21.055795 -21.055795   2.000000   2.000000   0.755800   0.000071   0.242800  -9.228303    524      1
-5.0000E+00   5.476993   1.735162 -99.000000 -22.453663 -99.000000   0.000000   0.242800   0.000657   0.001400   0.044803      3
 1.6500E-04  -3.828469   3.241204 -99.000000 -99.000000  -8.285605   0.000000   0.000241   0.000146   0.001400  0.000E+00        max_dt

         18   5.477548   5046.747 -21.055796 -21.055796   2.000000   2.000000   0.755800   0.000071   0.242800  -9.228278    523      1
-5.0000E+00   5.476989   1.735047 -99.000000 -22.453664 -99.000000   0.000000   0.242800   0.000657   0.001400   0.044803      3
 1.7500E-04  -3.828464   3.236834 -99.000000 -99.000000  -8.275593   0.000000   0.000241   0.000146   0.001400  0.000E+00        max_dt

         19   5.477548   5035.418 -21.055797 -21.055797   2.000000   2.000000   0.755800   0.000071   0.242800  -9.228258    520      1
-5.0000E+00   5.476986   1.734938 -99.000000 -22.453665 -99.000000   0.000000   0.242800   0.000657   0.001400   0.044804      3
 1.8500E-04  -3.828460   3.232712 -99.000000 -99.000000  -8.266144   0.000000   0.000241   0.000146   0.001400  0.000E+00        max_dt


__________________________________________________________________________________________________________________________________________________

       step    lg_Tmax     Teff     lg_LH      lg_Lnuc_tot     Mass       H_rich     H_cntr     N_cntr     Y_surf   eta_cntr   zones  retry
  lg_dt_yrs    lg_Tcntr    lg_R     lg_L3a     lg_Lneu     lg_Mdot    He_core    He_cntr    O_cntr     Z_surf   gam_cntr   iters  
    age_yrs    lg_Dcntr    lg_L     lg_LZ      lg_Lphoto   lg_Dsurf   CO_core    C_cntr     Ne_cntr    Z_cntr   v_div_cs       dt_limit
__________________________________________________________________________________________________________________________________________________

         20   5.477548   5024.909 -21.055797 -21.055797   2.000000   2.000000   0.755800   0.000071   0.242800  -9.228240    525      1
-5.0000E+00   5.476983   1.734835 -99.000000 -22.453665 -99.000000   0.000000   0.242800   0.000657   0.001400   0.044804      3
 1.9500E-04  -3.828457   3.228877 -99.000000 -99.000000  -8.257350   0.000000   0.000241   0.000146   0.001400  0.000E+00        max_dt

         21   5.477548   5014.899 -21.055798 -21.055798   2.000000   2.000000   0.755800   0.000071   0.242800  -9.228225    523      1
-5.0000E+00   5.476980   1.734737 -99.000000 -22.453666 -99.000000   0.000000   0.242800   0.000657   0.001400   0.044805      3
 2.0500E-04  -3.828454   3.225217 -99.000000 -99.000000  -8.248949   0.000000   0.000241   0.000146   0.001400  0.000E+00        max_dt

         22   5.477549   5005.405 -21.055798 -21.055798   2.000000   2.000000   0.755800   0.000071   0.242800  -9.228212    522      1
-5.0000E+00   5.476978   1.734643 -99.000000 -22.453666 -99.000000   0.000000   0.242800   0.000657   0.001400   0.044805      3
 2.1500E-04  -3.828452   3.221737 -99.000000 -99.000000  -8.240958   0.000000   0.000241   0.000146   0.001400  0.000E+00        max_dt

         23   5.477549   4996.309 -21.055799 -21.055799   2.000000   2.000000   0.755800   0.000071   0.242800  -9.228200    523      1
-5.0000E+00   5.476976   1.734552 -99.000000 -22.453667 -99.000000   0.000000   0.242800   0.000657   0.001400   0.044805      3
 2.2500E-04  -3.828450   3.218396 -36.725659 -99.000000  -8.233283   0.000000   0.000241   0.000146   0.001400  0.000E+00        max_dt

         24   5.477549   4987.620 -21.055799 -21.055799   2.000000   2.000000   0.755800   0.000071   0.242800  -9.228190    520      1
-5.0000E+00   5.476975   1.734465 -99.000000 -22.453667 -99.000000   0.000000   0.242800   0.000657   0.001400   0.044806      3
 2.3500E-04  -3.828448   3.215198 -99.000000 -99.000000  -8.225936   0.000000   0.000241   0.000146   0.001400  0.000E+00        max_dt

         25   5.477549   4979.367 -21.055800 -21.055800   2.000000   2.000000   0.755800   0.000071   0.242800  -9.228181    521      1
-5.0000E+00   5.476973   1.734382 -99.000000 -22.453668 -99.000000   0.000000   0.242800   0.000657   0.001400   0.044806      3
 2.4500E-04  -3.828446   3.212154 -99.000000 -99.000000  -8.218945   0.000000   0.000241   0.000146   0.001400  0.000E+00        max_dt

         26   5.477549   4971.454 -21.055800 -21.055800   2.000000   2.000000   0.755800   0.000071   0.242800  -9.228173    522      1
-5.0000E+00   5.476972   1.734301 -99.000000 -22.453668 -99.000000   0.000000   0.242800   0.000657   0.001400   0.044806      3
 2.5500E-04  -3.828444   3.209230 -99.000000 -99.000000  -8.212233   0.000000   0.000241   0.000146   0.001400  0.000E+00        max_dt

         27   5.477549   4963.926 -21.055800 -21.055800   2.000000   2.000000   0.755800   0.000071   0.242800  -9.228166    521      1
-5.0000E+00   5.476971   1.734224 -99.000000 -22.453669 -99.000000   0.000000   0.242800   0.000657   0.001400   0.044806      3
 2.6500E-04  -3.828443   3.206444 -99.000000 -99.000000  -8.205840   0.000000   0.000241   0.000146   0.001400  0.000E+00        max_dt

         28   5.477549   4956.763 -21.055801 -21.055801   2.000000   2.000000   0.755800   0.000071   0.242800  -9.228160    523      1
-5.0000E+00   5.476970   1.734150 -99.000000 -22.453669 -99.000000   0.000000   0.242800   0.000657   0.001400   0.044806      3
 2.7500E-04  -3.828442   3.203787 -99.000000 -99.000000  -8.199751   0.000000   0.000241   0.000146   0.001400  0.000E+00        max_dt

         29   5.477549   4949.889 -21.055801 -21.055801   2.000000   2.000000   0.755800   0.000071   0.242800  -9.228154    525      1
-5.0000E+00   5.476969   1.734079 -99.000000 -22.453669 -99.000000   0.000000   0.242800   0.000657   0.001400   0.044806      3
 2.8500E-04  -3.828441   3.201233 -99.000000 -99.000000  -8.193904   0.000000   0.000241   0.000146   0.001400  0.000E+00        max_dt


__________________________________________________________________________________________________________________________________________________

       step    lg_Tmax     Teff     lg_LH      lg_Lnuc_tot     Mass       H_rich     H_cntr     N_cntr     Y_surf   eta_cntr   zones  retry
  lg_dt_yrs    lg_Tcntr    lg_R     lg_L3a     lg_Lneu     lg_Mdot    He_core    He_cntr    O_cntr     Z_surf   gam_cntr   iters  
    age_yrs    lg_Dcntr    lg_L     lg_LZ      lg_Lphoto   lg_Dsurf   CO_core    C_cntr     Ne_cntr    Z_cntr   v_div_cs       dt_limit
__________________________________________________________________________________________________________________________________________________

         30   5.477549   4943.236 -21.055801 -21.055801   2.000000   2.000000   0.755800   0.000071   0.242800  -9.228149    523      1
-5.0000E+00   5.476968   1.734009 -99.000000 -22.453670 -99.000000   0.000000   0.242800   0.000657   0.001400   0.044806      3
 2.9500E-04  -3.828440   3.198758 -99.000000 -99.000000  -8.188243   0.000000   0.000241   0.000146   0.001400  0.000E+00        max_dt

         31   5.477549   4936.831 -21.055802 -21.055802   2.000000   2.000000   0.755800   0.000071   0.242800  -9.228145    521      1
-5.0000E+00   5.476968   1.733942 -99.000000 -22.453670 -99.000000   0.000000   0.242800   0.000657   0.001400   0.044807      3
 3.0500E-04  -3.828439   3.196371 -99.000000 -99.000000  -8.182791   0.000000   0.000241   0.000146   0.001400  0.000E+00        max_dt

         32   5.477549   4930.671 -21.055802 -21.055802   2.000000   2.000000   0.755800   0.000071   0.242800  -9.228141    523      1
-5.0000E+00   5.476967   1.733877 -99.000000 -22.453670 -99.000000   0.000000   0.242800   0.000657   0.001400   0.044807      3
 3.1500E-04  -3.828438   3.194072 -99.000000 -99.000000  -8.177546   0.000000   0.000241   0.000146   0.001400  0.000E+00        max_dt

         33   5.477550   4924.735 -21.055802 -21.055802   2.000000   2.000000   0.755800   0.000071   0.242800  -9.228137    525      1
-5.0000E+00   5.476966   1.733814 -99.000000 -22.453670 -99.000000   0.000000   0.242800   0.000657   0.001400   0.044807      3
 3.2500E-04  -3.828437   3.191854 -99.000000 -99.000000  -8.172492   0.000000   0.000241   0.000146   0.001400  0.000E+00        max_dt

         34   5.477550   4918.981 -21.055803 -21.055803   2.000000   2.000000   0.755800   0.000071   0.242800  -9.228133    523      1
-5.0000E+00   5.476966   1.733753 -99.000000 -22.453671 -99.000000   0.000000   0.242800   0.000657   0.001400   0.044807      3
 3.3500E-04  -3.828436   3.189700 -99.000000 -99.000000  -8.167595   0.000000   0.000241   0.000146   0.001400  0.000E+00        max_dt

         35   5.477550   4913.419 -21.055803 -21.055803   2.000000   2.000000   0.755800   0.000071   0.242800  -9.228130    525      1
-5.0000E+00   5.476965   1.733694 -99.000000 -22.453671 -99.000000   0.000000   0.242800   0.000657   0.001400   0.044807      3
 3.4500E-04  -3.828436   3.187616 -99.000000 -99.000000  -8.162861   0.000000   0.000241   0.000146   0.001400  0.000E+00        max_dt

         36   5.477550   4908.041 -21.055803 -21.055803   2.000000   2.000000   0.755800   0.000071   0.242800  -9.228127    524      1
-5.0000E+00   5.476965   1.733636 -99.000000 -22.453671 -99.000000   0.000000   0.242800   0.000657   0.001400   0.044807      3
 3.5500E-04  -3.828435   3.185598 -99.000000 -99.000000  -8.158286   0.000000   0.000241   0.000146   0.001400  0.000E+00        max_dt

         37   5.477550   4902.837 -21.055803 -21.055803   2.000000   2.000000   0.755800   0.000071   0.242800  -9.228125    523      1
-5.0000E+00   5.476965   1.733580 -99.000000 -22.453671 -99.000000   0.000000   0.242800   0.000657   0.001400   0.044807      3
 3.6500E-04  -3.828435   3.183643 -99.000000 -99.000000  -8.153860   0.000000   0.000241   0.000146   0.001400  0.000E+00        max_dt

         38   5.477550   4897.566 -21.055803 -21.055803   2.000000   2.000000   0.755800   0.000071   0.242800  -9.228122    517      1
-5.0000E+00   5.476964   1.733524 -99.000000 -22.453672 -99.000000   0.000000   0.242800   0.000657   0.001400   0.044807      3
 3.7500E-04  -3.828434   3.181662 -99.000000 -99.000000  -8.149381   0.000000   0.000241   0.000146   0.001400  0.000E+00        max_dt

         39   5.477550   4892.507 -21.055804 -21.055804   2.000000   2.000000   0.755800   0.000071   0.242800  -9.228120    519      1
-5.0000E+00   5.476964   1.733469 -99.000000 -22.453672 -99.000000   0.000000   0.242800   0.000657   0.001400   0.044807      3
 3.8500E-04  -3.828434   3.179758 -99.000000 -99.000000  -8.145085   0.000000   0.000241   0.000146   0.001400  0.000E+00        max_dt


__________________________________________________________________________________________________________________________________________________

       step    lg_Tmax     Teff     lg_LH      lg_Lnuc_tot     Mass       H_rich     H_cntr     N_cntr     Y_surf   eta_cntr   zones  retry
  lg_dt_yrs    lg_Tcntr    lg_R     lg_L3a     lg_Lneu     lg_Mdot    He_core    He_cntr    O_cntr     Z_surf   gam_cntr   iters  
    age_yrs    lg_Dcntr    lg_L     lg_LZ      lg_Lphoto   lg_Dsurf   CO_core    C_cntr     Ne_cntr    Z_cntr   v_div_cs       dt_limit
__________________________________________________________________________________________________________________________________________________

         40   5.477550   4887.686 -21.055804 -21.055804   2.000000   2.000000   0.755800   0.000071   0.242800  -9.228118    519      1
-5.0000E+00   5.476964   1.733417 -99.000000 -22.453672 -99.000000   0.000000   0.242800   0.000657   0.001400   0.044807      3
 3.9500E-04  -3.828433   3.177941 -99.000000 -99.000000  -8.140993   0.000000   0.000241   0.000146   0.001400  0.000E+00        max_dt

         41   5.477550   4883.048 -21.055804 -21.055804   2.000000   2.000000   0.755800   0.000071   0.242800  -9.228116    521      1
-5.0000E+00   5.476963   1.733367 -99.000000 -22.453672 -99.000000   0.000000   0.242800   0.000657   0.001400   0.044807      3
 4.0500E-04  -3.828433   3.176191 -99.000000 -99.000000  -8.137059   0.000000   0.000241   0.000146   0.001400  0.000E+00        max_dt

         42   5.477550   4878.561 -21.055804 -21.055804   2.000000   2.000000   0.755800   0.000071   0.242800  -9.228114    520      1
-5.0000E+00   5.476963   1.733317 -99.000000 -22.453672 -99.000000   0.000000   0.242800   0.000657   0.001400   0.044807      3
 4.1500E-04  -3.828432   3.174495 -99.000000 -99.000000  -8.133256   0.000000   0.000241   0.000146   0.001400  0.000E+00        max_dt

         43   5.477550   4874.208 -21.055804 -21.055804   2.000000   2.000000   0.755800   0.000071   0.242800  -9.228113    519      1
-5.0000E+00   5.476963   1.733269 -99.000000 -22.453672 -99.000000   0.000000   0.242800   0.000657   0.001400   0.044807      3
 4.2500E-04  -3.828432   3.172849 -99.000000 -99.000000  -8.129570   0.000000   0.000241   0.000146   0.001400  0.000E+00        max_dt

         44   5.477550   4869.966 -21.055804 -21.055804   2.000000   2.000000   0.755800   0.000071   0.242800  -9.228111    519      1
-5.0000E+00   5.476963   1.733222 -99.000000 -22.453673 -99.000000   0.000000   0.242800   0.000657   0.001400   0.044807      3
 4.3500E-04  -3.828431   3.171242 -99.000000 -99.000000  -8.125980   0.000000   0.000241   0.000146   0.001400  0.000E+00        max_dt

         45   5.477550   4865.839 -21.055805 -21.055805   2.000000   2.000000   0.755800   0.000071   0.242800  -9.228110    518      1
-5.0000E+00   5.476963   1.733177 -99.000000 -22.453673 -99.000000   0.000000   0.242800   0.000657   0.001400   0.044807      3
 4.4500E-04  -3.828431   3.169678 -99.000000 -99.000000  -8.122491   0.000000   0.000241   0.000146   0.001400  0.000E+00        max_dt

         46   5.477550   4861.836 -21.055805 -21.055805   2.000000   2.000000   0.755800   0.000071   0.242800  -9.228108    524      1
-5.0000E+00   5.476962   1.733132 -99.000000 -22.453673 -99.000000   0.000000   0.242800   0.000657   0.001400   0.044807      3
 4.5500E-04  -3.828431   3.168159 -99.000000 -99.000000  -8.119111   0.000000   0.000241   0.000146   0.001400  0.000E+00        max_dt

         47   5.477550   4857.908 -21.055805 -21.055805   2.000000   2.000000   0.755800   0.000071   0.242800  -9.228107    521      1
-5.0000E+00   5.476962   1.733088 -99.000000 -22.453673 -99.000000   0.000000   0.242800   0.000657   0.001400   0.044807      3
 4.6500E-04  -3.828431   3.166667 -99.000000 -99.000000  -8.115796   0.000000   0.000241   0.000146   0.001400  0.000E+00        max_dt

         48   5.477550   4854.073 -21.055805 -21.055805   2.000000   2.000000   0.755800   0.000071   0.242800  -9.228106    521      1
-5.0000E+00   5.476962   1.733045 -99.000000 -22.453673 -99.000000   0.000000   0.242800   0.000657   0.001400   0.044807      3
 4.7500E-04  -3.828430   3.165209 -99.000000 -99.000000  -8.112564   0.000000   0.000241   0.000146   0.001400  0.000E+00        max_dt

         49   5.477551   4850.332 -21.055805 -21.055805   2.000000   2.000000   0.755800   0.000071   0.242800  -9.228105    521      1
-5.0000E+00   5.476962   1.733003 -99.000000 -22.453673 -99.000000   0.000000   0.242800   0.000657   0.001400   0.044807      3
 4.8500E-04  -3.828430   3.163786 -36.725659 -99.000000  -8.109414   0.000000   0.000241   0.000146   0.001400  0.000E+00        max_dt


__________________________________________________________________________________________________________________________________________________

       step    lg_Tmax     Teff     lg_LH      lg_Lnuc_tot     Mass       H_rich     H_cntr     N_cntr     Y_surf   eta_cntr   zones  retry
  lg_dt_yrs    lg_Tcntr    lg_R     lg_L3a     lg_Lneu     lg_Mdot    He_core    He_cntr    O_cntr     Z_surf   gam_cntr   iters  
    age_yrs    lg_Dcntr    lg_L     lg_LZ      lg_Lphoto   lg_Dsurf   CO_core    C_cntr     Ne_cntr    Z_cntr   v_div_cs       dt_limit
__________________________________________________________________________________________________________________________________________________

         50   5.477551   4846.680 -21.055805 -21.055805   2.000000   2.000000   0.755800   0.000071   0.242800  -9.228104    521      1
-5.0000E+00   5.476962   1.732962 -99.000000 -22.453674 -99.000000   0.000000   0.242800   0.000657   0.001400   0.044807      3
 4.9500E-04  -3.828430   3.162395 -36.725659 -99.000000  -8.106343   0.000000   0.000241   0.000146   0.001400  0.000E+00        max_dt

         51   5.477551   4843.113 -21.055806 -21.055806   2.000000   2.000000   0.755800   0.000071   0.242800  -9.228103    522      1
-5.0000E+00   5.476962   1.732922 -99.000000 -22.453674 -99.000000   0.000000   0.242800   0.000657   0.001400   0.044807      3
 5.0500E-04  -3.828429   3.161036 -99.000000 -99.000000  -8.103346   0.000000   0.000241   0.000146   0.001400  0.000E+00        max_dt

         52   5.477551   4839.609 -21.055806 -21.055806   2.000000   2.000000   0.755800   0.000071   0.242800  -9.228102    520      1
-5.0000E+00   5.476962   1.732882 -99.000000 -22.453674 -99.000000   0.000000   0.242800   0.000657   0.001400   0.044808      3
 5.1500E-04  -3.828429   3.159699 -99.000000 -99.000000  -8.100405   0.000000   0.000241   0.000146   0.001400  0.000E+00        max_dt

         53   5.477551   4836.181 -21.055806 -21.055806   2.000000   2.000000   0.755800   0.000071   0.242800  -9.228101    520      1
-5.0000E+00   5.476961   1.732843 -99.000000 -22.453674 -99.000000   0.000000   0.242800   0.000657   0.001400   0.044808      3
 5.2500E-04  -3.828429   3.158390 -99.000000 -99.000000  -8.097532   0.000000   0.000241   0.000146   0.001400  0.000E+00        max_dt

         54   5.477551   4832.836 -21.055806 -21.055806   2.000000   2.000000   0.755800   0.000071   0.242800  -9.228100    520      1
-5.0000E+00   5.476961   1.732805 -99.000000 -22.453674 -99.000000   0.000000   0.242800   0.000657   0.001400   0.044808      3
 5.3500E-04  -3.828429   3.157112 -99.000000 -99.000000  -8.094731   0.000000   0.000241   0.000146   0.001400  0.000E+00        max_dt

         55   5.477551   4829.526 -21.055806 -21.055806   2.000000   2.000000   0.755800   0.000071   0.242800  -9.228099    519      1
-5.0000E+00   5.476961   1.732768 -99.000000 -22.453674 -99.000000   0.000000   0.242800   0.000657   0.001400   0.044808      3
 5.4500E-04  -3.828429   3.155847 -99.000000 -99.000000  -8.091964   0.000000   0.000241   0.000146   0.001400  0.000E+00        max_dt

         56   5.477551   4826.307 -21.055806 -21.055806   2.000000   2.000000   0.755800   0.000071   0.242800  -9.228099    519      1
-5.0000E+00   5.476961   1.732731 -99.000000 -22.453674 -99.000000   0.000000   0.242800   0.000657   0.001400   0.044808      3
 5.5500E-04  -3.828428   3.154616 -99.000000 -99.000000  -8.089275   0.000000   0.000241   0.000146   0.001400  0.000E+00        max_dt

         57   5.477551   4823.140 -21.055806 -21.055806   2.000000   2.000000   0.755800   0.000071   0.242800  -9.228098    519      1
-5.0000E+00   5.476961   1.732695 -99.000000 -22.453674 -99.000000   0.000000   0.242800   0.000657   0.001400   0.044808      3
 5.6500E-04  -3.828428   3.153403 -99.000000 -99.000000  -8.086633   0.000000   0.000241   0.000146   0.001400  0.000E+00        max_dt

         58   5.477551   4820.046 -21.055806 -21.055806   2.000000   2.000000   0.755800   0.000071   0.242800  -9.228097    519      1
-5.0000E+00   5.476961   1.732659 -99.000000 -22.453675 -99.000000   0.000000   0.242800   0.000657   0.001400   0.044808      3
 5.7500E-04  -3.828428   3.152217 -99.000000 -99.000000  -8.084055   0.000000   0.000241   0.000146   0.001400  0.000E+00        max_dt

         59   5.477551   4817.025 -21.055807 -21.055807   2.000000   2.000000   0.755800   0.000071   0.242800  -9.228097    519      1
-5.0000E+00   5.476961   1.732625 -99.000000 -22.453675 -99.000000   0.000000   0.242800   0.000657   0.001400   0.044808      3
 5.8500E-04  -3.828428   3.151059 -99.000000 -99.000000  -8.081540   0.000000   0.000241   0.000146   0.001400  0.000E+00        max_dt


__________________________________________________________________________________________________________________________________________________

       step    lg_Tmax     Teff     lg_LH      lg_Lnuc_tot     Mass       H_rich     H_cntr     N_cntr     Y_surf   eta_cntr   zones  retry
  lg_dt_yrs    lg_Tcntr    lg_R     lg_L3a     lg_Lneu     lg_Mdot    He_core    He_cntr    O_cntr     Z_surf   gam_cntr   iters  
    age_yrs    lg_Dcntr    lg_L     lg_LZ      lg_Lphoto   lg_Dsurf   CO_core    C_cntr     Ne_cntr    Z_cntr   v_div_cs       dt_limit
__________________________________________________________________________________________________________________________________________________

         60   5.477551   4814.071 -21.055807 -21.055807   2.000000   2.000000   0.755800   0.000071   0.242800  -9.228096    519      1
-5.0000E+00   5.476961   1.732591 -99.000000 -22.453675 -99.000000   0.000000   0.242800   0.000657   0.001400   0.044808      3
 5.9500E-04  -3.828428   3.149925 -99.000000 -99.000000  -8.079085   0.000000   0.000241   0.000146   0.001400  0.000E+00        max_dt

         61   5.477551   4811.178 -21.055807 -21.055807   2.000000   2.000000   0.755800   0.000071   0.242800  -9.228096    519      1
-5.0000E+00   5.476961   1.732557 -99.000000 -22.453675 -99.000000   0.000000   0.242800   0.000657   0.001400   0.044808      3
 6.0500E-04  -3.828428   3.148814 -99.000000 -99.000000  -8.076684   0.000000   0.000241   0.000146   0.001400  0.000E+00        max_dt

         62   5.477551   4808.343 -21.055807 -21.055807   2.000000   2.000000   0.755800   0.000071   0.242800  -9.228095    519      1
-5.0000E+00   5.476961   1.732524 -99.000000 -22.453675 -99.000000   0.000000   0.242800   0.000657   0.001400   0.044808      3
 6.1500E-04  -3.828427   3.147724 -99.000000 -99.000000  -8.074333   0.000000   0.000241   0.000146   0.001400  0.000E+00        max_dt

         63   5.477551   4805.550 -21.055807 -21.055807   2.000000   2.000000   0.755800   0.000071   0.242800  -9.228095    518      1
-5.0000E+00   5.476961   1.732492 -99.000000 -22.453675 -99.000000   0.000000   0.242800   0.000657   0.001400   0.044808      3
 6.2500E-04  -3.828427   3.146650 -99.000000 -99.000000  -8.072020   0.000000   0.000241   0.000146   0.001400  0.000E+00        max_dt

         64   5.477551   4802.777 -21.055807 -21.055807   2.000000   2.000000   0.755800   0.000071   0.242800  -9.228094    517      1
-5.0000E+00   5.476961   1.732460 -99.000000 -22.453675 -99.000000   0.000000   0.242800   0.000657   0.001400   0.044808      3
 6.3500E-04  -3.828427   3.145583 -99.000000 -99.000000  -8.069727   0.000000   0.000241   0.000146   0.001400  0.000E+00        max_dt

         65   5.477551   4800.063 -21.055807 -21.055807   2.000000   2.000000   0.755800   0.000071   0.242800  -9.228094    517      1
-5.0000E+00   5.476961   1.732428 -99.000000 -22.453675 -99.000000   0.000000   0.242800   0.000657   0.001400   0.044808      3
 6.4500E-04  -3.828427   3.144538 -99.000000 -99.000000  -8.067485   0.000000   0.000241   0.000146   0.001400  0.000E+00        max_dt

         66   5.477551   4797.408 -21.055807 -21.055807   2.000000   2.000000   0.755800   0.000071   0.242800  -9.228093    517      1
-5.0000E+00   5.476961   1.732397 -99.000000 -22.453675 -99.000000   0.000000   0.242800   0.000657   0.001400   0.044808      3
 6.5500E-04  -3.828427   3.143515 -99.000000 -99.000000  -8.065295   0.000000   0.000241   0.000146   0.001400  0.000E+00        max_dt

         67   5.477551   4794.806 -21.055807 -21.055807   2.000000   2.000000   0.755800   0.000071   0.242800  -9.228093    517      1
-5.0000E+00   5.476961   1.732367 -99.000000 -22.453676 -99.000000   0.000000   0.242800   0.000657   0.001400   0.044808      3
 6.6500E-04  -3.828427   3.142512 -36.725659 -99.000000  -8.063151   0.000000   0.000241   0.000146   0.001400  0.000E+00        max_dt

         68   5.477551   4792.259 -21.055808 -21.055808   2.000000   2.000000   0.755800   0.000071   0.242800  -9.228092    518      1
-5.0000E+00   5.476961   1.732337 -99.000000 -22.453676 -99.000000   0.000000   0.242800   0.000657   0.001400   0.044808      3
 6.7500E-04  -3.828427   3.141528 -99.000000 -99.000000  -8.061055   0.000000   0.000241   0.000146   0.001400  0.000E+00        max_dt

         69   5.477551   4789.745 -21.055808 -21.055808   2.000000   2.000000   0.755800   0.000071   0.242800  -9.228092    517      1
-5.0000E+00   5.476961   1.732307 -99.000000 -22.453676 -99.000000   0.000000   0.242800   0.000657   0.001400   0.044808      3
 6.8500E-04  -3.828426   3.140558 -99.000000 -99.000000  -8.058989   0.000000   0.000241   0.000146   0.001400  0.000E+00        max_dt


__________________________________________________________________________________________________________________________________________________

       step    lg_Tmax     Teff     lg_LH      lg_Lnuc_tot     Mass       H_rich     H_cntr     N_cntr     Y_surf   eta_cntr   zones  retry
  lg_dt_yrs    lg_Tcntr    lg_R     lg_L3a     lg_Lneu     lg_Mdot    He_core    He_cntr    O_cntr     Z_surf   gam_cntr   iters  
    age_yrs    lg_Dcntr    lg_L     lg_LZ      lg_Lphoto   lg_Dsurf   CO_core    C_cntr     Ne_cntr    Z_cntr   v_div_cs       dt_limit
__________________________________________________________________________________________________________________________________________________

         70   5.477551   4787.272 -21.055808 -21.055808   2.000000   2.000000   0.755800   0.000071   0.242800  -9.228092    517      1
-5.0000E+00   5.476961   1.732278 -99.000000 -22.453676 -99.000000   0.000000   0.242800   0.000657   0.001400   0.044808      3
 6.9500E-04  -3.828426   3.139603 -99.000000 -99.000000  -8.056959   0.000000   0.000241   0.000146   0.001400  0.000E+00        max_dt

         71   5.477551   4784.820 -21.055808 -21.055808   2.000000   2.000000   0.755800   0.000071   0.242800  -9.228091    518      1
-5.0000E+00   5.476960   1.732249 -99.000000 -22.453676 -99.000000   0.000000   0.242800   0.000657   0.001400   0.044808      3
 7.0500E-04  -3.828426   3.138655 -99.000000 -99.000000  -8.054949   0.000000   0.000241   0.000146   0.001400  0.000E+00        max_dt

         72   5.477551   4782.406 -21.055808 -21.055808   2.000000   2.000000   0.755800   0.000071   0.242800  -9.228091    518      1
-5.0000E+00   5.476960   1.732221 -99.000000 -22.453676 -99.000000   0.000000   0.242800   0.000657   0.001400   0.044808      3
 7.1500E-04  -3.828426   3.137722 -99.000000 -99.000000  -8.052973   0.000000   0.000241   0.000146   0.001400  0.000E+00        max_dt

         73   5.477552   4780.037 -21.055808 -21.055808   2.000000   2.000000   0.755800   0.000071   0.242800  -9.228091    518      1
-5.0000E+00   5.476960   1.732193 -99.000000 -22.453676 -99.000000   0.000000   0.242800   0.000657   0.001400   0.044808      3
 7.2500E-04  -3.828426   3.136805 -99.000000 -99.000000  -8.051037   0.000000   0.000241   0.000146   0.001400  0.000E+00        max_dt

         74   5.477552   4777.712 -21.055808 -21.055808   2.000000   2.000000   0.755800   0.000071   0.242800  -9.228090    518      1
-5.0000E+00   5.476960   1.732166 -99.000000 -22.453676 -99.000000   0.000000   0.242800   0.000657   0.001400   0.044808      3
 7.3500E-04  -3.828426   3.135905 -99.000000 -99.000000  -8.049138   0.000000   0.000241   0.000146   0.001400  0.000E+00        max_dt

         75   5.477552   4775.419 -21.055808 -21.055808   2.000000   2.000000   0.755800   0.000071   0.242800  -9.228090    517      1
-5.0000E+00   5.476960   1.732138 -99.000000 -22.453676 -99.000000   0.000000   0.242800   0.000657   0.001400   0.044808      3
 7.4500E-04  -3.828426   3.135016 -99.000000 -99.000000  -8.047267   0.000000   0.000241   0.000146   0.001400  0.000E+00        max_dt

         76   5.477552   4773.164 -21.055808 -21.055808   2.000000   2.000000   0.755800   0.000071   0.242800  -9.228090    517      1
-5.0000E+00   5.476960   1.732112 -99.000000 -22.453676 -99.000000   0.000000   0.242800   0.000657   0.001400   0.044808      3
 7.5500E-04  -3.828426   3.134143 -36.725659 -99.000000  -8.045431   0.000000   0.000241   0.000146   0.001400  0.000E+00        max_dt

         77   5.477552   4770.950 -21.055808 -21.055808   2.000000   2.000000   0.755800   0.000071   0.242800  -9.228089    517      1
-5.0000E+00   5.476960   1.732085 -99.000000 -22.453676 -99.000000   0.000000   0.242800   0.000657   0.001400   0.044808      3
 7.6500E-04  -3.828426   3.133284 -99.000000 -99.000000  -8.043630   0.000000   0.000241   0.000146   0.001400  0.000E+00        max_dt

         78   5.477552   4768.773 -21.055808 -21.055808   2.000000   2.000000   0.755800   0.000071   0.242800  -9.228089    517      1
-5.0000E+00   5.476960   1.732059 -99.000000 -22.453677 -99.000000   0.000000   0.242800   0.000657   0.001400   0.044808      3
 7.7500E-04  -3.828425   3.132439 -99.000000 -99.000000  -8.041862   0.000000   0.000241   0.000146   0.001400  0.000E+00        max_dt

         79   5.477552   4766.632 -21.055808 -21.055808   2.000000   2.000000   0.755800   0.000071   0.242800  -9.228089    517      1
-5.0000E+00   5.476960   1.732034 -99.000000 -22.453677 -99.000000   0.000000   0.242800   0.000657   0.001400   0.044808      3
 7.8500E-04  -3.828425   3.131608 -99.000000 -99.000000  -8.040124   0.000000   0.000241   0.000146   0.001400  0.000E+00        max_dt


__________________________________________________________________________________________________________________________________________________

       step    lg_Tmax     Teff     lg_LH      lg_Lnuc_tot     Mass       H_rich     H_cntr     N_cntr     Y_surf   eta_cntr   zones  retry
  lg_dt_yrs    lg_Tcntr    lg_R     lg_L3a     lg_Lneu     lg_Mdot    He_core    He_cntr    O_cntr     Z_surf   gam_cntr   iters  
    age_yrs    lg_Dcntr    lg_L     lg_LZ      lg_Lphoto   lg_Dsurf   CO_core    C_cntr     Ne_cntr    Z_cntr   v_div_cs       dt_limit
__________________________________________________________________________________________________________________________________________________

         80   5.477552   4764.525 -21.055809 -21.055809   2.000000   2.000000   0.755800   0.000071   0.242800  -9.228089    517      1
-5.0000E+00   5.476960   1.732008 -99.000000 -22.453677 -99.000000   0.000000   0.242800   0.000657   0.001400   0.044808      3
 7.9500E-04  -3.828425   3.130789 -99.000000 -99.000000  -8.038416   0.000000   0.000241   0.000146   0.001400  0.000E+00        max_dt

         81   5.477552   4762.448 -21.055809 -21.055809   2.000000   2.000000   0.755800   0.000071   0.242800  -9.228088    519      1
-5.0000E+00   5.476960   1.731983 -99.000000 -22.453677 -99.000000   0.000000   0.242800   0.000657   0.001400   0.044808      3
 8.0500E-04  -3.828425   3.129982 -99.000000 -99.000000  -8.036735   0.000000   0.000241   0.000146   0.001400  0.000E+00        max_dt

         82   5.477552   4760.440 -21.055809 -21.055809   2.000000   2.000000   0.755800   0.000071   0.242800  -9.228088    521      1
-5.0000E+00   5.476960   1.731959 -99.000000 -22.453677 -99.000000   0.000000   0.242800   0.000657   0.001400   0.044808      3
 8.1500E-04  -3.828425   3.129200 -99.000000 -99.000000  -8.035112   0.000000   0.000241   0.000146   0.001400  0.000E+00        max_dt

         83   5.477552   4758.467 -21.055809 -21.055809   2.000000   2.000000   0.755800   0.000071   0.242800  -9.228088    521      1
-5.0000E+00   5.476960   1.731935 -99.000000 -22.453677 -99.000000   0.000000   0.242800   0.000657   0.001400   0.044808      3
 8.2500E-04  -3.828425   3.128432 -99.000000 -99.000000  -8.033518   0.000000   0.000241   0.000146   0.001400  0.000E+00        max_dt

         84   5.477552   4756.509 -21.055809 -21.055809   2.000000   2.000000   0.755800   0.000071   0.242800  -9.228088    521      1
-5.0000E+00   5.476960   1.731911 -99.000000 -22.453677 -99.000000   0.000000   0.242800   0.000657   0.001400   0.044808      3
 8.3500E-04  -3.828425   3.127670 -36.725659 -99.000000  -8.031939   0.000000   0.000241   0.000146   0.001400  0.000E+00        max_dt

         85   5.477552   4754.567 -21.055809 -21.055809   2.000000   2.000000   0.755800   0.000071   0.242800  -9.228088    521      1
-5.0000E+00   5.476960   1.731888 -99.000000 -22.453677 -99.000000   0.000000   0.242800   0.000657   0.001400   0.044808      3
 8.4500E-04  -3.828425   3.126913 -99.000000 -99.000000  -8.030375   0.000000   0.000241   0.000146   0.001400  0.000E+00        max_dt

         86   5.477552   4752.644 -21.055809 -21.055809   2.000000   2.000000   0.755800   0.000071   0.242800  -9.228087    521      1
-5.0000E+00   5.476960   1.731864 -99.000000 -22.453677 -99.000000   0.000000   0.242800   0.000657   0.001400   0.044808      3
 8.5500E-04  -3.828425   3.126163 -99.000000 -99.000000  -8.028827   0.000000   0.000241   0.000146   0.001400  0.000E+00        max_dt

         87   5.477552   4750.721 -21.055809 -21.055809   2.000000   2.000000   0.755800   0.000071   0.242800  -9.228087    520      1
-5.0000E+00   5.476960   1.731841 -99.000000 -22.453677 -99.000000   0.000000   0.242800   0.000657   0.001400   0.044808      3
 8.6500E-04  -3.828425   3.125414 -99.000000 -99.000000  -8.027283   0.000000   0.000241   0.000146   0.001400  0.000E+00        max_dt

         88   5.477552   4748.824 -21.055809 -21.055809   2.000000   2.000000   0.755800   0.000071   0.242800  -9.228087    520      1
-5.0000E+00   5.476960   1.731818 -99.000000 -22.453677 -99.000000   0.000000   0.242800   0.000657   0.001400   0.044808      3
 8.7500E-04  -3.828425   3.124674 -99.000000 -99.000000  -8.025760   0.000000   0.000241   0.000146   0.001400  0.000E+00        max_dt

         89   5.477552   4746.930 -21.055809 -21.055809   2.000000   2.000000   0.755800   0.000071   0.242800  -9.228087    518      1
-5.0000E+00   5.476960   1.731795 -99.000000 -22.453677 -99.000000   0.000000   0.242800   0.000657   0.001400   0.044808      3
 8.8500E-04  -3.828425   3.123935 -99.000000 -99.000000  -8.024242   0.000000   0.000241   0.000146   0.001400  0.000E+00        max_dt


__________________________________________________________________________________________________________________________________________________

       step    lg_Tmax     Teff     lg_LH      lg_Lnuc_tot     Mass       H_rich     H_cntr     N_cntr     Y_surf   eta_cntr   zones  retry
  lg_dt_yrs    lg_Tcntr    lg_R     lg_L3a     lg_Lneu     lg_Mdot    He_core    He_cntr    O_cntr     Z_surf   gam_cntr   iters  
    age_yrs    lg_Dcntr    lg_L     lg_LZ      lg_Lphoto   lg_Dsurf   CO_core    C_cntr     Ne_cntr    Z_cntr   v_div_cs       dt_limit
__________________________________________________________________________________________________________________________________________________

         90   5.477552   4745.065 -21.055809 -21.055809   2.000000   2.000000   0.755800   0.000071   0.242800  -9.228087    518      1
-5.0000E+00   5.476960   1.731773 -99.000000 -22.453677 -99.000000   0.000000   0.242800   0.000657   0.001400   0.044808      3
 8.9500E-04  -3.828425   3.123207 -99.000000 -99.000000  -8.022749   0.000000   0.000241   0.000146   0.001400  0.000E+00        max_dt

         91   5.477552   4743.234 -21.055809 -21.055809   2.000000   2.000000   0.755800   0.000071   0.242800  -9.228087    518      1
-5.0000E+00   5.476960   1.731750 -99.000000 -22.453677 -99.000000   0.000000   0.242800   0.000657   0.001400   0.044808      3
 9.0500E-04  -3.828424   3.122492 -99.000000 -99.000000  -8.021285   0.000000   0.000241   0.000146   0.001400  0.000E+00        max_dt

         92   5.477552   4741.434 -21.055809 -21.055809   2.000000   2.000000   0.755800   0.000071   0.242800  -9.228086    518      1
-5.0000E+00   5.476960   1.731728 -99.000000 -22.453677 -99.000000   0.000000   0.242800   0.000657   0.001400   0.044808      3
 9.1500E-04  -3.828424   3.121789 -99.000000 -99.000000  -8.019848   0.000000   0.000241   0.000146   0.001400  0.000E+00        max_dt

         93   5.477552   4739.662 -21.055809 -21.055809   2.000000   2.000000   0.755800   0.000071   0.242800  -9.228086    518      1
-5.0000E+00   5.476960   1.731707 -99.000000 -22.453677 -99.000000   0.000000   0.242800   0.000657   0.001400   0.044808      3
 9.2500E-04  -3.828424   3.121097 -99.000000 -99.000000  -8.018435   0.000000   0.000241   0.000146   0.001400  0.000E+00        max_dt

         94   5.477552   4737.927 -21.055809 -21.055809   2.000000   2.000000   0.755800   0.000071   0.242800  -9.228086    520      1
-5.0000E+00   5.476960   1.731685 -99.000000 -22.453678 -99.000000   0.000000   0.242800   0.000657   0.001400   0.044808      3
 9.3500E-04  -3.828424   3.120418 -99.000000 -99.000000  -8.017052   0.000000   0.000241   0.000146   0.001400  0.000E+00        max_dt

         95   5.477552   4736.210 -21.055809 -21.055809   2.000000   2.000000   0.755800   0.000071   0.242800  -9.228086    520      1
-5.0000E+00   5.476960   1.731664 -99.000000 -22.453678 -99.000000   0.000000   0.242800   0.000657   0.001400   0.044808      3
 9.4500E-04  -3.828424   3.119746 -99.000000 -99.000000  -8.015687   0.000000   0.000241   0.000146   0.001400  0.000E+00        max_dt

         96   5.477552   4734.511 -21.055809 -21.055809   2.000000   2.000000   0.755800   0.000071   0.242800  -9.228086    520      1
-5.0000E+00   5.476960   1.731643 -99.000000 -22.453678 -99.000000   0.000000   0.242800   0.000657   0.001400   0.044808      3
 9.5500E-04  -3.828424   3.119081 -99.000000 -99.000000  -8.014336   0.000000   0.000241   0.000146   0.001400  0.000E+00        max_dt

         97   5.477552   4732.823 -21.055810 -21.055810   2.000000   2.000000   0.755800   0.000071   0.242800  -9.228086    519      1
-5.0000E+00   5.476960   1.731623 -99.000000 -22.453678 -99.000000   0.000000   0.242800   0.000657   0.001400   0.044808      3
 9.6500E-04  -3.828424   3.118420 -99.000000 -99.000000  -8.012996   0.000000   0.000241   0.000146   0.001400  0.000E+00        max_dt

         98   5.477552   4731.154 -21.055810 -21.055810   2.000000   2.000000   0.755800   0.000071   0.242800  -9.228086    519      1
-5.0000E+00   5.476960   1.731602 -99.000000 -22.453678 -99.000000   0.000000   0.242800   0.000657   0.001400   0.044808      3
 9.7500E-04  -3.828424   3.117766 -36.725659 -99.000000  -8.011673   0.000000   0.000241   0.000146   0.001400  0.000E+00        max_dt

         99   5.477552   4729.505 -21.055810 -21.055810   2.000000   2.000000   0.755800   0.000071   0.242800  -9.228085    519      1
-5.0000E+00   5.476960   1.731582 -99.000000 -22.453678 -99.000000   0.000000   0.242800   0.000657   0.001400   0.044808      3
 9.8500E-04  -3.828424   3.117120 -99.000000 -99.000000  -8.010367   0.000000   0.000241   0.000146   0.001400  0.000E+00        max_dt


__________________________________________________________________________________________________________________________________________________

       step    lg_Tmax     Teff     lg_LH      lg_Lnuc_tot     Mass       H_rich     H_cntr     N_cntr     Y_surf   eta_cntr   zones  retry
  lg_dt_yrs    lg_Tcntr    lg_R     lg_L3a     lg_Lneu     lg_Mdot    He_core    He_cntr    O_cntr     Z_surf   gam_cntr   iters  
    age_yrs    lg_Dcntr    lg_L     lg_LZ      lg_Lphoto   lg_Dsurf   CO_core    C_cntr     Ne_cntr    Z_cntr   v_div_cs       dt_limit
__________________________________________________________________________________________________________________________________________________

        100   5.477552   4727.891 -21.055810 -21.055810   2.000000   2.000000   0.755800   0.000071   0.242800  -9.228085    520      1
-5.0000E+00   5.476960   1.731562 -99.000000 -22.453678 -99.000000   0.000000   0.242800   0.000657   0.001400   0.044808      3
 9.9500E-04  -3.828424   3.116487 -99.000000 -99.000000  -8.009090   0.000000   0.000241   0.000146   0.001400  0.000E+00        max_dt


 finished doing relax num steps


                                relax_to_radiative_core

          1   5.477552   4726.303 -21.055810 -21.055810   2.000000   2.000000   0.755800   0.000071   0.242800  -9.228085    520      0
-5.0000E+00   5.476960   1.731542 -99.000000 -22.453678 -99.000000   0.000000   0.242800   0.000657   0.001400   0.044808      3
 1.0000E-05  -3.828424   3.115864 -99.000000 -99.000000  -8.007836   0.000000   0.000241   0.000146   0.001400  0.000E+00        max_dt

           waiting for fully convective core to develop           1    1.5437429319649137D-01
          2   5.477552   4723.186 -21.055810 -21.055810   2.000000   2.000000   0.755800   0.000071   0.242800  -9.228085    520      0
-4.6990E+00   5.476960   1.731503 -99.000000 -22.453678 -99.000000   0.000000   0.242800   0.000657   0.001400   0.044808      3
 3.0000E-05  -3.828424   3.114640 -99.000000 -99.000000  -8.005376   0.000000   0.000241   0.000146   0.001400  0.000E+00  max increase

           waiting for fully convective core to develop           2    1.5437427166206544D-01
          3   5.477552   4717.166 -21.055810 -21.055810   2.000000   2.000000   0.755800   0.000071   0.242800  -9.228085    520      0
-4.3979E+00   5.476960   1.731428 -99.000000 -22.453678 -99.000000   0.000000   0.242800   0.000657   0.001400   0.044808      3
 7.0000E-05  -3.828424   3.112273 -99.000000 -99.000000  -8.000644   0.000000   0.000241   0.000146   0.001400  0.000E+00  max increase

           waiting for fully convective core to develop           3    1.5437423173004899D-01
          4   5.477553   4705.536 -21.055810 -21.055810   2.000000   2.000000   0.755800   0.000071   0.242800  -9.228084    515      0
-4.0969E+00   5.476960   1.731284 -99.000000 -22.453678 -99.000000   0.000000   0.242800   0.000657   0.001400   0.044808      3
 1.5000E-04  -3.828423   3.107698 -99.000000 -99.000000  -7.991571   0.000000   0.000241   0.000146   0.001400  0.000E+00  max increase

           waiting for fully convective core to develop           4    1.5437416257214137D-01
          5   5.477553   4685.989 -21.055810 -21.055810   2.000000   2.000000   0.755800   0.000071   0.242800  -9.228083    515      0
-3.7959E+00   5.476960   1.731031 -99.000000 -22.453678 -99.000000   0.000000   0.242800   0.000657   0.001400   0.044808      3
 3.1000E-04  -3.828423   3.099962 -99.000000 -99.000000  -7.976521   0.000000   0.000241   0.000146   0.001400  0.000E+00  max increase

           waiting for fully convective core to develop           5    1.5437405643910740D-01
          6   5.477553   4654.222 -21.055810 -21.055810   2.000000   2.000000   0.755800   0.000071   0.242800  -9.228082    517      0
-3.4949E+00   5.476961   1.730612 -99.000000 -22.453678 -99.000000   0.000000   0.242800   0.000657   0.001400   0.044808      3
 6.3000E-04  -3.828422   3.087307 -99.000000 -99.000000  -7.952689   0.000000   0.000241   0.000146   0.001400  0.000E+00  max increase

           waiting for fully convective core to develop           6    1.5437392150080989D-01
          7   5.477554   4609.114 -21.055807 -21.055807   2.000000   2.000000   0.755800   0.000071   0.242800  -9.228081    519      0
-3.1938E+00   5.476961   1.729988 -99.000000 -22.453675 -99.000000   0.000000   0.242800   0.000657   0.001400   0.044808      3
 1.2700E-03  -3.828421   3.069141 -99.000000 -99.000000  -7.920389   0.000000   0.000241   0.000146   0.001400  0.000E+00  max increase

           waiting for fully convective core to develop           7    1.5437378784602412D-01
          8   5.477555   4551.918 -21.055802 -21.055802   2.000000   2.000000   0.755800   0.000071   0.242800  -9.228080    514      0
-2.8928E+00   5.476962   1.729160 -99.000000 -22.453670 -99.000000   0.000000   0.242800   0.000657   0.001400   0.044808      3
 2.5500E-03  -3.828419   3.045792 -99.000000 -99.000000  -7.882559   0.000000   0.000241   0.000146   0.001400  0.000E+00  max increase

           waiting for fully convective core to develop           8    1.5437368450998434D-01
          9   5.477556   4488.749 -21.055793 -21.055793   2.000000   2.000000   0.755800   0.000071   0.242800  -9.228080    516      0
-2.5918E+00   5.476963   1.728184 -99.000000 -22.453662 -99.000000   0.000000   0.242800   0.000657   0.001400   0.044808      3
 5.1100E-03  -3.828418   3.019563 -99.000000 -99.000000  -7.845643   0.000000   0.000241   0.000146   0.001400  0.000E+00  max increase

           waiting for fully convective core to develop           9    1.5437361176045328D-01

__________________________________________________________________________________________________________________________________________________

       step    lg_Tmax     Teff     lg_LH      lg_Lnuc_tot     Mass       H_rich     H_cntr     N_cntr     Y_surf   eta_cntr   zones  retry
  lg_dt_yrs    lg_Tcntr    lg_R     lg_L3a     lg_Lneu     lg_Mdot    He_core    He_cntr    O_cntr     Z_surf   gam_cntr   iters  
    age_yrs    lg_Dcntr    lg_L     lg_LZ      lg_Lphoto   lg_Dsurf   CO_core    C_cntr     Ne_cntr    Z_cntr   v_div_cs       dt_limit
__________________________________________________________________________________________________________________________________________________

         10   5.477557   4428.249 -21.055778 -21.055778   2.000000   2.000000   0.755800   0.000071   0.242800  -9.228079    507      0
-2.2907E+00   5.476964   1.727145 -99.000000 -22.453646 -99.000000   0.000000   0.242800   0.000657   0.001400   0.044808      3
 1.0230E-02  -3.828416   2.993913 -99.000000 -99.000000  -7.815789   0.000000   0.000241   0.000146   0.001400  0.000E+00  max increase

           waiting for fully convective core to develop          10    1.4790060888854037D-01
         11   5.477559   4377.344 -21.055747 -21.055747   2.000000   2.000000   0.755800   0.000071   0.242800  -9.228079    515      0
-1.9897E+00   5.476966   1.726120 -99.000000 -22.453615 -99.000000   0.000000   0.242800   0.000657   0.001400   0.044808      3
 2.0470E-02  -3.828413   2.971777 -99.000000 -99.000000  -7.794500   0.000000   0.000241   0.000146   0.001400  0.000E+00  max increase

           waiting for fully convective core to develop          11    1.4789903656354203D-01
         12   5.477563   4340.864 -21.055678 -21.055678   2.000000   2.000000   0.755800   0.000071   0.242800  -9.228079    509      0
-1.6887E+00   5.476970   1.725179 -99.000000 -22.453547 -99.000000   0.000000   0.242800   0.000657   0.001400   0.044807      3
 4.0950E-02  -3.828407   2.955357 -99.000000 -99.000000  -7.780835   0.000000   0.000241   0.000146   0.001400  0.000E+00  max increase

           waiting for fully convective core to develop          12    1.4145397454196196D-01
         13   5.477572   4318.920 -21.055506 -21.055506   2.000000   2.000000   0.755800   0.000071   0.242800  -9.228078    512      0
-1.3876E+00   5.476979   1.724383 -99.000000 -22.453374 -99.000000   0.000000   0.242800   0.000657   0.001400   0.044807      3
 8.1910E-02  -3.828393   2.944961 -36.725659 -99.000000  -7.772958   0.000000   0.000241   0.000146   0.001400  0.000E+00  max increase

           waiting for fully convective core to develop          13    1.3253705493721268D-01
         14   5.477594   4308.052 -21.055078 -21.055078   2.000000   2.000000   0.755800   0.000071   0.242800  -9.228077    509      0
-1.0866E+00   5.477002   1.723767 -99.000000 -22.452946 -99.000000   0.000000   0.242800   0.000657   0.001400   0.044806      3
 1.6383E-01  -3.828358   2.939352 -36.725659 -99.000000  -7.768949   0.000000   0.000241   0.000146   0.001400  0.000E+00  max increase

           waiting for fully convective core to develop          14    1.1604783490661742D-01
         15   5.477648   4303.936 -21.054069 -21.054069   2.000000   2.000000   0.755800   0.000071   0.242800  -9.228073    511      0
-7.8558E-01   5.477056   1.723322 -99.000000 -22.451937 -99.000000   0.000000   0.242800   0.000657   0.001400   0.044803      3
 3.2767E-01  -3.828275   2.936801 -99.000000 -99.000000  -7.767212   0.000000   0.000241   0.000146   0.001400  0.000E+00  max increase

           waiting for fully convective core to develop          15    9.9734595208098367D-02
         16   5.477777   4302.771 -21.051714 -21.051714   2.000000   2.000000   0.755800   0.000071   0.242800  -9.228064    509      0
-4.8455E-01   5.477185   1.722984 -99.000000 -22.449583 -99.000000   0.000000   0.242800   0.000657   0.001400   0.044797      3
 6.5535E-01  -3.828077   2.935655 -99.000000 -99.000000  -7.766480   0.000000   0.000241   0.000146   0.001400  0.000E+00  max increase

           waiting for fully convective core to develop          16    8.0200030684418000D-02
         17   5.478075   4302.698 -21.046554 -21.046554   2.000000   2.000000   0.755800   0.000071   0.242800  -9.228045    511      0
-1.8352E-01   5.477485   1.722644 -99.000000 -22.444422 -99.000000   0.000000   0.242800   0.000657   0.001400   0.044781      3
 1.3107E+00  -3.827619   2.934945 -99.000000 -99.000000  -7.766069   0.000000   0.000241   0.000146   0.001400  0.000E+00  max increase

           waiting for fully convective core to develop          17    6.2534117794198610D-02
         18   5.478718   4303.068 -21.036231 -21.036231   2.000000   2.000000   0.755800   0.000071   0.242800  -9.228003    508      0
 1.1751E-01   5.478131   1.722131 -99.000000 -22.434099 -99.000000   0.000000   0.242800   0.000657   0.001400   0.044749      3
 2.6214E+00  -3.826632   2.934069 -99.000000 -99.000000  -7.765591   0.000000   0.000241   0.000146   0.001400  0.000E+00  max increase

           waiting for fully convective core to develop          18    4.6293403296898281D-02
         19   5.480097   4304.032 -21.018632 -21.018632   2.000000   2.000000   0.755800   0.000071   0.242800  -9.227915    510      0
 4.1854E-01   5.479516   1.721187 -99.000000 -22.416500 -99.000000   0.000000   0.242800   0.000657   0.001400   0.044679      3
 5.2429E+00  -3.824517   2.932570 -99.000000 -99.000000  -7.764796   0.000000   0.000241   0.000146   0.001400  0.000E+00  max increase

           waiting for fully convective core to develop          19    3.1416440464027535D-02

__________________________________________________________________________________________________________________________________________________

       step    lg_Tmax     Teff     lg_LH      lg_Lnuc_tot     Mass       H_rich     H_cntr     N_cntr     Y_surf   eta_cntr   zones  retry
  lg_dt_yrs    lg_Tcntr    lg_R     lg_L3a     lg_Lneu     lg_Mdot    He_core    He_cntr    O_cntr     Z_surf   gam_cntr   iters  
    age_yrs    lg_Dcntr    lg_L     lg_LZ      lg_Lphoto   lg_Dsurf   CO_core    C_cntr     Ne_cntr    Z_cntr   v_div_cs       dt_limit
__________________________________________________________________________________________________________________________________________________

         20   5.482880   4305.949 -20.985899 -20.985899   2.000000   2.000000   0.755800   0.000071   0.242800  -9.227733    508      0
 7.1957E-01   5.482342   1.719334 -99.000000 -22.383767 -99.000000   0.000000   0.242800   0.000657   0.001400   0.044536      3
 1.0486E+01  -3.820200   2.929637 -99.000000 -99.000000  -7.763242   0.000000   0.000241   0.000146   0.001400  0.000E+00  max increase

           waiting for fully convective core to develop          20    3.5904816728291947D-03
         21   5.486626   4309.680 -20.918643 -20.918643   2.000000   2.000000   0.755800   0.000071   0.242800  -9.220668    510      0
 1.0206E+00   5.486626   1.715693 -99.000000 -22.316511 -99.000000   0.000000   0.242800   0.000657   0.001400   0.044422      3
 2.0972E+01  -3.810707   2.923860 -99.000000 -99.000000  -7.760185   0.000000   0.000241   0.000146   0.001400  0.000E+00  max increase

           waiting for fully convective core to develop          21    1.7985028326952563D-04
         22   5.492299   4316.818 -20.789729 -20.789729   2.000000   2.000000   0.755800   0.000071   0.242800  -9.192446    508      0
 1.3216E+00   5.492299   1.708709 -99.000000 -22.187597 -99.000000   0.000000   0.242800   0.000657   0.001400   0.044550      3
 4.1943E+01  -3.789941   2.912766 -99.000000 -99.000000  -7.754332   0.000000   0.000241   0.000146   0.001400  0.000E+00  max increase

             relative mass of radiative core still tiny          22    7.8132180976811516D-08
         23   5.503856   4329.810 -20.566899 -20.566899   2.000000   2.000000   0.755800   0.000071   0.242800  -9.153255    513      0
 1.5927E+00   5.503856   1.696575 -99.000000 -21.964767 -99.000000   0.000000   0.242800   0.000657   0.001400   0.044539      3
 8.1089E+01  -3.755586   2.893719 -99.000000 -99.000000  -7.744410   0.000000   0.000241   0.000146   0.001400  0.000E+00    varcontrol

             relative mass of radiative core still tiny          23    7.8132180976811516D-08
         24   5.518983   4345.121 -20.277531 -20.277531   2.000000   2.000000   0.755800   0.000071   0.242800  -9.101889    512      0
 1.7510E+00   5.518983   1.680702 -99.000000 -21.675399 -99.000000   0.000000   0.242800   0.000657   0.001400   0.044526      3
 1.3746E+02  -3.710590   2.868104 -99.000000 -99.000000  -7.731027   0.000000   0.000241   0.000146   0.001400  0.000E+00    varcontrol

             relative mass of radiative core still tiny          24    7.8132181198856121D-08
         25   5.536076   4365.341 -19.953803 -19.953803   2.000000   2.000000   0.755800   0.000071   0.242800  -9.043758    516      0
 1.8497E+00   5.536076   1.662764 -99.000000 -21.351671 -99.000000   0.000000   0.242800   0.000657   0.001400   0.044512      3
 2.0821E+02  -3.659707   2.840294 -99.000000 -99.000000  -7.717055   0.000000   0.000241   0.000146   0.001400  0.000E+00    varcontrol

             relative mass of radiative core still tiny          25    7.8132181198856121D-08
         26   5.554088   4384.212 -19.616457 -19.616457   2.000000   2.000000   0.755800   0.000071   0.242800  -8.982404    512      0
 1.9215E+00   5.554088   1.643877 -99.000000 -21.014325 -99.000000   0.000000   0.242800   0.000657   0.001400   0.044499      3
 2.9167E+02  -3.606045   2.810014 -99.000000 -99.000000  -7.701799   0.000000   0.000241   0.000146   0.001400  0.000E+00    varcontrol

             relative mass of radiative core still tiny          26    7.8132181420900726D-08
         27   5.572529   4404.047 -19.275132 -19.275132   2.000000   2.000000   0.755800   0.000071   0.242800  -8.919501    518      0
 1.9816E+00   5.572529   1.624551 -99.000000 -20.673000 -99.000000   0.000000   0.242800   0.000657   0.001400   0.044487      3
 3.8751E+02  -3.551069   2.779202 -99.000000 -99.000000  -7.686662   0.000000   0.000241   0.000146   0.001400  0.000E+00    varcontrol

             relative mass of radiative core still tiny          27    7.8132181420900726D-08
         28   5.591135   4424.195 -18.934838 -18.934838   2.000000   2.000000   0.755800   0.000071   0.242800  -8.855944    524      0
 2.0357E+00   5.591135   1.605062 -99.000000 -20.332706 -99.000000   0.000000   0.242800   0.000657   0.001400   0.044477      3
 4.9607E+02  -3.495559   2.748155 -99.000000 -99.000000  -7.671788   0.000000   0.000241   0.000146   0.001400  0.000E+00    varcontrol

             relative mass of radiative core still tiny          28    7.8132181864989936D-08
         29   5.609787   4441.734 -18.597816 -18.597816   2.000000   2.000000   0.755800   0.000071   0.242800  -8.792154    525      0
 2.0881E+00   5.609787   1.585545 -99.000000 -19.995684 -99.000000   0.000000   0.242800   0.000657   0.001400   0.044467      3
 6.1855E+02  -3.439879   2.715993 -99.000000 -99.000000  -7.656175   0.000000   0.000241   0.000146   0.001400  0.000E+00    varcontrol

             relative mass of radiative core still tiny          29    7.8132181642945331D-08

__________________________________________________________________________________________________________________________________________________

       step    lg_Tmax     Teff     lg_LH      lg_Lnuc_tot     Mass       H_rich     H_cntr     N_cntr     Y_surf   eta_cntr   zones  retry
  lg_dt_yrs    lg_Tcntr    lg_R     lg_L3a     lg_Lneu     lg_Mdot    He_core    He_cntr    O_cntr     Z_surf   gam_cntr   iters  
    age_yrs    lg_Dcntr    lg_L     lg_LZ      lg_Lphoto   lg_Dsurf   CO_core    C_cntr     Ne_cntr    Z_cntr   v_div_cs       dt_limit
__________________________________________________________________________________________________________________________________________________

         30   5.628498   4462.278 -18.263811 -18.263811   2.000000   2.000000   0.755800   0.000071   0.242800  -8.728095    524      0
 2.1397E+00   5.628498   1.565976 -99.000000 -19.661679 -99.000000   0.000000   0.242800   0.000657   0.001400   0.044459      3
 7.5650E+02  -3.383995   2.684872 -99.000000 -99.000000  -7.642081   0.000000   0.000241   0.000146   0.001400  0.000E+00    varcontrol

             relative mass of radiative core still tiny          30    7.8132181642945331D-08
         31   5.647234   4481.422 -17.933400 -17.933400   2.000000   2.000000   0.755800   0.000071   0.242800  -8.663889    527      0
 2.1912E+00   5.647234   1.546400 -99.000000 -19.331268 -99.000000   0.000000   0.242800   0.000657   0.001400   0.044451      3
 9.1180E+02  -3.328009   2.653157 -99.000000 -99.000000  -7.627770   0.000000   0.000241   0.000146   0.001400  0.000E+00    varcontrol

             relative mass of radiative core still tiny          31    7.8132181420900726D-08
         32   5.665983   4499.157 -17.606753 -17.606753   2.000000   2.000000   0.755800   0.000071   0.242800  -8.599585    527      0
 2.2429E+00   5.665983   1.526828 -99.000000 -19.004621 -99.000000   0.000000   0.242800   0.000657   0.001400   0.044445      3
 1.0867E+03  -3.271961   2.620875 -99.000000 -99.000000  -7.613147   0.000000   0.000241   0.000146   0.001400  0.000E+00    varcontrol

             relative mass of radiative core still tiny          32    7.8132182309079146D-08
         33   5.684740   4518.904 -17.283911 -17.283911   2.000000   2.000000   0.755800   0.000071   0.242800  -8.535206    530      0
 2.2936E+00   5.684740   1.507264 -99.000000 -18.681779 -99.000000   0.000000   0.242800   0.000657   0.001400   0.044439      3
 1.2834E+03  -3.215868   2.589354 -99.000000 -99.000000  -7.599787   0.000000   0.000241   0.000146   0.001400  0.000E+00    varcontrol

             relative mass of radiative core still tiny          33    7.8132182087034541D-08
         34   5.703436   4535.892 -16.965981 -16.965981   2.000000   2.000000   0.755800   0.000071   0.242800  -8.470991    532      0
 2.3437E+00   5.703436   1.487783 -99.000000 -18.363849 -99.000000   0.000000   0.242800   0.000657   0.001400   0.044433      3
 1.5040E+03  -3.159938   2.556910 -99.000000 -99.000000  -7.585426   0.000000   0.000241   0.000146   0.001400  0.000E+00    varcontrol

             relative mass of radiative core still tiny          34    7.8132181198856121D-08
         35   5.722147   4555.410 -16.651610 -16.651610   2.000000   2.000000   0.755800   0.000071   0.242800  -8.406688    539      0
 2.3945E+00   5.722147   1.468302 -99.000000 -18.049478 -99.000000   0.000000   0.242800   0.000657   0.001400   0.044428      3
 1.7520E+03  -3.103947   2.525407 -99.000000 -99.000000  -7.572577   0.000000   0.000241   0.000146   0.001400  0.000E+00    varcontrol

             relative mass of radiative core still tiny          35    7.8132180310677701D-08
         36   5.740863   4572.804 -16.340900 -16.340900   2.000000   2.000000   0.755800   0.000071   0.242800  -8.342328    535      0
 2.4459E+00   5.740863   1.448834 -99.000000 -17.738768 -99.000000   0.000000   0.242800   0.000657   0.001400   0.044424      3
 2.0312E+03  -3.047923   2.493093 -31.909180 -99.000000  -7.558838   0.000000   0.000241   0.000146   0.001400  0.000E+00    varcontrol

             relative mass of radiative core still tiny          36    7.8132180532722306D-08
         37   5.759577   4590.578 -16.033945 -16.033945   2.000000   2.000000   0.755800   0.000071   0.242800  -8.277945    545      0
 2.4969E+00   5.759577   1.429387 -99.000000 -17.431813 -99.000000   0.000000   0.242800   0.000657   0.001400   0.044420      3
 2.3451E+03  -2.991894   2.460937 -99.000000 -99.000000  -7.545483   0.000000   0.000241   0.000146   0.001400  0.000E+00    varcontrol

             relative mass of radiative core still tiny          37    7.8132180976811516D-08
         38   5.778244   4606.341 -15.731398 -15.731398   2.000000   2.000000   0.755800   0.000071   0.242800  -8.213694    538      0
 2.5475E+00   5.778244   1.410007 -99.000000 -17.129265 -99.000000   0.000000   0.242800   0.000657   0.001400   0.044417      3
 2.6979E+03  -2.935991   2.428132 -99.000000 -99.000000  -7.531221   0.000000   0.000241   0.000146   0.001400  0.000E+00    varcontrol

             relative mass of radiative core still tiny          38    7.8132181198856121D-08
         39   5.796907   4625.242 -15.432495 -15.432495   2.000000   2.000000   0.755800   0.000071   0.242800  -8.149429    546      0
 2.5978E+00   5.796907   1.390647 -99.000000 -16.830363 -99.000000   0.000000   0.242800   0.000657   0.001400   0.044414      3
 3.0940E+03  -2.880089   2.396526 -31.307120 -99.000000  -7.518843   0.000000   0.000241   0.000146   0.001400  0.000E+00    varcontrol

             relative mass of radiative core still tiny          39    7.8132181642945331D-08

__________________________________________________________________________________________________________________________________________________

       step    lg_Tmax     Teff     lg_LH      lg_Lnuc_tot     Mass       H_rich     H_cntr     N_cntr     Y_surf   eta_cntr   zones  retry
  lg_dt_yrs    lg_Tcntr    lg_R     lg_L3a     lg_Lneu     lg_Mdot    He_core    He_cntr    O_cntr     Z_surf   gam_cntr   iters  
    age_yrs    lg_Dcntr    lg_L     lg_LZ      lg_Lphoto   lg_Dsurf   CO_core    C_cntr     Ne_cntr    Z_cntr   v_div_cs       dt_limit
__________________________________________________________________________________________________________________________________________________

         40   5.815572   4642.685 -15.137101 -15.137101   2.000000   2.000000   0.755800   0.000071   0.242800  -8.085134    547      0
 2.6488E+00   5.815572   1.371304 -99.000000 -16.534969 -99.000000   0.000000   0.242800   0.000657   0.001400   0.044411      3
 3.5394E+03  -2.824171   2.364378 -30.705060 -99.000000  -7.505759   0.000000   0.000241   0.000146   0.001400  0.000E+00    varcontrol

             relative mass of radiative core still tiny          40    7.8132180976811516D-08
         41   5.834221   4658.402 -14.845428 -14.845428   2.000000   2.000000   0.755800   0.000071   0.242800  -8.020870    553      0
 2.7000E+00   5.834221   1.351994 -99.000000 -16.243296 -99.000000   0.000000   0.242800   0.000657   0.001400   0.044409      3
 4.0406E+03  -2.768290   2.331630 -99.000000 -99.000000  -7.491773   0.000000   0.000241   0.000146   0.001400  0.000E+00    varcontrol

             relative mass of radiative core still tiny          41    7.8132180754766911D-08
         42   5.852863   4676.211 -14.557312 -14.557312   2.000000   2.000000   0.755800   0.000071   0.242800  -7.956617    552      0
 2.7505E+00   5.852863   1.332710 -99.000000 -15.955179 -99.000000   0.000000   0.242800   0.000657   0.001400   0.044407      3
 4.6036E+03  -2.712424   2.299690 -99.000000 -99.000000  -7.479079   0.000000   0.000241   0.000146   0.001400  0.000E+00    varcontrol

             relative mass of radiative core still tiny          42    7.8132180310677701D-08
         43   5.871485   4692.447 -14.272870 -14.272870   2.000000   2.000000   0.755800   0.000071   0.242800  -7.892413    555      0
 2.8012E+00   5.871485   1.313463 -99.000000 -15.670737 -99.000000   0.000000   0.242800   0.000657   0.001400   0.044405      3
 5.2364E+03  -2.656610   2.267217 -99.000000 -99.000000  -7.465527   0.000000   0.000241   0.000146   0.001400  0.000E+00    varcontrol

             relative mass of radiative core still tiny          43    7.8132180754766911D-08
         44   5.890113   4709.886 -13.991671 -13.991671   2.000000   2.000000   0.755800   0.000071   0.242800  -7.828175    565      0
 2.8521E+00   5.890113   1.294227 -99.000000 -15.389538 -99.000000   0.000000   0.242800   0.000657   0.001400   0.044404      3
 5.9478E+03  -2.600773   2.235189 -99.000000 -99.000000  -7.452711   0.000000   0.000241   0.000146   0.001400  0.000E+00    varcontrol

             relative mass of radiative core still tiny          44    7.8132180976811516D-08
         45   5.908716   4725.668 -13.714106 -13.714106   2.000000   2.000000   0.755800   0.000071   0.242800  -7.764005    566      0
 2.9028E+00   5.908716   1.275033 -99.000000 -15.111974 -99.000000   0.000000   0.242800   0.000657   0.001400   0.044402      3
 6.7473E+03  -2.545001   2.202612 -99.000000 -99.000000  -7.438940   0.000000   0.000241   0.000146   0.001400  0.000E+00    varcontrol

             relative mass of radiative core still tiny          45    7.8132180976811516D-08
         46   5.927315   4742.509 -13.439842 -13.439842   2.000000   2.000000   0.755800   0.000071   0.242800  -7.699839    563      0
 2.9536E+00   5.927315   1.255860 -99.000000 -14.837709 -99.000000   0.000000   0.242800   0.000657   0.001400   0.044401      3
 7.6459E+03  -2.489238   2.170446 -99.000000 -99.000000  -7.425806   0.000000   0.000241   0.000146   0.001400  0.000E+00    varcontrol

             relative mass of radiative core still tiny          46    7.8132180976811516D-08
         47   5.945898   4758.342 -13.168984 -13.168984   2.000000   2.000000   0.755800   0.000071   0.242800  -7.635715    571      0
 3.0043E+00   5.945898   1.236719 -99.000000 -14.566852 -99.000000   0.000000   0.242800   0.000657   0.001400   0.044400      3
 8.6559E+03  -2.433518   2.137955 -99.000000 -99.000000  -7.412066   0.000000   0.000241   0.000146   0.001400  0.000E+00    varcontrol

             relative mass of radiative core still tiny          47    7.8132180754766911D-08
         48   5.964476   4774.836 -12.901326 -12.901326   2.000000   2.000000   0.755800   0.000071   0.242800  -7.571596    573      0
 3.0551E+00   5.964476   1.217599 -99.000000 -14.299194 -99.000000   0.000000   0.242800   0.000657   0.001400   0.044399      3
 9.7912E+03  -2.377807   2.105726 -99.000000 -99.000000  -7.398718   0.000000   0.000241   0.000146   0.001400  0.000E+00    varcontrol

             relative mass of radiative core still tiny          48    7.8132180310677701D-08
         49   5.983038   4791.067 -12.636978 -12.636978   2.000000   2.000000   0.755800   0.000071   0.242800  -7.507522    579      0
 3.1056E+00   5.983038   1.198511 -99.000000 -14.034845 -99.000000   0.000000   0.242800   0.000657   0.001400   0.044399      3
 1.1066E+04  -2.322140   2.073445 -99.000000 -99.000000  -7.385213   0.000000   0.000241   0.000146   0.001400  0.000E+00    varcontrol

             relative mass of radiative core still tiny          49    7.8132180532722306D-08

__________________________________________________________________________________________________________________________________________________

       step    lg_Tmax     Teff     lg_LH      lg_Lnuc_tot     Mass       H_rich     H_cntr     N_cntr     Y_surf   eta_cntr   zones  retry
  lg_dt_yrs    lg_Tcntr    lg_R     lg_L3a     lg_Lneu     lg_Mdot    He_core    He_cntr    O_cntr     Z_surf   gam_cntr   iters  
    age_yrs    lg_Dcntr    lg_L     lg_LZ      lg_Lphoto   lg_Dsurf   CO_core    C_cntr     Ne_cntr    Z_cntr   v_div_cs       dt_limit
__________________________________________________________________________________________________________________________________________________

         50   6.001567   4806.072 -12.376127 -12.376127   2.000000   2.000000   0.755800   0.000071   0.242800  -7.443554    576      0
 3.1561E+00   6.001567   1.179473 -99.000000 -13.773995 -99.000000   0.000000   0.242800   0.000657   0.001400   0.044398      3
 1.2499E+04  -2.266568   2.040800 -99.000000 -99.000000  -7.370976   0.000000   0.000241   0.000146   0.001400  0.000E+00    varcontrol

             relative mass of radiative core still tiny          50    7.8132181198856121D-08
         51   6.020091   4822.982 -12.118339 -12.118339   2.000000   2.000000   0.755800   0.000071   0.242800  -7.379599    581      0
 3.2064E+00   6.020091   1.160454 -99.000000 -13.516206 -99.000000   0.000000   0.242800   0.000657   0.001400   0.044398      3
 1.4107E+04  -2.211011   2.008865 -99.000000 -99.000000  -7.357899   0.000000   0.000241   0.000146   0.001400  0.000E+00    varcontrol

             relative mass of radiative core still tiny          51    7.8132181864989936D-08
         52   6.038599   4838.357 -11.863703 -11.863703   2.000000   2.000000   0.755800   0.000071   0.242800  -7.315692    585      0
 3.2571E+00   6.038599   1.141467 -99.000000 -13.261570 -99.000000   0.000000   0.242800   0.000657   0.001400   0.044397      3
 1.5915E+04  -2.155497   1.976419 -27.694760 -99.000000  -7.343876   0.000000   0.000241   0.000146   0.001400  0.000E+00    varcontrol

             relative mass of radiative core still tiny          52    7.8132181864989936D-08
         53   6.057100   4853.944 -11.612063 -11.612063   2.000000   2.000000   0.755800   0.000071   0.242800  -7.251806    590      0
 3.3078E+00   6.057100   1.122502 -99.000000 -13.009930 -99.000000   0.000000   0.242800   0.000657   0.001400   0.044397      3
 1.7946E+04  -2.100004   1.944076 -99.000000 -99.000000  -7.329974   0.000000   0.000241   0.000146   0.001400  0.000E+00    varcontrol

             relative mass of radiative core still tiny          53    7.8132181864989936D-08
         54   6.075567   4868.330 -11.363729 -11.363729   2.000000   2.000000   0.755800   0.000071   0.242800  -7.188034    587      0
 3.3582E+00   6.075567   1.103585 -99.000000 -12.761595 -99.000000   0.000000   0.242800   0.000657   0.001400   0.044397      3
 2.0227E+04  -2.044611   1.911383 -99.000000 -99.000000  -7.315347   0.000000   0.000241   0.000146   0.001400  0.000E+00    varcontrol

             relative mass of radiative core still tiny          54    7.8132181420900726D-08
         55   6.094024   4884.599 -11.118330 -11.118330   2.000000   2.000000   0.755800   0.000071   0.242800  -7.124293    593      0
 3.4084E+00   6.094024   1.084692 -99.000000 -12.516197 -99.000000   0.000000   0.242800   0.000657   0.001400   0.044397      3
 2.2788E+04  -1.989246   1.879394 -99.000000 -99.000000  -7.301886   0.000000   0.000241   0.000146   0.001400  0.000E+00    varcontrol

             relative mass of radiative core still tiny          55    7.8132181864989936D-08
         56   6.112454   4899.200 -10.876035 -10.876035   2.000000   2.000000   0.755800   0.000071   0.242800  -7.060639    596      0
 3.4587E+00   6.112454   1.065840 -99.000000 -12.273902 -99.000000   0.000000   0.242800   0.000657   0.001400   0.044396      3
 2.5664E+04  -1.933960   1.846874 -99.000000 -99.000000  -7.287400   0.000000   0.000241   0.000146   0.001400  0.000E+00    varcontrol

             relative mass of radiative core still tiny          56    7.8132182087034541D-08
         57   6.130861   4913.924 -10.636753 -10.636753   2.000000   2.000000   0.755800   0.000071   0.242800  -6.997062    596      0
 3.5090E+00   6.130861   1.047024 -99.000000 -12.034619 -99.000000   0.000000   0.242800   0.000657   0.001400   0.044396      3
 2.8893E+04  -1.878741   1.814455 -99.000000 -99.000000  -7.273002   0.000000   0.000241   0.000146   0.001400  0.000E+00    varcontrol

             relative mass of radiative core still tiny          57    7.8132182087034541D-08
         58   6.149238   4928.342 -10.400531 -10.400531   2.000000   2.000000   0.755800   0.000071   0.242800  -6.933587    597      0
 3.5592E+00   6.149238   1.028252 -99.000000 -11.798397 -99.000000   0.000000   0.242800   0.000657   0.001400   0.044396      3
 3.2516E+04  -1.823613   1.782000 -99.000000 -99.000000  -7.258435   0.000000   0.000241   0.000146   0.001400  0.000E+00    varcontrol

             relative mass of radiative core still tiny          58    7.8132182087034541D-08
         59   6.167604   4943.989 -10.167066 -10.167066   2.000000   2.000000   0.755800   0.000071   0.242800  -6.870145    601      0
 3.6093E+00   6.167604   1.009503 -99.000000 -11.564932 -99.000000   0.000000   0.242800   0.000657   0.001400   0.044396      3
 3.6584E+04  -1.768516   1.750009 -99.000000 -99.000000  -7.244645   0.000000   0.000241   0.000146   0.001400  0.000E+00    varcontrol

             relative mass of radiative core still tiny          59    7.8132182309079146D-08

__________________________________________________________________________________________________________________________________________________

       step    lg_Tmax     Teff     lg_LH      lg_Lnuc_tot     Mass       H_rich     H_cntr     N_cntr     Y_surf   eta_cntr   zones  retry
  lg_dt_yrs    lg_Tcntr    lg_R     lg_L3a     lg_Lneu     lg_Mdot    He_core    He_cntr    O_cntr     Z_surf   gam_cntr   iters  
    age_yrs    lg_Dcntr    lg_L     lg_LZ      lg_Lphoto   lg_Dsurf   CO_core    C_cntr     Ne_cntr    Z_cntr   v_div_cs       dt_limit
__________________________________________________________________________________________________________________________________________________

         60   6.185942   4957.727  -9.936528  -9.936528   2.000000   2.000000   0.755800   0.000071   0.242800  -6.806796    604      0
 3.6596E+00   6.185942   0.990793 -99.000000 -11.334394 -99.000000   0.000000   0.242800   0.000657   0.001400   0.044396      3
 4.1150E+04  -1.713500   1.717411 -99.000000 -99.000000  -7.229673   0.000000   0.000241   0.000146   0.001400  0.000E+00    varcontrol

             relative mass of radiative core still tiny          60    7.8132182309079146D-08
         61   6.204268   4972.408  -9.708696  -9.708696   2.000000   2.000000   0.755800   0.000071   0.242800  -6.743489    608      0
 3.7099E+00   6.204268   0.972109 -99.000000 -11.106561 -99.000000   0.000000   0.242800   0.000657   0.001400   0.044396      3
 4.6277E+04  -1.658523   1.685180 -99.000000 -99.000000  -7.215308   0.000000   0.000241   0.000146   0.001400  0.000E+00    varcontrol

             relative mass of radiative core still tiny          61    7.8132182309079146D-08
         62   6.222557   4985.963  -9.483796  -9.483796   2.000000   2.000000   0.755800   0.000071   0.242800  -6.680302    611      0
 3.7599E+00   6.222557   0.953472 -99.000000 -10.881660 -99.000000   0.000000   0.242800   0.000657   0.001400   0.044396      3
 5.2030E+04  -1.603651   1.652634 -99.000000 -99.000000  -7.200268   0.000000   0.000241   0.000146   0.001400  0.000E+00    varcontrol

             relative mass of radiative core still tiny          62    7.8132182309079146D-08
         63   6.240819   4999.712  -9.261694  -9.261694   2.000000   2.000000   0.755800   0.000071   0.242800  -6.617210    607      0
 3.8099E+00   6.240819   0.934875 -99.000000 -10.659558 -99.000000   0.000000   0.242800   0.000657   0.001400   0.044396      3
 5.8485E+04  -1.548863   1.620223 -99.000000 -99.000000  -7.185386   0.000000   0.000241   0.000146   0.001400  0.000E+00    varcontrol

             relative mass of radiative core still tiny          63    7.8132182309079146D-08
         64   6.259059   5013.745  -9.042264  -9.042264   2.000000   2.000000   0.755800   0.000071   0.242800  -6.554189    610      0
 3.8599E+00   6.259059   0.916309 -99.000000 -10.440128 -99.000000   0.000000   0.242800   0.000657   0.001400   0.044397      3
 6.5727E+04  -1.494138   1.587961 -99.000000 -99.000000  -7.170715   0.000000   0.000241   0.000146   0.001400  0.000E+00    varcontrol

             relative mass of radiative core still tiny          64    7.8132182309079146D-08
         65   6.277264   5026.294  -8.825635  -8.825635   2.000000   2.000000   0.755800   0.000071   0.242800  -6.491290    614      0
 3.9099E+00   6.277264   0.897791 -99.000000 -10.223499 -99.000000   0.000000   0.242800   0.000657   0.001400   0.044397      3
 7.3854E+04  -1.439520   1.555266 -99.000000 -99.000000  -7.155145   0.000000   0.000241   0.000146   0.001400  0.000E+00    varcontrol

             relative mass of radiative core still tiny          65    7.8132182309079146D-08
         66   6.295242   5040.394  -8.611581  -8.611581   2.000000   2.000000   0.755800   0.000071   0.242800  -6.427212    619      0
 3.9598E+00   6.295242   0.879301 -99.000000 -10.009445 -99.000000   0.000000   0.242800   0.000657   0.001400   0.044426      3
 8.2971E+04  -1.384730   1.523154 -99.000000 -99.000000  -7.140601   0.000000   0.000241   0.000146   0.001400  0.000E+00    varcontrol

             relative mass of radiative core still tiny          66    7.8132182309079146D-08
         67   6.312589   5052.846  -8.400563  -8.400563   2.000000   2.000000   0.755800   0.000071   0.242800  -6.359431    620      0
 4.0097E+00   6.312589   0.860865 -99.000000  -9.798425 -99.000000   0.000000   0.242800   0.000657   0.001400   0.044542      3
 9.3197E+04  -1.329281   1.490567 -99.000000 -99.000000  -7.125062   0.000000   0.000241   0.000146   0.001400  0.000E+00    varcontrol

                 finished relax to begin radiative core          67    6.0903759454499357D-03

 finished doing relax_to_radiative_core

 read my_history_columns.list
 read my_profile_columns.list
                                 set_initial_dt (years)    1.0000000000000000D+00
                             set_initial_number_retries           0
 net name basic.net
 kap_option gs98
 kap_CO_option gs98_co
 kap_lowT_option lowT_fa05_gs98
                                        OMP_NUM_THREADS          16


__________________________________________________________________________________________________________________________________________________

       step    lg_Tmax     Teff     lg_LH      lg_Lnuc_tot     Mass       H_rich     H_cntr     N_cntr     Y_surf   eta_cntr   zones  retry
  lg_dt_yrs    lg_Tcntr    lg_R     lg_L3a     lg_Lneu     lg_Mdot    He_core    He_cntr    O_cntr     Z_surf   gam_cntr   iters  
    age_yrs    lg_Dcntr    lg_L     lg_LZ      lg_Lphoto   lg_Dsurf   CO_core    C_cntr     Ne_cntr    Z_cntr   v_div_cs       dt_limit
__________________________________________________________________________________________________________________________________________________

          1   6.312590   5052.843  -8.400542  -8.400542   2.000000   2.000000   0.755800   0.000071   0.242800  -6.359424    620      0
 0.0000E+00   6.312590   0.860863 -99.000000  -9.798405 -11.728313   0.000000   0.242800   0.000657   0.001400   0.044542      2
 1.0000E+00  -1.329276   1.490563 -99.000000 -99.000000  -7.125066   0.000000   0.000241   0.000146   0.001400  0.000E+00    varcontrol

save LOGS/profile1.data for model 1
 Loading precomputed flux cube from:/home/njm/MESA/mesa/colors/data/stellar_models/Kurucz2003all//flux_cube.bin
 Loaded flux cube with dimensions:          76 x          11 x           9 x        1173
 Performing interpolation at target parameters...
 Interpolation complete
          2   6.312592   5053.876  -8.400518  -8.400518   2.000000   2.000000   0.755800   0.000071   0.242800  -6.359416    629      0
 7.9181E-02   6.312592   0.860861 -99.000000  -9.798380 -11.728320   0.000000   0.242800   0.000657   0.001400   0.044542      3
 2.2000E+00  -1.329269   1.490914 -99.000000 -99.000000  -7.125728   0.000000   0.000241   0.000146   0.001400  0.000E+00  max increase

 Loading precomputed flux cube from:/home/njm/MESA/mesa/colors/data/stellar_models/Kurucz2003all//flux_cube.bin
 Loaded flux cube with dimensions:          76 x          11 x           9 x        1173
 Performing interpolation at target parameters...
 Interpolation complete
          3   6.312595   5053.785  -8.400488  -8.400488   2.000000   2.000000   0.755800   0.000071   0.242800  -6.359407    628      0
 1.5836E-01   6.312595   0.860858 -99.000000  -9.798351 -11.727848   0.000000   0.242800   0.000657   0.001400   0.044542      2
 3.6400E+00  -1.329261   1.490877 -99.000000 -99.000000  -7.125666   0.000000   0.000241   0.000146   0.001400  0.000E+00  max increase

 Loading precomputed flux cube from:/home/njm/MESA/mesa/colors/data/stellar_models/Kurucz2003all//flux_cube.bin
 Loaded flux cube with dimensions:          76 x          11 x           9 x        1173
 Performing interpolation at target parameters...
 Interpolation complete
          4   6.312598   5053.787  -8.400453  -8.400453   2.000000   2.000000   0.755800   0.000071   0.242800  -6.359395    628      0
 2.3754E-01   6.312598   0.860855 -99.000000  -9.798315 -11.727900   0.000000   0.242800   0.000657   0.001400   0.044542      2
 5.3680E+00  -1.329252   1.490872 -99.000000 -99.000000  -7.125663   0.000000   0.000241   0.000146   0.001400  0.000E+00  max increase

 Loading precomputed flux cube from:/home/njm/MESA/mesa/colors/data/stellar_models/Kurucz2003all//flux_cube.bin
 Loaded flux cube with dimensions:          76 x          11 x           9 x        1173
 Performing interpolation at target parameters...
 Interpolation complete
          5   6.312601   5053.790  -8.400410  -8.400410   2.000000   2.000000   0.755800   0.000071   0.242800  -6.359381    628      0
 3.1672E-01   6.312601   0.860851 -99.000000  -9.798273 -11.727910   0.000000   0.242800   0.000657   0.001400   0.044542      2
 7.4416E+00  -1.329241   1.490865 -99.000000 -99.000000  -7.125660   0.000000   0.000241   0.000146   0.001400  0.000E+00  max increase

 Loading precomputed flux cube from:/home/njm/MESA/mesa/colors/data/stellar_models/Kurucz2003all//flux_cube.bin
 Loaded flux cube with dimensions:          76 x          11 x           9 x        1173
 Performing interpolation at target parameters...
 Interpolation complete
          6   6.312606   5053.793  -8.400359  -8.400359   2.000000   2.000000   0.755800   0.000071   0.242800  -6.359365    628      0
 3.9591E-01   6.312606   0.860847 -99.000000  -9.798221 -11.727922   0.000000   0.242800   0.000657   0.001400   0.044542      2
 9.9299E+00  -1.329227   1.490857 -99.000000 -99.000000  -7.125657   0.000000   0.000241   0.000146   0.001400  0.000E+00  max increase

 Loading precomputed flux cube from:/home/njm/MESA/mesa/colors/data/stellar_models/Kurucz2003all//flux_cube.bin
 Loaded flux cube with dimensions:          76 x          11 x           9 x        1173
 Performing interpolation at target parameters...
 Interpolation complete
          7   6.312611   5053.796  -8.400298  -8.400298   2.000000   2.000000   0.755800   0.000071   0.242800  -6.359345    628      0
 4.7509E-01   6.312611   0.860842 -99.000000  -9.798160 -11.727936   0.000000   0.242800   0.000657   0.001400   0.044542      2
 1.2916E+01  -1.329211   1.490848 -99.000000 -99.000000  -7.125652   0.000000   0.000241   0.000146   0.001400  0.000E+00  max increase

 Loading precomputed flux cube from:/home/njm/MESA/mesa/colors/data/stellar_models/Kurucz2003all//flux_cube.bin
 Loaded flux cube with dimensions:          76 x          11 x           9 x        1173
 Performing interpolation at target parameters...
 Interpolation complete
          8   6.312617   5053.801  -8.400224  -8.400224   2.000000   2.000000   0.755800   0.000071   0.242800  -6.359321    628      0
 5.5427E-01   6.312617   0.860835 -99.000000  -9.798087 -11.727954   0.000000   0.242800   0.000657   0.001400   0.044543      2
 1.6499E+01  -1.329192   1.490836 -99.000000 -99.000000  -7.125647   0.000000   0.000241   0.000146   0.001400  0.000E+00  max increase

 Loading precomputed flux cube from:/home/njm/MESA/mesa/colors/data/stellar_models/Kurucz2003all//flux_cube.bin
 Loaded flux cube with dimensions:          76 x          11 x           9 x        1173
 Performing interpolation at target parameters...
 Interpolation complete
          9   6.312624   5053.806  -8.400136  -8.400136   2.000000   2.000000   0.755800   0.000071   0.242800  -6.359293    628      0
 6.3345E-01   6.312624   0.860827 -99.000000  -9.797998 -11.727974   0.000000   0.242800   0.000657   0.001400   0.044543      2
 2.0799E+01  -1.329168   1.490823 -99.000000 -99.000000  -7.125640   0.000000   0.000241   0.000146   0.001400  0.000E+00  max increase

 Loading precomputed flux cube from:/home/njm/MESA/mesa/colors/data/stellar_models/Kurucz2003all//flux_cube.bin
 Loaded flux cube with dimensions:          76 x          11 x           9 x        1173
 Performing interpolation at target parameters...
 Interpolation complete

__________________________________________________________________________________________________________________________________________________

       step    lg_Tmax     Teff     lg_LH      lg_Lnuc_tot     Mass       H_rich     H_cntr     N_cntr     Y_surf   eta_cntr   zones  retry
  lg_dt_yrs    lg_Tcntr    lg_R     lg_L3a     lg_Lneu     lg_Mdot    He_core    He_cntr    O_cntr     Z_surf   gam_cntr   iters  
    age_yrs    lg_Dcntr    lg_L     lg_LZ      lg_Lphoto   lg_Dsurf   CO_core    C_cntr     Ne_cntr    Z_cntr   v_div_cs       dt_limit
__________________________________________________________________________________________________________________________________________________

         10   6.312633   5053.812  -8.400030  -8.400030   2.000000   2.000000   0.755800   0.000071   0.242800  -6.359259    628      0
 7.1263E-01   6.312633   0.860818 -99.000000  -9.797892 -11.727999   0.000000   0.242800   0.000657   0.001400   0.044543      2
 2.5959E+01  -1.329140   1.490806 -99.000000 -99.000000  -7.125632   0.000000   0.000241   0.000146   0.001400  0.000E+00  max increase

 Loading precomputed flux cube from:/home/njm/MESA/mesa/colors/data/stellar_models/Kurucz2003all//flux_cube.bin
 Loaded flux cube with dimensions:          76 x          11 x           9 x        1173
 Performing interpolation at target parameters...
 Interpolation complete
         11   6.312643   5053.820  -8.399903  -8.399903   2.000000   2.000000   0.755800   0.000071   0.242800  -6.359218    628      0
 7.9181E-01   6.312643   0.860807 -99.000000  -9.797765 -11.728029   0.000000   0.242800   0.000657   0.001400   0.044543      2
 3.2150E+01  -1.329107   1.490787 -99.000000 -99.000000  -7.125623   0.000000   0.000241   0.000146   0.001400  0.000E+00  max increase

 Loading precomputed flux cube from:/home/njm/MESA/mesa/colors/data/stellar_models/Kurucz2003all//flux_cube.bin
 Loaded flux cube with dimensions:          76 x          11 x           9 x        1173
 Performing interpolation at target parameters...
 Interpolation complete
         12   6.312656   5053.829  -8.399750  -8.399750   2.000000   2.000000   0.755800   0.000071   0.242800  -6.359168    628      0
 8.7099E-01   6.312656   0.860794 -99.000000  -9.797613 -11.728065   0.000000   0.242800   0.000657   0.001400   0.044543      2
 3.9581E+01  -1.329066   1.490763 -99.000000 -99.000000  -7.125612   0.000000   0.000241   0.000146   0.001400  0.000E+00  max increase

 Loading precomputed flux cube from:/home/njm/MESA/mesa/colors/data/stellar_models/Kurucz2003all//flux_cube.bin
 Loaded flux cube with dimensions:          76 x          11 x           9 x        1173
 Performing interpolation at target parameters...
 Interpolation complete
         13   6.312671   5053.840  -8.399567  -8.399567   2.000000   2.000000   0.755800   0.000071   0.242800  -6.359109    628      0
 9.5017E-01   6.312671   0.860777 -99.000000  -9.797430 -11.728108   0.000000   0.242800   0.000657   0.001400   0.044543      2
 4.8497E+01  -1.329018   1.490735 -99.000000 -99.000000  -7.125598   0.000000   0.000241   0.000146   0.001400  0.000E+00  max increase

 Loading precomputed flux cube from:/home/njm/MESA/mesa/colors/data/stellar_models/Kurucz2003all//flux_cube.bin
 Loaded flux cube with dimensions:          76 x          11 x           9 x        1173
 Performing interpolation at target parameters...
 Interpolation complete
         14   6.312689   5053.853  -8.399347  -8.399347   2.000000   2.000000   0.755800   0.000071   0.242800  -6.359038    628      0
 1.0294E+00   6.312689   0.860758 -99.000000  -9.797210 -11.728160   0.000000   0.242800   0.000657   0.001400   0.044543      2
 5.9196E+01  -1.328960   1.490700 -99.000000 -99.000000  -7.125582   0.000000   0.000241   0.000146   0.001400  0.000E+00  max increase

 Loading precomputed flux cube from:/home/njm/MESA/mesa/colors/data/stellar_models/Kurucz2003all//flux_cube.bin
 Loaded flux cube with dimensions:          76 x          11 x           9 x        1173
 Performing interpolation at target parameters...
 Interpolation complete
         15   6.312711   5053.869  -8.399084  -8.399084   2.000000   2.000000   0.755800   0.000071   0.242800  -6.358953    628      0
 1.1085E+00   6.312711   0.860735 -99.000000  -9.796946 -11.728222   0.000000   0.242800   0.000657   0.001400   0.044543      2
 7.2035E+01  -1.328890   1.490660 -99.000000 -99.000000  -7.125563   0.000000   0.000241   0.000146   0.001400  0.000E+00  max increase

 Loading precomputed flux cube from:/home/njm/MESA/mesa/colors/data/stellar_models/Kurucz2003all//flux_cube.bin
 Loaded flux cube with dimensions:          76 x          11 x           9 x        1173
 Performing interpolation at target parameters...
 Interpolation complete
         16   6.312737   5053.888  -8.398768  -8.398768   2.000000   2.000000   0.755800   0.000071   0.242800  -6.358851    628      0
 1.1877E+00   6.312737   0.860707 -99.000000  -9.796630 -11.728297   0.000000   0.242800   0.000657   0.001400   0.044543      3
 8.7442E+01  -1.328807   1.490611 -99.000000 -99.000000  -7.125539   0.000000   0.000241   0.000146   0.001400  0.000E+00  max increase

 Loading precomputed flux cube from:/home/njm/MESA/mesa/colors/data/stellar_models/Kurucz2003all//flux_cube.bin
 Loaded flux cube with dimensions:          76 x          11 x           9 x        1173
 Performing interpolation at target parameters...
 Interpolation complete
         17   6.312768   5053.911  -8.398389  -8.398389   2.000000   2.000000   0.755800   0.000071   0.242800  -6.358729    628      0
 1.2669E+00   6.312768   0.860674 -99.000000  -9.796251 -11.728386   0.000000   0.242800   0.000657   0.001400   0.044544      2
 1.0593E+02  -1.328707   1.490552 -99.000000 -99.000000  -7.125511   0.000000   0.000241   0.000146   0.001400  0.000E+00  max increase

 Loading precomputed flux cube from:/home/njm/MESA/mesa/colors/data/stellar_models/Kurucz2003all//flux_cube.bin
 Loaded flux cube with dimensions:          76 x          11 x           9 x        1173
 Performing interpolation at target parameters...
 Interpolation complete
         18   6.312806   5053.938  -8.397934  -8.397934   2.000000   2.000000   0.755800   0.000071   0.242800  -6.358582    628      0
 1.3461E+00   6.312806   0.860634 -99.000000  -9.795796 -11.728494   0.000000   0.242800   0.000657   0.001400   0.044544      2
 1.2812E+02  -1.328587   1.490481 -99.000000 -99.000000  -7.125478   0.000000   0.000241   0.000146   0.001400  0.000E+00  max increase

 Loading precomputed flux cube from:/home/njm/MESA/mesa/colors/data/stellar_models/Kurucz2003all//flux_cube.bin
 Loaded flux cube with dimensions:          76 x          11 x           9 x        1173
 Performing interpolation at target parameters...
 Interpolation complete
         19   6.312851   5053.970  -8.397388  -8.397388   2.000000   2.000000   0.755800   0.000071   0.242800  -6.358406    628      0
 1.4253E+00   6.312851   0.860586 -99.000000  -9.795250 -11.728622   0.000000   0.242800   0.000657   0.001400   0.044544      2
 1.5474E+02  -1.328442   1.490397 -99.000000 -99.000000  -7.125438   0.000000   0.000241   0.000146   0.001400  0.000E+00  max increase

 Loading precomputed flux cube from:/home/njm/MESA/mesa/colors/data/stellar_models/Kurucz2003all//flux_cube.bin
 Loaded flux cube with dimensions:          76 x          11 x           9 x        1173
 Performing interpolation at target parameters...
 Interpolation complete

__________________________________________________________________________________________________________________________________________________

       step    lg_Tmax     Teff     lg_LH      lg_Lnuc_tot     Mass       H_rich     H_cntr     N_cntr     Y_surf   eta_cntr   zones  retry
  lg_dt_yrs    lg_Tcntr    lg_R     lg_L3a     lg_Lneu     lg_Mdot    He_core    He_cntr    O_cntr     Z_surf   gam_cntr   iters  
    age_yrs    lg_Dcntr    lg_L     lg_LZ      lg_Lphoto   lg_Dsurf   CO_core    C_cntr     Ne_cntr    Z_cntr   v_div_cs       dt_limit
__________________________________________________________________________________________________________________________________________________

         20   6.312905   5054.010  -8.396733  -8.396733   2.000000   2.000000   0.755800   0.000071   0.242800  -6.358194    628      0
 1.5044E+00   6.312905   0.860529 -99.000000  -9.794596 -11.728777   0.000000   0.242800   0.000657   0.001400   0.044544      2
 1.8669E+02  -1.328269   1.490295 -99.000000 -99.000000  -7.125389   0.000000   0.000241   0.000146   0.001400  0.000E+00  max increase

 Loading precomputed flux cube from:/home/njm/MESA/mesa/colors/data/stellar_models/Kurucz2003all//flux_cube.bin
 Loaded flux cube with dimensions:          76 x          11 x           9 x        1173
 Performing interpolation at target parameters...
 Interpolation complete
         21   6.312970   5054.057  -8.395948  -8.395948   2.000000   2.000000   0.755800   0.000071   0.242800  -6.357940    628      0
 1.5836E+00   6.312970   0.860460 -99.000000  -9.793810 -11.728962   0.000000   0.242800   0.000657   0.001400   0.044545      3
 2.2503E+02  -1.328062   1.490173 -99.000000 -99.000000  -7.125331   0.000000   0.000241   0.000146   0.001400  0.000E+00  max increase

 Loading precomputed flux cube from:/home/njm/MESA/mesa/colors/data/stellar_models/Kurucz2003all//flux_cube.bin
 Loaded flux cube with dimensions:          76 x          11 x           9 x        1173
 Performing interpolation at target parameters...
 Interpolation complete
         22   6.313048   5054.113  -8.395006  -8.395006   2.000000   2.000000   0.755800   0.000071   0.242800  -6.357636    628      0
 1.6628E+00   6.313048   0.860377 -99.000000  -9.792868 -11.729184   0.000000   0.242800   0.000657   0.001400   0.044545      2
 2.7103E+02  -1.327813   1.490027 -99.000000 -99.000000  -7.125262   0.000000   0.000241   0.000146   0.001400  0.000E+00  max increase

 Loading precomputed flux cube from:/home/njm/MESA/mesa/colors/data/stellar_models/Kurucz2003all//flux_cube.bin
 Loaded flux cube with dimensions:          76 x          11 x           9 x        1173
 Performing interpolation at target parameters...
 Interpolation complete
         23   6.313141   5054.180  -8.393876  -8.393876   2.000000   2.000000   0.755800   0.000071   0.242800  -6.357271    628      0
 1.7420E+00   6.313141   0.860278 -99.000000  -9.791739 -11.729451   0.000000   0.242800   0.000657   0.001400   0.044546      2
 3.2624E+02  -1.327514   1.489852 -99.000000 -99.000000  -7.125179   0.000000   0.000241   0.000146   0.001400  0.000E+00  max increase

 Loading precomputed flux cube from:/home/njm/MESA/mesa/colors/data/stellar_models/Kurucz2003all//flux_cube.bin
 Loaded flux cube with dimensions:          76 x          11 x           9 x        1173
 Performing interpolation at target parameters...
 Interpolation complete
         24   6.313253   5054.262  -8.392522  -8.392522   2.000000   2.000000   0.755800   0.000071   0.242800  -6.356833    628      0
 1.8212E+00   6.313253   0.860159 -99.000000  -9.790385 -11.729771   0.000000   0.242800   0.000657   0.001400   0.044547      2
 3.9248E+02  -1.327156   1.489642 -99.000000 -99.000000  -7.125079   0.000000   0.000241   0.000146   0.001400  0.000E+00  max increase

 Loading precomputed flux cube from:/home/njm/MESA/mesa/colors/data/stellar_models/Kurucz2003all//flux_cube.bin
 Loaded flux cube with dimensions:          76 x          11 x           9 x        1173
 Performing interpolation at target parameters...
 Interpolation complete
         25   6.313387   5054.359  -8.390899  -8.390899   2.000000   2.000000   0.755800   0.000071   0.242800  -6.356308    628      0
 1.9003E+00   6.313387   0.860016 -99.000000  -9.788761 -11.730154   0.000000   0.242800   0.000657   0.001400   0.044548      2
 4.7198E+02  -1.326727   1.489390 -99.000000 -99.000000  -7.124959   0.000000   0.000241   0.000146   0.001400  0.000E+00  max increase

 Loading precomputed flux cube from:/home/njm/MESA/mesa/colors/data/stellar_models/Kurucz2003all//flux_cube.bin
 Loaded flux cube with dimensions:          76 x          11 x           9 x        1173
 Performing interpolation at target parameters...
 Interpolation complete
         26   6.313548   5054.475  -8.388953  -8.388953   2.000000   2.000000   0.755800   0.000071   0.242800  -6.355678    628      0
 1.9795E+00   6.313548   0.859845 -99.000000  -9.786816 -11.730613   0.000000   0.242800   0.000657   0.001400   0.044549      2
 5.6738E+02  -1.326212   1.489088 -99.000000 -99.000000  -7.124816   0.000000   0.000241   0.000146   0.001400  0.000E+00  max increase

 Loading precomputed flux cube from:/home/njm/MESA/mesa/colors/data/stellar_models/Kurucz2003all//flux_cube.bin
 Loaded flux cube with dimensions:          76 x          11 x           9 x        1173
 Performing interpolation at target parameters...
 Interpolation complete
         27   6.313741   5054.615  -8.386622  -8.386622   2.000000   2.000000   0.755800   0.000071   0.242800  -6.354922    628      0
 2.0587E+00   6.313741   0.859640 -99.000000  -9.784484 -11.731164   0.000000   0.242800   0.000657   0.001400   0.044550      2
 6.8185E+02  -1.325595   1.488726 -99.000000 -99.000000  -7.124644   0.000000   0.000241   0.000146   0.001400  0.000E+00  max increase

 Loading precomputed flux cube from:/home/njm/MESA/mesa/colors/data/stellar_models/Kurucz2003all//flux_cube.bin
 Loaded flux cube with dimensions:          76 x          11 x           9 x        1173
 Performing interpolation at target parameters...
 Interpolation complete
         28   6.313972   5054.782  -8.383828  -8.383828   2.000000   2.000000   0.755800   0.000071   0.242800  -6.354017    629      0
 2.1379E+00   6.313972   0.859395 -99.000000  -9.781691 -11.731824   0.000000   0.242800   0.000657   0.001400   0.044552      2
 8.1922E+02  -1.324856   1.488293 -99.000000 -99.000000  -7.124438   0.000000   0.000241   0.000146   0.001400  0.000E+00  max increase

 Loading precomputed flux cube from:/home/njm/MESA/mesa/colors/data/stellar_models/Kurucz2003all//flux_cube.bin
 Loaded flux cube with dimensions:          76 x          11 x           9 x        1173
 Performing interpolation at target parameters...
 Interpolation complete
         29   6.314248   5054.982  -8.380483  -8.380483   2.000000   2.000000   0.755800   0.000071   0.242800  -6.352931    629      0
 2.2171E+00   6.314248   0.859101 -99.000000  -9.778346 -11.732615   0.000000   0.242800   0.000657   0.001400   0.044554      2
 9.8407E+02  -1.323970   1.487773 -99.000000 -99.000000  -7.124191   0.000000   0.000241   0.000146   0.001400  0.000E+00  max increase

 Loading precomputed flux cube from:/home/njm/MESA/mesa/colors/data/stellar_models/Kurucz2003all//flux_cube.bin
 Loaded flux cube with dimensions:          76 x          11 x           9 x        1173
 Performing interpolation at target parameters...
 Interpolation complete

__________________________________________________________________________________________________________________________________________________

       step    lg_Tmax     Teff     lg_LH      lg_Lnuc_tot     Mass       H_rich     H_cntr     N_cntr     Y_surf   eta_cntr   zones  retry
  lg_dt_yrs    lg_Tcntr    lg_R     lg_L3a     lg_Lneu     lg_Mdot    He_core    He_cntr    O_cntr     Z_surf   gam_cntr   iters  
    age_yrs    lg_Dcntr    lg_L     lg_LZ      lg_Lphoto   lg_Dsurf   CO_core    C_cntr     Ne_cntr    Z_cntr   v_div_cs       dt_limit
__________________________________________________________________________________________________________________________________________________

         30   6.314579   5055.222  -8.376479  -8.376479   2.000000   2.000000   0.755800   0.000071   0.242800  -6.351630    629      0
 2.2963E+00   6.314579   0.858748 -99.000000  -9.774341 -11.733563   0.000000   0.242800   0.000657   0.001400   0.044556      2
 1.1819E+03  -1.322909   1.487152 -99.000000 -99.000000  -7.123895   0.000000   0.000241   0.000146   0.001400  0.000E+00  max increase

 Loading precomputed flux cube from:/home/njm/MESA/mesa/colors/data/stellar_models/Kurucz2003all//flux_cube.bin
 Loaded flux cube with dimensions:          76 x          11 x           9 x        1173
 Performing interpolation at target parameters...
 Interpolation complete
         31   6.314974   5055.510  -8.371687  -8.371687   2.000000   2.000000   0.755800   0.000071   0.242800  -6.350071    629      0
 2.3754E+00   6.314974   0.858327 -99.000000  -9.769550 -11.734697   0.000000   0.242800   0.000657   0.001400   0.044559      2
 1.4193E+03  -1.321639   1.486407 -99.000000 -99.000000  -7.123542   0.000000   0.000241   0.000146   0.001400  0.000E+00  max increase

 Loading precomputed flux cube from:/home/njm/MESA/mesa/colors/data/stellar_models/Kurucz2003all//flux_cube.bin
 Loaded flux cube with dimensions:          76 x          11 x           9 x        1173
 Performing interpolation at target parameters...
 Interpolation complete
         32   6.315447   5055.853  -8.365958  -8.365958   2.000000   2.000000   0.755800   0.000071   0.242800  -6.348204    629      0
 2.4546E+00   6.315447   0.857823 -99.000000  -9.763820 -11.736055   0.000000   0.242800   0.000657   0.001400   0.044562      3
 1.7041E+03  -1.320119   1.485517 -99.000000 -99.000000  -7.123119   0.000000   0.000241   0.000146   0.001400  0.000E+00  max increase

 Loading precomputed flux cube from:/home/njm/MESA/mesa/colors/data/stellar_models/Kurucz2003all//flux_cube.bin
 Loaded flux cube with dimensions:          76 x          11 x           9 x        1173
 Performing interpolation at target parameters...
 Interpolation complete
         33   6.316012   5056.264  -8.359111  -8.359111   2.000000   2.000000   0.755800   0.000071   0.242800  -6.345968    629      0
 2.5338E+00   6.316012   0.857220 -99.000000  -9.756973 -11.737679   0.000000   0.242800   0.000657   0.001400   0.044567      2
 2.0459E+03  -1.318301   1.484453 -99.000000 -99.000000  -7.122613   0.000000   0.000241   0.000146   0.001400  0.000E+00  max increase

 Loading precomputed flux cube from:/home/njm/MESA/mesa/colors/data/stellar_models/Kurucz2003all//flux_cube.bin
 Loaded flux cube with dimensions:          76 x          11 x           9 x        1173
 Performing interpolation at target parameters...
 Interpolation complete
         34   6.316686   5056.756  -8.350935  -8.350935   2.000000   2.000000   0.755800   0.000071   0.242800  -6.343293    629      0
 2.6130E+00   6.316686   0.856500 -99.000000  -9.748797 -11.739621   0.000000   0.242800   0.000657   0.001400   0.044572      2
 2.4561E+03  -1.316128   1.483182 -99.000000 -99.000000  -7.122010   0.000000   0.000241   0.000146   0.001400  0.000E+00  max increase

 Loading precomputed flux cube from:/home/njm/MESA/mesa/colors/data/stellar_models/Kurucz2003all//flux_cube.bin
 Loaded flux cube with dimensions:          76 x          11 x           9 x        1173
 Performing interpolation at target parameters...
 Interpolation complete
         35   6.317490   5057.342  -8.341182  -8.341182   2.000000   2.000000   0.755800   0.000071   0.242800  -6.340093    629      0
 2.6922E+00   6.317490   0.855641 -99.000000  -9.739045 -11.741940   0.000000   0.242800   0.000657   0.001400   0.044578      2
 2.9483E+03  -1.313533   1.481665 -99.000000 -99.000000  -7.121289   0.000000   0.000241   0.000146   0.001400  0.000E+00  max increase

 Loading precomputed flux cube from:/home/njm/MESA/mesa/colors/data/stellar_models/Kurucz2003all//flux_cube.bin
 Loaded flux cube with dimensions:          76 x          11 x           9 x        1173
 Performing interpolation at target parameters...
 Interpolation complete
         36   6.318448   5058.042  -8.329561  -8.329561   2.000000   2.000000   0.755800   0.000071   0.242800  -6.336267    629      0
 2.7713E+00   6.318448   0.854616 -99.000000  -9.727424 -11.744709   0.000000   0.242800   0.000657   0.001400   0.044586      2
 3.5390E+03  -1.310435   1.479856 -99.000000 -99.000000  -7.120431   0.000000   0.000241   0.000146   0.001400  0.000E+00  max increase

 Loading precomputed flux cube from:/home/njm/MESA/mesa/colors/data/stellar_models/Kurucz2003all//flux_cube.bin
 Loaded flux cube with dimensions:          76 x          11 x           9 x        1173
 Performing interpolation at target parameters...
 Interpolation complete
         37   6.319587   5058.962  -8.315731  -8.315731   2.000000   2.000000   0.755800   0.000071   0.242800  -6.331697    630      0
 2.8505E+00   6.319587   0.853396 -99.000000  -9.713594 -11.748009   0.000000   0.242800   0.000657   0.001400   0.044595      3
 4.2478E+03  -1.306743   1.477731 -99.000000 -99.000000  -7.119464   0.000000   0.000241   0.000146   0.001400  0.000E+00  max increase

 Loading precomputed flux cube from:/home/njm/MESA/mesa/colors/data/stellar_models/Kurucz2003all//flux_cube.bin
 Loaded flux cube with dimensions:          76 x          11 x           9 x        1173
 Performing interpolation at target parameters...
 Interpolation complete
         38   6.320938   5059.932  -8.299301  -8.299301   2.000000   2.000000   0.755800   0.000071   0.242800  -6.326242    628      0
 2.9297E+00   6.320938   0.851945 -99.000000  -9.697163 -11.751900   0.000000   0.242800   0.000657   0.001400   0.044607      3
 5.0984E+03  -1.302347   1.475162 -99.000000 -99.000000  -7.118234   0.000000   0.000241   0.000146   0.001400  0.000E+00  max increase

 Loading precomputed flux cube from:/home/njm/MESA/mesa/colors/data/stellar_models/Kurucz2003all//flux_cube.bin
 Loaded flux cube with dimensions:          76 x          11 x           9 x        1173
 Performing interpolation at target parameters...
 Interpolation complete
         39   6.322539   5061.097  -8.279818  -8.279818   2.000000   2.000000   0.755800   0.000071   0.242800  -6.319737    628      0
 3.0089E+00   6.322539   0.850222 -99.000000  -9.677681 -11.756584   0.000000   0.242800   0.000657   0.001400   0.044621      3
 6.1190E+03  -1.297122   1.472117 -99.000000 -99.000000  -7.116783   0.000000   0.000241   0.000146   0.001400  0.000E+00  max increase

 Loading precomputed flux cube from:/home/njm/MESA/mesa/colors/data/stellar_models/Kurucz2003all//flux_cube.bin
 Loaded flux cube with dimensions:          76 x          11 x           9 x        1173
 Performing interpolation at target parameters...
 Interpolation complete

__________________________________________________________________________________________________________________________________________________

       step    lg_Tmax     Teff     lg_LH      lg_Lnuc_tot     Mass       H_rich     H_cntr     N_cntr     Y_surf   eta_cntr   zones  retry
  lg_dt_yrs    lg_Tcntr    lg_R     lg_L3a     lg_Lneu     lg_Mdot    He_core    He_cntr    O_cntr     Z_surf   gam_cntr   iters  
    age_yrs    lg_Dcntr    lg_L     lg_LZ      lg_Lphoto   lg_Dsurf   CO_core    C_cntr     Ne_cntr    Z_cntr   v_div_cs       dt_limit
__________________________________________________________________________________________________________________________________________________

         40   6.324430   5062.477  -8.256766  -8.256766   2.000000   2.000000   0.755800   0.000071   0.242800  -6.311987    628      0
 3.0881E+00   6.324430   0.848181 -99.000000  -9.654628 -11.762139   0.000000   0.242800   0.000657   0.001400   0.044639      3
 7.3439E+03  -1.290920   1.468509 -99.000000 -99.000000  -7.115063   0.000000   0.000241   0.000146   0.001400  0.000E+00  max increase

 Loading precomputed flux cube from:/home/njm/MESA/mesa/colors/data/stellar_models/Kurucz2003all//flux_cube.bin
 Loaded flux cube with dimensions:          76 x          11 x           9 x        1173
 Performing interpolation at target parameters...
 Interpolation complete
         41   6.326659   5064.109  -8.229562  -8.229562   2.000000   2.000000   0.755800   0.000071   0.242800  -6.302766    628      0
 3.1672E+00   6.326659   0.845769 -99.000000  -9.627424 -11.768720   0.000000   0.242800   0.000657   0.001400   0.044662      3
 8.8136E+03  -1.283574   1.464244 -99.000000 -99.000000  -7.113031   0.000000   0.000241   0.000146   0.001400  0.000E+00  max increase

 Loading precomputed flux cube from:/home/njm/MESA/mesa/colors/data/stellar_models/Kurucz2003all//flux_cube.bin
 Loaded flux cube with dimensions:          76 x          11 x           9 x        1173
 Performing interpolation at target parameters...
 Interpolation complete
         42   6.329275   5066.031  -8.197555  -8.197555   2.000000   2.000000   0.755800   0.000071   0.242800  -6.291811    628      0
 3.2464E+00   6.329275   0.842926 -99.000000  -9.595417 -11.776499   0.000000   0.242800   0.000657   0.001400   0.044691      3
 1.0577E+04  -1.274893   1.459217 -99.000000 -99.000000  -7.110635   0.000000   0.000241   0.000146   0.001400  0.000E+00  max increase

 Loading precomputed flux cube from:/home/njm/MESA/mesa/colors/data/stellar_models/Kurucz2003all//flux_cube.bin
 Loaded flux cube with dimensions:          76 x          11 x           9 x        1173
 Performing interpolation at target parameters...
 Interpolation complete
         43   6.332336   5068.245  -8.160029  -8.160029   2.000000   2.000000   0.755800   0.000071   0.242800  -6.278819    629      0
 3.3256E+00   6.332336   0.839585 -99.000000  -9.557891 -11.785669   0.000000   0.242800   0.000657   0.001400   0.044727      3
 1.2694E+04  -1.264662   1.453294 -99.000000 -99.000000  -7.107790   0.000000   0.000241   0.000146   0.001400  0.000E+00  max increase

 Loading precomputed flux cube from:/home/njm/MESA/mesa/colors/data/stellar_models/Kurucz2003all//flux_cube.bin
 Loaded flux cube with dimensions:          76 x          11 x           9 x        1173
 Performing interpolation at target parameters...
 Interpolation complete
         44   6.335900   5070.809  -8.116213  -8.116213   2.000000   2.000000   0.755800   0.000071   0.242800  -6.263445    629      0
 3.4048E+00   6.335900   0.835674 -99.000000  -9.514074 -11.796464   0.000000   0.242800   0.000657   0.001400   0.044772      3
 1.5234E+04  -1.252641   1.446351 -99.000000 -99.000000  -7.104443   0.000000   0.000241   0.000146   0.001400  0.000E+00  max increase

 Loading precomputed flux cube from:/home/njm/MESA/mesa/colors/data/stellar_models/Kurucz2003all//flux_cube.bin
 Loaded flux cube with dimensions:          76 x          11 x           9 x        1173
 Performing interpolation at target parameters...
 Interpolation complete
         45   6.340031   5073.764  -8.065288  -8.065288   2.000000   2.000000   0.755800   0.000071   0.242800  -6.245299    628      0
 3.4840E+00   6.340031   0.831115 -99.000000  -9.463149 -11.809115   0.000000   0.242800   0.000657   0.001400   0.044830      3
 1.8281E+04  -1.238567   1.438245 -99.000000 -99.000000  -7.100518   0.000000   0.000241   0.000146   0.001400  0.000E+00  max increase

 Loading precomputed flux cube from:/home/njm/MESA/mesa/colors/data/stellar_models/Kurucz2003all//flux_cube.bin
 Loaded flux cube with dimensions:          76 x          11 x           9 x        1173
 Performing interpolation at target parameters...
 Interpolation complete
         46   6.344797   5077.960  -8.006376  -8.006376   2.000000   2.000000   0.755800   0.000071   0.242800  -6.223946    632      0
 3.5632E+00   6.344797   0.825823 -99.000000  -9.404237 -11.823879   0.000000   0.242800   0.000657   0.001400   0.044903      3
 2.1939E+04  -1.222148   1.429096 -99.000000 -99.000000  -7.096458   0.000000   0.000241   0.000146   0.001400  0.000E+00  max increase

 Loading precomputed flux cube from:/home/njm/MESA/mesa/colors/data/stellar_models/Kurucz2003all//flux_cube.bin
 Loaded flux cube with dimensions:          76 x          11 x           9 x        1173
 Performing interpolation at target parameters...
 Interpolation complete
         47   6.350259   5081.999  -7.938660  -7.938660   2.000000   2.000000   0.755800   0.000071   0.242800  -6.198907    631      0
 3.6423E+00   6.350259   0.819715 -99.000000  -9.336521 -11.840664   0.000000   0.242800   0.000657   0.001400   0.044995      3
 2.6327E+04  -1.203084   1.418263 -99.000000 -99.000000  -7.091253   0.000000   0.000241   0.000146   0.001400  0.000E+00  max increase

 Loading precomputed flux cube from:/home/njm/MESA/mesa/colors/data/stellar_models/Kurucz2003all//flux_cube.bin
 Loaded flux cube with dimensions:          76 x          11 x           9 x        1173
 Performing interpolation at target parameters...
 Interpolation complete
         48   6.356480   5086.613  -7.861336  -7.861336   2.000000   2.000000   0.755800   0.000071   0.242800  -6.169661    631      0
 3.7215E+00   6.356480   0.812710 -99.000000  -9.259197 -11.860407   0.000000   0.242800   0.000657   0.001400   0.045112      3
 3.1594E+04  -1.181058   1.405828 -99.000000 -99.000000  -7.085270   0.000000   0.000241   0.000146   0.001400  0.000E+00  max increase

 Loading precomputed flux cube from:/home/njm/MESA/mesa/colors/data/stellar_models/Kurucz2003all//flux_cube.bin
 Loaded flux cube with dimensions:          76 x          11 x           9 x        1173
 Performing interpolation at target parameters...
 Interpolation complete
         49   6.363514   5091.843  -7.773667  -7.773667   2.000000   2.000000   0.755800   0.000071   0.242800  -6.135654    631      0
 3.8007E+00   6.363514   0.804727 -99.000000  -9.171527 -11.883064   0.000000   0.242800   0.000657   0.001400   0.045258      4
 3.7913E+04  -1.155744   1.391648 -99.000000 -99.000000  -7.078435   0.000000   0.000241   0.000146   0.001400  0.000E+00  max increase

 Loading precomputed flux cube from:/home/njm/MESA/mesa/colors/data/stellar_models/Kurucz2003all//flux_cube.bin
 Loaded flux cube with dimensions:          76 x          11 x           9 x        1173
 Performing interpolation at target parameters...
 Interpolation complete

__________________________________________________________________________________________________________________________________________________

       step    lg_Tmax     Teff     lg_LH      lg_Lnuc_tot     Mass       H_rich     H_cntr     N_cntr     Y_surf   eta_cntr   zones  retry
  lg_dt_yrs    lg_Tcntr    lg_R     lg_L3a     lg_Lneu     lg_Mdot    He_core    He_cntr    O_cntr     Z_surf   gam_cntr   iters  
    age_yrs    lg_Dcntr    lg_L     lg_LZ      lg_Lphoto   lg_Dsurf   CO_core    C_cntr     Ne_cntr    Z_cntr   v_div_cs       dt_limit
__________________________________________________________________________________________________________________________________________________

         50   6.371409   5097.478  -7.675053  -7.675053   2.000000   2.000000   0.755800   0.000071   0.242800  -6.096303    630      0
 3.8799E+00   6.371409   0.795700 -99.000000  -9.072913 -11.908897   0.000000   0.242800   0.000657   0.001400   0.045440      4
 4.5497E+04  -1.126819   1.375514 -99.000000 -99.000000  -7.070523   0.000000   0.000241   0.000146   0.001400  0.000E+00  max increase

save LOGS/profile2.data for model 50
 Loading precomputed flux cube from:/home/njm/MESA/mesa/colors/data/stellar_models/Kurucz2003all//flux_cube.bin
 Loaded flux cube with dimensions:          76 x          11 x           9 x        1173
 Performing interpolation at target parameters...
 Interpolation complete
save photos/x050 for model 50
         51   6.380213   5104.754  -7.564940  -7.564940   2.000000   2.000000   0.755800   0.000071   0.242800  -6.051007    633      0
 3.9591E+00   6.380213   0.785562 -99.000000  -8.962799 -11.938243   0.000000   0.242800   0.000657   0.001400   0.045666      5
 5.4598E+04  -1.093951   1.357718 -99.000000 -99.000000  -7.062255   0.000000   0.000241   0.000146   0.001400  0.000E+00  max increase

 Loading precomputed flux cube from:/home/njm/MESA/mesa/colors/data/stellar_models/Kurucz2003all//flux_cube.bin
 Loaded flux cube with dimensions:          76 x          11 x           9 x        1173
 Performing interpolation at target parameters...
 Interpolation complete
         52   6.389946   5111.952  -7.443110  -7.443110   2.000000   2.000000   0.755800   0.000071   0.242800  -5.999162    633      0
 4.0382E+00   6.389946   0.774284 -99.000000  -8.840969 -11.970763   0.000000   0.242800   0.000657   0.001400   0.045944      4
 6.5518E+04  -1.056848   1.337608 -99.000000 -99.000000  -7.052474   0.000000   0.000241   0.000146   0.001400  0.000E+00  max increase

 Loading precomputed flux cube from:/home/njm/MESA/mesa/colors/data/stellar_models/Kurucz2003all//flux_cube.bin
 Loaded flux cube with dimensions:          76 x          11 x           9 x        1173
 Performing interpolation at target parameters...
 Interpolation complete
         53   6.400627   5120.037  -7.309446  -7.309446   2.000000   2.000000   0.755800   0.000071   0.242800  -5.940177    634      0
 4.1174E+00   6.400627   0.761846 -99.000000  -8.707304 -12.007363   0.000000   0.242800   0.000657   0.001400   0.046283      4
 7.8623E+04  -1.015226   1.315477 -99.000000 -99.000000  -7.041784   0.000000   0.000241   0.000146   0.001400  0.000E+00  max increase

 Loading precomputed flux cube from:/home/njm/MESA/mesa/colors/data/stellar_models/Kurucz2003all//flux_cube.bin
 Loaded flux cube with dimensions:          76 x          11 x           9 x        1173
 Performing interpolation at target parameters...
 Interpolation complete
         54   6.412269   5129.356  -7.163969  -7.163969   2.000000   2.000000   0.755800   0.000071   0.242800  -5.873484    638      0
 4.1966E+00   6.412269   0.748254 -99.000000  -8.561826 -12.047663   0.000000   0.242800   0.000657   0.001400   0.046693      4
 9.4348E+04  -0.968816   1.291453 -99.000000 -99.000000  -7.030420   0.000000   0.000241   0.000146   0.001400  0.000E+00  max increase

 Loading precomputed flux cube from:/home/njm/MESA/mesa/colors/data/stellar_models/Kurucz2003all//flux_cube.bin
 Loaded flux cube with dimensions:          76 x          11 x           9 x        1173
 Performing interpolation at target parameters...
 Interpolation complete
         55   6.424877   5139.395  -7.006917  -7.006917   2.000000   2.000000   0.755800   0.000071   0.242800  -5.798556    640      0
 4.2758E+00   6.424877   0.733551 -99.000000  -8.404773 -12.091484   0.000000   0.242800   0.000657   0.001400   0.047183      4
 1.1322E+05  -0.917388   1.265444 -99.000000 -99.000000  -7.018102   0.000000   0.000241   0.000146   0.001400  0.000E+00  max increase

 Loading precomputed flux cube from:/home/njm/MESA/mesa/colors/data/stellar_models/Kurucz2003all//flux_cube.bin
 Loaded flux cube with dimensions:          76 x          11 x           9 x        1173
 Performing interpolation at target parameters...
 Interpolation complete
         56   6.437304   5148.735  -6.852556  -6.852556   2.000000   2.000000   0.755800   0.000071   0.242800  -5.721698    642      0
 4.3146E+00   6.437304   0.719114 -99.000000  -8.250411 -12.138919   0.000000   0.242800   0.000657   0.001400   0.047718      4
 1.3385E+05  -0.865395   1.239723 -99.000000 -99.000000  -7.005672   0.000000   0.000241   0.000146   0.001400  0.000E+00    lgRho_cntr

 Loading precomputed flux cube from:/home/njm/MESA/mesa/colors/data/stellar_models/Kurucz2003all//flux_cube.bin
 Loaded flux cube with dimensions:          76 x          11 x           9 x        1173
 Performing interpolation at target parameters...
 Interpolation complete
         57   6.448203   5157.993  -6.717530  -6.717530   2.000000   2.000000   0.755800   0.000071   0.242800  -5.651707    643      0
 4.2976E+00   6.448203   0.706540 -99.000000  -8.115384 -12.185740   0.000000   0.242800   0.000657   0.001400   0.048235      4
 1.5370E+05  -0.818677   1.217698 -99.000000 -99.000000  -6.995583   0.000000   0.000241   0.000146   0.001400  0.000E+00    lgRho_cntr

 Loading precomputed flux cube from:/home/njm/MESA/mesa/colors/data/stellar_models/Kurucz2003all//flux_cube.bin
 Loaded flux cube with dimensions:          76 x          11 x           9 x        1173
 Performing interpolation at target parameters...
 Interpolation complete
         58   6.459873   5167.064  -6.574044  -6.574044   2.000000   2.000000   0.755800   0.000071   0.242800  -5.575130    644      0
 4.3652E+00   6.459873   0.693285 -99.000000  -7.971896 -12.226011   0.000000   0.242800   0.000657   0.001400   0.048820      4
 1.7688E+05  -0.767949   1.194239 -99.000000 -99.000000  -6.984500   0.000000   0.000241   0.000146   0.001400  0.000E+00    varcontrol

 Loading precomputed flux cube from:/home/njm/MESA/mesa/colors/data/stellar_models/Kurucz2003all//flux_cube.bin
 Loaded flux cube with dimensions:          76 x          11 x           9 x        1173
 Performing interpolation at target parameters...
 Interpolation complete
         59   6.471860   5177.760  -6.427916  -6.427916   2.000000   2.000000   0.755800   0.000071   0.242800  -5.494889    648      0
 4.4143E+00   6.471860   0.679955 -99.000000  -7.825767 -12.268787   0.000000   0.242800   0.000657   0.001400   0.049455      4
 2.0284E+05  -0.715158   1.171172 -99.000000 -99.000000  -6.974387   0.000000   0.000241   0.000146   0.001400  0.000E+00    lgRho_cntr

 Loading precomputed flux cube from:/home/njm/MESA/mesa/colors/data/stellar_models/Kurucz2003all//flux_cube.bin
 Loaded flux cube with dimensions:          76 x          11 x           9 x        1173
 Performing interpolation at target parameters...
 Interpolation complete

__________________________________________________________________________________________________________________________________________________

       step    lg_Tmax     Teff     lg_LH      lg_Lnuc_tot     Mass       H_rich     H_cntr     N_cntr     Y_surf   eta_cntr   zones  retry
  lg_dt_yrs    lg_Tcntr    lg_R     lg_L3a     lg_Lneu     lg_Mdot    He_core    He_cntr    O_cntr     Z_surf   gam_cntr   iters  
    age_yrs    lg_Dcntr    lg_L     lg_LZ      lg_Lphoto   lg_Dsurf   CO_core    C_cntr     Ne_cntr    Z_cntr   v_div_cs       dt_limit
__________________________________________________________________________________________________________________________________________________

         60   6.482439   5186.352  -6.299751  -6.299751   2.000000   2.000000   0.755800   0.000071   0.242800  -5.422313    647      0
 4.3946E+00   6.482439   0.668466 -99.000000  -7.697599 -12.311099   0.000000   0.242800   0.000657   0.001400   0.050051      4
 2.2765E+05  -0.667807   1.151073 -21.975190 -99.000000  -6.965263   0.000000   0.000241   0.000146   0.001400  0.000E+00    lgRho_cntr

 Loading precomputed flux cube from:/home/njm/MESA/mesa/colors/data/stellar_models/Kurucz2003all//flux_cube.bin
 Loaded flux cube with dimensions:          76 x          11 x           9 x        1173
 Performing interpolation at target parameters...
 Interpolation complete
         61   6.494063   5196.007  -6.160594  -6.160594   2.000000   2.000000   0.755800   0.000071   0.242800  -5.342070    645      0
 4.4672E+00   6.494063   0.656263 -99.000000  -7.558441 -12.347860   0.000000   0.242800   0.000657   0.001400   0.050723      4
 2.5697E+05  -0.615568   1.129899 -99.000000 -99.000000  -6.955922   0.000000   0.000241   0.000146   0.001400  0.000E+00    varcontrol

 Loading precomputed flux cube from:/home/njm/MESA/mesa/colors/data/stellar_models/Kurucz2003all//flux_cube.bin
 Loaded flux cube with dimensions:          76 x          11 x           9 x        1173
 Performing interpolation at target parameters...
 Interpolation complete
         62   6.506212   5207.430  -6.016930  -6.016930   2.000000   2.000000   0.755800   0.000071   0.242800  -5.257734    648      0
 4.5179E+00   6.506212   0.644034 -99.000000  -7.414774 -12.386671   0.000000   0.242800   0.000657   0.001400   0.051442      4
 2.8993E+05  -0.560771   1.109256 -99.000000 -99.000000  -6.947710   0.000000   0.000241   0.000146   0.001400  0.000E+00    lgRho_cntr

 Loading precomputed flux cube from:/home/njm/MESA/mesa/colors/data/stellar_models/Kurucz2003all//flux_cube.bin
 Loaded flux cube with dimensions:          76 x          11 x           9 x        1173
 Performing interpolation at target parameters...
 Interpolation complete
         63   6.516891   5217.163  -5.891769  -5.891769   2.000000   2.000000   0.755800   0.000071   0.242800  -5.182682    650      0
 4.4906E+00   6.516891   0.633767 -99.000000  -7.289610 -12.424787   0.000000   0.242800   0.000657   0.001400   0.052099      3
 3.2087E+05  -0.512209   1.091966 -21.674160 -99.000000  -6.940913   0.000000   0.000241   0.000146   0.001400  0.000E+00    lgRho_cntr

 Loading precomputed flux cube from:/home/njm/MESA/mesa/colors/data/stellar_models/Kurucz2003all//flux_cube.bin
 Loaded flux cube with dimensions:          76 x          11 x           9 x        1173
 Performing interpolation at target parameters...
 Interpolation complete
         64   6.528916   5228.425  -5.752934  -5.752934   2.000000   2.000000   0.755800   0.000071   0.242800  -5.098860    650      0
 4.5675E+00   6.528916   0.622868 -99.000000  -7.150773 -12.456733   0.000000   0.242800   0.000657   0.001400   0.052836      4
 3.5781E+05  -0.457831   1.073914 -99.000000 -99.000000  -6.934313   0.000000   0.000241   0.000146   0.001400  0.000E+00    varcontrol

 Loading precomputed flux cube from:/home/njm/MESA/mesa/colors/data/stellar_models/Kurucz2003all//flux_cube.bin
 Loaded flux cube with dimensions:          76 x          11 x           9 x        1173
 Performing interpolation at target parameters...
 Interpolation complete
         65   6.541706   5242.067  -5.607474  -5.607474   2.000000   2.000000   0.755800   0.000071   0.242800  -5.010488    658      0
 4.6191E+00   6.541706   0.612089 -99.000000  -7.005310 -12.490236   0.000000   0.242800   0.000657   0.001400   0.053617      5
 3.9941E+05  -0.400339   1.056883 -21.072100 -99.000000  -6.929441   0.000000   0.000241   0.000146   0.001400  0.000E+00    lgRho_cntr

 Loading precomputed flux cube from:/home/njm/MESA/mesa/colors/data/stellar_models/Kurucz2003all//flux_cube.bin
 Loaded flux cube with dimensions:          76 x          11 x           9 x        1173
 Performing interpolation at target parameters...
 Interpolation complete
         66   6.552858   5253.749  -5.481986  -5.481986   2.000000   2.000000   0.755800   0.000071   0.242800  -4.933361    656      0
 4.5819E+00   6.552858   0.603425 -99.000000  -6.879818 -12.522261   0.000000   0.242800   0.000657   0.001400   0.054309      5
 4.3760E+05  -0.350185   1.043421 -99.000000 -99.000000  -6.926003   0.000000   0.000241   0.000146   0.001400  0.000E+00    lgRho_cntr

 Loading precomputed flux cube from:/home/njm/MESA/mesa/colors/data/stellar_models/Kurucz2003all//flux_cube.bin
 Loaded flux cube with dimensions:          76 x          11 x           9 x        1173
 Performing interpolation at target parameters...
 Interpolation complete
         67   6.563425   5265.476  -5.364522  -5.364522   2.000000   2.000000   0.755800   0.000071   0.242800  -4.860983    656      0
 4.5757E+00   6.563425   0.595918 -99.000000  -6.762350 -12.547696   0.000000   0.242800   0.000657   0.001400   0.054959      5
 4.7525E+05  -0.302972   1.032280 -20.594978 -99.000000  -6.924091   0.000000   0.000241   0.000146   0.001400  0.000E+00    lgRho_cntr

 Loading precomputed flux cube from:/home/njm/MESA/mesa/colors/data/stellar_models/Kurucz2003all//flux_cube.bin
 Loaded flux cube with dimensions:          76 x          11 x           9 x        1173
 Performing interpolation at target parameters...
 Interpolation complete
         68   6.575699   5280.718  -5.230396  -5.230396   2.000000   2.000000   0.755800   0.000071   0.242800  -4.779190    661      0
 4.6549E+00   6.575699   0.588116 -99.000000  -6.628220 -12.569025   0.000000   0.242800   0.000657   0.001400   0.055682      4
 5.2043E+05  -0.249125   1.021697 -20.594978 -99.000000  -6.924136   0.000000   0.000241   0.000146   0.001400  0.000E+00  max increase

 Loading precomputed flux cube from:/home/njm/MESA/mesa/colors/data/stellar_models/Kurucz2003all//flux_cube.bin
 Loaded flux cube with dimensions:          76 x          11 x           9 x        1173
 Performing interpolation at target parameters...
 Interpolation complete
         69   6.589703   5298.271  -5.080080  -5.080080   2.000000   2.000000   0.755800   0.000071   0.242800  -4.688686    659      0
 4.7262E+00   6.589703   0.580460 -99.000000  -6.477899 -12.589852   0.000000   0.242800   0.000657   0.001400   0.056465      4
 5.7366E+05  -0.188919   1.012150 -99.000000 -99.000000  -6.925921   0.000000   0.000241   0.000146   0.001400  0.000E+00    lgRho_cntr

 Loading precomputed flux cube from:/home/njm/MESA/mesa/colors/data/stellar_models/Kurucz2003all//flux_cube.bin
 Loaded flux cube with dimensions:          76 x          11 x           9 x        1173
 Performing interpolation at target parameters...
 Interpolation complete

__________________________________________________________________________________________________________________________________________________

       step    lg_Tmax     Teff     lg_LH      lg_Lnuc_tot     Mass       H_rich     H_cntr     N_cntr     Y_surf   eta_cntr   zones  retry
  lg_dt_yrs    lg_Tcntr    lg_R     lg_L3a     lg_Lneu     lg_Mdot    He_core    He_cntr    O_cntr     Z_surf   gam_cntr   iters  
    age_yrs    lg_Dcntr    lg_L     lg_LZ      lg_Lphoto   lg_Dsurf   CO_core    C_cntr     Ne_cntr    Z_cntr   v_div_cs       dt_limit
__________________________________________________________________________________________________________________________________________________

         70   6.601937   5315.025  -4.950295  -4.950295   2.000000   2.000000   0.755800   0.000071   0.242800  -4.610762    660      0
 4.6801E+00   6.601937   0.574925 -99.000000  -6.348108 -12.609155   0.000000   0.242800   0.000657   0.001400   0.057136      4
 6.2154E+05  -0.136825   1.006564 -20.293948 -99.000000  -6.929931   0.000000   0.000241   0.000146   0.001400  0.000E+00    lgRho_cntr

 Loading precomputed flux cube from:/home/njm/MESA/mesa/colors/data/stellar_models/Kurucz2003all//flux_cube.bin
 Loaded flux cube with dimensions:          76 x          11 x           9 x        1173
 Performing interpolation at target parameters...
 Interpolation complete
         71   6.613594   5331.860  -4.828225  -4.828225   2.000000   2.000000   0.755800   0.000071   0.242800  -4.538301    660      0
 4.6670E+00   6.613594   0.570733 -99.000000  -6.226032 -12.621335   0.000000   0.242800   0.000657   0.001400   0.057748      4
 6.6799E+05  -0.087969   1.003675 -99.000000 -99.000000  -6.935753   0.000000   0.000241   0.000146   0.001400  0.000E+00    lgRho_cntr

 Loading precomputed flux cube from:/home/njm/MESA/mesa/colors/data/stellar_models/Kurucz2003all//flux_cube.bin
 Loaded flux cube with dimensions:          76 x          11 x           9 x        1173
 Performing interpolation at target parameters...
 Interpolation complete
         72   6.627477   5353.784  -4.685455  -4.685455   2.000000   2.000000   0.755800   0.000071   0.242800  -4.455870    662      0
 4.7462E+00   6.627477   0.567145 -99.000000  -6.083255 -12.628748   0.000000   0.242800   0.000657   0.001400   0.058410      4
 7.2374E+05  -0.031468   1.003628 -20.470040 -99.000000  -6.945787   0.000000   0.000241   0.000146   0.001400  0.000E+00  max increase

 Loading precomputed flux cube from:/home/njm/MESA/mesa/colors/data/stellar_models/Kurucz2003all//flux_cube.bin
 Loaded flux cube with dimensions:          76 x          11 x           9 x        1173
 Performing interpolation at target parameters...
 Interpolation complete
         73   6.644110   5381.601  -4.517763  -4.517763   2.000000   2.000000   0.755800   0.000071   0.242800  -4.362396    664      0
 4.8254E+00   6.644110   0.564903 -99.000000  -5.915553 -12.631818   0.000000   0.242800   0.000657   0.001400   0.059109      4
 7.9063E+05   0.033926   1.008146 -20.169010 -99.000000  -6.961564   0.000000   0.000241   0.000146   0.001400  0.000E+00    lgRho_cntr

 Loading precomputed flux cube from:/home/njm/MESA/mesa/colors/data/stellar_models/Kurucz2003all//flux_cube.bin
 Loaded flux cube with dimensions:          76 x          11 x           9 x        1173
 Performing interpolation at target parameters...
 Interpolation complete
         74   6.658499   5407.894  -4.374519  -4.374519   2.000000   2.000000   0.755800   0.000071   0.242800  -4.284025    662      0
 4.7632E+00   6.658499   0.565021 -99.000000  -5.772300 -12.627598   0.000000   0.242800   0.000657   0.001400   0.059670      4
 8.4860E+05   0.089408   1.016848 -99.000000 -99.000000  -6.979430   0.000000   0.000241   0.000146   0.001400  0.000E+00    lgRho_cntr

 Loading precomputed flux cube from:/home/njm/MESA/mesa/colors/data/stellar_models/Kurucz2003all//flux_cube.bin
 Loaded flux cube with dimensions:          76 x          11 x           9 x        1173
 Performing interpolation at target parameters...
 Interpolation complete
         75   6.672232   5435.767  -4.239724  -4.239724   2.000000   2.000000   0.755800   0.000071   0.242800  -4.212382    664      0
 4.7383E+00   6.672232   0.567027 -99.000000  -5.637495 -12.615751   0.000000   0.242800   0.000657   0.001400   0.060148      4
 9.0334E+05   0.140984   1.029791 -99.000000 -99.000000  -7.000858   0.000000   0.000241   0.000146   0.001400  0.000E+00    lgRho_cntr

 Loading precomputed flux cube from:/home/njm/MESA/mesa/colors/data/stellar_models/Kurucz2003all//flux_cube.bin
 Loaded flux cube with dimensions:          76 x          11 x           9 x        1173
 Performing interpolation at target parameters...
 Interpolation complete
         76   6.685957   5465.470  -4.106936  -4.106936   2.000000   2.000000   0.755800   0.000071   0.242800  -4.144222    664      0
 4.7299E+00   6.685957   0.570976 -99.000000  -5.504698 -12.596596   0.000000   0.242800   0.000657   0.001400   0.060559      4
 9.5702E+05   0.191035   1.047157 -19.566950 -99.000000  -7.026082   0.000000   0.000241   0.000146   0.001400  0.000E+00    lgRho_cntr

 Loading precomputed flux cube from:/home/njm/MESA/mesa/colors/data/stellar_models/Kurucz2003all//flux_cube.bin
 Loaded flux cube with dimensions:          76 x          11 x           9 x        1173
 Performing interpolation at target parameters...
 Interpolation complete
         77   6.700009   5498.639  -3.972972  -3.972972   2.000000   2.000000   0.755800   0.000071   0.242800  -4.078137    664      0
 4.7285E+00   6.700009   0.577004 -99.000000  -5.370722 -12.569844   0.000000   0.242800   0.000657   0.001400   0.060907      5
 1.0105E+06   0.240670   1.069723 -99.000000 -99.000000  -7.056369   0.000000   0.000241   0.000146   0.001400  0.000E+00    lgRho_cntr

 Loading precomputed flux cube from:/home/njm/MESA/mesa/colors/data/stellar_models/Kurucz2003all//flux_cube.bin
 Loaded flux cube with dimensions:          76 x          11 x           9 x        1173
 Performing interpolation at target parameters...
 Interpolation complete
         78   6.717237   5543.110  -3.811797  -3.811797   2.000000   2.000000   0.755800   0.000071   0.242800  -4.003173    664      0
 4.7984E+00   6.717237   0.586351 -99.000000  -5.209533 -12.534327   0.000000   0.242800   0.000657   0.001400   0.061214      4
 1.0734E+06   0.298895   1.102409 -99.000000 -99.000000  -7.098566   0.000000   0.000241   0.000146   0.001400  0.000E+00    varcontrol

 Loading precomputed flux cube from:/home/njm/MESA/mesa/colors/data/stellar_models/Kurucz2003all//flux_cube.bin
 Loaded flux cube with dimensions:          76 x          11 x           9 x        1173
 Performing interpolation at target parameters...
 Interpolation complete
         79   6.736871   5598.596  -3.631533  -3.631533   2.000000   2.000000   0.755800   0.000071   0.242800  -3.924097    664      0
 4.8340E+00   6.736871   0.598273 -99.000000  -5.029251 -12.482368   0.000000   0.242800   0.000657   0.001400   0.061435      5
 1.1416E+06   0.362493   1.143557 -19.566950 -99.000000  -7.151329   0.000000   0.000241   0.000146   0.001400  0.000E+00    lgRho_cntr

 Loading precomputed flux cube from:/home/njm/MESA/mesa/colors/data/stellar_models/Kurucz2003all//flux_cube.bin
 Loaded flux cube with dimensions:          76 x          11 x           9 x        1173
 Performing interpolation at target parameters...
 Interpolation complete

__________________________________________________________________________________________________________________________________________________

       step    lg_Tmax     Teff     lg_LH      lg_Lnuc_tot     Mass       H_rich     H_cntr     N_cntr     Y_surf   eta_cntr   zones  retry
  lg_dt_yrs    lg_Tcntr    lg_R     lg_L3a     lg_Lneu     lg_Mdot    He_core    He_cntr    O_cntr     Z_surf   gam_cntr   iters  
    age_yrs    lg_Dcntr    lg_L     lg_LZ      lg_Lphoto   lg_Dsurf   CO_core    C_cntr     Ne_cntr    Z_cntr   v_div_cs       dt_limit
__________________________________________________________________________________________________________________________________________________

         80   6.754975   5653.919  -3.467661  -3.467661   2.000000   2.000000   0.755800   0.000071   0.242800  -3.854687    664      0
 4.7824E+00   6.754975   0.609221 -99.000000  -4.865360 -12.416828   0.000000   0.242800   0.000657   0.001400   0.061567      5
 1.2022E+06   0.419611   1.182533 -18.964890 -99.000000  -7.202313   0.000000   0.000241   0.000146   0.001400  0.000E+00    lgRho_cntr

 Loading precomputed flux cube from:/home/njm/MESA/mesa/colors/data/stellar_models/Kurucz2003all//flux_cube.bin
 Loaded flux cube with dimensions:          76 x          11 x           9 x        1173
 Performing interpolation at target parameters...
 Interpolation complete
         81   6.772509   5709.958  -3.311140  -3.311140   1.999999   1.999999   0.755800   0.000071   0.242800  -3.790315    665      0
 4.7548E+00   6.772509   0.617800 -99.000000  -4.708821 -12.355036   0.000000   0.242800   0.000657   0.001400   0.061637      5
 1.2591E+06   0.473688   1.216825 -18.265920 -99.000000  -7.250201   0.000000   0.000241   0.000146   0.001400  0.000E+00    lgRho_cntr

 Loading precomputed flux cube from:/home/njm/MESA/mesa/colors/data/stellar_models/Kurucz2003all//flux_cube.bin
 Loaded flux cube with dimensions:          76 x          11 x           9 x        1173
 Performing interpolation at target parameters...
 Interpolation complete
         82   6.789824   5768.222  -3.158603  -3.158603   1.999999   1.999999   0.755800   0.000071   0.242800  -3.728934    668      0
 4.7387E+00   6.789824   0.623692 -99.000000  -4.556264 -12.301553   0.000000   0.242800   0.000657   0.001400   0.061661      5
 1.3139E+06   0.526134   1.246246 -99.000000 -99.000000  -7.295540   0.000000   0.000241   0.000146   0.001400  0.000E+00    lgRho_cntr

 Loading precomputed flux cube from:/home/njm/MESA/mesa/colors/data/stellar_models/Kurucz2003all//flux_cube.bin
 Loaded flux cube with dimensions:          76 x          11 x           9 x        1173
 Performing interpolation at target parameters...
 Interpolation complete
         83   6.807072   5830.152  -3.008553  -3.008553   1.999999   1.999999   0.755800   0.000071   0.242800  -3.669481    667      0
 4.7290E+00   6.807072   0.627317 -99.000000  -4.406191 -12.256898   0.000000   0.242800   0.000657   0.001400   0.061649      5
 1.3675E+06   0.577638   1.272048 -18.663860 -99.000000  -7.339791   0.000000   0.000241   0.000146   0.001400  0.000E+00    lgRho_cntr

 Loading precomputed flux cube from:/home/njm/MESA/mesa/colors/data/stellar_models/Kurucz2003all//flux_cube.bin
 Loaded flux cube with dimensions:          76 x          11 x           9 x        1173
 Performing interpolation at target parameters...
 Interpolation complete
         84   6.824325   5898.582  -2.860254  -2.860254   1.999999   1.999999   0.755800   0.000071   0.242800  -3.611357    670      0
 4.7231E+00   6.824325   0.628881 -99.000000  -4.257869 -12.219027   0.000000   0.242800   0.000657   0.001400   0.061610      5
 1.4203E+06   0.628566   1.295446 -99.000000 -99.000000  -7.385021   0.000000   0.000241   0.000146   0.001400  0.000E+00    lgRho_cntr

 Loading precomputed flux cube from:/home/njm/MESA/mesa/colors/data/stellar_models/Kurucz2003all//flux_cube.bin
 Loaded flux cube with dimensions:          76 x          11 x           9 x        1173
 Performing interpolation at target parameters...
 Interpolation complete
         85   6.841615   5975.714  -2.713355  -2.713355   1.999999   1.999999   0.755800   0.000071   0.242800  -3.554203    670      0
 4.7193E+00   6.841615   0.628458 -99.000000  -4.110944 -12.186129   0.000000   0.242800   0.000657   0.001400   0.061548      5
 1.4727E+06   0.679121   1.317169 -18.663860 -99.000000  -7.432751   0.000000   0.000241   0.000146   0.001400  0.000E+00    lgRho_cntr

 Loading precomputed flux cube from:/home/njm/MESA/mesa/colors/data/stellar_models/Kurucz2003all//flux_cube.bin
 Loaded flux cube with dimensions:          76 x          11 x           9 x        1173
 Performing interpolation at target parameters...
 Interpolation complete
         86   6.858954   6065.750  -2.567704  -2.567704   1.999999   1.999999   0.755800   0.000071   0.242800  -3.497803    673      0
 4.7171E+00   6.858954   0.625713 -99.000000  -3.965265 -12.157157   0.000000   0.242800   0.000657   0.001400   0.061467      6
 1.5248E+06   0.729413   1.337657 -99.000000 -99.000000  -7.485111   0.000000   0.000241   0.000146   0.001400  0.000E+00    lgRho_cntr

 Loading precomputed flux cube from:/home/njm/MESA/mesa/colors/data/stellar_models/Kurucz2003all//flux_cube.bin
 Loaded flux cube with dimensions:          76 x          11 x           9 x        1173
 Performing interpolation at target parameters...
 Interpolation complete
         87   6.876086   6170.784  -2.425337  -2.425337   1.999999   1.999999   0.755800   0.000071   0.242800  -3.442769    672      0
 4.7095E+00   6.876086   0.620447 -99.000000  -3.822869 -12.131799   0.000000   0.242800   0.000657   0.001400   0.061372      7
 1.5761E+06   0.778795   1.356949 -99.000000 -99.000000  -7.542763   0.000000   0.000241   0.000146   0.001400  0.000E+00    varcontrol

 Loading precomputed flux cube from:/home/njm/MESA/mesa/colors/data/stellar_models/Kurucz2003all//flux_cube.bin
 Loaded flux cube with dimensions:          76 x          11 x           9 x        1173
 Performing interpolation at target parameters...
 Interpolation complete
         88   6.892582   6299.723  -2.289623  -2.289623   1.999999   1.999999   0.755800   0.000071   0.242800  -3.390235    696      0
 4.6919E+00   6.892582   0.611438 -99.000000  -3.687127 -12.110167   0.000000   0.242800   0.000657   0.001400   0.061271      8
 1.6253E+06   0.826136   1.374856 -99.000000 -99.000000  -7.608978   0.000000   0.000241   0.000146   0.001400  0.000E+00    varcontrol

 Loading precomputed flux cube from:/home/njm/MESA/mesa/colors/data/stellar_models/Kurucz2003all//flux_cube.bin
 Loaded flux cube with dimensions:          76 x          11 x           9 x        1173
 Performing interpolation at target parameters...
 Interpolation complete
         89   6.908237   6446.360  -2.162019  -2.162019   1.999999   1.999999   0.755800   0.000071   0.242800  -3.340690    716      0
 4.6687E+00   6.908237   0.599684 -99.000000  -3.559497 -12.093543   0.000000   0.242800   0.000657   0.001400   0.061168      9
 1.6719E+06   0.870919   1.391319 -99.000000 -99.000000  -7.680732   0.000000   0.000241   0.000146   0.001400  0.000E+00    varcontrol

 Loading precomputed flux cube from:/home/njm/MESA/mesa/colors/data/stellar_models/Kurucz2003all//flux_cube.bin
 Loaded flux cube with dimensions:          76 x          11 x           9 x        1173
 Performing interpolation at target parameters...
 Interpolation complete

__________________________________________________________________________________________________________________________________________________

       step    lg_Tmax     Teff     lg_LH      lg_Lnuc_tot     Mass       H_rich     H_cntr     N_cntr     Y_surf   eta_cntr   zones  retry
  lg_dt_yrs    lg_Tcntr    lg_R     lg_L3a     lg_Lneu     lg_Mdot    He_core    He_cntr    O_cntr     Z_surf   gam_cntr   iters  
    age_yrs    lg_Dcntr    lg_L     lg_LZ      lg_Lphoto   lg_Dsurf   CO_core    C_cntr     Ne_cntr    Z_cntr   v_div_cs       dt_limit
__________________________________________________________________________________________________________________________________________________

         90   6.923113   6606.371  -2.041805  -2.041805   1.999999   1.999999   0.755800   0.000071   0.242800  -3.293857    727      0
 4.6466E+00   6.923113   0.585966 -99.000000  -3.439261 -12.081168   0.000000   0.242800   0.000657   0.001400   0.061065      7
 1.7162E+06   0.913357   1.406477 -99.000000 -99.000000  -7.754737   0.000000   0.000241   0.000146   0.001400  0.000E+00    varcontrol

 Loading precomputed flux cube from:/home/njm/MESA/mesa/colors/data/stellar_models/Kurucz2003all//flux_cube.bin
 Loaded flux cube with dimensions:          76 x          11 x           9 x        1173
 Performing interpolation at target parameters...
 Interpolation complete
         91   6.937496   6768.795  -1.926538  -1.926538   1.999999   1.999999   0.755800   0.000071   0.242800  -3.248828    732      0
 4.6323E+00   6.937496   0.571943 -99.000000  -3.323979 -12.072200   0.000000   0.242800   0.000657   0.001400   0.060961      7
 1.7591E+06   0.954271   1.420626 -99.000000 -99.000000  -7.826802   0.000000   0.000241   0.000146   0.001400  0.000E+00        lgTeff

 Loading precomputed flux cube from:/home/njm/MESA/mesa/colors/data/stellar_models/Kurucz2003all//flux_cube.bin
 Loaded flux cube with dimensions:          76 x          11 x           9 x        1173
 Performing interpolation at target parameters...
 Interpolation complete
         92   6.951556   6932.179  -1.814760  -1.814760   1.999999   1.999999   0.755800   0.000071   0.242800  -3.205042    736      0
 4.6233E+00   6.951556   0.557894 -99.000000  -3.212195 -12.064850   0.000000   0.242800   0.000657   0.001400   0.060854      6
 1.8011E+06   0.994157   1.433961 -99.000000 -99.000000  -7.899050   0.000000   0.000241   0.000146   0.001400  0.000E+00        lgTeff

 Loading precomputed flux cube from:/home/njm/MESA/mesa/colors/data/stellar_models/Kurucz2003all//flux_cube.bin
 Loaded flux cube with dimensions:          76 x          11 x           9 x        1173
 Performing interpolation at target parameters...
 Interpolation complete
         93   6.965338   7096.214  -1.706009  -1.706009   1.999999   1.999999   0.755799   0.000071   0.242800  -3.162312    742      0
 4.6159E+00   6.965338   0.543886 -99.000000  -3.103455 -12.058621   0.000000   0.242801   0.000657   0.001400   0.060744      7
 1.8424E+06   1.033165   1.446572 -99.000000 -99.000000  -7.974197   0.000000   0.000241   0.000146   0.001400  0.000E+00        lgTeff

 Loading precomputed flux cube from:/home/njm/MESA/mesa/colors/data/stellar_models/Kurucz2003all//flux_cube.bin
 Loaded flux cube with dimensions:          76 x          11 x           9 x        1173
 Performing interpolation at target parameters...
 Interpolation complete
         94   6.978953   7261.733  -1.599366  -1.599366   1.999999   1.999999   0.755799   0.000071   0.242800  -3.120284    742      0
 4.6122E+00   6.978953   0.529860 -99.000000  -2.996849 -12.053335   0.000000   0.242801   0.000657   0.001400   0.060633      6
 1.8834E+06   1.071610   1.458574 -99.000000 -99.000000  -8.054464   0.000000   0.000241   0.000146   0.001400  0.000E+00        lgTeff

 Loading precomputed flux cube from:/home/njm/MESA/mesa/colors/data/stellar_models/Kurucz2003all//flux_cube.bin
 Loaded flux cube with dimensions:          76 x          11 x           9 x        1173
 Performing interpolation at target parameters...
 Interpolation complete
         95   6.992475   7429.466  -1.494187  -1.494187   1.999999   1.999999   0.755799   0.000071   0.242800  -3.078715    750      0
 4.6113E+00   6.992475   0.515763 -99.000000  -2.891746 -12.048886   0.000000   0.242801   0.000657   0.001400   0.060518      6
 1.9242E+06   1.109710   1.470049 -99.000000 -99.000000  -8.140598   0.000000   0.000241   0.000146   0.001400  0.000E+00        lgTeff

 Loading precomputed flux cube from:/home/njm/MESA/mesa/colors/data/stellar_models/Kurucz2003all//flux_cube.bin
 Loaded flux cube with dimensions:          76 x          11 x           9 x        1173
 Performing interpolation at target parameters...
 Interpolation complete
         96   7.007193   7615.148  -1.380606  -1.380606   1.999999   1.999999   0.755799   0.000071   0.242800  -3.033917    757      0
 4.6501E+00   7.007193   0.500180 -55.525616  -2.778322 -12.045208   0.000000   0.242801   0.000657   0.001400   0.060384      5
 1.9689E+06   1.150977   1.481767 -99.000000 -99.000000  -8.239508   0.000000   0.000241   0.000146   0.001400  0.000E+00    varcontrol

 Loading precomputed flux cube from:/home/njm/MESA/mesa/colors/data/stellar_models/Kurucz2003all//flux_cube.bin
 Loaded flux cube with dimensions:          76 x          11 x           9 x        1173
 Performing interpolation at target parameters...
 Interpolation complete
         97   7.022547   7812.900  -1.262958  -1.262958   1.999999   1.999999   0.755799   0.000071   0.242800  -2.987491    762      0
 4.6716E+00   7.022547   0.483737 -54.263154  -2.660969 -12.042446   0.000000   0.242801   0.000657   0.001400   0.060238      5
 2.0158E+06   1.193882   1.493416 -99.000000 -99.000000  -8.346849   0.000000   0.000241   0.000146   0.001400  0.000E+00        lgTeff

 Loading precomputed flux cube from:/home/njm/MESA/mesa/colors/data/stellar_models/Kurucz2003all//flux_cube.bin
 Loaded flux cube with dimensions:          76 x          11 x           9 x        1173
 Performing interpolation at target parameters...
 Interpolation complete
         98   7.036915   8002.520  -1.153366  -1.153366   1.999999   1.999999   0.755798   0.000071   0.242800  -2.943993    757      0
 4.6470E+00   7.036915   0.468270 -53.350495  -2.551851 -12.040501   0.000000   0.242802   0.000657   0.001400   0.060102      5
 2.0602E+06   1.234043   1.504141 -16.857680 -99.000000  -8.452288   0.000000   0.000241   0.000146   0.001400  0.000E+00        lgTeff

 Loading precomputed flux cube from:/home/njm/MESA/mesa/colors/data/stellar_models/Kurucz2003all//flux_cube.bin
 Loaded flux cube with dimensions:          76 x          11 x           9 x        1173
 Performing interpolation at target parameters...
 Interpolation complete
         99   7.050824   8189.773  -1.047582  -1.047582   1.999999   1.999999   0.755798   0.000071   0.242800  -2.901944    761      0
 4.6371E+00   7.050824   0.453185 -52.498018  -2.446817 -12.038983   0.000000   0.242802   0.000657   0.001400   0.059969      5
 2.1036E+06   1.272884   1.514151 -99.000000 -99.000000  -8.557974   0.000000   0.000241   0.000146   0.001400  0.000E+00        lgTeff

 Loading precomputed flux cube from:/home/njm/MESA/mesa/colors/data/stellar_models/Kurucz2003all//flux_cube.bin
 Loaded flux cube with dimensions:          76 x          11 x           9 x        1173
 Performing interpolation at target parameters...
 Interpolation complete

__________________________________________________________________________________________________________________________________________________

       step    lg_Tmax     Teff     lg_LH      lg_Lnuc_tot     Mass       H_rich     H_cntr     N_cntr     Y_surf   eta_cntr   zones  retry
  lg_dt_yrs    lg_Tcntr    lg_R     lg_L3a     lg_Lneu     lg_Mdot    He_core    He_cntr    O_cntr     Z_surf   gam_cntr   iters  
    age_yrs    lg_Dcntr    lg_L     lg_LZ      lg_Lphoto   lg_Dsurf   CO_core    C_cntr     Ne_cntr    Z_cntr   v_div_cs       dt_limit
__________________________________________________________________________________________________________________________________________________

        100   7.064517   8377.516  -0.943473  -0.943473   1.999999   1.999999   0.755797   0.000071   0.242800  -2.860651    761      0
 4.6347E+00   7.064517   0.438222 -51.670799  -2.343891 -12.038111   0.000000   0.242803   0.000657   0.001400   0.059836      5
 2.1467E+06   1.311066   1.523598 -16.380559 -99.000000  -8.664139   0.000000   0.000241   0.000146   0.001400  0.000E+00        lgTeff

save LOGS/profile3.data for model 100
 Loading precomputed flux cube from:/home/njm/MESA/mesa/colors/data/stellar_models/Kurucz2003all//flux_cube.bin
 Loaded flux cube with dimensions:          76 x          11 x           9 x        1173
 Performing interpolation at target parameters...
 Interpolation complete
save photos/x100 for model 100
        101   7.079722   8588.895  -0.827533  -0.827533   1.999999   1.999999   0.755796   0.000071   0.242800  -2.815288    766      0
 4.6846E+00   7.079722   0.421398 -50.762989  -2.230093 -12.037896   0.000000   0.242804   0.000657   0.001400   0.059678      4
 2.1951E+06   1.353242   1.533238 -16.556650 -99.000000  -8.781156   0.000000   0.000241   0.000146   0.001400  0.000E+00    varcontrol

 Loading precomputed flux cube from:/home/njm/MESA/mesa/colors/data/stellar_models/Kurucz2003all//flux_cube.bin
 Loaded flux cube with dimensions:          76 x          11 x           9 x        1173
 Performing interpolation at target parameters...
 Interpolation complete
        102   7.095749   8815.985  -0.703845  -0.703845   1.999999   1.999999   0.755795   0.000071   0.242800  -2.767828    768      0
 4.7134E+00   7.095749   0.403511 -49.817433  -2.110215 -12.038981   0.000000   0.242805   0.000657   0.001400   0.059505      4
 2.2467E+06   1.397530   1.542800 -16.556650 -99.000000  -8.900123   0.000000   0.000241   0.000146   0.001400  0.000E+00        lgTeff

 Loading precomputed flux cube from:/home/njm/MESA/mesa/colors/data/stellar_models/Kurucz2003all//flux_cube.bin
 Loaded flux cube with dimensions:          76 x          11 x           9 x        1173
 Performing interpolation at target parameters...
 Interpolation complete
        103   7.110492   9029.972  -0.587108  -0.587108   1.999999   1.999999   0.755793   0.000071   0.242800  -2.724151    769      0
 4.6840E+00   7.110492   0.387032 -48.957504  -1.999281 -12.041061   0.000000   0.242807   0.000657   0.001400   0.059345      4
 2.2951E+06   1.438263   1.551504 -16.255620 -99.000000  -9.000629   0.000000   0.000241   0.000146   0.001400  0.000E+00        lgTeff

 Loading precomputed flux cube from:/home/njm/MESA/mesa/colors/data/stellar_models/Kurucz2003all//flux_cube.bin
 Loaded flux cube with dimensions:          76 x          11 x           9 x        1173
 Performing interpolation at target parameters...
 Interpolation complete
        104   7.124673   9239.331  -0.470330  -0.470330   1.999999   1.999999   0.755791   0.000071   0.242800  -2.682465    773      0
 4.6734E+00   7.124673   0.371116 -48.139888  -1.891342 -12.043120   0.000000   0.242808   0.000657   0.001400   0.059185      4
 2.3422E+06   1.477291   1.559488 -99.000000 -99.000000  -9.083609   0.000000   0.000241   0.000146   0.001400  0.000E+00        lgTeff

 Loading precomputed flux cube from:/home/njm/MESA/mesa/colors/data/stellar_models/Kurucz2003all//flux_cube.bin
 Loaded flux cube with dimensions:          76 x          11 x           9 x        1173
 Performing interpolation at target parameters...
 Interpolation complete
        105   7.140295   9472.921  -0.333331  -0.333331   1.999999   1.999999   0.755789   0.000072   0.242800  -2.637456    778      0
 4.7229E+00   7.140295   0.353366 -47.249825  -1.769552 -12.045679   0.000000   0.242811   0.000657   0.001400   0.058992      4
 2.3950E+06   1.519881   1.567362 -16.255620 -99.000000  -9.155939   0.000000   0.000240   0.000146   0.001400  0.000E+00    varcontrol

 Loading precomputed flux cube from:/home/njm/MESA/mesa/colors/data/stellar_models/Kurucz2003all//flux_cube.bin
 Loaded flux cube with dimensions:          76 x          11 x           9 x        1173
 Performing interpolation at target parameters...
 Interpolation complete
        106   7.156896   9722.104  -0.176247  -0.176247   1.999999   1.999999   0.755786   0.000074   0.242800  -2.592077    783      0
 4.7531E+00   7.156896   0.334592 -46.320212  -1.636231 -12.049924   0.000000   0.242814   0.000657   0.001400   0.058739      4
 2.4517E+06   1.564082   1.574919 -99.000000 -99.000000  -9.209990   0.000000   0.000238   0.000146   0.001401  0.000E+00        lgTeff

 Loading precomputed flux cube from:/home/njm/MESA/mesa/colors/data/stellar_models/Kurucz2003all//flux_cube.bin
 Loaded flux cube with dimensions:          76 x          11 x           9 x        1173
 Performing interpolation at target parameters...
 Interpolation complete
        107   7.172064   9954.031  -0.019096  -0.019096   1.999998   1.999998   0.755783   0.000078   0.242800  -2.552322    793      0
 4.7237E+00   7.172064   0.317448 -45.480436  -1.506849 -12.055454   0.000000   0.242816   0.000657   0.001400   0.058476      4
 2.5046E+06   1.603730   1.581586 -99.000000 -99.000000  -9.240008   0.000000   0.000235   0.000146   0.001401  0.000E+00        lgTeff

 Loading precomputed flux cube from:/home/njm/MESA/mesa/colors/data/stellar_models/Kurucz2003all//flux_cube.bin
 Loaded flux cube with dimensions:          76 x          11 x           9 x        1173
 Performing interpolation at target parameters...
 Interpolation complete
        108   7.186969  1.018E+04   0.140643   0.140643   1.999998   1.999998   0.755779   0.000086   0.242800  -2.517517    797      0
 4.7154E+00   7.186969   0.300945 -44.675444  -1.373892 -12.060820   0.000000   0.242819   0.000657   0.001400   0.058137      4
 2.5565E+06   1.640877   1.587324 -99.000000 -99.000000  -9.257665   0.000000   0.000228   0.000146   0.001402  0.000E+00        lgTeff

 Loading precomputed flux cube from:/home/njm/MESA/mesa/colors/data/stellar_models/Kurucz2003all//flux_cube.bin
 Loaded flux cube with dimensions:          76 x          11 x           9 x        1173
 Performing interpolation at target parameters...
 Interpolation complete
        109   7.203456  1.042E+04   0.315878   0.315878   1.999998   1.999998   0.755772   0.000103   0.242800  -2.484040    803      0
 4.7659E+00   7.203456   0.282751 -43.803341  -1.217677 -12.147918   0.000000   0.242823   0.000657   0.001400   0.057671      4
 2.6148E+06   1.679834   1.592196 -99.000000 -99.000000  -9.260745   0.000000   0.000214   0.000146   0.001405  0.000E+00    varcontrol

 Loading precomputed flux cube from:/home/njm/MESA/mesa/colors/data/stellar_models/Kurucz2003all//flux_cube.bin
 Loaded flux cube with dimensions:          76 x          11 x           9 x        1173
 Performing interpolation at target parameters...
 Interpolation complete

__________________________________________________________________________________________________________________________________________________

       step    lg_Tmax     Teff     lg_LH      lg_Lnuc_tot     Mass       H_rich     H_cntr     N_cntr     Y_surf   eta_cntr   zones  retry
  lg_dt_yrs    lg_Tcntr    lg_R     lg_L3a     lg_Lneu     lg_Mdot    He_core    He_cntr    O_cntr     Z_surf   gam_cntr   iters  
    age_yrs    lg_Dcntr    lg_L     lg_LZ      lg_Lphoto   lg_Dsurf   CO_core    C_cntr     Ne_cntr    Z_cntr   v_div_cs       dt_limit
__________________________________________________________________________________________________________________________________________________

        110   7.220767  1.068E+04   0.489799   0.489799   1.999998   1.999998   0.755761   0.000137   0.242800  -2.453991    806      0
 4.8009E+00   7.220767   0.263611 -42.904327  -1.044090 -12.298823   0.000000   0.242829   0.000657   0.001400   0.057091      4
 2.6781E+06   1.718578   1.595793 -99.000000 -99.000000  -9.252781   0.000000   0.000184   0.000146   0.001409  0.000E+00        lgTeff

 Loading precomputed flux cube from:/home/njm/MESA/mesa/colors/data/stellar_models/Kurucz2003all//flux_cube.bin
 Loaded flux cube with dimensions:          76 x          11 x           9 x        1173
 Performing interpolation at target parameters...
 Interpolation complete
        111   7.236696  1.091E+04   0.637320   0.637320   1.999998   1.999998   0.755745   0.000188   0.242800  -2.430341    810      0
 4.7838E+00   7.236696   0.245952 -42.092202  -0.880862 -12.531678   0.000000   0.242838   0.000657   0.001400   0.056489      3
 2.7388E+06   1.752536   1.597932 -99.000000 -99.000000  -9.238068   0.000000   0.000140   0.000146   0.001417  0.000E+00        lgTeff

 Loading precomputed flux cube from:/home/njm/MESA/mesa/colors/data/stellar_models/Kurucz2003all//flux_cube.bin
 Loaded flux cube with dimensions:          76 x          11 x           9 x        1173
 Performing interpolation at target parameters...
 Interpolation complete
        112   7.253068  1.115E+04   0.775329   0.775329   1.999998   1.999998   0.755722   0.000256   0.242800  -2.409052    808      0
 4.8290E+00   7.253068   0.227172 -41.262103  -0.719019 -12.946717   0.000000   0.242851   0.000657   0.001400   0.055824      4
 2.8063E+06   1.786166   1.597888 -14.449440 -99.000000  -9.216416   0.000000   0.000083   0.000146   0.001426  0.000E+00    varcontrol

 Loading precomputed flux cube from:/home/njm/MESA/mesa/colors/data/stellar_models/Kurucz2003all//flux_cube.bin
 Loaded flux cube with dimensions:          76 x          11 x           9 x        1173
 Performing interpolation at target parameters...
 Interpolation complete
        113   7.270092  1.140E+04   0.902979   0.902979   1.999998   1.999998   0.755692   0.000316   0.242800  -2.385769    812      0
 4.9039E+00   7.270092   0.206169 -40.395610  -0.569746 -13.330938   0.000000   0.242873   0.000657   0.001400   0.055161      4
 2.8864E+06   1.821616   1.594703 -99.000000 -99.000000  -9.187145   0.000000   0.000031   0.000146   0.001435  0.000E+00    varcontrol

 Loading precomputed flux cube from:/home/njm/MESA/mesa/colors/data/stellar_models/Kurucz2003all//flux_cube.bin
 Loaded flux cube with dimensions:          76 x          11 x           9 x        1173
 Performing interpolation at target parameters...
 Interpolation complete
        114   7.286469  1.165E+04   1.007949   1.007949   1.999998   1.999998   0.755654   0.000344   0.242800  -2.360661    812      0
 4.9553E+00   7.286469   0.184489 -39.569525  -0.452364 -13.327592   0.000000   0.242907   0.000656   0.001400   0.054577      4
 2.9767E+06   1.856860   1.588364 -14.449440 -99.000000  -9.153437   0.000000   0.000008   0.000146   0.001439  0.000E+00    varcontrol

 Loading precomputed flux cube from:/home/njm/MESA/mesa/colors/data/stellar_models/Kurucz2003all//flux_cube.bin
 Loaded flux cube with dimensions:          76 x          11 x           9 x        1173
 Performing interpolation at target parameters...
 Interpolation complete
        115   7.302636  1.187E+04   1.095313   1.095313   1.999998   1.999998   0.755602   0.000350   0.242800  -2.340532    819      0
 4.9999E+00   7.302636   0.163014 -38.788855  -0.355692 -13.331699   0.000000   0.242958   0.000656   0.001400   0.053926      5
 3.0766E+06   1.889692   1.579100 -14.750470 -99.000000  -9.118035   0.000000   0.000003   0.000146   0.001440  0.000E+00    varcontrol

 Loading precomputed flux cube from:/home/njm/MESA/mesa/colors/data/stellar_models/Kurucz2003all//flux_cube.bin
 Loaded flux cube with dimensions:          76 x          11 x           9 x        1173
 Performing interpolation at target parameters...
 Interpolation complete
        116   7.319176  1.208E+04   1.174477   1.174477   1.999998   1.999998   0.755524   0.000352   0.242800  -2.333318    821      0
 5.0462E+00   7.319176   0.142286 -38.033261  -0.259746 -13.343162   0.000000   0.243037   0.000654   0.001400   0.053034      5
 3.1879E+06   1.917510   1.567084 -99.000000 -99.000000  -9.083032   0.000000   0.000002   0.000146   0.001440  0.000E+00    varcontrol

 Loading precomputed flux cube from:/home/njm/MESA/mesa/colors/data/stellar_models/Kurucz2003all//flux_cube.bin
 Loaded flux cube with dimensions:          76 x          11 x           9 x        1173
 Performing interpolation at target parameters...
 Interpolation complete
        117   7.335496  1.225E+04   1.249924   1.249924   1.999998   1.999998   0.755399   0.000354   0.242800  -2.341114    831      0
 5.0994E+00   7.335496   0.122715 -37.303715  -0.153233 -13.361841   0.000000   0.243162   0.000651   0.001400   0.051902      5
 3.3136E+06   1.938287   1.552230 -99.000000 -99.000000  -9.066355   0.000000   0.000002   0.000146   0.001439  0.000E+00    varcontrol

 Loading precomputed flux cube from:/home/njm/MESA/mesa/colors/data/stellar_models/Kurucz2003all//flux_cube.bin
 Loaded flux cube with dimensions:          76 x          11 x           9 x        1173
 Performing interpolation at target parameters...
 Interpolation complete
        118   7.349128  1.237E+04   1.320445   1.320445   1.999998   1.999998   0.755413   0.000353   0.242800  -2.354188    834      0
 5.1641E+00   7.349128   0.104673 -36.674816  -0.036619 -13.388171   0.000000   0.243147   0.000652   0.001400   0.050854      5
 3.4595E+06   1.952615   1.533889 -99.000000 -99.000000  -9.038636   0.000000   0.000002   0.000146   0.001439  0.000E+00    varcontrol

 Loading precomputed flux cube from:/home/njm/MESA/mesa/colors/data/stellar_models/Kurucz2003all//flux_cube.bin
 Loaded flux cube with dimensions:          76 x          11 x           9 x        1173
 Performing interpolation at target parameters...
 Interpolation complete
        119   7.359337  1.244E+04   1.381156   1.381156   1.999998   1.999998   0.755427   0.000353   0.242800  -2.374020    846      0
 5.2433E+00   7.359337   0.088710 -36.205749   0.088142 -13.423959   0.000000   0.243134   0.000653   0.001400   0.049920      5
 3.6346E+06   1.959098   1.510997 -99.000000 -99.000000  -9.016326   0.000000   0.000002   0.000146   0.001439  0.000E+00  max increase

 Loading precomputed flux cube from:/home/njm/MESA/mesa/colors/data/stellar_models/Kurucz2003all//flux_cube.bin
 Loaded flux cube with dimensions:          76 x          11 x           9 x        1173
 Performing interpolation at target parameters...
 Interpolation complete

__________________________________________________________________________________________________________________________________________________

       step    lg_Tmax     Teff     lg_LH      lg_Lnuc_tot     Mass       H_rich     H_cntr     N_cntr     Y_surf   eta_cntr   zones  retry
  lg_dt_yrs    lg_Tcntr    lg_R     lg_L3a     lg_Lneu     lg_Mdot    He_core    He_cntr    O_cntr     Z_surf   gam_cntr   iters  
    age_yrs    lg_Dcntr    lg_L     lg_LZ      lg_Lphoto   lg_Dsurf   CO_core    C_cntr     Ne_cntr    Z_cntr   v_div_cs       dt_limit
__________________________________________________________________________________________________________________________________________________

        120   7.365464  1.242E+04   1.430261   1.430261   1.999998   1.999998   0.755449   0.000351   0.242800  -2.406167    861      0
 5.3225E+00   7.365464   0.076156 -35.942811   0.197262 -13.472132   0.000000   0.243112   0.000653   0.001400   0.049046      5
 3.8447E+06   1.954491   1.482857 -14.449440 -99.000000  -9.002377   0.000000   0.000004   0.000146   0.001439  0.000E+00  max increase

 Loading precomputed flux cube from:/home/njm/MESA/mesa/colors/data/stellar_models/Kurucz2003all//flux_cube.bin
 Loaded flux cube with dimensions:          76 x          11 x           9 x        1173
 Performing interpolation at target parameters...
 Interpolation complete
        121   7.365835  1.228E+04   1.464410   1.464410   1.999998   1.999998   0.755464   0.000348   0.242800  -2.446189    871      0
 5.4016E+00   7.365835   0.068667 -35.952799   0.247681 -13.535134   0.000000   0.243097   0.000653   0.001400   0.048394      5
 4.0969E+06   1.938155   1.449521 -14.449440 -99.000000  -8.999702   0.000000   0.000006   0.000146   0.001439  0.000E+00  max increase

 Loading precomputed flux cube from:/home/njm/MESA/mesa/colors/data/stellar_models/Kurucz2003all//flux_cube.bin
 Loaded flux cube with dimensions:          76 x          11 x           9 x        1173
 Performing interpolation at target parameters...
 Interpolation complete
        122   7.364825  1.218E+04   1.442726   1.442726   1.999998   1.999998   0.755441   0.000350   0.242800  -2.463361    871      0
 5.4808E+00   7.364825   0.065256 -36.011062   0.221588 -13.613717   0.000000   0.243120   0.000653   0.001400   0.048183      5
 4.3994E+06   1.929440   1.428181 -13.847380 -99.000000  -9.000242   0.000000   0.000005   0.000146   0.001439  0.000E+00  max increase

 Loading precomputed flux cube from:/home/njm/MESA/mesa/colors/data/stellar_models/Kurucz2003all//flux_cube.bin
 Loaded flux cube with dimensions:          76 x          11 x           9 x        1173
 Performing interpolation at target parameters...
 Interpolation complete
        123   7.366297  1.220E+04   1.410066   1.410066   1.999998   1.999998   0.755355   0.000354   0.242800  -2.454537    873      0
 5.5600E+00   7.366297   0.062928 -35.936460   0.198416 -13.664762   0.000000   0.243206   0.000651   0.001400   0.048240      5
 4.7625E+06   1.935337   1.425744 -14.148410 -99.000000  -8.996671   0.000000   0.000003   0.000146   0.001439  0.000E+00  max increase

 Loading precomputed flux cube from:/home/njm/MESA/mesa/colors/data/stellar_models/Kurucz2003all//flux_cube.bin
 Loaded flux cube with dimensions:          76 x          11 x           9 x        1173
 Performing interpolation at target parameters...
 Interpolation complete
        124   7.367684  1.222E+04   1.415025   1.415025   1.999998   1.999998   0.755238   0.000356   0.242800  -2.449408    873      0
 5.6392E+00   7.367684   0.061274 -35.868181   0.211291 -13.669555   0.000000   0.243323   0.000649   0.001400   0.048245      5
 5.1982E+06   1.939560   1.425730 -99.000000 -99.000000  -8.993579   0.000000   0.000002   0.000146   0.001439  0.000E+00  max increase

 Loading precomputed flux cube from:/home/njm/MESA/mesa/colors/data/stellar_models/Kurucz2003all//flux_cube.bin
 Loaded flux cube with dimensions:          76 x          11 x           9 x        1173
 Performing interpolation at target parameters...
 Interpolation complete
        125   7.368300  1.223E+04   1.421126   1.421126   1.999998   1.999998   0.755098   0.000358   0.242800  -2.448917    873      0
 5.7184E+00   7.368300   0.060316 -35.838624   0.220685 -13.668704   0.000000   0.243463   0.000647   0.001400   0.048223      5
 5.7211E+06   1.940705   1.424523 -14.148410 -99.000000  -8.992170   0.000000   0.000002   0.000146   0.001439  0.000E+00  max increase

 Loading precomputed flux cube from:/home/njm/MESA/mesa/colors/data/stellar_models/Kurucz2003all//flux_cube.bin
 Loaded flux cube with dimensions:          76 x          11 x           9 x        1173
 Performing interpolation at target parameters...
 Interpolation complete
        126   7.368257  1.222E+04   1.423814   1.423814   1.999998   1.999998   0.754949   0.000360   0.242800  -2.450654    873      0
 5.7976E+00   7.368257   0.060138 -35.840991   0.223025 -13.671182   0.000000   0.243613   0.000644   0.001400   0.048203      5
 6.3485E+06   1.939946   1.423122 -13.449440 -99.000000  -8.992283   0.000000   0.000003   0.000146   0.001438  0.000E+00  max increase

 Loading precomputed flux cube from:/home/njm/MESA/mesa/colors/data/stellar_models/Kurucz2003all//flux_cube.bin
 Loaded flux cube with dimensions:          76 x          11 x           9 x        1173
 Performing interpolation at target parameters...
 Interpolation complete
        127   7.368324  1.222E+04   1.423088   1.423088   1.999998   1.999998   0.754761   0.000363   0.242800  -2.450749    873      0
 5.8767E+00   7.368324   0.060144 -35.836983   0.222897 -13.674557   0.000000   0.243801   0.000641   0.001400   0.048204      5
 7.1014E+06   1.940050   1.423153 -99.000000 -99.000000  -8.992286   0.000000   0.000003   0.000146   0.001438  0.000E+00  max increase

 Loading precomputed flux cube from:/home/njm/MESA/mesa/colors/data/stellar_models/Kurucz2003all//flux_cube.bin
 Loaded flux cube with dimensions:          76 x          11 x           9 x        1173
 Performing interpolation at target parameters...
 Interpolation complete
        128   7.368336  1.222E+04   1.423566   1.423566   1.999998   1.999998   0.754537   0.000366   0.242800  -2.451207    873      0
 5.9559E+00   7.368336   0.060271 -35.835565   0.223540 -13.674485   0.000000   0.244026   0.000637   0.001400   0.048204      5
 8.0049E+06   1.939930   1.423348 -14.148410 -99.000000  -8.992462   0.000000   0.000003   0.000146   0.001437  0.000E+00  max increase

 Loading precomputed flux cube from:/home/njm/MESA/mesa/colors/data/stellar_models/Kurucz2003all//flux_cube.bin
 Loaded flux cube with dimensions:          76 x          11 x           9 x        1173
 Performing interpolation at target parameters...
 Interpolation complete
        129   7.368341  1.222E+04   1.423914   1.423914   1.999998   1.999998   0.754268   0.000370   0.242800  -2.451730    873      0
 6.0351E+00   7.368341   0.060454 -35.834280   0.224051 -13.674070   0.000000   0.244296   0.000633   0.001400   0.048204      5
 9.0890E+06   1.939783   1.423672 -99.000000 -99.000000  -8.992701   0.000000   0.000003   0.000146   0.001437  0.000E+00  max increase

 Loading precomputed flux cube from:/home/njm/MESA/mesa/colors/data/stellar_models/Kurucz2003all//flux_cube.bin
 Loaded flux cube with dimensions:          76 x          11 x           9 x        1173
 Performing interpolation at target parameters...
 Interpolation complete

__________________________________________________________________________________________________________________________________________________

       step    lg_Tmax     Teff     lg_LH      lg_Lnuc_tot     Mass       H_rich     H_cntr     N_cntr     Y_surf   eta_cntr   zones  retry
  lg_dt_yrs    lg_Tcntr    lg_R     lg_L3a     lg_Lneu     lg_Mdot    He_core    He_cntr    O_cntr     Z_surf   gam_cntr   iters  
    age_yrs    lg_Dcntr    lg_L     lg_LZ      lg_Lphoto   lg_Dsurf   CO_core    C_cntr     Ne_cntr    Z_cntr   v_div_cs       dt_limit
__________________________________________________________________________________________________________________________________________________

        130   7.368335  1.222E+04   1.424342   1.424342   1.999998   1.999998   0.753946   0.000374   0.242800  -2.452403    873      0
 6.1143E+00   7.368335   0.060690 -35.833344   0.224604 -13.673363   0.000000   0.244618   0.000628   0.001400   0.048205      5
 1.0390E+07   1.939569   1.424069 -99.000000 -99.000000  -8.993016   0.000000   0.000003   0.000146   0.001436  0.000E+00  max increase

 Loading precomputed flux cube from:/home/njm/MESA/mesa/colors/data/stellar_models/Kurucz2003all//flux_cube.bin
 Loaded flux cube with dimensions:          76 x          11 x           9 x        1173
 Performing interpolation at target parameters...
 Interpolation complete
        131   7.368324  1.222E+04   1.424827   1.424827   1.999998   1.999998   0.753561   0.000380   0.242800  -2.453223    874      0
 6.1935E+00   7.368324   0.060977 -35.832408   0.225229 -13.672507   0.000000   0.245003   0.000622   0.001400   0.048206      5
 1.1951E+07   1.939302   1.424547 -99.000000 -99.000000  -8.993402   0.000000   0.000003   0.000146   0.001435  0.000E+00  max increase

 Loading precomputed flux cube from:/home/njm/MESA/mesa/colors/data/stellar_models/Kurucz2003all//flux_cube.bin
 Loaded flux cube with dimensions:          76 x          11 x           9 x        1173
 Performing interpolation at target parameters...
 Interpolation complete
        132   7.368311  1.222E+04   1.425395   1.425395   1.999998   1.999998   0.753101   0.000386   0.242800  -2.454212    874      0
 6.2726E+00   7.368311   0.061320 -35.831282   0.225980 -13.671476   0.000000   0.245464   0.000614   0.001400   0.048207      5
 1.3825E+07   1.938980   1.425116 -99.000000 -99.000000  -8.993862   0.000000   0.000003   0.000146   0.001434  0.000E+00  max increase

 Loading precomputed flux cube from:/home/njm/MESA/mesa/colors/data/stellar_models/Kurucz2003all//flux_cube.bin
 Loaded flux cube with dimensions:          76 x          11 x           9 x        1173
 Performing interpolation at target parameters...
 Interpolation complete
        133   7.368298  1.222E+04   1.426064   1.426064   1.999998   1.999998   0.752551   0.000393   0.242800  -2.455395    874      0
 6.3518E+00   7.368298   0.061724 -35.829783   0.226905 -13.670249   0.000000   0.246016   0.000606   0.001400   0.048207      5
 1.6073E+07   1.938599   1.425791 -99.000000 -99.000000  -8.994403   0.000000   0.000003   0.000146   0.001433  0.000E+00  max increase

 Loading precomputed flux cube from:/home/njm/MESA/mesa/colors/data/stellar_models/Kurucz2003all//flux_cube.bin
 Loaded flux cube with dimensions:          76 x          11 x           9 x        1173
 Performing interpolation at target parameters...
 Interpolation complete
        134   7.368290  1.221E+04   1.426855   1.426855   1.999998   1.999998   0.751892   0.000402   0.242800  -2.456807    874      0
 6.4310E+00   7.368290   0.062198 -35.827727   0.228052 -13.668794   0.000000   0.246676   0.000596   0.001400   0.048208      5
 1.8771E+07   1.938153   1.426590 -13.847380 -99.000000  -8.995036   0.000000   0.000003   0.000146   0.001432  0.000E+00  max increase

 Loading precomputed flux cube from:/home/njm/MESA/mesa/colors/data/stellar_models/Kurucz2003all//flux_cube.bin
 Loaded flux cube with dimensions:          76 x          11 x           9 x        1173
 Performing interpolation at target parameters...
 Interpolation complete
        135   7.368287  1.221E+04   1.427795   1.427795   1.999998   1.999998   0.751103   0.000412   0.242800  -2.458486    874      0
 6.5102E+00   7.368287   0.062754 -35.824897   0.229479 -13.667067   0.000000   0.247466   0.000584   0.001400   0.048209      5
 2.2008E+07   1.937636   1.427539 -14.449440 -99.000000  -8.995775   0.000000   0.000003   0.000146   0.001431  0.000E+00  max increase

 Loading precomputed flux cube from:/home/njm/MESA/mesa/colors/data/stellar_models/Kurucz2003all//flux_cube.bin
 Loaded flux cube with dimensions:          76 x          11 x           9 x        1173
 Performing interpolation at target parameters...
 Interpolation complete
        136   7.368295  1.221E+04   1.428916   1.428916   1.999998   1.999998   0.750158   0.000424   0.242800  -2.460477    874      0
 6.5894E+00   7.368295   0.063406 -35.821020   0.231252 -13.665014   0.000000   0.248413   0.000571   0.001400   0.048209      5
 2.5893E+07   1.937041   1.428669 -13.847380 -99.000000  -8.996634   0.000000   0.000003   0.000146   0.001429  0.000E+00  max increase

 Loading precomputed flux cube from:/home/njm/MESA/mesa/colors/data/stellar_models/Kurucz2003all//flux_cube.bin
 Loaded flux cube with dimensions:          76 x          11 x           9 x        1173
 Performing interpolation at target parameters...
 Interpolation complete
        137   7.368318  1.221E+04   1.430255   1.430255   1.999998   1.999998   0.749025   0.000437   0.242800  -2.462835    874      0
 6.6685E+00   7.368318   0.064170 -35.815744   0.233453 -13.662563   0.000000   0.249548   0.000555   0.001400   0.048209      5
 3.0555E+07   1.936361   1.430019 -14.148410 -99.000000  -8.997633   0.000000   0.000003   0.000146   0.001427  0.000E+00  max increase

 Loading precomputed flux cube from:/home/njm/MESA/mesa/colors/data/stellar_models/Kurucz2003all//flux_cube.bin
 Loaded flux cube with dimensions:          76 x          11 x           9 x        1173
 Performing interpolation at target parameters...
 Interpolation complete
        138   7.368363  1.221E+04   1.431861   1.431861   1.999998   1.999998   0.747665   0.000453   0.242800  -2.465619    874      0
 6.7477E+00   7.368363   0.065065 -35.808611   0.236184 -13.659628   0.000000   0.250910   0.000538   0.001400   0.048209      5
 3.6149E+07   1.935589   1.431636 -99.000000 -99.000000  -8.998791   0.000000   0.000003   0.000146   0.001425  0.000E+00  max increase

 Loading precomputed flux cube from:/home/njm/MESA/mesa/colors/data/stellar_models/Kurucz2003all//flux_cube.bin
 Loaded flux cube with dimensions:          76 x          11 x           9 x        1173
 Performing interpolation at target parameters...
 Interpolation complete
        139   7.368439  1.221E+04   1.433795   1.433795   1.999997   1.999997   0.746031   0.000471   0.242800  -2.468904    875      0
 6.8269E+00   7.368439   0.066115 -35.799031   0.239569 -13.656100   0.000000   0.252546   0.000517   0.001400   0.048209      5
 4.2862E+07   1.934719   1.433581 -14.148410 -99.000000  -9.000132   0.000000   0.000003   0.000146   0.001422  0.000E+00  max increase

 Loading precomputed flux cube from:/home/njm/MESA/mesa/colors/data/stellar_models/Kurucz2003all//flux_cube.bin
 Loaded flux cube with dimensions:          76 x          11 x           9 x        1173
 Performing interpolation at target parameters...
 Interpolation complete

__________________________________________________________________________________________________________________________________________________

       step    lg_Tmax     Teff     lg_LH      lg_Lnuc_tot     Mass       H_rich     H_cntr     N_cntr     Y_surf   eta_cntr   zones  retry
  lg_dt_yrs    lg_Tcntr    lg_R     lg_L3a     lg_Lneu     lg_Mdot    He_core    He_cntr    O_cntr     Z_surf   gam_cntr   iters  
    age_yrs    lg_Dcntr    lg_L     lg_LZ      lg_Lphoto   lg_Dsurf   CO_core    C_cntr     Ne_cntr    Z_cntr   v_div_cs       dt_limit
__________________________________________________________________________________________________________________________________________________

        140   7.368558  1.221E+04   1.436129   1.436129   1.999997   1.999997   0.744067   0.000491   0.242800  -2.472772    875      0
 6.9061E+00   7.368558   0.067346 -35.786249   0.243758 -13.651843   0.000000   0.254514   0.000494   0.001400   0.048209      5
 5.0917E+07   1.933749   1.435926 -99.000000 -99.000000  -9.001684   0.000000   0.000003   0.000146   0.001419  0.000E+00  max increase

 Loading precomputed flux cube from:/home/njm/MESA/mesa/colors/data/stellar_models/Kurucz2003all//flux_cube.bin
 Loaded flux cube with dimensions:          76 x          11 x           9 x        1173
 Performing interpolation at target parameters...
 Interpolation complete
        141   7.368736  1.221E+04   1.438954   1.438954   1.999997   1.999997   0.741700   0.000514   0.242800  -2.477325    875      0
 6.9853E+00   7.368736   0.068792 -35.769292   0.248938 -13.646691   0.000000   0.256884   0.000467   0.001400   0.048208      5
 6.0584E+07   1.932677   1.438763 -99.000000 -99.000000  -9.003479   0.000000   0.000004   0.000146   0.001416  0.000E+00  max increase

 Loading precomputed flux cube from:/home/njm/MESA/mesa/colors/data/stellar_models/Kurucz2003all//flux_cube.bin
 Loaded flux cube with dimensions:          76 x          11 x           9 x        1173
 Performing interpolation at target parameters...
 Interpolation complete
        142   7.368993  1.221E+04   1.442385   1.442385   1.999997   1.999997   0.738845   0.000539   0.242800  -2.482684    875      0
 7.0645E+00   7.368993   0.070494 -35.746927   0.255338 -13.640436   0.000000   0.259743   0.000438   0.001400   0.048208      5
 7.2184E+07   1.931503   1.442206 -14.148410 -99.000000  -9.005555   0.000000   0.000004   0.000146   0.001412  0.000E+00  max increase

 Loading precomputed flux cube from:/home/njm/MESA/mesa/colors/data/stellar_models/Kurucz2003all//flux_cube.bin
 Loaded flux cube with dimensions:          76 x          11 x           9 x        1173
 Performing interpolation at target parameters...
 Interpolation complete
        143   7.369356  1.221E+04   1.446565   1.446565   1.999996   1.999996   0.735392   0.000567   0.242800  -2.488998    877      0
 7.1436E+00   7.369356   0.072501 -35.717588   0.263239 -13.632817   0.000000   0.263200   0.000406   0.001400   0.048207      5
 8.6104E+07   1.930231   1.446398 -99.000000 -99.000000  -9.007956   0.000000   0.000004   0.000146   0.001408  0.000E+00  max increase

 Loading precomputed flux cube from:/home/njm/MESA/mesa/colors/data/stellar_models/Kurucz2003all//flux_cube.bin
 Loaded flux cube with dimensions:          76 x          11 x           9 x        1173
 Performing interpolation at target parameters...
 Interpolation complete
        144   7.369858  1.221E+04   1.451672   1.451672   1.999996   1.999996   0.731203   0.000598   0.242800  -2.496454    877      0
 7.2228E+00   7.369858   0.074880 -35.679302   0.272980 -13.623506   0.000000   0.267394   0.000370   0.001400   0.048207      5
 1.0281E+08   1.928868   1.451516 -99.000000 -99.000000  -9.010748   0.000000   0.000004   0.000146   0.001404  0.000E+00  max increase

 Loading precomputed flux cube from:/home/njm/MESA/mesa/colors/data/stellar_models/Kurucz2003all//flux_cube.bin
 Loaded flux cube with dimensions:          76 x          11 x           9 x        1173
 Performing interpolation at target parameters...
 Interpolation complete
        145   7.370544  1.222E+04   1.457946   1.457946   1.999996   1.999996   0.726100   0.000632   0.242800  -2.505276    876      0
 7.3020E+00   7.370544   0.077716 -35.629527   0.284993 -13.612097   0.000000   0.272501   0.000331   0.001400   0.048207      5
 1.2285E+08   1.927429   1.457801 -13.972319 -99.000000  -9.014007   0.000000   0.000004   0.000146   0.001399  0.000E+00  max increase

 Loading precomputed flux cube from:/home/njm/MESA/mesa/colors/data/stellar_models/Kurucz2003all//flux_cube.bin
 Loaded flux cube with dimensions:          76 x          11 x           9 x        1173
 Performing interpolation at target parameters...
 Interpolation complete
        146   7.371471  1.222E+04   1.465710   1.465710   1.999995   1.999995   0.719861   0.000667   0.242800  -2.515737    876      0
 7.3812E+00   7.371471   0.081123 -35.564982   0.299829 -13.598044   0.000000   0.278745   0.000290   0.001400   0.048210      5
 1.4691E+08   1.925943   1.465575 -99.000000 -99.000000  -9.017835   0.000000   0.000005   0.000146   0.001394  0.000E+00  max increase

 Loading precomputed flux cube from:/home/njm/MESA/mesa/colors/data/stellar_models/Kurucz2003all//flux_cube.bin
 Loaded flux cube with dimensions:          76 x          11 x           9 x        1173
 Performing interpolation at target parameters...
 Interpolation complete
        147   7.372712  1.223E+04   1.475319   1.475319   1.999994   1.999994   0.712197   0.000704   0.242800  -2.528272    876      0
 7.4604E+00   7.372712   0.085243 -35.481738   0.318080 -13.580607   0.000000   0.286415   0.000248   0.001400   0.048214      5
 1.7577E+08   1.924408   1.475193 -99.000000 -99.000000  -9.022369   0.000000   0.000005   0.000146   0.001388  0.000E+00  max increase

 Loading precomputed flux cube from:/home/njm/MESA/mesa/colors/data/stellar_models/Kurucz2003all//flux_cube.bin
 Loaded flux cube with dimensions:          76 x          11 x           9 x        1173
 Performing interpolation at target parameters...
 Interpolation complete
        148   7.374361  1.225E+04   1.487290   1.487290   1.999993   1.999993   0.702729   0.000742   0.242800  -2.543406    878      0
 7.5395E+00   7.374361   0.090278 -35.374602   0.340528 -13.558983   0.000000   0.295888   0.000204   0.001400   0.048222      6
 2.1041E+08   1.922848   1.487171 -14.148410 -99.000000  -9.027804   0.000000   0.000005   0.000146   0.001383  0.000E+00  max increase

 Loading precomputed flux cube from:/home/njm/MESA/mesa/colors/data/stellar_models/Kurucz2003all//flux_cube.bin
 Loaded flux cube with dimensions:          76 x          11 x           9 x        1173
 Performing interpolation at target parameters...
 Interpolation complete
        149   7.376467  1.227E+04   1.502005   1.502005   1.999992   1.999992   0.692056   0.000774   0.242800  -2.561375    878      0
 7.6187E+00   7.376467   0.095977 -35.244796   0.367616 -13.531999   0.000000   0.306566   0.000168   0.001400   0.048208      5
 2.5197E+08   1.921089   1.501907 -99.000000 -99.000000  -9.033504   0.000000   0.000005   0.000146   0.001378  0.000E+00  max increase

 Loading precomputed flux cube from:/home/njm/MESA/mesa/colors/data/stellar_models/Kurucz2003all//flux_cube.bin
 Loaded flux cube with dimensions:          76 x          11 x           9 x        1173
 Performing interpolation at target parameters...
 Interpolation complete

__________________________________________________________________________________________________________________________________________________

       step    lg_Tmax     Teff     lg_LH      lg_Lnuc_tot     Mass       H_rich     H_cntr     N_cntr     Y_surf   eta_cntr   zones  retry
  lg_dt_yrs    lg_Tcntr    lg_R     lg_L3a     lg_Lneu     lg_Mdot    He_core    He_cntr    O_cntr     Z_surf   gam_cntr   iters  
    age_yrs    lg_Dcntr    lg_L     lg_LZ      lg_Lphoto   lg_Dsurf   CO_core    C_cntr     Ne_cntr    Z_cntr   v_div_cs       dt_limit
__________________________________________________________________________________________________________________________________________________

        150   7.379284  1.230E+04   1.520946   1.520946   1.999990   1.999990   0.678318   0.000805   0.242800  -2.583493    878      0
 7.6979E+00   7.379284   0.103348 -35.074598   0.401089 -13.498540   0.000000   0.320309   0.000131   0.001400   0.048207      6
 3.0185E+08   1.919443   1.520851 -13.671289 -99.000000  -9.040825   0.000000   0.000006   0.000146   0.001374  0.000E+00      XHe_cntr

save LOGS/profile4.data for model 150
 Loading precomputed flux cube from:/home/njm/MESA/mesa/colors/data/stellar_models/Kurucz2003all//flux_cube.bin
 Loaded flux cube with dimensions:          76 x          11 x           9 x        1173
 Performing interpolation at target parameters...
 Interpolation complete
save photos/x150 for model 150
        151   7.381937  1.232E+04   1.538369   1.538369   1.999989   1.999989   0.665383   0.000829   0.242800  -2.603637    884      0
 7.6365E+00   7.381937   0.110378 -34.916255   0.430626 -13.455550   0.000000   0.333247   0.000103   0.001400   0.048226      6
 3.4515E+08   1.918216   1.538269 -14.148410 -99.000000  -9.047956   0.000000   0.000006   0.000146   0.001370  0.000E+00      XHe_cntr

 Loading precomputed flux cube from:/home/njm/MESA/mesa/colors/data/stellar_models/Kurucz2003all//flux_cube.bin
 Loaded flux cube with dimensions:          76 x          11 x           9 x        1173
 Performing interpolation at target parameters...
 Interpolation complete
        152   7.384469  1.234E+04   1.554741   1.554741   1.999987   1.999987   0.653175   0.000847   0.242800  -2.622510    888      0
 7.5894E+00   7.384469   0.117119 -34.767277   0.457380 -13.416157   0.000000   0.345458   0.000083   0.001400   0.048251      5
 3.8400E+08   1.917192   1.554640 -14.148410 -99.000000  -9.054848   0.000000   0.000006   0.000146   0.001368  0.000E+00      XHe_cntr

 Loading precomputed flux cube from:/home/njm/MESA/mesa/colors/data/stellar_models/Kurucz2003all//flux_cube.bin
 Loaded flux cube with dimensions:          76 x          11 x           9 x        1173
 Performing interpolation at target parameters...
 Interpolation complete
        153   7.386923  1.236E+04   1.570415   1.570415   1.999986   1.999986   0.641503   0.000860   0.242800  -2.640516    892      0
 7.5515E+00   7.386923   0.123676 -34.624936   0.482049 -13.379204   0.000000   0.357131   0.000068   0.001400   0.048281      6
 4.1960E+08   1.916307   1.570313 -14.148410 -99.000000  -9.061587   0.000000   0.000006   0.000146   0.001366  0.000E+00      XHe_cntr

 Loading precomputed flux cube from:/home/njm/MESA/mesa/colors/data/stellar_models/Kurucz2003all//flux_cube.bin
 Loaded flux cube with dimensions:          76 x          11 x           9 x        1173
 Performing interpolation at target parameters...
 Interpolation complete
        154   7.389338  1.238E+04   1.585715   1.585715   1.999984   1.999984   0.630143   0.000869   0.242800  -2.658057    895      0
 7.5225E+00   7.389338   0.130181 -34.486615   0.505214 -13.343881   0.000000   0.368493   0.000057   0.001400   0.048314      6
 4.5290E+08   1.915503   1.585611 -99.000000 -99.000000  -9.068318   0.000000   0.000006   0.000146   0.001364  0.000E+00      XHe_cntr

 Loading precomputed flux cube from:/home/njm/MESA/mesa/colors/data/stellar_models/Kurucz2003all//flux_cube.bin
 Loaded flux cube with dimensions:          76 x          11 x           9 x        1173
 Performing interpolation at target parameters...
 Interpolation complete
        155   7.391734  1.239E+04   1.600835   1.600835   1.999983   1.999983   0.618962   0.000877   0.242800  -2.675386    903      0
 7.4991E+00   7.391734   0.136719 -34.350842   0.527202 -13.309461   0.000000   0.379675   0.000049   0.001400   0.048352      5
 4.8446E+08   1.914741   1.600729 -99.000000 -99.000000  -9.075134   0.000000   0.000007   0.000146   0.001363  0.000E+00      XHe_cntr

 Loading precomputed flux cube from:/home/njm/MESA/mesa/colors/data/stellar_models/Kurucz2003all//flux_cube.bin
 Loaded flux cube with dimensions:          76 x          11 x           9 x        1173
 Performing interpolation at target parameters...
 Interpolation complete
        156   7.394122  1.241E+04   1.615884   1.615884   1.999981   1.999981   0.607885   0.000882   0.242800  -2.692652    906      0
 7.4789E+00   7.394122   0.143345 -34.216864   0.548188 -13.275502   0.000000   0.390753   0.000042   0.001400   0.048394      5
 5.1458E+08   1.913988   1.615777 -13.546350 -99.000000  -9.082104   0.000000   0.000007   0.000146   0.001362  0.000E+00      XHe_cntr

 Loading precomputed flux cube from:/home/njm/MESA/mesa/colors/data/stellar_models/Kurucz2003all//flux_cube.bin
 Loaded flux cube with dimensions:          76 x          11 x           9 x        1173
 Performing interpolation at target parameters...
 Interpolation complete
        157   7.396508  1.242E+04   1.630937   1.630937   1.999980   1.999980   0.596858   0.000886   0.242800  -2.709960    912      0
 7.4607E+00   7.396508   0.150101 -34.084179   0.568283 -13.241766   0.000000   0.401780   0.000038   0.001400   0.048439      5
 5.4347E+08   1.913224   1.630827 -14.148410 -99.000000  -9.089287   0.000000   0.000007   0.000146   0.001362  0.000E+00      XHe_cntr

 Loading precomputed flux cube from:/home/njm/MESA/mesa/colors/data/stellar_models/Kurucz2003all//flux_cube.bin
 Loaded flux cube with dimensions:          76 x          11 x           9 x        1173
 Performing interpolation at target parameters...
 Interpolation complete
        158   7.398891  1.242E+04   1.645996   1.645996   1.999978   1.999978   0.585848   0.000889   0.242800  -2.727333    915      0
 7.4435E+00   7.398891   0.157005 -33.952660   0.587507 -13.208094   0.000000   0.412790   0.000034   0.001400   0.048490      5
 5.7124E+08   1.912443   1.645883 -99.000000 -99.000000  -9.096718   0.000000   0.000007   0.000146   0.001361  0.000E+00      XHe_cntr

 Loading precomputed flux cube from:/home/njm/MESA/mesa/colors/data/stellar_models/Kurucz2003all//flux_cube.bin
 Loaded flux cube with dimensions:          76 x          11 x           9 x        1173
 Performing interpolation at target parameters...
 Interpolation complete
        159   7.401268  1.243E+04   1.661068   1.661068   1.999976   1.999976   0.574852   0.000891   0.242800  -2.744791    916      0
 7.4268E+00   7.401268   0.164067 -33.822344   0.605885 -13.174485   0.000000   0.423787   0.000032   0.001400   0.048545      5
 5.9795E+08   1.911632   1.660952 -13.847380 -99.000000  -9.104415   0.000000   0.000007   0.000146   0.001361  0.000E+00      XHe_cntr

 Loading precomputed flux cube from:/home/njm/MESA/mesa/colors/data/stellar_models/Kurucz2003all//flux_cube.bin
 Loaded flux cube with dimensions:          76 x          11 x           9 x        1173
 Performing interpolation at target parameters...
 Interpolation complete

__________________________________________________________________________________________________________________________________________________

       step    lg_Tmax     Teff     lg_LH      lg_Lnuc_tot     Mass       H_rich     H_cntr     N_cntr     Y_surf   eta_cntr   zones  retry
  lg_dt_yrs    lg_Tcntr    lg_R     lg_L3a     lg_Lneu     lg_Mdot    He_core    He_cntr    O_cntr     Z_surf   gam_cntr   iters  
    age_yrs    lg_Dcntr    lg_L     lg_LZ      lg_Lphoto   lg_Dsurf   CO_core    C_cntr     Ne_cntr    Z_cntr   v_div_cs       dt_limit
__________________________________________________________________________________________________________________________________________________

        160   7.403636  1.244E+04   1.676167   1.676167   1.999974   1.999974   0.563873   0.000893   0.242800  -2.762360    926      0
 7.4102E+00   7.403636   0.171299 -33.693244   0.623459 -13.140930   0.000000   0.434766   0.000030   0.001400   0.048606      5
 6.2367E+08   1.910776   1.676048 -13.671289 -99.000000  -9.112399   0.000000   0.000007   0.000146   0.001361  0.000E+00      XHe_cntr

 Loading precomputed flux cube from:/home/njm/MESA/mesa/colors/data/stellar_models/Kurucz2003all//flux_cube.bin
 Loaded flux cube with dimensions:          76 x          11 x           9 x        1173
 Performing interpolation at target parameters...
 Interpolation complete
        161   7.405997  1.244E+04   1.691302   1.691302   1.999972   1.999972   0.552898   0.000894   0.242800  -2.780065    927      0
 7.3939E+00   7.405997   0.178717 -33.565270   0.640271 -13.107399   0.000000   0.445741   0.000029   0.001400   0.048671      5
 6.4844E+08   1.909868   1.691178 -99.000000 -99.000000  -9.120701   0.000000   0.000007   0.000146   0.001361  0.000E+00      XHe_cntr

 Loading precomputed flux cube from:/home/njm/MESA/mesa/colors/data/stellar_models/Kurucz2003all//flux_cube.bin
 Loaded flux cube with dimensions:          76 x          11 x           9 x        1173
 Performing interpolation at target parameters...
 Interpolation complete
        162   7.408350  1.244E+04   1.706484   1.706484   1.999970   1.999970   0.541928   0.000895   0.242800  -2.797927    934      0
 7.3777E+00   7.408350   0.186333 -33.438368   0.656373 -13.073880   0.000000   0.456711   0.000027   0.001400   0.048741      5
 6.7230E+08   1.908898   1.706357 -13.847380 -99.000000  -9.129342   0.000000   0.000007   0.000146   0.001360  0.000E+00      XHe_cntr

 Loading precomputed flux cube from:/home/njm/MESA/mesa/colors/data/stellar_models/Kurucz2003all//flux_cube.bin
 Loaded flux cube with dimensions:          76 x          11 x           9 x        1173
 Performing interpolation at target parameters...
 Interpolation complete
        163   7.410693  1.243E+04   1.721718   1.721718   1.999968   1.999968   0.530966   0.000895   0.242800  -2.815956    933      0
 7.3616E+00   7.410693   0.194156 -33.312508   0.671814 -13.040350   0.000000   0.467674   0.000027   0.001400   0.048817      5
 6.9529E+08   1.907860   1.721587 -13.370259 -99.000000  -9.138338   0.000000   0.000007   0.000146   0.001360  0.000E+00      XHe_cntr

 Loading precomputed flux cube from:/home/njm/MESA/mesa/colors/data/stellar_models/Kurucz2003all//flux_cube.bin
 Loaded flux cube with dimensions:          76 x          11 x           9 x        1173
 Performing interpolation at target parameters...
 Interpolation complete
        164   7.413027  1.243E+04   1.737017   1.737017   1.999966   1.999966   0.520008   0.000896   0.242800  -2.834168    939      0
 7.3456E+00   7.413027   0.202199 -33.187571   0.686656 -13.006802   0.000000   0.478632   0.000026   0.001400   0.048897      5
 7.1745E+08   1.906749   1.736881 -99.000000 -99.000000  -9.147712   0.000000   0.000007   0.000146   0.001360  0.000E+00      XHe_cntr

 Loading precomputed flux cube from:/home/njm/MESA/mesa/colors/data/stellar_models/Kurucz2003all//flux_cube.bin
 Loaded flux cube with dimensions:          76 x          11 x           9 x        1173
 Performing interpolation at target parameters...
 Interpolation complete
        165   7.415353  1.242E+04   1.752383   1.752383   1.999964   1.999964   0.509050   0.000896   0.242800  -2.852574    937      0
 7.3297E+00   7.415353   0.210475 -33.063428   0.700956 -12.973212   0.000000   0.489590   0.000026   0.001400   0.048982      5
 7.3882E+08   1.905563   1.752244 -99.000000 -99.000000  -9.157487   0.000000   0.000007   0.000146   0.001360  0.000E+00      XHe_cntr

 Loading precomputed flux cube from:/home/njm/MESA/mesa/colors/data/stellar_models/Kurucz2003all//flux_cube.bin
 Loaded flux cube with dimensions:          76 x          11 x           9 x        1173
 Performing interpolation at target parameters...
 Interpolation complete
        166   7.417674  1.241E+04   1.767857   1.767857   1.999961   1.999961   0.498094   0.000896   0.242800  -2.871137    945      0
 7.3138E+00   7.417674   0.219002 -32.939871   0.714808 -12.939578   0.000000   0.500546   0.000025   0.001400   0.049073      5
 7.5941E+08   1.904322   1.767714 -99.000000 -99.000000  -9.167688   0.000000   0.000007   0.000146   0.001360  0.000E+00      XHe_cntr

 Loading precomputed flux cube from:/home/njm/MESA/mesa/colors/data/stellar_models/Kurucz2003all//flux_cube.bin
 Loaded flux cube with dimensions:          76 x          11 x           9 x        1173
 Performing interpolation at target parameters...
 Interpolation complete
        167   7.419993  1.240E+04   1.783550   1.783550   1.999959   1.999959   0.487140   0.000896   0.242800  -2.889659    949      0
 7.2979E+00   7.419993   0.227824 -32.816470   0.728380 -12.905813   0.000000   0.511500   0.000025   0.001400   0.049173      5
 7.7927E+08   1.903117   1.783403 -99.000000 -99.000000  -9.178351   0.000000   0.000007   0.000146   0.001360  0.000E+00      XHe_cntr

 Loading precomputed flux cube from:/home/njm/MESA/mesa/colors/data/stellar_models/Kurucz2003all//flux_cube.bin
 Loaded flux cube with dimensions:          76 x          11 x           9 x        1173
 Performing interpolation at target parameters...
 Interpolation complete
        168   7.422305  1.238E+04   1.799309   1.799309   1.999956   1.999956   0.476195   0.000897   0.242800  -2.908344    958      0
 7.2821E+00   7.422305   0.236892 -32.693576   0.741583 -12.871662   0.000000   0.522445   0.000025   0.001400   0.049279      5
 7.9841E+08   1.901849   1.799158 -13.546350 -99.000000  -9.189447   0.000000   0.000007   0.000146   0.001360  0.000E+00      XHe_cntr

 Loading precomputed flux cube from:/home/njm/MESA/mesa/colors/data/stellar_models/Kurucz2003all//flux_cube.bin
 Loaded flux cube with dimensions:          76 x          11 x           9 x        1173
 Performing interpolation at target parameters...
 Interpolation complete
        169   7.424612  1.236E+04   1.815137   1.815137   1.999954   1.999954   0.465260   0.000897   0.242800  -2.927200    955      0
 7.2663E+00   7.424612   0.246218 -32.571040   0.754471 -12.837479   0.000000   0.533380   0.000024   0.001400   0.049391      5
 8.1688E+08   1.900517   1.814983 -13.847380 -99.000000  -9.200997   0.000000   0.000007   0.000146   0.001360  0.000E+00      XHe_cntr

 Loading precomputed flux cube from:/home/njm/MESA/mesa/colors/data/stellar_models/Kurucz2003all//flux_cube.bin
 Loaded flux cube with dimensions:          76 x          11 x           9 x        1173
 Performing interpolation at target parameters...
 Interpolation complete

__________________________________________________________________________________________________________________________________________________

       step    lg_Tmax     Teff     lg_LH      lg_Lnuc_tot     Mass       H_rich     H_cntr     N_cntr     Y_surf   eta_cntr   zones  retry
  lg_dt_yrs    lg_Tcntr    lg_R     lg_L3a     lg_Lneu     lg_Mdot    He_core    He_cntr    O_cntr     Z_surf   gam_cntr   iters  
    age_yrs    lg_Dcntr    lg_L     lg_LZ      lg_Lphoto   lg_Dsurf   CO_core    C_cntr     Ne_cntr    Z_cntr   v_div_cs       dt_limit
__________________________________________________________________________________________________________________________________________________

        170   7.426913  1.234E+04   1.831045   1.831045   1.999951   1.999951   0.454340   0.000897   0.242800  -2.946239    955      0
 7.2508E+00   7.426913   0.255809 -32.448710   0.767114 -12.803262   0.000000   0.544300   0.000024   0.001400   0.049508      5
 8.3469E+08   1.899118   1.830887 -99.000000 -99.000000  -9.213011   0.000000   0.000008   0.000146   0.001360  0.000E+00      XHe_cntr

 Loading precomputed flux cube from:/home/njm/MESA/mesa/colors/data/stellar_models/Kurucz2003all//flux_cube.bin
 Loaded flux cube with dimensions:          76 x          11 x           9 x        1173
 Performing interpolation at target parameters...
 Interpolation complete
        171   7.429229  1.231E+04   1.847078   1.847078   1.999948   1.999948   0.443317   0.000897   0.242800  -2.965533    966      0
 7.2354E+00   7.429229   0.265758 -32.325425   0.779521 -12.768989   0.000000   0.555323   0.000024   0.001400   0.049636      5
 8.5189E+08   1.897684   1.846915 -99.000000 -99.000000  -9.225654   0.000000   0.000008   0.000146   0.001360  0.000E+00      XHe_cntr

 Loading precomputed flux cube from:/home/njm/MESA/mesa/colors/data/stellar_models/Kurucz2003all//flux_cube.bin
 Loaded flux cube with dimensions:          76 x          11 x           9 x        1173
 Performing interpolation at target parameters...
 Interpolation complete
        172   7.431601  1.227E+04   1.863314   1.863314   1.999945   1.999945   0.431852   0.000897   0.242800  -2.985149    970      0
 7.2191E+00   7.431601   0.276315 -32.198320   0.791568 -12.734604   0.000000   0.566788   0.000024   0.001400   0.049788      5
 8.6845E+08   1.896354   1.863140 -99.000000 -99.000000  -9.239374   0.000000   0.000008   0.000146   0.001360  0.000E+00      XHe_cntr

 Loading precomputed flux cube from:/home/njm/MESA/mesa/colors/data/stellar_models/Kurucz2003all//flux_cube.bin
 Loaded flux cube with dimensions:          76 x          11 x           9 x        1173
 Performing interpolation at target parameters...
 Interpolation complete
        173   7.433926  1.224E+04   1.879398   1.879398   1.999942   1.999942   0.420656   0.000897   0.242800  -3.004730    964      0
 7.1978E+00   7.433926   0.286996 -32.073583   0.803613 -12.700053   0.000000   0.577985   0.000023   0.001400   0.049941      5
 8.8422E+08   1.894912   1.879221 -13.370259 -99.000000  -9.250556   0.000000   0.000008   0.000146   0.001360  0.000E+00      XHe_cntr

 Loading precomputed flux cube from:/home/njm/MESA/mesa/colors/data/stellar_models/Kurucz2003all//flux_cube.bin
 Loaded flux cube with dimensions:          76 x          11 x           9 x        1173
 Performing interpolation at target parameters...
 Interpolation complete
        174   7.436222  1.220E+04   1.895351   1.895351   1.999939   1.999939   0.409659   0.000897   0.242800  -3.024217    964      0
 7.1760E+00   7.436222   0.297831 -31.950182   0.815445 -12.665924   0.000000   0.588981   0.000023   0.001400   0.050096      5
 8.9921E+08   1.893429   1.895171 -13.847380 -99.000000  -9.265061   0.000000   0.000008   0.000146   0.001360  0.000E+00      XHe_cntr

 Loading precomputed flux cube from:/home/njm/MESA/mesa/colors/data/stellar_models/Kurucz2003all//flux_cube.bin
 Loaded flux cube with dimensions:          76 x          11 x           9 x        1173
 Performing interpolation at target parameters...
 Interpolation complete
        175   7.438525  1.215E+04   1.911368   1.911368   1.999935   1.999935   0.398656   0.000898   0.242800  -3.043875    968      0
 7.1588E+00   7.438525   0.309006 -31.825947   0.827216 -12.632204   0.000000   0.599984   0.000023   0.001400   0.050260      5
 9.1363E+08   1.891909   1.911184 -99.000000 -99.000000  -9.280162   0.000000   0.000008   0.000146   0.001360  0.000E+00      XHe_cntr

 Loading precomputed flux cube from:/home/njm/MESA/mesa/colors/data/stellar_models/Kurucz2003all//flux_cube.bin
 Loaded flux cube with dimensions:          76 x          11 x           9 x        1173
 Performing interpolation at target parameters...
 Interpolation complete
        176   7.440824  1.210E+04   1.927438   1.927438   1.999932   1.999932   0.387746   0.000898   0.242800  -3.063609    965      0
 7.1424E+00   7.440824   0.320459 -31.701499   0.839053 -12.598511   0.000000   0.610894   0.000023   0.001400   0.050429      5
 9.2751E+08   1.890345   1.927251 -99.000000 -99.000000  -9.295734   0.000000   0.000008   0.000146   0.001360  0.000E+00      XHe_cntr

 Loading precomputed flux cube from:/home/njm/MESA/mesa/colors/data/stellar_models/Kurucz2003all//flux_cube.bin
 Loaded flux cube with dimensions:          76 x          11 x           9 x        1173
 Performing interpolation at target parameters...
 Interpolation complete
        177   7.443136  1.205E+04   1.943594   1.943594   1.999928   1.999928   0.376820   0.000898   0.242800  -3.083488    966      0
 7.1267E+00   7.443136   0.332274 -31.575713   0.850916 -12.564831   0.000000   0.621820   0.000023   0.001400   0.050607      5
 9.4090E+08   1.888769   1.943403 -13.847380 -99.000000  -9.311919   0.000000   0.000008   0.000146   0.001360  0.000E+00      XHe_cntr

 Loading precomputed flux cube from:/home/njm/MESA/mesa/colors/data/stellar_models/Kurucz2003all//flux_cube.bin
 Loaded flux cube with dimensions:          76 x          11 x           9 x        1173
 Performing interpolation at target parameters...
 Interpolation complete
        178   7.445481  1.199E+04   1.959906   1.959906   1.999924   1.999924   0.365761   0.000898   0.242800  -3.103607    964      0
 7.1116E+00   7.445481   0.344580 -31.447355   0.862859 -12.531133   0.000000   0.632879   0.000022   0.001400   0.050800      5
 9.5383E+08   1.887207   1.959709 -99.000000 -99.000000  -9.322986   0.000000   0.000008   0.000146   0.001360  0.000E+00      XHe_cntr

 Loading precomputed flux cube from:/home/njm/MESA/mesa/colors/data/stellar_models/Kurucz2003all//flux_cube.bin
 Loaded flux cube with dimensions:          76 x          11 x           9 x        1173
 Performing interpolation at target parameters...
 Interpolation complete
        179   7.447854  1.193E+04   1.976310   1.976310   1.999920   1.999920   0.354586   0.000898   0.242800  -3.123903    966      0
 7.0948E+00   7.447854   0.357376 -31.316556   0.874883 -12.497318   0.000000   0.644055   0.000022   0.001400   0.051008      5
 9.6627E+08   1.885675   1.976107 -99.000000 -99.000000  -9.341233   0.000000   0.000008   0.000146   0.001360  0.000E+00      XHe_cntr

 Loading precomputed flux cube from:/home/njm/MESA/mesa/colors/data/stellar_models/Kurucz2003all//flux_cube.bin
 Loaded flux cube with dimensions:          76 x          11 x           9 x        1173
 Performing interpolation at target parameters...
 Interpolation complete

__________________________________________________________________________________________________________________________________________________

       step    lg_Tmax     Teff     lg_LH      lg_Lnuc_tot     Mass       H_rich     H_cntr     N_cntr     Y_surf   eta_cntr   zones  retry
  lg_dt_yrs    lg_Tcntr    lg_R     lg_L3a     lg_Lneu     lg_Mdot    He_core    He_cntr    O_cntr     Z_surf   gam_cntr   iters  
    age_yrs    lg_Dcntr    lg_L     lg_LZ      lg_Lphoto   lg_Dsurf   CO_core    C_cntr     Ne_cntr    Z_cntr   v_div_cs       dt_limit
__________________________________________________________________________________________________________________________________________________

        180   7.450244  1.186E+04   1.992839   1.992839   1.999916   1.999916   0.343433   0.000898   0.242800  -3.144103    964      0
 7.0760E+00   7.450244   0.370626 -31.183989   0.887119 -12.463536   0.000000   0.655208   0.000022   0.001400   0.051229      5
 9.7818E+08   1.884229   1.992631 -99.000000 -99.000000  -9.353477   0.000000   0.000008   0.000146   0.001360  0.000E+00      XHe_cntr

 Loading precomputed flux cube from:/home/njm/MESA/mesa/colors/data/stellar_models/Kurucz2003all//flux_cube.bin
 Loaded flux cube with dimensions:          76 x          11 x           9 x        1173
 Performing interpolation at target parameters...
 Interpolation complete
        181   7.452661  1.179E+04   2.009490   2.009490   1.999912   1.999912   0.332220   0.000898   0.242800  -3.164277    967      0
 7.0568E+00   7.452661   0.384410 -31.048834   0.899518 -12.429686   0.000000   0.666420   0.000022   0.001400   0.051468      5
 9.8958E+08   1.882883   2.009275 -99.000000 -99.000000  -9.373741   0.000000   0.000008   0.000146   0.001359  0.000E+00      XHe_cntr

 Loading precomputed flux cube from:/home/njm/MESA/mesa/colors/data/stellar_models/Kurucz2003all//flux_cube.bin
 Loaded flux cube with dimensions:          76 x          11 x           9 x        1173
 Performing interpolation at target parameters...
 Interpolation complete
        182   7.455092  1.171E+04   2.026158   2.026158   1.999908   1.999908   0.321063   0.000898   0.242800  -3.184477    943      0
 7.0373E+00   7.455092   0.398621 -30.912128   0.912085 -12.395824   0.000000   0.677577   0.000022   0.001400   0.051717      5
 1.0005E+09   1.881555   2.025939 -13.847380 -99.000000  -9.394568   0.000000   0.000008   0.000146   0.001359  0.000E+00      XHe_cntr

 Loading precomputed flux cube from:/home/njm/MESA/mesa/colors/data/stellar_models/Kurucz2003all//flux_cube.bin
 Loaded flux cube with dimensions:          76 x          11 x           9 x        1173
 Performing interpolation at target parameters...
 Interpolation complete
        183   7.457587  1.162E+04   2.042935   2.042935   1.999903   1.999903   0.309599   0.000898   0.242800  -3.204868    948      0
 7.0179E+00   7.457587   0.413600 -30.770460   0.924696 -12.362140   0.000000   0.689042   0.000021   0.001400   0.051996      5
 1.0109E+09   1.880375   2.042703 -13.847380 -99.000000  -9.416500   0.000000   0.000008   0.000146   0.001359  0.000E+00      XHe_cntr

 Loading precomputed flux cube from:/home/njm/MESA/mesa/colors/data/stellar_models/Kurucz2003all//flux_cube.bin
 Loaded flux cube with dimensions:          76 x          11 x           9 x        1173
 Performing interpolation at target parameters...
 Interpolation complete
        184   7.460062  1.153E+04   2.059600   2.059600   1.999898   1.999898   0.298453   0.000898   0.242800  -3.225088    939      0
 6.9960E+00   7.460062   0.428819 -30.629389   0.937571 -12.328620   0.000000   0.700187   0.000021   0.001400   0.052274      5
 1.0208E+09   1.879160   2.059367 -13.370259 -99.000000  -9.438572   0.000000   0.000008   0.000146   0.001359  0.000E+00      XHe_cntr

 Loading precomputed flux cube from:/home/njm/MESA/mesa/colors/data/stellar_models/Kurucz2003all//flux_cube.bin
 Loaded flux cube with dimensions:          76 x          11 x           9 x        1173
 Performing interpolation at target parameters...
 Interpolation complete
        185   7.462530  1.143E+04   2.076167   2.076167   1.999894   1.999894   0.287529   0.000898   0.242800  -3.245140    942      0
 6.9749E+00   7.462530   0.444329 -30.487925   0.950539 -12.295476   0.000000   0.711111   0.000021   0.001400   0.052557      5
 1.0302E+09   1.877963   2.075932 -99.000000 -99.000000  -9.460826   0.000000   0.000009   0.000146   0.001359  0.000E+00      XHe_cntr

 Loading precomputed flux cube from:/home/njm/MESA/mesa/colors/data/stellar_models/Kurucz2003all//flux_cube.bin
 Loaded flux cube with dimensions:          76 x          11 x           9 x        1173
 Performing interpolation at target parameters...
 Interpolation complete
        186   7.465081  1.133E+04   2.092922   2.092922   1.999889   1.999889   0.276286   0.000899   0.242800  -3.265411    939      0
 6.9588E+00   7.465081   0.460730 -30.340495   0.963678 -12.262732   0.000000   0.722355   0.000021   0.001400   0.052873      5
 1.0393E+09   1.876936   2.092677 -99.000000 -99.000000  -9.484126   0.000000   0.000009   0.000146   0.001359  0.000E+00      XHe_cntr

 Loading precomputed flux cube from:/home/njm/MESA/mesa/colors/data/stellar_models/Kurucz2003all//flux_cube.bin
 Loaded flux cube with dimensions:          76 x          11 x           9 x        1173
 Performing interpolation at target parameters...
 Interpolation complete
        187   7.467690  1.121E+04   2.109761   2.109761   1.999883   1.999883   0.264913   0.000899   0.242800  -3.285762    943      0
 6.9405E+00   7.467690   0.477881 -30.188736   0.977054 -12.230021   0.000000   0.733728   0.000021   0.001400   0.053212      5
 1.0481E+09   1.876037   2.109507 -13.069229 -99.000000  -9.508117   0.000000   0.000009   0.000146   0.001359  0.000E+00      XHe_cntr

 Loading precomputed flux cube from:/home/njm/MESA/mesa/colors/data/stellar_models/Kurucz2003all//flux_cube.bin
 Loaded flux cube with dimensions:          76 x          11 x           9 x        1173
 Performing interpolation at target parameters...
 Interpolation complete
        188   7.470292  1.110E+04   2.126473   2.126473   1.999878   1.999878   0.253835   0.000899   0.242800  -3.305866    945      0
 6.9184E+00   7.470292   0.495368 -30.036832   0.990608 -12.197498   0.000000   0.744806   0.000020   0.001400   0.053555      5
 1.0563E+09   1.875163   2.126218 -99.000000 -99.000000  -9.532050   0.000000   0.000009   0.000146   0.001359  0.000E+00      XHe_cntr

 Loading precomputed flux cube from:/home/njm/MESA/mesa/colors/data/stellar_models/Kurucz2003all//flux_cube.bin
 Loaded flux cube with dimensions:          76 x          11 x           9 x        1173
 Performing interpolation at target parameters...
 Interpolation complete
        189   7.472981  1.097E+04   2.143283   2.143283   1.999873   1.999873   0.242483   0.000899   0.242800  -3.326042    949      0
 6.8988E+00   7.472981   0.513815 -29.878706   1.004287 -12.165451   0.000000   0.756158   0.000020   0.001400   0.053934      5
 1.0643E+09   1.874519   2.143015 -99.000000 -99.000000  -9.556670   0.000000   0.000009   0.000146   0.001359  0.000E+00      XHe_cntr

 Loading precomputed flux cube from:/home/njm/MESA/mesa/colors/data/stellar_models/Kurucz2003all//flux_cube.bin
 Loaded flux cube with dimensions:          76 x          11 x           9 x        1173
 Performing interpolation at target parameters...
 Interpolation complete

__________________________________________________________________________________________________________________________________________________

       step    lg_Tmax     Teff     lg_LH      lg_Lnuc_tot     Mass       H_rich     H_cntr     N_cntr     Y_surf   eta_cntr   zones  retry
  lg_dt_yrs    lg_Tcntr    lg_R     lg_L3a     lg_Lneu     lg_Mdot    He_core    He_cntr    O_cntr     Z_surf   gam_cntr   iters  
    age_yrs    lg_Dcntr    lg_L     lg_LZ      lg_Lphoto   lg_Dsurf   CO_core    C_cntr     Ne_cntr    Z_cntr   v_div_cs       dt_limit
__________________________________________________________________________________________________________________________________________________

        190   7.475725  1.083E+04   2.160127   2.160127   1.999866   1.999866   0.231116   0.000899   0.242800  -3.346181    946      0
 6.8788E+00   7.475725   0.533051 -29.716608   1.018213 -12.028391   0.000000   0.767525   0.000020   0.001400   0.054334      5
 1.0718E+09   1.874014   2.159852 -99.000000 -99.000000  -9.581455   0.000000   0.000009   0.000146   0.001359  0.000E+00      XHe_cntr

 Loading precomputed flux cube from:/home/njm/MESA/mesa/colors/data/stellar_models/Kurucz2003all//flux_cube.bin
 Loaded flux cube with dimensions:          76 x          11 x           9 x        1173
 Performing interpolation at target parameters...
 Interpolation complete
        191   7.478484  1.069E+04   2.176874   2.176874   1.999851   1.999851   0.219992   0.000899   0.242800  -3.366059    956      0
 6.8561E+00   7.478484   0.552794 -29.553216   1.032298 -11.702547   0.000000   0.778649   0.000020   0.001400   0.054743      5
 1.0790E+09   1.873590   2.176595 -13.546350 -99.000000  -9.605735   0.000000   0.000009   0.000146   0.001359  0.000E+00      XHe_cntr

 Loading precomputed flux cube from:/home/njm/MESA/mesa/colors/data/stellar_models/Kurucz2003all//flux_cube.bin
 Loaded flux cube with dimensions:          76 x          11 x           9 x        1173
 Performing interpolation at target parameters...
 Interpolation complete
        192   7.481372  1.054E+04   2.193757   2.193757   1.999829   1.999829   0.208487   0.000899   0.242800  -3.386019    955      0
 6.8363E+00   7.481372   0.573828 -29.381209   1.046552 -11.486262   0.000000   0.790154   0.000020   0.001400   0.055200      5
 1.0859E+09   1.873497   2.193462 -13.546350 -99.000000  -9.630005   0.000000   0.000009   0.000146   0.001359  0.000E+00      XHe_cntr

 Loading precomputed flux cube from:/home/njm/MESA/mesa/colors/data/stellar_models/Kurucz2003all//flux_cube.bin
 Loaded flux cube with dimensions:          76 x          11 x           9 x        1173
 Performing interpolation at target parameters...
 Interpolation complete
        193   7.484280  1.038E+04   2.210611   2.210611   1.999797   1.999797   0.197294   0.000899   0.242800  -3.405642    958      0
 6.8145E+00   7.484280   0.595496 -29.207790   1.061088 -11.309962   0.000000   0.801347   0.000019   0.001400   0.055662      5
 1.0924E+09   1.873504   2.210313 -99.000000 -99.000000  -9.652838   0.000000   0.000009   0.000146   0.001359  0.000E+00      XHe_cntr

 Loading precomputed flux cube from:/home/njm/MESA/mesa/colors/data/stellar_models/Kurucz2003all//flux_cube.bin
 Loaded flux cube with dimensions:          76 x          11 x           9 x        1173
 Performing interpolation at target parameters...
 Interpolation complete
        194   7.487266  1.021E+04   2.227549   2.227549   1.999754   1.999754   0.186110   0.000899   0.242800  -3.424804    960      0
 6.7925E+00   7.487266   0.618211 -29.029099   1.075848 -11.161996   0.000000   0.812531   0.000019   0.001400   0.056155      5
 1.0986E+09   1.873860   2.227242 -13.245320 -99.000000  -9.673655   0.000000   0.000009   0.000146   0.001359  0.000E+00      XHe_cntr

 Loading precomputed flux cube from:/home/njm/MESA/mesa/colors/data/stellar_models/Kurucz2003all//flux_cube.bin
 Loaded flux cube with dimensions:          76 x          11 x           9 x        1173
 Performing interpolation at target parameters...
 Interpolation complete
        195   7.490362  1.003E+04   2.244580   2.244580   1.999699   1.999699   0.174835   0.000899   0.242800  -3.443822    958      0
 6.7736E+00   7.490362   0.642145 -28.843414   1.090852 -11.029269   0.000000   0.823806   0.000019   0.001400   0.056683      5
 1.1045E+09   1.874516   2.244264 -13.245320 -99.000000  -9.691017   0.000000   0.000009   0.000146   0.001359  0.000E+00      XHe_cntr

 Loading precomputed flux cube from:/home/njm/MESA/mesa/colors/data/stellar_models/Kurucz2003all//flux_cube.bin
 Loaded flux cube with dimensions:          76 x          11 x           9 x        1173
 Performing interpolation at target parameters...
 Interpolation complete
        196   7.493577   9839.783   2.261664   2.261664   1.999629   1.999629   0.163492   0.000899   0.242800  -3.462597    958      0
 6.7532E+00   7.493577   0.667351 -28.650364   1.106063 -10.906345   0.000000   0.835149   0.000019   0.001400   0.057247      5
 1.1102E+09   1.875518   2.261338 -13.546350 -99.000000  -9.702679   0.000000   0.000009   0.000146   0.001359  0.000E+00      XHe_cntr

 Loading precomputed flux cube from:/home/njm/MESA/mesa/colors/data/stellar_models/Kurucz2003all//flux_cube.bin
 Loaded flux cube with dimensions:          76 x          11 x           9 x        1173
 Performing interpolation at target parameters...
 Interpolation complete
        197   7.496960   9635.753   2.278808   2.278808   1.999553   1.999553   0.151922   0.000899   0.242800  -3.481118    968      0
 6.7316E+00   7.496960   0.694116 -28.446917   1.121455 -10.849937   0.000000   0.846719   0.000019   0.001400   0.057864      5
 1.1156E+09   1.877008   2.278467 -13.245320 -99.000000  -9.706067   0.000000   0.000010   0.000146   0.001359  0.000E+00      XHe_cntr

 Loading precomputed flux cube from:/home/njm/MESA/mesa/colors/data/stellar_models/Kurucz2003all//flux_cube.bin
 Loaded flux cube with dimensions:          76 x          11 x           9 x        1173
 Performing interpolation at target parameters...
 Interpolation complete
        198   7.500409   9425.093   2.295843   2.295843   1.999473   1.999473   0.140678   0.000899   0.242800  -3.499075    964      0
 6.7074E+00   7.500409   0.721832 -28.239715   1.136971 -10.804383   0.000000   0.857963   0.000018   0.001400   0.058492      5
 1.1207E+09   1.878759   2.295500 -13.245320 -99.000000  -9.698648   0.000000   0.000010   0.000146   0.001359  0.000E+00      XHe_cntr

 Loading precomputed flux cube from:/home/njm/MESA/mesa/colors/data/stellar_models/Kurucz2003all//flux_cube.bin
 Loaded flux cube with dimensions:          76 x          11 x           9 x        1173
 Performing interpolation at target parameters...
 Interpolation complete
        199   7.504079   9199.617   2.312954   2.312954   1.999388   1.999388   0.129151   0.000899   0.242800  -3.516640    970      0
 6.6849E+00   7.504079   0.751411 -28.018784   1.152650 -10.758164   0.000000   0.869491   0.000018   0.001400   0.059183      5
 1.1255E+09   1.881163   2.312594 -13.546350 -99.000000  -9.675847   0.000000   0.000010   0.000146   0.001359  0.000E+00      XHe_cntr

 Loading precomputed flux cube from:/home/njm/MESA/mesa/colors/data/stellar_models/Kurucz2003all//flux_cube.bin
 Loaded flux cube with dimensions:          76 x          11 x           9 x        1173
 Performing interpolation at target parameters...
 Interpolation complete

__________________________________________________________________________________________________________________________________________________

       step    lg_Tmax     Teff     lg_LH      lg_Lnuc_tot     Mass       H_rich     H_cntr     N_cntr     Y_surf   eta_cntr   zones  retry
  lg_dt_yrs    lg_Tcntr    lg_R     lg_L3a     lg_Lneu     lg_Mdot    He_core    He_cntr    O_cntr     Z_surf   gam_cntr   iters  
    age_yrs    lg_Dcntr    lg_L     lg_LZ      lg_Lphoto   lg_Dsurf   CO_core    C_cntr     Ne_cntr    Z_cntr   v_div_cs       dt_limit
__________________________________________________________________________________________________________________________________________________

        200   7.507878   8966.217   2.330053   2.330053   1.999298   1.999298   0.117923   0.000900   0.242800  -3.533569    965      0
 6.6624E+00   7.507878   0.782280 -27.790954   1.168524 -10.710299   0.000000   0.880718   0.000018   0.001400   0.059888      5
 1.1301E+09   1.883962   2.329692 -13.546350 -99.000000  -9.632382   0.000000   0.000010   0.000146   0.001359  0.000E+00      XHe_cntr

save LOGS/profile5.data for model 200
 Loading precomputed flux cube from:/home/njm/MESA/mesa/colors/data/stellar_models/Kurucz2003all//flux_cube.bin
 Loaded flux cube with dimensions:          76 x          11 x           9 x        1173
 Performing interpolation at target parameters...
 Interpolation complete
save photos/x200 for model 200
        201   7.511928   8720.080   2.347242   2.347242   1.999203   1.999203   0.106620   0.000900   0.242800  -3.549844    968      0
 6.6400E+00   7.511928   0.815048 -27.548432   1.184603 -10.661349   0.000000   0.892022   0.000018   0.001400   0.060644      5
 1.1345E+09   1.887494   2.346871 -13.546350 -99.000000  -9.560151   0.000000   0.000010   0.000146   0.001359  0.000E+00      XHe_cntr

 Loading precomputed flux cube from:/home/njm/MESA/mesa/colors/data/stellar_models/Kurucz2003all//flux_cube.bin
 Loaded flux cube with dimensions:          76 x          11 x           9 x        1173
 Performing interpolation at target parameters...
 Interpolation complete
        202   7.516186   8465.127   2.364369   2.364369   1.999103   1.189496   0.095530   0.000900   0.242800  -3.564960    973      0
 6.6124E+00   7.516186   0.849383 -27.293981   1.200773 -10.610697   0.809607   0.903112   0.000017   0.001400   0.061431      5
 1.1386E+09   1.891798   2.363993 -99.000000 -99.000000  -9.457811   0.000000   0.000010   0.000146   0.001359  0.000E+00        lgTeff

 Loading precomputed flux cube from:/home/njm/MESA/mesa/colors/data/stellar_models/Kurucz2003all//flux_cube.bin
 Loaded flux cube with dimensions:          76 x          11 x           9 x        1173
 Performing interpolation at target parameters...
 Interpolation complete
        203   7.520697   8204.196   2.381000   2.381000   1.999000   1.165587   0.084571   0.000900   0.242800  -3.578207    976      0
 6.5712E+00   7.520697   0.884886 -27.024651   1.216567 -10.558810   0.833413   0.914070   0.000017   0.001400   0.062272      5
 1.1423E+09   1.897282   2.380610 -12.944290 -99.000000  -9.331394   0.000000   0.000010   0.000146   0.001359  0.000E+00        lgTeff

 Loading precomputed flux cube from:/home/njm/MESA/mesa/colors/data/stellar_models/Kurucz2003all//flux_cube.bin
 Loaded flux cube with dimensions:          76 x          11 x           9 x        1173
 Performing interpolation at target parameters...
 Interpolation complete
        204   7.525213   7952.923   2.396589   2.396589   1.998897   1.165484   0.074536   0.000900   0.242800  -3.589395    977      0
 6.5206E+00   7.525213   0.919701 -26.756035   1.231501 -10.506626   0.833413   0.924106   0.000017   0.001400   0.063082      5
 1.1456E+09   1.903328   2.396203 -12.944290 -99.000000  -9.197410   0.000000   0.000010   0.000146   0.001359  0.000E+00        lgTeff

 Loading precomputed flux cube from:/home/njm/MESA/mesa/colors/data/stellar_models/Kurucz2003all//flux_cube.bin
 Loaded flux cube with dimensions:          76 x          11 x           9 x        1173
 Performing interpolation at target parameters...
 Interpolation complete
        205   7.529815   7711.840   2.411127   2.411127   1.998794   1.153583   0.065204   0.000900   0.242800  -3.598409   1000      0
 6.4673E+00   7.529815   0.953710 -26.483223   1.245508 -10.456400   0.845211   0.933437   0.000017   0.001400   0.063878      6
 1.1486E+09   1.910190   2.410745 -99.000000 -99.000000  -9.064827   0.000000   0.000011   0.000146   0.001358  0.000E+00        lgTeff

 Loading precomputed flux cube from:/home/njm/MESA/mesa/colors/data/stellar_models/Kurucz2003all//flux_cube.bin
 Loaded flux cube with dimensions:          76 x          11 x           9 x        1173
 Performing interpolation at target parameters...
 Interpolation complete
        206   7.534564   7480.993   2.424762   2.424762   1.998692   1.153481   0.056500   0.000900   0.242800  -3.605230   1004      0
 6.4164E+00   7.534564   0.986929 -26.202631   1.258715 -10.408269   0.845211   0.942141   0.000016   0.001400   0.064662      6
 1.1512E+09   1.917993   2.424389 -99.000000 -99.000000  -8.939166   0.000000   0.000011   0.000146   0.001358  0.000E+00        lgTeff

 Loading precomputed flux cube from:/home/njm/MESA/mesa/colors/data/stellar_models/Kurucz2003all//flux_cube.bin
 Loaded flux cube with dimensions:          76 x          11 x           9 x        1173
 Performing interpolation at target parameters...
 Interpolation complete
        207   7.539591   7260.206   2.437627   2.437627   1.998591   1.151905   0.048267   0.000900   0.242800  -3.609697   1006      0
 6.3675E+00   7.539591   1.019392 -25.906658   1.271233 -10.362011   0.846686   0.950375   0.000016   0.001400   0.065445      7
 1.1535E+09   1.927065   2.437273 -13.245320 -99.000000  -8.823568   0.000000   0.000011   0.000146   0.001358  0.000E+00        lgTeff

 Loading precomputed flux cube from:/home/njm/MESA/mesa/colors/data/stellar_models/Kurucz2003all//flux_cube.bin
 Loaded flux cube with dimensions:          76 x          11 x           9 x        1173
 Performing interpolation at target parameters...
 Interpolation complete
        208   7.544741   7056.590   2.449611   2.449611   1.998491   1.151805   0.040876   0.000900   0.242800  -3.611883   1012      0
 6.3156E+00   7.544741   1.050110 -25.605039   1.282955 -10.317415   0.846686   0.957766   0.000016   0.001400   0.066174      7
 1.1556E+09   1.936978   2.449294 -99.000000 -99.000000  -8.724574   0.000000   0.000011   0.000146   0.001358  0.000E+00    lg_XH_cntr

 Loading precomputed flux cube from:/home/njm/MESA/mesa/colors/data/stellar_models/Kurucz2003all//flux_cube.bin
 Loaded flux cube with dimensions:          76 x          11 x           9 x        1173
 Performing interpolation at target parameters...
 Interpolation complete
        209   7.550282   6871.156   2.460700   2.460700   1.998396   1.156117   0.033957   0.000900   0.242800  -3.611090   1022      0
 6.2547E+00   7.550282   1.078810 -25.281758   1.293834 -10.275444   0.842280   0.964685   0.000016   0.001400   0.066895      7
 1.1574E+09   1.948590   2.460432 -99.000000 -99.000000  -8.641708   0.000000   0.000011   0.000146   0.001358  0.000E+00    lg_XH_cntr

 Loading precomputed flux cube from:/home/njm/MESA/mesa/colors/data/stellar_models/Kurucz2003all//flux_cube.bin
 Loaded flux cube with dimensions:          76 x          11 x           9 x        1173
 Performing interpolation at target parameters...
 Interpolation complete

__________________________________________________________________________________________________________________________________________________

       step    lg_Tmax     Teff     lg_LH      lg_Lnuc_tot     Mass       H_rich     H_cntr     N_cntr     Y_surf   eta_cntr   zones  retry
  lg_dt_yrs    lg_Tcntr    lg_R     lg_L3a     lg_Lneu     lg_Mdot    He_core    He_cntr    O_cntr     Z_surf   gam_cntr   iters  
    age_yrs    lg_Dcntr    lg_L     lg_LZ      lg_Lphoto   lg_Dsurf   CO_core    C_cntr     Ne_cntr    Z_cntr   v_div_cs       dt_limit
__________________________________________________________________________________________________________________________________________________

        210   7.555786   6714.915   2.470503   2.470503   1.998309   1.156029   0.028108   0.000900   0.242800  -3.607886   1025      0
 6.1784E+00   7.555786   1.103727 -24.962502   1.303491 -10.236358   0.842280   0.970534   0.000015   0.001400   0.067522      9
 1.1589E+09   1.960750   2.470310 -99.000000 -99.000000  -8.575476   0.000000   0.000011   0.000146   0.001358  0.000E+00    lg_XH_cntr

 Loading precomputed flux cube from:/home/njm/MESA/mesa/colors/data/stellar_models/Kurucz2003all//flux_cube.bin
 Loaded flux cube with dimensions:          76 x          11 x           9 x        1173
 Performing interpolation at target parameters...
 Interpolation complete
        211   7.561174   6589.390   2.478978   2.478978   1.998231   1.155951   0.023259   0.000900   0.242800  -3.602586   1027      0
 6.0919E+00   7.561174   1.124405 -24.651775   1.311864 -10.202141   0.842280   0.975383   0.000015   0.001400   0.068055      9
 1.1601E+09   1.973227   2.478885 -13.245320 -99.000000  -8.523349   0.000000   0.000012   0.000146   0.001358  0.000E+00    lg_XH_cntr

 Loading precomputed flux cube from:/home/njm/MESA/mesa/colors/data/stellar_models/Kurucz2003all//flux_cube.bin
 Loaded flux cube with dimensions:          76 x          11 x           9 x        1173
 Performing interpolation at target parameters...
 Interpolation complete
        212   7.566645   6491.063   2.486380   2.486380   1.998163   1.155883   0.019107   0.000900   0.242800  -3.595018   1044      0
 6.0058E+00   7.566645   1.141235 -24.337944   1.319193 -10.173237   0.842280   0.979535   0.000015   0.001400   0.068526      8
 1.1611E+09   1.986518   2.486426 -99.000000 -99.000000  -8.482896   0.000000   0.000012   0.000146   0.001358  0.000E+00    lg_XH_cntr

 Loading precomputed flux cube from:/home/njm/MESA/mesa/colors/data/stellar_models/Kurucz2003all//flux_cube.bin
 Loaded flux cube with dimensions:          76 x          11 x           9 x        1173
 Performing interpolation at target parameters...
 Interpolation complete
        213   7.572007   6418.330   2.492757   2.492757   1.998105   1.155825   0.015708   0.000900   0.242800  -3.585900   1040      0
 5.9153E+00   7.572007   1.154296 -24.032194   1.325520 -10.148953   0.842280   0.982934   0.000015   0.001400   0.068918     10
 1.1619E+09   1.999997   2.492974 -12.944290 -99.000000  -8.453467   0.000000   0.000012   0.000146   0.001358  0.000E+00    lg_XH_cntr

 Loading precomputed flux cube from:/home/njm/MESA/mesa/colors/data/stellar_models/Kurucz2003all//flux_cube.bin
 Loaded flux cube with dimensions:          76 x          11 x           9 x        1173
 Performing interpolation at target parameters...
 Interpolation complete
        214   7.577300   6368.272   2.498242   2.498242   1.998055   1.155776   0.012909   0.000900   0.242800  -3.575409   1044      0
 5.8222E+00   7.577300   1.163951 -23.732177   1.330969 -10.129168   0.842280   0.985733   0.000015   0.001400   0.069247     10
 1.1626E+09   2.013710   2.498683 -99.000000 -99.000000  -8.433999   0.000000   0.000012   0.000146   0.001358  0.000E+00    lg_XH_cntr

 Loading precomputed flux cube from:/home/njm/MESA/mesa/colors/data/stellar_models/Kurucz2003all//flux_cube.bin
 Loaded flux cube with dimensions:          76 x          11 x           9 x        1173
 Performing interpolation at target parameters...
 Interpolation complete
        215   7.582558   6337.486   2.502987   2.502987   1.998014   1.155734   0.010599   0.000900   0.242800  -3.563708   1046      0
 5.7299E+00   7.582558   1.170676 -23.435946   1.335689 -10.113370   0.842280   0.988043   0.000014   0.001400   0.069522      8
 1.1631E+09   2.027685   2.503714 -99.000000 -99.000000  -8.423107   0.000000   0.000012   0.000146   0.001358  0.000E+00    lg_XH_cntr

 Loading precomputed flux cube from:/home/njm/MESA/mesa/colors/data/stellar_models/Kurucz2003all//flux_cube.bin
 Loaded flux cube with dimensions:          76 x          11 x           9 x        1173
 Performing interpolation at target parameters...
 Interpolation complete
        216   7.587830   6323.561   2.507100   2.507100   1.997980   1.155700   0.008681   0.000900   0.242800  -3.550847   1041      0
 5.6368E+00   7.587830   1.174833 -23.140761   1.339785 -10.100943   0.842280   0.989962   0.000014   0.001400   0.069753      8
 1.1636E+09   2.042012   2.508206 -99.000000 -99.000000  -8.419776   0.000000   0.000013   0.000146   0.001358  0.000E+00    lg_XH_cntr

 Loading precomputed flux cube from:/home/njm/MESA/mesa/colors/data/stellar_models/Kurucz2003all//flux_cube.bin
 Loaded flux cube with dimensions:          76 x          11 x           9 x        1173
 Performing interpolation at target parameters...
 Interpolation complete
        217   7.592949   6322.965   2.510652   2.510652   1.997951   1.155672   0.007141   0.000900   0.242800  -3.537520   1039      0
 5.5420E+00   7.592949   1.176904 -22.855940   1.343325 -10.091396   0.842280   0.991501   0.000014   0.001400   0.069940      7
 1.1639E+09   2.056147   2.512184 -99.000000 -99.000000  -8.422359   0.000000   0.000013   0.000146   0.001358  0.000E+00    lg_XH_cntr

 Loading precomputed flux cube from:/home/njm/MESA/mesa/colors/data/stellar_models/Kurucz2003all//flux_cube.bin
 Loaded flux cube with dimensions:          76 x          11 x           9 x        1173
 Performing interpolation at target parameters...
 Interpolation complete
        218   7.597941   6332.979   2.513706   2.513706   1.997928   1.155649   0.005898   0.000899   0.242800  -3.523828   1037      0
 5.4487E+00   7.597941   1.177316 -22.579971   1.346370 -10.084289   0.842280   0.992745   0.000014   0.001400   0.070091      6
 1.1642E+09   2.070120   2.515758 -99.000000 -99.000000  -8.429662   0.000000   0.000013   0.000146   0.001358  0.000E+00    lg_XH_cntr

 Loading precomputed flux cube from:/home/njm/MESA/mesa/colors/data/stellar_models/Kurucz2003all//flux_cube.bin
 Loaded flux cube with dimensions:          76 x          11 x           9 x        1173
 Performing interpolation at target parameters...
 Interpolation complete
        219   7.602845   6351.508   2.516350   2.516350   1.997909   1.155630   0.004883   0.000899   0.242800  -3.509792   1035      0
 5.3596E+00   7.602845   1.176414 -22.310484   1.349007 -10.079119   0.842280   0.993760   0.000014   0.001400   0.070215      6
 1.1644E+09   2.084010   2.519028 -99.000000 -99.000000  -8.440782   0.000000   0.000013   0.000146   0.001358  0.000E+00    lg_XH_cntr

 Loading precomputed flux cube from:/home/njm/MESA/mesa/colors/data/stellar_models/Kurucz2003all//flux_cube.bin
 Loaded flux cube with dimensions:          76 x          11 x           9 x        1173
 Performing interpolation at target parameters...
 Interpolation complete

__________________________________________________________________________________________________________________________________________________

       step    lg_Tmax     Teff     lg_LH      lg_Lnuc_tot     Mass       H_rich     H_cntr     N_cntr     Y_surf   eta_cntr   zones  retry
  lg_dt_yrs    lg_Tcntr    lg_R     lg_L3a     lg_Lneu     lg_Mdot    He_core    He_cntr    O_cntr     Z_surf   gam_cntr   iters  
    age_yrs    lg_Dcntr    lg_L     lg_LZ      lg_Lphoto   lg_Dsurf   CO_core    C_cntr     Ne_cntr    Z_cntr   v_div_cs       dt_limit
__________________________________________________________________________________________________________________________________________________

        220   7.607689   6376.905   2.518638   2.518638   1.997893   1.155614   0.004049   0.000899   0.242800  -3.495438   1030      0
 5.2731E+00   7.607689   1.174470 -22.045989   1.351288 -10.075460   0.842280   0.994593   0.000014   0.001400   0.070317      6
 1.1646E+09   2.097867   2.522073 -99.000000 -99.000000  -8.455007   0.000000   0.000013   0.000146   0.001358  0.000E+00    lg_XH_cntr

 Loading precomputed flux cube from:/home/njm/MESA/mesa/colors/data/stellar_models/Kurucz2003all//flux_cube.bin
 Loaded flux cube with dimensions:          76 x          11 x           9 x        1173
 Performing interpolation at target parameters...
 Interpolation complete
        221   7.612524   6408.114   2.520583   2.520583   1.997880   1.155601   0.003357   0.000899   0.242800  -3.480660   1033      0
 5.1883E+00   7.612524   1.171675 -21.783594   1.353229 -10.072980   0.842280   0.995285   0.000014   0.001400   0.070404      5
 1.1648E+09   2.111831   2.524965 -99.000000 -99.000000  -8.471888   0.000000   0.000014   0.000146   0.001358  0.000E+00    lg_XH_cntr

 Loading precomputed flux cube from:/home/njm/MESA/mesa/colors/data/stellar_models/Kurucz2003all//flux_cube.bin
 Loaded flux cube with dimensions:          76 x          11 x           9 x        1173
 Performing interpolation at target parameters...
 Interpolation complete
        222   7.617348   6444.121   2.522215   2.522215   1.997870   1.155590   0.002783   0.000899   0.242800  -3.465523   1034      0
 5.1039E+00   7.617348   1.168199 -21.523376   1.354855 -10.071417   0.842280   0.995859   0.000013   0.001400   0.070478      5
 1.1649E+09   2.125882   2.527746 -13.245320 -99.000000  -8.490966   0.000000   0.000014   0.000146   0.001358  0.000E+00    lg_XH_cntr

 Loading precomputed flux cube from:/home/njm/MESA/mesa/colors/data/stellar_models/Kurucz2003all//flux_cube.bin
 Loaded flux cube with dimensions:          76 x          11 x           9 x        1173
 Performing interpolation at target parameters...
 Interpolation complete
        223   7.622152   6483.518   2.523527   2.523527   1.997861   1.155581   0.002308   0.000899   0.242800  -3.450094   1035      0
 5.0193E+00   7.622152   1.164254 -21.265772   1.356162 -10.070575   0.842280   0.996334   0.000013   0.001400   0.070541      5
 1.1650E+09   2.139987   2.530445 -99.000000 -99.000000  -8.511580   0.000000   0.000014   0.000146   0.001357  0.000E+00    lg_XH_cntr

 Loading precomputed flux cube from:/home/njm/MESA/mesa/colors/data/stellar_models/Kurucz2003all//flux_cube.bin
 Loaded flux cube with dimensions:          76 x          11 x           9 x        1173
 Performing interpolation at target parameters...
 Interpolation complete
        224   7.626937   6525.424   2.524506   2.524506   1.997853   1.155574   0.001915   0.000899   0.242800  -3.434412   1039      0
 4.9348E+00   7.626937   1.159986 -21.010838   1.357135 -10.070237   0.842280   0.996728   0.000013   0.001400   0.070596      5
 1.1651E+09   2.154133   2.533102 -99.000000 -99.000000  -8.533329   0.000000   0.000014   0.000146   0.001357  0.000E+00    lg_XH_cntr

 Loading precomputed flux cube from:/home/njm/MESA/mesa/colors/data/stellar_models/Kurucz2003all//flux_cube.bin
 Loaded flux cube with dimensions:          76 x          11 x           9 x        1173
 Performing interpolation at target parameters...
 Interpolation complete
        225   7.631703   6568.927   2.525118   2.525118   1.997847   1.155568   0.001589   0.000899   0.242800  -3.418480   1032      0
 4.8506E+00   7.631703   1.155533 -20.758398   1.357741 -10.070228   0.842280   0.997054   0.000013   0.001400   0.070646      5
 1.1652E+09   2.168330   2.535738 -13.245320 -99.000000  -8.555794   0.000000   0.000014   0.000146   0.001357  0.000E+00    lg_XH_cntr

 Loading precomputed flux cube from:/home/njm/MESA/mesa/colors/data/stellar_models/Kurucz2003all//flux_cube.bin
 Loaded flux cube with dimensions:          76 x          11 x           9 x        1173
 Performing interpolation at target parameters...
 Interpolation complete
        226   7.636480   6613.505   2.525275   2.525275   1.997842   1.155563   0.001317   0.000898   0.242800  -3.402188   1033      0
 4.7668E+00   7.636480   1.150994 -20.506888   1.357891 -10.070399   0.842280   0.997326   0.000013   0.001400   0.070693      5
 1.1652E+09   2.182674   2.538408 -12.944290 -99.000000  -8.578780   0.000000   0.000015   0.000146   0.001357  0.000E+00    lg_XH_cntr

 Loading precomputed flux cube from:/home/njm/MESA/mesa/colors/data/stellar_models/Kurucz2003all//flux_cube.bin
 Loaded flux cube with dimensions:          76 x          11 x           9 x        1173
 Performing interpolation at target parameters...
 Interpolation complete
        227   7.641243   6658.064   2.524983   2.524983   1.997838   1.155559   0.001091   0.000898   0.242800  -3.385641   1034      0
 4.6823E+00   7.641243   1.146516 -20.257571   1.357589 -10.070600   0.842280   0.997551   0.000013   0.001400   0.070737      5
 1.1653E+09   2.197086   2.541118 -99.000000 -99.000000  -8.601805   0.000000   0.000015   0.000146   0.001357  0.000E+00    lg_XH_cntr

 Loading precomputed flux cube from:/home/njm/MESA/mesa/colors/data/stellar_models/Kurucz2003all//flux_cube.bin
 Loaded flux cube with dimensions:          76 x          11 x           9 x        1173
 Performing interpolation at target parameters...
 Interpolation complete
        228   7.645825   6701.765   2.524587   2.524587   1.997835   1.155555   0.000911   0.000898   0.242800  -3.369564   1032      0
 4.5972E+00   7.645825   1.142145 -20.019239   1.357184 -10.070694   0.842280   0.997732   0.000013   0.001400   0.070777      5
 1.1653E+09   2.211000   2.543740 -99.000000 -99.000000  -8.624416   0.000000   0.000015   0.000146   0.001357  0.000E+00    lg_XH_cntr

 Loading precomputed flux cube from:/home/njm/MESA/mesa/colors/data/stellar_models/Kurucz2003all//flux_cube.bin
 Loaded flux cube with dimensions:          76 x          11 x           9 x        1173
 Performing interpolation at target parameters...
 Interpolation complete
        229   7.650322   6743.849   2.523526   2.523526   1.997832   1.155553   0.000762   0.000898   0.242800  -3.353498   1033      0
 4.5165E+00   7.650322   1.138017 -19.786621   1.356111 -10.070817   0.842280   0.997881   0.000013   0.001400   0.070818      5
 1.1653E+09   2.224768   2.546360 -99.000000 -99.000000  -8.646355   0.000000   0.000015   0.000146   0.001357  0.000E+00    lg_XH_cntr

 Loading precomputed flux cube from:/home/njm/MESA/mesa/colors/data/stellar_models/Kurucz2003all//flux_cube.bin
 Loaded flux cube with dimensions:          76 x          11 x           9 x        1173
 Performing interpolation at target parameters...
 Interpolation complete

__________________________________________________________________________________________________________________________________________________

       step    lg_Tmax     Teff     lg_LH      lg_Lnuc_tot     Mass       H_rich     H_cntr     N_cntr     Y_surf   eta_cntr   zones  retry
  lg_dt_yrs    lg_Tcntr    lg_R     lg_L3a     lg_Lneu     lg_Mdot    He_core    He_cntr    O_cntr     Z_surf   gam_cntr   iters  
    age_yrs    lg_Dcntr    lg_L     lg_LZ      lg_Lphoto   lg_Dsurf   CO_core    C_cntr     Ne_cntr    Z_cntr   v_div_cs       dt_limit
__________________________________________________________________________________________________________________________________________________

        230   7.654849   6784.199   2.521558   2.521558   1.997830   1.155550   0.000636   0.000898   0.242800  -3.336948   1031      0
 4.4404E+00   7.654849   1.134197 -19.553628   1.354131 -10.070739   0.842280   0.998007   0.000013   0.001400   0.070863      5
 1.1654E+09   2.238779   2.549083 -99.000000 -99.000000  -8.667683   0.000000   0.000015   0.000146   0.001357  0.000E+00    lg_XH_cntr

 Loading precomputed flux cube from:/home/njm/MESA/mesa/colors/data/stellar_models/Kurucz2003all//flux_cube.bin
 Loaded flux cube with dimensions:          76 x          11 x           9 x        1173
 Performing interpolation at target parameters...
 Interpolation complete
        231   7.659436   6822.451   2.518501   2.518501   1.997828   1.154073   0.000528   0.000897   0.242800  -3.319758   1033      0
 4.3626E+00   7.659436   1.130747 -19.318777   1.351058 -10.070264   0.843754   0.998115   0.000013   0.001400   0.070914      5
 1.1654E+09   2.253146   2.551950 -99.000000 -99.000000  -8.688275   0.000000   0.000015   0.000146   0.001357  0.000E+00    lg_XH_cntr

 Loading precomputed flux cube from:/home/njm/MESA/mesa/colors/data/stellar_models/Kurucz2003all//flux_cube.bin
 Loaded flux cube with dimensions:          76 x          11 x           9 x        1173
 Performing interpolation at target parameters...
 Interpolation complete
        232   7.663859   6858.016   2.515575   2.515575   1.997826   1.153708   0.000442   0.000897   0.242800  -3.303027   1036      0
 4.2807E+00   7.663859   1.127658 -19.093640   1.348113 -10.069285   0.844119   0.998201   0.000013   0.001400   0.070964      5
 1.1654E+09   2.267057   2.554803 -99.000000 -99.000000  -8.707734   0.000000   0.000016   0.000146   0.001357  0.000E+00    lg_XH_cntr

 Loading precomputed flux cube from:/home/njm/MESA/mesa/colors/data/stellar_models/Kurucz2003all//flux_cube.bin
 Loaded flux cube with dimensions:          76 x          11 x           9 x        1173
 Performing interpolation at target parameters...
 Interpolation complete
        233   7.668490   6890.141   2.508659   2.508659   1.997825   1.153706   0.000363   0.000897   0.242800  -3.284616   1032      0
 4.2014E+00   7.668490   1.125120 -18.858792   1.341173 -10.068021   0.844119   0.998280   0.000013   0.001400   0.071034      5
 1.1654E+09   2.282000   2.557847 -12.944290 -99.000000  -8.725832   0.000000   0.000016   0.000146   0.001357  0.000E+00    lg_XH_cntr

 Loading precomputed flux cube from:/home/njm/MESA/mesa/colors/data/stellar_models/Kurucz2003all//flux_cube.bin
 Loaded flux cube with dimensions:          76 x          11 x           9 x        1173
 Performing interpolation at target parameters...
 Interpolation complete
        234   7.672871   6918.790   2.503794   2.503794   1.997824   1.153705   0.000303   0.000897   0.242800  -3.267185   1035      0
 4.1158E+00   7.672871   1.123019 -18.637927   1.336283 -10.066039   0.844119   0.998340   0.000013   0.001400   0.071099      5
 1.1654E+09   2.296136   2.560852 -13.245320 -99.000000  -8.742345   0.000000   0.000016   0.000146   0.001357  0.000E+00    lg_XH_cntr

 Loading precomputed flux cube from:/home/njm/MESA/mesa/colors/data/stellar_models/Kurucz2003all//flux_cube.bin
 Loaded flux cube with dimensions:          76 x          11 x           9 x        1173
 Performing interpolation at target parameters...
 Interpolation complete
        235   7.676949   6944.313   2.498501   2.498501   1.997823   1.153704   0.000255   0.000897   0.242800  -3.250800   1045      0
 4.0303E+00   7.676949   1.121252 -18.433442   1.330962 -10.063744   0.844119   0.998388   0.000013   0.001400   0.071161      5
 1.1654E+09   2.309357   2.563715 -99.000000 -99.000000  -8.757333   0.000000   0.000016   0.000146   0.001357  0.000E+00    lg_XH_cntr

 Loading precomputed flux cube from:/home/njm/MESA/mesa/colors/data/stellar_models/Kurucz2003all//flux_cube.bin
 Loaded flux cube with dimensions:          76 x          11 x           9 x        1173
 Performing interpolation at target parameters...
 Interpolation complete
        236   7.681119   6967.090   2.487757   2.487757   1.997822   1.153885   0.000212   0.000897   0.242800  -3.233199   1045      0
 3.9602E+00   7.681119   1.119849 -18.225004   1.320182 -10.061359   0.843937   0.998431   0.000013   0.001400   0.071243      5
 1.1655E+09   2.323235   2.566597 -99.000000 -99.000000  -8.771079   0.000000   0.000016   0.000146   0.001357  0.000E+00    lg_XH_cntr

 Loading precomputed flux cube from:/home/njm/MESA/mesa/colors/data/stellar_models/Kurucz2003all//flux_cube.bin
 Loaded flux cube with dimensions:          76 x          11 x           9 x        1173
 Performing interpolation at target parameters...
 Interpolation complete
        237   7.685029   6986.872   2.480484   2.480484   1.997821   1.153885   0.000179   0.000896   0.242800  -3.216674   1050      0
 3.8834E+00   7.685029   1.118760 -18.030573   1.312872 -10.058644   0.843937   0.998464   0.000013   0.001400   0.071319      5
 1.1655E+09   2.336253   2.569345 -99.000000 -99.000000  -8.783305   0.000000   0.000017   0.000146   0.001357  0.000E+00    lg_XH_cntr

 Loading precomputed flux cube from:/home/njm/MESA/mesa/colors/data/stellar_models/Kurucz2003all//flux_cube.bin
 Loaded flux cube with dimensions:          76 x          11 x           9 x        1173
 Performing interpolation at target parameters...
 Interpolation complete
        238   7.688767   7003.965   2.470293   2.470293   1.997821   1.153884   0.000152   0.000896   0.242800  -3.200485   1053      0
 3.8097E+00   7.688767   1.117954 -17.845377   1.302638 -10.055846   0.843937   0.998491   0.000013   0.001400   0.071400      5
 1.1655E+09   2.348864   2.571977 -99.000000 -99.000000  -8.794148   0.000000   0.000017   0.000146   0.001357  0.000E+00    lg_XH_cntr

 Loading precomputed flux cube from:/home/njm/MESA/mesa/colors/data/stellar_models/Kurucz2003all//flux_cube.bin
 Loaded flux cube with dimensions:          76 x          11 x           9 x        1173
 Performing interpolation at target parameters...
 Interpolation complete
        239   7.692467   7018.865   2.456672   2.456672   1.997820   1.153884   0.000127   0.000896   0.242800  -3.183904   1050      0
 3.7465E+00   7.692467   1.117396 -17.662676   1.288966 -10.052970   0.843937   0.998516   0.000013   0.001400   0.071493      5
 1.1655E+09   2.361582   2.574552 -13.245320 -99.000000  -8.803885   0.000000   0.000017   0.000146   0.001357  0.000E+00    lg_XH_cntr

 Loading precomputed flux cube from:/home/njm/MESA/mesa/colors/data/stellar_models/Kurucz2003all//flux_cube.bin
 Loaded flux cube with dimensions:          76 x          11 x           9 x        1173
 Performing interpolation at target parameters...
 Interpolation complete

__________________________________________________________________________________________________________________________________________________

       step    lg_Tmax     Teff     lg_LH      lg_Lnuc_tot     Mass       H_rich     H_cntr     N_cntr     Y_surf   eta_cntr   zones  retry
  lg_dt_yrs    lg_Tcntr    lg_R     lg_L3a     lg_Lneu     lg_Mdot    He_core    He_cntr    O_cntr     Z_surf   gam_cntr   iters  
    age_yrs    lg_Dcntr    lg_L     lg_LZ      lg_Lphoto   lg_Dsurf   CO_core    C_cntr     Ne_cntr    Z_cntr   v_div_cs       dt_limit
__________________________________________________________________________________________________________________________________________________

        240   7.696054   7031.417   2.440672   2.440672   1.997820   1.153883   0.000107   0.000896   0.242800  -3.167286   1064      0
 3.6767E+00   7.696054   1.117075 -17.486016   1.272905 -10.049960   0.843937   0.998536   0.000013   0.001400   0.071595      5
 1.1655E+09   2.374142   2.577016 -13.245320 -99.000000  -8.812367   0.000000   0.000017   0.000146   0.001357  0.000E+00    lg_XH_cntr

 Loading precomputed flux cube from:/home/njm/MESA/mesa/colors/data/stellar_models/Kurucz2003all//flux_cube.bin
 Loaded flux cube with dimensions:          76 x          11 x           9 x        1173
 Performing interpolation at target parameters...
 Interpolation complete
        241   7.699505   7041.684   2.421128   2.421128   1.997819   1.153883   0.000090   0.000896   0.242800  -3.150698   1062      0
 3.6038E+00   7.699505   1.116966 -17.316508   1.253288 -10.046903   0.843937   0.998554   0.000013   0.001400   0.071708      5
 1.1655E+09   2.386480   2.579332 -13.245320 -99.000000  -8.819577   0.000000   0.000017   0.000146   0.001357  0.000E+00    lg_XH_cntr

 Loading precomputed flux cube from:/home/njm/MESA/mesa/colors/data/stellar_models/Kurucz2003all//flux_cube.bin
 Loaded flux cube with dimensions:          76 x          11 x           9 x        1173
 Performing interpolation at target parameters...
 Interpolation complete
        242   7.702769   7049.903   2.399751   2.399751   1.997819   1.153883   0.000075   0.000896   0.242800  -3.134489   1063      0
 3.5291E+00   7.702769   1.117027 -17.156562   1.231828 -10.043867   0.843937   0.998568   0.000013   0.001400   0.071826      5
 1.1655E+09   2.398370   2.581479 -12.847380 -99.000000  -8.825604   0.000000   0.000017   0.000146   0.001357  0.000E+00    lg_XH_cntr

 Loading precomputed flux cube from:/home/njm/MESA/mesa/colors/data/stellar_models/Kurucz2003all//flux_cube.bin
 Loaded flux cube with dimensions:          76 x          11 x           9 x        1173
 Performing interpolation at target parameters...
 Interpolation complete
        243   7.705847   7056.336   2.374162   2.374162   1.997819   1.153882   0.000063   0.000895   0.242800  -3.118595   1062      0
 3.4548E+00   7.705847   1.117223 -17.005957   1.206139 -10.040918   0.843937   0.998580   0.000013   0.001400   0.071951      5
 1.1655E+09   2.409842   2.583457 -12.768199 -99.000000  -8.830573   0.000000   0.000017   0.000146   0.001357  0.000E+00    lg_XH_cntr

 Loading precomputed flux cube from:/home/njm/MESA/mesa/colors/data/stellar_models/Kurucz2003all//flux_cube.bin
 Loaded flux cube with dimensions:          76 x          11 x           9 x        1173
 Performing interpolation at target parameters...
 Interpolation complete
        244   7.708702   7061.278   2.348107   2.348107   1.997819   1.153882   0.000053   0.000895   0.242800  -3.103390   1060      0
 3.3805E+00   7.708702   1.117515 -16.866535   1.179974 -10.038083   0.843937   0.998590   0.000013   0.001400   0.072078      5
 1.1655E+09   2.420677   2.585256 -13.546350 -99.000000  -8.834622   0.000000   0.000018   0.000146   0.001357  0.000E+00    lg_XH_cntr

 Loading precomputed flux cube from:/home/njm/MESA/mesa/colors/data/stellar_models/Kurucz2003all//flux_cube.bin
 Loaded flux cube with dimensions:          76 x          11 x           9 x        1173
 Performing interpolation at target parameters...
 Interpolation complete
        245   7.711343   7065.033   2.319477   2.319477   1.997819   1.153882   0.000045   0.000895   0.242800  -3.088845   1058      0
 3.3091E+00   7.711343   1.117870 -16.737695   1.151215 -10.035410   0.843937   0.998598   0.000013   0.001400   0.072207      5
 1.1655E+09   2.430906   2.586890 -13.245320 -99.000000  -8.837917   0.000000   0.000018   0.000146   0.001357  0.000E+00    lg_XH_cntr

 Loading precomputed flux cube from:/home/njm/MESA/mesa/colors/data/stellar_models/Kurucz2003all//flux_cube.bin
 Loaded flux cube with dimensions:          76 x          11 x           9 x        1173
 Performing interpolation at target parameters...
 Interpolation complete
        246   7.713805   7067.865   2.286127   2.286127   1.997818   1.153882   0.000038   0.000895   0.242800  -3.074746   1061      0
 3.2429E+00   7.713805   1.118268 -16.617663   1.117707 -10.032907   0.843937   0.998606   0.000013   0.001400   0.072341      5
 1.1655E+09   2.440669   2.588384 -13.546350 -99.000000  -8.840615   0.000000   0.000018   0.000146   0.001357  0.000E+00    lg_XH_cntr

 Loading precomputed flux cube from:/home/njm/MESA/mesa/colors/data/stellar_models/Kurucz2003all//flux_cube.bin
 Loaded flux cube with dimensions:          76 x          11 x           9 x        1173
 Performing interpolation at target parameters...
 Interpolation complete
        247   7.716045   7069.925   2.255700   2.255700   1.997818   1.153882   0.000032   0.000895   0.242800  -3.061563   1061      0
 3.1739E+00   7.716045   1.118686 -16.508553   1.087119 -10.030557   0.843937   0.998611   0.000013   0.001400   0.072470      5
 1.1655E+09   2.449704   2.589724 -13.069229 -99.000000  -8.842781   0.000000   0.000018   0.000146   0.001357  0.000E+00    lg_XH_cntr

 Loading precomputed flux cube from:/home/njm/MESA/mesa/colors/data/stellar_models/Kurucz2003all//flux_cube.bin
 Loaded flux cube with dimensions:          76 x          11 x           9 x        1173
 Performing interpolation at target parameters...
 Interpolation complete
        248   7.718116   7071.415   2.219706   2.219706   1.997818   1.153882   0.000027   0.000895   0.242800  -3.048928   1056      0
 3.1128E+00   7.718116   1.119114 -16.407701   1.050922 -10.028397   0.843937   0.998616   0.000013   0.001400   0.072601      5
 1.1655E+09   2.458246   2.590946 -99.000000 -99.000000  -8.844551   0.000000   0.000018   0.000146   0.001357  0.000E+00    lg_XH_cntr

 Loading precomputed flux cube from:/home/njm/MESA/mesa/colors/data/stellar_models/Kurucz2003all//flux_cube.bin
 Loaded flux cube with dimensions:          76 x          11 x           9 x        1173
 Performing interpolation at target parameters...
 Interpolation complete
        249   7.720021   7072.455   2.185668   2.185668   1.997818   1.153881   0.000023   0.000895   0.242800  -3.036958   1056      0
 3.0550E+00   7.720021   1.119543 -16.314921   1.016670 -10.026389   0.843937   0.998620   0.000013   0.001400   0.072729      5
 1.1655E+09   2.466251   2.592061 -13.546350 -99.000000  -8.845996   0.000000   0.000018   0.000146   0.001357  0.000E+00    lg_XH_cntr

 Loading precomputed flux cube from:/home/njm/MESA/mesa/colors/data/stellar_models/Kurucz2003all//flux_cube.bin
 Loaded flux cube with dimensions:          76 x          11 x           9 x        1173
 Performing interpolation at target parameters...
 Interpolation complete

__________________________________________________________________________________________________________________________________________________

       step    lg_Tmax     Teff     lg_LH      lg_Lnuc_tot     Mass       H_rich     H_cntr     N_cntr     Y_surf   eta_cntr   zones  retry
  lg_dt_yrs    lg_Tcntr    lg_R     lg_L3a     lg_Lneu     lg_Mdot    He_core    He_cntr    O_cntr     Z_surf   gam_cntr   iters  
    age_yrs    lg_Dcntr    lg_L     lg_LZ      lg_Lphoto   lg_Dsurf   CO_core    C_cntr     Ne_cntr    Z_cntr   v_div_cs       dt_limit
__________________________________________________________________________________________________________________________________________________

        250   7.721774   7073.139   2.147351   2.147351   1.997818   1.153881   0.000020   0.000895   0.242800  -3.025547   1053      0
 2.9990E+00   7.721774   1.119968 -16.229506   0.978092 -10.024523   0.843937   0.998623   0.000013   0.001400   0.072857      5
 1.1655E+09   2.473786   2.593078 -99.000000 -99.000000  -8.847173   0.000000   0.000018   0.000146   0.001357  0.000E+00    lg_XH_cntr

save LOGS/profile6.data for model 250
 Loading precomputed flux cube from:/home/njm/MESA/mesa/colors/data/stellar_models/Kurucz2003all//flux_cube.bin
 Loaded flux cube with dimensions:          76 x          11 x           9 x        1173
 Performing interpolation at target parameters...
 Interpolation complete
save photos/x250 for model 250
        251   7.723391   7073.550   2.106385   2.106385   1.997818   1.153881   0.000017   0.000895   0.242800  -3.014630   1053      0
 2.9465E+00   7.723391   1.120383 -16.150667   0.936820 -10.022796   0.843937   0.998626   0.000013   0.001400   0.072984      5
 1.1655E+09   2.480902   2.594008 -13.847380 -99.000000  -8.848135   0.000000   0.000018   0.000146   0.001357  0.000E+00    lg_XH_cntr

 Loading precomputed flux cube from:/home/njm/MESA/mesa/colors/data/stellar_models/Kurucz2003all//flux_cube.bin
 Loaded flux cube with dimensions:          76 x          11 x           9 x        1173
 Performing interpolation at target parameters...
 Interpolation complete
        252   7.724851   7073.764   2.066917   2.066917   1.997818   1.153881   0.000015   0.000895   0.242800  -3.004434   1054      0
 2.8886E+00   7.724851   1.120778 -16.079365   0.897021 -10.021191   0.843937   0.998629   0.000013   0.001400   0.073107      5
 1.1655E+09   2.487472   2.594853 -99.000000 -99.000000  -8.848923   0.000000   0.000018   0.000146   0.001357  0.000E+00    lg_XH_cntr

 Loading precomputed flux cube from:/home/njm/MESA/mesa/colors/data/stellar_models/Kurucz2003all//flux_cube.bin
 Loaded flux cube with dimensions:          76 x          11 x           9 x        1173
 Performing interpolation at target parameters...
 Interpolation complete
        253   7.726185   7073.800   2.025981   2.025981   1.997818   1.153881   0.000013   0.000894   0.242800  -2.994811   1050      0
 2.8373E+00   7.726185   1.121156 -16.014175   0.855705 -10.019720   0.843937   0.998631   0.000013   0.001400   0.073227      5
 1.1655E+09   2.493605   2.595618 -13.847380 -99.000000  -8.849554   0.000000   0.000018   0.000146   0.001357  0.000E+00    lg_XH_cntr

 Loading precomputed flux cube from:/home/njm/MESA/mesa/colors/data/stellar_models/Kurucz2003all//flux_cube.bin
 Loaded flux cube with dimensions:          76 x          11 x           9 x        1173
 Performing interpolation at target parameters...
 Interpolation complete
        254   7.727409   7073.713   1.984604   1.984604   1.997818   1.153881   0.000011   0.000894   0.242800  -2.985669   1049      0
 2.7909E+00   7.727409   1.121518 -15.954224   0.813900 -10.018370   0.843937   0.998633   0.000013   0.001400   0.073345      5
 1.1655E+09   2.499366   2.596320 -13.847380 -99.000000  -8.850067   0.000000   0.000018   0.000146   0.001357  0.000E+00    lg_XH_cntr

 Loading precomputed flux cube from:/home/njm/MESA/mesa/colors/data/stellar_models/Kurucz2003all//flux_cube.bin
 Loaded flux cube with dimensions:          76 x          11 x           9 x        1173
 Performing interpolation at target parameters...
 Interpolation complete
        255   7.728531   7073.530   1.937708   1.937708   1.997818   1.153881   0.000009   0.000894   0.242800  -2.976940   1047      0
 2.7454E+00   7.728531   1.121863 -15.899140   0.766467 -10.017119   0.843937   0.998634   0.000013   0.001400   0.073462      5
 1.1655E+09   2.504795   2.596964 -99.000000 -99.000000  -8.850484   0.000000   0.000018   0.000146   0.001357  0.000E+00    lg_XH_cntr

 Loading precomputed flux cube from:/home/njm/MESA/mesa/colors/data/stellar_models/Kurucz2003all//flux_cube.bin
 Loaded flux cube with dimensions:          76 x          11 x           9 x        1173
 Performing interpolation at target parameters...
 Interpolation complete
        256   7.729539   7073.280   1.895252   1.895252   1.997818   1.153881   0.000008   0.000894   0.242800  -2.968828   1047      0
 2.6933E+00   7.729539   1.122184 -15.849588   0.723460 -10.015961   0.843937   0.998635   0.000013   0.001400   0.073573      5
 1.1655E+09   2.509785   2.597545 -13.370259 -99.000000  -8.850814   0.000000   0.000018   0.000146   0.001357  0.000E+00    lg_XH_cntr

 Loading precomputed flux cube from:/home/njm/MESA/mesa/colors/data/stellar_models/Kurucz2003all//flux_cube.bin
 Loaded flux cube with dimensions:          76 x          11 x           9 x        1173
 Performing interpolation at target parameters...
 Interpolation complete
        257   7.730449   7072.982   1.849108   1.849108   1.997817   1.153881   0.000007   0.000894   0.242800  -2.961213   1041      0
 2.6452E+00   7.730449   1.122484 -15.804679   0.676650 -10.014908   0.843937   0.998637   0.000013   0.001400   0.073681      5
 1.1655E+09   2.514417   2.598073 -99.000000 -99.000000  -8.851076   0.000000   0.000018   0.000146   0.001357  0.000E+00    lg_XH_cntr

 Loading precomputed flux cube from:/home/njm/MESA/mesa/colors/data/stellar_models/Kurucz2003all//flux_cube.bin
 Loaded flux cube with dimensions:          76 x          11 x           9 x        1173
 Performing interpolation at target parameters...
 Interpolation complete
        258   7.731274   7072.651   1.804500   1.804500   1.997817   1.153881   0.000006   0.000894   0.242800  -2.954043   1040      0
 2.6006E+00   7.731274   1.122767 -15.763870   0.631316 -10.013943   0.843937   0.998637   0.000013   0.001400   0.073785      5
 1.1655E+09   2.518727   2.598556 -13.449440 -99.000000  -8.851284   0.000000   0.000018   0.000146   0.001357  0.000E+00    lg_XH_cntr

 Loading precomputed flux cube from:/home/njm/MESA/mesa/colors/data/stellar_models/Kurucz2003all//flux_cube.bin
 Loaded flux cube with dimensions:          76 x          11 x           9 x        1173
 Performing interpolation at target parameters...
 Interpolation complete
        259   7.732014   7072.302   1.757318   1.757318   1.997817   1.153881   0.000005   0.000894   0.242800  -2.947337   1037      0
 2.5532E+00   7.732014   1.123029 -15.727106   0.583277 -10.013055   0.843937   0.998638   0.000013   0.001400   0.073885      5
 1.1655E+09   2.522711   2.598994 -13.847380 -99.000000  -8.851447   0.000000   0.000018   0.000146   0.001357  0.000E+00    lg_XH_cntr

 Loading precomputed flux cube from:/home/njm/MESA/mesa/colors/data/stellar_models/Kurucz2003all//flux_cube.bin
 Loaded flux cube with dimensions:          76 x          11 x           9 x        1173
 Performing interpolation at target parameters...
 Interpolation complete

__________________________________________________________________________________________________________________________________________________

       step    lg_Tmax     Teff     lg_LH      lg_Lnuc_tot     Mass       H_rich     H_cntr     N_cntr     Y_surf   eta_cntr   zones  retry
  lg_dt_yrs    lg_Tcntr    lg_R     lg_L3a     lg_Lneu     lg_Mdot    He_core    He_cntr    O_cntr     Z_surf   gam_cntr   iters  
    age_yrs    lg_Dcntr    lg_L     lg_LZ      lg_Lphoto   lg_Dsurf   CO_core    C_cntr     Ne_cntr    Z_cntr   v_div_cs       dt_limit
__________________________________________________________________________________________________________________________________________________

        260   7.732673   7071.947   1.712557   1.712557   1.997817   1.153881   0.000004   0.000894   0.242800  -2.941107   1044      0
 2.5052E+00   7.732673   1.123271 -15.694210   0.537599 -10.012244   0.843937   0.998639   0.000013   0.001400   0.073980      5
 1.1655E+09   2.526369   2.599391 -99.000000 -99.000000  -8.851574   0.000000   0.000019   0.000146   0.001357  0.000E+00    lg_XH_cntr

 Loading precomputed flux cube from:/home/njm/MESA/mesa/colors/data/stellar_models/Kurucz2003all//flux_cube.bin
 Loaded flux cube with dimensions:          76 x          11 x           9 x        1173
 Performing interpolation at target parameters...
 Interpolation complete
        261   7.733260   7071.593   1.665516   1.665516   1.997817   1.153881   0.000004   0.000894   0.242800  -2.935317   1040      0
 2.4568E+00   7.733260   1.123493 -15.664798   0.489479 -10.011505   0.843937   0.998640   0.000013   0.001400   0.074071      5
 1.1655E+09   2.529730   2.599749 -13.671289 -99.000000  -8.851670   0.000000   0.000019   0.000146   0.001357  0.000E+00    lg_XH_cntr

 Loading precomputed flux cube from:/home/njm/MESA/mesa/colors/data/stellar_models/Kurucz2003all//flux_cube.bin
 Loaded flux cube with dimensions:          76 x          11 x           9 x        1173
 Performing interpolation at target parameters...
 Interpolation complete
        262   7.733776   7071.249   1.620320   1.620320   1.997817   1.153881   0.000003   0.000894   0.242800  -2.929983   1038      0
 2.4062E+00   7.733776   1.123696 -15.638804   0.443117 -10.010836   0.843937   0.998640   0.000013   0.001400   0.074157      5
 1.1655E+09   2.532787   2.600070 -13.671289 -99.000000  -8.851742   0.000000   0.000019   0.000146   0.001357  0.000E+00    lg_XH_cntr

 Loading precomputed flux cube from:/home/njm/MESA/mesa/colors/data/stellar_models/Kurucz2003all//flux_cube.bin
 Loaded flux cube with dimensions:          76 x          11 x           9 x        1173
 Performing interpolation at target parameters...
 Interpolation complete
        263   7.734223   7070.923   1.578026   1.578026   1.997817   1.153881   0.000003   0.000894   0.242800  -2.925143   1037      0
 2.3502E+00   7.734223   1.123878 -15.616096   0.399603 -10.010232   0.843937   0.998641   0.000013   0.001400   0.074237      5
 1.1655E+09   2.535531   2.600354 -13.148410 -99.000000  -8.851795   0.000000   0.000019   0.000146   0.001357  0.000E+00    lg_XH_cntr

 Loading precomputed flux cube from:/home/njm/MESA/mesa/colors/data/stellar_models/Kurucz2003all//flux_cube.bin
 Loaded flux cube with dimensions:          76 x          11 x           9 x        1173
 Performing interpolation at target parameters...
 Interpolation complete
        264   7.734617   7070.616   1.538073   1.538073   1.997817   1.153881   0.000002   0.000894   0.242800  -2.920708   1033      0
 2.2996E+00   7.734617   1.124043 -15.596008   0.358367 -10.009696   0.843937   0.998641   0.000013   0.001400   0.074312      5
 1.1655E+09   2.538020   2.600609 -13.303312 -99.000000  -8.851834   0.000000   0.000019   0.000146   0.001357  0.000E+00    lg_XH_cntr

 Loading precomputed flux cube from:/home/njm/MESA/mesa/colors/data/stellar_models/Kurucz2003all//flux_cube.bin
 Loaded flux cube with dimensions:          76 x          11 x           9 x        1173
 Performing interpolation at target parameters...
 Interpolation complete
        265   7.734960   7070.324   1.500126   1.500126   1.997817   1.153881   0.000002   0.000894   0.242800  -2.916629   1034      0
 2.2510E+00   7.734960   1.124193 -15.578371   0.319075 -10.009214   0.843937   0.998641   0.000013   0.001400   0.074382      5
 1.1655E+09   2.540279   2.600837 -13.750470 -99.000000  -8.851860   0.000000   0.000019   0.000146   0.001357  0.000E+00    lg_XH_cntr

 Loading precomputed flux cube from:/home/njm/MESA/mesa/colors/data/stellar_models/Kurucz2003all//flux_cube.bin
 Loaded flux cube with dimensions:          76 x          11 x           9 x        1173
 Performing interpolation at target parameters...
 Interpolation complete
        266   7.735260   7070.053   1.464307   1.464307   1.997817   1.153881   0.000002   0.000894   0.242800  -2.912899   1031      0
 2.2003E+00   7.735260   1.124329 -15.562813   0.281858 -10.008779   0.843937   0.998642   0.000013   0.001400   0.074447      5
 1.1655E+09   2.542324   2.601042 -13.245320 -99.000000  -8.851879   0.000000   0.000019   0.000146   0.001357  0.000E+00    lg_XH_cntr

 Loading precomputed flux cube from:/home/njm/MESA/mesa/colors/data/stellar_models/Kurucz2003all//flux_cube.bin
 Loaded flux cube with dimensions:          76 x          11 x           9 x        1173
 Performing interpolation at target parameters...
 Interpolation complete
        267   7.735515   7069.810   1.432006   1.432006   1.997817   1.153881   0.000001   0.000894   0.242800  -2.909539   1030      0
 2.1432E+00   7.735515   1.124449 -15.549392   0.248177 -10.008390   0.843937   0.998642   0.000013   0.001400   0.074508      5
 1.1655E+09   2.544145   2.601223 -13.495197 -99.000000  -8.851893   0.000000   0.000019   0.000146   0.001357  0.000E+00    lg_XH_cntr

 Loading precomputed flux cube from:/home/njm/MESA/mesa/colors/data/stellar_models/Kurucz2003all//flux_cube.bin
 Loaded flux cube with dimensions:          76 x          11 x           9 x        1173
 Performing interpolation at target parameters...
 Interpolation complete
        268   7.735728   7069.588   1.404303   1.404303   1.997817   1.153881   0.000001   0.000894   0.242800  -2.906559   1030      0
 2.0807E+00   7.735728   1.124554 -15.538055   0.219192 -10.008045   0.843937   0.998642   0.000013   0.001400   0.074562      5
 1.1655E+09   2.545738   2.601379 -13.750470 -99.000000  -8.851899   0.000000   0.000019   0.000146   0.001357  0.000E+00    lg_XH_cntr

 Loading precomputed flux cube from:/home/njm/MESA/mesa/colors/data/stellar_models/Kurucz2003all//flux_cube.bin
 Loaded flux cube with dimensions:          76 x          11 x           9 x        1173
 Performing interpolation at target parameters...
 Interpolation complete
        269   7.735910   7069.389   1.380161   1.380161   1.997817   1.153881   0.000001   0.000894   0.242800  -2.903899   1027      0
 2.0203E+00   7.735910   1.124647 -15.528235   0.193849 -10.007745   0.843937   0.998642   0.000013   0.001400   0.074612      5
 1.1655E+09   2.547147   2.601515 -13.370259 -99.000000  -8.851901   0.000000   0.000019   0.000146   0.001357  0.000E+00    lg_XH_cntr

 Loading precomputed flux cube from:/home/njm/MESA/mesa/colors/data/stellar_models/Kurucz2003all//flux_cube.bin
 Loaded flux cube with dimensions:          76 x          11 x           9 x        1173
 Performing interpolation at target parameters...
 Interpolation complete

stop because have dropped below central lower limit for h1
    0.8649209169E-06    0.1000000000E-05


__________________________________________________________________________________________________________________________________________________

       step    lg_Tmax     Teff     lg_LH      lg_Lnuc_tot     Mass       H_rich     H_cntr     N_cntr     Y_surf   eta_cntr   zones  retry
  lg_dt_yrs    lg_Tcntr    lg_R     lg_L3a     lg_Lneu     lg_Mdot    He_core    He_cntr    O_cntr     Z_surf   gam_cntr   iters  
    age_yrs    lg_Dcntr    lg_L     lg_LZ      lg_Lphoto   lg_Dsurf   CO_core    C_cntr     Ne_cntr    Z_cntr   v_div_cs       dt_limit
__________________________________________________________________________________________________________________________________________________

        270   7.736059   7069.214   1.360155   1.360155   1.997817   1.153881   0.000001   0.000894   0.242800  -2.901555   1026      0
 1.9550E+00   7.736059   1.124727 -15.519966   0.172785 -10.007484   0.843937   0.998643   0.000013   0.001400   0.074657      5
 1.1655E+09   2.548373   2.601633 -13.449440 -99.000000  -8.851901   0.000000   0.000019   0.000146   0.001357  0.000E+00    lg_XH_cntr

save LOGS/profile7.data for model 270
 Loading precomputed flux cube from:/home/njm/MESA/mesa/colors/data/stellar_models/Kurucz2003all//flux_cube.bin
 Loaded flux cube with dimensions:          76 x          11 x           9 x        1173
 Performing interpolation at target parameters...
 Interpolation complete
                                         solver retries           1

                                    varcontrol dt limit          64
                                  max increase dt limit         208
                                        lgTeff dt limit          23
                                    lgRho_cntr dt limit          25
                                    lg_XH_cntr dt limit          63
                                      XHe_cntr dt limit          52

 model saved to M2_Z0.0014_exponential_fov0.10_f00.005.mod
save photos/x270 for model 270
termination code: xa_central_lower_limit
pause_before_terminate: hit RETURN to continue
finished custom colors
__________________________________________________________________________________________________________________________________________________

       step    lg_Tmax     Teff     lg_LH      lg_Lnuc_tot     Mass       H_rich     H_cntr     N_cntr     Y_surf   eta_cntr   zones  retry
  lg_dt_yrs    lg_Tcntr    lg_R     lg_L3a     lg_Lneu     lg_Mdot    He_core    He_cntr    O_cntr     Z_surf   gam_cntr   iters  
    age_yrs    lg_Dcntr    lg_L     lg_LZ      lg_Lphoto   lg_Dsurf   CO_core    C_cntr     Ne_cntr    Z_cntr   v_div_cs       dt_limit
__________________________________________________________________________________________________________________________________________________

        270   7.736059   7069.214   1.360155   1.360155   1.997817   1.153881   0.000001   0.000894   0.242800  -2.901555   1026      0
 1.9550E+00   7.736059   1.124727 -15.519966   0.172785 -10.007484   0.843937   0.998643   0.000013   0.001400   0.074657      5
 1.1655E+09   2.548373   2.601633 -13.449440 -99.000000  -8.851901   0.000000   0.000019   0.000146   0.001357  0.000E+00  max increase

